/* Generated by tools/bake-deep-chart.ps1. Starless, authored galaxy light. */
static const unsigned short chart_nebula[256][512]={
{0x0021,0x0021,0x0021,0x0021,0x0021,0x0021,0x0021,0x0021,0x0021,0x0021,0x0021,0x0021,0x0021,0x0021,0x0021,0x0021,
0x0021,0x0021,0x0021,0x0021,0x0021,0x0021,0x0021,0x0021,0x0021,0x0021,0x0021,0x0021,0x0021,0x0021,0x0021,0x0021,
0x0021,0x0021,0x0021,0x0021,0x0021,0x0021,0x0021,0x0021,0x0021,0x0021,0x0021,0x0021,0x0021,0x0021,0x0021,0x0021,
0x0021,0x0021,0x0021,0x0021,0x0021,0x0021,0x0021,0x0021,0x0021,0x0021,0x0021,0x0021,0x0021,0x0021,0x0021,0x0021,
0x0021,0x0021,0x0021,0x0021,0x0021,0x0021,0x0021,0x0021,0x0021,0x0021,0x0021,0x0021,0x0021,0x0021,0x0021,0x0021,
0x0021,0x0021,0x0021,0x0021,0x0021,0x0021,0x0021,0x0021,0x0021,0x0021,0x0021,0x0021,0x0021,0x0021,0x0021,0x0021,
0x0021,0x0021,0x0021,0x0021,0x0021,0x0021,0x0021,0x0021,0x0021,0x0021,0x0021,0x0021,0x0021,0x0021,0x0021,0x0021,
0x0021,0x0021,0x0021,0x0021,0x0021,0x0021,0x0021,0x0021,0x0021,0x0021,0x0021,0x0021,0x0021,0x0021,0x0021,0x0021,
0x0021,0x0021,0x0021,0x0021,0x0021,0x0021,0x0021,0x0021,0x0021,0x0021,0x0021,0x0021,0x0021,0x0021,0x0021,0x0021,
0x0021,0x0021,0x0021,0x0021,0x0021,0x0021,0x0021,0x0021,0x0021,0x0021,0x0021,0x0021,0x0021,0x0021,0x0021,0x0021,
0x0021,0x0021,0x0021,0x0021,0x0021,0x0021,0x0021,0x0021,0x0021,0x0021,0x0021,0x0021,0x0021,0x0021,0x0021,0x0021,
0x0021,0x0021,0x0021,0x0021,0x0021,0x0021,0x0021,0x0021,0x0021,0x0021,0x0021,0x0021,0x0021,0x0021,0x0021,0x0021,
0x0021,0x0021,0x0021,0x0021,0x0021,0x0021,0x0021,0x0021,0x0021,0x0021,0x0021,0x0021,0x0021,0x0021,0x0021,0x0021,
0x0021,0x0021,0x0021,0x0021,0x0021,0x0021,0x0021,0x0021,0x0021,0x0021,0x0021,0x0021,0x0021,0x0021,0x0021,0x0021,
0x0021,0x0021,0x0021,0x0021,0x0021,0x0021,0x0021,0x0021,0x0021,0x0021,0x0021,0x0021,0x0021,0x0021,0x0021,0x0021,
0x0021,0x0021,0x0021,0x0021,0x0021,0x0021,0x0021,0x0021,0x0021,0x0021,0x0021,0x0021,0x0021,0x0021,0x0021,0x0021,
0x0021,0x0021,0x0021,0x0021,0x0021,0x0021,0x0021,0x0021,0x0021,0x0021,0x0021,0x0021,0x0021,0x0021,0x0021,0x0021,
0x0021,0x0021,0x0021,0x0021,0x0021,0x0021,0x0021,0x0021,0x0021,0x0021,0x0021,0x0021,0x0021,0x0021,0x0021,0x0021,
0x0021,0x0021,0x0021,0x0021,0x0021,0x0021,0x0021,0x0021,0x0021,0x0021,0x0021,0x0021,0x0021,0x0021,0x0021,0x0021,
0x0021,0x0021,0x0021,0x0021,0x0021,0x0021,0x0021,0x0021,0x0021,0x0021,0x0021,0x0021,0x0021,0x0021,0x0021,0x0021,
0x0021,0x0021,0x0021,0x0021,0x0021,0x0021,0x0021,0x0021,0x0021,0x0021,0x0021,0x0021,0x0021,0x0021,0x0021,0x0021,
0x0021,0x0021,0x0021,0x0021,0x0021,0x0021,0x0021,0x0021,0x0021,0x0021,0x0021,0x0021,0x0021,0x0021,0x0021,0x0021,
0x0021,0x0021,0x0021,0x0021,0x0021,0x0021,0x0021,0x0021,0x0021,0x0021,0x0021,0x0021,0x0021,0x0021,0x0021,0x0021,
0x0021,0x0021,0x0021,0x0021,0x0021,0x0021,0x0021,0x0021,0x0021,0x0021,0x0021,0x0021,0x0021,0x0021,0x0021,0x0021,
0x0021,0x0021,0x0021,0x0021,0x0021,0x0021,0x0021,0x0021,0x0021,0x0021,0x0021,0x0021,0x0021,0x0021,0x0021,0x0021,
0x0021,0x0021,0x0021,0x0021,0x0021,0x0021,0x0021,0x0021,0x0021,0x0021,0x0021,0x0021,0x0021,0x0021,0x0021,0x0021,
0x0021,0x0021,0x0021,0x0021,0x0021,0x0021,0x0021,0x0021,0x0021,0x0021,0x0021,0x0021,0x0021,0x0021,0x0021,0x0021,
0x0021,0x0021,0x0021,0x0021,0x0021,0x0021,0x0021,0x0021,0x0021,0x0021,0x0021,0x0021,0x0021,0x0021,0x0021,0x0021,
0x0021,0x0021,0x0021,0x0021,0x0021,0x0021,0x0021,0x0021,0x0021,0x0021,0x0021,0x0021,0x0021,0x0021,0x0021,0x0021,
0x0021,0x0021,0x0021,0x0021,0x0021,0x0021,0x0021,0x0021,0x0021,0x0021,0x0021,0x0021,0x0021,0x0021,0x0021,0x0021,
0x0021,0x0021,0x0021,0x0021,0x0021,0x0021,0x0021,0x0021,0x0021,0x0021,0x0021,0x0021,0x0021,0x0021,0x0021,0x0021,
0x0021,0x0021,0x0021,0x0021,0x0021,0x0021,0x0021,0x0021,0x0021,0x0021,0x0021,0x0021,0x0021,0x0021,0x0021,0x0021,
},
{0x0021,0x0021,0x0021,0x0021,0x0021,0x0021,0x0021,0x0021,0x0021,0x0021,0x0021,0x0021,0x0021,0x0021,0x0021,0x0021,
0x0021,0x0021,0x0021,0x0021,0x0021,0x0021,0x0021,0x0021,0x0021,0x0021,0x0021,0x0021,0x0021,0x0021,0x0021,0x0021,
0x0021,0x0021,0x0021,0x0021,0x0021,0x0021,0x0021,0x0021,0x0021,0x0021,0x0021,0x0021,0x0021,0x0021,0x0021,0x0021,
0x0021,0x0021,0x0021,0x0021,0x0021,0x0021,0x0021,0x0021,0x0021,0x0021,0x0021,0x0021,0x0021,0x0021,0x0021,0x0021,
0x0021,0x0021,0x0021,0x0021,0x0021,0x0021,0x0021,0x0021,0x0021,0x0021,0x0021,0x0021,0x0021,0x0021,0x0021,0x0021,
0x0021,0x0021,0x0021,0x0021,0x0021,0x0021,0x0021,0x0021,0x0021,0x0021,0x0021,0x0021,0x0021,0x0021,0x0021,0x0021,
0x0021,0x0021,0x0021,0x0021,0x0021,0x0021,0x0021,0x0021,0x0021,0x0021,0x0021,0x0021,0x0021,0x0021,0x0021,0x0021,
0x0021,0x0021,0x0021,0x0021,0x0021,0x0021,0x0021,0x0021,0x0021,0x0021,0x0021,0x0021,0x0021,0x0021,0x0021,0x0021,
0x0021,0x0021,0x0021,0x0021,0x0021,0x0021,0x0021,0x0021,0x0021,0x0021,0x0021,0x0021,0x0021,0x0021,0x0021,0x0021,
0x0021,0x0021,0x0021,0x0021,0x0021,0x0021,0x0021,0x0021,0x0021,0x0021,0x0021,0x0021,0x0021,0x0021,0x0021,0x0021,
0x0021,0x0021,0x0021,0x0021,0x0021,0x0021,0x0021,0x0021,0x0021,0x0021,0x0021,0x0021,0x0021,0x0021,0x0021,0x0021,
0x0021,0x0021,0x0021,0x0021,0x0021,0x0021,0x0021,0x0021,0x0021,0x0021,0x0021,0x0021,0x0021,0x0021,0x0021,0x0021,
0x0021,0x0021,0x0021,0x0021,0x0021,0x0021,0x0021,0x0021,0x0021,0x0021,0x0021,0x0021,0x0021,0x0021,0x0021,0x0021,
0x0021,0x0021,0x0021,0x0021,0x0021,0x0021,0x0021,0x0021,0x0021,0x0021,0x0021,0x0021,0x0021,0x0021,0x0021,0x0021,
0x0021,0x0021,0x0021,0x0021,0x0021,0x0021,0x0021,0x0021,0x0021,0x0021,0x0021,0x0021,0x0021,0x0021,0x0021,0x0021,
0x0021,0x0021,0x0021,0x0021,0x0021,0x0021,0x0021,0x0021,0x0021,0x0021,0x0021,0x0021,0x0021,0x0021,0x0021,0x0021,
0x0021,0x0021,0x0021,0x0021,0x0021,0x0021,0x0021,0x0021,0x0021,0x0021,0x0021,0x0021,0x0021,0x0021,0x0021,0x0021,
0x0021,0x0021,0x0021,0x0021,0x0021,0x0021,0x0021,0x0021,0x0021,0x0021,0x0021,0x0021,0x0021,0x0021,0x0021,0x0021,
0x0021,0x0021,0x0021,0x0021,0x0021,0x0021,0x0021,0x0021,0x0021,0x0021,0x0021,0x0021,0x0021,0x0021,0x0021,0x0021,
0x0021,0x0021,0x0021,0x0021,0x0021,0x0021,0x0021,0x0021,0x0021,0x0021,0x0021,0x0021,0x0021,0x0021,0x0021,0x0021,
0x0021,0x0021,0x0021,0x0021,0x0021,0x0021,0x0021,0x0021,0x0021,0x0021,0x0021,0x0021,0x0021,0x0021,0x0021,0x0021,
0x0021,0x0021,0x0021,0x0021,0x0021,0x0021,0x0021,0x0021,0x0021,0x0021,0x0021,0x0021,0x0021,0x0021,0x0021,0x0021,
0x0021,0x0021,0x0021,0x0021,0x0021,0x0021,0x0021,0x0021,0x0021,0x0021,0x0021,0x0021,0x0021,0x0021,0x0021,0x0021,
0x0021,0x0021,0x0021,0x0021,0x0021,0x0021,0x0021,0x0021,0x0021,0x0021,0x0021,0x0021,0x0021,0x0021,0x0021,0x0021,
0x0021,0x0021,0x0021,0x0021,0x0021,0x0021,0x0021,0x0021,0x0021,0x0021,0x0021,0x0021,0x0021,0x0021,0x0021,0x0021,
0x0021,0x0021,0x0021,0x0021,0x0021,0x0021,0x0021,0x0021,0x0021,0x0021,0x0021,0x0021,0x0021,0x0021,0x0021,0x0021,
0x0021,0x0021,0x0021,0x0021,0x0021,0x0021,0x0021,0x0021,0x0021,0x0021,0x0021,0x0021,0x0021,0x0021,0x0021,0x0021,
0x0021,0x0021,0x0021,0x0021,0x0021,0x0021,0x0021,0x0021,0x0021,0x0021,0x0021,0x0021,0x0021,0x0021,0x0021,0x0021,
0x0021,0x0021,0x0021,0x0021,0x0021,0x0021,0x0021,0x0021,0x0021,0x0021,0x0021,0x0021,0x0021,0x0021,0x0021,0x0021,
0x0021,0x0021,0x0021,0x0021,0x0021,0x0021,0x0021,0x0021,0x0021,0x0021,0x0021,0x0021,0x0021,0x0021,0x0021,0x0021,
0x0021,0x0021,0x0021,0x0021,0x0021,0x0021,0x0021,0x0021,0x0021,0x0021,0x0021,0x0021,0x0021,0x0021,0x0021,0x0021,
0x0021,0x0021,0x0021,0x0021,0x0021,0x0021,0x0021,0x0021,0x0021,0x0021,0x0021,0x0021,0x0021,0x0021,0x0021,0x0021,
},
{0x0021,0x0021,0x0021,0x0021,0x0021,0x0021,0x0021,0x0021,0x0021,0x0021,0x0021,0x0021,0x0021,0x0021,0x0021,0x0021,
0x0021,0x0021,0x0021,0x0021,0x0021,0x0021,0x0021,0x0021,0x0021,0x0021,0x0021,0x0021,0x0021,0x0021,0x0021,0x0021,
0x0021,0x0021,0x0021,0x0021,0x0021,0x0021,0x0021,0x0021,0x0021,0x0021,0x0021,0x0021,0x0021,0x0021,0x0021,0x0021,
0x0021,0x0021,0x0021,0x0021,0x0021,0x0021,0x0021,0x0021,0x0021,0x0021,0x0021,0x0021,0x0021,0x0021,0x0021,0x0021,
0x0021,0x0021,0x0021,0x0021,0x0021,0x0021,0x0021,0x0021,0x0021,0x0021,0x0021,0x0021,0x0021,0x0021,0x0021,0x0021,
0x0021,0x0021,0x0021,0x0021,0x0021,0x0021,0x0021,0x0021,0x0021,0x0021,0x0021,0x0021,0x0021,0x0021,0x0021,0x0021,
0x0021,0x0021,0x0021,0x0021,0x0021,0x0021,0x0021,0x0021,0x0021,0x0021,0x0021,0x0021,0x0021,0x0021,0x0021,0x0021,
0x0021,0x0021,0x0021,0x0021,0x0021,0x0021,0x0021,0x0021,0x0021,0x0021,0x0021,0x0021,0x0021,0x0021,0x0021,0x0021,
0x0021,0x0021,0x0021,0x0021,0x0021,0x0021,0x0021,0x0021,0x0021,0x0021,0x0021,0x0021,0x0021,0x0021,0x0021,0x0021,
0x0021,0x0021,0x0021,0x0021,0x0021,0x0021,0x0021,0x0021,0x0021,0x0021,0x0021,0x0021,0x0021,0x0021,0x0021,0x0021,
0x0021,0x0021,0x0021,0x0021,0x0021,0x0021,0x0021,0x0021,0x0021,0x0021,0x0021,0x0021,0x0021,0x0021,0x0021,0x0021,
0x0021,0x0021,0x0021,0x0021,0x0021,0x0021,0x0021,0x0021,0x0021,0x0021,0x0021,0x0021,0x0021,0x0021,0x0021,0x0021,
0x0021,0x0021,0x0021,0x0021,0x0021,0x0021,0x0021,0x0021,0x0021,0x0021,0x0021,0x0021,0x0021,0x0021,0x0021,0x0021,
0x0021,0x0021,0x0021,0x0021,0x0021,0x0021,0x0021,0x0021,0x0021,0x0021,0x0021,0x0021,0x0021,0x0021,0x0021,0x0021,
0x0021,0x0021,0x0021,0x0021,0x0021,0x0021,0x0021,0x0021,0x0021,0x0021,0x0021,0x0021,0x0021,0x0021,0x0021,0x0021,
0x0021,0x0021,0x0021,0x0021,0x0021,0x0021,0x0021,0x0021,0x0021,0x0021,0x0021,0x0021,0x0021,0x0021,0x0021,0x0021,
0x0021,0x0021,0x0021,0x0021,0x0021,0x0021,0x0021,0x0021,0x0021,0x0021,0x0021,0x0021,0x0021,0x0021,0x0021,0x0021,
0x0021,0x0021,0x0021,0x0021,0x0021,0x0021,0x0021,0x0021,0x0021,0x0021,0x0021,0x0021,0x0021,0x0021,0x0021,0x0021,
0x0021,0x0021,0x0021,0x0021,0x0021,0x0021,0x0021,0x0021,0x0021,0x0021,0x0021,0x0021,0x0021,0x0021,0x0021,0x0021,
0x0021,0x0021,0x0021,0x0021,0x0021,0x0021,0x0021,0x0021,0x0021,0x0021,0x0021,0x0021,0x0021,0x0021,0x0021,0x0021,
0x0021,0x0021,0x0021,0x0021,0x0021,0x0021,0x0021,0x0021,0x0021,0x0021,0x0021,0x0021,0x0021,0x0021,0x0021,0x0021,
0x0021,0x0021,0x0021,0x0021,0x0021,0x0021,0x0021,0x0021,0x0021,0x0021,0x0021,0x0021,0x0021,0x0021,0x0021,0x0021,
0x0021,0x0021,0x0021,0x0021,0x0021,0x0021,0x0021,0x0021,0x0021,0x0021,0x0021,0x0021,0x0021,0x0021,0x0021,0x0021,
0x0021,0x0021,0x0021,0x0021,0x0021,0x0021,0x0021,0x0021,0x0021,0x0021,0x0021,0x0021,0x0021,0x0021,0x0021,0x0021,
0x0021,0x0021,0x0021,0x0021,0x0021,0x0021,0x0021,0x0021,0x0021,0x0021,0x0021,0x0021,0x0021,0x0021,0x0021,0x0021,
0x0021,0x0021,0x0021,0x0021,0x0021,0x0021,0x0021,0x0021,0x0021,0x0021,0x0021,0x0021,0x0021,0x0021,0x0021,0x0021,
0x0021,0x0021,0x0021,0x0021,0x0021,0x0021,0x0021,0x0021,0x0021,0x0021,0x0021,0x0021,0x0021,0x0021,0x0021,0x0021,
0x0021,0x0021,0x0021,0x0021,0x0021,0x0021,0x0021,0x0021,0x0021,0x0021,0x0021,0x0021,0x0021,0x0021,0x0021,0x0021,
0x0021,0x0021,0x0021,0x0021,0x0021,0x0021,0x0021,0x0021,0x0021,0x0021,0x0021,0x0021,0x0021,0x0021,0x0021,0x0021,
0x0021,0x0021,0x0021,0x0021,0x0021,0x0021,0x0021,0x0021,0x0021,0x0021,0x0021,0x0021,0x0021,0x0021,0x0021,0x0021,
0x0021,0x0021,0x0021,0x0021,0x0021,0x0021,0x0021,0x0021,0x0021,0x0021,0x0021,0x0021,0x0021,0x0021,0x0021,0x0021,
0x0021,0x0021,0x0021,0x0021,0x0021,0x0021,0x0021,0x0021,0x0021,0x0021,0x0021,0x0021,0x0021,0x0021,0x0021,0x0021,
},
{0x0021,0x0021,0x0021,0x0021,0x0021,0x0021,0x0021,0x0021,0x0021,0x0021,0x0021,0x0021,0x0021,0x0021,0x0021,0x0021,
0x0021,0x0021,0x0021,0x0021,0x0021,0x0021,0x0021,0x0021,0x0021,0x0021,0x0021,0x0021,0x0021,0x0021,0x0021,0x0021,
0x0021,0x0021,0x0021,0x0021,0x0021,0x0021,0x0021,0x0021,0x0021,0x0021,0x0021,0x0021,0x0021,0x0021,0x0021,0x0021,
0x0021,0x0021,0x0021,0x0021,0x0021,0x0021,0x0021,0x0021,0x0021,0x0021,0x0021,0x0021,0x0021,0x0021,0x0021,0x0021,
0x0021,0x0021,0x0021,0x0021,0x0021,0x0021,0x0021,0x0021,0x0021,0x0021,0x0021,0x0021,0x0021,0x0021,0x0021,0x0021,
0x0021,0x0021,0x0021,0x0021,0x0021,0x0021,0x0021,0x0021,0x0021,0x0021,0x0021,0x0021,0x0021,0x0021,0x0021,0x0021,
0x0021,0x0021,0x0021,0x0021,0x0021,0x0021,0x0021,0x0021,0x0021,0x0021,0x0021,0x0021,0x0021,0x0021,0x0021,0x0021,
0x0021,0x0021,0x0021,0x0021,0x0021,0x0021,0x0021,0x0021,0x0021,0x0021,0x0021,0x0021,0x0021,0x0021,0x0021,0x0021,
0x0021,0x0021,0x0021,0x0021,0x0021,0x0021,0x0021,0x0021,0x0021,0x0021,0x0021,0x0021,0x0021,0x0021,0x0021,0x0021,
0x0021,0x0021,0x0021,0x0021,0x0021,0x0021,0x0021,0x0021,0x0021,0x0021,0x0021,0x0021,0x0021,0x0021,0x0021,0x0021,
0x0021,0x0021,0x0021,0x0021,0x0021,0x0021,0x0021,0x0021,0x0021,0x0021,0x0021,0x0021,0x0021,0x0021,0x0021,0x0021,
0x0021,0x0021,0x0021,0x0021,0x0021,0x0021,0x0021,0x0021,0x0021,0x0021,0x0021,0x0021,0x0021,0x0021,0x0021,0x0021,
0x0021,0x0021,0x0021,0x0021,0x0021,0x0021,0x0021,0x0021,0x0021,0x0021,0x0021,0x0021,0x0021,0x0021,0x0021,0x0021,
0x0021,0x0021,0x0021,0x0021,0x0021,0x0021,0x0021,0x0021,0x0021,0x0021,0x0021,0x0021,0x0021,0x0021,0x0021,0x0021,
0x0021,0x0021,0x0021,0x0021,0x0021,0x0021,0x0021,0x0021,0x0021,0x0021,0x0021,0x0021,0x0021,0x0021,0x0021,0x0021,
0x0021,0x0021,0x0021,0x0021,0x0021,0x0021,0x0021,0x0021,0x0021,0x0021,0x0021,0x0021,0x0021,0x0021,0x0021,0x0021,
0x0021,0x0021,0x0021,0x0021,0x0021,0x0021,0x0021,0x0021,0x0021,0x0021,0x0021,0x0021,0x0021,0x0021,0x0021,0x0021,
0x0021,0x0021,0x0021,0x0021,0x0021,0x0021,0x0021,0x0021,0x0021,0x0021,0x0021,0x0021,0x0021,0x0021,0x0021,0x0021,
0x0021,0x0021,0x0021,0x0021,0x0021,0x0021,0x0021,0x0021,0x0021,0x0021,0x0021,0x0021,0x0021,0x0021,0x0021,0x0021,
0x0021,0x0021,0x0021,0x0021,0x0021,0x0021,0x0021,0x0021,0x0021,0x0021,0x0021,0x0021,0x0021,0x0021,0x0021,0x0021,
0x0021,0x0021,0x0021,0x0021,0x0021,0x0021,0x0021,0x0021,0x0021,0x0021,0x0021,0x0021,0x0021,0x0021,0x0021,0x0021,
0x0021,0x0021,0x0021,0x0021,0x0021,0x0021,0x0021,0x0021,0x0021,0x0021,0x0021,0x0021,0x0021,0x0021,0x0021,0x0021,
0x0021,0x0021,0x0021,0x0021,0x0021,0x0021,0x0021,0x0021,0x0021,0x0021,0x0021,0x0021,0x0021,0x0021,0x0021,0x0021,
0x0021,0x0021,0x0021,0x0021,0x0021,0x0021,0x0021,0x0021,0x0021,0x0021,0x0021,0x0021,0x0021,0x0021,0x0021,0x0021,
0x0021,0x0021,0x0021,0x0021,0x0021,0x0021,0x0021,0x0021,0x0021,0x0021,0x0021,0x0021,0x0021,0x0021,0x0021,0x0021,
0x0021,0x0021,0x0021,0x0021,0x0021,0x0021,0x0021,0x0021,0x0021,0x0021,0x0021,0x0021,0x0021,0x0021,0x0021,0x0021,
0x0021,0x0021,0x0021,0x0021,0x0021,0x0021,0x0021,0x0021,0x0021,0x0021,0x0021,0x0021,0x0021,0x0021,0x0021,0x0021,
0x0021,0x0021,0x0021,0x0021,0x0021,0x0021,0x0021,0x0021,0x0021,0x0021,0x0021,0x0021,0x0021,0x0021,0x0021,0x0021,
0x0021,0x0021,0x0021,0x0021,0x0021,0x0021,0x0021,0x0021,0x0021,0x0021,0x0021,0x0021,0x0021,0x0021,0x0021,0x0021,
0x0021,0x0021,0x0021,0x0021,0x0021,0x0021,0x0021,0x0021,0x0021,0x0021,0x0021,0x0021,0x0021,0x0021,0x0021,0x0021,
0x0021,0x0021,0x0021,0x0021,0x0021,0x0021,0x0021,0x0021,0x0021,0x0021,0x0021,0x0021,0x0021,0x0021,0x0021,0x0021,
0x0021,0x0021,0x0021,0x0021,0x0021,0x0021,0x0021,0x0021,0x0021,0x0021,0x0021,0x0021,0x0021,0x0021,0x0021,0x0021,
},
{0x0021,0x0021,0x0021,0x0021,0x0021,0x0021,0x0021,0x0021,0x0021,0x0021,0x0021,0x0021,0x0021,0x0021,0x0021,0x0021,
0x0021,0x0021,0x0021,0x0021,0x0021,0x0021,0x0021,0x0021,0x0021,0x0021,0x0021,0x0021,0x0021,0x0021,0x0021,0x0021,
0x0021,0x0021,0x0021,0x0021,0x0021,0x0021,0x0021,0x0021,0x0021,0x0021,0x0021,0x0021,0x0021,0x0021,0x0021,0x0021,
0x0021,0x0021,0x0021,0x0021,0x0021,0x0021,0x0021,0x0021,0x0021,0x0021,0x0021,0x0021,0x0021,0x0021,0x0021,0x0021,
0x0021,0x0021,0x0021,0x0021,0x0021,0x0021,0x0021,0x0021,0x0021,0x0021,0x0021,0x0021,0x0021,0x0021,0x0021,0x0021,
0x0021,0x0021,0x0021,0x0021,0x0021,0x0021,0x0021,0x0021,0x0021,0x0021,0x0021,0x0021,0x0021,0x0021,0x0021,0x0021,
0x0021,0x0021,0x0021,0x0021,0x0021,0x0021,0x0021,0x0021,0x0021,0x0021,0x0021,0x0021,0x0021,0x0021,0x0021,0x0021,
0x0021,0x0021,0x0021,0x0021,0x0021,0x0021,0x0021,0x0021,0x0021,0x0021,0x0021,0x0021,0x0021,0x0021,0x0021,0x0021,
0x0021,0x0021,0x0021,0x0021,0x0021,0x0021,0x0021,0x0021,0x0021,0x0021,0x0021,0x0021,0x0021,0x0021,0x0021,0x0021,
0x0021,0x0021,0x0021,0x0021,0x0021,0x0021,0x0021,0x0021,0x0021,0x0021,0x0021,0x0021,0x0021,0x0021,0x0021,0x0021,
0x0021,0x0021,0x0021,0x0021,0x0021,0x0021,0x0021,0x0021,0x0021,0x0021,0x0021,0x0021,0x0021,0x0021,0x0021,0x0021,
0x0021,0x0021,0x0021,0x0021,0x0021,0x0021,0x0021,0x0021,0x0021,0x0021,0x0021,0x0021,0x0021,0x0021,0x0021,0x0021,
0x0021,0x0021,0x0021,0x0021,0x0021,0x0021,0x0021,0x0021,0x0021,0x0021,0x0021,0x0021,0x0021,0x0021,0x0021,0x0021,
0x0021,0x0021,0x0021,0x0021,0x0021,0x0021,0x0021,0x0021,0x0021,0x0021,0x0021,0x0021,0x0021,0x0021,0x0021,0x0021,
0x0021,0x0021,0x0021,0x0021,0x0021,0x0021,0x0021,0x0021,0x0021,0x0021,0x0021,0x0021,0x0021,0x0021,0x0021,0x0021,
0x0021,0x0021,0x0021,0x0021,0x0021,0x0021,0x0021,0x0021,0x0021,0x0021,0x0021,0x0021,0x0021,0x0021,0x0021,0x0021,
0x0021,0x0021,0x0021,0x0021,0x0021,0x0021,0x0021,0x0021,0x0021,0x0021,0x0021,0x0021,0x0021,0x0021,0x0021,0x0021,
0x0021,0x0021,0x0021,0x0021,0x0021,0x0021,0x0021,0x0021,0x0021,0x0021,0x0021,0x0021,0x0021,0x0021,0x0021,0x0021,
0x0021,0x0021,0x0021,0x0021,0x0021,0x0021,0x0021,0x0021,0x0021,0x0021,0x0021,0x0021,0x0021,0x0021,0x0021,0x0021,
0x0021,0x0021,0x0021,0x0021,0x0021,0x0021,0x0021,0x0021,0x0021,0x0021,0x0021,0x0021,0x0021,0x0021,0x0021,0x0021,
0x0021,0x0021,0x0021,0x0021,0x0021,0x0021,0x0021,0x0021,0x0021,0x0021,0x0021,0x0021,0x0021,0x0021,0x0021,0x0021,
0x0021,0x0021,0x0021,0x0021,0x0021,0x0021,0x0021,0x0021,0x0021,0x0021,0x0021,0x0021,0x0021,0x0021,0x0021,0x0021,
0x0021,0x0021,0x0021,0x0021,0x0021,0x0021,0x0021,0x0021,0x0021,0x0021,0x0021,0x0021,0x0021,0x0021,0x0021,0x0021,
0x0021,0x0021,0x0021,0x0021,0x0021,0x0021,0x0021,0x0021,0x0021,0x0021,0x0021,0x0021,0x0021,0x0021,0x0021,0x0021,
0x0021,0x0021,0x0021,0x0021,0x0021,0x0021,0x0021,0x0021,0x0021,0x0021,0x0021,0x0021,0x0021,0x0021,0x0021,0x0021,
0x0021,0x0021,0x0021,0x0021,0x0021,0x0021,0x0021,0x0021,0x0021,0x0021,0x0021,0x0021,0x0021,0x0021,0x0021,0x0021,
0x0021,0x0021,0x0021,0x0021,0x0021,0x0021,0x0021,0x0021,0x0021,0x0021,0x0021,0x0021,0x0021,0x0021,0x0021,0x0021,
0x0021,0x0021,0x0021,0x0021,0x0021,0x0021,0x0021,0x0021,0x0021,0x0021,0x0021,0x0021,0x0021,0x0021,0x0021,0x0021,
0x0021,0x0021,0x0021,0x0021,0x0021,0x0021,0x0021,0x0021,0x0021,0x0021,0x0021,0x0021,0x0021,0x0021,0x0021,0x0021,
0x0021,0x0021,0x0021,0x0021,0x0021,0x0021,0x0021,0x0021,0x0021,0x0021,0x0021,0x0021,0x0021,0x0021,0x0021,0x0021,
0x0021,0x0021,0x0021,0x0021,0x0021,0x0021,0x0021,0x0021,0x0021,0x0021,0x0021,0x0021,0x0021,0x0021,0x0021,0x0021,
0x0021,0x0021,0x0021,0x0021,0x0021,0x0021,0x0021,0x0021,0x0021,0x0021,0x0021,0x0021,0x0021,0x0021,0x0021,0x0021,
},
{0x0021,0x0021,0x0021,0x0021,0x0021,0x0021,0x0021,0x0021,0x0021,0x0021,0x0021,0x0021,0x0021,0x0021,0x0021,0x0021,
0x0021,0x0021,0x0021,0x0021,0x0021,0x0021,0x0021,0x0021,0x0021,0x0021,0x0021,0x0021,0x0021,0x0021,0x0021,0x0021,
0x0021,0x0021,0x0021,0x0021,0x0021,0x0021,0x0021,0x0021,0x0021,0x0021,0x0021,0x0021,0x0021,0x0021,0x0021,0x0021,
0x0021,0x0021,0x0021,0x0021,0x0021,0x0021,0x0021,0x0021,0x0021,0x0021,0x0021,0x0021,0x0021,0x0021,0x0021,0x0021,
0x0021,0x0021,0x0021,0x0021,0x0021,0x0021,0x0021,0x0021,0x0021,0x0021,0x0021,0x0021,0x0021,0x0021,0x0021,0x0021,
0x0021,0x0021,0x0021,0x0021,0x0021,0x0021,0x0021,0x0021,0x0021,0x0021,0x0021,0x0021,0x0021,0x0021,0x0021,0x0021,
0x0021,0x0021,0x0021,0x0021,0x0021,0x0021,0x0021,0x0021,0x0021,0x0021,0x0021,0x0021,0x0021,0x0021,0x0021,0x0021,
0x0021,0x0021,0x0021,0x0021,0x0021,0x0021,0x0021,0x0021,0x0021,0x0021,0x0021,0x0021,0x0021,0x0021,0x0021,0x0021,
0x0021,0x0021,0x0021,0x0021,0x0021,0x0021,0x0021,0x0021,0x0021,0x0021,0x0021,0x0021,0x0021,0x0021,0x0021,0x0021,
0x0021,0x0021,0x0021,0x0021,0x0021,0x0021,0x0021,0x0021,0x0021,0x0021,0x0021,0x0021,0x0021,0x0021,0x0021,0x0021,
0x0021,0x0021,0x0021,0x0021,0x0021,0x0021,0x0021,0x0021,0x0021,0x0021,0x0021,0x0021,0x0021,0x0021,0x0021,0x0021,
0x0021,0x0021,0x0021,0x0021,0x0021,0x0021,0x0021,0x0021,0x0021,0x0021,0x0021,0x0021,0x0021,0x0021,0x0021,0x0021,
0x0021,0x0021,0x0021,0x0021,0x0021,0x0021,0x0021,0x0021,0x0021,0x0021,0x0021,0x0021,0x0021,0x0021,0x0021,0x0021,
0x0021,0x0021,0x0021,0x0021,0x0021,0x0021,0x0021,0x0021,0x0021,0x0021,0x0021,0x0021,0x0021,0x0021,0x0021,0x0021,
0x0021,0x0021,0x0021,0x0021,0x0021,0x0021,0x0021,0x0021,0x0021,0x0021,0x0021,0x0021,0x0021,0x0021,0x0021,0x0021,
0x0021,0x0021,0x0021,0x0021,0x0021,0x0021,0x0021,0x0021,0x0021,0x0021,0x0021,0x0021,0x0021,0x0021,0x0021,0x0021,
0x0021,0x0021,0x0021,0x0021,0x0021,0x0021,0x0021,0x0021,0x0021,0x0021,0x0021,0x0021,0x0021,0x0021,0x0021,0x0021,
0x0021,0x0021,0x0021,0x0021,0x0021,0x0021,0x0021,0x0021,0x0021,0x0021,0x0021,0x0021,0x0021,0x0021,0x0021,0x0021,
0x0021,0x0021,0x0021,0x0021,0x0021,0x0021,0x0021,0x0021,0x0021,0x0021,0x0021,0x0021,0x0021,0x0021,0x0021,0x0021,
0x0021,0x0021,0x0021,0x0021,0x0021,0x0021,0x0021,0x0021,0x0021,0x0021,0x0021,0x0021,0x0021,0x0021,0x0021,0x0021,
0x0021,0x0021,0x0021,0x0021,0x0021,0x0021,0x0021,0x0021,0x0021,0x0021,0x0021,0x0021,0x0021,0x0021,0x0021,0x0021,
0x0021,0x0021,0x0021,0x0021,0x0021,0x0021,0x0021,0x0021,0x0021,0x0021,0x0021,0x0021,0x0021,0x0021,0x0021,0x0021,
0x0021,0x0021,0x0021,0x0021,0x0021,0x0021,0x0021,0x0021,0x0021,0x0021,0x0021,0x0021,0x0021,0x0021,0x0021,0x0021,
0x0021,0x0021,0x0021,0x0021,0x0021,0x0021,0x0021,0x0021,0x0021,0x0021,0x0021,0x0021,0x0021,0x0021,0x0021,0x0021,
0x0021,0x0021,0x0021,0x0021,0x0021,0x0021,0x0021,0x0021,0x0021,0x0021,0x0021,0x0021,0x0021,0x0021,0x0021,0x0021,
0x0021,0x0021,0x0021,0x0021,0x0021,0x0021,0x0021,0x0021,0x0021,0x0021,0x0021,0x0021,0x0021,0x0021,0x0021,0x0021,
0x0021,0x0021,0x0021,0x0021,0x0021,0x0021,0x0021,0x0021,0x0021,0x0021,0x0021,0x0021,0x0021,0x0021,0x0021,0x0021,
0x0021,0x0021,0x0021,0x0021,0x0021,0x0021,0x0021,0x0021,0x0021,0x0021,0x0021,0x0021,0x0021,0x0021,0x0021,0x0021,
0x0021,0x0021,0x0021,0x0021,0x0021,0x0021,0x0021,0x0021,0x0021,0x0021,0x0021,0x0021,0x0021,0x0021,0x0021,0x0021,
0x0021,0x0021,0x0021,0x0021,0x0021,0x0021,0x0021,0x0021,0x0021,0x0021,0x0021,0x0021,0x0021,0x0021,0x0021,0x0021,
0x0021,0x0021,0x0021,0x0021,0x0021,0x0021,0x0021,0x0021,0x0021,0x0021,0x0021,0x0021,0x0021,0x0021,0x0021,0x0021,
0x0021,0x0021,0x0021,0x0021,0x0021,0x0021,0x0021,0x0021,0x0021,0x0021,0x0021,0x0021,0x0021,0x0021,0x0021,0x0021,
},
{0x0021,0x0021,0x0021,0x0021,0x0021,0x0021,0x0021,0x0021,0x0021,0x0021,0x0021,0x0021,0x0021,0x0021,0x0021,0x0021,
0x0021,0x0021,0x0021,0x0021,0x0021,0x0021,0x0021,0x0021,0x0021,0x0021,0x0021,0x0021,0x0021,0x0021,0x0021,0x0021,
0x0021,0x0021,0x0021,0x0021,0x0021,0x0021,0x0021,0x0021,0x0021,0x0021,0x0021,0x0021,0x0021,0x0021,0x0021,0x0021,
0x0021,0x0021,0x0021,0x0021,0x0021,0x0021,0x0021,0x0021,0x0021,0x0021,0x0021,0x0021,0x0021,0x0021,0x0021,0x0021,
0x0021,0x0021,0x0021,0x0021,0x0021,0x0021,0x0021,0x0021,0x0021,0x0021,0x0021,0x0021,0x0021,0x0021,0x0021,0x0021,
0x0021,0x0021,0x0021,0x0021,0x0021,0x0021,0x0021,0x0021,0x0021,0x0021,0x0021,0x0021,0x0021,0x0021,0x0021,0x0021,
0x0021,0x0021,0x0021,0x0021,0x0021,0x0021,0x0021,0x0021,0x0021,0x0021,0x0021,0x0021,0x0021,0x0021,0x0021,0x0021,
0x0021,0x0021,0x0021,0x0021,0x0021,0x0021,0x0021,0x0021,0x0021,0x0021,0x0021,0x0021,0x0021,0x0021,0x0021,0x0021,
0x0021,0x0021,0x0021,0x0021,0x0021,0x0021,0x0021,0x0021,0x0021,0x0021,0x0021,0x0021,0x0021,0x0021,0x0021,0x0021,
0x0021,0x0021,0x0021,0x0021,0x0021,0x0021,0x0021,0x0021,0x0021,0x0021,0x0021,0x0021,0x0021,0x0021,0x0021,0x0021,
0x0021,0x0021,0x0021,0x0021,0x0021,0x0021,0x0021,0x0021,0x0021,0x0021,0x0021,0x0021,0x0021,0x0021,0x0021,0x0021,
0x0021,0x0021,0x0021,0x0021,0x0021,0x0021,0x0021,0x0021,0x0021,0x0021,0x0021,0x0021,0x0021,0x0021,0x0021,0x0021,
0x0021,0x0021,0x0021,0x0021,0x0021,0x0021,0x0021,0x0021,0x0021,0x0021,0x0021,0x0021,0x0021,0x0021,0x0021,0x0021,
0x0021,0x0021,0x0021,0x0021,0x0021,0x0021,0x0021,0x0021,0x0021,0x0021,0x0021,0x0021,0x0021,0x0021,0x0021,0x0021,
0x0021,0x0021,0x0021,0x0021,0x0021,0x0021,0x0021,0x0021,0x0021,0x0021,0x0021,0x0021,0x0021,0x0021,0x0021,0x0021,
0x0021,0x0021,0x0021,0x0021,0x0021,0x0021,0x0021,0x0021,0x0021,0x0021,0x0021,0x0021,0x0021,0x0021,0x0021,0x0021,
0x0021,0x0021,0x0021,0x0021,0x0021,0x0021,0x0021,0x0021,0x0021,0x0021,0x0021,0x0021,0x0021,0x0021,0x0021,0x0021,
0x0021,0x0021,0x0021,0x0021,0x0021,0x0021,0x0021,0x0021,0x0021,0x0021,0x0021,0x0021,0x0021,0x0021,0x0021,0x0021,
0x0021,0x0021,0x0021,0x0021,0x0021,0x0021,0x0021,0x0021,0x0021,0x0021,0x0021,0x0021,0x0021,0x0021,0x0021,0x0021,
0x0021,0x0021,0x0021,0x0021,0x0021,0x0021,0x0021,0x0021,0x0021,0x0021,0x0021,0x0021,0x0021,0x0021,0x0021,0x0021,
0x0021,0x0021,0x0021,0x0021,0x0021,0x0021,0x0021,0x0021,0x0021,0x0021,0x0021,0x0021,0x0021,0x0021,0x0021,0x0021,
0x0021,0x0021,0x0021,0x0021,0x0021,0x0021,0x0021,0x0021,0x0021,0x0021,0x0021,0x0021,0x0021,0x0021,0x0021,0x0021,
0x0021,0x0021,0x0021,0x0021,0x0021,0x0021,0x0021,0x0021,0x0021,0x0021,0x0021,0x0021,0x0021,0x0021,0x0021,0x0021,
0x0021,0x0021,0x0021,0x0021,0x0021,0x0021,0x0021,0x0021,0x0021,0x0021,0x0021,0x0021,0x0021,0x0021,0x0021,0x0021,
0x0021,0x0021,0x0021,0x0021,0x0021,0x0021,0x0021,0x0021,0x0021,0x0021,0x0021,0x0021,0x0021,0x0021,0x0021,0x0021,
0x0021,0x0021,0x0021,0x0021,0x0021,0x0021,0x0021,0x0021,0x0021,0x0021,0x0021,0x0021,0x0021,0x0021,0x0021,0x0021,
0x0021,0x0021,0x0021,0x0021,0x0021,0x0021,0x0021,0x0021,0x0021,0x0021,0x0021,0x0021,0x0021,0x0021,0x0021,0x0021,
0x0021,0x0021,0x0021,0x0021,0x0021,0x0021,0x0021,0x0021,0x0021,0x0021,0x0021,0x0021,0x0021,0x0021,0x0021,0x0021,
0x0021,0x0021,0x0021,0x0021,0x0021,0x0021,0x0021,0x0021,0x0021,0x0021,0x0021,0x0021,0x0021,0x0021,0x0021,0x0021,
0x0021,0x0021,0x0021,0x0021,0x0021,0x0021,0x0021,0x0021,0x0021,0x0021,0x0021,0x0021,0x0021,0x0021,0x0021,0x0021,
0x0021,0x0021,0x0021,0x0021,0x0021,0x0021,0x0021,0x0021,0x0021,0x0021,0x0021,0x0021,0x0021,0x0021,0x0021,0x0021,
0x0021,0x0021,0x0021,0x0021,0x0021,0x0021,0x0021,0x0021,0x0021,0x0021,0x0021,0x0021,0x0021,0x0021,0x0021,0x0021,
},
{0x0021,0x0021,0x0021,0x0021,0x0021,0x0021,0x0021,0x0021,0x0021,0x0021,0x0021,0x0021,0x0021,0x0021,0x0021,0x0021,
0x0021,0x0021,0x0021,0x0021,0x0021,0x0021,0x0021,0x0021,0x0021,0x0021,0x0021,0x0021,0x0021,0x0021,0x0021,0x0021,
0x0021,0x0021,0x0021,0x0021,0x0021,0x0021,0x0021,0x0021,0x0021,0x0021,0x0021,0x0021,0x0021,0x0021,0x0021,0x0021,
0x0021,0x0021,0x0021,0x0021,0x0021,0x0021,0x0021,0x0021,0x0021,0x0021,0x0021,0x0021,0x0021,0x0021,0x0021,0x0021,
0x0021,0x0021,0x0021,0x0021,0x0021,0x0021,0x0021,0x0021,0x0021,0x0021,0x0021,0x0021,0x0021,0x0021,0x0021,0x0021,
0x0021,0x0021,0x0021,0x0021,0x0021,0x0021,0x0021,0x0021,0x0021,0x0021,0x0021,0x0021,0x0021,0x0021,0x0021,0x0021,
0x0021,0x0021,0x0021,0x0021,0x0021,0x0021,0x0021,0x0021,0x0021,0x0021,0x0021,0x0021,0x0021,0x0021,0x0021,0x0021,
0x0021,0x0021,0x0021,0x0021,0x0021,0x0021,0x0021,0x0021,0x0021,0x0021,0x0021,0x0021,0x0021,0x0021,0x0021,0x0021,
0x0021,0x0021,0x0021,0x0021,0x0021,0x0021,0x0021,0x0021,0x0021,0x0021,0x0021,0x0021,0x0021,0x0021,0x0021,0x0021,
0x0021,0x0021,0x0021,0x0021,0x0021,0x0021,0x0021,0x0021,0x0021,0x0021,0x0021,0x0021,0x0021,0x0021,0x0021,0x0021,
0x0021,0x0021,0x0021,0x0021,0x0021,0x0021,0x0021,0x0021,0x0021,0x0021,0x0021,0x0021,0x0021,0x0021,0x0021,0x0021,
0x0021,0x0021,0x0021,0x0021,0x0021,0x0021,0x0021,0x0021,0x0021,0x0021,0x0021,0x0021,0x0021,0x0021,0x0021,0x0021,
0x0021,0x0021,0x0021,0x0021,0x0021,0x0021,0x0021,0x0021,0x0021,0x0021,0x0021,0x0021,0x0021,0x0021,0x0021,0x0021,
0x0021,0x0021,0x0021,0x0021,0x0021,0x0021,0x0021,0x0021,0x0021,0x0021,0x0021,0x0021,0x0021,0x0021,0x0021,0x0021,
0x0021,0x0021,0x0021,0x0021,0x0021,0x0021,0x0021,0x0021,0x0021,0x0021,0x0021,0x0021,0x0021,0x0021,0x0021,0x0021,
0x0021,0x0021,0x0021,0x0021,0x0021,0x0021,0x0021,0x0021,0x0021,0x0021,0x0021,0x0021,0x0021,0x0021,0x0021,0x0021,
0x0021,0x0021,0x0021,0x0021,0x0021,0x0021,0x0021,0x0021,0x0021,0x0021,0x0021,0x0021,0x0021,0x0021,0x0021,0x0021,
0x0021,0x0021,0x0021,0x0021,0x0021,0x0021,0x0021,0x0021,0x0021,0x0021,0x0021,0x0021,0x0021,0x0021,0x0021,0x0021,
0x0021,0x0021,0x0021,0x0021,0x0021,0x0021,0x0021,0x0021,0x0021,0x0021,0x0021,0x0021,0x0021,0x0021,0x0021,0x0021,
0x0021,0x0021,0x0021,0x0021,0x0021,0x0021,0x0021,0x0021,0x0021,0x0021,0x0021,0x0021,0x0021,0x0021,0x0021,0x0021,
0x0021,0x0021,0x0021,0x0021,0x0021,0x0021,0x0021,0x0021,0x0021,0x0021,0x0021,0x0021,0x0021,0x0021,0x0021,0x0021,
0x0021,0x0021,0x0021,0x0021,0x0021,0x0021,0x0021,0x0021,0x0021,0x0021,0x0021,0x0021,0x0021,0x0021,0x0021,0x0021,
0x0021,0x0021,0x0021,0x0021,0x0021,0x0021,0x0021,0x0021,0x0021,0x0021,0x0021,0x0021,0x0021,0x0021,0x0021,0x0021,
0x0021,0x0021,0x0021,0x0021,0x0021,0x0021,0x0021,0x0021,0x0021,0x0021,0x0021,0x0021,0x0021,0x0021,0x0021,0x0021,
0x0021,0x0021,0x0021,0x0021,0x0021,0x0021,0x0021,0x0021,0x0021,0x0021,0x0021,0x0021,0x0021,0x0021,0x0021,0x0021,
0x0021,0x0021,0x0021,0x0021,0x0021,0x0021,0x0021,0x0021,0x0021,0x0021,0x0021,0x0021,0x0021,0x0021,0x0021,0x0021,
0x0021,0x0021,0x0021,0x0021,0x0021,0x0021,0x0021,0x0021,0x0021,0x0021,0x0021,0x0021,0x0021,0x0021,0x0021,0x0021,
0x0021,0x0021,0x0021,0x0021,0x0021,0x0021,0x0021,0x0021,0x0021,0x0021,0x0021,0x0021,0x0021,0x0021,0x0021,0x0021,
0x0021,0x0021,0x0021,0x0021,0x0021,0x0021,0x0021,0x0021,0x0021,0x0021,0x0021,0x0021,0x0021,0x0021,0x0021,0x0021,
0x0021,0x0021,0x0021,0x0021,0x0021,0x0021,0x0021,0x0021,0x0021,0x0021,0x0021,0x0021,0x0021,0x0021,0x0021,0x0021,
0x0021,0x0021,0x0021,0x0021,0x0021,0x0021,0x0021,0x0021,0x0021,0x0021,0x0021,0x0021,0x0021,0x0021,0x0021,0x0021,
0x0021,0x0021,0x0021,0x0021,0x0021,0x0021,0x0021,0x0021,0x0021,0x0021,0x0021,0x0021,0x0021,0x0021,0x0021,0x0021,
},
{0x0021,0x0021,0x0021,0x0021,0x0021,0x0021,0x0021,0x0021,0x0021,0x0021,0x0021,0x0021,0x0021,0x0021,0x0021,0x0021,
0x0021,0x0021,0x0021,0x0021,0x0021,0x0021,0x0021,0x0021,0x0021,0x0021,0x0021,0x0021,0x0021,0x0021,0x0021,0x0021,
0x0021,0x0021,0x0021,0x0021,0x0021,0x0021,0x0021,0x0021,0x0021,0x0021,0x0021,0x0021,0x0021,0x0021,0x0021,0x0021,
0x0021,0x0021,0x0021,0x0021,0x0021,0x0021,0x0021,0x0021,0x0021,0x0021,0x0021,0x0021,0x0021,0x0021,0x0021,0x0021,
0x0021,0x0021,0x0021,0x0021,0x0021,0x0021,0x0021,0x0021,0x0021,0x0021,0x0021,0x0021,0x0021,0x0021,0x0021,0x0021,
0x0021,0x0021,0x0021,0x0021,0x0021,0x0021,0x0021,0x0021,0x0021,0x0021,0x0021,0x0021,0x0021,0x0021,0x0021,0x0021,
0x0021,0x0021,0x0021,0x0021,0x0021,0x0021,0x0021,0x0021,0x0021,0x0021,0x0021,0x0021,0x0021,0x0021,0x0021,0x0021,
0x0021,0x0021,0x0021,0x0021,0x0021,0x0021,0x0021,0x0021,0x0021,0x0021,0x0021,0x0021,0x0021,0x0021,0x0021,0x0021,
0x0021,0x0021,0x0021,0x0021,0x0021,0x0021,0x0021,0x0021,0x0021,0x0021,0x0021,0x0021,0x0021,0x0021,0x0021,0x0021,
0x0021,0x0021,0x0021,0x0021,0x0021,0x0021,0x0021,0x0021,0x0021,0x0021,0x0021,0x0021,0x0021,0x0021,0x0021,0x0021,
0x0021,0x0021,0x0021,0x0021,0x0021,0x0021,0x0021,0x0021,0x0021,0x0021,0x0021,0x0021,0x0021,0x0021,0x0021,0x0021,
0x0021,0x0021,0x0021,0x0021,0x0021,0x0021,0x0021,0x0021,0x0021,0x0021,0x0021,0x0021,0x0021,0x0021,0x0021,0x0021,
0x0021,0x0021,0x0021,0x0021,0x0021,0x0021,0x0021,0x0021,0x0021,0x0021,0x0021,0x0021,0x0021,0x0021,0x0021,0x0021,
0x0021,0x0021,0x0021,0x0021,0x0021,0x0021,0x0021,0x0021,0x0021,0x0021,0x0021,0x0021,0x0021,0x0021,0x0021,0x0021,
0x0021,0x0021,0x0021,0x0021,0x0021,0x0021,0x0021,0x0021,0x0021,0x0021,0x0021,0x0021,0x0021,0x0021,0x0021,0x0021,
0x0021,0x0021,0x0021,0x0021,0x0021,0x0021,0x0021,0x0021,0x0021,0x0021,0x0021,0x0021,0x0021,0x0021,0x0021,0x0021,
0x0021,0x0021,0x0021,0x0021,0x0021,0x0021,0x0021,0x0021,0x0021,0x0021,0x0021,0x0021,0x0021,0x0021,0x0021,0x0021,
0x0021,0x0021,0x0021,0x0021,0x0021,0x0021,0x0021,0x0021,0x0021,0x0021,0x0021,0x0021,0x0021,0x0021,0x0021,0x0021,
0x0021,0x0021,0x0021,0x0021,0x0021,0x0021,0x0021,0x0021,0x0021,0x0021,0x0021,0x0021,0x0021,0x0021,0x0021,0x0021,
0x0021,0x0021,0x0021,0x0021,0x0021,0x0021,0x0021,0x0021,0x0021,0x0021,0x0021,0x0021,0x0021,0x0021,0x0021,0x0021,
0x0021,0x0021,0x0021,0x0021,0x0021,0x0021,0x0021,0x0021,0x0021,0x0021,0x0021,0x0021,0x0021,0x0021,0x0021,0x0021,
0x0021,0x0021,0x0021,0x0021,0x0021,0x0021,0x0021,0x0021,0x0021,0x0021,0x0021,0x0021,0x0021,0x0021,0x0021,0x0021,
0x0021,0x0021,0x0021,0x0021,0x0021,0x0021,0x0021,0x0021,0x0021,0x0021,0x0021,0x0021,0x0021,0x0021,0x0021,0x0021,
0x0021,0x0021,0x0021,0x0021,0x0021,0x0021,0x0021,0x0021,0x0021,0x0021,0x0021,0x0021,0x0021,0x0021,0x0021,0x0021,
0x0021,0x0021,0x0021,0x0021,0x0021,0x0021,0x0021,0x0021,0x0021,0x0021,0x0021,0x0021,0x0021,0x0021,0x0021,0x0021,
0x0021,0x0021,0x0021,0x0021,0x0021,0x0021,0x0021,0x0021,0x0021,0x0021,0x0021,0x0021,0x0021,0x0021,0x0021,0x0021,
0x0021,0x0021,0x0021,0x0021,0x0021,0x0021,0x0021,0x0021,0x0021,0x0021,0x0021,0x0021,0x0021,0x0021,0x0021,0x0021,
0x0021,0x0021,0x0021,0x0021,0x0021,0x0021,0x0021,0x0021,0x0021,0x0021,0x0021,0x0021,0x0021,0x0021,0x0021,0x0021,
0x0021,0x0021,0x0021,0x0021,0x0021,0x0021,0x0021,0x0021,0x0021,0x0021,0x0021,0x0021,0x0021,0x0021,0x0021,0x0021,
0x0021,0x0021,0x0021,0x0021,0x0021,0x0021,0x0021,0x0021,0x0021,0x0021,0x0021,0x0021,0x0021,0x0021,0x0021,0x0021,
0x0021,0x0021,0x0021,0x0021,0x0021,0x0021,0x0021,0x0021,0x0021,0x0021,0x0021,0x0021,0x0021,0x0021,0x0021,0x0021,
0x0021,0x0021,0x0021,0x0021,0x0021,0x0021,0x0021,0x0021,0x0021,0x0021,0x0021,0x0021,0x0021,0x0021,0x0021,0x0021,
},
{0x0021,0x0021,0x0021,0x0021,0x0021,0x0021,0x0021,0x0021,0x0021,0x0021,0x0021,0x0021,0x0021,0x0021,0x0021,0x0021,
0x0021,0x0021,0x0021,0x0021,0x0021,0x0021,0x0021,0x0021,0x0021,0x0021,0x0021,0x0021,0x0021,0x0021,0x0021,0x0021,
0x0021,0x0021,0x0021,0x0021,0x0021,0x0021,0x0021,0x0021,0x0021,0x0021,0x0021,0x0021,0x0021,0x0021,0x0021,0x0021,
0x0021,0x0021,0x0021,0x0021,0x0021,0x0021,0x0021,0x0021,0x0021,0x0021,0x0021,0x0021,0x0021,0x0021,0x0021,0x0021,
0x0021,0x0021,0x0021,0x0021,0x0021,0x0021,0x0021,0x0021,0x0021,0x0021,0x0021,0x0021,0x0021,0x0021,0x0021,0x0021,
0x0021,0x0021,0x0021,0x0021,0x0021,0x0021,0x0021,0x0021,0x0021,0x0021,0x0021,0x0021,0x0021,0x0021,0x0021,0x0021,
0x0021,0x0021,0x0021,0x0021,0x0021,0x0021,0x0021,0x0021,0x0021,0x0021,0x0021,0x0021,0x0021,0x0021,0x0021,0x0021,
0x0021,0x0021,0x0021,0x0021,0x0021,0x0021,0x0021,0x0021,0x0021,0x0021,0x0021,0x0021,0x0021,0x0021,0x0021,0x0021,
0x0021,0x0021,0x0021,0x0021,0x0021,0x0021,0x0021,0x0021,0x0021,0x0021,0x0021,0x0021,0x0021,0x0021,0x0021,0x0021,
0x0021,0x0021,0x0021,0x0021,0x0021,0x0021,0x0021,0x0021,0x0021,0x0021,0x0021,0x0021,0x0021,0x0021,0x0021,0x0021,
0x0021,0x0021,0x0021,0x0021,0x0021,0x0021,0x0021,0x0021,0x0021,0x0021,0x0021,0x0021,0x0021,0x0021,0x0021,0x0021,
0x0021,0x0021,0x0021,0x0021,0x0021,0x0021,0x0021,0x0021,0x0021,0x0021,0x0021,0x0021,0x0021,0x0021,0x0021,0x0021,
0x0021,0x0021,0x0021,0x0021,0x0021,0x0021,0x0021,0x0021,0x0021,0x0021,0x0021,0x0021,0x0021,0x0021,0x0021,0x0021,
0x0021,0x0021,0x0021,0x0021,0x0021,0x0021,0x0021,0x0021,0x0021,0x0021,0x0021,0x0021,0x0021,0x0021,0x0021,0x0021,
0x0021,0x0021,0x0021,0x0021,0x0021,0x0021,0x0021,0x0021,0x0021,0x0021,0x0021,0x0021,0x0021,0x0021,0x0021,0x0021,
0x0021,0x0021,0x0021,0x0021,0x0021,0x0021,0x0021,0x0021,0x0021,0x0021,0x0021,0x0021,0x0021,0x0021,0x0021,0x0021,
0x0021,0x0021,0x0021,0x0021,0x0021,0x0021,0x0021,0x0021,0x0021,0x0021,0x0021,0x0021,0x0021,0x0021,0x0021,0x0021,
0x0021,0x0021,0x0021,0x0021,0x0021,0x0021,0x0021,0x0021,0x0021,0x0021,0x0021,0x0021,0x0021,0x0021,0x0021,0x0021,
0x0021,0x0021,0x0021,0x0021,0x0021,0x0021,0x0021,0x0021,0x0021,0x0021,0x0021,0x0021,0x0021,0x0021,0x0021,0x0021,
0x0021,0x0021,0x0021,0x0021,0x0021,0x0021,0x0021,0x0021,0x0021,0x0021,0x0021,0x0021,0x0021,0x0021,0x0021,0x0021,
0x0021,0x0021,0x0021,0x0021,0x0021,0x0021,0x0021,0x0021,0x0021,0x0021,0x0021,0x0021,0x0021,0x0021,0x0021,0x0021,
0x0021,0x0021,0x0021,0x0021,0x0021,0x0021,0x0021,0x0021,0x0021,0x0021,0x0021,0x0021,0x0021,0x0021,0x0021,0x0021,
0x0021,0x0021,0x0021,0x0021,0x0021,0x0021,0x0021,0x0021,0x0021,0x0021,0x0021,0x0021,0x0021,0x0021,0x0021,0x0021,
0x0021,0x0021,0x0021,0x0021,0x0021,0x0021,0x0021,0x0021,0x0021,0x0021,0x0021,0x0021,0x0021,0x0021,0x0021,0x0021,
0x0021,0x0021,0x0021,0x0021,0x0021,0x0021,0x0021,0x0021,0x0021,0x0021,0x0021,0x0021,0x0021,0x0021,0x0021,0x0021,
0x0021,0x0021,0x0021,0x0021,0x0021,0x0021,0x0021,0x0021,0x0021,0x0021,0x0021,0x0021,0x0021,0x0021,0x0021,0x0021,
0x0021,0x0021,0x0021,0x0021,0x0021,0x0021,0x0021,0x0021,0x0021,0x0021,0x0021,0x0021,0x0021,0x0021,0x0021,0x0021,
0x0021,0x0021,0x0021,0x0021,0x0021,0x0021,0x0021,0x0021,0x0021,0x0021,0x0021,0x0021,0x0021,0x0021,0x0021,0x0021,
0x0021,0x0021,0x0021,0x0021,0x0021,0x0021,0x0021,0x0021,0x0021,0x0021,0x0021,0x0021,0x0021,0x0021,0x0021,0x0021,
0x0021,0x0021,0x0021,0x0021,0x0021,0x0021,0x0021,0x0021,0x0021,0x0021,0x0021,0x0021,0x0021,0x0021,0x0021,0x0021,
0x0021,0x0021,0x0021,0x0021,0x0021,0x0021,0x0021,0x0021,0x0021,0x0021,0x0021,0x0021,0x0021,0x0021,0x0021,0x0021,
0x0021,0x0021,0x0021,0x0021,0x0021,0x0021,0x0021,0x0021,0x0021,0x0021,0x0021,0x0021,0x0021,0x0021,0x0021,0x0021,
},
{0x0021,0x0021,0x0021,0x0021,0x0021,0x0021,0x0021,0x0021,0x0021,0x0021,0x0021,0x0021,0x0021,0x0021,0x0021,0x0021,
0x0021,0x0021,0x0021,0x0021,0x0021,0x0021,0x0021,0x0021,0x0021,0x0021,0x0021,0x0021,0x0021,0x0021,0x0021,0x0021,
0x0021,0x0021,0x0021,0x0021,0x0021,0x0021,0x0021,0x0021,0x0021,0x0021,0x0021,0x0021,0x0021,0x0021,0x0021,0x0021,
0x0021,0x0021,0x0021,0x0021,0x0021,0x0021,0x0021,0x0021,0x0021,0x0021,0x0021,0x0021,0x0021,0x0021,0x0021,0x0021,
0x0021,0x0021,0x0021,0x0021,0x0021,0x0021,0x0021,0x0021,0x0021,0x0021,0x0021,0x0021,0x0021,0x0021,0x0021,0x0021,
0x0021,0x0021,0x0021,0x0021,0x0021,0x0021,0x0021,0x0021,0x0021,0x0021,0x0021,0x0021,0x0021,0x0021,0x0021,0x0021,
0x0021,0x0021,0x0021,0x0021,0x0021,0x0021,0x0021,0x0021,0x0021,0x0021,0x0021,0x0021,0x0021,0x0021,0x0021,0x0021,
0x0021,0x0021,0x0021,0x0021,0x0021,0x0021,0x0021,0x0021,0x0021,0x0021,0x0021,0x0021,0x0021,0x0021,0x0021,0x0021,
0x0021,0x0021,0x0021,0x0021,0x0021,0x0021,0x0021,0x0021,0x0021,0x0021,0x0021,0x0021,0x0021,0x0021,0x0021,0x0021,
0x0021,0x0021,0x0021,0x0021,0x0021,0x0021,0x0021,0x0021,0x0021,0x0021,0x0021,0x0021,0x0021,0x0021,0x0021,0x0021,
0x0021,0x0021,0x0021,0x0021,0x0021,0x0021,0x0021,0x0021,0x0021,0x0021,0x0021,0x0021,0x0021,0x0021,0x0021,0x0021,
0x0021,0x0021,0x0021,0x0021,0x0021,0x0021,0x0021,0x0021,0x0021,0x0021,0x0021,0x0021,0x0021,0x0021,0x0021,0x0021,
0x0021,0x0021,0x0021,0x0021,0x0021,0x0021,0x0021,0x0021,0x0021,0x0021,0x0021,0x0021,0x0021,0x0021,0x0021,0x0021,
0x0021,0x0021,0x0021,0x0021,0x0021,0x0021,0x0021,0x0021,0x0021,0x0021,0x0021,0x0021,0x0021,0x0021,0x0021,0x0021,
0x0021,0x0021,0x0021,0x0021,0x0021,0x0021,0x0021,0x0021,0x0021,0x0021,0x0021,0x0021,0x0021,0x0021,0x0021,0x0021,
0x0021,0x0021,0x0021,0x0021,0x0021,0x0021,0x0021,0x0021,0x0021,0x0021,0x0021,0x0021,0x0021,0x0021,0x0021,0x0021,
0x0021,0x0021,0x0021,0x0021,0x0021,0x0021,0x0021,0x0021,0x0021,0x0021,0x0021,0x0021,0x0021,0x0021,0x0021,0x0021,
0x0021,0x0021,0x0021,0x0021,0x0021,0x0021,0x0021,0x0021,0x0021,0x0021,0x0021,0x0021,0x0021,0x0021,0x0021,0x0021,
0x0021,0x0021,0x0021,0x0021,0x0021,0x0021,0x0021,0x0021,0x0021,0x0021,0x0021,0x0021,0x0021,0x0021,0x0021,0x0021,
0x0021,0x0021,0x0021,0x0021,0x0021,0x0021,0x0021,0x0021,0x0021,0x0021,0x0021,0x0021,0x0021,0x0021,0x0021,0x0021,
0x0021,0x0021,0x0021,0x0021,0x0021,0x0021,0x0021,0x0021,0x0021,0x0021,0x0021,0x0021,0x0021,0x0021,0x0021,0x0021,
0x0021,0x0021,0x0021,0x0021,0x0021,0x0021,0x0021,0x0021,0x0021,0x0021,0x0021,0x0021,0x0021,0x0021,0x0021,0x0021,
0x0021,0x0021,0x0021,0x0021,0x0021,0x0021,0x0021,0x0021,0x0021,0x0021,0x0021,0x0021,0x0021,0x0021,0x0021,0x0021,
0x0021,0x0021,0x0021,0x0021,0x0021,0x0021,0x0021,0x0021,0x0021,0x0021,0x0021,0x0021,0x0021,0x0021,0x0021,0x0021,
0x0021,0x0021,0x0021,0x0021,0x0021,0x0021,0x0021,0x0021,0x0021,0x0021,0x0021,0x0021,0x0021,0x0021,0x0021,0x0021,
0x0021,0x0021,0x0021,0x0021,0x0021,0x0021,0x0021,0x0021,0x0021,0x0021,0x0021,0x0021,0x0021,0x0021,0x0021,0x0021,
0x0021,0x0021,0x0021,0x0021,0x0021,0x0021,0x0021,0x0021,0x0021,0x0021,0x0021,0x0021,0x0021,0x0021,0x0021,0x0021,
0x0021,0x0021,0x0021,0x0021,0x0021,0x0021,0x0021,0x0021,0x0021,0x0021,0x0021,0x0021,0x0021,0x0021,0x0021,0x0021,
0x0021,0x0021,0x0021,0x0021,0x0021,0x0021,0x0021,0x0021,0x0021,0x0021,0x0021,0x0021,0x0021,0x0021,0x0021,0x0021,
0x0021,0x0021,0x0021,0x0021,0x0021,0x0021,0x0021,0x0021,0x0021,0x0021,0x0021,0x0021,0x0021,0x0021,0x0021,0x0021,
0x0021,0x0021,0x0021,0x0021,0x0021,0x0021,0x0021,0x0021,0x0021,0x0021,0x0021,0x0021,0x0021,0x0021,0x0021,0x0021,
0x0021,0x0021,0x0021,0x0021,0x0021,0x0021,0x0021,0x0021,0x0021,0x0021,0x0021,0x0021,0x0021,0x0021,0x0021,0x0021,
},
{0x0021,0x0021,0x0021,0x0021,0x0021,0x0021,0x0021,0x0021,0x0021,0x0021,0x0021,0x0021,0x0021,0x0021,0x0021,0x0021,
0x0021,0x0021,0x0021,0x0021,0x0021,0x0021,0x0021,0x0021,0x0021,0x0021,0x0021,0x0021,0x0021,0x0021,0x0021,0x0021,
0x0021,0x0021,0x0021,0x0021,0x0021,0x0021,0x0021,0x0021,0x0021,0x0021,0x0021,0x0021,0x0021,0x0021,0x0021,0x0021,
0x0021,0x0021,0x0021,0x0021,0x0021,0x0021,0x0021,0x0021,0x0021,0x0021,0x0021,0x0021,0x0021,0x0021,0x0021,0x0021,
0x0021,0x0021,0x0021,0x0021,0x0021,0x0021,0x0021,0x0021,0x0021,0x0021,0x0021,0x0021,0x0021,0x0021,0x0021,0x0021,
0x0021,0x0021,0x0021,0x0021,0x0021,0x0021,0x0021,0x0021,0x0021,0x0021,0x0021,0x0021,0x0021,0x0021,0x0021,0x0021,
0x0021,0x0021,0x0021,0x0021,0x0021,0x0021,0x0021,0x0021,0x0021,0x0021,0x0021,0x0021,0x0021,0x0021,0x0021,0x0021,
0x0021,0x0021,0x0021,0x0021,0x0021,0x0021,0x0021,0x0021,0x0021,0x0021,0x0021,0x0021,0x0021,0x0021,0x0021,0x0021,
0x0021,0x0021,0x0021,0x0021,0x0021,0x0021,0x0021,0x0021,0x0021,0x0021,0x0021,0x0021,0x0021,0x0021,0x0021,0x0021,
0x0021,0x0021,0x0021,0x0021,0x0021,0x0021,0x0021,0x0021,0x0021,0x0021,0x0021,0x0021,0x0021,0x0021,0x0021,0x0021,
0x0021,0x0021,0x0021,0x0021,0x0021,0x0021,0x0021,0x0021,0x0021,0x0021,0x0021,0x0021,0x0021,0x0021,0x0021,0x0021,
0x0021,0x0021,0x0021,0x0021,0x0021,0x0021,0x0021,0x0021,0x0021,0x0021,0x0021,0x0021,0x0021,0x0021,0x0021,0x0021,
0x0021,0x0021,0x0021,0x0021,0x0021,0x0021,0x0021,0x0021,0x0021,0x0021,0x0021,0x0021,0x0021,0x0021,0x0021,0x0021,
0x0021,0x0021,0x0021,0x0021,0x0021,0x0021,0x0021,0x0021,0x0021,0x0021,0x0021,0x0021,0x0021,0x0021,0x0021,0x0021,
0x0021,0x0021,0x0021,0x0021,0x0021,0x0021,0x0021,0x0021,0x0021,0x0021,0x0021,0x0021,0x0021,0x0021,0x0021,0x0021,
0x0021,0x0021,0x0021,0x0021,0x0021,0x0021,0x0021,0x0021,0x0021,0x0021,0x0021,0x0021,0x0021,0x0021,0x0021,0x0021,
0x0021,0x0021,0x0021,0x0021,0x0021,0x0021,0x0021,0x0021,0x0021,0x0021,0x0021,0x0021,0x0021,0x0021,0x0021,0x0021,
0x0021,0x0021,0x0021,0x0021,0x0021,0x0021,0x0021,0x0021,0x0021,0x0021,0x0021,0x0021,0x0021,0x0021,0x0021,0x0021,
0x0021,0x0021,0x0021,0x0021,0x0021,0x0021,0x0021,0x0021,0x0021,0x0021,0x0021,0x0021,0x0021,0x0021,0x0021,0x0021,
0x0021,0x0021,0x0021,0x0021,0x0021,0x0021,0x0021,0x0021,0x0021,0x0021,0x0021,0x0021,0x0021,0x0021,0x0021,0x0021,
0x0021,0x0021,0x0021,0x0021,0x0021,0x0021,0x0021,0x0021,0x0021,0x0021,0x0021,0x0021,0x0021,0x0021,0x0021,0x0021,
0x0021,0x0021,0x0021,0x0021,0x0021,0x0021,0x0021,0x0021,0x0021,0x0021,0x0021,0x0021,0x0021,0x0021,0x0021,0x0021,
0x0021,0x0021,0x0021,0x0021,0x0021,0x0021,0x0021,0x0021,0x0021,0x0021,0x0021,0x0021,0x0021,0x0021,0x0021,0x0021,
0x0021,0x0021,0x0021,0x0021,0x0021,0x0021,0x0021,0x0021,0x0021,0x0021,0x0021,0x0021,0x0021,0x0021,0x0021,0x0021,
0x0021,0x0021,0x0021,0x0021,0x0021,0x0021,0x0021,0x0021,0x0021,0x0021,0x0021,0x0021,0x0021,0x0021,0x0021,0x0021,
0x0021,0x0021,0x0021,0x0021,0x0021,0x0021,0x0021,0x0021,0x0021,0x0021,0x0021,0x0021,0x0021,0x0021,0x0021,0x0021,
0x0021,0x0021,0x0021,0x0021,0x0021,0x0021,0x0021,0x0021,0x0021,0x0021,0x0021,0x0021,0x0021,0x0021,0x0021,0x0021,
0x0021,0x0021,0x0021,0x0021,0x0021,0x0021,0x0021,0x0021,0x0021,0x0021,0x0021,0x0021,0x0021,0x0021,0x0021,0x0021,
0x0021,0x0021,0x0021,0x0021,0x0021,0x0021,0x0021,0x0021,0x0021,0x0021,0x0021,0x0021,0x0021,0x0021,0x0021,0x0021,
0x0021,0x0021,0x0021,0x0021,0x0021,0x0021,0x0021,0x0021,0x0021,0x0021,0x0021,0x0021,0x0021,0x0021,0x0021,0x0021,
0x0021,0x0021,0x0021,0x0021,0x0021,0x0021,0x0021,0x0021,0x0021,0x0021,0x0021,0x0021,0x0021,0x0021,0x0021,0x0021,
0x0021,0x0021,0x0021,0x0021,0x0021,0x0021,0x0021,0x0021,0x0021,0x0021,0x0021,0x0021,0x0021,0x0021,0x0021,0x0021,
},
{0x0021,0x0021,0x0021,0x0021,0x0021,0x0021,0x0021,0x0021,0x0021,0x0021,0x0021,0x0021,0x0021,0x0021,0x0021,0x0021,
0x0021,0x0021,0x0021,0x0021,0x0021,0x0021,0x0021,0x0021,0x0021,0x0021,0x0021,0x0021,0x0021,0x0021,0x0021,0x0021,
0x0021,0x0021,0x0021,0x0021,0x0021,0x0021,0x0021,0x0021,0x0021,0x0021,0x0021,0x0021,0x0021,0x0021,0x0021,0x0021,
0x0021,0x0021,0x0021,0x0021,0x0021,0x0021,0x0021,0x0021,0x0021,0x0021,0x0021,0x0021,0x0021,0x0021,0x0021,0x0021,
0x0021,0x0021,0x0021,0x0021,0x0021,0x0021,0x0021,0x0021,0x0021,0x0021,0x0021,0x0021,0x0021,0x0021,0x0021,0x0021,
0x0021,0x0021,0x0021,0x0021,0x0021,0x0021,0x0021,0x0021,0x0021,0x0021,0x0021,0x0021,0x0021,0x0021,0x0021,0x0021,
0x0021,0x0021,0x0021,0x0021,0x0021,0x0021,0x0021,0x0021,0x0021,0x0021,0x0021,0x0021,0x0021,0x0021,0x0021,0x0021,
0x0021,0x0021,0x0021,0x0021,0x0021,0x0021,0x0021,0x0021,0x0021,0x0021,0x0021,0x0021,0x0021,0x0021,0x0021,0x0021,
0x0021,0x0021,0x0021,0x0021,0x0021,0x0021,0x0021,0x0021,0x0021,0x0021,0x0021,0x0021,0x0021,0x0021,0x0021,0x0021,
0x0021,0x0021,0x0021,0x0021,0x0021,0x0021,0x0021,0x0021,0x0021,0x0021,0x0021,0x0021,0x0021,0x0021,0x0021,0x0021,
0x0021,0x0021,0x0021,0x0021,0x0021,0x0021,0x0021,0x0021,0x0021,0x0021,0x0021,0x0021,0x0021,0x0021,0x0021,0x0021,
0x0021,0x0021,0x0021,0x0021,0x0021,0x0021,0x0021,0x0021,0x0021,0x0021,0x0021,0x0021,0x0021,0x0021,0x0021,0x0021,
0x0021,0x0021,0x0021,0x0021,0x0021,0x0021,0x0021,0x0021,0x0021,0x0021,0x0021,0x0021,0x0021,0x0021,0x0021,0x0021,
0x0021,0x0021,0x0021,0x0021,0x0021,0x0021,0x0021,0x0021,0x0021,0x0021,0x0021,0x0021,0x0021,0x0021,0x0021,0x0021,
0x0021,0x0021,0x0021,0x0021,0x0021,0x0021,0x0021,0x0021,0x0021,0x0021,0x0021,0x0021,0x0021,0x0021,0x0021,0x0021,
0x0021,0x0021,0x0021,0x0021,0x0021,0x0021,0x0021,0x0021,0x0021,0x0021,0x0021,0x0021,0x0021,0x0021,0x0021,0x0021,
0x0021,0x0021,0x0021,0x0021,0x0021,0x0021,0x0021,0x0021,0x0021,0x0021,0x0021,0x0021,0x0021,0x0021,0x0021,0x0021,
0x0021,0x0021,0x0021,0x0021,0x0021,0x0021,0x0021,0x0021,0x0021,0x0021,0x0021,0x0021,0x0021,0x0021,0x0021,0x0021,
0x0021,0x0021,0x0021,0x0021,0x0021,0x0021,0x0021,0x0021,0x0021,0x0021,0x0021,0x0021,0x0021,0x0021,0x0021,0x0021,
0x0021,0x0021,0x0021,0x0021,0x0021,0x0021,0x0021,0x0021,0x0021,0x0021,0x0021,0x0021,0x0021,0x0021,0x0021,0x0021,
0x0021,0x0021,0x0021,0x0021,0x0021,0x0021,0x0021,0x0021,0x0021,0x0021,0x0021,0x0021,0x0021,0x0021,0x0021,0x0021,
0x0021,0x0021,0x0021,0x0021,0x0021,0x0021,0x0021,0x0021,0x0021,0x0021,0x0021,0x0021,0x0021,0x0021,0x0021,0x0021,
0x0021,0x0021,0x0021,0x0021,0x0021,0x0021,0x0021,0x0021,0x0021,0x0021,0x0021,0x0021,0x0021,0x0021,0x0021,0x0021,
0x0021,0x0021,0x0021,0x0021,0x0021,0x0021,0x0021,0x0021,0x0021,0x0021,0x0021,0x0021,0x0021,0x0021,0x0021,0x0021,
0x0021,0x0021,0x0021,0x0021,0x0021,0x0021,0x0021,0x0021,0x0021,0x0021,0x0021,0x0021,0x0021,0x0021,0x0021,0x0021,
0x0021,0x0021,0x0021,0x0021,0x0021,0x0021,0x0021,0x0021,0x0021,0x0021,0x0021,0x0021,0x0021,0x0021,0x0021,0x0021,
0x0021,0x0021,0x0021,0x0021,0x0021,0x0021,0x0021,0x0021,0x0021,0x0021,0x0021,0x0021,0x0021,0x0021,0x0021,0x0021,
0x0021,0x0021,0x0021,0x0021,0x0021,0x0021,0x0021,0x0021,0x0021,0x0021,0x0021,0x0021,0x0021,0x0021,0x0021,0x0021,
0x0021,0x0021,0x0021,0x0021,0x0021,0x0021,0x0021,0x0021,0x0021,0x0021,0x0021,0x0021,0x0021,0x0021,0x0021,0x0021,
0x0021,0x0021,0x0021,0x0021,0x0021,0x0021,0x0021,0x0021,0x0021,0x0021,0x0021,0x0021,0x0021,0x0021,0x0021,0x0021,
0x0021,0x0021,0x0021,0x0021,0x0021,0x0021,0x0021,0x0021,0x0021,0x0021,0x0021,0x0021,0x0021,0x0021,0x0021,0x0021,
0x0021,0x0021,0x0021,0x0021,0x0021,0x0021,0x0021,0x0021,0x0021,0x0021,0x0021,0x0021,0x0021,0x0021,0x0021,0x0021,
},
{0x0021,0x0021,0x0021,0x0021,0x0021,0x0021,0x0021,0x0021,0x0021,0x0021,0x0021,0x0021,0x0021,0x0021,0x0021,0x0021,
0x0021,0x0021,0x0021,0x0021,0x0021,0x0021,0x0021,0x0021,0x0021,0x0021,0x0021,0x0021,0x0021,0x0021,0x0021,0x0021,
0x0021,0x0021,0x0021,0x0021,0x0021,0x0021,0x0021,0x0021,0x0021,0x0021,0x0021,0x0021,0x0021,0x0021,0x0021,0x0021,
0x0021,0x0021,0x0021,0x0021,0x0021,0x0021,0x0021,0x0021,0x0021,0x0021,0x0021,0x0021,0x0021,0x0021,0x0021,0x0021,
0x0021,0x0021,0x0021,0x0021,0x0021,0x0021,0x0021,0x0021,0x0021,0x0021,0x0021,0x0021,0x0021,0x0021,0x0021,0x0021,
0x0021,0x0021,0x0021,0x0021,0x0021,0x0021,0x0021,0x0021,0x0021,0x0021,0x0021,0x0021,0x0021,0x0021,0x0021,0x0021,
0x0021,0x0021,0x0021,0x0021,0x0021,0x0021,0x0021,0x0021,0x0021,0x0021,0x0021,0x0021,0x0021,0x0021,0x0021,0x0021,
0x0021,0x0021,0x0021,0x0021,0x0021,0x0021,0x0021,0x0021,0x0021,0x0021,0x0021,0x0021,0x0021,0x0021,0x0021,0x0021,
0x0021,0x0021,0x0021,0x0021,0x0021,0x0021,0x0021,0x0021,0x0021,0x0021,0x0021,0x0021,0x0021,0x0021,0x0021,0x0021,
0x0021,0x0021,0x0021,0x0021,0x0021,0x0021,0x0021,0x0021,0x0021,0x0021,0x0021,0x0021,0x0021,0x0021,0x0021,0x0021,
0x0021,0x0021,0x0021,0x0021,0x0021,0x0021,0x0021,0x0021,0x0021,0x0021,0x0021,0x0021,0x0021,0x0021,0x0021,0x0021,
0x0021,0x0021,0x0021,0x0021,0x0021,0x0021,0x0021,0x0021,0x0021,0x0021,0x0021,0x0021,0x0021,0x0021,0x0021,0x0021,
0x0021,0x0021,0x0021,0x0021,0x0021,0x0021,0x0021,0x0021,0x0021,0x0021,0x0021,0x0021,0x0021,0x0021,0x0021,0x0021,
0x0021,0x0021,0x0021,0x0021,0x0021,0x0021,0x0021,0x0021,0x0021,0x0021,0x0021,0x0021,0x0021,0x0021,0x0021,0x0021,
0x0021,0x0021,0x0021,0x0021,0x0021,0x0021,0x0021,0x0021,0x0021,0x0021,0x0021,0x0021,0x0021,0x0021,0x0021,0x0021,
0x0021,0x0021,0x0021,0x0021,0x0021,0x0021,0x0021,0x0021,0x0021,0x0021,0x0021,0x0021,0x0021,0x0021,0x0021,0x0021,
0x0021,0x0021,0x0021,0x0021,0x0021,0x0021,0x0021,0x0021,0x0021,0x0021,0x0021,0x0021,0x0021,0x0021,0x0021,0x0021,
0x0021,0x0021,0x0021,0x0021,0x0021,0x0021,0x0021,0x0021,0x0021,0x0021,0x0021,0x0021,0x0021,0x0021,0x0021,0x0021,
0x0021,0x0021,0x0021,0x0021,0x0021,0x0021,0x0021,0x0021,0x0021,0x0021,0x0021,0x0021,0x0021,0x0021,0x0021,0x0021,
0x0021,0x0021,0x0021,0x0021,0x0021,0x0021,0x0021,0x0021,0x0021,0x0021,0x0021,0x0021,0x0021,0x0021,0x0021,0x0021,
0x0021,0x0021,0x0021,0x0021,0x0021,0x0021,0x0021,0x0021,0x0021,0x0021,0x0021,0x0021,0x0021,0x0021,0x0021,0x0021,
0x0021,0x0021,0x0021,0x0021,0x0021,0x0021,0x0021,0x0021,0x0021,0x0021,0x0021,0x0021,0x0021,0x0021,0x0021,0x0021,
0x0021,0x0021,0x0021,0x0021,0x0021,0x0021,0x0021,0x0021,0x0021,0x0021,0x0021,0x0021,0x0021,0x0021,0x0021,0x0021,
0x0021,0x0021,0x0021,0x0021,0x0021,0x0021,0x0021,0x0021,0x0021,0x0021,0x0021,0x0021,0x0021,0x0021,0x0021,0x0021,
0x0021,0x0021,0x0021,0x0021,0x0021,0x0021,0x0021,0x0021,0x0021,0x0021,0x0021,0x0021,0x0021,0x0021,0x0021,0x0021,
0x0021,0x0021,0x0021,0x0021,0x0021,0x0021,0x0021,0x0021,0x0021,0x0021,0x0021,0x0021,0x0021,0x0021,0x0021,0x0021,
0x0021,0x0021,0x0021,0x0021,0x0021,0x0021,0x0021,0x0021,0x0021,0x0021,0x0021,0x0021,0x0021,0x0021,0x0021,0x0021,
0x0021,0x0021,0x0021,0x0021,0x0021,0x0021,0x0021,0x0021,0x0021,0x0021,0x0021,0x0021,0x0021,0x0021,0x0021,0x0021,
0x0021,0x0021,0x0021,0x0021,0x0021,0x0021,0x0021,0x0021,0x0021,0x0021,0x0021,0x0021,0x0021,0x0021,0x0021,0x0021,
0x0021,0x0021,0x0021,0x0021,0x0021,0x0021,0x0021,0x0021,0x0021,0x0021,0x0021,0x0021,0x0021,0x0021,0x0021,0x0021,
0x0021,0x0021,0x0021,0x0021,0x0021,0x0021,0x0021,0x0021,0x0021,0x0021,0x0021,0x0021,0x0021,0x0021,0x0021,0x0021,
0x0021,0x0021,0x0021,0x0021,0x0021,0x0021,0x0021,0x0021,0x0021,0x0021,0x0021,0x0021,0x0021,0x0021,0x0021,0x0021,
},
{0x0021,0x0021,0x0021,0x0021,0x0021,0x0021,0x0021,0x0021,0x0021,0x0021,0x0021,0x0021,0x0021,0x0021,0x0021,0x0021,
0x0021,0x0021,0x0021,0x0021,0x0021,0x0021,0x0021,0x0021,0x0021,0x0021,0x0021,0x0021,0x0021,0x0021,0x0021,0x0021,
0x0021,0x0021,0x0021,0x0021,0x0021,0x0021,0x0021,0x0021,0x0021,0x0021,0x0021,0x0021,0x0021,0x0021,0x0021,0x0021,
0x0021,0x0021,0x0021,0x0021,0x0021,0x0021,0x0021,0x0021,0x0021,0x0021,0x0021,0x0021,0x0021,0x0021,0x0021,0x0021,
0x0021,0x0021,0x0021,0x0021,0x0021,0x0021,0x0021,0x0021,0x0021,0x0021,0x0021,0x0021,0x0021,0x0021,0x0021,0x0021,
0x0021,0x0021,0x0021,0x0021,0x0021,0x0021,0x0021,0x0021,0x0021,0x0021,0x0021,0x0021,0x0021,0x0021,0x0021,0x0021,
0x0022,0x0022,0x0021,0x0021,0x0021,0x0021,0x0021,0x0021,0x0022,0x0021,0x0021,0x0021,0x0021,0x0021,0x0021,0x0021,
0x0021,0x0021,0x0021,0x0021,0x0021,0x0021,0x0021,0x0021,0x0021,0x0021,0x0021,0x0021,0x0021,0x0021,0x0021,0x0021,
0x0021,0x0021,0x0021,0x0021,0x0021,0x0021,0x0021,0x0021,0x0021,0x0021,0x0021,0x0021,0x0021,0x0021,0x0021,0x0021,
0x0021,0x0022,0x0021,0x0021,0x0021,0x0021,0x0021,0x0021,0x0021,0x0021,0x0021,0x0021,0x0021,0x0021,0x0021,0x0021,
0x0021,0x0021,0x0021,0x0021,0x0021,0x0021,0x0021,0x0021,0x0021,0x0021,0x0021,0x0021,0x0021,0x0021,0x0021,0x0021,
0x0021,0x0021,0x0021,0x0021,0x0021,0x0021,0x0021,0x0021,0x0021,0x0021,0x0021,0x0021,0x0021,0x0021,0x0021,0x0021,
0x0021,0x0021,0x0021,0x0021,0x0021,0x0021,0x0021,0x0021,0x0021,0x0021,0x0021,0x0021,0x0021,0x0021,0x0021,0x0021,
0x0021,0x0021,0x0021,0x0021,0x0021,0x0021,0x0021,0x0021,0x0021,0x0021,0x0021,0x0021,0x0021,0x0021,0x0021,0x0021,
0x0021,0x0021,0x0021,0x0021,0x0021,0x0021,0x0021,0x0021,0x0021,0x0021,0x0021,0x0021,0x0021,0x0021,0x0021,0x0021,
0x0021,0x0021,0x0021,0x0021,0x0021,0x0021,0x0021,0x0021,0x0021,0x0021,0x0021,0x0021,0x0021,0x0021,0x0021,0x0021,
0x0021,0x0021,0x0021,0x0021,0x0021,0x0021,0x0021,0x0021,0x0021,0x0021,0x0021,0x0021,0x0021,0x0021,0x0021,0x0021,
0x0021,0x0021,0x0021,0x0021,0x0021,0x0021,0x0021,0x0021,0x0021,0x0021,0x0021,0x0021,0x0021,0x0021,0x0021,0x0021,
0x0021,0x0021,0x0021,0x0021,0x0021,0x0021,0x0021,0x0021,0x0021,0x0021,0x0021,0x0021,0x0021,0x0021,0x0021,0x0021,
0x0021,0x0021,0x0021,0x0021,0x0021,0x0021,0x0021,0x0021,0x0021,0x0021,0x0021,0x0021,0x0021,0x0021,0x0021,0x0021,
0x0021,0x0021,0x0021,0x0021,0x0021,0x0021,0x0021,0x0021,0x0021,0x0021,0x0021,0x0021,0x0021,0x0021,0x0021,0x0021,
0x0021,0x0021,0x0021,0x0021,0x0021,0x0021,0x0021,0x0021,0x0021,0x0021,0x0021,0x0021,0x0021,0x0021,0x0021,0x0021,
0x0021,0x0021,0x0021,0x0021,0x0021,0x0021,0x0021,0x0021,0x0021,0x0021,0x0021,0x0021,0x0021,0x0021,0x0022,0x0021,
0x0021,0x0021,0x0021,0x0021,0x0021,0x0021,0x0021,0x0021,0x0021,0x0021,0x0021,0x0021,0x0021,0x0021,0x0021,0x0021,
0x0021,0x0021,0x0021,0x0021,0x0021,0x0021,0x0021,0x0021,0x0021,0x0021,0x0021,0x0021,0x0021,0x0021,0x0021,0x0021,
0x0021,0x0021,0x0021,0x0021,0x0021,0x0021,0x0021,0x0021,0x0021,0x0021,0x0021,0x0021,0x0021,0x0021,0x0021,0x0021,
0x0021,0x0021,0x0021,0x0021,0x0021,0x0021,0x0021,0x0021,0x0021,0x0021,0x0021,0x0021,0x0021,0x0021,0x0021,0x0021,
0x0021,0x0021,0x0021,0x0021,0x0021,0x0021,0x0021,0x0021,0x0021,0x0021,0x0021,0x0021,0x0021,0x0021,0x0021,0x0021,
0x0021,0x0021,0x0021,0x0021,0x0021,0x0021,0x0021,0x0021,0x0021,0x0021,0x0021,0x0021,0x0021,0x0021,0x0021,0x0021,
0x0021,0x0021,0x0021,0x0021,0x0021,0x0021,0x0021,0x0021,0x0021,0x0021,0x0021,0x0021,0x0021,0x0021,0x0021,0x0021,
0x0021,0x0021,0x0021,0x0021,0x0021,0x0021,0x0021,0x0021,0x0021,0x0021,0x0021,0x0021,0x0021,0x0021,0x0021,0x0021,
0x0021,0x0021,0x0021,0x0021,0x0021,0x0021,0x0021,0x0021,0x0021,0x0021,0x0021,0x0021,0x0021,0x0021,0x0021,0x0021,
},
{0x0021,0x0021,0x0021,0x0021,0x0021,0x0021,0x0021,0x0021,0x0021,0x0021,0x0021,0x0021,0x0021,0x0021,0x0021,0x0021,
0x0021,0x0021,0x0021,0x0021,0x0021,0x0021,0x0021,0x0021,0x0021,0x0021,0x0021,0x0021,0x0021,0x0021,0x0021,0x0021,
0x0021,0x0021,0x0021,0x0021,0x0021,0x0021,0x0021,0x0021,0x0021,0x0021,0x0021,0x0021,0x0021,0x0021,0x0021,0x0021,
0x0021,0x0021,0x0021,0x0021,0x0021,0x0021,0x0022,0x0021,0x0021,0x0021,0x0021,0x0021,0x0022,0x0021,0x0021,0x0021,
0x0021,0x0021,0x0021,0x0021,0x0021,0x0022,0x0021,0x0021,0x0021,0x0021,0x0021,0x0021,0x0021,0x0021,0x0021,0x0021,
0x0021,0x0021,0x0021,0x0021,0x0021,0x0021,0x0021,0x0021,0x0021,0x0021,0x0021,0x0021,0x0021,0x0021,0x0021,0x0021,
0x0021,0x0021,0x0021,0x0022,0x0021,0x0021,0x0021,0x0021,0x0022,0x0021,0x0021,0x0021,0x0022,0x0021,0x0021,0x0021,
0x0022,0x0021,0x0021,0x0021,0x0021,0x0021,0x0021,0x0021,0x0021,0x0021,0x0021,0x0021,0x0021,0x0021,0x0021,0x0021,
0x0021,0x0022,0x0021,0x0022,0x0021,0x0021,0x0021,0x0022,0x0022,0x0022,0x0022,0x0022,0x0021,0x0021,0x0021,0x0021,
0x0021,0x0022,0x0022,0x0021,0x0021,0x0021,0x0021,0x0021,0x0021,0x0021,0x0021,0x0021,0x0021,0x0021,0x0022,0x0022,
0x0021,0x0021,0x0022,0x0021,0x0021,0x0021,0x0021,0x0021,0x0021,0x0021,0x0021,0x0021,0x0021,0x0021,0x0021,0x0021,
0x0021,0x0021,0x0021,0x0021,0x0021,0x0021,0x0021,0x0021,0x0021,0x0021,0x0021,0x0021,0x0021,0x0021,0x0021,0x0021,
0x0021,0x0021,0x0021,0x0021,0x0021,0x0021,0x0021,0x0021,0x0021,0x0021,0x0021,0x0021,0x0021,0x0021,0x0021,0x0021,
0x0021,0x0021,0x0021,0x0021,0x0021,0x0021,0x0021,0x0021,0x0021,0x0021,0x0021,0x0021,0x0021,0x0021,0x0021,0x0021,
0x0021,0x0021,0x0021,0x0021,0x0021,0x0021,0x0021,0x0021,0x0021,0x0021,0x0021,0x0021,0x0021,0x0021,0x0021,0x0021,
0x0021,0x0021,0x0021,0x0021,0x0021,0x0021,0x0021,0x0021,0x0021,0x0021,0x0021,0x0021,0x0021,0x0021,0x0021,0x0021,
0x0021,0x0021,0x0021,0x0021,0x0021,0x0021,0x0021,0x0021,0x0021,0x0021,0x0021,0x0021,0x0021,0x0021,0x0021,0x0021,
0x0021,0x0021,0x0021,0x0021,0x0021,0x0021,0x0021,0x0021,0x0021,0x0021,0x0021,0x0021,0x0021,0x0021,0x0021,0x0021,
0x0021,0x0021,0x0021,0x0021,0x0021,0x0021,0x0021,0x0021,0x0021,0x0021,0x0021,0x0021,0x0021,0x0021,0x0021,0x0021,
0x0021,0x0021,0x0021,0x0021,0x0021,0x0021,0x0021,0x0021,0x0021,0x0021,0x0021,0x0021,0x0021,0x0021,0x0021,0x0021,
0x0021,0x0021,0x0021,0x0021,0x0021,0x0021,0x0021,0x0021,0x0021,0x0021,0x0021,0x0021,0x0021,0x0021,0x0021,0x0021,
0x0021,0x0021,0x0021,0x0021,0x0021,0x0021,0x0021,0x0021,0x0021,0x0021,0x0021,0x0021,0x0021,0x0021,0x0021,0x0021,
0x0021,0x0021,0x0021,0x0021,0x0021,0x0021,0x0021,0x0021,0x0021,0x0021,0x0021,0x0021,0x0021,0x0021,0x0021,0x0021,
0x0022,0x0021,0x0021,0x0021,0x0022,0x0021,0x0021,0x0021,0x0021,0x0021,0x0021,0x0021,0x0021,0x0021,0x0021,0x0021,
0x0021,0x0021,0x0021,0x0021,0x0021,0x0021,0x0021,0x0021,0x0021,0x0021,0x0021,0x0021,0x0021,0x0021,0x0021,0x0021,
0x0021,0x0021,0x0021,0x0021,0x0021,0x0021,0x0021,0x0021,0x0021,0x0021,0x0021,0x0021,0x0021,0x0021,0x0021,0x0021,
0x0021,0x0021,0x0021,0x0021,0x0021,0x0021,0x0021,0x0021,0x0021,0x0021,0x0021,0x0021,0x0021,0x0021,0x0021,0x0021,
0x0021,0x0021,0x0021,0x0021,0x0021,0x0021,0x0021,0x0021,0x0021,0x0021,0x0021,0x0021,0x0021,0x0021,0x0021,0x0021,
0x0021,0x0021,0x0021,0x0021,0x0021,0x0021,0x0021,0x0021,0x0021,0x0021,0x0021,0x0021,0x0021,0x0021,0x0021,0x0021,
0x0021,0x0021,0x0021,0x0021,0x0021,0x0021,0x0021,0x0021,0x0021,0x0021,0x0021,0x0021,0x0021,0x0021,0x0021,0x0021,
0x0021,0x0021,0x0021,0x0021,0x0021,0x0021,0x0021,0x0021,0x0021,0x0021,0x0021,0x0021,0x0021,0x0021,0x0021,0x0021,
0x0021,0x0021,0x0021,0x0021,0x0021,0x0021,0x0021,0x0021,0x0021,0x0021,0x0021,0x0021,0x0021,0x0021,0x0021,0x0021,
},
{0x0021,0x0021,0x0021,0x0021,0x0021,0x0021,0x0021,0x0021,0x0021,0x0021,0x0021,0x0021,0x0021,0x0021,0x0021,0x0021,
0x0021,0x0021,0x0021,0x0021,0x0021,0x0021,0x0021,0x0021,0x0021,0x0021,0x0021,0x0021,0x0021,0x0021,0x0021,0x0021,
0x0021,0x0021,0x0021,0x0021,0x0021,0x0021,0x0021,0x0021,0x0021,0x0021,0x0021,0x0021,0x0021,0x0021,0x0021,0x0021,
0x0021,0x0021,0x0021,0x0021,0x0021,0x0021,0x0021,0x0021,0x0021,0x0021,0x0021,0x0021,0x0021,0x0021,0x0021,0x0021,
0x0021,0x0021,0x0021,0x0021,0x0021,0x0021,0x0021,0x0021,0x0021,0x0021,0x0021,0x0021,0x0021,0x0021,0x0021,0x0021,
0x0021,0x0021,0x0021,0x0021,0x0021,0x0021,0x0021,0x0021,0x0021,0x0021,0x0021,0x0021,0x0021,0x0021,0x0021,0x0021,
0x0021,0x0021,0x0021,0x0021,0x0022,0x0022,0x0022,0x0022,0x0021,0x0022,0x0022,0x0022,0x0021,0x0021,0x0021,0x0021,
0x0021,0x0022,0x0021,0x0022,0x0021,0x0021,0x0021,0x0021,0x0021,0x0021,0x0021,0x0022,0x0021,0x0021,0x0021,0x0021,
0x0021,0x0022,0x0022,0x0022,0x0022,0x0022,0x0022,0x0022,0x0022,0x0022,0x0022,0x0022,0x0022,0x0022,0x0022,0x0021,
0x0021,0x0021,0x0021,0x0021,0x0021,0x0021,0x0021,0x0021,0x0021,0x0021,0x0021,0x0021,0x0021,0x0021,0x0021,0x0021,
0x0021,0x0021,0x0021,0x0021,0x0021,0x0021,0x0021,0x0021,0x0022,0x0022,0x0021,0x0022,0x0021,0x0021,0x0021,0x0021,
0x0021,0x0021,0x0021,0x0021,0x0021,0x0021,0x0021,0x0021,0x0021,0x0021,0x0021,0x0021,0x0021,0x0021,0x0021,0x0021,
0x0021,0x0021,0x0021,0x0021,0x0021,0x0021,0x0021,0x0021,0x0021,0x0022,0x0021,0x0021,0x0021,0x0021,0x0021,0x0021,
0x0021,0x0021,0x0021,0x0021,0x0021,0x0021,0x0021,0x0021,0x0021,0x0021,0x0021,0x0021,0x0021,0x0021,0x0021,0x0021,
0x0021,0x0021,0x0021,0x0021,0x0021,0x0021,0x0021,0x0021,0x0021,0x0021,0x0021,0x0021,0x0021,0x0021,0x0021,0x0021,
0x0021,0x0021,0x0021,0x0021,0x0021,0x0021,0x0021,0x0021,0x0021,0x0021,0x0021,0x0021,0x0021,0x0021,0x0021,0x0021,
0x0021,0x0021,0x0021,0x0021,0x0021,0x0021,0x0021,0x0021,0x0021,0x0021,0x0021,0x0021,0x0021,0x0021,0x0021,0x0021,
0x0021,0x0021,0x0021,0x0021,0x0021,0x0021,0x0021,0x0021,0x0021,0x0021,0x0021,0x0021,0x0021,0x0021,0x0021,0x0021,
0x0021,0x0021,0x0021,0x0021,0x0021,0x0021,0x0021,0x0021,0x0021,0x0021,0x0021,0x0021,0x0021,0x0021,0x0021,0x0022,
0x0022,0x0021,0x0021,0x0021,0x0021,0x0021,0x0021,0x0022,0x0021,0x0021,0x0021,0x0021,0x0021,0x0021,0x0021,0x0021,
0x0021,0x0022,0x0021,0x0021,0x0021,0x0021,0x0021,0x0021,0x0021,0x0021,0x0021,0x0021,0x0021,0x0021,0x0021,0x0021,
0x0021,0x0021,0x0021,0x0021,0x0021,0x0021,0x0021,0x0021,0x0021,0x0021,0x0021,0x0021,0x0021,0x0021,0x0021,0x0021,
0x0021,0x0021,0x0021,0x0021,0x0021,0x0021,0x0021,0x0021,0x0021,0x0021,0x0021,0x0021,0x0021,0x0022,0x0021,0x0021,
0x0021,0x0021,0x0021,0x0022,0x0022,0x0021,0x0021,0x0022,0x0021,0x0021,0x0021,0x0021,0x0021,0x0021,0x0021,0x0021,
0x0021,0x0021,0x0021,0x0021,0x0021,0x0021,0x0021,0x0021,0x0021,0x0021,0x0021,0x0021,0x0021,0x0021,0x0021,0x0021,
0x0021,0x0021,0x0021,0x0021,0x0021,0x0021,0x0021,0x0021,0x0021,0x0021,0x0021,0x0021,0x0021,0x0021,0x0021,0x0021,
0x0021,0x0021,0x0021,0x0021,0x0021,0x0021,0x0021,0x0021,0x0021,0x0021,0x0021,0x0021,0x0021,0x0021,0x0021,0x0021,
0x0021,0x0021,0x0021,0x0021,0x0021,0x0021,0x0021,0x0021,0x0021,0x0021,0x0021,0x0021,0x0021,0x0021,0x0021,0x0021,
0x0021,0x0021,0x0021,0x0021,0x0021,0x0021,0x0021,0x0021,0x0021,0x0021,0x0021,0x0021,0x0021,0x0021,0x0021,0x0021,
0x0021,0x0021,0x0021,0x0021,0x0021,0x0021,0x0021,0x0021,0x0021,0x0021,0x0021,0x0021,0x0021,0x0021,0x0021,0x0021,
0x0021,0x0021,0x0021,0x0021,0x0021,0x0021,0x0021,0x0021,0x0021,0x0021,0x0021,0x0021,0x0021,0x0021,0x0021,0x0021,
0x0021,0x0021,0x0021,0x0021,0x0021,0x0021,0x0021,0x0021,0x0021,0x0021,0x0021,0x0021,0x0021,0x0021,0x0021,0x0021,
},
{0x0021,0x0021,0x0021,0x0021,0x0021,0x0021,0x0021,0x0021,0x0021,0x0021,0x0021,0x0021,0x0021,0x0021,0x0021,0x0021,
0x0021,0x0021,0x0021,0x0021,0x0021,0x0021,0x0021,0x0021,0x0021,0x0021,0x0021,0x0021,0x0021,0x0021,0x0021,0x0021,
0x0021,0x0021,0x0021,0x0021,0x0021,0x0021,0x0021,0x0021,0x0021,0x0021,0x0021,0x0021,0x0021,0x0021,0x0021,0x0021,
0x0021,0x0021,0x0021,0x0021,0x0021,0x0021,0x0021,0x0021,0x0021,0x0021,0x0021,0x0021,0x0021,0x0021,0x0021,0x0021,
0x0022,0x0021,0x0021,0x0021,0x0021,0x0021,0x0021,0x0021,0x0021,0x0021,0x0021,0x0021,0x0021,0x0021,0x0021,0x0021,
0x0021,0x0021,0x0021,0x0021,0x0021,0x0021,0x0021,0x0021,0x0021,0x0021,0x0021,0x0021,0x0021,0x0021,0x0021,0x0021,
0x0021,0x0021,0x0021,0x0021,0x0022,0x0022,0x0021,0x0022,0x0022,0x0022,0x0022,0x0021,0x0021,0x0021,0x0021,0x0021,
0x0021,0x0021,0x0021,0x0021,0x0021,0x0021,0x0021,0x0021,0x0021,0x0021,0x0021,0x0021,0x0021,0x0021,0x0021,0x0021,
0x0022,0x0021,0x0022,0x0022,0x0022,0x0022,0x0022,0x0022,0x0022,0x0022,0x0021,0x0022,0x0021,0x0021,0x0021,0x0022,
0x0021,0x0021,0x0021,0x0021,0x0021,0x0021,0x0021,0x0021,0x0021,0x0021,0x0021,0x0021,0x0021,0x0021,0x0021,0x0021,
0x0021,0x0021,0x0021,0x0021,0x0021,0x0021,0x0021,0x0021,0x0021,0x0021,0x0021,0x0022,0x0021,0x0021,0x0021,0x0021,
0x0021,0x0021,0x0021,0x0021,0x0021,0x0021,0x0021,0x0021,0x0021,0x0021,0x0021,0x0021,0x0021,0x0021,0x0021,0x0021,
0x0021,0x0021,0x0021,0x0021,0x0021,0x0021,0x0021,0x0021,0x0021,0x0021,0x0021,0x0021,0x0021,0x0021,0x0021,0x0021,
0x0021,0x0021,0x0021,0x0022,0x0021,0x0021,0x0021,0x0021,0x0021,0x0021,0x0021,0x0021,0x0021,0x0021,0x0021,0x0021,
0x0021,0x0021,0x0021,0x0021,0x0021,0x0021,0x0021,0x0021,0x0021,0x0021,0x0021,0x0021,0x0021,0x0021,0x0021,0x0021,
0x0021,0x0021,0x0021,0x0021,0x0021,0x0021,0x0021,0x0021,0x0021,0x0021,0x0021,0x0021,0x0021,0x0021,0x0021,0x0021,
0x0021,0x0021,0x0021,0x0021,0x0021,0x0021,0x0021,0x0021,0x0021,0x0021,0x0021,0x0021,0x0021,0x0021,0x0021,0x0021,
0x0021,0x0021,0x0021,0x0021,0x0021,0x0021,0x0021,0x0021,0x0021,0x0021,0x0021,0x0021,0x0021,0x0021,0x0021,0x0021,
0x0021,0x0021,0x0021,0x0022,0x0021,0x0021,0x0021,0x0021,0x0021,0x0021,0x0021,0x0021,0x0021,0x0022,0x0022,0x0022,
0x0021,0x0021,0x0021,0x0021,0x0021,0x0021,0x0021,0x0021,0x0021,0x0021,0x0021,0x0021,0x0021,0x0021,0x0021,0x0021,
0x0021,0x0022,0x0021,0x0021,0x0022,0x0022,0x0021,0x0021,0x0021,0x0021,0x0021,0x0021,0x0021,0x0021,0x0021,0x0021,
0x0021,0x0021,0x0021,0x0021,0x0021,0x0021,0x0021,0x0021,0x0021,0x0021,0x0021,0x0021,0x0021,0x0021,0x0021,0x0022,
0x0021,0x0021,0x0022,0x0021,0x0021,0x0022,0x0021,0x0021,0x0021,0x0021,0x0021,0x0021,0x0021,0x0022,0x0022,0x0021,
0x0021,0x0021,0x0022,0x0021,0x0022,0x0022,0x0021,0x0022,0x0021,0x0021,0x0021,0x0021,0x0021,0x0022,0x0021,0x0021,
0x0022,0x0021,0x0021,0x0021,0x0021,0x0021,0x0021,0x0021,0x0021,0x0022,0x0022,0x0022,0x0021,0x0021,0x0021,0x0021,
0x0021,0x0021,0x0021,0x0022,0x0021,0x0021,0x0021,0x0021,0x0021,0x0021,0x0021,0x0021,0x0021,0x0021,0x0021,0x0021,
0x0021,0x0021,0x0021,0x0021,0x0021,0x0021,0x0021,0x0021,0x0021,0x0021,0x0021,0x0021,0x0021,0x0021,0x0021,0x0021,
0x0021,0x0021,0x0021,0x0021,0x0021,0x0021,0x0021,0x0021,0x0021,0x0021,0x0021,0x0021,0x0021,0x0021,0x0021,0x0021,
0x0021,0x0021,0x0021,0x0021,0x0021,0x0021,0x0021,0x0021,0x0021,0x0021,0x0021,0x0021,0x0021,0x0021,0x0021,0x0021,
0x0021,0x0021,0x0021,0x0021,0x0021,0x0021,0x0021,0x0021,0x0021,0x0021,0x0021,0x0021,0x0021,0x0021,0x0021,0x0021,
0x0021,0x0021,0x0021,0x0021,0x0021,0x0021,0x0021,0x0021,0x0021,0x0021,0x0021,0x0021,0x0021,0x0021,0x0021,0x0021,
0x0021,0x0021,0x0021,0x0021,0x0021,0x0021,0x0021,0x0021,0x0021,0x0021,0x0021,0x0021,0x0021,0x0021,0x0021,0x0021,
},
{0x0021,0x0021,0x0021,0x0021,0x0021,0x0021,0x0021,0x0021,0x0021,0x0021,0x0021,0x0021,0x0021,0x0021,0x0021,0x0021,
0x0021,0x0021,0x0021,0x0021,0x0021,0x0021,0x0021,0x0021,0x0021,0x0021,0x0021,0x0021,0x0021,0x0021,0x0021,0x0021,
0x0021,0x0021,0x0021,0x0021,0x0021,0x0021,0x0021,0x0021,0x0021,0x0021,0x0021,0x0021,0x0021,0x0021,0x0021,0x0021,
0x0021,0x0021,0x0021,0x0021,0x0021,0x0021,0x0021,0x0021,0x0021,0x0021,0x0021,0x0021,0x0021,0x0021,0x0021,0x0021,
0x0021,0x0021,0x0021,0x0021,0x0022,0x0021,0x0021,0x0021,0x0021,0x0021,0x0021,0x0021,0x0021,0x0021,0x0021,0x0021,
0x0021,0x0021,0x0021,0x0021,0x0021,0x0021,0x0021,0x0021,0x0021,0x0021,0x0021,0x0021,0x0021,0x0021,0x0021,0x0021,
0x0021,0x0021,0x0021,0x0021,0x0021,0x0021,0x0021,0x0022,0x0022,0x0022,0x0022,0x0021,0x0021,0x0021,0x0021,0x0021,
0x0021,0x0021,0x0021,0x0021,0x0021,0x0021,0x0021,0x0021,0x0021,0x0021,0x0021,0x0021,0x0021,0x0021,0x0022,0x0021,
0x0021,0x0022,0x0022,0x0021,0x0022,0x0022,0x0022,0x0022,0x0022,0x0022,0x0022,0x0022,0x0022,0x0021,0x0021,0x0022,
0x0021,0x0021,0x0021,0x0022,0x0021,0x0021,0x0021,0x0021,0x0021,0x0021,0x0021,0x0021,0x0021,0x0021,0x0021,0x0021,
0x0021,0x0021,0x0021,0x0021,0x0021,0x0021,0x0021,0x0021,0x0021,0x0021,0x0021,0x0021,0x0021,0x0021,0x0021,0x0021,
0x0021,0x0021,0x0021,0x0021,0x0021,0x0021,0x0021,0x0021,0x0021,0x0021,0x0021,0x0021,0x0021,0x0021,0x0021,0x0022,
0x0021,0x0021,0x0021,0x0021,0x0021,0x0021,0x0021,0x0021,0x0021,0x0021,0x0021,0x0021,0x0021,0x0022,0x0022,0x0022,
0x0021,0x0021,0x0021,0x0021,0x0022,0x0021,0x0021,0x0022,0x0021,0x0021,0x0021,0x0021,0x0021,0x0021,0x0021,0x0021,
0x0021,0x0021,0x0021,0x0021,0x0021,0x0021,0x0021,0x0021,0x0021,0x0021,0x0021,0x0021,0x0021,0x0021,0x0021,0x0021,
0x0021,0x0021,0x0021,0x0021,0x0021,0x0021,0x0021,0x0021,0x0021,0x0021,0x0021,0x0021,0x0022,0x0021,0x0021,0x0021,
0x0021,0x0021,0x0021,0x0021,0x0021,0x0021,0x0021,0x0021,0x0021,0x0021,0x0021,0x0021,0x0021,0x0021,0x0021,0x0021,
0x0021,0x0021,0x0022,0x0021,0x0021,0x0021,0x0021,0x0021,0x0021,0x0021,0x0021,0x0021,0x0021,0x0021,0x0021,0x0021,
0x0021,0x0021,0x0022,0x0021,0x0021,0x0021,0x0021,0x0021,0x0022,0x0022,0x0021,0x0021,0x0021,0x0022,0x0022,0x0022,
0x0022,0x0021,0x0021,0x0021,0x0021,0x0021,0x0021,0x0021,0x0022,0x0021,0x0021,0x0022,0x0021,0x0021,0x0021,0x0021,
0x0021,0x0021,0x0021,0x0021,0x0022,0x0021,0x0021,0x0021,0x0021,0x0021,0x0021,0x0021,0x0021,0x0021,0x0021,0x0021,
0x0021,0x0021,0x0021,0x0021,0x0021,0x0021,0x0021,0x0022,0x0021,0x0021,0x0021,0x0021,0x0021,0x0021,0x0021,0x0022,
0x0022,0x0021,0x0022,0x0022,0x0021,0x0022,0x0022,0x0021,0x0021,0x0021,0x0021,0x0022,0x0021,0x0022,0x0022,0x0021,
0x0022,0x0021,0x0022,0x0021,0x0022,0x0022,0x0022,0x0022,0x0022,0x0022,0x0021,0x0022,0x0021,0x0021,0x0021,0x0021,
0x0021,0x0021,0x0021,0x0021,0x0021,0x0021,0x0021,0x0021,0x0021,0x0022,0x0021,0x0022,0x0021,0x0022,0x0022,0x0021,
0x0021,0x0021,0x0021,0x0022,0x0021,0x0021,0x0021,0x0022,0x0021,0x0021,0x0021,0x0021,0x0021,0x0021,0x0021,0x0021,
0x0021,0x0021,0x0021,0x0021,0x0021,0x0021,0x0021,0x0021,0x0021,0x0021,0x0021,0x0021,0x0021,0x0021,0x0021,0x0021,
0x0021,0x0021,0x0021,0x0021,0x0021,0x0021,0x0021,0x0021,0x0021,0x0021,0x0021,0x0021,0x0021,0x0021,0x0021,0x0021,
0x0021,0x0021,0x0021,0x0021,0x0021,0x0021,0x0021,0x0021,0x0021,0x0021,0x0021,0x0021,0x0021,0x0021,0x0021,0x0021,
0x0021,0x0021,0x0021,0x0021,0x0021,0x0021,0x0021,0x0021,0x0021,0x0021,0x0021,0x0021,0x0021,0x0021,0x0021,0x0021,
0x0021,0x0021,0x0021,0x0021,0x0021,0x0021,0x0021,0x0021,0x0021,0x0021,0x0021,0x0021,0x0021,0x0021,0x0021,0x0021,
0x0021,0x0021,0x0021,0x0021,0x0021,0x0021,0x0021,0x0021,0x0021,0x0021,0x0021,0x0021,0x0021,0x0021,0x0021,0x0021,
},
{0x0021,0x0021,0x0021,0x0021,0x0021,0x0021,0x0021,0x0021,0x0021,0x0021,0x0021,0x0021,0x0021,0x0021,0x0021,0x0021,
0x0021,0x0021,0x0021,0x0021,0x0021,0x0021,0x0021,0x0021,0x0021,0x0021,0x0021,0x0021,0x0021,0x0021,0x0021,0x0021,
0x0021,0x0021,0x0021,0x0021,0x0021,0x0021,0x0021,0x0021,0x0021,0x0021,0x0021,0x0021,0x0021,0x0021,0x0021,0x0021,
0x0021,0x0021,0x0021,0x0021,0x0021,0x0021,0x0021,0x0021,0x0021,0x0021,0x0021,0x0021,0x0021,0x0021,0x0021,0x0021,
0x0021,0x0021,0x0021,0x0021,0x0021,0x0021,0x0021,0x0021,0x0021,0x0021,0x0021,0x0021,0x0021,0x0021,0x0021,0x0021,
0x0021,0x0021,0x0021,0x0021,0x0021,0x0021,0x0021,0x0021,0x0021,0x0021,0x0021,0x0021,0x0021,0x0021,0x0021,0x0021,
0x0021,0x0022,0x0022,0x0022,0x0021,0x0021,0x0021,0x0021,0x0021,0x0022,0x0021,0x0021,0x0021,0x0021,0x0021,0x0021,
0x0021,0x0022,0x0021,0x0021,0x0021,0x0021,0x0021,0x0021,0x0021,0x0021,0x0021,0x0022,0x0021,0x0021,0x0022,0x0022,
0x0021,0x0022,0x0022,0x0021,0x0022,0x0021,0x0021,0x0021,0x0022,0x0021,0x0022,0x0022,0x0021,0x0021,0x0021,0x0021,
0x0021,0x0021,0x0021,0x0021,0x0021,0x0021,0x0021,0x0021,0x0021,0x0021,0x0021,0x0021,0x0021,0x0021,0x0021,0x0021,
0x0021,0x0022,0x0021,0x0021,0x0021,0x0021,0x0021,0x0021,0x0021,0x0021,0x0021,0x0021,0x0021,0x0022,0x0021,0x0021,
0x0021,0x0021,0x0021,0x0021,0x0021,0x0021,0x0021,0x0022,0x0021,0x0021,0x0021,0x0021,0x0021,0x0021,0x0021,0x0021,
0x0022,0x0022,0x0021,0x0021,0x0021,0x0021,0x0021,0x0021,0x0021,0x0021,0x0021,0x0021,0x0022,0x0021,0x0021,0x0022,
0x0021,0x0021,0x0021,0x0021,0x0021,0x0021,0x0021,0x0021,0x0021,0x0021,0x0021,0x0021,0x0021,0x0021,0x0021,0x0021,
0x0021,0x0021,0x0021,0x0021,0x0021,0x0021,0x0021,0x0021,0x0021,0x0021,0x0021,0x0021,0x0021,0x0021,0x0021,0x0021,
0x0021,0x0021,0x0021,0x0021,0x0021,0x0021,0x0021,0x0021,0x0021,0x0021,0x0021,0x0021,0x0021,0x0021,0x0021,0x0021,
0x0021,0x0021,0x0021,0x0021,0x0021,0x0021,0x0021,0x0021,0x0021,0x0021,0x0021,0x0021,0x0021,0x0021,0x0021,0x0021,
0x0021,0x0021,0x0021,0x0021,0x0021,0x0021,0x0021,0x0021,0x0021,0x0021,0x0021,0x0021,0x0021,0x0021,0x0021,0x0022,
0x0021,0x0021,0x0021,0x0021,0x0021,0x0021,0x0021,0x0022,0x0021,0x0021,0x0021,0x0021,0x0022,0x0022,0x0022,0x0021,
0x0022,0x0021,0x0021,0x0021,0x0022,0x0021,0x0022,0x0021,0x0021,0x0021,0x0021,0x0021,0x0021,0x0022,0x0021,0x0021,
0x0021,0x0021,0x0021,0x0021,0x0021,0x0021,0x0021,0x0021,0x0021,0x0021,0x0021,0x0021,0x0021,0x0021,0x0021,0x0021,
0x0021,0x0021,0x0021,0x0021,0x0021,0x0021,0x0021,0x0021,0x0021,0x0021,0x0021,0x0021,0x0021,0x0021,0x0022,0x0021,
0x0021,0x0022,0x0022,0x0021,0x0021,0x0022,0x0022,0x0021,0x0022,0x0021,0x0022,0x0022,0x0021,0x0022,0x0021,0x0022,
0x0022,0x0021,0x0021,0x0022,0x0022,0x0022,0x0022,0x0022,0x0022,0x0022,0x0021,0x0022,0x0022,0x0021,0x0021,0x0021,
0x0021,0x0021,0x0022,0x0021,0x0021,0x0021,0x0021,0x0021,0x0021,0x0022,0x0022,0x0022,0x0022,0x0022,0x0021,0x0021,
0x0021,0x0021,0x0021,0x0021,0x0022,0x0021,0x0021,0x0022,0x0021,0x0021,0x0021,0x0021,0x0021,0x0021,0x0021,0x0021,
0x0021,0x0021,0x0021,0x0021,0x0021,0x0021,0x0021,0x0021,0x0021,0x0021,0x0021,0x0021,0x0021,0x0021,0x0021,0x0021,
0x0021,0x0021,0x0021,0x0021,0x0021,0x0021,0x0021,0x0021,0x0021,0x0021,0x0021,0x0021,0x0021,0x0021,0x0021,0x0021,
0x0021,0x0021,0x0021,0x0021,0x0021,0x0021,0x0021,0x0021,0x0021,0x0021,0x0021,0x0021,0x0021,0x0021,0x0021,0x0021,
0x0021,0x0021,0x0021,0x0021,0x0021,0x0021,0x0021,0x0021,0x0021,0x0021,0x0021,0x0021,0x0021,0x0021,0x0021,0x0021,
0x0021,0x0021,0x0021,0x0021,0x0021,0x0021,0x0021,0x0021,0x0021,0x0021,0x0021,0x0021,0x0021,0x0021,0x0021,0x0021,
0x0021,0x0021,0x0021,0x0021,0x0021,0x0021,0x0021,0x0021,0x0021,0x0021,0x0021,0x0021,0x0021,0x0021,0x0021,0x0021,
},
{0x0021,0x0021,0x0021,0x0021,0x0021,0x0021,0x0021,0x0021,0x0021,0x0021,0x0021,0x0021,0x0021,0x0021,0x0021,0x0021,
0x0021,0x0021,0x0021,0x0021,0x0021,0x0021,0x0021,0x0021,0x0021,0x0021,0x0021,0x0021,0x0021,0x0021,0x0021,0x0021,
0x0021,0x0021,0x0021,0x0021,0x0021,0x0021,0x0021,0x0021,0x0021,0x0021,0x0021,0x0021,0x0021,0x0021,0x0021,0x0021,
0x0021,0x0021,0x0021,0x0021,0x0021,0x0021,0x0021,0x0021,0x0021,0x0021,0x0021,0x0021,0x0021,0x0021,0x0021,0x0021,
0x0021,0x0021,0x0021,0x0021,0x0021,0x0021,0x0021,0x0021,0x0021,0x0021,0x0021,0x0021,0x0021,0x0021,0x0021,0x0021,
0x0021,0x0021,0x0021,0x0021,0x0021,0x0021,0x0021,0x0021,0x0021,0x0021,0x0021,0x0021,0x0021,0x0021,0x0021,0x0021,
0x0021,0x0021,0x0021,0x0022,0x0022,0x0021,0x0021,0x0021,0x0021,0x0021,0x0021,0x0021,0x0021,0x0021,0x0021,0x0021,
0x0021,0x0021,0x0021,0x0021,0x0021,0x0021,0x0021,0x0021,0x0021,0x0021,0x0022,0x0021,0x0021,0x0022,0x0022,0x0021,
0x0022,0x0022,0x0021,0x0021,0x0021,0x0022,0x0021,0x0021,0x0021,0x0021,0x0021,0x0021,0x0021,0x0021,0x0021,0x0021,
0x0021,0x0021,0x0021,0x0021,0x0021,0x0021,0x0021,0x0021,0x0021,0x0021,0x0021,0x0021,0x0021,0x0021,0x0021,0x0021,
0x0022,0x0022,0x0022,0x0022,0x0021,0x0021,0x0021,0x0021,0x0021,0x0021,0x0021,0x0021,0x0022,0x0021,0x0021,0x0022,
0x0021,0x0021,0x0021,0x0021,0x0021,0x0021,0x0022,0x0022,0x0021,0x0021,0x0021,0x0021,0x0022,0x0021,0x0021,0x0021,
0x0021,0x0022,0x0021,0x0021,0x0021,0x0021,0x0021,0x0021,0x0021,0x0021,0x0021,0x0021,0x0021,0x0021,0x0022,0x0021,
0x0021,0x0021,0x0021,0x0021,0x0021,0x0021,0x0021,0x0021,0x0021,0x0021,0x0021,0x0021,0x0021,0x0021,0x0021,0x0021,
0x0021,0x0021,0x0021,0x0021,0x0021,0x0021,0x0021,0x0021,0x0021,0x0021,0x0021,0x0022,0x0021,0x0021,0x0021,0x0022,
0x0021,0x0021,0x0021,0x0021,0x0021,0x0021,0x0021,0x0021,0x0021,0x0021,0x0021,0x0021,0x0021,0x0021,0x0022,0x0021,
0x0021,0x0021,0x0021,0x0021,0x0021,0x0021,0x0021,0x0021,0x0021,0x0021,0x0021,0x0021,0x0021,0x0021,0x0021,0x0021,
0x0021,0x0021,0x0021,0x0021,0x0021,0x0021,0x0021,0x0021,0x0021,0x0021,0x0021,0x0021,0x0022,0x0022,0x0022,0x0021,
0x0021,0x0022,0x0021,0x0021,0x0021,0x0021,0x0022,0x0022,0x0022,0x0021,0x0021,0x0022,0x0022,0x0022,0x0022,0x0022,
0x0021,0x0021,0x0021,0x0021,0x0022,0x0021,0x0021,0x0022,0x0021,0x0021,0x0021,0x0021,0x0021,0x0021,0x0021,0x0021,
0x0021,0x0021,0x0021,0x0021,0x0021,0x0021,0x0021,0x0021,0x0022,0x0021,0x0021,0x0021,0x0021,0x0021,0x0021,0x0021,
0x0021,0x0021,0x0021,0x0021,0x0021,0x0021,0x0021,0x0021,0x0021,0x0021,0x0021,0x0021,0x0021,0x0021,0x0022,0x0022,
0x0022,0x0022,0x0022,0x0022,0x0022,0x0022,0x0022,0x0022,0x0022,0x0022,0x0022,0x0022,0x0021,0x0022,0x0022,0x0022,
0x0022,0x0022,0x0022,0x0022,0x0022,0x0022,0x0022,0x0022,0x0022,0x0022,0x0022,0x0022,0x0022,0x0022,0x0022,0x0021,
0x0021,0x0022,0x0021,0x0022,0x0021,0x0022,0x0022,0x0022,0x0021,0x0021,0x0022,0x0022,0x0022,0x0022,0x0022,0x0021,
0x0021,0x0021,0x0021,0x0021,0x0021,0x0021,0x0021,0x0021,0x0021,0x0021,0x0021,0x0021,0x0021,0x0021,0x0021,0x0021,
0x0021,0x0021,0x0021,0x0021,0x0021,0x0021,0x0021,0x0021,0x0021,0x0021,0x0021,0x0021,0x0021,0x0021,0x0021,0x0021,
0x0021,0x0021,0x0021,0x0021,0x0021,0x0021,0x0021,0x0021,0x0021,0x0021,0x0021,0x0021,0x0021,0x0021,0x0021,0x0021,
0x0021,0x0021,0x0021,0x0021,0x0021,0x0021,0x0021,0x0021,0x0021,0x0021,0x0021,0x0021,0x0021,0x0021,0x0021,0x0021,
0x0021,0x0021,0x0021,0x0021,0x0021,0x0021,0x0021,0x0021,0x0021,0x0021,0x0021,0x0021,0x0021,0x0021,0x0021,0x0021,
0x0021,0x0021,0x0021,0x0021,0x0021,0x0021,0x0021,0x0021,0x0021,0x0021,0x0021,0x0021,0x0021,0x0021,0x0021,0x0021,
0x0021,0x0021,0x0021,0x0021,0x0021,0x0021,0x0021,0x0021,0x0021,0x0021,0x0021,0x0021,0x0021,0x0021,0x0021,0x0021,
},
{0x0021,0x0021,0x0021,0x0021,0x0021,0x0021,0x0021,0x0021,0x0021,0x0021,0x0021,0x0021,0x0021,0x0021,0x0021,0x0021,
0x0021,0x0021,0x0021,0x0021,0x0021,0x0021,0x0021,0x0021,0x0021,0x0021,0x0021,0x0021,0x0021,0x0021,0x0021,0x0021,
0x0021,0x0021,0x0021,0x0021,0x0021,0x0021,0x0021,0x0021,0x0021,0x0021,0x0021,0x0021,0x0021,0x0021,0x0021,0x0021,
0x0021,0x0021,0x0021,0x0021,0x0021,0x0021,0x0021,0x0021,0x0021,0x0021,0x0021,0x0021,0x0021,0x0021,0x0021,0x0021,
0x0021,0x0021,0x0021,0x0021,0x0021,0x0021,0x0021,0x0021,0x0021,0x0021,0x0021,0x0021,0x0021,0x0021,0x0021,0x0021,
0x0021,0x0021,0x0021,0x0021,0x0021,0x0021,0x0021,0x0021,0x0021,0x0021,0x0021,0x0021,0x0021,0x0021,0x0021,0x0021,
0x0021,0x0021,0x0021,0x0022,0x0021,0x0021,0x0022,0x0021,0x0021,0x0021,0x0021,0x0021,0x0021,0x0021,0x0021,0x0021,
0x0022,0x0021,0x0021,0x0021,0x0021,0x0021,0x0021,0x0021,0x0021,0x0021,0x0021,0x0021,0x0021,0x0021,0x0022,0x0021,
0x0021,0x0021,0x0021,0x0021,0x0021,0x0021,0x0021,0x0021,0x0021,0x0022,0x0021,0x0021,0x0022,0x0021,0x0021,0x0021,
0x0021,0x0021,0x0021,0x0021,0x0021,0x0021,0x0021,0x0021,0x0021,0x0021,0x0021,0x0021,0x0022,0x0021,0x0022,0x0022,
0x0022,0x0022,0x0022,0x0022,0x0022,0x0021,0x0021,0x0021,0x0021,0x0022,0x0021,0x0021,0x0021,0x0021,0x0021,0x0021,
0x0021,0x0021,0x0021,0x0021,0x0021,0x0021,0x0022,0x0021,0x0021,0x0021,0x0021,0x0021,0x0021,0x0021,0x0021,0x0021,
0x0021,0x0021,0x0021,0x0021,0x0021,0x0021,0x0021,0x0021,0x0021,0x0022,0x0021,0x0021,0x0021,0x0021,0x0022,0x0022,
0x0021,0x0021,0x0021,0x0021,0x0021,0x0021,0x0022,0x0021,0x0021,0x0021,0x0021,0x0021,0x0021,0x0021,0x0021,0x0021,
0x0021,0x0021,0x0021,0x0021,0x0021,0x0021,0x0021,0x0021,0x0021,0x0021,0x0021,0x0021,0x0021,0x0021,0x0021,0x0021,
0x0021,0x0021,0x0021,0x0021,0x0021,0x0021,0x0021,0x0021,0x0022,0x0021,0x0021,0x0021,0x0022,0x0022,0x0021,0x0021,
0x0021,0x0021,0x0021,0x0021,0x0021,0x0021,0x0021,0x0021,0x0021,0x0021,0x0021,0x0021,0x0021,0x0021,0x0021,0x0021,
0x0021,0x0021,0x0021,0x0021,0x0021,0x0022,0x0022,0x0021,0x0021,0x0021,0x0021,0x0021,0x0022,0x0021,0x0021,0x0022,
0x0021,0x0021,0x0021,0x0022,0x0022,0x0021,0x0021,0x0021,0x0022,0x0022,0x0022,0x0022,0x0022,0x0022,0x0022,0x0022,
0x0021,0x0021,0x0021,0x0021,0x0022,0x0022,0x0021,0x0022,0x0022,0x0021,0x0021,0x0021,0x0021,0x0021,0x0021,0x0021,
0x0021,0x0021,0x0021,0x0021,0x0021,0x0021,0x0022,0x0022,0x0021,0x0021,0x0021,0x0021,0x0021,0x0021,0x0021,0x0021,
0x0021,0x0021,0x0021,0x0021,0x0021,0x0021,0x0021,0x0021,0x0021,0x0022,0x0022,0x0021,0x0022,0x0022,0x0022,0x0022,
0x0022,0x0022,0x0022,0x0022,0x0022,0x0022,0x0022,0x0022,0x0022,0x0022,0x0022,0x0022,0x0022,0x0022,0x0022,0x0022,
0x0022,0x0022,0x0022,0x0022,0x0022,0x0022,0x0022,0x0022,0x0022,0x0022,0x0022,0x0022,0x0022,0x0022,0x0022,0x0022,
0x0022,0x0022,0x0021,0x0021,0x0022,0x0022,0x0021,0x0021,0x0021,0x0022,0x0022,0x0022,0x0022,0x0022,0x0022,0x0022,
0x0022,0x0022,0x0021,0x0021,0x0021,0x0021,0x0021,0x0021,0x0021,0x0021,0x0021,0x0021,0x0021,0x0021,0x0021,0x0022,
0x0021,0x0021,0x0021,0x0021,0x0021,0x0021,0x0021,0x0021,0x0021,0x0021,0x0021,0x0021,0x0021,0x0021,0x0021,0x0021,
0x0021,0x0021,0x0021,0x0021,0x0021,0x0021,0x0021,0x0021,0x0021,0x0021,0x0021,0x0021,0x0021,0x0021,0x0021,0x0021,
0x0021,0x0021,0x0021,0x0021,0x0021,0x0021,0x0021,0x0021,0x0021,0x0021,0x0021,0x0021,0x0021,0x0021,0x0021,0x0021,
0x0021,0x0021,0x0021,0x0021,0x0021,0x0021,0x0021,0x0021,0x0021,0x0021,0x0021,0x0021,0x0021,0x0021,0x0021,0x0021,
0x0021,0x0021,0x0021,0x0021,0x0021,0x0021,0x0021,0x0021,0x0021,0x0021,0x0021,0x0021,0x0021,0x0021,0x0021,0x0021,
0x0021,0x0021,0x0021,0x0021,0x0021,0x0021,0x0021,0x0021,0x0021,0x0021,0x0021,0x0021,0x0021,0x0021,0x0021,0x0021,
},
{0x0021,0x0021,0x0021,0x0021,0x0021,0x0021,0x0021,0x0021,0x0021,0x0021,0x0021,0x0021,0x0021,0x0021,0x0021,0x0021,
0x0021,0x0021,0x0021,0x0021,0x0021,0x0021,0x0021,0x0021,0x0021,0x0021,0x0021,0x0021,0x0021,0x0021,0x0021,0x0021,
0x0021,0x0021,0x0021,0x0021,0x0021,0x0021,0x0021,0x0021,0x0021,0x0021,0x0021,0x0021,0x0021,0x0021,0x0021,0x0021,
0x0021,0x0021,0x0021,0x0021,0x0021,0x0021,0x0021,0x0021,0x0021,0x0021,0x0021,0x0021,0x0021,0x0021,0x0021,0x0021,
0x0021,0x0021,0x0021,0x0021,0x0021,0x0021,0x0021,0x0022,0x0021,0x0021,0x0021,0x0021,0x0021,0x0021,0x0021,0x0021,
0x0021,0x0021,0x0021,0x0021,0x0021,0x0021,0x0021,0x0021,0x0021,0x0021,0x0021,0x0021,0x0021,0x0022,0x0021,0x0021,
0x0021,0x0021,0x0021,0x0021,0x0021,0x0021,0x0021,0x0021,0x0021,0x0021,0x0021,0x0021,0x0021,0x0021,0x0021,0x0021,
0x0021,0x0022,0x0021,0x0021,0x0022,0x0022,0x0022,0x0021,0x0021,0x0021,0x0021,0x0021,0x0021,0x0021,0x0022,0x0021,
0x0021,0x0021,0x0021,0x0021,0x0021,0x0021,0x0021,0x0022,0x0022,0x0022,0x0022,0x0022,0x0022,0x0022,0x0022,0x0022,
0x0022,0x0021,0x0021,0x0021,0x0021,0x0021,0x0021,0x0022,0x0021,0x0021,0x0021,0x0022,0x0022,0x0022,0x0022,0x0022,
0x0022,0x0022,0x0022,0x0022,0x0022,0x0022,0x0022,0x0022,0x0022,0x0021,0x0022,0x0022,0x0021,0x0021,0x0021,0x0021,
0x0021,0x0021,0x0021,0x0021,0x0021,0x0021,0x0022,0x0021,0x0021,0x0021,0x0021,0x0021,0x0021,0x0021,0x0021,0x0021,
0x0021,0x0021,0x0021,0x0021,0x0021,0x0022,0x0021,0x0021,0x0021,0x0021,0x0021,0x0021,0x0021,0x0022,0x0021,0x0021,
0x0022,0x0021,0x0021,0x0021,0x0021,0x0021,0x0022,0x0021,0x0021,0x0021,0x0021,0x0021,0x0021,0x0021,0x0021,0x0021,
0x0021,0x0021,0x0021,0x0021,0x0021,0x0021,0x0021,0x0021,0x0021,0x0021,0x0021,0x0021,0x0021,0x0021,0x0021,0x0021,
0x0021,0x0021,0x0021,0x0021,0x0021,0x0021,0x0021,0x0021,0x0021,0x0022,0x0021,0x0021,0x0022,0x0021,0x0022,0x0021,
0x0021,0x0021,0x0021,0x0021,0x0021,0x0021,0x0021,0x0021,0x0021,0x0021,0x0021,0x0021,0x0021,0x0021,0x0021,0x0021,
0x0021,0x0021,0x0021,0x0021,0x0022,0x0021,0x0021,0x0021,0x0021,0x0021,0x0021,0x0021,0x0021,0x0021,0x0021,0x0021,
0x0021,0x0021,0x0021,0x0022,0x0022,0x0022,0x0021,0x0022,0x0022,0x0022,0x0022,0x0022,0x0022,0x0021,0x0022,0x0021,
0x0021,0x0022,0x0022,0x0022,0x0022,0x0022,0x0021,0x0022,0x0022,0x0021,0x0021,0x0021,0x0021,0x0021,0x0021,0x0021,
0x0021,0x0021,0x0021,0x0021,0x0022,0x0022,0x0021,0x0022,0x0022,0x0021,0x0022,0x0021,0x0022,0x0021,0x0021,0x0021,
0x0021,0x0021,0x0021,0x0021,0x0021,0x0021,0x0022,0x0022,0x0022,0x0022,0x0022,0x0022,0x0022,0x0022,0x0022,0x0022,
0x0022,0x0022,0x0022,0x0021,0x0021,0x0022,0x0022,0x0022,0x0022,0x0022,0x0022,0x0022,0x0022,0x0022,0x0022,0x0022,
0x0022,0x0022,0x0022,0x0022,0x0022,0x0022,0x0022,0x0022,0x0022,0x0022,0x0022,0x0022,0x0022,0x0022,0x0022,0x0022,
0x0022,0x0022,0x0022,0x0022,0x0022,0x0022,0x0022,0x0022,0x0021,0x0021,0x0021,0x0022,0x0022,0x0022,0x0022,0x0022,
0x0021,0x0022,0x0021,0x0021,0x0021,0x0021,0x0021,0x0021,0x0021,0x0021,0x0021,0x0021,0x0021,0x0021,0x0021,0x0021,
0x0021,0x0021,0x0021,0x0021,0x0021,0x0021,0x0021,0x0021,0x0021,0x0021,0x0021,0x0021,0x0021,0x0021,0x0021,0x0021,
0x0021,0x0021,0x0021,0x0021,0x0021,0x0021,0x0021,0x0021,0x0021,0x0021,0x0021,0x0021,0x0021,0x0021,0x0021,0x0021,
0x0021,0x0021,0x0021,0x0021,0x0021,0x0021,0x0021,0x0021,0x0021,0x0021,0x0021,0x0021,0x0021,0x0021,0x0021,0x0021,
0x0021,0x0021,0x0021,0x0021,0x0021,0x0021,0x0021,0x0021,0x0021,0x0021,0x0021,0x0021,0x0021,0x0021,0x0021,0x0021,
0x0021,0x0021,0x0021,0x0021,0x0021,0x0021,0x0021,0x0021,0x0021,0x0021,0x0021,0x0021,0x0021,0x0021,0x0021,0x0021,
0x0021,0x0021,0x0021,0x0021,0x0021,0x0021,0x0021,0x0021,0x0021,0x0021,0x0021,0x0021,0x0021,0x0021,0x0021,0x0021,
},
{0x0021,0x0021,0x0021,0x0021,0x0021,0x0021,0x0021,0x0021,0x0021,0x0021,0x0021,0x0021,0x0021,0x0021,0x0021,0x0021,
0x0021,0x0021,0x0021,0x0021,0x0021,0x0021,0x0021,0x0021,0x0021,0x0021,0x0021,0x0021,0x0021,0x0021,0x0021,0x0021,
0x0021,0x0021,0x0021,0x0021,0x0021,0x0021,0x0021,0x0021,0x0021,0x0021,0x0021,0x0021,0x0021,0x0021,0x0021,0x0021,
0x0021,0x0021,0x0021,0x0021,0x0021,0x0021,0x0021,0x0021,0x0021,0x0021,0x0021,0x0021,0x0021,0x0021,0x0021,0x0021,
0x0021,0x0021,0x0021,0x0021,0x0021,0x0022,0x0021,0x0021,0x0022,0x0021,0x0022,0x0021,0x0021,0x0021,0x0021,0x0021,
0x0021,0x0021,0x0021,0x0021,0x0021,0x0021,0x0021,0x0021,0x0021,0x0021,0x0021,0x0021,0x0021,0x0021,0x0021,0x0021,
0x0021,0x0021,0x0021,0x0021,0x0021,0x0021,0x0021,0x0021,0x0021,0x0021,0x0021,0x0021,0x0021,0x0021,0x0021,0x0021,
0x0021,0x0021,0x0021,0x0021,0x0021,0x0021,0x0021,0x0021,0x0021,0x0021,0x0021,0x0021,0x0021,0x0021,0x0021,0x0022,
0x0021,0x0021,0x0021,0x0021,0x0021,0x0021,0x0021,0x0022,0x0022,0x0022,0x0022,0x0022,0x0022,0x0022,0x0022,0x0022,
0x0022,0x0022,0x0021,0x0022,0x0022,0x0021,0x0021,0x0021,0x0022,0x0022,0x0021,0x0022,0x0022,0x0022,0x0022,0x0022,
0x0022,0x0022,0x0022,0x0022,0x0022,0x0022,0x0022,0x0022,0x0022,0x0021,0x0022,0x0022,0x0021,0x0021,0x0022,0x0021,
0x0021,0x0021,0x0021,0x0021,0x0021,0x0021,0x0022,0x0022,0x0022,0x0021,0x0021,0x0021,0x0022,0x0022,0x0022,0x0022,
0x0021,0x0022,0x0022,0x0022,0x0022,0x0021,0x0022,0x0022,0x0022,0x0022,0x0022,0x0021,0x0022,0x0022,0x0022,0x0022,
0x0022,0x0022,0x0022,0x0021,0x0021,0x0021,0x0021,0x0022,0x0021,0x0021,0x0021,0x0021,0x0021,0x0021,0x0021,0x0021,
0x0021,0x0021,0x0021,0x0021,0x0021,0x0021,0x0021,0x0021,0x0021,0x0021,0x0021,0x0021,0x0021,0x0021,0x0021,0x0021,
0x0021,0x0021,0x0021,0x0021,0x0021,0x0021,0x0021,0x0021,0x0022,0x0022,0x0021,0x0021,0x0022,0x0022,0x0022,0x0021,
0x0021,0x0021,0x0021,0x0021,0x0021,0x0021,0x0021,0x0021,0x0021,0x0021,0x0021,0x0021,0x0021,0x0021,0x0021,0x0021,
0x0021,0x0021,0x0021,0x0022,0x0021,0x0021,0x0021,0x0021,0x0021,0x0021,0x0021,0x0022,0x0022,0x0021,0x0021,0x0021,
0x0021,0x0021,0x0021,0x0021,0x0022,0x0022,0x0022,0x0022,0x0022,0x0021,0x0021,0x0022,0x0022,0x0021,0x0022,0x0022,
0x0022,0x0022,0x0022,0x0022,0x0021,0x0022,0x0021,0x0021,0x0021,0x0021,0x0021,0x0021,0x0022,0x0022,0x0022,0x0021,
0x0021,0x0021,0x0021,0x0021,0x0022,0x0022,0x0022,0x0022,0x0022,0x0022,0x0022,0x0022,0x0021,0x0021,0x0021,0x0022,
0x0021,0x0021,0x0021,0x0021,0x0021,0x0021,0x0022,0x0022,0x0022,0x0022,0x0022,0x0022,0x0022,0x0022,0x0021,0x0021,
0x0022,0x0022,0x0021,0x0021,0x0022,0x0022,0x0022,0x0022,0x0022,0x0022,0x0022,0x0022,0x0022,0x0022,0x0022,0x0022,
0x0022,0x0022,0x0022,0x0022,0x0022,0x0022,0x0022,0x0022,0x0022,0x0022,0x0022,0x0022,0x0022,0x0022,0x0022,0x0022,
0x0022,0x0022,0x0022,0x0022,0x0022,0x0022,0x0022,0x0022,0x0021,0x0021,0x0021,0x0021,0x0022,0x0022,0x0022,0x0022,
0x0021,0x0021,0x0021,0x0021,0x0021,0x0021,0x0021,0x0021,0x0021,0x0021,0x0021,0x0021,0x0021,0x0021,0x0021,0x0021,
0x0021,0x0021,0x0021,0x0021,0x0021,0x0021,0x0021,0x0021,0x0021,0x0021,0x0021,0x0021,0x0021,0x0021,0x0021,0x0021,
0x0021,0x0021,0x0021,0x0021,0x0021,0x0021,0x0021,0x0021,0x0021,0x0021,0x0021,0x0021,0x0021,0x0021,0x0021,0x0021,
0x0021,0x0021,0x0021,0x0021,0x0021,0x0021,0x0021,0x0021,0x0021,0x0021,0x0021,0x0021,0x0021,0x0021,0x0021,0x0021,
0x0021,0x0021,0x0021,0x0021,0x0021,0x0021,0x0021,0x0021,0x0021,0x0021,0x0021,0x0021,0x0021,0x0021,0x0021,0x0021,
0x0021,0x0021,0x0021,0x0021,0x0021,0x0021,0x0021,0x0021,0x0021,0x0021,0x0021,0x0021,0x0021,0x0021,0x0021,0x0021,
0x0021,0x0021,0x0021,0x0021,0x0021,0x0021,0x0021,0x0021,0x0021,0x0021,0x0021,0x0021,0x0021,0x0021,0x0021,0x0021,
},
{0x0021,0x0021,0x0021,0x0021,0x0021,0x0021,0x0021,0x0021,0x0021,0x0021,0x0021,0x0021,0x0021,0x0021,0x0021,0x0021,
0x0021,0x0021,0x0021,0x0021,0x0021,0x0021,0x0021,0x0021,0x0021,0x0021,0x0021,0x0021,0x0021,0x0021,0x0021,0x0021,
0x0021,0x0021,0x0021,0x0021,0x0021,0x0021,0x0021,0x0021,0x0021,0x0021,0x0021,0x0021,0x0021,0x0021,0x0021,0x0021,
0x0021,0x0021,0x0021,0x0021,0x0021,0x0021,0x0021,0x0021,0x0021,0x0021,0x0021,0x0021,0x0021,0x0021,0x0021,0x0021,
0x0021,0x0021,0x0021,0x0021,0x0022,0x0022,0x0022,0x0021,0x0022,0x0022,0x0021,0x0021,0x0021,0x0021,0x0021,0x0021,
0x0021,0x0021,0x0021,0x0021,0x0021,0x0021,0x0021,0x0021,0x0021,0x0021,0x0021,0x0021,0x0021,0x0021,0x0021,0x0021,
0x0021,0x0021,0x0021,0x0021,0x0021,0x0021,0x0021,0x0021,0x0021,0x0021,0x0021,0x0021,0x0021,0x0021,0x0021,0x0021,
0x0021,0x0021,0x0021,0x0021,0x0021,0x0021,0x0022,0x0021,0x0021,0x0021,0x0022,0x0021,0x0021,0x0022,0x0022,0x0022,
0x0021,0x0021,0x0021,0x0021,0x0021,0x0022,0x0022,0x0022,0x0022,0x0022,0x0022,0x0022,0x0022,0x0022,0x0022,0x0022,
0x0022,0x0022,0x0022,0x0022,0x0022,0x0021,0x0021,0x0021,0x0022,0x0022,0x0022,0x0022,0x0022,0x0022,0x0022,0x0022,
0x0022,0x0021,0x0021,0x0021,0x0021,0x0022,0x0021,0x0022,0x0022,0x0022,0x0022,0x0022,0x0022,0x0021,0x0021,0x0021,
0x0021,0x0021,0x0021,0x0021,0x0021,0x0021,0x0021,0x0022,0x0022,0x0022,0x0022,0x0021,0x0022,0x0022,0x0022,0x0022,
0x0022,0x0021,0x0022,0x0022,0x0022,0x0022,0x0022,0x0022,0x0022,0x0022,0x0022,0x0021,0x0022,0x0022,0x0022,0x0022,
0x0022,0x0022,0x0022,0x0022,0x0022,0x0021,0x0021,0x0021,0x0021,0x0021,0x0021,0x0021,0x0021,0x0021,0x0021,0x0021,
0x0021,0x0021,0x0021,0x0021,0x0021,0x0021,0x0021,0x0021,0x0021,0x0021,0x0021,0x0021,0x0021,0x0022,0x0021,0x0021,
0x0021,0x0021,0x0021,0x0021,0x0021,0x0021,0x0021,0x0021,0x0022,0x0021,0x0021,0x0021,0x0022,0x0022,0x0022,0x0021,
0x0021,0x0021,0x0021,0x0021,0x0021,0x0021,0x0021,0x0021,0x0021,0x0021,0x0021,0x0021,0x0021,0x0021,0x0021,0x0021,
0x0021,0x0021,0x0021,0x0021,0x0021,0x0022,0x0021,0x0021,0x0021,0x0022,0x0021,0x0022,0x0022,0x0022,0x0021,0x0021,
0x0021,0x0021,0x0022,0x0022,0x0022,0x0022,0x0022,0x0022,0x0022,0x0021,0x0021,0x0022,0x0022,0x0022,0x0022,0x0022,
0x0022,0x0022,0x0022,0x0022,0x0021,0x0022,0x0021,0x0021,0x0021,0x0021,0x0021,0x0022,0x0022,0x0022,0x0022,0x0022,
0x0022,0x0021,0x0021,0x0022,0x0022,0x0022,0x0022,0x0022,0x0022,0x0022,0x0022,0x0022,0x0022,0x0021,0x0022,0x0021,
0x0021,0x0021,0x0022,0x0021,0x0022,0x0022,0x0022,0x0022,0x0022,0x0022,0x0022,0x0022,0x0022,0x0022,0x0022,0x0022,
0x0021,0x0022,0x0022,0x0022,0x0022,0x0022,0x0022,0x0022,0x0022,0x0022,0x0022,0x0022,0x0022,0x0022,0x0022,0x0022,
0x0022,0x0022,0x0022,0x0022,0x0022,0x0022,0x0022,0x0022,0x0022,0x0022,0x0022,0x0022,0x0022,0x0022,0x0022,0x0021,
0x0022,0x0022,0x0022,0x0022,0x0022,0x0022,0x0022,0x0022,0x0022,0x0022,0x0022,0x0022,0x0022,0x0022,0x0022,0x0022,
0x0021,0x0022,0x0021,0x0021,0x0021,0x0021,0x0021,0x0021,0x0021,0x0021,0x0021,0x0021,0x0021,0x0021,0x0021,0x0021,
0x0021,0x0021,0x0021,0x0021,0x0022,0x0021,0x0021,0x0021,0x0021,0x0021,0x0021,0x0021,0x0021,0x0021,0x0021,0x0021,
0x0021,0x0021,0x0021,0x0021,0x0021,0x0021,0x0021,0x0021,0x0021,0x0021,0x0021,0x0021,0x0021,0x0021,0x0021,0x0021,
0x0021,0x0021,0x0021,0x0021,0x0021,0x0021,0x0021,0x0021,0x0021,0x0021,0x0021,0x0021,0x0021,0x0021,0x0021,0x0021,
0x0021,0x0021,0x0021,0x0021,0x0021,0x0021,0x0021,0x0021,0x0021,0x0021,0x0021,0x0021,0x0021,0x0021,0x0021,0x0021,
0x0021,0x0021,0x0021,0x0021,0x0021,0x0021,0x0021,0x0021,0x0021,0x0021,0x0021,0x0021,0x0021,0x0021,0x0021,0x0021,
0x0021,0x0021,0x0021,0x0021,0x0021,0x0021,0x0021,0x0021,0x0021,0x0021,0x0021,0x0021,0x0021,0x0021,0x0021,0x0021,
},
{0x0021,0x0021,0x0021,0x0021,0x0021,0x0021,0x0021,0x0021,0x0021,0x0021,0x0021,0x0021,0x0021,0x0021,0x0021,0x0021,
0x0021,0x0021,0x0021,0x0021,0x0021,0x0021,0x0021,0x0021,0x0021,0x0021,0x0021,0x0021,0x0021,0x0021,0x0021,0x0021,
0x0021,0x0021,0x0021,0x0021,0x0021,0x0021,0x0021,0x0021,0x0021,0x0021,0x0021,0x0021,0x0021,0x0021,0x0021,0x0021,
0x0021,0x0021,0x0021,0x0021,0x0021,0x0021,0x0021,0x0021,0x0021,0x0021,0x0021,0x0021,0x0021,0x0021,0x0021,0x0021,
0x0021,0x0021,0x0021,0x0021,0x0021,0x0021,0x0022,0x0021,0x0021,0x0021,0x0021,0x0021,0x0021,0x0022,0x0022,0x0021,
0x0021,0x0021,0x0021,0x0021,0x0021,0x0021,0x0021,0x0021,0x0021,0x0021,0x0021,0x0022,0x0021,0x0022,0x0021,0x0021,
0x0021,0x0021,0x0022,0x0022,0x0022,0x0021,0x0021,0x0021,0x0021,0x0021,0x0021,0x0021,0x0021,0x0021,0x0021,0x0021,
0x0021,0x0021,0x0021,0x0021,0x0021,0x0021,0x0021,0x0022,0x0022,0x0022,0x0022,0x0022,0x0022,0x0022,0x0021,0x0021,
0x0021,0x0022,0x0021,0x0021,0x0022,0x0022,0x0022,0x0022,0x0022,0x0022,0x0022,0x0022,0x0022,0x0022,0x0022,0x0022,
0x0022,0x0022,0x0022,0x0022,0x0022,0x0022,0x0022,0x0022,0x0022,0x0022,0x0022,0x0022,0x0022,0x0022,0x0022,0x0022,
0x0022,0x0021,0x0021,0x0021,0x0021,0x0021,0x0022,0x0022,0x0021,0x0022,0x0022,0x0022,0x0022,0x0022,0x0022,0x0021,
0x0021,0x0021,0x0021,0x0021,0x0021,0x0021,0x0021,0x0022,0x0022,0x0022,0x0022,0x0022,0x0022,0x0022,0x0022,0x0022,
0x0022,0x0022,0x0021,0x0021,0x0022,0x0022,0x0022,0x0022,0x0022,0x0022,0x0022,0x0022,0x0022,0x0022,0x0022,0x0022,
0x0022,0x0022,0x0022,0x0022,0x0022,0x0022,0x0021,0x0021,0x0021,0x0021,0x0021,0x0021,0x0021,0x0021,0x0021,0x0021,
0x0021,0x0021,0x0021,0x0021,0x0021,0x0021,0x0021,0x0021,0x0021,0x0021,0x0021,0x0022,0x0022,0x0022,0x0022,0x0021,
0x0021,0x0021,0x0021,0x0021,0x0022,0x0022,0x0022,0x0022,0x0022,0x0022,0x0022,0x0021,0x0021,0x0022,0x0022,0x0022,
0x0022,0x0021,0x0021,0x0021,0x0021,0x0022,0x0022,0x0021,0x0021,0x0021,0x0021,0x0022,0x0021,0x0022,0x0022,0x0021,
0x0021,0x0021,0x0021,0x0022,0x0021,0x0021,0x0021,0x0021,0x0021,0x0021,0x0021,0x0022,0x0021,0x0022,0x0021,0x0022,
0x0021,0x0021,0x0021,0x0021,0x0021,0x0022,0x0022,0x0022,0x0022,0x0021,0x0021,0x0021,0x0022,0x0022,0x0022,0x0022,
0x0021,0x0022,0x0021,0x0021,0x0021,0x0022,0x0022,0x0022,0x0022,0x0021,0x0022,0x0021,0x0021,0x0021,0x0021,0x0022,
0x0022,0x0022,0x0022,0x0022,0x0022,0x0022,0x0022,0x0022,0x0022,0x0022,0x0022,0x0022,0x0022,0x0022,0x0022,0x0022,
0x0022,0x0022,0x0022,0x0022,0x0022,0x0022,0x0022,0x0022,0x0022,0x0022,0x0022,0x0022,0x0022,0x0022,0x0022,0x0022,
0x0022,0x0022,0x0022,0x0022,0x0022,0x0022,0x0022,0x0022,0x0022,0x0022,0x0022,0x0022,0x0022,0x0022,0x0021,0x0022,
0x0022,0x0022,0x0022,0x0022,0x0022,0x0022,0x0022,0x0022,0x0022,0x0022,0x0022,0x0022,0x0022,0x0022,0x0022,0x0022,
0x0022,0x0022,0x0022,0x0022,0x0022,0x0022,0x0022,0x0022,0x0022,0x0022,0x0022,0x0022,0x0022,0x0021,0x0021,0x0021,
0x0021,0x0022,0x0022,0x0022,0x0021,0x0021,0x0022,0x0022,0x0022,0x0022,0x0021,0x0021,0x0021,0x0021,0x0021,0x0021,
0x0021,0x0021,0x0021,0x0022,0x0021,0x0021,0x0022,0x0021,0x0021,0x0021,0x0021,0x0021,0x0021,0x0021,0x0021,0x0021,
0x0021,0x0021,0x0021,0x0021,0x0021,0x0021,0x0021,0x0021,0x0021,0x0021,0x0021,0x0021,0x0021,0x0021,0x0021,0x0021,
0x0021,0x0021,0x0021,0x0021,0x0021,0x0021,0x0021,0x0021,0x0021,0x0021,0x0021,0x0021,0x0021,0x0021,0x0021,0x0021,
0x0021,0x0021,0x0021,0x0021,0x0021,0x0021,0x0021,0x0021,0x0021,0x0021,0x0021,0x0021,0x0021,0x0021,0x0021,0x0021,
0x0021,0x0021,0x0021,0x0021,0x0021,0x0021,0x0021,0x0021,0x0021,0x0021,0x0021,0x0021,0x0021,0x0021,0x0021,0x0021,
0x0021,0x0021,0x0021,0x0021,0x0021,0x0021,0x0021,0x0021,0x0021,0x0021,0x0021,0x0021,0x0021,0x0021,0x0021,0x0021,
},
{0x0021,0x0021,0x0021,0x0021,0x0021,0x0021,0x0021,0x0021,0x0021,0x0021,0x0021,0x0021,0x0021,0x0021,0x0021,0x0021,
0x0021,0x0021,0x0021,0x0021,0x0021,0x0021,0x0021,0x0021,0x0021,0x0021,0x0021,0x0021,0x0021,0x0021,0x0021,0x0021,
0x0021,0x0021,0x0021,0x0021,0x0021,0x0021,0x0021,0x0021,0x0021,0x0021,0x0021,0x0021,0x0021,0x0021,0x0021,0x0021,
0x0021,0x0021,0x0021,0x0021,0x0021,0x0021,0x0021,0x0021,0x0021,0x0021,0x0021,0x0021,0x0021,0x0021,0x0021,0x0021,
0x0021,0x0021,0x0021,0x0021,0x0021,0x0021,0x0022,0x0022,0x0022,0x0022,0x0022,0x0022,0x0022,0x0022,0x0022,0x0022,
0x0021,0x0021,0x0021,0x0021,0x0021,0x0022,0x0022,0x0021,0x0021,0x0021,0x0022,0x0022,0x0022,0x0022,0x0022,0x0022,
0x0021,0x0022,0x0022,0x0022,0x0022,0x0021,0x0022,0x0021,0x0021,0x0021,0x0021,0x0021,0x0021,0x0021,0x0021,0x0021,
0x0021,0x0021,0x0021,0x0021,0x0021,0x0021,0x0022,0x0022,0x0022,0x0022,0x0022,0x0022,0x0022,0x0022,0x0022,0x0022,
0x0022,0x0022,0x0021,0x0022,0x0022,0x0022,0x0022,0x0022,0x0022,0x0022,0x0022,0x0022,0x0022,0x0022,0x0022,0x0022,
0x0022,0x0022,0x0022,0x0042,0x0042,0x0022,0x0022,0x0022,0x0022,0x0022,0x0022,0x0022,0x0022,0x0022,0x0022,0x0022,
0x0022,0x0022,0x0021,0x0021,0x0021,0x0021,0x0021,0x0021,0x0021,0x0022,0x0022,0x0022,0x0022,0x0022,0x0022,0x0022,
0x0022,0x0022,0x0022,0x0022,0x0022,0x0022,0x0022,0x0022,0x0022,0x0022,0x0022,0x0022,0x0022,0x0022,0x0022,0x0022,
0x0022,0x0022,0x0022,0x0022,0x0022,0x0022,0x0022,0x0022,0x0022,0x0022,0x0022,0x0022,0x0022,0x0022,0x0022,0x0021,
0x0022,0x0022,0x0022,0x0022,0x0022,0x0022,0x0021,0x0021,0x0021,0x0021,0x0021,0x0021,0x0021,0x0022,0x0022,0x0021,
0x0021,0x0021,0x0021,0x0021,0x0021,0x0021,0x0021,0x0021,0x0021,0x0022,0x0021,0x0022,0x0022,0x0022,0x0022,0x0022,
0x0021,0x0022,0x0022,0x0022,0x0022,0x0022,0x0022,0x0022,0x0022,0x0022,0x0022,0x0022,0x0022,0x0022,0x0021,0x0022,
0x0022,0x0022,0x0021,0x0021,0x0022,0x0022,0x0022,0x0022,0x0021,0x0022,0x0022,0x0022,0x0022,0x0022,0x0022,0x0022,
0x0022,0x0022,0x0022,0x0022,0x0021,0x0021,0x0022,0x0022,0x0021,0x0021,0x0021,0x0022,0x0022,0x0022,0x0021,0x0022,
0x0021,0x0021,0x0022,0x0021,0x0022,0x0022,0x0022,0x0022,0x0022,0x0022,0x0022,0x0022,0x0022,0x0022,0x0022,0x0022,
0x0022,0x0022,0x0021,0x0022,0x0022,0x0022,0x0022,0x0022,0x0022,0x0022,0x0022,0x0022,0x0021,0x0022,0x0021,0x0022,
0x0022,0x0022,0x0022,0x0022,0x0022,0x0022,0x0022,0x0022,0x0022,0x0022,0x0022,0x0022,0x0022,0x0022,0x0022,0x0022,
0x0022,0x0022,0x0022,0x0022,0x0022,0x0022,0x0022,0x0022,0x0022,0x0022,0x0022,0x0022,0x0022,0x0022,0x0022,0x0022,
0x0022,0x0022,0x0022,0x0022,0x0022,0x0022,0x0022,0x0022,0x0022,0x0022,0x0022,0x0022,0x0021,0x0022,0x0021,0x0021,
0x0021,0x0022,0x0022,0x0022,0x0022,0x0022,0x0022,0x0022,0x0022,0x0022,0x0022,0x0022,0x0022,0x0022,0x0022,0x0022,
0x0022,0x0022,0x0022,0x0022,0x0022,0x0022,0x0022,0x0022,0x0022,0x0022,0x0022,0x0022,0x0022,0x0021,0x0021,0x0021,
0x0021,0x0021,0x0022,0x0022,0x0022,0x0022,0x0022,0x0022,0x0022,0x0022,0x0021,0x0021,0x0021,0x0021,0x0021,0x0021,
0x0021,0x0021,0x0021,0x0022,0x0021,0x0021,0x0021,0x0021,0x0021,0x0021,0x0021,0x0021,0x0021,0x0021,0x0021,0x0021,
0x0021,0x0021,0x0021,0x0021,0x0021,0x0021,0x0021,0x0021,0x0021,0x0021,0x0021,0x0021,0x0021,0x0021,0x0021,0x0021,
0x0021,0x0021,0x0021,0x0021,0x0021,0x0021,0x0021,0x0021,0x0021,0x0021,0x0021,0x0021,0x0021,0x0021,0x0021,0x0021,
0x0021,0x0021,0x0021,0x0021,0x0021,0x0021,0x0021,0x0021,0x0021,0x0021,0x0021,0x0021,0x0021,0x0021,0x0021,0x0021,
0x0021,0x0021,0x0021,0x0021,0x0021,0x0021,0x0021,0x0021,0x0021,0x0021,0x0021,0x0021,0x0021,0x0021,0x0021,0x0021,
0x0021,0x0021,0x0021,0x0021,0x0021,0x0021,0x0021,0x0021,0x0021,0x0021,0x0021,0x0021,0x0021,0x0021,0x0021,0x0021,
},
{0x0021,0x0021,0x0021,0x0021,0x0021,0x0021,0x0021,0x0021,0x0021,0x0021,0x0021,0x0021,0x0021,0x0021,0x0021,0x0021,
0x0021,0x0021,0x0021,0x0021,0x0021,0x0021,0x0021,0x0021,0x0021,0x0021,0x0021,0x0021,0x0021,0x0021,0x0021,0x0021,
0x0021,0x0021,0x0021,0x0021,0x0021,0x0021,0x0021,0x0021,0x0021,0x0021,0x0021,0x0021,0x0021,0x0021,0x0021,0x0021,
0x0021,0x0021,0x0021,0x0021,0x0021,0x0021,0x0021,0x0021,0x0021,0x0021,0x0021,0x0021,0x0021,0x0021,0x0021,0x0021,
0x0021,0x0021,0x0021,0x0021,0x0021,0x0021,0x0022,0x0022,0x0022,0x0022,0x0022,0x0022,0x0022,0x0022,0x0022,0x0022,
0x0022,0x0021,0x0021,0x0021,0x0022,0x0022,0x0022,0x0022,0x0021,0x0021,0x0022,0x0022,0x0022,0x0022,0x0022,0x0022,
0x0021,0x0021,0x0022,0x0022,0x0022,0x0022,0x0022,0x0021,0x0021,0x0021,0x0021,0x0021,0x0021,0x0021,0x0021,0x0021,
0x0021,0x0021,0x0022,0x0022,0x0022,0x0021,0x0022,0x0022,0x0022,0x0022,0x0022,0x0022,0x0022,0x0022,0x0022,0x0022,
0x0022,0x0022,0x0022,0x0022,0x0022,0x0022,0x0022,0x0022,0x0022,0x0022,0x0022,0x0022,0x0022,0x0022,0x0022,0x0022,
0x0022,0x0022,0x0022,0x0042,0x0042,0x0022,0x0022,0x0022,0x0042,0x0042,0x0022,0x0022,0x0022,0x0022,0x0022,0x0022,
0x0022,0x0022,0x0021,0x0021,0x0021,0x0021,0x0022,0x0021,0x0021,0x0021,0x0021,0x0022,0x0022,0x0022,0x0022,0x0022,
0x0022,0x0022,0x0022,0x0022,0x0022,0x0022,0x0022,0x0022,0x0022,0x0022,0x0022,0x0022,0x0022,0x0022,0x0022,0x0022,
0x0022,0x0022,0x0022,0x0022,0x0022,0x0022,0x0022,0x0022,0x0022,0x0022,0x0022,0x0022,0x0022,0x0022,0x0022,0x0022,
0x0022,0x0022,0x0022,0x0022,0x0022,0x0022,0x0021,0x0021,0x0021,0x0021,0x0021,0x0021,0x0021,0x0022,0x0022,0x0022,
0x0022,0x0022,0x0021,0x0021,0x0021,0x0021,0x0021,0x0021,0x0021,0x0021,0x0021,0x0022,0x0022,0x0022,0x0022,0x0022,
0x0022,0x0021,0x0022,0x0022,0x0022,0x0022,0x0022,0x0022,0x0022,0x0022,0x0022,0x0022,0x0022,0x0022,0x0022,0x0022,
0x0022,0x0022,0x0022,0x0022,0x0022,0x0022,0x0022,0x0022,0x0022,0x0022,0x0022,0x0022,0x0022,0x0021,0x0022,0x0022,
0x0022,0x0022,0x0022,0x0022,0x0022,0x0022,0x0022,0x0022,0x0022,0x0021,0x0021,0x0022,0x0022,0x0022,0x0021,0x0021,
0x0022,0x0022,0x0022,0x0022,0x0022,0x0022,0x0022,0x0022,0x0022,0x0022,0x0022,0x0022,0x0022,0x0022,0x0022,0x0022,
0x0022,0x0022,0x0022,0x0022,0x0022,0x0022,0x0022,0x0022,0x0022,0x0022,0x0022,0x0022,0x0022,0x0022,0x0022,0x0022,
0x0022,0x0022,0x0022,0x0022,0x0022,0x0022,0x0022,0x0022,0x0022,0x0022,0x0022,0x0022,0x0022,0x0022,0x0022,0x0022,
0x0022,0x0022,0x0022,0x0022,0x0022,0x0022,0x0042,0x0042,0x0022,0x0022,0x0022,0x0022,0x0022,0x0022,0x0022,0x0022,
0x0021,0x0021,0x0022,0x0022,0x0022,0x0022,0x0022,0x0022,0x0022,0x0022,0x0021,0x0022,0x0022,0x0022,0x0022,0x0021,
0x0022,0x0022,0x0022,0x0022,0x0022,0x0022,0x0022,0x0022,0x0022,0x0022,0x0022,0x0022,0x0022,0x0022,0x0022,0x0022,
0x0022,0x0022,0x0022,0x0022,0x0022,0x0022,0x0022,0x0022,0x0022,0x0022,0x0022,0x0022,0x0022,0x0021,0x0021,0x0021,
0x0021,0x0021,0x0021,0x0022,0x0022,0x0022,0x0022,0x0022,0x0022,0x0022,0x0021,0x0021,0x0021,0x0021,0x0021,0x0021,
0x0021,0x0021,0x0022,0x0021,0x0021,0x0021,0x0021,0x0021,0x0021,0x0021,0x0021,0x0021,0x0021,0x0021,0x0021,0x0021,
0x0021,0x0021,0x0021,0x0021,0x0021,0x0021,0x0021,0x0021,0x0021,0x0021,0x0021,0x0021,0x0021,0x0021,0x0021,0x0021,
0x0021,0x0021,0x0021,0x0021,0x0021,0x0021,0x0021,0x0021,0x0021,0x0021,0x0021,0x0021,0x0021,0x0021,0x0021,0x0021,
0x0021,0x0021,0x0021,0x0021,0x0021,0x0021,0x0021,0x0021,0x0021,0x0021,0x0021,0x0021,0x0021,0x0021,0x0021,0x0021,
0x0021,0x0021,0x0021,0x0021,0x0021,0x0021,0x0021,0x0021,0x0021,0x0021,0x0021,0x0021,0x0021,0x0021,0x0021,0x0021,
0x0021,0x0021,0x0021,0x0021,0x0021,0x0021,0x0021,0x0021,0x0021,0x0021,0x0021,0x0021,0x0021,0x0021,0x0021,0x0021,
},
{0x0021,0x0021,0x0021,0x0021,0x0021,0x0021,0x0021,0x0021,0x0021,0x0021,0x0021,0x0021,0x0021,0x0021,0x0021,0x0021,
0x0021,0x0021,0x0021,0x0021,0x0021,0x0021,0x0021,0x0021,0x0021,0x0021,0x0021,0x0021,0x0021,0x0021,0x0021,0x0021,
0x0021,0x0021,0x0021,0x0021,0x0021,0x0021,0x0021,0x0021,0x0021,0x0021,0x0021,0x0021,0x0021,0x0021,0x0021,0x0021,
0x0021,0x0021,0x0021,0x0021,0x0021,0x0021,0x0021,0x0021,0x0021,0x0021,0x0021,0x0021,0x0021,0x0021,0x0021,0x0021,
0x0021,0x0021,0x0021,0x0021,0x0021,0x0021,0x0021,0x0021,0x0022,0x0022,0x0022,0x0022,0x0022,0x0022,0x0022,0x0022,
0x0022,0x0022,0x0021,0x0022,0x0022,0x0022,0x0022,0x0022,0x0021,0x0021,0x0021,0x0022,0x0022,0x0022,0x0022,0x0022,
0x0021,0x0021,0x0021,0x0022,0x0022,0x0022,0x0022,0x0022,0x0022,0x0021,0x0021,0x0021,0x0021,0x0021,0x0022,0x0021,
0x0021,0x0022,0x0022,0x0021,0x0021,0x0021,0x0021,0x0022,0x0022,0x0022,0x0022,0x0022,0x0022,0x0022,0x0022,0x0022,
0x0022,0x0022,0x0022,0x0022,0x0022,0x0022,0x0022,0x0022,0x0022,0x0022,0x0022,0x0022,0x0022,0x0022,0x0022,0x0022,
0x0022,0x0022,0x0042,0x0022,0x0022,0x0022,0x0022,0x0043,0x0042,0x0022,0x0042,0x0042,0x0022,0x0022,0x0022,0x0022,
0x0022,0x0022,0x0022,0x0022,0x0021,0x0021,0x0022,0x0022,0x0022,0x0022,0x0022,0x0022,0x0022,0x0022,0x0022,0x0022,
0x0022,0x0022,0x0022,0x0022,0x0022,0x0022,0x0022,0x0022,0x0022,0x0022,0x0022,0x0022,0x0022,0x0022,0x0022,0x0022,
0x0022,0x0022,0x0022,0x0022,0x0022,0x0022,0x0022,0x0022,0x0022,0x0022,0x0022,0x0022,0x0022,0x0022,0x0022,0x0022,
0x0022,0x0022,0x0022,0x0022,0x0022,0x0022,0x0021,0x0021,0x0021,0x0021,0x0021,0x0021,0x0021,0x0022,0x0022,0x0022,
0x0022,0x0022,0x0022,0x0021,0x0021,0x0022,0x0021,0x0021,0x0021,0x0021,0x0022,0x0022,0x0022,0x0022,0x0022,0x0022,
0x0022,0x0022,0x0022,0x0022,0x0022,0x0022,0x0022,0x0022,0x0022,0x0022,0x0022,0x0022,0x0022,0x0022,0x0022,0x0022,
0x0022,0x0022,0x0022,0x0022,0x0022,0x0022,0x0021,0x0022,0x0022,0x0022,0x0022,0x0022,0x0022,0x0022,0x0022,0x0022,
0x0022,0x0022,0x0022,0x0022,0x0022,0x0022,0x0022,0x0022,0x0022,0x0022,0x0022,0x0021,0x0022,0x0022,0x0022,0x0022,
0x0022,0x0022,0x0022,0x0022,0x0022,0x0022,0x0022,0x0022,0x0022,0x0022,0x0022,0x0022,0x0022,0x0022,0x0022,0x0022,
0x0022,0x0022,0x0022,0x0022,0x0022,0x0022,0x0022,0x0022,0x0022,0x0022,0x0022,0x0022,0x0022,0x0022,0x0022,0x0022,
0x0022,0x0022,0x0022,0x0022,0x0022,0x0022,0x0022,0x0022,0x0022,0x0022,0x0022,0x0022,0x0022,0x0022,0x0022,0x0022,
0x0022,0x0022,0x0022,0x0022,0x0022,0x0022,0x0022,0x0022,0x0022,0x0022,0x0022,0x0022,0x0022,0x0022,0x0022,0x0022,
0x0022,0x0022,0x0022,0x0022,0x0022,0x0022,0x0022,0x0022,0x0022,0x0021,0x0022,0x0022,0x0021,0x0022,0x0022,0x0022,
0x0022,0x0022,0x0022,0x0022,0x0022,0x0022,0x0022,0x0022,0x0022,0x0022,0x0022,0x0022,0x0022,0x0022,0x0022,0x0022,
0x0022,0x0022,0x0022,0x0022,0x0022,0x0022,0x0022,0x0022,0x0022,0x0022,0x0022,0x0022,0x0022,0x0022,0x0022,0x0021,
0x0021,0x0021,0x0022,0x0022,0x0022,0x0022,0x0022,0x0022,0x0022,0x0022,0x0022,0x0022,0x0021,0x0021,0x0021,0x0021,
0x0021,0x0021,0x0021,0x0021,0x0021,0x0021,0x0021,0x0021,0x0021,0x0021,0x0021,0x0021,0x0021,0x0021,0x0021,0x0021,
0x0021,0x0021,0x0021,0x0021,0x0021,0x0021,0x0021,0x0021,0x0021,0x0021,0x0021,0x0021,0x0021,0x0021,0x0021,0x0021,
0x0021,0x0021,0x0021,0x0021,0x0021,0x0021,0x0021,0x0021,0x0021,0x0021,0x0021,0x0021,0x0021,0x0021,0x0021,0x0021,
0x0021,0x0021,0x0021,0x0021,0x0021,0x0021,0x0021,0x0021,0x0021,0x0021,0x0021,0x0021,0x0021,0x0021,0x0021,0x0021,
0x0021,0x0021,0x0021,0x0021,0x0021,0x0021,0x0021,0x0021,0x0021,0x0021,0x0021,0x0021,0x0021,0x0021,0x0021,0x0021,
0x0021,0x0021,0x0021,0x0021,0x0021,0x0021,0x0021,0x0021,0x0021,0x0021,0x0021,0x0021,0x0021,0x0021,0x0021,0x0021,
},
{0x0021,0x0021,0x0021,0x0021,0x0021,0x0021,0x0021,0x0021,0x0021,0x0021,0x0021,0x0021,0x0021,0x0021,0x0021,0x0021,
0x0021,0x0021,0x0021,0x0021,0x0021,0x0021,0x0021,0x0021,0x0021,0x0021,0x0021,0x0021,0x0021,0x0021,0x0021,0x0021,
0x0021,0x0021,0x0021,0x0021,0x0021,0x0021,0x0021,0x0021,0x0021,0x0021,0x0021,0x0021,0x0021,0x0021,0x0021,0x0021,
0x0021,0x0021,0x0021,0x0021,0x0021,0x0021,0x0021,0x0021,0x0021,0x0021,0x0021,0x0021,0x0021,0x0021,0x0021,0x0021,
0x0021,0x0021,0x0021,0x0021,0x0021,0x0021,0x0022,0x0021,0x0022,0x0022,0x0022,0x0022,0x0022,0x0022,0x0022,0x0022,
0x0022,0x0022,0x0022,0x0022,0x0022,0x0022,0x0022,0x0022,0x0022,0x0021,0x0022,0x0022,0x0022,0x0021,0x0022,0x0022,
0x0022,0x0022,0x0022,0x0022,0x0022,0x0022,0x0021,0x0022,0x0022,0x0022,0x0022,0x0022,0x0022,0x0022,0x0022,0x0022,
0x0022,0x0022,0x0022,0x0022,0x0021,0x0021,0x0022,0x0022,0x0022,0x0022,0x0022,0x0022,0x0022,0x0022,0x0022,0x0022,
0x0022,0x0022,0x0022,0x0022,0x0022,0x0022,0x0022,0x0022,0x0022,0x0022,0x0022,0x0022,0x0022,0x0022,0x0022,0x0022,
0x0022,0x0022,0x0022,0x0022,0x0022,0x0022,0x0022,0x0042,0x0022,0x0021,0x0022,0x0022,0x0022,0x0022,0x0022,0x0022,
0x0022,0x0022,0x0022,0x0022,0x0021,0x0021,0x0021,0x0022,0x0022,0x0022,0x0022,0x0022,0x0022,0x0022,0x0022,0x0022,
0x0022,0x0022,0x0022,0x0022,0x0022,0x0022,0x0022,0x0022,0x0022,0x0022,0x0022,0x0022,0x0022,0x0022,0x0022,0x0022,
0x0022,0x0022,0x0022,0x0022,0x0022,0x0022,0x0022,0x0022,0x0022,0x0022,0x0022,0x0022,0x0022,0x0022,0x0022,0x0022,
0x0022,0x0022,0x0022,0x0022,0x0022,0x0022,0x0022,0x0021,0x0021,0x0021,0x0021,0x0021,0x0021,0x0022,0x0022,0x0022,
0x0022,0x0022,0x0022,0x0022,0x0022,0x0022,0x0021,0x0021,0x0021,0x0022,0x0022,0x0022,0x0022,0x0022,0x0022,0x0022,
0x0022,0x0022,0x0022,0x0022,0x0022,0x0022,0x0022,0x0022,0x0022,0x0022,0x0022,0x0022,0x0022,0x0022,0x0022,0x0022,
0x0022,0x0022,0x0022,0x0022,0x0022,0x0022,0x0022,0x0022,0x0022,0x0022,0x0022,0x0021,0x0022,0x0022,0x0022,0x0022,
0x0022,0x0022,0x0022,0x0022,0x0022,0x0022,0x0022,0x0022,0x0022,0x0022,0x0022,0x0022,0x0022,0x0022,0x0022,0x0022,
0x0022,0x0022,0x0022,0x0022,0x0022,0x0022,0x0022,0x0022,0x0022,0x0022,0x0022,0x0022,0x0022,0x0022,0x0022,0x0022,
0x0022,0x0022,0x0022,0x0022,0x0022,0x0022,0x0022,0x0022,0x0022,0x0022,0x0022,0x0022,0x0022,0x0022,0x0022,0x0022,
0x0022,0x0022,0x0022,0x0022,0x0022,0x0022,0x0022,0x0022,0x0022,0x0022,0x0022,0x0022,0x0022,0x0022,0x0022,0x0022,
0x0022,0x0022,0x0022,0x0022,0x0022,0x0022,0x0022,0x0022,0x0022,0x0022,0x0022,0x0022,0x0022,0x0022,0x0022,0x0022,
0x0022,0x0022,0x0022,0x0022,0x0022,0x0022,0x0022,0x0022,0x0021,0x0021,0x0021,0x0021,0x0021,0x0021,0x0021,0x0021,
0x0022,0x0022,0x0022,0x0022,0x0022,0x0022,0x0022,0x0022,0x0022,0x0022,0x0022,0x0022,0x0022,0x0022,0x0022,0x0022,
0x0022,0x0022,0x0022,0x0022,0x0022,0x0022,0x0022,0x0022,0x0022,0x0022,0x0022,0x0022,0x0022,0x0022,0x0022,0x0021,
0x0022,0x0021,0x0021,0x0021,0x0021,0x0022,0x0022,0x0021,0x0022,0x0021,0x0022,0x0021,0x0021,0x0021,0x0021,0x0021,
0x0021,0x0021,0x0021,0x0021,0x0021,0x0021,0x0021,0x0021,0x0021,0x0021,0x0021,0x0021,0x0021,0x0021,0x0021,0x0021,
0x0021,0x0021,0x0021,0x0021,0x0021,0x0021,0x0021,0x0021,0x0021,0x0021,0x0021,0x0021,0x0021,0x0021,0x0021,0x0021,
0x0021,0x0021,0x0021,0x0021,0x0021,0x0021,0x0021,0x0021,0x0021,0x0021,0x0021,0x0021,0x0021,0x0021,0x0021,0x0021,
0x0021,0x0021,0x0021,0x0021,0x0021,0x0021,0x0021,0x0021,0x0021,0x0021,0x0021,0x0021,0x0021,0x0021,0x0021,0x0021,
0x0021,0x0021,0x0021,0x0021,0x0021,0x0021,0x0021,0x0021,0x0021,0x0021,0x0021,0x0021,0x0021,0x0021,0x0021,0x0021,
0x0021,0x0021,0x0021,0x0021,0x0021,0x0021,0x0021,0x0021,0x0021,0x0021,0x0021,0x0021,0x0021,0x0021,0x0021,0x0021,
},
{0x0021,0x0021,0x0021,0x0021,0x0021,0x0021,0x0021,0x0021,0x0021,0x0021,0x0021,0x0021,0x0021,0x0021,0x0021,0x0021,
0x0021,0x0021,0x0021,0x0021,0x0021,0x0021,0x0021,0x0021,0x0021,0x0021,0x0021,0x0021,0x0021,0x0021,0x0021,0x0021,
0x0021,0x0021,0x0021,0x0021,0x0021,0x0021,0x0021,0x0021,0x0021,0x0021,0x0021,0x0021,0x0021,0x0021,0x0021,0x0021,
0x0021,0x0021,0x0021,0x0021,0x0021,0x0021,0x0021,0x0021,0x0021,0x0021,0x0021,0x0021,0x0021,0x0021,0x0021,0x0021,
0x0021,0x0021,0x0021,0x0021,0x0021,0x0021,0x0022,0x0022,0x0022,0x0022,0x0022,0x0022,0x0022,0x0022,0x0022,0x0022,
0x0022,0x0022,0x0022,0x0022,0x0022,0x0022,0x0022,0x0022,0x0022,0x0022,0x0021,0x0022,0x0022,0x0021,0x0022,0x0022,
0x0022,0x0022,0x0022,0x0022,0x0022,0x0022,0x0021,0x0021,0x0021,0x0022,0x0022,0x0022,0x0022,0x0022,0x0022,0x0022,
0x0022,0x0022,0x0022,0x0022,0x0022,0x0022,0x0022,0x0022,0x0022,0x0022,0x0022,0x0022,0x0022,0x0022,0x0022,0x0022,
0x0022,0x0022,0x0022,0x0022,0x0022,0x0022,0x0022,0x0022,0x0022,0x0022,0x0022,0x0022,0x0022,0x0022,0x0022,0x0022,
0x0022,0x0022,0x0022,0x0022,0x0022,0x0022,0x0022,0x0022,0x0022,0x0022,0x0022,0x0022,0x0022,0x0022,0x0022,0x0022,
0x0022,0x0022,0x0021,0x0021,0x0021,0x0021,0x0021,0x0022,0x0022,0x0022,0x0022,0x0022,0x0022,0x0022,0x0022,0x0022,
0x0022,0x0022,0x0022,0x0022,0x0022,0x0022,0x0022,0x0022,0x0022,0x0022,0x0022,0x0022,0x0022,0x0022,0x0022,0x0022,
0x0022,0x0022,0x0022,0x0022,0x0022,0x0022,0x0022,0x0022,0x0022,0x0022,0x0022,0x0022,0x0022,0x0022,0x0022,0x0022,
0x0022,0x0022,0x0022,0x0022,0x0022,0x0022,0x0022,0x0021,0x0021,0x0021,0x0022,0x0021,0x0021,0x0021,0x0022,0x0022,
0x0022,0x0022,0x0022,0x0022,0x0022,0x0022,0x0021,0x0022,0x0022,0x0022,0x0022,0x0022,0x0022,0x0022,0x0022,0x0022,
0x0022,0x0022,0x0022,0x0022,0x0022,0x0022,0x0022,0x0022,0x0022,0x0022,0x0022,0x0022,0x0022,0x0022,0x0022,0x0022,
0x0022,0x0022,0x0022,0x0022,0x0022,0x0022,0x0022,0x0022,0x0022,0x0021,0x0022,0x0022,0x0022,0x0022,0x0022,0x0022,
0x0022,0x0022,0x0022,0x0022,0x0022,0x0022,0x0022,0x0022,0x0022,0x0022,0x0022,0x0022,0x0022,0x0022,0x0022,0x0022,
0x0022,0x0022,0x0022,0x0022,0x0022,0x0022,0x0022,0x0022,0x0022,0x0022,0x0022,0x0022,0x0022,0x0022,0x0022,0x0022,
0x0022,0x0022,0x0022,0x0022,0x0022,0x0022,0x0022,0x0022,0x0022,0x0022,0x0022,0x0022,0x0022,0x0022,0x0022,0x0022,
0x0022,0x0022,0x0022,0x0022,0x0022,0x0022,0x0022,0x0022,0x0022,0x0022,0x0022,0x0022,0x0022,0x0022,0x0022,0x0022,
0x0022,0x0022,0x0022,0x0022,0x0022,0x0042,0x0042,0x0042,0x0022,0x0022,0x0022,0x0022,0x0022,0x0022,0x0022,0x0022,
0x0022,0x0022,0x0022,0x0022,0x0022,0x0022,0x0022,0x0022,0x0021,0x0021,0x0022,0x0021,0x0021,0x0021,0x0021,0x0021,
0x0021,0x0022,0x0022,0x0022,0x0022,0x0022,0x0022,0x0022,0x0022,0x0022,0x0022,0x0022,0x0022,0x0022,0x0022,0x0022,
0x0022,0x0022,0x0022,0x0022,0x0022,0x0022,0x0022,0x0022,0x0022,0x0022,0x0022,0x0022,0x0022,0x0022,0x0022,0x0022,
0x0022,0x0021,0x0022,0x0022,0x0021,0x0021,0x0021,0x0021,0x0022,0x0022,0x0022,0x0022,0x0021,0x0021,0x0021,0x0021,
0x0021,0x0021,0x0021,0x0022,0x0021,0x0021,0x0021,0x0021,0x0021,0x0021,0x0021,0x0021,0x0021,0x0021,0x0021,0x0021,
0x0021,0x0021,0x0021,0x0021,0x0021,0x0021,0x0021,0x0021,0x0021,0x0021,0x0021,0x0021,0x0021,0x0021,0x0021,0x0021,
0x0021,0x0021,0x0021,0x0021,0x0021,0x0021,0x0021,0x0021,0x0021,0x0021,0x0021,0x0021,0x0021,0x0021,0x0021,0x0021,
0x0021,0x0021,0x0021,0x0021,0x0021,0x0021,0x0021,0x0021,0x0021,0x0021,0x0021,0x0021,0x0021,0x0021,0x0021,0x0021,
0x0021,0x0021,0x0021,0x0021,0x0021,0x0021,0x0021,0x0021,0x0021,0x0021,0x0021,0x0021,0x0021,0x0021,0x0021,0x0021,
0x0021,0x0021,0x0021,0x0021,0x0021,0x0021,0x0021,0x0021,0x0021,0x0021,0x0021,0x0021,0x0021,0x0021,0x0021,0x0021,
},
{0x0021,0x0021,0x0021,0x0021,0x0021,0x0021,0x0021,0x0021,0x0021,0x0021,0x0021,0x0021,0x0021,0x0021,0x0021,0x0021,
0x0021,0x0021,0x0021,0x0021,0x0021,0x0021,0x0021,0x0021,0x0021,0x0021,0x0021,0x0021,0x0021,0x0021,0x0021,0x0021,
0x0021,0x0021,0x0021,0x0021,0x0021,0x0021,0x0021,0x0021,0x0021,0x0021,0x0021,0x0021,0x0021,0x0021,0x0021,0x0021,
0x0021,0x0021,0x0021,0x0021,0x0021,0x0021,0x0021,0x0021,0x0021,0x0021,0x0021,0x0021,0x0021,0x0021,0x0021,0x0021,
0x0021,0x0021,0x0021,0x0021,0x0022,0x0021,0x0022,0x0021,0x0021,0x0022,0x0022,0x0022,0x0022,0x0022,0x0022,0x0022,
0x0022,0x0022,0x0022,0x0022,0x0022,0x0022,0x0022,0x0022,0x0022,0x0022,0x0022,0x0022,0x0022,0x0022,0x0022,0x0022,
0x0022,0x0022,0x0022,0x0022,0x0022,0x0022,0x0022,0x0021,0x0021,0x0021,0x0021,0x0022,0x0022,0x0022,0x0022,0x0022,
0x0022,0x0022,0x0022,0x0022,0x0022,0x0022,0x0022,0x0022,0x0022,0x0022,0x0022,0x0022,0x0022,0x0022,0x0022,0x0022,
0x0022,0x0022,0x0022,0x0022,0x0022,0x0022,0x0022,0x0022,0x0022,0x0022,0x0022,0x0022,0x0022,0x0022,0x0022,0x0022,
0x0021,0x0021,0x0022,0x0022,0x0022,0x0022,0x0022,0x0042,0x0042,0x0022,0x0021,0x0022,0x0022,0x0022,0x0022,0x0022,
0x0022,0x0021,0x0022,0x0021,0x0022,0x0022,0x0021,0x0022,0x0022,0x0022,0x0022,0x0022,0x0022,0x0022,0x0022,0x0022,
0x0022,0x0022,0x0022,0x0022,0x0022,0x0022,0x0022,0x0022,0x0022,0x0022,0x0022,0x0022,0x0022,0x0022,0x0022,0x0022,
0x0022,0x0022,0x0022,0x0022,0x0022,0x0022,0x0022,0x0022,0x0022,0x0022,0x0022,0x0022,0x0022,0x0022,0x0022,0x0022,
0x0022,0x0022,0x0022,0x0022,0x0022,0x0022,0x0022,0x0022,0x0021,0x0022,0x0021,0x0021,0x0021,0x0021,0x0021,0x0022,
0x0022,0x0022,0x0022,0x0022,0x0022,0x0022,0x0022,0x0022,0x0022,0x0022,0x0022,0x0022,0x0022,0x0022,0x0022,0x0022,
0x0022,0x0022,0x0022,0x0022,0x0022,0x0022,0x0022,0x0022,0x0022,0x0022,0x0022,0x0022,0x0022,0x0022,0x0022,0x0022,
0x0022,0x0022,0x0022,0x0022,0x0022,0x0022,0x0022,0x0022,0x0022,0x0022,0x0022,0x0022,0x0022,0x0022,0x0022,0x0022,
0x0022,0x0022,0x0022,0x0022,0x0022,0x0022,0x0022,0x0022,0x0022,0x0022,0x0022,0x0022,0x0022,0x0022,0x0022,0x0022,
0x0022,0x0022,0x0022,0x0022,0x0022,0x0022,0x0022,0x0022,0x0022,0x0022,0x0022,0x0022,0x0022,0x0022,0x0022,0x0022,
0x0022,0x0022,0x0022,0x0022,0x0022,0x0022,0x0022,0x0022,0x0022,0x0022,0x0022,0x0022,0x0022,0x0022,0x0022,0x0022,
0x0022,0x0022,0x0022,0x0022,0x0022,0x0022,0x0022,0x0022,0x0022,0x0022,0x0022,0x0022,0x0022,0x0022,0x0022,0x0022,
0x0022,0x0022,0x0022,0x0042,0x0042,0x0042,0x0042,0x0022,0x0022,0x0022,0x0042,0x0022,0x0022,0x0022,0x0022,0x0022,
0x0022,0x0022,0x0022,0x0022,0x0022,0x0022,0x0022,0x0022,0x0021,0x0021,0x0021,0x0021,0x0021,0x0021,0x0021,0x0021,
0x0021,0x0021,0x0021,0x0022,0x0022,0x0022,0x0022,0x0022,0x0022,0x0022,0x0022,0x0022,0x0022,0x0022,0x0022,0x0022,
0x0022,0x0022,0x0022,0x0022,0x0021,0x0022,0x0022,0x0022,0x0022,0x0022,0x0022,0x0022,0x0022,0x0022,0x0022,0x0022,
0x0022,0x0022,0x0022,0x0022,0x0021,0x0022,0x0022,0x0022,0x0022,0x0022,0x0022,0x0022,0x0021,0x0021,0x0021,0x0021,
0x0021,0x0021,0x0021,0x0021,0x0021,0x0021,0x0021,0x0021,0x0021,0x0021,0x0021,0x0021,0x0021,0x0021,0x0021,0x0021,
0x0021,0x0021,0x0021,0x0021,0x0021,0x0021,0x0021,0x0021,0x0021,0x0021,0x0021,0x0021,0x0021,0x0021,0x0021,0x0021,
0x0021,0x0021,0x0021,0x0021,0x0021,0x0021,0x0021,0x0021,0x0021,0x0021,0x0021,0x0021,0x0021,0x0021,0x0021,0x0021,
0x0021,0x0021,0x0021,0x0021,0x0021,0x0021,0x0021,0x0021,0x0021,0x0021,0x0021,0x0021,0x0021,0x0021,0x0021,0x0021,
0x0021,0x0021,0x0021,0x0021,0x0021,0x0021,0x0021,0x0021,0x0021,0x0021,0x0021,0x0021,0x0021,0x0021,0x0021,0x0021,
0x0021,0x0021,0x0021,0x0021,0x0021,0x0021,0x0021,0x0021,0x0021,0x0021,0x0021,0x0021,0x0021,0x0021,0x0021,0x0021,
},
{0x0021,0x0021,0x0021,0x0021,0x0021,0x0021,0x0021,0x0021,0x0021,0x0021,0x0021,0x0021,0x0021,0x0021,0x0021,0x0021,
0x0021,0x0021,0x0021,0x0021,0x0021,0x0021,0x0021,0x0021,0x0021,0x0021,0x0021,0x0021,0x0021,0x0021,0x0021,0x0021,
0x0021,0x0021,0x0021,0x0021,0x0021,0x0021,0x0021,0x0021,0x0021,0x0021,0x0021,0x0021,0x0021,0x0021,0x0021,0x0021,
0x0021,0x0021,0x0021,0x0021,0x0021,0x0021,0x0021,0x0021,0x0021,0x0021,0x0021,0x0021,0x0021,0x0021,0x0021,0x0021,
0x0021,0x0021,0x0021,0x0021,0x0021,0x0021,0x0021,0x0021,0x0021,0x0021,0x0021,0x0022,0x0022,0x0022,0x0022,0x0022,
0x0021,0x0022,0x0022,0x0022,0x0022,0x0022,0x0022,0x0022,0x0022,0x0022,0x0022,0x0022,0x0021,0x0022,0x0022,0x0022,
0x0022,0x0022,0x0022,0x0022,0x0022,0x0022,0x0022,0x0022,0x0021,0x0021,0x0022,0x0022,0x0022,0x0022,0x0022,0x0022,
0x0022,0x0022,0x0022,0x0022,0x0022,0x0022,0x0022,0x0022,0x0022,0x0022,0x0022,0x0022,0x0022,0x0022,0x0022,0x0022,
0x0022,0x0022,0x0022,0x0022,0x0022,0x0022,0x0022,0x0022,0x0022,0x0022,0x0022,0x0021,0x0022,0x0022,0x0022,0x0022,
0x0022,0x0022,0x0022,0x0022,0x0022,0x0022,0x0022,0x0042,0x0022,0x0022,0x0021,0x0021,0x0022,0x0022,0x0022,0x0022,
0x0022,0x0022,0x0021,0x0022,0x0022,0x0022,0x0022,0x0022,0x0022,0x0022,0x0022,0x0022,0x0022,0x0022,0x0022,0x0022,
0x0022,0x0022,0x0022,0x0022,0x0022,0x0022,0x0022,0x0022,0x0022,0x0022,0x0022,0x0022,0x0022,0x0022,0x0022,0x0022,
0x0022,0x0022,0x0042,0x0022,0x0022,0x0022,0x0022,0x0022,0x0022,0x0022,0x0022,0x0022,0x0022,0x0022,0x0022,0x0022,
0x0022,0x0022,0x0022,0x0022,0x0022,0x0022,0x0022,0x0022,0x0022,0x0022,0x0022,0x0022,0x0021,0x0021,0x0021,0x0022,
0x0022,0x0022,0x0022,0x0022,0x0022,0x0022,0x0022,0x0022,0x0022,0x0022,0x0022,0x0022,0x0022,0x0022,0x0022,0x0022,
0x0022,0x0022,0x0022,0x0022,0x0022,0x0022,0x0022,0x0022,0x0022,0x0022,0x0022,0x0022,0x0022,0x0022,0x0022,0x0022,
0x0022,0x0022,0x0022,0x0022,0x0022,0x0022,0x0022,0x0022,0x0022,0x0022,0x0022,0x0022,0x0022,0x0022,0x0022,0x0022,
0x0022,0x0022,0x0022,0x0022,0x0022,0x0022,0x0022,0x0022,0x0022,0x0022,0x0022,0x0022,0x0022,0x0022,0x0022,0x0022,
0x0022,0x0022,0x0022,0x0022,0x0022,0x0022,0x0022,0x0022,0x0022,0x0022,0x0022,0x0022,0x0022,0x0022,0x0022,0x0022,
0x0022,0x0022,0x0022,0x0022,0x0022,0x0022,0x0022,0x0022,0x0022,0x0022,0x0022,0x0022,0x0022,0x0022,0x0022,0x0022,
0x0022,0x0042,0x0022,0x0022,0x0022,0x0022,0x0022,0x0022,0x0022,0x0022,0x0022,0x0022,0x0022,0x0022,0x0022,0x0022,
0x0022,0x0022,0x0022,0x0042,0x0042,0x0042,0x0042,0x0022,0x0022,0x0022,0x0022,0x0022,0x0042,0x0022,0x0022,0x0022,
0x0022,0x0022,0x0022,0x0022,0x0022,0x0022,0x0022,0x0022,0x0021,0x0022,0x0021,0x0021,0x0021,0x0021,0x0021,0x0021,
0x0021,0x0021,0x0021,0x0022,0x0022,0x0022,0x0022,0x0022,0x0021,0x0022,0x0022,0x0022,0x0022,0x0022,0x0022,0x0022,
0x0022,0x0022,0x0022,0x0022,0x0022,0x0022,0x0022,0x0022,0x0022,0x0022,0x0022,0x0022,0x0022,0x0022,0x0022,0x0022,
0x0022,0x0021,0x0021,0x0021,0x0021,0x0021,0x0022,0x0022,0x0022,0x0022,0x0022,0x0022,0x0022,0x0022,0x0021,0x0021,
0x0021,0x0021,0x0021,0x0021,0x0021,0x0021,0x0021,0x0021,0x0021,0x0021,0x0021,0x0021,0x0021,0x0021,0x0021,0x0021,
0x0021,0x0021,0x0021,0x0021,0x0021,0x0021,0x0021,0x0021,0x0021,0x0021,0x0021,0x0021,0x0021,0x0021,0x0021,0x0021,
0x0021,0x0021,0x0021,0x0021,0x0021,0x0021,0x0021,0x0021,0x0021,0x0021,0x0021,0x0021,0x0021,0x0021,0x0021,0x0021,
0x0021,0x0021,0x0021,0x0021,0x0021,0x0021,0x0021,0x0021,0x0021,0x0021,0x0021,0x0021,0x0021,0x0021,0x0021,0x0021,
0x0021,0x0021,0x0021,0x0021,0x0021,0x0021,0x0021,0x0021,0x0021,0x0021,0x0021,0x0021,0x0021,0x0021,0x0021,0x0021,
0x0021,0x0021,0x0021,0x0021,0x0021,0x0021,0x0021,0x0021,0x0021,0x0021,0x0021,0x0021,0x0021,0x0021,0x0021,0x0021,
},
{0x0021,0x0021,0x0021,0x0021,0x0021,0x0021,0x0021,0x0021,0x0021,0x0021,0x0021,0x0021,0x0021,0x0021,0x0021,0x0021,
0x0021,0x0021,0x0021,0x0021,0x0021,0x0021,0x0021,0x0021,0x0021,0x0021,0x0021,0x0021,0x0021,0x0021,0x0021,0x0021,
0x0021,0x0021,0x0021,0x0021,0x0021,0x0021,0x0021,0x0021,0x0021,0x0021,0x0021,0x0021,0x0021,0x0021,0x0021,0x0021,
0x0021,0x0021,0x0021,0x0021,0x0021,0x0021,0x0021,0x0021,0x0021,0x0021,0x0021,0x0021,0x0021,0x0021,0x0021,0x0021,
0x0021,0x0021,0x0021,0x0021,0x0021,0x0021,0x0021,0x0021,0x0021,0x0021,0x0021,0x0021,0x0022,0x0022,0x0022,0x0022,
0x0021,0x0022,0x0022,0x0022,0x0022,0x0022,0x0022,0x0022,0x0022,0x0022,0x0022,0x0022,0x0022,0x0021,0x0021,0x0022,
0x0022,0x0022,0x0022,0x0022,0x0022,0x0022,0x0022,0x0022,0x0021,0x0022,0x0022,0x0022,0x0022,0x0022,0x0022,0x0022,
0x0022,0x0022,0x0022,0x0022,0x0022,0x0022,0x0022,0x0022,0x0022,0x0022,0x0022,0x0022,0x0021,0x0022,0x0021,0x0022,
0x0022,0x0022,0x0022,0x0022,0x0022,0x0022,0x0022,0x0022,0x0022,0x0022,0x0022,0x0022,0x0022,0x0021,0x0022,0x0022,
0x0021,0x0021,0x0022,0x0022,0x0022,0x0022,0x0022,0x0022,0x0022,0x0022,0x0021,0x0021,0x0021,0x0022,0x0022,0x0022,
0x0022,0x0022,0x0022,0x0022,0x0022,0x0022,0x0022,0x0022,0x0022,0x0022,0x0022,0x0022,0x0022,0x0022,0x0022,0x0022,
0x0022,0x0022,0x0022,0x0022,0x0022,0x0022,0x0022,0x0022,0x0022,0x0022,0x0022,0x0022,0x0022,0x0022,0x0022,0x0022,
0x0022,0x0022,0x0042,0x0022,0x0022,0x0022,0x0022,0x0022,0x0022,0x0022,0x0022,0x0022,0x0022,0x0022,0x0042,0x0022,
0x0022,0x0022,0x0022,0x0022,0x0022,0x0022,0x0022,0x0022,0x0022,0x0022,0x0022,0x0022,0x0022,0x0022,0x0022,0x0022,
0x0022,0x0022,0x0022,0x0022,0x0022,0x0022,0x0022,0x0022,0x0022,0x0022,0x0042,0x0022,0x0022,0x0022,0x0022,0x0022,
0x0022,0x0022,0x0022,0x0022,0x0022,0x0022,0x0022,0x0022,0x0022,0x0022,0x0022,0x0022,0x0022,0x0042,0x0022,0x0022,
0x0022,0x0022,0x0022,0x0022,0x0022,0x0022,0x0022,0x0022,0x0022,0x0022,0x0022,0x0022,0x0022,0x0022,0x0022,0x0022,
0x0022,0x0022,0x0022,0x0022,0x0022,0x0022,0x0022,0x0022,0x0022,0x0022,0x0022,0x0022,0x0022,0x0022,0x0022,0x0022,
0x0022,0x0022,0x0022,0x0022,0x0022,0x0022,0x0022,0x0022,0x0022,0x0022,0x0022,0x0022,0x0022,0x0022,0x0022,0x0022,
0x0022,0x0022,0x0022,0x0022,0x0022,0x0022,0x0022,0x0022,0x0022,0x0022,0x0022,0x0022,0x0022,0x0022,0x0022,0x0022,
0x0022,0x0022,0x0022,0x0022,0x0022,0x0022,0x0022,0x0022,0x0022,0x0022,0x0022,0x0022,0x0022,0x0022,0x0022,0x0022,
0x0022,0x0022,0x0022,0x0022,0x0042,0x0042,0x0042,0x0022,0x0022,0x0022,0x0022,0x0022,0x0022,0x0022,0x0022,0x0022,
0x0022,0x0022,0x0022,0x0022,0x0022,0x0022,0x0022,0x0022,0x0022,0x0022,0x0022,0x0022,0x0022,0x0022,0x0021,0x0022,
0x0022,0x0022,0x0022,0x0022,0x0022,0x0022,0x0022,0x0022,0x0022,0x0022,0x0022,0x0022,0x0022,0x0022,0x0022,0x0022,
0x0022,0x0022,0x0022,0x0022,0x0022,0x0022,0x0022,0x0022,0x0022,0x0022,0x0022,0x0022,0x0022,0x0022,0x0022,0x0022,
0x0022,0x0022,0x0022,0x0022,0x0022,0x0021,0x0021,0x0022,0x0022,0x0022,0x0022,0x0022,0x0022,0x0022,0x0021,0x0021,
0x0021,0x0021,0x0021,0x0021,0x0021,0x0021,0x0021,0x0021,0x0021,0x0021,0x0021,0x0021,0x0021,0x0021,0x0021,0x0021,
0x0021,0x0021,0x0021,0x0021,0x0021,0x0021,0x0021,0x0021,0x0021,0x0021,0x0021,0x0021,0x0021,0x0021,0x0021,0x0021,
0x0021,0x0021,0x0021,0x0021,0x0021,0x0021,0x0021,0x0021,0x0021,0x0021,0x0021,0x0021,0x0021,0x0021,0x0021,0x0021,
0x0021,0x0021,0x0021,0x0021,0x0021,0x0021,0x0021,0x0021,0x0021,0x0021,0x0021,0x0021,0x0021,0x0021,0x0021,0x0021,
0x0021,0x0021,0x0021,0x0021,0x0021,0x0021,0x0021,0x0021,0x0021,0x0021,0x0021,0x0021,0x0021,0x0021,0x0021,0x0021,
0x0021,0x0021,0x0021,0x0021,0x0021,0x0021,0x0021,0x0021,0x0021,0x0021,0x0021,0x0021,0x0021,0x0021,0x0021,0x0021,
},
{0x0021,0x0021,0x0021,0x0021,0x0021,0x0021,0x0021,0x0021,0x0021,0x0021,0x0021,0x0021,0x0021,0x0021,0x0021,0x0021,
0x0021,0x0021,0x0021,0x0021,0x0021,0x0021,0x0021,0x0021,0x0021,0x0021,0x0021,0x0021,0x0021,0x0021,0x0021,0x0021,
0x0021,0x0021,0x0021,0x0021,0x0021,0x0021,0x0021,0x0021,0x0021,0x0021,0x0021,0x0021,0x0021,0x0021,0x0021,0x0021,
0x0021,0x0021,0x0021,0x0021,0x0021,0x0021,0x0021,0x0021,0x0021,0x0021,0x0021,0x0021,0x0021,0x0021,0x0021,0x0021,
0x0021,0x0021,0x0021,0x0021,0x0021,0x0021,0x0021,0x0021,0x0021,0x0021,0x0022,0x0022,0x0022,0x0022,0x0022,0x0022,
0x0022,0x0022,0x0022,0x0022,0x0022,0x0022,0x0021,0x0022,0x0022,0x0022,0x0022,0x0022,0x0022,0x0022,0x0021,0x0022,
0x0022,0x0022,0x0022,0x0022,0x0022,0x0021,0x0022,0x0021,0x0021,0x0022,0x0022,0x0022,0x0022,0x0022,0x0022,0x0022,
0x0022,0x0022,0x0022,0x0022,0x0022,0x0022,0x0022,0x0022,0x0022,0x0022,0x0022,0x0022,0x0022,0x0021,0x0022,0x0022,
0x0022,0x0022,0x0021,0x0022,0x0021,0x0022,0x0022,0x0022,0x0022,0x0022,0x0022,0x0022,0x0022,0x0022,0x0022,0x0022,
0x0022,0x0021,0x0021,0x0022,0x0022,0x0022,0x0022,0x0022,0x0022,0x0022,0x0022,0x0022,0x0021,0x0021,0x0022,0x0022,
0x0022,0x0022,0x0022,0x0022,0x0022,0x0022,0x0022,0x0022,0x0022,0x0022,0x0022,0x0022,0x0022,0x0022,0x0022,0x0022,
0x0022,0x0022,0x0022,0x0022,0x0022,0x0022,0x0022,0x0022,0x0022,0x0022,0x0022,0x0022,0x0022,0x0022,0x0022,0x0022,
0x0022,0x0022,0x0022,0x0022,0x0022,0x0022,0x0042,0x0022,0x0022,0x0042,0x0042,0x0042,0x0042,0x0042,0x0022,0x0022,
0x0022,0x0022,0x0022,0x0022,0x0022,0x0022,0x0022,0x0022,0x0022,0x0022,0x0022,0x0022,0x0022,0x0022,0x0022,0x0022,
0x0022,0x0022,0x0022,0x0022,0x0022,0x0022,0x0022,0x0022,0x0022,0x0042,0x0042,0x0042,0x0022,0x0022,0x0022,0x0022,
0x0022,0x0022,0x0022,0x0022,0x0022,0x0022,0x0022,0x0022,0x0022,0x0022,0x0022,0x0022,0x0022,0x0042,0x0022,0x0022,
0x0022,0x0022,0x0022,0x0022,0x0022,0x0022,0x0022,0x0022,0x0022,0x0022,0x0022,0x0022,0x0022,0x0022,0x0022,0x0022,
0x0022,0x0022,0x0022,0x0022,0x0022,0x0022,0x0022,0x0022,0x0022,0x0022,0x0022,0x0022,0x0022,0x0022,0x0022,0x0022,
0x0022,0x0022,0x0022,0x0022,0x0022,0x0022,0x0022,0x0022,0x0022,0x0022,0x0022,0x0022,0x0022,0x0022,0x0022,0x0022,
0x0022,0x0022,0x0022,0x0022,0x0022,0x0022,0x0022,0x0022,0x0022,0x0022,0x0022,0x0022,0x0022,0x0022,0x0022,0x0022,
0x0042,0x0022,0x0042,0x0042,0x0022,0x0022,0x0042,0x0042,0x0022,0x0022,0x0022,0x0022,0x0022,0x0022,0x0022,0x0022,
0x0022,0x0022,0x0022,0x0022,0x0042,0x0042,0x0043,0x0042,0x0022,0x0022,0x0022,0x0022,0x0022,0x0022,0x0022,0x0022,
0x0022,0x0042,0x0022,0x0022,0x0022,0x0022,0x0022,0x0022,0x0022,0x0022,0x0022,0x0022,0x0022,0x0022,0x0021,0x0022,
0x0022,0x0022,0x0022,0x0022,0x0022,0x0022,0x0022,0x0022,0x0022,0x0022,0x0022,0x0022,0x0022,0x0022,0x0022,0x0022,
0x0022,0x0022,0x0022,0x0022,0x0022,0x0022,0x0022,0x0022,0x0022,0x0022,0x0022,0x0022,0x0022,0x0042,0x0042,0x0022,
0x0022,0x0022,0x0022,0x0022,0x0022,0x0022,0x0021,0x0021,0x0021,0x0021,0x0022,0x0021,0x0021,0x0021,0x0021,0x0021,
0x0021,0x0021,0x0021,0x0022,0x0021,0x0021,0x0021,0x0022,0x0022,0x0021,0x0021,0x0021,0x0021,0x0021,0x0021,0x0021,
0x0021,0x0021,0x0021,0x0021,0x0021,0x0021,0x0021,0x0021,0x0021,0x0021,0x0021,0x0021,0x0021,0x0021,0x0021,0x0021,
0x0021,0x0021,0x0021,0x0021,0x0021,0x0021,0x0021,0x0021,0x0021,0x0021,0x0021,0x0021,0x0021,0x0021,0x0021,0x0021,
0x0021,0x0021,0x0021,0x0021,0x0021,0x0021,0x0021,0x0021,0x0021,0x0021,0x0021,0x0021,0x0021,0x0021,0x0021,0x0021,
0x0021,0x0021,0x0021,0x0021,0x0021,0x0021,0x0021,0x0021,0x0021,0x0021,0x0021,0x0021,0x0021,0x0021,0x0021,0x0021,
0x0021,0x0021,0x0021,0x0021,0x0021,0x0021,0x0021,0x0021,0x0021,0x0021,0x0021,0x0021,0x0021,0x0021,0x0021,0x0021,
},
{0x0021,0x0021,0x0021,0x0021,0x0021,0x0021,0x0021,0x0021,0x0021,0x0021,0x0021,0x0021,0x0021,0x0021,0x0021,0x0021,
0x0021,0x0021,0x0021,0x0021,0x0021,0x0021,0x0021,0x0021,0x0021,0x0021,0x0021,0x0021,0x0021,0x0021,0x0021,0x0021,
0x0021,0x0021,0x0021,0x0021,0x0021,0x0021,0x0021,0x0021,0x0021,0x0021,0x0021,0x0021,0x0021,0x0021,0x0021,0x0021,
0x0021,0x0021,0x0021,0x0021,0x0021,0x0021,0x0021,0x0021,0x0021,0x0021,0x0021,0x0021,0x0021,0x0021,0x0021,0x0021,
0x0021,0x0021,0x0021,0x0021,0x0021,0x0021,0x0021,0x0021,0x0021,0x0021,0x0021,0x0022,0x0022,0x0022,0x0022,0x0022,
0x0022,0x0022,0x0022,0x0022,0x0022,0x0022,0x0022,0x0022,0x0022,0x0022,0x0022,0x0022,0x0022,0x0022,0x0022,0x0022,
0x0022,0x0022,0x0022,0x0022,0x0022,0x0022,0x0022,0x0022,0x0022,0x0022,0x0022,0x0022,0x0022,0x0022,0x0022,0x0022,
0x0022,0x0022,0x0022,0x0022,0x0022,0x0022,0x0022,0x0022,0x0022,0x0022,0x0022,0x0022,0x0022,0x0022,0x0022,0x0022,
0x0022,0x0022,0x0021,0x0022,0x0021,0x0022,0x0022,0x0022,0x0022,0x0022,0x0022,0x0022,0x0022,0x0021,0x0022,0x0022,
0x0022,0x0021,0x0021,0x0021,0x0022,0x0022,0x0022,0x0022,0x0022,0x0022,0x0022,0x0022,0x0022,0x0021,0x0022,0x0022,
0x0042,0x0042,0x0042,0x0022,0x0022,0x0022,0x0022,0x0022,0x0022,0x0022,0x0022,0x0022,0x0022,0x0022,0x0022,0x0022,
0x0022,0x0022,0x0022,0x0022,0x0022,0x0022,0x0022,0x0022,0x0022,0x0022,0x0022,0x0022,0x0022,0x0022,0x0022,0x0022,
0x0022,0x0022,0x0022,0x0022,0x0022,0x0022,0x0022,0x0022,0x0042,0x0042,0x0042,0x0042,0x0042,0x0042,0x0022,0x0022,
0x0022,0x0022,0x0022,0x0022,0x0022,0x0022,0x0022,0x0022,0x0022,0x0022,0x0022,0x0022,0x0022,0x0022,0x0022,0x0042,
0x0042,0x0022,0x0022,0x0022,0x0022,0x0022,0x0022,0x0042,0x0042,0x0042,0x0042,0x0042,0x0042,0x0042,0x0042,0x0022,
0x0022,0x0022,0x0022,0x0022,0x0022,0x0022,0x0022,0x0022,0x0022,0x0022,0x0022,0x0022,0x0022,0x0022,0x0022,0x0042,
0x0022,0x0042,0x0022,0x0022,0x0022,0x0022,0x0022,0x0022,0x0022,0x0022,0x0022,0x0022,0x0022,0x0022,0x0022,0x0022,
0x0022,0x0022,0x0022,0x0022,0x0022,0x0022,0x0022,0x0022,0x0022,0x0022,0x0022,0x0022,0x0022,0x0022,0x0022,0x0022,
0x0022,0x0022,0x0022,0x0022,0x0022,0x0022,0x0022,0x0022,0x0022,0x0022,0x0022,0x0022,0x0022,0x0022,0x0022,0x0022,
0x0022,0x0022,0x0022,0x0022,0x0022,0x0022,0x0022,0x0022,0x0022,0x0022,0x0022,0x0022,0x0022,0x0022,0x0022,0x0022,
0x0042,0x0042,0x0042,0x0042,0x0042,0x0042,0x0042,0x0042,0x0042,0x0042,0x0022,0x0042,0x0022,0x0042,0x0042,0x0042,
0x0042,0x0042,0x0022,0x0042,0x0042,0x0042,0x0043,0x0042,0x0042,0x0022,0x0022,0x0022,0x0022,0x0022,0x0022,0x0022,
0x0022,0x0022,0x0022,0x0022,0x0022,0x0022,0x0022,0x0022,0x0022,0x0022,0x0022,0x0022,0x0022,0x0022,0x0022,0x0022,
0x0022,0x0022,0x0022,0x0022,0x0022,0x0022,0x0022,0x0022,0x0022,0x0022,0x0022,0x0022,0x0022,0x0022,0x0022,0x0022,
0x0022,0x0022,0x0022,0x0022,0x0022,0x0022,0x0022,0x0022,0x0022,0x0022,0x0022,0x0042,0x0042,0x0042,0x0042,0x0042,
0x0022,0x0022,0x0022,0x0022,0x0022,0x0022,0x0022,0x0021,0x0021,0x0022,0x0022,0x0021,0x0021,0x0021,0x0021,0x0021,
0x0021,0x0021,0x0021,0x0021,0x0021,0x0021,0x0021,0x0021,0x0021,0x0021,0x0021,0x0021,0x0021,0x0021,0x0021,0x0021,
0x0021,0x0021,0x0021,0x0021,0x0021,0x0021,0x0021,0x0021,0x0021,0x0021,0x0021,0x0021,0x0021,0x0021,0x0021,0x0021,
0x0021,0x0021,0x0021,0x0021,0x0021,0x0021,0x0021,0x0021,0x0021,0x0021,0x0021,0x0021,0x0021,0x0021,0x0021,0x0021,
0x0021,0x0021,0x0021,0x0021,0x0021,0x0021,0x0021,0x0021,0x0021,0x0021,0x0021,0x0021,0x0021,0x0021,0x0021,0x0021,
0x0021,0x0021,0x0021,0x0021,0x0021,0x0021,0x0021,0x0021,0x0021,0x0021,0x0021,0x0021,0x0021,0x0021,0x0021,0x0021,
0x0021,0x0021,0x0021,0x0021,0x0021,0x0021,0x0021,0x0021,0x0021,0x0021,0x0021,0x0021,0x0021,0x0021,0x0021,0x0021,
},
{0x0021,0x0021,0x0021,0x0021,0x0021,0x0021,0x0021,0x0021,0x0021,0x0021,0x0021,0x0021,0x0021,0x0021,0x0021,0x0021,
0x0021,0x0021,0x0021,0x0021,0x0021,0x0021,0x0021,0x0021,0x0021,0x0021,0x0021,0x0021,0x0021,0x0021,0x0021,0x0021,
0x0021,0x0021,0x0021,0x0021,0x0021,0x0021,0x0021,0x0021,0x0021,0x0021,0x0021,0x0021,0x0021,0x0021,0x0021,0x0021,
0x0021,0x0021,0x0021,0x0021,0x0021,0x0021,0x0021,0x0021,0x0021,0x0021,0x0021,0x0021,0x0021,0x0021,0x0021,0x0021,
0x0021,0x0021,0x0021,0x0021,0x0021,0x0021,0x0021,0x0021,0x0021,0x0021,0x0021,0x0021,0x0022,0x0022,0x0022,0x0022,
0x0022,0x0022,0x0022,0x0022,0x0022,0x0022,0x0022,0x0022,0x0022,0x0022,0x0022,0x0022,0x0022,0x0022,0x0022,0x0022,
0x0022,0x0022,0x0022,0x0022,0x0022,0x0022,0x0022,0x0022,0x0022,0x0022,0x0022,0x0022,0x0022,0x0022,0x0022,0x0022,
0x0022,0x0042,0x0042,0x0042,0x0022,0x0022,0x0022,0x0022,0x0022,0x0022,0x0022,0x0022,0x0022,0x0022,0x0021,0x0021,
0x0021,0x0021,0x0021,0x0021,0x0022,0x0022,0x0022,0x0022,0x0022,0x0022,0x0022,0x0022,0x0022,0x0021,0x0021,0x0021,
0x0022,0x0021,0x0021,0x0021,0x0022,0x0022,0x0022,0x0022,0x0022,0x0022,0x0022,0x0022,0x0022,0x0021,0x0022,0x0022,
0x0022,0x0022,0x0022,0x0022,0x0022,0x0022,0x0021,0x0021,0x0021,0x0022,0x0022,0x0022,0x0022,0x0022,0x0022,0x0022,
0x0022,0x0022,0x0022,0x0022,0x0022,0x0022,0x0022,0x0022,0x0022,0x0022,0x0022,0x0022,0x0022,0x0022,0x0022,0x0022,
0x0022,0x0022,0x0022,0x0022,0x0042,0x0022,0x0022,0x0042,0x0042,0x0042,0x0042,0x0042,0x0042,0x0042,0x0042,0x0042,
0x0042,0x0042,0x0022,0x0022,0x0022,0x0022,0x0022,0x0022,0x0022,0x0022,0x0022,0x0022,0x0022,0x0022,0x0042,0x0042,
0x0022,0x0022,0x0022,0x0022,0x0022,0x0022,0x0022,0x0022,0x0042,0x0042,0x0042,0x0042,0x0043,0x0042,0x0042,0x0042,
0x0042,0x0042,0x0022,0x0022,0x0022,0x0022,0x0022,0x0022,0x0022,0x0022,0x0022,0x0022,0x0022,0x0022,0x0022,0x0042,
0x0042,0x0042,0x0042,0x0042,0x0022,0x0022,0x0022,0x0022,0x0022,0x0022,0x0022,0x0022,0x0022,0x0022,0x0022,0x0042,
0x0042,0x0022,0x0022,0x0022,0x0022,0x0022,0x0022,0x0022,0x0022,0x0022,0x0022,0x0022,0x0022,0x0022,0x0022,0x0022,
0x0022,0x0022,0x0022,0x0042,0x0042,0x0022,0x0022,0x0022,0x0022,0x0022,0x0022,0x0022,0x0022,0x0022,0x0022,0x0022,
0x0042,0x0042,0x0042,0x0022,0x0042,0x0042,0x0022,0x0022,0x0022,0x0022,0x0022,0x0042,0x0022,0x0022,0x0022,0x0042,
0x0042,0x0042,0x0042,0x0042,0x0042,0x0042,0x0043,0x0042,0x0042,0x0042,0x0042,0x0042,0x0042,0x0042,0x0042,0x0042,
0x0042,0x0042,0x0042,0x0042,0x0042,0x0042,0x0043,0x0042,0x0042,0x0042,0x0022,0x0022,0x0022,0x0022,0x0022,0x0042,
0x0022,0x0022,0x0022,0x0022,0x0022,0x0022,0x0022,0x0022,0x0022,0x0022,0x0022,0x0022,0x0022,0x0022,0x0022,0x0022,
0x0022,0x0022,0x0022,0x0022,0x0022,0x0022,0x0022,0x0022,0x0022,0x0022,0x0022,0x0022,0x0022,0x0022,0x0022,0x0022,
0x0022,0x0022,0x0022,0x0022,0x0022,0x0022,0x0022,0x0022,0x0022,0x0022,0x0022,0x0022,0x0022,0x0022,0x0022,0x0022,
0x0022,0x0022,0x0022,0x0022,0x0022,0x0022,0x0022,0x0022,0x0021,0x0022,0x0022,0x0022,0x0022,0x0021,0x0021,0x0021,
0x0021,0x0021,0x0021,0x0021,0x0021,0x0021,0x0021,0x0021,0x0021,0x0021,0x0021,0x0021,0x0021,0x0021,0x0021,0x0021,
0x0021,0x0021,0x0021,0x0021,0x0021,0x0021,0x0021,0x0021,0x0021,0x0021,0x0021,0x0021,0x0021,0x0021,0x0021,0x0021,
0x0021,0x0021,0x0021,0x0021,0x0021,0x0021,0x0021,0x0021,0x0021,0x0021,0x0021,0x0021,0x0021,0x0021,0x0021,0x0021,
0x0021,0x0021,0x0021,0x0021,0x0021,0x0021,0x0021,0x0021,0x0021,0x0021,0x0021,0x0021,0x0021,0x0021,0x0021,0x0021,
0x0021,0x0021,0x0021,0x0021,0x0021,0x0021,0x0021,0x0021,0x0021,0x0021,0x0021,0x0021,0x0021,0x0021,0x0021,0x0021,
0x0021,0x0021,0x0021,0x0021,0x0021,0x0021,0x0021,0x0021,0x0021,0x0021,0x0021,0x0021,0x0021,0x0021,0x0021,0x0021,
},
{0x0021,0x0021,0x0021,0x0021,0x0021,0x0021,0x0021,0x0021,0x0021,0x0021,0x0021,0x0021,0x0021,0x0021,0x0021,0x0021,
0x0021,0x0021,0x0021,0x0021,0x0021,0x0021,0x0021,0x0021,0x0021,0x0021,0x0021,0x0021,0x0021,0x0021,0x0021,0x0021,
0x0021,0x0021,0x0021,0x0021,0x0021,0x0021,0x0021,0x0021,0x0021,0x0021,0x0021,0x0021,0x0021,0x0021,0x0021,0x0021,
0x0021,0x0021,0x0021,0x0021,0x0021,0x0021,0x0021,0x0021,0x0021,0x0021,0x0021,0x0021,0x0021,0x0021,0x0021,0x0021,
0x0021,0x0021,0x0021,0x0021,0x0021,0x0021,0x0021,0x0021,0x0021,0x0021,0x0021,0x0021,0x0021,0x0021,0x0022,0x0022,
0x0022,0x0022,0x0022,0x0022,0x0022,0x0022,0x0022,0x0022,0x0022,0x0022,0x0022,0x0022,0x0022,0x0022,0x0022,0x0022,
0x0022,0x0022,0x0022,0x0022,0x0022,0x0022,0x0022,0x0022,0x0022,0x0022,0x0022,0x0022,0x0022,0x0022,0x0022,0x0022,
0x0022,0x0022,0x0022,0x0022,0x0022,0x0022,0x0022,0x0022,0x0022,0x0022,0x0022,0x0022,0x0022,0x0022,0x0022,0x0021,
0x0021,0x0021,0x0022,0x0022,0x0022,0x0022,0x0022,0x0022,0x0022,0x0022,0x0022,0x0022,0x0022,0x0022,0x0021,0x0021,
0x0021,0x0021,0x0022,0x0022,0x0022,0x0022,0x0022,0x0022,0x0022,0x0022,0x0022,0x0022,0x0022,0x0022,0x0022,0x0022,
0x0022,0x0022,0x0022,0x0022,0x0022,0x0022,0x0021,0x0022,0x0022,0x0022,0x0022,0x0022,0x0022,0x0022,0x0022,0x0022,
0x0022,0x0022,0x0022,0x0022,0x0022,0x0022,0x0022,0x0022,0x0022,0x0022,0x0022,0x0022,0x0022,0x0022,0x0022,0x0042,
0x0042,0x0022,0x0042,0x0042,0x0042,0x0042,0x0042,0x0042,0x0042,0x0042,0x0042,0x0042,0x0042,0x0042,0x0042,0x0042,
0x0022,0x0022,0x0022,0x0022,0x0022,0x0022,0x0022,0x0042,0x0042,0x0042,0x0022,0x0022,0x0022,0x0022,0x0042,0x0022,
0x0042,0x0042,0x0042,0x0042,0x0042,0x0042,0x0042,0x0022,0x0022,0x0042,0x0042,0x0042,0x0042,0x0042,0x0042,0x0042,
0x0042,0x0042,0x0042,0x0042,0x0042,0x0022,0x0022,0x0022,0x0022,0x0022,0x0022,0x0042,0x0042,0x0022,0x0022,0x0022,
0x0042,0x0042,0x0022,0x0042,0x0022,0x0022,0x0022,0x0022,0x0022,0x0022,0x0022,0x0022,0x0022,0x0022,0x0022,0x0042,
0x0042,0x0042,0x0042,0x0042,0x0022,0x0022,0x0022,0x0022,0x0022,0x0022,0x0022,0x0042,0x0042,0x0022,0x0022,0x0022,
0x0022,0x0042,0x0042,0x0042,0x0042,0x0042,0x0042,0x0042,0x0022,0x0022,0x0022,0x0022,0x0022,0x0022,0x0022,0x0042,
0x0042,0x0042,0x0042,0x0022,0x0042,0x0042,0x0022,0x0022,0x0022,0x0042,0x0042,0x0042,0x0042,0x0042,0x0042,0x0042,
0x0042,0x0042,0x0042,0x0042,0x0042,0x0042,0x0042,0x0042,0x0042,0x0042,0x0042,0x0042,0x0042,0x0042,0x0042,0x0042,
0x0042,0x0042,0x0042,0x0043,0x0043,0x0043,0x0043,0x0043,0x0042,0x0022,0x0022,0x0042,0x0022,0x0042,0x0042,0x0042,
0x0022,0x0022,0x0022,0x0022,0x0022,0x0022,0x0022,0x0022,0x0022,0x0022,0x0022,0x0022,0x0022,0x0022,0x0022,0x0022,
0x0042,0x0042,0x0042,0x0042,0x0042,0x0042,0x0022,0x0022,0x0022,0x0022,0x0022,0x0022,0x0022,0x0042,0x0042,0x0022,
0x0022,0x0022,0x0022,0x0022,0x0022,0x0022,0x0022,0x0022,0x0022,0x0022,0x0022,0x0022,0x0022,0x0022,0x0022,0x0042,
0x0022,0x0022,0x0022,0x0022,0x0022,0x0022,0x0022,0x0022,0x0022,0x0022,0x0022,0x0022,0x0022,0x0021,0x0021,0x0021,
0x0021,0x0021,0x0021,0x0021,0x0021,0x0021,0x0021,0x0021,0x0022,0x0022,0x0021,0x0021,0x0021,0x0021,0x0021,0x0021,
0x0021,0x0021,0x0021,0x0021,0x0021,0x0021,0x0021,0x0021,0x0021,0x0021,0x0021,0x0021,0x0021,0x0021,0x0021,0x0021,
0x0021,0x0021,0x0021,0x0021,0x0021,0x0021,0x0021,0x0021,0x0021,0x0021,0x0021,0x0021,0x0021,0x0021,0x0021,0x0021,
0x0021,0x0021,0x0021,0x0021,0x0021,0x0021,0x0021,0x0021,0x0021,0x0021,0x0021,0x0021,0x0021,0x0021,0x0021,0x0021,
0x0021,0x0021,0x0021,0x0021,0x0021,0x0021,0x0021,0x0021,0x0021,0x0021,0x0021,0x0021,0x0021,0x0021,0x0021,0x0021,
0x0021,0x0021,0x0021,0x0021,0x0021,0x0021,0x0021,0x0021,0x0021,0x0021,0x0021,0x0021,0x0021,0x0021,0x0021,0x0021,
},
{0x0021,0x0021,0x0021,0x0021,0x0021,0x0021,0x0021,0x0021,0x0021,0x0021,0x0021,0x0021,0x0021,0x0021,0x0021,0x0021,
0x0021,0x0021,0x0021,0x0021,0x0021,0x0021,0x0021,0x0021,0x0021,0x0021,0x0021,0x0021,0x0021,0x0021,0x0021,0x0021,
0x0021,0x0021,0x0021,0x0021,0x0021,0x0021,0x0021,0x0021,0x0021,0x0021,0x0021,0x0021,0x0021,0x0021,0x0021,0x0021,
0x0021,0x0021,0x0021,0x0021,0x0021,0x0021,0x0021,0x0021,0x0021,0x0021,0x0021,0x0021,0x0021,0x0021,0x0021,0x0021,
0x0021,0x0021,0x0021,0x0021,0x0021,0x0021,0x0021,0x0021,0x0021,0x0021,0x0021,0x0022,0x0022,0x0022,0x0022,0x0022,
0x0022,0x0022,0x0022,0x0021,0x0022,0x0022,0x0022,0x0022,0x0022,0x0022,0x0022,0x0022,0x0022,0x0022,0x0022,0x0022,
0x0022,0x0022,0x0022,0x0022,0x0022,0x0022,0x0022,0x0022,0x0022,0x0022,0x0022,0x0022,0x0022,0x0022,0x0022,0x0022,
0x0022,0x0022,0x0022,0x0022,0x0022,0x0022,0x0022,0x0022,0x0022,0x0022,0x0042,0x0022,0x0022,0x0022,0x0022,0x0022,
0x0022,0x0022,0x0022,0x0022,0x0022,0x0022,0x0022,0x0022,0x0022,0x0022,0x0022,0x0022,0x0022,0x0022,0x0022,0x0021,
0x0021,0x0021,0x0022,0x0022,0x0022,0x0022,0x0022,0x0022,0x0022,0x0022,0x0022,0x0022,0x0022,0x0022,0x0022,0x0022,
0x0022,0x0022,0x0022,0x0022,0x0022,0x0022,0x0022,0x0022,0x0022,0x0022,0x0022,0x0022,0x0022,0x0022,0x0022,0x0022,
0x0022,0x0022,0x0022,0x0022,0x0022,0x0022,0x0022,0x0022,0x0022,0x0022,0x0022,0x0022,0x0042,0x0022,0x0042,0x0042,
0x0042,0x0042,0x0042,0x0042,0x0042,0x0042,0x0042,0x0022,0x0022,0x0022,0x0042,0x0042,0x0042,0x0042,0x0022,0x0022,
0x0042,0x0042,0x0042,0x0022,0x0042,0x0022,0x0042,0x0042,0x0042,0x0042,0x0042,0x0022,0x0022,0x0042,0x0042,0x0042,
0x0042,0x0043,0x0042,0x0042,0x0042,0x0042,0x0042,0x0042,0x0042,0x0042,0x0042,0x0042,0x0042,0x0042,0x0042,0x0042,
0x0042,0x0042,0x0042,0x0042,0x0042,0x0042,0x0042,0x0022,0x0022,0x0042,0x0042,0x0042,0x0042,0x0042,0x0022,0x0022,
0x0022,0x0042,0x0022,0x0022,0x0022,0x0022,0x0022,0x0022,0x0022,0x0022,0x0022,0x0022,0x0022,0x0022,0x0022,0x0022,
0x0042,0x0043,0x0063,0x0043,0x0042,0x0042,0x0022,0x0022,0x0022,0x0022,0x0042,0x0042,0x0042,0x0042,0x0042,0x0042,
0x0042,0x0042,0x0042,0x0042,0x0042,0x0042,0x0042,0x0042,0x0042,0x0022,0x0022,0x0042,0x0042,0x0042,0x0042,0x0042,
0x0042,0x0042,0x0042,0x0042,0x0042,0x0042,0x0042,0x0022,0x0022,0x0022,0x0042,0x0022,0x0022,0x0042,0x0042,0x0042,
0x0042,0x0042,0x0042,0x0042,0x0043,0x0043,0x0043,0x0043,0x0042,0x0042,0x0043,0x0042,0x0042,0x0043,0x0043,0x0043,
0x0043,0x0043,0x0043,0x0063,0x0043,0x0043,0x0063,0x0043,0x0042,0x0042,0x0042,0x0042,0x0042,0x0042,0x0042,0x0042,
0x0042,0x0022,0x0022,0x0042,0x0042,0x0042,0x0042,0x0022,0x0042,0x0022,0x0022,0x0022,0x0022,0x0022,0x0022,0x0022,
0x0042,0x0042,0x0042,0x0043,0x0043,0x0042,0x0022,0x0022,0x0022,0x0022,0x0022,0x0022,0x0022,0x0042,0x0042,0x0042,
0x0022,0x0022,0x0022,0x0022,0x0022,0x0022,0x0022,0x0022,0x0022,0x0022,0x0022,0x0022,0x0022,0x0022,0x0022,0x0042,
0x0042,0x0042,0x0042,0x0022,0x0022,0x0022,0x0022,0x0022,0x0022,0x0022,0x0022,0x0022,0x0022,0x0022,0x0021,0x0021,
0x0021,0x0021,0x0021,0x0021,0x0021,0x0022,0x0021,0x0021,0x0022,0x0022,0x0022,0x0021,0x0021,0x0021,0x0021,0x0021,
0x0021,0x0021,0x0021,0x0021,0x0021,0x0021,0x0021,0x0021,0x0021,0x0021,0x0021,0x0021,0x0021,0x0021,0x0021,0x0021,
0x0021,0x0021,0x0021,0x0021,0x0021,0x0022,0x0021,0x0021,0x0021,0x0021,0x0021,0x0021,0x0021,0x0021,0x0021,0x0021,
0x0021,0x0021,0x0021,0x0021,0x0021,0x0021,0x0021,0x0021,0x0021,0x0021,0x0021,0x0021,0x0021,0x0021,0x0021,0x0021,
0x0021,0x0021,0x0021,0x0021,0x0021,0x0021,0x0021,0x0021,0x0021,0x0021,0x0021,0x0021,0x0021,0x0021,0x0021,0x0021,
0x0021,0x0021,0x0021,0x0021,0x0021,0x0021,0x0021,0x0021,0x0021,0x0021,0x0021,0x0021,0x0021,0x0021,0x0021,0x0021,
},
{0x0021,0x0021,0x0021,0x0021,0x0021,0x0021,0x0021,0x0021,0x0021,0x0021,0x0021,0x0021,0x0021,0x0021,0x0021,0x0021,
0x0021,0x0021,0x0021,0x0021,0x0021,0x0021,0x0021,0x0021,0x0021,0x0021,0x0021,0x0021,0x0021,0x0021,0x0021,0x0021,
0x0021,0x0021,0x0021,0x0021,0x0021,0x0021,0x0021,0x0021,0x0021,0x0021,0x0021,0x0021,0x0021,0x0021,0x0021,0x0021,
0x0021,0x0021,0x0021,0x0021,0x0021,0x0021,0x0021,0x0021,0x0021,0x0021,0x0021,0x0021,0x0021,0x0021,0x0021,0x0021,
0x0021,0x0021,0x0021,0x0021,0x0021,0x0021,0x0021,0x0021,0x0022,0x0022,0x0022,0x0022,0x0022,0x0022,0x0022,0x0022,
0x0022,0x0022,0x0022,0x0022,0x0022,0x0022,0x0022,0x0022,0x0022,0x0022,0x0022,0x0022,0x0022,0x0022,0x0022,0x0022,
0x0022,0x0022,0x0022,0x0022,0x0022,0x0022,0x0022,0x0022,0x0022,0x0022,0x0022,0x0022,0x0022,0x0022,0x0022,0x0022,
0x0022,0x0022,0x0022,0x0022,0x0022,0x0022,0x0022,0x0022,0x0022,0x0022,0x0022,0x0022,0x0042,0x0022,0x0022,0x0022,
0x0022,0x0022,0x0022,0x0022,0x0022,0x0022,0x0022,0x0022,0x0022,0x0022,0x0022,0x0022,0x0022,0x0022,0x0022,0x0022,
0x0022,0x0022,0x0022,0x0022,0x0022,0x0022,0x0022,0x0022,0x0022,0x0022,0x0022,0x0022,0x0022,0x0022,0x0022,0x0022,
0x0042,0x0022,0x0022,0x0022,0x0022,0x0022,0x0022,0x0022,0x0022,0x0022,0x0022,0x0022,0x0022,0x0022,0x0022,0x0022,
0x0022,0x0022,0x0022,0x0022,0x0022,0x0022,0x0022,0x0022,0x0022,0x0022,0x0022,0x0022,0x0022,0x0022,0x0022,0x0042,
0x0042,0x0022,0x0022,0x0022,0x0022,0x0022,0x0022,0x0022,0x0022,0x0022,0x0022,0x0042,0x0042,0x0042,0x0022,0x0022,
0x0022,0x0042,0x0042,0x0042,0x0042,0x0042,0x0042,0x0042,0x0042,0x0042,0x0042,0x0042,0x0042,0x0042,0x0042,0x0042,
0x0042,0x0043,0x0043,0x0042,0x0042,0x0042,0x0042,0x0043,0x0043,0x0042,0x0042,0x0042,0x0042,0x0042,0x0042,0x0042,
0x0042,0x0042,0x0042,0x0042,0x0042,0x0042,0x0042,0x0042,0x0042,0x0042,0x0042,0x0042,0x0042,0x0042,0x0022,0x0022,
0x0042,0x0042,0x0042,0x0042,0x0042,0x0022,0x0022,0x0022,0x0022,0x0022,0x0022,0x0022,0x0022,0x0022,0x0022,0x0022,
0x0022,0x0042,0x0043,0x0042,0x0043,0x0042,0x0042,0x0042,0x0022,0x0042,0x0042,0x0042,0x0042,0x0042,0x0042,0x0043,
0x0042,0x0042,0x0042,0x0042,0x0042,0x0042,0x0042,0x0042,0x0042,0x0042,0x0042,0x0042,0x0042,0x0042,0x0042,0x0042,
0x0042,0x0042,0x0042,0x0042,0x0042,0x0043,0x0043,0x0042,0x0042,0x0022,0x0022,0x0022,0x0022,0x0042,0x0042,0x0042,
0x0042,0x0042,0x0042,0x0042,0x0042,0x0043,0x0042,0x0042,0x0042,0x0042,0x0043,0x0043,0x0043,0x0043,0x0043,0x0063,
0x0063,0x0063,0x0063,0x0063,0x0042,0x0042,0x0043,0x0043,0x0042,0x0042,0x0042,0x0042,0x0042,0x0042,0x0042,0x0042,
0x0042,0x0042,0x0042,0x0042,0x0042,0x0042,0x0042,0x0042,0x0042,0x0042,0x0042,0x0022,0x0022,0x0022,0x0022,0x0022,
0x0022,0x0022,0x0042,0x0042,0x0043,0x0042,0x0042,0x0042,0x0022,0x0022,0x0022,0x0022,0x0042,0x0022,0x0022,0x0042,
0x0022,0x0022,0x0022,0x0022,0x0022,0x0022,0x0022,0x0022,0x0022,0x0022,0x0022,0x0022,0x0022,0x0022,0x0022,0x0022,
0x0042,0x0042,0x0022,0x0042,0x0042,0x0042,0x0042,0x0042,0x0042,0x0022,0x0022,0x0022,0x0022,0x0022,0x0022,0x0022,
0x0022,0x0021,0x0021,0x0021,0x0022,0x0022,0x0022,0x0022,0x0022,0x0022,0x0022,0x0021,0x0021,0x0021,0x0021,0x0021,
0x0021,0x0021,0x0021,0x0021,0x0021,0x0021,0x0021,0x0021,0x0021,0x0021,0x0021,0x0021,0x0022,0x0021,0x0021,0x0021,
0x0021,0x0021,0x0021,0x0021,0x0021,0x0021,0x0021,0x0021,0x0021,0x0021,0x0021,0x0021,0x0021,0x0021,0x0021,0x0021,
0x0021,0x0021,0x0021,0x0021,0x0021,0x0021,0x0021,0x0021,0x0021,0x0021,0x0021,0x0021,0x0021,0x0021,0x0021,0x0021,
0x0021,0x0021,0x0021,0x0021,0x0021,0x0021,0x0021,0x0021,0x0021,0x0021,0x0021,0x0021,0x0021,0x0021,0x0021,0x0021,
0x0021,0x0021,0x0021,0x0021,0x0021,0x0021,0x0021,0x0021,0x0021,0x0021,0x0021,0x0021,0x0021,0x0021,0x0021,0x0021,
},
{0x0021,0x0021,0x0021,0x0021,0x0021,0x0021,0x0021,0x0021,0x0021,0x0021,0x0021,0x0021,0x0021,0x0021,0x0021,0x0021,
0x0021,0x0021,0x0021,0x0021,0x0021,0x0021,0x0021,0x0021,0x0021,0x0021,0x0021,0x0021,0x0021,0x0021,0x0021,0x0021,
0x0021,0x0021,0x0021,0x0021,0x0021,0x0021,0x0021,0x0021,0x0021,0x0021,0x0021,0x0021,0x0021,0x0021,0x0021,0x0021,
0x0021,0x0021,0x0021,0x0021,0x0021,0x0021,0x0021,0x0021,0x0021,0x0021,0x0021,0x0021,0x0021,0x0021,0x0021,0x0021,
0x0021,0x0022,0x0021,0x0021,0x0021,0x0022,0x0022,0x0022,0x0022,0x0022,0x0022,0x0022,0x0022,0x0022,0x0022,0x0022,
0x0022,0x0022,0x0022,0x0022,0x0022,0x0022,0x0022,0x0022,0x0022,0x0022,0x0022,0x0022,0x0042,0x0022,0x0022,0x0022,
0x0022,0x0022,0x0022,0x0022,0x0022,0x0022,0x0022,0x0022,0x0022,0x0022,0x0022,0x0022,0x0022,0x0022,0x0022,0x0022,
0x0022,0x0022,0x0022,0x0022,0x0022,0x0022,0x0022,0x0022,0x0022,0x0022,0x0022,0x0022,0x0042,0x0042,0x0022,0x0022,
0x0022,0x0022,0x0022,0x0022,0x0022,0x0022,0x0022,0x0022,0x0022,0x0022,0x0022,0x0022,0x0022,0x0022,0x0022,0x0022,
0x0022,0x0022,0x0022,0x0022,0x0022,0x0022,0x0022,0x0022,0x0022,0x0022,0x0022,0x0022,0x0022,0x0022,0x0022,0x0042,
0x0042,0x0042,0x0022,0x0022,0x0022,0x0022,0x0022,0x0022,0x0022,0x0021,0x0022,0x0022,0x0022,0x0022,0x0022,0x0022,
0x0022,0x0022,0x0022,0x0022,0x0022,0x0022,0x0022,0x0022,0x0022,0x0022,0x0022,0x0022,0x0022,0x0022,0x0022,0x0022,
0x0022,0x0022,0x0022,0x0022,0x0022,0x0022,0x0022,0x0022,0x0022,0x0022,0x0022,0x0042,0x0042,0x0022,0x0022,0x0022,
0x0022,0x0022,0x0042,0x0042,0x0042,0x0042,0x0042,0x0042,0x0042,0x0042,0x0042,0x0042,0x0042,0x0042,0x0042,0x0042,
0x0042,0x0043,0x0043,0x0043,0x0043,0x0043,0x0043,0x0063,0x0063,0x0043,0x0042,0x0042,0x0043,0x0043,0x0042,0x0042,
0x0042,0x0042,0x0042,0x0042,0x0043,0x0043,0x0043,0x0042,0x0042,0x0042,0x0042,0x0042,0x0042,0x0042,0x0042,0x0042,
0x0042,0x0042,0x0043,0x0042,0x0022,0x0022,0x0022,0x0022,0x0022,0x0022,0x0022,0x0022,0x0022,0x0022,0x0022,0x0022,
0x0042,0x0022,0x0042,0x0022,0x0022,0x0022,0x0042,0x0042,0x0042,0x0042,0x0042,0x0042,0x0022,0x0042,0x0042,0x0042,
0x0042,0x0042,0x0042,0x0043,0x0063,0x0042,0x0042,0x0042,0x0042,0x0042,0x0042,0x0042,0x0042,0x0042,0x0042,0x0042,
0x0042,0x0042,0x0042,0x0042,0x0042,0x0042,0x0043,0x0043,0x0022,0x0022,0x0022,0x0022,0x0022,0x0042,0x0042,0x0042,
0x0042,0x0043,0x0042,0x0042,0x0042,0x0042,0x0042,0x0042,0x0042,0x0042,0x0042,0x0042,0x0042,0x0043,0x0043,0x0064,
0x0064,0x0063,0x0064,0x0063,0x0063,0x0043,0x0043,0x0063,0x0042,0x0043,0x0043,0x0042,0x0042,0x0042,0x0042,0x0042,
0x0042,0x0042,0x0042,0x0042,0x0042,0x0042,0x0042,0x0042,0x0042,0x0042,0x0042,0x0042,0x0042,0x0042,0x0042,0x0042,
0x0042,0x0042,0x0042,0x0042,0x0042,0x0043,0x0042,0x0042,0x0042,0x0042,0x0042,0x0042,0x0042,0x0042,0x0042,0x0042,
0x0042,0x0022,0x0022,0x0022,0x0022,0x0022,0x0022,0x0022,0x0022,0x0022,0x0022,0x0022,0x0022,0x0042,0x0042,0x0042,
0x0022,0x0022,0x0022,0x0042,0x0042,0x0042,0x0042,0x0042,0x0042,0x0042,0x0042,0x0042,0x0022,0x0022,0x0022,0x0022,
0x0022,0x0022,0x0022,0x0021,0x0022,0x0022,0x0022,0x0022,0x0022,0x0022,0x0022,0x0022,0x0021,0x0021,0x0021,0x0021,
0x0021,0x0021,0x0021,0x0021,0x0021,0x0021,0x0021,0x0021,0x0021,0x0021,0x0021,0x0022,0x0021,0x0021,0x0021,0x0021,
0x0021,0x0021,0x0021,0x0022,0x0021,0x0021,0x0021,0x0021,0x0021,0x0021,0x0021,0x0021,0x0021,0x0021,0x0021,0x0021,
0x0021,0x0021,0x0021,0x0021,0x0021,0x0021,0x0021,0x0021,0x0021,0x0021,0x0021,0x0021,0x0021,0x0021,0x0021,0x0021,
0x0021,0x0021,0x0021,0x0021,0x0021,0x0021,0x0021,0x0021,0x0021,0x0021,0x0021,0x0021,0x0021,0x0021,0x0021,0x0021,
0x0021,0x0021,0x0021,0x0021,0x0021,0x0021,0x0021,0x0021,0x0021,0x0021,0x0021,0x0021,0x0021,0x0021,0x0021,0x0021,
},
{0x0021,0x0021,0x0021,0x0021,0x0021,0x0021,0x0021,0x0021,0x0021,0x0021,0x0021,0x0021,0x0021,0x0021,0x0021,0x0021,
0x0021,0x0021,0x0021,0x0021,0x0021,0x0021,0x0021,0x0021,0x0021,0x0021,0x0021,0x0021,0x0021,0x0021,0x0021,0x0021,
0x0021,0x0021,0x0021,0x0021,0x0021,0x0021,0x0021,0x0021,0x0021,0x0021,0x0021,0x0021,0x0021,0x0021,0x0021,0x0021,
0x0021,0x0021,0x0021,0x0021,0x0021,0x0021,0x0021,0x0021,0x0021,0x0021,0x0021,0x0021,0x0021,0x0021,0x0021,0x0021,
0x0021,0x0021,0x0022,0x0022,0x0021,0x0022,0x0022,0x0022,0x0022,0x0022,0x0022,0x0022,0x0022,0x0022,0x0022,0x0022,
0x0022,0x0022,0x0022,0x0022,0x0022,0x0022,0x0022,0x0022,0x0022,0x0022,0x0022,0x0042,0x0042,0x0022,0x0022,0x0042,
0x0042,0x0022,0x0022,0x0022,0x0022,0x0022,0x0022,0x0022,0x0022,0x0042,0x0042,0x0042,0x0022,0x0022,0x0022,0x0022,
0x0022,0x0022,0x0022,0x0022,0x0022,0x0022,0x0022,0x0022,0x0022,0x0022,0x0022,0x0022,0x0022,0x0022,0x0042,0x0022,
0x0022,0x0022,0x0022,0x0022,0x0022,0x0022,0x0022,0x0022,0x0022,0x0022,0x0022,0x0022,0x0022,0x0022,0x0022,0x0022,
0x0022,0x0022,0x0022,0x0022,0x0022,0x0022,0x0022,0x0022,0x0022,0x0022,0x0022,0x0022,0x0022,0x0022,0x0022,0x0022,
0x0042,0x0043,0x0043,0x0042,0x0022,0x0022,0x0022,0x0022,0x0022,0x0022,0x0022,0x0022,0x0022,0x0022,0x0022,0x0022,
0x0022,0x0022,0x0022,0x0022,0x0022,0x0022,0x0022,0x0022,0x0022,0x0022,0x0022,0x0022,0x0022,0x0022,0x0022,0x0022,
0x0022,0x0022,0x0022,0x0022,0x0022,0x0022,0x0022,0x0022,0x0022,0x0022,0x0022,0x0042,0x0042,0x0022,0x0022,0x0022,
0x0022,0x0022,0x0022,0x0022,0x0042,0x0042,0x0042,0x0042,0x0042,0x0042,0x0042,0x0042,0x0042,0x0043,0x0043,0x0043,
0x0063,0x0063,0x0063,0x0043,0x0043,0x0063,0x0063,0x0064,0x0063,0x0043,0x0043,0x0043,0x0043,0x0043,0x0043,0x0043,
0x0043,0x0042,0x0042,0x0043,0x0063,0x0043,0x0043,0x0043,0x0043,0x0042,0x0042,0x0042,0x0042,0x0042,0x0042,0x0042,
0x0042,0x0042,0x0042,0x0042,0x0022,0x0022,0x0022,0x0022,0x0022,0x0022,0x0022,0x0022,0x0022,0x0022,0x0022,0x0042,
0x0042,0x0042,0x0022,0x0042,0x0042,0x0022,0x0022,0x0042,0x0042,0x0043,0x0043,0x0042,0x0042,0x0042,0x0022,0x0022,
0x0042,0x0042,0x0042,0x0042,0x0042,0x0042,0x0042,0x0043,0x0043,0x0042,0x0042,0x0042,0x0042,0x0042,0x0042,0x0022,
0x0042,0x0042,0x0042,0x0042,0x0042,0x0042,0x0043,0x0043,0x0042,0x0022,0x0022,0x0022,0x0042,0x0042,0x0042,0x0022,
0x0022,0x0042,0x0042,0x0042,0x0042,0x0042,0x0043,0x0042,0x0042,0x0043,0x0043,0x0043,0x0042,0x0042,0x0042,0x0043,
0x0043,0x0063,0x0084,0x0064,0x0043,0x0043,0x0043,0x0043,0x0043,0x0043,0x0043,0x0042,0x0042,0x0042,0x0042,0x0042,
0x0042,0x0042,0x0042,0x0042,0x0042,0x0042,0x0042,0x0042,0x0042,0x0042,0x0042,0x0042,0x0042,0x0042,0x0042,0x0043,
0x0043,0x0043,0x0042,0x0042,0x0042,0x0043,0x0043,0x0043,0x0043,0x0043,0x0042,0x0042,0x0042,0x0042,0x0042,0x0042,
0x0042,0x0042,0x0042,0x0042,0x0042,0x0022,0x0022,0x0022,0x0022,0x0042,0x0022,0x0042,0x0042,0x0042,0x0042,0x0022,
0x0042,0x0042,0x0042,0x0042,0x0022,0x0042,0x0042,0x0042,0x0042,0x0042,0x0042,0x0042,0x0042,0x0042,0x0042,0x0022,
0x0022,0x0022,0x0022,0x0022,0x0022,0x0022,0x0022,0x0022,0x0022,0x0022,0x0022,0x0022,0x0022,0x0021,0x0021,0x0021,
0x0021,0x0021,0x0021,0x0021,0x0021,0x0021,0x0021,0x0021,0x0021,0x0021,0x0021,0x0021,0x0022,0x0021,0x0021,0x0021,
0x0021,0x0021,0x0021,0x0021,0x0021,0x0021,0x0021,0x0021,0x0021,0x0021,0x0021,0x0021,0x0021,0x0021,0x0021,0x0021,
0x0021,0x0021,0x0021,0x0021,0x0021,0x0021,0x0021,0x0021,0x0021,0x0021,0x0021,0x0021,0x0021,0x0021,0x0021,0x0021,
0x0021,0x0021,0x0021,0x0021,0x0021,0x0021,0x0021,0x0021,0x0021,0x0021,0x0021,0x0021,0x0021,0x0021,0x0021,0x0021,
0x0021,0x0021,0x0021,0x0021,0x0021,0x0021,0x0021,0x0021,0x0021,0x0021,0x0021,0x0021,0x0021,0x0021,0x0021,0x0021,
},
{0x0021,0x0021,0x0021,0x0021,0x0021,0x0021,0x0021,0x0021,0x0021,0x0021,0x0021,0x0021,0x0021,0x0021,0x0021,0x0021,
0x0021,0x0021,0x0021,0x0021,0x0021,0x0021,0x0021,0x0021,0x0021,0x0021,0x0021,0x0021,0x0021,0x0021,0x0021,0x0021,
0x0021,0x0021,0x0021,0x0021,0x0021,0x0021,0x0021,0x0021,0x0021,0x0021,0x0021,0x0021,0x0021,0x0021,0x0021,0x0021,
0x0021,0x0021,0x0021,0x0021,0x0021,0x0021,0x0021,0x0021,0x0021,0x0021,0x0021,0x0021,0x0021,0x0021,0x0021,0x0021,
0x0021,0x0021,0x0021,0x0021,0x0021,0x0022,0x0022,0x0022,0x0022,0x0022,0x0022,0x0022,0x0022,0x0042,0x0022,0x0022,
0x0022,0x0022,0x0022,0x0022,0x0022,0x0022,0x0022,0x0022,0x0022,0x0022,0x0042,0x0042,0x0042,0x0022,0x0042,0x0043,
0x0042,0x0022,0x0022,0x0022,0x0022,0x0022,0x0022,0x0022,0x0022,0x0042,0x0043,0x0043,0x0042,0x0042,0x0042,0x0042,
0x0022,0x0022,0x0022,0x0022,0x0022,0x0022,0x0022,0x0042,0x0042,0x0042,0x0042,0x0042,0x0022,0x0022,0x0042,0x0042,
0x0022,0x0022,0x0022,0x0022,0x0022,0x0022,0x0022,0x0022,0x0022,0x0022,0x0022,0x0022,0x0022,0x0042,0x0022,0x0022,
0x0022,0x0022,0x0022,0x0022,0x0022,0x0022,0x0022,0x0022,0x0022,0x0022,0x0022,0x0022,0x0022,0x0022,0x0022,0x0022,
0x0042,0x0043,0x0042,0x0022,0x0022,0x0022,0x0022,0x0022,0x0022,0x0022,0x0022,0x0022,0x0022,0x0022,0x0042,0x0042,
0x0022,0x0022,0x0022,0x0022,0x0022,0x0022,0x0022,0x0042,0x0022,0x0022,0x0022,0x0022,0x0022,0x0022,0x0022,0x0022,
0x0022,0x0022,0x0022,0x0022,0x0022,0x0022,0x0022,0x0022,0x0042,0x0042,0x0042,0x0022,0x0042,0x0042,0x0022,0x0022,
0x0022,0x0042,0x0042,0x0042,0x0042,0x0042,0x0042,0x0042,0x0042,0x0043,0x0063,0x0063,0x0043,0x0043,0x0043,0x0063,
0x0063,0x0043,0x0063,0x0063,0x0043,0x0063,0x0063,0x0064,0x0063,0x0063,0x0063,0x0063,0x0063,0x0043,0x0063,0x0063,
0x0063,0x0043,0x0043,0x0043,0x0063,0x0063,0x0063,0x0063,0x0043,0x0042,0x0042,0x0043,0x0043,0x0042,0x0042,0x0042,
0x0042,0x0042,0x0042,0x0042,0x0042,0x0022,0x0022,0x0022,0x0022,0x0022,0x0022,0x0022,0x0022,0x0022,0x0022,0x0022,
0x0042,0x0042,0x0022,0x0042,0x0043,0x0042,0x0042,0x0043,0x0042,0x0042,0x0042,0x0042,0x0042,0x0042,0x0042,0x0042,
0x0042,0x0042,0x0022,0x0042,0x0042,0x0042,0x0043,0x0043,0x0043,0x0042,0x0022,0x0042,0x0042,0x0042,0x0042,0x0042,
0x0042,0x0042,0x0042,0x0043,0x0063,0x0042,0x0042,0x0042,0x0022,0x0022,0x0022,0x0022,0x0042,0x0042,0x0022,0x0022,
0x0022,0x0042,0x0042,0x0042,0x0042,0x0042,0x0042,0x0043,0x0042,0x0042,0x0043,0x0043,0x0042,0x0042,0x0042,0x0043,
0x0043,0x0063,0x0063,0x0063,0x0043,0x0043,0x0042,0x0043,0x0043,0x0063,0x0043,0x0042,0x0042,0x0042,0x0042,0x0042,
0x0042,0x0042,0x0042,0x0042,0x0042,0x0042,0x0042,0x0042,0x0042,0x0042,0x0042,0x0042,0x0042,0x0042,0x0042,0x0043,
0x0043,0x0043,0x0042,0x0042,0x0042,0x0042,0x0042,0x0043,0x0043,0x0043,0x0043,0x0042,0x0042,0x0042,0x0042,0x0042,
0x0043,0x0043,0x0042,0x0042,0x0042,0x0042,0x0022,0x0042,0x0022,0x0042,0x0042,0x0042,0x0042,0x0042,0x0042,0x0042,
0x0042,0x0042,0x0042,0x0042,0x0042,0x0042,0x0042,0x0042,0x0042,0x0042,0x0042,0x0042,0x0042,0x0043,0x0043,0x0042,
0x0042,0x0022,0x0022,0x0022,0x0022,0x0022,0x0022,0x0022,0x0022,0x0022,0x0021,0x0022,0x0022,0x0022,0x0022,0x0022,
0x0021,0x0021,0x0021,0x0021,0x0021,0x0021,0x0021,0x0021,0x0021,0x0021,0x0021,0x0021,0x0022,0x0021,0x0021,0x0021,
0x0022,0x0021,0x0021,0x0021,0x0021,0x0021,0x0021,0x0021,0x0021,0x0021,0x0021,0x0021,0x0021,0x0021,0x0021,0x0021,
0x0021,0x0021,0x0021,0x0021,0x0021,0x0021,0x0021,0x0021,0x0021,0x0021,0x0021,0x0021,0x0021,0x0021,0x0021,0x0021,
0x0021,0x0021,0x0021,0x0021,0x0021,0x0021,0x0021,0x0021,0x0021,0x0021,0x0021,0x0021,0x0021,0x0021,0x0021,0x0021,
0x0021,0x0021,0x0021,0x0021,0x0021,0x0021,0x0021,0x0021,0x0021,0x0021,0x0021,0x0021,0x0021,0x0021,0x0021,0x0021,
},
{0x0021,0x0021,0x0021,0x0021,0x0021,0x0021,0x0021,0x0021,0x0021,0x0021,0x0021,0x0021,0x0021,0x0021,0x0021,0x0021,
0x0021,0x0021,0x0021,0x0021,0x0021,0x0021,0x0021,0x0021,0x0021,0x0021,0x0021,0x0021,0x0021,0x0021,0x0021,0x0021,
0x0021,0x0021,0x0021,0x0021,0x0021,0x0021,0x0021,0x0021,0x0021,0x0021,0x0021,0x0021,0x0021,0x0021,0x0021,0x0021,
0x0021,0x0021,0x0021,0x0021,0x0021,0x0021,0x0021,0x0021,0x0022,0x0021,0x0021,0x0021,0x0021,0x0021,0x0021,0x0021,
0x0021,0x0021,0x0021,0x0021,0x0022,0x0022,0x0022,0x0022,0x0022,0x0022,0x0022,0x0022,0x0022,0x0042,0x0042,0x0022,
0x0022,0x0022,0x0022,0x0022,0x0022,0x0022,0x0042,0x0022,0x0022,0x0022,0x0042,0x0042,0x0022,0x0022,0x0022,0x0043,
0x0043,0x0042,0x0042,0x0042,0x0042,0x0022,0x0022,0x0022,0x0022,0x0042,0x0043,0x0043,0x0043,0x0043,0x0043,0x0042,
0x0042,0x0042,0x0042,0x0042,0x0042,0x0042,0x0042,0x0042,0x0042,0x0042,0x0043,0x0043,0x0042,0x0022,0x0022,0x0042,
0x0042,0x0022,0x0022,0x0022,0x0022,0x0022,0x0022,0x0022,0x0022,0x0042,0x0022,0x0042,0x0042,0x0042,0x0042,0x0042,
0x0042,0x0022,0x0022,0x0022,0x0022,0x0022,0x0022,0x0022,0x0022,0x0022,0x0022,0x0022,0x0022,0x0022,0x0022,0x0042,
0x0042,0x0042,0x0022,0x0022,0x0022,0x0022,0x0022,0x0022,0x0022,0x0022,0x0022,0x0022,0x0022,0x0022,0x0022,0x0042,
0x0042,0x0042,0x0042,0x0042,0x0042,0x0042,0x0042,0x0022,0x0042,0x0022,0x0022,0x0022,0x0022,0x0022,0x0022,0x0022,
0x0022,0x0042,0x0042,0x0042,0x0042,0x0042,0x0042,0x0022,0x0042,0x0042,0x0042,0x0022,0x0022,0x0042,0x0042,0x0042,
0x0042,0x0042,0x0042,0x0042,0x0042,0x0042,0x0042,0x0042,0x0042,0x0043,0x0063,0x0063,0x0063,0x0063,0x0063,0x0063,
0x0043,0x0063,0x0063,0x0043,0x0043,0x0063,0x0064,0x0084,0x0063,0x0063,0x0043,0x0043,0x0063,0x0063,0x0063,0x0063,
0x0063,0x0063,0x0063,0x0063,0x0063,0x0063,0x0063,0x0043,0x0043,0x0043,0x0043,0x0063,0x0043,0x0042,0x0042,0x0042,
0x0042,0x0042,0x0042,0x0042,0x0042,0x0022,0x0022,0x0022,0x0022,0x0022,0x0022,0x0022,0x0022,0x0022,0x0022,0x0022,
0x0042,0x0022,0x0022,0x0042,0x0042,0x0043,0x0043,0x0043,0x0042,0x0042,0x0022,0x0022,0x0022,0x0022,0x0042,0x0042,
0x0042,0x0042,0x0022,0x0042,0x0042,0x0043,0x0043,0x0043,0x0042,0x0042,0x0042,0x0042,0x0043,0x0043,0x0042,0x0042,
0x0043,0x0042,0x0043,0x0063,0x0042,0x0022,0x0042,0x0042,0x0022,0x0022,0x0042,0x0042,0x0042,0x0022,0x0022,0x0022,
0x0022,0x0042,0x0042,0x0042,0x0042,0x0042,0x0042,0x0042,0x0042,0x0042,0x0042,0x0042,0x0042,0x0042,0x0042,0x0043,
0x0063,0x0063,0x0063,0x0063,0x0043,0x0043,0x0043,0x0043,0x0063,0x0063,0x0043,0x0043,0x0042,0x0042,0x0043,0x0043,
0x0043,0x0043,0x0042,0x0042,0x0042,0x0042,0x0042,0x0043,0x0042,0x0042,0x0042,0x0042,0x0042,0x0042,0x0042,0x0042,
0x0043,0x0043,0x0042,0x0042,0x0042,0x0042,0x0042,0x0042,0x0042,0x0042,0x0043,0x0042,0x0043,0x0043,0x0042,0x0042,
0x0042,0x0043,0x0063,0x0043,0x0042,0x0042,0x0042,0x0042,0x0042,0x0042,0x0042,0x0042,0x0042,0x0042,0x0042,0x0042,
0x0042,0x0042,0x0042,0x0042,0x0042,0x0042,0x0042,0x0042,0x0042,0x0043,0x0042,0x0042,0x0043,0x0043,0x0043,0x0043,
0x0043,0x0042,0x0042,0x0022,0x0022,0x0022,0x0042,0x0042,0x0022,0x0022,0x0021,0x0022,0x0022,0x0022,0x0022,0x0022,
0x0022,0x0021,0x0021,0x0021,0x0021,0x0021,0x0021,0x0021,0x0021,0x0021,0x0021,0x0021,0x0021,0x0021,0x0021,0x0021,
0x0021,0x0021,0x0021,0x0021,0x0021,0x0021,0x0021,0x0021,0x0022,0x0021,0x0021,0x0021,0x0021,0x0021,0x0021,0x0021,
0x0021,0x0021,0x0021,0x0021,0x0021,0x0021,0x0021,0x0021,0x0021,0x0021,0x0021,0x0021,0x0021,0x0021,0x0021,0x0021,
0x0021,0x0021,0x0021,0x0021,0x0021,0x0021,0x0021,0x0021,0x0021,0x0021,0x0021,0x0021,0x0021,0x0021,0x0021,0x0021,
0x0021,0x0021,0x0021,0x0021,0x0021,0x0021,0x0021,0x0021,0x0021,0x0021,0x0021,0x0021,0x0021,0x0021,0x0021,0x0021,
},
{0x0021,0x0021,0x0021,0x0021,0x0021,0x0021,0x0021,0x0021,0x0021,0x0021,0x0021,0x0021,0x0021,0x0021,0x0021,0x0021,
0x0021,0x0021,0x0021,0x0021,0x0021,0x0021,0x0021,0x0021,0x0021,0x0021,0x0021,0x0021,0x0021,0x0022,0x0021,0x0021,
0x0021,0x0021,0x0021,0x0021,0x0021,0x0021,0x0021,0x0021,0x0021,0x0021,0x0021,0x0021,0x0021,0x0021,0x0021,0x0021,
0x0021,0x0021,0x0021,0x0021,0x0021,0x0021,0x0021,0x0021,0x0021,0x0021,0x0021,0x0021,0x0021,0x0021,0x0022,0x0022,
0x0022,0x0021,0x0021,0x0021,0x0022,0x0022,0x0022,0x0021,0x0022,0x0022,0x0022,0x0022,0x0022,0x0042,0x0042,0x0042,
0x0042,0x0042,0x0042,0x0022,0x0022,0x0022,0x0042,0x0042,0x0042,0x0042,0x0022,0x0042,0x0042,0x0042,0x0022,0x0042,
0x0042,0x0042,0x0042,0x0042,0x0042,0x0043,0x0042,0x0042,0x0042,0x0042,0x0043,0x0043,0x0063,0x0043,0x0043,0x0042,
0x0042,0x0042,0x0042,0x0042,0x0042,0x0042,0x0042,0x0042,0x0022,0x0042,0x0043,0x0043,0x0042,0x0042,0x0022,0x0022,
0x0022,0x0022,0x0022,0x0022,0x0042,0x0022,0x0042,0x0042,0x0022,0x0022,0x0022,0x0042,0x0042,0x0042,0x0042,0x0042,
0x0042,0x0022,0x0022,0x0022,0x0042,0x0042,0x0042,0x0042,0x0042,0x0042,0x0042,0x0022,0x0022,0x0022,0x0022,0x0042,
0x0042,0x0043,0x0043,0x0042,0x0042,0x0022,0x0022,0x0042,0x0042,0x0022,0x0022,0x0022,0x0022,0x0022,0x0022,0x0042,
0x0042,0x0042,0x0042,0x0042,0x0042,0x0042,0x0042,0x0042,0x0022,0x0042,0x0042,0x0022,0x0042,0x0042,0x0022,0x0042,
0x0042,0x0042,0x0042,0x0043,0x0043,0x0042,0x0042,0x0042,0x0042,0x0042,0x0043,0x0043,0x0042,0x0042,0x0063,0x0063,
0x0043,0x0043,0x0063,0x0043,0x0043,0x0043,0x0043,0x0063,0x0043,0x0043,0x0043,0x0063,0x0043,0x0043,0x0063,0x0063,
0x0084,0x0084,0x0063,0x0063,0x0063,0x0063,0x0063,0x0064,0x0063,0x0043,0x0042,0x0042,0x0042,0x0063,0x0063,0x0063,
0x0084,0x0084,0x0063,0x0043,0x0063,0x0063,0x0063,0x0063,0x0043,0x0063,0x0063,0x0063,0x0063,0x0042,0x0042,0x0042,
0x0042,0x0042,0x0042,0x0042,0x0042,0x0022,0x0022,0x0022,0x0042,0x0042,0x0042,0x0022,0x0022,0x0022,0x0022,0x0042,
0x0022,0x0042,0x0042,0x0042,0x0042,0x0043,0x0043,0x0042,0x0042,0x0042,0x0042,0x0022,0x0022,0x0022,0x0042,0x0042,
0x0042,0x0042,0x0042,0x0042,0x0042,0x0042,0x0042,0x0042,0x0042,0x0043,0x0042,0x0043,0x0043,0x0063,0x0063,0x0063,
0x0043,0x0043,0x0063,0x0043,0x0042,0x0042,0x0042,0x0042,0x0042,0x0022,0x0042,0x0042,0x0042,0x0022,0x0022,0x0042,
0x0022,0x0022,0x0042,0x0042,0x0042,0x0042,0x0042,0x0042,0x0042,0x0042,0x0042,0x0042,0x0042,0x0042,0x0042,0x0043,
0x0063,0x0063,0x0043,0x0063,0x0063,0x0063,0x0063,0x0063,0x0063,0x0063,0x0043,0x0043,0x0043,0x0043,0x0043,0x0063,
0x0063,0x0063,0x0043,0x0042,0x0042,0x0042,0x0042,0x0043,0x0043,0x0043,0x0043,0x0043,0x0043,0x0043,0x0063,0x0043,
0x0043,0x0042,0x0042,0x0042,0x0042,0x0042,0x0042,0x0042,0x0042,0x0042,0x0042,0x0042,0x0043,0x0043,0x0043,0x0043,
0x0043,0x0043,0x0043,0x0043,0x0042,0x0042,0x0042,0x0042,0x0042,0x0042,0x0042,0x0042,0x0042,0x0042,0x0043,0x0042,
0x0042,0x0042,0x0043,0x0043,0x0042,0x0043,0x0042,0x0042,0x0042,0x0043,0x0043,0x0043,0x0043,0x0042,0x0042,0x0042,
0x0063,0x0063,0x0043,0x0042,0x0042,0x0042,0x0042,0x0042,0x0042,0x0022,0x0022,0x0022,0x0022,0x0022,0x0022,0x0022,
0x0022,0x0022,0x0021,0x0021,0x0021,0x0021,0x0021,0x0021,0x0021,0x0021,0x0021,0x0022,0x0021,0x0021,0x0021,0x0021,
0x0021,0x0022,0x0022,0x0022,0x0021,0x0021,0x0021,0x0021,0x0021,0x0021,0x0021,0x0021,0x0021,0x0021,0x0021,0x0021,
0x0021,0x0021,0x0021,0x0021,0x0021,0x0021,0x0021,0x0021,0x0021,0x0021,0x0021,0x0021,0x0021,0x0021,0x0021,0x0021,
0x0021,0x0021,0x0021,0x0021,0x0021,0x0021,0x0021,0x0021,0x0021,0x0021,0x0021,0x0021,0x0021,0x0021,0x0021,0x0021,
0x0021,0x0021,0x0021,0x0021,0x0021,0x0021,0x0021,0x0021,0x0021,0x0021,0x0021,0x0021,0x0021,0x0021,0x0021,0x0021,
},
{0x0021,0x0021,0x0021,0x0021,0x0021,0x0021,0x0021,0x0021,0x0021,0x0021,0x0021,0x0021,0x0021,0x0021,0x0021,0x0021,
0x0021,0x0021,0x0021,0x0021,0x0021,0x0021,0x0021,0x0021,0x0021,0x0021,0x0021,0x0022,0x0021,0x0021,0x0021,0x0021,
0x0021,0x0021,0x0021,0x0021,0x0021,0x0021,0x0021,0x0021,0x0021,0x0021,0x0021,0x0021,0x0021,0x0021,0x0021,0x0021,
0x0021,0x0021,0x0021,0x0021,0x0021,0x0021,0x0021,0x0021,0x0021,0x0021,0x0021,0x0021,0x0021,0x0022,0x0022,0x0022,
0x0022,0x0021,0x0021,0x0022,0x0022,0x0022,0x0021,0x0021,0x0022,0x0022,0x0022,0x0022,0x0022,0x0042,0x0042,0x0042,
0x0042,0x0042,0x0042,0x0042,0x0022,0x0042,0x0042,0x0042,0x0043,0x0042,0x0042,0x0042,0x0043,0x0042,0x0042,0x0042,
0x0042,0x0042,0x0042,0x0042,0x0042,0x0042,0x0043,0x0043,0x0043,0x0063,0x0064,0x0063,0x0043,0x0043,0x0042,0x0042,
0x0042,0x0042,0x0022,0x0022,0x0022,0x0022,0x0022,0x0022,0x0042,0x0042,0x0042,0x0042,0x0043,0x0042,0x0022,0x0042,
0x0042,0x0042,0x0022,0x0042,0x0042,0x0042,0x0042,0x0042,0x0042,0x0042,0x0042,0x0042,0x0042,0x0042,0x0042,0x0042,
0x0042,0x0042,0x0022,0x0042,0x0042,0x0042,0x0043,0x0043,0x0043,0x0043,0x0043,0x0042,0x0042,0x0042,0x0042,0x0042,
0x0043,0x0043,0x0063,0x0064,0x0063,0x0042,0x0022,0x0042,0x0042,0x0042,0x0042,0x0042,0x0042,0x0022,0x0022,0x0022,
0x0042,0x0042,0x0042,0x0042,0x0042,0x0042,0x0042,0x0042,0x0042,0x0042,0x0042,0x0042,0x0042,0x0042,0x0042,0x0042,
0x0042,0x0042,0x0042,0x0043,0x0043,0x0043,0x0043,0x0043,0x0043,0x0043,0x0063,0x0063,0x0043,0x0043,0x0064,0x0084,
0x0063,0x0043,0x0063,0x0063,0x0063,0x0063,0x0064,0x0064,0x0063,0x0063,0x0063,0x0043,0x0043,0x0043,0x0043,0x0043,
0x0063,0x0084,0x0084,0x0084,0x0084,0x0063,0x0063,0x0043,0x0063,0x0063,0x0063,0x0043,0x0042,0x0042,0x0043,0x0063,
0x0063,0x0084,0x0063,0x0063,0x0063,0x0063,0x0064,0x0064,0x0064,0x0063,0x0063,0x0064,0x0063,0x0042,0x0042,0x0042,
0x0043,0x0043,0x0043,0x0043,0x0043,0x0022,0x0042,0x0042,0x0042,0x0042,0x0042,0x0042,0x0022,0x0022,0x0042,0x0042,
0x0042,0x0042,0x0042,0x0042,0x0042,0x0043,0x0042,0x0042,0x0042,0x0042,0x0042,0x0042,0x0022,0x0042,0x0042,0x0042,
0x0042,0x0042,0x0042,0x0022,0x0042,0x0042,0x0022,0x0022,0x0042,0x0042,0x0042,0x0042,0x0043,0x0063,0x0063,0x0043,
0x0042,0x0042,0x0042,0x0043,0x0063,0x0043,0x0063,0x0063,0x0043,0x0042,0x0042,0x0043,0x0042,0x0022,0x0042,0x0042,
0x0042,0x0042,0x0042,0x0042,0x0042,0x0042,0x0042,0x0042,0x0042,0x0042,0x0042,0x0042,0x0042,0x0042,0x0042,0x0063,
0x0063,0x0063,0x0043,0x0063,0x0063,0x0063,0x0063,0x0063,0x0063,0x0063,0x0063,0x0063,0x0043,0x0043,0x0063,0x0063,
0x0063,0x0063,0x0043,0x0043,0x0043,0x0043,0x0042,0x0043,0x0063,0x0063,0x0064,0x0064,0x0064,0x0064,0x0063,0x0063,
0x0063,0x0043,0x0042,0x0042,0x0042,0x0042,0x0042,0x0042,0x0043,0x0043,0x0043,0x0043,0x0043,0x0043,0x0043,0x0043,
0x0043,0x0043,0x0043,0x0043,0x0042,0x0042,0x0042,0x0042,0x0042,0x0042,0x0042,0x0042,0x0042,0x0043,0x0043,0x0043,
0x0042,0x0043,0x0043,0x0043,0x0043,0x0043,0x0043,0x0042,0x0042,0x0043,0x0043,0x0043,0x0043,0x0042,0x0042,0x0042,
0x0063,0x0064,0x0063,0x0042,0x0042,0x0042,0x0042,0x0042,0x0042,0x0042,0x0022,0x0022,0x0022,0x0022,0x0022,0x0022,
0x0022,0x0022,0x0022,0x0022,0x0021,0x0021,0x0021,0x0021,0x0022,0x0021,0x0022,0x0022,0x0022,0x0021,0x0021,0x0021,
0x0021,0x0022,0x0021,0x0022,0x0022,0x0022,0x0021,0x0021,0x0021,0x0021,0x0021,0x0021,0x0021,0x0021,0x0022,0x0021,
0x0021,0x0021,0x0021,0x0021,0x0021,0x0021,0x0021,0x0021,0x0021,0x0021,0x0021,0x0021,0x0021,0x0021,0x0021,0x0021,
0x0021,0x0021,0x0021,0x0021,0x0021,0x0021,0x0021,0x0021,0x0021,0x0021,0x0021,0x0021,0x0021,0x0021,0x0021,0x0021,
0x0021,0x0021,0x0021,0x0021,0x0021,0x0021,0x0021,0x0021,0x0021,0x0021,0x0021,0x0021,0x0021,0x0021,0x0021,0x0021,
},
{0x0021,0x0021,0x0021,0x0021,0x0021,0x0021,0x0021,0x0021,0x0021,0x0021,0x0021,0x0021,0x0021,0x0021,0x0021,0x0021,
0x0021,0x0021,0x0021,0x0021,0x0021,0x0021,0x0021,0x0021,0x0021,0x0021,0x0021,0x0021,0x0021,0x0021,0x0021,0x0021,
0x0021,0x0021,0x0021,0x0021,0x0021,0x0021,0x0021,0x0021,0x0021,0x0021,0x0021,0x0021,0x0021,0x0021,0x0021,0x0021,
0x0021,0x0021,0x0021,0x0021,0x0021,0x0021,0x0021,0x0021,0x0021,0x0021,0x0021,0x0021,0x0022,0x0022,0x0022,0x0022,
0x0022,0x0022,0x0021,0x0022,0x0022,0x0022,0x0022,0x0022,0x0022,0x0022,0x0022,0x0042,0x0022,0x0042,0x0022,0x0022,
0x0022,0x0022,0x0042,0x0042,0x0042,0x0042,0x0042,0x0043,0x0042,0x0042,0x0042,0x0042,0x0042,0x0042,0x0022,0x0042,
0x0042,0x0042,0x0042,0x0042,0x0043,0x0042,0x0042,0x0043,0x0063,0x0064,0x0063,0x0043,0x0043,0x0043,0x0042,0x0042,
0x0042,0x0042,0x0042,0x0022,0x0022,0x0022,0x0022,0x0022,0x0042,0x0042,0x0042,0x0043,0x0043,0x0043,0x0042,0x0042,
0x0022,0x0042,0x0042,0x0043,0x0043,0x0042,0x0042,0x0043,0x0043,0x0042,0x0043,0x0042,0x0042,0x0043,0x0043,0x0042,
0x0042,0x0043,0x0042,0x0042,0x0043,0x0043,0x0063,0x0063,0x0063,0x0063,0x0063,0x0043,0x0043,0x0043,0x0042,0x0042,
0x0042,0x0043,0x0043,0x0043,0x0043,0x0043,0x0042,0x0042,0x0042,0x0042,0x0043,0x0043,0x0042,0x0042,0x0042,0x0042,
0x0042,0x0042,0x0042,0x0042,0x0042,0x0042,0x0042,0x0042,0x0042,0x0042,0x0042,0x0042,0x0042,0x0042,0x0042,0x0042,
0x0042,0x0043,0x0042,0x0042,0x0043,0x0043,0x0063,0x0043,0x0043,0x0063,0x0043,0x0043,0x0043,0x0043,0x0043,0x0043,
0x0043,0x0043,0x0043,0x0043,0x0063,0x0063,0x0064,0x0084,0x0063,0x0063,0x0063,0x0063,0x0063,0x0043,0x0043,0x0043,
0x0043,0x0043,0x0063,0x0063,0x0063,0x0063,0x0063,0x0063,0x0063,0x0084,0x0064,0x0063,0x0042,0x0042,0x0042,0x0042,
0x0042,0x0043,0x0064,0x0084,0x0084,0x0884,0x0084,0x0084,0x0084,0x0064,0x0084,0x0063,0x0063,0x0043,0x0043,0x0043,
0x0063,0x0063,0x0063,0x0063,0x0063,0x0042,0x0042,0x0042,0x0042,0x0042,0x0042,0x0042,0x0022,0x0022,0x0022,0x0022,
0x0022,0x0042,0x0042,0x0042,0x0042,0x0042,0x0042,0x0042,0x0042,0x0042,0x0042,0x0042,0x0042,0x0042,0x0042,0x0042,
0x0042,0x0042,0x0042,0x0042,0x0042,0x0042,0x0042,0x0022,0x0022,0x0042,0x0042,0x0042,0x0042,0x0042,0x0063,0x0043,
0x0043,0x0063,0x0043,0x0043,0x0063,0x0063,0x0064,0x0064,0x0043,0x0042,0x0042,0x0042,0x0042,0x0042,0x0042,0x0042,
0x0042,0x0042,0x0042,0x0042,0x0042,0x0063,0x0063,0x0043,0x0043,0x0042,0x0043,0x0043,0x0043,0x0043,0x0043,0x0063,
0x0084,0x0084,0x0063,0x0064,0x0084,0x0063,0x0063,0x0063,0x0063,0x0063,0x0063,0x0063,0x0063,0x0043,0x0063,0x0063,
0x0063,0x0043,0x0043,0x0043,0x0043,0x0043,0x0043,0x0043,0x0063,0x0064,0x0084,0x0084,0x0084,0x0064,0x0063,0x0043,
0x0043,0x0063,0x0063,0x0063,0x0043,0x0043,0x0043,0x0043,0x0063,0x0043,0x0043,0x0043,0x0043,0x0063,0x0043,0x0043,
0x0043,0x0043,0x0043,0x0043,0x0043,0x0043,0x0042,0x0042,0x0042,0x0042,0x0043,0x0043,0x0043,0x0043,0x0042,0x0042,
0x0042,0x0043,0x0043,0x0042,0x0042,0x0042,0x0042,0x0043,0x0043,0x0043,0x0043,0x0043,0x0043,0x0043,0x0063,0x0063,
0x0063,0x0084,0x0064,0x0043,0x0043,0x0042,0x0042,0x0042,0x0042,0x0042,0x0022,0x0022,0x0022,0x0022,0x0022,0x0022,
0x0022,0x0022,0x0022,0x0022,0x0022,0x0021,0x0021,0x0022,0x0022,0x0022,0x0021,0x0021,0x0021,0x0022,0x0021,0x0021,
0x0021,0x0021,0x0022,0x0022,0x0022,0x0022,0x0022,0x0021,0x0021,0x0022,0x0021,0x0021,0x0021,0x0021,0x0021,0x0021,
0x0021,0x0021,0x0021,0x0021,0x0021,0x0021,0x0021,0x0021,0x0021,0x0021,0x0021,0x0021,0x0021,0x0021,0x0021,0x0021,
0x0021,0x0021,0x0021,0x0021,0x0021,0x0021,0x0021,0x0021,0x0021,0x0021,0x0021,0x0021,0x0021,0x0021,0x0021,0x0021,
0x0021,0x0021,0x0021,0x0021,0x0021,0x0021,0x0021,0x0021,0x0021,0x0021,0x0021,0x0021,0x0021,0x0021,0x0021,0x0021,
},
{0x0021,0x0021,0x0021,0x0021,0x0021,0x0021,0x0021,0x0021,0x0021,0x0021,0x0021,0x0021,0x0021,0x0021,0x0021,0x0021,
0x0021,0x0021,0x0021,0x0021,0x0021,0x0021,0x0021,0x0021,0x0021,0x0021,0x0022,0x0021,0x0021,0x0021,0x0021,0x0021,
0x0021,0x0021,0x0021,0x0021,0x0021,0x0021,0x0021,0x0021,0x0021,0x0021,0x0021,0x0021,0x0021,0x0021,0x0021,0x0021,
0x0021,0x0021,0x0021,0x0021,0x0021,0x0021,0x0021,0x0021,0x0021,0x0021,0x0021,0x0021,0x0022,0x0022,0x0022,0x0022,
0x0022,0x0022,0x0022,0x0022,0x0022,0x0022,0x0022,0x0022,0x0022,0x0022,0x0022,0x0022,0x0022,0x0022,0x0022,0x0022,
0x0022,0x0022,0x0042,0x0042,0x0042,0x0042,0x0042,0x0042,0x0042,0x0042,0x0042,0x0022,0x0042,0x0042,0x0042,0x0042,
0x0042,0x0042,0x0042,0x0043,0x0043,0x0043,0x0043,0x0043,0x0043,0x0063,0x0064,0x0043,0x0042,0x0043,0x0042,0x0042,
0x0043,0x0043,0x0022,0x0042,0x0042,0x0043,0x0043,0x0042,0x0042,0x0043,0x0042,0x0042,0x0042,0x0043,0x0042,0x0042,
0x0022,0x0022,0x0042,0x0042,0x0043,0x0042,0x0042,0x0043,0x0043,0x0043,0x0043,0x0043,0x0042,0x0063,0x0064,0x0043,
0x0043,0x0043,0x0043,0x0043,0x0063,0x0064,0x0064,0x0064,0x0063,0x0043,0x0063,0x0064,0x0063,0x0043,0x0043,0x0043,
0x0043,0x0043,0x0063,0x0063,0x0063,0x0064,0x0064,0x0043,0x0042,0x0043,0x0063,0x0063,0x0043,0x0043,0x0043,0x0042,
0x0043,0x0043,0x0043,0x0043,0x0043,0x0042,0x0042,0x0042,0x0042,0x0042,0x0042,0x0042,0x0042,0x0042,0x0042,0x0042,
0x0042,0x0042,0x0042,0x0042,0x0043,0x0043,0x0043,0x0043,0x0043,0x0043,0x0042,0x0042,0x0042,0x0042,0x0042,0x0042,
0x0042,0x0042,0x0042,0x0043,0x0043,0x0043,0x0063,0x0063,0x0063,0x0063,0x0063,0x0063,0x0063,0x0063,0x0043,0x0043,
0x0043,0x0042,0x0042,0x0042,0x0043,0x0043,0x0063,0x0084,0x0064,0x0043,0x0043,0x0043,0x0042,0x0042,0x0042,0x0042,
0x0042,0x0042,0x0043,0x0084,0x08C6,0x08A5,0x0084,0x0885,0x0084,0x00A5,0x08A5,0x0084,0x0063,0x0063,0x0063,0x0063,
0x0063,0x0063,0x0063,0x0063,0x0063,0x0063,0x0043,0x0042,0x0042,0x0042,0x0042,0x0042,0x0022,0x0022,0x0022,0x0022,
0x0022,0x0022,0x0022,0x0042,0x0042,0x0042,0x0022,0x0042,0x0042,0x0043,0x0042,0x0042,0x0042,0x0042,0x0042,0x0042,
0x0042,0x0042,0x0042,0x0042,0x0042,0x0043,0x0042,0x0042,0x0042,0x0042,0x0042,0x0042,0x0042,0x0043,0x0063,0x0063,
0x0064,0x0064,0x0063,0x0063,0x0063,0x0064,0x0064,0x0064,0x0064,0x0063,0x0043,0x0043,0x0042,0x0042,0x0063,0x0043,
0x0042,0x0042,0x0042,0x0043,0x0063,0x0063,0x0063,0x0043,0x0063,0x0063,0x0063,0x0064,0x0084,0x0084,0x0063,0x0063,
0x0064,0x0084,0x0063,0x0084,0x0084,0x0084,0x0063,0x0063,0x0064,0x0084,0x0063,0x0063,0x0063,0x0063,0x0063,0x0063,
0x0063,0x0063,0x0063,0x0063,0x0043,0x0063,0x0063,0x0063,0x0064,0x0064,0x0064,0x0084,0x0063,0x0063,0x0063,0x0063,
0x0063,0x0063,0x0063,0x0063,0x0063,0x0063,0x0063,0x0063,0x0043,0x0043,0x0043,0x0042,0x0042,0x0043,0x0063,0x0063,
0x0043,0x0043,0x0043,0x0043,0x0043,0x0063,0x0043,0x0042,0x0042,0x0042,0x0042,0x0043,0x0043,0x0043,0x0042,0x0043,
0x0042,0x0042,0x0043,0x0043,0x0042,0x0043,0x0042,0x0042,0x0042,0x0043,0x0043,0x0043,0x0043,0x0063,0x0064,0x0063,
0x0043,0x0063,0x0084,0x0064,0x0063,0x0043,0x0063,0x0042,0x0042,0x0042,0x0042,0x0022,0x0022,0x0022,0x0022,0x0022,
0x0022,0x0022,0x0022,0x0022,0x0021,0x0022,0x0021,0x0021,0x0022,0x0022,0x0021,0x0021,0x0022,0x0022,0x0021,0x0021,
0x0022,0x0022,0x0022,0x0022,0x0022,0x0022,0x0022,0x0021,0x0021,0x0021,0x0021,0x0021,0x0021,0x0021,0x0021,0x0021,
0x0021,0x0021,0x0021,0x0021,0x0021,0x0021,0x0021,0x0021,0x0021,0x0021,0x0021,0x0021,0x0021,0x0021,0x0021,0x0021,
0x0021,0x0021,0x0021,0x0021,0x0021,0x0021,0x0021,0x0021,0x0021,0x0021,0x0021,0x0021,0x0021,0x0021,0x0021,0x0021,
0x0021,0x0021,0x0021,0x0021,0x0021,0x0021,0x0021,0x0021,0x0021,0x0021,0x0021,0x0021,0x0021,0x0021,0x0021,0x0021,
},
{0x0021,0x0021,0x0021,0x0021,0x0021,0x0021,0x0021,0x0021,0x0021,0x0021,0x0021,0x0021,0x0021,0x0021,0x0021,0x0021,
0x0021,0x0021,0x0021,0x0021,0x0021,0x0021,0x0021,0x0022,0x0022,0x0022,0x0022,0x0022,0x0022,0x0021,0x0021,0x0021,
0x0021,0x0021,0x0021,0x0021,0x0021,0x0021,0x0021,0x0021,0x0021,0x0021,0x0021,0x0021,0x0021,0x0021,0x0021,0x0021,
0x0021,0x0021,0x0021,0x0021,0x0021,0x0021,0x0021,0x0021,0x0021,0x0021,0x0021,0x0021,0x0022,0x0022,0x0022,0x0022,
0x0022,0x0022,0x0022,0x0022,0x0022,0x0022,0x0022,0x0022,0x0022,0x0022,0x0022,0x0022,0x0022,0x0022,0x0022,0x0022,
0x0022,0x0042,0x0042,0x0042,0x0042,0x0042,0x0042,0x0042,0x0042,0x0042,0x0042,0x0042,0x0022,0x0022,0x0042,0x0022,
0x0042,0x0042,0x0042,0x0042,0x0042,0x0043,0x0043,0x0043,0x0043,0x0064,0x0064,0x0043,0x0042,0x0042,0x0022,0x0022,
0x0043,0x0043,0x0043,0x0043,0x0063,0x0063,0x0063,0x0043,0x0043,0x0043,0x0043,0x0042,0x0042,0x0043,0x0042,0x0042,
0x0042,0x0022,0x0022,0x0042,0x0042,0x0042,0x0042,0x0043,0x0043,0x0043,0x0043,0x0043,0x0043,0x0043,0x0043,0x0043,
0x0043,0x0043,0x0043,0x0043,0x0043,0x0063,0x0064,0x0063,0x0063,0x0063,0x0063,0x0063,0x0063,0x0043,0x0063,0x0063,
0x0063,0x0063,0x0063,0x0063,0x0063,0x0063,0x0084,0x0084,0x0063,0x0043,0x0043,0x0063,0x0064,0x0063,0x0043,0x0043,
0x0043,0x0043,0x0043,0x0063,0x0063,0x0043,0x0063,0x0063,0x0063,0x0043,0x0043,0x0043,0x0043,0x0043,0x0043,0x0043,
0x0043,0x0043,0x0043,0x0043,0x0042,0x0042,0x0042,0x0042,0x0043,0x0043,0x0042,0x0042,0x0042,0x0042,0x0042,0x0042,
0x0043,0x0043,0x0043,0x0043,0x0043,0x0063,0x0063,0x0064,0x0063,0x0064,0x0064,0x0064,0x0084,0x0084,0x0064,0x0063,
0x0063,0x0043,0x0043,0x0043,0x0063,0x0063,0x0063,0x0064,0x0063,0x0043,0x0043,0x0042,0x0042,0x0042,0x0042,0x0042,
0x0042,0x0042,0x0042,0x0063,0x0084,0x0063,0x0063,0x0064,0x0043,0x0063,0x08A5,0x08C6,0x0064,0x0084,0x0084,0x0063,
0x0063,0x0063,0x0084,0x0063,0x0063,0x0063,0x0063,0x0043,0x0042,0x0042,0x0042,0x0042,0x0042,0x0042,0x0042,0x0042,
0x0042,0x0042,0x0042,0x0042,0x0042,0x0042,0x0022,0x0042,0x0042,0x0043,0x0043,0x0043,0x0043,0x0042,0x0042,0x0042,
0x0042,0x0042,0x0042,0x0042,0x0043,0x0043,0x0042,0x0042,0x0043,0x0043,0x0043,0x0042,0x0042,0x0063,0x0063,0x0063,
0x0064,0x0064,0x0063,0x0042,0x0043,0x0043,0x0063,0x0063,0x0063,0x0043,0x0043,0x0064,0x0063,0x0043,0x0063,0x0063,
0x0043,0x0042,0x0042,0x0063,0x0063,0x0084,0x0084,0x0063,0x0043,0x0063,0x0063,0x0084,0x0885,0x08A5,0x0064,0x0063,
0x0063,0x0064,0x0063,0x0063,0x0063,0x0063,0x0063,0x0043,0x0063,0x0063,0x0063,0x0063,0x0063,0x0043,0x0063,0x0063,
0x0063,0x0063,0x0063,0x0063,0x0063,0x0064,0x0064,0x0064,0x0064,0x0084,0x0064,0x0064,0x0064,0x0063,0x0063,0x0063,
0x0063,0x0063,0x0063,0x0063,0x0063,0x0063,0x0063,0x0063,0x0063,0x0043,0x0042,0x0042,0x0042,0x0043,0x0063,0x0064,
0x0063,0x0063,0x0043,0x0063,0x0063,0x0063,0x0063,0x0043,0x0043,0x0043,0x0042,0x0042,0x0042,0x0042,0x0042,0x0043,
0x0042,0x0042,0x0042,0x0043,0x0043,0x0063,0x0043,0x0042,0x0022,0x0042,0x0043,0x0043,0x0063,0x0064,0x0063,0x0042,
0x0022,0x0022,0x0063,0x0084,0x0084,0x0064,0x0063,0x0043,0x0022,0x0022,0x0022,0x0022,0x0022,0x0022,0x0022,0x0022,
0x0042,0x0042,0x0022,0x0022,0x0022,0x0022,0x0022,0x0021,0x0021,0x0021,0x0021,0x0021,0x0022,0x0022,0x0022,0x0021,
0x0022,0x0022,0x0022,0x0022,0x0022,0x0022,0x0022,0x0022,0x0021,0x0021,0x0021,0x0021,0x0021,0x0021,0x0021,0x0022,
0x0022,0x0021,0x0022,0x0021,0x0021,0x0021,0x0021,0x0021,0x0021,0x0021,0x0021,0x0021,0x0021,0x0021,0x0021,0x0021,
0x0021,0x0021,0x0021,0x0021,0x0021,0x0021,0x0021,0x0021,0x0021,0x0021,0x0021,0x0021,0x0021,0x0021,0x0021,0x0021,
0x0021,0x0021,0x0021,0x0021,0x0021,0x0021,0x0021,0x0021,0x0021,0x0021,0x0021,0x0021,0x0021,0x0021,0x0021,0x0021,
},
{0x0021,0x0021,0x0021,0x0021,0x0021,0x0021,0x0021,0x0021,0x0021,0x0021,0x0021,0x0021,0x0021,0x0021,0x0021,0x0021,
0x0021,0x0021,0x0021,0x0021,0x0021,0x0021,0x0021,0x0021,0x0021,0x0021,0x0021,0x0021,0x0021,0x0021,0x0021,0x0021,
0x0021,0x0021,0x0021,0x0021,0x0021,0x0021,0x0021,0x0021,0x0021,0x0022,0x0021,0x0021,0x0021,0x0021,0x0021,0x0021,
0x0021,0x0021,0x0021,0x0021,0x0021,0x0021,0x0021,0x0021,0x0021,0x0021,0x0021,0x0021,0x0022,0x0021,0x0021,0x0021,
0x0021,0x0021,0x0022,0x0021,0x0022,0x0022,0x0022,0x0022,0x0022,0x0022,0x0022,0x0022,0x0022,0x0022,0x0022,0x0022,
0x0022,0x0022,0x0042,0x0042,0x0042,0x0042,0x0042,0x0042,0x0042,0x0042,0x0042,0x0042,0x0022,0x0022,0x0042,0x0042,
0x0042,0x0042,0x0022,0x0042,0x0042,0x0042,0x0043,0x0043,0x0063,0x0063,0x0063,0x0043,0x0043,0x0042,0x0042,0x0022,
0x0042,0x0043,0x0043,0x0064,0x0043,0x0042,0x0043,0x0043,0x0043,0x0043,0x0063,0x0043,0x0043,0x0043,0x0042,0x0042,
0x0022,0x0022,0x0022,0x0022,0x0022,0x0042,0x0042,0x0042,0x0042,0x0042,0x0042,0x0042,0x0042,0x0042,0x0042,0x0042,
0x0043,0x0043,0x0043,0x0043,0x0043,0x0043,0x0043,0x0043,0x0043,0x0063,0x0063,0x0063,0x0063,0x0063,0x0063,0x0063,
0x0063,0x0063,0x0063,0x0063,0x0063,0x0063,0x0064,0x0084,0x0043,0x0043,0x0043,0x0063,0x0084,0x0064,0x0064,0x0063,
0x0063,0x0043,0x0043,0x0063,0x0063,0x0043,0x0064,0x0084,0x0064,0x0064,0x0064,0x0064,0x0063,0x0063,0x0063,0x0063,
0x0063,0x0063,0x0043,0x0042,0x0042,0x0042,0x0042,0x0042,0x0043,0x0043,0x0043,0x0043,0x0043,0x0042,0x0043,0x0043,
0x0063,0x0063,0x0063,0x0063,0x0043,0x0063,0x0063,0x0064,0x0084,0x0084,0x0085,0x0085,0x0084,0x00A5,0x0084,0x0084,
0x0084,0x0063,0x0043,0x0043,0x0063,0x0084,0x0084,0x0084,0x0063,0x0063,0x0043,0x0043,0x0043,0x0043,0x0063,0x0063,
0x0043,0x0042,0x0042,0x0063,0x0063,0x0042,0x0042,0x0063,0x0063,0x0043,0x0063,0x0084,0x0063,0x0063,0x0884,0x0084,
0x0884,0x0884,0x0884,0x0884,0x0063,0x0063,0x0063,0x0063,0x0063,0x0043,0x0043,0x0043,0x0043,0x0043,0x0043,0x0042,
0x0043,0x0042,0x0042,0x0042,0x0042,0x0042,0x0042,0x0042,0x0042,0x0043,0x0063,0x0043,0x0042,0x0042,0x0042,0x0042,
0x0042,0x0042,0x0042,0x0042,0x0043,0x0043,0x0042,0x0042,0x0042,0x0043,0x0043,0x0042,0x0042,0x0042,0x0043,0x0043,
0x0043,0x0063,0x0063,0x0042,0x0042,0x0042,0x0043,0x0063,0x0063,0x0042,0x0042,0x0043,0x0063,0x0043,0x0063,0x0063,
0x0063,0x0063,0x0063,0x0064,0x0063,0x0063,0x0084,0x0084,0x0043,0x0043,0x0063,0x0084,0x08C6,0x08C6,0x08A5,0x0063,
0x0042,0x0063,0x0063,0x0063,0x0063,0x0063,0x0063,0x0063,0x0063,0x0063,0x0063,0x0063,0x0063,0x0063,0x0063,0x0063,
0x0063,0x0063,0x0043,0x0043,0x0063,0x0084,0x0084,0x0063,0x0063,0x0063,0x0064,0x0084,0x0064,0x0063,0x0063,0x0063,
0x0063,0x0063,0x0063,0x0063,0x0063,0x0043,0x0063,0x0064,0x0063,0x0042,0x0042,0x0042,0x0042,0x0043,0x0063,0x0063,
0x0064,0x0064,0x0064,0x0063,0x0063,0x0063,0x0043,0x0043,0x0043,0x0043,0x0043,0x0042,0x0042,0x0042,0x0042,0x0042,
0x0042,0x0042,0x0042,0x0042,0x0043,0x0043,0x0043,0x0042,0x0042,0x0042,0x0042,0x0042,0x0043,0x0063,0x0063,0x0042,
0x0042,0x0022,0x0042,0x0084,0x0085,0x0063,0x0043,0x0063,0x0043,0x0042,0x0022,0x0022,0x0022,0x0022,0x0022,0x0022,
0x0022,0x0022,0x0022,0x0022,0x0022,0x0022,0x0022,0x0022,0x0022,0x0022,0x0022,0x0022,0x0022,0x0022,0x0022,0x0022,
0x0022,0x0022,0x0022,0x0022,0x0022,0x0022,0x0022,0x0022,0x0022,0x0022,0x0021,0x0021,0x0021,0x0021,0x0021,0x0022,
0x0022,0x0022,0x0022,0x0021,0x0022,0x0022,0x0021,0x0021,0x0021,0x0021,0x0021,0x0022,0x0022,0x0021,0x0021,0x0022,
0x0021,0x0021,0x0021,0x0021,0x0021,0x0021,0x0021,0x0021,0x0021,0x0021,0x0021,0x0021,0x0021,0x0021,0x0021,0x0021,
0x0021,0x0021,0x0021,0x0021,0x0021,0x0021,0x0021,0x0021,0x0021,0x0021,0x0021,0x0021,0x0021,0x0021,0x0021,0x0021,
},
{0x0021,0x0021,0x0021,0x0021,0x0021,0x0021,0x0021,0x0021,0x0021,0x0021,0x0021,0x0021,0x0021,0x0021,0x0021,0x0021,
0x0021,0x0021,0x0021,0x0021,0x0021,0x0021,0x0021,0x0021,0x0021,0x0021,0x0021,0x0021,0x0021,0x0021,0x0021,0x0021,
0x0021,0x0021,0x0021,0x0021,0x0021,0x0021,0x0021,0x0021,0x0021,0x0021,0x0021,0x0021,0x0021,0x0021,0x0021,0x0021,
0x0021,0x0021,0x0021,0x0021,0x0021,0x0021,0x0021,0x0021,0x0021,0x0021,0x0022,0x0021,0x0021,0x0021,0x0021,0x0021,
0x0021,0x0022,0x0022,0x0022,0x0022,0x0022,0x0022,0x0022,0x0022,0x0022,0x0022,0x0022,0x0022,0x0022,0x0022,0x0022,
0x0022,0x0022,0x0042,0x0042,0x0043,0x0042,0x0042,0x0042,0x0042,0x0042,0x0042,0x0042,0x0042,0x0042,0x0043,0x0042,
0x0042,0x0042,0x0022,0x0042,0x0043,0x0043,0x0043,0x0043,0x0043,0x0042,0x0043,0x0043,0x0042,0x0043,0x0042,0x0042,
0x0042,0x0043,0x0043,0x0043,0x0043,0x0043,0x0042,0x0042,0x0043,0x0063,0x0063,0x0043,0x0043,0x0043,0x0043,0x0042,
0x0042,0x0042,0x0042,0x0042,0x0042,0x0042,0x0042,0x0042,0x0042,0x0043,0x0042,0x0042,0x0042,0x0042,0x0042,0x0043,
0x0043,0x0043,0x0043,0x0043,0x0043,0x0063,0x0063,0x0063,0x0063,0x0063,0x0063,0x0063,0x0063,0x0063,0x0063,0x0063,
0x0063,0x0043,0x0063,0x0063,0x0063,0x0064,0x0064,0x0064,0x0043,0x0043,0x0043,0x0063,0x0084,0x0084,0x0084,0x0064,
0x0063,0x0063,0x0064,0x0064,0x0064,0x0084,0x0084,0x0064,0x0063,0x0063,0x0064,0x0064,0x0063,0x0063,0x0063,0x0064,
0x0084,0x0084,0x0064,0x0063,0x0043,0x0043,0x0042,0x0042,0x0042,0x0043,0x0043,0x0043,0x0043,0x0043,0x0043,0x0043,
0x0043,0x0043,0x0063,0x0063,0x0063,0x0063,0x0063,0x0063,0x0064,0x0084,0x0085,0x0084,0x0084,0x0084,0x0084,0x0084,
0x0084,0x0084,0x0064,0x0084,0x0084,0x0084,0x0084,0x0084,0x0084,0x0063,0x0063,0x0063,0x0063,0x0063,0x0063,0x0084,
0x0084,0x0063,0x0043,0x0063,0x0063,0x0063,0x0043,0x0084,0x08A6,0x08A5,0x0063,0x0084,0x0884,0x0063,0x0084,0x08A5,
0x08A5,0x08A5,0x08A5,0x0884,0x0063,0x0063,0x0063,0x0063,0x0063,0x0063,0x0063,0x0063,0x0063,0x0063,0x0063,0x0063,
0x0043,0x0043,0x0043,0x0043,0x0042,0x0042,0x0042,0x0042,0x0042,0x0042,0x0043,0x0042,0x0042,0x0042,0x0042,0x0042,
0x0022,0x0042,0x0042,0x0043,0x0063,0x0063,0x0043,0x0042,0x0042,0x0043,0x0043,0x0043,0x0042,0x0042,0x0042,0x0043,
0x0043,0x0043,0x0043,0x0043,0x0042,0x0042,0x0042,0x0043,0x0063,0x0043,0x0043,0x0063,0x0043,0x0063,0x0063,0x0063,
0x0063,0x0063,0x0064,0x0084,0x0064,0x0063,0x0064,0x0063,0x0884,0x0084,0x0084,0x08A5,0x08C6,0x08E6,0x08A5,0x0063,
0x0042,0x0042,0x0042,0x0063,0x0084,0x0064,0x0064,0x0063,0x0063,0x0064,0x0064,0x0064,0x0064,0x0064,0x0063,0x0064,
0x0064,0x0063,0x0063,0x0043,0x0063,0x0063,0x0064,0x0063,0x0063,0x0063,0x0063,0x0064,0x0063,0x0043,0x0043,0x0063,
0x0063,0x0063,0x0063,0x0063,0x0064,0x0063,0x0063,0x0063,0x0063,0x0043,0x0043,0x0042,0x0042,0x0043,0x0063,0x0063,
0x0064,0x0084,0x0084,0x0084,0x0063,0x0063,0x0043,0x0043,0x0043,0x0043,0x0043,0x0043,0x0042,0x0042,0x0042,0x0042,
0x0042,0x0042,0x0043,0x0043,0x0043,0x0043,0x0043,0x0043,0x0042,0x0042,0x0042,0x0042,0x0043,0x0063,0x0063,0x0043,
0x0042,0x0042,0x0042,0x0063,0x0085,0x0043,0x0022,0x0042,0x0063,0x0063,0x0042,0x0042,0x0043,0x0042,0x0042,0x0022,
0x0022,0x0022,0x0022,0x0022,0x0022,0x0022,0x0022,0x0022,0x0022,0x0022,0x0022,0x0022,0x0022,0x0022,0x0022,0x0022,
0x0022,0x0022,0x0022,0x0022,0x0021,0x0021,0x0021,0x0022,0x0022,0x0021,0x0021,0x0021,0x0021,0x0022,0x0022,0x0022,
0x0022,0x0022,0x0022,0x0022,0x0022,0x0022,0x0021,0x0021,0x0022,0x0021,0x0021,0x0022,0x0022,0x0022,0x0021,0x0021,
0x0021,0x0021,0x0021,0x0021,0x0021,0x0021,0x0021,0x0021,0x0021,0x0021,0x0021,0x0021,0x0021,0x0021,0x0021,0x0021,
0x0021,0x0021,0x0021,0x0021,0x0021,0x0021,0x0021,0x0021,0x0021,0x0021,0x0021,0x0021,0x0021,0x0021,0x0021,0x0021,
},
{0x0021,0x0021,0x0021,0x0021,0x0021,0x0021,0x0021,0x0021,0x0021,0x0021,0x0021,0x0021,0x0021,0x0021,0x0021,0x0021,
0x0021,0x0021,0x0021,0x0021,0x0021,0x0021,0x0021,0x0021,0x0021,0x0021,0x0021,0x0021,0x0021,0x0021,0x0021,0x0021,
0x0021,0x0021,0x0021,0x0021,0x0021,0x0021,0x0021,0x0021,0x0021,0x0021,0x0021,0x0021,0x0021,0x0021,0x0021,0x0021,
0x0021,0x0021,0x0021,0x0021,0x0021,0x0022,0x0021,0x0021,0x0021,0x0021,0x0021,0x0022,0x0021,0x0021,0x0021,0x0021,
0x0021,0x0021,0x0021,0x0022,0x0022,0x0022,0x0022,0x0022,0x0022,0x0022,0x0022,0x0022,0x0022,0x0022,0x0022,0x0022,
0x0022,0x0042,0x0042,0x0042,0x0043,0x0043,0x0043,0x0043,0x0043,0x0042,0x0042,0x0042,0x0042,0x0043,0x0042,0x0042,
0x0042,0x0042,0x0042,0x0043,0x0043,0x0043,0x0043,0x0043,0x0043,0x0042,0x0042,0x0042,0x0043,0x0043,0x0042,0x0022,
0x0042,0x0042,0x0043,0x0043,0x0043,0x0042,0x0043,0x0043,0x0064,0x0085,0x0063,0x0043,0x0042,0x0043,0x0043,0x0043,
0x0043,0x0043,0x0043,0x0042,0x0042,0x0042,0x0042,0x0042,0x0043,0x0063,0x0043,0x0043,0x0043,0x0043,0x0043,0x0043,
0x0063,0x0063,0x0043,0x0063,0x0063,0x0064,0x0064,0x0063,0x0063,0x0063,0x0043,0x0043,0x0063,0x0043,0x0043,0x0043,
0x0043,0x0043,0x0043,0x0063,0x0064,0x0063,0x0063,0x0064,0x0064,0x0063,0x0043,0x0043,0x0043,0x0063,0x0063,0x0043,
0x0063,0x0064,0x0064,0x0064,0x0085,0x0085,0x0084,0x0064,0x0063,0x0063,0x0043,0x0063,0x0043,0x0063,0x0063,0x0064,
0x0084,0x0084,0x0085,0x0084,0x0084,0x0063,0x0063,0x0063,0x0043,0x0043,0x0043,0x0043,0x0043,0x0043,0x0063,0x0063,
0x0063,0x0064,0x0085,0x0084,0x0063,0x0063,0x0063,0x0063,0x0063,0x0084,0x0084,0x0064,0x0064,0x0084,0x0084,0x0064,
0x0085,0x0085,0x08A5,0x08C6,0x00A5,0x0084,0x0084,0x00A5,0x08A5,0x00A5,0x0084,0x0064,0x0084,0x0084,0x0084,0x0084,
0x0085,0x0064,0x0063,0x0064,0x0084,0x0085,0x0084,0x0085,0x08A6,0x08C6,0x08A5,0x0885,0x08E6,0x08A6,0x0085,0x08C6,
0x08C6,0x08A5,0x08A5,0x08A5,0x0084,0x0063,0x0063,0x0063,0x0063,0x0063,0x0084,0x0084,0x0064,0x0064,0x0084,0x0064,
0x0063,0x0063,0x0063,0x0043,0x0043,0x0042,0x0042,0x0043,0x0042,0x0042,0x0043,0x0043,0x0042,0x0042,0x0042,0x0042,
0x0042,0x0042,0x0042,0x0042,0x0043,0x0043,0x0042,0x0042,0x0042,0x0042,0x0042,0x0043,0x0043,0x0042,0x0022,0x0042,
0x0042,0x0042,0x0063,0x0043,0x0042,0x0042,0x0042,0x0043,0x0063,0x0063,0x0063,0x0043,0x0043,0x0043,0x0063,0x0063,
0x0063,0x0063,0x0063,0x0064,0x0084,0x0063,0x0084,0x0884,0x0084,0x0884,0x0884,0x08A5,0x08C6,0x08A5,0x08C6,0x0884,
0x0063,0x0043,0x0042,0x0042,0x0885,0x08A5,0x08A5,0x0084,0x0084,0x0084,0x0084,0x0084,0x0084,0x0084,0x0084,0x0084,
0x0063,0x0063,0x0063,0x0063,0x0043,0x0063,0x0063,0x0063,0x0063,0x0063,0x0064,0x0063,0x0043,0x0043,0x0043,0x0063,
0x0063,0x0063,0x0063,0x0063,0x0063,0x0063,0x0063,0x0063,0x0063,0x0064,0x0063,0x0063,0x0043,0x0043,0x0063,0x0063,
0x0063,0x0063,0x0063,0x0063,0x0063,0x0063,0x0063,0x0063,0x0063,0x0043,0x0043,0x0043,0x0043,0x0043,0x0043,0x0042,
0x0042,0x0042,0x0043,0x0043,0x0043,0x0063,0x0043,0x0043,0x0042,0x0042,0x0042,0x0042,0x0042,0x0043,0x0043,0x0043,
0x0043,0x0043,0x0043,0x0042,0x0063,0x0043,0x0042,0x0042,0x0043,0x0043,0x0042,0x0043,0x0043,0x0043,0x0042,0x0042,
0x0042,0x0042,0x0042,0x0042,0x0042,0x0022,0x0022,0x0022,0x0022,0x0022,0x0022,0x0022,0x0022,0x0022,0x0022,0x0022,
0x0022,0x0022,0x0022,0x0022,0x0022,0x0022,0x0021,0x0021,0x0021,0x0021,0x0021,0x0021,0x0022,0x0022,0x0022,0x0022,
0x0022,0x0022,0x0022,0x0022,0x0022,0x0022,0x0022,0x0021,0x0022,0x0021,0x0022,0x0022,0x0022,0x0021,0x0021,0x0021,
0x0021,0x0021,0x0021,0x0021,0x0021,0x0021,0x0021,0x0021,0x0021,0x0021,0x0021,0x0021,0x0021,0x0021,0x0021,0x0021,
0x0021,0x0021,0x0021,0x0021,0x0021,0x0021,0x0021,0x0021,0x0021,0x0021,0x0021,0x0021,0x0021,0x0021,0x0021,0x0021,
},
{0x0021,0x0021,0x0021,0x0021,0x0021,0x0021,0x0021,0x0021,0x0021,0x0021,0x0021,0x0021,0x0021,0x0021,0x0021,0x0021,
0x0021,0x0021,0x0021,0x0021,0x0021,0x0021,0x0021,0x0021,0x0021,0x0021,0x0021,0x0021,0x0021,0x0021,0x0021,0x0021,
0x0021,0x0021,0x0021,0x0021,0x0021,0x0021,0x0021,0x0021,0x0021,0x0021,0x0021,0x0021,0x0021,0x0021,0x0021,0x0021,
0x0021,0x0021,0x0021,0x0021,0x0021,0x0022,0x0021,0x0021,0x0021,0x0021,0x0022,0x0021,0x0022,0x0022,0x0021,0x0021,
0x0021,0x0021,0x0021,0x0021,0x0022,0x0022,0x0022,0x0022,0x0022,0x0022,0x0022,0x0022,0x0022,0x0022,0x0022,0x0022,
0x0022,0x0042,0x0042,0x0042,0x0043,0x0043,0x0043,0x0063,0x0064,0x0063,0x0042,0x0042,0x0043,0x0043,0x0043,0x0043,
0x0042,0x0043,0x0043,0x0043,0x0043,0x0043,0x0042,0x0042,0x0042,0x0043,0x0042,0x0042,0x0043,0x0043,0x0043,0x0042,
0x0043,0x0043,0x0042,0x0043,0x0043,0x0042,0x0063,0x0064,0x0064,0x0063,0x0043,0x0043,0x0043,0x0043,0x0043,0x0063,
0x0063,0x0043,0x0063,0x0043,0x0063,0x0043,0x0043,0x0043,0x0043,0x0063,0x0064,0x0064,0x0084,0x0063,0x0063,0x0084,
0x0084,0x0084,0x0084,0x0085,0x0084,0x0063,0x0063,0x0063,0x0063,0x0043,0x0063,0x0063,0x0063,0x0063,0x0063,0x0063,
0x0063,0x0063,0x0063,0x0064,0x0064,0x0063,0x0063,0x0064,0x0064,0x0064,0x0063,0x0043,0x0043,0x0063,0x0063,0x0063,
0x0063,0x0063,0x0064,0x0064,0x0084,0x0064,0x0063,0x0064,0x0063,0x0063,0x0063,0x0063,0x0063,0x0063,0x0063,0x0064,
0x0084,0x0084,0x0084,0x0084,0x0084,0x0084,0x0064,0x0063,0x0063,0x0063,0x0063,0x0043,0x0043,0x0063,0x0063,0x0063,
0x0063,0x0064,0x0084,0x0085,0x0084,0x0064,0x0064,0x0084,0x0084,0x0084,0x0064,0x0064,0x0063,0x0084,0x0084,0x0063,
0x0084,0x08A5,0x08C6,0x08C7,0x00A5,0x0084,0x0084,0x0084,0x0084,0x00A5,0x0084,0x0084,0x00A5,0x08C7,0x08E7,0x08C6,
0x08A6,0x0084,0x0084,0x0084,0x0084,0x0084,0x08A5,0x0085,0x08A5,0x08A5,0x08A5,0x08A5,0x08C6,0x08A5,0x08C6,0x1128,
0x08E7,0x08E7,0x08E6,0x08E7,0x0885,0x0084,0x08A5,0x08A5,0x08A5,0x0064,0x0084,0x0084,0x0084,0x0084,0x0884,0x0084,
0x0084,0x0063,0x0063,0x0043,0x0043,0x0043,0x0043,0x0043,0x0043,0x0063,0x0043,0x0063,0x0043,0x0043,0x0042,0x0042,
0x0042,0x0022,0x0042,0x0042,0x0042,0x0042,0x0022,0x0022,0x0022,0x0022,0x0042,0x0042,0x0042,0x0022,0x0022,0x0042,
0x0042,0x0042,0x0043,0x0063,0x0043,0x0042,0x0043,0x0043,0x0043,0x0043,0x0043,0x0042,0x0042,0x0042,0x0043,0x0063,
0x0064,0x0084,0x0084,0x0084,0x0084,0x0084,0x0064,0x0084,0x0063,0x0063,0x0084,0x08A5,0x08C6,0x08C6,0x0907,0x1149,
0x08C6,0x0084,0x0884,0x0063,0x0884,0x08A5,0x08C6,0x08C6,0x0084,0x0084,0x0084,0x0084,0x0064,0x0063,0x0063,0x0063,
0x0063,0x0063,0x0063,0x0043,0x0043,0x0063,0x0064,0x0063,0x0063,0x0064,0x0064,0x0064,0x0063,0x0063,0x0043,0x0063,
0x0063,0x0063,0x0063,0x0063,0x0043,0x0063,0x0063,0x0063,0x0063,0x0064,0x0064,0x0064,0x0063,0x0064,0x0063,0x0064,
0x0064,0x0064,0x0063,0x0064,0x0064,0x0064,0x0063,0x0063,0x0063,0x0063,0x0063,0x0063,0x0063,0x0063,0x0063,0x0043,
0x0043,0x0043,0x0043,0x0043,0x0063,0x0063,0x0043,0x0043,0x0042,0x0042,0x0042,0x0042,0x0042,0x0042,0x0042,0x0043,
0x0043,0x0043,0x0043,0x0042,0x0043,0x0063,0x0042,0x0042,0x0042,0x0042,0x0042,0x0043,0x0042,0x0042,0x0042,0x0022,
0x0042,0x0043,0x0042,0x0042,0x0042,0x0042,0x0042,0x0022,0x0022,0x0022,0x0022,0x0022,0x0022,0x0022,0x0022,0x0022,
0x0022,0x0022,0x0022,0x0022,0x0022,0x0022,0x0022,0x0022,0x0021,0x0021,0x0022,0x0021,0x0022,0x0022,0x0022,0x0022,
0x0022,0x0022,0x0022,0x0022,0x0022,0x0022,0x0022,0x0022,0x0022,0x0022,0x0022,0x0022,0x0022,0x0021,0x0021,0x0022,
0x0021,0x0021,0x0021,0x0021,0x0021,0x0021,0x0021,0x0021,0x0021,0x0021,0x0021,0x0021,0x0021,0x0021,0x0021,0x0021,
0x0021,0x0021,0x0021,0x0021,0x0021,0x0021,0x0021,0x0021,0x0021,0x0021,0x0021,0x0021,0x0021,0x0021,0x0021,0x0021,
},
{0x0021,0x0021,0x0021,0x0021,0x0021,0x0021,0x0021,0x0021,0x0021,0x0021,0x0021,0x0021,0x0021,0x0021,0x0021,0x0021,
0x0021,0x0021,0x0021,0x0021,0x0021,0x0021,0x0021,0x0021,0x0021,0x0021,0x0021,0x0021,0x0021,0x0021,0x0022,0x0022,
0x0021,0x0021,0x0021,0x0021,0x0021,0x0021,0x0021,0x0021,0x0021,0x0021,0x0021,0x0021,0x0021,0x0022,0x0021,0x0021,
0x0021,0x0021,0x0021,0x0021,0x0021,0x0022,0x0021,0x0021,0x0021,0x0022,0x0022,0x0022,0x0022,0x0022,0x0022,0x0021,
0x0021,0x0021,0x0021,0x0021,0x0022,0x0022,0x0022,0x0022,0x0022,0x0022,0x0022,0x0022,0x0022,0x0022,0x0022,0x0022,
0x0042,0x0042,0x0042,0x0042,0x0043,0x0043,0x0043,0x0043,0x0063,0x0043,0x0042,0x0043,0x0043,0x0043,0x0063,0x0043,
0x0043,0x0043,0x0063,0x0043,0x0043,0x0043,0x0043,0x0042,0x0042,0x0042,0x0042,0x0043,0x0043,0x0043,0x0043,0x0043,
0x0042,0x0042,0x0043,0x0043,0x0043,0x0043,0x0063,0x0043,0x0063,0x0085,0x0064,0x0064,0x0064,0x0064,0x0064,0x0084,
0x0064,0x0064,0x0064,0x0064,0x0064,0x0063,0x0063,0x0063,0x0063,0x0084,0x0084,0x0084,0x0084,0x0084,0x0084,0x0085,
0x0085,0x0085,0x0085,0x0085,0x0084,0x0084,0x0084,0x0064,0x0084,0x0064,0x0064,0x0064,0x0084,0x0084,0x0064,0x0064,
0x0064,0x0064,0x0063,0x0063,0x0063,0x0063,0x0063,0x0063,0x0063,0x0063,0x0064,0x0063,0x0063,0x0063,0x0063,0x0063,
0x0063,0x0063,0x0064,0x0064,0x0084,0x0084,0x0084,0x0885,0x0084,0x0084,0x0084,0x0064,0x0063,0x0063,0x0064,0x0084,
0x0064,0x0084,0x0084,0x0085,0x0084,0x0084,0x0084,0x0064,0x0064,0x0063,0x0064,0x0064,0x0063,0x0063,0x0063,0x0063,
0x0063,0x0063,0x0084,0x08A5,0x08A5,0x08A5,0x00A5,0x08A5,0x00A5,0x0085,0x0084,0x0084,0x0064,0x0063,0x0064,0x0064,
0x0064,0x0085,0x08A6,0x08C7,0x08E7,0x08A5,0x0084,0x0064,0x0063,0x0084,0x0085,0x00A5,0x08A5,0x08C6,0x08C6,0x08C6,
0x08C6,0x08A6,0x08A5,0x0085,0x0084,0x0084,0x0084,0x0063,0x0084,0x08A5,0x0085,0x0085,0x08A5,0x00A5,0x0084,0x08C6,
0x08C6,0x08A5,0x08A5,0x08C6,0x08A5,0x0885,0x08C6,0x08C6,0x08C6,0x08A5,0x0084,0x0084,0x0084,0x0084,0x08A5,0x08A5,
0x0884,0x0084,0x0063,0x0063,0x0063,0x0063,0x0063,0x0063,0x0063,0x0063,0x0063,0x0063,0x0063,0x0063,0x0063,0x0043,
0x0043,0x0043,0x0043,0x0042,0x0042,0x0042,0x0042,0x0042,0x0042,0x0042,0x0043,0x0043,0x0042,0x0022,0x0022,0x0022,
0x0042,0x0042,0x0042,0x0042,0x0042,0x0042,0x0042,0x0042,0x0022,0x0022,0x0042,0x0042,0x0042,0x0043,0x0043,0x0063,
0x0084,0x0084,0x0084,0x0084,0x0084,0x0063,0x0063,0x0063,0x0043,0x0063,0x0884,0x0084,0x0884,0x08A5,0x08A6,0x08E7,
0x08C6,0x08C6,0x08E7,0x0907,0x0884,0x0084,0x0084,0x08E7,0x08C7,0x0884,0x08A5,0x0884,0x0063,0x0042,0x0043,0x0043,
0x0042,0x0042,0x0042,0x0042,0x0043,0x0063,0x0063,0x0063,0x0063,0x0063,0x0084,0x0884,0x0063,0x0043,0x0043,0x0063,
0x0063,0x0063,0x0084,0x0084,0x0063,0x0063,0x0063,0x0063,0x0063,0x0063,0x0063,0x0084,0x0064,0x0084,0x0084,0x0084,
0x0084,0x0084,0x0084,0x0084,0x0084,0x0064,0x0084,0x0064,0x0064,0x0064,0x0063,0x0063,0x0063,0x0063,0x0063,0x0063,
0x0043,0x0043,0x0043,0x0063,0x0063,0x0063,0x0043,0x0043,0x0042,0x0042,0x0042,0x0042,0x0042,0x0042,0x0042,0x0043,
0x0043,0x0043,0x0042,0x0043,0x0064,0x0084,0x0063,0x0043,0x0043,0x0042,0x0042,0x0042,0x0042,0x0042,0x0022,0x0022,
0x0022,0x0042,0x0042,0x0042,0x0022,0x0022,0x0042,0x0042,0x0022,0x0022,0x0022,0x0022,0x0022,0x0022,0x0022,0x0022,
0x0022,0x0022,0x0022,0x0022,0x0022,0x0022,0x0022,0x0022,0x0022,0x0022,0x0022,0x0022,0x0022,0x0022,0x0022,0x0022,
0x0022,0x0022,0x0022,0x0022,0x0022,0x0022,0x0022,0x0022,0x0022,0x0022,0x0022,0x0022,0x0022,0x0022,0x0021,0x0022,
0x0022,0x0021,0x0022,0x0021,0x0021,0x0021,0x0021,0x0021,0x0021,0x0021,0x0021,0x0021,0x0021,0x0021,0x0021,0x0021,
0x0021,0x0021,0x0021,0x0021,0x0021,0x0021,0x0021,0x0021,0x0021,0x0021,0x0021,0x0021,0x0021,0x0021,0x0021,0x0021,
},
{0x0021,0x0021,0x0021,0x0021,0x0021,0x0021,0x0021,0x0021,0x0021,0x0021,0x0021,0x0021,0x0021,0x0021,0x0021,0x0021,
0x0021,0x0021,0x0021,0x0021,0x0021,0x0021,0x0021,0x0021,0x0021,0x0021,0x0021,0x0022,0x0022,0x0021,0x0022,0x0022,
0x0022,0x0022,0x0021,0x0021,0x0021,0x0021,0x0021,0x0021,0x0021,0x0021,0x0021,0x0022,0x0022,0x0021,0x0021,0x0021,
0x0021,0x0021,0x0021,0x0021,0x0021,0x0022,0x0022,0x0021,0x0022,0x0022,0x0022,0x0022,0x0022,0x0022,0x0022,0x0022,
0x0021,0x0021,0x0022,0x0021,0x0022,0x0022,0x0022,0x0022,0x0022,0x0022,0x0022,0x0022,0x0022,0x0022,0x0022,0x0042,
0x0043,0x0043,0x0043,0x0042,0x0043,0x0043,0x0043,0x0063,0x0043,0x0043,0x0043,0x0063,0x0063,0x0063,0x0043,0x0043,
0x0043,0x0043,0x0043,0x0043,0x0043,0x0043,0x0043,0x0042,0x0042,0x0043,0x0043,0x0063,0x0043,0x0043,0x0043,0x0042,
0x0042,0x0043,0x0042,0x0043,0x0043,0x0063,0x0043,0x0043,0x0064,0x0085,0x0085,0x0085,0x0085,0x0064,0x0064,0x0064,
0x0064,0x0064,0x0064,0x0063,0x0064,0x0064,0x0063,0x0064,0x0084,0x00A5,0x0085,0x0085,0x0085,0x0084,0x0064,0x0084,
0x0084,0x0084,0x0064,0x0064,0x0084,0x0084,0x0084,0x0084,0x0084,0x0084,0x0084,0x0084,0x0084,0x0084,0x0084,0x0064,
0x0064,0x0064,0x0064,0x0063,0x0063,0x0063,0x0063,0x0063,0x0064,0x0064,0x0084,0x0064,0x0064,0x0063,0x0064,0x0084,
0x0084,0x0063,0x0063,0x0064,0x0064,0x0064,0x08A5,0x08A5,0x0885,0x08C6,0x08C6,0x08A5,0x00A5,0x0084,0x0063,0x0063,
0x0063,0x0063,0x0084,0x0084,0x0084,0x0084,0x0084,0x0084,0x0084,0x0084,0x0084,0x0084,0x0084,0x0064,0x0063,0x0064,
0x0064,0x0084,0x0085,0x0085,0x08A5,0x08C6,0x08C6,0x08E7,0x08E7,0x08C7,0x08A6,0x08A5,0x0084,0x0084,0x0084,0x0084,
0x0084,0x0084,0x0085,0x08A5,0x08C6,0x08E7,0x08C6,0x08A5,0x0085,0x0084,0x0085,0x08A5,0x08A6,0x08A5,0x0885,0x08A5,
0x08A5,0x08A5,0x00A5,0x0085,0x0085,0x0084,0x0084,0x0064,0x0084,0x0885,0x0085,0x08A5,0x08A5,0x08A6,0x08A5,0x08A6,
0x08C6,0x0885,0x0885,0x0885,0x08A5,0x0885,0x08A5,0x08A6,0x08A6,0x08A5,0x08A5,0x08A5,0x08A5,0x08A5,0x08C6,0x08A5,
0x0884,0x0084,0x0084,0x0064,0x0063,0x0063,0x0063,0x0063,0x0063,0x0063,0x0063,0x0084,0x0064,0x0063,0x0063,0x0063,
0x0063,0x0063,0x0063,0x0063,0x0043,0x0042,0x0063,0x0063,0x0043,0x0063,0x0064,0x0063,0x0042,0x0022,0x0022,0x0022,
0x0042,0x0043,0x0063,0x0063,0x0042,0x0022,0x0022,0x0022,0x0022,0x0022,0x0042,0x0042,0x0043,0x0043,0x0043,0x0043,
0x0064,0x0084,0x0084,0x0084,0x0063,0x0043,0x0063,0x0063,0x0043,0x0063,0x0084,0x0084,0x0084,0x08A6,0x0908,0x08E7,
0x08C6,0x08C6,0x0063,0x0884,0x08E6,0x08C6,0x08A5,0x08E7,0x08A6,0x08A5,0x08C6,0x0885,0x0064,0x0042,0x0043,0x0063,
0x0043,0x0043,0x0043,0x0063,0x0063,0x0063,0x0063,0x0063,0x0063,0x0063,0x0064,0x0084,0x0064,0x0063,0x0063,0x0063,
0x0043,0x0063,0x0064,0x0084,0x0064,0x0063,0x0063,0x0063,0x0064,0x0063,0x0063,0x0064,0x0063,0x0063,0x0084,0x0084,
0x0084,0x0085,0x08A5,0x0084,0x08A5,0x08A5,0x08A5,0x08A5,0x0084,0x0084,0x0084,0x0063,0x0043,0x0043,0x0043,0x0063,
0x0043,0x0043,0x0043,0x0063,0x0063,0x0063,0x0043,0x0043,0x0042,0x0042,0x0042,0x0042,0x0042,0x0042,0x0042,0x0043,
0x0063,0x0043,0x0043,0x0063,0x0084,0x0084,0x0064,0x0063,0x0043,0x0042,0x0042,0x0042,0x0042,0x0042,0x0042,0x0042,
0x0022,0x0022,0x0042,0x0042,0x0042,0x0022,0x0022,0x0022,0x0022,0x0022,0x0022,0x0022,0x0022,0x0022,0x0022,0x0022,
0x0022,0x0042,0x0022,0x0022,0x0022,0x0022,0x0022,0x0022,0x0022,0x0022,0x0022,0x0022,0x0022,0x0022,0x0022,0x0022,
0x0022,0x0042,0x0022,0x0022,0x0022,0x0022,0x0022,0x0022,0x0022,0x0022,0x0022,0x0022,0x0022,0x0022,0x0022,0x0022,
0x0022,0x0021,0x0022,0x0021,0x0021,0x0021,0x0021,0x0021,0x0021,0x0021,0x0021,0x0021,0x0021,0x0021,0x0021,0x0021,
0x0021,0x0021,0x0021,0x0021,0x0021,0x0021,0x0021,0x0021,0x0021,0x0021,0x0021,0x0021,0x0021,0x0021,0x0021,0x0021,
},
{0x0021,0x0021,0x0021,0x0021,0x0021,0x0021,0x0021,0x0021,0x0021,0x0021,0x0021,0x0021,0x0021,0x0021,0x0021,0x0021,
0x0021,0x0021,0x0021,0x0021,0x0021,0x0021,0x0021,0x0021,0x0021,0x0021,0x0021,0x0021,0x0021,0x0021,0x0021,0x0022,
0x0022,0x0022,0x0022,0x0021,0x0021,0x0021,0x0021,0x0021,0x0021,0x0021,0x0021,0x0021,0x0022,0x0021,0x0021,0x0021,
0x0021,0x0021,0x0021,0x0021,0x0021,0x0022,0x0022,0x0022,0x0022,0x0022,0x0022,0x0022,0x0022,0x0022,0x0022,0x0021,
0x0021,0x0021,0x0021,0x0022,0x0022,0x0022,0x0022,0x0022,0x0022,0x0022,0x0022,0x0022,0x0022,0x0022,0x0022,0x0042,
0x0043,0x0043,0x0043,0x0043,0x0042,0x0043,0x0063,0x0063,0x0043,0x0063,0x0063,0x0063,0x0063,0x0043,0x0043,0x0043,
0x0043,0x0063,0x0063,0x0043,0x0043,0x0043,0x0043,0x0043,0x0043,0x0043,0x0043,0x0043,0x0043,0x0043,0x0043,0x0043,
0x0043,0x0043,0x0043,0x0043,0x0043,0x0043,0x0064,0x0064,0x0064,0x00A5,0x08C6,0x0085,0x0064,0x0064,0x0063,0x0064,
0x0064,0x0064,0x0063,0x0064,0x0084,0x0085,0x0085,0x0085,0x08A5,0x00A5,0x00A5,0x0085,0x0085,0x0084,0x0084,0x0084,
0x0063,0x0064,0x0064,0x0064,0x0084,0x0084,0x0084,0x0084,0x0085,0x0085,0x08A5,0x00A5,0x0085,0x0085,0x0085,0x0084,
0x0084,0x0084,0x0084,0x0064,0x0064,0x0064,0x0063,0x0064,0x0084,0x0085,0x08A5,0x0085,0x0085,0x0085,0x0085,0x0885,
0x0885,0x0085,0x0085,0x0084,0x0084,0x0084,0x0084,0x0084,0x0084,0x0084,0x08A6,0x08C6,0x08C6,0x08C6,0x0084,0x0084,
0x0084,0x0064,0x0064,0x0084,0x0084,0x0084,0x0084,0x0084,0x0084,0x0084,0x0084,0x0084,0x0084,0x0084,0x0084,0x0084,
0x0084,0x0085,0x0085,0x08A5,0x08A5,0x08A6,0x08E7,0x08E7,0x08E7,0x0909,0x0908,0x08C7,0x08A5,0x08A6,0x08A6,0x08C6,
0x08A6,0x08A5,0x0085,0x00A5,0x08A6,0x08E7,0x0908,0x08E8,0x08C7,0x08A6,0x0085,0x0084,0x08A5,0x08A6,0x0885,0x0885,
0x08C6,0x08C6,0x08A5,0x0084,0x0084,0x0084,0x0084,0x0085,0x0084,0x0084,0x0084,0x0084,0x08A5,0x08A6,0x08C6,0x08C6,
0x08C6,0x08A6,0x08A6,0x08A5,0x08A5,0x08A5,0x08A5,0x08A5,0x08A5,0x08C6,0x08C6,0x08C6,0x08C6,0x08C7,0x08A6,0x08A5,
0x08A5,0x0885,0x0884,0x0084,0x0084,0x0064,0x0064,0x0063,0x0064,0x0084,0x0064,0x0084,0x0084,0x0084,0x0064,0x0063,
0x0063,0x0043,0x0063,0x0063,0x0063,0x0063,0x0063,0x0063,0x0063,0x0063,0x0063,0x0043,0x0042,0x0022,0x0022,0x0022,
0x0042,0x0063,0x0063,0x0064,0x0043,0x0022,0x0022,0x0022,0x0022,0x0022,0x0042,0x0043,0x0063,0x0063,0x0063,0x0064,
0x0064,0x0063,0x0063,0x0063,0x0063,0x0042,0x0042,0x0063,0x0063,0x0063,0x0063,0x0084,0x08A5,0x08C6,0x08C6,0x08C6,
0x08E7,0x08E7,0x08A5,0x0042,0x0063,0x0063,0x08E6,0x08E6,0x0084,0x0884,0x08C6,0x08A5,0x0884,0x0063,0x0043,0x0063,
0x0063,0x0063,0x0063,0x0084,0x0084,0x0064,0x0084,0x0064,0x0084,0x0885,0x0084,0x0084,0x0084,0x0084,0x0084,0x0063,
0x0063,0x0063,0x0084,0x0084,0x0063,0x0063,0x0063,0x0063,0x0084,0x0064,0x0063,0x0063,0x0084,0x0084,0x0084,0x0064,
0x0084,0x0084,0x0084,0x0084,0x08A5,0x08C6,0x08A6,0x08A6,0x08A6,0x0085,0x0084,0x0064,0x0063,0x0043,0x0043,0x0043,
0x0043,0x0043,0x0063,0x0063,0x0064,0x0063,0x0063,0x0043,0x0043,0x0042,0x0042,0x0042,0x0043,0x0043,0x0043,0x0043,
0x0063,0x0063,0x0063,0x0063,0x0084,0x0085,0x0084,0x0064,0x0063,0x0043,0x0043,0x0042,0x0042,0x0042,0x0042,0x0042,
0x0042,0x0022,0x0022,0x0022,0x0042,0x0022,0x0022,0x0022,0x0022,0x0022,0x0022,0x0022,0x0022,0x0022,0x0022,0x0022,
0x0022,0x0022,0x0042,0x0022,0x0022,0x0022,0x0022,0x0022,0x0022,0x0022,0x0022,0x0022,0x0022,0x0022,0x0022,0x0022,
0x0022,0x0022,0x0022,0x0022,0x0022,0x0022,0x0022,0x0022,0x0022,0x0022,0x0022,0x0022,0x0022,0x0022,0x0022,0x0022,
0x0022,0x0021,0x0022,0x0022,0x0021,0x0021,0x0021,0x0021,0x0021,0x0021,0x0021,0x0021,0x0021,0x0021,0x0021,0x0022,
0x0021,0x0021,0x0021,0x0021,0x0021,0x0021,0x0021,0x0021,0x0021,0x0021,0x0021,0x0021,0x0021,0x0021,0x0021,0x0021,
},
{0x0021,0x0021,0x0021,0x0021,0x0021,0x0021,0x0021,0x0021,0x0021,0x0021,0x0021,0x0021,0x0021,0x0021,0x0021,0x0021,
0x0021,0x0021,0x0021,0x0021,0x0021,0x0021,0x0021,0x0021,0x0021,0x0021,0x0021,0x0021,0x0021,0x0021,0x0021,0x0021,
0x0021,0x0021,0x0021,0x0021,0x0021,0x0021,0x0021,0x0021,0x0021,0x0022,0x0022,0x0022,0x0021,0x0021,0x0021,0x0022,
0x0021,0x0021,0x0021,0x0021,0x0021,0x0022,0x0022,0x0022,0x0022,0x0022,0x0022,0x0022,0x0021,0x0022,0x0022,0x0022,
0x0021,0x0021,0x0021,0x0022,0x0022,0x0022,0x0022,0x0022,0x0022,0x0022,0x0022,0x0022,0x0022,0x0022,0x0022,0x0042,
0x0043,0x0043,0x0043,0x0043,0x0043,0x0043,0x0043,0x0063,0x0064,0x0063,0x0063,0x0063,0x0043,0x0043,0x0063,0x0063,
0x0063,0x0063,0x0063,0x0043,0x0043,0x0043,0x0043,0x0043,0x0042,0x0042,0x0042,0x0043,0x0043,0x0043,0x0063,0x0063,
0x0043,0x0043,0x0063,0x0063,0x0043,0x0064,0x0085,0x0085,0x0085,0x00A6,0x00A5,0x0085,0x0085,0x0064,0x0064,0x0084,
0x0084,0x0084,0x0084,0x0084,0x0085,0x0085,0x08A5,0x08A6,0x08A6,0x08A5,0x08A5,0x00A5,0x08A6,0x08A6,0x0085,0x0084,
0x0084,0x08A5,0x0085,0x0085,0x0085,0x0085,0x08A5,0x08A5,0x08A5,0x08A5,0x0085,0x08A5,0x08A5,0x08A5,0x0085,0x0085,
0x0084,0x0084,0x0085,0x0085,0x0084,0x0085,0x0084,0x0084,0x0084,0x00A5,0x08A6,0x08C6,0x08C6,0x08C6,0x08A6,0x00A5,
0x08A6,0x08E8,0x08E7,0x08C6,0x08C6,0x08E7,0x08C6,0x0084,0x0084,0x0884,0x0084,0x0084,0x0084,0x08A5,0x08C6,0x08A5,
0x08A5,0x08A5,0x0084,0x08A5,0x08A5,0x0885,0x0884,0x08A5,0x0884,0x08A5,0x08A5,0x08A5,0x08A5,0x08A5,0x08A5,0x08A5,
0x08A5,0x08A5,0x08A5,0x08C6,0x08C6,0x08C6,0x08A6,0x08C6,0x08E7,0x1129,0x0908,0x08C7,0x08C7,0x08C6,0x08E7,0x08E7,
0x08E7,0x08E7,0x08E7,0x08C7,0x08C7,0x08A6,0x08C6,0x08C7,0x08E7,0x08C6,0x0085,0x0084,0x08A5,0x08C6,0x08A5,0x0885,
0x08A6,0x08C6,0x08C6,0x08A5,0x0084,0x0084,0x0085,0x0084,0x0084,0x0084,0x0084,0x0084,0x0084,0x08A5,0x08A6,0x08C6,
0x08A5,0x08A5,0x08A5,0x08A5,0x08A5,0x08A5,0x08A5,0x08A5,0x08A5,0x08A5,0x08A6,0x08A5,0x08C6,0x08C6,0x08A5,0x08A5,
0x08A5,0x08C6,0x08A6,0x0885,0x0084,0x0084,0x0084,0x0084,0x0084,0x0885,0x0885,0x08A5,0x08A5,0x0885,0x0084,0x0064,
0x0063,0x0063,0x0063,0x0063,0x0063,0x0084,0x0084,0x0084,0x0064,0x0063,0x0043,0x0063,0x0063,0x0042,0x0042,0x0042,
0x0042,0x0042,0x0063,0x0063,0x0043,0x0042,0x0022,0x0021,0x0022,0x0022,0x0042,0x0043,0x0063,0x0063,0x0064,0x0063,
0x0043,0x0043,0x0063,0x0063,0x0063,0x0043,0x0043,0x0042,0x0043,0x0043,0x0063,0x0064,0x0084,0x0084,0x0084,0x08A5,
0x08E7,0x08C6,0x08C6,0x0063,0x0042,0x0043,0x0063,0x0884,0x08C6,0x0084,0x0084,0x08A5,0x08A5,0x0884,0x0063,0x0063,
0x0063,0x0063,0x0084,0x0084,0x0084,0x0084,0x0084,0x0084,0x0084,0x0084,0x08A5,0x08A5,0x08A5,0x0885,0x0885,0x0084,
0x0884,0x08A5,0x0884,0x0884,0x0884,0x0884,0x0043,0x0043,0x0063,0x0084,0x0063,0x0063,0x0084,0x0085,0x0084,0x0084,
0x0084,0x0084,0x0084,0x0084,0x0084,0x0085,0x08A6,0x08C6,0x08A6,0x08A5,0x0084,0x0084,0x0063,0x0043,0x0042,0x0043,
0x0043,0x0043,0x0043,0x0063,0x0063,0x0064,0x0064,0x0063,0x0063,0x0043,0x0042,0x0043,0x0043,0x0043,0x0043,0x0043,
0x0063,0x0063,0x0063,0x0063,0x0064,0x0064,0x0084,0x0064,0x0063,0x0063,0x0063,0x0043,0x0043,0x0043,0x0042,0x0043,
0x0043,0x0042,0x0042,0x0042,0x0042,0x0042,0x0022,0x0022,0x0022,0x0022,0x0022,0x0022,0x0022,0x0022,0x0042,0x0042,
0x0042,0x0022,0x0022,0x0022,0x0022,0x0022,0x0022,0x0022,0x0022,0x0022,0x0022,0x0022,0x0022,0x0022,0x0022,0x0022,
0x0022,0x0022,0x0022,0x0022,0x0022,0x0022,0x0022,0x0022,0x0022,0x0022,0x0022,0x0022,0x0022,0x0022,0x0022,0x0022,
0x0022,0x0021,0x0021,0x0022,0x0021,0x0021,0x0021,0x0021,0x0021,0x0021,0x0021,0x0021,0x0021,0x0022,0x0022,0x0022,
0x0021,0x0021,0x0021,0x0021,0x0021,0x0021,0x0021,0x0021,0x0021,0x0021,0x0021,0x0021,0x0021,0x0021,0x0021,0x0021,
},
{0x0021,0x0021,0x0021,0x0021,0x0021,0x0021,0x0021,0x0021,0x0021,0x0021,0x0021,0x0021,0x0021,0x0021,0x0021,0x0021,
0x0021,0x0021,0x0021,0x0021,0x0021,0x0021,0x0021,0x0021,0x0021,0x0021,0x0021,0x0021,0x0021,0x0021,0x0021,0x0021,
0x0021,0x0021,0x0021,0x0021,0x0021,0x0021,0x0021,0x0021,0x0021,0x0021,0x0022,0x0021,0x0021,0x0022,0x0022,0x0022,
0x0021,0x0021,0x0021,0x0021,0x0021,0x0022,0x0022,0x0022,0x0022,0x0022,0x0022,0x0022,0x0021,0x0022,0x0022,0x0022,
0x0021,0x0021,0x0022,0x0022,0x0022,0x0022,0x0022,0x0022,0x0022,0x0022,0x0022,0x0022,0x0022,0x0022,0x0022,0x0042,
0x0042,0x0042,0x0043,0x0043,0x0043,0x0042,0x0063,0x0064,0x0064,0x0063,0x0063,0x0063,0x0063,0x0063,0x0063,0x0063,
0x0043,0x0043,0x0063,0x0063,0x0043,0x0043,0x0043,0x0043,0x0042,0x0042,0x0042,0x0043,0x0043,0x0063,0x0064,0x0064,
0x0064,0x0064,0x0064,0x0063,0x0063,0x0064,0x0064,0x0064,0x0084,0x0085,0x0085,0x00A5,0x08C6,0x00A6,0x0085,0x0085,
0x0085,0x0084,0x0085,0x08A5,0x08A5,0x08A6,0x08C6,0x08C6,0x08C6,0x08A6,0x08A5,0x08C6,0x08C6,0x08A6,0x08A6,0x08A5,
0x08C6,0x08C6,0x08A6,0x08A5,0x08A5,0x08C6,0x08C6,0x08C6,0x08C6,0x08A6,0x08C6,0x08C6,0x08C6,0x08A5,0x08A5,0x08A5,
0x0085,0x0085,0x00A5,0x08A5,0x0085,0x00A5,0x08A5,0x0085,0x0085,0x08A5,0x08A5,0x08C6,0x08C6,0x08A6,0x08A6,0x08C6,
0x08C6,0x08C6,0x08A6,0x08C6,0x08E7,0x0908,0x08E7,0x08A5,0x0884,0x0084,0x0884,0x0884,0x0084,0x0084,0x08C6,0x08C6,
0x08C6,0x08E7,0x08A5,0x08A5,0x08E6,0x08C6,0x08C6,0x08C6,0x08C6,0x08A6,0x08A5,0x08A5,0x08A5,0x08C6,0x08E7,0x08C6,
0x08C6,0x08C6,0x08E7,0x0908,0x0908,0x08E8,0x08C6,0x08C6,0x08E7,0x0908,0x08A6,0x08C6,0x08C6,0x08C6,0x08C6,0x08E7,
0x0908,0x08E8,0x114A,0x114A,0x0908,0x08A6,0x0085,0x0084,0x08A5,0x08A5,0x00A5,0x0085,0x08A5,0x08E8,0x08E7,0x08A5,
0x08A5,0x08A5,0x08C6,0x08A6,0x08A5,0x0085,0x0084,0x0084,0x0084,0x08A5,0x0085,0x0084,0x0084,0x0085,0x08A5,0x08A5,
0x0084,0x0085,0x08A5,0x0885,0x0084,0x0084,0x08A5,0x08A5,0x08A5,0x08A5,0x08A5,0x08A5,0x08E7,0x08C6,0x08C6,0x08C6,
0x08C6,0x08E6,0x08C6,0x08A5,0x0885,0x0084,0x0084,0x0885,0x08A5,0x08A5,0x08C6,0x08C6,0x08C6,0x08A5,0x0084,0x0084,
0x0084,0x0063,0x0063,0x0063,0x0064,0x0084,0x0084,0x08A5,0x0084,0x0064,0x0063,0x0063,0x0063,0x0063,0x0043,0x0043,
0x0063,0x0063,0x0042,0x0042,0x0042,0x0042,0x0022,0x0022,0x0022,0x0042,0x0042,0x0043,0x0043,0x0043,0x0063,0x0063,
0x0043,0x0042,0x0063,0x0063,0x0084,0x0084,0x0084,0x0042,0x0042,0x0042,0x0043,0x0063,0x0084,0x0063,0x0063,0x0084,
0x0885,0x08A5,0x0884,0x0063,0x0043,0x0063,0x0063,0x0063,0x08A5,0x08A5,0x08A5,0x08A5,0x08A5,0x0884,0x0884,0x0064,
0x0063,0x0063,0x0084,0x0884,0x0884,0x0084,0x0084,0x0884,0x0063,0x0063,0x0884,0x08A5,0x0884,0x0885,0x08A5,0x08A5,
0x08A5,0x08A5,0x0884,0x0885,0x0884,0x08A5,0x0064,0x0063,0x0063,0x0884,0x0884,0x0064,0x0084,0x08A5,0x0084,0x0084,
0x0084,0x0884,0x08A5,0x0885,0x0084,0x0085,0x08A5,0x08A5,0x08E7,0x08A5,0x08A5,0x08A5,0x0885,0x0063,0x0043,0x0043,
0x0063,0x0063,0x0063,0x0043,0x0063,0x0064,0x0064,0x0064,0x0063,0x0063,0x0043,0x0043,0x0043,0x0043,0x0043,0x0043,
0x0063,0x0063,0x0043,0x0043,0x0063,0x0043,0x0063,0x0064,0x0064,0x0063,0x0063,0x0063,0x0063,0x0063,0x0043,0x0043,
0x0043,0x0043,0x0043,0x0043,0x0043,0x0043,0x0042,0x0022,0x0022,0x0022,0x0022,0x0022,0x0022,0x0022,0x0022,0x0042,
0x0042,0x0022,0x0022,0x0022,0x0022,0x0022,0x0022,0x0022,0x0022,0x0022,0x0022,0x0022,0x0022,0x0022,0x0022,0x0022,
0x0022,0x0022,0x0022,0x0022,0x0022,0x0022,0x0022,0x0022,0x0022,0x0022,0x0022,0x0022,0x0022,0x0022,0x0022,0x0022,
0x0022,0x0021,0x0021,0x0021,0x0021,0x0021,0x0021,0x0021,0x0021,0x0021,0x0021,0x0021,0x0021,0x0021,0x0021,0x0021,
0x0021,0x0021,0x0021,0x0021,0x0021,0x0021,0x0021,0x0021,0x0021,0x0021,0x0021,0x0021,0x0021,0x0021,0x0021,0x0021,
},
{0x0021,0x0021,0x0021,0x0021,0x0021,0x0021,0x0021,0x0021,0x0021,0x0021,0x0021,0x0021,0x0021,0x0021,0x0021,0x0021,
0x0021,0x0021,0x0021,0x0021,0x0021,0x0021,0x0021,0x0021,0x0021,0x0021,0x0021,0x0021,0x0021,0x0021,0x0021,0x0021,
0x0021,0x0021,0x0021,0x0021,0x0021,0x0021,0x0021,0x0021,0x0022,0x0022,0x0022,0x0022,0x0021,0x0022,0x0021,0x0021,
0x0021,0x0021,0x0021,0x0021,0x0021,0x0021,0x0022,0x0022,0x0022,0x0022,0x0022,0x0022,0x0022,0x0022,0x0022,0x0022,
0x0022,0x0022,0x0022,0x0022,0x0022,0x0022,0x0022,0x0022,0x0022,0x0022,0x0022,0x0022,0x0022,0x0022,0x0042,0x0042,
0x0042,0x0042,0x0043,0x0043,0x0043,0x0043,0x0064,0x0063,0x0063,0x0063,0x0063,0x0063,0x0063,0x0063,0x0063,0x0063,
0x0063,0x0063,0x0063,0x0063,0x0043,0x0043,0x0043,0x0043,0x0042,0x0042,0x0042,0x0042,0x0043,0x0063,0x0063,0x0064,
0x0064,0x0043,0x0043,0x0063,0x0063,0x0063,0x0063,0x0064,0x0064,0x0085,0x0085,0x0085,0x08A6,0x08E8,0x08C6,0x00A5,
0x0084,0x0084,0x08A5,0x08C6,0x08E7,0x08E7,0x08E7,0x08E7,0x08C6,0x08C6,0x08C6,0x08C6,0x08C6,0x08C6,0x08C6,0x08A6,
0x08C6,0x08E7,0x08C6,0x08C6,0x08C6,0x08E7,0x08E7,0x08E7,0x08E7,0x08E7,0x08C7,0x08C7,0x08E7,0x08C7,0x08C6,0x08A6,
0x08A5,0x08A6,0x08A5,0x00A5,0x08A5,0x08A5,0x08C6,0x08A5,0x08A5,0x08C6,0x08C6,0x08C6,0x08C6,0x08C6,0x08C6,0x08C6,
0x08C6,0x08C6,0x08A6,0x08A5,0x08E7,0x1129,0x1108,0x08E7,0x08A5,0x08A5,0x08A5,0x0885,0x0884,0x0884,0x08C6,0x08E7,
0x08E7,0x0907,0x08E6,0x08A5,0x08A5,0x08C6,0x08E7,0x08E7,0x08E7,0x08E7,0x08C6,0x08A5,0x08A5,0x08A5,0x08C6,0x08E7,
0x08E7,0x08E7,0x0908,0x1149,0x114A,0x0908,0x0908,0x08E8,0x0908,0x0908,0x08E7,0x08E7,0x08C6,0x08E7,0x0908,0x0908,
0x0929,0x114A,0x114A,0x114A,0x0908,0x08A6,0x0084,0x0084,0x08A6,0x08A6,0x08A5,0x0085,0x08A5,0x0908,0x1128,0x08C6,
0x08E7,0x08C6,0x08A5,0x08A5,0x08A5,0x08A5,0x0084,0x0084,0x0084,0x08A5,0x08A6,0x08C6,0x08A5,0x0885,0x08A5,0x08A5,
0x0084,0x0063,0x0084,0x0064,0x0064,0x0063,0x0084,0x08C6,0x08A5,0x08A5,0x08A5,0x08A5,0x08C6,0x0908,0x0908,0x0908,
0x08E7,0x08C6,0x08C6,0x08C6,0x08A5,0x08A5,0x08A5,0x08A5,0x08A5,0x08A5,0x08A6,0x08A5,0x08A5,0x08C6,0x08A5,0x0084,
0x0084,0x0064,0x0064,0x0063,0x0084,0x0085,0x0084,0x0084,0x0885,0x0084,0x0063,0x0063,0x0063,0x0063,0x0063,0x0063,
0x0063,0x0043,0x0043,0x0042,0x0042,0x0042,0x0042,0x0042,0x0042,0x0042,0x0043,0x0084,0x0064,0x0063,0x0063,0x0063,
0x0043,0x0043,0x0063,0x0084,0x08A5,0x0084,0x0084,0x0042,0x0042,0x0042,0x0043,0x0063,0x0063,0x0064,0x0063,0x0084,
0x0084,0x0084,0x0884,0x0063,0x0043,0x0043,0x0063,0x0063,0x0884,0x0063,0x08A5,0x08C6,0x08A5,0x08C5,0x08A5,0x0084,
0x0063,0x0063,0x0063,0x0884,0x08A4,0x0884,0x0084,0x0064,0x0063,0x0084,0x0885,0x08A5,0x0884,0x0884,0x08A5,0x08A5,
0x08A5,0x08A4,0x08A4,0x0884,0x0063,0x0884,0x0884,0x0884,0x08A5,0x08C6,0x08C6,0x08C6,0x08A6,0x08A5,0x0084,0x0884,
0x08A5,0x08A5,0x08A5,0x08A6,0x0085,0x0885,0x0084,0x0084,0x08A5,0x08C6,0x08A5,0x0885,0x0084,0x0084,0x0063,0x0043,
0x0043,0x0063,0x0063,0x0063,0x0063,0x0063,0x0064,0x0064,0x0063,0x0063,0x0043,0x0043,0x0043,0x0063,0x0043,0x0043,
0x0043,0x0063,0x0063,0x0063,0x0064,0x0063,0x0063,0x0063,0x0063,0x0043,0x0063,0x0063,0x0063,0x0043,0x0063,0x0043,
0x0063,0x0043,0x0043,0x0063,0x0043,0x0043,0x0043,0x0042,0x0022,0x0022,0x0022,0x0022,0x0022,0x0022,0x0022,0x0022,
0x0022,0x0022,0x0022,0x0022,0x0022,0x0022,0x0022,0x0022,0x0022,0x0022,0x0022,0x0022,0x0022,0x0022,0x0022,0x0022,
0x0022,0x0022,0x0022,0x0022,0x0022,0x0022,0x0022,0x0022,0x0022,0x0042,0x0042,0x0022,0x0022,0x0022,0x0022,0x0022,
0x0022,0x0021,0x0021,0x0021,0x0021,0x0021,0x0021,0x0021,0x0021,0x0021,0x0021,0x0021,0x0021,0x0021,0x0021,0x0021,
0x0022,0x0022,0x0021,0x0021,0x0021,0x0021,0x0021,0x0021,0x0021,0x0021,0x0021,0x0021,0x0021,0x0021,0x0021,0x0021,
},
{0x0021,0x0021,0x0021,0x0021,0x0021,0x0021,0x0021,0x0021,0x0021,0x0021,0x0021,0x0021,0x0021,0x0021,0x0021,0x0021,
0x0021,0x0021,0x0021,0x0021,0x0021,0x0021,0x0021,0x0021,0x0021,0x0021,0x0021,0x0021,0x0021,0x0021,0x0021,0x0021,
0x0021,0x0021,0x0021,0x0021,0x0021,0x0021,0x0021,0x0021,0x0022,0x0022,0x0022,0x0022,0x0022,0x0021,0x0021,0x0021,
0x0021,0x0021,0x0021,0x0021,0x0021,0x0022,0x0022,0x0022,0x0022,0x0022,0x0022,0x0022,0x0022,0x0022,0x0022,0x0022,
0x0022,0x0022,0x0022,0x0022,0x0022,0x0022,0x0022,0x0022,0x0022,0x0022,0x0022,0x0022,0x0022,0x0022,0x0042,0x0042,
0x0042,0x0042,0x0043,0x0043,0x0043,0x0063,0x0064,0x0063,0x0063,0x0043,0x0043,0x0063,0x0063,0x0084,0x0064,0x0064,
0x0064,0x0064,0x0064,0x0063,0x0043,0x0063,0x0063,0x0043,0x0042,0x0043,0x0042,0x0043,0x0043,0x0043,0x0043,0x0063,
0x0043,0x0043,0x0043,0x0063,0x0063,0x0063,0x0084,0x0084,0x0084,0x00A5,0x08C6,0x08C6,0x08E7,0x0908,0x08C7,0x00A5,
0x00A5,0x0085,0x08C6,0x08C6,0x08C7,0x0908,0x1129,0x0929,0x08E7,0x08C6,0x08E7,0x08E7,0x08E7,0x08E7,0x08E7,0x08C6,
0x08C6,0x08E7,0x08E6,0x08C6,0x08C6,0x08E7,0x0908,0x0907,0x08E7,0x08E7,0x08E7,0x08E7,0x08E7,0x08E7,0x08E7,0x08E7,
0x08C6,0x08C7,0x08C6,0x08C6,0x08C6,0x08C6,0x08C6,0x08C6,0x08E7,0x08C6,0x08C6,0x08C6,0x08C6,0x08C6,0x08C6,0x08A5,
0x08A5,0x08C6,0x0907,0x0908,0x1129,0x118B,0x1149,0x08E7,0x08E7,0x08E7,0x08C6,0x08C6,0x08C6,0x08C6,0x08E7,0x0907,
0x08E7,0x1107,0x08E7,0x08E6,0x08E7,0x0907,0x0907,0x0908,0x0907,0x08E6,0x08E6,0x08C6,0x08C6,0x08C6,0x08C6,0x08E7,
0x08E7,0x08E7,0x1108,0x1129,0x1129,0x1128,0x1108,0x0908,0x1129,0x1108,0x0908,0x0908,0x08E7,0x0908,0x1129,0x116B,
0x11AD,0x11AD,0x11AD,0x118C,0x092A,0x0085,0x0084,0x0084,0x08C6,0x0908,0x08E7,0x08C6,0x08C7,0x1129,0x114A,0x1128,
0x0908,0x08E7,0x08A6,0x08A5,0x0885,0x0084,0x0084,0x0084,0x0084,0x0885,0x08A5,0x08C6,0x08C6,0x08A6,0x08C6,0x08A5,
0x0084,0x0064,0x0064,0x0084,0x0084,0x0084,0x08A5,0x08C6,0x08C6,0x08A5,0x08A5,0x08C6,0x08C6,0x1129,0x1129,0x08E7,
0x08E7,0x08C6,0x08C6,0x08C6,0x08C6,0x08C6,0x08C6,0x08C6,0x08C6,0x08E7,0x08E7,0x08C6,0x08A5,0x08C6,0x08C6,0x08A5,
0x0084,0x0084,0x0084,0x0064,0x0084,0x08A5,0x08A5,0x08A5,0x08A6,0x0885,0x0884,0x0884,0x0084,0x0063,0x0063,0x0063,
0x0063,0x0063,0x0063,0x0043,0x0042,0x0042,0x0042,0x0042,0x0042,0x0063,0x0063,0x0063,0x0063,0x0084,0x0084,0x0064,
0x0063,0x0064,0x0084,0x08A5,0x0084,0x0063,0x0043,0x0042,0x0042,0x0042,0x0043,0x0042,0x0043,0x0063,0x0043,0x0063,
0x0063,0x0084,0x0885,0x0084,0x0063,0x0043,0x0042,0x0042,0x0042,0x0063,0x0884,0x08C6,0x08E6,0x08A5,0x08A5,0x0084,
0x0063,0x0063,0x0063,0x0884,0x08A5,0x08A5,0x08A5,0x0084,0x0084,0x0084,0x0884,0x0884,0x0884,0x0884,0x0084,0x0885,
0x08A5,0x0884,0x08A5,0x08A5,0x0884,0x08A5,0x0884,0x0084,0x08A5,0x08E6,0x08C6,0x08C6,0x08A5,0x08A5,0x08A5,0x08A5,
0x0885,0x08A5,0x08A5,0x08E7,0x08E7,0x08C6,0x08A5,0x08A5,0x08A5,0x08C6,0x08A5,0x0884,0x0084,0x0084,0x08A5,0x0063,
0x0063,0x0063,0x0063,0x0063,0x0063,0x0064,0x0084,0x0084,0x0064,0x0063,0x0063,0x0043,0x0043,0x0043,0x0043,0x0063,
0x0063,0x0043,0x0043,0x0063,0x0064,0x0064,0x0063,0x0084,0x0063,0x0043,0x0043,0x0063,0x0043,0x0043,0x0043,0x0043,
0x0063,0x0063,0x0042,0x0064,0x0063,0x0043,0x0043,0x0043,0x0022,0x0022,0x0042,0x0022,0x0022,0x0022,0x0022,0x0022,
0x0022,0x0022,0x0042,0x0042,0x0042,0x0022,0x0022,0x0022,0x0022,0x0022,0x0022,0x0022,0x0022,0x0022,0x0022,0x0022,
0x0022,0x0022,0x0022,0x0022,0x0022,0x0022,0x0022,0x0022,0x0042,0x0042,0x0042,0x0022,0x0022,0x0022,0x0022,0x0022,
0x0022,0x0022,0x0021,0x0021,0x0021,0x0021,0x0021,0x0021,0x0021,0x0021,0x0021,0x0021,0x0021,0x0021,0x0021,0x0021,
0x0021,0x0021,0x0021,0x0021,0x0021,0x0021,0x0021,0x0021,0x0021,0x0021,0x0021,0x0021,0x0021,0x0021,0x0021,0x0021,
},
{0x0021,0x0021,0x0021,0x0021,0x0021,0x0021,0x0021,0x0021,0x0021,0x0021,0x0021,0x0021,0x0021,0x0021,0x0021,0x0021,
0x0021,0x0021,0x0021,0x0021,0x0021,0x0021,0x0021,0x0021,0x0021,0x0021,0x0021,0x0021,0x0021,0x0021,0x0021,0x0021,
0x0021,0x0021,0x0021,0x0022,0x0021,0x0021,0x0022,0x0022,0x0022,0x0022,0x0022,0x0022,0x0022,0x0022,0x0021,0x0021,
0x0022,0x0021,0x0021,0x0022,0x0022,0x0022,0x0022,0x0022,0x0022,0x0042,0x0042,0x0022,0x0022,0x0022,0x0022,0x0022,
0x0022,0x0022,0x0022,0x0022,0x0022,0x0022,0x0022,0x0022,0x0022,0x0022,0x0022,0x0022,0x0022,0x0042,0x0022,0x0042,
0x0042,0x0043,0x0043,0x0043,0x0063,0x0084,0x0064,0x0064,0x0064,0x0063,0x0063,0x0064,0x0064,0x0064,0x0064,0x0064,
0x0064,0x0064,0x0063,0x0064,0x0063,0x0063,0x0043,0x0043,0x0043,0x0043,0x0043,0x0043,0x0043,0x0043,0x0043,0x0043,
0x0043,0x0063,0x0063,0x0084,0x0084,0x0085,0x00A5,0x00A5,0x0085,0x08A5,0x08C6,0x08C6,0x08C7,0x08E8,0x08C6,0x08A5,
0x08A6,0x08C6,0x08E7,0x08E7,0x0908,0x0908,0x0908,0x0908,0x0908,0x0908,0x0908,0x0908,0x1128,0x0908,0x0908,0x0908,
0x08E7,0x08E7,0x0907,0x1128,0x0908,0x1108,0x1108,0x0908,0x0907,0x08E7,0x08E7,0x0908,0x0908,0x08E7,0x08E7,0x08E7,
0x08E7,0x08C6,0x08C6,0x08E7,0x08E7,0x08E7,0x08E7,0x08C6,0x08E7,0x08E7,0x08C6,0x08E7,0x08E7,0x08C6,0x08C6,0x08E7,
0x08E7,0x1108,0x1149,0x118C,0x19CD,0x198C,0x1129,0x1108,0x1128,0x1128,0x08E7,0x0908,0x0908,0x08E7,0x1108,0x08E7,
0x08E7,0x1128,0x1107,0x08E7,0x1128,0x1128,0x1129,0x1128,0x1128,0x1107,0x08E7,0x08E6,0x08C6,0x08C6,0x08E7,0x0907,
0x1128,0x1129,0x196B,0x114A,0x1129,0x1108,0x1128,0x1108,0x1108,0x1129,0x114A,0x118B,0x116A,0x08E7,0x08C6,0x0908,
0x116B,0x114A,0x0929,0x11CE,0x116B,0x08C6,0x08C6,0x08C7,0x0909,0x112A,0x116B,0x116B,0x118B,0x116B,0x1108,0x08E7,
0x08E7,0x08C6,0x08A5,0x0885,0x0884,0x08A5,0x0085,0x0885,0x0084,0x0884,0x0084,0x0885,0x08A5,0x08A5,0x0084,0x0084,
0x0084,0x08A5,0x0084,0x0885,0x0884,0x0084,0x08A6,0x08C6,0x08A5,0x08A5,0x08C6,0x08C6,0x08C6,0x08E7,0x1108,0x0908,
0x08E7,0x08E7,0x08E6,0x0908,0x08E7,0x1108,0x08E7,0x08E7,0x08E7,0x08E7,0x0907,0x1149,0x1128,0x08E7,0x08E7,0x08E7,
0x08A5,0x0885,0x0084,0x0084,0x0084,0x0884,0x08A5,0x08A6,0x08A5,0x08C6,0x08A5,0x08A5,0x08A5,0x0084,0x0084,0x0084,
0x0063,0x0063,0x0063,0x0063,0x0063,0x0063,0x0043,0x0043,0x0043,0x0043,0x0043,0x0043,0x0063,0x0064,0x0084,0x0085,
0x0084,0x0084,0x08A5,0x0085,0x0064,0x0063,0x0043,0x0042,0x0042,0x0042,0x0043,0x0043,0x0043,0x0043,0x0043,0x0063,
0x0063,0x0064,0x0885,0x08A5,0x0064,0x0043,0x0043,0x0042,0x0042,0x0063,0x08C6,0x08C6,0x08A5,0x08A5,0x0884,0x0084,
0x0084,0x0084,0x0084,0x0885,0x08A5,0x08A5,0x08A5,0x0884,0x0884,0x0884,0x0884,0x0884,0x08A5,0x08A5,0x08A5,0x08A5,
0x08A5,0x08A5,0x08A5,0x0884,0x0884,0x08A5,0x08A5,0x0885,0x0084,0x08A5,0x08C6,0x08C6,0x0084,0x0884,0x08C6,0x08E6,
0x08C6,0x08A5,0x08A5,0x08E7,0x0908,0x1108,0x1108,0x08E7,0x08E6,0x08C6,0x08C6,0x08C6,0x08A5,0x08A5,0x08A5,0x0084,
0x0063,0x0063,0x0063,0x0063,0x0064,0x0084,0x0064,0x0084,0x0084,0x0084,0x0064,0x0063,0x0063,0x0063,0x0063,0x0063,
0x0063,0x0043,0x0042,0x0043,0x0064,0x0064,0x0084,0x08A5,0x0063,0x0043,0x0043,0x0043,0x0043,0x0043,0x0043,0x0043,
0x0063,0x0043,0x0043,0x0063,0x0064,0x0064,0x0063,0x0043,0x0042,0x0022,0x0042,0x0042,0x0022,0x0022,0x0022,0x0022,
0x0022,0x0042,0x0022,0x0042,0x0042,0x0042,0x0022,0x0022,0x0022,0x0022,0x0042,0x0042,0x0022,0x0022,0x0022,0x0022,
0x0022,0x0022,0x0022,0x0022,0x0022,0x0042,0x0042,0x0022,0x0022,0x0022,0x0042,0x0022,0x0022,0x0022,0x0022,0x0022,
0x0022,0x0022,0x0022,0x0021,0x0021,0x0021,0x0021,0x0021,0x0022,0x0021,0x0021,0x0021,0x0021,0x0021,0x0021,0x0021,
0x0022,0x0022,0x0021,0x0021,0x0021,0x0021,0x0021,0x0021,0x0021,0x0021,0x0021,0x0021,0x0021,0x0021,0x0021,0x0021,
},
{0x0021,0x0021,0x0021,0x0021,0x0021,0x0021,0x0021,0x0021,0x0021,0x0021,0x0021,0x0021,0x0021,0x0021,0x0021,0x0021,
0x0021,0x0021,0x0021,0x0021,0x0022,0x0021,0x0021,0x0021,0x0022,0x0022,0x0021,0x0021,0x0021,0x0021,0x0021,0x0021,
0x0022,0x0022,0x0022,0x0022,0x0021,0x0021,0x0022,0x0022,0x0022,0x0042,0x0022,0x0022,0x0022,0x0022,0x0022,0x0022,
0x0022,0x0022,0x0022,0x0022,0x0022,0x0022,0x0022,0x0043,0x0043,0x0042,0x0042,0x0042,0x0022,0x0022,0x0022,0x0022,
0x0022,0x0022,0x0022,0x0022,0x0022,0x0022,0x0022,0x0022,0x0022,0x0022,0x0022,0x0022,0x0022,0x0042,0x0022,0x0042,
0x0043,0x0063,0x0063,0x0063,0x0063,0x0064,0x0064,0x0064,0x0064,0x0084,0x0084,0x0085,0x0084,0x0064,0x0064,0x0064,
0x0064,0x0063,0x0063,0x0064,0x0064,0x0063,0x0063,0x0043,0x0063,0x0063,0x0063,0x0063,0x0063,0x0063,0x0063,0x0063,
0x0063,0x0063,0x0064,0x0085,0x0085,0x00A5,0x00A5,0x0085,0x0084,0x0084,0x0084,0x08A6,0x08C6,0x08C6,0x08A5,0x08A5,
0x08A6,0x08C6,0x08E7,0x1129,0x1129,0x0908,0x08E7,0x08E7,0x1129,0x1129,0x1149,0x1129,0x0908,0x0908,0x08E7,0x08E7,
0x0907,0x08E7,0x1108,0x1129,0x1149,0x1128,0x1129,0x116A,0x1128,0x08E7,0x08E7,0x08E7,0x0908,0x0908,0x0907,0x08E7,
0x08E7,0x08E7,0x08E7,0x08E7,0x08E7,0x1129,0x1129,0x08E7,0x08E7,0x08C6,0x08C6,0x08E7,0x1128,0x1129,0x1149,0x116B,
0x198B,0x198B,0x1149,0x08C6,0x1107,0x1128,0x116B,0x2A70,0x222F,0x19AC,0x116A,0x1108,0x08E7,0x08A5,0x08A5,0x0884,
0x08C6,0x08C6,0x08C6,0x1128,0x1128,0x1108,0x1149,0x116A,0x1149,0x1149,0x1128,0x1108,0x1128,0x1107,0x10E7,0x1129,
0x1128,0x1149,0x116A,0x116A,0x114A,0x1128,0x08E7,0x08E7,0x1108,0x1129,0x118C,0x19EE,0x2250,0x19EE,0x118B,0x0084,
0x0063,0x0063,0x0064,0x08C6,0x08E7,0x08E7,0x0908,0x116B,0x19EE,0x1A0F,0x19AC,0x116B,0x11AC,0x1129,0x08E7,0x08A5,
0x0885,0x08A5,0x08A6,0x08C6,0x08C6,0x08E7,0x08E6,0x08A5,0x08A5,0x0884,0x0084,0x0084,0x0885,0x08C6,0x08A5,0x0084,
0x0084,0x08A5,0x08A5,0x0084,0x0884,0x0885,0x0084,0x0084,0x0084,0x0885,0x08A6,0x08C6,0x08C6,0x08A5,0x08E7,0x1129,
0x1149,0x114A,0x118B,0x118C,0x1149,0x1129,0x1129,0x1108,0x08E7,0x08E7,0x08E7,0x1128,0x1149,0x1108,0x0907,0x0907,
0x08C6,0x08C6,0x08A5,0x08A5,0x08A5,0x08A5,0x08A5,0x08A5,0x08A5,0x08C6,0x08C6,0x08C6,0x08A5,0x08A5,0x08A5,0x0884,
0x0084,0x0084,0x0063,0x0063,0x0063,0x0064,0x0063,0x0063,0x0063,0x0063,0x0043,0x0043,0x0063,0x0064,0x0084,0x0085,
0x08A5,0x0085,0x08A5,0x0084,0x0063,0x0063,0x0063,0x0063,0x0063,0x0063,0x0063,0x0063,0x0064,0x0064,0x0063,0x0063,
0x0063,0x0063,0x0063,0x0063,0x0063,0x0043,0x0043,0x0043,0x0084,0x08A5,0x08A5,0x08A5,0x0884,0x08A4,0x0084,0x0064,
0x0884,0x08A5,0x0885,0x08A5,0x08A5,0x0884,0x0084,0x0884,0x0084,0x0084,0x0084,0x0084,0x08A5,0x08A5,0x08E7,0x0907,
0x1128,0x08E7,0x08C6,0x08A5,0x08A5,0x08C6,0x08E7,0x0908,0x0885,0x0084,0x0084,0x08A5,0x08C6,0x08A5,0x08A5,0x08A6,
0x0907,0x08A5,0x0884,0x08A5,0x1108,0x1128,0x1108,0x08E6,0x08E7,0x08E6,0x08C6,0x08E7,0x08C6,0x08A5,0x0884,0x0084,
0x0063,0x0063,0x0063,0x0063,0x0064,0x0085,0x0084,0x0084,0x0084,0x0085,0x0084,0x0064,0x0064,0x0063,0x0063,0x0063,
0x0063,0x0063,0x0043,0x0043,0x0063,0x0064,0x0085,0x0084,0x0063,0x0043,0x0042,0x0042,0x0043,0x0043,0x0043,0x0043,
0x0043,0x0043,0x0043,0x0063,0x0063,0x0063,0x0064,0x0063,0x0042,0x0022,0x0042,0x0043,0x0042,0x0042,0x0022,0x0022,
0x0022,0x0022,0x0022,0x0022,0x0022,0x0022,0x0022,0x0022,0x0022,0x0022,0x0042,0x0042,0x0042,0x0042,0x0022,0x0022,
0x0022,0x0022,0x0022,0x0022,0x0022,0x0042,0x0042,0x0042,0x0022,0x0022,0x0022,0x0022,0x0022,0x0022,0x0022,0x0022,
0x0022,0x0022,0x0022,0x0022,0x0021,0x0021,0x0021,0x0022,0x0022,0x0022,0x0021,0x0021,0x0021,0x0021,0x0021,0x0021,
0x0021,0x0022,0x0021,0x0021,0x0021,0x0021,0x0021,0x0021,0x0021,0x0021,0x0021,0x0021,0x0021,0x0021,0x0021,0x0021,
},
{0x0021,0x0021,0x0021,0x0021,0x0021,0x0021,0x0021,0x0021,0x0021,0x0021,0x0021,0x0021,0x0021,0x0021,0x0021,0x0021,
0x0021,0x0021,0x0021,0x0021,0x0021,0x0021,0x0021,0x0021,0x0022,0x0022,0x0022,0x0022,0x0021,0x0022,0x0022,0x0022,
0x0022,0x0022,0x0022,0x0022,0x0022,0x0021,0x0022,0x0022,0x0022,0x0042,0x0042,0x0022,0x0022,0x0022,0x0022,0x0022,
0x0022,0x0022,0x0022,0x0022,0x0022,0x0022,0x0042,0x0043,0x0043,0x0042,0x0042,0x0042,0x0022,0x0022,0x0022,0x0022,
0x0022,0x0022,0x0022,0x0022,0x0022,0x0022,0x0022,0x0022,0x0022,0x0022,0x0022,0x0022,0x0022,0x0022,0x0022,0x0042,
0x0043,0x0043,0x0043,0x0043,0x0043,0x0043,0x0063,0x0063,0x0064,0x0084,0x0085,0x00A6,0x00A5,0x0064,0x0063,0x0063,
0x0084,0x0084,0x0064,0x0084,0x0084,0x0064,0x0063,0x0063,0x0064,0x0084,0x0085,0x0084,0x0063,0x0063,0x0084,0x0085,
0x0084,0x0084,0x0084,0x0084,0x0085,0x0085,0x0085,0x0085,0x0085,0x00A5,0x08A6,0x08C6,0x08E7,0x08C7,0x08A6,0x08A6,
0x08C6,0x08E7,0x0908,0x1108,0x0908,0x1128,0x0908,0x08E7,0x0908,0x114A,0x198C,0x116B,0x116A,0x1129,0x1108,0x1108,
0x1108,0x1128,0x1108,0x1108,0x1128,0x1128,0x1149,0x1107,0x08C6,0x08E6,0x1108,0x1108,0x0908,0x0908,0x08E7,0x08E7,
0x08E7,0x08E7,0x08E7,0x0907,0x0908,0x1108,0x0907,0x1108,0x08E7,0x08A5,0x08C6,0x08E7,0x1128,0x1149,0x116B,0x19AC,
0x19AC,0x1149,0x08A5,0x0083,0x0063,0x0884,0x08A5,0x1169,0x21CC,0x19ED,0x114A,0x08E6,0x08A5,0x08A5,0x0884,0x0884,
0x0884,0x0884,0x08A4,0x08C5,0x08E6,0x1128,0x1149,0x116A,0x116B,0x1149,0x116A,0x1149,0x1149,0x114A,0x1149,0x1149,
0x1128,0x1107,0x1129,0x114A,0x1128,0x08E7,0x08A5,0x08A5,0x08C6,0x0908,0x114A,0x19AD,0x222F,0x2A71,0x19EE,0x08E8,
0x0084,0x0084,0x0084,0x0063,0x0063,0x08A5,0x08E7,0x094A,0x19ED,0x19CD,0x1149,0x116B,0x19ED,0x19EE,0x198C,0x1129,
0x08C6,0x08A5,0x0885,0x08A6,0x08C6,0x0908,0x1108,0x08E6,0x08C6,0x08C6,0x08A5,0x0884,0x0884,0x08C6,0x08C6,0x08C6,
0x08A5,0x0884,0x08A5,0x0884,0x08A5,0x08A5,0x0084,0x0084,0x0063,0x0063,0x0063,0x08A5,0x0908,0x1128,0x1149,0x116A,
0x198B,0x116A,0x116B,0x118B,0x116A,0x1128,0x1128,0x114A,0x1128,0x1128,0x1129,0x1108,0x1128,0x1129,0x1128,0x1108,
0x0907,0x08E7,0x08C6,0x08C6,0x08C6,0x08E6,0x08E7,0x0908,0x08C6,0x08A5,0x08C6,0x08C6,0x08C6,0x08C6,0x08A5,0x0084,
0x0884,0x0884,0x0084,0x0063,0x0063,0x0884,0x08A5,0x08A5,0x0084,0x0063,0x0063,0x0063,0x0063,0x0063,0x0063,0x0084,
0x08A5,0x0885,0x0884,0x08A5,0x0084,0x0063,0x0063,0x0063,0x0063,0x0084,0x0085,0x0084,0x0084,0x00A5,0x0084,0x0084,
0x0084,0x0064,0x0063,0x0063,0x0063,0x0063,0x0042,0x0043,0x0063,0x0084,0x08A5,0x0884,0x0884,0x0084,0x0063,0x0063,
0x0084,0x0084,0x0084,0x08A5,0x08A5,0x08A5,0x0884,0x0084,0x0063,0x0063,0x0063,0x0084,0x0084,0x0084,0x08A5,0x08A5,
0x08C6,0x08C6,0x08C6,0x08E7,0x08E6,0x08C6,0x08C6,0x08A5,0x0885,0x08A5,0x08A5,0x08A5,0x08C6,0x08C6,0x08C6,0x08C6,
0x08C6,0x0063,0x0063,0x0884,0x08E7,0x08C6,0x08C6,0x1108,0x08E6,0x08E7,0x08E7,0x08E7,0x08C6,0x08A5,0x0885,0x0884,
0x0884,0x0884,0x0084,0x0063,0x0064,0x0085,0x08A5,0x0085,0x0084,0x0085,0x0084,0x0084,0x0084,0x0084,0x0084,0x0064,
0x0063,0x0063,0x0063,0x0043,0x0063,0x0064,0x0084,0x0085,0x0063,0x0043,0x0043,0x0042,0x0042,0x0043,0x0043,0x0043,
0x0043,0x0043,0x0043,0x0063,0x0063,0x0042,0x0043,0x0063,0x0043,0x0043,0x0043,0x0063,0x0063,0x0042,0x0042,0x0042,
0x0042,0x0022,0x0022,0x0022,0x0022,0x0022,0x0022,0x0022,0x0022,0x0042,0x0042,0x0042,0x0042,0x0042,0x0022,0x0022,
0x0022,0x0022,0x0022,0x0022,0x0022,0x0042,0x0042,0x0042,0x0042,0x0022,0x0022,0x0022,0x0022,0x0022,0x0022,0x0022,
0x0022,0x0022,0x0022,0x0022,0x0022,0x0022,0x0022,0x0022,0x0022,0x0022,0x0022,0x0021,0x0021,0x0021,0x0021,0x0021,
0x0021,0x0022,0x0021,0x0021,0x0021,0x0021,0x0021,0x0021,0x0021,0x0021,0x0021,0x0021,0x0021,0x0021,0x0021,0x0021,
},
{0x0021,0x0021,0x0021,0x0021,0x0021,0x0021,0x0021,0x0021,0x0021,0x0021,0x0021,0x0021,0x0021,0x0021,0x0022,0x0022,
0x0021,0x0021,0x0021,0x0021,0x0021,0x0021,0x0022,0x0022,0x0022,0x0022,0x0022,0x0042,0x0022,0x0022,0x0022,0x0022,
0x0022,0x0022,0x0022,0x0022,0x0022,0x0022,0x0022,0x0022,0x0022,0x0042,0x0043,0x0042,0x0022,0x0042,0x0042,0x0022,
0x0022,0x0022,0x0022,0x0022,0x0022,0x0043,0x0043,0x0043,0x0042,0x0042,0x0042,0x0042,0x0042,0x0022,0x0022,0x0022,
0x0022,0x0022,0x0042,0x0042,0x0022,0x0022,0x0022,0x0042,0x0022,0x0022,0x0042,0x0022,0x0022,0x0022,0x0022,0x0042,
0x0042,0x0043,0x0043,0x0042,0x0043,0x0063,0x0064,0x0063,0x0064,0x0084,0x0085,0x08A6,0x00A5,0x0064,0x0064,0x0063,
0x0064,0x0084,0x0085,0x0085,0x0064,0x0064,0x0064,0x0063,0x0064,0x0085,0x00A5,0x0084,0x0064,0x0063,0x0063,0x0084,
0x0084,0x0084,0x0085,0x0085,0x00A5,0x0085,0x0084,0x0084,0x08A5,0x08A5,0x08C6,0x08E7,0x08E7,0x08C6,0x08A5,0x08C6,
0x08E7,0x0908,0x0908,0x1108,0x1128,0x1149,0x114A,0x1129,0x1129,0x1129,0x116A,0x118B,0x116B,0x1129,0x1108,0x1128,
0x1128,0x1129,0x1108,0x08E7,0x08E6,0x08E7,0x08E6,0x08A5,0x0084,0x08A5,0x1148,0x116A,0x1108,0x08E7,0x08C6,0x1108,
0x1128,0x1108,0x1108,0x0907,0x08E7,0x08C6,0x08A5,0x08C6,0x08C6,0x08C6,0x08E7,0x1129,0x114A,0x0908,0x0907,0x08C6,
0x08A5,0x08A5,0x0884,0x0884,0x0083,0x08A4,0x0884,0x0063,0x0884,0x08C5,0x08C6,0x08A5,0x08A5,0x0884,0x0083,0x0884,
0x08A4,0x08A4,0x08A5,0x08A5,0x08C6,0x1107,0x1108,0x1149,0x1128,0x1128,0x10E7,0x1107,0x1128,0x1128,0x1149,0x19AC,
0x19CC,0x116A,0x1149,0x1149,0x0907,0x08C6,0x08E6,0x08C5,0x08A5,0x08C6,0x0908,0x116B,0x19AD,0x19AC,0x19AC,0x114A,
0x08C6,0x0084,0x0084,0x0084,0x0884,0x08A5,0x08A5,0x0884,0x08A5,0x08A5,0x08E7,0x114A,0x114A,0x118B,0x198C,0x19AC,
0x114A,0x08C6,0x08C5,0x08A5,0x08A5,0x08C6,0x1108,0x0907,0x1128,0x1128,0x1108,0x08C6,0x08A5,0x08C6,0x08C6,0x08C6,
0x08A5,0x0084,0x0884,0x08C6,0x08E7,0x08C6,0x08A5,0x08A5,0x0084,0x0042,0x0042,0x0063,0x0885,0x1128,0x19AC,0x19CC,
0x116B,0x1128,0x08E7,0x08C6,0x08E6,0x08A5,0x08E6,0x1149,0x196A,0x116A,0x116A,0x1149,0x1149,0x1149,0x1128,0x1108,
0x1128,0x1108,0x1108,0x08E7,0x08E7,0x1108,0x1149,0x1108,0x08E7,0x08C6,0x08C6,0x08E6,0x08E7,0x08C6,0x08C6,0x08A5,
0x08A5,0x08A5,0x0884,0x0884,0x0084,0x08A5,0x08A5,0x08A5,0x0084,0x0064,0x0063,0x0063,0x0084,0x0084,0x0064,0x0084,
0x0064,0x0084,0x08A5,0x08A5,0x08A5,0x0884,0x0063,0x0063,0x0063,0x0084,0x00A5,0x0084,0x0063,0x0084,0x0084,0x0084,
0x0063,0x0084,0x0084,0x0043,0x0042,0x0063,0x0063,0x0063,0x0063,0x0063,0x0063,0x0043,0x0884,0x08E7,0x08A5,0x0063,
0x0063,0x0063,0x0084,0x08A5,0x08A5,0x08C5,0x08C6,0x0084,0x0063,0x0063,0x0084,0x0084,0x0064,0x0084,0x0884,0x0084,
0x0084,0x0063,0x0084,0x08E6,0x1128,0x08E7,0x08E7,0x0084,0x0063,0x0884,0x08C6,0x1107,0x1108,0x1128,0x0908,0x08E7,
0x0064,0x0043,0x0042,0x0042,0x0043,0x0043,0x0884,0x1129,0x08C6,0x08E7,0x1128,0x08E7,0x08C6,0x08A5,0x08A5,0x0884,
0x0885,0x0885,0x08A5,0x0884,0x0084,0x0084,0x08A5,0x08C6,0x08A5,0x08A5,0x0084,0x0085,0x0084,0x0085,0x0084,0x0084,
0x0084,0x0084,0x0064,0x0063,0x0063,0x0064,0x0064,0x0084,0x0085,0x0064,0x0043,0x0042,0x0042,0x0042,0x0043,0x0043,
0x0043,0x0043,0x0043,0x0043,0x0043,0x0043,0x0043,0x0064,0x0063,0x0063,0x0043,0x0063,0x0063,0x0043,0x0042,0x0042,
0x0022,0x0022,0x0022,0x0022,0x0042,0x0042,0x0022,0x0022,0x0042,0x0042,0x0043,0x0042,0x0042,0x0022,0x0022,0x0022,
0x0022,0x0022,0x0022,0x0022,0x0022,0x0042,0x0042,0x0042,0x0042,0x0022,0x0022,0x0022,0x0022,0x0022,0x0022,0x0022,
0x0022,0x0022,0x0022,0x0022,0x0022,0x0022,0x0022,0x0022,0x0022,0x0022,0x0022,0x0022,0x0022,0x0021,0x0021,0x0021,
0x0021,0x0022,0x0021,0x0021,0x0021,0x0021,0x0021,0x0021,0x0021,0x0021,0x0021,0x0021,0x0021,0x0021,0x0021,0x0021,
},
{0x0021,0x0021,0x0021,0x0021,0x0021,0x0021,0x0021,0x0021,0x0021,0x0021,0x0021,0x0021,0x0021,0x0021,0x0022,0x0022,
0x0022,0x0022,0x0021,0x0021,0x0022,0x0022,0x0022,0x0022,0x0042,0x0022,0x0042,0x0043,0x0042,0x0022,0x0022,0x0022,
0x0022,0x0022,0x0022,0x0022,0x0022,0x0022,0x0022,0x0022,0x0042,0x0043,0x0043,0x0042,0x0042,0x0042,0x0042,0x0022,
0x0022,0x0042,0x0022,0x0022,0x0042,0x0043,0x0063,0x0064,0x0063,0x0043,0x0043,0x0043,0x0022,0x0042,0x0042,0x0042,
0x0042,0x0042,0x0043,0x0063,0x0043,0x0042,0x0042,0x0022,0x0022,0x0022,0x0022,0x0042,0x0042,0x0042,0x0042,0x0022,
0x0042,0x0043,0x0042,0x0043,0x0063,0x0064,0x0084,0x0084,0x00A5,0x00A5,0x0085,0x0085,0x0084,0x0085,0x0084,0x0084,
0x0084,0x0084,0x0085,0x0084,0x0064,0x0084,0x0085,0x0064,0x0064,0x0084,0x0084,0x0084,0x0064,0x0063,0x0063,0x0064,
0x0084,0x0084,0x0085,0x0085,0x0085,0x0885,0x08A5,0x08A5,0x08A5,0x08C6,0x08C6,0x08E7,0x08E7,0x08C6,0x08A5,0x08E7,
0x0929,0x114A,0x1129,0x08E7,0x08E7,0x08E7,0x1129,0x116B,0x19AC,0x19AC,0x118B,0x114A,0x1108,0x08E7,0x0907,0x08E7,
0x0907,0x1108,0x1128,0x1149,0x1149,0x0907,0x08C6,0x08A5,0x08C6,0x1108,0x1107,0x08C6,0x08A5,0x08A5,0x08A5,0x08A5,
0x08A5,0x08C6,0x08C6,0x0084,0x0063,0x0064,0x0084,0x0084,0x08A5,0x08A5,0x08C6,0x08C6,0x08A5,0x08A5,0x08A5,0x0884,
0x0884,0x0884,0x0884,0x08A5,0x08A5,0x08C5,0x08E6,0x08E6,0x08E6,0x08E6,0x08C6,0x08C6,0x08E6,0x08C6,0x08C6,0x08E6,
0x08A5,0x08A5,0x08C6,0x08E6,0x08E6,0x08C6,0x08E6,0x08C6,0x08A4,0x08A5,0x08A4,0x0884,0x08C6,0x10E7,0x08C6,0x1107,
0x1107,0x1129,0x1129,0x198B,0x114A,0x116A,0x198B,0x1149,0x116A,0x116A,0x116B,0x19AC,0x19AC,0x19CC,0x19AC,0x1129,
0x08A5,0x08C6,0x08C6,0x08A5,0x08C5,0x08C6,0x08A5,0x08A5,0x08A5,0x08C6,0x08C6,0x08A5,0x08A5,0x0884,0x08A6,0x1108,
0x116B,0x1128,0x08A5,0x0884,0x0063,0x0063,0x08E7,0x1149,0x1129,0x1149,0x1149,0x08C6,0x08C6,0x08E7,0x08E7,0x08C6,
0x0084,0x08A5,0x08A5,0x08C6,0x08E7,0x08C6,0x08C6,0x08A5,0x0884,0x0063,0x0083,0x0884,0x0885,0x08C6,0x1129,0x1129,
0x114A,0x1108,0x08C6,0x08C6,0x08E7,0x1108,0x1107,0x1107,0x1107,0x1128,0x1149,0x1149,0x1149,0x1107,0x1129,0x1128,
0x1128,0x196A,0x116A,0x114A,0x1149,0x0908,0x08C6,0x08C6,0x08E6,0x1107,0x08E6,0x08E7,0x08C6,0x08A5,0x08A5,0x08A5,
0x08A5,0x08C6,0x08C6,0x08A5,0x08A5,0x08A5,0x08A5,0x08A5,0x08A5,0x08A5,0x08A5,0x08A5,0x08A5,0x08A5,0x08A5,0x0085,
0x0084,0x0084,0x08A5,0x08C6,0x08A5,0x08A5,0x0885,0x0084,0x0084,0x0063,0x0064,0x0084,0x0084,0x0064,0x0063,0x0063,
0x0063,0x0063,0x0064,0x0043,0x0043,0x0063,0x0063,0x0063,0x0064,0x0064,0x0064,0x0064,0x0064,0x0884,0x08C6,0x0084,
0x0084,0x0084,0x0884,0x08A5,0x08A5,0x08A5,0x08C6,0x0884,0x0063,0x0084,0x08C6,0x08A5,0x08A5,0x0884,0x0084,0x0084,
0x0084,0x0084,0x0084,0x08A5,0x08C6,0x08A5,0x08A6,0x08C6,0x0063,0x0042,0x0064,0x08C6,0x08E7,0x1108,0x0907,0x1108,
0x08E7,0x0084,0x0042,0x0042,0x0042,0x0042,0x0063,0x08C6,0x1108,0x1108,0x1108,0x1128,0x08C6,0x08C6,0x08A5,0x08A5,
0x0084,0x08A5,0x08C6,0x08A5,0x0884,0x08A5,0x08A5,0x08A5,0x08A6,0x08A5,0x08A5,0x08A5,0x08A5,0x08A5,0x08A5,0x0084,
0x0084,0x0084,0x0084,0x0064,0x0064,0x0064,0x0063,0x0064,0x00A5,0x0085,0x0063,0x0043,0x0042,0x0042,0x0043,0x0043,
0x0043,0x0042,0x0042,0x0043,0x0043,0x0042,0x0042,0x0063,0x0064,0x0063,0x0043,0x0043,0x0063,0x0043,0x0042,0x0022,
0x0022,0x0022,0x0022,0x0022,0x0022,0x0042,0x0042,0x0022,0x0042,0x0042,0x0042,0x0042,0x0042,0x0042,0x0022,0x0022,
0x0022,0x0022,0x0022,0x0022,0x0022,0x0022,0x0042,0x0043,0x0043,0x0042,0x0022,0x0022,0x0022,0x0022,0x0022,0x0022,
0x0022,0x0022,0x0022,0x0022,0x0022,0x0022,0x0022,0x0022,0x0022,0x0022,0x0022,0x0022,0x0022,0x0021,0x0022,0x0021,
0x0022,0x0021,0x0021,0x0021,0x0021,0x0021,0x0021,0x0021,0x0021,0x0021,0x0021,0x0021,0x0021,0x0021,0x0021,0x0021,
},
{0x0021,0x0021,0x0021,0x0021,0x0021,0x0021,0x0021,0x0021,0x0021,0x0021,0x0021,0x0021,0x0021,0x0021,0x0021,0x0021,
0x0022,0x0022,0x0021,0x0021,0x0022,0x0022,0x0022,0x0022,0x0042,0x0022,0x0022,0x0043,0x0042,0x0022,0x0022,0x0022,
0x0022,0x0022,0x0022,0x0022,0x0022,0x0022,0x0022,0x0042,0x0042,0x0043,0x0042,0x0022,0x0042,0x0042,0x0022,0x0022,
0x0022,0x0022,0x0042,0x0042,0x0042,0x0042,0x0042,0x0042,0x0043,0x0043,0x0063,0x0043,0x0022,0x0042,0x0042,0x0043,
0x0043,0x0043,0x0063,0x0064,0x0063,0x0043,0x0042,0x0042,0x0042,0x0042,0x0042,0x0042,0x0042,0x0043,0x0043,0x0043,
0x0042,0x0043,0x0043,0x0043,0x0084,0x0085,0x0085,0x00A6,0x00A6,0x0085,0x0084,0x0084,0x0084,0x0084,0x0085,0x0084,
0x0084,0x0084,0x0084,0x0084,0x0084,0x0084,0x0084,0x0084,0x0064,0x0064,0x0064,0x0084,0x0063,0x0063,0x0063,0x0064,
0x0084,0x0084,0x0085,0x0085,0x0085,0x08A5,0x08A5,0x08A5,0x08A5,0x08C6,0x0908,0x0908,0x0908,0x08E7,0x08E7,0x0908,
0x0908,0x1129,0x1129,0x0908,0x1128,0x198B,0x116A,0x1149,0x116A,0x198B,0x116A,0x198B,0x19AB,0x1149,0x1149,0x1149,
0x114A,0x1129,0x116A,0x198B,0x116A,0x1107,0x08A5,0x08A5,0x08C6,0x08A5,0x0084,0x0063,0x0063,0x0084,0x08C6,0x08A5,
0x0084,0x0063,0x0063,0x0084,0x0084,0x0084,0x0063,0x0063,0x0084,0x0884,0x08A4,0x0063,0x0063,0x0063,0x0884,0x0884,
0x08A5,0x08A5,0x08C6,0x08A5,0x08C6,0x08E7,0x10E7,0x08E7,0x08C6,0x08A5,0x08A5,0x08E6,0x1107,0x1128,0x1149,0x1149,
0x08E7,0x08C6,0x1108,0x1128,0x1148,0x1107,0x08C5,0x08A5,0x08A4,0x0884,0x08A5,0x08A5,0x08E6,0x10E7,0x08C6,0x08C5,
0x08C6,0x10E7,0x1108,0x198B,0x198B,0x114A,0x08C6,0x08C6,0x08C6,0x08C6,0x08E6,0x08A5,0x08E7,0x1107,0x08E6,0x08A5,
0x08E7,0x1128,0x1108,0x1107,0x08E6,0x08E6,0x08E6,0x08E6,0x08E7,0x08E7,0x1108,0x1107,0x08C6,0x08A5,0x08A5,0x08E7,
0x198A,0x1128,0x08E7,0x08E7,0x08E7,0x08C6,0x08E7,0x198B,0x0907,0x08E7,0x1128,0x08C6,0x08C6,0x0907,0x1129,0x1149,
0x1108,0x1108,0x08E7,0x08E6,0x08A5,0x0884,0x08C6,0x08A5,0x0884,0x0884,0x0884,0x08A5,0x08C6,0x08E7,0x08C6,0x1149,
0x198A,0x1149,0x1108,0x08E6,0x1107,0x1108,0x1128,0x1107,0x08C6,0x08C5,0x08C6,0x1107,0x1128,0x1108,0x1108,0x114A,
0x116A,0x19AB,0x19AB,0x116A,0x1108,0x08C6,0x08C6,0x08C5,0x08C5,0x1129,0x116A,0x0908,0x08C6,0x08C6,0x08A4,0x0884,
0x08A5,0x08A5,0x08C6,0x08C6,0x08A5,0x08A5,0x08A5,0x08A5,0x08C6,0x08C6,0x08C6,0x08C6,0x08C6,0x08C6,0x08C6,0x08C6,
0x08A5,0x0885,0x08A5,0x08C6,0x08C5,0x08A5,0x08A5,0x08A5,0x0884,0x0064,0x0063,0x0084,0x0884,0x0084,0x0063,0x0063,
0x0064,0x0063,0x0063,0x0063,0x0063,0x0063,0x0063,0x0063,0x0063,0x0063,0x0063,0x0084,0x0084,0x0063,0x0084,0x08A5,
0x08C6,0x08A5,0x0084,0x0064,0x0084,0x0084,0x0884,0x0084,0x0084,0x0084,0x08C6,0x08C6,0x08A5,0x0084,0x0063,0x0063,
0x0064,0x0084,0x0084,0x0084,0x0884,0x0084,0x0084,0x08C6,0x08E7,0x0084,0x0063,0x0042,0x0084,0x08A5,0x08A5,0x1107,
0x1128,0x0907,0x0084,0x0042,0x0022,0x0042,0x0042,0x0063,0x0885,0x08A5,0x0884,0x08A5,0x08C6,0x08A5,0x08A5,0x0884,
0x0063,0x0884,0x08A5,0x08A5,0x08C6,0x08C6,0x08A5,0x08A5,0x08C6,0x08C6,0x08C5,0x08A5,0x08A5,0x08A6,0x08C6,0x08A5,
0x0084,0x0085,0x0084,0x0084,0x0084,0x0084,0x0084,0x0064,0x0084,0x0085,0x0084,0x0063,0x0042,0x0043,0x0043,0x0043,
0x0043,0x0043,0x0043,0x0043,0x0043,0x0042,0x0042,0x0042,0x0043,0x0043,0x0042,0x0042,0x0043,0x0043,0x0042,0x0022,
0x0022,0x0042,0x0042,0x0022,0x0022,0x0042,0x0042,0x0042,0x0043,0x0043,0x0042,0x0042,0x0042,0x0042,0x0042,0x0022,
0x0022,0x0022,0x0022,0x0022,0x0022,0x0022,0x0042,0x0043,0x0043,0x0042,0x0022,0x0022,0x0042,0x0022,0x0022,0x0022,
0x0022,0x0022,0x0022,0x0022,0x0022,0x0022,0x0022,0x0022,0x0022,0x0022,0x0022,0x0022,0x0022,0x0021,0x0021,0x0021,
0x0022,0x0021,0x0021,0x0021,0x0021,0x0021,0x0021,0x0021,0x0021,0x0021,0x0021,0x0021,0x0021,0x0021,0x0021,0x0021,
},
{0x0021,0x0021,0x0021,0x0021,0x0021,0x0021,0x0021,0x0021,0x0021,0x0021,0x0021,0x0021,0x0021,0x0021,0x0021,0x0021,
0x0021,0x0021,0x0021,0x0021,0x0022,0x0022,0x0022,0x0022,0x0042,0x0022,0x0022,0x0042,0x0022,0x0021,0x0022,0x0022,
0x0022,0x0042,0x0042,0x0022,0x0022,0x0042,0x0042,0x0042,0x0042,0x0042,0x0022,0x0022,0x0042,0x0042,0x0022,0x0022,
0x0022,0x0042,0x0042,0x0043,0x0043,0x0043,0x0043,0x0042,0x0042,0x0043,0x0043,0x0043,0x0042,0x0042,0x0043,0x0064,
0x0084,0x0085,0x0085,0x0064,0x0043,0x0043,0x0043,0x0063,0x0043,0x0043,0x0043,0x0063,0x0063,0x0063,0x0064,0x0063,
0x0063,0x0063,0x0064,0x0063,0x0084,0x0084,0x0085,0x00A5,0x0085,0x0084,0x0084,0x0084,0x0084,0x0084,0x0084,0x0085,
0x0085,0x0085,0x0085,0x0085,0x0084,0x0084,0x0084,0x0084,0x0084,0x0064,0x0084,0x0064,0x0063,0x0063,0x0064,0x0064,
0x0084,0x0084,0x0084,0x0085,0x08A5,0x08A5,0x08A5,0x08C6,0x08C6,0x08E7,0x0908,0x114A,0x1129,0x0908,0x08E7,0x08E7,
0x08E7,0x1128,0x1129,0x114A,0x19AB,0x220D,0x196A,0x1149,0x1149,0x1149,0x196A,0x198A,0x196A,0x1149,0x196A,0x116A,
0x198B,0x116A,0x1128,0x1149,0x198B,0x116A,0x08E7,0x08A5,0x08A5,0x08C6,0x08C6,0x08C6,0x08C5,0x08C6,0x1149,0x08E7,
0x08A5,0x0084,0x0084,0x0884,0x08A5,0x08A5,0x0084,0x08A5,0x08C6,0x08E6,0x08C6,0x0885,0x0084,0x0084,0x0084,0x0084,
0x0084,0x0063,0x0884,0x0884,0x0884,0x08A5,0x08A5,0x0884,0x08A5,0x08C6,0x08E6,0x08E7,0x08C6,0x08E6,0x08E7,0x08C6,
0x08C6,0x08C5,0x08C5,0x08C6,0x08E6,0x08A5,0x08A5,0x08C5,0x10E6,0x08C6,0x08A5,0x1107,0x1107,0x08C6,0x08A5,0x08A5,
0x08E7,0x08E7,0x1128,0x1128,0x1108,0x08C6,0x0884,0x08A4,0x08A5,0x0063,0x08A5,0x1108,0x1128,0x10E7,0x08C5,0x08A4,
0x08C6,0x10E7,0x08E7,0x10E7,0x10E6,0x1107,0x1107,0x1149,0x1128,0x1108,0x116A,0x118B,0x1149,0x0907,0x08E7,0x08E7,
0x1108,0x116A,0x116A,0x196B,0x1149,0x08E7,0x08C6,0x1128,0x08C6,0x08A5,0x08C6,0x0884,0x08A6,0x08C6,0x08C6,0x1128,
0x19CD,0x19CC,0x1149,0x0907,0x08A5,0x0884,0x08C6,0x08A5,0x08A5,0x08A5,0x08A5,0x08C6,0x08A5,0x0063,0x0884,0x08E6,
0x1107,0x196A,0x196A,0x08E7,0x08C6,0x08C6,0x08C6,0x08C6,0x08C6,0x08C6,0x08C6,0x1107,0x1149,0x1969,0x1107,0x1129,
0x198B,0x21CC,0x2A4F,0x19CD,0x1149,0x08E7,0x08C6,0x08C6,0x08C6,0x1149,0x196A,0x1107,0x1107,0x08E6,0x08C6,0x08A5,
0x0884,0x08A5,0x08A5,0x0884,0x0084,0x08A5,0x08A5,0x0884,0x08A5,0x08E6,0x08C6,0x08C5,0x08C6,0x08E7,0x08E6,0x08C6,
0x08E6,0x08C6,0x08A5,0x08C6,0x08C6,0x08A5,0x08A5,0x08A5,0x08A5,0x0884,0x0084,0x0084,0x0884,0x0884,0x0063,0x0064,
0x0084,0x0084,0x0063,0x0063,0x0884,0x0084,0x0064,0x0063,0x0063,0x0063,0x0063,0x0063,0x0084,0x08A5,0x08A5,0x0884,
0x0884,0x0063,0x0063,0x0043,0x0043,0x0063,0x0064,0x0084,0x0063,0x0063,0x0084,0x08A5,0x08A5,0x0084,0x0084,0x0063,
0x0063,0x0084,0x0064,0x0063,0x0063,0x0084,0x0063,0x0884,0x08E7,0x08A5,0x0063,0x0042,0x0042,0x0084,0x0884,0x0884,
0x08A5,0x08C6,0x08C6,0x0064,0x0043,0x0042,0x0042,0x0042,0x0043,0x0084,0x08C6,0x08A5,0x0083,0x08C6,0x1108,0x08E7,
0x08A5,0x0084,0x0884,0x08A5,0x08C6,0x08C6,0x08C6,0x08C6,0x08E7,0x08E7,0x08C6,0x08C6,0x08A6,0x08A5,0x08C6,0x08C6,
0x08A5,0x0885,0x0085,0x0084,0x0084,0x0085,0x00A5,0x0064,0x0064,0x0084,0x0084,0x0084,0x0063,0x0043,0x0063,0x0043,
0x0043,0x0043,0x0043,0x0042,0x0042,0x0042,0x0042,0x0042,0x0043,0x0043,0x0042,0x0042,0x0042,0x0043,0x0042,0x0042,
0x0042,0x0042,0x0042,0x0042,0x0042,0x0042,0x0042,0x0042,0x0043,0x0043,0x0042,0x0042,0x0042,0x0042,0x0042,0x0042,
0x0042,0x0022,0x0022,0x0042,0x0042,0x0022,0x0042,0x0042,0x0042,0x0042,0x0022,0x0022,0x0022,0x0022,0x0022,0x0022,
0x0022,0x0022,0x0022,0x0022,0x0022,0x0022,0x0021,0x0022,0x0022,0x0022,0x0022,0x0022,0x0021,0x0021,0x0021,0x0021,
0x0021,0x0021,0x0021,0x0021,0x0021,0x0021,0x0021,0x0021,0x0021,0x0021,0x0021,0x0021,0x0021,0x0021,0x0021,0x0021,
},
{0x0021,0x0021,0x0021,0x0021,0x0021,0x0021,0x0021,0x0021,0x0021,0x0021,0x0021,0x0021,0x0021,0x0021,0x0021,0x0021,
0x0021,0x0021,0x0021,0x0021,0x0022,0x0022,0x0022,0x0042,0x0042,0x0022,0x0022,0x0042,0x0022,0x0021,0x0022,0x0022,
0x0022,0x0042,0x0022,0x0022,0x0022,0x0042,0x0042,0x0042,0x0042,0x0042,0x0022,0x0022,0x0022,0x0022,0x0022,0x0022,
0x0042,0x0042,0x0043,0x0043,0x0064,0x0063,0x0043,0x0042,0x0042,0x0043,0x0063,0x0063,0x0043,0x0043,0x0063,0x0063,
0x0063,0x0064,0x0064,0x0063,0x0043,0x0043,0x0063,0x0063,0x0063,0x0063,0x0064,0x0084,0x0084,0x0064,0x0064,0x0064,
0x0064,0x0064,0x0084,0x0084,0x0084,0x0064,0x0064,0x0064,0x0064,0x0084,0x0084,0x0084,0x0085,0x08A5,0x00A5,0x0085,
0x0084,0x0085,0x0085,0x0084,0x0084,0x0064,0x0084,0x0084,0x0064,0x0064,0x0084,0x0064,0x0063,0x0084,0x0085,0x0085,
0x08A5,0x08A5,0x08A5,0x08A5,0x08A6,0x08A6,0x08A6,0x08C6,0x08E7,0x08E7,0x0908,0x114A,0x114A,0x0908,0x08E7,0x08E7,
0x1108,0x1149,0x1149,0x198B,0x220E,0x19CC,0x1128,0x1149,0x1949,0x1149,0x198A,0x21CC,0x21EC,0x19AB,0x19AB,0x19AB,
0x19AB,0x1128,0x1107,0x1107,0x1107,0x1149,0x08E7,0x1107,0x1128,0x1128,0x1128,0x1108,0x08E7,0x08C6,0x08E7,0x08A5,
0x08A5,0x08A5,0x0885,0x08A5,0x08A5,0x08A5,0x08A5,0x08C6,0x08C6,0x08C6,0x08A5,0x08A5,0x0885,0x0884,0x0884,0x0084,
0x0063,0x0043,0x0063,0x0063,0x0063,0x0084,0x0084,0x0063,0x0063,0x0084,0x0884,0x0884,0x0084,0x0884,0x0084,0x0083,
0x0884,0x08A5,0x08C5,0x08C5,0x08A5,0x08A5,0x08A5,0x0884,0x0883,0x0884,0x08C5,0x08E6,0x08A5,0x0063,0x0063,0x0884,
0x08C5,0x08E6,0x1108,0x1128,0x1128,0x1128,0x08C6,0x08A5,0x0884,0x0884,0x08A5,0x08E6,0x08A5,0x08A5,0x08A5,0x08C5,
0x08C6,0x08E7,0x1107,0x10E7,0x1107,0x1128,0x1107,0x1148,0x116A,0x1128,0x1149,0x116A,0x1129,0x1128,0x1128,0x1108,
0x1108,0x08E7,0x10E7,0x1108,0x1108,0x1108,0x08C6,0x08A5,0x08C6,0x08A5,0x08C6,0x08C6,0x08C6,0x08A5,0x08A5,0x08A5,
0x114A,0x116A,0x1129,0x1128,0x1108,0x08E7,0x1128,0x0907,0x08C6,0x08C6,0x08C6,0x08E6,0x08E6,0x08A5,0x0884,0x08C5,
0x08A5,0x08C6,0x10E7,0x08C6,0x08A5,0x0884,0x08C5,0x08C6,0x08C6,0x08C6,0x08E6,0x1107,0x1949,0x198A,0x1149,0x1149,
0x1128,0x21AB,0x2A6F,0x21EC,0x114A,0x1128,0x1128,0x1107,0x08E6,0x1107,0x1149,0x1149,0x1108,0x08E7,0x08E7,0x08C6,
0x08A5,0x08A5,0x08A5,0x0084,0x0084,0x0884,0x0884,0x0884,0x08A5,0x08C6,0x08E7,0x08E7,0x08E7,0x08E7,0x08E7,0x08C6,
0x08C6,0x08E7,0x08E7,0x08E7,0x08C6,0x08C5,0x08A5,0x08A5,0x08A5,0x08A5,0x0084,0x0084,0x0884,0x0084,0x0084,0x0084,
0x0884,0x0084,0x0084,0x0084,0x0884,0x0884,0x0884,0x0084,0x0084,0x0063,0x0063,0x0063,0x0884,0x08C6,0x1108,0x0884,
0x0884,0x0084,0x0084,0x0063,0x0063,0x0063,0x0064,0x0084,0x0063,0x0063,0x0063,0x0063,0x0063,0x0063,0x0063,0x0063,
0x0084,0x0084,0x0064,0x0043,0x0063,0x0063,0x0063,0x08C6,0x08E7,0x0084,0x0042,0x0042,0x0042,0x0063,0x0063,0x0063,
0x0084,0x0063,0x0885,0x0885,0x08A5,0x0084,0x0063,0x0042,0x0042,0x0063,0x0884,0x08C6,0x08E6,0x1108,0x114A,0x114A,
0x0907,0x0063,0x0084,0x0884,0x08C5,0x08C6,0x08C6,0x08C6,0x08E7,0x1108,0x08C6,0x08E6,0x08C6,0x08A5,0x08C6,0x08C6,
0x08A6,0x08A5,0x08A6,0x08A5,0x0085,0x08A5,0x08A5,0x0084,0x0084,0x0084,0x0084,0x0084,0x0063,0x0063,0x0063,0x0063,
0x0043,0x0043,0x0043,0x0042,0x0042,0x0042,0x0042,0x0042,0x0043,0x0063,0x0042,0x0042,0x0042,0x0042,0x0043,0x0042,
0x0042,0x0043,0x0042,0x0042,0x0042,0x0042,0x0042,0x0042,0x0043,0x0043,0x0042,0x0042,0x0042,0x0042,0x0043,0x0043,
0x0043,0x0043,0x0042,0x0042,0x0042,0x0042,0x0042,0x0042,0x0042,0x0022,0x0022,0x0022,0x0022,0x0022,0x0022,0x0022,
0x0022,0x0022,0x0021,0x0022,0x0022,0x0022,0x0021,0x0022,0x0022,0x0022,0x0022,0x0021,0x0021,0x0021,0x0021,0x0021,
0x0021,0x0021,0x0021,0x0021,0x0021,0x0021,0x0021,0x0021,0x0021,0x0021,0x0021,0x0021,0x0021,0x0021,0x0021,0x0021,
},
{0x0021,0x0021,0x0021,0x0021,0x0021,0x0021,0x0021,0x0021,0x0021,0x0021,0x0021,0x0021,0x0021,0x0021,0x0021,0x0021,
0x0021,0x0021,0x0021,0x0022,0x0022,0x0022,0x0022,0x0022,0x0022,0x0022,0x0022,0x0022,0x0022,0x0022,0x0022,0x0022,
0x0022,0x0022,0x0022,0x0042,0x0042,0x0042,0x0042,0x0022,0x0042,0x0042,0x0022,0x0022,0x0022,0x0022,0x0022,0x0022,
0x0042,0x0042,0x0043,0x0063,0x0063,0x0043,0x0043,0x0042,0x0042,0x0043,0x0043,0x0063,0x0043,0x0043,0x0063,0x0063,
0x0043,0x0043,0x0063,0x0063,0x0043,0x0063,0x0064,0x0063,0x0064,0x0064,0x0063,0x0064,0x0084,0x0084,0x0084,0x0064,
0x0064,0x0084,0x0084,0x0084,0x0084,0x0084,0x0063,0x0064,0x0084,0x0084,0x0084,0x0084,0x0084,0x0085,0x0084,0x0064,
0x0084,0x0085,0x0084,0x0063,0x0063,0x0063,0x0063,0x0064,0x0063,0x0084,0x08A5,0x08A5,0x08A5,0x08A6,0x08C6,0x08C7,
0x08C6,0x08E7,0x08E7,0x08C6,0x08C6,0x08C6,0x08C6,0x08E7,0x08E7,0x0908,0x114A,0x1149,0x1129,0x114A,0x114A,0x1129,
0x1128,0x116A,0x19AB,0x21ED,0x19CD,0x114A,0x1128,0x1149,0x1969,0x196A,0x1149,0x19CC,0x2A4F,0x222E,0x21EC,0x220D,
0x198B,0x08A5,0x08A5,0x0084,0x0084,0x0884,0x0884,0x08E7,0x114A,0x1129,0x08E7,0x08E7,0x08C6,0x08C6,0x08C6,0x08A5,
0x08A5,0x08A5,0x08A5,0x08C6,0x08C6,0x08C6,0x08A5,0x08E6,0x08E6,0x08C6,0x08A5,0x0084,0x0084,0x0884,0x0084,0x0084,
0x0884,0x0884,0x08A5,0x0084,0x0884,0x0884,0x0084,0x0063,0x0063,0x0063,0x0043,0x0042,0x0042,0x0042,0x0042,0x0042,
0x0063,0x0884,0x0884,0x0884,0x0063,0x0063,0x0884,0x08A4,0x08A5,0x08A5,0x08C5,0x08A4,0x0884,0x0063,0x0042,0x0884,
0x08A5,0x08C5,0x10E6,0x08E6,0x08E6,0x08C5,0x08C5,0x08C5,0x08A5,0x08C5,0x08A5,0x0884,0x0884,0x08C6,0x08E6,0x08E6,
0x08E6,0x1107,0x1107,0x1108,0x1107,0x1107,0x10E7,0x1128,0x1149,0x1149,0x1108,0x1149,0x19AC,0x114A,0x1108,0x08E6,
0x08E7,0x08C6,0x08C6,0x08E6,0x10E7,0x1107,0x1107,0x1107,0x1108,0x1108,0x1129,0x1128,0x08E7,0x08C6,0x08A5,0x08A5,
0x08A5,0x08A5,0x08A5,0x08C6,0x08E6,0x1128,0x114A,0x1149,0x1108,0x08E7,0x08E7,0x1108,0x1128,0x1128,0x08C6,0x08A5,
0x08A5,0x0884,0x0084,0x0883,0x0063,0x0063,0x0884,0x08E6,0x10E7,0x1107,0x1107,0x1107,0x1128,0x1969,0x198B,0x198A,
0x1128,0x08C5,0x10E6,0x1969,0x198B,0x1128,0x1128,0x1128,0x1128,0x10E7,0x1149,0x196A,0x1107,0x1107,0x1107,0x08E7,
0x08C6,0x08C6,0x08C6,0x08A5,0x0884,0x0884,0x0884,0x0884,0x08A5,0x08C6,0x08C6,0x1108,0x1149,0x1107,0x08E7,0x08E7,
0x08E7,0x08E7,0x08E7,0x08E7,0x08E6,0x08A5,0x08A5,0x08A5,0x08A5,0x08A5,0x0884,0x0884,0x08A5,0x08A5,0x08A5,0x08A5,
0x08C6,0x08A5,0x0884,0x0084,0x0884,0x0884,0x0884,0x0885,0x0884,0x0084,0x0063,0x0084,0x08A5,0x08E7,0x08E7,0x0083,
0x0063,0x08A5,0x0884,0x0884,0x0064,0x0063,0x0063,0x0063,0x0063,0x0063,0x0084,0x0063,0x0043,0x0042,0x0042,0x0063,
0x0084,0x0084,0x0063,0x0042,0x0042,0x0043,0x0064,0x08A5,0x08C6,0x08A5,0x0063,0x0043,0x0042,0x0042,0x0043,0x0063,
0x0063,0x0084,0x0084,0x0084,0x08A5,0x08C6,0x0884,0x0063,0x0042,0x0042,0x0063,0x08C6,0x08E7,0x1107,0x1108,0x1108,
0x08A5,0x0042,0x0063,0x0063,0x08A5,0x08E6,0x08C6,0x1128,0x1128,0x1108,0x1108,0x08E7,0x08E6,0x08C6,0x08A5,0x08C6,
0x08C6,0x08C6,0x08C6,0x08A6,0x08A5,0x08A5,0x08A5,0x08A5,0x08A5,0x0084,0x0084,0x0084,0x0063,0x0063,0x0063,0x0063,
0x0063,0x0043,0x0043,0x0042,0x0042,0x0042,0x0042,0x0042,0x0043,0x0043,0x0043,0x0043,0x0043,0x0042,0x0043,0x0042,
0x0042,0x0042,0x0042,0x0042,0x0042,0x0042,0x0042,0x0042,0x0043,0x0043,0x0043,0x0043,0x0042,0x0022,0x0042,0x0043,
0x0043,0x0043,0x0043,0x0042,0x0042,0x0042,0x0042,0x0042,0x0042,0x0022,0x0022,0x0022,0x0022,0x0022,0x0022,0x0022,
0x0022,0x0022,0x0021,0x0022,0x0022,0x0022,0x0021,0x0022,0x0021,0x0022,0x0021,0x0021,0x0021,0x0021,0x0021,0x0022,
0x0021,0x0021,0x0021,0x0021,0x0021,0x0021,0x0021,0x0021,0x0021,0x0021,0x0021,0x0021,0x0021,0x0021,0x0021,0x0021,
},
{0x0021,0x0021,0x0021,0x0021,0x0021,0x0021,0x0021,0x0021,0x0021,0x0021,0x0021,0x0021,0x0021,0x0021,0x0021,0x0021,
0x0021,0x0021,0x0021,0x0022,0x0022,0x0022,0x0022,0x0022,0x0022,0x0022,0x0022,0x0022,0x0022,0x0022,0x0022,0x0022,
0x0022,0x0022,0x0022,0x0022,0x0042,0x0042,0x0042,0x0042,0x0042,0x0022,0x0022,0x0022,0x0022,0x0022,0x0022,0x0022,
0x0022,0x0042,0x0043,0x0043,0x0043,0x0043,0x0042,0x0042,0x0042,0x0042,0x0043,0x0063,0x0043,0x0043,0x0063,0x0084,
0x0064,0x0064,0x0063,0x0063,0x0064,0x0084,0x0085,0x0084,0x0084,0x0063,0x0063,0x0063,0x0064,0x0084,0x0084,0x0085,
0x0084,0x0084,0x0084,0x0064,0x0064,0x0084,0x0063,0x0064,0x0084,0x0084,0x0084,0x0084,0x0084,0x0084,0x0064,0x0063,
0x0064,0x0084,0x0064,0x0063,0x0063,0x0063,0x0063,0x0063,0x0064,0x0084,0x0885,0x08C6,0x08E7,0x08C6,0x08E7,0x0908,
0x08E7,0x08E7,0x08E7,0x08E7,0x08C6,0x08C6,0x08C6,0x08E7,0x1129,0x114A,0x116B,0x118B,0x116B,0x118B,0x19AC,0x118B,
0x114A,0x1149,0x19AB,0x19CC,0x196A,0x196A,0x198A,0x21CC,0x21EC,0x21CC,0x19CC,0x19AC,0x19CC,0x198A,0x21ED,0x2A4F,
0x19AB,0x1128,0x1108,0x1107,0x08E7,0x08E7,0x08C6,0x10E7,0x1128,0x08E7,0x1108,0x1107,0x08C6,0x08C6,0x08C6,0x08A5,
0x08A5,0x08C6,0x08C6,0x08C6,0x08C6,0x08C6,0x08E6,0x08E7,0x08E6,0x08C6,0x08A5,0x0884,0x08A4,0x0884,0x0084,0x08A5,
0x08E6,0x08A5,0x08A5,0x08C6,0x08E7,0x08E6,0x08A5,0x0083,0x0083,0x0884,0x0063,0x0042,0x0042,0x0042,0x0042,0x0884,
0x08A5,0x08A5,0x0884,0x0063,0x0063,0x0063,0x0063,0x0063,0x08A5,0x08C5,0x08A4,0x0884,0x0863,0x0063,0x0884,0x08C5,
0x08C5,0x08C5,0x08C6,0x08A5,0x0884,0x0884,0x08A5,0x08C6,0x08E7,0x08C6,0x08A4,0x08A5,0x08C5,0x08E6,0x08E7,0x08E7,
0x08A5,0x08A5,0x08A5,0x08C6,0x10E7,0x08C6,0x08E6,0x08E6,0x1107,0x1128,0x116A,0x198C,0x19EE,0x19AC,0x1149,0x08C6,
0x08C6,0x08C6,0x08C5,0x08C6,0x08E6,0x1107,0x10E7,0x08E7,0x1107,0x1108,0x1128,0x1108,0x08E7,0x0908,0x08E7,0x08C6,
0x08A5,0x08E6,0x08E7,0x08C6,0x08E7,0x1129,0x1108,0x08E7,0x08E7,0x08C6,0x08E7,0x1128,0x1149,0x0907,0x08E7,0x08C6,
0x0884,0x08A5,0x08A5,0x0884,0x0042,0x0063,0x0884,0x08C5,0x1107,0x1128,0x1149,0x1949,0x1128,0x1148,0x1128,0x1149,
0x198A,0x1149,0x1107,0x1107,0x1107,0x1128,0x196A,0x1969,0x116A,0x1149,0x1149,0x1149,0x1107,0x08E6,0x1108,0x1108,
0x08E7,0x08E6,0x08C6,0x08C6,0x08C6,0x08C5,0x08A5,0x08A4,0x08A5,0x08C5,0x08C6,0x08C6,0x1128,0x114A,0x08E7,0x08E7,
0x1128,0x1107,0x08E7,0x08E7,0x08E7,0x08E7,0x08C6,0x08A5,0x08A5,0x08A5,0x0885,0x08A5,0x08A5,0x08C6,0x08C6,0x08C6,
0x08C6,0x08A5,0x08A5,0x0884,0x0884,0x0884,0x08A5,0x08A5,0x08A5,0x08A5,0x08A5,0x0884,0x08C5,0x08E7,0x08C6,0x0063,
0x0063,0x0885,0x08A5,0x0884,0x0884,0x0884,0x0043,0x0043,0x0063,0x0884,0x0884,0x0084,0x0064,0x0063,0x0063,0x0064,
0x0063,0x0063,0x0064,0x0043,0x0042,0x0042,0x0063,0x0064,0x0885,0x08A5,0x0085,0x0084,0x0063,0x0042,0x0042,0x0022,
0x0022,0x0043,0x0063,0x0064,0x0885,0x08A5,0x0084,0x0063,0x0063,0x0042,0x0042,0x0084,0x08A5,0x0885,0x0084,0x0042,
0x0042,0x0042,0x0063,0x0063,0x08A4,0x08C6,0x08E6,0x1108,0x1149,0x1149,0x1108,0x08E7,0x08C6,0x08C6,0x08C6,0x08C6,
0x08A5,0x08C6,0x08E7,0x08C6,0x08C6,0x08A5,0x08A5,0x0085,0x08A6,0x08A5,0x0084,0x0085,0x0084,0x0063,0x0063,0x0063,
0x0063,0x0063,0x0043,0x0043,0x0043,0x0042,0x0042,0x0042,0x0042,0x0043,0x0043,0x0063,0x0043,0x0043,0x0043,0x0042,
0x0042,0x0042,0x0042,0x0042,0x0043,0x0043,0x0043,0x0043,0x0043,0x0043,0x0043,0x0042,0x0043,0x0042,0x0042,0x0043,
0x0043,0x0043,0x0042,0x0042,0x0042,0x0042,0x0043,0x0043,0x0042,0x0042,0x0022,0x0042,0x0022,0x0022,0x0022,0x0022,
0x0022,0x0022,0x0022,0x0022,0x0022,0x0022,0x0022,0x0021,0x0021,0x0022,0x0021,0x0021,0x0021,0x0021,0x0021,0x0022,
0x0021,0x0021,0x0021,0x0021,0x0021,0x0021,0x0021,0x0021,0x0021,0x0021,0x0021,0x0021,0x0021,0x0021,0x0021,0x0021,
},
{0x0021,0x0021,0x0021,0x0021,0x0021,0x0021,0x0021,0x0021,0x0021,0x0021,0x0021,0x0021,0x0021,0x0021,0x0021,0x0021,
0x0021,0x0021,0x0021,0x0022,0x0022,0x0022,0x0022,0x0022,0x0022,0x0022,0x0022,0x0021,0x0022,0x0022,0x0022,0x0022,
0x0022,0x0022,0x0042,0x0042,0x0042,0x0042,0x0042,0x0042,0x0042,0x0042,0x0042,0x0042,0x0042,0x0042,0x0022,0x0022,
0x0042,0x0042,0x0043,0x0043,0x0063,0x0063,0x0043,0x0043,0x0043,0x0043,0x0043,0x0043,0x0043,0x0043,0x0043,0x0084,
0x0085,0x0084,0x0084,0x00A5,0x08A6,0x0085,0x0064,0x0064,0x0064,0x0064,0x0064,0x0064,0x0064,0x0084,0x0064,0x0084,
0x0084,0x0084,0x0084,0x0084,0x0084,0x0084,0x0064,0x0084,0x0064,0x0063,0x0063,0x0084,0x0064,0x0064,0x0084,0x0084,
0x0063,0x0063,0x0063,0x0063,0x0063,0x0063,0x0063,0x0063,0x0063,0x0063,0x0084,0x0885,0x08A5,0x0084,0x08A5,0x08C6,
0x1108,0x0908,0x08C6,0x08C6,0x08C6,0x08C6,0x08C6,0x08E7,0x1149,0x118B,0x118B,0x198B,0x198B,0x116A,0x114A,0x118B,
0x19AC,0x116A,0x116A,0x1149,0x10E7,0x1107,0x19AA,0x2A2E,0x21EC,0x21EC,0x2A6F,0x2A6F,0x21EC,0x21ED,0x222E,0x116A,
0x10E7,0x1128,0x196A,0x19AC,0x196A,0x19CD,0x198B,0x1128,0x1129,0x1128,0x1128,0x1129,0x08E6,0x08E6,0x08E6,0x08E7,
0x08E7,0x1108,0x1128,0x1128,0x0908,0x08E7,0x08E7,0x08E6,0x08C6,0x08C6,0x08E6,0x08E6,0x08C6,0x0063,0x0084,0x0884,
0x0084,0x0063,0x0084,0x08A5,0x08C6,0x08C5,0x08A5,0x08A5,0x08A5,0x08A4,0x0084,0x0063,0x0063,0x0063,0x0063,0x0884,
0x08A5,0x08A5,0x08C5,0x08A5,0x0884,0x0883,0x0063,0x0042,0x0063,0x0884,0x08A5,0x0884,0x0063,0x0883,0x0884,0x08A4,
0x08A5,0x08C5,0x08C6,0x08C6,0x08C5,0x08C5,0x08C6,0x08C6,0x10E7,0x10E7,0x08C6,0x08C6,0x08C6,0x08C5,0x08C6,0x08C5,
0x0884,0x0084,0x0884,0x0884,0x08C5,0x08E6,0x08C5,0x08C6,0x08C6,0x1107,0x198B,0x118B,0x198B,0x118B,0x114A,0x1107,
0x1107,0x1128,0x08E7,0x08C6,0x08C6,0x1107,0x08E7,0x08A5,0x08A5,0x08A5,0x08E6,0x1128,0x114A,0x19AC,0x19AD,0x19CD,
0x1149,0x08C5,0x08E6,0x08C6,0x08E6,0x08E7,0x08E7,0x08E7,0x08E6,0x08C6,0x08C6,0x08C6,0x08E7,0x08C6,0x08A5,0x08C6,
0x08A5,0x0884,0x0884,0x0063,0x0042,0x0063,0x0063,0x0884,0x08E7,0x1149,0x198A,0x1128,0x1149,0x198A,0x1969,0x1128,
0x1128,0x1128,0x1149,0x1108,0x10E7,0x1128,0x1128,0x1149,0x1149,0x1149,0x1149,0x1149,0x1107,0x10E6,0x10E6,0x08C6,
0x08C6,0x08C5,0x08C6,0x1108,0x1108,0x08E7,0x08E7,0x08E6,0x08A5,0x08A5,0x08A5,0x08C5,0x08C6,0x1108,0x1108,0x1108,
0x196A,0x1149,0x1128,0x08E7,0x08E7,0x08E7,0x08E6,0x08C6,0x08C6,0x08C6,0x08A5,0x08A5,0x08A5,0x08A5,0x08A5,0x08A5,
0x08E6,0x08E6,0x08C6,0x08A5,0x0884,0x0884,0x08A5,0x08A5,0x08A5,0x08A6,0x08C6,0x08A5,0x08C5,0x08C6,0x08E6,0x08E7,
0x0884,0x0084,0x08C6,0x08A5,0x08A5,0x08A5,0x08A5,0x0063,0x0063,0x0884,0x0884,0x0884,0x0884,0x0064,0x0063,0x0063,
0x0063,0x0084,0x0884,0x0064,0x0043,0x0042,0x0043,0x0043,0x0063,0x0063,0x0084,0x0885,0x0084,0x0884,0x0063,0x0042,
0x0022,0x0022,0x0022,0x0042,0x0043,0x0063,0x0063,0x0084,0x0884,0x0064,0x0063,0x0063,0x0063,0x0063,0x0042,0x0042,
0x0042,0x0042,0x0042,0x0063,0x08A5,0x08C6,0x08A5,0x08C5,0x116A,0x1149,0x08E7,0x08E6,0x08C6,0x08C6,0x08C6,0x08C6,
0x08C6,0x08E6,0x08E7,0x08E7,0x08C6,0x08C6,0x08A5,0x0084,0x08A5,0x08A5,0x0085,0x0085,0x0085,0x0063,0x0063,0x0063,
0x0063,0x0063,0x0043,0x0043,0x0043,0x0043,0x0043,0x0043,0x0043,0x0043,0x0063,0x0063,0x0043,0x0043,0x0043,0x0042,
0x0043,0x0042,0x0043,0x0043,0x0063,0x0063,0x0043,0x0043,0x0042,0x0042,0x0042,0x0042,0x0063,0x0063,0x0042,0x0043,
0x0043,0x0043,0x0043,0x0043,0x0043,0x0043,0x0063,0x0063,0x0043,0x0043,0x0042,0x0042,0x0042,0x0022,0x0022,0x0022,
0x0022,0x0022,0x0022,0x0022,0x0022,0x0022,0x0022,0x0022,0x0021,0x0022,0x0022,0x0021,0x0021,0x0021,0x0021,0x0021,
0x0021,0x0021,0x0021,0x0021,0x0021,0x0021,0x0021,0x0021,0x0021,0x0021,0x0021,0x0021,0x0021,0x0021,0x0021,0x0021,
},
{0x0021,0x0021,0x0021,0x0021,0x0021,0x0021,0x0021,0x0021,0x0021,0x0021,0x0021,0x0021,0x0021,0x0021,0x0021,0x0021,
0x0021,0x0021,0x0021,0x0022,0x0022,0x0022,0x0022,0x0022,0x0022,0x0022,0x0022,0x0022,0x0022,0x0022,0x0022,0x0042,
0x0042,0x0042,0x0042,0x0042,0x0042,0x0042,0x0042,0x0043,0x0043,0x0042,0x0042,0x0042,0x0042,0x0042,0x0042,0x0042,
0x0042,0x0043,0x0043,0x0063,0x0063,0x0063,0x0043,0x0043,0x0042,0x0042,0x0043,0x0043,0x0063,0x0064,0x0064,0x0084,
0x0064,0x0064,0x0084,0x0085,0x00A5,0x0084,0x0084,0x0084,0x0084,0x0084,0x0085,0x0085,0x0084,0x0084,0x0064,0x0064,
0x0064,0x0064,0x0063,0x0064,0x0084,0x0084,0x0084,0x0085,0x0084,0x0064,0x0064,0x0064,0x0063,0x0063,0x0064,0x0064,
0x0063,0x0063,0x0084,0x0084,0x0084,0x0084,0x0084,0x0084,0x0064,0x0063,0x0084,0x0064,0x0063,0x0063,0x0063,0x0884,
0x1129,0x114A,0x08E7,0x08C6,0x08C6,0x08A5,0x08A5,0x08E6,0x1108,0x1108,0x116A,0x114A,0x19AB,0x19CC,0x116B,0x1149,
0x116A,0x1128,0x10E7,0x08E6,0x10E6,0x198A,0x2A6F,0x32B1,0x32B0,0x224F,0x32B0,0x32D1,0x2A90,0x3B12,0x4332,0x220D,
0x1128,0x1108,0x1128,0x08E7,0x1107,0x1108,0x08E6,0x08C5,0x0908,0x116A,0x1149,0x1128,0x08E7,0x1108,0x1129,0x1108,
0x1128,0x114A,0x198B,0x116A,0x1128,0x08E7,0x08A5,0x0083,0x0063,0x08A5,0x08E7,0x1108,0x1108,0x08E6,0x08A5,0x08A5,
0x0884,0x0063,0x0884,0x08C6,0x08E6,0x08C5,0x08C5,0x08A5,0x08A4,0x0884,0x0063,0x0083,0x0884,0x0884,0x0884,0x0884,
0x08A5,0x08A5,0x08A5,0x0884,0x0884,0x08A4,0x08C5,0x08A5,0x0884,0x08A5,0x08C6,0x08A5,0x0884,0x0884,0x0884,0x0884,
0x0884,0x08A4,0x08A5,0x08A5,0x08A5,0x08A5,0x08A5,0x0884,0x08A5,0x1107,0x1108,0x08E6,0x08C6,0x08C5,0x08C5,0x08C6,
0x10E7,0x08E6,0x08C5,0x08A5,0x08C5,0x08E6,0x08C6,0x08C6,0x08E6,0x1107,0x1128,0x1128,0x08C6,0x10E7,0x1149,0x1108,
0x1108,0x1128,0x1129,0x08E7,0x08E7,0x08E7,0x08E7,0x08C6,0x08A5,0x08A5,0x08A5,0x08E7,0x1129,0x118B,0x19EE,0x19ED,
0x1149,0x08E6,0x1107,0x1128,0x1108,0x08C6,0x08A5,0x08C5,0x08C5,0x08C6,0x08E6,0x1108,0x1108,0x08E7,0x08E6,0x08A5,
0x08A4,0x08A5,0x0884,0x0063,0x0063,0x0083,0x0063,0x08A4,0x10E7,0x1107,0x1128,0x1149,0x1128,0x1128,0x1128,0x1149,
0x1149,0x08E6,0x08E6,0x1107,0x08A5,0x08E6,0x1107,0x1107,0x1128,0x1128,0x1128,0x1107,0x10E6,0x08E6,0x08C5,0x08A5,
0x08C5,0x08A5,0x08C5,0x08E7,0x1108,0x1108,0x1128,0x1128,0x1107,0x08E6,0x08C6,0x08E6,0x08C6,0x08E6,0x1128,0x1128,
0x1108,0x116A,0x198B,0x1108,0x08E7,0x08E6,0x08E6,0x08E6,0x08C6,0x08E7,0x08C6,0x08A5,0x08A5,0x08C5,0x08A5,0x08A5,
0x08C6,0x08E6,0x08E6,0x08C6,0x08A5,0x08A5,0x08A5,0x08A5,0x0884,0x0885,0x08A5,0x08A5,0x0884,0x08A5,0x08C6,0x1128,
0x1128,0x08E6,0x1107,0x08E6,0x08C6,0x08C6,0x08E6,0x08A5,0x0884,0x08A5,0x08A5,0x08A5,0x08A4,0x0884,0x0063,0x0043,
0x0063,0x0084,0x08A5,0x0885,0x0084,0x0063,0x0043,0x0042,0x0042,0x0043,0x0063,0x0064,0x0084,0x08A5,0x0884,0x0084,
0x0064,0x0043,0x0042,0x0042,0x0042,0x0042,0x0063,0x0063,0x0064,0x0084,0x0084,0x0063,0x0043,0x0042,0x0042,0x0042,
0x0042,0x0042,0x0042,0x0063,0x0884,0x08A5,0x0884,0x08A5,0x1107,0x1108,0x1128,0x08E6,0x08C6,0x08C6,0x08C5,0x08C6,
0x08C6,0x08E7,0x0908,0x08E8,0x08C7,0x08C7,0x08A6,0x08A5,0x08A6,0x08A5,0x0885,0x0084,0x0064,0x0063,0x0063,0x0063,
0x0063,0x0063,0x0063,0x0063,0x0043,0x0043,0x0043,0x0043,0x0043,0x0063,0x0063,0x0063,0x0043,0x0043,0x0042,0x0042,
0x0042,0x0043,0x0043,0x0043,0x0063,0x0043,0x0043,0x0042,0x0042,0x0042,0x0042,0x0043,0x0063,0x0043,0x0042,0x0042,
0x0042,0x0042,0x0042,0x0043,0x0063,0x0063,0x0064,0x0063,0x0043,0x0043,0x0043,0x0042,0x0042,0x0042,0x0022,0x0022,
0x0022,0x0022,0x0022,0x0022,0x0022,0x0022,0x0022,0x0022,0x0022,0x0022,0x0022,0x0022,0x0022,0x0022,0x0021,0x0021,
0x0021,0x0021,0x0021,0x0021,0x0021,0x0021,0x0021,0x0021,0x0021,0x0021,0x0021,0x0021,0x0021,0x0021,0x0021,0x0021,
},
{0x0021,0x0021,0x0021,0x0021,0x0021,0x0021,0x0021,0x0021,0x0021,0x0021,0x0021,0x0021,0x0021,0x0021,0x0021,0x0021,
0x0021,0x0021,0x0021,0x0021,0x0021,0x0021,0x0022,0x0022,0x0022,0x0022,0x0022,0x0022,0x0022,0x0022,0x0022,0x0042,
0x0042,0x0042,0x0043,0x0043,0x0042,0x0043,0x0043,0x0043,0x0043,0x0042,0x0042,0x0042,0x0043,0x0043,0x0043,0x0043,
0x0043,0x0043,0x0043,0x0043,0x0063,0x0063,0x0063,0x0043,0x0042,0x0043,0x0063,0x0063,0x0064,0x0064,0x0084,0x0064,
0x0064,0x0064,0x0084,0x0084,0x0085,0x0085,0x0085,0x0085,0x0085,0x0085,0x0085,0x00A5,0x0085,0x0084,0x0084,0x0064,
0x0064,0x0064,0x0063,0x0063,0x0064,0x0063,0x0064,0x0084,0x0085,0x0084,0x0084,0x0064,0x0064,0x0084,0x0084,0x0064,
0x0084,0x0084,0x0084,0x0884,0x08C6,0x08A6,0x08A5,0x08A5,0x0085,0x0084,0x08A5,0x08A5,0x0084,0x0084,0x0884,0x08A5,
0x08E7,0x114A,0x114A,0x1129,0x0908,0x08A6,0x08A5,0x08A5,0x08A5,0x196A,0x19CC,0x220E,0x220E,0x19AC,0x08C6,0x0884,
0x0884,0x0884,0x0884,0x08C6,0x1128,0x19AB,0x222E,0x2A4F,0x2A4E,0x19AA,0x1969,0x224F,0x2A90,0x3B11,0x32D1,0x2A4F,
0x196A,0x1128,0x08E7,0x08C6,0x08C6,0x08A5,0x08A5,0x0083,0x0063,0x08A5,0x08E7,0x08A5,0x08A5,0x0884,0x08C5,0x08A5,
0x08C6,0x1128,0x196A,0x08A5,0x0063,0x0884,0x0084,0x0042,0x0083,0x0083,0x08A5,0x116A,0x116A,0x1128,0x08E6,0x10E7,
0x10E6,0x0084,0x08C6,0x08E7,0x08C6,0x08A5,0x08C6,0x08E7,0x10E7,0x08C6,0x08A5,0x08C5,0x08C5,0x08A5,0x08A5,0x08A5,
0x0884,0x08A5,0x08C6,0x08E6,0x10E7,0x1107,0x1107,0x1128,0x0907,0x08C6,0x0884,0x0063,0x0063,0x0884,0x0884,0x08A5,
0x08A5,0x08A5,0x08A5,0x0884,0x0884,0x0884,0x0884,0x0884,0x0884,0x08C6,0x08E6,0x08E6,0x08E6,0x08C6,0x08E6,0x10E6,
0x1107,0x1128,0x1128,0x10E7,0x08C6,0x08A5,0x08A5,0x08C6,0x10E7,0x08E6,0x08E6,0x1107,0x08C6,0x08C6,0x1108,0x1129,
0x0908,0x08E7,0x08C6,0x08A5,0x08A5,0x08C6,0x08E7,0x08E7,0x08C6,0x08A6,0x08C6,0x1108,0x1129,0x1129,0x116B,0x19CD,
0x19AC,0x118B,0x198B,0x19AC,0x1129,0x08C6,0x08A5,0x08A4,0x08A5,0x1108,0x1129,0x196B,0x196B,0x196B,0x1149,0x1108,
0x08A5,0x08A4,0x08A4,0x0884,0x0884,0x08A5,0x08A5,0x0884,0x08A4,0x08A5,0x08C6,0x10E7,0x1108,0x08E6,0x08C6,0x08C6,
0x08E6,0x08A5,0x08A4,0x0884,0x0884,0x08C5,0x08A5,0x10E6,0x1128,0x1128,0x1128,0x1107,0x1107,0x08E6,0x08C5,0x08A5,
0x08A5,0x0884,0x08A5,0x08C6,0x08E6,0x08E7,0x10E7,0x1108,0x1128,0x1149,0x1128,0x1128,0x1107,0x1107,0x1108,0x1108,
0x1107,0x1129,0x198B,0x1128,0x1107,0x1108,0x1107,0x08E7,0x08C6,0x08E6,0x1107,0x08E6,0x08C6,0x08E6,0x08C6,0x08C6,
0x08E6,0x08E6,0x08C6,0x08C6,0x08C6,0x08A5,0x08A5,0x08C6,0x08A5,0x0884,0x08A5,0x08C6,0x08A5,0x08A5,0x08C6,0x08E7,
0x08E6,0x08C6,0x08C6,0x1108,0x1108,0x08E7,0x08C6,0x0884,0x0884,0x08A5,0x08C6,0x08A5,0x0884,0x0884,0x0063,0x0063,
0x0063,0x0084,0x0884,0x0884,0x0084,0x0063,0x0042,0x0042,0x0042,0x0043,0x0063,0x0063,0x0063,0x0063,0x0043,0x0084,
0x08A5,0x0084,0x0064,0x0042,0x0042,0x0022,0x0042,0x0063,0x0043,0x0063,0x0063,0x0042,0x0063,0x0063,0x0063,0x0063,
0x0884,0x0042,0x0042,0x0022,0x0084,0x08C6,0x08E6,0x08C6,0x08E7,0x1108,0x1108,0x08C6,0x08C6,0x08E7,0x08C6,0x08C6,
0x08C6,0x08C6,0x08E7,0x1129,0x0908,0x08E7,0x08C6,0x08E7,0x08C7,0x08A5,0x08A5,0x0885,0x0084,0x0064,0x0063,0x0063,
0x0063,0x0063,0x0063,0x0063,0x0063,0x0043,0x0043,0x0063,0x0063,0x0063,0x0043,0x0063,0x0063,0x0063,0x0043,0x0043,
0x0043,0x0042,0x0043,0x0043,0x0043,0x0042,0x0042,0x0022,0x0022,0x0042,0x0042,0x0043,0x0063,0x0042,0x0042,0x0022,
0x0042,0x0042,0x0042,0x0042,0x0043,0x0064,0x0064,0x0063,0x0063,0x0043,0x0043,0x0043,0x0042,0x0042,0x0042,0x0022,
0x0022,0x0022,0x0022,0x0022,0x0022,0x0042,0x0042,0x0022,0x0022,0x0022,0x0022,0x0022,0x0022,0x0022,0x0022,0x0022,
0x0021,0x0021,0x0021,0x0021,0x0021,0x0021,0x0021,0x0021,0x0021,0x0021,0x0021,0x0021,0x0021,0x0021,0x0021,0x0021,
},
{0x0021,0x0021,0x0021,0x0021,0x0021,0x0021,0x0021,0x0021,0x0021,0x0021,0x0021,0x0021,0x0021,0x0021,0x0021,0x0021,
0x0021,0x0021,0x0021,0x0021,0x0021,0x0021,0x0021,0x0022,0x0022,0x0022,0x0022,0x0022,0x0022,0x0022,0x0022,0x0042,
0x0042,0x0042,0x0043,0x0063,0x0043,0x0063,0x0063,0x0063,0x0063,0x0043,0x0042,0x0042,0x0043,0x0043,0x0043,0x0063,
0x0063,0x0063,0x0064,0x0063,0x0063,0x0063,0x0063,0x0043,0x0043,0x0043,0x0063,0x0064,0x0064,0x0064,0x0064,0x0063,
0x0064,0x0084,0x0085,0x00A5,0x00A5,0x00A5,0x08A6,0x08A6,0x08A6,0x08A5,0x0084,0x0084,0x0084,0x0084,0x0084,0x0084,
0x0084,0x0084,0x08A5,0x0084,0x0063,0x0063,0x0063,0x0063,0x0084,0x0084,0x0084,0x0084,0x0084,0x08A5,0x08A5,0x08A5,
0x0084,0x0885,0x08A5,0x08C6,0x08C6,0x08E6,0x08C6,0x08A6,0x08A5,0x08A5,0x08A5,0x08A5,0x08A5,0x08A5,0x08C6,0x08E7,
0x0907,0x116A,0x118B,0x116A,0x0907,0x0885,0x0084,0x0063,0x08A5,0x08E6,0x08C6,0x10E7,0x08C6,0x0884,0x0063,0x0063,
0x0063,0x0884,0x0884,0x08C6,0x10E7,0x08E6,0x08E7,0x08E7,0x0884,0x0063,0x0063,0x1128,0x19CC,0x222F,0x19EE,0x116A,
0x1129,0x1128,0x0907,0x08E7,0x08C5,0x08A5,0x0884,0x0063,0x0063,0x0084,0x08A6,0x08E6,0x08C6,0x08C6,0x08E7,0x1128,
0x1107,0x08E6,0x1107,0x08C6,0x0084,0x08A5,0x08E6,0x0884,0x0063,0x0063,0x08A5,0x08C5,0x08C6,0x08C5,0x08C6,0x08C6,
0x08A5,0x0884,0x08A5,0x08A4,0x0063,0x0063,0x0084,0x0884,0x0884,0x08C6,0x1108,0x1149,0x1129,0x08E7,0x08C6,0x08C6,
0x08A5,0x08A5,0x08E6,0x1107,0x1107,0x1107,0x1107,0x1108,0x08C6,0x0884,0x0884,0x0084,0x0084,0x0884,0x0884,0x08C6,
0x08E6,0x08C6,0x08A5,0x0884,0x08A5,0x08C5,0x08A4,0x08A4,0x08A5,0x08A4,0x0884,0x08C5,0x08C6,0x08C6,0x08E6,0x08C6,
0x08E6,0x1107,0x1108,0x1107,0x08C5,0x08A5,0x08C6,0x08A5,0x08C5,0x08C5,0x08C6,0x08C5,0x08C6,0x08E7,0x08E7,0x1107,
0x08E7,0x08C6,0x08C6,0x08A5,0x08A5,0x08C6,0x08C6,0x08E7,0x08E7,0x1108,0x116A,0x116A,0x116A,0x1149,0x114A,0x198C,
0x198C,0x114A,0x19AC,0x198B,0x1108,0x08E7,0x08E6,0x08E7,0x08C6,0x08E7,0x116B,0x19AC,0x1108,0x1108,0x1149,0x1149,
0x08E7,0x08C6,0x08C5,0x08A5,0x08A5,0x08A5,0x0884,0x0884,0x0063,0x0863,0x0883,0x08A5,0x08C6,0x08E6,0x08E6,0x08A5,
0x0884,0x0884,0x0063,0x0063,0x08A4,0x08C6,0x08A5,0x10E6,0x1128,0x1149,0x1128,0x1128,0x1128,0x1128,0x1107,0x08C5,
0x08C5,0x0884,0x0884,0x08A5,0x08C6,0x08C6,0x08C5,0x08C6,0x1128,0x1149,0x114A,0x1128,0x1149,0x1128,0x1107,0x10E7,
0x1128,0x1128,0x1108,0x1128,0x1149,0x1149,0x1128,0x1108,0x08E7,0x08C6,0x1107,0x1108,0x1107,0x10E7,0x1107,0x1107,
0x08E7,0x08C6,0x08C6,0x08E7,0x08C6,0x08A5,0x08A5,0x08C6,0x08A5,0x08A5,0x08A5,0x08E6,0x08E7,0x08C6,0x08E6,0x1108,
0x1128,0x08C6,0x08A5,0x08C6,0x1108,0x1128,0x08E6,0x08C6,0x08C5,0x08C6,0x08E6,0x08A5,0x08A5,0x08A5,0x0884,0x0063,
0x0063,0x0084,0x0084,0x0063,0x0084,0x0084,0x0063,0x0042,0x0042,0x0042,0x0042,0x0042,0x0042,0x0042,0x0042,0x0884,
0x08C6,0x08A5,0x0884,0x0063,0x0042,0x0022,0x0042,0x0042,0x0063,0x0063,0x0043,0x0042,0x0063,0x0884,0x0884,0x08A4,
0x08C5,0x0084,0x0042,0x0042,0x0063,0x08C6,0x08C5,0x10E7,0x1128,0x1128,0x1108,0x08E6,0x08E7,0x08E7,0x08E7,0x08C6,
0x08C6,0x08A5,0x08C6,0x1108,0x1129,0x08E7,0x08E7,0x08C6,0x08A5,0x0084,0x08A5,0x08C6,0x08A5,0x0084,0x0084,0x0063,
0x0063,0x0063,0x0064,0x0063,0x0063,0x0063,0x0063,0x0063,0x0063,0x0063,0x0043,0x0063,0x0063,0x0063,0x0043,0x0063,
0x0063,0x0043,0x0043,0x0043,0x0043,0x0042,0x0022,0x0042,0x0022,0x0042,0x0042,0x0043,0x0043,0x0042,0x0042,0x0042,
0x0042,0x0042,0x0042,0x0042,0x0043,0x0063,0x0064,0x0064,0x0063,0x0063,0x0043,0x0043,0x0043,0x0043,0x0042,0x0042,
0x0022,0x0022,0x0022,0x0022,0x0042,0x0043,0x0042,0x0042,0x0022,0x0022,0x0022,0x0022,0x0022,0x0022,0x0022,0x0022,
0x0021,0x0021,0x0021,0x0021,0x0021,0x0021,0x0021,0x0021,0x0021,0x0021,0x0021,0x0021,0x0021,0x0021,0x0021,0x0021,
},
{0x0021,0x0021,0x0021,0x0021,0x0021,0x0021,0x0021,0x0021,0x0021,0x0021,0x0021,0x0021,0x0021,0x0021,0x0021,0x0021,
0x0021,0x0021,0x0021,0x0021,0x0021,0x0022,0x0022,0x0022,0x0022,0x0022,0x0022,0x0022,0x0022,0x0022,0x0022,0x0022,
0x0042,0x0043,0x0043,0x0063,0x0063,0x0064,0x0064,0x0063,0x0063,0x0063,0x0043,0x0042,0x0043,0x0043,0x0063,0x0064,
0x0063,0x0064,0x0084,0x0064,0x0063,0x0063,0x0063,0x0063,0x0043,0x0043,0x0043,0x0043,0x0063,0x0063,0x0063,0x0063,
0x0064,0x0085,0x00A5,0x00A5,0x0085,0x0084,0x0084,0x08A5,0x0085,0x0084,0x0084,0x0084,0x0084,0x0084,0x0084,0x0084,
0x08A5,0x08A5,0x08C6,0x00A5,0x0084,0x0084,0x0084,0x0884,0x0084,0x0084,0x0885,0x08A5,0x08A5,0x08A6,0x08C6,0x08C6,
0x08A5,0x08C6,0x08E7,0x08E6,0x08E7,0x08E7,0x08E7,0x08E7,0x08E7,0x08C6,0x08C6,0x08C6,0x08E6,0x08E7,0x1108,0x1128,
0x19AB,0x116A,0x1107,0x08C6,0x0084,0x0063,0x0063,0x0084,0x0083,0x0063,0x0063,0x0884,0x0884,0x08A4,0x08A5,0x08A5,
0x08C6,0x08E6,0x1107,0x1108,0x1128,0x196A,0x08E6,0x1107,0x10E7,0x1149,0x1128,0x116B,0x116A,0x118B,0x116A,0x1149,
0x1108,0x1107,0x1108,0x1128,0x08C6,0x0884,0x0084,0x0063,0x08A5,0x1149,0x198B,0x114A,0x1129,0x1128,0x1108,0x08A5,
0x0884,0x0084,0x0084,0x0884,0x08A5,0x08C6,0x08E7,0x08A5,0x0063,0x0063,0x08A5,0x08A5,0x08A5,0x08C6,0x08E7,0x08C6,
0x08A4,0x0884,0x0884,0x0063,0x0042,0x0042,0x0063,0x0884,0x0083,0x08A5,0x116A,0x198B,0x198B,0x114A,0x08E7,0x08C6,
0x08A5,0x08A5,0x08E7,0x08E6,0x08A5,0x08A5,0x08E7,0x1108,0x08A5,0x08A5,0x08A5,0x08A5,0x08A5,0x08A5,0x08A5,0x08E6,
0x1107,0x08A5,0x08A4,0x08A5,0x08A5,0x08E7,0x08E7,0x08E6,0x08C5,0x08A5,0x08A5,0x08C5,0x08E6,0x08C6,0x08C6,0x1107,
0x1107,0x1108,0x1107,0x10E7,0x08C6,0x08C6,0x08C6,0x08E6,0x08C6,0x08E6,0x1107,0x1108,0x08C6,0x08C6,0x08C6,0x08C6,
0x08C6,0x08E7,0x08E7,0x08C6,0x08C6,0x08C5,0x08A5,0x08C6,0x1108,0x114A,0x116A,0x1108,0x1108,0x1149,0x114A,0x116B,
0x118B,0x0908,0x08E7,0x0908,0x08E8,0x1128,0x1129,0x1129,0x1129,0x0908,0x1149,0x1128,0x08C6,0x08C6,0x1108,0x08E7,
0x08E7,0x08E7,0x1107,0x1107,0x1107,0x08C6,0x0884,0x0884,0x08A4,0x0884,0x08A5,0x10E7,0x08E6,0x08A5,0x08E6,0x08C6,
0x08C5,0x08A4,0x0883,0x0884,0x0884,0x08A5,0x08A5,0x10E6,0x1128,0x1128,0x1107,0x1107,0x1128,0x1107,0x10E7,0x08C6,
0x08C6,0x08A5,0x0884,0x08A4,0x08C5,0x08E7,0x08E6,0x08E6,0x1128,0x116A,0x1149,0x1149,0x1128,0x1107,0x1107,0x1107,
0x1128,0x1129,0x1128,0x1128,0x1149,0x196A,0x1149,0x1129,0x1128,0x08E7,0x08E7,0x1149,0x1128,0x10E7,0x1128,0x1128,
0x08E7,0x08C6,0x08C6,0x08E6,0x08E7,0x08C6,0x08C6,0x08A5,0x0084,0x0084,0x08A5,0x08A5,0x08C6,0x08E6,0x08C6,0x08E7,
0x1108,0x0907,0x08E6,0x08C6,0x1107,0x1128,0x1107,0x1107,0x10E7,0x08E7,0x08E6,0x08E6,0x08E6,0x08A5,0x0884,0x0063,
0x0083,0x0084,0x0063,0x0063,0x0063,0x0063,0x0063,0x0042,0x0042,0x0042,0x0042,0x0042,0x0042,0x0042,0x0042,0x0063,
0x0884,0x0884,0x0884,0x0063,0x0042,0x0042,0x0042,0x0022,0x0042,0x0063,0x0043,0x0042,0x0042,0x0063,0x0884,0x0884,
0x08A5,0x08A5,0x0084,0x0064,0x0063,0x0084,0x08A5,0x08E6,0x10E7,0x1107,0x1107,0x08E6,0x08C6,0x08C6,0x08E7,0x08C6,
0x08C6,0x08C6,0x08C6,0x08E7,0x1129,0x1108,0x08E7,0x08C6,0x0085,0x08A5,0x08A5,0x08C6,0x08C6,0x08A5,0x0084,0x0063,
0x0063,0x0064,0x0064,0x0063,0x0043,0x0063,0x0064,0x0063,0x0063,0x0063,0x0063,0x0064,0x0063,0x0063,0x0043,0x0063,
0x0063,0x0063,0x0084,0x0064,0x0043,0x0043,0x0042,0x0022,0x0022,0x0042,0x0042,0x0043,0x0043,0x0042,0x0042,0x0063,
0x0063,0x0042,0x0042,0x0043,0x0043,0x0063,0x0063,0x0063,0x0063,0x0064,0x0063,0x0043,0x0043,0x0043,0x0043,0x0042,
0x0022,0x0022,0x0022,0x0022,0x0042,0x0042,0x0042,0x0042,0x0022,0x0022,0x0042,0x0022,0x0022,0x0022,0x0022,0x0021,
0x0021,0x0021,0x0021,0x0021,0x0021,0x0021,0x0021,0x0021,0x0021,0x0021,0x0021,0x0021,0x0021,0x0021,0x0021,0x0021,
},
{0x0021,0x0021,0x0021,0x0021,0x0021,0x0021,0x0021,0x0021,0x0021,0x0021,0x0021,0x0021,0x0021,0x0021,0x0021,0x0021,
0x0021,0x0021,0x0021,0x0021,0x0021,0x0022,0x0022,0x0021,0x0022,0x0022,0x0022,0x0022,0x0022,0x0022,0x0022,0x0022,
0x0042,0x0043,0x0043,0x0063,0x0085,0x0085,0x0064,0x0063,0x0063,0x0043,0x0043,0x0063,0x0063,0x0063,0x0064,0x0084,
0x0064,0x0063,0x0043,0x0063,0x0063,0x0063,0x0063,0x0063,0x0063,0x0043,0x0063,0x0063,0x0043,0x0063,0x0063,0x0063,
0x0064,0x0084,0x0084,0x0084,0x0085,0x0084,0x0084,0x0084,0x0064,0x0064,0x0085,0x0084,0x0084,0x0085,0x0085,0x08A5,
0x08C6,0x08A5,0x08A5,0x08A5,0x08A5,0x08A5,0x08A5,0x08A5,0x08C6,0x08A5,0x08A5,0x08A5,0x08A5,0x08A5,0x08C6,0x08E7,
0x08E7,0x08E7,0x08E7,0x08E7,0x08E7,0x1128,0x1128,0x0908,0x0908,0x0907,0x1108,0x1128,0x1128,0x1108,0x1128,0x1128,
0x116A,0x116A,0x1129,0x08C6,0x08A5,0x0084,0x0884,0x0884,0x0884,0x0884,0x0884,0x08A4,0x08C5,0x08C6,0x08C6,0x08E7,
0x1108,0x1129,0x114A,0x1149,0x198B,0x21ED,0x198B,0x19CC,0x19AC,0x114A,0x1128,0x08C6,0x08C5,0x08E7,0x1128,0x1149,
0x1107,0x08C6,0x10E7,0x08A5,0x0084,0x0063,0x0063,0x0063,0x08E7,0x1149,0x1128,0x1107,0x0063,0x0063,0x0884,0x0063,
0x0063,0x0063,0x0042,0x0063,0x0063,0x0884,0x08A5,0x08A5,0x0084,0x0884,0x08E6,0x08C6,0x08A5,0x0884,0x08A5,0x08A5,
0x08C6,0x08C6,0x08A5,0x08C5,0x08A5,0x08C6,0x1107,0x08E6,0x08A5,0x1128,0x116A,0x116B,0x198B,0x19AC,0x198B,0x08E7,
0x08E6,0x08E6,0x08A5,0x08A5,0x08A5,0x08C5,0x1108,0x1108,0x08C6,0x08E7,0x0907,0x08E7,0x08E7,0x08E7,0x1107,0x1108,
0x1108,0x08C6,0x08A5,0x08A4,0x0884,0x10E7,0x1128,0x1107,0x08E6,0x08E6,0x08E6,0x08C6,0x08E6,0x1107,0x1107,0x1128,
0x1128,0x1128,0x1128,0x1107,0x1107,0x1107,0x10E6,0x1107,0x10E7,0x1107,0x1149,0x196A,0x1108,0x08E6,0x08C5,0x08C5,
0x08C6,0x08E7,0x08E7,0x08E7,0x08E7,0x08C6,0x08A5,0x08C6,0x0908,0x1128,0x1108,0x08E7,0x08E7,0x1107,0x1108,0x1108,
0x1129,0x08C6,0x08A5,0x08C6,0x08E7,0x1108,0x1108,0x08E7,0x1108,0x116B,0x198B,0x116A,0x1129,0x1108,0x08E7,0x08E7,
0x1107,0x1129,0x116A,0x116A,0x1128,0x1128,0x08E6,0x08A5,0x08C5,0x08C6,0x08C6,0x1128,0x1149,0x1128,0x10E7,0x1129,
0x1108,0x10E6,0x08C6,0x08C6,0x0884,0x0884,0x0884,0x08C6,0x08C5,0x08C5,0x08E6,0x08C5,0x10E6,0x08E7,0x08C6,0x08E6,
0x08C6,0x08C6,0x08A5,0x08A5,0x08C6,0x08E7,0x1108,0x1108,0x1128,0x1149,0x198B,0x1149,0x1128,0x1128,0x1107,0x1128,
0x198B,0x196A,0x1129,0x1149,0x1128,0x116A,0x19AB,0x1169,0x1108,0x1107,0x10E7,0x1149,0x1149,0x1107,0x1149,0x1128,
0x08E7,0x1107,0x08E6,0x08E7,0x08E7,0x08C6,0x08C6,0x08A5,0x0084,0x0084,0x0084,0x0884,0x08A4,0x08A5,0x08A5,0x08A5,
0x08C6,0x08C6,0x08C6,0x08C6,0x08E6,0x1107,0x1128,0x10E7,0x10E7,0x10E7,0x08E6,0x08C6,0x08E6,0x08C6,0x08A5,0x0884,
0x0884,0x0884,0x0063,0x0063,0x0063,0x0063,0x0884,0x08A5,0x0063,0x0042,0x0042,0x0043,0x0043,0x0063,0x0063,0x0043,
0x0063,0x0084,0x0063,0x0063,0x0042,0x0042,0x0042,0x0022,0x0042,0x0043,0x0063,0x0063,0x0042,0x0043,0x0043,0x0042,
0x0063,0x08A5,0x08A5,0x08A5,0x0884,0x0063,0x08A5,0x08C6,0x08C6,0x08C6,0x08E6,0x08E7,0x08E6,0x08C6,0x08A5,0x08A5,
0x08A5,0x08C6,0x08E7,0x116A,0x19AC,0x08E7,0x08E6,0x08E7,0x08C6,0x08C6,0x08C6,0x08C6,0x08A5,0x0084,0x0084,0x0084,
0x0084,0x0063,0x0084,0x0064,0x0063,0x0043,0x0064,0x0064,0x0064,0x0063,0x0063,0x0063,0x0064,0x0084,0x0063,0x0063,
0x0043,0x0043,0x0063,0x0064,0x0063,0x0043,0x0043,0x0042,0x0042,0x0043,0x0043,0x0042,0x0043,0x0063,0x0063,0x0084,
0x0064,0x0042,0x0042,0x0043,0x0063,0x0043,0x0063,0x0063,0x0063,0x0064,0x0064,0x0064,0x0063,0x0043,0x0042,0x0042,
0x0022,0x0022,0x0022,0x0022,0x0022,0x0022,0x0022,0x0022,0x0022,0x0022,0x0022,0x0022,0x0022,0x0022,0x0022,0x0021,
0x0021,0x0021,0x0021,0x0021,0x0021,0x0021,0x0021,0x0021,0x0021,0x0021,0x0021,0x0021,0x0021,0x0021,0x0021,0x0021,
},
{0x0021,0x0021,0x0021,0x0021,0x0021,0x0021,0x0021,0x0021,0x0021,0x0021,0x0021,0x0021,0x0021,0x0022,0x0022,0x0021,
0x0022,0x0021,0x0021,0x0021,0x0021,0x0022,0x0022,0x0022,0x0022,0x0022,0x0022,0x0022,0x0022,0x0022,0x0022,0x0022,
0x0042,0x0043,0x0043,0x0063,0x0085,0x0064,0x0043,0x0043,0x0043,0x0043,0x0043,0x0043,0x0063,0x0084,0x0084,0x0064,
0x0064,0x0063,0x0063,0x0043,0x0043,0x0063,0x0063,0x0063,0x0063,0x0063,0x0043,0x0043,0x0043,0x0063,0x0063,0x0063,
0x0063,0x0084,0x0084,0x0084,0x0084,0x0084,0x08A5,0x08A5,0x0085,0x0084,0x0085,0x08A5,0x08A5,0x08A5,0x08A5,0x08A5,
0x08C6,0x08C6,0x08C6,0x08A5,0x08A5,0x08A5,0x08A5,0x08A5,0x08C6,0x08C6,0x08C6,0x08C6,0x08C6,0x08A5,0x08C6,0x08E7,
0x0908,0x08E7,0x08C6,0x08C6,0x08C6,0x0907,0x1108,0x1108,0x08E7,0x08E7,0x08E7,0x08E7,0x08E7,0x1108,0x1149,0x19AC,
0x222F,0x19ED,0x1149,0x1128,0x08E7,0x08A5,0x08A5,0x0084,0x0084,0x08A5,0x08E7,0x10E7,0x08C6,0x08C6,0x08E7,0x1128,
0x1129,0x08E8,0x1149,0x114A,0x1128,0x1149,0x0908,0x08E7,0x08E7,0x08C6,0x08A5,0x0884,0x08A5,0x08E6,0x08E7,0x1108,
0x1107,0x08C6,0x0884,0x0063,0x0063,0x0042,0x0042,0x0042,0x0064,0x0884,0x0884,0x08A5,0x0043,0x0063,0x0063,0x0063,
0x0063,0x0084,0x08A5,0x0884,0x0063,0x08A4,0x08C6,0x08E7,0x0907,0x0907,0x1128,0x1149,0x08E7,0x08A5,0x08A5,0x08A4,
0x08A5,0x08E6,0x08C6,0x08E6,0x08E7,0x10E7,0x10E7,0x08E6,0x08E7,0x116A,0x198B,0x114A,0x1149,0x114A,0x1129,0x08E7,
0x1107,0x08E7,0x1149,0x1129,0x08E7,0x1107,0x1108,0x0908,0x1128,0x1149,0x116A,0x1149,0x1108,0x1108,0x1149,0x116A,
0x1128,0x08E7,0x08C6,0x08A5,0x08A5,0x1107,0x1128,0x1128,0x10E7,0x10E7,0x1108,0x10E7,0x08E6,0x1128,0x1108,0x1107,
0x1107,0x10E7,0x1107,0x1128,0x1128,0x1128,0x1128,0x10E7,0x08E7,0x1128,0x1149,0x196A,0x1149,0x1107,0x1107,0x1107,
0x1107,0x1128,0x1128,0x1107,0x08E6,0x08C6,0x08C6,0x08C6,0x08E7,0x1108,0x1128,0x1129,0x1149,0x1128,0x1129,0x1108,
0x1108,0x08E7,0x08C6,0x08E7,0x1129,0x1129,0x1108,0x08E7,0x08E7,0x1129,0x114A,0x196B,0x198C,0x198B,0x198B,0x198B,
0x116A,0x116A,0x1149,0x1149,0x1149,0x1149,0x1129,0x1108,0x08C6,0x08C6,0x08E6,0x08E7,0x1108,0x116A,0x1149,0x1128,
0x116A,0x1128,0x10E7,0x1107,0x08A5,0x0883,0x0884,0x08A4,0x08A5,0x08A4,0x08A5,0x0884,0x08C5,0x1107,0x1107,0x08E6,
0x08E7,0x1107,0x08C5,0x08A5,0x08C5,0x08E6,0x1128,0x1128,0x1128,0x198B,0x19CC,0x196A,0x1149,0x1128,0x1149,0x198B,
0x19ED,0x21ED,0x196A,0x1128,0x1128,0x1128,0x196A,0x19AB,0x1128,0x1107,0x08E7,0x1128,0x1169,0x1128,0x116A,0x196A,
0x1128,0x1128,0x1108,0x1107,0x08E6,0x08C6,0x08C6,0x08C5,0x08A5,0x0884,0x0884,0x0884,0x08A5,0x08A5,0x0884,0x08A5,
0x08C5,0x08C5,0x08C5,0x08C5,0x08C5,0x08E6,0x1107,0x08E6,0x1107,0x1107,0x1107,0x08E6,0x08C6,0x08C6,0x08C5,0x08A5,
0x0884,0x0884,0x0063,0x0063,0x0043,0x0063,0x08C5,0x08A5,0x08A5,0x08C5,0x0084,0x0063,0x0063,0x0063,0x0063,0x0063,
0x0063,0x0063,0x0043,0x0063,0x0043,0x0022,0x0042,0x0042,0x0042,0x0043,0x0063,0x0084,0x0063,0x0042,0x0042,0x0042,
0x0042,0x0063,0x0084,0x0884,0x08A5,0x0884,0x0884,0x08E6,0x08E6,0x08C5,0x08C6,0x08E6,0x1107,0x08C6,0x08A5,0x08A5,
0x08A5,0x08C6,0x1108,0x196A,0x198B,0x1128,0x08C6,0x08E7,0x08E7,0x08E6,0x08C6,0x08C6,0x0885,0x0084,0x0084,0x0084,
0x0084,0x0084,0x0084,0x0064,0x0063,0x0063,0x0064,0x0064,0x0064,0x0063,0x0063,0x0063,0x0064,0x0084,0x0064,0x0063,
0x0063,0x0043,0x0042,0x0043,0x0063,0x0043,0x0043,0x0042,0x0042,0x0043,0x0042,0x0042,0x0043,0x0064,0x0085,0x0085,
0x0084,0x0042,0x0043,0x0064,0x0043,0x0043,0x0063,0x0063,0x0064,0x0064,0x0063,0x0063,0x0063,0x0043,0x0042,0x0042,
0x0042,0x0022,0x0022,0x0022,0x0022,0x0022,0x0022,0x0022,0x0022,0x0042,0x0022,0x0022,0x0022,0x0022,0x0022,0x0022,
0x0021,0x0021,0x0021,0x0021,0x0021,0x0021,0x0021,0x0021,0x0021,0x0021,0x0021,0x0021,0x0021,0x0021,0x0021,0x0021,
},
{0x0021,0x0021,0x0021,0x0021,0x0021,0x0021,0x0021,0x0021,0x0021,0x0021,0x0021,0x0021,0x0021,0x0021,0x0022,0x0022,
0x0022,0x0021,0x0021,0x0021,0x0021,0x0022,0x0022,0x0022,0x0022,0x0022,0x0022,0x0022,0x0022,0x0022,0x0022,0x0022,
0x0022,0x0042,0x0043,0x0064,0x0064,0x0064,0x0043,0x0043,0x0043,0x0043,0x0063,0x0043,0x0063,0x0064,0x0064,0x0064,
0x0063,0x0063,0x0063,0x0043,0x0043,0x0063,0x0063,0x0063,0x0063,0x0063,0x0063,0x0043,0x0043,0x0063,0x0064,0x0064,
0x0064,0x0084,0x0084,0x0084,0x0084,0x0885,0x0885,0x08C6,0x08C6,0x08A5,0x08C6,0x08E7,0x08E7,0x08C6,0x08C6,0x08C6,
0x08C6,0x08C6,0x08E7,0x08C6,0x08A5,0x08A5,0x08C6,0x08C6,0x08C6,0x08E7,0x08E7,0x08E7,0x08E7,0x08E7,0x08E7,0x08C6,
0x08C6,0x08C6,0x08C6,0x08C6,0x08E6,0x08E7,0x1108,0x1108,0x08C5,0x08A5,0x08A5,0x08E7,0x08E7,0x0907,0x1149,0x19CD,
0x2A6F,0x1149,0x08E6,0x1107,0x08E7,0x0884,0x0063,0x0063,0x0063,0x08A5,0x1107,0x1107,0x1128,0x1128,0x1108,0x1128,
0x08E7,0x08A5,0x08E7,0x1129,0x0908,0x0908,0x08E7,0x08E6,0x08C6,0x08A5,0x08A5,0x08A5,0x08C6,0x08A5,0x08A5,0x08A5,
0x08A5,0x0063,0x0043,0x0063,0x0063,0x0063,0x0063,0x0043,0x0042,0x0043,0x0043,0x0063,0x0063,0x0063,0x0063,0x0042,
0x0043,0x0083,0x08A5,0x08A6,0x08C6,0x08C6,0x08C6,0x08E6,0x08E7,0x1108,0x1128,0x1128,0x08E7,0x08C6,0x08A5,0x0884,
0x0884,0x08A5,0x08A5,0x08A5,0x08A5,0x08C5,0x08C6,0x08E7,0x1149,0x116A,0x198B,0x116B,0x114A,0x1129,0x08E7,0x08C6,
0x08C6,0x08A5,0x0907,0x1129,0x1108,0x08E7,0x08E7,0x08E6,0x1107,0x1129,0x1128,0x1107,0x10E7,0x1128,0x114A,0x1149,
0x1128,0x1128,0x1108,0x08E7,0x0907,0x1129,0x196A,0x1149,0x1108,0x1128,0x1149,0x1149,0x1128,0x1128,0x1108,0x1107,
0x08E6,0x10E7,0x1128,0x196A,0x1128,0x1107,0x1107,0x10E6,0x1128,0x1149,0x196A,0x19AB,0x116A,0x1107,0x1128,0x1149,
0x1149,0x116A,0x1149,0x1128,0x1107,0x08E7,0x08E7,0x08E6,0x08E6,0x08E7,0x1128,0x1149,0x1149,0x1129,0x1149,0x1129,
0x1129,0x1108,0x1108,0x1149,0x116A,0x114A,0x1149,0x1128,0x1108,0x1129,0x1129,0x1128,0x116A,0x196B,0x116A,0x116A,
0x196B,0x114A,0x1128,0x198B,0x19AB,0x196A,0x1149,0x1107,0x08C6,0x08C6,0x08C6,0x1107,0x1149,0x1129,0x196A,0x1149,
0x1108,0x1128,0x10E7,0x08A4,0x0884,0x0063,0x0884,0x08C5,0x08C6,0x1128,0x08A5,0x0884,0x1107,0x196A,0x1128,0x1128,
0x1128,0x196A,0x1107,0x08C5,0x08A5,0x08E6,0x1128,0x196A,0x196A,0x19AB,0x19CC,0x19CC,0x19AB,0x1128,0x1149,0x19AB,
0x19AC,0x220D,0x21ED,0x19AB,0x1149,0x1128,0x1128,0x1969,0x1969,0x1128,0x1107,0x1128,0x1949,0x196A,0x1149,0x196A,
0x116A,0x1149,0x1149,0x1128,0x08C6,0x08C6,0x08C6,0x08C6,0x08A5,0x08A5,0x0884,0x0884,0x08A5,0x08A5,0x0884,0x0884,
0x08A5,0x08A5,0x08A5,0x08C5,0x08C5,0x08A5,0x1107,0x1128,0x1107,0x1107,0x1107,0x10E6,0x08E6,0x08E6,0x08C6,0x08A4,
0x0884,0x0884,0x0884,0x0063,0x0063,0x0063,0x0083,0x0084,0x08A4,0x08C5,0x08A4,0x0063,0x0042,0x0063,0x0884,0x0063,
0x0042,0x0042,0x0042,0x0063,0x0063,0x0042,0x0042,0x0042,0x0042,0x0042,0x0064,0x08A5,0x0063,0x0042,0x0042,0x0022,
0x0042,0x0063,0x0063,0x0884,0x08C5,0x0884,0x0884,0x08C6,0x08C6,0x08C6,0x08C6,0x08C6,0x1128,0x1108,0x08A5,0x08C5,
0x08A5,0x08A5,0x1107,0x1129,0x1149,0x1128,0x08E7,0x0908,0x08E7,0x08E7,0x08E7,0x08C6,0x0884,0x0884,0x0084,0x0063,
0x0084,0x0085,0x0084,0x0084,0x0064,0x0063,0x0064,0x0084,0x0084,0x0064,0x0064,0x0064,0x0064,0x0064,0x0064,0x0063,
0x0063,0x0063,0x0063,0x0043,0x0043,0x0043,0x0042,0x0042,0x0022,0x0042,0x0042,0x0042,0x0043,0x0085,0x08A6,0x00A5,
0x0064,0x0022,0x0042,0x0063,0x0042,0x0042,0x0063,0x0043,0x0043,0x0063,0x0063,0x0063,0x0043,0x0043,0x0042,0x0042,
0x0042,0x0042,0x0022,0x0022,0x0022,0x0022,0x0022,0x0022,0x0022,0x0042,0x0042,0x0022,0x0022,0x0022,0x0022,0x0022,
0x0022,0x0021,0x0021,0x0021,0x0021,0x0021,0x0021,0x0021,0x0021,0x0021,0x0021,0x0021,0x0021,0x0021,0x0021,0x0021,
},
{0x0021,0x0021,0x0021,0x0021,0x0021,0x0021,0x0021,0x0021,0x0021,0x0021,0x0021,0x0021,0x0021,0x0021,0x0022,0x0022,
0x0022,0x0022,0x0022,0x0022,0x0022,0x0022,0x0022,0x0022,0x0022,0x0022,0x0022,0x0022,0x0022,0x0022,0x0022,0x0042,
0x0042,0x0042,0x0063,0x0064,0x0063,0x0063,0x0063,0x0043,0x0043,0x0043,0x0063,0x0063,0x0063,0x0064,0x0064,0x0063,
0x0063,0x0063,0x0043,0x0043,0x0063,0x0063,0x0063,0x0064,0x0084,0x0064,0x0063,0x0063,0x0063,0x0063,0x0063,0x0064,
0x0084,0x0084,0x0084,0x0084,0x0085,0x08A5,0x08C6,0x08C6,0x08C7,0x08E7,0x0908,0x08E7,0x08C6,0x08C6,0x08C7,0x08E7,
0x0908,0x1108,0x0907,0x08C6,0x08E7,0x0907,0x08E7,0x08E7,0x08E7,0x08E7,0x08E7,0x1108,0x1108,0x1108,0x1108,0x0908,
0x1108,0x0908,0x08E7,0x08E7,0x08E7,0x08E7,0x1149,0x1108,0x08C6,0x0064,0x08A5,0x1128,0x1128,0x1128,0x1108,0x1149,
0x08E6,0x08A5,0x08A5,0x08A5,0x0884,0x0063,0x0063,0x0063,0x0063,0x08A5,0x08E6,0x08E6,0x08E6,0x1107,0x1149,0x1128,
0x08E7,0x08A5,0x0885,0x08A5,0x08C6,0x1108,0x08E7,0x08E7,0x08E7,0x08A5,0x08A5,0x08C6,0x08C6,0x08A5,0x08A5,0x0884,
0x08A5,0x0884,0x0063,0x0063,0x0084,0x0084,0x0063,0x0063,0x0042,0x0042,0x0043,0x0063,0x0063,0x0043,0x0042,0x0042,
0x0042,0x0063,0x0063,0x0084,0x0884,0x0884,0x0884,0x08C6,0x08C6,0x1107,0x1128,0x1128,0x0907,0x08A5,0x0884,0x0084,
0x0884,0x08A5,0x08A5,0x08A5,0x08C6,0x08E7,0x1108,0x1107,0x08E7,0x1108,0x1108,0x1108,0x1149,0x1107,0x08C6,0x08A5,
0x08A5,0x0884,0x08A5,0x08E7,0x08E7,0x08C6,0x08C6,0x08C6,0x08A5,0x08E7,0x1108,0x08E7,0x08E7,0x1108,0x1149,0x1149,
0x0908,0x08E7,0x1108,0x1128,0x1128,0x1128,0x1128,0x1107,0x1107,0x1149,0x1149,0x1128,0x1128,0x1149,0x1149,0x1128,
0x1128,0x1149,0x1149,0x116A,0x196A,0x198A,0x196A,0x198A,0x19AB,0x21CC,0x21EC,0x19AB,0x198A,0x198A,0x196A,0x196A,
0x19CC,0x19AC,0x196B,0x116A,0x116A,0x1149,0x1108,0x08E7,0x08E7,0x08E7,0x1107,0x1129,0x1129,0x1129,0x1149,0x1149,
0x1129,0x1128,0x1129,0x19AC,0x198B,0x1149,0x1129,0x1129,0x1149,0x1149,0x1129,0x1128,0x1128,0x1149,0x1149,0x114A,
0x198C,0x19AC,0x198B,0x198B,0x198B,0x198B,0x196A,0x1128,0x1107,0x1149,0x1108,0x08E7,0x114A,0x196B,0x198B,0x220E,
0x19CD,0x1108,0x08E6,0x08C6,0x0884,0x0883,0x08A4,0x10E7,0x1128,0x19AB,0x1128,0x08A5,0x1128,0x196A,0x1128,0x1149,
0x196A,0x19AB,0x198A,0x1107,0x08C6,0x08E6,0x1107,0x196A,0x1128,0x1149,0x19AB,0x19AB,0x1128,0x08E6,0x1107,0x1149,
0x196A,0x222E,0x21CC,0x1969,0x196A,0x196A,0x1149,0x1969,0x198A,0x1969,0x1148,0x1128,0x1949,0x198A,0x196A,0x198B,
0x19AC,0x198B,0x1149,0x1108,0x08E7,0x08E6,0x08C6,0x08C6,0x08C6,0x08C6,0x0884,0x0884,0x0884,0x0884,0x0884,0x0884,
0x0884,0x0884,0x08A4,0x08A5,0x08A5,0x08A4,0x08C5,0x1107,0x10E7,0x08E6,0x08E6,0x08E6,0x10E6,0x08E6,0x08E6,0x08C6,
0x08A5,0x08A4,0x08A4,0x0884,0x0063,0x0063,0x0063,0x0063,0x0063,0x0084,0x0884,0x0084,0x0063,0x0884,0x08A4,0x0083,
0x0063,0x0042,0x0042,0x0042,0x0063,0x0043,0x0043,0x0043,0x0042,0x0043,0x0063,0x0884,0x0084,0x0022,0x0022,0x0022,
0x0042,0x0042,0x0063,0x0084,0x08A5,0x0084,0x0084,0x08A5,0x08A5,0x08A5,0x08A4,0x08A5,0x1128,0x1108,0x08C6,0x08A5,
0x08A5,0x08C6,0x08E7,0x08E7,0x08E7,0x08E7,0x08C6,0x08E7,0x1108,0x08E7,0x08E7,0x08C6,0x0084,0x0084,0x0084,0x0063,
0x0885,0x08A6,0x0885,0x0084,0x0064,0x0084,0x0084,0x0084,0x0084,0x0084,0x0084,0x0084,0x0084,0x0084,0x0084,0x0063,
0x0063,0x0064,0x0063,0x0063,0x0063,0x0043,0x0043,0x0042,0x0022,0x0042,0x0042,0x0042,0x0063,0x00A5,0x00A6,0x0064,
0x0043,0x0022,0x0043,0x0063,0x0043,0x0043,0x0063,0x0063,0x0043,0x0063,0x0064,0x0064,0x0063,0x0043,0x0043,0x0042,
0x0042,0x0042,0x0022,0x0022,0x0022,0x0022,0x0022,0x0022,0x0042,0x0042,0x0042,0x0042,0x0042,0x0022,0x0022,0x0022,
0x0022,0x0021,0x0021,0x0021,0x0021,0x0021,0x0021,0x0021,0x0021,0x0021,0x0021,0x0021,0x0021,0x0021,0x0021,0x0021,
},
{0x0021,0x0021,0x0021,0x0021,0x0021,0x0021,0x0021,0x0021,0x0021,0x0021,0x0021,0x0021,0x0021,0x0022,0x0022,0x0022,
0x0022,0x0022,0x0022,0x0022,0x0022,0x0022,0x0042,0x0042,0x0022,0x0022,0x0022,0x0022,0x0022,0x0022,0x0022,0x0042,
0x0042,0x0042,0x0043,0x0063,0x0043,0x0043,0x0043,0x0043,0x0043,0x0063,0x0084,0x0064,0x0063,0x0064,0x0064,0x0064,
0x0064,0x0063,0x0063,0x0063,0x0084,0x0064,0x0064,0x0064,0x0084,0x0084,0x0084,0x0084,0x0064,0x0064,0x0084,0x0084,
0x0085,0x0084,0x0085,0x0085,0x08A5,0x08C6,0x08C6,0x08C7,0x08E7,0x0908,0x114A,0x0929,0x0908,0x08E7,0x0908,0x1129,
0x116A,0x114A,0x08E7,0x08E6,0x0907,0x0908,0x0907,0x0907,0x08E7,0x0908,0x1108,0x1149,0x1149,0x1108,0x08E7,0x08C6,
0x1108,0x08E7,0x08C6,0x08C6,0x08E6,0x08E6,0x08E6,0x08C6,0x0885,0x08E7,0x1128,0x08C6,0x08E6,0x08E7,0x08E6,0x08C5,
0x08A5,0x08A5,0x0884,0x0063,0x0063,0x0063,0x0064,0x0884,0x08A5,0x08E7,0x0907,0x08A6,0x0084,0x08C6,0x08E7,0x08E7,
0x08C6,0x0085,0x0064,0x0064,0x0063,0x0884,0x08A5,0x08A5,0x08A5,0x0084,0x0063,0x0084,0x08A5,0x08C6,0x08C6,0x08C6,
0x08E7,0x08C6,0x0885,0x08A5,0x08A5,0x08A5,0x0884,0x0063,0x0063,0x0063,0x0063,0x0063,0x0063,0x0063,0x0042,0x0042,
0x0063,0x0063,0x0063,0x0063,0x0063,0x0063,0x0063,0x0884,0x08A5,0x08A5,0x08C6,0x08C6,0x0884,0x0884,0x08A5,0x08C6,
0x08C6,0x08C6,0x08A6,0x08C6,0x08C6,0x08C6,0x08C6,0x08C6,0x0884,0x0884,0x08A5,0x08A5,0x08E6,0x08C6,0x08A5,0x0884,
0x08A5,0x08C6,0x08A5,0x08C6,0x08C6,0x08E6,0x08C6,0x08C6,0x08E6,0x08E7,0x1128,0x1129,0x1108,0x1108,0x1149,0x1108,
0x08E7,0x08E7,0x08E7,0x1128,0x1129,0x08E7,0x08C6,0x10E6,0x1107,0x1128,0x1108,0x08E7,0x08C6,0x08E6,0x08E7,0x1128,
0x1128,0x1128,0x10E7,0x08E7,0x1128,0x116A,0x116A,0x1149,0x19AB,0x21CC,0x19AC,0x19AC,0x19CC,0x198B,0x198B,0x198A,
0x198B,0x198A,0x198A,0x19AC,0x19AC,0x198B,0x198B,0x114A,0x1149,0x1129,0x1129,0x116A,0x198B,0x116B,0x196B,0x116A,
0x1149,0x1129,0x1128,0x116A,0x19AB,0x19AC,0x198B,0x196B,0x196A,0x116A,0x1149,0x1149,0x1149,0x1129,0x114A,0x116B,
0x116B,0x198C,0x19AC,0x116A,0x1149,0x114A,0x116A,0x116A,0x1149,0x19AC,0x19AC,0x116A,0x198B,0x198B,0x116A,0x21EE,
0x2A70,0x19AC,0x1149,0x196A,0x10E7,0x08A5,0x08E6,0x10E7,0x1128,0x19AB,0x19CC,0x1107,0x08C5,0x08C5,0x08A5,0x08C5,
0x10E6,0x1149,0x196A,0x1107,0x08A5,0x08C5,0x08C6,0x1149,0x1149,0x10E7,0x1149,0x19AC,0x198A,0x08A5,0x0884,0x08A5,
0x10E7,0x10E7,0x10E6,0x1128,0x1969,0x19AB,0x198B,0x196A,0x198A,0x198A,0x198A,0x196A,0x196A,0x198A,0x196A,0x21ED,
0x19CD,0x198B,0x114A,0x1128,0x1108,0x1107,0x08E7,0x1108,0x1128,0x08E7,0x08A5,0x0884,0x0884,0x0884,0x0884,0x0884,
0x0083,0x0884,0x0884,0x08A5,0x0884,0x0884,0x0884,0x08C5,0x1107,0x1107,0x08E6,0x08C5,0x08E6,0x08E6,0x08E6,0x10E7,
0x08E6,0x08A5,0x08A4,0x08A5,0x0884,0x0083,0x0083,0x0063,0x0063,0x0063,0x0063,0x0063,0x0042,0x0063,0x0884,0x0084,
0x0063,0x0043,0x0042,0x0042,0x0042,0x0043,0x0043,0x0063,0x0042,0x0042,0x0042,0x0063,0x0084,0x0042,0x0022,0x0022,
0x0022,0x0042,0x0042,0x0063,0x08A5,0x08A5,0x08A5,0x08A5,0x08A4,0x0063,0x0063,0x0084,0x08C5,0x08E7,0x1128,0x08E6,
0x08A5,0x08C6,0x08C6,0x08A5,0x08C6,0x08E7,0x08C6,0x08E7,0x1108,0x08C6,0x08A5,0x08A5,0x0884,0x0084,0x0084,0x0084,
0x08A5,0x08C6,0x08A5,0x0084,0x0084,0x0084,0x0085,0x0085,0x0085,0x0084,0x0084,0x0085,0x0064,0x0084,0x08A5,0x0084,
0x0064,0x0064,0x0063,0x0063,0x0063,0x0043,0x0043,0x0043,0x0043,0x0043,0x0063,0x0064,0x0063,0x0084,0x08A6,0x0085,
0x0064,0x0042,0x0043,0x0064,0x0084,0x0063,0x0063,0x0063,0x0043,0x0063,0x0064,0x0084,0x0064,0x0043,0x0043,0x0043,
0x0043,0x0042,0x0042,0x0042,0x0022,0x0022,0x0022,0x0022,0x0022,0x0022,0x0022,0x0042,0x0042,0x0022,0x0022,0x0022,
0x0022,0x0021,0x0021,0x0021,0x0021,0x0021,0x0021,0x0021,0x0021,0x0021,0x0021,0x0021,0x0021,0x0021,0x0021,0x0021,
},
{0x0021,0x0021,0x0021,0x0021,0x0021,0x0021,0x0021,0x0021,0x0021,0x0021,0x0021,0x0021,0x0021,0x0022,0x0022,0x0042,
0x0022,0x0022,0x0022,0x0022,0x0022,0x0043,0x0043,0x0042,0x0042,0x0022,0x0022,0x0022,0x0022,0x0022,0x0022,0x0042,
0x0042,0x0042,0x0043,0x0043,0x0043,0x0043,0x0043,0x0063,0x0063,0x0063,0x0084,0x0064,0x0063,0x0063,0x0064,0x0064,
0x0064,0x0084,0x0084,0x0084,0x0084,0x0084,0x0084,0x0064,0x0064,0x0084,0x0084,0x0084,0x0084,0x0085,0x0084,0x0085,
0x08A5,0x08A5,0x08A5,0x08C6,0x08C6,0x08C6,0x08E7,0x08E7,0x08E7,0x1129,0x114A,0x114A,0x114A,0x114A,0x118B,0x19AC,
0x19AC,0x19ED,0x220E,0x116A,0x08C6,0x1108,0x1149,0x1129,0x116A,0x114A,0x116B,0x118B,0x1129,0x0884,0x08A5,0x08C6,
0x08E7,0x08C6,0x08C6,0x08C6,0x08A5,0x0063,0x0063,0x0063,0x08A5,0x08A5,0x08A5,0x08C6,0x08E7,0x1128,0x1129,0x1108,
0x08E7,0x08C6,0x08A5,0x0885,0x0084,0x0084,0x0884,0x08A5,0x08A5,0x08E6,0x08C6,0x08A5,0x08A6,0x08A5,0x0085,0x0084,
0x0084,0x0084,0x0084,0x0063,0x0063,0x0063,0x0084,0x0884,0x0084,0x0063,0x0063,0x0885,0x08A5,0x08C5,0x08E6,0x08E7,
0x08C6,0x08C6,0x08A5,0x08A5,0x08E6,0x08E6,0x08C6,0x08C6,0x08A5,0x08A5,0x08A5,0x0084,0x0884,0x0884,0x0063,0x0063,
0x0063,0x0063,0x0063,0x0063,0x0084,0x0064,0x0064,0x0084,0x0063,0x0084,0x0884,0x0884,0x0884,0x08A5,0x08E7,0x08E7,
0x08C6,0x08C7,0x08C6,0x08C6,0x08A5,0x08A5,0x08A5,0x0884,0x0884,0x0884,0x08A4,0x08C6,0x08C6,0x08A5,0x08A5,0x08C5,
0x08C6,0x08C6,0x08C6,0x08C6,0x08E6,0x08E7,0x08E7,0x08C6,0x08E7,0x0907,0x1129,0x1129,0x1129,0x1149,0x1149,0x1149,
0x1149,0x114A,0x1149,0x114A,0x116A,0x1108,0x08E6,0x1107,0x1107,0x1128,0x1949,0x1128,0x08C6,0x08A5,0x08E6,0x1107,
0x1107,0x1128,0x1149,0x1129,0x1128,0x1107,0x10E7,0x08E7,0x08C6,0x1107,0x198A,0x19AB,0x19CC,0x19AB,0x198B,0x198B,
0x198B,0x198A,0x198B,0x198B,0x19CC,0x19AC,0x19AC,0x19AC,0x19AB,0x196A,0x198A,0x19AC,0x19CC,0x19ED,0x19CD,0x19CC,
0x19AB,0x114A,0x1128,0x1149,0x116A,0x19AC,0x19CC,0x19CD,0x19AC,0x116A,0x1128,0x1128,0x1128,0x1128,0x196A,0x198B,
0x116B,0x116A,0x116A,0x1149,0x1149,0x116A,0x198B,0x196A,0x1149,0x114A,0x1129,0x1149,0x1149,0x1129,0x1149,0x116A,
0x19AC,0x21CC,0x198B,0x21CC,0x19AB,0x1128,0x1148,0x1128,0x10E7,0x198A,0x222E,0x21ED,0x1149,0x08A5,0x08A5,0x08C5,
0x0884,0x08A4,0x1107,0x08A5,0x0883,0x0883,0x0884,0x1969,0x1128,0x08C5,0x10E7,0x1149,0x1128,0x08C5,0x08A4,0x0884,
0x0884,0x0884,0x08A4,0x1107,0x198A,0x19AB,0x198A,0x1148,0x196A,0x21ED,0x21CC,0x19CC,0x19AB,0x19AB,0x198A,0x19AB,
0x19CC,0x198B,0x196A,0x1129,0x1108,0x08E7,0x08E6,0x1128,0x1129,0x08E7,0x08C6,0x08A5,0x0884,0x0884,0x0884,0x0083,
0x0063,0x0063,0x0084,0x0084,0x0884,0x0884,0x0884,0x08C6,0x1148,0x1149,0x1107,0x10E6,0x10E6,0x10E7,0x08E6,0x08E6,
0x08E6,0x08A5,0x0884,0x08A4,0x0884,0x0884,0x0884,0x0884,0x0063,0x0063,0x0063,0x0063,0x0884,0x0063,0x0042,0x0042,
0x0043,0x0063,0x0063,0x0043,0x0042,0x0042,0x0042,0x0042,0x0042,0x0042,0x0063,0x0043,0x0042,0x0042,0x0042,0x0022,
0x0022,0x0042,0x0042,0x0063,0x0884,0x08A5,0x08C6,0x08C6,0x08A4,0x0063,0x0063,0x0063,0x0084,0x08A5,0x1129,0x1108,
0x08C6,0x08C6,0x08A5,0x08A5,0x08C5,0x08E7,0x08C6,0x1149,0x1128,0x08E7,0x08C6,0x08C5,0x08C5,0x08A5,0x0884,0x0084,
0x08A5,0x08A6,0x08A5,0x0085,0x0084,0x0084,0x0084,0x00A5,0x08A5,0x0084,0x0084,0x0084,0x0084,0x0084,0x08A6,0x0084,
0x0064,0x0064,0x0064,0x0063,0x0063,0x0063,0x0043,0x0063,0x0063,0x0063,0x0084,0x0084,0x0063,0x0084,0x0085,0x0085,
0x08E7,0x0084,0x0063,0x0063,0x0084,0x0063,0x0063,0x0064,0x0063,0x0063,0x0064,0x0084,0x0084,0x0064,0x0063,0x0063,
0x0043,0x0042,0x0042,0x0042,0x0042,0x0042,0x0042,0x0042,0x0022,0x0022,0x0042,0x0042,0x0042,0x0022,0x0022,0x0022,
0x0022,0x0022,0x0021,0x0021,0x0021,0x0021,0x0021,0x0021,0x0021,0x0021,0x0021,0x0021,0x0021,0x0021,0x0021,0x0021,
},
{0x0021,0x0021,0x0021,0x0021,0x0021,0x0021,0x0021,0x0021,0x0021,0x0021,0x0021,0x0021,0x0021,0x0022,0x0022,0x0022,
0x0022,0x0022,0x0022,0x0022,0x0022,0x0042,0x0043,0x0042,0x0022,0x0022,0x0022,0x0022,0x0022,0x0022,0x0042,0x0042,
0x0042,0x0043,0x0043,0x0043,0x0042,0x0043,0x0043,0x0043,0x0063,0x0085,0x0084,0x0063,0x0063,0x0063,0x0063,0x0063,
0x0064,0x0064,0x0084,0x0085,0x0085,0x0085,0x0084,0x0084,0x0063,0x0064,0x0084,0x0084,0x08A5,0x0085,0x08A5,0x08A6,
0x08A5,0x08A5,0x08C6,0x08C6,0x08C6,0x08E7,0x08E7,0x08E7,0x0908,0x1128,0x1129,0x114A,0x116B,0x116B,0x19AC,0x19CD,
0x220E,0x2270,0x222F,0x19EE,0x118B,0x114A,0x0907,0x08E7,0x11AC,0x19CE,0x11AD,0x118C,0x114A,0x1129,0x1108,0x08E7,
0x08C6,0x08A5,0x08A5,0x0084,0x0042,0x0042,0x0063,0x0063,0x0084,0x08C5,0x08E6,0x08E6,0x08E6,0x08E7,0x08E7,0x08C6,
0x08C6,0x08A5,0x0885,0x0084,0x0084,0x08A6,0x08C6,0x08E7,0x08C6,0x0084,0x0084,0x0084,0x0084,0x0064,0x0084,0x0064,
0x0064,0x0063,0x0063,0x0043,0x0063,0x0084,0x08A5,0x08A5,0x0084,0x0084,0x08A5,0x08A5,0x0884,0x08A5,0x08C6,0x1107,
0x08E7,0x08A5,0x0884,0x08A5,0x08C6,0x08E7,0x08C6,0x08C6,0x08A5,0x08C6,0x08C6,0x08A5,0x0884,0x08A5,0x08A5,0x0884,
0x0084,0x0884,0x0084,0x0084,0x0084,0x0084,0x0084,0x0064,0x0063,0x0084,0x0884,0x08C6,0x08C6,0x08C6,0x08C6,0x08C6,
0x08C6,0x08E7,0x08E7,0x08A6,0x08A5,0x0884,0x08A5,0x0884,0x08A5,0x08A5,0x08A5,0x08E6,0x08E6,0x08C6,0x08C6,0x08C6,
0x08E6,0x08E7,0x08E7,0x08E6,0x08E6,0x08E7,0x08E7,0x08E6,0x08E6,0x08E7,0x1149,0x1149,0x1149,0x1149,0x1129,0x1149,
0x114A,0x114A,0x1149,0x114A,0x198B,0x1149,0x1128,0x1148,0x1128,0x1128,0x196A,0x196A,0x1128,0x1149,0x114A,0x1128,
0x1128,0x1149,0x198B,0x198B,0x196A,0x1149,0x1128,0x1108,0x1108,0x1128,0x116A,0x1169,0x1149,0x21ED,0x21ED,0x19AC,
0x19AC,0x19CC,0x19CC,0x19CC,0x21EE,0x220E,0x220E,0x220E,0x19ED,0x198B,0x19AC,0x21ED,0x21ED,0x19CC,0x19AC,0x19CC,
0x19AC,0x1149,0x1107,0x1149,0x198B,0x19CD,0x19CD,0x19CD,0x21EE,0x198B,0x1129,0x1129,0x1128,0x1107,0x1108,0x116A,
0x19AC,0x198B,0x1149,0x1149,0x1149,0x1149,0x1149,0x116A,0x116A,0x1149,0x1149,0x1128,0x1108,0x08E7,0x1107,0x1128,
0x196A,0x114A,0x1128,0x1149,0x220E,0x19AB,0x1128,0x1128,0x10E6,0x10E7,0x196A,0x1128,0x1128,0x08E6,0x08C6,0x1107,
0x1107,0x08A5,0x08C5,0x0883,0x0063,0x0063,0x0884,0x1107,0x08C6,0x08A5,0x08E6,0x08C5,0x08C5,0x0884,0x0884,0x0884,
0x0884,0x0884,0x0883,0x08C6,0x19AB,0x19CC,0x19AB,0x196A,0x198A,0x21EC,0x21EC,0x21CC,0x21EC,0x21CC,0x19CC,0x220D,
0x220E,0x19CC,0x198A,0x114A,0x1128,0x10E7,0x08E6,0x08E6,0x08E7,0x08E6,0x08C6,0x08A5,0x08A5,0x0884,0x0884,0x0884,
0x0884,0x0884,0x0084,0x0084,0x0884,0x0884,0x08A4,0x08E6,0x1149,0x1969,0x1128,0x10E6,0x1107,0x1107,0x10E7,0x08C6,
0x08E6,0x08C5,0x08A5,0x08A4,0x0884,0x0884,0x08A5,0x0884,0x0063,0x0063,0x0884,0x0884,0x0884,0x0884,0x0063,0x0043,
0x0063,0x0063,0x0063,0x0063,0x0042,0x0042,0x0042,0x0042,0x0042,0x0042,0x0063,0x0042,0x0042,0x0042,0x0042,0x0063,
0x0063,0x0042,0x0042,0x0042,0x0063,0x0084,0x08C6,0x08E6,0x08C6,0x08A5,0x0884,0x0885,0x0884,0x0884,0x0884,0x08C6,
0x08C6,0x08C6,0x08C6,0x0884,0x0884,0x08A5,0x08A5,0x08E7,0x08C6,0x08E6,0x0908,0x08E7,0x08C6,0x08E6,0x08C5,0x08A5,
0x08A5,0x08A5,0x08A5,0x0885,0x0085,0x0085,0x0085,0x00A5,0x08C6,0x0085,0x0084,0x08A5,0x0085,0x0085,0x08C6,0x0085,
0x0084,0x0064,0x0064,0x0063,0x0063,0x0063,0x0063,0x0063,0x0063,0x0064,0x0064,0x0064,0x0084,0x0064,0x0064,0x0084,
0x00A6,0x00A6,0x0063,0x0043,0x0043,0x0084,0x0084,0x0064,0x0063,0x0063,0x0043,0x0063,0x0084,0x0064,0x0064,0x0063,
0x0043,0x0043,0x0042,0x0042,0x0042,0x0042,0x0042,0x0042,0x0042,0x0042,0x0042,0x0042,0x0022,0x0022,0x0022,0x0022,
0x0022,0x0022,0x0022,0x0021,0x0021,0x0021,0x0021,0x0021,0x0021,0x0021,0x0021,0x0021,0x0021,0x0021,0x0021,0x0021,
},
{0x0021,0x0021,0x0021,0x0021,0x0021,0x0021,0x0021,0x0021,0x0021,0x0021,0x0021,0x0021,0x0022,0x0022,0x0022,0x0042,
0x0042,0x0042,0x0042,0x0022,0x0022,0x0042,0x0042,0x0042,0x0022,0x0022,0x0042,0x0042,0x0022,0x0042,0x0042,0x0043,
0x0043,0x0043,0x0043,0x0042,0x0042,0x0042,0x0043,0x0043,0x0064,0x0084,0x0063,0x0063,0x0063,0x0064,0x0064,0x0084,
0x0084,0x0084,0x0084,0x0084,0x0084,0x0084,0x0084,0x0064,0x0084,0x0084,0x0885,0x08A5,0x08A5,0x08A6,0x08C6,0x08C6,
0x08C6,0x08C6,0x08C6,0x08C7,0x08E7,0x08E7,0x08E7,0x08E7,0x0908,0x1129,0x114A,0x114A,0x116A,0x114A,0x116B,0x19CD,
0x19CD,0x19CD,0x11AC,0x118C,0x116A,0x08E7,0x08A5,0x08C6,0x116A,0x118C,0x118C,0x116B,0x0929,0x0907,0x08C6,0x0084,
0x0084,0x0084,0x0064,0x0042,0x0042,0x0042,0x0064,0x08C6,0x08C6,0x08E6,0x08C6,0x08A5,0x08C6,0x08E7,0x08A5,0x0884,
0x0084,0x0084,0x0064,0x08A6,0x08E8,0x08C6,0x08E7,0x0908,0x08A5,0x0063,0x0063,0x0043,0x0042,0x0042,0x0043,0x0043,
0x0042,0x0042,0x0042,0x0042,0x0063,0x0084,0x0885,0x08A5,0x0884,0x08A5,0x08A5,0x0884,0x0884,0x0884,0x08A5,0x08E7,
0x08C6,0x08A5,0x0084,0x0884,0x08C6,0x08E7,0x08E6,0x08C6,0x08C6,0x08C6,0x08E7,0x08E6,0x08C6,0x08C6,0x08A5,0x08A5,
0x08A5,0x08A5,0x0884,0x0884,0x0084,0x0084,0x0084,0x0084,0x0084,0x08A5,0x08C6,0x08E7,0x08E6,0x08C6,0x08C6,0x08C6,
0x08E7,0x0907,0x0908,0x08C6,0x08C6,0x08C6,0x08A5,0x08A5,0x08C5,0x08C6,0x08C6,0x08C6,0x08E6,0x08E7,0x0907,0x08E7,
0x08E7,0x0907,0x0908,0x08E7,0x08E6,0x08E7,0x1108,0x1107,0x1107,0x1129,0x1149,0x1128,0x1128,0x1128,0x1128,0x1128,
0x1128,0x1129,0x1129,0x1149,0x114A,0x1149,0x1128,0x1128,0x1107,0x1107,0x1149,0x1149,0x114A,0x198B,0x19AB,0x198B,
0x198A,0x196A,0x196A,0x198B,0x198B,0x116A,0x196A,0x196A,0x196A,0x198B,0x19AB,0x19AB,0x198B,0x21ED,0x19AB,0x196A,
0x196A,0x19AC,0x21ED,0x220E,0x224F,0x224F,0x224F,0x220E,0x19CC,0x21ED,0x220D,0x220E,0x21ED,0x19CC,0x19CC,0x19AC,
0x198B,0x1128,0x1107,0x1149,0x19CC,0x220E,0x220E,0x220E,0x19AC,0x198B,0x196A,0x1149,0x1149,0x1129,0x1108,0x196A,
0x21CD,0x19AC,0x196A,0x1149,0x1149,0x1149,0x1128,0x1149,0x116A,0x196A,0x196A,0x114A,0x196A,0x1129,0x114A,0x114A,
0x1149,0x198A,0x198A,0x19CC,0x220E,0x21ED,0x220E,0x21CC,0x198A,0x1107,0x08E6,0x08C6,0x10E7,0x1107,0x08E6,0x10E7,
0x198A,0x1128,0x08C5,0x08C5,0x0884,0x0883,0x0884,0x08E6,0x08E6,0x08A5,0x08A4,0x08C5,0x08E6,0x0884,0x08A5,0x08A5,
0x0884,0x08A4,0x0884,0x08C6,0x198A,0x220D,0x21EC,0x21CC,0x198A,0x19AB,0x220D,0x220D,0x222E,0x222E,0x2A4F,0x21ED,
0x21EC,0x19AC,0x196A,0x198B,0x198B,0x1149,0x1128,0x1108,0x1128,0x08E6,0x08C6,0x08A5,0x08A5,0x08A4,0x0884,0x08A4,
0x08A4,0x08A5,0x08A4,0x08A4,0x08A4,0x0884,0x08A5,0x08E6,0x1128,0x1107,0x10E6,0x08E6,0x1128,0x1127,0x1107,0x10E6,
0x10E6,0x08C6,0x08C5,0x08A5,0x0884,0x08A5,0x08C5,0x08C5,0x0884,0x0063,0x0884,0x0884,0x08A4,0x08A5,0x0063,0x0042,
0x0063,0x0063,0x0063,0x0063,0x0063,0x0042,0x0042,0x0022,0x0042,0x0042,0x0042,0x0042,0x0042,0x0063,0x0063,0x0084,
0x0063,0x0063,0x0043,0x0042,0x0063,0x0084,0x0084,0x0884,0x0884,0x08A5,0x08A5,0x08C6,0x08C6,0x08A5,0x08A5,0x0885,
0x08C6,0x08E7,0x08C6,0x08A4,0x0083,0x0884,0x08A5,0x08A5,0x08A5,0x08E7,0x114A,0x0908,0x08E7,0x08E7,0x08E6,0x08C6,
0x08C6,0x08A6,0x08A5,0x08A5,0x0085,0x08A5,0x08A5,0x08C7,0x08E7,0x08A5,0x08A5,0x08C6,0x08A6,0x08C6,0x08A6,0x0064,
0x0064,0x0064,0x0064,0x0063,0x0063,0x0063,0x0063,0x0064,0x0063,0x0063,0x0063,0x0063,0x0064,0x0064,0x0063,0x0064,
0x0085,0x08A6,0x0043,0x0022,0x0042,0x0064,0x0085,0x0084,0x0085,0x0064,0x0043,0x0063,0x0043,0x0063,0x0063,0x0063,
0x0063,0x0043,0x0043,0x0042,0x0042,0x0042,0x0042,0x0042,0x0042,0x0042,0x0042,0x0042,0x0022,0x0022,0x0022,0x0022,
0x0022,0x0022,0x0022,0x0021,0x0021,0x0021,0x0021,0x0021,0x0021,0x0021,0x0021,0x0021,0x0021,0x0021,0x0021,0x0021,
},
{0x0021,0x0021,0x0021,0x0021,0x0021,0x0021,0x0021,0x0021,0x0021,0x0021,0x0021,0x0021,0x0022,0x0022,0x0042,0x0042,
0x0043,0x0043,0x0042,0x0022,0x0022,0x0042,0x0042,0x0042,0x0022,0x0042,0x0043,0x0042,0x0042,0x0043,0x0043,0x0043,
0x0043,0x0043,0x0043,0x0043,0x0042,0x0042,0x0043,0x0063,0x0064,0x0064,0x0064,0x0064,0x0064,0x0084,0x0085,0x00A5,
0x00A5,0x08A5,0x08A5,0x00A5,0x0085,0x0084,0x0084,0x0084,0x0084,0x08A5,0x08A5,0x08C6,0x08E7,0x0908,0x08E7,0x08C6,
0x08C6,0x08C6,0x08E7,0x08E8,0x0908,0x0908,0x0908,0x1129,0x114A,0x114A,0x0908,0x0908,0x08E7,0x08C6,0x08E7,0x1129,
0x1129,0x1149,0x114A,0x114A,0x0908,0x08C6,0x08C6,0x08E7,0x114A,0x114A,0x1128,0x1128,0x08E7,0x0084,0x0063,0x0084,
0x0063,0x0063,0x0063,0x0063,0x0063,0x0063,0x0063,0x0885,0x08A5,0x08A5,0x0884,0x0084,0x0084,0x0084,0x0084,0x0084,
0x0063,0x0063,0x0885,0x0908,0x114A,0x1129,0x0908,0x0908,0x08A6,0x0063,0x0042,0x0022,0x0022,0x0043,0x0063,0x0043,
0x0042,0x0022,0x0042,0x0043,0x0063,0x0063,0x0064,0x0084,0x0885,0x08A5,0x08A5,0x0884,0x0084,0x0084,0x08A5,0x08A5,
0x0064,0x0063,0x0084,0x0884,0x08C6,0x08E7,0x08C6,0x08E7,0x08E6,0x08E7,0x1108,0x08E7,0x08C6,0x08A5,0x0885,0x08A5,
0x08A5,0x08C5,0x08A5,0x08A4,0x0884,0x08A5,0x08A5,0x08A5,0x08C6,0x08E7,0x08E7,0x08E7,0x08E7,0x08E6,0x08C6,0x08C6,
0x08E7,0x0907,0x1108,0x1149,0x1149,0x1108,0x0907,0x1107,0x08E7,0x08E6,0x08E7,0x08E7,0x1107,0x1149,0x114A,0x114A,
0x1149,0x1149,0x1129,0x1129,0x1129,0x1149,0x196A,0x196A,0x196A,0x19AC,0x19AB,0x196A,0x1149,0x1128,0x1128,0x1149,
0x1149,0x1129,0x1128,0x1129,0x1149,0x1128,0x08E6,0x08C6,0x10E6,0x10E7,0x1128,0x196A,0x196A,0x116A,0x196A,0x196A,
0x196A,0x198B,0x196A,0x198A,0x198A,0x198B,0x198B,0x198B,0x19AB,0x19AC,0x19CC,0x19CD,0x222E,0x2A4F,0x220D,0x19CC,
0x19AC,0x19AB,0x21ED,0x220E,0x224F,0x222E,0x220E,0x222E,0x19CC,0x220E,0x2A2E,0x220D,0x19CC,0x19CC,0x21ED,0x21ED,
0x21CC,0x196A,0x1149,0x198B,0x21ED,0x21ED,0x21CC,0x21ED,0x19AC,0x19AB,0x21ED,0x196A,0x198B,0x198B,0x116A,0x196A,
0x198B,0x19CC,0x19AB,0x196A,0x1149,0x116A,0x1149,0x196A,0x198B,0x196A,0x1149,0x1149,0x196A,0x198B,0x198B,0x1149,
0x1128,0x116A,0x198A,0x19CC,0x21ED,0x19CC,0x21ED,0x220E,0x220E,0x19CC,0x1149,0x1149,0x1149,0x198B,0x198A,0x198B,
0x21CC,0x196A,0x1107,0x1149,0x08C5,0x0884,0x0884,0x08A4,0x08A4,0x08C6,0x08A4,0x08A5,0x08E7,0x1128,0x1149,0x1107,
0x08C6,0x08A5,0x08E6,0x10E6,0x198A,0x222E,0x2A4E,0x220D,0x220D,0x2A4F,0x2A2E,0x220D,0x21EC,0x220C,0x2A4F,0x21CC,
0x19AB,0x19AB,0x196A,0x196A,0x19AB,0x19AB,0x1149,0x196A,0x198A,0x10E7,0x08C6,0x08A5,0x08A5,0x08A4,0x08A5,0x08A5,
0x08C6,0x08C6,0x08A5,0x08A5,0x08A4,0x08A5,0x08C5,0x08C6,0x08E6,0x10E7,0x10E6,0x10E6,0x1107,0x1127,0x10E6,0x10E6,
0x1107,0x08E6,0x08C5,0x08A5,0x08C5,0x08C5,0x08A5,0x08A5,0x0884,0x0063,0x0063,0x0884,0x0884,0x08A5,0x08A5,0x0063,
0x0042,0x0063,0x0063,0x0063,0x0063,0x0042,0x0042,0x0042,0x0063,0x0042,0x0042,0x0042,0x0042,0x0063,0x0063,0x0063,
0x0042,0x0042,0x0042,0x0043,0x0884,0x08A5,0x0884,0x0064,0x0063,0x0063,0x0884,0x08A5,0x08C6,0x08C6,0x08C6,0x08A5,
0x08A5,0x08C6,0x08E7,0x08C6,0x08A5,0x08A5,0x08A5,0x08A5,0x08C6,0x1149,0x19AC,0x1108,0x08C6,0x08C6,0x08C6,0x08E7,
0x08E7,0x08C7,0x08C6,0x08A5,0x0885,0x0085,0x08A6,0x08E7,0x08E8,0x08C6,0x08C6,0x08E7,0x08C6,0x08A5,0x0084,0x0084,
0x0084,0x0064,0x0064,0x0063,0x0063,0x0063,0x0063,0x0063,0x0063,0x0063,0x0063,0x0063,0x0063,0x0043,0x0043,0x0064,
0x0084,0x0064,0x0042,0x0042,0x0042,0x0043,0x0084,0x08A5,0x08A5,0x0084,0x0064,0x0063,0x0063,0x0063,0x0063,0x0043,
0x0063,0x0063,0x0043,0x0043,0x0042,0x0042,0x0042,0x0042,0x0042,0x0042,0x0043,0x0043,0x0022,0x0042,0x0042,0x0022,
0x0022,0x0022,0x0022,0x0021,0x0021,0x0021,0x0021,0x0021,0x0021,0x0021,0x0021,0x0021,0x0021,0x0021,0x0021,0x0021,
},
{0x0021,0x0021,0x0021,0x0021,0x0021,0x0021,0x0021,0x0021,0x0021,0x0021,0x0021,0x0021,0x0022,0x0022,0x0042,0x0043,
0x0043,0x0043,0x0042,0x0022,0x0022,0x0022,0x0042,0x0043,0x0043,0x0043,0x0042,0x0042,0x0042,0x0042,0x0043,0x0042,
0x0042,0x0043,0x0043,0x0043,0x0043,0x0043,0x0063,0x0084,0x0084,0x0084,0x0064,0x0064,0x0084,0x0084,0x0084,0x08A5,
0x08A5,0x0085,0x0085,0x00A5,0x08A5,0x08A5,0x08A5,0x0085,0x08A5,0x08A5,0x08A6,0x08E7,0x0908,0x1129,0x0907,0x08E7,
0x08E7,0x08E7,0x0908,0x0908,0x114A,0x114A,0x1129,0x1108,0x1129,0x0929,0x08C6,0x08E7,0x0908,0x1149,0x116A,0x118B,
0x1128,0x1108,0x0908,0x0908,0x0908,0x08E7,0x08E7,0x0929,0x114A,0x116A,0x08E7,0x0884,0x0084,0x0084,0x08A5,0x08A5,
0x08A5,0x08A5,0x0084,0x0064,0x0063,0x0063,0x0063,0x0064,0x0084,0x0084,0x0084,0x0064,0x0063,0x0063,0x0084,0x0084,
0x0084,0x0085,0x08C6,0x08E7,0x0908,0x08E7,0x08C6,0x08A5,0x0063,0x0042,0x0022,0x0042,0x0063,0x08C6,0x08C6,0x0063,
0x0043,0x0042,0x0042,0x0042,0x0063,0x0063,0x0063,0x0064,0x0084,0x08A5,0x08A5,0x08A5,0x08A5,0x0084,0x0084,0x0063,
0x0063,0x0083,0x0084,0x0884,0x08A5,0x08E7,0x08E7,0x08C6,0x08C6,0x08E7,0x08E6,0x08C6,0x08A5,0x08A5,0x08A5,0x08C6,
0x08C6,0x08C6,0x08C6,0x08C5,0x08A5,0x08A5,0x08C6,0x08E7,0x1108,0x08E7,0x08E7,0x08E7,0x0907,0x1108,0x0907,0x1108,
0x1108,0x1128,0x114A,0x198B,0x114A,0x1149,0x1149,0x1149,0x1128,0x1108,0x1128,0x1149,0x1128,0x1149,0x116A,0x198B,
0x198B,0x116A,0x116A,0x116A,0x116A,0x198B,0x19AB,0x19AB,0x19AB,0x198B,0x1149,0x196A,0x19AB,0x198A,0x1149,0x1149,
0x196A,0x116A,0x1149,0x1128,0x1128,0x1108,0x08E6,0x08C5,0x08C6,0x08C6,0x10E6,0x1107,0x1149,0x196A,0x1169,0x1107,
0x1107,0x1128,0x1149,0x196A,0x1149,0x1169,0x1169,0x198A,0x198B,0x19AC,0x21EC,0x19CC,0x21ED,0x224F,0x222E,0x220E,
0x21ED,0x19AB,0x19AB,0x21ED,0x222E,0x2A4E,0x2A90,0x222E,0x222E,0x220D,0x21ED,0x220E,0x220E,0x220E,0x220E,0x222E,
0x198B,0x196A,0x196A,0x196A,0x198B,0x19AC,0x198B,0x21CC,0x220D,0x21ED,0x220D,0x21ED,0x19AC,0x19CC,0x19AB,0x196A,
0x1149,0x196A,0x19AC,0x19CC,0x19AB,0x19AC,0x19CC,0x19CC,0x198B,0x196A,0x1149,0x1149,0x1149,0x1149,0x1149,0x1128,
0x1149,0x196A,0x196A,0x196A,0x198B,0x19AB,0x196A,0x19AB,0x220D,0x19CC,0x19AB,0x19CC,0x220E,0x222F,0x19ED,0x19AC,
0x19AB,0x19AB,0x1128,0x1149,0x1149,0x08A4,0x0884,0x0063,0x0863,0x08C5,0x08E6,0x08A5,0x08E6,0x1128,0x196A,0x1149,
0x08A5,0x08A4,0x10E6,0x1107,0x196A,0x2A6F,0x32B0,0x3290,0x3290,0x2A4E,0x2A8F,0x2A4E,0x1149,0x1149,0x222E,0x220D,
0x21CB,0x21CC,0x19AB,0x198A,0x19AB,0x198A,0x196A,0x198A,0x1149,0x1107,0x08C6,0x08C5,0x08C6,0x08A5,0x08A5,0x08E6,
0x08E7,0x08C6,0x08C5,0x08C5,0x08A5,0x08C5,0x08E6,0x10E7,0x1107,0x1107,0x1107,0x1127,0x1107,0x1128,0x1107,0x10E6,
0x10E6,0x08C6,0x08C5,0x08C5,0x08C5,0x08C5,0x08A4,0x08A4,0x0884,0x0063,0x0063,0x0884,0x0884,0x08A4,0x08A5,0x0884,
0x0063,0x0063,0x0063,0x0043,0x0043,0x0042,0x0042,0x0042,0x0063,0x0042,0x0042,0x0042,0x0043,0x0063,0x0043,0x0042,
0x0042,0x0022,0x0022,0x0042,0x0063,0x0884,0x0884,0x0084,0x0084,0x0084,0x0084,0x08A5,0x08C6,0x08E7,0x1107,0x08E7,
0x08E7,0x08C6,0x08C6,0x08E7,0x08A5,0x08A5,0x08E6,0x08E6,0x08E6,0x1128,0x1149,0x1129,0x08C6,0x08C6,0x08E6,0x08E7,
0x08E7,0x08E7,0x08E7,0x08C6,0x08A5,0x08A5,0x08C6,0x08C7,0x08E7,0x08C6,0x08E7,0x08E7,0x08A6,0x0085,0x0084,0x0085,
0x0084,0x0064,0x0064,0x0064,0x0063,0x0063,0x0063,0x0063,0x0063,0x0043,0x0043,0x0043,0x0043,0x0043,0x0063,0x0063,
0x0063,0x0043,0x0022,0x0042,0x0042,0x0042,0x0063,0x0084,0x0084,0x0084,0x0064,0x0063,0x0063,0x0063,0x0063,0x0043,
0x0063,0x0064,0x0063,0x0043,0x0042,0x0042,0x0042,0x0042,0x0022,0x0042,0x0042,0x0042,0x0042,0x0042,0x0042,0x0042,
0x0022,0x0022,0x0022,0x0022,0x0021,0x0021,0x0021,0x0021,0x0021,0x0021,0x0021,0x0021,0x0021,0x0021,0x0021,0x0021,
},
{0x0021,0x0021,0x0021,0x0021,0x0021,0x0021,0x0021,0x0021,0x0021,0x0021,0x0021,0x0021,0x0021,0x0022,0x0022,0x0042,
0x0042,0x0043,0x0042,0x0022,0x0022,0x0022,0x0022,0x0042,0x0042,0x0042,0x0042,0x0042,0x0042,0x0042,0x0043,0x0043,
0x0042,0x0043,0x0043,0x0043,0x0043,0x0063,0x0084,0x00A5,0x00A5,0x0085,0x0084,0x0064,0x0084,0x0084,0x0084,0x08C6,
0x08A5,0x08A5,0x0085,0x08A5,0x08A6,0x08A5,0x08A5,0x08A5,0x08A5,0x08A5,0x08C6,0x08E7,0x0908,0x1128,0x0908,0x0907,
0x0908,0x0908,0x1108,0x1129,0x1129,0x0908,0x0908,0x08E7,0x08E7,0x0908,0x08C6,0x08E7,0x0908,0x114A,0x116A,0x1128,
0x08E7,0x08C6,0x08E7,0x08C7,0x08E7,0x08E7,0x08E8,0x0929,0x1149,0x1129,0x08C6,0x0885,0x08A5,0x08C6,0x08A6,0x08A5,
0x08A5,0x08A5,0x0084,0x0063,0x0043,0x0063,0x0064,0x0084,0x0885,0x08A5,0x0084,0x0084,0x0064,0x0084,0x0084,0x0084,
0x0084,0x00A5,0x08C7,0x08E7,0x08E7,0x0884,0x0884,0x0042,0x0042,0x0042,0x0042,0x0063,0x08A5,0x08A6,0x08A5,0x0084,
0x0063,0x0043,0x0042,0x0043,0x0063,0x0063,0x0063,0x0084,0x0084,0x08A5,0x0884,0x08A5,0x0884,0x0063,0x0063,0x0063,
0x0063,0x0084,0x0084,0x08A5,0x08C6,0x08E7,0x08E7,0x08C6,0x08E6,0x08C6,0x08C6,0x08C6,0x08C6,0x08C6,0x08C6,0x08C6,
0x08C6,0x08C6,0x08E6,0x08E6,0x08C5,0x08C6,0x08C6,0x08E7,0x1108,0x1108,0x1108,0x1108,0x1108,0x0908,0x1129,0x1149,
0x116A,0x198B,0x19AC,0x196A,0x116A,0x116A,0x198B,0x196A,0x1149,0x1149,0x196A,0x196A,0x1149,0x1128,0x1128,0x1149,
0x1149,0x1149,0x1149,0x116A,0x198A,0x198A,0x198A,0x1149,0x1128,0x1108,0x1107,0x10E7,0x1107,0x1148,0x1149,0x1149,
0x1149,0x1149,0x116A,0x116A,0x1149,0x1149,0x1149,0x1149,0x1128,0x1128,0x1149,0x1128,0x1128,0x196A,0x196A,0x1149,
0x1107,0x1107,0x1128,0x1128,0x198A,0x198A,0x1149,0x198A,0x198A,0x196A,0x1149,0x116A,0x198A,0x220D,0x21ED,0x21EC,
0x222E,0x220E,0x21EC,0x2A4E,0x2A2E,0x222E,0x32B0,0x2A90,0x2A4F,0x220D,0x198A,0x198A,0x21CC,0x220E,0x21ED,0x21AB,
0x198A,0x1949,0x196A,0x1149,0x1129,0x196A,0x196A,0x19CC,0x21ED,0x222E,0x222E,0x19CC,0x220E,0x21ED,0x19CC,0x19AC,
0x198A,0x1149,0x198A,0x19CC,0x19CC,0x21CC,0x21ED,0x21CC,0x198A,0x198A,0x198B,0x198B,0x198A,0x116A,0x116A,0x1149,
0x116A,0x198B,0x196A,0x116A,0x1149,0x198A,0x198A,0x198A,0x21ED,0x220D,0x220D,0x2A4F,0x32B0,0x2A4F,0x198A,0x196A,
0x1148,0x1107,0x08C5,0x1128,0x1149,0x08E6,0x08A5,0x0884,0x0863,0x10E6,0x1149,0x08A5,0x08C5,0x10E7,0x1107,0x08C6,
0x08A4,0x0884,0x08A5,0x08C6,0x196A,0x220D,0x2A6F,0x3AD1,0x2A6F,0x220D,0x196A,0x21CC,0x1149,0x196A,0x2A4E,0x2A4E,
0x2A2E,0x2A2E,0x21CC,0x21CC,0x19AB,0x196A,0x196A,0x1149,0x1107,0x1107,0x1107,0x08E6,0x10E6,0x08E6,0x08C6,0x08E7,
0x1107,0x08E6,0x08C6,0x08C5,0x08C5,0x08C5,0x08E7,0x1108,0x1107,0x1107,0x10E7,0x10E6,0x1107,0x1128,0x1107,0x10E6,
0x1107,0x10E6,0x08E6,0x08C5,0x08C5,0x08C5,0x08A4,0x08A4,0x0884,0x0083,0x0083,0x0884,0x0884,0x0884,0x0884,0x0883,
0x0883,0x0084,0x0063,0x0042,0x0042,0x0042,0x0042,0x0042,0x0043,0x0043,0x0042,0x0042,0x0063,0x0063,0x0043,0x0042,
0x0042,0x0022,0x0042,0x0042,0x0042,0x0083,0x0884,0x0884,0x08A5,0x08A5,0x0084,0x08C6,0x08C6,0x1128,0x198A,0x196A,
0x1128,0x0908,0x08C6,0x08C6,0x08C6,0x08A5,0x08E7,0x1128,0x08E7,0x08E7,0x1108,0x1128,0x0907,0x08E7,0x08E7,0x08E7,
0x08E7,0x08E7,0x08E7,0x08C6,0x08C6,0x08A5,0x08A6,0x08C6,0x08C7,0x08C6,0x0908,0x08E7,0x08C6,0x08A5,0x00A5,0x0085,
0x0085,0x0084,0x0063,0x0063,0x0064,0x0063,0x0063,0x0063,0x0063,0x0043,0x0043,0x0043,0x0042,0x0043,0x0063,0x0063,
0x0043,0x0042,0x0042,0x0042,0x0042,0x0042,0x0042,0x0063,0x0063,0x0084,0x0085,0x0064,0x0064,0x0084,0x0064,0x0063,
0x0063,0x0063,0x0064,0x0063,0x0043,0x0042,0x0042,0x0042,0x0042,0x0042,0x0042,0x0042,0x0042,0x0042,0x0042,0x0042,
0x0042,0x0022,0x0022,0x0022,0x0022,0x0021,0x0021,0x0021,0x0021,0x0021,0x0021,0x0021,0x0021,0x0021,0x0021,0x0021,
},
{0x0021,0x0021,0x0021,0x0021,0x0021,0x0021,0x0021,0x0021,0x0021,0x0021,0x0021,0x0021,0x0022,0x0022,0x0042,0x0042,
0x0042,0x0042,0x0042,0x0022,0x0022,0x0022,0x0042,0x0042,0x0042,0x0042,0x0042,0x0042,0x0042,0x0042,0x0043,0x0043,
0x0043,0x0043,0x0043,0x0063,0x0063,0x0064,0x0084,0x0084,0x0085,0x0085,0x0084,0x0084,0x0084,0x0084,0x08A5,0x08A6,
0x08A6,0x08A5,0x08A5,0x08A5,0x08A5,0x08A5,0x08A5,0x08A5,0x08A5,0x08C6,0x08E6,0x08E7,0x0908,0x1108,0x0908,0x0908,
0x1128,0x1149,0x118B,0x118B,0x0908,0x08A5,0x08A5,0x08C6,0x08E7,0x08E7,0x08C6,0x08E7,0x1129,0x114A,0x1129,0x0908,
0x08C6,0x08C6,0x08E6,0x08C6,0x08C6,0x08C6,0x08E7,0x0908,0x0908,0x08C6,0x08A5,0x08C6,0x08E7,0x08E7,0x08A5,0x0884,
0x0084,0x0064,0x0063,0x0084,0x08A5,0x08A5,0x08A5,0x08C6,0x08C6,0x08C6,0x0884,0x0084,0x08A5,0x0884,0x0084,0x0085,
0x00A5,0x08A6,0x08C7,0x08A5,0x08A5,0x0884,0x0063,0x0042,0x0042,0x0043,0x0063,0x08A5,0x0908,0x1129,0x08C6,0x0084,
0x0063,0x0042,0x0042,0x0043,0x0063,0x0064,0x0084,0x0084,0x0884,0x0884,0x0884,0x0084,0x0084,0x0063,0x0063,0x0063,
0x0063,0x0084,0x0884,0x08A5,0x08C6,0x08C6,0x08E6,0x08E7,0x0907,0x08E7,0x08E6,0x08E7,0x08E7,0x08E6,0x08E6,0x08C6,
0x08C6,0x08E6,0x1107,0x1107,0x1107,0x1108,0x1128,0x1108,0x08E7,0x08E7,0x08E7,0x08E7,0x08E7,0x08E7,0x0907,0x08E7,
0x08E7,0x1149,0x1128,0x08E6,0x10E7,0x1107,0x1128,0x198B,0x19CC,0x19CC,0x19CC,0x19AB,0x198A,0x116A,0x116A,0x1149,
0x1128,0x1149,0x1149,0x196A,0x198B,0x198A,0x198B,0x196A,0x1149,0x1128,0x1128,0x1107,0x1107,0x1107,0x1128,0x1149,
0x1149,0x1148,0x1149,0x196A,0x198B,0x19AB,0x19AB,0x19AB,0x19CD,0x19AB,0x116A,0x1128,0x1128,0x1149,0x196A,0x198A,
0x1149,0x1128,0x1148,0x1949,0x19AB,0x21CC,0x19AB,0x21CC,0x21ED,0x1949,0x1108,0x10E7,0x10E6,0x1128,0x1149,0x1149,
0x19AB,0x220D,0x2AB0,0x32D1,0x19CC,0x116A,0x21ED,0x222E,0x2A4F,0x21ED,0x1149,0x10E7,0x1128,0x196A,0x1148,0x1128,
0x1949,0x1949,0x198B,0x220D,0x19CC,0x198B,0x196A,0x19AB,0x19CC,0x220D,0x222E,0x198A,0x19AB,0x21ED,0x21CC,0x19CC,
0x198B,0x19AB,0x19AB,0x21CC,0x21ED,0x21CC,0x21CC,0x21ED,0x21CC,0x19AB,0x19CC,0x21EC,0x19AB,0x198B,0x196A,0x196A,
0x198A,0x198B,0x1149,0x1149,0x196A,0x198B,0x19AC,0x19AB,0x19CC,0x220D,0x222E,0x220D,0x21ED,0x220D,0x19AB,0x1128,
0x10E6,0x08C5,0x08A4,0x08C5,0x08C6,0x1107,0x10E6,0x08A4,0x08A4,0x08C5,0x1969,0x10E6,0x0883,0x08A4,0x08A5,0x08A4,
0x0884,0x0884,0x08A5,0x08E6,0x21CC,0x21EC,0x220D,0x2A6F,0x222E,0x21EC,0x1107,0x10E6,0x1948,0x196A,0x2A6F,0x32B0,
0x326F,0x2A4E,0x21CC,0x21EC,0x19AB,0x196A,0x1149,0x1128,0x1107,0x1107,0x10E6,0x08E6,0x08E6,0x10E7,0x08E6,0x10E6,
0x1107,0x08E7,0x08E6,0x08C6,0x08C6,0x08C5,0x08E6,0x10E7,0x10E7,0x10E7,0x10E7,0x1107,0x1128,0x1148,0x1127,0x1107,
0x1107,0x10E6,0x10E6,0x10E6,0x08C6,0x08C5,0x08A5,0x08A4,0x0884,0x0884,0x0884,0x08A4,0x08A4,0x0883,0x0884,0x0884,
0x0063,0x0063,0x0063,0x0042,0x0042,0x0042,0x0042,0x0042,0x0042,0x0042,0x0042,0x0042,0x0043,0x0063,0x0063,0x0042,
0x0042,0x0042,0x0063,0x0884,0x0063,0x0063,0x0084,0x0884,0x0884,0x08C6,0x0884,0x08A5,0x08A5,0x08E6,0x1108,0x08E7,
0x0908,0x0908,0x08C6,0x08C5,0x08C6,0x08C6,0x08E7,0x1107,0x1107,0x1107,0x10E7,0x1108,0x1108,0x1128,0x0907,0x1108,
0x1128,0x1128,0x08E7,0x08C6,0x08C7,0x08C6,0x08A5,0x08C6,0x08C6,0x08C6,0x1129,0x0908,0x08C6,0x08A5,0x08A6,0x0085,
0x0084,0x0064,0x0063,0x0064,0x0063,0x0063,0x0063,0x0063,0x0063,0x0063,0x0043,0x0043,0x0042,0x0042,0x0043,0x0063,
0x0043,0x0042,0x0042,0x0042,0x0042,0x0042,0x0042,0x0043,0x0063,0x0084,0x08C6,0x0085,0x0084,0x0084,0x0084,0x0084,
0x0063,0x0063,0x0063,0x0063,0x0043,0x0043,0x0043,0x0043,0x0042,0x0042,0x0022,0x0042,0x0042,0x0042,0x0042,0x0042,
0x0042,0x0042,0x0042,0x0022,0x0022,0x0021,0x0021,0x0021,0x0021,0x0021,0x0021,0x0021,0x0021,0x0021,0x0021,0x0021,
},
{0x0021,0x0021,0x0021,0x0021,0x0021,0x0021,0x0021,0x0021,0x0021,0x0021,0x0021,0x0022,0x0022,0x0042,0x0042,0x0022,
0x0022,0x0042,0x0042,0x0042,0x0022,0x0022,0x0042,0x0042,0x0042,0x0042,0x0042,0x0042,0x0042,0x0043,0x0043,0x0063,
0x0063,0x0063,0x0063,0x0063,0x0064,0x0084,0x0084,0x0084,0x0084,0x0084,0x0084,0x0084,0x0085,0x08A6,0x08C6,0x08A6,
0x08A5,0x0085,0x08A5,0x08A5,0x08A5,0x08C6,0x08C6,0x08C6,0x08E7,0x1108,0x1108,0x1128,0x1129,0x1129,0x0908,0x0908,
0x0929,0x116B,0x116B,0x1129,0x08E7,0x08E6,0x08C6,0x08E7,0x08E7,0x08E7,0x08E7,0x08E7,0x0929,0x0908,0x08E7,0x0908,
0x08E7,0x08A6,0x08C6,0x08C6,0x08A5,0x08C6,0x08E7,0x08C6,0x0084,0x0084,0x08C6,0x08E7,0x08C6,0x08A5,0x0084,0x0064,
0x0064,0x0063,0x0063,0x08A5,0x08C6,0x08C6,0x08A5,0x08C6,0x08E7,0x08A5,0x0084,0x0084,0x0884,0x0064,0x0885,0x1128,
0x092A,0x08E8,0x08A6,0x0084,0x0063,0x0063,0x0063,0x0063,0x0063,0x0063,0x0063,0x08A5,0x08E7,0x08C6,0x0084,0x0063,
0x0063,0x0043,0x0063,0x0063,0x0084,0x0084,0x0084,0x0084,0x0884,0x0084,0x0084,0x0884,0x0084,0x0063,0x0084,0x0884,
0x0884,0x0884,0x08A5,0x08A5,0x08C6,0x08C6,0x08C6,0x08E6,0x08E7,0x0907,0x1108,0x1108,0x0907,0x08E6,0x08C6,0x08E6,
0x08E6,0x08E6,0x08E7,0x1128,0x1149,0x1149,0x196A,0x1169,0x1149,0x1149,0x1128,0x1128,0x1128,0x1128,0x1148,0x1128,
0x1107,0x08E7,0x08C6,0x08C5,0x08C6,0x08E6,0x1107,0x1128,0x1149,0x198A,0x19AB,0x19AB,0x21CC,0x19EC,0x19CC,0x19CC,
0x19CC,0x19CC,0x198A,0x19AB,0x19AB,0x198B,0x19AB,0x198A,0x196A,0x1969,0x1969,0x1949,0x1949,0x1949,0x1149,0x1149,
0x1149,0x1149,0x196A,0x1149,0x1149,0x198A,0x196A,0x1949,0x196A,0x196A,0x1128,0x1108,0x1107,0x1107,0x1149,0x196A,
0x1969,0x1949,0x1149,0x198A,0x198A,0x1949,0x1969,0x198A,0x198A,0x1148,0x1128,0x08E6,0x1107,0x196A,0x196A,0x196A,
0x198B,0x19CC,0x21ED,0x21ED,0x19AB,0x19AB,0x19AB,0x198A,0x21ED,0x222E,0x19AB,0x1107,0x1107,0x1149,0x196A,0x198B,
0x196A,0x196A,0x220D,0x2A4F,0x2A4F,0x19CC,0x198A,0x19AB,0x198B,0x19AB,0x19AB,0x19CC,0x196A,0x198A,0x19AC,0x19AB,
0x19AB,0x19AC,0x19CC,0x220E,0x21ED,0x196A,0x198B,0x220D,0x19AB,0x198A,0x19AC,0x19AB,0x196A,0x198A,0x196A,0x1128,
0x198A,0x19AB,0x198A,0x1969,0x198A,0x19AB,0x21CC,0x19CC,0x21CC,0x19AB,0x21AB,0x21CB,0x21CC,0x19AB,0x21CB,0x196A,
0x1969,0x1128,0x1107,0x1107,0x1128,0x198A,0x1949,0x1107,0x08E6,0x08A5,0x10E6,0x0884,0x0883,0x08A4,0x08A4,0x0884,
0x0884,0x0884,0x08A5,0x10E7,0x198B,0x2A4E,0x21ED,0x198A,0x19AB,0x19AB,0x1128,0x08C5,0x10E7,0x1128,0x21EC,0x32D0,
0x2A6E,0x2A2D,0x220D,0x220D,0x19AB,0x1969,0x1969,0x1149,0x1128,0x1107,0x10E6,0x08E6,0x08C6,0x08E6,0x08E6,0x10E6,
0x1107,0x1107,0x08E7,0x08E6,0x10E7,0x08C6,0x08C6,0x10E7,0x10E6,0x10E7,0x1107,0x1127,0x1128,0x1148,0x1128,0x1107,
0x1107,0x1107,0x10E6,0x10E6,0x10E6,0x08E6,0x08C5,0x08A5,0x08A4,0x0884,0x0884,0x0884,0x08A4,0x0884,0x0883,0x0883,
0x0063,0x0063,0x0884,0x0063,0x0042,0x0042,0x0022,0x0022,0x0042,0x0063,0x0063,0x0063,0x0063,0x0063,0x0084,0x0042,
0x0022,0x0042,0x0084,0x08A5,0x0063,0x0063,0x0084,0x0084,0x08A5,0x08E6,0x08A5,0x0884,0x0884,0x0084,0x0884,0x08C6,
0x08E7,0x08E7,0x0907,0x08C6,0x08E6,0x1107,0x1108,0x1107,0x1107,0x1107,0x08E7,0x08E7,0x1107,0x1108,0x1108,0x1108,
0x1128,0x1108,0x0908,0x08C6,0x08C6,0x08C6,0x08C6,0x08C6,0x08C7,0x08E7,0x08E8,0x08C7,0x08A6,0x08A5,0x0885,0x0084,
0x0084,0x0064,0x0064,0x0084,0x0064,0x0064,0x0064,0x0063,0x0063,0x0063,0x0063,0x0043,0x0042,0x0042,0x0042,0x0042,
0x0042,0x0042,0x0042,0x0043,0x0043,0x0042,0x0043,0x0043,0x0063,0x0084,0x08A6,0x0085,0x0085,0x0085,0x0084,0x0084,
0x0063,0x0063,0x0043,0x0043,0x0043,0x0043,0x0043,0x0043,0x0042,0x0022,0x0022,0x0042,0x0043,0x0042,0x0022,0x0042,
0x0042,0x0042,0x0042,0x0022,0x0022,0x0021,0x0021,0x0021,0x0021,0x0021,0x0021,0x0021,0x0021,0x0021,0x0021,0x0021,
},
{0x0021,0x0021,0x0021,0x0021,0x0021,0x0021,0x0021,0x0021,0x0021,0x0021,0x0021,0x0022,0x0022,0x0022,0x0022,0x0022,
0x0022,0x0042,0x0042,0x0022,0x0042,0x0022,0x0022,0x0022,0x0042,0x0042,0x0042,0x0043,0x0043,0x0043,0x0063,0x0064,
0x0064,0x0064,0x0064,0x0063,0x0064,0x0064,0x0064,0x0084,0x0084,0x0084,0x0084,0x0084,0x0085,0x00A5,0x08A5,0x08A6,
0x08A5,0x08A5,0x08A6,0x08C6,0x08A5,0x08A5,0x08C6,0x08E7,0x1129,0x1129,0x1129,0x1129,0x1149,0x0908,0x08A6,0x08A5,
0x08E7,0x0908,0x08E7,0x08C6,0x08C6,0x08C7,0x08E7,0x08C6,0x08E7,0x08E6,0x08C6,0x0909,0x0909,0x08C6,0x08C6,0x08C6,
0x08A5,0x08A5,0x08A5,0x08A6,0x08E7,0x0908,0x08E7,0x0084,0x0084,0x08A6,0x08C6,0x08A5,0x0084,0x0084,0x0084,0x0084,
0x0084,0x0084,0x0885,0x08A6,0x08C6,0x08C6,0x0084,0x0084,0x0084,0x0043,0x0042,0x0042,0x0084,0x08A5,0x08E7,0x118B,
0x114A,0x0908,0x08C6,0x0084,0x0064,0x0064,0x0064,0x0084,0x0084,0x0084,0x0085,0x08C7,0x08C6,0x0084,0x0063,0x0043,
0x0043,0x0084,0x08A5,0x0884,0x0084,0x0084,0x0084,0x0084,0x0884,0x08A5,0x08A5,0x0884,0x0884,0x0084,0x0884,0x0884,
0x0884,0x08A4,0x08A5,0x08A5,0x08A5,0x08C6,0x08C6,0x08E7,0x08C6,0x08C5,0x08E6,0x1128,0x1107,0x08E6,0x08E7,0x1107,
0x10E7,0x10E7,0x1107,0x1107,0x1149,0x1149,0x1149,0x1149,0x1128,0x1149,0x196A,0x19CC,0x220E,0x220D,0x21ED,0x19CC,
0x21CC,0x19AB,0x1149,0x10E7,0x1107,0x1128,0x1128,0x1128,0x1107,0x10E7,0x1107,0x1149,0x198A,0x19CC,0x21ED,0x222E,
0x220E,0x222E,0x21EC,0x198A,0x19AB,0x19AB,0x19AB,0x19AB,0x198A,0x196A,0x196A,0x198A,0x19AB,0x19AB,0x198A,0x19AB,
0x19AB,0x19AB,0x19AB,0x198A,0x1969,0x1149,0x1949,0x1149,0x196A,0x19AB,0x1949,0x1128,0x1128,0x1128,0x1148,0x196A,
0x19AB,0x21CC,0x220D,0x2A2E,0x21ED,0x19AB,0x198A,0x198A,0x1148,0x1949,0x1949,0x1128,0x196A,0x19CC,0x19CC,0x19AB,
0x19AC,0x198A,0x198A,0x198A,0x19AB,0x19AB,0x198A,0x19AB,0x220D,0x220D,0x220D,0x19CC,0x198A,0x198B,0x1969,0x196A,
0x1128,0x196A,0x198A,0x198B,0x196A,0x1969,0x198A,0x196A,0x1149,0x1149,0x1949,0x198B,0x198B,0x21CC,0x19AC,0x198B,
0x19AC,0x19AB,0x198B,0x19AB,0x19AB,0x1149,0x1949,0x21CC,0x19AB,0x198A,0x1969,0x1128,0x1149,0x198A,0x1969,0x1128,
0x1148,0x19AB,0x19AB,0x198A,0x19AB,0x220D,0x21ED,0x21CC,0x220D,0x21CB,0x198A,0x21CC,0x220D,0x21AB,0x19AB,0x21CB,
0x21AB,0x198A,0x19AB,0x198B,0x19AB,0x19AB,0x21ED,0x19AB,0x1969,0x1107,0x08C5,0x0063,0x0063,0x08A5,0x08C6,0x08C6,
0x08C5,0x08A5,0x08A5,0x08C5,0x1128,0x19AB,0x1149,0x1949,0x1149,0x1128,0x08E6,0x08A5,0x08E6,0x1107,0x21EC,0x2A6F,
0x2A2D,0x198A,0x21CB,0x220D,0x19CB,0x1969,0x196A,0x196A,0x1148,0x1107,0x1107,0x08E6,0x08C6,0x10E6,0x1107,0x1107,
0x1107,0x1107,0x1107,0x08E6,0x1107,0x08E7,0x08C6,0x10E6,0x08E6,0x10E6,0x1107,0x1128,0x1128,0x1127,0x1107,0x1107,
0x1107,0x1107,0x10E6,0x08E6,0x10E6,0x10E6,0x08C6,0x08C5,0x08A5,0x08A4,0x08A4,0x0884,0x0884,0x0884,0x0063,0x0063,
0x0063,0x0883,0x08C5,0x0884,0x0043,0x0042,0x0042,0x0042,0x0042,0x0043,0x0063,0x0084,0x0064,0x0084,0x0084,0x0042,
0x0021,0x0022,0x0063,0x0884,0x0063,0x0063,0x0063,0x0084,0x08A5,0x08C6,0x08A5,0x0884,0x0884,0x0063,0x0884,0x08C6,
0x08E6,0x08E7,0x1107,0x08C6,0x08E6,0x1128,0x1128,0x1128,0x1129,0x1108,0x08E7,0x08E7,0x0907,0x1107,0x1108,0x1108,
0x1128,0x0908,0x0907,0x08E7,0x08E7,0x1108,0x08E7,0x08C6,0x08E7,0x0908,0x1108,0x08C6,0x08A5,0x08A5,0x08A5,0x08A5,
0x0084,0x0084,0x0084,0x0084,0x0084,0x0084,0x0064,0x0064,0x0063,0x0063,0x0043,0x0043,0x0043,0x0042,0x0042,0x0042,
0x0042,0x0043,0x0043,0x0063,0x0064,0x0063,0x0063,0x0063,0x0064,0x0084,0x00A5,0x00A5,0x08A5,0x08A5,0x0064,0x0064,
0x0064,0x0063,0x0043,0x0043,0x0043,0x0043,0x0042,0x0043,0x0042,0x0022,0x0042,0x0042,0x0043,0x0043,0x0022,0x0042,
0x0042,0x0042,0x0022,0x0022,0x0022,0x0022,0x0021,0x0021,0x0021,0x0021,0x0021,0x0021,0x0021,0x0021,0x0021,0x0021,
},
{0x0021,0x0021,0x0021,0x0021,0x0021,0x0021,0x0021,0x0021,0x0021,0x0022,0x0022,0x0042,0x0022,0x0022,0x0022,0x0022,
0x0042,0x0042,0x0042,0x0042,0x0042,0x0042,0x0022,0x0022,0x0042,0x0042,0x0043,0x0043,0x0043,0x0043,0x0063,0x0063,
0x0063,0x0063,0x0063,0x0063,0x0063,0x0063,0x0063,0x0063,0x0064,0x0084,0x0084,0x0084,0x0084,0x0085,0x08A5,0x08A5,
0x08A5,0x08A5,0x08C6,0x08C6,0x08A5,0x08A5,0x08C6,0x08E7,0x0908,0x1129,0x1149,0x116A,0x114A,0x08E7,0x08C6,0x08E7,
0x08C6,0x08A5,0x08A5,0x08A5,0x08A5,0x08C6,0x08E7,0x08E7,0x08E7,0x08E7,0x0908,0x114A,0x08E8,0x08A5,0x08A5,0x08A5,
0x0885,0x08A6,0x08C6,0x08C6,0x08E7,0x08E7,0x08A5,0x00A5,0x08C6,0x08C6,0x0085,0x0084,0x0084,0x0063,0x0064,0x08A5,
0x08C6,0x08A5,0x0084,0x08A5,0x08A5,0x08A5,0x0063,0x0043,0x0063,0x0063,0x0043,0x0063,0x08C6,0x0908,0x1129,0x0929,
0x08C6,0x08C6,0x08A6,0x00A5,0x0085,0x0085,0x00A5,0x08A5,0x0085,0x08A5,0x08A6,0x08C6,0x0885,0x0085,0x0084,0x0084,
0x0084,0x0084,0x08A5,0x0884,0x0084,0x0885,0x08A5,0x08A5,0x08A5,0x08A5,0x08A5,0x0884,0x0884,0x0084,0x0084,0x0884,
0x08A4,0x08A5,0x08A5,0x08C6,0x08E7,0x1107,0x1128,0x1149,0x1148,0x1128,0x1128,0x1128,0x1108,0x1107,0x08E7,0x08E7,
0x08E6,0x08E7,0x1107,0x1128,0x196A,0x198A,0x1169,0x1148,0x1128,0x1128,0x1149,0x19AB,0x21EC,0x21CC,0x19CC,0x21CC,
0x19AB,0x21AB,0x21AB,0x196A,0x1969,0x1949,0x1948,0x1148,0x1127,0x1107,0x1127,0x1948,0x1969,0x1949,0x1969,0x21CC,
0x21ED,0x222E,0x222E,0x19CC,0x198A,0x21EC,0x21EC,0x21ED,0x220D,0x220E,0x220E,0x220D,0x220D,0x21ED,0x21CC,0x21ED,
0x222E,0x220E,0x21ED,0x21ED,0x19AB,0x1128,0x196A,0x19AB,0x19AC,0x19AB,0x19CC,0x198B,0x196A,0x19CC,0x19AC,0x21CC,
0x2A4F,0x2A70,0x2A70,0x2A4F,0x2A2E,0x2A2E,0x220D,0x220E,0x220D,0x21CC,0x19AB,0x19AB,0x198A,0x198B,0x19AB,0x19AB,
0x19AB,0x196A,0x198B,0x19AB,0x19AB,0x19AB,0x196A,0x198A,0x198A,0x1949,0x19AA,0x19AB,0x198A,0x1969,0x1148,0x1128,
0x1128,0x1128,0x1148,0x1107,0x1128,0x1969,0x19AB,0x19AB,0x1949,0x1107,0x1128,0x1148,0x198A,0x21CC,0x19AB,0x198B,
0x21CC,0x19AB,0x198A,0x196A,0x1149,0x1128,0x198B,0x2A2E,0x2A0D,0x21EC,0x198A,0x1949,0x1949,0x198A,0x198B,0x196A,
0x196A,0x19AB,0x196A,0x1969,0x19AB,0x21CC,0x21EC,0x220D,0x2A4E,0x21EC,0x21AB,0x21AB,0x21CB,0x2A2D,0x2A0D,0x21CB,
0x21CB,0x198A,0x198A,0x198A,0x198A,0x198A,0x198A,0x19CB,0x196A,0x1969,0x1108,0x0883,0x0063,0x08C5,0x1107,0x1107,
0x1107,0x08C5,0x0884,0x0884,0x08A5,0x10E7,0x1128,0x198A,0x198B,0x196A,0x1128,0x08C5,0x08C5,0x1128,0x198A,0x2A4E,
0x21EC,0x1127,0x1128,0x21AB,0x21CC,0x196A,0x1148,0x1148,0x1128,0x1107,0x10E6,0x10E6,0x10E6,0x1127,0x1149,0x1969,
0x1148,0x1128,0x10E7,0x08E6,0x1108,0x10E7,0x08C5,0x08E6,0x08E6,0x10E6,0x1107,0x1148,0x1128,0x1127,0x1107,0x1107,
0x1107,0x1107,0x1127,0x1107,0x1107,0x1107,0x10E6,0x08C6,0x08A5,0x08A5,0x08A4,0x08A4,0x0884,0x0884,0x0884,0x0063,
0x0063,0x0883,0x08A5,0x0884,0x0063,0x0063,0x0043,0x0042,0x0042,0x0042,0x0042,0x0043,0x0063,0x0064,0x0064,0x0042,
0x0022,0x0022,0x0063,0x08A5,0x0084,0x0043,0x0042,0x0063,0x0063,0x08A5,0x08A5,0x0884,0x0084,0x0884,0x08A5,0x08C6,
0x08E7,0x08C6,0x1107,0x1128,0x08A5,0x08E6,0x1128,0x1128,0x1149,0x1107,0x1108,0x1149,0x1108,0x08E7,0x0907,0x1108,
0x1129,0x1129,0x0908,0x1129,0x1129,0x114A,0x0908,0x0908,0x1129,0x0908,0x08E7,0x08C6,0x08A5,0x0085,0x08A6,0x08C6,
0x0885,0x0084,0x0064,0x0084,0x0064,0x0084,0x0084,0x0084,0x0064,0x0063,0x0063,0x0043,0x0043,0x0042,0x0042,0x0042,
0x0042,0x0063,0x0063,0x0063,0x0063,0x0064,0x0084,0x0064,0x0063,0x0064,0x0084,0x00A5,0x08A6,0x0084,0x0084,0x0064,
0x0084,0x0063,0x0043,0x0043,0x0043,0x0043,0x0043,0x0043,0x0042,0x0022,0x0022,0x0042,0x0042,0x0042,0x0042,0x0042,
0x0042,0x0042,0x0022,0x0022,0x0022,0x0022,0x0021,0x0021,0x0021,0x0021,0x0021,0x0021,0x0021,0x0021,0x0021,0x0021,
},
{0x0021,0x0021,0x0021,0x0021,0x0021,0x0021,0x0021,0x0021,0x0021,0x0022,0x0042,0x0042,0x0022,0x0022,0x0022,0x0022,
0x0042,0x0042,0x0042,0x0042,0x0042,0x0042,0x0042,0x0042,0x0042,0x0042,0x0042,0x0043,0x0043,0x0043,0x0043,0x0043,
0x0043,0x0063,0x0063,0x0063,0x0063,0x0063,0x0064,0x0064,0x0084,0x0084,0x0084,0x0084,0x08A5,0x08A5,0x08A5,0x08A5,
0x08C6,0x08C6,0x08E7,0x08C7,0x08C6,0x08C6,0x08C6,0x08C6,0x08E7,0x08E7,0x1108,0x1149,0x1129,0x1129,0x1149,0x0929,
0x08E7,0x08C6,0x08C6,0x08A5,0x08A5,0x08C6,0x08E7,0x08E7,0x08E7,0x1128,0x114A,0x1149,0x08C6,0x0084,0x0084,0x0085,
0x08A5,0x08C6,0x08C7,0x08E7,0x08A5,0x0085,0x00A5,0x08C6,0x08C6,0x00A5,0x0084,0x0084,0x0063,0x0063,0x0884,0x08C6,
0x08C6,0x08C6,0x08A5,0x08A6,0x08C6,0x0084,0x0063,0x0063,0x0084,0x0085,0x08A5,0x08E6,0x08E7,0x08E7,0x0908,0x08E7,
0x08A5,0x08A5,0x08C6,0x08C7,0x08A6,0x00A5,0x00A5,0x08A6,0x08C6,0x08C6,0x08A5,0x0085,0x0084,0x0084,0x0084,0x0884,
0x0884,0x08A5,0x08A5,0x08A5,0x08A5,0x08A5,0x08A5,0x08A5,0x08A5,0x08A5,0x08A4,0x0884,0x0884,0x0884,0x0884,0x0884,
0x08A5,0x08A5,0x08C5,0x08E7,0x1108,0x1128,0x1149,0x1149,0x1148,0x1149,0x198A,0x19AB,0x196A,0x196A,0x1149,0x1149,
0x1128,0x1128,0x1149,0x196A,0x19AB,0x19AB,0x196A,0x1969,0x1969,0x1969,0x1969,0x1969,0x1969,0x1969,0x196A,0x1969,
0x1949,0x1949,0x198A,0x21CC,0x21CC,0x21CC,0x21CB,0x198A,0x1969,0x1969,0x1969,0x198A,0x1969,0x198A,0x19AB,0x21EC,
0x220D,0x2A4F,0x2A6F,0x2A6F,0x3290,0x2A6F,0x222E,0x2A4E,0x220D,0x21CC,0x21EC,0x21EC,0x21ED,0x220E,0x2A4F,0x2A91,
0x2A90,0x2A70,0x220E,0x21ED,0x21ED,0x1149,0x10E7,0x1149,0x19CC,0x21ED,0x222E,0x21ED,0x220D,0x19AC,0x19AB,0x21CC,
0x21ED,0x2A4F,0x2A4F,0x222E,0x2A4F,0x2A90,0x2A4F,0x2A4F,0x2A4F,0x222E,0x21EC,0x21EC,0x19AB,0x198A,0x198A,0x198A,
0x19AB,0x19AB,0x21CC,0x19AB,0x21CC,0x19AB,0x1969,0x1949,0x1148,0x1948,0x1969,0x1969,0x1969,0x1969,0x198A,0x198A,
0x198A,0x196A,0x19AB,0x1969,0x1128,0x1969,0x19AB,0x21ED,0x21CB,0x1949,0x1949,0x1948,0x196A,0x1969,0x198A,0x198A,
0x1969,0x1969,0x198A,0x1969,0x1128,0x1127,0x19AA,0x220D,0x21CC,0x2A0D,0x21EC,0x19AB,0x1969,0x1969,0x1949,0x196A,
0x19AB,0x198A,0x1149,0x1128,0x1149,0x196A,0x19AB,0x220D,0x2A4E,0x2A4E,0x220C,0x21CB,0x21CB,0x21EC,0x220C,0x21EC,
0x21CB,0x198A,0x1969,0x1969,0x1969,0x1969,0x1969,0x19AB,0x1128,0x1149,0x1149,0x08C5,0x0883,0x08C5,0x10E6,0x10E6,
0x10E6,0x08C5,0x0884,0x0884,0x08A4,0x08A5,0x10E6,0x1128,0x196A,0x198B,0x1148,0x08C6,0x08C5,0x1107,0x19AB,0x2A6F,
0x21EC,0x1127,0x1148,0x1969,0x198A,0x196A,0x1128,0x1128,0x1107,0x10E6,0x10E6,0x1107,0x1127,0x1128,0x1149,0x196A,
0x1969,0x1148,0x1107,0x10E6,0x1128,0x1108,0x08E6,0x08E6,0x08E6,0x08E6,0x1107,0x1148,0x1128,0x1107,0x1107,0x1107,
0x1107,0x1127,0x1128,0x1127,0x1107,0x1107,0x1107,0x10E6,0x08C6,0x08C5,0x08A5,0x08A4,0x08A4,0x08A4,0x0884,0x0884,
0x0883,0x0083,0x0083,0x0063,0x0063,0x0063,0x0063,0x0063,0x0042,0x0042,0x0042,0x0042,0x0063,0x0063,0x0063,0x0063,
0x0042,0x0042,0x0063,0x08A5,0x0084,0x0043,0x0042,0x0042,0x0042,0x0043,0x0884,0x0884,0x0884,0x08A5,0x08A5,0x08C6,
0x08E7,0x08C5,0x08A5,0x10E6,0x08C6,0x08A5,0x1108,0x198A,0x116A,0x1149,0x1108,0x1108,0x1108,0x08E7,0x0907,0x0908,
0x1149,0x116B,0x1149,0x116B,0x116B,0x116B,0x114A,0x116A,0x114A,0x0908,0x08E7,0x08A5,0x08C6,0x08A6,0x08A5,0x0085,
0x0084,0x0084,0x0084,0x0084,0x0084,0x0084,0x0084,0x0084,0x0084,0x0064,0x0063,0x0063,0x0043,0x0042,0x0042,0x0042,
0x0042,0x0043,0x0063,0x0063,0x0063,0x0064,0x0084,0x0064,0x0064,0x0084,0x0084,0x0084,0x0084,0x0084,0x0084,0x0084,
0x0084,0x0064,0x0063,0x0063,0x0043,0x0043,0x0042,0x0042,0x0042,0x0042,0x0022,0x0022,0x0022,0x0022,0x0042,0x0042,
0x0042,0x0043,0x0042,0x0022,0x0042,0x0022,0x0021,0x0021,0x0021,0x0021,0x0021,0x0021,0x0021,0x0021,0x0021,0x0021,
},
{0x0021,0x0021,0x0021,0x0021,0x0021,0x0021,0x0021,0x0021,0x0021,0x0022,0x0022,0x0022,0x0022,0x0022,0x0022,0x0042,
0x0042,0x0042,0x0042,0x0042,0x0042,0x0042,0x0042,0x0042,0x0042,0x0042,0x0042,0x0042,0x0043,0x0043,0x0043,0x0063,
0x0043,0x0063,0x0063,0x0063,0x0084,0x0084,0x0084,0x0084,0x0084,0x0085,0x0084,0x08A5,0x08A6,0x08C6,0x08C6,0x08A6,
0x08C6,0x08C6,0x08E7,0x08E7,0x08C7,0x08C6,0x08C6,0x08E7,0x08C6,0x0084,0x08A6,0x08E7,0x0928,0x114A,0x1149,0x0929,
0x0908,0x08E7,0x08C6,0x08A5,0x08A6,0x08A6,0x08A5,0x08A6,0x08C6,0x0908,0x08C6,0x00A5,0x00A5,0x0085,0x08A5,0x08C6,
0x08A6,0x08C6,0x08C6,0x08A6,0x0084,0x0064,0x0084,0x0085,0x08A5,0x0084,0x0084,0x0063,0x0084,0x0885,0x08C6,0x0907,
0x0908,0x1129,0x08E7,0x08A6,0x0085,0x0084,0x0064,0x0063,0x0063,0x0084,0x08C6,0x08E7,0x08E7,0x08C7,0x08A6,0x08C6,
0x08A5,0x08A5,0x08A5,0x08C7,0x08C6,0x08A5,0x08A6,0x08C7,0x08E7,0x08C6,0x0085,0x0084,0x0084,0x0084,0x0884,0x0884,
0x08A5,0x08C6,0x08A5,0x08A5,0x08C5,0x08C5,0x08C5,0x08A5,0x08A5,0x08A5,0x08A5,0x08A5,0x08A5,0x08A5,0x08A5,0x08A5,
0x08C6,0x08C5,0x08C6,0x1108,0x1128,0x1128,0x1128,0x1128,0x1108,0x1128,0x1129,0x198A,0x116A,0x198B,0x19AC,0x19AB,
0x19CC,0x198B,0x196A,0x196A,0x1149,0x1149,0x1149,0x198A,0x198A,0x198A,0x198A,0x198A,0x198A,0x196A,0x196A,0x196A,
0x198A,0x21CB,0x21EC,0x220D,0x2A0D,0x2A0D,0x21EC,0x21EC,0x21CB,0x21AB,0x21CB,0x21CB,0x21CB,0x21CB,0x21CB,0x21CB,
0x21EC,0x2A6F,0x2A4E,0x2A6F,0x2A6F,0x2A4F,0x2A6F,0x222E,0x21CC,0x196A,0x1149,0x1128,0x1149,0x21ED,0x224F,0x2AB1,
0x2AB1,0x32F2,0x32B1,0x220E,0x19AB,0x1107,0x1148,0x19AB,0x222E,0x2A70,0x32B1,0x32B1,0x2A70,0x19CC,0x1148,0x198A,
0x19CC,0x21CC,0x19AB,0x19AB,0x19AB,0x19AB,0x21ED,0x220D,0x21ED,0x220D,0x21EC,0x21EC,0x21EC,0x21AB,0x21EC,0x21CC,
0x21EC,0x220D,0x21CC,0x21EC,0x220D,0x21EC,0x19AA,0x198A,0x1969,0x1969,0x1969,0x198A,0x19AA,0x198A,0x198A,0x198A,
0x19AB,0x19AB,0x21CB,0x21CB,0x198A,0x198A,0x21CB,0x21AB,0x21CC,0x21CC,0x19AA,0x198A,0x196A,0x196A,0x1969,0x1948,
0x1969,0x198A,0x19AA,0x198A,0x198A,0x198A,0x198A,0x19AB,0x1948,0x19AA,0x2A0D,0x198A,0x1148,0x1969,0x198A,0x1969,
0x198A,0x1148,0x1127,0x1107,0x1148,0x1969,0x1969,0x21CB,0x21EC,0x220C,0x2A4D,0x21CB,0x21AA,0x21CB,0x21AB,0x21CB,
0x220D,0x21EC,0x198A,0x198A,0x1949,0x1148,0x1948,0x1949,0x1128,0x196A,0x198A,0x10E6,0x08A5,0x08A5,0x08A5,0x08E6,
0x08E6,0x08C5,0x08C5,0x08A5,0x08A4,0x08C5,0x10E6,0x1949,0x196A,0x196A,0x1148,0x08C5,0x08A4,0x10E6,0x198A,0x2A2D,
0x21AA,0x1128,0x1127,0x1128,0x1128,0x1128,0x19AB,0x1969,0x1128,0x1127,0x1148,0x1969,0x1128,0x1128,0x1149,0x19AB,
0x198A,0x1149,0x1107,0x1107,0x1107,0x1148,0x1127,0x10E7,0x10E6,0x10E6,0x1149,0x1148,0x10E7,0x1107,0x1107,0x1127,
0x1127,0x1128,0x1128,0x1107,0x1107,0x10E6,0x10E6,0x08E6,0x08E6,0x08C6,0x08C5,0x08A5,0x08A5,0x08A5,0x0884,0x0884,
0x0884,0x0883,0x0063,0x0063,0x0063,0x0042,0x0063,0x0063,0x0042,0x0042,0x0042,0x0042,0x0043,0x0043,0x0063,0x0063,
0x0042,0x0042,0x0063,0x0884,0x0084,0x0063,0x0063,0x0063,0x0063,0x0043,0x0063,0x0063,0x08A5,0x08C6,0x08E6,0x08E6,
0x08A5,0x08A5,0x08C6,0x08E7,0x08E7,0x08A5,0x1107,0x116A,0x116A,0x1128,0x08E6,0x08E7,0x1108,0x1108,0x1128,0x1129,
0x116A,0x116B,0x198B,0x198C,0x198C,0x116B,0x114A,0x116B,0x114A,0x0908,0x08E7,0x08C6,0x08C6,0x08A6,0x08A5,0x0084,
0x0084,0x0084,0x0084,0x0064,0x0084,0x0885,0x08A5,0x0084,0x0064,0x0064,0x0063,0x0063,0x0043,0x0042,0x0042,0x0042,
0x0042,0x0043,0x0063,0x0063,0x0063,0x0063,0x0084,0x0084,0x0064,0x0084,0x0084,0x0084,0x0084,0x0084,0x0084,0x0064,
0x0084,0x0084,0x0064,0x0063,0x0063,0x0043,0x0042,0x0042,0x0042,0x0042,0x0042,0x0022,0x0022,0x0022,0x0022,0x0022,
0x0022,0x0042,0x0042,0x0042,0x0042,0x0022,0x0021,0x0021,0x0021,0x0021,0x0021,0x0021,0x0021,0x0021,0x0021,0x0021,
},
{0x0021,0x0021,0x0021,0x0021,0x0021,0x0021,0x0021,0x0021,0x0022,0x0022,0x0022,0x0022,0x0022,0x0042,0x0042,0x0042,
0x0042,0x0043,0x0043,0x0042,0x0042,0x0042,0x0042,0x0042,0x0042,0x0042,0x0042,0x0042,0x0043,0x0043,0x0043,0x0043,
0x0043,0x0063,0x0064,0x0064,0x0084,0x0084,0x08A5,0x0085,0x08A5,0x08A5,0x08A5,0x08A5,0x08C6,0x08C6,0x08C6,0x08C6,
0x08C6,0x08C6,0x08C6,0x08C6,0x08C7,0x08E7,0x08E7,0x08E7,0x08E7,0x08E7,0x0929,0x0929,0x1129,0x0928,0x0908,0x08E7,
0x08C6,0x08C6,0x08A5,0x08C6,0x08C7,0x08C7,0x08C7,0x08E7,0x08E8,0x08C6,0x0084,0x0084,0x0084,0x0085,0x08A6,0x08A6,
0x08A6,0x08C6,0x08A6,0x0084,0x0043,0x0063,0x0063,0x0064,0x0084,0x0084,0x0063,0x0084,0x08E7,0x08E7,0x0908,0x08E7,
0x08A5,0x08A5,0x0064,0x0063,0x0064,0x0064,0x0064,0x0063,0x0064,0x0085,0x0085,0x08A5,0x08A6,0x08A5,0x08C6,0x08C6,
0x08A6,0x00A5,0x0085,0x08A5,0x08A6,0x08A6,0x08E7,0x0908,0x08E7,0x08C6,0x0885,0x0084,0x0085,0x08A5,0x08A5,0x08A5,
0x08A5,0x08A5,0x0084,0x08A5,0x08C6,0x08C6,0x08C6,0x08C5,0x08A5,0x08A5,0x08A4,0x08A4,0x08A5,0x08A5,0x08C5,0x08C6,
0x08E7,0x1107,0x1107,0x1107,0x1128,0x1148,0x1169,0x1149,0x1169,0x198A,0x1149,0x1128,0x1169,0x196A,0x19AB,0x19AC,
0x21EC,0x220D,0x196A,0x1128,0x1128,0x1148,0x1949,0x19AB,0x21CC,0x21CC,0x19AB,0x196A,0x196A,0x198A,0x198A,0x198A,
0x21AB,0x21EC,0x2A2E,0x2A2D,0x21EC,0x21EC,0x21AB,0x21CB,0x21CB,0x21CB,0x21AB,0x21CB,0x21AB,0x21CB,0x21EC,0x220D,
0x2A2E,0x222E,0x198A,0x1149,0x1128,0x1149,0x1148,0x1949,0x21CC,0x19AB,0x19AB,0x19EC,0x21ED,0x224F,0x2A90,0x2A6F,
0x32B1,0x32B1,0x220E,0x19CC,0x19AB,0x194A,0x19AC,0x222F,0x2A90,0x2A90,0x3290,0x2A4F,0x19CC,0x198B,0x198A,0x222E,
0x220E,0x19AB,0x198A,0x198A,0x1969,0x1969,0x19AB,0x21CC,0x21ED,0x21CB,0x21CB,0x220D,0x220D,0x21EC,0x2A2E,0x2A2E,
0x2A2D,0x21EC,0x21CB,0x21EC,0x2A2D,0x220C,0x21CB,0x21AA,0x21CB,0x21CB,0x21CB,0x21CB,0x21CB,0x21AB,0x1989,0x1969,
0x198A,0x19AA,0x21CB,0x21CB,0x21CB,0x19AA,0x21AA,0x21AA,0x21CB,0x21AB,0x1969,0x198A,0x21CB,0x21CB,0x19AA,0x198A,
0x19AA,0x21CC,0x21CB,0x21AB,0x21AB,0x21AB,0x21EC,0x21EC,0x198A,0x21CB,0x21EC,0x19AA,0x198A,0x21AB,0x21CB,0x21CB,
0x198A,0x1948,0x1107,0x1127,0x1148,0x198A,0x21AB,0x21CB,0x21AB,0x21AB,0x21EC,0x21CB,0x21AA,0x198A,0x1989,0x21CB,
0x2A4E,0x2A6F,0x21CB,0x21CB,0x21AB,0x1949,0x1128,0x1107,0x1128,0x1969,0x196A,0x1148,0x1107,0x08C5,0x08A4,0x08E6,
0x08E6,0x08C5,0x10E6,0x08C5,0x08A4,0x08A4,0x1107,0x1949,0x1149,0x19AB,0x196A,0x1128,0x08C6,0x10E6,0x1107,0x1128,
0x198A,0x1128,0x10E6,0x10C5,0x10E6,0x1128,0x21CB,0x21CB,0x19AA,0x1969,0x198A,0x21CB,0x1969,0x1128,0x1969,0x19AB,
0x198A,0x1149,0x1128,0x1107,0x1107,0x1149,0x1128,0x1107,0x1107,0x1107,0x1128,0x1128,0x1107,0x1128,0x1148,0x1128,
0x1127,0x1127,0x1107,0x1107,0x1107,0x10E6,0x08E6,0x08C5,0x08C6,0x08E6,0x08C6,0x08C5,0x08A5,0x08A5,0x08A4,0x0884,
0x0884,0x0063,0x0063,0x0063,0x0063,0x0042,0x0042,0x0063,0x0042,0x0042,0x0043,0x0043,0x0063,0x0042,0x0042,0x0063,
0x0043,0x0063,0x0063,0x0063,0x0063,0x0063,0x0884,0x08A5,0x0884,0x0083,0x0083,0x0063,0x0884,0x08C6,0x08A5,0x08A5,
0x08A4,0x08A4,0x08C6,0x1128,0x1108,0x08E6,0x1108,0x116A,0x1149,0x1108,0x08C6,0x1107,0x1128,0x1128,0x1129,0x1129,
0x116A,0x116A,0x118B,0x19CD,0x19AC,0x19AC,0x116B,0x114A,0x114A,0x1129,0x08C7,0x08C6,0x08C6,0x08A5,0x0085,0x0084,
0x0084,0x0084,0x0084,0x0085,0x08A5,0x08A5,0x0085,0x0084,0x0064,0x0063,0x0063,0x0063,0x0063,0x0043,0x0043,0x0042,
0x0042,0x0043,0x0063,0x0063,0x0063,0x0063,0x0064,0x0064,0x0064,0x0063,0x0064,0x0084,0x0084,0x08A5,0x0085,0x0084,
0x0084,0x0064,0x0063,0x0063,0x0064,0x0063,0x0043,0x0042,0x0042,0x0042,0x0042,0x0022,0x0022,0x0022,0x0022,0x0042,
0x0022,0x0042,0x0042,0x0042,0x0042,0x0022,0x0022,0x0021,0x0021,0x0021,0x0021,0x0021,0x0021,0x0021,0x0021,0x0021,
},
{0x0021,0x0021,0x0021,0x0021,0x0021,0x0021,0x0021,0x0021,0x0022,0x0022,0x0022,0x0042,0x0042,0x0042,0x0043,0x0043,
0x0043,0x0043,0x0043,0x0043,0x0042,0x0042,0x0042,0x0022,0x0042,0x0042,0x0042,0x0043,0x0043,0x0063,0x0043,0x0063,
0x0063,0x0064,0x0064,0x0084,0x0084,0x0084,0x0084,0x0085,0x0885,0x08A5,0x08A5,0x08A5,0x08A6,0x08C6,0x08C6,0x08C6,
0x08E7,0x08C6,0x08C6,0x08C6,0x08E7,0x08E7,0x08E7,0x08E7,0x08C6,0x08C7,0x08E7,0x08E7,0x0908,0x08E7,0x08C6,0x08A5,
0x08A5,0x08A5,0x08C6,0x08C6,0x08E7,0x08E8,0x08E8,0x08E7,0x08C6,0x08A5,0x0084,0x0084,0x0084,0x00A5,0x0085,0x0085,
0x00A5,0x0085,0x0085,0x0084,0x0063,0x0063,0x0063,0x0063,0x0063,0x0063,0x0085,0x08E7,0x0908,0x08A6,0x0085,0x0063,
0x0063,0x0043,0x0043,0x0063,0x0064,0x0063,0x0064,0x0084,0x0084,0x0085,0x0085,0x0084,0x0084,0x0084,0x00A5,0x08A6,
0x08A6,0x00A5,0x0085,0x00A5,0x08C6,0x08C7,0x08C6,0x08C7,0x08C6,0x08C6,0x08A6,0x08A6,0x08A6,0x08A5,0x08A5,0x08A5,
0x0084,0x0084,0x0084,0x0884,0x08A5,0x08C5,0x08C6,0x08C6,0x08A5,0x08A5,0x08A5,0x08A5,0x08C5,0x08C6,0x08E6,0x1107,
0x1107,0x1107,0x1107,0x1127,0x1128,0x1128,0x1128,0x1149,0x198A,0x19CC,0x19AB,0x19AB,0x21CC,0x19CB,0x220D,0x2A6F,
0x2A4F,0x220D,0x220D,0x21EC,0x21CC,0x21CC,0x21CC,0x21EC,0x21EC,0x19AB,0x198A,0x198A,0x198A,0x198A,0x198A,0x19AA,
0x21CB,0x21AB,0x21CB,0x21CB,0x21CB,0x21CB,0x19AA,0x198A,0x198A,0x21AB,0x198A,0x1989,0x1989,0x19AA,0x21CB,0x2A4E,
0x2A6F,0x2A4E,0x222E,0x19AB,0x1969,0x10E6,0x1107,0x1148,0x1949,0x21ED,0x2A70,0x222F,0x220E,0x222F,0x2A90,0x2AB1,
0x224F,0x19AC,0x114A,0x1149,0x198A,0x220D,0x222F,0x222E,0x2A4F,0x21ED,0x19AB,0x19AB,0x19AB,0x19AB,0x222E,0x21CC,
0x21CC,0x19AB,0x1969,0x19AB,0x220D,0x220D,0x220D,0x220D,0x2A4E,0x220D,0x220C,0x2A2D,0x220C,0x21CB,0x220C,0x2A2D,
0x220C,0x220C,0x220C,0x2A2D,0x2A2D,0x21EC,0x21EB,0x21EB,0x21EB,0x21EB,0x21CA,0x21AA,0x21CB,0x2A2D,0x21EB,0x21EB,
0x2A0C,0x2A0C,0x2A0C,0x2A0C,0x2A0C,0x21AA,0x1989,0x21AA,0x21AA,0x21CB,0x198A,0x21AA,0x21CB,0x21CB,0x21EB,0x21CB,
0x198A,0x21CB,0x21CB,0x21CB,0x21CB,0x220C,0x2A4E,0x2A2D,0x21EC,0x21CB,0x21AA,0x1989,0x198A,0x21AB,0x21CB,0x21EB,
0x21CB,0x21CB,0x1969,0x1148,0x1948,0x198A,0x21EC,0x21EC,0x19AA,0x198A,0x21CB,0x21EB,0x21AA,0x1968,0x1969,0x21AA,
0x21EC,0x2A2D,0x21EC,0x2A0D,0x21EC,0x1969,0x1128,0x1107,0x10E6,0x10E6,0x10E6,0x1148,0x196A,0x1127,0x10C6,0x1128,
0x1107,0x1107,0x1107,0x10E6,0x08C5,0x0884,0x08C6,0x1149,0x1149,0x1969,0x19AB,0x19AB,0x1148,0x1107,0x1148,0x1969,
0x1969,0x1969,0x1148,0x08A5,0x1107,0x1969,0x1948,0x21CB,0x21CB,0x21CB,0x21CB,0x21AB,0x198A,0x1969,0x19AA,0x198A,
0x198A,0x1969,0x1149,0x1149,0x1148,0x1148,0x1148,0x1107,0x1107,0x1107,0x1107,0x1107,0x1107,0x1949,0x1969,0x1148,
0x1128,0x1128,0x1107,0x1107,0x1127,0x1107,0x10E6,0x08C6,0x08C5,0x08E6,0x08E6,0x08C5,0x08A5,0x08C5,0x08C5,0x08A5,
0x0884,0x0083,0x0063,0x0063,0x0063,0x0043,0x0043,0x0042,0x0042,0x0063,0x0063,0x0063,0x0043,0x0043,0x0063,0x0084,
0x0083,0x0063,0x0042,0x0042,0x0042,0x0042,0x0884,0x08A5,0x0884,0x0884,0x0063,0x0063,0x0884,0x0884,0x0884,0x08A4,
0x08E7,0x08C6,0x08A5,0x0907,0x1128,0x0907,0x08E7,0x1129,0x1108,0x1128,0x1129,0x1128,0x1149,0x1128,0x1108,0x1129,
0x1149,0x1149,0x114A,0x19CD,0x116B,0x1129,0x116B,0x116B,0x114A,0x1129,0x08E7,0x08C6,0x08A6,0x08A5,0x0084,0x0084,
0x0084,0x0085,0x08A5,0x08C6,0x08A5,0x0885,0x0084,0x0084,0x0064,0x0063,0x0063,0x0063,0x0063,0x0063,0x0043,0x0043,
0x0043,0x0043,0x0063,0x0063,0x0063,0x0063,0x0064,0x0064,0x0064,0x0063,0x0084,0x0884,0x0084,0x0084,0x0085,0x0085,
0x0084,0x0084,0x0064,0x0063,0x0063,0x0063,0x0043,0x0043,0x0043,0x0042,0x0042,0x0022,0x0022,0x0022,0x0042,0x0042,
0x0022,0x0042,0x0042,0x0042,0x0042,0x0022,0x0022,0x0021,0x0021,0x0021,0x0021,0x0021,0x0021,0x0021,0x0021,0x0021,
},
{0x0021,0x0021,0x0021,0x0021,0x0021,0x0021,0x0021,0x0021,0x0021,0x0022,0x0042,0x0043,0x0043,0x0043,0x0043,0x0043,
0x0043,0x0043,0x0043,0x0043,0x0042,0x0042,0x0042,0x0042,0x0042,0x0043,0x0043,0x0043,0x0063,0x0063,0x0063,0x0064,
0x0064,0x0063,0x0064,0x0064,0x0064,0x0084,0x0084,0x0084,0x0084,0x0084,0x08A5,0x08A5,0x08C6,0x08C6,0x08A6,0x08A5,
0x08C6,0x08C6,0x08C6,0x08E7,0x08C7,0x08C6,0x08A5,0x08A5,0x08A5,0x08A5,0x08A5,0x08E7,0x08E7,0x08C6,0x08A5,0x0084,
0x0084,0x08C6,0x08E7,0x08A6,0x08C6,0x08E7,0x08C6,0x08C6,0x08A5,0x0084,0x0084,0x0084,0x08A5,0x08A6,0x08A6,0x0085,
0x0084,0x0064,0x0063,0x0043,0x0043,0x0063,0x0063,0x0063,0x0084,0x0084,0x08A6,0x08C6,0x08C6,0x08A6,0x0084,0x0084,
0x0885,0x0063,0x0043,0x0063,0x0063,0x0063,0x0063,0x0084,0x0084,0x0084,0x0064,0x0064,0x0064,0x0084,0x0084,0x00A5,
0x00A6,0x0085,0x0084,0x08A5,0x08A6,0x08A6,0x08A5,0x08C6,0x08C6,0x08E7,0x08E7,0x08E7,0x08E7,0x08C7,0x08C6,0x08A5,
0x08A5,0x0885,0x08A5,0x08A5,0x08A5,0x08C6,0x08E6,0x08E6,0x08E6,0x08C5,0x08C5,0x08C6,0x08E6,0x08E7,0x08E6,0x1107,
0x1107,0x1107,0x1128,0x1148,0x1128,0x1148,0x1149,0x1969,0x198A,0x198A,0x19AB,0x19AB,0x198A,0x19AB,0x21EC,0x2A2E,
0x2A4F,0x2A90,0x32D1,0x2A8F,0x2A4E,0x2A2D,0x220C,0x21CC,0x19AB,0x21AB,0x21CB,0x21EC,0x220C,0x21CB,0x21AB,0x21EC,
0x220D,0x21EC,0x19AA,0x21CB,0x220C,0x2A4E,0x2A4E,0x21CB,0x1969,0x21AB,0x21AB,0x21CB,0x2A0D,0x2A4E,0x2A4E,0x2A4E,
0x21ED,0x21EC,0x21CC,0x1149,0x1128,0x1128,0x1107,0x19AC,0x220D,0x220E,0x220E,0x21ED,0x19CC,0x198B,0x19CC,0x224F,
0x220D,0x116A,0x1128,0x1128,0x198A,0x21EC,0x222E,0x220E,0x19AB,0x198B,0x196A,0x198A,0x220D,0x2A6F,0x220D,0x21CC,
0x19CB,0x19CB,0x21EC,0x220D,0x2A4E,0x222E,0x21EC,0x222D,0x2A4E,0x2A2E,0x2A6F,0x2A6E,0x2A0D,0x21EC,0x2A4D,0x2A2D,
0x2A4D,0x328F,0x328F,0x326E,0x2A6E,0x2A2D,0x2A0C,0x2A4D,0x324E,0x326E,0x2A2D,0x21CB,0x21EB,0x21EC,0x2A0C,0x2A2C,
0x326E,0x326E,0x324D,0x2A2D,0x2A0C,0x21CB,0x21AA,0x21CA,0x21EB,0x21CB,0x21CB,0x21AA,0x21CB,0x29EC,0x2A2D,0x2A2D,
0x29EC,0x21CB,0x21EB,0x21EB,0x21AA,0x2189,0x1989,0x21CB,0x21EC,0x21CB,0x1989,0x198A,0x1989,0x21CB,0x2A0C,0x21CB,
0x21AB,0x21EC,0x21CB,0x198A,0x19AA,0x21CB,0x21EC,0x2A0D,0x198A,0x1969,0x21AA,0x29EC,0x21CB,0x1969,0x1969,0x198A,
0x198A,0x21EB,0x21CB,0x21EC,0x21CB,0x1949,0x1148,0x1127,0x1107,0x10E6,0x08C5,0x10E6,0x1949,0x196A,0x1948,0x1949,
0x1107,0x1128,0x1107,0x1107,0x08C6,0x08A5,0x08A5,0x08E6,0x1149,0x1949,0x196A,0x21EC,0x21CC,0x198A,0x21AB,0x1969,
0x1948,0x1969,0x1969,0x10E6,0x198A,0x21CB,0x198A,0x2A0D,0x220D,0x220C,0x220C,0x21CB,0x198A,0x21CB,0x21CC,0x19AB,
0x19AA,0x198A,0x198A,0x198A,0x1949,0x1128,0x1127,0x1107,0x1107,0x1107,0x1127,0x1128,0x1107,0x1948,0x198A,0x1969,
0x1127,0x1107,0x1107,0x1107,0x1107,0x1107,0x1107,0x08E6,0x08E6,0x08E6,0x08E6,0x08C5,0x08A4,0x08A5,0x08C6,0x08C5,
0x08A4,0x0883,0x0063,0x0063,0x0063,0x0063,0x0063,0x0043,0x0043,0x0063,0x0063,0x0042,0x0042,0x0063,0x0063,0x0084,
0x0063,0x0042,0x0022,0x0022,0x0042,0x0042,0x0063,0x0063,0x0063,0x0884,0x0063,0x0063,0x0884,0x0884,0x08A5,0x08C6,
0x1128,0x08E6,0x08A5,0x08C5,0x08E7,0x0907,0x08E7,0x08C6,0x08E7,0x1128,0x1149,0x114A,0x1149,0x1129,0x1108,0x0907,
0x08E6,0x08C6,0x08E7,0x0908,0x0929,0x0929,0x114A,0x118B,0x118B,0x1129,0x08E7,0x08A6,0x08C6,0x08A5,0x08A5,0x0084,
0x0085,0x08A6,0x08C6,0x08A5,0x0885,0x0084,0x0084,0x0885,0x0084,0x0084,0x0064,0x0063,0x0063,0x0063,0x0063,0x0043,
0x0043,0x0043,0x0063,0x0063,0x0063,0x0064,0x0084,0x0084,0x0084,0x0084,0x0085,0x0085,0x0084,0x0084,0x0084,0x0084,
0x0084,0x0084,0x0064,0x0063,0x0063,0x0063,0x0043,0x0042,0x0043,0x0043,0x0042,0x0042,0x0042,0x0022,0x0042,0x0042,
0x0022,0x0022,0x0042,0x0042,0x0042,0x0022,0x0022,0x0021,0x0021,0x0021,0x0021,0x0021,0x0021,0x0021,0x0021,0x0021,
},
{0x0021,0x0021,0x0021,0x0021,0x0021,0x0021,0x0021,0x0021,0x0021,0x0022,0x0042,0x0063,0x0043,0x0042,0x0042,0x0042,
0x0043,0x0043,0x0043,0x0043,0x0043,0x0042,0x0042,0x0043,0x0043,0x0043,0x0063,0x0063,0x0063,0x0063,0x0064,0x0064,
0x0084,0x0064,0x0064,0x0084,0x0084,0x0084,0x0084,0x0084,0x0084,0x0084,0x08A5,0x08C6,0x08C6,0x08A6,0x08A5,0x08A5,
0x08A5,0x0084,0x0084,0x0084,0x0084,0x0084,0x0084,0x0084,0x0884,0x08A5,0x08C6,0x08E7,0x08C6,0x0084,0x0084,0x0064,
0x0084,0x08C7,0x08C6,0x0885,0x08A5,0x08A5,0x0084,0x0084,0x0064,0x0084,0x08A5,0x08A5,0x08A5,0x08C6,0x08A5,0x0063,
0x0043,0x0043,0x0043,0x0043,0x0042,0x0042,0x0042,0x0043,0x08A5,0x08C6,0x08A5,0x08A5,0x0064,0x0064,0x0084,0x00A5,
0x0064,0x0063,0x0043,0x0063,0x0063,0x0063,0x0084,0x0064,0x0064,0x0063,0x0063,0x0064,0x0084,0x0084,0x0084,0x0084,
0x0084,0x0084,0x0084,0x00A5,0x08A5,0x08A5,0x08A5,0x08E7,0x08C6,0x08C6,0x08E7,0x08E7,0x08E7,0x08E7,0x08A6,0x08C6,
0x08C6,0x08A5,0x08C6,0x08C6,0x08C6,0x08C6,0x08E7,0x10E7,0x10E6,0x08E6,0x1107,0x1107,0x1107,0x08E7,0x08E7,0x08E7,
0x10E7,0x1127,0x196A,0x198A,0x196A,0x198A,0x19AB,0x198A,0x198A,0x198A,0x21CB,0x21CB,0x19AB,0x21CB,0x19AB,0x21CC,
0x21EC,0x220D,0x2A6E,0x3AD1,0x32B0,0x326F,0x2A0D,0x21CB,0x21EC,0x21EC,0x21EC,0x21EC,0x2A2D,0x2A2D,0x2A6E,0x32B0,
0x326F,0x21EC,0x1989,0x1968,0x1948,0x21CB,0x21EC,0x2A2D,0x2A0D,0x21EC,0x2A0D,0x2A4E,0x2A6F,0x222D,0x2A6F,0x2A4E,
0x222E,0x19CB,0x1148,0x10E6,0x10E6,0x10E6,0x1128,0x220D,0x2A6F,0x21ED,0x1149,0x1149,0x196A,0x19AB,0x19CC,0x19EC,
0x196A,0x1107,0x10E7,0x1148,0x198A,0x1948,0x198A,0x19AB,0x198A,0x198A,0x21ED,0x21EC,0x21EC,0x220D,0x2A2E,0x2A4E,
0x2A6F,0x2A4E,0x2A4E,0x222D,0x2A2D,0x2A2D,0x220D,0x2A4E,0x2A6F,0x328F,0x328F,0x326F,0x2A6E,0x2A6E,0x328F,0x328E,
0x328E,0x3AD0,0x328F,0x326E,0x2A4D,0x2A4D,0x2A4D,0x326E,0x326E,0x3AAF,0x3ACF,0x328F,0x324D,0x322C,0x2A2C,0x2A2C,
0x322C,0x324D,0x324D,0x324D,0x2A2C,0x2A0B,0x29EB,0x29EB,0x21CB,0x21CA,0x21CA,0x29EB,0x2A0B,0x2A0B,0x2A0C,0x324D,
0x324D,0x2A2D,0x2A2D,0x2A0C,0x29EB,0x2189,0x1969,0x21AA,0x21CB,0x21AA,0x21AA,0x21CB,0x21CB,0x21CB,0x2A2D,0x2A0C,
0x21CB,0x21CB,0x21CB,0x21AA,0x218A,0x198A,0x21AA,0x21AA,0x21AA,0x1989,0x198A,0x218A,0x1969,0x1969,0x1969,0x1948,
0x1948,0x21AB,0x198A,0x1969,0x1989,0x1969,0x1948,0x1948,0x1128,0x1107,0x10E5,0x10E6,0x1107,0x1949,0x1128,0x196A,
0x198A,0x1969,0x1107,0x10E6,0x08C5,0x08C5,0x08C5,0x08A4,0x10E6,0x1107,0x1969,0x220D,0x21EC,0x1969,0x198A,0x1969,
0x1969,0x1148,0x1948,0x1948,0x21EB,0x2A6E,0x2A4E,0x2A6E,0x2A2D,0x2A2D,0x2A2D,0x21CB,0x1969,0x21EC,0x2A0D,0x21CB,
0x19AA,0x19AB,0x198A,0x1969,0x1948,0x1128,0x1128,0x1128,0x1127,0x1128,0x1128,0x1148,0x1128,0x1949,0x1148,0x1148,
0x1107,0x1107,0x1107,0x1106,0x1107,0x1107,0x1107,0x1107,0x10E6,0x08E6,0x08C6,0x08C5,0x08A4,0x08A4,0x08C5,0x08C5,
0x08A5,0x0884,0x0063,0x0063,0x0063,0x0063,0x0063,0x0063,0x0063,0x0063,0x0042,0x0042,0x0042,0x0063,0x0084,0x0084,
0x0063,0x0042,0x0042,0x0042,0x0042,0x0042,0x0042,0x0042,0x0063,0x0884,0x0084,0x0063,0x0884,0x0884,0x08A4,0x08C5,
0x1107,0x08C5,0x08A5,0x08C5,0x08E7,0x1128,0x1108,0x08C6,0x08C6,0x08E7,0x1128,0x198B,0x116B,0x1128,0x08E6,0x08E6,
0x08C5,0x0884,0x08A5,0x08E7,0x114A,0x0929,0x114A,0x19AC,0x116A,0x1129,0x08E8,0x08A6,0x08C6,0x08C6,0x08A5,0x0085,
0x0885,0x08A5,0x0085,0x0084,0x0084,0x08A5,0x08A5,0x0084,0x0084,0x0084,0x0064,0x0064,0x0064,0x0063,0x0063,0x0043,
0x0043,0x0063,0x0063,0x0063,0x0064,0x0084,0x08A6,0x08A6,0x08A5,0x00A5,0x0085,0x0084,0x0084,0x0084,0x0085,0x0084,
0x0064,0x0063,0x0063,0x0063,0x0063,0x0063,0x0043,0x0043,0x0042,0x0043,0x0042,0x0042,0x0043,0x0042,0x0042,0x0042,
0x0042,0x0022,0x0042,0x0042,0x0042,0x0042,0x0022,0x0021,0x0021,0x0021,0x0021,0x0021,0x0021,0x0021,0x0021,0x0021,
},
{0x0021,0x0021,0x0021,0x0021,0x0021,0x0021,0x0021,0x0021,0x0022,0x0022,0x0043,0x0043,0x0042,0x0022,0x0042,0x0042,
0x0042,0x0042,0x0043,0x0043,0x0043,0x0043,0x0043,0x0043,0x0043,0x0063,0x0063,0x0064,0x0064,0x0084,0x0064,0x0084,
0x0084,0x0084,0x0084,0x0084,0x0084,0x0084,0x0084,0x0084,0x0885,0x0085,0x08A5,0x08C6,0x08C6,0x08C6,0x08C6,0x08A5,
0x08A5,0x0084,0x0064,0x0084,0x0084,0x0085,0x00A5,0x0084,0x08A5,0x08A6,0x08C7,0x08C6,0x0885,0x0084,0x0064,0x0084,
0x0084,0x08A5,0x08C6,0x0084,0x0063,0x0063,0x0063,0x0064,0x0084,0x0084,0x0885,0x08A6,0x08C6,0x08A5,0x0084,0x0063,
0x0042,0x0042,0x0042,0x0042,0x0042,0x0042,0x0043,0x0084,0x08C6,0x08A5,0x0084,0x0064,0x0043,0x0063,0x0063,0x0063,
0x0063,0x0043,0x0043,0x0063,0x0063,0x0064,0x0064,0x0063,0x0063,0x0063,0x0063,0x0084,0x0084,0x0084,0x0064,0x0064,
0x0084,0x0084,0x0085,0x08A5,0x08A6,0x08C6,0x08C7,0x08E7,0x08E7,0x1108,0x1128,0x08E7,0x08E7,0x08C6,0x08C5,0x08C6,
0x08E6,0x08E7,0x1107,0x1107,0x1108,0x1128,0x1128,0x1128,0x1128,0x1149,0x1969,0x1149,0x1128,0x1128,0x1148,0x1128,
0x1148,0x1149,0x21CC,0x21CC,0x198A,0x198A,0x19AB,0x198A,0x19AB,0x21AB,0x21EC,0x21EC,0x220D,0x220C,0x220D,0x2A2D,
0x19AB,0x21CB,0x2A2D,0x328F,0x326E,0x326F,0x2A4E,0x220D,0x2A4E,0x2A6E,0x2A2D,0x2A0D,0x2A2D,0x2A4E,0x32B0,0x328F,
0x21CB,0x21AA,0x1969,0x1948,0x1969,0x21CB,0x21CB,0x220C,0x2A4E,0x2A2D,0x326E,0x326F,0x220D,0x19AB,0x21CB,0x21CC,
0x198A,0x1969,0x1128,0x10E6,0x08C5,0x08A4,0x1107,0x196A,0x19AB,0x1128,0x08C6,0x08A5,0x08E6,0x19AB,0x19EC,0x19CC,
0x1127,0x10E6,0x1128,0x19AB,0x19CB,0x198A,0x1148,0x1969,0x19AB,0x19AB,0x21EC,0x21EC,0x21EC,0x21EC,0x2A2E,0x2A4E,
0x2A4E,0x2A2D,0x2A4E,0x2A4D,0x2A2D,0x2A4E,0x2A4D,0x2A6E,0x2A6E,0x2A6E,0x2A2D,0x2A0D,0x2A2D,0x2A2D,0x326E,0x326D,
0x2A4D,0x2A2D,0x2A2C,0x2A2D,0x2A4D,0x328F,0x3ACF,0x3AAF,0x328E,0x326E,0x328E,0x328E,0x3AAE,0x3AAF,0x3A8E,0x326E,
0x326E,0x326E,0x326E,0x3A8E,0x326E,0x324D,0x322C,0x2A0C,0x322C,0x322C,0x2A0B,0x2A0C,0x2A0B,0x29EA,0x29EB,0x29EB,
0x2A0C,0x2A2C,0x2A2C,0x2A0C,0x2A0C,0x21CA,0x21CA,0x29EB,0x29EB,0x21AA,0x21AA,0x21CB,0x21CB,0x21CB,0x21CB,0x21EB,
0x21EB,0x218A,0x21CA,0x21CB,0x198A,0x1989,0x2189,0x21AA,0x21CB,0x21EB,0x21AB,0x1948,0x21AA,0x21AA,0x218A,0x1927,
0x1127,0x21AB,0x19AA,0x1948,0x1989,0x21AA,0x1969,0x1948,0x1949,0x1948,0x1107,0x10E6,0x10E6,0x1107,0x1107,0x1128,
0x19AA,0x198A,0x1969,0x1127,0x10E6,0x10E6,0x1107,0x08A5,0x08A5,0x10E6,0x1148,0x198A,0x19AB,0x198A,0x21AB,0x198A,
0x1969,0x1989,0x1989,0x1989,0x29EB,0x32AF,0x3AB0,0x2A6E,0x2A6E,0x2A4D,0x2A4D,0x21CB,0x1989,0x21EC,0x2A0D,0x21CB,
0x21CB,0x19AA,0x198A,0x1969,0x1949,0x1148,0x1128,0x1107,0x1127,0x1128,0x1148,0x1148,0x1128,0x1949,0x1107,0x1127,
0x1128,0x1127,0x1107,0x10E6,0x10E6,0x1107,0x1128,0x1107,0x10E6,0x08E6,0x08C6,0x08C5,0x08A4,0x08A5,0x08A5,0x08A5,
0x08A4,0x0884,0x0883,0x0883,0x0883,0x0884,0x0884,0x0063,0x0863,0x0063,0x0063,0x0063,0x0063,0x0063,0x0083,0x0063,
0x0063,0x0043,0x0042,0x0042,0x0063,0x0063,0x0063,0x0042,0x0063,0x0884,0x0084,0x0063,0x0083,0x08A5,0x08C6,0x10E6,
0x08A5,0x08C5,0x08E6,0x08E7,0x1128,0x1149,0x1129,0x08E7,0x08C6,0x1107,0x196A,0x198C,0x1149,0x1128,0x1107,0x08E7,
0x08E6,0x08C5,0x08C6,0x116B,0x118C,0x0908,0x08E8,0x1108,0x08E7,0x0908,0x1108,0x08A6,0x08A5,0x08A5,0x0084,0x0885,
0x08A5,0x0084,0x0084,0x0084,0x08A5,0x08A6,0x0085,0x0084,0x0084,0x0084,0x0084,0x0064,0x0064,0x0063,0x0063,0x0043,
0x0063,0x0063,0x0063,0x0064,0x0064,0x0084,0x08A5,0x08A5,0x08A5,0x08A5,0x0085,0x0085,0x0084,0x0084,0x0885,0x0084,
0x0064,0x0064,0x0063,0x0063,0x0063,0x0063,0x0063,0x0043,0x0042,0x0042,0x0042,0x0042,0x0043,0x0042,0x0042,0x0042,
0x0042,0x0022,0x0042,0x0042,0x0042,0x0042,0x0022,0x0021,0x0021,0x0021,0x0021,0x0021,0x0021,0x0021,0x0021,0x0021,
},
{0x0021,0x0021,0x0021,0x0021,0x0021,0x0021,0x0021,0x0021,0x0022,0x0042,0x0043,0x0042,0x0042,0x0042,0x0042,0x0042,
0x0042,0x0042,0x0043,0x0043,0x0042,0x0043,0x0043,0x0063,0x0063,0x0064,0x0064,0x0064,0x0064,0x0084,0x0084,0x0084,
0x0084,0x0084,0x0084,0x0084,0x00A5,0x08A5,0x08A5,0x08A5,0x08A5,0x08A5,0x08C6,0x08C6,0x08C6,0x08C6,0x08A5,0x08A5,
0x0084,0x0084,0x0084,0x0885,0x08A5,0x08A5,0x08A5,0x08A5,0x08A5,0x08A6,0x08A5,0x00A5,0x0084,0x0084,0x0084,0x0084,
0x0084,0x0084,0x0084,0x0063,0x0043,0x0063,0x0084,0x0084,0x0085,0x0084,0x0064,0x0064,0x0084,0x0085,0x08C6,0x08C6,
0x0063,0x0042,0x0022,0x0022,0x0022,0x0042,0x0063,0x08A5,0x08C6,0x0085,0x0084,0x0064,0x0063,0x0063,0x0043,0x0043,
0x0043,0x0042,0x0042,0x0063,0x0064,0x0064,0x0063,0x0063,0x0063,0x0063,0x0064,0x0084,0x0084,0x0084,0x0084,0x0084,
0x0084,0x00A5,0x00A5,0x08A6,0x08C6,0x08C7,0x0908,0x0908,0x08E8,0x08E7,0x0908,0x1108,0x0908,0x1128,0x1128,0x1108,
0x08E7,0x08E7,0x1128,0x1149,0x196A,0x196A,0x1149,0x1149,0x1969,0x196A,0x198A,0x196A,0x198A,0x198A,0x198A,0x198A,
0x198B,0x198A,0x19AB,0x220D,0x19AB,0x19AB,0x21AB,0x21CB,0x21CB,0x21CC,0x21EC,0x220D,0x2A2D,0x2A6E,0x2A4E,0x220D,
0x21AB,0x21AB,0x21CB,0x21CB,0x21CB,0x21EC,0x21AB,0x19AA,0x220C,0x2A4E,0x2A6F,0x2A2E,0x220C,0x2A2E,0x2A2D,0x1969,
0x1927,0x1127,0x1127,0x1989,0x21EC,0x21EC,0x21CB,0x21CB,0x220C,0x2A4E,0x2A2D,0x1949,0x1107,0x1127,0x19AB,0x198A,
0x08E6,0x10E6,0x1107,0x08C5,0x08A5,0x0884,0x08A5,0x1106,0x1127,0x08C5,0x08C5,0x1107,0x1149,0x1148,0x1149,0x196A,
0x1948,0x1969,0x21EC,0x2A2E,0x21ED,0x21CB,0x19AB,0x21CC,0x21EC,0x220D,0x2A2E,0x220D,0x220C,0x220C,0x220D,0x2A0D,
0x220C,0x2A2D,0x2A0D,0x2A0C,0x2A2D,0x2A2D,0x2A0C,0x2A0C,0x2A0C,0x2A0C,0x2A0C,0x29EB,0x21CB,0x21EB,0x29EB,0x21EB,
0x29EB,0x2A0B,0x2A0C,0x2A2C,0x2A2C,0x324D,0x326D,0x326E,0x326D,0x324D,0x324C,0x326D,0x3A8E,0x3A8E,0x3ACF,0x3A8E,
0x322C,0x324D,0x326D,0x3AAF,0x3AAF,0x3AAF,0x3A8E,0x326D,0x3A8E,0x3A8E,0x324D,0x326D,0x322C,0x2A0B,0x29EB,0x29EB,
0x2A0B,0x29EB,0x29EB,0x2A0C,0x2A0B,0x29EB,0x2A0C,0x2A0B,0x29CB,0x21CB,0x21CA,0x21EB,0x2A0C,0x29EB,0x21EB,0x29EB,
0x2A0C,0x21CB,0x21CB,0x21CB,0x21CB,0x21AA,0x21CA,0x21CB,0x29EB,0x29EC,0x21CB,0x21AA,0x21CB,0x1969,0x1948,0x1948,
0x1969,0x2A0C,0x21EC,0x1989,0x1969,0x21AA,0x1989,0x1969,0x198A,0x1949,0x1127,0x1106,0x1107,0x1107,0x10E6,0x08A5,
0x10E6,0x1949,0x198A,0x198A,0x1949,0x198A,0x1949,0x10E6,0x08E6,0x10E6,0x08C5,0x10E6,0x1948,0x19AA,0x21EC,0x19AA,
0x21AA,0x21EC,0x21CB,0x21CB,0x2A2D,0x326E,0x328F,0x328F,0x2A6E,0x2A4E,0x2A4E,0x21EB,0x21CB,0x2A2D,0x2A2D,0x21EC,
0x21CB,0x21AB,0x19AA,0x1969,0x1148,0x1107,0x1106,0x10E6,0x1107,0x1128,0x1969,0x1969,0x1148,0x1148,0x1127,0x1127,
0x1128,0x1127,0x1107,0x1107,0x10E6,0x10E6,0x1107,0x1107,0x10E6,0x08E6,0x08C6,0x08C5,0x08A4,0x08A4,0x08A5,0x08A4,
0x0884,0x0884,0x0884,0x0884,0x0884,0x0884,0x0884,0x0884,0x0063,0x0042,0x0063,0x0084,0x0884,0x0884,0x0063,0x0063,
0x0063,0x0042,0x0042,0x0042,0x0063,0x0063,0x0063,0x0042,0x0063,0x0884,0x0884,0x0884,0x0884,0x08A4,0x08A5,0x08C5,
0x08C5,0x08A5,0x08C6,0x1128,0x1149,0x1149,0x1128,0x08E7,0x08E7,0x1128,0x19AB,0x114A,0x1108,0x1128,0x1108,0x1108,
0x1108,0x08C6,0x116A,0x19EE,0x116B,0x08E7,0x08C6,0x08C6,0x08A6,0x08C6,0x08E7,0x08A5,0x0885,0x0084,0x0085,0x08A5,
0x0885,0x0085,0x08A5,0x08C6,0x08C6,0x08C6,0x08A5,0x08A5,0x0885,0x0084,0x0084,0x0064,0x0064,0x0063,0x0063,0x0063,
0x0064,0x0064,0x0063,0x0064,0x0064,0x0084,0x0085,0x08A5,0x08A5,0x08A5,0x0084,0x0084,0x0084,0x08A5,0x0885,0x0084,
0x0064,0x0064,0x0064,0x0063,0x0063,0x0063,0x0063,0x0043,0x0042,0x0042,0x0042,0x0042,0x0042,0x0042,0x0042,0x0042,
0x0042,0x0042,0x0042,0x0042,0x0042,0x0042,0x0022,0x0022,0x0021,0x0021,0x0021,0x0021,0x0021,0x0021,0x0021,0x0021,
},
{0x0021,0x0021,0x0021,0x0021,0x0021,0x0021,0x0021,0x0021,0x0022,0x0042,0x0042,0x0022,0x0042,0x0042,0x0043,0x0043,
0x0043,0x0042,0x0043,0x0043,0x0043,0x0063,0x0043,0x0063,0x0064,0x0084,0x0084,0x0063,0x0064,0x0084,0x0084,0x0084,
0x0084,0x0085,0x0085,0x08A5,0x08A5,0x08A5,0x08C6,0x08C6,0x08A6,0x08A6,0x08C6,0x08C6,0x08C6,0x08E7,0x08E7,0x08C7,
0x0084,0x0084,0x0085,0x08A5,0x08A5,0x0885,0x0084,0x0084,0x0084,0x0084,0x0085,0x0084,0x0084,0x0084,0x0084,0x0064,
0x0084,0x0084,0x0064,0x0084,0x0084,0x08A5,0x08A6,0x0084,0x0063,0x0043,0x0063,0x0063,0x0043,0x0043,0x0084,0x08A5,
0x0063,0x0042,0x0022,0x0021,0x0022,0x0043,0x0084,0x08A5,0x0084,0x0064,0x0063,0x0063,0x0063,0x0043,0x0042,0x0042,
0x0042,0x0042,0x0043,0x0063,0x0064,0x0064,0x0063,0x0064,0x0064,0x0084,0x0085,0x0085,0x0084,0x0084,0x08A5,0x08C6,
0x08C6,0x08C7,0x08C7,0x08C6,0x08A6,0x08C6,0x08C7,0x08C6,0x08A5,0x08A5,0x08C6,0x08C6,0x08E6,0x08E7,0x0907,0x08E7,
0x08C6,0x1107,0x1128,0x1149,0x1149,0x1128,0x1149,0x196A,0x198A,0x1949,0x1149,0x1969,0x198A,0x19AB,0x198A,0x19AB,
0x19AB,0x21ED,0x220D,0x2A4E,0x220D,0x21CB,0x21EC,0x220D,0x2A4E,0x2A4E,0x2A6F,0x2A4E,0x2A4E,0x2A4E,0x2A4E,0x21EC,
0x21EC,0x21EB,0x1989,0x1949,0x1969,0x19AA,0x21EC,0x2A2D,0x2A4E,0x328F,0x328F,0x32B0,0x32D1,0x222D,0x1949,0x10E6,
0x08C4,0x10C5,0x1127,0x198A,0x220D,0x220C,0x198A,0x21CB,0x2A0D,0x220D,0x1948,0x0884,0x08A5,0x10E6,0x1128,0x08C6,
0x08A4,0x08A4,0x08C5,0x08C5,0x08C5,0x08C6,0x10E6,0x10E6,0x10E6,0x10E6,0x1128,0x198A,0x1969,0x1107,0x10C5,0x10E6,
0x10E6,0x198A,0x21EC,0x19AB,0x198A,0x19AB,0x21CB,0x21EC,0x220C,0x21EC,0x21CB,0x21AB,0x21AA,0x21CB,0x21CB,0x21CB,
0x21EB,0x2A0C,0x21CB,0x21EB,0x21EB,0x2A0C,0x2A2C,0x2A2C,0x2A0C,0x2A0B,0x2A0C,0x29EB,0x2A0B,0x2A2C,0x2A2D,0x324D,
0x326D,0x324D,0x326D,0x326D,0x326D,0x326D,0x326D,0x322C,0x2A0B,0x2A0B,0x322C,0x324C,0x324C,0x322C,0x324C,0x324C,
0x324C,0x322B,0x324C,0x3A6D,0x3A6D,0x3A6D,0x3A6D,0x3A6D,0x326D,0x324C,0x326D,0x326D,0x324C,0x326D,0x324D,0x322C,
0x2A2C,0x29EB,0x21CA,0x29EB,0x2A2C,0x2A0C,0x324C,0x324D,0x29EB,0x2A0B,0x29EB,0x2A0B,0x29EB,0x29EB,0x29EB,0x21AA,
0x21CA,0x21CB,0x29EB,0x21CB,0x21AA,0x2189,0x2189,0x21AA,0x21EB,0x29EC,0x21CB,0x21EB,0x21EB,0x218A,0x21AA,0x21CB,
0x29EC,0x2A2D,0x2A0C,0x1989,0x1989,0x21CA,0x21CB,0x198A,0x21AA,0x1969,0x1948,0x1128,0x1128,0x1106,0x10E5,0x08C5,
0x08C5,0x1127,0x198A,0x198A,0x198A,0x21CC,0x220D,0x1969,0x08C5,0x10E6,0x08C5,0x08A4,0x10E6,0x1948,0x198A,0x1989,
0x21CB,0x198A,0x21AA,0x2A2D,0x2A4E,0x2A6E,0x2A2D,0x2A2D,0x32D0,0x2A6E,0x2A2D,0x2A0C,0x2A0C,0x2A0C,0x2A2D,0x21CB,
0x21CB,0x21CB,0x198A,0x1969,0x1948,0x1106,0x10E6,0x10E6,0x1128,0x1149,0x198A,0x1969,0x1148,0x1107,0x1106,0x1127,
0x1127,0x1107,0x1127,0x1107,0x08E6,0x1107,0x1128,0x1127,0x1107,0x10E7,0x08C5,0x08C5,0x08A5,0x08A4,0x08A4,0x08A5,
0x08A4,0x0884,0x0884,0x0884,0x0883,0x0884,0x08C5,0x0884,0x0063,0x0063,0x0063,0x0064,0x0885,0x08A5,0x0063,0x0063,
0x0063,0x0063,0x0063,0x0063,0x0063,0x0063,0x0042,0x0042,0x0042,0x0063,0x0884,0x0884,0x08A4,0x0883,0x0884,0x08A5,
0x08A4,0x0884,0x08A5,0x1107,0x1107,0x1128,0x1108,0x08E7,0x1108,0x1128,0x1129,0x114A,0x114A,0x1108,0x1108,0x1107,
0x08E7,0x08E6,0x1129,0x114A,0x1108,0x08E7,0x08C7,0x08C6,0x08A6,0x08A6,0x08A5,0x0884,0x0885,0x0885,0x08A5,0x08A5,
0x0885,0x08A5,0x08A6,0x08C7,0x08C6,0x08C6,0x08A5,0x08A5,0x0085,0x0084,0x0084,0x0084,0x0084,0x0084,0x0064,0x0064,
0x0084,0x0064,0x0064,0x0064,0x0084,0x0084,0x0085,0x0085,0x08A5,0x08A5,0x0084,0x0084,0x0084,0x08A5,0x0084,0x0064,
0x0064,0x0084,0x0064,0x0064,0x0063,0x0063,0x0063,0x0063,0x0043,0x0042,0x0022,0x0022,0x0042,0x0042,0x0042,0x0042,
0x0042,0x0042,0x0042,0x0043,0x0042,0x0042,0x0022,0x0022,0x0022,0x0021,0x0021,0x0021,0x0021,0x0021,0x0021,0x0021,
},
{0x0021,0x0021,0x0021,0x0021,0x0021,0x0021,0x0021,0x0022,0x0022,0x0042,0x0042,0x0042,0x0042,0x0063,0x0063,0x0043,
0x0043,0x0043,0x0043,0x0043,0x0063,0x0063,0x0063,0x0063,0x0063,0x0064,0x0064,0x0064,0x0084,0x0084,0x0084,0x0885,
0x08A5,0x08A5,0x08A5,0x08A5,0x08A5,0x08A5,0x08A6,0x08C6,0x08C6,0x08C6,0x08C6,0x08C7,0x08C6,0x08C7,0x0908,0x0908,
0x0085,0x0084,0x0084,0x0084,0x0084,0x0063,0x0063,0x0063,0x0063,0x0063,0x0084,0x0084,0x0064,0x0063,0x0063,0x0064,
0x0085,0x0085,0x0085,0x08A5,0x08A5,0x08C6,0x0885,0x0043,0x0043,0x0063,0x0064,0x0063,0x0043,0x0042,0x0042,0x0042,
0x0042,0x0042,0x0022,0x0022,0x0063,0x0063,0x0063,0x0084,0x0063,0x0043,0x0043,0x0043,0x0043,0x0042,0x0042,0x0042,
0x0042,0x0043,0x0043,0x0063,0x0084,0x0084,0x0084,0x0084,0x0085,0x00A5,0x0085,0x0085,0x0085,0x08C6,0x08E7,0x08E8,
0x0908,0x08E7,0x08E7,0x08A5,0x08A5,0x08A6,0x08A5,0x08A5,0x08C6,0x08C6,0x08C6,0x08C6,0x08C6,0x08E6,0x08E7,0x08E7,
0x08E7,0x1107,0x1128,0x1149,0x1149,0x1149,0x1148,0x1949,0x1949,0x1969,0x198A,0x19CB,0x21CC,0x19AB,0x19AB,0x198A,
0x198A,0x21EC,0x2A6F,0x3290,0x2A4E,0x220D,0x2A2E,0x2A6E,0x326F,0x32B0,0x32D1,0x3290,0x21EC,0x220D,0x220C,0x2A2D,
0x2A2D,0x21EB,0x21EC,0x21EC,0x2A0D,0x2A4E,0x2A4E,0x328F,0x32D0,0x32D1,0x3AF1,0x2A6F,0x21EC,0x1128,0x1107,0x10E6,
0x10E6,0x10E6,0x1128,0x19AA,0x19AA,0x21AB,0x21AB,0x2A2D,0x21EC,0x10E6,0x08A4,0x08A4,0x08A5,0x08C5,0x08C5,0x08A5,
0x0884,0x10C5,0x1107,0x1106,0x1107,0x10E6,0x10E6,0x10C5,0x10E6,0x1107,0x1148,0x198A,0x198A,0x1107,0x10C5,0x10C5,
0x10E6,0x1948,0x19AA,0x1127,0x1127,0x198A,0x198A,0x21AA,0x21CB,0x21AA,0x21AA,0x21AA,0x198A,0x21AA,0x21CB,0x21CB,
0x21CB,0x21EB,0x29EC,0x2A0C,0x2A2C,0x2A2D,0x324D,0x322C,0x324D,0x2A2C,0x2A0C,0x2A2C,0x322C,0x326D,0x328E,0x3AAF,
0x3AAF,0x3A8E,0x3A8E,0x326D,0x3A6D,0x3AAE,0x3A8E,0x326D,0x324C,0x322C,0x322C,0x322C,0x2A0B,0x322C,0x324D,0x324C,
0x324C,0x324C,0x3A8D,0x3A8E,0x3A6D,0x322C,0x324C,0x324C,0x324C,0x322B,0x320B,0x322C,0x324C,0x326D,0x324D,0x324D,
0x326D,0x2A0C,0x2A0B,0x29EB,0x2A0B,0x322C,0x326D,0x3A8D,0x324D,0x322C,0x322C,0x2A2C,0x2A0B,0x29EB,0x21CB,0x21CA,
0x1989,0x1968,0x21A9,0x29EB,0x1989,0x1968,0x2189,0x2189,0x21CB,0x2A2C,0x2A4D,0x2A0C,0x2A2D,0x29EB,0x21CB,0x21EB,
0x2A2D,0x2A0C,0x21EB,0x218A,0x218A,0x21CB,0x21EC,0x21AA,0x21AA,0x198A,0x1989,0x198A,0x1969,0x1128,0x1106,0x1107,
0x1106,0x1948,0x1969,0x1948,0x1948,0x1969,0x220D,0x19AB,0x1148,0x196A,0x1128,0x08C5,0x08C5,0x10E6,0x1127,0x1948,
0x198A,0x1948,0x1969,0x21CB,0x21EC,0x21EC,0x1989,0x21CB,0x328F,0x326E,0x2A2D,0x2A0C,0x21EC,0x21EC,0x2A0C,0x19AA,
0x19AA,0x21CB,0x1969,0x1948,0x1128,0x1107,0x1107,0x1128,0x1148,0x1969,0x19AB,0x1969,0x1148,0x1107,0x10E6,0x1107,
0x1107,0x1107,0x1127,0x1107,0x1107,0x1107,0x1107,0x1107,0x1107,0x08E6,0x08C5,0x08C6,0x08C5,0x08A5,0x08A5,0x08A5,
0x08A4,0x08A4,0x0884,0x0884,0x0884,0x0884,0x08E6,0x08A5,0x0884,0x0884,0x0063,0x0063,0x0084,0x0884,0x0063,0x0063,
0x0884,0x0884,0x0063,0x0063,0x0063,0x0063,0x0042,0x0042,0x0043,0x0042,0x0063,0x0884,0x0884,0x0884,0x08A4,0x0884,
0x0884,0x0883,0x08A4,0x08C6,0x08C6,0x08E6,0x1107,0x1107,0x08E7,0x08E6,0x1129,0x116B,0x118B,0x114A,0x1149,0x1108,
0x08C6,0x08C5,0x08C6,0x0908,0x08E7,0x08E7,0x08E6,0x08E7,0x08E7,0x08C6,0x08C6,0x08C6,0x08C6,0x08C6,0x08C6,0x08A5,
0x08A5,0x08A6,0x08C6,0x08C6,0x08C6,0x08C6,0x08A5,0x08A5,0x0085,0x0084,0x0084,0x0084,0x0084,0x0084,0x0084,0x0084,
0x0084,0x0084,0x0064,0x0084,0x0084,0x0084,0x08A5,0x08A6,0x08C6,0x08A5,0x0084,0x0084,0x08A5,0x0085,0x0084,0x0084,
0x0064,0x0084,0x0084,0x0084,0x0064,0x0063,0x0063,0x0063,0x0043,0x0042,0x0022,0x0022,0x0042,0x0042,0x0042,0x0042,
0x0042,0x0043,0x0042,0x0042,0x0042,0x0042,0x0042,0x0022,0x0021,0x0021,0x0021,0x0021,0x0021,0x0021,0x0021,0x0021,
},
{0x0021,0x0021,0x0021,0x0021,0x0021,0x0021,0x0021,0x0022,0x0042,0x0022,0x0042,0x0042,0x0043,0x0064,0x0064,0x0063,
0x0043,0x0043,0x0063,0x0064,0x0063,0x0063,0x0064,0x0063,0x0063,0x0064,0x0064,0x0084,0x0084,0x0084,0x08A5,0x08C6,
0x08C6,0x08C6,0x08C6,0x08E7,0x08E7,0x08C6,0x08C6,0x08A6,0x08A6,0x08C6,0x08E7,0x08C7,0x08C6,0x08E7,0x0909,0x0908,
0x0084,0x0084,0x0064,0x0084,0x0064,0x0063,0x0063,0x0063,0x0063,0x0064,0x0064,0x0064,0x0064,0x0063,0x0063,0x0064,
0x08A5,0x08A6,0x08A5,0x0084,0x08A5,0x0084,0x0043,0x0063,0x0085,0x08A5,0x0084,0x0063,0x0043,0x0042,0x0022,0x0022,
0x0022,0x0022,0x0022,0x0022,0x0043,0x0063,0x0084,0x0063,0x0042,0x0042,0x0042,0x0042,0x0043,0x0042,0x0042,0x0042,
0x0042,0x0042,0x0043,0x0063,0x0084,0x0084,0x0084,0x0085,0x0085,0x00A5,0x00A5,0x08A5,0x08C6,0x08E7,0x0908,0x0908,
0x08E7,0x08C6,0x08C6,0x0884,0x0084,0x08A5,0x08A5,0x08A5,0x08C6,0x08C6,0x08C6,0x08E7,0x0907,0x1108,0x1128,0x1108,
0x1128,0x1107,0x1128,0x196A,0x198A,0x198A,0x196A,0x196A,0x19AB,0x21EC,0x2A2E,0x2A4E,0x21EC,0x21CC,0x19AB,0x198A,
0x19AB,0x220D,0x2A8F,0x3AF1,0x32D1,0x2A2E,0x2A4E,0x2A2D,0x2A0D,0x2A2D,0x2A2D,0x220D,0x21CB,0x2A6F,0x2A4E,0x326F,
0x2A2D,0x220C,0x21AB,0x21AB,0x2A4E,0x2A4E,0x2A2D,0x2A6E,0x32D0,0x32D0,0x326F,0x198A,0x1128,0x1107,0x1107,0x10E6,
0x10E6,0x1107,0x1106,0x1107,0x10E6,0x1107,0x1127,0x1949,0x1969,0x10E5,0x08A4,0x08A4,0x08C5,0x10E6,0x10E6,0x08C5,
0x10E5,0x1948,0x1148,0x1127,0x10E6,0x08C5,0x08A4,0x08A4,0x1107,0x1148,0x1989,0x19AB,0x198A,0x1949,0x1106,0x1106,
0x1969,0x21AB,0x198A,0x1128,0x1148,0x1948,0x1948,0x1969,0x1989,0x198A,0x218A,0x21CA,0x21EB,0x2A0C,0x2A0C,0x2A0C,
0x2A4D,0x324D,0x2A4D,0x2A2D,0x2A4D,0x324D,0x324D,0x2A0C,0x2A2C,0x2A0C,0x2A0B,0x2A0B,0x322C,0x326D,0x3A8E,0x3A8E,
0x3AAF,0x42F0,0x3AAF,0x326D,0x3A8D,0x3A8E,0x3A8D,0x3A8D,0x3A6D,0x324C,0x324C,0x326D,0x326D,0x326D,0x3A6D,0x3A6D,
0x3A6D,0x3A6C,0x3A8D,0x42CE,0x42CF,0x3A8E,0x3A4C,0x324C,0x324C,0x324C,0x324C,0x326D,0x326D,0x326D,0x324C,0x322C,
0x326D,0x3A8E,0x322C,0x2A0B,0x320B,0x2A0B,0x322C,0x326D,0x324C,0x322C,0x326D,0x326D,0x2A0C,0x29EB,0x2A0C,0x2A0B,
0x21CA,0x2189,0x21AA,0x29EB,0x21EB,0x21AA,0x21AA,0x21CA,0x21EB,0x2A0C,0x2A2C,0x2A2D,0x2A2D,0x21CB,0x1989,0x2189,
0x21CB,0x29EC,0x21CB,0x21AA,0x21AA,0x21EC,0x2A0C,0x2A0C,0x220C,0x21AA,0x198A,0x19AA,0x198A,0x1969,0x1127,0x1107,
0x1107,0x1106,0x1107,0x1948,0x1949,0x198A,0x198A,0x1969,0x220D,0x21EC,0x1148,0x1148,0x10E6,0x0884,0x10E6,0x1127,
0x1106,0x1948,0x21CB,0x21AA,0x1927,0x1927,0x1927,0x1968,0x2A4D,0x2A6E,0x2A2D,0x21EB,0x2A0D,0x2A4E,0x2A0D,0x21AB,
0x19AA,0x198A,0x1969,0x1128,0x1107,0x1106,0x1148,0x1128,0x1107,0x1107,0x1148,0x1128,0x1128,0x1107,0x10E6,0x10E6,
0x10E6,0x1107,0x1128,0x1128,0x1106,0x10E6,0x10E6,0x10E6,0x10E6,0x08E6,0x08C5,0x08C6,0x08A5,0x08A4,0x08A5,0x08C5,
0x08A5,0x08A4,0x0884,0x0884,0x0884,0x08A5,0x08E6,0x08C6,0x08A4,0x0884,0x0884,0x0084,0x0884,0x0884,0x0063,0x0063,
0x08A5,0x0884,0x0063,0x0063,0x0063,0x0063,0x0042,0x0043,0x0043,0x0042,0x0043,0x0063,0x0063,0x08C5,0x08E6,0x08A4,
0x0884,0x0884,0x0884,0x08A5,0x08C6,0x08E7,0x1108,0x1108,0x08E7,0x08C6,0x1129,0x118C,0x19CD,0x198C,0x114A,0x1129,
0x08E7,0x08C6,0x08E7,0x0908,0x08E7,0x08E7,0x08E7,0x08E7,0x08E7,0x08E7,0x08E7,0x08E7,0x08E7,0x08E8,0x08E7,0x08C6,
0x08C6,0x08C6,0x08E7,0x08E7,0x08C6,0x08C6,0x08A5,0x08A5,0x08A5,0x0084,0x0084,0x0084,0x0084,0x0084,0x0084,0x0084,
0x0085,0x08A5,0x0085,0x0084,0x0084,0x0085,0x08C6,0x08E7,0x08C7,0x08A5,0x08A5,0x08A6,0x08A6,0x08A5,0x0084,0x0064,
0x0064,0x0084,0x0084,0x0063,0x0043,0x0043,0x0063,0x0043,0x0043,0x0042,0x0042,0x0042,0x0042,0x0042,0x0042,0x0042,
0x0042,0x0043,0x0042,0x0042,0x0022,0x0022,0x0042,0x0022,0x0021,0x0021,0x0021,0x0021,0x0021,0x0021,0x0021,0x0021,
},
{0x0021,0x0021,0x0021,0x0021,0x0021,0x0021,0x0021,0x0022,0x0022,0x0022,0x0022,0x0042,0x0043,0x0063,0x0064,0x0063,
0x0063,0x0064,0x0084,0x0064,0x0063,0x0063,0x0063,0x0063,0x0063,0x0064,0x0084,0x0084,0x0084,0x08A5,0x08C6,0x08C6,
0x08C6,0x08C6,0x08E7,0x08E7,0x08E7,0x08E7,0x08C6,0x08C6,0x08C6,0x0908,0x08E7,0x08A5,0x0885,0x08A6,0x08C7,0x0885,
0x0064,0x0084,0x0084,0x0084,0x0084,0x0084,0x0063,0x0063,0x0063,0x0064,0x0063,0x0084,0x0063,0x0063,0x0063,0x0084,
0x08A5,0x08A5,0x0064,0x0084,0x0084,0x0043,0x0043,0x0063,0x0064,0x0063,0x0043,0x0042,0x0042,0x0042,0x0022,0x0022,
0x0022,0x0022,0x0022,0x0022,0x0043,0x0063,0x0084,0x0063,0x0022,0x0022,0x0022,0x0022,0x0042,0x0042,0x0042,0x0042,
0x0042,0x0043,0x0063,0x0084,0x0084,0x0084,0x00A5,0x08A5,0x08A5,0x08A6,0x08C6,0x08E7,0x08E7,0x08E7,0x08E7,0x08C6,
0x08A5,0x08C5,0x08A5,0x08A5,0x08A5,0x08A5,0x08C6,0x08C6,0x08E6,0x08E7,0x08E7,0x1108,0x1149,0x1149,0x1149,0x116A,
0x116A,0x1149,0x196A,0x19AB,0x19AB,0x19AB,0x198A,0x19AB,0x21CC,0x21EC,0x220D,0x220D,0x220D,0x220D,0x222D,0x222D,
0x220D,0x2A4E,0x2A2E,0x2A4E,0x2A2D,0x21CB,0x19AA,0x1989,0x198A,0x21EC,0x21AB,0x220C,0x328F,0x32B0,0x2A2D,0x21AB,
0x19AA,0x19AA,0x1969,0x1989,0x21EC,0x2A6E,0x21EC,0x21EC,0x222D,0x21CB,0x1148,0x1107,0x08C5,0x08A4,0x08A5,0x08C5,
0x10E6,0x1127,0x1107,0x10C5,0x08C5,0x08C5,0x08A5,0x08A5,0x08A4,0x0883,0x0863,0x0883,0x0884,0x08C5,0x1106,0x1928,
0x1948,0x198A,0x21AB,0x1989,0x10C5,0x08C5,0x10E6,0x1127,0x1969,0x19AB,0x21EC,0x19AB,0x1969,0x1107,0x10E6,0x1127,
0x198A,0x21CB,0x21AA,0x198A,0x198A,0x1969,0x1969,0x21AA,0x21AA,0x21CB,0x2A0C,0x21EC,0x21EB,0x2A0C,0x2A2C,0x324D,
0x324D,0x324D,0x326E,0x324D,0x29EB,0x29EB,0x29EB,0x29EB,0x2A0B,0x2A2C,0x2A2C,0x2A0B,0x324C,0x326D,0x326D,0x324C,
0x3A6D,0x324D,0x324C,0x324C,0x3A6D,0x3A6D,0x3A6D,0x3A8D,0x3A8D,0x3A8E,0x3AAE,0x3AAE,0x3ACE,0x42CF,0x42CE,0x42CE,
0x42CE,0x3AAD,0x3A8D,0x3A8D,0x3A8D,0x3AAE,0x3A8E,0x3A8D,0x3A6D,0x3A6D,0x3A8D,0x3A6D,0x3A6D,0x324C,0x3A6D,0x324C,
0x324C,0x324C,0x324C,0x322C,0x322C,0x324C,0x326D,0x326D,0x322C,0x322C,0x324D,0x324D,0x2A0C,0x2A2C,0x326E,0x3A8E,
0x326E,0x2A2C,0x29CB,0x29EB,0x2A2C,0x29EB,0x21AA,0x21AA,0x21CB,0x21EB,0x21EB,0x29EC,0x2A0C,0x2A0C,0x21EB,0x1969,
0x1968,0x1948,0x1948,0x29EB,0x2A4D,0x326E,0x2A2D,0x2A2D,0x21EC,0x198A,0x1969,0x1969,0x1989,0x1989,0x1128,0x1127,
0x10E6,0x08C5,0x1127,0x198A,0x19AA,0x1969,0x1969,0x196A,0x21EC,0x21CB,0x19AB,0x198A,0x1107,0x08A4,0x10E6,0x1107,
0x1127,0x2189,0x21AA,0x1968,0x1948,0x1968,0x1968,0x21EC,0x2A4E,0x326E,0x2A2D,0x2A6E,0x328F,0x328F,0x2A0C,0x21AB,
0x198A,0x1969,0x1948,0x1148,0x1127,0x1127,0x1148,0x1127,0x1148,0x1148,0x1128,0x1107,0x1107,0x1107,0x1106,0x10E6,
0x10E6,0x10E6,0x1107,0x1107,0x10E6,0x10E6,0x10E6,0x10E6,0x1107,0x08E6,0x08C5,0x08C5,0x08A5,0x08A5,0x08A5,0x08A5,
0x08A5,0x08A4,0x08A4,0x0884,0x0884,0x0884,0x08C5,0x08C5,0x08A4,0x08A5,0x0884,0x0884,0x08A5,0x08A5,0x0063,0x0063,
0x08A4,0x0884,0x0063,0x0083,0x0063,0x0042,0x0042,0x0042,0x0042,0x0042,0x0042,0x0063,0x0063,0x08A5,0x08C6,0x0884,
0x0063,0x0884,0x0884,0x08C5,0x1107,0x1108,0x1128,0x1129,0x1129,0x1108,0x1129,0x19CD,0x19CD,0x19AB,0x198B,0x1129,
0x08C6,0x1108,0x1129,0x0908,0x08E7,0x08E7,0x08E7,0x08E7,0x08E6,0x08E7,0x08E7,0x08E7,0x0908,0x08E7,0x08E7,0x08E7,
0x08E7,0x08E7,0x08E7,0x0907,0x08C6,0x08A6,0x08A5,0x08A5,0x0085,0x0884,0x0885,0x0084,0x0084,0x0084,0x08A5,0x08A5,
0x08A5,0x08A5,0x08A5,0x08A5,0x08A5,0x08A6,0x08C6,0x08C6,0x08C7,0x08A6,0x08A5,0x08A6,0x08A6,0x08A6,0x0085,0x0064,
0x0064,0x0064,0x0064,0x0063,0x0063,0x0043,0x0043,0x0043,0x0043,0x0042,0x0042,0x0042,0x0042,0x0022,0x0042,0x0042,
0x0042,0x0042,0x0042,0x0042,0x0022,0x0022,0x0022,0x0022,0x0021,0x0021,0x0021,0x0021,0x0021,0x0021,0x0021,0x0021,
},
{0x0021,0x0021,0x0021,0x0021,0x0021,0x0021,0x0021,0x0022,0x0022,0x0022,0x0042,0x0043,0x0064,0x0063,0x0063,0x0043,
0x0063,0x0064,0x0084,0x0064,0x0063,0x0063,0x0064,0x0084,0x0084,0x0084,0x0084,0x0085,0x00A5,0x08A5,0x08A6,0x08C6,
0x08C6,0x08C6,0x08E7,0x0908,0x0908,0x08E7,0x08E7,0x08E7,0x0908,0x1128,0x08A5,0x0084,0x0084,0x0084,0x0885,0x08A5,
0x08A5,0x08A5,0x08A5,0x08A5,0x08A5,0x0084,0x0064,0x0063,0x0043,0x0063,0x0063,0x0063,0x0043,0x0043,0x0063,0x0084,
0x0084,0x0063,0x0063,0x0064,0x0063,0x0063,0x0063,0x0064,0x0063,0x0042,0x0042,0x0042,0x0042,0x0042,0x0042,0x0042,
0x0042,0x0042,0x0063,0x0063,0x0043,0x0063,0x0063,0x0042,0x0022,0x0022,0x0022,0x0022,0x0042,0x0042,0x0043,0x0043,
0x0063,0x0063,0x0064,0x0084,0x0084,0x0084,0x00A5,0x08C6,0x08E8,0x08E7,0x08E7,0x0908,0x08E7,0x08E7,0x08C6,0x08A5,
0x08C6,0x0908,0x08C6,0x08E7,0x08E7,0x0908,0x0907,0x1107,0x1108,0x1128,0x0907,0x1108,0x1149,0x198B,0x19AB,0x196A,
0x116A,0x19AB,0x198A,0x198A,0x198B,0x19AB,0x21EC,0x220D,0x2A2D,0x21EC,0x21EC,0x21EC,0x21ED,0x2A2E,0x2A4E,0x328F,
0x32B0,0x2A4E,0x220C,0x21AB,0x1969,0x1989,0x198A,0x21AA,0x21AB,0x21CB,0x328F,0x3AF1,0x2A2E,0x198A,0x1107,0x10E6,
0x10E6,0x10E6,0x10E6,0x1948,0x21CB,0x2A2E,0x2A4E,0x198A,0x1107,0x1107,0x19AB,0x198A,0x1128,0x08C5,0x08C5,0x08C5,
0x08C5,0x10E6,0x1107,0x10E6,0x08C5,0x08A5,0x0884,0x0884,0x0863,0x0063,0x0063,0x0883,0x08A4,0x10E6,0x1969,0x1969,
0x1969,0x198A,0x1989,0x1148,0x1127,0x1948,0x198A,0x1969,0x196A,0x198A,0x198A,0x1989,0x1948,0x1107,0x1127,0x1968,
0x198A,0x1989,0x1989,0x1989,0x1969,0x1989,0x21CB,0x2A0C,0x2A2D,0x326E,0x326E,0x2A4D,0x2A4D,0x2A2D,0x326D,0x3A8E,
0x326E,0x324D,0x324D,0x2A0C,0x29EA,0x29EA,0x2A0B,0x2A0C,0x2A2C,0x326D,0x326E,0x326D,0x326D,0x326D,0x324C,0x322C,
0x322C,0x322B,0x322C,0x322C,0x3A6C,0x3A8D,0x3A6D,0x3A6C,0x3A6D,0x3A8D,0x42CF,0x42EF,0x42CF,0x42CF,0x42CF,0x42EF,
0x42EF,0x42CF,0x42CE,0x3AAE,0x3A8D,0x3A8D,0x3A8D,0x3A8D,0x3A6D,0x3A6D,0x3A8D,0x3A8D,0x3A6D,0x3A8E,0x3A8D,0x3A6C,
0x324C,0x324C,0x324C,0x3A8D,0x3A6D,0x326D,0x324C,0x320B,0x322C,0x324D,0x322C,0x322C,0x29EA,0x2A0B,0x326D,0x3A8E,
0x3AAF,0x3A8E,0x322C,0x2A2C,0x2A0B,0x21AA,0x1968,0x2168,0x21A9,0x29EB,0x21CA,0x2189,0x21AA,0x2A0C,0x2A2D,0x21CB,
0x21AA,0x1989,0x1927,0x1927,0x29EB,0x2A4E,0x2A2D,0x21EC,0x21AA,0x1969,0x1989,0x1969,0x198A,0x1989,0x1948,0x1948,
0x1106,0x1107,0x1969,0x198A,0x198A,0x1928,0x198A,0x222E,0x222E,0x21CC,0x21CC,0x1948,0x10E6,0x08A5,0x10E6,0x1127,
0x1107,0x1948,0x1968,0x1989,0x21EB,0x2189,0x2A0C,0x326E,0x2A2D,0x2A2D,0x2A4E,0x326E,0x32AF,0x326E,0x21EC,0x21CB,
0x198A,0x1969,0x1948,0x1948,0x19AA,0x1969,0x10E6,0x1969,0x1969,0x1948,0x1127,0x1107,0x1107,0x1107,0x1107,0x10E6,
0x1107,0x1128,0x1107,0x1107,0x1107,0x1107,0x10E6,0x10E6,0x10E6,0x08C5,0x08A5,0x08C5,0x08A5,0x08C5,0x08A5,0x08A5,
0x08A5,0x08A5,0x08A4,0x0884,0x0884,0x0884,0x0884,0x0884,0x0884,0x0884,0x08A4,0x08A5,0x08A5,0x0063,0x0063,0x0063,
0x0083,0x0063,0x0884,0x08A4,0x0884,0x0042,0x0042,0x0043,0x0063,0x0063,0x0883,0x0883,0x0063,0x0063,0x0063,0x0063,
0x0884,0x08A4,0x08A5,0x08C6,0x08E6,0x08C6,0x1108,0x1149,0x1108,0x08E6,0x1129,0x198B,0x116A,0x114A,0x1149,0x1108,
0x08C6,0x0908,0x1128,0x0908,0x08E7,0x08E7,0x08E7,0x08E7,0x08E7,0x0908,0x1108,0x1129,0x1108,0x08E7,0x08C6,0x08C6,
0x08E7,0x08E7,0x08C6,0x08A5,0x08A5,0x08A5,0x08A5,0x08A5,0x08A5,0x08A5,0x08A5,0x0085,0x0084,0x0084,0x08A5,0x08A5,
0x08A5,0x08A5,0x08A5,0x08A5,0x08A5,0x08C6,0x08C6,0x08A5,0x0085,0x0084,0x0064,0x0084,0x08A5,0x0085,0x0084,0x0084,
0x0084,0x0063,0x0063,0x0064,0x0063,0x0043,0x0043,0x0042,0x0042,0x0042,0x0042,0x0022,0x0042,0x0042,0x0022,0x0022,
0x0042,0x0043,0x0042,0x0042,0x0042,0x0022,0x0022,0x0022,0x0022,0x0021,0x0021,0x0021,0x0021,0x0021,0x0021,0x0021,
},
{0x0021,0x0021,0x0021,0x0021,0x0021,0x0021,0x0021,0x0022,0x0022,0x0022,0x0042,0x0043,0x0064,0x0064,0x0063,0x0063,
0x0063,0x0064,0x0064,0x0063,0x0063,0x0064,0x0064,0x0085,0x0085,0x0084,0x0085,0x08A5,0x08A5,0x08A5,0x08C6,0x08C6,
0x08C6,0x08C6,0x08E7,0x0908,0x0908,0x08E7,0x08E7,0x0908,0x1129,0x1129,0x08A6,0x0084,0x08A5,0x08A5,0x08E7,0x08E7,
0x08E7,0x08C6,0x08C6,0x08A5,0x0885,0x0085,0x0084,0x0084,0x0063,0x0063,0x0042,0x0042,0x0042,0x0043,0x0063,0x0063,
0x0063,0x0043,0x0043,0x0043,0x0043,0x0043,0x0063,0x0084,0x0063,0x0042,0x0042,0x0042,0x0043,0x0064,0x0064,0x0064,
0x0043,0x0063,0x0084,0x0064,0x0042,0x0063,0x0063,0x0043,0x0042,0x0042,0x0042,0x0042,0x0042,0x0043,0x0063,0x0063,
0x0063,0x0064,0x0084,0x0084,0x0084,0x0085,0x08C6,0x08E7,0x08E7,0x08E7,0x08C6,0x08C6,0x08C6,0x08C6,0x08C6,0x08C6,
0x0908,0x1108,0x0907,0x1128,0x1149,0x1129,0x1108,0x1108,0x1107,0x1107,0x1107,0x1128,0x1128,0x1128,0x1149,0x1149,
0x1149,0x198A,0x198A,0x1969,0x19AB,0x21CC,0x21ED,0x220D,0x2A2E,0x2A2E,0x2A2D,0x2A4E,0x326F,0x32B0,0x328F,0x2A6E,
0x2A4E,0x220C,0x2A0D,0x220C,0x1969,0x1948,0x19AA,0x21EC,0x2A0D,0x2A2D,0x328F,0x19AB,0x1107,0x08C5,0x08A4,0x08A4,
0x10E6,0x10E6,0x1127,0x1969,0x220C,0x220D,0x198A,0x1107,0x08C5,0x10E6,0x198A,0x19AA,0x1969,0x1127,0x10E6,0x1107,
0x1148,0x1969,0x1107,0x1107,0x1127,0x08A4,0x0863,0x0063,0x0063,0x0863,0x0883,0x08C5,0x1948,0x1969,0x1969,0x1948,
0x1969,0x198A,0x1969,0x1107,0x1948,0x1949,0x1128,0x1128,0x1148,0x1948,0x1948,0x1948,0x1948,0x1969,0x1989,0x1989,
0x1969,0x1989,0x1989,0x1989,0x1989,0x21AA,0x29EB,0x2A2D,0x2A4D,0x324D,0x2A4D,0x2A4D,0x2A0C,0x2A2C,0x328E,0x3AAF,
0x328E,0x328E,0x328E,0x324D,0x324D,0x326E,0x3ACF,0x3AAE,0x3A8E,0x326D,0x328D,0x326D,0x326D,0x326D,0x320B,0x2A0A,
0x322B,0x322B,0x322B,0x324C,0x3A4C,0x3A8D,0x42AE,0x42AE,0x3A6D,0x3A4C,0x3A8D,0x3AAE,0x42AE,0x3A8D,0x42AD,0x42CE,
0x42EF,0x42EF,0x42EF,0x42EF,0x42EF,0x42CE,0x42CE,0x42CE,0x3A8D,0x3A6D,0x3A8D,0x42CE,0x42CE,0x42AE,0x3A8D,0x3A8D,
0x3AAE,0x3A6C,0x322B,0x326D,0x3A8D,0x3A8E,0x3A6D,0x322C,0x322C,0x324C,0x324C,0x324C,0x2A0B,0x29EB,0x2A0B,0x322C,
0x326D,0x324D,0x2A0B,0x29EB,0x2A0B,0x29EB,0x2189,0x1968,0x21A9,0x21CA,0x21AA,0x2189,0x21AA,0x21EB,0x2A0C,0x2A2D,
0x2A0C,0x21CA,0x1948,0x1927,0x1947,0x21AA,0x21EC,0x21CB,0x21CB,0x19AA,0x1969,0x1969,0x1989,0x1948,0x1128,0x1127,
0x1127,0x1928,0x1948,0x21AA,0x19AA,0x1107,0x198A,0x220D,0x220D,0x1148,0x1107,0x1107,0x10E6,0x08A4,0x1968,0x1948,
0x10E6,0x1968,0x21AA,0x21EC,0x2A2D,0x21CB,0x2A4E,0x328F,0x328F,0x326E,0x2A4D,0x2A4D,0x32AF,0x2A4D,0x21EB,0x21AA,
0x1989,0x198A,0x1969,0x1128,0x198A,0x198A,0x1106,0x1127,0x1948,0x1128,0x1107,0x1128,0x1107,0x1107,0x1127,0x1128,
0x1148,0x1128,0x1127,0x1127,0x1107,0x10E7,0x10E6,0x10E6,0x08C6,0x08C5,0x08A5,0x08A5,0x08A5,0x08C5,0x08C6,0x08C6,
0x08A5,0x08A5,0x0884,0x0884,0x0884,0x08A5,0x08A5,0x0884,0x0884,0x08C5,0x08C6,0x08C6,0x0884,0x0063,0x0063,0x0884,
0x0884,0x0884,0x08C5,0x08C5,0x08A4,0x0063,0x0042,0x0063,0x0883,0x0863,0x0884,0x0883,0x0063,0x0063,0x0063,0x0083,
0x08E6,0x08C6,0x08A5,0x08A5,0x08C5,0x08A5,0x08C5,0x08E6,0x1108,0x1128,0x1149,0x114A,0x1149,0x1128,0x196A,0x1129,
0x1129,0x1129,0x1108,0x1108,0x0907,0x08E7,0x08E7,0x08E7,0x08E7,0x1129,0x1129,0x1128,0x08E7,0x08C6,0x08C6,0x08C6,
0x08E7,0x0907,0x08C6,0x08A5,0x08A5,0x08A5,0x08A5,0x08A5,0x0885,0x08A5,0x0885,0x0885,0x0084,0x0084,0x0085,0x08A6,
0x08A6,0x08A5,0x0084,0x0085,0x0085,0x08A5,0x08A5,0x0085,0x0064,0x0063,0x0084,0x0085,0x0085,0x00A5,0x0084,0x0084,
0x0084,0x0063,0x0043,0x0063,0x0063,0x0043,0x0043,0x0042,0x0042,0x0042,0x0042,0x0042,0x0022,0x0042,0x0042,0x0042,
0x0022,0x0042,0x0042,0x0042,0x0042,0x0042,0x0042,0x0022,0x0022,0x0021,0x0021,0x0021,0x0021,0x0021,0x0021,0x0021,
},
{0x0021,0x0021,0x0021,0x0021,0x0021,0x0021,0x0022,0x0022,0x0022,0x0042,0x0042,0x0043,0x0063,0x0064,0x0064,0x0063,
0x0063,0x0064,0x0084,0x0064,0x0084,0x0084,0x0084,0x0084,0x0085,0x0085,0x08A5,0x08C6,0x08A6,0x08A6,0x08C6,0x08E7,
0x08C6,0x08E7,0x0908,0x1129,0x0928,0x08E7,0x1108,0x1129,0x116A,0x116A,0x08E7,0x08A5,0x08C6,0x08E7,0x0908,0x08C7,
0x08C6,0x08A5,0x0885,0x0085,0x0085,0x08A5,0x0885,0x0084,0x0063,0x0043,0x0042,0x0042,0x0042,0x0042,0x0043,0x0063,
0x0063,0x0043,0x0043,0x0042,0x0042,0x0043,0x0063,0x0063,0x0064,0x0063,0x0063,0x0063,0x0084,0x0084,0x0084,0x0084,
0x0043,0x0063,0x0064,0x0063,0x0042,0x0063,0x0063,0x0043,0x0042,0x0042,0x0043,0x0043,0x0043,0x0063,0x0063,0x0064,
0x0064,0x0084,0x0084,0x0084,0x0884,0x08A5,0x08E7,0x08E7,0x08C6,0x08C6,0x08C6,0x08C6,0x08C6,0x08C6,0x08C6,0x08E7,
0x1128,0x1129,0x1129,0x1129,0x1128,0x1129,0x1128,0x1108,0x1107,0x1107,0x1148,0x1149,0x196A,0x196A,0x196A,0x198A,
0x198A,0x19AB,0x19AB,0x19AB,0x21CC,0x21EC,0x220D,0x2A2E,0x220D,0x2A2D,0x2A2E,0x2A4E,0x2A6E,0x2A4E,0x326E,0x326F,
0x220C,0x220C,0x21AB,0x1989,0x198A,0x1948,0x198A,0x220D,0x2A0D,0x2A0C,0x21EC,0x1969,0x0884,0x08A4,0x08A4,0x08C5,
0x10E6,0x10E6,0x1948,0x21AA,0x21EC,0x198A,0x10E6,0x10C5,0x1127,0x198A,0x198A,0x1969,0x1969,0x1107,0x1128,0x196A,
0x19AB,0x19AA,0x1969,0x198A,0x1948,0x08C5,0x0884,0x0883,0x0063,0x0063,0x08A4,0x10E6,0x1948,0x1949,0x1969,0x21AA,
0x198A,0x1989,0x1948,0x1106,0x1107,0x1107,0x1107,0x1148,0x1948,0x1968,0x1969,0x1989,0x1989,0x198A,0x1989,0x1989,
0x21AA,0x21CA,0x21EB,0x21CB,0x29EB,0x2A0C,0x2A2C,0x2A2D,0x2A2D,0x2A2C,0x21CA,0x21CB,0x21AA,0x2A0B,0x326E,0x326E,
0x2A2C,0x324D,0x324D,0x326E,0x3ACF,0x3ACF,0x42CF,0x3ACF,0x3AAE,0x3AAE,0x42CF,0x3AAE,0x3A8E,0x326D,0x324C,0x324C,
0x3A6C,0x3A4C,0x322B,0x320A,0x322B,0x3A4C,0x3A6D,0x42AE,0x42CE,0x42AE,0x3A8D,0x3A8D,0x3A8D,0x42AD,0x42AE,0x42CE,
0x42EF,0x42CE,0x42CE,0x42CE,0x42EF,0x42EF,0x4AEF,0x4AEF,0x42EF,0x4AEF,0x4AEF,0x4AEF,0x42EF,0x42CE,0x42CE,0x3AAE,
0x3AAE,0x3A8E,0x322C,0x324C,0x3A8E,0x3AAE,0x3A8D,0x3A6D,0x3A6D,0x326D,0x324C,0x324C,0x320B,0x322C,0x2A0B,0x322C,
0x322C,0x2A0C,0x2A0C,0x2A0B,0x29CA,0x29EB,0x29CA,0x21A9,0x21AA,0x21CA,0x21A9,0x2189,0x21AA,0x29EB,0x2A2C,0x2A2D,
0x2A0C,0x29EB,0x2189,0x1948,0x2189,0x2189,0x1969,0x21EB,0x21EC,0x21AA,0x1969,0x1969,0x1128,0x1127,0x1127,0x1127,
0x1948,0x1948,0x1127,0x1969,0x198A,0x198A,0x220D,0x220D,0x19AB,0x1107,0x10E6,0x1107,0x10C5,0x08C4,0x21AA,0x21AA,
0x1948,0x2A0C,0x2A2D,0x2A0C,0x2A2D,0x2A4D,0x324D,0x328F,0x3AD0,0x32AF,0x326E,0x326E,0x328E,0x2A4D,0x220C,0x21CB,
0x1989,0x1969,0x1969,0x1969,0x19AA,0x196A,0x1148,0x1127,0x1128,0x1128,0x1107,0x1107,0x1107,0x1128,0x1148,0x1949,
0x1128,0x1127,0x1107,0x1107,0x1107,0x10E6,0x10E6,0x08E6,0x08C5,0x08C5,0x08A5,0x08A4,0x08A5,0x08C5,0x08C6,0x08C6,
0x08C5,0x08A5,0x0884,0x0884,0x0884,0x08A5,0x08A5,0x0884,0x08C5,0x08C6,0x08E6,0x08C6,0x0084,0x0063,0x0884,0x08A5,
0x0884,0x08A5,0x08C6,0x08A5,0x0884,0x0063,0x0063,0x0863,0x0884,0x0883,0x0884,0x0884,0x0883,0x0884,0x08A4,0x08C5,
0x10E7,0x08A5,0x08A5,0x0884,0x0884,0x08A4,0x08A5,0x1107,0x198B,0x118B,0x198B,0x198B,0x1149,0x1149,0x198B,0x196A,
0x116A,0x1129,0x0908,0x0908,0x0907,0x0907,0x08E7,0x0908,0x1149,0x114A,0x1108,0x0908,0x08C6,0x08C6,0x08E7,0x08E7,
0x08E7,0x08C6,0x08C6,0x08A5,0x08C6,0x08C6,0x08A5,0x08A5,0x08A5,0x08A5,0x08A5,0x08A5,0x0084,0x0084,0x08A5,0x08A5,
0x08A5,0x08C6,0x08A6,0x08A5,0x0085,0x0085,0x0084,0x0064,0x0063,0x0064,0x0084,0x0085,0x0084,0x0085,0x0085,0x0084,
0x0064,0x0063,0x0043,0x0043,0x0043,0x0043,0x0043,0x0042,0x0043,0x0042,0x0042,0x0042,0x0042,0x0022,0x0022,0x0042,
0x0042,0x0042,0x0042,0x0042,0x0042,0x0042,0x0042,0x0042,0x0022,0x0021,0x0021,0x0021,0x0021,0x0021,0x0021,0x0021,
},
{0x0021,0x0021,0x0021,0x0021,0x0021,0x0021,0x0022,0x0022,0x0042,0x0042,0x0042,0x0043,0x0063,0x0064,0x0063,0x0063,
0x0064,0x0084,0x0084,0x0085,0x00A5,0x00A5,0x00A5,0x0085,0x00A5,0x08A5,0x08A5,0x08A5,0x08C6,0x08C6,0x08C6,0x08E7,
0x08C6,0x08E8,0x114A,0x114A,0x1129,0x1128,0x116A,0x118B,0x116A,0x1128,0x0908,0x08E6,0x08C6,0x08E7,0x08E7,0x08A5,
0x0084,0x0064,0x0084,0x0085,0x0084,0x0064,0x0063,0x0063,0x0042,0x0042,0x0042,0x0042,0x0043,0x0043,0x0043,0x0043,
0x0063,0x0042,0x0022,0x0022,0x0042,0x0042,0x0043,0x0063,0x0043,0x0063,0x0063,0x0064,0x0084,0x0084,0x08A5,0x0085,
0x0063,0x0064,0x0064,0x0043,0x0043,0x0063,0x0063,0x0063,0x0063,0x0043,0x0043,0x0043,0x0063,0x0063,0x0063,0x0063,
0x0084,0x0884,0x0884,0x08A5,0x08A5,0x08C6,0x08C6,0x08A6,0x08E7,0x08E7,0x08C6,0x08C6,0x08C6,0x08C6,0x08E7,0x1129,
0x114A,0x114A,0x1149,0x1149,0x1149,0x1149,0x1149,0x1149,0x1128,0x1149,0x1149,0x196A,0x198A,0x198A,0x19AB,0x19AB,
0x19AB,0x21EC,0x21ED,0x21CB,0x21CB,0x21AB,0x21EC,0x21EC,0x21CB,0x1989,0x198A,0x21AA,0x21CB,0x2A2D,0x326F,0x2A4E,
0x2A0D,0x2A4E,0x21AA,0x1127,0x198A,0x21CB,0x2A2D,0x2A6E,0x2A0D,0x1989,0x1968,0x10E6,0x0883,0x0884,0x08A4,0x08A4,
0x08C5,0x08C5,0x1106,0x1128,0x1128,0x10E6,0x08A4,0x10E6,0x1969,0x1989,0x1989,0x1107,0x08C5,0x10E6,0x1148,0x19AA,
0x21AB,0x1969,0x1948,0x1127,0x1127,0x1106,0x08C5,0x0883,0x0063,0x0884,0x1127,0x1969,0x1969,0x1969,0x1969,0x1948,
0x1948,0x1927,0x1106,0x1107,0x1127,0x1948,0x1969,0x198A,0x198A,0x198A,0x21AB,0x21CB,0x21CB,0x21EC,0x21CB,0x1989,
0x21AA,0x21AA,0x21CB,0x29EB,0x29EB,0x29EC,0x326D,0x328E,0x324D,0x2A0B,0x21AA,0x21CA,0x322C,0x326D,0x324D,0x324D,
0x324C,0x324D,0x324C,0x324D,0x326D,0x3A8E,0x3AAE,0x3A8E,0x3A8E,0x42CF,0x42CE,0x42AE,0x3AAE,0x3A8D,0x3A8D,0x3A8D,
0x42AD,0x42AD,0x42AE,0x3A8D,0x3A4C,0x3A6D,0x42AE,0x42AE,0x42CF,0x42CE,0x42CF,0x42CF,0x42CE,0x42CE,0x42CE,0x42CE,
0x42CE,0x4B0F,0x4B0F,0x4B0F,0x4AEF,0x4AEF,0x4AEF,0x4AEF,0x4AEF,0x4B0F,0x4B0F,0x4B0F,0x4B0F,0x4B10,0x42EF,0x3AAE,
0x3A8D,0x3AAE,0x3A6C,0x324C,0x3A6D,0x3A8D,0x3A8D,0x3A6D,0x3A6D,0x3A6D,0x324C,0x324C,0x29EA,0x29CA,0x29CA,0x2A0B,
0x3A6D,0x3A8E,0x326D,0x322C,0x2A0C,0x29EB,0x29CA,0x21A9,0x29CA,0x29EB,0x2189,0x21A9,0x21A9,0x29EB,0x2A0B,0x2A0B,
0x2A2C,0x21EB,0x1989,0x2189,0x29EB,0x1968,0x1927,0x1989,0x21CB,0x1969,0x1948,0x1968,0x1948,0x1127,0x1127,0x1948,
0x1969,0x1969,0x1969,0x1948,0x21AA,0x2A2D,0x2A6F,0x198A,0x198A,0x1949,0x08C5,0x10E5,0x10C5,0x1927,0x21CA,0x29EB,
0x2A0C,0x3AD0,0x328F,0x21CB,0x2A0C,0x328E,0x3AAF,0x3AF0,0x3AAF,0x328F,0x32AF,0x328F,0x326E,0x2A4D,0x2A0D,0x21CB,
0x19AA,0x19AA,0x21AA,0x21CB,0x21EC,0x19AB,0x1148,0x1948,0x1948,0x1127,0x1127,0x1107,0x1127,0x1148,0x1128,0x1127,
0x1107,0x1127,0x10E6,0x08E6,0x10E6,0x1107,0x08E6,0x08E6,0x08C5,0x08A5,0x08A4,0x08A5,0x08C5,0x08A5,0x08C5,0x08C5,
0x08A5,0x08A5,0x0884,0x0063,0x0884,0x08A5,0x0884,0x0884,0x08C6,0x08C6,0x08A5,0x0884,0x0884,0x0884,0x08A5,0x08C6,
0x08A5,0x08A4,0x08A5,0x0884,0x0063,0x0063,0x0063,0x0883,0x0884,0x0883,0x08A4,0x08C5,0x0884,0x08A5,0x1107,0x1148,
0x08A5,0x0063,0x0063,0x0884,0x08A5,0x08E6,0x1107,0x1108,0x1149,0x116A,0x198B,0x118B,0x116A,0x1149,0x114A,0x116A,
0x116A,0x1149,0x1128,0x08E7,0x08E7,0x0908,0x0908,0x114A,0x116B,0x114A,0x1128,0x08E7,0x08C6,0x08C6,0x08E7,0x0908,
0x08E7,0x08C6,0x08C6,0x08C6,0x08C6,0x08C6,0x08A5,0x08A5,0x08A5,0x08A5,0x08A5,0x08A5,0x0084,0x0084,0x00A5,0x0085,
0x0085,0x08C7,0x08E7,0x08A5,0x0085,0x00A5,0x0064,0x0064,0x0064,0x0084,0x0085,0x0084,0x0084,0x0084,0x0084,0x0064,
0x0084,0x0064,0x0043,0x0043,0x0043,0x0043,0x0043,0x0043,0x0043,0x0042,0x0042,0x0042,0x0042,0x0022,0x0022,0x0042,
0x0042,0x0043,0x0042,0x0042,0x0042,0x0042,0x0042,0x0042,0x0022,0x0021,0x0021,0x0021,0x0021,0x0021,0x0021,0x0021,
},
{0x0021,0x0021,0x0021,0x0021,0x0021,0x0021,0x0022,0x0022,0x0042,0x0042,0x0042,0x0043,0x0063,0x0063,0x0064,0x0064,
0x0084,0x0084,0x00A5,0x08A6,0x08A6,0x08A5,0x08A5,0x08A5,0x08A5,0x08A6,0x08C6,0x08C7,0x08E7,0x08E7,0x08E7,0x08E7,
0x08E7,0x0929,0x0929,0x0908,0x0908,0x114A,0x118C,0x116B,0x08E7,0x08E7,0x08E7,0x08C6,0x08E7,0x08C6,0x0885,0x0084,
0x0064,0x0084,0x08A5,0x0084,0x0064,0x0063,0x0043,0x0042,0x0042,0x0042,0x0042,0x0043,0x0063,0x0043,0x0063,0x0063,
0x0042,0x0042,0x0022,0x0022,0x0042,0x0063,0x0043,0x0042,0x0042,0x0043,0x0043,0x0064,0x0084,0x00A5,0x08A5,0x0084,
0x0084,0x0084,0x0064,0x0063,0x0063,0x0084,0x0084,0x0064,0x0063,0x0063,0x0063,0x0063,0x0063,0x0064,0x0064,0x0064,
0x0084,0x08A5,0x08A5,0x08C6,0x08C6,0x08C6,0x08C6,0x08E7,0x0908,0x0907,0x08E7,0x08E7,0x08E7,0x08E7,0x1129,0x198B,
0x118B,0x116A,0x116A,0x1149,0x1149,0x1149,0x1149,0x196A,0x198A,0x198B,0x198A,0x198A,0x19AB,0x198A,0x19AB,0x19CB,
0x21CC,0x21EC,0x21EC,0x198A,0x1948,0x1948,0x1927,0x1127,0x1127,0x1969,0x1969,0x21CB,0x2A2D,0x328F,0x3AAF,0x326E,
0x2A0C,0x21AA,0x1969,0x1969,0x21CB,0x2A0D,0x2A2D,0x2A2D,0x21AB,0x1106,0x08A4,0x0883,0x0883,0x0884,0x08A5,0x08C5,
0x10E6,0x1148,0x1969,0x1127,0x08C5,0x08A4,0x1107,0x198A,0x19AB,0x1948,0x1107,0x08C5,0x0863,0x0883,0x10E6,0x1948,
0x198A,0x1969,0x1107,0x1127,0x1107,0x08C5,0x0883,0x0884,0x08A4,0x1127,0x21AA,0x21AA,0x198A,0x1969,0x1927,0x1127,
0x1927,0x1127,0x1127,0x1969,0x19AA,0x19AA,0x19AA,0x21CB,0x21EC,0x21EC,0x21EC,0x21EC,0x2A0C,0x2A2D,0x29EC,0x2189,
0x1969,0x21AA,0x21CB,0x29EB,0x21CB,0x29EB,0x2A0C,0x29EB,0x21CA,0x21CA,0x2A0B,0x2A2D,0x3AAF,0x3A8E,0x326D,0x3A8E,
0x3AAF,0x3AAE,0x3A8E,0x3AAF,0x3ACF,0x3A8E,0x3A6D,0x326D,0x3A6D,0x3A6D,0x3A8D,0x3A6D,0x3A6C,0x3A6D,0x42AD,0x42AE,
0x42CE,0x42CE,0x42EF,0x42EF,0x42CE,0x42AE,0x42CE,0x42CE,0x4AEF,0x4AEF,0x42CE,0x42CE,0x4AEF,0x4B0F,0x4B0F,0x4B0F,
0x4AEF,0x4B30,0x4B0F,0x4B0F,0x4B0F,0x4B10,0x4B0F,0x4B10,0x4B0F,0x4AEF,0x4AEF,0x4AEF,0x42EE,0x42EF,0x42EF,0x42EF,
0x42CF,0x42CE,0x3A8D,0x3A4C,0x3A8D,0x3A6D,0x3A4C,0x3A6D,0x3A4C,0x324C,0x324C,0x324C,0x320B,0x29EA,0x2188,0x29EA,
0x324C,0x3A8E,0x3A8E,0x326D,0x322C,0x322C,0x29EA,0x21A9,0x29CA,0x29EB,0x21AA,0x21A9,0x2189,0x21A9,0x2189,0x29EB,
0x2A2C,0x2A0C,0x21AA,0x2189,0x2189,0x1968,0x1948,0x1948,0x1968,0x1948,0x1968,0x1969,0x1948,0x1107,0x1927,0x1989,
0x19AA,0x1989,0x21AA,0x1969,0x198A,0x2A4E,0x2A4E,0x198A,0x19AB,0x198A,0x10E6,0x10E6,0x1107,0x218A,0x29EB,0x326E,
0x326E,0x324D,0x29EB,0x29EB,0x2A2D,0x324D,0x328F,0x3AF1,0x3AD0,0x328F,0x328F,0x326E,0x2A4E,0x2A0C,0x21EB,0x21AA,
0x21EC,0x2A0D,0x21EC,0x21EC,0x21CB,0x19AA,0x1148,0x10E6,0x1106,0x1107,0x1128,0x1128,0x1128,0x1127,0x1107,0x10E6,
0x10E6,0x10E6,0x10E6,0x10E6,0x10E6,0x10E6,0x08C6,0x08C5,0x08A5,0x08A5,0x08A5,0x08C5,0x08C6,0x08C6,0x08C5,0x08A5,
0x08A4,0x0884,0x0063,0x0063,0x08A5,0x0884,0x0884,0x08A5,0x08C6,0x08C6,0x0884,0x0084,0x08A4,0x08C6,0x08C6,0x08E7,
0x08A5,0x0883,0x0884,0x0883,0x0063,0x0063,0x0884,0x0883,0x0883,0x08A4,0x08A5,0x08C5,0x08A5,0x08C5,0x1148,0x1948,
0x08A4,0x0884,0x08C5,0x1128,0x1128,0x1128,0x1128,0x1107,0x1128,0x198B,0x19AC,0x116B,0x114A,0x1128,0x116A,0x114A,
0x116A,0x1128,0x1107,0x1108,0x1149,0x1129,0x1149,0x116A,0x114A,0x1149,0x0908,0x08E7,0x08E7,0x0908,0x1129,0x0908,
0x08E7,0x08E7,0x08E7,0x08E7,0x08C6,0x08A5,0x08A5,0x08A5,0x08A5,0x08A5,0x08A5,0x0084,0x0084,0x08A5,0x08A5,0x0085,
0x0085,0x08A5,0x08A5,0x0085,0x0084,0x0084,0x0084,0x0084,0x0085,0x0085,0x0085,0x0084,0x0084,0x0084,0x0064,0x0064,
0x0064,0x0063,0x0043,0x0043,0x0043,0x0043,0x0043,0x0043,0x0043,0x0043,0x0042,0x0042,0x0042,0x0022,0x0042,0x0042,
0x0042,0x0043,0x0042,0x0042,0x0043,0x0042,0x0042,0x0042,0x0022,0x0021,0x0021,0x0021,0x0021,0x0021,0x0021,0x0021,
},
{0x0021,0x0021,0x0021,0x0021,0x0021,0x0021,0x0022,0x0022,0x0042,0x0042,0x0042,0x0043,0x0043,0x0063,0x0064,0x0084,
0x0084,0x0084,0x0085,0x08A6,0x00A5,0x00A5,0x0085,0x0085,0x08A5,0x08A6,0x08E7,0x08E7,0x08E8,0x0908,0x0908,0x0908,
0x0908,0x1129,0x08E7,0x08E7,0x0908,0x1129,0x0928,0x0908,0x08C6,0x08C6,0x08E7,0x08E7,0x08A5,0x0884,0x0063,0x0063,
0x0063,0x0084,0x08A6,0x08A6,0x0084,0x0063,0x0043,0x0042,0x0043,0x0043,0x0043,0x0043,0x0064,0x0064,0x0063,0x0063,
0x0042,0x0042,0x0042,0x0042,0x0043,0x0084,0x0063,0x0043,0x0063,0x0043,0x0063,0x0084,0x00A5,0x0085,0x0084,0x0084,
0x0084,0x0064,0x0063,0x0064,0x0063,0x0063,0x0063,0x0064,0x0064,0x0063,0x0063,0x0063,0x0063,0x0064,0x0884,0x08A5,
0x0884,0x08A5,0x08A5,0x08A5,0x08C6,0x08C6,0x08E7,0x08E7,0x1107,0x08E7,0x08E7,0x1107,0x1129,0x1149,0x196A,0x198B,
0x118B,0x114A,0x196A,0x198A,0x198B,0x19AB,0x19AC,0x19AC,0x19EC,0x220E,0x220D,0x21EC,0x21ED,0x21EC,0x21EC,0x220D,
0x220D,0x2A2D,0x21EC,0x1969,0x1128,0x1128,0x1948,0x1928,0x1968,0x29EC,0x2A0C,0x2A4D,0x328F,0x2A0D,0x21EC,0x2A0C,
0x21EC,0x1968,0x1106,0x1969,0x21AA,0x198A,0x198A,0x1948,0x08C5,0x08A5,0x0883,0x0883,0x10E6,0x1106,0x1948,0x1148,
0x198A,0x19AB,0x1969,0x10E6,0x08A4,0x08A4,0x1148,0x21EC,0x21CC,0x19AB,0x1969,0x10E5,0x0883,0x0884,0x10E5,0x1127,
0x1969,0x1127,0x10E6,0x08C5,0x0883,0x0863,0x0863,0x08A4,0x1127,0x1948,0x1948,0x1969,0x1968,0x1927,0x1948,0x1968,
0x1948,0x1968,0x19AA,0x21EC,0x2A0D,0x21EC,0x21EB,0x21CB,0x21CB,0x21EB,0x21CB,0x21AA,0x21CB,0x29EC,0x2189,0x1947,
0x1947,0x1968,0x21AA,0x29EB,0x21CB,0x29EB,0x2A2C,0x21CA,0x21AA,0x2A0B,0x2A2D,0x326D,0x3A8E,0x326D,0x324C,0x326D,
0x3AAE,0x3A6D,0x324C,0x3AAE,0x3A8E,0x3AAE,0x3A8E,0x326D,0x3A8E,0x3A8E,0x42CE,0x42CE,0x3A8D,0x3A6D,0x42AD,0x42CE,
0x4AEF,0x4B0F,0x4B0F,0x4AEF,0x4AEF,0x42CE,0x42EF,0x4B0F,0x4AEF,0x4B0F,0x42CE,0x42AD,0x4AEF,0x4AEF,0x4B0F,0x4B10,
0x5350,0x5330,0x5330,0x5330,0x4B0F,0x4B30,0x5330,0x5330,0x5330,0x4B30,0x4B0F,0x4AEE,0x42CE,0x42AE,0x428D,0x42CE,
0x42EF,0x42CF,0x42AE,0x3A8D,0x42AE,0x42CE,0x3A8D,0x3A8D,0x3A8D,0x3A6C,0x3A4C,0x3A8D,0x3A4C,0x31EA,0x29A9,0x29CA,
0x29C9,0x320B,0x326D,0x3A6D,0x322C,0x2A0B,0x29CA,0x21A9,0x29CA,0x2A0C,0x29EB,0x21A9,0x21A9,0x21A9,0x21CA,0x2A2C,
0x324D,0x2A2C,0x2A2C,0x29EB,0x21CB,0x21AA,0x2189,0x1969,0x1969,0x1968,0x1969,0x1989,0x1948,0x1127,0x1948,0x1969,
0x21AB,0x21AA,0x198A,0x21CB,0x21CB,0x21AB,0x1969,0x1127,0x1128,0x1969,0x1948,0x10E6,0x1989,0x21CB,0x29EB,0x2A0C,
0x2A2D,0x2A0C,0x21CB,0x2A0C,0x2A0C,0x2A0C,0x3AAF,0x3B11,0x3ACF,0x328F,0x328F,0x326E,0x2A2D,0x21EC,0x21AA,0x21EC,
0x2A2D,0x220D,0x220C,0x21AB,0x1969,0x1969,0x1948,0x1107,0x10E6,0x1107,0x1128,0x1148,0x1128,0x1107,0x10E6,0x08E6,
0x08E6,0x10E6,0x10E6,0x10E6,0x08E6,0x08E6,0x08C5,0x08C5,0x08C5,0x08C5,0x08A5,0x08C5,0x08E6,0x08C6,0x08A5,0x08A5,
0x0884,0x0884,0x0063,0x08A5,0x08A5,0x0884,0x08C6,0x08E7,0x08C6,0x08A5,0x08A5,0x08A5,0x08C6,0x08C6,0x08C6,0x08E7,
0x08A5,0x0884,0x0884,0x0884,0x0884,0x0883,0x0883,0x0063,0x0063,0x08A4,0x08A4,0x0884,0x0884,0x0884,0x08C6,0x08C5,
0x08A5,0x08E6,0x1107,0x1128,0x1107,0x08E6,0x10E6,0x1107,0x1148,0x198A,0x19AB,0x198B,0x116A,0x198B,0x116A,0x1149,
0x1149,0x1128,0x1128,0x1128,0x1149,0x1149,0x1129,0x1149,0x1129,0x0908,0x1129,0x1129,0x1108,0x0928,0x1129,0x0908,
0x0908,0x0908,0x0908,0x0908,0x08C6,0x08C6,0x08A6,0x08A5,0x08C6,0x08C6,0x08A5,0x0885,0x08A5,0x08C6,0x0885,0x0084,
0x0084,0x0084,0x0084,0x0085,0x0085,0x0084,0x0084,0x0085,0x00A5,0x08A5,0x0085,0x0085,0x0085,0x0084,0x0084,0x0064,
0x0063,0x0063,0x0043,0x0043,0x0042,0x0043,0x0043,0x0043,0x0043,0x0043,0x0042,0x0042,0x0042,0x0042,0x0042,0x0043,
0x0042,0x0043,0x0042,0x0042,0x0042,0x0042,0x0042,0x0042,0x0022,0x0021,0x0021,0x0021,0x0021,0x0021,0x0021,0x0021,
},
{0x0021,0x0021,0x0021,0x0021,0x0021,0x0021,0x0021,0x0022,0x0042,0x0042,0x0042,0x0043,0x0043,0x0063,0x0064,0x0084,
0x0084,0x0084,0x00A5,0x08C7,0x08C6,0x00A6,0x0085,0x00A5,0x08A5,0x08A6,0x08E7,0x08E7,0x08E7,0x08E7,0x0908,0x08E8,
0x0908,0x0908,0x0908,0x08E7,0x0908,0x1149,0x08E7,0x08C7,0x08C6,0x08C6,0x08A5,0x08A5,0x0084,0x0063,0x0063,0x0064,
0x0084,0x00A5,0x08A6,0x08A6,0x0064,0x0043,0x0042,0x0042,0x0043,0x0063,0x0043,0x0042,0x0042,0x0043,0x0042,0x0043,
0x0043,0x0042,0x0043,0x0063,0x0084,0x0084,0x0043,0x0043,0x0043,0x0043,0x0063,0x0084,0x0084,0x0064,0x0084,0x0084,
0x0084,0x0064,0x0063,0x0063,0x0063,0x0063,0x0063,0x0063,0x0063,0x0063,0x0063,0x0063,0x0084,0x0084,0x08A4,0x08A5,
0x08A5,0x08A5,0x08C6,0x08C6,0x08C6,0x08C6,0x08C6,0x08E6,0x08E7,0x1107,0x1108,0x1128,0x1149,0x116A,0x116A,0x116A,
0x198B,0x198B,0x198B,0x19AB,0x19AC,0x21ED,0x220E,0x222E,0x222E,0x2A6F,0x2A6F,0x220D,0x2A4F,0x2A6F,0x21CC,0x222D,
0x2A6F,0x21EC,0x1969,0x1127,0x1106,0x10E6,0x1127,0x1948,0x21CB,0x21EB,0x21EB,0x2A2D,0x21AA,0x10E6,0x1107,0x1969,
0x1968,0x1968,0x1107,0x10E6,0x1948,0x1948,0x1148,0x1107,0x08A5,0x08A4,0x08A4,0x10E6,0x1148,0x1128,0x1949,0x1969,
0x19AB,0x19AB,0x10E6,0x08A5,0x10E6,0x1107,0x1128,0x198A,0x1149,0x1969,0x198A,0x1107,0x10E6,0x10E6,0x10E6,0x1106,
0x08C5,0x08A4,0x0883,0x0863,0x0883,0x0883,0x0883,0x10E5,0x1127,0x1127,0x1127,0x1127,0x1127,0x1948,0x1969,0x21AA,
0x21AB,0x21CB,0x2A2D,0x2A4D,0x2A0C,0x29EC,0x21EB,0x21CB,0x21AA,0x21CB,0x21CB,0x29EC,0x2A0C,0x2A0C,0x1968,0x1927,
0x1968,0x21AA,0x29EB,0x2A0C,0x2A0C,0x2A2C,0x2A0C,0x21EB,0x2A0C,0x324D,0x324D,0x326D,0x324D,0x322C,0x324D,0x3A8E,
0x326D,0x322B,0x324C,0x3A6D,0x322C,0x322C,0x324C,0x3A6D,0x3A8D,0x3A6D,0x3A8D,0x42CE,0x42AE,0x3A6C,0x3A8D,0x42AD,
0x42EF,0x4B0F,0x4B30,0x4B10,0x4AEF,0x42AD,0x42CE,0x42CE,0x4AEF,0x4B0F,0x4B0F,0x5330,0x5330,0x5330,0x5330,0x5350,
0x5350,0x5350,0x5350,0x5350,0x5350,0x5330,0x4B30,0x5350,0x4B30,0x4B0F,0x4AEF,0x4B0F,0x4B10,0x4AEF,0x42AD,0x42AD,
0x42CE,0x42AE,0x42AE,0x42AD,0x428D,0x42CF,0x42CE,0x42AD,0x3A8D,0x3AAE,0x3A6D,0x324C,0x322B,0x320B,0x320B,0x322B,
0x322B,0x320B,0x322C,0x322C,0x322C,0x29EA,0x29CA,0x21A9,0x29CA,0x29EB,0x21CA,0x2189,0x21AA,0x21CA,0x29EB,0x324D,
0x328E,0x2A0C,0x2A0C,0x2A0B,0x2A0C,0x2A0C,0x2A0C,0x21EB,0x21AA,0x1989,0x1989,0x1989,0x1948,0x1106,0x1127,0x1128,
0x198A,0x21CB,0x21AB,0x21EC,0x220D,0x21CC,0x10E6,0x1948,0x1948,0x1969,0x1969,0x1928,0x21CA,0x2A0C,0x2A0C,0x2A0C,
0x2A0B,0x322C,0x322C,0x2A2C,0x324D,0x326D,0x3AAF,0x3AF1,0x3AD0,0x3AAF,0x328F,0x326E,0x2A2D,0x2A0C,0x2A0C,0x2A2D,
0x2A2D,0x21CB,0x21CB,0x21CB,0x198A,0x1969,0x1148,0x1107,0x1107,0x1127,0x1948,0x1949,0x1128,0x1107,0x10E6,0x10E6,
0x1107,0x1107,0x1107,0x1107,0x10E6,0x08C5,0x08C5,0x08A5,0x08C5,0x08C5,0x08C5,0x08E6,0x08E6,0x08C5,0x08A5,0x08A4,
0x0884,0x0884,0x0884,0x08A5,0x08A5,0x08A5,0x08E6,0x08E7,0x08A5,0x0084,0x0884,0x08A5,0x08C6,0x1107,0x1107,0x1108,
0x08C6,0x0063,0x0884,0x0884,0x0063,0x0063,0x0063,0x0063,0x0062,0x0063,0x0883,0x0063,0x0042,0x0063,0x0884,0x0884,
0x08A5,0x08C6,0x08C6,0x08C6,0x08C5,0x10E6,0x1128,0x10E7,0x10E6,0x1107,0x198B,0x198B,0x198B,0x116A,0x1149,0x1149,
0x1128,0x1149,0x1128,0x1128,0x1128,0x1149,0x1149,0x114A,0x114A,0x116B,0x116B,0x1149,0x1108,0x1128,0x1129,0x114A,
0x0908,0x1128,0x1128,0x08E7,0x08C6,0x08C6,0x0084,0x0084,0x08C6,0x08E7,0x08A5,0x08A5,0x08A5,0x08A5,0x0084,0x0084,
0x0084,0x0084,0x00A5,0x08A5,0x0085,0x0084,0x0085,0x08A6,0x00A5,0x08A5,0x0085,0x0085,0x0085,0x0085,0x0064,0x0064,
0x0063,0x0063,0x0063,0x0043,0x0043,0x0043,0x0043,0x0043,0x0043,0x0043,0x0042,0x0043,0x0043,0x0042,0x0043,0x0043,
0x0042,0x0042,0x0042,0x0042,0x0042,0x0042,0x0042,0x0042,0x0022,0x0022,0x0021,0x0021,0x0021,0x0021,0x0021,0x0021,
},
{0x0021,0x0021,0x0021,0x0021,0x0021,0x0021,0x0021,0x0022,0x0042,0x0042,0x0042,0x0042,0x0063,0x0064,0x0084,0x0084,
0x0084,0x0084,0x0085,0x08C6,0x08E7,0x08E7,0x08C6,0x08C6,0x08C6,0x08E7,0x08E7,0x08E7,0x0908,0x0908,0x08E7,0x08C6,
0x0908,0x1108,0x08E7,0x0908,0x08E8,0x0908,0x08E7,0x08E7,0x0908,0x0908,0x00A5,0x0084,0x0084,0x0063,0x0063,0x0063,
0x0064,0x0084,0x0084,0x0063,0x0063,0x0042,0x0022,0x0042,0x0063,0x0063,0x0042,0x0042,0x0022,0x0022,0x0022,0x0042,
0x0042,0x0042,0x0043,0x0063,0x0084,0x0084,0x0043,0x0042,0x0043,0x0063,0x0084,0x0085,0x0064,0x0084,0x0084,0x0084,
0x0063,0x0063,0x0063,0x0063,0x0063,0x0064,0x0084,0x0064,0x0084,0x0064,0x0084,0x0884,0x08A5,0x08A5,0x08A5,0x08A5,
0x08C6,0x08C6,0x08C6,0x08C6,0x08C6,0x08C6,0x08C6,0x0907,0x1128,0x1149,0x1149,0x198B,0x19AC,0x19AC,0x19CD,0x19CD,
0x19AB,0x19AB,0x19ED,0x220E,0x21ED,0x222E,0x2A4F,0x220E,0x222D,0x2A4E,0x2A4E,0x220D,0x21EC,0x220D,0x198A,0x21EC,
0x19AA,0x1107,0x1106,0x1106,0x08C5,0x08A4,0x10E5,0x1928,0x21CB,0x21CB,0x21AA,0x1948,0x08C5,0x08A4,0x1127,0x1127,
0x10E6,0x10C5,0x10E6,0x1148,0x198A,0x1128,0x10E6,0x08C5,0x08A4,0x08C5,0x1127,0x1969,0x19AB,0x1969,0x1969,0x21EC,
0x19AA,0x1949,0x1127,0x1107,0x1127,0x1127,0x1107,0x1107,0x1148,0x1969,0x1148,0x1127,0x1127,0x1107,0x1107,0x10E5,
0x0884,0x0863,0x0863,0x0883,0x0883,0x0883,0x08C5,0x1107,0x1948,0x1948,0x1948,0x1927,0x1948,0x1969,0x1969,0x19AA,
0x21EC,0x2A0C,0x2A4D,0x326E,0x2A2D,0x29EB,0x21CB,0x21CA,0x21EB,0x2A0C,0x2A2D,0x328F,0x32AF,0x328E,0x21EB,0x21CA,
0x2A0C,0x2A0C,0x2A0C,0x2A2C,0x2A4D,0x2A0C,0x21EB,0x29EB,0x2A2C,0x324D,0x326D,0x326D,0x326D,0x326D,0x326D,0x3A8E,
0x3A6D,0x322B,0x3A6C,0x324C,0x322C,0x324C,0x324C,0x3A6C,0x3A6C,0x3A8D,0x42AE,0x42CE,0x42CE,0x42CE,0x42AD,0x42CE,
0x4AEF,0x4B30,0x4B10,0x4B0F,0x42AE,0x42AD,0x42AE,0x42CE,0x4B0F,0x4B30,0x5350,0x5350,0x4B0F,0x4B0F,0x4B0F,0x4B2F,
0x5330,0x5351,0x5351,0x5350,0x5330,0x5330,0x5330,0x5330,0x4B0F,0x4B0F,0x4B0F,0x4B0F,0x4B0F,0x4AEE,0x42CE,0x4AEF,
0x4AEE,0x42CE,0x42CE,0x42CE,0x3A4C,0x42AD,0x42CE,0x42CE,0x3A8D,0x3A8D,0x3A8D,0x322B,0x320B,0x320A,0x320A,0x322B,
0x3A4C,0x324C,0x3A6D,0x324C,0x322C,0x322C,0x29EA,0x21AA,0x29EA,0x29CA,0x21A9,0x2189,0x21CA,0x21CA,0x21CA,0x2A2C,
0x326D,0x29EB,0x21A9,0x21A9,0x21AA,0x21AA,0x29EB,0x21EB,0x21AA,0x1969,0x1969,0x1948,0x1127,0x10C5,0x10E5,0x1106,
0x1948,0x21CB,0x21EC,0x220D,0x2A4E,0x2A6F,0x21CB,0x1969,0x1127,0x1948,0x1948,0x1989,0x21EB,0x2A0C,0x2A0C,0x29EB,
0x2A0C,0x322C,0x326D,0x3A8E,0x3ACF,0x3AAF,0x3AF0,0x3AF0,0x3AD0,0x3AB0,0x3AAF,0x326E,0x2A2D,0x2A0D,0x2A0C,0x2A2D,
0x2A2D,0x21EB,0x21EC,0x21CB,0x198A,0x198A,0x1969,0x1127,0x1128,0x1148,0x198A,0x1969,0x1128,0x1127,0x1107,0x1107,
0x1107,0x1107,0x1107,0x10E6,0x10E7,0x08C6,0x08C5,0x08C5,0x08C5,0x08C5,0x08E6,0x10E7,0x08E6,0x08C5,0x0884,0x0884,
0x0884,0x0063,0x0063,0x0884,0x08C6,0x08E7,0x08E6,0x08A5,0x0084,0x0063,0x0063,0x0884,0x08C6,0x1129,0x1107,0x08C6,
0x08A5,0x0063,0x0063,0x0063,0x0063,0x0883,0x0063,0x0063,0x0063,0x0063,0x0883,0x0063,0x0884,0x0884,0x08A5,0x08A4,
0x08A4,0x08C6,0x1107,0x1108,0x08E6,0x1149,0x1149,0x1128,0x1107,0x196A,0x19AB,0x198B,0x196A,0x116A,0x1149,0x1149,
0x1149,0x1149,0x1128,0x1128,0x1149,0x1149,0x114A,0x116A,0x118B,0x19AD,0x118C,0x114A,0x1149,0x1149,0x1129,0x1129,
0x0908,0x1128,0x0907,0x08C6,0x08A6,0x08A5,0x0064,0x0063,0x0084,0x08C6,0x08A5,0x08A5,0x08A5,0x0084,0x0064,0x0084,
0x0084,0x0085,0x08A5,0x00A5,0x0084,0x0084,0x0084,0x0084,0x0084,0x0084,0x0064,0x0064,0x0084,0x0084,0x0084,0x0064,
0x0063,0x0063,0x0063,0x0064,0x0063,0x0043,0x0043,0x0043,0x0042,0x0042,0x0043,0x0043,0x0042,0x0042,0x0043,0x0043,
0x0043,0x0043,0x0042,0x0042,0x0042,0x0042,0x0042,0x0042,0x0022,0x0022,0x0021,0x0021,0x0021,0x0021,0x0021,0x0021,
},
{0x0021,0x0021,0x0021,0x0021,0x0021,0x0021,0x0022,0x0022,0x0022,0x0042,0x0042,0x0043,0x0063,0x0064,0x0084,0x0084,
0x0084,0x0085,0x0085,0x08A5,0x08C6,0x0908,0x08E8,0x08E7,0x08E7,0x0909,0x0909,0x1129,0x114A,0x0909,0x08C6,0x08C6,
0x08E7,0x08E7,0x08E7,0x0908,0x08E7,0x08C6,0x08C6,0x08E7,0x0908,0x08C6,0x0084,0x0084,0x0084,0x0064,0x0064,0x0063,
0x0063,0x0063,0x0043,0x0043,0x0063,0x0042,0x0022,0x0043,0x0064,0x0063,0x0022,0x0022,0x0022,0x0022,0x0022,0x0022,
0x0022,0x0042,0x0043,0x0063,0x0064,0x0064,0x0043,0x0042,0x0063,0x0084,0x00A5,0x0085,0x0064,0x0084,0x0064,0x0063,
0x0063,0x0064,0x0084,0x0084,0x0084,0x0084,0x0084,0x0084,0x0084,0x0084,0x0885,0x08A5,0x08A5,0x08C5,0x08C5,0x08A5,
0x08A5,0x08C6,0x08C6,0x08E6,0x08E7,0x08E7,0x1108,0x1149,0x1149,0x114A,0x116A,0x19AC,0x19CC,0x19CC,0x19CD,0x19AB,
0x19AC,0x19CC,0x222E,0x220E,0x220D,0x220D,0x220D,0x21ED,0x21ED,0x220D,0x220C,0x1989,0x19AB,0x2A2D,0x2A4E,0x2A4E,
0x1969,0x1127,0x1127,0x1106,0x08C5,0x08A4,0x10E6,0x1969,0x21AA,0x1969,0x1927,0x10E5,0x10E6,0x10E6,0x10E6,0x10E6,
0x10E6,0x10E6,0x08C5,0x08E6,0x1107,0x10E6,0x08C5,0x0884,0x08E6,0x1128,0x1149,0x198A,0x1969,0x10E7,0x10E6,0x1969,
0x1148,0x10E6,0x1107,0x1107,0x1127,0x1107,0x1128,0x1949,0x1948,0x1969,0x1948,0x1127,0x1106,0x1127,0x1148,0x10E5,
0x08A4,0x0884,0x08A4,0x08C4,0x08C5,0x10E6,0x1107,0x1948,0x1948,0x1989,0x1989,0x1969,0x1989,0x21AA,0x21EB,0x21EB,
0x21EC,0x2A4E,0x2A4E,0x2A0C,0x29EB,0x21CA,0x21AA,0x21CA,0x29EB,0x2A0C,0x326E,0x324D,0x322D,0x2A0C,0x21AA,0x21AA,
0x21EB,0x21EB,0x29EB,0x2A2C,0x324D,0x2A2D,0x2A2C,0x324D,0x324D,0x326E,0x326D,0x326E,0x328E,0x324D,0x2A0B,0x2A0B,
0x2A0B,0x322C,0x3A6D,0x324C,0x324C,0x42CE,0x42CF,0x42CE,0x42CE,0x42CF,0x42CF,0x4AEF,0x4B10,0x5350,0x4AEF,0x42CE,
0x4AEF,0x4B0F,0x4B0F,0x4ACE,0x42CE,0x4AEE,0x4B0F,0x4ACE,0x4ACE,0x4AEE,0x4B0F,0x5330,0x5330,0x5350,0x5350,0x5350,
0x5330,0x5350,0x5351,0x5371,0x5B92,0x5371,0x5350,0x5350,0x5351,0x5351,0x5350,0x5350,0x4B30,0x4AEE,0x4ACE,0x4B0F,
0x4B0F,0x4AEF,0x4AEF,0x42AE,0x3A6C,0x428D,0x3A4C,0x42AD,0x42CF,0x3A8D,0x3A4C,0x3A4C,0x3A4C,0x320B,0x320B,0x320A,
0x324C,0x3A4C,0x324C,0x3A4C,0x3A6D,0x322B,0x29CA,0x29CA,0x21A9,0x29CA,0x29CA,0x29CA,0x2A0B,0x29EB,0x29CA,0x2A2C,
0x2A0C,0x21AA,0x29CA,0x21AA,0x1968,0x1968,0x21AA,0x2A0C,0x218A,0x1969,0x1969,0x1969,0x1127,0x10E6,0x10E5,0x08C5,
0x1127,0x1948,0x198A,0x2A2D,0x2A4E,0x2A4E,0x2A0D,0x21AA,0x1968,0x1927,0x21CB,0x2A0C,0x2A0C,0x2A0C,0x21A9,0x21AA,
0x324D,0x3AAF,0x3AAF,0x4331,0x4311,0x3AD0,0x3AB0,0x32AF,0x3AAF,0x328E,0x326E,0x2A2D,0x324D,0x326E,0x2A4D,0x2A6E,
0x220C,0x21CB,0x21CB,0x19AA,0x198A,0x198A,0x1969,0x1128,0x1127,0x1148,0x1969,0x1969,0x1149,0x1148,0x1128,0x1128,
0x1107,0x1107,0x1107,0x08E6,0x1107,0x08E6,0x08C6,0x08C6,0x08E6,0x08E6,0x10E7,0x08E7,0x08E6,0x08A4,0x0884,0x0084,
0x0063,0x0063,0x0063,0x0884,0x08A5,0x08E7,0x08E6,0x0884,0x0063,0x0063,0x0063,0x08C5,0x1128,0x1128,0x0884,0x08A5,
0x08C6,0x0884,0x0063,0x0063,0x0883,0x0884,0x0883,0x0884,0x0883,0x08A4,0x08C5,0x08C6,0x10E7,0x08E6,0x08C5,0x08E6,
0x1107,0x1128,0x198A,0x116A,0x1128,0x19CC,0x19ED,0x19AB,0x198A,0x198B,0x198A,0x1149,0x1149,0x1149,0x1149,0x1149,
0x1149,0x1149,0x116A,0x1149,0x114A,0x1149,0x114A,0x116A,0x116B,0x116B,0x116B,0x114A,0x116B,0x118C,0x1129,0x08E7,
0x0908,0x08E7,0x08C6,0x08C6,0x08A5,0x0084,0x0064,0x0064,0x0884,0x0884,0x0885,0x0885,0x0084,0x0064,0x0064,0x0084,
0x08A5,0x08A6,0x0085,0x0085,0x0085,0x0084,0x0064,0x0064,0x0084,0x0064,0x0064,0x0064,0x0063,0x0064,0x0064,0x0064,
0x0064,0x0064,0x0063,0x0063,0x0063,0x0043,0x0043,0x0043,0x0042,0x0042,0x0043,0x0042,0x0042,0x0042,0x0043,0x0043,
0x0043,0x0043,0x0042,0x0042,0x0043,0x0042,0x0042,0x0042,0x0022,0x0021,0x0021,0x0021,0x0021,0x0021,0x0021,0x0021,
},
{0x0021,0x0021,0x0021,0x0021,0x0021,0x0021,0x0021,0x0022,0x0022,0x0042,0x0042,0x0043,0x0063,0x0064,0x0084,0x0084,
0x0084,0x0085,0x00A5,0x08A6,0x08A6,0x08E7,0x08E7,0x08E7,0x08E8,0x0929,0x0929,0x08E7,0x0908,0x08E7,0x08C6,0x08C6,
0x08E7,0x08E7,0x1129,0x0908,0x08E7,0x08A5,0x08C6,0x08E7,0x0084,0x0063,0x0063,0x0063,0x0063,0x0063,0x0064,0x0064,
0x0085,0x0064,0x0043,0x0043,0x0043,0x0043,0x0043,0x0064,0x0064,0x0063,0x0042,0x0022,0x0021,0x0022,0x0022,0x0022,
0x0042,0x0042,0x0043,0x0063,0x0063,0x0063,0x0043,0x0043,0x0064,0x0084,0x0064,0x0063,0x0063,0x0063,0x0063,0x0064,
0x0084,0x0084,0x0084,0x0084,0x0084,0x0084,0x0064,0x0064,0x0084,0x0884,0x08A5,0x08C6,0x08C6,0x08C6,0x08C6,0x08A5,
0x08C6,0x08E6,0x08E6,0x08E7,0x08E7,0x1108,0x1149,0x114A,0x1129,0x1149,0x196A,0x19AC,0x19AC,0x19AC,0x19AC,0x19AC,
0x222E,0x222F,0x222E,0x21ED,0x21EC,0x21EC,0x21EC,0x21CC,0x19AB,0x21AB,0x198A,0x21AB,0x2A4E,0x2A6F,0x2A4E,0x21CB,
0x21EC,0x21CB,0x1927,0x10E6,0x08C5,0x10C5,0x1948,0x1969,0x1948,0x10E6,0x08A5,0x08A4,0x1127,0x1107,0x08C5,0x08A4,
0x08A5,0x08A5,0x08A4,0x0884,0x0884,0x08A4,0x0884,0x08A5,0x10E6,0x1128,0x1127,0x08E6,0x08A4,0x08A4,0x10E6,0x10E6,
0x08C5,0x08A4,0x08C5,0x1128,0x1948,0x1148,0x1148,0x1948,0x1148,0x1127,0x1148,0x1148,0x1148,0x1148,0x1107,0x10E6,
0x08A4,0x08A4,0x10E5,0x10E6,0x1127,0x1989,0x1969,0x1969,0x198A,0x21AA,0x21CB,0x21CB,0x21CB,0x21EC,0x2A4D,0x2A4D,
0x2A4D,0x2A2D,0x21CB,0x2189,0x21A9,0x21CA,0x21CB,0x2A0C,0x2A0C,0x21CB,0x21CA,0x1968,0x1947,0x1948,0x1948,0x2189,
0x21CB,0x29EB,0x29EC,0x2A0C,0x2A2C,0x2A0C,0x2A2C,0x322C,0x326D,0x326D,0x322C,0x2A0B,0x2A0B,0x29CA,0x21A9,0x2188,
0x29C9,0x322B,0x42AE,0x3A8D,0x3A4C,0x3A8D,0x42EF,0x42CE,0x42CE,0x42CE,0x42EF,0x4B30,0x4B30,0x4B30,0x4AEE,0x42AD,
0x428C,0x428D,0x4ACE,0x4AEE,0x4B0F,0x5330,0x532F,0x4B0F,0x4B2F,0x5350,0x5371,0x5B71,0x5B91,0x5B92,0x5B92,0x5B92,
0x5B92,0x5B91,0x5371,0x5371,0x5B92,0x5B92,0x5371,0x5351,0x5371,0x5351,0x5350,0x5351,0x5330,0x4B30,0x4B0F,0x4AEF,
0x4AEF,0x4B0F,0x4B30,0x42CE,0x42AD,0x3A6C,0x3A4B,0x3A4C,0x42CE,0x428D,0x3A6C,0x3A6C,0x3A4C,0x3A6C,0x3A6C,0x322B,
0x3A6C,0x3A4C,0x29EA,0x3A6D,0x3A8E,0x322B,0x29EA,0x29EA,0x29CA,0x29EB,0x2A0B,0x2A0B,0x322C,0x2A2C,0x29EB,0x2A2C,
0x2A2C,0x21CA,0x2189,0x21A9,0x2189,0x21AA,0x21EB,0x29EC,0x21AA,0x1989,0x21AB,0x1989,0x1127,0x1148,0x10E6,0x08C5,
0x10E6,0x1107,0x1948,0x220C,0x2A4E,0x21EC,0x21CB,0x1969,0x1127,0x21AA,0x326E,0x324D,0x324D,0x324D,0x326D,0x328F,
0x3AAF,0x328E,0x326E,0x4331,0x4311,0x3AF0,0x3AAF,0x3AAF,0x328E,0x326E,0x2A2D,0x2A2D,0x3AAF,0x32AF,0x3AD0,0x326E,
0x21EC,0x21AB,0x21CB,0x21AB,0x198A,0x1969,0x1148,0x1127,0x1948,0x1949,0x1128,0x1128,0x1128,0x1128,0x1148,0x1107,
0x1107,0x1107,0x10E6,0x10E6,0x1107,0x10E7,0x10E7,0x08E7,0x08E7,0x08E7,0x1107,0x1107,0x08C6,0x0884,0x0884,0x0083,
0x0043,0x0063,0x0083,0x08A4,0x08A5,0x08A5,0x0884,0x0063,0x0063,0x0063,0x0883,0x08A5,0x1128,0x1128,0x0884,0x0884,
0x08A5,0x0883,0x0063,0x0884,0x08A4,0x08A4,0x08A4,0x08C5,0x08C5,0x08C6,0x1107,0x1148,0x1148,0x1107,0x10E6,0x1128,
0x116A,0x116A,0x198B,0x1149,0x1148,0x19CC,0x220D,0x19CC,0x198B,0x1149,0x1149,0x1149,0x1149,0x1149,0x1149,0x116A,
0x116A,0x116A,0x1149,0x1149,0x114A,0x114A,0x116A,0x118B,0x118B,0x114A,0x114A,0x114A,0x116A,0x1129,0x0908,0x08E7,
0x08E7,0x08E7,0x08C6,0x08A5,0x08A5,0x0084,0x0084,0x0084,0x0884,0x0084,0x0085,0x0085,0x0084,0x0084,0x0085,0x08A6,
0x08C6,0x08A6,0x0085,0x0085,0x0085,0x0084,0x0084,0x0064,0x0064,0x0064,0x0064,0x0063,0x0063,0x0064,0x0064,0x0063,
0x0064,0x0064,0x0043,0x0043,0x0064,0x0063,0x0043,0x0043,0x0042,0x0042,0x0043,0x0043,0x0042,0x0043,0x0043,0x0043,
0x0043,0x0042,0x0042,0x0043,0x0043,0x0043,0x0042,0x0042,0x0022,0x0022,0x0021,0x0021,0x0021,0x0021,0x0021,0x0021,
},
{0x0021,0x0021,0x0021,0x0021,0x0021,0x0021,0x0021,0x0022,0x0022,0x0042,0x0042,0x0063,0x0063,0x0064,0x0064,0x0064,
0x0084,0x0084,0x0085,0x08A5,0x08C6,0x08C7,0x0909,0x0909,0x0929,0x114A,0x0908,0x08C6,0x08C7,0x08A6,0x00A5,0x00A5,
0x08A6,0x08E7,0x0929,0x0908,0x0908,0x08E7,0x1129,0x08A5,0x0063,0x0043,0x0043,0x0043,0x0043,0x0043,0x0084,0x0885,
0x0085,0x0063,0x0043,0x0042,0x0042,0x0042,0x0042,0x0043,0x0063,0x0043,0x0042,0x0022,0x0022,0x0022,0x0022,0x0022,
0x0042,0x0042,0x0043,0x0063,0x0063,0x0063,0x0063,0x0064,0x0084,0x0064,0x0063,0x0064,0x0084,0x0063,0x0063,0x0064,
0x0084,0x0084,0x0084,0x0084,0x0084,0x0084,0x0084,0x0084,0x0084,0x08A5,0x08A5,0x08A5,0x08A5,0x08A5,0x08A5,0x08C6,
0x08E6,0x10E7,0x08E6,0x08E6,0x08E6,0x1128,0x198B,0x1149,0x1129,0x196A,0x19AB,0x19CC,0x19CC,0x21ED,0x222E,0x224F,
0x2A6F,0x2A6F,0x2A4E,0x21EC,0x19AB,0x21EC,0x21EC,0x21CB,0x21AB,0x21CC,0x2A2D,0x2A4E,0x2A2D,0x2A4E,0x21AB,0x1127,
0x198A,0x2189,0x10E6,0x10E5,0x10E6,0x1969,0x198A,0x1969,0x10E6,0x08A4,0x0884,0x0884,0x08C5,0x10E6,0x08A4,0x0883,
0x0863,0x0883,0x0884,0x08A4,0x08C5,0x08C6,0x08C5,0x08E6,0x1969,0x1149,0x08E6,0x10E6,0x1107,0x1969,0x1148,0x10E6,
0x08C5,0x08C5,0x1107,0x1148,0x1948,0x1128,0x1948,0x1948,0x1127,0x10E6,0x08C5,0x1127,0x1948,0x1107,0x10E6,0x08A4,
0x0884,0x08A4,0x10E5,0x10E5,0x1127,0x21AA,0x21AA,0x21AA,0x198A,0x21AA,0x21CB,0x21EB,0x21AA,0x21CB,0x29EC,0x2A0C,
0x2A0C,0x21AA,0x1968,0x1968,0x21AA,0x29EB,0x324D,0x322D,0x2A0B,0x21CA,0x21CA,0x2189,0x1968,0x1968,0x1968,0x29EB,
0x2A0C,0x2A0C,0x2A0C,0x2A0C,0x2A2D,0x324D,0x2A2C,0x29EB,0x2A0B,0x2A0B,0x2A0B,0x29EA,0x29C9,0x29EA,0x29A9,0x29EA,
0x322B,0x3A4C,0x3A6C,0x42AE,0x4AEF,0x42CE,0x3A6C,0x322B,0x3A4C,0x3A6C,0x4AEF,0x5330,0x4B0F,0x428D,0x426C,0x42AD,
0x42CD,0x42CE,0x4AEE,0x4B0F,0x532F,0x5330,0x5330,0x5371,0x5B71,0x5371,0x5371,0x5371,0x5371,0x5B71,0x5371,0x5B91,
0x5B92,0x5BB2,0x5BB2,0x5B92,0x5B92,0x5B92,0x5B92,0x5371,0x5B91,0x5B92,0x5351,0x5350,0x5330,0x4B0F,0x4B0F,0x4B0F,
0x4B0F,0x4B0F,0x4B0F,0x4B0F,0x4AEF,0x42AD,0x428D,0x3A4C,0x428D,0x42CE,0x42CE,0x428D,0x3A4C,0x428D,0x3A8D,0x3A8D,
0x42AE,0x3A4C,0x29EA,0x324C,0x322C,0x29EA,0x29EA,0x29EA,0x29EA,0x2A0B,0x2A0B,0x2A0B,0x2A0B,0x2A0B,0x29EB,0x322C,
0x2A2C,0x21CA,0x21CA,0x21AA,0x21AA,0x21CA,0x21AA,0x218A,0x1969,0x1989,0x21CB,0x21AA,0x1927,0x1948,0x1127,0x1127,
0x1107,0x1148,0x1969,0x198A,0x21CB,0x1969,0x1107,0x1106,0x21CB,0x2A4D,0x2A0C,0x2A2D,0x29EB,0x324D,0x3AD0,0x3ACF,
0x328E,0x2A2C,0x2A0C,0x4311,0x4331,0x42F0,0x3AF0,0x3AAF,0x328E,0x324D,0x326E,0x3AD0,0x3AF1,0x32AF,0x2A6E,0x2A0D,
0x1989,0x1969,0x21AA,0x1989,0x1949,0x1107,0x1107,0x1107,0x1969,0x1969,0x1128,0x1107,0x1128,0x1128,0x1128,0x1128,
0x1107,0x10E7,0x10E6,0x10E6,0x1107,0x1128,0x1107,0x08C6,0x08E6,0x08E7,0x1108,0x1107,0x08C6,0x0884,0x0063,0x0084,
0x0084,0x0063,0x0063,0x0063,0x0063,0x0063,0x0063,0x0884,0x08A4,0x08A5,0x08A5,0x08A5,0x08E6,0x08A5,0x0063,0x0042,
0x0883,0x0063,0x08A5,0x08C5,0x08C5,0x08E6,0x08C5,0x08C5,0x08E6,0x1128,0x1148,0x1128,0x1128,0x1128,0x1128,0x1149,
0x196A,0x19AB,0x196A,0x196A,0x19AB,0x198A,0x19AB,0x19CC,0x19AB,0x1149,0x1128,0x1169,0x1149,0x1149,0x1149,0x1149,
0x1149,0x1128,0x1149,0x198B,0x116A,0x198B,0x198B,0x19AC,0x19AD,0x19AC,0x118B,0x116B,0x1128,0x08E7,0x0907,0x08E7,
0x08E7,0x08E6,0x08A5,0x0884,0x0084,0x0084,0x08A5,0x08A5,0x0885,0x0885,0x08A5,0x08A5,0x0084,0x0084,0x08A5,0x08A5,
0x08A6,0x08A5,0x0085,0x0084,0x0064,0x0084,0x0064,0x0063,0x0064,0x0063,0x0063,0x0063,0x0043,0x0063,0x0064,0x0063,
0x0063,0x0043,0x0043,0x0043,0x0063,0x0063,0x0043,0x0043,0x0043,0x0043,0x0043,0x0043,0x0043,0x0043,0x0043,0x0043,
0x0043,0x0042,0x0042,0x0042,0x0042,0x0042,0x0042,0x0042,0x0022,0x0022,0x0021,0x0021,0x0021,0x0021,0x0021,0x0021,
},
{0x0021,0x0021,0x0021,0x0021,0x0021,0x0021,0x0021,0x0022,0x0022,0x0042,0x0042,0x0043,0x0043,0x0063,0x0063,0x0064,
0x0084,0x0084,0x0085,0x08A6,0x08C6,0x08E8,0x092A,0x092A,0x114A,0x0928,0x08E8,0x08E7,0x08E7,0x08C6,0x08A5,0x08A6,
0x08C6,0x08E7,0x08C6,0x08C6,0x08E8,0x114A,0x08E8,0x0084,0x0063,0x0063,0x0063,0x0063,0x0063,0x0064,0x0085,0x08A5,
0x0084,0x0063,0x0063,0x0043,0x0022,0x0022,0x0022,0x0022,0x0042,0x0042,0x0022,0x0022,0x0022,0x0042,0x0022,0x0022,
0x0063,0x0063,0x0042,0x0063,0x0063,0x0063,0x0064,0x0084,0x0084,0x0064,0x0064,0x0084,0x0084,0x0084,0x0064,0x0064,
0x0084,0x0084,0x0084,0x0084,0x0084,0x0084,0x0084,0x0884,0x0884,0x0884,0x08A5,0x08A5,0x08A5,0x08A5,0x08C6,0x08C6,
0x08E7,0x10E7,0x08E7,0x08E7,0x1128,0x196A,0x198B,0x19AB,0x19AC,0x19CC,0x19CC,0x19CC,0x19AC,0x19ED,0x224F,0x21ED,
0x21EC,0x2A6F,0x2A90,0x2A6F,0x220D,0x222D,0x2A2E,0x2A2E,0x220D,0x2A4E,0x2A6F,0x2A4E,0x21CB,0x21AA,0x1948,0x1127,
0x1127,0x10E6,0x08A4,0x10E6,0x1948,0x1969,0x1968,0x1107,0x08C5,0x08A4,0x08C5,0x0884,0x0063,0x0883,0x0883,0x0883,
0x0883,0x08A5,0x08A4,0x08C5,0x1969,0x19AB,0x1148,0x198A,0x21EC,0x1149,0x1127,0x1148,0x1969,0x196A,0x1148,0x1127,
0x10E6,0x1107,0x1148,0x1128,0x10E6,0x1128,0x1148,0x1127,0x10E6,0x08A4,0x10E6,0x1107,0x08C5,0x08C5,0x08A4,0x0884,
0x08A4,0x08C5,0x10C5,0x10E6,0x1127,0x1948,0x1968,0x1948,0x1989,0x21CB,0x21CB,0x21AA,0x19AA,0x21AA,0x2A0C,0x2A4D,
0x2A0C,0x21AA,0x1969,0x21CB,0x2A2C,0x324D,0x324D,0x29EB,0x2189,0x21CA,0x29EB,0x21CB,0x2189,0x1968,0x21CB,0x324D,
0x324D,0x2A0C,0x2A0C,0x2A2C,0x326D,0x322C,0x29CA,0x21A9,0x29EB,0x322C,0x322C,0x324C,0x324C,0x324C,0x320B,0x322B,
0x324C,0x3A4C,0x3A4C,0x42AD,0x5351,0x42CE,0x3A2B,0x3A8D,0x42AE,0x42CE,0x4B0F,0x4B0F,0x42CE,0x42AD,0x4B0F,0x4B0F,
0x5350,0x5371,0x5350,0x5330,0x5350,0x5351,0x5351,0x5371,0x5B71,0x5350,0x5330,0x5350,0x5350,0x5371,0x5B71,0x5B91,
0x5BB2,0x5BB2,0x5BB3,0x5BB2,0x5BB2,0x5B92,0x5BB2,0x5B92,0x5B92,0x5BB2,0x5B92,0x5371,0x5351,0x5330,0x4AEF,0x4B0F,
0x4B30,0x5330,0x5351,0x5350,0x4B0F,0x4AEE,0x42AD,0x3A6C,0x42CE,0x42CE,0x42AD,0x428D,0x428D,0x42AD,0x42CE,0x42EF,
0x42AD,0x322B,0x320B,0x322B,0x324C,0x29EA,0x29EA,0x320B,0x29EB,0x29CA,0x29EB,0x2A0B,0x2A2C,0x2A0C,0x21AA,0x21CA,
0x21A9,0x2189,0x21AA,0x21AA,0x21AA,0x2189,0x1969,0x1927,0x1927,0x218A,0x21EC,0x198A,0x1107,0x1948,0x1969,0x1948,
0x1148,0x1969,0x1989,0x198A,0x1989,0x1127,0x10E6,0x1106,0x1948,0x21A9,0x29EB,0x2A0B,0x2A0B,0x3A8E,0x326D,0x322C,
0x2A0C,0x29EB,0x326E,0x4332,0x4B52,0x4B52,0x4311,0x3AF0,0x3ACF,0x32AF,0x3AF1,0x3AD0,0x2A6E,0x2A4D,0x21EB,0x21AA,
0x198A,0x19AA,0x198A,0x1928,0x1107,0x10E6,0x10E6,0x1128,0x1949,0x1948,0x1148,0x1969,0x196A,0x1149,0x1128,0x1107,
0x10E6,0x10E6,0x08E6,0x1107,0x1128,0x1108,0x08E6,0x08C5,0x08C6,0x1107,0x1128,0x10E7,0x08C5,0x08C6,0x08C5,0x08A4,
0x08A5,0x0063,0x0042,0x0042,0x0042,0x0042,0x0042,0x0063,0x0884,0x0863,0x08A5,0x10E6,0x08A5,0x0884,0x0063,0x0042,
0x0063,0x08A5,0x10E6,0x10E6,0x08C6,0x08C5,0x08A4,0x08A4,0x1107,0x1149,0x1149,0x10E7,0x1107,0x1128,0x1148,0x19AB,
0x19CC,0x21CC,0x21EC,0x21ED,0x19AB,0x196A,0x198A,0x196A,0x1169,0x1149,0x1149,0x116A,0x116A,0x1149,0x198A,0x196A,
0x196A,0x116A,0x116A,0x198B,0x19AB,0x198B,0x118B,0x19CD,0x19EE,0x19EE,0x19CD,0x118B,0x1129,0x1128,0x0908,0x0907,
0x08E7,0x08C6,0x08A5,0x0084,0x0084,0x08A5,0x08A5,0x08A5,0x08A5,0x08A5,0x08A5,0x0085,0x0084,0x0084,0x0885,0x08A5,
0x08A5,0x08A5,0x0084,0x0064,0x0063,0x0064,0x0064,0x0064,0x0063,0x0043,0x0043,0x0043,0x0043,0x0063,0x0064,0x0043,
0x0043,0x0043,0x0043,0x0043,0x0043,0x0043,0x0063,0x0063,0x0043,0x0043,0x0063,0x0063,0x0043,0x0063,0x0063,0x0043,
0x0043,0x0043,0x0042,0x0042,0x0042,0x0042,0x0042,0x0042,0x0022,0x0021,0x0021,0x0021,0x0021,0x0021,0x0021,0x0021,
},
{0x0021,0x0021,0x0021,0x0021,0x0021,0x0021,0x0021,0x0021,0x0022,0x0022,0x0042,0x0042,0x0042,0x0043,0x0084,0x0084,
0x0085,0x00A5,0x08A6,0x08E7,0x08E7,0x0908,0x0929,0x0908,0x08C6,0x08C6,0x08E7,0x08E7,0x08E7,0x08E7,0x08C6,0x08C7,
0x08C6,0x08C7,0x08E7,0x00A5,0x00A5,0x08C6,0x0885,0x0084,0x0063,0x0043,0x0063,0x0064,0x0063,0x0064,0x08C6,0x08A6,
0x0084,0x0084,0x0063,0x0042,0x0022,0x0022,0x0022,0x0022,0x0022,0x0022,0x0022,0x0022,0x0042,0x0042,0x0022,0x0022,
0x0063,0x0063,0x0043,0x0064,0x0064,0x0064,0x0064,0x0084,0x0084,0x0084,0x0084,0x0084,0x0084,0x0084,0x0084,0x0084,
0x0084,0x0084,0x0084,0x0084,0x0084,0x0084,0x08A5,0x08A5,0x08A5,0x08A5,0x08C5,0x08C5,0x08A5,0x08A5,0x08C6,0x08E7,
0x1107,0x08E7,0x1107,0x1128,0x196A,0x19CC,0x19AC,0x19AB,0x19AC,0x198B,0x116A,0x19AC,0x19CC,0x222E,0x220D,0x198B,
0x19CB,0x2A6F,0x32B0,0x2A6F,0x2A6F,0x3290,0x3290,0x2A2E,0x21EC,0x2A4E,0x2A2D,0x1969,0x1948,0x198A,0x1948,0x1127,
0x1106,0x08A4,0x08A4,0x10E6,0x1106,0x10C5,0x10E6,0x1107,0x10E6,0x08C5,0x08A4,0x0863,0x0062,0x0063,0x0883,0x08C5,
0x10E6,0x10E6,0x10E6,0x1107,0x1149,0x196A,0x1107,0x21EC,0x21CB,0x1949,0x1949,0x1148,0x1969,0x1148,0x1148,0x1148,
0x1127,0x1948,0x1969,0x1127,0x08C5,0x10E6,0x1127,0x10E6,0x08C5,0x08C5,0x10E6,0x1106,0x08C5,0x10C5,0x08A4,0x08A4,
0x10E6,0x1106,0x1106,0x1127,0x1127,0x1127,0x1127,0x1948,0x1989,0x21EC,0x21EB,0x21CB,0x21EC,0x2A0C,0x21EB,0x21EB,
0x21CB,0x21CA,0x21EB,0x2A2D,0x2A4D,0x29EB,0x21A9,0x1968,0x21AA,0x2A0C,0x21CA,0x218A,0x1948,0x1968,0x2A2D,0x326E,
0x326D,0x2A0C,0x2A0C,0x326E,0x326D,0x2189,0x1968,0x21CA,0x322C,0x3A6D,0x326D,0x322C,0x324C,0x3A6D,0x3A6D,0x3A8D,
0x3A8E,0x3A6D,0x322B,0x3A6C,0x42CE,0x3A6C,0x3A6C,0x428D,0x42CE,0x4B10,0x4B0F,0x4AEE,0x3A6C,0x426C,0x532F,0x5371,
0x5B71,0x5B92,0x5B71,0x5350,0x5371,0x5B71,0x5B71,0x5350,0x5350,0x5350,0x5350,0x5B71,0x5B71,0x5B91,0x5BB2,0x5BD3,
0x63D3,0x63D3,0x63D3,0x63D3,0x5BD3,0x5BB3,0x5BB3,0x5BB2,0x5BB2,0x5BB2,0x5B92,0x5B91,0x5B92,0x5351,0x4B0F,0x4AEF,
0x4B30,0x5350,0x5351,0x5350,0x4B0F,0x42CE,0x42AD,0x4ACE,0x4AEF,0x4AEE,0x3A6C,0x3A4C,0x3A6C,0x42CE,0x4AEF,0x42AE,
0x3A6C,0x322B,0x320B,0x3A6C,0x322C,0x2188,0x2A0B,0x3A6D,0x322C,0x29EA,0x29EA,0x2A2C,0x324D,0x2A0B,0x2189,0x1968,
0x1948,0x2168,0x21AA,0x2A0C,0x29EB,0x2189,0x1948,0x1127,0x1968,0x21CB,0x21EB,0x1969,0x1948,0x198A,0x19AA,0x198A,
0x198A,0x1948,0x1948,0x19AB,0x198A,0x1948,0x1947,0x1927,0x1947,0x2188,0x29EB,0x322C,0x3A8E,0x3A6D,0x322C,0x322C,
0x2A0B,0x324D,0x4311,0x4311,0x4331,0x4311,0x3AD0,0x42F0,0x4332,0x3B11,0x32AF,0x2A6E,0x220C,0x21CB,0x198A,0x1969,
0x198A,0x21AA,0x1948,0x1127,0x1107,0x10E6,0x1107,0x1148,0x1969,0x1969,0x196A,0x1969,0x1148,0x1128,0x10E6,0x08E6,
0x08E6,0x08E6,0x1107,0x1128,0x1128,0x08E7,0x1107,0x1107,0x1107,0x1149,0x1128,0x08A5,0x0884,0x08C5,0x08A5,0x08A5,
0x08A5,0x0063,0x0042,0x0042,0x0042,0x0042,0x0063,0x0063,0x0063,0x0042,0x0063,0x10E6,0x1107,0x0883,0x0063,0x0042,
0x0884,0x1106,0x10C6,0x08A4,0x08A5,0x08C5,0x08C5,0x1107,0x1149,0x1128,0x1128,0x1149,0x198A,0x196A,0x19AB,0x21ED,
0x222E,0x2A70,0x2A70,0x19ED,0x198A,0x1149,0x1148,0x1169,0x1149,0x1149,0x116A,0x196A,0x1149,0x1149,0x1149,0x198A,
0x19AB,0x198B,0x198B,0x198B,0x19AC,0x118B,0x19ED,0x220E,0x19EE,0x19ED,0x19CD,0x198B,0x1149,0x1129,0x1108,0x1108,
0x08E7,0x08C6,0x08A5,0x0084,0x08A5,0x08A5,0x08A5,0x08A5,0x08A6,0x08A5,0x08A5,0x08A6,0x0084,0x0084,0x0085,0x0084,
0x0085,0x0085,0x0084,0x0063,0x0063,0x0084,0x0084,0x0064,0x0043,0x0043,0x0043,0x0043,0x0043,0x0063,0x0063,0x0043,
0x0043,0x0042,0x0042,0x0043,0x0043,0x0043,0x0064,0x0064,0x0063,0x0043,0x0063,0x0063,0x0063,0x0063,0x0063,0x0043,
0x0043,0x0043,0x0042,0x0042,0x0042,0x0043,0x0042,0x0042,0x0022,0x0021,0x0021,0x0021,0x0021,0x0021,0x0021,0x0021,
},
{0x0021,0x0021,0x0021,0x0021,0x0021,0x0021,0x0021,0x0022,0x0042,0x0042,0x0042,0x0042,0x0042,0x0063,0x0084,0x0084,
0x0085,0x08A6,0x08C7,0x08E7,0x0908,0x0909,0x0908,0x08C6,0x08A5,0x00A5,0x08A6,0x08C6,0x08E7,0x08E7,0x08E7,0x08E7,
0x08C6,0x08C6,0x08C6,0x0085,0x08A5,0x08C6,0x0885,0x0064,0x0063,0x0043,0x0064,0x0084,0x0084,0x0063,0x08C6,0x08A6,
0x0084,0x0064,0x0043,0x0042,0x0022,0x0022,0x0021,0x0021,0x0021,0x0022,0x0022,0x0042,0x0042,0x0042,0x0042,0x0042,
0x0042,0x0063,0x0063,0x0084,0x0064,0x0063,0x0064,0x0064,0x0084,0x0084,0x0084,0x0084,0x08A5,0x0085,0x0084,0x0084,
0x0084,0x0084,0x0084,0x0084,0x0084,0x08A5,0x08A5,0x08A5,0x08C6,0x08C6,0x08E6,0x08C6,0x08C5,0x08C6,0x08E6,0x1107,
0x1128,0x1128,0x1149,0x116A,0x19AC,0x19CC,0x198B,0x116A,0x198A,0x198A,0x196A,0x222E,0x32B1,0x2A90,0x21ED,0x222E,
0x220D,0x2A4E,0x32B0,0x2A8F,0x32B0,0x32B0,0x2A6F,0x2A2D,0x21CB,0x21AA,0x1948,0x10E5,0x1948,0x1969,0x10E6,0x08C5,
0x08C5,0x08C5,0x10E6,0x1107,0x1927,0x1107,0x10E6,0x10E6,0x0884,0x0883,0x0042,0x0042,0x0062,0x0883,0x10E6,0x1107,
0x10E6,0x08C5,0x1107,0x1149,0x1169,0x198A,0x1128,0x198A,0x1969,0x1107,0x1128,0x1128,0x1969,0x1948,0x1148,0x1127,
0x1948,0x1969,0x1148,0x1107,0x08C5,0x08C5,0x1107,0x08A4,0x08C5,0x10E6,0x08C5,0x08C5,0x10C5,0x10E6,0x10E6,0x1106,
0x1148,0x1948,0x1948,0x1948,0x1948,0x1948,0x1968,0x1989,0x21AA,0x21EB,0x2A0C,0x2A0C,0x21CB,0x21CB,0x21AA,0x21AA,
0x21CB,0x29EB,0x2A2D,0x2A2D,0x29EB,0x2189,0x21A9,0x21AA,0x29EB,0x29EB,0x21AA,0x218A,0x21AA,0x21CB,0x2A4D,0x326E,
0x326D,0x29EB,0x29EB,0x324D,0x29EB,0x2168,0x2168,0x29EA,0x324D,0x3A8E,0x3A6D,0x324C,0x3A6C,0x3A8D,0x42AE,0x42AE,
0x3A8D,0x3A6C,0x31EA,0x3A6C,0x3A8D,0x3A4B,0x428D,0x4AEF,0x4AEF,0x5330,0x5350,0x42CD,0x428C,0x4ACD,0x4B0F,0x5350,
0x5350,0x5330,0x532F,0x5350,0x5371,0x5350,0x532F,0x5371,0x5371,0x5B71,0x5B92,0x5BB2,0x5BB2,0x5BD3,0x63D3,0x63D3,
0x63F3,0x63F3,0x63F3,0x63F3,0x63D3,0x63D3,0x5BB2,0x5B92,0x5BB2,0x5BB2,0x5B92,0x5B91,0x5B92,0x5371,0x4B0F,0x4B0F,
0x5B71,0x5371,0x5371,0x5330,0x4AEF,0x4ACE,0x4AEE,0x4B0F,0x4AEF,0x4AEE,0x428C,0x3A6C,0x42AE,0x42CE,0x42CE,0x3A6C,
0x322B,0x320B,0x322B,0x320B,0x29CA,0x2A0B,0x2A0A,0x320B,0x320B,0x320B,0x324C,0x324D,0x326D,0x2A0B,0x2189,0x1968,
0x2168,0x21AA,0x2A0C,0x322D,0x2A2C,0x2189,0x1948,0x1968,0x21AA,0x21EB,0x218A,0x1968,0x1948,0x21AA,0x21CB,0x21CB,
0x21AB,0x198A,0x1989,0x198A,0x198A,0x1927,0x1127,0x1968,0x21A9,0x29EB,0x322C,0x326D,0x322C,0x324C,0x322C,0x326D,
0x3A6E,0x4311,0x4331,0x3AD0,0x326E,0x2A2D,0x2A2C,0x2A0C,0x328E,0x32AF,0x2A4E,0x2A0D,0x21AA,0x198A,0x1969,0x198A,
0x21CB,0x21AA,0x1128,0x1107,0x10E6,0x10C5,0x10E6,0x1128,0x1969,0x196A,0x1969,0x1149,0x1128,0x10E7,0x10E6,0x10E6,
0x1107,0x1107,0x1128,0x1128,0x1128,0x1128,0x1149,0x1149,0x1128,0x1107,0x08A4,0x0063,0x08A5,0x08C5,0x08C6,0x08C5,
0x0084,0x0042,0x0042,0x0042,0x0042,0x0063,0x0063,0x0063,0x0063,0x0063,0x08A5,0x1949,0x10E6,0x0863,0x0063,0x0063,
0x0863,0x08C5,0x08A5,0x08A4,0x08C6,0x1969,0x19AB,0x198A,0x1149,0x198B,0x19CC,0x21ED,0x220E,0x19CC,0x19CC,0x220E,
0x224F,0x222F,0x220E,0x19AC,0x198A,0x116A,0x1149,0x196A,0x196A,0x116A,0x198A,0x198A,0x196A,0x196A,0x196A,0x1149,
0x1149,0x1128,0x1107,0x1149,0x19CC,0x19ED,0x19AC,0x1149,0x118B,0x21EE,0x19CC,0x116A,0x1128,0x1108,0x1108,0x08C6,
0x08A5,0x08A5,0x08A5,0x0084,0x0084,0x0085,0x0085,0x0084,0x0084,0x0084,0x08A5,0x08C6,0x08A5,0x0085,0x0084,0x0084,
0x0084,0x0084,0x0085,0x0084,0x0064,0x0084,0x0084,0x0063,0x0043,0x0043,0x0042,0x0042,0x0043,0x0063,0x0063,0x0043,
0x0042,0x0042,0x0042,0x0042,0x0022,0x0042,0x0063,0x0064,0x0064,0x0043,0x0043,0x0043,0x0063,0x0043,0x0043,0x0043,
0x0043,0x0043,0x0042,0x0042,0x0043,0x0063,0x0042,0x0042,0x0022,0x0021,0x0021,0x0021,0x0021,0x0021,0x0021,0x0021,
},
{0x0021,0x0021,0x0021,0x0021,0x0021,0x0021,0x0021,0x0022,0x0042,0x0042,0x0042,0x0042,0x0043,0x0043,0x0064,0x0085,
0x00A5,0x08C6,0x08E7,0x08C6,0x08A6,0x08C6,0x08E7,0x08A6,0x08A6,0x0085,0x00A5,0x08C6,0x08C7,0x08E7,0x08E7,0x08E8,
0x0908,0x0908,0x08C6,0x08C6,0x08A5,0x0085,0x0063,0x0043,0x0043,0x0063,0x0085,0x08A6,0x00A5,0x0084,0x08A5,0x0084,
0x0064,0x0063,0x0063,0x0043,0x0022,0x0022,0x0021,0x0021,0x0021,0x0022,0x0022,0x0022,0x0022,0x0042,0x0042,0x0043,
0x0063,0x0064,0x0064,0x0064,0x0063,0x0064,0x0084,0x0064,0x0084,0x0064,0x0063,0x0084,0x0084,0x0084,0x0885,0x08A5,
0x08A5,0x08A5,0x0085,0x0084,0x0084,0x0885,0x08A5,0x08C6,0x08C6,0x08C6,0x08C6,0x08C6,0x08E6,0x08E7,0x1107,0x1149,
0x1149,0x1149,0x198B,0x19AB,0x198B,0x1128,0x1149,0x1129,0x1149,0x19AB,0x19CC,0x2A6F,0x2A6F,0x19CC,0x21ED,0x2A70,
0x2A4F,0x2A4F,0x2A8F,0x2A8F,0x2A6F,0x2A0D,0x220C,0x198A,0x1948,0x1127,0x1107,0x1948,0x1948,0x10E6,0x08A4,0x08C5,
0x10E6,0x10E6,0x1107,0x1127,0x10E6,0x08C5,0x08C5,0x0883,0x0042,0x0042,0x0883,0x08A4,0x08A5,0x0884,0x08A5,0x08A5,
0x0884,0x0884,0x1148,0x19AB,0x220D,0x21EC,0x198A,0x1148,0x08E6,0x10E6,0x1107,0x1128,0x1128,0x1107,0x1107,0x1127,
0x1148,0x1107,0x10E6,0x10E6,0x1107,0x1127,0x1107,0x08A4,0x0883,0x08A4,0x08A4,0x08C5,0x10E6,0x1107,0x1107,0x1127,
0x1948,0x1969,0x19AA,0x21CB,0x21CB,0x21CB,0x21AA,0x19AA,0x21AA,0x21CB,0x21EC,0x21CB,0x2189,0x21AA,0x21AA,0x2A2D,
0x2A2C,0x324D,0x324D,0x21AA,0x2189,0x21AA,0x21CB,0x2A0C,0x21CB,0x21AA,0x21CB,0x2A0C,0x2A2D,0x2A2D,0x324D,0x2A2D,
0x29CA,0x21AA,0x2A0C,0x322C,0x21CA,0x29EA,0x322C,0x3AAE,0x3A8E,0x322C,0x324C,0x3AAE,0x42CE,0x42AE,0x3A8D,0x3A6D,
0x324C,0x3A6D,0x3A6C,0x3A8D,0x3A8D,0x42AE,0x4B0F,0x4B30,0x5350,0x5330,0x4AEE,0x42AD,0x4AEE,0x4B0F,0x4B0F,0x4B0F,
0x530F,0x4AEE,0x5350,0x5350,0x5330,0x4AEE,0x4AEE,0x5351,0x5B91,0x5B71,0x5B92,0x5BB2,0x5BB2,0x5BD3,0x63D3,0x63F3,
0x63F3,0x63F3,0x63F3,0x63F3,0x63D3,0x5BB3,0x5B92,0x5BB2,0x5BB2,0x5BB2,0x5B92,0x5371,0x5371,0x5330,0x5330,0x5371,
0x5B92,0x5B91,0x5350,0x4AEF,0x4ACE,0x42CE,0x4B0F,0x4B0F,0x4B0F,0x42CE,0x3A6C,0x3A4B,0x428D,0x428D,0x428D,0x3A8D,
0x3A6C,0x320B,0x31EA,0x29EA,0x322B,0x3A6D,0x322C,0x2A0B,0x29EB,0x2A2C,0x324D,0x324D,0x2A0B,0x21CA,0x2189,0x21A9,
0x21CA,0x2A0B,0x322C,0x324D,0x29EC,0x1989,0x2189,0x2189,0x1989,0x21AA,0x1989,0x1948,0x1927,0x198A,0x21CB,0x21CB,
0x2A2D,0x220D,0x21EC,0x198A,0x1927,0x1106,0x1927,0x21AA,0x322C,0x3AAF,0x3AAF,0x3A8E,0x324D,0x2188,0x21A9,0x324D,
0x3AAF,0x42F0,0x3AAF,0x2A0B,0x21A9,0x21AA,0x2A0C,0x326E,0x328F,0x2A4E,0x2A0D,0x21EC,0x198A,0x1969,0x1128,0x1969,
0x198A,0x1948,0x1106,0x10E6,0x10E5,0x10E6,0x1107,0x1148,0x1969,0x1969,0x1149,0x1128,0x1107,0x08E6,0x10E6,0x1128,
0x1149,0x1149,0x1129,0x1107,0x1128,0x116A,0x198B,0x1108,0x08A5,0x0084,0x08A5,0x08E6,0x08E7,0x08E7,0x08C6,0x0063,
0x0042,0x0042,0x0042,0x0063,0x08A4,0x08C5,0x0884,0x0884,0x0863,0x08A4,0x1127,0x10E6,0x0063,0x0062,0x0063,0x0063,
0x08A4,0x10E6,0x10E6,0x10E6,0x198A,0x220D,0x220D,0x198A,0x198A,0x2A4F,0x2A6F,0x220E,0x19ED,0x21ED,0x19CC,0x220E,
0x220E,0x19ED,0x19CC,0x19AB,0x198A,0x1149,0x1169,0x196A,0x196A,0x198A,0x196A,0x196A,0x196A,0x116A,0x1149,0x08E7,
0x08A5,0x08A5,0x08C6,0x1149,0x19CD,0x1149,0x08C6,0x08E7,0x1149,0x198B,0x196B,0x1149,0x1149,0x1107,0x08C5,0x0084,
0x0064,0x08A5,0x08A6,0x08A5,0x0084,0x0084,0x0084,0x0084,0x0064,0x0064,0x0084,0x08C6,0x08C6,0x08A6,0x0085,0x0084,
0x0064,0x0063,0x0064,0x0064,0x0063,0x0063,0x0063,0x0043,0x0042,0x0042,0x0042,0x0043,0x0063,0x0064,0x0063,0x0042,
0x0042,0x0042,0x0042,0x0022,0x0022,0x0042,0x0043,0x0063,0x0043,0x0043,0x0043,0x0043,0x0043,0x0043,0x0043,0x0043,
0x0043,0x0042,0x0042,0x0042,0x0043,0x0043,0x0043,0x0042,0x0022,0x0022,0x0021,0x0021,0x0021,0x0021,0x0021,0x0021,
},
{0x0021,0x0021,0x0021,0x0021,0x0021,0x0021,0x0021,0x0022,0x0042,0x0043,0x0043,0x0043,0x0063,0x0043,0x0043,0x0084,
0x00A5,0x08C6,0x08E7,0x00A5,0x0085,0x00A5,0x08C6,0x08C6,0x08A6,0x08C6,0x08A5,0x0085,0x08A6,0x08E7,0x0908,0x0908,
0x116B,0x116B,0x114A,0x0909,0x0085,0x0063,0x0043,0x0063,0x0043,0x0043,0x0084,0x0084,0x0064,0x0063,0x0063,0x0063,
0x0042,0x0043,0x0043,0x0042,0x0042,0x0022,0x0021,0x0022,0x0042,0x0022,0x0022,0x0022,0x0022,0x0042,0x0042,0x0043,
0x0043,0x0043,0x0063,0x0063,0x0063,0x0064,0x0084,0x0063,0x0064,0x0064,0x0084,0x0084,0x0084,0x0085,0x08A5,0x08A5,
0x08A5,0x08A5,0x08A5,0x0084,0x0884,0x08A5,0x08A5,0x08A5,0x08A5,0x08C5,0x08C6,0x08E6,0x08E6,0x1107,0x1149,0x114A,
0x116A,0x198B,0x198B,0x198A,0x1149,0x1128,0x1128,0x1128,0x1169,0x196A,0x1128,0x198B,0x198B,0x198A,0x21ED,0x2A4F,
0x2A6F,0x2A8F,0x2A6F,0x2A6F,0x2A2E,0x198A,0x1127,0x1948,0x21AB,0x21AA,0x1969,0x1969,0x1127,0x08A5,0x08C5,0x10E5,
0x08C5,0x10E6,0x10E5,0x08A4,0x0063,0x0042,0x0063,0x0063,0x0063,0x0883,0x08C5,0x10E6,0x08C5,0x0883,0x0884,0x08A4,
0x0883,0x08E6,0x198A,0x19CC,0x21EC,0x198B,0x1107,0x1128,0x1128,0x1128,0x10E6,0x1107,0x10E6,0x10E6,0x1107,0x1148,
0x1107,0x08C5,0x08A4,0x10E6,0x1128,0x1148,0x1127,0x08C5,0x08A4,0x08C5,0x10E5,0x1107,0x1127,0x1127,0x1127,0x1948,
0x1969,0x19AA,0x21EC,0x21CB,0x21EB,0x29EC,0x21EC,0x21EB,0x21AB,0x1989,0x1969,0x1969,0x21AA,0x21CB,0x21EB,0x326E,
0x2A0C,0x2A0C,0x21CA,0x21AA,0x21CB,0x21EB,0x21EC,0x2A0C,0x21CB,0x21AA,0x21CB,0x2A2D,0x324D,0x324D,0x29EB,0x2168,
0x1947,0x2168,0x322C,0x2A0B,0x29EB,0x326D,0x3A8E,0x3A8D,0x324C,0x322C,0x326D,0x42CF,0x42F0,0x42CE,0x3A8D,0x3A8D,
0x3A8D,0x3A8D,0x3A8D,0x42AE,0x42AE,0x4ACE,0x4B0F,0x4AEF,0x4AEE,0x4AEF,0x4ACE,0x4B0F,0x5330,0x4AEE,0x4ACE,0x4ACE,
0x4AEE,0x532F,0x5351,0x5350,0x4AEE,0x4ACE,0x5350,0x5371,0x5B71,0x5371,0x5B91,0x5B92,0x5B92,0x5B92,0x5BB2,0x63D3,
0x63F3,0x63F3,0x63F3,0x63F3,0x5BD2,0x5B92,0x5B92,0x5BB2,0x5BB2,0x5B92,0x5371,0x5371,0x5371,0x5371,0x5B91,0x5B91,
0x5371,0x5350,0x4B0F,0x4ACE,0x4ACE,0x4AEF,0x4B0F,0x4AEF,0x4ACE,0x428C,0x3A6C,0x3A6C,0x3A4C,0x428D,0x428D,0x3A4C,
0x322B,0x31EA,0x320A,0x324C,0x3A8D,0x3A6D,0x324C,0x322B,0x2A0B,0x2A0B,0x2A0C,0x2A0B,0x21A9,0x2189,0x2189,0x21AA,
0x21CA,0x21CA,0x29EB,0x29EB,0x21AA,0x1948,0x1968,0x218A,0x218A,0x198A,0x21AB,0x21EB,0x21EC,0x220C,0x21EB,0x21EB,
0x2A4D,0x2A4E,0x21EC,0x1948,0x1106,0x1927,0x21A9,0x324D,0x3AAF,0x42F0,0x42F0,0x3A6E,0x322C,0x324C,0x322C,0x324C,
0x3AAF,0x3AAF,0x2A0C,0x2189,0x21CA,0x326E,0x3AD0,0x32AF,0x2A2D,0x21CB,0x198A,0x1969,0x1928,0x1127,0x1989,0x21AA,
0x1948,0x1127,0x10E6,0x10E6,0x1107,0x1148,0x1969,0x1969,0x1148,0x1128,0x1128,0x1107,0x10E6,0x10E7,0x1107,0x1149,
0x116A,0x116A,0x1128,0x1107,0x1149,0x116A,0x116A,0x08E6,0x0063,0x08C6,0x1149,0x116A,0x1149,0x08E7,0x0884,0x0042,
0x0042,0x0042,0x0042,0x0884,0x1107,0x08E6,0x08C6,0x08E6,0x10E6,0x10E7,0x10E6,0x0063,0x0042,0x0063,0x08A4,0x10E6,
0x1107,0x1128,0x1107,0x1128,0x198A,0x19CB,0x19AB,0x198B,0x222E,0x2A6F,0x2A6F,0x220D,0x19CC,0x19CC,0x19AC,0x222E,
0x19ED,0x198A,0x196A,0x198B,0x198B,0x196A,0x198A,0x116A,0x1169,0x1149,0x1149,0x1108,0x1107,0x1107,0x1107,0x08E6,
0x1107,0x1149,0x114A,0x19CC,0x116A,0x08E7,0x08C5,0x08E7,0x08E7,0x1149,0x1128,0x1128,0x1128,0x08E6,0x0084,0x0063,
0x0084,0x08A5,0x08A5,0x08A5,0x0084,0x0084,0x0084,0x0084,0x0064,0x0084,0x0084,0x00A5,0x08C6,0x08A6,0x00A6,0x0085,
0x0064,0x0063,0x0063,0x0063,0x0063,0x0063,0x0063,0x0043,0x0043,0x0043,0x0043,0x0063,0x0063,0x0063,0x0043,0x0042,
0x0042,0x0042,0x0042,0x0022,0x0022,0x0042,0x0043,0x0043,0x0043,0x0042,0x0042,0x0042,0x0042,0x0043,0x0043,0x0043,
0x0043,0x0042,0x0043,0x0043,0x0043,0x0042,0x0042,0x0042,0x0022,0x0022,0x0022,0x0021,0x0021,0x0021,0x0021,0x0021,
},
{0x0021,0x0021,0x0021,0x0021,0x0021,0x0021,0x0021,0x0022,0x0042,0x0043,0x0043,0x0063,0x0043,0x0042,0x0043,0x0063,
0x0085,0x08C7,0x08C6,0x0085,0x0084,0x0085,0x08A6,0x08C6,0x08A6,0x08C6,0x08C7,0x08A5,0x00A6,0x08C7,0x08C6,0x0908,
0x114A,0x116A,0x0929,0x0908,0x08C7,0x00A5,0x0084,0x0063,0x0043,0x0043,0x0063,0x0043,0x0043,0x0042,0x0022,0x0022,
0x0022,0x0042,0x0042,0x0022,0x0022,0x0022,0x0022,0x0042,0x0043,0x0042,0x0022,0x0022,0x0042,0x0042,0x0042,0x0042,
0x0043,0x0063,0x0063,0x0043,0x0063,0x0063,0x0063,0x0063,0x0063,0x0084,0x0084,0x0084,0x08A5,0x08A5,0x08A5,0x08A5,
0x08A5,0x08A5,0x08A5,0x0084,0x08A5,0x08A5,0x08C6,0x08C6,0x08C6,0x08E6,0x08E7,0x10E7,0x08E6,0x1108,0x116A,0x19CC,
0x19AC,0x198B,0x198A,0x1149,0x1128,0x1149,0x196A,0x116A,0x1149,0x1149,0x1149,0x198A,0x198A,0x116A,0x21ED,0x2A4F,
0x2A6F,0x2A8F,0x2A8F,0x2A4E,0x2A2D,0x2A4E,0x19AB,0x1127,0x1969,0x1948,0x1948,0x1969,0x1948,0x10E6,0x08C5,0x08C5,
0x08C5,0x08A4,0x0883,0x0042,0x0042,0x0042,0x0042,0x0884,0x08A4,0x0884,0x08A4,0x10E6,0x08A4,0x0063,0x0884,0x08A5,
0x08A4,0x1148,0x198A,0x196A,0x198A,0x198A,0x1128,0x196A,0x196A,0x1107,0x1107,0x10E6,0x1107,0x1128,0x1128,0x1128,
0x10E6,0x08A4,0x08A4,0x10E6,0x1127,0x1127,0x1107,0x10E6,0x08C5,0x10E5,0x10E6,0x1106,0x1948,0x1948,0x1948,0x198A,
0x21EC,0x220C,0x21AB,0x1969,0x1969,0x1969,0x21AA,0x1969,0x1948,0x1927,0x1948,0x1969,0x21AA,0x21EB,0x2A2C,0x2A0C,
0x2189,0x1968,0x2189,0x21AA,0x21CB,0x21EC,0x2A2D,0x21CB,0x1968,0x1989,0x2A0C,0x2A0C,0x2A2D,0x21EB,0x1927,0x1106,
0x1106,0x2188,0x2A0B,0x29CA,0x2A0B,0x324C,0x324C,0x324C,0x322B,0x326D,0x3AAE,0x42F0,0x3AAE,0x324C,0x3A6C,0x3A6D,
0x3A4C,0x3A6C,0x42AE,0x42EF,0x42CE,0x42CE,0x42CE,0x42CD,0x4AEF,0x4AEF,0x4AEF,0x4AEF,0x4AEF,0x42AD,0x4ACD,0x4AEE,
0x4AEE,0x5330,0x5330,0x532F,0x42CD,0x4AEF,0x5B71,0x5B71,0x5351,0x5350,0x5371,0x5B71,0x5B91,0x5BB2,0x5BB2,0x5BB2,
0x5BB3,0x63D3,0x63D3,0x63D3,0x5BB2,0x5B92,0x5B92,0x5B92,0x5B91,0x5371,0x5371,0x5B92,0x5B92,0x5B92,0x5B92,0x5371,
0x532F,0x4AEE,0x4B0F,0x4B0F,0x4AEF,0x4B0F,0x4ACE,0x42CE,0x42AD,0x428D,0x42AE,0x4ACE,0x42AD,0x3A6C,0x320A,0x31E9,
0x29C9,0x322B,0x3A6C,0x3A6D,0x42CF,0x3AAE,0x326D,0x3A6D,0x324C,0x29CA,0x29CA,0x21CA,0x29CA,0x29CA,0x29EB,0x2A0C,
0x29EB,0x29EB,0x2A0C,0x21AA,0x1948,0x1106,0x1106,0x1948,0x1948,0x19AA,0x21EC,0x21EC,0x21EB,0x21EC,0x21EC,0x2A2D,
0x328F,0x328F,0x21CB,0x1948,0x1906,0x1927,0x2189,0x2A0C,0x3AAF,0x42F0,0x42F0,0x3A8E,0x326D,0x324D,0x29EB,0x324D,
0x324D,0x326E,0x2A0C,0x21AA,0x21CB,0x2A2D,0x2A4D,0x2A0C,0x21AB,0x1948,0x1107,0x10E6,0x10E5,0x1106,0x198A,0x1989,
0x1127,0x1107,0x1106,0x1127,0x1948,0x1969,0x1969,0x1128,0x1128,0x1128,0x1107,0x1107,0x1107,0x1128,0x116A,0x198A,
0x198B,0x196A,0x1128,0x196A,0x198B,0x198B,0x08E7,0x0063,0x08C6,0x1129,0x198B,0x19AC,0x1149,0x08C6,0x0084,0x0063,
0x0063,0x0063,0x0884,0x08A5,0x10E7,0x08C6,0x08C5,0x08C5,0x08A4,0x10E6,0x08C5,0x0883,0x0884,0x0884,0x08C5,0x08C5,
0x1107,0x08E6,0x10E6,0x1149,0x19AB,0x21ED,0x19AB,0x19AB,0x19ED,0x226F,0x2A6F,0x222E,0x19ED,0x198B,0x19AB,0x21ED,
0x19AC,0x1169,0x116A,0x198B,0x19AB,0x198B,0x196A,0x196A,0x116A,0x1128,0x1107,0x08C6,0x08C6,0x08A5,0x08E7,0x1149,
0x19CC,0x222F,0x222E,0x196A,0x08E6,0x08C5,0x0884,0x08C6,0x08A5,0x08C5,0x08C6,0x08A5,0x08E7,0x08A5,0x0064,0x0084,
0x08A5,0x08A6,0x08A6,0x08A5,0x0085,0x0084,0x0084,0x0085,0x00A5,0x00A5,0x00A5,0x00A6,0x08A6,0x00A5,0x0085,0x0084,
0x0064,0x0064,0x0064,0x0064,0x0064,0x0084,0x0064,0x0063,0x0063,0x0064,0x0064,0x0064,0x0043,0x0042,0x0022,0x0022,
0x0022,0x0042,0x0042,0x0042,0x0022,0x0042,0x0043,0x0063,0x0043,0x0042,0x0042,0x0042,0x0042,0x0042,0x0043,0x0043,
0x0043,0x0043,0x0043,0x0043,0x0042,0x0042,0x0042,0x0042,0x0042,0x0022,0x0022,0x0021,0x0021,0x0021,0x0021,0x0021,
},
{0x0021,0x0021,0x0021,0x0021,0x0021,0x0021,0x0021,0x0022,0x0042,0x0043,0x0063,0x0063,0x0043,0x0043,0x0043,0x0063,
0x08A6,0x08C6,0x0085,0x0064,0x0084,0x0084,0x08A5,0x08C7,0x08C6,0x08C7,0x08E7,0x08A6,0x08A5,0x08C6,0x08C6,0x08A6,
0x08C6,0x08C6,0x08E7,0x0908,0x08E7,0x08E8,0x08A5,0x0064,0x0063,0x0063,0x0043,0x0042,0x0042,0x0042,0x0022,0x0022,
0x0022,0x0022,0x0022,0x0022,0x0022,0x0022,0x0022,0x0063,0x0043,0x0042,0x0022,0x0022,0x0022,0x0042,0x0043,0x0063,
0x0063,0x0063,0x0043,0x0043,0x0063,0x0064,0x0084,0x0063,0x0063,0x0084,0x08A5,0x08A5,0x08A5,0x08A5,0x08A5,0x08A5,
0x08A6,0x08A5,0x08A5,0x08A5,0x08A5,0x08C6,0x08C6,0x08E6,0x08E7,0x08E7,0x1108,0x1128,0x08E7,0x1108,0x198B,0x21ED,
0x19ED,0x19CC,0x19AB,0x19AB,0x19AB,0x19CD,0x19CC,0x1149,0x1107,0x1149,0x196A,0x19AB,0x198B,0x198B,0x21ED,0x222E,
0x2A6F,0x2A6F,0x2A6F,0x2A4E,0x2A6F,0x2A4F,0x1969,0x10E6,0x08C5,0x08C5,0x1127,0x198A,0x1948,0x10E6,0x08A4,0x08A4,
0x10C5,0x08C5,0x0884,0x0063,0x0063,0x0042,0x0063,0x0884,0x0884,0x0884,0x0863,0x0883,0x0884,0x0883,0x08C5,0x10E6,
0x1127,0x198A,0x19CB,0x19CC,0x198A,0x196A,0x196A,0x198A,0x1149,0x10E7,0x10E7,0x1128,0x1949,0x1127,0x10E6,0x10E6,
0x10E6,0x08C5,0x08C5,0x1107,0x1127,0x1107,0x1107,0x1106,0x08C5,0x10E5,0x1106,0x1107,0x1948,0x1968,0x1969,0x19AA,
0x21EC,0x21EC,0x198A,0x1969,0x1948,0x1969,0x1989,0x1948,0x1968,0x1989,0x1989,0x21AA,0x21AA,0x21CB,0x21EB,0x2189,
0x1968,0x21AA,0x21AA,0x1968,0x2189,0x21CB,0x21AA,0x21AA,0x1989,0x21CA,0x21CB,0x2A0C,0x2A2D,0x21AA,0x1106,0x1106,
0x1947,0x29CA,0x324C,0x2A0B,0x29EB,0x326D,0x324C,0x3A8D,0x3A6D,0x42CF,0x42F0,0x4B10,0x324C,0x320B,0x322B,0x322B,
0x322B,0x42AE,0x4B0F,0x4AEF,0x42AD,0x428D,0x428D,0x42AD,0x4B0F,0x4B0F,0x4ACE,0x4AEE,0x428D,0x428C,0x4AEE,0x4AEE,
0x4AEF,0x5350,0x5350,0x4AEE,0x4ACD,0x4ACE,0x5350,0x5350,0x5330,0x4B0F,0x532F,0x5371,0x5BB2,0x5B92,0x5B71,0x5B71,
0x5B92,0x5BB2,0x5BB2,0x5BB2,0x5BB2,0x5B92,0x5BB2,0x5BB2,0x5B92,0x5B91,0x5B92,0x5B92,0x5B92,0x5371,0x5350,0x5330,
0x530F,0x4B0F,0x5330,0x5330,0x4AEF,0x4AEF,0x42CD,0x42AD,0x428D,0x42AD,0x42AD,0x4AEE,0x42AD,0x3A4B,0x3A6C,0x3A4C,
0x322B,0x3A6C,0x3AAE,0x3AAE,0x3ACF,0x3AAE,0x3A6D,0x326D,0x2A0B,0x29CA,0x29EB,0x29EA,0x2A0B,0x322C,0x322D,0x322D,
0x2A0C,0x29EB,0x2A0C,0x21AA,0x1948,0x1106,0x1106,0x1927,0x1969,0x21EB,0x2A0D,0x2A2D,0x220C,0x21CB,0x21CB,0x2A4E,
0x328F,0x2A2D,0x29EB,0x1947,0x1948,0x21A9,0x29EB,0x324D,0x3ACF,0x3AD0,0x3AAF,0x326E,0x2A0C,0x2A0C,0x2A2C,0x324D,
0x324D,0x2A0C,0x21CB,0x1989,0x1969,0x1989,0x21AA,0x218A,0x1948,0x1107,0x10E5,0x08C5,0x08C5,0x10E6,0x1107,0x1127,
0x1106,0x1106,0x1127,0x1969,0x1949,0x1949,0x1949,0x196A,0x198A,0x196A,0x1149,0x1128,0x1128,0x1149,0x196A,0x198A,
0x116A,0x1149,0x198A,0x19CC,0x19AC,0x198B,0x08E6,0x0884,0x08E7,0x116A,0x198B,0x116A,0x08E7,0x0884,0x0063,0x0063,
0x0063,0x08A5,0x1128,0x1969,0x1107,0x08A5,0x0863,0x0883,0x08A5,0x10E6,0x08E6,0x08C5,0x0884,0x08C5,0x08C5,0x08C5,
0x08E6,0x08A5,0x1128,0x19CC,0x220E,0x222E,0x19AC,0x118A,0x19AC,0x224F,0x224F,0x220E,0x19ED,0x19AB,0x19AC,0x19CC,
0x19ED,0x19CC,0x19AB,0x19AB,0x198A,0x116A,0x1149,0x196A,0x116A,0x1107,0x08C6,0x08A5,0x08E7,0x1108,0x116A,0x116A,
0x196A,0x196A,0x1128,0x08A5,0x08A4,0x08A5,0x08C6,0x08E6,0x0884,0x0884,0x08A5,0x08C6,0x08A5,0x0064,0x0063,0x08A5,
0x08C6,0x08C6,0x08C6,0x08A5,0x08A5,0x00A5,0x0085,0x00A5,0x08C6,0x0085,0x00A6,0x00A6,0x0085,0x0085,0x0064,0x0064,
0x0064,0x0084,0x0064,0x0063,0x0064,0x0084,0x0064,0x0063,0x0064,0x0064,0x0064,0x0063,0x0042,0x0022,0x0022,0x0022,
0x0022,0x0042,0x0042,0x0042,0x0042,0x0042,0x0043,0x0063,0x0043,0x0042,0x0043,0x0042,0x0043,0x0063,0x0064,0x0063,
0x0043,0x0043,0x0043,0x0043,0x0043,0x0043,0x0043,0x0042,0x0022,0x0022,0x0021,0x0021,0x0021,0x0021,0x0021,0x0021,
},
{0x0021,0x0021,0x0021,0x0021,0x0021,0x0021,0x0022,0x0022,0x0042,0x0043,0x0063,0x0063,0x0043,0x0043,0x0043,0x0085,
0x08E7,0x08A5,0x0064,0x0064,0x0084,0x0084,0x08C6,0x08E7,0x08C7,0x08C7,0x08C6,0x08A5,0x08A6,0x08E7,0x08C6,0x0084,
0x0085,0x08C6,0x08E7,0x08E7,0x08E7,0x08C7,0x08C6,0x08A6,0x0084,0x0084,0x0063,0x0043,0x0042,0x0042,0x0022,0x0022,
0x0022,0x0022,0x0021,0x0022,0x0022,0x0022,0x0022,0x0063,0x0043,0x0022,0x0022,0x0022,0x0022,0x0022,0x0043,0x0063,
0x0063,0x0063,0x0063,0x0063,0x0063,0x0084,0x0084,0x0064,0x0064,0x0885,0x08A5,0x08A5,0x08A6,0x08A6,0x08A5,0x08A5,
0x08A5,0x08C6,0x08C6,0x08C6,0x08C6,0x08C6,0x08E7,0x08E7,0x08E7,0x1108,0x1128,0x1129,0x1128,0x1149,0x116A,0x1149,
0x19AC,0x21ED,0x19AB,0x19CD,0x222E,0x19AC,0x1149,0x1128,0x1107,0x1149,0x198A,0x19AB,0x19CC,0x19CC,0x220D,0x222E,
0x2A4E,0x220D,0x222E,0x2A4F,0x222E,0x198A,0x1127,0x1128,0x1969,0x1969,0x1948,0x1948,0x08A5,0x0883,0x0884,0x08A4,
0x10E6,0x10E6,0x08A5,0x0883,0x0063,0x0063,0x0063,0x0884,0x0883,0x0063,0x0042,0x0063,0x08A4,0x08C5,0x1106,0x1127,
0x1149,0x198A,0x196A,0x19CB,0x198A,0x1148,0x1107,0x1107,0x08E6,0x08C5,0x08C5,0x1127,0x1107,0x08E6,0x08C5,0x08C6,
0x1107,0x1107,0x1107,0x10E6,0x08C5,0x08C5,0x10E6,0x10E6,0x08C5,0x10E6,0x1128,0x1148,0x1948,0x1949,0x1948,0x1969,
0x198A,0x1989,0x1989,0x198A,0x198A,0x21AA,0x21EB,0x21CB,0x21AA,0x21AA,0x21AA,0x21AA,0x1989,0x1969,0x1969,0x1989,
0x21AA,0x21CB,0x21AA,0x21AA,0x2A0C,0x2A2D,0x21CB,0x1969,0x1969,0x21CB,0x21A9,0x21CB,0x21CA,0x1968,0x1927,0x1947,
0x21A9,0x2A0B,0x322C,0x324C,0x322C,0x3AAE,0x3ACF,0x42CF,0x42EF,0x42CF,0x42EF,0x3A6C,0x322B,0x322C,0x3A6C,0x3A6C,
0x42CE,0x4AEF,0x42CE,0x3A8D,0x3A2B,0x3A4B,0x3A2B,0x428D,0x4B0F,0x4AEE,0x42CE,0x4ACE,0x3A6C,0x3A4B,0x42AD,0x4AEE,
0x532F,0x5351,0x5351,0x4AEE,0x4ACE,0x4ACD,0x532F,0x5330,0x4B0F,0x4B0F,0x4B0F,0x5350,0x5371,0x5371,0x5350,0x5B71,
0x5B71,0x5B71,0x5B91,0x5371,0x5371,0x5350,0x5371,0x5B71,0x5351,0x5371,0x5350,0x5350,0x5330,0x5330,0x532F,0x4B0F,
0x5350,0x5350,0x5350,0x4B0F,0x4ACE,0x4ACE,0x42AD,0x42AD,0x428D,0x42AD,0x42CE,0x42AD,0x3A6D,0x3A8D,0x3A8D,0x42AE,
0x42AE,0x3AAE,0x3A8E,0x3A8D,0x322C,0x324C,0x326D,0x322B,0x29EB,0x29EB,0x2A0B,0x2A2C,0x29EB,0x2A0B,0x2A2C,0x2A0C,
0x21CA,0x2189,0x21AA,0x21EB,0x21CB,0x21AA,0x21AA,0x21CB,0x2A0C,0x2A4D,0x328F,0x3AF1,0x32B0,0x29EC,0x2A0C,0x324D,
0x21CA,0x2189,0x1968,0x21AA,0x2A0C,0x328E,0x42F0,0x42F0,0x3AAF,0x3AAF,0x322D,0x29EB,0x29EB,0x2A2C,0x2A2C,0x2A0C,
0x29EC,0x21CB,0x21AA,0x1989,0x1989,0x1989,0x218A,0x1969,0x1948,0x1127,0x10E6,0x10E5,0x10E6,0x1107,0x1107,0x1107,
0x1107,0x1148,0x198A,0x19AB,0x198A,0x1969,0x1107,0x1969,0x19CC,0x19CC,0x198A,0x198B,0x198B,0x116A,0x114A,0x1149,
0x1149,0x1129,0x198B,0x1149,0x08E7,0x08C6,0x08C6,0x1129,0x116B,0x198B,0x1149,0x08E6,0x0884,0x0063,0x0063,0x0063,
0x08A5,0x1969,0x1969,0x1149,0x1107,0x0883,0x0883,0x08A5,0x1107,0x1128,0x1107,0x08A5,0x0884,0x08C5,0x08C5,0x08C6,
0x08C6,0x1107,0x198B,0x21ED,0x220E,0x19ED,0x198B,0x116A,0x19CD,0x222E,0x19ED,0x19ED,0x19ED,0x19AB,0x19AB,0x19CC,
0x19ED,0x19CD,0x19AB,0x198A,0x116A,0x116A,0x116A,0x1149,0x1149,0x08E7,0x08A5,0x08C6,0x10E7,0x114A,0x19AC,0x114A,
0x10E7,0x08C6,0x08A4,0x08E7,0x0908,0x1129,0x1108,0x08E7,0x08C6,0x08C6,0x08A5,0x08C6,0x0884,0x0084,0x0084,0x08A6,
0x08C6,0x08A6,0x00A5,0x0085,0x0085,0x00A5,0x00A5,0x00A5,0x0084,0x0085,0x08A6,0x0085,0x0084,0x0064,0x0063,0x0063,
0x0064,0x0064,0x0064,0x0064,0x0064,0x0064,0x0064,0x0064,0x0064,0x0064,0x0043,0x0043,0x0042,0x0022,0x0022,0x0043,
0x0043,0x0042,0x0043,0x0043,0x0042,0x0043,0x0064,0x0043,0x0042,0x0042,0x0042,0x0042,0x0043,0x0084,0x0064,0x0063,
0x0063,0x0043,0x0043,0x0043,0x0043,0x0043,0x0042,0x0042,0x0022,0x0022,0x0021,0x0021,0x0021,0x0021,0x0021,0x0021,
},
{0x0021,0x0021,0x0021,0x0021,0x0021,0x0021,0x0021,0x0022,0x0022,0x0042,0x0043,0x0063,0x0063,0x0063,0x0084,0x08A6,
0x0084,0x0063,0x0063,0x0084,0x0084,0x00A5,0x08C6,0x08C6,0x08A6,0x08C6,0x08A5,0x0885,0x08C6,0x08E7,0x00A5,0x0063,
0x0063,0x08A5,0x08A5,0x08A5,0x08C6,0x08C6,0x0085,0x0085,0x0084,0x0064,0x0063,0x0042,0x0042,0x0042,0x0022,0x0022,
0x0022,0x0022,0x0022,0x0021,0x0022,0x0022,0x0022,0x0042,0x0042,0x0042,0x0042,0x0042,0x0022,0x0042,0x0042,0x0063,
0x0063,0x0063,0x0063,0x0063,0x0084,0x0084,0x0084,0x0084,0x0885,0x08A5,0x08A5,0x08A5,0x08C6,0x08C6,0x08C6,0x08A5,
0x08A5,0x08A5,0x08A5,0x08C6,0x08C6,0x08E7,0x0907,0x08E7,0x08E7,0x1108,0x1128,0x1149,0x198B,0x198B,0x1108,0x1108,
0x1108,0x1107,0x1128,0x198B,0x220D,0x1148,0x08C6,0x1107,0x1149,0x198B,0x19AB,0x19AB,0x21EC,0x220D,0x220E,0x222E,
0x2A4F,0x2A4F,0x224F,0x2A6F,0x19CC,0x198A,0x198A,0x1969,0x21AB,0x21AB,0x1949,0x10E6,0x08A4,0x0884,0x08A4,0x08C5,
0x10C5,0x08C5,0x08A4,0x0883,0x0063,0x0863,0x0884,0x0884,0x0884,0x0063,0x0883,0x08A5,0x08E6,0x1107,0x10E6,0x1107,
0x10E6,0x08C6,0x1107,0x1128,0x1128,0x1128,0x1107,0x08E6,0x08C6,0x08C6,0x10E7,0x1127,0x08E6,0x08C6,0x08C5,0x10E6,
0x1128,0x1128,0x1107,0x08C5,0x0883,0x0863,0x08A4,0x10E6,0x08C5,0x1127,0x1969,0x1128,0x1127,0x1127,0x1128,0x1969,
0x198A,0x19AA,0x198A,0x21AA,0x21CB,0x21CB,0x2A0D,0x2A2D,0x21EC,0x21CB,0x1989,0x1969,0x1969,0x1969,0x21AA,0x21CB,
0x21AA,0x1989,0x21AA,0x2A0C,0x2A0C,0x2A0D,0x21EB,0x1927,0x1968,0x1989,0x1968,0x1947,0x1968,0x1927,0x1927,0x2189,
0x29EB,0x322C,0x2A2C,0x322C,0x324D,0x3A8E,0x42CF,0x3AAE,0x3AAE,0x42CF,0x3A8D,0x322B,0x322B,0x324C,0x3A8E,0x3A8D,
0x4AEF,0x3A8D,0x29EA,0x29C9,0x29C9,0x320A,0x320A,0x428D,0x4AEF,0x4ACE,0x42AE,0x42CE,0x42AD,0x3A4B,0x42AD,0x4AEF,
0x4B0F,0x5330,0x5350,0x530F,0x532F,0x4B0F,0x4B0F,0x4AEE,0x4AEF,0x532F,0x4B0F,0x530F,0x5330,0x5350,0x5350,0x5371,
0x5371,0x5371,0x5B91,0x5B91,0x5350,0x5330,0x532F,0x532F,0x5330,0x5350,0x5330,0x5350,0x5330,0x532F,0x4B0F,0x5330,
0x5351,0x5371,0x5330,0x4AEE,0x42CE,0x428C,0x3A6C,0x3A6C,0x428C,0x428D,0x428D,0x3A6C,0x322B,0x3A4C,0x322B,0x322C,
0x324C,0x324C,0x322C,0x320B,0x29EA,0x2A0B,0x2A0B,0x2A0B,0x29EA,0x21AA,0x21CA,0x29EB,0x21A9,0x2189,0x2A0B,0x21AA,
0x1969,0x21A9,0x21CB,0x2A0C,0x2A0C,0x21EB,0x21CB,0x21EB,0x2A4D,0x328F,0x326F,0x326E,0x29EB,0x1969,0x2189,0x2189,
0x2189,0x21A9,0x21CA,0x2A0C,0x326D,0x3AF0,0x4311,0x3ACF,0x3AAF,0x3AAF,0x326D,0x2A0C,0x2A0C,0x2A2D,0x2A2D,0x2A2D,
0x2A0C,0x21CB,0x21CB,0x21AB,0x19AA,0x21CB,0x21AB,0x21CB,0x21AA,0x1148,0x1107,0x1107,0x1148,0x1969,0x1948,0x1949,
0x1948,0x1969,0x1969,0x1148,0x1148,0x1107,0x1107,0x196A,0x19AB,0x198B,0x196A,0x19AB,0x116A,0x116A,0x118B,0x116A,
0x116A,0x118B,0x118B,0x08E6,0x0063,0x08A5,0x0907,0x1149,0x198B,0x1169,0x08E6,0x0884,0x0063,0x0063,0x0883,0x10E7,
0x1149,0x1949,0x10E7,0x08A4,0x0884,0x08A5,0x1149,0x21ED,0x198A,0x10E7,0x08C6,0x0884,0x08C5,0x08C6,0x08C6,0x1107,
0x1128,0x1149,0x19AC,0x19CC,0x198B,0x1149,0x1149,0x19AC,0x224F,0x220E,0x19ED,0x19CC,0x19AC,0x19CC,0x19ED,0x19CD,
0x198B,0x118B,0x116A,0x1149,0x1149,0x1149,0x1169,0x1128,0x1107,0x08E6,0x08C6,0x08C5,0x08C6,0x08E7,0x1128,0x1128,
0x1107,0x1108,0x114A,0x19CD,0x19EE,0x116B,0x1107,0x08C6,0x08A5,0x0884,0x0084,0x0084,0x0084,0x0084,0x08A5,0x08A5,
0x00A5,0x0084,0x0084,0x0084,0x0084,0x0084,0x0085,0x0085,0x0064,0x08C6,0x08A6,0x0084,0x0064,0x0063,0x0063,0x0063,
0x0064,0x0084,0x0064,0x0084,0x0084,0x0084,0x0084,0x0084,0x0084,0x0063,0x0043,0x0043,0x0043,0x0043,0x0064,0x0085,
0x0064,0x0064,0x0043,0x0042,0x0022,0x0042,0x0043,0x0043,0x0042,0x0022,0x0022,0x0043,0x0063,0x0064,0x0064,0x0043,
0x0043,0x0043,0x0043,0x0043,0x0043,0x0042,0x0042,0x0022,0x0022,0x0021,0x0021,0x0021,0x0021,0x0021,0x0021,0x0021,
},
{0x0021,0x0021,0x0021,0x0021,0x0021,0x0021,0x0022,0x0022,0x0022,0x0042,0x0042,0x0043,0x0063,0x0063,0x08C6,0x08C6,
0x0064,0x0043,0x0063,0x0064,0x0085,0x08A6,0x08C6,0x08A6,0x08A6,0x08A6,0x00A5,0x0085,0x08C6,0x08E7,0x0084,0x0084,
0x0084,0x0085,0x0084,0x0084,0x0084,0x0084,0x0063,0x0064,0x0063,0x0063,0x0042,0x0022,0x0022,0x0022,0x0022,0x0022,
0x0022,0x0022,0x0022,0x0022,0x0022,0x0042,0x0042,0x0022,0x0022,0x0042,0x0042,0x0042,0x0042,0x0042,0x0042,0x0063,
0x0043,0x0063,0x0084,0x0084,0x0084,0x0885,0x0084,0x08A5,0x08A5,0x08A5,0x08A5,0x08C6,0x08C6,0x08C6,0x08C6,0x08C6,
0x08A5,0x08A5,0x08A5,0x08C6,0x08E6,0x08E7,0x0907,0x08E7,0x1108,0x1128,0x1129,0x114A,0x116A,0x1128,0x08E7,0x1128,
0x1107,0x1108,0x196A,0x21CC,0x19AB,0x10E7,0x1107,0x1149,0x19AB,0x19CC,0x21ED,0x21ED,0x21ED,0x21ED,0x220D,0x220D,
0x2A4F,0x2A90,0x2A6F,0x2A90,0x2A6F,0x222E,0x21CC,0x1969,0x1127,0x10E6,0x08C5,0x0884,0x0883,0x0883,0x08A5,0x08A4,
0x08A4,0x08A4,0x0884,0x0884,0x0884,0x08A4,0x08A4,0x08A4,0x08A5,0x0883,0x08A4,0x1107,0x08E6,0x08E6,0x08E6,0x08E6,
0x08A5,0x08C5,0x1107,0x1107,0x08C5,0x08A5,0x08E6,0x10E6,0x10E6,0x1107,0x1107,0x1107,0x10E6,0x10E6,0x10E6,0x1107,
0x1127,0x1127,0x1128,0x10E6,0x0884,0x08A4,0x08A4,0x08A4,0x08C5,0x1107,0x1148,0x1128,0x1127,0x1148,0x1969,0x198A,
0x1969,0x19AA,0x21AB,0x21CB,0x21EC,0x2A0D,0x2A0C,0x21EC,0x21EB,0x21AA,0x21AA,0x1989,0x1969,0x198A,0x21AB,0x21CB,
0x21AA,0x1948,0x218A,0x21EC,0x2A0D,0x21EC,0x21CB,0x21AA,0x21AA,0x1968,0x1106,0x1106,0x21A9,0x1968,0x1968,0x21AA,
0x29EB,0x2A0C,0x2A2C,0x322C,0x2A0B,0x324C,0x326D,0x326D,0x3A8E,0x42CF,0x3AAE,0x324C,0x320B,0x324C,0x324C,0x3A6C,
0x4B31,0x322B,0x29C9,0x29CA,0x29C9,0x31EA,0x320A,0x428D,0x42CE,0x4AEF,0x42CE,0x42CE,0x42CE,0x428D,0x428D,0x4ACE,
0x4AEE,0x4AEF,0x4B0F,0x4AEE,0x5350,0x5330,0x4B0F,0x4B0F,0x4B0F,0x5330,0x4B0F,0x4AEE,0x5330,0x5350,0x5350,0x5350,
0x5350,0x5350,0x5350,0x5371,0x5371,0x5351,0x5350,0x5371,0x5371,0x5351,0x5371,0x5350,0x5350,0x5350,0x5330,0x5330,
0x5330,0x4B0F,0x4ACE,0x42AD,0x42AD,0x3A6C,0x3A6C,0x428C,0x42AD,0x42AD,0x428D,0x3A4C,0x322B,0x29EA,0x29A9,0x29C9,
0x29EB,0x320B,0x29EB,0x29EA,0x29EB,0x29EB,0x2A0B,0x2A0B,0x2A0B,0x29EB,0x2A2C,0x29CA,0x1968,0x1968,0x2A2D,0x1989,
0x1927,0x2189,0x21CB,0x21CB,0x21AA,0x1989,0x21AA,0x21EB,0x328F,0x32B0,0x21EB,0x21AA,0x1968,0x1968,0x1968,0x2189,
0x21AA,0x21CA,0x322C,0x3AAF,0x3AD0,0x4311,0x3AD0,0x3AAF,0x328F,0x3AAF,0x3AAF,0x326E,0x2A4D,0x2A2D,0x2A2D,0x2A0C,
0x220C,0x21EB,0x21AB,0x21AA,0x21AB,0x21CB,0x21AA,0x21AA,0x1969,0x1128,0x1127,0x1128,0x1969,0x1969,0x1148,0x1127,
0x1148,0x1128,0x10E6,0x10E6,0x10E6,0x10E6,0x1128,0x196A,0x198B,0x116A,0x1149,0x1149,0x1128,0x116A,0x198B,0x116A,
0x19AC,0x19AC,0x198B,0x1108,0x08A5,0x08E6,0x1108,0x114A,0x1149,0x08E6,0x08A5,0x0884,0x0083,0x0884,0x08C6,0x196A,
0x1149,0x08A4,0x08A5,0x0884,0x0883,0x08E6,0x198B,0x224F,0x222E,0x1107,0x08E6,0x08C6,0x10E7,0x08E6,0x08C5,0x1107,
0x1149,0x196A,0x19CC,0x19AB,0x1148,0x1149,0x21CC,0x224F,0x2A90,0x224F,0x19CD,0x19AB,0x19AB,0x19CC,0x19ED,0x19CC,
0x19AC,0x19AB,0x116A,0x1149,0x1149,0x1149,0x1149,0x1128,0x1107,0x1107,0x1108,0x08C6,0x08A5,0x08E7,0x1108,0x1128,
0x1149,0x19AC,0x19CD,0x19CC,0x19CD,0x116A,0x08E7,0x08C6,0x08A5,0x0884,0x0084,0x0084,0x0084,0x08A5,0x08A6,0x00A5,
0x0084,0x0084,0x0064,0x0064,0x0064,0x0064,0x0084,0x00A5,0x00C6,0x08A6,0x0085,0x0085,0x0064,0x0063,0x0064,0x0064,
0x0064,0x0085,0x00A6,0x0085,0x0085,0x0085,0x0085,0x0085,0x0064,0x0064,0x0064,0x0064,0x0063,0x0064,0x0085,0x0085,
0x0064,0x0043,0x0042,0x0022,0x0022,0x0042,0x0043,0x0043,0x0043,0x0043,0x0043,0x0063,0x0063,0x0063,0x0043,0x0043,
0x0043,0x0043,0x0043,0x0063,0x0043,0x0042,0x0042,0x0022,0x0022,0x0021,0x0021,0x0021,0x0021,0x0021,0x0021,0x0021,
},
{0x0021,0x0021,0x0021,0x0021,0x0021,0x0021,0x0022,0x0022,0x0042,0x0042,0x0042,0x0042,0x0043,0x0064,0x08A5,0x0084,
0x0043,0x0043,0x0063,0x0064,0x0084,0x0084,0x0084,0x0085,0x08A5,0x08A5,0x08A6,0x08C6,0x08C7,0x08C6,0x0084,0x08A5,
0x08A6,0x08C6,0x08E7,0x0084,0x0063,0x0043,0x0063,0x0064,0x0043,0x0022,0x0022,0x0022,0x0022,0x0042,0x0042,0x0022,
0x0022,0x0022,0x0022,0x0022,0x0022,0x0042,0x0042,0x0042,0x0042,0x0042,0x0042,0x0042,0x0043,0x0043,0x0043,0x0043,
0x0043,0x0064,0x0084,0x0084,0x0084,0x0885,0x0084,0x08A5,0x08A5,0x08A5,0x08C6,0x08C6,0x08C6,0x08E7,0x08E7,0x08E6,
0x08A5,0x08C6,0x08C6,0x08E6,0x08C6,0x08E7,0x1128,0x1128,0x1149,0x116A,0x116A,0x1149,0x116A,0x1149,0x1108,0x08C6,
0x08A5,0x1107,0x196A,0x196A,0x10E7,0x1107,0x1128,0x196A,0x19CC,0x19CC,0x21ED,0x21EC,0x19CC,0x21CC,0x21ED,0x224F,
0x2A90,0x2A6F,0x3290,0x32D1,0x222E,0x19AB,0x1969,0x1127,0x10E6,0x08C5,0x08A4,0x0883,0x0883,0x0884,0x08A5,0x08A4,
0x0884,0x0883,0x0042,0x0042,0x0884,0x08A4,0x08C5,0x08C6,0x08C6,0x0884,0x08C5,0x1128,0x08E7,0x08C6,0x08C5,0x08A5,
0x08C5,0x1128,0x1128,0x08E6,0x08C5,0x08A5,0x08A5,0x08A4,0x08C5,0x1107,0x10E6,0x10E7,0x08E6,0x08A5,0x08C5,0x10E6,
0x1107,0x1107,0x1107,0x08C5,0x08A4,0x08C5,0x10E6,0x10C5,0x1107,0x1107,0x1107,0x1127,0x1948,0x1969,0x198A,0x198A,
0x198A,0x19AA,0x21CB,0x21CB,0x2A0D,0x2A0C,0x2A2D,0x2A0C,0x21CB,0x21AA,0x198A,0x1969,0x1968,0x1989,0x198A,0x1989,
0x1969,0x1969,0x1989,0x2A0C,0x2A0C,0x21EB,0x2189,0x21AA,0x21AA,0x2189,0x1927,0x1927,0x1968,0x2189,0x29EB,0x2A0B,
0x2A2C,0x2A2C,0x2A2C,0x2A0B,0x29A9,0x2A0B,0x326D,0x3ACF,0x3ACF,0x42CF,0x3AAE,0x324C,0x322B,0x3A4C,0x320B,0x29EA,
0x428D,0x3A4C,0x29EA,0x322B,0x31EA,0x29C9,0x31EA,0x3A4B,0x3A6C,0x42CE,0x4AEF,0x4B0F,0x42AD,0x322A,0x3A6C,0x4ACE,
0x4AEE,0x4B0F,0x4B0F,0x42CD,0x4AEE,0x5330,0x5330,0x4AEE,0x4AEE,0x5350,0x5371,0x5350,0x5350,0x5350,0x530F,0x532F,
0x5350,0x5330,0x4AEE,0x4B0F,0x5330,0x5350,0x5371,0x5350,0x5330,0x5330,0x532F,0x4AEF,0x428C,0x42AD,0x4B0F,0x4B0F,
0x4B0F,0x4ACE,0x428C,0x3A6C,0x42AD,0x4B0F,0x4B0F,0x4B10,0x42AE,0x42AE,0x42EF,0x3A8D,0x322B,0x29A9,0x2188,0x21A8,
0x29A9,0x29CA,0x29EB,0x29EB,0x2A0B,0x324D,0x326D,0x2A0C,0x29EB,0x29EA,0x21AA,0x1948,0x1926,0x1927,0x2189,0x1968,
0x1969,0x21CA,0x21EB,0x21CB,0x21AA,0x2189,0x21CA,0x326E,0x328F,0x326E,0x21CB,0x21EB,0x21CA,0x21EB,0x29EB,0x21CB,
0x21AA,0x21CA,0x328E,0x3AAF,0x3A8F,0x3AAF,0x3ACF,0x32AF,0x328E,0x328F,0x328E,0x328E,0x2A4D,0x2A2D,0x2A2D,0x2A0C,
0x21EB,0x21EB,0x21CB,0x21CB,0x21CB,0x19AA,0x1989,0x1948,0x1948,0x1948,0x1949,0x21AB,0x19AB,0x1969,0x1948,0x1107,
0x1127,0x1107,0x1107,0x1107,0x1107,0x1128,0x1149,0x19AB,0x19CC,0x19AB,0x1149,0x1149,0x116A,0x198B,0x19AC,0x19AC,
0x19ED,0x19CD,0x118B,0x114A,0x1149,0x1129,0x114A,0x1129,0x1128,0x08E7,0x08A5,0x0063,0x0084,0x1107,0x21CC,0x1128,
0x0063,0x0063,0x08A5,0x08A5,0x08C5,0x1149,0x19ED,0x19CC,0x1149,0x1107,0x1108,0x1107,0x1107,0x1107,0x08C6,0x1107,
0x1128,0x1149,0x19AB,0x1149,0x1107,0x196A,0x224F,0x2270,0x224F,0x19CD,0x19AB,0x19AB,0x198B,0x19AC,0x19CC,0x19CC,
0x19AC,0x198B,0x196A,0x114A,0x1149,0x1149,0x1108,0x1107,0x1107,0x1107,0x08E7,0x08C6,0x08C5,0x0907,0x1129,0x114A,
0x1149,0x116A,0x116B,0x118B,0x1149,0x1129,0x0908,0x08E7,0x08A5,0x0884,0x0084,0x0084,0x08A5,0x08A6,0x08A6,0x0085,
0x0084,0x0084,0x0084,0x0084,0x0084,0x0064,0x0084,0x00A6,0x00A6,0x0064,0x0064,0x0063,0x0063,0x0063,0x0064,0x0064,
0x0084,0x0085,0x00A5,0x0085,0x0085,0x0064,0x0064,0x0084,0x0064,0x0063,0x0063,0x0064,0x0064,0x0085,0x0085,0x0064,
0x0043,0x0042,0x0042,0x0042,0x0042,0x0043,0x0043,0x0063,0x0063,0x0063,0x0064,0x0063,0x0063,0x0064,0x0063,0x0043,
0x0043,0x0063,0x0085,0x0064,0x0042,0x0042,0x0042,0x0042,0x0022,0x0022,0x0021,0x0021,0x0021,0x0021,0x0021,0x0021,
},
{0x0021,0x0021,0x0021,0x0021,0x0021,0x0021,0x0022,0x0042,0x0042,0x0042,0x0042,0x0042,0x0042,0x0043,0x0063,0x0043,
0x0043,0x0043,0x0064,0x0084,0x0084,0x0064,0x0084,0x08A5,0x08A6,0x08C7,0x08E7,0x08E7,0x08E8,0x08C7,0x0064,0x08A5,
0x0908,0x1129,0x0908,0x08C6,0x08A5,0x0064,0x0063,0x0063,0x0042,0x0022,0x0022,0x0042,0x0043,0x0043,0x0042,0x0022,
0x0021,0x0022,0x0022,0x0022,0x0042,0x0042,0x0042,0x0042,0x0042,0x0042,0x0042,0x0043,0x0063,0x0063,0x0043,0x0042,
0x0042,0x0063,0x0084,0x0084,0x0084,0x0085,0x08A5,0x08A5,0x08A5,0x08A5,0x08C6,0x08C6,0x08E7,0x08E7,0x08E7,0x08C6,
0x08A5,0x08C6,0x08C6,0x08C6,0x08E6,0x08E7,0x0907,0x1128,0x114A,0x118B,0x1149,0x116A,0x19ED,0x19AC,0x1149,0x08A5,
0x0884,0x08C6,0x1108,0x1107,0x08E6,0x1128,0x198B,0x19CC,0x21ED,0x198A,0x198B,0x21CC,0x19AB,0x21ED,0x220D,0x220D,
0x2A6F,0x32D1,0x32F1,0x2A4F,0x196A,0x1107,0x1106,0x1106,0x08C5,0x08C5,0x08C5,0x08C5,0x08C5,0x08A5,0x0884,0x0883,
0x0884,0x0863,0x0042,0x0042,0x0063,0x0884,0x08A5,0x08C6,0x10E6,0x08E6,0x10E6,0x1128,0x1128,0x08E6,0x08A4,0x08A5,
0x1107,0x1149,0x1107,0x08C5,0x08C5,0x08C5,0x08C5,0x08A4,0x08C5,0x1107,0x10E6,0x08E6,0x08C5,0x08C5,0x08E6,0x08E6,
0x10E6,0x10E6,0x08C5,0x0884,0x08A4,0x10E6,0x1106,0x1127,0x1948,0x1148,0x1127,0x1128,0x1969,0x1969,0x1949,0x1969,
0x198A,0x19AA,0x21CB,0x21EC,0x21EC,0x21CB,0x326E,0x3AD0,0x2A0C,0x19AA,0x1948,0x1927,0x1948,0x1989,0x21AA,0x1969,
0x1969,0x1948,0x1989,0x2A0C,0x21CB,0x1989,0x1948,0x198A,0x21AB,0x21CB,0x1968,0x1927,0x21CA,0x29EB,0x2A0C,0x2A0C,
0x2A0C,0x29EB,0x29EB,0x21A9,0x2168,0x2A0C,0x3A8E,0x3ACF,0x3ACF,0x3ACF,0x3A8E,0x324C,0x322B,0x3A8D,0x42CE,0x322B,
0x320B,0x320A,0x29C9,0x320B,0x3A6C,0x320B,0x322B,0x320A,0x3A4C,0x42AD,0x42CE,0x42CE,0x428D,0x320A,0x320A,0x428C,
0x42CE,0x4AEF,0x4B10,0x428D,0x3A6B,0x4AEE,0x5350,0x4B30,0x4ACE,0x4AEF,0x532F,0x5330,0x5350,0x5351,0x4B0F,0x4AEE,
0x5330,0x4B0F,0x4ACE,0x4ACE,0x4ACE,0x530F,0x4B0F,0x4AEE,0x4ACE,0x4AEE,0x42AD,0x426C,0x3A2A,0x428C,0x42CE,0x42AD,
0x42AE,0x4ACE,0x4ACE,0x42CE,0x42CE,0x3A8D,0x42CE,0x42CF,0x3A8D,0x3A6D,0x3A6C,0x320B,0x29EA,0x29A9,0x2168,0x2168,
0x2188,0x21A9,0x29EA,0x2A0B,0x322C,0x324D,0x326D,0x2A0C,0x21A9,0x1926,0x1906,0x1106,0x1926,0x1968,0x21AA,0x21CA,
0x2A2C,0x2A0C,0x2A2D,0x2A0C,0x21AA,0x1968,0x29EB,0x324D,0x324D,0x2A2D,0x2A2D,0x2A2D,0x2A2C,0x2A0C,0x2A2C,0x2A2D,
0x326E,0x326E,0x326E,0x2A4D,0x2A2D,0x324D,0x326E,0x326E,0x326E,0x2A2D,0x2A0C,0x2A0C,0x2A2D,0x2A2D,0x2A0C,0x21CB,
0x21AA,0x21AA,0x21AA,0x198A,0x198A,0x1969,0x1948,0x1948,0x1949,0x196A,0x21CB,0x21CC,0x198A,0x1969,0x1949,0x1949,
0x1107,0x10E6,0x1107,0x1128,0x1149,0x1149,0x198A,0x198B,0x198B,0x19CC,0x19CC,0x19CC,0x19ED,0x220E,0x2250,0x2270,
0x19CD,0x116A,0x114A,0x19AC,0x19CD,0x19AC,0x19AC,0x116A,0x10E6,0x08A5,0x0884,0x0884,0x08C6,0x198B,0x196A,0x08A4,
0x0042,0x0063,0x0884,0x08C5,0x08E6,0x114A,0x19AC,0x19CC,0x08E7,0x08C6,0x08E6,0x10E6,0x10E6,0x08C6,0x08C6,0x08C5,
0x08E7,0x1128,0x1128,0x1148,0x1148,0x21ED,0x2A70,0x224F,0x222F,0x220E,0x19AC,0x19AC,0x19CD,0x19ED,0x19CC,0x198B,
0x116A,0x1149,0x116A,0x116A,0x1129,0x1107,0x1107,0x1107,0x1108,0x1107,0x08C6,0x08E7,0x1129,0x118B,0x114A,0x114A,
0x0908,0x08E7,0x1129,0x1129,0x08E7,0x08C6,0x0908,0x08C6,0x0085,0x08A5,0x08A5,0x08A5,0x08A5,0x0085,0x0085,0x0084,
0x0084,0x0084,0x0084,0x0084,0x0085,0x0064,0x0064,0x0084,0x0064,0x0063,0x0063,0x0063,0x0063,0x0064,0x0064,0x0084,
0x0084,0x0085,0x0085,0x0064,0x0063,0x0043,0x0043,0x0064,0x0064,0x0043,0x0043,0x0064,0x0064,0x0084,0x0085,0x0063,
0x0063,0x0043,0x0042,0x0042,0x0043,0x0043,0x0063,0x0063,0x0064,0x0063,0x0063,0x0064,0x0064,0x0064,0x0063,0x0064,
0x0063,0x0063,0x0063,0x0042,0x0042,0x0042,0x0042,0x0042,0x0022,0x0022,0x0022,0x0021,0x0021,0x0021,0x0021,0x0021,
},
{0x0021,0x0021,0x0021,0x0021,0x0021,0x0021,0x0042,0x0042,0x0042,0x0042,0x0042,0x0042,0x0042,0x0042,0x0042,0x0043,
0x0064,0x0063,0x0064,0x0084,0x0084,0x0084,0x08A6,0x08C6,0x08A6,0x08C6,0x08C6,0x08C7,0x08C7,0x00A5,0x0064,0x00A5,
0x08E7,0x1129,0x08C6,0x08A6,0x08A5,0x0084,0x0063,0x0042,0x0042,0x0042,0x0042,0x0042,0x0063,0x0063,0x0042,0x0042,
0x0022,0x0042,0x0042,0x0042,0x0042,0x0042,0x0042,0x0042,0x0042,0x0043,0x0043,0x0063,0x0063,0x0063,0x0063,0x0063,
0x0063,0x0063,0x0084,0x0084,0x0084,0x0085,0x08A5,0x08A6,0x08A5,0x08A5,0x08A6,0x08E7,0x08C6,0x08C6,0x08C6,0x08C6,
0x08C6,0x08C6,0x08C6,0x08E6,0x0907,0x1108,0x1128,0x1149,0x1129,0x1128,0x1107,0x1128,0x19CD,0x114A,0x08E7,0x08C5,
0x08C5,0x1128,0x1149,0x1128,0x1129,0x198B,0x19AC,0x19AC,0x198B,0x1149,0x198A,0x19CC,0x198A,0x1969,0x198A,0x1169,
0x198A,0x222E,0x2A4F,0x196A,0x196A,0x1969,0x10E6,0x08C5,0x08C5,0x08A5,0x08C5,0x08A5,0x08A5,0x0884,0x0063,0x0063,
0x0883,0x08A4,0x0063,0x0063,0x0063,0x0063,0x0884,0x08A5,0x08C5,0x08E6,0x10E7,0x1107,0x1107,0x10E6,0x1128,0x1128,
0x1128,0x1169,0x1107,0x08C5,0x08C5,0x08C5,0x08C5,0x08C5,0x1107,0x1149,0x1107,0x10E6,0x08E6,0x08C5,0x10E6,0x1107,
0x08C5,0x08C5,0x08A5,0x08A5,0x08C5,0x10E6,0x08C6,0x10E6,0x1107,0x1127,0x1107,0x1128,0x1949,0x1148,0x1948,0x1969,
0x21AB,0x21EC,0x21CB,0x19AA,0x21AB,0x21AB,0x19AA,0x21EC,0x21CB,0x1989,0x1968,0x1948,0x21CB,0x21CB,0x21AA,0x21AA,
0x1969,0x1969,0x1948,0x1948,0x1948,0x1106,0x1107,0x21EC,0x2A2D,0x1927,0x1107,0x1948,0x21EB,0x2A4D,0x21EB,0x21CA,
0x21AA,0x2189,0x2189,0x1947,0x21A9,0x324D,0x326E,0x3A8E,0x42D0,0x3A6D,0x3A6D,0x3A6D,0x3A6D,0x42EF,0x4B30,0x3A8D,
0x324C,0x324C,0x29CA,0x2147,0x322B,0x42AE,0x3A8D,0x320A,0x3A2B,0x3A4C,0x3A6C,0x3A4C,0x320A,0x29C9,0x320A,0x3A6C,
0x42AD,0x4ACE,0x42CE,0x3A6C,0x3A4B,0x426C,0x4AEE,0x5330,0x4AEF,0x4ACE,0x42AD,0x4ACE,0x532F,0x5350,0x5330,0x4AEF,
0x4AEF,0x5330,0x5350,0x5350,0x5330,0x4AEE,0x4B0F,0x4AEE,0x4B0F,0x4AEF,0x4B0F,0x4AEF,0x42AE,0x4AEF,0x4B0F,0x42AD,
0x3A4C,0x3A6C,0x3A8C,0x3A2B,0x320B,0x320A,0x320A,0x3A8D,0x3A6D,0x322B,0x29A9,0x2167,0x2167,0x2147,0x2147,0x2188,
0x29CA,0x2A0B,0x322C,0x324D,0x322C,0x326D,0x2A2C,0x29CA,0x2188,0x1927,0x1947,0x1947,0x2189,0x2A0C,0x324D,0x324D,
0x326E,0x2A2C,0x21CB,0x21AA,0x2189,0x21CA,0x324D,0x324E,0x328F,0x326E,0x2A2D,0x2A2C,0x2A0C,0x2A2D,0x326E,0x3AAF,
0x3AB0,0x328F,0x326F,0x2A4D,0x29EC,0x2A0C,0x29EB,0x29EB,0x2A0C,0x21EB,0x21CB,0x21CB,0x21EB,0x21EC,0x21CB,0x21CB,
0x21AB,0x198A,0x1969,0x1969,0x198A,0x1969,0x196A,0x198A,0x198A,0x198A,0x196A,0x1128,0x1107,0x1128,0x1969,0x196A,
0x1149,0x1149,0x1128,0x1149,0x1128,0x1107,0x116A,0x116A,0x1149,0x198A,0x19ED,0x220F,0x222F,0x2A70,0x224F,0x19CC,
0x08E6,0x08E6,0x116A,0x19CC,0x19ED,0x19CD,0x198B,0x1149,0x08A5,0x0884,0x0884,0x08C5,0x19CC,0x19ED,0x1107,0x0063,
0x0063,0x0063,0x08C5,0x1128,0x198A,0x19CD,0x19CC,0x19AB,0x1107,0x08E6,0x08E6,0x08E6,0x08E6,0x1107,0x1107,0x1128,
0x1149,0x198A,0x1149,0x196A,0x116A,0x19CC,0x32B1,0x222E,0x19ED,0x222F,0x222E,0x220E,0x220E,0x21ED,0x19AC,0x198B,
0x114A,0x1149,0x1149,0x1129,0x1108,0x1128,0x1128,0x1108,0x08E7,0x08E6,0x08E7,0x1149,0x114A,0x114A,0x116B,0x114A,
0x08E7,0x08A5,0x08C6,0x08E7,0x08C6,0x08A5,0x0884,0x0085,0x0085,0x08A5,0x0085,0x0085,0x0084,0x0064,0x0084,0x0084,
0x0084,0x00A5,0x0085,0x0064,0x0084,0x0084,0x0064,0x0064,0x0063,0x0063,0x0064,0x0064,0x0064,0x0064,0x0064,0x0064,
0x0064,0x0084,0x0084,0x0064,0x0043,0x0043,0x0063,0x0064,0x0064,0x0043,0x0063,0x0084,0x0084,0x0085,0x0085,0x0064,
0x0063,0x0043,0x0043,0x0043,0x0063,0x0063,0x0063,0x0043,0x0063,0x0063,0x0063,0x0063,0x0064,0x0064,0x0064,0x0064,
0x0063,0x0043,0x0042,0x0042,0x0042,0x0042,0x0042,0x0042,0x0042,0x0022,0x0022,0x0021,0x0021,0x0021,0x0021,0x0021,
},
{0x0021,0x0021,0x0021,0x0021,0x0021,0x0022,0x0042,0x0042,0x0042,0x0043,0x0043,0x0042,0x0042,0x0042,0x0063,0x0084,
0x00A5,0x0085,0x0064,0x0084,0x0084,0x00A5,0x08A6,0x08A5,0x0085,0x0084,0x0084,0x0085,0x00A5,0x08A5,0x00A5,0x00A5,
0x08E7,0x08A5,0x08A5,0x0084,0x0064,0x0064,0x0063,0x0063,0x0063,0x0063,0x0042,0x0042,0x0042,0x0022,0x0042,0x0063,
0x0043,0x0042,0x0042,0x0042,0x0042,0x0042,0x0042,0x0042,0x0042,0x0043,0x0063,0x0063,0x0063,0x0063,0x0063,0x0084,
0x0063,0x0064,0x0084,0x0085,0x0085,0x0084,0x08A5,0x08A5,0x08A5,0x08C6,0x08C6,0x08C6,0x08C6,0x08C6,0x08A5,0x08C6,
0x08C6,0x08C6,0x08E7,0x0907,0x1128,0x1149,0x114A,0x116A,0x1129,0x08E6,0x08E7,0x1149,0x118B,0x1128,0x08E7,0x08A5,
0x08C6,0x1149,0x1149,0x1149,0x1149,0x116A,0x116A,0x1149,0x08E7,0x1128,0x1149,0x1169,0x1148,0x1107,0x1128,0x19AB,
0x220D,0x19AC,0x198B,0x1149,0x1148,0x1107,0x08E6,0x08A4,0x08E6,0x08E6,0x08C6,0x08A5,0x0884,0x0863,0x0063,0x0884,
0x08A4,0x10E6,0x08A4,0x0863,0x0863,0x0884,0x08A5,0x08C5,0x08A4,0x08C5,0x08A5,0x0884,0x10E6,0x198A,0x21CC,0x196A,
0x1107,0x1128,0x1107,0x08C5,0x08C5,0x08E6,0x08C6,0x08C6,0x1107,0x1107,0x1107,0x1107,0x1107,0x10E6,0x10E6,0x10E6,
0x08C5,0x08C5,0x08C5,0x08C6,0x10E6,0x08C5,0x08C5,0x08E6,0x08E6,0x08E6,0x1107,0x1148,0x1148,0x1948,0x1949,0x1969,
0x19AA,0x2A0D,0x2A0C,0x198A,0x198A,0x198A,0x1969,0x1969,0x1127,0x1948,0x1969,0x1989,0x21AA,0x198A,0x1948,0x21AB,
0x1989,0x1948,0x1107,0x10E5,0x10E6,0x1106,0x1948,0x2A0C,0x21EC,0x10E6,0x1927,0x1968,0x2A0C,0x2A2D,0x21CB,0x21AA,
0x21A9,0x21AA,0x2189,0x2189,0x2A0B,0x324D,0x326E,0x3A8E,0x42CF,0x42F0,0x3A8E,0x3A6D,0x3A8D,0x42CE,0x42F0,0x42CE,
0x324C,0x322B,0x322B,0x1946,0x320A,0x42EF,0x42CE,0x3A4C,0x322B,0x320A,0x3A6C,0x3A4B,0x320A,0x320A,0x320A,0x3A4B,
0x428D,0x428C,0x3A8C,0x428C,0x428D,0x3A6B,0x42AD,0x4AEE,0x4AEF,0x4ACE,0x42AD,0x428D,0x42CD,0x4AEE,0x4AEF,0x4ACE,
0x4ACE,0x5330,0x5350,0x5371,0x5371,0x4B0F,0x4AEF,0x4B30,0x4AEF,0x4ACE,0x4AEF,0x4AEF,0x4AEF,0x42CE,0x42CE,0x428D,
0x3A6C,0x3A6C,0x3A6C,0x322B,0x2988,0x29A8,0x29EA,0x322B,0x322B,0x320B,0x31EA,0x29A9,0x2188,0x2188,0x29A9,0x29EA,
0x322C,0x322C,0x324D,0x324C,0x322C,0x2A0C,0x29EB,0x29EB,0x2A0B,0x21CA,0x21CA,0x21AA,0x21EB,0x2A2D,0x326E,0x3AAF,
0x3AAF,0x324D,0x21EB,0x2189,0x21AA,0x2A0C,0x21AA,0x29EB,0x324D,0x324D,0x2A2D,0x2A0C,0x2A2D,0x328F,0x32AF,0x328F,
0x326E,0x326E,0x2A4E,0x2A2D,0x21EC,0x21AA,0x21AA,0x21EC,0x2A2D,0x2A2D,0x21EC,0x21EC,0x21CB,0x21EC,0x220C,0x21EC,
0x198A,0x1969,0x1969,0x198A,0x1969,0x1969,0x198A,0x19AB,0x21CB,0x198A,0x1107,0x1107,0x1128,0x1148,0x1949,0x196A,
0x196A,0x1949,0x1149,0x1149,0x1128,0x1149,0x198B,0x198B,0x1128,0x1128,0x116A,0x220F,0x2A90,0x2A90,0x118B,0x08A5,
0x08C5,0x1149,0x19AC,0x19ED,0x19ED,0x116A,0x1108,0x08C6,0x08A4,0x08A5,0x08A5,0x1149,0x224F,0x1149,0x0884,0x0883,
0x0884,0x0907,0x1149,0x118B,0x2271,0x2270,0x19ED,0x118A,0x1149,0x1128,0x1107,0x1107,0x1128,0x116A,0x198B,0x19AB,
0x21EC,0x21ED,0x19CC,0x1969,0x196A,0x198B,0x222E,0x21ED,0x21ED,0x220E,0x220E,0x220E,0x19ED,0x19AC,0x198B,0x198B,
0x198B,0x198B,0x198B,0x116A,0x116A,0x116A,0x1108,0x08E7,0x08C6,0x08A5,0x08E7,0x0929,0x1129,0x0908,0x0908,0x08E7,
0x08C7,0x08A6,0x08A5,0x08A6,0x08C6,0x08A5,0x0064,0x0084,0x0084,0x0084,0x0084,0x0084,0x0084,0x0064,0x0084,0x0085,
0x0085,0x00A6,0x0085,0x0064,0x0064,0x0084,0x0064,0x0064,0x0064,0x0064,0x0064,0x0064,0x0064,0x0064,0x0084,0x0084,
0x0084,0x0064,0x0063,0x0043,0x0043,0x0043,0x0064,0x0064,0x0063,0x0063,0x0064,0x0085,0x00A6,0x0085,0x0085,0x0064,
0x0043,0x0043,0x0063,0x0064,0x0064,0x0064,0x0063,0x0063,0x0063,0x0063,0x0063,0x0063,0x0063,0x0064,0x0085,0x0085,
0x0064,0x0063,0x0043,0x0043,0x0042,0x0042,0x0042,0x0042,0x0042,0x0022,0x0021,0x0021,0x0021,0x0021,0x0021,0x0021,
},
{0x0021,0x0021,0x0021,0x0021,0x0021,0x0022,0x0022,0x0043,0x0063,0x0063,0x0063,0x0042,0x0042,0x0042,0x0063,0x0084,
0x08A5,0x08C6,0x08A5,0x0084,0x0084,0x0084,0x0064,0x0063,0x0063,0x0063,0x0064,0x08A5,0x08A5,0x08A5,0x08C6,0x08C6,
0x08C6,0x08A6,0x08C6,0x08A5,0x0084,0x0063,0x0063,0x0084,0x0063,0x0063,0x0042,0x0042,0x0042,0x0022,0x0022,0x0042,
0x0042,0x0022,0x0042,0x0042,0x0022,0x0022,0x0042,0x0042,0x0042,0x0043,0x0063,0x0063,0x0063,0x0063,0x0063,0x0064,
0x0064,0x0064,0x0084,0x0085,0x0085,0x08A5,0x08A5,0x08A5,0x08C6,0x08C6,0x08C6,0x08A5,0x08A5,0x08A5,0x08C5,0x08A5,
0x08A5,0x08C6,0x08E6,0x08E7,0x1128,0x116A,0x19AC,0x114A,0x08E7,0x08C6,0x1128,0x198B,0x1149,0x08E7,0x08E6,0x08C5,
0x1107,0x1149,0x1128,0x1108,0x1128,0x1128,0x1149,0x1128,0x0907,0x1128,0x1149,0x1128,0x08E6,0x1149,0x19AB,0x19CC,
0x198B,0x116A,0x1149,0x1149,0x1128,0x10E6,0x10E6,0x1107,0x1128,0x1148,0x10E6,0x08A4,0x0883,0x0063,0x0884,0x08C5,
0x0884,0x08C5,0x08A4,0x0883,0x0884,0x08A5,0x08C6,0x08C6,0x08C5,0x0884,0x0884,0x0884,0x1107,0x19AB,0x198A,0x1149,
0x1128,0x1128,0x08E6,0x08C5,0x1107,0x1107,0x10E6,0x08E6,0x1107,0x1107,0x1128,0x1107,0x08E6,0x08C5,0x08C5,0x08A5,
0x08A5,0x08C5,0x08C5,0x08C5,0x08A5,0x08A5,0x08C5,0x08C5,0x10E6,0x1107,0x1148,0x1148,0x1127,0x1148,0x1948,0x198A,
0x21CB,0x21CB,0x198A,0x1949,0x1969,0x19AA,0x19AB,0x1969,0x1948,0x1968,0x1969,0x1969,0x1989,0x198A,0x1948,0x1127,
0x1969,0x1948,0x1106,0x1106,0x10E6,0x1107,0x1948,0x21AA,0x21EC,0x1948,0x1106,0x1989,0x2A0C,0x2A0C,0x21CB,0x21EB,
0x21CA,0x21AA,0x21CA,0x21A9,0x21AA,0x2A2C,0x326D,0x326D,0x3AAF,0x42F0,0x42CF,0x3A6D,0x3A8D,0x3AAE,0x42F0,0x42EF,
0x3A8E,0x3A6D,0x322B,0x2988,0x29EA,0x3A8D,0x42AE,0x3A8D,0x3A6C,0x324C,0x3A6C,0x3A6D,0x3A6C,0x3A8D,0x3A4C,0x3A4B,
0x3A6C,0x428D,0x428D,0x42AD,0x4ACE,0x428C,0x3A4B,0x428D,0x42AD,0x428C,0x3A6C,0x3A4B,0x3A4B,0x428D,0x428C,0x428C,
0x42AD,0x4B0F,0x4B0F,0x4B0F,0x5330,0x4B0F,0x4B0F,0x4B0F,0x4B0F,0x42CE,0x42CE,0x4AEF,0x42CE,0x42AE,0x42AD,0x4AEF,
0x4B0F,0x42CF,0x3A6D,0x322B,0x2188,0x29EA,0x320A,0x29A9,0x29A9,0x29CA,0x29EA,0x29A9,0x29EA,0x322C,0x322C,0x324C,
0x324D,0x322C,0x322C,0x326D,0x326D,0x326E,0x324D,0x2A2C,0x2A0C,0x2A0C,0x29EC,0x21CB,0x21CA,0x2A0C,0x326E,0x3AD0,
0x326E,0x2A2C,0x29EB,0x29EB,0x29EB,0x29EB,0x21CA,0x21AA,0x29EB,0x324D,0x328E,0x328F,0x326E,0x328F,0x2A4D,0x2A2D,
0x2A0D,0x21EB,0x21EC,0x2A0C,0x21EB,0x198A,0x21AA,0x21CB,0x21CB,0x21AA,0x21AA,0x19AA,0x21AA,0x21EC,0x2A0D,0x21CB,
0x19AB,0x198A,0x19AA,0x21CB,0x19AB,0x198A,0x19AB,0x220D,0x2A2E,0x21CB,0x196A,0x196A,0x198A,0x1128,0x10E6,0x1107,
0x196A,0x196A,0x1108,0x1108,0x1107,0x1108,0x08E6,0x08E7,0x1128,0x116A,0x19AC,0x222F,0x2A70,0x19ED,0x198B,0x114A,
0x1128,0x118B,0x19EE,0x220E,0x116A,0x08E6,0x0884,0x0884,0x0884,0x08A5,0x08E7,0x19AB,0x19AC,0x0907,0x08A4,0x08C5,
0x1107,0x1129,0x114A,0x19ED,0x2290,0x222E,0x19ED,0x19ED,0x198B,0x1128,0x1128,0x1128,0x1128,0x1128,0x198B,0x1128,
0x1149,0x198B,0x19AB,0x196A,0x21ED,0x21ED,0x19AB,0x198B,0x220E,0x222F,0x222F,0x220E,0x1A0E,0x19AC,0x198B,0x198B,
0x19AC,0x19AC,0x19AC,0x19AC,0x116B,0x116A,0x1129,0x0907,0x08C6,0x08C6,0x08E7,0x08E7,0x08E7,0x0908,0x08E7,0x08E7,
0x08C6,0x08A5,0x08A5,0x08A5,0x08A5,0x0084,0x0084,0x0084,0x0064,0x0063,0x0064,0x0084,0x0084,0x0064,0x0064,0x0085,
0x0085,0x0085,0x0084,0x0064,0x0064,0x0084,0x0084,0x0085,0x0085,0x0084,0x0084,0x0084,0x0084,0x0085,0x0085,0x0085,
0x0064,0x0063,0x0043,0x0043,0x0043,0x0043,0x0064,0x0043,0x0043,0x0064,0x0085,0x0085,0x0085,0x00A5,0x0084,0x0064,
0x0064,0x0064,0x0064,0x0064,0x0064,0x0064,0x0064,0x0064,0x0064,0x0063,0x0063,0x0063,0x0063,0x0064,0x0084,0x0064,
0x0084,0x0064,0x0043,0x0043,0x0042,0x0042,0x0042,0x0022,0x0022,0x0022,0x0021,0x0021,0x0021,0x0021,0x0021,0x0021,
},
{0x0021,0x0021,0x0021,0x0021,0x0021,0x0022,0x0042,0x0043,0x0063,0x0043,0x0042,0x0042,0x0042,0x0043,0x0043,0x0064,
0x0885,0x08C6,0x08A6,0x0064,0x0063,0x0063,0x0063,0x0043,0x0043,0x0063,0x0084,0x08C6,0x08C7,0x0885,0x0084,0x08A5,
0x08C6,0x08E7,0x0908,0x0908,0x08C6,0x0084,0x0063,0x0063,0x0063,0x0063,0x0042,0x0022,0x0022,0x0022,0x0022,0x0022,
0x0022,0x0042,0x0042,0x0022,0x0022,0x0042,0x0042,0x0043,0x0063,0x0063,0x0063,0x0063,0x0063,0x0084,0x0084,0x0084,
0x0064,0x0064,0x0085,0x08A6,0x08C6,0x08A5,0x08A5,0x08A5,0x08C6,0x08C6,0x08C6,0x08C6,0x08C6,0x08C6,0x08C6,0x08C6,
0x08C5,0x08C6,0x08C6,0x08E7,0x1149,0x116A,0x118B,0x11AC,0x1128,0x08E6,0x1107,0x1108,0x08E7,0x08C6,0x08A5,0x08C6,
0x1107,0x1129,0x1149,0x1128,0x1129,0x1129,0x114A,0x198B,0x198B,0x198B,0x222E,0x19CC,0x08C5,0x10E6,0x1128,0x1149,
0x1128,0x198A,0x198A,0x196A,0x1148,0x10E6,0x1107,0x198A,0x1969,0x1949,0x1107,0x08A5,0x0863,0x0884,0x08C5,0x08C5,
0x08A4,0x0884,0x0884,0x0884,0x0884,0x08A5,0x10E6,0x08E6,0x08C6,0x08C5,0x08C5,0x08C5,0x1128,0x1128,0x1149,0x1148,
0x1149,0x1128,0x10E7,0x1107,0x1128,0x10E6,0x08C6,0x08E6,0x10E6,0x10E6,0x10E6,0x08C5,0x08A5,0x08C5,0x08C5,0x0884,
0x0884,0x08A4,0x08A4,0x0884,0x08A4,0x08C5,0x08C6,0x08E6,0x10E6,0x1128,0x1948,0x1128,0x1127,0x1128,0x1949,0x19AB,
0x21CB,0x198A,0x1948,0x1969,0x1969,0x21AB,0x21CB,0x198A,0x1948,0x1948,0x1969,0x198A,0x21AB,0x198A,0x1968,0x1127,
0x1969,0x1127,0x10E5,0x10E5,0x10C5,0x1927,0x1948,0x218A,0x1969,0x10E6,0x10C5,0x1969,0x220C,0x21CB,0x21AA,0x21EB,
0x21CB,0x21AA,0x2189,0x1968,0x1968,0x21AA,0x2A0C,0x2A2C,0x326E,0x3AAF,0x3ACF,0x3AAE,0x3AAE,0x42CF,0x42F0,0x4B31,
0x4310,0x42AE,0x3A8D,0x29EA,0x2167,0x31EA,0x428D,0x42EF,0x42CE,0x3A6C,0x3A4C,0x3A4C,0x3A4C,0x3A6C,0x320B,0x320A,
0x3A6C,0x42AD,0x428D,0x428D,0x42CE,0x42AD,0x428D,0x428D,0x428C,0x3A2B,0x3A4C,0x3A6C,0x3A4C,0x3A4B,0x320A,0x3A2A,
0x3A4B,0x42AD,0x428D,0x428D,0x42AD,0x428D,0x428D,0x428D,0x42CE,0x4B30,0x5330,0x4B10,0x4AEF,0x428D,0x428D,0x4AEF,
0x4AEF,0x42EF,0x42CE,0x29EA,0x29A8,0x320B,0x29C9,0x29A8,0x29A9,0x29CA,0x29A9,0x21A9,0x29CA,0x2A0B,0x324D,0x326D,
0x326D,0x3A8E,0x3AAE,0x3AAF,0x3AAF,0x3AAF,0x326D,0x2A2C,0x324D,0x324D,0x29EB,0x21AA,0x2A0B,0x324D,0x328E,0x3AD0,
0x326E,0x2A2D,0x29EB,0x2A0C,0x324D,0x326E,0x324D,0x2A0C,0x2A2D,0x326E,0x326E,0x328F,0x326E,0x2A4D,0x2A2D,0x2A2D,
0x21EB,0x21AA,0x21AB,0x21CB,0x21AA,0x21AB,0x21AA,0x21CB,0x21CB,0x1989,0x198A,0x1969,0x19AA,0x21CC,0x21CB,0x19AA,
0x21CC,0x21CC,0x21EC,0x21EC,0x21CB,0x19AB,0x21AB,0x21CB,0x21CC,0x19AB,0x1969,0x198A,0x21ED,0x19AB,0x08C6,0x08A5,
0x1107,0x1128,0x08C6,0x08A4,0x08A5,0x08A4,0x08C6,0x1107,0x114A,0x19CD,0x1A0E,0x1A0E,0x118B,0x08C6,0x08E6,0x1108,
0x08C6,0x1149,0x19AC,0x198B,0x1149,0x08C6,0x08A5,0x0883,0x08A5,0x114A,0x19CD,0x19CD,0x1149,0x08C6,0x08A5,0x08E6,
0x1107,0x116A,0x224F,0x2A91,0x2270,0x222F,0x19AC,0x198B,0x1149,0x1107,0x19AB,0x19AB,0x198A,0x19AB,0x21EC,0x19AB,
0x21CC,0x220D,0x220D,0x222E,0x220E,0x19AB,0x198B,0x198B,0x116A,0x19AB,0x19CD,0x19CD,0x19CD,0x19ED,0x220E,0x220F,
0x19AC,0x114A,0x116B,0x19AC,0x19AD,0x11AC,0x118C,0x1129,0x0908,0x08E7,0x08E7,0x08E7,0x08E7,0x08E7,0x0908,0x08E7,
0x08C6,0x08C6,0x08A6,0x08A5,0x0085,0x0084,0x0084,0x0064,0x0064,0x0064,0x0084,0x0084,0x0084,0x0084,0x0084,0x00A5,
0x0085,0x0084,0x0064,0x0064,0x0084,0x0085,0x0085,0x0085,0x0085,0x0084,0x0084,0x0084,0x0084,0x0084,0x0084,0x0063,
0x0063,0x0043,0x0043,0x0042,0x0042,0x0043,0x0064,0x0063,0x0063,0x0064,0x0064,0x0085,0x0084,0x0085,0x0084,0x0064,
0x0064,0x0084,0x0084,0x00A5,0x0085,0x0064,0x0064,0x0064,0x0064,0x0063,0x0043,0x0043,0x0064,0x0063,0x0064,0x0084,
0x0064,0x0064,0x0063,0x0043,0x0042,0x0042,0x0022,0x0022,0x0022,0x0022,0x0021,0x0021,0x0021,0x0021,0x0021,0x0021,
},
{0x0021,0x0021,0x0021,0x0021,0x0021,0x0022,0x0042,0x0042,0x0042,0x0042,0x0022,0x0042,0x0043,0x0063,0x0063,0x0084,
0x0085,0x00A5,0x00A5,0x0064,0x0043,0x0043,0x0043,0x0043,0x0063,0x0084,0x08A5,0x08C6,0x08C6,0x0885,0x08A5,0x0885,
0x08A5,0x08E8,0x08C7,0x08A5,0x0084,0x0063,0x0063,0x0063,0x0063,0x0043,0x0042,0x0042,0x0042,0x0022,0x0021,0x0022,
0x0022,0x0022,0x0042,0x0042,0x0042,0x0042,0x0042,0x0043,0x0063,0x0063,0x0063,0x0063,0x0064,0x0084,0x0084,0x0064,
0x0084,0x08A5,0x08A5,0x08A5,0x0085,0x0084,0x08A5,0x08A5,0x08A5,0x08C6,0x08C6,0x08C6,0x08A5,0x08C6,0x08E7,0x08C6,
0x08C6,0x08C6,0x08C6,0x0907,0x1129,0x118B,0x19AC,0x19AC,0x198B,0x1149,0x1128,0x08E7,0x08E6,0x08A5,0x08C5,0x08E7,
0x1108,0x1128,0x1149,0x1149,0x1128,0x114A,0x118B,0x198B,0x118B,0x19AB,0x222F,0x19AC,0x08E6,0x08A4,0x08E6,0x1149,
0x198B,0x220D,0x222F,0x19AB,0x1107,0x10E7,0x1948,0x198A,0x1128,0x10E6,0x1107,0x08E6,0x0884,0x08C5,0x08C5,0x08A5,
0x08C5,0x0863,0x0042,0x0063,0x0063,0x08A5,0x08E6,0x08E6,0x1107,0x10E7,0x10E7,0x1128,0x1149,0x1128,0x10E7,0x08E6,
0x08C6,0x1107,0x1128,0x1107,0x10E7,0x08C6,0x08C6,0x10E7,0x08E6,0x08C5,0x08C6,0x08C5,0x08A5,0x08C5,0x08C5,0x0884,
0x0884,0x0884,0x08A4,0x0884,0x08A5,0x08C5,0x08C5,0x10E6,0x1107,0x1128,0x1148,0x1128,0x1128,0x1148,0x1969,0x198A,
0x1969,0x1148,0x1949,0x1949,0x1148,0x19AA,0x21CB,0x19AA,0x1948,0x1969,0x198A,0x21AB,0x19AA,0x19AA,0x198A,0x1948,
0x1968,0x1127,0x10E6,0x08A4,0x08A4,0x10E5,0x1968,0x1948,0x1927,0x1927,0x1106,0x1968,0x21EB,0x21AA,0x21CB,0x29EC,
0x21CB,0x21A9,0x1947,0x1947,0x1947,0x2189,0x29EB,0x2A0C,0x326E,0x3A8E,0x3A8E,0x3AAE,0x3ACF,0x326D,0x326D,0x42F0,
0x42CF,0x3A8E,0x3AAE,0x3A4C,0x2167,0x29EA,0x3A4C,0x42AE,0x4B0F,0x3A8D,0x322B,0x320A,0x31EA,0x31EA,0x31EA,0x29EA,
0x320B,0x3A4B,0x3A6D,0x42AD,0x428D,0x428D,0x42CE,0x42CE,0x3A8D,0x3A4B,0x3A6C,0x42AE,0x42AE,0x3A6C,0x3A4C,0x3A6C,
0x3A2B,0x320A,0x320A,0x320A,0x3A2B,0x320B,0x320A,0x320A,0x3A2B,0x428D,0x42CE,0x42CE,0x3A6C,0x3A6C,0x3A4B,0x3A4C,
0x3A4B,0x3A4C,0x3A6C,0x322B,0x320B,0x324C,0x324C,0x320B,0x320B,0x322C,0x324C,0x324C,0x322C,0x322C,0x324D,0x326D,
0x324D,0x326E,0x3AAF,0x3AAF,0x3AAF,0x324C,0x29EB,0x29CA,0x29CA,0x21CA,0x2189,0x29EB,0x326D,0x328F,0x328F,0x326E,
0x324E,0x2A2D,0x2A2D,0x2A4D,0x324E,0x326E,0x324D,0x2A4D,0x2A4E,0x2A4E,0x2A2D,0x2A2D,0x2A0D,0x220C,0x21EC,0x21CB,
0x21AA,0x198A,0x198A,0x198A,0x198A,0x21AB,0x21CB,0x21EB,0x21CB,0x21AB,0x21EC,0x220C,0x2A0D,0x21EC,0x21CB,0x198A,
0x21CB,0x21CC,0x21CB,0x19AB,0x19AB,0x198A,0x198A,0x198A,0x198A,0x1969,0x196A,0x1969,0x196A,0x1128,0x08C5,0x0884,
0x0883,0x0063,0x08A5,0x08A5,0x08E6,0x1128,0x114A,0x1149,0x114A,0x118C,0x114A,0x0907,0x08C6,0x0884,0x08A5,0x08A4,
0x1128,0x19CC,0x19ED,0x19CD,0x19AB,0x1128,0x08C6,0x08A5,0x1149,0x220E,0x1A0E,0x19AC,0x1108,0x08C6,0x08C5,0x1107,
0x196A,0x220E,0x32D2,0x2AB1,0x2270,0x222F,0x19AC,0x1108,0x1107,0x1149,0x19AB,0x21ED,0x2A4F,0x220E,0x21ED,0x220D,
0x220D,0x222E,0x222E,0x220E,0x21ED,0x19AB,0x196A,0x198A,0x198B,0x19AB,0x196A,0x198B,0x198B,0x19AC,0x19CC,0x19CD,
0x19AC,0x19ED,0x220E,0x19CD,0x118B,0x118B,0x1129,0x1149,0x1129,0x0928,0x1129,0x0908,0x08E7,0x08E7,0x08E7,0x08E7,
0x08C6,0x08C6,0x08C6,0x08A5,0x08A5,0x0084,0x0084,0x0063,0x0064,0x0064,0x0084,0x0084,0x0085,0x0085,0x00A6,0x00A6,
0x0084,0x0063,0x0063,0x0063,0x0064,0x0064,0x0064,0x0084,0x0084,0x0064,0x0064,0x0064,0x0064,0x0064,0x0064,0x0063,
0x0063,0x0063,0x0043,0x0042,0x0022,0x0043,0x0064,0x0064,0x0064,0x0084,0x0085,0x0064,0x0084,0x0085,0x0064,0x0063,
0x0064,0x0084,0x0085,0x0085,0x0085,0x0064,0x0064,0x0064,0x0063,0x0043,0x0043,0x0063,0x0064,0x0064,0x0085,0x0064,
0x0064,0x0064,0x0043,0x0043,0x0042,0x0042,0x0022,0x0022,0x0022,0x0022,0x0021,0x0021,0x0021,0x0021,0x0021,0x0021,
},
{0x0021,0x0021,0x0021,0x0021,0x0021,0x0022,0x0042,0x0042,0x0022,0x0022,0x0042,0x0042,0x0042,0x0063,0x0084,0x0084,
0x0064,0x0084,0x00A5,0x0084,0x0043,0x0043,0x0043,0x0063,0x0085,0x08A6,0x08A6,0x08A5,0x0885,0x0085,0x08A5,0x00A5,
0x08A6,0x1129,0x08A5,0x0063,0x0042,0x0042,0x0063,0x0064,0x0063,0x0043,0x0042,0x0022,0x0022,0x0022,0x0022,0x0022,
0x0022,0x0042,0x0042,0x0042,0x0042,0x0042,0x0043,0x0043,0x0063,0x0063,0x0063,0x0064,0x0084,0x0085,0x0063,0x0063,
0x0084,0x08C6,0x08C6,0x0085,0x0084,0x0084,0x08A5,0x08C6,0x08C6,0x08E6,0x08E7,0x08E6,0x08C5,0x08C6,0x08E7,0x08C6,
0x08C6,0x08A6,0x08E7,0x1108,0x114A,0x114A,0x1129,0x1149,0x1129,0x1108,0x1108,0x1107,0x08A5,0x08A5,0x08E6,0x1128,
0x1108,0x1128,0x116A,0x1149,0x1129,0x118B,0x116B,0x19CD,0x220E,0x19CD,0x19AC,0x1108,0x08A5,0x08E6,0x1128,0x1107,
0x196A,0x21EC,0x19AB,0x1149,0x10E7,0x116A,0x198A,0x1128,0x1107,0x08A5,0x08C6,0x08E6,0x08C6,0x10E7,0x08C5,0x08A4,
0x0884,0x0063,0x0022,0x0042,0x0884,0x08C5,0x08E6,0x08E6,0x10E7,0x1107,0x1107,0x10E7,0x1128,0x1149,0x1108,0x08E6,
0x1107,0x1107,0x08E7,0x08E6,0x08E6,0x08C6,0x08E6,0x08E6,0x08A5,0x08A5,0x08C5,0x08E6,0x08C6,0x10E7,0x08C5,0x0884,
0x0884,0x0884,0x08A5,0x08C5,0x08C6,0x08E6,0x08E6,0x1107,0x1107,0x1107,0x10E6,0x1127,0x1969,0x1149,0x1949,0x198A,
0x1128,0x1128,0x1148,0x1948,0x1969,0x1969,0x21CB,0x19AA,0x1969,0x19AA,0x21EC,0x21EC,0x21AA,0x1989,0x198A,0x1969,
0x1948,0x1948,0x1948,0x10E6,0x08A4,0x10C5,0x1107,0x10E6,0x1927,0x21CB,0x21AA,0x1969,0x21AA,0x21CB,0x2A0C,0x2A0C,
0x21EB,0x2189,0x1947,0x1948,0x1948,0x2189,0x21CA,0x2A0C,0x326D,0x3A8F,0x326E,0x322C,0x324D,0x2A0B,0x21A9,0x324C,
0x3A8E,0x3A8E,0x3AAE,0x42CF,0x29EA,0x29A9,0x320B,0x324C,0x42AE,0x3A4C,0x320A,0x31EA,0x322B,0x320A,0x29C9,0x29A8,
0x31EA,0x320B,0x322B,0x3A4C,0x3A4C,0x3A4C,0x3A4C,0x3A6C,0x3A6D,0x3A6D,0x3A8D,0x3A6C,0x3A6C,0x428D,0x42CE,0x42CE,
0x42AE,0x3A4C,0x322B,0x322B,0x31EA,0x31E9,0x31C9,0x31EA,0x320A,0x3A4B,0x322B,0x320B,0x324B,0x320A,0x29A8,0x31EA,
0x31EA,0x320A,0x3A6D,0x42CF,0x42CF,0x42CF,0x42CF,0x3A6D,0x3A6D,0x3A8D,0x3A8D,0x3AAE,0x3ACF,0x3AAF,0x326E,0x3A8F,
0x3AAF,0x3AAF,0x326E,0x326D,0x326D,0x29EB,0x21AA,0x1968,0x1968,0x2189,0x2189,0x21CA,0x2A0C,0x2A4D,0x2A4E,0x2A0C,
0x2A0C,0x2A0C,0x2A2D,0x2A2D,0x2A4D,0x2A2D,0x2A4D,0x2A2D,0x21EB,0x21CB,0x21CB,0x21CB,0x21CB,0x21AA,0x198A,0x198A,
0x1969,0x198A,0x198A,0x198A,0x21AB,0x21EC,0x2A0D,0x2A2D,0x2A2D,0x2A2D,0x2A2D,0x21EC,0x21EC,0x21EC,0x21EC,0x21CB,
0x1148,0x1128,0x1128,0x1127,0x1969,0x198A,0x19AB,0x198A,0x19AB,0x19ED,0x19CC,0x1128,0x08A5,0x0884,0x0884,0x0883,
0x0884,0x08A4,0x08C5,0x08E7,0x1128,0x1149,0x198B,0x19CC,0x19AC,0x114A,0x1128,0x08C6,0x08E6,0x1108,0x1149,0x198B,
0x19AB,0x19CC,0x19CC,0x19AB,0x198A,0x1149,0x1128,0x198B,0x224F,0x2A70,0x222F,0x198B,0x1149,0x1107,0x08E6,0x1128,
0x19AB,0x2AB1,0x2270,0x224F,0x224F,0x220E,0x1149,0x1107,0x198A,0x220D,0x222E,0x222E,0x2A4F,0x220E,0x19ED,0x220D,
0x222E,0x222E,0x21ED,0x21CC,0x19AB,0x198A,0x1149,0x1949,0x19AC,0x19CC,0x19AC,0x19AC,0x19CC,0x19CD,0x19CC,0x19AC,
0x118B,0x19ED,0x2A71,0x19EE,0x114A,0x116A,0x114A,0x0928,0x1128,0x1149,0x1129,0x1128,0x0908,0x08E7,0x08E7,0x08C6,
0x08C6,0x08A5,0x08A6,0x08A5,0x08A5,0x08A5,0x0084,0x0084,0x0084,0x0084,0x0084,0x00A5,0x00A5,0x00A5,0x00A5,0x0084,
0x0064,0x0063,0x0063,0x0064,0x0063,0x0063,0x0063,0x0064,0x0064,0x0084,0x0084,0x0064,0x0064,0x0064,0x0064,0x0064,
0x0043,0x0043,0x0042,0x0042,0x0042,0x0043,0x0064,0x0063,0x0063,0x0064,0x0064,0x0063,0x0063,0x0064,0x0064,0x0043,
0x0063,0x0064,0x0064,0x0085,0x0085,0x0084,0x0064,0x0063,0x0043,0x0042,0x0042,0x0043,0x0063,0x0064,0x0064,0x0064,
0x0064,0x0063,0x0043,0x0042,0x0042,0x0042,0x0042,0x0042,0x0022,0x0022,0x0021,0x0021,0x0021,0x0021,0x0021,0x0021,
},
{0x0021,0x0021,0x0021,0x0021,0x0021,0x0022,0x0042,0x0042,0x0042,0x0022,0x0042,0x0042,0x0043,0x0063,0x0064,0x0043,
0x0043,0x0064,0x0085,0x0084,0x0063,0x0043,0x0043,0x0064,0x0085,0x0085,0x0064,0x0064,0x0084,0x0063,0x0084,0x08A5,
0x0908,0x08C7,0x0064,0x0042,0x0043,0x0063,0x0063,0x0084,0x0084,0x0063,0x0042,0x0022,0x0022,0x0022,0x0022,0x0022,
0x0022,0x0042,0x0042,0x0042,0x0043,0x0042,0x0042,0x0042,0x0063,0x0084,0x0884,0x0084,0x0085,0x0084,0x0084,0x0063,
0x0084,0x08A5,0x08A5,0x08A5,0x08A5,0x08A5,0x08C6,0x08C6,0x08E6,0x0907,0x08E7,0x08E7,0x08E7,0x08C6,0x08C6,0x08C6,
0x08A6,0x08E7,0x1108,0x1108,0x1108,0x1108,0x08E7,0x1107,0x08E7,0x08C6,0x08E7,0x08C6,0x08A5,0x08C6,0x08E7,0x1108,
0x1129,0x116A,0x198B,0x116A,0x198B,0x19CD,0x19CD,0x2A70,0x2A90,0x118B,0x19AC,0x1128,0x08C5,0x1128,0x116A,0x1149,
0x196A,0x1149,0x1128,0x198B,0x116A,0x198B,0x19CC,0x1148,0x10E7,0x08E6,0x08C6,0x08A5,0x08A5,0x08C5,0x0884,0x0884,
0x08A4,0x0063,0x0042,0x0063,0x08A5,0x08C5,0x08E6,0x08E6,0x08C6,0x1107,0x10E7,0x08C6,0x08E7,0x1128,0x1128,0x1128,
0x196A,0x1149,0x08E7,0x1107,0x08E6,0x08C6,0x08C6,0x08C6,0x0884,0x0883,0x08A5,0x08E6,0x10E6,0x08E6,0x08A5,0x0884,
0x0884,0x0884,0x08A4,0x08C5,0x08E6,0x08E6,0x10E6,0x10E6,0x10E6,0x08E6,0x08C5,0x1107,0x1128,0x1128,0x196A,0x196A,
0x1148,0x1128,0x1969,0x198A,0x21AB,0x21AB,0x21EC,0x198A,0x19AB,0x21CB,0x2A0D,0x21CB,0x198A,0x198A,0x198A,0x19AB,
0x1969,0x1128,0x1107,0x10E6,0x08A4,0x08A4,0x10C5,0x10E6,0x1969,0x21CB,0x21AB,0x21CB,0x198A,0x21CB,0x21EC,0x21EB,
0x21CB,0x21CB,0x1989,0x1948,0x1947,0x1927,0x2189,0x2A0C,0x324D,0x326E,0x326E,0x322C,0x322C,0x29EB,0x21CA,0x29EB,
0x322C,0x322C,0x322C,0x3A8D,0x322C,0x29EA,0x29EA,0x31EA,0x322B,0x29C9,0x31EA,0x320B,0x3A8D,0x3A8D,0x320B,0x29C9,
0x29EA,0x29A9,0x29C9,0x31EA,0x320B,0x320A,0x320B,0x320B,0x3A4C,0x3A8D,0x42AE,0x428D,0x322B,0x322B,0x3A4C,0x3A6D,
0x3A8D,0x3A8D,0x3A6C,0x3A6D,0x3A6D,0x322B,0x29C9,0x31EA,0x3A6C,0x42CF,0x3A8D,0x3A6C,0x3A4C,0x322B,0x29EA,0x29EA,
0x29CA,0x29EA,0x322B,0x3A6D,0x3A8E,0x3AAE,0x3A8D,0x3A6D,0x320B,0x2188,0x29CA,0x2A0B,0x322C,0x326D,0x29EB,0x326E,
0x3AAF,0x326E,0x326E,0x2A2D,0x324D,0x2A0C,0x29EB,0x21CA,0x1989,0x2189,0x29EB,0x2A2C,0x2A2C,0x2A2C,0x2A0C,0x21EB,
0x21AA,0x21CA,0x21CB,0x21EB,0x2A0C,0x2A0C,0x2A0C,0x21CB,0x21AA,0x2189,0x1969,0x1989,0x19AA,0x198A,0x21AA,0x21CB,
0x21AA,0x198A,0x19AA,0x21EC,0x21EC,0x220C,0x220D,0x2A2E,0x2A0D,0x2A2D,0x2A2E,0x198A,0x1949,0x1948,0x19AA,0x19AA,
0x1127,0x10C5,0x10E6,0x1107,0x1128,0x198A,0x198B,0x19AB,0x21ED,0x2A4F,0x21CC,0x1128,0x08E6,0x08C5,0x0884,0x08A4,
0x0884,0x08A5,0x10E7,0x1129,0x1149,0x116A,0x198A,0x19AB,0x114A,0x1128,0x08A5,0x08C5,0x1149,0x116A,0x198B,0x19AB,
0x116A,0x116A,0x198A,0x1149,0x1169,0x198A,0x19AB,0x220E,0x2AD1,0x224F,0x222F,0x220E,0x114A,0x1149,0x1149,0x19AC,
0x224F,0x2AB1,0x2270,0x224F,0x222F,0x220D,0x19CC,0x21EC,0x2A4F,0x32B1,0x2A4F,0x220E,0x21ED,0x19CC,0x19CC,0x19CC,
0x21ED,0x220D,0x19CC,0x19AC,0x19AB,0x196A,0x196A,0x1149,0x198B,0x19CC,0x21ED,0x220E,0x19ED,0x19ED,0x19ED,0x19CD,
0x118C,0x11AC,0x19CD,0x118B,0x114A,0x1129,0x114A,0x1129,0x0929,0x0908,0x0907,0x0908,0x0908,0x08E7,0x08C6,0x08C6,
0x08A5,0x08A5,0x08A5,0x08C6,0x08C7,0x08C6,0x08A6,0x00A5,0x0085,0x0085,0x00A5,0x00A5,0x0085,0x0084,0x0064,0x0063,
0x0064,0x0063,0x0063,0x0063,0x0063,0x0063,0x0064,0x0064,0x0084,0x0085,0x0085,0x0085,0x0085,0x0085,0x0064,0x0064,
0x0063,0x0043,0x0043,0x0043,0x0043,0x0043,0x0063,0x0043,0x0043,0x0043,0x0043,0x0063,0x0043,0x0064,0x0064,0x0063,
0x0063,0x0063,0x0064,0x0085,0x00A6,0x0084,0x0084,0x0064,0x0043,0x0043,0x0043,0x0063,0x0063,0x0043,0x0043,0x0043,
0x0063,0x0063,0x0042,0x0042,0x0042,0x0022,0x0022,0x0022,0x0022,0x0022,0x0021,0x0021,0x0021,0x0021,0x0021,0x0021,
},
{0x0021,0x0021,0x0021,0x0021,0x0021,0x0022,0x0022,0x0042,0x0042,0x0022,0x0042,0x0042,0x0043,0x0063,0x0043,0x0042,
0x0043,0x0064,0x0084,0x0063,0x0043,0x0043,0x0042,0x0063,0x0064,0x0063,0x0043,0x0063,0x0063,0x0063,0x0084,0x0885,
0x08C6,0x0063,0x0063,0x0042,0x0063,0x0084,0x0885,0x08A5,0x0084,0x0043,0x0022,0x0022,0x0022,0x0022,0x0042,0x0042,
0x0042,0x0042,0x0043,0x0043,0x0042,0x0043,0x0043,0x0043,0x0063,0x0084,0x08A5,0x08A5,0x08A5,0x0084,0x0063,0x0063,
0x0084,0x08A5,0x08A5,0x08A5,0x08A5,0x08A5,0x08C6,0x08E7,0x1108,0x0907,0x08E7,0x08E7,0x08E7,0x08E7,0x08E7,0x08E7,
0x08E7,0x08E7,0x08E7,0x08E7,0x1108,0x1108,0x08E7,0x1107,0x08E6,0x08A4,0x08C5,0x08A5,0x08C6,0x08E7,0x1108,0x1149,
0x116B,0x198B,0x19AC,0x19CD,0x19ED,0x19ED,0x19EE,0x19AB,0x220D,0x2A90,0x222E,0x08E7,0x08E6,0x1107,0x1149,0x19AB,
0x19AC,0x198A,0x19AC,0x220E,0x220E,0x21EC,0x1149,0x10E6,0x08C6,0x08C6,0x08C5,0x0884,0x0884,0x08A4,0x0884,0x0884,
0x0884,0x0083,0x0063,0x0884,0x08A5,0x08C6,0x08C6,0x1107,0x1108,0x1107,0x08E6,0x08C6,0x08E7,0x0907,0x1128,0x1128,
0x196A,0x1149,0x08E6,0x08C6,0x08C6,0x08C5,0x08A5,0x08A5,0x0083,0x0063,0x08A4,0x08C5,0x10E6,0x08E6,0x08A4,0x0884,
0x0884,0x0884,0x08A5,0x08C6,0x08C6,0x08C5,0x08C5,0x08C5,0x08C5,0x08C5,0x08E6,0x1107,0x1107,0x1128,0x1149,0x1148,
0x1148,0x1128,0x198A,0x21CC,0x21EC,0x21EC,0x21EC,0x19AB,0x19AB,0x21EC,0x21CC,0x198A,0x19AA,0x19AB,0x19AB,0x21AB,
0x1948,0x1969,0x1128,0x10E6,0x08A4,0x08A4,0x08A4,0x1107,0x198A,0x1127,0x1127,0x1969,0x1948,0x21CB,0x21EC,0x198A,
0x1948,0x198A,0x21AA,0x1948,0x1927,0x1106,0x1947,0x21CA,0x2A0C,0x324D,0x326D,0x3A8F,0x3ACF,0x324D,0x2A0B,0x2188,
0x21A9,0x29CA,0x29CA,0x29CA,0x29EA,0x320B,0x322C,0x324C,0x322B,0x2988,0x29C9,0x322B,0x3A8D,0x42CE,0x320B,0x29C9,
0x29C9,0x29A9,0x29A8,0x29C9,0x29C9,0x29EA,0x320B,0x320A,0x320B,0x322B,0x3A6D,0x3A6C,0x322C,0x320B,0x320A,0x320B,
0x29EA,0x29CA,0x29EA,0x322B,0x3A8D,0x324C,0x29C9,0x29A9,0x29EA,0x3AAE,0x42CF,0x3A8E,0x322C,0x320B,0x29EA,0x320B,
0x3A6C,0x3A8D,0x3A6D,0x3A6D,0x3A6D,0x322C,0x322C,0x324C,0x29EA,0x29EA,0x322C,0x324C,0x322C,0x324C,0x324C,0x326E,
0x326E,0x326E,0x326D,0x324D,0x324D,0x2A2C,0x2A0C,0x29EB,0x21CB,0x2A0C,0x326E,0x326E,0x2A4D,0x29EB,0x21AA,0x21AA,
0x21AA,0x218A,0x2189,0x218A,0x21AA,0x21AA,0x218A,0x1989,0x1969,0x2189,0x21AA,0x21CB,0x21EC,0x21EC,0x21CB,0x19AA,
0x1989,0x19AA,0x21CB,0x21CB,0x21CB,0x21AB,0x21AB,0x198A,0x21AB,0x19AA,0x1949,0x1107,0x1107,0x1128,0x1948,0x1148,
0x1128,0x1107,0x1127,0x1128,0x1127,0x1148,0x196A,0x220D,0x21EC,0x196A,0x1128,0x1107,0x1128,0x08E6,0x08A5,0x0884,
0x08A4,0x08A5,0x08C5,0x08E6,0x1107,0x1108,0x08E6,0x08A5,0x08A5,0x08A5,0x0883,0x08A5,0x1949,0x21ED,0x21ED,0x19CC,
0x19CC,0x19AC,0x19AC,0x1149,0x1149,0x222E,0x2270,0x32D1,0x3312,0x32F2,0x2AB1,0x224F,0x222F,0x1A0E,0x222F,0x2270,
0x2AB1,0x2AB1,0x2AB1,0x2A90,0x2A6F,0x2A70,0x224F,0x2A6F,0x2A90,0x2A6F,0x224E,0x222E,0x222E,0x19EC,0x19CC,0x19CC,
0x19CC,0x19AB,0x19AB,0x196A,0x1149,0x1149,0x1149,0x1149,0x1107,0x08E7,0x1148,0x1149,0x1149,0x116A,0x118B,0x11AC,
0x11AC,0x118B,0x116B,0x118B,0x118C,0x114A,0x0908,0x0908,0x0908,0x08E7,0x08E7,0x08E7,0x08C6,0x08C6,0x08A6,0x08A5,
0x08C7,0x08E7,0x08C6,0x08E7,0x08E7,0x08C6,0x00A5,0x0085,0x0085,0x0085,0x0084,0x0084,0x0064,0x0064,0x0064,0x0063,
0x0063,0x0063,0x0063,0x0063,0x0063,0x0063,0x0064,0x0085,0x00A5,0x00A6,0x00A5,0x0085,0x0085,0x0085,0x0084,0x0064,
0x0064,0x0064,0x0063,0x0063,0x0043,0x0043,0x0043,0x0043,0x0043,0x0063,0x0043,0x0043,0x0063,0x0064,0x0084,0x0064,
0x0064,0x0063,0x0085,0x00A6,0x00A6,0x0085,0x0085,0x0064,0x0064,0x0063,0x0063,0x0064,0x0063,0x0043,0x0043,0x0043,
0x0043,0x0043,0x0042,0x0042,0x0042,0x0022,0x0022,0x0022,0x0022,0x0022,0x0021,0x0021,0x0021,0x0021,0x0021,0x0021,
},
{0x0021,0x0021,0x0021,0x0021,0x0021,0x0022,0x0042,0x0042,0x0042,0x0042,0x0042,0x0042,0x0042,0x0042,0x0042,0x0043,
0x0043,0x0063,0x0064,0x0043,0x0042,0x0043,0x0043,0x0043,0x0063,0x0043,0x0042,0x0043,0x0063,0x0084,0x08A5,0x0084,
0x0063,0x0042,0x0043,0x0084,0x0884,0x0084,0x08A5,0x08A5,0x0084,0x0042,0x0022,0x0022,0x0022,0x0022,0x0043,0x0042,
0x0042,0x0063,0x0043,0x0043,0x0042,0x0063,0x0063,0x0063,0x0063,0x0084,0x08A5,0x08C6,0x08A5,0x0063,0x0063,0x0084,
0x08A5,0x08C6,0x08A5,0x08A5,0x08A5,0x08A5,0x08C6,0x0907,0x1108,0x08E7,0x0908,0x0908,0x0908,0x0907,0x08E7,0x08E7,
0x08C6,0x08A5,0x08C5,0x08E7,0x1108,0x08E7,0x08E7,0x08E7,0x08C5,0x08A4,0x08A5,0x08A5,0x08C6,0x08E7,0x1129,0x1149,
0x114A,0x114A,0x198C,0x19CD,0x19CD,0x19CD,0x1A0E,0x19AC,0x19AC,0x224F,0x1149,0x08A5,0x08C6,0x08E7,0x1149,0x1149,
0x19CC,0x224F,0x222E,0x19CC,0x198B,0x1149,0x10E7,0x08A5,0x08A5,0x08A5,0x08A4,0x0884,0x08A5,0x08A5,0x0884,0x08A4,
0x0883,0x0063,0x0063,0x0884,0x08A5,0x08C5,0x08C6,0x08C6,0x08E7,0x1128,0x1107,0x08E6,0x1107,0x1149,0x198A,0x1128,
0x10E7,0x08C6,0x08C5,0x08E6,0x08C6,0x08A5,0x08A4,0x0884,0x0063,0x0884,0x08A4,0x08E6,0x10E6,0x08A5,0x0884,0x0863,
0x0884,0x08A4,0x08C5,0x08C5,0x08C5,0x08A5,0x08A4,0x08A5,0x08A5,0x08C5,0x08E6,0x1127,0x1128,0x1128,0x1148,0x1128,
0x1148,0x1149,0x198A,0x21CB,0x21CB,0x21EC,0x220D,0x21CB,0x21CC,0x21EC,0x19AA,0x1969,0x1969,0x19AB,0x198A,0x1107,
0x1128,0x198A,0x1969,0x1127,0x10E6,0x08C5,0x08A4,0x1969,0x21AB,0x1127,0x10C5,0x08A4,0x10E6,0x21EC,0x2A2D,0x21AA,
0x1969,0x1948,0x1969,0x1948,0x1106,0x1106,0x1968,0x1989,0x2189,0x21CB,0x2A2C,0x326E,0x3AD0,0x3AD0,0x326D,0x2168,
0x2168,0x2188,0x29CA,0x21A9,0x21A9,0x2188,0x29CA,0x322C,0x3A8D,0x29EA,0x29C9,0x322B,0x3A6C,0x3A8D,0x322B,0x29CA,
0x29EA,0x320B,0x29EA,0x29C9,0x29A9,0x29EA,0x29EA,0x29CA,0x29EA,0x320B,0x3A4C,0x3A6D,0x3A6C,0x324C,0x322B,0x29EA,
0x320B,0x29EB,0x29CA,0x324C,0x3AAE,0x3A6D,0x320B,0x29EA,0x320B,0x3A6D,0x3A8D,0x3A6D,0x322C,0x322B,0x322C,0x3A6D,
0x3A8E,0x3AAE,0x42CF,0x42AF,0x326D,0x324C,0x322C,0x324D,0x322C,0x326D,0x324D,0x2A0B,0x2A0C,0x29CA,0x29CB,0x324D,
0x326E,0x326E,0x2A0C,0x2A0C,0x2A0C,0x2A0C,0x21AA,0x2189,0x21CB,0x2A4E,0x2A2D,0x2A0C,0x29EC,0x21CB,0x21AA,0x21AA,
0x21AA,0x21AA,0x2189,0x1969,0x1968,0x1947,0x1927,0x1927,0x1948,0x1989,0x21CB,0x21EC,0x220D,0x220D,0x21CB,0x1127,
0x1948,0x198A,0x21CB,0x19AA,0x1949,0x10E6,0x1107,0x1148,0x1969,0x1128,0x10E6,0x10E6,0x10E6,0x1107,0x1128,0x1127,
0x1107,0x1127,0x1128,0x1969,0x198A,0x196A,0x19AC,0x19AB,0x198A,0x196A,0x1128,0x08E7,0x08E6,0x0884,0x08A4,0x08C5,
0x08E6,0x08A5,0x08A4,0x08A5,0x08E6,0x08A5,0x0863,0x0884,0x0884,0x0884,0x08E6,0x1148,0x198B,0x21CC,0x220E,0x220D,
0x21ED,0x19AB,0x1128,0x1107,0x1128,0x198B,0x2270,0x32F2,0x3312,0x2A6F,0x19AB,0x19CC,0x21ED,0x19CC,0x19CD,0x2AB1,
0x3312,0x2AD1,0x32D1,0x32D1,0x2AB1,0x2A90,0x224F,0x220E,0x220D,0x224F,0x220E,0x220E,0x220E,0x220D,0x220D,0x21ED,
0x19AB,0x198A,0x196A,0x1128,0x1148,0x1149,0x1128,0x1108,0x08E7,0x08E6,0x1108,0x1128,0x1149,0x1129,0x1149,0x1129,
0x1129,0x1128,0x1108,0x1129,0x1149,0x0908,0x08E7,0x0908,0x1129,0x08E7,0x08E7,0x08C6,0x08A5,0x08A5,0x08A5,0x08C6,
0x08E7,0x08E8,0x08E7,0x08E8,0x08E7,0x08C6,0x00A6,0x00A5,0x0085,0x0084,0x0084,0x0064,0x0063,0x0063,0x0063,0x0063,
0x0043,0x0043,0x0043,0x0063,0x0063,0x0064,0x0085,0x00A6,0x00A6,0x00C6,0x00A5,0x0085,0x0084,0x0064,0x0064,0x0064,
0x0064,0x0063,0x0063,0x0063,0x0043,0x0043,0x0043,0x0063,0x0063,0x0063,0x0063,0x0063,0x0063,0x0064,0x0085,0x0064,
0x0064,0x0063,0x0085,0x00C7,0x00C7,0x00A6,0x0085,0x0085,0x0084,0x0064,0x0064,0x0063,0x0043,0x0043,0x0063,0x0043,
0x0043,0x0043,0x0042,0x0042,0x0022,0x0022,0x0021,0x0021,0x0021,0x0021,0x0021,0x0021,0x0021,0x0021,0x0021,0x0021,
},
{0x0021,0x0021,0x0021,0x0021,0x0021,0x0022,0x0022,0x0042,0x0042,0x0042,0x0042,0x0022,0x0022,0x0042,0x0042,0x0042,
0x0042,0x0043,0x0042,0x0042,0x0043,0x0063,0x0064,0x0084,0x0063,0x0043,0x0043,0x0043,0x0063,0x0084,0x08A5,0x0085,
0x0084,0x0042,0x0042,0x08A5,0x08E7,0x08A5,0x08A5,0x0084,0x0063,0x0042,0x0022,0x0022,0x0022,0x0043,0x0084,0x0063,
0x0063,0x0063,0x0063,0x0063,0x0063,0x0063,0x0063,0x0063,0x0064,0x0084,0x0885,0x08A5,0x0084,0x0084,0x0884,0x08A5,
0x08C6,0x08C6,0x08C6,0x08E7,0x08E7,0x08C6,0x08C6,0x08E7,0x1108,0x0908,0x0908,0x08E7,0x08E6,0x08C6,0x08A5,0x08A5,
0x08C6,0x08E7,0x08C6,0x08C6,0x08C6,0x08C6,0x08C6,0x08E7,0x08C6,0x08A5,0x08A5,0x08A5,0x08C6,0x08E7,0x1128,0x1108,
0x1128,0x1149,0x116A,0x198B,0x19AC,0x19AC,0x1A0F,0x222F,0x19AB,0x198A,0x08E7,0x08C6,0x1128,0x19AB,0x224F,0x220E,
0x19CC,0x21ED,0x19AC,0x196A,0x1149,0x08E6,0x08C6,0x08C5,0x08A4,0x08A5,0x0884,0x0884,0x08A4,0x0884,0x0884,0x08C5,
0x0063,0x0042,0x0884,0x08A4,0x08A5,0x08A4,0x08A5,0x08A5,0x08C6,0x10E7,0x08E6,0x08E7,0x1108,0x198A,0x198B,0x1149,
0x1108,0x08E6,0x08E6,0x10E7,0x08E6,0x0884,0x0884,0x0884,0x0884,0x08A5,0x08C5,0x08C5,0x08A5,0x0063,0x0063,0x0063,
0x0884,0x08A4,0x08A4,0x08A4,0x08A4,0x08A4,0x08A5,0x08A5,0x08C5,0x10E6,0x10E6,0x1128,0x1149,0x1149,0x1148,0x1128,
0x1148,0x1969,0x196A,0x198A,0x198A,0x21CC,0x21ED,0x21EC,0x220D,0x21EC,0x19AB,0x198A,0x198A,0x198A,0x1148,0x10E6,
0x1949,0x198A,0x198A,0x1948,0x1927,0x1127,0x08C5,0x1128,0x21AB,0x1969,0x10E6,0x10C5,0x10C5,0x1969,0x21AA,0x1989,
0x21CB,0x21EC,0x21AA,0x1968,0x1127,0x1127,0x1968,0x1989,0x1989,0x21CB,0x2A4D,0x324E,0x326E,0x328E,0x324D,0x29EB,
0x29EA,0x2188,0x2188,0x1947,0x2167,0x29CA,0x2188,0x2167,0x29CA,0x320B,0x320B,0x3A4C,0x3A8D,0x3A6D,0x3A6D,0x3AAE,
0x3A6D,0x3A6D,0x324C,0x29CA,0x29C9,0x29CA,0x29CA,0x29EA,0x29EA,0x29EA,0x324C,0x3A6D,0x324C,0x322C,0x322C,0x322C,
0x326D,0x326D,0x326D,0x3A8E,0x3ACF,0x3ACF,0x3A8E,0x3AAE,0x3A6D,0x3AAE,0x3A6D,0x3AAE,0x3AAE,0x3A8E,0x324C,0x322C,
0x320B,0x320B,0x322C,0x324C,0x324D,0x322C,0x29EA,0x2A2C,0x324D,0x322C,0x29EB,0x29CA,0x2189,0x2168,0x2189,0x29EB,
0x2A0C,0x2A2D,0x324E,0x2A2D,0x21CB,0x21AA,0x1969,0x21CA,0x29EC,0x29EC,0x21EC,0x21AB,0x21CB,0x220C,0x21EC,0x21EC,
0x21EC,0x21CB,0x21CB,0x21AA,0x198A,0x1969,0x1989,0x1969,0x198A,0x198A,0x198A,0x198A,0x19AA,0x1989,0x1127,0x1107,
0x10E6,0x10C5,0x1127,0x1127,0x10E6,0x10E6,0x1128,0x1969,0x1128,0x1107,0x10E6,0x08C5,0x10C5,0x10E6,0x10E6,0x10E6,
0x10E6,0x1128,0x1969,0x19AB,0x19AB,0x21ED,0x220E,0x220E,0x21CC,0x1149,0x1108,0x1128,0x1128,0x08E7,0x08E6,0x10E6,
0x1107,0x08E7,0x08E6,0x08E6,0x1107,0x08E6,0x0884,0x08C5,0x08E6,0x10E6,0x1148,0x19AB,0x19AB,0x196A,0x1107,0x1107,
0x10E7,0x08E6,0x1128,0x19AB,0x2A70,0x2A91,0x2AB1,0x226F,0x19AB,0x1149,0x1107,0x1128,0x08E6,0x1128,0x198B,0x2A6F,
0x32F2,0x32F2,0x2A90,0x2A90,0x2A90,0x2A6F,0x224F,0x222E,0x220E,0x222E,0x220D,0x21ED,0x21ED,0x21ED,0x21ED,0x21CC,
0x198B,0x1149,0x1149,0x1149,0x198B,0x1169,0x1107,0x114A,0x118B,0x198B,0x116A,0x1149,0x1129,0x1129,0x1129,0x0908,
0x08E7,0x08E7,0x08E7,0x08E7,0x0908,0x0908,0x0908,0x1129,0x08E7,0x08C6,0x08C6,0x08A5,0x08A5,0x08A5,0x08C6,0x08C6,
0x08C6,0x08E8,0x08E7,0x08C7,0x08C7,0x08C6,0x08C7,0x00A6,0x0084,0x0084,0x0064,0x0063,0x0043,0x0043,0x0043,0x0043,
0x0043,0x0043,0x0063,0x0063,0x0064,0x0085,0x0085,0x0085,0x0085,0x0085,0x0085,0x0085,0x0085,0x0085,0x0064,0x0084,
0x0063,0x0043,0x0043,0x0043,0x0043,0x0043,0x0043,0x0063,0x0063,0x0043,0x0063,0x0063,0x0064,0x0085,0x0085,0x0084,
0x0064,0x0063,0x0064,0x0064,0x0085,0x00A6,0x00A6,0x00A5,0x0085,0x0084,0x0064,0x0063,0x0043,0x0043,0x0043,0x0043,
0x0042,0x0043,0x0042,0x0022,0x0022,0x0021,0x0021,0x0021,0x0021,0x0021,0x0021,0x0021,0x0021,0x0021,0x0021,0x0021,
},
{0x0021,0x0021,0x0021,0x0021,0x0021,0x0022,0x0022,0x0022,0x0022,0x0042,0x0042,0x0042,0x0042,0x0042,0x0042,0x0042,
0x0043,0x0043,0x0042,0x0042,0x0043,0x0064,0x0084,0x0084,0x00A5,0x0084,0x0063,0x0043,0x0064,0x0064,0x0063,0x0084,
0x0085,0x0063,0x0042,0x0063,0x08C6,0x0907,0x08A5,0x0063,0x0043,0x0042,0x0042,0x0042,0x0043,0x08C6,0x08C6,0x0084,
0x0064,0x0064,0x0084,0x0084,0x0884,0x0084,0x0084,0x0084,0x0084,0x0885,0x0885,0x0084,0x0084,0x0084,0x08A6,0x08C6,
0x08A6,0x08A5,0x08C6,0x08E7,0x08C6,0x08C6,0x08E7,0x08E7,0x0908,0x1108,0x08E6,0x08C6,0x08C5,0x08A5,0x08A5,0x08C6,
0x08E7,0x0907,0x08A5,0x08A5,0x08C6,0x08C6,0x08C6,0x08E7,0x08E7,0x08A5,0x08A5,0x08E7,0x08E7,0x0908,0x1129,0x1108,
0x1129,0x116A,0x118B,0x118B,0x114A,0x19AC,0x2250,0x2270,0x19AB,0x196A,0x1128,0x1107,0x19CC,0x222F,0x2A4F,0x222E,
0x196A,0x19AB,0x196A,0x198A,0x1128,0x10E7,0x1107,0x08C6,0x1107,0x08E6,0x08A5,0x0884,0x0063,0x0063,0x0884,0x08C5,
0x0884,0x0883,0x0884,0x0884,0x0884,0x0884,0x0884,0x0884,0x08A5,0x08C6,0x08E6,0x10E7,0x1128,0x1149,0x1128,0x1128,
0x1148,0x1107,0x08C5,0x08C6,0x08C6,0x08A5,0x08A4,0x08A4,0x08C5,0x08A5,0x08A4,0x0884,0x0883,0x0063,0x0063,0x0883,
0x0884,0x0884,0x0884,0x0884,0x0884,0x08C5,0x08C5,0x08C5,0x08E6,0x10E7,0x1107,0x1128,0x1149,0x1149,0x1128,0x1148,
0x1969,0x198A,0x1969,0x1969,0x1969,0x21CB,0x220D,0x222D,0x21EC,0x19AB,0x19AB,0x198A,0x198A,0x198A,0x1969,0x1127,
0x1948,0x19AA,0x198A,0x1948,0x1127,0x1948,0x1106,0x1106,0x1969,0x1107,0x10E6,0x10C5,0x08C5,0x10C5,0x10E6,0x1968,
0x21AB,0x21EC,0x21CB,0x21AA,0x1969,0x1947,0x1947,0x1968,0x1968,0x21AA,0x2A2D,0x2A0C,0x2A0C,0x2A0C,0x324D,0x3ACF,
0x328E,0x2A0C,0x2168,0x2168,0x21CA,0x322C,0x322C,0x21A9,0x2188,0x29A9,0x29C9,0x21A8,0x324C,0x3A6D,0x322C,0x324D,
0x3A6D,0x322C,0x322C,0x29EA,0x29C9,0x29A9,0x29CA,0x29CA,0x29CA,0x29EA,0x2A0B,0x29EB,0x29CA,0x29EB,0x322C,0x326D,
0x3A8E,0x326D,0x324C,0x324C,0x324C,0x3A8E,0x3A8E,0x3A8E,0x42F0,0x42F0,0x42CF,0x42D0,0x3ACF,0x3A8E,0x328E,0x326D,
0x2A0C,0x29EB,0x2A0B,0x320B,0x2A0B,0x29CA,0x21AA,0x29CA,0x29CB,0x29CB,0x21A9,0x2189,0x21A9,0x21CA,0x2A0C,0x29EC,
0x21CB,0x2A0C,0x2A4D,0x2A2D,0x21AA,0x1948,0x1948,0x1989,0x21AA,0x198A,0x198A,0x1969,0x1989,0x198A,0x21AA,0x21CB,
0x21AB,0x21AB,0x21AA,0x1989,0x198A,0x1969,0x1969,0x1969,0x1969,0x198A,0x1148,0x1127,0x1148,0x1127,0x1107,0x1128,
0x1107,0x08C5,0x10E6,0x10C5,0x1107,0x1949,0x1969,0x1128,0x1106,0x10E6,0x10E6,0x08C5,0x1107,0x1128,0x1107,0x1128,
0x1128,0x1149,0x196A,0x1969,0x198B,0x19AB,0x198B,0x114A,0x1107,0x10E7,0x1128,0x1149,0x1108,0x08C6,0x08C6,0x1128,
0x1149,0x1149,0x116A,0x19CC,0x198B,0x1149,0x10E7,0x10E7,0x1107,0x1128,0x116A,0x1149,0x1107,0x08C6,0x0884,0x0884,
0x0884,0x08C6,0x1149,0x222E,0x2A70,0x222F,0x220E,0x198B,0x08E7,0x1108,0x1107,0x1149,0x19AB,0x19EC,0x21EC,0x220D,
0x2A90,0x2A90,0x222E,0x2A4F,0x224F,0x222F,0x222E,0x220E,0x19ED,0x220E,0x220E,0x21ED,0x220D,0x220D,0x220E,0x19AC,
0x198A,0x198B,0x196A,0x19AC,0x220E,0x19CC,0x116A,0x116A,0x116A,0x114A,0x1129,0x1128,0x1108,0x08E7,0x08C6,0x08C6,
0x08E7,0x08E7,0x08E7,0x0908,0x0908,0x0908,0x0908,0x0909,0x0908,0x08E7,0x08C6,0x08C6,0x08C7,0x08C6,0x08C6,0x08C6,
0x08C6,0x08A6,0x08C7,0x08C6,0x08C6,0x08C6,0x00A6,0x0085,0x0084,0x0084,0x0063,0x0063,0x0063,0x0043,0x0043,0x0043,
0x0063,0x0063,0x0064,0x0064,0x0085,0x0085,0x0084,0x0084,0x0064,0x0064,0x0064,0x0084,0x0084,0x0084,0x0084,0x0084,
0x0063,0x0043,0x0063,0x0063,0x0043,0x0064,0x0064,0x0063,0x0063,0x0063,0x0043,0x0063,0x0064,0x0064,0x0064,0x0064,
0x0064,0x0063,0x0084,0x0064,0x0064,0x0085,0x0085,0x0084,0x0064,0x0064,0x0064,0x0043,0x0043,0x0043,0x0043,0x0043,
0x0042,0x0043,0x0042,0x0042,0x0022,0x0022,0x0021,0x0021,0x0022,0x0021,0x0021,0x0021,0x0021,0x0021,0x0021,0x0021,
},
{0x0021,0x0021,0x0021,0x0021,0x0021,0x0022,0x0022,0x0021,0x0021,0x0022,0x0042,0x0042,0x0042,0x0042,0x0043,0x0043,
0x0063,0x0063,0x0043,0x0042,0x0063,0x0084,0x0084,0x0085,0x08A5,0x0085,0x0063,0x0043,0x0043,0x0064,0x0064,0x0064,
0x0084,0x0064,0x0042,0x0042,0x0063,0x08C6,0x0885,0x0022,0x0042,0x0042,0x0042,0x0042,0x0063,0x08E7,0x08C6,0x0084,
0x0084,0x0064,0x0064,0x0885,0x08A5,0x0885,0x0084,0x0084,0x0084,0x0885,0x0084,0x0084,0x0084,0x08A5,0x08C6,0x08C6,
0x08A5,0x08C6,0x08C6,0x08C6,0x08A6,0x08C6,0x08E6,0x08E7,0x1128,0x08E7,0x08E7,0x08C6,0x08C5,0x08A5,0x08A5,0x08C6,
0x08C6,0x08E6,0x08C6,0x08C6,0x08C6,0x08C6,0x08E7,0x08E7,0x08C6,0x08C6,0x08C6,0x08E7,0x0908,0x0907,0x0908,0x08E7,
0x1128,0x114A,0x114A,0x1129,0x1129,0x19AC,0x1A0F,0x1A0E,0x222F,0x19AC,0x198B,0x198B,0x220E,0x198A,0x1149,0x1128,
0x1128,0x196A,0x116A,0x198B,0x19CC,0x198A,0x1149,0x1107,0x1149,0x1128,0x08A5,0x08A5,0x0063,0x0063,0x08A4,0x08C5,
0x0884,0x0884,0x0883,0x0883,0x0884,0x08A4,0x08A4,0x0884,0x0884,0x08A5,0x08E6,0x1128,0x1149,0x1128,0x08E7,0x08A5,
0x08C6,0x08E6,0x08A4,0x0884,0x08A5,0x08E7,0x08C6,0x08E6,0x08C6,0x0884,0x0884,0x0884,0x0884,0x0884,0x0884,0x0884,
0x0883,0x0883,0x0883,0x0884,0x08C5,0x08E6,0x08C5,0x08C5,0x08E6,0x10E7,0x1148,0x1149,0x1107,0x1107,0x1107,0x1128,
0x1148,0x1148,0x1149,0x1148,0x1969,0x19AB,0x220D,0x2A6F,0x222D,0x21EC,0x19AA,0x198A,0x198A,0x19AB,0x198A,0x1949,
0x1949,0x19AB,0x19AB,0x198A,0x1148,0x1127,0x10E6,0x10C5,0x10E6,0x10E6,0x08C5,0x08C5,0x10C5,0x10C5,0x10E6,0x1969,
0x21EC,0x198A,0x1948,0x1969,0x198A,0x1968,0x1948,0x1948,0x1948,0x1969,0x21CB,0x21CB,0x29EB,0x2A0C,0x326E,0x3AAF,
0x326E,0x29EB,0x2188,0x29EA,0x324C,0x322C,0x324C,0x29EA,0x2188,0x2189,0x2188,0x2168,0x2189,0x29EA,0x320B,0x29EA,
0x29CA,0x29CA,0x29EA,0x29EA,0x29EA,0x2188,0x21A9,0x29EA,0x29CA,0x21A9,0x21A9,0x2168,0x1947,0x2188,0x29CA,0x2A0B,
0x322C,0x324C,0x324C,0x326D,0x322C,0x2A0B,0x2A0B,0x2A2C,0x3AAF,0x4311,0x4310,0x3A8E,0x326E,0x324D,0x324D,0x326D,
0x326D,0x326E,0x326D,0x322D,0x324D,0x326E,0x326E,0x326E,0x2A2C,0x21EB,0x21CA,0x21CA,0x2A0C,0x324E,0x326E,0x2A0C,
0x21EB,0x2A0C,0x2A0D,0x2A0C,0x21CB,0x1969,0x1969,0x1969,0x198A,0x198A,0x1948,0x1948,0x1969,0x198A,0x19AA,0x21AA,
0x19AA,0x21AA,0x198A,0x1969,0x1969,0x1969,0x1948,0x1928,0x1948,0x1127,0x1127,0x1949,0x1127,0x1107,0x1127,0x1948,
0x1948,0x1148,0x1107,0x10E6,0x10E6,0x10E6,0x10E6,0x1148,0x1148,0x1128,0x1128,0x1107,0x1107,0x1128,0x1107,0x1107,
0x1149,0x1169,0x1148,0x1107,0x1107,0x10E7,0x10E6,0x10E7,0x1128,0x198A,0x1149,0x08E7,0x08E6,0x08E6,0x1108,0x1129,
0x116A,0x116A,0x116A,0x196A,0x116A,0x198A,0x198A,0x1949,0x1128,0x10E7,0x08C6,0x08C5,0x08C5,0x08C5,0x08A4,0x08A5,
0x08C5,0x1107,0x1149,0x19AB,0x198B,0x116A,0x19AC,0x19AC,0x1128,0x08E6,0x1128,0x19AB,0x220D,0x2A70,0x2A6F,0x2A6F,
0x222E,0x222E,0x19CC,0x19EC,0x220E,0x224F,0x224F,0x2A90,0x32F1,0x32B1,0x2A90,0x224F,0x222E,0x220D,0x220E,0x19AB,
0x196A,0x19AC,0x19CC,0x220F,0x19EE,0x114A,0x1149,0x1128,0x0907,0x0907,0x0908,0x0908,0x0907,0x08E7,0x08C6,0x08C6,
0x08E7,0x08E7,0x08E7,0x08E7,0x08E7,0x08E7,0x0908,0x0929,0x1129,0x0929,0x0909,0x0908,0x08E7,0x08C7,0x08C6,0x00A6,
0x08A6,0x08A6,0x08C6,0x00A6,0x00A5,0x00A5,0x0085,0x0084,0x0084,0x0064,0x0063,0x0063,0x0063,0x0043,0x0063,0x0063,
0x0064,0x0084,0x0085,0x0085,0x0085,0x0084,0x0064,0x0064,0x0063,0x0043,0x0064,0x0084,0x0084,0x0084,0x0064,0x0064,
0x0064,0x0063,0x0064,0x0064,0x0064,0x0064,0x0084,0x0064,0x0064,0x0064,0x0063,0x0063,0x0064,0x0064,0x0064,0x0064,
0x0063,0x0064,0x0084,0x0084,0x0064,0x0084,0x0085,0x0084,0x0064,0x0063,0x0063,0x0043,0x0043,0x0043,0x0043,0x0043,
0x0043,0x0043,0x0042,0x0042,0x0022,0x0022,0x0021,0x0022,0x0022,0x0021,0x0021,0x0021,0x0021,0x0021,0x0021,0x0021,
},
{0x0021,0x0021,0x0021,0x0021,0x0021,0x0021,0x0021,0x0021,0x0022,0x0022,0x0042,0x0042,0x0043,0x0063,0x0043,0x0043,
0x0063,0x0063,0x0063,0x0063,0x0084,0x0084,0x0084,0x08A5,0x0085,0x0084,0x0084,0x0063,0x0063,0x0084,0x0084,0x0064,
0x0063,0x0043,0x0043,0x0042,0x0043,0x0884,0x0084,0x0042,0x0042,0x0022,0x0022,0x0022,0x0084,0x08C6,0x08E7,0x08A6,
0x0084,0x0064,0x0064,0x08A5,0x08C6,0x08A5,0x0084,0x0084,0x0084,0x0063,0x0063,0x0084,0x0084,0x08A5,0x08A5,0x08A5,
0x08A5,0x08C6,0x08C6,0x08C6,0x08C6,0x08C6,0x08C6,0x08E7,0x1108,0x08E7,0x08E7,0x1107,0x08A5,0x0884,0x08A5,0x08C6,
0x08C6,0x08A5,0x08E6,0x08E7,0x08E7,0x08E6,0x08E7,0x08E7,0x08C6,0x08C6,0x08C6,0x08E7,0x1149,0x0908,0x08C6,0x08E7,
0x0908,0x1128,0x114A,0x1129,0x0908,0x118B,0x11AC,0x19AC,0x19AC,0x19AC,0x19ED,0x19EE,0x19AC,0x1107,0x1128,0x1107,
0x1149,0x116A,0x1128,0x1129,0x19AC,0x19AB,0x1149,0x1107,0x10E7,0x1128,0x08E6,0x08E6,0x08A5,0x0884,0x0884,0x08A5,
0x08A4,0x0063,0x0884,0x0883,0x0883,0x08A5,0x08E6,0x08C6,0x08C5,0x0884,0x08C6,0x1128,0x1149,0x1128,0x08A4,0x0084,
0x08C5,0x08C6,0x08A4,0x0884,0x08A5,0x08E6,0x10E7,0x10E6,0x08C6,0x08A4,0x0884,0x0884,0x0884,0x08A4,0x0884,0x0883,
0x0063,0x0883,0x0884,0x0884,0x08A4,0x08A5,0x08C5,0x08E6,0x10E6,0x10E6,0x1148,0x1128,0x10E6,0x10E6,0x10E6,0x1107,
0x1127,0x1107,0x1128,0x1148,0x198A,0x198A,0x21CB,0x220D,0x2A6F,0x2A2E,0x21EC,0x21EC,0x21EC,0x19AB,0x198A,0x1949,
0x1969,0x21CC,0x19AA,0x198A,0x198A,0x1107,0x10C5,0x10E6,0x10E6,0x08C5,0x10E5,0x10C5,0x08C5,0x08C5,0x1127,0x1948,
0x21EC,0x21EC,0x1969,0x1949,0x1948,0x1969,0x1969,0x1968,0x1948,0x1948,0x21AA,0x21AA,0x21CB,0x2A0C,0x2A2D,0x324D,
0x324D,0x2A2C,0x2A0B,0x324D,0x322C,0x2A0B,0x2A2C,0x29EA,0x1947,0x1927,0x1947,0x2189,0x2188,0x2168,0x2168,0x29EB,
0x322C,0x2168,0x2188,0x320B,0x29CA,0x21A9,0x2168,0x2188,0x21A9,0x29CA,0x2189,0x1947,0x1927,0x2168,0x2189,0x21CA,
0x21CA,0x21A9,0x2A0B,0x3AAF,0x3AAF,0x3A8E,0x3A8E,0x326D,0x326D,0x324D,0x324D,0x326D,0x3A8E,0x3A8F,0x326E,0x328F,
0x326E,0x326E,0x324D,0x324D,0x326E,0x326E,0x324E,0x324E,0x2A2D,0x324E,0x2A2D,0x21EC,0x21EC,0x2A0C,0x2A2D,0x21EC,
0x21CB,0x21CB,0x21EC,0x21EC,0x21AA,0x1969,0x198A,0x19AA,0x21AA,0x19AA,0x19AA,0x21AB,0x21AB,0x21EC,0x220C,0x220D,
0x220C,0x21CB,0x21AA,0x21AB,0x21AA,0x1968,0x1989,0x1948,0x1128,0x1128,0x1948,0x1948,0x1128,0x1948,0x1969,0x1969,
0x198A,0x196A,0x08C5,0x08A4,0x08A4,0x10E6,0x1128,0x1969,0x1969,0x196A,0x196A,0x1128,0x1127,0x1107,0x1107,0x1107,
0x1149,0x198B,0x1169,0x1107,0x08C5,0x08C5,0x08C6,0x08E6,0x1149,0x19AB,0x1149,0x1108,0x10E7,0x1128,0x1128,0x1128,
0x116A,0x198A,0x1129,0x1128,0x1128,0x198B,0x19AC,0x19CC,0x198B,0x1148,0x08C5,0x08C5,0x08C5,0x10E6,0x10E6,0x1107,
0x1128,0x1149,0x19AB,0x220E,0x19ED,0x114A,0x1149,0x116A,0x1149,0x21EC,0x2A90,0x2A70,0x2A70,0x224F,0x220E,0x220D,
0x21ED,0x19CC,0x19CC,0x222E,0x2A70,0x2AB1,0x2AB1,0x2AB1,0x3B32,0x32D1,0x2A91,0x2A90,0x2A70,0x222F,0x222F,0x1A0E,
0x19ED,0x1A0E,0x1A0E,0x19ED,0x116A,0x1129,0x1128,0x1108,0x0908,0x08E7,0x08E7,0x0908,0x0908,0x0907,0x0907,0x08E7,
0x08E7,0x08E6,0x08C6,0x08A5,0x08C6,0x08C6,0x08C6,0x08E7,0x08E7,0x08E7,0x08E7,0x08E7,0x08C6,0x08A5,0x08A5,0x08A6,
0x00A5,0x08A6,0x08C6,0x08A6,0x0085,0x0084,0x0064,0x0064,0x0064,0x0063,0x0043,0x0043,0x0063,0x0063,0x0063,0x0064,
0x0064,0x0085,0x0085,0x00A5,0x0085,0x0064,0x0063,0x0063,0x0063,0x0064,0x0085,0x08C7,0x0085,0x0064,0x0064,0x0064,
0x0064,0x0064,0x0063,0x0064,0x0064,0x0064,0x0064,0x0064,0x0064,0x0064,0x0064,0x0064,0x0064,0x0064,0x0085,0x0084,
0x0064,0x0084,0x0084,0x0084,0x0084,0x0085,0x0085,0x0085,0x0064,0x0063,0x0063,0x0043,0x0043,0x0063,0x0043,0x0043,
0x0042,0x0042,0x0042,0x0022,0x0022,0x0022,0x0022,0x0021,0x0021,0x0021,0x0021,0x0021,0x0021,0x0021,0x0021,0x0021,
},
{0x0021,0x0021,0x0021,0x0021,0x0021,0x0021,0x0021,0x0021,0x0021,0x0022,0x0022,0x0042,0x0043,0x0043,0x0043,0x0063,
0x0063,0x0043,0x0043,0x0043,0x0064,0x0084,0x0085,0x08A6,0x08C6,0x0085,0x0084,0x0064,0x0084,0x08A5,0x0885,0x0084,
0x0084,0x0063,0x0063,0x0063,0x0084,0x0885,0x0884,0x0085,0x0084,0x0042,0x0022,0x0042,0x0063,0x0084,0x08E7,0x0908,
0x0085,0x0063,0x0064,0x08C6,0x08C6,0x0084,0x0084,0x0063,0x0063,0x0063,0x0084,0x0884,0x08A5,0x08A5,0x08C6,0x08A5,
0x08A5,0x08A5,0x08C6,0x0907,0x1108,0x08E7,0x0908,0x0908,0x1108,0x1108,0x08E7,0x08C6,0x08A5,0x0885,0x08A5,0x08C6,
0x08C6,0x08A5,0x08C6,0x08E7,0x08E7,0x08C6,0x08E7,0x08C6,0x08A5,0x08C6,0x08E7,0x1108,0x1149,0x08E7,0x08C6,0x0907,
0x1129,0x1128,0x114A,0x118B,0x118B,0x19EE,0x19AD,0x1129,0x114A,0x118B,0x19CD,0x19CC,0x1128,0x1107,0x1149,0x1149,
0x116A,0x116A,0x08E6,0x1129,0x19AB,0x198A,0x1107,0x08C6,0x08C6,0x1128,0x1128,0x1108,0x08C6,0x0884,0x0884,0x0884,
0x0884,0x0083,0x0884,0x0884,0x0884,0x08E6,0x1107,0x1128,0x1107,0x08A5,0x08C5,0x1108,0x1128,0x08C6,0x08A5,0x08A4,
0x08C6,0x08E6,0x08C6,0x08A4,0x08A4,0x08C5,0x08E6,0x10E6,0x08A5,0x0884,0x0884,0x08A4,0x08A4,0x08A5,0x0884,0x0063,
0x0063,0x0083,0x0083,0x0884,0x08A4,0x08A4,0x08C5,0x10E6,0x10E7,0x10E6,0x1107,0x08E6,0x08E6,0x08E6,0x10E7,0x1128,
0x1107,0x10E7,0x1107,0x1149,0x196A,0x198A,0x19CC,0x220D,0x2A4E,0x2A4E,0x21CB,0x21EC,0x220C,0x21CB,0x220D,0x198A,
0x1148,0x19AB,0x19AB,0x21CC,0x198A,0x1127,0x10E6,0x10E6,0x10E6,0x10E6,0x10E6,0x10C5,0x10C5,0x1106,0x1969,0x21CB,
0x21EC,0x21EC,0x19AA,0x1969,0x1948,0x1969,0x21AB,0x21CB,0x1989,0x1948,0x1989,0x21AA,0x21CB,0x29EC,0x2A2D,0x2A2D,
0x326E,0x326E,0x326E,0x3AAF,0x328E,0x2A2C,0x29EB,0x29EB,0x1927,0x1906,0x1948,0x1968,0x1948,0x1968,0x1947,0x2189,
0x29EB,0x2188,0x2168,0x29EA,0x320B,0x29A9,0x2188,0x2167,0x1947,0x2188,0x21A9,0x2188,0x1947,0x2189,0x29EA,0x29CA,
0x21A9,0x2168,0x21CA,0x2A0C,0x2A0C,0x324D,0x2A2C,0x2A2C,0x2A0C,0x29CB,0x21CA,0x2A2C,0x3A8F,0x3AD0,0x3AAF,0x3AD0,
0x328F,0x326E,0x324D,0x326E,0x326E,0x2A4D,0x2A2D,0x2A4D,0x2A4E,0x326E,0x326E,0x2A4E,0x2A2D,0x21EC,0x21EC,0x21EC,
0x21EC,0x21CB,0x21CB,0x21CB,0x21CB,0x21AB,0x21CB,0x21EC,0x21EC,0x21EC,0x220D,0x220D,0x21EC,0x2A0D,0x2A2E,0x2A6E,
0x2A4E,0x220D,0x21CB,0x21EC,0x2A0D,0x21EC,0x21EC,0x21AB,0x198A,0x1969,0x19AA,0x19AA,0x21AB,0x21CB,0x21CB,0x198A,
0x1948,0x10E6,0x0883,0x0863,0x0883,0x08C5,0x1148,0x196A,0x196A,0x19AB,0x198B,0x1149,0x198A,0x1169,0x1128,0x1107,
0x1149,0x1969,0x1149,0x1107,0x08E6,0x08E6,0x10E7,0x1149,0x1149,0x116A,0x116A,0x1128,0x10E7,0x1149,0x1149,0x1149,
0x198B,0x220E,0x19CC,0x196A,0x198A,0x19AB,0x21ED,0x198B,0x1969,0x1128,0x1128,0x1128,0x1107,0x1107,0x1148,0x1149,
0x198A,0x21EC,0x2A70,0x220E,0x114A,0x1128,0x116A,0x21ED,0x220D,0x2A90,0x32D1,0x2AB1,0x2270,0x224F,0x220D,0x19AB,
0x19AB,0x198B,0x222E,0x2AB1,0x32D1,0x32D1,0x2AB1,0x2A90,0x2270,0x2270,0x224F,0x222F,0x220E,0x220E,0x224F,0x220E,
0x1A0E,0x19EE,0x19CD,0x116A,0x1128,0x1128,0x1107,0x0907,0x08E7,0x08E7,0x08E7,0x1108,0x1108,0x1128,0x1108,0x08E7,
0x08E6,0x08C6,0x08A5,0x08A5,0x08A5,0x08C6,0x08C6,0x08C6,0x08E7,0x08C6,0x08C6,0x08C6,0x08A6,0x00A5,0x00A5,0x00A5,
0x00A5,0x00A5,0x00A5,0x00A5,0x0084,0x0085,0x0084,0x0063,0x0063,0x0043,0x0043,0x0043,0x0084,0x0084,0x0064,0x0064,
0x0085,0x00A5,0x0085,0x0085,0x00A6,0x0085,0x0084,0x0064,0x0084,0x08A6,0x08C6,0x00A6,0x0085,0x0064,0x0064,0x0064,
0x0084,0x0084,0x0064,0x0063,0x0064,0x0064,0x0064,0x0064,0x0064,0x0064,0x0064,0x0064,0x0064,0x0084,0x0084,0x0084,
0x0084,0x00A6,0x08C6,0x00A5,0x0085,0x0085,0x0084,0x0084,0x0064,0x0064,0x0064,0x0063,0x0063,0x0064,0x0043,0x0042,
0x0022,0x0022,0x0022,0x0022,0x0022,0x0022,0x0022,0x0021,0x0021,0x0021,0x0021,0x0021,0x0021,0x0021,0x0021,0x0021,
},
{0x0021,0x0021,0x0021,0x0021,0x0021,0x0021,0x0021,0x0021,0x0022,0x0022,0x0022,0x0042,0x0022,0x0042,0x0043,0x0042,
0x0042,0x0042,0x0042,0x0043,0x0063,0x0064,0x0084,0x0085,0x0085,0x08A5,0x0084,0x0063,0x0084,0x08A6,0x08A5,0x0064,
0x0084,0x0064,0x0043,0x0084,0x08A5,0x08A5,0x08C6,0x08A5,0x08C6,0x0063,0x0022,0x0043,0x0084,0x0084,0x08A5,0x08C6,
0x0885,0x0064,0x0084,0x0084,0x0084,0x0084,0x0085,0x0063,0x0063,0x0063,0x0084,0x08A5,0x08C6,0x08C6,0x08C6,0x08A5,
0x08C6,0x08C6,0x08E7,0x0907,0x1128,0x0907,0x08E7,0x1108,0x0908,0x08E7,0x08C6,0x08A5,0x08A5,0x08A5,0x08C6,0x08C6,
0x08A6,0x08A5,0x08A5,0x08C6,0x08C6,0x08C6,0x08A6,0x08A5,0x08A5,0x08C6,0x0908,0x08E7,0x08C6,0x08A5,0x08E7,0x0908,
0x1108,0x1108,0x1129,0x116A,0x118C,0x19EE,0x19AC,0x114A,0x1128,0x116B,0x19AC,0x1128,0x1107,0x1128,0x1149,0x198A,
0x116A,0x1149,0x1108,0x1149,0x21ED,0x1149,0x08E6,0x08E6,0x08E7,0x1107,0x1107,0x08E6,0x08C6,0x08A4,0x0884,0x0083,
0x0063,0x0063,0x0884,0x0884,0x08A5,0x08C5,0x08A5,0x08E6,0x08C6,0x08A5,0x08E7,0x1129,0x1108,0x08C6,0x08E7,0x08C5,
0x08C6,0x08E6,0x08C6,0x08A5,0x0884,0x0884,0x08A5,0x08C6,0x08A4,0x0884,0x08A4,0x08A4,0x08A4,0x08A4,0x0884,0x0884,
0x0063,0x0883,0x0884,0x0884,0x08A5,0x08A4,0x08C5,0x08C6,0x08C6,0x08C6,0x08E6,0x08E6,0x08E6,0x1107,0x1107,0x1149,
0x1148,0x10E7,0x1107,0x1149,0x198A,0x19CC,0x21EC,0x220D,0x2A2E,0x220D,0x198A,0x198A,0x19AA,0x21EC,0x2A4E,0x21CB,
0x1969,0x19AB,0x220D,0x21EC,0x1148,0x1127,0x1128,0x1107,0x1127,0x1969,0x1107,0x10E6,0x08A4,0x10E6,0x1948,0x21EC,
0x220D,0x1948,0x1127,0x1948,0x1127,0x1948,0x21CC,0x2A2E,0x21EC,0x21AA,0x1989,0x1989,0x21AA,0x21CB,0x2A0C,0x2A2D,
0x326E,0x326E,0x324D,0x324D,0x324D,0x324D,0x324D,0x324D,0x21AA,0x1106,0x1947,0x1926,0x1947,0x21A9,0x21AA,0x2188,
0x21A9,0x2189,0x2188,0x2189,0x2189,0x2188,0x1947,0x2168,0x1947,0x1947,0x1947,0x2168,0x1968,0x21AA,0x322C,0x2A0C,
0x29EB,0x21AA,0x21A9,0x21AA,0x21CA,0x21AA,0x21A9,0x2189,0x2168,0x2189,0x2189,0x21A9,0x29CB,0x2A2C,0x2A2C,0x324D,
0x326E,0x324D,0x2A2D,0x2A4D,0x326E,0x326F,0x326E,0x2A4E,0x2A4D,0x2A4E,0x2A4E,0x2A4E,0x2A4E,0x2A4E,0x2A2D,0x2A0D,
0x220C,0x21CB,0x21AB,0x21CB,0x21CB,0x21CC,0x21EC,0x21EC,0x21EC,0x21EC,0x21EC,0x21AB,0x198A,0x1969,0x19AB,0x21CC,
0x21EC,0x21EC,0x21EC,0x220D,0x21ED,0x21CB,0x196A,0x198A,0x1969,0x1948,0x1969,0x21AA,0x21AB,0x19AA,0x1969,0x1948,
0x10E6,0x08A4,0x0883,0x0863,0x0883,0x0884,0x08C5,0x10E6,0x1107,0x1128,0x1148,0x1107,0x1107,0x10E7,0x1107,0x1128,
0x1949,0x1969,0x1149,0x19AB,0x19CC,0x198B,0x198B,0x116A,0x1128,0x1128,0x1128,0x1128,0x114A,0x19CC,0x220E,0x222E,
0x2270,0x2A6F,0x21ED,0x198B,0x198B,0x1969,0x1128,0x1128,0x1128,0x1128,0x1107,0x1149,0x19AB,0x19EC,0x1149,0x19AB,
0x2A6F,0x2AB0,0x2A6F,0x2A70,0x220E,0x19CC,0x21ED,0x2A4F,0x224F,0x224F,0x2A90,0x2A70,0x222E,0x220D,0x19CC,0x198B,
0x19AC,0x19ED,0x220E,0x220E,0x222E,0x222F,0x222E,0x2A6F,0x224F,0x222E,0x19ED,0x19AC,0x19AB,0x19ED,0x1A0E,0x19ED,
0x19AC,0x198B,0x118B,0x1149,0x1128,0x1107,0x0907,0x08E7,0x08E7,0x0908,0x1128,0x1129,0x1128,0x0907,0x08C6,0x08C6,
0x08A5,0x08A5,0x08A5,0x08C6,0x08A6,0x08A6,0x08C6,0x08C6,0x08C6,0x08C6,0x08C6,0x08C6,0x08C6,0x08A6,0x08A5,0x0085,
0x0084,0x0064,0x0064,0x0064,0x0063,0x0064,0x0064,0x0063,0x0063,0x0063,0x0063,0x0084,0x0085,0x0085,0x0085,0x0085,
0x0085,0x0085,0x0085,0x00A5,0x00A6,0x0085,0x0085,0x08E7,0x08C7,0x0085,0x0064,0x0064,0x0063,0x0084,0x0084,0x0085,
0x0085,0x0084,0x0084,0x0064,0x0084,0x0084,0x0064,0x0064,0x0084,0x0084,0x0085,0x0084,0x0064,0x0064,0x0063,0x0064,
0x0085,0x00A6,0x00A6,0x00A6,0x0085,0x0064,0x0064,0x0064,0x0063,0x0043,0x0064,0x0064,0x0064,0x0063,0x0043,0x0043,
0x0043,0x0022,0x0022,0x0022,0x0022,0x0022,0x0021,0x0021,0x0021,0x0021,0x0021,0x0021,0x0021,0x0021,0x0021,0x0021,
},
{0x0021,0x0021,0x0021,0x0021,0x0021,0x0021,0x0021,0x0022,0x0042,0x0042,0x0022,0x0022,0x0022,0x0042,0x0042,0x0022,
0x0022,0x0042,0x0042,0x0043,0x0043,0x0063,0x0063,0x0084,0x0084,0x0085,0x0084,0x0063,0x0084,0x0085,0x0063,0x0063,
0x0064,0x0043,0x0042,0x0084,0x0885,0x0084,0x0085,0x08A5,0x0885,0x0063,0x0042,0x0043,0x0085,0x08C6,0x0084,0x0064,
0x08C6,0x08C6,0x08A5,0x0063,0x0063,0x0085,0x08C6,0x0084,0x0063,0x0064,0x0084,0x0885,0x0884,0x08A5,0x08C6,0x08C6,
0x08C6,0x08C6,0x08C6,0x08C6,0x0907,0x08C6,0x08C5,0x08E7,0x08E7,0x08E7,0x08C6,0x08A5,0x08A5,0x0885,0x0084,0x0084,
0x0084,0x0084,0x08A5,0x08A5,0x08C6,0x08A5,0x0084,0x0084,0x08C6,0x08E7,0x0907,0x08E6,0x08A5,0x08C6,0x08E7,0x08E7,
0x08E7,0x0907,0x1129,0x1108,0x1129,0x118B,0x19CD,0x198B,0x1108,0x116A,0x116B,0x1108,0x1128,0x1128,0x1129,0x198B,
0x1149,0x1128,0x1128,0x1149,0x1949,0x1128,0x1149,0x1128,0x1107,0x08E6,0x08C6,0x08C6,0x10E6,0x08C6,0x0883,0x0063,
0x0063,0x0063,0x0063,0x0083,0x0884,0x0063,0x0884,0x08A5,0x08A4,0x08C6,0x1107,0x1128,0x1108,0x1108,0x1108,0x08E7,
0x08C6,0x08A5,0x08A5,0x0884,0x08A5,0x08A5,0x0884,0x08A5,0x08A5,0x08A5,0x08A5,0x08A4,0x0884,0x0884,0x0884,0x0884,
0x0884,0x0884,0x08A4,0x08A5,0x08C5,0x08A5,0x08C5,0x08C5,0x08C5,0x08E6,0x10E6,0x1107,0x10E7,0x1107,0x1128,0x1148,
0x1128,0x1107,0x1149,0x198A,0x198B,0x19CC,0x21ED,0x21ED,0x2A2E,0x220D,0x196A,0x1969,0x198A,0x21EC,0x21CC,0x1128,
0x198A,0x21ED,0x21CC,0x1127,0x1107,0x1148,0x1148,0x1969,0x1969,0x1969,0x1107,0x1106,0x10E6,0x10E5,0x1127,0x198A,
0x21EC,0x1107,0x10C5,0x10E6,0x08A5,0x10E6,0x198A,0x220D,0x2A2D,0x2A4E,0x21EC,0x198A,0x1969,0x1989,0x21AA,0x21AA,
0x2A0C,0x2A4D,0x2A2D,0x21AA,0x21CB,0x2A2C,0x324D,0x326E,0x326E,0x21CB,0x2189,0x2189,0x21AA,0x322C,0x326D,0x2A0C,
0x29CA,0x2168,0x1906,0x1947,0x2168,0x2168,0x2189,0x21A9,0x21A9,0x21AA,0x2189,0x2189,0x2189,0x2168,0x21A9,0x29EB,
0x29EB,0x29EB,0x21AA,0x21A9,0x21AA,0x21CB,0x21CA,0x21AA,0x2189,0x2189,0x2189,0x2189,0x2189,0x21AA,0x2189,0x21AA,
0x21CB,0x29EC,0x21EB,0x21CB,0x2A0D,0x2A6E,0x328F,0x326F,0x220C,0x21AA,0x21CB,0x21EC,0x21CB,0x2A2D,0x2A2D,0x2A2D,
0x2A4E,0x220D,0x21CC,0x21EC,0x220C,0x21CC,0x19AA,0x198A,0x198A,0x1948,0x1948,0x1127,0x1127,0x1107,0x1106,0x1148,
0x1969,0x1948,0x198A,0x19AB,0x1148,0x1969,0x1148,0x10E6,0x10E5,0x10E6,0x1127,0x1969,0x1969,0x1107,0x10E6,0x08A4,
0x0883,0x0883,0x08A4,0x08C5,0x08C6,0x08C5,0x08A5,0x08C5,0x10E6,0x1107,0x1107,0x10E7,0x08C6,0x10E6,0x1107,0x1127,
0x1128,0x1148,0x1149,0x198A,0x222E,0x196A,0x1128,0x1107,0x1108,0x1149,0x1128,0x114A,0x220E,0x2AB1,0x2A90,0x2A70,
0x32F2,0x2AB0,0x196A,0x1949,0x1128,0x08E6,0x1107,0x1128,0x1128,0x1149,0x21ED,0x224F,0x2A90,0x2A91,0x224F,0x2270,
0x2AB1,0x2AB0,0x226F,0x2A90,0x2A90,0x2A6F,0x220D,0x19CC,0x220D,0x222E,0x222E,0x220D,0x19AC,0x19AB,0x19AB,0x19AC,
0x19CC,0x19AC,0x118A,0x116A,0x198A,0x19AB,0x19AB,0x19AB,0x19AB,0x19AC,0x19CC,0x19CD,0x19CC,0x19CC,0x19AC,0x19AB,
0x118B,0x116A,0x116A,0x1149,0x1128,0x1108,0x1107,0x1108,0x1129,0x114A,0x114A,0x1129,0x0907,0x08C6,0x08A6,0x08A5,
0x08A5,0x08A5,0x08A5,0x00A5,0x08A5,0x08A5,0x08A5,0x08A5,0x08A5,0x08C6,0x08A5,0x08A5,0x00A5,0x0085,0x00A5,0x0084,
0x0063,0x0063,0x0063,0x0043,0x0043,0x0043,0x0043,0x0043,0x0063,0x0063,0x0084,0x0085,0x00A6,0x00A6,0x00A6,0x00A6,
0x00A5,0x00A5,0x00A5,0x00A5,0x0085,0x0084,0x0084,0x0085,0x00A5,0x0064,0x0064,0x0063,0x0063,0x0084,0x0085,0x00A5,
0x0085,0x0064,0x0064,0x0084,0x0084,0x0084,0x0084,0x0084,0x0084,0x00A5,0x00A6,0x0084,0x0063,0x0063,0x0043,0x0063,
0x0064,0x0064,0x0084,0x0085,0x0064,0x0064,0x0063,0x0043,0x0043,0x0043,0x0063,0x0043,0x0043,0x0043,0x0043,0x0043,
0x0043,0x0042,0x0042,0x0022,0x0022,0x0022,0x0022,0x0021,0x0021,0x0021,0x0021,0x0021,0x0021,0x0021,0x0021,0x0021,
},
{0x0021,0x0021,0x0021,0x0021,0x0021,0x0021,0x0021,0x0022,0x0022,0x0042,0x0042,0x0022,0x0022,0x0042,0x0042,0x0022,
0x0022,0x0042,0x0043,0x0043,0x0043,0x0063,0x0063,0x0064,0x0064,0x0084,0x0064,0x0043,0x0063,0x0063,0x0043,0x0042,
0x0063,0x0063,0x0043,0x0063,0x0063,0x0043,0x0063,0x0064,0x08A5,0x08A6,0x0064,0x0084,0x08A5,0x08A5,0x0063,0x0063,
0x08A6,0x08A6,0x0084,0x0084,0x0085,0x08C6,0x08C6,0x08A6,0x0084,0x0064,0x0084,0x0063,0x0063,0x0084,0x08A5,0x08A5,
0x08A5,0x08A5,0x08A5,0x08E7,0x1128,0x08E7,0x08A5,0x08A6,0x08E7,0x08E6,0x08A5,0x08A5,0x08A5,0x08A5,0x0084,0x0084,
0x0084,0x0084,0x0885,0x08A5,0x08A5,0x0084,0x0064,0x08A5,0x08C6,0x08C7,0x08E7,0x08E7,0x08E7,0x08E7,0x08E6,0x08C6,
0x08E6,0x08E7,0x0908,0x1108,0x1149,0x114A,0x19AC,0x114A,0x1149,0x116B,0x198B,0x1128,0x1107,0x1107,0x1108,0x116A,
0x116A,0x1149,0x1149,0x1149,0x1149,0x1149,0x1128,0x08E6,0x08E6,0x08C6,0x08C5,0x08C5,0x10E6,0x08E6,0x08A5,0x0884,
0x0884,0x0884,0x0883,0x0083,0x0084,0x0084,0x0884,0x08C5,0x08A5,0x08C5,0x0907,0x1128,0x1129,0x1129,0x0907,0x0907,
0x08C6,0x08A5,0x08A5,0x0884,0x0884,0x08C5,0x08C5,0x08A4,0x08A5,0x08A5,0x0884,0x0884,0x0884,0x0884,0x0884,0x08A4,
0x08A4,0x08A5,0x08A5,0x08A5,0x08A5,0x08A5,0x08C5,0x08C6,0x08C6,0x10E6,0x10E7,0x10E7,0x1107,0x1107,0x1107,0x1107,
0x1107,0x1128,0x196A,0x198A,0x19AB,0x19AB,0x21CC,0x21EC,0x220D,0x19CC,0x1969,0x198A,0x19AB,0x21EC,0x220E,0x196A,
0x1949,0x220D,0x220D,0x10E6,0x1128,0x1969,0x1949,0x1948,0x1949,0x198A,0x1106,0x10E6,0x1127,0x1106,0x1948,0x198A,
0x21CB,0x1969,0x08A4,0x08A4,0x08C5,0x1107,0x1948,0x21CB,0x220D,0x2A4E,0x2A4E,0x2A2D,0x21CB,0x21AA,0x1989,0x1989,
0x21AB,0x21EC,0x21EC,0x1968,0x1989,0x21AA,0x21EB,0x2A2D,0x326E,0x326E,0x21AA,0x21CB,0x29EB,0x21CA,0x21A9,0x29CA,
0x21AA,0x1947,0x1947,0x1106,0x1927,0x1947,0x2168,0x2A0B,0x2A0C,0x2A0C,0x2A0C,0x2A2D,0x2A0C,0x21A9,0x1968,0x1948,
0x1948,0x1968,0x1968,0x1947,0x2189,0x21EB,0x29EC,0x21EB,0x29EC,0x21EB,0x21AA,0x218A,0x21AA,0x21AA,0x2189,0x2189,
0x1989,0x1989,0x1989,0x1989,0x1989,0x21EC,0x328F,0x2A2D,0x198A,0x1948,0x198A,0x1107,0x10E6,0x21AB,0x2A6F,0x32B0,
0x326F,0x2A2E,0x220D,0x220D,0x21CB,0x198A,0x1128,0x1107,0x1107,0x1107,0x1107,0x10E6,0x10E6,0x10E6,0x08C5,0x08A5,
0x08C5,0x10E6,0x1949,0x220D,0x21AB,0x1969,0x1107,0x10E6,0x1107,0x1148,0x1127,0x1948,0x1928,0x10E6,0x08C5,0x0883,
0x0883,0x08A4,0x10E6,0x1107,0x1107,0x1127,0x1127,0x1128,0x1148,0x196A,0x1969,0x1107,0x08C5,0x10E6,0x1107,0x1128,
0x1949,0x1128,0x1148,0x19AB,0x198B,0x1128,0x1149,0x116A,0x1149,0x1149,0x1149,0x19CD,0x222F,0x224F,0x2A6F,0x2A90,
0x32D1,0x2A6F,0x198B,0x19AB,0x19CC,0x198A,0x196A,0x19CC,0x220E,0x222F,0x2A90,0x2AB1,0x2A90,0x2A90,0x2270,0x224F,
0x224F,0x224F,0x220D,0x19EC,0x220D,0x222E,0x220D,0x220D,0x220D,0x19CC,0x19CC,0x19AB,0x19AB,0x198B,0x198B,0x198B,
0x19AB,0x116A,0x1149,0x1149,0x1149,0x1149,0x116A,0x116A,0x116A,0x116A,0x19CC,0x220E,0x222F,0x220E,0x19ED,0x19ED,
0x19AC,0x196A,0x198A,0x198B,0x116A,0x1129,0x1128,0x1128,0x114A,0x114A,0x1128,0x08E7,0x08E7,0x08C6,0x08A5,0x08A5,
0x0084,0x0084,0x0084,0x0084,0x0084,0x0085,0x0085,0x0084,0x0084,0x0084,0x0084,0x0084,0x0084,0x0084,0x0084,0x0064,
0x0063,0x0063,0x0043,0x0043,0x0043,0x0043,0x0043,0x0063,0x0063,0x0064,0x0084,0x0085,0x00A6,0x00A6,0x00C6,0x08C7,
0x00A6,0x08A6,0x00A6,0x0085,0x0084,0x0084,0x0084,0x0085,0x0085,0x0084,0x0064,0x0063,0x0063,0x0084,0x0085,0x00A6,
0x00A6,0x0084,0x0064,0x0085,0x0085,0x0084,0x0085,0x0085,0x0085,0x00C6,0x08E8,0x0085,0x0064,0x0063,0x0063,0x0063,
0x0063,0x0043,0x0064,0x0064,0x0064,0x0063,0x0043,0x0042,0x0043,0x0063,0x0043,0x0043,0x0043,0x0063,0x0043,0x0042,
0x0042,0x0042,0x0042,0x0022,0x0022,0x0022,0x0022,0x0022,0x0021,0x0021,0x0021,0x0021,0x0021,0x0021,0x0021,0x0021,
},
{0x0021,0x0021,0x0021,0x0021,0x0021,0x0021,0x0021,0x0021,0x0021,0x0022,0x0042,0x0022,0x0022,0x0042,0x0042,0x0022,
0x0022,0x0042,0x0043,0x0043,0x0063,0x0063,0x0063,0x0063,0x0064,0x0063,0x0043,0x0042,0x0043,0x0043,0x0043,0x0043,
0x0063,0x0084,0x0084,0x0043,0x0043,0x0042,0x0043,0x0063,0x0063,0x0084,0x0063,0x0084,0x08A5,0x0084,0x0063,0x0063,
0x0084,0x08C6,0x08C6,0x08A5,0x08A6,0x08C6,0x08A6,0x08A5,0x0063,0x0063,0x0042,0x0042,0x0064,0x08C6,0x08E6,0x08A5,
0x08A5,0x08C6,0x08C6,0x0908,0x0908,0x08E7,0x08C6,0x08E6,0x08C6,0x08A5,0x08A5,0x08A5,0x08A5,0x08A5,0x0084,0x0064,
0x0063,0x0084,0x0085,0x08A5,0x0084,0x0084,0x0084,0x08A5,0x08C6,0x08C6,0x08C6,0x08E7,0x1128,0x1108,0x08E7,0x08E7,
0x08E7,0x08E7,0x08E7,0x1149,0x19AC,0x1128,0x114A,0x1149,0x1149,0x116A,0x118B,0x1108,0x10E7,0x1107,0x1107,0x1149,
0x198B,0x19AC,0x19AC,0x116A,0x1149,0x19AB,0x1128,0x08A4,0x08A5,0x08A5,0x08A5,0x08A5,0x10E6,0x10E7,0x08E6,0x08C6,
0x08A5,0x08A5,0x08A5,0x08A5,0x08A4,0x08A5,0x08C5,0x08E6,0x08E7,0x1107,0x1108,0x08C6,0x10E7,0x1149,0x08E7,0x08E6,
0x08E7,0x08C6,0x08C5,0x08A5,0x08A5,0x08A4,0x0884,0x08A5,0x08A5,0x0884,0x0884,0x0884,0x0884,0x0884,0x08A5,0x08C5,
0x08C5,0x08A5,0x08A5,0x08A5,0x08A4,0x08A5,0x08A5,0x08C5,0x08C5,0x08E6,0x08E6,0x10E7,0x1107,0x10E7,0x10E6,0x08E6,
0x10E7,0x1128,0x1149,0x196A,0x19AB,0x198A,0x19AB,0x21EC,0x220D,0x19CC,0x196A,0x1969,0x19AB,0x220D,0x220D,0x19CB,
0x220D,0x21EC,0x220D,0x198A,0x1128,0x1969,0x198A,0x1949,0x1949,0x1969,0x1948,0x1128,0x1107,0x1107,0x1128,0x1948,
0x198A,0x1949,0x08A4,0x08A4,0x08A4,0x1127,0x1969,0x1969,0x21CB,0x21EC,0x2A2E,0x2A4E,0x2A2D,0x21EC,0x198A,0x1969,
0x198A,0x21AB,0x21EC,0x21AA,0x1989,0x218A,0x21CB,0x2A2D,0x324D,0x2A0C,0x1927,0x1968,0x21CB,0x21A9,0x1968,0x1947,
0x21A9,0x2189,0x1968,0x1968,0x1968,0x1927,0x1947,0x1948,0x21CA,0x2A2D,0x2A2D,0x324E,0x2A0C,0x29EB,0x21CA,0x1948,
0x1106,0x1927,0x1948,0x1948,0x1948,0x1948,0x1989,0x21CB,0x21CB,0x218A,0x1969,0x1969,0x218A,0x21EB,0x1989,0x1948,
0x1948,0x1927,0x1927,0x1107,0x10E6,0x1107,0x21CB,0x2A2E,0x21CB,0x1948,0x1106,0x10C5,0x1127,0x198A,0x2A2E,0x328F,
0x3290,0x2A6F,0x2A6F,0x21EC,0x19AB,0x21CC,0x19AB,0x1949,0x10E6,0x10E6,0x10E6,0x10E6,0x10E6,0x10E6,0x08C5,0x08C5,
0x08C5,0x1107,0x1128,0x21CB,0x21EC,0x1969,0x1949,0x1969,0x1128,0x1969,0x1948,0x1107,0x10C5,0x08A4,0x10C5,0x10E6,
0x08A4,0x08A4,0x10E6,0x1107,0x1127,0x1128,0x1127,0x19AB,0x19CC,0x196A,0x1127,0x10C5,0x10E6,0x1148,0x1149,0x196A,
0x198A,0x1149,0x1149,0x21CC,0x198A,0x19AC,0x21ED,0x222F,0x220E,0x19CD,0x220E,0x222F,0x220E,0x224F,0x2AB1,0x2AD1,
0x2AB1,0x224F,0x19ED,0x220E,0x222E,0x220E,0x222E,0x19CC,0x19ED,0x222E,0x220E,0x224F,0x222E,0x220E,0x224F,0x222E,
0x220E,0x19ED,0x19AC,0x19AB,0x19AB,0x19CC,0x19CC,0x21EC,0x19CC,0x19AB,0x19CC,0x19AB,0x19AB,0x116A,0x1149,0x1149,
0x1149,0x1149,0x1128,0x1149,0x1149,0x1129,0x1129,0x1149,0x1149,0x1149,0x116A,0x220E,0x222E,0x220E,0x19CD,0x19CD,
0x19ED,0x19AC,0x19AC,0x198B,0x1149,0x1107,0x1108,0x1149,0x1129,0x08E7,0x08C6,0x08A5,0x08A5,0x08A5,0x08A5,0x0084,
0x0084,0x0084,0x0084,0x0084,0x0084,0x0084,0x0084,0x0084,0x0084,0x0084,0x0084,0x0063,0x0064,0x0084,0x0064,0x0063,
0x0063,0x0063,0x0063,0x0043,0x0043,0x0043,0x0043,0x0063,0x0064,0x0084,0x0085,0x00A5,0x0085,0x00A5,0x08C7,0x08E7,
0x00A5,0x0085,0x00A5,0x0085,0x0085,0x0064,0x0064,0x00A6,0x00A5,0x0084,0x0064,0x0064,0x00A5,0x08A6,0x00A6,0x00A6,
0x00A5,0x0084,0x0084,0x00A5,0x0085,0x0084,0x0064,0x0084,0x00A6,0x08C6,0x00A6,0x0085,0x0064,0x0043,0x0043,0x0063,
0x0043,0x0043,0x0063,0x0064,0x0043,0x0043,0x0043,0x0042,0x0042,0x0043,0x0043,0x0043,0x0063,0x0064,0x0043,0x0042,
0x0042,0x0022,0x0022,0x0022,0x0022,0x0022,0x0022,0x0022,0x0021,0x0021,0x0021,0x0021,0x0021,0x0021,0x0021,0x0021,
},
{0x0021,0x0021,0x0021,0x0021,0x0021,0x0021,0x0021,0x0021,0x0021,0x0022,0x0022,0x0022,0x0022,0x0042,0x0042,0x0042,
0x0042,0x0042,0x0042,0x0043,0x0043,0x0063,0x0063,0x0043,0x0063,0x0043,0x0042,0x0042,0x0042,0x0043,0x0064,0x0085,
0x08A5,0x08A5,0x0064,0x0063,0x0042,0x0022,0x0042,0x0042,0x0042,0x0063,0x0063,0x0063,0x0084,0x0043,0x0042,0x0042,
0x0063,0x08A6,0x08E7,0x08C6,0x0885,0x0084,0x0064,0x0063,0x0042,0x0042,0x0043,0x0063,0x0084,0x08C6,0x08E6,0x08C6,
0x08C6,0x08C6,0x0908,0x0908,0x08E7,0x08E7,0x08E7,0x08E6,0x08A5,0x08C6,0x08C6,0x08A5,0x08A5,0x0084,0x0063,0x0063,
0x0063,0x0084,0x0084,0x0085,0x0084,0x0084,0x00A5,0x08C6,0x08C6,0x08A5,0x08A5,0x08C6,0x08E7,0x0908,0x0908,0x08E7,
0x08E7,0x08E7,0x1108,0x1129,0x1129,0x08E7,0x1129,0x1149,0x1149,0x1149,0x1108,0x1107,0x1107,0x1128,0x1129,0x1149,
0x196A,0x198A,0x19AB,0x198A,0x1128,0x1148,0x1108,0x08C6,0x0884,0x0884,0x0884,0x08E7,0x1107,0x08E6,0x08E6,0x08E6,
0x08A4,0x08A5,0x08E6,0x08E6,0x08E6,0x08E6,0x1107,0x1107,0x1108,0x1149,0x198B,0x198A,0x1108,0x08E7,0x08E6,0x08E6,
0x08E7,0x0907,0x08E7,0x08C6,0x0884,0x0063,0x0063,0x0884,0x0884,0x0884,0x0884,0x0884,0x0884,0x0884,0x08A5,0x08C5,
0x08C5,0x08A4,0x08A4,0x0884,0x0884,0x08A4,0x08A5,0x08C5,0x08C5,0x08C5,0x08C5,0x08E6,0x1107,0x08E6,0x08C6,0x08C6,
0x08E6,0x1128,0x1149,0x1149,0x1149,0x1128,0x1128,0x198A,0x19CB,0x198A,0x1969,0x1149,0x19AB,0x19CC,0x198A,0x196A,
0x21CC,0x220D,0x2A4F,0x19AB,0x1128,0x1128,0x1128,0x1948,0x1969,0x21CB,0x198A,0x1969,0x1948,0x1949,0x1948,0x1106,
0x10E6,0x08C5,0x08A4,0x08C5,0x10C5,0x1927,0x1107,0x1927,0x1949,0x1948,0x198A,0x2A4E,0x2A4E,0x2A6F,0x220C,0x21AA,
0x1969,0x1969,0x21CB,0x21CB,0x198A,0x1989,0x21EB,0x2A0C,0x2A0C,0x29EC,0x21AA,0x29EB,0x21CB,0x21AA,0x21AA,0x2189,
0x21CA,0x2A2D,0x2A0C,0x324D,0x2A2C,0x1968,0x1968,0x1968,0x1968,0x2A2C,0x324D,0x324D,0x2A2D,0x21EB,0x21AA,0x21AA,
0x1969,0x1948,0x1968,0x1968,0x1968,0x1927,0x1106,0x1948,0x1948,0x1968,0x1948,0x1106,0x1927,0x1969,0x1948,0x1127,
0x1106,0x1948,0x19AA,0x196A,0x1128,0x1948,0x198A,0x21CC,0x21CC,0x21CC,0x198A,0x1128,0x198A,0x198A,0x21CB,0x21CB,
0x19AB,0x220D,0x21EC,0x19AB,0x198A,0x21AB,0x21ED,0x19AB,0x19AB,0x19AB,0x1128,0x1107,0x1107,0x10E6,0x08A4,0x08A4,
0x10E6,0x1107,0x1128,0x1107,0x10E6,0x08E6,0x10E6,0x08C5,0x08C5,0x10E6,0x10E5,0x10C5,0x10E6,0x10E6,0x1948,0x1948,
0x1128,0x1128,0x1948,0x1949,0x1128,0x10E6,0x1107,0x198A,0x1969,0x1949,0x1128,0x1128,0x196A,0x198B,0x198A,0x1128,
0x1128,0x1148,0x1128,0x1149,0x19AC,0x19ED,0x220E,0x2A70,0x32D1,0x4373,0x3B32,0x2A91,0x2A6F,0x2A90,0x2A90,0x2A90,
0x2A90,0x222E,0x19ED,0x19ED,0x220E,0x19AC,0x196A,0x1169,0x198A,0x19AB,0x19AC,0x19ED,0x1A0D,0x19CC,0x1A0D,0x19ED,
0x19CC,0x19AC,0x19AC,0x19AC,0x19CC,0x19AC,0x198B,0x198A,0x198B,0x198B,0x198B,0x116A,0x116A,0x116A,0x1149,0x1128,
0x1128,0x1107,0x1107,0x1128,0x116A,0x19AB,0x118B,0x1149,0x1149,0x116A,0x198B,0x19AB,0x19AC,0x19AC,0x19CD,0x19CD,
0x19CD,0x19AB,0x198B,0x1149,0x08E6,0x08E7,0x1128,0x1129,0x08E7,0x08E6,0x08C6,0x08A5,0x08A5,0x08A5,0x0084,0x0085,
0x0085,0x0084,0x0084,0x0084,0x0084,0x0084,0x0064,0x0064,0x0084,0x0084,0x0084,0x0064,0x0084,0x0064,0x0063,0x0064,
0x0064,0x0063,0x0043,0x0043,0x0064,0x0085,0x0064,0x0063,0x0063,0x0063,0x0063,0x0084,0x00A5,0x08A6,0x08E7,0x08C6,
0x00A5,0x0085,0x0085,0x0084,0x0064,0x0084,0x0084,0x00A6,0x0085,0x0084,0x0084,0x0085,0x08C7,0x08E7,0x00A6,0x0085,
0x0085,0x00A5,0x00A6,0x08A6,0x00A5,0x0084,0x0084,0x0085,0x00A6,0x00A5,0x0064,0x0064,0x0043,0x0043,0x0043,0x0043,
0x0043,0x0043,0x0064,0x0063,0x0043,0x0043,0x0042,0x0042,0x0042,0x0042,0x0043,0x0043,0x0043,0x0063,0x0043,0x0042,
0x0022,0x0022,0x0022,0x0022,0x0022,0x0022,0x0022,0x0021,0x0021,0x0021,0x0021,0x0021,0x0021,0x0021,0x0021,0x0021,
},
{0x0021,0x0021,0x0021,0x0021,0x0021,0x0021,0x0021,0x0021,0x0021,0x0021,0x0022,0x0022,0x0022,0x0022,0x0022,0x0042,
0x0043,0x0042,0x0042,0x0042,0x0042,0x0042,0x0063,0x0063,0x0063,0x0063,0x0042,0x0042,0x0042,0x0043,0x0064,0x08A5,
0x08C6,0x08A5,0x0064,0x0084,0x0063,0x0022,0x0022,0x0042,0x0043,0x0063,0x0064,0x0084,0x0063,0x0042,0x0022,0x0042,
0x0084,0x08C6,0x08C6,0x08A5,0x0063,0x0063,0x0043,0x0042,0x0042,0x0042,0x0043,0x0084,0x0084,0x0084,0x0885,0x08A5,
0x08A5,0x08C7,0x08E7,0x08E7,0x08C6,0x08C6,0x08C6,0x08A6,0x08A5,0x08A5,0x08A5,0x0884,0x0084,0x0084,0x0063,0x0063,
0x0063,0x0063,0x0084,0x0084,0x0084,0x08A5,0x08C6,0x08C6,0x08A5,0x08A5,0x08A5,0x08C6,0x08E7,0x0908,0x0908,0x08E7,
0x0907,0x1108,0x116A,0x1129,0x08C6,0x08E7,0x1129,0x114A,0x1149,0x1108,0x08E7,0x08E7,0x1107,0x114A,0x116A,0x1149,
0x1128,0x1149,0x1149,0x1128,0x08E6,0x08E6,0x1128,0x1128,0x08A5,0x0884,0x08C6,0x1128,0x1107,0x08C6,0x08C5,0x08C6,
0x08C5,0x08C6,0x08E7,0x1108,0x1149,0x1128,0x0907,0x08C6,0x08C6,0x08E6,0x0907,0x1149,0x1128,0x08E6,0x08E6,0x08C6,
0x08C6,0x08E7,0x0907,0x08C6,0x0884,0x0063,0x0063,0x0083,0x0884,0x0884,0x0884,0x0884,0x0884,0x0884,0x08A4,0x08A4,
0x0884,0x0884,0x08A4,0x08A4,0x08A5,0x08A5,0x08A5,0x08C5,0x08A5,0x08A4,0x08A5,0x08C5,0x08E6,0x08C5,0x08C5,0x08C6,
0x1128,0x1148,0x1148,0x1128,0x1107,0x08E6,0x08E6,0x1128,0x1149,0x1128,0x1148,0x198A,0x220D,0x21ED,0x198A,0x1949,
0x1969,0x21CB,0x222D,0x198A,0x21EC,0x19CB,0x1127,0x1127,0x198A,0x21EC,0x220D,0x21CC,0x198A,0x1969,0x196A,0x19AB,
0x198A,0x10E6,0x08A4,0x08A4,0x08C5,0x1969,0x1948,0x1948,0x1948,0x1948,0x1127,0x198A,0x21AB,0x220C,0x2A0D,0x2A2D,
0x21AB,0x1969,0x198A,0x21AB,0x21CB,0x198A,0x218A,0x21AA,0x21AA,0x21CB,0x21AB,0x21CB,0x21CB,0x21AA,0x1989,0x1968,
0x2189,0x2A2D,0x2A0C,0x2A0C,0x324D,0x2A0C,0x2A0C,0x2A0C,0x21AA,0x21CB,0x326E,0x328F,0x326F,0x326E,0x2A2D,0x2A4D,
0x2A0D,0x21AA,0x1969,0x21AA,0x21CB,0x1969,0x1948,0x1948,0x1948,0x21AA,0x21EC,0x198A,0x1106,0x10C5,0x08A4,0x10E6,
0x10E6,0x10E6,0x1969,0x196A,0x198A,0x198A,0x21CC,0x21EC,0x21ED,0x2A2E,0x220E,0x21CC,0x220D,0x21EC,0x21EC,0x198B,
0x1969,0x1128,0x198A,0x21EC,0x21EC,0x19AB,0x21CC,0x198A,0x21CC,0x21ED,0x198B,0x1148,0x10E7,0x08C5,0x08A4,0x0884,
0x08A4,0x08C5,0x08C5,0x08A4,0x08A4,0x0884,0x08A4,0x10E6,0x1107,0x08C5,0x08A5,0x10E6,0x1948,0x1969,0x1948,0x1969,
0x1969,0x1128,0x1148,0x198A,0x1969,0x1107,0x10E7,0x1969,0x1149,0x1107,0x198A,0x21ED,0x21ED,0x21CC,0x1149,0x1107,
0x1148,0x196A,0x198B,0x19AB,0x198B,0x196A,0x198B,0x1A0D,0x2AD2,0x32F2,0x32F2,0x2AB1,0x19EC,0x198B,0x198B,0x19AB,
0x19CC,0x198A,0x19AB,0x21EC,0x19CC,0x198B,0x1128,0x1128,0x196A,0x19CC,0x19ED,0x19ED,0x19CD,0x118B,0x19AC,0x198B,
0x116A,0x198B,0x19AB,0x19AC,0x198B,0x116A,0x1149,0x1149,0x114A,0x1149,0x1128,0x1128,0x1128,0x1129,0x1149,0x1149,
0x1149,0x1149,0x116A,0x118B,0x116A,0x198B,0x118B,0x1149,0x1149,0x116A,0x116A,0x116A,0x118B,0x116B,0x114A,0x1149,
0x1149,0x1108,0x08E7,0x08C6,0x08C6,0x114A,0x114A,0x1128,0x08E7,0x08C6,0x08C6,0x08C6,0x08A6,0x08A5,0x08A6,0x08A6,
0x08A6,0x08A5,0x00A5,0x0085,0x0084,0x0084,0x0084,0x0084,0x0085,0x0084,0x0084,0x0084,0x0084,0x0084,0x00A5,0x08A6,
0x0085,0x0064,0x0084,0x0085,0x0085,0x00A5,0x0084,0x0064,0x0063,0x0063,0x0043,0x0063,0x00A5,0x08A6,0x08A6,0x00A5,
0x0085,0x0085,0x0084,0x0064,0x0084,0x0084,0x0085,0x00A5,0x0084,0x0084,0x0084,0x00A5,0x08E7,0x08C7,0x00A6,0x0084,
0x0084,0x00A5,0x08A6,0x0084,0x00A5,0x00C7,0x08C7,0x00A5,0x0084,0x0064,0x0063,0x0063,0x0043,0x0043,0x0042,0x0043,
0x0063,0x0063,0x0063,0x0064,0x0064,0x0043,0x0042,0x0022,0x0042,0x0043,0x0043,0x0043,0x0042,0x0042,0x0042,0x0042,
0x0022,0x0022,0x0042,0x0022,0x0022,0x0022,0x0021,0x0021,0x0021,0x0021,0x0021,0x0021,0x0021,0x0021,0x0021,0x0021,
},
{0x0021,0x0021,0x0021,0x0021,0x0021,0x0021,0x0021,0x0021,0x0021,0x0021,0x0022,0x0022,0x0022,0x0022,0x0022,0x0042,
0x0042,0x0042,0x0042,0x0042,0x0042,0x0042,0x0043,0x0063,0x0043,0x0043,0x0043,0x0043,0x0042,0x0043,0x0064,0x0084,
0x0084,0x0084,0x0084,0x0084,0x0042,0x0042,0x0042,0x0042,0x0063,0x08A5,0x08A5,0x0064,0x0043,0x0042,0x0042,0x0063,
0x08A5,0x08C7,0x0084,0x0063,0x0063,0x0043,0x0043,0x0043,0x0042,0x0043,0x0063,0x0064,0x0064,0x0064,0x0084,0x00A5,
0x08A6,0x08C6,0x08C6,0x08C6,0x08A5,0x08A5,0x08C6,0x08A5,0x0885,0x08A5,0x08A5,0x0084,0x0084,0x0084,0x0064,0x0064,
0x0064,0x0063,0x0064,0x0084,0x0085,0x08A5,0x08C6,0x08A5,0x08A5,0x08A5,0x08A5,0x08C6,0x08E7,0x0908,0x1129,0x0907,
0x08E7,0x1108,0x116B,0x08E8,0x08C6,0x08E7,0x1129,0x114A,0x1128,0x08E7,0x0907,0x1107,0x1129,0x1149,0x1128,0x1107,
0x1128,0x196A,0x19CC,0x196A,0x08E6,0x08C6,0x1149,0x1128,0x08C5,0x08A5,0x08E7,0x1128,0x1108,0x1107,0x08A5,0x08C6,
0x1108,0x08E6,0x08E7,0x1128,0x1149,0x116A,0x1128,0x08A4,0x08A5,0x08A5,0x0884,0x0884,0x08E7,0x1108,0x0907,0x08E7,
0x08C6,0x08C6,0x1108,0x08E7,0x08A5,0x0884,0x0083,0x0083,0x0884,0x08A5,0x08A5,0x08A5,0x0884,0x0884,0x0884,0x0884,
0x0883,0x0884,0x08A5,0x08C5,0x08C5,0x08A5,0x08A5,0x08C5,0x08A5,0x08A4,0x08A4,0x08A5,0x08A5,0x08A5,0x08C6,0x08E6,
0x1128,0x1149,0x1128,0x10E7,0x08E6,0x08E6,0x10E7,0x1107,0x1107,0x1107,0x1148,0x198A,0x21ED,0x21ED,0x19AB,0x1969,
0x1969,0x19AB,0x222D,0x2A2E,0x2A6F,0x2A4F,0x21EC,0x21CB,0x2A2E,0x2A4E,0x220D,0x19AB,0x19AB,0x198A,0x1949,0x220D,
0x220D,0x198A,0x1107,0x08C5,0x0884,0x1106,0x21AA,0x21CB,0x1969,0x198A,0x1948,0x1107,0x1128,0x1969,0x21CB,0x2A2D,
0x220C,0x21CB,0x198A,0x198A,0x21AB,0x21AA,0x21AA,0x1989,0x1968,0x1969,0x1969,0x1989,0x218A,0x21AA,0x1948,0x1948,
0x1989,0x21AA,0x21A9,0x1968,0x2189,0x29EB,0x326E,0x326E,0x2A4D,0x198A,0x21CB,0x2A0C,0x326E,0x326E,0x324D,0x326E,
0x326F,0x2A4E,0x2A2D,0x21AB,0x21CB,0x2A0D,0x21EC,0x1969,0x1948,0x1948,0x2A0D,0x21AA,0x10C5,0x10C5,0x08C5,0x08C5,
0x08C5,0x08A4,0x08C5,0x10E6,0x1127,0x1949,0x1948,0x1948,0x196A,0x19AB,0x21AB,0x21CC,0x21AB,0x21AB,0x198A,0x1149,
0x1969,0x1128,0x1128,0x1949,0x21CC,0x21CC,0x198A,0x198A,0x1128,0x1948,0x1128,0x1107,0x08C5,0x10E6,0x1148,0x1128,
0x10E6,0x10E6,0x10E6,0x08C5,0x08C5,0x10E6,0x1107,0x1949,0x1148,0x1148,0x1127,0x1107,0x1128,0x1949,0x1128,0x1128,
0x198A,0x1969,0x1148,0x196A,0x19AB,0x198B,0x198A,0x19AB,0x198B,0x19AC,0x220E,0x19ED,0x19AC,0x19AC,0x19AB,0x19AB,
0x19CC,0x19CC,0x19AB,0x198B,0x19CC,0x19AB,0x19CC,0x220E,0x2290,0x2A90,0x2AD1,0x2AB1,0x220E,0x19AC,0x198B,0x198A,
0x198B,0x198A,0x19AB,0x19AB,0x19AB,0x1969,0x1128,0x1149,0x198A,0x21ED,0x220E,0x19CD,0x116B,0x114A,0x1149,0x1108,
0x1128,0x1149,0x114A,0x116A,0x196A,0x116A,0x1149,0x116A,0x1149,0x1128,0x1108,0x1108,0x1128,0x1128,0x1128,0x1149,
0x1149,0x114A,0x1149,0x1149,0x1129,0x08E7,0x08E7,0x08E7,0x1108,0x1149,0x116A,0x116A,0x116B,0x1129,0x0908,0x08E7,
0x08C6,0x08C6,0x08C6,0x08C6,0x0908,0x118B,0x114A,0x0908,0x0908,0x08E7,0x08E7,0x08E7,0x08C6,0x08C7,0x08E7,0x08C6,
0x08A6,0x08A6,0x08A5,0x08A5,0x08A6,0x00A5,0x00A5,0x00A5,0x0085,0x0084,0x0084,0x0064,0x0084,0x0085,0x0085,0x00A5,
0x0085,0x0085,0x00A6,0x0085,0x0084,0x0064,0x0084,0x0084,0x0064,0x0064,0x0063,0x0064,0x0084,0x0085,0x0085,0x0084,
0x0064,0x0064,0x0084,0x0084,0x0084,0x0085,0x00A6,0x0085,0x0085,0x0064,0x0084,0x00A5,0x08E8,0x08C7,0x0085,0x0064,
0x0084,0x0084,0x0064,0x0063,0x0084,0x08E7,0x08E7,0x0085,0x0063,0x0063,0x0043,0x0043,0x0043,0x0043,0x0043,0x0043,
0x0064,0x0064,0x0064,0x0063,0x0043,0x0042,0x0042,0x0022,0x0042,0x0043,0x0043,0x0043,0x0042,0x0022,0x0042,0x0042,
0x0022,0x0022,0x0042,0x0022,0x0022,0x0021,0x0021,0x0021,0x0021,0x0021,0x0021,0x0021,0x0021,0x0021,0x0021,0x0021,
},
{0x0021,0x0021,0x0021,0x0021,0x0021,0x0021,0x0021,0x0021,0x0021,0x0022,0x0022,0x0022,0x0022,0x0022,0x0042,0x0042,
0x0042,0x0042,0x0022,0x0042,0x0042,0x0042,0x0042,0x0043,0x0043,0x0043,0x0063,0x0043,0x0043,0x0063,0x0063,0x0043,
0x0063,0x0063,0x0063,0x0043,0x0042,0x0042,0x0043,0x0063,0x08A5,0x08A6,0x0084,0x0043,0x0042,0x0042,0x0042,0x0063,
0x0084,0x0885,0x0064,0x0043,0x0063,0x0043,0x0043,0x0084,0x0063,0x0043,0x0063,0x0063,0x0063,0x0084,0x00A5,0x08A5,
0x08A6,0x08A6,0x08A6,0x08A5,0x08A5,0x08A5,0x08C6,0x08A5,0x08A5,0x08A5,0x0084,0x0084,0x0084,0x0064,0x0063,0x0064,
0x0084,0x0064,0x0064,0x0084,0x0084,0x0885,0x08A5,0x08A5,0x08A5,0x08A5,0x08C6,0x08C6,0x08E8,0x0908,0x0908,0x08E7,
0x08E6,0x1129,0x1129,0x08C6,0x08C6,0x08E7,0x1129,0x1149,0x1108,0x1108,0x1108,0x1108,0x1128,0x1107,0x1107,0x1107,
0x1128,0x19CC,0x19CC,0x198B,0x1128,0x08E6,0x1149,0x1107,0x08A5,0x08A5,0x08E6,0x1128,0x1129,0x1129,0x08E7,0x1107,
0x1148,0x08E6,0x08E7,0x1108,0x1128,0x116A,0x1108,0x08A5,0x0884,0x08A5,0x0884,0x0884,0x08C6,0x08E7,0x08E7,0x1108,
0x08E7,0x08C6,0x08E6,0x08C6,0x08C6,0x08C6,0x0884,0x0083,0x0884,0x08C5,0x08C6,0x08A5,0x0884,0x0884,0x0884,0x0083,
0x0063,0x0884,0x08A4,0x08C5,0x08C6,0x08C5,0x08C5,0x08A5,0x08A4,0x08A4,0x08A5,0x08A5,0x08A4,0x08A5,0x08C5,0x08E6,
0x10E7,0x1128,0x1107,0x08C6,0x08C6,0x08E6,0x10E6,0x1107,0x1107,0x1128,0x1128,0x1149,0x19AB,0x19AB,0x19CC,0x21CC,
0x19AA,0x198A,0x21EC,0x220D,0x222E,0x21EC,0x2A6F,0x2A90,0x2A6F,0x220D,0x19CC,0x1149,0x1127,0x19AB,0x19AB,0x21ED,
0x19AB,0x1149,0x10E6,0x08C5,0x08A4,0x08A4,0x1948,0x198A,0x1969,0x19AA,0x1128,0x08C5,0x10E6,0x1928,0x1989,0x21AB,
0x21EC,0x21CB,0x21CB,0x198A,0x1969,0x21AB,0x21CB,0x21AB,0x1969,0x1948,0x1948,0x1948,0x1969,0x1989,0x1989,0x1968,
0x21AA,0x21CB,0x21AA,0x1969,0x2189,0x21CA,0x21EB,0x21AA,0x29EC,0x326E,0x2A0C,0x2A0C,0x326F,0x328F,0x2A4E,0x2A4D,
0x2A2D,0x21EC,0x2A0C,0x29EC,0x21CB,0x220C,0x21CB,0x1969,0x1969,0x1989,0x1969,0x1948,0x10E6,0x10E6,0x10E5,0x1106,
0x1127,0x1107,0x1128,0x1948,0x1948,0x1948,0x1948,0x1127,0x1949,0x198A,0x198A,0x198A,0x198A,0x198A,0x19AB,0x198A,
0x1149,0x1148,0x1149,0x1128,0x1149,0x19AB,0x19AB,0x1969,0x1949,0x1128,0x1127,0x1148,0x1148,0x1948,0x1969,0x1128,
0x10E7,0x10E6,0x10E7,0x1107,0x10E6,0x08C6,0x08C6,0x1128,0x1149,0x1128,0x1107,0x1128,0x1148,0x1128,0x1128,0x198A,
0x220D,0x220D,0x19AB,0x1949,0x1969,0x19CC,0x222E,0x224F,0x224F,0x2A70,0x220E,0x19AB,0x21ED,0x2A4F,0x224F,0x220E,
0x220E,0x19CC,0x198B,0x19AB,0x220D,0x222E,0x2A90,0x224F,0x220E,0x224F,0x226F,0x2A70,0x222E,0x222E,0x222E,0x21ED,
0x19CC,0x19AB,0x198A,0x19AB,0x196A,0x1128,0x1128,0x1128,0x1149,0x116A,0x198B,0x198B,0x198A,0x1149,0x0907,0x08E7,
0x10E7,0x1129,0x1129,0x1149,0x116A,0x116A,0x19CC,0x19ED,0x19ED,0x198A,0x1149,0x1107,0x1108,0x1128,0x1128,0x1128,
0x1108,0x08E7,0x08E7,0x08C6,0x08C6,0x08C6,0x08A6,0x08C6,0x08C6,0x1128,0x1149,0x1129,0x1129,0x08E7,0x08C6,0x08A5,
0x08A5,0x08C6,0x08C6,0x0908,0x114A,0x114A,0x1129,0x1129,0x08E7,0x08C6,0x08C6,0x08C7,0x08C6,0x08C6,0x08C6,0x08A6,
0x08A5,0x08A5,0x08A6,0x08A5,0x08A6,0x08C6,0x08A6,0x00A5,0x0084,0x0085,0x0084,0x0084,0x0085,0x0085,0x08A5,0x0085,
0x0085,0x00A5,0x00A5,0x0085,0x0084,0x0084,0x0084,0x0084,0x0085,0x0084,0x0084,0x0084,0x0084,0x0084,0x0064,0x0064,
0x0085,0x0085,0x0085,0x00A6,0x00A6,0x00A6,0x00A6,0x0085,0x0084,0x0084,0x0085,0x08C6,0x08E7,0x08C7,0x0085,0x0084,
0x0084,0x0064,0x0084,0x0085,0x00A6,0x08C7,0x00A5,0x0064,0x0064,0x0063,0x0043,0x0043,0x0043,0x0043,0x0064,0x0064,
0x0064,0x0064,0x0063,0x0043,0x0043,0x0042,0x0042,0x0042,0x0022,0x0042,0x0042,0x0042,0x0022,0x0022,0x0042,0x0022,
0x0022,0x0022,0x0022,0x0022,0x0022,0x0021,0x0021,0x0021,0x0021,0x0021,0x0021,0x0021,0x0021,0x0021,0x0021,0x0021,
},
{0x0021,0x0021,0x0021,0x0021,0x0021,0x0021,0x0021,0x0021,0x0021,0x0022,0x0022,0x0022,0x0022,0x0022,0x0042,0x0042,
0x0042,0x0022,0x0042,0x0042,0x0042,0x0022,0x0042,0x0042,0x0043,0x0043,0x0043,0x0043,0x0043,0x0043,0x0042,0x0042,
0x0042,0x0042,0x0043,0x0043,0x0042,0x0043,0x0063,0x0084,0x08A5,0x08A5,0x0043,0x0042,0x0022,0x0022,0x0042,0x0063,
0x0084,0x0084,0x0064,0x0063,0x0063,0x0043,0x0022,0x0063,0x0084,0x0063,0x0063,0x0063,0x0063,0x0084,0x0084,0x0084,
0x08A6,0x08C6,0x08A5,0x08A6,0x08C6,0x08C6,0x08A5,0x0084,0x0084,0x0085,0x0084,0x0084,0x0063,0x0063,0x0063,0x0063,
0x0084,0x0084,0x0064,0x0084,0x0084,0x0084,0x0884,0x08A5,0x08A5,0x08A5,0x08C6,0x08E7,0x08E7,0x08E7,0x08C6,0x08C6,
0x08E7,0x114A,0x08E7,0x08C6,0x08E6,0x0908,0x1129,0x1108,0x08E6,0x08E7,0x0908,0x0907,0x08E7,0x08E6,0x08C5,0x1107,
0x1149,0x198B,0x19AC,0x1149,0x1107,0x1149,0x1128,0x1107,0x08A5,0x08A5,0x1108,0x1149,0x1128,0x1129,0x1107,0x08E6,
0x1128,0x1128,0x1107,0x08E7,0x1129,0x116A,0x1128,0x08A5,0x08A5,0x08C6,0x08A4,0x0884,0x08C6,0x08E7,0x08E7,0x08E7,
0x08C6,0x0884,0x0083,0x0884,0x08A5,0x08C5,0x0884,0x0063,0x0884,0x08A5,0x08A5,0x0884,0x0884,0x0884,0x0084,0x0063,
0x0063,0x0083,0x08A4,0x08A5,0x08A5,0x08C5,0x08A5,0x08A5,0x0884,0x0884,0x08A5,0x08A5,0x0884,0x08A4,0x08A5,0x08C5,
0x08E6,0x08E6,0x08A5,0x08A5,0x08C5,0x08E6,0x08C6,0x10E7,0x1107,0x1107,0x1148,0x1149,0x116A,0x1169,0x198A,0x21ED,
0x220D,0x19CC,0x21EC,0x220D,0x19CC,0x21EC,0x222E,0x2A90,0x220D,0x2A4F,0x220D,0x1169,0x1107,0x198A,0x21EC,0x19AB,
0x21CC,0x1949,0x0863,0x0883,0x08A4,0x0884,0x08C5,0x1107,0x1989,0x19AA,0x1949,0x08C5,0x08C5,0x10C5,0x1107,0x1948,
0x1127,0x1948,0x19AA,0x1969,0x1969,0x21AA,0x198A,0x21AA,0x198A,0x1969,0x1948,0x1948,0x1969,0x198A,0x198A,0x1989,
0x21AA,0x21EB,0x21AA,0x1969,0x2189,0x21CA,0x21CB,0x21CB,0x29EC,0x2A4D,0x2A4D,0x326E,0x326F,0x326E,0x2A4E,0x2A4E,
0x2A0C,0x21AA,0x21AA,0x2A0C,0x21EC,0x198A,0x198A,0x21AB,0x1948,0x1949,0x1948,0x1948,0x19AA,0x198A,0x1128,0x1948,
0x1948,0x1127,0x1127,0x198A,0x21AB,0x19AB,0x19AA,0x198A,0x196A,0x1107,0x1107,0x1949,0x19AB,0x19AB,0x19AB,0x198A,
0x198A,0x198B,0x1128,0x1128,0x198B,0x198A,0x196A,0x1948,0x1127,0x1107,0x10E6,0x1948,0x19AA,0x19AB,0x19AB,0x196A,
0x196A,0x1128,0x08E6,0x08A4,0x0884,0x08A4,0x08A4,0x08C5,0x1107,0x1107,0x1969,0x198A,0x1148,0x1107,0x1128,0x196A,
0x19AB,0x198A,0x196A,0x1149,0x198A,0x222E,0x32D1,0x32F2,0x2A91,0x2A90,0x224F,0x224F,0x2A90,0x2A70,0x2A90,0x224F,
0x222E,0x220D,0x19ED,0x220E,0x2A70,0x2AB1,0x2AB1,0x222E,0x220D,0x222E,0x222E,0x21ED,0x21ED,0x222F,0x224F,0x222E,
0x21ED,0x19CC,0x21EC,0x19CC,0x196A,0x1149,0x1149,0x1149,0x1128,0x1108,0x0907,0x1107,0x1107,0x0907,0x08E7,0x08E7,
0x08E7,0x1108,0x1108,0x1108,0x1108,0x1108,0x1149,0x19CC,0x19ED,0x116A,0x1149,0x114A,0x1129,0x1128,0x0908,0x08E7,
0x08C6,0x08C6,0x08C6,0x08C6,0x08A5,0x08C6,0x08C6,0x08C6,0x08E7,0x1129,0x1108,0x0908,0x08E7,0x08C6,0x08A6,0x08C6,
0x08C6,0x08C6,0x08C7,0x0908,0x0928,0x08E7,0x08C6,0x08C6,0x08C6,0x08A6,0x08C6,0x08C6,0x08A5,0x08A5,0x08A6,0x0085,
0x0084,0x0085,0x0085,0x08A6,0x08C7,0x08A6,0x08A5,0x08A5,0x08A5,0x08A5,0x08A5,0x08A5,0x08C6,0x08C6,0x08C6,0x0085,
0x0085,0x00A5,0x00A6,0x00A5,0x0084,0x0085,0x0085,0x0085,0x00A5,0x08A5,0x08A6,0x00A6,0x0085,0x0084,0x0064,0x0064,
0x00A5,0x00A6,0x00A6,0x00C6,0x00A6,0x08C6,0x00A6,0x0085,0x0084,0x0085,0x00A5,0x08E8,0x08E8,0x08E8,0x08A6,0x0084,
0x0084,0x00A5,0x08C7,0x08C7,0x00A6,0x00A5,0x0085,0x0084,0x0064,0x0063,0x0063,0x0043,0x0063,0x0064,0x0064,0x0064,
0x0084,0x0064,0x0043,0x0043,0x0043,0x0042,0x0042,0x0022,0x0022,0x0042,0x0042,0x0042,0x0022,0x0022,0x0022,0x0022,
0x0022,0x0022,0x0022,0x0022,0x0022,0x0021,0x0021,0x0021,0x0021,0x0021,0x0021,0x0021,0x0021,0x0021,0x0021,0x0021,
},
{0x0021,0x0021,0x0021,0x0021,0x0021,0x0021,0x0021,0x0021,0x0021,0x0021,0x0021,0x0022,0x0022,0x0022,0x0022,0x0022,
0x0022,0x0022,0x0022,0x0042,0x0042,0x0042,0x0042,0x0042,0x0042,0x0042,0x0042,0x0022,0x0042,0x0042,0x0042,0x0042,
0x0042,0x0042,0x0043,0x0043,0x0042,0x0042,0x0064,0x0885,0x0885,0x0084,0x0043,0x0022,0x0022,0x0042,0x0043,0x0064,
0x08A5,0x08A5,0x0064,0x0063,0x0084,0x0063,0x0042,0x0042,0x0084,0x0064,0x0063,0x0063,0x0063,0x0084,0x0084,0x0064,
0x0084,0x0084,0x0084,0x08A5,0x08C6,0x08C6,0x08A5,0x0084,0x0084,0x0085,0x00A5,0x08A5,0x0084,0x0063,0x0064,0x0064,
0x0064,0x0084,0x0084,0x0084,0x0084,0x0084,0x0084,0x08A5,0x08A6,0x08C6,0x08E7,0x08E7,0x08C6,0x08C6,0x08C6,0x08E7,
0x1149,0x1129,0x08E7,0x08C6,0x08E7,0x1108,0x0907,0x08C6,0x08E6,0x08E7,0x08E6,0x08E6,0x08E7,0x08E6,0x08E6,0x1149,
0x198B,0x198B,0x19AB,0x1107,0x1128,0x116A,0x1149,0x1108,0x08C6,0x10E7,0x1149,0x114A,0x1129,0x1128,0x1128,0x10E6,
0x1107,0x1149,0x1149,0x1149,0x116A,0x19AC,0x1149,0x08C6,0x08C5,0x08C5,0x0884,0x0884,0x08C6,0x1107,0x08E6,0x08C6,
0x0063,0x0042,0x0063,0x0084,0x0083,0x0884,0x0083,0x0884,0x08C6,0x08A5,0x0884,0x0884,0x0884,0x0063,0x0084,0x0084,
0x0084,0x0084,0x08A5,0x08C6,0x08C5,0x08C5,0x08A5,0x08A5,0x08A5,0x0884,0x0884,0x08A4,0x0884,0x08A5,0x08C6,0x08E6,
0x10E7,0x08E7,0x08C6,0x08C5,0x08C6,0x08E6,0x08C6,0x08E6,0x1107,0x1107,0x1128,0x1149,0x1128,0x1149,0x196A,0x198B,
0x220D,0x2A4F,0x222E,0x222E,0x198A,0x19AB,0x19CC,0x21ED,0x21ED,0x220D,0x21ED,0x19AB,0x198A,0x19AB,0x220D,0x21CC,
0x1148,0x1127,0x08C5,0x0884,0x08A4,0x0883,0x0883,0x08C5,0x1948,0x198A,0x19AA,0x1128,0x10C5,0x08C5,0x1128,0x1969,
0x1107,0x1107,0x1127,0x10E6,0x1106,0x1927,0x1948,0x19AA,0x21AB,0x1969,0x1969,0x1969,0x1969,0x1969,0x1989,0x1989,
0x1989,0x21CB,0x21EB,0x21AA,0x198A,0x21AA,0x1989,0x198A,0x21CB,0x21AA,0x21AA,0x21EC,0x2A2D,0x2A0C,0x21EB,0x21EB,
0x21AB,0x21AA,0x1969,0x1969,0x21AB,0x198A,0x1969,0x21AB,0x198A,0x1127,0x1948,0x1969,0x1969,0x21CC,0x220D,0x220D,
0x21CB,0x198A,0x1969,0x1949,0x198A,0x21CC,0x21AB,0x1107,0x10C5,0x08A4,0x10E7,0x21ED,0x2A2E,0x222E,0x220D,0x21ED,
0x220D,0x21EC,0x19AB,0x198A,0x198A,0x1149,0x1148,0x1128,0x1128,0x1127,0x1128,0x21AB,0x19AB,0x21CB,0x220D,0x21EC,
0x21CC,0x19AB,0x198A,0x1949,0x1969,0x1969,0x1107,0x08C5,0x08A5,0x10E6,0x1949,0x1949,0x1107,0x1128,0x1149,0x196A,
0x196A,0x198B,0x196A,0x1128,0x198B,0x21ED,0x21ED,0x224E,0x198A,0x116A,0x2A6F,0x32D1,0x2A90,0x220E,0x222E,0x224F,
0x222E,0x222E,0x224F,0x2270,0x2270,0x2A90,0x2A90,0x224F,0x220E,0x19ED,0x19CC,0x19CC,0x21ED,0x220E,0x220D,0x220D,
0x21ED,0x19AB,0x19AC,0x19CD,0x19CC,0x19AC,0x1149,0x1149,0x1149,0x1149,0x1128,0x1128,0x1108,0x0907,0x0907,0x0907,
0x1107,0x08E7,0x08E6,0x08C6,0x08C6,0x08C6,0x08C6,0x0907,0x08E7,0x08E7,0x1108,0x114A,0x1149,0x1128,0x08E7,0x08A5,
0x0085,0x0885,0x08A5,0x08A5,0x08A5,0x08A5,0x08C6,0x08C6,0x08E7,0x08E7,0x08E8,0x0908,0x08E7,0x08C7,0x08C7,0x08E7,
0x08E7,0x08E7,0x08E7,0x08E7,0x08E7,0x08C6,0x08C6,0x08C6,0x08C7,0x08C6,0x08C7,0x08E7,0x08C6,0x08A5,0x00A5,0x0084,
0x0084,0x0085,0x08C6,0x0909,0x08E7,0x08C6,0x08C6,0x08A6,0x08A6,0x08A6,0x08A6,0x08C6,0x08E8,0x0908,0x08C7,0x08A6,
0x08A6,0x08C7,0x08C6,0x00A5,0x00A5,0x00A6,0x08C6,0x08C6,0x08A6,0x08A6,0x08C6,0x08A6,0x0084,0x0084,0x0084,0x0084,
0x0085,0x00A5,0x08A6,0x08E7,0x08E8,0x08C7,0x08C6,0x00A5,0x0084,0x0085,0x08E7,0x0909,0x08E7,0x08C7,0x00A5,0x0064,
0x0064,0x00A6,0x08E7,0x00A6,0x0085,0x0084,0x0084,0x0085,0x0084,0x0063,0x0063,0x0063,0x0063,0x0063,0x0064,0x0064,
0x0064,0x0064,0x0063,0x0043,0x0043,0x0042,0x0042,0x0042,0x0042,0x0042,0x0042,0x0043,0x0022,0x0022,0x0042,0x0022,
0x0022,0x0022,0x0022,0x0022,0x0021,0x0021,0x0021,0x0021,0x0021,0x0021,0x0021,0x0021,0x0021,0x0021,0x0021,0x0021,
},
{0x0021,0x0021,0x0021,0x0021,0x0021,0x0021,0x0021,0x0021,0x0021,0x0021,0x0022,0x0022,0x0022,0x0022,0x0022,0x0022,
0x0022,0x0022,0x0022,0x0042,0x0042,0x0042,0x0042,0x0042,0x0042,0x0022,0x0022,0x0022,0x0022,0x0022,0x0042,0x0042,
0x0042,0x0042,0x0042,0x0043,0x0043,0x0063,0x0064,0x0084,0x0084,0x0063,0x0043,0x0022,0x0022,0x0042,0x0063,0x0084,
0x0085,0x0084,0x0063,0x0063,0x0084,0x0063,0x0042,0x0043,0x0063,0x0063,0x0064,0x0064,0x0084,0x0084,0x0063,0x0064,
0x0084,0x0084,0x0084,0x0084,0x08A5,0x0885,0x0084,0x0084,0x0084,0x0084,0x08A5,0x08A6,0x0085,0x0064,0x0064,0x0063,
0x0063,0x0064,0x0064,0x0084,0x0084,0x0084,0x0084,0x0885,0x08C6,0x08E7,0x08C6,0x08C6,0x08C6,0x08C6,0x1128,0x114A,
0x114A,0x1129,0x1149,0x0908,0x08E7,0x0908,0x08C6,0x08E7,0x0907,0x08E7,0x08E6,0x08C6,0x08E6,0x1108,0x1129,0x196B,
0x198B,0x1149,0x1149,0x1108,0x1128,0x1128,0x1149,0x1128,0x1107,0x1128,0x1149,0x198B,0x116A,0x1129,0x1128,0x1108,
0x1107,0x1149,0x116A,0x220E,0x19CC,0x118B,0x1149,0x08E6,0x08C5,0x08A5,0x0084,0x0884,0x08C6,0x1128,0x0908,0x08C6,
0x0063,0x0042,0x0064,0x0084,0x0884,0x0884,0x0063,0x08A4,0x08A5,0x08C6,0x08C5,0x0884,0x0884,0x0084,0x0884,0x0884,
0x0884,0x08A4,0x08A5,0x08A5,0x08A5,0x08A5,0x08A5,0x08A5,0x08A5,0x08A5,0x08A5,0x0884,0x0884,0x08A5,0x08C5,0x08E6,
0x08C6,0x08C6,0x08E6,0x08E6,0x08E6,0x1128,0x1107,0x08C6,0x08E6,0x10E7,0x10E7,0x1107,0x1107,0x1128,0x1969,0x19AB,
0x19AB,0x220D,0x220E,0x19AB,0x1107,0x1149,0x196A,0x198A,0x19AB,0x19AB,0x196A,0x196A,0x19AB,0x21CC,0x19CB,0x19AB,
0x1128,0x10E6,0x10E6,0x08A4,0x0884,0x0883,0x0063,0x0063,0x0883,0x10E6,0x1127,0x1128,0x1107,0x10C5,0x1948,0x1948,
0x1948,0x1128,0x1107,0x10E6,0x10E6,0x10E6,0x1106,0x1128,0x1949,0x1969,0x1969,0x1969,0x1969,0x1948,0x1928,0x1969,
0x1969,0x1969,0x19AA,0x21AB,0x21AA,0x21CB,0x198A,0x1969,0x198A,0x1989,0x1969,0x1969,0x21AA,0x21EC,0x21CB,0x21EC,
0x21EC,0x21AA,0x21CB,0x198A,0x1969,0x21AA,0x21AA,0x21AA,0x198A,0x1948,0x1127,0x1969,0x19AB,0x21CB,0x220D,0x2A6F,
0x2A6F,0x222E,0x220D,0x198A,0x1969,0x198A,0x1969,0x10E5,0x08C5,0x10E6,0x1128,0x19CC,0x220D,0x222E,0x220D,0x2A4E,
0x2A6F,0x2A4E,0x2A4E,0x220D,0x1149,0x1128,0x1107,0x1107,0x1128,0x1149,0x19AC,0x220E,0x21EC,0x222E,0x2A4F,0x3290,
0x2A6F,0x222E,0x222E,0x21CC,0x21ED,0x21ED,0x19AB,0x1149,0x08C6,0x10E6,0x1128,0x1128,0x1128,0x1128,0x1107,0x1128,
0x1128,0x1128,0x1149,0x1128,0x1108,0x19AB,0x19AC,0x116A,0x1108,0x196A,0x222E,0x224F,0x19CD,0x19AC,0x19AB,0x21ED,
0x220E,0x222E,0x224F,0x222F,0x2270,0x2A91,0x2A90,0x2AB1,0x2A90,0x224F,0x19ED,0x19ED,0x220E,0x220D,0x19CC,0x220D,
0x220D,0x19AC,0x19CC,0x19ED,0x19ED,0x19AC,0x118B,0x116A,0x116A,0x1149,0x1149,0x1108,0x1108,0x1108,0x1128,0x1108,
0x08E7,0x08C6,0x08C6,0x08C6,0x08C5,0x08C6,0x1107,0x08E7,0x08C6,0x08A5,0x08C6,0x1129,0x1129,0x08E7,0x08A5,0x0885,
0x0084,0x0084,0x08A5,0x0885,0x0084,0x0885,0x08A5,0x08A5,0x08C6,0x08C6,0x08C6,0x08A5,0x0885,0x00A5,0x0085,0x0085,
0x0085,0x08A5,0x08C6,0x08C7,0x08C6,0x08A6,0x08C6,0x08A6,0x08C7,0x0908,0x0908,0x08E7,0x08C6,0x00A5,0x0084,0x0084,
0x0084,0x0085,0x08C7,0x08E8,0x08C6,0x08C6,0x08C6,0x08C6,0x08C6,0x08A6,0x08C6,0x08E8,0x116B,0x116B,0x0908,0x08E7,
0x08E7,0x0929,0x08E7,0x08C6,0x08C6,0x08C7,0x08E7,0x08C7,0x08A6,0x08C6,0x08C6,0x00A5,0x0064,0x0084,0x0084,0x0085,
0x0085,0x00A5,0x08A6,0x08C7,0x08E7,0x08E7,0x08C7,0x00A6,0x08A6,0x08C7,0x0908,0x08C7,0x00A6,0x0084,0x0064,0x0064,
0x0063,0x0085,0x08C7,0x08C7,0x00A6,0x0064,0x0064,0x0064,0x0064,0x0064,0x0063,0x0064,0x0064,0x0063,0x0064,0x0064,
0x0084,0x0064,0x0043,0x0043,0x0042,0x0042,0x0043,0x0043,0x0043,0x0042,0x0042,0x0022,0x0022,0x0043,0x0042,0x0022,
0x0022,0x0022,0x0022,0x0021,0x0021,0x0021,0x0021,0x0021,0x0021,0x0021,0x0021,0x0021,0x0021,0x0021,0x0021,0x0021,
},
{0x0021,0x0021,0x0021,0x0021,0x0021,0x0021,0x0021,0x0021,0x0021,0x0021,0x0022,0x0022,0x0022,0x0022,0x0022,0x0022,
0x0022,0x0042,0x0043,0x0043,0x0042,0x0042,0x0042,0x0022,0x0022,0x0022,0x0022,0x0022,0x0042,0x0042,0x0042,0x0042,
0x0042,0x0042,0x0042,0x0043,0x0063,0x0064,0x0084,0x0085,0x0084,0x0063,0x0043,0x0042,0x0042,0x0043,0x0063,0x0085,
0x0885,0x0064,0x0043,0x0063,0x0084,0x0063,0x0063,0x0063,0x0043,0x0063,0x0084,0x0084,0x08A5,0x08A5,0x0064,0x0084,
0x0084,0x0885,0x0084,0x0084,0x0084,0x0084,0x0084,0x0084,0x0084,0x00A5,0x08A5,0x0085,0x0084,0x0063,0x0063,0x0043,
0x0043,0x0043,0x0063,0x0063,0x0084,0x0084,0x0084,0x0085,0x0085,0x08A5,0x08A5,0x08A6,0x08C6,0x08E7,0x1129,0x1129,
0x1149,0x116A,0x114A,0x1129,0x1129,0x1108,0x08E7,0x08E6,0x08E7,0x08E7,0x08C6,0x08E6,0x08E7,0x1129,0x116A,0x1129,
0x08E7,0x08E6,0x08E6,0x08E6,0x1107,0x1107,0x1128,0x114A,0x1128,0x08E6,0x1149,0x19AB,0x19AC,0x1128,0x08C6,0x1107,
0x1128,0x19AB,0x19CC,0x222E,0x220E,0x114A,0x1107,0x08E6,0x08C5,0x0884,0x0884,0x0884,0x08C6,0x1128,0x1149,0x1108,
0x0884,0x0063,0x0064,0x0084,0x08C6,0x08C6,0x0884,0x08A4,0x08A5,0x08A5,0x08A5,0x0884,0x0884,0x0884,0x0884,0x0884,
0x08A5,0x08C5,0x08A5,0x0884,0x0884,0x0884,0x0884,0x0884,0x08A5,0x08A5,0x08A5,0x0884,0x0884,0x0884,0x08A4,0x08A5,
0x08A4,0x08A5,0x08C6,0x08C6,0x08E7,0x1128,0x1108,0x10E7,0x1107,0x10E7,0x10E7,0x10E7,0x10E7,0x1107,0x1148,0x198B,
0x19AB,0x19AB,0x19CC,0x19AB,0x1128,0x1128,0x1149,0x1149,0x1149,0x196A,0x1107,0x1148,0x198B,0x19CC,0x19AB,0x198B,
0x1149,0x1107,0x10E6,0x08C5,0x08C5,0x08C5,0x08A4,0x08A4,0x08A4,0x08A4,0x0884,0x08A4,0x08C5,0x10C6,0x1107,0x1127,
0x1107,0x1107,0x1127,0x1127,0x10E6,0x10C5,0x1107,0x1127,0x1948,0x1128,0x1948,0x1989,0x198A,0x198A,0x1969,0x1948,
0x1148,0x1127,0x1148,0x1969,0x198A,0x21AB,0x21EC,0x21EC,0x21CB,0x198A,0x198A,0x198A,0x198A,0x21AA,0x21AA,0x21CB,
0x21EC,0x19AA,0x19AA,0x198A,0x198A,0x21AA,0x21AA,0x21CB,0x21CB,0x21CB,0x198A,0x1969,0x21CB,0x21CC,0x21EC,0x220D,
0x21EC,0x220D,0x222E,0x2A4E,0x21CC,0x21CB,0x19AB,0x1969,0x1148,0x19AB,0x19AB,0x21CB,0x19AB,0x19AB,0x19AB,0x2A6F,
0x4352,0x3AF1,0x32B0,0x32D1,0x2A4F,0x19AB,0x198A,0x196A,0x196A,0x1149,0x196A,0x198B,0x198B,0x220D,0x2A4F,0x2A6F,
0x222E,0x220D,0x21EC,0x21CC,0x19AC,0x222E,0x222E,0x19CC,0x198A,0x1149,0x1149,0x1148,0x1149,0x1149,0x1128,0x1108,
0x196A,0x116A,0x1149,0x1969,0x19AC,0x2A71,0x2AD2,0x2A91,0x2AB1,0x2AB1,0x220E,0x21ED,0x19AC,0x116A,0x198B,0x19ED,
0x220E,0x19ED,0x19CD,0x19CD,0x19CC,0x19CD,0x220E,0x220E,0x222E,0x2A4F,0x2A70,0x222F,0x224F,0x222E,0x220E,0x220E,
0x222F,0x19ED,0x19AC,0x19AC,0x19CD,0x19CD,0x19AC,0x198B,0x198B,0x116A,0x1129,0x08E7,0x08E7,0x0908,0x1128,0x1108,
0x1108,0x1108,0x08E7,0x08E6,0x08C6,0x08A5,0x08C6,0x08C6,0x08A5,0x08A5,0x08A5,0x08C7,0x08C6,0x08C6,0x08C6,0x08A5,
0x08A5,0x08A5,0x08A5,0x0885,0x0084,0x0084,0x0084,0x0084,0x0084,0x0084,0x0084,0x0064,0x0063,0x0064,0x0084,0x0084,
0x0064,0x0085,0x08C6,0x08C6,0x0085,0x0084,0x0084,0x0084,0x08A5,0x08E7,0x0908,0x08E7,0x08A6,0x00A5,0x0084,0x0084,
0x0085,0x00A5,0x08A6,0x08E7,0x08C7,0x08E7,0x08E7,0x08E7,0x08C7,0x08C6,0x08E7,0x0929,0x116B,0x094A,0x0908,0x0908,
0x0929,0x1129,0x08E7,0x08E7,0x08E7,0x08E8,0x08E7,0x08C6,0x08C6,0x08C7,0x08C7,0x08A5,0x0084,0x0084,0x0085,0x0085,
0x0085,0x00A5,0x00A5,0x00A6,0x08C7,0x08C7,0x0085,0x0084,0x00A5,0x08E7,0x00A5,0x0084,0x0084,0x0063,0x0064,0x0084,
0x0084,0x0085,0x08A6,0x00A6,0x00A6,0x0064,0x0064,0x0063,0x0063,0x0063,0x0063,0x0063,0x0063,0x0063,0x0064,0x0085,
0x0085,0x0084,0x0064,0x0043,0x0042,0x0042,0x0043,0x0043,0x0043,0x0043,0x0043,0x0022,0x0022,0x0043,0x0042,0x0022,
0x0022,0x0022,0x0022,0x0021,0x0021,0x0021,0x0021,0x0021,0x0021,0x0021,0x0021,0x0021,0x0021,0x0021,0x0021,0x0021,
},
{0x0021,0x0021,0x0021,0x0021,0x0021,0x0021,0x0021,0x0021,0x0021,0x0021,0x0021,0x0022,0x0022,0x0022,0x0022,0x0022,
0x0042,0x0042,0x0042,0x0042,0x0042,0x0042,0x0022,0x0022,0x0042,0x0042,0x0042,0x0043,0x0043,0x0042,0x0042,0x0042,
0x0042,0x0042,0x0043,0x0043,0x0063,0x0063,0x0084,0x0084,0x0084,0x0063,0x0043,0x0043,0x0042,0x0043,0x0084,0x0085,
0x0084,0x0064,0x0042,0x0063,0x0084,0x0063,0x0043,0x0063,0x0043,0x0063,0x0063,0x0084,0x08A5,0x00A5,0x0085,0x0084,
0x0084,0x0884,0x0084,0x0084,0x0084,0x08A5,0x0084,0x0084,0x0084,0x08A5,0x0884,0x0063,0x0063,0x0063,0x0043,0x0043,
0x0043,0x0043,0x0043,0x0063,0x0064,0x0084,0x0085,0x0085,0x0084,0x0084,0x0084,0x08A5,0x08C6,0x08E7,0x08E7,0x08C6,
0x08E7,0x1128,0x1129,0x1129,0x1128,0x08E7,0x08C6,0x08C6,0x08E7,0x08C6,0x08A5,0x08C6,0x08E7,0x1128,0x114A,0x1108,
0x0884,0x08A4,0x08A4,0x08C5,0x08E6,0x08E7,0x1128,0x116A,0x1149,0x08E6,0x116A,0x19CC,0x19CD,0x198B,0x08E6,0x08A5,
0x0884,0x0907,0x222E,0x220E,0x1149,0x1128,0x08C6,0x08A5,0x08A5,0x0884,0x0884,0x0884,0x08A4,0x08C6,0x1149,0x1108,
0x0083,0x0063,0x0063,0x0063,0x08A5,0x08E7,0x08C6,0x08A5,0x08C6,0x08A5,0x08A4,0x0884,0x0884,0x0884,0x0884,0x08A5,
0x08E6,0x08C6,0x08C5,0x08A5,0x0884,0x0884,0x0884,0x08A5,0x08A5,0x08A5,0x08A5,0x08A4,0x0884,0x0884,0x0884,0x0884,
0x08A4,0x08C5,0x08C6,0x08C6,0x08E6,0x08E7,0x08C6,0x08C6,0x10E6,0x08E6,0x08E6,0x08E6,0x10E7,0x1128,0x196A,0x19AB,
0x19AB,0x19AB,0x19AC,0x19AC,0x198A,0x1128,0x1149,0x1128,0x10E6,0x1107,0x1107,0x1107,0x1149,0x21CC,0x21ED,0x21ED,
0x198B,0x1107,0x1128,0x1107,0x1127,0x1107,0x08C6,0x08C5,0x10E6,0x08C5,0x0884,0x0863,0x0863,0x0863,0x08C5,0x1107,
0x10E6,0x10C5,0x10E6,0x1107,0x08C5,0x08A4,0x10C5,0x1127,0x1969,0x1948,0x1127,0x1948,0x1969,0x1969,0x1969,0x1969,
0x1128,0x1107,0x1107,0x1127,0x1127,0x1127,0x19AA,0x21EC,0x220D,0x21CB,0x19AB,0x198A,0x198A,0x198A,0x198A,0x198A,
0x21CB,0x21CC,0x198A,0x198A,0x1949,0x1948,0x1948,0x198A,0x220C,0x220D,0x220D,0x21CC,0x198A,0x21CB,0x19AB,0x19AB,
0x1969,0x1149,0x1148,0x19AB,0x21CC,0x19AB,0x2A4E,0x220D,0x198A,0x198A,0x1148,0x1127,0x1969,0x1128,0x1969,0x328F,
0x3B32,0x4373,0x4352,0x3AF1,0x2A4E,0x1169,0x198A,0x19AB,0x19AB,0x19AB,0x19AB,0x19AB,0x21ED,0x2A6F,0x2A6F,0x220D,
0x21ED,0x21EC,0x196A,0x19AB,0x220D,0x224F,0x222F,0x220E,0x19CC,0x19CD,0x21ED,0x19AB,0x21ED,0x19CC,0x19CC,0x21ED,
0x220E,0x19ED,0x19CC,0x21ED,0x224F,0x220F,0x220F,0x2A91,0x2A91,0x222F,0x19ED,0x21ED,0x19CC,0x19AB,0x198B,0x19AC,
0x19ED,0x19CD,0x19CC,0x19AC,0x198B,0x198B,0x19AC,0x19CD,0x19CD,0x19CD,0x19ED,0x21EE,0x222F,0x222F,0x19CC,0x19CD,
0x19CD,0x198B,0x198B,0x19AC,0x19CD,0x19CD,0x198C,0x116B,0x116B,0x118B,0x198B,0x114A,0x1108,0x0908,0x0908,0x1129,
0x1149,0x1108,0x08E6,0x08C6,0x08A5,0x0884,0x0084,0x0084,0x0084,0x0084,0x08A5,0x08C6,0x08E7,0x0908,0x0907,0x08C6,
0x08A5,0x08A5,0x08A5,0x08A5,0x08A5,0x08A5,0x0885,0x0084,0x0084,0x0064,0x0064,0x0064,0x0064,0x0064,0x0064,0x0084,
0x0084,0x0085,0x08C6,0x08C6,0x0085,0x0084,0x0084,0x0085,0x0085,0x08A5,0x08C6,0x08A6,0x08A6,0x08A6,0x08A6,0x08C6,
0x08A6,0x08A5,0x08A5,0x08A5,0x08C6,0x08C6,0x08E7,0x08E7,0x08E7,0x0908,0x0929,0x114A,0x116B,0x092A,0x0908,0x0929,
0x114A,0x08E7,0x08C6,0x08E7,0x0908,0x08E7,0x08A6,0x08C6,0x08E7,0x0909,0x08E8,0x08A6,0x0085,0x00A5,0x00A5,0x0085,
0x0084,0x0064,0x0064,0x00A6,0x08C6,0x0085,0x0063,0x0063,0x0064,0x0064,0x0063,0x0063,0x0064,0x0084,0x0064,0x0064,
0x0084,0x0085,0x0085,0x0085,0x0084,0x0063,0x0063,0x0063,0x0063,0x0063,0x0043,0x0043,0x0043,0x0063,0x0084,0x0085,
0x0063,0x0064,0x0063,0x0043,0x0043,0x0043,0x0043,0x0042,0x0042,0x0043,0x0043,0x0042,0x0022,0x0042,0x0042,0x0022,
0x0022,0x0022,0x0022,0x0021,0x0021,0x0021,0x0021,0x0021,0x0021,0x0021,0x0021,0x0021,0x0021,0x0021,0x0021,0x0021,
},
{0x0021,0x0021,0x0021,0x0021,0x0021,0x0021,0x0021,0x0021,0x0021,0x0021,0x0021,0x0022,0x0022,0x0022,0x0022,0x0042,
0x0022,0x0022,0x0022,0x0022,0x0022,0x0022,0x0022,0x0022,0x0042,0x0042,0x0042,0x0043,0x0043,0x0043,0x0043,0x0043,
0x0043,0x0043,0x0063,0x0063,0x0063,0x0064,0x0063,0x0064,0x0063,0x0063,0x0043,0x0042,0x0042,0x0043,0x0084,0x08A5,
0x0084,0x0043,0x0042,0x0043,0x0063,0x0063,0x0043,0x0043,0x0042,0x0042,0x0063,0x0063,0x0084,0x0084,0x0085,0x0084,
0x0084,0x08A5,0x08A5,0x0084,0x08A5,0x08A5,0x0084,0x0084,0x0085,0x08A5,0x0063,0x0063,0x0063,0x0063,0x0042,0x0043,
0x0043,0x0043,0x0063,0x0063,0x0064,0x0084,0x0085,0x0084,0x0084,0x0084,0x0885,0x08A5,0x08E7,0x08E7,0x08C6,0x08E7,
0x08C6,0x08C6,0x0908,0x114A,0x1129,0x08A5,0x08A5,0x08C6,0x08C6,0x08A5,0x08A5,0x08C6,0x08E7,0x1149,0x1128,0x08A5,
0x0884,0x08A4,0x08A5,0x08C6,0x08E7,0x1107,0x1129,0x116A,0x116A,0x1128,0x116A,0x21EE,0x222E,0x222E,0x1149,0x08E6,
0x08E6,0x08A4,0x198B,0x2A90,0x0907,0x08E6,0x1128,0x08A5,0x08C5,0x08A5,0x08A5,0x08A5,0x0084,0x08A5,0x1128,0x1128,
0x0063,0x0063,0x0063,0x0063,0x08A5,0x0908,0x1128,0x0908,0x08C6,0x08A5,0x08A5,0x08A5,0x0884,0x0884,0x0884,0x08A4,
0x08C6,0x08C6,0x08C6,0x08A5,0x0884,0x0884,0x08A4,0x08C5,0x08C5,0x08A5,0x08A4,0x08A5,0x08A5,0x0884,0x0884,0x0884,
0x08A5,0x08A5,0x08A5,0x08A5,0x08A5,0x08C6,0x08A5,0x08A5,0x08C6,0x08C6,0x08C6,0x08C6,0x08E6,0x1107,0x196A,0x198B,
0x1149,0x1169,0x19AB,0x198A,0x1149,0x1149,0x196A,0x1128,0x08E6,0x1107,0x10E6,0x08E6,0x1107,0x1969,0x19AC,0x21EC,
0x198B,0x10E6,0x10E6,0x1107,0x1107,0x10E6,0x1128,0x1107,0x08C6,0x08A5,0x0884,0x08A5,0x0884,0x0883,0x0884,0x1128,
0x1127,0x1106,0x10E6,0x1107,0x10E6,0x0884,0x08A4,0x10E6,0x1107,0x1127,0x10E6,0x10E6,0x1127,0x1127,0x1948,0x1969,
0x1948,0x1128,0x1107,0x1107,0x1107,0x10E6,0x1107,0x1128,0x198A,0x21CB,0x19AB,0x1969,0x1948,0x1948,0x1969,0x1969,
0x198A,0x21CB,0x198A,0x198A,0x1969,0x1948,0x1148,0x1969,0x198A,0x198A,0x19AB,0x21EC,0x21CB,0x21EC,0x21EC,0x21EC,
0x21EC,0x21CC,0x19AB,0x19AB,0x2A0D,0x2A2E,0x32D0,0x2A90,0x220D,0x21CB,0x19AA,0x19AA,0x2A90,0x220C,0x19AA,0x222E,
0x32D1,0x32D1,0x32B0,0x2A4E,0x220D,0x198A,0x198A,0x21CC,0x21EC,0x220E,0x220E,0x2A4F,0x2A70,0x222E,0x224F,0x2A4F,
0x21EC,0x19AB,0x19AC,0x21CC,0x21ED,0x19ED,0x19AC,0x19CC,0x19AC,0x21ED,0x21ED,0x21ED,0x19ED,0x19ED,0x19ED,0x19ED,
0x19CD,0x19ED,0x19ED,0x220E,0x21EE,0x21ED,0x19CD,0x222F,0x2250,0x220E,0x19CD,0x198B,0x198B,0x198B,0x19AB,0x198B,
0x198B,0x198B,0x116B,0x198B,0x19AC,0x19AC,0x19CD,0x220E,0x220E,0x220F,0x222F,0x222F,0x19EE,0x19EE,0x19CD,0x19AC,
0x19AB,0x198B,0x19CC,0x19EE,0x19CC,0x19AC,0x116A,0x116A,0x114A,0x114A,0x1128,0x1129,0x1129,0x0908,0x0908,0x1128,
0x0907,0x08C6,0x08A5,0x08A5,0x08A5,0x0884,0x0084,0x0084,0x0084,0x0884,0x08C6,0x08C6,0x08E7,0x08C6,0x08A5,0x0085,
0x0085,0x0085,0x08A5,0x08A5,0x08A5,0x08A6,0x08A5,0x0084,0x0063,0x0063,0x0064,0x0084,0x0064,0x0084,0x0084,0x0084,
0x0084,0x08A5,0x08A6,0x08C6,0x08A6,0x08A6,0x08C6,0x08A5,0x08C6,0x08C7,0x08C6,0x08C6,0x08C6,0x08C6,0x08C7,0x08C6,
0x08C6,0x08A5,0x08A5,0x08A5,0x08A5,0x08C6,0x08C6,0x08E7,0x08E8,0x0929,0x094A,0x118C,0x118C,0x08E7,0x0908,0x116B,
0x114A,0x0929,0x08E7,0x08E7,0x0909,0x08E7,0x08C6,0x1128,0x116B,0x0909,0x00A5,0x0085,0x0084,0x0085,0x0084,0x0063,
0x0043,0x0063,0x00A5,0x00A5,0x0084,0x0064,0x0063,0x0064,0x0084,0x0064,0x0063,0x0064,0x0084,0x0064,0x0063,0x0063,
0x0063,0x0063,0x0063,0x0084,0x0084,0x0064,0x0063,0x0043,0x0043,0x0043,0x0043,0x0043,0x0043,0x0043,0x0063,0x0063,
0x0043,0x0043,0x0043,0x0043,0x0043,0x0043,0x0043,0x0043,0x0042,0x0043,0x0042,0x0022,0x0022,0x0022,0x0042,0x0022,
0x0022,0x0022,0x0022,0x0021,0x0021,0x0021,0x0021,0x0021,0x0021,0x0021,0x0021,0x0021,0x0021,0x0021,0x0021,0x0021,
},
{0x0021,0x0021,0x0021,0x0021,0x0021,0x0021,0x0021,0x0021,0x0021,0x0021,0x0021,0x0021,0x0021,0x0022,0x0022,0x0022,
0x0042,0x0022,0x0022,0x0022,0x0042,0x0022,0x0022,0x0022,0x0022,0x0042,0x0042,0x0022,0x0042,0x0043,0x0043,0x0043,
0x0043,0x0042,0x0043,0x0043,0x0043,0x0063,0x0063,0x0063,0x0063,0x0043,0x0043,0x0042,0x0043,0x0063,0x0084,0x0084,
0x0084,0x0043,0x0042,0x0042,0x0063,0x0063,0x0043,0x0042,0x0042,0x0043,0x0063,0x0063,0x0063,0x0084,0x08A5,0x08A5,
0x08A5,0x08C6,0x08A5,0x0064,0x0884,0x0084,0x0084,0x0084,0x0084,0x0064,0x0063,0x0043,0x0063,0x0063,0x0063,0x0063,
0x0063,0x0063,0x0063,0x0063,0x0064,0x0084,0x0084,0x0085,0x0084,0x0085,0x08A5,0x08C6,0x08E6,0x08C6,0x08C6,0x08E7,
0x08E7,0x08C7,0x08E7,0x1129,0x114A,0x08C6,0x08A5,0x08C6,0x08A5,0x08A5,0x08A5,0x08E7,0x1128,0x1129,0x08E7,0x08A5,
0x0884,0x0884,0x08A5,0x08C6,0x08E7,0x1107,0x1128,0x1149,0x1149,0x1149,0x196A,0x21ED,0x222E,0x19AB,0x1149,0x1128,
0x1169,0x198A,0x198B,0x21ED,0x1149,0x1108,0x116A,0x08E7,0x08C6,0x08E7,0x08C6,0x08A4,0x0884,0x0884,0x08C5,0x08E6,
0x0063,0x0063,0x0043,0x0063,0x08C6,0x1128,0x1129,0x08E7,0x0884,0x0084,0x0084,0x08A5,0x0884,0x0084,0x0063,0x0063,
0x08A4,0x08C6,0x08A5,0x08C5,0x08A5,0x0884,0x08A5,0x08A5,0x08A5,0x0884,0x08A4,0x08A5,0x08A5,0x0884,0x0884,0x0884,
0x08A5,0x0884,0x0884,0x0884,0x0884,0x08A5,0x08C5,0x08C6,0x08C5,0x08C5,0x08C5,0x08C5,0x08C5,0x08E6,0x1107,0x1128,
0x10E7,0x1128,0x198B,0x19AB,0x198A,0x196A,0x116A,0x1128,0x08E6,0x08E6,0x08E6,0x08C6,0x08C5,0x08C5,0x1128,0x198B,
0x1128,0x08C6,0x08E6,0x08C5,0x0884,0x08A4,0x1128,0x198B,0x196A,0x1107,0x08C5,0x08E6,0x10E6,0x08C6,0x08A5,0x1107,
0x1107,0x10E6,0x1107,0x1127,0x1127,0x08C5,0x08A4,0x08C5,0x08C5,0x08A4,0x0883,0x08A4,0x10E6,0x1106,0x1127,0x1128,
0x1948,0x1948,0x1127,0x1107,0x1107,0x1107,0x1128,0x1107,0x1128,0x1969,0x196A,0x196A,0x1969,0x1107,0x1107,0x1128,
0x1128,0x1969,0x198A,0x1969,0x1969,0x1969,0x1949,0x1128,0x1128,0x1149,0x1949,0x196A,0x21CC,0x21ED,0x220D,0x2A4E,
0x2A6F,0x2A6F,0x2A2E,0x220D,0x2A4E,0x2A6F,0x2A6F,0x222E,0x220D,0x3290,0x3290,0x2A90,0x2A6F,0x2A90,0x2AB0,0x2A6F,
0x2A6F,0x222E,0x222E,0x222E,0x21EC,0x21CC,0x19CC,0x21ED,0x2A4F,0x224F,0x222E,0x224F,0x2A70,0x2A90,0x2AB0,0x2A70,
0x2A70,0x222E,0x198A,0x198B,0x198A,0x116A,0x1128,0x1108,0x116A,0x19CD,0x19ED,0x19CC,0x198B,0x116A,0x196A,0x19AC,
0x19CC,0x19CC,0x19AC,0x19CD,0x21EE,0x19ED,0x19ED,0x220E,0x220E,0x19CD,0x198B,0x198B,0x198C,0x198B,0x198B,0x116A,
0x114A,0x114A,0x114A,0x116B,0x19CD,0x19AC,0x198B,0x118B,0x116A,0x19AC,0x220E,0x19CD,0x19AC,0x19AC,0x19CC,0x118B,
0x116A,0x198C,0x19CD,0x19AC,0x116B,0x116B,0x116A,0x1149,0x1129,0x0908,0x08C6,0x08C6,0x08E7,0x0908,0x08E7,0x08C6,
0x08C6,0x08C6,0x08A5,0x08C6,0x08A5,0x08A5,0x08A5,0x0885,0x08A5,0x08A6,0x08C6,0x08C6,0x08C6,0x08A5,0x0085,0x08A5,
0x00A5,0x0085,0x00A5,0x00A5,0x0085,0x0885,0x08C7,0x0908,0x08A5,0x0084,0x0084,0x0084,0x0064,0x0084,0x0085,0x0085,
0x0084,0x0085,0x08A5,0x08C6,0x08A6,0x08A5,0x08A5,0x08A5,0x08C6,0x08C6,0x08C6,0x08E7,0x08E7,0x08E7,0x08E7,0x08E7,
0x08E7,0x08C6,0x08C6,0x08C6,0x08C6,0x08E7,0x08E7,0x0908,0x0908,0x114A,0x11AC,0x0929,0x00A5,0x00A5,0x114A,0x114A,
0x0929,0x08E7,0x08C6,0x08C6,0x00A5,0x0084,0x0885,0x08E7,0x114A,0x00A5,0x0064,0x0084,0x0085,0x0084,0x0063,0x0043,
0x0043,0x08A5,0x08C7,0x08A6,0x0084,0x0084,0x0084,0x0084,0x0064,0x0064,0x0063,0x0063,0x0063,0x0043,0x0043,0x0043,
0x0043,0x0063,0x0063,0x0063,0x0064,0x0064,0x0063,0x0063,0x0043,0x0043,0x0042,0x0042,0x0042,0x0043,0x0043,0x0063,
0x0063,0x0043,0x0043,0x0043,0x0043,0x0043,0x0043,0x0043,0x0043,0x0042,0x0022,0x0022,0x0022,0x0022,0x0022,0x0022,
0x0022,0x0022,0x0022,0x0021,0x0021,0x0021,0x0021,0x0021,0x0021,0x0021,0x0021,0x0021,0x0021,0x0021,0x0021,0x0021,
},
{0x0021,0x0021,0x0021,0x0021,0x0021,0x0021,0x0021,0x0021,0x0021,0x0021,0x0021,0x0022,0x0022,0x0022,0x0022,0x0022,
0x0022,0x0022,0x0022,0x0042,0x0042,0x0042,0x0022,0x0022,0x0022,0x0022,0x0042,0x0022,0x0022,0x0042,0x0022,0x0022,
0x0042,0x0042,0x0042,0x0042,0x0042,0x0043,0x0043,0x0043,0x0063,0x0043,0x0042,0x0043,0x0063,0x0084,0x0085,0x0084,
0x0084,0x0064,0x0042,0x0043,0x0063,0x0063,0x0063,0x0043,0x0042,0x0043,0x0063,0x0064,0x0064,0x0085,0x08C6,0x08C6,
0x08C6,0x08C6,0x0885,0x0063,0x0063,0x0064,0x0084,0x0084,0x0063,0x0043,0x0043,0x0043,0x0063,0x0063,0x0084,0x0084,
0x0063,0x0063,0x0063,0x0064,0x0084,0x0084,0x0084,0x0085,0x0085,0x08A5,0x08A5,0x08A5,0x08A5,0x08C6,0x08A5,0x08E6,
0x08E7,0x08C6,0x08C6,0x08E7,0x0908,0x08A5,0x08A5,0x08A5,0x08A5,0x08A5,0x08A6,0x08E7,0x0907,0x08E6,0x08A5,0x0884,
0x0084,0x0884,0x08A5,0x08A5,0x08C6,0x08E7,0x1108,0x1128,0x1128,0x1149,0x118B,0x196A,0x220D,0x198B,0x1108,0x08E7,
0x08E6,0x220D,0x222E,0x198B,0x1128,0x08E7,0x198B,0x118B,0x1129,0x1108,0x1108,0x08E6,0x08C6,0x08C5,0x08A5,0x0063,
0x0042,0x0063,0x0042,0x0063,0x08A5,0x08C6,0x08E7,0x08C6,0x0063,0x0063,0x0063,0x0063,0x0063,0x0063,0x0063,0x0063,
0x0084,0x08A5,0x08A5,0x08C6,0x08C6,0x08C6,0x08C6,0x08A4,0x0884,0x08A5,0x08C5,0x08A5,0x0884,0x0884,0x0884,0x08A4,
0x08C5,0x08A4,0x0884,0x0884,0x0884,0x0884,0x08A4,0x08A5,0x08A5,0x08A5,0x08E6,0x08C6,0x08C5,0x08E6,0x1107,0x1107,
0x1107,0x1108,0x116A,0x19AC,0x19CC,0x19AC,0x116A,0x1128,0x10E7,0x08E6,0x08E6,0x08E6,0x1107,0x08E6,0x1107,0x1107,
0x1149,0x10E6,0x08A5,0x08E6,0x08A4,0x08A4,0x08E6,0x1149,0x19AB,0x19AB,0x1107,0x10E6,0x1107,0x1107,0x1128,0x1128,
0x10E6,0x08A4,0x0884,0x08A4,0x08E6,0x08C5,0x08A4,0x08A4,0x10E6,0x10C5,0x0883,0x0884,0x10E5,0x10C5,0x10E6,0x10E6,
0x1127,0x1969,0x1128,0x1107,0x10E6,0x10E6,0x1107,0x1128,0x1107,0x1107,0x1107,0x1148,0x1149,0x1107,0x10E6,0x1107,
0x1128,0x1949,0x1949,0x196A,0x198A,0x1969,0x1969,0x196A,0x198A,0x1149,0x1128,0x1969,0x198A,0x19AB,0x21ED,0x222E,
0x2A4F,0x2A6F,0x2A90,0x2A4E,0x2A4E,0x2A4E,0x21EC,0x21CC,0x21CC,0x21ED,0x220D,0x220D,0x21ED,0x222E,0x2A70,0x2A90,
0x2A4E,0x21ED,0x19CC,0x19CC,0x21ED,0x21EC,0x19CB,0x19AB,0x220D,0x19CC,0x19EC,0x220D,0x220E,0x21ED,0x220D,0x222F,
0x2A70,0x2A70,0x220E,0x198B,0x198A,0x19AB,0x198B,0x1149,0x118B,0x224F,0x2A91,0x224F,0x19CC,0x19AC,0x116A,0x198B,
0x19ED,0x19CD,0x19CC,0x19CC,0x19AC,0x19AC,0x19ED,0x222F,0x220E,0x19CC,0x19AB,0x198B,0x19AC,0x198C,0x198B,0x198B,
0x1149,0x1149,0x114A,0x114A,0x114A,0x114A,0x114A,0x1108,0x1149,0x118C,0x19AC,0x19AC,0x118B,0x116B,0x114A,0x1149,
0x114A,0x114A,0x114A,0x1108,0x0908,0x0908,0x1128,0x1108,0x0908,0x08E7,0x08E7,0x08C7,0x08C6,0x08C6,0x08E7,0x08E7,
0x08E7,0x08E7,0x08E7,0x08C6,0x08C6,0x08E7,0x08C6,0x08A6,0x08C6,0x08C7,0x08C6,0x08A5,0x08A5,0x08A5,0x08A5,0x08A5,
0x08A5,0x00A5,0x0085,0x00A5,0x08C6,0x08C6,0x08E7,0x1129,0x1128,0x08C6,0x08A5,0x08A5,0x08A6,0x00A5,0x0085,0x0885,
0x0085,0x0085,0x08A5,0x08A5,0x08A5,0x0085,0x0085,0x08A5,0x08A5,0x08C6,0x08E7,0x08E7,0x08E7,0x08E7,0x08E7,0x08E6,
0x08E7,0x08E7,0x08E7,0x08E6,0x08E7,0x08E7,0x08E7,0x0908,0x0929,0x11AC,0x118B,0x08C6,0x0063,0x0084,0x08A5,0x08C6,
0x08A5,0x0085,0x0085,0x08A5,0x0085,0x0064,0x0064,0x08E7,0x08E7,0x08A6,0x0084,0x08A6,0x08E7,0x08A6,0x00A5,0x00A5,
0x0064,0x0085,0x00A5,0x0084,0x0084,0x0084,0x0063,0x0064,0x0064,0x0063,0x0064,0x0063,0x0042,0x0042,0x0042,0x0043,
0x0043,0x0043,0x0043,0x0043,0x0043,0x0042,0x0043,0x0063,0x0043,0x0042,0x0042,0x0042,0x0042,0x0043,0x0043,0x0042,
0x0042,0x0043,0x0043,0x0043,0x0043,0x0042,0x0042,0x0042,0x0043,0x0042,0x0022,0x0022,0x0022,0x0022,0x0022,0x0022,
0x0021,0x0021,0x0021,0x0021,0x0021,0x0021,0x0021,0x0021,0x0021,0x0021,0x0021,0x0021,0x0021,0x0021,0x0021,0x0021,
},
{0x0021,0x0021,0x0021,0x0021,0x0021,0x0021,0x0021,0x0021,0x0021,0x0021,0x0021,0x0022,0x0022,0x0022,0x0022,0x0022,
0x0022,0x0022,0x0042,0x0042,0x0042,0x0042,0x0022,0x0022,0x0022,0x0022,0x0022,0x0022,0x0022,0x0022,0x0022,0x0022,
0x0042,0x0042,0x0042,0x0042,0x0042,0x0043,0x0043,0x0043,0x0063,0x0043,0x0043,0x0063,0x0063,0x0063,0x0084,0x0085,
0x0084,0x0064,0x0063,0x0063,0x0063,0x0084,0x0064,0x0043,0x0043,0x0063,0x0064,0x0084,0x0084,0x08A5,0x08A5,0x08A5,
0x0085,0x0085,0x0084,0x0064,0x0063,0x0063,0x0084,0x0084,0x0063,0x0043,0x0043,0x0063,0x0063,0x0043,0x0063,0x0063,
0x0063,0x0063,0x0063,0x0063,0x0064,0x0064,0x0084,0x0084,0x0084,0x08A5,0x08A5,0x00A5,0x08A5,0x08A5,0x08A5,0x08C6,
0x08E6,0x08C6,0x08C6,0x08A5,0x08C6,0x0085,0x0084,0x0885,0x0884,0x0885,0x08A5,0x08A5,0x08A5,0x08A5,0x08A5,0x0884,
0x08A5,0x08A5,0x08C6,0x08A5,0x08C6,0x08E7,0x1107,0x1108,0x1107,0x1149,0x114A,0x1129,0x19AB,0x19CC,0x1108,0x1149,
0x1149,0x19AC,0x19CC,0x19AB,0x198B,0x08E7,0x116A,0x222E,0x198B,0x1149,0x1149,0x1129,0x1108,0x1107,0x1149,0x0063,
0x0042,0x0063,0x0063,0x0084,0x08A5,0x08E7,0x08C6,0x08C6,0x08A5,0x0084,0x0884,0x0063,0x0063,0x0063,0x0043,0x0042,
0x0063,0x08A5,0x08A5,0x08C6,0x08E7,0x08E7,0x08E7,0x08A5,0x08A5,0x08C6,0x08C6,0x08A5,0x0884,0x0884,0x0884,0x0884,
0x08A5,0x08A5,0x08A4,0x0884,0x0884,0x0884,0x0884,0x0884,0x08A4,0x08A5,0x08E6,0x08E7,0x08E7,0x1107,0x1128,0x1128,
0x1128,0x1128,0x1149,0x198B,0x198B,0x1149,0x116A,0x116A,0x1149,0x10E7,0x10E7,0x1128,0x1149,0x1128,0x1108,0x1149,
0x19AB,0x116A,0x1107,0x1128,0x1128,0x1107,0x1128,0x1128,0x1149,0x198B,0x1107,0x1107,0x10E6,0x08C5,0x08A4,0x10E6,
0x1148,0x1107,0x08A5,0x0884,0x0063,0x0883,0x0884,0x08A4,0x1107,0x1127,0x08A4,0x0884,0x08C5,0x10C5,0x10C5,0x10E6,
0x10E6,0x1107,0x1127,0x1127,0x10E6,0x08A4,0x08A5,0x08E6,0x10E6,0x10E6,0x1107,0x1128,0x1148,0x1128,0x1107,0x10E6,
0x1127,0x1949,0x196A,0x1969,0x1969,0x196A,0x198A,0x19AB,0x19CC,0x19AC,0x196A,0x1149,0x1149,0x1128,0x1149,0x196A,
0x21EC,0x220E,0x2A4F,0x2A6F,0x2A6F,0x220D,0x198B,0x198B,0x19AB,0x19AB,0x19AB,0x19AB,0x19AB,0x21EC,0x220E,0x222E,
0x21ED,0x19CC,0x198A,0x196A,0x19AB,0x21CC,0x21CC,0x198A,0x198A,0x198A,0x19AB,0x19CC,0x19CC,0x19CC,0x19CC,0x19CC,
0x220D,0x21ED,0x224F,0x222F,0x224F,0x222F,0x224F,0x222F,0x222F,0x2270,0x224F,0x224F,0x198B,0x19AC,0x116A,0x116A,
0x19EE,0x2250,0x222F,0x19AC,0x198C,0x198B,0x19AC,0x220F,0x222F,0x220E,0x19CD,0x19AC,0x19AC,0x198B,0x198B,0x198B,
0x116B,0x114A,0x114A,0x118B,0x118B,0x116A,0x116A,0x114A,0x118B,0x19AD,0x19AC,0x19AC,0x19AC,0x118C,0x116B,0x116A,
0x114A,0x1128,0x1129,0x1108,0x0908,0x08E7,0x08E7,0x0907,0x08E7,0x0908,0x0908,0x08E7,0x08E7,0x08E7,0x0908,0x1129,
0x0908,0x08E7,0x08C6,0x08C6,0x08C6,0x08C6,0x08A6,0x08C6,0x08C6,0x08C6,0x08A5,0x0085,0x08A5,0x08A5,0x08C6,0x08E7,
0x08E7,0x08C6,0x08A6,0x08C6,0x08E8,0x08E7,0x08C6,0x08A5,0x08A5,0x08A5,0x08A5,0x08A5,0x08C6,0x08A5,0x0084,0x0084,
0x0084,0x08A5,0x08A5,0x08C6,0x08A5,0x08A5,0x08A5,0x08A5,0x08A5,0x08C6,0x08E7,0x08E7,0x08E7,0x08E7,0x08E7,0x08E7,
0x08E7,0x0907,0x08E7,0x08E6,0x08E7,0x08E7,0x08E6,0x08E6,0x1128,0x118B,0x0929,0x00A5,0x0084,0x08A5,0x08A6,0x08A5,
0x00A5,0x08A5,0x0084,0x0084,0x0084,0x0063,0x0084,0x08E7,0x08E7,0x0908,0x0929,0x08C7,0x08A6,0x08C6,0x08A6,0x00A5,
0x0085,0x08A6,0x00A6,0x00A5,0x0084,0x0084,0x0063,0x0063,0x0063,0x0043,0x0063,0x0063,0x0043,0x0042,0x0042,0x0042,
0x0042,0x0042,0x0042,0x0042,0x0042,0x0042,0x0042,0x0043,0x0043,0x0022,0x0022,0x0022,0x0022,0x0042,0x0042,0x0042,
0x0042,0x0042,0x0042,0x0042,0x0043,0x0042,0x0042,0x0042,0x0042,0x0022,0x0022,0x0022,0x0022,0x0022,0x0021,0x0022,
0x0021,0x0021,0x0021,0x0021,0x0021,0x0021,0x0021,0x0021,0x0021,0x0021,0x0021,0x0021,0x0021,0x0021,0x0021,0x0021,
},
{0x0021,0x0021,0x0021,0x0021,0x0021,0x0021,0x0021,0x0021,0x0021,0x0021,0x0021,0x0021,0x0022,0x0022,0x0022,0x0022,
0x0022,0x0022,0x0022,0x0022,0x0042,0x0022,0x0022,0x0022,0x0022,0x0022,0x0022,0x0022,0x0022,0x0022,0x0022,0x0022,
0x0022,0x0022,0x0042,0x0042,0x0042,0x0043,0x0043,0x0063,0x0063,0x0043,0x0042,0x0043,0x0043,0x0063,0x0063,0x0064,
0x0084,0x0063,0x0064,0x0084,0x0063,0x0085,0x00A5,0x0063,0x0063,0x0063,0x0064,0x0064,0x0084,0x0085,0x0085,0x0084,
0x0085,0x08A5,0x0064,0x0063,0x0063,0x0084,0x0084,0x0084,0x0064,0x0063,0x0063,0x0063,0x0063,0x0043,0x0042,0x0043,
0x0063,0x0064,0x0064,0x0084,0x0064,0x0063,0x0064,0x0084,0x0885,0x08A5,0x08A5,0x0885,0x0885,0x08A5,0x08A6,0x08A6,
0x08E7,0x1108,0x08E6,0x08C6,0x08C6,0x0084,0x0084,0x0084,0x0084,0x08A5,0x08C6,0x0084,0x0084,0x0084,0x0884,0x0884,
0x08A5,0x08C6,0x08C6,0x08C6,0x08C6,0x08E6,0x1108,0x1129,0x1128,0x116A,0x116A,0x1129,0x1149,0x116A,0x116A,0x196A,
0x198B,0x21ED,0x220E,0x19AC,0x116A,0x1128,0x198B,0x19ED,0x116B,0x1107,0x1107,0x116A,0x08E6,0x08A5,0x08E7,0x0884,
0x0063,0x0063,0x0063,0x0063,0x08C6,0x1128,0x08C6,0x08E6,0x08C6,0x0884,0x0884,0x0884,0x0063,0x0063,0x0043,0x0063,
0x0884,0x08A5,0x0884,0x08A5,0x08C6,0x08E6,0x08E7,0x08C6,0x08C6,0x08C6,0x08C6,0x08C6,0x0884,0x0884,0x0884,0x0884,
0x0884,0x08A4,0x08A4,0x08A4,0x0884,0x0884,0x0884,0x0884,0x0884,0x08A5,0x08C6,0x08E7,0x1108,0x1108,0x1108,0x1108,
0x1128,0x1128,0x116A,0x198B,0x116A,0x08E7,0x116A,0x198B,0x19AC,0x198A,0x10E7,0x1128,0x198B,0x1128,0x1108,0x1149,
0x116A,0x1969,0x1949,0x196A,0x198B,0x1149,0x10E7,0x1107,0x1107,0x1128,0x1128,0x10E6,0x08E6,0x08C5,0x08A4,0x10E6,
0x1148,0x1128,0x1107,0x08C5,0x08A5,0x08C5,0x08A5,0x08A4,0x08A5,0x08A4,0x08C5,0x08A4,0x08A4,0x10E5,0x10C5,0x10C5,
0x08C5,0x10C5,0x08C5,0x10E5,0x10E6,0x10E6,0x08A4,0x08A4,0x08A4,0x08C5,0x1107,0x1128,0x1128,0x1948,0x1969,0x1128,
0x1107,0x10E6,0x1127,0x1107,0x1128,0x116A,0x196A,0x198A,0x21EC,0x21EC,0x198B,0x1969,0x1149,0x1949,0x1149,0x1128,
0x1149,0x19AB,0x2A4E,0x2A90,0x222E,0x198B,0x1149,0x1149,0x196A,0x198A,0x19AB,0x19AB,0x19CC,0x19CC,0x19AB,0x198B,
0x198B,0x198A,0x1969,0x1148,0x1969,0x19AB,0x19AC,0x198A,0x196A,0x21ED,0x220D,0x21ED,0x220E,0x19ED,0x19AC,0x21ED,
0x220E,0x19AC,0x19AC,0x19ED,0x222E,0x2A70,0x2270,0x2A70,0x2250,0x2270,0x222F,0x19CD,0x116A,0x114A,0x1149,0x1149,
0x19CD,0x2250,0x1A0F,0x19EE,0x19EE,0x19CD,0x19CD,0x222F,0x2A91,0x2A70,0x220E,0x222F,0x222F,0x19CD,0x19CD,0x19AC,
0x118B,0x118B,0x116B,0x116B,0x118C,0x11AC,0x19AC,0x19AD,0x19AC,0x118C,0x118C,0x116B,0x116A,0x116A,0x116A,0x116B,
0x114A,0x114A,0x114A,0x1149,0x1149,0x1108,0x0908,0x1108,0x1108,0x1128,0x1129,0x1128,0x0908,0x0908,0x1108,0x0908,
0x08C6,0x08C6,0x08C6,0x08C6,0x08A5,0x08A5,0x08C6,0x08C6,0x08C6,0x08C6,0x08A5,0x08A5,0x08C6,0x08E7,0x08E7,0x08C6,
0x08E7,0x08E7,0x08C6,0x08C6,0x08A5,0x0085,0x08A5,0x08A5,0x0885,0x08A5,0x08C6,0x08C6,0x08C6,0x08A5,0x08A5,0x08C6,
0x08C6,0x08C6,0x08E6,0x08E7,0x08C6,0x08A5,0x08A6,0x08C6,0x08E6,0x08E7,0x0908,0x1108,0x1108,0x0907,0x08E7,0x08E7,
0x1108,0x1108,0x1108,0x08E7,0x08E7,0x08E7,0x08E6,0x0908,0x116A,0x198B,0x1129,0x08E7,0x08A6,0x08C6,0x08C6,0x08A5,
0x08A5,0x0084,0x0084,0x0063,0x0063,0x0063,0x0084,0x08A6,0x08C6,0x0929,0x0929,0x0929,0x08C7,0x08A6,0x08C6,0x00A5,
0x08A6,0x08C7,0x08C6,0x08A6,0x0084,0x0084,0x0063,0x0043,0x0042,0x0043,0x0043,0x0043,0x0043,0x0042,0x0042,0x0043,
0x0043,0x0042,0x0042,0x0042,0x0042,0x0042,0x0022,0x0042,0x0042,0x0022,0x0022,0x0022,0x0022,0x0042,0x0042,0x0022,
0x0042,0x0042,0x0042,0x0042,0x0042,0x0042,0x0022,0x0042,0x0042,0x0022,0x0022,0x0022,0x0022,0x0022,0x0022,0x0022,
0x0021,0x0021,0x0021,0x0021,0x0021,0x0021,0x0021,0x0021,0x0021,0x0021,0x0021,0x0021,0x0021,0x0021,0x0021,0x0021,
},
{0x0021,0x0021,0x0021,0x0021,0x0021,0x0021,0x0021,0x0021,0x0021,0x0021,0x0021,0x0021,0x0021,0x0022,0x0022,0x0022,
0x0022,0x0022,0x0022,0x0022,0x0022,0x0022,0x0022,0x0022,0x0022,0x0022,0x0022,0x0022,0x0022,0x0022,0x0022,0x0022,
0x0022,0x0022,0x0022,0x0022,0x0022,0x0042,0x0043,0x0043,0x0042,0x0022,0x0022,0x0042,0x0043,0x0043,0x0043,0x0043,
0x0063,0x0063,0x0064,0x0084,0x0084,0x0084,0x0084,0x0063,0x0043,0x0063,0x0064,0x0064,0x0084,0x0084,0x0085,0x0085,
0x0085,0x08A5,0x0885,0x0084,0x0063,0x0063,0x0084,0x0084,0x0084,0x0063,0x0063,0x0064,0x0063,0x0063,0x0043,0x0043,
0x0063,0x0064,0x0084,0x0084,0x0084,0x0084,0x0084,0x0084,0x08A5,0x08A5,0x0084,0x0084,0x0884,0x08A5,0x08C6,0x08C6,
0x08C6,0x08E7,0x08E7,0x08A6,0x08A5,0x08A5,0x0885,0x0084,0x0084,0x0885,0x08A5,0x0084,0x0063,0x0063,0x0084,0x0885,
0x08A5,0x08A6,0x08C6,0x08C6,0x08C6,0x08C6,0x1107,0x1149,0x116A,0x198B,0x116A,0x1108,0x1128,0x198B,0x116A,0x116A,
0x19AC,0x220E,0x19CC,0x1149,0x1128,0x1149,0x114A,0x19AC,0x1128,0x08C6,0x08E7,0x08E7,0x0884,0x0884,0x0884,0x0063,
0x0063,0x0884,0x0884,0x0083,0x0884,0x08A5,0x08C6,0x08E7,0x08C6,0x08C6,0x0884,0x0084,0x0063,0x0063,0x0063,0x0884,
0x08A5,0x0884,0x0084,0x0884,0x08A5,0x08A5,0x08A5,0x08A5,0x08A5,0x08A5,0x08C6,0x08C6,0x0884,0x0884,0x0884,0x0083,
0x0084,0x08A4,0x08A5,0x08A4,0x0884,0x0884,0x0884,0x0884,0x0884,0x08A4,0x08A5,0x08C6,0x0907,0x08E7,0x1107,0x1108,
0x1128,0x1128,0x1128,0x116A,0x198B,0x198B,0x198B,0x116A,0x198B,0x196A,0x1128,0x1149,0x21CD,0x198B,0x08E7,0x08E7,
0x08E6,0x10E7,0x1149,0x1128,0x198B,0x19AB,0x1149,0x1128,0x1108,0x1128,0x196A,0x1107,0x1107,0x1107,0x10E6,0x1949,
0x196A,0x1148,0x1107,0x10E6,0x1107,0x1128,0x1127,0x10E6,0x10C5,0x10E6,0x0883,0x0063,0x0863,0x08A4,0x10C5,0x10E6,
0x10E6,0x10E6,0x08A5,0x08A4,0x08C5,0x10E6,0x08C5,0x08A4,0x08A4,0x08A4,0x10E6,0x1107,0x1127,0x1127,0x1127,0x1128,
0x1107,0x10E6,0x08C6,0x08C5,0x08C6,0x08E6,0x1128,0x1169,0x198A,0x19AC,0x19AB,0x19AB,0x19AC,0x21CC,0x198A,0x1149,
0x1128,0x1149,0x19AB,0x19AB,0x19CC,0x220E,0x196A,0x1107,0x1128,0x1128,0x1128,0x1149,0x196A,0x196A,0x1149,0x1149,
0x1128,0x1128,0x1107,0x1108,0x1149,0x198A,0x196A,0x114A,0x198B,0x21ED,0x220E,0x220E,0x19ED,0x19AC,0x114A,0x116A,
0x19AC,0x198B,0x198B,0x19CC,0x220E,0x2250,0x2250,0x222F,0x220E,0x19ED,0x19AC,0x19AC,0x198B,0x116A,0x116B,0x19CC,
0x19EE,0x19EE,0x1A0E,0x2230,0x2270,0x2230,0x1A0E,0x19EE,0x220E,0x1A0E,0x19EE,0x19ED,0x19CD,0x19AC,0x19AC,0x19AC,
0x114A,0x1149,0x1149,0x116B,0x118B,0x116B,0x19AC,0x19AC,0x116A,0x1129,0x1149,0x116A,0x114A,0x114A,0x1129,0x1129,
0x1129,0x1108,0x0908,0x08E7,0x0908,0x0908,0x0908,0x1108,0x1128,0x1108,0x1108,0x08E7,0x08E7,0x08E7,0x0908,0x1108,
0x08E7,0x08E7,0x0908,0x08E7,0x08C6,0x08E7,0x08E7,0x08E7,0x08E7,0x08E7,0x08E7,0x08E7,0x0908,0x0908,0x08E8,0x08E8,
0x0908,0x08C6,0x08A5,0x08A5,0x08A5,0x08A5,0x08C6,0x08E7,0x08E7,0x08E7,0x1108,0x1108,0x0908,0x0907,0x08E7,0x08E7,
0x08E7,0x08E7,0x08E7,0x08E7,0x08E7,0x08C6,0x08C6,0x08C6,0x08E7,0x0908,0x1108,0x1108,0x1128,0x1108,0x1128,0x1149,
0x1108,0x1128,0x1107,0x0907,0x0907,0x1108,0x1149,0x116A,0x1149,0x08E7,0x08C6,0x08C6,0x08C6,0x08C6,0x08A6,0x08A5,
0x0084,0x0063,0x0063,0x0063,0x0063,0x0063,0x00A5,0x08E7,0x08E7,0x08E7,0x08E7,0x08E7,0x08C6,0x08C6,0x08C7,0x08A6,
0x08A5,0x08A5,0x0085,0x0084,0x0063,0x0043,0x0042,0x0042,0x0042,0x0042,0x0042,0x0042,0x0042,0x0042,0x0043,0x0043,
0x0043,0x0042,0x0042,0x0043,0x0042,0x0042,0x0042,0x0042,0x0042,0x0042,0x0022,0x0022,0x0022,0x0042,0x0022,0x0022,
0x0022,0x0042,0x0042,0x0042,0x0042,0x0042,0x0022,0x0022,0x0022,0x0022,0x0022,0x0022,0x0022,0x0022,0x0022,0x0021,
0x0021,0x0021,0x0021,0x0021,0x0021,0x0021,0x0021,0x0021,0x0021,0x0021,0x0021,0x0021,0x0021,0x0021,0x0021,0x0021,
},
{0x0021,0x0021,0x0021,0x0021,0x0021,0x0021,0x0021,0x0021,0x0021,0x0021,0x0021,0x0022,0x0022,0x0022,0x0022,0x0022,
0x0022,0x0022,0x0022,0x0022,0x0022,0x0022,0x0022,0x0022,0x0022,0x0022,0x0022,0x0042,0x0042,0x0022,0x0022,0x0022,
0x0022,0x0022,0x0022,0x0022,0x0022,0x0042,0x0042,0x0042,0x0022,0x0022,0x0022,0x0042,0x0042,0x0042,0x0043,0x0043,
0x0043,0x0043,0x0063,0x0063,0x0063,0x0063,0x0064,0x0063,0x0063,0x0063,0x0064,0x0084,0x0084,0x0084,0x0085,0x0085,
0x0084,0x0085,0x08A5,0x0085,0x0084,0x0063,0x0063,0x0064,0x0064,0x0063,0x0064,0x0084,0x0084,0x0063,0x0063,0x0043,
0x0063,0x0063,0x0063,0x0063,0x0063,0x0084,0x0084,0x0084,0x08A5,0x0084,0x0084,0x08A5,0x0885,0x0885,0x08C6,0x08E6,
0x08A5,0x08A5,0x08C6,0x08A5,0x08A5,0x08C6,0x08C6,0x08C6,0x08A5,0x0884,0x0084,0x0063,0x0063,0x0063,0x0063,0x0884,
0x08C6,0x08A5,0x08A5,0x08A5,0x08C6,0x08E6,0x1108,0x1149,0x1149,0x1128,0x1108,0x1107,0x1128,0x19AB,0x198B,0x198A,
0x19AC,0x19AC,0x116A,0x1128,0x1128,0x1128,0x1128,0x1149,0x08E7,0x08C6,0x08C6,0x08E7,0x08A5,0x0043,0x0042,0x0042,
0x0042,0x0884,0x08A5,0x0884,0x08A5,0x08C5,0x08A5,0x08C6,0x08C6,0x08C6,0x0064,0x0063,0x0063,0x0063,0x0063,0x08A5,
0x08A5,0x0084,0x0084,0x0884,0x08A5,0x08A5,0x08C6,0x08A5,0x0084,0x0084,0x08A5,0x08A5,0x0884,0x08A5,0x08A5,0x0884,
0x0884,0x0884,0x0884,0x0884,0x0884,0x0884,0x0084,0x0884,0x0884,0x0884,0x0884,0x08A5,0x08C6,0x08C6,0x08E6,0x08E7,
0x1107,0x1108,0x0907,0x08E7,0x1128,0x114A,0x1149,0x1149,0x1128,0x08E7,0x1107,0x1108,0x196A,0x19AB,0x08C6,0x08C6,
0x08A5,0x08C6,0x08E6,0x1107,0x1149,0x19AB,0x198A,0x1148,0x1148,0x1149,0x196A,0x19AC,0x1149,0x1128,0x1128,0x1148,
0x196A,0x19AB,0x1949,0x10E6,0x10E6,0x1107,0x1128,0x1107,0x08C5,0x08C5,0x08C5,0x0883,0x0042,0x0863,0x0883,0x08A4,
0x10E6,0x08A5,0x10C6,0x08C5,0x08A4,0x08A4,0x0884,0x0884,0x08C5,0x08C5,0x08C5,0x10C5,0x1107,0x1107,0x1106,0x10E6,
0x1107,0x1107,0x10E6,0x08C5,0x08A5,0x08A4,0x08A5,0x08E6,0x1129,0x198B,0x198B,0x116A,0x196A,0x198B,0x198A,0x1149,
0x1149,0x1148,0x1149,0x1149,0x196A,0x21ED,0x220E,0x19AB,0x1149,0x10E7,0x10E7,0x1107,0x1107,0x1128,0x1128,0x116A,
0x1128,0x1107,0x1107,0x116A,0x19AB,0x21ED,0x220E,0x21ED,0x198B,0x198B,0x19AC,0x19AC,0x19AC,0x19AC,0x114A,0x1149,
0x1129,0x1129,0x114A,0x114A,0x198B,0x19CC,0x19AC,0x19AC,0x19AC,0x198B,0x116B,0x116A,0x118B,0x19CD,0x19CD,0x19EE,
0x19EE,0x19AC,0x19CD,0x220F,0x222F,0x19CD,0x19AC,0x118C,0x198C,0x118B,0x116B,0x114A,0x114A,0x116A,0x114A,0x1149,
0x1129,0x1129,0x1129,0x1149,0x1129,0x1149,0x114A,0x114A,0x1108,0x0907,0x1108,0x114A,0x118B,0x118B,0x114A,0x1149,
0x1129,0x0907,0x0907,0x0907,0x08E7,0x08E7,0x08E7,0x08C6,0x08E6,0x08E7,0x0907,0x08E7,0x08E7,0x0908,0x0908,0x08E7,
0x08E7,0x08C6,0x08C6,0x08C6,0x08E7,0x0929,0x0929,0x0908,0x08E7,0x0908,0x1129,0x0929,0x1129,0x0908,0x0908,0x1129,
0x08E7,0x08A5,0x08A5,0x08A5,0x08C6,0x08C6,0x08E7,0x0908,0x0908,0x0908,0x1108,0x1129,0x1108,0x0908,0x08E7,0x08C6,
0x0884,0x0884,0x08A4,0x08A5,0x08C6,0x08C6,0x08E7,0x08E7,0x1108,0x1128,0x1128,0x1149,0x116A,0x116A,0x196A,0x1149,
0x1128,0x1128,0x1128,0x1128,0x1149,0x116A,0x19AC,0x08E7,0x0063,0x0063,0x0084,0x0084,0x00A5,0x08A5,0x08A5,0x08A5,
0x0084,0x0064,0x0063,0x0063,0x0084,0x08A5,0x08C6,0x08C6,0x08A5,0x0085,0x08A5,0x08A5,0x08A5,0x0085,0x0085,0x08A5,
0x08A5,0x0085,0x0084,0x0063,0x0043,0x0043,0x0043,0x0043,0x0043,0x0042,0x0042,0x0042,0x0042,0x0022,0x0022,0x0022,
0x0042,0x0042,0x0042,0x0042,0x0042,0x0042,0x0043,0x0042,0x0042,0x0042,0x0022,0x0022,0x0022,0x0022,0x0022,0x0022,
0x0022,0x0042,0x0042,0x0022,0x0042,0x0042,0x0042,0x0022,0x0022,0x0022,0x0022,0x0022,0x0022,0x0022,0x0022,0x0021,
0x0021,0x0021,0x0021,0x0021,0x0021,0x0021,0x0021,0x0021,0x0021,0x0021,0x0021,0x0021,0x0021,0x0021,0x0021,0x0021,
},
{0x0021,0x0021,0x0021,0x0021,0x0021,0x0021,0x0021,0x0021,0x0021,0x0021,0x0021,0x0022,0x0022,0x0022,0x0022,0x0022,
0x0022,0x0022,0x0022,0x0022,0x0022,0x0022,0x0022,0x0022,0x0022,0x0022,0x0022,0x0022,0x0022,0x0022,0x0022,0x0022,
0x0022,0x0022,0x0022,0x0022,0x0022,0x0022,0x0042,0x0042,0x0022,0x0022,0x0022,0x0042,0x0042,0x0043,0x0043,0x0063,
0x0063,0x0063,0x0063,0x0063,0x0043,0x0063,0x0063,0x0063,0x0063,0x0063,0x0063,0x0063,0x0064,0x0084,0x0084,0x0085,
0x0084,0x0084,0x0064,0x0084,0x0084,0x0064,0x0063,0x0064,0x0063,0x0063,0x0064,0x0084,0x0084,0x0064,0x0064,0x0063,
0x0063,0x0043,0x0043,0x0043,0x0063,0x0063,0x0064,0x0084,0x0084,0x0084,0x0084,0x08A5,0x08A5,0x08A5,0x08C6,0x08C6,
0x08A5,0x08C6,0x08C6,0x08C5,0x08C6,0x08E7,0x08E7,0x08C6,0x0884,0x0084,0x0885,0x0084,0x0063,0x0063,0x0063,0x0064,
0x0084,0x0084,0x0084,0x08A5,0x08E7,0x08E7,0x1129,0x08E7,0x08C6,0x08C6,0x08C6,0x08E6,0x1107,0x198A,0x19CC,0x198B,
0x19AC,0x19AC,0x116A,0x1129,0x1128,0x1129,0x116A,0x1149,0x1108,0x08E6,0x08E6,0x0908,0x0884,0x0063,0x0063,0x0042,
0x0042,0x0043,0x0063,0x0063,0x0063,0x08A4,0x0884,0x08A4,0x08A5,0x08C6,0x0885,0x0063,0x0042,0x0063,0x0043,0x0063,
0x0063,0x0064,0x0064,0x0084,0x08A5,0x08C6,0x08C6,0x0885,0x0084,0x0063,0x0084,0x0884,0x0084,0x0884,0x08A5,0x0884,
0x0884,0x0084,0x0884,0x0884,0x0884,0x0884,0x0884,0x0083,0x0063,0x0063,0x0884,0x0884,0x08A5,0x08A5,0x08A5,0x08C5,
0x08C6,0x08E6,0x08E7,0x08E7,0x08C6,0x08E6,0x08E7,0x08E6,0x1107,0x08E7,0x08C6,0x08E7,0x198B,0x196A,0x08C6,0x08C6,
0x08C5,0x08A5,0x08C6,0x1107,0x1149,0x198A,0x1149,0x1149,0x1148,0x1128,0x1128,0x19AB,0x21EC,0x196A,0x1148,0x1149,
0x1169,0x198A,0x19CC,0x1148,0x08C6,0x08E6,0x10E7,0x1128,0x1107,0x08C5,0x10E6,0x08E6,0x0883,0x0063,0x0863,0x0884,
0x08C5,0x08A4,0x08A4,0x0884,0x0063,0x0883,0x0884,0x0883,0x08A4,0x10E6,0x10C5,0x08C5,0x08C6,0x1107,0x1107,0x08C6,
0x1107,0x10E7,0x10E6,0x10E6,0x08C6,0x08C5,0x08C5,0x08C6,0x08E6,0x1128,0x1149,0x1149,0x1128,0x1149,0x1128,0x1128,
0x1128,0x1149,0x19AB,0x19CC,0x1149,0x1149,0x19AB,0x19AC,0x1149,0x116A,0x1149,0x1128,0x1107,0x1108,0x1129,0x1128,
0x1108,0x0907,0x1107,0x116A,0x19AC,0x19AC,0x19AC,0x19CC,0x19AC,0x198B,0x116B,0x116A,0x118B,0x118C,0x118B,0x1149,
0x1108,0x1108,0x1108,0x1108,0x1129,0x116A,0x116A,0x118B,0x198C,0x116B,0x19AC,0x116B,0x116A,0x198B,0x19AC,0x19CD,
0x19AC,0x19AC,0x19EE,0x1A0E,0x222F,0x1A0F,0x19CD,0x116B,0x1129,0x114A,0x116A,0x1149,0x1129,0x1149,0x1149,0x1129,
0x1129,0x1129,0x1129,0x1149,0x1129,0x1128,0x1129,0x1129,0x08E7,0x08E7,0x1108,0x118B,0x116B,0x118B,0x116B,0x116B,
0x114A,0x1129,0x08E7,0x08E7,0x0907,0x08E7,0x08C6,0x08C6,0x08C6,0x08C6,0x08E7,0x0907,0x08E7,0x08E7,0x08E7,0x08C6,
0x08C6,0x08C6,0x08C6,0x08E7,0x0907,0x08E7,0x0908,0x1128,0x114A,0x0908,0x0908,0x1129,0x118B,0x1129,0x08E7,0x0907,
0x08E7,0x08A5,0x08A6,0x08A5,0x08A5,0x08C6,0x0907,0x1128,0x1108,0x08E7,0x08C6,0x08C6,0x08C6,0x08C6,0x08C6,0x08E6,
0x08C6,0x08A5,0x08A5,0x08C5,0x08A4,0x0884,0x08A5,0x08E6,0x1149,0x1149,0x1149,0x198A,0x116A,0x198A,0x114A,0x1108,
0x1149,0x1149,0x1128,0x1128,0x1149,0x19AC,0x114A,0x08C6,0x08A5,0x08A5,0x08A5,0x0085,0x0084,0x00A5,0x08A5,0x0085,
0x0084,0x0084,0x0084,0x0084,0x00A5,0x08C6,0x08C6,0x0084,0x0064,0x0084,0x0085,0x08A5,0x08A5,0x08A5,0x0085,0x0085,
0x0085,0x0085,0x0084,0x0064,0x0063,0x0043,0x0063,0x0063,0x0043,0x0043,0x0043,0x0043,0x0042,0x0022,0x0022,0x0022,
0x0022,0x0022,0x0042,0x0022,0x0042,0x0042,0x0043,0x0042,0x0042,0x0042,0x0022,0x0022,0x0022,0x0022,0x0022,0x0022,
0x0022,0x0042,0x0022,0x0022,0x0022,0x0042,0x0022,0x0022,0x0022,0x0022,0x0022,0x0022,0x0022,0x0021,0x0021,0x0021,
0x0021,0x0021,0x0021,0x0021,0x0021,0x0021,0x0021,0x0021,0x0021,0x0021,0x0021,0x0021,0x0021,0x0021,0x0021,0x0021,
},
{0x0021,0x0021,0x0021,0x0021,0x0021,0x0021,0x0021,0x0021,0x0021,0x0021,0x0021,0x0022,0x0022,0x0022,0x0022,0x0022,
0x0022,0x0022,0x0022,0x0022,0x0022,0x0022,0x0022,0x0022,0x0022,0x0022,0x0022,0x0022,0x0022,0x0022,0x0022,0x0022,
0x0042,0x0022,0x0022,0x0022,0x0022,0x0022,0x0042,0x0042,0x0022,0x0022,0x0042,0x0043,0x0043,0x0043,0x0063,0x0063,
0x0064,0x0063,0x0084,0x0084,0x0064,0x0063,0x0063,0x0063,0x0063,0x0063,0x0063,0x0063,0x0063,0x0064,0x0084,0x08A5,
0x0085,0x0064,0x0063,0x0084,0x0084,0x0085,0x0064,0x0064,0x0063,0x0063,0x0063,0x0084,0x0084,0x0063,0x0064,0x0063,
0x0043,0x0043,0x0043,0x0043,0x0043,0x0063,0x0064,0x0064,0x0063,0x0064,0x0084,0x0885,0x08A5,0x08A5,0x08A5,0x08A5,
0x0885,0x08A5,0x08C6,0x08C6,0x08C6,0x08E7,0x0907,0x08A5,0x0063,0x0084,0x08A5,0x08A5,0x0063,0x0063,0x0064,0x0063,
0x0063,0x0063,0x0063,0x08A5,0x08C6,0x08C6,0x08C6,0x08C6,0x08C5,0x08A5,0x08C6,0x08E6,0x1128,0x116A,0x19AB,0x198B,
0x19AC,0x1149,0x08A5,0x08E6,0x1149,0x116A,0x116A,0x116A,0x1149,0x0908,0x0907,0x19AC,0x10E7,0x0064,0x0063,0x0043,
0x0042,0x0042,0x0043,0x0063,0x0063,0x0084,0x0884,0x0884,0x08A5,0x08E6,0x08A5,0x08A5,0x0063,0x0884,0x0063,0x0042,
0x0063,0x0063,0x0084,0x08C6,0x08C6,0x08C6,0x08A5,0x0884,0x0063,0x0063,0x0884,0x0084,0x0084,0x08A5,0x08A5,0x08A4,
0x0884,0x0884,0x08A4,0x08A4,0x0884,0x0884,0x0884,0x0083,0x0063,0x0063,0x0063,0x0884,0x0884,0x0884,0x08A4,0x08A5,
0x08A5,0x08C5,0x08C6,0x08E6,0x08C6,0x08C6,0x1107,0x08E7,0x08E6,0x08C6,0x08C6,0x08E6,0x116A,0x21ED,0x1149,0x08C6,
0x08A5,0x0884,0x08A5,0x08C6,0x08E7,0x1128,0x1149,0x1149,0x1128,0x1128,0x1128,0x116A,0x19CC,0x19CC,0x21CC,0x19AB,
0x116A,0x1128,0x1149,0x196A,0x1128,0x1128,0x1149,0x196A,0x1949,0x1149,0x1149,0x1127,0x08A5,0x0883,0x0884,0x08A4,
0x08A4,0x0884,0x0063,0x0063,0x0042,0x0063,0x0063,0x0063,0x0883,0x08A4,0x10E6,0x1107,0x1107,0x10E6,0x10E6,0x10E6,
0x1107,0x10E6,0x08E6,0x08E6,0x08E6,0x08E6,0x08C6,0x08C6,0x08E6,0x10E7,0x1107,0x10E7,0x1107,0x1149,0x1107,0x1108,
0x1128,0x1128,0x1149,0x196A,0x116A,0x198A,0x198B,0x19AB,0x19AB,0x19AC,0x19AC,0x196A,0x1149,0x1128,0x1108,0x1107,
0x1108,0x0907,0x08E7,0x0907,0x1128,0x1108,0x1128,0x1107,0x1108,0x1128,0x1128,0x08E7,0x1129,0x116B,0x198C,0x1149,
0x08E7,0x08E7,0x08E7,0x0907,0x1129,0x1129,0x114A,0x19CD,0x19CD,0x114A,0x116B,0x114A,0x1149,0x114A,0x116A,0x1149,
0x1129,0x116A,0x19AD,0x19EE,0x222F,0x19AC,0x118B,0x118C,0x1129,0x114A,0x116A,0x114A,0x1129,0x1149,0x1149,0x1128,
0x1108,0x0908,0x114A,0x118B,0x114A,0x1149,0x1108,0x1129,0x1129,0x1149,0x114A,0x1129,0x1129,0x1129,0x08E7,0x08C7,
0x1108,0x114A,0x0908,0x08E7,0x0908,0x08E7,0x08C6,0x08C6,0x08C6,0x08C6,0x08E7,0x08E7,0x08E7,0x08E7,0x08E7,0x08E6,
0x08C6,0x08C6,0x08C6,0x08C6,0x08C6,0x08E7,0x08E7,0x08E7,0x1149,0x118B,0x118B,0x116B,0x0907,0x08E7,0x08E7,0x08E6,
0x08E6,0x08C6,0x08A5,0x08A5,0x08C6,0x08E6,0x08C6,0x08E6,0x08E6,0x08C6,0x08A5,0x08C5,0x08C6,0x08C6,0x08C6,0x08E7,
0x08E6,0x08C6,0x08E6,0x08E7,0x08E6,0x08E7,0x1129,0x1128,0x198B,0x19CC,0x198B,0x198A,0x1149,0x196A,0x198A,0x114A,
0x19AC,0x198A,0x1108,0x08C6,0x0907,0x1149,0x1128,0x08E7,0x0908,0x1128,0x1108,0x08C6,0x0084,0x0084,0x0084,0x0064,
0x0064,0x0085,0x0084,0x0085,0x08A6,0x08A6,0x08A5,0x0084,0x0063,0x0084,0x0885,0x08A5,0x08A5,0x0084,0x0084,0x0064,
0x0084,0x08A5,0x0084,0x0084,0x0064,0x0064,0x0064,0x0064,0x0043,0x0043,0x0063,0x0043,0x0043,0x0043,0x0042,0x0042,
0x0042,0x0042,0x0042,0x0022,0x0022,0x0022,0x0042,0x0042,0x0022,0x0022,0x0022,0x0022,0x0022,0x0022,0x0022,0x0022,
0x0022,0x0042,0x0022,0x0022,0x0022,0x0022,0x0022,0x0022,0x0021,0x0021,0x0022,0x0022,0x0021,0x0021,0x0021,0x0021,
0x0021,0x0021,0x0021,0x0021,0x0021,0x0021,0x0021,0x0021,0x0021,0x0021,0x0021,0x0021,0x0021,0x0021,0x0021,0x0021,
},
{0x0021,0x0021,0x0021,0x0021,0x0021,0x0021,0x0021,0x0021,0x0021,0x0021,0x0021,0x0022,0x0022,0x0022,0x0022,0x0022,
0x0021,0x0022,0x0022,0x0022,0x0022,0x0022,0x0022,0x0022,0x0022,0x0022,0x0022,0x0022,0x0022,0x0022,0x0022,0x0022,
0x0042,0x0022,0x0022,0x0022,0x0022,0x0022,0x0022,0x0042,0x0022,0x0022,0x0042,0x0043,0x0043,0x0043,0x0063,0x0064,
0x0064,0x0063,0x0084,0x08A5,0x0063,0x0063,0x0063,0x0063,0x0043,0x0042,0x0043,0x0063,0x0063,0x0063,0x0084,0x08C6,
0x08A6,0x0064,0x0064,0x0064,0x0084,0x0085,0x0064,0x0064,0x0063,0x0063,0x0064,0x0064,0x0063,0x0043,0x0043,0x0063,
0x0043,0x0043,0x0043,0x0043,0x0043,0x0043,0x0064,0x0063,0x0063,0x0063,0x0084,0x0084,0x0884,0x0084,0x0084,0x0084,
0x0084,0x0884,0x08A5,0x08C6,0x08C6,0x08C6,0x08A5,0x0084,0x0084,0x0084,0x08C6,0x08A6,0x0063,0x0063,0x0064,0x0063,
0x0043,0x0063,0x0063,0x0884,0x08C6,0x08C6,0x08A5,0x08A5,0x08C6,0x08C5,0x08C6,0x08E7,0x1128,0x1128,0x198B,0x196A,
0x1149,0x114A,0x08C6,0x08C5,0x1149,0x1149,0x114A,0x196A,0x116A,0x1149,0x116A,0x220E,0x1128,0x0884,0x0884,0x0063,
0x0884,0x0063,0x0063,0x0063,0x0884,0x08A5,0x0884,0x0884,0x08C6,0x08A5,0x0884,0x08C6,0x1107,0x0884,0x0063,0x0084,
0x0084,0x0884,0x08A5,0x08C6,0x08C6,0x08E7,0x08A5,0x0884,0x0084,0x0084,0x0884,0x0064,0x0084,0x0884,0x08C6,0x08C5,
0x08A5,0x08A4,0x08A5,0x08A5,0x08A5,0x0884,0x0884,0x0084,0x0063,0x0063,0x0063,0x0063,0x0063,0x0884,0x0884,0x08A4,
0x08A5,0x08A5,0x08A5,0x08A5,0x08A5,0x08A5,0x08E6,0x1128,0x1149,0x1108,0x08C6,0x08E7,0x116A,0x1149,0x1149,0x08C6,
0x0884,0x0884,0x0884,0x0884,0x0884,0x1107,0x1149,0x1149,0x1149,0x1107,0x08E7,0x116A,0x19AC,0x222E,0x19CC,0x196A,
0x1128,0x1128,0x08E7,0x08E6,0x116A,0x196A,0x196A,0x196A,0x1128,0x1149,0x198A,0x196A,0x1107,0x08A5,0x08A4,0x08A5,
0x08A5,0x0884,0x0883,0x08A4,0x08A4,0x0063,0x0042,0x0042,0x0863,0x0884,0x08A4,0x10E6,0x1128,0x1107,0x08C5,0x08C6,
0x1107,0x10E6,0x08E6,0x10E7,0x1107,0x08E6,0x08C6,0x08C6,0x08C6,0x08E6,0x10E7,0x08E6,0x08E6,0x10E7,0x08E6,0x1107,
0x116A,0x1128,0x1107,0x1149,0x116A,0x196A,0x198B,0x198B,0x198B,0x198A,0x198B,0x198B,0x116A,0x1128,0x1108,0x08E7,
0x0907,0x08E7,0x08E6,0x08C6,0x08C6,0x08C6,0x08E6,0x08C6,0x08A5,0x08C6,0x08C6,0x08C6,0x08E7,0x1129,0x198B,0x19AC,
0x1129,0x0907,0x1107,0x0907,0x08E7,0x1108,0x1129,0x198B,0x19AC,0x114A,0x1129,0x0908,0x08E7,0x08E7,0x1108,0x08E7,
0x08E7,0x08E7,0x1108,0x1129,0x1128,0x1108,0x08E7,0x0908,0x1108,0x116A,0x198B,0x116B,0x116B,0x114A,0x1128,0x1108,
0x08E7,0x08C6,0x1108,0x1129,0x08E7,0x08A5,0x08A5,0x08E7,0x1149,0x114A,0x1149,0x1128,0x08E7,0x08E7,0x08C6,0x08C6,
0x08E6,0x1108,0x1149,0x1128,0x0908,0x1128,0x1128,0x08C6,0x08C6,0x08C6,0x08E7,0x08E7,0x08E7,0x08C6,0x08C6,0x08C6,
0x08C6,0x08C6,0x08A5,0x08A5,0x08C6,0x08A5,0x08C6,0x08C6,0x0908,0x0908,0x1129,0x0908,0x08C6,0x0908,0x08E7,0x08C6,
0x08E7,0x08C6,0x08C5,0x08A5,0x08C5,0x08C6,0x08E6,0x08C6,0x08C6,0x08C6,0x08C6,0x08E6,0x08E7,0x08C6,0x08A5,0x08C5,
0x08C6,0x08C5,0x08E6,0x08E7,0x1108,0x1149,0x114A,0x116B,0x1108,0x1129,0x1149,0x1107,0x08E6,0x1128,0x19CC,0x222F,
0x220E,0x198A,0x1149,0x1149,0x1128,0x1107,0x08E7,0x08E7,0x08E7,0x1108,0x1108,0x08A5,0x0884,0x0084,0x0063,0x0063,
0x0084,0x0084,0x0084,0x0085,0x08A5,0x08A5,0x0084,0x0063,0x0063,0x0084,0x08A5,0x08A5,0x0084,0x0084,0x0084,0x0084,
0x0084,0x0084,0x0084,0x0064,0x0064,0x0084,0x0064,0x0063,0x0043,0x0043,0x0063,0x0063,0x0063,0x0063,0x0043,0x0043,
0x0043,0x0042,0x0022,0x0022,0x0022,0x0022,0x0042,0x0022,0x0022,0x0022,0x0022,0x0022,0x0022,0x0022,0x0022,0x0022,
0x0022,0x0022,0x0022,0x0022,0x0022,0x0022,0x0022,0x0021,0x0021,0x0021,0x0021,0x0021,0x0021,0x0021,0x0021,0x0021,
0x0021,0x0021,0x0021,0x0021,0x0021,0x0021,0x0021,0x0021,0x0021,0x0021,0x0021,0x0021,0x0021,0x0021,0x0021,0x0021,
},
{0x0021,0x0021,0x0021,0x0021,0x0021,0x0021,0x0021,0x0021,0x0021,0x0021,0x0021,0x0021,0x0021,0x0022,0x0022,0x0022,
0x0022,0x0021,0x0022,0x0022,0x0022,0x0022,0x0022,0x0022,0x0022,0x0022,0x0022,0x0022,0x0022,0x0022,0x0022,0x0022,
0x0022,0x0022,0x0022,0x0022,0x0022,0x0022,0x0022,0x0042,0x0042,0x0042,0x0042,0x0042,0x0043,0x0043,0x0063,0x0063,
0x0063,0x0064,0x0064,0x0085,0x0043,0x0042,0x0063,0x0063,0x0043,0x0042,0x0043,0x0063,0x0063,0x0084,0x0085,0x00A5,
0x0084,0x0063,0x0064,0x0064,0x0084,0x0084,0x0084,0x0064,0x0063,0x0064,0x0084,0x0063,0x0063,0x0063,0x0043,0x0042,
0x0043,0x0043,0x0063,0x0043,0x0043,0x0063,0x0084,0x0063,0x0063,0x0063,0x0084,0x0084,0x0064,0x0084,0x0084,0x0084,
0x0884,0x0084,0x08A5,0x08A5,0x08C6,0x08C6,0x08A5,0x0884,0x0884,0x0885,0x08C6,0x08A5,0x0063,0x0063,0x0063,0x0063,
0x0042,0x0043,0x0063,0x0084,0x08A5,0x08A6,0x08C6,0x08A6,0x08C6,0x08A5,0x08A5,0x08E7,0x1108,0x1107,0x1128,0x1128,
0x1149,0x116A,0x08E7,0x08A5,0x1129,0x1149,0x1128,0x1108,0x1128,0x198B,0x21ED,0x198B,0x1128,0x0884,0x08A5,0x08C5,
0x0884,0x0063,0x0063,0x0884,0x08A5,0x08C6,0x08C6,0x08A5,0x0884,0x0063,0x0084,0x08C6,0x08C6,0x0084,0x0084,0x08E7,
0x0885,0x08C6,0x0908,0x0907,0x08C6,0x08C6,0x08E6,0x08C6,0x08A5,0x0084,0x0084,0x0064,0x0063,0x0084,0x08A5,0x08C5,
0x08C5,0x08A5,0x08A5,0x08C5,0x08A5,0x0084,0x0084,0x0063,0x0063,0x0063,0x0083,0x0063,0x0063,0x0063,0x0884,0x0884,
0x08A5,0x08A5,0x08A4,0x0884,0x0884,0x0884,0x08A5,0x08E7,0x1108,0x0907,0x08C6,0x0907,0x1149,0x1149,0x1108,0x08E6,
0x0884,0x08A5,0x0884,0x0884,0x0884,0x08C6,0x1128,0x1149,0x1149,0x1129,0x1128,0x114A,0x118B,0x19AC,0x1149,0x1169,
0x196A,0x1128,0x1108,0x08E6,0x1149,0x1149,0x1149,0x1128,0x1107,0x1107,0x1149,0x1149,0x08C5,0x08C5,0x08C5,0x08C5,
0x08C5,0x08C5,0x08C5,0x10E6,0x10E6,0x08A4,0x0883,0x0063,0x0863,0x0884,0x0884,0x0883,0x08C5,0x1107,0x1107,0x1107,
0x1107,0x10E7,0x1107,0x1128,0x1107,0x08E6,0x08C6,0x08C6,0x08C5,0x08C5,0x08E6,0x1107,0x08E6,0x08E7,0x08E6,0x1107,
0x1149,0x1149,0x08E7,0x08E7,0x1107,0x1108,0x1128,0x1129,0x1149,0x196A,0x198B,0x19AC,0x114A,0x1108,0x0908,0x08E7,
0x08E7,0x0908,0x08E7,0x08E7,0x08E7,0x08C6,0x08C6,0x08A5,0x08A5,0x08C6,0x08E7,0x08C6,0x0908,0x114A,0x116A,0x118B,
0x118B,0x116A,0x1149,0x1129,0x08E7,0x08C6,0x10E7,0x1107,0x1129,0x1108,0x1108,0x1108,0x08E7,0x08A6,0x08E7,0x08E7,
0x08E7,0x08E7,0x08E7,0x08E7,0x08E7,0x08E7,0x08E7,0x08E7,0x1128,0x1149,0x198B,0x19AC,0x19CD,0x19AC,0x198B,0x114A,
0x0908,0x08C6,0x08C6,0x08A5,0x0063,0x0063,0x0884,0x10E7,0x1128,0x0908,0x0908,0x0908,0x1129,0x08E7,0x08C6,0x08C6,
0x08E7,0x114A,0x198B,0x1108,0x08E7,0x08E7,0x08E6,0x08A5,0x08C6,0x08E7,0x08E7,0x08E7,0x08C6,0x08A5,0x08A5,0x08A5,
0x08C6,0x08C6,0x08C6,0x08C6,0x08C6,0x08A5,0x08A6,0x08C6,0x08C6,0x08A6,0x08C6,0x08E7,0x1129,0x116A,0x1108,0x08E7,
0x0908,0x08E7,0x08E7,0x08E6,0x08C6,0x08E6,0x08E7,0x08E6,0x08E6,0x08E7,0x08E7,0x1108,0x1128,0x08C6,0x0884,0x08C5,
0x08E7,0x1107,0x1128,0x08E6,0x08C6,0x08A5,0x08A5,0x08C6,0x0884,0x0063,0x0084,0x0063,0x0063,0x0884,0x1129,0x19AB,
0x19AB,0x198B,0x1149,0x1108,0x08A5,0x08A5,0x08A5,0x08A5,0x08C6,0x08C6,0x08A5,0x0084,0x0063,0x0063,0x0063,0x0084,
0x0085,0x0084,0x0064,0x0063,0x0063,0x0043,0x0043,0x0043,0x0063,0x00A5,0x08A5,0x0084,0x0085,0x0085,0x0084,0x0084,
0x0084,0x0064,0x0084,0x0064,0x0063,0x0063,0x0043,0x0042,0x0043,0x0063,0x0063,0x0063,0x0063,0x0063,0x0043,0x0043,
0x0042,0x0042,0x0042,0x0022,0x0022,0x0022,0x0022,0x0022,0x0022,0x0022,0x0022,0x0022,0x0022,0x0022,0x0022,0x0022,
0x0022,0x0022,0x0022,0x0022,0x0022,0x0022,0x0022,0x0022,0x0021,0x0021,0x0021,0x0021,0x0021,0x0021,0x0021,0x0021,
0x0021,0x0021,0x0021,0x0021,0x0021,0x0021,0x0021,0x0021,0x0021,0x0021,0x0021,0x0021,0x0021,0x0021,0x0021,0x0021,
},
{0x0021,0x0021,0x0021,0x0021,0x0021,0x0021,0x0021,0x0021,0x0021,0x0021,0x0021,0x0021,0x0021,0x0021,0x0022,0x0022,
0x0022,0x0022,0x0022,0x0022,0x0022,0x0022,0x0022,0x0022,0x0022,0x0022,0x0022,0x0022,0x0022,0x0022,0x0022,0x0022,
0x0022,0x0022,0x0022,0x0022,0x0022,0x0022,0x0022,0x0042,0x0042,0x0042,0x0022,0x0042,0x0042,0x0043,0x0043,0x0043,
0x0043,0x0063,0x0063,0x0084,0x0043,0x0042,0x0042,0x0043,0x0043,0x0043,0x0043,0x0063,0x0063,0x0084,0x0084,0x0084,
0x0064,0x0063,0x0063,0x0063,0x0064,0x0885,0x0084,0x0063,0x0063,0x0064,0x0064,0x0063,0x0063,0x0063,0x0043,0x0043,
0x0063,0x0063,0x0063,0x0063,0x0043,0x0043,0x0063,0x0063,0x0063,0x0063,0x0063,0x0064,0x0064,0x0084,0x0884,0x0084,
0x0084,0x0084,0x0884,0x08A5,0x08C6,0x08C6,0x08C6,0x08A5,0x08A5,0x08A5,0x08A5,0x0084,0x0063,0x0063,0x0084,0x0084,
0x0063,0x0063,0x0063,0x0063,0x0084,0x0084,0x0084,0x08A5,0x08A5,0x0885,0x08A5,0x08E7,0x08E6,0x08E6,0x08E7,0x1128,
0x198B,0x1129,0x08C6,0x08C6,0x1108,0x1108,0x08C5,0x08C5,0x08A5,0x08E6,0x1149,0x1128,0x1149,0x08A5,0x08A5,0x1128,
0x08C5,0x0063,0x0042,0x0063,0x0063,0x0884,0x08E6,0x08C6,0x0084,0x0084,0x0084,0x0084,0x0063,0x0043,0x0084,0x08C6,
0x08C6,0x0908,0x1129,0x08A5,0x08A5,0x08A5,0x08A5,0x08E7,0x08C6,0x0885,0x0084,0x0084,0x0084,0x0884,0x08C6,0x08C5,
0x08A5,0x08A5,0x08C5,0x08C6,0x08A5,0x0884,0x0884,0x0084,0x0063,0x0884,0x08A5,0x0884,0x0884,0x0884,0x0063,0x0884,
0x08A5,0x08A5,0x08A5,0x0884,0x0884,0x0884,0x08A4,0x08A5,0x08A5,0x0084,0x0884,0x08C5,0x08E7,0x08E7,0x1108,0x0907,
0x08C6,0x1107,0x1128,0x08C6,0x08A5,0x08A5,0x08E6,0x1108,0x1149,0x1129,0x114A,0x1149,0x1149,0x114A,0x1129,0x1128,
0x1128,0x1128,0x1128,0x1128,0x1149,0x1128,0x1128,0x1128,0x1108,0x08E7,0x08E6,0x1107,0x08A5,0x0884,0x08A5,0x08C5,
0x08C5,0x08C6,0x08C5,0x08C5,0x1107,0x1128,0x10E7,0x08A5,0x0884,0x0884,0x0883,0x0042,0x0063,0x0884,0x08A4,0x08C5,
0x10E6,0x10E7,0x10E6,0x10E6,0x08E6,0x08C6,0x08C6,0x08C6,0x08A5,0x08A5,0x08C6,0x1107,0x10E7,0x08E7,0x08C6,0x08E6,
0x1107,0x08C6,0x08C6,0x08E7,0x1128,0x0907,0x08E6,0x08E6,0x08E7,0x1149,0x114A,0x114A,0x1129,0x1128,0x1129,0x1128,
0x08E7,0x08C6,0x08E7,0x08E7,0x08E7,0x08E7,0x08C6,0x08A5,0x08A5,0x08A5,0x08A5,0x08C6,0x08E6,0x0908,0x1129,0x1129,
0x114A,0x1149,0x1129,0x114A,0x1128,0x08C6,0x08A5,0x08A5,0x08C6,0x08C6,0x08E7,0x1108,0x1129,0x08E7,0x08E6,0x08C6,
0x08C6,0x08E6,0x08E6,0x08E7,0x08E7,0x08E7,0x1108,0x1129,0x1129,0x1149,0x116B,0x19AC,0x19CD,0x19CD,0x21ED,0x19AC,
0x1129,0x08E7,0x08E7,0x08E7,0x08A5,0x08A5,0x08A5,0x08C6,0x0884,0x0084,0x0884,0x0884,0x08C6,0x08A5,0x0084,0x0885,
0x0885,0x08A5,0x08C6,0x0885,0x0885,0x0884,0x08A5,0x08A5,0x08E7,0x1108,0x08E7,0x08C6,0x08C6,0x08C6,0x08C6,0x08C6,
0x08E7,0x08E7,0x0907,0x0908,0x0908,0x08C6,0x08A5,0x0084,0x0063,0x0063,0x0884,0x08C6,0x08E7,0x1128,0x0907,0x08E6,
0x08E6,0x1108,0x1129,0x114A,0x1128,0x08C6,0x08E6,0x08E6,0x08E7,0x08E7,0x08E6,0x08C6,0x1128,0x1128,0x1128,0x198B,
0x116A,0x1149,0x1108,0x08E6,0x08A4,0x0063,0x0063,0x0063,0x0063,0x0063,0x0084,0x08A5,0x08C6,0x1128,0x1128,0x08C6,
0x08A5,0x08E6,0x08C6,0x0884,0x08A5,0x08C6,0x08A5,0x0064,0x0064,0x0084,0x0063,0x0063,0x0063,0x0063,0x0063,0x0084,
0x08A5,0x0084,0x0043,0x0042,0x0042,0x0042,0x0042,0x0043,0x0064,0x0064,0x0084,0x0085,0x0064,0x0064,0x0064,0x0063,
0x0064,0x0063,0x0063,0x0043,0x0042,0x0042,0x0042,0x0042,0x0042,0x0043,0x0043,0x0043,0x0042,0x0042,0x0042,0x0042,
0x0022,0x0022,0x0022,0x0022,0x0022,0x0022,0x0022,0x0022,0x0022,0x0022,0x0022,0x0022,0x0022,0x0022,0x0022,0x0022,
0x0022,0x0022,0x0022,0x0022,0x0022,0x0022,0x0022,0x0022,0x0022,0x0021,0x0021,0x0021,0x0021,0x0021,0x0021,0x0021,
0x0021,0x0021,0x0021,0x0021,0x0021,0x0021,0x0021,0x0021,0x0021,0x0021,0x0021,0x0021,0x0021,0x0021,0x0021,0x0021,
},
{0x0021,0x0021,0x0021,0x0021,0x0021,0x0021,0x0021,0x0021,0x0021,0x0021,0x0021,0x0021,0x0021,0x0021,0x0021,0x0021,
0x0022,0x0022,0x0021,0x0021,0x0021,0x0021,0x0021,0x0022,0x0022,0x0022,0x0022,0x0022,0x0022,0x0022,0x0022,0x0022,
0x0022,0x0022,0x0022,0x0042,0x0022,0x0022,0x0022,0x0022,0x0042,0x0042,0x0042,0x0042,0x0042,0x0042,0x0043,0x0042,
0x0042,0x0043,0x0063,0x0063,0x0063,0x0043,0x0043,0x0043,0x0043,0x0043,0x0043,0x0043,0x0043,0x0063,0x0063,0x0064,
0x0084,0x0064,0x0063,0x0063,0x0063,0x0084,0x0084,0x0063,0x0063,0x0063,0x0063,0x0063,0x0063,0x0063,0x0043,0x0043,
0x0063,0x0063,0x0043,0x0063,0x0063,0x0063,0x0063,0x0063,0x0063,0x0064,0x0063,0x0064,0x0084,0x0084,0x0084,0x0064,
0x0063,0x0063,0x0084,0x08A5,0x08A5,0x08A6,0x08A6,0x08A5,0x08A5,0x08A5,0x08A5,0x0084,0x0084,0x0084,0x08A5,0x08A5,
0x0063,0x0064,0x0084,0x0084,0x0084,0x0084,0x0063,0x0084,0x0084,0x0084,0x08A5,0x08C6,0x08C6,0x08C6,0x08E7,0x0907,
0x1108,0x08E7,0x08A5,0x08C5,0x0907,0x0908,0x08E7,0x08E6,0x08A5,0x0884,0x08C6,0x08A5,0x08E7,0x1107,0x08E6,0x1149,
0x08E7,0x0063,0x0084,0x0043,0x0042,0x0063,0x08A5,0x1107,0x08E7,0x08A5,0x0063,0x0084,0x0884,0x0063,0x0042,0x0043,
0x08C6,0x114A,0x116A,0x08C6,0x08C6,0x08E6,0x08C6,0x08C6,0x08A5,0x0884,0x0884,0x0885,0x08C6,0x08C6,0x08C6,0x08C6,
0x0884,0x0884,0x08A5,0x08A5,0x08A5,0x08C6,0x08C6,0x08A5,0x0884,0x0884,0x08A5,0x08A5,0x08A4,0x0884,0x0063,0x0083,
0x0884,0x08A5,0x08A5,0x08A5,0x0063,0x0884,0x08A5,0x0884,0x0063,0x0063,0x08A4,0x08C6,0x08C6,0x08A5,0x08E7,0x1107,
0x1108,0x1128,0x1108,0x0907,0x08E6,0x08A5,0x08A5,0x08E6,0x0908,0x08E7,0x08E7,0x08E7,0x08E7,0x1128,0x1128,0x1108,
0x1129,0x1108,0x10E7,0x1108,0x114A,0x198B,0x116A,0x1128,0x1107,0x08E7,0x1107,0x08E7,0x08C5,0x08A5,0x08E6,0x08E6,
0x08C6,0x08C6,0x08E6,0x10E6,0x1107,0x1969,0x1128,0x10E6,0x08A4,0x08A4,0x08A4,0x08A4,0x0063,0x0063,0x0063,0x08A5,
0x08E6,0x08C6,0x08C6,0x08C5,0x08C5,0x08A5,0x08C6,0x08E6,0x08C5,0x08A5,0x08A5,0x08C6,0x08C5,0x08C5,0x08A5,0x08E6,
0x1107,0x08E7,0x08A5,0x08C6,0x1128,0x1108,0x08E7,0x08C5,0x08A4,0x08A5,0x08E7,0x08C6,0x08C6,0x1108,0x1129,0x1129,
0x1129,0x1128,0x08E7,0x08E7,0x0908,0x0908,0x08C6,0x08A5,0x08A5,0x08A5,0x08A5,0x08A5,0x08A6,0x08C6,0x08C6,0x08E7,
0x08E7,0x08E7,0x1108,0x08E7,0x08A5,0x08A5,0x0885,0x0084,0x0884,0x08C5,0x08C6,0x08C6,0x1108,0x0908,0x08C6,0x08A5,
0x0885,0x0884,0x0884,0x08A5,0x08E7,0x0908,0x1149,0x116A,0x116B,0x1149,0x1128,0x1129,0x116A,0x114A,0x19AC,0x196A,
0x1128,0x1108,0x08E7,0x1108,0x08E7,0x08C6,0x08A5,0x08A5,0x0884,0x0063,0x0042,0x0042,0x0043,0x0063,0x0063,0x0084,
0x0084,0x0884,0x0084,0x0063,0x0884,0x08E6,0x08E7,0x08E7,0x08C6,0x08E8,0x114A,0x1129,0x08E7,0x08E7,0x08E7,0x08E7,
0x08E7,0x08C6,0x08E7,0x08E7,0x08C6,0x0084,0x0084,0x0043,0x0043,0x0063,0x0063,0x0084,0x08A5,0x08E8,0x0908,0x08A5,
0x0884,0x08E7,0x116A,0x19CC,0x1129,0x08C6,0x08E7,0x1128,0x08E7,0x0884,0x0063,0x0063,0x08A5,0x1107,0x1129,0x19ED,
0x19AC,0x196A,0x1128,0x08C5,0x0063,0x0063,0x0063,0x0063,0x0063,0x0063,0x0084,0x08A5,0x08E7,0x08C6,0x08E7,0x1107,
0x08E7,0x08A4,0x08A5,0x08A5,0x08A5,0x08A5,0x0084,0x0084,0x0084,0x0064,0x0063,0x0063,0x0043,0x0043,0x0063,0x0084,
0x0084,0x0084,0x0063,0x0043,0x0042,0x0042,0x0042,0x0043,0x0063,0x0063,0x0043,0x0063,0x0043,0x0043,0x0063,0x0063,
0x0063,0x0043,0x0043,0x0043,0x0042,0x0042,0x0042,0x0042,0x0042,0x0043,0x0042,0x0022,0x0022,0x0022,0x0022,0x0022,
0x0022,0x0042,0x0042,0x0022,0x0022,0x0022,0x0022,0x0022,0x0022,0x0022,0x0022,0x0022,0x0022,0x0022,0x0022,0x0022,
0x0022,0x0022,0x0022,0x0022,0x0022,0x0022,0x0022,0x0022,0x0022,0x0021,0x0021,0x0022,0x0021,0x0021,0x0021,0x0021,
0x0021,0x0021,0x0021,0x0021,0x0021,0x0021,0x0021,0x0021,0x0021,0x0021,0x0021,0x0021,0x0021,0x0021,0x0021,0x0021,
},
{0x0021,0x0021,0x0021,0x0021,0x0021,0x0021,0x0021,0x0021,0x0021,0x0021,0x0021,0x0021,0x0021,0x0021,0x0021,0x0022,
0x0021,0x0022,0x0021,0x0021,0x0021,0x0021,0x0021,0x0021,0x0022,0x0022,0x0022,0x0022,0x0022,0x0022,0x0022,0x0022,
0x0022,0x0042,0x0022,0x0022,0x0042,0x0042,0x0042,0x0042,0x0022,0x0042,0x0042,0x0042,0x0042,0x0042,0x0043,0x0042,
0x0042,0x0043,0x0063,0x0063,0x0063,0x0063,0x0043,0x0043,0x0043,0x0042,0x0043,0x0043,0x0043,0x0043,0x0043,0x0063,
0x0064,0x0064,0x0063,0x0063,0x0063,0x0063,0x0064,0x0064,0x0063,0x0063,0x0063,0x0063,0x0064,0x0063,0x0063,0x0063,
0x0043,0x0063,0x0043,0x0043,0x0043,0x0063,0x0063,0x0063,0x0063,0x0064,0x0063,0x0063,0x0084,0x0084,0x0063,0x0063,
0x0063,0x0063,0x0084,0x08A5,0x08A6,0x08A5,0x08C6,0x08C6,0x08C6,0x08C6,0x08A5,0x0064,0x0084,0x0084,0x0885,0x0084,
0x0064,0x0084,0x0084,0x0084,0x0084,0x0084,0x0063,0x0063,0x0064,0x0063,0x0084,0x08A5,0x08C6,0x08E7,0x08E7,0x08C6,
0x0885,0x08A5,0x08E7,0x08C6,0x08C6,0x08E7,0x1108,0x08E7,0x08C6,0x08C6,0x0884,0x08A5,0x08C6,0x08C5,0x08C6,0x1128,
0x1108,0x0063,0x0884,0x0042,0x0022,0x0042,0x0084,0x08E6,0x1149,0x0907,0x08A5,0x08A5,0x08A5,0x0084,0x0042,0x0042,
0x08A5,0x0908,0x11AC,0x11AC,0x1129,0x0908,0x0907,0x08C6,0x08C6,0x08A5,0x08A5,0x08E7,0x0908,0x08E7,0x0908,0x08C6,
0x08C6,0x08A5,0x08A5,0x08A5,0x08A4,0x08A5,0x08E6,0x08C6,0x08A5,0x08A5,0x08A5,0x08C5,0x08A5,0x0884,0x0063,0x0063,
0x0063,0x0083,0x0884,0x08A5,0x0063,0x0084,0x0884,0x0083,0x0063,0x0063,0x08A5,0x08E7,0x08E7,0x08E7,0x08C6,0x08C6,
0x0907,0x1129,0x1129,0x1108,0x1108,0x08E7,0x0884,0x0884,0x08C6,0x08A5,0x08A5,0x08A5,0x08C5,0x08E7,0x1128,0x1149,
0x1149,0x1108,0x08E7,0x10E7,0x1149,0x1149,0x1149,0x1128,0x08E7,0x08C6,0x1108,0x1128,0x08E6,0x08A5,0x08E6,0x1107,
0x10E7,0x10E6,0x1107,0x1107,0x1107,0x1148,0x1149,0x1107,0x08A5,0x0884,0x0884,0x08C5,0x08C5,0x08A4,0x0883,0x08A5,
0x10E6,0x1107,0x1107,0x08C6,0x08A5,0x08C5,0x08E6,0x08E6,0x08A5,0x08A5,0x08A4,0x0884,0x0884,0x08A4,0x08A5,0x08C6,
0x08E7,0x0907,0x08C6,0x08C6,0x10E7,0x1107,0x08E7,0x08A5,0x0884,0x0884,0x0083,0x0063,0x0063,0x08E6,0x1128,0x1129,
0x114A,0x114A,0x0907,0x1108,0x1129,0x08E7,0x08C6,0x08A5,0x08C6,0x08A5,0x08A5,0x08A5,0x08A5,0x08C6,0x08E6,0x08C6,
0x08C6,0x0907,0x1128,0x08E6,0x08A5,0x08A5,0x0885,0x0884,0x0884,0x0084,0x08A4,0x08A5,0x08C6,0x08C6,0x08A5,0x08A5,
0x08A5,0x0084,0x0064,0x0084,0x08A5,0x08C6,0x0908,0x1129,0x1108,0x08E6,0x08C6,0x1107,0x1129,0x08E7,0x1129,0x116A,
0x1149,0x1149,0x1107,0x08C6,0x08C6,0x08A5,0x08C6,0x08C5,0x08A5,0x0084,0x0043,0x0022,0x0042,0x0042,0x0063,0x0063,
0x0063,0x0084,0x0042,0x0042,0x0042,0x0063,0x0884,0x0884,0x0063,0x0084,0x08E8,0x114A,0x0908,0x08C6,0x08E7,0x08A5,
0x0063,0x0084,0x0884,0x0884,0x0084,0x0064,0x0063,0x0043,0x0063,0x0084,0x0084,0x08A5,0x08A5,0x08E7,0x1108,0x08C6,
0x1128,0x116A,0x1149,0x1149,0x08E7,0x08C6,0x1149,0x1149,0x1107,0x0063,0x0063,0x0042,0x0084,0x08C6,0x198A,0x198B,
0x1108,0x08C6,0x08E6,0x08A5,0x0084,0x0063,0x0063,0x0063,0x0063,0x0063,0x0084,0x0063,0x0063,0x0063,0x0084,0x0084,
0x0884,0x0063,0x0884,0x0884,0x08A5,0x08A5,0x0084,0x0084,0x0084,0x0064,0x0063,0x0063,0x0043,0x0043,0x0042,0x0063,
0x0084,0x0084,0x0063,0x0063,0x0043,0x0042,0x0042,0x0043,0x0063,0x0063,0x0063,0x0063,0x0063,0x0043,0x0043,0x0043,
0x0043,0x0043,0x0043,0x0043,0x0042,0x0042,0x0043,0x0043,0x0043,0x0042,0x0022,0x0022,0x0022,0x0022,0x0022,0x0022,
0x0022,0x0022,0x0022,0x0022,0x0022,0x0022,0x0022,0x0022,0x0022,0x0022,0x0022,0x0022,0x0021,0x0021,0x0021,0x0021,
0x0022,0x0022,0x0022,0x0021,0x0022,0x0022,0x0022,0x0022,0x0022,0x0021,0x0021,0x0021,0x0021,0x0021,0x0021,0x0021,
0x0021,0x0021,0x0021,0x0021,0x0021,0x0021,0x0021,0x0021,0x0021,0x0021,0x0021,0x0021,0x0021,0x0021,0x0021,0x0021,
},
{0x0021,0x0021,0x0021,0x0021,0x0021,0x0021,0x0021,0x0021,0x0021,0x0021,0x0021,0x0021,0x0021,0x0021,0x0021,0x0021,
0x0021,0x0022,0x0021,0x0021,0x0021,0x0021,0x0021,0x0021,0x0021,0x0021,0x0022,0x0022,0x0022,0x0022,0x0022,0x0022,
0x0022,0x0022,0x0022,0x0022,0x0022,0x0022,0x0042,0x0042,0x0042,0x0022,0x0022,0x0042,0x0042,0x0042,0x0043,0x0043,
0x0043,0x0063,0x0063,0x0063,0x0063,0x0043,0x0042,0x0043,0x0043,0x0042,0x0043,0x0084,0x0063,0x0043,0x0043,0x0043,
0x0064,0x0084,0x0063,0x0063,0x0064,0x0064,0x0063,0x0064,0x0063,0x0063,0x0063,0x0063,0x0064,0x0064,0x0063,0x0063,
0x0063,0x0043,0x0043,0x0042,0x0043,0x0063,0x0063,0x0063,0x0064,0x0064,0x0063,0x0063,0x0063,0x0063,0x0063,0x0063,
0x0063,0x0064,0x0084,0x08A5,0x08A5,0x0885,0x08A5,0x08A5,0x08C6,0x08C6,0x08A5,0x08A5,0x0084,0x0084,0x0084,0x0084,
0x0064,0x0063,0x0084,0x0084,0x0084,0x0084,0x0063,0x0063,0x0064,0x0064,0x0063,0x0084,0x0885,0x08A6,0x08C6,0x08A5,
0x08A5,0x08C6,0x08E7,0x08E7,0x0907,0x0907,0x08C6,0x0908,0x1129,0x08E7,0x0884,0x08A4,0x08C6,0x08E6,0x0884,0x08C6,
0x1107,0x0063,0x0884,0x0084,0x0042,0x0043,0x0063,0x0884,0x0907,0x1128,0x08A5,0x08A5,0x08A5,0x08C6,0x0884,0x0042,
0x0885,0x0909,0x11AC,0x19CD,0x114A,0x0929,0x1129,0x08E7,0x08E7,0x08E7,0x08C6,0x1129,0x08E7,0x08C6,0x08E7,0x08E7,
0x08E7,0x08C6,0x08A5,0x08A5,0x08A5,0x08A5,0x08C6,0x08C6,0x08A5,0x0884,0x08A5,0x08C5,0x08C5,0x08A5,0x0884,0x0063,
0x0063,0x0063,0x0063,0x0063,0x0063,0x0084,0x0884,0x0884,0x0063,0x0063,0x08A5,0x08C6,0x08E7,0x08E7,0x08E6,0x08C6,
0x08C6,0x08C6,0x0907,0x1108,0x08E7,0x1108,0x08E6,0x08C6,0x08E7,0x08C6,0x08A5,0x08A5,0x08A5,0x08E7,0x08E7,0x1108,
0x1108,0x08C6,0x08C5,0x08C5,0x08E7,0x1107,0x1107,0x1107,0x08E7,0x08A5,0x08C6,0x1107,0x08E7,0x08A5,0x08A5,0x08C6,
0x08E6,0x08C6,0x1107,0x10E7,0x08C5,0x10E6,0x1949,0x1969,0x1128,0x10E6,0x08C5,0x08C5,0x08C5,0x08A4,0x0063,0x0063,
0x08C5,0x1148,0x1969,0x1149,0x1107,0x08E6,0x10E7,0x10E7,0x08C6,0x08C5,0x08A5,0x08A5,0x0884,0x0083,0x08A5,0x08C6,
0x08C6,0x1107,0x1107,0x08E6,0x08C6,0x08E6,0x1107,0x10E7,0x0884,0x0084,0x0063,0x0063,0x0884,0x08C6,0x1108,0x1108,
0x1149,0x1149,0x1108,0x0907,0x0908,0x08C6,0x08A5,0x08A5,0x08A5,0x0884,0x0884,0x08A5,0x08A5,0x08C6,0x08E6,0x08C6,
0x08C6,0x08E7,0x08E7,0x08E6,0x08C6,0x08A5,0x08A5,0x0884,0x0084,0x0063,0x0063,0x0084,0x0884,0x08A5,0x08A5,0x08A5,
0x08A5,0x0884,0x0084,0x0084,0x0884,0x08A5,0x08C5,0x08C5,0x0884,0x0063,0x0884,0x08A5,0x08C6,0x08E7,0x08E7,0x08E7,
0x08E7,0x08C6,0x08C5,0x0884,0x0884,0x0884,0x08A5,0x08E6,0x08A5,0x0063,0x0042,0x0022,0x0022,0x0042,0x0042,0x0042,
0x0042,0x0042,0x0042,0x0042,0x0063,0x0063,0x08A5,0x0084,0x0063,0x0064,0x08C6,0x116B,0x116A,0x114A,0x0908,0x08E7,
0x08C6,0x08E6,0x08A5,0x0885,0x0084,0x0063,0x0043,0x0043,0x0043,0x0063,0x0084,0x08A5,0x08C6,0x08C6,0x08C6,0x08C5,
0x08E7,0x1128,0x08E6,0x08A5,0x0884,0x0884,0x08C6,0x08A5,0x0063,0x0063,0x0063,0x0063,0x0084,0x0884,0x08C6,0x08A5,
0x0884,0x0884,0x0884,0x0884,0x0884,0x0084,0x0084,0x0084,0x0063,0x0063,0x0084,0x0063,0x0063,0x0063,0x0064,0x0063,
0x0043,0x0063,0x0063,0x08A5,0x08C5,0x08A5,0x0884,0x0084,0x0063,0x0063,0x0063,0x0043,0x0043,0x0043,0x0063,0x0063,
0x0064,0x0084,0x0063,0x0063,0x0043,0x0042,0x0042,0x0063,0x0064,0x0063,0x0063,0x0063,0x0063,0x0043,0x0063,0x0063,
0x0063,0x0043,0x0043,0x0043,0x0043,0x0043,0x0043,0x0063,0x0043,0x0042,0x0042,0x0022,0x0022,0x0022,0x0022,0x0022,
0x0022,0x0022,0x0022,0x0022,0x0022,0x0022,0x0022,0x0022,0x0022,0x0022,0x0022,0x0022,0x0022,0x0022,0x0021,0x0021,
0x0022,0x0022,0x0022,0x0022,0x0022,0x0022,0x0022,0x0022,0x0022,0x0022,0x0021,0x0021,0x0021,0x0021,0x0021,0x0021,
0x0021,0x0021,0x0021,0x0021,0x0021,0x0021,0x0021,0x0021,0x0021,0x0021,0x0021,0x0021,0x0021,0x0021,0x0021,0x0021,
},
{0x0021,0x0021,0x0021,0x0021,0x0021,0x0021,0x0021,0x0021,0x0021,0x0021,0x0021,0x0021,0x0021,0x0021,0x0021,0x0021,
0x0021,0x0021,0x0021,0x0021,0x0021,0x0021,0x0021,0x0021,0x0021,0x0021,0x0021,0x0021,0x0022,0x0022,0x0022,0x0022,
0x0022,0x0042,0x0022,0x0022,0x0022,0x0022,0x0022,0x0022,0x0042,0x0042,0x0042,0x0042,0x0042,0x0042,0x0043,0x0043,
0x0043,0x0064,0x0064,0x0064,0x0064,0x0043,0x0042,0x0042,0x0042,0x0043,0x0042,0x0063,0x0063,0x0063,0x0063,0x0043,
0x0064,0x0063,0x0063,0x0063,0x0064,0x0084,0x0064,0x0064,0x0064,0x0063,0x0064,0x0064,0x0064,0x0063,0x0063,0x0064,
0x0063,0x0043,0x0043,0x0042,0x0043,0x0063,0x0064,0x0063,0x0084,0x0084,0x0063,0x0063,0x0043,0x0042,0x0042,0x0063,
0x0063,0x0064,0x0084,0x08A5,0x0885,0x0084,0x0084,0x0084,0x08A5,0x0884,0x0084,0x08A5,0x08A5,0x0084,0x0084,0x0084,
0x0084,0x0064,0x0064,0x0064,0x0084,0x0084,0x0063,0x0063,0x0084,0x0084,0x0084,0x0063,0x0063,0x0084,0x08A5,0x08A5,
0x08A5,0x08C6,0x08C6,0x08E7,0x1129,0x116A,0x116B,0x198B,0x198B,0x08C6,0x0884,0x0884,0x08A5,0x08E6,0x08A5,0x0884,
0x0083,0x0063,0x0884,0x0884,0x0884,0x0084,0x0063,0x0043,0x08A4,0x08A5,0x0884,0x08A5,0x08A5,0x08C6,0x0884,0x0063,
0x0885,0x08C6,0x1129,0x114A,0x114A,0x116B,0x0908,0x08C6,0x08C6,0x0908,0x0928,0x0929,0x0929,0x08E8,0x08A5,0x0885,
0x08C6,0x08E7,0x08C7,0x08E7,0x08C6,0x08C6,0x08C6,0x08A5,0x0884,0x0884,0x0884,0x08A5,0x08A5,0x08A5,0x08A5,0x0063,
0x0063,0x0063,0x0043,0x0042,0x0043,0x0063,0x0063,0x0084,0x0084,0x0884,0x08A5,0x08A5,0x0884,0x08A5,0x08C6,0x08C6,
0x08A6,0x08C6,0x08E7,0x08E7,0x08C6,0x0907,0x1129,0x1108,0x08E7,0x08E7,0x08C6,0x08A5,0x08A5,0x1108,0x116A,0x1108,
0x08C6,0x08C6,0x08C5,0x08A5,0x08C6,0x08E7,0x10E7,0x1108,0x1128,0x1107,0x08E7,0x08E7,0x08E7,0x08C6,0x08C6,0x08C6,
0x08C6,0x08A5,0x08C6,0x08E7,0x08C6,0x08C5,0x1107,0x1149,0x198B,0x196A,0x1949,0x1107,0x08C5,0x0884,0x0063,0x0063,
0x0884,0x08E6,0x1969,0x19AB,0x1149,0x1107,0x1107,0x10E7,0x10E7,0x08C6,0x08A5,0x08A5,0x08C5,0x08A5,0x08A4,0x08A5,
0x08A5,0x08A5,0x08C5,0x08A5,0x08A5,0x08A5,0x08A5,0x08C6,0x08C6,0x08C6,0x08C6,0x0884,0x0084,0x0884,0x08C6,0x08C6,
0x08E7,0x1107,0x08E7,0x08C6,0x08A5,0x08A5,0x08A5,0x08A5,0x08A5,0x0884,0x0084,0x0884,0x08A5,0x08A5,0x08A5,0x08C6,
0x08C6,0x08C6,0x08C6,0x08A5,0x08A5,0x08A5,0x08A5,0x08A5,0x0084,0x0063,0x0063,0x0063,0x0084,0x08A5,0x08C6,0x08A5,
0x0884,0x0084,0x0084,0x0884,0x08A5,0x08C6,0x08C5,0x0884,0x0063,0x0063,0x0063,0x0084,0x08A4,0x08A5,0x08A5,0x0884,
0x0884,0x0884,0x0884,0x0063,0x0063,0x0884,0x0063,0x0063,0x0043,0x0042,0x0022,0x0042,0x0042,0x0042,0x0042,0x0042,
0x0042,0x0022,0x0042,0x0063,0x0084,0x08C6,0x0908,0x0929,0x0908,0x1129,0x1129,0x1129,0x1129,0x118B,0x0908,0x08C6,
0x08C6,0x08C6,0x08A5,0x0084,0x0042,0x0042,0x0042,0x0063,0x0063,0x0063,0x0064,0x0084,0x0084,0x0884,0x0084,0x0884,
0x0884,0x0063,0x0063,0x0063,0x0063,0x08A5,0x08E7,0x08A5,0x08A5,0x08C5,0x08A5,0x08A5,0x08A5,0x08A5,0x08A5,0x08A5,
0x08A5,0x0884,0x08A5,0x08A5,0x0884,0x0884,0x0884,0x0884,0x0063,0x0042,0x0063,0x0084,0x0884,0x0084,0x0064,0x0064,
0x0084,0x0084,0x0084,0x0884,0x0884,0x0063,0x0063,0x0063,0x0043,0x0043,0x0042,0x0043,0x0043,0x0043,0x0063,0x0063,
0x0043,0x0043,0x0063,0x0063,0x0043,0x0043,0x0043,0x0063,0x0063,0x0063,0x0063,0x0063,0x0063,0x0063,0x0063,0x0084,
0x0084,0x0063,0x0064,0x0063,0x0063,0x0043,0x0043,0x0042,0x0042,0x0042,0x0042,0x0022,0x0022,0x0042,0x0042,0x0022,
0x0022,0x0022,0x0022,0x0022,0x0022,0x0022,0x0022,0x0022,0x0022,0x0022,0x0022,0x0022,0x0022,0x0022,0x0022,0x0021,
0x0021,0x0022,0x0022,0x0022,0x0022,0x0022,0x0022,0x0022,0x0022,0x0022,0x0021,0x0022,0x0021,0x0021,0x0021,0x0021,
0x0021,0x0021,0x0021,0x0021,0x0021,0x0021,0x0021,0x0021,0x0021,0x0021,0x0021,0x0021,0x0021,0x0021,0x0021,0x0021,
},
{0x0021,0x0021,0x0021,0x0021,0x0021,0x0021,0x0021,0x0021,0x0021,0x0021,0x0021,0x0021,0x0021,0x0021,0x0021,0x0021,
0x0021,0x0021,0x0021,0x0021,0x0021,0x0021,0x0021,0x0021,0x0021,0x0021,0x0021,0x0021,0x0021,0x0022,0x0022,0x0022,
0x0022,0x0022,0x0022,0x0022,0x0022,0x0022,0x0042,0x0022,0x0022,0x0042,0x0042,0x0043,0x0043,0x0042,0x0042,0x0043,
0x0043,0x0063,0x0064,0x0064,0x0063,0x0043,0x0043,0x0042,0x0042,0x0043,0x0043,0x0064,0x0064,0x0064,0x0084,0x0043,
0x0042,0x0042,0x0043,0x0063,0x0043,0x0063,0x0063,0x0064,0x0063,0x0063,0x0063,0x0063,0x0063,0x0043,0x0063,0x0064,
0x0064,0x0063,0x0043,0x0043,0x0063,0x0063,0x0063,0x0063,0x0064,0x0063,0x0064,0x0063,0x0043,0x0042,0x0042,0x0043,
0x0063,0x0084,0x0084,0x0084,0x08A5,0x0084,0x0064,0x0063,0x0064,0x0084,0x0084,0x0064,0x0064,0x0084,0x0064,0x0064,
0x0084,0x0084,0x0063,0x0064,0x0085,0x0084,0x0064,0x0064,0x0064,0x0084,0x0084,0x0063,0x0063,0x0084,0x0884,0x0884,
0x08A5,0x08C6,0x08E6,0x1128,0x116A,0x1149,0x198B,0x19AC,0x19AC,0x0907,0x0064,0x0084,0x08A5,0x08A5,0x08E6,0x08C6,
0x0043,0x0063,0x0884,0x08A5,0x0084,0x0063,0x0063,0x0063,0x0042,0x0042,0x0042,0x0063,0x0884,0x08C6,0x08A5,0x0885,
0x0084,0x0064,0x0064,0x08E7,0x11AC,0x1A0F,0x094A,0x08A6,0x08A6,0x08C6,0x08C6,0x08C7,0x0929,0x1129,0x0084,0x0084,
0x08A5,0x08E8,0x0929,0x1129,0x08E7,0x08E7,0x08C6,0x08A5,0x0884,0x0884,0x0884,0x0063,0x0084,0x08A4,0x08A5,0x0884,
0x0063,0x0063,0x0043,0x0042,0x0042,0x0063,0x0063,0x0063,0x0063,0x0884,0x08A5,0x08A5,0x0084,0x0884,0x08A5,0x08A6,
0x08C6,0x08C6,0x08E7,0x0908,0x08C6,0x08E7,0x1129,0x1108,0x08E7,0x08E7,0x08C6,0x08C6,0x08C5,0x08C6,0x1129,0x1108,
0x08C6,0x08C6,0x08C6,0x08C6,0x08E6,0x08E7,0x08E7,0x0907,0x1108,0x1108,0x1108,0x1108,0x1108,0x0907,0x08E7,0x08E7,
0x08E6,0x08A5,0x08A5,0x08E6,0x08E7,0x1107,0x08E7,0x08E6,0x1108,0x196A,0x198A,0x1149,0x1107,0x10E6,0x08E6,0x0884,
0x0863,0x08A4,0x08C6,0x1128,0x19AB,0x198A,0x1107,0x10E7,0x08E6,0x08C6,0x08C6,0x08C5,0x08C6,0x08E7,0x08C5,0x0063,
0x0043,0x0063,0x0043,0x0063,0x0063,0x0063,0x0083,0x0884,0x0884,0x08A5,0x08C6,0x08A4,0x0884,0x0884,0x08A5,0x08A5,
0x08A4,0x0884,0x08A5,0x08A5,0x08C5,0x08A5,0x08A5,0x08A5,0x08A5,0x0884,0x0884,0x0884,0x0884,0x08A5,0x08A5,0x08A5,
0x08A5,0x08A5,0x08C6,0x08A6,0x08A5,0x08A5,0x0884,0x0884,0x08A5,0x08A5,0x08A5,0x0884,0x0084,0x08A5,0x08C6,0x08C6,
0x0884,0x0884,0x0884,0x0884,0x08A5,0x08E7,0x08C6,0x08A5,0x0884,0x0084,0x0084,0x08A5,0x08E6,0x08E7,0x08C6,0x08A5,
0x0084,0x08C6,0x08A5,0x08A5,0x0884,0x0063,0x0063,0x0043,0x0042,0x0042,0x0063,0x0084,0x0063,0x0063,0x0063,0x0063,
0x0042,0x0022,0x0022,0x0043,0x0063,0x0084,0x08A6,0x08E7,0x0908,0x0908,0x08C6,0x08A5,0x08A5,0x0063,0x0042,0x0063,
0x0063,0x0063,0x0063,0x0064,0x0042,0x0042,0x0064,0x0084,0x08A5,0x0885,0x0084,0x0084,0x0085,0x08A6,0x08A5,0x08A4,
0x08A5,0x0063,0x08A5,0x08A5,0x0884,0x08E7,0x1128,0x1108,0x08E7,0x08C6,0x08A5,0x08A5,0x08C6,0x08C6,0x08E6,0x08C6,
0x08C6,0x08C6,0x08E6,0x08E6,0x08C5,0x08A5,0x08A5,0x08A5,0x0884,0x0084,0x0063,0x0063,0x0084,0x0084,0x0084,0x0084,
0x0885,0x08C6,0x08C6,0x0884,0x0063,0x0043,0x0043,0x0043,0x0042,0x0042,0x0042,0x0042,0x0043,0x0042,0x0043,0x0042,
0x0042,0x0042,0x0042,0x0043,0x0043,0x0063,0x0063,0x0063,0x0043,0x0043,0x0043,0x0043,0x0063,0x0063,0x0063,0x0064,
0x0063,0x0063,0x0063,0x0063,0x0063,0x0043,0x0042,0x0042,0x0042,0x0042,0x0042,0x0022,0x0042,0x0042,0x0043,0x0042,
0x0022,0x0022,0x0022,0x0022,0x0022,0x0022,0x0022,0x0022,0x0022,0x0022,0x0022,0x0022,0x0022,0x0022,0x0022,0x0021,
0x0022,0x0022,0x0022,0x0022,0x0021,0x0021,0x0022,0x0022,0x0021,0x0021,0x0021,0x0021,0x0021,0x0021,0x0021,0x0021,
0x0021,0x0021,0x0021,0x0021,0x0021,0x0021,0x0021,0x0021,0x0021,0x0021,0x0021,0x0021,0x0021,0x0021,0x0021,0x0021,
},
{0x0021,0x0021,0x0021,0x0021,0x0021,0x0021,0x0021,0x0021,0x0021,0x0021,0x0021,0x0021,0x0021,0x0021,0x0021,0x0021,
0x0021,0x0021,0x0021,0x0021,0x0021,0x0021,0x0021,0x0021,0x0021,0x0021,0x0021,0x0021,0x0021,0x0022,0x0022,0x0022,
0x0022,0x0022,0x0022,0x0022,0x0022,0x0042,0x0042,0x0042,0x0042,0x0042,0x0022,0x0042,0x0042,0x0042,0x0042,0x0042,
0x0042,0x0063,0x0063,0x0063,0x0043,0x0043,0x0043,0x0043,0x0043,0x0043,0x0043,0x0063,0x0064,0x0043,0x0084,0x0084,
0x0043,0x0042,0x0043,0x0063,0x0063,0x0063,0x0063,0x0063,0x0063,0x0043,0x0043,0x0043,0x0043,0x0043,0x0043,0x0063,
0x0064,0x0063,0x0043,0x0063,0x0064,0x0064,0x0063,0x0063,0x0063,0x0063,0x0063,0x0063,0x0043,0x0043,0x0063,0x0063,
0x0064,0x0064,0x0063,0x0084,0x0084,0x0885,0x0084,0x0064,0x0064,0x0084,0x0064,0x0064,0x0063,0x0084,0x0084,0x0063,
0x0063,0x0064,0x0064,0x0084,0x00A6,0x0084,0x0084,0x0084,0x0064,0x0064,0x0084,0x0084,0x0064,0x0064,0x0084,0x08A5,
0x08A5,0x08A5,0x08E7,0x114A,0x116A,0x1128,0x116A,0x198B,0x198B,0x08E7,0x0084,0x0084,0x08E7,0x0907,0x1149,0x08E7,
0x0084,0x0063,0x0884,0x0884,0x0063,0x0043,0x0063,0x0063,0x0042,0x0042,0x0042,0x0043,0x0084,0x08C6,0x08C6,0x0084,
0x0063,0x0063,0x0063,0x0063,0x114A,0x2270,0x11EF,0x092A,0x08E8,0x08C7,0x00A6,0x08C6,0x08E8,0x0908,0x08A5,0x0885,
0x0884,0x08A6,0x08A6,0x08A5,0x0084,0x08C6,0x08E7,0x08C6,0x0884,0x0884,0x0084,0x0063,0x0063,0x0084,0x0884,0x0884,
0x0084,0x0063,0x0042,0x0042,0x0042,0x0042,0x0042,0x0042,0x0063,0x08A5,0x08A5,0x08A4,0x0884,0x0084,0x0884,0x0885,
0x08A5,0x08A6,0x08E7,0x0907,0x08C6,0x08C6,0x0907,0x1108,0x08C6,0x08E7,0x08E7,0x08C6,0x08C5,0x08A5,0x08C6,0x08C6,
0x08C6,0x08A5,0x08C6,0x08C6,0x08C6,0x08C6,0x08C6,0x08A5,0x08C5,0x08C6,0x08E7,0x08E7,0x0908,0x1108,0x08E7,0x08E6,
0x08E7,0x08E7,0x08E7,0x1107,0x1108,0x1107,0x08E6,0x08C6,0x08C6,0x10E7,0x1148,0x1149,0x1148,0x1149,0x198B,0x1148,
0x0884,0x0884,0x08A4,0x08C5,0x1107,0x1128,0x1969,0x1107,0x08C6,0x08C6,0x08E6,0x1107,0x1107,0x1107,0x1128,0x08C5,
0x0063,0x0063,0x0063,0x0063,0x0063,0x0083,0x0883,0x0063,0x0063,0x0063,0x0083,0x0063,0x0063,0x0884,0x08A4,0x0884,
0x0884,0x0883,0x08A5,0x08A5,0x08A5,0x08A5,0x08A5,0x08A5,0x08C6,0x08C6,0x08A5,0x0063,0x0084,0x0884,0x08A5,0x08A6,
0x08A5,0x08A5,0x08A6,0x08A6,0x0885,0x0084,0x0084,0x0884,0x08A5,0x08A5,0x08C6,0x08C6,0x08A5,0x08A5,0x08C6,0x08C6,
0x08A5,0x08A5,0x08A4,0x08A5,0x08C6,0x08E7,0x08E7,0x08A5,0x08A5,0x0884,0x08A5,0x08C6,0x08A5,0x08A5,0x08C6,0x08C6,
0x08C6,0x1107,0x1107,0x08E7,0x08E7,0x08C5,0x08A5,0x0064,0x0042,0x0043,0x0084,0x0884,0x08A5,0x0884,0x0063,0x0063,
0x0042,0x0022,0x0022,0x0042,0x0063,0x0043,0x0063,0x0084,0x08C6,0x08A5,0x0084,0x0063,0x0063,0x0043,0x0042,0x0042,
0x0063,0x0063,0x0043,0x0043,0x0063,0x0084,0x08A5,0x08C6,0x08E7,0x08C6,0x0884,0x0084,0x0885,0x08C6,0x08E6,0x08E6,
0x08E6,0x0884,0x08A5,0x08C6,0x08C5,0x08A5,0x08C6,0x08E6,0x08C6,0x0884,0x0084,0x0884,0x08C6,0x08E7,0x08C6,0x08C6,
0x08C6,0x08C6,0x08E6,0x08E6,0x08C6,0x08A5,0x0884,0x08A4,0x08A5,0x0885,0x0084,0x0063,0x0063,0x0084,0x0063,0x0063,
0x0084,0x08A5,0x08C6,0x08A5,0x0084,0x0043,0x0042,0x0043,0x0042,0x0042,0x0042,0x0042,0x0043,0x0043,0x0042,0x0042,
0x0042,0x0042,0x0042,0x0043,0x0043,0x0043,0x0043,0x0043,0x0043,0x0043,0x0043,0x0043,0x0063,0x0063,0x0064,0x0084,
0x0064,0x0063,0x0063,0x0063,0x0043,0x0043,0x0043,0x0043,0x0042,0x0042,0x0042,0x0042,0x0042,0x0042,0x0043,0x0063,
0x0042,0x0042,0x0022,0x0022,0x0022,0x0022,0x0022,0x0022,0x0022,0x0022,0x0022,0x0021,0x0022,0x0022,0x0022,0x0022,
0x0021,0x0021,0x0022,0x0022,0x0021,0x0021,0x0021,0x0022,0x0022,0x0021,0x0021,0x0021,0x0021,0x0021,0x0021,0x0021,
0x0021,0x0021,0x0021,0x0021,0x0021,0x0021,0x0021,0x0021,0x0021,0x0021,0x0021,0x0021,0x0021,0x0021,0x0021,0x0021,
},
{0x0021,0x0021,0x0021,0x0021,0x0021,0x0021,0x0021,0x0021,0x0021,0x0021,0x0021,0x0021,0x0021,0x0021,0x0021,0x0021,
0x0021,0x0021,0x0021,0x0021,0x0021,0x0021,0x0021,0x0021,0x0021,0x0021,0x0021,0x0021,0x0021,0x0021,0x0022,0x0022,
0x0022,0x0022,0x0022,0x0022,0x0042,0x0042,0x0042,0x0022,0x0022,0x0022,0x0022,0x0022,0x0042,0x0042,0x0042,0x0042,
0x0042,0x0043,0x0043,0x0042,0x0043,0x0063,0x0063,0x0063,0x0063,0x0043,0x0042,0x0042,0x0063,0x0043,0x0043,0x0063,
0x0063,0x0043,0x0043,0x0043,0x0063,0x0063,0x0063,0x0043,0x0043,0x0063,0x0043,0x0063,0x0063,0x0043,0x0043,0x0063,
0x0063,0x0063,0x0043,0x0063,0x0064,0x0064,0x0063,0x0063,0x0063,0x0063,0x0063,0x0063,0x0043,0x0043,0x0063,0x0064,
0x0084,0x0063,0x0063,0x0063,0x0084,0x0885,0x0084,0x0063,0x0064,0x0064,0x0063,0x0064,0x0064,0x0084,0x0084,0x0063,
0x0064,0x0084,0x0084,0x08A5,0x08A5,0x0084,0x0064,0x0064,0x0064,0x0063,0x0084,0x0084,0x08A5,0x08A5,0x08A5,0x0885,
0x08A5,0x08C6,0x08C6,0x08E7,0x116A,0x1129,0x1129,0x114A,0x116A,0x116A,0x08E7,0x08C5,0x08C6,0x1129,0x116B,0x118B,
0x08C6,0x0884,0x0884,0x0063,0x0063,0x0063,0x0063,0x0063,0x0063,0x0042,0x0042,0x0063,0x0063,0x0084,0x08C6,0x0084,
0x0063,0x0084,0x0884,0x08A5,0x0908,0x0929,0x116B,0x0908,0x0085,0x0084,0x0063,0x08A5,0x0908,0x0929,0x08E7,0x08C6,
0x08C7,0x08A5,0x0084,0x0063,0x0063,0x0084,0x0884,0x08A5,0x0084,0x0063,0x0064,0x0063,0x0063,0x0084,0x0884,0x0884,
0x08A5,0x0884,0x0042,0x0022,0x0022,0x0042,0x0042,0x0042,0x0042,0x0884,0x08C5,0x0884,0x0884,0x0084,0x0884,0x08A5,
0x08C5,0x08A5,0x08A5,0x08C6,0x08C6,0x08C6,0x08E7,0x08E6,0x08C5,0x08C6,0x08C6,0x08C6,0x08C6,0x08A5,0x08A5,0x08A5,
0x08C6,0x08A5,0x08A5,0x08A5,0x08A5,0x08A5,0x08C5,0x08A5,0x08A5,0x08C6,0x08C6,0x08E6,0x08E7,0x0908,0x0907,0x08E7,
0x0907,0x0907,0x08E7,0x0907,0x1128,0x1107,0x08E7,0x08C6,0x08C5,0x08C5,0x08E7,0x1148,0x1149,0x1169,0x19AC,0x19CC,
0x1107,0x08C5,0x08A4,0x08A4,0x08A5,0x08C5,0x1107,0x19AB,0x1149,0x1107,0x10E7,0x1107,0x1148,0x1128,0x08C6,0x08A4,
0x08A4,0x0884,0x0884,0x08A4,0x08A5,0x08A4,0x0884,0x0884,0x0063,0x0063,0x0063,0x0063,0x0063,0x0063,0x0063,0x0063,
0x08A5,0x08A5,0x08A4,0x0884,0x08A5,0x08A5,0x0084,0x08A5,0x08E7,0x08E7,0x08A5,0x0884,0x0884,0x08A5,0x0884,0x0084,
0x0084,0x0084,0x0063,0x0084,0x0084,0x0084,0x0084,0x0884,0x08A5,0x08C6,0x08C6,0x08C6,0x08A5,0x08A5,0x08C6,0x08C5,
0x0884,0x0084,0x0884,0x0064,0x08A5,0x08E7,0x08C6,0x08A5,0x08A5,0x08C6,0x08A5,0x0884,0x0083,0x0042,0x0063,0x08C6,
0x08E6,0x10E7,0x1128,0x08E7,0x08A5,0x08A5,0x08A4,0x0063,0x0084,0x08A5,0x08A4,0x0063,0x0063,0x0043,0x0042,0x0042,
0x0042,0x0042,0x0042,0x0042,0x0042,0x0042,0x0042,0x0043,0x0063,0x0084,0x0084,0x0063,0x0043,0x0043,0x0042,0x0043,
0x0043,0x0043,0x0063,0x0063,0x0084,0x0084,0x08A5,0x0908,0x0908,0x08E7,0x08C6,0x08C6,0x08A5,0x0884,0x08A5,0x08E7,
0x1128,0x08C6,0x0884,0x0084,0x0084,0x0884,0x0063,0x08A5,0x08A5,0x08A5,0x08C6,0x08C6,0x08C6,0x08A5,0x08C6,0x08C6,
0x08C6,0x08C6,0x08C6,0x08C6,0x08C6,0x08A5,0x0884,0x0083,0x0063,0x0084,0x0063,0x0063,0x0063,0x0063,0x0063,0x0063,
0x0063,0x0043,0x0063,0x0084,0x0084,0x0064,0x0063,0x0063,0x0063,0x0063,0x0063,0x0063,0x0063,0x0063,0x0043,0x0043,
0x0042,0x0042,0x0042,0x0042,0x0042,0x0042,0x0042,0x0043,0x0043,0x0043,0x0043,0x0063,0x0063,0x0064,0x0064,0x0064,
0x0063,0x0063,0x0063,0x0063,0x0043,0x0043,0x0043,0x0043,0x0042,0x0042,0x0042,0x0042,0x0042,0x0042,0x0042,0x0042,
0x0042,0x0042,0x0022,0x0022,0x0022,0x0021,0x0021,0x0021,0x0021,0x0021,0x0021,0x0021,0x0021,0x0022,0x0022,0x0022,
0x0021,0x0021,0x0021,0x0021,0x0021,0x0021,0x0022,0x0022,0x0022,0x0021,0x0021,0x0022,0x0021,0x0021,0x0021,0x0021,
0x0021,0x0021,0x0021,0x0021,0x0021,0x0021,0x0021,0x0021,0x0021,0x0021,0x0021,0x0021,0x0021,0x0021,0x0021,0x0021,
},
{0x0021,0x0021,0x0021,0x0021,0x0021,0x0021,0x0021,0x0021,0x0021,0x0021,0x0021,0x0021,0x0021,0x0021,0x0021,0x0021,
0x0021,0x0021,0x0021,0x0021,0x0021,0x0021,0x0021,0x0021,0x0021,0x0021,0x0021,0x0021,0x0021,0x0021,0x0022,0x0022,
0x0022,0x0022,0x0022,0x0022,0x0022,0x0022,0x0022,0x0022,0x0022,0x0022,0x0022,0x0022,0x0042,0x0042,0x0042,0x0042,
0x0042,0x0043,0x0042,0x0042,0x0042,0x0043,0x0063,0x0063,0x0064,0x0064,0x0063,0x0063,0x0064,0x0064,0x0063,0x0042,
0x0043,0x0063,0x0042,0x0042,0x0043,0x0043,0x0042,0x0042,0x0043,0x0063,0x0063,0x0043,0x0043,0x0043,0x0063,0x0043,
0x0043,0x0042,0x0043,0x0043,0x0063,0x0064,0x0063,0x0063,0x0064,0x0063,0x0063,0x0063,0x0043,0x0042,0x0043,0x0063,
0x0063,0x0063,0x0043,0x0043,0x0063,0x0064,0x0063,0x0063,0x0063,0x0064,0x0063,0x0064,0x0084,0x0085,0x0085,0x0063,
0x0063,0x0064,0x0084,0x08A5,0x0085,0x0084,0x0084,0x0084,0x0063,0x0063,0x0084,0x0084,0x08A5,0x08A5,0x08A5,0x08A5,
0x08A5,0x08C6,0x08A5,0x08E6,0x1107,0x1129,0x1149,0x114A,0x114A,0x1149,0x1128,0x1108,0x1108,0x1128,0x1129,0x116A,
0x1149,0x0884,0x0063,0x0042,0x0884,0x08E6,0x0907,0x08C6,0x08A5,0x0084,0x0063,0x0063,0x0043,0x0043,0x0885,0x08C6,
0x08E7,0x08E7,0x08E7,0x08E7,0x08E7,0x0929,0x114A,0x08A6,0x0084,0x0084,0x0084,0x0084,0x0084,0x08A5,0x08E7,0x0908,
0x094A,0x08E7,0x08C6,0x08A5,0x0084,0x0084,0x0084,0x0084,0x08A5,0x0885,0x0885,0x0064,0x0043,0x0043,0x0063,0x0884,
0x08A5,0x0884,0x0043,0x0022,0x0042,0x0042,0x0042,0x0042,0x0042,0x0063,0x0884,0x0884,0x08A5,0x0884,0x0084,0x08A5,
0x08C6,0x08A5,0x0885,0x08A5,0x08C6,0x08C6,0x08E7,0x08E7,0x08C6,0x08A5,0x08A5,0x08A5,0x08C6,0x08A5,0x0884,0x08A5,
0x08A5,0x08A5,0x08C6,0x08A5,0x0884,0x0884,0x08A5,0x0885,0x08A5,0x08C6,0x08C6,0x08E7,0x08E7,0x0907,0x0907,0x0908,
0x1128,0x1108,0x0907,0x08E7,0x1128,0x1107,0x1107,0x1107,0x08E7,0x08E6,0x1108,0x1128,0x1128,0x196A,0x198B,0x1149,
0x10E6,0x1107,0x10E6,0x10E7,0x10E6,0x1107,0x19AB,0x220E,0x19CC,0x1128,0x1107,0x10E6,0x1128,0x08E6,0x0884,0x0063,
0x08A5,0x08C5,0x08C5,0x10E6,0x1128,0x10E6,0x08E6,0x08E6,0x0884,0x0884,0x0884,0x0884,0x0063,0x0063,0x0063,0x0063,
0x0063,0x0063,0x0884,0x08A5,0x08C5,0x08E6,0x0084,0x0084,0x0063,0x0084,0x0884,0x0063,0x0884,0x0884,0x08A5,0x08A5,
0x08A5,0x08A5,0x0884,0x0884,0x0884,0x0884,0x08A5,0x0884,0x0884,0x08A5,0x08A5,0x08A4,0x0884,0x08A5,0x08C6,0x08C5,
0x0884,0x0084,0x0084,0x0063,0x0063,0x0884,0x08A5,0x0084,0x0063,0x0884,0x0884,0x0063,0x0063,0x0063,0x0063,0x0884,
0x08A5,0x0884,0x08A5,0x0084,0x0043,0x0063,0x0063,0x0063,0x08A5,0x0884,0x0042,0x0022,0x0022,0x0022,0x0022,0x0042,
0x0042,0x0043,0x0043,0x0042,0x0042,0x0022,0x0022,0x0022,0x0042,0x0042,0x0042,0x0042,0x0022,0x0022,0x0042,0x0084,
0x08A5,0x0084,0x0084,0x08C6,0x08C6,0x08E7,0x08E6,0x08C6,0x08E7,0x08E7,0x08C6,0x08C6,0x08E6,0x08A5,0x08A5,0x08E7,
0x0907,0x08C6,0x08A5,0x0884,0x0084,0x0084,0x0063,0x0063,0x0083,0x0884,0x08A5,0x08A5,0x08A5,0x0884,0x0884,0x0084,
0x0084,0x0884,0x0884,0x08A5,0x08A5,0x0885,0x0884,0x08A5,0x0084,0x0084,0x0063,0x0063,0x0084,0x0084,0x0084,0x0064,
0x0043,0x0042,0x0042,0x0043,0x0063,0x0063,0x0063,0x0063,0x0063,0x0063,0x0063,0x0063,0x0043,0x0042,0x0042,0x0042,
0x0042,0x0042,0x0042,0x0042,0x0042,0x0022,0x0042,0x0042,0x0042,0x0042,0x0043,0x0063,0x0064,0x0064,0x0064,0x0063,
0x0043,0x0043,0x0043,0x0043,0x0043,0x0043,0x0043,0x0043,0x0042,0x0042,0x0042,0x0042,0x0042,0x0042,0x0042,0x0022,
0x0022,0x0022,0x0022,0x0022,0x0022,0x0021,0x0021,0x0021,0x0021,0x0021,0x0021,0x0021,0x0021,0x0021,0x0022,0x0021,
0x0021,0x0021,0x0021,0x0021,0x0021,0x0022,0x0021,0x0021,0x0021,0x0021,0x0021,0x0021,0x0021,0x0021,0x0021,0x0021,
0x0021,0x0021,0x0021,0x0021,0x0021,0x0021,0x0021,0x0021,0x0021,0x0021,0x0021,0x0021,0x0021,0x0021,0x0021,0x0021,
},
{0x0021,0x0021,0x0021,0x0021,0x0021,0x0021,0x0021,0x0021,0x0021,0x0021,0x0021,0x0021,0x0021,0x0021,0x0021,0x0022,
0x0021,0x0021,0x0021,0x0021,0x0021,0x0021,0x0021,0x0021,0x0021,0x0021,0x0021,0x0021,0x0021,0x0021,0x0022,0x0022,
0x0022,0x0022,0x0022,0x0022,0x0022,0x0022,0x0022,0x0022,0x0022,0x0022,0x0022,0x0022,0x0042,0x0042,0x0042,0x0042,
0x0042,0x0042,0x0042,0x0022,0x0042,0x0043,0x0063,0x0063,0x0063,0x0063,0x0063,0x0063,0x0064,0x0063,0x0043,0x0022,
0x0042,0x0043,0x0042,0x0042,0x0042,0x0042,0x0042,0x0042,0x0043,0x0063,0x0043,0x0042,0x0043,0x0063,0x0063,0x0063,
0x0043,0x0043,0x0042,0x0043,0x0043,0x0063,0x0063,0x0063,0x0063,0x0043,0x0043,0x0043,0x0043,0x0042,0x0042,0x0043,
0x0043,0x0043,0x0043,0x0043,0x0043,0x0063,0x0063,0x0043,0x0063,0x0064,0x0063,0x0063,0x0063,0x0064,0x0064,0x0063,
0x0063,0x0063,0x0063,0x0064,0x0064,0x0084,0x0084,0x0084,0x0064,0x0063,0x0063,0x0084,0x0885,0x08A5,0x08C6,0x08C6,
0x0885,0x08A5,0x08A5,0x08C6,0x08E7,0x1149,0x114A,0x1129,0x1149,0x0908,0x08E7,0x1108,0x1128,0x1128,0x1129,0x1129,
0x0907,0x0084,0x0063,0x08C6,0x1108,0x1128,0x1129,0x0908,0x08C6,0x08A5,0x08A5,0x08A6,0x08A5,0x0084,0x0063,0x0884,
0x08E7,0x0929,0x08E8,0x08E7,0x1129,0x1129,0x0908,0x08E7,0x1129,0x08E8,0x00A5,0x0084,0x0063,0x0084,0x08C6,0x08E8,
0x114A,0x08E8,0x08A6,0x0885,0x0084,0x08A5,0x08A5,0x0084,0x0885,0x08A5,0x08A5,0x0085,0x0063,0x0042,0x0022,0x0042,
0x0063,0x0042,0x0042,0x0063,0x0042,0x0042,0x0042,0x0042,0x0042,0x0043,0x0063,0x0063,0x08A5,0x0084,0x0084,0x0084,
0x0885,0x0084,0x0064,0x0884,0x08A5,0x08A5,0x08C6,0x08C6,0x08C6,0x08C6,0x08C6,0x08A5,0x08A5,0x0885,0x0084,0x0884,
0x08A5,0x08A5,0x08C6,0x08C6,0x0084,0x0884,0x08A5,0x08A5,0x08A5,0x08C6,0x08C6,0x08C6,0x08E7,0x08C6,0x08C6,0x08C6,
0x08E7,0x08E7,0x0908,0x08E7,0x0908,0x0908,0x0907,0x1128,0x1149,0x1129,0x116A,0x19CC,0x1969,0x1107,0x08E6,0x08C6,
0x08C6,0x1128,0x1128,0x1149,0x1148,0x1128,0x198A,0x198B,0x19AB,0x198A,0x1107,0x08E6,0x08C5,0x08A5,0x1107,0x08E6,
0x08C5,0x08C5,0x08C6,0x10E6,0x1107,0x1149,0x1128,0x1128,0x1107,0x08C5,0x08C6,0x1107,0x08A5,0x0063,0x0063,0x0063,
0x0043,0x0063,0x0884,0x0884,0x0884,0x08C6,0x08C6,0x08A5,0x08A4,0x0063,0x0063,0x0042,0x0884,0x08A5,0x08C6,0x08C6,
0x08C6,0x08C6,0x08A5,0x08A4,0x0884,0x08A5,0x08E6,0x08E6,0x08E7,0x08C6,0x08C5,0x08C6,0x08A5,0x08A5,0x08C6,0x08E6,
0x08A5,0x0884,0x0063,0x0084,0x0063,0x0063,0x0063,0x0063,0x0043,0x0042,0x0063,0x0063,0x0884,0x0884,0x0884,0x08A5,
0x0084,0x0084,0x0043,0x0022,0x0042,0x0042,0x0042,0x0043,0x0063,0x0043,0x0042,0x0042,0x0042,0x0042,0x0042,0x0042,
0x0063,0x0063,0x0063,0x0042,0x0042,0x0022,0x0022,0x0022,0x0022,0x0022,0x0022,0x0022,0x0022,0x0042,0x0085,0x08C6,
0x0908,0x0928,0x1149,0x0908,0x0908,0x08E7,0x0084,0x0084,0x0085,0x08C6,0x08A6,0x08C6,0x08E7,0x08E7,0x08E7,0x08A5,
0x0063,0x0063,0x08A5,0x08C6,0x08A5,0x0884,0x0063,0x0063,0x0043,0x0063,0x0063,0x0084,0x0884,0x0063,0x0043,0x0042,
0x0042,0x0042,0x0042,0x0063,0x0884,0x08A5,0x08A5,0x08A5,0x0084,0x0063,0x0042,0x0042,0x0042,0x0043,0x0063,0x0063,
0x0063,0x0063,0x0043,0x0063,0x0063,0x0043,0x0063,0x0063,0x0063,0x0063,0x0043,0x0043,0x0042,0x0042,0x0042,0x0022,
0x0022,0x0022,0x0022,0x0022,0x0022,0x0022,0x0022,0x0042,0x0042,0x0042,0x0042,0x0043,0x0063,0x0063,0x0043,0x0043,
0x0043,0x0043,0x0043,0x0043,0x0043,0x0042,0x0043,0x0042,0x0042,0x0042,0x0042,0x0042,0x0042,0x0022,0x0022,0x0022,
0x0022,0x0022,0x0022,0x0022,0x0021,0x0021,0x0021,0x0021,0x0021,0x0021,0x0021,0x0021,0x0021,0x0021,0x0021,0x0021,
0x0021,0x0021,0x0021,0x0021,0x0021,0x0022,0x0021,0x0021,0x0021,0x0021,0x0021,0x0021,0x0021,0x0021,0x0021,0x0021,
0x0021,0x0021,0x0021,0x0021,0x0021,0x0021,0x0021,0x0021,0x0021,0x0021,0x0021,0x0021,0x0021,0x0021,0x0021,0x0021,
},
{0x0021,0x0021,0x0021,0x0021,0x0021,0x0021,0x0021,0x0021,0x0021,0x0021,0x0021,0x0021,0x0021,0x0021,0x0021,0x0021,
0x0021,0x0021,0x0021,0x0021,0x0021,0x0021,0x0021,0x0021,0x0021,0x0021,0x0021,0x0021,0x0021,0x0021,0x0022,0x0022,
0x0022,0x0022,0x0022,0x0022,0x0022,0x0022,0x0022,0x0022,0x0022,0x0022,0x0022,0x0042,0x0042,0x0042,0x0042,0x0042,
0x0042,0x0042,0x0022,0x0042,0x0042,0x0063,0x0043,0x0043,0x0043,0x0043,0x0043,0x0043,0x0063,0x0063,0x0043,0x0022,
0x0022,0x0042,0x0042,0x0022,0x0022,0x0042,0x0042,0x0042,0x0043,0x0063,0x0063,0x0043,0x0043,0x0064,0x0064,0x0063,
0x0043,0x0043,0x0043,0x0043,0x0063,0x0043,0x0043,0x0043,0x0063,0x0043,0x0043,0x0043,0x0043,0x0042,0x0042,0x0042,
0x0043,0x0042,0x0043,0x0043,0x0043,0x0043,0x0063,0x0043,0x0063,0x0063,0x0043,0x0043,0x0043,0x0043,0x0063,0x0043,
0x0043,0x0063,0x0063,0x0063,0x0063,0x0063,0x0063,0x0064,0x0084,0x0084,0x0084,0x0084,0x0084,0x0084,0x08C6,0x08C6,
0x08A5,0x08A6,0x08A5,0x0885,0x08C6,0x1108,0x1149,0x114A,0x1129,0x1128,0x08E7,0x08E7,0x08E7,0x0908,0x0908,0x114A,
0x08E7,0x0063,0x0064,0x08C6,0x08C6,0x08E7,0x08E7,0x08E7,0x0884,0x0064,0x08C6,0x08C6,0x08C6,0x08C6,0x0084,0x0064,
0x08C6,0x08C6,0x08E7,0x0908,0x0908,0x08C6,0x08E7,0x1129,0x114A,0x114A,0x0908,0x08C6,0x08A6,0x08C6,0x08E7,0x08E7,
0x0929,0x08E8,0x08A5,0x0084,0x0084,0x08A5,0x0085,0x0084,0x0084,0x0064,0x08A5,0x08A5,0x0084,0x0063,0x0042,0x0022,
0x0042,0x0022,0x0042,0x0042,0x0043,0x0042,0x0042,0x0042,0x0042,0x0042,0x0042,0x0063,0x0084,0x0085,0x0084,0x0064,
0x0084,0x0885,0x0084,0x0084,0x08A5,0x08C6,0x08A6,0x08A5,0x08A5,0x08A5,0x08C6,0x08C6,0x08A5,0x08A5,0x0084,0x0084,
0x0884,0x0884,0x08A5,0x08C6,0x08A5,0x0884,0x08A5,0x08A5,0x08A5,0x08C6,0x08A6,0x08A5,0x08C6,0x08C6,0x08A5,0x08A5,
0x08C6,0x0908,0x0908,0x08E7,0x0908,0x1128,0x08E7,0x08E7,0x0908,0x1128,0x118B,0x198B,0x1149,0x1107,0x08E6,0x08C6,
0x08C6,0x1148,0x198A,0x1128,0x1128,0x1149,0x196A,0x1149,0x1148,0x1149,0x1149,0x10E6,0x1107,0x198A,0x198A,0x198A,
0x1108,0x08E6,0x1107,0x10E7,0x196A,0x21ED,0x116A,0x1128,0x1108,0x08C6,0x08A5,0x08A5,0x0884,0x0083,0x0063,0x0063,
0x0063,0x0063,0x0084,0x0063,0x0063,0x0063,0x08A4,0x08A5,0x08C6,0x0884,0x0884,0x08A5,0x08E7,0x08E6,0x08E7,0x08C6,
0x08A5,0x08A5,0x0884,0x0063,0x0884,0x08E6,0x0907,0x08E6,0x08E6,0x08E6,0x08E7,0x08E7,0x08E7,0x08E6,0x08E7,0x08E7,
0x08A4,0x0063,0x0063,0x0884,0x0063,0x0042,0x0042,0x0063,0x0063,0x0063,0x0063,0x0063,0x0884,0x0884,0x08A4,0x08A5,
0x0884,0x0884,0x0084,0x0084,0x0063,0x0063,0x0063,0x0063,0x0042,0x0042,0x0042,0x0042,0x0042,0x0042,0x0042,0x0063,
0x0063,0x0063,0x0043,0x0042,0x0042,0x0042,0x0042,0x0042,0x0042,0x0042,0x0022,0x0022,0x0042,0x0064,0x08A5,0x08A5,
0x08E7,0x0908,0x08A6,0x0885,0x08A5,0x08C6,0x08C6,0x08E7,0x0908,0x08C6,0x0063,0x0063,0x0063,0x0064,0x08A5,0x0084,
0x0042,0x0043,0x0064,0x08A5,0x08C6,0x08A5,0x08A5,0x0884,0x0084,0x0063,0x0063,0x0043,0x0063,0x0042,0x0042,0x0042,
0x0042,0x0063,0x0063,0x0042,0x0063,0x0063,0x0084,0x0064,0x0063,0x0042,0x0022,0x0022,0x0022,0x0022,0x0042,0x0042,
0x0042,0x0042,0x0043,0x0063,0x0063,0x0063,0x0063,0x0063,0x0063,0x0063,0x0043,0x0042,0x0042,0x0042,0x0022,0x0022,
0x0022,0x0022,0x0022,0x0022,0x0022,0x0022,0x0022,0x0042,0x0042,0x0042,0x0042,0x0042,0x0042,0x0042,0x0042,0x0042,
0x0042,0x0042,0x0042,0x0042,0x0042,0x0042,0x0042,0x0022,0x0042,0x0042,0x0042,0x0022,0x0022,0x0022,0x0022,0x0022,
0x0042,0x0022,0x0022,0x0022,0x0022,0x0021,0x0021,0x0021,0x0021,0x0021,0x0021,0x0021,0x0021,0x0021,0x0021,0x0021,
0x0021,0x0021,0x0021,0x0021,0x0021,0x0022,0x0021,0x0021,0x0021,0x0021,0x0021,0x0021,0x0021,0x0021,0x0021,0x0021,
0x0021,0x0021,0x0021,0x0021,0x0021,0x0021,0x0021,0x0021,0x0021,0x0021,0x0021,0x0021,0x0021,0x0021,0x0021,0x0021,
},
{0x0021,0x0021,0x0021,0x0021,0x0021,0x0021,0x0021,0x0021,0x0021,0x0021,0x0021,0x0021,0x0021,0x0021,0x0021,0x0021,
0x0021,0x0021,0x0021,0x0021,0x0021,0x0021,0x0021,0x0021,0x0021,0x0021,0x0021,0x0021,0x0021,0x0022,0x0022,0x0022,
0x0022,0x0022,0x0022,0x0022,0x0022,0x0022,0x0022,0x0022,0x0022,0x0022,0x0022,0x0042,0x0022,0x0042,0x0022,0x0042,
0x0042,0x0022,0x0022,0x0022,0x0042,0x0043,0x0043,0x0043,0x0043,0x0042,0x0042,0x0043,0x0043,0x0042,0x0043,0x0042,
0x0022,0x0042,0x0042,0x0022,0x0022,0x0042,0x0042,0x0042,0x0042,0x0063,0x0063,0x0043,0x0043,0x0063,0x0063,0x0063,
0x0064,0x0063,0x0043,0x0063,0x0084,0x0064,0x0043,0x0043,0x0043,0x0043,0x0043,0x0063,0x0043,0x0043,0x0042,0x0042,
0x0042,0x0042,0x0042,0x0042,0x0042,0x0043,0x0043,0x0043,0x0043,0x0043,0x0043,0x0043,0x0063,0x0063,0x0063,0x0043,
0x0043,0x0043,0x0043,0x0063,0x0063,0x0063,0x0063,0x0063,0x0063,0x0064,0x0085,0x0085,0x0084,0x0084,0x08A5,0x08A5,
0x08A5,0x08A5,0x0085,0x0084,0x08A5,0x08C6,0x1128,0x116B,0x116B,0x1129,0x08E7,0x08C6,0x08E6,0x0907,0x1128,0x114A,
0x1149,0x0063,0x0043,0x0042,0x0063,0x0084,0x0084,0x08C6,0x08A5,0x0084,0x0064,0x08A5,0x08E7,0x08C6,0x08C6,0x08A5,
0x0884,0x0884,0x08A5,0x08E7,0x08E7,0x08E7,0x08C6,0x08C6,0x08C6,0x08A6,0x08E7,0x0908,0x08C6,0x08E7,0x0908,0x0908,
0x08E7,0x0908,0x0908,0x08A6,0x08A5,0x00A5,0x0084,0x0084,0x0084,0x0084,0x0084,0x0084,0x0084,0x0084,0x0043,0x0042,
0x0042,0x0042,0x0042,0x0043,0x0043,0x0042,0x0042,0x0042,0x0042,0x0042,0x0042,0x0042,0x0063,0x0084,0x0084,0x0084,
0x08A5,0x08A5,0x0884,0x0084,0x08A5,0x08C6,0x08C6,0x0884,0x0084,0x0884,0x08A5,0x08C6,0x08C6,0x08C6,0x08A5,0x0084,
0x0063,0x0084,0x0884,0x08C5,0x08A5,0x08A5,0x08A5,0x08A5,0x08A5,0x08A5,0x08A5,0x08A5,0x08A5,0x08A5,0x08A6,0x08A6,
0x08C6,0x08E7,0x08E8,0x08E7,0x08E7,0x0908,0x08E7,0x08E7,0x08E7,0x1129,0x116A,0x1149,0x1128,0x1108,0x1108,0x08E7,
0x08E7,0x1128,0x1149,0x1149,0x1128,0x1149,0x198A,0x198A,0x196A,0x1107,0x10E7,0x10E6,0x10E7,0x1969,0x1149,0x1969,
0x1149,0x1149,0x1149,0x1149,0x1169,0x1149,0x1128,0x1107,0x08C6,0x08A5,0x0884,0x0063,0x0063,0x0042,0x0063,0x0063,
0x0063,0x0063,0x0084,0x0884,0x08A4,0x08A5,0x08A5,0x08A5,0x08A5,0x08A5,0x0063,0x0884,0x08C6,0x1108,0x1129,0x1107,
0x08C6,0x08C6,0x0884,0x0884,0x08E6,0x08E7,0x08C6,0x08E6,0x08E6,0x08E7,0x08E7,0x08E7,0x08C6,0x08C6,0x08C6,0x08C6,
0x08C6,0x08A5,0x08C5,0x08C6,0x08A5,0x0884,0x0063,0x0884,0x0884,0x0083,0x0884,0x0884,0x0063,0x0063,0x0063,0x0084,
0x0063,0x0063,0x0063,0x0083,0x0084,0x0084,0x0063,0x0084,0x0084,0x0063,0x0043,0x0043,0x0043,0x0043,0x0042,0x0063,
0x0063,0x0884,0x0063,0x0063,0x0063,0x0063,0x0063,0x0043,0x0043,0x0042,0x0022,0x0022,0x0042,0x0043,0x0063,0x0084,
0x0084,0x0063,0x0063,0x0063,0x0063,0x08C6,0x1128,0x1128,0x1108,0x08C6,0x0084,0x0063,0x0042,0x0042,0x0042,0x0042,
0x0043,0x0043,0x0063,0x0884,0x08A5,0x08C6,0x08E6,0x08C6,0x08A5,0x0884,0x0084,0x0063,0x0063,0x0063,0x0063,0x0042,
0x0043,0x0063,0x0043,0x0043,0x0063,0x0063,0x0063,0x0063,0x0043,0x0022,0x0042,0x0042,0x0042,0x0022,0x0022,0x0022,
0x0022,0x0022,0x0022,0x0022,0x0022,0x0042,0x0043,0x0043,0x0043,0x0042,0x0042,0x0042,0x0042,0x0022,0x0022,0x0022,
0x0022,0x0022,0x0022,0x0022,0x0022,0x0022,0x0022,0x0022,0x0022,0x0022,0x0042,0x0042,0x0042,0x0022,0x0022,0x0022,
0x0042,0x0042,0x0042,0x0042,0x0022,0x0022,0x0042,0x0022,0x0022,0x0022,0x0042,0x0042,0x0022,0x0022,0x0042,0x0042,
0x0042,0x0042,0x0042,0x0022,0x0022,0x0022,0x0021,0x0021,0x0021,0x0021,0x0021,0x0021,0x0021,0x0021,0x0021,0x0021,
0x0021,0x0021,0x0021,0x0021,0x0021,0x0021,0x0021,0x0021,0x0021,0x0021,0x0021,0x0021,0x0021,0x0021,0x0021,0x0021,
0x0021,0x0021,0x0021,0x0021,0x0021,0x0021,0x0021,0x0021,0x0021,0x0021,0x0021,0x0021,0x0021,0x0021,0x0021,0x0021,
},
{0x0021,0x0021,0x0021,0x0021,0x0021,0x0021,0x0021,0x0021,0x0021,0x0021,0x0021,0x0021,0x0021,0x0021,0x0021,0x0021,
0x0021,0x0021,0x0021,0x0021,0x0021,0x0021,0x0021,0x0021,0x0021,0x0021,0x0021,0x0021,0x0021,0x0021,0x0021,0x0022,
0x0022,0x0022,0x0022,0x0022,0x0022,0x0021,0x0022,0x0022,0x0022,0x0022,0x0022,0x0042,0x0042,0x0042,0x0042,0x0022,
0x0022,0x0022,0x0042,0x0042,0x0042,0x0042,0x0042,0x0042,0x0042,0x0042,0x0042,0x0043,0x0043,0x0043,0x0043,0x0042,
0x0022,0x0042,0x0042,0x0022,0x0022,0x0022,0x0042,0x0042,0x0042,0x0043,0x0043,0x0042,0x0042,0x0042,0x0043,0x0064,
0x0084,0x0084,0x0063,0x0043,0x0063,0x0063,0x0043,0x0042,0x0042,0x0042,0x0042,0x0043,0x0063,0x0043,0x0042,0x0042,
0x0042,0x0043,0x0042,0x0042,0x0042,0x0042,0x0042,0x0043,0x0043,0x0043,0x0043,0x0063,0x0063,0x0063,0x0063,0x0043,
0x0042,0x0043,0x0043,0x0043,0x0063,0x0063,0x0063,0x0063,0x0063,0x0063,0x0063,0x0084,0x0084,0x0084,0x0885,0x0884,
0x0885,0x08A5,0x08A6,0x0085,0x08A5,0x08A6,0x08C6,0x1129,0x198B,0x118B,0x1149,0x08C6,0x08C6,0x08C6,0x08E6,0x08E7,
0x08E6,0x08A5,0x08C6,0x0084,0x08A5,0x08C6,0x08A5,0x08E6,0x08A5,0x0063,0x0063,0x0884,0x08A5,0x08C6,0x08C6,0x08A5,
0x08A5,0x0884,0x08C6,0x114A,0x114B,0x114A,0x0908,0x08C6,0x08A5,0x0063,0x0063,0x08C6,0x08E7,0x0908,0x0909,0x08E8,
0x08E7,0x08E8,0x0929,0x0929,0x08E7,0x08A5,0x08A5,0x0884,0x0084,0x0084,0x0084,0x0064,0x0084,0x0084,0x0063,0x0043,
0x0043,0x0063,0x0043,0x0063,0x0063,0x0043,0x0042,0x0042,0x0043,0x0042,0x0042,0x0042,0x0042,0x0043,0x0063,0x0084,
0x0884,0x08A5,0x0884,0x08A5,0x08C6,0x08A5,0x08A5,0x08A5,0x08A5,0x08A5,0x08C6,0x08A5,0x08A5,0x08A6,0x08A5,0x0884,
0x0063,0x0063,0x0063,0x0884,0x08A4,0x0884,0x0885,0x08A5,0x08A5,0x0884,0x0084,0x0084,0x0084,0x08A5,0x08C6,0x08C6,
0x08A6,0x08C6,0x08E7,0x08E7,0x08E7,0x0908,0x0907,0x08E7,0x0908,0x1128,0x1128,0x1129,0x1129,0x1107,0x08E7,0x08E7,
0x1107,0x1108,0x08E7,0x08E7,0x1107,0x1128,0x116A,0x198A,0x1149,0x1108,0x1107,0x10E6,0x08E6,0x10E7,0x1128,0x10E6,
0x1107,0x1107,0x1107,0x08E6,0x08E6,0x08E6,0x08C6,0x08A5,0x0884,0x0884,0x0883,0x0883,0x0884,0x0063,0x0063,0x0063,
0x0042,0x0043,0x0083,0x0884,0x08A4,0x08A5,0x0884,0x08A5,0x08E6,0x08E6,0x08A4,0x0084,0x08A5,0x1108,0x1107,0x08E6,
0x08C5,0x08A5,0x08A5,0x0884,0x08A5,0x0884,0x0884,0x08A5,0x08E6,0x08E6,0x08E7,0x08E7,0x08C6,0x08A5,0x08C5,0x08C6,
0x08C6,0x08C6,0x08C6,0x08C6,0x08A5,0x08A4,0x08A4,0x08A4,0x08A4,0x0884,0x0884,0x0083,0x0063,0x0063,0x0063,0x0063,
0x0063,0x0063,0x0063,0x0063,0x0083,0x0884,0x0884,0x0884,0x08A5,0x0084,0x0063,0x0043,0x0042,0x0043,0x0063,0x0084,
0x08A5,0x08A5,0x08C6,0x08C5,0x08A5,0x08C5,0x0884,0x0063,0x0063,0x0043,0x0042,0x0022,0x0022,0x0022,0x0042,0x0042,
0x0042,0x0022,0x0042,0x0042,0x0063,0x08C6,0x0907,0x08E7,0x08C6,0x08A5,0x08A5,0x0084,0x0042,0x0042,0x0042,0x0043,
0x0042,0x0042,0x0083,0x0884,0x08A5,0x08C6,0x08C6,0x0884,0x0063,0x0063,0x0063,0x0084,0x0084,0x0084,0x0884,0x0084,
0x0063,0x0042,0x0042,0x0042,0x0063,0x0064,0x0063,0x0063,0x0043,0x0022,0x0022,0x0022,0x0022,0x0022,0x0022,0x0022,
0x0021,0x0021,0x0022,0x0021,0x0022,0x0022,0x0022,0x0042,0x0022,0x0022,0x0022,0x0022,0x0022,0x0042,0x0022,0x0022,
0x0022,0x0022,0x0022,0x0022,0x0022,0x0022,0x0022,0x0022,0x0022,0x0022,0x0042,0x0042,0x0022,0x0022,0x0022,0x0022,
0x0022,0x0042,0x0022,0x0022,0x0022,0x0022,0x0022,0x0022,0x0022,0x0022,0x0022,0x0022,0x0022,0x0022,0x0042,0x0022,
0x0022,0x0022,0x0042,0x0022,0x0022,0x0022,0x0022,0x0021,0x0021,0x0021,0x0021,0x0021,0x0021,0x0021,0x0021,0x0021,
0x0021,0x0021,0x0021,0x0021,0x0021,0x0021,0x0021,0x0021,0x0021,0x0021,0x0021,0x0021,0x0021,0x0021,0x0021,0x0021,
0x0021,0x0021,0x0021,0x0021,0x0021,0x0021,0x0021,0x0021,0x0021,0x0021,0x0021,0x0021,0x0021,0x0021,0x0021,0x0021,
},
{0x0021,0x0021,0x0021,0x0021,0x0021,0x0021,0x0021,0x0021,0x0021,0x0021,0x0021,0x0021,0x0021,0x0021,0x0021,0x0021,
0x0021,0x0022,0x0021,0x0021,0x0021,0x0021,0x0021,0x0021,0x0021,0x0021,0x0021,0x0021,0x0021,0x0021,0x0021,0x0021,
0x0022,0x0022,0x0021,0x0021,0x0021,0x0021,0x0022,0x0022,0x0022,0x0022,0x0022,0x0022,0x0042,0x0042,0x0042,0x0042,
0x0042,0x0042,0x0042,0x0042,0x0042,0x0042,0x0042,0x0042,0x0043,0x0042,0x0043,0x0043,0x0042,0x0043,0x0043,0x0042,
0x0022,0x0022,0x0042,0x0042,0x0042,0x0042,0x0022,0x0022,0x0022,0x0042,0x0042,0x0043,0x0043,0x0042,0x0042,0x0063,
0x0064,0x0063,0x0043,0x0063,0x0063,0x0043,0x0043,0x0042,0x0042,0x0042,0x0042,0x0042,0x0042,0x0042,0x0042,0x0042,
0x0042,0x0043,0x0043,0x0043,0x0042,0x0042,0x0042,0x0042,0x0042,0x0043,0x0043,0x0043,0x0043,0x0043,0x0043,0x0042,
0x0042,0x0043,0x0043,0x0043,0x0063,0x0063,0x0043,0x0043,0x0063,0x0063,0x0063,0x0084,0x0084,0x0084,0x0064,0x0064,
0x0084,0x08A5,0x08A6,0x08C6,0x08C6,0x08C6,0x08A5,0x08C6,0x1128,0x114A,0x116B,0x0907,0x08C6,0x08C6,0x08A5,0x08C6,
0x08C6,0x08A5,0x08E8,0x0908,0x08E7,0x1129,0x114A,0x0908,0x08C6,0x0084,0x0064,0x0084,0x08A5,0x08A6,0x08C6,0x08C6,
0x08C6,0x08A5,0x114A,0x19EE,0x118B,0x08C6,0x08A5,0x0085,0x0084,0x0063,0x0884,0x0908,0x118C,0x0929,0x0908,0x08E8,
0x08C6,0x08C6,0x0909,0x114B,0x114A,0x08E8,0x08C6,0x08A6,0x08A5,0x0084,0x0084,0x0084,0x0084,0x0084,0x0084,0x0064,
0x0063,0x0042,0x0063,0x0084,0x0084,0x0064,0x0043,0x0043,0x0063,0x0063,0x0043,0x0042,0x0043,0x0063,0x0063,0x0063,
0x0084,0x0063,0x0084,0x0084,0x0884,0x0884,0x08A5,0x08A5,0x08A5,0x08A5,0x08A5,0x08A5,0x08A5,0x08A5,0x0884,0x0084,
0x0064,0x0063,0x0063,0x0063,0x0084,0x0084,0x0884,0x08A5,0x08A5,0x0885,0x0084,0x0084,0x0084,0x0085,0x08A5,0x08C6,
0x08C7,0x08C6,0x08C6,0x08E7,0x08E7,0x08E7,0x08E7,0x0907,0x1108,0x1149,0x1108,0x1128,0x1128,0x0907,0x1108,0x0907,
0x08E6,0x08E6,0x08C6,0x08C6,0x08E6,0x08E7,0x1108,0x1128,0x08E7,0x08E6,0x08E7,0x08A5,0x08C5,0x08E6,0x08C6,0x10E6,
0x1107,0x1107,0x1107,0x1107,0x1107,0x08E6,0x08E7,0x08C6,0x08C5,0x08A5,0x0884,0x08A5,0x08C6,0x08A5,0x08A5,0x08A4,
0x0063,0x0043,0x0063,0x0063,0x0884,0x0063,0x0063,0x0063,0x08A5,0x08C6,0x08A5,0x08A5,0x08C6,0x08C6,0x08A5,0x08A4,
0x08A5,0x08A4,0x0884,0x0063,0x0884,0x0063,0x0884,0x0084,0x0884,0x08A5,0x08A5,0x08A5,0x08C6,0x08A5,0x0884,0x08C5,
0x08C6,0x08A5,0x08A5,0x08A5,0x08A4,0x0884,0x0884,0x0884,0x08A5,0x08A4,0x08A5,0x08A4,0x0884,0x0084,0x0083,0x0042,
0x0063,0x0884,0x08A4,0x08A5,0x08A4,0x08A4,0x0884,0x0884,0x0884,0x0084,0x0084,0x0063,0x0042,0x0063,0x0884,0x08A5,
0x08A5,0x08C5,0x08C6,0x08C6,0x08C6,0x08A5,0x0884,0x0063,0x0063,0x0063,0x0063,0x0043,0x0042,0x0042,0x0042,0x0042,
0x0022,0x0042,0x0042,0x0063,0x0084,0x08C6,0x1107,0x08E7,0x08A5,0x0884,0x08A5,0x08A5,0x0063,0x0042,0x0042,0x0063,
0x0063,0x0884,0x08C6,0x08C6,0x08C6,0x08A5,0x0084,0x0063,0x0042,0x0063,0x0043,0x0043,0x0063,0x0084,0x0084,0x0084,
0x0063,0x0063,0x0043,0x0042,0x0043,0x0063,0x0063,0x0043,0x0042,0x0022,0x0022,0x0022,0x0021,0x0022,0x0022,0x0022,
0x0022,0x0022,0x0021,0x0022,0x0022,0x0022,0x0022,0x0022,0x0042,0x0022,0x0022,0x0022,0x0042,0x0042,0x0042,0x0022,
0x0022,0x0022,0x0022,0x0022,0x0042,0x0022,0x0022,0x0022,0x0042,0x0042,0x0042,0x0022,0x0022,0x0022,0x0022,0x0022,
0x0022,0x0022,0x0022,0x0022,0x0022,0x0022,0x0022,0x0022,0x0022,0x0022,0x0022,0x0022,0x0022,0x0022,0x0042,0x0022,
0x0022,0x0022,0x0022,0x0022,0x0022,0x0022,0x0022,0x0022,0x0021,0x0021,0x0021,0x0021,0x0021,0x0021,0x0021,0x0021,
0x0021,0x0021,0x0021,0x0021,0x0021,0x0021,0x0021,0x0021,0x0021,0x0021,0x0021,0x0021,0x0021,0x0021,0x0021,0x0021,
0x0021,0x0021,0x0021,0x0021,0x0021,0x0021,0x0021,0x0021,0x0021,0x0021,0x0021,0x0021,0x0021,0x0021,0x0021,0x0021,
},
{0x0021,0x0021,0x0021,0x0021,0x0021,0x0021,0x0021,0x0021,0x0021,0x0021,0x0021,0x0021,0x0021,0x0021,0x0021,0x0021,
0x0021,0x0022,0x0021,0x0021,0x0021,0x0021,0x0021,0x0021,0x0021,0x0021,0x0021,0x0021,0x0021,0x0021,0x0022,0x0022,
0x0022,0x0022,0x0022,0x0022,0x0021,0x0021,0x0021,0x0021,0x0022,0x0022,0x0022,0x0022,0x0022,0x0022,0x0042,0x0042,
0x0042,0x0042,0x0042,0x0042,0x0042,0x0042,0x0022,0x0042,0x0042,0x0042,0x0042,0x0042,0x0042,0x0043,0x0043,0x0043,
0x0022,0x0022,0x0042,0x0043,0x0042,0x0022,0x0022,0x0022,0x0022,0x0022,0x0022,0x0043,0x0043,0x0042,0x0043,0x0043,
0x0043,0x0042,0x0042,0x0043,0x0043,0x0043,0x0043,0x0042,0x0043,0x0043,0x0042,0x0022,0x0042,0x0022,0x0042,0x0042,
0x0042,0x0042,0x0043,0x0043,0x0042,0x0042,0x0022,0x0022,0x0042,0x0042,0x0042,0x0042,0x0042,0x0042,0x0043,0x0043,
0x0042,0x0042,0x0042,0x0043,0x0043,0x0043,0x0063,0x0063,0x0043,0x0063,0x0063,0x0063,0x0063,0x0064,0x0064,0x0063,
0x0064,0x0084,0x0084,0x0084,0x08A5,0x08C6,0x08A5,0x08A5,0x08C6,0x08C6,0x08E7,0x0908,0x08C6,0x08C6,0x08C6,0x08C6,
0x08A6,0x0084,0x08C6,0x08C6,0x08E7,0x1129,0x1129,0x0929,0x0908,0x08E7,0x08E7,0x08A5,0x0885,0x114A,0x114A,0x08A6,
0x0063,0x0084,0x114A,0x116A,0x08E7,0x08E7,0x08A6,0x08A5,0x0084,0x08A5,0x0908,0x092A,0x0909,0x0909,0x0909,0x08E8,
0x08A5,0x08A5,0x08E7,0x08E7,0x0929,0x0929,0x0908,0x08E7,0x08A6,0x0084,0x0084,0x08A5,0x0885,0x0084,0x0064,0x0063,
0x0063,0x0043,0x0063,0x0084,0x0884,0x0084,0x0063,0x0043,0x0043,0x0042,0x0043,0x0043,0x0043,0x0063,0x0884,0x08A5,
0x0084,0x0063,0x0063,0x0084,0x0084,0x0063,0x0884,0x0884,0x0884,0x08A5,0x0084,0x0084,0x08A5,0x0884,0x0884,0x0884,
0x0084,0x0063,0x0043,0x0063,0x0063,0x0063,0x0084,0x0084,0x0885,0x0084,0x0084,0x0085,0x00A5,0x08A5,0x08C6,0x08C6,
0x08C6,0x08A5,0x08A5,0x08C6,0x08E7,0x08E7,0x0908,0x0908,0x0908,0x1108,0x0908,0x1128,0x1128,0x0907,0x0907,0x1108,
0x1107,0x08C6,0x08C6,0x08C5,0x08C6,0x08E7,0x1107,0x1108,0x1108,0x08C6,0x0884,0x08A4,0x08A5,0x08A5,0x08A5,0x08C6,
0x08E6,0x08E6,0x10E7,0x10E6,0x08E7,0x10E7,0x1108,0x1107,0x1107,0x1128,0x1107,0x1107,0x1108,0x1108,0x10E7,0x10E6,
0x10E6,0x08C6,0x0083,0x0063,0x08A5,0x0884,0x0063,0x0063,0x0063,0x0884,0x0884,0x0884,0x0884,0x08A4,0x0884,0x08A5,
0x08A5,0x0884,0x08A5,0x0907,0x08E7,0x08A5,0x0884,0x08A4,0x0884,0x08A5,0x08C6,0x08A5,0x08A5,0x0084,0x0884,0x0884,
0x08C6,0x08C6,0x08C5,0x08A5,0x0884,0x0063,0x0084,0x0884,0x0884,0x0884,0x08A5,0x08A5,0x0884,0x0884,0x0884,0x0063,
0x0063,0x0063,0x0884,0x08A5,0x08A5,0x08A5,0x0884,0x0084,0x0084,0x0063,0x0084,0x0084,0x0884,0x0084,0x0084,0x0063,
0x0063,0x0884,0x0884,0x08A5,0x08A5,0x08A5,0x0084,0x0063,0x0063,0x0063,0x0063,0x0063,0x0063,0x0063,0x0043,0x0042,
0x0042,0x0043,0x0063,0x0063,0x0042,0x0063,0x08A5,0x1108,0x08C6,0x0063,0x0884,0x0884,0x0043,0x0043,0x0043,0x0063,
0x0063,0x0884,0x08C6,0x08A5,0x0884,0x0084,0x0063,0x0063,0x0043,0x0043,0x0043,0x0042,0x0042,0x0043,0x0063,0x0063,
0x0043,0x0043,0x0063,0x0063,0x0063,0x0064,0x0043,0x0042,0x0042,0x0022,0x0022,0x0021,0x0021,0x0021,0x0022,0x0022,
0x0022,0x0022,0x0022,0x0022,0x0022,0x0022,0x0022,0x0022,0x0042,0x0042,0x0042,0x0042,0x0022,0x0022,0x0042,0x0022,
0x0022,0x0022,0x0022,0x0022,0x0022,0x0022,0x0042,0x0042,0x0042,0x0042,0x0022,0x0022,0x0022,0x0022,0x0022,0x0022,
0x0022,0x0022,0x0022,0x0022,0x0022,0x0022,0x0022,0x0022,0x0022,0x0022,0x0022,0x0022,0x0022,0x0022,0x0022,0x0022,
0x0022,0x0042,0x0022,0x0022,0x0022,0x0022,0x0022,0x0021,0x0021,0x0021,0x0021,0x0021,0x0021,0x0021,0x0021,0x0021,
0x0021,0x0021,0x0021,0x0021,0x0021,0x0021,0x0021,0x0021,0x0021,0x0021,0x0021,0x0021,0x0021,0x0021,0x0021,0x0021,
0x0021,0x0021,0x0021,0x0021,0x0021,0x0021,0x0021,0x0021,0x0021,0x0021,0x0021,0x0021,0x0021,0x0021,0x0021,0x0021,
},
{0x0021,0x0021,0x0021,0x0021,0x0021,0x0021,0x0021,0x0021,0x0021,0x0021,0x0021,0x0021,0x0021,0x0021,0x0021,0x0021,
0x0021,0x0022,0x0021,0x0021,0x0021,0x0021,0x0021,0x0021,0x0021,0x0021,0x0021,0x0021,0x0021,0x0021,0x0021,0x0021,
0x0022,0x0022,0x0022,0x0021,0x0022,0x0021,0x0021,0x0021,0x0022,0x0022,0x0022,0x0022,0x0022,0x0022,0x0022,0x0022,
0x0022,0x0042,0x0022,0x0022,0x0042,0x0042,0x0042,0x0042,0x0042,0x0022,0x0022,0x0022,0x0022,0x0042,0x0043,0x0043,
0x0042,0x0042,0x0042,0x0043,0x0042,0x0022,0x0022,0x0022,0x0022,0x0022,0x0022,0x0042,0x0042,0x0042,0x0043,0x0063,
0x0043,0x0022,0x0042,0x0042,0x0042,0x0043,0x0043,0x0043,0x0063,0x0043,0x0043,0x0042,0x0042,0x0042,0x0022,0x0042,
0x0042,0x0042,0x0042,0x0042,0x0043,0x0043,0x0042,0x0022,0x0022,0x0022,0x0022,0x0042,0x0042,0x0042,0x0042,0x0042,
0x0042,0x0042,0x0043,0x0042,0x0043,0x0043,0x0043,0x0043,0x0043,0x0043,0x0063,0x0063,0x0063,0x0063,0x0063,0x0063,
0x0063,0x0063,0x0063,0x0063,0x0084,0x0885,0x0064,0x0084,0x08A5,0x08A5,0x08A6,0x08E7,0x08C6,0x08A5,0x08A5,0x08C6,
0x08A5,0x0084,0x0084,0x08C6,0x08C6,0x0928,0x1129,0x0908,0x0908,0x0908,0x08E7,0x08C6,0x08C6,0x0929,0x1129,0x08A5,
0x0063,0x0084,0x08E7,0x08E7,0x08E7,0x0908,0x08E7,0x08A6,0x08C6,0x08E7,0x08E8,0x094A,0x092A,0x0908,0x0908,0x08E7,
0x08A5,0x08A5,0x08A5,0x0084,0x08A6,0x08E8,0x0909,0x08E8,0x08C7,0x08A5,0x0084,0x08A5,0x08A5,0x0085,0x0084,0x0084,
0x0084,0x0063,0x0063,0x0084,0x08A5,0x0084,0x0063,0x0064,0x0063,0x0043,0x0063,0x0063,0x0042,0x0043,0x0884,0x0884,
0x0084,0x0063,0x0063,0x0063,0x0063,0x0063,0x0884,0x0884,0x0884,0x08A5,0x0084,0x0084,0x0063,0x0063,0x0063,0x0084,
0x0084,0x0063,0x0043,0x0063,0x0063,0x0063,0x0063,0x0063,0x0084,0x0084,0x0084,0x0085,0x0885,0x00A5,0x08A5,0x08A5,
0x08A5,0x0084,0x08A5,0x08C6,0x08C6,0x08C6,0x08C6,0x08E7,0x08E7,0x0907,0x08E7,0x08E7,0x08E7,0x08E7,0x08E7,0x0907,
0x1128,0x08E7,0x08E7,0x08C6,0x08E7,0x08E7,0x08E7,0x1129,0x1129,0x1108,0x08C5,0x0884,0x0084,0x0063,0x0884,0x08E6,
0x08E7,0x1107,0x10E7,0x08E7,0x08C6,0x08A5,0x08C5,0x08E6,0x1128,0x1149,0x1128,0x1128,0x08C5,0x08C5,0x08C6,0x0884,
0x0884,0x08C6,0x08C6,0x08A5,0x0884,0x0063,0x0042,0x0043,0x0063,0x0884,0x0884,0x0884,0x08A5,0x08C6,0x08A5,0x08A5,
0x0884,0x0084,0x0884,0x08E7,0x1129,0x1108,0x1108,0x08E7,0x08E7,0x1108,0x1108,0x08C6,0x08C5,0x08A5,0x08C5,0x08A5,
0x08C6,0x08C6,0x08A5,0x0884,0x0083,0x0063,0x0884,0x0884,0x0083,0x0884,0x0884,0x08A5,0x08A5,0x08C5,0x08A5,0x0884,
0x0063,0x0063,0x0084,0x0884,0x08A5,0x08A5,0x08A5,0x08A5,0x0084,0x0084,0x0884,0x0884,0x0884,0x0064,0x0063,0x0063,
0x0084,0x0084,0x0084,0x0884,0x0084,0x08A5,0x08A5,0x0084,0x0084,0x0064,0x0063,0x0084,0x08A5,0x08A5,0x0084,0x0063,
0x0042,0x0063,0x0063,0x0063,0x0043,0x0043,0x08A5,0x08E7,0x08C6,0x0084,0x0063,0x0063,0x0063,0x0064,0x0063,0x0063,
0x0043,0x0063,0x0885,0x0884,0x0063,0x0063,0x0084,0x0084,0x0063,0x0042,0x0042,0x0042,0x0042,0x0043,0x0043,0x0042,
0x0042,0x0042,0x0063,0x0063,0x0063,0x0084,0x0064,0x0063,0x0043,0x0042,0x0022,0x0022,0x0022,0x0022,0x0022,0x0022,
0x0022,0x0022,0x0022,0x0022,0x0022,0x0022,0x0022,0x0022,0x0022,0x0022,0x0022,0x0022,0x0022,0x0022,0x0022,0x0022,
0x0022,0x0022,0x0022,0x0042,0x0022,0x0022,0x0022,0x0042,0x0042,0x0042,0x0042,0x0022,0x0022,0x0022,0x0022,0x0022,
0x0022,0x0022,0x0022,0x0022,0x0022,0x0022,0x0022,0x0022,0x0022,0x0022,0x0022,0x0022,0x0022,0x0022,0x0022,0x0022,
0x0022,0x0022,0x0022,0x0022,0x0022,0x0022,0x0021,0x0021,0x0021,0x0021,0x0022,0x0022,0x0022,0x0021,0x0021,0x0021,
0x0021,0x0021,0x0021,0x0021,0x0021,0x0021,0x0021,0x0021,0x0021,0x0021,0x0021,0x0021,0x0021,0x0021,0x0021,0x0021,
0x0021,0x0021,0x0021,0x0021,0x0021,0x0021,0x0021,0x0021,0x0021,0x0021,0x0021,0x0021,0x0021,0x0021,0x0021,0x0021,
},
{0x0021,0x0021,0x0021,0x0021,0x0021,0x0021,0x0021,0x0021,0x0021,0x0021,0x0021,0x0021,0x0021,0x0021,0x0021,0x0021,
0x0022,0x0022,0x0021,0x0021,0x0021,0x0021,0x0021,0x0021,0x0021,0x0021,0x0021,0x0021,0x0021,0x0021,0x0021,0x0021,
0x0021,0x0021,0x0021,0x0021,0x0021,0x0021,0x0021,0x0021,0x0021,0x0022,0x0022,0x0022,0x0022,0x0022,0x0022,0x0022,
0x0022,0x0022,0x0022,0x0022,0x0042,0x0022,0x0042,0x0042,0x0042,0x0022,0x0022,0x0022,0x0022,0x0022,0x0022,0x0042,
0x0042,0x0022,0x0022,0x0042,0x0042,0x0022,0x0022,0x0022,0x0042,0x0022,0x0022,0x0042,0x0043,0x0042,0x0042,0x0043,
0x0042,0x0022,0x0022,0x0022,0x0042,0x0042,0x0042,0x0043,0x0043,0x0043,0x0043,0x0043,0x0042,0x0042,0x0042,0x0042,
0x0042,0x0042,0x0042,0x0042,0x0042,0x0042,0x0042,0x0042,0x0022,0x0022,0x0042,0x0042,0x0042,0x0042,0x0042,0x0042,
0x0042,0x0043,0x0042,0x0042,0x0042,0x0043,0x0043,0x0043,0x0042,0x0042,0x0043,0x0063,0x0063,0x0063,0x0043,0x0043,
0x0063,0x0063,0x0063,0x0063,0x0084,0x0063,0x0043,0x0063,0x0084,0x0084,0x08A5,0x08C6,0x08C6,0x08E7,0x08C6,0x08C6,
0x08A5,0x0084,0x08A5,0x08C6,0x08C6,0x08E7,0x08E7,0x0907,0x08E7,0x08C6,0x0884,0x0084,0x08A5,0x0084,0x08E7,0x0908,
0x08E7,0x08C6,0x08E7,0x08E7,0x08C6,0x08C6,0x08A6,0x00A5,0x08A5,0x08C7,0x0909,0x118C,0x118C,0x118C,0x0908,0x08A6,
0x0885,0x0885,0x08A5,0x0885,0x0884,0x08A5,0x08E7,0x08E8,0x0908,0x08C6,0x08A5,0x08A5,0x08A5,0x08A5,0x08A5,0x0084,
0x0084,0x0084,0x0084,0x0084,0x08A5,0x0084,0x0064,0x0884,0x0084,0x0084,0x0084,0x0063,0x0043,0x0063,0x0064,0x0884,
0x0084,0x0884,0x0084,0x0063,0x0063,0x0063,0x08A5,0x08A5,0x08A5,0x08C6,0x08C6,0x0884,0x0063,0x0063,0x0063,0x0063,
0x0063,0x0063,0x0063,0x0063,0x0043,0x0043,0x0063,0x0063,0x0063,0x0063,0x0084,0x0084,0x0084,0x0084,0x0084,0x08A5,
0x08A5,0x0084,0x0885,0x08A5,0x08C6,0x08C6,0x08C6,0x08C6,0x08C6,0x08E7,0x08E7,0x08C6,0x08C6,0x08C6,0x08C6,0x08C6,
0x08E7,0x08C6,0x08C6,0x08E7,0x1128,0x08E7,0x08C6,0x08C6,0x1128,0x1128,0x08E7,0x08A5,0x0084,0x0084,0x08A4,0x08C6,
0x08E7,0x1107,0x1107,0x1107,0x08E6,0x08C6,0x08C5,0x08C5,0x08E6,0x1107,0x08E6,0x08C6,0x08A5,0x0884,0x0884,0x0083,
0x0063,0x0063,0x0084,0x0884,0x0063,0x0063,0x0042,0x0043,0x0063,0x0063,0x0063,0x0063,0x08A5,0x08C6,0x08C6,0x08C5,
0x0084,0x0063,0x0063,0x0063,0x0084,0x08C6,0x10E7,0x1169,0x198B,0x1149,0x1108,0x08C6,0x08E6,0x08C6,0x08C6,0x08C6,
0x08C6,0x08E6,0x08C5,0x0884,0x0884,0x0884,0x0884,0x0084,0x0063,0x0884,0x08A5,0x08A5,0x08A5,0x08C5,0x08C6,0x08C5,
0x0884,0x0884,0x08A5,0x08A5,0x08C5,0x08A5,0x08A5,0x08A5,0x08A5,0x08A4,0x08A5,0x08A5,0x0884,0x0063,0x0063,0x0084,
0x0885,0x0884,0x08A5,0x08A5,0x08C6,0x1128,0x08E7,0x0084,0x0084,0x0063,0x0063,0x0084,0x08C6,0x08E6,0x08C6,0x0884,
0x0063,0x0063,0x0063,0x0063,0x0063,0x08A5,0x1128,0x08E7,0x08C6,0x08C5,0x08C5,0x08A5,0x0884,0x0084,0x0063,0x0043,
0x0042,0x0063,0x08A5,0x08A4,0x0063,0x0063,0x0063,0x0063,0x0063,0x0042,0x0042,0x0042,0x0042,0x0042,0x0042,0x0042,
0x0042,0x0042,0x0063,0x0063,0x0063,0x0084,0x0064,0x0063,0x0043,0x0042,0x0022,0x0022,0x0022,0x0022,0x0022,0x0022,
0x0022,0x0022,0x0022,0x0022,0x0022,0x0022,0x0022,0x0022,0x0022,0x0022,0x0022,0x0022,0x0022,0x0022,0x0022,0x0022,
0x0022,0x0042,0x0042,0x0042,0x0042,0x0022,0x0022,0x0022,0x0042,0x0042,0x0042,0x0022,0x0022,0x0022,0x0022,0x0022,
0x0022,0x0022,0x0022,0x0022,0x0022,0x0022,0x0022,0x0022,0x0022,0x0022,0x0022,0x0022,0x0022,0x0022,0x0022,0x0022,
0x0022,0x0022,0x0022,0x0022,0x0022,0x0022,0x0022,0x0021,0x0021,0x0022,0x0022,0x0022,0x0022,0x0021,0x0021,0x0021,
0x0021,0x0021,0x0021,0x0021,0x0021,0x0021,0x0021,0x0021,0x0021,0x0021,0x0021,0x0021,0x0021,0x0021,0x0021,0x0021,
0x0021,0x0021,0x0021,0x0021,0x0021,0x0021,0x0021,0x0021,0x0021,0x0021,0x0021,0x0021,0x0021,0x0021,0x0021,0x0021,
},
{0x0021,0x0021,0x0021,0x0021,0x0021,0x0021,0x0021,0x0021,0x0021,0x0021,0x0021,0x0021,0x0021,0x0021,0x0021,0x0021,
0x0022,0x0022,0x0021,0x0022,0x0021,0x0021,0x0021,0x0021,0x0021,0x0021,0x0021,0x0021,0x0021,0x0021,0x0021,0x0021,
0x0021,0x0021,0x0021,0x0021,0x0022,0x0022,0x0021,0x0021,0x0021,0x0022,0x0022,0x0022,0x0022,0x0022,0x0022,0x0022,
0x0022,0x0022,0x0022,0x0022,0x0022,0x0022,0x0022,0x0042,0x0042,0x0022,0x0022,0x0022,0x0022,0x0022,0x0022,0x0042,
0x0022,0x0022,0x0022,0x0022,0x0042,0x0022,0x0022,0x0022,0x0022,0x0022,0x0022,0x0043,0x0063,0x0043,0x0042,0x0043,
0x0042,0x0022,0x0022,0x0022,0x0022,0x0042,0x0042,0x0043,0x0043,0x0042,0x0042,0x0042,0x0022,0x0042,0x0042,0x0042,
0x0022,0x0042,0x0042,0x0042,0x0042,0x0022,0x0042,0x0042,0x0042,0x0022,0x0042,0x0042,0x0042,0x0042,0x0042,0x0042,
0x0043,0x0043,0x0042,0x0042,0x0042,0x0042,0x0042,0x0042,0x0042,0x0042,0x0042,0x0043,0x0043,0x0063,0x0063,0x0043,
0x0043,0x0043,0x0063,0x0063,0x0063,0x0064,0x0063,0x0063,0x0063,0x0063,0x0084,0x08A5,0x08C6,0x08C6,0x08C6,0x08A5,
0x0084,0x0084,0x00A5,0x08A5,0x08C6,0x08E7,0x08C6,0x08E7,0x08A6,0x08A5,0x08A6,0x08A5,0x08A5,0x08A5,0x08C6,0x08E7,
0x08E7,0x08E7,0x1129,0x1149,0x08E8,0x0908,0x1129,0x08E7,0x08C6,0x08E7,0x114A,0x116B,0x094A,0x1129,0x08E7,0x08A5,
0x0084,0x0084,0x0084,0x0884,0x08A5,0x08C6,0x08E7,0x08E8,0x0908,0x0908,0x08A6,0x08A6,0x00A5,0x0085,0x0085,0x0084,
0x0084,0x0084,0x0084,0x0084,0x0884,0x0884,0x0084,0x08A5,0x08A5,0x0884,0x0884,0x0084,0x0063,0x0063,0x0063,0x0063,
0x0084,0x0884,0x0884,0x0884,0x0063,0x0043,0x0063,0x0063,0x0063,0x0084,0x0884,0x08A5,0x0884,0x0063,0x0064,0x0063,
0x0042,0x0043,0x0063,0x0063,0x0042,0x0042,0x0042,0x0042,0x0043,0x0063,0x0084,0x0084,0x0084,0x0084,0x0084,0x08A5,
0x08A5,0x08A5,0x0084,0x0885,0x08A5,0x08A5,0x08A5,0x08A5,0x08A5,0x08A5,0x08C6,0x08C6,0x08C6,0x08C6,0x08A6,0x08C6,
0x08E7,0x08C6,0x08C6,0x08C6,0x08E7,0x08E7,0x08E6,0x08C6,0x08E6,0x08E7,0x08E6,0x08E6,0x08C6,0x08A5,0x08A5,0x08C6,
0x08E6,0x08C6,0x08E6,0x08E7,0x1107,0x1107,0x1107,0x1107,0x10E7,0x08E6,0x1107,0x10E7,0x08E6,0x08C5,0x08A5,0x08A5,
0x08A4,0x08A5,0x0884,0x0884,0x0884,0x0884,0x0063,0x0063,0x0063,0x0063,0x0063,0x0063,0x08A4,0x08C6,0x10E7,0x08C6,
0x0884,0x0063,0x0063,0x0063,0x0063,0x0063,0x08A5,0x08E7,0x1108,0x1108,0x08E7,0x08E6,0x08C6,0x08C6,0x08C6,0x08C6,
0x08A5,0x08C6,0x08E6,0x08C6,0x08C6,0x08A5,0x08C6,0x08A5,0x08A5,0x08A5,0x08C6,0x08C6,0x08A5,0x08A5,0x08A5,0x08C6,
0x08C6,0x08C6,0x08C6,0x08A5,0x08C6,0x08C6,0x08A5,0x08A5,0x08A5,0x08A5,0x08A5,0x08A5,0x08A5,0x0084,0x0884,0x08A5,
0x08A5,0x08A5,0x08A5,0x08E7,0x08E7,0x1108,0x08A5,0x0043,0x0063,0x0063,0x0042,0x0043,0x0084,0x08A5,0x08A5,0x08C6,
0x08C6,0x08C6,0x0084,0x0063,0x0885,0x08E7,0x08C6,0x08A6,0x08C6,0x08C6,0x08C6,0x08A5,0x0084,0x0084,0x0063,0x0063,
0x0042,0x0064,0x08A5,0x08A5,0x0884,0x0084,0x0063,0x0063,0x0063,0x0043,0x0042,0x0043,0x0042,0x0042,0x0042,0x0042,
0x0042,0x0043,0x0043,0x0063,0x0063,0x0063,0x0063,0x0043,0x0042,0x0042,0x0022,0x0022,0x0042,0x0022,0x0022,0x0022,
0x0022,0x0022,0x0022,0x0022,0x0022,0x0022,0x0022,0x0022,0x0022,0x0022,0x0022,0x0022,0x0022,0x0022,0x0022,0x0022,
0x0022,0x0042,0x0043,0x0043,0x0042,0x0022,0x0022,0x0022,0x0022,0x0022,0x0022,0x0022,0x0022,0x0022,0x0022,0x0022,
0x0022,0x0022,0x0022,0x0022,0x0022,0x0022,0x0022,0x0022,0x0022,0x0022,0x0022,0x0022,0x0022,0x0022,0x0022,0x0022,
0x0022,0x0022,0x0022,0x0021,0x0022,0x0022,0x0021,0x0021,0x0021,0x0022,0x0022,0x0022,0x0021,0x0021,0x0021,0x0021,
0x0021,0x0021,0x0021,0x0021,0x0021,0x0021,0x0021,0x0021,0x0021,0x0021,0x0021,0x0021,0x0021,0x0021,0x0021,0x0021,
0x0021,0x0021,0x0021,0x0021,0x0021,0x0021,0x0021,0x0021,0x0021,0x0021,0x0021,0x0021,0x0021,0x0021,0x0021,0x0021,
},
{0x0021,0x0021,0x0021,0x0021,0x0021,0x0021,0x0021,0x0021,0x0021,0x0021,0x0021,0x0021,0x0021,0x0021,0x0021,0x0021,
0x0022,0x0021,0x0022,0x0021,0x0021,0x0021,0x0021,0x0021,0x0021,0x0021,0x0021,0x0021,0x0021,0x0021,0x0021,0x0021,
0x0021,0x0021,0x0021,0x0021,0x0022,0x0022,0x0022,0x0022,0x0021,0x0022,0x0022,0x0022,0x0022,0x0022,0x0022,0x0022,
0x0022,0x0022,0x0022,0x0022,0x0022,0x0022,0x0022,0x0022,0x0022,0x0022,0x0022,0x0022,0x0042,0x0022,0x0022,0x0042,
0x0042,0x0022,0x0022,0x0022,0x0022,0x0022,0x0022,0x0022,0x0022,0x0022,0x0022,0x0043,0x0043,0x0043,0x0042,0x0042,
0x0042,0x0022,0x0022,0x0022,0x0022,0x0042,0x0042,0x0042,0x0042,0x0022,0x0022,0x0022,0x0022,0x0043,0x0042,0x0022,
0x0022,0x0022,0x0022,0x0042,0x0042,0x0022,0x0022,0x0042,0x0022,0x0042,0x0042,0x0042,0x0042,0x0042,0x0042,0x0042,
0x0042,0x0043,0x0043,0x0042,0x0042,0x0042,0x0042,0x0042,0x0042,0x0042,0x0043,0x0042,0x0042,0x0043,0x0043,0x0043,
0x0043,0x0043,0x0043,0x0043,0x0043,0x0064,0x0084,0x0063,0x0063,0x0063,0x0063,0x0064,0x0885,0x0885,0x08A5,0x08A5,
0x0084,0x0084,0x0064,0x0084,0x08C6,0x08E7,0x08E7,0x08E7,0x08C6,0x08A5,0x08A6,0x08C6,0x08A5,0x08A5,0x08A5,0x08A5,
0x08A6,0x08C6,0x08C6,0x08C6,0x08E7,0x08E8,0x1129,0x0909,0x0929,0x0929,0x0929,0x08E7,0x08C7,0x08C6,0x08C6,0x08C7,
0x08A5,0x0084,0x0885,0x08A5,0x08A5,0x08C6,0x08C7,0x08E7,0x0908,0x0909,0x08C6,0x08A6,0x08A5,0x0084,0x0084,0x0084,
0x0885,0x0084,0x0084,0x08A5,0x08A5,0x08A5,0x08A5,0x08A5,0x0084,0x0084,0x0084,0x0084,0x0063,0x0063,0x0063,0x0063,
0x0063,0x0084,0x0084,0x0884,0x0084,0x0063,0x0043,0x0042,0x0042,0x0042,0x0042,0x0042,0x0042,0x0063,0x0084,0x0084,
0x0063,0x0043,0x0063,0x0043,0x0042,0x0042,0x0042,0x0042,0x0042,0x0043,0x0063,0x0084,0x0084,0x08A5,0x08A5,0x0085,
0x0085,0x0085,0x0084,0x0084,0x0084,0x08A5,0x08A5,0x08A5,0x0084,0x0084,0x0885,0x0885,0x08A5,0x08A5,0x08A5,0x08A5,
0x08C6,0x08C6,0x08C6,0x08C6,0x08C6,0x08E6,0x08E7,0x08E6,0x08A5,0x08A5,0x08C6,0x08C6,0x08C6,0x08C6,0x08C6,0x08E7,
0x1107,0x08E7,0x08C6,0x08C6,0x08E7,0x1107,0x1108,0x1107,0x10E7,0x08E6,0x08E6,0x1107,0x10E7,0x10E7,0x10E7,0x10E7,
0x1107,0x08E7,0x08E6,0x08A5,0x0884,0x08A5,0x08A5,0x08A5,0x0884,0x0084,0x0083,0x0063,0x08A5,0x08E6,0x1128,0x1128,
0x08E7,0x08E6,0x08C6,0x08E6,0x08E6,0x08E7,0x116A,0x19AC,0x1129,0x1108,0x1108,0x1107,0x08C6,0x08A5,0x08C6,0x08C5,
0x08A5,0x08C5,0x08E6,0x08E6,0x08E6,0x08C6,0x08E6,0x08E7,0x08E7,0x08E6,0x08C6,0x08C6,0x08C6,0x08A5,0x08A5,0x08C6,
0x08E6,0x08E7,0x08E6,0x08C6,0x08C6,0x08C6,0x08C5,0x08A5,0x08A5,0x08C6,0x08A5,0x0884,0x0063,0x0084,0x08A5,0x08C6,
0x08C5,0x08C6,0x08C6,0x08E7,0x08C6,0x08A5,0x08C6,0x08C5,0x0084,0x0084,0x0043,0x0043,0x0063,0x0063,0x0084,0x0084,
0x08A5,0x08E7,0x08C6,0x1108,0x1149,0x08A5,0x0084,0x08A5,0x08A5,0x08A5,0x0885,0x0084,0x0884,0x0084,0x0063,0x0063,
0x0042,0x0063,0x0884,0x0884,0x0063,0x0063,0x0043,0x0063,0x0043,0x0043,0x0043,0x0063,0x0063,0x0043,0x0042,0x0042,
0x0042,0x0043,0x0043,0x0042,0x0042,0x0042,0x0043,0x0042,0x0022,0x0022,0x0042,0x0042,0x0022,0x0022,0x0022,0x0022,
0x0022,0x0022,0x0022,0x0022,0x0022,0x0021,0x0021,0x0021,0x0022,0x0022,0x0022,0x0021,0x0021,0x0022,0x0022,0x0022,
0x0022,0x0042,0x0042,0x0042,0x0022,0x0022,0x0021,0x0021,0x0022,0x0022,0x0022,0x0022,0x0022,0x0022,0x0022,0x0022,
0x0022,0x0022,0x0022,0x0022,0x0022,0x0022,0x0022,0x0022,0x0022,0x0022,0x0022,0x0022,0x0022,0x0042,0x0042,0x0022,
0x0022,0x0022,0x0022,0x0021,0x0021,0x0021,0x0021,0x0021,0x0021,0x0022,0x0022,0x0021,0x0021,0x0021,0x0021,0x0021,
0x0021,0x0021,0x0021,0x0021,0x0021,0x0021,0x0021,0x0021,0x0021,0x0021,0x0021,0x0021,0x0021,0x0021,0x0021,0x0021,
0x0021,0x0021,0x0021,0x0021,0x0021,0x0021,0x0021,0x0021,0x0021,0x0021,0x0021,0x0021,0x0021,0x0021,0x0021,0x0021,
},
{0x0021,0x0021,0x0021,0x0021,0x0021,0x0021,0x0021,0x0021,0x0021,0x0021,0x0021,0x0021,0x0021,0x0021,0x0021,0x0021,
0x0021,0x0021,0x0021,0x0021,0x0021,0x0021,0x0021,0x0021,0x0021,0x0021,0x0021,0x0021,0x0021,0x0021,0x0021,0x0021,
0x0021,0x0021,0x0021,0x0021,0x0021,0x0022,0x0022,0x0022,0x0021,0x0022,0x0022,0x0022,0x0022,0x0022,0x0022,0x0022,
0x0022,0x0022,0x0022,0x0022,0x0022,0x0022,0x0022,0x0022,0x0022,0x0022,0x0022,0x0022,0x0022,0x0022,0x0022,0x0022,
0x0042,0x0022,0x0022,0x0022,0x0022,0x0022,0x0022,0x0022,0x0022,0x0022,0x0022,0x0042,0x0022,0x0022,0x0022,0x0022,
0x0022,0x0042,0x0022,0x0022,0x0042,0x0042,0x0042,0x0042,0x0042,0x0022,0x0022,0x0022,0x0022,0x0043,0x0042,0x0022,
0x0022,0x0022,0x0022,0x0022,0x0042,0x0042,0x0042,0x0042,0x0022,0x0022,0x0022,0x0042,0x0042,0x0042,0x0022,0x0022,
0x0042,0x0042,0x0043,0x0063,0x0043,0x0042,0x0022,0x0022,0x0042,0x0042,0x0043,0x0043,0x0043,0x0042,0x0042,0x0042,
0x0042,0x0042,0x0042,0x0043,0x0043,0x0063,0x0063,0x0063,0x0063,0x0043,0x0043,0x0043,0x0064,0x0084,0x08A5,0x08A5,
0x0085,0x0064,0x0063,0x0063,0x08A5,0x08C6,0x08C6,0x08C6,0x08C6,0x08A5,0x0884,0x08A5,0x08A5,0x08A5,0x08A5,0x08A5,
0x08A5,0x08A5,0x08A5,0x0085,0x08A5,0x08A6,0x08A6,0x08E7,0x08E7,0x08E7,0x08C6,0x08C6,0x08A6,0x08A6,0x08A6,0x08C6,
0x08E8,0x0929,0x0908,0x08C6,0x08C6,0x08C6,0x08A6,0x08C7,0x08E7,0x08E8,0x08A6,0x08A5,0x08A6,0x08A5,0x0084,0x0084,
0x08A5,0x08A5,0x0085,0x0885,0x08A6,0x08A5,0x08A5,0x0084,0x0084,0x0063,0x0063,0x0084,0x0063,0x0063,0x0084,0x0063,
0x0063,0x0042,0x0063,0x0063,0x0063,0x0084,0x0063,0x0043,0x0042,0x0043,0x0042,0x0043,0x0042,0x0042,0x0063,0x0064,
0x0063,0x0043,0x0042,0x0043,0x0042,0x0042,0x0042,0x0042,0x0042,0x0042,0x0043,0x0063,0x0063,0x0084,0x0085,0x0084,
0x0064,0x0063,0x0063,0x0064,0x0084,0x0084,0x0885,0x08A5,0x0085,0x0084,0x0064,0x0084,0x0084,0x0885,0x08A5,0x08A5,
0x08A5,0x08C6,0x08A5,0x08C6,0x08C6,0x08C6,0x08C6,0x08C6,0x08C6,0x08C6,0x08C6,0x08A5,0x0084,0x08A5,0x08C6,0x08E7,
0x08E7,0x1108,0x08E7,0x08C6,0x08C6,0x08C6,0x08C6,0x08E6,0x08E6,0x08E6,0x08E6,0x1107,0x08E7,0x08E7,0x10E7,0x1107,
0x1108,0x08E7,0x1108,0x1107,0x08E7,0x08E7,0x08E7,0x1128,0x1128,0x08C6,0x0064,0x0063,0x0084,0x0884,0x0884,0x08A5,
0x08E6,0x08C6,0x0907,0x116A,0x114A,0x1149,0x198B,0x19AC,0x1149,0x1129,0x1128,0x1107,0x08C6,0x08C6,0x08C6,0x08C6,
0x08E7,0x0908,0x08C6,0x08C6,0x08C6,0x08C6,0x08E6,0x08E7,0x08E6,0x08C5,0x08A5,0x08C6,0x08C5,0x08A5,0x08C6,0x08C5,
0x08C6,0x08E7,0x08E7,0x08C6,0x08C6,0x08C6,0x08C5,0x08C6,0x1129,0x0908,0x08A5,0x08A5,0x0063,0x0084,0x08A5,0x08C6,
0x08C6,0x08C6,0x08C6,0x08A6,0x08A5,0x08A5,0x08E7,0x1128,0x08C6,0x08A5,0x08A5,0x08C6,0x08C6,0x08C6,0x08A5,0x0063,
0x0063,0x08A5,0x08C6,0x1128,0x1129,0x08C6,0x0884,0x0084,0x0084,0x0884,0x0885,0x0884,0x0885,0x0084,0x0064,0x0063,
0x0042,0x0063,0x0064,0x0063,0x0063,0x0063,0x0063,0x0043,0x0043,0x0063,0x0063,0x0063,0x0063,0x0063,0x0043,0x0043,
0x0063,0x0063,0x0043,0x0042,0x0043,0x0042,0x0042,0x0042,0x0022,0x0022,0x0042,0x0042,0x0022,0x0022,0x0022,0x0022,
0x0022,0x0022,0x0022,0x0022,0x0021,0x0021,0x0021,0x0021,0x0021,0x0021,0x0021,0x0021,0x0021,0x0021,0x0021,0x0022,
0x0022,0x0022,0x0022,0x0022,0x0022,0x0022,0x0021,0x0021,0x0021,0x0022,0x0022,0x0022,0x0022,0x0022,0x0022,0x0022,
0x0022,0x0022,0x0022,0x0022,0x0022,0x0022,0x0022,0x0022,0x0022,0x0022,0x0022,0x0022,0x0022,0x0022,0x0022,0x0022,
0x0022,0x0021,0x0021,0x0021,0x0021,0x0021,0x0022,0x0021,0x0021,0x0021,0x0021,0x0021,0x0022,0x0021,0x0021,0x0021,
0x0021,0x0021,0x0021,0x0021,0x0021,0x0021,0x0021,0x0021,0x0021,0x0021,0x0021,0x0021,0x0021,0x0021,0x0021,0x0021,
0x0021,0x0021,0x0021,0x0021,0x0021,0x0021,0x0021,0x0021,0x0021,0x0021,0x0021,0x0021,0x0021,0x0021,0x0021,0x0021,
},
{0x0021,0x0021,0x0021,0x0021,0x0021,0x0021,0x0021,0x0021,0x0021,0x0021,0x0021,0x0021,0x0021,0x0021,0x0021,0x0021,
0x0021,0x0021,0x0021,0x0021,0x0021,0x0021,0x0021,0x0021,0x0021,0x0021,0x0021,0x0021,0x0021,0x0021,0x0021,0x0021,
0x0021,0x0021,0x0021,0x0021,0x0021,0x0021,0x0021,0x0021,0x0021,0x0021,0x0022,0x0022,0x0022,0x0022,0x0022,0x0022,
0x0022,0x0022,0x0022,0x0022,0x0022,0x0022,0x0022,0x0022,0x0022,0x0022,0x0022,0x0022,0x0022,0x0022,0x0022,0x0022,
0x0022,0x0022,0x0022,0x0022,0x0022,0x0022,0x0022,0x0022,0x0022,0x0022,0x0022,0x0022,0x0022,0x0022,0x0022,0x0022,
0x0022,0x0022,0x0042,0x0042,0x0042,0x0042,0x0022,0x0022,0x0022,0x0022,0x0022,0x0022,0x0022,0x0022,0x0042,0x0022,
0x0022,0x0022,0x0022,0x0022,0x0022,0x0022,0x0022,0x0022,0x0022,0x0022,0x0042,0x0042,0x0042,0x0042,0x0042,0x0042,
0x0022,0x0042,0x0042,0x0043,0x0042,0x0042,0x0042,0x0022,0x0042,0x0042,0x0063,0x0063,0x0043,0x0042,0x0042,0x0042,
0x0042,0x0042,0x0042,0x0042,0x0042,0x0043,0x0043,0x0043,0x0043,0x0043,0x0043,0x0043,0x0043,0x0063,0x0064,0x0085,
0x0885,0x0064,0x0063,0x0884,0x08C6,0x08C6,0x08C6,0x08C6,0x08C6,0x08C6,0x0084,0x0084,0x0084,0x0064,0x0084,0x08A5,
0x0084,0x0084,0x0084,0x0084,0x08A5,0x0085,0x0085,0x08A6,0x08E7,0x08C7,0x08C6,0x08A6,0x08A5,0x08A5,0x08A6,0x08E7,
0x08E8,0x0908,0x0929,0x0929,0x08E7,0x08C6,0x00A5,0x08A5,0x08C6,0x08E7,0x08A6,0x08C6,0x08C6,0x08A6,0x08A5,0x08A5,
0x08A5,0x08A5,0x08A5,0x0084,0x0084,0x0084,0x0084,0x0084,0x0064,0x0063,0x0063,0x0064,0x0063,0x0063,0x0884,0x0884,
0x0063,0x0043,0x0063,0x0063,0x0063,0x0063,0x0063,0x0063,0x0063,0x0043,0x0063,0x0063,0x0063,0x0063,0x0063,0x0043,
0x0042,0x0042,0x0042,0x0042,0x0042,0x0042,0x0042,0x0042,0x0042,0x0042,0x0042,0x0043,0x0043,0x0043,0x0063,0x0063,
0x0063,0x0063,0x0063,0x0063,0x0063,0x0064,0x0064,0x0084,0x0084,0x0063,0x0063,0x0063,0x0084,0x0084,0x08A5,0x08A5,
0x08A5,0x08A5,0x0885,0x0885,0x08A5,0x08A5,0x08C6,0x08A6,0x08A6,0x08C6,0x08C6,0x0084,0x0084,0x08C6,0x08C6,0x08C6,
0x08C6,0x08E6,0x08C6,0x08E6,0x08C6,0x08C5,0x08A5,0x08A5,0x08C6,0x08C6,0x08C6,0x08E6,0x08E6,0x08E7,0x08E6,0x08C6,
0x08C6,0x08C5,0x08E6,0x08C6,0x08C6,0x08C6,0x08C6,0x08E7,0x1108,0x08E7,0x08A5,0x0063,0x0084,0x0084,0x08A5,0x08C5,
0x08A5,0x08C5,0x1128,0x114A,0x1129,0x1108,0x1108,0x1108,0x1108,0x1129,0x1108,0x08E7,0x08E7,0x08E7,0x08E7,0x1128,
0x1128,0x1128,0x08E7,0x0907,0x08E7,0x08C6,0x08E7,0x08E6,0x08C6,0x08C6,0x08C6,0x08C6,0x08C6,0x08C6,0x08E7,0x08C6,
0x08E7,0x08E7,0x08E6,0x08C6,0x08A5,0x08A5,0x08A5,0x08E7,0x08E8,0x08C7,0x08A5,0x08A5,0x08A5,0x08C6,0x08C6,0x1108,
0x0908,0x08C6,0x0085,0x0084,0x0084,0x0084,0x08A5,0x08E7,0x08C6,0x08A5,0x08E7,0x0908,0x08E7,0x1149,0x0908,0x08A5,
0x0884,0x08A5,0x0885,0x0884,0x08A5,0x08A5,0x0084,0x0064,0x0084,0x0084,0x08A5,0x08A5,0x08A5,0x0084,0x0084,0x0063,
0x0063,0x0063,0x0063,0x0063,0x0064,0x0064,0x0064,0x0063,0x0043,0x0063,0x0063,0x0043,0x0043,0x0043,0x0063,0x0063,
0x0043,0x0042,0x0043,0x0042,0x0042,0x0042,0x0042,0x0022,0x0022,0x0022,0x0022,0x0022,0x0022,0x0022,0x0022,0x0022,
0x0022,0x0022,0x0022,0x0022,0x0022,0x0021,0x0021,0x0021,0x0021,0x0021,0x0021,0x0021,0x0021,0x0021,0x0021,0x0022,
0x0022,0x0022,0x0022,0x0022,0x0022,0x0021,0x0021,0x0021,0x0021,0x0021,0x0021,0x0022,0x0022,0x0022,0x0022,0x0021,
0x0021,0x0021,0x0021,0x0021,0x0021,0x0021,0x0021,0x0021,0x0021,0x0021,0x0021,0x0021,0x0022,0x0022,0x0022,0x0022,
0x0021,0x0021,0x0021,0x0021,0x0021,0x0021,0x0022,0x0021,0x0021,0x0021,0x0021,0x0021,0x0021,0x0021,0x0021,0x0021,
0x0021,0x0021,0x0021,0x0021,0x0021,0x0021,0x0021,0x0021,0x0021,0x0021,0x0021,0x0021,0x0021,0x0021,0x0021,0x0021,
0x0021,0x0021,0x0021,0x0021,0x0021,0x0021,0x0021,0x0021,0x0021,0x0021,0x0021,0x0021,0x0021,0x0021,0x0021,0x0021,
},
{0x0021,0x0021,0x0021,0x0021,0x0021,0x0021,0x0021,0x0021,0x0021,0x0021,0x0021,0x0021,0x0021,0x0021,0x0021,0x0021,
0x0021,0x0021,0x0021,0x0021,0x0021,0x0021,0x0021,0x0021,0x0021,0x0021,0x0021,0x0021,0x0021,0x0021,0x0021,0x0021,
0x0021,0x0021,0x0021,0x0021,0x0021,0x0021,0x0021,0x0021,0x0021,0x0021,0x0021,0x0021,0x0021,0x0022,0x0022,0x0022,
0x0022,0x0022,0x0022,0x0022,0x0022,0x0022,0x0022,0x0022,0x0022,0x0022,0x0022,0x0022,0x0022,0x0022,0x0022,0x0022,
0x0022,0x0022,0x0022,0x0022,0x0022,0x0022,0x0022,0x0022,0x0022,0x0022,0x0022,0x0022,0x0022,0x0022,0x0022,0x0022,
0x0042,0x0042,0x0042,0x0042,0x0022,0x0022,0x0022,0x0022,0x0022,0x0022,0x0022,0x0022,0x0022,0x0022,0x0022,0x0022,
0x0022,0x0022,0x0022,0x0022,0x0022,0x0022,0x0022,0x0022,0x0022,0x0022,0x0022,0x0042,0x0042,0x0042,0x0042,0x0042,
0x0022,0x0042,0x0042,0x0042,0x0042,0x0042,0x0042,0x0042,0x0042,0x0042,0x0043,0x0063,0x0043,0x0042,0x0022,0x0042,
0x0042,0x0042,0x0042,0x0042,0x0042,0x0042,0x0042,0x0042,0x0043,0x0043,0x0043,0x0043,0x0043,0x0063,0x0064,0x0084,
0x0084,0x0063,0x0063,0x0084,0x08A5,0x08A5,0x08A5,0x08A5,0x08C6,0x08C6,0x08A5,0x08A5,0x0885,0x0063,0x0064,0x0084,
0x0084,0x0064,0x0064,0x0084,0x0084,0x0084,0x0084,0x08A6,0x08C7,0x08C6,0x08C7,0x08C6,0x08C6,0x08A5,0x08A6,0x08C7,
0x08E7,0x08E7,0x08E7,0x1129,0x0908,0x08E7,0x00A5,0x0085,0x0085,0x08C6,0x08E7,0x08E7,0x08C6,0x08A5,0x08A5,0x08A6,
0x08A5,0x08A5,0x08A5,0x0084,0x0084,0x0084,0x08A5,0x0084,0x0084,0x0884,0x0064,0x0063,0x0084,0x0884,0x0884,0x0884,
0x0084,0x0063,0x0063,0x0063,0x0063,0x0063,0x0063,0x0063,0x0063,0x0063,0x0043,0x0043,0x0063,0x0063,0x0084,0x0063,
0x0042,0x0022,0x0022,0x0022,0x0022,0x0022,0x0022,0x0042,0x0042,0x0042,0x0042,0x0042,0x0042,0x0042,0x0043,0x0043,
0x0042,0x0063,0x0063,0x0043,0x0043,0x0043,0x0063,0x0063,0x0063,0x0043,0x0063,0x0063,0x0064,0x0084,0x08A5,0x08A6,
0x08A5,0x0084,0x0084,0x0084,0x0885,0x08A5,0x08A5,0x08C6,0x08A6,0x08A5,0x08A5,0x0084,0x08A5,0x08E6,0x08C6,0x08C6,
0x08C5,0x08C5,0x08A5,0x08A5,0x08A5,0x08A5,0x08A5,0x08C6,0x08E7,0x08E6,0x08A5,0x08A5,0x08C6,0x08C6,0x08C6,0x08A5,
0x08A5,0x08A5,0x08A5,0x08A5,0x08A5,0x08C6,0x08C6,0x08C6,0x08C6,0x08C6,0x08A5,0x0084,0x0884,0x08A5,0x0907,0x0907,
0x08C6,0x08E7,0x08E7,0x0908,0x1149,0x1129,0x1128,0x0908,0x08E7,0x0907,0x0907,0x08E6,0x08C6,0x08E7,0x08E7,0x08E7,
0x08E6,0x08C6,0x08C6,0x08C6,0x08E6,0x08E6,0x1108,0x08E7,0x08E7,0x08C6,0x08A5,0x08A5,0x08E7,0x1129,0x1108,0x08E7,
0x1129,0x1108,0x08C6,0x08E7,0x08E6,0x08A5,0x08A5,0x08E7,0x08C6,0x08C6,0x08A5,0x0885,0x08C6,0x0907,0x08A5,0x08C6,
0x1128,0x08C6,0x0064,0x0063,0x0063,0x0063,0x08A5,0x08C6,0x08C6,0x08A5,0x08A5,0x08A5,0x08A5,0x08C6,0x08C6,0x08A5,
0x0084,0x0084,0x0064,0x0084,0x0084,0x0885,0x08A5,0x08A5,0x08A5,0x08A5,0x0084,0x0885,0x0085,0x0064,0x0084,0x0064,
0x0084,0x0084,0x0064,0x0064,0x0084,0x08A5,0x0084,0x0063,0x0043,0x0063,0x0063,0x0043,0x0043,0x0043,0x0063,0x0063,
0x0042,0x0042,0x0042,0x0042,0x0042,0x0022,0x0042,0x0042,0x0042,0x0022,0x0022,0x0022,0x0022,0x0022,0x0022,0x0022,
0x0022,0x0022,0x0022,0x0022,0x0022,0x0022,0x0021,0x0021,0x0021,0x0021,0x0021,0x0021,0x0021,0x0021,0x0021,0x0022,
0x0022,0x0021,0x0021,0x0021,0x0021,0x0021,0x0021,0x0021,0x0021,0x0021,0x0021,0x0021,0x0022,0x0022,0x0022,0x0021,
0x0021,0x0021,0x0021,0x0021,0x0021,0x0021,0x0021,0x0021,0x0021,0x0021,0x0021,0x0022,0x0022,0x0022,0x0021,0x0021,
0x0021,0x0021,0x0021,0x0021,0x0021,0x0021,0x0021,0x0021,0x0021,0x0021,0x0021,0x0021,0x0021,0x0021,0x0021,0x0021,
0x0021,0x0021,0x0021,0x0021,0x0021,0x0021,0x0021,0x0021,0x0021,0x0021,0x0021,0x0021,0x0021,0x0021,0x0021,0x0021,
0x0021,0x0021,0x0021,0x0021,0x0021,0x0021,0x0021,0x0021,0x0021,0x0021,0x0021,0x0021,0x0021,0x0021,0x0021,0x0021,
},
{0x0021,0x0021,0x0021,0x0021,0x0021,0x0021,0x0021,0x0021,0x0021,0x0021,0x0021,0x0021,0x0021,0x0021,0x0021,0x0021,
0x0021,0x0021,0x0021,0x0021,0x0021,0x0021,0x0021,0x0021,0x0021,0x0021,0x0021,0x0021,0x0021,0x0021,0x0021,0x0021,
0x0021,0x0021,0x0021,0x0021,0x0021,0x0021,0x0021,0x0021,0x0021,0x0021,0x0021,0x0021,0x0021,0x0021,0x0022,0x0022,
0x0022,0x0022,0x0022,0x0022,0x0022,0x0022,0x0022,0x0022,0x0022,0x0022,0x0022,0x0022,0x0022,0x0022,0x0022,0x0022,
0x0022,0x0022,0x0022,0x0022,0x0022,0x0022,0x0022,0x0022,0x0022,0x0022,0x0022,0x0022,0x0022,0x0022,0x0022,0x0022,
0x0022,0x0042,0x0043,0x0042,0x0022,0x0022,0x0022,0x0022,0x0022,0x0022,0x0022,0x0042,0x0042,0x0022,0x0022,0x0022,
0x0022,0x0022,0x0022,0x0022,0x0022,0x0022,0x0022,0x0022,0x0022,0x0022,0x0022,0x0022,0x0022,0x0042,0x0042,0x0042,
0x0042,0x0042,0x0042,0x0042,0x0042,0x0042,0x0042,0x0042,0x0042,0x0042,0x0042,0x0063,0x0063,0x0042,0x0022,0x0022,
0x0042,0x0042,0x0042,0x0042,0x0042,0x0022,0x0042,0x0042,0x0043,0x0043,0x0043,0x0043,0x0043,0x0043,0x0063,0x0064,
0x0084,0x0063,0x0063,0x0063,0x0064,0x0084,0x0084,0x0084,0x0084,0x08A5,0x08A5,0x08A6,0x08A5,0x0084,0x0084,0x0084,
0x0084,0x0084,0x0063,0x0063,0x0084,0x0064,0x0084,0x08A5,0x08A6,0x08C6,0x08C6,0x08C6,0x08A6,0x08A5,0x08C6,0x08C6,
0x08C6,0x08E7,0x1129,0x1129,0x0929,0x0909,0x08C7,0x08A6,0x08E7,0x08E7,0x08E7,0x08C7,0x0084,0x0084,0x0084,0x0084,
0x0085,0x08A5,0x08A5,0x0085,0x0084,0x08A5,0x08C6,0x08A5,0x0885,0x08A5,0x0084,0x0064,0x0084,0x08A5,0x0884,0x0084,
0x0064,0x0084,0x0084,0x0064,0x0063,0x0063,0x0063,0x0063,0x0063,0x0063,0x0063,0x0063,0x0063,0x0063,0x0043,0x0063,
0x0063,0x0042,0x0022,0x0022,0x0022,0x0022,0x0022,0x0022,0x0042,0x0042,0x0042,0x0042,0x0042,0x0042,0x0084,0x0063,
0x0042,0x0043,0x0043,0x0043,0x0042,0x0042,0x0042,0x0043,0x0043,0x0043,0x0063,0x0063,0x0063,0x0064,0x0085,0x08A5,
0x0885,0x0084,0x0084,0x08A5,0x08A5,0x08A5,0x08A5,0x08C6,0x08A5,0x0084,0x0084,0x0085,0x0085,0x08A5,0x08A5,0x08A5,
0x08A5,0x08A5,0x08A5,0x0885,0x0084,0x0084,0x0885,0x08A5,0x08C6,0x08C6,0x08A5,0x08A5,0x08A5,0x08A5,0x08A5,0x08A4,
0x0884,0x08A5,0x08A5,0x08A5,0x08A5,0x08A5,0x08C6,0x08C6,0x08C6,0x08C6,0x08C6,0x08A5,0x08A5,0x08C6,0x08E6,0x08E7,
0x08C6,0x08C6,0x08C6,0x08E7,0x08E7,0x1128,0x1129,0x1108,0x08E7,0x08C6,0x08C6,0x08E6,0x08C6,0x08C6,0x08C6,0x08C6,
0x08A5,0x08C6,0x08C6,0x08A5,0x08C6,0x08E6,0x08A5,0x08A5,0x08C6,0x08E6,0x08C6,0x08C6,0x08E7,0x08E7,0x08C6,0x08C6,
0x0908,0x0908,0x08E7,0x08C6,0x08E7,0x08C6,0x08C6,0x08E7,0x0908,0x08C6,0x08C6,0x08E7,0x08A5,0x0084,0x0084,0x0084,
0x08A5,0x08A5,0x0063,0x0063,0x0043,0x0063,0x0084,0x0084,0x08A5,0x0085,0x0063,0x0063,0x0084,0x0084,0x0085,0x0084,
0x0084,0x0084,0x0063,0x0084,0x0084,0x0084,0x08A6,0x08E7,0x08C7,0x08A5,0x0084,0x0084,0x0084,0x0064,0x0064,0x0064,
0x0064,0x0064,0x0064,0x0084,0x0084,0x0084,0x0084,0x0063,0x0063,0x0063,0x0043,0x0043,0x0043,0x0063,0x0063,0x0063,
0x0043,0x0043,0x0042,0x0042,0x0022,0x0022,0x0022,0x0022,0x0042,0x0022,0x0022,0x0022,0x0022,0x0022,0x0022,0x0022,
0x0022,0x0022,0x0022,0x0022,0x0022,0x0022,0x0021,0x0021,0x0021,0x0021,0x0021,0x0021,0x0021,0x0021,0x0021,0x0022,
0x0022,0x0021,0x0021,0x0021,0x0021,0x0021,0x0021,0x0021,0x0021,0x0021,0x0021,0x0021,0x0022,0x0022,0x0022,0x0021,
0x0021,0x0021,0x0021,0x0021,0x0021,0x0021,0x0021,0x0021,0x0021,0x0021,0x0022,0x0022,0x0022,0x0022,0x0021,0x0021,
0x0021,0x0021,0x0021,0x0021,0x0021,0x0021,0x0021,0x0021,0x0021,0x0021,0x0021,0x0021,0x0021,0x0021,0x0021,0x0021,
0x0021,0x0021,0x0021,0x0021,0x0021,0x0021,0x0021,0x0021,0x0021,0x0021,0x0021,0x0021,0x0021,0x0021,0x0021,0x0021,
0x0021,0x0021,0x0021,0x0021,0x0021,0x0021,0x0021,0x0021,0x0021,0x0021,0x0021,0x0021,0x0021,0x0021,0x0021,0x0021,
},
{0x0021,0x0021,0x0021,0x0021,0x0021,0x0021,0x0021,0x0021,0x0021,0x0021,0x0021,0x0021,0x0021,0x0021,0x0021,0x0021,
0x0021,0x0021,0x0021,0x0021,0x0021,0x0021,0x0021,0x0021,0x0021,0x0021,0x0021,0x0021,0x0021,0x0021,0x0021,0x0021,
0x0021,0x0021,0x0021,0x0021,0x0021,0x0021,0x0021,0x0021,0x0021,0x0021,0x0021,0x0021,0x0021,0x0021,0x0021,0x0021,
0x0022,0x0022,0x0022,0x0022,0x0022,0x0021,0x0022,0x0022,0x0022,0x0022,0x0021,0x0021,0x0022,0x0022,0x0022,0x0022,
0x0022,0x0022,0x0022,0x0022,0x0022,0x0022,0x0022,0x0022,0x0022,0x0022,0x0021,0x0021,0x0021,0x0022,0x0022,0x0022,
0x0022,0x0022,0x0042,0x0042,0x0022,0x0022,0x0022,0x0022,0x0022,0x0022,0x0022,0x0022,0x0022,0x0022,0x0022,0x0022,
0x0022,0x0022,0x0022,0x0022,0x0022,0x0022,0x0022,0x0022,0x0022,0x0022,0x0022,0x0022,0x0022,0x0022,0x0042,0x0042,
0x0042,0x0042,0x0042,0x0043,0x0043,0x0042,0x0042,0x0042,0x0042,0x0042,0x0043,0x0043,0x0043,0x0042,0x0022,0x0022,
0x0042,0x0042,0x0022,0x0042,0x0042,0x0022,0x0022,0x0042,0x0042,0x0043,0x0063,0x0043,0x0063,0x0043,0x0043,0x0063,
0x0064,0x0064,0x0063,0x0063,0x0063,0x0064,0x0064,0x0063,0x0063,0x0084,0x0084,0x0084,0x08A5,0x0085,0x08A5,0x08A5,
0x0084,0x0885,0x0084,0x0063,0x0064,0x0084,0x0084,0x0084,0x0084,0x0085,0x0085,0x0084,0x0084,0x08C6,0x08C6,0x00A5,
0x00A5,0x08A5,0x08C7,0x08A6,0x08A5,0x08A6,0x08A6,0x08A6,0x08A6,0x08E7,0x08E7,0x0085,0x0084,0x0084,0x0084,0x0084,
0x0084,0x0084,0x0084,0x08A5,0x08A6,0x08C6,0x08A5,0x0084,0x0084,0x0084,0x0084,0x0084,0x0884,0x0884,0x0084,0x0084,
0x0084,0x0084,0x0064,0x0063,0x0063,0x0064,0x0063,0x0063,0x0063,0x0063,0x0064,0x0063,0x0063,0x0043,0x0042,0x0063,
0x0063,0x0063,0x0063,0x0042,0x0042,0x0042,0x0042,0x0042,0x0042,0x0042,0x0063,0x0043,0x0043,0x0063,0x0063,0x0063,
0x0043,0x0063,0x0063,0x0043,0x0042,0x0042,0x0042,0x0043,0x0043,0x0043,0x0063,0x0043,0x0043,0x0063,0x0064,0x0064,
0x0063,0x0063,0x0063,0x0084,0x0085,0x08A5,0x0084,0x0085,0x08A5,0x0085,0x0084,0x0084,0x0084,0x0084,0x08A5,0x08A5,
0x08A5,0x08A6,0x08A5,0x0084,0x0084,0x0084,0x0084,0x0884,0x0884,0x08A5,0x08C6,0x08C6,0x08A5,0x08A5,0x08A5,0x0884,
0x08A5,0x08A5,0x08A5,0x08C5,0x08A5,0x08A5,0x08C6,0x08C6,0x08A5,0x0084,0x0084,0x08A5,0x08A5,0x08A5,0x0063,0x0064,
0x0884,0x08A5,0x08A5,0x08A5,0x08A5,0x08C6,0x08E7,0x08E7,0x08E7,0x08E7,0x08C6,0x08C6,0x08C6,0x08A5,0x08A5,0x08A5,
0x08A5,0x08A5,0x08A5,0x08A5,0x0084,0x0085,0x0084,0x0084,0x08A5,0x08A6,0x08E7,0x08E7,0x08C6,0x08A6,0x0885,0x08C6,
0x08C6,0x08C6,0x08C6,0x08A5,0x08A5,0x08C6,0x08C7,0x08C6,0x08C7,0x08C6,0x08C6,0x08C6,0x08A5,0x0084,0x0063,0x0064,
0x0084,0x0085,0x0084,0x0084,0x0063,0x0063,0x0063,0x0063,0x0064,0x0064,0x0064,0x0043,0x0043,0x0063,0x0064,0x0064,
0x0084,0x08A5,0x08C6,0x08C6,0x08A5,0x00A5,0x00A5,0x0084,0x0084,0x0064,0x0064,0x0063,0x0063,0x0063,0x0063,0x0063,
0x0063,0x0063,0x0064,0x0064,0x0064,0x0064,0x0063,0x0063,0x0063,0x0063,0x0043,0x0043,0x0043,0x0063,0x0063,0x0063,
0x0043,0x0042,0x0042,0x0042,0x0042,0x0022,0x0022,0x0022,0x0022,0x0022,0x0022,0x0022,0x0022,0x0022,0x0022,0x0022,
0x0022,0x0022,0x0022,0x0022,0x0022,0x0022,0x0021,0x0021,0x0021,0x0021,0x0021,0x0021,0x0021,0x0022,0x0022,0x0021,
0x0021,0x0021,0x0021,0x0021,0x0021,0x0021,0x0021,0x0021,0x0021,0x0021,0x0021,0x0022,0x0021,0x0022,0x0022,0x0021,
0x0021,0x0021,0x0021,0x0021,0x0021,0x0021,0x0021,0x0021,0x0021,0x0021,0x0022,0x0022,0x0022,0x0022,0x0021,0x0021,
0x0021,0x0021,0x0021,0x0021,0x0021,0x0021,0x0021,0x0021,0x0021,0x0021,0x0021,0x0021,0x0021,0x0021,0x0021,0x0021,
0x0021,0x0021,0x0021,0x0021,0x0021,0x0021,0x0021,0x0021,0x0021,0x0021,0x0021,0x0021,0x0021,0x0021,0x0021,0x0021,
0x0021,0x0021,0x0021,0x0021,0x0021,0x0021,0x0021,0x0021,0x0021,0x0021,0x0021,0x0021,0x0021,0x0021,0x0021,0x0021,
},
{0x0021,0x0021,0x0021,0x0021,0x0021,0x0021,0x0021,0x0021,0x0021,0x0021,0x0021,0x0021,0x0021,0x0021,0x0021,0x0021,
0x0021,0x0021,0x0021,0x0021,0x0021,0x0021,0x0021,0x0021,0x0021,0x0021,0x0021,0x0021,0x0021,0x0021,0x0021,0x0021,
0x0021,0x0021,0x0021,0x0021,0x0021,0x0021,0x0021,0x0021,0x0021,0x0021,0x0022,0x0021,0x0021,0x0021,0x0021,0x0021,
0x0021,0x0021,0x0021,0x0022,0x0021,0x0021,0x0021,0x0021,0x0022,0x0021,0x0021,0x0021,0x0021,0x0021,0x0022,0x0022,
0x0021,0x0022,0x0022,0x0022,0x0022,0x0022,0x0022,0x0022,0x0022,0x0022,0x0022,0x0022,0x0022,0x0022,0x0022,0x0022,
0x0022,0x0022,0x0022,0x0022,0x0022,0x0022,0x0022,0x0021,0x0022,0x0022,0x0022,0x0022,0x0022,0x0022,0x0022,0x0022,
0x0022,0x0022,0x0022,0x0022,0x0022,0x0022,0x0022,0x0022,0x0022,0x0022,0x0022,0x0022,0x0022,0x0042,0x0042,0x0042,
0x0022,0x0042,0x0043,0x0043,0x0042,0x0042,0x0042,0x0042,0x0042,0x0022,0x0042,0x0042,0x0042,0x0042,0x0042,0x0022,
0x0022,0x0022,0x0022,0x0022,0x0042,0x0022,0x0022,0x0022,0x0042,0x0043,0x0043,0x0043,0x0043,0x0043,0x0043,0x0063,
0x0064,0x0084,0x0063,0x0063,0x0063,0x0063,0x0063,0x0063,0x0063,0x0084,0x0084,0x0084,0x0084,0x0084,0x0085,0x0085,
0x0085,0x0084,0x08A5,0x08A5,0x0085,0x0085,0x0084,0x0063,0x0063,0x0064,0x0064,0x0064,0x0084,0x00A5,0x00A5,0x0084,
0x0084,0x0085,0x00A5,0x0085,0x00A5,0x0084,0x0084,0x0064,0x0063,0x0084,0x0085,0x08A5,0x08A6,0x00A5,0x0084,0x0084,
0x0084,0x0084,0x0885,0x08A5,0x08A5,0x08A5,0x0084,0x0063,0x0064,0x0064,0x0064,0x0084,0x0084,0x0063,0x0063,0x0064,
0x0084,0x0063,0x0063,0x0064,0x0064,0x0084,0x0063,0x0063,0x0063,0x0063,0x0063,0x0043,0x0043,0x0043,0x0063,0x0063,
0x0063,0x0063,0x0063,0x0043,0x0042,0x0042,0x0042,0x0042,0x0042,0x0043,0x0063,0x0063,0x0063,0x0043,0x0043,0x0063,
0x0063,0x0064,0x0084,0x0084,0x0063,0x0042,0x0043,0x0042,0x0043,0x0063,0x0063,0x0043,0x0063,0x0064,0x0064,0x0063,
0x0063,0x0063,0x0063,0x0063,0x0064,0x0084,0x0084,0x0084,0x0084,0x0084,0x0084,0x0084,0x0084,0x0084,0x0084,0x0085,
0x0085,0x08A5,0x08A5,0x0084,0x0084,0x0084,0x0084,0x0084,0x0884,0x0884,0x08A5,0x08C5,0x08A5,0x0884,0x08A5,0x08A5,
0x08A5,0x08A5,0x08A5,0x08A6,0x08A5,0x0884,0x08A5,0x08A5,0x0884,0x0084,0x0084,0x0084,0x0084,0x0063,0x0063,0x0063,
0x0084,0x08A5,0x0885,0x0084,0x0084,0x0885,0x08A5,0x08A5,0x08C6,0x08E6,0x08E7,0x08C6,0x08A5,0x0885,0x0084,0x0084,
0x08A5,0x0885,0x0084,0x0084,0x0084,0x0084,0x0084,0x0084,0x0084,0x08A5,0x08A6,0x08A5,0x08A5,0x08A5,0x08A5,0x08A5,
0x08A5,0x08A5,0x08A5,0x08A5,0x08C6,0x08C6,0x08E7,0x08A5,0x08A5,0x08A5,0x08A5,0x08A5,0x08C6,0x0085,0x0063,0x0043,
0x0063,0x0063,0x0064,0x0085,0x0085,0x0084,0x0063,0x0063,0x0043,0x0063,0x0064,0x0043,0x0042,0x0043,0x0043,0x0043,
0x0063,0x00A5,0x08E7,0x08A6,0x0085,0x08E7,0x08C6,0x0043,0x0063,0x0063,0x0063,0x0043,0x0043,0x0043,0x0043,0x0063,
0x0063,0x0063,0x0064,0x0064,0x0064,0x0063,0x0043,0x0043,0x0063,0x0043,0x0043,0x0043,0x0043,0x0043,0x0042,0x0042,
0x0042,0x0022,0x0022,0x0022,0x0042,0x0042,0x0022,0x0022,0x0022,0x0022,0x0022,0x0022,0x0022,0x0022,0x0022,0x0022,
0x0022,0x0022,0x0022,0x0022,0x0021,0x0021,0x0021,0x0021,0x0021,0x0021,0x0022,0x0022,0x0022,0x0022,0x0022,0x0022,
0x0021,0x0021,0x0021,0x0021,0x0021,0x0021,0x0021,0x0021,0x0021,0x0021,0x0021,0x0021,0x0021,0x0021,0x0022,0x0021,
0x0021,0x0021,0x0021,0x0021,0x0021,0x0021,0x0021,0x0022,0x0022,0x0022,0x0022,0x0022,0x0022,0x0022,0x0021,0x0021,
0x0021,0x0021,0x0021,0x0021,0x0021,0x0021,0x0021,0x0021,0x0021,0x0021,0x0022,0x0022,0x0021,0x0021,0x0021,0x0021,
0x0021,0x0021,0x0021,0x0021,0x0021,0x0021,0x0021,0x0021,0x0021,0x0021,0x0021,0x0021,0x0021,0x0021,0x0021,0x0021,
0x0021,0x0021,0x0021,0x0021,0x0021,0x0021,0x0021,0x0021,0x0021,0x0021,0x0021,0x0021,0x0021,0x0021,0x0021,0x0021,
},
{0x0021,0x0021,0x0021,0x0021,0x0021,0x0021,0x0021,0x0021,0x0021,0x0021,0x0021,0x0021,0x0021,0x0021,0x0021,0x0021,
0x0021,0x0021,0x0021,0x0021,0x0021,0x0021,0x0021,0x0021,0x0021,0x0021,0x0021,0x0021,0x0021,0x0021,0x0021,0x0021,
0x0021,0x0021,0x0021,0x0021,0x0021,0x0021,0x0021,0x0021,0x0021,0x0021,0x0021,0x0021,0x0021,0x0021,0x0021,0x0021,
0x0021,0x0021,0x0021,0x0021,0x0022,0x0021,0x0021,0x0021,0x0021,0x0021,0x0021,0x0021,0x0021,0x0021,0x0021,0x0022,
0x0022,0x0022,0x0022,0x0022,0x0022,0x0022,0x0022,0x0022,0x0022,0x0022,0x0022,0x0022,0x0022,0x0022,0x0022,0x0022,
0x0022,0x0022,0x0022,0x0022,0x0022,0x0022,0x0022,0x0022,0x0022,0x0022,0x0022,0x0022,0x0022,0x0022,0x0022,0x0022,
0x0022,0x0022,0x0022,0x0022,0x0022,0x0022,0x0022,0x0022,0x0022,0x0022,0x0022,0x0022,0x0022,0x0022,0x0042,0x0042,
0x0042,0x0022,0x0042,0x0042,0x0043,0x0043,0x0043,0x0042,0x0022,0x0022,0x0042,0x0042,0x0043,0x0043,0x0042,0x0022,
0x0022,0x0022,0x0022,0x0022,0x0022,0x0042,0x0042,0x0042,0x0022,0x0043,0x0063,0x0043,0x0043,0x0042,0x0043,0x0043,
0x0063,0x0064,0x0063,0x0043,0x0063,0x0063,0x0063,0x0063,0x0063,0x0063,0x0064,0x0063,0x0064,0x0064,0x0064,0x0084,
0x0084,0x0084,0x0085,0x08A6,0x08A6,0x08A6,0x00A5,0x0084,0x0064,0x0064,0x0084,0x0084,0x0084,0x0084,0x0084,0x0064,
0x0064,0x0084,0x0085,0x0084,0x0084,0x0064,0x0064,0x0063,0x0063,0x0063,0x08E7,0x08E7,0x0084,0x0085,0x08A5,0x08A5,
0x08A5,0x08A5,0x0885,0x0084,0x0084,0x0084,0x0084,0x0085,0x0084,0x0064,0x0064,0x0064,0x0084,0x0063,0x0063,0x0063,
0x0063,0x0064,0x0064,0x0084,0x0084,0x0064,0x0063,0x0063,0x0063,0x0063,0x0042,0x0043,0x0043,0x0042,0x0043,0x0063,
0x0063,0x0063,0x0063,0x0063,0x0043,0x0042,0x0042,0x0042,0x0042,0x0042,0x0042,0x0063,0x0064,0x0063,0x0063,0x0063,
0x0063,0x0063,0x0063,0x0064,0x0063,0x0063,0x0043,0x0043,0x0063,0x0064,0x0063,0x0063,0x0063,0x0084,0x0063,0x0063,
0x0063,0x0064,0x0064,0x0064,0x0064,0x0064,0x0064,0x0063,0x0063,0x0064,0x0084,0x0084,0x0084,0x0085,0x0084,0x0084,
0x0064,0x0084,0x0084,0x0084,0x0064,0x0084,0x0084,0x0084,0x0084,0x0084,0x0885,0x08A5,0x08A5,0x0885,0x0885,0x08A5,
0x08A5,0x0084,0x08A5,0x08A5,0x0885,0x0084,0x0084,0x0084,0x0084,0x0084,0x0084,0x0084,0x0064,0x0063,0x0063,0x0063,
0x0084,0x0084,0x08A5,0x0885,0x0084,0x0084,0x0084,0x0084,0x0885,0x08A5,0x08A5,0x08A5,0x0885,0x0084,0x0084,0x0084,
0x0885,0x08A5,0x0084,0x0084,0x0084,0x0064,0x0084,0x0084,0x0084,0x0084,0x0885,0x0084,0x0084,0x08A5,0x08A5,0x0084,
0x0084,0x0885,0x08A5,0x08C6,0x08C6,0x08C7,0x08C6,0x0084,0x0084,0x0084,0x0084,0x08A5,0x08A6,0x0085,0x0064,0x0063,
0x0043,0x0043,0x0063,0x0084,0x0085,0x0085,0x0084,0x0063,0x0063,0x0063,0x0064,0x0063,0x0043,0x0043,0x0043,0x0043,
0x0063,0x0064,0x0085,0x0084,0x0063,0x0084,0x0084,0x0064,0x0084,0x0063,0x0063,0x0063,0x0043,0x0043,0x0043,0x0043,
0x0063,0x0063,0x0064,0x0064,0x0064,0x0063,0x0043,0x0043,0x0043,0x0043,0x0043,0x0043,0x0043,0x0042,0x0042,0x0022,
0x0022,0x0022,0x0022,0x0022,0x0022,0x0042,0x0022,0x0022,0x0022,0x0022,0x0022,0x0022,0x0022,0x0022,0x0022,0x0022,
0x0021,0x0022,0x0022,0x0021,0x0021,0x0021,0x0021,0x0021,0x0021,0x0021,0x0021,0x0021,0x0021,0x0021,0x0022,0x0021,
0x0021,0x0021,0x0021,0x0021,0x0021,0x0021,0x0021,0x0021,0x0021,0x0021,0x0021,0x0021,0x0021,0x0021,0x0021,0x0021,
0x0021,0x0021,0x0021,0x0021,0x0021,0x0021,0x0021,0x0022,0x0022,0x0022,0x0022,0x0021,0x0022,0x0022,0x0021,0x0021,
0x0021,0x0021,0x0021,0x0021,0x0021,0x0021,0x0021,0x0021,0x0021,0x0021,0x0021,0x0022,0x0021,0x0021,0x0021,0x0021,
0x0021,0x0021,0x0021,0x0021,0x0021,0x0021,0x0021,0x0021,0x0021,0x0021,0x0021,0x0021,0x0021,0x0021,0x0021,0x0021,
0x0021,0x0021,0x0021,0x0021,0x0021,0x0021,0x0021,0x0021,0x0021,0x0021,0x0021,0x0021,0x0021,0x0021,0x0021,0x0021,
},
{0x0021,0x0021,0x0021,0x0021,0x0021,0x0021,0x0021,0x0021,0x0021,0x0021,0x0021,0x0021,0x0021,0x0021,0x0021,0x0021,
0x0021,0x0021,0x0021,0x0021,0x0021,0x0021,0x0021,0x0021,0x0021,0x0021,0x0021,0x0021,0x0021,0x0021,0x0021,0x0021,
0x0021,0x0021,0x0021,0x0021,0x0021,0x0021,0x0021,0x0021,0x0021,0x0021,0x0021,0x0021,0x0021,0x0021,0x0021,0x0021,
0x0021,0x0021,0x0021,0x0021,0x0021,0x0021,0x0021,0x0021,0x0021,0x0021,0x0021,0x0021,0x0021,0x0021,0x0021,0x0022,
0x0022,0x0022,0x0022,0x0022,0x0022,0x0022,0x0022,0x0022,0x0022,0x0022,0x0022,0x0022,0x0022,0x0022,0x0022,0x0022,
0x0022,0x0022,0x0022,0x0022,0x0022,0x0022,0x0022,0x0022,0x0022,0x0022,0x0022,0x0022,0x0022,0x0022,0x0022,0x0022,
0x0022,0x0022,0x0022,0x0022,0x0022,0x0022,0x0022,0x0022,0x0022,0x0022,0x0022,0x0022,0x0022,0x0022,0x0022,0x0042,
0x0022,0x0022,0x0022,0x0022,0x0043,0x0043,0x0043,0x0043,0x0042,0x0042,0x0043,0x0043,0x0063,0x0042,0x0022,0x0022,
0x0022,0x0022,0x0022,0x0022,0x0022,0x0042,0x0042,0x0042,0x0022,0x0042,0x0043,0x0043,0x0043,0x0042,0x0042,0x0043,
0x0063,0x0043,0x0063,0x0063,0x0063,0x0063,0x0063,0x0063,0x0063,0x0063,0x0063,0x0063,0x0063,0x0064,0x0064,0x0063,
0x0063,0x0084,0x0085,0x0084,0x0084,0x08A5,0x0085,0x0085,0x0084,0x0085,0x0084,0x0084,0x0084,0x0064,0x0064,0x0063,
0x0084,0x0085,0x0084,0x0084,0x0084,0x0064,0x0063,0x0063,0x0064,0x0084,0x08A6,0x08C7,0x0085,0x0085,0x08A5,0x08A5,
0x08C6,0x08C6,0x0084,0x0064,0x0064,0x0084,0x0084,0x0084,0x0084,0x0084,0x0084,0x0084,0x0084,0x0063,0x0063,0x0063,
0x0063,0x0084,0x0084,0x0084,0x0084,0x0064,0x0064,0x0063,0x0063,0x0063,0x0063,0x0063,0x0063,0x0063,0x0043,0x0042,
0x0063,0x0063,0x0043,0x0043,0x0063,0x0042,0x0042,0x0042,0x0042,0x0042,0x0042,0x0042,0x0063,0x0084,0x0084,0x0064,
0x0063,0x0063,0x0043,0x0043,0x0063,0x0063,0x0063,0x0063,0x0063,0x0064,0x0064,0x0063,0x0063,0x0084,0x0063,0x0063,
0x0063,0x0084,0x0084,0x0064,0x0064,0x0064,0x0064,0x0063,0x0063,0x0063,0x0063,0x0084,0x0084,0x0084,0x0084,0x0064,
0x0063,0x0063,0x0063,0x0064,0x0084,0x0084,0x0084,0x0084,0x0084,0x0084,0x0084,0x0084,0x0884,0x0884,0x0084,0x0884,
0x0884,0x0084,0x0084,0x0084,0x0084,0x0064,0x0084,0x0084,0x0084,0x0084,0x0084,0x0084,0x0084,0x0064,0x0064,0x0063,
0x0063,0x0063,0x0063,0x0084,0x0084,0x0084,0x0064,0x0064,0x0084,0x08A5,0x0884,0x0084,0x0064,0x0064,0x0064,0x0063,
0x0084,0x0084,0x0084,0x0084,0x0085,0x0084,0x0084,0x0084,0x0084,0x0084,0x0084,0x0084,0x0064,0x0084,0x08A5,0x0084,
0x0063,0x0084,0x08A6,0x08C6,0x08A5,0x08C6,0x08C6,0x0084,0x0063,0x0063,0x0084,0x0084,0x0084,0x0084,0x0063,0x0063,
0x0043,0x0063,0x0063,0x0063,0x0084,0x0084,0x0063,0x0043,0x0043,0x0043,0x0063,0x0063,0x0043,0x0043,0x0043,0x0063,
0x0063,0x0064,0x0084,0x0063,0x0063,0x0063,0x0064,0x0085,0x00A5,0x0084,0x0063,0x0063,0x0063,0x0063,0x0043,0x0043,
0x0063,0x0063,0x0063,0x0064,0x0064,0x0063,0x0063,0x0063,0x0043,0x0043,0x0043,0x0043,0x0043,0x0043,0x0042,0x0042,
0x0022,0x0022,0x0022,0x0022,0x0022,0x0022,0x0042,0x0042,0x0022,0x0022,0x0022,0x0022,0x0022,0x0022,0x0022,0x0022,
0x0022,0x0021,0x0021,0x0021,0x0022,0x0021,0x0021,0x0021,0x0021,0x0021,0x0021,0x0021,0x0021,0x0021,0x0021,0x0021,
0x0021,0x0021,0x0021,0x0021,0x0021,0x0021,0x0021,0x0021,0x0021,0x0021,0x0021,0x0021,0x0021,0x0021,0x0021,0x0021,
0x0021,0x0021,0x0021,0x0021,0x0021,0x0021,0x0021,0x0022,0x0022,0x0022,0x0021,0x0021,0x0021,0x0022,0x0022,0x0021,
0x0021,0x0021,0x0021,0x0021,0x0021,0x0021,0x0021,0x0021,0x0021,0x0021,0x0021,0x0021,0x0021,0x0021,0x0021,0x0021,
0x0021,0x0021,0x0021,0x0021,0x0021,0x0021,0x0021,0x0021,0x0021,0x0021,0x0021,0x0021,0x0021,0x0021,0x0021,0x0021,
0x0021,0x0021,0x0021,0x0021,0x0021,0x0021,0x0021,0x0021,0x0021,0x0021,0x0021,0x0021,0x0021,0x0021,0x0021,0x0021,
},
{0x0021,0x0021,0x0021,0x0021,0x0021,0x0021,0x0021,0x0021,0x0021,0x0021,0x0021,0x0021,0x0021,0x0021,0x0021,0x0021,
0x0021,0x0021,0x0021,0x0021,0x0021,0x0021,0x0021,0x0021,0x0021,0x0021,0x0021,0x0021,0x0021,0x0021,0x0021,0x0021,
0x0021,0x0021,0x0021,0x0021,0x0021,0x0021,0x0021,0x0021,0x0021,0x0021,0x0021,0x0021,0x0021,0x0021,0x0021,0x0021,
0x0021,0x0021,0x0021,0x0021,0x0021,0x0021,0x0021,0x0021,0x0021,0x0021,0x0021,0x0021,0x0021,0x0021,0x0021,0x0021,
0x0022,0x0022,0x0022,0x0022,0x0022,0x0022,0x0022,0x0022,0x0022,0x0022,0x0021,0x0021,0x0022,0x0022,0x0022,0x0022,
0x0022,0x0022,0x0022,0x0022,0x0042,0x0022,0x0022,0x0022,0x0022,0x0022,0x0022,0x0022,0x0022,0x0022,0x0022,0x0022,
0x0022,0x0022,0x0022,0x0022,0x0022,0x0022,0x0022,0x0022,0x0022,0x0022,0x0022,0x0022,0x0022,0x0022,0x0022,0x0022,
0x0042,0x0042,0x0042,0x0042,0x0022,0x0022,0x0022,0x0042,0x0042,0x0043,0x0043,0x0043,0x0063,0x0043,0x0022,0x0022,
0x0022,0x0022,0x0022,0x0022,0x0022,0x0022,0x0022,0x0042,0x0042,0x0042,0x0043,0x0043,0x0043,0x0043,0x0042,0x0043,
0x0063,0x0043,0x0043,0x0063,0x0063,0x0063,0x0063,0x0063,0x0063,0x0064,0x0063,0x0063,0x0063,0x0063,0x0063,0x0063,
0x0064,0x0064,0x0064,0x0084,0x0084,0x0084,0x0084,0x0084,0x0085,0x0085,0x0084,0x0084,0x0064,0x0064,0x0064,0x0064,
0x0064,0x0064,0x0063,0x0064,0x0084,0x0084,0x0063,0x0063,0x0084,0x00A5,0x08C6,0x0085,0x0085,0x08A5,0x08C6,0x0885,
0x0084,0x08A5,0x0084,0x0064,0x0063,0x0063,0x0063,0x0063,0x0084,0x0084,0x0084,0x0085,0x0084,0x0064,0x0084,0x0084,
0x0064,0x0084,0x0085,0x0084,0x0084,0x0084,0x0084,0x0084,0x0063,0x0063,0x0063,0x0063,0x0063,0x0063,0x0063,0x0063,
0x0063,0x0063,0x0063,0x0043,0x0043,0x0042,0x0042,0x0043,0x0042,0x0042,0x0042,0x0042,0x0043,0x0084,0x0084,0x0084,
0x0084,0x0063,0x0043,0x0043,0x0063,0x0063,0x0063,0x0063,0x0063,0x0064,0x0063,0x0043,0x0063,0x0063,0x0063,0x0063,
0x0063,0x0063,0x0084,0x0084,0x0064,0x0063,0x0064,0x0064,0x0063,0x0063,0x0064,0x0063,0x0063,0x0063,0x0064,0x0063,
0x0063,0x0063,0x0064,0x0084,0x0084,0x0084,0x0064,0x0064,0x0064,0x0064,0x0063,0x0064,0x0084,0x0084,0x0084,0x0063,
0x0064,0x0084,0x0084,0x0084,0x0084,0x0063,0x0063,0x0084,0x0064,0x0063,0x0064,0x0064,0x0084,0x0084,0x0064,0x0063,
0x0063,0x0063,0x0063,0x0063,0x0084,0x0064,0x0063,0x0063,0x0084,0x0084,0x0084,0x0084,0x0064,0x0063,0x0063,0x0063,
0x0063,0x0064,0x0064,0x0084,0x0085,0x0084,0x0084,0x0064,0x0084,0x0084,0x0084,0x0064,0x0064,0x0064,0x0084,0x0084,
0x0084,0x0084,0x0085,0x0085,0x0084,0x08A5,0x08A5,0x0085,0x0084,0x0084,0x0084,0x0063,0x0063,0x0063,0x0064,0x0084,
0x0084,0x0084,0x0063,0x0063,0x0063,0x0043,0x0043,0x0043,0x0043,0x0042,0x0043,0x0043,0x0042,0x0042,0x0042,0x0043,
0x0043,0x0043,0x0043,0x0063,0x0063,0x0063,0x0064,0x0084,0x0084,0x0064,0x0043,0x0043,0x0043,0x0043,0x0043,0x0043,
0x0063,0x0043,0x0043,0x0063,0x0063,0x0063,0x0063,0x0063,0x0063,0x0063,0x0063,0x0043,0x0043,0x0042,0x0042,0x0022,
0x0022,0x0022,0x0022,0x0022,0x0022,0x0022,0x0022,0x0022,0x0022,0x0022,0x0022,0x0022,0x0022,0x0022,0x0022,0x0022,
0x0022,0x0021,0x0021,0x0021,0x0022,0x0021,0x0021,0x0021,0x0021,0x0021,0x0022,0x0021,0x0021,0x0021,0x0021,0x0021,
0x0021,0x0021,0x0021,0x0021,0x0021,0x0021,0x0021,0x0021,0x0021,0x0021,0x0021,0x0021,0x0021,0x0021,0x0021,0x0021,
0x0021,0x0021,0x0021,0x0021,0x0021,0x0021,0x0021,0x0022,0x0022,0x0022,0x0021,0x0021,0x0021,0x0021,0x0022,0x0022,
0x0021,0x0021,0x0021,0x0021,0x0021,0x0021,0x0021,0x0021,0x0021,0x0021,0x0021,0x0021,0x0021,0x0021,0x0021,0x0021,
0x0021,0x0021,0x0021,0x0021,0x0021,0x0021,0x0021,0x0021,0x0021,0x0021,0x0021,0x0021,0x0021,0x0021,0x0021,0x0021,
0x0021,0x0021,0x0021,0x0021,0x0021,0x0021,0x0021,0x0021,0x0021,0x0021,0x0021,0x0021,0x0021,0x0021,0x0021,0x0021,
},
{0x0021,0x0021,0x0021,0x0021,0x0021,0x0021,0x0021,0x0021,0x0021,0x0021,0x0021,0x0021,0x0021,0x0021,0x0021,0x0021,
0x0021,0x0021,0x0021,0x0021,0x0021,0x0021,0x0021,0x0021,0x0021,0x0021,0x0021,0x0021,0x0021,0x0021,0x0021,0x0021,
0x0021,0x0021,0x0021,0x0021,0x0021,0x0021,0x0021,0x0021,0x0021,0x0021,0x0021,0x0021,0x0021,0x0021,0x0021,0x0021,
0x0021,0x0021,0x0021,0x0021,0x0021,0x0021,0x0021,0x0021,0x0021,0x0021,0x0021,0x0021,0x0021,0x0021,0x0021,0x0021,
0x0021,0x0021,0x0021,0x0022,0x0022,0x0022,0x0021,0x0021,0x0022,0x0022,0x0021,0x0022,0x0022,0x0022,0x0022,0x0022,
0x0022,0x0022,0x0022,0x0022,0x0022,0x0022,0x0022,0x0022,0x0022,0x0022,0x0022,0x0022,0x0022,0x0022,0x0022,0x0022,
0x0022,0x0022,0x0022,0x0022,0x0022,0x0022,0x0022,0x0022,0x0022,0x0022,0x0022,0x0022,0x0022,0x0022,0x0022,0x0022,
0x0022,0x0042,0x0042,0x0022,0x0022,0x0022,0x0022,0x0042,0x0043,0x0043,0x0022,0x0022,0x0042,0x0042,0x0042,0x0022,
0x0022,0x0022,0x0022,0x0022,0x0022,0x0022,0x0022,0x0022,0x0022,0x0042,0x0043,0x0043,0x0043,0x0043,0x0042,0x0042,
0x0043,0x0043,0x0043,0x0043,0x0043,0x0043,0x0043,0x0043,0x0063,0x0063,0x0063,0x0063,0x0063,0x0063,0x0063,0x0063,
0x0064,0x0063,0x0064,0x0084,0x0064,0x0064,0x0084,0x0084,0x0084,0x0084,0x0084,0x0064,0x0063,0x0063,0x0063,0x0064,
0x0064,0x0063,0x0063,0x0063,0x0063,0x0064,0x0063,0x0063,0x0064,0x08A5,0x08A5,0x0064,0x0084,0x0085,0x0084,0x0084,
0x0064,0x0043,0x0063,0x08A5,0x0085,0x0084,0x0064,0x0063,0x0063,0x0064,0x0084,0x0084,0x0084,0x0064,0x0084,0x0085,
0x0084,0x0085,0x0085,0x0084,0x0063,0x0084,0x0084,0x0084,0x0084,0x0063,0x0063,0x0063,0x0084,0x0084,0x0063,0x0063,
0x0063,0x0063,0x0063,0x0063,0x0043,0x0042,0x0043,0x0063,0x0063,0x0063,0x0063,0x0043,0x0063,0x0064,0x0084,0x0084,
0x0084,0x0063,0x0063,0x0063,0x0063,0x0043,0x0063,0x0063,0x0063,0x0063,0x0043,0x0043,0x0064,0x0064,0x0063,0x0064,
0x0064,0x0063,0x0063,0x0064,0x0063,0x0063,0x0063,0x0064,0x0084,0x0064,0x0063,0x0063,0x0063,0x0043,0x0063,0x0063,
0x0063,0x0064,0x0064,0x0063,0x0063,0x0063,0x0063,0x0063,0x0063,0x0063,0x0063,0x0063,0x0063,0x0063,0x0064,0x0063,
0x0043,0x0063,0x0063,0x0063,0x0063,0x0063,0x0063,0x0064,0x0064,0x0063,0x0063,0x0063,0x0063,0x0063,0x0064,0x0063,
0x0063,0x0063,0x0063,0x0063,0x0064,0x0084,0x0064,0x0084,0x0084,0x0084,0x0064,0x0084,0x0084,0x0063,0x0064,0x0063,
0x0063,0x0064,0x0084,0x0084,0x0063,0x0084,0x0084,0x0084,0x0063,0x0063,0x0063,0x0063,0x0063,0x0063,0x0063,0x0064,
0x0084,0x0064,0x0063,0x0064,0x0084,0x0084,0x0885,0x0084,0x0063,0x0064,0x0084,0x0064,0x0063,0x0063,0x0084,0x0885,
0x0085,0x0084,0x0084,0x0064,0x0063,0x0063,0x0043,0x0042,0x0043,0x0043,0x0043,0x0043,0x0042,0x0043,0x0042,0x0042,
0x0043,0x0042,0x0042,0x0043,0x0063,0x0043,0x0043,0x0043,0x0043,0x0043,0x0042,0x0042,0x0042,0x0042,0x0042,0x0042,
0x0043,0x0042,0x0042,0x0043,0x0043,0x0063,0x0063,0x0043,0x0063,0x0063,0x0063,0x0043,0x0042,0x0042,0x0022,0x0022,
0x0022,0x0022,0x0022,0x0022,0x0022,0x0022,0x0022,0x0022,0x0022,0x0022,0x0022,0x0022,0x0022,0x0022,0x0022,0x0022,
0x0022,0x0021,0x0021,0x0021,0x0021,0x0021,0x0021,0x0021,0x0021,0x0021,0x0021,0x0021,0x0021,0x0021,0x0021,0x0021,
0x0021,0x0021,0x0021,0x0021,0x0021,0x0021,0x0021,0x0021,0x0021,0x0021,0x0021,0x0021,0x0021,0x0021,0x0021,0x0021,
0x0021,0x0021,0x0021,0x0021,0x0021,0x0021,0x0021,0x0022,0x0022,0x0022,0x0021,0x0021,0x0021,0x0021,0x0022,0x0022,
0x0021,0x0021,0x0021,0x0021,0x0021,0x0021,0x0021,0x0021,0x0021,0x0021,0x0021,0x0021,0x0021,0x0021,0x0021,0x0021,
0x0021,0x0021,0x0021,0x0021,0x0021,0x0021,0x0021,0x0021,0x0021,0x0021,0x0021,0x0021,0x0021,0x0021,0x0021,0x0021,
0x0021,0x0021,0x0021,0x0021,0x0021,0x0021,0x0021,0x0021,0x0021,0x0021,0x0021,0x0021,0x0021,0x0021,0x0021,0x0021,
},
{0x0021,0x0021,0x0021,0x0021,0x0021,0x0021,0x0021,0x0021,0x0021,0x0021,0x0021,0x0021,0x0021,0x0021,0x0021,0x0021,
0x0021,0x0021,0x0021,0x0021,0x0021,0x0021,0x0021,0x0021,0x0021,0x0021,0x0021,0x0021,0x0021,0x0021,0x0021,0x0021,
0x0021,0x0021,0x0021,0x0021,0x0021,0x0021,0x0021,0x0021,0x0021,0x0021,0x0021,0x0021,0x0021,0x0021,0x0021,0x0021,
0x0021,0x0021,0x0021,0x0021,0x0021,0x0021,0x0021,0x0021,0x0021,0x0021,0x0021,0x0021,0x0021,0x0021,0x0021,0x0021,
0x0021,0x0021,0x0021,0x0021,0x0022,0x0022,0x0021,0x0021,0x0022,0x0022,0x0022,0x0022,0x0022,0x0022,0x0022,0x0022,
0x0022,0x0022,0x0022,0x0022,0x0022,0x0022,0x0022,0x0022,0x0021,0x0021,0x0021,0x0021,0x0022,0x0022,0x0022,0x0022,
0x0021,0x0021,0x0022,0x0022,0x0022,0x0022,0x0022,0x0022,0x0022,0x0022,0x0022,0x0022,0x0022,0x0022,0x0022,0x0022,
0x0022,0x0042,0x0022,0x0022,0x0022,0x0022,0x0022,0x0042,0x0043,0x0043,0x0042,0x0022,0x0022,0x0022,0x0042,0x0042,
0x0042,0x0022,0x0022,0x0022,0x0022,0x0022,0x0022,0x0022,0x0022,0x0022,0x0022,0x0042,0x0043,0x0043,0x0043,0x0042,
0x0042,0x0043,0x0043,0x0043,0x0042,0x0043,0x0043,0x0043,0x0043,0x0043,0x0043,0x0063,0x0063,0x0063,0x0063,0x0063,
0x0064,0x0064,0x0084,0x0085,0x0063,0x0064,0x0084,0x0084,0x0063,0x0064,0x0064,0x0064,0x0084,0x0064,0x0064,0x0084,
0x0064,0x0063,0x0063,0x0063,0x0063,0x0043,0x0043,0x0043,0x0084,0x08C6,0x0063,0x0063,0x0064,0x0064,0x0064,0x0084,
0x0084,0x0063,0x0063,0x0084,0x0084,0x0064,0x0084,0x0064,0x0064,0x0064,0x0064,0x0064,0x0064,0x0064,0x0084,0x0085,
0x08A5,0x08A5,0x0884,0x0084,0x0084,0x0084,0x0084,0x0084,0x0084,0x0084,0x0063,0x0064,0x0084,0x0084,0x0063,0x0063,
0x0063,0x0063,0x0063,0x0063,0x0043,0x0043,0x0063,0x0063,0x0063,0x0063,0x0063,0x0063,0x0063,0x0063,0x0063,0x0063,
0x0063,0x0043,0x0063,0x0063,0x0063,0x0063,0x0063,0x0063,0x0063,0x0043,0x0043,0x0043,0x0063,0x0084,0x0063,0x0084,
0x0084,0x0063,0x0043,0x0063,0x0063,0x0064,0x0064,0x0084,0x0084,0x0064,0x0063,0x0063,0x0043,0x0043,0x0063,0x0063,
0x0063,0x0064,0x0064,0x0063,0x0063,0x0063,0x0063,0x0063,0x0063,0x0063,0x0063,0x0063,0x0063,0x0063,0x0063,0x0063,
0x0063,0x0043,0x0063,0x0063,0x0063,0x0063,0x0063,0x0063,0x0063,0x0063,0x0043,0x0063,0x0063,0x0063,0x0063,0x0063,
0x0063,0x0063,0x0063,0x0063,0x0064,0x0084,0x0084,0x0084,0x0084,0x0084,0x0064,0x0064,0x0064,0x0064,0x0084,0x0084,
0x0084,0x0084,0x0084,0x0063,0x0043,0x0063,0x0064,0x0084,0x0064,0x0064,0x0063,0x0043,0x0043,0x0043,0x0043,0x0063,
0x0063,0x0063,0x0063,0x0063,0x0063,0x0063,0x0063,0x0064,0x0084,0x0084,0x0084,0x0084,0x0084,0x0064,0x0063,0x0084,
0x0064,0x0064,0x0084,0x0063,0x0064,0x0064,0x0064,0x0064,0x0063,0x0043,0x0043,0x0042,0x0043,0x0043,0x0043,0x0043,
0x0043,0x0042,0x0042,0x0043,0x0063,0x0043,0x0042,0x0042,0x0042,0x0042,0x0042,0x0043,0x0043,0x0042,0x0042,0x0042,
0x0042,0x0042,0x0043,0x0042,0x0042,0x0042,0x0042,0x0043,0x0043,0x0043,0x0043,0x0043,0x0042,0x0042,0x0022,0x0022,
0x0022,0x0022,0x0022,0x0022,0x0022,0x0022,0x0022,0x0022,0x0022,0x0022,0x0022,0x0022,0x0022,0x0022,0x0022,0x0022,
0x0022,0x0021,0x0021,0x0022,0x0022,0x0021,0x0021,0x0021,0x0021,0x0021,0x0021,0x0021,0x0021,0x0021,0x0021,0x0021,
0x0021,0x0021,0x0021,0x0021,0x0021,0x0021,0x0021,0x0021,0x0021,0x0021,0x0021,0x0021,0x0021,0x0021,0x0021,0x0021,
0x0021,0x0021,0x0021,0x0021,0x0021,0x0021,0x0021,0x0021,0x0021,0x0022,0x0021,0x0021,0x0021,0x0021,0x0021,0x0021,
0x0021,0x0021,0x0021,0x0021,0x0021,0x0021,0x0021,0x0021,0x0021,0x0021,0x0021,0x0021,0x0021,0x0021,0x0021,0x0021,
0x0021,0x0021,0x0021,0x0021,0x0021,0x0021,0x0021,0x0021,0x0021,0x0021,0x0021,0x0021,0x0021,0x0021,0x0021,0x0021,
0x0021,0x0021,0x0021,0x0021,0x0021,0x0021,0x0021,0x0021,0x0021,0x0021,0x0021,0x0021,0x0021,0x0021,0x0021,0x0021,
},
{0x0021,0x0021,0x0021,0x0021,0x0021,0x0021,0x0021,0x0021,0x0021,0x0021,0x0021,0x0021,0x0021,0x0021,0x0021,0x0021,
0x0021,0x0021,0x0021,0x0021,0x0021,0x0021,0x0021,0x0021,0x0021,0x0021,0x0021,0x0021,0x0021,0x0021,0x0021,0x0021,
0x0021,0x0021,0x0021,0x0021,0x0021,0x0021,0x0021,0x0021,0x0021,0x0021,0x0021,0x0021,0x0021,0x0021,0x0021,0x0021,
0x0021,0x0021,0x0021,0x0021,0x0021,0x0021,0x0021,0x0021,0x0021,0x0021,0x0021,0x0021,0x0021,0x0021,0x0021,0x0021,
0x0021,0x0021,0x0021,0x0021,0x0021,0x0022,0x0021,0x0021,0x0022,0x0022,0x0022,0x0022,0x0022,0x0022,0x0022,0x0022,
0x0022,0x0022,0x0022,0x0022,0x0022,0x0022,0x0021,0x0021,0x0021,0x0021,0x0021,0x0021,0x0022,0x0022,0x0022,0x0022,
0x0021,0x0021,0x0021,0x0022,0x0022,0x0022,0x0022,0x0022,0x0022,0x0022,0x0022,0x0022,0x0022,0x0022,0x0022,0x0022,
0x0042,0x0022,0x0022,0x0022,0x0022,0x0022,0x0022,0x0042,0x0042,0x0043,0x0042,0x0022,0x0022,0x0022,0x0022,0x0022,
0x0042,0x0042,0x0022,0x0022,0x0022,0x0022,0x0022,0x0022,0x0022,0x0022,0x0022,0x0022,0x0042,0x0043,0x0063,0x0043,
0x0043,0x0043,0x0043,0x0042,0x0042,0x0043,0x0043,0x0043,0x0043,0x0043,0x0042,0x0043,0x0043,0x0042,0x0043,0x0043,
0x0063,0x0063,0x0063,0x0064,0x0064,0x0084,0x0064,0x0064,0x0063,0x0063,0x0063,0x0063,0x0084,0x0084,0x0064,0x0063,
0x0063,0x0063,0x0063,0x0063,0x0063,0x0043,0x0043,0x0043,0x0063,0x0063,0x0043,0x0063,0x0063,0x0063,0x0063,0x0064,
0x0064,0x0064,0x0064,0x0064,0x0084,0x0064,0x0084,0x0084,0x0064,0x0084,0x0084,0x0064,0x0064,0x0064,0x0084,0x0085,
0x08A6,0x08A5,0x0084,0x0084,0x0084,0x0084,0x0084,0x0084,0x0084,0x0084,0x0063,0x0084,0x0085,0x0084,0x0063,0x0063,
0x0063,0x0063,0x0064,0x0063,0x0063,0x0063,0x0063,0x0063,0x0063,0x0063,0x0063,0x0064,0x0084,0x0084,0x0063,0x0063,
0x0063,0x0043,0x0043,0x0063,0x0063,0x0063,0x0063,0x0043,0x0043,0x0043,0x0043,0x0043,0x0063,0x0063,0x0063,0x0064,
0x0084,0x0084,0x0064,0x0084,0x0064,0x0063,0x0063,0x0063,0x0063,0x0063,0x0063,0x0063,0x0063,0x0063,0x0063,0x0043,
0x0063,0x0063,0x0063,0x0063,0x0043,0x0043,0x0063,0x0043,0x0043,0x0063,0x0063,0x0063,0x0063,0x0063,0x0064,0x0064,
0x0063,0x0063,0x0063,0x0063,0x0063,0x0063,0x0043,0x0043,0x0043,0x0043,0x0042,0x0043,0x0043,0x0043,0x0043,0x0043,
0x0043,0x0063,0x0063,0x0063,0x0063,0x0063,0x0063,0x0063,0x0063,0x0063,0x0063,0x0063,0x0063,0x0063,0x0064,0x0063,
0x0063,0x0063,0x0063,0x0063,0x0063,0x0043,0x0043,0x0043,0x0063,0x0063,0x0064,0x0063,0x0043,0x0043,0x0043,0x0042,
0x0043,0x0063,0x0063,0x0063,0x0063,0x0063,0x0063,0x0084,0x0084,0x0084,0x0064,0x0063,0x0063,0x0063,0x0043,0x0063,
0x0043,0x0043,0x0043,0x0042,0x0042,0x0043,0x0043,0x0043,0x0063,0x0043,0x0042,0x0043,0x0042,0x0043,0x0043,0x0043,
0x0043,0x0042,0x0042,0x0042,0x0042,0x0042,0x0042,0x0042,0x0042,0x0043,0x0043,0x0064,0x0063,0x0043,0x0042,0x0022,
0x0042,0x0042,0x0043,0x0042,0x0042,0x0042,0x0042,0x0043,0x0043,0x0043,0x0043,0x0043,0x0042,0x0042,0x0042,0x0042,
0x0022,0x0042,0x0022,0x0022,0x0022,0x0022,0x0022,0x0022,0x0022,0x0022,0x0022,0x0022,0x0022,0x0022,0x0022,0x0022,
0x0022,0x0022,0x0022,0x0021,0x0021,0x0021,0x0021,0x0021,0x0021,0x0021,0x0021,0x0021,0x0021,0x0021,0x0021,0x0021,
0x0021,0x0021,0x0021,0x0021,0x0021,0x0021,0x0021,0x0021,0x0021,0x0021,0x0021,0x0021,0x0021,0x0021,0x0021,0x0021,
0x0021,0x0021,0x0021,0x0021,0x0021,0x0021,0x0021,0x0021,0x0021,0x0021,0x0021,0x0021,0x0021,0x0021,0x0021,0x0021,
0x0022,0x0022,0x0021,0x0021,0x0021,0x0021,0x0021,0x0021,0x0021,0x0021,0x0021,0x0021,0x0021,0x0021,0x0021,0x0021,
0x0021,0x0021,0x0021,0x0021,0x0021,0x0021,0x0021,0x0021,0x0021,0x0021,0x0021,0x0021,0x0021,0x0021,0x0021,0x0021,
0x0021,0x0021,0x0021,0x0021,0x0021,0x0021,0x0021,0x0021,0x0021,0x0021,0x0021,0x0021,0x0021,0x0021,0x0021,0x0021,
},
{0x0021,0x0021,0x0021,0x0021,0x0021,0x0021,0x0021,0x0021,0x0021,0x0021,0x0021,0x0021,0x0021,0x0021,0x0021,0x0021,
0x0021,0x0021,0x0021,0x0021,0x0021,0x0021,0x0021,0x0021,0x0021,0x0021,0x0021,0x0021,0x0021,0x0021,0x0021,0x0021,
0x0021,0x0021,0x0021,0x0021,0x0021,0x0021,0x0021,0x0021,0x0021,0x0021,0x0021,0x0021,0x0021,0x0021,0x0021,0x0021,
0x0021,0x0021,0x0021,0x0021,0x0021,0x0021,0x0021,0x0021,0x0021,0x0021,0x0021,0x0021,0x0021,0x0021,0x0021,0x0021,
0x0021,0x0021,0x0021,0x0021,0x0021,0x0021,0x0022,0x0022,0x0022,0x0022,0x0022,0x0022,0x0022,0x0022,0x0022,0x0022,
0x0022,0x0022,0x0022,0x0022,0x0022,0x0022,0x0021,0x0021,0x0022,0x0021,0x0021,0x0021,0x0022,0x0022,0x0022,0x0022,
0x0022,0x0022,0x0022,0x0022,0x0022,0x0022,0x0022,0x0022,0x0022,0x0022,0x0022,0x0022,0x0022,0x0022,0x0022,0x0022,
0x0022,0x0022,0x0022,0x0022,0x0022,0x0022,0x0022,0x0042,0x0042,0x0042,0x0042,0x0042,0x0022,0x0022,0x0022,0x0022,
0x0022,0x0022,0x0022,0x0022,0x0022,0x0022,0x0022,0x0022,0x0022,0x0022,0x0022,0x0022,0x0022,0x0042,0x0063,0x0043,
0x0043,0x0042,0x0042,0x0042,0x0042,0x0042,0x0043,0x0043,0x0042,0x0043,0x0042,0x0043,0x0042,0x0042,0x0042,0x0042,
0x0042,0x0042,0x0042,0x0042,0x0043,0x0063,0x0063,0x0063,0x0063,0x0064,0x0063,0x0063,0x0063,0x0063,0x0063,0x0063,
0x0063,0x0063,0x0063,0x0063,0x0063,0x0043,0x0043,0x0043,0x0043,0x0043,0x0043,0x0063,0x0063,0x0063,0x0063,0x0084,
0x0064,0x0063,0x0064,0x0084,0x0084,0x0084,0x0064,0x0064,0x0064,0x0084,0x0084,0x0084,0x0084,0x0084,0x0064,0x0084,
0x0085,0x0084,0x0064,0x0063,0x0085,0x0084,0x0084,0x0084,0x0084,0x0084,0x0064,0x0084,0x0084,0x0063,0x0063,0x0063,
0x0063,0x0063,0x0064,0x0063,0x0063,0x0063,0x0063,0x0063,0x0063,0x0063,0x0063,0x0064,0x0084,0x0064,0x0063,0x0063,
0x0063,0x0043,0x0043,0x0043,0x0043,0x0043,0x0063,0x0063,0x0043,0x0063,0x0063,0x0043,0x0063,0x0063,0x0043,0x0063,
0x0063,0x0064,0x0084,0x0084,0x0064,0x0043,0x0043,0x0043,0x0063,0x0063,0x0063,0x0063,0x0063,0x0063,0x0063,0x0063,
0x0043,0x0063,0x0063,0x0063,0x0043,0x0043,0x0043,0x0042,0x0043,0x0063,0x0043,0x0043,0x0063,0x0063,0x0063,0x0063,
0x0063,0x0063,0x0063,0x0063,0x0063,0x0063,0x0063,0x0043,0x0063,0x0043,0x0043,0x0043,0x0043,0x0043,0x0043,0x0043,
0x0043,0x0043,0x0063,0x0063,0x0043,0x0043,0x0043,0x0043,0x0043,0x0043,0x0043,0x0063,0x0063,0x0043,0x0043,0x0043,
0x0043,0x0063,0x0063,0x0063,0x0063,0x0063,0x0043,0x0043,0x0043,0x0043,0x0063,0x0064,0x0063,0x0063,0x0043,0x0043,
0x0043,0x0063,0x0063,0x0063,0x0063,0x0063,0x0063,0x0063,0x0063,0x0064,0x0063,0x0063,0x0043,0x0042,0x0042,0x0042,
0x0042,0x0042,0x0042,0x0042,0x0042,0x0042,0x0042,0x0022,0x0042,0x0042,0x0042,0x0042,0x0042,0x0042,0x0042,0x0042,
0x0042,0x0042,0x0042,0x0043,0x0042,0x0042,0x0043,0x0043,0x0042,0x0043,0x0063,0x0043,0x0043,0x0042,0x0042,0x0042,
0x0022,0x0042,0x0042,0x0042,0x0043,0x0043,0x0063,0x0063,0x0043,0x0042,0x0042,0x0042,0x0042,0x0042,0x0043,0x0043,
0x0042,0x0042,0x0042,0x0042,0x0022,0x0022,0x0022,0x0022,0x0022,0x0022,0x0022,0x0022,0x0022,0x0022,0x0022,0x0022,
0x0022,0x0022,0x0022,0x0022,0x0021,0x0021,0x0021,0x0021,0x0021,0x0021,0x0021,0x0021,0x0021,0x0021,0x0021,0x0021,
0x0021,0x0021,0x0021,0x0021,0x0021,0x0021,0x0021,0x0021,0x0021,0x0021,0x0021,0x0021,0x0021,0x0021,0x0021,0x0021,
0x0021,0x0021,0x0021,0x0021,0x0021,0x0021,0x0021,0x0021,0x0021,0x0021,0x0021,0x0021,0x0021,0x0021,0x0021,0x0021,
0x0021,0x0021,0x0021,0x0021,0x0021,0x0021,0x0021,0x0021,0x0021,0x0021,0x0021,0x0021,0x0021,0x0021,0x0021,0x0021,
0x0021,0x0021,0x0021,0x0021,0x0021,0x0021,0x0021,0x0021,0x0021,0x0021,0x0021,0x0021,0x0021,0x0021,0x0021,0x0021,
0x0021,0x0021,0x0021,0x0021,0x0021,0x0021,0x0021,0x0021,0x0021,0x0021,0x0021,0x0021,0x0021,0x0021,0x0021,0x0021,
},
{0x0021,0x0021,0x0021,0x0021,0x0021,0x0021,0x0021,0x0021,0x0021,0x0021,0x0021,0x0021,0x0021,0x0021,0x0021,0x0021,
0x0021,0x0021,0x0021,0x0021,0x0021,0x0021,0x0021,0x0021,0x0021,0x0021,0x0021,0x0021,0x0021,0x0021,0x0021,0x0021,
0x0021,0x0021,0x0021,0x0021,0x0021,0x0021,0x0021,0x0021,0x0021,0x0021,0x0021,0x0021,0x0021,0x0021,0x0021,0x0021,
0x0021,0x0021,0x0021,0x0021,0x0022,0x0021,0x0021,0x0021,0x0021,0x0021,0x0021,0x0021,0x0021,0x0021,0x0021,0x0021,
0x0021,0x0021,0x0021,0x0021,0x0021,0x0021,0x0022,0x0022,0x0022,0x0022,0x0022,0x0022,0x0022,0x0022,0x0022,0x0022,
0x0022,0x0021,0x0021,0x0022,0x0042,0x0022,0x0022,0x0022,0x0022,0x0022,0x0022,0x0021,0x0021,0x0022,0x0022,0x0022,
0x0022,0x0022,0x0022,0x0022,0x0022,0x0022,0x0022,0x0022,0x0022,0x0022,0x0022,0x0022,0x0022,0x0022,0x0022,0x0022,
0x0022,0x0022,0x0022,0x0022,0x0042,0x0022,0x0042,0x0042,0x0042,0x0022,0x0022,0x0022,0x0022,0x0022,0x0022,0x0022,
0x0021,0x0022,0x0042,0x0022,0x0022,0x0022,0x0022,0x0022,0x0022,0x0021,0x0022,0x0022,0x0022,0x0042,0x0043,0x0042,
0x0042,0x0042,0x0042,0x0042,0x0022,0x0042,0x0042,0x0042,0x0042,0x0042,0x0042,0x0042,0x0042,0x0043,0x0043,0x0042,
0x0042,0x0042,0x0042,0x0042,0x0042,0x0042,0x0043,0x0043,0x0043,0x0043,0x0063,0x0063,0x0043,0x0043,0x0043,0x0063,
0x0064,0x0063,0x0043,0x0043,0x0042,0x0042,0x0042,0x0043,0x0043,0x0043,0x0063,0x0063,0x0043,0x0043,0x0063,0x0064,
0x0064,0x0064,0x0064,0x0084,0x0064,0x0084,0x0064,0x0063,0x0064,0x0064,0x0064,0x0084,0x0084,0x0084,0x0064,0x0063,
0x0064,0x0064,0x0084,0x0064,0x0084,0x0063,0x0063,0x0064,0x0084,0x0084,0x0064,0x0063,0x0063,0x0063,0x0063,0x0064,
0x0063,0x0063,0x0063,0x0063,0x0063,0x0063,0x0063,0x0063,0x0063,0x0064,0x0064,0x0063,0x0063,0x0063,0x0063,0x0063,
0x0043,0x0063,0x0043,0x0043,0x0042,0x0042,0x0043,0x0043,0x0043,0x0043,0x0043,0x0043,0x0043,0x0043,0x0043,0x0043,
0x0063,0x0063,0x0063,0x0063,0x0063,0x0063,0x0063,0x0063,0x0063,0x0063,0x0063,0x0064,0x0063,0x0063,0x0063,0x0063,
0x0063,0x0063,0x0064,0x0063,0x0043,0x0043,0x0042,0x0042,0x0043,0x0043,0x0043,0x0043,0x0043,0x0063,0x0063,0x0063,
0x0063,0x0063,0x0063,0x0063,0x0063,0x0063,0x0063,0x0043,0x0043,0x0043,0x0043,0x0043,0x0043,0x0043,0x0043,0x0043,
0x0043,0x0043,0x0043,0x0043,0x0043,0x0043,0x0043,0x0043,0x0043,0x0043,0x0043,0x0043,0x0043,0x0043,0x0043,0x0043,
0x0043,0x0063,0x0063,0x0063,0x0063,0x0043,0x0043,0x0043,0x0043,0x0043,0x0043,0x0063,0x0043,0x0043,0x0043,0x0042,
0x0042,0x0043,0x0043,0x0043,0x0064,0x0064,0x0063,0x0063,0x0043,0x0043,0x0043,0x0043,0x0042,0x0042,0x0042,0x0042,
0x0042,0x0042,0x0042,0x0042,0x0042,0x0043,0x0043,0x0043,0x0043,0x0042,0x0042,0x0042,0x0042,0x0042,0x0042,0x0042,
0x0042,0x0042,0x0043,0x0043,0x0042,0x0042,0x0043,0x0063,0x0064,0x0064,0x0064,0x0043,0x0042,0x0042,0x0043,0x0042,
0x0042,0x0042,0x0042,0x0042,0x0043,0x0043,0x0063,0x0063,0x0043,0x0042,0x0042,0x0022,0x0022,0x0042,0x0042,0x0043,
0x0042,0x0042,0x0042,0x0042,0x0022,0x0022,0x0022,0x0022,0x0022,0x0022,0x0022,0x0022,0x0022,0x0022,0x0022,0x0022,
0x0022,0x0022,0x0022,0x0022,0x0022,0x0021,0x0021,0x0021,0x0021,0x0021,0x0021,0x0021,0x0021,0x0021,0x0021,0x0021,
0x0021,0x0021,0x0021,0x0021,0x0021,0x0021,0x0021,0x0021,0x0021,0x0021,0x0021,0x0021,0x0021,0x0021,0x0021,0x0021,
0x0021,0x0021,0x0021,0x0021,0x0021,0x0021,0x0021,0x0021,0x0021,0x0021,0x0021,0x0021,0x0021,0x0021,0x0021,0x0021,
0x0021,0x0021,0x0021,0x0021,0x0021,0x0021,0x0021,0x0021,0x0021,0x0021,0x0021,0x0021,0x0021,0x0021,0x0021,0x0021,
0x0021,0x0021,0x0021,0x0021,0x0021,0x0021,0x0021,0x0021,0x0021,0x0021,0x0021,0x0021,0x0021,0x0021,0x0021,0x0021,
0x0021,0x0021,0x0021,0x0021,0x0021,0x0021,0x0021,0x0021,0x0021,0x0021,0x0021,0x0021,0x0021,0x0021,0x0021,0x0021,
},
{0x0021,0x0021,0x0021,0x0021,0x0021,0x0021,0x0021,0x0021,0x0021,0x0021,0x0021,0x0021,0x0021,0x0021,0x0021,0x0021,
0x0021,0x0021,0x0021,0x0021,0x0021,0x0021,0x0021,0x0021,0x0021,0x0021,0x0021,0x0021,0x0021,0x0021,0x0021,0x0021,
0x0021,0x0021,0x0021,0x0021,0x0021,0x0021,0x0021,0x0021,0x0021,0x0021,0x0021,0x0021,0x0021,0x0021,0x0021,0x0021,
0x0021,0x0021,0x0021,0x0021,0x0021,0x0021,0x0021,0x0021,0x0021,0x0021,0x0021,0x0021,0x0021,0x0021,0x0021,0x0021,
0x0021,0x0021,0x0021,0x0021,0x0021,0x0021,0x0021,0x0021,0x0021,0x0022,0x0022,0x0022,0x0022,0x0022,0x0022,0x0022,
0x0022,0x0022,0x0022,0x0022,0x0022,0x0042,0x0022,0x0022,0x0022,0x0022,0x0022,0x0022,0x0021,0x0022,0x0022,0x0022,
0x0022,0x0022,0x0022,0x0022,0x0022,0x0042,0x0042,0x0022,0x0022,0x0022,0x0022,0x0022,0x0022,0x0022,0x0022,0x0022,
0x0022,0x0022,0x0022,0x0022,0x0022,0x0022,0x0022,0x0022,0x0042,0x0042,0x0042,0x0022,0x0022,0x0022,0x0022,0x0022,
0x0022,0x0042,0x0042,0x0022,0x0022,0x0022,0x0022,0x0022,0x0022,0x0022,0x0021,0x0022,0x0022,0x0022,0x0022,0x0022,
0x0022,0x0022,0x0042,0x0043,0x0042,0x0022,0x0042,0x0042,0x0042,0x0042,0x0042,0x0042,0x0042,0x0042,0x0042,0x0042,
0x0042,0x0042,0x0042,0x0042,0x0042,0x0042,0x0042,0x0043,0x0042,0x0042,0x0043,0x0063,0x0043,0x0043,0x0043,0x0043,
0x0043,0x0043,0x0043,0x0043,0x0042,0x0042,0x0042,0x0042,0x0043,0x0043,0x0043,0x0043,0x0043,0x0043,0x0043,0x0063,
0x0063,0x0064,0x0064,0x0063,0x0063,0x0064,0x0064,0x0064,0x0064,0x0064,0x0063,0x0063,0x0084,0x0084,0x0064,0x0063,
0x0063,0x0063,0x0063,0x0064,0x0084,0x0063,0x0063,0x0063,0x0063,0x0063,0x0063,0x0063,0x0063,0x0064,0x0084,0x0084,
0x0084,0x0084,0x0084,0x0064,0x0063,0x0063,0x0064,0x0064,0x0063,0x0084,0x0063,0x0063,0x0063,0x0063,0x0043,0x0063,
0x0063,0x0063,0x0043,0x0043,0x0043,0x0042,0x0042,0x0043,0x0043,0x0043,0x0043,0x0042,0x0042,0x0043,0x0043,0x0043,
0x0063,0x0063,0x0043,0x0042,0x0043,0x0043,0x0043,0x0063,0x0063,0x0064,0x0064,0x0084,0x0084,0x0064,0x0064,0x0064,
0x0064,0x0064,0x0063,0x0063,0x0043,0x0043,0x0043,0x0042,0x0042,0x0043,0x0043,0x0043,0x0043,0x0043,0x0063,0x0063,
0x0043,0x0043,0x0043,0x0043,0x0043,0x0043,0x0043,0x0043,0x0042,0x0042,0x0043,0x0043,0x0043,0x0043,0x0042,0x0043,
0x0043,0x0043,0x0042,0x0042,0x0043,0x0043,0x0043,0x0043,0x0043,0x0042,0x0042,0x0042,0x0042,0x0043,0x0042,0x0042,
0x0043,0x0063,0x0043,0x0043,0x0043,0x0043,0x0043,0x0043,0x0043,0x0043,0x0042,0x0042,0x0042,0x0042,0x0042,0x0042,
0x0042,0x0042,0x0043,0x0043,0x0043,0x0063,0x0043,0x0043,0x0042,0x0042,0x0042,0x0042,0x0042,0x0043,0x0063,0x0042,
0x0022,0x0022,0x0022,0x0042,0x0042,0x0042,0x0043,0x0063,0x0043,0x0042,0x0042,0x0042,0x0042,0x0042,0x0042,0x0042,
0x0042,0x0042,0x0042,0x0043,0x0042,0x0022,0x0042,0x0042,0x0043,0x0043,0x0063,0x0064,0x0043,0x0043,0x0042,0x0042,
0x0043,0x0063,0x0043,0x0043,0x0063,0x0063,0x0043,0x0042,0x0042,0x0042,0x0042,0x0022,0x0022,0x0042,0x0022,0x0022,
0x0022,0x0022,0x0022,0x0022,0x0022,0x0022,0x0022,0x0022,0x0022,0x0022,0x0022,0x0022,0x0042,0x0022,0x0022,0x0022,
0x0022,0x0022,0x0022,0x0022,0x0022,0x0021,0x0022,0x0021,0x0021,0x0021,0x0021,0x0022,0x0021,0x0021,0x0021,0x0021,
0x0021,0x0021,0x0021,0x0021,0x0021,0x0021,0x0021,0x0021,0x0021,0x0021,0x0021,0x0021,0x0021,0x0021,0x0021,0x0021,
0x0021,0x0021,0x0021,0x0021,0x0021,0x0021,0x0021,0x0021,0x0021,0x0021,0x0021,0x0021,0x0021,0x0021,0x0021,0x0021,
0x0021,0x0021,0x0021,0x0021,0x0021,0x0021,0x0021,0x0021,0x0021,0x0021,0x0021,0x0021,0x0021,0x0021,0x0021,0x0021,
0x0021,0x0021,0x0021,0x0021,0x0021,0x0021,0x0021,0x0021,0x0021,0x0021,0x0021,0x0021,0x0021,0x0021,0x0021,0x0021,
0x0021,0x0021,0x0021,0x0021,0x0021,0x0021,0x0021,0x0021,0x0021,0x0021,0x0021,0x0021,0x0021,0x0021,0x0021,0x0021,
},
{0x0021,0x0021,0x0021,0x0021,0x0021,0x0021,0x0021,0x0021,0x0021,0x0021,0x0021,0x0021,0x0021,0x0021,0x0021,0x0021,
0x0021,0x0021,0x0021,0x0021,0x0021,0x0021,0x0021,0x0021,0x0021,0x0021,0x0021,0x0021,0x0021,0x0021,0x0021,0x0021,
0x0021,0x0021,0x0021,0x0021,0x0021,0x0021,0x0021,0x0021,0x0021,0x0021,0x0021,0x0021,0x0021,0x0021,0x0021,0x0022,
0x0021,0x0021,0x0022,0x0021,0x0021,0x0021,0x0021,0x0021,0x0021,0x0021,0x0021,0x0021,0x0021,0x0021,0x0021,0x0021,
0x0021,0x0021,0x0021,0x0021,0x0021,0x0021,0x0021,0x0022,0x0021,0x0021,0x0021,0x0021,0x0022,0x0022,0x0022,0x0021,
0x0022,0x0022,0x0022,0x0022,0x0022,0x0022,0x0042,0x0042,0x0042,0x0022,0x0022,0x0022,0x0022,0x0022,0x0022,0x0022,
0x0022,0x0022,0x0022,0x0022,0x0022,0x0022,0x0022,0x0022,0x0022,0x0022,0x0022,0x0022,0x0022,0x0022,0x0022,0x0022,
0x0022,0x0022,0x0022,0x0022,0x0022,0x0022,0x0022,0x0022,0x0022,0x0042,0x0042,0x0022,0x0022,0x0042,0x0022,0x0022,
0x0022,0x0022,0x0042,0x0022,0x0022,0x0022,0x0022,0x0022,0x0022,0x0022,0x0022,0x0022,0x0022,0x0022,0x0022,0x0022,
0x0022,0x0022,0x0042,0x0043,0x0042,0x0042,0x0042,0x0022,0x0022,0x0042,0x0042,0x0042,0x0042,0x0042,0x0042,0x0042,
0x0042,0x0042,0x0042,0x0042,0x0042,0x0042,0x0042,0x0042,0x0042,0x0042,0x0063,0x0063,0x0043,0x0043,0x0043,0x0043,
0x0042,0x0042,0x0042,0x0043,0x0042,0x0042,0x0042,0x0042,0x0042,0x0042,0x0042,0x0042,0x0042,0x0043,0x0043,0x0063,
0x0063,0x0063,0x0063,0x0063,0x0063,0x0064,0x0063,0x0063,0x0063,0x0063,0x0063,0x0063,0x0064,0x0064,0x0063,0x0063,
0x0063,0x0063,0x0063,0x0063,0x0063,0x0063,0x0063,0x0063,0x0063,0x0063,0x0063,0x0063,0x0063,0x0063,0x0064,0x0063,
0x0063,0x0064,0x0064,0x0084,0x0064,0x0064,0x0084,0x0064,0x0063,0x0064,0x0064,0x0063,0x0063,0x0063,0x0063,0x0063,
0x0063,0x0043,0x0043,0x0043,0x0043,0x0042,0x0042,0x0042,0x0043,0x0042,0x0042,0x0043,0x0042,0x0042,0x0042,0x0043,
0x0043,0x0043,0x0043,0x0043,0x0043,0x0042,0x0043,0x0043,0x0063,0x0063,0x0063,0x0063,0x0063,0x0063,0x0063,0x0063,
0x0064,0x0063,0x0063,0x0063,0x0043,0x0043,0x0043,0x0043,0x0043,0x0043,0x0043,0x0043,0x0043,0x0043,0x0063,0x0063,
0x0063,0x0043,0x0043,0x0043,0x0042,0x0042,0x0042,0x0043,0x0043,0x0043,0x0043,0x0043,0x0043,0x0043,0x0042,0x0043,
0x0043,0x0043,0x0042,0x0042,0x0042,0x0042,0x0043,0x0043,0x0043,0x0042,0x0042,0x0042,0x0042,0x0042,0x0042,0x0042,
0x0043,0x0043,0x0042,0x0043,0x0043,0x0042,0x0042,0x0043,0x0042,0x0043,0x0043,0x0043,0x0043,0x0042,0x0042,0x0042,
0x0042,0x0042,0x0042,0x0042,0x0042,0x0043,0x0043,0x0042,0x0042,0x0042,0x0042,0x0042,0x0022,0x0042,0x0063,0x0043,
0x0042,0x0042,0x0042,0x0022,0x0022,0x0022,0x0042,0x0042,0x0042,0x0042,0x0042,0x0042,0x0043,0x0043,0x0043,0x0042,
0x0042,0x0022,0x0022,0x0042,0x0043,0x0042,0x0022,0x0022,0x0042,0x0042,0x0043,0x0085,0x0084,0x0043,0x0042,0x0042,
0x0042,0x0043,0x0063,0x0063,0x0064,0x0063,0x0042,0x0022,0x0042,0x0042,0x0042,0x0043,0x0042,0x0022,0x0022,0x0022,
0x0022,0x0022,0x0022,0x0042,0x0022,0x0022,0x0022,0x0022,0x0022,0x0022,0x0022,0x0022,0x0022,0x0022,0x0022,0x0022,
0x0022,0x0042,0x0022,0x0022,0x0022,0x0022,0x0022,0x0021,0x0021,0x0022,0x0022,0x0022,0x0022,0x0021,0x0021,0x0021,
0x0021,0x0021,0x0021,0x0021,0x0021,0x0021,0x0021,0x0021,0x0021,0x0021,0x0021,0x0021,0x0021,0x0021,0x0021,0x0021,
0x0021,0x0021,0x0021,0x0021,0x0021,0x0021,0x0021,0x0021,0x0021,0x0021,0x0021,0x0021,0x0021,0x0021,0x0021,0x0021,
0x0021,0x0021,0x0021,0x0021,0x0021,0x0021,0x0021,0x0021,0x0021,0x0021,0x0021,0x0021,0x0021,0x0021,0x0021,0x0021,
0x0021,0x0021,0x0021,0x0021,0x0021,0x0021,0x0021,0x0021,0x0021,0x0021,0x0021,0x0021,0x0021,0x0021,0x0021,0x0021,
0x0021,0x0021,0x0021,0x0021,0x0021,0x0021,0x0021,0x0021,0x0021,0x0021,0x0021,0x0021,0x0021,0x0021,0x0021,0x0021,
},
{0x0021,0x0021,0x0021,0x0021,0x0021,0x0021,0x0021,0x0021,0x0021,0x0021,0x0021,0x0021,0x0021,0x0021,0x0021,0x0021,
0x0021,0x0021,0x0021,0x0021,0x0021,0x0021,0x0021,0x0021,0x0021,0x0021,0x0021,0x0021,0x0021,0x0021,0x0021,0x0021,
0x0021,0x0021,0x0021,0x0021,0x0021,0x0021,0x0021,0x0021,0x0021,0x0021,0x0021,0x0021,0x0021,0x0021,0x0021,0x0021,
0x0021,0x0021,0x0021,0x0021,0x0021,0x0021,0x0021,0x0021,0x0021,0x0021,0x0021,0x0021,0x0021,0x0021,0x0021,0x0021,
0x0021,0x0021,0x0021,0x0021,0x0021,0x0021,0x0021,0x0022,0x0022,0x0022,0x0021,0x0021,0x0021,0x0021,0x0022,0x0022,
0x0022,0x0022,0x0042,0x0042,0x0022,0x0042,0x0042,0x0043,0x0042,0x0022,0x0022,0x0022,0x0022,0x0022,0x0022,0x0022,
0x0022,0x0022,0x0022,0x0022,0x0022,0x0021,0x0022,0x0022,0x0022,0x0022,0x0042,0x0022,0x0022,0x0022,0x0022,0x0022,
0x0022,0x0022,0x0022,0x0022,0x0022,0x0022,0x0022,0x0022,0x0022,0x0022,0x0042,0x0042,0x0022,0x0022,0x0022,0x0022,
0x0022,0x0022,0x0022,0x0022,0x0022,0x0022,0x0022,0x0022,0x0022,0x0022,0x0022,0x0022,0x0022,0x0022,0x0022,0x0022,
0x0022,0x0022,0x0022,0x0022,0x0022,0x0022,0x0042,0x0042,0x0022,0x0042,0x0022,0x0042,0x0042,0x0042,0x0042,0x0042,
0x0042,0x0042,0x0042,0x0042,0x0042,0x0042,0x0042,0x0042,0x0042,0x0042,0x0042,0x0042,0x0043,0x0063,0x0063,0x0063,
0x0043,0x0042,0x0042,0x0042,0x0043,0x0042,0x0042,0x0042,0x0042,0x0042,0x0042,0x0042,0x0042,0x0063,0x0063,0x0063,
0x0063,0x0063,0x0063,0x0063,0x0063,0x0063,0x0063,0x0043,0x0043,0x0043,0x0043,0x0043,0x0063,0x0063,0x0063,0x0043,
0x0063,0x0063,0x0063,0x0063,0x0063,0x0063,0x0063,0x0063,0x0063,0x0063,0x0063,0x0063,0x0043,0x0063,0x0063,0x0063,
0x0063,0x0063,0x0063,0x0063,0x0063,0x0063,0x0063,0x0064,0x0064,0x0064,0x0063,0x0063,0x0064,0x0063,0x0063,0x0063,
0x0063,0x0043,0x0043,0x0043,0x0042,0x0042,0x0042,0x0042,0x0042,0x0042,0x0042,0x0042,0x0042,0x0043,0x0043,0x0043,
0x0042,0x0042,0x0042,0x0043,0x0043,0x0042,0x0042,0x0042,0x0043,0x0043,0x0063,0x0063,0x0043,0x0043,0x0063,0x0063,
0x0063,0x0043,0x0063,0x0043,0x0063,0x0043,0x0043,0x0043,0x0043,0x0063,0x0063,0x0043,0x0043,0x0043,0x0063,0x0063,
0x0063,0x0063,0x0063,0x0063,0x0043,0x0043,0x0043,0x0043,0x0063,0x0043,0x0043,0x0042,0x0042,0x0042,0x0043,0x0042,
0x0043,0x0042,0x0042,0x0042,0x0042,0x0042,0x0042,0x0042,0x0042,0x0042,0x0042,0x0042,0x0042,0x0022,0x0042,0x0042,
0x0042,0x0042,0x0042,0x0042,0x0042,0x0042,0x0042,0x0042,0x0042,0x0042,0x0043,0x0063,0x0043,0x0042,0x0042,0x0042,
0x0042,0x0042,0x0043,0x0042,0x0022,0x0022,0x0042,0x0042,0x0042,0x0042,0x0042,0x0042,0x0042,0x0042,0x0043,0x0043,
0x0063,0x0063,0x0043,0x0022,0x0022,0x0022,0x0022,0x0022,0x0022,0x0022,0x0022,0x0042,0x0042,0x0042,0x0042,0x0022,
0x0042,0x0042,0x0022,0x0042,0x0043,0x0043,0x0042,0x0022,0x0042,0x0043,0x0064,0x0043,0x0063,0x0064,0x0043,0x0042,
0x0042,0x0042,0x0063,0x0064,0x0063,0x0042,0x0022,0x0022,0x0022,0x0022,0x0022,0x0042,0x0043,0x0042,0x0022,0x0022,
0x0022,0x0022,0x0022,0x0042,0x0042,0x0022,0x0022,0x0022,0x0021,0x0021,0x0021,0x0021,0x0021,0x0021,0x0022,0x0022,
0x0022,0x0042,0x0042,0x0022,0x0022,0x0022,0x0022,0x0022,0x0021,0x0021,0x0022,0x0021,0x0021,0x0021,0x0021,0x0021,
0x0021,0x0021,0x0021,0x0021,0x0021,0x0021,0x0021,0x0021,0x0021,0x0021,0x0021,0x0021,0x0021,0x0021,0x0021,0x0021,
0x0021,0x0021,0x0021,0x0021,0x0021,0x0021,0x0021,0x0021,0x0021,0x0021,0x0021,0x0021,0x0021,0x0021,0x0021,0x0021,
0x0021,0x0021,0x0021,0x0021,0x0021,0x0021,0x0021,0x0021,0x0021,0x0021,0x0021,0x0021,0x0021,0x0021,0x0021,0x0021,
0x0021,0x0021,0x0021,0x0021,0x0021,0x0021,0x0021,0x0021,0x0021,0x0021,0x0021,0x0021,0x0021,0x0021,0x0021,0x0021,
0x0021,0x0021,0x0021,0x0021,0x0021,0x0021,0x0021,0x0021,0x0021,0x0021,0x0021,0x0021,0x0021,0x0021,0x0021,0x0021,
},
{0x0021,0x0021,0x0021,0x0021,0x0021,0x0021,0x0021,0x0021,0x0021,0x0021,0x0021,0x0021,0x0021,0x0021,0x0021,0x0021,
0x0021,0x0021,0x0021,0x0021,0x0021,0x0021,0x0021,0x0021,0x0021,0x0021,0x0021,0x0021,0x0021,0x0021,0x0021,0x0021,
0x0021,0x0021,0x0021,0x0021,0x0021,0x0021,0x0021,0x0021,0x0021,0x0021,0x0021,0x0021,0x0021,0x0021,0x0021,0x0021,
0x0021,0x0021,0x0021,0x0021,0x0021,0x0021,0x0021,0x0021,0x0021,0x0021,0x0021,0x0021,0x0021,0x0021,0x0021,0x0021,
0x0021,0x0021,0x0021,0x0021,0x0021,0x0021,0x0021,0x0021,0x0022,0x0022,0x0022,0x0021,0x0022,0x0022,0x0022,0x0022,
0x0022,0x0022,0x0022,0x0022,0x0042,0x0042,0x0042,0x0042,0x0022,0x0022,0x0022,0x0022,0x0042,0x0042,0x0022,0x0022,
0x0022,0x0022,0x0022,0x0022,0x0022,0x0022,0x0022,0x0022,0x0022,0x0022,0x0022,0x0022,0x0022,0x0022,0x0022,0x0022,
0x0022,0x0022,0x0022,0x0022,0x0022,0x0022,0x0022,0x0022,0x0022,0x0042,0x0042,0x0042,0x0042,0x0022,0x0022,0x0022,
0x0022,0x0022,0x0022,0x0022,0x0022,0x0022,0x0022,0x0022,0x0022,0x0022,0x0022,0x0022,0x0022,0x0022,0x0022,0x0022,
0x0022,0x0022,0x0022,0x0022,0x0022,0x0022,0x0022,0x0022,0x0042,0x0022,0x0042,0x0042,0x0042,0x0042,0x0042,0x0022,
0x0022,0x0042,0x0042,0x0042,0x0042,0x0042,0x0042,0x0042,0x0042,0x0042,0x0042,0x0042,0x0042,0x0043,0x0063,0x0063,
0x0043,0x0043,0x0043,0x0043,0x0042,0x0042,0x0042,0x0042,0x0042,0x0042,0x0042,0x0042,0x0042,0x0043,0x0063,0x0063,
0x0063,0x0063,0x0063,0x0063,0x0063,0x0063,0x0043,0x0043,0x0043,0x0043,0x0043,0x0043,0x0043,0x0043,0x0043,0x0043,
0x0043,0x0043,0x0043,0x0043,0x0063,0x0063,0x0043,0x0043,0x0043,0x0043,0x0043,0x0043,0x0063,0x0063,0x0043,0x0043,
0x0063,0x0063,0x0063,0x0043,0x0063,0x0063,0x0084,0x0084,0x0063,0x0063,0x0063,0x0063,0x0064,0x0064,0x0063,0x0063,
0x0043,0x0042,0x0042,0x0043,0x0043,0x0042,0x0042,0x0042,0x0042,0x0042,0x0042,0x0042,0x0042,0x0042,0x0042,0x0042,
0x0042,0x0042,0x0042,0x0042,0x0042,0x0042,0x0042,0x0042,0x0042,0x0043,0x0043,0x0064,0x0064,0x0063,0x0063,0x0043,
0x0043,0x0043,0x0043,0x0043,0x0043,0x0043,0x0043,0x0043,0x0043,0x0043,0x0063,0x0043,0x0043,0x0063,0x0043,0x0043,
0x0043,0x0043,0x0043,0x0063,0x0063,0x0043,0x0063,0x0063,0x0063,0x0063,0x0043,0x0043,0x0043,0x0042,0x0043,0x0042,
0x0042,0x0042,0x0042,0x0042,0x0042,0x0042,0x0042,0x0042,0x0042,0x0042,0x0042,0x0042,0x0022,0x0022,0x0042,0x0022,
0x0022,0x0022,0x0022,0x0022,0x0022,0x0022,0x0042,0x0042,0x0042,0x0042,0x0042,0x0042,0x0043,0x0042,0x0043,0x0043,
0x0043,0x0043,0x0043,0x0042,0x0022,0x0022,0x0022,0x0022,0x0022,0x0042,0x0042,0x0042,0x0042,0x0022,0x0042,0x0042,
0x0042,0x0043,0x0042,0x0022,0x0022,0x0022,0x0022,0x0022,0x0022,0x0022,0x0022,0x0022,0x0022,0x0022,0x0022,0x0022,
0x0022,0x0022,0x0022,0x0022,0x0042,0x0042,0x0042,0x0043,0x0042,0x0043,0x0043,0x0022,0x0022,0x0042,0x0042,0x0042,
0x0042,0x0022,0x0022,0x0043,0x0063,0x0043,0x0042,0x0042,0x0022,0x0022,0x0022,0x0022,0x0042,0x0042,0x0022,0x0022,
0x0022,0x0022,0x0022,0x0022,0x0022,0x0022,0x0022,0x0022,0x0021,0x0021,0x0021,0x0021,0x0021,0x0021,0x0021,0x0021,
0x0022,0x0022,0x0022,0x0022,0x0022,0x0022,0x0022,0x0021,0x0022,0x0021,0x0021,0x0021,0x0021,0x0021,0x0021,0x0021,
0x0021,0x0021,0x0021,0x0021,0x0021,0x0021,0x0021,0x0021,0x0021,0x0021,0x0021,0x0021,0x0021,0x0021,0x0021,0x0021,
0x0021,0x0021,0x0021,0x0021,0x0021,0x0021,0x0021,0x0021,0x0021,0x0021,0x0021,0x0021,0x0021,0x0021,0x0021,0x0021,
0x0021,0x0021,0x0021,0x0021,0x0021,0x0021,0x0021,0x0021,0x0021,0x0021,0x0021,0x0021,0x0021,0x0021,0x0021,0x0021,
0x0021,0x0021,0x0021,0x0021,0x0021,0x0021,0x0021,0x0021,0x0021,0x0021,0x0021,0x0021,0x0021,0x0021,0x0021,0x0021,
0x0021,0x0021,0x0021,0x0021,0x0021,0x0021,0x0021,0x0021,0x0021,0x0021,0x0021,0x0021,0x0021,0x0021,0x0021,0x0021,
},
{0x0021,0x0021,0x0021,0x0021,0x0021,0x0021,0x0021,0x0021,0x0021,0x0021,0x0021,0x0021,0x0021,0x0021,0x0021,0x0021,
0x0021,0x0021,0x0021,0x0021,0x0021,0x0021,0x0021,0x0021,0x0021,0x0021,0x0021,0x0021,0x0021,0x0021,0x0021,0x0021,
0x0021,0x0021,0x0021,0x0021,0x0021,0x0021,0x0021,0x0021,0x0021,0x0021,0x0021,0x0021,0x0021,0x0021,0x0021,0x0021,
0x0021,0x0021,0x0021,0x0021,0x0021,0x0021,0x0021,0x0021,0x0021,0x0021,0x0021,0x0021,0x0021,0x0021,0x0021,0x0021,
0x0021,0x0021,0x0021,0x0021,0x0021,0x0021,0x0021,0x0021,0x0021,0x0021,0x0022,0x0022,0x0022,0x0022,0x0022,0x0022,
0x0022,0x0022,0x0022,0x0022,0x0022,0x0022,0x0042,0x0042,0x0022,0x0022,0x0022,0x0022,0x0022,0x0022,0x0022,0x0022,
0x0022,0x0022,0x0022,0x0022,0x0022,0x0022,0x0022,0x0022,0x0022,0x0022,0x0022,0x0022,0x0022,0x0022,0x0022,0x0022,
0x0022,0x0022,0x0022,0x0022,0x0022,0x0022,0x0022,0x0022,0x0022,0x0042,0x0042,0x0042,0x0042,0x0022,0x0022,0x0022,
0x0022,0x0022,0x0022,0x0022,0x0022,0x0022,0x0022,0x0022,0x0022,0x0022,0x0022,0x0022,0x0022,0x0022,0x0022,0x0022,
0x0022,0x0022,0x0022,0x0022,0x0022,0x0022,0x0022,0x0022,0x0042,0x0042,0x0022,0x0022,0x0042,0x0022,0x0022,0x0022,
0x0042,0x0022,0x0022,0x0042,0x0042,0x0042,0x0042,0x0042,0x0042,0x0042,0x0042,0x0042,0x0022,0x0042,0x0042,0x0043,
0x0043,0x0043,0x0043,0x0043,0x0043,0x0042,0x0042,0x0042,0x0042,0x0042,0x0042,0x0042,0x0042,0x0043,0x0063,0x0063,
0x0043,0x0043,0x0042,0x0042,0x0042,0x0043,0x0043,0x0043,0x0043,0x0042,0x0042,0x0042,0x0042,0x0042,0x0043,0x0043,
0x0042,0x0042,0x0042,0x0042,0x0042,0x0043,0x0043,0x0042,0x0043,0x0043,0x0043,0x0063,0x0043,0x0043,0x0043,0x0043,
0x0043,0x0043,0x0043,0x0043,0x0043,0x0063,0x0064,0x0064,0x0064,0x0063,0x0063,0x0063,0x0063,0x0063,0x0063,0x0063,
0x0043,0x0042,0x0042,0x0043,0x0042,0x0042,0x0042,0x0042,0x0042,0x0042,0x0042,0x0042,0x0042,0x0042,0x0042,0x0042,
0x0042,0x0042,0x0042,0x0042,0x0042,0x0042,0x0042,0x0042,0x0042,0x0042,0x0043,0x0063,0x0063,0x0063,0x0043,0x0043,
0x0042,0x0042,0x0042,0x0042,0x0043,0x0043,0x0043,0x0043,0x0043,0x0043,0x0043,0x0043,0x0043,0x0064,0x0063,0x0043,
0x0043,0x0043,0x0043,0x0043,0x0043,0x0043,0x0043,0x0043,0x0043,0x0043,0x0043,0x0043,0x0042,0x0043,0x0043,0x0043,
0x0042,0x0042,0x0042,0x0022,0x0042,0x0042,0x0042,0x0042,0x0022,0x0022,0x0022,0x0022,0x0022,0x0022,0x0022,0x0022,
0x0022,0x0022,0x0022,0x0022,0x0022,0x0022,0x0022,0x0022,0x0022,0x0042,0x0022,0x0022,0x0042,0x0042,0x0042,0x0043,
0x0043,0x0043,0x0043,0x0042,0x0022,0x0022,0x0022,0x0022,0x0022,0x0022,0x0022,0x0042,0x0022,0x0022,0x0022,0x0042,
0x0042,0x0022,0x0022,0x0022,0x0022,0x0022,0x0022,0x0022,0x0022,0x0022,0x0022,0x0022,0x0022,0x0022,0x0022,0x0022,
0x0022,0x0022,0x0022,0x0022,0x0022,0x0042,0x0022,0x0042,0x0042,0x0042,0x0022,0x0022,0x0022,0x0022,0x0022,0x0022,
0x0022,0x0022,0x0022,0x0022,0x0042,0x0043,0x0042,0x0042,0x0042,0x0022,0x0022,0x0022,0x0022,0x0042,0x0042,0x0022,
0x0022,0x0022,0x0022,0x0022,0x0022,0x0022,0x0022,0x0022,0x0022,0x0022,0x0022,0x0022,0x0021,0x0021,0x0021,0x0021,
0x0021,0x0021,0x0022,0x0022,0x0022,0x0022,0x0022,0x0022,0x0021,0x0021,0x0021,0x0021,0x0021,0x0021,0x0021,0x0021,
0x0021,0x0021,0x0021,0x0021,0x0021,0x0021,0x0021,0x0021,0x0021,0x0021,0x0021,0x0021,0x0021,0x0021,0x0021,0x0021,
0x0021,0x0021,0x0021,0x0021,0x0021,0x0021,0x0021,0x0021,0x0021,0x0021,0x0021,0x0021,0x0021,0x0021,0x0021,0x0021,
0x0021,0x0021,0x0021,0x0021,0x0021,0x0021,0x0021,0x0021,0x0021,0x0021,0x0021,0x0021,0x0021,0x0021,0x0021,0x0021,
0x0021,0x0021,0x0021,0x0021,0x0021,0x0021,0x0021,0x0021,0x0021,0x0021,0x0021,0x0021,0x0021,0x0021,0x0021,0x0021,
0x0021,0x0021,0x0021,0x0021,0x0021,0x0021,0x0021,0x0021,0x0021,0x0021,0x0021,0x0021,0x0021,0x0021,0x0021,0x0021,
},
{0x0021,0x0021,0x0021,0x0021,0x0021,0x0021,0x0021,0x0021,0x0021,0x0021,0x0021,0x0021,0x0021,0x0021,0x0021,0x0021,
0x0021,0x0021,0x0021,0x0021,0x0021,0x0021,0x0021,0x0021,0x0021,0x0021,0x0021,0x0021,0x0021,0x0021,0x0021,0x0021,
0x0021,0x0021,0x0021,0x0021,0x0021,0x0021,0x0021,0x0021,0x0021,0x0021,0x0021,0x0021,0x0021,0x0021,0x0021,0x0021,
0x0021,0x0021,0x0021,0x0021,0x0021,0x0021,0x0021,0x0021,0x0021,0x0021,0x0021,0x0021,0x0021,0x0021,0x0021,0x0021,
0x0021,0x0021,0x0021,0x0021,0x0021,0x0021,0x0021,0x0021,0x0021,0x0021,0x0021,0x0022,0x0022,0x0022,0x0022,0x0022,
0x0022,0x0022,0x0022,0x0022,0x0022,0x0022,0x0022,0x0022,0x0022,0x0022,0x0022,0x0022,0x0022,0x0022,0x0022,0x0022,
0x0022,0x0022,0x0022,0x0022,0x0022,0x0022,0x0022,0x0022,0x0022,0x0022,0x0022,0x0022,0x0022,0x0022,0x0022,0x0022,
0x0022,0x0022,0x0022,0x0022,0x0022,0x0022,0x0022,0x0022,0x0022,0x0022,0x0022,0x0022,0x0022,0x0022,0x0022,0x0022,
0x0022,0x0022,0x0022,0x0022,0x0022,0x0022,0x0022,0x0022,0x0022,0x0022,0x0022,0x0022,0x0022,0x0022,0x0022,0x0022,
0x0022,0x0022,0x0022,0x0022,0x0022,0x0022,0x0022,0x0022,0x0022,0x0022,0x0022,0x0022,0x0022,0x0022,0x0042,0x0022,
0x0022,0x0022,0x0022,0x0042,0x0042,0x0042,0x0042,0x0042,0x0042,0x0042,0x0042,0x0042,0x0022,0x0022,0x0042,0x0042,
0x0042,0x0042,0x0043,0x0063,0x0063,0x0043,0x0043,0x0043,0x0043,0x0042,0x0042,0x0022,0x0042,0x0042,0x0042,0x0042,
0x0042,0x0042,0x0042,0x0042,0x0042,0x0042,0x0042,0x0042,0x0042,0x0042,0x0042,0x0042,0x0042,0x0042,0x0042,0x0042,
0x0042,0x0042,0x0042,0x0042,0x0042,0x0042,0x0042,0x0043,0x0043,0x0043,0x0043,0x0043,0x0043,0x0043,0x0042,0x0043,
0x0042,0x0043,0x0043,0x0043,0x0043,0x0043,0x0043,0x0043,0x0063,0x0064,0x0063,0x0063,0x0063,0x0063,0x0063,0x0063,
0x0043,0x0043,0x0043,0x0043,0x0042,0x0042,0x0042,0x0042,0x0042,0x0042,0x0042,0x0042,0x0042,0x0042,0x0042,0x0042,
0x0042,0x0042,0x0042,0x0042,0x0042,0x0042,0x0042,0x0042,0x0042,0x0022,0x0042,0x0042,0x0042,0x0042,0x0043,0x0042,
0x0042,0x0042,0x0042,0x0042,0x0042,0x0042,0x0042,0x0042,0x0042,0x0042,0x0043,0x0042,0x0043,0x0043,0x0063,0x0063,
0x0043,0x0042,0x0043,0x0042,0x0042,0x0042,0x0042,0x0042,0x0042,0x0042,0x0042,0x0042,0x0042,0x0042,0x0042,0x0042,
0x0042,0x0043,0x0042,0x0042,0x0042,0x0022,0x0042,0x0042,0x0022,0x0022,0x0022,0x0022,0x0022,0x0022,0x0022,0x0022,
0x0022,0x0022,0x0022,0x0022,0x0022,0x0022,0x0022,0x0022,0x0022,0x0022,0x0022,0x0022,0x0022,0x0022,0x0022,0x0042,
0x0042,0x0042,0x0042,0x0042,0x0042,0x0022,0x0022,0x0022,0x0022,0x0022,0x0022,0x0022,0x0022,0x0022,0x0022,0x0022,
0x0022,0x0022,0x0022,0x0022,0x0042,0x0022,0x0022,0x0022,0x0022,0x0022,0x0022,0x0022,0x0022,0x0022,0x0022,0x0022,
0x0022,0x0022,0x0022,0x0022,0x0022,0x0022,0x0022,0x0022,0x0022,0x0042,0x0042,0x0022,0x0022,0x0022,0x0022,0x0022,
0x0022,0x0022,0x0022,0x0022,0x0022,0x0022,0x0022,0x0042,0x0042,0x0022,0x0022,0x0022,0x0022,0x0043,0x0043,0x0042,
0x0022,0x0022,0x0022,0x0022,0x0022,0x0022,0x0042,0x0022,0x0022,0x0022,0x0022,0x0022,0x0022,0x0021,0x0021,0x0021,
0x0021,0x0021,0x0022,0x0022,0x0022,0x0021,0x0021,0x0021,0x0021,0x0021,0x0021,0x0021,0x0021,0x0021,0x0021,0x0021,
0x0021,0x0021,0x0021,0x0021,0x0021,0x0021,0x0021,0x0021,0x0021,0x0021,0x0021,0x0021,0x0021,0x0021,0x0021,0x0021,
0x0021,0x0021,0x0021,0x0021,0x0021,0x0021,0x0021,0x0021,0x0021,0x0021,0x0021,0x0021,0x0021,0x0021,0x0021,0x0021,
0x0021,0x0021,0x0021,0x0021,0x0021,0x0021,0x0021,0x0021,0x0021,0x0021,0x0021,0x0021,0x0021,0x0021,0x0021,0x0021,
0x0021,0x0021,0x0021,0x0021,0x0021,0x0021,0x0021,0x0021,0x0021,0x0021,0x0021,0x0021,0x0021,0x0021,0x0021,0x0021,
0x0021,0x0021,0x0021,0x0021,0x0021,0x0021,0x0021,0x0021,0x0021,0x0021,0x0021,0x0021,0x0021,0x0021,0x0021,0x0021,
},
{0x0021,0x0021,0x0021,0x0021,0x0021,0x0021,0x0021,0x0021,0x0021,0x0021,0x0021,0x0021,0x0021,0x0021,0x0021,0x0021,
0x0021,0x0021,0x0021,0x0021,0x0021,0x0021,0x0021,0x0021,0x0021,0x0021,0x0021,0x0021,0x0021,0x0021,0x0021,0x0021,
0x0021,0x0021,0x0021,0x0021,0x0021,0x0021,0x0021,0x0021,0x0021,0x0021,0x0021,0x0021,0x0021,0x0021,0x0021,0x0021,
0x0021,0x0021,0x0021,0x0021,0x0021,0x0021,0x0021,0x0021,0x0021,0x0021,0x0021,0x0021,0x0021,0x0021,0x0021,0x0021,
0x0021,0x0021,0x0021,0x0021,0x0021,0x0021,0x0021,0x0021,0x0021,0x0021,0x0021,0x0021,0x0021,0x0021,0x0022,0x0022,
0x0021,0x0022,0x0022,0x0022,0x0022,0x0022,0x0022,0x0022,0x0022,0x0022,0x0022,0x0022,0x0022,0x0022,0x0022,0x0022,
0x0022,0x0022,0x0022,0x0022,0x0022,0x0022,0x0022,0x0022,0x0022,0x0022,0x0022,0x0021,0x0022,0x0022,0x0022,0x0022,
0x0022,0x0022,0x0022,0x0022,0x0022,0x0022,0x0022,0x0022,0x0022,0x0022,0x0022,0x0022,0x0022,0x0022,0x0022,0x0022,
0x0022,0x0022,0x0022,0x0022,0x0022,0x0022,0x0022,0x0022,0x0022,0x0022,0x0022,0x0022,0x0022,0x0022,0x0022,0x0022,
0x0021,0x0022,0x0022,0x0022,0x0022,0x0022,0x0022,0x0022,0x0022,0x0022,0x0042,0x0022,0x0022,0x0022,0x0022,0x0022,
0x0022,0x0022,0x0022,0x0022,0x0022,0x0042,0x0042,0x0042,0x0042,0x0043,0x0042,0x0042,0x0042,0x0042,0x0042,0x0042,
0x0042,0x0042,0x0042,0x0043,0x0043,0x0063,0x0063,0x0043,0x0043,0x0042,0x0042,0x0042,0x0042,0x0042,0x0042,0x0022,
0x0022,0x0022,0x0042,0x0042,0x0042,0x0042,0x0042,0x0042,0x0042,0x0042,0x0022,0x0022,0x0022,0x0022,0x0042,0x0042,
0x0042,0x0042,0x0042,0x0042,0x0042,0x0042,0x0042,0x0042,0x0042,0x0042,0x0042,0x0042,0x0042,0x0042,0x0042,0x0042,
0x0042,0x0042,0x0043,0x0043,0x0042,0x0042,0x0043,0x0043,0x0063,0x0064,0x0063,0x0063,0x0063,0x0063,0x0063,0x0063,
0x0043,0x0042,0x0042,0x0042,0x0042,0x0042,0x0042,0x0042,0x0042,0x0042,0x0042,0x0042,0x0042,0x0042,0x0042,0x0042,
0x0042,0x0042,0x0042,0x0042,0x0042,0x0042,0x0042,0x0042,0x0022,0x0022,0x0022,0x0022,0x0042,0x0022,0x0042,0x0042,
0x0042,0x0042,0x0063,0x0043,0x0042,0x0042,0x0042,0x0042,0x0042,0x0042,0x0042,0x0042,0x0042,0x0042,0x0043,0x0042,
0x0042,0x0042,0x0042,0x0042,0x0042,0x0042,0x0042,0x0022,0x0042,0x0042,0x0042,0x0042,0x0042,0x0042,0x0042,0x0042,
0x0042,0x0042,0x0043,0x0042,0x0042,0x0042,0x0042,0x0022,0x0042,0x0022,0x0022,0x0022,0x0022,0x0022,0x0022,0x0022,
0x0022,0x0022,0x0022,0x0022,0x0022,0x0022,0x0022,0x0022,0x0022,0x0022,0x0022,0x0022,0x0022,0x0022,0x0022,0x0022,
0x0022,0x0022,0x0022,0x0022,0x0022,0x0022,0x0022,0x0022,0x0022,0x0022,0x0022,0x0022,0x0022,0x0022,0x0022,0x0022,
0x0022,0x0022,0x0042,0x0042,0x0022,0x0022,0x0022,0x0022,0x0022,0x0022,0x0022,0x0022,0x0022,0x0022,0x0022,0x0022,
0x0022,0x0022,0x0022,0x0022,0x0022,0x0022,0x0022,0x0022,0x0022,0x0022,0x0022,0x0022,0x0022,0x0022,0x0022,0x0022,
0x0022,0x0022,0x0022,0x0022,0x0022,0x0022,0x0022,0x0022,0x0022,0x0022,0x0022,0x0021,0x0022,0x0022,0x0022,0x0042,
0x0022,0x0022,0x0022,0x0022,0x0022,0x0022,0x0022,0x0042,0x0022,0x0022,0x0022,0x0022,0x0022,0x0021,0x0021,0x0021,
0x0021,0x0021,0x0021,0x0021,0x0021,0x0021,0x0021,0x0021,0x0021,0x0021,0x0021,0x0021,0x0021,0x0021,0x0021,0x0021,
0x0022,0x0021,0x0021,0x0021,0x0021,0x0021,0x0021,0x0021,0x0021,0x0021,0x0021,0x0021,0x0021,0x0021,0x0021,0x0021,
0x0021,0x0021,0x0021,0x0021,0x0021,0x0021,0x0021,0x0021,0x0021,0x0021,0x0021,0x0021,0x0021,0x0021,0x0021,0x0021,
0x0021,0x0021,0x0021,0x0021,0x0021,0x0021,0x0021,0x0021,0x0021,0x0021,0x0021,0x0021,0x0021,0x0021,0x0021,0x0021,
0x0021,0x0021,0x0021,0x0021,0x0021,0x0021,0x0021,0x0021,0x0021,0x0021,0x0021,0x0021,0x0021,0x0021,0x0021,0x0021,
0x0021,0x0021,0x0021,0x0021,0x0021,0x0021,0x0021,0x0021,0x0021,0x0021,0x0021,0x0021,0x0021,0x0021,0x0021,0x0021,
},
{0x0021,0x0021,0x0021,0x0021,0x0021,0x0021,0x0021,0x0021,0x0021,0x0021,0x0021,0x0021,0x0021,0x0021,0x0021,0x0021,
0x0021,0x0021,0x0021,0x0021,0x0021,0x0021,0x0021,0x0021,0x0021,0x0021,0x0021,0x0021,0x0021,0x0021,0x0021,0x0021,
0x0021,0x0021,0x0021,0x0021,0x0021,0x0021,0x0021,0x0021,0x0021,0x0021,0x0021,0x0021,0x0021,0x0021,0x0021,0x0021,
0x0021,0x0021,0x0021,0x0021,0x0021,0x0021,0x0021,0x0021,0x0021,0x0021,0x0021,0x0021,0x0021,0x0021,0x0021,0x0021,
0x0021,0x0021,0x0021,0x0021,0x0021,0x0021,0x0021,0x0021,0x0021,0x0021,0x0021,0x0022,0x0021,0x0021,0x0021,0x0022,
0x0021,0x0021,0x0022,0x0022,0x0021,0x0021,0x0021,0x0022,0x0022,0x0022,0x0022,0x0022,0x0022,0x0022,0x0022,0x0022,
0x0022,0x0022,0x0022,0x0022,0x0022,0x0022,0x0022,0x0022,0x0021,0x0021,0x0022,0x0021,0x0021,0x0022,0x0022,0x0022,
0x0022,0x0021,0x0022,0x0022,0x0022,0x0022,0x0022,0x0022,0x0022,0x0022,0x0022,0x0022,0x0022,0x0022,0x0022,0x0022,
0x0022,0x0022,0x0022,0x0022,0x0022,0x0022,0x0022,0x0022,0x0022,0x0022,0x0022,0x0022,0x0022,0x0022,0x0022,0x0022,
0x0022,0x0022,0x0022,0x0022,0x0022,0x0022,0x0022,0x0022,0x0022,0x0022,0x0022,0x0022,0x0022,0x0022,0x0022,0x0022,
0x0022,0x0022,0x0022,0x0022,0x0022,0x0022,0x0042,0x0022,0x0022,0x0042,0x0042,0x0042,0x0042,0x0022,0x0042,0x0042,
0x0042,0x0042,0x0042,0x0042,0x0042,0x0063,0x0063,0x0043,0x0042,0x0042,0x0042,0x0042,0x0042,0x0042,0x0042,0x0022,
0x0022,0x0022,0x0022,0x0022,0x0022,0x0022,0x0042,0x0042,0x0022,0x0022,0x0022,0x0022,0x0022,0x0022,0x0022,0x0022,
0x0022,0x0022,0x0042,0x0042,0x0042,0x0042,0x0042,0x0042,0x0042,0x0042,0x0042,0x0042,0x0042,0x0042,0x0042,0x0042,
0x0042,0x0042,0x0042,0x0042,0x0042,0x0042,0x0042,0x0042,0x0043,0x0063,0x0063,0x0063,0x0063,0x0063,0x0043,0x0043,
0x0042,0x0042,0x0042,0x0042,0x0042,0x0042,0x0042,0x0042,0x0022,0x0022,0x0042,0x0022,0x0022,0x0022,0x0022,0x0042,
0x0042,0x0042,0x0042,0x0042,0x0022,0x0022,0x0022,0x0022,0x0022,0x0022,0x0022,0x0022,0x0022,0x0042,0x0042,0x0043,
0x0063,0x0063,0x0064,0x0043,0x0042,0x0042,0x0042,0x0042,0x0042,0x0042,0x0042,0x0042,0x0022,0x0042,0x0042,0x0042,
0x0022,0x0022,0x0022,0x0022,0x0042,0x0042,0x0042,0x0042,0x0042,0x0043,0x0043,0x0043,0x0042,0x0042,0x0042,0x0022,
0x0042,0x0042,0x0042,0x0042,0x0042,0x0042,0x0042,0x0042,0x0042,0x0022,0x0022,0x0022,0x0022,0x0022,0x0022,0x0022,
0x0022,0x0022,0x0022,0x0022,0x0022,0x0022,0x0022,0x0022,0x0022,0x0022,0x0022,0x0022,0x0022,0x0022,0x0022,0x0022,
0x0022,0x0022,0x0022,0x0022,0x0022,0x0022,0x0042,0x0042,0x0022,0x0022,0x0022,0x0022,0x0022,0x0022,0x0022,0x0022,
0x0022,0x0022,0x0022,0x0022,0x0042,0x0022,0x0022,0x0022,0x0021,0x0021,0x0022,0x0022,0x0022,0x0022,0x0022,0x0022,
0x0021,0x0022,0x0022,0x0022,0x0022,0x0022,0x0022,0x0022,0x0022,0x0022,0x0022,0x0042,0x0042,0x0022,0x0022,0x0022,
0x0022,0x0022,0x0022,0x0022,0x0022,0x0022,0x0022,0x0022,0x0022,0x0022,0x0022,0x0021,0x0022,0x0022,0x0022,0x0042,
0x0042,0x0022,0x0022,0x0022,0x0022,0x0022,0x0022,0x0022,0x0022,0x0022,0x0022,0x0022,0x0021,0x0021,0x0021,0x0021,
0x0021,0x0021,0x0021,0x0021,0x0021,0x0021,0x0021,0x0021,0x0021,0x0022,0x0022,0x0021,0x0021,0x0021,0x0021,0x0022,
0x0022,0x0021,0x0021,0x0021,0x0021,0x0021,0x0021,0x0021,0x0021,0x0021,0x0021,0x0021,0x0021,0x0021,0x0021,0x0021,
0x0021,0x0021,0x0021,0x0021,0x0021,0x0021,0x0021,0x0021,0x0021,0x0021,0x0021,0x0021,0x0021,0x0021,0x0021,0x0021,
0x0021,0x0021,0x0021,0x0021,0x0021,0x0021,0x0021,0x0021,0x0021,0x0021,0x0021,0x0021,0x0021,0x0021,0x0021,0x0021,
0x0021,0x0021,0x0021,0x0021,0x0021,0x0021,0x0021,0x0021,0x0021,0x0021,0x0021,0x0021,0x0021,0x0021,0x0021,0x0021,
0x0021,0x0021,0x0021,0x0021,0x0021,0x0021,0x0021,0x0021,0x0021,0x0021,0x0021,0x0021,0x0021,0x0021,0x0021,0x0021,
},
{0x0021,0x0021,0x0021,0x0021,0x0021,0x0021,0x0021,0x0021,0x0021,0x0021,0x0021,0x0021,0x0021,0x0021,0x0021,0x0021,
0x0021,0x0021,0x0021,0x0021,0x0021,0x0021,0x0021,0x0021,0x0021,0x0021,0x0021,0x0021,0x0021,0x0021,0x0021,0x0021,
0x0021,0x0021,0x0021,0x0021,0x0021,0x0021,0x0021,0x0021,0x0021,0x0021,0x0021,0x0021,0x0021,0x0021,0x0021,0x0021,
0x0021,0x0021,0x0021,0x0021,0x0021,0x0021,0x0021,0x0021,0x0021,0x0021,0x0021,0x0021,0x0021,0x0021,0x0021,0x0021,
0x0021,0x0021,0x0021,0x0021,0x0021,0x0021,0x0021,0x0021,0x0021,0x0021,0x0021,0x0021,0x0022,0x0021,0x0021,0x0021,
0x0021,0x0022,0x0021,0x0021,0x0021,0x0021,0x0021,0x0022,0x0022,0x0022,0x0022,0x0022,0x0022,0x0022,0x0022,0x0022,
0x0022,0x0022,0x0022,0x0022,0x0022,0x0022,0x0022,0x0022,0x0021,0x0021,0x0022,0x0022,0x0021,0x0022,0x0022,0x0022,
0x0022,0x0021,0x0021,0x0022,0x0021,0x0022,0x0022,0x0022,0x0022,0x0022,0x0022,0x0022,0x0022,0x0022,0x0022,0x0022,
0x0022,0x0022,0x0022,0x0022,0x0022,0x0022,0x0022,0x0022,0x0022,0x0022,0x0021,0x0022,0x0022,0x0022,0x0022,0x0022,
0x0022,0x0022,0x0022,0x0022,0x0022,0x0022,0x0022,0x0022,0x0022,0x0022,0x0022,0x0022,0x0022,0x0022,0x0022,0x0022,
0x0022,0x0022,0x0022,0x0022,0x0022,0x0022,0x0022,0x0022,0x0022,0x0022,0x0022,0x0022,0x0042,0x0042,0x0042,0x0022,
0x0042,0x0022,0x0042,0x0043,0x0043,0x0043,0x0042,0x0042,0x0022,0x0022,0x0022,0x0042,0x0042,0x0042,0x0022,0x0022,
0x0022,0x0022,0x0022,0x0022,0x0022,0x0022,0x0022,0x0022,0x0022,0x0022,0x0022,0x0022,0x0022,0x0022,0x0022,0x0022,
0x0022,0x0022,0x0042,0x0042,0x0042,0x0042,0x0042,0x0042,0x0042,0x0042,0x0042,0x0042,0x0042,0x0042,0x0042,0x0042,
0x0042,0x0042,0x0042,0x0042,0x0042,0x0042,0x0042,0x0043,0x0043,0x0043,0x0063,0x0063,0x0063,0x0063,0x0043,0x0043,
0x0042,0x0042,0x0042,0x0042,0x0042,0x0042,0x0042,0x0042,0x0042,0x0022,0x0042,0x0022,0x0022,0x0022,0x0022,0x0022,
0x0022,0x0022,0x0042,0x0042,0x0042,0x0022,0x0022,0x0022,0x0022,0x0022,0x0022,0x0022,0x0022,0x0042,0x0042,0x0043,
0x0063,0x0063,0x0043,0x0042,0x0042,0x0042,0x0042,0x0042,0x0042,0x0042,0x0042,0x0042,0x0042,0x0042,0x0042,0x0042,
0x0042,0x0042,0x0022,0x0042,0x0042,0x0022,0x0022,0x0022,0x0042,0x0043,0x0043,0x0043,0x0043,0x0043,0x0042,0x0022,
0x0042,0x0042,0x0042,0x0042,0x0022,0x0042,0x0022,0x0022,0x0042,0x0022,0x0022,0x0022,0x0022,0x0022,0x0022,0x0022,
0x0022,0x0022,0x0022,0x0022,0x0022,0x0022,0x0022,0x0022,0x0022,0x0022,0x0022,0x0022,0x0022,0x0022,0x0022,0x0022,
0x0022,0x0022,0x0022,0x0022,0x0022,0x0022,0x0042,0x0022,0x0022,0x0022,0x0022,0x0022,0x0022,0x0022,0x0022,0x0022,
0x0022,0x0022,0x0022,0x0022,0x0022,0x0022,0x0022,0x0022,0x0022,0x0022,0x0021,0x0022,0x0022,0x0022,0x0022,0x0021,
0x0022,0x0022,0x0022,0x0022,0x0022,0x0022,0x0022,0x0022,0x0022,0x0022,0x0022,0x0022,0x0022,0x0042,0x0042,0x0022,
0x0022,0x0022,0x0022,0x0022,0x0021,0x0022,0x0022,0x0022,0x0022,0x0022,0x0022,0x0021,0x0022,0x0022,0x0022,0x0022,
0x0042,0x0022,0x0022,0x0022,0x0022,0x0022,0x0022,0x0022,0x0022,0x0022,0x0022,0x0022,0x0021,0x0021,0x0021,0x0021,
0x0021,0x0021,0x0021,0x0021,0x0021,0x0021,0x0021,0x0021,0x0022,0x0022,0x0022,0x0021,0x0021,0x0021,0x0021,0x0021,
0x0022,0x0021,0x0021,0x0022,0x0021,0x0021,0x0021,0x0021,0x0021,0x0021,0x0021,0x0021,0x0021,0x0021,0x0021,0x0021,
0x0021,0x0021,0x0021,0x0021,0x0021,0x0021,0x0021,0x0021,0x0021,0x0021,0x0021,0x0021,0x0021,0x0021,0x0021,0x0021,
0x0021,0x0021,0x0021,0x0021,0x0021,0x0021,0x0021,0x0021,0x0021,0x0021,0x0021,0x0021,0x0021,0x0021,0x0021,0x0021,
0x0021,0x0021,0x0021,0x0021,0x0021,0x0021,0x0021,0x0021,0x0021,0x0021,0x0021,0x0021,0x0021,0x0021,0x0021,0x0021,
0x0021,0x0021,0x0021,0x0021,0x0021,0x0021,0x0021,0x0021,0x0021,0x0021,0x0021,0x0021,0x0021,0x0021,0x0021,0x0021,
},
{0x0021,0x0021,0x0021,0x0021,0x0021,0x0021,0x0021,0x0021,0x0021,0x0021,0x0021,0x0021,0x0021,0x0021,0x0021,0x0021,
0x0021,0x0021,0x0021,0x0021,0x0021,0x0021,0x0021,0x0021,0x0021,0x0021,0x0021,0x0021,0x0021,0x0021,0x0021,0x0021,
0x0021,0x0021,0x0021,0x0021,0x0021,0x0021,0x0021,0x0021,0x0021,0x0021,0x0021,0x0021,0x0021,0x0021,0x0021,0x0021,
0x0021,0x0021,0x0021,0x0021,0x0021,0x0021,0x0021,0x0021,0x0021,0x0021,0x0021,0x0021,0x0021,0x0021,0x0021,0x0021,
0x0021,0x0021,0x0021,0x0021,0x0021,0x0021,0x0021,0x0021,0x0021,0x0021,0x0021,0x0021,0x0022,0x0021,0x0021,0x0021,
0x0021,0x0021,0x0021,0x0021,0x0021,0x0021,0x0022,0x0022,0x0022,0x0022,0x0022,0x0022,0x0022,0x0022,0x0022,0x0022,
0x0022,0x0022,0x0022,0x0022,0x0022,0x0022,0x0022,0x0022,0x0022,0x0022,0x0022,0x0022,0x0022,0x0022,0x0021,0x0022,
0x0022,0x0022,0x0022,0x0021,0x0021,0x0021,0x0022,0x0022,0x0022,0x0022,0x0022,0x0022,0x0022,0x0022,0x0022,0x0022,
0x0022,0x0022,0x0022,0x0022,0x0022,0x0022,0x0022,0x0022,0x0022,0x0022,0x0022,0x0022,0x0022,0x0022,0x0022,0x0022,
0x0022,0x0022,0x0022,0x0022,0x0022,0x0022,0x0022,0x0022,0x0022,0x0022,0x0022,0x0022,0x0022,0x0022,0x0022,0x0022,
0x0022,0x0022,0x0022,0x0022,0x0022,0x0022,0x0022,0x0022,0x0042,0x0022,0x0022,0x0022,0x0022,0x0042,0x0042,0x0042,
0x0022,0x0022,0x0042,0x0042,0x0042,0x0042,0x0043,0x0042,0x0042,0x0022,0x0022,0x0022,0x0022,0x0022,0x0022,0x0022,
0x0022,0x0022,0x0022,0x0022,0x0022,0x0022,0x0022,0x0022,0x0022,0x0022,0x0022,0x0022,0x0022,0x0022,0x0022,0x0022,
0x0022,0x0022,0x0042,0x0042,0x0042,0x0022,0x0022,0x0022,0x0042,0x0042,0x0042,0x0042,0x0042,0x0042,0x0042,0x0042,
0x0042,0x0042,0x0042,0x0042,0x0042,0x0042,0x0042,0x0042,0x0043,0x0043,0x0043,0x0043,0x0043,0x0043,0x0043,0x0042,
0x0042,0x0042,0x0042,0x0042,0x0042,0x0042,0x0042,0x0042,0x0042,0x0022,0x0022,0x0022,0x0022,0x0022,0x0022,0x0022,
0x0022,0x0042,0x0042,0x0042,0x0042,0x0022,0x0022,0x0022,0x0022,0x0022,0x0022,0x0022,0x0042,0x0042,0x0042,0x0042,
0x0042,0x0042,0x0042,0x0042,0x0042,0x0042,0x0022,0x0042,0x0042,0x0042,0x0042,0x0042,0x0042,0x0042,0x0042,0x0042,
0x0043,0x0042,0x0042,0x0042,0x0022,0x0022,0x0022,0x0022,0x0022,0x0042,0x0042,0x0043,0x0043,0x0042,0x0042,0x0022,
0x0022,0x0022,0x0022,0x0022,0x0022,0x0022,0x0022,0x0022,0x0022,0x0022,0x0022,0x0022,0x0022,0x0022,0x0022,0x0022,
0x0022,0x0022,0x0022,0x0022,0x0022,0x0022,0x0022,0x0021,0x0022,0x0022,0x0022,0x0022,0x0022,0x0022,0x0022,0x0022,
0x0021,0x0021,0x0022,0x0022,0x0022,0x0022,0x0022,0x0022,0x0022,0x0022,0x0021,0x0022,0x0022,0x0021,0x0021,0x0021,
0x0022,0x0022,0x0022,0x0022,0x0022,0x0022,0x0022,0x0022,0x0022,0x0022,0x0021,0x0021,0x0021,0x0021,0x0021,0x0021,
0x0022,0x0022,0x0022,0x0022,0x0022,0x0022,0x0022,0x0022,0x0022,0x0022,0x0022,0x0022,0x0022,0x0022,0x0042,0x0022,
0x0022,0x0022,0x0022,0x0022,0x0022,0x0022,0x0022,0x0022,0x0022,0x0022,0x0022,0x0022,0x0022,0x0022,0x0022,0x0022,
0x0022,0x0022,0x0022,0x0022,0x0022,0x0022,0x0022,0x0022,0x0022,0x0022,0x0022,0x0022,0x0022,0x0021,0x0021,0x0021,
0x0021,0x0021,0x0021,0x0021,0x0021,0x0021,0x0021,0x0021,0x0022,0x0022,0x0022,0x0022,0x0021,0x0021,0x0021,0x0021,
0x0022,0x0021,0x0021,0x0021,0x0021,0x0021,0x0021,0x0021,0x0021,0x0021,0x0021,0x0021,0x0021,0x0021,0x0021,0x0021,
0x0021,0x0021,0x0021,0x0021,0x0021,0x0021,0x0021,0x0021,0x0021,0x0021,0x0021,0x0021,0x0021,0x0021,0x0021,0x0021,
0x0021,0x0021,0x0021,0x0021,0x0021,0x0021,0x0021,0x0021,0x0021,0x0021,0x0021,0x0021,0x0021,0x0021,0x0021,0x0021,
0x0021,0x0021,0x0021,0x0021,0x0021,0x0021,0x0021,0x0021,0x0021,0x0021,0x0021,0x0021,0x0021,0x0021,0x0021,0x0021,
0x0021,0x0021,0x0021,0x0021,0x0021,0x0021,0x0021,0x0021,0x0021,0x0021,0x0021,0x0021,0x0021,0x0021,0x0021,0x0021,
},
{0x0021,0x0021,0x0021,0x0021,0x0021,0x0021,0x0021,0x0021,0x0021,0x0021,0x0021,0x0021,0x0021,0x0021,0x0021,0x0021,
0x0021,0x0021,0x0021,0x0021,0x0021,0x0021,0x0021,0x0021,0x0021,0x0021,0x0021,0x0021,0x0021,0x0021,0x0021,0x0021,
0x0021,0x0021,0x0021,0x0021,0x0021,0x0021,0x0021,0x0021,0x0021,0x0021,0x0021,0x0021,0x0021,0x0021,0x0021,0x0021,
0x0021,0x0021,0x0021,0x0021,0x0021,0x0021,0x0021,0x0021,0x0021,0x0021,0x0021,0x0021,0x0021,0x0021,0x0021,0x0021,
0x0021,0x0021,0x0021,0x0021,0x0021,0x0021,0x0021,0x0021,0x0021,0x0021,0x0021,0x0021,0x0021,0x0022,0x0021,0x0021,
0x0021,0x0022,0x0021,0x0021,0x0021,0x0021,0x0021,0x0021,0x0021,0x0021,0x0022,0x0022,0x0022,0x0022,0x0022,0x0022,
0x0022,0x0022,0x0022,0x0022,0x0022,0x0022,0x0022,0x0022,0x0022,0x0022,0x0022,0x0022,0x0022,0x0021,0x0021,0x0022,
0x0022,0x0021,0x0022,0x0021,0x0021,0x0021,0x0021,0x0022,0x0022,0x0022,0x0022,0x0022,0x0022,0x0022,0x0022,0x0022,
0x0022,0x0022,0x0022,0x0022,0x0022,0x0022,0x0022,0x0022,0x0022,0x0022,0x0022,0x0022,0x0022,0x0022,0x0022,0x0022,
0x0022,0x0022,0x0022,0x0022,0x0022,0x0022,0x0042,0x0022,0x0022,0x0022,0x0022,0x0022,0x0022,0x0022,0x0022,0x0022,
0x0022,0x0022,0x0022,0x0022,0x0022,0x0022,0x0022,0x0022,0x0022,0x0042,0x0022,0x0022,0x0022,0x0022,0x0042,0x0042,
0x0022,0x0042,0x0022,0x0022,0x0022,0x0022,0x0022,0x0042,0x0042,0x0022,0x0022,0x0022,0x0022,0x0022,0x0022,0x0022,
0x0022,0x0022,0x0022,0x0022,0x0022,0x0022,0x0022,0x0022,0x0022,0x0022,0x0022,0x0022,0x0022,0x0022,0x0022,0x0022,
0x0022,0x0022,0x0022,0x0022,0x0022,0x0022,0x0022,0x0022,0x0022,0x0042,0x0022,0x0042,0x0042,0x0042,0x0022,0x0022,
0x0022,0x0042,0x0022,0x0022,0x0022,0x0042,0x0042,0x0042,0x0042,0x0042,0x0043,0x0043,0x0043,0x0043,0x0042,0x0022,
0x0022,0x0042,0x0042,0x0042,0x0042,0x0042,0x0042,0x0022,0x0022,0x0022,0x0022,0x0022,0x0022,0x0022,0x0022,0x0022,
0x0042,0x0042,0x0042,0x0042,0x0042,0x0022,0x0022,0x0042,0x0042,0x0042,0x0042,0x0042,0x0042,0x0042,0x0042,0x0042,
0x0042,0x0042,0x0042,0x0042,0x0042,0x0042,0x0042,0x0042,0x0042,0x0022,0x0022,0x0042,0x0042,0x0042,0x0042,0x0042,
0x0043,0x0042,0x0042,0x0042,0x0042,0x0042,0x0042,0x0042,0x0022,0x0022,0x0022,0x0042,0x0043,0x0042,0x0022,0x0042,
0x0022,0x0022,0x0022,0x0022,0x0022,0x0022,0x0022,0x0022,0x0022,0x0022,0x0022,0x0022,0x0022,0x0022,0x0022,0x0022,
0x0021,0x0022,0x0022,0x0022,0x0021,0x0022,0x0021,0x0021,0x0021,0x0021,0x0021,0x0022,0x0022,0x0022,0x0022,0x0022,
0x0022,0x0021,0x0021,0x0021,0x0022,0x0021,0x0021,0x0022,0x0022,0x0021,0x0022,0x0021,0x0021,0x0021,0x0021,0x0021,
0x0021,0x0022,0x0022,0x0022,0x0022,0x0022,0x0022,0x0022,0x0022,0x0022,0x0021,0x0021,0x0021,0x0021,0x0022,0x0021,
0x0022,0x0022,0x0022,0x0022,0x0022,0x0022,0x0022,0x0022,0x0022,0x0022,0x0022,0x0022,0x0022,0x0022,0x0022,0x0022,
0x0022,0x0022,0x0022,0x0022,0x0022,0x0022,0x0022,0x0022,0x0022,0x0022,0x0022,0x0022,0x0022,0x0022,0x0022,0x0022,
0x0022,0x0022,0x0022,0x0022,0x0022,0x0022,0x0021,0x0022,0x0022,0x0022,0x0022,0x0022,0x0022,0x0022,0x0022,0x0021,
0x0021,0x0021,0x0021,0x0021,0x0022,0x0022,0x0022,0x0021,0x0022,0x0021,0x0022,0x0022,0x0021,0x0021,0x0021,0x0021,
0x0021,0x0021,0x0021,0x0022,0x0021,0x0021,0x0021,0x0021,0x0021,0x0021,0x0021,0x0021,0x0021,0x0021,0x0021,0x0021,
0x0021,0x0021,0x0021,0x0021,0x0021,0x0021,0x0021,0x0021,0x0021,0x0021,0x0021,0x0021,0x0021,0x0021,0x0021,0x0021,
0x0021,0x0021,0x0021,0x0021,0x0021,0x0021,0x0021,0x0021,0x0021,0x0021,0x0021,0x0021,0x0021,0x0021,0x0021,0x0021,
0x0021,0x0021,0x0021,0x0021,0x0021,0x0021,0x0021,0x0021,0x0021,0x0021,0x0021,0x0021,0x0021,0x0021,0x0021,0x0021,
0x0021,0x0021,0x0021,0x0021,0x0021,0x0021,0x0021,0x0021,0x0021,0x0021,0x0021,0x0021,0x0021,0x0021,0x0021,0x0021,
},
{0x0021,0x0021,0x0021,0x0021,0x0021,0x0021,0x0021,0x0021,0x0021,0x0021,0x0021,0x0021,0x0021,0x0021,0x0021,0x0021,
0x0021,0x0021,0x0021,0x0021,0x0021,0x0021,0x0021,0x0021,0x0021,0x0021,0x0021,0x0021,0x0021,0x0021,0x0021,0x0021,
0x0021,0x0021,0x0021,0x0021,0x0021,0x0021,0x0021,0x0021,0x0021,0x0021,0x0021,0x0021,0x0021,0x0021,0x0021,0x0021,
0x0021,0x0021,0x0021,0x0021,0x0021,0x0021,0x0021,0x0021,0x0021,0x0021,0x0021,0x0021,0x0021,0x0021,0x0021,0x0021,
0x0021,0x0021,0x0021,0x0021,0x0021,0x0021,0x0021,0x0021,0x0021,0x0021,0x0021,0x0021,0x0021,0x0021,0x0021,0x0021,
0x0022,0x0021,0x0021,0x0021,0x0021,0x0021,0x0021,0x0021,0x0021,0x0021,0x0021,0x0021,0x0022,0x0021,0x0022,0x0022,
0x0022,0x0022,0x0021,0x0022,0x0022,0x0022,0x0022,0x0022,0x0022,0x0022,0x0022,0x0022,0x0021,0x0021,0x0022,0x0022,
0x0022,0x0021,0x0022,0x0021,0x0021,0x0021,0x0021,0x0022,0x0022,0x0022,0x0022,0x0022,0x0022,0x0022,0x0022,0x0021,
0x0022,0x0021,0x0022,0x0022,0x0022,0x0022,0x0022,0x0022,0x0022,0x0022,0x0022,0x0022,0x0022,0x0022,0x0022,0x0022,
0x0022,0x0022,0x0022,0x0022,0x0022,0x0022,0x0022,0x0022,0x0022,0x0022,0x0022,0x0022,0x0022,0x0022,0x0022,0x0022,
0x0022,0x0022,0x0022,0x0022,0x0022,0x0022,0x0022,0x0022,0x0022,0x0022,0x0022,0x0022,0x0022,0x0022,0x0022,0x0042,
0x0042,0x0042,0x0022,0x0022,0x0022,0x0022,0x0022,0x0022,0x0022,0x0022,0x0022,0x0022,0x0022,0x0022,0x0022,0x0022,
0x0022,0x0042,0x0022,0x0022,0x0022,0x0022,0x0022,0x0022,0x0022,0x0022,0x0022,0x0022,0x0022,0x0022,0x0022,0x0022,
0x0022,0x0022,0x0022,0x0022,0x0022,0x0022,0x0022,0x0022,0x0022,0x0022,0x0022,0x0022,0x0042,0x0042,0x0022,0x0022,
0x0022,0x0022,0x0022,0x0022,0x0022,0x0042,0x0042,0x0042,0x0042,0x0042,0x0043,0x0043,0x0042,0x0043,0x0042,0x0022,
0x0022,0x0042,0x0042,0x0042,0x0022,0x0022,0x0022,0x0022,0x0022,0x0022,0x0022,0x0022,0x0022,0x0022,0x0022,0x0022,
0x0022,0x0042,0x0042,0x0042,0x0042,0x0022,0x0022,0x0042,0x0042,0x0042,0x0022,0x0042,0x0042,0x0022,0x0022,0x0042,
0x0042,0x0042,0x0042,0x0042,0x0042,0x0042,0x0042,0x0042,0x0042,0x0022,0x0022,0x0022,0x0022,0x0042,0x0042,0x0043,
0x0043,0x0042,0x0022,0x0042,0x0042,0x0043,0x0043,0x0042,0x0042,0x0022,0x0022,0x0042,0x0022,0x0022,0x0022,0x0042,
0x0042,0x0022,0x0022,0x0022,0x0022,0x0022,0x0022,0x0022,0x0022,0x0022,0x0022,0x0022,0x0022,0x0022,0x0022,0x0022,
0x0021,0x0021,0x0021,0x0022,0x0022,0x0022,0x0022,0x0021,0x0021,0x0021,0x0021,0x0022,0x0022,0x0022,0x0022,0x0022,
0x0022,0x0021,0x0021,0x0021,0x0021,0x0021,0x0021,0x0022,0x0022,0x0021,0x0021,0x0021,0x0021,0x0021,0x0021,0x0021,
0x0021,0x0021,0x0022,0x0022,0x0022,0x0022,0x0022,0x0022,0x0022,0x0022,0x0021,0x0022,0x0021,0x0021,0x0022,0x0021,
0x0021,0x0022,0x0022,0x0022,0x0022,0x0022,0x0022,0x0022,0x0022,0x0022,0x0022,0x0022,0x0022,0x0022,0x0022,0x0022,
0x0022,0x0022,0x0022,0x0022,0x0022,0x0022,0x0022,0x0021,0x0022,0x0022,0x0022,0x0022,0x0022,0x0022,0x0021,0x0022,
0x0022,0x0022,0x0022,0x0021,0x0021,0x0021,0x0021,0x0021,0x0022,0x0022,0x0022,0x0022,0x0022,0x0022,0x0022,0x0022,
0x0021,0x0021,0x0021,0x0021,0x0022,0x0022,0x0022,0x0022,0x0022,0x0021,0x0021,0x0022,0x0021,0x0021,0x0022,0x0022,
0x0021,0x0021,0x0022,0x0021,0x0021,0x0021,0x0021,0x0021,0x0021,0x0021,0x0021,0x0021,0x0021,0x0021,0x0021,0x0021,
0x0021,0x0021,0x0021,0x0021,0x0021,0x0021,0x0021,0x0021,0x0021,0x0021,0x0021,0x0021,0x0021,0x0021,0x0021,0x0021,
0x0021,0x0021,0x0021,0x0021,0x0021,0x0021,0x0021,0x0021,0x0021,0x0021,0x0021,0x0021,0x0021,0x0021,0x0021,0x0021,
0x0021,0x0021,0x0021,0x0021,0x0021,0x0021,0x0021,0x0021,0x0021,0x0021,0x0021,0x0021,0x0021,0x0021,0x0021,0x0021,
0x0021,0x0021,0x0021,0x0021,0x0021,0x0021,0x0021,0x0021,0x0021,0x0021,0x0021,0x0021,0x0021,0x0021,0x0021,0x0021,
},
{0x0021,0x0021,0x0021,0x0021,0x0021,0x0021,0x0021,0x0021,0x0021,0x0021,0x0021,0x0021,0x0021,0x0021,0x0021,0x0021,
0x0021,0x0021,0x0021,0x0021,0x0021,0x0021,0x0021,0x0021,0x0021,0x0021,0x0021,0x0021,0x0021,0x0021,0x0021,0x0021,
0x0021,0x0021,0x0021,0x0021,0x0021,0x0021,0x0021,0x0021,0x0021,0x0021,0x0021,0x0021,0x0021,0x0021,0x0021,0x0021,
0x0021,0x0021,0x0021,0x0021,0x0021,0x0021,0x0021,0x0021,0x0021,0x0021,0x0021,0x0021,0x0021,0x0021,0x0021,0x0021,
0x0021,0x0021,0x0021,0x0021,0x0021,0x0021,0x0021,0x0021,0x0021,0x0021,0x0021,0x0021,0x0021,0x0021,0x0021,0x0021,
0x0022,0x0021,0x0021,0x0021,0x0021,0x0021,0x0021,0x0021,0x0021,0x0021,0x0021,0x0021,0x0021,0x0021,0x0021,0x0021,
0x0021,0x0021,0x0021,0x0022,0x0022,0x0022,0x0022,0x0022,0x0022,0x0022,0x0022,0x0021,0x0021,0x0022,0x0022,0x0021,
0x0021,0x0021,0x0021,0x0021,0x0021,0x0021,0x0021,0x0021,0x0021,0x0022,0x0021,0x0021,0x0021,0x0021,0x0021,0x0022,
0x0021,0x0021,0x0022,0x0022,0x0022,0x0022,0x0022,0x0022,0x0022,0x0022,0x0022,0x0022,0x0022,0x0022,0x0022,0x0022,
0x0022,0x0022,0x0022,0x0022,0x0022,0x0022,0x0022,0x0022,0x0022,0x0022,0x0022,0x0022,0x0022,0x0022,0x0022,0x0022,
0x0022,0x0022,0x0022,0x0022,0x0022,0x0022,0x0022,0x0022,0x0022,0x0022,0x0022,0x0022,0x0022,0x0022,0x0022,0x0022,
0x0042,0x0022,0x0022,0x0022,0x0022,0x0042,0x0043,0x0042,0x0022,0x0022,0x0022,0x0022,0x0022,0x0022,0x0022,0x0022,
0x0022,0x0042,0x0042,0x0022,0x0022,0x0022,0x0022,0x0022,0x0022,0x0022,0x0022,0x0022,0x0022,0x0022,0x0022,0x0022,
0x0022,0x0022,0x0022,0x0022,0x0022,0x0022,0x0022,0x0022,0x0022,0x0022,0x0022,0x0022,0x0042,0x0042,0x0022,0x0022,
0x0022,0x0022,0x0022,0x0022,0x0022,0x0022,0x0042,0x0042,0x0042,0x0042,0x0043,0x0042,0x0042,0x0042,0x0042,0x0042,
0x0042,0x0042,0x0042,0x0042,0x0042,0x0022,0x0022,0x0022,0x0022,0x0022,0x0022,0x0022,0x0022,0x0022,0x0022,0x0022,
0x0022,0x0042,0x0022,0x0022,0x0022,0x0022,0x0022,0x0022,0x0022,0x0022,0x0022,0x0022,0x0022,0x0022,0x0022,0x0022,
0x0022,0x0022,0x0042,0x0042,0x0063,0x0063,0x0043,0x0042,0x0022,0x0022,0x0042,0x0022,0x0022,0x0042,0x0042,0x0043,
0x0042,0x0022,0x0022,0x0022,0x0022,0x0042,0x0042,0x0042,0x0042,0x0042,0x0042,0x0042,0x0022,0x0022,0x0022,0x0042,
0x0042,0x0022,0x0022,0x0022,0x0022,0x0022,0x0022,0x0022,0x0022,0x0022,0x0022,0x0022,0x0022,0x0022,0x0022,0x0022,
0x0022,0x0021,0x0022,0x0022,0x0021,0x0022,0x0022,0x0021,0x0021,0x0021,0x0021,0x0021,0x0021,0x0022,0x0022,0x0022,
0x0022,0x0021,0x0021,0x0021,0x0021,0x0021,0x0021,0x0021,0x0022,0x0021,0x0021,0x0021,0x0021,0x0021,0x0021,0x0021,
0x0021,0x0021,0x0021,0x0021,0x0022,0x0021,0x0021,0x0022,0x0022,0x0022,0x0021,0x0022,0x0021,0x0022,0x0021,0x0021,
0x0021,0x0022,0x0022,0x0022,0x0022,0x0022,0x0022,0x0021,0x0022,0x0022,0x0022,0x0022,0x0022,0x0022,0x0022,0x0022,
0x0022,0x0022,0x0022,0x0022,0x0022,0x0022,0x0022,0x0022,0x0022,0x0022,0x0022,0x0022,0x0022,0x0022,0x0021,0x0021,
0x0022,0x0022,0x0022,0x0021,0x0021,0x0021,0x0021,0x0021,0x0021,0x0022,0x0022,0x0022,0x0022,0x0022,0x0022,0x0022,
0x0022,0x0022,0x0022,0x0022,0x0022,0x0022,0x0022,0x0022,0x0022,0x0022,0x0022,0x0022,0x0021,0x0021,0x0021,0x0021,
0x0021,0x0021,0x0021,0x0021,0x0021,0x0021,0x0021,0x0021,0x0021,0x0021,0x0021,0x0021,0x0021,0x0021,0x0021,0x0021,
0x0021,0x0021,0x0021,0x0021,0x0021,0x0021,0x0021,0x0021,0x0021,0x0021,0x0021,0x0021,0x0021,0x0021,0x0021,0x0021,
0x0021,0x0021,0x0021,0x0021,0x0021,0x0021,0x0021,0x0021,0x0021,0x0021,0x0021,0x0021,0x0021,0x0021,0x0021,0x0021,
0x0021,0x0021,0x0021,0x0021,0x0021,0x0021,0x0021,0x0021,0x0021,0x0021,0x0021,0x0021,0x0021,0x0021,0x0021,0x0021,
0x0021,0x0021,0x0021,0x0021,0x0021,0x0021,0x0021,0x0021,0x0021,0x0021,0x0021,0x0021,0x0021,0x0021,0x0021,0x0021,
},
{0x0021,0x0021,0x0021,0x0021,0x0021,0x0021,0x0021,0x0021,0x0021,0x0021,0x0021,0x0021,0x0021,0x0021,0x0021,0x0021,
0x0021,0x0021,0x0021,0x0021,0x0021,0x0021,0x0021,0x0021,0x0021,0x0021,0x0021,0x0021,0x0021,0x0021,0x0021,0x0021,
0x0021,0x0021,0x0021,0x0021,0x0021,0x0021,0x0021,0x0021,0x0021,0x0021,0x0021,0x0021,0x0021,0x0021,0x0021,0x0021,
0x0021,0x0021,0x0021,0x0021,0x0021,0x0021,0x0021,0x0021,0x0021,0x0021,0x0021,0x0021,0x0021,0x0021,0x0021,0x0021,
0x0021,0x0021,0x0021,0x0021,0x0021,0x0021,0x0021,0x0021,0x0021,0x0021,0x0021,0x0021,0x0021,0x0021,0x0021,0x0021,
0x0021,0x0021,0x0021,0x0021,0x0021,0x0021,0x0021,0x0021,0x0021,0x0021,0x0021,0x0021,0x0021,0x0021,0x0022,0x0021,
0x0021,0x0021,0x0021,0x0022,0x0022,0x0021,0x0022,0x0022,0x0022,0x0022,0x0022,0x0022,0x0021,0x0022,0x0021,0x0021,
0x0021,0x0021,0x0021,0x0021,0x0021,0x0021,0x0021,0x0021,0x0021,0x0021,0x0021,0x0021,0x0021,0x0021,0x0022,0x0022,
0x0022,0x0022,0x0021,0x0021,0x0022,0x0022,0x0022,0x0022,0x0022,0x0022,0x0022,0x0022,0x0022,0x0022,0x0022,0x0022,
0x0022,0x0022,0x0022,0x0022,0x0022,0x0022,0x0022,0x0022,0x0022,0x0022,0x0022,0x0022,0x0022,0x0022,0x0022,0x0022,
0x0022,0x0022,0x0022,0x0022,0x0022,0x0022,0x0022,0x0022,0x0022,0x0022,0x0022,0x0022,0x0022,0x0022,0x0022,0x0022,
0x0022,0x0022,0x0022,0x0022,0x0042,0x0042,0x0043,0x0043,0x0042,0x0042,0x0022,0x0022,0x0022,0x0022,0x0022,0x0022,
0x0022,0x0022,0x0022,0x0022,0x0022,0x0022,0x0022,0x0042,0x0042,0x0022,0x0022,0x0022,0x0022,0x0022,0x0022,0x0022,
0x0022,0x0022,0x0022,0x0022,0x0022,0x0022,0x0022,0x0022,0x0022,0x0022,0x0022,0x0022,0x0022,0x0022,0x0022,0x0022,
0x0022,0x0022,0x0022,0x0022,0x0022,0x0022,0x0022,0x0022,0x0042,0x0042,0x0042,0x0042,0x0042,0x0042,0x0042,0x0042,
0x0042,0x0022,0x0022,0x0022,0x0022,0x0022,0x0042,0x0042,0x0022,0x0022,0x0022,0x0022,0x0022,0x0022,0x0022,0x0022,
0x0022,0x0022,0x0022,0x0022,0x0022,0x0022,0x0022,0x0022,0x0022,0x0022,0x0022,0x0022,0x0022,0x0022,0x0022,0x0022,
0x0022,0x0022,0x0022,0x0042,0x0063,0x0063,0x0043,0x0022,0x0022,0x0022,0x0042,0x0042,0x0022,0x0042,0x0042,0x0042,
0x0022,0x0022,0x0022,0x0022,0x0022,0x0022,0x0022,0x0042,0x0042,0x0042,0x0042,0x0022,0x0022,0x0022,0x0022,0x0022,
0x0022,0x0022,0x0022,0x0022,0x0022,0x0022,0x0022,0x0022,0x0022,0x0022,0x0022,0x0022,0x0022,0x0022,0x0022,0x0022,
0x0022,0x0022,0x0022,0x0022,0x0021,0x0022,0x0022,0x0022,0x0021,0x0021,0x0021,0x0021,0x0021,0x0021,0x0021,0x0022,
0x0022,0x0022,0x0021,0x0021,0x0021,0x0021,0x0021,0x0021,0x0021,0x0021,0x0021,0x0021,0x0021,0x0021,0x0021,0x0021,
0x0021,0x0021,0x0021,0x0021,0x0021,0x0021,0x0021,0x0021,0x0022,0x0022,0x0021,0x0021,0x0021,0x0021,0x0021,0x0021,
0x0021,0x0022,0x0022,0x0022,0x0022,0x0022,0x0022,0x0022,0x0022,0x0022,0x0022,0x0022,0x0022,0x0022,0x0022,0x0022,
0x0022,0x0022,0x0022,0x0022,0x0022,0x0022,0x0022,0x0022,0x0022,0x0021,0x0022,0x0022,0x0022,0x0021,0x0021,0x0021,
0x0022,0x0021,0x0021,0x0021,0x0021,0x0021,0x0021,0x0021,0x0021,0x0021,0x0022,0x0022,0x0022,0x0022,0x0022,0x0022,
0x0022,0x0022,0x0022,0x0022,0x0022,0x0022,0x0021,0x0021,0x0022,0x0022,0x0021,0x0022,0x0021,0x0021,0x0021,0x0021,
0x0021,0x0021,0x0021,0x0021,0x0021,0x0021,0x0022,0x0021,0x0021,0x0021,0x0021,0x0021,0x0021,0x0021,0x0021,0x0021,
0x0021,0x0021,0x0021,0x0021,0x0021,0x0021,0x0021,0x0021,0x0021,0x0021,0x0021,0x0021,0x0021,0x0021,0x0021,0x0021,
0x0021,0x0021,0x0021,0x0021,0x0021,0x0021,0x0021,0x0021,0x0021,0x0021,0x0021,0x0021,0x0021,0x0021,0x0021,0x0021,
0x0021,0x0021,0x0021,0x0021,0x0021,0x0021,0x0021,0x0021,0x0021,0x0021,0x0021,0x0021,0x0021,0x0021,0x0021,0x0021,
0x0021,0x0021,0x0021,0x0021,0x0021,0x0021,0x0021,0x0021,0x0021,0x0021,0x0021,0x0021,0x0021,0x0021,0x0021,0x0021,
},
{0x0021,0x0021,0x0021,0x0021,0x0021,0x0021,0x0021,0x0021,0x0021,0x0021,0x0021,0x0021,0x0021,0x0021,0x0021,0x0021,
0x0021,0x0021,0x0021,0x0021,0x0021,0x0021,0x0021,0x0021,0x0021,0x0021,0x0021,0x0021,0x0021,0x0021,0x0021,0x0021,
0x0021,0x0021,0x0021,0x0021,0x0021,0x0021,0x0021,0x0021,0x0021,0x0021,0x0021,0x0021,0x0021,0x0021,0x0021,0x0021,
0x0021,0x0021,0x0021,0x0021,0x0021,0x0021,0x0021,0x0021,0x0021,0x0021,0x0021,0x0021,0x0021,0x0021,0x0021,0x0021,
0x0021,0x0021,0x0021,0x0021,0x0021,0x0021,0x0021,0x0021,0x0021,0x0021,0x0021,0x0021,0x0021,0x0021,0x0021,0x0021,
0x0021,0x0021,0x0021,0x0021,0x0021,0x0021,0x0021,0x0021,0x0021,0x0021,0x0021,0x0021,0x0021,0x0021,0x0021,0x0021,
0x0021,0x0021,0x0021,0x0021,0x0022,0x0021,0x0022,0x0022,0x0021,0x0021,0x0021,0x0022,0x0021,0x0021,0x0021,0x0021,
0x0021,0x0021,0x0021,0x0021,0x0021,0x0021,0x0021,0x0021,0x0021,0x0021,0x0021,0x0021,0x0021,0x0021,0x0022,0x0022,
0x0022,0x0022,0x0021,0x0022,0x0022,0x0022,0x0022,0x0022,0x0022,0x0022,0x0022,0x0022,0x0022,0x0022,0x0022,0x0022,
0x0022,0x0022,0x0022,0x0022,0x0022,0x0022,0x0022,0x0022,0x0022,0x0022,0x0022,0x0022,0x0022,0x0022,0x0022,0x0022,
0x0022,0x0022,0x0022,0x0022,0x0022,0x0022,0x0022,0x0022,0x0022,0x0022,0x0022,0x0022,0x0022,0x0022,0x0022,0x0022,
0x0022,0x0022,0x0022,0x0022,0x0022,0x0042,0x0042,0x0022,0x0042,0x0022,0x0022,0x0022,0x0022,0x0022,0x0022,0x0022,
0x0022,0x0022,0x0022,0x0022,0x0022,0x0042,0x0022,0x0022,0x0042,0x0042,0x0022,0x0022,0x0022,0x0022,0x0022,0x0022,
0x0022,0x0022,0x0022,0x0022,0x0022,0x0022,0x0022,0x0022,0x0022,0x0022,0x0022,0x0022,0x0022,0x0022,0x0022,0x0022,
0x0022,0x0022,0x0022,0x0022,0x0022,0x0022,0x0022,0x0022,0x0022,0x0042,0x0022,0x0022,0x0022,0x0022,0x0042,0x0042,
0x0042,0x0022,0x0022,0x0022,0x0022,0x0022,0x0022,0x0022,0x0022,0x0022,0x0022,0x0022,0x0022,0x0022,0x0022,0x0022,
0x0022,0x0022,0x0022,0x0022,0x0022,0x0022,0x0022,0x0022,0x0022,0x0022,0x0022,0x0022,0x0022,0x0022,0x0022,0x0022,
0x0022,0x0022,0x0022,0x0022,0x0042,0x0043,0x0042,0x0022,0x0022,0x0022,0x0043,0x0043,0x0042,0x0043,0x0043,0x0042,
0x0042,0x0042,0x0022,0x0022,0x0022,0x0022,0x0022,0x0022,0x0042,0x0042,0x0042,0x0022,0x0022,0x0022,0x0022,0x0022,
0x0022,0x0022,0x0022,0x0022,0x0022,0x0022,0x0022,0x0022,0x0022,0x0022,0x0022,0x0022,0x0022,0x0022,0x0022,0x0022,
0x0022,0x0022,0x0022,0x0022,0x0022,0x0022,0x0022,0x0022,0x0021,0x0022,0x0021,0x0022,0x0022,0x0021,0x0021,0x0021,
0x0022,0x0022,0x0022,0x0021,0x0021,0x0021,0x0021,0x0021,0x0021,0x0021,0x0021,0x0022,0x0021,0x0021,0x0022,0x0021,
0x0021,0x0021,0x0021,0x0021,0x0021,0x0021,0x0021,0x0021,0x0021,0x0021,0x0021,0x0021,0x0021,0x0021,0x0021,0x0021,
0x0022,0x0022,0x0022,0x0022,0x0021,0x0022,0x0022,0x0022,0x0021,0x0022,0x0022,0x0022,0x0022,0x0022,0x0022,0x0022,
0x0022,0x0022,0x0022,0x0022,0x0022,0x0022,0x0022,0x0022,0x0022,0x0021,0x0021,0x0022,0x0021,0x0021,0x0021,0x0021,
0x0021,0x0022,0x0021,0x0021,0x0021,0x0021,0x0021,0x0021,0x0021,0x0021,0x0021,0x0022,0x0022,0x0022,0x0022,0x0022,
0x0022,0x0022,0x0022,0x0022,0x0022,0x0021,0x0021,0x0021,0x0021,0x0021,0x0021,0x0021,0x0021,0x0021,0x0021,0x0021,
0x0021,0x0021,0x0021,0x0021,0x0021,0x0021,0x0021,0x0021,0x0021,0x0021,0x0021,0x0021,0x0021,0x0021,0x0021,0x0021,
0x0021,0x0021,0x0021,0x0021,0x0021,0x0021,0x0021,0x0021,0x0021,0x0021,0x0021,0x0021,0x0021,0x0021,0x0021,0x0021,
0x0021,0x0021,0x0021,0x0021,0x0021,0x0021,0x0021,0x0021,0x0021,0x0021,0x0021,0x0021,0x0021,0x0021,0x0021,0x0021,
0x0021,0x0021,0x0021,0x0021,0x0021,0x0021,0x0021,0x0021,0x0021,0x0021,0x0021,0x0021,0x0021,0x0021,0x0021,0x0021,
0x0021,0x0021,0x0021,0x0021,0x0021,0x0021,0x0021,0x0021,0x0021,0x0021,0x0021,0x0021,0x0021,0x0021,0x0021,0x0021,
},
{0x0021,0x0021,0x0021,0x0021,0x0021,0x0021,0x0021,0x0021,0x0021,0x0021,0x0021,0x0021,0x0021,0x0021,0x0021,0x0021,
0x0021,0x0021,0x0021,0x0021,0x0021,0x0021,0x0021,0x0021,0x0021,0x0021,0x0021,0x0021,0x0021,0x0021,0x0021,0x0021,
0x0021,0x0021,0x0021,0x0021,0x0021,0x0021,0x0021,0x0021,0x0021,0x0021,0x0021,0x0021,0x0021,0x0021,0x0021,0x0021,
0x0021,0x0021,0x0021,0x0021,0x0021,0x0021,0x0021,0x0021,0x0021,0x0021,0x0021,0x0021,0x0021,0x0021,0x0021,0x0021,
0x0021,0x0021,0x0021,0x0021,0x0021,0x0021,0x0021,0x0021,0x0021,0x0021,0x0021,0x0021,0x0021,0x0021,0x0021,0x0021,
0x0021,0x0021,0x0021,0x0021,0x0021,0x0021,0x0021,0x0021,0x0021,0x0021,0x0021,0x0021,0x0021,0x0021,0x0021,0x0021,
0x0021,0x0021,0x0021,0x0021,0x0021,0x0021,0x0022,0x0022,0x0021,0x0021,0x0021,0x0021,0x0021,0x0021,0x0021,0x0021,
0x0021,0x0021,0x0021,0x0021,0x0021,0x0021,0x0021,0x0021,0x0021,0x0021,0x0021,0x0021,0x0021,0x0022,0x0021,0x0022,
0x0022,0x0022,0x0022,0x0022,0x0022,0x0022,0x0022,0x0022,0x0022,0x0022,0x0022,0x0022,0x0022,0x0022,0x0022,0x0022,
0x0022,0x0022,0x0022,0x0022,0x0022,0x0022,0x0022,0x0022,0x0022,0x0022,0x0022,0x0022,0x0022,0x0022,0x0022,0x0022,
0x0022,0x0022,0x0022,0x0022,0x0022,0x0022,0x0022,0x0022,0x0022,0x0022,0x0022,0x0022,0x0022,0x0022,0x0022,0x0022,
0x0022,0x0022,0x0022,0x0022,0x0022,0x0022,0x0022,0x0022,0x0022,0x0022,0x0022,0x0022,0x0022,0x0022,0x0022,0x0022,
0x0022,0x0022,0x0022,0x0022,0x0022,0x0022,0x0022,0x0022,0x0022,0x0042,0x0022,0x0022,0x0022,0x0022,0x0022,0x0022,
0x0022,0x0022,0x0022,0x0022,0x0022,0x0022,0x0022,0x0022,0x0022,0x0022,0x0022,0x0022,0x0022,0x0022,0x0022,0x0022,
0x0022,0x0022,0x0022,0x0022,0x0022,0x0022,0x0022,0x0022,0x0022,0x0042,0x0022,0x0022,0x0022,0x0022,0x0022,0x0022,
0x0022,0x0022,0x0022,0x0022,0x0022,0x0022,0x0022,0x0022,0x0022,0x0022,0x0022,0x0022,0x0022,0x0022,0x0022,0x0022,
0x0022,0x0022,0x0022,0x0022,0x0022,0x0022,0x0022,0x0022,0x0022,0x0022,0x0022,0x0022,0x0022,0x0022,0x0022,0x0022,
0x0022,0x0022,0x0042,0x0042,0x0043,0x0063,0x0043,0x0043,0x0042,0x0042,0x0043,0x0043,0x0043,0x0043,0x0042,0x0042,
0x0042,0x0042,0x0042,0x0022,0x0022,0x0042,0x0022,0x0042,0x0022,0x0022,0x0022,0x0022,0x0022,0x0022,0x0022,0x0022,
0x0022,0x0022,0x0022,0x0022,0x0022,0x0022,0x0022,0x0022,0x0022,0x0022,0x0022,0x0022,0x0022,0x0022,0x0022,0x0022,
0x0022,0x0022,0x0022,0x0022,0x0022,0x0022,0x0022,0x0022,0x0021,0x0022,0x0022,0x0022,0x0022,0x0022,0x0021,0x0021,
0x0022,0x0022,0x0022,0x0022,0x0021,0x0021,0x0021,0x0021,0x0021,0x0021,0x0021,0x0022,0x0021,0x0022,0x0022,0x0021,
0x0021,0x0021,0x0021,0x0022,0x0022,0x0022,0x0021,0x0021,0x0021,0x0021,0x0021,0x0021,0x0021,0x0021,0x0021,0x0021,
0x0021,0x0021,0x0022,0x0022,0x0021,0x0021,0x0021,0x0021,0x0021,0x0022,0x0022,0x0022,0x0022,0x0022,0x0022,0x0022,
0x0022,0x0022,0x0022,0x0022,0x0022,0x0021,0x0021,0x0022,0x0022,0x0022,0x0021,0x0021,0x0021,0x0021,0x0021,0x0021,
0x0021,0x0022,0x0022,0x0021,0x0021,0x0021,0x0021,0x0021,0x0021,0x0021,0x0021,0x0021,0x0022,0x0022,0x0022,0x0022,
0x0022,0x0022,0x0022,0x0022,0x0022,0x0021,0x0021,0x0021,0x0021,0x0021,0x0021,0x0021,0x0021,0x0021,0x0022,0x0021,
0x0021,0x0021,0x0021,0x0022,0x0021,0x0021,0x0021,0x0021,0x0021,0x0021,0x0021,0x0021,0x0021,0x0021,0x0021,0x0021,
0x0021,0x0021,0x0021,0x0021,0x0021,0x0021,0x0021,0x0021,0x0021,0x0021,0x0021,0x0021,0x0021,0x0021,0x0021,0x0021,
0x0021,0x0021,0x0021,0x0021,0x0021,0x0021,0x0021,0x0021,0x0021,0x0021,0x0021,0x0021,0x0021,0x0021,0x0021,0x0021,
0x0021,0x0021,0x0021,0x0021,0x0021,0x0021,0x0021,0x0021,0x0021,0x0021,0x0021,0x0021,0x0021,0x0021,0x0021,0x0021,
0x0021,0x0021,0x0021,0x0021,0x0021,0x0021,0x0021,0x0021,0x0021,0x0021,0x0021,0x0021,0x0021,0x0021,0x0021,0x0021,
},
{0x0021,0x0021,0x0021,0x0021,0x0021,0x0021,0x0021,0x0021,0x0021,0x0021,0x0021,0x0021,0x0021,0x0021,0x0021,0x0021,
0x0021,0x0021,0x0021,0x0021,0x0021,0x0021,0x0021,0x0021,0x0021,0x0021,0x0021,0x0021,0x0021,0x0021,0x0021,0x0021,
0x0021,0x0021,0x0021,0x0021,0x0021,0x0021,0x0021,0x0021,0x0021,0x0021,0x0021,0x0021,0x0021,0x0021,0x0021,0x0021,
0x0021,0x0021,0x0021,0x0021,0x0021,0x0021,0x0021,0x0021,0x0021,0x0021,0x0021,0x0021,0x0021,0x0021,0x0021,0x0021,
0x0021,0x0021,0x0021,0x0021,0x0021,0x0021,0x0021,0x0021,0x0021,0x0021,0x0021,0x0021,0x0021,0x0021,0x0021,0x0021,
0x0021,0x0021,0x0021,0x0021,0x0021,0x0021,0x0021,0x0021,0x0021,0x0021,0x0021,0x0021,0x0021,0x0021,0x0021,0x0021,
0x0021,0x0021,0x0021,0x0021,0x0021,0x0021,0x0021,0x0022,0x0022,0x0021,0x0021,0x0021,0x0022,0x0022,0x0021,0x0021,
0x0021,0x0021,0x0021,0x0021,0x0021,0x0021,0x0021,0x0021,0x0021,0x0021,0x0021,0x0021,0x0021,0x0022,0x0022,0x0021,
0x0022,0x0022,0x0022,0x0022,0x0022,0x0022,0x0022,0x0022,0x0022,0x0022,0x0022,0x0022,0x0022,0x0022,0x0022,0x0022,
0x0022,0x0022,0x0022,0x0022,0x0022,0x0022,0x0022,0x0022,0x0022,0x0022,0x0022,0x0022,0x0022,0x0022,0x0022,0x0022,
0x0022,0x0022,0x0022,0x0022,0x0022,0x0022,0x0022,0x0022,0x0022,0x0022,0x0022,0x0022,0x0022,0x0022,0x0022,0x0022,
0x0022,0x0021,0x0022,0x0022,0x0022,0x0022,0x0022,0x0022,0x0022,0x0022,0x0022,0x0022,0x0022,0x0022,0x0022,0x0022,
0x0022,0x0022,0x0022,0x0022,0x0022,0x0022,0x0022,0x0022,0x0022,0x0022,0x0022,0x0022,0x0022,0x0022,0x0022,0x0022,
0x0022,0x0022,0x0022,0x0022,0x0022,0x0022,0x0022,0x0022,0x0022,0x0022,0x0022,0x0022,0x0022,0x0022,0x0022,0x0022,
0x0022,0x0022,0x0022,0x0022,0x0022,0x0022,0x0022,0x0022,0x0022,0x0022,0x0022,0x0022,0x0022,0x0022,0x0022,0x0022,
0x0022,0x0022,0x0022,0x0022,0x0022,0x0022,0x0022,0x0022,0x0022,0x0022,0x0022,0x0022,0x0022,0x0022,0x0022,0x0022,
0x0022,0x0022,0x0022,0x0022,0x0022,0x0022,0x0022,0x0022,0x0022,0x0022,0x0022,0x0022,0x0022,0x0022,0x0022,0x0022,
0x0022,0x0022,0x0042,0x0042,0x0042,0x0042,0x0043,0x0043,0x0043,0x0042,0x0042,0x0042,0x0042,0x0042,0x0042,0x0042,
0x0042,0x0042,0x0042,0x0042,0x0042,0x0042,0x0042,0x0042,0x0022,0x0022,0x0022,0x0022,0x0022,0x0022,0x0022,0x0022,
0x0022,0x0022,0x0022,0x0022,0x0022,0x0022,0x0022,0x0022,0x0022,0x0022,0x0022,0x0022,0x0022,0x0022,0x0022,0x0022,
0x0022,0x0022,0x0022,0x0022,0x0022,0x0022,0x0022,0x0022,0x0022,0x0022,0x0022,0x0022,0x0022,0x0022,0x0022,0x0021,
0x0021,0x0022,0x0022,0x0022,0x0022,0x0022,0x0021,0x0021,0x0021,0x0021,0x0022,0x0022,0x0022,0x0022,0x0022,0x0021,
0x0021,0x0021,0x0021,0x0021,0x0022,0x0021,0x0021,0x0021,0x0021,0x0021,0x0021,0x0021,0x0021,0x0021,0x0021,0x0021,
0x0021,0x0022,0x0022,0x0021,0x0021,0x0021,0x0021,0x0021,0x0021,0x0021,0x0021,0x0021,0x0021,0x0022,0x0022,0x0022,
0x0021,0x0021,0x0022,0x0022,0x0022,0x0022,0x0022,0x0022,0x0022,0x0021,0x0021,0x0021,0x0021,0x0021,0x0021,0x0021,
0x0021,0x0021,0x0021,0x0021,0x0021,0x0021,0x0021,0x0021,0x0021,0x0021,0x0021,0x0021,0x0021,0x0021,0x0021,0x0021,
0x0022,0x0022,0x0021,0x0022,0x0021,0x0022,0x0021,0x0021,0x0022,0x0021,0x0021,0x0021,0x0022,0x0021,0x0021,0x0021,
0x0021,0x0021,0x0022,0x0021,0x0021,0x0021,0x0021,0x0021,0x0021,0x0021,0x0021,0x0021,0x0021,0x0021,0x0021,0x0021,
0x0021,0x0021,0x0021,0x0021,0x0021,0x0021,0x0021,0x0021,0x0021,0x0021,0x0021,0x0021,0x0021,0x0021,0x0021,0x0021,
0x0021,0x0021,0x0021,0x0021,0x0021,0x0021,0x0021,0x0021,0x0021,0x0021,0x0021,0x0021,0x0021,0x0021,0x0021,0x0021,
0x0021,0x0021,0x0021,0x0021,0x0021,0x0021,0x0021,0x0021,0x0021,0x0021,0x0021,0x0021,0x0021,0x0021,0x0021,0x0021,
0x0021,0x0021,0x0021,0x0021,0x0021,0x0021,0x0021,0x0021,0x0021,0x0021,0x0021,0x0021,0x0021,0x0021,0x0021,0x0021,
},
{0x0021,0x0021,0x0021,0x0021,0x0021,0x0021,0x0021,0x0021,0x0021,0x0021,0x0021,0x0021,0x0021,0x0021,0x0021,0x0021,
0x0021,0x0021,0x0021,0x0021,0x0021,0x0021,0x0021,0x0021,0x0021,0x0021,0x0021,0x0021,0x0021,0x0021,0x0021,0x0021,
0x0021,0x0021,0x0021,0x0021,0x0021,0x0021,0x0021,0x0021,0x0021,0x0021,0x0021,0x0021,0x0021,0x0021,0x0021,0x0021,
0x0021,0x0021,0x0021,0x0021,0x0021,0x0021,0x0021,0x0021,0x0021,0x0021,0x0021,0x0021,0x0021,0x0021,0x0021,0x0021,
0x0021,0x0021,0x0021,0x0021,0x0021,0x0021,0x0021,0x0021,0x0021,0x0021,0x0021,0x0021,0x0021,0x0021,0x0021,0x0021,
0x0021,0x0021,0x0021,0x0021,0x0021,0x0021,0x0021,0x0021,0x0021,0x0021,0x0021,0x0021,0x0021,0x0021,0x0021,0x0021,
0x0021,0x0021,0x0021,0x0021,0x0022,0x0022,0x0021,0x0021,0x0021,0x0021,0x0021,0x0021,0x0022,0x0022,0x0022,0x0021,
0x0021,0x0021,0x0021,0x0021,0x0021,0x0021,0x0021,0x0021,0x0021,0x0021,0x0021,0x0021,0x0021,0x0022,0x0021,0x0021,
0x0021,0x0022,0x0022,0x0022,0x0022,0x0022,0x0022,0x0022,0x0022,0x0022,0x0022,0x0022,0x0022,0x0022,0x0022,0x0022,
0x0022,0x0022,0x0022,0x0022,0x0022,0x0022,0x0022,0x0022,0x0022,0x0022,0x0022,0x0022,0x0022,0x0022,0x0022,0x0022,
0x0022,0x0022,0x0022,0x0022,0x0022,0x0022,0x0022,0x0022,0x0022,0x0022,0x0022,0x0022,0x0022,0x0022,0x0022,0x0022,
0x0022,0x0022,0x0021,0x0022,0x0022,0x0022,0x0022,0x0022,0x0022,0x0022,0x0022,0x0022,0x0022,0x0022,0x0022,0x0022,
0x0022,0x0022,0x0022,0x0022,0x0022,0x0022,0x0022,0x0022,0x0022,0x0022,0x0022,0x0022,0x0022,0x0022,0x0022,0x0022,
0x0022,0x0022,0x0022,0x0022,0x0022,0x0022,0x0022,0x0022,0x0022,0x0022,0x0022,0x0022,0x0022,0x0022,0x0022,0x0022,
0x0022,0x0022,0x0022,0x0022,0x0022,0x0022,0x0022,0x0022,0x0022,0x0022,0x0022,0x0022,0x0022,0x0022,0x0022,0x0022,
0x0022,0x0022,0x0022,0x0022,0x0022,0x0022,0x0022,0x0022,0x0022,0x0022,0x0022,0x0022,0x0022,0x0022,0x0022,0x0022,
0x0022,0x0022,0x0022,0x0022,0x0022,0x0022,0x0022,0x0022,0x0022,0x0022,0x0022,0x0022,0x0022,0x0022,0x0022,0x0022,
0x0022,0x0022,0x0022,0x0022,0x0022,0x0022,0x0022,0x0022,0x0042,0x0042,0x0042,0x0042,0x0042,0x0042,0x0042,0x0022,
0x0022,0x0042,0x0022,0x0022,0x0022,0x0022,0x0022,0x0042,0x0042,0x0022,0x0022,0x0022,0x0022,0x0022,0x0022,0x0022,
0x0022,0x0022,0x0022,0x0022,0x0022,0x0022,0x0022,0x0022,0x0022,0x0022,0x0022,0x0022,0x0022,0x0022,0x0022,0x0022,
0x0022,0x0022,0x0022,0x0022,0x0022,0x0022,0x0022,0x0022,0x0022,0x0022,0x0022,0x0022,0x0022,0x0022,0x0022,0x0021,
0x0021,0x0021,0x0022,0x0021,0x0021,0x0022,0x0021,0x0022,0x0022,0x0022,0x0022,0x0022,0x0022,0x0022,0x0022,0x0021,
0x0021,0x0021,0x0021,0x0021,0x0021,0x0021,0x0021,0x0021,0x0021,0x0021,0x0021,0x0021,0x0021,0x0021,0x0021,0x0021,
0x0022,0x0022,0x0022,0x0021,0x0021,0x0022,0x0021,0x0021,0x0021,0x0021,0x0021,0x0021,0x0021,0x0021,0x0021,0x0021,
0x0021,0x0021,0x0021,0x0022,0x0022,0x0021,0x0021,0x0021,0x0022,0x0021,0x0021,0x0021,0x0021,0x0021,0x0021,0x0021,
0x0021,0x0021,0x0021,0x0021,0x0021,0x0021,0x0021,0x0021,0x0021,0x0021,0x0021,0x0021,0x0021,0x0021,0x0022,0x0021,
0x0022,0x0021,0x0021,0x0021,0x0021,0x0021,0x0021,0x0022,0x0021,0x0021,0x0021,0x0021,0x0021,0x0021,0x0021,0x0021,
0x0021,0x0021,0x0022,0x0021,0x0021,0x0021,0x0021,0x0021,0x0021,0x0021,0x0021,0x0021,0x0021,0x0021,0x0021,0x0021,
0x0021,0x0021,0x0021,0x0021,0x0021,0x0021,0x0021,0x0021,0x0021,0x0021,0x0021,0x0021,0x0021,0x0021,0x0021,0x0021,
0x0021,0x0021,0x0021,0x0021,0x0021,0x0021,0x0021,0x0021,0x0021,0x0021,0x0021,0x0021,0x0021,0x0021,0x0021,0x0021,
0x0021,0x0021,0x0021,0x0021,0x0021,0x0021,0x0021,0x0021,0x0021,0x0021,0x0021,0x0021,0x0021,0x0021,0x0021,0x0021,
0x0021,0x0021,0x0021,0x0021,0x0021,0x0021,0x0021,0x0021,0x0021,0x0021,0x0021,0x0021,0x0021,0x0021,0x0021,0x0021,
},
{0x0021,0x0021,0x0021,0x0021,0x0021,0x0021,0x0021,0x0021,0x0021,0x0021,0x0021,0x0021,0x0021,0x0021,0x0021,0x0021,
0x0021,0x0021,0x0021,0x0021,0x0021,0x0021,0x0021,0x0021,0x0021,0x0021,0x0021,0x0021,0x0021,0x0021,0x0021,0x0021,
0x0021,0x0021,0x0021,0x0021,0x0021,0x0021,0x0021,0x0021,0x0021,0x0021,0x0021,0x0021,0x0021,0x0021,0x0021,0x0021,
0x0021,0x0021,0x0021,0x0021,0x0021,0x0021,0x0021,0x0021,0x0021,0x0021,0x0021,0x0021,0x0021,0x0021,0x0021,0x0021,
0x0021,0x0021,0x0021,0x0021,0x0021,0x0021,0x0021,0x0021,0x0021,0x0021,0x0021,0x0021,0x0021,0x0021,0x0021,0x0021,
0x0021,0x0021,0x0021,0x0021,0x0021,0x0021,0x0021,0x0021,0x0021,0x0021,0x0021,0x0021,0x0021,0x0021,0x0021,0x0021,
0x0021,0x0021,0x0021,0x0021,0x0021,0x0021,0x0021,0x0021,0x0021,0x0021,0x0021,0x0021,0x0021,0x0021,0x0022,0x0021,
0x0021,0x0021,0x0021,0x0021,0x0021,0x0021,0x0021,0x0021,0x0021,0x0021,0x0021,0x0021,0x0021,0x0021,0x0021,0x0021,
0x0021,0x0021,0x0022,0x0022,0x0021,0x0021,0x0021,0x0022,0x0022,0x0022,0x0022,0x0022,0x0022,0x0022,0x0022,0x0022,
0x0022,0x0022,0x0022,0x0022,0x0022,0x0022,0x0022,0x0022,0x0022,0x0022,0x0022,0x0022,0x0022,0x0022,0x0022,0x0022,
0x0022,0x0022,0x0022,0x0022,0x0022,0x0022,0x0022,0x0022,0x0022,0x0022,0x0022,0x0022,0x0022,0x0022,0x0022,0x0022,
0x0022,0x0022,0x0022,0x0022,0x0022,0x0022,0x0022,0x0022,0x0022,0x0022,0x0022,0x0022,0x0022,0x0022,0x0022,0x0022,
0x0022,0x0022,0x0022,0x0022,0x0022,0x0022,0x0022,0x0022,0x0022,0x0022,0x0022,0x0022,0x0022,0x0022,0x0022,0x0022,
0x0022,0x0022,0x0022,0x0022,0x0022,0x0022,0x0022,0x0021,0x0022,0x0022,0x0022,0x0022,0x0022,0x0022,0x0022,0x0022,
0x0022,0x0022,0x0022,0x0022,0x0022,0x0022,0x0022,0x0022,0x0022,0x0022,0x0022,0x0022,0x0022,0x0022,0x0022,0x0022,
0x0022,0x0022,0x0022,0x0022,0x0022,0x0022,0x0022,0x0022,0x0022,0x0022,0x0022,0x0022,0x0022,0x0022,0x0022,0x0022,
0x0022,0x0022,0x0022,0x0022,0x0022,0x0022,0x0022,0x0022,0x0022,0x0022,0x0022,0x0022,0x0022,0x0022,0x0022,0x0022,
0x0022,0x0042,0x0042,0x0042,0x0022,0x0022,0x0022,0x0022,0x0022,0x0042,0x0042,0x0022,0x0022,0x0022,0x0022,0x0042,
0x0022,0x0022,0x0022,0x0022,0x0022,0x0022,0x0022,0x0022,0x0022,0x0022,0x0022,0x0022,0x0022,0x0022,0x0022,0x0022,
0x0022,0x0022,0x0022,0x0022,0x0022,0x0022,0x0022,0x0022,0x0022,0x0022,0x0022,0x0022,0x0022,0x0022,0x0022,0x0022,
0x0022,0x0022,0x0022,0x0022,0x0022,0x0022,0x0022,0x0022,0x0022,0x0022,0x0022,0x0022,0x0022,0x0022,0x0022,0x0022,
0x0021,0x0022,0x0022,0x0021,0x0021,0x0021,0x0021,0x0022,0x0022,0x0022,0x0022,0x0022,0x0022,0x0022,0x0022,0x0022,
0x0021,0x0021,0x0021,0x0021,0x0021,0x0021,0x0021,0x0021,0x0021,0x0021,0x0021,0x0021,0x0021,0x0021,0x0021,0x0021,
0x0022,0x0022,0x0022,0x0021,0x0021,0x0022,0x0021,0x0021,0x0021,0x0021,0x0021,0x0021,0x0021,0x0021,0x0021,0x0021,
0x0021,0x0021,0x0021,0x0021,0x0021,0x0022,0x0021,0x0021,0x0021,0x0021,0x0021,0x0021,0x0021,0x0021,0x0021,0x0021,
0x0021,0x0021,0x0021,0x0021,0x0021,0x0021,0x0021,0x0021,0x0021,0x0021,0x0021,0x0021,0x0021,0x0021,0x0021,0x0021,
0x0021,0x0022,0x0022,0x0021,0x0021,0x0021,0x0021,0x0021,0x0021,0x0021,0x0021,0x0021,0x0021,0x0021,0x0021,0x0021,
0x0021,0x0021,0x0021,0x0021,0x0021,0x0021,0x0021,0x0021,0x0021,0x0021,0x0021,0x0021,0x0021,0x0021,0x0021,0x0021,
0x0021,0x0021,0x0021,0x0021,0x0021,0x0021,0x0021,0x0021,0x0021,0x0021,0x0021,0x0021,0x0021,0x0021,0x0021,0x0021,
0x0021,0x0021,0x0021,0x0021,0x0021,0x0021,0x0021,0x0021,0x0021,0x0021,0x0021,0x0021,0x0021,0x0021,0x0021,0x0021,
0x0021,0x0021,0x0021,0x0021,0x0021,0x0021,0x0021,0x0021,0x0021,0x0021,0x0021,0x0021,0x0021,0x0021,0x0021,0x0021,
0x0021,0x0021,0x0021,0x0021,0x0021,0x0021,0x0021,0x0021,0x0021,0x0021,0x0021,0x0021,0x0021,0x0021,0x0021,0x0021,
},
{0x0021,0x0021,0x0021,0x0021,0x0021,0x0021,0x0021,0x0021,0x0021,0x0021,0x0021,0x0021,0x0021,0x0021,0x0021,0x0021,
0x0021,0x0021,0x0021,0x0021,0x0021,0x0021,0x0021,0x0021,0x0021,0x0021,0x0021,0x0021,0x0021,0x0021,0x0021,0x0021,
0x0021,0x0021,0x0021,0x0021,0x0021,0x0021,0x0021,0x0021,0x0021,0x0021,0x0021,0x0021,0x0021,0x0021,0x0021,0x0021,
0x0021,0x0021,0x0021,0x0021,0x0021,0x0021,0x0021,0x0021,0x0021,0x0021,0x0021,0x0021,0x0021,0x0021,0x0021,0x0021,
0x0021,0x0021,0x0021,0x0021,0x0021,0x0021,0x0021,0x0021,0x0021,0x0021,0x0021,0x0021,0x0021,0x0021,0x0021,0x0021,
0x0021,0x0021,0x0021,0x0021,0x0021,0x0021,0x0021,0x0021,0x0021,0x0021,0x0021,0x0021,0x0021,0x0021,0x0021,0x0021,
0x0021,0x0021,0x0021,0x0021,0x0021,0x0021,0x0021,0x0021,0x0021,0x0021,0x0021,0x0021,0x0021,0x0021,0x0021,0x0021,
0x0021,0x0021,0x0021,0x0021,0x0021,0x0021,0x0021,0x0021,0x0021,0x0021,0x0021,0x0021,0x0021,0x0021,0x0021,0x0021,
0x0021,0x0021,0x0022,0x0021,0x0021,0x0022,0x0021,0x0022,0x0021,0x0022,0x0022,0x0022,0x0022,0x0022,0x0022,0x0022,
0x0022,0x0022,0x0022,0x0022,0x0022,0x0022,0x0022,0x0022,0x0022,0x0022,0x0022,0x0022,0x0022,0x0022,0x0022,0x0022,
0x0022,0x0022,0x0022,0x0022,0x0022,0x0022,0x0022,0x0022,0x0022,0x0022,0x0022,0x0022,0x0022,0x0022,0x0022,0x0022,
0x0022,0x0022,0x0022,0x0022,0x0022,0x0022,0x0022,0x0022,0x0022,0x0022,0x0022,0x0022,0x0022,0x0022,0x0022,0x0022,
0x0022,0x0022,0x0022,0x0022,0x0022,0x0022,0x0022,0x0022,0x0022,0x0022,0x0022,0x0022,0x0022,0x0022,0x0022,0x0022,
0x0022,0x0022,0x0022,0x0022,0x0022,0x0022,0x0022,0x0022,0x0022,0x0022,0x0022,0x0022,0x0022,0x0022,0x0022,0x0022,
0x0022,0x0022,0x0022,0x0022,0x0022,0x0022,0x0022,0x0022,0x0022,0x0022,0x0022,0x0022,0x0022,0x0022,0x0022,0x0022,
0x0022,0x0022,0x0022,0x0022,0x0022,0x0022,0x0022,0x0022,0x0022,0x0022,0x0022,0x0022,0x0022,0x0022,0x0022,0x0022,
0x0022,0x0022,0x0022,0x0022,0x0022,0x0022,0x0022,0x0022,0x0022,0x0022,0x0022,0x0022,0x0022,0x0022,0x0022,0x0022,
0x0022,0x0022,0x0022,0x0022,0x0022,0x0022,0x0022,0x0022,0x0022,0x0022,0x0022,0x0022,0x0022,0x0022,0x0022,0x0042,
0x0042,0x0042,0x0022,0x0022,0x0022,0x0042,0x0022,0x0022,0x0022,0x0022,0x0022,0x0022,0x0022,0x0022,0x0022,0x0022,
0x0022,0x0022,0x0022,0x0022,0x0022,0x0022,0x0022,0x0022,0x0022,0x0022,0x0022,0x0022,0x0022,0x0022,0x0022,0x0022,
0x0022,0x0022,0x0022,0x0022,0x0022,0x0022,0x0022,0x0022,0x0022,0x0022,0x0022,0x0022,0x0022,0x0022,0x0022,0x0022,
0x0022,0x0022,0x0022,0x0022,0x0022,0x0022,0x0022,0x0022,0x0022,0x0022,0x0022,0x0022,0x0022,0x0022,0x0022,0x0022,
0x0022,0x0022,0x0022,0x0021,0x0021,0x0021,0x0022,0x0021,0x0021,0x0021,0x0021,0x0021,0x0021,0x0021,0x0021,0x0021,
0x0022,0x0022,0x0021,0x0022,0x0021,0x0021,0x0021,0x0021,0x0021,0x0022,0x0022,0x0022,0x0021,0x0021,0x0021,0x0021,
0x0021,0x0021,0x0021,0x0021,0x0022,0x0022,0x0021,0x0021,0x0022,0x0021,0x0021,0x0021,0x0021,0x0021,0x0021,0x0021,
0x0021,0x0021,0x0021,0x0021,0x0021,0x0021,0x0021,0x0021,0x0021,0x0021,0x0021,0x0021,0x0021,0x0021,0x0021,0x0021,
0x0021,0x0021,0x0021,0x0021,0x0021,0x0022,0x0021,0x0021,0x0021,0x0021,0x0021,0x0021,0x0021,0x0021,0x0021,0x0021,
0x0021,0x0021,0x0021,0x0021,0x0021,0x0021,0x0021,0x0021,0x0021,0x0021,0x0021,0x0021,0x0021,0x0021,0x0021,0x0021,
0x0021,0x0021,0x0021,0x0021,0x0021,0x0021,0x0021,0x0021,0x0021,0x0021,0x0021,0x0021,0x0021,0x0021,0x0021,0x0021,
0x0021,0x0021,0x0021,0x0021,0x0021,0x0021,0x0021,0x0021,0x0021,0x0021,0x0021,0x0021,0x0021,0x0021,0x0021,0x0021,
0x0021,0x0021,0x0021,0x0021,0x0021,0x0021,0x0021,0x0021,0x0021,0x0021,0x0021,0x0021,0x0021,0x0021,0x0021,0x0021,
0x0021,0x0021,0x0021,0x0021,0x0021,0x0021,0x0021,0x0021,0x0021,0x0021,0x0021,0x0021,0x0021,0x0021,0x0021,0x0021,
},
{0x0021,0x0021,0x0021,0x0021,0x0021,0x0021,0x0021,0x0021,0x0021,0x0021,0x0021,0x0021,0x0021,0x0021,0x0021,0x0021,
0x0021,0x0021,0x0021,0x0021,0x0021,0x0021,0x0021,0x0021,0x0021,0x0021,0x0021,0x0021,0x0021,0x0021,0x0021,0x0021,
0x0021,0x0021,0x0021,0x0021,0x0021,0x0021,0x0021,0x0021,0x0021,0x0021,0x0021,0x0021,0x0021,0x0021,0x0021,0x0021,
0x0021,0x0021,0x0021,0x0021,0x0021,0x0021,0x0021,0x0021,0x0021,0x0021,0x0021,0x0021,0x0021,0x0021,0x0021,0x0021,
0x0021,0x0021,0x0021,0x0021,0x0021,0x0021,0x0021,0x0021,0x0021,0x0021,0x0021,0x0021,0x0021,0x0021,0x0021,0x0021,
0x0021,0x0021,0x0021,0x0021,0x0021,0x0021,0x0021,0x0021,0x0021,0x0021,0x0021,0x0021,0x0021,0x0021,0x0021,0x0021,
0x0021,0x0021,0x0021,0x0021,0x0021,0x0021,0x0021,0x0021,0x0021,0x0021,0x0021,0x0021,0x0021,0x0021,0x0021,0x0021,
0x0021,0x0021,0x0021,0x0021,0x0021,0x0021,0x0021,0x0021,0x0021,0x0021,0x0021,0x0021,0x0021,0x0021,0x0021,0x0021,
0x0021,0x0021,0x0021,0x0021,0x0022,0x0022,0x0021,0x0021,0x0021,0x0022,0x0022,0x0022,0x0022,0x0022,0x0022,0x0022,
0x0022,0x0022,0x0022,0x0022,0x0022,0x0022,0x0022,0x0022,0x0022,0x0022,0x0022,0x0022,0x0022,0x0022,0x0022,0x0022,
0x0022,0x0022,0x0022,0x0022,0x0022,0x0022,0x0022,0x0022,0x0022,0x0022,0x0022,0x0022,0x0022,0x0022,0x0022,0x0022,
0x0022,0x0022,0x0022,0x0022,0x0022,0x0022,0x0022,0x0022,0x0022,0x0022,0x0022,0x0022,0x0022,0x0022,0x0022,0x0022,
0x0022,0x0022,0x0022,0x0022,0x0022,0x0022,0x0022,0x0022,0x0022,0x0022,0x0022,0x0022,0x0022,0x0022,0x0022,0x0022,
0x0022,0x0022,0x0022,0x0022,0x0022,0x0022,0x0022,0x0022,0x0022,0x0022,0x0022,0x0022,0x0022,0x0022,0x0022,0x0022,
0x0022,0x0021,0x0021,0x0021,0x0022,0x0021,0x0021,0x0021,0x0021,0x0022,0x0022,0x0022,0x0022,0x0022,0x0022,0x0022,
0x0022,0x0022,0x0022,0x0022,0x0022,0x0022,0x0022,0x0022,0x0022,0x0022,0x0022,0x0022,0x0022,0x0022,0x0022,0x0022,
0x0022,0x0022,0x0022,0x0022,0x0022,0x0022,0x0022,0x0022,0x0022,0x0022,0x0022,0x0022,0x0022,0x0022,0x0022,0x0022,
0x0022,0x0022,0x0022,0x0022,0x0022,0x0022,0x0022,0x0022,0x0022,0x0022,0x0022,0x0022,0x0022,0x0022,0x0022,0x0022,
0x0022,0x0022,0x0022,0x0022,0x0022,0x0022,0x0022,0x0022,0x0022,0x0022,0x0022,0x0022,0x0022,0x0022,0x0022,0x0022,
0x0022,0x0022,0x0022,0x0022,0x0022,0x0022,0x0022,0x0022,0x0022,0x0022,0x0022,0x0022,0x0022,0x0022,0x0022,0x0022,
0x0022,0x0022,0x0022,0x0022,0x0022,0x0022,0x0022,0x0022,0x0022,0x0022,0x0022,0x0022,0x0022,0x0022,0x0022,0x0022,
0x0022,0x0022,0x0022,0x0022,0x0022,0x0022,0x0022,0x0022,0x0022,0x0022,0x0022,0x0022,0x0022,0x0022,0x0022,0x0022,
0x0022,0x0022,0x0022,0x0022,0x0021,0x0021,0x0022,0x0021,0x0021,0x0021,0x0021,0x0021,0x0021,0x0021,0x0021,0x0022,
0x0022,0x0021,0x0021,0x0022,0x0021,0x0021,0x0021,0x0021,0x0021,0x0022,0x0021,0x0021,0x0021,0x0022,0x0021,0x0021,
0x0021,0x0021,0x0021,0x0021,0x0021,0x0021,0x0022,0x0022,0x0021,0x0021,0x0021,0x0021,0x0021,0x0021,0x0021,0x0021,
0x0021,0x0021,0x0021,0x0021,0x0021,0x0021,0x0021,0x0021,0x0021,0x0021,0x0021,0x0021,0x0021,0x0021,0x0021,0x0021,
0x0021,0x0021,0x0021,0x0021,0x0021,0x0021,0x0021,0x0021,0x0021,0x0021,0x0021,0x0021,0x0021,0x0021,0x0021,0x0021,
0x0021,0x0021,0x0021,0x0021,0x0021,0x0021,0x0021,0x0021,0x0021,0x0021,0x0021,0x0021,0x0021,0x0021,0x0021,0x0021,
0x0021,0x0021,0x0021,0x0021,0x0021,0x0021,0x0021,0x0021,0x0021,0x0021,0x0021,0x0021,0x0021,0x0021,0x0021,0x0021,
0x0021,0x0021,0x0021,0x0021,0x0021,0x0021,0x0021,0x0021,0x0021,0x0021,0x0021,0x0021,0x0021,0x0021,0x0021,0x0021,
0x0021,0x0021,0x0021,0x0021,0x0021,0x0021,0x0021,0x0021,0x0021,0x0021,0x0021,0x0021,0x0021,0x0021,0x0021,0x0021,
0x0021,0x0021,0x0021,0x0021,0x0021,0x0021,0x0021,0x0021,0x0021,0x0021,0x0021,0x0021,0x0021,0x0021,0x0021,0x0021,
},
{0x0021,0x0021,0x0021,0x0021,0x0021,0x0021,0x0021,0x0021,0x0021,0x0021,0x0021,0x0021,0x0021,0x0021,0x0021,0x0021,
0x0021,0x0021,0x0021,0x0021,0x0021,0x0021,0x0021,0x0021,0x0021,0x0021,0x0021,0x0021,0x0021,0x0021,0x0021,0x0021,
0x0021,0x0021,0x0021,0x0021,0x0021,0x0021,0x0021,0x0021,0x0021,0x0021,0x0021,0x0021,0x0021,0x0021,0x0021,0x0021,
0x0021,0x0021,0x0021,0x0021,0x0021,0x0021,0x0021,0x0021,0x0021,0x0021,0x0021,0x0021,0x0021,0x0021,0x0021,0x0021,
0x0021,0x0021,0x0021,0x0021,0x0021,0x0021,0x0021,0x0021,0x0021,0x0021,0x0021,0x0021,0x0021,0x0021,0x0021,0x0021,
0x0021,0x0021,0x0021,0x0021,0x0021,0x0021,0x0021,0x0021,0x0021,0x0021,0x0021,0x0021,0x0021,0x0021,0x0021,0x0021,
0x0021,0x0021,0x0021,0x0021,0x0021,0x0021,0x0021,0x0021,0x0021,0x0021,0x0021,0x0021,0x0021,0x0021,0x0021,0x0021,
0x0021,0x0021,0x0021,0x0021,0x0021,0x0021,0x0021,0x0021,0x0021,0x0021,0x0021,0x0021,0x0021,0x0021,0x0021,0x0021,
0x0021,0x0021,0x0021,0x0022,0x0022,0x0022,0x0022,0x0021,0x0021,0x0022,0x0021,0x0022,0x0022,0x0022,0x0022,0x0022,
0x0022,0x0022,0x0022,0x0022,0x0022,0x0022,0x0022,0x0022,0x0022,0x0022,0x0022,0x0022,0x0022,0x0022,0x0022,0x0022,
0x0022,0x0022,0x0022,0x0022,0x0022,0x0022,0x0022,0x0022,0x0022,0x0022,0x0022,0x0022,0x0022,0x0022,0x0022,0x0022,
0x0022,0x0022,0x0022,0x0022,0x0022,0x0022,0x0022,0x0022,0x0022,0x0022,0x0022,0x0022,0x0022,0x0022,0x0022,0x0022,
0x0022,0x0022,0x0022,0x0022,0x0022,0x0022,0x0022,0x0022,0x0022,0x0022,0x0022,0x0022,0x0022,0x0022,0x0022,0x0022,
0x0022,0x0022,0x0022,0x0022,0x0022,0x0022,0x0022,0x0022,0x0022,0x0022,0x0022,0x0022,0x0022,0x0022,0x0021,0x0021,
0x0022,0x0021,0x0021,0x0021,0x0021,0x0021,0x0022,0x0021,0x0021,0x0021,0x0021,0x0022,0x0021,0x0022,0x0022,0x0022,
0x0022,0x0022,0x0022,0x0022,0x0022,0x0022,0x0022,0x0022,0x0022,0x0022,0x0022,0x0022,0x0022,0x0021,0x0022,0x0022,
0x0022,0x0022,0x0022,0x0022,0x0022,0x0022,0x0022,0x0022,0x0022,0x0022,0x0022,0x0022,0x0022,0x0022,0x0022,0x0022,
0x0022,0x0022,0x0022,0x0022,0x0022,0x0022,0x0022,0x0022,0x0022,0x0022,0x0022,0x0022,0x0022,0x0022,0x0022,0x0022,
0x0022,0x0022,0x0022,0x0022,0x0022,0x0022,0x0022,0x0022,0x0022,0x0022,0x0022,0x0022,0x0022,0x0022,0x0022,0x0022,
0x0021,0x0021,0x0022,0x0022,0x0022,0x0022,0x0022,0x0022,0x0022,0x0022,0x0021,0x0022,0x0022,0x0022,0x0022,0x0022,
0x0022,0x0022,0x0022,0x0022,0x0022,0x0022,0x0022,0x0022,0x0022,0x0022,0x0022,0x0022,0x0022,0x0022,0x0022,0x0022,
0x0022,0x0022,0x0022,0x0022,0x0022,0x0022,0x0022,0x0022,0x0022,0x0022,0x0022,0x0022,0x0022,0x0022,0x0022,0x0022,
0x0022,0x0022,0x0022,0x0022,0x0021,0x0021,0x0021,0x0021,0x0021,0x0021,0x0021,0x0022,0x0021,0x0021,0x0021,0x0021,
0x0021,0x0021,0x0022,0x0021,0x0021,0x0021,0x0021,0x0021,0x0021,0x0021,0x0021,0x0021,0x0021,0x0022,0x0021,0x0021,
0x0022,0x0021,0x0022,0x0021,0x0021,0x0021,0x0021,0x0021,0x0021,0x0021,0x0021,0x0021,0x0021,0x0021,0x0021,0x0021,
0x0021,0x0021,0x0021,0x0021,0x0021,0x0021,0x0021,0x0021,0x0021,0x0021,0x0021,0x0021,0x0021,0x0021,0x0021,0x0021,
0x0021,0x0021,0x0021,0x0021,0x0021,0x0021,0x0021,0x0021,0x0021,0x0021,0x0021,0x0021,0x0021,0x0021,0x0021,0x0021,
0x0021,0x0021,0x0021,0x0021,0x0021,0x0021,0x0021,0x0021,0x0021,0x0021,0x0021,0x0021,0x0021,0x0021,0x0021,0x0021,
0x0021,0x0021,0x0021,0x0021,0x0021,0x0021,0x0021,0x0021,0x0021,0x0021,0x0021,0x0021,0x0021,0x0021,0x0021,0x0021,
0x0021,0x0021,0x0021,0x0021,0x0021,0x0021,0x0021,0x0021,0x0021,0x0021,0x0021,0x0021,0x0021,0x0021,0x0021,0x0021,
0x0021,0x0021,0x0021,0x0021,0x0021,0x0021,0x0021,0x0021,0x0021,0x0021,0x0021,0x0021,0x0021,0x0021,0x0021,0x0021,
0x0021,0x0021,0x0021,0x0021,0x0021,0x0021,0x0021,0x0021,0x0021,0x0021,0x0021,0x0021,0x0021,0x0021,0x0021,0x0021,
},
{0x0021,0x0021,0x0021,0x0021,0x0021,0x0021,0x0021,0x0021,0x0021,0x0021,0x0021,0x0021,0x0021,0x0021,0x0021,0x0021,
0x0021,0x0021,0x0021,0x0021,0x0021,0x0021,0x0021,0x0021,0x0021,0x0021,0x0021,0x0021,0x0021,0x0021,0x0021,0x0021,
0x0021,0x0021,0x0021,0x0021,0x0021,0x0021,0x0021,0x0021,0x0021,0x0021,0x0021,0x0021,0x0021,0x0021,0x0021,0x0021,
0x0021,0x0021,0x0021,0x0021,0x0021,0x0021,0x0021,0x0021,0x0021,0x0021,0x0021,0x0021,0x0021,0x0021,0x0021,0x0021,
0x0021,0x0021,0x0021,0x0021,0x0021,0x0021,0x0021,0x0021,0x0021,0x0021,0x0021,0x0021,0x0021,0x0021,0x0021,0x0021,
0x0021,0x0021,0x0021,0x0021,0x0021,0x0021,0x0021,0x0021,0x0021,0x0021,0x0021,0x0021,0x0021,0x0021,0x0021,0x0021,
0x0021,0x0021,0x0021,0x0021,0x0021,0x0021,0x0021,0x0021,0x0021,0x0021,0x0021,0x0021,0x0021,0x0021,0x0021,0x0021,
0x0021,0x0021,0x0021,0x0021,0x0021,0x0021,0x0021,0x0021,0x0021,0x0021,0x0021,0x0021,0x0021,0x0021,0x0021,0x0021,
0x0021,0x0021,0x0021,0x0022,0x0021,0x0022,0x0022,0x0021,0x0021,0x0022,0x0022,0x0022,0x0021,0x0021,0x0021,0x0022,
0x0022,0x0022,0x0022,0x0022,0x0022,0x0022,0x0022,0x0022,0x0022,0x0022,0x0022,0x0022,0x0022,0x0022,0x0022,0x0022,
0x0022,0x0022,0x0022,0x0022,0x0022,0x0022,0x0022,0x0022,0x0022,0x0022,0x0022,0x0022,0x0022,0x0022,0x0022,0x0022,
0x0022,0x0022,0x0022,0x0022,0x0022,0x0022,0x0022,0x0022,0x0022,0x0022,0x0022,0x0022,0x0022,0x0022,0x0022,0x0022,
0x0022,0x0022,0x0022,0x0022,0x0022,0x0022,0x0022,0x0022,0x0022,0x0022,0x0022,0x0022,0x0022,0x0022,0x0022,0x0022,
0x0022,0x0022,0x0022,0x0022,0x0022,0x0022,0x0022,0x0022,0x0022,0x0022,0x0022,0x0022,0x0021,0x0022,0x0022,0x0022,
0x0022,0x0021,0x0021,0x0021,0x0021,0x0021,0x0022,0x0021,0x0021,0x0021,0x0022,0x0022,0x0022,0x0021,0x0021,0x0022,
0x0022,0x0022,0x0022,0x0021,0x0022,0x0021,0x0022,0x0022,0x0021,0x0022,0x0022,0x0022,0x0021,0x0022,0x0022,0x0021,
0x0021,0x0022,0x0022,0x0022,0x0022,0x0022,0x0022,0x0022,0x0022,0x0022,0x0022,0x0022,0x0022,0x0022,0x0022,0x0022,
0x0022,0x0022,0x0022,0x0022,0x0022,0x0022,0x0022,0x0022,0x0022,0x0022,0x0022,0x0022,0x0022,0x0022,0x0022,0x0022,
0x0022,0x0022,0x0022,0x0022,0x0022,0x0022,0x0022,0x0022,0x0022,0x0022,0x0022,0x0021,0x0022,0x0021,0x0022,0x0022,
0x0022,0x0021,0x0022,0x0022,0x0022,0x0022,0x0022,0x0022,0x0022,0x0021,0x0021,0x0022,0x0022,0x0021,0x0022,0x0022,
0x0022,0x0022,0x0022,0x0022,0x0022,0x0022,0x0022,0x0022,0x0022,0x0022,0x0022,0x0022,0x0022,0x0022,0x0022,0x0022,
0x0022,0x0021,0x0022,0x0021,0x0022,0x0022,0x0022,0x0022,0x0022,0x0022,0x0022,0x0022,0x0022,0x0022,0x0022,0x0022,
0x0022,0x0022,0x0022,0x0022,0x0021,0x0022,0x0022,0x0022,0x0022,0x0022,0x0021,0x0021,0x0021,0x0021,0x0021,0x0021,
0x0021,0x0022,0x0021,0x0021,0x0021,0x0022,0x0021,0x0021,0x0021,0x0021,0x0021,0x0021,0x0021,0x0022,0x0021,0x0021,
0x0021,0x0022,0x0022,0x0021,0x0021,0x0021,0x0021,0x0021,0x0021,0x0021,0x0021,0x0021,0x0021,0x0021,0x0021,0x0021,
0x0021,0x0021,0x0021,0x0021,0x0021,0x0021,0x0021,0x0021,0x0021,0x0021,0x0021,0x0021,0x0021,0x0021,0x0021,0x0021,
0x0021,0x0021,0x0021,0x0021,0x0021,0x0021,0x0021,0x0021,0x0021,0x0021,0x0021,0x0021,0x0021,0x0021,0x0021,0x0021,
0x0021,0x0021,0x0021,0x0021,0x0021,0x0021,0x0021,0x0021,0x0021,0x0021,0x0021,0x0021,0x0021,0x0021,0x0021,0x0021,
0x0021,0x0021,0x0021,0x0021,0x0021,0x0021,0x0021,0x0021,0x0021,0x0021,0x0021,0x0021,0x0021,0x0021,0x0021,0x0021,
0x0021,0x0021,0x0021,0x0021,0x0021,0x0021,0x0021,0x0021,0x0021,0x0021,0x0021,0x0021,0x0021,0x0021,0x0021,0x0021,
0x0021,0x0021,0x0021,0x0021,0x0021,0x0021,0x0021,0x0021,0x0021,0x0021,0x0021,0x0021,0x0021,0x0021,0x0021,0x0021,
0x0021,0x0021,0x0021,0x0021,0x0021,0x0021,0x0021,0x0021,0x0021,0x0021,0x0021,0x0021,0x0021,0x0021,0x0021,0x0021,
},
{0x0021,0x0021,0x0021,0x0021,0x0021,0x0021,0x0021,0x0021,0x0021,0x0021,0x0021,0x0021,0x0021,0x0021,0x0021,0x0021,
0x0021,0x0021,0x0021,0x0021,0x0021,0x0021,0x0021,0x0021,0x0021,0x0021,0x0021,0x0021,0x0021,0x0021,0x0021,0x0021,
0x0021,0x0021,0x0021,0x0021,0x0021,0x0021,0x0021,0x0021,0x0021,0x0021,0x0021,0x0021,0x0021,0x0021,0x0021,0x0021,
0x0021,0x0021,0x0021,0x0021,0x0021,0x0021,0x0021,0x0021,0x0021,0x0021,0x0021,0x0021,0x0021,0x0021,0x0021,0x0021,
0x0021,0x0021,0x0021,0x0021,0x0021,0x0021,0x0021,0x0021,0x0021,0x0021,0x0021,0x0021,0x0021,0x0021,0x0021,0x0021,
0x0021,0x0021,0x0021,0x0021,0x0021,0x0021,0x0021,0x0021,0x0021,0x0021,0x0021,0x0021,0x0021,0x0021,0x0021,0x0021,
0x0021,0x0021,0x0021,0x0021,0x0021,0x0021,0x0021,0x0021,0x0021,0x0021,0x0021,0x0021,0x0021,0x0021,0x0021,0x0021,
0x0021,0x0021,0x0021,0x0021,0x0021,0x0021,0x0021,0x0021,0x0021,0x0021,0x0021,0x0021,0x0021,0x0021,0x0021,0x0021,
0x0021,0x0021,0x0021,0x0021,0x0021,0x0022,0x0021,0x0021,0x0022,0x0021,0x0022,0x0021,0x0022,0x0022,0x0021,0x0021,
0x0022,0x0022,0x0022,0x0022,0x0022,0x0022,0x0022,0x0022,0x0022,0x0022,0x0022,0x0022,0x0022,0x0022,0x0022,0x0022,
0x0022,0x0022,0x0022,0x0022,0x0022,0x0022,0x0022,0x0022,0x0022,0x0022,0x0022,0x0022,0x0022,0x0022,0x0022,0x0022,
0x0022,0x0022,0x0022,0x0022,0x0022,0x0022,0x0022,0x0022,0x0022,0x0022,0x0022,0x0022,0x0022,0x0022,0x0022,0x0021,
0x0022,0x0022,0x0022,0x0022,0x0022,0x0022,0x0022,0x0022,0x0022,0x0022,0x0022,0x0022,0x0022,0x0022,0x0022,0x0022,
0x0022,0x0022,0x0022,0x0022,0x0022,0x0022,0x0022,0x0022,0x0022,0x0022,0x0022,0x0021,0x0021,0x0021,0x0022,0x0022,
0x0022,0x0022,0x0021,0x0022,0x0021,0x0022,0x0021,0x0021,0x0021,0x0021,0x0021,0x0022,0x0022,0x0021,0x0021,0x0021,
0x0021,0x0022,0x0022,0x0022,0x0022,0x0021,0x0021,0x0021,0x0021,0x0022,0x0022,0x0022,0x0021,0x0022,0x0021,0x0022,
0x0021,0x0021,0x0022,0x0022,0x0022,0x0022,0x0022,0x0022,0x0022,0x0022,0x0022,0x0022,0x0022,0x0022,0x0022,0x0022,
0x0022,0x0022,0x0022,0x0022,0x0022,0x0022,0x0021,0x0022,0x0022,0x0022,0x0021,0x0021,0x0021,0x0021,0x0022,0x0022,
0x0022,0x0022,0x0022,0x0022,0x0022,0x0022,0x0022,0x0022,0x0022,0x0022,0x0022,0x0022,0x0022,0x0022,0x0022,0x0022,
0x0022,0x0022,0x0022,0x0022,0x0022,0x0022,0x0022,0x0022,0x0022,0x0022,0x0022,0x0022,0x0021,0x0022,0x0022,0x0022,
0x0022,0x0022,0x0022,0x0022,0x0022,0x0022,0x0022,0x0022,0x0022,0x0022,0x0022,0x0022,0x0022,0x0022,0x0022,0x0022,
0x0022,0x0022,0x0022,0x0022,0x0021,0x0022,0x0022,0x0021,0x0021,0x0021,0x0021,0x0021,0x0022,0x0022,0x0022,0x0022,
0x0022,0x0022,0x0021,0x0022,0x0022,0x0021,0x0022,0x0021,0x0021,0x0021,0x0021,0x0021,0x0021,0x0021,0x0021,0x0021,
0x0021,0x0021,0x0021,0x0021,0x0021,0x0021,0x0021,0x0021,0x0021,0x0021,0x0021,0x0021,0x0021,0x0021,0x0021,0x0022,
0x0021,0x0021,0x0022,0x0021,0x0021,0x0021,0x0021,0x0021,0x0021,0x0021,0x0021,0x0021,0x0021,0x0021,0x0021,0x0021,
0x0021,0x0021,0x0021,0x0021,0x0021,0x0021,0x0021,0x0021,0x0021,0x0021,0x0021,0x0021,0x0021,0x0021,0x0021,0x0021,
0x0021,0x0021,0x0021,0x0021,0x0021,0x0021,0x0021,0x0021,0x0021,0x0021,0x0021,0x0021,0x0021,0x0021,0x0021,0x0021,
0x0021,0x0021,0x0021,0x0021,0x0021,0x0021,0x0021,0x0021,0x0021,0x0021,0x0021,0x0021,0x0021,0x0021,0x0021,0x0021,
0x0021,0x0021,0x0021,0x0021,0x0021,0x0021,0x0021,0x0021,0x0021,0x0021,0x0021,0x0021,0x0021,0x0021,0x0021,0x0021,
0x0021,0x0021,0x0021,0x0021,0x0021,0x0021,0x0021,0x0021,0x0021,0x0021,0x0021,0x0021,0x0021,0x0021,0x0021,0x0021,
0x0021,0x0021,0x0021,0x0021,0x0021,0x0021,0x0021,0x0021,0x0021,0x0021,0x0021,0x0021,0x0021,0x0021,0x0021,0x0021,
0x0021,0x0021,0x0021,0x0021,0x0021,0x0021,0x0021,0x0021,0x0021,0x0021,0x0021,0x0021,0x0021,0x0021,0x0021,0x0021,
},
{0x0021,0x0021,0x0021,0x0021,0x0021,0x0021,0x0021,0x0021,0x0021,0x0021,0x0021,0x0021,0x0021,0x0021,0x0021,0x0021,
0x0021,0x0021,0x0021,0x0021,0x0021,0x0021,0x0021,0x0021,0x0021,0x0021,0x0021,0x0021,0x0021,0x0021,0x0021,0x0021,
0x0021,0x0021,0x0021,0x0021,0x0021,0x0021,0x0021,0x0021,0x0021,0x0021,0x0021,0x0021,0x0021,0x0021,0x0021,0x0021,
0x0021,0x0021,0x0021,0x0021,0x0021,0x0021,0x0021,0x0021,0x0021,0x0021,0x0021,0x0021,0x0021,0x0021,0x0021,0x0021,
0x0021,0x0021,0x0021,0x0021,0x0021,0x0021,0x0021,0x0021,0x0021,0x0021,0x0021,0x0021,0x0021,0x0021,0x0021,0x0021,
0x0021,0x0021,0x0021,0x0021,0x0021,0x0021,0x0021,0x0021,0x0021,0x0021,0x0021,0x0021,0x0021,0x0021,0x0021,0x0021,
0x0021,0x0021,0x0021,0x0021,0x0021,0x0021,0x0021,0x0021,0x0021,0x0021,0x0021,0x0021,0x0021,0x0021,0x0021,0x0021,
0x0021,0x0021,0x0021,0x0021,0x0021,0x0021,0x0021,0x0021,0x0021,0x0021,0x0021,0x0021,0x0021,0x0021,0x0021,0x0021,
0x0021,0x0021,0x0021,0x0021,0x0021,0x0021,0x0021,0x0021,0x0022,0x0022,0x0021,0x0021,0x0021,0x0021,0x0022,0x0021,
0x0021,0x0021,0x0022,0x0022,0x0022,0x0021,0x0021,0x0022,0x0022,0x0022,0x0022,0x0022,0x0022,0x0022,0x0022,0x0022,
0x0022,0x0022,0x0022,0x0022,0x0022,0x0021,0x0021,0x0021,0x0022,0x0022,0x0021,0x0021,0x0022,0x0022,0x0022,0x0022,
0x0022,0x0022,0x0022,0x0022,0x0021,0x0022,0x0022,0x0022,0x0022,0x0022,0x0022,0x0021,0x0022,0x0021,0x0022,0x0022,
0x0022,0x0022,0x0022,0x0022,0x0022,0x0022,0x0022,0x0022,0x0022,0x0022,0x0022,0x0022,0x0022,0x0022,0x0022,0x0022,
0x0022,0x0021,0x0022,0x0021,0x0021,0x0021,0x0022,0x0022,0x0021,0x0022,0x0022,0x0021,0x0021,0x0021,0x0021,0x0022,
0x0022,0x0022,0x0022,0x0022,0x0022,0x0021,0x0021,0x0021,0x0021,0x0021,0x0021,0x0021,0x0021,0x0021,0x0021,0x0021,
0x0021,0x0021,0x0021,0x0022,0x0021,0x0021,0x0021,0x0021,0x0021,0x0021,0x0021,0x0022,0x0021,0x0022,0x0021,0x0022,
0x0022,0x0021,0x0022,0x0022,0x0022,0x0022,0x0022,0x0022,0x0022,0x0022,0x0022,0x0022,0x0022,0x0022,0x0022,0x0022,
0x0022,0x0022,0x0022,0x0022,0x0022,0x0022,0x0022,0x0022,0x0022,0x0022,0x0021,0x0021,0x0021,0x0021,0x0021,0x0022,
0x0022,0x0022,0x0022,0x0022,0x0021,0x0021,0x0021,0x0021,0x0021,0x0022,0x0022,0x0022,0x0022,0x0022,0x0022,0x0022,
0x0022,0x0022,0x0021,0x0022,0x0022,0x0022,0x0022,0x0021,0x0021,0x0022,0x0021,0x0021,0x0021,0x0022,0x0022,0x0022,
0x0022,0x0022,0x0022,0x0022,0x0022,0x0022,0x0022,0x0022,0x0022,0x0022,0x0022,0x0022,0x0022,0x0022,0x0022,0x0022,
0x0022,0x0022,0x0021,0x0021,0x0021,0x0022,0x0021,0x0021,0x0021,0x0021,0x0021,0x0021,0x0022,0x0022,0x0022,0x0022,
0x0022,0x0022,0x0021,0x0021,0x0021,0x0021,0x0021,0x0021,0x0021,0x0021,0x0021,0x0021,0x0021,0x0021,0x0022,0x0022,
0x0021,0x0021,0x0021,0x0021,0x0021,0x0021,0x0021,0x0021,0x0021,0x0021,0x0021,0x0021,0x0021,0x0021,0x0021,0x0021,
0x0021,0x0021,0x0021,0x0021,0x0021,0x0021,0x0021,0x0021,0x0021,0x0021,0x0021,0x0021,0x0022,0x0021,0x0021,0x0021,
0x0021,0x0021,0x0021,0x0021,0x0021,0x0021,0x0021,0x0021,0x0021,0x0021,0x0021,0x0021,0x0021,0x0021,0x0021,0x0021,
0x0021,0x0021,0x0021,0x0021,0x0021,0x0021,0x0021,0x0021,0x0021,0x0021,0x0021,0x0021,0x0021,0x0021,0x0021,0x0021,
0x0021,0x0021,0x0021,0x0021,0x0021,0x0021,0x0021,0x0021,0x0021,0x0021,0x0021,0x0021,0x0021,0x0021,0x0021,0x0021,
0x0021,0x0021,0x0021,0x0021,0x0021,0x0021,0x0021,0x0021,0x0021,0x0021,0x0021,0x0021,0x0021,0x0021,0x0021,0x0021,
0x0021,0x0021,0x0021,0x0021,0x0021,0x0021,0x0021,0x0021,0x0021,0x0021,0x0021,0x0021,0x0021,0x0021,0x0021,0x0021,
0x0021,0x0021,0x0021,0x0021,0x0021,0x0021,0x0021,0x0021,0x0021,0x0021,0x0021,0x0021,0x0021,0x0021,0x0021,0x0021,
0x0021,0x0021,0x0021,0x0021,0x0021,0x0021,0x0021,0x0021,0x0021,0x0021,0x0021,0x0021,0x0021,0x0021,0x0021,0x0021,
},
{0x0021,0x0021,0x0021,0x0021,0x0021,0x0021,0x0021,0x0021,0x0021,0x0021,0x0021,0x0021,0x0021,0x0021,0x0021,0x0021,
0x0021,0x0021,0x0021,0x0021,0x0021,0x0021,0x0021,0x0021,0x0021,0x0021,0x0021,0x0021,0x0021,0x0021,0x0021,0x0021,
0x0021,0x0021,0x0021,0x0021,0x0021,0x0021,0x0021,0x0021,0x0021,0x0021,0x0021,0x0021,0x0021,0x0021,0x0021,0x0021,
0x0021,0x0021,0x0021,0x0021,0x0021,0x0021,0x0021,0x0021,0x0021,0x0021,0x0021,0x0021,0x0021,0x0021,0x0021,0x0021,
0x0021,0x0021,0x0021,0x0021,0x0021,0x0021,0x0021,0x0021,0x0021,0x0021,0x0021,0x0021,0x0021,0x0021,0x0021,0x0021,
0x0021,0x0021,0x0021,0x0021,0x0021,0x0021,0x0021,0x0021,0x0021,0x0021,0x0021,0x0021,0x0021,0x0021,0x0021,0x0021,
0x0021,0x0021,0x0021,0x0021,0x0021,0x0021,0x0021,0x0021,0x0021,0x0021,0x0021,0x0021,0x0021,0x0021,0x0021,0x0021,
0x0021,0x0021,0x0021,0x0021,0x0021,0x0021,0x0021,0x0021,0x0021,0x0021,0x0021,0x0021,0x0021,0x0021,0x0021,0x0021,
0x0021,0x0021,0x0021,0x0021,0x0021,0x0021,0x0021,0x0021,0x0021,0x0021,0x0021,0x0021,0x0021,0x0021,0x0021,0x0021,
0x0021,0x0021,0x0021,0x0022,0x0022,0x0021,0x0021,0x0021,0x0021,0x0021,0x0021,0x0021,0x0021,0x0021,0x0022,0x0022,
0x0022,0x0022,0x0021,0x0021,0x0021,0x0021,0x0022,0x0021,0x0021,0x0022,0x0021,0x0021,0x0022,0x0022,0x0022,0x0022,
0x0022,0x0022,0x0022,0x0022,0x0022,0x0021,0x0022,0x0021,0x0021,0x0021,0x0021,0x0021,0x0021,0x0021,0x0021,0x0022,
0x0022,0x0022,0x0022,0x0022,0x0022,0x0022,0x0022,0x0022,0x0022,0x0022,0x0022,0x0022,0x0022,0x0022,0x0022,0x0022,
0x0022,0x0021,0x0021,0x0022,0x0021,0x0021,0x0022,0x0022,0x0021,0x0022,0x0022,0x0022,0x0022,0x0021,0x0021,0x0021,
0x0021,0x0021,0x0021,0x0022,0x0022,0x0021,0x0021,0x0021,0x0021,0x0021,0x0021,0x0021,0x0021,0x0021,0x0021,0x0021,
0x0021,0x0021,0x0021,0x0022,0x0021,0x0021,0x0021,0x0022,0x0021,0x0021,0x0021,0x0021,0x0021,0x0021,0x0021,0x0022,
0x0021,0x0022,0x0022,0x0022,0x0022,0x0022,0x0022,0x0022,0x0022,0x0022,0x0022,0x0022,0x0022,0x0022,0x0022,0x0022,
0x0022,0x0022,0x0022,0x0022,0x0022,0x0022,0x0022,0x0022,0x0022,0x0022,0x0022,0x0022,0x0022,0x0021,0x0022,0x0022,
0x0022,0x0022,0x0022,0x0021,0x0022,0x0021,0x0021,0x0021,0x0022,0x0022,0x0022,0x0021,0x0021,0x0021,0x0021,0x0021,
0x0021,0x0021,0x0021,0x0021,0x0022,0x0021,0x0022,0x0022,0x0021,0x0021,0x0022,0x0021,0x0021,0x0022,0x0022,0x0022,
0x0022,0x0022,0x0022,0x0021,0x0021,0x0022,0x0021,0x0022,0x0022,0x0022,0x0022,0x0022,0x0022,0x0022,0x0022,0x0021,
0x0021,0x0022,0x0021,0x0021,0x0022,0x0021,0x0021,0x0021,0x0022,0x0021,0x0021,0x0022,0x0021,0x0021,0x0022,0x0022,
0x0022,0x0021,0x0021,0x0021,0x0021,0x0021,0x0021,0x0021,0x0021,0x0021,0x0021,0x0021,0x0021,0x0021,0x0021,0x0021,
0x0021,0x0021,0x0021,0x0021,0x0021,0x0021,0x0021,0x0021,0x0021,0x0021,0x0021,0x0021,0x0021,0x0021,0x0021,0x0021,
0x0021,0x0021,0x0021,0x0021,0x0021,0x0021,0x0021,0x0021,0x0021,0x0021,0x0021,0x0021,0x0021,0x0021,0x0021,0x0021,
0x0021,0x0021,0x0021,0x0021,0x0021,0x0021,0x0021,0x0021,0x0021,0x0021,0x0021,0x0021,0x0021,0x0021,0x0021,0x0021,
0x0021,0x0021,0x0021,0x0021,0x0021,0x0021,0x0021,0x0021,0x0021,0x0021,0x0021,0x0021,0x0021,0x0021,0x0021,0x0021,
0x0021,0x0021,0x0021,0x0021,0x0021,0x0021,0x0021,0x0021,0x0021,0x0021,0x0021,0x0021,0x0021,0x0021,0x0021,0x0021,
0x0021,0x0021,0x0021,0x0021,0x0021,0x0021,0x0021,0x0021,0x0021,0x0021,0x0021,0x0021,0x0021,0x0021,0x0021,0x0021,
0x0021,0x0021,0x0021,0x0021,0x0021,0x0021,0x0021,0x0021,0x0021,0x0021,0x0021,0x0021,0x0021,0x0021,0x0021,0x0021,
0x0021,0x0021,0x0021,0x0021,0x0021,0x0021,0x0021,0x0021,0x0021,0x0021,0x0021,0x0021,0x0021,0x0021,0x0021,0x0021,
0x0021,0x0021,0x0021,0x0021,0x0021,0x0021,0x0021,0x0021,0x0021,0x0021,0x0021,0x0021,0x0021,0x0021,0x0021,0x0021,
},
{0x0021,0x0021,0x0021,0x0021,0x0021,0x0021,0x0021,0x0021,0x0021,0x0021,0x0021,0x0021,0x0021,0x0021,0x0021,0x0021,
0x0021,0x0021,0x0021,0x0021,0x0021,0x0021,0x0021,0x0021,0x0021,0x0021,0x0021,0x0021,0x0021,0x0021,0x0021,0x0021,
0x0021,0x0021,0x0021,0x0021,0x0021,0x0021,0x0021,0x0021,0x0021,0x0021,0x0021,0x0021,0x0021,0x0021,0x0021,0x0021,
0x0021,0x0021,0x0021,0x0021,0x0021,0x0021,0x0021,0x0021,0x0021,0x0021,0x0021,0x0021,0x0021,0x0021,0x0021,0x0021,
0x0021,0x0021,0x0021,0x0021,0x0021,0x0021,0x0021,0x0021,0x0021,0x0021,0x0021,0x0021,0x0021,0x0021,0x0021,0x0021,
0x0021,0x0021,0x0021,0x0021,0x0021,0x0021,0x0021,0x0021,0x0021,0x0021,0x0021,0x0021,0x0021,0x0021,0x0021,0x0021,
0x0021,0x0021,0x0021,0x0021,0x0021,0x0021,0x0021,0x0021,0x0021,0x0021,0x0021,0x0021,0x0021,0x0021,0x0021,0x0021,
0x0021,0x0021,0x0021,0x0021,0x0021,0x0021,0x0021,0x0021,0x0021,0x0021,0x0021,0x0021,0x0021,0x0021,0x0021,0x0021,
0x0021,0x0021,0x0021,0x0021,0x0021,0x0021,0x0021,0x0021,0x0021,0x0021,0x0021,0x0021,0x0021,0x0021,0x0021,0x0022,
0x0022,0x0021,0x0022,0x0021,0x0021,0x0022,0x0021,0x0021,0x0021,0x0021,0x0021,0x0021,0x0021,0x0021,0x0021,0x0021,
0x0021,0x0021,0x0021,0x0021,0x0021,0x0021,0x0022,0x0021,0x0021,0x0021,0x0022,0x0021,0x0022,0x0022,0x0022,0x0022,
0x0022,0x0022,0x0022,0x0021,0x0021,0x0021,0x0022,0x0021,0x0021,0x0021,0x0021,0x0021,0x0021,0x0021,0x0021,0x0022,
0x0022,0x0022,0x0022,0x0022,0x0022,0x0021,0x0022,0x0021,0x0021,0x0022,0x0022,0x0022,0x0022,0x0022,0x0022,0x0022,
0x0021,0x0021,0x0021,0x0021,0x0022,0x0021,0x0021,0x0021,0x0021,0x0021,0x0021,0x0021,0x0021,0x0021,0x0022,0x0022,
0x0022,0x0022,0x0022,0x0021,0x0022,0x0021,0x0021,0x0021,0x0021,0x0021,0x0021,0x0021,0x0021,0x0021,0x0021,0x0021,
0x0021,0x0021,0x0021,0x0021,0x0022,0x0021,0x0021,0x0022,0x0022,0x0021,0x0021,0x0021,0x0021,0x0021,0x0021,0x0021,
0x0021,0x0022,0x0022,0x0022,0x0022,0x0022,0x0022,0x0022,0x0022,0x0022,0x0022,0x0022,0x0021,0x0021,0x0022,0x0022,
0x0022,0x0022,0x0022,0x0022,0x0022,0x0022,0x0022,0x0022,0x0022,0x0022,0x0022,0x0022,0x0022,0x0022,0x0022,0x0022,
0x0022,0x0022,0x0021,0x0021,0x0021,0x0021,0x0021,0x0021,0x0021,0x0022,0x0022,0x0022,0x0022,0x0021,0x0021,0x0021,
0x0021,0x0021,0x0022,0x0022,0x0021,0x0021,0x0022,0x0022,0x0022,0x0021,0x0022,0x0021,0x0022,0x0022,0x0021,0x0021,
0x0022,0x0022,0x0022,0x0021,0x0021,0x0022,0x0022,0x0022,0x0022,0x0022,0x0022,0x0022,0x0022,0x0022,0x0022,0x0022,
0x0022,0x0022,0x0021,0x0021,0x0021,0x0022,0x0022,0x0022,0x0022,0x0021,0x0021,0x0022,0x0021,0x0022,0x0022,0x0021,
0x0021,0x0021,0x0021,0x0021,0x0021,0x0021,0x0021,0x0021,0x0021,0x0021,0x0021,0x0021,0x0021,0x0021,0x0021,0x0021,
0x0021,0x0021,0x0022,0x0021,0x0021,0x0021,0x0021,0x0021,0x0021,0x0021,0x0021,0x0021,0x0021,0x0021,0x0021,0x0021,
0x0021,0x0021,0x0021,0x0021,0x0021,0x0021,0x0021,0x0021,0x0021,0x0021,0x0021,0x0021,0x0021,0x0021,0x0021,0x0021,
0x0021,0x0021,0x0021,0x0021,0x0021,0x0021,0x0021,0x0021,0x0021,0x0021,0x0021,0x0021,0x0021,0x0021,0x0021,0x0021,
0x0021,0x0021,0x0021,0x0021,0x0021,0x0021,0x0021,0x0021,0x0021,0x0021,0x0021,0x0021,0x0021,0x0021,0x0021,0x0021,
0x0021,0x0021,0x0021,0x0021,0x0021,0x0021,0x0021,0x0021,0x0021,0x0021,0x0021,0x0021,0x0021,0x0021,0x0021,0x0021,
0x0021,0x0021,0x0021,0x0021,0x0021,0x0021,0x0021,0x0021,0x0021,0x0021,0x0021,0x0021,0x0021,0x0021,0x0021,0x0021,
0x0021,0x0021,0x0021,0x0021,0x0021,0x0021,0x0021,0x0021,0x0021,0x0021,0x0021,0x0021,0x0021,0x0021,0x0021,0x0021,
0x0021,0x0021,0x0021,0x0021,0x0021,0x0021,0x0021,0x0021,0x0021,0x0021,0x0021,0x0021,0x0021,0x0021,0x0021,0x0021,
0x0021,0x0021,0x0021,0x0021,0x0021,0x0021,0x0021,0x0021,0x0021,0x0021,0x0021,0x0021,0x0021,0x0021,0x0021,0x0021,
},
{0x0021,0x0021,0x0021,0x0021,0x0021,0x0021,0x0021,0x0021,0x0021,0x0021,0x0021,0x0021,0x0021,0x0021,0x0021,0x0021,
0x0021,0x0021,0x0021,0x0021,0x0021,0x0021,0x0021,0x0021,0x0021,0x0021,0x0021,0x0021,0x0021,0x0021,0x0021,0x0021,
0x0021,0x0021,0x0021,0x0021,0x0021,0x0021,0x0021,0x0021,0x0021,0x0021,0x0021,0x0021,0x0021,0x0021,0x0021,0x0021,
0x0021,0x0021,0x0021,0x0021,0x0021,0x0021,0x0021,0x0021,0x0021,0x0021,0x0021,0x0021,0x0021,0x0021,0x0021,0x0021,
0x0021,0x0021,0x0021,0x0021,0x0021,0x0021,0x0021,0x0021,0x0021,0x0021,0x0021,0x0021,0x0021,0x0021,0x0021,0x0021,
0x0021,0x0021,0x0021,0x0021,0x0021,0x0021,0x0021,0x0021,0x0021,0x0021,0x0021,0x0021,0x0021,0x0021,0x0021,0x0021,
0x0021,0x0021,0x0021,0x0021,0x0021,0x0021,0x0021,0x0021,0x0021,0x0021,0x0021,0x0021,0x0021,0x0021,0x0021,0x0021,
0x0021,0x0021,0x0021,0x0021,0x0021,0x0021,0x0021,0x0021,0x0021,0x0021,0x0021,0x0021,0x0021,0x0021,0x0021,0x0021,
0x0021,0x0021,0x0021,0x0021,0x0021,0x0021,0x0021,0x0021,0x0021,0x0021,0x0021,0x0021,0x0021,0x0021,0x0021,0x0021,
0x0021,0x0021,0x0021,0x0021,0x0021,0x0022,0x0021,0x0021,0x0021,0x0021,0x0021,0x0021,0x0021,0x0021,0x0021,0x0021,
0x0021,0x0021,0x0021,0x0021,0x0021,0x0022,0x0021,0x0021,0x0021,0x0021,0x0021,0x0022,0x0022,0x0021,0x0021,0x0022,
0x0022,0x0022,0x0021,0x0021,0x0021,0x0021,0x0021,0x0021,0x0021,0x0021,0x0021,0x0021,0x0021,0x0021,0x0021,0x0021,
0x0021,0x0022,0x0022,0x0021,0x0022,0x0022,0x0021,0x0022,0x0022,0x0022,0x0022,0x0022,0x0022,0x0021,0x0022,0x0022,
0x0022,0x0022,0x0021,0x0022,0x0022,0x0022,0x0021,0x0021,0x0021,0x0021,0x0021,0x0021,0x0021,0x0021,0x0021,0x0022,
0x0022,0x0022,0x0022,0x0021,0x0022,0x0021,0x0021,0x0021,0x0021,0x0021,0x0022,0x0021,0x0021,0x0021,0x0021,0x0021,
0x0021,0x0021,0x0021,0x0022,0x0021,0x0021,0x0022,0x0022,0x0021,0x0021,0x0021,0x0021,0x0021,0x0021,0x0021,0x0021,
0x0021,0x0021,0x0021,0x0021,0x0021,0x0022,0x0022,0x0022,0x0022,0x0022,0x0021,0x0022,0x0022,0x0022,0x0022,0x0021,
0x0022,0x0022,0x0022,0x0022,0x0022,0x0022,0x0022,0x0022,0x0022,0x0022,0x0022,0x0022,0x0022,0x0022,0x0022,0x0022,
0x0022,0x0022,0x0022,0x0021,0x0021,0x0021,0x0022,0x0021,0x0022,0x0022,0x0022,0x0022,0x0021,0x0021,0x0021,0x0021,
0x0021,0x0021,0x0021,0x0021,0x0021,0x0021,0x0021,0x0022,0x0021,0x0021,0x0022,0x0021,0x0021,0x0021,0x0021,0x0022,
0x0022,0x0022,0x0022,0x0021,0x0021,0x0021,0x0021,0x0021,0x0022,0x0021,0x0022,0x0022,0x0022,0x0022,0x0022,0x0022,
0x0022,0x0022,0x0022,0x0022,0x0022,0x0022,0x0022,0x0022,0x0022,0x0021,0x0021,0x0022,0x0021,0x0021,0x0022,0x0021,
0x0021,0x0021,0x0021,0x0021,0x0021,0x0021,0x0021,0x0021,0x0021,0x0021,0x0021,0x0021,0x0021,0x0021,0x0021,0x0021,
0x0021,0x0021,0x0021,0x0021,0x0021,0x0021,0x0021,0x0021,0x0021,0x0021,0x0021,0x0021,0x0021,0x0021,0x0021,0x0021,
0x0021,0x0021,0x0021,0x0021,0x0021,0x0021,0x0021,0x0021,0x0021,0x0021,0x0021,0x0021,0x0021,0x0021,0x0021,0x0021,
0x0021,0x0021,0x0021,0x0021,0x0021,0x0021,0x0021,0x0021,0x0021,0x0021,0x0021,0x0021,0x0021,0x0021,0x0021,0x0021,
0x0021,0x0021,0x0021,0x0021,0x0021,0x0021,0x0021,0x0021,0x0021,0x0021,0x0021,0x0021,0x0021,0x0021,0x0021,0x0021,
0x0021,0x0021,0x0021,0x0021,0x0021,0x0021,0x0021,0x0021,0x0021,0x0021,0x0021,0x0021,0x0021,0x0021,0x0021,0x0021,
0x0021,0x0021,0x0021,0x0021,0x0021,0x0021,0x0021,0x0021,0x0021,0x0021,0x0021,0x0021,0x0021,0x0021,0x0021,0x0021,
0x0021,0x0021,0x0021,0x0021,0x0021,0x0021,0x0021,0x0021,0x0021,0x0021,0x0021,0x0021,0x0021,0x0021,0x0021,0x0021,
0x0021,0x0021,0x0021,0x0021,0x0021,0x0021,0x0021,0x0021,0x0021,0x0021,0x0021,0x0021,0x0021,0x0021,0x0021,0x0021,
0x0021,0x0021,0x0021,0x0021,0x0021,0x0021,0x0021,0x0021,0x0021,0x0021,0x0021,0x0021,0x0021,0x0021,0x0021,0x0021,
},
{0x0021,0x0021,0x0021,0x0021,0x0021,0x0021,0x0021,0x0021,0x0021,0x0021,0x0021,0x0021,0x0021,0x0021,0x0021,0x0021,
0x0021,0x0021,0x0021,0x0021,0x0021,0x0021,0x0021,0x0021,0x0021,0x0021,0x0021,0x0021,0x0021,0x0021,0x0021,0x0021,
0x0021,0x0021,0x0021,0x0021,0x0021,0x0021,0x0021,0x0021,0x0021,0x0021,0x0021,0x0021,0x0021,0x0021,0x0021,0x0021,
0x0021,0x0021,0x0021,0x0021,0x0021,0x0021,0x0021,0x0021,0x0021,0x0021,0x0021,0x0021,0x0021,0x0021,0x0021,0x0021,
0x0021,0x0021,0x0021,0x0021,0x0021,0x0021,0x0021,0x0021,0x0021,0x0021,0x0021,0x0021,0x0021,0x0021,0x0021,0x0021,
0x0021,0x0021,0x0021,0x0021,0x0021,0x0021,0x0021,0x0021,0x0021,0x0021,0x0021,0x0021,0x0021,0x0021,0x0021,0x0021,
0x0021,0x0021,0x0021,0x0021,0x0021,0x0021,0x0021,0x0021,0x0021,0x0021,0x0021,0x0021,0x0021,0x0021,0x0021,0x0021,
0x0021,0x0021,0x0021,0x0021,0x0021,0x0021,0x0021,0x0021,0x0021,0x0021,0x0021,0x0021,0x0021,0x0021,0x0021,0x0021,
0x0021,0x0021,0x0021,0x0021,0x0021,0x0021,0x0021,0x0021,0x0021,0x0021,0x0021,0x0021,0x0021,0x0021,0x0021,0x0021,
0x0021,0x0021,0x0021,0x0021,0x0021,0x0021,0x0021,0x0021,0x0021,0x0021,0x0021,0x0021,0x0021,0x0021,0x0021,0x0021,
0x0021,0x0021,0x0021,0x0021,0x0022,0x0021,0x0021,0x0021,0x0021,0x0021,0x0022,0x0021,0x0021,0x0022,0x0021,0x0022,
0x0022,0x0021,0x0021,0x0021,0x0021,0x0021,0x0021,0x0021,0x0021,0x0021,0x0021,0x0021,0x0021,0x0021,0x0021,0x0021,
0x0021,0x0022,0x0021,0x0022,0x0021,0x0022,0x0021,0x0021,0x0021,0x0021,0x0022,0x0021,0x0021,0x0021,0x0021,0x0021,
0x0021,0x0021,0x0021,0x0021,0x0021,0x0021,0x0021,0x0021,0x0021,0x0021,0x0021,0x0021,0x0021,0x0021,0x0021,0x0021,
0x0021,0x0021,0x0022,0x0022,0x0021,0x0021,0x0021,0x0022,0x0022,0x0022,0x0022,0x0021,0x0021,0x0021,0x0021,0x0022,
0x0022,0x0022,0x0021,0x0022,0x0022,0x0021,0x0021,0x0021,0x0021,0x0021,0x0021,0x0021,0x0021,0x0022,0x0021,0x0021,
0x0022,0x0021,0x0021,0x0022,0x0021,0x0021,0x0021,0x0021,0x0022,0x0022,0x0022,0x0022,0x0021,0x0021,0x0022,0x0021,
0x0021,0x0022,0x0022,0x0021,0x0022,0x0022,0x0022,0x0022,0x0022,0x0022,0x0021,0x0022,0x0021,0x0021,0x0021,0x0021,
0x0021,0x0021,0x0022,0x0021,0x0021,0x0022,0x0022,0x0022,0x0022,0x0022,0x0022,0x0021,0x0021,0x0021,0x0021,0x0021,
0x0021,0x0021,0x0021,0x0021,0x0021,0x0021,0x0021,0x0021,0x0021,0x0021,0x0022,0x0021,0x0021,0x0021,0x0021,0x0022,
0x0021,0x0022,0x0021,0x0021,0x0021,0x0021,0x0022,0x0022,0x0021,0x0021,0x0022,0x0021,0x0022,0x0022,0x0022,0x0022,
0x0022,0x0022,0x0022,0x0022,0x0022,0x0022,0x0022,0x0022,0x0022,0x0022,0x0022,0x0022,0x0022,0x0021,0x0021,0x0021,
0x0021,0x0021,0x0021,0x0021,0x0021,0x0021,0x0021,0x0021,0x0021,0x0021,0x0021,0x0022,0x0022,0x0021,0x0021,0x0021,
0x0021,0x0021,0x0021,0x0021,0x0021,0x0021,0x0021,0x0021,0x0021,0x0021,0x0021,0x0021,0x0021,0x0021,0x0021,0x0021,
0x0021,0x0021,0x0021,0x0021,0x0021,0x0021,0x0021,0x0021,0x0021,0x0021,0x0021,0x0021,0x0021,0x0021,0x0021,0x0021,
0x0021,0x0021,0x0021,0x0021,0x0021,0x0021,0x0021,0x0021,0x0021,0x0021,0x0021,0x0021,0x0021,0x0021,0x0021,0x0021,
0x0021,0x0021,0x0021,0x0021,0x0021,0x0021,0x0021,0x0021,0x0021,0x0021,0x0021,0x0021,0x0021,0x0021,0x0021,0x0021,
0x0021,0x0021,0x0021,0x0021,0x0021,0x0021,0x0021,0x0021,0x0021,0x0021,0x0021,0x0021,0x0021,0x0021,0x0021,0x0021,
0x0021,0x0021,0x0021,0x0021,0x0021,0x0021,0x0021,0x0021,0x0021,0x0021,0x0021,0x0021,0x0021,0x0021,0x0021,0x0021,
0x0021,0x0021,0x0021,0x0021,0x0021,0x0021,0x0021,0x0021,0x0021,0x0021,0x0021,0x0021,0x0021,0x0021,0x0021,0x0021,
0x0021,0x0021,0x0021,0x0021,0x0021,0x0021,0x0021,0x0021,0x0021,0x0021,0x0021,0x0021,0x0021,0x0021,0x0021,0x0021,
0x0021,0x0021,0x0021,0x0021,0x0021,0x0021,0x0021,0x0021,0x0021,0x0021,0x0021,0x0021,0x0021,0x0021,0x0021,0x0021,
},
{0x0021,0x0021,0x0021,0x0021,0x0021,0x0021,0x0021,0x0021,0x0021,0x0021,0x0021,0x0021,0x0021,0x0021,0x0021,0x0021,
0x0021,0x0021,0x0021,0x0021,0x0021,0x0021,0x0021,0x0021,0x0021,0x0021,0x0021,0x0021,0x0021,0x0021,0x0021,0x0021,
0x0021,0x0021,0x0021,0x0021,0x0021,0x0021,0x0021,0x0021,0x0021,0x0021,0x0021,0x0021,0x0021,0x0021,0x0021,0x0021,
0x0021,0x0021,0x0021,0x0021,0x0021,0x0021,0x0021,0x0021,0x0021,0x0021,0x0021,0x0021,0x0021,0x0021,0x0021,0x0021,
0x0021,0x0021,0x0021,0x0021,0x0021,0x0021,0x0021,0x0021,0x0021,0x0021,0x0021,0x0021,0x0021,0x0021,0x0021,0x0021,
0x0021,0x0021,0x0021,0x0021,0x0021,0x0021,0x0021,0x0021,0x0021,0x0021,0x0021,0x0021,0x0021,0x0021,0x0021,0x0021,
0x0021,0x0021,0x0021,0x0021,0x0021,0x0021,0x0021,0x0021,0x0021,0x0021,0x0021,0x0021,0x0021,0x0021,0x0021,0x0021,
0x0021,0x0021,0x0021,0x0021,0x0021,0x0021,0x0021,0x0021,0x0021,0x0021,0x0021,0x0021,0x0021,0x0021,0x0021,0x0021,
0x0021,0x0021,0x0021,0x0021,0x0021,0x0021,0x0021,0x0021,0x0021,0x0021,0x0021,0x0021,0x0021,0x0021,0x0021,0x0021,
0x0021,0x0021,0x0021,0x0021,0x0021,0x0021,0x0021,0x0021,0x0021,0x0021,0x0021,0x0021,0x0021,0x0021,0x0021,0x0021,
0x0021,0x0021,0x0021,0x0021,0x0021,0x0021,0x0021,0x0021,0x0021,0x0021,0x0021,0x0021,0x0021,0x0021,0x0021,0x0021,
0x0021,0x0021,0x0021,0x0021,0x0021,0x0021,0x0021,0x0021,0x0021,0x0021,0x0021,0x0021,0x0021,0x0021,0x0021,0x0021,
0x0021,0x0021,0x0021,0x0021,0x0022,0x0021,0x0022,0x0022,0x0021,0x0021,0x0021,0x0021,0x0021,0x0021,0x0021,0x0021,
0x0021,0x0021,0x0021,0x0021,0x0021,0x0021,0x0021,0x0021,0x0021,0x0021,0x0021,0x0021,0x0021,0x0021,0x0021,0x0021,
0x0021,0x0021,0x0021,0x0022,0x0021,0x0021,0x0021,0x0021,0x0022,0x0021,0x0021,0x0021,0x0021,0x0021,0x0021,0x0021,
0x0022,0x0021,0x0021,0x0021,0x0022,0x0021,0x0021,0x0021,0x0021,0x0021,0x0021,0x0021,0x0021,0x0021,0x0021,0x0021,
0x0021,0x0021,0x0021,0x0021,0x0021,0x0021,0x0021,0x0021,0x0021,0x0021,0x0021,0x0021,0x0022,0x0022,0x0021,0x0021,
0x0021,0x0021,0x0021,0x0021,0x0021,0x0021,0x0022,0x0022,0x0021,0x0021,0x0021,0x0021,0x0021,0x0021,0x0021,0x0021,
0x0021,0x0021,0x0021,0x0021,0x0022,0x0022,0x0021,0x0021,0x0021,0x0021,0x0021,0x0021,0x0021,0x0021,0x0021,0x0022,
0x0021,0x0021,0x0021,0x0021,0x0021,0x0021,0x0021,0x0021,0x0021,0x0021,0x0021,0x0021,0x0021,0x0021,0x0021,0x0021,
0x0021,0x0021,0x0021,0x0021,0x0021,0x0021,0x0021,0x0021,0x0021,0x0021,0x0021,0x0021,0x0021,0x0021,0x0021,0x0021,
0x0022,0x0021,0x0022,0x0021,0x0022,0x0022,0x0022,0x0022,0x0022,0x0022,0x0021,0x0021,0x0022,0x0021,0x0021,0x0021,
0x0021,0x0021,0x0021,0x0021,0x0021,0x0021,0x0021,0x0021,0x0021,0x0021,0x0021,0x0021,0x0021,0x0021,0x0021,0x0021,
0x0021,0x0021,0x0021,0x0021,0x0021,0x0021,0x0021,0x0021,0x0021,0x0021,0x0021,0x0021,0x0021,0x0021,0x0021,0x0021,
0x0021,0x0021,0x0021,0x0021,0x0021,0x0021,0x0021,0x0021,0x0021,0x0021,0x0021,0x0021,0x0021,0x0021,0x0021,0x0021,
0x0021,0x0021,0x0021,0x0021,0x0021,0x0021,0x0021,0x0021,0x0021,0x0021,0x0021,0x0021,0x0021,0x0021,0x0021,0x0021,
0x0021,0x0021,0x0021,0x0021,0x0021,0x0021,0x0021,0x0021,0x0021,0x0021,0x0021,0x0021,0x0021,0x0021,0x0021,0x0021,
0x0021,0x0021,0x0021,0x0021,0x0021,0x0021,0x0021,0x0021,0x0021,0x0021,0x0021,0x0021,0x0021,0x0021,0x0021,0x0021,
0x0021,0x0021,0x0021,0x0021,0x0021,0x0021,0x0021,0x0021,0x0021,0x0021,0x0021,0x0021,0x0021,0x0021,0x0021,0x0021,
0x0021,0x0021,0x0021,0x0021,0x0021,0x0021,0x0021,0x0021,0x0021,0x0021,0x0021,0x0021,0x0021,0x0021,0x0021,0x0021,
0x0021,0x0021,0x0021,0x0021,0x0021,0x0021,0x0021,0x0021,0x0021,0x0021,0x0021,0x0021,0x0021,0x0021,0x0021,0x0021,
0x0021,0x0021,0x0021,0x0021,0x0021,0x0021,0x0021,0x0021,0x0021,0x0021,0x0021,0x0021,0x0021,0x0021,0x0021,0x0021,
},
{0x0021,0x0021,0x0021,0x0021,0x0021,0x0021,0x0021,0x0021,0x0021,0x0021,0x0021,0x0021,0x0021,0x0021,0x0021,0x0021,
0x0021,0x0021,0x0021,0x0021,0x0021,0x0021,0x0021,0x0021,0x0021,0x0021,0x0021,0x0021,0x0021,0x0021,0x0021,0x0021,
0x0021,0x0021,0x0021,0x0021,0x0021,0x0021,0x0021,0x0021,0x0021,0x0021,0x0021,0x0021,0x0021,0x0021,0x0021,0x0021,
0x0021,0x0021,0x0021,0x0021,0x0021,0x0021,0x0021,0x0021,0x0021,0x0021,0x0021,0x0021,0x0021,0x0021,0x0021,0x0021,
0x0021,0x0021,0x0021,0x0021,0x0021,0x0021,0x0021,0x0021,0x0021,0x0021,0x0021,0x0021,0x0021,0x0021,0x0021,0x0021,
0x0021,0x0021,0x0021,0x0021,0x0021,0x0021,0x0021,0x0021,0x0021,0x0021,0x0021,0x0021,0x0021,0x0021,0x0021,0x0021,
0x0021,0x0021,0x0021,0x0021,0x0021,0x0021,0x0021,0x0021,0x0021,0x0021,0x0021,0x0021,0x0021,0x0021,0x0021,0x0021,
0x0021,0x0021,0x0021,0x0021,0x0021,0x0021,0x0021,0x0021,0x0021,0x0021,0x0021,0x0021,0x0021,0x0021,0x0021,0x0021,
0x0021,0x0021,0x0021,0x0021,0x0021,0x0021,0x0021,0x0021,0x0021,0x0021,0x0021,0x0021,0x0021,0x0021,0x0021,0x0021,
0x0021,0x0021,0x0021,0x0021,0x0021,0x0021,0x0021,0x0021,0x0021,0x0021,0x0021,0x0021,0x0021,0x0021,0x0021,0x0021,
0x0021,0x0021,0x0021,0x0021,0x0021,0x0021,0x0021,0x0021,0x0021,0x0021,0x0021,0x0021,0x0021,0x0021,0x0021,0x0021,
0x0021,0x0021,0x0021,0x0021,0x0021,0x0021,0x0021,0x0021,0x0021,0x0021,0x0021,0x0021,0x0021,0x0021,0x0021,0x0021,
0x0021,0x0022,0x0022,0x0021,0x0021,0x0021,0x0022,0x0021,0x0021,0x0021,0x0021,0x0021,0x0021,0x0021,0x0021,0x0021,
0x0021,0x0021,0x0021,0x0022,0x0021,0x0021,0x0021,0x0021,0x0021,0x0021,0x0021,0x0021,0x0021,0x0021,0x0021,0x0022,
0x0021,0x0021,0x0022,0x0022,0x0022,0x0022,0x0021,0x0021,0x0021,0x0021,0x0022,0x0022,0x0021,0x0021,0x0021,0x0021,
0x0021,0x0021,0x0021,0x0022,0x0022,0x0021,0x0021,0x0021,0x0021,0x0021,0x0021,0x0021,0x0021,0x0021,0x0021,0x0021,
0x0021,0x0021,0x0021,0x0021,0x0021,0x0021,0x0021,0x0021,0x0021,0x0021,0x0022,0x0021,0x0022,0x0022,0x0022,0x0022,
0x0022,0x0022,0x0021,0x0022,0x0022,0x0021,0x0021,0x0021,0x0021,0x0022,0x0021,0x0021,0x0021,0x0021,0x0021,0x0021,
0x0021,0x0021,0x0021,0x0021,0x0021,0x0021,0x0021,0x0021,0x0021,0x0021,0x0021,0x0021,0x0021,0x0021,0x0021,0x0021,
0x0021,0x0021,0x0021,0x0021,0x0021,0x0021,0x0021,0x0021,0x0022,0x0021,0x0021,0x0021,0x0021,0x0021,0x0021,0x0021,
0x0021,0x0021,0x0021,0x0021,0x0021,0x0021,0x0021,0x0021,0x0021,0x0021,0x0021,0x0021,0x0021,0x0021,0x0021,0x0021,
0x0021,0x0021,0x0021,0x0021,0x0021,0x0021,0x0021,0x0022,0x0022,0x0022,0x0021,0x0021,0x0022,0x0022,0x0021,0x0021,
0x0021,0x0021,0x0021,0x0022,0x0022,0x0021,0x0021,0x0021,0x0021,0x0021,0x0021,0x0021,0x0021,0x0021,0x0021,0x0021,
0x0021,0x0021,0x0021,0x0021,0x0021,0x0021,0x0021,0x0021,0x0021,0x0021,0x0021,0x0021,0x0021,0x0021,0x0021,0x0021,
0x0021,0x0021,0x0021,0x0021,0x0021,0x0021,0x0021,0x0021,0x0021,0x0021,0x0021,0x0021,0x0021,0x0021,0x0021,0x0021,
0x0021,0x0021,0x0021,0x0021,0x0021,0x0021,0x0021,0x0021,0x0021,0x0021,0x0021,0x0021,0x0021,0x0021,0x0021,0x0021,
0x0021,0x0021,0x0021,0x0021,0x0021,0x0021,0x0021,0x0021,0x0021,0x0021,0x0021,0x0021,0x0021,0x0021,0x0021,0x0021,
0x0021,0x0021,0x0021,0x0021,0x0021,0x0021,0x0021,0x0021,0x0021,0x0021,0x0021,0x0021,0x0021,0x0021,0x0021,0x0021,
0x0021,0x0021,0x0021,0x0021,0x0021,0x0021,0x0021,0x0021,0x0021,0x0021,0x0021,0x0021,0x0021,0x0021,0x0021,0x0021,
0x0021,0x0021,0x0021,0x0021,0x0021,0x0021,0x0021,0x0021,0x0021,0x0021,0x0021,0x0021,0x0021,0x0021,0x0021,0x0021,
0x0021,0x0021,0x0021,0x0021,0x0021,0x0021,0x0021,0x0021,0x0021,0x0021,0x0021,0x0021,0x0021,0x0021,0x0021,0x0021,
0x0021,0x0021,0x0021,0x0021,0x0021,0x0021,0x0021,0x0021,0x0021,0x0021,0x0021,0x0021,0x0021,0x0021,0x0021,0x0021,
},
{0x0021,0x0021,0x0021,0x0021,0x0021,0x0021,0x0021,0x0021,0x0021,0x0021,0x0021,0x0021,0x0021,0x0021,0x0021,0x0021,
0x0021,0x0021,0x0021,0x0021,0x0021,0x0021,0x0021,0x0021,0x0021,0x0021,0x0021,0x0021,0x0021,0x0021,0x0021,0x0021,
0x0021,0x0021,0x0021,0x0021,0x0021,0x0021,0x0021,0x0021,0x0021,0x0021,0x0021,0x0021,0x0021,0x0021,0x0021,0x0021,
0x0021,0x0021,0x0021,0x0021,0x0021,0x0021,0x0021,0x0021,0x0021,0x0021,0x0021,0x0021,0x0021,0x0021,0x0021,0x0021,
0x0021,0x0021,0x0021,0x0021,0x0021,0x0021,0x0021,0x0021,0x0021,0x0021,0x0021,0x0021,0x0021,0x0021,0x0021,0x0021,
0x0021,0x0021,0x0021,0x0021,0x0021,0x0021,0x0021,0x0021,0x0021,0x0021,0x0021,0x0021,0x0021,0x0021,0x0021,0x0021,
0x0021,0x0021,0x0021,0x0021,0x0021,0x0021,0x0021,0x0021,0x0021,0x0021,0x0021,0x0021,0x0021,0x0021,0x0021,0x0021,
0x0021,0x0021,0x0021,0x0021,0x0021,0x0021,0x0021,0x0021,0x0021,0x0021,0x0021,0x0021,0x0021,0x0021,0x0021,0x0021,
0x0021,0x0021,0x0021,0x0021,0x0021,0x0021,0x0021,0x0021,0x0021,0x0021,0x0021,0x0021,0x0021,0x0021,0x0021,0x0021,
0x0021,0x0021,0x0021,0x0021,0x0021,0x0021,0x0021,0x0021,0x0021,0x0021,0x0021,0x0021,0x0021,0x0021,0x0021,0x0021,
0x0021,0x0021,0x0021,0x0021,0x0021,0x0021,0x0021,0x0021,0x0021,0x0021,0x0021,0x0021,0x0021,0x0021,0x0021,0x0021,
0x0021,0x0021,0x0021,0x0021,0x0021,0x0021,0x0021,0x0021,0x0021,0x0021,0x0021,0x0021,0x0021,0x0021,0x0021,0x0021,
0x0021,0x0021,0x0021,0x0021,0x0021,0x0021,0x0021,0x0021,0x0022,0x0022,0x0021,0x0021,0x0021,0x0021,0x0021,0x0021,
0x0022,0x0021,0x0021,0x0022,0x0022,0x0021,0x0021,0x0021,0x0021,0x0021,0x0021,0x0021,0x0021,0x0021,0x0021,0x0021,
0x0021,0x0021,0x0021,0x0021,0x0021,0x0021,0x0021,0x0021,0x0021,0x0021,0x0021,0x0022,0x0021,0x0021,0x0021,0x0021,
0x0021,0x0021,0x0021,0x0021,0x0021,0x0021,0x0021,0x0021,0x0021,0x0021,0x0021,0x0021,0x0021,0x0021,0x0021,0x0021,
0x0021,0x0021,0x0021,0x0021,0x0021,0x0021,0x0021,0x0021,0x0021,0x0021,0x0021,0x0021,0x0021,0x0021,0x0021,0x0021,
0x0021,0x0021,0x0021,0x0022,0x0022,0x0021,0x0021,0x0021,0x0021,0x0021,0x0021,0x0021,0x0021,0x0021,0x0021,0x0021,
0x0021,0x0022,0x0021,0x0021,0x0021,0x0022,0x0021,0x0022,0x0021,0x0021,0x0021,0x0021,0x0021,0x0021,0x0021,0x0021,
0x0021,0x0021,0x0021,0x0021,0x0021,0x0021,0x0021,0x0021,0x0021,0x0021,0x0021,0x0021,0x0021,0x0021,0x0021,0x0021,
0x0021,0x0021,0x0021,0x0021,0x0022,0x0021,0x0022,0x0021,0x0021,0x0021,0x0021,0x0021,0x0021,0x0021,0x0021,0x0021,
0x0021,0x0021,0x0021,0x0021,0x0021,0x0021,0x0021,0x0021,0x0021,0x0022,0x0021,0x0021,0x0021,0x0021,0x0022,0x0022,
0x0022,0x0021,0x0021,0x0021,0x0021,0x0021,0x0021,0x0021,0x0021,0x0021,0x0021,0x0021,0x0021,0x0021,0x0021,0x0021,
0x0021,0x0021,0x0021,0x0021,0x0021,0x0021,0x0021,0x0021,0x0021,0x0021,0x0021,0x0021,0x0021,0x0021,0x0021,0x0021,
0x0021,0x0021,0x0021,0x0021,0x0021,0x0021,0x0021,0x0021,0x0021,0x0021,0x0021,0x0021,0x0021,0x0021,0x0021,0x0021,
0x0021,0x0021,0x0021,0x0021,0x0021,0x0021,0x0021,0x0021,0x0021,0x0021,0x0021,0x0021,0x0021,0x0021,0x0021,0x0021,
0x0021,0x0021,0x0021,0x0021,0x0021,0x0021,0x0021,0x0021,0x0021,0x0021,0x0021,0x0021,0x0021,0x0021,0x0021,0x0021,
0x0021,0x0021,0x0021,0x0021,0x0021,0x0021,0x0021,0x0021,0x0021,0x0021,0x0021,0x0021,0x0021,0x0021,0x0021,0x0021,
0x0021,0x0021,0x0021,0x0021,0x0021,0x0021,0x0021,0x0021,0x0021,0x0021,0x0021,0x0021,0x0021,0x0021,0x0021,0x0021,
0x0021,0x0021,0x0021,0x0021,0x0021,0x0021,0x0021,0x0021,0x0021,0x0021,0x0021,0x0021,0x0021,0x0021,0x0021,0x0021,
0x0021,0x0021,0x0021,0x0021,0x0021,0x0021,0x0021,0x0021,0x0021,0x0021,0x0021,0x0021,0x0021,0x0021,0x0021,0x0021,
0x0021,0x0021,0x0021,0x0021,0x0021,0x0021,0x0021,0x0021,0x0021,0x0021,0x0021,0x0021,0x0021,0x0021,0x0021,0x0021,
},
{0x0021,0x0021,0x0021,0x0021,0x0021,0x0021,0x0021,0x0021,0x0021,0x0021,0x0021,0x0021,0x0021,0x0021,0x0021,0x0021,
0x0021,0x0021,0x0021,0x0021,0x0021,0x0021,0x0021,0x0021,0x0021,0x0021,0x0021,0x0021,0x0021,0x0021,0x0021,0x0021,
0x0021,0x0021,0x0021,0x0021,0x0021,0x0021,0x0021,0x0021,0x0021,0x0021,0x0021,0x0021,0x0021,0x0021,0x0021,0x0021,
0x0021,0x0021,0x0021,0x0021,0x0021,0x0021,0x0021,0x0021,0x0021,0x0021,0x0021,0x0021,0x0021,0x0021,0x0021,0x0021,
0x0021,0x0021,0x0021,0x0021,0x0021,0x0021,0x0021,0x0021,0x0021,0x0021,0x0021,0x0021,0x0021,0x0021,0x0021,0x0021,
0x0021,0x0021,0x0021,0x0021,0x0021,0x0021,0x0021,0x0021,0x0021,0x0021,0x0021,0x0021,0x0021,0x0021,0x0021,0x0021,
0x0021,0x0021,0x0021,0x0021,0x0021,0x0021,0x0021,0x0021,0x0021,0x0021,0x0021,0x0021,0x0021,0x0021,0x0021,0x0021,
0x0021,0x0021,0x0021,0x0021,0x0021,0x0021,0x0021,0x0021,0x0021,0x0021,0x0021,0x0021,0x0021,0x0021,0x0021,0x0021,
0x0021,0x0021,0x0021,0x0021,0x0021,0x0021,0x0021,0x0021,0x0021,0x0021,0x0021,0x0021,0x0021,0x0021,0x0021,0x0021,
0x0021,0x0021,0x0021,0x0021,0x0021,0x0021,0x0021,0x0021,0x0021,0x0021,0x0021,0x0021,0x0021,0x0021,0x0021,0x0021,
0x0021,0x0021,0x0021,0x0021,0x0021,0x0021,0x0021,0x0021,0x0021,0x0021,0x0021,0x0021,0x0021,0x0021,0x0021,0x0021,
0x0021,0x0021,0x0021,0x0021,0x0021,0x0021,0x0021,0x0021,0x0021,0x0021,0x0021,0x0021,0x0021,0x0021,0x0021,0x0021,
0x0021,0x0021,0x0021,0x0021,0x0021,0x0021,0x0021,0x0021,0x0021,0x0021,0x0021,0x0021,0x0021,0x0021,0x0021,0x0021,
0x0022,0x0021,0x0021,0x0021,0x0021,0x0021,0x0021,0x0021,0x0021,0x0021,0x0021,0x0021,0x0021,0x0021,0x0021,0x0021,
0x0022,0x0021,0x0021,0x0021,0x0021,0x0021,0x0021,0x0021,0x0021,0x0021,0x0021,0x0021,0x0021,0x0021,0x0021,0x0021,
0x0021,0x0021,0x0021,0x0021,0x0021,0x0021,0x0021,0x0021,0x0021,0x0021,0x0021,0x0021,0x0021,0x0021,0x0021,0x0021,
0x0021,0x0021,0x0021,0x0021,0x0021,0x0021,0x0021,0x0021,0x0021,0x0021,0x0021,0x0021,0x0021,0x0021,0x0021,0x0021,
0x0022,0x0021,0x0021,0x0022,0x0022,0x0021,0x0021,0x0021,0x0021,0x0021,0x0021,0x0021,0x0021,0x0021,0x0021,0x0021,
0x0021,0x0022,0x0021,0x0021,0x0021,0x0021,0x0021,0x0021,0x0021,0x0021,0x0021,0x0021,0x0021,0x0021,0x0021,0x0021,
0x0021,0x0021,0x0021,0x0021,0x0021,0x0021,0x0021,0x0021,0x0021,0x0021,0x0021,0x0021,0x0021,0x0021,0x0021,0x0021,
0x0021,0x0021,0x0021,0x0021,0x0021,0x0021,0x0021,0x0021,0x0021,0x0021,0x0021,0x0021,0x0021,0x0021,0x0021,0x0021,
0x0021,0x0021,0x0021,0x0021,0x0021,0x0021,0x0021,0x0021,0x0021,0x0021,0x0021,0x0021,0x0021,0x0021,0x0021,0x0022,
0x0022,0x0021,0x0021,0x0021,0x0021,0x0021,0x0021,0x0021,0x0021,0x0021,0x0021,0x0021,0x0021,0x0021,0x0021,0x0021,
0x0021,0x0021,0x0021,0x0021,0x0021,0x0021,0x0021,0x0021,0x0021,0x0021,0x0021,0x0021,0x0021,0x0021,0x0021,0x0021,
0x0021,0x0021,0x0021,0x0021,0x0021,0x0021,0x0021,0x0021,0x0021,0x0021,0x0021,0x0021,0x0021,0x0021,0x0021,0x0021,
0x0021,0x0021,0x0021,0x0021,0x0021,0x0021,0x0021,0x0021,0x0021,0x0021,0x0021,0x0021,0x0021,0x0021,0x0021,0x0021,
0x0021,0x0021,0x0021,0x0021,0x0021,0x0021,0x0021,0x0021,0x0021,0x0021,0x0021,0x0021,0x0021,0x0021,0x0021,0x0021,
0x0021,0x0021,0x0021,0x0021,0x0021,0x0021,0x0021,0x0021,0x0021,0x0021,0x0021,0x0021,0x0021,0x0021,0x0021,0x0021,
0x0021,0x0021,0x0021,0x0021,0x0021,0x0021,0x0021,0x0021,0x0021,0x0021,0x0021,0x0021,0x0021,0x0021,0x0021,0x0021,
0x0021,0x0021,0x0021,0x0021,0x0021,0x0021,0x0021,0x0021,0x0021,0x0021,0x0021,0x0021,0x0021,0x0021,0x0021,0x0021,
0x0021,0x0021,0x0021,0x0021,0x0021,0x0021,0x0021,0x0021,0x0021,0x0021,0x0021,0x0021,0x0021,0x0021,0x0021,0x0021,
0x0021,0x0021,0x0021,0x0021,0x0021,0x0021,0x0021,0x0021,0x0021,0x0021,0x0021,0x0021,0x0021,0x0021,0x0021,0x0021,
},
{0x0021,0x0021,0x0021,0x0021,0x0021,0x0021,0x0021,0x0021,0x0021,0x0021,0x0021,0x0021,0x0021,0x0021,0x0021,0x0021,
0x0021,0x0021,0x0021,0x0021,0x0021,0x0021,0x0021,0x0021,0x0021,0x0021,0x0021,0x0021,0x0021,0x0021,0x0021,0x0021,
0x0021,0x0021,0x0021,0x0021,0x0021,0x0021,0x0021,0x0021,0x0021,0x0021,0x0021,0x0021,0x0021,0x0021,0x0021,0x0021,
0x0021,0x0021,0x0021,0x0021,0x0021,0x0021,0x0021,0x0021,0x0021,0x0021,0x0021,0x0021,0x0021,0x0021,0x0021,0x0021,
0x0021,0x0021,0x0021,0x0021,0x0021,0x0021,0x0021,0x0021,0x0021,0x0021,0x0021,0x0021,0x0021,0x0021,0x0021,0x0021,
0x0021,0x0021,0x0021,0x0021,0x0021,0x0021,0x0021,0x0021,0x0021,0x0021,0x0021,0x0021,0x0021,0x0021,0x0021,0x0021,
0x0021,0x0021,0x0021,0x0021,0x0021,0x0021,0x0021,0x0021,0x0021,0x0021,0x0021,0x0021,0x0021,0x0021,0x0021,0x0021,
0x0021,0x0021,0x0021,0x0021,0x0021,0x0021,0x0021,0x0021,0x0021,0x0021,0x0021,0x0021,0x0021,0x0021,0x0021,0x0021,
0x0021,0x0021,0x0021,0x0021,0x0021,0x0021,0x0021,0x0021,0x0021,0x0021,0x0021,0x0021,0x0021,0x0021,0x0021,0x0021,
0x0021,0x0021,0x0021,0x0021,0x0021,0x0021,0x0021,0x0021,0x0021,0x0021,0x0021,0x0021,0x0021,0x0021,0x0021,0x0021,
0x0021,0x0021,0x0021,0x0021,0x0021,0x0021,0x0021,0x0021,0x0021,0x0021,0x0021,0x0021,0x0021,0x0021,0x0021,0x0021,
0x0021,0x0021,0x0021,0x0021,0x0021,0x0021,0x0021,0x0021,0x0021,0x0021,0x0021,0x0021,0x0021,0x0021,0x0021,0x0021,
0x0021,0x0021,0x0021,0x0021,0x0021,0x0021,0x0021,0x0021,0x0021,0x0021,0x0021,0x0021,0x0021,0x0021,0x0021,0x0021,
0x0021,0x0021,0x0021,0x0021,0x0021,0x0021,0x0021,0x0021,0x0021,0x0021,0x0021,0x0021,0x0021,0x0021,0x0021,0x0021,
0x0021,0x0021,0x0021,0x0021,0x0021,0x0021,0x0021,0x0021,0x0021,0x0021,0x0021,0x0021,0x0021,0x0021,0x0021,0x0021,
0x0021,0x0021,0x0021,0x0021,0x0021,0x0021,0x0021,0x0021,0x0021,0x0021,0x0021,0x0021,0x0021,0x0021,0x0021,0x0021,
0x0021,0x0021,0x0021,0x0021,0x0021,0x0021,0x0021,0x0021,0x0021,0x0021,0x0021,0x0021,0x0021,0x0021,0x0021,0x0021,
0x0021,0x0021,0x0021,0x0021,0x0021,0x0021,0x0021,0x0021,0x0021,0x0021,0x0021,0x0021,0x0021,0x0021,0x0021,0x0021,
0x0021,0x0021,0x0021,0x0021,0x0021,0x0021,0x0021,0x0021,0x0021,0x0021,0x0021,0x0021,0x0021,0x0021,0x0021,0x0021,
0x0021,0x0021,0x0021,0x0021,0x0021,0x0021,0x0021,0x0021,0x0021,0x0021,0x0021,0x0021,0x0021,0x0021,0x0021,0x0021,
0x0021,0x0021,0x0021,0x0021,0x0021,0x0021,0x0021,0x0021,0x0021,0x0021,0x0021,0x0021,0x0021,0x0021,0x0021,0x0021,
0x0021,0x0021,0x0021,0x0021,0x0021,0x0021,0x0021,0x0021,0x0022,0x0021,0x0021,0x0021,0x0022,0x0021,0x0021,0x0022,
0x0021,0x0021,0x0021,0x0021,0x0021,0x0021,0x0021,0x0021,0x0021,0x0021,0x0021,0x0021,0x0021,0x0021,0x0021,0x0021,
0x0021,0x0021,0x0021,0x0021,0x0021,0x0021,0x0021,0x0021,0x0021,0x0021,0x0021,0x0021,0x0021,0x0021,0x0021,0x0021,
0x0021,0x0021,0x0021,0x0021,0x0021,0x0021,0x0021,0x0021,0x0021,0x0021,0x0021,0x0021,0x0021,0x0021,0x0021,0x0021,
0x0021,0x0021,0x0021,0x0021,0x0021,0x0021,0x0021,0x0021,0x0021,0x0021,0x0021,0x0021,0x0021,0x0021,0x0021,0x0021,
0x0021,0x0021,0x0021,0x0021,0x0021,0x0021,0x0021,0x0021,0x0021,0x0021,0x0021,0x0021,0x0021,0x0021,0x0021,0x0021,
0x0021,0x0021,0x0021,0x0021,0x0021,0x0021,0x0021,0x0021,0x0021,0x0021,0x0021,0x0021,0x0021,0x0021,0x0021,0x0021,
0x0021,0x0021,0x0021,0x0021,0x0021,0x0021,0x0021,0x0021,0x0021,0x0021,0x0021,0x0021,0x0021,0x0021,0x0021,0x0021,
0x0021,0x0021,0x0021,0x0021,0x0021,0x0021,0x0021,0x0021,0x0021,0x0021,0x0021,0x0021,0x0021,0x0021,0x0021,0x0021,
0x0021,0x0021,0x0021,0x0021,0x0021,0x0021,0x0021,0x0021,0x0021,0x0021,0x0021,0x0021,0x0021,0x0021,0x0021,0x0021,
0x0021,0x0021,0x0021,0x0021,0x0021,0x0021,0x0021,0x0021,0x0021,0x0021,0x0021,0x0021,0x0021,0x0021,0x0021,0x0021,
},
{0x0021,0x0021,0x0021,0x0021,0x0021,0x0021,0x0021,0x0021,0x0021,0x0021,0x0021,0x0021,0x0021,0x0021,0x0021,0x0021,
0x0021,0x0021,0x0021,0x0021,0x0021,0x0021,0x0021,0x0021,0x0021,0x0021,0x0021,0x0021,0x0021,0x0021,0x0021,0x0021,
0x0021,0x0021,0x0021,0x0021,0x0021,0x0021,0x0021,0x0021,0x0021,0x0021,0x0021,0x0021,0x0021,0x0021,0x0021,0x0021,
0x0021,0x0021,0x0021,0x0021,0x0021,0x0021,0x0021,0x0021,0x0021,0x0021,0x0021,0x0021,0x0021,0x0021,0x0021,0x0021,
0x0021,0x0021,0x0021,0x0021,0x0021,0x0021,0x0021,0x0021,0x0021,0x0021,0x0021,0x0021,0x0021,0x0021,0x0021,0x0021,
0x0021,0x0021,0x0021,0x0021,0x0021,0x0021,0x0021,0x0021,0x0021,0x0021,0x0021,0x0021,0x0021,0x0021,0x0021,0x0021,
0x0021,0x0021,0x0021,0x0021,0x0021,0x0021,0x0021,0x0021,0x0021,0x0021,0x0021,0x0021,0x0021,0x0021,0x0021,0x0021,
0x0021,0x0021,0x0021,0x0021,0x0021,0x0021,0x0021,0x0021,0x0021,0x0021,0x0021,0x0021,0x0021,0x0021,0x0021,0x0021,
0x0021,0x0021,0x0021,0x0021,0x0021,0x0021,0x0021,0x0021,0x0021,0x0021,0x0021,0x0021,0x0021,0x0021,0x0021,0x0021,
0x0021,0x0021,0x0021,0x0021,0x0021,0x0021,0x0021,0x0021,0x0021,0x0021,0x0021,0x0021,0x0021,0x0021,0x0021,0x0021,
0x0021,0x0021,0x0021,0x0021,0x0021,0x0021,0x0021,0x0021,0x0021,0x0021,0x0021,0x0021,0x0021,0x0021,0x0021,0x0021,
0x0021,0x0021,0x0021,0x0021,0x0021,0x0021,0x0021,0x0021,0x0021,0x0021,0x0021,0x0021,0x0021,0x0021,0x0021,0x0021,
0x0021,0x0021,0x0021,0x0021,0x0021,0x0021,0x0021,0x0021,0x0021,0x0021,0x0021,0x0021,0x0021,0x0021,0x0021,0x0021,
0x0021,0x0021,0x0021,0x0021,0x0021,0x0021,0x0021,0x0021,0x0021,0x0021,0x0021,0x0021,0x0021,0x0021,0x0021,0x0021,
0x0021,0x0021,0x0021,0x0021,0x0021,0x0021,0x0021,0x0021,0x0021,0x0021,0x0021,0x0021,0x0021,0x0021,0x0021,0x0021,
0x0021,0x0021,0x0021,0x0021,0x0021,0x0021,0x0021,0x0021,0x0021,0x0021,0x0021,0x0021,0x0021,0x0021,0x0021,0x0021,
0x0021,0x0021,0x0021,0x0021,0x0021,0x0021,0x0021,0x0021,0x0021,0x0021,0x0021,0x0021,0x0021,0x0021,0x0021,0x0021,
0x0021,0x0021,0x0021,0x0021,0x0021,0x0021,0x0021,0x0021,0x0021,0x0021,0x0021,0x0021,0x0021,0x0021,0x0021,0x0021,
0x0021,0x0021,0x0021,0x0021,0x0021,0x0021,0x0021,0x0021,0x0021,0x0021,0x0021,0x0021,0x0021,0x0021,0x0021,0x0021,
0x0021,0x0021,0x0021,0x0021,0x0021,0x0021,0x0021,0x0021,0x0021,0x0021,0x0021,0x0021,0x0021,0x0021,0x0021,0x0021,
0x0021,0x0021,0x0021,0x0021,0x0021,0x0021,0x0021,0x0021,0x0021,0x0021,0x0021,0x0021,0x0021,0x0021,0x0021,0x0021,
0x0021,0x0021,0x0021,0x0021,0x0021,0x0021,0x0021,0x0021,0x0021,0x0021,0x0021,0x0021,0x0021,0x0021,0x0021,0x0021,
0x0021,0x0021,0x0021,0x0021,0x0021,0x0021,0x0021,0x0021,0x0021,0x0021,0x0021,0x0021,0x0021,0x0021,0x0021,0x0021,
0x0021,0x0021,0x0021,0x0021,0x0021,0x0021,0x0021,0x0021,0x0021,0x0021,0x0021,0x0021,0x0021,0x0021,0x0021,0x0021,
0x0021,0x0021,0x0021,0x0021,0x0021,0x0021,0x0021,0x0021,0x0021,0x0021,0x0021,0x0021,0x0021,0x0021,0x0021,0x0021,
0x0021,0x0021,0x0021,0x0021,0x0021,0x0021,0x0021,0x0021,0x0021,0x0021,0x0021,0x0021,0x0021,0x0021,0x0021,0x0021,
0x0021,0x0021,0x0021,0x0021,0x0021,0x0021,0x0021,0x0021,0x0021,0x0021,0x0021,0x0021,0x0021,0x0021,0x0021,0x0021,
0x0021,0x0021,0x0021,0x0021,0x0021,0x0021,0x0021,0x0021,0x0021,0x0021,0x0021,0x0021,0x0021,0x0021,0x0021,0x0021,
0x0021,0x0021,0x0021,0x0021,0x0021,0x0021,0x0021,0x0021,0x0021,0x0021,0x0021,0x0021,0x0021,0x0021,0x0021,0x0021,
0x0021,0x0021,0x0021,0x0021,0x0021,0x0021,0x0021,0x0021,0x0021,0x0021,0x0021,0x0021,0x0021,0x0021,0x0021,0x0021,
0x0021,0x0021,0x0021,0x0021,0x0021,0x0021,0x0021,0x0021,0x0021,0x0021,0x0021,0x0021,0x0021,0x0021,0x0021,0x0021,
0x0021,0x0021,0x0021,0x0021,0x0021,0x0021,0x0021,0x0021,0x0021,0x0021,0x0021,0x0021,0x0021,0x0021,0x0021,0x0021,
},
{0x0021,0x0021,0x0021,0x0021,0x0021,0x0021,0x0021,0x0021,0x0021,0x0021,0x0021,0x0021,0x0021,0x0021,0x0021,0x0021,
0x0021,0x0021,0x0021,0x0021,0x0021,0x0021,0x0021,0x0021,0x0021,0x0021,0x0021,0x0021,0x0021,0x0021,0x0021,0x0021,
0x0021,0x0021,0x0021,0x0021,0x0021,0x0021,0x0021,0x0021,0x0021,0x0021,0x0021,0x0021,0x0021,0x0021,0x0021,0x0021,
0x0021,0x0021,0x0021,0x0021,0x0021,0x0021,0x0021,0x0021,0x0021,0x0021,0x0021,0x0021,0x0021,0x0021,0x0021,0x0021,
0x0021,0x0021,0x0021,0x0021,0x0021,0x0021,0x0021,0x0021,0x0021,0x0021,0x0021,0x0021,0x0021,0x0021,0x0021,0x0021,
0x0021,0x0021,0x0021,0x0021,0x0021,0x0021,0x0021,0x0021,0x0021,0x0021,0x0021,0x0021,0x0021,0x0021,0x0021,0x0021,
0x0021,0x0021,0x0021,0x0021,0x0021,0x0021,0x0021,0x0021,0x0021,0x0021,0x0021,0x0021,0x0021,0x0021,0x0021,0x0021,
0x0021,0x0021,0x0021,0x0021,0x0021,0x0021,0x0021,0x0021,0x0021,0x0021,0x0021,0x0021,0x0021,0x0021,0x0021,0x0021,
0x0021,0x0021,0x0021,0x0021,0x0021,0x0021,0x0021,0x0021,0x0021,0x0021,0x0021,0x0021,0x0021,0x0021,0x0021,0x0021,
0x0021,0x0021,0x0021,0x0021,0x0021,0x0021,0x0021,0x0021,0x0021,0x0021,0x0021,0x0021,0x0021,0x0021,0x0021,0x0021,
0x0021,0x0021,0x0021,0x0021,0x0021,0x0021,0x0021,0x0021,0x0021,0x0021,0x0021,0x0021,0x0021,0x0021,0x0021,0x0021,
0x0021,0x0021,0x0021,0x0021,0x0021,0x0021,0x0021,0x0021,0x0021,0x0021,0x0021,0x0021,0x0021,0x0021,0x0021,0x0021,
0x0021,0x0021,0x0021,0x0021,0x0021,0x0021,0x0021,0x0021,0x0021,0x0021,0x0021,0x0021,0x0021,0x0021,0x0021,0x0021,
0x0021,0x0021,0x0021,0x0021,0x0021,0x0021,0x0021,0x0021,0x0021,0x0021,0x0021,0x0021,0x0021,0x0021,0x0021,0x0021,
0x0021,0x0021,0x0021,0x0021,0x0021,0x0021,0x0021,0x0021,0x0021,0x0021,0x0021,0x0021,0x0021,0x0021,0x0021,0x0021,
0x0021,0x0021,0x0021,0x0021,0x0021,0x0021,0x0021,0x0021,0x0021,0x0021,0x0021,0x0021,0x0021,0x0021,0x0021,0x0021,
0x0021,0x0021,0x0021,0x0021,0x0021,0x0021,0x0021,0x0021,0x0021,0x0021,0x0021,0x0021,0x0021,0x0021,0x0021,0x0021,
0x0021,0x0021,0x0021,0x0021,0x0021,0x0021,0x0021,0x0021,0x0021,0x0021,0x0021,0x0021,0x0021,0x0021,0x0021,0x0021,
0x0021,0x0021,0x0021,0x0021,0x0021,0x0021,0x0021,0x0021,0x0021,0x0021,0x0021,0x0021,0x0021,0x0021,0x0021,0x0021,
0x0021,0x0021,0x0021,0x0021,0x0021,0x0021,0x0021,0x0021,0x0021,0x0021,0x0021,0x0021,0x0021,0x0021,0x0021,0x0021,
0x0021,0x0021,0x0021,0x0021,0x0021,0x0021,0x0021,0x0021,0x0021,0x0021,0x0021,0x0021,0x0021,0x0021,0x0021,0x0021,
0x0021,0x0021,0x0021,0x0021,0x0021,0x0021,0x0021,0x0021,0x0021,0x0021,0x0021,0x0021,0x0021,0x0021,0x0021,0x0021,
0x0021,0x0021,0x0021,0x0021,0x0021,0x0021,0x0021,0x0021,0x0021,0x0021,0x0021,0x0021,0x0021,0x0021,0x0021,0x0021,
0x0021,0x0021,0x0021,0x0021,0x0021,0x0021,0x0021,0x0021,0x0021,0x0021,0x0021,0x0021,0x0021,0x0021,0x0021,0x0021,
0x0021,0x0021,0x0021,0x0021,0x0021,0x0021,0x0021,0x0021,0x0021,0x0021,0x0021,0x0021,0x0021,0x0021,0x0021,0x0021,
0x0021,0x0021,0x0021,0x0021,0x0021,0x0021,0x0021,0x0021,0x0021,0x0021,0x0021,0x0021,0x0021,0x0021,0x0021,0x0021,
0x0021,0x0021,0x0021,0x0021,0x0021,0x0021,0x0021,0x0021,0x0021,0x0021,0x0021,0x0021,0x0021,0x0021,0x0021,0x0021,
0x0021,0x0021,0x0021,0x0021,0x0021,0x0021,0x0021,0x0021,0x0021,0x0021,0x0021,0x0021,0x0021,0x0021,0x0021,0x0021,
0x0021,0x0021,0x0021,0x0021,0x0021,0x0021,0x0021,0x0021,0x0021,0x0021,0x0021,0x0021,0x0021,0x0021,0x0021,0x0021,
0x0021,0x0021,0x0021,0x0021,0x0021,0x0021,0x0021,0x0021,0x0021,0x0021,0x0021,0x0021,0x0021,0x0021,0x0021,0x0021,
0x0021,0x0021,0x0021,0x0021,0x0021,0x0021,0x0021,0x0021,0x0021,0x0021,0x0021,0x0021,0x0021,0x0021,0x0021,0x0021,
0x0021,0x0021,0x0021,0x0021,0x0021,0x0021,0x0021,0x0021,0x0021,0x0021,0x0021,0x0021,0x0021,0x0021,0x0021,0x0021,
},
{0x0021,0x0021,0x0021,0x0021,0x0021,0x0021,0x0021,0x0021,0x0021,0x0021,0x0021,0x0021,0x0021,0x0021,0x0021,0x0021,
0x0021,0x0021,0x0021,0x0021,0x0021,0x0021,0x0021,0x0021,0x0021,0x0021,0x0021,0x0021,0x0021,0x0021,0x0021,0x0021,
0x0021,0x0021,0x0021,0x0021,0x0021,0x0021,0x0021,0x0021,0x0021,0x0021,0x0021,0x0021,0x0021,0x0021,0x0021,0x0021,
0x0021,0x0021,0x0021,0x0021,0x0021,0x0021,0x0021,0x0021,0x0021,0x0021,0x0021,0x0021,0x0021,0x0021,0x0021,0x0021,
0x0021,0x0021,0x0021,0x0021,0x0021,0x0021,0x0021,0x0021,0x0021,0x0021,0x0021,0x0021,0x0021,0x0021,0x0021,0x0021,
0x0021,0x0021,0x0021,0x0021,0x0021,0x0021,0x0021,0x0021,0x0021,0x0021,0x0021,0x0021,0x0021,0x0021,0x0021,0x0021,
0x0021,0x0021,0x0021,0x0021,0x0021,0x0021,0x0021,0x0021,0x0021,0x0021,0x0021,0x0021,0x0021,0x0021,0x0021,0x0021,
0x0021,0x0021,0x0021,0x0021,0x0021,0x0021,0x0021,0x0021,0x0021,0x0021,0x0021,0x0021,0x0021,0x0021,0x0021,0x0021,
0x0021,0x0021,0x0021,0x0021,0x0021,0x0021,0x0021,0x0021,0x0021,0x0021,0x0021,0x0021,0x0021,0x0021,0x0021,0x0021,
0x0021,0x0021,0x0021,0x0021,0x0021,0x0021,0x0021,0x0021,0x0021,0x0021,0x0021,0x0021,0x0021,0x0021,0x0021,0x0021,
0x0021,0x0021,0x0021,0x0021,0x0021,0x0021,0x0021,0x0021,0x0021,0x0021,0x0021,0x0021,0x0021,0x0021,0x0021,0x0021,
0x0021,0x0021,0x0021,0x0021,0x0021,0x0021,0x0021,0x0021,0x0021,0x0021,0x0021,0x0021,0x0021,0x0021,0x0021,0x0021,
0x0021,0x0021,0x0021,0x0021,0x0021,0x0021,0x0021,0x0021,0x0021,0x0021,0x0021,0x0021,0x0021,0x0021,0x0021,0x0021,
0x0021,0x0021,0x0021,0x0021,0x0021,0x0021,0x0021,0x0021,0x0021,0x0021,0x0021,0x0021,0x0021,0x0021,0x0021,0x0021,
0x0021,0x0021,0x0021,0x0021,0x0021,0x0021,0x0021,0x0021,0x0021,0x0021,0x0021,0x0021,0x0021,0x0021,0x0021,0x0021,
0x0021,0x0021,0x0021,0x0021,0x0021,0x0021,0x0021,0x0021,0x0021,0x0021,0x0021,0x0021,0x0021,0x0021,0x0021,0x0021,
0x0021,0x0021,0x0021,0x0021,0x0021,0x0021,0x0021,0x0021,0x0021,0x0021,0x0021,0x0021,0x0021,0x0021,0x0021,0x0021,
0x0021,0x0021,0x0021,0x0021,0x0021,0x0021,0x0021,0x0021,0x0021,0x0021,0x0021,0x0021,0x0021,0x0021,0x0021,0x0021,
0x0021,0x0021,0x0021,0x0021,0x0021,0x0021,0x0021,0x0021,0x0021,0x0021,0x0021,0x0021,0x0021,0x0021,0x0021,0x0021,
0x0021,0x0021,0x0021,0x0021,0x0021,0x0021,0x0021,0x0021,0x0021,0x0021,0x0021,0x0021,0x0021,0x0021,0x0021,0x0021,
0x0021,0x0021,0x0021,0x0021,0x0021,0x0021,0x0021,0x0021,0x0021,0x0021,0x0021,0x0021,0x0021,0x0021,0x0021,0x0021,
0x0021,0x0021,0x0021,0x0021,0x0021,0x0021,0x0021,0x0021,0x0021,0x0021,0x0021,0x0021,0x0021,0x0021,0x0021,0x0021,
0x0021,0x0021,0x0021,0x0021,0x0021,0x0021,0x0021,0x0021,0x0021,0x0021,0x0021,0x0021,0x0021,0x0021,0x0021,0x0021,
0x0021,0x0021,0x0021,0x0021,0x0021,0x0021,0x0021,0x0021,0x0021,0x0021,0x0021,0x0021,0x0021,0x0021,0x0021,0x0021,
0x0021,0x0021,0x0021,0x0021,0x0021,0x0021,0x0021,0x0021,0x0021,0x0021,0x0021,0x0021,0x0021,0x0021,0x0021,0x0021,
0x0021,0x0021,0x0021,0x0021,0x0021,0x0021,0x0021,0x0021,0x0021,0x0021,0x0021,0x0021,0x0021,0x0021,0x0021,0x0021,
0x0021,0x0021,0x0021,0x0021,0x0021,0x0021,0x0021,0x0021,0x0021,0x0021,0x0021,0x0021,0x0021,0x0021,0x0021,0x0021,
0x0021,0x0021,0x0021,0x0021,0x0021,0x0021,0x0021,0x0021,0x0021,0x0021,0x0021,0x0021,0x0021,0x0021,0x0021,0x0021,
0x0021,0x0021,0x0021,0x0021,0x0021,0x0021,0x0021,0x0021,0x0021,0x0021,0x0021,0x0021,0x0021,0x0021,0x0021,0x0021,
0x0021,0x0021,0x0021,0x0021,0x0021,0x0021,0x0021,0x0021,0x0021,0x0021,0x0021,0x0021,0x0021,0x0021,0x0021,0x0021,
0x0021,0x0021,0x0021,0x0021,0x0021,0x0021,0x0021,0x0021,0x0021,0x0021,0x0021,0x0021,0x0021,0x0021,0x0021,0x0021,
0x0021,0x0021,0x0021,0x0021,0x0021,0x0021,0x0021,0x0021,0x0021,0x0021,0x0021,0x0021,0x0021,0x0021,0x0021,0x0021,
},
{0x0021,0x0021,0x0021,0x0021,0x0021,0x0021,0x0021,0x0021,0x0021,0x0021,0x0021,0x0021,0x0021,0x0021,0x0021,0x0021,
0x0021,0x0021,0x0021,0x0021,0x0021,0x0021,0x0021,0x0021,0x0021,0x0021,0x0021,0x0021,0x0021,0x0021,0x0021,0x0021,
0x0021,0x0021,0x0021,0x0021,0x0021,0x0021,0x0021,0x0021,0x0021,0x0021,0x0021,0x0021,0x0021,0x0021,0x0021,0x0021,
0x0021,0x0021,0x0021,0x0021,0x0021,0x0021,0x0021,0x0021,0x0021,0x0021,0x0021,0x0021,0x0021,0x0021,0x0021,0x0021,
0x0021,0x0021,0x0021,0x0021,0x0021,0x0021,0x0021,0x0021,0x0021,0x0021,0x0021,0x0021,0x0021,0x0021,0x0021,0x0021,
0x0021,0x0021,0x0021,0x0021,0x0021,0x0021,0x0021,0x0021,0x0021,0x0021,0x0021,0x0021,0x0021,0x0021,0x0021,0x0021,
0x0021,0x0021,0x0021,0x0021,0x0021,0x0021,0x0021,0x0021,0x0021,0x0021,0x0021,0x0021,0x0021,0x0021,0x0021,0x0021,
0x0021,0x0021,0x0021,0x0021,0x0021,0x0021,0x0021,0x0021,0x0021,0x0021,0x0021,0x0021,0x0021,0x0021,0x0021,0x0021,
0x0021,0x0021,0x0021,0x0021,0x0021,0x0021,0x0021,0x0021,0x0021,0x0021,0x0021,0x0021,0x0021,0x0021,0x0021,0x0021,
0x0021,0x0021,0x0021,0x0021,0x0021,0x0021,0x0021,0x0021,0x0021,0x0021,0x0021,0x0021,0x0021,0x0021,0x0021,0x0021,
0x0021,0x0021,0x0021,0x0021,0x0021,0x0021,0x0021,0x0021,0x0021,0x0021,0x0021,0x0021,0x0021,0x0021,0x0021,0x0021,
0x0021,0x0021,0x0021,0x0021,0x0021,0x0021,0x0021,0x0021,0x0021,0x0021,0x0021,0x0021,0x0021,0x0021,0x0021,0x0021,
0x0021,0x0021,0x0021,0x0021,0x0021,0x0021,0x0021,0x0021,0x0021,0x0021,0x0021,0x0021,0x0021,0x0021,0x0021,0x0021,
0x0021,0x0021,0x0021,0x0021,0x0021,0x0021,0x0021,0x0021,0x0021,0x0021,0x0021,0x0021,0x0021,0x0021,0x0021,0x0021,
0x0021,0x0021,0x0021,0x0021,0x0021,0x0021,0x0021,0x0021,0x0021,0x0021,0x0021,0x0021,0x0021,0x0021,0x0021,0x0021,
0x0021,0x0021,0x0021,0x0021,0x0021,0x0021,0x0021,0x0021,0x0021,0x0021,0x0021,0x0021,0x0021,0x0021,0x0021,0x0021,
0x0021,0x0021,0x0021,0x0021,0x0021,0x0021,0x0021,0x0021,0x0021,0x0021,0x0021,0x0021,0x0021,0x0021,0x0021,0x0021,
0x0021,0x0021,0x0021,0x0021,0x0021,0x0021,0x0021,0x0021,0x0021,0x0021,0x0021,0x0021,0x0021,0x0021,0x0021,0x0021,
0x0021,0x0021,0x0021,0x0021,0x0021,0x0021,0x0021,0x0021,0x0021,0x0021,0x0021,0x0021,0x0021,0x0021,0x0021,0x0021,
0x0021,0x0021,0x0021,0x0021,0x0021,0x0021,0x0021,0x0021,0x0021,0x0021,0x0021,0x0021,0x0021,0x0021,0x0021,0x0021,
0x0021,0x0021,0x0021,0x0021,0x0021,0x0021,0x0021,0x0021,0x0021,0x0021,0x0021,0x0021,0x0021,0x0021,0x0021,0x0021,
0x0021,0x0021,0x0021,0x0021,0x0021,0x0021,0x0021,0x0021,0x0021,0x0021,0x0021,0x0021,0x0021,0x0021,0x0021,0x0021,
0x0021,0x0021,0x0021,0x0021,0x0021,0x0021,0x0021,0x0021,0x0021,0x0021,0x0021,0x0021,0x0021,0x0021,0x0021,0x0021,
0x0021,0x0021,0x0021,0x0021,0x0021,0x0021,0x0021,0x0021,0x0021,0x0021,0x0021,0x0021,0x0021,0x0021,0x0021,0x0021,
0x0021,0x0021,0x0021,0x0021,0x0021,0x0021,0x0021,0x0021,0x0021,0x0021,0x0021,0x0021,0x0021,0x0021,0x0021,0x0021,
0x0021,0x0021,0x0021,0x0021,0x0021,0x0021,0x0021,0x0021,0x0021,0x0021,0x0021,0x0021,0x0021,0x0021,0x0021,0x0021,
0x0021,0x0021,0x0021,0x0021,0x0021,0x0021,0x0021,0x0021,0x0021,0x0021,0x0021,0x0021,0x0021,0x0021,0x0021,0x0021,
0x0021,0x0021,0x0021,0x0021,0x0021,0x0021,0x0021,0x0021,0x0021,0x0021,0x0021,0x0021,0x0021,0x0021,0x0021,0x0021,
0x0021,0x0021,0x0021,0x0021,0x0021,0x0021,0x0021,0x0021,0x0021,0x0021,0x0021,0x0021,0x0021,0x0021,0x0021,0x0021,
0x0021,0x0021,0x0021,0x0021,0x0021,0x0021,0x0021,0x0021,0x0021,0x0021,0x0021,0x0021,0x0021,0x0021,0x0021,0x0021,
0x0021,0x0021,0x0021,0x0021,0x0021,0x0021,0x0021,0x0021,0x0021,0x0021,0x0021,0x0021,0x0021,0x0021,0x0021,0x0021,
0x0021,0x0021,0x0021,0x0021,0x0021,0x0021,0x0021,0x0021,0x0021,0x0021,0x0021,0x0021,0x0021,0x0021,0x0021,0x0021,
},
{0x0021,0x0021,0x0021,0x0021,0x0021,0x0021,0x0021,0x0021,0x0021,0x0021,0x0021,0x0021,0x0021,0x0021,0x0021,0x0021,
0x0021,0x0021,0x0021,0x0021,0x0021,0x0021,0x0021,0x0021,0x0021,0x0021,0x0021,0x0021,0x0021,0x0021,0x0021,0x0021,
0x0021,0x0021,0x0021,0x0021,0x0021,0x0021,0x0021,0x0021,0x0021,0x0021,0x0021,0x0021,0x0021,0x0021,0x0021,0x0021,
0x0021,0x0021,0x0021,0x0021,0x0021,0x0021,0x0021,0x0021,0x0021,0x0021,0x0021,0x0021,0x0021,0x0021,0x0021,0x0021,
0x0021,0x0021,0x0021,0x0021,0x0021,0x0021,0x0021,0x0021,0x0021,0x0021,0x0021,0x0021,0x0021,0x0021,0x0021,0x0021,
0x0021,0x0021,0x0021,0x0021,0x0021,0x0021,0x0021,0x0021,0x0021,0x0021,0x0021,0x0021,0x0021,0x0021,0x0021,0x0021,
0x0021,0x0021,0x0021,0x0021,0x0021,0x0021,0x0021,0x0021,0x0021,0x0021,0x0021,0x0021,0x0021,0x0021,0x0021,0x0021,
0x0021,0x0021,0x0021,0x0021,0x0021,0x0021,0x0021,0x0021,0x0021,0x0021,0x0021,0x0021,0x0021,0x0021,0x0021,0x0021,
0x0021,0x0021,0x0021,0x0021,0x0021,0x0021,0x0021,0x0021,0x0021,0x0021,0x0021,0x0021,0x0021,0x0021,0x0021,0x0021,
0x0021,0x0021,0x0021,0x0021,0x0021,0x0021,0x0021,0x0021,0x0021,0x0021,0x0021,0x0021,0x0021,0x0021,0x0021,0x0021,
0x0021,0x0021,0x0021,0x0021,0x0021,0x0021,0x0021,0x0021,0x0021,0x0021,0x0021,0x0021,0x0021,0x0021,0x0021,0x0021,
0x0021,0x0021,0x0021,0x0021,0x0021,0x0021,0x0021,0x0021,0x0021,0x0021,0x0021,0x0021,0x0021,0x0021,0x0021,0x0021,
0x0021,0x0021,0x0021,0x0021,0x0021,0x0021,0x0021,0x0021,0x0021,0x0021,0x0021,0x0021,0x0021,0x0021,0x0021,0x0021,
0x0021,0x0021,0x0021,0x0021,0x0021,0x0021,0x0021,0x0021,0x0021,0x0021,0x0021,0x0021,0x0021,0x0021,0x0021,0x0021,
0x0021,0x0021,0x0021,0x0021,0x0021,0x0021,0x0021,0x0021,0x0021,0x0021,0x0021,0x0021,0x0021,0x0021,0x0021,0x0021,
0x0021,0x0021,0x0021,0x0021,0x0021,0x0021,0x0021,0x0021,0x0021,0x0021,0x0021,0x0021,0x0021,0x0021,0x0021,0x0021,
0x0021,0x0021,0x0021,0x0021,0x0021,0x0021,0x0021,0x0021,0x0021,0x0021,0x0021,0x0021,0x0021,0x0021,0x0021,0x0021,
0x0021,0x0021,0x0021,0x0021,0x0021,0x0021,0x0021,0x0021,0x0021,0x0021,0x0021,0x0021,0x0021,0x0021,0x0021,0x0021,
0x0021,0x0021,0x0021,0x0021,0x0021,0x0021,0x0021,0x0021,0x0021,0x0021,0x0021,0x0021,0x0021,0x0021,0x0021,0x0021,
0x0021,0x0021,0x0021,0x0021,0x0021,0x0021,0x0021,0x0021,0x0021,0x0021,0x0021,0x0021,0x0021,0x0021,0x0021,0x0021,
0x0021,0x0021,0x0021,0x0021,0x0021,0x0021,0x0021,0x0021,0x0021,0x0021,0x0021,0x0021,0x0021,0x0021,0x0021,0x0021,
0x0021,0x0021,0x0021,0x0021,0x0021,0x0021,0x0021,0x0021,0x0021,0x0021,0x0021,0x0021,0x0021,0x0021,0x0021,0x0021,
0x0021,0x0021,0x0021,0x0021,0x0021,0x0021,0x0021,0x0021,0x0021,0x0021,0x0021,0x0021,0x0021,0x0021,0x0021,0x0021,
0x0021,0x0021,0x0021,0x0021,0x0021,0x0021,0x0021,0x0021,0x0021,0x0021,0x0021,0x0021,0x0021,0x0021,0x0021,0x0021,
0x0021,0x0021,0x0021,0x0021,0x0021,0x0021,0x0021,0x0021,0x0021,0x0021,0x0021,0x0021,0x0021,0x0021,0x0021,0x0021,
0x0021,0x0021,0x0021,0x0021,0x0021,0x0021,0x0021,0x0021,0x0021,0x0021,0x0021,0x0021,0x0021,0x0021,0x0021,0x0021,
0x0021,0x0021,0x0021,0x0021,0x0021,0x0021,0x0021,0x0021,0x0021,0x0021,0x0021,0x0021,0x0021,0x0021,0x0021,0x0021,
0x0021,0x0021,0x0021,0x0021,0x0021,0x0021,0x0021,0x0021,0x0021,0x0021,0x0021,0x0021,0x0021,0x0021,0x0021,0x0021,
0x0021,0x0021,0x0021,0x0021,0x0021,0x0021,0x0021,0x0021,0x0021,0x0021,0x0021,0x0021,0x0021,0x0021,0x0021,0x0021,
0x0021,0x0021,0x0021,0x0021,0x0021,0x0021,0x0021,0x0021,0x0021,0x0021,0x0021,0x0021,0x0021,0x0021,0x0021,0x0021,
0x0021,0x0021,0x0021,0x0021,0x0021,0x0021,0x0021,0x0021,0x0021,0x0021,0x0021,0x0021,0x0021,0x0021,0x0021,0x0021,
0x0021,0x0021,0x0021,0x0021,0x0021,0x0021,0x0021,0x0021,0x0021,0x0021,0x0021,0x0021,0x0021,0x0021,0x0021,0x0021,
},
{0x0021,0x0021,0x0021,0x0021,0x0021,0x0021,0x0021,0x0021,0x0021,0x0021,0x0021,0x0021,0x0021,0x0021,0x0021,0x0021,
0x0021,0x0021,0x0021,0x0021,0x0021,0x0021,0x0021,0x0021,0x0021,0x0021,0x0021,0x0021,0x0021,0x0021,0x0021,0x0021,
0x0021,0x0021,0x0021,0x0021,0x0021,0x0021,0x0021,0x0021,0x0021,0x0021,0x0021,0x0021,0x0021,0x0021,0x0021,0x0021,
0x0021,0x0021,0x0021,0x0021,0x0021,0x0021,0x0021,0x0021,0x0021,0x0021,0x0021,0x0021,0x0021,0x0021,0x0021,0x0021,
0x0021,0x0021,0x0021,0x0021,0x0021,0x0021,0x0021,0x0021,0x0021,0x0021,0x0021,0x0021,0x0021,0x0021,0x0021,0x0021,
0x0021,0x0021,0x0021,0x0021,0x0021,0x0021,0x0021,0x0021,0x0021,0x0021,0x0021,0x0021,0x0021,0x0021,0x0021,0x0021,
0x0021,0x0021,0x0021,0x0021,0x0021,0x0021,0x0021,0x0021,0x0021,0x0021,0x0021,0x0021,0x0021,0x0021,0x0021,0x0021,
0x0021,0x0021,0x0021,0x0021,0x0021,0x0021,0x0021,0x0021,0x0021,0x0021,0x0021,0x0021,0x0021,0x0021,0x0021,0x0021,
0x0021,0x0021,0x0021,0x0021,0x0021,0x0021,0x0021,0x0021,0x0021,0x0021,0x0021,0x0021,0x0021,0x0021,0x0021,0x0021,
0x0021,0x0021,0x0021,0x0021,0x0021,0x0021,0x0021,0x0021,0x0021,0x0021,0x0021,0x0021,0x0021,0x0021,0x0021,0x0021,
0x0021,0x0021,0x0021,0x0021,0x0021,0x0021,0x0021,0x0021,0x0021,0x0021,0x0021,0x0021,0x0021,0x0021,0x0021,0x0021,
0x0021,0x0021,0x0021,0x0021,0x0021,0x0021,0x0021,0x0021,0x0021,0x0021,0x0021,0x0021,0x0021,0x0021,0x0021,0x0021,
0x0021,0x0021,0x0021,0x0021,0x0021,0x0021,0x0021,0x0021,0x0021,0x0021,0x0021,0x0021,0x0021,0x0021,0x0021,0x0021,
0x0021,0x0021,0x0021,0x0021,0x0021,0x0021,0x0021,0x0021,0x0021,0x0021,0x0021,0x0021,0x0021,0x0021,0x0021,0x0021,
0x0021,0x0021,0x0021,0x0021,0x0021,0x0021,0x0021,0x0021,0x0021,0x0021,0x0021,0x0021,0x0021,0x0021,0x0021,0x0021,
0x0021,0x0021,0x0021,0x0021,0x0021,0x0021,0x0021,0x0021,0x0021,0x0021,0x0021,0x0021,0x0021,0x0021,0x0021,0x0021,
0x0021,0x0021,0x0021,0x0021,0x0021,0x0021,0x0021,0x0021,0x0021,0x0021,0x0021,0x0021,0x0021,0x0021,0x0021,0x0021,
0x0021,0x0021,0x0021,0x0021,0x0021,0x0021,0x0021,0x0021,0x0021,0x0021,0x0021,0x0021,0x0021,0x0021,0x0021,0x0021,
0x0021,0x0021,0x0021,0x0021,0x0021,0x0021,0x0021,0x0021,0x0021,0x0021,0x0021,0x0021,0x0021,0x0021,0x0021,0x0021,
0x0021,0x0021,0x0021,0x0021,0x0021,0x0021,0x0021,0x0021,0x0021,0x0021,0x0021,0x0021,0x0021,0x0021,0x0021,0x0021,
0x0021,0x0021,0x0021,0x0021,0x0021,0x0021,0x0021,0x0021,0x0021,0x0021,0x0021,0x0021,0x0021,0x0021,0x0021,0x0021,
0x0021,0x0021,0x0021,0x0021,0x0021,0x0021,0x0021,0x0021,0x0021,0x0021,0x0021,0x0021,0x0021,0x0021,0x0021,0x0021,
0x0021,0x0021,0x0021,0x0021,0x0021,0x0021,0x0021,0x0021,0x0021,0x0021,0x0021,0x0021,0x0021,0x0021,0x0021,0x0021,
0x0021,0x0021,0x0021,0x0021,0x0021,0x0021,0x0021,0x0021,0x0021,0x0021,0x0021,0x0021,0x0021,0x0021,0x0021,0x0021,
0x0021,0x0021,0x0021,0x0021,0x0021,0x0021,0x0021,0x0021,0x0021,0x0021,0x0021,0x0021,0x0021,0x0021,0x0021,0x0021,
0x0021,0x0021,0x0021,0x0021,0x0021,0x0021,0x0021,0x0021,0x0021,0x0021,0x0021,0x0021,0x0021,0x0021,0x0021,0x0021,
0x0021,0x0021,0x0021,0x0021,0x0021,0x0021,0x0021,0x0021,0x0021,0x0021,0x0021,0x0021,0x0021,0x0021,0x0021,0x0021,
0x0021,0x0021,0x0021,0x0021,0x0021,0x0021,0x0021,0x0021,0x0021,0x0021,0x0021,0x0021,0x0021,0x0021,0x0021,0x0021,
0x0021,0x0021,0x0021,0x0021,0x0021,0x0021,0x0021,0x0021,0x0021,0x0021,0x0021,0x0021,0x0021,0x0021,0x0021,0x0021,
0x0021,0x0021,0x0021,0x0021,0x0021,0x0021,0x0021,0x0021,0x0021,0x0021,0x0021,0x0021,0x0021,0x0021,0x0021,0x0021,
0x0021,0x0021,0x0021,0x0021,0x0021,0x0021,0x0021,0x0021,0x0021,0x0021,0x0021,0x0021,0x0021,0x0021,0x0021,0x0021,
0x0021,0x0021,0x0021,0x0021,0x0021,0x0021,0x0021,0x0021,0x0021,0x0021,0x0021,0x0021,0x0021,0x0021,0x0021,0x0021,
},
{0x0021,0x0021,0x0021,0x0021,0x0021,0x0021,0x0021,0x0021,0x0021,0x0021,0x0021,0x0021,0x0021,0x0021,0x0021,0x0021,
0x0021,0x0021,0x0021,0x0021,0x0021,0x0021,0x0021,0x0021,0x0021,0x0021,0x0021,0x0021,0x0021,0x0021,0x0021,0x0021,
0x0021,0x0021,0x0021,0x0021,0x0021,0x0021,0x0021,0x0021,0x0021,0x0021,0x0021,0x0021,0x0021,0x0021,0x0021,0x0021,
0x0021,0x0021,0x0021,0x0021,0x0021,0x0021,0x0021,0x0021,0x0021,0x0021,0x0021,0x0021,0x0021,0x0021,0x0021,0x0021,
0x0021,0x0021,0x0021,0x0021,0x0021,0x0021,0x0021,0x0021,0x0021,0x0021,0x0021,0x0021,0x0021,0x0021,0x0021,0x0021,
0x0021,0x0021,0x0021,0x0021,0x0021,0x0021,0x0021,0x0021,0x0021,0x0021,0x0021,0x0021,0x0021,0x0021,0x0021,0x0021,
0x0021,0x0021,0x0021,0x0021,0x0021,0x0021,0x0021,0x0021,0x0021,0x0021,0x0021,0x0021,0x0021,0x0021,0x0021,0x0021,
0x0021,0x0021,0x0021,0x0021,0x0021,0x0021,0x0021,0x0021,0x0021,0x0021,0x0021,0x0021,0x0021,0x0021,0x0021,0x0021,
0x0021,0x0021,0x0021,0x0021,0x0021,0x0021,0x0021,0x0021,0x0021,0x0021,0x0021,0x0021,0x0021,0x0021,0x0021,0x0021,
0x0021,0x0021,0x0021,0x0021,0x0021,0x0021,0x0021,0x0021,0x0021,0x0021,0x0021,0x0021,0x0021,0x0021,0x0021,0x0021,
0x0021,0x0021,0x0021,0x0021,0x0021,0x0021,0x0021,0x0021,0x0021,0x0021,0x0021,0x0021,0x0021,0x0021,0x0021,0x0021,
0x0021,0x0021,0x0021,0x0021,0x0021,0x0021,0x0021,0x0021,0x0021,0x0021,0x0021,0x0021,0x0021,0x0021,0x0021,0x0021,
0x0021,0x0021,0x0021,0x0021,0x0021,0x0021,0x0021,0x0021,0x0021,0x0021,0x0021,0x0021,0x0021,0x0021,0x0021,0x0021,
0x0021,0x0021,0x0021,0x0021,0x0021,0x0021,0x0021,0x0021,0x0021,0x0021,0x0021,0x0021,0x0021,0x0021,0x0021,0x0021,
0x0021,0x0021,0x0021,0x0021,0x0021,0x0021,0x0021,0x0021,0x0021,0x0021,0x0021,0x0021,0x0021,0x0021,0x0021,0x0021,
0x0021,0x0021,0x0021,0x0021,0x0021,0x0021,0x0021,0x0021,0x0021,0x0021,0x0021,0x0021,0x0021,0x0021,0x0021,0x0021,
0x0021,0x0021,0x0021,0x0021,0x0021,0x0021,0x0021,0x0021,0x0021,0x0021,0x0021,0x0021,0x0021,0x0021,0x0021,0x0021,
0x0021,0x0021,0x0021,0x0021,0x0021,0x0021,0x0021,0x0021,0x0021,0x0021,0x0021,0x0021,0x0021,0x0021,0x0021,0x0021,
0x0021,0x0021,0x0021,0x0021,0x0021,0x0021,0x0021,0x0021,0x0021,0x0021,0x0021,0x0021,0x0021,0x0021,0x0021,0x0021,
0x0021,0x0021,0x0021,0x0021,0x0021,0x0021,0x0021,0x0021,0x0021,0x0021,0x0021,0x0021,0x0021,0x0021,0x0021,0x0021,
0x0021,0x0021,0x0021,0x0021,0x0021,0x0021,0x0021,0x0021,0x0021,0x0021,0x0021,0x0021,0x0021,0x0021,0x0021,0x0021,
0x0021,0x0021,0x0021,0x0021,0x0021,0x0021,0x0021,0x0021,0x0021,0x0021,0x0021,0x0021,0x0021,0x0021,0x0021,0x0021,
0x0021,0x0021,0x0021,0x0021,0x0021,0x0021,0x0021,0x0021,0x0021,0x0021,0x0021,0x0021,0x0021,0x0021,0x0021,0x0021,
0x0021,0x0021,0x0021,0x0021,0x0021,0x0021,0x0021,0x0021,0x0021,0x0021,0x0021,0x0021,0x0021,0x0021,0x0021,0x0021,
0x0021,0x0021,0x0021,0x0021,0x0021,0x0021,0x0021,0x0021,0x0021,0x0021,0x0021,0x0021,0x0021,0x0021,0x0021,0x0021,
0x0021,0x0021,0x0021,0x0021,0x0021,0x0021,0x0021,0x0021,0x0021,0x0021,0x0021,0x0021,0x0021,0x0021,0x0021,0x0021,
0x0021,0x0021,0x0021,0x0021,0x0021,0x0021,0x0021,0x0021,0x0021,0x0021,0x0021,0x0021,0x0021,0x0021,0x0021,0x0021,
0x0021,0x0021,0x0021,0x0021,0x0021,0x0021,0x0021,0x0021,0x0021,0x0021,0x0021,0x0021,0x0021,0x0021,0x0021,0x0021,
0x0021,0x0021,0x0021,0x0021,0x0021,0x0021,0x0021,0x0021,0x0021,0x0021,0x0021,0x0021,0x0021,0x0021,0x0021,0x0021,
0x0021,0x0021,0x0021,0x0021,0x0021,0x0021,0x0021,0x0021,0x0021,0x0021,0x0021,0x0021,0x0021,0x0021,0x0021,0x0021,
0x0021,0x0021,0x0021,0x0021,0x0021,0x0021,0x0021,0x0021,0x0021,0x0021,0x0021,0x0021,0x0021,0x0021,0x0021,0x0021,
0x0021,0x0021,0x0021,0x0021,0x0021,0x0021,0x0021,0x0021,0x0021,0x0021,0x0021,0x0021,0x0021,0x0021,0x0021,0x0021,
},
{0x0021,0x0021,0x0021,0x0021,0x0021,0x0021,0x0021,0x0021,0x0021,0x0021,0x0021,0x0021,0x0021,0x0021,0x0021,0x0021,
0x0021,0x0021,0x0021,0x0021,0x0021,0x0021,0x0021,0x0021,0x0021,0x0021,0x0021,0x0021,0x0021,0x0021,0x0021,0x0021,
0x0021,0x0021,0x0021,0x0021,0x0021,0x0021,0x0021,0x0021,0x0021,0x0021,0x0021,0x0021,0x0021,0x0021,0x0021,0x0021,
0x0021,0x0021,0x0021,0x0021,0x0021,0x0021,0x0021,0x0021,0x0021,0x0021,0x0021,0x0021,0x0021,0x0021,0x0021,0x0021,
0x0021,0x0021,0x0021,0x0021,0x0021,0x0021,0x0021,0x0021,0x0021,0x0021,0x0021,0x0021,0x0021,0x0021,0x0021,0x0021,
0x0021,0x0021,0x0021,0x0021,0x0021,0x0021,0x0021,0x0021,0x0021,0x0021,0x0021,0x0021,0x0021,0x0021,0x0021,0x0021,
0x0021,0x0021,0x0021,0x0021,0x0021,0x0021,0x0021,0x0021,0x0021,0x0021,0x0021,0x0021,0x0021,0x0021,0x0021,0x0021,
0x0021,0x0021,0x0021,0x0021,0x0021,0x0021,0x0021,0x0021,0x0021,0x0021,0x0021,0x0021,0x0021,0x0021,0x0021,0x0021,
0x0021,0x0021,0x0021,0x0021,0x0021,0x0021,0x0021,0x0021,0x0021,0x0021,0x0021,0x0021,0x0021,0x0021,0x0021,0x0021,
0x0021,0x0021,0x0021,0x0021,0x0021,0x0021,0x0021,0x0021,0x0021,0x0021,0x0021,0x0021,0x0021,0x0021,0x0021,0x0021,
0x0021,0x0021,0x0021,0x0021,0x0021,0x0021,0x0021,0x0021,0x0021,0x0021,0x0021,0x0021,0x0021,0x0021,0x0021,0x0021,
0x0021,0x0021,0x0021,0x0021,0x0021,0x0021,0x0021,0x0021,0x0021,0x0021,0x0021,0x0021,0x0021,0x0021,0x0021,0x0021,
0x0021,0x0021,0x0021,0x0021,0x0021,0x0021,0x0021,0x0021,0x0021,0x0021,0x0021,0x0021,0x0021,0x0021,0x0021,0x0021,
0x0021,0x0021,0x0021,0x0021,0x0021,0x0021,0x0021,0x0021,0x0021,0x0021,0x0021,0x0021,0x0021,0x0021,0x0021,0x0021,
0x0021,0x0021,0x0021,0x0021,0x0021,0x0021,0x0021,0x0021,0x0021,0x0021,0x0021,0x0021,0x0021,0x0021,0x0021,0x0021,
0x0021,0x0021,0x0021,0x0021,0x0021,0x0021,0x0021,0x0021,0x0021,0x0021,0x0021,0x0021,0x0021,0x0021,0x0021,0x0021,
0x0021,0x0021,0x0021,0x0021,0x0021,0x0021,0x0021,0x0021,0x0021,0x0021,0x0021,0x0021,0x0021,0x0021,0x0021,0x0021,
0x0021,0x0021,0x0021,0x0021,0x0021,0x0021,0x0021,0x0021,0x0021,0x0021,0x0021,0x0021,0x0021,0x0021,0x0021,0x0021,
0x0021,0x0021,0x0021,0x0021,0x0021,0x0021,0x0021,0x0021,0x0021,0x0021,0x0021,0x0021,0x0021,0x0021,0x0021,0x0021,
0x0021,0x0021,0x0021,0x0021,0x0021,0x0021,0x0021,0x0021,0x0021,0x0021,0x0021,0x0021,0x0021,0x0021,0x0021,0x0021,
0x0021,0x0021,0x0021,0x0021,0x0021,0x0021,0x0021,0x0021,0x0021,0x0021,0x0021,0x0021,0x0021,0x0021,0x0021,0x0021,
0x0021,0x0021,0x0021,0x0021,0x0021,0x0021,0x0021,0x0021,0x0021,0x0021,0x0021,0x0021,0x0021,0x0021,0x0021,0x0021,
0x0021,0x0021,0x0021,0x0021,0x0021,0x0021,0x0021,0x0021,0x0021,0x0021,0x0021,0x0021,0x0021,0x0021,0x0021,0x0021,
0x0021,0x0021,0x0021,0x0021,0x0021,0x0021,0x0021,0x0021,0x0021,0x0021,0x0021,0x0021,0x0021,0x0021,0x0021,0x0021,
0x0021,0x0021,0x0021,0x0021,0x0021,0x0021,0x0021,0x0021,0x0021,0x0021,0x0021,0x0021,0x0021,0x0021,0x0021,0x0021,
0x0021,0x0021,0x0021,0x0021,0x0021,0x0021,0x0021,0x0021,0x0021,0x0021,0x0021,0x0021,0x0021,0x0021,0x0021,0x0021,
0x0021,0x0021,0x0021,0x0021,0x0021,0x0021,0x0021,0x0021,0x0021,0x0021,0x0021,0x0021,0x0021,0x0021,0x0021,0x0021,
0x0021,0x0021,0x0021,0x0021,0x0021,0x0021,0x0021,0x0021,0x0021,0x0021,0x0021,0x0021,0x0021,0x0021,0x0021,0x0021,
0x0021,0x0021,0x0021,0x0021,0x0021,0x0021,0x0021,0x0021,0x0021,0x0021,0x0021,0x0021,0x0021,0x0021,0x0021,0x0021,
0x0021,0x0021,0x0021,0x0021,0x0021,0x0021,0x0021,0x0021,0x0021,0x0021,0x0021,0x0021,0x0021,0x0021,0x0021,0x0021,
0x0021,0x0021,0x0021,0x0021,0x0021,0x0021,0x0021,0x0021,0x0021,0x0021,0x0021,0x0021,0x0021,0x0021,0x0021,0x0021,
0x0021,0x0021,0x0021,0x0021,0x0021,0x0021,0x0021,0x0021,0x0021,0x0021,0x0021,0x0021,0x0021,0x0021,0x0021,0x0021,
},
{0x0021,0x0021,0x0021,0x0021,0x0021,0x0021,0x0021,0x0021,0x0021,0x0021,0x0021,0x0021,0x0021,0x0021,0x0021,0x0021,
0x0021,0x0021,0x0021,0x0021,0x0021,0x0021,0x0021,0x0021,0x0021,0x0021,0x0021,0x0021,0x0021,0x0021,0x0021,0x0021,
0x0021,0x0021,0x0021,0x0021,0x0021,0x0021,0x0021,0x0021,0x0021,0x0021,0x0021,0x0021,0x0021,0x0021,0x0021,0x0021,
0x0021,0x0021,0x0021,0x0021,0x0021,0x0021,0x0021,0x0021,0x0021,0x0021,0x0021,0x0021,0x0021,0x0021,0x0021,0x0021,
0x0021,0x0021,0x0021,0x0021,0x0021,0x0021,0x0021,0x0021,0x0021,0x0021,0x0021,0x0021,0x0021,0x0021,0x0021,0x0021,
0x0021,0x0021,0x0021,0x0021,0x0021,0x0021,0x0021,0x0021,0x0021,0x0021,0x0021,0x0021,0x0021,0x0021,0x0021,0x0021,
0x0021,0x0021,0x0021,0x0021,0x0021,0x0021,0x0021,0x0021,0x0021,0x0021,0x0021,0x0021,0x0021,0x0021,0x0021,0x0021,
0x0021,0x0021,0x0021,0x0021,0x0021,0x0021,0x0021,0x0021,0x0021,0x0021,0x0021,0x0021,0x0021,0x0021,0x0021,0x0021,
0x0021,0x0021,0x0021,0x0021,0x0021,0x0021,0x0021,0x0021,0x0021,0x0021,0x0021,0x0021,0x0021,0x0021,0x0021,0x0021,
0x0021,0x0021,0x0021,0x0021,0x0021,0x0021,0x0021,0x0021,0x0021,0x0021,0x0021,0x0021,0x0021,0x0021,0x0021,0x0021,
0x0021,0x0021,0x0021,0x0021,0x0021,0x0021,0x0021,0x0021,0x0021,0x0021,0x0021,0x0021,0x0021,0x0021,0x0021,0x0021,
0x0021,0x0021,0x0021,0x0021,0x0021,0x0021,0x0021,0x0021,0x0021,0x0021,0x0021,0x0021,0x0021,0x0021,0x0021,0x0021,
0x0021,0x0021,0x0021,0x0021,0x0021,0x0021,0x0021,0x0021,0x0021,0x0021,0x0021,0x0021,0x0021,0x0021,0x0021,0x0021,
0x0021,0x0021,0x0021,0x0021,0x0021,0x0021,0x0021,0x0021,0x0021,0x0021,0x0021,0x0021,0x0021,0x0021,0x0021,0x0021,
0x0021,0x0021,0x0021,0x0021,0x0021,0x0021,0x0021,0x0021,0x0021,0x0021,0x0021,0x0021,0x0021,0x0021,0x0021,0x0021,
0x0021,0x0021,0x0021,0x0021,0x0021,0x0021,0x0021,0x0021,0x0021,0x0021,0x0021,0x0021,0x0021,0x0021,0x0021,0x0021,
0x0021,0x0021,0x0021,0x0021,0x0021,0x0021,0x0021,0x0021,0x0021,0x0021,0x0021,0x0021,0x0021,0x0021,0x0021,0x0021,
0x0021,0x0021,0x0021,0x0021,0x0021,0x0021,0x0021,0x0021,0x0021,0x0021,0x0021,0x0021,0x0021,0x0021,0x0021,0x0021,
0x0021,0x0021,0x0021,0x0021,0x0021,0x0021,0x0021,0x0021,0x0021,0x0021,0x0021,0x0021,0x0021,0x0021,0x0021,0x0021,
0x0021,0x0021,0x0021,0x0021,0x0021,0x0021,0x0021,0x0021,0x0021,0x0021,0x0021,0x0021,0x0021,0x0021,0x0021,0x0021,
0x0021,0x0021,0x0021,0x0021,0x0021,0x0021,0x0021,0x0021,0x0021,0x0021,0x0021,0x0021,0x0021,0x0021,0x0021,0x0021,
0x0021,0x0021,0x0021,0x0021,0x0021,0x0021,0x0021,0x0021,0x0021,0x0021,0x0021,0x0021,0x0021,0x0021,0x0021,0x0021,
0x0021,0x0021,0x0021,0x0021,0x0021,0x0021,0x0021,0x0021,0x0021,0x0021,0x0021,0x0021,0x0021,0x0021,0x0021,0x0021,
0x0021,0x0021,0x0021,0x0021,0x0021,0x0021,0x0021,0x0021,0x0021,0x0021,0x0021,0x0021,0x0021,0x0021,0x0021,0x0021,
0x0021,0x0021,0x0021,0x0021,0x0021,0x0021,0x0021,0x0021,0x0021,0x0021,0x0021,0x0021,0x0021,0x0021,0x0021,0x0021,
0x0021,0x0021,0x0021,0x0021,0x0021,0x0021,0x0021,0x0021,0x0021,0x0021,0x0021,0x0021,0x0021,0x0021,0x0021,0x0021,
0x0021,0x0021,0x0021,0x0021,0x0021,0x0021,0x0021,0x0021,0x0021,0x0021,0x0021,0x0021,0x0021,0x0021,0x0021,0x0021,
0x0021,0x0021,0x0021,0x0021,0x0021,0x0021,0x0021,0x0021,0x0021,0x0021,0x0021,0x0021,0x0021,0x0021,0x0021,0x0021,
0x0021,0x0021,0x0021,0x0021,0x0021,0x0021,0x0021,0x0021,0x0021,0x0021,0x0021,0x0021,0x0021,0x0021,0x0021,0x0021,
0x0021,0x0021,0x0021,0x0021,0x0021,0x0021,0x0021,0x0021,0x0021,0x0021,0x0021,0x0021,0x0021,0x0021,0x0021,0x0021,
0x0021,0x0021,0x0021,0x0021,0x0021,0x0021,0x0021,0x0021,0x0021,0x0021,0x0021,0x0021,0x0021,0x0021,0x0021,0x0021,
0x0021,0x0021,0x0021,0x0021,0x0021,0x0021,0x0021,0x0021,0x0021,0x0021,0x0021,0x0021,0x0021,0x0021,0x0021,0x0021,
},
{0x0021,0x0021,0x0021,0x0021,0x0021,0x0021,0x0021,0x0021,0x0021,0x0021,0x0021,0x0021,0x0021,0x0021,0x0021,0x0021,
0x0021,0x0021,0x0021,0x0021,0x0021,0x0021,0x0021,0x0021,0x0021,0x0021,0x0021,0x0021,0x0021,0x0021,0x0021,0x0021,
0x0021,0x0021,0x0021,0x0021,0x0021,0x0021,0x0021,0x0021,0x0021,0x0021,0x0021,0x0021,0x0021,0x0021,0x0021,0x0021,
0x0021,0x0021,0x0021,0x0021,0x0021,0x0021,0x0021,0x0021,0x0021,0x0021,0x0021,0x0021,0x0021,0x0021,0x0021,0x0021,
0x0021,0x0021,0x0021,0x0021,0x0021,0x0021,0x0021,0x0021,0x0021,0x0021,0x0021,0x0021,0x0021,0x0021,0x0021,0x0021,
0x0021,0x0021,0x0021,0x0021,0x0021,0x0021,0x0021,0x0021,0x0021,0x0021,0x0021,0x0021,0x0021,0x0021,0x0021,0x0021,
0x0021,0x0021,0x0021,0x0021,0x0021,0x0021,0x0021,0x0021,0x0021,0x0021,0x0021,0x0021,0x0021,0x0021,0x0021,0x0021,
0x0021,0x0021,0x0021,0x0021,0x0021,0x0021,0x0021,0x0021,0x0021,0x0021,0x0021,0x0021,0x0021,0x0021,0x0021,0x0021,
0x0021,0x0021,0x0021,0x0021,0x0021,0x0021,0x0021,0x0021,0x0021,0x0021,0x0021,0x0021,0x0021,0x0021,0x0021,0x0021,
0x0021,0x0021,0x0021,0x0021,0x0021,0x0021,0x0021,0x0021,0x0021,0x0021,0x0021,0x0021,0x0021,0x0021,0x0021,0x0021,
0x0021,0x0021,0x0021,0x0021,0x0021,0x0021,0x0021,0x0021,0x0021,0x0021,0x0021,0x0021,0x0021,0x0021,0x0021,0x0021,
0x0021,0x0021,0x0021,0x0021,0x0021,0x0021,0x0021,0x0021,0x0021,0x0021,0x0021,0x0021,0x0021,0x0021,0x0021,0x0021,
0x0021,0x0021,0x0021,0x0021,0x0021,0x0021,0x0021,0x0021,0x0021,0x0021,0x0021,0x0021,0x0021,0x0021,0x0021,0x0021,
0x0021,0x0021,0x0021,0x0021,0x0021,0x0021,0x0021,0x0021,0x0021,0x0021,0x0021,0x0021,0x0021,0x0021,0x0021,0x0021,
0x0021,0x0021,0x0021,0x0021,0x0021,0x0021,0x0021,0x0021,0x0021,0x0021,0x0021,0x0021,0x0021,0x0021,0x0021,0x0021,
0x0021,0x0021,0x0021,0x0021,0x0021,0x0021,0x0021,0x0021,0x0021,0x0021,0x0021,0x0021,0x0021,0x0021,0x0021,0x0021,
0x0021,0x0021,0x0021,0x0021,0x0021,0x0021,0x0021,0x0021,0x0021,0x0021,0x0021,0x0021,0x0021,0x0021,0x0021,0x0021,
0x0021,0x0021,0x0021,0x0021,0x0021,0x0021,0x0021,0x0021,0x0021,0x0021,0x0021,0x0021,0x0021,0x0021,0x0021,0x0021,
0x0021,0x0021,0x0021,0x0021,0x0021,0x0021,0x0021,0x0021,0x0021,0x0021,0x0021,0x0021,0x0021,0x0021,0x0021,0x0021,
0x0021,0x0021,0x0021,0x0021,0x0021,0x0021,0x0021,0x0021,0x0021,0x0021,0x0021,0x0021,0x0021,0x0021,0x0021,0x0021,
0x0021,0x0021,0x0021,0x0021,0x0021,0x0021,0x0021,0x0021,0x0021,0x0021,0x0021,0x0021,0x0021,0x0021,0x0021,0x0021,
0x0021,0x0021,0x0021,0x0021,0x0021,0x0021,0x0021,0x0021,0x0021,0x0021,0x0021,0x0021,0x0021,0x0021,0x0021,0x0021,
0x0021,0x0021,0x0021,0x0021,0x0021,0x0021,0x0021,0x0021,0x0021,0x0021,0x0021,0x0021,0x0021,0x0021,0x0021,0x0021,
0x0021,0x0021,0x0021,0x0021,0x0021,0x0021,0x0021,0x0021,0x0021,0x0021,0x0021,0x0021,0x0021,0x0021,0x0021,0x0021,
0x0021,0x0021,0x0021,0x0021,0x0021,0x0021,0x0021,0x0021,0x0021,0x0021,0x0021,0x0021,0x0021,0x0021,0x0021,0x0021,
0x0021,0x0021,0x0021,0x0021,0x0021,0x0021,0x0021,0x0021,0x0021,0x0021,0x0021,0x0021,0x0021,0x0021,0x0021,0x0021,
0x0021,0x0021,0x0021,0x0021,0x0021,0x0021,0x0021,0x0021,0x0021,0x0021,0x0021,0x0021,0x0021,0x0021,0x0021,0x0021,
0x0021,0x0021,0x0021,0x0021,0x0021,0x0021,0x0021,0x0021,0x0021,0x0021,0x0021,0x0021,0x0021,0x0021,0x0021,0x0021,
0x0021,0x0021,0x0021,0x0021,0x0021,0x0021,0x0021,0x0021,0x0021,0x0021,0x0021,0x0021,0x0021,0x0021,0x0021,0x0021,
0x0021,0x0021,0x0021,0x0021,0x0021,0x0021,0x0021,0x0021,0x0021,0x0021,0x0021,0x0021,0x0021,0x0021,0x0021,0x0021,
0x0021,0x0021,0x0021,0x0021,0x0021,0x0021,0x0021,0x0021,0x0021,0x0021,0x0021,0x0021,0x0021,0x0021,0x0021,0x0021,
0x0021,0x0021,0x0021,0x0021,0x0021,0x0021,0x0021,0x0021,0x0021,0x0021,0x0021,0x0021,0x0021,0x0021,0x0021,0x0021,
},
{0x0021,0x0021,0x0021,0x0021,0x0021,0x0021,0x0021,0x0021,0x0021,0x0021,0x0021,0x0021,0x0021,0x0021,0x0021,0x0021,
0x0021,0x0021,0x0021,0x0021,0x0021,0x0021,0x0021,0x0021,0x0021,0x0021,0x0021,0x0021,0x0021,0x0021,0x0021,0x0021,
0x0021,0x0021,0x0021,0x0021,0x0021,0x0021,0x0021,0x0021,0x0021,0x0021,0x0021,0x0021,0x0021,0x0021,0x0021,0x0021,
0x0021,0x0021,0x0021,0x0021,0x0021,0x0021,0x0021,0x0021,0x0021,0x0021,0x0021,0x0021,0x0021,0x0021,0x0021,0x0021,
0x0021,0x0021,0x0021,0x0021,0x0021,0x0021,0x0021,0x0021,0x0021,0x0021,0x0021,0x0021,0x0021,0x0021,0x0021,0x0021,
0x0021,0x0021,0x0021,0x0021,0x0021,0x0021,0x0021,0x0021,0x0021,0x0021,0x0021,0x0021,0x0021,0x0021,0x0021,0x0021,
0x0021,0x0021,0x0021,0x0021,0x0021,0x0021,0x0021,0x0021,0x0021,0x0021,0x0021,0x0021,0x0021,0x0021,0x0021,0x0021,
0x0021,0x0021,0x0021,0x0021,0x0021,0x0021,0x0021,0x0021,0x0021,0x0021,0x0021,0x0021,0x0021,0x0021,0x0021,0x0021,
0x0021,0x0021,0x0021,0x0021,0x0021,0x0021,0x0021,0x0021,0x0021,0x0021,0x0021,0x0021,0x0021,0x0021,0x0021,0x0021,
0x0021,0x0021,0x0021,0x0021,0x0021,0x0021,0x0021,0x0021,0x0021,0x0021,0x0021,0x0021,0x0021,0x0021,0x0021,0x0021,
0x0021,0x0021,0x0021,0x0021,0x0021,0x0021,0x0021,0x0021,0x0021,0x0021,0x0021,0x0021,0x0021,0x0021,0x0021,0x0021,
0x0021,0x0021,0x0021,0x0021,0x0021,0x0021,0x0021,0x0021,0x0021,0x0021,0x0021,0x0021,0x0021,0x0021,0x0021,0x0021,
0x0021,0x0021,0x0021,0x0021,0x0021,0x0021,0x0021,0x0021,0x0021,0x0021,0x0021,0x0021,0x0021,0x0021,0x0021,0x0021,
0x0021,0x0021,0x0021,0x0021,0x0021,0x0021,0x0021,0x0021,0x0021,0x0021,0x0021,0x0021,0x0021,0x0021,0x0021,0x0021,
0x0021,0x0021,0x0021,0x0021,0x0021,0x0021,0x0021,0x0021,0x0021,0x0021,0x0021,0x0021,0x0021,0x0021,0x0021,0x0021,
0x0021,0x0021,0x0021,0x0021,0x0021,0x0021,0x0021,0x0021,0x0021,0x0021,0x0021,0x0021,0x0021,0x0021,0x0021,0x0021,
0x0021,0x0021,0x0021,0x0021,0x0021,0x0021,0x0021,0x0021,0x0021,0x0021,0x0021,0x0021,0x0021,0x0021,0x0021,0x0021,
0x0021,0x0021,0x0021,0x0021,0x0021,0x0021,0x0021,0x0021,0x0021,0x0021,0x0021,0x0021,0x0021,0x0021,0x0021,0x0021,
0x0021,0x0021,0x0021,0x0021,0x0021,0x0021,0x0021,0x0021,0x0021,0x0021,0x0021,0x0021,0x0021,0x0021,0x0021,0x0021,
0x0021,0x0021,0x0021,0x0021,0x0021,0x0021,0x0021,0x0021,0x0021,0x0021,0x0021,0x0021,0x0021,0x0021,0x0021,0x0021,
0x0021,0x0021,0x0021,0x0021,0x0021,0x0021,0x0021,0x0021,0x0021,0x0021,0x0021,0x0021,0x0021,0x0021,0x0021,0x0021,
0x0021,0x0021,0x0021,0x0021,0x0021,0x0021,0x0021,0x0021,0x0021,0x0021,0x0021,0x0021,0x0021,0x0021,0x0021,0x0021,
0x0021,0x0021,0x0021,0x0021,0x0021,0x0021,0x0021,0x0021,0x0021,0x0021,0x0021,0x0021,0x0021,0x0021,0x0021,0x0021,
0x0021,0x0021,0x0021,0x0021,0x0021,0x0021,0x0021,0x0021,0x0021,0x0021,0x0021,0x0021,0x0021,0x0021,0x0021,0x0021,
0x0021,0x0021,0x0021,0x0021,0x0021,0x0021,0x0021,0x0021,0x0021,0x0021,0x0021,0x0021,0x0021,0x0021,0x0021,0x0021,
0x0021,0x0021,0x0021,0x0021,0x0021,0x0021,0x0021,0x0021,0x0021,0x0021,0x0021,0x0021,0x0021,0x0021,0x0021,0x0021,
0x0021,0x0021,0x0021,0x0021,0x0021,0x0021,0x0021,0x0021,0x0021,0x0021,0x0021,0x0021,0x0021,0x0021,0x0021,0x0021,
0x0021,0x0021,0x0021,0x0021,0x0021,0x0021,0x0021,0x0021,0x0021,0x0021,0x0021,0x0021,0x0021,0x0021,0x0021,0x0021,
0x0021,0x0021,0x0021,0x0021,0x0021,0x0021,0x0021,0x0021,0x0021,0x0021,0x0021,0x0021,0x0021,0x0021,0x0021,0x0021,
0x0021,0x0021,0x0021,0x0021,0x0021,0x0021,0x0021,0x0021,0x0021,0x0021,0x0021,0x0021,0x0021,0x0021,0x0021,0x0021,
0x0021,0x0021,0x0021,0x0021,0x0021,0x0021,0x0021,0x0021,0x0021,0x0021,0x0021,0x0021,0x0021,0x0021,0x0021,0x0021,
0x0021,0x0021,0x0021,0x0021,0x0021,0x0021,0x0021,0x0021,0x0021,0x0021,0x0021,0x0021,0x0021,0x0021,0x0021,0x0021,
},
{0x0021,0x0021,0x0021,0x0021,0x0021,0x0021,0x0021,0x0021,0x0021,0x0021,0x0021,0x0021,0x0021,0x0021,0x0021,0x0021,
0x0021,0x0021,0x0021,0x0021,0x0021,0x0021,0x0021,0x0021,0x0021,0x0021,0x0021,0x0021,0x0021,0x0021,0x0021,0x0021,
0x0021,0x0021,0x0021,0x0021,0x0021,0x0021,0x0021,0x0021,0x0021,0x0021,0x0021,0x0021,0x0021,0x0021,0x0021,0x0021,
0x0021,0x0021,0x0021,0x0021,0x0021,0x0021,0x0021,0x0021,0x0021,0x0021,0x0021,0x0021,0x0021,0x0021,0x0021,0x0021,
0x0021,0x0021,0x0021,0x0021,0x0021,0x0021,0x0021,0x0021,0x0021,0x0021,0x0021,0x0021,0x0021,0x0021,0x0021,0x0021,
0x0021,0x0021,0x0021,0x0021,0x0021,0x0021,0x0021,0x0021,0x0021,0x0021,0x0021,0x0021,0x0021,0x0021,0x0021,0x0021,
0x0021,0x0021,0x0021,0x0021,0x0021,0x0021,0x0021,0x0021,0x0021,0x0021,0x0021,0x0021,0x0021,0x0021,0x0021,0x0021,
0x0021,0x0021,0x0021,0x0021,0x0021,0x0021,0x0021,0x0021,0x0021,0x0021,0x0021,0x0021,0x0021,0x0021,0x0021,0x0021,
0x0021,0x0021,0x0021,0x0021,0x0021,0x0021,0x0021,0x0021,0x0021,0x0021,0x0021,0x0021,0x0021,0x0021,0x0021,0x0021,
0x0021,0x0021,0x0021,0x0021,0x0021,0x0021,0x0021,0x0021,0x0021,0x0021,0x0021,0x0021,0x0021,0x0021,0x0021,0x0021,
0x0021,0x0021,0x0021,0x0021,0x0021,0x0021,0x0021,0x0021,0x0021,0x0021,0x0021,0x0021,0x0021,0x0021,0x0021,0x0021,
0x0021,0x0021,0x0021,0x0021,0x0021,0x0021,0x0021,0x0021,0x0021,0x0021,0x0021,0x0021,0x0021,0x0021,0x0021,0x0021,
0x0021,0x0021,0x0021,0x0021,0x0021,0x0021,0x0021,0x0021,0x0021,0x0021,0x0021,0x0021,0x0021,0x0021,0x0021,0x0021,
0x0021,0x0021,0x0021,0x0021,0x0021,0x0021,0x0021,0x0021,0x0021,0x0021,0x0021,0x0021,0x0021,0x0021,0x0021,0x0021,
0x0021,0x0021,0x0021,0x0021,0x0021,0x0021,0x0021,0x0021,0x0021,0x0021,0x0021,0x0021,0x0021,0x0021,0x0021,0x0021,
0x0021,0x0021,0x0021,0x0021,0x0021,0x0021,0x0021,0x0021,0x0021,0x0021,0x0021,0x0021,0x0021,0x0021,0x0021,0x0021,
0x0021,0x0021,0x0021,0x0021,0x0021,0x0021,0x0021,0x0021,0x0021,0x0021,0x0021,0x0021,0x0021,0x0021,0x0021,0x0021,
0x0021,0x0021,0x0021,0x0021,0x0021,0x0021,0x0021,0x0021,0x0021,0x0021,0x0021,0x0021,0x0021,0x0021,0x0021,0x0021,
0x0021,0x0021,0x0021,0x0021,0x0021,0x0021,0x0021,0x0021,0x0021,0x0021,0x0021,0x0021,0x0021,0x0021,0x0021,0x0021,
0x0021,0x0021,0x0021,0x0021,0x0021,0x0021,0x0021,0x0021,0x0021,0x0021,0x0021,0x0021,0x0021,0x0021,0x0021,0x0021,
0x0021,0x0021,0x0021,0x0021,0x0021,0x0021,0x0021,0x0021,0x0021,0x0021,0x0021,0x0021,0x0021,0x0021,0x0021,0x0021,
0x0021,0x0021,0x0021,0x0021,0x0021,0x0021,0x0021,0x0021,0x0021,0x0021,0x0021,0x0021,0x0021,0x0021,0x0021,0x0021,
0x0021,0x0021,0x0021,0x0021,0x0021,0x0021,0x0021,0x0021,0x0021,0x0021,0x0021,0x0021,0x0021,0x0021,0x0021,0x0021,
0x0021,0x0021,0x0021,0x0021,0x0021,0x0021,0x0021,0x0021,0x0021,0x0021,0x0021,0x0021,0x0021,0x0021,0x0021,0x0021,
0x0021,0x0021,0x0021,0x0021,0x0021,0x0021,0x0021,0x0021,0x0021,0x0021,0x0021,0x0021,0x0021,0x0021,0x0021,0x0021,
0x0021,0x0021,0x0021,0x0021,0x0021,0x0021,0x0021,0x0021,0x0021,0x0021,0x0021,0x0021,0x0021,0x0021,0x0021,0x0021,
0x0021,0x0021,0x0021,0x0021,0x0021,0x0021,0x0021,0x0021,0x0021,0x0021,0x0021,0x0021,0x0021,0x0021,0x0021,0x0021,
0x0021,0x0021,0x0021,0x0021,0x0021,0x0021,0x0021,0x0021,0x0021,0x0021,0x0021,0x0021,0x0021,0x0021,0x0021,0x0021,
0x0021,0x0021,0x0021,0x0021,0x0021,0x0021,0x0021,0x0021,0x0021,0x0021,0x0021,0x0021,0x0021,0x0021,0x0021,0x0021,
0x0021,0x0021,0x0021,0x0021,0x0021,0x0021,0x0021,0x0021,0x0021,0x0021,0x0021,0x0021,0x0021,0x0021,0x0021,0x0021,
0x0021,0x0021,0x0021,0x0021,0x0021,0x0021,0x0021,0x0021,0x0021,0x0021,0x0021,0x0021,0x0021,0x0021,0x0021,0x0021,
0x0021,0x0021,0x0021,0x0021,0x0021,0x0021,0x0021,0x0021,0x0021,0x0021,0x0021,0x0021,0x0021,0x0021,0x0021,0x0021,
},
{0x0021,0x0021,0x0021,0x0021,0x0021,0x0021,0x0021,0x0021,0x0021,0x0021,0x0021,0x0021,0x0021,0x0021,0x0021,0x0021,
0x0021,0x0021,0x0021,0x0021,0x0021,0x0021,0x0021,0x0021,0x0021,0x0021,0x0021,0x0021,0x0021,0x0021,0x0021,0x0021,
0x0021,0x0021,0x0021,0x0021,0x0021,0x0021,0x0021,0x0021,0x0021,0x0021,0x0021,0x0021,0x0021,0x0021,0x0021,0x0021,
0x0021,0x0021,0x0021,0x0021,0x0021,0x0021,0x0021,0x0021,0x0021,0x0021,0x0021,0x0021,0x0021,0x0021,0x0021,0x0021,
0x0021,0x0021,0x0021,0x0021,0x0021,0x0021,0x0021,0x0021,0x0021,0x0021,0x0021,0x0021,0x0021,0x0021,0x0021,0x0021,
0x0021,0x0021,0x0021,0x0021,0x0021,0x0021,0x0021,0x0021,0x0021,0x0021,0x0021,0x0021,0x0021,0x0021,0x0021,0x0021,
0x0021,0x0021,0x0021,0x0021,0x0021,0x0021,0x0021,0x0021,0x0021,0x0021,0x0021,0x0021,0x0021,0x0021,0x0021,0x0021,
0x0021,0x0021,0x0021,0x0021,0x0021,0x0021,0x0021,0x0021,0x0021,0x0021,0x0021,0x0021,0x0021,0x0021,0x0021,0x0021,
0x0021,0x0021,0x0021,0x0021,0x0021,0x0021,0x0021,0x0021,0x0021,0x0021,0x0021,0x0021,0x0021,0x0021,0x0021,0x0021,
0x0021,0x0021,0x0021,0x0021,0x0021,0x0021,0x0021,0x0021,0x0021,0x0021,0x0021,0x0021,0x0021,0x0021,0x0021,0x0021,
0x0021,0x0021,0x0021,0x0021,0x0021,0x0021,0x0021,0x0021,0x0021,0x0021,0x0021,0x0021,0x0021,0x0021,0x0021,0x0021,
0x0021,0x0021,0x0021,0x0021,0x0021,0x0021,0x0021,0x0021,0x0021,0x0021,0x0021,0x0021,0x0021,0x0021,0x0021,0x0021,
0x0021,0x0021,0x0021,0x0021,0x0021,0x0021,0x0021,0x0021,0x0021,0x0021,0x0021,0x0021,0x0021,0x0021,0x0021,0x0021,
0x0021,0x0021,0x0021,0x0021,0x0021,0x0021,0x0021,0x0021,0x0021,0x0021,0x0021,0x0021,0x0021,0x0021,0x0021,0x0021,
0x0021,0x0021,0x0021,0x0021,0x0021,0x0021,0x0021,0x0021,0x0021,0x0021,0x0021,0x0021,0x0021,0x0021,0x0021,0x0021,
0x0021,0x0021,0x0021,0x0021,0x0021,0x0021,0x0021,0x0021,0x0021,0x0021,0x0021,0x0021,0x0021,0x0021,0x0021,0x0021,
0x0021,0x0021,0x0021,0x0021,0x0021,0x0021,0x0021,0x0021,0x0021,0x0021,0x0021,0x0021,0x0021,0x0021,0x0021,0x0021,
0x0021,0x0021,0x0021,0x0021,0x0021,0x0021,0x0021,0x0021,0x0021,0x0021,0x0021,0x0021,0x0021,0x0021,0x0021,0x0021,
0x0021,0x0021,0x0021,0x0021,0x0021,0x0021,0x0021,0x0021,0x0021,0x0021,0x0021,0x0021,0x0021,0x0021,0x0021,0x0021,
0x0021,0x0021,0x0021,0x0021,0x0021,0x0021,0x0021,0x0021,0x0021,0x0021,0x0021,0x0021,0x0021,0x0021,0x0021,0x0021,
0x0021,0x0021,0x0021,0x0021,0x0021,0x0021,0x0021,0x0021,0x0021,0x0021,0x0021,0x0021,0x0021,0x0021,0x0021,0x0021,
0x0021,0x0021,0x0021,0x0021,0x0021,0x0021,0x0021,0x0021,0x0021,0x0021,0x0021,0x0021,0x0021,0x0021,0x0021,0x0021,
0x0021,0x0021,0x0021,0x0021,0x0021,0x0021,0x0021,0x0021,0x0021,0x0021,0x0021,0x0021,0x0021,0x0021,0x0021,0x0021,
0x0021,0x0021,0x0021,0x0021,0x0021,0x0021,0x0021,0x0021,0x0021,0x0021,0x0021,0x0021,0x0021,0x0021,0x0021,0x0021,
0x0021,0x0021,0x0021,0x0021,0x0021,0x0021,0x0021,0x0021,0x0021,0x0021,0x0021,0x0021,0x0021,0x0021,0x0021,0x0021,
0x0021,0x0021,0x0021,0x0021,0x0021,0x0021,0x0021,0x0021,0x0021,0x0021,0x0021,0x0021,0x0021,0x0021,0x0021,0x0021,
0x0021,0x0021,0x0021,0x0021,0x0021,0x0021,0x0021,0x0021,0x0021,0x0021,0x0021,0x0021,0x0021,0x0021,0x0021,0x0021,
0x0021,0x0021,0x0021,0x0021,0x0021,0x0021,0x0021,0x0021,0x0021,0x0021,0x0021,0x0021,0x0021,0x0021,0x0021,0x0021,
0x0021,0x0021,0x0021,0x0021,0x0021,0x0021,0x0021,0x0021,0x0021,0x0021,0x0021,0x0021,0x0021,0x0021,0x0021,0x0021,
0x0021,0x0021,0x0021,0x0021,0x0021,0x0021,0x0021,0x0021,0x0021,0x0021,0x0021,0x0021,0x0021,0x0021,0x0021,0x0021,
0x0021,0x0021,0x0021,0x0021,0x0021,0x0021,0x0021,0x0021,0x0021,0x0021,0x0021,0x0021,0x0021,0x0021,0x0021,0x0021,
0x0021,0x0021,0x0021,0x0021,0x0021,0x0021,0x0021,0x0021,0x0021,0x0021,0x0021,0x0021,0x0021,0x0021,0x0021,0x0021,
},
{0x0021,0x0021,0x0021,0x0021,0x0021,0x0021,0x0021,0x0021,0x0021,0x0021,0x0021,0x0021,0x0021,0x0021,0x0021,0x0021,
0x0021,0x0021,0x0021,0x0021,0x0021,0x0021,0x0021,0x0021,0x0021,0x0021,0x0021,0x0021,0x0021,0x0021,0x0021,0x0021,
0x0021,0x0021,0x0021,0x0021,0x0021,0x0021,0x0021,0x0021,0x0021,0x0021,0x0021,0x0021,0x0021,0x0021,0x0021,0x0021,
0x0021,0x0021,0x0021,0x0021,0x0021,0x0021,0x0021,0x0021,0x0021,0x0021,0x0021,0x0021,0x0021,0x0021,0x0021,0x0021,
0x0021,0x0021,0x0021,0x0021,0x0021,0x0021,0x0021,0x0021,0x0021,0x0021,0x0021,0x0021,0x0021,0x0021,0x0021,0x0021,
0x0021,0x0021,0x0021,0x0021,0x0021,0x0021,0x0021,0x0021,0x0021,0x0021,0x0021,0x0021,0x0021,0x0021,0x0021,0x0021,
0x0021,0x0021,0x0021,0x0021,0x0021,0x0021,0x0021,0x0021,0x0021,0x0021,0x0021,0x0021,0x0021,0x0021,0x0021,0x0021,
0x0021,0x0021,0x0021,0x0021,0x0021,0x0021,0x0021,0x0021,0x0021,0x0021,0x0021,0x0021,0x0021,0x0021,0x0021,0x0021,
0x0021,0x0021,0x0021,0x0021,0x0021,0x0021,0x0021,0x0021,0x0021,0x0021,0x0021,0x0021,0x0021,0x0021,0x0021,0x0021,
0x0021,0x0021,0x0021,0x0021,0x0021,0x0021,0x0021,0x0021,0x0021,0x0021,0x0021,0x0021,0x0021,0x0021,0x0021,0x0021,
0x0021,0x0021,0x0021,0x0021,0x0021,0x0021,0x0021,0x0021,0x0021,0x0021,0x0021,0x0021,0x0021,0x0021,0x0021,0x0021,
0x0021,0x0021,0x0021,0x0021,0x0021,0x0021,0x0021,0x0021,0x0021,0x0021,0x0021,0x0021,0x0021,0x0021,0x0021,0x0021,
0x0021,0x0021,0x0021,0x0021,0x0021,0x0021,0x0021,0x0021,0x0021,0x0021,0x0021,0x0021,0x0021,0x0021,0x0021,0x0021,
0x0021,0x0021,0x0021,0x0021,0x0021,0x0021,0x0021,0x0021,0x0021,0x0021,0x0021,0x0021,0x0021,0x0021,0x0021,0x0021,
0x0021,0x0021,0x0021,0x0021,0x0021,0x0021,0x0021,0x0021,0x0021,0x0021,0x0021,0x0021,0x0021,0x0021,0x0021,0x0021,
0x0021,0x0021,0x0021,0x0021,0x0021,0x0021,0x0021,0x0021,0x0021,0x0021,0x0021,0x0021,0x0021,0x0021,0x0021,0x0021,
0x0021,0x0021,0x0021,0x0021,0x0021,0x0021,0x0021,0x0021,0x0021,0x0021,0x0021,0x0021,0x0021,0x0021,0x0021,0x0021,
0x0021,0x0021,0x0021,0x0021,0x0021,0x0021,0x0021,0x0021,0x0021,0x0021,0x0021,0x0021,0x0021,0x0021,0x0021,0x0021,
0x0021,0x0021,0x0021,0x0021,0x0021,0x0021,0x0021,0x0021,0x0021,0x0021,0x0021,0x0021,0x0021,0x0021,0x0021,0x0021,
0x0021,0x0021,0x0021,0x0021,0x0021,0x0021,0x0021,0x0021,0x0021,0x0021,0x0021,0x0021,0x0021,0x0021,0x0021,0x0021,
0x0021,0x0021,0x0021,0x0021,0x0021,0x0021,0x0021,0x0021,0x0021,0x0021,0x0021,0x0021,0x0021,0x0021,0x0021,0x0021,
0x0021,0x0021,0x0021,0x0021,0x0021,0x0021,0x0021,0x0021,0x0021,0x0021,0x0021,0x0021,0x0021,0x0021,0x0021,0x0021,
0x0021,0x0021,0x0021,0x0021,0x0021,0x0021,0x0021,0x0021,0x0021,0x0021,0x0021,0x0021,0x0021,0x0021,0x0021,0x0021,
0x0021,0x0021,0x0021,0x0021,0x0021,0x0021,0x0021,0x0021,0x0021,0x0021,0x0021,0x0021,0x0021,0x0021,0x0021,0x0021,
0x0021,0x0021,0x0021,0x0021,0x0021,0x0021,0x0021,0x0021,0x0021,0x0021,0x0021,0x0021,0x0021,0x0021,0x0021,0x0021,
0x0021,0x0021,0x0021,0x0021,0x0021,0x0021,0x0021,0x0021,0x0021,0x0021,0x0021,0x0021,0x0021,0x0021,0x0021,0x0021,
0x0021,0x0021,0x0021,0x0021,0x0021,0x0021,0x0021,0x0021,0x0021,0x0021,0x0021,0x0021,0x0021,0x0021,0x0021,0x0021,
0x0021,0x0021,0x0021,0x0021,0x0021,0x0021,0x0021,0x0021,0x0021,0x0021,0x0021,0x0021,0x0021,0x0021,0x0021,0x0021,
0x0021,0x0021,0x0021,0x0021,0x0021,0x0021,0x0021,0x0021,0x0021,0x0021,0x0021,0x0021,0x0021,0x0021,0x0021,0x0021,
0x0021,0x0021,0x0021,0x0021,0x0021,0x0021,0x0021,0x0021,0x0021,0x0021,0x0021,0x0021,0x0021,0x0021,0x0021,0x0021,
0x0021,0x0021,0x0021,0x0021,0x0021,0x0021,0x0021,0x0021,0x0021,0x0021,0x0021,0x0021,0x0021,0x0021,0x0021,0x0021,
0x0021,0x0021,0x0021,0x0021,0x0021,0x0021,0x0021,0x0021,0x0021,0x0021,0x0021,0x0021,0x0021,0x0021,0x0021,0x0021,
},
{0x0021,0x0021,0x0021,0x0021,0x0021,0x0021,0x0021,0x0021,0x0021,0x0021,0x0021,0x0021,0x0021,0x0021,0x0021,0x0021,
0x0021,0x0021,0x0021,0x0021,0x0021,0x0021,0x0021,0x0021,0x0021,0x0021,0x0021,0x0021,0x0021,0x0021,0x0021,0x0021,
0x0021,0x0021,0x0021,0x0021,0x0021,0x0021,0x0021,0x0021,0x0021,0x0021,0x0021,0x0021,0x0021,0x0021,0x0021,0x0021,
0x0021,0x0021,0x0021,0x0021,0x0021,0x0021,0x0021,0x0021,0x0021,0x0021,0x0021,0x0021,0x0021,0x0021,0x0021,0x0021,
0x0021,0x0021,0x0021,0x0021,0x0021,0x0021,0x0021,0x0021,0x0021,0x0021,0x0021,0x0021,0x0021,0x0021,0x0021,0x0021,
0x0021,0x0021,0x0021,0x0021,0x0021,0x0021,0x0021,0x0021,0x0021,0x0021,0x0021,0x0021,0x0021,0x0021,0x0021,0x0021,
0x0021,0x0021,0x0021,0x0021,0x0021,0x0021,0x0021,0x0021,0x0021,0x0021,0x0021,0x0021,0x0021,0x0021,0x0021,0x0021,
0x0021,0x0021,0x0021,0x0021,0x0021,0x0021,0x0021,0x0021,0x0021,0x0021,0x0021,0x0021,0x0021,0x0021,0x0021,0x0021,
0x0021,0x0021,0x0021,0x0021,0x0021,0x0021,0x0021,0x0021,0x0021,0x0021,0x0021,0x0021,0x0021,0x0021,0x0021,0x0021,
0x0021,0x0021,0x0021,0x0021,0x0021,0x0021,0x0021,0x0021,0x0021,0x0021,0x0021,0x0021,0x0021,0x0021,0x0021,0x0021,
0x0021,0x0021,0x0021,0x0021,0x0021,0x0021,0x0021,0x0021,0x0021,0x0021,0x0021,0x0021,0x0021,0x0021,0x0021,0x0021,
0x0021,0x0021,0x0021,0x0021,0x0021,0x0021,0x0021,0x0021,0x0021,0x0021,0x0021,0x0021,0x0021,0x0021,0x0021,0x0021,
0x0021,0x0021,0x0021,0x0021,0x0021,0x0021,0x0021,0x0021,0x0021,0x0021,0x0021,0x0021,0x0021,0x0021,0x0021,0x0021,
0x0021,0x0021,0x0021,0x0021,0x0021,0x0021,0x0021,0x0021,0x0021,0x0021,0x0021,0x0021,0x0021,0x0021,0x0021,0x0021,
0x0021,0x0021,0x0021,0x0021,0x0021,0x0021,0x0021,0x0021,0x0021,0x0021,0x0021,0x0021,0x0021,0x0021,0x0021,0x0021,
0x0021,0x0021,0x0021,0x0021,0x0021,0x0021,0x0021,0x0021,0x0021,0x0021,0x0021,0x0021,0x0021,0x0021,0x0021,0x0021,
0x0021,0x0021,0x0021,0x0021,0x0021,0x0021,0x0021,0x0021,0x0021,0x0021,0x0021,0x0021,0x0021,0x0021,0x0021,0x0021,
0x0021,0x0021,0x0021,0x0021,0x0021,0x0021,0x0021,0x0021,0x0021,0x0021,0x0021,0x0021,0x0021,0x0021,0x0021,0x0021,
0x0021,0x0021,0x0021,0x0021,0x0021,0x0021,0x0021,0x0021,0x0021,0x0021,0x0021,0x0021,0x0021,0x0021,0x0021,0x0021,
0x0021,0x0021,0x0021,0x0021,0x0021,0x0021,0x0021,0x0021,0x0021,0x0021,0x0021,0x0021,0x0021,0x0021,0x0021,0x0021,
0x0021,0x0021,0x0021,0x0021,0x0021,0x0021,0x0021,0x0021,0x0021,0x0021,0x0021,0x0021,0x0021,0x0021,0x0021,0x0021,
0x0021,0x0021,0x0021,0x0021,0x0021,0x0021,0x0021,0x0021,0x0021,0x0021,0x0021,0x0021,0x0021,0x0021,0x0021,0x0021,
0x0021,0x0021,0x0021,0x0021,0x0021,0x0021,0x0021,0x0021,0x0021,0x0021,0x0021,0x0021,0x0021,0x0021,0x0021,0x0021,
0x0021,0x0021,0x0021,0x0021,0x0021,0x0021,0x0021,0x0021,0x0021,0x0021,0x0021,0x0021,0x0021,0x0021,0x0021,0x0021,
0x0021,0x0021,0x0021,0x0021,0x0021,0x0021,0x0021,0x0021,0x0021,0x0021,0x0021,0x0021,0x0021,0x0021,0x0021,0x0021,
0x0021,0x0021,0x0021,0x0021,0x0021,0x0021,0x0021,0x0021,0x0021,0x0021,0x0021,0x0021,0x0021,0x0021,0x0021,0x0021,
0x0021,0x0021,0x0021,0x0021,0x0021,0x0021,0x0021,0x0021,0x0021,0x0021,0x0021,0x0021,0x0021,0x0021,0x0021,0x0021,
0x0021,0x0021,0x0021,0x0021,0x0021,0x0021,0x0021,0x0021,0x0021,0x0021,0x0021,0x0021,0x0021,0x0021,0x0021,0x0021,
0x0021,0x0021,0x0021,0x0021,0x0021,0x0021,0x0021,0x0021,0x0021,0x0021,0x0021,0x0021,0x0021,0x0021,0x0021,0x0021,
0x0021,0x0021,0x0021,0x0021,0x0021,0x0021,0x0021,0x0021,0x0021,0x0021,0x0021,0x0021,0x0021,0x0021,0x0021,0x0021,
0x0021,0x0021,0x0021,0x0021,0x0021,0x0021,0x0021,0x0021,0x0021,0x0021,0x0021,0x0021,0x0021,0x0021,0x0021,0x0021,
0x0021,0x0021,0x0021,0x0021,0x0021,0x0021,0x0021,0x0021,0x0021,0x0021,0x0021,0x0021,0x0021,0x0021,0x0021,0x0021,
},
{0x0021,0x0021,0x0021,0x0021,0x0021,0x0021,0x0021,0x0021,0x0021,0x0021,0x0021,0x0021,0x0021,0x0021,0x0021,0x0021,
0x0021,0x0021,0x0021,0x0021,0x0021,0x0021,0x0021,0x0021,0x0021,0x0021,0x0021,0x0021,0x0021,0x0021,0x0021,0x0021,
0x0021,0x0021,0x0021,0x0021,0x0021,0x0021,0x0021,0x0021,0x0021,0x0021,0x0021,0x0021,0x0021,0x0021,0x0021,0x0021,
0x0021,0x0021,0x0021,0x0021,0x0021,0x0021,0x0021,0x0021,0x0021,0x0021,0x0021,0x0021,0x0021,0x0021,0x0021,0x0021,
0x0021,0x0021,0x0021,0x0021,0x0021,0x0021,0x0021,0x0021,0x0021,0x0021,0x0021,0x0021,0x0021,0x0021,0x0021,0x0021,
0x0021,0x0021,0x0021,0x0021,0x0021,0x0021,0x0021,0x0021,0x0021,0x0021,0x0021,0x0021,0x0021,0x0021,0x0021,0x0021,
0x0021,0x0021,0x0021,0x0021,0x0021,0x0021,0x0021,0x0021,0x0021,0x0021,0x0021,0x0021,0x0021,0x0021,0x0021,0x0021,
0x0021,0x0021,0x0021,0x0021,0x0021,0x0021,0x0021,0x0021,0x0021,0x0021,0x0021,0x0021,0x0021,0x0021,0x0021,0x0021,
0x0021,0x0021,0x0021,0x0021,0x0021,0x0021,0x0021,0x0021,0x0021,0x0021,0x0021,0x0021,0x0021,0x0021,0x0021,0x0021,
0x0021,0x0021,0x0021,0x0021,0x0021,0x0021,0x0021,0x0021,0x0021,0x0021,0x0021,0x0021,0x0021,0x0021,0x0021,0x0021,
0x0021,0x0021,0x0021,0x0021,0x0021,0x0021,0x0021,0x0021,0x0021,0x0021,0x0021,0x0021,0x0021,0x0021,0x0021,0x0021,
0x0021,0x0021,0x0021,0x0021,0x0021,0x0021,0x0021,0x0021,0x0021,0x0021,0x0021,0x0021,0x0021,0x0021,0x0021,0x0021,
0x0021,0x0021,0x0021,0x0021,0x0021,0x0021,0x0021,0x0021,0x0021,0x0021,0x0021,0x0021,0x0021,0x0021,0x0021,0x0021,
0x0021,0x0021,0x0021,0x0021,0x0021,0x0021,0x0021,0x0021,0x0021,0x0021,0x0021,0x0021,0x0021,0x0021,0x0021,0x0021,
0x0021,0x0021,0x0021,0x0021,0x0021,0x0021,0x0021,0x0021,0x0021,0x0021,0x0021,0x0021,0x0021,0x0021,0x0021,0x0021,
0x0021,0x0021,0x0021,0x0021,0x0021,0x0021,0x0021,0x0021,0x0021,0x0021,0x0021,0x0021,0x0021,0x0021,0x0021,0x0021,
0x0021,0x0021,0x0021,0x0021,0x0021,0x0021,0x0021,0x0021,0x0021,0x0021,0x0021,0x0021,0x0021,0x0021,0x0021,0x0021,
0x0021,0x0021,0x0021,0x0021,0x0021,0x0021,0x0021,0x0021,0x0021,0x0021,0x0021,0x0021,0x0021,0x0021,0x0021,0x0021,
0x0021,0x0021,0x0021,0x0021,0x0021,0x0021,0x0021,0x0021,0x0021,0x0021,0x0021,0x0021,0x0021,0x0021,0x0021,0x0021,
0x0021,0x0021,0x0021,0x0021,0x0021,0x0021,0x0021,0x0021,0x0021,0x0021,0x0021,0x0021,0x0021,0x0021,0x0021,0x0021,
0x0021,0x0021,0x0021,0x0021,0x0021,0x0021,0x0021,0x0021,0x0021,0x0021,0x0021,0x0021,0x0021,0x0021,0x0021,0x0021,
0x0021,0x0021,0x0021,0x0021,0x0021,0x0021,0x0021,0x0021,0x0021,0x0021,0x0021,0x0021,0x0021,0x0021,0x0021,0x0021,
0x0021,0x0021,0x0021,0x0021,0x0021,0x0021,0x0021,0x0021,0x0021,0x0021,0x0021,0x0021,0x0021,0x0021,0x0021,0x0021,
0x0021,0x0021,0x0021,0x0021,0x0021,0x0021,0x0021,0x0021,0x0021,0x0021,0x0021,0x0021,0x0021,0x0021,0x0021,0x0021,
0x0021,0x0021,0x0021,0x0021,0x0021,0x0021,0x0021,0x0021,0x0021,0x0021,0x0021,0x0021,0x0021,0x0021,0x0021,0x0021,
0x0021,0x0021,0x0021,0x0021,0x0021,0x0021,0x0021,0x0021,0x0021,0x0021,0x0021,0x0021,0x0021,0x0021,0x0021,0x0021,
0x0021,0x0021,0x0021,0x0021,0x0021,0x0021,0x0021,0x0021,0x0021,0x0021,0x0021,0x0021,0x0021,0x0021,0x0021,0x0021,
0x0021,0x0021,0x0021,0x0021,0x0021,0x0021,0x0021,0x0021,0x0021,0x0021,0x0021,0x0021,0x0021,0x0021,0x0021,0x0021,
0x0021,0x0021,0x0021,0x0021,0x0021,0x0021,0x0021,0x0021,0x0021,0x0021,0x0021,0x0021,0x0021,0x0021,0x0021,0x0021,
0x0021,0x0021,0x0021,0x0021,0x0021,0x0021,0x0021,0x0021,0x0021,0x0021,0x0021,0x0021,0x0021,0x0021,0x0021,0x0021,
0x0021,0x0021,0x0021,0x0021,0x0021,0x0021,0x0021,0x0021,0x0021,0x0021,0x0021,0x0021,0x0021,0x0021,0x0021,0x0021,
0x0021,0x0021,0x0021,0x0021,0x0021,0x0021,0x0021,0x0021,0x0021,0x0021,0x0021,0x0021,0x0021,0x0021,0x0021,0x0021,
},
{0x0021,0x0021,0x0021,0x0021,0x0021,0x0021,0x0021,0x0021,0x0021,0x0021,0x0021,0x0021,0x0021,0x0021,0x0021,0x0021,
0x0021,0x0021,0x0021,0x0021,0x0021,0x0021,0x0021,0x0021,0x0021,0x0021,0x0021,0x0021,0x0021,0x0021,0x0021,0x0021,
0x0021,0x0021,0x0021,0x0021,0x0021,0x0021,0x0021,0x0021,0x0021,0x0021,0x0021,0x0021,0x0021,0x0021,0x0021,0x0021,
0x0021,0x0021,0x0021,0x0021,0x0021,0x0021,0x0021,0x0021,0x0021,0x0021,0x0021,0x0021,0x0021,0x0021,0x0021,0x0021,
0x0021,0x0021,0x0021,0x0021,0x0021,0x0021,0x0021,0x0021,0x0021,0x0021,0x0021,0x0021,0x0021,0x0021,0x0021,0x0021,
0x0021,0x0021,0x0021,0x0021,0x0021,0x0021,0x0021,0x0021,0x0021,0x0021,0x0021,0x0021,0x0021,0x0021,0x0021,0x0021,
0x0021,0x0021,0x0021,0x0021,0x0021,0x0021,0x0021,0x0021,0x0021,0x0021,0x0021,0x0021,0x0021,0x0021,0x0021,0x0021,
0x0021,0x0021,0x0021,0x0021,0x0021,0x0021,0x0021,0x0021,0x0021,0x0021,0x0021,0x0021,0x0021,0x0021,0x0021,0x0021,
0x0021,0x0021,0x0021,0x0021,0x0021,0x0021,0x0021,0x0021,0x0021,0x0021,0x0021,0x0021,0x0021,0x0021,0x0021,0x0021,
0x0021,0x0021,0x0021,0x0021,0x0021,0x0021,0x0021,0x0021,0x0021,0x0021,0x0021,0x0021,0x0021,0x0021,0x0021,0x0021,
0x0021,0x0021,0x0021,0x0021,0x0021,0x0021,0x0021,0x0021,0x0021,0x0021,0x0021,0x0021,0x0021,0x0021,0x0021,0x0021,
0x0021,0x0021,0x0021,0x0021,0x0021,0x0021,0x0021,0x0021,0x0021,0x0021,0x0021,0x0021,0x0021,0x0021,0x0021,0x0021,
0x0021,0x0021,0x0021,0x0021,0x0021,0x0021,0x0021,0x0021,0x0021,0x0021,0x0021,0x0021,0x0021,0x0021,0x0021,0x0021,
0x0021,0x0021,0x0021,0x0021,0x0021,0x0021,0x0021,0x0021,0x0021,0x0021,0x0021,0x0021,0x0021,0x0021,0x0021,0x0021,
0x0021,0x0021,0x0021,0x0021,0x0021,0x0021,0x0021,0x0021,0x0021,0x0021,0x0021,0x0021,0x0021,0x0021,0x0021,0x0021,
0x0021,0x0021,0x0021,0x0021,0x0021,0x0021,0x0021,0x0021,0x0021,0x0021,0x0021,0x0021,0x0021,0x0021,0x0021,0x0021,
0x0021,0x0021,0x0021,0x0021,0x0021,0x0021,0x0021,0x0021,0x0021,0x0021,0x0021,0x0021,0x0021,0x0021,0x0021,0x0021,
0x0021,0x0021,0x0021,0x0021,0x0021,0x0021,0x0021,0x0021,0x0021,0x0021,0x0021,0x0021,0x0021,0x0021,0x0021,0x0021,
0x0021,0x0021,0x0021,0x0021,0x0021,0x0021,0x0021,0x0021,0x0021,0x0021,0x0021,0x0021,0x0021,0x0021,0x0021,0x0021,
0x0021,0x0021,0x0021,0x0021,0x0021,0x0021,0x0021,0x0021,0x0021,0x0021,0x0021,0x0021,0x0021,0x0021,0x0021,0x0021,
0x0021,0x0021,0x0021,0x0021,0x0021,0x0021,0x0021,0x0021,0x0021,0x0021,0x0021,0x0021,0x0021,0x0021,0x0021,0x0021,
0x0021,0x0021,0x0021,0x0021,0x0021,0x0021,0x0021,0x0021,0x0021,0x0021,0x0021,0x0021,0x0021,0x0021,0x0021,0x0021,
0x0021,0x0021,0x0021,0x0021,0x0021,0x0021,0x0021,0x0021,0x0021,0x0021,0x0021,0x0021,0x0021,0x0021,0x0021,0x0021,
0x0021,0x0021,0x0021,0x0021,0x0021,0x0021,0x0021,0x0021,0x0021,0x0021,0x0021,0x0021,0x0021,0x0021,0x0021,0x0021,
0x0021,0x0021,0x0021,0x0021,0x0021,0x0021,0x0021,0x0021,0x0021,0x0021,0x0021,0x0021,0x0021,0x0021,0x0021,0x0021,
0x0021,0x0021,0x0021,0x0021,0x0021,0x0021,0x0021,0x0021,0x0021,0x0021,0x0021,0x0021,0x0021,0x0021,0x0021,0x0021,
0x0021,0x0021,0x0021,0x0021,0x0021,0x0021,0x0021,0x0021,0x0021,0x0021,0x0021,0x0021,0x0021,0x0021,0x0021,0x0021,
0x0021,0x0021,0x0021,0x0021,0x0021,0x0021,0x0021,0x0021,0x0021,0x0021,0x0021,0x0021,0x0021,0x0021,0x0021,0x0021,
0x0021,0x0021,0x0021,0x0021,0x0021,0x0021,0x0021,0x0021,0x0021,0x0021,0x0021,0x0021,0x0021,0x0021,0x0021,0x0021,
0x0021,0x0021,0x0021,0x0021,0x0021,0x0021,0x0021,0x0021,0x0021,0x0021,0x0021,0x0021,0x0021,0x0021,0x0021,0x0021,
0x0021,0x0021,0x0021,0x0021,0x0021,0x0021,0x0021,0x0021,0x0021,0x0021,0x0021,0x0021,0x0021,0x0021,0x0021,0x0021,
0x0021,0x0021,0x0021,0x0021,0x0021,0x0021,0x0021,0x0021,0x0021,0x0021,0x0021,0x0021,0x0021,0x0021,0x0021,0x0021,
},
{0x0021,0x0021,0x0021,0x0021,0x0021,0x0021,0x0021,0x0021,0x0021,0x0021,0x0021,0x0021,0x0021,0x0021,0x0021,0x0021,
0x0021,0x0021,0x0021,0x0021,0x0021,0x0021,0x0021,0x0021,0x0021,0x0021,0x0021,0x0021,0x0021,0x0021,0x0021,0x0021,
0x0021,0x0021,0x0021,0x0021,0x0021,0x0021,0x0021,0x0021,0x0021,0x0021,0x0021,0x0021,0x0021,0x0021,0x0021,0x0021,
0x0021,0x0021,0x0021,0x0021,0x0021,0x0021,0x0021,0x0021,0x0021,0x0021,0x0021,0x0021,0x0021,0x0021,0x0021,0x0021,
0x0021,0x0021,0x0021,0x0021,0x0021,0x0021,0x0021,0x0021,0x0021,0x0021,0x0021,0x0021,0x0021,0x0021,0x0021,0x0021,
0x0021,0x0021,0x0021,0x0021,0x0021,0x0021,0x0021,0x0021,0x0021,0x0021,0x0021,0x0021,0x0021,0x0021,0x0021,0x0021,
0x0021,0x0021,0x0021,0x0021,0x0021,0x0021,0x0021,0x0021,0x0021,0x0021,0x0021,0x0021,0x0021,0x0021,0x0021,0x0021,
0x0021,0x0021,0x0021,0x0021,0x0021,0x0021,0x0021,0x0021,0x0021,0x0021,0x0021,0x0021,0x0021,0x0021,0x0021,0x0021,
0x0021,0x0021,0x0021,0x0021,0x0021,0x0021,0x0021,0x0021,0x0021,0x0021,0x0021,0x0021,0x0021,0x0021,0x0021,0x0021,
0x0021,0x0021,0x0021,0x0021,0x0021,0x0021,0x0021,0x0021,0x0021,0x0021,0x0021,0x0021,0x0021,0x0021,0x0021,0x0021,
0x0021,0x0021,0x0021,0x0021,0x0021,0x0021,0x0021,0x0021,0x0021,0x0021,0x0021,0x0021,0x0021,0x0021,0x0021,0x0021,
0x0021,0x0021,0x0021,0x0021,0x0021,0x0021,0x0021,0x0021,0x0021,0x0021,0x0021,0x0021,0x0021,0x0021,0x0021,0x0021,
0x0021,0x0021,0x0021,0x0021,0x0021,0x0021,0x0021,0x0021,0x0021,0x0021,0x0021,0x0021,0x0021,0x0021,0x0021,0x0021,
0x0021,0x0021,0x0021,0x0021,0x0021,0x0021,0x0021,0x0021,0x0021,0x0021,0x0021,0x0021,0x0021,0x0021,0x0021,0x0021,
0x0021,0x0021,0x0021,0x0021,0x0021,0x0021,0x0021,0x0021,0x0021,0x0021,0x0021,0x0021,0x0021,0x0021,0x0021,0x0021,
0x0021,0x0021,0x0021,0x0021,0x0021,0x0021,0x0021,0x0021,0x0021,0x0021,0x0021,0x0021,0x0021,0x0021,0x0021,0x0021,
0x0021,0x0021,0x0021,0x0021,0x0021,0x0021,0x0021,0x0021,0x0021,0x0021,0x0021,0x0021,0x0021,0x0021,0x0021,0x0021,
0x0021,0x0021,0x0021,0x0021,0x0021,0x0021,0x0021,0x0021,0x0021,0x0021,0x0021,0x0021,0x0021,0x0021,0x0021,0x0021,
0x0021,0x0021,0x0021,0x0021,0x0021,0x0021,0x0021,0x0021,0x0021,0x0021,0x0021,0x0021,0x0021,0x0021,0x0021,0x0021,
0x0021,0x0021,0x0021,0x0021,0x0021,0x0021,0x0021,0x0021,0x0021,0x0021,0x0021,0x0021,0x0021,0x0021,0x0021,0x0021,
0x0021,0x0021,0x0021,0x0021,0x0021,0x0021,0x0021,0x0021,0x0021,0x0021,0x0021,0x0021,0x0021,0x0021,0x0021,0x0021,
0x0021,0x0021,0x0021,0x0021,0x0021,0x0021,0x0021,0x0021,0x0021,0x0021,0x0021,0x0021,0x0021,0x0021,0x0021,0x0021,
0x0021,0x0021,0x0021,0x0021,0x0021,0x0021,0x0021,0x0021,0x0021,0x0021,0x0021,0x0021,0x0021,0x0021,0x0021,0x0021,
0x0021,0x0021,0x0021,0x0021,0x0021,0x0021,0x0021,0x0021,0x0021,0x0021,0x0021,0x0021,0x0021,0x0021,0x0021,0x0021,
0x0021,0x0021,0x0021,0x0021,0x0021,0x0021,0x0021,0x0021,0x0021,0x0021,0x0021,0x0021,0x0021,0x0021,0x0021,0x0021,
0x0021,0x0021,0x0021,0x0021,0x0021,0x0021,0x0021,0x0021,0x0021,0x0021,0x0021,0x0021,0x0021,0x0021,0x0021,0x0021,
0x0021,0x0021,0x0021,0x0021,0x0021,0x0021,0x0021,0x0021,0x0021,0x0021,0x0021,0x0021,0x0021,0x0021,0x0021,0x0021,
0x0021,0x0021,0x0021,0x0021,0x0021,0x0021,0x0021,0x0021,0x0021,0x0021,0x0021,0x0021,0x0021,0x0021,0x0021,0x0021,
0x0021,0x0021,0x0021,0x0021,0x0021,0x0021,0x0021,0x0021,0x0021,0x0021,0x0021,0x0021,0x0021,0x0021,0x0021,0x0021,
0x0021,0x0021,0x0021,0x0021,0x0021,0x0021,0x0021,0x0021,0x0021,0x0021,0x0021,0x0021,0x0021,0x0021,0x0021,0x0021,
0x0021,0x0021,0x0021,0x0021,0x0021,0x0021,0x0021,0x0021,0x0021,0x0021,0x0021,0x0021,0x0021,0x0021,0x0021,0x0021,
0x0021,0x0021,0x0021,0x0021,0x0021,0x0021,0x0021,0x0021,0x0021,0x0021,0x0021,0x0021,0x0021,0x0021,0x0021,0x0021,
},
{0x0021,0x0021,0x0021,0x0021,0x0021,0x0021,0x0021,0x0021,0x0021,0x0021,0x0021,0x0021,0x0021,0x0021,0x0021,0x0021,
0x0021,0x0021,0x0021,0x0021,0x0021,0x0021,0x0021,0x0021,0x0021,0x0021,0x0021,0x0021,0x0021,0x0021,0x0021,0x0021,
0x0021,0x0021,0x0021,0x0021,0x0021,0x0021,0x0021,0x0021,0x0021,0x0021,0x0021,0x0021,0x0021,0x0021,0x0021,0x0021,
0x0021,0x0021,0x0021,0x0021,0x0021,0x0021,0x0021,0x0021,0x0021,0x0021,0x0021,0x0021,0x0021,0x0021,0x0021,0x0021,
0x0021,0x0021,0x0021,0x0021,0x0021,0x0021,0x0021,0x0021,0x0021,0x0021,0x0021,0x0021,0x0021,0x0021,0x0021,0x0021,
0x0021,0x0021,0x0021,0x0021,0x0021,0x0021,0x0021,0x0021,0x0021,0x0021,0x0021,0x0021,0x0021,0x0021,0x0021,0x0021,
0x0021,0x0021,0x0021,0x0021,0x0021,0x0021,0x0021,0x0021,0x0021,0x0021,0x0021,0x0021,0x0021,0x0021,0x0021,0x0021,
0x0021,0x0021,0x0021,0x0021,0x0021,0x0021,0x0021,0x0021,0x0021,0x0021,0x0021,0x0021,0x0021,0x0021,0x0021,0x0021,
0x0021,0x0021,0x0021,0x0021,0x0021,0x0021,0x0021,0x0021,0x0021,0x0021,0x0021,0x0021,0x0021,0x0021,0x0021,0x0021,
0x0021,0x0021,0x0021,0x0021,0x0021,0x0021,0x0021,0x0021,0x0021,0x0021,0x0021,0x0021,0x0021,0x0021,0x0021,0x0021,
0x0021,0x0021,0x0021,0x0021,0x0021,0x0021,0x0021,0x0021,0x0021,0x0021,0x0021,0x0021,0x0021,0x0021,0x0021,0x0021,
0x0021,0x0021,0x0021,0x0021,0x0021,0x0021,0x0021,0x0021,0x0021,0x0021,0x0021,0x0021,0x0021,0x0021,0x0021,0x0021,
0x0021,0x0021,0x0021,0x0021,0x0021,0x0021,0x0021,0x0021,0x0021,0x0021,0x0021,0x0021,0x0021,0x0021,0x0021,0x0021,
0x0021,0x0021,0x0021,0x0021,0x0021,0x0021,0x0021,0x0021,0x0021,0x0021,0x0021,0x0021,0x0021,0x0021,0x0021,0x0021,
0x0021,0x0021,0x0021,0x0021,0x0021,0x0021,0x0021,0x0021,0x0021,0x0021,0x0021,0x0021,0x0021,0x0021,0x0021,0x0021,
0x0021,0x0021,0x0021,0x0021,0x0021,0x0021,0x0021,0x0021,0x0021,0x0021,0x0021,0x0021,0x0021,0x0021,0x0021,0x0021,
0x0021,0x0021,0x0021,0x0021,0x0021,0x0021,0x0021,0x0021,0x0021,0x0021,0x0021,0x0021,0x0021,0x0021,0x0021,0x0021,
0x0021,0x0021,0x0021,0x0021,0x0021,0x0021,0x0021,0x0021,0x0021,0x0021,0x0021,0x0021,0x0021,0x0021,0x0021,0x0021,
0x0021,0x0021,0x0021,0x0021,0x0021,0x0021,0x0021,0x0021,0x0021,0x0021,0x0021,0x0021,0x0021,0x0021,0x0021,0x0021,
0x0021,0x0021,0x0021,0x0021,0x0021,0x0021,0x0021,0x0021,0x0021,0x0021,0x0021,0x0021,0x0021,0x0021,0x0021,0x0021,
0x0021,0x0021,0x0021,0x0021,0x0021,0x0021,0x0021,0x0021,0x0021,0x0021,0x0021,0x0021,0x0021,0x0021,0x0021,0x0021,
0x0021,0x0021,0x0021,0x0021,0x0021,0x0021,0x0021,0x0021,0x0021,0x0021,0x0021,0x0021,0x0021,0x0021,0x0021,0x0021,
0x0021,0x0021,0x0021,0x0021,0x0021,0x0021,0x0021,0x0021,0x0021,0x0021,0x0021,0x0021,0x0021,0x0021,0x0021,0x0021,
0x0021,0x0021,0x0021,0x0021,0x0021,0x0021,0x0021,0x0021,0x0021,0x0021,0x0021,0x0021,0x0021,0x0021,0x0021,0x0021,
0x0021,0x0021,0x0021,0x0021,0x0021,0x0021,0x0021,0x0021,0x0021,0x0021,0x0021,0x0021,0x0021,0x0021,0x0021,0x0021,
0x0021,0x0021,0x0021,0x0021,0x0021,0x0021,0x0021,0x0021,0x0021,0x0021,0x0021,0x0021,0x0021,0x0021,0x0021,0x0021,
0x0021,0x0021,0x0021,0x0021,0x0021,0x0021,0x0021,0x0021,0x0021,0x0021,0x0021,0x0021,0x0021,0x0021,0x0021,0x0021,
0x0021,0x0021,0x0021,0x0021,0x0021,0x0021,0x0021,0x0021,0x0021,0x0021,0x0021,0x0021,0x0021,0x0021,0x0021,0x0021,
0x0021,0x0021,0x0021,0x0021,0x0021,0x0021,0x0021,0x0021,0x0021,0x0021,0x0021,0x0021,0x0021,0x0021,0x0021,0x0021,
0x0021,0x0021,0x0021,0x0021,0x0021,0x0021,0x0021,0x0021,0x0021,0x0021,0x0021,0x0021,0x0021,0x0021,0x0021,0x0021,
0x0021,0x0021,0x0021,0x0021,0x0021,0x0021,0x0021,0x0021,0x0021,0x0021,0x0021,0x0021,0x0021,0x0021,0x0021,0x0021,
0x0021,0x0021,0x0021,0x0021,0x0021,0x0021,0x0021,0x0021,0x0021,0x0021,0x0021,0x0021,0x0021,0x0021,0x0021,0x0021,
},
{0x0021,0x0021,0x0021,0x0021,0x0021,0x0021,0x0021,0x0021,0x0021,0x0021,0x0021,0x0021,0x0021,0x0021,0x0021,0x0021,
0x0021,0x0021,0x0021,0x0021,0x0021,0x0021,0x0021,0x0021,0x0021,0x0021,0x0021,0x0021,0x0021,0x0021,0x0021,0x0021,
0x0021,0x0021,0x0021,0x0021,0x0021,0x0021,0x0021,0x0021,0x0021,0x0021,0x0021,0x0021,0x0021,0x0021,0x0021,0x0021,
0x0021,0x0021,0x0021,0x0021,0x0021,0x0021,0x0021,0x0021,0x0021,0x0021,0x0021,0x0021,0x0021,0x0021,0x0021,0x0021,
0x0021,0x0021,0x0021,0x0021,0x0021,0x0021,0x0021,0x0021,0x0021,0x0021,0x0021,0x0021,0x0021,0x0021,0x0021,0x0021,
0x0021,0x0021,0x0021,0x0021,0x0021,0x0021,0x0021,0x0021,0x0021,0x0021,0x0021,0x0021,0x0021,0x0021,0x0021,0x0021,
0x0021,0x0021,0x0021,0x0021,0x0021,0x0021,0x0021,0x0021,0x0021,0x0021,0x0021,0x0021,0x0021,0x0021,0x0021,0x0021,
0x0021,0x0021,0x0021,0x0021,0x0021,0x0021,0x0021,0x0021,0x0021,0x0021,0x0021,0x0021,0x0021,0x0021,0x0021,0x0021,
0x0021,0x0021,0x0021,0x0021,0x0021,0x0021,0x0021,0x0021,0x0021,0x0021,0x0021,0x0021,0x0021,0x0021,0x0021,0x0021,
0x0021,0x0021,0x0021,0x0021,0x0021,0x0021,0x0021,0x0021,0x0021,0x0021,0x0021,0x0021,0x0021,0x0021,0x0021,0x0021,
0x0021,0x0021,0x0021,0x0021,0x0021,0x0021,0x0021,0x0021,0x0021,0x0021,0x0021,0x0021,0x0021,0x0021,0x0021,0x0021,
0x0021,0x0021,0x0021,0x0021,0x0021,0x0021,0x0021,0x0021,0x0021,0x0021,0x0021,0x0021,0x0021,0x0021,0x0021,0x0021,
0x0021,0x0021,0x0021,0x0021,0x0021,0x0021,0x0021,0x0021,0x0021,0x0021,0x0021,0x0021,0x0021,0x0021,0x0021,0x0021,
0x0021,0x0021,0x0021,0x0021,0x0021,0x0021,0x0021,0x0021,0x0021,0x0021,0x0021,0x0021,0x0021,0x0021,0x0021,0x0021,
0x0021,0x0021,0x0021,0x0021,0x0021,0x0021,0x0021,0x0021,0x0021,0x0021,0x0021,0x0021,0x0021,0x0021,0x0021,0x0021,
0x0021,0x0021,0x0021,0x0021,0x0021,0x0021,0x0021,0x0021,0x0021,0x0021,0x0021,0x0021,0x0021,0x0021,0x0021,0x0021,
0x0021,0x0021,0x0021,0x0021,0x0021,0x0021,0x0021,0x0021,0x0021,0x0021,0x0021,0x0021,0x0021,0x0021,0x0021,0x0021,
0x0021,0x0021,0x0021,0x0021,0x0021,0x0021,0x0021,0x0021,0x0021,0x0021,0x0021,0x0021,0x0021,0x0021,0x0021,0x0021,
0x0021,0x0021,0x0021,0x0021,0x0021,0x0021,0x0021,0x0021,0x0021,0x0021,0x0021,0x0021,0x0021,0x0021,0x0021,0x0021,
0x0021,0x0021,0x0021,0x0021,0x0021,0x0021,0x0021,0x0021,0x0021,0x0021,0x0021,0x0021,0x0021,0x0021,0x0021,0x0021,
0x0021,0x0021,0x0021,0x0021,0x0021,0x0021,0x0021,0x0021,0x0021,0x0021,0x0021,0x0021,0x0021,0x0021,0x0021,0x0021,
0x0021,0x0021,0x0021,0x0021,0x0021,0x0021,0x0021,0x0021,0x0021,0x0021,0x0021,0x0021,0x0021,0x0021,0x0021,0x0021,
0x0021,0x0021,0x0021,0x0021,0x0021,0x0021,0x0021,0x0021,0x0021,0x0021,0x0021,0x0021,0x0021,0x0021,0x0021,0x0021,
0x0021,0x0021,0x0021,0x0021,0x0021,0x0021,0x0021,0x0021,0x0021,0x0021,0x0021,0x0021,0x0021,0x0021,0x0021,0x0021,
0x0021,0x0021,0x0021,0x0021,0x0021,0x0021,0x0021,0x0021,0x0021,0x0021,0x0021,0x0021,0x0021,0x0021,0x0021,0x0021,
0x0021,0x0021,0x0021,0x0021,0x0021,0x0021,0x0021,0x0021,0x0021,0x0021,0x0021,0x0021,0x0021,0x0021,0x0021,0x0021,
0x0021,0x0021,0x0021,0x0021,0x0021,0x0021,0x0021,0x0021,0x0021,0x0021,0x0021,0x0021,0x0021,0x0021,0x0021,0x0021,
0x0021,0x0021,0x0021,0x0021,0x0021,0x0021,0x0021,0x0021,0x0021,0x0021,0x0021,0x0021,0x0021,0x0021,0x0021,0x0021,
0x0021,0x0021,0x0021,0x0021,0x0021,0x0021,0x0021,0x0021,0x0021,0x0021,0x0021,0x0021,0x0021,0x0021,0x0021,0x0021,
0x0021,0x0021,0x0021,0x0021,0x0021,0x0021,0x0021,0x0021,0x0021,0x0021,0x0021,0x0021,0x0021,0x0021,0x0021,0x0021,
0x0021,0x0021,0x0021,0x0021,0x0021,0x0021,0x0021,0x0021,0x0021,0x0021,0x0021,0x0021,0x0021,0x0021,0x0021,0x0021,
0x0021,0x0021,0x0021,0x0021,0x0021,0x0021,0x0021,0x0021,0x0021,0x0021,0x0021,0x0021,0x0021,0x0021,0x0021,0x0021,
},
{0x0021,0x0021,0x0021,0x0021,0x0021,0x0021,0x0021,0x0021,0x0021,0x0021,0x0021,0x0021,0x0021,0x0021,0x0021,0x0021,
0x0021,0x0021,0x0021,0x0021,0x0021,0x0021,0x0021,0x0021,0x0021,0x0021,0x0021,0x0021,0x0021,0x0021,0x0021,0x0021,
0x0021,0x0021,0x0021,0x0021,0x0021,0x0021,0x0021,0x0021,0x0021,0x0021,0x0021,0x0021,0x0021,0x0021,0x0021,0x0021,
0x0021,0x0021,0x0021,0x0021,0x0021,0x0021,0x0021,0x0021,0x0021,0x0021,0x0021,0x0021,0x0021,0x0021,0x0021,0x0021,
0x0021,0x0021,0x0021,0x0021,0x0021,0x0021,0x0021,0x0021,0x0021,0x0021,0x0021,0x0021,0x0021,0x0021,0x0021,0x0021,
0x0021,0x0021,0x0021,0x0021,0x0021,0x0021,0x0021,0x0021,0x0021,0x0021,0x0021,0x0021,0x0021,0x0021,0x0021,0x0021,
0x0021,0x0021,0x0021,0x0021,0x0021,0x0021,0x0021,0x0021,0x0021,0x0021,0x0021,0x0021,0x0021,0x0021,0x0021,0x0021,
0x0021,0x0021,0x0021,0x0021,0x0021,0x0021,0x0021,0x0021,0x0021,0x0021,0x0021,0x0021,0x0021,0x0021,0x0021,0x0021,
0x0021,0x0021,0x0021,0x0021,0x0021,0x0021,0x0021,0x0021,0x0021,0x0021,0x0021,0x0021,0x0021,0x0021,0x0021,0x0021,
0x0021,0x0021,0x0021,0x0021,0x0021,0x0021,0x0021,0x0021,0x0021,0x0021,0x0021,0x0021,0x0021,0x0021,0x0021,0x0021,
0x0021,0x0021,0x0021,0x0021,0x0021,0x0021,0x0021,0x0021,0x0021,0x0021,0x0021,0x0021,0x0021,0x0021,0x0021,0x0021,
0x0021,0x0021,0x0021,0x0021,0x0021,0x0021,0x0021,0x0021,0x0021,0x0021,0x0021,0x0021,0x0021,0x0021,0x0021,0x0021,
0x0021,0x0021,0x0021,0x0021,0x0021,0x0021,0x0021,0x0021,0x0021,0x0021,0x0021,0x0021,0x0021,0x0021,0x0021,0x0021,
0x0021,0x0021,0x0021,0x0021,0x0021,0x0021,0x0021,0x0021,0x0021,0x0021,0x0021,0x0021,0x0021,0x0021,0x0021,0x0021,
0x0021,0x0021,0x0021,0x0021,0x0021,0x0021,0x0021,0x0021,0x0021,0x0021,0x0021,0x0021,0x0021,0x0021,0x0021,0x0021,
0x0021,0x0021,0x0021,0x0021,0x0021,0x0021,0x0021,0x0021,0x0021,0x0021,0x0021,0x0021,0x0021,0x0021,0x0021,0x0021,
0x0021,0x0021,0x0021,0x0021,0x0021,0x0021,0x0021,0x0021,0x0021,0x0021,0x0021,0x0021,0x0021,0x0021,0x0021,0x0021,
0x0021,0x0021,0x0021,0x0021,0x0021,0x0021,0x0021,0x0021,0x0021,0x0021,0x0021,0x0021,0x0021,0x0021,0x0021,0x0021,
0x0021,0x0021,0x0021,0x0021,0x0021,0x0021,0x0021,0x0021,0x0021,0x0021,0x0021,0x0021,0x0021,0x0021,0x0021,0x0021,
0x0021,0x0021,0x0021,0x0021,0x0021,0x0021,0x0021,0x0021,0x0021,0x0021,0x0021,0x0021,0x0021,0x0021,0x0021,0x0021,
0x0021,0x0021,0x0021,0x0021,0x0021,0x0021,0x0021,0x0021,0x0021,0x0021,0x0021,0x0021,0x0021,0x0021,0x0021,0x0021,
0x0021,0x0021,0x0021,0x0021,0x0021,0x0021,0x0021,0x0021,0x0021,0x0021,0x0021,0x0021,0x0021,0x0021,0x0021,0x0021,
0x0021,0x0021,0x0021,0x0021,0x0021,0x0021,0x0021,0x0021,0x0021,0x0021,0x0021,0x0021,0x0021,0x0021,0x0021,0x0021,
0x0021,0x0021,0x0021,0x0021,0x0021,0x0021,0x0021,0x0021,0x0021,0x0021,0x0021,0x0021,0x0021,0x0021,0x0021,0x0021,
0x0021,0x0021,0x0021,0x0021,0x0021,0x0021,0x0021,0x0021,0x0021,0x0021,0x0021,0x0021,0x0021,0x0021,0x0021,0x0021,
0x0021,0x0021,0x0021,0x0021,0x0021,0x0021,0x0021,0x0021,0x0021,0x0021,0x0021,0x0021,0x0021,0x0021,0x0021,0x0021,
0x0021,0x0021,0x0021,0x0021,0x0021,0x0021,0x0021,0x0021,0x0021,0x0021,0x0021,0x0021,0x0021,0x0021,0x0021,0x0021,
0x0021,0x0021,0x0021,0x0021,0x0021,0x0021,0x0021,0x0021,0x0021,0x0021,0x0021,0x0021,0x0021,0x0021,0x0021,0x0021,
0x0021,0x0021,0x0021,0x0021,0x0021,0x0021,0x0021,0x0021,0x0021,0x0021,0x0021,0x0021,0x0021,0x0021,0x0021,0x0021,
0x0021,0x0021,0x0021,0x0021,0x0021,0x0021,0x0021,0x0021,0x0021,0x0021,0x0021,0x0021,0x0021,0x0021,0x0021,0x0021,
0x0021,0x0021,0x0021,0x0021,0x0021,0x0021,0x0021,0x0021,0x0021,0x0021,0x0021,0x0021,0x0021,0x0021,0x0021,0x0021,
0x0021,0x0021,0x0021,0x0021,0x0021,0x0021,0x0021,0x0021,0x0021,0x0021,0x0021,0x0021,0x0021,0x0021,0x0021,0x0021,
},
{0x0021,0x0021,0x0021,0x0021,0x0021,0x0021,0x0021,0x0021,0x0021,0x0021,0x0021,0x0021,0x0021,0x0021,0x0021,0x0021,
0x0021,0x0021,0x0021,0x0021,0x0021,0x0021,0x0021,0x0021,0x0021,0x0021,0x0021,0x0021,0x0021,0x0021,0x0021,0x0021,
0x0021,0x0021,0x0021,0x0021,0x0021,0x0021,0x0021,0x0021,0x0021,0x0021,0x0021,0x0021,0x0021,0x0021,0x0021,0x0021,
0x0021,0x0021,0x0021,0x0021,0x0021,0x0021,0x0021,0x0021,0x0021,0x0021,0x0021,0x0021,0x0021,0x0021,0x0021,0x0021,
0x0021,0x0021,0x0021,0x0021,0x0021,0x0021,0x0021,0x0021,0x0021,0x0021,0x0021,0x0021,0x0021,0x0021,0x0021,0x0021,
0x0021,0x0021,0x0021,0x0021,0x0021,0x0021,0x0021,0x0021,0x0021,0x0021,0x0021,0x0021,0x0021,0x0021,0x0021,0x0021,
0x0021,0x0021,0x0021,0x0021,0x0021,0x0021,0x0021,0x0021,0x0021,0x0021,0x0021,0x0021,0x0021,0x0021,0x0021,0x0021,
0x0021,0x0021,0x0021,0x0021,0x0021,0x0021,0x0021,0x0021,0x0021,0x0021,0x0021,0x0021,0x0021,0x0021,0x0021,0x0021,
0x0021,0x0021,0x0021,0x0021,0x0021,0x0021,0x0021,0x0021,0x0021,0x0021,0x0021,0x0021,0x0021,0x0021,0x0021,0x0021,
0x0021,0x0021,0x0021,0x0021,0x0021,0x0021,0x0021,0x0021,0x0021,0x0021,0x0021,0x0021,0x0021,0x0021,0x0021,0x0021,
0x0021,0x0021,0x0021,0x0021,0x0021,0x0021,0x0021,0x0021,0x0021,0x0021,0x0021,0x0021,0x0021,0x0021,0x0021,0x0021,
0x0021,0x0021,0x0021,0x0021,0x0021,0x0021,0x0021,0x0021,0x0021,0x0021,0x0021,0x0021,0x0021,0x0021,0x0021,0x0021,
0x0021,0x0021,0x0021,0x0021,0x0021,0x0021,0x0021,0x0021,0x0021,0x0021,0x0021,0x0021,0x0021,0x0021,0x0021,0x0021,
0x0021,0x0021,0x0021,0x0021,0x0021,0x0021,0x0021,0x0021,0x0021,0x0021,0x0021,0x0021,0x0021,0x0021,0x0021,0x0021,
0x0021,0x0021,0x0021,0x0021,0x0021,0x0021,0x0021,0x0021,0x0021,0x0021,0x0021,0x0021,0x0021,0x0021,0x0021,0x0021,
0x0021,0x0021,0x0021,0x0021,0x0021,0x0021,0x0021,0x0021,0x0021,0x0021,0x0021,0x0021,0x0021,0x0021,0x0021,0x0021,
0x0021,0x0021,0x0021,0x0021,0x0021,0x0021,0x0021,0x0021,0x0021,0x0021,0x0021,0x0021,0x0021,0x0021,0x0021,0x0021,
0x0021,0x0021,0x0021,0x0021,0x0021,0x0021,0x0021,0x0021,0x0021,0x0021,0x0021,0x0021,0x0021,0x0021,0x0021,0x0021,
0x0021,0x0021,0x0021,0x0021,0x0021,0x0021,0x0021,0x0021,0x0021,0x0021,0x0021,0x0021,0x0021,0x0021,0x0021,0x0021,
0x0021,0x0021,0x0021,0x0021,0x0021,0x0021,0x0021,0x0021,0x0021,0x0021,0x0021,0x0021,0x0021,0x0021,0x0021,0x0021,
0x0021,0x0021,0x0021,0x0021,0x0021,0x0021,0x0021,0x0021,0x0021,0x0021,0x0021,0x0021,0x0021,0x0021,0x0021,0x0021,
0x0021,0x0021,0x0021,0x0021,0x0021,0x0021,0x0021,0x0021,0x0021,0x0021,0x0021,0x0021,0x0021,0x0021,0x0021,0x0021,
0x0021,0x0021,0x0021,0x0021,0x0021,0x0021,0x0021,0x0021,0x0021,0x0021,0x0021,0x0021,0x0021,0x0021,0x0021,0x0021,
0x0021,0x0021,0x0021,0x0021,0x0021,0x0021,0x0021,0x0021,0x0021,0x0021,0x0021,0x0021,0x0021,0x0021,0x0021,0x0021,
0x0021,0x0021,0x0021,0x0021,0x0021,0x0021,0x0021,0x0021,0x0021,0x0021,0x0021,0x0021,0x0021,0x0021,0x0021,0x0021,
0x0021,0x0021,0x0021,0x0021,0x0021,0x0021,0x0021,0x0021,0x0021,0x0021,0x0021,0x0021,0x0021,0x0021,0x0021,0x0021,
0x0021,0x0021,0x0021,0x0021,0x0021,0x0021,0x0021,0x0021,0x0021,0x0021,0x0021,0x0021,0x0021,0x0021,0x0021,0x0021,
0x0021,0x0021,0x0021,0x0021,0x0021,0x0021,0x0021,0x0021,0x0021,0x0021,0x0021,0x0021,0x0021,0x0021,0x0021,0x0021,
0x0021,0x0021,0x0021,0x0021,0x0021,0x0021,0x0021,0x0021,0x0021,0x0021,0x0021,0x0021,0x0021,0x0021,0x0021,0x0021,
0x0021,0x0021,0x0021,0x0021,0x0021,0x0021,0x0021,0x0021,0x0021,0x0021,0x0021,0x0021,0x0021,0x0021,0x0021,0x0021,
0x0021,0x0021,0x0021,0x0021,0x0021,0x0021,0x0021,0x0021,0x0021,0x0021,0x0021,0x0021,0x0021,0x0021,0x0021,0x0021,
0x0021,0x0021,0x0021,0x0021,0x0021,0x0021,0x0021,0x0021,0x0021,0x0021,0x0021,0x0021,0x0021,0x0021,0x0021,0x0021,
},
{0x0021,0x0021,0x0021,0x0021,0x0021,0x0021,0x0021,0x0021,0x0021,0x0021,0x0021,0x0021,0x0021,0x0021,0x0021,0x0021,
0x0021,0x0021,0x0021,0x0021,0x0021,0x0021,0x0021,0x0021,0x0021,0x0021,0x0021,0x0021,0x0021,0x0021,0x0021,0x0021,
0x0021,0x0021,0x0021,0x0021,0x0021,0x0021,0x0021,0x0021,0x0021,0x0021,0x0021,0x0021,0x0021,0x0021,0x0021,0x0021,
0x0021,0x0021,0x0021,0x0021,0x0021,0x0021,0x0021,0x0021,0x0021,0x0021,0x0021,0x0021,0x0021,0x0021,0x0021,0x0021,
0x0021,0x0021,0x0021,0x0021,0x0021,0x0021,0x0021,0x0021,0x0021,0x0021,0x0021,0x0021,0x0021,0x0021,0x0021,0x0021,
0x0021,0x0021,0x0021,0x0021,0x0021,0x0021,0x0021,0x0021,0x0021,0x0021,0x0021,0x0021,0x0021,0x0021,0x0021,0x0021,
0x0021,0x0021,0x0021,0x0021,0x0021,0x0021,0x0021,0x0021,0x0021,0x0021,0x0021,0x0021,0x0021,0x0021,0x0021,0x0021,
0x0021,0x0021,0x0021,0x0021,0x0021,0x0021,0x0021,0x0021,0x0021,0x0021,0x0021,0x0021,0x0021,0x0021,0x0021,0x0021,
0x0021,0x0021,0x0021,0x0021,0x0021,0x0021,0x0021,0x0021,0x0021,0x0021,0x0021,0x0021,0x0021,0x0021,0x0021,0x0021,
0x0021,0x0021,0x0021,0x0021,0x0021,0x0021,0x0021,0x0021,0x0021,0x0021,0x0021,0x0021,0x0021,0x0021,0x0021,0x0021,
0x0021,0x0021,0x0021,0x0021,0x0021,0x0021,0x0021,0x0021,0x0021,0x0021,0x0021,0x0021,0x0021,0x0021,0x0021,0x0021,
0x0021,0x0021,0x0021,0x0021,0x0021,0x0021,0x0021,0x0021,0x0021,0x0021,0x0021,0x0021,0x0021,0x0021,0x0021,0x0021,
0x0021,0x0021,0x0021,0x0021,0x0021,0x0021,0x0021,0x0021,0x0021,0x0021,0x0021,0x0021,0x0021,0x0021,0x0021,0x0021,
0x0021,0x0021,0x0021,0x0021,0x0021,0x0021,0x0021,0x0021,0x0021,0x0021,0x0021,0x0021,0x0021,0x0021,0x0021,0x0021,
0x0021,0x0021,0x0021,0x0021,0x0021,0x0021,0x0021,0x0021,0x0021,0x0021,0x0021,0x0021,0x0021,0x0021,0x0021,0x0021,
0x0021,0x0021,0x0021,0x0021,0x0021,0x0021,0x0021,0x0021,0x0021,0x0021,0x0021,0x0021,0x0021,0x0021,0x0021,0x0021,
0x0021,0x0021,0x0021,0x0021,0x0021,0x0021,0x0021,0x0021,0x0021,0x0021,0x0021,0x0021,0x0021,0x0021,0x0021,0x0021,
0x0021,0x0021,0x0021,0x0021,0x0021,0x0021,0x0021,0x0021,0x0021,0x0021,0x0021,0x0021,0x0021,0x0021,0x0021,0x0021,
0x0021,0x0021,0x0021,0x0021,0x0021,0x0021,0x0021,0x0021,0x0021,0x0021,0x0021,0x0021,0x0021,0x0021,0x0021,0x0021,
0x0021,0x0021,0x0021,0x0021,0x0021,0x0021,0x0021,0x0021,0x0021,0x0021,0x0021,0x0021,0x0021,0x0021,0x0021,0x0021,
0x0021,0x0021,0x0021,0x0021,0x0021,0x0021,0x0021,0x0021,0x0021,0x0021,0x0021,0x0021,0x0021,0x0021,0x0021,0x0021,
0x0021,0x0021,0x0021,0x0021,0x0021,0x0021,0x0021,0x0021,0x0021,0x0021,0x0021,0x0021,0x0021,0x0021,0x0021,0x0021,
0x0021,0x0021,0x0021,0x0021,0x0021,0x0021,0x0021,0x0021,0x0021,0x0021,0x0021,0x0021,0x0021,0x0021,0x0021,0x0021,
0x0021,0x0021,0x0021,0x0021,0x0021,0x0021,0x0021,0x0021,0x0021,0x0021,0x0021,0x0021,0x0021,0x0021,0x0021,0x0021,
0x0021,0x0021,0x0021,0x0021,0x0021,0x0021,0x0021,0x0021,0x0021,0x0021,0x0021,0x0021,0x0021,0x0021,0x0021,0x0021,
0x0021,0x0021,0x0021,0x0021,0x0021,0x0021,0x0021,0x0021,0x0021,0x0021,0x0021,0x0021,0x0021,0x0021,0x0021,0x0021,
0x0021,0x0021,0x0021,0x0021,0x0021,0x0021,0x0021,0x0021,0x0021,0x0021,0x0021,0x0021,0x0021,0x0021,0x0021,0x0021,
0x0021,0x0021,0x0021,0x0021,0x0021,0x0021,0x0021,0x0021,0x0021,0x0021,0x0021,0x0021,0x0021,0x0021,0x0021,0x0021,
0x0021,0x0021,0x0021,0x0021,0x0021,0x0021,0x0021,0x0021,0x0021,0x0021,0x0021,0x0021,0x0021,0x0021,0x0021,0x0021,
0x0021,0x0021,0x0021,0x0021,0x0021,0x0021,0x0021,0x0021,0x0021,0x0021,0x0021,0x0021,0x0021,0x0021,0x0021,0x0021,
0x0021,0x0021,0x0021,0x0021,0x0021,0x0021,0x0021,0x0021,0x0021,0x0021,0x0021,0x0021,0x0021,0x0021,0x0021,0x0021,
0x0021,0x0021,0x0021,0x0021,0x0021,0x0021,0x0021,0x0021,0x0021,0x0021,0x0021,0x0021,0x0021,0x0021,0x0021,0x0021,
},
{0x0021,0x0021,0x0021,0x0021,0x0021,0x0021,0x0021,0x0021,0x0021,0x0021,0x0021,0x0021,0x0021,0x0021,0x0021,0x0021,
0x0021,0x0021,0x0021,0x0021,0x0021,0x0021,0x0021,0x0021,0x0021,0x0021,0x0021,0x0021,0x0021,0x0021,0x0021,0x0021,
0x0021,0x0021,0x0021,0x0021,0x0021,0x0021,0x0021,0x0021,0x0021,0x0021,0x0021,0x0021,0x0021,0x0021,0x0021,0x0021,
0x0021,0x0021,0x0021,0x0021,0x0021,0x0021,0x0021,0x0021,0x0021,0x0021,0x0021,0x0021,0x0021,0x0021,0x0021,0x0021,
0x0021,0x0021,0x0021,0x0021,0x0021,0x0021,0x0021,0x0021,0x0021,0x0021,0x0021,0x0021,0x0021,0x0021,0x0021,0x0021,
0x0021,0x0021,0x0021,0x0021,0x0021,0x0021,0x0021,0x0021,0x0021,0x0021,0x0021,0x0021,0x0021,0x0021,0x0021,0x0021,
0x0021,0x0021,0x0021,0x0021,0x0021,0x0021,0x0021,0x0021,0x0021,0x0021,0x0021,0x0021,0x0021,0x0021,0x0021,0x0021,
0x0021,0x0021,0x0021,0x0021,0x0021,0x0021,0x0021,0x0021,0x0021,0x0021,0x0021,0x0021,0x0021,0x0021,0x0021,0x0021,
0x0021,0x0021,0x0021,0x0021,0x0021,0x0021,0x0021,0x0021,0x0021,0x0021,0x0021,0x0021,0x0021,0x0021,0x0021,0x0021,
0x0021,0x0021,0x0021,0x0021,0x0021,0x0021,0x0021,0x0021,0x0021,0x0021,0x0021,0x0021,0x0021,0x0021,0x0021,0x0021,
0x0021,0x0021,0x0021,0x0021,0x0021,0x0021,0x0021,0x0021,0x0021,0x0021,0x0021,0x0021,0x0021,0x0021,0x0021,0x0021,
0x0021,0x0021,0x0021,0x0021,0x0021,0x0021,0x0021,0x0021,0x0021,0x0021,0x0021,0x0021,0x0021,0x0021,0x0021,0x0021,
0x0021,0x0021,0x0021,0x0021,0x0021,0x0021,0x0021,0x0021,0x0021,0x0021,0x0021,0x0021,0x0021,0x0021,0x0021,0x0021,
0x0021,0x0021,0x0021,0x0021,0x0021,0x0021,0x0021,0x0021,0x0021,0x0021,0x0021,0x0021,0x0021,0x0021,0x0021,0x0021,
0x0021,0x0021,0x0021,0x0021,0x0021,0x0021,0x0021,0x0021,0x0021,0x0021,0x0021,0x0021,0x0021,0x0021,0x0021,0x0021,
0x0021,0x0021,0x0021,0x0021,0x0021,0x0021,0x0021,0x0021,0x0021,0x0021,0x0021,0x0021,0x0021,0x0021,0x0021,0x0021,
0x0021,0x0021,0x0021,0x0021,0x0021,0x0021,0x0021,0x0021,0x0021,0x0021,0x0021,0x0021,0x0021,0x0021,0x0021,0x0021,
0x0021,0x0021,0x0021,0x0021,0x0021,0x0021,0x0021,0x0021,0x0021,0x0021,0x0021,0x0021,0x0021,0x0021,0x0021,0x0021,
0x0021,0x0021,0x0021,0x0021,0x0021,0x0021,0x0021,0x0021,0x0021,0x0021,0x0021,0x0021,0x0021,0x0021,0x0021,0x0021,
0x0021,0x0021,0x0021,0x0021,0x0021,0x0021,0x0021,0x0021,0x0021,0x0021,0x0021,0x0021,0x0021,0x0021,0x0021,0x0021,
0x0021,0x0021,0x0021,0x0021,0x0021,0x0021,0x0021,0x0021,0x0021,0x0021,0x0021,0x0021,0x0021,0x0021,0x0021,0x0021,
0x0021,0x0021,0x0021,0x0021,0x0021,0x0021,0x0021,0x0021,0x0021,0x0021,0x0021,0x0021,0x0021,0x0021,0x0021,0x0021,
0x0021,0x0021,0x0021,0x0021,0x0021,0x0021,0x0021,0x0021,0x0021,0x0021,0x0021,0x0021,0x0021,0x0021,0x0021,0x0021,
0x0021,0x0021,0x0021,0x0021,0x0021,0x0021,0x0021,0x0021,0x0021,0x0021,0x0021,0x0021,0x0021,0x0021,0x0021,0x0021,
0x0021,0x0021,0x0021,0x0021,0x0021,0x0021,0x0021,0x0021,0x0021,0x0021,0x0021,0x0021,0x0021,0x0021,0x0021,0x0021,
0x0021,0x0021,0x0021,0x0021,0x0021,0x0021,0x0021,0x0021,0x0021,0x0021,0x0021,0x0021,0x0021,0x0021,0x0021,0x0021,
0x0021,0x0021,0x0021,0x0021,0x0021,0x0021,0x0021,0x0021,0x0021,0x0021,0x0021,0x0021,0x0021,0x0021,0x0021,0x0021,
0x0021,0x0021,0x0021,0x0021,0x0021,0x0021,0x0021,0x0021,0x0021,0x0021,0x0021,0x0021,0x0021,0x0021,0x0021,0x0021,
0x0021,0x0021,0x0021,0x0021,0x0021,0x0021,0x0021,0x0021,0x0021,0x0021,0x0021,0x0021,0x0021,0x0021,0x0021,0x0021,
0x0021,0x0021,0x0021,0x0021,0x0021,0x0021,0x0021,0x0021,0x0021,0x0021,0x0021,0x0021,0x0021,0x0021,0x0021,0x0021,
0x0021,0x0021,0x0021,0x0021,0x0021,0x0021,0x0021,0x0021,0x0021,0x0021,0x0021,0x0021,0x0021,0x0021,0x0021,0x0021,
0x0021,0x0021,0x0021,0x0021,0x0021,0x0021,0x0021,0x0021,0x0021,0x0021,0x0021,0x0021,0x0021,0x0021,0x0021,0x0021,
},
{0x0021,0x0021,0x0021,0x0021,0x0021,0x0021,0x0021,0x0021,0x0021,0x0021,0x0021,0x0021,0x0021,0x0021,0x0021,0x0021,
0x0021,0x0021,0x0021,0x0021,0x0021,0x0021,0x0021,0x0021,0x0021,0x0021,0x0021,0x0021,0x0021,0x0021,0x0021,0x0021,
0x0021,0x0021,0x0021,0x0021,0x0021,0x0021,0x0021,0x0021,0x0021,0x0021,0x0021,0x0021,0x0021,0x0021,0x0021,0x0021,
0x0021,0x0021,0x0021,0x0021,0x0021,0x0021,0x0021,0x0021,0x0021,0x0021,0x0021,0x0021,0x0021,0x0021,0x0021,0x0021,
0x0021,0x0021,0x0021,0x0021,0x0021,0x0021,0x0021,0x0021,0x0021,0x0021,0x0021,0x0021,0x0021,0x0021,0x0021,0x0021,
0x0021,0x0021,0x0021,0x0021,0x0021,0x0021,0x0021,0x0021,0x0021,0x0021,0x0021,0x0021,0x0021,0x0021,0x0021,0x0021,
0x0021,0x0021,0x0021,0x0021,0x0021,0x0021,0x0021,0x0021,0x0021,0x0021,0x0021,0x0021,0x0021,0x0021,0x0021,0x0021,
0x0021,0x0021,0x0021,0x0021,0x0021,0x0021,0x0021,0x0021,0x0021,0x0021,0x0021,0x0021,0x0021,0x0021,0x0021,0x0021,
0x0021,0x0021,0x0021,0x0021,0x0021,0x0021,0x0021,0x0021,0x0021,0x0021,0x0021,0x0021,0x0021,0x0021,0x0021,0x0021,
0x0021,0x0021,0x0021,0x0021,0x0021,0x0021,0x0021,0x0021,0x0021,0x0021,0x0021,0x0021,0x0021,0x0021,0x0021,0x0021,
0x0021,0x0021,0x0021,0x0021,0x0021,0x0021,0x0021,0x0021,0x0021,0x0021,0x0021,0x0021,0x0021,0x0021,0x0021,0x0021,
0x0021,0x0021,0x0021,0x0021,0x0021,0x0021,0x0021,0x0021,0x0021,0x0021,0x0021,0x0021,0x0021,0x0021,0x0021,0x0021,
0x0021,0x0021,0x0021,0x0021,0x0021,0x0021,0x0021,0x0021,0x0021,0x0021,0x0021,0x0021,0x0021,0x0021,0x0021,0x0021,
0x0021,0x0021,0x0021,0x0021,0x0021,0x0021,0x0021,0x0021,0x0021,0x0021,0x0021,0x0021,0x0021,0x0021,0x0021,0x0021,
0x0021,0x0021,0x0021,0x0021,0x0021,0x0021,0x0021,0x0021,0x0021,0x0021,0x0021,0x0021,0x0021,0x0021,0x0021,0x0021,
0x0021,0x0021,0x0021,0x0021,0x0021,0x0021,0x0021,0x0021,0x0021,0x0021,0x0021,0x0021,0x0021,0x0021,0x0021,0x0021,
0x0021,0x0021,0x0021,0x0021,0x0021,0x0021,0x0021,0x0021,0x0021,0x0021,0x0021,0x0021,0x0021,0x0021,0x0021,0x0021,
0x0021,0x0021,0x0021,0x0021,0x0021,0x0021,0x0021,0x0021,0x0021,0x0021,0x0021,0x0021,0x0021,0x0021,0x0021,0x0021,
0x0021,0x0021,0x0021,0x0021,0x0021,0x0021,0x0021,0x0021,0x0021,0x0021,0x0021,0x0021,0x0021,0x0021,0x0021,0x0021,
0x0021,0x0021,0x0021,0x0021,0x0021,0x0021,0x0021,0x0021,0x0021,0x0021,0x0021,0x0021,0x0021,0x0021,0x0021,0x0021,
0x0021,0x0021,0x0021,0x0021,0x0021,0x0021,0x0021,0x0021,0x0021,0x0021,0x0021,0x0021,0x0021,0x0021,0x0021,0x0021,
0x0021,0x0021,0x0021,0x0021,0x0021,0x0021,0x0021,0x0021,0x0021,0x0021,0x0021,0x0021,0x0021,0x0021,0x0021,0x0021,
0x0021,0x0021,0x0021,0x0021,0x0021,0x0021,0x0021,0x0021,0x0021,0x0021,0x0021,0x0021,0x0021,0x0021,0x0021,0x0021,
0x0021,0x0021,0x0021,0x0021,0x0021,0x0021,0x0021,0x0021,0x0021,0x0021,0x0021,0x0021,0x0021,0x0021,0x0021,0x0021,
0x0021,0x0021,0x0021,0x0021,0x0021,0x0021,0x0021,0x0021,0x0021,0x0021,0x0021,0x0021,0x0021,0x0021,0x0021,0x0021,
0x0021,0x0021,0x0021,0x0021,0x0021,0x0021,0x0021,0x0021,0x0021,0x0021,0x0021,0x0021,0x0021,0x0021,0x0021,0x0021,
0x0021,0x0021,0x0021,0x0021,0x0021,0x0021,0x0021,0x0021,0x0021,0x0021,0x0021,0x0021,0x0021,0x0021,0x0021,0x0021,
0x0021,0x0021,0x0021,0x0021,0x0021,0x0021,0x0021,0x0021,0x0021,0x0021,0x0021,0x0021,0x0021,0x0021,0x0021,0x0021,
0x0021,0x0021,0x0021,0x0021,0x0021,0x0021,0x0021,0x0021,0x0021,0x0021,0x0021,0x0021,0x0021,0x0021,0x0021,0x0021,
0x0021,0x0021,0x0021,0x0021,0x0021,0x0021,0x0021,0x0021,0x0021,0x0021,0x0021,0x0021,0x0021,0x0021,0x0021,0x0021,
0x0021,0x0021,0x0021,0x0021,0x0021,0x0021,0x0021,0x0021,0x0021,0x0021,0x0021,0x0021,0x0021,0x0021,0x0021,0x0021,
0x0021,0x0021,0x0021,0x0021,0x0021,0x0021,0x0021,0x0021,0x0021,0x0021,0x0021,0x0021,0x0021,0x0021,0x0021,0x0021,
},
{0x0021,0x0021,0x0021,0x0021,0x0021,0x0021,0x0021,0x0021,0x0021,0x0021,0x0021,0x0021,0x0021,0x0021,0x0021,0x0021,
0x0021,0x0021,0x0021,0x0021,0x0021,0x0021,0x0021,0x0021,0x0021,0x0021,0x0021,0x0021,0x0021,0x0021,0x0021,0x0021,
0x0021,0x0021,0x0021,0x0021,0x0021,0x0021,0x0021,0x0021,0x0021,0x0021,0x0021,0x0021,0x0021,0x0021,0x0021,0x0021,
0x0021,0x0021,0x0021,0x0021,0x0021,0x0021,0x0021,0x0021,0x0021,0x0021,0x0021,0x0021,0x0021,0x0021,0x0021,0x0021,
0x0021,0x0021,0x0021,0x0021,0x0021,0x0021,0x0021,0x0021,0x0021,0x0021,0x0021,0x0021,0x0021,0x0021,0x0021,0x0021,
0x0021,0x0021,0x0021,0x0021,0x0021,0x0021,0x0021,0x0021,0x0021,0x0021,0x0021,0x0021,0x0021,0x0021,0x0021,0x0021,
0x0021,0x0021,0x0021,0x0021,0x0021,0x0021,0x0021,0x0021,0x0021,0x0021,0x0021,0x0021,0x0021,0x0021,0x0021,0x0021,
0x0021,0x0021,0x0021,0x0021,0x0021,0x0021,0x0021,0x0021,0x0021,0x0021,0x0021,0x0021,0x0021,0x0021,0x0021,0x0021,
0x0021,0x0021,0x0021,0x0021,0x0021,0x0021,0x0021,0x0021,0x0021,0x0021,0x0021,0x0021,0x0021,0x0021,0x0021,0x0021,
0x0021,0x0021,0x0021,0x0021,0x0021,0x0021,0x0021,0x0021,0x0021,0x0021,0x0021,0x0021,0x0021,0x0021,0x0021,0x0021,
0x0021,0x0021,0x0021,0x0021,0x0021,0x0021,0x0021,0x0021,0x0021,0x0021,0x0021,0x0021,0x0021,0x0021,0x0021,0x0021,
0x0021,0x0021,0x0021,0x0021,0x0021,0x0021,0x0021,0x0021,0x0021,0x0021,0x0021,0x0021,0x0021,0x0021,0x0021,0x0021,
0x0021,0x0021,0x0021,0x0021,0x0021,0x0021,0x0021,0x0021,0x0021,0x0021,0x0021,0x0021,0x0021,0x0021,0x0021,0x0021,
0x0021,0x0021,0x0021,0x0021,0x0021,0x0021,0x0021,0x0021,0x0021,0x0021,0x0021,0x0021,0x0021,0x0021,0x0021,0x0021,
0x0021,0x0021,0x0021,0x0021,0x0021,0x0021,0x0021,0x0021,0x0021,0x0021,0x0021,0x0021,0x0021,0x0021,0x0021,0x0021,
0x0021,0x0021,0x0021,0x0021,0x0021,0x0021,0x0021,0x0021,0x0021,0x0021,0x0021,0x0021,0x0021,0x0021,0x0021,0x0021,
0x0021,0x0021,0x0021,0x0021,0x0021,0x0021,0x0021,0x0021,0x0021,0x0021,0x0021,0x0021,0x0021,0x0021,0x0021,0x0021,
0x0021,0x0021,0x0021,0x0021,0x0021,0x0021,0x0021,0x0021,0x0021,0x0021,0x0021,0x0021,0x0021,0x0021,0x0021,0x0021,
0x0021,0x0021,0x0021,0x0021,0x0021,0x0021,0x0021,0x0021,0x0021,0x0021,0x0021,0x0021,0x0021,0x0021,0x0021,0x0021,
0x0021,0x0021,0x0021,0x0021,0x0021,0x0021,0x0021,0x0021,0x0021,0x0021,0x0021,0x0021,0x0021,0x0021,0x0021,0x0021,
0x0021,0x0021,0x0021,0x0021,0x0021,0x0021,0x0021,0x0021,0x0021,0x0021,0x0021,0x0021,0x0021,0x0021,0x0021,0x0021,
0x0021,0x0021,0x0021,0x0021,0x0021,0x0021,0x0021,0x0021,0x0021,0x0021,0x0021,0x0021,0x0021,0x0021,0x0021,0x0021,
0x0021,0x0021,0x0021,0x0021,0x0021,0x0021,0x0021,0x0021,0x0021,0x0021,0x0021,0x0021,0x0021,0x0021,0x0021,0x0021,
0x0021,0x0021,0x0021,0x0021,0x0021,0x0021,0x0021,0x0021,0x0021,0x0021,0x0021,0x0021,0x0021,0x0021,0x0021,0x0021,
0x0021,0x0021,0x0021,0x0021,0x0021,0x0021,0x0021,0x0021,0x0021,0x0021,0x0021,0x0021,0x0021,0x0021,0x0021,0x0021,
0x0021,0x0021,0x0021,0x0021,0x0021,0x0021,0x0021,0x0021,0x0021,0x0021,0x0021,0x0021,0x0021,0x0021,0x0021,0x0021,
0x0021,0x0021,0x0021,0x0021,0x0021,0x0021,0x0021,0x0021,0x0021,0x0021,0x0021,0x0021,0x0021,0x0021,0x0021,0x0021,
0x0021,0x0021,0x0021,0x0021,0x0021,0x0021,0x0021,0x0021,0x0021,0x0021,0x0021,0x0021,0x0021,0x0021,0x0021,0x0021,
0x0021,0x0021,0x0021,0x0021,0x0021,0x0021,0x0021,0x0021,0x0021,0x0021,0x0021,0x0021,0x0021,0x0021,0x0021,0x0021,
0x0021,0x0021,0x0021,0x0021,0x0021,0x0021,0x0021,0x0021,0x0021,0x0021,0x0021,0x0021,0x0021,0x0021,0x0021,0x0021,
0x0021,0x0021,0x0021,0x0021,0x0021,0x0021,0x0021,0x0021,0x0021,0x0021,0x0021,0x0021,0x0021,0x0021,0x0021,0x0021,
0x0021,0x0021,0x0021,0x0021,0x0021,0x0021,0x0021,0x0021,0x0021,0x0021,0x0021,0x0021,0x0021,0x0021,0x0021,0x0021,
},
};
