/* Generated native340x168,4bit palette indices. Source: assets/qube-freight-canteen-v1-source.png. */
static const unsigned char qube_freight_canteen_pixels[28560]={
 0x01,0x01,0x12,0x41,0x00,0x01,0x11,0x11,0x11,0x01,0x24,0x99,0x11,0x12,0x20,0x14,0x10,0x10,0x00,0x01,0x02,0x20,0x11,0x11,
 0x14,0x41,0x10,0x00,0x00,0x01,0x14,0x4a,0x11,0x22,0x00,0x40,0x22,0x00,0x02,0x00,0x00,0x21,0x34,0x00,0x01,0x01,0x11,0x11,
 0x11,0x11,0x11,0x11,0x11,0x11,0x11,0x11,0x11,0x10,0x11,0x00,0x00,0x11,0x01,0x11,0x11,0x11,0x11,0x11,0x11,0x11,0x11,0x10,
 0x33,0x33,0x31,0x11,0x11,0x11,0x10,0x01,0x10,0x01,0x22,0x00,0x00,0x00,0x01,0x00,0x04,0x54,0x40,0x00,0x00,0xa0,0x01,0x11,
 0x11,0x11,0x11,0x01,0x11,0x11,0x10,0x33,0x00,0x13,0x32,0x00,0x11,0x11,0x12,0x22,0x22,0x22,0x10,0x11,0x00,0x00,0x00,0x00,
 0x24,0x22,0x22,0x43,0x33,0x33,0x33,0x33,0x22,0x21,0x01,0x12,0x22,0x21,0x11,0x22,0x11,0x22,0x24,0xaa,0x44,0x44,0x43,0x34,
 0x44,0x44,0xa3,0x33,0x4a,0x33,0x11,0x11,0x12,0x10,0x00,0x00,0x00,0x00,0x00,0x00,0x00,0x00,0x00,0x11,0x11,0x11,0xa2,0x14,
 0x41,0x11,0x01,0x01,0x13,0x41,0x00,0x01,0x11,0x11,0x11,0x01,0x22,0x59,0x00,0x12,0x20,0x12,0x11,0x10,0x00,0x12,0x12,0x20,
 0x11,0x11,0x22,0x22,0x11,0x01,0x21,0x00,0x12,0x13,0x02,0x22,0x00,0x20,0x12,0x00,0x01,0x00,0x00,0x21,0x34,0x00,0x00,0x00,
 0x00,0x00,0x01,0x11,0x11,0x11,0x11,0x11,0x11,0x11,0x11,0x11,0x11,0x00,0x00,0x11,0x01,0x11,0x11,0x11,0x11,0x11,0x11,0x11,
 0x11,0x10,0x33,0x33,0x11,0x11,0x11,0x11,0x10,0x01,0x10,0x01,0x22,0x00,0x00,0x00,0x01,0x00,0x04,0x43,0x30,0x00,0x00,0xa0,
 0x01,0x11,0x21,0x22,0x21,0x11,0x11,0x11,0x10,0x44,0x00,0x13,0x22,0x00,0x11,0x01,0x11,0x11,0x00,0x00,0x00,0x00,0x22,0x22,
 0x32,0x22,0x34,0x22,0x22,0x11,0x21,0x22,0x11,0x11,0x11,0x00,0x11,0x23,0x44,0x44,0x45,0x44,0xa5,0x44,0x44,0x4a,0x34,0x4a,
 0x44,0x35,0x10,0x00,0x00,0x00,0x00,0x00,0x00,0x00,0x00,0x00,0x00,0x00,0x00,0x00,0x00,0x00,0x00,0x11,0x11,0x11,0x11,0x11,
 0xa2,0x14,0x41,0x11,0x01,0x01,0x13,0x31,0x00,0x02,0x49,0x11,0x11,0x10,0x02,0x44,0x00,0x12,0x20,0x24,0x11,0x10,0x00,0x14,
 0x12,0x11,0x11,0x12,0x32,0x21,0x00,0x14,0xa2,0x10,0x01,0x23,0x33,0x22,0x00,0x20,0x13,0x00,0x02,0x00,0x00,0x11,0x44,0x10,
 0x00,0x00,0x00,0x00,0x00,0x00,0x00,0x00,0x00,0x00,0x00,0x00,0x00,0x11,0x11,0x00,0x00,0x11,0x01,0x11,0x11,0x11,0x11,0x11,
 0x11,0x11,0x11,0x00,0x33,0x23,0x11,0x11,0x11,0x11,0x10,0x01,0x10,0x01,0x22,0x00,0x00,0x00,0x01,0x00,0x02,0x23,0x30,0x10,
 0x01,0xa0,0x01,0x12,0x22,0x22,0x21,0x01,0x11,0x11,0x10,0x11,0x00,0x00,0x00,0x00,0x11,0x11,0x33,0x33,0x33,0x22,0x22,0x11,
 0x11,0x11,0x11,0x11,0x12,0x21,0x12,0x11,0x12,0x45,0x54,0x4a,0xa5,0x55,0x43,0x35,0x55,0x44,0x13,0x44,0x44,0x00,0x00,0x00,
 0x00,0x00,0x00,0x00,0x00,0x00,0x00,0x00,0x00,0x00,0x00,0x00,0x00,0x00,0x00,0x00,0x00,0x00,0x00,0x00,0x00,0x11,0x11,0x11,
 0x11,0x11,0xa2,0x04,0x41,0x11,0x01,0x01,0x12,0x21,0x00,0x01,0x49,0x11,0x11,0x11,0x23,0x99,0x00,0x12,0x20,0x24,0x11,0x10,
 0x00,0x14,0x12,0x11,0x11,0x33,0x22,0x10,0x01,0x24,0x42,0x10,0x00,0x22,0x33,0x32,0x00,0x20,0x14,0x00,0x02,0x00,0x00,0x21,
 0x2a,0x11,0x33,0x22,0x31,0x00,0x00,0x00,0x00,0x00,0x00,0x00,0x00,0x00,0x00,0x00,0x00,0x00,0x00,0x11,0x01,0x11,0x11,0x11,
 0x11,0x11,0x11,0x11,0x11,0x00,0x32,0x23,0x01,0x11,0x11,0x11,0x10,0x01,0x10,0x01,0x22,0x00,0x00,0x00,0x01,0x10,0x02,0x34,
 0x30,0x11,0x01,0x40,0x01,0x12,0x21,0x00,0x00,0x00,0x00,0x00,0x12,0x21,0x03,0x32,0x22,0x23,0x34,0x22,0x22,0x21,0x11,0x11,
 0x12,0x11,0x11,0x11,0x11,0x12,0x5a,0x54,0x44,0xa4,0x44,0x44,0x44,0x55,0x55,0x55,0x00,0x00,0x00,0x00,0x00,0x00,0x00,0x00,
 0x00,0x00,0x00,0x00,0x00,0x00,0x00,0x00,0x00,0x00,0x00,0x00,0x00,0x00,0x00,0x00,0x00,0x00,0x01,0x00,0x01,0x10,0x00,0x22,
 0x11,0x11,0x11,0x11,0x42,0x14,0x41,0x11,0x01,0x02,0x12,0x41,0x00,0x00,0x11,0x11,0x11,0x10,0x23,0x59,0x00,0x12,0x30,0x24,
 0x11,0x10,0x00,0x14,0x22,0x21,0x23,0x32,0x22,0x10,0x12,0x22,0x12,0x22,0x10,0x02,0x23,0x33,0x20,0x11,0x3a,0x00,0x02,0x00,
 0x00,0x21,0xa3,0x00,0x22,0x31,0x33,0x21,0x22,0x22,0x22,0x22,0x22,0x23,0x10,0x00,0x00,0x00,0x00,0x00,0x00,0x00,0x00,0x00,
 0x00,0x00,0x00,0x11,0x11,0x11,0x11,0x00,0x32,0x32,0x01,0x01,0x11,0x10,0x10,0x01,0x00,0x02,0x22,0x00,0x00,0x00,0x02,0x20,
 0x02,0x22,0x20,0x00,0x00,0x00,0x00,0x02,0x22,0x22,0x22,0x22,0x22,0x22,0x21,0x11,0x11,0x11,0x11,0x02,0x22,0x22,0x11,0x14,
 0x44,0x44,0x44,0x35,0x55,0x55,0x55,0x44,0x99,0x54,0x20,0x00,0x00,0x00,0x00,0x00,0x00,0x00,0x00,0x00,0x00,0x00,0x00,0x00,
 0x00,0x00,0x00,0x00,0x00,0x00,0x00,0x00,0x00,0x00,0x00,0x00,0x00,0x00,0x00,0x00,0x00,0x21,0x21,0x10,0x01,0x00,0x01,0x10,
 0x00,0x22,0x11,0x11,0x21,0x11,0x42,0x04,0x41,0x11,0x01,0x02,0x23,0x41,0x00,0x01,0x1a,0x11,0x11,0x10,0x23,0x59,0x00,0x12,
 0x30,0x24,0x11,0x10,0x00,0x14,0x22,0x21,0x33,0x22,0x11,0x01,0x11,0x44,0x44,0x44,0x40,0x01,0x22,0x43,0x33,0x22,0x4a,0x00,
 0x03,0x10,0x00,0x32,0x4a,0x41,0x22,0x21,0x11,0x11,0x13,0x21,0x22,0x21,0x22,0x22,0x22,0x33,0x22,0x11,0x11,0x00,0x00,0x00,
 0x00,0x00,0x00,0x00,0x00,0x00,0x00,0x00,0x00,0x00,0x33,0x32,0x01,0x11,0x11,0x11,0x10,0x01,0x10,0x02,0x22,0x00,0x00,0x00,
 0x00,0x00,0x00,0x00,0x00,0x22,0x14,0x31,0x22,0x23,0x22,0x22,0x21,0x11,0x11,0x22,0x22,0x22,0x22,0x22,0x22,0x15,0x55,0x55,
 0x54,0x4a,0xa4,0x45,0x53,0x35,0x54,0x11,0x10,0x00,0x00,0x00,0x00,0x00,0x00,0x00,0x00,0x00,0x00,0x00,0x00,0x00,0x00,0x00,
 0x00,0x00,0x00,0x00,0x00,0x00,0x00,0x00,0x00,0x00,0x00,0x00,0x00,0x01,0x22,0x22,0x22,0x22,0x22,0x22,0x21,0x11,0x01,0x10,
 0x01,0x10,0x00,0x22,0x11,0x12,0x21,0x11,0x41,0x14,0x41,0x11,0x01,0x02,0x23,0x41,0x10,0x01,0x19,0x01,0x11,0x00,0x23,0x59,
 0x00,0x12,0x20,0x24,0x11,0x10,0x00,0x14,0x22,0x22,0x30,0x10,0x04,0x44,0x4a,0xaa,0xaa,0xaa,0xa4,0x44,0x40,0x00,0x22,0x32,
 0x2a,0x00,0x03,0x10,0x00,0x11,0x14,0x94,0xaa,0x54,0x41,0x11,0x11,0x11,0x11,0x11,0x12,0x22,0x21,0x12,0x22,0x22,0x22,0x22,
 0x22,0x22,0x00,0x00,0x00,0x00,0x00,0x00,0x00,0x00,0x00,0x00,0x13,0x32,0x00,0x01,0x10,0x00,0x10,0x01,0x10,0x02,0x22,0x00,
 0x00,0x00,0x22,0x01,0x22,0x22,0x22,0x21,0x12,0x20,0x11,0x11,0x11,0x01,0x11,0x11,0x11,0x44,0x44,0x54,0x55,0xaa,0x5a,0x39,
 0xaa,0xa5,0x11,0x11,0x11,0x10,0x00,0x00,0x00,0x00,0x00,0x00,0x00,0x00,0x00,0x00,0x00,0x00,0x00,0x00,0x00,0x00,0x00,0x00,
 0x00,0x00,0x00,0x00,0x11,0x00,0x01,0x11,0x11,0x22,0x22,0x22,0x11,0x22,0x22,0x22,0x22,0x33,0x32,0x23,0x33,0x33,0x21,0x10,
 0x01,0x10,0x01,0x10,0x00,0x11,0x21,0x22,0x21,0x11,0x42,0x04,0x41,0x11,0x00,0x02,0x23,0x51,0x10,0x01,0x29,0x01,0x11,0x00,
 0x33,0xa6,0x00,0x12,0x40,0x24,0x22,0x21,0x00,0x14,0x22,0x11,0x44,0xa5,0x59,0x99,0x96,0x66,0x66,0x66,0x66,0x99,0x9a,0xaa,
 0x40,0x14,0x4a,0x00,0x00,0x42,0x00,0x01,0x20,0x4a,0xa5,0x5a,0xaa,0x44,0x44,0x54,0x44,0x42,0x22,0x11,0x11,0x11,0x11,0x11,
 0x12,0x22,0x11,0x22,0x22,0x22,0x22,0x22,0x22,0x22,0x11,0x10,0x00,0x00,0x12,0x22,0x00,0x01,0x00,0x00,0x00,0x01,0x10,0x02,
 0x22,0x00,0x00,0x02,0x21,0x02,0x11,0x12,0x22,0x11,0x03,0x31,0x34,0x33,0x34,0x55,0x55,0x54,0x45,0x55,0x55,0x34,0x11,0x11,
 0x10,0x00,0x00,0x00,0x00,0x00,0x00,0x00,0x00,0x00,0x00,0x00,0x00,0x00,0x00,0x00,0x00,0x00,0x00,0x00,0x01,0x10,0x11,0x11,
 0x11,0x11,0x11,0x11,0x12,0x22,0x11,0x11,0x11,0x11,0x11,0x11,0x12,0x21,0x11,0x16,0x66,0x66,0x66,0x66,0x66,0x66,0x66,0x67,
 0x72,0x10,0x02,0x10,0x01,0x10,0x00,0x12,0x22,0x22,0x21,0x22,0xa2,0x14,0x41,0x11,0x00,0x02,0x33,0x31,0x10,0x02,0x39,0x01,
 0x11,0x01,0x33,0x56,0x10,0x12,0x30,0x24,0x22,0x21,0x00,0x24,0x11,0x45,0x59,0x99,0x99,0x99,0x66,0x66,0x66,0x66,0x69,0x99,
 0x99,0x99,0xaa,0xa4,0xa1,0x00,0x00,0x12,0x00,0x00,0x00,0x00,0x00,0x00,0x11,0x24,0x44,0x44,0x44,0xaa,0x44,0x44,0x44,0x41,
 0x22,0x11,0x10,0x00,0x01,0x11,0x11,0x11,0x11,0x22,0x22,0x22,0x22,0x22,0x22,0x21,0x11,0x11,0x00,0x00,0x00,0x00,0x00,0x01,
 0x10,0x02,0x12,0x00,0x00,0x02,0x22,0x02,0x33,0x44,0x44,0x33,0x39,0x41,0x55,0x55,0x51,0x11,0x11,0x10,0x00,0x00,0x00,0x00,
 0x00,0x00,0x00,0x00,0x00,0x00,0x00,0x00,0x00,0x00,0x00,0x00,0x00,0x00,0x00,0x00,0x10,0x00,0x00,0x01,0x11,0x11,0x11,0x11,
 0x22,0x22,0x22,0x22,0x22,0x22,0x22,0x22,0x22,0x11,0x11,0x11,0x11,0x11,0x12,0x11,0x27,0x66,0x66,0x66,0x66,0x66,0x66,0x66,
 0x76,0x77,0x72,0x11,0x02,0x10,0x01,0x10,0x00,0x22,0x22,0x22,0x22,0x22,0xa2,0x04,0x42,0x21,0x00,0x22,0x12,0xa2,0x00,0x01,
 0x15,0x01,0x11,0x01,0x33,0x46,0x00,0x12,0x30,0x23,0x24,0x21,0x00,0x14,0x05,0x99,0x99,0x99,0x99,0x99,0x66,0x66,0x66,0x66,
 0x66,0x99,0x99,0x99,0x99,0x99,0x41,0x00,0x00,0x00,0x00,0x00,0x00,0x00,0x00,0x00,0x00,0x00,0x00,0x00,0x00,0x00,0x00,0x24,
 0x44,0x44,0x33,0x44,0x34,0xa4,0x44,0x43,0x34,0x41,0x11,0x11,0x11,0x11,0x11,0x12,0x12,0x11,0x22,0x22,0x21,0x12,0x21,0x12,
 0x10,0x01,0x00,0x02,0x22,0x00,0x00,0x13,0x44,0x22,0x44,0x43,0x33,0x00,0x00,0x00,0x00,0x00,0x00,0x00,0x00,0x00,0x00,0x00,
 0x00,0x00,0x00,0x00,0x00,0x00,0x00,0x00,0x00,0x01,0x34,0x44,0x53,0x55,0x51,0x55,0x62,0x25,0x22,0x22,0x22,0x22,0x22,0x22,
 0x22,0x22,0x22,0x22,0x22,0x22,0x22,0x22,0x22,0x22,0x22,0x22,0x36,0x22,0x22,0x12,0x12,0x22,0x76,0x66,0x66,0x66,0x66,0x66,
 0x66,0x77,0x77,0x77,0x72,0x11,0x02,0x21,0x01,0x10,0x00,0x22,0x22,0x22,0x22,0x22,0x41,0x11,0x00,0x11,0x02,0x22,0x22,0x24,
 0x00,0x10,0x11,0x11,0x20,0x00,0x23,0x39,0x40,0x13,0x30,0x23,0x24,0x21,0x00,0x14,0x19,0x99,0x99,0x99,0x99,0x99,0x96,0x66,
 0x66,0x66,0x69,0x99,0x99,0x99,0x99,0x99,0x91,0x11,0x00,0x21,0x00,0x00,0x00,0x00,0x00,0x00,0x00,0x00,0x00,0x00,0x00,0x00,
 0x00,0x00,0x00,0x00,0x00,0x11,0x11,0x23,0x32,0x44,0x44,0x43,0x33,0x44,0x34,0x44,0x11,0x22,0x21,0x11,0x11,0x11,0x01,0x12,
 0x01,0x12,0x20,0x01,0x11,0x02,0x22,0x00,0x00,0x01,0x10,0x20,0x00,0x00,0x00,0x00,0x01,0x10,0x00,0x00,0x00,0x00,0x00,0x00,
 0x00,0x00,0x00,0x00,0x00,0x12,0x21,0x11,0x92,0x21,0x14,0x55,0x55,0x55,0x52,0x55,0x52,0x55,0x55,0x56,0x12,0x22,0x22,0x22,
 0x22,0x22,0x22,0x22,0x22,0x22,0x22,0x22,0x22,0x22,0x22,0x22,0x22,0x22,0x03,0x11,0x11,0x21,0x21,0x16,0x66,0x66,0x66,0x66,
 0x66,0x67,0x77,0x77,0x77,0x77,0x72,0x11,0x02,0x20,0x01,0x10,0x00,0x22,0x22,0x22,0x22,0x24,0x44,0x12,0x20,0x00,0x00,0x00,
 0x22,0x21,0x10,0x02,0x22,0x91,0x00,0x02,0x32,0x56,0x90,0x12,0x40,0x34,0x44,0x21,0x00,0x24,0x24,0x99,0x99,0x99,0x99,0x99,
 0x99,0x66,0x66,0x66,0x99,0x99,0x99,0x99,0x99,0x99,0x90,0x11,0x00,0xa2,0x21,0x11,0x11,0x11,0x11,0x10,0x00,0x00,0x00,0x00,
 0x00,0x00,0x00,0x00,0x00,0x00,0x00,0x00,0x00,0x00,0x00,0x00,0x00,0x00,0x44,0x44,0x44,0x33,0x44,0x44,0x33,0x4a,0x44,0x32,
 0x00,0x12,0x01,0x11,0x10,0x01,0x11,0x02,0x22,0x00,0x00,0x00,0x00,0x20,0x00,0x00,0x00,0x00,0x01,0x40,0x00,0x00,0x01,0x11,
 0x11,0x22,0x12,0x22,0x36,0x51,0x00,0x55,0x52,0x31,0x95,0x21,0xa1,0x11,0x15,0x55,0x52,0x55,0x52,0x45,0x55,0x55,0x66,0x71,
 0x22,0x22,0x22,0x22,0x22,0x21,0x32,0x12,0x22,0x22,0x22,0x22,0x22,0x21,0x11,0x11,0x21,0x11,0x11,0x11,0x17,0x66,0x66,0x66,
 0x66,0x66,0x66,0x77,0x77,0x77,0x77,0x77,0x72,0x11,0x03,0x22,0x01,0x10,0x00,0x22,0x22,0x22,0x22,0xa4,0x22,0x22,0x00,0x00,
 0x09,0x66,0x40,0x11,0x49,0x11,0x22,0x22,0x00,0x04,0x53,0x55,0x91,0x12,0x40,0x34,0x44,0x22,0x01,0x24,0x22,0xa5,0x99,0x99,
 0x99,0x99,0x99,0x96,0x66,0x69,0x99,0x99,0x99,0x99,0x99,0x9a,0x30,0x11,0x00,0xa2,0x22,0x11,0x11,0x11,0x11,0x11,0x11,0x11,
 0x11,0x11,0x10,0x00,0x00,0x00,0x00,0x00,0x00,0x00,0x00,0x00,0x00,0x00,0x00,0x00,0x00,0x00,0x00,0x00,0x00,0x11,0x11,0x14,
 0x43,0x33,0x43,0x44,0x33,0x32,0x20,0x01,0x11,0x04,0x22,0x00,0x00,0x00,0x00,0x20,0x00,0x02,0x21,0x22,0x13,0x40,0x22,0x22,
 0x22,0x22,0x22,0x22,0x22,0x22,0x24,0x31,0x01,0x55,0x53,0x52,0x55,0x41,0x54,0x32,0x21,0x14,0x52,0x55,0x52,0x55,0x59,0x54,
 0x55,0x56,0x71,0x22,0x22,0x22,0x22,0x22,0x22,0x12,0x22,0x22,0x22,0x22,0x22,0x22,0x22,0x11,0x21,0x11,0x11,0x11,0x16,0x66,
 0x66,0x66,0x66,0x66,0x76,0x77,0x77,0x77,0x77,0x77,0x72,0x21,0x04,0x21,0x01,0x10,0x00,0x22,0x22,0x22,0x24,0x44,0x21,0x12,
 0x10,0x00,0x09,0x99,0x90,0x01,0x12,0x10,0x02,0x36,0x10,0x35,0x33,0x55,0x96,0x12,0x40,0x42,0x00,0x00,0x01,0x24,0x22,0x22,
 0x2a,0xaa,0x99,0x99,0x99,0x99,0x99,0x99,0x99,0x99,0x99,0x9a,0xaa,0x43,0x30,0x11,0x00,0x42,0x22,0x22,0x21,0x11,0x11,0x11,
 0x11,0x11,0x11,0x11,0x11,0x11,0x11,0x11,0x11,0x11,0x11,0x11,0x11,0x00,0x00,0x00,0x00,0x00,0x00,0x00,0x00,0x00,0x00,0x00,
 0x00,0x00,0x00,0x00,0x01,0x22,0x22,0x24,0x40,0x01,0x10,0x03,0x32,0x00,0x00,0x00,0x99,0x90,0x33,0x55,0xaa,0x5a,0x13,0x30,
 0x32,0x22,0x22,0x22,0x22,0x22,0x11,0x11,0x12,0x21,0x22,0x25,0x55,0x55,0x55,0x31,0x59,0x19,0x92,0x21,0x11,0x25,0x52,0x55,
 0x55,0x55,0x55,0x55,0x96,0x62,0x22,0x22,0x22,0x22,0x22,0x22,0x22,0x22,0x22,0x22,0x22,0x22,0x22,0x22,0x21,0x22,0x22,0x23,
 0x66,0x66,0x66,0x66,0x66,0x77,0x67,0x77,0x77,0x77,0x77,0x77,0x63,0x21,0x03,0x21,0x01,0x10,0x00,0x22,0x22,0x22,0x24,0x44,
 0x21,0x12,0x10,0x00,0x09,0x99,0x90,0x24,0x42,0x00,0x00,0x12,0x20,0x33,0x23,0x55,0x69,0x53,0x40,0x40,0x22,0x9a,0x01,0x24,
 0x22,0x32,0x22,0x22,0x5a,0xaa,0x59,0x99,0x99,0x99,0x9a,0xaa,0x44,0x43,0x10,0x43,0x30,0x11,0x00,0x22,0x22,0x11,0x21,0x11,
 0x11,0x11,0x11,0x11,0x11,0x11,0x10,0x00,0x00,0x00,0x00,0x00,0x00,0x00,0x00,0x00,0x00,0x11,0x01,0x11,0x00,0x00,0x00,0x00,
 0x00,0x00,0x00,0x00,0x00,0x00,0x00,0x00,0x00,0x00,0x00,0x01,0x10,0x03,0x34,0x10,0x00,0x00,0x54,0x41,0x34,0x55,0x55,0x66,
 0x19,0x51,0x33,0x32,0x22,0x22,0x22,0x33,0x33,0x33,0x33,0x32,0x22,0x22,0x2a,0xa5,0x55,0x51,0x59,0x15,0x32,0x22,0x99,0x11,
 0x25,0x55,0x55,0x55,0x55,0x39,0x55,0x62,0x22,0x22,0x22,0x22,0x22,0x22,0x22,0x22,0x22,0x22,0x22,0x22,0x32,0x22,0x22,0x22,
 0x22,0x26,0x66,0x66,0x66,0x66,0x67,0x77,0x77,0x77,0x77,0x77,0x77,0x76,0x63,0x21,0x02,0x21,0x11,0x10,0x00,0x22,0x22,0x21,
 0x34,0xa4,0x22,0x11,0x10,0x00,0x09,0x99,0x90,0xa5,0x96,0x90,0xa5,0x66,0x30,0x22,0x01,0x25,0x69,0xa1,0x40,0x10,0x22,0xa6,
 0x01,0x34,0x24,0x44,0x23,0x42,0x22,0x22,0x10,0x43,0x33,0x33,0x00,0x00,0x02,0x22,0x00,0x00,0x00,0x00,0x00,0x90,0x00,0x00,
 0x00,0x00,0x00,0x01,0x11,0x11,0x11,0x11,0x00,0x22,0x33,0x33,0x33,0x33,0x33,0x33,0x33,0x32,0x22,0x22,0x10,0x00,0x00,0x00,
 0x00,0x00,0x00,0x00,0x00,0x00,0x00,0x00,0x00,0x00,0x00,0x00,0x00,0x01,0x00,0x04,0x23,0x10,0x00,0x00,0x54,0x55,0x56,0x66,
 0x96,0x66,0x56,0x65,0x44,0x43,0x33,0x33,0x23,0x22,0x23,0x32,0x22,0x23,0x22,0x22,0x11,0x11,0x24,0x54,0x55,0x55,0x33,0x22,
 0x54,0x24,0x11,0x11,0x35,0x54,0x55,0x39,0x95,0x65,0x52,0x22,0x22,0x22,0x22,0x22,0x22,0x22,0x22,0x22,0x22,0x22,0x22,0x22,
 0x22,0x22,0x23,0x66,0x66,0x66,0x66,0x67,0x77,0x77,0x77,0x77,0x77,0x77,0x66,0x66,0x72,0x11,0x02,0x21,0x11,0x10,0x00,0x32,
 0x23,0x22,0x24,0xa3,0x32,0x22,0x10,0x00,0x09,0x99,0x90,0xa5,0x95,0x90,0xaa,0x66,0x90,0x22,0x01,0x22,0x42,0x41,0x40,0x10,
 0x00,0x02,0x00,0x34,0x24,0x44,0x24,0x42,0x34,0x22,0x21,0x43,0x33,0x34,0x00,0x00,0x02,0x22,0x00,0x1a,0x12,0x11,0x00,0x00,
 0x22,0x22,0x11,0x11,0x11,0x11,0x10,0x00,0x00,0x00,0x00,0x23,0x11,0x11,0x11,0x22,0x22,0x22,0x23,0x33,0x33,0x33,0x23,0x33,
 0x33,0x32,0x22,0x00,0x00,0x00,0x00,0x00,0x00,0x00,0x00,0x00,0x00,0x00,0x00,0x01,0x11,0x04,0x34,0x00,0x00,0x00,0x56,0x66,
 0x56,0x66,0x69,0x66,0x65,0x54,0x42,0x21,0x11,0x22,0x33,0x33,0x32,0x22,0x22,0x22,0x22,0x22,0x22,0x11,0x11,0x12,0x55,0x55,
 0x5a,0x22,0x15,0x55,0x23,0x10,0x11,0x35,0x55,0x35,0x55,0x61,0x25,0x52,0x22,0x22,0x22,0x22,0x22,0x22,0x22,0x22,0x22,0x22,
 0x22,0x22,0x22,0x22,0x26,0x66,0x66,0x66,0x66,0x77,0x76,0x77,0x77,0x77,0x77,0x76,0x66,0x77,0x72,0x11,0x05,0x21,0x11,0x10,
 0x00,0x33,0x33,0x33,0x34,0x43,0x41,0x22,0x20,0x00,0x0a,0x96,0x90,0xa4,0x13,0x50,0x45,0x12,0x90,0x11,0x00,0x00,0x41,0x41,
 0x10,0x32,0x23,0x59,0x41,0x44,0x24,0x44,0x24,0x42,0x44,0x44,0x11,0x43,0x33,0x44,0x00,0x00,0x00,0x21,0x00,0x10,0x00,0x00,
 0x01,0x11,0x10,0x00,0x00,0x00,0x00,0x00,0x00,0x00,0x04,0x11,0x00,0x23,0x10,0x00,0x00,0x00,0x00,0x00,0x00,0x00,0x00,0x00,
 0x00,0x00,0x22,0x22,0x33,0x33,0x33,0x33,0x33,0x33,0x32,0x22,0x31,0x11,0x10,0x00,0x00,0x01,0x11,0x04,0x34,0x10,0x00,0x10,
 0x55,0x95,0x55,0x66,0x69,0x96,0xa5,0x54,0x32,0x21,0x22,0x22,0x21,0x22,0x33,0x22,0x33,0x33,0x33,0x33,0x33,0x22,0x22,0x22,
 0x11,0x23,0x55,0x22,0x96,0x95,0x53,0x22,0x24,0x11,0x13,0xa5,0x55,0x62,0x24,0x22,0x24,0x62,0x22,0x22,0x22,0x22,0x22,0x22,
 0x22,0x22,0x22,0x22,0x22,0x22,0x66,0x66,0x66,0x66,0x67,0x66,0x67,0x77,0x75,0x17,0x22,0x92,0x67,0x77,0x72,0x11,0x0a,0x22,
 0x11,0x10,0x00,0x33,0x22,0x33,0x32,0x12,0x00,0x00,0x00,0x00,0x09,0x96,0x90,0xa4,0x15,0x10,0x43,0x42,0x90,0x00,0x01,0x00,
 0x43,0x10,0x02,0x32,0x12,0x55,0x65,0x24,0x44,0x44,0x34,0xa2,0x44,0x44,0x41,0x44,0x33,0x44,0x00,0x00,0x00,0x21,0x00,0x10,
 0x00,0x00,0x16,0x61,0x10,0x00,0x00,0x00,0x00,0x00,0x00,0x00,0x00,0x22,0x00,0x22,0x00,0x00,0x00,0x00,0x00,0x00,0x00,0x00,
 0x00,0x00,0x00,0x00,0x00,0x00,0x00,0x00,0x01,0x12,0x22,0x23,0x33,0x33,0x32,0x22,0x33,0x21,0x00,0x01,0x10,0x04,0x44,0x10,
 0x00,0x10,0x55,0x55,0x55,0x55,0x55,0x55,0xa5,0x44,0x32,0x22,0x22,0x22,0x12,0x22,0x22,0x33,0x33,0x33,0x22,0x22,0x22,0x22,
 0x22,0x21,0x11,0x91,0x11,0x11,0x55,0x55,0x54,0x22,0x29,0x11,0x43,0x22,0x45,0x92,0x29,0x22,0x12,0x34,0x22,0x22,0x22,0x22,
 0x22,0x62,0x22,0x22,0x22,0x22,0x22,0x16,0x66,0x66,0x66,0x66,0x76,0x67,0x77,0x77,0x73,0x23,0x22,0x53,0x27,0x77,0x72,0x11,
 0x0a,0x22,0x21,0x10,0x00,0x32,0x23,0x33,0x2a,0x21,0x01,0x12,0x10,0x00,0x09,0x69,0x90,0x44,0x5a,0x50,0x51,0x96,0x90,0x01,
 0x11,0x20,0x66,0x40,0x02,0x00,0x00,0x11,0x11,0x04,0x44,0x44,0x34,0x44,0x44,0x44,0x40,0x44,0x43,0x44,0x00,0x00,0x01,0x21,
 0x00,0xa0,0x00,0x01,0x66,0x66,0x09,0x99,0x99,0x94,0x10,0x00,0x00,0x00,0x00,0x12,0x00,0x22,0x00,0x00,0x00,0x00,0x00,0x00,
 0x00,0x00,0x00,0x00,0x00,0x00,0x00,0x00,0x00,0x00,0x00,0x00,0x00,0x00,0x00,0x00,0x00,0x00,0x00,0x22,0x00,0x01,0x11,0x03,
 0x33,0x10,0x00,0x10,0x35,0x54,0x44,0x55,0x55,0x55,0x44,0x33,0x33,0x22,0x22,0x22,0x12,0x22,0x32,0x22,0x22,0x33,0x33,0x33,
 0x33,0x32,0x22,0x21,0x12,0x91,0x11,0x11,0x11,0x55,0x55,0x31,0x29,0x35,0x32,0x23,0x11,0x32,0x24,0x21,0x21,0x24,0x22,0x22,
 0x22,0x22,0x22,0x12,0x22,0x22,0x22,0x22,0x21,0x66,0x66,0x66,0x67,0x66,0x77,0x77,0x67,0x77,0x32,0x23,0x22,0x22,0x27,0x77,
 0x72,0x11,0x03,0x21,0x22,0x20,0x00,0x32,0x23,0xaa,0x22,0x10,0x12,0x34,0x11,0x00,0x09,0x99,0x90,0x45,0x19,0x90,0x51,0x31,
 0x90,0x01,0x12,0x11,0x60,0x90,0x00,0x10,0x22,0x59,0x60,0x04,0x24,0x44,0x34,0x44,0x44,0x44,0x40,0x44,0x44,0x44,0x01,0x00,
 0x02,0x21,0x00,0x30,0x00,0x00,0x06,0x69,0x99,0x99,0x99,0x99,0x90,0x00,0x00,0x00,0x00,0x22,0x00,0x22,0x00,0x00,0x00,0x00,
 0x00,0x01,0x10,0x00,0x00,0x00,0x00,0x00,0x00,0x00,0x00,0x00,0x00,0x00,0x00,0x00,0x00,0x00,0x00,0x00,0x00,0x22,0x00,0x01,
 0x11,0x04,0x34,0x10,0x00,0x20,0x35,0x33,0x44,0x54,0x55,0x44,0x43,0x33,0x33,0x22,0x22,0x22,0x13,0x62,0x32,0x22,0x11,0x12,
 0x33,0x22,0x22,0x33,0x33,0x22,0x12,0x91,0x11,0x11,0x15,0x12,0x35,0x11,0x29,0x45,0x4a,0x22,0x15,0x13,0x99,0x12,0x23,0x23,
 0x22,0x22,0x22,0x22,0x22,0x22,0x22,0x22,0x22,0x22,0x23,0x66,0x66,0x66,0x66,0x67,0x77,0x77,0x67,0x72,0x32,0x34,0x22,0x32,
 0x33,0x77,0x72,0x21,0x05,0x21,0x22,0x20,0x00,0x32,0x24,0x42,0x21,0x01,0x11,0x22,0x22,0x10,0x09,0x96,0x90,0x45,0x11,0x50,
 0xa5,0x27,0x90,0x01,0x20,0x01,0x96,0x90,0x05,0x20,0x22,0x59,0x69,0x0a,0x44,0x44,0x44,0x44,0xaa,0xa4,0x40,0x54,0x44,0x44,
 0x01,0x10,0x02,0x22,0x00,0x31,0x00,0x00,0x00,0x99,0x99,0x51,0x00,0x39,0x99,0x90,0x00,0x00,0x00,0x43,0x00,0x22,0x00,0x00,
 0x77,0x33,0x07,0x27,0x07,0x37,0x07,0x07,0x21,0x13,0x21,0x72,0x20,0x27,0x20,0x00,0x00,0x00,0x00,0x00,0x00,0x00,0x00,0x32,
 0x00,0x01,0x11,0x05,0x44,0x10,0x00,0x10,0x33,0x33,0x44,0x33,0x35,0x34,0x43,0x33,0x33,0x22,0x22,0x22,0x13,0x62,0x31,0x11,
 0x11,0x13,0x12,0x22,0x22,0x23,0x32,0x22,0x12,0x52,0x22,0x11,0x29,0x11,0x11,0x12,0x29,0x45,0x55,0x25,0x52,0x52,0x21,0x99,
 0x41,0x23,0x22,0x22,0x22,0x22,0x22,0x22,0x22,0x22,0x22,0x22,0x76,0x66,0x66,0x66,0x66,0x77,0x77,0x66,0x77,0x72,0x42,0x33,
 0x22,0x22,0x52,0x77,0x63,0x21,0x04,0x21,0x12,0x20,0x00,0x33,0x44,0x22,0x11,0x12,0x21,0x22,0x21,0x10,0x09,0x66,0x90,0xa5,
 0x99,0x90,0xaa,0x94,0x90,0x02,0x21,0x00,0x56,0x90,0x05,0x20,0x22,0x59,0x69,0x0a,0x4a,0xa4,0x44,0x00,0x11,0xaa,0xa0,0xa4,
 0x44,0x44,0x01,0x10,0x12,0x12,0x00,0x31,0x00,0x00,0x04,0x95,0x51,0x11,0x10,0x00,0x49,0x91,0x00,0x00,0x00,0x43,0x00,0x22,
 0x00,0x00,0x71,0x27,0x07,0x27,0x05,0x57,0x07,0x07,0x70,0x13,0x31,0x37,0x10,0x07,0x00,0x00,0x00,0x00,0x00,0x00,0x00,0x00,
 0x00,0x32,0x00,0x01,0x11,0x15,0x44,0x10,0x00,0x11,0x33,0x33,0x43,0x33,0x34,0x33,0x32,0x33,0x33,0x22,0x22,0x22,0x13,0x62,
 0x41,0x11,0x12,0x24,0x12,0x22,0x22,0x22,0x22,0x32,0x11,0x92,0x11,0x11,0x2a,0x32,0x21,0x11,0x21,0x55,0x55,0x55,0x52,0x54,
 0x29,0x12,0x15,0x94,0x12,0x22,0x22,0x22,0x22,0x22,0x22,0x22,0x22,0x22,0x66,0x66,0x66,0x66,0x67,0x77,0x76,0x67,0x77,0x72,
 0x22,0x22,0x22,0x22,0x22,0x76,0x63,0x21,0x04,0x21,0x12,0x10,0x00,0x3a,0x32,0x22,0x00,0x11,0x14,0x44,0x44,0x40,0x09,0x96,
 0x90,0x59,0x99,0x90,0xa5,0x99,0x90,0x02,0x21,0x14,0x96,0x50,0x05,0x20,0x22,0x59,0x69,0x05,0x55,0x5a,0x00,0x01,0x11,0x03,
 0xa1,0x5a,0x44,0x34,0x01,0x10,0x12,0x22,0x00,0x31,0x00,0x00,0x09,0x94,0x11,0x11,0x00,0x00,0x05,0x99,0x00,0x00,0x00,0xa3,
 0x00,0x22,0x00,0x00,0x71,0x17,0x07,0x57,0x05,0x37,0x07,0x07,0x00,0x12,0x00,0x00,0x70,0x07,0x00,0x00,0x00,0x00,0x00,0x00,
 0x00,0x00,0x00,0x32,0x00,0x01,0x11,0x09,0x55,0x10,0x00,0x11,0x33,0x35,0x43,0x33,0x34,0x32,0x32,0x33,0x33,0x22,0x22,0x22,
 0x13,0x22,0x31,0x11,0x22,0x14,0x12,0x22,0x12,0x22,0x22,0x22,0x20,0x92,0x22,0x21,0x25,0x33,0x33,0x24,0x24,0x12,0x45,0x95,
 0x59,0x55,0x29,0x35,0x23,0x23,0x52,0x22,0x22,0x22,0x22,0x22,0x22,0x22,0x22,0x26,0x66,0x66,0x66,0x66,0x77,0x76,0x67,0x77,
 0x77,0x72,0x22,0x22,0x22,0x22,0x22,0x66,0x63,0x11,0x03,0x21,0x22,0x10,0x03,0x4a,0x21,0x11,0x01,0x44,0xaa,0xaa,0xaa,0xa1,
 0x00,0x03,0x20,0x35,0x96,0x90,0x13,0x46,0x90,0x01,0x10,0x12,0x96,0x90,0x05,0x20,0x22,0x59,0x69,0x09,0x55,0x00,0x00,0x00,
 0x04,0x51,0x00,0xa5,0x55,0x5a,0x01,0x10,0x02,0x22,0x00,0x40,0x00,0x00,0x99,0x90,0x00,0x00,0x00,0x00,0x00,0x99,0x50,0x00,
 0x00,0x43,0x00,0x22,0x00,0x01,0x70,0x17,0x05,0x07,0x05,0x07,0x07,0x07,0x00,0x17,0x70,0x77,0x30,0x07,0x00,0x00,0x00,0x00,
 0x00,0x00,0x00,0x00,0x00,0x32,0x00,0x01,0x11,0x05,0x43,0x10,0x00,0x15,0x22,0x43,0x32,0x23,0x33,0x23,0x22,0x23,0x33,0x22,
 0x32,0x22,0x13,0x33,0x32,0x22,0x21,0x13,0x11,0x12,0x12,0x22,0x22,0x21,0x11,0x93,0x22,0x21,0x14,0x33,0x33,0x51,0x23,0x22,
 0x22,0x23,0x55,0x59,0x95,0x53,0x29,0x92,0x42,0x22,0x22,0x22,0x22,0x22,0x22,0x22,0x22,0x26,0x66,0x66,0x66,0x67,0x76,0x66,
 0x66,0x77,0x77,0x77,0x22,0x22,0x22,0x22,0x26,0x67,0x72,0x11,0x03,0x22,0x22,0x10,0x31,0x11,0x44,0x49,0x99,0x96,0x66,0x66,
 0x66,0x63,0x02,0x21,0x10,0x00,0x01,0x20,0x00,0x00,0x00,0x02,0x10,0x22,0x96,0xa0,0x04,0x20,0x22,0x59,0x65,0x09,0x51,0x00,
 0x00,0x11,0x01,0x40,0x00,0x04,0x45,0x55,0x01,0x10,0x02,0x22,0x00,0x20,0x00,0x00,0x99,0x50,0x00,0x00,0x00,0x11,0x11,0x59,
 0x90,0x00,0x00,0x22,0x00,0x22,0x00,0x00,0x00,0x00,0x00,0x00,0x00,0x00,0x00,0x00,0x00,0x00,0x00,0x00,0x00,0x00,0x00,0x00,
 0x00,0x00,0x00,0x00,0x00,0x00,0x00,0x32,0x10,0x01,0x11,0x05,0x43,0x00,0x00,0x55,0x22,0x43,0x32,0x23,0x33,0x22,0x22,0x23,
 0x57,0x32,0x33,0x22,0x12,0x33,0x22,0x22,0x62,0x15,0x11,0x22,0x21,0x11,0x22,0x21,0x12,0x22,0x22,0x22,0x25,0x33,0x33,0x22,
 0x21,0x23,0x32,0x22,0x22,0x45,0x95,0x55,0x25,0x32,0xa1,0x22,0x22,0x22,0x22,0x22,0x22,0x22,0x21,0x66,0x66,0x66,0x66,0x67,
 0x66,0x67,0x76,0x77,0x77,0x77,0x32,0x12,0x22,0x22,0x66,0x77,0x72,0x11,0x03,0x21,0x22,0x10,0x04,0xaa,0x99,0x99,0x99,0x96,
 0x66,0x66,0x66,0x67,0x0a,0xaa,0x59,0x91,0x11,0x10,0x00,0x06,0x00,0x02,0x21,0x12,0x99,0x40,0x04,0x20,0x23,0x55,0x69,0x05,
 0xa0,0x01,0x10,0x11,0x00,0x00,0x01,0x11,0x10,0x45,0x01,0x11,0x13,0x22,0x00,0x20,0x00,0x00,0x99,0x01,0x00,0x04,0x55,0x99,
 0x55,0x59,0x90,0x00,0x00,0x22,0x00,0x23,0x00,0x00,0x00,0x00,0x00,0x00,0x00,0x00,0x00,0x00,0x00,0x00,0x00,0x00,0x00,0x00,
 0x00,0x00,0x00,0x00,0x00,0x00,0x00,0x00,0x00,0x32,0x10,0x01,0x21,0x15,0x34,0x00,0x00,0x99,0x33,0x33,0x22,0x22,0x33,0x22,
 0x22,0x23,0x53,0x32,0x33,0x55,0x23,0x33,0x22,0x21,0x11,0x12,0x12,0x22,0x27,0x11,0x22,0x22,0x12,0x92,0x22,0x21,0x15,0x33,
 0x33,0x30,0x22,0x23,0x33,0x23,0x32,0x22,0x22,0xa5,0x55,0x53,0x52,0x27,0x22,0x22,0x22,0x22,0x22,0x22,0x16,0x66,0x66,0x66,
 0x66,0x76,0x66,0x77,0x77,0x77,0x76,0x76,0x73,0x22,0x22,0x23,0x77,0x77,0x72,0x11,0x04,0x21,0x22,0x11,0x99,0x99,0x99,0x99,
 0x99,0x96,0x66,0x66,0x66,0x67,0x0a,0xaa,0xa5,0xaa,0xaa,0xa5,0x45,0x33,0x00,0x00,0x11,0x12,0x42,0x20,0x02,0x20,0x12,0x34,
 0x65,0x05,0x00,0x01,0x11,0x00,0x00,0x01,0x00,0x01,0x10,0x40,0x01,0x11,0x13,0x33,0x00,0x20,0x00,0x00,0x99,0x01,0x14,0x94,
 0x00,0x00,0x00,0x09,0x50,0x00,0x00,0x32,0x00,0x23,0x00,0x00,0x00,0x00,0x00,0x00,0x00,0x00,0x00,0x00,0x00,0x00,0x00,0x00,
 0x00,0x00,0x00,0x00,0x00,0x00,0x00,0x00,0x00,0x00,0x00,0x32,0x10,0x01,0x11,0x15,0x35,0x10,0x00,0x99,0x33,0x33,0x33,0x35,
 0x44,0x62,0x22,0x23,0x53,0x32,0x76,0x66,0x23,0x33,0x32,0x11,0x11,0x23,0x12,0x22,0x27,0x21,0x22,0x21,0x11,0x92,0x22,0x22,
 0x19,0x22,0x13,0x31,0x23,0x33,0x33,0x33,0x33,0x32,0x21,0x11,0x25,0x55,0x55,0x39,0x22,0x22,0x22,0x22,0x22,0x22,0x26,0x66,
 0x66,0x66,0x67,0x66,0x66,0x77,0x77,0x77,0x67,0x76,0x73,0x22,0x72,0x23,0x77,0x77,0x72,0x11,0x03,0x21,0x12,0x1a,0x99,0x99,
 0x99,0x99,0x99,0x96,0x66,0x66,0x66,0x67,0x00,0x00,0x4a,0xaa,0xaa,0xa5,0x99,0x99,0x99,0x66,0x50,0x00,0x00,0x00,0x02,0x20,
 0x22,0x44,0x11,0x05,0x01,0x11,0x10,0x00,0x10,0x01,0x41,0x12,0x10,0x00,0x00,0x21,0x12,0x22,0x00,0x41,0x00,0x00,0x99,0x4a,
 0xa5,0x11,0x99,0x41,0x00,0x09,0x90,0x00,0x00,0x32,0x00,0x23,0x00,0x00,0x00,0x00,0x00,0x00,0x00,0x00,0x00,0x00,0x00,0x00,
 0x00,0x00,0x00,0x00,0x00,0x00,0x00,0x00,0x00,0x00,0x00,0x00,0x00,0x32,0x10,0x01,0x11,0x19,0x99,0x10,0x00,0x95,0x5a,0xa4,
 0x33,0x43,0x22,0x45,0x59,0x69,0x53,0x32,0x76,0x66,0x23,0x33,0x31,0x12,0x22,0x24,0x12,0x22,0x22,0x22,0x22,0x32,0x10,0x05,
 0x32,0x22,0x29,0x32,0x22,0x21,0x11,0x33,0x33,0x33,0x33,0x33,0x22,0x21,0x11,0x11,0x52,0x25,0x22,0x22,0x22,0x22,0x22,0x22,
 0x66,0x66,0x66,0x66,0x66,0x66,0x67,0x77,0x77,0x77,0x76,0x66,0x73,0x72,0x23,0x25,0x77,0x77,0x72,0x11,0x03,0x21,0x12,0x11,
 0x59,0x99,0x99,0x99,0x99,0x99,0x66,0x66,0x66,0x64,0x00,0x00,0x00,0x00,0x00,0xa5,0xa9,0x95,0x55,0x5a,0xa5,0x96,0x66,0x11,
 0x11,0x00,0x12,0x4a,0x64,0x0a,0x01,0x10,0x01,0x10,0x0a,0x44,0x44,0x4a,0xa1,0xaa,0xa4,0x01,0x13,0x22,0x00,0x31,0x00,0x00,
 0x99,0x45,0x52,0x35,0x95,0x99,0x55,0x99,0x90,0x00,0x00,0x32,0x00,0x23,0x00,0x00,0x00,0x10,0x00,0x00,0x00,0x00,0x00,0x00,
 0x00,0x00,0x00,0x00,0x00,0x00,0x10,0x00,0x00,0x00,0x00,0x00,0x00,0x00,0x00,0x32,0x10,0x01,0x11,0x15,0x95,0x10,0x00,0x95,
 0x32,0x24,0x22,0x22,0x22,0x93,0x23,0xa5,0x96,0x63,0x76,0x66,0x23,0x36,0x42,0x22,0x22,0x22,0x22,0x22,0x22,0x22,0x25,0x22,
 0x01,0x12,0x32,0x22,0x25,0x22,0x22,0x20,0x12,0x22,0x33,0x32,0x22,0x22,0x22,0x21,0x12,0x29,0x22,0x22,0x22,0x12,0x12,0x22,
 0x22,0x27,0x66,0x66,0x66,0x66,0x66,0x66,0x77,0x77,0x67,0x77,0x66,0x66,0x73,0x73,0x23,0x25,0x77,0x77,0x72,0x11,0x04,0x21,
 0x12,0x10,0x15,0x99,0x99,0x99,0x99,0x99,0x96,0x66,0x66,0x95,0x00,0x00,0x00,0x00,0x00,0x00,0x00,0x00,0x0a,0xaa,0xa5,0x59,
 0x95,0x55,0xa6,0x99,0xa1,0x22,0x11,0x03,0x11,0x00,0x00,0x1a,0xaa,0xa4,0x44,0x00,0x0a,0x0a,0x44,0x40,0x03,0x22,0x00,0x21,
 0x00,0x00,0x99,0x45,0x55,0x52,0x11,0x11,0x11,0x19,0x90,0x00,0x00,0x22,0x00,0x23,0x00,0x00,0x03,0x03,0x00,0x17,0x00,0x00,
 0x00,0x00,0x07,0x00,0x21,0x31,0x71,0x31,0x23,0x03,0x00,0x31,0x70,0x00,0x00,0x00,0x00,0x32,0x10,0x02,0x21,0x19,0x95,0x10,
 0x00,0x99,0x41,0x44,0x24,0x44,0x32,0x94,0xa1,0xa4,0x44,0xa5,0x56,0x96,0x23,0x33,0x32,0x22,0x22,0x22,0x12,0x22,0x22,0x21,
 0x52,0x22,0x22,0x22,0x24,0x22,0x15,0x22,0x22,0x11,0x11,0x59,0x22,0x22,0x22,0x22,0x22,0x22,0x22,0x29,0x12,0x25,0x22,0x12,
 0x32,0x22,0x22,0x26,0x66,0x66,0x66,0x67,0x66,0x67,0x77,0x76,0x67,0x66,0x66,0x77,0x73,0x32,0x32,0x23,0x77,0x77,0x72,0x11,
 0x05,0x31,0x12,0x10,0x00,0x33,0x49,0x59,0x99,0x99,0x99,0x99,0x99,0x94,0x00,0x00,0x00,0x00,0x00,0x00,0x00,0x00,0x00,0x00,
 0x00,0x00,0x11,0x5a,0xaa,0xaa,0xa5,0x66,0x99,0x90,0x11,0x00,0x14,0x41,0xaa,0xaa,0xa4,0x44,0x41,0x11,0x21,0x41,0x13,0x32,
 0x00,0x21,0x00,0x00,0x99,0x90,0x00,0x04,0x95,0x54,0xa4,0x99,0x50,0x00,0x00,0x22,0x00,0x23,0x10,0x00,0x03,0x00,0x00,0x20,
 0x00,0x00,0x00,0x00,0x07,0x00,0x20,0x31,0x72,0x31,0x13,0x03,0x30,0x30,0x70,0x00,0x00,0x00,0x00,0x32,0x10,0x02,0x21,0x19,
 0x99,0x10,0x00,0x99,0x42,0x44,0x24,0x44,0x33,0x9a,0xa1,0xaa,0xaa,0xa2,0xa4,0x4a,0xa4,0x63,0x42,0x22,0x22,0x22,0x12,0x22,
 0x22,0x29,0x22,0x12,0x22,0x22,0x29,0x32,0x12,0x22,0x22,0x11,0x12,0x15,0x12,0x22,0x22,0x22,0x22,0x22,0x22,0x29,0x52,0x25,
 0x22,0x22,0x22,0x22,0x22,0x36,0x66,0x66,0x66,0x66,0x66,0x77,0x77,0x66,0x76,0x66,0x67,0x77,0x73,0x27,0x72,0x33,0x77,0x77,
 0x72,0x11,0x05,0x31,0x22,0x10,0x00,0x33,0x33,0x3a,0x55,0x59,0x99,0x99,0x99,0x94,0x00,0x02,0x49,0x00,0x00,0x00,0x00,0x00,
 0x00,0x00,0x00,0x00,0x00,0x00,0x00,0x11,0x14,0x99,0x54,0x41,0x12,0x00,0x4a,0x4a,0x94,0x41,0x10,0x00,0x00,0x00,0x00,0x00,
 0x43,0x33,0x00,0x31,0x00,0x01,0x49,0x95,0x95,0x54,0x01,0x10,0x04,0x99,0x40,0x00,0x00,0x22,0x00,0x23,0x00,0x00,0x03,0x33,
 0x00,0x70,0x00,0x00,0x00,0x00,0x17,0x32,0x23,0x31,0x70,0x31,0x33,0x03,0x32,0x73,0x30,0x00,0x00,0x00,0x00,0x32,0x10,0x02,
 0x21,0x09,0x99,0x10,0x00,0x99,0x42,0x44,0x3a,0x43,0x33,0x9a,0xa2,0xaa,0xaa,0xa2,0xa4,0xaa,0x21,0x53,0x42,0x22,0x22,0x22,
 0x12,0x22,0x22,0x92,0x21,0x12,0x24,0x33,0x42,0x22,0x23,0x99,0x11,0x12,0x22,0x11,0x91,0x22,0x22,0x22,0x22,0x22,0x22,0x29,
 0x32,0x15,0x22,0x22,0x22,0x22,0x22,0x66,0x66,0x66,0x66,0x66,0x67,0x77,0x66,0x66,0x66,0x66,0x77,0x77,0x73,0x23,0x32,0x22,
 0x77,0x37,0x72,0x22,0x05,0x31,0x02,0x20,0x00,0x43,0x33,0x33,0x33,0x34,0x45,0x55,0x55,0x42,0x00,0x00,0x00,0x00,0x00,0x01,
 0x22,0x00,0x00,0x00,0x00,0x00,0x00,0x00,0x00,0x00,0x00,0x00,0x00,0x00,0x00,0x10,0xa4,0x44,0xa4,0x10,0x01,0x11,0x02,0x10,
 0x00,0x01,0x02,0x33,0x00,0x41,0x00,0x00,0x05,0x99,0x21,0x11,0x00,0x00,0x39,0x95,0x10,0x00,0x00,0x32,0x00,0x23,0x00,0x00,
 0x00,0x21,0x00,0x10,0x00,0x00,0x00,0x00,0x01,0x11,0x11,0x10,0x10,0x10,0x10,0x01,0x11,0x11,0x00,0x00,0x00,0x00,0x00,0x32,
 0x00,0x02,0x21,0x09,0x99,0x10,0x00,0x99,0x42,0x44,0x24,0x44,0x23,0x9a,0xa2,0xaa,0xaa,0xa2,0xa4,0xaa,0x14,0xa3,0x42,0x22,
 0x22,0x22,0x22,0x52,0x33,0x32,0x22,0x22,0x22,0x22,0x22,0x22,0x13,0x19,0x56,0x77,0x22,0x12,0x35,0x12,0x22,0x22,0x22,0x22,
 0x22,0x29,0x12,0x29,0x22,0x22,0x22,0x22,0x23,0x66,0x66,0x66,0x66,0x66,0x67,0x76,0x66,0x66,0x66,0x67,0x77,0x77,0x32,0x22,
 0x22,0x22,0x77,0x77,0x72,0x22,0x05,0x31,0x02,0x10,0x00,0x44,0x33,0x33,0x33,0x33,0x33,0x33,0x33,0x32,0x00,0x02,0xa6,0x00,
 0x00,0x01,0x49,0x00,0x00,0x00,0x00,0x00,0x00,0x04,0x10,0x00,0x00,0x00,0x00,0x10,0x00,0x0a,0x14,0x4a,0x40,0x00,0x21,0x11,
 0x11,0x11,0x11,0x01,0x11,0x13,0x00,0x21,0x00,0x00,0x00,0x99,0x95,0x50,0x00,0x45,0x99,0x90,0x00,0x00,0x00,0x22,0x00,0x23,
 0x00,0x00,0x00,0x00,0x00,0x00,0x00,0x00,0x00,0x00,0x00,0x00,0x00,0x00,0x00,0x00,0x00,0x00,0x00,0x00,0x00,0x00,0x00,0x00,
 0x00,0x32,0x10,0x02,0x21,0x19,0x95,0x10,0x00,0x99,0x42,0x44,0x24,0x44,0x23,0x9a,0xa2,0xaa,0x5a,0xa2,0xaa,0xaa,0x24,0x93,
 0x42,0x22,0x22,0x23,0x21,0x22,0x22,0x22,0x22,0x11,0x11,0x11,0x22,0x21,0x22,0x52,0x24,0x99,0x99,0x32,0x22,0x92,0x22,0x22,
 0x22,0x22,0x22,0x29,0x31,0x25,0x22,0x22,0x22,0x22,0x26,0x66,0x66,0x66,0x66,0x66,0x67,0x66,0x66,0x66,0x66,0x73,0x77,0x33,
 0x32,0x27,0x72,0x22,0x77,0x77,0x63,0x22,0x05,0x31,0x02,0x10,0x00,0x45,0x33,0x33,0x33,0x33,0x33,0x33,0x33,0x32,0x00,0x02,
 0x56,0x02,0x11,0x00,0x14,0x00,0x00,0x01,0x50,0x00,0x00,0x04,0x10,0x00,0x01,0x01,0x00,0x41,0x00,0xa0,0x44,0x40,0x01,0x11,
 0x21,0x41,0x11,0x12,0x00,0x01,0x12,0x13,0x00,0x21,0x00,0x00,0x00,0x19,0x99,0x99,0x99,0x99,0x99,0x10,0x00,0x00,0x00,0x22,
 0x00,0x23,0x00,0x00,0x00,0x00,0x00,0x00,0x00,0x00,0x00,0x00,0x00,0x00,0x00,0x00,0x00,0x00,0x00,0x00,0x00,0x00,0x00,0x00,
 0x00,0x00,0x00,0x32,0x10,0x02,0x21,0x19,0x95,0x11,0x00,0x99,0x41,0x44,0x24,0x44,0x33,0x9a,0xa2,0xaa,0x5a,0xa2,0xa4,0xaa,
 0x44,0x93,0x42,0x22,0x22,0x23,0x22,0x21,0x02,0x12,0x22,0x21,0x22,0x22,0x22,0x22,0x23,0x35,0x35,0x33,0x45,0x99,0x67,0x51,
 0x22,0x22,0x22,0x22,0x22,0x29,0x42,0x29,0x22,0x22,0x22,0x22,0x76,0x66,0x66,0x66,0x66,0x67,0x76,0x66,0x66,0x66,0x77,0x77,
 0x77,0x77,0x73,0x23,0x72,0x33,0x77,0x66,0x63,0x22,0x05,0x21,0x12,0x20,0x00,0x45,0x34,0x33,0x43,0x33,0x33,0x33,0x44,0x32,
 0x00,0x02,0x56,0x01,0x11,0x02,0xa6,0x01,0x00,0x00,0x10,0x00,0x01,0x02,0x10,0x11,0x4a,0x10,0x00,0x44,0x00,0x11,0x44,0x00,
 0x01,0x21,0x22,0x44,0x21,0x14,0x00,0x01,0x2a,0xa1,0x00,0x31,0x00,0x00,0x01,0x11,0x09,0x99,0x55,0x99,0x10,0x00,0x00,0x00,
 0x00,0x22,0x00,0x23,0x00,0x00,0x00,0x00,0x10,0x00,0x00,0x00,0x00,0x00,0x00,0x00,0x00,0x00,0x00,0x00,0x00,0x00,0x00,0x00,
 0x00,0x00,0x00,0x00,0x00,0x32,0x10,0x02,0x21,0x19,0x55,0x21,0x00,0x99,0x42,0x44,0x34,0x44,0x33,0x9a,0x51,0xaa,0x5a,0xa1,
 0xa4,0xaa,0x24,0x93,0x42,0x22,0x22,0x23,0x21,0x12,0x22,0x12,0x22,0x21,0x22,0x22,0x22,0x22,0x23,0x29,0x35,0x99,0x99,0x23,
 0x95,0x99,0x66,0x32,0x22,0x22,0x22,0x29,0x22,0x23,0x22,0x22,0x22,0x22,0x66,0x66,0x10,0x66,0x66,0x66,0x66,0x66,0x66,0x67,
 0x77,0x77,0x77,0x77,0x33,0x33,0x32,0x33,0x66,0x76,0x63,0x21,0x05,0x31,0x12,0x20,0x00,0x44,0x44,0x34,0x44,0x44,0x44,0x44,
 0x44,0x43,0x00,0x03,0x56,0x01,0x11,0x02,0xa6,0x01,0x10,0x01,0x10,0x00,0x11,0x02,0x10,0x22,0x90,0x20,0x00,0x04,0x00,0x04,
 0x00,0x00,0x11,0x11,0x11,0x10,0x91,0x40,0xaa,0xa0,0x01,0x12,0x00,0x21,0x00,0x00,0x00,0x00,0x00,0x00,0x00,0x00,0x00,0x00,
 0x00,0x00,0x00,0x22,0x00,0x23,0x00,0x00,0x03,0x73,0x07,0x77,0x00,0x00,0x00,0x00,0x07,0x00,0x17,0x30,0x23,0x11,0x33,0x07,
 0x07,0x03,0x03,0x30,0x00,0x00,0x00,0x32,0x10,0x02,0x21,0x05,0x99,0x21,0x00,0x95,0x32,0x44,0x24,0x32,0x24,0x9a,0xa2,0xaa,
 0x99,0xa1,0xa4,0xa5,0x24,0x93,0x42,0x22,0x22,0x23,0x22,0x12,0x22,0x12,0x22,0x21,0x22,0x22,0x22,0x22,0x23,0x29,0x55,0x99,
 0x99,0x99,0x35,0x33,0x99,0x99,0x61,0x12,0x22,0x29,0x22,0x25,0x22,0x22,0x22,0x22,0x66,0x66,0x29,0x66,0x66,0x66,0x66,0x66,
 0x66,0x77,0x77,0x77,0x77,0x77,0x73,0x33,0x22,0x33,0x66,0x66,0x63,0x21,0x0a,0x21,0x12,0x20,0x00,0x44,0x44,0x44,0x44,0x44,
 0x44,0x44,0x44,0x43,0x00,0x01,0x24,0x01,0x11,0x01,0x12,0x11,0x11,0x01,0x10,0x00,0x01,0x0a,0x10,0xa0,0x91,0x00,0x00,0x00,
 0x04,0x03,0x00,0x01,0x11,0x12,0x21,0x11,0x12,0x14,0x95,0x54,0x03,0x10,0x00,0x20,0x11,0x11,0x10,0x00,0x00,0x00,0x00,0x00,
 0x00,0x00,0x00,0x00,0x00,0x22,0x00,0x33,0x00,0x00,0x03,0x03,0x00,0x31,0x00,0x00,0x00,0x00,0x07,0x00,0x21,0x31,0x71,0x31,
 0x13,0x07,0x07,0x33,0x32,0x21,0x00,0x00,0x00,0x32,0x10,0x02,0x21,0x09,0x99,0x20,0x00,0x5a,0x31,0x44,0x23,0x34,0x34,0x9a,
 0xa1,0xaa,0x99,0x91,0xa4,0xaa,0x24,0x93,0x42,0x22,0x22,0x23,0x22,0x02,0x32,0x12,0x22,0x21,0x22,0x21,0x22,0x22,0x23,0x29,
 0x55,0x99,0x99,0x99,0x99,0x99,0x93,0x34,0x99,0x99,0x23,0x25,0x52,0x45,0x22,0x22,0x22,0x22,0x66,0x63,0x22,0x56,0x66,0x66,
 0x66,0x66,0x63,0x27,0x77,0x77,0x77,0x77,0x33,0x77,0x23,0x53,0x66,0x66,0x62,0x11,0x0a,0x21,0x12,0x20,0x00,0x44,0x44,0x44,
 0x44,0x44,0x44,0x44,0x44,0x43,0x02,0x21,0x49,0x42,0x10,0x12,0x33,0x01,0x11,0x00,0x00,0x01,0x11,0x04,0x10,0xa0,0x90,0x00,
 0x00,0x01,0x04,0x40,0x01,0x11,0x01,0x14,0x44,0x00,0x21,0xa9,0x95,0x59,0x00,0x10,0x40,0x21,0x99,0x99,0x00,0x22,0x00,0x23,
 0x02,0x22,0x23,0x11,0x03,0x43,0x20,0x12,0x00,0x33,0x10,0x00,0x03,0x03,0x00,0x07,0x00,0x00,0x00,0x00,0x17,0x00,0x21,0x31,
 0x73,0x31,0x13,0x07,0x03,0x77,0x32,0x12,0x00,0x00,0x00,0x32,0x10,0x02,0x20,0x04,0x99,0x10,0x00,0x55,0x31,0x44,0x24,0x44,
 0x34,0x9a,0xa2,0xaa,0x59,0x51,0x95,0x5a,0x24,0x93,0x32,0x26,0x22,0x23,0x22,0x02,0x32,0x12,0x22,0x21,0x22,0x22,0x22,0x22,
 0x23,0x29,0x55,0x59,0x99,0x99,0x99,0x99,0x99,0x95,0x52,0x99,0x29,0x96,0x35,0x43,0x22,0x22,0x22,0x26,0x66,0x62,0x23,0x26,
 0x66,0x66,0x66,0x66,0x72,0x47,0x77,0x77,0x77,0x77,0x73,0x72,0x22,0x93,0x66,0x66,0x72,0x11,0x04,0x31,0x12,0x20,0x00,0x44,
 0x44,0x44,0x44,0x44,0x44,0x44,0x44,0x43,0x03,0x22,0x4a,0x64,0x00,0x32,0x23,0x54,0x00,0x02,0x11,0x01,0x11,0x12,0x10,0x55,
 0x01,0x11,0x00,0x00,0x04,0x00,0x01,0x10,0x00,0xa5,0x00,0x42,0x0a,0x55,0x55,0x55,0x00,0x00,0x40,0x25,0x99,0x99,0x40,0x99,
 0x00,0x99,0x05,0x99,0x99,0x51,0x99,0x99,0x90,0x12,0x00,0x33,0x10,0x00,0x03,0x31,0x07,0x33,0x00,0x00,0x00,0x00,0x17,0x73,
 0x17,0x30,0x70,0x31,0x33,0x07,0x03,0x07,0x13,0x30,0x00,0x00,0x00,0x32,0x10,0x01,0x10,0x04,0x55,0x10,0x00,0x55,0x22,0x44,
 0x24,0x44,0x34,0x9a,0xa2,0xaa,0x59,0x91,0x94,0x5a,0x44,0x93,0x32,0x22,0x22,0x23,0x22,0x12,0x22,0x22,0x22,0x21,0x22,0x21,
 0x22,0x22,0x23,0x29,0x45,0x69,0x99,0x99,0x99,0x99,0x99,0x99,0x99,0x53,0x24,0x51,0x52,0x22,0x22,0x22,0x22,0x26,0x66,0x22,
 0x23,0x19,0x66,0x66,0x66,0x67,0x72,0x37,0x77,0x77,0x77,0x66,0x53,0x27,0x72,0x43,0x66,0x67,0x72,0x11,0x03,0x21,0x02,0x20,
 0x00,0x44,0x51,0x11,0x44,0x01,0x44,0x14,0x13,0x43,0x02,0x02,0x4a,0x5a,0x23,0x12,0x4a,0x69,0x11,0x22,0x22,0x20,0x11,0x14,
 0x10,0xa0,0x11,0x00,0x00,0x00,0x0a,0x00,0x00,0x00,0x1a,0xa0,0x00,0x05,0x55,0x55,0x55,0x55,0x00,0x00,0x40,0x25,0x90,0x09,
 0x90,0x99,0x01,0x99,0x05,0x90,0x09,0x90,0x59,0x00,0x00,0x22,0x00,0x23,0x00,0x00,0x00,0x00,0x00,0x00,0x00,0x00,0x00,0x00,
 0x00,0x00,0x00,0x00,0x00,0x00,0x00,0x00,0x00,0x00,0x00,0x00,0x00,0x00,0x00,0x32,0x10,0x01,0x11,0x04,0x33,0x00,0x00,0x55,
 0x29,0xa4,0x54,0x44,0x34,0x9a,0xa2,0xaa,0x55,0xa1,0xa4,0xaa,0x34,0x93,0x32,0x22,0x22,0x23,0x22,0x12,0x22,0x12,0x22,0x21,
 0x22,0x22,0x22,0x22,0x23,0x29,0x45,0x99,0x99,0x99,0x33,0x33,0x59,0x99,0x94,0x99,0x29,0x13,0x42,0x22,0x22,0x22,0x22,0x76,
 0x29,0x12,0x22,0x22,0x66,0x66,0x66,0x77,0x72,0x29,0x77,0x77,0x66,0x76,0x52,0x36,0x63,0x54,0x99,0x95,0x52,0x11,0x02,0x21,
 0x02,0x20,0x00,0x44,0x51,0x41,0x33,0x25,0x14,0x13,0x14,0x43,0x01,0x00,0x01,0x11,0x22,0x10,0x22,0x53,0xa1,0x11,0x22,0x60,
 0x00,0x04,0x10,0x40,0x10,0x11,0x00,0x00,0x50,0xa0,0x00,0x14,0xaa,0xa4,0x4a,0x40,0x55,0x55,0x55,0x55,0x00,0x13,0x00,0x35,
 0x90,0x09,0x90,0x99,0x01,0x99,0x05,0x90,0x19,0x90,0x59,0x01,0x11,0x22,0x00,0x33,0x00,0x00,0x00,0x00,0x00,0x00,0x00,0x00,
 0x00,0x00,0x00,0x00,0x00,0x00,0x00,0x00,0x00,0x00,0x00,0x00,0x00,0x00,0x00,0x00,0x00,0x32,0x10,0x01,0x10,0x04,0x32,0x00,
 0x00,0x5a,0x35,0xa4,0x24,0x44,0x34,0x9a,0xa2,0xaa,0x9a,0xa1,0xa4,0xaa,0x24,0x53,0x32,0x22,0x22,0x23,0x22,0x12,0x32,0x12,
 0x22,0x21,0x22,0x21,0x22,0x22,0x23,0x29,0x35,0x99,0x99,0x92,0x32,0x22,0x29,0x99,0x99,0x99,0x29,0x92,0x52,0x22,0x22,0x22,
 0x22,0x66,0x29,0x07,0x12,0x31,0x66,0x66,0x67,0x77,0x72,0x23,0x57,0x76,0x99,0x22,0x34,0x42,0x22,0x11,0x21,0x12,0x12,0x11,
 0x02,0x21,0x02,0x20,0x00,0x44,0x41,0x41,0x33,0x24,0x14,0x21,0x14,0x42,0x01,0x34,0x59,0x69,0x10,0x00,0x11,0x22,0x10,0x00,
 0x01,0x32,0x00,0x14,0x11,0x19,0x10,0xa1,0x00,0x00,0xa4,0x00,0x00,0xa5,0x92,0x00,0x00,0xaa,0x45,0x55,0x50,0x09,0x00,0x14,
 0x00,0x35,0x90,0x09,0x90,0x99,0x01,0x99,0x05,0x99,0x99,0x10,0x99,0x99,0x50,0x23,0x00,0x33,0x00,0x00,0x00,0x00,0x00,0x00,
 0x00,0x00,0x00,0x00,0x00,0x00,0x00,0x00,0x00,0x00,0x00,0x00,0x00,0x00,0x00,0x00,0x00,0x00,0x00,0x32,0x10,0x01,0x10,0x04,
 0x42,0x00,0x00,0x95,0x32,0xa4,0x24,0x44,0x34,0x9a,0xa2,0xaa,0x9a,0xa2,0xaa,0xaa,0x14,0x52,0x32,0x22,0x22,0x23,0x22,0x12,
 0x22,0x12,0x22,0x31,0x22,0x21,0x22,0x22,0x23,0x29,0x55,0x99,0x99,0x42,0x22,0x22,0x33,0x99,0x99,0x99,0x22,0x92,0x52,0x22,
 0x22,0x22,0x22,0x67,0x32,0x62,0x11,0x15,0x37,0x44,0x32,0x11,0x21,0x22,0x23,0x37,0x72,0x66,0x32,0x26,0x63,0x23,0x26,0x77,
 0x22,0x11,0x02,0x21,0x02,0x20,0x01,0x44,0x41,0x31,0x33,0x11,0x14,0x41,0x54,0x42,0x01,0x34,0x59,0x96,0x12,0x33,0x99,0x66,
 0x50,0x00,0x00,0x00,0x01,0x14,0x22,0x04,0x02,0x21,0x00,0x00,0xa4,0x01,0x00,0x55,0x50,0x00,0x00,0x0a,0xa5,0x95,0x00,0x00,
 0x00,0x04,0x00,0x35,0x90,0x09,0x90,0x99,0x00,0x99,0x05,0x99,0x99,0x21,0x99,0x99,0x50,0x22,0x00,0x33,0x00,0x00,0x01,0x22,
 0x00,0x20,0x00,0x00,0x00,0x00,0x02,0x01,0x00,0x12,0x20,0x22,0x01,0x02,0x02,0x02,0x12,0x20,0x00,0x00,0x00,0x33,0x10,0x01,
 0x10,0x04,0x42,0x00,0x00,0x55,0x33,0xaa,0x24,0x43,0x34,0x9a,0xa2,0xaa,0x5a,0xa2,0xaa,0xaa,0x14,0x52,0x32,0x22,0x22,0x23,
 0x22,0x12,0x22,0x12,0x22,0x32,0x22,0x21,0x22,0x22,0x23,0x25,0x45,0x99,0x99,0x22,0x22,0x22,0x33,0x39,0x99,0x99,0x29,0x92,
 0x52,0x34,0x32,0x9a,0xa5,0x22,0x22,0x22,0x11,0x13,0x37,0x37,0x16,0x67,0x71,0x11,0x96,0x66,0x62,0x66,0x32,0x33,0x32,0x33,
 0x27,0x77,0x22,0x11,0x02,0x21,0x02,0x20,0x01,0x44,0x41,0x42,0x23,0x24,0x14,0x51,0x44,0x43,0x01,0x34,0xa2,0x99,0x12,0x34,
 0x5a,0x66,0x50,0x34,0x05,0x69,0x01,0x14,0x20,0x00,0x01,0x01,0x00,0x00,0xa0,0xa0,0x04,0x55,0x55,0x40,0x06,0x0a,0x55,0x54,
 0x00,0xa4,0x00,0x20,0x10,0x25,0x90,0x99,0x90,0x99,0x00,0x99,0x05,0x90,0x19,0x91,0x99,0x00,0x00,0x22,0x00,0x33,0x00,0x00,
 0x03,0x01,0x13,0x70,0x00,0x00,0x00,0x00,0x07,0x03,0x01,0x30,0x70,0x31,0x23,0x03,0x03,0x03,0x31,0x30,0x00,0x00,0x00,0x32,
 0x10,0x01,0x11,0x04,0x42,0x00,0x00,0x5a,0x22,0x44,0x24,0x43,0x14,0x94,0xa2,0xaa,0x4a,0xa1,0xaa,0xaa,0x14,0x53,0x32,0x23,
 0x22,0x23,0x22,0x02,0x22,0x12,0x22,0x21,0x22,0x21,0x22,0x22,0x23,0x29,0x35,0x95,0x99,0x22,0x35,0x99,0x99,0x39,0x99,0x99,
 0x29,0x93,0x52,0x22,0x22,0x52,0x23,0x62,0x29,0x61,0x11,0x06,0x66,0x63,0x13,0x77,0x71,0x33,0x77,0x77,0x62,0x76,0x32,0x27,
 0x93,0x23,0x27,0x77,0x24,0x11,0x02,0x21,0x12,0x20,0x00,0x44,0x41,0x11,0x43,0x34,0x34,0x54,0x44,0x43,0x01,0x34,0xa5,0x95,
 0x12,0x34,0x34,0x6a,0x50,0x34,0x01,0x6a,0x01,0x14,0x21,0x04,0x00,0x00,0x00,0x00,0xaa,0xa0,0x04,0x55,0x55,0x5a,0xa9,0xa5,
 0x55,0x40,0x00,0x00,0x00,0x30,0x10,0x25,0x92,0x99,0x90,0x99,0x90,0x99,0x05,0x90,0x09,0x91,0x99,0x00,0x00,0x22,0x00,0x33,
 0x10,0x00,0x03,0x73,0x01,0x70,0x00,0x00,0x00,0x00,0x07,0x03,0x31,0x33,0x30,0x31,0x23,0x03,0x03,0x33,0x32,0x30,0x00,0x00,
 0x00,0x32,0x10,0x01,0x11,0x14,0x42,0x00,0x00,0x55,0x21,0x44,0x24,0x44,0x43,0x99,0xa2,0xaa,0x4a,0xa1,0xa4,0xaa,0x14,0x53,
 0x32,0x22,0x22,0x23,0x22,0x02,0x22,0x12,0x22,0x21,0x22,0x21,0x22,0x22,0x23,0x29,0x39,0x53,0x99,0x99,0x93,0x23,0x33,0x59,
 0x99,0x99,0x29,0x93,0x52,0x22,0x12,0x93,0x33,0x62,0x31,0x61,0x31,0x13,0x37,0x76,0x17,0x76,0x62,0x61,0x66,0x66,0x92,0x66,
 0x39,0x22,0xa3,0x54,0x25,0x54,0x21,0x11,0x02,0x21,0x12,0x20,0x00,0x44,0x45,0x54,0x44,0x44,0x44,0x44,0x44,0x43,0x01,0x33,
 0xa9,0x94,0x12,0x34,0x19,0x66,0x50,0x33,0x01,0x65,0x00,0x04,0x21,0x50,0x00,0x10,0x00,0x00,0x0a,0xa0,0x2a,0xaa,0x55,0x55,
 0x95,0x55,0x55,0x05,0x06,0x00,0x00,0x00,0x00,0x22,0x99,0x99,0x50,0x09,0x99,0x93,0x05,0x99,0x99,0x11,0x99,0x99,0x90,0x12,
 0x00,0x33,0x10,0x00,0x03,0x00,0x03,0x33,0x00,0x00,0x00,0x00,0x07,0x03,0x11,0x33,0x30,0x33,0x23,0x73,0x03,0x13,0x33,0x30,
 0x00,0x00,0x00,0x42,0x10,0x01,0x10,0x14,0x42,0x00,0x00,0x55,0x43,0x22,0x22,0x22,0x12,0x39,0x95,0x99,0x99,0xa2,0xa4,0xaa,
 0x14,0x92,0x32,0x22,0x34,0x35,0x22,0x12,0x22,0x12,0x22,0x21,0x22,0x21,0x22,0x22,0x23,0x29,0x35,0x99,0x99,0x22,0x33,0x39,
 0x99,0x39,0x94,0x99,0x29,0x93,0x52,0x12,0x12,0x52,0x26,0x62,0x61,0x60,0x67,0x26,0x66,0x95,0x29,0x99,0x45,0x22,0x22,0x22,
 0x22,0x22,0x22,0x22,0x22,0x22,0x22,0x22,0x21,0x11,0x04,0x31,0x13,0x20,0x00,0x54,0x44,0x44,0x44,0x44,0x44,0x44,0x44,0x43,
 0x01,0x32,0x41,0x99,0x12,0x34,0x55,0x6a,0x50,0x33,0x1a,0x6a,0x00,0x04,0x21,0xa9,0x00,0x00,0x00,0x00,0x00,0x00,0xaa,0xaa,
 0x55,0x5a,0x55,0x55,0x59,0x4a,0x52,0x50,0x15,0x04,0x00,0x21,0x00,0x05,0x92,0x00,0x00,0x00,0x00,0x00,0x00,0x00,0x00,0x00,
 0x00,0x22,0x00,0x33,0x10,0x00,0x00,0x00,0x00,0x00,0x00,0x00,0x00,0x00,0x00,0x00,0x00,0x00,0x00,0x00,0x01,0x00,0x00,0x00,
 0x00,0x00,0x00,0x00,0x00,0x32,0x10,0x01,0x11,0x13,0x42,0x00,0x00,0x99,0x22,0x21,0x11,0x11,0x22,0x93,0x25,0x55,0x55,0x99,
 0x95,0xaa,0x14,0x92,0x42,0x22,0x31,0x13,0x22,0x12,0x22,0x12,0x22,0x21,0x22,0x22,0x22,0x22,0x23,0x29,0x35,0x99,0x99,0x55,
 0x23,0x52,0x22,0x39,0x99,0x99,0x25,0x93,0x52,0x12,0x22,0x53,0x36,0x64,0xa2,0x12,0x22,0x22,0x22,0x22,0x22,0x22,0x22,0x22,
 0x22,0x32,0x22,0x22,0x45,0x32,0x23,0x22,0x22,0x11,0x11,0x11,0x04,0x21,0x12,0x20,0x00,0x54,0x44,0x11,0x11,0x44,0x20,0x01,
 0x14,0x43,0x01,0x34,0x99,0x95,0x11,0x24,0x59,0x65,0x40,0x33,0x11,0x64,0x00,0x02,0x21,0xaa,0x0a,0x40,0x00,0x00,0x0a,0x00,
 0x55,0xaa,0x55,0x55,0x55,0x55,0x59,0xa5,0x55,0x50,0x23,0x44,0x00,0x21,0x00,0x11,0x11,0x00,0x00,0x00,0x00,0x00,0x00,0x00,
 0x00,0x00,0x01,0x22,0x00,0x33,0x00,0x00,0x00,0x00,0x00,0x00,0x00,0x00,0x00,0x00,0x00,0x00,0x00,0x00,0x00,0x00,0x00,0x00,
 0x00,0x00,0x00,0x00,0x00,0x00,0x00,0x32,0x10,0x01,0x11,0x15,0x43,0x10,0x11,0x9a,0x22,0x22,0x22,0x22,0x22,0x93,0x33,0x33,
 0x22,0x33,0x45,0x54,0x55,0x59,0x32,0x12,0x53,0x34,0x22,0x12,0x22,0x12,0x22,0x21,0x22,0x22,0x22,0x22,0x23,0x29,0x35,0x99,
 0x99,0x99,0x99,0x95,0x55,0x59,0x99,0x99,0x29,0x93,0x53,0x32,0x22,0x22,0x32,0x22,0x22,0x22,0x22,0x32,0x23,0x22,0x22,0x32,
 0x22,0x22,0x11,0x11,0x11,0x11,0x11,0x11,0x12,0x21,0x12,0x11,0x11,0x11,0x03,0x21,0x22,0x20,0x00,0x44,0x51,0x11,0x11,0x35,
 0x11,0x00,0x13,0x43,0x02,0x34,0x99,0x69,0x11,0x24,0x59,0x66,0x50,0x33,0x11,0x64,0x00,0x13,0x21,0xaa,0x2a,0x41,0x00,0x00,
 0xa0,0x00,0x55,0x95,0xa5,0x55,0x55,0x55,0x55,0x55,0x55,0x40,0x2a,0x44,0x00,0x21,0x01,0x11,0x11,0x00,0x00,0x00,0x00,0x00,
 0x00,0x01,0x11,0x11,0x11,0x22,0x00,0x33,0x00,0x00,0x00,0x00,0x00,0x00,0x00,0x00,0x00,0x00,0x00,0x00,0x00,0x00,0x00,0x00,
 0x00,0x00,0x00,0x00,0x00,0x00,0x00,0x00,0x00,0x32,0x10,0x01,0x11,0x05,0x45,0x10,0x11,0x9a,0x22,0x12,0x22,0x22,0x22,0x93,
 0x33,0x33,0x24,0x43,0x34,0x33,0x34,0x42,0xa5,0x49,0x52,0x24,0x22,0x02,0x32,0x12,0x22,0x21,0x22,0x21,0x23,0x22,0x23,0x25,
 0x35,0x99,0x99,0x95,0x22,0x22,0x33,0x59,0x99,0x99,0x29,0x93,0x52,0x22,0x22,0x22,0x22,0x22,0x22,0x32,0x22,0x11,0x11,0x11,
 0x11,0x11,0x11,0x11,0x11,0x11,0x11,0x22,0x21,0x11,0x12,0x22,0x12,0x22,0x22,0x11,0x05,0x32,0x22,0x20,0x00,0x55,0x51,0x14,
 0x51,0x35,0x22,0x44,0x14,0x54,0x00,0x01,0x12,0x00,0x00,0x00,0x11,0x13,0x40,0x34,0x49,0x69,0x00,0x14,0x21,0xa1,0x2a,0x00,
 0x00,0x04,0x00,0x40,0x55,0x55,0x55,0x55,0x55,0x44,0xaa,0xa5,0x59,0x21,0x35,0x44,0x00,0x25,0x99,0x19,0x99,0x04,0x99,0x55,
 0x90,0x99,0x50,0x91,0x90,0x99,0x91,0x22,0x00,0x33,0x00,0x00,0x00,0x00,0x00,0x00,0x00,0x00,0x00,0x00,0x00,0x00,0x00,0x00,
 0x00,0x00,0x00,0x00,0x00,0x00,0x00,0x00,0x00,0x00,0x00,0x32,0x10,0x01,0x11,0x05,0x99,0x10,0x11,0x9a,0x22,0x12,0x23,0x32,
 0x21,0x14,0x99,0x96,0x24,0x43,0x33,0x33,0x33,0x32,0x22,0x55,0x95,0x35,0x22,0x02,0x22,0x12,0x22,0x21,0x22,0x22,0x22,0x21,
 0x23,0x25,0x35,0x95,0x99,0x99,0x53,0x22,0x33,0x99,0x99,0x99,0x29,0x93,0x51,0x11,0x11,0x11,0x11,0x11,0x10,0x11,0x11,0x11,
 0x11,0x21,0x11,0x22,0x12,0x21,0x12,0x22,0x21,0x11,0x22,0x22,0x13,0x21,0x22,0x22,0x22,0x11,0x0a,0x32,0x22,0x20,0x01,0x55,
 0x51,0x24,0x41,0x34,0x45,0x53,0x14,0x54,0x00,0x11,0x2a,0x99,0x00,0x12,0x3a,0x61,0x10,0x00,0x01,0x21,0x01,0x14,0x21,0xa4,
 0x2a,0x40,0x54,0x00,0x00,0xa0,0x55,0x55,0x55,0x55,0x55,0x54,0x11,0xa5,0x5a,0x00,0x05,0x44,0x00,0x25,0x10,0x19,0x03,0x14,
 0x41,0x14,0x94,0x90,0x00,0x91,0x90,0x09,0x10,0x23,0x00,0x33,0x00,0x00,0x02,0x73,0x03,0x73,0x00,0x00,0x00,0x00,0x17,0x71,
 0x17,0x30,0x37,0x21,0x13,0x07,0x72,0x33,0x00,0x00,0x00,0x00,0x00,0x32,0x10,0x01,0x21,0x49,0x99,0x10,0x11,0x9a,0x22,0x12,
 0x23,0x22,0x05,0x32,0x22,0x59,0x64,0x43,0x43,0x33,0x33,0x32,0x42,0x29,0x22,0x23,0x22,0x02,0x22,0x12,0x22,0x21,0x22,0x21,
 0x11,0x10,0x23,0x92,0x25,0x99,0x99,0x99,0x99,0x55,0x59,0x99,0x99,0x99,0x29,0x93,0x51,0x11,0x12,0x21,0x12,0x22,0x11,0x22,
 0x21,0x21,0x12,0x21,0x21,0x12,0x12,0x22,0x12,0x22,0x22,0x22,0x22,0x22,0x23,0x22,0x33,0x33,0x32,0x10,0x0a,0x32,0x22,0x20,
 0x01,0x55,0x51,0x14,0x41,0x34,0x51,0x11,0x15,0x54,0x01,0x00,0x00,0x00,0x00,0x12,0x24,0x66,0x40,0x01,0x00,0x91,0x00,0x14,
 0x21,0xaa,0x2a,0x44,0x59,0x14,0x10,0xaa,0x49,0x55,0x55,0x51,0x4a,0xaa,0xa5,0x55,0x50,0x00,0x14,0x44,0x00,0x25,0x99,0x09,
 0x99,0x14,0x99,0x14,0x93,0x96,0x90,0x99,0x90,0x09,0x10,0x22,0x00,0x33,0x10,0x00,0x03,0x23,0x07,0x37,0x00,0x00,0x00,0x00,
 0x07,0x03,0x21,0x31,0x70,0x01,0x30,0x03,0x30,0x30,0x70,0x00,0x00,0x00,0x00,0x32,0x10,0x02,0x21,0xa9,0x95,0x10,0x11,0x94,
 0x22,0x12,0x22,0x22,0x22,0x33,0x32,0x13,0x56,0x33,0x33,0x33,0x33,0x32,0x44,0x25,0x22,0x23,0x11,0x11,0x02,0x11,0x11,0x11,
 0x22,0x22,0x22,0x22,0x13,0x09,0x53,0x32,0x25,0x99,0x99,0x99,0x99,0x99,0x59,0x99,0x23,0x93,0x52,0x21,0x22,0x22,0x12,0x22,
 0x21,0x22,0x22,0x12,0x22,0x22,0x22,0x22,0x23,0x33,0x33,0x22,0x21,0x11,0x22,0x22,0x21,0x21,0x22,0x11,0x11,0x11,0x0a,0x32,
 0x22,0x20,0x01,0x55,0x51,0x14,0x51,0x45,0x55,0x11,0x14,0x54,0x0a,0xaa,0xaa,0xaa,0xaa,0x57,0x33,0x40,0x00,0x00,0x00,0x11,
 0x00,0x14,0x21,0xaa,0xaa,0xaa,0x52,0x00,0x01,0x45,0x45,0x55,0x55,0x55,0x00,0x01,0x15,0x55,0x61,0x11,0x14,0x54,0x00,0x35,
 0x20,0x09,0x09,0x14,0x41,0x03,0x94,0x90,0x90,0x91,0x90,0x09,0x10,0x12,0x00,0x33,0x10,0x00,0x03,0x23,0x00,0x07,0x00,0x00,
 0x00,0x00,0x07,0x03,0x21,0x31,0x70,0x21,0x13,0x07,0x00,0x31,0x70,0x00,0x00,0x00,0x00,0x32,0x10,0x02,0x22,0xa9,0x95,0x10,
 0x11,0x54,0x33,0x22,0x22,0x12,0x33,0x33,0x33,0x12,0x29,0x33,0x33,0x33,0x33,0x32,0x54,0x25,0x11,0x12,0x20,0x22,0x22,0x22,
 0x22,0x22,0x22,0x22,0x22,0x22,0x23,0x55,0x59,0x95,0x99,0x53,0x22,0x59,0x99,0x99,0x59,0x59,0x25,0x93,0x52,0x22,0x22,0x22,
 0x22,0x33,0x33,0x33,0x33,0x33,0x33,0x21,0x11,0x11,0x11,0x11,0x11,0x11,0x11,0x11,0x22,0x33,0x33,0x44,0x44,0x23,0x32,0x11,
 0x05,0x32,0x22,0x10,0x01,0x55,0x51,0x15,0x51,0x45,0x55,0x54,0x14,0x54,0x0a,0xaa,0xaa,0xaa,0x59,0x99,0x96,0x99,0x5a,0xaa,
 0x95,0x55,0x55,0x04,0x21,0xaa,0xaa,0xaa,0x11,0x00,0x01,0x45,0xa4,0x55,0x55,0x55,0x5a,0x44,0x24,0x54,0x01,0x11,0x14,0x9a,
 0x00,0x34,0x20,0x05,0x12,0x33,0x55,0x53,0x51,0x55,0x40,0x51,0x50,0x05,0x10,0x22,0x00,0x33,0x10,0x00,0x02,0x03,0x00,0x32,
 0x00,0x00,0x00,0x00,0x02,0x20,0x13,0x21,0x23,0x01,0x12,0x02,0x22,0x33,0x00,0x00,0x00,0x00,0x00,0x32,0x10,0x02,0x22,0xa9,
 0x99,0x10,0x11,0x54,0x33,0x22,0x32,0x12,0x22,0x33,0x22,0x22,0x29,0x53,0x59,0x59,0x33,0x33,0x33,0x25,0x11,0x13,0x22,0x21,
 0x11,0x11,0x11,0x11,0x10,0x00,0x11,0x11,0x00,0x00,0x11,0x24,0x55,0x99,0x99,0x95,0x43,0x94,0x55,0x99,0x29,0x93,0x53,0x33,
 0x22,0x11,0x12,0x11,0x21,0x11,0x11,0x11,0x11,0x11,0x11,0x12,0x23,0x36,0x67,0x77,0x77,0x76,0x33,0x45,0x59,0x99,0x95,0x23,
 0x32,0x11,0x05,0x32,0x12,0x10,0x01,0x55,0x91,0x15,0x51,0x45,0x45,0x54,0x14,0x54,0x00,0x00,0x00,0x02,0x33,0x22,0x99,0x99,
 0x5a,0xaa,0x99,0x95,0xaa,0x44,0x21,0xaa,0xaa,0xa4,0x02,0x10,0x24,0x55,0xa4,0xaa,0x55,0x55,0x5a,0x44,0x55,0x52,0x01,0x11,
 0x1a,0x5a,0x00,0x21,0x00,0x01,0x11,0x00,0x00,0x00,0x11,0x10,0x00,0x00,0x00,0x00,0x00,0x23,0x00,0x33,0x00,0x00,0x00,0x00,
 0x00,0x00,0x00,0x00,0x00,0x00,0x00,0x00,0x00,0x00,0x00,0x00,0x00,0x00,0x00,0x00,0x00,0x00,0x00,0x00,0x00,0x32,0x10,0x03,
 0x32,0xa5,0x49,0x21,0x11,0x9a,0x22,0x22,0x21,0x12,0x00,0x23,0x22,0x22,0x24,0x95,0x53,0x33,0x93,0x32,0x33,0x25,0x12,0x22,
 0x11,0x00,0x00,0x00,0x01,0x10,0x00,0x22,0x22,0x22,0x22,0x21,0x11,0x11,0x11,0x11,0x25,0x99,0x99,0x99,0x55,0x22,0x25,0x54,
 0x51,0x12,0x11,0x11,0x11,0x11,0x22,0x22,0x16,0x66,0x61,0x12,0x11,0x76,0x67,0x66,0x67,0x77,0x77,0x67,0x33,0x66,0x69,0x66,
 0x66,0x54,0x31,0x11,0x0a,0x32,0x02,0x20,0x01,0x55,0x51,0x12,0x11,0x45,0x11,0x21,0x14,0x54,0x00,0x00,0x00,0x00,0x00,0x00,
 0x00,0x00,0x00,0x44,0x4a,0xa4,0x4a,0xa4,0x21,0x55,0xaa,0xa1,0x22,0x20,0xa5,0x55,0x5a,0x44,0xa5,0x55,0x55,0x55,0x99,0x03,
 0x01,0x20,0x15,0x44,0x00,0x21,0x00,0x00,0x00,0x00,0x00,0x00,0x00,0x00,0x00,0x00,0x00,0x00,0x01,0x22,0x00,0x33,0x00,0x00,
 0x00,0x00,0x00,0x00,0x00,0x00,0x00,0x00,0x00,0x00,0x00,0x00,0x00,0x00,0x00,0x00,0x00,0x00,0x00,0x00,0x00,0x00,0x00,0x32,
 0x10,0x03,0x21,0xa9,0x34,0x21,0x11,0x99,0x22,0x22,0x21,0x10,0x00,0x03,0x22,0x22,0x29,0x49,0x95,0x54,0x53,0x32,0x33,0x29,
 0x22,0x22,0x43,0x33,0x34,0x11,0x11,0x13,0x33,0x22,0x22,0x22,0x22,0x21,0x11,0x22,0x21,0x00,0x00,0x01,0x34,0x45,0x99,0x99,
 0x25,0x39,0x52,0x22,0x22,0x21,0x66,0x66,0x12,0x22,0x26,0x66,0x67,0x22,0x22,0x66,0x76,0x66,0x77,0x77,0x67,0x77,0x75,0x96,
 0x66,0x66,0x66,0x53,0x32,0x21,0x0a,0x31,0x14,0x20,0x01,0x55,0x50,0x11,0x11,0x35,0x11,0x11,0x14,0x54,0x00,0x00,0x00,0x00,
 0x00,0x00,0x00,0x00,0x00,0x00,0x00,0x00,0x00,0x04,0x22,0x55,0xaa,0x10,0x22,0x23,0x05,0x55,0x5a,0x44,0x01,0x55,0x55,0x55,
 0x90,0x33,0x02,0x21,0x14,0x44,0x00,0x21,0x01,0x00,0x00,0x00,0x00,0x11,0x00,0x00,0x00,0x00,0x01,0x11,0x10,0x22,0x00,0x33,
 0x00,0x00,0x00,0x00,0x00,0x00,0x00,0x00,0x00,0x00,0x00,0x00,0x00,0x00,0x00,0x00,0x00,0x00,0x00,0x00,0x00,0x00,0x00,0x00,
 0x00,0x32,0x10,0x03,0x31,0x49,0x55,0x21,0x11,0x99,0x25,0x22,0x21,0x11,0x10,0x12,0x22,0x20,0x04,0x40,0x12,0x54,0x53,0x32,
 0x33,0x29,0x11,0x22,0x21,0x12,0x23,0x23,0x32,0x20,0x11,0x12,0x33,0x33,0x33,0x33,0x23,0x22,0x12,0x22,0x22,0x22,0x11,0x11,
 0x00,0x00,0x25,0x44,0x52,0x22,0x22,0x21,0x66,0x66,0x62,0x22,0x66,0x66,0x67,0x12,0x22,0x67,0x76,0x67,0x77,0x77,0x77,0x77,
 0x75,0x59,0x66,0x99,0x95,0x55,0x52,0x21,0x04,0x21,0x13,0x20,0x00,0x55,0x55,0x55,0x55,0x55,0x55,0x55,0x55,0x54,0x01,0x11,
 0x11,0x00,0x00,0x00,0x00,0x00,0x00,0x00,0x00,0x00,0x00,0x04,0x22,0x55,0x41,0x00,0x22,0x23,0x04,0x55,0x55,0x44,0x40,0x0a,
 0x55,0x55,0x03,0x33,0x02,0x11,0x12,0x34,0x00,0x12,0x33,0x33,0x32,0x23,0x32,0x33,0x32,0x22,0x22,0x11,0x22,0x22,0x12,0x01,
 0x00,0x33,0x00,0x00,0x02,0x32,0x02,0x03,0x00,0x00,0x00,0x00,0x02,0x02,0x03,0x20,0x30,0x00,0x21,0x00,0x00,0x00,0x00,0x00,
 0x00,0x00,0x00,0x32,0x10,0x02,0x31,0x49,0x55,0x21,0x11,0x99,0x22,0x22,0x44,0x01,0x22,0x21,0x00,0x00,0xa0,0x44,0x33,0x33,
 0x33,0x33,0x39,0x39,0x11,0x22,0x22,0x22,0x33,0x23,0x32,0x22,0x32,0x24,0x32,0x11,0x11,0x33,0x33,0x33,0x33,0x33,0x33,0x22,
 0x11,0x11,0x00,0x00,0x11,0x10,0x12,0x23,0x22,0x22,0x66,0x66,0x62,0x22,0x66,0x66,0x77,0x22,0x21,0x77,0x66,0x77,0x77,0x77,
 0x77,0x77,0x75,0x55,0x95,0x95,0x55,0x55,0x52,0x11,0x02,0x21,0x12,0x20,0x00,0x55,0x55,0x55,0x55,0x55,0x55,0x55,0x55,0x54,
 0x01,0x11,0x11,0x11,0x11,0x00,0x00,0x00,0x00,0x00,0x00,0x00,0x01,0x14,0x21,0x90,0x02,0x21,0x23,0x33,0x30,0x55,0x55,0x44,
 0x44,0x40,0x00,0x00,0x45,0x43,0x02,0x21,0x14,0x44,0x00,0x12,0x33,0x33,0x33,0x33,0x33,0x33,0x33,0x33,0x33,0x33,0x23,0x32,
 0x21,0x20,0x00,0x33,0x00,0x00,0x03,0x03,0x03,0x33,0x00,0x00,0x00,0x00,0x07,0x03,0x20,0x31,0x70,0x01,0x03,0x00,0x00,0x00,
 0x00,0x00,0x00,0x00,0x00,0x32,0x00,0x02,0x22,0x49,0x99,0x21,0x11,0x99,0x24,0x21,0x31,0x00,0x00,0x00,0x12,0x02,0xa4,0x59,
 0x54,0x54,0x93,0x33,0x33,0x19,0x11,0x11,0x12,0x22,0x33,0x23,0x43,0x43,0x43,0x23,0x32,0x22,0x22,0x21,0x11,0x32,0x21,0x11,
 0x11,0x11,0x12,0x22,0x12,0x22,0x22,0x22,0x22,0x22,0x22,0x22,0x66,0x66,0x62,0x23,0x66,0x67,0x77,0x22,0x21,0x66,0x67,0x77,
 0x77,0x77,0x77,0x77,0x75,0x55,0x55,0x99,0x55,0x54,0x52,0x21,0x04,0x21,0x12,0x20,0x00,0x55,0x55,0x55,0x55,0x55,0x55,0x55,
 0x55,0x54,0x03,0x33,0x33,0x23,0x21,0x24,0x69,0x00,0x00,0x15,0x90,0x01,0x11,0x14,0x20,0x13,0x32,0x12,0x03,0x22,0x33,0x25,
 0x55,0xa4,0x44,0x40,0x00,0x55,0x55,0x43,0x02,0x20,0x14,0x44,0x10,0x00,0x00,0x00,0x00,0x00,0x00,0x00,0x00,0x00,0x00,0x00,
 0x00,0x00,0x00,0x00,0x00,0x33,0x00,0x00,0x03,0x32,0x07,0x33,0x00,0x00,0x00,0x00,0x03,0x33,0x20,0x31,0x70,0x01,0x13,0x00,
 0x00,0x00,0x00,0x00,0x00,0x00,0x00,0x32,0x00,0x02,0x22,0xa9,0x59,0x21,0x11,0x95,0x52,0x52,0x31,0x00,0x01,0x10,0x11,0x04,
 0xa5,0x59,0x55,0x55,0x53,0x32,0x33,0x29,0x11,0x13,0x22,0x22,0x33,0x43,0x59,0x95,0x99,0x43,0x32,0x22,0x22,0x22,0x22,0x22,
 0x22,0x22,0x22,0x22,0x22,0x22,0x22,0x22,0x22,0x22,0x22,0x22,0x22,0x23,0x66,0x66,0x62,0x33,0x66,0x66,0x67,0x22,0x22,0x66,
 0x77,0x77,0x77,0x77,0x77,0x77,0x55,0x75,0x55,0x55,0x55,0x44,0x42,0x22,0x02,0x21,0x12,0x20,0x00,0x55,0x55,0x55,0x53,0x55,
 0x55,0x55,0x55,0x54,0x03,0x00,0x90,0x23,0x31,0x00,0x42,0x00,0x00,0x01,0x90,0x01,0x11,0x11,0x23,0x33,0x22,0x10,0x01,0x23,
 0x33,0x11,0x55,0x5a,0x44,0xa0,0x02,0x05,0x55,0x43,0x02,0x21,0x14,0x44,0x11,0x22,0x21,0x11,0x11,0x11,0x11,0x11,0x11,0x22,
 0x22,0x21,0x11,0x11,0x11,0x11,0x00,0x33,0x10,0x00,0x03,0x33,0x00,0x03,0x00,0x00,0x00,0x00,0x07,0x03,0x23,0x31,0x73,0x31,
 0x33,0x00,0x00,0x00,0x00,0x00,0x00,0x00,0x00,0x22,0x10,0x02,0x22,0x49,0x99,0x21,0x11,0x99,0x32,0x21,0x32,0x00,0x00,0x00,
 0x00,0x00,0x49,0x53,0x33,0x33,0x33,0x32,0x33,0x29,0x22,0x22,0x22,0x22,0x33,0x35,0x96,0x69,0x66,0x65,0x33,0x22,0x22,0x22,
 0x22,0x22,0x22,0x22,0x22,0x22,0x22,0x22,0x22,0x22,0x22,0x22,0x22,0x22,0x22,0x27,0x66,0x66,0x63,0x35,0x66,0x66,0x67,0x22,
 0x52,0x67,0x77,0x77,0x77,0x77,0x77,0x77,0x95,0x77,0x53,0x55,0x55,0x53,0x32,0x21,0x02,0x21,0x02,0x20,0x00,0x55,0x55,0x55,
 0x53,0x55,0x55,0x55,0x55,0x54,0x00,0x01,0x10,0x44,0x31,0x01,0x95,0x00,0x00,0x01,0x10,0x01,0x10,0x03,0x33,0x32,0x22,0x22,
 0x21,0x22,0x33,0x30,0x55,0x55,0xaa,0x00,0x01,0x32,0x55,0x43,0x02,0x21,0x15,0x44,0x22,0x22,0x22,0x22,0x22,0x22,0x22,0x22,
 0x22,0x22,0x22,0x22,0x11,0x11,0x11,0x11,0x00,0x33,0x00,0x00,0x00,0x00,0x00,0x00,0x00,0x00,0x00,0x00,0x00,0x00,0x00,0x00,
 0x00,0x00,0x00,0x00,0x00,0x00,0x00,0x00,0x00,0x00,0x00,0x32,0x10,0x03,0x22,0x49,0x99,0x21,0x11,0x99,0x22,0x21,0x22,0x20,
 0x00,0x00,0x00,0x4a,0x45,0x33,0x33,0x33,0x33,0x22,0x33,0x29,0x22,0x22,0x22,0x22,0x33,0x35,0x96,0x65,0x66,0x55,0x43,0x22,
 0x25,0x22,0x22,0x22,0x22,0x22,0x22,0x22,0x22,0x22,0x22,0x22,0x22,0x22,0x22,0x22,0x22,0x27,0x66,0x66,0x63,0x35,0x66,0x66,
 0x67,0x22,0x52,0x67,0x77,0x76,0x77,0x77,0x77,0x76,0x65,0x77,0x74,0x55,0x33,0x33,0x32,0x21,0x02,0x21,0x02,0x20,0x01,0x55,
 0x55,0x55,0x53,0x55,0x55,0x55,0x55,0x54,0x00,0x13,0x90,0x44,0x21,0x23,0x99,0x00,0x00,0x02,0x50,0x11,0x00,0x33,0x33,0x02,
 0x33,0x33,0x10,0x43,0x33,0x33,0x55,0x55,0x55,0x00,0x11,0x21,0x04,0x53,0x02,0x22,0x25,0x44,0x12,0x22,0x22,0x22,0x23,0x01,
 0x33,0x32,0x22,0x22,0x22,0x22,0x23,0x32,0x21,0x11,0x00,0x33,0x00,0x00,0x00,0x00,0x00,0x00,0x00,0x00,0x00,0x00,0x00,0x00,
 0x00,0x00,0x00,0x00,0x00,0x00,0x00,0x00,0x00,0x00,0x00,0x00,0x00,0x32,0x10,0x02,0x22,0x49,0x99,0x21,0x11,0x99,0x23,0x22,
 0x20,0x00,0x00,0x00,0x0a,0xaa,0x4a,0x33,0x33,0x33,0x33,0x3a,0x33,0x25,0x22,0x22,0x22,0x22,0x33,0x55,0x55,0x59,0x55,0x53,
 0x33,0x22,0x22,0x22,0x22,0x22,0x22,0x22,0x22,0x27,0x22,0x22,0x22,0x22,0x22,0x22,0x22,0x22,0x22,0x26,0x66,0x66,0x63,0x35,
 0x96,0x66,0x65,0x22,0x33,0x77,0x77,0x77,0x67,0x77,0x77,0x66,0x95,0x77,0x73,0x25,0x73,0x33,0x32,0x21,0x02,0x21,0x12,0x20,
 0x01,0x55,0x55,0x55,0x53,0x55,0x55,0x55,0x55,0x54,0x00,0x12,0x90,0x44,0x20,0x23,0x96,0x01,0x00,0x02,0x50,0x10,0x03,0x33,
 0x33,0x33,0x31,0x33,0x31,0x49,0x33,0x33,0x09,0x5a,0x55,0x00,0x02,0x25,0x00,0x03,0x02,0x22,0x25,0xaa,0x12,0x23,0x22,0x33,
 0x32,0x46,0x12,0x22,0x22,0x22,0x22,0x22,0x33,0x33,0x25,0x94,0x00,0x33,0x00,0x00,0x00,0x00,0x00,0x00,0x00,0x00,0x00,0x00,
 0x00,0x00,0x00,0x00,0x00,0x00,0x00,0x00,0x00,0x00,0x00,0x00,0x00,0x00,0x00,0x32,0x10,0x02,0x21,0x49,0x99,0x21,0x01,0x99,
 0x33,0x32,0x11,0x22,0x22,0x22,0x21,0x14,0x04,0x33,0x33,0x33,0x33,0x34,0x35,0x25,0x22,0x22,0x22,0x22,0x33,0x55,0x55,0x59,
 0x35,0x43,0x33,0x22,0x22,0x22,0x22,0x22,0x22,0x22,0x22,0x22,0x22,0x22,0x22,0x22,0x22,0x22,0x12,0x22,0x22,0x26,0x66,0x66,
 0x63,0x35,0x96,0x66,0x67,0x22,0x35,0x77,0x77,0x77,0x77,0x77,0x76,0x67,0x74,0x77,0x73,0x25,0x73,0x33,0x32,0x21,0x04,0x21,
 0x12,0x20,0x01,0x55,0x55,0x55,0x54,0x55,0x55,0x55,0x55,0x54,0x00,0x12,0x90,0x13,0x20,0x12,0xa6,0x11,0x01,0x11,0x40,0x01,
 0x32,0x23,0x33,0x31,0x23,0x12,0x33,0x05,0x23,0x33,0x20,0xaa,0x55,0x44,0x02,0x23,0x90,0x94,0x02,0x22,0x15,0x55,0x22,0x33,
 0x33,0x33,0x31,0x14,0x60,0x33,0x33,0x22,0x22,0x22,0x22,0x22,0x00,0x46,0x00,0x33,0x10,0x00,0x00,0x00,0x00,0x01,0x00,0x00,
 0x00,0x00,0x00,0x00,0x00,0x00,0x00,0x00,0x00,0x00,0x00,0x00,0x00,0x00,0x00,0x00,0x00,0x23,0x10,0x02,0x21,0x49,0x55,0x21,
 0x11,0x99,0x23,0x35,0x10,0x00,0x00,0x12,0x22,0x29,0x03,0x32,0x43,0x24,0x53,0x23,0x55,0x25,0x45,0x59,0x59,0x99,0x23,0x69,
 0x55,0x39,0x44,0x55,0x55,0x45,0x44,0x66,0x22,0x22,0x22,0x22,0x22,0x22,0x22,0x22,0x22,0x22,0x22,0x22,0x22,0x22,0x22,0x26,
 0x66,0x66,0x63,0x39,0x66,0x66,0x67,0x22,0x35,0x77,0x77,0x72,0x23,0x77,0x33,0x77,0x74,0x37,0x32,0x35,0x33,0x22,0x32,0x21,
 0x04,0x22,0x12,0x20,0x01,0x55,0x55,0x55,0x55,0x55,0x55,0x55,0x55,0x54,0x03,0x22,0x35,0x03,0x01,0x33,0x96,0x50,0x11,0x12,
 0x05,0x02,0x13,0x33,0x33,0x33,0x22,0x31,0x33,0x03,0x33,0x33,0x32,0x4a,0xa5,0x14,0x00,0x33,0x33,0x15,0x92,0x11,0x15,0x55,
 0x25,0x43,0x33,0x33,0x30,0x1a,0x60,0x33,0x32,0x22,0x22,0x22,0x22,0x22,0x01,0x46,0x00,0x33,0x10,0x00,0x03,0x33,0x07,0x33,
 0x00,0x00,0x00,0x00,0x03,0x31,0x13,0x31,0x33,0x21,0x33,0x07,0x33,0x37,0x30,0x33,0x30,0x00,0x00,0x22,0x10,0x02,0x21,0x15,
 0xa5,0x22,0x12,0x99,0x22,0x10,0x12,0x22,0x22,0x20,0x01,0x11,0x61,0x33,0x33,0x33,0x22,0x12,0x22,0x22,0x22,0x22,0x22,0x22,
 0x21,0x91,0x12,0x22,0x22,0x22,0x22,0x22,0x11,0x9a,0x99,0x33,0x33,0x32,0x22,0x22,0x22,0x22,0x22,0x22,0x22,0x22,0x22,0x22,
 0x22,0x26,0x66,0x66,0x63,0x55,0x96,0x66,0x63,0x22,0x35,0x77,0x77,0x72,0x25,0x73,0x23,0x77,0x54,0x37,0x33,0x39,0x33,0x22,
 0x32,0x22,0x04,0x22,0x12,0x20,0x01,0x55,0x55,0x55,0x55,0x55,0x55,0x55,0x55,0x54,0x02,0x23,0x56,0x40,0x35,0x35,0x99,0x66,
 0x01,0x01,0x10,0x23,0x33,0x33,0x33,0x33,0x33,0x23,0x22,0x02,0x33,0x33,0x11,0x09,0x55,0x95,0x40,0x33,0x34,0x13,0x35,0x21,
 0x15,0xa9,0x25,0x55,0x55,0x33,0x30,0x24,0x60,0x33,0x31,0x1a,0x13,0x33,0x33,0x22,0x02,0xa9,0x00,0x33,0x10,0x00,0x03,0x72,
 0x00,0x73,0x00,0x00,0x00,0x00,0x07,0x03,0x17,0x21,0x73,0x32,0x33,0x07,0x33,0x03,0x00,0x33,0x10,0x00,0x00,0x32,0x00,0x02,
 0x21,0xa9,0x59,0x21,0x11,0x90,0x0a,0x22,0x22,0x22,0x22,0x22,0x24,0x49,0x54,0x13,0x33,0x33,0x12,0x12,0x21,0x22,0x11,0x11,
 0x12,0x21,0x22,0x92,0x11,0x12,0x11,0x11,0x11,0x11,0x12,0x95,0x1a,0x1a,0x55,0x51,0x96,0x66,0x62,0x22,0x22,0x22,0x22,0x22,
 0x22,0x22,0x22,0x26,0x66,0x66,0x63,0x59,0x66,0x66,0x77,0x22,0x25,0x77,0x33,0x32,0x24,0x33,0x23,0x53,0x55,0x33,0x32,0x25,
 0x33,0x22,0x32,0x22,0x04,0x21,0x12,0x10,0x02,0x55,0x55,0x55,0x55,0x35,0x55,0x55,0x55,0x54,0x01,0x22,0xa6,0x51,0x54,0x33,
 0x99,0x69,0x01,0x34,0x60,0x32,0x23,0x33,0x33,0x33,0x23,0x32,0x33,0x23,0x30,0x00,0x00,0x20,0x95,0x55,0xa0,0x12,0x34,0x40,
 0x33,0x50,0x25,0x99,0x25,0x55,0x55,0x43,0x31,0x24,0x60,0x33,0x30,0x1a,0x61,0x33,0x33,0x32,0x02,0xa9,0x00,0x33,0x00,0x00,
 0x03,0x00,0x07,0x00,0x00,0x00,0x00,0x00,0x07,0x03,0x10,0x00,0x70,0x12,0x33,0x03,0x31,0x03,0x00,0x00,0x30,0x00,0x00,0x32,
 0x10,0x02,0x21,0xa9,0x99,0x11,0x10,0x05,0x32,0x22,0x22,0x22,0x22,0x22,0x23,0x34,0x95,0x99,0x43,0x33,0x32,0x32,0x23,0x33,
 0x11,0x22,0x12,0x22,0x12,0x51,0x12,0x22,0x22,0x22,0x12,0x22,0x12,0x92,0x44,0x1a,0x21,0x91,0x55,0x59,0x99,0x99,0x99,0x22,
 0x22,0x22,0x22,0x22,0x22,0x26,0x66,0x66,0x63,0x59,0x66,0x66,0x77,0x22,0x25,0x77,0x33,0x32,0x23,0x22,0x23,0x33,0x35,0x33,
 0x52,0x25,0x33,0x22,0x32,0x22,0x03,0x10,0x00,0x04,0x00,0x55,0x55,0x55,0x55,0x55,0x55,0x55,0x55,0x54,0x01,0x12,0x45,0x30,
 0x22,0x13,0x55,0x99,0x02,0x35,0x91,0x32,0x33,0x33,0x33,0x33,0x23,0x32,0x32,0x21,0x00,0x23,0x00,0x02,0x15,0x95,0x00,0x22,
 0x30,0x00,0x33,0x31,0x19,0x99,0x11,0x55,0x55,0x55,0x50,0x24,0x60,0x33,0x30,0x1a,0x62,0x33,0x33,0x33,0x01,0x49,0x00,0x33,
 0x00,0x00,0x02,0x32,0x03,0x33,0x00,0x00,0x00,0x00,0x03,0x20,0x12,0x20,0x30,0x01,0x01,0x02,0x02,0x02,0x00,0x22,0x00,0x00,
 0x00,0x22,0x10,0x02,0x21,0xa9,0x99,0x11,0x23,0x22,0x11,0x11,0x10,0x11,0x11,0x11,0x22,0x23,0x22,0xa5,0x96,0x43,0x33,0x22,
 0x33,0x33,0x21,0x22,0x02,0x22,0x12,0x51,0x22,0x22,0x12,0x22,0x12,0x22,0x12,0x94,0x44,0x1a,0x44,0xa1,0x53,0x33,0x33,0x22,
 0x35,0x54,0x22,0x22,0x22,0x22,0x22,0x26,0x66,0x66,0x23,0x55,0x56,0x77,0x73,0x22,0x22,0x22,0x29,0x55,0x33,0x32,0x23,0x33,
 0x35,0x33,0x32,0x25,0x33,0x32,0x32,0x22,0x03,0x44,0x44,0x44,0x22,0x21,0x05,0x55,0x55,0x55,0x55,0x55,0x55,0x54,0x00,0x01,
 0x07,0x10,0x00,0x00,0x01,0x00,0x01,0x39,0x63,0x22,0x33,0x33,0x32,0x23,0x32,0x33,0x23,0x22,0x20,0x05,0x00,0x00,0x20,0xa4,
 0x54,0x02,0x00,0x02,0x33,0x39,0x05,0x55,0x11,0x55,0x55,0x55,0x50,0x13,0x40,0x33,0x30,0x14,0x62,0x33,0x43,0x33,0x01,0x49,
 0x00,0x33,0x00,0x00,0x00,0x00,0x01,0x00,0x00,0x00,0x00,0x00,0x00,0x00,0x00,0x00,0x00,0x00,0x00,0x00,0x00,0x00,0x00,0x00,
 0x00,0x00,0x00,0x23,0x00,0x02,0x21,0xa9,0x99,0x01,0x22,0x22,0x22,0x22,0x22,0x22,0x22,0x22,0x22,0x21,0x12,0x43,0xa5,0x99,
 0x33,0x22,0x33,0x33,0x22,0x22,0x02,0x22,0x12,0x51,0x22,0x22,0x12,0x22,0x22,0x32,0x12,0x94,0x44,0x1a,0x34,0xa1,0x43,0x34,
 0x33,0x33,0x33,0x22,0x42,0x22,0x22,0x22,0x22,0x26,0x66,0x63,0x12,0x22,0x11,0x22,0x22,0x22,0x22,0x21,0x15,0x99,0x59,0x95,
 0x33,0x33,0x35,0x33,0x32,0x35,0x33,0x33,0x32,0x21,0x34,0x44,0x44,0x44,0x41,0x22,0x21,0x45,0x55,0x55,0x55,0x55,0x55,0x52,
 0x00,0x02,0xa6,0x40,0x00,0x01,0x33,0x64,0x02,0x35,0x02,0x23,0x33,0x33,0x32,0x33,0x32,0x13,0x11,0x13,0x32,0x05,0x30,0x20,
 0x01,0x45,0x5a,0x02,0x23,0x52,0x30,0x34,0x15,0x55,0x12,0x45,0x55,0x55,0x50,0x11,0x42,0x43,0x30,0x24,0x62,0x30,0x53,0x33,
 0x11,0x49,0x00,0x33,0x00,0x00,0x00,0x00,0x00,0x00,0x00,0x00,0x00,0x00,0x00,0x00,0x00,0x00,0x00,0x00,0x00,0x00,0x00,0x00,
 0x00,0x00,0x00,0x00,0x00,0x32,0x10,0x03,0x21,0xa9,0x95,0x22,0x22,0x22,0x22,0x22,0x22,0x22,0x22,0x22,0x22,0x22,0x32,0x22,
 0x34,0x51,0x52,0x33,0x33,0x33,0x22,0x22,0x12,0x22,0x12,0x51,0x22,0x22,0x12,0x22,0x22,0x32,0x12,0xa4,0x44,0x2a,0xa4,0xa1,
 0x43,0x34,0x33,0x33,0x33,0x42,0x42,0x22,0x22,0x22,0x22,0x27,0x66,0x67,0x21,0x22,0x12,0x22,0x22,0x21,0x22,0x21,0x29,0x39,
 0x95,0x93,0x99,0x55,0x55,0x33,0x32,0x25,0x33,0x53,0x32,0x13,0x33,0x33,0x44,0x44,0x41,0x11,0x11,0x13,0x55,0x55,0x55,0x55,
 0x55,0x52,0x0a,0x02,0xa6,0x51,0x01,0x00,0x32,0x65,0x12,0xa5,0x03,0x23,0x35,0x55,0x99,0x99,0x53,0x22,0x20,0x21,0x32,0x20,
 0x90,0x21,0x01,0x19,0x5a,0x02,0x20,0x53,0x31,0x23,0x05,0x55,0x12,0x49,0x55,0x55,0x53,0x00,0x04,0x53,0x30,0x00,0x23,0x30,
 0x01,0x33,0x30,0x31,0x00,0x33,0x00,0x00,0x00,0x00,0x00,0x00,0x00,0x00,0x00,0x00,0x00,0x00,0x00,0x00,0x00,0x00,0x00,0x00,
 0x00,0x00,0x00,0x00,0x00,0x00,0x00,0x32,0x00,0x03,0x41,0xa9,0x50,0x22,0x22,0x22,0x22,0x23,0x44,0x45,0x42,0x22,0x22,0x22,
 0x32,0x22,0x21,0x2a,0x99,0x33,0x33,0x33,0x21,0x22,0x12,0x22,0x12,0x51,0x23,0x33,0x12,0x21,0x22,0x32,0x12,0xa4,0x4a,0x2a,
 0xa4,0xa1,0x43,0x33,0x33,0x33,0x33,0x53,0x42,0x22,0x22,0x22,0x22,0x27,0x66,0x67,0x12,0x22,0x12,0x22,0x22,0x21,0x22,0x21,
 0x29,0x59,0x95,0x95,0x99,0x22,0x53,0x33,0x32,0x25,0x39,0x54,0x52,0x11,0x22,0x33,0xa4,0x44,0x41,0x11,0x11,0x42,0x55,0x55,
 0x55,0x55,0x45,0x54,0x09,0x02,0xa6,0x51,0x01,0x01,0x42,0x9a,0x12,0x31,0x02,0x13,0x99,0x5a,0x14,0xaa,0x92,0x21,0x31,0x21,
 0x33,0x20,0x99,0x22,0x11,0x10,0x5a,0x22,0x31,0x53,0x22,0x03,0x14,0x55,0x33,0x24,0x55,0x55,0x51,0x06,0x05,0x53,0x31,0x16,
 0x03,0x30,0x12,0x33,0x30,0x44,0x00,0x33,0x00,0x00,0x00,0x90,0x00,0x00,0x00,0x00,0x00,0x00,0x00,0x00,0x00,0x00,0x00,0x00,
 0x00,0x00,0x00,0x00,0x00,0x00,0x00,0x00,0x00,0x32,0x00,0x02,0x21,0xa9,0x40,0x20,0x22,0x22,0x22,0x44,0x42,0x22,0x44,0x22,
 0x22,0x22,0x22,0x22,0x22,0x23,0x99,0x23,0x33,0x33,0x11,0x22,0x13,0x33,0x12,0x51,0x22,0x54,0x12,0x11,0x12,0x22,0x12,0xa4,
 0xaa,0x2a,0x55,0xa1,0x43,0x33,0x35,0x53,0x33,0x23,0x42,0x22,0x52,0x22,0x72,0x27,0x66,0x67,0x22,0x22,0x12,0x22,0x22,0x21,
 0x22,0x22,0x29,0x99,0x99,0x95,0x99,0x92,0x53,0x33,0x32,0x33,0x33,0x55,0x52,0x00,0x02,0x34,0xaa,0x44,0x41,0x11,0x11,0x41,
 0x45,0x55,0x55,0x55,0x55,0x44,0x09,0x01,0xa6,0x50,0x01,0x01,0x45,0x9a,0x01,0x31,0x22,0x23,0x9a,0x41,0x11,0x1a,0x93,0x32,
 0x33,0x21,0x13,0x22,0x39,0x03,0x33,0x12,0x2a,0x12,0x21,0x09,0x02,0x02,0x50,0x95,0x32,0x45,0x55,0x55,0x51,0x19,0x02,0x43,
 0x30,0x16,0x52,0x33,0x00,0x22,0x10,0x44,0x00,0x33,0x00,0x00,0x01,0x30,0x00,0x00,0x00,0x00,0x00,0x00,0x00,0x00,0x00,0x00,
 0x00,0x00,0x00,0x00,0x00,0x00,0x00,0x00,0x00,0x00,0x00,0x32,0x00,0x02,0x21,0xa9,0x01,0x20,0x21,0x22,0x24,0x44,0x22,0x22,
 0x24,0x42,0x22,0x22,0x12,0x22,0x22,0x33,0x59,0x43,0x33,0x32,0x12,0x21,0x12,0x22,0x12,0x51,0x22,0x23,0x22,0x21,0x12,0x22,
 0x12,0xa4,0x4a,0x2a,0xaa,0xa1,0x43,0x33,0x99,0x59,0x33,0x33,0x42,0x22,0x92,0x22,0x23,0x22,0x66,0x67,0x12,0x22,0x12,0x22,
 0x22,0x21,0x22,0x21,0x29,0x99,0x99,0x95,0x99,0x92,0x53,0x33,0x32,0x25,0x33,0x53,0x30,0x20,0x01,0x44,0x44,0x42,0x11,0x11,
 0x11,0x20,0x45,0x55,0x55,0x54,0x54,0x44,0x09,0x11,0xa6,0x50,0x01,0x01,0x33,0x6a,0x00,0x20,0x33,0x33,0x4a,0x41,0x4a,0xaa,
 0x93,0x33,0x23,0x01,0x03,0x32,0x09,0x91,0x33,0x12,0x19,0x52,0x12,0x19,0x12,0x02,0x30,0x99,0x31,0x02,0x45,0x55,0x10,0x07,
 0x00,0x00,0x00,0x00,0x12,0x00,0x04,0x61,0x00,0x00,0x00,0x03,0x33,0x33,0x05,0x94,0x13,0x33,0x33,0x33,0x33,0x33,0x33,0x33,
 0x33,0x33,0x33,0x33,0x33,0x33,0x33,0x33,0x33,0x33,0x33,0x33,0x33,0x22,0x00,0x02,0x21,0xa9,0x11,0x22,0x22,0x22,0x44,0x33,
 0x22,0x22,0x22,0xa2,0x22,0x22,0x12,0x21,0x22,0x33,0x39,0x90,0x33,0x22,0x12,0x22,0x12,0x22,0x12,0x51,0x22,0x23,0x12,0x21,
 0x12,0x22,0x12,0xa4,0x44,0x2a,0xa4,0xa1,0x43,0x39,0x93,0x39,0x53,0x33,0x42,0x22,0x22,0x22,0x22,0x22,0x66,0x67,0x12,0x22,
 0x12,0x22,0x22,0x21,0x22,0x21,0x29,0x99,0x99,0x95,0x99,0x92,0x53,0x33,0x32,0x35,0x33,0x53,0x31,0x44,0x44,0x44,0x44,0x42,
 0x21,0x11,0x11,0x14,0x25,0x55,0x55,0x54,0x44,0x43,0x09,0x01,0xa6,0x50,0x01,0x01,0x33,0x65,0x10,0x20,0x31,0x33,0x34,0x14,
 0x10,0x11,0x93,0x33,0x12,0x01,0x01,0x33,0x20,0x92,0x33,0x22,0x20,0x51,0x12,0x20,0x90,0x00,0x21,0x39,0x30,0x12,0x44,0xa1,
 0x02,0x49,0xaa,0xa1,0x13,0xa6,0x4a,0xa1,0x49,0x52,0x96,0x94,0x44,0x40,0x22,0x01,0x12,0x11,0x10,0x05,0x55,0x55,0x55,0xa4,
 0x33,0x33,0x33,0x33,0x33,0x33,0x33,0x33,0x33,0x33,0x33,0x34,0x43,0x33,0x33,0x30,0x00,0x02,0x22,0xa0,0x11,0x12,0x12,0x22,
 0x53,0x33,0x35,0x5a,0xa4,0x42,0x22,0x21,0x22,0x32,0x22,0x32,0x35,0x90,0x33,0x33,0x21,0x22,0x11,0x21,0x12,0x31,0x22,0x22,
 0x12,0x21,0x11,0x21,0x12,0xa4,0x44,0x14,0x44,0xa1,0x43,0x39,0x59,0x99,0x93,0x33,0x42,0x22,0x22,0x22,0x22,0x22,0x66,0x67,
 0x12,0x22,0x12,0x22,0x22,0x21,0x22,0x21,0x29,0x99,0x99,0x95,0x99,0x92,0x52,0x23,0x32,0x35,0x33,0x12,0x30,0x01,0x12,0x22,
 0x22,0x34,0x41,0x11,0x11,0x00,0x45,0x55,0x55,0x54,0x55,0x43,0x09,0x01,0x26,0x50,0x01,0x01,0x23,0x65,0x10,0x20,0x21,0x33,
 0x3a,0x41,0x2a,0xaa,0x94,0x33,0x10,0x01,0x02,0x22,0x11,0x99,0x03,0x33,0x20,0x01,0x02,0x20,0x95,0x01,0x23,0x09,0x22,0x46,
 0x46,0x60,0x34,0xa6,0xa9,0xa0,0x2a,0x64,0x06,0x1a,0xa6,0x1a,0x5a,0xaa,0x64,0x4a,0x00,0x55,0x00,0x00,0x13,0x50,0x00,0x00,
 0x00,0x00,0x00,0x00,0x00,0x00,0x00,0x00,0x00,0x00,0x00,0x00,0x00,0x00,0x00,0x00,0x00,0x00,0x00,0x04,0x22,0xa0,0x20,0x22,
 0x22,0x22,0x42,0x22,0x33,0x22,0x22,0x22,0x22,0x21,0x22,0x22,0x12,0x32,0x35,0x99,0x33,0x33,0x11,0x22,0x12,0x22,0x22,0x31,
 0x12,0x23,0x12,0x21,0x12,0x22,0x12,0xa4,0x5a,0x1a,0x55,0xa1,0x43,0x39,0x55,0x35,0x33,0x33,0x46,0x66,0x66,0x66,0x66,0x66,
 0x66,0x67,0x22,0x22,0x12,0x22,0x22,0x21,0x22,0x21,0x29,0x99,0x99,0x95,0x99,0x92,0x32,0x33,0x22,0x35,0x11,0x20,0x00,0x00,
 0x00,0x00,0x00,0x12,0x20,0x00,0x00,0x00,0x02,0x55,0x55,0x55,0x55,0x43,0x09,0x01,0x26,0x50,0x01,0x01,0x23,0x64,0x00,0x10,
 0x20,0x33,0x3a,0x4a,0x01,0x45,0x55,0x33,0x20,0x00,0x02,0x33,0x32,0x55,0x30,0x12,0x22,0x11,0x02,0x21,0x06,0x01,0x23,0x01,
 0x11,0x24,0x01,0x10,0x24,0x4a,0x21,0x10,0x13,0xa1,0x04,0x04,0x14,0x04,0x00,0x34,0x66,0x44,0x61,0x11,0x02,0x46,0x11,0x36,
 0x90,0x00,0x00,0x00,0x00,0x00,0x00,0x00,0x00,0x00,0x00,0x00,0x00,0x00,0x00,0x01,0x11,0x11,0x09,0x01,0x11,0x04,0x42,0x01,
 0x21,0x02,0x22,0x22,0xa4,0x44,0x32,0x22,0x23,0x32,0x22,0x31,0x02,0x22,0x13,0x22,0x25,0x49,0x33,0x33,0x22,0x22,0x12,0x32,
 0x12,0x41,0x22,0x23,0x22,0x21,0x22,0x22,0x12,0xa4,0x44,0x1a,0x44,0xa1,0x43,0x33,0x33,0x33,0x33,0x32,0x37,0x77,0x67,0x77,
 0x73,0x33,0x33,0x33,0x22,0x33,0x14,0x71,0x22,0x21,0x22,0x21,0x29,0x96,0x95,0x55,0x95,0x92,0x53,0x33,0x22,0x34,0x00,0x12,
 0x31,0x11,0x12,0x10,0x2a,0x00,0x00,0x01,0x12,0x22,0x21,0x03,0x55,0x55,0x55,0x44,0x09,0x12,0x26,0x50,0x01,0x01,0x24,0x94,
 0x00,0x02,0x00,0x33,0x35,0x44,0x59,0x99,0x93,0x33,0x32,0x00,0x03,0x12,0x21,0x05,0x95,0x54,0x00,0x00,0x00,0x01,0x59,0x90,
 0x13,0x50,0x10,0x24,0x01,0x20,0x22,0x03,0x00,0x00,0x11,0xa1,0x00,0x01,0x13,0x00,0x10,0x12,0x46,0x64,0x55,0x00,0x00,0x13,
 0x60,0x16,0x60,0x11,0x11,0x12,0x11,0x11,0x22,0x11,0x11,0x11,0x11,0x11,0x11,0x11,0x11,0x12,0x22,0x22,0x04,0x01,0x11,0x04,
 0x32,0x02,0x21,0x02,0x22,0x22,0x22,0x22,0x25,0x44,0x44,0x42,0x22,0x32,0x01,0x02,0x14,0x22,0x55,0x19,0x33,0x33,0x22,0x22,
 0x12,0x22,0x12,0x41,0x22,0x23,0x23,0x41,0x13,0x52,0x12,0xa4,0x4a,0x2a,0x94,0xa1,0x43,0x39,0x59,0x35,0x93,0x33,0x36,0x66,
 0x66,0x66,0x71,0x22,0x11,0x22,0x11,0x12,0x11,0x59,0x65,0x31,0x22,0x21,0x29,0x95,0x95,0x65,0x95,0x52,0x69,0x99,0x93,0x32,
 0x01,0x02,0x23,0x30,0x22,0x11,0x50,0x40,0x00,0x41,0x03,0x22,0x32,0x22,0x04,0x55,0x54,0x44,0x04,0x02,0x26,0x50,0x01,0x01,
 0x21,0x93,0x00,0x02,0x01,0x33,0x35,0x55,0x53,0x33,0x23,0x33,0x23,0x00,0x11,0x33,0x33,0x09,0x05,0x55,0x99,0x99,0x35,0x99,
 0x92,0x60,0x12,0x31,0x40,0x00,0x00,0x00,0x01,0x00,0x02,0x11,0x00,0x20,0x04,0x00,0x12,0x11,0x00,0x01,0x4a,0x64,0xaa,0x00,
 0x00,0x02,0x62,0x11,0x60,0x22,0x22,0x22,0x22,0x22,0x22,0x22,0x22,0x22,0x11,0x22,0x12,0x22,0x12,0x22,0x22,0x22,0x09,0x01,
 0x11,0x04,0x40,0x22,0x21,0x00,0x22,0x22,0x25,0xaa,0x42,0x22,0x24,0x22,0x22,0x32,0x11,0x00,0x22,0x22,0x53,0x99,0x22,0x31,
 0x03,0x57,0x61,0x22,0x12,0x41,0x22,0x23,0x23,0x51,0x25,0x42,0x12,0xa4,0x4a,0x2a,0xa4,0xa1,0x43,0x39,0x54,0x35,0x53,0x33,
 0x47,0x77,0x77,0x77,0x51,0x23,0x21,0x22,0x12,0x22,0x21,0x95,0x55,0x31,0x22,0x22,0x29,0x9a,0x95,0x93,0x95,0x92,0x95,0x35,
 0x53,0x40,0x00,0x01,0x12,0x11,0x21,0x04,0x40,0x00,0x04,0x44,0x10,0x02,0x11,0x00,0x00,0x55,0x55,0x53,0x00,0x02,0x26,0x10,
 0x02,0x22,0x23,0x32,0x00,0x22,0x01,0x33,0x33,0x33,0x33,0x33,0x22,0x23,0x32,0x00,0x21,0x33,0x33,0x04,0x55,0x55,0x95,0x35,
 0x55,0x55,0x99,0x90,0x02,0x20,0x40,0x25,0x4a,0x42,0x00,0x09,0x00,0x00,0x02,0x44,0x00,0x00,0x1a,0xa1,0x40,0x11,0x4a,0x64,
 0x4a,0x00,0x00,0x02,0x61,0x11,0x60,0x22,0x32,0x22,0x22,0x22,0x22,0x22,0x22,0x22,0x22,0x22,0x22,0x22,0x22,0x22,0x22,0x11,
 0x14,0x43,0x11,0x03,0x21,0x22,0x22,0x00,0x21,0x12,0x23,0x52,0x22,0x21,0x43,0x22,0x02,0x33,0x01,0x00,0x22,0x23,0xa3,0x55,
 0x30,0x21,0x02,0x35,0x61,0x22,0x12,0x51,0x22,0x35,0x23,0x41,0x23,0x22,0x12,0xa4,0x44,0x1a,0x44,0xa1,0x43,0x33,0x55,0x35,
 0x33,0x32,0x47,0x77,0x77,0x77,0x51,0x22,0x21,0x22,0x12,0x22,0x21,0x95,0x25,0x31,0x22,0x22,0x29,0x99,0x95,0x54,0x99,0x92,
 0x99,0x45,0x53,0x10,0x00,0x00,0x01,0x11,0x11,0x04,0x44,0x41,0x05,0x40,0x20,0x00,0x00,0x00,0x01,0x55,0x55,0x52,0x00,0x00,
 0x11,0x10,0x00,0x11,0x00,0x01,0x00,0x11,0x00,0x33,0x23,0x33,0x33,0x23,0x32,0x11,0x33,0x00,0x22,0x11,0x32,0x00,0x95,0x59,
 0x99,0x93,0x34,0x59,0x99,0x99,0x00,0x02,0x10,0x39,0xaa,0x22,0x00,0x09,0x22,0x00,0x02,0x60,0x00,0x00,0x00,0x00,0x04,0x11,
 0x4a,0x64,0x4a,0x03,0x30,0x02,0x90,0x00,0x90,0x23,0x33,0x23,0x32,0x32,0x22,0x22,0x22,0x22,0x22,0x22,0x22,0x12,0x22,0x22,
 0x21,0x21,0x15,0x59,0x90,0x04,0x02,0x22,0x21,0x00,0x22,0x12,0x22,0x24,0x55,0x55,0x22,0x22,0x22,0x23,0x30,0x01,0x22,0x23,
 0x42,0x35,0x90,0x21,0x02,0xa5,0x51,0x22,0x22,0x51,0x22,0x24,0x23,0x51,0x24,0x22,0x12,0xa4,0x44,0x1a,0x34,0xa1,0x43,0x33,
 0x33,0x33,0x33,0x32,0x46,0x99,0x99,0x99,0x91,0x33,0x32,0x55,0x13,0x33,0x11,0x95,0x9a,0x31,0x22,0x22,0x29,0x99,0x95,0x95,
 0x99,0x92,0x95,0x35,0x52,0x02,0x22,0x42,0x00,0x01,0x20,0x00,0x4a,0x00,0x1a,0xaa,0xa0,0x29,0x99,0x55,0x55,0x55,0x55,0x52,
 0x09,0x99,0x96,0x66,0x99,0x99,0x95,0x55,0x55,0x44,0x10,0x33,0x22,0x33,0x32,0x21,0x10,0x01,0x22,0x00,0x22,0x33,0x23,0x30,
 0x95,0x59,0x99,0x99,0x33,0x39,0x99,0x99,0x10,0x22,0x30,0x49,0x54,0x22,0x01,0x49,0x22,0x21,0x03,0x60,0x00,0x01,0x20,0x00,
 0x00,0x11,0x49,0x6a,0x46,0x03,0x31,0x12,0x65,0x02,0x60,0x33,0x32,0x23,0x33,0x32,0x22,0x22,0x22,0x22,0x22,0x22,0x22,0x22,
 0x23,0x33,0x31,0x01,0x55,0x65,0x90,0x00,0x02,0x22,0x11,0x00,0x22,0x12,0x22,0x22,0x21,0x22,0x22,0x22,0x21,0x22,0x30,0x01,
 0x21,0x23,0x22,0x25,0x90,0x50,0x09,0x2a,0x91,0x22,0x22,0x51,0x22,0x23,0x22,0x41,0x25,0x22,0x12,0xa4,0x3a,0x1a,0x43,0xa1,
 0x53,0x33,0x33,0x33,0x33,0x32,0x47,0x73,0x17,0x77,0x11,0x11,0x22,0x22,0x12,0x11,0x11,0x93,0x35,0x31,0x22,0x22,0x29,0x99,
 0x95,0x95,0x99,0x92,0x99,0x54,0x10,0x22,0x22,0x23,0x41,0x01,0x00,0x00,0x0a,0x12,0x1a,0xaa,0x11,0x49,0x99,0x55,0x55,0x55,
 0x55,0x52,0x0a,0xaa,0x99,0x69,0x59,0x95,0xaa,0x55,0x44,0x44,0x40,0x03,0x32,0x32,0x10,0x00,0x00,0x00,0x00,0x00,0x02,0x23,
 0x33,0x30,0x99,0x99,0x99,0x99,0x93,0x99,0x99,0x96,0x20,0x22,0x20,0x49,0x21,0x22,0x00,0x90,0x22,0x21,0x01,0x90,0x00,0x12,
 0x20,0x00,0x00,0x00,0x01,0x10,0x00,0x05,0x51,0x00,0x00,0x00,0x00,0x55,0x55,0x5a,0xaa,0xa4,0x44,0x44,0x44,0x44,0x34,0x44,
 0x43,0x44,0x44,0x44,0x42,0x01,0x55,0x69,0x90,0x00,0x21,0x12,0x11,0x00,0x11,0x12,0x22,0x22,0x21,0x22,0x22,0x22,0x20,0x12,
 0x30,0x02,0x12,0x22,0x21,0x20,0x49,0x59,0x99,0x15,0x91,0x22,0x12,0x51,0x12,0x22,0x12,0x21,0x22,0x21,0x22,0x95,0x3a,0x1a,
 0xa2,0x51,0xa3,0x33,0x33,0x33,0x33,0x33,0x46,0x67,0x19,0x67,0x11,0x22,0x21,0x22,0x12,0x22,0x22,0x59,0x99,0x31,0x22,0x22,
 0x29,0x99,0x95,0x95,0x99,0x91,0x50,0x00,0x11,0x00,0x00,0x13,0x44,0x42,0x00,0x00,0x00,0x12,0x14,0xaa,0xa4,0xa1,0x99,0x55,
 0x55,0x55,0x55,0x52,0x0a,0xaa,0xa9,0x69,0xa5,0x99,0xaa,0xaa,0xaa,0x44,0x40,0x03,0x22,0x10,0x00,0x5a,0xaa,0xa3,0x33,0x00,
 0x02,0x22,0x33,0x20,0x99,0x99,0x99,0x99,0x99,0x99,0x99,0x99,0x20,0x10,0x00,0x03,0x90,0x00,0x00,0x00,0x22,0x21,0x00,0x20,
 0x00,0x24,0x41,0x00,0x00,0x11,0x49,0x6a,0xa9,0x05,0x51,0x12,0x61,0x24,0x60,0x55,0x55,0x95,0xa5,0xa4,0x44,0x44,0x44,0x44,
 0x44,0x44,0x44,0x44,0x44,0x44,0x41,0x03,0xa5,0x69,0x90,0x01,0x21,0x00,0x11,0x00,0x11,0x12,0x22,0x22,0x21,0x22,0x23,0x22,
 0x21,0x01,0x31,0x00,0x12,0x22,0x11,0x04,0x99,0x19,0x55,0x55,0x91,0x22,0x11,0x40,0x22,0x22,0x22,0x22,0x22,0x22,0x22,0x94,
 0xaa,0x1a,0xa4,0xa1,0x53,0x33,0x33,0x33,0x33,0x33,0x36,0x62,0x2a,0x66,0x01,0x22,0x21,0x22,0x12,0x22,0x22,0xa9,0x95,0x21,
 0x22,0x21,0x29,0x29,0x95,0x94,0x55,0x00,0x01,0x34,0x44,0x44,0x44,0x10,0x14,0x44,0x40,0x44,0x01,0x12,0x14,0xaa,0xa4,0xa2,
 0x99,0x55,0x55,0x55,0x55,0x42,0x00,0x00,0x00,0x00,0x00,0x00,0x00,0x00,0x00,0x00,0x00,0x02,0x20,0x15,0xa5,0x5a,0xa4,0x43,
 0x34,0x41,0x01,0x21,0x22,0x00,0x95,0x99,0x99,0x49,0x99,0x34,0x94,0x55,0x20,0x35,0x55,0xa3,0x10,0x59,0x69,0x95,0x01,0x21,
 0x01,0x30,0x01,0x12,0x40,0x00,0x00,0x11,0x4a,0x64,0x49,0x05,0x51,0x02,0x61,0x2a,0x60,0x55,0x55,0x00,0x00,0x00,0x55,0x54,
 0x44,0x4a,0x01,0x11,0x22,0x22,0x12,0x35,0x00,0x03,0xa5,0x99,0x90,0x02,0x11,0x10,0x00,0x00,0x11,0x12,0x21,0x22,0x21,0x12,
 0x22,0x23,0x22,0x00,0x21,0x00,0x12,0x01,0x01,0x33,0x39,0x05,0xa5,0x2a,0x90,0x11,0x12,0x51,0x11,0x11,0x11,0x11,0x11,0x11,
 0x11,0x54,0x11,0x11,0x11,0x41,0xa1,0x22,0x22,0x23,0x33,0x32,0x36,0x22,0x22,0x39,0x11,0x22,0x21,0x22,0x12,0x22,0x21,0xaa,
 0x54,0x21,0x11,0x11,0x19,0x55,0x55,0xa0,0x11,0x01,0x44,0x44,0x44,0x44,0x44,0x44,0x44,0x01,0x44,0x04,0x01,0x02,0x41,0xa5,
 0x00,0x04,0x95,0x55,0x55,0x55,0x55,0x32,0x00,0x00,0x00,0x00,0x00,0x00,0x00,0x00,0x00,0x00,0x00,0x02,0x12,0x54,0x55,0x53,
 0x22,0x21,0x13,0x33,0x00,0x11,0x12,0x00,0x93,0x39,0x55,0x35,0x55,0x33,0x53,0x32,0x15,0x55,0x55,0x55,0x55,0x14,0x56,0x66,
 0x30,0x01,0x00,0x20,0x01,0x23,0x40,0x00,0x00,0x11,0x35,0x64,0x49,0x09,0x51,0x12,0x61,0x2a,0x60,0x55,0x54,0x04,0x44,0x49,
 0x21,0x01,0x03,0x22,0x01,0x00,0x11,0x11,0x10,0x59,0x40,0x02,0xa5,0x69,0x90,0x02,0x22,0x22,0x10,0x00,0x01,0x12,0x21,0x12,
 0x22,0x11,0x22,0x22,0x32,0x20,0x01,0x00,0x00,0x02,0x32,0x22,0x39,0x10,0xaa,0x15,0x92,0x22,0x12,0x51,0x22,0x22,0x22,0x22,
 0x22,0x22,0x12,0x53,0x55,0x55,0x55,0x51,0x59,0x99,0x55,0x95,0x55,0x93,0x55,0x22,0x22,0x39,0x11,0x12,0x21,0x22,0x12,0x21,
 0x22,0x94,0x24,0x21,0x99,0x95,0x94,0x69,0x95,0x12,0x21,0x00,0x02,0x44,0x44,0x4a,0x44,0x44,0x44,0x21,0x04,0x40,0x00,0x01,
 0x21,0x41,0x00,0x09,0x55,0x55,0x55,0x55,0x33,0x32,0x00,0x00,0x00,0x00,0x00,0x00,0x00,0x00,0x00,0x00,0x00,0x00,0x44,0x44,
 0x24,0x55,0x54,0x44,0x44,0x23,0x00,0x11,0x11,0x05,0x43,0x33,0x33,0x33,0x23,0x33,0x33,0x05,0x55,0x55,0x5a,0x44,0xaa,0xa0,
 0x39,0x66,0x02,0x59,0x67,0x20,0x02,0x24,0x91,0x00,0x00,0x11,0x4a,0x64,0xa9,0x01,0x10,0x12,0x61,0x2a,0x60,0x23,0x32,0x03,
 0x31,0x24,0x10,0x62,0x12,0x11,0x00,0x00,0x00,0x00,0x00,0x19,0x00,0x02,0x45,0x69,0x90,0x20,0x02,0x11,0x10,0x00,0x00,0x11,
 0x21,0x11,0x22,0x21,0x12,0x22,0x23,0x22,0x01,0x10,0x12,0x22,0x10,0x22,0x30,0x69,0x4a,0x49,0x92,0x32,0x22,0x22,0x22,0x29,
 0x99,0x92,0x23,0x22,0x22,0x55,0x55,0x55,0x55,0x51,0x55,0x99,0x55,0x99,0x55,0x55,0x47,0x71,0x11,0x59,0x21,0x11,0x22,0x22,
 0x01,0x21,0x22,0x51,0x11,0x21,0x10,0x11,0x19,0x59,0x61,0x23,0x32,0x22,0x33,0x21,0x04,0x44,0x01,0x4a,0xaa,0xa4,0x4a,0x22,
 0x00,0x01,0x11,0x10,0xa0,0x55,0x55,0x55,0x55,0x55,0x33,0x32,0x01,0x11,0x11,0x11,0x01,0xa9,0x00,0x00,0x01,0x00,0x00,0x04,
 0x44,0x23,0x39,0xa4,0x44,0x44,0x44,0x43,0x00,0x01,0x11,0x05,0x33,0x33,0x33,0x32,0x23,0x33,0x20,0x95,0x55,0x55,0x55,0x54,
 0x10,0x40,0x99,0x94,0x00,0x00,0x02,0x66,0x42,0x2a,0x61,0x10,0x00,0x11,0x4a,0x6a,0xa9,0x02,0x20,0x02,0x61,0x1a,0x60,0x22,
 0x22,0x02,0x30,0x22,0x00,0x62,0x02,0x11,0x00,0x11,0x12,0x00,0x02,0x29,0x20,0x02,0x45,0x69,0x90,0x20,0x20,0x11,0x10,0x00,
 0x00,0x11,0x11,0x11,0x01,0x11,0x00,0x01,0x12,0x22,0x10,0x00,0x01,0x11,0x22,0x21,0x0a,0x99,0x11,0x12,0x03,0x31,0x22,0x22,
 0x22,0x25,0x55,0x52,0x22,0x22,0x22,0x55,0x55,0x55,0x55,0x52,0x55,0x59,0x55,0x55,0x55,0x55,0x57,0x21,0x11,0x35,0x29,0x21,
 0x11,0x11,0x11,0x52,0x15,0x14,0x92,0x21,0x21,0x22,0x29,0x99,0x01,0x22,0x22,0x23,0x33,0x33,0x21,0x10,0x4a,0xaa,0xa4,0x42,
 0x21,0x14,0x10,0x00,0x12,0x24,0x00,0x35,0x55,0x55,0x55,0x55,0x33,0x32,0x01,0x11,0x12,0x22,0x01,0x49,0x11,0x00,0x11,0x01,
 0x10,0x15,0x43,0x35,0x59,0x54,0x43,0x01,0x12,0x33,0x00,0x01,0x10,0x45,0x33,0x33,0x32,0x22,0x31,0x00,0x15,0x55,0x55,0x5a,
 0x55,0x5a,0xaa,0x09,0x59,0x55,0x11,0x03,0x39,0x54,0x40,0x2a,0x62,0x10,0x00,0x11,0x4a,0x6a,0xa9,0x02,0x20,0x13,0x61,0x2a,
 0x60,0x00,0x00,0x00,0x01,0x00,0x00,0x00,0x00,0x11,0x00,0x11,0x11,0x11,0x12,0x46,0xa0,0x02,0xa5,0x69,0x90,0x20,0x4a,0x00,
 0x00,0x00,0x10,0x01,0x11,0x00,0x00,0x11,0x20,0x00,0x00,0x23,0x31,0x00,0x01,0x11,0x22,0x12,0x4a,0x66,0x01,0x22,0x99,0x31,
 0x22,0x22,0x22,0x25,0x55,0x52,0x11,0x11,0x22,0x95,0x22,0x41,0x32,0x92,0x21,0x11,0x23,0x11,0x11,0x11,0x37,0x21,0x12,0x27,
 0x22,0x22,0x22,0x22,0x12,0x22,0x24,0x14,0x22,0x32,0x22,0x51,0x11,0x10,0x03,0x42,0x10,0x11,0x33,0x33,0x21,0x32,0x04,0xa4,
 0x10,0x24,0x44,0x31,0x00,0x00,0x01,0x21,0x10,0x35,0x55,0x55,0x55,0x55,0x33,0x33,0x02,0x22,0x22,0x22,0x00,0x25,0x01,0x00,
 0x11,0x04,0x10,0x13,0x34,0x55,0x54,0x40,0x00,0x11,0x11,0x02,0x00,0x00,0x00,0x43,0x33,0x32,0x31,0x02,0x55,0x55,0x55,0x55,
 0x55,0x55,0x55,0x24,0xaa,0x09,0x93,0x60,0x11,0x03,0x39,0x65,0x01,0x2a,0x62,0x10,0x00,0x11,0x45,0x6a,0xa9,0x02,0x20,0x13,
 0x62,0x2a,0x60,0x01,0x11,0x11,0x11,0x65,0x55,0x55,0x59,0x01,0x00,0x11,0x12,0x01,0x12,0x99,0xa0,0x02,0x45,0x65,0x40,0x20,
 0x4a,0x44,0x31,0x39,0x40,0x11,0x10,0x11,0x23,0x22,0x22,0x22,0x00,0x01,0x22,0x20,0x00,0x00,0x02,0x44,0x4a,0xa4,0x22,0x22,
 0x53,0x31,0x22,0x11,0x02,0x25,0x33,0x91,0x15,0x13,0x12,0x55,0x22,0x21,0xa2,0x52,0x21,0x12,0x29,0x51,0x11,0x32,0x43,0x31,
 0x22,0x23,0x21,0x11,0x11,0x22,0x22,0x22,0x11,0x23,0x22,0x22,0x22,0x12,0x21,0x11,0x33,0x33,0x33,0x41,0x11,0x22,0x34,0x12,
 0x00,0x02,0x44,0x4a,0xa4,0x44,0x41,0x00,0x00,0x11,0x20,0x25,0x55,0x43,0x33,0x44,0x33,0x52,0x03,0x22,0x34,0x43,0x01,0x36,
 0x02,0x01,0x11,0x21,0x10,0x03,0x24,0x44,0x31,0x11,0xaa,0x55,0x5a,0x00,0x00,0x00,0x03,0x31,0x00,0x00,0x05,0x55,0x55,0x55,
 0x55,0x55,0x55,0x55,0x55,0xaa,0x00,0x46,0x35,0x60,0x11,0x13,0x46,0x95,0x02,0x2a,0x63,0x20,0x00,0x11,0x45,0x6a,0xa9,0x01,
 0x10,0x13,0x61,0x2a,0x60,0x00,0x00,0x00,0x00,0x61,0x11,0x11,0x17,0x01,0x00,0x11,0x11,0x01,0x12,0x99,0xa0,0x01,0x22,0x52,
 0x20,0x21,0x2a,0x44,0x44,0x49,0x90,0x11,0x12,0x22,0x22,0x22,0x23,0x32,0x22,0x10,0x12,0x10,0x00,0x04,0x44,0x5a,0x41,0xa0,
 0x21,0x22,0x33,0x31,0x22,0x21,0x12,0x25,0x53,0x91,0x13,0x33,0x12,0x55,0x22,0x21,0x55,0x52,0x21,0x12,0x29,0x96,0x12,0x32,
 0x43,0x21,0x31,0x33,0x12,0x10,0x00,0x11,0x11,0x11,0x11,0x13,0x22,0x11,0x11,0x12,0x50,0x02,0x34,0x44,0x33,0x33,0x33,0x30,
 0x44,0x23,0x00,0x24,0x44,0xaa,0xaa,0xa4,0x44,0x20,0x00,0x00,0x00,0x25,0x11,0x14,0x55,0x53,0x11,0x01,0x03,0x34,0x44,0x44,
 0x01,0x26,0x02,0x01,0x21,0x22,0x10,0x01,0x24,0x30,0x04,0x45,0x55,0x55,0x55,0x00,0x00,0x00,0x22,0x11,0x99,0x95,0x55,0x55,
 0x55,0x55,0x55,0x55,0x55,0x55,0x55,0xaa,0xa0,0x96,0x36,0x60,0x20,0x23,0x46,0x59,0x02,0x2a,0x62,0x20,0x00,0x11,0x4a,0x6a,
 0xa9,0x01,0x10,0x12,0x61,0x2a,0x90,0x00,0x00,0x00,0x12,0x69,0x55,0x55,0x55,0x00,0x00,0x11,0x11,0x00,0x12,0x29,0xa0,0x01,
 0x22,0x92,0x20,0x12,0x20,0x44,0x44,0x44,0x50,0x01,0x11,0x21,0x00,0x00,0x12,0x22,0x12,0x22,0x00,0x01,0x00,0x01,0xa4,0xa5,
 0xaa,0x13,0x21,0x22,0x33,0x31,0x22,0x22,0x22,0x25,0x45,0x91,0x13,0x11,0x22,0x52,0x29,0x11,0x93,0x52,0x25,0x11,0x24,0x56,
 0x12,0x32,0x46,0x31,0x90,0x36,0x61,0x11,0x11,0x16,0x21,0x12,0x11,0x15,0x92,0x22,0x21,0x12,0x20,0x14,0xaa,0xaa,0xa3,0x33,
 0x33,0x32,0x10,0x10,0x04,0x44,0x44,0x44,0x4a,0x40,0x11,0x10,0x00,0x00,0x03,0x55,0x00,0x00,0x16,0x10,0x00,0x00,0x04,0x44,
 0x41,0x1a,0x01,0x26,0x01,0x01,0x20,0x22,0x21,0x00,0x33,0x20,0x44,0x95,0x55,0x55,0x44,0x15,0x55,0x99,0x59,0x99,0x55,0x55,
 0x55,0x55,0x55,0x55,0x55,0x55,0x55,0x55,0x55,0x40,0x00,0x95,0x36,0x50,0x20,0x23,0x46,0x52,0x02,0x2a,0x62,0x10,0x00,0x12,
 0x4a,0x6a,0xa9,0x00,0x00,0x12,0x61,0x2a,0x90,0x00,0x00,0x00,0x01,0x95,0x55,0x52,0x59,0x00,0x00,0x00,0x00,0x00,0x02,0x25,
 0x00,0x00,0x12,0x92,0x00,0x00,0x00,0x04,0x44,0x44,0xa4,0x00,0x00,0x00,0x00,0x00,0x00,0x00,0x00,0x00,0x00,0x00,0x00,0x00,
 0x14,0x44,0x91,0x35,0x41,0x22,0x95,0x51,0x22,0x21,0x22,0x25,0x55,0x91,0x11,0x11,0x22,0x95,0x22,0x11,0x23,0x42,0x22,0x11,
 0x22,0x33,0x33,0x33,0x36,0x10,0x90,0x23,0x32,0x11,0x11,0x73,0x33,0x33,0x11,0x13,0x22,0x22,0x22,0x11,0x11,0x3a,0xa4,0x25,
 0xaa,0x33,0x33,0x21,0x12,0x01,0x14,0x4a,0x44,0x44,0x40,0x44,0x44,0x44,0x20,0x94,0x99,0x95,0x02,0x13,0x56,0x43,0x02,0x04,
 0x01,0x00,0x00,0x01,0x00,0x03,0x40,0x00,0x00,0x04,0x10,0x00,0x32,0x04,0xa5,0x55,0x55,0xaa,0x55,0x55,0x55,0x55,0x55,0x55,
 0x55,0x55,0x55,0x55,0x55,0x55,0x59,0x55,0x55,0x55,0xaa,0xaa,0x14,0x95,0x96,0x01,0x10,0x34,0xa6,0x50,0x02,0x2a,0x62,0x21,
 0x00,0x12,0x2a,0x6a,0xa9,0x01,0x10,0x13,0x61,0x14,0x90,0x11,0x11,0x11,0x03,0x65,0x42,0x25,0x59,0x04,0x44,0x44,0x44,0x44,
 0x44,0x44,0x44,0xa4,0xaa,0xa5,0x59,0x55,0x59,0x94,0x24,0x42,0x45,0x00,0x00,0x00,0x00,0x10,0x00,0x00,0x10,0x00,0x00,0x00,
 0x00,0x03,0x62,0x12,0x12,0x22,0x22,0x22,0x53,0x33,0x22,0x22,0x22,0x22,0x33,0x33,0x55,0x55,0x59,0x95,0x99,0x99,0x99,0x99,
 0x99,0x99,0x95,0x79,0x99,0x55,0x77,0x77,0x77,0x59,0x96,0x66,0x66,0x77,0x69,0x99,0x99,0x99,0x99,0x96,0x99,0x94,0x02,0xaa,
 0xa3,0x33,0x5a,0x33,0x22,0x13,0x20,0x01,0x44,0x44,0x44,0x41,0x24,0x44,0x44,0x4a,0xa1,0x39,0x99,0x10,0x12,0x23,0x56,0x42,
 0x02,0x00,0x02,0x34,0x44,0x44,0x44,0x56,0x69,0x95,0x55,0x50,0x43,0x40,0x11,0x01,0x55,0x55,0x55,0xa5,0x55,0x55,0x55,0x55,
 0x55,0x55,0x55,0x55,0x55,0x55,0x55,0x55,0xa4,0x1a,0xaa,0x44,0x00,0x10,0x59,0x55,0x66,0x02,0x00,0x34,0xa9,0x50,0x02,0x2a,
 0x62,0x21,0x00,0x12,0x4a,0x6a,0xa9,0x04,0x40,0x13,0x61,0x14,0x90,0x11,0x11,0x11,0x04,0x65,0x59,0x55,0x96,0x0a,0xaa,0x44,
 0xaa,0xaa,0xa5,0x59,0x94,0xa9,0x99,0x66,0x99,0x99,0x99,0x99,0x20,0x40,0x33,0x00,0x10,0x11,0x11,0x10,0x11,0x11,0x21,0x11,
 0x00,0x10,0x00,0x00,0x66,0x66,0x66,0x66,0x66,0x66,0x66,0x66,0x66,0x69,0x99,0x99,0x99,0x99,0x99,0x99,0x99,0x99,0x99,0x99,
 0x99,0x99,0x99,0x99,0x99,0x96,0x66,0x66,0x66,0x99,0x99,0x96,0x69,0x99,0x99,0x99,0x66,0x66,0x66,0x66,0x66,0x99,0x99,0x90,
 0x15,0xaa,0xaa,0x43,0x55,0x33,0x21,0x23,0x10,0x14,0x44,0x44,0x44,0x41,0x44,0x44,0x49,0x92,0x4a,0x09,0x99,0x19,0x12,0x23,
 0x56,0x32,0x02,0x04,0x02,0x22,0x31,0x13,0x33,0x96,0x69,0x55,0x23,0x40,0x02,0x22,0x00,0x00,0x55,0x55,0x5a,0x55,0x55,0x55,
 0x55,0x55,0x55,0x55,0x55,0x55,0x55,0x55,0x5a,0x40,0x00,0x00,0x00,0x11,0x10,0x25,0x96,0x59,0x62,0x02,0x02,0x34,0x95,0xa0,
 0x01,0x2a,0x62,0x21,0x00,0x12,0x4a,0x6a,0xa5,0x00,0x00,0x22,0x61,0x13,0x90,0x11,0x11,0x11,0x14,0x69,0x55,0x55,0x96,0x01,
 0x11,0x00,0x11,0x11,0x00,0x10,0x00,0x02,0x21,0x12,0x21,0x10,0x00,0x00,0x00,0x00,0x24,0x00,0x10,0x11,0x11,0x21,0x11,0x11,
 0x32,0x11,0x00,0x10,0x04,0x00,0x06,0x66,0x66,0x66,0x66,0x66,0x66,0x69,0x99,0x99,0x99,0x99,0x66,0x66,0x66,0x66,0x66,0x66,
 0x66,0x66,0x66,0x66,0x66,0x66,0x66,0x66,0x66,0x66,0x66,0x66,0x66,0x66,0x66,0x66,0x66,0x66,0x66,0x69,0x99,0x96,0x96,0x69,
 0x96,0x50,0x45,0x52,0x24,0xaa,0x55,0x32,0x12,0x22,0x02,0x44,0x44,0x14,0x44,0x04,0x44,0x44,0x49,0x19,0x51,0x40,0x99,0x19,
 0x02,0x13,0x56,0x32,0x02,0x04,0x02,0x32,0x31,0x13,0x32,0x99,0x69,0x55,0x22,0x30,0x02,0x02,0x20,0x00,0x05,0x55,0x55,0x55,
 0x55,0x55,0x55,0x55,0x55,0x55,0x55,0x55,0x55,0x5a,0x10,0x00,0x00,0x00,0x00,0x54,0x01,0x49,0x99,0x59,0x63,0x02,0x02,0x34,
 0x9a,0x10,0x02,0x2a,0x62,0x20,0x00,0x12,0x4a,0x6a,0x45,0x00,0x00,0x22,0x61,0x14,0x90,0x11,0x11,0x11,0x14,0x69,0xa1,0x14,
 0x96,0x01,0x11,0x11,0x11,0x11,0x10,0x11,0x11,0x02,0x22,0x42,0x22,0x20,0x11,0x00,0x00,0x00,0x14,0x00,0x11,0x11,0x00,0x00,
 0x00,0x00,0x00,0x00,0x01,0x10,0x01,0x00,0x01,0x10,0x01,0x11,0x10,0x00,0x01,0x11,0x00,0x00,0x00,0x00,0x00,0x00,0x00,0x00,
 0x00,0x12,0x22,0x21,0x11,0x11,0x11,0x04,0x44,0x44,0x15,0x55,0x76,0x66,0x67,0x79,0x59,0x66,0x66,0x66,0x66,0x66,0x66,0x66,
 0x66,0x66,0x66,0x04,0x54,0x24,0xa2,0x22,0x34,0x33,0x22,0x20,0x12,0x44,0x44,0x14,0x41,0x14,0x44,0x32,0x45,0x53,0x53,0x41,
 0x49,0x05,0x03,0x13,0x56,0x42,0x02,0x04,0x02,0x33,0x42,0x23,0x34,0x96,0x69,0x55,0x33,0x30,0x00,0x01,0x22,0x10,0x15,0x55,
 0x55,0x55,0x55,0x55,0x55,0x55,0x55,0x55,0x55,0x55,0x5a,0x00,0x00,0x00,0x03,0x00,0x09,0x95,0x15,0x59,0x29,0x99,0x62,0x12,
 0x02,0x34,0x6a,0x00,0x01,0x00,0x00,0x00,0x00,0x00,0x15,0x6a,0x45,0x00,0x00,0x23,0x61,0x24,0x90,0x11,0x11,0x11,0x14,0x65,
 0x11,0x11,0x56,0x00,0x00,0x00,0x00,0x00,0x00,0x00,0x00,0x02,0x22,0x22,0x22,0x22,0x11,0x10,0x00,0x00,0x04,0x02,0x22,0x21,
 0x21,0x11,0x22,0x22,0x22,0x22,0x21,0x10,0x01,0x41,0x02,0x24,0x42,0x22,0x43,0x22,0x34,0x22,0x22,0x22,0x42,0x42,0x12,0x44,
 0x22,0x22,0x44,0x45,0x55,0x99,0x99,0x43,0x22,0x22,0x22,0x22,0x22,0x34,0x44,0x43,0x22,0x22,0x22,0x22,0x22,0x22,0x22,0x12,
 0x22,0x12,0x22,0x32,0x20,0x04,0x44,0x43,0x4a,0xaa,0xa3,0x33,0x22,0x00,0x24,0x41,0x44,0x12,0x41,0x41,0x14,0x42,0x32,0x91,
 0x03,0x5a,0x19,0x50,0x03,0x13,0x96,0x43,0x02,0x04,0x00,0x02,0x22,0x23,0x44,0x96,0x69,0x55,0x20,0x00,0x01,0x01,0x11,0x20,
 0x0a,0x55,0x55,0x55,0x55,0x55,0x55,0x55,0x55,0x55,0x55,0x5a,0x00,0x00,0x02,0x20,0x32,0x00,0x09,0x53,0x25,0x55,0x59,0x99,
 0x60,0x33,0x12,0x24,0x6a,0x10,0x00,0x52,0x35,0x56,0x65,0x33,0x05,0x6a,0x45,0x00,0x00,0x23,0x64,0x13,0x90,0x01,0x11,0x11,
 0x14,0x61,0x15,0x5a,0x56,0x00,0x00,0x00,0x00,0x00,0x00,0x00,0x00,0x00,0x00,0x00,0x00,0x00,0x00,0x00,0x00,0x00,0x10,0x12,
 0x22,0x22,0x10,0x12,0x22,0x22,0x22,0x22,0x22,0x10,0x00,0x11,0x02,0x22,0x22,0x22,0x22,0x22,0x22,0x22,0x22,0x22,0x42,0x23,
 0x32,0x24,0x32,0x22,0x24,0x45,0x95,0x59,0x95,0x22,0x22,0x22,0x22,0x22,0x22,0x55,0x22,0x22,0x22,0x22,0x22,0x22,0x22,0x32,
 0x22,0x22,0x22,0x22,0x24,0x22,0x20,0x44,0x23,0x44,0x42,0x2a,0x33,0x34,0x43,0x00,0x44,0x41,0x44,0x11,0x41,0x41,0x24,0x42,
 0x22,0x45,0x55,0x10,0x20,0xaa,0x02,0x13,0x96,0x43,0x02,0x00,0x00,0x00,0x00,0x00,0x00,0x00,0x00,0x00,0x00,0x0a,0x41,0x12,
 0x45,0x41,0x10,0x55,0x5a,0xa5,0x55,0x55,0x55,0x55,0x55,0x5a,0x41,0x00,0x00,0x01,0x32,0x23,0x30,0x00,0x59,0x33,0x39,0x93,
 0x99,0x96,0x60,0x00,0x00,0x25,0x65,0x00,0x00,0x10,0x01,0x27,0x71,0x01,0x03,0x56,0x29,0x00,0x00,0x23,0x63,0x12,0x90,0x01,
 0x11,0x11,0x14,0x61,0x92,0x11,0x19,0x00,0x00,0x00,0x00,0x00,0x00,0x00,0x00,0x00,0x00,0x00,0x00,0x00,0x00,0x00,0x00,0x00,
 0x00,0x01,0x00,0x22,0x21,0x12,0x22,0x21,0x11,0x11,0x11,0x11,0x00,0x4a,0x00,0x00,0x00,0x00,0x00,0x00,0x00,0x00,0x00,0x00,
 0x00,0x00,0x00,0x00,0x00,0x00,0x00,0x00,0x11,0x11,0x00,0x00,0x00,0x00,0x00,0x00,0x11,0x11,0x11,0x11,0x10,0x11,0x11,0x11,
 0x12,0x21,0x22,0x22,0x22,0x22,0x22,0x22,0x00,0x4a,0x44,0x32,0x35,0x54,0x33,0x40,0x23,0x02,0x44,0x44,0x14,0x20,0x22,0x42,
 0x23,0xa4,0x40,0x12,0x10,0x22,0x21,0x0a,0x02,0x13,0x56,0x33,0x02,0x04,0x01,0x00,0x00,0x00,0x00,0x11,0x31,0x00,0x00,0x00,
 0x00,0x00,0x00,0x00,0x00,0x45,0x55,0xaa,0xa5,0x55,0x55,0x55,0x5a,0xa0,0x00,0x00,0x11,0x33,0x32,0x23,0x30,0x00,0x99,0x33,
 0x59,0x93,0x99,0x96,0x70,0x00,0x00,0x00,0x00,0x00,0x00,0xa1,0x14,0xa6,0x64,0x22,0x00,0x05,0x54,0x00,0x00,0x22,0x60,0x12,
 0x90,0x01,0x11,0x11,0x14,0x61,0x24,0x33,0x56,0x00,0x00,0x00,0x00,0x00,0x00,0x01,0x00,0x01,0x11,0x11,0x00,0x00,0x10,0x00,
 0x00,0x00,0x01,0x11,0x11,0x02,0x21,0x22,0x20,0x22,0x22,0x22,0x21,0x11,0x12,0x4a,0x04,0x4a,0x44,0x55,0x54,0x44,0x44,0x44,
 0x44,0x00,0x00,0x00,0x00,0x00,0x00,0x00,0x00,0x00,0x00,0x00,0x00,0x00,0x00,0x00,0x00,0x00,0x00,0x00,0x00,0x00,0x00,0x00,
 0x00,0x00,0x00,0x00,0x00,0x00,0x00,0x00,0x00,0x00,0x03,0x34,0xaa,0xa4,0xa5,0x43,0x33,0x41,0x22,0x02,0x44,0x44,0x12,0x40,
 0x02,0x44,0x22,0x44,0x41,0x34,0x44,0x21,0x00,0x00,0x00,0x03,0x56,0x32,0x01,0x01,0x00,0x00,0x00,0x11,0x10,0x23,0x63,0x00,
 0x03,0x45,0x32,0x22,0x56,0x64,0x40,0x0a,0x99,0x99,0x55,0x59,0x5a,0xa1,0x10,0x00,0x00,0x13,0x33,0x33,0x22,0x32,0x00,0x09,
 0x99,0x33,0x99,0x53,0x99,0x96,0x00,0x00,0x00,0x13,0x30,0x00,0x00,0xa1,0x15,0xa6,0x63,0x23,0x01,0x90,0x71,0x00,0x00,0x22,
 0x60,0x12,0x90,0x01,0x11,0x11,0x13,0x69,0x01,0x11,0x56,0x00,0x00,0x00,0x00,0x00,0x00,0x01,0x00,0x01,0x12,0x21,0x00,0x00,
 0x10,0x12,0x00,0x00,0x01,0x00,0x01,0x22,0x11,0x22,0x20,0x00,0x22,0x32,0x11,0x22,0x12,0x4a,0x05,0x44,0x99,0x99,0x59,0x99,
 0x4a,0x99,0x96,0xa1,0x00,0x00,0x00,0x00,0x00,0x00,0x00,0x00,0x00,0x00,0x00,0x00,0x00,0x00,0x00,0x00,0x00,0x00,0x00,0x00,
 0x00,0x00,0x00,0x00,0x00,0x00,0x00,0x00,0x00,0x00,0x00,0x00,0x04,0x43,0x35,0x55,0x33,0x42,0x33,0x11,0x22,0x00,0x14,0x44,
 0x11,0x22,0x03,0x32,0x42,0x44,0x44,0x44,0x40,0x00,0x44,0x44,0x10,0x24,0x59,0x43,0x12,0x00,0x09,0x66,0x99,0x02,0x10,0x23,
 0x63,0x00,0x00,0x10,0x10,0x00,0x00,0x00,0x00,0x01,0xa9,0x99,0xaa,0xaa,0x40,0x00,0x00,0x00,0x02,0x23,0x31,0x12,0x00,0x00,
 0x00,0x09,0x95,0x33,0x99,0x33,0x99,0x66,0x00,0x00,0x00,0x13,0x30,0x00,0x00,0xa1,0x15,0xa6,0x63,0x23,0x01,0x50,0x71,0x00,
 0x00,0x22,0x60,0x12,0x90,0x01,0x11,0x11,0x13,0x69,0x50,0x15,0x56,0x00,0x00,0x00,0x00,0x00,0x00,0x00,0x00,0x01,0x12,0x21,
 0x00,0x01,0x10,0x12,0x11,0x10,0x00,0x11,0x21,0x22,0x11,0x22,0x20,0x22,0x22,0x23,0x22,0x12,0x11,0x44,0x00,0x11,0x11,0x11,
 0x00,0x14,0x00,0x11,0x26,0x9a,0x00,0x00,0x00,0x00,0x00,0x00,0x00,0x00,0x00,0x00,0x00,0x00,0x00,0x00,0x00,0x00,0x00,0x00,
 0x00,0x00,0x00,0x00,0x00,0x00,0x00,0x00,0x00,0x00,0x00,0x00,0x00,0x00,0x04,0x44,0x43,0x34,0x43,0x31,0x12,0x41,0x12,0x00,
 0x11,0x44,0x41,0x02,0x02,0x14,0x44,0x44,0x44,0x11,0x00,0x02,0x44,0x01,0x00,0x13,0x56,0x54,0x00,0x01,0x02,0x75,0x90,0x03,
 0x10,0x49,0x93,0x10,0x00,0x12,0x20,0x02,0x35,0x65,0x40,0x00,0x04,0x44,0x00,0x00,0x00,0x00,0x00,0x02,0x21,0x11,0x11,0x11,
 0x22,0x49,0x90,0x00,0x49,0x99,0x99,0x35,0x59,0x65,0x00,0x00,0x00,0x14,0x30,0x00,0x00,0x50,0x15,0x36,0x63,0x14,0x01,0x50,
 0x71,0x0a,0x40,0x22,0x60,0x12,0x90,0x11,0x11,0x11,0x13,0x65,0x55,0x55,0x96,0x04,0x44,0x44,0x44,0x4a,0x44,0x4a,0xaa,0x44,
 0x4a,0x54,0x44,0x44,0x42,0x23,0x10,0x10,0x00,0x11,0x10,0x22,0x11,0x22,0x21,0x22,0x23,0x33,0x31,0x12,0x20,0x04,0x40,0x11,
 0x12,0x21,0x01,0x11,0x11,0x11,0x11,0x9a,0x41,0x00,0x01,0x21,0x1a,0x69,0x96,0x99,0x99,0x66,0x66,0x99,0x66,0x66,0x69,0x95,
 0x96,0x66,0x69,0x99,0x96,0x99,0x99,0x96,0x69,0x99,0x99,0x99,0x99,0x99,0x99,0x40,0x34,0x43,0x43,0x44,0x43,0x44,0x11,0x22,
 0x01,0x10,0x11,0x24,0x42,0x00,0x01,0x12,0x41,0x12,0x20,0x11,0x01,0x44,0x42,0x24,0x42,0x00,0x00,0x24,0x44,0x30,0x09,0x69,
 0x90,0x04,0x20,0x46,0x93,0x10,0x00,0x12,0x30,0x02,0x35,0x65,0x31,0x40,0x00,0x00,0x00,0x00,0x00,0x03,0x12,0x23,0x35,0x55,
 0x53,0x33,0x35,0x96,0x64,0x00,0x04,0x99,0x99,0x53,0x29,0x61,0x00,0x00,0x00,0x13,0x30,0x00,0x00,0x50,0x03,0x36,0x63,0x14,
 0x01,0x90,0x71,0x00,0x00,0x12,0x60,0x11,0x90,0x01,0x11,0x11,0x03,0x65,0x55,0x55,0x57,0x04,0x44,0x44,0x44,0x44,0x44,0x44,
 0x44,0xaa,0x45,0x5a,0xa9,0x99,0x99,0x96,0x99,0x66,0x10,0x01,0x10,0x22,0x21,0x22,0x21,0x22,0x23,0x33,0x32,0x12,0x21,0x14,
 0x50,0x11,0x12,0x11,0x01,0x11,0x12,0x24,0x91,0x54,0x31,0x10,0x02,0x21,0x44,0x44,0x55,0x45,0x55,0x44,0x55,0xaa,0x55,0x55,
 0x5a,0x44,0x46,0x55,0x55,0x55,0x55,0x55,0x55,0x55,0x55,0x55,0x55,0x5a,0x55,0x54,0x45,0x01,0x24,0x22,0x33,0x44,0x32,0x22,
 0x12,0x21,0x01,0x11,0x01,0x22,0x44,0x20,0x00,0x02,0x31,0x14,0x11,0x11,0x14,0x44,0x40,0x44,0x20,0x04,0x21,0x1a,0xaa,0x40,
 0x09,0x69,0x90,0x04,0x20,0x36,0x93,0x10,0x00,0x12,0x30,0x02,0x39,0x65,0x32,0x00,0x00,0x00,0x00,0x00,0x00,0x03,0x55,0x55,
 0x55,0x55,0x53,0x33,0x35,0x99,0x50,0x00,0x00,0x19,0x99,0x30,0x00,0x90,0x00,0x00,0x00,0x00,0x00,0x00,0x00,0x51,0x03,0x36,
 0x63,0x24,0x01,0x90,0x71,0x00,0x01,0x01,0x43,0x12,0x63,0x00,0x00,0x11,0x03,0x65,0x40,0x00,0x00,0x24,0x44,0x44,0x44,0x44,
 0x44,0x44,0x44,0x44,0x4a,0x5a,0xa4,0x99,0x99,0x99,0x99,0x96,0x69,0x40,0x10,0x12,0x21,0x12,0x21,0x22,0x23,0x33,0x33,0x22,
 0x22,0x3a,0xa0,0x01,0x12,0x11,0x01,0x10,0x02,0x22,0x21,0xa2,0x11,0x20,0x02,0x20,0x51,0x10,0x12,0x11,0x11,0x11,0x11,0x11,
 0x11,0x11,0x11,0x00,0x01,0x11,0x12,0x21,0x11,0x11,0x11,0x11,0x11,0x11,0x11,0x11,0x11,0x11,0x10,0x01,0x12,0x22,0x23,0x32,
 0x22,0x22,0x11,0x11,0x00,0x11,0x00,0x11,0x14,0x20,0x00,0x01,0x21,0x44,0x21,0x00,0x44,0x44,0x24,0x44,0x04,0x41,0x55,0x54,
 0xaa,0x41,0x09,0x69,0x10,0x04,0x20,0x36,0x63,0x10,0x00,0x02,0x30,0x03,0x35,0x65,0x30,0x02,0x20,0x00,0x12,0x00,0x00,0x41,
 0x22,0x24,0x55,0x55,0x55,0x43,0x35,0x22,0x46,0x10,0x00,0x00,0x03,0x35,0x00,0x02,0x20,0x11,0x22,0x35,0x93,0x12,0x00,0x91,
 0x13,0x36,0x63,0x24,0x00,0x04,0x55,0x00,0x00,0x00,0x00,0x00,0x00,0x44,0x22,0x10,0x00,0x00,0xaa,0xaa,0x96,0x44,0x44,0x44,
 0x4a,0x44,0xaa,0xa4,0x44,0x44,0xaa,0x5a,0xa9,0x99,0x66,0x66,0x66,0x9a,0x44,0x40,0x10,0x11,0x10,0x12,0x20,0x22,0x22,0x33,
 0x22,0x22,0x22,0x14,0xa0,0x01,0x12,0x21,0x01,0x11,0x12,0x22,0x21,0xa2,0x01,0x10,0x02,0x20,0x32,0x00,0x11,0x22,0x22,0x22,
 0x22,0x11,0x22,0x22,0x22,0x01,0x01,0x12,0x22,0x22,0x21,0x11,0x12,0x22,0x11,0x11,0x11,0x11,0x22,0x21,0x10,0x02,0x23,0x21,
 0x13,0x41,0x11,0x20,0x94,0x96,0x69,0x93,0x32,0x01,0x00,0x11,0x00,0x00,0x12,0x21,0x20,0x02,0x42,0x44,0x14,0x40,0x4a,0xaa,
 0x15,0x5a,0x44,0x40,0x09,0x69,0x00,0x04,0x20,0x36,0x93,0x10,0x00,0x01,0x40,0x02,0x35,0x65,0x30,0x03,0x32,0x22,0x21,0x00,
 0x00,0x51,0x32,0x21,0x32,0x22,0x33,0x41,0x12,0x59,0x99,0x60,0x00,0x00,0x00,0x59,0x00,0x00,0x00,0x10,0x01,0x22,0x32,0x11,
 0x20,0x90,0x13,0x36,0x63,0x24,0x01,0x23,0x35,0x01,0x11,0x44,0x54,0x41,0x54,0x44,0x44,0x44,0x49,0x69,0x59,0xa5,0x59,0x44,
 0x44,0x44,0x44,0x44,0x44,0x44,0x45,0x5a,0xa9,0x96,0x66,0x69,0x96,0x64,0xaa,0xa4,0x4a,0xa0,0x20,0x11,0x10,0x01,0x21,0x12,
 0x22,0x32,0x22,0x22,0x22,0x23,0xa0,0x11,0x11,0x11,0x11,0x11,0x12,0x11,0x11,0xa2,0x01,0x10,0x02,0x20,0x32,0x21,0x12,0x12,
 0x22,0x22,0x22,0x11,0x22,0x22,0x22,0x11,0x11,0x22,0x22,0x22,0x22,0x21,0x22,0x22,0x21,0x11,0x11,0x11,0x22,0x22,0x20,0x12,
 0x33,0x22,0x11,0x44,0x12,0x20,0x11,0x13,0x21,0x00,0x12,0x00,0x00,0x00,0x00,0x00,0x12,0x10,0x00,0x14,0x12,0x24,0x14,0x11,
 0x4a,0xaa,0x1a,0xa4,0xa4,0x40,0x09,0x69,0x00,0x05,0x21,0x35,0x43,0x10,0x00,0x02,0x20,0x02,0x39,0x94,0x00,0x00,0x01,0x23,
 0x44,0x32,0x05,0x33,0x33,0x55,0x54,0x43,0x33,0x43,0x39,0x95,0x59,0x60,0x00,0x00,0x00,0x00,0x00,0x00,0x00,0x00,0x01,0x12,
 0x52,0x00,0x00,0x10,0x13,0x36,0x62,0x23,0x10,0x04,0x4a,0x44,0x44,0xa5,0x69,0xa6,0x94,0x44,0x44,0x44,0xa9,0x65,0xaa,0xaa,
 0xa9,0x44,0x44,0x44,0x44,0x44,0x55,0x99,0x96,0x66,0x66,0x4a,0x44,0x44,0x59,0x95,0x55,0x55,0x4a,0xa0,0x01,0x11,0x11,0x01,
 0x22,0x21,0x12,0x22,0x10,0x22,0x22,0x23,0x40,0x01,0x12,0x21,0x55,0x54,0x01,0x10,0x11,0xa2,0x11,0x20,0x02,0x20,0x32,0x21,
 0x21,0x12,0x22,0x22,0x22,0x11,0x22,0x22,0x22,0x01,0x01,0x22,0x22,0x22,0x22,0x21,0x22,0x22,0x21,0x00,0x11,0x11,0x22,0x22,
 0x00,0x44,0x33,0x22,0x31,0x12,0x41,0x20,0x92,0xa5,0x94,0x20,0x23,0x22,0x20,0x00,0x00,0x00,0x01,0x00,0x01,0x41,0x02,0x43,
 0x10,0x24,0x4a,0x5a,0xa4,0x44,0x44,0x00,0x06,0x63,0x00,0x01,0x20,0x39,0x94,0x00,0x00,0x00,0x00,0x02,0x31,0x00,0x00,0x11,
 0x00,0x00,0x00,0x22,0x05,0x35,0x43,0x35,0x55,0x54,0x33,0x49,0x59,0x95,0x99,0x90,0x00,0x00,0x00,0x00,0x00,0x00,0x00,0x00,
 0x00,0x00,0x00,0x00,0x10,0x40,0x13,0x37,0x72,0x23,0x15,0xaa,0x55,0x44,0x44,0x4a,0x69,0xa6,0x94,0x44,0x44,0x44,0xa9,0x95,
 0x5a,0xaa,0x59,0x44,0x44,0x4a,0x59,0x66,0x96,0x99,0x54,0x44,0x41,0x14,0xaa,0xa9,0x99,0x9a,0xa5,0xa5,0x45,0xa0,0x00,0x10,
 0x01,0x00,0x12,0x21,0x21,0x10,0x22,0x22,0x20,0x00,0x15,0x01,0x12,0x22,0x11,0x11,0x01,0x11,0x11,0x41,0x01,0x20,0x02,0x20,
 0x21,0x11,0x11,0x22,0x22,0x22,0x22,0x11,0x22,0x22,0x22,0x01,0x02,0x22,0x22,0x22,0x22,0x11,0x12,0x22,0x20,0x66,0x00,0x11,
 0x22,0x22,0x01,0x23,0x32,0x12,0x32,0x11,0xa2,0x10,0x90,0xa5,0x43,0x20,0x13,0x01,0x22,0x10,0x10,0x00,0x01,0x00,0x02,0x10,
 0x44,0x32,0x00,0x45,0xaa,0xaa,0xa2,0x44,0x44,0x00,0x02,0x00,0x00,0x00,0x00,0x00,0x00,0x01,0x11,0x22,0x11,0x10,0x14,0xa0,
 0x01,0x11,0x00,0x11,0x00,0x00,0x45,0x25,0x55,0x32,0x33,0x55,0x33,0x55,0x59,0x54,0x99,0x96,0x00,0x00,0x00,0x00,0x00,0x01,
 0x44,0x22,0x11,0x4a,0x95,0x44,0x00,0xa2,0x2a,0x46,0x6a,0x45,0x0a,0xaa,0x95,0x44,0x44,0x4a,0x6a,0xa6,0x94,0x24,0x44,0x44,
 0x59,0x65,0xaa,0xa9,0x96,0x66,0x9a,0x59,0x52,0x23,0x21,0x12,0x32,0x44,0x44,0xaa,0xaa,0xa9,0x99,0x9a,0xa5,0xaa,0x4a,0xa0,
 0x00,0x11,0x00,0x00,0x01,0x12,0x22,0x22,0x22,0x20,0x32,0x34,0xaa,0xa0,0x00,0x00,0x00,0x00,0x00,0x00,0x00,0x11,0x01,0x20,
 0x02,0x20,0x41,0x11,0x11,0x22,0x22,0x22,0x22,0x21,0x22,0x22,0x22,0x11,0x12,0x22,0x22,0x22,0x21,0x11,0x22,0x22,0x0a,0xaa,
 0x59,0x45,0x90,0x01,0x01,0x11,0x14,0x14,0x44,0x22,0x52,0x10,0x92,0x45,0x53,0x20,0x13,0x02,0x21,0x22,0x10,0x00,0x00,0x00,
 0x02,0x11,0x22,0x21,0x04,0x45,0x59,0x42,0x24,0x44,0x40,0x00,0x00,0x00,0x23,0x34,0x44,0x44,0x55,0xaa,0xaa,0x5a,0xaa,0xa4,
 0x44,0x40,0x12,0x21,0x01,0x11,0x00,0x00,0x59,0x33,0x55,0x55,0x33,0x34,0x43,0x35,0x99,0x33,0x55,0x54,0x00,0x00,0x00,0x04,
 0x44,0x44,0x44,0x44,0x41,0x2a,0x54,0x10,0x00,0x00,0x00,0x00,0x00,0x00,0x01,0x24,0x99,0x44,0x44,0x44,0x66,0xaa,0x94,0x44,
 0x44,0x44,0xa9,0x69,0x96,0x66,0x6a,0xaa,0xa1,0x11,0x11,0x44,0x44,0x44,0x44,0x44,0x44,0x4a,0x4a,0xa9,0x99,0x95,0xa5,0xaa,
 0x4a,0x00,0x00,0x00,0x00,0x00,0x00,0x01,0x22,0x22,0x22,0x20,0x12,0x22,0x3a,0xa0,0x00,0x00,0x00,0x00,0x00,0x00,0x00,0x42,
 0x02,0x20,0x02,0x20,0x41,0x11,0x11,0x22,0x22,0x22,0x22,0x21,0x22,0x22,0x22,0x01,0x12,0x22,0x22,0x22,0x22,0x20,0x11,0x20,
 0x45,0x44,0x4a,0xaa,0x56,0x60,0x00,0x11,0x11,0x12,0x44,0x12,0x52,0x21,0x92,0x45,0x54,0x20,0x13,0x02,0x43,0x22,0x00,0x00,
 0x00,0x00,0x00,0x02,0x22,0x00,0x24,0x44,0xa9,0x95,0x4a,0x34,0x10,0x01,0x0a,0x44,0x44,0xa5,0x59,0x55,0x99,0x55,0x22,0x11,
 0x11,0x11,0x11,0x01,0x22,0x21,0x11,0x11,0x11,0x00,0x93,0x33,0x55,0x55,0x33,0x33,0x40,0x00,0x00,0x00,0x44,0x42,0x44,0x5a,
 0xa4,0x44,0x44,0x44,0x44,0x44,0x44,0x44,0x54,0x11,0x01,0x44,0x44,0x44,0x44,0x4a,0x4a,0xaa,0x95,0x4a,0x44,0x49,0x66,0xa6,
 0x94,0x44,0xa9,0x96,0x95,0x5a,0xa4,0x44,0x41,0x14,0x44,0x4a,0xa2,0x44,0x44,0x44,0x44,0x4a,0x44,0xaa,0x4a,0x59,0x55,0x9a,
 0xaa,0x22,0x00,0x00,0x11,0x10,0x00,0x00,0x00,0x00,0x11,0x10,0x02,0x20,0x02,0x22,0x34,0x00,0x00,0x00,0x00,0x00,0x00,0x11,
 0x01,0xa2,0x02,0x20,0x02,0x20,0x31,0x10,0x49,0x99,0x99,0x99,0x99,0x92,0x22,0x22,0x22,0x11,0x12,0x23,0x33,0x33,0x32,0x20,
 0x11,0x50,0x95,0x00,0x01,0x24,0x42,0xa9,0x00,0x00,0x11,0x01,0x24,0x21,0x52,0x20,0x92,0xa5,0x53,0x20,0x23,0x02,0x11,0x10,
 0x00,0x00,0x00,0x00,0x00,0x00,0x10,0x00,0x22,0x44,0x4a,0x99,0x94,0x24,0x00,0x21,0x09,0xa5,0x41,0x11,0x11,0x11,0x11,0x11,
 0x11,0x11,0x11,0x11,0x11,0x01,0x22,0x20,0x12,0x11,0x10,0x04,0x53,0x31,0x11,0x11,0x00,0x00,0x01,0x14,0x99,0x99,0x95,0x5a,
 0x44,0x44,0x44,0x44,0x44,0x44,0x44,0x44,0x44,0xa4,0x69,0xa4,0x44,0xaa,0x94,0xa6,0x6a,0x44,0x22,0xa4,0x99,0x44,0x44,0xa9,
 0x66,0xa6,0x69,0x95,0xaa,0x44,0x40,0x11,0x12,0x44,0xa4,0x24,0x44,0x4a,0xa4,0x94,0x44,0x44,0x44,0x4a,0xaa,0xaa,0xaa,0x99,
 0x44,0x41,0x00,0x00,0x00,0x00,0x10,0x11,0x11,0x00,0x00,0x10,0x00,0x00,0x22,0x20,0x00,0x00,0x00,0xa0,0x00,0x00,0x00,0x00,
 0x00,0x22,0x22,0x42,0x02,0x20,0x02,0x20,0x21,0x10,0x11,0x11,0x11,0x11,0x22,0x11,0x22,0x22,0x22,0x11,0x02,0x22,0x22,0x22,
 0x22,0x20,0x11,0x20,0xa4,0x00,0x5a,0x21,0x11,0x29,0xa0,0x00,0x11,0x00,0x02,0x22,0x10,0x00,0x92,0x55,0x53,0x20,0x23,0x02,
 0x10,0x00,0x00,0x00,0x00,0x00,0x00,0x00,0x00,0x00,0x12,0x23,0x24,0xaa,0x44,0x00,0x01,0x11,0x01,0x11,0x11,0x11,0xa4,0x22,
 0x11,0x11,0x11,0x11,0x11,0x11,0x10,0x02,0x22,0x20,0x21,0x00,0x00,0x00,0x11,0x01,0xaa,0xaa,0xaa,0x4a,0xaa,0xa5,0x99,0x99,
 0x95,0xa4,0x44,0x44,0x44,0x44,0x44,0x44,0x44,0xaa,0x44,0xa5,0x59,0x44,0x44,0xa9,0xa4,0x46,0x64,0x44,0x24,0x54,0x99,0xaa,
 0x99,0x96,0x6a,0xaa,0xa1,0x11,0x11,0x12,0x21,0x4a,0xa4,0x4a,0xa4,0xaa,0xa5,0xa4,0xa1,0xa4,0x44,0x44,0x44,0xaa,0xaa,0xa1,
 0x00,0x00,0x00,0x00,0x00,0x00,0x00,0x00,0x11,0x00,0x11,0x00,0x00,0x01,0x21,0x12,0x22,0x20,0x02,0x13,0x15,0xa0,0x00,0x00,
 0x00,0x00,0x00,0x22,0x02,0x42,0x01,0x20,0x02,0x20,0x00,0x00,0x00,0x00,0x00,0x00,0x00,0x00,0x00,0x00,0x00,0x00,0x00,0x00,
 0x00,0x00,0x00,0x00,0x00,0x00,0x23,0x01,0x22,0x45,0x00,0x04,0x90,0x00,0x11,0x11,0x10,0x21,0x02,0x30,0x92,0x45,0x93,0x20,
 0x22,0x00,0x12,0x01,0x59,0x66,0x65,0x44,0x00,0x00,0x00,0x00,0x00,0x12,0x23,0xaa,0x40,0x00,0x00,0x00,0x02,0x24,0x21,0x13,
 0x42,0x22,0x11,0x01,0x11,0x10,0x00,0x00,0x00,0x01,0x10,0x00,0x00,0xa4,0x44,0x44,0xaa,0xaa,0x44,0x44,0x44,0x44,0xaa,0xa5,
 0x99,0x99,0x95,0x44,0x44,0x44,0x44,0x4a,0x5a,0xaa,0xa4,0x44,0xa4,0xa5,0x99,0x94,0x44,0xaa,0x94,0x46,0x6a,0x4a,0x4a,0x9a,
 0x66,0x69,0x94,0x44,0x44,0x11,0x10,0x14,0x44,0x44,0x44,0xaa,0xaa,0x4a,0xaa,0x4a,0xa4,0x4a,0xaa,0xaa,0xa4,0x44,0x44,0x44,
 0x00,0x00,0x00,0x00,0x00,0x00,0x00,0x00,0x00,0x00,0x01,0x11,0x11,0x10,0x00,0x01,0x12,0x22,0x22,0x22,0x02,0x22,0x54,0xa0,
 0x00,0x00,0x00,0x00,0x00,0x22,0x01,0x42,0x01,0x10,0x02,0x20,0x12,0x10,0x11,0x00,0x00,0x00,0x00,0x00,0x00,0x00,0x00,0x00,
 0x00,0x00,0x00,0x00,0x00,0x00,0x00,0x00,0x23,0x00,0x11,0x05,0x10,0x01,0x92,0x00,0x02,0x12,0x22,0x01,0x00,0x01,0x92,0x45,
 0x53,0x20,0x22,0x00,0x69,0x99,0x55,0x96,0x99,0x54,0x90,0x00,0x00,0x00,0x00,0x00,0x02,0x22,0x00,0x00,0x01,0x10,0x01,0x11,
 0x21,0x11,0x00,0x00,0x00,0x00,0x00,0x00,0x00,0x00,0x01,0xaa,0xaa,0xaa,0xaa,0xa4,0x44,0x44,0x44,0x44,0x44,0x44,0x44,0x44,
 0x44,0xaa,0xa9,0x66,0x55,0xa5,0x54,0x44,0x44,0x44,0x5a,0x4a,0x44,0x44,0x44,0x4a,0x99,0x44,0x44,0xaa,0x99,0x96,0x69,0x9a,
 0xa4,0x44,0x11,0x11,0x11,0x34,0x41,0x44,0x44,0x44,0x44,0x44,0xa4,0x41,0xaa,0x44,0xa4,0xa5,0xaa,0xaa,0x94,0x4a,0x40,0x00,
 0x00,0x00,0x00,0x00,0x00,0x00,0x00,0x00,0x00,0x00,0x00,0x00,0x11,0x11,0x10,0x01,0x00,0x01,0x11,0x12,0x23,0x22,0x02,0x21,
 0x4a,0xaa,0x00,0x00,0x00,0x00,0x00,0x22,0x01,0x32,0x02,0x20,0x02,0x21,0x22,0x10,0x11,0x12,0x00,0x00,0x00,0x00,0x00,0x00,
 0x00,0x00,0x01,0x00,0x00,0x00,0x01,0x00,0x00,0x00,0x03,0x30,0x11,0x11,0x21,0x10,0xa2,0x00,0x00,0x11,0x11,0x10,0x00,0x01,
 0x92,0x35,0x43,0x20,0x34,0x00,0x02,0x12,0x22,0x24,0x31,0x01,0x10,0x00,0x00,0x01,0x96,0x95,0x50,0x00,0x03,0x59,0x99,0x94,
 0x00,0x00,0x00,0x00,0x00,0x00,0x00,0x00,0x00,0x15,0x55,0x5a,0x44,0x44,0x44,0x44,0x4a,0xa4,0x44,0x44,0x44,0x44,0x44,0x44,
 0x44,0x44,0x44,0x45,0x99,0x65,0x94,0xa4,0x44,0x44,0x44,0x4a,0xaa,0xaa,0x44,0x44,0x44,0xaa,0x99,0x55,0x59,0x99,0x99,0xaa,
 0x44,0x01,0x00,0x11,0x11,0x44,0x44,0x14,0x44,0x44,0x44,0x4a,0x44,0x44,0x44,0x4a,0xaa,0x4a,0xa4,0xaa,0xaa,0xaa,0xa4,0x00,
 0x00,0x00,0x00,0x00,0x44,0x44,0x44,0x44,0x43,0x44,0xaa,0xaa,0x44,0x00,0x11,0x11,0x11,0x10,0x00,0x00,0x21,0x11,0x22,0x22,
 0x01,0x32,0x44,0xaa,0x00,0x00,0x00,0x00,0x00,0x11,0x11,0x11,0x02,0x20,0x02,0x21,0x22,0x10,0x22,0x22,0x00,0x11,0x11,0x12,
 0x22,0x22,0x22,0x22,0x22,0x22,0x22,0x22,0x22,0x22,0x22,0x22,0x03,0x30,0x11,0x11,0x20,0x40,0x19,0x00,0x01,0x00,0x42,0x11,
 0x14,0x41,0x32,0x56,0x95,0x31,0x20,0x44,0x10,0x02,0x21,0x2a,0x21,0x00,0x04,0x44,0x44,0x42,0x00,0x22,0x35,0x99,0x99,0x69,
 0x99,0x63,0x00,0x00,0x00,0x00,0x00,0x01,0x95,0x54,0xaa,0xaa,0x59,0x44,0x44,0x44,0x44,0x44,0x44,0x44,0x44,0x44,0x44,0x44,
 0x44,0x44,0xaa,0xaa,0xaa,0x59,0x96,0x69,0x99,0x44,0x44,0x44,0xaa,0x4a,0xaa,0x5a,0x55,0x55,0x99,0x99,0x66,0x54,0x44,0x42,
 0x21,0x11,0x11,0x11,0x44,0x44,0x44,0x44,0x44,0x44,0x44,0x44,0x44,0x14,0x44,0x44,0xa4,0xaa,0xa4,0x4a,0xaa,0x10,0x00,0x00,
 0x00,0x00,0x00,0x00,0x00,0x14,0x44,0x44,0x44,0xaa,0xaa,0xaa,0x99,0x96,0x69,0x00,0x11,0x11,0x11,0x10,0x00,0x00,0x12,0x10,
 0x22,0x22,0x12,0x32,0x42,0x5a,0x24,0x44,0x95,0x44,0x05,0x99,0x5a,0x95,0x51,0x00,0x02,0x11,0x22,0x20,0x22,0x22,0x00,0x11,
 0x11,0x12,0x22,0x22,0x22,0x22,0x22,0x22,0x22,0x22,0x22,0x22,0x22,0x22,0x02,0x30,0x22,0x21,0x30,0xa0,0x19,0x00,0x00,0x16,
 0x69,0x5a,0xa4,0x41,0x00,0x00,0x00,0x00,0x00,0x12,0x11,0x10,0x00,0x00,0x00,0x00,0x11,0xa4,0x44,0x44,0x00,0x12,0x22,0x22,
 0x22,0x22,0x11,0x10,0x01,0x11,0x15,0xa9,0x66,0x99,0x94,0x44,0x44,0x4a,0x55,0x44,0x4a,0x44,0x44,0x44,0x44,0x44,0x44,0x44,
 0x44,0xaa,0x4a,0xaa,0xa4,0x44,0x4a,0x49,0x99,0x69,0x99,0x5a,0x44,0xa5,0x5a,0xa9,0x99,0x99,0x96,0x66,0x54,0x44,0x44,0x11,
 0x00,0x01,0x22,0x34,0x44,0x21,0x44,0x44,0x44,0x44,0x44,0x14,0x44,0x34,0x44,0x44,0x44,0x44,0x44,0xaa,0xa1,0x00,0x00,0x00,
 0x00,0x00,0x00,0x00,0x00,0x00,0x00,0x11,0x11,0x41,0x12,0x44,0x44,0x45,0x44,0x44,0xa5,0x00,0x11,0x11,0x11,0x10,0x00,0x00,
 0x12,0x22,0x22,0x22,0x12,0x32,0x32,0x44,0x24,0x44,0x54,0x41,0x55,0x59,0x95,0x69,0xa2,0x00,0x02,0x21,0x22,0x20,0x33,0x22,
 0x01,0x12,0x22,0x22,0x22,0x22,0x22,0x22,0x12,0x22,0x22,0x22,0x22,0x22,0x22,0x22,0x20,0x30,0x02,0x21,0x41,0x41,0x04,0x10,
 0x00,0x13,0x25,0x55,0x99,0x54,0x44,0x44,0x44,0x44,0x44,0x44,0x44,0x44,0x42,0x44,0x44,0x44,0x44,0x44,0x44,0x22,0x11,0x10,
 0x00,0x00,0x22,0x22,0x21,0x00,0x05,0x5a,0xa4,0xa5,0x96,0x99,0x94,0x44,0x44,0xaa,0x55,0xa4,0x4a,0x44,0x41,0x44,0x4a,0x44,
 0xaa,0x44,0x44,0x44,0x44,0x44,0x44,0x44,0x44,0x45,0x59,0x99,0x99,0xa5,0xa9,0x99,0x66,0x66,0xaa,0x44,0x24,0x42,0x11,0x11,
 0x22,0x11,0x44,0x44,0x44,0x44,0x44,0x44,0x44,0x44,0x44,0x44,0x44,0x44,0x44,0x44,0x44,0x4a,0xa4,0x41,0x10,0x00,0x00,0x00,
 0x00,0x00,0x00,0x00,0x00,0x00,0x00,0x00,0x00,0x11,0x12,0xa1,0x11,0x45,0x22,0x24,0x44,0x24,0x41,0x00,0x11,0x01,0x11,0x10,
 0x00,0x00,0x01,0x22,0x22,0x22,0x11,0x22,0x22,0x41,0x11,0x11,0x11,0x10,0x22,0x21,0x11,0x23,0x12,0x00,0x02,0x21,0x22,0x20,
 0x24,0x33,0x01,0x22,0x22,0x22,0x11,0x11,0x00,0x11,0x11,0x11,0x11,0x11,0x11,0x11,0x11,0x22,0x10,0x32,0x02,0x21,0x41,0x10,
 0x03,0x40,0x00,0x13,0x33,0x22,0x00,0x09,0x99,0x96,0x99,0xaa,0xaa,0xaa,0xaa,0x5a,0xaa,0x56,0x6a,0x44,0x44,0x44,0x44,0x44,
 0x44,0x44,0x44,0x11,0x11,0x00,0x11,0x11,0x05,0x55,0xa4,0x45,0x96,0x99,0x9a,0x44,0x44,0xaa,0x95,0x42,0x44,0x44,0x44,0x44,
 0xaa,0xa4,0x44,0x44,0x44,0x44,0x44,0x44,0x44,0x44,0xaa,0xa5,0x99,0x66,0x69,0x9a,0xa9,0x99,0xaa,0xa4,0x11,0x11,0x11,0x11,
 0x11,0x44,0x44,0x23,0x44,0x44,0x44,0x44,0x44,0x41,0x44,0x44,0x42,0x44,0x44,0x44,0xaa,0x44,0x44,0x41,0x00,0x00,0x00,0x00,
 0x00,0x00,0x00,0x00,0x00,0x00,0x00,0x00,0x20,0x00,0x00,0x00,0x00,0x00,0x01,0x21,0x11,0x00,0x00,0x00,0x00,0x00,0x01,0x11,
 0x11,0x00,0x00,0x01,0x01,0x12,0x22,0x22,0x20,0x12,0x21,0x10,0x11,0x11,0x11,0x10,0x22,0x22,0x22,0x22,0x22,0x00,0x01,0x21,
 0x22,0x20,0x22,0x32,0x02,0x22,0x22,0x13,0xaa,0x44,0x44,0x44,0x44,0x44,0x44,0x44,0xa4,0x43,0x44,0x12,0x20,0x42,0x02,0x22,
 0x22,0x10,0x02,0x40,0x00,0x13,0x13,0x32,0x32,0x21,0x21,0x96,0x69,0x55,0x59,0xaa,0xaa,0xaa,0x4a,0x59,0x99,0x5a,0xaa,0xaa,
 0xa4,0xaa,0xaa,0xaa,0xaa,0xaa,0xaa,0x44,0xaa,0xa4,0x05,0x55,0x54,0x4a,0x96,0x99,0x9a,0x44,0x44,0x44,0x45,0x42,0x4a,0xa4,
 0x44,0x44,0x4a,0x44,0x44,0x44,0x44,0x44,0x44,0x44,0x4a,0x5a,0x59,0x56,0x66,0x66,0x9a,0xa2,0x11,0x11,0x11,0x11,0x11,0x22,
 0x14,0x44,0x44,0x44,0x44,0x24,0x44,0x44,0x44,0x44,0x44,0x21,0x44,0x44,0x44,0x44,0x44,0x44,0x44,0x11,0x10,0x00,0x00,0x00,
 0x00,0x00,0x00,0x00,0x00,0x00,0x00,0x00,0x00,0x33,0x40,0x00,0x00,0x00,0x00,0x00,0x00,0x00,0x00,0x00,0x00,0x00,0x02,0x00,
 0x01,0x11,0x11,0x11,0x00,0x02,0x00,0x12,0x22,0x22,0x20,0x00,0x00,0x40,0x11,0x11,0x11,0x10,0x21,0x12,0x92,0x22,0x22,0x00,
 0x02,0x21,0x22,0x20,0x22,0x22,0x02,0x22,0x21,0x44,0xa9,0x99,0x99,0xaa,0xa9,0x99,0x99,0x99,0xaa,0x44,0x55,0x50,0x20,0x33,
 0x00,0x22,0x23,0x10,0x02,0x40,0x00,0x23,0x33,0x32,0x33,0x33,0x22,0x21,0x14,0x55,0x99,0xaa,0xaa,0xa5,0x55,0x59,0x95,0xaa,
 0x4a,0xaa,0x44,0xa4,0xaa,0xa4,0xaa,0x55,0x55,0x5a,0x55,0x54,0x04,0x55,0x54,0x44,0x4a,0x46,0x95,0x44,0x44,0x45,0x55,0x54,
 0xaa,0xaa,0x44,0x44,0x44,0x44,0x44,0x44,0x44,0xaa,0x59,0x99,0x99,0x66,0x99,0xaa,0xaa,0x11,0x11,0x11,0x11,0x11,0x44,0x44,
 0x44,0x44,0x14,0x44,0x44,0x44,0x44,0x44,0x14,0x44,0x44,0x44,0x44,0x44,0x44,0x44,0x44,0x44,0x00,0x00,0x00,0x00,0x00,0x00,
 0x00,0x00,0x00,0x00,0x00,0x00,0x00,0x00,0x00,0xaa,0x21,0x44,0x40,0x00,0x00,0x00,0x00,0x00,0x00,0x00,0x00,0x00,0x00,0x00,
 0x22,0x00,0x00,0x11,0x11,0x11,0x00,0x02,0x10,0x11,0x22,0x12,0x22,0x21,0x04,0x40,0x00,0x00,0x00,0x10,0x22,0x20,0x00,0x22,
 0x10,0x00,0x02,0x21,0x22,0x10,0x22,0x22,0x02,0x22,0x15,0x92,0x01,0x12,0x22,0x00,0x02,0x22,0x22,0x22,0x22,0x00,0x25,0x54,
 0x11,0x23,0x00,0x22,0x03,0x11,0x11,0xa0,0x00,0x23,0x33,0x32,0x33,0x33,0x11,0x23,0x22,0x11,0x10,0x09,0x99,0x95,0x55,0x59,
 0x95,0xa4,0x44,0x44,0x44,0x4a,0xaa,0xa5,0x55,0xa5,0x99,0x99,0x99,0x94,0x04,0x44,0x44,0x4a,0x99,0x99,0x95,0x44,0x44,0x4a,
 0x55,0xa4,0x4a,0xa4,0x44,0x44,0x4a,0xaa,0x55,0x55,0x55,0x55,0x96,0x64,0x44,0x44,0x12,0x11,0x11,0x11,0x12,0x44,0x31,0x44,
 0x44,0x44,0x44,0x44,0x44,0x44,0x44,0x44,0x44,0x21,0x44,0x44,0x44,0x44,0x44,0x42,0x44,0x44,0x00,0x00,0x00,0x00,0x00,0x00,
 0x00,0x00,0x00,0x00,0x00,0x00,0x00,0x00,0x00,0x03,0x43,0x4a,0x21,0x44,0x40,0x00,0x00,0x00,0x10,0x00,0x00,0x00,0x00,0x01,
 0x20,0x00,0x22,0x00,0x10,0x11,0x11,0x10,0x00,0x02,0x10,0x01,0x22,0x22,0x10,0x11,0x34,0xa0,0x00,0x00,0x00,0x00,0x22,0x21,
 0x12,0x22,0x11,0x00,0x02,0x21,0x22,0x10,0x22,0x22,0x02,0x21,0x44,0x22,0x02,0x22,0x22,0x12,0x12,0x22,0x22,0x22,0x22,0x00,
 0x11,0x4a,0x11,0x13,0x00,0x32,0x03,0x21,0x11,0x44,0x00,0x00,0x33,0x32,0x23,0x33,0x21,0x33,0x22,0x22,0x11,0x11,0x11,0x99,
 0x99,0x99,0x99,0x99,0x99,0x99,0x99,0x99,0x99,0x99,0x99,0x99,0x93,0x55,0x55,0x54,0x05,0xa4,0xa4,0xa5,0x96,0x99,0x9a,0x44,
 0x44,0x4a,0x55,0xa4,0x44,0x5a,0xa4,0xaa,0xaa,0x99,0x66,0x99,0x55,0xa4,0x44,0x41,0x11,0x11,0x00,0x14,0x4a,0xa4,0x44,0x44,
 0x24,0x44,0x44,0x44,0x44,0x42,0x14,0x44,0x44,0x44,0x44,0x44,0x44,0x44,0x44,0x44,0x44,0x00,0x00,0x00,0x00,0x00,0x00,0x00,
 0x00,0x00,0x00,0x00,0x00,0x00,0x00,0x00,0x33,0x33,0x51,0x14,0x43,0x34,0x22,0x44,0x91,0x00,0x00,0x01,0x20,0x00,0x00,0x21,
 0x00,0x02,0x20,0x00,0x11,0x00,0x11,0x00,0x00,0x00,0x00,0x11,0x10,0x01,0x12,0x21,0x10,0x23,0x34,0xa0,0x00,0x00,0x00,0x00,
 0x22,0x22,0x22,0x23,0x21,0x00,0x02,0x21,0x22,0x10,0x22,0x22,0x02,0x21,0x42,0x23,0x12,0x22,0x22,0x12,0x22,0x22,0x2a,0x22,
 0x22,0x00,0x11,0x24,0x42,0x02,0x00,0x22,0x13,0x21,0x10,0x24,0x00,0x00,0x00,0x00,0x13,0x33,0x32,0x23,0x22,0x22,0x12,0x32,
 0x12,0x11,0x10,0x13,0x6a,0x44,0x44,0x43,0x33,0x11,0x11,0x11,0x11,0x11,0x01,0x11,0x11,0x11,0x0a,0xaa,0xaa,0xa5,0x96,0x99,
 0x99,0x44,0x44,0x4a,0x59,0xa4,0x44,0x99,0x99,0x99,0x96,0x99,0xaa,0x42,0x10,0x11,0x11,0x11,0x01,0x22,0x11,0x44,0xaa,0xaa,
 0xa4,0x44,0x24,0x44,0x44,0x44,0x44,0x42,0x44,0x44,0x44,0x44,0x44,0x44,0x44,0x44,0x44,0x40,0x00,0x00,0x00,0x00,0x00,0x00,
 0x00,0x00,0x00,0x00,0x00,0x00,0x00,0x00,0x10,0x03,0x33,0x33,0x52,0x24,0x43,0x44,0x21,0x4a,0x91,0x00,0x10,0x11,0x20,0x00,
 0x01,0x32,0x00,0x02,0x30,0x00,0x11,0x00,0x11,0x11,0x11,0x00,0x00,0x11,0x10,0x00,0x12,0x22,0x22,0x22,0x42,0x42,0x00,0x00,
 0x00,0x00,0x22,0x22,0x22,0x23,0x21,0x00,0x02,0x21,0x22,0x10,0x22,0x22,0x02,0x10,0x22,0x23,0x12,0x22,0x22,0x12,0x22,0x22,
 0x12,0x22,0x22,0x12,0x21,0x12,0x22,0x02,0x10,0x02,0x21,0x30,0x00,0x14,0x00,0x00,0x00,0x00,0x00,0x01,0x21,0x22,0x22,0x22,
 0x13,0x32,0x12,0x22,0x11,0x13,0xa1,0x11,0x22,0x22,0x11,0x11,0x11,0x12,0x22,0x11,0x22,0x22,0x22,0x21,0x0a,0x59,0x5a,0xa9,
 0x99,0x99,0x95,0x44,0x49,0x99,0x66,0x69,0x99,0x55,0x53,0x44,0x21,0x11,0x11,0x01,0x11,0x23,0x44,0x42,0x44,0x44,0x14,0x44,
 0x44,0x44,0x44,0x44,0x42,0x44,0x44,0x44,0x44,0x44,0x14,0x44,0x44,0x44,0x44,0x10,0x00,0x00,0x00,0x00,0x00,0x00,0x00,0x00,
 0x00,0x00,0x00,0x00,0x00,0x00,0x00,0x01,0x13,0x33,0x32,0x03,0x34,0x33,0x51,0x14,0x43,0x49,0x22,0x99,0x91,0x01,0x11,0x12,
 0x20,0x00,0x00,0x00,0x00,0x01,0xaa,0x44,0x49,0x54,0x44,0x42,0x32,0x20,0x00,0x01,0x10,0x01,0x00,0x00,0x22,0x21,0x22,0x44,
 0x00,0x00,0x00,0x00,0x22,0x22,0x22,0x23,0x21,0x00,0x02,0x21,0x22,0x10,0x22,0x22,0x02,0x00,0x22,0x00,0x12,0x22,0x20,0x00,
 0x02,0x22,0x22,0x22,0x22,0x11,0x22,0x12,0x22,0x01,0x20,0x02,0x21,0x40,0x10,0x14,0x30,0x00,0x00,0x01,0x00,0x00,0x00,0x00,
 0x33,0x22,0x12,0x22,0x12,0x22,0x22,0x23,0x52,0x21,0x22,0x22,0x12,0x22,0x22,0x22,0x23,0x12,0x22,0x22,0x22,0x21,0x05,0x55,
 0x5a,0xa9,0x96,0x99,0x95,0x55,0x59,0x96,0x5a,0x5a,0xa4,0x24,0x41,0x11,0x11,0x11,0x44,0x41,0x11,0x44,0x44,0x43,0x44,0x44,
 0x24,0x44,0x44,0x44,0x44,0x44,0x32,0x44,0x44,0x44,0x44,0x44,0x14,0x44,0x41,0x11,0x10,0x00,0x00,0x00,0x00,0x00,0x00,0x00,
 0x00,0x00,0x00,0x00,0x00,0x00,0x00,0x01,0x21,0x03,0x23,0x33,0x32,0x03,0x33,0x33,0x51,0x14,0x4a,0xa9,0x43,0x99,0x91,0x01,
 0x11,0x12,0x10,0x00,0x14,0x44,0x44,0x4a,0xaa,0x44,0x46,0xa4,0x44,0xa4,0xaa,0x55,0x96,0x00,0x10,0x01,0x21,0x02,0x21,0x00,
 0x21,0x4a,0x00,0x00,0x00,0x00,0x22,0x22,0x22,0x23,0x21,0x00,0x02,0x21,0x22,0x10,0x22,0x32,0x02,0x10,0x22,0x10,0x22,0x22,
 0x20,0x00,0x02,0x22,0x22,0x22,0x22,0x11,0x21,0x12,0x22,0x00,0x30,0x02,0x20,0x21,0x10,0x04,0x40,0x00,0x00,0x11,0x11,0x00,
 0x00,0x00,0x00,0x11,0x12,0x21,0x12,0x22,0x11,0x24,0x52,0x31,0x12,0x22,0x12,0x22,0x22,0x22,0x21,0x12,0x22,0x22,0x22,0x21,
 0x05,0x55,0x5a,0x99,0x66,0x66,0x69,0x94,0x44,0x44,0x11,0x11,0x10,0x12,0x21,0x14,0x44,0x44,0x44,0x44,0x14,0x44,0x44,0x44,
 0x44,0x41,0x22,0x44,0x44,0x44,0x44,0x44,0x44,0x44,0x44,0x44,0x44,0x44,0x00,0x00,0x00,0x00,0x00,0x00,0x00,0x00,0x00,0x00,
 0x00,0x00,0x00,0x00,0x00,0x00,0x00,0x12,0x22,0x32,0x31,0x03,0x33,0x33,0x42,0x13,0x33,0x33,0x52,0x35,0xaa,0x49,0x44,0x99,
 0x91,0x01,0x11,0x00,0xaa,0x44,0x44,0x44,0x44,0x4a,0xaa,0x44,0x2a,0xa4,0x44,0xaa,0xaa,0xaa,0xa9,0x96,0x10,0x01,0x22,0x21,
 0x10,0x14,0x21,0x2a,0x00,0x01,0x00,0x00,0x22,0x22,0x22,0x23,0x21,0x00,0x02,0x21,0x22,0x10,0x22,0x22,0x02,0x10,0x32,0x11,
 0x22,0x22,0x20,0x00,0x02,0x22,0x22,0x22,0x22,0x11,0x22,0x22,0x22,0x10,0x30,0x01,0x20,0x22,0x10,0x03,0x40,0x00,0x00,0x01,
 0x11,0x11,0x00,0x00,0x00,0x00,0x00,0x01,0x12,0x22,0x22,0x24,0x53,0x31,0x22,0x22,0x12,0x22,0x21,0x22,0x22,0x22,0x22,0x22,
 0x22,0x21,0x09,0x99,0x99,0x99,0x4a,0xa4,0x22,0x21,0x11,0x11,0x11,0x11,0x04,0x44,0x41,0x24,0x44,0x44,0x44,0x44,0x44,0x44,
 0x44,0x44,0x44,0x44,0x44,0x44,0x44,0x44,0x44,0x44,0x42,0x44,0x44,0x42,0x10,0x00,0x00,0x00,0x00,0x00,0x00,0x00,0x00,0x00,
 0x00,0x00,0x00,0x00,0x00,0x00,0x00,0x02,0x00,0x23,0x22,0x33,0x32,0x03,0x32,0x33,0x42,0x04,0x44,0x44,0x52,0x35,0x44,0x49,
 0xa4,0x99,0x91,0x01,0x11,0x04,0x2a,0x95,0x44,0x94,0x44,0x4a,0xaa,0x44,0x44,0xa4,0xaa,0xaa,0xaa,0xaa,0x96,0x65,0xa0,0x00,
 0x10,0x00,0x02,0x32,0x11,0x4a,0x00,0x01,0x00,0x00,0x22,0x22,0x22,0x23,0x21,0x00,0x02,0x21,0x22,0x10,0x22,0x32,0x02,0x10,
 0x43,0x11,0x22,0x22,0x20,0x00,0x02,0x22,0x22,0x22,0x22,0x11,0x22,0x24,0x22,0x10,0x30,0x01,0x21,0x02,0x10,0x03,0x42,0x00,
 0x00,0x00,0x00,0x00,0x00,0x00,0x00,0x00,0x00,0x00,0x00,0x01,0x22,0x24,0x52,0x22,0x22,0x22,0x22,0x22,0x22,0x22,0x22,0x22,
 0x22,0x22,0x22,0x21,0x06,0x66,0x5a,0xaa,0x11,0x11,0x11,0x11,0x11,0x44,0x21,0x44,0x44,0x44,0x43,0x44,0x44,0x44,0x44,0x42,
 0x44,0x44,0x44,0x42,0x44,0x44,0x34,0x44,0x44,0x44,0x44,0x44,0x41,0x00,0x00,0x00,0x00,0x00,0x00,0x00,0x00,0x00,0x00,0x00,
 0x00,0x00,0x00,0x00,0x00,0x00,0x01,0x22,0x22,0x22,0x10,0x23,0x22,0x23,0x32,0x13,0x22,0x33,0xa2,0x14,0x44,0x33,0x52,0x2a,
 0x45,0xa9,0x4a,0x99,0x90,0x11,0x10,0xa1,0x12,0x24,0xa5,0x99,0x55,0x4a,0xaa,0xaa,0xa9,0x59,0x95,0x66,0x99,0x69,0xaa,0x44,
 0x45,0x00,0x11,0x00,0x23,0x31,0x14,0x43,0x00,0x01,0x10,0x00,0x22,0x22,0x22,0x23,0x21,0x00,0x02,0x21,0x22,0x20,0x33,0x22,
 0x02,0x20,0x33,0x21,0x22,0x22,0x20,0x00,0x02,0x22,0x22,0x22,0x22,0x11,0x22,0x23,0x22,0x10,0x22,0x00,0x21,0x03,0x10,0x01,
 0x42,0x00,0x00,0x00,0x01,0x12,0x10,0x00,0x00,0x00,0x00,0x00,0x00,0x00,0x00,0x05,0x53,0x22,0x20,0x00,0x00,0x00,0x00,0x00,
 0x00,0x00,0x00,0x00,0x00,0x00,0x0a,0xa4,0x11,0x11,0x11,0x11,0x11,0x11,0x12,0x44,0x22,0x44,0x44,0x44,0x41,0x14,0x44,0x44,
 0x44,0x43,0x22,0x44,0x44,0x44,0x44,0x44,0x44,0x54,0x44,0x44,0x40,0x00,0x00,0x00,0x00,0x00,0x00,0x00,0x00,0x00,0x00,0x00,
 0x00,0x00,0x00,0x00,0x00,0x00,0x22,0x20,0x02,0x22,0x22,0x32,0x00,0x22,0x22,0x22,0x32,0x03,0x33,0x34,0x42,0x14,0x33,0x33,
 0x52,0x24,0x44,0xa9,0xaa,0x99,0x90,0x11,0x10,0x44,0x41,0x14,0x42,0x2a,0x44,0x4a,0xa9,0x99,0x96,0x69,0x9a,0xaa,0x43,0x34,
 0x11,0x1a,0x69,0x00,0x01,0x23,0x32,0x11,0x32,0x31,0x00,0x01,0x10,0x00,0x22,0x22,0x22,0x23,0x21,0x00,0x02,0x01,0x22,0x20,
 0x22,0x22,0x02,0x20,0x32,0x21,0x22,0x22,0x20,0x00,0x02,0x22,0x22,0x22,0x22,0x11,0x22,0x22,0x32,0x11,0x22,0x00,0x22,0x03,
 0x11,0x01,0x42,0x00,0x00,0x00,0x01,0x22,0x00,0x01,0x22,0x00,0x00,0x00,0x00,0x00,0x00,0x00,0x00,0x00,0x00,0x00,0x00,0x00,
 0x00,0x00,0x00,0x00,0x00,0x00,0x00,0x00,0x01,0x11,0x11,0x24,0x21,0x41,0x44,0x44,0x41,0x14,0x34,0x44,0x44,0x44,0x42,0x44,
 0x44,0x44,0x44,0x42,0x44,0x44,0x44,0x44,0x44,0x41,0x13,0x12,0x10,0x00,0x00,0x00,0x00,0x00,0x00,0x00,0x00,0x00,0x00,0x00,
 0x00,0x00,0x00,0x00,0x00,0x00,0x22,0x22,0x22,0x20,0x02,0x22,0x22,0x22,0x00,0x22,0x23,0x33,0x33,0x12,0x3a,0x33,0x42,0x24,
 0x43,0x34,0x52,0x24,0x44,0xa9,0x44,0x99,0x90,0x11,0x10,0x21,0x10,0x11,0x11,0x4a,0x44,0x00,0x00,0x12,0x44,0x44,0x10,0x01,
 0x11,0x12,0x4a,0xaa,0x95,0x00,0x21,0x12,0x11,0x23,0x31,0x30,0x00,0x11,0x10,0x00,0x22,0x22,0x22,0x22,0x21,0x00,0x02,0x21,
 0x22,0x10,0x22,0x22,0x02,0x21,0x32,0x11,0x22,0x22,0x20,0x00,0x02,0x22,0x22,0x22,0x22,0x11,0x22,0x22,0x22,0x11,0x03,0x00,
 0x22,0x02,0x31,0x01,0x44,0x00,0x00,0x00,0x22,0x10,0x32,0x22,0x10,0x00,0x22,0x00,0x00,0x00,0x00,0x00,0x00,0x00,0x00,0x00,
 0x00,0x00,0x00,0x00,0x00,0x00,0x00,0x00,0x00,0x00,0x01,0x21,0x44,0x44,0x21,0x42,0x44,0x44,0x44,0x12,0x11,0x11,0x24,0x44,
 0x44,0x14,0x44,0x44,0x44,0x41,0x44,0x44,0x44,0x42,0x22,0x10,0x00,0x00,0x00,0x00,0x00,0x00,0x00,0x00,0x00,0x00,0x00,0x00,
 0x00,0x00,0x00,0x00,0x00,0x10,0x01,0x00,0x22,0x22,0x22,0x20,0x12,0x22,0x22,0x22,0x10,0x22,0xa3,0x43,0x34,0x13,0x33,0x33,
 0xa2,0x23,0x33,0x33,0x52,0x24,0x4a,0xa9,0x33,0x99,0x91,0x11,0x10,0x22,0x20,0x00,0x00,0x01,0x14,0x44,0x44,0x45,0x96,0x65,
 0x54,0x44,0xa3,0x10,0x12,0x24,0x95,0x00,0x12,0x21,0x22,0x33,0x22,0xa0,0x00,0x11,0x00,0x00,0x22,0x22,0x22,0x22,0x21,0x00,
 0x02,0x21,0x32,0x10,0x22,0x22,0x02,0x21,0x32,0x21,0x22,0x22,0x20,0x00,0x02,0x22,0x22,0x22,0x22,0x21,0x22,0x23,0x22,0x11,
 0x03,0x00,0x34,0x03,0x31,0x00,0x04,0x00,0x00,0x11,0x00,0x02,0x33,0x20,0x00,0x13,0x22,0x00,0x00,0x00,0x00,0x00,0x00,0x00,
 0x00,0x00,0x00,0x00,0x00,0x00,0x00,0x00,0x00,0x00,0x00,0x00,0x04,0x44,0x44,0x44,0x14,0x44,0x42,0x44,0x44,0x44,0x44,0x24,
 0x44,0x44,0x42,0x44,0x44,0x44,0x44,0x42,0x44,0x40,0x00,0x00,0x00,0x00,0x00,0x00,0x00,0x00,0x00,0x00,0x00,0x00,0x00,0x00,
 0x00,0x00,0x00,0x00,0x00,0x00,0x44,0xa0,0x11,0x00,0x22,0x22,0x22,0x21,0x12,0x22,0x22,0x22,0x11,0x33,0x33,0x43,0x34,0x22,
 0x23,0x33,0xa2,0x13,0x33,0x33,0x52,0x34,0x44,0x49,0x43,0x99,0x91,0x11,0x10,0x12,0x10,0x00,0x00,0x01,0x01,0x22,0x22,0x23,
 0x46,0x94,0x32,0x22,0x21,0x00,0x12,0x2a,0x90,0x00,0x12,0x22,0x33,0x33,0x24,0xa0,0x00,0x11,0x10,0x00,0x22,0x22,0x22,0x22,
 0x21,0x00,0x02,0x20,0x22,0x10,0x22,0x22,0x02,0x21,0x32,0x21,0x22,0x22,0x20,0x00,0x02,0x22,0x22,0x22,0x22,0x01,0x22,0x23,
 0x32,0x11,0x03,0x00,0x00,0x20,0x31,0x00,0x03,0x40,0x00,0x11,0x01,0x22,0x33,0x00,0x12,0x22,0x21,0x13,0x00,0x00,0x00,0x10,
 0x00,0x00,0x00,0x00,0x00,0x00,0x00,0x00,0x00,0x00,0x11,0x11,0x00,0x00,0x04,0x44,0x44,0x44,0x49,0x42,0x44,0x44,0x44,0x44,
 0x42,0x44,0x44,0x44,0x41,0x24,0x44,0x44,0x44,0x20,0x00,0x00,0x00,0x00,0x00,0x00,0x00,0x00,0x00,0x00,0x00,0x00,0x00,0x00,
 0x00,0x00,0x00,0x00,0x00,0x00,0x04,0x44,0x44,0xa0,0x11,0x01,0x22,0x22,0x22,0x21,0x12,0x22,0x23,0x33,0x11,0x33,0x33,0x33,
 0x34,0x22,0x33,0x33,0xa2,0x23,0x34,0x33,0xa3,0x3a,0x44,0x49,0x42,0x99,0x90,0x11,0x10,0x20,0x00,0x00,0x00,0x11,0x11,0x22,
 0x11,0x33,0x59,0x94,0x32,0x12,0x21,0x00,0x01,0x31,0x15,0x00,0x12,0x22,0x23,0x32,0x24,0xa0,0x00,0x00,0x10,0x00,0x22,0x22,
 0x22,0x23,0x21,0x00,0x02,0x20,0x22,0x10,0x22,0x22,0x01,0x20,0x22,0x21,0x22,0x22,0x20,0x00,0x02,0x22,0x22,0x22,0x22,0x11,
 0x22,0x22,0x22,0x11,0x02,0x20,0x02,0x10,0x31,0x10,0x03,0x40,0x00,0x12,0x01,0x33,0x23,0x00,0x22,0x22,0x00,0x23,0x00,0x00,
 0x00,0x11,0x10,0x00,0x00,0x00,0x00,0x00,0x00,0x00,0x00,0x00,0x00,0x11,0x11,0x21,0x04,0x44,0x44,0x44,0x21,0x41,0x44,0x44,
 0x41,0x44,0x34,0x44,0x44,0x44,0x41,0x11,0x00,0x00,0x00,0x00,0x00,0x00,0x00,0x00,0x00,0x00,0x00,0x00,0x00,0x00,0x00,0x00,
 0x00,0x00,0x00,0x00,0x00,0x11,0x11,0x00,0x04,0x44,0x44,0xa0,0x11,0x00,0x22,0x22,0x22,0x21,0x03,0x22,0x33,0x33,0x11,0x33,
 0x33,0x43,0x33,0x22,0x33,0x33,0x32,0x23,0x33,0x33,0x53,0x3a,0x44,0x49,0x43,0x99,0x91,0x11,0x10,0x44,0x21,0x00,0x00,0x01,
 0x01,0x11,0x22,0x24,0x56,0x95,0x32,0x11,0x00,0x00,0x13,0x96,0x65,0x00,0x12,0x22,0x23,0x22,0x24,0x40,0x01,0x11,0x11,0x00,
 0x22,0x22,0x22,0x22,0x21,0x00,0x00,0x00,0x00,0x00,0x11,0x11,0x00,0x00,0x22,0x21,0x22,0x22,0x20,0x00,0x02,0x32,0x22,0x22,
 0x22,0x11,0x22,0x12,0x52,0x11,0x00,0x20,0x02,0x20,0x32,0x10,0x03,0x40,0x00,0x01,0x00,0x23,0x10,0x12,0x22,0x20,0x02,0x22,
 0x00,0x00,0x00,0x01,0x12,0x00,0x01,0x11,0x01,0x10,0x00,0x00,0x00,0x00,0x00,0x00,0x00,0x11,0x04,0x44,0x44,0x44,0x21,0x31,
 0x14,0x44,0x14,0x44,0x43,0x44,0x42,0x11,0x10,0x00,0x00,0x00,0x00,0x00,0x00,0x00,0x00,0x00,0x00,0x00,0x00,0x00,0x00,0x00,
 0x00,0x00,0x00,0x00,0x11,0x11,0x00,0x11,0x11,0x00,0x04,0x44,0x44,0xa0,0x11,0x00,0x22,0x11,0x22,0x31,0x13,0x22,0x33,0x33,
 0x11,0x33,0x33,0x33,0x33,0x22,0x23,0x33,0x32,0x23,0x33,0x33,0x52,0x3a,0x44,0x49,0x43,0x99,0x91,0x11,0x10,0x0a,0x21,0x11,
 0x12,0x42,0x00,0x00,0x11,0x11,0x12,0x11,0x22,0x34,0x44,0x22,0x34,0x96,0x90,0x00,0x11,0x22,0x22,0x22,0x22,0x40,0x02,0x22,
 0x32,0x21,0x22,0x22,0x21,0x22,0x21,0x00,0x01,0x00,0x01,0x00,0x32,0x22,0x21,0x00,0x44,0x21,0x22,0x22,0x20,0x00,0x02,0x22,
 0x22,0x22,0x22,0x11,0x21,0x12,0x22,0x00,0x00,0x20,0x00,0x20,0x32,0x10,0x04,0x40,0x00,0x01,0x10,0x22,0x01,0x22,0x21,0x00,
 0x22,0x22,0x00,0x01,0x00,0x01,0x11,0x00,0x01,0x11,0x01,0x11,0x00,0x00,0x00,0x00,0x00,0x00,0x00,0x00,0x04,0x44,0x44,0x44,
 0x24,0x42,0x11,0x11,0x44,0x44,0x11,0x00,0x00,0x00,0x00,0x00,0x00,0x00,0x00,0x00,0x00,0x00,0x00,0x00,0x00,0x00,0x00,0x00,
 0x00,0x00,0x00,0x00,0x00,0x11,0x11,0x11,0x00,0x11,0x11,0x00,0x04,0x44,0x44,0xa0,0x11,0x00,0x22,0x22,0x33,0x31,0x13,0x23,
 0x33,0x33,0x12,0x33,0x33,0x33,0x34,0x22,0x22,0x30,0x00,0x00,0x00,0x00,0x00,0x00,0x00,0x00,0x00,0x95,0x91,0x11,0x11,0x00,
 0x21,0x11,0x12,0x24,0x24,0x43,0x33,0x39,0x96,0x99,0x53,0x33,0x32,0x22,0x24,0x41,0x00,0x00,0x11,0x12,0x22,0x22,0x13,0x40,
 0x01,0x12,0x42,0x20,0x22,0x22,0x22,0x22,0x21,0x00,0x00,0x00,0x00,0x04,0x33,0x33,0x20,0x00,0x42,0x11,0x22,0x22,0x20,0x00,
 0x02,0x22,0x22,0x21,0x22,0x11,0x21,0x12,0x22,0x11,0x10,0x20,0x00,0x20,0x22,0x10,0x02,0x40,0x00,0x01,0x11,0x12,0x22,0x22,
 0x20,0x00,0x22,0x22,0x00,0x01,0x00,0x00,0x11,0x00,0x01,0x11,0x01,0x11,0x00,0x00,0x00,0x00,0x00,0x00,0x00,0x00,0x02,0x22,
 0x24,0x44,0x44,0x44,0x44,0x11,0x10,0x00,0x00,0x00,0x00,0x00,0x00,0x00,0x00,0x00,0x00,0x00,0x00,0x00,0x00,0x00,0x00,0x00,
 0x00,0x00,0x00,0x01,0x11,0x10,0x00,0x11,0x11,0x11,0x00,0x11,0x11,0x00,0x0a,0x41,0x64,0x50,0x22,0x10,0x23,0x22,0x33,0x31,
 0x13,0x23,0x33,0x33,0x22,0x33,0x33,0x32,0x01,0x01,0x11,0x12,0x44,0x44,0x44,0x44,0x4a,0xaa,0xa4,0x99,0x5a,0x00,0x00,0x01,
 0x11,0x02,0x20,0x00,0x00,0x01,0x11,0x11,0x23,0x1a,0x96,0x95,0x43,0x12,0x21,0x00,0x01,0x00,0x00,0x00,0x11,0x11,0x22,0x21,
 0x13,0x30,0x01,0x01,0x11,0x00,0x22,0x22,0x12,0x12,0x20,0x00,0x00,0x00,0x00,0x02,0x21,0x12,0x00,0x01,0x11,0x11,0x11,0x11,
 0x10,0x00,0x01,0x11,0x11,0x11,0x11,0x11,0x11,0x12,0x22,0x11,0x10,0x20,0x00,0x20,0x03,0x00,0x01,0x24,0x00,0x00,0x11,0x12,
 0x22,0x22,0x11,0x22,0x22,0x20,0x00,0x11,0x00,0x00,0x00,0x00,0x02,0x22,0x01,0x11,0x00,0x00,0x00,0x00,0x00,0x00,0x00,0x00,
 0x04,0x44,0x44,0x44,0x11,0x22,0x10,0x00,0x00,0x00,0x00,0x00,0x00,0x00,0x00,0x00,0x00,0x00,0x00,0x00,0x00,0x00,0x00,0x00,
 0x00,0x00,0x00,0x11,0x11,0x11,0x11,0x10,0x00,0x11,0x11,0x11,0x00,0x11,0x11,0x00,0x04,0x41,0x94,0x50,0x22,0x00,0x23,0x22,
 0x32,0x31,0x13,0x23,0x33,0x33,0x22,0x33,0x33,0x00,0x04,0x44,0x44,0x44,0x44,0x44,0x44,0x44,0x4a,0x44,0x44,0x4a,0x44,0x49,
 0x94,0x50,0x01,0x02,0x20,0x00,0x00,0x00,0x00,0x00,0x00,0x00,0x00,0x00,0x00,0x00,0x00,0x00,0x02,0x00,0x00,0x00,0x01,0x11,
 0x22,0x11,0x33,0x30,0x00,0x00,0x00,0x00,0x22,0x24,0x52,0x22,0x10,0x00,0x00,0x00,0x00,0x02,0x22,0x11,0x00,0x01,0x11,0x11,
 0x11,0x11,0x10,0x00,0x01,0x11,0x11,0x11,0x11,0x01,0x11,0x12,0x21,0x11,0x00,0x12,0x00,0x00,0x03,0x11,0x01,0x24,0x00,0x00,
 0x21,0x01,0x22,0x20,0x02,0x22,0x22,0x10,0x02,0x11,0x00,0x00,0x00,0x00,0x02,0x22,0x01,0x11,0x00,0x00,0x00,0x00,0x00,0x00,
 0x00,0x00,0x04,0x22,0x22,0x00,0x00,0x00,0x00,0x00,0x00,0x00,0x00,0x00,0x00,0x00,0x00,0x00,0x00,0x00,0x00,0x00,0x00,0x00,
 0x00,0x00,0x11,0x10,0x00,0x21,0x11,0x11,0x11,0x10,0x00,0x11,0x11,0x11,0x00,0x11,0x11,0x00,0x04,0x41,0x4a,0x90,0x22,0x00,
 0x22,0x22,0x33,0x42,0x13,0x33,0x33,0x33,0x22,0x32,0x02,0x44,0x44,0x44,0x44,0x44,0x44,0x44,0x44,0x44,0x44,0x44,0x44,0x4a,
 0x44,0x44,0xa9,0x66,0x50,0x02,0x20,0x00,0x02,0x22,0x00,0x00,0x00,0x00,0x00,0x00,0x00,0x01,0x11,0x00,0x02,0x00,0x00,0x00,
 0x01,0x12,0x21,0x12,0x30,0x50,0x00,0x00,0x00,0x00,0x12,0x21,0x11,0x12,0x10,0x00,0x00,0x00,0x00,0x02,0x22,0x11,0x00,0x01,
 0x11,0x11,0x11,0x11,0x10,0x00,0x01,0x11,0x11,0x11,0x11,0x11,0x11,0x11,0x11,0x01,0x10,0x02,0x00,0x00,0x03,0x21,0x10,0x24,
 0x00,0x00,0x00,0x11,0x11,0x01,0x12,0x21,0x11,0x00,0x12,0x10,0x10,0x00,0x00,0x00,0x02,0x22,0x11,0x11,0x00,0x00,0x00,0x00,
 0x01,0x21,0x21,0x00,0x02,0x10,0x00,0x00,0x00,0x00,0x00,0x00,0x00,0x00,0x00,0x00,0x00,0x00,0x00,0x00,0x00,0x00,0x00,0x00,
 0x00,0x11,0x11,0x11,0x11,0x10,0x00,0x21,0x11,0x11,0x11,0x11,0x00,0x11,0x11,0x11,0x00,0x21,0x11,0x00,0x04,0x44,0x4a,0x90,
 0x22,0x01,0x23,0x22,0x33,0x42,0x13,0x33,0x33,0x33,0x22,0x20,0x22,0x44,0x54,0x44,0x44,0x44,0x44,0x44,0x44,0x44,0x11,0x44,
 0x4a,0xaa,0x44,0x4a,0x96,0x6a,0xa0,0x02,0x20,0x00,0x02,0x22,0x00,0x00,0x00,0x00,0x00,0x00,0x00,0x00,0x00,0x00,0x01,0x00,
 0x00,0x00,0x01,0x12,0x11,0x00,0x00,0x44,0x00,0x00,0x00,0x00,0x11,0x11,0x11,0x11,0x10,0x00,0x00,0x00,0x00,0x02,0x11,0x11,
 0x00,0x01,0x11,0x11,0x11,0x11,0x10,0x00,0x01,0x11,0x11,0x11,0x11,0x00,0x11,0x11,0x11,0x11,0x10,0x02,0x00,0x00,0x02,0x21,
 0x10,0x24,0x00,0x00,0x00,0x00,0x01,0x11,0x12,0x11,0x10,0x01,0x11,0x10,0x10,0x00,0x00,0x00,0x02,0x22,0x11,0x11,0x00,0x00,
 0x00,0x00,0x01,0x12,0x32,0x11,0x00,0x00,0x00,0x00,0x00,0x00,0x00,0x00,0x00,0x00,0x00,0x00,0x00,0x00,0x00,0x00,0x00,0x00,
 0x00,0x11,0x00,0x11,0x11,0x11,0x11,0x10,0x00,0x21,0x11,0x11,0x11,0x11,0x00,0x11,0x11,0x22,0x00,0x11,0x11,0x00,0x0a,0x44,
 0x4a,0x90,0x22,0x01,0x33,0x33,0x33,0x32,0x23,0x33,0x33,0x33,0x22,0x01,0x11,0x12,0x14,0xa4,0x45,0xaa,0xaa,0x44,0xa5,0x55,
 0x55,0x9a,0x59,0x66,0x96,0xaa,0xaa,0xa4,0x44,0x12,0x20,0x00,0x02,0x32,0x00,0x00,0x00,0x00,0x01,0x00,0x12,0x00,0x00,0x11,
 0x12,0x00,0x00,0x00,0x10,0x00,0x00,0x02,0x34,0x34,0x00,0x00,0x00,0x00,0x32,0x20,0x10,0xa3,0x21,0x00,0x00,0x00,0x00,0x00,
 0x00,0x00,0x00,0x00,0x00,0x00,0x00,0x00,0x00,0x00,0x00,0x00,0x00,0x00,0x00,0x00,0x00,0x00,0x00,0x00,0x00,0x02,0x00,0x00,
 0x02,0x30,0x10,0x11,0x00,0x00,0x00,0x00,0x00,0x11,0x11,0x11,0x00,0x11,0x10,0x01,0x10,0x00,0x00,0x00,0x03,0x32,0x12,0x21,
 0x00,0x00,0x00,0x00,0x01,0x11,0x00,0x12,0x00,0x00,0x00,0x00,0x00,0x00,0x00,0x00,0x00,0x00,0x00,0x00,0x00,0x00,0x00,0x00,
 0x00,0x00,0x11,0x11,0x00,0x11,0x11,0x11,0x11,0x10,0x00,0x21,0x11,0x11,0x11,0x11,0x01,0x22,0x22,0x32,0x00,0x21,0x11,0x00,
 0x0a,0x44,0x4a,0x90,0x22,0x21,0x43,0x33,0x33,0x32,0x23,0x33,0x33,0x33,0x22,0x04,0x01,0x11,0x12,0x20,0x04,0x44,0x44,0x4a,
 0x99,0x59,0x96,0x66,0x95,0x96,0xa4,0x44,0x21,0x44,0xa6,0x11,0x20,0x00,0x02,0x33,0x00,0x00,0x00,0x00,0x12,0x00,0x22,0x01,
 0x11,0x01,0x11,0x22,0x22,0x20,0x01,0x11,0x12,0x33,0x22,0x24,0x01,0x11,0x22,0x10,0x32,0x42,0x22,0x94,0x21,0x02,0x24,0x44,
 0x44,0x55,0x55,0x55,0x44,0x45,0x55,0x44,0x45,0x55,0x54,0x44,0x45,0x55,0x55,0xa4,0x44,0x44,0x55,0x55,0x55,0x54,0x44,0x01,
 0x00,0x01,0x40,0x31,0x10,0x01,0x01,0x10,0x00,0x00,0x00,0x00,0x00,0x00,0x00,0x11,0x00,0x11,0x00,0x00,0x00,0x00,0x03,0x34,
 0x12,0x21,0x00,0x00,0x00,0x00,0x01,0x10,0x00,0x01,0x00,0x00,0x00,0x00,0x00,0x00,0x00,0x00,0x00,0x00,0x00,0x00,0x00,0x00,
 0x11,0x11,0x00,0x00,0x11,0x11,0x00,0x11,0x11,0x11,0x11,0x10,0x00,0x11,0x11,0x11,0x12,0x22,0x11,0x22,0x22,0x22,0x00,0x21,
 0x11,0x00,0x0a,0x44,0x4a,0x90,0x22,0x21,0x33,0x33,0x32,0x32,0x23,0x33,0x32,0x33,0x22,0x01,0x44,0x21,0x21,0x10,0x00,0x11,
 0x11,0x12,0x22,0x22,0x2a,0xa4,0x31,0x44,0x11,0x11,0x14,0x59,0x9a,0x11,0x20,0x00,0x02,0x32,0x00,0x00,0x00,0x01,0x02,0x00,
 0x49,0x00,0x11,0x10,0x00,0x22,0x12,0x10,0x01,0x12,0x22,0x22,0x21,0x32,0x01,0x22,0x22,0x10,0x22,0x32,0x22,0xa4,0x20,0x03,
 0x4a,0x44,0x45,0x55,0x55,0x59,0xaa,0xa9,0x99,0x44,0xa9,0x99,0x94,0xaa,0x55,0x55,0x55,0x55,0x54,0x44,0x95,0x55,0x55,0x55,
 0xaa,0x00,0x10,0x09,0x91,0x32,0x10,0x02,0x02,0x22,0x21,0x11,0x00,0x00,0x00,0x00,0x00,0x00,0x00,0x00,0x00,0x00,0x00,0x00,
 0x03,0x33,0x12,0x21,0x00,0x00,0x00,0x00,0x02,0x20,0x00,0x01,0x00,0x00,0x00,0x00,0x00,0x00,0x00,0x00,0x00,0x00,0x00,0x00,
 0x11,0x00,0x11,0x11,0x00,0x00,0x11,0x11,0x00,0x11,0x11,0x11,0x11,0x10,0x00,0x11,0x22,0x22,0x21,0x32,0x11,0x22,0x22,0x22,
 0x00,0x21,0x11,0x00,0x0a,0x44,0x4a,0x90,0x22,0x21,0x33,0x33,0x32,0x31,0x13,0x33,0x33,0x33,0x22,0x01,0x21,0x00,0x21,0x11,
 0x11,0x12,0x41,0x10,0x01,0x10,0x14,0x44,0x00,0x11,0xa4,0x44,0xa2,0x34,0xaa,0x11,0x20,0x00,0x02,0x32,0x00,0x00,0x00,0x01,
 0x13,0x00,0xa6,0x01,0x10,0x00,0x01,0x22,0x11,0x11,0x00,0x11,0x12,0x21,0x00,0x00,0x11,0x10,0x00,0x00,0x11,0x11,0x11,0x10,
 0x01,0x23,0x23,0x33,0x44,0x44,0x44,0x44,0x44,0x44,0x44,0x44,0x44,0x44,0x43,0x33,0x44,0x44,0x44,0x44,0x43,0x33,0x44,0x44,
 0x44,0x44,0x44,0x00,0x10,0x02,0x5a,0x23,0x11,0x02,0x01,0x44,0x44,0x44,0x44,0x11,0x10,0x00,0x00,0x00,0x00,0x00,0x00,0x00,
 0x00,0x00,0x05,0x33,0x12,0x21,0x00,0x00,0x00,0x00,0x02,0x20,0x00,0x00,0x00,0x00,0x00,0x00,0x00,0x00,0x00,0x00,0x11,0x00,
 0x00,0x00,0x11,0x01,0x11,0x14,0x00,0x00,0x11,0x11,0x00,0x11,0x11,0x11,0x11,0x10,0x00,0x12,0x33,0x32,0x22,0x12,0x11,0x32,
 0x22,0x22,0x00,0x22,0x11,0x00,0x0a,0x44,0x4a,0x90,0x22,0x21,0x33,0x33,0x33,0x42,0x12,0x33,0x33,0x33,0x11,0x02,0x20,0x00,
 0x00,0x00,0x14,0x43,0x24,0x44,0x44,0x49,0x66,0x69,0xaa,0x43,0xa1,0x11,0x11,0x34,0x4a,0x12,0x20,0x00,0x02,0x32,0x00,0x00,
 0x00,0x01,0x25,0x21,0xa6,0x00,0x00,0x00,0x02,0x22,0x22,0x21,0x00,0x00,0x00,0x00,0x01,0x20,0x22,0x22,0x22,0x22,0x22,0x22,
 0x22,0x11,0x22,0x22,0x22,0x22,0x22,0x22,0x22,0x22,0x22,0x22,0x22,0x22,0x22,0x22,0x22,0x22,0x22,0x22,0x22,0x22,0x22,0x22,
 0x22,0x22,0x22,0x22,0x22,0x10,0x10,0x01,0x21,0x23,0x11,0x00,0x00,0x00,0x00,0x00,0x00,0x00,0x00,0x00,0x00,0x00,0x00,0x00,
 0x00,0x00,0x00,0x00,0x05,0x44,0x12,0x21,0x00,0x00,0x00,0x00,0x02,0x20,0x00,0x01,0x00,0x00,0x00,0x00,0x00,0x00,0x00,0x00,
 0x11,0x00,0x00,0x00,0x12,0x01,0x11,0x12,0x00,0x00,0x11,0x11,0x00,0x11,0x11,0x11,0x12,0x20,0x01,0x22,0x33,0x42,0x32,0x22,
 0x11,0x32,0x22,0x43,0x00,0x22,0x11,0x00,0x05,0x4a,0x4a,0x50,0x22,0x21,0x32,0x23,0x33,0x31,0x12,0x33,0x33,0x33,0x22,0x01,
 0x10,0x00,0x00,0x00,0x04,0x11,0x11,0x11,0x11,0x33,0xa6,0x55,0x52,0x12,0x40,0x00,0x11,0x22,0x4a,0x12,0x20,0x00,0x02,0x32,
 0x00,0x00,0x00,0x12,0x29,0x31,0xa6,0x00,0x00,0x01,0x02,0x22,0x22,0x22,0x20,0x00,0x00,0x00,0x01,0xa0,0x22,0x22,0x22,0x22,
 0x22,0x22,0x22,0x22,0x22,0x22,0x22,0x22,0x22,0x22,0x22,0x22,0x22,0x22,0x22,0x22,0x22,0x22,0x22,0x22,0x22,0x22,0x22,0x22,
 0x22,0x22,0x22,0x22,0x22,0x22,0x22,0x10,0x10,0x11,0x10,0x03,0x11,0x00,0x00,0x00,0x00,0x04,0x44,0x44,0x44,0x44,0x34,0x44,
 0x44,0x43,0x00,0x00,0x00,0x00,0x09,0x44,0x12,0x21,0x00,0x00,0x00,0x00,0x02,0x20,0x00,0x01,0x00,0x00,0x00,0x00,0x11,0x11,
 0x10,0x00,0x11,0x00,0x00,0x00,0x11,0x01,0x11,0x44,0x00,0x00,0x11,0x11,0x00,0x11,0x22,0x22,0x12,0x21,0x01,0x23,0x32,0x33,
 0x33,0x34,0x11,0x22,0x22,0x22,0x01,0x22,0x11,0x10,0x05,0xaa,0x45,0x50,0x22,0x21,0x23,0x33,0x33,0x31,0x13,0x33,0x33,0x33,
 0x22,0x00,0x10,0x00,0x00,0x00,0x11,0x11,0x11,0x11,0x11,0x33,0xa6,0x54,0x22,0x22,0x10,0x00,0x12,0x32,0x41,0x02,0x20,0x00,
 0x02,0x33,0x00,0x00,0x00,0x12,0x29,0x31,0x56,0x00,0x10,0x00,0x04,0x44,0x22,0x24,0xa0,0x00,0x11,0x11,0x01,0x00,0x14,0x44,
 0x44,0x44,0x44,0x44,0x44,0x44,0x44,0x42,0x22,0x14,0x44,0x44,0x44,0x44,0x22,0x44,0x44,0x22,0x44,0x44,0x42,0x22,0x24,0x44,
 0x44,0x44,0x42,0x22,0x24,0x44,0x44,0x43,0x44,0x30,0x10,0x01,0x11,0x04,0x21,0x00,0x00,0x24,0x95,0x55,0xaa,0xaa,0xaa,0x44,
 0x44,0x44,0x22,0x22,0x10,0x00,0x00,0x00,0x09,0x94,0x12,0x21,0x00,0x00,0x00,0x00,0x02,0x20,0x00,0x21,0x00,0x00,0x10,0x00,
 0x11,0x11,0x10,0x00,0x11,0x00,0x00,0x00,0x11,0x10,0x11,0x44,0x00,0x00,0x11,0x11,0x01,0x22,0x22,0x22,0x12,0x21,0x01,0x23,
 0x22,0x32,0x33,0x33,0x11,0x22,0x22,0x22,0x00,0x22,0x11,0x10,0x05,0x4a,0xa4,0x90,0x22,0x10,0x33,0x33,0x33,0x32,0x13,0x33,
 0x33,0x33,0x22,0x00,0x00,0x00,0x00,0x01,0x14,0x11,0x11,0x11,0x13,0x21,0x23,0x32,0x33,0x22,0x20,0x00,0x11,0x31,0x09,0x42,
 0x20,0x00,0x02,0x33,0x00,0x01,0x10,0x22,0x36,0x31,0xa6,0x00,0x00,0x00,0x10,0x01,0x22,0xaa,0x5a,0x00,0x11,0x10,0x00,0x13,
 0x01,0x55,0x55,0x44,0x44,0x4a,0x55,0x55,0x5a,0x42,0x44,0x55,0x55,0x55,0x55,0x52,0x22,0x55,0x54,0x22,0x55,0x55,0x42,0x22,
 0x2a,0x44,0x44,0x44,0x43,0x33,0x3a,0x55,0x55,0x44,0x5a,0x40,0x10,0x01,0x11,0x04,0x31,0x00,0x00,0x19,0x22,0x11,0x11,0x11,
 0x11,0x11,0x11,0x11,0x11,0x11,0x10,0x00,0x00,0x00,0x09,0xaa,0x12,0x21,0x00,0x00,0x00,0x00,0x02,0x20,0x00,0x21,0x01,0x11,
 0x10,0x00,0x11,0x11,0x10,0x00,0x11,0x00,0x00,0x00,0x14,0x10,0x11,0x14,0x00,0x00,0x12,0x22,0x01,0x22,0x11,0x22,0x22,0x21,
 0x01,0x22,0x23,0x32,0x22,0x32,0x11,0x22,0x22,0x22,0x00,0x32,0x12,0x10,0x0a,0x40,0x6a,0x90,0x22,0x21,0x33,0x33,0x33,0x31,
 0x13,0x33,0x33,0x33,0x21,0x04,0x40,0x00,0x00,0x00,0x04,0x11,0x11,0x11,0x13,0x33,0xa6,0xa4,0x33,0x22,0x20,0x00,0x00,0x55,
 0x69,0x02,0x20,0x00,0x02,0x32,0x00,0x00,0x10,0x22,0x26,0x31,0xa9,0x01,0x10,0x00,0x00,0x10,0x24,0xaa,0xa1,0x00,0x10,0x01,
 0x11,0x01,0x20,0x14,0x44,0x44,0x44,0xaa,0x55,0x55,0x5a,0x44,0x44,0xaa,0xaa,0x55,0x55,0x42,0x22,0x55,0x52,0x22,0x55,0x55,
 0x32,0x22,0x25,0x55,0x55,0x55,0x53,0x32,0x2a,0xaa,0xaa,0xaa,0xa4,0x41,0x10,0x00,0x11,0x04,0x10,0x00,0x01,0x42,0x12,0x22,
 0x11,0x11,0x11,0x11,0x11,0x11,0x11,0x01,0x10,0x00,0x00,0x00,0x09,0x9a,0x13,0x21,0x00,0x00,0x00,0x00,0x02,0x20,0x00,0x21,
 0x01,0x11,0x10,0x00,0x11,0x11,0x10,0x00,0x11,0x00,0x00,0x00,0x14,0x10,0x11,0x24,0x00,0x01,0x22,0x22,0x01,0x22,0x22,0x22,
 0x32,0x20,0x11,0x22,0x23,0x33,0x22,0x34,0x11,0x22,0x22,0x22,0x00,0x32,0x22,0x10,0x0a,0x40,0x04,0x90,0x22,0x21,0x33,0x33,
 0x32,0x31,0x23,0x33,0x23,0x33,0x21,0x00,0x41,0x11,0x11,0x00,0x00,0x00,0x00,0x00,0x00,0x00,0x00,0x00,0x00,0x11,0x11,0x22,
 0x33,0x49,0x92,0x02,0x20,0x00,0x02,0x32,0x00,0x00,0x10,0x23,0x26,0x31,0xa9,0x01,0x11,0x00,0x00,0x00,0x22,0x22,0x20,0x01,
 0x11,0x00,0x10,0x02,0x14,0x00,0x01,0x11,0x22,0x23,0x42,0x22,0x22,0x22,0x22,0x22,0x22,0x22,0x22,0x22,0x22,0x22,0x22,0x22,
 0x22,0x22,0x22,0x22,0x22,0x22,0x22,0x22,0x22,0x22,0x22,0x22,0x22,0x22,0x22,0x11,0x10,0x00,0x02,0x04,0x10,0x00,0x01,0xa2,
 0x21,0x22,0x21,0x11,0x11,0x11,0x11,0x11,0x11,0x11,0x10,0x00,0x00,0x00,0x09,0x9a,0x12,0x21,0x00,0x00,0x00,0x00,0x02,0x20,
 0x00,0x21,0x01,0x11,0x10,0x00,0x11,0x11,0x10,0x00,0x11,0x10,0x01,0x00,0x14,0x11,0x14,0x4a,0x00,0x00,0x22,0x22,0x01,0x22,
 0x22,0x22,0x33,0xa0,0x01,0x23,0x33,0x33,0x33,0x21,0x11,0x22,0x22,0x22,0x00,0x22,0x21,0x00,0x0a,0x44,0x4a,0x90,0x22,0x21,
 0x33,0x33,0x33,0x32,0x13,0x33,0x33,0x33,0x22,0x30,0x01,0x11,0x11,0x12,0x44,0x42,0x33,0x4a,0x33,0x59,0x96,0x69,0x53,0x34,
 0x43,0x22,0x44,0xa0,0x00,0x02,0x20,0x00,0x02,0x33,0x00,0x00,0x00,0x23,0x36,0x31,0xa9,0x01,0x11,0x00,0x00,0x00,0x22,0x23,
 0x30,0x01,0x11,0x11,0x11,0x11,0x12,0x11,0x44,0x21,0x44,0x44,0x44,0x44,0x32,0x22,0x22,0x22,0x33,0x34,0x43,0x32,0x22,0x44,
 0x22,0x22,0x44,0x42,0x22,0x22,0x22,0x22,0x22,0x22,0x22,0x22,0x22,0x22,0x22,0x22,0x22,0x02,0x00,0x00,0x00,0x04,0x10,0x00,
 0x01,0xa2,0x11,0x22,0x22,0x11,0x11,0x11,0x11,0x11,0x11,0x11,0x10,0x00,0x00,0x00,0x09,0x94,0x12,0x21,0x00,0x00,0x00,0x00,
 0x02,0x20,0x00,0x21,0x01,0x11,0x10,0x00,0x11,0x11,0x10,0x00,0x11,0x10,0x01,0x00,0x22,0x21,0x24,0x3a,0x00,0x00,0x22,0x22,
 0x01,0x22,0x22,0x22,0x33,0x20,0x01,0x23,0x33,0x33,0x33,0x32,0x11,0x22,0x22,0x22,0x00,0x12,0x11,0x00,0x0a,0x44,0x44,0x50,
 0x22,0x21,0x33,0x33,0x33,0x32,0x23,0x33,0x33,0x33,0x22,0x33,0x20,0x00,0x00,0x12,0x24,0x44,0x44,0x23,0x32,0xa9,0x96,0x69,
 0x54,0x43,0x22,0x11,0x10,0x00,0x00,0x02,0x20,0x00,0x02,0x33,0x00,0x00,0x00,0x12,0x36,0x32,0xa9,0x00,0x00,0x00,0x00,0x00,
 0x22,0x44,0x40,0x01,0x11,0x11,0x10,0x11,0x11,0x11,0x12,0x11,0x44,0x44,0x44,0x44,0x23,0x33,0x24,0x44,0x44,0x44,0x44,0x22,
 0x24,0x44,0x42,0x23,0x44,0x44,0x22,0x22,0x23,0x44,0x44,0x33,0x32,0x22,0x22,0x43,0x33,0x33,0x33,0x02,0x00,0x00,0x00,0x03,
 0x10,0x00,0x04,0xa2,0x12,0x22,0x21,0x11,0x11,0x10,0x00,0x00,0x00,0x00,0x10,0x00,0x00,0x00,0x09,0x44,0x12,0x21,0x00,0x00,
 0x00,0x00,0x02,0x20,0x00,0x21,0x01,0x11,0x11,0x01,0x11,0x11,0x11,0x01,0x11,0x10,0x11,0x00,0x12,0x11,0x44,0x4a,0x00,0x00,
 0x22,0x22,0x01,0x22,0x22,0x22,0x22,0x21,0x11,0x33,0x33,0x33,0x23,0x34,0x11,0x22,0x22,0x23,0x00,0x22,0x22,0x00,0x0a,0x44,
 0x44,0x50,0x22,0x21,0x33,0x33,0x33,0x31,0x13,0x33,0x33,0x33,0x22,0x33,0x33,0x30,0x00,0x00,0x00,0x00,0x00,0x03,0x31,0x12,
 0x23,0x31,0x11,0x11,0x00,0x00,0x40,0x11,0x00,0x02,0x20,0x00,0x02,0x33,0x00,0x01,0x10,0x12,0x36,0x32,0xa9,0x01,0x11,0x11,
 0x00,0x14,0x44,0x44,0x40,0x00,0x11,0x10,0x00,0x00,0x11,0x21,0x00,0x00,0x55,0x55,0x55,0x5a,0x44,0x44,0x45,0x55,0x55,0xaa,
 0xaa,0x33,0x35,0x55,0x93,0x44,0x55,0x55,0x33,0x33,0x35,0x55,0x55,0x55,0x55,0x44,0x34,0x55,0x55,0x55,0x55,0x02,0x00,0x00,
 0x00,0x03,0x10,0x00,0x03,0xa2,0x21,0x00,0x00,0x00,0x00,0x00,0x00,0x00,0x00,0x00,0x00,0x00,0x00,0x00,0x09,0x44,0x12,0x21,
 0x00,0x00,0x00,0x00,0x02,0x20,0x00,0x21,0x01,0x11,0x11,0x01,0x11,0x11,0x11,0x01,0x11,0x10,0x11,0x01,0x14,0x21,0x42,0x34,
 0x00,0x00,0x22,0x12,0x11,0x23,0x33,0x32,0x22,0x21,0x11,0x33,0x33,0x33,0x33,0x34,0x11,0x22,0x22,0x22,0x00,0x22,0x22,0x00,
 0x0a,0x44,0x44,0x50,0x22,0x21,0x33,0x33,0x33,0x31,0x22,0x33,0x33,0x33,0x22,0x33,0x33,0x33,0x33,0x12,0x20,0x00,0x00,0x00,
 0x00,0x00,0x00,0x00,0x00,0x12,0x21,0x59,0x90,0x00,0x00,0x00,0x00,0x00,0x02,0x32,0x00,0x01,0x10,0x13,0x36,0x31,0xa9,0x00,
 0x11,0x00,0x01,0x12,0x12,0x21,0x10,0x11,0x11,0x11,0x11,0x11,0x11,0x11,0x11,0x00,0xaa,0xa5,0x55,0x54,0xaa,0xa4,0x55,0x55,
 0x55,0x55,0x99,0x44,0x49,0x99,0x54,0x44,0x59,0x95,0x44,0x44,0x44,0x55,0x55,0x55,0x54,0x44,0x4a,0x55,0x55,0x55,0x55,0x02,
 0x00,0x00,0x42,0x13,0x10,0x00,0x02,0x22,0x00,0x00,0x00,0x00,0x00,0x00,0x00,0x00,0x00,0x10,0x00,0x00,0x00,0x00,0x09,0x54,
 0x12,0x21,0x00,0x00,0x00,0x00,0x02,0x20,0x00,0x21,0x01,0x11,0x11,0x01,0x11,0x11,0x11,0x01,0x11,0x10,0x11,0x01,0x12,0x21,
 0x23,0x44,0x00,0x01,0x22,0x23,0x21,0x33,0x33,0x32,0x22,0x31,0x11,0x33,0x33,0x33,0x33,0x33,0x12,0x32,0x22,0x22,0x00,0x32,
 0x22,0x00,0x0a,0x44,0x44,0x50,0x22,0x21,0x33,0x33,0x33,0x31,0x12,0x32,0x33,0x33,0x22,0x33,0x33,0x33,0x33,0x12,0x23,0x33,
 0x00,0x00,0x00,0x00,0x00,0x00,0x00,0x55,0x32,0x59,0x90,0x00,0x00,0x02,0x20,0x00,0x02,0x32,0x00,0x00,0x10,0x23,0x36,0x31,
 0xa9,0x00,0x00,0x01,0x11,0x11,0x11,0x10,0x00,0x11,0x21,0x11,0x10,0x00,0x11,0x11,0x10,0x11,0x4a,0xa5,0x59,0xaa,0x4a,0xa5,
 0x55,0x55,0x55,0x55,0x95,0x44,0xa9,0x99,0x54,0x99,0x99,0x9a,0x44,0x44,0x44,0x55,0x55,0x55,0x5a,0x4a,0x5a,0x55,0x55,0x55,
 0x51,0x02,0x00,0x04,0xa4,0x13,0x10,0x00,0x02,0x22,0x00,0x00,0x00,0x00,0x00,0x00,0x00,0x00,0x00,0x10,0x00,0x00,0x00,0x00,
 0x09,0x4a,0x12,0x21,0x00,0x00,0x00,0x00,0x02,0x20,0x00,0x00,0x01,0x11,0x11,0x01,0x11,0x11,0x11,0x01,0x11,0x10,0x11,0x00,
 0x14,0x21,0x14,0x49,0x00,0x11,0x22,0x22,0x01,0x22,0x22,0x22,0x23,0x31,0x11,0x33,0x32,0x33,0x33,0x33,0x12,0x32,0x22,0x22,
 0x00,0x32,0x22,0x00,0x0a,0x44,0x44,0x90,0x22,0x21,0x33,0x33,0x33,0x31,0x13,0x33,0x33,0x33,0x21,0x33,0x33,0x33,0x32,0x12,
 0x23,0x33,0x00,0x00,0x00,0x00,0x00,0x00,0x20,0xa5,0x31,0xaa,0x90,0x00,0x00,0x02,0x00,0x00,0x02,0x32,0x00,0x00,0x10,0x23,
 0x46,0x31,0xa9,0x02,0x22,0x22,0x22,0x21,0x11,0x11,0x10,0x00,0x00,0x00,0x00,0x22,0x23,0xaa,0xa4,0xa5,0x55,0x55,0x55,0xaa,
 0xaa,0xa5,0x5a,0x55,0x55,0x55,0x55,0x44,0x59,0x99,0x99,0x99,0x99,0x99,0x44,0x44,0x44,0x4a,0xaa,0xaa,0xa5,0xaa,0xaa,0x55,
 0x4a,0x55,0x50,0x22,0x00,0x04,0xaa,0x23,0x10,0x03,0x03,0x22,0x00,0x00,0x00,0x00,0x00,0x22,0x00,0x00,0x00,0x21,0x00,0x00,
 0x00,0x00,0x09,0x44,0x12,0x21,0x00,0x00,0x00,0x00,0x02,0x20,0x00,0x11,0x01,0x11,0x11,0x01,0x11,0x11,0x11,0x11,0x11,0x11,
 0x11,0x00,0x14,0x21,0x24,0x44,0x00,0x01,0x22,0x22,0x01,0x22,0x22,0x22,0x33,0x31,0x13,0x33,0x32,0x23,0x33,0x33,0x12,0x22,
 0x22,0x22,0x00,0x32,0x22,0x00,0x0a,0x44,0x4a,0x90,0x22,0x21,0x33,0x33,0x33,0x31,0x13,0x33,0x33,0x33,0x21,0x33,0x33,0x23,
 0x32,0x12,0x22,0x33,0x00,0x00,0x00,0x01,0x10,0x00,0x20,0x44,0x31,0xa5,0x51,0x00,0x00,0x00,0x00,0x00,0x02,0x23,0x00,0x00,
 0x00,0x22,0x56,0x32,0xa9,0x02,0x22,0x22,0x22,0x22,0x22,0x21,0x11,0x22,0x22,0x22,0x33,0x44,0x4a,0xaa,0xaa,0x55,0xa5,0x55,
 0x5a,0xaa,0x59,0x99,0xa5,0x55,0x55,0x55,0x5a,0xa4,0x59,0x99,0x95,0x59,0x99,0x9a,0x44,0x44,0x44,0x4a,0xa5,0x5a,0xaa,0xaa,
 0x4a,0x55,0x4a,0x55,0x50,0x22,0x00,0x04,0xa0,0x33,0x10,0x03,0x04,0x22,0x00,0x03,0x30,0x00,0x00,0x42,0x00,0x00,0x00,0x21,
 0x00,0x00,0x00,0x00,0x09,0x34,0x12,0x21,0x00,0x00,0x00,0x00,0x02,0x20,0x00,0x01,0x01,0x11,0x11,0x11,0x11,0x11,0x11,0x11,
 0x11,0x11,0x11,0x00,0x14,0x21,0x34,0x34,0x00,0x01,0x22,0x22,0x11,0x22,0x22,0x32,0x22,0x21,0x13,0x33,0x33,0x33,0x33,0x32,
 0x12,0x22,0x22,0x33,0x00,0x32,0x22,0x00,0x1a,0x44,0x44,0x50,0x22,0x20,0x33,0x33,0x33,0x31,0x23,0x33,0x23,0x33,0x21,0x33,
 0x32,0x23,0x32,0x12,0x22,0x23,0x00,0x00,0x00,0x22,0x20,0x00,0x50,0x45,0x31,0xa5,0x91,0x00,0x00,0x00,0x00,0x00,0x01,0x22,
 0x00,0x00,0x00,0x22,0xa6,0x32,0xa9,0x02,0x22,0x22,0x22,0x22,0x43,0x44,0x44,0x44,0x44,0x44,0x44,0x44,0x44,0x44,0x55,0xaa,
 0xa5,0x55,0x5a,0xa5,0x55,0x95,0x55,0x55,0x55,0x55,0x54,0x44,0x99,0x99,0x99,0x99,0x99,0x95,0x44,0x44,0x34,0x45,0x55,0x55,
 0x55,0x44,0x45,0x55,0x35,0x55,0x50,0x21,0x00,0x04,0xa0,0x31,0x10,0x03,0x04,0x22,0x00,0x02,0x30,0x00,0x00,0x12,0x00,0x00,
 0x00,0x21,0x00,0x00,0x00,0x00,0x09,0x34,0x12,0x21,0x00,0x00,0x00,0x00,0x02,0x22,0x21,0x00,0x01,0x11,0x11,0x11,0x11,0x11,
 0x11,0x11,0x11,0x11,0x11,0x00,0x1a,0x22,0x43,0x35,0x00,0x11,0x22,0x22,0x12,0x22,0x33,0x32,0x22,0x21,0x13,0x33,0x33,0x33,
 0x33,0x32,0x12,0x22,0x33,0x33,0x00,0x32,0x22,0x00,0x1a,0x42,0x54,0x50,0x22,0x21,0x43,0x33,0x33,0x31,0x13,0x33,0x33,0x33,
 0x21,0x33,0x32,0x22,0x22,0x12,0x22,0x23,0x00,0x00,0x01,0x02,0x20,0x00,0x90,0x55,0x31,0xaa,0x51,0x00,0x00,0x01,0x00,0x00,
 0x00,0x12,0x00,0x00,0x00,0x22,0xa6,0x32,0xa9,0x02,0x22,0x22,0x44,0x44,0x44,0x44,0x44,0x44,0x43,0x33,0x44,0x44,0x44,0x45,
 0x55,0x5a,0x95,0x55,0x4a,0xa5,0x55,0x55,0x55,0x55,0x55,0x55,0x54,0x44,0x99,0x99,0x99,0x99,0x99,0x99,0x44,0x44,0x44,0x45,
 0x55,0x55,0x55,0x5a,0x4a,0x45,0x34,0x44,0x40,0x21,0x00,0x0a,0xa0,0x31,0x00,0x03,0x02,0x21,0x00,0x03,0x30,0x00,0x00,0x12,
 0x00,0x00,0x00,0x22,0x00,0x00,0x00,0x00,0x09,0x34,0x12,0x21,0x00,0x00,0x00,0x00,0x01,0x20,0x22,0x21,0x00,0x01,0x11,0x11,
 0x11,0x11,0x11,0x11,0x11,0x01,0x11,0x00,0x12,0x11,0x11,0x12,0x00,0x01,0x11,0x11,0x11,0x11,0x11,0x11,0x11,0x11,0x11,0x11,
 0x11,0x12,0x21,0x11,0x11,0x11,0x11,0x11,0x00,0x11,0x11,0x00,0x02,0x21,0x42,0x20,0x11,0x11,0x22,0x22,0x21,0x20,0x01,0x12,
 0x22,0x22,0x10,0x11,0x21,0x11,0x11,0x01,0x11,0x12,0x00,0x00,0x00,0x12,0x21,0x01,0x31,0x22,0x21,0x22,0x20,0x00,0x00,0x01,
 0x10,0x00,0x00,0x11,0x00,0x00,0x00,0x12,0x23,0x21,0x23,0x01,0x22,0x22,0x22,0x22,0x22,0x22,0x22,0x22,0x21,0x22,0x22,0x11,
 0x11,0x11,0x22,0x22,0x23,0x22,0x12,0x23,0x33,0x33,0x33,0x44,0x43,0x32,0x22,0x22,0x33,0x33,0x33,0x33,0x33,0x43,0x12,0x22,
 0x22,0x23,0x33,0x32,0x22,0x11,0x21,0x12,0x22,0x22,0x20,0x10,0x00,0x02,0x20,0x21,0x00,0x02,0x01,0x11,0x00,0x01,0x10,0x00,
 0x00,0x11,0x00,0x00,0x00,0x11,0x00,0x00,0x00,0x00,0x03,0x22,0x11,0x11,0x00,0x00,0x00,0x00,0x00,0x10,0x00,0x00,0x00,0x00,
 0x00,0x00,0x00,0x00,0x00,0x00,0x00,0x00,0x00,0x00,0x00,0x00,0x00,0x00,0x00,0x00,0x00,0x00,0x00,0x00,0x00,0x00,0x00,0x00,
 0x00,0x00,0x00,0x00,0x00,0x00,0x00,0x00,0x00,0x00,0x00,0x00,0x00,0x00,0x00,0x00,0x00,0x00,0x00,0x00,0x00,0x00,0x00,0x00,
 0x00,0x00,0x00,0x00,0x00,0x00,0x00,0x00,0x00,0x00,0x00,0x00,0x00,0x00,0x00,0x00,0x00,0x00,0x00,0x00,0x00,0x00,0x00,0x00,
 0x00,0x00,0x00,0x00,0x00,0x00,0x00,0x00,0x00,0x00,0x00,0x00,0x00,0x00,0x00,0x00,0x00,0x00,0x00,0x00,0x00,0x00,0x00,0x00,
 0x00,0x00,0x00,0x00,0x00,0x00,0x00,0x00,0x00,0x00,0x00,0x00,0x00,0x00,0x00,0x00,0x00,0x00,0x00,0x00,0x00,0x00,0x00,0x00,
 0x00,0x00,0x00,0x00,0x00,0x00,0x00,0x00,0x00,0x00,0x00,0x00,0x00,0x00,0x00,0x00,0x00,0x00,0x00,0x00,0x00,0x00,0x00,0x00,
 0x00,0x00,0x00,0x00,0x00,0x00,0x00,0x00,0x00,0x00,0x00,0x00,0x00,0x00,0x00,0x00,0x00,0x00,0x00,0x00,0x00,0x00,0x00,0x00,
};
