/* Generated native340x168,4bit palette indices. Source: assets/second-shift-native.png. */
static const unsigned char second_shift_pixels[28560]={
 0x01,0x00,0x00,0x22,0xa0,0x00,0x00,0x00,0x00,0x24,0x45,0x60,0x00,0x01,0x10,0x11,0x10,0x11,0x11,0x59,0x99,0x99,0x96,0x66,
 0x66,0x66,0x99,0x59,0x55,0x10,0x44,0x00,0x22,0x22,0x01,0x10,0x32,0x23,0x22,0x00,0x11,0x02,0x22,0x44,0x33,0x34,0x44,0x44,
 0x20,0x11,0x21,0x11,0x11,0x11,0x01,0x11,0x11,0x11,0x11,0x01,0x11,0x11,0x11,0x11,0x11,0x11,0x11,0x11,0x11,0x00,0x11,0x11,
 0x01,0x11,0x01,0x11,0x01,0x00,0x11,0x10,0x21,0x11,0x04,0x33,0x11,0x13,0x41,0x22,0x22,0x20,0x33,0x33,0x33,0x24,0x02,0x22,
 0x22,0x22,0x24,0x43,0x21,0x34,0x12,0x22,0x22,0x34,0x14,0x44,0x31,0x11,0x11,0x10,0x22,0x23,0x30,0x04,0x44,0x44,0x33,0x31,
 0x21,0x11,0x11,0x11,0x11,0x11,0x11,0x21,0x22,0x11,0x11,0x11,0x11,0x11,0x11,0x11,0x11,0x11,0x11,0x11,0x11,0x11,0x11,0x21,
 0x21,0x11,0x11,0x11,0x11,0x11,0x11,0x12,0x11,0x10,0x10,0x21,0x11,0x22,0x22,0x04,0x01,0x11,0x11,0x11,0x11,0x11,0x41,0x14,
 0x41,0x11,0x11,0x00,0x00,0x00,0x40,0x00,0x00,0x00,0x00,0x10,0x01,0x20,0x00,0x01,0x11,0x11,0x21,0x55,0x55,0x55,0x99,0x55,
 0x99,0x66,0x66,0x66,0x99,0x99,0x99,0x55,0x91,0x40,0x22,0x22,0x01,0x10,0x32,0x33,0x20,0x21,0x02,0x22,0x22,0x23,0x22,0x23,
 0x44,0x44,0x44,0x41,0x11,0x11,0x11,0x11,0x11,0x11,0x11,0x11,0x11,0x11,0x11,0x11,0x11,0x11,0x11,0x11,0x11,0x11,0x11,0x00,
 0x11,0x11,0x01,0x11,0x01,0x11,0x01,0x00,0x11,0x10,0x21,0x11,0x04,0x33,0x12,0x13,0x51,0x22,0x22,0x20,0x23,0x33,0x11,0x14,
 0x11,0x22,0x22,0x21,0x24,0x33,0x11,0x34,0x12,0x22,0x22,0x22,0x21,0x11,0x11,0x12,0x11,0x10,0x22,0x22,0x30,0x02,0x22,0x22,
 0x11,0x11,0x11,0x11,0x11,0x11,0x11,0x11,0x11,0x11,0x11,0x21,0x11,0x11,0x11,0x11,0x11,0x11,0x11,0x11,0x11,0x11,0x11,0x11,
 0x11,0x11,0x11,0x11,0x11,0x11,0x11,0x11,0x11,0x12,0x11,0x10,0x10,0x22,0x22,0x22,0x22,0x04,0x02,0x11,0x11,0x11,0x11,0x11,
 0x41,0x14,0x41,0x11,0x00,0x00,0x00,0x01,0x40,0x00,0x00,0x00,0x00,0x00,0x22,0x50,0x00,0x01,0x11,0x11,0x11,0x45,0x55,0x55,
 0x55,0x55,0x99,0x96,0x66,0x69,0x99,0x99,0x59,0x55,0x55,0x50,0x22,0x21,0x01,0x10,0x32,0x22,0x02,0x21,0x12,0x22,0x42,0x23,
 0x33,0x33,0x44,0x44,0x44,0x44,0x11,0x10,0x00,0x11,0x00,0x00,0x00,0x01,0x11,0x00,0x11,0x11,0x01,0x11,0x01,0x11,0x11,0x11,
 0x01,0x00,0x00,0x10,0x01,0x11,0x01,0x11,0x01,0x11,0x11,0x10,0x11,0x11,0x04,0x43,0x12,0x13,0x51,0x22,0x22,0x20,0x23,0x33,
 0x12,0x14,0x12,0x22,0x22,0x20,0x23,0x33,0x11,0x25,0x13,0x22,0x21,0x11,0x11,0x11,0x11,0x12,0x11,0x10,0x22,0x22,0x31,0x01,
 0x11,0x31,0x11,0x11,0x11,0x11,0x11,0x11,0x12,0x11,0x11,0x11,0x11,0x11,0x11,0x11,0x11,0x11,0x11,0x11,0x11,0x11,0x11,0x11,
 0x11,0x21,0x21,0x11,0x11,0x11,0x11,0x11,0x11,0x11,0x11,0x12,0x11,0x10,0x20,0x22,0x22,0x22,0x22,0x04,0x02,0x21,0x11,0x11,
 0x11,0x12,0x41,0x14,0x41,0x11,0x03,0x00,0x00,0x02,0xa0,0x00,0x00,0x00,0x00,0x20,0x22,0x50,0x00,0x01,0x11,0x11,0x11,0x14,
 0x99,0x99,0x95,0x59,0x99,0x99,0x69,0x99,0x99,0x99,0x55,0x99,0x94,0x10,0x22,0x21,0x02,0x11,0x32,0x20,0x11,0x01,0x12,0x24,
 0x21,0x22,0x33,0x33,0x22,0x45,0x44,0x24,0x10,0x00,0x00,0x00,0x00,0x00,0x00,0x00,0x00,0x00,0x00,0x00,0x00,0x00,0x00,0x00,
 0x00,0x00,0x00,0x00,0x01,0x00,0x00,0x00,0x01,0x11,0x01,0x10,0x11,0x10,0x11,0x11,0x04,0x43,0x11,0x23,0x51,0x22,0x12,0x10,
 0x13,0x23,0x11,0x24,0x02,0x23,0x21,0x10,0x14,0x13,0x11,0x24,0x22,0x21,0x11,0x11,0x11,0x11,0x11,0x11,0x01,0x10,0x22,0x22,
 0x31,0x01,0x11,0x11,0x11,0x11,0x11,0x11,0x21,0x11,0x21,0x23,0x11,0x11,0x21,0x21,0x22,0x22,0x22,0x21,0x32,0x32,0x33,0x33,
 0x32,0x33,0x22,0x22,0x11,0x11,0x11,0x11,0x11,0x11,0x11,0x21,0x11,0x11,0x11,0x10,0x20,0x22,0x12,0x22,0x22,0x01,0x02,0x21,
 0x11,0x11,0x11,0x11,0x41,0x14,0x41,0x11,0x03,0x00,0x00,0x02,0xa0,0x00,0x00,0x00,0x00,0x10,0x22,0x50,0x00,0x02,0x21,0x11,
 0x11,0x11,0x11,0x14,0x99,0x99,0x99,0x96,0x66,0x69,0x99,0x99,0x99,0x94,0x30,0x00,0x22,0x21,0x01,0x11,0x32,0x11,0x10,0x01,
 0x22,0x22,0x21,0x22,0x23,0x43,0x24,0x45,0x54,0x22,0x40,0x11,0x11,0x11,0x11,0x11,0x11,0x11,0x11,0x11,0x11,0x11,0x11,0x11,
 0x11,0x11,0x11,0x21,0x11,0x11,0x21,0x11,0x12,0x24,0x10,0x01,0x01,0x00,0x00,0x00,0x11,0x11,0x04,0x33,0x11,0x13,0x41,0x11,
 0x12,0x10,0x13,0x33,0x22,0x24,0x01,0x11,0x11,0x10,0x23,0x44,0x11,0x34,0x11,0x11,0x11,0x11,0x11,0x11,0x11,0x11,0x01,0x10,
 0x22,0x22,0x31,0x01,0x11,0x21,0x11,0x11,0x11,0x11,0x11,0x11,0x11,0x11,0x11,0x11,0x11,0x11,0x11,0x11,0x11,0x11,0x11,0x11,
 0x11,0x11,0x11,0x11,0x11,0x11,0x11,0x11,0x11,0x22,0x21,0x23,0x22,0x33,0x32,0x13,0x21,0x00,0x11,0x33,0x22,0x33,0x32,0x02,
 0x01,0x21,0x11,0x11,0x21,0x11,0x41,0x14,0x41,0x11,0x03,0x20,0x02,0x02,0xa0,0x00,0x00,0x00,0x00,0x20,0x12,0x50,0x00,0x01,
 0x10,0x01,0x11,0x11,0x11,0x11,0x11,0x12,0xaa,0xa9,0x66,0x65,0xa4,0x44,0x20,0x00,0x00,0x00,0x22,0x31,0x01,0x11,0x31,0x21,
 0x00,0x11,0x22,0x22,0x11,0x34,0x33,0x43,0x44,0x4a,0x54,0x42,0x44,0x11,0x11,0x11,0x11,0x11,0x12,0x11,0x32,0x21,0x22,0x21,
 0x22,0x22,0x21,0x12,0x22,0x22,0x22,0x21,0x20,0x21,0x12,0x22,0x42,0x10,0x01,0x00,0x00,0x00,0x11,0x11,0x04,0x33,0x11,0x13,
 0x51,0x11,0x11,0x10,0x13,0x33,0x11,0x14,0x11,0x11,0x11,0x10,0x23,0x94,0x11,0x24,0x11,0x11,0x11,0x11,0x11,0x01,0x22,0x01,
 0x01,0x10,0x22,0x12,0x30,0x01,0x11,0x11,0x12,0x12,0x22,0x22,0x22,0x11,0x22,0x11,0x11,0x11,0x11,0x12,0x11,0x11,0x11,0x22,
 0x22,0x22,0x22,0x22,0x22,0x22,0x22,0x23,0x33,0x33,0x23,0x33,0x32,0x23,0x12,0x11,0x12,0x22,0x11,0x10,0x11,0x22,0x32,0x22,
 0x22,0x02,0x02,0x11,0x21,0x22,0x21,0x11,0x41,0x14,0x41,0x11,0x13,0x21,0x12,0x12,0x41,0x00,0x00,0x00,0x11,0x21,0x22,0x40,
 0x00,0x02,0x20,0x00,0x01,0x11,0x11,0x11,0x11,0x11,0x21,0x10,0x11,0x11,0x11,0x00,0x11,0x10,0x00,0x00,0x22,0x21,0x01,0x11,
 0x40,0x21,0x00,0x12,0x22,0x22,0x22,0x44,0x44,0x22,0x34,0x44,0x44,0x42,0x24,0x41,0x11,0x11,0x11,0x11,0x11,0x11,0x11,0x11,
 0x21,0x11,0x11,0x11,0x11,0x11,0x11,0x11,0x11,0x11,0x10,0x11,0x11,0x15,0x52,0x10,0x01,0x10,0x00,0x00,0x11,0x01,0x04,0x23,
 0x11,0x13,0x51,0x11,0x10,0x10,0x12,0x22,0x11,0x13,0x11,0x11,0x11,0x10,0x23,0x93,0x11,0x24,0x11,0x11,0x11,0x11,0x11,0x22,
 0x21,0x11,0x01,0x10,0x22,0x22,0x31,0x02,0x22,0x21,0x22,0x22,0x21,0x11,0x11,0x11,0x11,0x12,0x12,0x22,0x22,0x22,0x22,0x22,
 0x22,0x22,0x33,0x33,0x33,0x33,0x33,0x33,0x23,0x33,0x33,0x33,0x33,0x33,0x37,0x77,0x77,0x77,0x73,0x33,0x21,0x10,0x11,0x22,
 0x22,0x22,0x22,0x03,0x02,0x12,0x22,0x22,0x22,0x21,0x41,0x14,0x31,0x11,0x13,0x01,0x21,0x12,0x44,0x10,0x00,0x01,0x22,0x22,
 0x22,0x23,0x00,0x03,0x30,0x21,0x21,0x11,0x11,0x11,0x11,0x11,0x11,0x10,0x22,0x22,0x02,0x20,0x11,0x00,0x00,0x00,0x22,0x21,
 0x01,0x11,0x02,0x10,0x12,0x22,0x24,0x41,0x12,0x22,0x22,0x11,0x11,0x44,0x55,0x44,0x44,0x42,0x00,0x00,0x00,0x00,0x00,0x00,
 0x00,0x00,0x10,0x00,0x00,0x00,0x00,0x00,0x00,0x01,0x00,0x00,0x00,0x00,0x00,0x12,0x33,0x20,0x01,0x10,0x11,0x10,0x11,0x02,
 0x03,0x11,0x53,0x21,0x51,0x11,0x11,0x11,0x13,0x37,0x21,0x23,0x12,0x22,0x22,0x10,0x23,0x32,0x11,0x23,0x11,0x12,0x22,0x22,
 0x22,0x22,0x21,0x01,0x00,0x10,0x22,0x22,0x31,0x12,0x22,0x22,0x22,0x22,0x22,0x22,0x22,0x22,0x33,0x22,0x23,0x22,0x33,0x33,
 0x33,0x33,0x33,0x33,0x22,0x22,0x32,0x11,0x22,0x11,0x22,0x22,0x22,0x22,0x26,0x66,0x66,0x66,0x66,0x66,0x66,0x66,0x21,0x10,
 0x21,0x66,0x77,0x73,0x22,0x03,0x02,0x22,0x22,0x22,0x22,0x22,0x41,0x15,0x31,0x11,0x12,0x22,0x01,0x24,0x4a,0xa0,0x00,0x32,
 0x22,0x33,0x22,0x33,0x30,0x03,0x30,0x22,0x32,0x21,0x00,0x10,0x10,0x00,0x01,0x10,0x22,0x22,0x03,0x33,0x31,0x10,0x01,0x00,
 0x22,0x31,0x01,0x10,0x11,0x11,0x11,0x00,0x04,0x99,0x66,0x66,0x66,0x66,0x55,0x54,0x21,0x01,0x44,0x44,0x00,0x00,0x00,0x00,
 0x00,0x00,0x00,0x00,0x00,0x00,0x10,0x10,0x00,0x00,0x00,0x00,0x00,0x00,0x00,0x00,0x01,0x12,0x22,0x20,0x11,0x11,0x21,0x10,
 0x11,0x12,0x03,0x11,0xa3,0x33,0x11,0x22,0x22,0x21,0x12,0x33,0x21,0x23,0x21,0x22,0x22,0x20,0x24,0x43,0x22,0x23,0x12,0x22,
 0x22,0x22,0x22,0x22,0x12,0x01,0x01,0x20,0x23,0x22,0x31,0x21,0x23,0x22,0x23,0x32,0x32,0x33,0x43,0x22,0x33,0x33,0x33,0x33,
 0x21,0x22,0x22,0x22,0x22,0x22,0x22,0x22,0x22,0x11,0x11,0x12,0x22,0x22,0x22,0x76,0x66,0x66,0x66,0x66,0x66,0x66,0x77,0x77,
 0x11,0x11,0x21,0x77,0x77,0x73,0x22,0x03,0x02,0x22,0x22,0x22,0x22,0x22,0x34,0x12,0x21,0x11,0x12,0x11,0x02,0x24,0x44,0xa0,
 0x00,0x22,0x22,0x67,0x21,0x23,0x23,0x03,0x40,0x22,0x21,0x11,0x10,0x10,0x00,0x11,0x11,0x10,0x12,0x12,0x03,0x33,0x33,0x40,
 0x01,0x00,0x22,0x31,0x01,0x10,0x41,0x11,0x15,0x99,0x99,0x99,0x66,0x66,0x66,0x66,0x99,0x99,0x99,0x94,0x01,0x14,0x10,0x00,
 0x10,0x11,0x11,0x11,0x01,0x11,0x01,0x11,0x11,0x11,0x11,0x11,0x11,0x11,0x11,0x11,0x11,0x10,0x01,0x22,0x22,0x10,0x21,0x11,
 0x11,0x10,0x11,0x12,0x03,0x11,0xa3,0x23,0x52,0x22,0x22,0x21,0x18,0x22,0x22,0x13,0x12,0x22,0x22,0x20,0x25,0x94,0x11,0x24,
 0x02,0x22,0x22,0x22,0x22,0x22,0x14,0x01,0x01,0x10,0x23,0x23,0x31,0x22,0x32,0x22,0x22,0x23,0x33,0x32,0x33,0x32,0x33,0x22,
 0x22,0x22,0x22,0x22,0x22,0x22,0x22,0x22,0x22,0x22,0x22,0x22,0x22,0x22,0x22,0x22,0x26,0x66,0x66,0x66,0x66,0x66,0x66,0x67,
 0x77,0x77,0x11,0x21,0x21,0x77,0x77,0x73,0x32,0x02,0x02,0x22,0x22,0x22,0x22,0x22,0x54,0x11,0x31,0x11,0x01,0x11,0x11,0x14,
 0x44,0xa4,0x03,0x11,0x02,0x32,0x22,0x23,0x63,0x14,0x40,0x23,0x31,0x21,0x12,0x21,0x11,0x11,0x11,0x10,0x31,0x23,0x13,0x32,
 0x33,0x40,0x11,0x00,0x22,0x31,0x01,0x10,0x14,0x99,0x95,0x99,0x99,0x99,0x96,0x66,0x66,0x66,0x99,0x99,0x99,0x99,0x99,0x94,
 0x10,0x22,0x22,0x22,0x22,0x23,0x22,0x23,0x32,0x22,0x22,0x22,0x22,0x22,0x33,0x22,0x33,0x22,0x22,0x22,0x10,0x00,0x11,0x11,
 0x21,0x21,0x22,0x20,0x11,0x02,0x03,0x12,0x53,0x33,0x42,0x22,0x22,0x21,0x12,0x33,0x22,0x23,0x11,0x22,0x22,0x20,0x25,0x93,
 0x22,0x34,0x11,0x12,0x22,0x23,0x32,0x22,0x23,0x01,0x01,0x10,0x22,0x22,0x31,0x13,0x39,0x22,0x27,0x22,0x22,0x22,0x22,0x22,
 0x22,0x22,0x22,0x22,0x22,0x22,0x22,0x22,0x22,0x22,0x22,0x22,0x22,0x22,0x22,0x22,0x22,0x26,0x66,0x66,0x66,0x66,0x66,0x66,
 0x67,0x77,0x77,0x77,0x11,0x11,0x11,0x77,0x77,0x73,0x22,0x01,0x02,0x22,0x22,0x22,0x22,0x24,0x44,0x14,0x31,0x11,0x04,0x10,
 0x11,0x01,0x22,0xa4,0x03,0x11,0x02,0x32,0x22,0x12,0x62,0x52,0x40,0x33,0x33,0x32,0x11,0x21,0x11,0x11,0x11,0x10,0x33,0x32,
 0x03,0x33,0x33,0x40,0x11,0x00,0x33,0x31,0x01,0x11,0x99,0x99,0x99,0x99,0x99,0x99,0x96,0x66,0x66,0x69,0x99,0x99,0x99,0x99,
 0x99,0x95,0x50,0x01,0x11,0x11,0x11,0x11,0x11,0x11,0x11,0x11,0x00,0x11,0x00,0x11,0x23,0x22,0x33,0x33,0x32,0x23,0x20,0x21,
 0x31,0x12,0x21,0x21,0x22,0x20,0x11,0x12,0x03,0x22,0x53,0x33,0x51,0x22,0x22,0x22,0x22,0x33,0x22,0x24,0x11,0x11,0x22,0x22,
 0x25,0x34,0x42,0x35,0x12,0x22,0x22,0x22,0x21,0x12,0x21,0x01,0x11,0x10,0x22,0x22,0x31,0x22,0x22,0x22,0x22,0x22,0x22,0x22,
 0x22,0x22,0x22,0x22,0x22,0x22,0x22,0x22,0x22,0x22,0x22,0x22,0x22,0x22,0x22,0x22,0x22,0x22,0x23,0x66,0x66,0x66,0x66,0x66,
 0x66,0x67,0x77,0x77,0x77,0x77,0x21,0x11,0x11,0x73,0x77,0x73,0x22,0x01,0x02,0x22,0x22,0x22,0x24,0x44,0x42,0x11,0x31,0x11,
 0x14,0x10,0x11,0x13,0x33,0x14,0x03,0x11,0x12,0x33,0x21,0x12,0x22,0x51,0x40,0x33,0x33,0x32,0x11,0x11,0x11,0x11,0x11,0x10,
 0x43,0x22,0x03,0x33,0x33,0x40,0x11,0x00,0x33,0x31,0x01,0x11,0xa9,0x99,0x99,0x99,0x99,0x99,0x99,0x66,0x66,0x99,0x99,0x99,
 0x99,0x99,0x99,0x95,0xa1,0x04,0x33,0x33,0x33,0x33,0x33,0x33,0x44,0x33,0x44,0x44,0x44,0x43,0x21,0x12,0x22,0x33,0x23,0x23,
 0x32,0x00,0x00,0x33,0x31,0x21,0x32,0x30,0x21,0x12,0x03,0x12,0x53,0x33,0x51,0x22,0x32,0x22,0x23,0x33,0x22,0x24,0x22,0x12,
 0x22,0x22,0x24,0x45,0x12,0x4a,0x13,0x22,0x22,0x22,0x22,0x22,0x21,0x01,0x11,0x20,0x32,0x23,0x11,0x22,0x22,0x22,0x22,0x22,
 0x22,0x22,0x22,0x22,0x22,0x22,0x22,0x22,0x22,0x22,0x22,0x22,0x22,0x22,0x22,0x22,0x22,0x22,0x22,0x23,0x66,0x66,0x66,0x66,
 0x66,0x66,0x66,0x77,0x77,0x77,0x77,0x77,0x21,0x11,0x11,0x77,0x77,0x73,0x22,0x02,0x02,0x22,0x22,0x22,0x34,0x44,0x43,0x11,
 0x31,0x11,0x14,0x10,0x22,0x13,0x55,0x65,0x03,0x10,0x02,0x32,0x21,0x12,0x62,0x51,0x40,0x40,0x01,0x00,0x11,0x21,0x11,0x11,
 0x11,0x10,0x43,0x32,0x04,0x33,0x34,0x40,0x11,0x00,0x22,0x31,0x01,0x10,0x31,0xa9,0x99,0x69,0x99,0x99,0x99,0x99,0x99,0x99,
 0x99,0x99,0x99,0x99,0x95,0xa0,0x00,0x13,0x22,0x22,0x22,0x22,0x22,0x22,0x22,0x22,0x22,0x22,0x22,0x23,0x33,0x33,0x33,0x21,
 0x11,0x11,0x22,0x22,0x22,0x22,0x32,0x21,0x33,0x30,0x11,0x01,0x03,0x12,0x53,0x33,0x52,0x22,0x22,0x22,0x22,0x22,0x22,0x14,
 0x22,0x22,0x22,0x33,0x11,0x42,0x33,0x31,0x22,0x22,0x22,0x22,0x22,0x22,0x22,0x01,0x01,0x10,0x21,0x11,0x22,0x22,0x22,0x22,
 0x22,0x22,0x22,0x22,0x22,0x22,0x22,0x22,0x22,0x22,0x22,0x22,0x22,0x22,0x22,0x22,0x22,0x22,0x22,0x22,0x22,0x26,0x66,0x66,
 0x66,0x66,0x66,0x67,0x77,0x77,0x77,0x77,0x77,0x76,0x21,0x11,0x11,0x77,0x77,0x73,0x22,0x01,0x02,0x22,0x22,0x22,0x43,0x33,
 0x42,0x11,0x31,0x11,0x14,0x10,0x22,0x13,0x22,0x54,0x03,0x00,0x02,0x33,0x22,0x23,0x32,0x51,0x40,0x00,0x41,0x39,0x01,0x21,
 0x11,0x11,0x11,0x10,0xa3,0x22,0x04,0x33,0x34,0x40,0x11,0x00,0x22,0x31,0x11,0x10,0x33,0x32,0x44,0x49,0x99,0x99,0x99,0x99,
 0x99,0x99,0x99,0x99,0x99,0x44,0x32,0x30,0x00,0x13,0x10,0x01,0x11,0x11,0x10,0x11,0x11,0x11,0x00,0x01,0x10,0x00,0x00,0x22,
 0x22,0x33,0x43,0x33,0x21,0x11,0x21,0x23,0x21,0x11,0x32,0x20,0x11,0x22,0x03,0x12,0x53,0x33,0x52,0x22,0x22,0x11,0x22,0x25,
 0x22,0x22,0x15,0x55,0x23,0x32,0x21,0x13,0x43,0x12,0x22,0x22,0x22,0x22,0x22,0x22,0x22,0x01,0x12,0x10,0x13,0x52,0x22,0x22,
 0x22,0x22,0x22,0x22,0x22,0x22,0x22,0x22,0x22,0x22,0x22,0x22,0x22,0x22,0x22,0x22,0x32,0x22,0x22,0x22,0x22,0x22,0x27,0x66,
 0x66,0x66,0x66,0x66,0x66,0x66,0x77,0x77,0x77,0x77,0x77,0x77,0x11,0x11,0x11,0x77,0x77,0x73,0x73,0x02,0x02,0x22,0x22,0x22,
 0x33,0x33,0x42,0x11,0x41,0x11,0x14,0x10,0x22,0x13,0x55,0x94,0x02,0x10,0x11,0x73,0x44,0x49,0x64,0x41,0x40,0x00,0x01,0x29,
 0x01,0x21,0x11,0x11,0x11,0x11,0x44,0x43,0x14,0x33,0x34,0x40,0x11,0x00,0x22,0x31,0x11,0x10,0x33,0x33,0x31,0x54,0x44,0x59,
 0x99,0x99,0x99,0x99,0x55,0x5a,0x44,0x41,0x22,0x30,0x00,0x13,0x01,0x11,0x11,0x11,0x11,0x11,0x11,0x11,0x11,0x11,0x11,0x11,
 0x11,0x00,0x00,0x00,0x02,0x22,0x33,0x33,0x44,0x10,0x00,0x11,0x12,0x20,0x11,0x12,0x03,0x22,0x53,0x33,0x52,0x22,0x22,0x23,
 0x33,0x33,0x22,0x22,0x92,0x21,0x22,0x22,0x22,0x22,0x22,0x22,0x22,0x22,0x22,0x22,0x22,0x22,0x22,0x01,0x12,0x10,0x13,0x42,
 0x22,0x22,0x32,0x22,0x22,0x22,0x22,0x22,0x22,0x22,0x22,0x22,0x22,0x22,0x22,0x22,0x22,0x22,0x22,0x22,0x22,0x22,0x22,0x22,
 0x36,0x66,0x66,0x66,0x66,0x66,0x66,0x77,0x77,0x77,0x77,0x77,0x77,0x77,0x11,0x11,0x21,0x77,0x77,0x73,0x22,0x02,0x02,0x22,
 0x22,0x23,0x33,0x33,0x42,0x11,0x41,0x11,0x1a,0x10,0x11,0x13,0x33,0x9a,0x03,0x10,0x11,0x75,0x43,0x49,0x69,0x91,0x20,0x00,
 0x00,0x12,0x10,0x11,0x11,0x11,0x11,0x11,0x44,0x43,0x1a,0x34,0x34,0x40,0x11,0x00,0x22,0x31,0x11,0x10,0x33,0x33,0x31,0x55,
 0x55,0x55,0x54,0x44,0x44,0x44,0x44,0x44,0x45,0x55,0x13,0x30,0x00,0x13,0x01,0x11,0x11,0x11,0x11,0x11,0x11,0x11,0x11,0x11,
 0x11,0x11,0x11,0x11,0x11,0x11,0x11,0x11,0x10,0x01,0x22,0x23,0x33,0x33,0x30,0x20,0x11,0x22,0x03,0x22,0x53,0x33,0x51,0x22,
 0x22,0x24,0x32,0x24,0x22,0x23,0x91,0x22,0x22,0x22,0x22,0x22,0x22,0x22,0x22,0x22,0x22,0x22,0x22,0x22,0x22,0x01,0x12,0x10,
 0x13,0x43,0x22,0x22,0x22,0x22,0x22,0x22,0x22,0x22,0x22,0x22,0x22,0x22,0x22,0x22,0x22,0x22,0x22,0x22,0x22,0x22,0x22,0x22,
 0x22,0x23,0x66,0x66,0x66,0x66,0x66,0x66,0x67,0x77,0x76,0x67,0x77,0x77,0x77,0x76,0x11,0x11,0x11,0x76,0x77,0x73,0x22,0x02,
 0x02,0x22,0x22,0x23,0x33,0x23,0x42,0x11,0x41,0x11,0x12,0x00,0x11,0x03,0x33,0x9a,0x03,0x10,0x12,0x75,0x33,0x49,0x65,0x90,
 0x03,0x33,0x22,0x35,0x65,0x41,0x01,0x11,0x11,0x11,0x54,0x44,0x14,0x33,0x34,0x41,0x11,0x00,0x32,0x30,0x11,0x10,0x43,0x32,
 0x21,0x54,0x55,0x55,0x44,0x44,0x44,0x44,0x44,0x44,0x44,0x42,0x23,0x30,0x00,0x12,0x01,0x07,0x31,0x33,0x03,0x31,0x12,0x12,
 0x21,0x11,0x11,0x11,0x11,0x11,0x11,0x11,0x11,0x11,0x11,0x11,0x11,0x11,0x11,0x11,0x23,0x10,0x11,0x22,0x03,0x22,0x53,0x33,
 0x52,0x22,0x22,0x24,0x32,0x24,0x22,0x23,0x91,0x22,0x22,0x22,0x22,0x22,0x22,0x22,0x22,0x22,0x22,0x22,0x22,0x22,0x22,0x01,
 0x12,0x10,0x23,0x42,0x22,0x22,0x22,0x22,0x22,0x22,0x22,0x22,0x22,0x22,0x22,0x22,0x22,0x22,0x22,0x22,0x22,0x22,0x22,0x22,
 0x22,0x22,0x23,0x66,0x66,0x66,0x66,0x66,0x66,0x66,0x76,0x66,0x77,0x77,0x77,0x77,0x66,0x67,0x11,0x12,0x11,0x67,0x77,0x73,
 0x37,0x01,0x02,0x22,0x23,0x22,0x22,0x22,0x44,0x10,0x44,0x40,0x14,0x00,0x11,0x11,0x45,0x9a,0x03,0x11,0x12,0x75,0x33,0x49,
 0x65,0x91,0x33,0x31,0x01,0x11,0x30,0x90,0x11,0x52,0x11,0x11,0x54,0x44,0x15,0x44,0x34,0x40,0x11,0x00,0x32,0x41,0x11,0x10,
 0x43,0x22,0x31,0x54,0x55,0x44,0x44,0x44,0x44,0x44,0x44,0x45,0x55,0x45,0x23,0x30,0x00,0x12,0x01,0x07,0x10,0x71,0x16,0x32,
 0x77,0x07,0x33,0x77,0x37,0x03,0x77,0x27,0x73,0x36,0x11,0x11,0x11,0x11,0x11,0x11,0x11,0x10,0x23,0x10,0x11,0x22,0x03,0x22,
 0x53,0x33,0x51,0x22,0x22,0x14,0x32,0x73,0x22,0x23,0x91,0x22,0x22,0x22,0x22,0x22,0x22,0x22,0x22,0x22,0x22,0x22,0x22,0x22,
 0x22,0x01,0x12,0x10,0x23,0x42,0x22,0x22,0x22,0x22,0x22,0x22,0x22,0x22,0x22,0x22,0x22,0x22,0x22,0x22,0x22,0x22,0x22,0x22,
 0x22,0x22,0x22,0x22,0x26,0x66,0x66,0x66,0x66,0x66,0x66,0x66,0x66,0x67,0x77,0x77,0x77,0x76,0x66,0x77,0x11,0x11,0x11,0x77,
 0x37,0x73,0x37,0x01,0x02,0x22,0x23,0x12,0x22,0x22,0x41,0x04,0x44,0x40,0x14,0x00,0x11,0x14,0x11,0x51,0x03,0x21,0x12,0x35,
 0x33,0x45,0x65,0x50,0x03,0x00,0x22,0x25,0x92,0x20,0x11,0x11,0x11,0x11,0x54,0x44,0x15,0x44,0x34,0x40,0x11,0x00,0x32,0x31,
 0x11,0x10,0x42,0x33,0x31,0x54,0x44,0x44,0x55,0x45,0x44,0x44,0x44,0x44,0x54,0x55,0x22,0x30,0x00,0x12,0x11,0x07,0x21,0x73,
 0x17,0x32,0x71,0x17,0x12,0x07,0x17,0x03,0x70,0x36,0x01,0x70,0x11,0x11,0x11,0x11,0x11,0x11,0x11,0x10,0x23,0x10,0x21,0x22,
 0x03,0x12,0x53,0x33,0x51,0x21,0x21,0x24,0x32,0x25,0x22,0x23,0x91,0x22,0x22,0x22,0x22,0x22,0x22,0x22,0x22,0x22,0x22,0x22,
 0x22,0x22,0x22,0x11,0x12,0x20,0x23,0x42,0x11,0x23,0x22,0x22,0x22,0x22,0x22,0x22,0x22,0x22,0x22,0x22,0x22,0x22,0x22,0x22,
 0x22,0x22,0x22,0x22,0x22,0x22,0x36,0x66,0x66,0x66,0x66,0x67,0x76,0x66,0x77,0x77,0x77,0x77,0x77,0x66,0x77,0x77,0x11,0x13,
 0x11,0x77,0x77,0x73,0x31,0x02,0x02,0x22,0x23,0x22,0x22,0x22,0x44,0x44,0x44,0x40,0x14,0x10,0x11,0x14,0x4a,0x94,0x03,0x11,
 0x22,0x37,0x32,0x49,0x66,0x91,0x13,0x30,0x22,0x25,0x69,0xa0,0x01,0x11,0x11,0x11,0x54,0x44,0x0a,0xa4,0x44,0x41,0x11,0x11,
 0x32,0x41,0x11,0x10,0x42,0x33,0x31,0x54,0x44,0x44,0x45,0x55,0x44,0x44,0x44,0x44,0x45,0x55,0x23,0x30,0x00,0x13,0x11,0x07,
 0x21,0x71,0x07,0x01,0x72,0x17,0x02,0x07,0x17,0x03,0x71,0x36,0x01,0x00,0x31,0x11,0x11,0x11,0x11,0x11,0x11,0x10,0x22,0x10,
 0x21,0x22,0x03,0x12,0x52,0x33,0x22,0x22,0x21,0x14,0x37,0x75,0x22,0x33,0x91,0x22,0x22,0x22,0x22,0x22,0x22,0x22,0x22,0x22,
 0x22,0x22,0x61,0x22,0x22,0x01,0x12,0x20,0x23,0x42,0x11,0x52,0x22,0x22,0x22,0x26,0x22,0x22,0x22,0x22,0x22,0x22,0x22,0x62,
 0x22,0x22,0x22,0x22,0x22,0x22,0x22,0x23,0x66,0x66,0x66,0x66,0x66,0x77,0x66,0x66,0x77,0x77,0x77,0x77,0x66,0x67,0x77,0x77,
 0x11,0x12,0x11,0x77,0x77,0x73,0x21,0x62,0x10,0x22,0x23,0x22,0x32,0x22,0x44,0x44,0x44,0x40,0x10,0x00,0x11,0x12,0x4a,0x54,
 0x03,0x11,0x22,0x77,0x33,0x46,0x65,0x91,0x13,0x30,0x22,0x25,0x65,0x50,0x12,0x54,0x11,0x11,0x54,0x4a,0xaa,0x11,0x11,0x41,
 0x11,0x10,0x33,0x41,0x11,0x10,0x43,0x23,0x31,0x54,0x44,0x44,0x45,0x44,0x44,0x44,0x54,0x44,0x44,0x54,0x23,0x30,0x00,0x12,
 0x11,0x07,0x30,0x72,0x07,0x11,0x70,0x26,0x02,0x07,0x17,0x07,0x60,0x76,0x00,0x30,0x31,0x11,0x11,0x11,0x11,0x11,0x11,0x10,
 0x24,0x10,0x21,0x22,0x03,0x12,0x53,0x23,0x35,0x22,0x11,0x14,0x42,0x25,0x22,0x13,0x91,0x22,0x22,0x21,0x22,0x22,0x22,0x22,
 0x22,0x22,0x22,0x22,0x22,0x22,0x22,0x11,0x12,0x10,0x23,0x52,0x22,0x22,0x22,0x22,0x22,0x12,0x22,0x22,0x22,0x22,0x22,0x22,
 0x22,0x22,0x22,0x22,0x22,0x22,0x22,0x22,0x22,0x36,0x66,0x66,0x66,0x66,0x66,0x66,0x66,0x67,0x77,0x77,0x77,0x76,0x67,0x77,
 0x77,0x77,0x11,0x12,0x11,0x77,0x77,0x73,0x13,0x31,0x11,0x02,0x22,0x22,0x22,0x33,0x44,0x44,0x44,0x40,0x04,0x44,0xa4,0x40,
 0x04,0x51,0x01,0x11,0x12,0x33,0x44,0x49,0x65,0x90,0x03,0x30,0x22,0x25,0x69,0x50,0x21,0x24,0x11,0x11,0xa2,0x10,0x12,0x51,
 0x12,0x44,0x14,0x21,0x33,0x31,0x11,0x10,0x53,0x32,0x21,0x54,0x55,0x55,0x23,0x31,0x41,0x42,0x35,0x54,0x44,0x44,0x23,0x30,
 0x00,0x13,0x11,0x10,0x00,0x00,0x10,0x11,0x01,0x10,0x10,0x10,0x11,0x01,0x11,0x10,0x00,0x11,0x11,0x11,0x11,0x11,0x11,0x11,
 0x11,0x10,0x23,0x10,0x21,0x22,0x03,0x22,0x53,0x23,0x33,0x31,0x11,0x14,0x32,0x25,0x22,0x23,0x51,0x22,0x22,0x22,0x22,0x22,
 0x22,0x22,0x22,0x22,0x22,0x22,0x22,0x22,0x22,0x11,0x12,0x10,0x23,0x32,0x22,0x22,0x22,0x22,0x22,0x22,0x22,0x22,0x22,0x22,
 0x22,0x22,0x22,0x22,0x22,0x22,0x22,0x22,0x22,0x22,0x22,0x66,0x66,0x66,0x66,0x66,0x66,0x66,0x66,0x77,0x77,0x77,0x67,0x77,
 0x77,0x77,0x37,0x76,0x11,0x12,0x11,0x77,0x37,0x77,0x10,0x31,0x01,0x02,0x23,0x22,0x23,0x32,0x44,0x44,0x44,0x40,0x14,0x44,
 0x44,0x44,0x4a,0xa0,0x00,0x10,0x11,0x35,0x44,0x49,0x65,0x90,0x03,0x20,0x12,0x25,0x65,0xa0,0x11,0x25,0x11,0x21,0x01,0x00,
 0x11,0x14,0x52,0x12,0x44,0x05,0x43,0x31,0x11,0x11,0x53,0x33,0x31,0x55,0x55,0x55,0x34,0x14,0x55,0x11,0x25,0x54,0x54,0x44,
 0x23,0x30,0x00,0x13,0x11,0x11,0x11,0x11,0x11,0x11,0x11,0x11,0x11,0x11,0x11,0x11,0x11,0x11,0x11,0x11,0x11,0x11,0x11,0x11,
 0x11,0x11,0x11,0x10,0x23,0x20,0x21,0x22,0x03,0x22,0x53,0x33,0x33,0x71,0x22,0x24,0x53,0x35,0x22,0x23,0x91,0x22,0x22,0x22,
 0x22,0x22,0x22,0x22,0x22,0x22,0x22,0x22,0x22,0x22,0x22,0x01,0x11,0x20,0x23,0x32,0x22,0x22,0x22,0x22,0x22,0x22,0x22,0x22,
 0x22,0x22,0x22,0x22,0x22,0x22,0x22,0x22,0x22,0x22,0x22,0x22,0x26,0x66,0x66,0x66,0x66,0x66,0x66,0x66,0x77,0x77,0x77,0x67,
 0x77,0x77,0x72,0x77,0x27,0x77,0x11,0x12,0x11,0x77,0x77,0x77,0x13,0x51,0x01,0x12,0x22,0x22,0x23,0x33,0x44,0x44,0x44,0x30,
 0x10,0x01,0x24,0x44,0x44,0x44,0x4a,0x44,0x40,0x11,0x44,0x49,0x65,0x90,0x03,0x01,0x22,0x29,0x65,0x40,0x11,0x25,0x11,0x14,
 0x10,0x00,0x11,0x12,0x51,0x11,0x14,0x00,0x4a,0xa1,0x11,0x11,0x53,0x33,0x31,0x95,0x55,0x55,0x32,0x14,0x55,0x11,0x25,0x54,
 0x44,0x44,0x23,0x30,0x00,0x13,0x11,0x11,0x11,0x11,0x11,0x11,0x11,0x11,0x11,0x11,0x11,0x11,0x11,0x11,0x11,0x11,0x11,0x11,
 0x11,0x11,0x11,0x11,0x11,0x10,0x23,0x20,0x21,0x22,0x03,0x12,0x53,0x33,0x33,0x32,0x22,0x23,0x22,0x22,0x22,0x23,0x91,0x22,
 0x22,0x22,0x22,0x22,0x22,0x22,0x22,0x22,0x22,0x22,0x22,0x22,0x12,0x01,0x11,0x20,0x24,0x41,0x22,0x22,0x22,0x22,0x22,0x22,
 0x22,0x22,0x22,0x22,0x22,0x22,0x22,0x22,0x22,0x22,0x22,0x22,0x22,0x22,0x66,0x66,0x66,0x66,0x66,0x66,0x66,0x67,0x77,0x77,
 0x76,0x77,0x77,0x77,0x72,0x77,0x26,0x77,0x11,0x12,0x21,0x77,0x77,0x77,0x13,0x32,0x00,0x12,0x23,0x22,0x22,0x33,0x44,0x44,
 0x42,0x30,0x00,0x00,0x00,0x00,0x00,0x44,0x4a,0x44,0x45,0x55,0x31,0x11,0x32,0x90,0x03,0x01,0x23,0x22,0x10,0x10,0x21,0x24,
 0x11,0x90,0x00,0x21,0x21,0x00,0x41,0x01,0x11,0x14,0x40,0x10,0x91,0x11,0x53,0x33,0x31,0x95,0x55,0x55,0x31,0x15,0x55,0x11,
 0x25,0x55,0x55,0x55,0x23,0x30,0x00,0x13,0x11,0x11,0x11,0x11,0x11,0x11,0x11,0x11,0x11,0x11,0x11,0x11,0x11,0x11,0x11,0x11,
 0x11,0x11,0x11,0x11,0x11,0x11,0x11,0x10,0x24,0x20,0x21,0x22,0x03,0x22,0x53,0x33,0x33,0x61,0x22,0x23,0x22,0x22,0x22,0x45,
 0x91,0x22,0x22,0x22,0x22,0x22,0x22,0x22,0x22,0x22,0x22,0x22,0x22,0x22,0x23,0x01,0x12,0x20,0x23,0x41,0x22,0x22,0x22,0x22,
 0x22,0x22,0x22,0x24,0x12,0x22,0x22,0x22,0x22,0x22,0x22,0x22,0x22,0x22,0x22,0x22,0x66,0x66,0x66,0x66,0x66,0x66,0x66,0x77,
 0x77,0x66,0x67,0x77,0x77,0x77,0x72,0x77,0x27,0x77,0x11,0x12,0x11,0x77,0x77,0x70,0x00,0x11,0x00,0x00,0x23,0x22,0x23,0x33,
 0x44,0x42,0x42,0x30,0x00,0x00,0x00,0x00,0x00,0x00,0x00,0x00,0x4a,0x44,0x34,0xa5,0x55,0x10,0x01,0x01,0x22,0x24,0x93,0x20,
 0x11,0x24,0x14,0x00,0x11,0x10,0x21,0x00,0x00,0x01,0x11,0x10,0x00,0x01,0x04,0x11,0x53,0x33,0x31,0x95,0x55,0x55,0x45,0x53,
 0x53,0x53,0x55,0x55,0x55,0x55,0x23,0x30,0x00,0x13,0x11,0x10,0x00,0x01,0x01,0x11,0x11,0x11,0x10,0x10,0x10,0x00,0x10,0x01,
 0x11,0x11,0x11,0x10,0x11,0x01,0x11,0x11,0x01,0x10,0x24,0x20,0x21,0x22,0x03,0x22,0x53,0x33,0x33,0x31,0x11,0x12,0x22,0x23,
 0x22,0x22,0x91,0x22,0x22,0x22,0x22,0x22,0x22,0x22,0x22,0x62,0x22,0x22,0x22,0x22,0x22,0x01,0x12,0x20,0x22,0x21,0x22,0x22,
 0x22,0x22,0x22,0x22,0x22,0x25,0x22,0x22,0x22,0x22,0x22,0x22,0x22,0x22,0x21,0x22,0x22,0x27,0x66,0x66,0x66,0x66,0x66,0x66,
 0x66,0x77,0x66,0x66,0x77,0x77,0x77,0x77,0x72,0x77,0x27,0x77,0x11,0x12,0x10,0x77,0x77,0x03,0x34,0x32,0x10,0x01,0x13,0x22,
 0x22,0x22,0x44,0x23,0x43,0x30,0x10,0x00,0x00,0x00,0x00,0x00,0x00,0x00,0x00,0x01,0x24,0x44,0x44,0x44,0xa9,0x50,0x00,0x15,
 0x94,0x20,0x10,0x23,0x15,0x00,0x02,0x00,0x12,0x00,0x24,0x44,0xaa,0xa1,0x4a,0xaa,0x41,0x10,0x53,0x33,0x31,0x95,0x55,0x55,
 0x55,0x55,0x55,0x55,0x55,0x55,0x55,0x55,0x23,0x30,0x00,0x13,0x11,0x03,0x77,0x30,0x22,0x11,0x11,0x11,0x33,0x13,0x23,0x31,
 0x03,0x31,0x11,0x11,0x11,0x17,0x71,0x21,0x12,0x02,0x31,0x10,0x23,0x20,0x21,0x22,0x03,0x22,0x43,0x33,0x33,0x31,0x12,0x11,
 0x55,0x32,0x22,0x22,0x51,0x22,0x22,0x22,0x22,0x22,0x22,0x22,0x22,0x22,0x22,0x22,0x22,0x22,0x22,0x01,0x12,0x20,0x32,0x22,
 0x32,0x22,0x22,0x22,0x22,0x22,0x22,0x25,0x22,0x22,0x22,0x22,0x22,0x22,0x22,0x22,0x22,0x22,0x22,0x16,0x66,0x66,0x66,0x66,
 0x66,0x66,0x67,0x66,0x66,0x67,0x76,0x77,0x77,0x77,0x72,0x23,0x27,0x77,0x11,0x12,0x21,0x77,0x33,0x22,0x22,0x00,0x00,0x00,
 0x02,0x22,0x22,0x22,0x44,0x33,0x33,0x31,0x00,0x14,0x49,0x00,0x00,0x00,0x00,0x00,0x00,0x00,0x00,0x00,0x00,0xa4,0x44,0x44,
 0x44,0xa5,0x90,0x00,0x10,0x12,0x1a,0x00,0x11,0x10,0x01,0xaa,0xa4,0x44,0x11,0x24,0x14,0x44,0x41,0x00,0x53,0x33,0x31,0x95,
 0x51,0x12,0x13,0x15,0x51,0x11,0x35,0x24,0x55,0x55,0x23,0x30,0x00,0x13,0x11,0x10,0x21,0x71,0x71,0x11,0x11,0x11,0x32,0x13,
 0x17,0x31,0x12,0x11,0x11,0x11,0x11,0x13,0x72,0x30,0x10,0x02,0x11,0x10,0x23,0x20,0x21,0x22,0x03,0x22,0x53,0x33,0x33,0x32,
 0x53,0x33,0x35,0x59,0x53,0x22,0x32,0x22,0x22,0x22,0x22,0x22,0x22,0x22,0x22,0x22,0x22,0x22,0x22,0x22,0x22,0x12,0x11,0x10,
 0x22,0x33,0x39,0x22,0x22,0x22,0x22,0x22,0x22,0x23,0x22,0x22,0x22,0x22,0x22,0x22,0x22,0x22,0x22,0x22,0x22,0x76,0x66,0x66,
 0x66,0x66,0x66,0x67,0x66,0x66,0x66,0x67,0x77,0x77,0x77,0x77,0x32,0x23,0x27,0x76,0x21,0x12,0x11,0x71,0x10,0x12,0x43,0x22,
 0x11,0x11,0x10,0x22,0x22,0x22,0x33,0x33,0x33,0x31,0x10,0x00,0x01,0x00,0x01,0x24,0x50,0x00,0x00,0x00,0x00,0x00,0x00,0x00,
 0x00,0x12,0x44,0xaa,0xa4,0x44,0x4a,0x31,0x14,0x41,0x11,0x00,0x4a,0x44,0x44,0xa4,0x44,0x24,0x41,0x4a,0x44,0x41,0xa3,0x23,
 0x31,0x95,0x51,0x52,0x33,0x45,0x54,0x51,0x25,0x15,0x55,0x55,0x23,0x30,0x00,0x13,0x11,0x13,0x17,0x10,0x03,0x11,0x11,0x11,
 0x31,0x12,0x33,0x22,0x12,0x11,0x11,0x11,0x11,0x13,0x73,0x10,0x30,0x02,0x10,0x10,0x23,0x20,0x21,0x12,0x05,0x22,0x43,0x33,
 0x35,0x99,0x59,0x95,0x55,0x59,0x59,0x99,0x32,0x22,0x22,0x22,0x22,0x22,0x22,0x22,0x22,0x22,0x22,0x22,0x22,0x22,0x22,0x02,
 0x12,0x20,0x22,0x33,0x79,0x22,0x22,0x22,0x22,0x22,0x22,0x23,0x92,0x22,0x22,0x22,0x22,0x22,0x22,0x22,0x22,0x22,0x26,0x66,
 0x66,0x66,0x66,0x66,0x66,0x66,0x66,0x66,0x66,0x77,0x77,0x77,0x77,0x77,0x72,0x23,0x27,0x76,0x21,0x12,0x10,0x12,0x22,0x24,
 0x22,0x22,0x11,0x11,0x11,0x11,0x02,0x23,0x33,0x33,0x33,0x31,0x10,0x04,0x49,0x00,0x00,0x00,0x00,0x00,0x0a,0x50,0x00,0x00,
 0x00,0x41,0x00,0x00,0x00,0x00,0x44,0x44,0x44,0x44,0xa4,0x00,0x00,0x0a,0x44,0xa4,0x4a,0xa1,0x00,0x00,0x00,0x00,0x00,0x41,
 0x53,0x33,0x31,0x55,0x50,0x52,0x23,0x55,0x54,0x10,0x25,0x15,0x55,0x45,0x23,0x30,0x00,0x13,0x11,0x11,0x11,0x11,0x01,0x11,
 0x11,0x11,0x11,0x11,0x00,0x11,0x11,0x11,0x11,0x11,0x11,0x11,0x01,0x11,0x11,0x11,0x01,0x10,0x24,0x20,0x21,0x12,0x05,0x22,
 0x54,0x39,0x53,0x33,0x44,0x43,0x34,0x42,0x33,0x49,0x99,0x62,0x22,0x22,0x22,0x22,0x22,0x22,0x22,0x22,0x22,0x22,0x22,0x22,
 0x22,0x01,0x12,0x20,0x22,0x23,0x39,0x22,0x22,0x22,0x22,0x11,0x22,0x22,0x92,0x22,0x22,0x22,0x22,0x27,0x22,0x22,0x22,0x23,
 0x26,0x66,0x66,0x66,0x66,0x66,0x66,0x66,0x66,0x66,0x67,0x77,0x77,0x77,0x77,0x77,0x72,0x22,0x27,0x77,0x11,0x10,0x21,0x12,
 0x23,0x42,0x22,0x21,0x11,0x21,0x11,0x10,0x11,0x01,0x33,0x33,0x33,0x31,0x10,0x04,0x59,0x00,0x00,0x44,0x90,0x00,0x24,0x59,
 0x00,0x00,0x00,0x44,0x00,0x00,0x00,0x00,0x00,0x00,0x04,0x01,0x40,0x41,0x21,0xa4,0x1a,0x44,0x40,0x00,0x10,0x12,0x00,0x00,
 0x00,0x14,0x53,0x33,0x31,0x95,0x51,0x52,0x33,0x25,0x52,0x11,0x25,0x15,0x55,0x55,0x23,0x30,0x00,0x13,0x11,0x11,0x11,0x11,
 0x11,0x11,0x11,0x11,0x11,0x11,0x11,0x11,0x11,0x11,0x11,0x11,0x11,0x11,0x11,0x11,0x11,0x11,0x11,0x10,0x23,0x20,0x21,0x22,
 0x05,0x22,0x54,0x99,0x41,0x22,0x22,0x22,0x22,0x25,0x69,0x33,0x32,0x99,0x93,0x32,0x22,0x22,0x22,0x22,0x22,0x22,0x22,0x22,
 0x22,0x22,0x22,0x01,0x12,0x20,0x22,0x23,0x79,0x22,0x22,0x22,0x22,0x11,0x22,0x15,0x92,0x22,0x22,0x22,0x22,0x22,0x22,0x22,
 0x22,0x22,0x76,0x66,0x66,0x67,0x76,0x66,0x66,0x66,0x66,0x67,0x77,0x77,0x77,0x77,0x67,0x77,0x72,0x22,0x27,0x77,0x10,0x02,
 0x11,0x23,0x33,0x22,0x22,0x22,0x21,0x22,0x42,0x11,0x01,0x11,0x23,0x33,0x33,0x31,0x10,0x04,0x59,0x00,0x00,0x44,0x90,0x00,
 0x10,0x00,0x00,0x00,0x02,0x44,0x12,0x9a,0x55,0x10,0x00,0x00,0x94,0x00,0x01,0x01,0x04,0xaa,0xa4,0xa4,0x00,0x11,0x12,0x20,
 0x12,0x11,0x11,0x22,0x14,0x33,0x31,0x95,0x55,0x55,0x55,0x55,0x55,0x55,0x55,0x55,0x55,0x55,0x23,0x30,0x00,0x13,0x11,0x11,
 0x00,0x11,0x11,0x11,0x11,0x11,0x11,0x11,0x11,0x11,0x11,0x11,0x11,0x11,0x11,0x11,0x11,0x11,0x11,0x11,0x11,0x10,0x23,0x20,
 0x21,0x12,0x05,0x22,0x49,0x44,0x32,0x32,0x22,0x42,0x22,0x24,0x49,0x99,0x99,0x32,0x22,0x59,0x55,0x37,0x21,0x22,0x22,0x22,
 0x22,0x22,0x22,0x22,0x22,0x01,0x12,0x20,0x22,0x23,0x39,0x22,0x22,0x22,0x22,0x11,0x22,0x13,0x32,0x22,0x22,0x22,0x22,0x22,
 0x22,0x22,0x22,0x22,0x76,0x66,0x66,0x67,0x66,0x67,0x66,0x66,0x66,0x77,0x77,0x77,0x66,0x77,0x77,0x76,0x72,0x23,0x27,0x77,
 0x12,0x21,0x12,0x23,0x43,0x22,0x22,0x22,0x21,0x12,0x22,0x11,0x10,0x11,0x21,0x33,0x33,0x31,0x10,0x04,0x59,0x00,0x00,0x44,
 0x90,0x00,0x04,0x94,0x00,0x00,0x10,0x43,0x12,0x44,0x44,0x44,0x44,0x44,0x11,0x00,0x01,0x11,0x04,0x44,0x44,0x40,0x12,0x12,
 0x20,0x12,0x22,0x12,0x10,0x11,0x21,0x23,0x31,0x95,0x55,0x55,0x55,0x55,0x55,0x55,0x55,0x55,0x55,0x55,0x23,0x30,0x00,0x13,
 0x11,0x03,0x33,0x31,0x30,0x11,0x11,0x11,0x31,0x07,0x37,0x73,0x31,0x30,0x11,0x11,0x11,0x17,0x73,0x70,0x17,0x31,0x31,0x10,
 0x23,0x20,0x21,0x12,0x05,0x22,0x93,0x32,0x22,0x22,0x22,0x42,0x22,0x22,0x44,0x99,0x99,0x99,0x99,0x53,0x22,0x25,0x99,0x95,
 0x32,0x22,0x22,0x22,0x22,0x22,0x22,0x01,0x12,0x20,0x22,0x23,0x39,0x22,0x22,0x22,0x22,0x12,0x22,0x53,0x52,0x22,0x22,0x22,
 0x22,0x22,0x22,0x22,0x22,0x22,0x66,0x66,0x66,0x66,0x66,0x66,0x66,0x66,0x67,0x77,0x77,0x76,0x67,0x77,0x76,0x66,0x72,0x22,
 0x37,0x61,0x21,0x12,0x22,0x24,0x32,0x22,0x22,0x22,0x22,0x22,0x11,0x11,0x11,0x01,0x12,0x03,0x22,0x21,0x10,0x03,0x59,0x00,
 0x00,0x34,0x90,0x00,0x04,0x94,0x00,0x01,0x10,0x43,0x12,0x41,0x44,0x44,0x49,0x41,0x21,0x00,0x21,0x10,0x44,0x14,0x40,0x02,
 0x22,0x12,0x42,0x21,0x11,0x41,0x00,0x04,0x24,0x24,0x31,0x55,0x51,0x13,0x25,0x52,0x22,0x23,0x23,0x15,0x23,0x55,0x23,0x30,
 0x00,0x13,0x11,0x00,0x00,0x10,0x10,0x11,0x11,0x11,0x31,0x02,0x13,0x10,0x20,0x02,0x11,0x11,0x11,0x13,0x71,0x30,0x30,0x32,
 0x10,0x10,0x23,0x10,0x21,0x22,0x09,0x59,0x32,0x22,0x23,0x32,0x23,0x32,0x21,0x13,0x23,0x59,0x99,0x59,0x99,0x93,0x99,0x53,
 0x53,0x59,0x95,0x55,0x32,0x22,0x22,0x22,0x22,0x01,0x12,0x20,0x22,0x23,0x39,0x22,0x22,0x22,0x22,0x12,0x22,0x53,0x31,0x22,
 0x12,0x22,0x22,0x22,0x22,0x22,0x22,0x23,0x66,0x66,0x66,0x66,0x66,0x66,0x66,0x66,0x77,0x77,0x76,0x66,0x77,0x66,0x66,0x67,
 0x72,0x22,0x27,0x12,0x21,0x12,0x22,0x24,0x22,0x22,0x22,0x22,0x22,0x12,0x11,0x11,0x11,0x00,0x11,0x11,0x21,0x11,0x10,0x11,
 0x12,0x00,0x04,0x24,0x41,0x00,0x03,0x93,0x00,0x01,0x10,0x43,0x12,0xa4,0x99,0x99,0x90,0x51,0x42,0x00,0x40,0x00,0xa1,0x44,
 0x00,0x12,0x01,0x21,0x22,0x42,0x14,0x10,0x00,0x02,0x4a,0x1a,0x31,0x55,0x51,0x13,0x45,0x54,0x51,0x25,0x35,0x35,0x33,0x55,
 0x23,0x30,0x00,0x13,0x11,0x12,0x13,0x11,0x37,0x11,0x11,0x11,0x03,0x02,0x11,0x31,0x20,0x12,0x11,0x11,0x11,0x13,0x71,0x21,
 0x11,0x72,0x10,0x10,0x24,0x10,0x21,0x22,0x09,0x33,0x59,0x92,0x22,0x43,0x22,0x32,0x22,0x22,0x22,0x49,0x99,0x94,0x59,0x33,
 0x39,0x99,0x99,0x99,0x93,0x33,0x45,0x95,0x51,0x22,0x22,0x01,0x11,0x10,0x22,0x22,0x25,0x22,0x22,0x22,0x12,0x12,0x22,0x43,
 0x32,0x22,0x12,0x22,0x22,0x22,0x22,0x22,0x22,0x36,0x66,0x66,0x66,0x66,0x66,0x66,0x66,0x66,0x77,0x76,0x66,0x67,0x66,0x66,
 0x66,0x67,0x72,0x32,0x21,0x22,0x11,0x12,0x23,0x33,0x22,0x22,0x22,0x22,0x22,0x11,0x11,0x11,0x11,0x11,0x10,0x11,0x01,0x11,
 0x12,0x11,0x29,0x40,0x42,0x44,0x35,0x00,0x32,0x32,0x01,0x01,0x11,0xa4,0x22,0xa4,0x94,0x55,0x15,0x11,0x00,0x00,0x02,0x01,
 0x04,0x40,0x01,0x01,0x12,0x22,0x20,0x01,0x04,0x05,0x54,0x00,0x12,0x21,0x41,0x55,0x51,0x13,0x25,0x53,0x22,0x25,0x35,0x55,
 0x34,0x55,0x23,0x30,0x00,0x13,0x01,0x12,0x13,0x31,0x12,0x11,0x11,0x11,0x12,0x13,0x12,0x11,0x21,0x11,0x11,0x11,0x11,0x13,
 0x10,0x01,0x12,0x11,0x31,0x10,0x23,0x10,0x21,0x22,0x09,0x33,0x73,0x33,0x22,0x33,0x25,0x55,0x22,0x44,0x44,0x32,0x33,0x99,
 0x99,0x95,0x92,0x99,0x99,0x59,0x99,0x26,0x93,0x33,0x39,0x56,0x62,0x01,0x11,0x20,0x22,0x33,0x33,0x12,0x22,0x29,0x22,0x32,
 0x69,0x95,0x32,0x22,0x12,0x22,0x22,0x22,0x22,0x22,0x22,0x26,0x66,0x66,0x66,0x66,0x66,0x66,0x66,0x67,0x77,0x66,0x66,0x66,
 0x66,0x66,0x67,0x77,0x72,0x22,0x12,0x21,0x22,0x23,0x99,0x95,0x44,0x42,0x44,0x44,0x44,0x44,0x44,0x44,0xa1,0x11,0x11,0x01,
 0x10,0x11,0x12,0x01,0x22,0x91,0x42,0x43,0x36,0x13,0x22,0x34,0x02,0x11,0x11,0xa4,0x12,0xa4,0x95,0x55,0x09,0x41,0x00,0x00,
 0x14,0x01,0x04,0x00,0x01,0x12,0x02,0x11,0x0a,0x41,0x44,0x15,0x55,0x00,0x42,0x22,0x91,0x55,0x51,0x13,0x55,0x53,0x22,0x35,
 0x35,0x25,0x32,0x55,0x23,0x30,0x00,0x13,0x01,0x11,0x11,0x11,0x11,0x11,0x11,0x11,0x11,0x11,0x11,0x11,0x11,0x11,0x11,0x11,
 0x11,0x11,0x11,0x11,0x11,0x11,0x11,0x10,0x23,0x10,0x21,0x22,0x09,0x36,0x33,0x33,0x22,0x33,0x32,0x33,0x22,0x24,0x11,0x22,
 0x53,0x33,0x23,0x99,0x99,0x29,0x95,0x95,0x99,0x93,0x99,0x99,0x62,0x23,0x59,0x01,0x12,0x20,0x22,0x22,0x23,0x12,0x22,0x63,
 0x22,0x33,0x33,0x36,0x25,0x22,0x12,0x22,0x22,0x22,0x32,0x22,0x22,0x26,0x66,0x66,0x66,0x66,0x66,0x76,0x66,0x77,0x66,0x66,
 0x66,0x66,0x66,0x66,0x77,0x77,0x72,0x23,0x12,0x12,0x44,0x44,0x01,0x10,0x00,0x33,0x33,0x33,0x33,0x33,0x11,0x00,0x00,0x01,
 0x11,0x11,0x20,0x11,0x11,0x01,0x22,0x51,0x22,0x44,0x35,0x11,0x23,0x35,0x50,0x11,0x11,0x44,0x11,0x44,0x95,0x59,0x19,0x41,
 0x11,0x00,0x10,0x04,0x41,0x00,0x11,0x22,0x22,0x12,0xa4,0x40,0x42,0x55,0x55,0xa0,0x04,0x14,0x44,0x55,0x55,0x55,0x55,0x55,
 0x55,0x55,0x55,0x55,0x55,0x55,0x23,0x30,0x00,0x13,0x11,0x11,0x11,0x11,0x11,0x11,0x11,0x11,0x11,0x11,0x10,0x11,0x11,0x11,
 0x11,0x11,0x11,0x11,0x11,0x11,0x11,0x11,0x11,0x10,0x23,0x10,0x21,0x22,0x09,0x73,0x33,0x33,0x35,0x22,0x22,0x23,0x22,0x22,
 0x12,0x22,0x55,0x55,0x55,0x32,0x23,0x29,0x99,0x99,0x59,0x99,0x39,0x99,0x99,0x99,0x93,0x02,0x12,0x20,0x99,0x93,0x23,0x12,
 0x22,0x32,0x22,0x22,0x33,0x13,0x33,0x22,0x12,0x22,0x22,0x22,0x22,0x22,0x22,0x66,0x66,0x66,0x66,0x66,0x63,0x73,0x77,0x66,
 0x66,0x66,0x66,0x66,0x66,0x77,0x77,0x77,0x22,0x21,0x24,0x00,0x04,0x44,0x59,0x99,0x99,0x66,0x66,0x66,0x66,0x66,0x99,0x99,
 0x99,0x92,0x40,0x01,0x12,0x11,0x10,0x01,0x11,0x11,0x12,0x43,0x35,0x11,0x13,0x33,0x41,0x01,0x11,0x44,0x12,0x44,0x95,0x99,
 0x50,0x02,0x11,0x00,0x10,0x04,0x10,0x40,0x12,0x11,0x0a,0xa4,0x01,0x40,0xaa,0xa5,0x55,0xa1,0x01,0x12,0x24,0x95,0x55,0x55,
 0x55,0x55,0x55,0x55,0x55,0x55,0x55,0x55,0x23,0x30,0x00,0x13,0x11,0x17,0x72,0x71,0x32,0x11,0x11,0x11,0x32,0x03,0x23,0x11,
 0x31,0x31,0x11,0x11,0x11,0x13,0x21,0x31,0x12,0x20,0x31,0x10,0x23,0x10,0x21,0x12,0x09,0x33,0x87,0x33,0x42,0x22,0x22,0x23,
 0x32,0x21,0x32,0x22,0x35,0x55,0x55,0x55,0x59,0x92,0x22,0x33,0x39,0x99,0x93,0x99,0x95,0x99,0x93,0x12,0x12,0x20,0x32,0x55,
 0x99,0x93,0x52,0x22,0x22,0x33,0x33,0x22,0x33,0x22,0x99,0x32,0x22,0x22,0x22,0x22,0x22,0x66,0x66,0x66,0x66,0x66,0x62,0x62,
 0x66,0x66,0x66,0x66,0x66,0x67,0x67,0x77,0x77,0x77,0x22,0x10,0x04,0x5a,0xa5,0x55,0x55,0x99,0x99,0x96,0x66,0x66,0x66,0x66,
 0x99,0x99,0x55,0x55,0x55,0x59,0x51,0x01,0x10,0x13,0x21,0x20,0x11,0x10,0x11,0x01,0x13,0x33,0x41,0x01,0x11,0xa4,0x12,0x44,
 0x95,0xa5,0x90,0x11,0x00,0x00,0x10,0x00,0x00,0x01,0x11,0x04,0x40,0x00,0xa4,0x4a,0xaa,0xa5,0x55,0xa1,0x00,0x12,0x24,0x95,
 0x51,0x13,0x11,0x51,0x12,0x11,0x22,0x32,0x45,0x35,0x23,0x30,0x00,0x13,0x11,0x10,0x72,0x10,0x01,0x11,0x11,0x11,0x31,0x02,
 0x03,0x13,0x20,0x00,0x11,0x11,0x11,0x13,0x73,0x11,0x13,0x72,0x10,0x10,0x23,0x10,0x21,0x22,0x09,0x33,0x87,0x33,0x42,0x22,
 0x33,0x23,0x23,0x22,0x32,0x22,0x29,0x55,0x55,0x55,0x55,0x52,0x55,0x33,0x22,0x39,0x95,0x39,0x95,0x59,0x99,0x12,0x12,0x20,
 0x93,0x32,0x33,0x33,0x59,0x94,0x21,0x22,0x23,0x22,0x53,0x22,0x35,0x32,0x22,0x22,0x22,0x22,0x22,0x66,0x66,0x66,0x66,0x66,
 0x62,0x62,0x66,0x66,0x66,0x66,0x66,0x76,0x77,0x77,0x77,0x77,0x22,0x14,0x55,0x55,0xa5,0x55,0x59,0x99,0x99,0x99,0x66,0x66,
 0x66,0x69,0x99,0x99,0x95,0x95,0x55,0x55,0x55,0x01,0x11,0x14,0x35,0x64,0x23,0x55,0x59,0x31,0x10,0x11,0x00,0x01,0x11,0xa4,
 0x12,0x41,0x55,0x55,0x12,0x21,0x01,0x00,0x00,0x0a,0x00,0x00,0x00,0xa1,0xaa,0x10,0x05,0x55,0x55,0x55,0x55,0xa1,0x01,0x11,
 0x24,0x95,0x55,0x51,0x32,0x11,0x21,0x11,0x14,0x34,0x45,0x35,0x23,0x30,0x00,0x13,0x11,0x11,0x00,0x30,0x03,0x11,0x11,0x11,
 0x32,0x02,0x13,0x17,0x20,0x11,0x11,0x11,0x11,0x13,0x71,0x20,0x03,0x72,0x10,0x10,0x23,0x20,0x21,0x22,0x09,0x44,0x33,0x34,
 0x32,0x22,0x32,0x12,0x22,0x22,0x22,0x22,0x25,0x55,0x55,0x55,0x55,0x55,0x45,0x55,0x55,0x99,0x22,0x23,0x35,0x99,0x99,0x02,
 0x12,0x20,0x99,0x39,0x99,0x95,0x12,0x32,0x59,0x99,0x12,0x22,0x22,0x32,0x37,0x32,0x22,0x22,0x22,0x22,0x26,0x66,0x66,0x66,
 0x66,0x77,0x62,0x62,0x66,0x66,0x66,0x66,0x66,0x77,0x77,0x77,0x77,0x77,0x22,0x22,0x00,0x55,0x59,0x95,0x59,0x99,0x99,0x99,
 0x99,0x66,0x66,0x99,0x99,0x99,0x99,0x95,0x59,0x94,0x20,0x21,0x11,0x14,0x33,0x93,0x23,0x55,0x55,0x31,0x15,0x55,0x50,0x01,
 0x11,0x44,0x22,0x44,0x44,0x41,0x22,0x10,0x21,0x00,0x00,0xa0,0xa0,0x02,0xa5,0xaa,0x41,0x14,0x40,0x0a,0x55,0x55,0x55,0xa1,
 0x00,0x14,0x13,0x95,0x55,0x51,0x21,0x31,0x21,0x11,0x13,0x34,0x42,0x25,0x23,0x30,0x00,0x13,0x11,0x17,0x17,0x70,0x32,0x11,
 0x11,0x11,0x31,0x07,0x27,0x73,0x71,0x30,0x11,0x11,0x11,0x17,0x31,0x30,0x07,0x31,0x71,0x10,0x23,0x20,0x21,0x22,0x09,0x22,
 0x43,0x34,0x22,0x22,0x22,0x33,0x22,0x12,0x32,0x33,0x22,0x55,0x25,0x33,0x55,0x55,0x35,0x55,0x55,0x55,0x55,0x55,0x92,0x33,
 0x23,0x12,0x12,0x20,0x99,0x95,0x99,0x99,0x99,0x93,0x62,0x23,0x59,0x99,0x93,0x22,0x33,0x31,0x22,0x22,0x22,0x22,0x26,0x66,
 0x66,0x66,0x66,0x66,0x62,0x62,0x66,0x66,0x66,0x77,0x77,0x77,0x77,0x77,0x77,0x77,0x22,0x33,0x27,0x10,0x01,0xaa,0xa5,0x99,
 0x99,0x99,0x99,0x66,0x99,0x99,0x99,0x59,0x95,0xa0,0x00,0x02,0x11,0x10,0x12,0x14,0x35,0x92,0x23,0x55,0x55,0x31,0x15,0x33,
 0x50,0x01,0x11,0xa4,0x22,0x44,0x44,0x41,0x41,0x04,0x10,0x00,0x00,0xa4,0x11,0x02,0xaa,0xa1,0x00,0x01,0x44,0x45,0x55,0x52,
 0x00,0x21,0x02,0x14,0x41,0x95,0x55,0x51,0x21,0x51,0x22,0x12,0x14,0x32,0x41,0x15,0x23,0x30,0x00,0x13,0x11,0x11,0x01,0x11,
 0x11,0x11,0x11,0x11,0x11,0x11,0x11,0x11,0x11,0x11,0x11,0x11,0x11,0x11,0x11,0x11,0x11,0x11,0x11,0x10,0x24,0x20,0x22,0x22,
 0x09,0x22,0x25,0x54,0x22,0x32,0x22,0x23,0x22,0x23,0x23,0x23,0x22,0x55,0x55,0x42,0x33,0x55,0x35,0x55,0x55,0x55,0x55,0x55,
 0x55,0x59,0x93,0x12,0x11,0x20,0x99,0x99,0x59,0x99,0x99,0x99,0x96,0x66,0x73,0x55,0x99,0x99,0x92,0x22,0x22,0x22,0x22,0x22,
 0x26,0x66,0x66,0x66,0x66,0x66,0x62,0x62,0x66,0x66,0x66,0x77,0x77,0x77,0x77,0x77,0x77,0x77,0x32,0x32,0x27,0x77,0x12,0x11,
 0x11,0x22,0x22,0x44,0x4a,0xaa,0x44,0x44,0x41,0x11,0x11,0x35,0x11,0x11,0x11,0x11,0x12,0x14,0x34,0x93,0x23,0x55,0x97,0x31,
 0x15,0x55,0x50,0x01,0x11,0xaa,0x00,0x00,0x00,0x00,0x40,0x01,0x20,0x00,0x00,0xa4,0x02,0x00,0xaa,0xa1,0x60,0x01,0x04,0x4a,
 0x55,0x00,0x1a,0x10,0x02,0x24,0x41,0x95,0x55,0x55,0x55,0x55,0x55,0x55,0x55,0x55,0x55,0x55,0x23,0x30,0x00,0x13,0x11,0x11,
 0x11,0x11,0x11,0x11,0x11,0x11,0x11,0x11,0x11,0x11,0x11,0x11,0x11,0x11,0x11,0x11,0x11,0x11,0x11,0x11,0x11,0x10,0x23,0x20,
 0x21,0x12,0x09,0x22,0x23,0x54,0x12,0x27,0x32,0x32,0x22,0x22,0x11,0x23,0x22,0x55,0x55,0x55,0x55,0x55,0x55,0x55,0x55,0x55,
 0x55,0x53,0x55,0x55,0x55,0x12,0x11,0x20,0x22,0x23,0x29,0x99,0x35,0x39,0x36,0x66,0x63,0x62,0x22,0x25,0x99,0x96,0x65,0x22,
 0x22,0x22,0x26,0x66,0x66,0x66,0x66,0x66,0x32,0x22,0x26,0x66,0x67,0x77,0x77,0x77,0x77,0x77,0x77,0x77,0x22,0x32,0x27,0x77,
 0x11,0x12,0x21,0x55,0x55,0x55,0x77,0x53,0x32,0x32,0x25,0x44,0x44,0x34,0x11,0x11,0x11,0x11,0x11,0x14,0x33,0x94,0x23,0x55,
 0x57,0x31,0x15,0x33,0x50,0x11,0x11,0xa4,0x31,0x10,0x11,0x00,0x40,0x01,0x10,0x00,0x00,0xa4,0x42,0x00,0xaa,0xa5,0x40,0x36,
 0x0a,0xaa,0xa4,0x40,0x04,0xa0,0x02,0x24,0x41,0x55,0x55,0x55,0x55,0x55,0x55,0x55,0x55,0x55,0x55,0x55,0x23,0x30,0x00,0x12,
 0x11,0x10,0x11,0x01,0x01,0x11,0x11,0x11,0x10,0x11,0x11,0x10,0x11,0x00,0x01,0x11,0x11,0x11,0x11,0x11,0x10,0x00,0x00,0x10,
 0x23,0x10,0x21,0x12,0x09,0x22,0x23,0x93,0x22,0x33,0x22,0x22,0x22,0x22,0x88,0x23,0x22,0x55,0x55,0x55,0x55,0x55,0x52,0x55,
 0x53,0x35,0x55,0x54,0x55,0x55,0x55,0x02,0x11,0x10,0x55,0x55,0x33,0x33,0x35,0x99,0x62,0x66,0x77,0x79,0x37,0x77,0x22,0x23,
 0x23,0x35,0x39,0x32,0x26,0x66,0x66,0x66,0x66,0x66,0x32,0x92,0x26,0x66,0x67,0x77,0x77,0x77,0x77,0x77,0x77,0x77,0x22,0x22,
 0x27,0x77,0x11,0x12,0x21,0x55,0x55,0x55,0x77,0x53,0x32,0x22,0x25,0x23,0x23,0x24,0x11,0x11,0x11,0x11,0x11,0x14,0x35,0x54,
 0x23,0x55,0x95,0x21,0x15,0x33,0x50,0x11,0x22,0xa4,0x12,0x9a,0x55,0x10,0x00,0x20,0x00,0x10,0x00,0xa4,0xa1,0x04,0xaa,0xaa,
 0xaa,0xa5,0xa5,0x55,0xa1,0x00,0x00,0x40,0x01,0x14,0x31,0x55,0x55,0x55,0x55,0x55,0x55,0x55,0x55,0x55,0x55,0x55,0x23,0x30,
 0x00,0x13,0x11,0x13,0x77,0x30,0x23,0x11,0x11,0x11,0x23,0x21,0x33,0x13,0x10,0x27,0x31,0x11,0x11,0x11,0x01,0x71,0x17,0x32,
 0x30,0x10,0x23,0x10,0x21,0x12,0x09,0x22,0x32,0x93,0x22,0x23,0x23,0x22,0x22,0x32,0x88,0x33,0x22,0x33,0x55,0x55,0x55,0x55,
 0x53,0x95,0x55,0x55,0x34,0x55,0x35,0x55,0x55,0x02,0x11,0x10,0x55,0x55,0x55,0x25,0x33,0x23,0x77,0x56,0x99,0x33,0x92,0x67,
 0x77,0x32,0x56,0x55,0x29,0x99,0x55,0x32,0x66,0x66,0x66,0x66,0x32,0x32,0x26,0x66,0x77,0x77,0x77,0x77,0x77,0x76,0x77,0x77,
 0x22,0x22,0x27,0x77,0x11,0x12,0x21,0x55,0x55,0x57,0x77,0x43,0x32,0x22,0x25,0x23,0x23,0x24,0x11,0x11,0x11,0x11,0x11,0x1a,
 0xa5,0x94,0x33,0x55,0x55,0x31,0x15,0x53,0x50,0x01,0x11,0xa4,0x22,0x44,0x44,0x44,0x02,0x11,0x00,0x00,0x00,0x04,0x40,0x14,
 0x4a,0xaa,0xaa,0xa5,0x55,0x55,0x44,0x00,0x60,0x00,0x11,0x23,0x31,0x55,0x55,0x55,0x55,0x55,0x55,0x55,0x55,0x55,0x55,0x55,
 0x23,0x30,0x00,0x13,0x11,0x10,0x10,0x71,0x33,0x11,0x11,0x11,0x31,0x17,0x03,0x13,0x11,0x23,0x31,0x11,0x11,0x10,0x01,0x70,
 0x21,0x33,0x10,0x11,0x24,0x10,0x21,0x22,0x09,0x22,0x23,0x93,0x21,0x22,0x32,0x32,0x32,0x22,0x88,0x12,0x11,0x32,0x22,0x22,
 0x22,0x25,0x55,0x55,0x55,0x55,0x55,0x55,0x25,0x73,0x35,0x02,0x12,0x20,0x55,0x55,0x55,0x35,0x55,0x54,0x55,0x53,0x23,0x95,
 0x96,0x25,0x52,0x33,0x22,0x99,0x99,0x94,0x95,0x59,0x59,0x94,0x22,0x66,0x32,0x22,0x27,0x77,0x77,0x77,0x67,0x77,0x77,0x76,
 0x77,0x77,0x32,0x32,0x27,0x76,0x11,0x12,0x10,0x55,0x55,0x77,0x77,0x33,0x32,0x22,0x25,0x23,0x33,0x25,0x11,0x11,0x11,0x11,
 0x11,0x01,0x11,0x30,0x01,0x00,0x02,0x11,0x19,0x55,0x90,0x01,0x11,0x44,0x22,0x44,0x54,0x44,0xa0,0x10,0x02,0x00,0x00,0x02,
 0xa0,0x0a,0x4a,0xaa,0xaa,0x55,0x55,0x55,0x4a,0x44,0x4a,0x00,0x42,0x04,0x31,0x55,0x55,0x55,0x55,0x55,0x55,0x55,0x55,0x55,
 0x55,0x55,0x23,0x30,0x00,0x12,0x11,0x13,0x17,0x01,0x12,0x11,0x11,0x11,0x32,0x03,0x13,0x13,0x11,0x21,0x31,0x11,0x11,0x10,
 0x00,0x70,0x37,0x13,0x10,0x10,0x24,0x10,0x11,0x22,0x09,0x22,0x22,0x93,0x22,0x12,0x23,0x22,0x32,0x22,0x16,0x13,0x11,0x32,
 0x63,0x22,0x21,0x22,0x21,0x15,0x55,0x55,0x25,0x55,0x55,0x55,0x55,0x02,0x12,0x20,0x55,0x55,0x55,0x45,0x55,0x55,0x55,0x55,
 0x59,0x32,0x22,0x62,0x35,0x55,0x22,0x39,0x93,0x99,0x39,0x99,0xa5,0x29,0x66,0x53,0x22,0x22,0x27,0x77,0x77,0x76,0x77,0x77,
 0x66,0x67,0x77,0x77,0x32,0x42,0x27,0x66,0x11,0x12,0x20,0x55,0x77,0x77,0x73,0x32,0x22,0x22,0x25,0x23,0x33,0x25,0x11,0x11,
 0x11,0x10,0x11,0x12,0x24,0x41,0x11,0x44,0x45,0x20,0x11,0x12,0x40,0x01,0x11,0x44,0x12,0x41,0x44,0x44,0xaa,0x04,0x10,0x00,
 0x00,0x14,0x00,0xaa,0x4a,0xaa,0xaa,0x55,0x55,0x55,0x4a,0xaa,0xaa,0x02,0xa4,0x43,0x31,0x95,0x55,0x55,0x55,0x55,0x55,0x55,
 0x55,0x55,0x55,0x55,0x23,0x30,0x00,0x13,0x11,0x11,0x12,0x21,0x21,0x11,0x11,0x11,0x12,0x11,0x12,0x21,0x21,0x11,0x11,0x11,
 0x11,0x11,0x10,0x11,0x12,0x21,0x21,0x10,0x23,0x11,0x11,0x22,0x09,0x22,0x22,0x92,0x23,0x22,0x22,0x22,0x22,0x12,0x22,0x21,
 0x31,0x23,0x23,0x22,0x21,0x22,0x22,0x25,0x55,0x55,0x55,0x55,0x52,0x55,0x55,0x02,0x12,0x20,0x35,0x55,0x55,0x53,0x55,0x55,
 0x55,0x52,0x55,0x55,0x55,0x52,0x22,0x22,0x92,0x39,0x99,0x36,0x63,0x99,0x99,0x63,0x69,0x99,0x32,0x52,0x22,0x37,0x77,0x67,
 0x77,0x76,0x67,0x77,0x77,0x77,0x32,0x22,0x27,0x76,0x11,0x12,0x20,0x77,0x57,0x77,0x72,0x22,0x22,0x22,0x25,0x23,0x33,0x25,
 0x11,0x11,0x11,0x21,0x01,0x12,0x24,0x91,0x22,0x44,0x45,0x20,0x44,0x44,0x50,0x01,0x11,0x43,0x22,0x42,0x43,0x33,0xa4,0x15,
 0x40,0x10,0x00,0xa0,0x01,0x5a,0xaa,0xaa,0xaa,0x55,0x55,0x55,0x4a,0xaa,0xaa,0x11,0xa3,0x33,0x31,0x95,0x55,0x55,0x55,0x55,
 0x53,0x34,0x92,0x22,0x25,0x55,0x23,0x30,0x00,0x13,0x11,0x11,0x11,0x11,0x11,0x11,0x11,0x11,0x11,0x11,0x11,0x11,0x11,0x11,
 0x11,0x11,0x11,0x11,0x11,0x11,0x11,0x11,0x11,0x10,0x23,0x11,0x22,0x22,0x09,0x33,0x32,0x93,0x33,0x32,0x28,0x82,0x33,0x22,
 0x22,0x23,0x32,0x24,0x63,0x22,0x23,0x23,0x22,0x22,0x12,0x55,0x55,0x55,0x53,0x55,0x55,0x02,0x12,0x10,0x55,0x55,0x55,0x63,
 0x55,0x55,0x55,0x53,0x55,0x55,0x55,0x55,0x23,0x12,0x22,0x33,0x22,0x99,0x66,0x59,0x56,0x99,0x29,0x99,0x22,0x22,0x26,0x99,
 0x27,0x77,0x76,0x67,0x77,0x77,0x77,0x77,0x32,0x52,0x27,0x77,0x11,0x22,0x21,0x77,0x77,0x77,0x72,0x23,0x32,0x22,0x25,0x23,
 0x33,0x25,0x11,0x11,0x12,0x11,0x10,0x00,0x11,0x10,0x11,0x44,0x55,0x20,0x44,0x35,0xa0,0x01,0x21,0x44,0x22,0x43,0x44,0x23,
 0xa4,0x42,0x00,0x01,0x04,0x20,0x24,0x55,0x55,0x5a,0x55,0x55,0xa4,0x4a,0xaa,0x5a,0xa1,0x12,0x44,0x33,0x31,0x95,0x55,0x55,
 0x55,0x53,0x33,0x33,0x23,0x55,0x25,0x55,0x23,0x30,0x00,0x13,0x11,0x11,0x11,0x11,0x01,0x11,0x11,0x11,0x11,0x11,0x11,0x11,
 0x11,0x11,0x11,0x11,0x11,0x11,0x11,0x11,0x11,0x11,0x11,0x10,0x24,0x11,0x12,0x23,0x09,0x33,0x22,0x93,0x32,0x22,0x22,0x22,
 0x22,0x22,0x22,0x34,0x21,0x22,0x32,0x22,0x22,0x23,0x32,0x29,0x12,0x22,0x22,0x21,0x23,0x45,0x55,0x02,0x12,0x10,0x55,0x55,
 0x55,0x52,0x55,0x55,0x53,0x55,0x35,0x55,0x55,0x55,0x23,0x52,0x33,0x22,0x59,0x45,0x33,0x35,0x59,0x99,0x97,0x96,0x32,0x22,
 0x22,0x22,0x23,0x33,0x77,0x77,0x77,0x77,0x77,0x77,0x32,0x22,0x27,0x77,0x12,0x12,0x21,0x77,0x77,0x77,0x72,0x22,0x32,0x22,
 0x29,0x23,0x27,0x29,0x11,0x11,0x21,0x11,0x15,0xaa,0x55,0x54,0x44,0x34,0x40,0x00,0x01,0x34,0x40,0x00,0x22,0x44,0x22,0x43,
 0x44,0x23,0xa4,0x44,0x14,0x24,0x10,0x11,0x44,0x45,0x55,0x5a,0x55,0x55,0xa4,0x24,0x45,0x55,0x50,0x14,0x24,0x33,0x31,0x95,
 0x55,0x55,0x55,0x33,0x33,0x32,0x22,0x53,0x35,0x55,0x23,0x30,0x00,0x13,0x11,0x17,0x73,0x71,0x30,0x11,0x11,0x11,0x33,0x03,
 0x13,0x23,0x11,0x11,0x11,0x11,0x11,0x10,0x01,0x31,0x10,0x12,0x31,0x10,0x24,0x11,0x11,0x12,0x09,0x32,0x22,0x93,0x22,0x13,
 0x22,0x22,0x22,0x11,0x22,0x22,0x21,0x22,0x11,0x22,0x22,0x33,0x43,0x25,0x22,0x32,0x22,0x22,0x22,0x35,0x55,0x02,0x11,0x10,
 0x55,0x55,0x55,0x55,0x55,0x55,0x55,0x55,0x55,0x55,0x44,0x55,0x32,0x32,0x23,0x22,0x35,0x55,0x55,0x55,0x32,0x23,0x49,0x39,
 0x52,0x42,0x19,0x59,0x54,0x33,0x37,0x77,0x77,0x77,0x77,0x77,0x22,0x32,0x27,0x77,0x11,0x22,0x21,0x77,0x77,0x77,0x72,0x23,
 0x32,0x22,0x29,0x45,0x54,0x55,0x11,0x11,0x21,0x21,0x14,0x44,0x44,0x44,0x44,0x44,0x44,0x44,0xa5,0x41,0x01,0x10,0x11,0x44,
 0x22,0x43,0x44,0x43,0xa4,0x4a,0x14,0xa1,0x10,0x11,0x44,0x15,0x55,0x55,0x55,0xa5,0xaa,0xa4,0xa5,0xaa,0xa1,0x14,0x24,0x33,
 0x31,0x55,0x55,0x55,0x54,0x33,0x33,0x22,0x22,0x53,0x55,0x55,0x23,0x30,0x00,0x13,0x11,0x11,0x20,0x31,0x70,0x11,0x11,0x11,
 0x13,0x21,0x23,0x73,0x01,0x11,0x11,0x11,0x11,0x11,0x01,0x20,0x27,0x32,0x11,0x10,0x24,0x11,0x22,0x22,0x09,0x22,0x22,0x92,
 0x33,0x22,0x22,0x32,0x23,0x21,0x23,0x22,0x21,0x27,0x32,0x12,0x21,0x12,0x22,0x24,0x99,0x33,0x22,0x12,0x22,0x32,0x22,0x02,
 0x12,0x20,0x22,0x33,0x55,0x55,0x25,0x55,0x55,0x55,0x93,0x55,0x55,0x55,0x52,0x22,0x23,0x22,0x25,0x55,0x35,0x55,0x35,0x54,
 0x95,0x32,0x22,0x92,0x29,0x95,0x93,0x36,0x65,0x77,0x77,0x77,0x77,0x77,0x22,0x22,0x27,0x77,0x12,0x12,0x21,0x67,0x77,0x77,
 0x72,0x22,0x32,0x22,0x22,0x33,0x32,0x22,0x12,0x11,0x21,0x21,0x10,0x00,0x10,0x04,0x44,0x44,0x44,0x44,0x44,0x44,0x44,0x4a,
 0x51,0x43,0x22,0xa4,0x44,0x44,0xa4,0xa4,0x44,0x11,0x20,0x11,0x1a,0x4a,0x55,0x55,0x54,0x24,0x01,0xaa,0xaa,0xa5,0x01,0x14,
 0x43,0x33,0x31,0x55,0x55,0x55,0x54,0x33,0x22,0x22,0x25,0x35,0x55,0x55,0x23,0x30,0x00,0x13,0x11,0x12,0x00,0x10,0x70,0x11,
 0x11,0x11,0x13,0x22,0x33,0x73,0x31,0x11,0x11,0x11,0x11,0x10,0x01,0x11,0x07,0x70,0x10,0x10,0x23,0x11,0x22,0x23,0x09,0x22,
 0x22,0x92,0x33,0x12,0x32,0x22,0x22,0x22,0x27,0x33,0x21,0x25,0x23,0x22,0x11,0x12,0x22,0x23,0x22,0x22,0x22,0x32,0x33,0x25,
 0x52,0x02,0x12,0x20,0x23,0x22,0x22,0x22,0x25,0x55,0x55,0x55,0x55,0x55,0x55,0x55,0x52,0x23,0x23,0x22,0x23,0x55,0x55,0x55,
 0x45,0x55,0x33,0x52,0x22,0x22,0x22,0x43,0x99,0x93,0x99,0x92,0x77,0x77,0x77,0x77,0x22,0x52,0x27,0x77,0x12,0x11,0x11,0x57,
 0x77,0x77,0x72,0x23,0x32,0x22,0x25,0x32,0x22,0x22,0x11,0x22,0x23,0x21,0x10,0x00,0x00,0x00,0x00,0x00,0x00,0x00,0x11,0x44,
 0x44,0x44,0x41,0x43,0x22,0xa4,0x44,0x44,0xa4,0xa4,0xaa,0x11,0x20,0x04,0x1a,0xa4,0xa5,0x55,0x55,0x44,0x41,0x00,0x2a,0x55,
 0x11,0x04,0x43,0x33,0x31,0x55,0x55,0x55,0x54,0x32,0x22,0x22,0x52,0x25,0x55,0x55,0x23,0x30,0x00,0x13,0x11,0x17,0x17,0x70,
 0x73,0x11,0x11,0x11,0x13,0x20,0x33,0x73,0x11,0x11,0x11,0x11,0x11,0x17,0x72,0x71,0x21,0x32,0x71,0x10,0x23,0x21,0x21,0x23,
 0x09,0x22,0x22,0x92,0x33,0x33,0x23,0x22,0x32,0x23,0x32,0x33,0x32,0x32,0x33,0x22,0x22,0x22,0x22,0x23,0x22,0x22,0x22,0x22,
 0x22,0x25,0x55,0x02,0x12,0x20,0x22,0x32,0x23,0x32,0x22,0x45,0x35,0x55,0x54,0x55,0x55,0x55,0x52,0x22,0x23,0x23,0x23,0x55,
 0x53,0x55,0x35,0x55,0x33,0x52,0x22,0x72,0x22,0x22,0x22,0x22,0x75,0x55,0x17,0x77,0x77,0x76,0x22,0x22,0x27,0x77,0x21,0x11,
 0x21,0x77,0x73,0x77,0x73,0x33,0x32,0x32,0x2a,0x22,0x33,0x22,0x12,0x22,0x22,0x21,0x10,0x00,0x00,0x00,0x00,0x00,0x00,0x00,
 0x00,0x00,0x00,0x00,0x00,0x43,0x22,0xa4,0x44,0x44,0xa4,0x44,0x00,0x12,0x22,0x04,0x0a,0xa4,0x45,0x55,0x5a,0x5a,0xaa,0x4a,
 0xaa,0x52,0x11,0x11,0x43,0x33,0x31,0x55,0x55,0x55,0x43,0x33,0x22,0x35,0x22,0x25,0x55,0x55,0x23,0x30,0x00,0x13,0x11,0x11,
 0x10,0x01,0x11,0x11,0x11,0x11,0x11,0x11,0x11,0x11,0x11,0x11,0x11,0x11,0x11,0x11,0x11,0x11,0x11,0x10,0x01,0x10,0x24,0x21,
 0x21,0x12,0x09,0x23,0x32,0x92,0x23,0x22,0x23,0x32,0x22,0x12,0x22,0x22,0x23,0x22,0x21,0x22,0x22,0x22,0x22,0x13,0x22,0x22,
 0x22,0x22,0x22,0x22,0x22,0x02,0x11,0x10,0x33,0x33,0x33,0x32,0x25,0x22,0x22,0x22,0x22,0x55,0x55,0x55,0x52,0x22,0x52,0x22,
 0x22,0x55,0x54,0x55,0x55,0x55,0x55,0x55,0x22,0x22,0x23,0x42,0x33,0x22,0x22,0x22,0x27,0x77,0x76,0x67,0x22,0x22,0x27,0x77,
 0x21,0x12,0x21,0x77,0x77,0x33,0x73,0x33,0x32,0x22,0x25,0x22,0x22,0x22,0x11,0x22,0x22,0x21,0x10,0x01,0x00,0x00,0x00,0x00,
 0x00,0x00,0x00,0x00,0x00,0x00,0x11,0x44,0x22,0x54,0x44,0x44,0xa4,0x02,0x20,0x22,0x12,0x11,0xaa,0xa4,0x44,0x55,0xaa,0xa5,
 0x44,0x45,0xa4,0x41,0x11,0x21,0x43,0x33,0x31,0x55,0x55,0x52,0x54,0x33,0x55,0x22,0x22,0x55,0x55,0x55,0x23,0x30,0x00,0x13,
 0x11,0x11,0x11,0x11,0x11,0x11,0x11,0x11,0x11,0x11,0x11,0x11,0x11,0x11,0x11,0x11,0x11,0x11,0x11,0x11,0x11,0x11,0x11,0x10,
 0x23,0x21,0x21,0x22,0x09,0x22,0x33,0x93,0x22,0x32,0x22,0x32,0x22,0x28,0x82,0x22,0x24,0x22,0x12,0x22,0x23,0x22,0x22,0x42,
 0x83,0x22,0x28,0x32,0x22,0x22,0x22,0x02,0x11,0x10,0x22,0x22,0x33,0x33,0x25,0x55,0x53,0x22,0x22,0x33,0x33,0x33,0x22,0x22,
 0x22,0x22,0x22,0x55,0x55,0x55,0x53,0x55,0x55,0x59,0x22,0x92,0x22,0x22,0x33,0x22,0x29,0x57,0x77,0x77,0x77,0x77,0x22,0x22,
 0x27,0x76,0x21,0x12,0x21,0x77,0x33,0x22,0x22,0x33,0x32,0x22,0x22,0x22,0x25,0x55,0x21,0x22,0x22,0x21,0x11,0x22,0x02,0x11,
 0x11,0x11,0x10,0x11,0x00,0x00,0x00,0x01,0x11,0x44,0x22,0xa3,0x34,0x44,0x21,0x33,0x21,0x32,0x12,0x34,0xa5,0x5a,0x44,0x1a,
 0xaa,0x55,0x55,0xa5,0x42,0x31,0x11,0x11,0x43,0x33,0x31,0x55,0x55,0x32,0x55,0x35,0x33,0x22,0x22,0x55,0x55,0x55,0x23,0x30,
 0x00,0x13,0x11,0x10,0x01,0x11,0x11,0x11,0x11,0x11,0x01,0x10,0x00,0x10,0x11,0x01,0x11,0x11,0x11,0x11,0x11,0x01,0x11,0x11,
 0x01,0x10,0x23,0x11,0x21,0x22,0x09,0x22,0x32,0x93,0x22,0x82,0x22,0x22,0x23,0x28,0x82,0x32,0x23,0x22,0x22,0x22,0x22,0x22,
 0x11,0x32,0x22,0x22,0x28,0x22,0x12,0x22,0x22,0x02,0x11,0x20,0x22,0x22,0x22,0x22,0x22,0x23,0x55,0x55,0x52,0x55,0x32,0x22,
 0x21,0x23,0x22,0x22,0x22,0x45,0x55,0x55,0x53,0x55,0x55,0x55,0x22,0x42,0x23,0x35,0x33,0x33,0x35,0x37,0x77,0x77,0x77,0x77,
 0x22,0x32,0x27,0x76,0x21,0x22,0x21,0x97,0x32,0x33,0x23,0x33,0x32,0x22,0x23,0x99,0x99,0x59,0x22,0x22,0x22,0x21,0x12,0x12,
 0x12,0x22,0x21,0x12,0x10,0x22,0x23,0x59,0x01,0x11,0x11,0x44,0x22,0xa4,0x44,0x10,0x33,0x33,0x33,0x33,0x33,0x31,0x55,0x55,
 0x44,0x40,0xa5,0x55,0xa5,0xa5,0x13,0x31,0x11,0x41,0x43,0x33,0x31,0x95,0x55,0x25,0x53,0x22,0x22,0x22,0x25,0x55,0x55,0x55,
 0x23,0x30,0x00,0x12,0x11,0x10,0x73,0x20,0x03,0x11,0x11,0x11,0x33,0x02,0x13,0x13,0x30,0x02,0x11,0x11,0x11,0x13,0x02,0x10,
 0x07,0x03,0x10,0x10,0x24,0x10,0x21,0x13,0x09,0x23,0x32,0x93,0x22,0x32,0x23,0x32,0x33,0x28,0x32,0x32,0x33,0x23,0x22,0x22,
 0x22,0x22,0x11,0x33,0x33,0x22,0x22,0x22,0x22,0x22,0x23,0x02,0x12,0x20,0x22,0x22,0x22,0x22,0x22,0x22,0x22,0x22,0x22,0x43,
 0x45,0x55,0x51,0x22,0x52,0x22,0x21,0x53,0x52,0x22,0x22,0x45,0x55,0x55,0x22,0x22,0x23,0x32,0x32,0x22,0x22,0x77,0x77,0x77,
 0x77,0x77,0x22,0x32,0x27,0x66,0x11,0x12,0x21,0x93,0xa3,0x35,0x33,0x33,0x32,0x22,0x25,0x22,0x11,0x22,0x22,0x22,0x22,0x21,
 0x13,0x23,0x21,0x22,0x22,0x11,0x31,0x22,0x02,0x25,0x01,0x11,0x11,0x44,0x23,0xa4,0x43,0x33,0x22,0x22,0x04,0x02,0x03,0x31,
 0x5a,0xaa,0x44,0x44,0x02,0x5a,0xaa,0xa1,0x43,0x31,0x12,0x11,0x33,0x23,0x31,0x55,0x55,0x22,0x24,0x55,0x53,0x35,0x55,0x55,
 0x55,0x55,0x23,0x30,0x00,0x13,0x11,0x10,0x11,0x31,0x32,0x11,0x11,0x11,0x33,0x13,0x03,0x13,0x20,0x31,0x11,0x11,0x11,0x10,
 0x03,0x30,0x00,0x03,0x11,0x10,0x24,0x10,0x21,0x23,0x09,0x23,0x32,0x93,0x32,0x32,0x23,0x22,0x32,0x28,0x12,0x22,0x32,0x22,
 0x21,0x55,0x11,0x23,0x22,0x28,0x88,0x22,0x22,0x22,0x22,0x22,0x22,0x02,0x11,0x20,0x22,0x32,0x22,0x22,0x22,0x22,0x22,0x22,
 0x21,0x22,0x22,0x22,0x22,0x23,0x22,0x22,0x22,0x45,0x53,0x32,0x22,0x22,0x22,0x3a,0x22,0x22,0x22,0x22,0x31,0x43,0x27,0x77,
 0x77,0x77,0x77,0x77,0x22,0x22,0x27,0x67,0x11,0x12,0x21,0x93,0x33,0x2a,0xa3,0x33,0x32,0x22,0x25,0x22,0x22,0x22,0x12,0x22,
 0x22,0x21,0x13,0x00,0x00,0x00,0x01,0x22,0x31,0x22,0x00,0x11,0x01,0x11,0x12,0x44,0x23,0xaa,0x03,0x33,0x33,0x33,0x31,0x01,
 0x31,0x23,0x05,0xaa,0xa4,0x44,0x44,0x00,0x11,0x12,0x43,0x32,0x22,0x11,0x33,0x33,0x31,0x55,0x55,0x55,0x55,0x55,0x55,0x55,
 0x55,0x55,0x55,0x55,0x23,0x30,0x00,0x13,0x11,0x13,0x17,0x10,0x03,0x11,0x11,0x11,0x32,0x12,0x13,0x03,0x30,0x02,0x11,0x11,
 0x11,0x10,0x03,0x10,0x30,0x03,0x11,0x11,0x24,0x10,0x21,0x22,0x09,0x33,0x33,0x95,0x33,0x22,0x23,0x32,0x33,0x32,0x22,0x23,
 0x31,0x22,0x22,0x22,0x22,0x22,0x24,0x45,0x53,0x28,0x88,0x33,0x32,0x22,0x22,0x02,0x11,0x20,0x23,0x22,0x22,0x22,0x22,0x22,
 0x22,0x22,0x22,0x22,0x33,0x22,0x22,0x22,0x22,0x22,0x22,0x22,0x22,0x32,0x22,0x53,0x25,0x23,0x22,0x92,0x22,0x22,0x22,0x12,
 0x77,0x77,0x67,0x77,0x77,0x77,0x22,0x22,0x27,0x77,0x11,0x12,0x21,0x73,0x33,0x22,0x32,0x33,0x32,0x22,0x25,0x22,0x22,0x22,
 0x12,0x22,0x22,0x21,0x11,0x44,0x13,0x15,0x94,0x02,0x31,0x22,0x02,0x39,0x11,0x11,0x11,0x44,0x23,0x41,0x33,0x33,0x33,0x33,
 0x33,0x10,0x33,0x33,0x05,0x55,0xa4,0x44,0x44,0x00,0x10,0x01,0x43,0x31,0x11,0x11,0x33,0x33,0x31,0x95,0x55,0x55,0x55,0x55,
 0x55,0x55,0x55,0x55,0x55,0x55,0x23,0x30,0x00,0x13,0x11,0x11,0x11,0x01,0x01,0x11,0x11,0x11,0x01,0x10,0x00,0x00,0x01,0x10,
 0x11,0x11,0x11,0x10,0x01,0x01,0x10,0x01,0x01,0x10,0x23,0x10,0x21,0x12,0x09,0x33,0x33,0x93,0x33,0x27,0x33,0x33,0x32,0x22,
 0x22,0x23,0x22,0x22,0x22,0x22,0x22,0x32,0x23,0x33,0x32,0x23,0x43,0x42,0x43,0x23,0x22,0x12,0x12,0x20,0x22,0x22,0x22,0x22,
 0x22,0x22,0x22,0x22,0x22,0x32,0x22,0x22,0x22,0x22,0x23,0x22,0x24,0x22,0x22,0x22,0x22,0x23,0x33,0x43,0x22,0x42,0x13,0x43,
 0x66,0x67,0x77,0x66,0x77,0x77,0x77,0x77,0x22,0x52,0x37,0x77,0x21,0x22,0x21,0x73,0x23,0x22,0x62,0x33,0x32,0x22,0x25,0x22,
 0x22,0x23,0x22,0x22,0x22,0x21,0x10,0x11,0x11,0x41,0x05,0x51,0x21,0x21,0x02,0x23,0x12,0x11,0x11,0x43,0x22,0x23,0x33,0x33,
 0x11,0x00,0x03,0x33,0x03,0x33,0x31,0x55,0x55,0x44,0xa0,0x00,0x30,0x21,0x23,0x31,0x11,0x11,0x43,0x33,0x31,0x95,0x55,0x55,
 0x55,0x55,0x55,0x55,0x55,0x55,0x55,0x55,0x23,0x30,0x00,0x13,0x11,0x11,0x11,0x11,0x11,0x11,0x11,0x11,0x11,0x11,0x11,0x11,
 0x11,0x11,0x11,0x11,0x11,0x11,0x11,0x11,0x11,0x11,0x11,0x10,0x23,0x10,0x21,0x12,0x09,0x33,0x33,0x93,0x33,0x32,0x32,0x32,
 0x33,0x32,0x22,0x33,0x22,0x22,0x22,0x22,0x22,0x22,0x23,0x33,0x22,0x22,0x22,0x22,0x23,0x33,0x42,0x02,0x12,0x20,0x22,0x22,
 0x22,0x22,0x22,0x22,0x22,0x22,0x22,0x22,0x22,0x22,0x22,0x22,0x32,0x22,0x23,0x22,0x22,0x23,0x22,0x22,0x22,0x22,0x22,0x22,
 0x17,0x36,0x66,0x77,0x77,0x77,0x77,0x77,0x77,0x77,0x22,0x32,0x37,0x76,0x21,0x11,0x21,0x53,0x23,0x33,0x73,0x33,0x32,0x32,
 0x25,0x23,0x22,0x23,0x22,0x22,0x22,0x21,0x11,0x11,0x02,0x51,0x35,0xa4,0x10,0x11,0x12,0x22,0x21,0x11,0x11,0x43,0x21,0x33,
 0x33,0x23,0x22,0x33,0x31,0x23,0x23,0x33,0x31,0x55,0x55,0x54,0xa0,0x00,0x21,0x23,0x11,0x31,0x11,0x11,0x41,0x32,0x31,0x95,
 0x55,0x55,0x55,0x44,0x45,0x55,0x55,0x55,0x54,0x55,0x23,0x30,0x00,0x23,0x11,0x11,0x11,0x11,0x11,0x11,0x11,0x11,0x11,0x11,
 0x11,0x11,0x11,0x11,0x11,0x11,0x11,0x11,0x11,0x11,0x11,0x11,0x11,0x10,0x23,0x10,0x21,0x12,0x09,0x33,0x33,0x93,0x33,0x33,
 0x22,0x33,0x32,0x22,0x22,0x42,0x22,0x22,0x22,0x22,0x22,0x22,0x22,0x22,0x22,0x22,0x22,0x22,0x22,0x23,0x22,0x02,0x12,0x20,
 0x23,0x22,0x22,0x23,0x33,0x33,0x22,0x22,0x22,0x22,0x22,0x22,0x22,0x22,0x22,0x22,0x33,0x42,0x22,0x22,0x22,0x23,0x33,0x92,
 0x22,0x22,0x16,0x66,0x67,0x77,0x77,0x77,0x77,0x77,0x77,0x77,0x23,0x32,0x37,0x77,0x11,0x12,0x21,0x53,0x33,0x33,0x33,0x33,
 0x32,0x22,0x25,0x23,0x32,0x23,0x22,0x22,0x22,0x21,0x14,0x00,0x01,0x00,0x00,0x0a,0xa0,0x23,0x32,0x33,0x67,0x01,0x11,0x44,
 0x13,0x33,0x32,0x43,0x33,0x33,0x33,0x33,0x53,0x53,0x33,0x05,0x55,0xaa,0x00,0x01,0x13,0x02,0x33,0x01,0x11,0x11,0x05,0x59,
 0x41,0x55,0x55,0x55,0x53,0x55,0x63,0x55,0x55,0x50,0x46,0x53,0x23,0x30,0x00,0x13,0x04,0x66,0x41,0x11,0x11,0x11,0x11,0x11,
 0x11,0x11,0x11,0x11,0x11,0x11,0x11,0x11,0x11,0x11,0x11,0x11,0x11,0x11,0x11,0x10,0x23,0x20,0x21,0x12,0x05,0x33,0x33,0x93,
 0x32,0x33,0x72,0x22,0x33,0x32,0x23,0x22,0x32,0x22,0x22,0x23,0x22,0x32,0x22,0x22,0x22,0x22,0x22,0x23,0x32,0x23,0x22,0x02,
 0x12,0x20,0x35,0x44,0x22,0x23,0x33,0x33,0x33,0x33,0x22,0x22,0x22,0x22,0x35,0x23,0x24,0x22,0x32,0x22,0x23,0x22,0x22,0x22,
 0x23,0x92,0x22,0x92,0x16,0x67,0x77,0x77,0x77,0x27,0x21,0x77,0x23,0x77,0x22,0x32,0x22,0x77,0x22,0x22,0x21,0x93,0x39,0x33,
 0x33,0x33,0x32,0x22,0x29,0x23,0x33,0x43,0x22,0x22,0x22,0x21,0x11,0x21,0x23,0x52,0x24,0x94,0x02,0x22,0x73,0x12,0x35,0x31,
 0x11,0x41,0x23,0x33,0x33,0x33,0x33,0x33,0x33,0x22,0x33,0x03,0x33,0x14,0x4a,0x54,0x00,0x00,0x23,0x32,0x13,0x11,0x11,0x11,
 0x00,0x01,0x09,0x54,0x55,0x55,0x52,0x11,0x24,0x25,0x53,0x41,0x12,0xa0,0x23,0x30,0x00,0x13,0x00,0x21,0x40,0x11,0x11,0x11,
 0x11,0x11,0x11,0x11,0x11,0x11,0x11,0x11,0x11,0x11,0x11,0x11,0x11,0x11,0x11,0x11,0x11,0x10,0x23,0x10,0x21,0x22,0x15,0x33,
 0x33,0x53,0x23,0x37,0x32,0x23,0x73,0x73,0x23,0x22,0x22,0x11,0x22,0x22,0x23,0x22,0x29,0x92,0x22,0x62,0x22,0x33,0x22,0x22,
 0x22,0x02,0x11,0x20,0x23,0x33,0x22,0x33,0x33,0x33,0x33,0x32,0x23,0x22,0x24,0x22,0x32,0x22,0x22,0x24,0x55,0x34,0x33,0x32,
 0x22,0x22,0x25,0x92,0x22,0x22,0x17,0x77,0x77,0x77,0x77,0x22,0x31,0x66,0x22,0x77,0x22,0x22,0x22,0x77,0x22,0x11,0x10,0x11,
 0x33,0x33,0x33,0x33,0x32,0x22,0x25,0x23,0x32,0x23,0x22,0x22,0x22,0x21,0x12,0x20,0x22,0x40,0x13,0x95,0x51,0x12,0x31,0x11,
 0x20,0x31,0x11,0x42,0x23,0x33,0x33,0x33,0x33,0x33,0x33,0x33,0x33,0x24,0x43,0x33,0x5a,0xa4,0x40,0x01,0x23,0x32,0x23,0x40,
 0x21,0x11,0x04,0x15,0x44,0x45,0x55,0x55,0x52,0x10,0x14,0x25,0x55,0x41,0x11,0xa0,0x23,0x30,0x00,0x13,0x01,0x01,0x40,0x11,
 0x11,0x11,0x11,0x11,0x11,0x11,0x11,0x11,0x11,0x11,0x11,0x11,0x11,0x11,0x11,0x11,0x11,0x11,0x11,0x10,0x23,0x10,0x21,0x23,
 0x15,0x23,0x33,0x53,0x22,0x23,0x32,0x31,0x01,0x23,0x66,0x72,0x22,0x23,0x22,0x22,0x22,0x22,0x23,0x92,0x22,0x32,0x23,0x33,
 0x33,0x22,0x23,0x02,0x11,0x20,0x22,0x33,0x23,0x33,0x33,0x23,0x33,0x34,0x23,0x33,0x42,0x23,0x22,0x32,0x22,0x24,0x42,0x44,
 0x45,0x52,0x22,0x22,0x39,0x92,0x32,0x52,0x17,0x77,0x77,0x77,0x77,0x22,0x22,0x33,0x23,0x32,0x32,0x22,0x23,0x67,0x21,0x02,
 0x44,0x44,0x00,0x33,0x63,0x33,0x32,0x22,0x25,0x22,0x33,0x23,0x22,0x22,0x22,0x21,0x11,0x00,0x24,0x52,0x13,0x49,0xa1,0x12,
 0x33,0x22,0x50,0x31,0x12,0x43,0x33,0x34,0x33,0x33,0x33,0x33,0x33,0x33,0x33,0x31,0x33,0x31,0xaa,0xa0,0x41,0x01,0x23,0x32,
 0x34,0x33,0x01,0x10,0x44,0x25,0x45,0x34,0x45,0x55,0x52,0x21,0x24,0x35,0x44,0x41,0x23,0xa0,0x23,0x30,0x00,0x13,0x01,0x24,
 0x40,0x11,0x11,0x11,0x11,0x11,0x11,0x11,0x11,0x11,0x11,0x11,0x11,0x11,0x11,0x11,0x11,0x10,0x00,0x11,0x11,0x11,0x23,0x20,
 0x21,0x23,0x15,0x77,0x77,0x59,0x77,0x77,0x32,0x21,0x22,0x22,0x02,0x23,0x77,0x79,0x77,0x76,0x73,0x33,0x33,0x99,0x99,0x79,
 0x95,0x22,0x22,0x22,0x22,0x12,0x11,0x10,0x22,0x22,0x22,0x33,0x33,0x23,0x32,0x33,0x33,0x33,0x22,0x22,0x22,0x22,0x23,0x33,
 0x32,0x22,0x22,0x24,0x43,0x44,0x25,0x66,0x32,0x42,0x27,0x77,0x77,0x74,0x44,0x44,0x44,0x43,0x33,0x35,0x59,0x23,0x43,0x36,
 0x14,0x44,0x42,0x22,0x33,0x21,0x33,0x33,0x32,0x22,0x25,0x23,0x33,0x23,0x22,0x22,0x22,0x21,0x11,0x00,0x25,0x54,0x03,0x29,
 0xa0,0x01,0x32,0x22,0x51,0x31,0x11,0x03,0x33,0x03,0x33,0x33,0x33,0x31,0x10,0x02,0x33,0x11,0x31,0x12,0x4a,0xa4,0xa4,0x01,
 0x43,0x35,0x23,0x13,0x21,0x12,0x04,0x11,0x05,0x94,0x49,0x15,0x52,0x01,0x24,0x25,0x55,0x51,0x12,0xa0,0x23,0x30,0x00,0x13,
 0x01,0x11,0x40,0x11,0x11,0x11,0x11,0x11,0x11,0x21,0x37,0x31,0x30,0x01,0x77,0x03,0x11,0x11,0x11,0x33,0x34,0x31,0x31,0x11,
 0x23,0x20,0x21,0x23,0x15,0x77,0x39,0x55,0x57,0x70,0x22,0x00,0x12,0x22,0x22,0x22,0x77,0x39,0x77,0x23,0x73,0x33,0x33,0x93,
 0x22,0x72,0x29,0x22,0x34,0x52,0x22,0x02,0x11,0x20,0x22,0x22,0x33,0x32,0x22,0x22,0x22,0x22,0x22,0x22,0x22,0x22,0x22,0x22,
 0x33,0x33,0x33,0x22,0x33,0x33,0x33,0x32,0x66,0x66,0x32,0x22,0x27,0x77,0x77,0x74,0x32,0x22,0x24,0x22,0x22,0x45,0x33,0x22,
 0x33,0x30,0x42,0x44,0x11,0x22,0x21,0x21,0x21,0x33,0x32,0x32,0x25,0x59,0x99,0x96,0x22,0x22,0x22,0x21,0x10,0x00,0x03,0x22,
 0x11,0x13,0x10,0x00,0x32,0x23,0x31,0x31,0x11,0x03,0x32,0x03,0x33,0x33,0x33,0x02,0x31,0x52,0x33,0x21,0x20,0x02,0x44,0xaa,
 0xaa,0x01,0x33,0x35,0x13,0x13,0x32,0x10,0x02,0x04,0x00,0x40,0x29,0x23,0x51,0x01,0x14,0x25,0x55,0x51,0x12,0x40,0x23,0x30,
 0x00,0x13,0x01,0x22,0xa0,0x11,0x11,0x11,0x11,0x11,0x11,0x31,0x71,0x33,0x30,0x21,0x77,0x03,0x11,0x11,0x13,0x33,0x33,0x43,
 0x20,0x10,0x23,0x20,0x21,0x22,0x15,0x73,0x35,0x55,0x55,0x31,0x10,0x01,0x22,0x22,0x12,0x10,0x15,0x35,0x77,0x23,0x33,0x73,
 0x23,0x95,0x22,0x52,0x29,0x22,0x23,0x32,0x22,0x02,0x12,0x20,0x22,0x32,0x22,0x22,0x23,0x33,0x22,0x22,0x22,0x22,0x22,0x22,
 0x23,0x23,0x22,0x22,0x22,0x22,0x22,0x22,0x23,0x36,0x66,0x66,0x22,0x32,0x26,0x67,0x67,0x74,0x33,0x23,0x34,0x23,0x23,0x34,
 0x25,0x22,0x33,0x14,0x33,0x45,0x11,0x12,0x14,0x44,0x11,0x03,0x32,0x32,0x25,0x37,0x77,0x79,0x22,0x22,0x22,0x21,0x10,0x02,
 0x36,0x6a,0xa5,0x56,0x90,0x01,0x22,0x33,0x33,0x31,0x11,0x03,0x32,0x33,0x33,0x32,0x13,0x55,0x54,0x44,0x23,0x31,0x00,0x00,
 0x1a,0x45,0x51,0x00,0x33,0x10,0x13,0x13,0x31,0x12,0x10,0x01,0x22,0x31,0x45,0x10,0x53,0x10,0x14,0x25,0x55,0x51,0x22,0x40,
 0x33,0x30,0x00,0x23,0x04,0x22,0xa0,0x11,0x11,0x11,0x11,0x11,0x11,0x11,0x37,0x33,0x30,0x30,0x77,0x03,0x11,0x11,0x33,0x33,
 0x34,0x42,0x11,0x10,0x23,0x20,0x21,0x23,0x09,0x55,0x27,0x59,0x77,0x02,0x00,0x22,0x22,0x22,0x20,0x01,0x59,0x75,0x97,0x37,
 0x53,0x37,0x23,0x93,0x22,0x57,0x39,0x22,0x22,0x22,0x22,0x02,0x12,0x20,0x22,0x22,0x22,0x22,0x22,0x22,0x22,0x22,0x22,0x22,
 0x22,0x33,0x33,0x22,0x22,0x32,0x22,0x22,0x22,0x26,0x67,0x77,0x66,0x63,0x22,0x23,0x26,0x77,0x77,0x74,0x32,0x22,0x34,0x23,
 0x23,0x34,0x55,0x22,0x33,0x04,0x23,0x34,0x11,0x11,0x11,0x40,0x41,0x13,0x32,0x32,0x25,0x33,0x33,0x33,0x22,0x22,0x22,0x21,
 0x12,0x22,0x36,0x64,0x42,0x49,0x90,0x01,0x22,0x23,0x35,0x21,0x21,0x33,0x31,0x33,0x33,0x33,0x55,0x45,0x25,0x45,0x13,0x33,
 0x01,0x03,0x14,0x44,0x15,0x40,0x21,0x00,0x23,0x13,0x31,0x42,0x34,0xa4,0x22,0x12,0x35,0x95,0x14,0x00,0x11,0x35,0x45,0x50,
 0x00,0x00,0x32,0x30,0x00,0x23,0x00,0x00,0x00,0x11,0x11,0x11,0x11,0x11,0x11,0x11,0x11,0x11,0x10,0x01,0x11,0x11,0x11,0x11,
 0x33,0x33,0x33,0x21,0x31,0x10,0x23,0x20,0x21,0x23,0x09,0x33,0x37,0x59,0x76,0x10,0x00,0x00,0x10,0x01,0x04,0x43,0x76,0x75,
 0x57,0x77,0x53,0x33,0x33,0x92,0x23,0x39,0x79,0x22,0x22,0x22,0x22,0x01,0x12,0x20,0x22,0x22,0x22,0x23,0x22,0x22,0x22,0x32,
 0x12,0x22,0x22,0x22,0x33,0x22,0x12,0x23,0x22,0x22,0x22,0x21,0x67,0x77,0x76,0x63,0x22,0x22,0x26,0x77,0x77,0x62,0x22,0x22,
 0x23,0x22,0x22,0x24,0x34,0x32,0x33,0x14,0x43,0x24,0x22,0x22,0x14,0x20,0x11,0x13,0x32,0x23,0x25,0x23,0x33,0x23,0x22,0x22,
 0x22,0x21,0x12,0x23,0x36,0x64,0x42,0x19,0x91,0x00,0x00,0x00,0x00,0x00,0x00,0x33,0x30,0x33,0x33,0x33,0x55,0x49,0x34,0x34,
 0x13,0x33,0x01,0x03,0x23,0x5a,0xa5,0x40,0x30,0x10,0x33,0x13,0x30,0x21,0x22,0x22,0x22,0x02,0x24,0x55,0x45,0x00,0x10,0x55,
 0x55,0x52,0x04,0x13,0x33,0x30,0x00,0x23,0x24,0x52,0x50,0x11,0x11,0x11,0x11,0x11,0x10,0x33,0x33,0x00,0x21,0x73,0x13,0x01,
 0x11,0x11,0x33,0x33,0x33,0x12,0x31,0x10,0x24,0x20,0x21,0x23,0x09,0x33,0x37,0x59,0x32,0x00,0x00,0x00,0x10,0x10,0x04,0x57,
 0x73,0x75,0x27,0x72,0x52,0x33,0x73,0x92,0x77,0x35,0x79,0x22,0x29,0x22,0x62,0x02,0x12,0x10,0x62,0x22,0x32,0x66,0x32,0x62,
 0x22,0x22,0x67,0x32,0x22,0x22,0x32,0x53,0x62,0x23,0x26,0x32,0x22,0x23,0x37,0x72,0x36,0x63,0x23,0x92,0x27,0x77,0x73,0x6a,
 0x33,0x33,0x34,0x23,0x33,0x34,0x54,0x32,0x41,0x44,0x43,0x20,0x13,0x11,0x12,0x24,0x41,0x13,0x32,0x33,0x35,0x23,0x33,0x23,
 0x12,0x22,0x22,0x21,0x12,0x23,0x36,0x63,0x33,0x86,0x91,0x44,0x4a,0xa4,0x44,0x44,0x13,0x33,0x32,0x23,0x33,0x33,0x25,0x34,
 0x55,0x54,0x52,0x33,0x30,0x33,0x30,0x5a,0xaa,0x40,0x23,0x31,0x33,0x03,0x35,0x10,0x22,0x22,0x22,0x02,0x15,0x25,0x55,0x03,
 0x90,0x55,0x20,0x10,0x35,0x50,0x30,0x10,0x00,0x12,0x04,0x31,0x50,0x11,0x11,0x11,0x11,0x11,0x10,0x32,0x32,0x01,0x21,0x73,
 0x03,0x11,0x11,0x11,0x33,0x33,0x30,0x33,0x31,0x10,0x24,0x20,0x21,0x22,0x09,0x75,0x37,0x55,0x71,0x00,0x00,0x00,0x00,0x00,
 0x05,0x07,0x77,0x37,0x77,0x37,0x33,0x23,0x33,0x93,0x33,0x37,0x39,0x22,0x52,0x23,0x73,0x02,0x11,0x20,0x23,0x42,0x26,0x62,
 0x62,0x22,0x22,0x27,0x67,0x22,0x43,0x22,0x23,0x42,0x66,0x22,0x32,0x62,0x25,0x23,0x26,0x23,0x36,0x22,0x32,0x22,0x22,0x72,
 0x73,0x74,0x33,0x23,0x34,0x22,0x23,0x35,0x25,0x32,0x11,0x42,0x44,0x40,0x11,0x11,0x00,0x00,0x01,0x13,0x33,0x33,0x35,0x33,
 0x33,0x33,0x22,0x22,0x22,0x21,0x02,0x22,0x36,0x63,0xa3,0x75,0x50,0x44,0x44,0x44,0x44,0x44,0x03,0x32,0x33,0x12,0x33,0x33,
 0x33,0x52,0x53,0x11,0x12,0x33,0x30,0x33,0x33,0x55,0x5a,0x40,0x13,0x31,0x22,0x13,0x33,0x11,0x22,0x22,0x22,0x22,0x15,0x34,
 0x54,0x11,0x11,0x13,0x24,0x00,0x02,0x12,0x20,0x05,0x04,0x44,0x42,0x11,0x11,0x01,0x11,0x11,0x11,0x11,0x00,0x23,0x33,0x01,
 0x22,0x73,0x11,0x01,0x11,0x11,0x23,0x33,0x13,0x32,0x11,0x10,0x23,0x20,0x21,0x12,0x09,0x25,0x33,0x55,0x77,0x00,0x00,0x00,
 0x00,0x40,0x24,0x07,0x37,0x22,0x37,0x72,0x23,0x63,0x23,0x59,0x33,0x35,0x59,0x32,0x22,0x27,0x32,0x02,0x12,0x20,0x22,0x22,
 0x26,0x62,0x62,0x22,0x52,0x27,0x73,0x32,0x22,0x62,0x23,0x23,0x66,0x22,0x22,0x67,0x22,0x22,0x27,0x32,0x53,0x22,0x42,0x25,
 0x23,0x53,0x73,0x34,0x33,0x33,0x34,0x33,0x32,0x35,0x45,0x32,0x00,0x01,0x11,0x00,0x11,0x12,0x23,0x22,0x10,0x03,0x33,0x33,
 0x35,0x33,0x33,0x33,0x22,0x22,0x22,0x21,0x12,0x22,0x35,0x64,0x53,0x75,0x50,0x00,0x00,0x00,0x00,0x00,0x33,0x33,0x23,0x31,
 0x33,0x33,0x30,0x52,0x11,0x33,0x33,0x34,0x30,0x00,0x33,0x5a,0xa5,0xa1,0x03,0x33,0x21,0x33,0x33,0x01,0x00,0x00,0x00,0x00,
 0x05,0x35,0x51,0x22,0xaa,0x44,0x4a,0x04,0x4a,0xa5,0xa1,0x49,0xa9,0xa5,0x44,0x42,0x49,0x50,0x11,0x11,0x11,0x11,0x10,0x00,
 0x11,0x11,0x11,0x11,0x11,0x11,0x11,0x03,0x03,0x22,0x33,0x33,0x11,0x10,0x23,0x20,0x21,0x12,0x09,0x25,0x33,0x35,0x32,0x00,
 0x00,0x00,0x00,0x40,0x45,0x47,0x72,0x23,0x33,0x72,0x29,0x63,0x22,0x53,0x22,0x33,0x59,0x33,0x22,0x22,0x32,0x02,0x12,0x20,
 0x22,0x22,0x22,0x22,0x22,0x22,0x22,0x23,0x33,0x22,0x22,0x22,0x23,0x32,0x23,0x33,0x33,0x22,0x22,0x22,0x22,0x33,0x32,0x22,
 0x32,0x23,0x22,0x23,0x53,0x95,0x33,0x33,0x34,0x23,0x33,0x24,0x35,0x12,0x01,0x11,0x02,0x14,0x21,0x11,0x22,0x22,0x22,0x11,
 0x33,0x33,0x39,0x23,0x33,0x33,0x22,0x22,0x22,0x21,0x12,0x22,0x35,0x64,0x53,0x35,0x50,0x00,0x00,0x00,0x00,0x00,0x33,0x02,
 0x13,0x31,0x33,0x33,0x33,0x33,0x33,0x33,0x33,0x33,0x31,0x02,0x03,0x0a,0xa5,0x52,0x03,0x32,0x00,0x33,0x23,0x40,0x1a,0x02,
 0x12,0x20,0x15,0x04,0x51,0x04,0x92,0x49,0x90,0x44,0x96,0x44,0x24,0x90,0x22,0x14,0xa9,0x9a,0x34,0x59,0x19,0x21,0x11,0x11,
 0x10,0x21,0x07,0x27,0x21,0x01,0x30,0x37,0x11,0x02,0x02,0x23,0x33,0x21,0x11,0x10,0x23,0x20,0x21,0x12,0x09,0x23,0x62,0x35,
 0x22,0x00,0x00,0x00,0x01,0xa2,0x45,0x51,0x32,0x22,0x22,0x32,0x23,0x33,0x22,0x32,0x22,0x23,0x22,0x56,0x66,0x99,0x99,0x02,
 0x12,0x20,0x99,0x99,0x99,0x99,0x96,0x66,0x66,0x69,0x99,0x99,0x69,0x99,0x96,0x66,0x66,0x99,0x99,0x99,0x99,0x96,0x66,0x69,
 0x69,0x55,0x59,0x99,0x55,0x55,0x13,0x25,0x23,0x22,0x23,0x23,0x23,0x34,0x35,0x32,0x10,0xa4,0x01,0x14,0x40,0x41,0x21,0x33,
 0x44,0x32,0x12,0x33,0x35,0x33,0x33,0x33,0x22,0x22,0x22,0x21,0x02,0x22,0x35,0x64,0x53,0x4a,0x50,0x00,0x00,0x00,0x00,0x00,
 0x33,0x02,0x13,0x31,0x33,0x34,0x33,0x23,0x12,0x33,0x33,0x33,0x33,0x03,0x13,0x05,0x44,0x52,0x03,0x32,0x00,0x23,0x03,0x30,
 0x14,0x12,0x01,0x20,0x09,0x33,0x51,0x04,0x40,0x12,0x30,0x11,0x55,0x34,0x04,0x42,0x02,0x22,0x24,0x66,0x64,0x96,0x40,0x11,
 0x11,0x11,0x11,0x12,0x00,0x37,0x71,0x01,0x23,0x71,0x11,0x13,0x10,0x11,0x11,0x11,0x11,0x11,0x23,0x20,0x21,0x12,0x09,0x77,
 0x33,0x39,0x77,0x10,0x00,0x00,0x00,0x1a,0xaa,0x36,0x77,0x75,0x77,0x76,0x77,0x76,0x66,0x59,0x96,0x55,0x77,0x77,0x73,0x27,
 0x77,0x02,0x12,0x10,0x77,0x77,0x77,0x99,0x99,0x99,0x75,0x55,0x77,0x77,0x37,0x77,0x77,0x77,0x37,0x77,0x33,0x77,0x77,0x77,
 0x32,0x22,0x77,0x77,0x75,0x77,0x77,0x77,0x22,0x22,0x22,0x22,0x22,0x22,0x23,0x33,0x33,0x10,0x04,0x01,0x00,0x4a,0x00,0x03,
 0x43,0x00,0x20,0x00,0x01,0x33,0x39,0x39,0x99,0x99,0x22,0x22,0x22,0x21,0x02,0x22,0x35,0x64,0xa3,0x4a,0x50,0x00,0x00,0x10,
 0x00,0x01,0x33,0x33,0x23,0x31,0x03,0x33,0x33,0x33,0x31,0x23,0x33,0x33,0x33,0x10,0x31,0x05,0x1a,0x54,0x03,0x33,0x00,0x30,
 0x13,0x34,0x09,0x59,0x55,0x61,0x19,0x39,0x51,0x02,0x40,0x00,0x00,0x11,0x44,0x10,0x02,0x01,0x00,0x01,0x21,0x69,0x44,0x26,
 0x40,0x11,0x11,0x11,0x11,0x23,0x00,0x37,0x31,0x01,0x23,0x13,0x11,0x11,0x11,0x11,0x11,0x11,0x11,0x10,0x24,0x20,0x21,0x12,
 0x09,0x66,0x67,0x99,0x60,0x00,0x00,0x00,0x15,0x4a,0x4a,0x22,0x66,0x66,0x66,0x66,0x66,0x66,0x66,0x66,0x95,0x69,0x66,0x69,
 0x67,0x55,0x76,0x02,0x12,0x10,0x99,0x66,0x22,0x22,0x22,0x29,0x77,0x73,0x37,0x75,0x39,0x66,0x66,0x77,0x77,0x77,0x33,0x77,
 0x76,0x66,0x55,0x55,0x16,0x63,0x25,0x77,0x77,0x77,0x62,0x29,0x62,0x52,0x19,0x22,0x63,0x23,0x92,0x00,0x04,0x30,0x10,0xaa,
 0x44,0x10,0x04,0x22,0x22,0x01,0x00,0x03,0x39,0x37,0x76,0x29,0x22,0x22,0x22,0x21,0x02,0x22,0x35,0x64,0x53,0x45,0x50,0x01,
 0x10,0x10,0x01,0x01,0x33,0x33,0x23,0x31,0x03,0x33,0x33,0x33,0x33,0x22,0x23,0x33,0x33,0x10,0x21,0x15,0x1a,0xa4,0x02,0x22,
 0x00,0x21,0x33,0x33,0x04,0x12,0x11,0x10,0x15,0x25,0x50,0x20,0x11,0x14,0x40,0x21,0x44,0x10,0x02,0x10,0x00,0x02,0x22,0xa9,
 0x44,0x2a,0x40,0x11,0x11,0x11,0x11,0x32,0x13,0x13,0x31,0x31,0x31,0x33,0x11,0x11,0x11,0x11,0x11,0x11,0x11,0x11,0x23,0x20,
 0x22,0x22,0x09,0x66,0x66,0x69,0x73,0x22,0x20,0x00,0x4a,0xaa,0x44,0x15,0xa4,0x37,0x77,0x77,0x77,0x79,0x99,0x57,0x97,0x77,
 0x77,0x77,0x73,0x25,0x77,0x02,0x12,0x20,0x67,0x77,0x33,0x23,0x22,0x20,0x79,0x96,0x66,0x97,0x96,0x99,0x96,0x99,0x99,0x66,
 0x69,0x99,0x59,0x99,0x33,0x23,0x26,0x23,0x33,0x26,0x67,0x33,0x33,0x32,0x33,0x33,0x33,0x33,0x33,0x33,0x33,0x71,0x00,0x43,
 0x14,0xa4,0x41,0x41,0x24,0x10,0x01,0x17,0x32,0x23,0x39,0x33,0x33,0x25,0x22,0x22,0x22,0x21,0x02,0x22,0x35,0x64,0x53,0x4a,
 0x50,0x11,0x10,0x10,0x12,0x01,0x33,0x33,0x12,0x33,0x03,0x31,0x33,0x33,0x33,0x33,0x33,0x34,0x41,0x40,0x23,0x0a,0x54,0xa5,
 0x00,0x23,0x10,0x03,0x33,0x23,0x10,0x11,0x00,0x00,0x15,0x13,0x51,0x00,0x00,0x00,0x00,0x00,0x00,0x00,0x00,0x44,0x41,0x02,
 0x12,0xa9,0x42,0x2a,0x40,0x11,0x11,0x11,0x11,0x11,0x11,0x11,0x11,0x11,0x11,0x11,0x11,0x11,0x11,0x11,0x11,0x11,0x11,0x11,
 0x23,0x20,0x21,0x22,0x09,0x77,0x77,0x31,0x20,0x02,0x12,0x33,0x4a,0x42,0x44,0x40,0x45,0x47,0x77,0x77,0x77,0x77,0x77,0x77,
 0x77,0x77,0x77,0x77,0x23,0x35,0x27,0x02,0x12,0x20,0x77,0x77,0x32,0x23,0x22,0x22,0x77,0x77,0x77,0x77,0x77,0x77,0x77,0x77,
 0x77,0x77,0x77,0x77,0x77,0x77,0x22,0x33,0x26,0x23,0x34,0x27,0x77,0x77,0x77,0x99,0x96,0x66,0x66,0x66,0x99,0x56,0x63,0x20,
 0x00,0x24,0x04,0xaa,0x54,0x14,0x24,0x00,0x03,0x75,0x33,0x33,0x79,0x33,0x33,0x23,0x22,0x22,0x22,0x21,0x02,0x12,0x35,0x63,
 0x53,0x44,0x50,0x11,0x21,0x11,0x12,0x03,0x33,0x13,0x30,0x33,0x32,0x33,0x33,0x33,0x33,0x33,0x33,0x33,0x33,0x20,0x22,0x01,
 0xa2,0x54,0x00,0x21,0x20,0x23,0x32,0x33,0x30,0x44,0x44,0x41,0x19,0x45,0x51,0x02,0x51,0x11,0x00,0x12,0x29,0x10,0x00,0x00,
 0x22,0x02,0x12,0xa5,0x43,0x4a,0x40,0x11,0x11,0x11,0x11,0x11,0x11,0x11,0x11,0x11,0x11,0x11,0x11,0x11,0x11,0x11,0x11,0x11,
 0x11,0x11,0x24,0x20,0x21,0x12,0x09,0x59,0x62,0x77,0x23,0x21,0x01,0x23,0x3a,0x25,0x00,0xa0,0x5a,0x59,0x99,0x99,0x99,0x99,
 0x99,0x99,0x99,0x99,0x99,0x99,0x11,0x21,0x29,0x02,0x12,0x20,0x99,0x99,0x22,0x22,0x22,0x24,0x99,0x96,0x77,0x77,0x77,0x77,
 0x77,0x77,0x77,0x77,0x55,0x59,0x99,0x79,0x33,0x33,0x12,0x22,0x22,0x27,0x77,0x77,0x77,0x77,0x77,0x77,0x77,0x77,0x77,0x77,
 0x12,0x20,0x00,0x00,0x12,0x4a,0x44,0x44,0xaa,0x02,0x42,0x75,0x33,0x33,0x39,0x33,0x33,0x23,0x22,0x22,0x22,0x21,0x12,0x22,
 0x35,0x63,0x53,0x44,0x90,0x12,0x30,0x21,0x11,0x03,0x33,0x03,0x31,0x13,0x32,0x33,0x33,0x33,0x33,0x33,0x33,0x33,0x33,0x33,
 0x22,0x00,0x00,0x40,0x00,0x30,0x30,0x33,0x02,0x33,0x33,0x13,0x12,0x00,0x19,0x45,0x51,0x02,0x50,0x10,0x00,0x01,0x29,0x10,
 0x11,0x10,0x24,0x02,0x14,0x96,0xa4,0x26,0x41,0x11,0x11,0x11,0x11,0x11,0x11,0x11,0x11,0x11,0x11,0x11,0x11,0x11,0x11,0x11,
 0x11,0x11,0x11,0x11,0x24,0x20,0x21,0x12,0x09,0x56,0x33,0x22,0x11,0x22,0x12,0x30,0x21,0x66,0x60,0xa4,0xaa,0x57,0x77,0x77,
 0x77,0x77,0x77,0x77,0x77,0x77,0x77,0x77,0x21,0x15,0x39,0x02,0x12,0x20,0x66,0x12,0x22,0x33,0x23,0x35,0xa4,0x96,0x69,0x99,
 0x99,0x99,0x99,0x66,0x66,0x76,0x66,0x99,0x99,0x99,0x22,0x23,0x16,0x23,0x34,0x26,0x99,0x99,0x99,0x96,0x66,0x77,0x77,0x77,
 0x63,0x10,0x02,0x00,0x00,0x12,0x44,0x04,0xa4,0x44,0xaa,0x04,0x20,0x05,0x33,0x77,0x79,0x37,0x93,0x59,0x22,0x22,0x22,0x21,
 0x12,0x22,0x25,0x93,0x54,0x24,0x50,0x12,0x20,0x21,0x11,0x03,0x33,0x30,0x13,0x00,0x30,0x33,0x33,0x33,0x33,0x33,0x33,0x33,
 0x33,0x33,0x02,0x00,0x00,0x01,0x00,0x32,0x30,0x10,0x03,0x33,0x33,0x00,0x00,0x10,0x19,0x15,0x51,0x04,0xa0,0x12,0x10,0x12,
 0x39,0x12,0x11,0x10,0x01,0x00,0x00,0x54,0x21,0x14,0x40,0x11,0x11,0x11,0x11,0x11,0x11,0x11,0x11,0x11,0x11,0x11,0x11,0x11,
 0x11,0x11,0x11,0x11,0x11,0x11,0x23,0x20,0x21,0x12,0x05,0x73,0x32,0x22,0x12,0x22,0x22,0x33,0x33,0x17,0x77,0x14,0x4a,0x53,
 0x33,0x33,0x33,0x33,0x33,0x37,0x77,0x33,0x33,0x33,0x22,0x12,0x77,0x12,0x10,0x10,0x73,0x22,0x23,0x33,0x33,0x31,0x52,0x77,
 0x77,0x77,0x77,0x77,0x99,0x57,0x77,0x77,0x77,0x77,0x77,0x35,0x33,0x33,0x23,0x23,0x33,0x37,0x77,0x77,0x77,0x77,0x77,0x77,
 0x77,0x72,0x13,0x10,0x11,0x00,0x00,0x42,0x1a,0x14,0xaa,0xa1,0x14,0x04,0x00,0x01,0x23,0x33,0x35,0x22,0x33,0x33,0x22,0x22,
 0x22,0x21,0x02,0x12,0x25,0x93,0x54,0x34,0x50,0x11,0x40,0x21,0x10,0x33,0x23,0x30,0x00,0x00,0x01,0x23,0x33,0x33,0x33,0x33,
 0x33,0x33,0x33,0x33,0x10,0x00,0x21,0x11,0x01,0x23,0x30,0x21,0x33,0x20,0x10,0x11,0x23,0x21,0x29,0x35,0x51,0x02,0xa0,0x12,
 0x10,0x12,0x39,0x14,0x11,0x10,0x12,0x01,0x14,0x96,0x33,0x49,0x41,0x33,0x33,0x33,0x33,0x33,0x33,0x33,0x33,0x33,0x33,0x44,
 0x33,0x33,0x44,0x33,0x33,0x33,0x33,0x33,0x24,0x20,0x21,0x12,0x05,0x23,0x22,0x22,0x32,0x32,0x22,0x22,0x33,0x21,0x73,0x31,
 0x44,0x53,0x33,0x33,0x23,0x35,0x55,0x95,0x53,0x33,0x33,0x33,0x32,0x22,0x33,0x02,0x11,0x10,0x33,0x22,0x23,0x22,0x22,0x22,
 0x53,0x73,0x33,0x33,0x12,0x22,0x22,0x25,0x33,0x33,0x33,0x33,0x33,0x33,0x32,0x33,0x22,0x33,0x33,0x33,0x33,0x33,0x33,0x33,
 0x33,0x33,0x31,0x22,0x42,0x10,0x42,0x00,0x04,0x42,0x11,0x22,0x51,0x21,0x10,0x31,0x00,0x00,0x01,0x23,0x35,0x22,0x22,0x23,
 0x22,0x22,0x22,0x21,0x02,0x12,0x34,0x93,0x53,0x44,0x50,0x11,0x30,0x11,0x10,0x33,0x33,0x21,0x00,0x00,0x01,0x23,0x33,0x23,
 0x33,0x33,0x33,0x33,0x33,0x31,0x10,0x02,0x11,0x11,0x11,0x23,0x30,0x03,0x31,0x12,0x44,0x45,0x22,0xa1,0x29,0x35,0x51,0x02,
 0xa0,0x12,0x00,0x12,0x46,0x14,0x11,0x10,0x11,0x01,0x12,0x96,0x33,0x49,0x41,0x32,0x22,0x23,0x33,0x33,0x23,0x33,0x33,0x33,
 0x33,0x33,0x33,0x33,0x33,0x33,0x34,0x33,0x33,0x22,0x32,0x20,0x22,0x12,0x04,0x22,0x22,0x22,0x32,0x23,0x22,0x22,0x22,0x33,
 0x37,0x33,0x02,0x33,0x77,0x73,0x33,0x35,0x22,0x53,0x33,0x45,0x63,0x33,0x71,0x32,0x77,0x02,0x11,0x20,0x77,0x72,0x33,0x37,
 0x77,0x23,0x27,0x73,0x33,0x33,0x24,0x24,0x32,0x25,0x73,0x33,0x33,0x33,0x37,0x32,0x33,0x32,0x24,0x42,0x32,0x29,0x33,0x33,
 0x77,0x77,0x73,0x30,0x44,0x21,0x42,0x11,0x22,0x00,0x24,0x44,0x01,0x14,0x10,0x10,0x41,0x00,0x00,0x10,0x01,0x11,0x35,0x33,
 0x33,0x33,0x22,0x22,0x22,0x21,0x02,0x11,0x3a,0x53,0x53,0x44,0x90,0x22,0x20,0x11,0x10,0x33,0x33,0x33,0x31,0x00,0x00,0x03,
 0x33,0x23,0x33,0x34,0x33,0x32,0x00,0x34,0x44,0x01,0x20,0x01,0x21,0x14,0x31,0x03,0x10,0x44,0x31,0x21,0x02,0x01,0x21,0x11,
 0x51,0x10,0x00,0x00,0x00,0x12,0x49,0x14,0x11,0x10,0x11,0x01,0x12,0x46,0x44,0x49,0x40,0x63,0x37,0x66,0x66,0x00,0x01,0x00,
 0x00,0x00,0x00,0x00,0x00,0x00,0x00,0x00,0x00,0x00,0x00,0x00,0x02,0x20,0x22,0x12,0x91,0x22,0x22,0x22,0x22,0x23,0x22,0x22,
 0x33,0x33,0x71,0x77,0x22,0x33,0x37,0x73,0x36,0x35,0x22,0x47,0x73,0x33,0x55,0x67,0x71,0x71,0x75,0x02,0x12,0x20,0x77,0x22,
 0x32,0x22,0x23,0x27,0x27,0x55,0x55,0x55,0x23,0x25,0x22,0x23,0x55,0x55,0x55,0x53,0x33,0x33,0x22,0x23,0x33,0x22,0x23,0x37,
 0x77,0x55,0x37,0x33,0x70,0x44,0x44,0x44,0x42,0x02,0x22,0x01,0x44,0x2a,0x10,0x11,0x0a,0xaa,0x44,0x00,0x00,0x20,0x11,0x12,
 0x21,0x73,0x33,0x33,0x22,0x22,0x22,0x21,0x02,0x11,0x35,0x94,0x53,0x34,0x50,0x12,0x20,0x21,0x10,0x33,0x33,0x33,0x31,0x00,
 0x00,0x03,0x33,0x33,0x23,0x33,0x33,0x13,0x44,0x44,0x44,0x41,0x22,0x12,0x21,0x25,0x31,0x00,0x03,0x34,0x43,0x32,0x21,0x11,
 0x29,0x22,0x51,0x11,0x00,0x00,0x00,0x12,0x45,0x01,0x01,0x10,0x11,0x01,0x12,0xa6,0x44,0x49,0x41,0x10,0x31,0x37,0x35,0x00,
 0x00,0x00,0x00,0x00,0x00,0x11,0x11,0x11,0x11,0x11,0x11,0x01,0x01,0x12,0x22,0x20,0x11,0x10,0x92,0x22,0x20,0x22,0x22,0x23,
 0x22,0x22,0x22,0x22,0x33,0x76,0x12,0x23,0x25,0x32,0x33,0x35,0x23,0x47,0x77,0x22,0x13,0x97,0x32,0x72,0x37,0x02,0x12,0x20,
 0x97,0x73,0x33,0x55,0x33,0x23,0x33,0x55,0x52,0x43,0x22,0x22,0x22,0x22,0x25,0x57,0x77,0x77,0x77,0x77,0x75,0x57,0x77,0x77,
 0x77,0x55,0x77,0x77,0x77,0x77,0x04,0x41,0xa4,0x41,0x02,0x02,0x11,0x01,0x4a,0x0a,0x40,0x01,0x12,0x40,0x14,0x00,0x00,0x12,
 0x00,0x01,0x12,0x03,0x33,0x33,0x22,0x22,0x22,0x21,0x02,0x11,0x35,0x94,0x53,0x35,0x50,0x11,0x20,0x20,0x03,0x33,0x23,0x32,
 0x11,0x00,0x00,0x00,0x33,0x33,0x11,0x22,0x21,0x44,0x44,0x44,0x22,0x01,0x12,0x12,0x21,0x13,0x31,0x00,0x43,0x23,0x44,0x34,
 0x40,0x40,0x29,0x23,0x41,0x11,0x02,0x53,0x33,0x33,0x33,0x33,0x76,0x10,0x11,0x01,0x12,0x46,0x44,0x49,0x40,0x10,0x10,0x23,
 0x11,0x12,0x14,0x44,0x44,0x44,0x44,0xaa,0x44,0x44,0xaa,0xaa,0xaa,0xaa,0x4a,0x11,0x55,0x55,0x54,0x41,0x01,0x00,0x21,0x22,
 0x22,0x32,0x32,0x02,0x22,0x22,0x14,0x49,0x02,0x23,0x15,0x55,0x94,0x99,0x59,0x99,0x99,0x99,0x99,0x99,0x99,0x59,0x59,0x02,
 0x11,0x20,0x99,0x99,0x99,0x99,0x99,0x99,0x99,0x55,0x99,0x99,0x99,0x99,0x99,0x99,0x99,0x99,0x99,0x99,0x99,0x99,0x99,0x99,
 0x99,0x99,0x99,0x99,0x99,0x99,0x99,0x91,0x44,0x44,0x14,0x44,0x41,0x50,0x22,0x20,0x44,0x1a,0x41,0x00,0x11,0x11,0x11,0x00,
 0x02,0x22,0x22,0x12,0x20,0x11,0x77,0x35,0x22,0x22,0x22,0x21,0x10,0x00,0x00,0x00,0x00,0x00,0x00,0x00,0x00,0x00,0x03,0x33,
 0x33,0x31,0x11,0x00,0x00,0x00,0x33,0x33,0x11,0x33,0x04,0x44,0x43,0x42,0x23,0x33,0x12,0x11,0x21,0x23,0x21,0x04,0x43,0x25,
 0x54,0x44,0x43,0x40,0x21,0x33,0x40,0x12,0x02,0x73,0x33,0x57,0x66,0x73,0x36,0x10,0x11,0x01,0x12,0x46,0x44,0x35,0x40,0x01,
 0x32,0x36,0x73,0x01,0x50,0x11,0x11,0x11,0x11,0x11,0x11,0x11,0x11,0x12,0x44,0x44,0x44,0x94,0x03,0x33,0x39,0x45,0x95,0x11,
 0x02,0x32,0x22,0x22,0x22,0x22,0x22,0x21,0x45,0x60,0x00,0x03,0x12,0x22,0x22,0x22,0x11,0x11,0x11,0x11,0x22,0x22,0x11,0x11,
 0x21,0x01,0x11,0x20,0x11,0x11,0x12,0x22,0x21,0x11,0x11,0x11,0x11,0x11,0x11,0x11,0x11,0x11,0x11,0x11,0x10,0x11,0x11,0x10,
 0x01,0x11,0x11,0x11,0x11,0x11,0x11,0x11,0x11,0x04,0x12,0x44,0x40,0x44,0x41,0x02,0x22,0x20,0x44,0xa4,0x44,0x40,0x02,0x10,
 0x10,0x00,0x02,0x22,0x02,0x22,0x04,0x11,0x11,0x11,0x11,0x22,0x22,0x21,0x12,0x01,0x24,0x44,0x43,0x45,0x54,0x04,0x44,0x44,
 0x12,0x33,0x33,0x32,0x20,0x03,0x10,0x00,0x33,0x23,0x33,0x03,0x44,0x43,0x14,0x44,0x44,0x44,0x31,0x12,0x10,0x32,0x20,0x21,
 0x03,0x44,0x43,0x10,0x01,0x01,0x19,0x0a,0x40,0x10,0x02,0x31,0x33,0x53,0x67,0x33,0x76,0x00,0x11,0x01,0x12,0x46,0x44,0x35,
 0x41,0x11,0x32,0x36,0x33,0x01,0x04,0x11,0x11,0x11,0x11,0x11,0x11,0x11,0x12,0x11,0x11,0x11,0x11,0x45,0x40,0x12,0x32,0x22,
 0x13,0x30,0x01,0x23,0x23,0x23,0x22,0x32,0x22,0x25,0x73,0x90,0x11,0x22,0x30,0x00,0x00,0x00,0x00,0x00,0x00,0x00,0x00,0x00,
 0x00,0x00,0x00,0x00,0x00,0x00,0x00,0x00,0x00,0x11,0x10,0x00,0x00,0x00,0x49,0x33,0x43,0x33,0x33,0x33,0x33,0x33,0x33,0x33,
 0x33,0x33,0x23,0x33,0x23,0x33,0x33,0x32,0x32,0x22,0x22,0xa4,0x44,0x14,0x44,0x44,0x31,0x20,0x02,0x21,0x14,0xa4,0xa4,0x44,
 0x00,0x00,0x00,0x00,0x02,0x20,0x04,0x44,0x24,0x11,0x11,0x44,0x43,0x42,0x22,0x22,0x11,0x12,0x24,0x54,0x42,0x45,0x42,0x04,
 0x44,0x44,0x02,0x22,0x21,0x21,0x31,0x33,0x10,0x00,0x33,0x31,0x33,0x14,0x44,0x43,0x54,0x44,0x44,0x44,0x40,0x11,0x11,0x22,
 0x10,0x21,0x23,0x43,0x24,0x25,0x40,0x01,0x15,0x24,0x20,0x01,0x76,0x62,0x33,0x55,0x66,0x77,0x76,0x00,0x11,0x01,0x12,0x49,
 0x44,0x35,0x40,0x01,0x32,0x36,0x33,0x01,0x04,0x11,0x11,0x11,0x11,0x11,0x11,0x11,0x11,0x11,0x11,0x11,0x11,0x2a,0x41,0x01,
 0x22,0x22,0x03,0x40,0x00,0x22,0x33,0x32,0x32,0x23,0x22,0x21,0x79,0x22,0x01,0x23,0x34,0x44,0x44,0x44,0x44,0x44,0x44,0x44,
 0x44,0x44,0x44,0x44,0x44,0x44,0x44,0x44,0x44,0x44,0x44,0x44,0x44,0x44,0x41,0x10,0x32,0x22,0x22,0x21,0x22,0x21,0x22,0x22,
 0x22,0x22,0x21,0x22,0x12,0x22,0x11,0x22,0x22,0x22,0x22,0x22,0x20,0xa5,0x55,0x24,0x44,0x14,0x41,0x01,0x00,0x11,0x04,0x44,
 0xa4,0x44,0x20,0x00,0x00,0x00,0x12,0x00,0x02,0x44,0x24,0x21,0x21,0x22,0x22,0x22,0x22,0x21,0x10,0x00,0x12,0x50,0x00,0x00,
 0x10,0x44,0x44,0x40,0x33,0x31,0x11,0x33,0x33,0x22,0x00,0x00,0x11,0x32,0x30,0x44,0x42,0x24,0x44,0x44,0x43,0x00,0x20,0x00,
 0x02,0x12,0x00,0x02,0x25,0x10,0x55,0x55,0x55,0x00,0x13,0x01,0x00,0x56,0x31,0x31,0x33,0x55,0x66,0x75,0x76,0x00,0x11,0x02,
 0x23,0xa9,0x44,0x25,0x41,0x11,0x32,0x36,0x33,0x01,0x14,0x11,0x11,0x11,0x11,0x11,0x11,0x11,0x11,0x11,0x11,0x11,0x11,0x12,
 0x44,0x00,0x12,0x32,0x23,0x40,0x00,0x23,0x33,0x31,0x22,0x22,0x22,0x23,0x42,0x37,0x71,0x23,0x30,0x11,0x12,0x11,0x11,0x12,
 0x14,0x12,0x11,0x11,0x11,0x11,0x11,0x11,0x12,0x11,0x14,0x11,0x14,0x11,0x11,0x12,0xa2,0x11,0x22,0x21,0x11,0x11,0x11,0x11,
 0x11,0x12,0x22,0x11,0x11,0x11,0x11,0x11,0x11,0x11,0x11,0x11,0x12,0x00,0x04,0x00,0x51,0x44,0x44,0x14,0x42,0x04,0x04,0x10,
 0x04,0x12,0x44,0x24,0x04,0x12,0x11,0x00,0x24,0x41,0x40,0x41,0x44,0x42,0x21,0x12,0x22,0x22,0x21,0x11,0x02,0x11,0x11,0x14,
 0x42,0xa4,0xa4,0x44,0x44,0x03,0x31,0x01,0x33,0x33,0x31,0x10,0x02,0x00,0x00,0x13,0x04,0x44,0x24,0x44,0x44,0x44,0x04,0x4a,
 0x00,0x00,0x32,0x10,0x00,0x12,0x22,0x24,0xaa,0xa5,0x55,0x54,0x00,0x5a,0x40,0x00,0x00,0x03,0x33,0x55,0x66,0x55,0x56,0x00,
 0x11,0x11,0x23,0xa9,0x34,0x25,0x40,0x01,0x32,0x36,0x34,0x02,0x15,0x11,0x11,0x11,0x11,0x11,0x11,0x11,0x11,0x11,0x11,0x11,
 0x11,0x11,0x44,0x00,0x12,0x21,0x23,0x32,0x01,0x22,0x33,0x33,0x22,0x02,0x22,0x23,0x37,0x73,0x77,0x00,0x30,0x17,0x76,0x66,
 0x12,0x11,0x11,0x11,0x11,0x11,0x10,0x00,0x10,0x11,0x11,0x11,0x11,0x11,0x21,0x11,0x11,0x12,0x41,0x11,0x22,0x10,0x33,0x33,
 0x15,0x55,0x55,0x55,0x55,0x55,0x55,0x55,0x55,0x55,0x55,0x55,0x55,0x59,0x49,0x40,0x44,0x44,0x42,0x41,0x24,0x42,0x42,0x02,
 0x44,0x31,0x10,0xa4,0x12,0x01,0x44,0x04,0x42,0x00,0x24,0x43,0x33,0x41,0x44,0x21,0x11,0x11,0x44,0x42,0x01,0x21,0x04,0x44,
 0x44,0x44,0x44,0xa9,0x94,0x45,0x55,0x03,0x33,0x33,0x33,0x32,0x20,0x00,0x12,0x00,0x00,0x11,0x04,0x43,0x42,0x44,0x44,0x50,
 0x4a,0xaa,0x40,0x00,0x20,0x00,0x00,0x22,0x21,0x4a,0xa4,0xa5,0x55,0x5a,0xa4,0xa1,0xa5,0x55,0xaa,0xa0,0x33,0x55,0x99,0x55,
 0x59,0x1a,0x11,0x02,0x22,0xa9,0x34,0x25,0x40,0x01,0x32,0x36,0x34,0x02,0x15,0x11,0x11,0x11,0x11,0x11,0x11,0x11,0x11,0x11,
 0x11,0x11,0x11,0x11,0x24,0x00,0x11,0x12,0x23,0x31,0x01,0x22,0x23,0x20,0x22,0x02,0x32,0x13,0x33,0x33,0x77,0x27,0x20,0x13,
 0x76,0x36,0x12,0x21,0x11,0x11,0x11,0x12,0x33,0x37,0x66,0x90,0x11,0x12,0x11,0x12,0x11,0x12,0x11,0x14,0x41,0x01,0x11,0x99,
 0x99,0x93,0x99,0x99,0x99,0x99,0x99,0x99,0x99,0x99,0x96,0x66,0x99,0x99,0x99,0x90,0x52,0x14,0x44,0x44,0x44,0x44,0x14,0x41,
 0x41,0x20,0x44,0x40,0x24,0x0a,0xa1,0x14,0x44,0x44,0x03,0x00,0x24,0x44,0x20,0x41,0x44,0x11,0x12,0x41,0x24,0x44,0x44,0x41,
 0x0a,0x44,0x49,0x99,0x95,0x55,0x53,0x22,0x22,0x02,0x31,0x33,0x11,0x10,0x00,0x12,0x22,0x10,0x00,0x00,0x44,0x42,0x44,0x44,
 0x43,0x44,0x5a,0xaa,0x53,0x00,0x00,0x00,0x00,0x11,0x01,0x44,0x4a,0xaa,0x44,0x40,0x45,0x55,0x55,0xaa,0xaa,0xa4,0x33,0x55,
 0x99,0x55,0x76,0x1a,0x11,0x00,0x22,0x49,0x34,0x25,0x40,0x01,0x32,0x36,0x33,0x04,0x31,0xaa,0x44,0x21,0x00,0x11,0x11,0x11,
 0x11,0x11,0x11,0x11,0x11,0x11,0x44,0x00,0x12,0x22,0x23,0x21,0x01,0x22,0x22,0x33,0x21,0x00,0x12,0x23,0x22,0x22,0x23,0x23,
 0x21,0x43,0x55,0x59,0x11,0x11,0x11,0x10,0x11,0x11,0x22,0x21,0x11,0x20,0x11,0x11,0x11,0x12,0x11,0x11,0x12,0x24,0x40,0x22,
 0x11,0x11,0x11,0x22,0x22,0x11,0x11,0x11,0x11,0x11,0x11,0x21,0x12,0x21,0x11,0x22,0x22,0x0a,0x20,0x11,0x11,0x12,0x24,0x44,
 0x21,0x40,0x41,0x24,0x44,0x42,0x20,0x41,0xaa,0x44,0x4a,0x41,0x33,0x01,0x13,0xa4,0x40,0x21,0x22,0x14,0x44,0x44,0x01,0x11,
 0x11,0x21,0x02,0x11,0x11,0x11,0x11,0x11,0x11,0x12,0x22,0x00,0x20,0x10,0x11,0x00,0x22,0x21,0x12,0x12,0x00,0x04,0x42,0x24,
 0x24,0x44,0x04,0xaa,0xaa,0xaa,0xaa,0x4a,0xa5,0x55,0x55,0x00,0x00,0x00,0x00,0x00,0x00,0x05,0x55,0x55,0xaa,0xaa,0xa4,0x40,
 0x22,0x32,0x73,0x33,0x25,0x1a,0x11,0x00,0x12,0x46,0x44,0x25,0x40,0x01,0x32,0x23,0x3a,0x14,0x44,0x44,0x44,0x44,0x44,0xa5,
 0x90,0x00,0x11,0x11,0x11,0x11,0x11,0x11,0x21,0x00,0x12,0x22,0x23,0x22,0x01,0x22,0x22,0x22,0x21,0x00,0x00,0x12,0x22,0x22,
 0x22,0x22,0x74,0x54,0x55,0x57,0x11,0x11,0x11,0x10,0x22,0x21,0x20,0x12,0x21,0x20,0x11,0x11,0x11,0x12,0x11,0x12,0x12,0x14,
 0x40,0x21,0x01,0x12,0x22,0x21,0x22,0x22,0x22,0x22,0x22,0x22,0x22,0x22,0x21,0x22,0x22,0x22,0x22,0x0a,0x00,0x14,0x00,0x11,
 0x22,0x14,0x42,0x41,0x12,0x21,0x42,0x04,0x21,0x44,0x51,0x10,0x44,0x04,0x43,0x12,0x22,0x11,0x12,0x02,0x10,0x44,0x41,0x00,
 0x00,0x01,0x11,0x11,0x01,0x22,0x21,0x22,0x22,0x33,0x22,0x22,0x22,0x10,0x20,0x00,0x04,0x43,0x32,0x11,0x12,0x22,0x00,0x04,
 0x41,0x24,0x24,0x42,0x44,0x55,0x5a,0xaa,0xaa,0xa5,0xa5,0x55,0x55,0x55,0xa5,0xaa,0x55,0x55,0x55,0x5a,0x55,0x5a,0xaa,0xaa,
 0xa4,0x01,0x22,0x32,0x73,0x34,0x39,0x00,0x11,0x00,0x12,0x49,0x44,0x45,0x40,0x01,0x22,0x36,0x42,0x00,0x04,0x44,0x44,0x44,
 0x44,0xaa,0xaa,0xa5,0x45,0x11,0x11,0x11,0x11,0x11,0x22,0x00,0x12,0x22,0x23,0x23,0x01,0x22,0x22,0x21,0x10,0x10,0x00,0x12,
 0x22,0x22,0x23,0x32,0x73,0x54,0x53,0x77,0x11,0x11,0x11,0x10,0x21,0x11,0x21,0x32,0x11,0x20,0x11,0x12,0x11,0x11,0x11,0x21,
 0x12,0x22,0x20,0x21,0x02,0x22,0x22,0x21,0x21,0x22,0x22,0x22,0x22,0x22,0x22,0x21,0x22,0x22,0x22,0x22,0x22,0x0a,0x0a,0xa4,
 0xaa,0x50,0x11,0x21,0x44,0x11,0x23,0x21,0x00,0x04,0x21,0x54,0x35,0x50,0x55,0x44,0x43,0x12,0x22,0x00,0x22,0x04,0x02,0x44,
 0x10,0x21,0x12,0x01,0x11,0x11,0x02,0x22,0x21,0x22,0x12,0x22,0x22,0x22,0x00,0x00,0x00,0x00,0x33,0x33,0x22,0x11,0x32,0x20,
 0x00,0x00,0x31,0x34,0x43,0x34,0x4a,0xaa,0xaa,0x55,0x55,0x55,0x55,0x55,0x55,0x55,0x55,0x5a,0x55,0x55,0x55,0xaa,0xaa,0xaa,
 0xa5,0xaa,0xaa,0xa1,0x22,0x32,0x73,0x34,0x35,0x00,0x00,0x00,0x22,0xa9,0x44,0x25,0x11,0x20,0x00,0x00,0x01,0x44,0x44,0x24,
 0x44,0x44,0x44,0x45,0x44,0xa4,0x99,0x99,0x31,0x11,0x11,0x11,0x22,0x00,0x12,0x22,0x22,0x25,0x01,0x22,0x22,0x21,0x13,0x20,
 0x01,0x10,0x02,0x21,0x22,0x33,0x34,0x51,0x33,0x37,0x11,0x11,0x11,0x10,0x13,0x21,0x20,0x02,0x21,0x20,0x11,0x11,0x11,0x11,
 0x11,0x22,0x11,0x12,0x10,0x21,0x02,0x21,0x22,0x21,0x22,0x22,0x22,0x22,0x22,0x22,0x22,0x22,0x24,0x22,0x22,0x22,0x22,0x00,
 0x44,0x22,0xaa,0xaa,0x40,0x22,0x04,0x10,0x22,0x22,0x22,0x00,0x03,0x05,0x44,0x24,0x42,0x44,0x53,0x12,0x20,0x02,0x22,0x00,
 0x04,0x41,0x01,0x12,0x21,0x10,0x11,0x11,0x12,0x22,0x22,0x22,0x22,0x22,0x22,0x12,0x66,0x51,0x00,0x00,0x22,0x22,0x12,0x33,
 0x31,0x10,0x00,0x00,0x00,0x33,0x33,0x01,0x4a,0xaa,0xa5,0x55,0x55,0x55,0x55,0x55,0x55,0x55,0x55,0x55,0x55,0x55,0x55,0x5a,
 0xaa,0xa5,0x55,0xa5,0xa4,0xa1,0x22,0x33,0x73,0x33,0x25,0x14,0x41,0x11,0x21,0x01,0x11,0x15,0x95,0x41,0xaa,0x96,0x99,0xaa,
 0x54,0x44,0x44,0xa4,0x44,0x44,0x4a,0x4a,0x99,0x95,0x59,0x11,0x11,0x11,0x22,0x00,0x12,0x22,0x21,0x25,0x00,0x22,0x32,0x23,
 0x22,0x10,0x01,0x10,0x00,0x22,0x22,0x22,0x12,0x11,0x37,0x70,0x44,0x44,0x42,0x10,0x21,0x11,0x22,0x22,0x21,0x20,0x11,0x11,
 0x10,0x11,0x11,0x21,0x11,0x12,0x10,0x21,0x02,0x22,0x22,0x21,0x22,0x22,0x22,0x22,0x22,0x22,0x22,0x22,0x22,0x22,0x22,0x22,
 0x22,0x01,0xaa,0xaa,0xaa,0x4a,0xa4,0x12,0x01,0x00,0x41,0x22,0x12,0x20,0x00,0x03,0x55,0x55,0x35,0x55,0x32,0x11,0x10,0x12,
 0x11,0x00,0x12,0x20,0x42,0x31,0x11,0x22,0x11,0x11,0x12,0x22,0x22,0x22,0x21,0x22,0x22,0x77,0x93,0x33,0x70,0x00,0x02,0x10,
 0x03,0x33,0x10,0x00,0x21,0x00,0x01,0x33,0x30,0x04,0xaa,0xa5,0xa5,0x55,0x55,0x55,0x55,0x55,0x55,0x55,0x55,0x55,0x55,0x55,
 0x55,0x55,0xaa,0x55,0x55,0xaa,0xa1,0x00,0x21,0x33,0x73,0x32,0x25,0x00,0x11,0x14,0x44,0x45,0x44,0x10,0x42,0x40,0x44,0x56,
 0x95,0x44,0x44,0x44,0x44,0xaa,0x44,0x44,0x4a,0x44,0x99,0x9a,0xa9,0x90,0x11,0x11,0x24,0x00,0x12,0x22,0x21,0x22,0x00,0x12,
 0x32,0x32,0x22,0x21,0x02,0x44,0x21,0x02,0x22,0x22,0x04,0x41,0x11,0x14,0xaa,0x5a,0x55,0xa4,0x00,0x12,0x22,0x10,0x13,0x44,
 0x4a,0xaa,0xaa,0xaa,0x01,0x21,0x11,0x22,0x10,0x21,0x02,0x22,0x12,0x21,0x21,0x22,0x22,0x22,0x22,0x22,0x22,0x22,0x22,0x22,
 0x22,0x22,0x22,0x04,0xaa,0xa4,0xa4,0x44,0x44,0x11,0x20,0x00,0x10,0x04,0x54,0x12,0x00,0x20,0x45,0x45,0x44,0x55,0x31,0x12,
 0x00,0x12,0x14,0x00,0x11,0x14,0x21,0x00,0x00,0x11,0x11,0x11,0x12,0x22,0x23,0x33,0x32,0x22,0x23,0x77,0x30,0x55,0x01,0x00,
 0x00,0x10,0x12,0x20,0x12,0x11,0x01,0x10,0x00,0x33,0x10,0x04,0xaa,0xa5,0x55,0x55,0x55,0x55,0x55,0x55,0x55,0x55,0x55,0x55,
 0x55,0x55,0x55,0x55,0x5a,0xa5,0xaa,0xaa,0xa4,0x40,0x22,0x32,0x73,0x32,0x26,0x01,0x10,0x12,0x12,0x45,0x44,0x11,0x42,0x20,
 0x43,0x46,0xa4,0x44,0x44,0xa4,0x44,0x4a,0x44,0xaa,0x4a,0xaa,0x99,0x95,0xa9,0x90,0x11,0x11,0x22,0x00,0x12,0x22,0x21,0x22,
 0x00,0x13,0x33,0x22,0x22,0x10,0x11,0x11,0x11,0x21,0x00,0x00,0x44,0x44,0xa5,0x95,0x55,0x55,0x55,0x54,0x44,0x44,0xa5,0x55,
 0x55,0x65,0x59,0x65,0x51,0x11,0x01,0x11,0x11,0x21,0x11,0x21,0x02,0x22,0x22,0x22,0x22,0x22,0x22,0x22,0x22,0x22,0x22,0x22,
 0x22,0x22,0x22,0x22,0x22,0x44,0x01,0x44,0x12,0x44,0x44,0x40,0x10,0x00,0x14,0x5a,0x4a,0xa4,0x00,0x12,0x55,0x44,0x44,0x54,
 0x32,0x20,0x02,0x43,0x22,0x10,0x10,0x42,0x20,0x22,0x22,0x00,0x01,0x11,0x02,0x00,0x00,0x00,0x00,0x00,0x35,0x55,0x15,0x50,
 0x01,0x14,0x00,0x00,0x11,0x01,0x21,0x11,0x11,0x10,0x00,0x23,0x00,0x01,0x45,0x55,0x55,0x55,0x55,0x55,0x55,0x55,0x55,0x55,
 0x55,0x55,0x55,0x55,0x55,0x55,0x55,0xaa,0xaa,0x55,0xa1,0x13,0x22,0x32,0x33,0x33,0x59,0x00,0x00,0x00,0x01,0x11,0x10,0x00,
 0x02,0x44,0x44,0xa6,0x55,0x44,0x44,0x44,0x44,0x44,0x4a,0xaa,0xa4,0xaa,0x99,0x95,0x96,0x40,0x11,0x11,0x22,0x00,0x12,0x22,
 0x21,0x22,0x00,0x12,0x23,0x22,0x02,0x00,0x11,0x11,0x01,0x22,0x22,0x22,0x21,0x11,0x11,0x11,0x11,0x11,0x00,0x00,0x11,0x11,
 0x11,0x11,0x11,0x11,0x21,0x12,0x44,0x21,0x01,0x11,0x11,0x21,0x11,0x21,0x02,0x22,0x22,0x22,0x22,0x22,0x22,0x22,0x22,0x22,
 0x22,0x22,0x22,0x22,0x22,0x22,0x22,0xa0,0x2a,0xaa,0xaa,0xa1,0x01,0x00,0x00,0x45,0xa4,0x5a,0xa0,0x2a,0xa0,0x03,0x04,0x44,
 0x33,0x53,0x32,0x20,0x12,0x12,0x21,0x10,0x01,0x11,0x01,0x11,0x22,0x44,0x00,0x11,0x00,0x00,0x00,0x00,0x00,0x01,0x55,0x31,
 0x39,0x00,0x11,0x11,0x44,0x00,0x00,0x00,0x00,0x01,0x00,0x11,0x10,0x03,0x31,0x40,0xa4,0x55,0x55,0x55,0x55,0x55,0x55,0x55,
 0x55,0x55,0x55,0x55,0x55,0x55,0x55,0x55,0x5a,0xaa,0xaa,0xa5,0xa4,0x13,0x33,0x43,0x66,0x33,0x60,0x22,0x10,0x21,0x44,0x44,
 0xa4,0x45,0xa4,0x44,0x44,0x59,0x56,0x44,0x44,0x44,0x44,0x44,0x4a,0xaa,0x4a,0xa5,0x99,0x99,0x64,0x10,0x11,0x11,0x42,0x00,
 0x12,0x22,0x21,0x22,0x00,0x12,0x32,0x22,0x32,0x00,0x11,0x11,0x01,0x22,0x32,0x22,0x24,0x32,0x22,0x21,0x22,0x32,0x22,0x23,
 0x13,0x22,0x42,0x24,0x44,0x24,0x44,0x42,0x24,0x42,0x01,0x11,0x11,0x21,0x02,0x21,0x02,0x22,0x22,0x21,0x11,0x12,0x22,0x21,
 0x12,0x11,0x11,0x22,0x21,0x11,0x11,0x11,0x11,0x0a,0xaa,0xaa,0xa4,0x44,0x44,0x55,0x54,0xaa,0x45,0x5a,0xa5,0x04,0xa0,0x00,
 0x03,0x44,0x35,0x33,0x32,0x30,0x22,0x34,0x41,0x00,0x00,0x95,0x99,0x99,0x41,0x44,0x20,0x01,0x00,0x00,0x00,0x00,0x00,0x05,
 0x53,0x23,0x29,0x00,0x11,0x12,0x20,0x43,0x33,0x00,0x00,0x00,0x00,0x00,0x00,0x00,0x00,0x00,0x04,0x55,0x5a,0x45,0x55,0x55,
 0x55,0x55,0x55,0x55,0x55,0x55,0x55,0xaa,0x44,0x40,0x04,0x4a,0xa4,0xaa,0x41,0x00,0x00,0x00,0x11,0x11,0x03,0x44,0x44,0x44,
 0xaa,0x66,0x95,0xa9,0x94,0x42,0x43,0x49,0x55,0x44,0x44,0x4a,0x44,0x44,0x4a,0xaa,0xaa,0xa9,0x66,0xa4,0x42,0x40,0x11,0x11,
 0x42,0x00,0x13,0x22,0x21,0x22,0x00,0x12,0x30,0x22,0x23,0x00,0x00,0x00,0x01,0x22,0x24,0x22,0x44,0x22,0x22,0x24,0x22,0x22,
 0x24,0x42,0x43,0x44,0x42,0x14,0x42,0x34,0x44,0x44,0x10,0x00,0x11,0x11,0x11,0x11,0x02,0x21,0x02,0x22,0x22,0x22,0x88,0x88,
 0x88,0x88,0x81,0x32,0x22,0x22,0x22,0x22,0x22,0x22,0x22,0x4a,0xaa,0x4a,0x4a,0xa5,0x55,0xa5,0x4a,0xa4,0xa4,0xa4,0x1a,0x51,
 0x41,0x00,0x03,0x34,0x34,0x33,0x31,0x20,0x21,0x01,0x11,0x10,0x05,0x55,0x44,0x34,0x50,0x34,0x22,0x01,0x10,0x00,0x00,0x00,
 0x01,0x55,0x52,0x57,0x35,0x00,0x04,0x42,0x10,0x33,0x30,0x22,0x00,0x34,0x00,0x00,0x00,0x00,0x00,0x00,0x00,0x45,0x55,0x44,
 0x45,0x55,0x55,0x55,0x55,0x5a,0x54,0x44,0x41,0x00,0x00,0x00,0x00,0x00,0x01,0x00,0x12,0x23,0x44,0xaa,0x99,0x55,0x5a,0x44,
 0x44,0x44,0x44,0xa6,0xaa,0xa9,0x54,0x44,0x44,0x59,0x9a,0x44,0x44,0x44,0x44,0x44,0x44,0xaa,0x56,0x65,0xa4,0x14,0xaa,0x40,
 0x11,0x11,0x42,0x00,0x12,0x22,0x21,0x22,0x30,0x02,0x22,0x12,0x33,0x00,0x00,0x00,0x00,0x00,0x00,0x00,0x00,0x00,0x00,0x00,
 0x00,0x00,0x00,0x00,0x00,0x14,0x44,0x44,0x4a,0xa1,0x41,0x00,0x00,0x01,0x11,0x11,0x11,0x11,0x02,0x21,0x02,0x22,0x22,0x21,
 0x22,0x22,0x22,0x22,0x21,0x22,0x22,0x22,0x22,0x22,0x22,0x22,0x20,0x44,0x44,0xaa,0xaa,0xa5,0x44,0xa5,0xa5,0xaa,0xaa,0x0a,
 0x50,0x42,0x44,0x01,0x03,0x33,0x21,0x33,0x30,0x12,0x21,0x22,0x22,0x00,0x1a,0x29,0x54,0x21,0x20,0x34,0x12,0x11,0x11,0x11,
 0x12,0x22,0x21,0x55,0x52,0x57,0x77,0x00,0x01,0x22,0x01,0x22,0x20,0x22,0x24,0x43,0x44,0x44,0x40,0x00,0x00,0x01,0x00,0x44,
 0x55,0x55,0x55,0x55,0x55,0x55,0x5a,0x44,0x40,0x00,0x00,0x00,0x00,0x11,0x14,0x44,0x44,0x44,0x44,0x44,0x44,0x59,0x66,0x55,
 0x55,0x44,0x44,0x44,0x44,0xa6,0xaa,0xaa,0xa4,0x44,0x4a,0x59,0x55,0x44,0x44,0x44,0x44,0xa5,0x99,0x66,0x44,0x44,0x14,0xaa,
 0xaa,0x40,0x11,0x11,0x22,0x00,0x12,0x22,0x21,0x22,0x30,0x01,0x12,0x33,0x33,0x00,0x00,0x00,0x00,0x00,0x00,0x00,0x00,0x00,
 0x00,0x00,0x00,0x00,0x00,0x00,0x00,0x00,0x00,0x00,0x00,0x00,0x00,0x00,0x00,0x11,0x11,0x11,0x11,0x11,0x02,0x21,0x02,0x22,
 0x22,0x21,0x21,0x22,0x22,0x22,0x22,0x22,0x22,0x22,0x22,0x22,0x22,0x22,0x20,0x44,0x44,0x42,0x44,0xaa,0x44,0xaa,0x44,0xa5,
 0xaa,0x45,0x50,0x42,0x00,0x14,0x03,0x32,0x13,0x33,0x30,0x12,0x12,0x22,0x21,0x02,0x1a,0x34,0x23,0x22,0x21,0x23,0x11,0x20,
 0x12,0x11,0x11,0x12,0x05,0x57,0x70,0x57,0x72,0x00,0x11,0x00,0x03,0x32,0x20,0x11,0x03,0x30,0x00,0x00,0x01,0x10,0x20,0x00,
 0x00,0x04,0xaa,0xa4,0x44,0x44,0x44,0x44,0x00,0x00,0x00,0x13,0x32,0x44,0x44,0x44,0x4a,0xaa,0x44,0xaa,0x44,0x43,0x34,0x55,
 0x99,0x55,0x54,0xa4,0x44,0x44,0x44,0x4a,0xa4,0x49,0x54,0x44,0x44,0x59,0x95,0xaa,0x45,0x56,0x66,0x34,0x33,0x11,0x20,0x44,
 0xaa,0xa9,0xaa,0x40,0x11,0x11,0x42,0x00,0x12,0x22,0x21,0x22,0x30,0x02,0x22,0x21,0x10,0x00,0x00,0x00,0x00,0x00,0x00,0x00,
 0x00,0x00,0x00,0x00,0x00,0x01,0x00,0x01,0x00,0x00,0x00,0x00,0x00,0x00,0x00,0x00,0x00,0x11,0x11,0x21,0x11,0x11,0x02,0x21,
 0x02,0x22,0x22,0x21,0x22,0x22,0x22,0x22,0x22,0x22,0x22,0x22,0x22,0x11,0x12,0x22,0x24,0x44,0x44,0xaa,0xa4,0x44,0x44,0x44,
 0x22,0x44,0x24,0xa4,0x41,0x10,0x02,0x12,0x00,0x33,0x44,0x20,0x20,0x12,0x12,0x11,0x12,0x24,0x1a,0x49,0x54,0x22,0x10,0x40,
 0x21,0x20,0x12,0x12,0x00,0x00,0x55,0x53,0x39,0x73,0x50,0x01,0x22,0x00,0x33,0x13,0x30,0x11,0x04,0x30,0x00,0x30,0x04,0x00,
 0x30,0x01,0x00,0x00,0x44,0x44,0x00,0x00,0x00,0x24,0x44,0x4a,0x5a,0xa4,0x44,0x44,0x44,0x44,0x44,0x44,0x44,0x44,0x44,0x44,
 0x54,0x55,0x99,0x52,0x3a,0x44,0x44,0x44,0x44,0xa6,0xaa,0xa5,0x54,0x44,0x45,0x49,0x95,0x96,0x64,0x22,0x34,0x10,0x11,0x34,
 0x44,0xa4,0xa4,0xa4,0xaa,0x20,0x11,0x11,0x42,0x00,0x12,0x22,0x20,0x22,0x40,0x22,0x10,0x00,0x04,0x00,0x11,0x22,0x22,0x22,
 0x22,0x11,0x11,0x11,0x00,0x00,0x00,0x02,0x00,0x02,0x00,0x00,0x00,0x00,0x00,0x00,0x00,0x01,0x01,0x11,0x11,0x11,0x11,0x11,
 0x02,0x21,0x02,0x22,0x22,0x21,0x22,0x22,0x22,0x22,0x22,0x22,0x22,0x22,0x20,0x09,0x10,0x01,0x24,0xa4,0x44,0x44,0x44,0x44,
 0x4a,0x44,0x30,0x00,0x00,0x41,0x40,0x00,0x00,0x15,0x03,0x30,0x22,0x33,0x30,0x00,0x01,0x22,0x22,0x20,0x14,0x45,0x54,0x21,
 0x10,0x40,0x21,0x40,0x10,0x00,0x00,0x00,0x55,0x53,0x35,0x73,0x90,0x11,0x11,0x10,0x33,0x33,0x30,0x11,0x03,0x30,0x00,0x30,
 0x04,0x00,0x20,0x01,0x00,0x00,0x11,0x11,0x22,0x44,0x44,0x44,0x44,0x44,0x44,0x44,0x44,0x44,0x44,0x44,0x44,0x4a,0xaa,0xaa,
 0x4a,0x43,0x44,0x44,0x45,0x55,0x55,0x43,0x44,0x44,0x4a,0xa6,0xaa,0xa5,0x54,0x99,0x99,0x99,0x23,0x44,0x44,0x30,0x12,0x22,
 0x44,0x24,0x4a,0xa4,0xaa,0xa4,0xa4,0x01,0x11,0x11,0x42,0x00,0x12,0x22,0x20,0x22,0x40,0x00,0x00,0x41,0x02,0x15,0x22,0x21,
 0x11,0x11,0x11,0x11,0x11,0x11,0x00,0x00,0x00,0x03,0x00,0x12,0x00,0x00,0x00,0x00,0x00,0x00,0x00,0x11,0x01,0x11,0x14,0x11,
 0x11,0x11,0x02,0x20,0x02,0x22,0x22,0x21,0x11,0x22,0x22,0x22,0x22,0x22,0x22,0x22,0x20,0x44,0xa9,0x55,0x41,0x14,0x44,0x44,
 0x42,0xa4,0x44,0x41,0x00,0x00,0x00,0x00,0x00,0x00,0x01,0x30,0x03,0x13,0x33,0x23,0x00,0x00,0x00,0x13,0x31,0x31,0x14,0x49,
 0x44,0x21,0x10,0x40,0x21,0x20,0x11,0x11,0x11,0x19,0x55,0x53,0x33,0x57,0x50,0x21,0x10,0x10,0x33,0x33,0x10,0x00,0x03,0x20,
 0x22,0x20,0x02,0x00,0x00,0x01,0x14,0x44,0xaa,0x55,0x5a,0x44,0x44,0x44,0xaa,0x44,0x44,0x44,0x44,0x44,0x4a,0xaa,0xa5,0xaa,
 0x5a,0xaa,0x54,0x44,0x34,0x55,0x96,0x5a,0x55,0x44,0x44,0x44,0x5a,0x56,0x4a,0x66,0x95,0x92,0x44,0x42,0x00,0x01,0x14,0x44,
 0x44,0x22,0x42,0x24,0x5a,0xa4,0xaa,0xaa,0x40,0x11,0x11,0x11,0x42,0x00,0x12,0x22,0x20,0x22,0x40,0x00,0x40,0x11,0x11,0x12,
 0x11,0x11,0x11,0x11,0x11,0x11,0x11,0x11,0x10,0x00,0x00,0x03,0x00,0x12,0x00,0x00,0x00,0x00,0x00,0x00,0x01,0x11,0x11,0x11,
 0x11,0x11,0x11,0x11,0x02,0x20,0x02,0x22,0x22,0x21,0x31,0x22,0x22,0x22,0x22,0x22,0x22,0x22,0x14,0x31,0x22,0x34,0x59,0x10,
 0x44,0x44,0x4a,0x44,0x44,0x00,0x00,0x00,0x00,0x00,0x00,0x63,0x50,0x01,0x00,0x35,0x69,0x33,0x00,0x96,0x95,0x03,0x22,0x11,
 0x1a,0x4a,0x54,0x32,0x20,0x10,0x22,0x10,0x11,0x11,0x11,0x09,0x55,0x33,0x45,0x73,0x70,0x22,0x11,0x02,0x32,0x23,0x00,0x00,
 0x01,0x10,0x00,0x44,0x43,0x44,0x44,0x44,0x44,0x44,0xa5,0x55,0x54,0x44,0x44,0x44,0x44,0x44,0x44,0xaa,0xaa,0xaa,0xaa,0x55,
 0x5a,0xa5,0x55,0x55,0xa4,0x44,0x44,0x55,0x96,0x55,0x55,0x54,0xa9,0x99,0x69,0x94,0x44,0x42,0x11,0x11,0x12,0x22,0x44,0x44,
 0x44,0x44,0x44,0x22,0x44,0x24,0x4a,0xaa,0xa4,0x11,0x11,0x11,0x11,0x11,0x42,0x00,0x12,0x22,0x20,0x22,0x20,0x00,0x01,0x02,
 0x01,0x11,0x11,0x11,0x11,0x11,0x11,0x10,0x11,0x11,0x11,0x00,0x00,0x02,0x11,0x23,0x00,0x00,0x00,0x00,0x00,0x10,0x01,0x11,
 0x01,0x11,0x01,0x11,0x11,0x11,0x02,0x21,0x02,0x22,0x22,0x21,0x22,0x22,0x22,0x22,0x22,0x22,0x22,0x22,0x14,0x20,0x00,0x12,
 0x23,0x56,0x01,0x44,0x44,0x41,0x00,0x00,0x00,0x00,0x00,0x00,0x17,0x56,0x72,0x00,0x00,0x56,0x51,0x00,0x00,0x44,0x01,0x10,
 0x10,0x00,0x15,0x49,0x44,0x32,0x11,0x12,0x00,0x00,0x11,0x11,0x11,0x05,0x35,0x33,0x55,0x33,0x30,0x22,0x11,0x03,0x33,0x32,
 0x00,0x00,0x0a,0xa4,0x55,0xa4,0x44,0x44,0x44,0x44,0x44,0x44,0xa5,0x55,0xa4,0x44,0x44,0xa4,0x44,0xaa,0xaa,0xaa,0xaa,0xa5,
 0xaa,0x5a,0x5a,0xa5,0x55,0x55,0xa4,0x44,0x44,0x55,0x96,0x55,0x56,0x69,0x5a,0x44,0x22,0x31,0x11,0x11,0x12,0x24,0x44,0x24,
 0x44,0x44,0x44,0x41,0x44,0x22,0x43,0x24,0x44,0x42,0x10,0x01,0x11,0x11,0x11,0x11,0x42,0x00,0x12,0x22,0x20,0x22,0x20,0x00,
 0x11,0x11,0x11,0x11,0x11,0x11,0x11,0x11,0x11,0x10,0x02,0x11,0x12,0x00,0x00,0x02,0x12,0x23,0x00,0x00,0x00,0x00,0x00,0x10,
 0x01,0x11,0x01,0x11,0x01,0x11,0x11,0x11,0x02,0x21,0x02,0x22,0x22,0x21,0x22,0x22,0x22,0x22,0x22,0x22,0x22,0x22,0x14,0x10,
 0x02,0x20,0x00,0x39,0x40,0x12,0x30,0x00,0x00,0x00,0x00,0x00,0x44,0x44,0x45,0x45,0xa2,0x44,0x41,0x55,0x54,0x04,0x40,0x39,
 0x12,0x14,0x44,0x44,0x2a,0x44,0x44,0x22,0x10,0x10,0x44,0x11,0x11,0x11,0x10,0x69,0x73,0x33,0x55,0x33,0x30,0x12,0x11,0x00,
 0x33,0xaa,0xa4,0x44,0x45,0x44,0x44,0x44,0x44,0x44,0x44,0x44,0x44,0x4a,0xa5,0x99,0xaa,0xaa,0xaa,0xaa,0xaa,0x44,0x44,0xa5,
 0x4a,0xaa,0xaa,0xaa,0x55,0x55,0x55,0x5a,0xa4,0x44,0x44,0x99,0x66,0x45,0x52,0x44,0x42,0x22,0x00,0x04,0x44,0x44,0x44,0x44,
 0x44,0x44,0x44,0x12,0x44,0x43,0x24,0x22,0x24,0x44,0x10,0x00,0x00,0x11,0x11,0x11,0x11,0x11,0x42,0x00,0x12,0x22,0x20,0x22,
 0x22,0x00,0x00,0x10,0x00,0x11,0x00,0x00,0x01,0x11,0x11,0x10,0x02,0x12,0x11,0x00,0x00,0x02,0x02,0x23,0x00,0x00,0x00,0x00,
 0x00,0x10,0x01,0x11,0x01,0x11,0x01,0x11,0x11,0x11,0x02,0x21,0x02,0x22,0x22,0x21,0x22,0x22,0x22,0x22,0x22,0x22,0x22,0x22,
 0x20,0x20,0x02,0x22,0x20,0x02,0x53,0x11,0x11,0x00,0x00,0x44,0x44,0x44,0x44,0x44,0x15,0x16,0x22,0x44,0x41,0x39,0x39,0x04,
 0x40,0x65,0x33,0x1a,0x5a,0x44,0x40,0x49,0x54,0x22,0x10,0x14,0x44,0x44,0x11,0x11,0x10,0x65,0x73,0x00,0x00,0x00,0x14,0x4a,
 0xaa,0xaa,0x44,0x44,0x44,0x44,0x44,0x44,0x44,0x44,0x44,0x43,0x44,0x44,0xa4,0x4a,0xa5,0x99,0x55,0x44,0xa4,0x44,0x44,0x44,
 0x44,0xaa,0xaa,0xaa,0xaa,0xaa,0xa5,0x55,0xaa,0x66,0x69,0x94,0x44,0x44,0x43,0x11,0x11,0x14,0x22,0x44,0x44,0x44,0x32,0x44,
 0x44,0x24,0x44,0x44,0x44,0x44,0x44,0x44,0x44,0x44,0x00,0x00,0x00,0x11,0x11,0x11,0x11,0x11,0x11,0x11,0x42,0x00,0x12,0x22,
 0x20,0x22,0x22,0x00,0x01,0x11,0x11,0x11,0x11,0x11,0x11,0x10,0x00,0x00,0x00,0x11,0x11,0x00,0x00,0x02,0x02,0x23,0x00,0x00,
 0x00,0x00,0x00,0x00,0x00,0x00,0x01,0x11,0x00,0x11,0x11,0x11,0x02,0x21,0x02,0x22,0x22,0x21,0x22,0x22,0x22,0x22,0x22,0x22,
 0x22,0x22,0x20,0x30,0x03,0x22,0x20,0x11,0x34,0x12,0x11,0x03,0x54,0x44,0x44,0x44,0x44,0x44,0x41,0x54,0x30,0xa4,0xa1,0x23,
 0x33,0x05,0x54,0x44,0x22,0x4a,0x99,0x4a,0xa4,0x30,0x00,0x00,0x00,0x12,0x44,0x44,0x11,0x11,0x10,0x00,0x00,0x55,0x54,0x44,
 0x44,0x44,0x44,0x44,0x4a,0x44,0x44,0x44,0x4a,0x44,0x44,0x44,0x44,0x44,0x44,0x55,0x5a,0xa5,0x59,0x99,0x55,0x44,0x44,0x44,
 0x4a,0xa4,0xaa,0xaa,0xaa,0xaa,0xaa,0xa5,0x55,0x96,0x99,0x44,0x12,0x11,0x12,0x10,0x11,0x00,0x44,0x44,0x44,0x44,0x44,0x44,
 0x44,0x44,0x42,0x44,0x44,0x44,0x44,0x44,0x44,0x44,0x42,0x00,0x00,0x00,0x01,0x11,0x11,0x11,0x11,0x11,0x11,0x11,0x42,0x00,
 0x12,0x22,0x20,0x22,0x22,0x00,0x11,0x01,0x11,0x11,0x11,0x11,0x10,0x00,0x00,0x00,0x11,0x01,0x11,0x20,0x00,0x02,0x12,0x33,
 0x00,0x00,0x00,0x00,0x00,0x00,0x00,0x00,0x00,0x00,0x00,0x00,0x00,0x00,0x02,0x21,0x02,0x22,0x22,0x21,0x22,0x22,0x22,0x22,
 0x22,0x22,0x23,0x22,0x20,0x32,0x01,0x12,0x20,0x41,0x49,0x11,0x12,0x01,0x15,0x55,0x54,0x4a,0x44,0x44,0x45,0xaa,0xa4,0x44,
 0xa4,0x4a,0xa4,0x45,0x5a,0x99,0x54,0xa9,0x99,0x5a,0xa4,0x59,0x5a,0x44,0x44,0x44,0xaa,0xa4,0x11,0x24,0x4a,0x75,0x55,0x55,
 0x54,0x44,0x44,0x44,0x44,0x44,0xa4,0x44,0x44,0x44,0x45,0x44,0x34,0x24,0x45,0x44,0x45,0x44,0x4a,0x4a,0x59,0x99,0x55,0xa4,
 0x4a,0x4a,0xaa,0xaa,0xaa,0xaa,0x55,0x55,0x99,0x92,0x22,0x22,0x21,0x31,0x00,0x02,0x22,0x44,0x44,0x44,0x44,0x44,0x44,0x44,
 0x44,0x44,0x12,0x44,0x44,0x44,0x44,0x44,0x44,0x44,0x20,0x00,0x00,0x00,0x00,0x00,0x01,0x11,0x11,0x11,0x11,0x11,0x11,0x11,
 0x42,0x00,0x12,0x22,0x20,0x22,0x22,0x00,0x00,0x01,0x01,0x10,0x10,0x00,0x00,0x00,0x00,0x00,0x00,0x02,0x11,0x10,0x00,0x12,
 0x12,0x23,0x01,0x11,0x10,0x11,0x11,0x11,0x11,0x11,0x11,0x11,0x11,0x11,0x00,0x00,0x02,0x21,0x02,0x22,0x22,0x21,0x22,0x22,
 0x22,0x22,0x22,0x22,0x22,0x22,0x21,0x23,0x01,0x12,0x20,0x40,0x05,0x40,0x22,0x12,0x21,0x21,0x15,0x54,0xa4,0x44,0xa5,0x59,
 0x54,0x44,0x55,0x59,0x69,0x99,0x95,0x33,0x22,0x34,0x59,0x95,0xa4,0x59,0x95,0x54,0x44,0xaa,0xaa,0xa4,0x14,0x44,0x44,0x55,
 0x55,0x55,0x54,0x44,0x44,0x44,0x44,0x44,0x44,0x44,0x42,0x44,0x4a,0x54,0x44,0x44,0x44,0x44,0x44,0x44,0x44,0xaa,0x55,0x99,
 0xaa,0xaa,0xaa,0xaa,0xaa,0x56,0x66,0x93,0x44,0x22,0x12,0x22,0x10,0x01,0x11,0x04,0x44,0x44,0x44,0x44,0x44,0x44,0x44,0x44,
 0x44,0x44,0x44,0x44,0x43,0x44,0x44,0x44,0x44,0x44,0x00,0x00,0x00,0x00,0x00,0x00,0x00,0x04,0x01,0x11,0x11,0x11,0x11,0x11,
 0x11,0x11,0x42,0x00,0x12,0x22,0x20,0x22,0x22,0x00,0x00,0x00,0x00,0x00,0x00,0x00,0x00,0x00,0x00,0x00,0x01,0x11,0x11,0x10,
 0x00,0x02,0x22,0x23,0x00,0x11,0x11,0x11,0x11,0x11,0x11,0x22,0x21,0x12,0x24,0x42,0x10,0x00,0x02,0x21,0x02,0x22,0x22,0x21,
 0x22,0x22,0x22,0x22,0x22,0x22,0x22,0x22,0x22,0x03,0x10,0x12,0x22,0x42,0x13,0x90,0x21,0x21,0x21,0x22,0x21,0x11,0x14,0x44,
 0x55,0xa9,0xa4,0x4a,0xa5,0x55,0x93,0x41,0x11,0x22,0x23,0x22,0x21,0x43,0x10,0x00,0x54,0x4a,0x44,0x44,0x44,0x10,0x14,0x44,
 0x44,0x55,0x55,0x55,0x54,0x44,0x44,0x44,0x44,0x23,0x44,0x44,0x44,0x44,0x4a,0x44,0x44,0x4a,0x44,0x44,0x44,0x44,0x4a,0xaa,
 0x59,0x99,0xa5,0xaa,0x4a,0xa9,0x95,0x44,0x44,0x32,0x22,0x10,0x00,0x02,0x22,0x44,0x41,0x14,0x44,0x44,0x44,0x44,0x44,0x44,
 0x44,0x44,0x44,0x44,0x44,0x44,0x44,0x44,0x24,0x44,0x20,0x00,0x00,0x00,0x00,0x00,0x00,0x00,0x00,0x44,0x01,0x11,0x11,0x11,
 0x11,0x11,0x11,0x11,0x42,0x00,0x12,0x22,0x20,0x22,0x22,0x00,0x00,0x00,0x00,0x00,0x00,0x00,0x00,0x00,0x00,0x00,0x01,0x10,
 0x11,0x10,0x00,0x02,0x22,0x22,0x00,0x00,0x11,0x11,0x11,0x44,0x42,0x12,0x14,0x22,0x44,0x22,0x21,0x00,0x02,0x21,0x02,0x22,
 0x22,0x21,0x22,0x22,0x22,0x22,0x22,0x22,0x22,0x22,0x22,0x03,0x00,0x22,0x22,0x22,0x13,0x51,0x22,0x21,0x22,0x22,0x22,0x22,
 0x44,0x22,0x10,0x00,0x49,0x99,0x99,0x99,0x22,0x32,0x22,0x22,0x22,0x22,0x22,0x23,0x23,0x44,0x12,0x10,0x12,0x00,0x00,0x22,
 0x14,0x44,0x44,0x55,0x55,0x55,0xa4,0x44,0x44,0x44,0x44,0x44,0x44,0xa4,0x44,0x44,0x4a,0x44,0x44,0x44,0x44,0x44,0xaa,0x44,
 0x4a,0xa5,0x99,0x99,0x69,0x44,0x42,0x24,0x21,0x21,0x11,0x00,0x12,0x23,0x44,0x44,0x44,0x44,0x41,0x52,0x44,0x44,0x44,0x44,
 0x44,0x44,0x44,0x44,0x44,0x44,0x44,0xa4,0x44,0x10,0x00,0x00,0x00,0x00,0x00,0x00,0x00,0x00,0x00,0x02,0x43,0x44,0x01,0x11,
 0x11,0x11,0x11,0x11,0x11,0x11,0x42,0x00,0x12,0x22,0x20,0x22,0x21,0x00,0x00,0x22,0x21,0x22,0x24,0x44,0x43,0x32,0x00,0x00,
 0x01,0x10,0x11,0x10,0x00,0x02,0x22,0x22,0x00,0x01,0x10,0x04,0x44,0x44,0x44,0x44,0x44,0xa4,0x44,0x44,0x44,0x40,0x02,0x21,
 0x02,0x22,0x22,0x21,0x22,0x22,0x22,0x22,0x22,0x22,0x22,0x22,0x22,0x11,0x30,0x02,0x22,0x01,0x10,0x34,0x02,0x11,0x22,0x22,
 0x22,0x22,0x44,0x22,0x44,0x22,0x22,0x21,0x12,0x21,0x32,0x22,0x21,0x11,0x11,0x11,0x11,0x22,0x11,0x11,0x22,0x23,0x33,0xa2,
 0x22,0x20,0x14,0x43,0x44,0x4a,0x45,0x55,0x54,0x44,0x44,0x44,0x44,0x44,0x4a,0xa4,0x44,0x44,0x44,0x44,0x44,0x44,0x44,0x44,
 0x99,0x59,0x95,0x94,0x22,0x24,0x24,0x21,0x11,0x11,0x10,0x44,0x44,0x44,0x44,0x44,0x44,0x44,0x44,0x44,0x42,0x13,0x24,0x44,
 0x44,0x44,0x44,0x42,0x44,0x4a,0x44,0x44,0x00,0x00,0x00,0x00,0x00,0x00,0x00,0x00,0x00,0x00,0x00,0x00,0x33,0x32,0x43,0x44,
 0x01,0x11,0x11,0x11,0x11,0x11,0x11,0x11,0x42,0x00,0x12,0x22,0x20,0x22,0x21,0x22,0x22,0x22,0x22,0x22,0x22,0x12,0x22,0x12,
 0xa4,0x00,0x00,0x11,0x11,0x10,0x00,0x02,0x22,0x23,0x00,0x11,0x00,0x44,0x22,0x11,0x11,0x11,0x11,0x11,0x42,0x11,0x14,0x41,
 0x02,0x21,0x02,0x22,0x22,0x21,0x22,0x22,0x22,0x22,0x22,0x22,0x22,0x12,0x22,0x20,0x30,0x02,0x22,0x21,0x00,0x24,0x02,0x21,
 0x00,0x02,0x44,0x22,0x22,0x24,0x44,0x42,0x44,0x44,0x44,0x13,0x32,0x01,0x11,0x11,0x11,0x11,0x11,0x11,0x11,0x11,0x11,0x11,
 0x11,0x21,0x11,0x10,0x14,0x44,0x4a,0x55,0x55,0x55,0x54,0x44,0x44,0x44,0x44,0x4a,0x5a,0x4a,0x44,0x44,0x4a,0x44,0x44,0xa9,
 0x99,0x99,0x94,0x22,0x43,0x42,0x01,0x1a,0x00,0x11,0x14,0x44,0x41,0x24,0x44,0x44,0x44,0x44,0x44,0x44,0x44,0x44,0x40,0x01,
 0x44,0x44,0x44,0x44,0x44,0x42,0xa4,0x44,0x10,0x00,0x00,0x00,0x10,0x00,0x00,0x00,0x00,0x00,0x00,0x00,0x01,0x30,0x43,0x33,
 0xa3,0x44,0x01,0x11,0x11,0x11,0x11,0x11,0x11,0x11,0x22,0x00,0x12,0x22,0x20,0x22,0x12,0x12,0x22,0x22,0x22,0x22,0x21,0x13,
 0x31,0x22,0x22,0x00,0x00,0x11,0x11,0x10,0x00,0x02,0x22,0x23,0x00,0x01,0x00,0x44,0x12,0x11,0x12,0x12,0x21,0x11,0x22,0x11,
 0x21,0x41,0x02,0x21,0x02,0x22,0x22,0x21,0x22,0x22,0x22,0x22,0x22,0x22,0x22,0x12,0x22,0x20,0x32,0x03,0x22,0x20,0x00,0x35,
 0x01,0x11,0x00,0x00,0x00,0x24,0x42,0x21,0x44,0x42,0x44,0x44,0x42,0x12,0x32,0x01,0x10,0x11,0x11,0x11,0x11,0x11,0x11,0x11,
 0x11,0x11,0x11,0x11,0x01,0x00,0x14,0x44,0x4a,0x55,0x55,0x55,0x54,0x44,0x44,0x44,0x44,0x44,0x4a,0x44,0x44,0x44,0x49,0x99,
 0x55,0x54,0x44,0x12,0x41,0x22,0x21,0x10,0x01,0x14,0x44,0x44,0x44,0x44,0x21,0x14,0x44,0x44,0x44,0x04,0x44,0x44,0x44,0x44,
 0x42,0x44,0x44,0x44,0x44,0x44,0x44,0x22,0x00,0x00,0x00,0x00,0x00,0x00,0x00,0x00,0x00,0x00,0x00,0x00,0x00,0x02,0x33,0x31,
 0x43,0x33,0x53,0x45,0x01,0x11,0x11,0x11,0x11,0x11,0x11,0x11,0x22,0x00,0x12,0x22,0x20,0x21,0x22,0x22,0x22,0x21,0x22,0x22,
 0x21,0x12,0x12,0x22,0x22,0x20,0x00,0x11,0x01,0x11,0x00,0x02,0x22,0x22,0x00,0x01,0x10,0x21,0x12,0x22,0x22,0x21,0x21,0x22,
 0x24,0x22,0x21,0x11,0x02,0x21,0x02,0x22,0x22,0x21,0x22,0x22,0x22,0x22,0x22,0x22,0x22,0x12,0x22,0x21,0x33,0x00,0x22,0x22,
 0x00,0x13,0x30,0x10,0x01,0x00,0x00,0x00,0x01,0x44,0x44,0x44,0x24,0x44,0x41,0x22,0x22,0x10,0x10,0x11,0x11,0x11,0x11,0x11,
 0x11,0x11,0x11,0x11,0x11,0x01,0x00,0x10,0x14,0x44,0x4a,0x55,0x55,0x55,0x54,0x44,0x44,0x44,0x44,0x44,0x45,0x99,0x95,0x5a,
 0x42,0x22,0x11,0x24,0x42,0x10,0x00,0x14,0x44,0x42,0x21,0x04,0x44,0x44,0x44,0x44,0x42,0x44,0x44,0x44,0x44,0xa4,0x44,0x44,
 0x44,0x44,0x42,0x44,0x44,0x44,0x41,0x10,0x00,0x00,0x00,0x00,0x00,0x00,0x00,0x00,0x00,0x00,0x00,0x00,0x00,0x01,0x33,0x22,
 0x33,0x31,0x43,0x33,0x54,0x99,0x01,0x11,0x11,0x11,0x11,0x11,0x11,0x11,0x21,0x00,0x12,0x22,0x20,0x22,0x22,0x22,0x22,0x22,
 0x22,0x22,0x22,0x21,0x12,0x22,0x22,0x20,0x00,0x11,0x01,0x11,0x00,0x02,0x22,0x22,0x00,0x00,0x10,0x21,0x11,0x11,0x12,0x21,
 0x11,0x11,0x14,0x21,0x21,0x11,0x02,0x21,0x02,0x22,0x22,0x21,0x22,0x22,0x22,0x22,0x22,0x22,0x22,0x22,0x22,0x22,0x23,0x00,
 0x22,0x22,0x00,0x02,0x40,0x10,0x10,0x00,0x00,0x00,0x00,0x00,0x00,0x01,0x14,0x44,0x40,0x22,0x42,0x20,0x10,0x11,0x11,0x11,
 0x11,0x11,0x11,0x11,0x11,0x11,0x11,0x11,0x00,0x20,0x14,0x4a,0x4a,0x55,0x55,0x55,0x54,0x44,0x44,0x99,0x95,0x59,0x42,0x42,
 0x23,0x22,0x32,0x12,0x00,0x01,0x11,0x14,0x42,0x44,0x44,0x42,0x11,0x04,0x44,0x44,0x44,0x44,0x42,0x24,0x44,0x42,0x44,0x44,
 0x44,0x44,0x44,0x44,0x44,0x54,0x41,0x00,0x00,0x00,0x00,0x00,0x00,0x00,0x00,0x00,0x00,0x00,0x00,0x00,0x00,0x00,0x04,0x02,
 0x33,0x22,0x32,0x20,0x44,0x24,0x55,0x99,0x01,0x11,0x11,0x11,0x11,0x11,0x11,0x11,0x22,0x00,0x12,0x22,0x20,0x22,0x22,0x22,
 0x22,0x22,0x22,0x22,0x22,0x21,0x41,0x22,0x22,0x20,0x00,0x11,0x01,0x11,0x00,0x02,0x22,0x22,0x00,0x00,0x00,0x21,0x11,0x11,
 0x22,0x11,0x21,0x21,0x24,0x12,0x41,0x11,0x02,0x21,0x02,0x22,0x22,0x21,0x22,0x22,0x22,0x22,0x22,0x22,0x22,0x12,0x22,0x22,
 0x03,0x00,0x22,0x32,0x01,0x03,0x40,0x20,0x20,0x00,0x00,0x00,0x00,0x00,0x00,0x00,0x00,0x00,0x02,0x22,0x23,0x20,0x10,0x11,
 0x11,0x11,0x11,0x11,0x11,0x11,0x11,0x11,0x11,0x12,0x00,0x10,0x1a,0x44,0x4a,0x55,0x55,0xa9,0x95,0x55,0x22,0x44,0x41,0x12,
 0x22,0x00,0x01,0x00,0x43,0x34,0x22,0x24,0x44,0x24,0x44,0x44,0x44,0x44,0x01,0x51,0x44,0x44,0x44,0x44,0x44,0x44,0x44,0x44,
 0x44,0x44,0x44,0x54,0x44,0x40,0x00,0x00,0x00,0x00,0x00,0x00,0x00,0x00,0x00,0x00,0x00,0x00,0x00,0x00,0x00,0x00,0x12,0x22,
 0x21,0x02,0x33,0x33,0x33,0x30,0x34,0x54,0x95,0x99,0x01,0x11,0x11,0x11,0x11,0x11,0x11,0x11,0x22,0x00,0x12,0x22,0x20,0x00,
 0x00,0x00,0x00,0x00,0x00,0x00,0x00,0x00,0x32,0x22,0x22,0x10,0x00,0x01,0x11,0x11,0x00,0x01,0x22,0x22,0x00,0x00,0x00,0x00,
 0x00,0x00,0x00,0x00,0x00,0x00,0x00,0x00,0x00,0x00,0x02,0x11,0x02,0x22,0x22,0x21,0x22,0x22,0x22,0x22,0x22,0x22,0x22,0x12,
 0x22,0x22,0x04,0x10,0x02,0x22,0x01,0x01,0x42,0x10,0x00,0x00,0x00,0x00,0x00,0x00,0x00,0x00,0x00,0x00,0x02,0x22,0x24,0x21,
 0x00,0x01,0x11,0x11,0x11,0x11,0x11,0x11,0x11,0x11,0x11,0x11,0x00,0x11,0x14,0x44,0xa5,0x59,0x99,0x52,0x22,0x22,0x11,0x44,
 0x20,0x01,0x00,0x14,0x44,0x44,0x44,0x44,0x42,0x44,0x44,0x44,0x44,0x44,0x44,0x44,0x01,0x31,0x44,0x44,0x44,0x44,0x44,0x44,
 0x44,0x44,0x44,0x41,0x01,0x00,0x00,0x00,0x00,0x00,0x00,0x00,0x00,0x00,0x00,0x00,0x00,0x00,0x00,0x00,0x00,0x00,0x01,0x11,
 0x22,0x22,0x22,0x02,0x33,0x33,0x33,0x21,0xaa,0x54,0x55,0x99,0x01,0x11,0x11,0x11,0x11,0x11,0x11,0x11,0x22,0x00,0x12,0x22,
 0x20,0x11,0x11,0x11,0x11,0x11,0x11,0x01,0x00,0x00,0x22,0x22,0x22,0x10,0x00,0x01,0x11,0x11,0x00,0x02,0x22,0x22,0x00,0x00,
 0x00,0x00,0x20,0x10,0x00,0x00,0x00,0x00,0x00,0x00,0x00,0x00,0x02,0x21,0x02,0x22,0x22,0x21,0x22,0x22,0x22,0x22,0x22,0x22,
 0x22,0x12,0x22,0x22,0x00,0x10,0x02,0x22,0x21,0x02,0x54,0x01,0x00,0x00,0x00,0x00,0x00,0x00,0x00,0x00,0x00,0x00,0x02,0x22,
 0x12,0x21,0x00,0x11,0x11,0x11,0x11,0x11,0x11,0x11,0x11,0x11,0x11,0x11,0x00,0x11,0x19,0x95,0x44,0x23,0x22,0x42,0x22,0x01,
 0x00,0x01,0x11,0x23,0x34,0x44,0x44,0x24,0x44,0x44,0x11,0x14,0x44,0x44,0x44,0x44,0x44,0x44,0x41,0x14,0x44,0x44,0x44,0x44,
 0x44,0x24,0x44,0x11,0x10,0x00,0x00,0x00,0x00,0x00,0x00,0x00,0x00,0x00,0x00,0x00,0x00,0x00,0x00,0x00,0x00,0x00,0x21,0x00,
 0x01,0x11,0x22,0x22,0x22,0x12,0x33,0x11,0x33,0x51,0x5a,0x54,0x59,0x99,0x11,0x11,0x11,0x11,0x11,0x11,0x11,0x11,0x22,0x00,
 0x12,0x22,0x20,0x11,0x11,0x11,0x11,0x11,0x11,0x11,0x10,0x02,0x22,0x22,0x22,0x10,0x00,0x00,0x11,0x11,0x10,0x02,0x22,0x22,
 0x00,0x00,0x00,0x00,0x21,0x20,0x01,0x44,0x44,0x44,0x44,0x44,0x44,0x43,0x32,0x21,0x02,0x22,0x22,0x21,0x22,0x22,0x22,0x22,
 0x11,0x11,0x12,0x22,0x21,0x11,0x00,0x30,0x02,0x22,0x20,0x00,0x24,0x01,0x00,0x00,0x00,0x00,0x00,0x00,0x00,0x00,0x00,0x00,
 0x12,0x22,0x12,0x22,0x00,0x11,0x11,0x11,0x11,0x11,0x11,0x11,0x11,0x11,0x11,0x11,0x00,0x11,0x13,0x44,0x21,0x22,0x00,0x40,
 0x11,0x12,0x22,0x34,0x21,0x14,0x34,0x44,0x41,0x14,0x44,0x44,0x05,0x34,0x24,0x44,0x14,0x44,0x44,0x44,0x42,0x14,0x44,0x44,
 0x44,0x44,0x44,0x00,0x00,0x00,0x00,0x00,0x00,0x00,0x00,0x00,0x00,0x00,0x00,0x00,0x00,0x00,0x00,0x00,0x00,0x01,0x11,0x22,
 0x21,0x00,0x01,0x21,0x22,0x22,0x22,0x12,0x33,0x34,0x33,0x51,0x44,0x54,0x59,0x59,0x11,0x11,0x11,0x11,0x11,0x11,0x11,0x11,
 0x22,0x00,0x12,0x22,0x20,0x11,0x11,0x11,0x11,0x11,0x11,0x11,0x10,0x02,0x22,0x22,0x22,0x00,0x00,0x00,0x11,0x11,0x10,0x02,
 0x22,0x22,0x00,0x00,0x00,0x00,0x22,0x20,0x04,0x22,0x22,0x22,0x22,0x22,0x22,0x22,0x23,0x21,0x02,0x22,0x22,0x21,0x88,0x88,
 0x88,0x22,0x22,0x22,0x22,0x12,0x22,0x22,0x20,0x30,0x01,0x22,0x20,0x00,0x23,0x01,0x00,0x00,0x00,0x00,0x00,0x00,0x00,0x00,
 0x00,0x00,0x12,0x22,0x12,0x32,0x00,0x01,0x11,0x11,0x12,0x12,0x11,0x21,0x12,0x11,0x11,0x11,0x00,0x11,0x10,0x00,0x00,0x04,
 0x02,0x41,0x44,0x22,0x41,0x24,0x20,0x14,0x34,0x44,0x42,0x22,0x44,0x44,0x20,0x24,0x44,0x44,0x44,0x44,0x44,0x44,0x42,0x44,
 0x44,0x22,0x40,0x00,0x00,0x00,0x00,0x00,0x00,0x00,0x00,0x00,0x00,0x00,0x00,0x00,0x00,0x00,0x00,0x00,0x00,0x00,0x11,0x12,
 0x11,0x22,0x21,0x00,0x01,0x22,0x22,0x22,0x33,0x43,0x33,0x34,0x33,0x51,0x44,0x59,0x99,0x59,0x11,0x11,0x11,0x11,0x11,0x11,
 0x11,0x11,0x22,0x00,0x12,0x22,0x21,0x11,0x11,0x11,0x11,0x11,0x11,0x11,0x10,0x03,0x22,0x22,0x22,0x00,0x00,0x00,0x11,0x11,
 0x10,0x02,0x12,0x22,0x00,0x00,0x00,0x00,0x22,0x20,0x03,0x21,0x22,0x22,0x22,0x22,0x22,0x22,0x23,0x31,0x02,0x22,0x22,0x21,
 0x12,0x21,0x12,0x22,0x22,0x22,0x22,0x12,0x22,0x22,0x21,0x21,0x00,0x12,0x20,0x00,0x13,0x40,0x00,0x00,0x01,0x22,0x22,0x22,
 0x22,0x10,0x00,0x00,0x11,0x22,0x12,0x12,0x00,0x11,0x21,0x11,0x14,0x12,0x31,0x14,0x11,0x41,0x11,0x11,0x00,0x11,0x12,0x22,
 0x22,0x44,0x11,0x41,0x41,0x44,0x41,0x22,0x21,0x12,0x42,0x44,0x32,0x44,0x44,0x44,0x21,0x24,0x44,0x44,0x44,0x44,0x44,0x44,
 0x14,0x44,0x00,0x00,0x00,0x00,0x00,0x00,0x00,0x00,0x00,0x00,0x00,0x00,0x00,0x00,0x00,0x00,0x00,0x00,0x00,0x00,0x00,0x22,
 0x22,0x12,0x11,0x11,0x11,0x00,0x02,0x22,0x23,0x33,0x33,0x23,0x33,0x34,0x33,0x52,0x55,0x54,0x99,0x59,0x01,0x11,0x11,0x01,
 0x10,0x00,0x00,0x00,0x00,0x00,0x00,0x00,0x21,0x22,0x11,0x11,0x11,0x11,0x11,0x11,0x10,0x02,0x22,0x22,0x21,0x00,0x00,0x01,
 0x11,0x11,0x00,0x02,0x22,0x22,0x00,0x00,0x00,0x00,0x22,0x20,0x02,0x22,0x22,0x22,0x22,0x22,0x22,0x22,0x22,0x21,0x02,0x22,
 0x22,0x21,0x22,0x22,0x22,0x22,0x22,0x22,0x22,0x12,0x22,0x22,0x21,0x02,0x00,0x12,0x21,0x00,0x03,0x40,0x00,0x00,0x22,0x10,
 0x22,0x23,0x21,0x11,0x10,0x00,0x55,0x51,0x12,0x22,0x00,0x01,0x22,0x11,0x44,0x11,0x41,0x43,0x11,0x41,0x11,0x11,0x00,0x11,
 0x14,0x32,0x33,0x44,0x20,0x41,0x44,0x44,0x41,0x24,0x42,0x11,0x22,0x44,0x44,0x44,0x44,0x44,0x11,0x44,0x44,0x44,0x44,0x44,
 0x41,0x11,0x00,0x00,0x00,0x00,0x00,0x00,0x00,0x00,0x00,0x00,0x00,0x00,0x00,0x00,0x00,0x00,0x00,0x00,0x00,0x01,0x22,0x10,
 0x00,0x22,0x22,0x22,0x11,0x11,0x11,0x00,0x02,0x43,0x33,0x33,0x33,0x23,0x33,0x34,0x43,0x52,0x55,0x54,0x99,0x59,0x11,0x44,
 0x44,0x44,0x4a,0xaa,0xaa,0xaa,0xaa,0xaa,0xaa,0xaa,0xa1,0x00,0x01,0x11,0x11,0x11,0x11,0x11,0x10,0x12,0x22,0x22,0x21,0x00,
 0x00,0x00,0x10,0x01,0x00,0x02,0x22,0x22,0x00,0x00,0x00,0x00,0x22,0x20,0x02,0x12,0x22,0x23,0x22,0x22,0x22,0x22,0x21,0x11,
 0x02,0x12,0x22,0x11,0x21,0x11,0x11,0x11,0x12,0x22,0x22,0x11,0x11,0x12,0x22,0x02,0x00,0x12,0x22,0x10,0x04,0x30,0x00,0x00,
 0x22,0x02,0x22,0x21,0x11,0x11,0x00,0x00,0x11,0x52,0x12,0x22,0x10,0x01,0x21,0x11,0x13,0x12,0x41,0x14,0x11,0x41,0x11,0x11,
 0x00,0x11,0x14,0x23,0x43,0x42,0x19,0x31,0x41,0x34,0x44,0x34,0x41,0x24,0x44,0x44,0x23,0x44,0x44,0x44,0x44,0x44,0x44,0x00,
 0x00,0x00,0x00,0x00,0x00,0x00,0x00,0x00,0x00,0x00,0x00,0x00,0x00,0x00,0x00,0x00,0x00,0x00,0x00,0x11,0xa0,0x12,0x01,0x11,
 0x12,0x20,0x00,0x22,0x22,0x22,0x21,0x11,0x11,0x30,0x13,0x33,0x33,0x33,0x33,0x23,0x33,0x44,0x43,0x52,0x55,0x54,0x99,0x11,
 0xa4,0x44,0x44,0x44,0x44,0x44,0x44,0x44,0x44,0x44,0x44,0x54,0xaa,0xaa,0xaa,0xa0,0x11,0x11,0x11,0x11,0x10,0x02,0x22,0x22,
 0x20,0x00,0x00,0x00,0x00,0x11,0x00,0x02,0x22,0x22,0x00,0x00,0x00,0x00,0x22,0x20,0x02,0x22,0x22,0x11,0x11,0x11,0x11,0x11,
 0x11,0x11,0x11,0x11,0x11,0x11,0x11,0x11,0x11,0x11,0x11,0x11,0x11,0x11,0x11,0x11,0x01,0x02,0x10,0x12,0x22,0x00,0x02,0x40,
 0x00,0x00,0x21,0x22,0x12,0x11,0x11,0x11,0x11,0x0a,0x4a,0x12,0x11,0x21,0x10,0x01,0x21,0x11,0x13,0x11,0x41,0x13,0x13,0x11,
 0x11,0x11,0x00,0x11,0x14,0x34,0x44,0x42,0x23,0x31,0x41,0x44,0x22,0x34,0x42,0x14,0x44,0x44,0x42,0x44,0x44,0x42,0x42,0x10,
 0x00,0x00,0x00,0x00,0x00,0x00,0x00,0x00,0x00,0x00,0x00,0x00,0x00,0x00,0x00,0x00,0x00,0x00,0x01,0x12,0x24,0x44,0xa0,0x01,
 0x11,0x11,0x12,0x10,0x00,0x22,0x22,0x22,0x11,0x22,0x22,0x40,0x13,0x32,0x23,0x33,0x33,0x33,0x33,0x44,0x43,0x52,0x55,0x5a,
 0x52,0x44,0x44,0x44,0x44,0x44,0x44,0x44,0x44,0x44,0x44,0x24,0x44,0x44,0x44,0x44,0xaa,0x94,0x11,0x11,0x11,0x11,0x10,0x02,
 0x11,0x11,0x10,0x00,0x00,0x00,0x11,0x11,0x10,0x02,0x22,0x22,0x00,0x00,0x00,0x00,0x22,0x20,0x02,0x22,0x21,0x11,0x11,0x11,
 0x11,0x11,0x11,0x11,0x11,0x11,0x11,0x11,0x11,0x11,0x11,0x11,0x11,0x11,0x11,0x11,0x11,0x11,0x90,0x02,0x11,0x02,0x22,0x00,
 0x01,0x51,0x00,0x00,0x20,0x12,0x21,0x01,0x01,0x12,0x21,0x05,0x45,0x12,0x11,0x21,0x10,0x01,0x11,0x11,0x11,0x11,0x11,0x11,
 0x11,0x11,0x11,0x11,0x00,0x11,0x14,0x43,0x34,0x43,0x00,0x11,0x44,0x42,0x11,0x32,0x12,0x24,0x44,0x44,0xa4,0x40,0x00,0x00,
 0x00,0x00,0x00,0x00,0x00,0x00,0x00,0x00,0x00,0x00,0x00,0x00,0x00,0x00,0x00,0x00,0x00,0x00,0x04,0x12,0x20,0x14,0x44,0x44,
 0x40,0x00,0x11,0x11,0x12,0x10,0x00,0x11,0x11,0x22,0x22,0x22,0x22,0x40,0x13,0x31,0x23,0x33,0x33,0x33,0x33,0x44,0x44,0x42,
 0x55,0x55,0x04,0x44,0x42,0x44,0x44,0x44,0x44,0x44,0x44,0x44,0x22,0xa2,0x44,0x44,0x44,0x4a,0x46,0x9a,0xa0,0x11,0x11,0x11,
 0x10,0x12,0x22,0x33,0x00,0x01,0x00,0x02,0x21,0x11,0x12,0x20,0x01,0x02,0x00,0x20,0x00,0x00,0x22,0x20,0x02,0x22,0x22,0x11,
 0x11,0x11,0x11,0x11,0x11,0x11,0x11,0x11,0x11,0x11,0x11,0x11,0x11,0x11,0x11,0x11,0x11,0x11,0x11,0x11,0x90,0x12,0x20,0x01,
 0x12,0x10,0x00,0x42,0x00,0x01,0x20,0x11,0x20,0x00,0x02,0x21,0x10,0x00,0x25,0x12,0x01,0x21,0x00,0x00,0x11,0x12,0x11,0x11,
 0x11,0x11,0x11,0x11,0x11,0x11,0x00,0x11,0x14,0x44,0x41,0x44,0x03,0x40,0x22,0x22,0x44,0x43,0x24,0x41,0x42,0x00,0x00,0x00,
 0x00,0x00,0x00,0x00,0x00,0x00,0x00,0x00,0x00,0x00,0x00,0x00,0x00,0x00,0x00,0x00,0x00,0x02,0x01,0x10,0x01,0x11,0x11,0x14,
 0x44,0x44,0x40,0x01,0x11,0x11,0x12,0x10,0x00,0x22,0x23,0x33,0x22,0x22,0x23,0x40,0x13,0x31,0x33,0x33,0x33,0x23,0x33,0x34,
 0x34,0x42,0x55,0x50,0x41,0x22,0x42,0x4a,0x44,0x44,0x44,0x44,0x44,0x44,0x44,0x44,0x44,0xaa,0xaa,0xa6,0x6a,0xaa,0x10,0x11,
 0x11,0x11,0x10,0x32,0x22,0x22,0x00,0x00,0x00,0x00,0x10,0x01,0x11,0x11,0x02,0x10,0x00,0x00,0x00,0x00,0x22,0x20,0x02,0x12,
 0x22,0x11,0x11,0x11,0x11,0x11,0x11,0x11,0x11,0x11,0x11,0x11,0x11,0x11,0x11,0x11,0x11,0x11,0x11,0x11,0x11,0x11,0x90,0x20,
 0x30,0x00,0x22,0x20,0x00,0x34,0x00,0x01,0x10,0x10,0x30,0x00,0x12,0x00,0x00,0x22,0x10,0x21,0x01,0x12,0x00,0x00,0x11,0x41,
 0x14,0x11,0x33,0x12,0x21,0x22,0x11,0x11,0x00,0x11,0x14,0x44,0x44,0x44,0x04,0x31,0x42,0x22,0x44,0x41,0x12,0x10,0x00,0x00,
 0x00,0x00,0x00,0x00,0x00,0x00,0x00,0x00,0x00,0x00,0x00,0x00,0x00,0x00,0x00,0x00,0x00,0x00,0x01,0x11,0x00,0x00,0x01,0x11,
 0x11,0x14,0x44,0x44,0x40,0x01,0x22,0x11,0x22,0x20,0x11,0x22,0x13,0x33,0x22,0x22,0x23,0x40,0x13,0x33,0x33,0x33,0x33,0x33,
 0x33,0x34,0x34,0x42,0x55,0x50,0x40,0x00,0x22,0x22,0x24,0xaa,0xaa,0xaa,0x4a,0xaa,0xaa,0x4a,0x99,0x99,0x66,0xa4,0x44,0x41,
 0x90,0x11,0x11,0x11,0x11,0x22,0x12,0x22,0x00,0x12,0x20,0x01,0x11,0x11,0x11,0x11,0x21,0x11,0x01,0x10,0x00,0x00,0x22,0x20,
 0x02,0x22,0x21,0x11,0x11,0x11,0x11,0x11,0x11,0x11,0x11,0x11,0x11,0x11,0x11,0x11,0x11,0x11,0x11,0x11,0x11,0x11,0x11,0x11,
 0x90,0x20,0x30,0x00,0x22,0x20,0x00,0x34,0x00,0x02,0x00,0x10,0x20,0x00,0x20,0x00,0x10,0x22,0x22,0x22,0x01,0x12,0x00,0x00,
 0x11,0x43,0x14,0x11,0x32,0x12,0x21,0x31,0x11,0x11,0x00,0x11,0x12,0x21,0x22,0x14,0x44,0x44,0x44,0x21,0x00,0x00,0x00,0x00,
 0x00,0x00,0x00,0x00,0x00,0x00,0x00,0x00,0x00,0x00,0x00,0x00,0x00,0x00,0x00,0x00,0x00,0x11,0x20,0x01,0x11,0x12,0x00,0x00,
 0x01,0x11,0x11,0x14,0x40,0x44,0xa0,0x02,0x22,0x22,0x23,0x20,0x11,0x23,0x23,0x33,0x22,0x12,0x22,0x22,0x23,0x33,0x33,0x33,
 0x33,0x33,0x33,0x34,0x34,0x42,0x55,0x50,0x22,0x44,0x00,0x21,0x11,0x12,0x22,0x22,0x44,0x44,0x4a,0x9a,0x44,0x24,0x41,0x24,
 0x00,0x09,0x40,0x11,0x11,0x12,0x11,0x21,0x22,0x22,0x00,0x00,0x10,0x00,0x10,0x00,0x11,0x11,0x11,0x01,0x01,0x20,0x00,0x00,
 0x22,0x20,0x02,0x22,0x22,0x11,0x11,0x11,0x11,0x11,0x11,0x11,0x11,0x11,0x11,0x11,0x11,0x11,0x11,0x11,0x11,0x11,0x11,0x11,
 0x11,0x11,0x88,0x88,0x88,0x88,0x88,0x88,0x88,0x88,0x88,0x88,0x88,0x88,0x88,0x88,0x88,0x88,0x88,0x88,0x88,0x88,0x88,0x88,
 0x88,0x88,0x88,0x88,0x88,0x88,0x88,0x88,0x88,0x88,0x88,0x88,0x00,0x01,0x14,0x44,0x44,0x41,0x00,0x10,0x00,0x00,0x00,0x00,
 0x00,0x00,0x00,0x00,0x00,0x00,0x00,0x00,0x00,0x00,0x00,0x00,0x00,0x00,0x00,0x00,0x11,0x11,0x11,0x00,0x00,0x01,0x11,0x11,
 0x00,0x00,0x01,0x11,0x11,0x14,0x24,0x54,0x51,0x11,0x11,0x12,0x13,0x20,0x11,0x33,0x23,0x33,0x32,0x22,0x22,0x32,0x23,0x33,
 0x23,0x33,0x33,0x33,0x33,0x34,0x33,0x42,0x55,0x50,0x22,0x01,0x22,0x42,0x12,0x00,0x00,0x00,0x11,0x11,0x11,0x21,0x11,0x11,
 0x42,0x44,0x44,0xa4,0x40,0x11,0x12,0x11,0x12,0x22,0x22,0x22,0x00,0x00,0x00,0x00,0x11,0x10,0x00,0x11,0x11,0x00,0x00,0x00,
 0x00,0x00,0x22,0x20,0x02,0x22,0x22,0x11,0x11,0x11,0x11,0x11,0x11,0x11,0x11,0x11,0x11,0x11,0x11,0x11,0x11,0x11,0x11,0x11,
 0x11,0x11,0x11,0x11,0x80,0x00,0x00,0x00,0x00,0x00,0x00,0x00,0x00,0x00,0x00,0x00,0x00,0x00,0x00,0x00,0x00,0x00,0x00,0x00,
 0x00,0x00,0x00,0x00,0x00,0x00,0x00,0x00,0x00,0x00,0x00,0x00,0x00,0x08,0x00,0x01,0x11,0x11,0x00,0x00,0x00,0x00,0x00,0x00,
 0x00,0x00,0x00,0x00,0x00,0x00,0x00,0x00,0x00,0x00,0x00,0x00,0x00,0x00,0x00,0x00,0x00,0x11,0x11,0x11,0x11,0x00,0x00,0x02,
 0x11,0x11,0x00,0x00,0x01,0x11,0x11,0x14,0x21,0x24,0x51,0x12,0x22,0x22,0x22,0x20,0x11,0x23,0x23,0x33,0x32,0x22,0x22,0x31,
 0x33,0x33,0x33,0x33,0x33,0x32,0x33,0x34,0x33,0x52,0x55,0x50,0x12,0x00,0x00,0x00,0x01,0x44,0x44,0x44,0x4a,0xaa,0x56,0x69,
 0x5a,0x33,0x30,0x00,0x03,0x44,0x40,0x11,0x11,0x11,0x11,0x22,0x22,0x22,0x00,0x00,0x00,0x00,0x00,0x00,0x00,0x00,0x00,0x11,
 0x01,0x20,0x00,0x00,0x21,0x20,0x02,0x22,0x22,0x11,0x11,0x11,0x11,0x11,0x11,0x11,0x11,0x11,0x11,0x11,0x11,0x11,0x11,0x11,
 0x11,0x11,0x11,0x11,0x11,0x11,0x80,0x00,0x00,0x00,0x00,0x00,0x00,0x00,0x00,0x00,0x00,0x00,0x00,0x00,0x00,0x00,0x00,0x00,
 0x00,0x00,0x00,0x00,0x00,0x00,0x00,0x00,0x00,0x00,0x00,0x00,0x00,0x00,0x00,0x08,0x00,0x01,0x00,0x00,0x00,0x00,0x00,0x00,
 0x00,0x00,0x00,0x00,0x00,0x00,0x00,0x00,0x00,0x00,0x00,0x00,0x00,0x00,0x00,0x11,0x10,0x00,0x00,0x21,0x11,0x11,0x11,0x00,
 0x00,0x02,0x11,0x12,0x00,0x00,0x01,0x11,0x11,0x04,0x41,0x44,0x51,0x12,0x22,0x22,0x22,0x20,0x11,0x33,0x23,0x33,0x33,0x12,
 0x23,0x31,0x33,0x33,0x23,0x33,0x33,0x33,0x33,0x34,0x33,0x52,0x55,0x50,0x02,0x00,0x00,0x00,0x00,0x32,0x22,0x22,0x22,0x22,
 0x33,0x94,0x32,0x22,0x30,0x00,0x13,0x44,0x10,0x00,0x01,0x00,0x00,0x00,0x00,0x00,0x00,0x00,0x00,0x00,0x00,0x00,0x00,0x00,
 0x00,0x00,0x00,0x00,0x00,0x00,0x00,0x00,0x02,0x22,0x21,0x11,0x11,0x11,0x11,0x11,0x11,0x11,0x11,0x11,0x11,0x11,0x11,0x11,
 0x11,0x11,0x11,0x11,0x11,0x11,0x11,0x11,0x80,0x00,0x00,0x00,0x00,0x00,0x00,0x00,0x00,0x00,0x00,0x00,0x00,0x00,0x00,0x00,
 0x00,0x00,0x00,0x00,0x00,0x00,0x00,0x00,0x00,0x00,0x00,0x00,0x00,0x00,0x00,0x00,0x00,0x08,0x00,0x01,0x00,0x00,0x00,0x00,
 0x00,0x00,0x00,0x00,0x00,0x00,0x00,0x00,0x00,0x00,0x00,0x00,0x00,0x00,0x00,0x11,0x11,0x11,0x10,0x00,0x00,0x11,0x11,0x11,
 0x11,0x00,0x00,0x11,0x11,0x12,0x01,0x00,0x01,0x11,0x11,0x04,0x44,0x44,0x51,0x12,0x11,0x12,0x22,0x20,0x11,0x33,0x23,0x33,
 0x33,0x12,0x22,0x33,0x33,0x33,0x23,0x33,0x33,0x33,0x33,0x34,0x43,0x52,0x55,0x50,0x32,0x00,0x00,0x00,0x11,0x42,0x22,0x22,
 0x22,0x23,0x33,0x94,0x33,0x32,0x30,0x00,0x11,0x11,0x40,0x44,0x45,0x54,0x45,0x44,0x44,0x43,0x34,0x34,0x44,0x55,0x55,0x55,
 0x55,0x44,0x45,0x53,0x95,0x55,0x55,0x59,0x42,0x11,0x02,0x22,0x21,0x11,0x11,0x11,0x11,0x11,0x11,0x11,0x11,0x11,0x11,0x11,
 0x11,0x11,0x11,0x11,0x11,0x11,0x11,0x11,0x11,0x11,0x80,0x00,0x00,0x00,0x00,0x00,0x00,0x00,0x00,0x00,0x00,0x00,0x00,0x00,
 0x00,0x00,0x00,0x00,0x00,0x00,0x00,0x00,0x00,0x00,0x00,0x00,0x00,0x00,0x00,0x00,0x00,0x00,0x00,0x08,0x00,0x01,0x00,0x00,
 0x00,0x00,0x00,0x00,0x00,0x00,0x00,0x00,0x00,0x00,0x00,0x00,0x00,0x00,0x00,0x11,0x11,0x11,0x11,0x11,0x10,0x00,0x00,0x21,
 0x11,0x11,0x11,0x10,0x00,0x02,0x22,0x24,0x01,0x00,0x01,0x11,0x10,0x0a,0x44,0x44,0x91,0x12,0x12,0x22,0x13,0x20,0x11,0x33,
 0x32,0x23,0x33,0x22,0x22,0x42,0x33,0x33,0x33,0x33,0x33,0x33,0x33,0x34,0x45,0x52,0x55,0x50,0x33,0x00,0x00,0x00,0x00,0x10,
 0x12,0x22,0x22,0x33,0x33,0x64,0x33,0x20,0x00,0x00,0x04,0x54,0x40,0x22,0x22,0x22,0x22,0x22,0x22,0x22,0x22,0x22,0x22,0x22,
 0x22,0x22,0x22,0x22,0x24,0x33,0x33,0x34,0x44,0x33,0x43,0x20,0x02,0x22,0x22,0x11,0x11,0x11,0x11,0x11,0x11,0x11,0x11,0x11,
 0x11,0x11,0x11,0x11,0x11,0x11,0x11,0x11,0x11,0x11,0x11,0x11,0x80,0x00,0x00,0x00,0x00,0x00,0x00,0x00,0x00,0x00,0x00,0x00,
 0x00,0x00,0x00,0x00,0x00,0x00,0x00,0x00,0x00,0x00,0x00,0x00,0x00,0x00,0x00,0x00,0x00,0x00,0x00,0x00,0x00,0x08,0x10,0x01,
 0x00,0x00,0x00,0x00,0x00,0x00,0x00,0x00,0x00,0x00,0x00,0x00,0x00,0x00,0x00,0x00,0x11,0x11,0x11,0x11,0x11,0x11,0x10,0x00,
 0x00,0x21,0x11,0x11,0x11,0x11,0x11,0x12,0x22,0x44,0x00,0x00,0x01,0x11,0x10,0x0a,0x44,0x44,0x51,0x22,0x12,0x22,0x13,0x20,
 0x11,0x33,0x22,0x33,0x33,0x22,0x22,0x43,0x33,0x33,0x33,0x33,0x33,0x33,0x33,0x34,0x45,0x52,0x55,0x50,0x33,0x00,0x00,0x00,
 0x04,0x41,0x10,0x01,0x00,0x11,0x11,0x01,0x11,0x34,0x41,0x00,0x03,0x53,0x40,0x11,0x11,0x12,0x22,0x22,0x22,0x22,0x22,0x21,
 0x21,0x11,0x11,0x11,0x11,0x21,0x11,0x11,0x11,0x22,0x22,0x21,0x12,0x10,0x02,0x22,0x22,0x11,0x11,0x11,0x11,0x11,0x11,0x11,
 0x11,0x11,0x11,0x11,0x11,0x11,0x11,0x11,0x11,0x11,0x11,0x11,0x11,0x11,0x80,0x00,0x00,0x00,0x00,0x00,0x00,0x00,0x00,0x00,
 0x00,0x00,0x00,0x00,0x00,0x00,0x00,0x00,0x00,0x00,0x00,0x00,0x00,0x00,0x00,0x00,0x00,0x00,0x00,0x00,0x00,0x00,0x00,0x08,
 0x10,0x01,0x10,0x00,0x00,0x00,0x00,0x00,0x00,0x00,0x00,0x00,0x20,0x11,0x11,0x10,0x00,0x00,0x11,0x11,0x11,0x11,0x11,0x11,
 0x11,0x00,0x01,0x11,0x12,0x22,0x22,0x42,0x11,0x12,0x22,0x24,0x11,0x00,0x01,0x11,0x10,0x05,0x44,0x44,0x51,0x12,0x22,0x22,
 0x23,0x20,0x11,0x32,0x23,0x33,0x22,0x13,0x33,0x41,0x33,0x33,0x22,0x33,0x33,0x33,0x33,0x33,0x45,0x53,0x55,0x54,0x02,0x11,
 0x00,0x00,0x00,0x42,0x22,0x22,0x22,0x33,0x35,0x64,0x33,0x22,0x20,0x00,0x01,0x59,0x41,0x12,0x12,0x22,0x22,0x22,0x22,0x22,
 0x22,0x11,0x12,0x22,0x22,0x21,0x11,0x11,0x11,0x11,0x11,0x22,0x11,0x11,0x21,0x00,0x03,0x22,0x21,0x11,0x11,0x11,0x11,0x11,
 0x11,0x11,0x11,0x11,0x11,0x11,0x11,0x11,0x11,0x11,0x11,0x11,0x11,0x11,0x11,0x11,0x80,0x00,0x00,0x00,0x00,0x00,0x00,0x00,
 0x00,0x00,0x00,0x00,0x00,0x00,0x00,0x00,0x00,0x00,0x00,0x00,0x00,0x00,0x00,0x00,0x00,0x00,0x00,0x00,0x00,0x00,0x00,0x00,
 0x00,0x08,0x11,0x01,0x10,0x00,0x00,0x00,0x00,0x00,0x01,0x00,0x10,0x11,0x40,0x00,0x01,0x00,0x00,0x00,0x11,0x11,0x11,0x11,
 0x11,0x11,0x11,0x00,0x01,0x11,0x22,0x22,0x22,0x41,0x11,0x13,0x22,0x22,0x11,0x00,0x01,0x11,0x10,0x0a,0x44,0x4a,0x51,0x12,
 0x22,0x22,0x22,0x20,0x11,0x32,0x33,0x33,0x22,0x13,0x33,0x32,0x33,0x33,0x22,0x33,0x33,0x33,0x33,0x34,0x45,0x93,0x55,0x55,
 0x90,0x11,0x21,0x10,0x01,0x12,0x22,0x22,0x21,0x22,0x22,0x63,0x32,0x21,0x12,0x23,0x45,0x51,0x22,0x22,0x22,0x22,0x21,0x12,
 0x11,0x22,0x22,0x11,0x11,0x12,0x22,0x22,0x12,0x21,0x22,0x22,0x22,0x22,0x22,0x12,0x22,0x10,0x03,0x22,0x22,0x11,0x11,0x11,
 0x11,0x11,0x11,0x11,0x11,0x11,0x11,0x11,0x11,0x11,0x11,0x11,0x11,0x11,0x11,0x11,0x11,0x11,0x80,0x00,0x00,0x00,0x00,0x00,
 0x00,0x00,0x00,0x00,0x00,0x00,0x00,0x00,0x00,0x00,0x00,0x00,0x00,0x00,0x00,0x00,0x00,0x00,0x00,0x00,0x00,0x00,0x00,0x00,
 0x00,0x00,0x00,0x08,0x11,0x01,0x10,0x00,0x00,0x00,0x00,0x00,0x02,0x11,0x10,0x01,0x40,0x00,0x02,0x00,0x00,0x00,0x11,0x11,
 0x11,0x11,0x11,0x11,0x11,0x10,0x01,0x11,0x22,0x42,0x22,0x21,0x11,0x14,0x22,0x22,0x11,0x00,0x01,0x11,0x10,0x05,0x44,0x4a,
 0x51,0x22,0x22,0x22,0x23,0x20,0x11,0x32,0x23,0x33,0x22,0x13,0x33,0x32,0x33,0x33,0x33,0x33,0x23,0x33,0x33,0x34,0x45,0x52,
 0x55,0x55,0x95,0x00,0x11,0x13,0x34,0x44,0x44,0x33,0x43,0x44,0x56,0x65,0x44,0x54,0x32,0x22,0x00,0x01,0x12,0x22,0x21,0x12,
 0x21,0x21,0x11,0x11,0x21,0x11,0x21,0x22,0x22,0x22,0x22,0x11,0x22,0x22,0x11,0x22,0x22,0x22,0x22,0x11,0x02,0x22,0x22,0x11,
 0x11,0x11,0x11,0x11,0x11,0x11,0x11,0x11,0x11,0x11,0x11,0x11,0x11,0x11,0x11,0x11,0x11,0x11,0x11,0x11,0x80,0x00,0x00,0x00,
 0x00,0x00,0x00,0x00,0x00,0x00,0x00,0x00,0x00,0x00,0x00,0x00,0x00,0x00,0x00,0x00,0x00,0x00,0x00,0x00,0x00,0x00,0x00,0x00,
 0x00,0x00,0x00,0x00,0x00,0x08,0x11,0x01,0x10,0x00,0x00,0x00,0x00,0x21,0x11,0x00,0x00,0x01,0x10,0x00,0x02,0x20,0x00,0x00,
 0x11,0x11,0x11,0x11,0x12,0x21,0x11,0x10,0x12,0x11,0x22,0x24,0x44,0x22,0x11,0x24,0x22,0x24,0x11,0x00,0x01,0x11,0x10,0x0a,
 0x44,0x44,0x52,0x22,0x22,0x22,0x22,0x20,0x12,0x11,0x23,0x33,0x33,0x23,0x33,0x42,0x23,0x33,0x33,0x33,0x33,0x33,0x33,0x34,
 0x45,0x92,0x44,0x55,0x95,0x59,0x00,0x00,0x00,0x00,0x01,0x11,0x22,0x11,0x22,0x21,0x11,0x00,0x00,0x00,0x02,0x22,0x22,0x22,
 0x22,0x22,0x22,0x22,0x22,0x22,0x22,0x22,0x22,0x22,0x22,0x22,0x22,0x33,0x44,0x44,0x11,0x11,0x44,0x43,0x11,0x11,0x00,0x00,
 0x01,0x11,0x11,0x11,0x11,0x11,0x11,0x11,0x11,0x11,0x11,0x11,0x11,0x11,0x11,0x11,0x11,0x11,0x11,0x11,0x11,0x11,0x80,0x00,
 0x00,0x00,0x88,0x88,0x00,0x08,0x00,0x00,0x80,0x00,0x08,0x88,0x00,0x08,0x88,0x88,0x00,0x00,0x00,0x00,0x00,0x00,0x80,0x00,
 0x00,0x00,0x00,0x00,0x00,0x00,0x00,0x08,0x11,0x00,0x10,0x01,0x10,0x00,0x00,0x12,0x11,0x00,0x00,0x01,0x10,0x00,0x02,0x20,
 0x00,0x00,0x11,0x12,0x11,0x12,0x22,0x21,0x11,0x11,0x02,0x11,0x22,0x22,0x44,0x44,0x11,0x22,0x22,0x24,0x11,0x00,0x01,0x11,
 0x20,0x0a,0x44,0x44,0x52,0x22,0x22,0x22,0x22,0x20,0x22,0x21,0x23,0x33,0x33,0x23,0x33,0x42,0x23,0x33,0x33,0x33,0x33,0x33,
 0x33,0x34,0x45,0x52,0x44,0x55,0x95,0x95,0x13,0x23,0x21,0x00,0x00,0x00,0x00,0x00,0x00,0x00,0x00,0x00,0x01,0x22,0x22,0x22,
 0x22,0x22,0x22,0x22,0x22,0x22,0x22,0x22,0x22,0x22,0x22,0x22,0x22,0x22,0x33,0x33,0x44,0x44,0x11,0x11,0x44,0x42,0x11,0x00,
 0x42,0x22,0x11,0x00,0x01,0x00,0x00,0x00,0x00,0x01,0x00,0x11,0x10,0x00,0x01,0x01,0x11,0x00,0x00,0x00,0x11,0x11,0x11,0x00,
 0x80,0x00,0x00,0x08,0x00,0x00,0x80,0x08,0x00,0x00,0x80,0x00,0x00,0x80,0x00,0x08,0x00,0x00,0x80,0x00,0x00,0x00,0x00,0x00,
 0x08,0x00,0x00,0x00,0x00,0x00,0x00,0x00,0x00,0x08,0x11,0x00,0x11,0x11,0x00,0x00,0x00,0x11,0x12,0x00,0x00,0x01,0x10,0x00,
 0x02,0x20,0x00,0x02,0x22,0x22,0x11,0x12,0x21,0x22,0x11,0x10,0x11,0x21,0x22,0x22,0x24,0x44,0x22,0x22,0x22,0x22,0x22,0x00,
 0x01,0x11,0x10,0x1a,0x44,0x44,0x52,0x22,0x22,0x22,0x22,0x20,0x22,0x22,0x33,0x33,0x33,0x33,0x33,0x31,0x23,0x33,0x33,0x33,
 0x33,0x33,0x33,0x34,0x45,0x52,0x54,0x59,0x95,0x95,0x13,0x33,0x33,0x22,0x20,0x00,0x00,0x00,0x00,0x00,0x00,0x32,0x22,0x22,
 0x22,0x22,0x22,0x22,0x22,0x22,0x22,0x22,0x22,0x22,0x22,0x22,0x22,0x22,0x22,0x22,0x23,0x34,0xaa,0xa1,0x11,0x12,0x44,0x41,
 0x11,0x14,0x4a,0x43,0x32,0x22,0x22,0x44,0x43,0x22,0x22,0x44,0x44,0x22,0x23,0x44,0x43,0x22,0x22,0x44,0x32,0x22,0x22,0x44,
 0x43,0x33,0x80,0x00,0x00,0x00,0x88,0x00,0x00,0x08,0x88,0x88,0x80,0x00,0x00,0x80,0x00,0x08,0x00,0x00,0x80,0x00,0x00,0x00,
 0x00,0x00,0x00,0x80,0x00,0x00,0x00,0x00,0x00,0x00,0x00,0x08,0x11,0x01,0x11,0x11,0x00,0x00,0x00,0x11,0x11,0x00,0x00,0x01,
 0x20,0x00,0x11,0x22,0x11,0x12,0x22,0x22,0x12,0x12,0x11,0x22,0x11,0x11,0x12,0x22,0x22,0x22,0x22,0x44,0x12,0x22,0x22,0x22,
 0x22,0x00,0x01,0x11,0x10,0x1a,0x43,0x64,0x52,0x22,0x22,0x22,0x22,0x20,0x12,0x22,0x33,0x33,0x33,0x23,0x33,0x41,0x23,0x33,
 0x33,0x33,0x23,0x33,0x33,0x34,0x45,0x52,0x55,0x55,0x95,0x95,0x03,0x32,0x22,0x33,0x31,0x00,0x00,0x00,0x10,0x01,0x50,0x22,
 0x22,0x22,0x22,0x22,0x33,0x22,0x22,0x32,0x22,0x22,0x22,0x22,0x23,0x22,0x22,0x33,0x34,0x34,0x44,0x55,0x55,0x32,0x22,0x25,
 0x55,0x21,0x12,0x55,0x55,0x44,0x43,0x32,0x24,0x44,0x43,0x33,0x24,0x44,0x43,0x33,0x3a,0xa4,0x42,0x22,0x34,0x4a,0xa3,0x33,
 0x34,0x44,0x43,0x33,0x80,0x00,0x00,0x00,0x00,0x88,0x00,0x08,0x00,0x00,0x80,0x00,0x00,0x80,0x00,0x08,0x88,0x88,0x00,0x00,
 0x00,0x00,0x00,0x00,0x00,0x08,0x00,0x00,0x00,0x00,0x00,0x00,0x00,0x08,0x11,0x00,0x11,0x11,0x10,0x00,0x00,0x11,0x11,0x00,
 0x00,0x01,0x20,0x00,0x11,0x22,0x11,0x12,0x22,0x22,0x11,0x21,0x12,0x22,0x21,0x11,0x12,0x21,0x22,0x22,0x22,0x23,0x12,0x22,
 0x22,0x22,0x12,0x00,0x02,0x01,0x10,0x1a,0x22,0x54,0x52,0x22,0x22,0x22,0x23,0x21,0x12,0x22,0x33,0x33,0x33,0x23,0x33,0x40,
 0x13,0x33,0x33,0x33,0x33,0x33,0x33,0x34,0x45,0x52,0x55,0x55,0x95,0x55,0x14,0x33,0x33,0x34,0x31,0x00,0x00,0x10,0x21,0x02,
 0xa0,0x33,0x44,0x44,0x44,0x44,0x44,0x44,0x44,0x44,0x44,0x44,0x44,0x44,0x44,0x44,0x44,0x44,0x44,0x44,0x44,0x55,0x55,0x22,
 0x22,0x95,0x55,0x11,0x12,0x55,0x55,0x44,0x44,0x33,0xa4,0x44,0x33,0x33,0x4a,0x44,0x22,0x23,0x44,0x44,0x33,0x33,0x34,0x4a,
 0x33,0x33,0x34,0x44,0x43,0x33,0x80,0x00,0x00,0x08,0x00,0x00,0x80,0x08,0x00,0x00,0x80,0x00,0x00,0x80,0x00,0x08,0x00,0x00,
 0x00,0x00,0x00,0x00,0x00,0x00,0x00,0x80,0x00,0x00,0x00,0x00,0x00,0x00,0x00,0x08,0x11,0x10,0x01,0x11,0x10,0x00,0x01,0x11,
 0x11,0x00,0x00,0x01,0x40,0x00,0x12,0x22,0x11,0x12,0x21,0x22,0x11,0x22,0x22,0x22,0x22,0x41,0x12,0x22,0x22,0x22,0x22,0x13,
 0x22,0x22,0x22,0x22,0x21,0x00,0x02,0x11,0x20,0x1a,0x22,0x22,0x52,0x22,0x22,0x22,0x23,0x21,0x12,0x33,0x33,0x33,0x33,0x13,
 0x32,0x41,0x21,0x33,0x33,0x33,0x33,0x33,0x33,0x34,0x34,0x52,0x55,0x55,0x95,0x55,0x13,0x22,0x22,0x44,0x31,0x00,0x00,0x10,
 0x21,0x02,0x50,0x22,0x22,0x22,0x32,0x22,0x22,0x23,0x32,0x22,0x22,0x22,0x33,0x32,0x22,0x22,0x22,0x22,0x22,0x44,0x45,0x55,
 0x51,0x21,0x19,0x55,0x51,0x21,0x15,0x55,0x54,0x33,0x33,0x33,0x33,0x42,0x22,0x23,0xaa,0xa4,0x33,0x23,0x24,0x44,0x33,0x33,
 0x44,0x44,0x33,0x33,0x34,0x44,0x33,0x33,0x80,0x00,0x00,0x00,0x88,0x88,0x00,0x08,0x00,0x00,0x80,0x00,0x08,0x88,0x00,0x08,
 0x00,0x00,0x00,0x00,0x00,0x00,0x00,0x00,0x08,0x00,0x00,0x00,0x00,0x00,0x00,0x00,0x00,0x08,0x01,0x20,0x11,0x11,0x10,0x00,
 0x00,0x11,0x11,0x10,0x00,0x01,0x30,0x00,0x12,0x22,0x11,0x12,0x12,0x22,0x11,0x22,0x22,0x22,0x22,0x20,0x12,0x22,0x22,0x22,
 0x22,0x22,0x22,0x22,0x22,0x22,0x21,0x00,0x02,0x21,0x11,0x14,0x41,0x14,0x52,0x22,0x22,0x22,0x23,0x21,0x11,0x33,0x33,0x33,
 0x33,0x13,0x33,0x31,0x23,0x33,0x33,0x33,0x23,0x33,0x33,0x34,0x34,0x52,0x55,0x45,0x95,0x55,0x02,0x22,0x22,0x22,0x21,0x10,
 0x00,0x21,0x20,0x03,0x90,0x22,0x22,0x22,0x22,0x22,0x22,0x22,0x22,0x22,0x22,0x22,0x22,0x22,0x22,0x22,0x22,0x22,0x22,0x22,
 0x34,0x44,0x41,0x11,0x14,0x44,0x41,0x11,0x14,0x44,0x42,0x23,0x22,0x22,0x22,0x22,0x22,0x22,0x22,0x22,0x22,0x11,0x11,0x11,
 0x22,0x22,0x22,0x22,0x11,0x11,0x22,0x23,0x22,0x12,0x80,0x00,0x00,0x00,0x00,0x00,0x00,0x00,0x00,0x00,0x00,0x00,0x00,0x00,
 0x00,0x00,0x00,0x00,0x00,0x00,0x00,0x00,0x00,0x00,0x80,0x00,0x00,0x00,0x00,0x00,0x00,0x00,0x00,0x08,0x01,0x10,0x10,0x11,
 0x00,0x10,0x11,0x11,0x11,0x00,0x00,0x11,0x20,0x00,0x12,0x22,0x21,0x12,0x12,0x22,0x21,0x22,0x22,0x22,0x22,0x21,0x12,0x22,
 0x22,0x22,0x22,0x42,0x12,0x22,0x22,0x22,0x22,0x00,0x01,0x11,0x11,0x1a,0x44,0x44,0x52,0x22,0x22,0x22,0x23,0x21,0x11,0x33,
 0x33,0x33,0x33,0x13,0x33,0x32,0x23,0x33,0x33,0x33,0x33,0x33,0x33,0x34,0x34,0x53,0x55,0xa5,0x95,0x55,0x02,0x22,0x23,0x22,
 0x21,0x10,0x00,0x21,0x31,0x04,0x90,0x22,0x22,0x22,0x22,0x22,0x22,0x22,0x22,0x22,0x22,0x22,0x22,0x22,0x22,0x22,0x22,0x22,
 0x22,0x22,0x22,0x23,0x32,0x22,0x22,0x22,0x22,0x22,0x23,0x22,0x22,0x22,0x22,0x21,0x11,0x11,0x11,0x11,0x11,0x12,0x22,0x11,
 0x11,0x11,0x11,0x21,0x11,0x11,0x11,0x11,0x12,0x22,0x11,0x11,0x80,0x00,0x00,0x00,0x00,0x00,0x00,0x00,0x00,0x00,0x00,0x00,
 0x00,0x00,0x00,0x00,0x00,0x00,0x00,0x00,0x00,0x00,0x00,0x00,0x00,0x00,0x00,0x00,0x00,0x00,0x00,0x00,0x00,0x08,0x01,0x10,
 0x01,0x11,0x11,0x10,0x11,0x11,0x11,0x10,0x00,0x21,0x10,0x11,0x11,0x22,0x21,0x22,0x12,0x22,0x11,0x22,0x22,0x22,0x22,0x21,
 0x12,0x22,0x22,0x22,0x22,0x23,0x24,0x22,0x22,0x22,0x22,0x00,0x01,0x11,0x11,0x1a,0x44,0x44,0x52,0x22,0x22,0x22,0x23,0x21,
 0x11,0x33,0x33,0x33,0x33,0x23,0x33,0x41,0x23,0x33,0x33,0x33,0x33,0x33,0x33,0x34,0x34,0x52,0x55,0x45,0x5a,0x55,0x03,0x22,
 0x32,0x22,0x21,0x00,0x01,0x22,0x62,0x04,0x90,0x22,0x22,0x22,0x22,0x22,0x22,0x22,0x22,0x22,0x22,0x22,0x22,0x22,0x22,0x22,
 0x22,0x22,0x22,0x22,0x34,0x44,0x44,0x22,0x23,0x33,0x33,0x22,0x34,0x44,0x44,0x22,0x22,0x22,0x22,0x22,0x22,0x22,0x22,0x22,
 0x22,0x22,0x22,0x22,0x22,0x22,0x22,0x22,0x22,0x22,0x22,0x22,0x22,0x22,0x80,0x00,0x00,0x00,0x00,0x00,0x00,0x00,0x00,0x00,
 0x00,0x00,0x00,0x00,0x00,0x00,0x00,0x00,0x00,0x00,0x00,0x00,0x00,0x00,0x00,0x00,0x00,0x00,0x00,0x00,0x00,0x00,0x00,0x08,
 0x11,0x11,0x01,0x11,0x11,0x10,0x11,0x21,0x11,0x10,0x10,0x12,0x40,0x11,0x11,0x22,0x11,0x22,0x22,0x22,0x11,0x22,0x22,0x22,
 0x22,0x21,0x12,0x22,0x22,0x22,0x22,0x22,0x42,0x22,0x22,0x22,0x21,0x00,0x02,0x12,0x11,0x14,0x44,0x44,0x52,0x22,0x22,0x22,
 0x23,0x21,0x11,0x33,0x33,0x33,0x33,0x23,0x33,0x41,0x23,0x33,0x33,0x33,0x13,0x33,0x33,0x34,0x34,0x52,0x55,0x45,0x5a,0x95,
 0x13,0x33,0x22,0x23,0x31,0x00,0x01,0x22,0x32,0x14,0x90,0x22,0x22,0x22,0x22,0x22,0x22,0x22,0x22,0x22,0x22,0x22,0x22,0x22,
 0x22,0x22,0x22,0x22,0x22,0x23,0x34,0x44,0x42,0x22,0x23,0x33,0x32,0x22,0x24,0x44,0x43,0x33,0x22,0x22,0x22,0x22,0x22,0x22,
 0x22,0x22,0x22,0x22,0x22,0x22,0x22,0x22,0x22,0x22,0x22,0x32,0x22,0x22,0x22,0x22,0x80,0x00,0x00,0x00,0x00,0x00,0x00,0x00,
 0x00,0x00,0x00,0x00,0x00,0x00,0x00,0x00,0x00,0x00,0x00,0x00,0x00,0x00,0x00,0x00,0x00,0x00,0x00,0x00,0x00,0x00,0x00,0x00,
 0x00,0x08,0x11,0x11,0x01,0x11,0x11,0x10,0x11,0x11,0x12,0x10,0x11,0x11,0x20,0x11,0x11,0x12,0x21,0x22,0x22,0x22,0x11,0x22,
 0x22,0x22,0x22,0x21,0x12,0x22,0x22,0x22,0x22,0x22,0x12,0x22,0x22,0x22,0x22,0x00,0x02,0x22,0x21,0x1a,0x44,0x44,0x52,0x22,
 0x22,0x22,0x22,0x31,0x22,0x33,0x33,0x33,0x33,0x23,0x33,0x41,0x23,0x33,0x33,0x33,0x33,0x33,0x33,0x34,0x33,0x32,0x55,0x44,
 0x55,0x55,0x13,0x32,0x22,0x33,0x31,0x00,0x01,0x22,0x62,0x14,0x90,0x22,0x22,0x22,0x22,0x22,0x32,0x22,0x22,0x22,0x23,0x33,
 0x33,0x33,0x33,0x33,0x33,0x33,0x33,0x44,0x55,0x55,0x55,0x44,0x35,0x55,0x54,0x43,0x35,0x55,0x55,0x43,0x33,0x33,0x33,0x33,
 0x33,0x22,0x22,0x22,0x22,0x22,0x22,0x22,0x22,0x22,0x22,0x22,0x22,0x22,0x22,0x22,0x22,0x22,0x80,0x00,0x00,0x00,0x00,0x00,
 0x00,0x00,0x00,0x00,0x00,0x00,0x00,0x00,0x00,0x00,0x00,0x00,0x00,0x00,0x00,0x00,0x00,0x00,0x00,0x00,0x00,0x00,0x00,0x00,
 0x00,0x00,0x00,0x08,0x11,0x11,0x11,0x11,0x11,0x10,0x11,0x11,0x11,0x11,0x11,0x11,0x10,0x11,0x11,0x22,0x21,0x22,0x22,0x22,
 0x11,0x22,0x22,0x22,0x22,0x21,0x12,0x22,0x22,0x22,0x22,0x22,0x22,0x22,0x22,0x22,0x22,0x00,0x02,0x22,0x21,0x1a,0x44,0x44,
 0x52,0x22,0x22,0x22,0x22,0x21,0x21,0x33,0x33,0x33,0x33,0x23,0x33,0x42,0x23,0x33,0x33,0x33,0x33,0x33,0x33,0x34,0x33,0x43,
 0x55,0x4a,0x55,0x55,0x04,0x33,0x33,0x33,0x41,0x00,0x01,0x22,0x62,0x14,0x50,0x23,0x22,0x33,0x33,0x22,0x33,0x23,0x33,0x33,
 0x33,0x33,0x33,0x33,0x34,0x43,0x34,0x44,0x45,0x55,0x55,0x55,0x55,0x45,0x35,0x55,0x55,0x54,0x45,0x55,0x55,0xa4,0x44,0x44,
 0x44,0x33,0x33,0x33,0x33,0x33,0x22,0x32,0x33,0x33,0x32,0x23,0x33,0x33,0x33,0x32,0x33,0x33,0x33,0x33,0x80,0x00,0x00,0x00,
 0x00,0x00,0x00,0x00,0x00,0x00,0x00,0x00,0x00,0x00,0x00,0x00,0x00,0x00,0x00,0x00,0x00,0x00,0x00,0x00,0x00,0x00,0x00,0x00,
 0x00,0x00,0x00,0x00,0x00,0x08,0x11,0x10,0x11,0x11,0x11,0x10,0x11,0x11,0x11,0x11,0x11,0x11,0x10,0x11,0x11,0x22,0x21,0x22,
 0x22,0x22,0x12,0x22,0x22,0x22,0x22,0x21,0x22,0x22,0x22,0x22,0x22,0x22,0x22,0x22,0x22,0x22,0x22,0x00,0x02,0x22,0x21,0x1a,
 0x44,0x44,0x52,0x22,0x22,0x22,0x22,0x31,0x22,0x33,0x23,0x33,0x33,0x33,0x33,0x42,0x23,0x33,0x33,0x33,0x23,0x33,0x33,0x44,
 0x33,0x53,0x55,0x45,0x54,0x95,0x05,0x44,0x44,0x44,0x41,0x00,0x02,0x22,0x62,0x14,0x50,0x43,0x34,0x33,0x44,0x44,0x44,0x33,
 0x34,0x44,0x44,0x44,0x44,0x44,0x44,0x44,0x45,0x55,0x55,0x45,0x45,0x55,0x55,0x44,0x55,0x55,0x55,0x55,0x55,0x55,0x54,0x44,
 0x54,0x44,0x44,0x33,0x43,0x33,0x33,0x33,0x33,0x33,0x34,0x44,0x44,0x43,0x33,0x33,0x33,0x33,0x33,0x33,0x33,0x33,0x80,0x00,
 0x00,0x00,0x00,0x00,0x00,0x00,0x00,0x00,0x00,0x00,0x00,0x00,0x00,0x00,0x00,0x00,0x00,0x00,0x00,0x00,0x00,0x00,0x00,0x00,
 0x00,0x00,0x00,0x00,0x00,0x00,0x00,0x08,0x11,0x10,0x01,0x11,0x11,0x11,0x11,0x11,0x11,0x11,0x11,0x11,0x10,0x11,0x12,0x22,
 0x21,0x22,0x22,0x22,0x21,0x22,0x22,0x22,0x22,0x21,0x13,0x22,0x22,0x22,0x22,0x22,0x22,0x22,0x22,0x22,0x22,0x00,0x02,0x22,
 0x21,0x1a,0x4a,0x04,0x52,0x22,0x22,0x22,0x23,0x21,0x22,0x33,0x33,0x33,0x33,0x23,0x33,0x31,0x23,0x33,0x33,0x33,0x33,0x33,
 0x33,0x34,0x33,0x52,0x55,0x54,0x55,0x99,0x15,0x44,0x44,0x44,0x41,0x00,0x02,0x32,0x62,0x14,0x50,0x44,0x44,0x44,0x44,0x44,
 0x44,0x44,0x44,0x44,0x44,0x44,0x44,0x44,0x44,0x44,0x45,0x34,0x44,0x44,0x55,0x55,0x55,0x55,0x55,0x55,0x55,0x55,0x55,0x55,
 0x55,0x54,0x44,0x44,0x44,0x44,0x44,0x44,0x44,0x44,0x34,0x44,0x44,0x44,0x44,0x44,0x44,0x44,0x44,0x44,0x44,0x44,0x44,0x44,
 0x80,0x00,0x00,0x00,0x00,0x00,0x00,0x00,0x00,0x00,0x00,0x00,0x00,0x00,0x00,0x00,0x00,0x00,0x00,0x00,0x00,0x00,0x00,0x00,
 0x00,0x00,0x00,0x00,0x00,0x00,0x00,0x00,0x00,0x08,0x00,0x00,0x01,0x11,0x11,0x10,0x11,0x11,0x11,0x11,0x11,0x11,0x10,0x11,
 0x12,0x22,0x21,0x22,0x22,0x22,0x21,0x22,0x22,0x22,0x22,0x21,0x13,0x22,0x22,0x22,0x22,0x22,0x22,0x22,0x22,0x22,0x22,0x00,
 0x02,0x12,0x11,0x1a,0x47,0x54,0x52,0x22,0x22,0x22,0x23,0x21,0x22,0x33,0x23,0x33,0x33,0x23,0x33,0x31,0x13,0x33,0x33,0x33,
 0x33,0x33,0x33,0x34,0x33,0x52,0x55,0x44,0x55,0x55,0x05,0x44,0x44,0x44,0x41,0x00,0x02,0x22,0x62,0x14,0x50,0x44,0x43,0x44,
 0x44,0x44,0x44,0x44,0x44,0x44,0x44,0x44,0x44,0x44,0x44,0x44,0x34,0x44,0x44,0x45,0x55,0x55,0x55,0x55,0x55,0x55,0x55,0x55,
 0x55,0x55,0x55,0x55,0x54,0x44,0x44,0x44,0x44,0x44,0x44,0x44,0x34,0x44,0x44,0x43,0x43,0x33,0x43,0x34,0x43,0x44,0x34,0x44,
 0x44,0x44,0x80,0x00,0x00,0x00,0x00,0x00,0x00,0x00,0x00,0x00,0x00,0x00,0x00,0x00,0x00,0x00,0x00,0x00,0x00,0x00,0x00,0x00,
 0x00,0x00,0x00,0x00,0x00,0x00,0x00,0x00,0x00,0x00,0x00,0x08,0x00,0x00,0x01,0x11,0x11,0x10,0x11,0x11,0x11,0x11,0x01,0x11,
 0x40,0x11,0x12,0x22,0x21,0x12,0x22,0x22,0x22,0x22,0x22,0x22,0x22,0x21,0x13,0x22,0x22,0x22,0x22,0x22,0x22,0x22,0x22,0x22,
 0x22,0x00,0x01,0x21,0x11,0x14,0x42,0x24,0x22,0x22,0x22,0x22,0x23,0x21,0x21,0x33,0x23,0x33,0x33,0x33,0x33,0x32,0x23,0x33,
 0x33,0x32,0x13,0x33,0x33,0x34,0x34,0x43,0x45,0x44,0x55,0x55,0x05,0x44,0x44,0x44,0x41,0x00,0x01,0x22,0x62,0x14,0x50,0x44,
 0x34,0x44,0x44,0x44,0x44,0x44,0x44,0x44,0x44,0x44,0x44,0x44,0x44,0x43,0x44,0x45,0x55,0x45,0x55,0x55,0x55,0x55,0x55,0x55,
 0x55,0x55,0x55,0x55,0x55,0x44,0x44,0x43,0x44,0x44,0x44,0x44,0x33,0x34,0x34,0x44,0x44,0x44,0x44,0x44,0x44,0x44,0x34,0x44,
 0x44,0x44,0x43,0x33,0x88,0x88,0x88,0x88,0x88,0x88,0x88,0x88,0x88,0x88,0x88,0x88,0x88,0x88,0x88,0x88,0x88,0x88,0x88,0x88,
 0x88,0x88,0x88,0x88,0x88,0x88,0x88,0x88,0x88,0x88,0x88,0x88,0x88,0x88,0x00,0x00,0x01,0x11,0x11,0x11,0x11,0x11,0x11,0x11,
 0x11,0x11,0x41,0x11,0x12,0x22,0x21,0x22,0x22,0x22,0x22,0x22,0x22,0x22,0x22,0x21,0x13,0x22,0x22,0x22,0x22,0x22,0x22,0x22,
 0x22,0x22,0x22,0x00,0x02,0x11,0x11,0x14,0x42,0x44,0x52,0x22,0x22,0x22,0x22,0x21,0x22,0x33,0x23,0x33,0x33,0x23,0x33,0x21,
 0x23,0x33,0x33,0x33,0x12,0x33,0x33,0x34,0x33,0x52,0x55,0x54,0x55,0x54,0x05,0x44,0x44,0x44,0x42,0x00,0x11,0x22,0x62,0x24,
 0x50,0x43,0x44,0x44,0x44,0x44,0x44,0x44,0x44,0x44,0x44,0x44,0x33,0x43,0x33,0x33,0x34,0x44,0x44,0x55,0x55,0x55,0x54,0x55,
 0x55,0x55,0x55,0x55,0x55,0x55,0x55,0x55,0x44,0x44,0x44,0x33,0x33,0x34,0x44,0x43,0x43,0x34,0x33,0x33,0x33,0x34,0x44,0x34,
 0x44,0x33,0x33,0x33,0x33,0x33,0x44,0x12,0x10,0x33,0x30,0x22,0x00,0x23,0x51,0x00,0x00,0x00,0x20,0x00,0x01,0x12,0x22,0x22,
 0x11,0x00,0x00,0x11,0x11,0x00,0x00,0x11,0x11,0x01,0x10,0x00,0x12,0x12,0x21,0x22,0x20,0x00,0x01,0x11,0x11,0x11,0x11,0x11,
 0x11,0x11,0x11,0x11,0x41,0x11,0x12,0x22,0x21,0x22,0x22,0x22,0x22,0x22,0x22,0x22,0x22,0x21,0x13,0x22,0x22,0x22,0x22,0x22,
 0x22,0x22,0x22,0x22,0x22,0x00,0x02,0x12,0x20,0x24,0x44,0x44,0x52,0x22,0x22,0x22,0x23,0x21,0x22,0x33,0x23,0x33,0x33,0x13,
 0x33,0x31,0x23,0x33,0x33,0x32,0x12,0x33,0x33,0x34,0x33,0x52,0x45,0xa4,0xa5,0x54,0x13,0x34,0x34,0x44,0x42,0x00,0x11,0x22,
 0x62,0x14,0x50,0x44,0x44,0x44,0x44,0x44,0x44,0x44,0x44,0x44,0x44,0x43,0x33,0x33,0x33,0x33,0x44,0x44,0x55,0x55,0x55,0x55,
 0x55,0x55,0x55,0x55,0x55,0x55,0x55,0x55,0x55,0x55,0x54,0x44,0x44,0x44,0x44,0x44,0x33,0x33,0x43,0x33,0x44,0x44,0x33,0x34,
 0x33,0x44,0x43,0x33,0x33,0x33,0x33,0x33,0x44,0x23,0x11,0x33,0x30,0x20,0x00,0x24,0x32,0x33,0x22,0x00,0x20,0x00,0x03,0x11,
 0x22,0x22,0x22,0x00,0x00,0x11,0x11,0x00,0x00,0x11,0x11,0x01,0x00,0x00,0x11,0x14,0x44,0x12,0x11,0x10,0x02,0x11,0x11,0x11,
 0x11,0x11,0x11,0x11,0x11,0x11,0x40,0x11,0x12,0x22,0x21,0x22,0x22,0x22,0x22,0x22,0x22,0x22,0x22,0x21,0x13,0x22,0x22,0x22,
 0x22,0x22,0x22,0x22,0x22,0x22,0x22,0x00,0x02,0x22,0x20,0x14,0x44,0x44,0xa2,0x22,0x22,0x22,0x23,0x21,0x22,0x33,0x23,0x33,
 0x33,0x23,0x33,0x31,0x23,0x23,0x33,0x32,0x12,0x33,0x33,0x34,0x33,0x52,0x45,0x54,0xa5,0x54,0x05,0x44,0x44,0x44,0x42,0x00,
 0x11,0x22,0x62,0x14,0xa0,0x44,0x44,0x44,0x44,0x44,0x44,0x44,0x44,0x44,0x33,0x33,0x33,0x33,0x43,0x34,0x44,0x44,0x44,0x45,
 0x44,0x55,0x55,0x55,0x55,0x55,0x55,0x55,0x55,0x45,0x44,0x45,0x43,0x34,0x33,0x33,0x33,0x33,0x34,0x43,0x33,0x33,0x33,0x33,
 0x33,0x33,0x33,0x33,0x33,0x33,0x33,0x33,0x33,0x33,0x33,0x13,0x00,0x33,0x32,0x30,0x00,0x0a,0x30,0x22,0x22,0x00,0x20,0x00,
 0x03,0x11,0x12,0x21,0x22,0x00,0x00,0x11,0x11,0x00,0x00,0x11,0x11,0x00,0x00,0x01,0x11,0x21,0x22,0x23,0x43,0x21,0x10,0x00,
 0x00,0x00,0x00,0x00,0x00,0x00,0x00,0x00,0x00,0x00,0x00,0x00,0x00,0x00,0x00,0x00,0x00,0x00,0x00,0x00,0x00,0x00,0x00,0x00,
 0x00,0x00,0x00,0x00,0x00,0x00,0x00,0x00,0x00,0x00,0x00,0x00,0x00,0x00,0x00,0x00,0x00,0x00,0x00,0x00,0x00,0x00,0x00,0x00,
 0x00,0x00,0x00,0x00,0x00,0x00,0x00,0x00,0x00,0x00,0x00,0x00,0x00,0x00,0x00,0x00,0x00,0x00,0x00,0x00,0x00,0x00,0x00,0x00,
 0x00,0x00,0x11,0x00,0x00,0x00,0x00,0x00,0x00,0x00,0x00,0x00,0x00,0x00,0x00,0x00,0x00,0x00,0x00,0x00,0x00,0x00,0x00,0x11,
 0x10,0x00,0x00,0x00,0x00,0x11,0x10,0x00,0x00,0x00,0x00,0x00,0x00,0x00,0x00,0x00,0x00,0x00,0x00,0x00,0x00,0x00,0x00,0x00,
 0x00,0x00,0x00,0x00,0x00,0x00,0x00,0x00,0x00,0x00,0x00,0x00,0x00,0x00,0x00,0x00,0x00,0x00,0x00,0x00,0x00,0x00,0x00,0x00,
 0x00,0x00,0x00,0x00,0x00,0x00,0x10,0x00,0x00,0x00,0x01,0x00,0x00,0x00,0x00,0x00,0x00,0x00,0x11,0x10,0x00,0x00,0x00,0x00,
};
