/* Generated native340x168,4bit palette indices. Source: assets/xequerin-research-canteen-v1-source.png. */
static const unsigned char xequerin_research_canteen_pixels[28560]={
 0x00,0x01,0x11,0x11,0x00,0x02,0x12,0x45,0x66,0x9a,0x32,0x22,0x22,0x22,0x22,0x22,0x22,0x24,0x14,0x00,0x00,0x00,0x12,0x44,
 0x33,0x33,0x33,0x22,0x11,0x00,0x00,0x01,0x11,0x11,0x00,0x02,0x22,0x00,0x00,0x44,0x01,0x22,0x22,0x22,0x22,0x20,0x00,0x04,
 0x54,0x11,0x11,0x11,0x44,0x00,0x01,0x10,0x01,0x10,0x00,0x20,0x00,0x02,0x22,0x22,0x22,0x22,0x44,0x22,0x22,0x44,0x00,0x11,
 0x10,0x12,0x30,0x11,0x11,0x11,0x11,0x11,0x11,0x11,0x11,0x11,0x11,0x11,0x11,0x11,0x11,0x11,0x11,0x10,0x01,0x11,0x11,0x11,
 0x11,0x11,0x11,0x11,0x11,0x11,0x11,0x11,0x11,0x11,0x13,0x20,0x01,0x11,0x01,0x43,0x21,0x34,0x41,0x22,0x21,0x11,0x11,0x11,
 0x11,0x11,0x11,0x11,0x11,0x11,0x11,0x21,0x11,0x11,0x11,0x11,0x11,0x11,0x11,0x11,0x22,0x22,0x22,0x22,0x22,0x22,0x22,0x22,
 0x23,0x33,0x33,0x33,0x35,0x33,0x22,0x23,0x22,0x32,0x21,0x01,0x11,0x10,0x00,0xaa,0x01,0x11,0x11,0x11,0x11,0x11,0x00,0x11,
 0x11,0x11,0x04,0x33,0x33,0x45,0x54,0x44,0x00,0x00,0x11,0x14,0x45,0x5a,0x42,0x12,0x22,0x22,0x22,0x22,0x12,0x22,0x22,0x10,
 0x00,0x00,0x00,0x14,0x43,0x32,0x23,0x22,0x21,0x00,0x00,0x00,0x00,0x01,0x22,0x00,0x00,0x33,0x01,0x22,0x22,0x22,0x22,0x20,
 0x00,0x14,0x94,0x11,0x11,0x11,0x44,0x00,0x01,0x10,0x01,0x10,0x00,0x20,0x01,0x21,0x11,0x42,0x22,0x24,0x44,0x22,0x21,0x12,
 0x22,0x10,0x10,0x12,0x30,0x11,0x11,0x11,0x11,0x11,0x11,0x11,0x11,0x11,0x11,0x11,0x11,0x11,0x11,0x11,0x11,0x10,0x01,0x11,
 0x11,0x11,0x11,0x11,0x11,0x11,0x11,0x11,0x12,0x22,0x22,0x22,0x22,0x20,0x01,0x10,0x11,0x44,0x41,0x11,0x11,0x11,0x11,0x11,
 0x11,0x11,0x11,0x11,0x11,0x11,0x11,0x11,0x11,0x11,0x11,0x11,0x11,0x12,0x22,0x22,0x22,0x32,0x22,0x32,0x22,0x22,0x23,0x33,
 0x33,0x33,0x33,0x73,0x20,0x00,0x00,0x00,0x11,0x11,0x10,0x32,0x21,0x01,0x11,0x10,0x00,0xaa,0x01,0x11,0x11,0x11,0x11,0x11,
 0x00,0x11,0x11,0x11,0x02,0x12,0x00,0x00,0x33,0x44,0x44,0x59,0x95,0xa0,0x10,0x00,0x00,0x04,0x55,0xa4,0x42,0x32,0x22,0x22,
 0x22,0x22,0x22,0x22,0x21,0x10,0x00,0x00,0x00,0x23,0x33,0x32,0x22,0x22,0x00,0x01,0x12,0x00,0x00,0x43,0x01,0x22,0x22,0x22,
 0x22,0x20,0x00,0x04,0x94,0x11,0x11,0x01,0x44,0x00,0x02,0x10,0x01,0x20,0x00,0x10,0x42,0x01,0x44,0x21,0x32,0x44,0x94,0x42,
 0x22,0x12,0x21,0x42,0x00,0x12,0x30,0x11,0x11,0x11,0x11,0x11,0x11,0x11,0x11,0x11,0x11,0x11,0x11,0x11,0x11,0x11,0x11,0x20,
 0x01,0x11,0x11,0x11,0x12,0x22,0x22,0x22,0x21,0x11,0x22,0x12,0x22,0x24,0xaa,0xa0,0x01,0x11,0x11,0xaa,0x40,0x11,0x11,0x11,
 0x11,0x11,0x11,0x11,0x11,0x11,0x11,0x11,0x22,0x22,0x22,0x23,0x22,0x22,0x22,0x22,0x22,0x23,0x33,0x33,0x33,0x33,0x33,0x20,
 0x00,0x11,0x01,0x01,0x11,0x11,0x11,0x10,0x10,0x11,0x11,0x11,0x10,0x32,0x21,0x01,0x10,0x10,0x00,0xaa,0x01,0x11,0x11,0x11,
 0x11,0x02,0x00,0x11,0x11,0x11,0x04,0x43,0x00,0x22,0x44,0x11,0x11,0x12,0x34,0x44,0x44,0x44,0x41,0x10,0x00,0x00,0x15,0x59,
 0x5a,0x41,0x12,0x22,0x22,0x22,0x22,0x22,0x22,0x11,0x00,0x00,0x00,0x13,0x32,0x22,0x21,0x01,0x13,0x00,0x00,0x44,0x01,0x22,
 0x22,0x22,0x22,0x20,0x00,0x04,0x44,0x11,0x11,0x11,0x44,0x00,0x02,0x10,0x02,0x20,0x00,0x04,0x41,0x01,0x44,0x11,0x44,0x44,
 0x44,0x42,0x22,0x11,0x22,0x14,0x10,0x12,0x40,0x11,0x11,0x11,0x11,0x11,0x11,0x11,0x11,0x11,0x11,0x11,0x11,0x11,0x11,0x11,
 0x11,0xa0,0x02,0x22,0x22,0x22,0x22,0x22,0x22,0x11,0x11,0x14,0x44,0xaa,0x44,0x21,0x10,0x00,0x00,0x10,0x21,0xaa,0xa0,0x11,
 0x11,0x11,0x11,0x11,0x11,0x11,0x12,0x22,0x22,0x22,0x22,0x33,0x22,0x23,0x33,0x33,0x33,0x33,0x33,0x33,0x33,0x20,0x11,0x11,
 0x11,0x11,0x11,0x11,0x10,0x01,0x11,0x11,0x10,0x00,0x10,0x11,0x11,0x11,0x11,0x42,0x21,0x01,0x10,0x10,0x00,0xa4,0x01,0x11,
 0x11,0x11,0x11,0x12,0x00,0x10,0x11,0x11,0x06,0x64,0x00,0x22,0x46,0x66,0x65,0x55,0x5a,0x41,0x11,0x11,0x44,0x44,0x44,0x44,
 0x10,0x00,0x00,0x00,0x2a,0x5a,0xaa,0x41,0x11,0x22,0x22,0x22,0x22,0x22,0x21,0x00,0x00,0x00,0x00,0x01,0x23,0x00,0x00,0x23,
 0x00,0x11,0x14,0x42,0x21,0x10,0x00,0x14,0x54,0x11,0x11,0x11,0x44,0x00,0x02,0x20,0x01,0x10,0x00,0x44,0x21,0x04,0x44,0x01,
 0x44,0x4a,0xa4,0x42,0x22,0x21,0x12,0x24,0x30,0x12,0x40,0x11,0x11,0x11,0x11,0x11,0x11,0x11,0x11,0x11,0x11,0x11,0x22,0x22,
 0x22,0x22,0x22,0x40,0x02,0x21,0x12,0x34,0xa4,0x42,0x22,0x32,0x11,0x11,0x11,0x11,0x11,0x14,0xa1,0x11,0x00,0x11,0x11,0x9a,
 0xa1,0x11,0x22,0x22,0x33,0x22,0x23,0x32,0x33,0x33,0x33,0x33,0x33,0x33,0x22,0x22,0x22,0x22,0x11,0x11,0x11,0x11,0x11,0x11,
 0x11,0x11,0x11,0x11,0x11,0x11,0x11,0x11,0x11,0x11,0x11,0x11,0x12,0x11,0x11,0x11,0x11,0x42,0x21,0x01,0x10,0x00,0x00,0xa4,
 0x01,0x11,0x11,0x11,0x11,0x1a,0x00,0x10,0x06,0x11,0x06,0x64,0x00,0x22,0x66,0x66,0x66,0x66,0x66,0x66,0x65,0xaa,0x41,0x11,
 0x11,0x34,0x43,0x20,0x02,0x90,0x00,0x00,0x01,0x4a,0xaa,0xa4,0x31,0x12,0x22,0x22,0x22,0x22,0x22,0x11,0x00,0x00,0x00,0x00,
 0x00,0x34,0x01,0x22,0x20,0x11,0x00,0x40,0x00,0x14,0x94,0x11,0x11,0x01,0x44,0x00,0x02,0x20,0x01,0x10,0x00,0x44,0x21,0x14,
 0x44,0x44,0xaa,0xaa,0xaa,0xaa,0x11,0x44,0x12,0x22,0xa2,0x02,0x40,0x01,0x11,0x11,0x11,0x11,0x22,0x22,0x22,0x22,0x22,0x22,
 0x22,0x21,0x11,0x12,0x44,0x00,0x02,0xa4,0x41,0x10,0x00,0x11,0x11,0x11,0x11,0x22,0x22,0x22,0x22,0x44,0x31,0x11,0x11,0x22,
 0x45,0x12,0x41,0x22,0x33,0x33,0x53,0x33,0x33,0x33,0x33,0x57,0x72,0x21,0x11,0x11,0x11,0x11,0x01,0x11,0x11,0x11,0x11,0x11,
 0x11,0x11,0x11,0x11,0x11,0x11,0x11,0x11,0x11,0x10,0x03,0x01,0x11,0x11,0x11,0x11,0x11,0x11,0x10,0x34,0x41,0x04,0x10,0x51,
 0x00,0x43,0x11,0x11,0x11,0x11,0x01,0x1a,0x00,0x11,0x17,0x11,0x0a,0x54,0x01,0x22,0x66,0x66,0x66,0x66,0x66,0x66,0x66,0x66,
 0x66,0x95,0x52,0x21,0x12,0x20,0x02,0x5a,0xaa,0x44,0x21,0x00,0x00,0x14,0x45,0xa4,0x44,0x22,0x22,0x22,0x21,0x11,0x12,0x4a,
 0x10,0x00,0x00,0x44,0x01,0x22,0x21,0x22,0x21,0x20,0x00,0x00,0x44,0x11,0x11,0x01,0x44,0x00,0x02,0x20,0x01,0x10,0x01,0x42,
 0x24,0x49,0x99,0x55,0x66,0x66,0x66,0x69,0xaa,0x55,0x44,0x11,0x52,0x02,0x30,0x02,0x22,0x22,0x22,0x22,0x22,0x22,0x22,0x22,
 0x22,0x33,0x44,0x44,0x44,0x42,0x10,0x14,0x04,0x11,0x11,0x11,0x11,0x12,0x22,0x22,0x22,0x22,0x23,0x23,0x33,0x42,0x20,0x01,
 0x10,0x22,0x45,0x53,0x01,0x22,0x33,0x33,0x33,0x33,0x33,0x31,0x11,0x11,0x11,0x11,0x11,0x11,0x11,0x11,0x11,0x11,0x11,0x11,
 0x11,0x11,0x11,0x11,0x11,0x11,0x11,0x11,0x11,0x11,0x11,0x11,0x16,0x61,0x11,0x11,0x11,0x11,0x11,0x11,0x10,0x34,0x41,0x04,
 0x20,0x10,0x00,0x43,0x11,0x11,0x11,0x26,0x21,0x1a,0x00,0x11,0x11,0x11,0x03,0x32,0x01,0x22,0x93,0x43,0x55,0xa9,0x66,0x66,
 0x66,0x66,0x69,0xa4,0x44,0x44,0x44,0x21,0x02,0x92,0x21,0x14,0x44,0x44,0x44,0x40,0x00,0x00,0x00,0x04,0xaa,0xa4,0x21,0x12,
 0x22,0x22,0x23,0x44,0x40,0x04,0x01,0x22,0x22,0x22,0x21,0x10,0x01,0x14,0x94,0x10,0x00,0x01,0x59,0x00,0x02,0x20,0x01,0x10,
 0x04,0xa9,0x99,0x99,0x99,0x96,0x66,0x66,0x66,0x66,0x99,0x99,0x99,0x95,0x91,0x12,0x22,0x22,0x21,0x12,0x44,0x44,0x44,0x54,
 0x22,0x21,0x11,0x11,0x11,0x10,0x11,0x11,0x10,0x14,0x00,0x22,0x22,0x33,0x33,0x33,0x33,0x33,0x32,0x22,0x22,0x22,0x33,0x42,
 0x20,0x01,0x10,0x01,0x22,0x22,0x22,0x21,0x11,0x11,0x12,0x11,0x11,0x11,0x11,0x11,0x11,0x11,0x11,0x11,0x11,0x11,0x11,0x11,
 0x11,0x11,0x10,0x11,0x11,0x11,0x11,0x11,0x10,0x30,0x11,0x11,0x01,0x11,0x11,0x11,0x11,0x11,0x11,0x10,0x11,0x11,0x10,0x32,
 0x94,0x04,0x91,0x10,0x00,0x43,0x11,0x11,0x11,0x11,0x11,0x1a,0x00,0x11,0x11,0x11,0x03,0x32,0x01,0x22,0x93,0x33,0x22,0x24,
 0x44,0xa5,0x96,0x66,0x64,0x44,0x44,0x66,0x9a,0x21,0x02,0x96,0x69,0x95,0x44,0x11,0x14,0x4a,0xaa,0xa4,0x10,0x00,0x00,0x04,
 0x4a,0x55,0x44,0x22,0x22,0x43,0x56,0x44,0x01,0x22,0x21,0x22,0x21,0x21,0x01,0x14,0x94,0x22,0x10,0x00,0x11,0x00,0x02,0x20,
 0x12,0x20,0x09,0x99,0x99,0x99,0x99,0x99,0x66,0x66,0x66,0x69,0x99,0x99,0x99,0x99,0x99,0x54,0x4a,0xaa,0x44,0x44,0x41,0x10,
 0x00,0x11,0x11,0x11,0x11,0x22,0x22,0x22,0x22,0x22,0x20,0x14,0x03,0x03,0x22,0x33,0x22,0x33,0x32,0x22,0x33,0x33,0x33,0x22,
 0x33,0x44,0x41,0x11,0x11,0x00,0x12,0x12,0x22,0x23,0x22,0x22,0x11,0x11,0x11,0x11,0x11,0x11,0x11,0x11,0x11,0x12,0x01,0x11,
 0x11,0x11,0x11,0x11,0x11,0x11,0x11,0x11,0x11,0x10,0x11,0x01,0x11,0x11,0x21,0x11,0x11,0x11,0x11,0x11,0x11,0x18,0x01,0x11,
 0x11,0x13,0x99,0x41,0x01,0x10,0x00,0x36,0x01,0x11,0x11,0x11,0x11,0x05,0x00,0x11,0x11,0x11,0x03,0x94,0x00,0x22,0x95,0x55,
 0x43,0x23,0x33,0x33,0x33,0x33,0x43,0x35,0x96,0x66,0x95,0x21,0x02,0x96,0x66,0x66,0x66,0x66,0x65,0x54,0x42,0x22,0x24,0x44,
 0x44,0x44,0x40,0x00,0x00,0x02,0x55,0xa4,0x56,0xa1,0x01,0x22,0x22,0x22,0x22,0x21,0x01,0x14,0x94,0x22,0x21,0x02,0x4a,0x10,
 0x01,0x20,0x11,0x10,0x01,0xa9,0x99,0x99,0x99,0x99,0x66,0x66,0x66,0x99,0x99,0x99,0x99,0x95,0xa4,0x00,0x11,0x11,0x22,0x22,
 0x22,0x22,0x22,0x22,0x22,0x22,0x22,0x22,0x33,0x33,0x33,0x32,0x01,0x14,0x44,0x52,0x22,0x22,0x33,0x33,0x22,0x22,0x22,0x22,
 0x22,0x22,0x22,0x34,0xa1,0x04,0x40,0x00,0x12,0x02,0x22,0x32,0x22,0x22,0x11,0x11,0x11,0x11,0x11,0x11,0x11,0x11,0x11,0x16,
 0x31,0x11,0x11,0x11,0x11,0x11,0x11,0x11,0x11,0x11,0x11,0x11,0x11,0x11,0x11,0x11,0x11,0x11,0x11,0x11,0x11,0x11,0x11,0x11,
 0x11,0x11,0x11,0x12,0x35,0x52,0x10,0x00,0x00,0x36,0x01,0x11,0x11,0x11,0x11,0x19,0x00,0x11,0x11,0x11,0x03,0x32,0x01,0x22,
 0x93,0x45,0x55,0x55,0x55,0x54,0x33,0x22,0x22,0x33,0x34,0x44,0x93,0x21,0x02,0x96,0x66,0x66,0x66,0x66,0x66,0x66,0x66,0x9a,
 0xa4,0x11,0x11,0x24,0x4a,0xaa,0xa4,0x00,0x00,0x15,0x66,0xa0,0x01,0x22,0x22,0x22,0x22,0x21,0x01,0x14,0xa4,0x22,0x22,0x02,
 0x4a,0x11,0x01,0x20,0x11,0x10,0x00,0x24,0x44,0x49,0x99,0x99,0x99,0x66,0x69,0x99,0x99,0x99,0xa4,0x44,0x00,0x12,0x21,0x12,
 0x22,0x22,0x22,0x23,0x33,0x33,0x33,0x33,0x32,0x23,0x22,0x32,0x22,0x22,0x01,0x14,0x11,0x40,0x22,0x22,0x22,0x22,0x22,0x22,
 0x22,0x22,0x22,0x22,0x22,0x39,0x69,0x10,0x00,0x00,0x12,0x02,0x23,0x32,0x22,0x21,0x11,0x11,0x11,0x11,0x11,0x11,0x11,0x11,
 0x11,0x16,0x21,0x11,0x11,0x11,0x11,0x11,0x11,0x11,0x11,0x11,0x11,0x11,0x11,0x11,0x03,0x11,0x11,0x11,0x11,0x11,0x11,0x11,
 0x11,0x11,0x11,0x11,0x11,0x11,0x33,0x22,0x00,0x10,0x00,0x66,0x01,0x11,0x11,0x11,0x11,0x19,0x00,0x11,0x11,0x11,0x03,0x32,
 0x01,0x22,0x93,0x33,0x33,0x33,0x33,0x44,0x44,0x44,0x43,0x33,0x99,0x95,0x92,0x21,0x02,0x92,0x33,0x34,0x59,0x66,0x66,0x66,
 0x66,0x66,0x66,0x66,0x66,0x94,0x44,0x11,0x11,0x4a,0xa4,0x00,0x45,0xa0,0x02,0x22,0x22,0x22,0x22,0x21,0x01,0x14,0x95,0x22,
 0x22,0x22,0xaa,0x11,0x02,0x30,0x12,0x20,0x00,0x21,0x10,0x12,0x44,0x34,0xa5,0x55,0x99,0x94,0x32,0x12,0x20,0x00,0x11,0x12,
 0x32,0x13,0x33,0x33,0x33,0x22,0x22,0x22,0x32,0x32,0x23,0x32,0x33,0x77,0x30,0x01,0x11,0x12,0x21,0x11,0x00,0x03,0x33,0x32,
 0x22,0x22,0x22,0x22,0x22,0x22,0x22,0x22,0x44,0x10,0x00,0x00,0x12,0x22,0x33,0x21,0x22,0x12,0x66,0x11,0x11,0x11,0x11,0x11,
 0x11,0x11,0x11,0x12,0x01,0x11,0x11,0x11,0x11,0x11,0x11,0x11,0x11,0x11,0x11,0x11,0x11,0x11,0x11,0x11,0x11,0x11,0x11,0x11,
 0x11,0x11,0x11,0x11,0x11,0x11,0x11,0x11,0x11,0x12,0x00,0x10,0x00,0x99,0x01,0x11,0x11,0x12,0x11,0x19,0x00,0x11,0x11,0x11,
 0x03,0x32,0x01,0x22,0x93,0x33,0x33,0x33,0x33,0x33,0x33,0x33,0x23,0x33,0x49,0x99,0x94,0x20,0x02,0x92,0x33,0x32,0x33,0x33,
 0x44,0x55,0x56,0x66,0x66,0x66,0x66,0x66,0x66,0x66,0x44,0x22,0x32,0x14,0x14,0x00,0x00,0x11,0x22,0x22,0x22,0x20,0x01,0x24,
 0x44,0x22,0x22,0x12,0x45,0x11,0x12,0x20,0x12,0x20,0x00,0x21,0x10,0x12,0x44,0x33,0x24,0x44,0x44,0x32,0x22,0x12,0x30,0x00,
 0x11,0x13,0x43,0x12,0x23,0x33,0x33,0x32,0x22,0x22,0x77,0x77,0x77,0x77,0x77,0x30,0x44,0x22,0x22,0x22,0x22,0x22,0x44,0x90,
 0x06,0x66,0x66,0x66,0x62,0x22,0x22,0x22,0x22,0x22,0x33,0x20,0x01,0x10,0x14,0x22,0x22,0x22,0x22,0x11,0x22,0x11,0x11,0x11,
 0x11,0x11,0x11,0x11,0x11,0x11,0x11,0x11,0x11,0x11,0x72,0x11,0x11,0x11,0x11,0x11,0x11,0x11,0x11,0x11,0x11,0x11,0x11,0x11,
 0x11,0x11,0x12,0x11,0x11,0x11,0x11,0x11,0x11,0x11,0x11,0x12,0x00,0x11,0x00,0x99,0x01,0x11,0x21,0x11,0x11,0x09,0x00,0x11,
 0x16,0x11,0x03,0x32,0x01,0x22,0x93,0x32,0x33,0x33,0x33,0x66,0x63,0x33,0x23,0x32,0x33,0x33,0x91,0x21,0x02,0x93,0x33,0x33,
 0x33,0x32,0x22,0x33,0x33,0x34,0x44,0x96,0x66,0x6a,0xaa,0x44,0xaa,0xa6,0x43,0x14,0x00,0x10,0x01,0x15,0xa4,0x11,0x01,0x10,
 0x01,0x24,0x54,0x22,0x22,0x23,0x44,0x11,0x12,0x20,0x12,0x20,0x00,0x21,0x10,0x12,0x44,0x33,0x23,0x43,0x22,0x32,0x21,0x02,
 0x20,0x00,0x11,0x25,0x43,0xa2,0x12,0x22,0x23,0x77,0x77,0x77,0x77,0x77,0x77,0x77,0x70,0x22,0x12,0x11,0x22,0x22,0xa4,0x24,
 0x11,0x24,0x64,0x77,0x77,0x66,0x67,0x66,0x67,0x77,0x22,0x22,0x23,0x20,0x01,0x00,0x13,0x32,0x22,0x22,0x21,0x11,0x11,0x11,
 0x11,0x11,0x11,0x11,0x11,0x11,0x11,0x11,0x11,0x11,0x11,0x11,0x11,0x11,0x11,0x11,0x11,0x11,0x11,0x11,0x11,0x11,0x11,0x11,
 0x11,0x11,0x11,0x11,0x13,0x11,0x11,0x11,0x11,0x11,0x11,0x11,0x11,0x13,0x01,0x21,0x00,0x99,0x01,0x11,0x11,0x11,0x11,0x05,
 0x00,0x11,0x11,0x11,0x03,0x32,0x01,0x22,0x93,0x22,0x32,0x33,0x36,0x66,0x66,0x23,0x23,0x22,0x33,0x33,0x92,0x21,0x02,0x93,
 0x32,0x33,0x33,0x33,0x33,0x33,0x33,0x33,0x33,0x33,0x4a,0x59,0x96,0x66,0x66,0x96,0x43,0x13,0x00,0x10,0x01,0x14,0x54,0x44,
 0x4a,0xa0,0x00,0x00,0x13,0x11,0x22,0x22,0x4a,0x11,0x12,0x20,0x12,0x20,0x00,0x21,0x00,0x12,0x44,0x33,0x13,0x43,0x33,0x33,
 0x21,0x02,0x20,0x00,0x11,0x1a,0x43,0xa2,0x33,0x77,0x77,0x77,0x77,0x77,0x77,0x77,0x77,0x77,0x03,0x51,0x11,0x02,0x22,0x22,
 0xaa,0x24,0x92,0x21,0x45,0x16,0x77,0x77,0x77,0x77,0x77,0x77,0x66,0x62,0x22,0x20,0x12,0x10,0x13,0x32,0x22,0x22,0x21,0x11,
 0x11,0x11,0x11,0x11,0x11,0x11,0x11,0x11,0x11,0x11,0x11,0x11,0x11,0x11,0x11,0x11,0x11,0x11,0x11,0x11,0x11,0x11,0x11,0x11,
 0x11,0x13,0x21,0x11,0x11,0x11,0x11,0x11,0x11,0x11,0x11,0x11,0x11,0x11,0x11,0x13,0x00,0x21,0x00,0x99,0x01,0x11,0x11,0x11,
 0x11,0x10,0x20,0x11,0x11,0x11,0x03,0x32,0x01,0x22,0x92,0x22,0x22,0x23,0x66,0x66,0x66,0x63,0x22,0x32,0x33,0x33,0x91,0x21,
 0x02,0x93,0x32,0x22,0x22,0x22,0x23,0x33,0x33,0x33,0x33,0x35,0x56,0x66,0x66,0x66,0x66,0x96,0xa4,0x13,0x01,0x10,0x01,0x11,
 0x94,0x22,0x22,0x12,0x44,0x59,0x99,0x90,0x10,0x00,0x4a,0x01,0x12,0x20,0x01,0x20,0x00,0x21,0x10,0x11,0x44,0x33,0x12,0x43,
 0x33,0x33,0x31,0x02,0x20,0x11,0x21,0x14,0x43,0x97,0x77,0x77,0x77,0x77,0x77,0x77,0x77,0x77,0x77,0x72,0x14,0x22,0x10,0x12,
 0x22,0x23,0xaa,0x22,0x44,0x11,0x29,0xa0,0x77,0x77,0x77,0x77,0x77,0x77,0x77,0x77,0x76,0x20,0x01,0x10,0x14,0x42,0x22,0x22,
 0x21,0x11,0x11,0x11,0x11,0x11,0x11,0x11,0x11,0x11,0x11,0x11,0x11,0x11,0x11,0x11,0x11,0x11,0x11,0x11,0x12,0x61,0x11,0x11,
 0x11,0x11,0x11,0x11,0x11,0x11,0x11,0x11,0x11,0x11,0x11,0x11,0x11,0x11,0x11,0x11,0x11,0x13,0x00,0x10,0x00,0x99,0x11,0x11,
 0x11,0x11,0x11,0x01,0x40,0x01,0x11,0x11,0x03,0x22,0x01,0x22,0x93,0x22,0x22,0x23,0x77,0x66,0x66,0x63,0x22,0x22,0x33,0x23,
 0x91,0x21,0x02,0x92,0x23,0x22,0x22,0x22,0x22,0x22,0x22,0x33,0x34,0x4a,0x56,0x69,0x65,0x56,0x55,0x56,0x54,0x13,0x11,0x10,
 0x01,0x11,0x54,0x32,0x22,0x44,0x21,0x44,0x45,0xa4,0xaa,0xaa,0x41,0x00,0x02,0x20,0x01,0x20,0x00,0x21,0x10,0x11,0x44,0x32,
 0x12,0x43,0x33,0x33,0x31,0x01,0x20,0x22,0x22,0x14,0x43,0x97,0x77,0x77,0x77,0x77,0x77,0x77,0x77,0x73,0x77,0x71,0x44,0x22,
 0x10,0x12,0x22,0x24,0x5a,0x44,0x44,0x11,0x14,0x54,0x77,0x77,0x77,0x77,0x77,0x77,0x77,0x76,0x66,0x20,0x02,0x00,0x13,0x32,
 0x22,0x22,0x11,0x11,0x11,0x11,0x11,0x11,0x11,0x11,0x11,0x21,0x11,0x11,0x11,0x11,0x11,0x11,0x11,0x11,0x11,0x11,0x11,0x51,
 0x11,0x11,0x11,0x11,0x11,0x11,0x11,0x11,0x11,0x11,0x11,0x11,0x11,0x11,0x11,0x11,0x10,0x11,0x11,0x13,0x00,0x10,0x00,0x99,
 0x01,0x11,0x11,0x11,0x11,0x00,0x10,0x01,0x11,0x11,0x02,0x22,0x01,0x22,0x93,0x22,0x22,0x27,0x77,0x66,0x66,0x63,0x22,0x22,
 0x33,0x23,0x91,0x21,0x02,0x92,0x22,0x22,0x23,0x33,0x33,0x22,0x22,0x33,0x34,0x44,0x96,0x65,0x55,0x55,0x55,0x56,0x44,0x12,
 0x01,0x10,0x01,0x12,0x54,0x42,0x22,0x22,0x12,0x44,0x44,0x44,0x44,0x44,0x44,0x44,0x44,0x44,0x00,0x00,0x00,0x21,0x10,0x11,
 0x44,0x32,0x13,0x33,0x22,0x22,0x21,0x01,0x40,0x22,0x22,0x39,0x01,0x97,0x77,0x37,0x77,0x77,0x77,0x77,0x77,0x77,0x77,0x01,
 0xa1,0x14,0x44,0x4a,0xa5,0x55,0x95,0xa4,0x44,0x41,0x14,0x65,0x07,0x77,0x77,0x77,0x67,0x66,0x66,0x66,0x66,0x20,0x01,0x00,
 0x13,0x37,0x22,0x22,0x11,0x11,0x11,0x11,0x11,0x21,0x11,0x11,0x26,0x61,0x11,0x11,0x11,0x11,0x11,0x11,0x11,0x11,0x11,0x11,
 0x11,0x11,0x11,0x11,0x11,0x11,0x11,0x11,0x11,0x11,0x11,0x11,0x11,0x11,0x11,0x11,0x11,0x11,0x10,0x11,0x11,0x13,0x00,0x20,
 0x00,0x99,0x11,0x11,0x11,0x11,0x11,0x12,0x41,0x45,0x11,0x11,0x02,0x22,0x01,0x22,0x92,0x22,0x22,0x26,0x77,0x76,0x96,0x66,
 0x22,0x22,0x33,0x22,0x91,0x21,0x02,0x92,0x22,0x26,0x96,0x42,0x11,0x15,0x62,0x33,0x44,0x44,0x96,0x65,0x55,0x55,0x54,0x56,
 0x43,0x12,0x01,0x10,0x01,0x15,0x44,0x45,0x5a,0x41,0x14,0x44,0x44,0x44,0x44,0x44,0x44,0x44,0x42,0x24,0x44,0x55,0x00,0x11,
 0x10,0x01,0x42,0x32,0x13,0xa3,0x22,0x22,0x21,0x01,0x40,0x02,0x29,0x91,0x19,0x33,0x77,0x77,0x77,0x77,0x77,0x77,0x77,0x77,
 0x77,0x01,0x4a,0xa9,0x99,0x99,0x96,0x66,0x66,0x69,0x99,0x99,0x44,0x44,0x13,0x77,0x77,0x76,0x66,0x66,0x66,0x66,0x66,0x20,
 0x01,0x00,0x15,0x96,0x67,0x21,0x11,0x11,0x11,0x11,0x11,0x11,0x11,0x11,0x11,0x21,0x11,0x11,0x11,0x11,0x11,0x11,0x11,0x11,
 0x11,0x11,0x11,0x11,0x11,0x11,0x11,0x11,0x11,0x11,0x11,0x11,0x11,0x12,0x76,0x66,0x21,0x11,0x11,0x11,0x11,0x11,0x11,0x13,
 0x00,0x20,0x00,0x99,0x01,0x11,0x11,0x10,0x00,0x00,0x00,0x00,0x01,0x11,0x02,0x22,0x01,0x22,0x92,0x22,0x22,0x67,0x77,0x76,
 0x77,0x66,0x62,0x22,0x22,0x22,0x91,0x20,0x02,0x92,0x23,0x3a,0x56,0x99,0x54,0x44,0x52,0x33,0x34,0x44,0x96,0x95,0x33,0x33,
 0x53,0x56,0x43,0x12,0x01,0x10,0x00,0x04,0x49,0x96,0x66,0x66,0x99,0x99,0x99,0x4a,0x44,0x44,0x44,0x44,0x41,0x44,0x44,0x49,
 0x00,0x11,0x00,0x01,0x44,0x32,0x13,0x43,0x22,0x32,0x22,0x02,0x20,0x00,0x22,0x23,0x97,0x77,0x37,0x77,0x37,0x77,0x77,0x77,
 0x77,0x77,0x77,0xa9,0x99,0x99,0x99,0x99,0x66,0x66,0x66,0x69,0x99,0x99,0x99,0x99,0xa3,0x66,0x66,0x66,0x66,0x66,0x66,0x66,
 0x66,0x20,0x01,0x10,0x19,0x66,0x66,0x66,0x67,0x11,0x11,0x11,0x11,0x11,0x11,0x11,0x11,0x11,0x11,0x11,0x11,0x11,0x11,0x11,
 0x11,0x11,0x11,0x11,0x11,0x11,0x11,0x11,0x11,0x11,0x11,0x11,0x11,0x11,0x23,0x33,0x77,0x77,0x66,0x61,0x11,0x11,0x11,0x11,
 0x11,0x12,0x00,0x41,0x00,0x99,0x11,0x11,0x10,0x11,0x22,0x22,0x32,0x22,0x2a,0x50,0x02,0x22,0x01,0x22,0x92,0x22,0x22,0x67,
 0x77,0x76,0x77,0x76,0x62,0x22,0x22,0x22,0x91,0x20,0x02,0x92,0x23,0x33,0x46,0x33,0x22,0x25,0x23,0x33,0x33,0x44,0x59,0x94,
 0x33,0x33,0x33,0x56,0x43,0x12,0x01,0x10,0x00,0x00,0x00,0x00,0x00,0xaa,0x96,0x66,0x66,0x66,0x95,0x55,0x54,0x44,0x43,0x44,
 0x44,0x49,0x00,0x11,0x00,0x01,0x44,0x32,0x13,0x43,0x23,0x22,0x22,0x02,0x20,0x00,0x31,0x37,0x77,0x77,0x33,0x33,0x77,0x77,
 0x77,0x73,0x33,0x77,0x77,0x4a,0x59,0x99,0x99,0x99,0x96,0x66,0x66,0x99,0x99,0x99,0x99,0x94,0x46,0x66,0x66,0x66,0x66,0x66,
 0x66,0x66,0x66,0x20,0x02,0x10,0x19,0x66,0x66,0x66,0x66,0x61,0x21,0x11,0x11,0x11,0x11,0x11,0x11,0x11,0x11,0x11,0x11,0x21,
 0x11,0x11,0x11,0x11,0x11,0x11,0x11,0x21,0x11,0x11,0x11,0x11,0x11,0x11,0x11,0x13,0x22,0x23,0x37,0x37,0x66,0x66,0x11,0x11,
 0x11,0x11,0x11,0x12,0x00,0x41,0x00,0x99,0x11,0x11,0x11,0x11,0x01,0x2a,0xa2,0x21,0x21,0x1a,0x02,0x22,0x01,0x22,0x92,0x22,
 0x27,0x67,0x77,0x77,0x66,0x66,0x63,0x22,0x22,0x22,0x51,0x21,0x02,0x93,0x32,0x22,0x96,0x95,0x55,0x55,0x22,0x33,0x33,0x33,
 0x59,0x93,0x33,0x33,0x33,0x59,0x43,0x12,0x01,0x10,0x01,0x22,0x11,0x11,0x00,0x00,0x04,0xa5,0x55,0x96,0x66,0x66,0x99,0x69,
 0x95,0x44,0x44,0x49,0x00,0x11,0x00,0x11,0x44,0x32,0x23,0x43,0x22,0x22,0x21,0x01,0x20,0x00,0x35,0x37,0x33,0x33,0x33,0x37,
 0x77,0x37,0x33,0x37,0x77,0x77,0x77,0x77,0x73,0x4a,0x55,0x59,0x99,0x66,0x69,0x99,0x4a,0xa4,0x46,0x66,0x66,0x66,0x66,0x66,
 0x66,0x66,0x66,0x66,0x66,0x20,0x02,0x10,0x15,0x66,0x66,0x66,0x66,0x66,0x77,0x11,0x11,0x11,0x11,0x11,0x11,0x11,0x11,0x11,
 0x11,0x21,0x11,0x11,0x11,0x11,0x11,0x11,0x11,0x71,0x11,0x11,0x11,0x11,0x11,0x11,0x11,0x22,0x22,0x22,0x33,0x77,0x77,0x66,
 0x60,0x11,0x11,0x11,0x11,0x12,0x00,0x41,0x00,0x99,0x11,0x12,0xa1,0x10,0x11,0x24,0x44,0x22,0x11,0x11,0x02,0x21,0x01,0x22,
 0x92,0x22,0x26,0x77,0x77,0x76,0x76,0x76,0x66,0x22,0x22,0x22,0x51,0x21,0x02,0x93,0x33,0x66,0x66,0x99,0x99,0x99,0x59,0x53,
 0x33,0x33,0x59,0x93,0x33,0x33,0x33,0x59,0x43,0x12,0x01,0x10,0x01,0x43,0x22,0x22,0x22,0x22,0x12,0x01,0x10,0x01,0x01,0xa5,
 0x99,0x66,0x69,0x55,0x54,0x51,0x00,0x11,0x00,0x01,0x44,0x32,0x23,0x43,0x22,0x22,0x21,0x01,0x20,0x00,0x59,0x33,0x23,0x37,
 0x77,0x73,0x33,0x33,0x77,0x77,0x77,0x77,0x77,0x77,0x77,0x77,0x77,0x77,0xaa,0xaa,0xaa,0xa4,0x66,0x66,0x66,0x66,0x66,0x66,
 0x66,0x66,0x66,0x66,0x66,0x67,0x76,0x20,0x02,0x10,0x19,0x66,0x66,0x66,0x66,0x66,0x66,0x61,0x11,0x11,0x11,0x11,0x11,0x11,
 0x11,0x11,0x11,0x11,0x11,0x11,0x11,0x11,0x11,0x11,0x12,0x62,0x11,0x11,0x11,0x11,0x11,0x11,0x12,0x32,0x22,0x23,0x73,0x26,
 0x76,0x66,0x66,0x11,0x11,0x11,0x11,0x13,0x00,0x41,0x00,0x99,0x11,0x14,0x21,0x11,0x22,0x44,0x44,0x22,0x11,0x11,0x09,0x42,
 0x01,0x22,0x53,0x22,0x66,0x66,0x77,0x36,0x76,0x76,0x66,0x72,0x22,0x23,0x51,0x20,0x02,0x92,0x35,0x69,0x69,0x99,0x99,0x99,
 0x69,0x63,0x33,0x33,0x59,0x93,0x33,0x33,0x33,0x59,0x43,0x12,0x11,0x10,0x02,0x44,0x44,0x44,0x44,0x32,0x21,0x22,0x22,0x10,
 0x00,0x00,0x00,0x12,0x41,0x14,0x55,0x10,0x00,0x11,0x00,0x11,0x44,0x42,0x23,0x43,0x22,0x23,0x31,0x01,0x20,0x00,0x99,0x33,
 0x33,0x73,0x33,0x33,0x23,0x37,0x77,0x77,0x77,0x77,0x77,0x37,0x77,0x77,0x77,0x76,0x66,0x66,0x66,0x66,0x66,0x66,0x66,0x66,
 0x66,0x66,0x66,0x66,0x77,0x66,0x66,0x66,0x66,0x20,0x02,0x10,0x19,0x66,0x66,0x66,0x66,0x66,0x66,0x66,0x61,0x11,0x11,0x11,
 0x11,0x11,0x11,0x11,0x11,0x11,0x11,0x11,0x11,0x11,0x11,0x11,0x23,0x63,0x11,0x11,0x11,0x11,0x11,0x11,0x13,0x22,0x22,0x23,
 0x77,0x77,0x36,0x77,0x76,0x11,0x11,0x11,0x11,0x13,0x00,0x41,0x00,0x99,0x10,0x2a,0x11,0x12,0x22,0x44,0x44,0x42,0x11,0x11,
 0x01,0x94,0x01,0x22,0x53,0x23,0x66,0x66,0x77,0x67,0x77,0x76,0x76,0x62,0x32,0x22,0x51,0x20,0x02,0x92,0x36,0x96,0x99,0x95,
 0x35,0x55,0x65,0x96,0x33,0x33,0x59,0x93,0x33,0x33,0x33,0x39,0x43,0x12,0x11,0x10,0x02,0x44,0x24,0x33,0x33,0x44,0x44,0x44,
 0x54,0x32,0x22,0x22,0x22,0x21,0x11,0x00,0x00,0x00,0x00,0x11,0x00,0x11,0x44,0x42,0x22,0x43,0x22,0x33,0x31,0x01,0x40,0x00,
 0x99,0x33,0x33,0x33,0x33,0x37,0x77,0x77,0x77,0x77,0x77,0x77,0x77,0x77,0x77,0x77,0x66,0x66,0x66,0x66,0x66,0x66,0x66,0x66,
 0x66,0x66,0x76,0x77,0x76,0x66,0x66,0x66,0x66,0x66,0x66,0x20,0x01,0x00,0x16,0x66,0x66,0x67,0x66,0x77,0x76,0x76,0x66,0x71,
 0x11,0x11,0x11,0x11,0x11,0x11,0x11,0x11,0x11,0x11,0x11,0x11,0x11,0x11,0x11,0x71,0x11,0x11,0x11,0x11,0x11,0x11,0x13,0x22,
 0x23,0x22,0x23,0x73,0x37,0x66,0x66,0x71,0x11,0x11,0x11,0x13,0x00,0x41,0x00,0x99,0x00,0x44,0x14,0x44,0x5a,0x99,0x99,0x9a,
 0x44,0x44,0x00,0x53,0x01,0x22,0x53,0x26,0x66,0x67,0x76,0x67,0x33,0x33,0x66,0x66,0x22,0x22,0x51,0x20,0x02,0x93,0x36,0x99,
 0x99,0x53,0x23,0x33,0x99,0x56,0x33,0x33,0x59,0x93,0x33,0x33,0x33,0x49,0x43,0x12,0x11,0x10,0x02,0x44,0x00,0x00,0x12,0x23,
 0x33,0x34,0x44,0x44,0x44,0x44,0x42,0x21,0x22,0x11,0x01,0x10,0x00,0x11,0x00,0x11,0x44,0x42,0x22,0xa3,0x23,0x33,0x31,0x02,
 0x30,0x00,0x96,0x23,0x33,0x33,0x33,0x37,0x77,0x37,0x77,0x73,0x77,0x77,0x77,0x77,0x76,0x66,0x66,0x66,0x66,0x66,0x66,0x66,
 0x66,0x66,0x77,0x77,0x67,0x76,0x66,0x66,0x66,0x66,0x66,0x66,0x66,0x20,0x01,0x00,0x16,0x66,0x66,0x77,0x77,0x77,0x77,0x76,
 0x66,0x66,0x11,0x11,0x11,0x11,0x11,0x11,0x11,0x11,0x11,0x11,0x11,0x11,0x11,0x11,0x11,0x21,0x11,0x11,0x11,0x11,0x11,0x11,
 0x13,0x22,0x22,0x22,0x23,0x77,0x23,0x67,0x76,0x71,0x11,0x11,0x11,0x13,0x00,0x41,0x00,0x99,0x04,0x59,0x99,0x99,0x96,0x66,
 0x66,0x69,0x99,0x99,0x05,0x32,0x01,0x22,0x53,0x36,0x66,0x76,0x67,0x77,0x67,0x66,0x67,0x76,0x52,0x22,0x51,0x20,0x02,0x93,
 0x39,0x99,0x55,0x11,0x99,0x93,0x55,0x56,0x33,0x33,0x59,0x93,0x33,0x33,0x33,0x49,0x42,0x12,0x11,0x10,0x02,0x44,0x01,0x10,
 0x00,0x00,0x10,0x00,0x12,0x23,0x33,0x44,0x44,0x44,0x44,0x44,0x33,0x40,0x00,0x11,0x10,0x11,0x44,0x42,0x23,0x43,0x33,0x33,
 0x31,0x02,0x30,0x00,0x99,0x23,0x33,0x33,0x33,0x77,0x77,0x77,0x33,0x37,0x77,0x77,0x77,0x77,0x77,0x66,0x66,0x66,0x66,0x66,
 0x66,0x66,0x77,0x77,0x77,0x66,0x66,0x66,0x66,0x66,0x66,0x66,0x66,0x66,0x66,0x20,0x02,0x00,0x16,0x67,0x77,0x67,0x77,0x77,
 0x66,0x66,0x66,0x66,0x66,0x21,0x11,0x11,0x11,0x11,0x11,0x11,0x11,0x11,0x22,0x11,0x11,0x11,0x11,0x21,0x11,0x11,0x11,0x11,
 0x11,0x11,0x13,0x23,0x22,0x22,0x22,0x23,0x67,0x66,0x66,0x71,0x11,0x11,0x11,0x13,0x00,0x41,0x00,0x96,0x49,0x99,0x99,0x99,
 0x96,0x66,0x66,0x69,0x99,0x99,0x09,0x32,0x01,0x22,0x93,0x36,0x77,0x37,0x67,0x77,0x76,0x66,0x66,0x66,0x52,0x22,0x51,0x20,
 0x02,0x93,0x39,0x59,0x52,0x19,0x59,0x55,0x35,0x56,0x33,0x34,0x59,0x93,0x33,0x33,0x33,0x49,0x43,0x22,0x11,0x10,0x02,0x44,
 0x01,0x11,0x10,0x00,0x00,0x01,0x11,0x10,0x00,0x01,0x23,0x34,0x44,0x44,0x43,0x40,0x00,0x11,0x10,0x11,0x44,0x42,0x23,0x43,
 0x33,0x33,0x31,0x02,0x30,0x00,0x66,0x23,0x33,0x33,0x37,0x77,0x73,0x77,0x33,0x73,0x77,0x77,0x77,0x76,0x76,0x66,0x66,0x66,
 0x66,0x66,0x77,0x67,0x77,0x76,0x66,0x67,0x77,0x66,0x66,0x66,0x66,0x66,0x66,0x66,0x66,0x20,0x02,0x10,0x16,0x97,0x77,0x77,
 0x77,0x66,0x66,0x66,0x66,0x66,0x66,0x61,0x11,0x11,0x11,0x11,0x11,0x11,0x11,0x11,0x11,0x11,0x11,0x11,0x11,0x11,0x11,0x11,
 0x11,0x11,0x11,0x11,0x13,0x33,0x22,0x22,0x33,0x22,0x67,0x76,0x66,0x71,0x11,0x11,0x11,0x12,0x00,0x41,0x00,0x96,0x14,0x4a,
 0x59,0x99,0x99,0x66,0x66,0x99,0x99,0x95,0x01,0x54,0x01,0x22,0x93,0x36,0x77,0x77,0x77,0x77,0x76,0x77,0x37,0x66,0x32,0x33,
 0x51,0x20,0x02,0x92,0x39,0x44,0x45,0x95,0x22,0x24,0x95,0x56,0x53,0x33,0x36,0x66,0x60,0x03,0x33,0x49,0x43,0x22,0x11,0x10,
 0x02,0x44,0x00,0x11,0x01,0x00,0x00,0x01,0x11,0x00,0x00,0x11,0x01,0x11,0x00,0x00,0x33,0x40,0x00,0x11,0x10,0x11,0x44,0x42,
 0x22,0x43,0x33,0x33,0x31,0x02,0x40,0x00,0x66,0x23,0x33,0x33,0x33,0x32,0x23,0x77,0x77,0x77,0x77,0x77,0x77,0x77,0x66,0x66,
 0x76,0x77,0x77,0x77,0x76,0x66,0x67,0x77,0x66,0x66,0x66,0x66,0x66,0x66,0x66,0x77,0x77,0x77,0x77,0x20,0x02,0x10,0x19,0x67,
 0x77,0x66,0x66,0x66,0x66,0x66,0x66,0x66,0x66,0x66,0x72,0x11,0x11,0x11,0x11,0x21,0x11,0x11,0x11,0x11,0x11,0x11,0x11,0x11,
 0x11,0x11,0x11,0x11,0x11,0x11,0x13,0x32,0x22,0x22,0x22,0x73,0x37,0x63,0x76,0x11,0x11,0x11,0x11,0x12,0x00,0x31,0x00,0x96,
 0x11,0x12,0x22,0x22,0x2a,0x55,0x55,0x5a,0x22,0x22,0x02,0x31,0x01,0x22,0x93,0x33,0x67,0x73,0x73,0x33,0x37,0x77,0x37,0x77,
 0x33,0x33,0x51,0x20,0x02,0x92,0x35,0x99,0x52,0x45,0x11,0x59,0x53,0x46,0x53,0x33,0x25,0x54,0x03,0x03,0x33,0x39,0x43,0x22,
 0x11,0x10,0x01,0x44,0x00,0x01,0x00,0x10,0x00,0x00,0x00,0x00,0x01,0x11,0x11,0x11,0x11,0x10,0x33,0x30,0x00,0x11,0x10,0x11,
 0x44,0x42,0x22,0xa3,0x33,0x33,0x31,0x02,0x40,0x00,0x66,0x23,0x33,0x33,0x33,0x33,0x77,0x77,0x77,0x77,0x77,0x77,0x77,0x77,
 0x77,0x77,0x77,0x77,0x77,0x76,0x66,0x77,0x77,0x66,0x66,0x66,0x66,0x66,0x66,0x77,0x77,0x77,0x77,0x77,0x67,0x20,0x02,0x10,
 0x16,0x67,0x66,0x66,0x66,0x66,0x66,0x66,0x66,0x66,0x66,0x66,0x66,0x21,0x11,0x11,0x11,0x81,0x11,0x11,0x11,0x11,0x11,0x11,
 0x11,0x11,0x11,0x11,0x11,0x11,0x11,0x11,0x13,0x32,0x22,0x22,0x22,0x22,0x37,0x77,0x76,0x11,0x11,0x11,0x11,0x12,0x00,0x31,
 0x00,0x96,0x11,0x12,0x22,0x22,0x22,0x22,0x22,0x22,0x22,0x22,0x03,0x42,0x01,0x22,0x53,0x33,0x67,0x73,0x76,0x73,0x73,0x33,
 0x37,0x75,0x33,0x33,0x51,0x20,0x02,0x93,0x35,0x94,0x22,0x35,0x52,0x34,0x92,0x49,0x43,0x33,0x16,0x66,0x63,0x03,0x33,0x39,
 0x43,0x12,0x11,0x10,0x01,0x43,0x00,0x13,0x13,0x11,0x21,0x22,0x00,0x00,0x01,0x11,0x11,0x11,0x11,0x10,0x33,0x20,0x00,0x11,
 0x10,0x11,0x44,0x42,0x23,0x53,0x33,0x33,0x31,0x02,0x20,0x00,0x66,0x23,0x33,0x37,0x33,0x37,0x77,0x77,0x77,0x77,0x77,0x77,
 0x77,0x77,0x77,0x77,0x77,0x76,0x66,0x77,0x77,0x76,0x66,0x66,0x66,0x66,0x66,0x77,0x77,0x77,0x77,0x77,0x77,0x77,0x77,0x20,
 0x02,0x10,0x16,0x66,0x66,0x66,0x66,0x66,0x66,0x66,0x66,0x66,0x66,0x66,0x66,0x61,0x11,0x11,0x11,0x11,0x11,0x11,0x11,0x11,
 0x11,0x11,0x11,0x11,0x11,0x11,0x11,0x11,0x11,0x11,0x12,0x33,0x32,0x22,0x33,0x23,0x33,0x77,0x72,0x11,0x11,0x11,0x11,0x13,
 0x00,0x21,0x00,0x96,0x11,0x22,0x22,0x22,0x22,0x22,0x22,0x22,0x22,0x22,0x02,0x32,0x01,0x22,0x53,0x33,0x36,0x77,0x37,0x63,
 0x33,0x33,0x37,0x73,0x33,0x33,0x51,0x20,0x02,0x93,0x33,0x59,0x99,0x22,0x32,0x99,0x53,0x49,0x43,0x33,0x76,0x66,0x69,0x23,
 0x33,0x39,0x42,0x12,0x11,0x10,0x02,0x44,0x00,0x13,0x13,0x01,0x20,0x12,0x12,0x13,0x11,0x21,0x11,0x11,0x11,0x11,0x34,0x20,
 0x00,0x11,0x10,0x11,0x4a,0x42,0x23,0x65,0x23,0x33,0x31,0x02,0x20,0x00,0x66,0x33,0x37,0x33,0x33,0x37,0x77,0x77,0x77,0x77,
 0x77,0x77,0x77,0x77,0x77,0x77,0x66,0x67,0x77,0x77,0x76,0x66,0x66,0x66,0x66,0x77,0x77,0x77,0x77,0x77,0x77,0x77,0x77,0x77,
 0x76,0x20,0x02,0x10,0x16,0x66,0x66,0x66,0x66,0x66,0x66,0x66,0x66,0x66,0x66,0x66,0x66,0x66,0x61,0x11,0x11,0x11,0x11,0x11,
 0x11,0x11,0x11,0x11,0x11,0x11,0x11,0x11,0x11,0x11,0x11,0x11,0x11,0x37,0x33,0x22,0x32,0x23,0x37,0x77,0x71,0x11,0x11,0x11,
 0x11,0x13,0x00,0x21,0x00,0x96,0x12,0x22,0x22,0x22,0x22,0x22,0x22,0x22,0x22,0x22,0x02,0x22,0x01,0x22,0x53,0x33,0x37,0x76,
 0x33,0x77,0x77,0x73,0x76,0x73,0x33,0x33,0x51,0x20,0x02,0x93,0x33,0x54,0x25,0x52,0x15,0x95,0x95,0x29,0x43,0x33,0x56,0x99,
 0x55,0x23,0x33,0x39,0x42,0x12,0x11,0x10,0x02,0x44,0x00,0x01,0x10,0x10,0x10,0x33,0x13,0x20,0x11,0x11,0x11,0x00,0x10,0x00,
 0x24,0x20,0x00,0x11,0x10,0x11,0x4a,0x42,0x24,0x95,0x33,0x33,0x31,0x02,0x30,0x00,0x66,0x33,0x33,0x33,0x33,0x37,0x37,0x77,
 0x77,0x77,0x73,0x77,0x77,0x77,0x66,0x67,0x77,0x77,0x66,0x66,0x66,0x66,0x66,0x67,0x77,0x77,0x77,0x77,0x77,0x77,0x77,0x77,
 0x77,0x76,0x66,0x20,0x02,0x10,0x26,0x66,0x66,0x66,0x66,0x66,0x66,0x66,0x66,0x66,0x66,0x66,0x66,0x66,0x66,0x11,0x11,0x11,
 0x11,0x11,0x11,0x11,0x11,0x11,0x11,0x21,0x11,0x11,0x11,0x11,0x11,0x11,0x11,0x13,0x73,0x33,0x32,0x33,0x37,0x73,0x11,0x11,
 0x11,0x11,0x11,0x13,0x01,0x21,0x00,0x96,0x12,0x22,0x22,0x22,0x22,0x22,0x22,0x22,0x22,0x22,0x02,0x32,0x01,0x22,0x53,0x33,
 0x33,0x67,0x73,0x37,0x77,0x77,0x76,0x33,0x33,0x33,0x51,0x20,0x02,0x93,0x33,0x22,0x55,0x44,0x95,0x29,0x45,0x49,0x43,0x33,
 0x56,0x95,0x65,0x23,0x33,0x39,0x42,0x12,0x11,0x10,0x02,0x44,0x00,0x03,0x01,0x11,0x11,0x11,0x10,0x00,0x00,0x31,0x11,0x11,
 0x00,0x00,0x24,0x20,0x00,0x11,0x10,0x11,0x44,0x32,0x24,0x63,0x33,0x33,0x31,0x02,0x40,0x00,0x69,0x33,0x33,0x33,0x33,0x37,
 0x37,0x77,0x33,0x33,0x33,0x77,0x77,0x66,0x67,0x77,0x77,0x76,0x66,0x66,0x66,0x77,0x77,0x77,0x77,0x77,0x77,0x77,0x77,0x77,
 0x66,0x66,0x76,0x66,0x66,0x20,0x02,0x10,0x26,0x66,0x66,0x66,0x66,0x66,0x67,0x66,0x66,0x66,0x66,0x66,0x66,0x66,0x66,0x61,
 0x11,0x11,0x11,0x11,0x11,0x11,0x11,0x11,0x12,0x61,0x11,0x11,0x11,0x11,0x11,0x11,0x11,0x11,0x13,0x77,0x33,0x37,0x77,0x12,
 0x11,0x11,0x11,0x11,0x11,0x13,0x01,0x21,0x00,0x96,0x11,0x11,0x22,0x22,0x22,0x22,0x22,0x22,0x22,0x22,0x02,0x42,0x01,0x22,
 0x53,0x33,0x33,0x67,0x66,0x67,0x79,0x67,0x76,0x33,0x33,0x33,0x51,0x20,0x02,0x93,0x35,0x21,0x25,0x55,0x25,0x93,0x23,0x29,
 0x33,0x53,0x56,0x55,0x95,0x25,0x33,0x39,0x42,0x12,0x11,0x10,0x02,0x44,0x01,0x13,0x20,0x21,0x30,0x37,0x01,0x10,0x00,0x00,
 0x00,0x00,0x11,0x11,0x34,0x20,0x00,0x11,0x10,0x11,0x44,0x95,0x23,0x93,0x33,0x33,0x31,0x02,0x40,0x00,0x96,0x33,0x33,0x33,
 0x33,0x37,0x77,0x33,0x33,0x33,0x33,0x77,0x77,0x67,0x77,0x77,0x66,0x66,0x67,0x77,0x77,0x77,0x77,0x77,0x77,0x77,0x77,0x77,
 0x77,0x66,0x67,0x76,0x66,0x66,0x66,0x20,0x02,0x10,0x26,0x66,0x66,0x66,0x66,0x66,0x66,0x66,0x66,0x66,0x66,0x66,0x66,0x66,
 0x66,0x63,0x11,0x11,0x11,0x11,0x11,0x21,0x11,0x11,0x11,0x21,0x11,0x11,0x11,0x11,0x11,0x11,0x11,0x11,0x11,0x12,0x21,0x11,
 0x11,0x11,0x11,0x11,0x11,0x11,0x11,0x13,0x00,0x41,0x00,0x99,0x12,0x21,0x11,0x11,0x12,0x22,0x22,0x22,0x12,0x22,0x03,0x42,
 0x01,0x22,0x55,0x43,0x33,0x36,0x66,0x66,0x66,0x66,0x63,0x33,0x33,0x33,0x51,0x21,0x02,0x95,0x35,0x22,0x41,0x25,0x43,0x41,
 0x21,0x26,0x35,0x53,0x56,0x55,0x95,0x24,0x33,0x39,0x42,0x12,0x11,0x10,0x02,0x44,0x01,0x13,0x20,0x30,0x31,0x13,0x01,0x30,
 0x13,0x02,0x02,0x00,0x11,0x11,0x33,0x20,0x00,0x21,0x10,0x11,0x49,0x92,0x23,0x95,0x33,0x33,0x31,0x02,0x40,0x00,0x96,0x33,
 0x73,0x33,0x33,0x33,0x33,0x33,0x33,0x77,0x77,0x77,0x77,0x77,0x77,0x77,0x66,0x77,0x77,0x37,0x77,0x77,0x77,0x77,0x77,0x77,
 0x77,0x66,0x77,0x77,0x66,0x66,0x66,0x66,0x66,0x20,0x02,0x10,0x26,0x66,0x66,0x66,0x66,0x66,0x66,0x66,0x66,0x66,0x66,0x66,
 0x66,0x76,0x66,0x66,0x31,0x11,0x11,0x11,0x11,0x11,0x11,0x11,0x11,0x11,0x11,0x11,0x11,0x11,0x11,0x11,0x11,0x11,0x11,0x12,
 0x21,0x11,0x11,0x11,0x11,0x12,0x33,0x33,0x33,0x33,0x00,0x40,0x00,0x96,0x12,0x22,0x11,0x11,0x12,0x62,0x22,0x22,0x22,0x22,
 0x02,0x21,0x01,0x22,0x51,0x23,0x55,0x59,0x66,0x66,0x66,0x66,0x53,0x33,0x55,0x33,0x51,0x21,0x02,0x93,0x35,0x42,0x33,0x22,
 0x32,0x22,0x21,0x46,0x34,0x53,0x56,0x54,0x95,0x24,0x33,0x39,0x42,0x12,0x01,0x10,0x01,0x44,0x01,0x11,0x11,0x00,0x12,0x37,
 0x03,0x31,0x23,0x02,0x01,0x11,0x11,0x11,0x34,0x20,0x00,0x11,0x10,0x11,0x49,0x92,0x23,0x95,0x33,0x33,0x31,0x12,0x31,0x00,
 0x66,0x33,0x73,0x33,0x33,0x33,0x33,0x37,0x77,0x77,0x77,0x77,0x77,0x76,0x66,0x77,0x77,0x77,0x37,0x77,0x77,0x77,0x77,0x77,
 0x77,0x77,0x77,0x77,0x77,0x66,0x66,0x66,0x66,0x66,0x66,0x10,0x04,0x10,0x16,0x66,0x66,0x66,0x66,0x66,0x66,0x66,0x67,0x67,
 0x76,0x66,0x66,0x66,0x66,0x66,0x62,0x11,0x11,0x11,0x11,0x21,0x11,0x11,0x11,0x11,0x11,0x11,0x11,0x11,0x11,0x11,0x11,0x11,
 0x11,0x11,0x22,0x77,0x77,0x77,0x77,0x66,0x66,0x66,0x66,0x73,0x01,0x41,0x00,0x96,0x77,0x22,0x22,0x22,0x22,0x62,0x22,0x22,
 0x22,0x22,0x02,0x22,0x01,0x22,0x52,0x22,0x22,0x11,0x12,0x23,0x33,0x45,0x59,0x99,0x95,0x54,0x51,0x20,0x02,0x93,0x33,0x64,
 0x33,0x22,0x22,0x22,0x35,0x55,0x33,0x43,0x56,0x53,0x95,0x25,0x53,0x39,0x42,0x12,0x01,0x10,0x01,0x44,0x00,0x11,0x11,0x10,
 0x00,0x00,0x00,0x01,0x12,0x22,0x17,0x11,0x11,0x11,0x34,0x20,0x00,0x11,0x10,0x11,0x59,0x92,0x23,0x95,0x33,0x33,0x31,0x12,
 0x31,0x00,0x66,0x33,0x33,0x33,0x33,0x33,0x33,0x37,0x77,0x77,0x77,0x77,0x77,0x77,0x77,0x77,0x33,0x77,0x77,0x77,0x77,0x77,
 0x77,0x77,0x77,0x77,0x77,0x76,0x66,0x66,0x66,0x66,0x66,0x66,0x66,0x10,0x04,0x10,0x16,0x66,0x66,0x66,0x66,0x66,0x66,0x67,
 0x77,0x77,0x77,0x66,0x66,0x76,0x66,0x66,0x66,0x11,0x11,0x11,0x11,0x11,0x11,0x11,0x11,0x11,0x11,0x11,0x11,0x11,0x22,0x22,
 0x22,0x22,0x66,0x66,0x66,0x77,0x33,0x33,0x37,0x73,0x77,0x76,0x66,0x73,0x11,0x41,0x00,0x66,0x77,0x72,0x22,0x22,0x22,0x22,
 0x21,0x22,0x21,0x22,0x02,0xa2,0x01,0x22,0x53,0x43,0x23,0x11,0x11,0x22,0x22,0x11,0x11,0x12,0x22,0x11,0x51,0x20,0x02,0x99,
 0x99,0x66,0x53,0x33,0x33,0x33,0x49,0x95,0x55,0x43,0x56,0x55,0x94,0x35,0x53,0x39,0x42,0x12,0x01,0x10,0x02,0x44,0x00,0x01,
 0x11,0x00,0x00,0x00,0x00,0x00,0x11,0x10,0x00,0x00,0x00,0x00,0x24,0x20,0x00,0x11,0x10,0x12,0x99,0x92,0x23,0x95,0x33,0x33,
 0x31,0x12,0x30,0x00,0x96,0x23,0x33,0x33,0x33,0x33,0x33,0x33,0x77,0x37,0x77,0x76,0x77,0x37,0x77,0x73,0x77,0x77,0x77,0x77,
 0x77,0x77,0x77,0x77,0x77,0x77,0x66,0x66,0x66,0x66,0x66,0x66,0x66,0x66,0x66,0x10,0x04,0x10,0x16,0x66,0x66,0x66,0x66,0x77,
 0x66,0x77,0x66,0x66,0x77,0x66,0x67,0x77,0x76,0x67,0x66,0x62,0x21,0x11,0x11,0x11,0x11,0x11,0x11,0x11,0x11,0x11,0x22,0x27,
 0x77,0x77,0x66,0x77,0x76,0x66,0x66,0x66,0x77,0x77,0x66,0x67,0x33,0x33,0x33,0x73,0x11,0x41,0x00,0x96,0x77,0x21,0x11,0x22,
 0x22,0x22,0x22,0x22,0x22,0x22,0x06,0x64,0x01,0x22,0x56,0x66,0x55,0xa4,0x44,0x43,0x22,0x22,0x11,0x11,0x22,0x21,0xa1,0x20,
 0x02,0x91,0x22,0x22,0x59,0x99,0x99,0x99,0x96,0x45,0x55,0x53,0x56,0x99,0x65,0x35,0x53,0x39,0x42,0x12,0x01,0x10,0x02,0x44,
 0x00,0x13,0x21,0x33,0x30,0x00,0x00,0x00,0x11,0x11,0x10,0x00,0x21,0x00,0x24,0x20,0x00,0x11,0x10,0x12,0x99,0x52,0x23,0x95,
 0x33,0x33,0x31,0x02,0x30,0x00,0x99,0x33,0x33,0x33,0x33,0x33,0x33,0x33,0x77,0x37,0x77,0x77,0x33,0x33,0x77,0x77,0x77,0x77,
 0x77,0x77,0x77,0x77,0x77,0x77,0x76,0x66,0x66,0x66,0x66,0x66,0x66,0x66,0x66,0x77,0x77,0x21,0x02,0x10,0x16,0x66,0x66,0x77,
 0x77,0x77,0x77,0x77,0x66,0x66,0x77,0x66,0x67,0x77,0x77,0x76,0x66,0x61,0x21,0x11,0x11,0x11,0x11,0x11,0x12,0x22,0x77,0x77,
 0x77,0x66,0x66,0x66,0x66,0x77,0x76,0x66,0x66,0x66,0x77,0x77,0x66,0x66,0x63,0x33,0x33,0x33,0x11,0x41,0x00,0x66,0x72,0x11,
 0x11,0x22,0x22,0x22,0x22,0x22,0x22,0x22,0x06,0x64,0x01,0x22,0x96,0x66,0x66,0x66,0x66,0x66,0x66,0x69,0x5a,0x54,0x42,0x11,
 0x51,0x20,0x02,0x92,0x22,0x22,0x22,0x21,0x11,0x22,0x25,0x59,0x99,0x99,0x96,0x66,0x64,0x36,0x43,0x39,0x22,0x12,0x01,0x10,
 0x02,0x44,0x00,0x13,0x01,0x30,0x20,0x00,0x00,0x70,0x11,0x11,0x11,0x17,0x07,0x00,0x24,0x40,0x00,0x11,0x10,0x12,0x59,0x52,
 0x23,0x95,0x33,0x33,0x31,0x02,0x30,0x00,0x66,0x33,0x33,0x33,0x33,0x33,0x33,0x33,0x37,0x77,0x77,0x77,0x77,0x73,0x33,0x77,
 0x33,0x77,0x77,0x77,0x77,0x76,0x76,0x66,0x76,0x66,0x66,0x66,0x66,0x66,0x66,0x66,0x67,0x66,0x66,0x21,0x02,0x10,0x16,0x66,
 0x66,0x77,0x77,0x77,0x77,0x66,0x66,0x67,0x77,0x77,0x77,0x66,0x66,0x66,0x66,0x66,0x11,0x12,0x22,0x22,0x11,0x17,0x77,0x66,
 0x77,0x73,0x22,0x23,0x33,0x23,0x33,0x33,0x33,0x33,0x33,0x37,0x66,0x77,0x66,0x66,0x66,0x23,0x33,0x33,0x11,0x41,0x00,0x66,
 0x12,0x22,0x22,0x22,0x22,0x22,0x22,0x22,0x22,0x21,0x03,0x32,0x01,0x22,0x95,0x55,0x55,0x96,0x66,0x66,0x66,0x66,0x94,0x44,
 0x4a,0x66,0x93,0x20,0x02,0x94,0x44,0x42,0x22,0x11,0x11,0x22,0x22,0x22,0x22,0x21,0x11,0x22,0x23,0x49,0x99,0x99,0x42,0x12,
 0x01,0x10,0x02,0x44,0x01,0x13,0x32,0x31,0x11,0x11,0x21,0x10,0x20,0x11,0x03,0x10,0x13,0x11,0x34,0x20,0x00,0x11,0x10,0x12,
 0x59,0x52,0x23,0x95,0x33,0x33,0x31,0x02,0x30,0x00,0x96,0x33,0x33,0x33,0x33,0x33,0x33,0x77,0x33,0x33,0x33,0x77,0x77,0x37,
 0x33,0x73,0x77,0x77,0x77,0x77,0x76,0x66,0x66,0x66,0x66,0x66,0x66,0x66,0x66,0x63,0x67,0x77,0x66,0x66,0x66,0x10,0x02,0x10,
 0x26,0x97,0x77,0x77,0x76,0x67,0x66,0x77,0x66,0x77,0x77,0x77,0x76,0x67,0x76,0x66,0x66,0x66,0x62,0x11,0x76,0x66,0x77,0x33,
 0x33,0x76,0x66,0x66,0x77,0x76,0x77,0x77,0x76,0x67,0x23,0x33,0x33,0x33,0x36,0x67,0x77,0x66,0x63,0x33,0x37,0x73,0x01,0x41,
 0x00,0x96,0x12,0x22,0x22,0x22,0x22,0x22,0x22,0x21,0x22,0x22,0x03,0x32,0x01,0x23,0x93,0x33,0x33,0x33,0x33,0x33,0x44,0x44,
 0x43,0x49,0x66,0x66,0x94,0x21,0x02,0x96,0x66,0x66,0x66,0x6a,0xaa,0x54,0x22,0x22,0x22,0x22,0x22,0x21,0x22,0x22,0x21,0x11,
 0x42,0x22,0x01,0x10,0x02,0x44,0x01,0x10,0x00,0x00,0x21,0x11,0x11,0x00,0x01,0x01,0x11,0x11,0x12,0x11,0x34,0x20,0x00,0x11,
 0x10,0x12,0x59,0x53,0x23,0x95,0x33,0x33,0x31,0x02,0x30,0x00,0x96,0x33,0x33,0x33,0x33,0x33,0x33,0x33,0x33,0x37,0x33,0x37,
 0x77,0x77,0x77,0x77,0x77,0x77,0x67,0x66,0x66,0x66,0x66,0x66,0x66,0x66,0x66,0x66,0x67,0x77,0x76,0x66,0x66,0x66,0x66,0x10,
 0x02,0x10,0x26,0x97,0x77,0x76,0x77,0x66,0x77,0x77,0x77,0x76,0x66,0x66,0x66,0x66,0x66,0x66,0x66,0x66,0x67,0x77,0x33,0x37,
 0x66,0x66,0x66,0x67,0x22,0x22,0x22,0x27,0x77,0x77,0x67,0x76,0x32,0x33,0x33,0x32,0x76,0x77,0x77,0x67,0x33,0x33,0x37,0x73,
 0x01,0x41,0x00,0x99,0x12,0x22,0x22,0x22,0x22,0x22,0x22,0x22,0x22,0x22,0x02,0x32,0x01,0x22,0x93,0x33,0x33,0x33,0x22,0x22,
 0x22,0x22,0x23,0x33,0x35,0x44,0x93,0x21,0x02,0x94,0x4a,0xa9,0x66,0x66,0x66,0x66,0x66,0x66,0x66,0x95,0x95,0x54,0x44,0x44,
 0x32,0x21,0x42,0x22,0x01,0x10,0x02,0x44,0x01,0x10,0x00,0x01,0x11,0x11,0x11,0x10,0x01,0x80,0x01,0x11,0x81,0x11,0x34,0x40,
 0x00,0x11,0x10,0x12,0x59,0x53,0x23,0x95,0x33,0x33,0x31,0x12,0x30,0x00,0x69,0x33,0x33,0x33,0x33,0x33,0x33,0x33,0x33,0x77,
 0x77,0x73,0x33,0x77,0x77,0x77,0x67,0x66,0x67,0x66,0x66,0x66,0x66,0x66,0x66,0x66,0x77,0x67,0x76,0x66,0x66,0x66,0x66,0x66,
 0x66,0x10,0x02,0x10,0x16,0x66,0x66,0x66,0x66,0x77,0x77,0x77,0x77,0x66,0x66,0x76,0x66,0x66,0x66,0x66,0x66,0x66,0x66,0x66,
 0x77,0x32,0x22,0x33,0x33,0x22,0x22,0x22,0x22,0x22,0x22,0x77,0x77,0x76,0x23,0x33,0x33,0x36,0x63,0x76,0x66,0x73,0x33,0x36,
 0x77,0x73,0x00,0x21,0x00,0x69,0x22,0x22,0x11,0x22,0x22,0x22,0x22,0x22,0x22,0x22,0x02,0x32,0x01,0x22,0x93,0x33,0x33,0x23,
 0x22,0x22,0x22,0x22,0x22,0x23,0x35,0x33,0x91,0x21,0x02,0x93,0x33,0x33,0x33,0x33,0x44,0x55,0xa9,0x69,0x66,0x45,0x66,0x94,
 0x44,0x44,0x44,0x44,0x42,0x22,0x01,0x10,0x02,0x44,0x00,0x00,0x01,0x11,0x12,0x11,0x11,0x10,0x07,0x00,0x11,0x10,0x21,0x11,
 0x33,0x40,0x00,0x11,0x10,0x12,0x59,0x53,0x23,0x93,0x33,0x33,0x31,0x12,0x30,0x00,0x69,0x33,0x33,0x33,0x33,0x33,0x33,0x33,
 0x33,0x33,0x37,0x73,0x77,0x77,0x77,0x66,0x66,0x67,0x67,0x66,0x66,0x66,0x66,0x67,0x77,0x67,0x77,0x66,0x66,0x60,0x66,0x66,
 0x66,0x66,0x77,0x11,0x12,0x10,0x16,0x66,0x67,0x67,0x66,0x77,0x77,0x77,0x76,0x66,0x66,0x66,0x66,0x66,0x66,0x66,0x66,0x66,
 0x66,0x63,0x33,0x33,0x33,0x33,0x33,0x33,0x32,0x22,0x22,0x22,0x27,0x77,0x77,0x72,0x33,0x33,0x37,0x67,0x77,0x66,0x67,0x33,
 0x37,0x77,0x72,0x23,0x00,0x21,0x00,0x69,0x22,0x22,0x13,0x72,0x22,0x22,0x22,0x22,0x22,0x22,0x02,0x32,0x01,0x22,0x93,0x22,
 0x22,0x22,0x22,0x22,0x22,0x22,0x22,0x23,0x33,0x23,0x92,0x21,0x02,0x92,0x33,0x33,0x33,0x33,0x33,0x33,0x33,0x22,0x22,0x24,
 0x56,0x66,0x66,0x96,0x66,0x56,0x44,0x12,0x11,0x10,0x03,0x44,0x00,0x00,0x11,0x11,0x11,0x10,0x13,0x77,0x21,0x11,0x11,0x18,
 0x11,0x00,0x33,0x40,0x00,0x11,0x10,0x12,0x59,0x53,0x23,0x95,0x33,0x33,0x31,0x12,0x30,0x00,0x96,0x33,0x33,0x33,0x33,0x33,
 0x33,0x33,0x33,0x33,0x33,0x33,0x77,0x78,0x76,0x77,0x77,0x77,0x66,0x66,0x66,0x66,0x76,0x77,0x76,0x77,0x66,0x66,0x66,0x60,
 0x66,0x67,0x77,0x77,0x77,0x11,0x12,0x10,0x16,0x67,0x77,0x77,0x77,0x76,0x77,0x77,0x66,0x66,0x66,0x66,0x66,0x66,0x66,0x66,
 0x66,0x66,0x66,0x63,0x22,0x11,0x11,0x22,0x12,0x33,0x33,0x22,0x22,0x22,0x77,0x66,0x62,0x33,0x33,0x23,0x67,0x77,0x76,0x73,
 0x33,0x76,0x77,0x22,0x22,0x23,0x00,0x31,0x00,0x69,0x22,0x22,0x22,0x22,0x22,0x22,0x22,0x22,0x22,0x22,0x02,0x32,0x01,0x22,
 0x94,0x22,0x32,0x22,0x22,0x22,0x22,0x22,0x22,0x22,0x23,0x33,0x92,0x21,0x02,0x92,0x22,0x22,0x22,0x22,0x22,0x22,0x22,0x23,
 0x33,0x24,0x56,0x66,0x69,0x96,0x69,0x56,0x44,0x12,0x11,0x10,0x04,0x44,0x00,0x00,0x31,0x71,0x11,0x13,0x33,0x83,0x33,0x11,
 0x11,0x70,0x01,0x11,0x33,0x40,0x00,0x11,0x10,0x12,0x59,0x53,0x23,0x95,0x33,0x33,0x31,0x12,0x30,0x00,0x96,0x33,0x33,0x33,
 0x33,0x33,0x33,0x33,0x33,0x33,0x33,0x38,0x77,0x77,0x77,0x67,0x77,0x77,0x76,0x66,0x66,0x66,0x77,0x77,0x76,0x66,0x66,0x66,
 0x66,0x60,0x67,0x77,0x77,0x77,0x77,0x10,0x12,0x10,0x19,0x67,0x77,0x77,0x77,0x66,0x66,0x76,0x66,0x67,0x66,0x66,0x66,0x66,
 0x66,0x66,0x66,0x66,0x66,0x63,0x22,0x21,0x11,0x12,0x21,0x33,0x32,0x22,0x22,0x37,0x76,0x67,0x23,0x33,0x37,0x76,0x77,0x66,
 0x77,0x33,0x77,0x77,0x22,0x22,0x22,0x23,0x01,0x31,0x00,0x99,0x12,0x22,0x22,0x22,0x22,0x22,0x22,0x22,0x22,0x22,0x02,0x32,
 0x01,0x22,0x92,0x23,0x22,0x22,0x22,0x22,0x22,0x22,0x22,0x23,0x43,0x23,0x92,0x21,0x02,0x92,0x22,0x22,0x22,0x22,0x22,0x22,
 0x22,0x33,0x33,0x34,0x56,0x69,0x99,0x55,0x94,0x56,0x44,0x12,0x11,0x10,0x04,0x44,0x01,0x10,0x20,0x01,0x11,0x33,0x37,0x33,
 0x33,0x31,0x02,0x00,0x01,0x11,0x34,0x40,0x00,0x11,0x10,0x12,0x99,0x93,0x23,0x93,0x33,0x33,0x31,0x12,0x30,0x00,0x66,0x33,
 0x33,0x33,0x33,0x33,0x33,0x33,0x33,0x33,0x77,0x78,0x88,0x87,0x77,0x77,0x77,0x77,0x77,0x66,0x67,0x77,0x77,0x66,0x66,0x66,
 0x66,0x66,0x66,0x71,0x77,0x77,0x77,0x77,0x66,0x10,0x02,0x10,0x19,0x97,0x77,0x77,0x76,0x66,0x66,0x66,0x66,0x66,0x66,0x66,
 0x66,0x66,0x66,0x66,0x66,0x66,0x66,0x66,0x21,0x21,0x11,0x11,0x23,0x32,0x22,0x22,0x37,0x66,0x77,0x33,0x32,0x33,0x76,0x67,
 0x66,0x72,0x33,0x76,0x72,0x22,0x22,0x22,0x22,0x23,0x01,0x21,0x00,0x69,0x12,0x22,0x22,0x22,0x22,0x22,0x22,0x22,0x22,0x22,
 0x02,0x22,0x01,0x22,0x93,0x23,0x22,0x22,0x22,0x23,0x62,0x22,0x22,0x22,0x22,0x23,0x92,0x21,0x02,0x92,0x22,0x22,0x22,0x22,
 0x22,0x22,0x22,0x23,0x33,0x34,0x56,0x65,0x55,0x45,0x44,0x49,0x44,0x12,0x01,0x10,0x04,0x44,0x01,0x11,0x00,0x00,0x13,0x33,
 0x63,0x33,0x33,0x32,0x03,0x00,0x11,0x11,0x34,0x40,0x00,0x11,0x10,0x12,0x99,0x93,0x23,0x93,0x33,0x33,0x31,0x12,0x30,0x00,
 0x69,0x23,0x33,0x33,0x33,0x33,0x33,0x33,0x33,0x77,0x77,0x88,0x77,0x88,0x77,0x77,0x77,0x77,0x77,0x77,0x77,0x77,0x66,0x66,
 0x66,0x66,0x77,0x66,0x77,0x71,0x77,0x77,0x67,0x76,0x76,0x10,0x02,0x10,0x16,0x67,0x77,0x77,0x76,0x66,0x66,0x66,0x66,0x66,
 0x66,0x66,0x66,0x66,0x66,0x66,0x66,0x66,0x66,0x66,0x22,0x11,0x11,0x23,0x33,0x22,0x22,0x76,0x66,0x77,0x33,0x32,0x33,0x66,
 0x67,0x76,0x73,0x23,0x77,0x32,0x22,0x22,0x22,0x22,0x22,0x23,0x11,0x21,0x00,0x66,0x12,0x22,0x22,0x22,0x22,0x22,0x22,0x22,
 0x22,0x22,0x02,0x22,0x01,0x22,0x93,0x22,0x22,0x22,0x94,0x25,0x62,0x62,0x22,0x22,0x32,0x23,0x51,0x21,0x02,0x92,0x22,0x26,
 0x66,0x99,0x59,0x99,0x62,0x23,0x33,0x33,0x56,0x95,0x55,0x44,0x44,0x46,0x43,0x12,0x11,0x10,0x03,0x44,0x01,0x11,0x10,0x11,
 0x13,0x37,0x33,0x32,0x33,0x20,0x21,0x02,0x11,0x11,0x34,0x40,0x00,0x11,0x10,0x12,0x99,0x93,0x23,0x93,0x33,0x33,0x31,0x12,
 0x30,0x00,0x66,0x23,0x33,0x33,0x33,0x33,0x33,0x33,0x33,0x38,0x77,0x78,0x87,0x77,0x86,0x77,0x77,0x77,0x77,0x77,0x76,0x66,
 0x66,0x66,0x66,0x77,0x77,0x77,0x77,0x71,0x77,0x76,0x77,0x66,0x77,0x10,0x02,0x10,0x26,0x67,0x76,0x66,0x66,0x66,0x66,0x66,
 0x66,0x66,0x66,0x66,0x66,0x66,0x66,0x66,0x66,0x66,0x66,0x66,0x62,0x22,0x33,0x33,0x22,0x23,0x66,0x77,0x67,0x33,0x22,0x23,
 0x66,0x66,0x63,0x22,0x26,0x77,0x22,0x22,0x22,0x22,0x22,0x32,0x22,0x23,0x01,0x21,0x00,0x69,0x22,0x22,0x22,0x22,0x22,0x22,
 0x22,0x22,0x22,0x23,0x02,0x32,0x01,0x22,0x93,0x22,0x22,0x21,0x94,0x23,0x92,0x69,0x12,0x22,0x22,0x23,0x51,0x20,0x02,0x92,
 0x22,0x29,0x96,0x99,0x55,0x99,0x92,0x23,0x33,0x33,0x56,0x95,0x54,0x33,0x53,0x39,0x43,0x12,0x11,0x10,0x03,0x44,0x01,0x11,
 0x11,0x10,0x13,0x23,0x32,0x33,0x33,0x18,0x01,0x11,0x11,0x10,0x34,0x40,0x00,0x11,0x10,0x12,0x95,0xa3,0x24,0x95,0x33,0x33,
 0x31,0x12,0x40,0x00,0x69,0x33,0x33,0x33,0x33,0x33,0x33,0x33,0x33,0x37,0x77,0x78,0x87,0x77,0x87,0x37,0x77,0x77,0x77,0x66,
 0x66,0x66,0x66,0x67,0x76,0x77,0x77,0x77,0x77,0x71,0x76,0x66,0x76,0x67,0x77,0x10,0x02,0x10,0x29,0x66,0x66,0x66,0x66,0x66,
 0x66,0x66,0x66,0x66,0x66,0x66,0x66,0x66,0x66,0x66,0x66,0x66,0x66,0x66,0x63,0x33,0x33,0x22,0x22,0x67,0x77,0x67,0x22,0x22,
 0x37,0x66,0x66,0x63,0x22,0x26,0x73,0x22,0x22,0x22,0x22,0x22,0x22,0x72,0x22,0x23,0x01,0x21,0x01,0x96,0x22,0x22,0x22,0x20,
 0x05,0x61,0x22,0x22,0x22,0x22,0x02,0x32,0x01,0x22,0x93,0x22,0x22,0x29,0x96,0x63,0x69,0x42,0x22,0x22,0x22,0x23,0x51,0x20,
 0x02,0x92,0x22,0x22,0x21,0x11,0x11,0x11,0x12,0x23,0x33,0x33,0x59,0x95,0x53,0x33,0x33,0x39,0x43,0x12,0x11,0x10,0x03,0x44,
 0x01,0x12,0x11,0x10,0x03,0x22,0x33,0x33,0x21,0x33,0x10,0x11,0x21,0x11,0x34,0x40,0x00,0x11,0x10,0x12,0x9a,0x53,0x23,0x67,
 0x33,0x33,0x31,0x12,0x30,0x00,0x69,0x33,0x33,0x33,0x33,0x33,0x33,0x33,0x33,0x33,0x88,0x77,0x88,0x73,0x33,0x37,0x77,0x66,
 0x66,0x63,0x66,0x66,0x67,0x77,0x77,0x76,0x66,0x77,0x77,0x22,0x97,0x77,0x77,0x77,0x77,0x10,0x02,0x10,0x19,0x96,0x66,0x66,
 0x66,0x67,0x66,0x77,0x77,0x77,0x66,0x66,0x66,0x66,0x66,0x66,0x66,0x66,0x67,0x77,0x66,0x32,0x22,0x77,0x77,0x67,0x73,0x32,
 0x23,0x76,0x66,0x67,0x72,0x37,0x67,0x22,0x22,0x22,0x22,0x22,0x22,0x22,0x22,0x22,0x22,0x23,0x01,0x31,0x00,0x96,0x22,0x22,
 0x20,0x46,0x51,0x19,0x22,0x22,0x22,0x22,0x02,0x32,0x01,0x22,0x93,0x22,0x22,0x24,0x99,0x92,0x99,0x32,0x22,0x22,0x22,0x23,
 0x51,0x20,0x02,0x92,0x22,0x22,0x66,0x93,0x37,0x62,0x22,0x22,0x33,0x33,0x59,0x95,0x33,0x33,0x33,0x39,0x43,0x12,0x11,0x10,
 0x02,0x44,0x01,0x11,0x31,0x00,0x07,0x33,0x33,0x22,0x28,0x33,0x11,0x11,0x30,0x11,0x34,0x40,0x00,0x11,0x10,0x12,0x59,0xa5,
 0x23,0x97,0x33,0x33,0x31,0x12,0x30,0x00,0x66,0x33,0x33,0x33,0x33,0x33,0x33,0x33,0x33,0x33,0x77,0x73,0x33,0x33,0x33,0x77,
 0x77,0x67,0x76,0x63,0x66,0x66,0x77,0x77,0x77,0x76,0x67,0x76,0x67,0x22,0x97,0x77,0x77,0x77,0x77,0x10,0x02,0x10,0x19,0x66,
 0x66,0x66,0x66,0x77,0x66,0x77,0x77,0x76,0x66,0x66,0x66,0x66,0x66,0x66,0x66,0x67,0x77,0x77,0x77,0x22,0x77,0x77,0x76,0x33,
 0x22,0x33,0x76,0x66,0x67,0x33,0x77,0x77,0x22,0x22,0x22,0x22,0x22,0x22,0x32,0x22,0x22,0x22,0x22,0x23,0x01,0x31,0x00,0x96,
 0x22,0x25,0x97,0x45,0x41,0x01,0x02,0x22,0x22,0x22,0x02,0x32,0x01,0x22,0x92,0x22,0x22,0x26,0x55,0x99,0x95,0x52,0x22,0x23,
 0x92,0x23,0x52,0x20,0x02,0x92,0x22,0x22,0x66,0x53,0x33,0x52,0x22,0x23,0x33,0x33,0x59,0x95,0x33,0x33,0x33,0x39,0x43,0x12,
 0x11,0x10,0x02,0x44,0x01,0x11,0x13,0x00,0x03,0x32,0x22,0x12,0x33,0x22,0x11,0x11,0x11,0x11,0x34,0x41,0x01,0x11,0x20,0x12,
 0x59,0x55,0x33,0x97,0x33,0x33,0x31,0x12,0x30,0x00,0x96,0x33,0x33,0x33,0x33,0x33,0x33,0x33,0x33,0x73,0x33,0x33,0x33,0x77,
 0x77,0x77,0x77,0x67,0x76,0x63,0x77,0x77,0x77,0x77,0x77,0x66,0x77,0x76,0x77,0x22,0x97,0x77,0x77,0x77,0x76,0x11,0x12,0x10,
 0x16,0x66,0x66,0x77,0x77,0x77,0x67,0x76,0x66,0x66,0x66,0x66,0x66,0x66,0x66,0x66,0x77,0x77,0x77,0x77,0x66,0x77,0x66,0x62,
 0x32,0x23,0x37,0x76,0x66,0x72,0x22,0x66,0x22,0x22,0x22,0x22,0x22,0x22,0x22,0x22,0x22,0x22,0x22,0x20,0x14,0x52,0x11,0x31,
 0x00,0x96,0x55,0x66,0x95,0x40,0x11,0x00,0x00,0x22,0x22,0x22,0x03,0x32,0x01,0x22,0x93,0x22,0x22,0x22,0x69,0x99,0x55,0x92,
 0x22,0x63,0x92,0x23,0x52,0x20,0x02,0x92,0x22,0x26,0x99,0x95,0x55,0x99,0x62,0x23,0x33,0x33,0x59,0x95,0x33,0x33,0x33,0x39,
 0x43,0x22,0x11,0x10,0x02,0x44,0x01,0x11,0x11,0x12,0x02,0x22,0x31,0x18,0x32,0x32,0x11,0x20,0x11,0x11,0x34,0x41,0x01,0x11,
 0x10,0x12,0x5a,0xa5,0x33,0x97,0x33,0x33,0x31,0x12,0x40,0x00,0x99,0x33,0x33,0x33,0x33,0x33,0x33,0x33,0x73,0x33,0x33,0x33,
 0x78,0x97,0x77,0x77,0x88,0x77,0x77,0x63,0x77,0x77,0x77,0x77,0x76,0x66,0x77,0x77,0x73,0x22,0x96,0x77,0x66,0x67,0x66,0x11,
 0x12,0x10,0x19,0x96,0x66,0x76,0x77,0x76,0x66,0x66,0x66,0x66,0x66,0x66,0x66,0x66,0x66,0x77,0x77,0x77,0x77,0x66,0x66,0x67,
 0x77,0x32,0x23,0x37,0x66,0x66,0x72,0x26,0x67,0x22,0x22,0x22,0x22,0x22,0x22,0x22,0x22,0x22,0x22,0x22,0x22,0x01,0x00,0x06,
 0x31,0x31,0x05,0x99,0x66,0xa5,0x32,0x20,0x11,0x00,0x10,0x22,0x22,0x22,0x05,0x42,0x01,0x22,0x93,0x63,0x22,0x22,0x55,0x59,
 0x59,0x52,0x51,0x99,0x54,0x23,0x51,0x21,0x02,0x92,0x26,0x69,0x66,0x99,0x99,0x96,0x96,0x63,0x34,0x33,0x59,0x95,0x33,0x33,
 0x33,0x39,0x43,0x22,0x11,0x10,0x03,0x44,0x01,0x11,0x00,0x81,0x11,0x22,0x28,0x33,0x33,0x21,0x11,0x11,0x11,0x11,0x34,0x41,
 0x01,0x11,0x11,0x12,0x9a,0xa5,0x33,0x97,0x33,0x33,0x31,0x12,0x40,0x00,0x99,0x33,0x33,0x33,0x33,0x33,0x33,0x33,0x33,0x33,
 0x33,0x73,0x78,0x98,0x77,0x77,0x77,0x67,0x77,0x73,0x77,0x77,0x77,0x67,0x77,0x77,0x77,0x77,0x72,0x22,0x99,0x77,0x66,0x66,
 0x66,0x10,0x02,0x10,0x16,0x96,0x77,0x77,0x77,0x66,0x66,0x66,0x66,0x66,0x66,0x66,0x66,0x77,0x77,0x77,0x77,0x76,0x66,0x66,
 0x66,0x62,0x22,0x22,0x76,0x66,0x63,0x33,0x66,0x22,0x22,0x22,0x22,0x22,0x22,0x28,0x22,0x22,0x22,0x22,0x00,0x95,0x44,0xa5,
 0x50,0x01,0x67,0x05,0x66,0x99,0x42,0x22,0x21,0x00,0x00,0x00,0x40,0x22,0x22,0x22,0x09,0x42,0x01,0x22,0x93,0x63,0x62,0x22,
 0x29,0x59,0x59,0x92,0x59,0x99,0x32,0x23,0x51,0x21,0x02,0x92,0x76,0x96,0x99,0x33,0x33,0x39,0x69,0x63,0x34,0x43,0x56,0x54,
 0x33,0x33,0x33,0x39,0x43,0x22,0x11,0x10,0x03,0x44,0x00,0x10,0x03,0x00,0x21,0x11,0x22,0x32,0x22,0x11,0x11,0x11,0x11,0x11,
 0x34,0x41,0x01,0x11,0x11,0x12,0x55,0x95,0x33,0x95,0x33,0x33,0x31,0x12,0x40,0x00,0x69,0x33,0x33,0x33,0x33,0x33,0x33,0x33,
 0x33,0x33,0x33,0x37,0x82,0x98,0x77,0x77,0x77,0x77,0x77,0x23,0x77,0x76,0x66,0x77,0x66,0x77,0x77,0x77,0x72,0x22,0x99,0x76,
 0x67,0x66,0x66,0x10,0x02,0x10,0x19,0x97,0x76,0x66,0x66,0x66,0x66,0x66,0x66,0x67,0x66,0x67,0x77,0x77,0x77,0x77,0x66,0x66,
 0x66,0x66,0x67,0x73,0x23,0x76,0x66,0x72,0x27,0x72,0x32,0x22,0x22,0x22,0x22,0x22,0x22,0x22,0x22,0x22,0x22,0x20,0x00,0x00,
 0x56,0x66,0x64,0x90,0x05,0x91,0x49,0x21,0x22,0x10,0x10,0x01,0x02,0x02,0x91,0x22,0x22,0x22,0x09,0x53,0x01,0x22,0x99,0x95,
 0x59,0x22,0x59,0x96,0x59,0x22,0x29,0x99,0x35,0x23,0x52,0x21,0x02,0x92,0x79,0x36,0x33,0x37,0x77,0x77,0x67,0x93,0x34,0x43,
 0x56,0x92,0x00,0x00,0x10,0x59,0x43,0x23,0x11,0x20,0x03,0x44,0x01,0x10,0x01,0x11,0x11,0x12,0x21,0x11,0x01,0x11,0x10,0x11,
 0x11,0x11,0x34,0x41,0x01,0x11,0x11,0x12,0x95,0x95,0x33,0x95,0x33,0x33,0x31,0x12,0x30,0x00,0x66,0x33,0x33,0x33,0x33,0x33,
 0x33,0x33,0x33,0x33,0x33,0x33,0x82,0x97,0x37,0x73,0x77,0x77,0x77,0x23,0x77,0x76,0x67,0x77,0x77,0x77,0x77,0x77,0x72,0x22,
 0x66,0x76,0x77,0x66,0x66,0x10,0x02,0x10,0x19,0x97,0x66,0x66,0x66,0x66,0x66,0x77,0x66,0x66,0x77,0x77,0x77,0x77,0x76,0x66,
 0x66,0x66,0x67,0x77,0x77,0x66,0x67,0x66,0x22,0x77,0x72,0x22,0x22,0x22,0x22,0x22,0x22,0x22,0x22,0x22,0x22,0x22,0x22,0x15,
 0x40,0x10,0x01,0x66,0x69,0x51,0x02,0xa0,0x02,0x21,0x00,0x00,0x12,0x22,0x11,0x02,0x42,0x22,0x22,0x22,0x05,0x94,0x01,0x22,
 0x93,0x59,0x99,0x22,0x23,0x96,0x59,0x25,0x69,0x99,0x54,0x33,0x52,0x21,0x02,0x92,0x79,0x36,0x33,0x45,0x33,0x77,0x93,0x93,
 0x34,0x43,0x55,0x01,0x11,0x11,0x44,0x10,0x43,0x23,0x12,0x20,0x03,0x44,0x01,0x11,0x81,0x10,0x01,0x71,0x11,0x11,0x00,0x00,
 0x00,0x21,0x11,0x11,0x33,0x41,0x01,0x11,0x11,0x12,0x95,0x95,0x33,0x97,0x33,0x33,0x31,0x02,0x30,0x00,0x99,0x33,0x33,0x33,
 0x33,0x33,0x33,0x33,0x33,0x33,0x33,0x33,0x32,0x53,0x37,0x33,0x77,0x77,0x72,0x23,0x57,0x77,0x77,0x77,0x77,0x77,0x77,0x77,
 0x62,0x23,0x96,0x76,0x66,0x66,0x76,0x10,0x12,0x10,0x19,0x96,0x66,0x66,0x66,0x66,0x67,0x76,0x67,0x73,0x77,0x77,0x77,0x76,
 0x66,0x66,0x66,0x77,0x77,0x77,0x66,0x67,0x32,0x22,0x67,0x22,0x22,0x22,0x22,0x22,0x32,0x22,0x22,0x22,0x22,0x22,0x22,0x22,
 0x44,0x55,0x66,0x61,0x41,0x05,0x44,0x40,0x00,0x42,0x01,0x00,0x01,0x22,0x24,0x50,0x00,0x50,0x22,0x22,0x22,0x22,0x04,0x94,
 0x01,0x22,0x93,0x59,0x99,0x36,0x23,0x96,0x55,0x96,0x59,0x95,0x42,0x33,0x51,0x21,0x02,0x92,0x75,0x39,0x59,0x21,0x33,0x35,
 0x63,0x93,0x34,0x44,0x50,0x11,0x10,0x01,0x11,0x24,0x03,0x23,0x12,0x20,0x03,0x44,0x01,0x10,0x11,0x10,0x08,0x10,0x11,0x11,
 0x10,0x00,0x00,0x02,0x01,0x11,0x33,0x41,0x01,0x11,0x11,0x12,0x95,0x95,0x33,0x97,0x33,0x33,0x31,0x02,0x30,0x00,0x99,0x33,
 0x33,0x33,0x33,0x33,0x33,0x33,0x33,0x33,0x33,0x33,0x22,0x53,0x73,0x33,0x77,0x77,0x72,0x22,0x37,0x77,0x37,0x77,0x77,0x76,
 0x67,0x76,0x62,0x23,0x96,0x76,0x66,0x67,0x77,0x10,0x12,0x10,0x19,0x96,0x66,0x66,0x77,0x66,0x76,0x77,0x77,0x73,0x77,0x77,
 0x66,0x66,0x66,0x66,0x77,0x77,0x77,0x66,0x77,0x66,0x77,0x77,0x22,0x22,0x22,0x22,0x22,0x22,0x22,0x22,0x22,0x22,0x22,0x22,
 0x22,0x44,0x66,0x66,0x66,0x64,0x31,0x04,0x44,0x41,0x01,0x12,0x00,0x12,0x22,0x34,0x94,0x12,0x22,0x22,0x22,0x22,0x22,0x22,
 0x05,0x43,0x01,0x22,0x93,0x39,0x55,0x59,0x23,0x56,0x55,0x99,0x59,0x49,0x33,0x23,0x51,0x21,0x02,0x92,0x75,0x79,0x32,0x23,
 0x43,0x34,0x65,0x93,0x34,0x32,0x01,0x11,0x10,0x04,0x00,0x00,0x03,0x23,0x12,0x20,0x04,0x44,0x00,0x03,0x01,0x12,0x31,0x01,
 0x01,0x11,0x11,0x11,0x11,0x12,0x20,0x11,0x33,0x41,0x01,0x11,0x11,0x12,0x95,0x95,0x33,0x95,0x33,0x33,0x31,0x12,0x40,0x00,
 0x99,0x33,0x33,0x33,0x33,0x33,0x33,0x33,0x33,0x33,0x33,0x33,0x22,0x25,0x33,0x33,0x77,0x73,0x72,0x22,0x27,0x77,0x77,0x77,
 0x77,0x77,0x76,0x76,0x62,0x22,0x99,0x77,0x77,0x77,0x76,0x10,0x12,0x10,0x19,0x96,0x66,0x67,0x76,0x77,0x77,0x77,0x77,0x73,
 0x66,0x66,0x66,0x66,0x77,0x77,0x77,0x66,0x67,0x76,0x67,0x77,0x22,0x22,0x22,0x22,0x22,0x22,0x32,0x22,0x22,0x22,0x22,0x22,
 0x2a,0x44,0x99,0x96,0x66,0x65,0x54,0x44,0x14,0x00,0x44,0x24,0x00,0x02,0x01,0x14,0x54,0x41,0x22,0x22,0x22,0x22,0x22,0x22,
 0x22,0x22,0x09,0x42,0x01,0x22,0x53,0x39,0x99,0x59,0x52,0x29,0x54,0x65,0x59,0x23,0x33,0x33,0x51,0x21,0x02,0x92,0x75,0x29,
 0x22,0x29,0x33,0x52,0x55,0x93,0x33,0x30,0x10,0x01,0x00,0x00,0x00,0x00,0x00,0x00,0x12,0x20,0x04,0x44,0x00,0x00,0x01,0x72,
 0x11,0x10,0x20,0x00,0x12,0x11,0x18,0x13,0x11,0x11,0x33,0x41,0x01,0x11,0x12,0x22,0x95,0x95,0x33,0x99,0x96,0x33,0x31,0x12,
 0x30,0x00,0x66,0x33,0x33,0x33,0x33,0x33,0x33,0x33,0x33,0x33,0x33,0x33,0x22,0x25,0x33,0x33,0x77,0x77,0x72,0x23,0x39,0x77,
 0x77,0x77,0x77,0x66,0x66,0x66,0x22,0x22,0x49,0x39,0x77,0x77,0x76,0x10,0x12,0x10,0x26,0x66,0x66,0x66,0x77,0x77,0x77,0x77,
 0x77,0x62,0x66,0x66,0x66,0x67,0x77,0x77,0x66,0x77,0x66,0x67,0x77,0x66,0x22,0x22,0x22,0x32,0x22,0x22,0x22,0x22,0x22,0x22,
 0x22,0x3a,0x49,0x99,0x66,0x69,0x59,0x49,0x44,0x44,0x41,0x00,0x42,0x22,0x00,0x02,0x13,0x45,0x22,0x22,0x22,0x22,0x22,0x22,
 0x22,0x22,0x22,0x22,0x03,0x32,0x01,0x22,0x53,0x33,0x39,0x95,0x54,0x29,0x59,0x55,0x92,0x33,0x33,0x33,0x51,0x20,0x02,0x92,
 0x75,0x25,0x53,0x22,0x43,0x23,0x63,0x93,0x33,0x50,0x10,0x10,0x00,0x00,0x00,0x11,0x01,0x4a,0xaa,0x00,0x04,0x44,0x11,0x03,
 0x32,0x11,0x11,0x11,0x01,0x82,0x11,0x11,0x11,0x11,0x11,0x11,0x32,0x41,0x01,0x11,0x12,0x22,0x95,0x95,0x33,0x95,0x36,0x33,
 0x71,0x12,0x30,0x00,0x96,0x33,0x33,0x46,0x33,0x33,0x33,0x33,0x33,0x33,0x33,0x33,0x22,0x39,0x33,0x33,0x77,0x77,0x72,0x22,
 0x93,0x77,0x77,0x76,0x63,0x77,0x66,0x66,0x22,0x22,0x69,0x25,0x77,0x76,0x66,0x10,0x12,0x10,0x29,0x96,0x77,0x77,0x77,0x77,
 0x77,0x66,0x66,0x62,0x66,0x66,0x77,0x77,0x77,0x76,0x67,0x77,0x76,0x76,0x66,0x66,0x22,0x22,0x22,0x22,0x22,0x22,0x20,0x02,
 0x22,0x23,0x44,0x59,0x66,0x66,0x55,0x95,0x44,0x44,0x44,0x44,0x40,0x00,0x02,0x22,0x10,0x04,0x41,0x46,0x22,0x22,0x22,0x22,
 0x22,0x22,0x22,0x22,0x22,0x22,0x03,0x33,0x01,0x22,0x53,0x33,0x33,0x59,0x55,0x59,0xa5,0x56,0x22,0x45,0x33,0x33,0x51,0x21,
 0x02,0x93,0x77,0x39,0x53,0x33,0x22,0x33,0x63,0x93,0x45,0x50,0x01,0x00,0x00,0x11,0x11,0x11,0x24,0x41,0x34,0x44,0x04,0x44,
 0x11,0x10,0x10,0x11,0x11,0x11,0x11,0x21,0x11,0x11,0x11,0x11,0x11,0x11,0x33,0x41,0x01,0x11,0x13,0x22,0x95,0x95,0x33,0x94,
 0x36,0x73,0x31,0x12,0x30,0x00,0x99,0x33,0x32,0xa6,0x33,0x33,0x33,0x33,0x33,0x33,0x33,0x33,0x22,0x39,0x33,0x33,0x77,0x77,
 0x22,0x22,0x93,0x77,0x77,0x66,0x63,0x76,0x67,0x77,0x22,0x72,0x65,0x25,0x77,0x66,0x66,0x10,0x12,0x10,0x19,0x97,0x77,0x77,
 0x77,0x76,0x66,0x66,0x66,0x62,0x77,0x77,0x76,0x66,0x67,0x77,0x77,0x76,0x66,0x66,0x66,0x66,0x62,0x22,0x22,0x22,0x22,0x20,
 0x09,0x69,0x03,0x45,0x99,0x66,0x66,0x55,0x45,0x44,0x44,0x22,0x42,0x22,0x21,0x10,0x02,0x22,0x40,0x09,0x40,0x66,0x22,0x22,
 0x22,0x22,0x22,0x22,0x22,0x32,0x22,0x22,0x0a,0x53,0x01,0x22,0x53,0x33,0x34,0x32,0x54,0x95,0x55,0x52,0x23,0x33,0x33,0x33,
 0x51,0x21,0x02,0x93,0x65,0x39,0x25,0x53,0x33,0x45,0x63,0x93,0x55,0x50,0x00,0x00,0x00,0x11,0x22,0x24,0x41,0x24,0x10,0x11,
 0x44,0x04,0x01,0x11,0x11,0x11,0x11,0x11,0x11,0x11,0x11,0x11,0x11,0x11,0x11,0x11,0x34,0x41,0x00,0x11,0x14,0x22,0x99,0x95,
 0x33,0x93,0x35,0x53,0x30,0x02,0x30,0x00,0x69,0x33,0x22,0x2a,0x93,0x33,0x33,0x33,0x33,0x33,0x33,0x33,0x23,0x25,0x33,0x37,
 0x33,0x73,0x22,0x22,0x93,0x97,0x77,0x66,0x62,0x77,0x77,0x77,0x22,0x22,0x99,0x29,0x66,0x66,0x66,0x10,0x12,0x10,0x19,0x97,
 0x77,0x73,0x66,0x66,0x66,0x66,0x67,0x72,0x77,0x76,0x66,0x77,0x77,0x76,0x66,0x66,0x66,0x66,0x66,0x66,0x62,0x22,0x22,0x22,
 0x20,0x00,0x00,0x15,0x99,0x46,0x66,0x69,0x94,0x44,0x44,0x44,0x44,0x41,0x22,0x22,0x22,0x01,0x04,0x44,0xa1,0x04,0x00,0x66,
 0x22,0x22,0x22,0x22,0x22,0x22,0x22,0x22,0x22,0x22,0x09,0x43,0x01,0x22,0x53,0x33,0x33,0x36,0x69,0x99,0x65,0x54,0x23,0x33,
 0x33,0x33,0x51,0x21,0x02,0x53,0x65,0x54,0x23,0x53,0x32,0x35,0x65,0x93,0x55,0x55,0x00,0x00,0x11,0x11,0x14,0x44,0x11,0x11,
 0x10,0x01,0x11,0x50,0x01,0x11,0x11,0x11,0x11,0x11,0x11,0x11,0x11,0x11,0x11,0x11,0x11,0x11,0x34,0x41,0x10,0x11,0x14,0x22,
 0x95,0x95,0x33,0x93,0x23,0x39,0x41,0x02,0x31,0x00,0x96,0x33,0x22,0x22,0x23,0x33,0x39,0x53,0x15,0x66,0x33,0x33,0x23,0x29,
 0x55,0x77,0x33,0x77,0x22,0x52,0x95,0x97,0x77,0x67,0x23,0x95,0x77,0x66,0x22,0x22,0x99,0x29,0x66,0x66,0x66,0x10,0x12,0x00,
 0x19,0x67,0x76,0x66,0x66,0x66,0x67,0x77,0x77,0x72,0x66,0x67,0x77,0x77,0x76,0x66,0x66,0x66,0x66,0x66,0x66,0x66,0x62,0x22,
 0x22,0x10,0x12,0x44,0x41,0x10,0x36,0x61,0x99,0xa4,0x44,0x44,0x44,0x35,0x22,0x22,0x12,0x22,0x22,0x01,0x0a,0x55,0x50,0x01,
 0x00,0x96,0x22,0x22,0x22,0x22,0x22,0x22,0x22,0x22,0x22,0x22,0x03,0x43,0x01,0x22,0x55,0x55,0x55,0x95,0x59,0x9a,0x55,0x99,
 0x93,0x55,0x55,0x33,0x51,0x21,0x02,0x53,0x56,0x55,0x92,0x33,0x33,0x36,0x65,0x00,0x10,0x04,0x40,0x10,0x11,0x11,0x11,0x21,
 0x01,0x10,0x01,0x00,0x00,0x11,0x11,0x11,0x11,0x11,0x10,0x00,0x00,0x00,0x11,0x11,0x11,0x11,0x11,0x11,0x34,0x41,0x10,0x12,
 0x13,0x22,0x95,0x95,0x34,0x94,0x23,0x43,0x31,0x02,0x31,0x00,0x99,0x33,0x22,0x22,0x53,0x32,0x12,0x22,0x12,0x22,0x73,0x33,
 0x22,0x29,0x37,0x73,0x33,0x37,0x22,0x22,0x93,0x97,0x77,0x72,0x23,0x59,0x66,0x66,0x22,0x22,0x69,0x29,0x66,0x66,0x77,0x10,
 0x12,0x10,0x19,0x66,0x66,0x66,0x66,0x77,0x77,0x77,0x66,0x12,0x77,0x77,0x76,0x66,0x66,0x66,0x66,0x66,0x66,0x66,0x66,0x66,
 0x62,0x21,0x12,0x13,0x45,0x96,0x65,0x40,0x03,0x59,0x14,0x44,0x44,0x44,0x22,0x11,0x12,0x22,0x24,0x44,0x44,0x01,0x09,0x43,
 0x00,0x11,0x00,0x69,0x22,0x22,0x22,0x22,0x22,0x22,0x22,0x22,0x22,0x22,0x09,0x94,0x01,0x22,0x99,0x55,0x99,0x99,0x99,0x99,
 0x99,0x66,0x93,0x99,0x99,0x33,0x51,0x20,0x02,0x53,0x36,0x66,0x53,0x79,0x99,0x96,0x69,0x11,0x00,0x00,0x01,0x10,0x12,0x44,
 0x11,0x11,0x10,0x01,0x00,0x00,0x00,0x00,0xa0,0x11,0x71,0x22,0x11,0x20,0x10,0x11,0x01,0x00,0x13,0x33,0x31,0x11,0x34,0x41,
 0x10,0x11,0x14,0x22,0x95,0x95,0x34,0x93,0x34,0x55,0x21,0x12,0x30,0x00,0x99,0x33,0x22,0x34,0x53,0x32,0x22,0x22,0x22,0x33,
 0x73,0x33,0x22,0x29,0x23,0x33,0x37,0x77,0x22,0x22,0x92,0x97,0x77,0x72,0x22,0x55,0x67,0x76,0x22,0x22,0x99,0x29,0x67,0x77,
 0x77,0x20,0x12,0x10,0x16,0x96,0x66,0x67,0x77,0x77,0x77,0x66,0x67,0x22,0x77,0x76,0x66,0x66,0x66,0x66,0x66,0x66,0x66,0x66,
 0x66,0x66,0x62,0x00,0x12,0x01,0x66,0x66,0x65,0x54,0x00,0xa4,0x44,0x44,0x44,0x22,0x21,0x11,0x12,0x23,0x24,0x45,0x5a,0x01,
 0x02,0x32,0x00,0x21,0x00,0x69,0x22,0x22,0x22,0x22,0x22,0x22,0x22,0x22,0x22,0x22,0x02,0x22,0x01,0x22,0x92,0x22,0x22,0x22,
 0x11,0x11,0x12,0x22,0x22,0x34,0x33,0x45,0xa1,0x20,0x02,0x59,0x99,0x96,0x66,0x66,0x66,0x66,0x60,0x41,0x00,0x00,0x00,0x11,
 0x01,0x12,0x11,0x10,0x11,0x00,0x11,0x11,0x10,0x00,0x01,0x11,0x30,0x11,0x03,0x11,0x21,0x10,0x20,0x00,0x11,0x01,0x11,0x11,
 0x34,0x41,0x10,0x11,0x12,0x42,0x95,0x95,0x35,0x95,0x45,0x59,0x91,0x12,0x41,0x00,0x66,0x44,0x54,0x53,0x33,0x34,0x55,0x55,
 0x44,0x55,0x96,0x33,0x32,0x25,0x25,0x77,0x37,0x77,0x22,0x22,0x92,0x57,0x77,0x32,0x22,0x33,0x77,0x77,0x22,0x22,0x93,0x25,
 0x77,0x77,0x77,0x10,0x13,0x10,0x16,0x96,0x77,0x77,0x77,0x76,0x67,0x77,0x72,0x23,0x29,0x66,0x66,0x66,0x66,0x66,0x66,0x66,
 0x66,0x66,0x63,0x11,0x99,0x22,0x33,0x01,0x06,0x65,0x55,0x11,0x10,0x04,0x42,0x32,0x22,0x22,0x21,0x22,0x42,0x44,0x19,0x94,
 0x34,0x00,0x03,0x40,0x01,0x21,0x00,0x66,0x22,0x22,0x22,0x22,0x22,0x22,0x22,0x22,0x22,0x22,0x02,0x22,0x02,0x22,0x92,0x22,
 0x22,0x22,0x22,0x22,0x22,0x22,0x22,0x22,0x22,0x22,0x51,0x21,0x02,0x92,0x22,0x22,0x22,0x22,0x22,0x21,0x14,0x21,0x00,0x00,
 0x20,0x02,0x10,0x11,0x10,0x01,0x10,0x44,0x11,0x11,0x01,0x01,0x10,0x11,0x33,0x02,0x13,0x32,0x31,0x13,0x30,0x33,0x31,0x37,
 0x31,0x11,0x34,0x41,0x10,0x11,0x12,0x22,0x95,0x95,0x35,0x95,0x55,0x34,0x41,0x02,0x41,0x00,0x66,0x23,0x33,0x33,0x33,0x33,
 0x33,0x22,0x23,0x34,0x55,0x59,0x66,0x29,0x29,0x77,0x77,0x77,0x22,0x22,0x92,0x23,0x77,0x11,0x22,0x21,0x77,0x72,0x22,0x22,
 0x59,0x32,0x77,0x77,0x36,0x10,0x13,0x10,0x29,0x97,0x77,0x77,0x66,0x77,0x67,0x77,0x72,0x24,0x29,0x66,0x66,0x66,0x66,0x66,
 0x66,0x67,0x66,0x66,0x30,0x10,0x01,0x59,0x52,0x11,0x40,0xa5,0x44,0x41,0x00,0x1a,0x41,0x22,0x22,0x11,0x44,0x24,0x44,0x99,
 0x24,0x43,0x30,0x00,0x40,0x13,0x01,0x21,0x00,0x69,0x22,0x22,0x22,0x22,0x22,0x23,0x23,0x22,0x22,0x22,0x09,0x94,0x02,0x22,
 0x99,0x99,0x95,0x55,0x55,0xaa,0x44,0x44,0x44,0x43,0x43,0x22,0x51,0x21,0x02,0x92,0x21,0x22,0x22,0x22,0x22,0x20,0x41,0x10,
 0x00,0x00,0x41,0x01,0x10,0x00,0x11,0x00,0x14,0x21,0x11,0x11,0x11,0x10,0x11,0x40,0x01,0x11,0x11,0x11,0x11,0x11,0x00,0x00,
 0x11,0x11,0x11,0x11,0x34,0x41,0x10,0x11,0x14,0x22,0x95,0x95,0x33,0x63,0x33,0x22,0x21,0x02,0x31,0x00,0x96,0x22,0x22,0x22,
 0x22,0x22,0x22,0x22,0x32,0x22,0x23,0x99,0x45,0x99,0x49,0x77,0x73,0x32,0x35,0x55,0x45,0x55,0x44,0x43,0x25,0x59,0x99,0x22,
 0x22,0x22,0x55,0x32,0x77,0x66,0x66,0x10,0x12,0x10,0x29,0x96,0x66,0x67,0x77,0x77,0x76,0x66,0x72,0x23,0x23,0x66,0x66,0x66,
 0x66,0x77,0x76,0x77,0x66,0x77,0x00,0x00,0x20,0x04,0x22,0x11,0x10,0x14,0x44,0x40,0x12,0x02,0x34,0x22,0x12,0x44,0x24,0x4a,
 0x69,0x51,0x32,0x44,0x00,0x10,0x22,0x23,0x00,0x21,0x00,0x66,0x22,0x22,0x22,0x22,0x32,0x22,0x22,0x22,0x22,0x22,0x06,0x65,
 0x01,0x22,0x96,0x66,0x66,0x66,0x66,0x66,0x66,0x66,0x94,0x44,0x4a,0x69,0x93,0x21,0x02,0x56,0x99,0x99,0x99,0x55,0x55,0x14,
 0x40,0x11,0x00,0x01,0x22,0x00,0x01,0x00,0x00,0x02,0x22,0x44,0x11,0x41,0x11,0x10,0x01,0x15,0x00,0x00,0x11,0x11,0x11,0x11,
 0x10,0x00,0x11,0x11,0x11,0x11,0x34,0x40,0x05,0x10,0x14,0x42,0x95,0x95,0x33,0x93,0x22,0x22,0x21,0x02,0x30,0x00,0x69,0x22,
 0x22,0x22,0x22,0x22,0x22,0x22,0x23,0x33,0x22,0x35,0x95,0x66,0x69,0x63,0x23,0x32,0x22,0x22,0x22,0x22,0x22,0x22,0x23,0x44,
 0x99,0x59,0x39,0x22,0x55,0x32,0x96,0x66,0x66,0x10,0x12,0x10,0x26,0x96,0x77,0x76,0x77,0x76,0x66,0x66,0x22,0x23,0x23,0x56,
 0x67,0x76,0x67,0x76,0x67,0x77,0x60,0x39,0x99,0x21,0x00,0x00,0x11,0x11,0x00,0x04,0x44,0x44,0x00,0x01,0x24,0x14,0x44,0x4a,
 0x45,0x92,0x13,0x22,0x32,0x12,0x22,0x22,0x22,0x23,0x00,0x21,0x00,0x66,0x22,0x22,0x22,0x22,0x22,0x22,0x22,0x22,0x22,0x22,
 0x04,0x32,0x01,0x22,0x93,0x33,0x33,0x33,0x33,0x33,0x33,0x33,0x32,0x33,0x49,0x99,0x94,0x20,0x02,0x94,0x4a,0x99,0x99,0x95,
 0x99,0x04,0x04,0x40,0x00,0x01,0x10,0x10,0x00,0x00,0x11,0x11,0x11,0x12,0x44,0x11,0xa0,0x00,0x01,0x2a,0x03,0x20,0x13,0x31,
 0x23,0x23,0x11,0x33,0x17,0x11,0x11,0x11,0x34,0x00,0x04,0x10,0x14,0x42,0x95,0x95,0x33,0x93,0x22,0x22,0x21,0x02,0x30,0x00,
 0x99,0x22,0x22,0x22,0x22,0x22,0x22,0x22,0x23,0x39,0x22,0x23,0x99,0x96,0x96,0x99,0x22,0x22,0x22,0x22,0x22,0x22,0x22,0x22,
 0x22,0x24,0x49,0x99,0x65,0x25,0x55,0x52,0x96,0x66,0x77,0x10,0x12,0x10,0x29,0x97,0x77,0x77,0x66,0x66,0x66,0x66,0x22,0x24,
 0x23,0x56,0x67,0x66,0x77,0x77,0x67,0x76,0x02,0x22,0x13,0x11,0x10,0x00,0x11,0x11,0x00,0x14,0x24,0x44,0x00,0x00,0x24,0x04,
 0x45,0x95,0x42,0x22,0x14,0x11,0x22,0x22,0x22,0x22,0x22,0x23,0x10,0x40,0x00,0x99,0x22,0x22,0x22,0x22,0x22,0x22,0x22,0x22,
 0x22,0x22,0x03,0x32,0x01,0x22,0x93,0x33,0x33,0x33,0x32,0x33,0x33,0x33,0x22,0x33,0x34,0x44,0x92,0x21,0x02,0x93,0x33,0x33,
 0x33,0x33,0x32,0x01,0x11,0x10,0x00,0x00,0x00,0x00,0x01,0x00,0x00,0x01,0x11,0x11,0x44,0x1a,0x40,0xaa,0x01,0x3a,0x42,0x10,
 0x13,0x11,0x23,0x10,0x11,0x21,0x10,0x11,0x11,0x10,0x34,0x14,0x45,0x41,0x5a,0x42,0x95,0x95,0x33,0x93,0x22,0x22,0x21,0x02,
 0x31,0x01,0x99,0x22,0x22,0x23,0x22,0x22,0x22,0x39,0x22,0x29,0x42,0x22,0x35,0x59,0x66,0x32,0x62,0x22,0x22,0x22,0x22,0x22,
 0x32,0x23,0x32,0x22,0x45,0x99,0x95,0x53,0x95,0x99,0x59,0x67,0x77,0x10,0x12,0x10,0x19,0x97,0x77,0x77,0x76,0x66,0x66,0x66,
 0x22,0x25,0x23,0x57,0x77,0x67,0x77,0x77,0x67,0x73,0x10,0x00,0x12,0x21,0x10,0x00,0x01,0x11,0x10,0x11,0x44,0x44,0x10,0x10,
 0x45,0x09,0x94,0x33,0x21,0x30,0x02,0x22,0x22,0x22,0x22,0x22,0x22,0x23,0x10,0x40,0x00,0x99,0x22,0x22,0x22,0x22,0x22,0x22,
 0x22,0x22,0x22,0x22,0x02,0x32,0x01,0x22,0x93,0x33,0x32,0x22,0x22,0x22,0x22,0x22,0x22,0x33,0x33,0x33,0x92,0x21,0x02,0x93,
 0x33,0x33,0x33,0x33,0x32,0x00,0x01,0x10,0x10,0x00,0x00,0x01,0x00,0x11,0x00,0x00,0x11,0x11,0x4a,0x1a,0x0a,0xaa,0x10,0x34,
 0x52,0x10,0x13,0x31,0x23,0x03,0x11,0x31,0x03,0x01,0x10,0x00,0x54,0x04,0x49,0x42,0x16,0x61,0x55,0x95,0x33,0x93,0x22,0x52,
 0x21,0x12,0x31,0x00,0x69,0x22,0x22,0x23,0x22,0x22,0x23,0x99,0x22,0x25,0x92,0x22,0x39,0x59,0x96,0x92,0x97,0x22,0x22,0x22,
 0x22,0x23,0x32,0x25,0x52,0x22,0x43,0x99,0x59,0x92,0x99,0x59,0x39,0x97,0x77,0x10,0x13,0x10,0x16,0x97,0x77,0x77,0x66,0x66,
 0x66,0x66,0x22,0x25,0x23,0x56,0x77,0x77,0x77,0x76,0x76,0x61,0x20,0x00,0x00,0x22,0x01,0x10,0x01,0x11,0x10,0x01,0x44,0x44,
 0x40,0x10,0x99,0x04,0x32,0x22,0x10,0x10,0x12,0x22,0x22,0x22,0x22,0x22,0x22,0x23,0x01,0x31,0x00,0x69,0x22,0x22,0x22,0x22,
 0x22,0x22,0x22,0x22,0x22,0x22,0x02,0x32,0x01,0x22,0x53,0x22,0x32,0x22,0x22,0x22,0x22,0x22,0x22,0x22,0x33,0x33,0x92,0x21,
 0x02,0x92,0x22,0x22,0x22,0x22,0x32,0x00,0x01,0x11,0x00,0x00,0x10,0x44,0xa0,0x01,0x00,0x11,0x10,0x14,0x11,0xa0,0x95,0x55,
 0xa0,0x10,0x50,0x01,0x10,0x00,0x00,0x01,0x11,0x10,0x00,0x00,0x10,0x00,0x00,0x00,0x00,0x00,0x00,0x00,0x00,0x45,0x33,0x93,
 0x22,0x22,0x21,0x12,0x31,0x00,0x99,0x22,0x22,0x32,0x21,0x22,0x22,0x95,0x21,0x23,0x93,0x22,0x23,0x92,0x59,0x95,0x49,0x22,
 0x22,0x92,0x22,0x23,0x52,0x22,0x32,0x22,0x23,0x35,0x32,0x59,0x35,0x95,0x95,0x49,0x76,0x10,0x13,0x20,0x19,0x97,0x77,0x76,
 0x67,0x66,0x66,0x62,0x22,0x55,0x22,0x37,0x77,0x76,0x77,0x76,0x77,0x61,0x10,0x00,0x00,0x42,0x11,0x00,0x01,0x11,0x10,0x00,
 0x44,0x44,0xa0,0x20,0x54,0x11,0x10,0x00,0x00,0x50,0x22,0x22,0x22,0x22,0x22,0x22,0x22,0x23,0x01,0x31,0x00,0x96,0x22,0x22,
 0x22,0x22,0x22,0x22,0x62,0x22,0x22,0x22,0x02,0x22,0x01,0x22,0x52,0x12,0x22,0x22,0x22,0x22,0x22,0x22,0x22,0x52,0x23,0x23,
 0x92,0x21,0x02,0x92,0x22,0x22,0x22,0x22,0x33,0x30,0x01,0x11,0x00,0x00,0x01,0xaa,0x01,0x00,0x00,0x00,0x45,0x41,0x44,0x15,
 0x55,0x55,0x50,0x01,0x91,0x11,0x11,0x11,0x11,0x11,0x11,0x10,0x00,0x10,0x04,0x14,0x44,0x4a,0xa4,0x22,0x12,0xa5,0x99,0x10,
 0x35,0x93,0x22,0x22,0x21,0x12,0x31,0x00,0x99,0x23,0x22,0x22,0x22,0x22,0x22,0x95,0x21,0x23,0x93,0x32,0x23,0x55,0x39,0x99,
 0x39,0x32,0x22,0x22,0x22,0x23,0x33,0x22,0x32,0x22,0x24,0x35,0x99,0x35,0x25,0x53,0x95,0x39,0x77,0x10,0x23,0x20,0x29,0x97,
 0x67,0x66,0x77,0x67,0x77,0x72,0x22,0x53,0x22,0x57,0x77,0x77,0x77,0x66,0x66,0x61,0x10,0x00,0x32,0x09,0x10,0x00,0x00,0x11,
 0x11,0x00,0x4a,0x55,0x50,0x10,0x32,0x10,0x00,0x11,0x14,0x50,0x22,0x22,0x22,0x22,0x36,0x32,0x22,0x23,0x00,0x31,0x01,0x99,
 0x22,0x22,0x22,0x22,0x22,0x26,0x67,0x32,0x22,0x22,0x01,0x22,0x01,0x25,0x53,0xa0,0x22,0x22,0x22,0x22,0x22,0x22,0x22,0x22,
 0x23,0x33,0x52,0x21,0x02,0x92,0x22,0x22,0x22,0x22,0x33,0x31,0x10,0x00,0x00,0x00,0x04,0xaa,0x15,0x00,0x00,0x4a,0xa1,0x00,
 0x55,0x55,0x55,0x55,0x50,0x00,0x41,0x11,0x11,0x11,0x11,0x11,0x11,0x11,0x00,0x11,0x11,0x22,0x43,0x22,0x22,0x21,0x22,0x21,
 0x11,0x44,0x44,0x53,0x22,0x22,0x21,0x02,0x31,0x00,0x99,0x22,0x22,0x22,0x22,0x22,0x22,0x22,0x22,0x23,0x33,0x22,0x22,0x23,
 0x55,0x65,0x25,0x52,0x22,0x32,0x22,0x22,0x22,0x22,0x22,0x22,0x22,0x22,0x22,0x22,0x23,0x33,0x33,0x22,0x76,0x10,0x22,0x10,
 0x29,0x96,0x66,0x67,0x77,0x77,0x77,0x72,0x22,0x52,0x23,0x97,0x77,0x77,0x76,0x66,0x66,0x61,0x20,0x00,0x72,0x01,0x11,0x10,
 0x00,0x11,0x21,0x10,0x55,0x54,0x40,0x11,0x20,0x00,0x01,0x14,0x44,0x45,0x62,0x22,0x22,0x22,0x22,0x22,0x22,0x23,0x00,0x21,
 0x01,0x99,0x22,0x22,0x77,0x22,0x22,0x22,0x72,0x22,0x22,0x22,0x00,0x11,0x01,0x25,0x50,0x02,0x22,0x22,0x36,0x66,0x62,0x22,
 0x22,0x22,0x23,0x23,0x51,0x21,0x02,0x92,0x22,0x26,0x66,0x99,0x95,0x30,0x40,0x00,0x00,0x00,0x02,0xa1,0xa4,0x00,0xa0,0x01,
 0xaa,0xa4,0x00,0x95,0x55,0x55,0x10,0x04,0x01,0x11,0x11,0x11,0x11,0x11,0x11,0x10,0x11,0x10,0x01,0x5a,0x11,0x24,0x42,0x22,
 0x11,0x1a,0x51,0x14,0xa9,0x40,0x22,0x22,0x21,0x02,0x30,0x00,0x99,0x12,0x11,0x11,0x12,0x22,0x11,0x11,0x11,0x12,0x22,0x21,
 0x22,0x12,0x23,0x32,0x23,0x32,0x22,0x22,0x22,0x22,0x21,0x22,0x22,0x22,0x23,0x33,0x55,0x22,0x22,0x22,0x22,0x23,0x66,0x21,
 0x23,0x10,0x29,0x67,0x77,0x77,0x77,0x76,0x77,0x72,0x22,0x33,0x22,0x57,0x77,0x76,0x66,0x66,0x66,0x66,0x11,0x00,0x00,0x00,
 0x11,0x10,0x00,0x23,0x31,0x00,0x43,0x32,0x10,0x11,0x00,0x11,0x01,0x14,0x44,0x4a,0x62,0x22,0x22,0x22,0x22,0x22,0x22,0x23,
 0x00,0x31,0x00,0x96,0x22,0x22,0x22,0x22,0x22,0x22,0x32,0x22,0x22,0x22,0x02,0x31,0x01,0x24,0x00,0x22,0x22,0x26,0x66,0x66,
 0x77,0x62,0x22,0x22,0x23,0x22,0x51,0x21,0x02,0x92,0x22,0x20,0x44,0x21,0x13,0x21,0x09,0x00,0x00,0x00,0x00,0xaa,0x40,0x04,
 0x55,0x50,0x00,0x00,0x4a,0x49,0x55,0x54,0x00,0x40,0x01,0x11,0x11,0x11,0x10,0x00,0x00,0x04,0x41,0x00,0x0a,0xa0,0x01,0x44,
 0xa2,0x22,0x21,0x11,0x0a,0x10,0x3a,0x6a,0x02,0x22,0x21,0x02,0x30,0x00,0x69,0x22,0x22,0x22,0x12,0x22,0x22,0x44,0x22,0x24,
 0x43,0x22,0x22,0x53,0x59,0x69,0x55,0x52,0x22,0x22,0x22,0x22,0x22,0x22,0x22,0x22,0x23,0x33,0x44,0x53,0x22,0x54,0x33,0x49,
 0x96,0x21,0x23,0x10,0x19,0x97,0x77,0x77,0x71,0x29,0x77,0x72,0x22,0x33,0x22,0x36,0x66,0x66,0x66,0x66,0x66,0x66,0x31,0x00,
 0x01,0x10,0x22,0x21,0x00,0x55,0x40,0x00,0x21,0x20,0x00,0x00,0x02,0x24,0x02,0x44,0x20,0x60,0x92,0x22,0x22,0x22,0x22,0x22,
 0x22,0x23,0x01,0x41,0x00,0x99,0x22,0x22,0x22,0x22,0x22,0x22,0x22,0x22,0x22,0x22,0x02,0x34,0x01,0x21,0x92,0x22,0x22,0x66,
 0x77,0x66,0x77,0x76,0x12,0x22,0x22,0x23,0x51,0x21,0x02,0x92,0x22,0x22,0x43,0x22,0x33,0x22,0x32,0x90,0x00,0x00,0x00,0x0a,
 0xa4,0x1a,0x55,0x55,0x00,0x32,0x10,0xa9,0x54,0x00,0x03,0x12,0x22,0x24,0x43,0x33,0x33,0x33,0x30,0x4a,0x10,0x00,0x4a,0x40,
 0x11,0x4a,0xa4,0x22,0x22,0x11,0x14,0x41,0x14,0xa6,0x41,0x22,0x21,0x02,0x31,0x00,0x69,0x22,0x22,0x22,0x22,0x22,0x22,0x35,
 0x32,0x24,0x43,0x22,0x23,0x53,0x59,0x95,0x55,0x52,0x22,0x22,0x22,0x22,0x22,0x22,0x22,0x22,0x23,0x33,0x59,0x53,0x23,0x53,
 0x33,0x49,0x96,0x11,0x23,0x20,0x19,0x97,0x77,0x77,0x22,0x22,0x77,0x72,0x22,0x33,0x22,0x56,0x66,0x66,0x66,0x66,0x66,0x66,
 0x32,0x10,0x00,0x10,0x24,0x11,0x01,0x32,0x10,0x01,0x10,0x00,0x20,0x00,0x11,0x22,0x01,0x44,0x30,0x50,0x91,0x22,0x22,0x22,
 0x22,0x22,0x22,0x23,0x11,0x41,0x00,0x99,0x22,0x22,0x22,0x22,0x22,0x22,0x22,0x22,0x26,0x66,0x02,0x23,0x30,0x20,0x93,0x33,
 0x39,0x62,0x00,0x06,0x76,0x77,0x72,0x22,0x22,0x23,0x52,0x21,0x02,0x92,0x22,0x22,0x69,0x33,0x64,0x22,0x34,0x00,0x00,0x95,
 0x00,0x00,0x05,0xaa,0xaa,0x55,0x09,0x00,0x4a,0x00,0x00,0x10,0x22,0x22,0x11,0x00,0x11,0x11,0x11,0x22,0x04,0x42,0x10,0x11,
 0x44,0x00,0x12,0x4a,0xa4,0x42,0x21,0x11,0x11,0xa2,0x12,0x4a,0x91,0x22,0x21,0x12,0x31,0x02,0x21,0x12,0x22,0x12,0x11,0x11,
 0x11,0x11,0x11,0x11,0x11,0x11,0x11,0x21,0x11,0x12,0x41,0x11,0x11,0x11,0x11,0x11,0x11,0x11,0x10,0x10,0x00,0x00,0x00,0x00,
 0x00,0x00,0x00,0x00,0x00,0x11,0x11,0x94,0x19,0x97,0x77,0x76,0x22,0x49,0x35,0x22,0x22,0x33,0x22,0x56,0x66,0x66,0x66,0x67,
 0x67,0x77,0x70,0x10,0x00,0x00,0x44,0x00,0x02,0x31,0x00,0x00,0x02,0x29,0x20,0x04,0x11,0x11,0x02,0x25,0x44,0x44,0x91,0x22,
 0x22,0x22,0x22,0x22,0x22,0x23,0x01,0x41,0x00,0x69,0x22,0x22,0x22,0x22,0x66,0x66,0x66,0x96,0x67,0x76,0x02,0x23,0x30,0x30,
 0x13,0x33,0x27,0x00,0x12,0x06,0x77,0x73,0x32,0x22,0x22,0x23,0x52,0x21,0x02,0x92,0x22,0x26,0x69,0x55,0x96,0x23,0x39,0x49,
 0x90,0x44,0x50,0x04,0x25,0x5a,0xaa,0xa5,0x05,0x44,0x55,0x00,0x02,0x50,0x00,0x22,0x10,0x00,0x00,0x01,0x11,0x00,0x0a,0x31,
 0x00,0x14,0xa4,0x00,0x14,0xaa,0xa2,0x44,0x22,0x11,0x10,0x14,0x11,0x24,0x64,0x02,0x21,0x12,0x41,0x12,0x22,0x11,0x22,0x22,
 0x11,0x11,0x11,0x11,0x11,0x11,0x11,0x11,0x11,0x11,0x00,0x01,0x01,0x11,0x00,0x00,0x10,0x00,0x11,0x11,0x10,0x00,0x00,0x00,
 0x00,0x00,0x00,0x11,0x11,0x11,0x11,0x11,0x11,0x06,0x69,0x97,0x77,0x76,0x22,0x49,0x99,0x22,0x37,0x23,0x22,0x59,0x66,0x76,
 0x66,0x67,0x77,0x77,0x65,0x02,0x21,0x15,0x20,0x00,0x2a,0x00,0x00,0x00,0x02,0x29,0x20,0x01,0x01,0x00,0x01,0x24,0x44,0x45,
 0x42,0x22,0x22,0x22,0x22,0x22,0x22,0x23,0x00,0x41,0x01,0x69,0x22,0x22,0x29,0x66,0x66,0x67,0x67,0x77,0x77,0x77,0x02,0x23,
 0x35,0x00,0x93,0x31,0x12,0x22,0x33,0x07,0x33,0x77,0x23,0x32,0x22,0x23,0x51,0x21,0x02,0x92,0x24,0x69,0x65,0x44,0x59,0x63,
 0x39,0x55,0x12,0x20,0x00,0xa5,0x45,0x55,0xaa,0xaa,0x05,0x55,0x50,0x55,0x00,0x12,0xa1,0x22,0x25,0xa4,0xa6,0x93,0x22,0x22,
 0x14,0x11,0x01,0x14,0x44,0x44,0x44,0xaa,0xaa,0x44,0x41,0x11,0x11,0x4a,0x11,0x14,0xa9,0x01,0x21,0x02,0x31,0x02,0x32,0x22,
 0x22,0x22,0x22,0x21,0x12,0x32,0x23,0x32,0x33,0x32,0x22,0x22,0x21,0x10,0x01,0x02,0x22,0x22,0x22,0x22,0x22,0x22,0x22,0x22,
 0x22,0x22,0x22,0x22,0x22,0x22,0x22,0x22,0x22,0x21,0x01,0x04,0x35,0x59,0x97,0x33,0x22,0x33,0x22,0x25,0x99,0x93,0x22,0x59,
 0x66,0x67,0x77,0x73,0x77,0x66,0x66,0x72,0x11,0x54,0x00,0x00,0x00,0x00,0x15,0x40,0x02,0x21,0x50,0x00,0x03,0x41,0x10,0x01,
 0x44,0x44,0x22,0x22,0x33,0x33,0x33,0x66,0x66,0x63,0x01,0x31,0x01,0x69,0x66,0x66,0x69,0x69,0x99,0x99,0x99,0x99,0x99,0x95,
 0x02,0x20,0x35,0x00,0x93,0x20,0x22,0x21,0x32,0x07,0x33,0x37,0x27,0x72,0x22,0x23,0x51,0x21,0x02,0x93,0x35,0x69,0x55,0x33,
 0x55,0x63,0x39,0x50,0x22,0x00,0x04,0xa5,0x45,0x55,0x55,0xaa,0x10,0x03,0x0a,0x59,0x55,0x24,0x12,0x11,0x45,0x44,0x46,0x95,
 0x22,0x20,0x44,0x00,0x04,0x44,0x44,0x45,0xaa,0x59,0x99,0x55,0x54,0x44,0x44,0x44,0x41,0x14,0x46,0xa0,0x21,0x02,0x31,0x02,
 0x33,0x32,0x22,0x22,0x22,0x22,0x22,0x22,0x22,0x33,0x33,0x22,0x22,0x22,0x34,0x01,0x01,0x11,0x11,0x11,0x11,0x11,0x11,0x11,
 0x11,0x11,0x11,0x11,0x11,0x11,0x11,0x11,0x11,0x11,0x11,0x11,0x01,0x04,0x33,0x22,0x53,0x22,0x22,0x22,0x22,0x22,0x54,0x29,
 0x22,0x59,0x77,0x77,0x77,0x72,0x59,0x66,0x77,0x77,0x10,0x04,0x99,0x00,0x01,0x00,0x09,0x40,0x12,0x21,0x92,0x20,0x00,0x42,
 0x11,0x00,0x00,0x12,0x23,0x66,0x69,0x77,0x77,0x57,0x66,0x73,0x01,0x31,0x00,0x66,0x67,0x77,0x77,0x55,0x55,0x55,0x33,0x77,
 0x33,0x33,0x01,0x22,0x23,0x10,0x93,0x02,0x22,0x13,0x30,0x06,0x66,0x27,0x37,0x33,0x22,0x22,0x52,0x21,0x02,0x92,0x25,0x54,
 0x95,0x45,0x35,0x93,0x34,0x02,0x20,0x00,0x0a,0xaa,0xaa,0x55,0x55,0x55,0x55,0x55,0xaa,0xa9,0x54,0x40,0x42,0x21,0x54,0x32,
 0x36,0x95,0x22,0x20,0xa9,0x99,0x99,0x99,0x99,0x59,0x96,0x66,0x66,0x66,0x69,0x99,0x99,0x99,0x99,0x99,0x99,0x40,0x21,0x12,
 0x31,0x02,0x33,0x33,0x22,0x22,0x22,0x22,0x22,0x22,0x00,0x01,0x00,0x23,0x22,0x28,0x22,0x11,0x01,0x11,0x88,0x88,0x88,0x88,
 0x88,0x88,0x81,0x11,0x11,0x11,0x11,0x11,0x38,0x01,0x11,0x11,0x07,0x11,0x01,0x04,0x33,0x33,0x43,0x22,0x22,0x22,0x22,0x22,
 0x52,0x23,0x32,0x55,0x77,0x77,0x77,0x32,0x55,0x77,0x77,0x77,0x66,0x66,0x66,0x30,0x01,0x11,0x55,0x00,0x01,0x35,0x52,0x20,
 0x00,0x04,0x11,0x12,0x59,0x69,0x99,0x95,0x55,0x99,0x93,0x33,0x33,0x33,0x11,0x31,0x00,0x99,0x33,0x33,0x33,0x33,0x33,0x33,
 0x33,0x33,0x33,0x33,0x01,0x11,0x23,0x20,0x50,0x22,0x21,0x23,0x30,0x76,0x27,0x62,0x76,0x66,0x32,0x32,0x52,0x20,0x02,0x93,
 0x35,0x55,0x94,0x54,0x35,0x91,0x00,0x22,0x20,0x01,0x05,0x55,0xa4,0x55,0x55,0x55,0x55,0x55,0x5a,0xa9,0x00,0x03,0x42,0x21,
 0x55,0x34,0x46,0x95,0x22,0x22,0x15,0x99,0x99,0x99,0x99,0xa9,0x96,0x66,0x66,0x66,0x66,0x99,0x99,0x99,0x99,0x99,0x99,0x02,
 0x21,0x12,0x31,0x02,0x33,0x34,0x21,0x12,0x22,0x22,0x22,0x70,0x00,0x00,0x11,0x00,0x22,0x23,0x22,0x11,0x01,0x11,0x00,0x10,
 0x11,0x21,0x00,0x11,0x11,0x11,0x18,0x11,0x11,0x31,0x11,0x01,0x21,0x11,0x10,0x11,0x01,0x04,0x33,0x53,0x33,0x22,0x22,0x22,
 0x83,0x22,0x93,0x53,0x32,0x55,0x77,0x77,0x66,0x32,0x55,0x77,0x76,0x66,0x66,0x66,0x66,0x32,0x02,0x21,0x90,0x00,0x11,0x44,
 0xa3,0x94,0x00,0x44,0x22,0x3a,0x69,0x33,0x33,0x33,0x33,0x33,0x33,0x33,0x33,0x32,0x01,0x31,0x00,0x99,0x33,0x33,0x34,0x43,
 0x33,0x44,0x34,0x44,0x33,0x33,0x02,0x22,0x23,0x41,0x50,0x22,0x03,0x33,0x05,0x37,0x22,0x73,0x36,0x77,0x33,0x33,0x51,0x20,
 0x02,0x93,0x39,0x55,0x44,0x45,0x30,0x12,0x20,0x22,0x22,0x01,0x10,0x55,0x5a,0xa5,0x55,0x95,0x55,0x55,0x5a,0xa9,0x02,0x24,
 0x41,0x10,0x01,0x10,0x04,0x40,0x22,0x22,0x22,0x45,0x44,0x4a,0xaa,0xa9,0x96,0x66,0x66,0x66,0x69,0x99,0xaa,0xaa,0x44,0x44,
 0x22,0x22,0x21,0x12,0x30,0x02,0x33,0x99,0x31,0x21,0x12,0x22,0x22,0x00,0x00,0x00,0x00,0x00,0x02,0x28,0x22,0x11,0x02,0x11,
 0x11,0x11,0x21,0x10,0x00,0x10,0x01,0x11,0x11,0x11,0x31,0x11,0x11,0x11,0x18,0x83,0x11,0x11,0x01,0x04,0x33,0x33,0x33,0x22,
 0x22,0x22,0x22,0x22,0x23,0x95,0x32,0x59,0x77,0x66,0x67,0x22,0x52,0x77,0x66,0x66,0x66,0x66,0x66,0x30,0x21,0x51,0x00,0x20,
 0x11,0x42,0x92,0x44,0x21,0x44,0x22,0x4a,0x69,0x33,0x33,0x32,0x22,0x22,0x22,0x22,0x22,0x22,0x01,0x21,0x00,0x99,0x22,0x22,
 0x22,0x22,0x22,0x25,0x22,0x22,0x22,0x22,0x00,0x22,0x12,0x32,0x50,0x20,0x11,0x11,0x77,0x33,0x33,0x33,0x73,0x73,0x33,0x33,
 0x51,0x21,0x02,0x93,0x39,0x55,0x45,0x00,0x23,0x32,0x20,0x32,0x22,0x00,0x11,0xa5,0x5a,0x41,0x55,0x55,0x5a,0x45,0x59,0x9a,
 0x02,0x22,0x31,0x10,0x25,0x22,0x16,0x50,0x22,0x21,0x42,0xa9,0x32,0x22,0x24,0x49,0x99,0x96,0x66,0x66,0x99,0x95,0x95,0x95,
 0x34,0x93,0x22,0x22,0x21,0x02,0x30,0x02,0x39,0x99,0x32,0x22,0x27,0x22,0x22,0x00,0x00,0x00,0x00,0x00,0x02,0x22,0x22,0x11,
 0x02,0x11,0x88,0x88,0x88,0x82,0x22,0x22,0x21,0x11,0x11,0x18,0x11,0x11,0x21,0x11,0x18,0x83,0x11,0x11,0x01,0x04,0x33,0x33,
 0x45,0x33,0x24,0x32,0x22,0x22,0x23,0x95,0x42,0x55,0x67,0x66,0x67,0x22,0x53,0x66,0x66,0x66,0x66,0x66,0x67,0x22,0x00,0x00,
 0x00,0x21,0x21,0x22,0x92,0x31,0x00,0x01,0x11,0x01,0x01,0x33,0x33,0x33,0x33,0x32,0x33,0x33,0x33,0x32,0x00,0x21,0x01,0x69,
 0x33,0x33,0x55,0x22,0x33,0x43,0x33,0x23,0x44,0x33,0x00,0x01,0x12,0x21,0x90,0x11,0x11,0x00,0x33,0x33,0x77,0x22,0x33,0x33,
 0x33,0x33,0x51,0x21,0x02,0x93,0x39,0x55,0x01,0x33,0x33,0x33,0x22,0x32,0x22,0x00,0x01,0x05,0x5a,0xa4,0x15,0x55,0x55,0xaa,
 0x45,0x95,0x02,0x22,0x21,0x10,0x24,0x22,0x26,0xa1,0x22,0x21,0x42,0xa9,0x42,0x22,0x24,0x44,0x99,0x99,0x96,0x99,0x99,0x93,
 0x95,0x95,0x34,0x93,0x22,0x22,0x21,0x12,0x31,0x02,0x39,0x99,0x32,0x23,0x36,0x22,0x22,0x00,0x00,0x00,0x00,0x04,0x32,0x28,
 0x23,0x11,0x02,0x11,0x11,0x11,0x11,0x11,0x11,0x11,0x11,0x11,0x11,0x31,0x11,0x21,0x11,0x12,0x02,0x12,0x11,0x11,0x01,0x04,
 0x33,0x33,0x53,0x22,0x23,0x22,0x22,0x22,0x23,0x95,0x52,0x45,0x99,0x66,0x63,0x22,0x54,0x66,0x67,0x66,0x66,0x77,0x72,0x22,
 0x00,0x91,0x00,0x22,0x21,0x11,0x42,0x22,0x00,0x14,0x11,0x14,0x63,0x33,0x33,0x23,0x34,0x23,0x45,0x33,0x34,0x43,0x01,0x21,
 0x01,0x99,0x33,0x33,0x34,0x32,0x33,0x43,0x33,0x23,0x44,0x33,0x00,0x00,0x02,0x20,0x50,0x02,0x11,0x07,0x22,0x33,0x77,0x22,
 0x23,0x33,0x33,0x33,0x51,0x21,0x02,0x93,0x36,0x50,0x33,0x33,0x33,0x32,0x22,0x12,0x23,0x20,0x01,0x11,0x5a,0xa4,0x01,0x55,
 0x55,0xa4,0x43,0x95,0x02,0x22,0x22,0x10,0x24,0x11,0x26,0xa4,0x12,0x21,0x42,0xa9,0x42,0x22,0x24,0x41,0xa9,0x99,0x66,0x99,
 0x99,0xa3,0x95,0x95,0x34,0x93,0x22,0x22,0x21,0x12,0x31,0x02,0x39,0x99,0x32,0x23,0x78,0x22,0x22,0x00,0x00,0x00,0x00,0x05,
 0x22,0x23,0x33,0x11,0x02,0x11,0x11,0x11,0x11,0x11,0x11,0x11,0x11,0x11,0x12,0x21,0x18,0x11,0x11,0x11,0x21,0x10,0x11,0x11,
 0x01,0x04,0x33,0x33,0x33,0x22,0x22,0x22,0x22,0x22,0x23,0x53,0x32,0x45,0x22,0x46,0x62,0x22,0x54,0x66,0x67,0x67,0x67,0x77,
 0x72,0x22,0x01,0x91,0x00,0x22,0x24,0x11,0x92,0x22,0x01,0x24,0x12,0x2a,0x69,0x55,0x53,0x24,0x44,0x23,0x53,0x32,0x34,0x43,
 0x01,0x21,0x01,0x99,0x23,0x22,0x33,0x22,0x23,0x52,0x22,0x23,0x53,0x33,0x05,0x30,0x02,0x10,0x54,0x00,0x00,0x56,0x33,0x29,
 0x27,0x72,0x37,0x63,0x35,0x33,0x51,0x20,0x02,0x53,0x36,0x03,0x33,0x33,0x33,0x23,0x32,0x12,0x23,0x30,0x00,0x11,0x0a,0xa4,
 0x40,0x15,0x55,0x55,0x33,0x95,0x02,0x32,0x20,0x20,0x24,0x12,0x26,0xa2,0x11,0x10,0x41,0x41,0x42,0x22,0x24,0x31,0x21,0x4a,
 0x55,0xa4,0x14,0x42,0x95,0xa5,0x34,0x93,0x22,0x22,0x21,0x12,0x31,0x02,0x39,0x95,0x32,0x27,0x76,0x22,0x23,0x00,0x00,0x00,
 0x0a,0x09,0x23,0x38,0x23,0x11,0x02,0x11,0x28,0x11,0x11,0x11,0x11,0x11,0x11,0x11,0x11,0x11,0x21,0x11,0x11,0x02,0x21,0x11,
 0x21,0x11,0x01,0x04,0x33,0x33,0x33,0x22,0x22,0x22,0x22,0x22,0x22,0x35,0x32,0x29,0x33,0x49,0x22,0x22,0x33,0x66,0x67,0x77,
 0x77,0x77,0x63,0x33,0x01,0x91,0x00,0x21,0x24,0x00,0x59,0x33,0x01,0x24,0x12,0x2a,0x69,0x55,0x42,0x24,0x32,0x23,0x33,0x32,
 0x23,0x32,0x01,0x21,0x01,0x99,0x22,0x22,0x22,0x22,0x22,0x22,0x22,0x54,0x53,0x23,0x00,0x33,0x00,0x00,0x54,0x96,0x55,0x39,
 0x67,0x77,0x33,0x77,0x76,0x53,0x45,0x33,0x51,0x20,0x02,0x55,0x50,0x33,0x33,0x33,0x32,0x33,0x33,0x23,0x23,0x30,0x00,0x01,
 0x10,0x1a,0x00,0x00,0x55,0x40,0x33,0x95,0x01,0x21,0x19,0x00,0x24,0x14,0x46,0x50,0x11,0x10,0x41,0xa9,0x51,0x22,0x14,0x21,
 0x22,0x14,0xa9,0x44,0x24,0x43,0x9a,0x55,0x33,0x93,0x22,0x22,0x21,0x12,0x31,0x02,0x39,0x99,0x52,0x27,0x76,0x22,0x23,0x10,
 0x00,0x00,0x0a,0x19,0x33,0x22,0x33,0x11,0x02,0x11,0x28,0x11,0x11,0x18,0x11,0x11,0x11,0x11,0x12,0x11,0x21,0x18,0x88,0x11,
 0x12,0x11,0x31,0x11,0x01,0x04,0x33,0x33,0x33,0x22,0x22,0x22,0x22,0x22,0x22,0x55,0x32,0x29,0x32,0x22,0x22,0x35,0x35,0x29,
 0x77,0x77,0x77,0x66,0x63,0x33,0x03,0x91,0x00,0x31,0x24,0x00,0x29,0x31,0x02,0x51,0x13,0x2a,0x69,0x33,0x22,0x29,0x22,0x23,
 0x33,0x55,0x55,0x55,0x99,0x55,0x59,0x99,0x99,0x99,0x99,0x54,0x46,0x62,0x22,0x32,0x25,0x53,0x01,0x00,0x00,0x10,0x90,0x19,
 0x55,0x33,0x56,0x66,0x66,0x67,0x64,0x99,0x99,0x53,0xa1,0x21,0x02,0x59,0x13,0x33,0x33,0x33,0x33,0x33,0x33,0x32,0x33,0x33,
 0x00,0x00,0x11,0x10,0x01,0x02,0x00,0x39,0x03,0x95,0x01,0x10,0x02,0x00,0x22,0x12,0x36,0x51,0x11,0x10,0x21,0x09,0x11,0x21,
 0x24,0x20,0x22,0x14,0x56,0x9a,0x04,0x43,0x9a,0x55,0x33,0x93,0x22,0x22,0x21,0x12,0x41,0x02,0x39,0x99,0x32,0x27,0x76,0x32,
 0x23,0x30,0x00,0x00,0x00,0xa9,0x87,0x38,0x73,0x12,0x02,0x11,0x28,0x11,0x11,0x18,0x11,0x11,0x11,0x11,0x18,0x11,0x11,0x08,
 0x88,0x81,0x28,0x11,0x32,0x11,0x01,0x04,0x33,0x33,0x33,0x22,0x22,0x22,0x22,0x22,0x22,0x52,0x22,0x35,0x22,0x22,0x22,0x29,
 0x25,0x22,0x97,0x77,0x66,0x77,0x73,0x73,0x02,0x91,0x00,0x01,0x24,0x01,0x19,0x31,0x22,0x50,0x02,0x2a,0x69,0x22,0x22,0x22,
 0x22,0x53,0x30,0x22,0x11,0xa2,0x22,0x22,0x22,0x22,0x22,0x22,0x22,0x11,0x19,0x46,0x22,0x22,0x23,0x32,0x02,0x12,0x00,0x13,
 0x00,0x99,0x69,0x00,0x99,0x99,0x99,0x99,0x99,0x99,0x99,0x99,0x54,0x21,0x13,0x90,0x33,0x33,0x31,0x33,0x33,0x13,0x31,0x30,
 0x32,0x33,0x01,0x10,0x00,0x11,0x10,0x12,0x42,0x33,0x91,0x99,0x01,0x24,0x46,0x90,0x03,0x12,0x36,0x52,0x11,0x10,0x11,0x49,
 0x41,0x11,0x12,0x20,0x14,0x14,0xa9,0x44,0x03,0x42,0x5a,0x55,0x23,0x93,0x22,0x22,0x21,0x12,0x51,0x02,0x39,0x99,0x72,0x27,
 0x76,0x32,0x21,0x11,0x11,0x00,0x44,0xa5,0x4a,0x02,0x33,0x12,0x02,0x11,0x28,0x13,0x11,0x18,0x11,0x12,0x11,0x11,0x12,0x11,
 0x11,0x18,0x88,0x01,0x12,0x11,0x31,0x11,0x01,0x04,0x33,0x33,0x43,0x22,0x22,0x22,0x22,0x22,0x22,0x25,0x22,0x35,0x92,0x22,
 0x92,0x25,0x92,0x35,0x97,0x76,0x67,0x77,0x33,0x20,0x11,0x90,0x11,0x01,0x19,0x21,0x35,0x61,0x04,0x20,0x44,0x44,0x69,0x12,
 0x22,0x22,0x22,0x22,0x24,0x10,0x10,0x50,0x11,0x10,0x00,0x00,0x00,0x00,0x01,0x11,0x15,0xaa,0x52,0x22,0x22,0x22,0x02,0x22,
 0x00,0x23,0x10,0x33,0x10,0x00,0x00,0x32,0x23,0x32,0x22,0x22,0x22,0x33,0x54,0x21,0x13,0x01,0x33,0x32,0x33,0x33,0x33,0x32,
 0x23,0x30,0x53,0x33,0x20,0x11,0x00,0x10,0x00,0x23,0x50,0x33,0x93,0x99,0x01,0x02,0x06,0x40,0x03,0x12,0x36,0x52,0x11,0x10,
 0x11,0x49,0x11,0x11,0x12,0x20,0x14,0x20,0x00,0x00,0x23,0x42,0x5a,0x55,0x23,0x93,0x22,0x22,0x21,0x12,0x31,0x02,0x39,0x99,
 0x72,0x27,0x86,0x32,0x01,0x00,0x00,0x12,0x12,0xa0,0x11,0x51,0x33,0x12,0x02,0x11,0x28,0x18,0x22,0x28,0x11,0x82,0x11,0x11,
 0x13,0x11,0x21,0x21,0x20,0x11,0x21,0x11,0x11,0x11,0x01,0x04,0x33,0x33,0x53,0x22,0x22,0x22,0x22,0x22,0x22,0x55,0x22,0x25,
 0x92,0x22,0x22,0x25,0x92,0x33,0x97,0x67,0x77,0x77,0x33,0x20,0x10,0x91,0x10,0x01,0x14,0x22,0x34,0x90,0x04,0x11,0x41,0x44,
 0x69,0x91,0x22,0x22,0x22,0x22,0x2a,0x11,0x11,0xa0,0x11,0x11,0x10,0x00,0x11,0x12,0x12,0x11,0x25,0xa5,0x52,0x22,0x22,0x22,
 0x02,0x22,0x21,0x23,0x01,0x10,0x11,0x22,0x23,0x02,0x32,0x22,0x22,0x22,0x23,0x33,0x54,0x31,0x13,0x03,0x33,0x23,0x33,0x33,
 0x33,0x33,0x51,0x40,0x94,0x33,0x30,0x01,0x11,0x10,0x00,0x23,0x34,0x33,0x99,0x09,0x00,0x12,0x19,0x40,0x03,0x12,0x46,0x42,
 0x11,0x10,0x11,0x49,0x41,0x11,0x12,0x20,0x24,0x41,0xa6,0xa0,0x22,0x22,0x55,0x55,0x23,0x53,0x22,0x22,0x21,0x12,0x31,0x02,
 0x39,0x99,0x72,0x27,0x70,0x02,0x22,0x11,0x12,0x23,0x10,0x03,0x34,0xa9,0x33,0x12,0x02,0x11,0x28,0x18,0x22,0x28,0x10,0x82,
 0x11,0x11,0x10,0x11,0x18,0x11,0x11,0x10,0x01,0x13,0x11,0x11,0x01,0x04,0x33,0x33,0x53,0x22,0x22,0x22,0x22,0x22,0x22,0x25,
 0x22,0x23,0x92,0x22,0x22,0x25,0x92,0x35,0x97,0x77,0x77,0x77,0x22,0x00,0x00,0x00,0x00,0x00,0x00,0x00,0x00,0x00,0x00,0x00,
 0x00,0x00,0x00,0x00,0x22,0x22,0x22,0x22,0x14,0x11,0x15,0x10,0x18,0x81,0x88,0x82,0x13,0x31,0x22,0x11,0x9a,0xaa,0x52,0x22,
 0x22,0x22,0x01,0x21,0x22,0x13,0x09,0x40,0x11,0x10,0x33,0x15,0x99,0x99,0x95,0x59,0x99,0x99,0x54,0x31,0x13,0x33,0x32,0x33,
 0x33,0x33,0x33,0x33,0x34,0x44,0x99,0x53,0x30,0x00,0x00,0x10,0x00,0x33,0x3a,0x33,0x99,0x19,0x01,0x12,0x19,0x40,0x03,0x12,
 0x46,0x51,0x11,0x00,0x21,0x49,0x41,0x11,0x12,0x20,0x24,0x41,0xa6,0xa0,0x22,0x22,0x55,0x55,0x23,0x93,0x22,0x22,0x21,0x12,
 0x31,0x02,0x39,0x96,0x72,0x22,0x12,0x22,0x22,0x22,0x22,0x22,0x24,0x91,0x14,0xa5,0x33,0x12,0x02,0x11,0x28,0x18,0x22,0x28,
 0x10,0x82,0x82,0x11,0x11,0x31,0x71,0x11,0x11,0x21,0x17,0x31,0x11,0x11,0x01,0x04,0x33,0x33,0x33,0x22,0x22,0x22,0x33,0x22,
 0x22,0x35,0x33,0x35,0x92,0x23,0x23,0x29,0x93,0x35,0x97,0x77,0x77,0x76,0x25,0x44,0x45,0x94,0x44,0x44,0x44,0x4a,0xa5,0x55,
 0x55,0x99,0x99,0x99,0x96,0x66,0x65,0x33,0x33,0x22,0x42,0x11,0x19,0x10,0x22,0x32,0x33,0x30,0x11,0x11,0x22,0x12,0x9a,0xaa,
 0x53,0x33,0x33,0x33,0x00,0x00,0x22,0x01,0x99,0x01,0x20,0x11,0x22,0x40,0x99,0x99,0x9a,0x99,0x99,0x99,0x54,0x31,0x02,0x33,
 0x33,0x23,0x33,0x33,0x33,0x33,0x39,0x39,0x10,0x05,0x40,0x00,0x00,0x00,0x00,0x33,0x59,0x12,0x53,0x94,0x01,0x12,0x19,0xa0,
 0x01,0x24,0x49,0x91,0x01,0x25,0x30,0x24,0x10,0x23,0x12,0x20,0x24,0x31,0xa9,0xa0,0x22,0x22,0x5a,0x49,0x99,0x66,0x66,0x66,
 0x65,0x99,0x99,0x99,0x66,0x66,0x66,0x72,0x12,0x22,0x22,0x22,0x22,0x22,0x22,0x21,0x50,0x00,0x09,0x41,0x02,0x11,0x28,0x18,
 0x28,0x18,0x08,0x82,0x82,0x11,0x11,0x08,0x01,0x11,0x11,0x11,0x16,0x62,0x11,0x11,0x01,0x03,0x39,0x99,0x99,0x99,0x95,0x55,
 0x55,0x99,0x99,0x55,0x55,0x95,0x55,0x59,0x99,0x99,0x55,0xa5,0x55,0x5a,0x55,0x55,0x44,0x24,0x59,0x44,0x44,0x32,0x32,0x24,
 0x9a,0x33,0x45,0xa4,0x45,0x99,0x66,0x99,0x69,0x55,0x55,0xa4,0x41,0x11,0x15,0x01,0x88,0x83,0x88,0x81,0x77,0x21,0x21,0x22,
 0x5a,0x55,0x55,0xa5,0xa5,0xa5,0x00,0x00,0x12,0x01,0x94,0x09,0x99,0x01,0x22,0x20,0x99,0x99,0x99,0x99,0x99,0x99,0x53,0x21,
 0x02,0x33,0x33,0x23,0x33,0xa5,0x55,0x55,0x34,0x59,0x11,0x00,0x20,0x00,0x01,0x10,0x00,0x33,0x90,0x22,0x53,0x90,0x00,0x00,
 0x00,0x00,0x00,0x00,0x02,0x00,0x02,0x16,0x90,0x22,0x01,0x46,0x90,0xa1,0x14,0x31,0xa9,0xa0,0x23,0x42,0x54,0x44,0x44,0x44,
 0x44,0x44,0x44,0x44,0x44,0x44,0x4a,0x4a,0xaa,0x02,0x12,0x22,0x22,0x22,0x22,0x22,0x22,0x12,0x24,0x00,0x34,0x11,0x02,0x11,
 0x28,0x18,0x28,0x18,0x08,0x82,0x82,0x11,0x11,0x22,0x30,0x11,0x11,0x11,0x31,0x21,0x11,0x11,0x01,0x03,0x34,0x44,0x44,0x44,
 0x44,0x44,0x44,0x44,0x44,0x44,0x44,0x44,0x44,0x44,0x44,0x44,0x44,0x44,0x44,0x44,0x22,0x44,0x22,0x24,0x59,0x44,0x44,0x21,
 0x22,0x24,0x54,0x33,0x35,0xa4,0x44,0x44,0x66,0x54,0x44,0x44,0x44,0x40,0x31,0x11,0x14,0x11,0x11,0x11,0x11,0x11,0x11,0x11,
 0x22,0x22,0xaa,0x22,0x44,0x44,0x40,0x44,0x03,0x00,0x02,0x02,0x40,0x01,0x11,0x40,0x00,0x99,0x55,0x55,0x55,0x99,0x95,0x55,
 0x5a,0xa4,0x03,0x33,0x33,0x33,0x34,0x00,0x10,0x00,0xa3,0x99,0x93,0x21,0x32,0x01,0x00,0x01,0x00,0x39,0x21,0x32,0x33,0x95,
 0x4a,0x44,0x44,0x44,0x44,0x44,0x45,0xa4,0x44,0x16,0x20,0x55,0x02,0x16,0x40,0x20,0x12,0x21,0xa9,0xa0,0x12,0x22,0x44,0x41,
 0x22,0x22,0x32,0x23,0x31,0x11,0x11,0x22,0x11,0x11,0x11,0x20,0x22,0x22,0x22,0x22,0x22,0x22,0x21,0x12,0x24,0x00,0x21,0x12,
 0x02,0x11,0x28,0x08,0x28,0x18,0x02,0x82,0x82,0x11,0x18,0x01,0x11,0x18,0x83,0x21,0x11,0x11,0x12,0x11,0x01,0x04,0x33,0x11,
 0x11,0x11,0x11,0x22,0x12,0x22,0x11,0x11,0x02,0x44,0x11,0x11,0x11,0x11,0x11,0x11,0x11,0x11,0x22,0x10,0x00,0x00,0x00,0x00,
 0x00,0x00,0x00,0x00,0x00,0x00,0x00,0x00,0x00,0x00,0x00,0x00,0x00,0x00,0x01,0x11,0x21,0x12,0x51,0x11,0x11,0x10,0x01,0x10,
 0x01,0x11,0x21,0x29,0xa4,0x11,0x12,0x20,0x20,0x01,0x02,0x30,0x01,0x14,0x00,0x12,0x11,0x44,0x14,0x44,0x44,0x44,0x33,0x34,
 0x44,0x44,0x44,0x40,0x33,0x31,0x33,0x33,0x32,0x5a,0x44,0x50,0x55,0x90,0x52,0x13,0x33,0x01,0x11,0x11,0x00,0x33,0x32,0x30,
 0x25,0x49,0x14,0x44,0x44,0x44,0x44,0x44,0xaa,0x44,0x44,0x19,0x40,0xa4,0x02,0x16,0x40,0x10,0x12,0x21,0xa9,0xa0,0x12,0x22,
 0x44,0x4a,0x23,0x53,0x22,0x22,0x21,0x02,0x31,0x02,0x39,0x99,0x01,0x10,0x22,0x22,0x22,0x22,0x22,0x21,0x20,0x11,0x12,0x40,
 0x14,0x02,0x02,0x11,0x11,0x00,0x00,0x11,0x11,0x11,0x11,0x11,0x11,0x11,0x11,0x11,0x11,0x11,0x11,0x11,0x11,0x11,0x01,0x04,
 0x33,0x32,0x24,0x22,0x22,0x22,0x22,0x22,0x33,0x55,0x00,0x02,0x55,0x22,0x22,0x35,0x92,0x52,0x57,0x77,0x00,0x44,0x44,0x44,
 0x99,0x21,0x11,0x11,0x12,0x22,0x22,0x22,0x22,0x53,0x22,0x24,0x99,0x44,0x44,0x22,0x53,0x24,0x21,0x11,0x91,0x02,0x22,0x12,
 0x11,0x12,0x22,0x12,0x11,0x29,0x44,0x23,0x53,0x22,0x20,0x22,0x03,0x23,0x00,0x11,0x00,0x04,0x14,0x3a,0x99,0x44,0x44,0x44,
 0x33,0x34,0x44,0x44,0x44,0x00,0x32,0x33,0x23,0x33,0x32,0x14,0x00,0x10,0xa5,0x90,0x42,0x1a,0x33,0x01,0x11,0x11,0x11,0x33,
 0x59,0x30,0x25,0x29,0x04,0x44,0x44,0x43,0x43,0x44,0x00,0x11,0x00,0x19,0x00,0x00,0x00,0x00,0x00,0x10,0x12,0x21,0x49,0xa0,
 0x12,0x21,0x44,0x54,0x23,0x93,0x22,0x22,0x21,0x02,0x30,0x02,0x39,0x91,0x11,0x01,0x22,0x22,0x12,0x22,0x22,0x21,0x11,0x12,
 0x22,0x23,0x10,0x41,0x02,0x11,0x22,0x22,0x22,0x22,0x22,0x21,0x11,0x11,0x21,0x22,0x22,0x22,0x21,0x11,0x11,0x11,0x12,0x22,
 0x01,0x05,0x33,0x59,0x94,0x22,0x22,0x22,0x22,0x22,0x22,0x23,0x21,0x16,0x55,0x52,0x22,0x23,0x52,0x52,0x57,0x77,0x00,0x41,
 0x44,0x14,0x94,0x11,0x22,0x00,0x21,0x22,0x52,0x12,0x22,0x12,0x22,0x24,0x99,0x44,0x11,0x22,0xa3,0x03,0x21,0x22,0x50,0x03,
 0x31,0x12,0x21,0x18,0x22,0x22,0x01,0x44,0x43,0x22,0x50,0x32,0x01,0x02,0x01,0x22,0x00,0x10,0x02,0x00,0x01,0x14,0x99,0x90,
 0x00,0x00,0x00,0x00,0x00,0x00,0x00,0x03,0x32,0x23,0x23,0x33,0x32,0x0a,0x11,0xa0,0xa2,0x90,0x22,0x29,0x33,0x01,0x11,0x11,
 0x11,0x13,0x91,0x30,0x32,0x29,0x90,0x00,0x00,0x00,0x00,0x00,0x00,0x00,0x02,0x16,0x00,0x10,0x02,0x06,0x90,0x20,0x12,0x21,
 0x49,0x40,0x12,0x22,0x45,0x54,0x23,0x93,0x22,0x22,0x21,0x02,0x30,0x02,0x39,0x02,0x21,0x02,0x22,0x22,0x12,0x22,0x22,0x10,
 0x10,0x11,0x11,0x25,0x11,0x40,0x02,0x21,0x11,0x11,0x11,0x11,0x21,0x11,0x11,0x11,0x11,0x11,0x11,0x11,0x11,0x12,0x21,0x12,
 0x22,0x22,0x10,0x09,0x54,0x14,0x92,0x22,0x22,0x22,0x29,0x22,0x23,0x35,0x21,0x29,0x35,0x55,0x22,0x22,0x92,0x52,0x57,0x66,
 0x00,0x44,0x44,0x44,0x9a,0x11,0x21,0x11,0x12,0x12,0x32,0x22,0x21,0x23,0x22,0x24,0x99,0x44,0x22,0x44,0x99,0x23,0x11,0x25,
 0x40,0x11,0x11,0x01,0x11,0x22,0x21,0x22,0x11,0x95,0x42,0x22,0x03,0x21,0x21,0x03,0x00,0x00,0x00,0x10,0x02,0x01,0x20,0x14,
 0x99,0xa0,0x00,0x00,0x00,0x00,0x00,0x00,0x00,0x03,0x32,0x23,0x22,0x33,0x33,0x51,0x44,0x11,0xa3,0x50,0x22,0x30,0x93,0x21,
 0x11,0x10,0x11,0x03,0x92,0x10,0x22,0x95,0x90,0x11,0x11,0x10,0x01,0x11,0x11,0x11,0x12,0x16,0x00,0x00,0x11,0x49,0x49,0x10,
 0x12,0x21,0x49,0x40,0x12,0x22,0x45,0x54,0x23,0x53,0x22,0x22,0x21,0x02,0x31,0x02,0x30,0x11,0x10,0x02,0x22,0x22,0x22,0x22,
 0x22,0x21,0x00,0x11,0x12,0x22,0x32,0x24,0x00,0x00,0x00,0x00,0x00,0x11,0x00,0x00,0x00,0x00,0x00,0x00,0x00,0x00,0x00,0x00,
 0x11,0x11,0x00,0x10,0x00,0x14,0x01,0x49,0x92,0x22,0x22,0x22,0x23,0x22,0x22,0x33,0x21,0x29,0x33,0x35,0x22,0x23,0x52,0x52,
 0x57,0x77,0x00,0x44,0x44,0x44,0x95,0x11,0x22,0x21,0x11,0x12,0x32,0x22,0x22,0x23,0x22,0x24,0x99,0x44,0x23,0x22,0x99,0x33,
 0x11,0x25,0x20,0x28,0x20,0x23,0x31,0x88,0x21,0x22,0x01,0x94,0x42,0x22,0x33,0x20,0x11,0x12,0x00,0x00,0x00,0x10,0x01,0x00,
 0x00,0x00,0x44,0x00,0x99,0x55,0x55,0x35,0x55,0x55,0x40,0x13,0x32,0x23,0x22,0x33,0x34,0x55,0x12,0xa0,0xa3,0x50,0x12,0x33,
 0x45,0x31,0x10,0x10,0x11,0x03,0x52,0x00,0x23,0x92,0x59,0x01,0x11,0x10,0x01,0x11,0x11,0x11,0x12,0x16,0x00,0x02,0x51,0x49,
 0x95,0x60,0x11,0x12,0x49,0x40,0x01,0x22,0x55,0x53,0x23,0x93,0x12,0x22,0x20,0x02,0x30,0x01,0x10,0x11,0x10,0x01,0x22,0x21,
 0x22,0x22,0x22,0x21,0x10,0x11,0x12,0x22,0x22,0x05,0x33,0x33,0x30,0x0a,0x92,0x22,0x22,0x22,0x22,0x33,0x30,0x00,0x00,0x19,
 0x23,0x23,0x33,0x22,0x23,0x20,0x11,0x00,0x01,0x45,0x92,0x22,0x22,0x22,0x22,0x22,0x22,0x33,0x11,0x29,0x33,0x33,0x22,0x23,
 0x52,0x52,0x57,0x77,0x00,0x44,0x44,0x44,0x9a,0x11,0x22,0x21,0x12,0x12,0x32,0x22,0x22,0x23,0x22,0x24,0x99,0x44,0x24,0x43,
 0x90,0x33,0x22,0x25,0x10,0x00,0x00,0x01,0x11,0x10,0x00,0x22,0x12,0x54,0x42,0x22,0x43,0x10,0x11,0x11,0x00,0x11,0x10,0x14,
 0x10,0x42,0x00,0x00,0x40,0x01,0x11,0x54,0x35,0x55,0x02,0x33,0x30,0x33,0x33,0x23,0x22,0x23,0x34,0x00,0x00,0x00,0x53,0x50,
 0x11,0x53,0x29,0x51,0x11,0x01,0x11,0x03,0x13,0x00,0x03,0x33,0x49,0x01,0x21,0x11,0x11,0x12,0x22,0x22,0x12,0x19,0x01,0x2a,
 0x12,0x45,0x65,0xa9,0x49,0x11,0x49,0x41,0x55,0xa5,0x94,0x4a,0xaa,0x55,0x55,0x55,0x54,0xa9,0x95,0x55,0x21,0x11,0x00,0x01,
 0x22,0x21,0x12,0x21,0x22,0x11,0x10,0x00,0x11,0x11,0x21,0x22,0x09,0x94,0x22,0x43,0x55,0x99,0x99,0x99,0x99,0x99,0x51,0x10,
 0x11,0x39,0x99,0x99,0x69,0x99,0x99,0x22,0x23,0x22,0x23,0x46,0x97,0x75,0x57,0x73,0x33,0x73,0x53,0x35,0x21,0x29,0x55,0x77,
 0x55,0x75,0x95,0x53,0x95,0x57,0x00,0x44,0x44,0x44,0x94,0x11,0x22,0x21,0x12,0x22,0x32,0x22,0x22,0x23,0x22,0x24,0x99,0x44,
 0x24,0x44,0x50,0x22,0x22,0x35,0x22,0x11,0x12,0x22,0x22,0x11,0x11,0x01,0x03,0xa4,0x42,0x22,0x33,0x11,0x11,0x13,0x00,0x42,
 0x11,0x44,0x41,0x65,0x11,0x00,0x51,0x00,0x00,0x29,0x45,0x55,0x02,0x22,0x30,0x32,0x33,0x03,0x23,0x22,0x34,0x55,0xa5,0x55,
 0x32,0x51,0x02,0x53,0x31,0x90,0x11,0x11,0x11,0x04,0x13,0x00,0x22,0x33,0x59,0x90,0x22,0x21,0x11,0x11,0x11,0x11,0x12,0x24,
 0x01,0x10,0x01,0x24,0x65,0x45,0x05,0x00,0x14,0x14,0x01,0x00,0x56,0x14,0x44,0x44,0x44,0x44,0x44,0x44,0x44,0x44,0x10,0x00,
 0x00,0x00,0x00,0x00,0x00,0x00,0x02,0x21,0x00,0x00,0x01,0x11,0x21,0x22,0x04,0x42,0x22,0x55,0x34,0x44,0x44,0x01,0x00,0x00,
 0x00,0x00,0x00,0x00,0x11,0x30,0x44,0x44,0x44,0x44,0x45,0x55,0x54,0x99,0x99,0x99,0xaa,0xa9,0x99,0x99,0x99,0x95,0xaa,0x99,
 0x99,0x66,0x99,0x66,0x69,0x66,0x66,0x66,0x00,0x44,0x44,0x44,0x94,0x11,0x22,0x21,0x12,0x22,0x32,0x22,0x21,0x22,0x11,0x14,
 0x99,0x44,0x22,0x44,0x50,0x00,0x00,0x00,0x00,0x00,0x00,0x00,0x00,0x00,0x00,0x51,0x00,0x14,0x32,0x23,0x23,0x11,0x11,0x13,
 0x00,0x21,0x00,0x24,0x10,0x94,0x00,0x00,0x96,0x01,0x10,0x03,0x52,0x44,0x40,0x12,0x03,0x32,0x33,0x02,0x23,0x22,0x33,0x33,
 0x33,0x32,0x32,0x39,0x03,0x39,0x51,0x90,0x21,0x11,0x11,0x05,0x29,0x01,0x33,0x59,0x99,0x9a,0x12,0x21,0x11,0x11,0x11,0x11,
 0x10,0x14,0x01,0x54,0x00,0x2a,0x69,0x45,0x02,0x04,0xa6,0x41,0x01,0x41,0x16,0x44,0x44,0x44,0x44,0x44,0x44,0x44,0x24,0x41,
 0x53,0x3a,0xaa,0xaa,0xaa,0x44,0x44,0x44,0x91,0x11,0x12,0x00,0x10,0x11,0x11,0x22,0x04,0x42,0x22,0x96,0x64,0x44,0x41,0x55,
 0x55,0x55,0x5a,0xa5,0x55,0x95,0x22,0x25,0x14,0x44,0x43,0x44,0x44,0x44,0x44,0x44,0x44,0x44,0x44,0x44,0x44,0x44,0x44,0x44,
 0x44,0x44,0x44,0x44,0x44,0x44,0x44,0x44,0x44,0x44,0x00,0x44,0x44,0x44,0x94,0x11,0x22,0x21,0x12,0x22,0x22,0x22,0x29,0x95,
 0x59,0x99,0x99,0x99,0x99,0x99,0x99,0x99,0x99,0x69,0x99,0x96,0x69,0x99,0x99,0x69,0x99,0xa5,0x99,0x01,0x59,0x55,0x21,0x01,
 0x01,0x09,0x00,0x10,0x00,0x11,0x00,0x20,0x00,0x11,0x46,0xa0,0x10,0x01,0x32,0x22,0x20,0x01,0x03,0x32,0x13,0x10,0x23,0x33,
 0x32,0x33,0x33,0x33,0x93,0x39,0x03,0x33,0x53,0x30,0x11,0x11,0x11,0x0a,0x39,0x00,0x12,0x33,0x20,0x14,0x42,0x21,0x11,0x12,
 0x11,0x11,0x11,0x00,0x00,0x00,0x00,0x00,0x00,0x00,0x01,0x10,0x00,0x00,0x01,0x12,0x19,0x40,0x11,0x11,0x10,0x00,0x11,0x11,
 0x00,0x01,0x10,0x01,0x11,0x11,0x11,0x10,0x00,0x00,0x19,0x12,0x10,0x00,0x10,0x00,0x01,0x11,0x11,0x11,0x22,0x55,0x31,0x11,
 0x12,0x11,0x11,0x11,0x11,0x11,0x11,0x22,0x91,0x44,0x54,0x44,0x42,0x44,0x44,0x34,0x44,0x44,0x44,0x44,0x44,0x44,0x41,0x00,
 0x00,0x00,0x12,0x44,0x44,0x44,0x44,0x44,0x43,0x44,0x44,0x44,0x00,0x44,0x44,0x44,0x94,0x11,0x22,0x21,0x12,0x22,0x32,0x21,
 0x14,0x44,0x44,0x44,0x44,0x44,0x44,0x10,0x11,0x14,0x44,0x44,0x44,0x44,0x44,0x44,0x44,0x45,0x44,0x44,0x52,0x11,0x00,0x13,
 0x22,0x11,0x10,0x11,0x01,0x21,0x01,0x14,0x61,0x49,0x6a,0x11,0x29,0x60,0x10,0x01,0x22,0x22,0x20,0x01,0x03,0x32,0x20,0x20,
 0x23,0x33,0x32,0x22,0x34,0x43,0x39,0x95,0x02,0x33,0x53,0x30,0x11,0x11,0x11,0x05,0x35,0x00,0x22,0x21,0x03,0x55,0xa1,0x21,
 0x11,0x22,0x21,0x11,0x11,0x11,0x00,0x05,0x00,0x14,0x64,0xa1,0x11,0x11,0x49,0x40,0x11,0x10,0x1a,0x11,0x11,0x11,0x22,0x22,
 0x22,0x44,0x44,0x12,0x01,0x11,0x11,0x11,0x11,0x11,0x00,0x11,0x23,0x90,0x11,0x00,0x95,0xa0,0x00,0x00,0x99,0x95,0x55,0x56,
 0x69,0x95,0x10,0x11,0x11,0x10,0x11,0x11,0x11,0x01,0x90,0x01,0x11,0x11,0x11,0x11,0x11,0x11,0x11,0x21,0x11,0x11,0x22,0x22,
 0x29,0x55,0x59,0x99,0x99,0x31,0x11,0x11,0x11,0x11,0x11,0x11,0x11,0x11,0x00,0x44,0x44,0x44,0x9a,0x11,0x22,0x21,0x12,0x22,
 0x32,0x10,0x14,0x33,0x34,0x44,0x44,0x41,0x01,0x11,0x11,0x00,0x44,0x44,0x44,0x44,0x43,0x44,0x44,0x44,0x44,0x44,0xa2,0x11,
 0x10,0x13,0x22,0x11,0x10,0x10,0x01,0x11,0x01,0x14,0x64,0x15,0x6a,0x01,0x1a,0x60,0x11,0x00,0x22,0x22,0x21,0x00,0x23,0x33,
 0x22,0x00,0x23,0x33,0x33,0x32,0x22,0x23,0x33,0x59,0x02,0x22,0x32,0x30,0x01,0x11,0x11,0x04,0x32,0x02,0x22,0x13,0x33,0x23,
 0x51,0x10,0x95,0x13,0x33,0x52,0x01,0x11,0x00,0x05,0x00,0x14,0x64,0x51,0x00,0x01,0x49,0x40,0x11,0x10,0x19,0x01,0x11,0x11,
 0x11,0x12,0x22,0x42,0x12,0x02,0x21,0x11,0x11,0x11,0x01,0x10,0x01,0x11,0x12,0x90,0x11,0x00,0x11,0x22,0x22,0x23,0x22,0x10,
 0x31,0x12,0x14,0x21,0x12,0x11,0x11,0x11,0x00,0x00,0x00,0x01,0x90,0x23,0x12,0x41,0x12,0x44,0x22,0x45,0x42,0x24,0x22,0x25,
 0x55,0x54,0x32,0x11,0x11,0x11,0x11,0x54,0x55,0x54,0x35,0x55,0x55,0x33,0x44,0x44,0x00,0x44,0x44,0x44,0x9a,0x11,0x22,0x21,
 0x12,0x22,0x22,0x11,0x14,0x20,0x12,0x22,0x21,0x04,0x11,0x11,0x11,0x01,0x10,0x11,0x11,0x00,0x00,0x00,0x00,0x00,0x00,0x00,
 0x24,0x11,0x22,0x12,0x30,0x10,0x00,0x23,0x00,0x00,0x00,0x00,0x31,0x01,0x31,0x01,0x14,0x60,0x11,0x00,0x22,0x21,0x11,0x10,
 0x23,0x33,0x22,0x10,0x23,0x23,0x33,0x33,0x33,0x33,0x33,0x29,0x42,0x22,0x32,0x20,0x11,0x11,0x11,0x03,0x21,0x02,0x11,0x33,
 0x12,0x20,0x00,0x00,0x03,0x35,0x56,0x66,0x60,0x11,0x00,0x05,0x01,0x2a,0x64,0xa1,0x00,0x01,0x49,0x40,0x11,0x00,0x05,0x01,
 0x11,0x11,0x11,0x12,0x22,0x42,0x22,0x01,0x21,0x11,0x11,0x11,0x11,0x11,0x10,0x10,0x12,0x90,0x10,0x00,0x11,0x42,0x22,0x44,
 0x21,0x14,0x11,0x14,0x44,0x21,0x11,0x11,0x11,0x11,0x10,0x00,0x00,0x02,0x50,0x34,0x14,0x42,0x12,0x44,0x22,0x45,0x21,0x14,
 0x22,0x24,0x22,0x04,0x21,0x11,0x11,0x11,0x11,0x31,0x22,0x22,0x22,0x22,0x32,0x22,0x33,0x33,0x00,0x44,0x44,0x44,0x9a,0x11,
 0x22,0x21,0x12,0x22,0x22,0x11,0x14,0x10,0x12,0x22,0x20,0x51,0x11,0x11,0x10,0x00,0x11,0x03,0x33,0x21,0x12,0x42,0x24,0x44,
 0x01,0x20,0x02,0x11,0x11,0x10,0x30,0x10,0x01,0x31,0x01,0x22,0x00,0x14,0x64,0x2a,0x65,0x01,0x24,0x60,0x11,0x00,0x02,0x11,
 0x11,0x00,0x23,0x33,0x22,0x10,0x23,0x22,0x33,0x33,0x33,0x35,0x99,0x99,0x51,0x13,0x32,0x20,0x00,0x10,0x00,0x02,0x20,0x11,
 0x03,0x12,0x00,0x59,0x5a,0xaa,0x51,0x23,0x55,0x96,0x90,0x11,0x00,0x15,0x11,0x2a,0x64,0xa1,0x00,0x01,0x49,0x40,0x10,0x04,
 0x56,0x54,0x00,0x00,0x00,0x00,0x00,0x00,0x00,0x00,0x21,0x11,0x11,0x11,0x11,0x11,0x11,0x11,0x12,0x49,0x10,0x00,0x00,0x11,
 0x11,0x21,0x11,0x11,0x11,0x14,0x44,0x22,0x02,0x01,0x11,0x11,0x11,0x00,0x00,0x02,0x39,0x44,0x1a,0x42,0x12,0x44,0x32,0x45,
 0x21,0x1a,0x42,0x34,0x12,0x15,0x21,0x11,0x11,0x11,0x11,0x21,0x22,0x11,0x11,0x11,0x11,0x11,0x11,0x11,0x00,0x44,0x44,0x44,
 0x9a,0x11,0x22,0x21,0x02,0x22,0x42,0x11,0x14,0x10,0x12,0x22,0x0a,0x11,0x11,0x11,0x00,0x00,0x01,0x14,0x33,0x21,0x14,0x43,
 0x23,0x32,0x04,0x21,0x11,0x10,0x11,0x10,0x20,0x00,0x34,0x31,0x01,0x22,0x00,0x14,0x64,0x2a,0x65,0x01,0x24,0x60,0x11,0x10,
 0x02,0x11,0x11,0x12,0x22,0x22,0x20,0x00,0x03,0x32,0x33,0x33,0x33,0x32,0x00,0x00,0x40,0x12,0x22,0x20,0x00,0x00,0x00,0x22,
 0x20,0x00,0x22,0x00,0xa5,0x55,0xaa,0xaa,0xaa,0x03,0x59,0x96,0x90,0x11,0x00,0x15,0x11,0x4a,0x64,0xa1,0x00,0x11,0x49,0x40,
 0x10,0x21,0xa6,0x44,0x01,0x11,0x11,0x11,0x00,0x00,0x00,0x00,0x21,0x11,0x11,0x10,0x11,0x11,0x11,0x11,0x12,0x39,0x01,0x00,
 0x00,0x00,0x00,0x00,0x00,0x00,0x00,0x00,0x00,0x00,0x02,0x01,0x11,0x11,0x10,0x10,0x00,0x01,0x29,0x00,0x00,0x00,0x00,0x00,
 0x00,0x00,0x00,0x00,0x00,0x00,0x00,0x44,0x21,0x11,0x11,0x11,0x12,0x10,0x01,0x10,0x00,0x00,0x00,0x00,0x00,0x00,0x00,0x45,
 0x44,0x44,0x9a,0x11,0x22,0x11,0x01,0x12,0x32,0x11,0x04,0x10,0x12,0x22,0x1a,0x11,0x11,0x00,0x00,0x00,0x00,0x10,0x33,0x31,
 0x24,0x42,0x23,0x32,0x11,0x33,0x21,0x11,0x00,0x11,0x10,0x00,0x55,0x11,0x01,0x20,0x12,0x14,0x64,0x25,0x65,0x01,0x24,0x60,
 0x11,0x10,0x02,0x11,0x11,0x03,0x32,0x20,0x01,0x20,0x03,0x23,0x23,0x33,0x21,0x02,0x39,0x55,0x99,0x01,0x12,0x00,0x00,0x00,
 0x00,0x21,0x00,0x00,0x10,0x25,0x55,0x55,0xaa,0x41,0x20,0x02,0x59,0x96,0x90,0x11,0x00,0x15,0x11,0x24,0x64,0xa1,0x01,0x11,
 0x49,0x40,0x00,0x03,0x46,0x44,0x01,0x11,0x11,0x11,0x11,0x01,0x11,0x10,0x22,0x11,0x11,0x11,0x11,0x11,0x11,0x11,0x12,0x25,
 0x00,0x00,0x11,0x11,0x11,0x11,0x11,0x11,0x10,0x00,0x01,0x11,0x02,0x11,0x11,0x11,0x11,0x01,0x11,0x10,0x29,0x01,0x10,0x00,
 0x00,0x00,0x00,0x00,0x00,0x00,0x01,0x11,0x10,0x92,0x11,0x11,0x11,0x11,0x12,0x40,0x01,0x11,0x11,0x00,0x00,0x00,0x11,0x00,
 0x00,0x44,0x44,0x44,0x9a,0x11,0x22,0x11,0x02,0x22,0x42,0x10,0x04,0x10,0x22,0x22,0x44,0x01,0x10,0x00,0x00,0x00,0x00,0x00,
 0x44,0x42,0x24,0x43,0x23,0x33,0x20,0x53,0x22,0x11,0x11,0x00,0x01,0x03,0x22,0x01,0x01,0x22,0x02,0x24,0x64,0x2a,0x65,0x00,
 0x24,0xa0,0x11,0x10,0x02,0x11,0x11,0x02,0x21,0x02,0x22,0x20,0x02,0x23,0x33,0x32,0x02,0x33,0x99,0x00,0x05,0x95,0x00,0x00,
 0x00,0x00,0x00,0x10,0x00,0x00,0x03,0x55,0x55,0x55,0x55,0xaa,0xaa,0x13,0x55,0x96,0x90,0x11,0x00,0x15,0x11,0x24,0x64,0xa2,
 0x11,0x01,0x49,0x40,0x00,0x02,0x46,0x40,0x01,0x11,0x11,0x11,0x10,0x00,0x11,0x10,0x21,0x10,0x11,0x11,0x11,0x11,0x11,0x11,
 0x00,0x1a,0x40,0x01,0x00,0x00,0x01,0x11,0x11,0x11,0x10,0x00,0x00,0x11,0x02,0x11,0x11,0x11,0x10,0x01,0x11,0x11,0x29,0x11,
 0x11,0x10,0x00,0x00,0x00,0x01,0x10,0x01,0x11,0x12,0x20,0xa2,0x11,0x11,0x11,0x11,0x12,0x09,0x66,0x69,0x99,0x99,0x99,0x99,
 0x99,0x99,0x44,0x55,0x55,0x55,0x99,0x5a,0x55,0x55,0xa5,0x55,0x44,0x22,0x14,0x21,0x12,0x22,0x51,0x00,0x11,0x10,0x00,0x00,
 0x00,0x00,0x44,0x32,0x24,0x42,0x22,0x43,0x22,0x05,0x45,0x51,0x11,0x10,0x00,0x03,0x30,0x01,0x01,0x42,0x02,0x24,0x64,0x2a,
 0x65,0x00,0x24,0xa0,0x00,0x00,0x00,0x00,0x01,0x02,0x23,0x33,0x12,0x00,0x00,0x33,0x32,0x10,0x33,0x33,0x20,0x33,0x55,0x59,
 0x90,0x00,0x00,0x00,0x11,0x11,0x44,0x99,0x55,0x55,0x55,0x55,0x55,0x4a,0xa4,0x02,0x55,0x96,0x50,0x42,0x00,0x1a,0x01,0x2a,
 0x64,0xa2,0x01,0x04,0x56,0xa4,0x03,0x02,0x46,0x41,0x06,0x67,0x00,0x00,0x00,0x00,0x00,0x00,0x00,0x00,0x11,0x11,0x11,0x10,
 0x10,0x00,0x00,0x25,0x41,0x11,0x10,0x00,0x00,0x00,0x11,0x11,0x10,0x00,0x00,0x11,0x02,0x11,0x11,0x11,0x11,0x11,0x11,0x11,
 0x24,0x41,0x11,0x11,0x11,0x10,0x00,0x01,0x10,0x12,0x22,0x21,0x1a,0x12,0x11,0x11,0x11,0x11,0x22,0x02,0x22,0x21,0x11,0x11,
 0x11,0x11,0x11,0x11,0x11,0x11,0x11,0x22,0x21,0x22,0x22,0x12,0x22,0x21,0x11,0x11,0x11,0x11,0x11,0x00,0x40,0x00,0x00,0x01,
 0x00,0x00,0x00,0x00,0x99,0x99,0x99,0x99,0x99,0x99,0x99,0x50,0x31,0x11,0x01,0x11,0x00,0x32,0x31,0x11,0x01,0x42,0x11,0x44,
 0x64,0x2a,0x65,0x00,0x21,0xa0,0x24,0x40,0x1a,0x99,0x10,0x02,0x12,0x32,0x01,0x10,0x00,0x33,0x31,0x11,0x33,0x21,0x13,0x33,
 0x45,0x59,0x10,0x0a,0x59,0x99,0x95,0x55,0x55,0x55,0x55,0x55,0x55,0x55,0x55,0x5a,0x40,0x23,0x53,0x96,0x90,0x44,0x00,0x1a,
 0x00,0x4a,0x64,0xa2,0x10,0x10,0x49,0x41,0x40,0x02,0x46,0x41,0x15,0x69,0x66,0x66,0x66,0x69,0x95,0x55,0x90,0x00,0x01,0x11,
 0x11,0x11,0x00,0x01,0x10,0x22,0x40,0x11,0x10,0x00,0x00,0x00,0x00,0x22,0x20,0x00,0x01,0x11,0x12,0x11,0x11,0x11,0x11,0x11,
 0x11,0x11,0x25,0x41,0x11,0x11,0x11,0x11,0x10,0x01,0x10,0x12,0x22,0x12,0x05,0x12,0x01,0x11,0x11,0x11,0x22,0x02,0x22,0x22,
 0x21,0x11,0x11,0x11,0x11,0x11,0x11,0x11,0x11,0x11,0x11,0x11,0x11,0x11,0x11,0x11,0x10,0x01,0x12,0x11,0x11,0x11,0x19,0x20,
 0x20,0x00,0x00,0x00,0x00,0x00,0x22,0x22,0x21,0x22,0x12,0x22,0x22,0x11,0x15,0x11,0x01,0x11,0x00,0x43,0x10,0x11,0x01,0x42,
 0x11,0x44,0x64,0x2a,0x69,0x00,0x11,0xa0,0x2a,0x69,0x14,0xa9,0x90,0x00,0x12,0x20,0x12,0x20,0x00,0x23,0x22,0x23,0x32,0x01,
 0x33,0x53,0x33,0x30,0x01,0x05,0x55,0x55,0x55,0x55,0x55,0x55,0x55,0x55,0x55,0x55,0x55,0x49,0x50,0x23,0x33,0x96,0x90,0x00,
 0x00,0x1a,0x10,0x2a,0x64,0x54,0x14,0x44,0x96,0x54,0x49,0x41,0x45,0x44,0x5a,0x19,0x96,0x66,0x69,0x99,0x44,0x44,0xaa,0x56,
 0x99,0x95,0x44,0x33,0x00,0x01,0x11,0x22,0xa0,0x00,0x00,0x00,0x00,0x00,0x00,0x02,0x20,0x10,0x01,0x22,0x22,0x22,0x11,0x11,
 0x11,0x11,0x11,0x11,0x22,0x51,0x11,0x11,0x11,0x11,0x11,0x15,0x20,0x13,0x44,0x44,0x0a,0x22,0x01,0x11,0x11,0x11,0x22,0x4a,
 0x44,0xa3,0x13,0x33,0x44,0x22,0x32,0x22,0x22,0x22,0x21,0x22,0x21,0x11,0x11,0x11,0x11,0x11,0x11,0x11,0x12,0x11,0x11,0x11,
 0x11,0x20,0x11,0x00,0x00,0x00,0x00,0x02,0x11,0x11,0x11,0x11,0x11,0x11,0x11,0x11,0x01,0x23,0x12,0x11,0x00,0x21,0x01,0x10,
 0x01,0x42,0x11,0x44,0x64,0x2a,0x69,0x00,0x21,0xa0,0x2a,0x69,0x51,0x3a,0x90,0x00,0x01,0x12,0x22,0x00,0x00,0x23,0x22,0x33,
 0x21,0x02,0x33,0x33,0x33,0x30,0x11,0x05,0x55,0x55,0x55,0x55,0x55,0x55,0x55,0x55,0x55,0x55,0x55,0xa1,0x02,0x22,0x33,0x96,
 0x90,0x00,0x00,0x00,0x00,0x00,0x00,0x00,0x00,0x24,0xa6,0xa4,0x20,0x90,0x09,0x54,0x1a,0x09,0x96,0x66,0x66,0x99,0x44,0x44,
 0xaa,0x59,0x99,0x94,0x99,0x99,0x55,0x21,0x11,0x22,0xa0,0x00,0x00,0x00,0x00,0x00,0x00,0x02,0x20,0x11,0x01,0x22,0x20,0x22,
 0x11,0x11,0x11,0x11,0x10,0x00,0x12,0x50,0x11,0x11,0x11,0x11,0x11,0x14,0x10,0x13,0x44,0x44,0x14,0x11,0x11,0x11,0x11,0x11,
 0x21,0x11,0x11,0x10,0x11,0x11,0x11,0x12,0x22,0x24,0x43,0x34,0xa4,0x45,0x55,0x55,0x55,0x55,0x55,0x55,0x55,0x99,0x99,0x95,
 0x55,0x59,0x49,0x21,0x20,0x00,0x00,0x00,0x00,0x00,0x14,0x44,0x44,0x44,0x42,0x22,0x32,0x12,0x11,0x12,0x21,0x11,0x00,0x21,
 0x01,0x10,0x01,0x42,0x11,0x24,0x64,0x2a,0x65,0x00,0x22,0xa0,0x14,0x64,0x50,0x14,0x90,0x00,0x00,0x11,0x20,0x11,0x00,0x22,
 0x23,0x33,0x20,0x02,0x33,0x33,0x33,0x20,0x11,0x05,0x55,0x55,0x55,0x55,0x55,0x55,0xa5,0x55,0x55,0x55,0x5a,0xa1,0x02,0x23,
 0x53,0x97,0x50,0x99,0x02,0x41,0x12,0x2a,0x66,0x4a,0x10,0x10,0x25,0x42,0x10,0x00,0x00,0x00,0x00,0x45,0x99,0x66,0x69,0x95,
 0x54,0xa4,0x5a,0x59,0x99,0x94,0x99,0x99,0x99,0x66,0x00,0x12,0x50,0x00,0x00,0x00,0x00,0x00,0x00,0x02,0x20,0x11,0x01,0x22,
 0x20,0x21,0x11,0x10,0x11,0x11,0x00,0x00,0x12,0x90,0x11,0x11,0x11,0x11,0x10,0x15,0x55,0x55,0x59,0x99,0xa1,0x10,0x11,0x11,
 0x11,0x02,0x21,0x22,0x22,0x20,0x02,0x22,0x22,0x22,0x11,0x11,0x12,0x11,0x11,0x11,0x11,0x11,0x11,0x11,0x11,0x11,0x11,0x11,
 0x11,0x11,0x12,0x22,0x19,0x21,0x21,0x00,0x00,0x00,0x00,0x00,0x01,0x54,0x45,0x55,0x5a,0xa5,0x50,0x00,0x11,0x13,0x33,0x10,
 0x10,0x22,0x11,0x00,0x01,0x42,0x11,0x14,0x64,0x2a,0x65,0x00,0x11,0xa0,0x00,0x00,0x00,0x00,0x00,0x00,0x20,0x00,0x00,0x00,
 0x00,0x22,0x33,0x32,0x00,0x12,0x23,0x23,0x32,0x01,0x11,0x0a,0x55,0x55,0x55,0x5a,0xa4,0x44,0x00,0xa4,0x44,0xa4,0x00,0x01,
 0x00,0x01,0x32,0x32,0x09,0x99,0x01,0x11,0x01,0x14,0x99,0x22,0x04,0x22,0x24,0x22,0x10,0x44,0x4a,0xa4,0x44,0xa6,0x66,0x66,
 0x66,0x95,0xaa,0xaa,0xaa,0xa6,0x99,0x99,0x99,0x99,0x99,0x66,0x00,0x02,0x25,0x00,0x01,0x21,0x00,0x00,0x00,0x02,0x20,0x11,
 0x02,0x22,0x20,0x21,0x11,0x01,0x01,0x11,0x00,0x00,0x12,0x51,0x11,0x11,0x11,0x11,0x11,0x21,0x10,0x04,0x21,0x10,0x22,0x10,
 0x11,0x11,0x11,0x11,0x21,0x22,0x22,0x21,0x04,0x22,0x22,0x22,0x22,0x22,0x22,0x12,0x22,0x22,0x22,0x22,0x12,0x22,0x22,0x22,
 0x22,0x22,0x21,0x22,0x22,0x22,0x25,0x22,0x20,0x10,0x00,0x00,0x00,0x01,0x00,0x42,0x34,0x14,0x44,0x40,0x02,0x21,0x00,0x00,
 0x33,0x10,0x10,0x21,0x10,0x00,0x01,0x41,0x01,0x14,0x64,0x35,0x65,0x00,0x01,0x00,0x00,0x30,0x21,0x14,0xa0,0x02,0x21,0x01,
 0x00,0x00,0x00,0x02,0x22,0x22,0x00,0x22,0x22,0x22,0x20,0x00,0x11,0x0a,0xaa,0xaa,0x11,0x00,0x00,0x00,0x00,0x00,0x00,0x11,
 0x11,0x10,0x44,0x44,0x59,0x66,0x94,0x44,0x21,0x00,0x00,0x00,0x00,0x00,0x9a,0xaa,0xa6,0xaa,0xaa,0x44,0xa6,0x9a,0xaa,0x46,
 0x66,0x66,0x66,0x99,0xa4,0x44,0x54,0x59,0x69,0x59,0x96,0x66,0x69,0x9a,0x01,0x12,0x22,0x55,0x42,0x22,0x00,0x00,0x00,0x02,
 0x20,0x11,0x02,0x22,0x20,0x22,0x22,0x22,0x21,0x12,0x22,0x11,0x11,0x25,0x22,0x23,0x11,0x11,0x10,0x11,0x11,0x10,0x00,0x00,
 0x22,0x21,0x11,0x12,0x22,0x13,0x20,0x22,0x22,0x21,0x12,0x22,0x22,0x22,0x22,0x22,0x22,0x31,0x22,0x22,0x22,0x22,0x22,0x22,
 0x22,0x22,0x22,0x22,0x22,0x22,0x22,0x22,0x21,0x41,0x21,0x11,0x00,0x10,0x00,0x04,0x14,0x44,0x3a,0x24,0x4a,0x03,0x32,0x10,
 0x11,0x10,0x00,0x11,0x10,0x11,0x00,0x03,0x01,0x41,0x00,0x11,0x94,0x45,0x65,0x00,0x11,0x90,0x14,0x9a,0x41,0x14,0xa0,0x21,
 0x10,0x11,0x01,0x00,0x00,0x02,0x22,0x22,0x01,0x32,0x22,0x22,0x20,0x00,0x00,0x00,0x00,0x00,0x00,0x00,0x44,0x44,0x44,0x44,
 0xaa,0xaa,0xaa,0xaa,0x44,0x44,0x99,0x66,0x54,0x44,0x44,0x44,0x44,0x44,0x96,0xaa,0x99,0xaa,0x96,0xaa,0xaa,0x49,0x96,0x99,
 0x4a,0x99,0x96,0x66,0x69,0x9a,0xaa,0x44,0x99,0x99,0x66,0x66,0x66,0x94,0x42,0x44,0x01,0x11,0x22,0x12,0x22,0x22,0x00,0x00,
 0x00,0x02,0x20,0x11,0x02,0x22,0x20,0x12,0x11,0x11,0x11,0x11,0x11,0x11,0x12,0x22,0x22,0x22,0x21,0x11,0x10,0x12,0x21,0x11,
 0x11,0x11,0x12,0x11,0x11,0x11,0x11,0x12,0x00,0x22,0x22,0x21,0x12,0x22,0x22,0x22,0x22,0x22,0x22,0x21,0x22,0x22,0x22,0x22,
 0x22,0x22,0x22,0x22,0x22,0x22,0x22,0x22,0x23,0x22,0x22,0x91,0x20,0x22,0x00,0x10,0x00,0x00,0x04,0x44,0x44,0x44,0x40,0x22,
 0x00,0x00,0x00,0x00,0x11,0x00,0x10,0x10,0x00,0x35,0x01,0x41,0x01,0x14,0x64,0x25,0x69,0x00,0x00,0x10,0x14,0x9a,0x41,0x14,
 0xa0,0x11,0x00,0x10,0x00,0x00,0x00,0x00,0x00,0x00,0x00,0x00,0x00,0x22,0x41,0x04,0xaa,0xaa,0xa4,0x44,0x4a,0x44,0x44,0x44,
 0xaa,0xaa,0xaa,0xaa,0xa5,0x5a,0xa4,0x44,0x99,0x66,0x6a,0x99,0x44,0x5a,0x44,0x49,0x96,0xaa,0x95,0xa4,0xa6,0xa4,0xaa,0xaa,
 0xa6,0x94,0x44,0x59,0x99,0x99,0x99,0x96,0x66,0x66,0x66,0x66,0x94,0xaa,0xa4,0x42,0x15,0x94,0x01,0x11,0x12,0x12,0x21,0x31,
 0x00,0x00,0x00,0x02,0x20,0x21,0x01,0x22,0x21,0x01,0x11,0x11,0x11,0x11,0x11,0x11,0x02,0x22,0x12,0x22,0x11,0x11,0x10,0x11,
 0x10,0x11,0x11,0x11,0x22,0x10,0x11,0x11,0x11,0x12,0x00,0x22,0x22,0x21,0x12,0x22,0x22,0x22,0x22,0x22,0x34,0x22,0x10,0x00,
 0x00,0x32,0x22,0x22,0x22,0x22,0x22,0x22,0x22,0x22,0x22,0x22,0x22,0x54,0x10,0x11,0x00,0x01,0x10,0x00,0x00,0xa4,0x44,0x44,
 0x13,0x22,0x33,0x33,0x22,0x30,0x01,0x10,0x00,0x10,0x03,0x35,0x00,0x00,0x00,0x00,0x11,0x11,0x00,0x00,0x22,0x90,0x14,0x9a,
 0xa1,0x14,0x40,0x00,0x00,0x04,0x11,0x11,0x44,0x44,0x4a,0xaa,0xaa,0xaa,0xaa,0xaa,0xaa,0x44,0x44,0x4a,0xaa,0x44,0x44,0x44,
 0x44,0xaa,0xaa,0x55,0x55,0xaa,0x5a,0x4a,0xa4,0x59,0x99,0x66,0x54,0x59,0x44,0x44,0x44,0x4a,0x66,0xa4,0xaa,0x44,0xa6,0xa4,
 0xaa,0xaa,0x56,0x99,0x66,0x66,0x66,0x6a,0xaa,0xaa,0x22,0x21,0x11,0x23,0x41,0x15,0x56,0x9a,0x49,0x94,0x00,0x11,0x11,0x10,
 0x00,0x00,0x00,0x00,0x00,0x02,0x20,0x21,0x01,0x22,0x22,0x10,0x00,0x01,0x00,0x00,0x00,0x00,0x00,0x22,0x00,0x00,0x01,0x11,
 0x11,0x10,0x00,0x00,0x00,0x00,0x00,0x00,0x00,0x00,0x00,0x00,0x10,0x22,0x22,0x21,0x12,0x22,0x22,0x22,0x22,0x22,0x22,0x20,
 0x00,0x06,0x11,0x00,0x22,0x22,0x22,0x22,0x11,0x11,0x10,0x00,0x02,0x22,0x22,0x20,0x00,0x05,0x11,0x10,0x00,0x00,0x00,0x12,
 0x44,0x4a,0x00,0x00,0x13,0x31,0x33,0x31,0x12,0x01,0x00,0x00,0x13,0x23,0x01,0x11,0x00,0x11,0x94,0x15,0x6a,0x00,0x22,0x40,
 0x14,0x9a,0xa0,0x00,0x09,0x99,0xa4,0x44,0xaa,0x44,0x44,0x44,0x4a,0xaa,0xaa,0xaa,0xaa,0xaa,0xaa,0xa4,0x44,0x4a,0xaa,0x44,
 0x44,0x44,0x4a,0xaa,0xaa,0x55,0x95,0xa5,0x55,0x5a,0xa4,0x4a,0x54,0x55,0x94,0x4a,0x44,0x44,0x44,0x4a,0x96,0xa4,0x99,0x9a,
 0x56,0x66,0x66,0x96,0x66,0x66,0x65,0x5a,0x4a,0x42,0x21,0x11,0x11,0x11,0x11,0x39,0x94,0x45,0x56,0x9a,0x49,0x94,0x00,0x00,
 0x00,0x00,0x00,0x00,0x00,0x00,0x00,0x02,0x20,0x11,0x02,0x22,0x22,0x21,0x00,0x00,0x00,0x00,0x00,0x00,0x00,0x00,0x00,0x01,
 0x11,0x11,0x11,0x12,0x10,0x00,0x00,0x00,0x00,0x00,0x00,0x00,0x00,0x09,0x20,0x22,0x22,0x21,0x12,0x22,0x22,0x22,0x22,0x22,
 0x32,0x20,0x00,0x00,0x00,0x00,0x22,0x22,0x21,0x50,0x00,0x00,0x00,0x00,0x00,0x22,0x22,0x21,0x10,0x50,0x10,0x00,0x00,0x11,
 0x11,0x00,0x11,0x14,0x44,0xa4,0x00,0x10,0x33,0x12,0x33,0x21,0x00,0x00,0x33,0x14,0x01,0x11,0x01,0x24,0x64,0x1a,0x65,0x00,
 0x00,0x11,0x11,0x42,0x44,0x4a,0xa9,0x95,0x44,0x44,0x44,0x44,0x44,0x44,0x4a,0xaa,0xaa,0xaa,0xaa,0x5a,0xaa,0xaa,0xa4,0xa4,
 0xaa,0xaa,0xaa,0xaa,0xaa,0xaa,0x5a,0xaa,0x95,0xaa,0xaa,0x4a,0x44,0x44,0x59,0x66,0x94,0x99,0xa4,0xaa,0x99,0x96,0x66,0x66,
 0x66,0x6a,0xaa,0x4a,0xaa,0x11,0x11,0x14,0x5a,0x44,0x21,0x22,0x44,0x44,0x44,0x44,0x14,0xa5,0x54,0x45,0x56,0x94,0x45,0x94,
 0x00,0x00,0x00,0x11,0x22,0x00,0x00,0x00,0x00,0x02,0x20,0x21,0x02,0x22,0x22,0x22,0x21,0x22,0x11,0x00,0x00,0x00,0x10,0x12,
 0x11,0x11,0x11,0x11,0x11,0x13,0x20,0x22,0x4a,0xa0,0x00,0x00,0x04,0x44,0x41,0x19,0x20,0x22,0x22,0x21,0x12,0x22,0x22,0x22,
 0x22,0x22,0x22,0x20,0x55,0x99,0x9a,0x90,0x22,0x22,0x20,0x50,0x11,0x11,0x23,0x88,0x20,0x22,0x22,0x22,0x00,0x00,0x22,0x22,
 0x22,0x22,0x22,0x22,0x22,0x20,0x24,0x43,0x34,0x45,0x41,0xa1,0x22,0x21,0x10,0x00,0x42,0x33,0x00,0x11,0x01,0x24,0x94,0x15,
 0x60,0x04,0x4a,0x54,0x49,0x69,0x54,0x4a,0xa9,0x99,0x44,0x44,0x44,0x44,0x44,0x44,0x42,0x4a,0xaa,0x44,0x44,0xa9,0x95,0xaa,
 0xaa,0xa4,0x44,0x4a,0xa5,0x4a,0xaa,0xaa,0xaa,0xaa,0xaa,0xaa,0xaa,0xaa,0x44,0x44,0x99,0x66,0x66,0x66,0x66,0x69,0x44,0x44,
 0x4a,0xaa,0xa9,0x69,0xaa,0x32,0x11,0x11,0x11,0x2a,0xaa,0x54,0x44,0x41,0x44,0x44,0x44,0x42,0x44,0xa5,0x44,0x59,0x96,0x94,
 0x45,0x94,0x00,0x00,0x01,0x12,0x22,0x00,0x00,0x00,0x00,0x02,0x20,0x21,0x02,0x22,0x22,0x22,0x21,0x22,0x22,0x20,0x00,0x00,
 0x32,0x32,0x11,0x11,0x11,0x11,0x11,0x13,0x20,0x22,0x44,0x34,0xa0,0x00,0x05,0x55,0x41,0x19,0x20,0x22,0x22,0x21,0x12,0x22,
 0x22,0x22,0x22,0x22,0x22,0x20,0x99,0x99,0x99,0x91,0x22,0x22,0x20,0x40,0x88,0x88,0x88,0x88,0x80,0x22,0x23,0x00,0x1a,0x32,
 0x22,0x22,0x10,0x11,0x12,0x22,0x22,0x22,0x04,0x43,0x39,0x55,0x55,0x50,0x01,0x23,0x00,0x00,0x31,0x32,0x01,0x10,0x00,0x01,
 0x10,0x05,0x69,0x44,0x4a,0x94,0x49,0x65,0x44,0x4a,0x59,0x9a,0x44,0x44,0x44,0x44,0x44,0x44,0x45,0xa4,0x4a,0xaa,0x5a,0x99,
 0xa5,0xaa,0x4a,0x44,0x44,0xaa,0xaa,0xaa,0xaa,0xaa,0xaa,0xaa,0xa5,0x99,0x96,0x66,0x6a,0x44,0x4a,0x4a,0x41,0x14,0x44,0xaa,
 0x41,0x11,0x12,0x1a,0x44,0x65,0x4a,0x44,0x44,0x41,0x24,0x4a,0xaa,0x54,0x44,0x24,0x44,0x44,0x12,0x44,0x22,0xa5,0x54,0x45,
 0x96,0x9a,0x11,0x00,0x00,0x20,0x12,0x22,0x22,0x00,0x00,0x00,0x00,0x02,0x20,0x21,0x02,0x22,0x22,0x22,0x20,0x22,0x22,0x22,
 0x00,0x20,0x22,0x22,0x11,0x11,0x11,0x11,0x11,0x13,0x20,0x22,0x44,0x34,0xa0,0x00,0x05,0x35,0x42,0x19,0x20,0x22,0x22,0x21,
 0x12,0x22,0x22,0x22,0x22,0x22,0x22,0x21,0x99,0x66,0x69,0x91,0x22,0x22,0x22,0x00,0x12,0x23,0x38,0x88,0x80,0x01,0x0a,0x52,
 0x22,0x22,0x22,0x22,0x22,0x21,0x11,0x11,0x11,0x11,0x10,0x54,0x35,0x59,0x10,0x11,0x00,0x03,0x30,0x00,0x31,0x21,0x02,0x33,
 0x33,0x44,0x9a,0xa9,0x69,0x44,0x4a,0x94,0x49,0x65,0x94,0x44,0xa9,0x99,0x94,0x44,0x44,0x44,0x44,0x44,0x44,0x44,0xaa,0xaa,
 0xaa,0xaa,0xaa,0xaa,0xaa,0xa4,0x44,0x4a,0xaa,0xaa,0xa9,0x99,0x99,0xaa,0xa4,0x22,0x34,0xaa,0xa4,0x11,0x14,0x41,0x11,0x11,
 0x41,0x22,0x42,0x41,0x14,0xaa,0x49,0x99,0x44,0x44,0x44,0x44,0x44,0x44,0xaa,0x44,0x44,0x44,0x44,0x44,0x44,0x44,0x44,0xa9,
 0x54,0x4a,0x51,0x10,0x00,0x00,0x00,0x20,0x12,0x22,0x22,0x00,0x00,0x00,0x00,0x02,0x20,0x21,0x02,0x22,0x22,0x22,0x21,0x22,
 0x22,0x22,0x00,0x00,0x22,0x22,0x11,0x11,0x11,0x11,0x11,0x13,0x20,0x22,0x44,0x34,0xa0,0x12,0x05,0x4a,0x42,0x19,0x10,0x22,
 0x22,0x21,0x12,0x22,0x22,0x22,0x22,0x22,0x22,0x21,0x96,0x66,0x69,0x91,0x32,0x22,0x22,0x04,0x08,0x88,0x82,0x22,0x20,0x04,
 0x41,0x22,0x22,0x22,0x22,0x21,0x11,0x11,0x11,0x11,0x11,0x10,0x10,0x13,0x35,0x50,0x22,0x21,0x10,0x00,0x12,0x00,0x11,0x20,
 0x04,0x44,0x44,0x44,0x54,0xa9,0x69,0x44,0x44,0x54,0x49,0x69,0x9a,0x59,0x59,0x99,0x44,0x44,0x44,0x44,0x44,0x44,0x44,0x44,
 0x45,0x99,0x9a,0xaa,0xaa,0xaa,0x55,0x56,0x65,0x59,0x99,0x99,0x11,0x11,0x44,0x11,0x11,0x11,0x11,0x11,0x44,0x11,0x24,0x44,
 0x41,0x24,0x44,0x44,0x44,0x44,0x44,0x44,0x49,0x9a,0x44,0x44,0x44,0x44,0x24,0xaa,0xaa,0xa4,0x44,0x42,0x44,0x44,0x22,0x22,
 0x34,0xa0,0x00,0x00,0x00,0x12,0x22,0x00,0x01,0x40,0x12,0x22,0x22,0x00,0x00,0x00,0x00,0x02,0x20,0x21,0x02,0x22,0x22,0x22,
 0x21,0x22,0x22,0x22,0x01,0x50,0x22,0x22,0x11,0x11,0x11,0x11,0x11,0x12,0x20,0x13,0x44,0x44,0xa0,0x12,0x0a,0xaa,0x41,0x19,
 0x20,0x22,0x22,0x21,0x12,0x22,0x22,0x22,0x22,0x22,0x22,0x21,0x96,0x66,0x69,0x91,0x32,0x22,0x22,0x22,0x08,0x88,0x88,0x88,
 0x81,0x1a,0x22,0x11,0x22,0x22,0x21,0x11,0x11,0x11,0x11,0x11,0x11,0x11,0x01,0x04,0x45,0x02,0x10,0x10,0x00,0x00,0x01,0x00,
 0x11,0x00,0x04,0x44,0x44,0x44,0x9a,0xa9,0x99,0x44,0x44,0xa4,0xa9,0x69,0x9a,0xa9,0x59,0x95,0x44,0x44,0x44,0x44,0x44,0x44,
 0xaa,0x59,0x99,0x66,0x66,0x66,0x66,0x93,0x21,0x11,0x41,0x11,0x11,0x11,0x11,0x11,0x11,0x11,0x11,0x11,0x11,0x44,0x44,0x44,
 0x44,0x44,0x44,0xa4,0x44,0x44,0x44,0x44,0x2a,0x44,0x49,0x9a,0x44,0x44,0x44,0x44,0x44,0x4a,0xaa,0x54,0x44,0x44,0x44,0x41,
 0x00,0x00,0x00,0x00,0x00,0x00,0x11,0x12,0x22,0x00,0x01,0x40,0x12,0x22,0x22,0x00,0x00,0x00,0x00,0x12,0x20,0x21,0x02,0x22,
 0x22,0x22,0x21,0x22,0x22,0x22,0x01,0x90,0x22,0x22,0x11,0x11,0x11,0x11,0x21,0x12,0x20,0x23,0x44,0x44,0xa0,0x12,0x0a,0xaa,
 0x41,0x19,0x20,0x22,0x22,0x21,0x22,0x22,0x22,0x22,0x22,0x22,0x22,0x21,0x96,0x66,0x69,0x94,0x33,0x22,0x22,0x20,0x02,0x83,
 0x22,0x22,0x20,0xa2,0x22,0x21,0x22,0x22,0x11,0x11,0x11,0x11,0x11,0x11,0x11,0x11,0x11,0x04,0xa0,0x22,0x21,0x10,0x21,0x00,
 0x00,0x10,0x20,0x00,0x04,0x44,0x44,0x44,0x94,0xa9,0x69,0x44,0x4a,0x94,0x49,0x69,0x9a,0xa9,0x99,0x99,0x44,0x44,0x99,0x99,
 0x99,0x66,0x66,0x11,0x11,0x14,0x10,0x00,0x11,0x11,0x11,0x11,0x11,0x11,0x11,0x11,0x21,0x11,0x44,0x44,0x22,0x44,0x44,0x44,
 0x44,0x44,0x44,0x44,0x42,0x2a,0x44,0x44,0x21,0x44,0x4a,0x54,0x49,0x9a,0x44,0x44,0x4a,0x44,0x24,0xaa,0xa5,0x00,0x00,0x00,
 0x00,0x00,0x00,0x00,0x00,0x00,0x00,0x00,0x21,0x12,0x22,0x00,0x01,0x40,0x11,0x22,0x22,0x00,0x00,0x00,0x00,0x02,0x20,0x21,
 0x02,0x22,0x22,0x21,0x11,0x22,0x21,0x22,0x01,0x40,0x22,0x22,0x11,0x11,0x11,0x10,0x21,0x13,0x20,0x23,0x44,0x43,0xa0,0x12,
 0x0a,0xaa,0x41,0x19,0x20,0x22,0x22,0x21,0x12,0x22,0x22,0x22,0x22,0x22,0x22,0x21,0x96,0x66,0x69,0x94,0x33,0x22,0x22,0x20,
 0x21,0x88,0x82,0x88,0x2a,0x12,0x22,0x11,0x12,0x11,0x11,0x11,0x11,0x11,0x11,0x11,0x11,0x11,0x10,0x00,0x51,0x10,0x04,0x22,
 0x30,0x21,0x10,0x10,0x10,0x02,0x04,0x4a,0x44,0x44,0x94,0xa9,0x69,0x44,0x44,0x54,0x49,0x69,0x95,0x96,0x66,0x69,0x99,0x99,
 0x91,0x11,0x00,0x14,0xaa,0x11,0x11,0x11,0x10,0x00,0x11,0x11,0x11,0x12,0x21,0x11,0x44,0x44,0x44,0x11,0x44,0x44,0x32,0x44,
 0x44,0x44,0x44,0x44,0x44,0x44,0x42,0x14,0x44,0x44,0x44,0x44,0x24,0xa4,0x49,0x95,0x44,0x44,0x4a,0x10,0x00,0x00,0x00,0x00,
 0x00,0x00,0x00,0x00,0x00,0x00,0x00,0x00,0x00,0x00,0x21,0x11,0x11,0x10,0x01,0x40,0x11,0x12,0x22,0x00,0x00,0x00,0x00,0x12,
 0x20,0x11,0x01,0x21,0x12,0x21,0x11,0x12,0x21,0x22,0x02,0x90,0x21,0x22,0x11,0x11,0x11,0x10,0x21,0x12,0x20,0x23,0x44,0x44,
 0xa0,0x12,0x04,0x44,0x41,0x19,0x20,0x22,0x22,0x21,0x12,0x22,0x22,0x22,0x22,0x22,0x22,0x21,0x99,0x66,0x99,0x91,0x33,0x22,
 0x22,0x10,0x10,0x33,0x22,0x22,0x0a,0x22,0x22,0x11,0x02,0x11,0x11,0x11,0x11,0x11,0x11,0x11,0x11,0x11,0x10,0x00,0x55,0x50,
 0x90,0x22,0x02,0x22,0x10,0x10,0x10,0x12,0x04,0x44,0x44,0x44,0x94,0x49,0x69,0xaa,0xa5,0x96,0x66,0x59,0xa2,0x22,0x44,0x41,
 0x11,0x11,0x11,0x11,0x11,0x11,0x11,0x10,0x11,0x11,0x10,0x01,0x44,0x44,0x44,0x44,0x42,0x24,0x44,0x44,0x32,0x44,0x44,0x44,
 0x43,0x43,0x44,0x44,0x44,0x43,0x44,0x44,0x44,0xa4,0x44,0x44,0x44,0x44,0x25,0x52,0x00,0x00,0x00,0x00,0x00,0x00,0x00,0x00,
 0x00,0x00,0x00,0x00,0x00,0x00,0x00,0x00,0x00,0x00,0x00,0x00,0x22,0x21,0x11,0x10,0x01,0x40,0x11,0x21,0x22,0x00,0x00,0x00,
 0x21,0x22,0x20,0x11,0x01,0x22,0x22,0x11,0x12,0x22,0x21,0x22,0x01,0x50,0x22,0x22,0x11,0x21,0x11,0x11,0x21,0x14,0x20,0x23,
 0x43,0x43,0x40,0x12,0x04,0x44,0x41,0x19,0x20,0x22,0x22,0x21,0x12,0x22,0x22,0x22,0x22,0x22,0x22,0x20,0xaa,0x96,0x55,0x90,
 0x14,0x30,0x01,0x12,0x00,0x08,0x88,0x82,0x12,0x22,0x22,0x02,0x11,0x10,0x00,0x00,0x00,0x00,0x00,0x00,0x00,0x00,0x00,0x00,
 0xa5,0xaa,0x40,0x10,0x00,0x33,0x00,0x00,0x00,0x00,0x04,0x44,0x44,0x99,0x99,0x66,0x66,0x65,0x23,0x34,0x41,0x11,0x11,0x11,
 0x11,0x11,0x11,0x11,0x11,0x11,0x11,0x14,0x44,0x01,0x44,0x44,0x32,0x22,0x44,0x44,0x44,0x44,0x42,0x12,0x44,0x44,0x44,0x41,
 0x44,0x44,0x41,0x44,0x44,0x44,0x44,0x44,0x44,0x44,0x42,0xaa,0x44,0x44,0x10,0x00,0x00,0x00,0x00,0x00,0x00,0x00,0x00,0x00,
 0x00,0x00,0x00,0x00,0x00,0x00,0x00,0x00,0x00,0x00,0x00,0x00,0x04,0x40,0x11,0x00,0x00,0x00,0x00,0x30,0x00,0x00,0x00,0x00,
 0x10,0x00,0x12,0x20,0x10,0x11,0x01,0x22,0x22,0x22,0x22,0x22,0x22,0x22,0x01,0x50,0x11,0x21,0x02,0x11,0x11,0x11,0x21,0x14,
 0x20,0x24,0x34,0x43,0x40,0x12,0x04,0x33,0x21,0x14,0x20,0x22,0x22,0x11,0x12,0x22,0x22,0x22,0x22,0x22,0x22,0x20,0x14,0x4a,
 0x44,0x10,0x00,0x00,0x00,0x11,0x00,0x08,0x82,0x30,0x42,0x22,0x22,0x12,0x11,0x04,0xaa,0xaa,0xaa,0xaa,0xaa,0xaa,0xaa,0xaa,
 0xa4,0xaa,0xaa,0xa4,0x44,0xaa,0xaa,0xa0,0x05,0xaa,0xaa,0xaa,0x09,0x99,0x44,0x44,0x41,0x11,0x12,0x41,0x11,0x11,0x41,0x10,
 0x11,0x11,0x11,0x11,0x14,0x44,0x44,0x11,0x44,0x44,0x44,0x44,0x44,0x44,0x22,0x4a,0x44,0x44,0x44,0x44,0x44,0x44,0x44,0x44,
 0x44,0x44,0x44,0x44,0x44,0x44,0x44,0x44,0x41,0x44,0x44,0x00,0x00,0x00,0x00,0x00,0x00,0x00,0x00,0x00,0x00,0x00,0x00,0x00,
 0x00,0x00,0x00,0x00,0x00,0x00,0x00,0x00,0x00,0x00,0x00,0x00,0x23,0x44,0x44,0xa0,0x00,0x11,0x11,0x10,0x01,0x20,0x00,0x00,
 0x00,0x00,0x11,0x00,0x00,0x00,0x00,0x01,0x00,0x01,0x10,0x00,0x01,0x10,0x00,0x00,0x01,0x50,0x01,0x11,0x11,0x01,0x11,0x12,
 0x22,0x22,0x20,0x22,0x24,0x33,0x50,0x12,0x05,0x55,0x52,0x19,0x10,0x22,0x22,0x10,0x01,0x11,0x22,0x20,0x00,0x00,0x00,0x00,
 0x01,0x49,0x40,0x00,0x96,0x6a,0x01,0x01,0x10,0x03,0x88,0x21,0x41,0x22,0x21,0x11,0x04,0x99,0x42,0xa2,0x21,0x11,0x12,0x22,
 0x11,0x11,0x11,0x11,0x21,0x14,0x11,0x11,0x22,0x09,0x55,0x44,0x24,0x22,0x04,0x43,0x11,0x11,0x11,0x11,0x00,0x11,0x11,0x11,
 0x11,0x11,0x12,0x22,0x44,0x44,0x42,0x33,0x32,0x22,0x44,0x44,0x44,0x44,0x44,0x44,0x21,0x11,0x44,0x44,0x44,0x44,0x44,0x14,
 0x44,0x44,0x44,0x44,0x2a,0x44,0x42,0x44,0x44,0x44,0x44,0x00,0x00,0x00,0x00,0x00,0x00,0x00,0x00,0x00,0x00,0x00,0x00,0x00,
 0x00,0x00,0x00,0x00,0x00,0x00,0x00,0x00,0x00,0x00,0x00,0x00,0x24,0x10,0x44,0x44,0x44,0xa0,0x21,0x12,0x11,0x12,0x00,0x20,
 0x22,0x20,0x11,0x01,0x00,0x00,0x01,0x14,0x22,0x22,0x23,0x32,0x22,0x00,0x00,0x01,0x10,0x00,0x01,0x20,0x01,0x11,0x10,0x00,
 0x00,0x00,0x01,0x11,0x00,0x00,0x00,0x11,0x00,0x12,0x03,0x33,0x41,0x25,0x11,0xa3,0x22,0x24,0x33,0x32,0x14,0x4a,0x55,0x55,
 0x5a,0xa4,0x00,0x00,0x00,0x00,0x96,0x65,0x04,0x01,0x11,0x00,0x00,0x0a,0x22,0x22,0x11,0x10,0x99,0x42,0x11,0x22,0x22,0x11,
 0x11,0x11,0x11,0x11,0x11,0x11,0x11,0x11,0x11,0x11,0x11,0x95,0x42,0x01,0x22,0x22,0x01,0x11,0x11,0x11,0x11,0x11,0x10,0x22,
 0x20,0x02,0xa3,0x22,0x23,0x33,0x33,0x32,0x22,0x23,0x32,0x3a,0x44,0x44,0x44,0x12,0x44,0x44,0x44,0x13,0x44,0x44,0x44,0x44,
 0x44,0x44,0x44,0x44,0x44,0x44,0x24,0x00,0x00,0x00,0x00,0x00,0x00,0x00,0x00,0x00,0x00,0x00,0x00,0x00,0x00,0x00,0x00,0x00,
 0x00,0x00,0x00,0x00,0x00,0x00,0x00,0x00,0x00,0x01,0x22,0x20,0x14,0x33,0x34,0x10,0x44,0x44,0x44,0xa0,0x00,0x02,0x21,0x11,
 0x00,0x00,0x02,0x11,0x11,0x22,0x21,0x22,0x22,0x20,0x00,0x11,0x11,0x11,0x10,0x11,0x11,0x12,0x10,0x1a,0x00,0x20,0x59,0x01,
 0x11,0x10,0x10,0x00,0x11,0x11,0x10,0x00,0x01,0x10,0x01,0x21,0x01,0x11,0x10,0x03,0x10,0x11,0x11,0x11,0x12,0x21,0x04,0x45,
 0x55,0x55,0x55,0xaa,0xaa,0x96,0x90,0x90,0x96,0x6a,0x01,0x01,0x00,0x00,0x00,0x22,0x22,0x22,0x01,0x03,0x64,0x11,0x11,0x11,
 0x12,0x10,0x11,0x11,0x10,0x11,0x11,0x10,0x00,0x00,0x00,0x11,0x14,0x52,0x11,0x11,0x11,0x12,0x01,0x11,0x11,0x14,0x21,0x44,
 0x12,0x32,0x22,0x22,0xa3,0x32,0x22,0x33,0x33,0x32,0x22,0x22,0x22,0x22,0x44,0x44,0x44,0x44,0x44,0x44,0x44,0x24,0x44,0x44,
 0x44,0x44,0x44,0x24,0x44,0x42,0x00,0x00,0x00,0x00,0x00,0x00,0x00,0x00,0x00,0x00,0x00,0x00,0x00,0x00,0x00,0x00,0x00,0x00,
 0x00,0x00,0x00,0x00,0x00,0x00,0x00,0x00,0x11,0x00,0x22,0x22,0x22,0x20,0x14,0x33,0x44,0x10,0x44,0x44,0x46,0x90,0x10,0x22,
 0x22,0x22,0x11,0x11,0x21,0x11,0x22,0x11,0x11,0x11,0x11,0x10,0x00,0x00,0x00,0x00,0x00,0x11,0x00,0x11,0x21,0x00,0x00,0x10,
 0x00,0x00,0x00,0x11,0x11,0x11,0x11,0x12,0x10,0x01,0x11,0x55,0x50,0x11,0x09,0x33,0x00,0x03,0x00,0x01,0x11,0x11,0x11,0x10,
 0x00,0x00,0x00,0x00,0x24,0x33,0x59,0x96,0x90,0x40,0x96,0x6a,0x11,0x00,0x11,0x10,0x00,0xa2,0x22,0x21,0x11,0x02,0xa4,0x11,
 0x11,0x11,0x11,0x20,0x11,0x11,0x11,0x11,0x11,0x11,0x11,0x11,0x11,0x10,0x0a,0x22,0x11,0x11,0x11,0x11,0x01,0x22,0x12,0x34,
 0x31,0x44,0x13,0x33,0x32,0x24,0x42,0x22,0x14,0x23,0x33,0x32,0x23,0x32,0x22,0x23,0x44,0x44,0x44,0x44,0x44,0x44,0x42,0x34,
 0x44,0x44,0x44,0x44,0x41,0x00,0x00,0x00,0x00,0x00,0x00,0x00,0x00,0x00,0x00,0x00,0x00,0x00,0x00,0x00,0x00,0x00,0x00,0x00,
 0x00,0x00,0x00,0x00,0x00,0x00,0x01,0x00,0x03,0xa1,0x12,0x00,0x22,0x22,0x22,0x21,0x14,0x44,0x42,0x10,0x4a,0xa9,0x96,0x90,
 0x21,0x22,0x22,0x22,0x11,0x11,0x12,0x11,0x11,0x11,0x11,0x12,0x22,0x11,0x12,0x22,0x22,0x22,0x22,0x24,0x41,0x11,0x10,0x00,
 0x00,0x00,0x04,0x66,0x99,0x52,0x04,0x44,0x33,0x52,0x01,0x15,0x14,0x40,0x00,0x00,0x00,0x04,0x90,0x02,0x00,0x00,0x00,0x00,
 0x00,0x00,0x00,0x00,0x00,0x00,0x00,0x00,0x00,0x00,0x00,0x00,0x99,0x95,0x20,0x01,0x11,0x10,0x01,0x32,0x22,0x11,0x10,0x04,
 0x43,0x11,0x11,0x11,0x11,0x10,0x11,0x11,0x11,0x11,0x11,0x11,0x10,0x00,0x00,0x00,0x0a,0x22,0x11,0x11,0x11,0x11,0x03,0x32,
 0x33,0x33,0x33,0x34,0x34,0x33,0x33,0x23,0x32,0x22,0x12,0x24,0x33,0x33,0x33,0x33,0x22,0x24,0x44,0x44,0x44,0x34,0x44,0x44,
 0x32,0x24,0x00,0x10,0x00,0x00,0x00,0x00,0x00,0x00,0x00,0x00,0x00,0x00,0x00,0x00,0x00,0x00,0x00,0x00,0x00,0x00,0x00,0x00,
 0x00,0x00,0x00,0x01,0x10,0x11,0x11,0x10,0x24,0x00,0x03,0x41,0x11,0x00,0x22,0x22,0x22,0x20,0x02,0x34,0x44,0x30,0x99,0x49,
 0x96,0x90,0x11,0x00,0x04,0x41,0x95,0x55,0x99,0x99,0x99,0x69,0x66,0x6a,0x41,0x00,0x00,0x12,0x22,0x22,0x11,0x01,0x12,0x24,
 0x42,0x44,0x11,0x22,0x44,0x59,0x44,0x44,0x02,0x22,0x22,0x21,0x10,0x11,0x00,0x11,0x10,0x00,0x00,0x00,0x12,0x10,0x99,0x55,
 0x55,0xa4,0x44,0x42,0x22,0x42,0x22,0x22,0x21,0x11,0x00,0x00,0x00,0x00,0x99,0x65,0x04,0x10,0x11,0x10,0x0a,0x22,0x21,0x11,
 0x10,0x2a,0xa2,0x11,0x11,0x11,0x11,0x00,0x00,0x00,0x00,0x00,0x00,0x00,0x00,0x00,0x00,0x00,0x0a,0x21,0x11,0x11,0x11,0x11,
 0x03,0x33,0x33,0x33,0x33,0x44,0x24,0x23,0x33,0x33,0x42,0x22,0x33,0x33,0x33,0x34,0x33,0x33,0x33,0x24,0x44,0x44,0x44,0x00,
 0x00,0x00,0x00,0x00,0x00,0x00,0x00,0x00,0x00,0x00,0x00,0x00,0x00,0x00,0x00,0x00,0x00,0x00,0x00,0x00,0x00,0x00,0x00,0x00,
 0x00,0x00,0x00,0x11,0x10,0x12,0x40,0x11,0x11,0x10,0x24,0x00,0x02,0x31,0x11,0x00,0x22,0x22,0x22,0x31,0x13,0x42,0x34,0x20,
 0xa9,0x49,0x96,0x90,0x44,0x5a,0x44,0x44,0x44,0x44,0x44,0x4a,0xaa,0xaa,0x55,0x66,0x69,0xaa,0x59,0x42,0x10,0x11,0x00,0x00,
 0x00,0x00,0x00,0x00,0x00,0x10,0x00,0x31,0x00,0x00,0x01,0x11,0x11,0x21,0x00,0x25,0xaa,0x44,0x4a,0x00,0x25,0xaa,0x42,0x09,
 0x41,0x01,0x11,0x12,0x45,0x95,0xa4,0x44,0x44,0x44,0x44,0x43,0xaa,0x66,0x9a,0xaa,0x05,0x52,0x00,0x00,0x00,0x01,0x02,0x22,
 0x21,0x11,0x10,0x4a,0xa1,0x11,0x11,0x11,0x11,0x00,0x00,0x00,0x00,0x00,0x00,0x00,0x00,0x00,0x00,0x00,0x44,0x21,0x11,0x11,
 0x11,0x11,0x03,0x33,0x33,0x44,0x42,0x23,0x23,0x33,0x42,0x23,0x43,0x32,0x24,0x33,0x24,0x42,0x24,0x44,0x22,0x24,0x40,0x00,
 0x00,0x00,0x00,0x00,0x00,0x00,0x00,0x00,0x00,0x00,0x00,0x00,0x00,0x00,0x00,0x00,0x00,0x00,0x00,0x00,0x00,0x00,0x00,0x00,
 0x01,0x11,0x10,0x22,0x11,0x11,0x11,0x12,0x40,0x11,0x11,0x10,0x24,0x00,0x01,0x31,0x24,0x00,0x22,0x33,0x33,0x31,0x23,0x43,
 0x35,0x31,0x59,0x96,0x96,0x15,0x94,0xa4,0x44,0x44,0x44,0x44,0x44,0x44,0x44,0x44,0x44,0x44,0xaa,0xaa,0xaa,0xaa,0x69,0x52,
 0x21,0x11,0x11,0x22,0x11,0x11,0x00,0x00,0x00,0x11,0x11,0x00,0x00,0x11,0x11,0x11,0x10,0x00,0x00,0x11,0x22,0x00,0x12,0x22,
 0x20,0xa4,0x11,0x11,0x11,0x11,0x11,0x11,0x11,0x44,0x35,0x55,0x5a,0x53,0xaa,0x96,0x54,0x00,0x00,0x00,0x00,0x00,0x00,0x50,
 0x12,0x22,0x10,0x11,0x00,0x44,0x51,0x11,0x11,0x11,0x11,0x00,0x00,0x00,0x00,0x00,0x00,0x00,0x00,0x00,0x00,0x00,0xa5,0x21,
 0x11,0x11,0x11,0x11,0x03,0x33,0x34,0x44,0x42,0x33,0x32,0x23,0x32,0x43,0x44,0x33,0x24,0x44,0x44,0x40,0x00,0x00,0x00,0x00,
 0x00,0x00,0x00,0x00,0x00,0x00,0x00,0x00,0x00,0x00,0x00,0x00,0x00,0x00,0x00,0x00,0x00,0x00,0x00,0x00,0x00,0x00,0x00,0x00,
 0x00,0x40,0x01,0x11,0x10,0x22,0x11,0x11,0x11,0x12,0x20,0x11,0x11,0x11,0x24,0x00,0x03,0x52,0x23,0x00,0x33,0x33,0x33,0x31,
 0x24,0x44,0x35,0x43,0x99,0x96,0x90,0x21,0x1a,0x55,0x5a,0xa4,0x44,0x44,0xaa,0xa4,0x4a,0xaa,0x99,0x99,0x66,0x6a,0x66,0x66,
 0xa4,0x40,0x22,0x22,0x22,0x22,0x22,0x22,0x21,0x11,0x22,0x44,0x22,0x22,0x22,0x22,0x22,0x22,0x11,0x11,0x11,0x11,0x11,0x11,
 0x12,0x11,0x10,0xa0,0x11,0x11,0x11,0x10,0x11,0x11,0x11,0x11,0x11,0x00,0x11,0xa4,0x59,0x66,0x69,0xa2,0x4a,0x44,0x33,0x40,
 0x01,0x02,0x11,0x11,0x00,0x11,0x00,0xaa,0x21,0x11,0x11,0x11,0x11,0x00,0x00,0x00,0x00,0x00,0x00,0x00,0x00,0x00,0x00,0x00,
 0x42,0x11,0x11,0x11,0x11,0x11,0x02,0x22,0x23,0x44,0x32,0x33,0x33,0x42,0x24,0x44,0xa4,0x41,0x00,0x00,0x00,0x00,0x00,0x00,
 0x00,0x00,0x00,0x00,0x00,0x00,0x00,0x00,0x00,0x00,0x00,0x00,0x00,0x00,0x00,0x00,0x00,0x00,0x00,0x00,0x00,0x11,0x11,0x00,
 0x04,0x44,0x44,0x40,0x01,0x11,0x10,0x22,0x11,0x11,0x11,0x12,0x21,0x11,0x22,0x21,0x49,0x10,0x13,0x42,0x23,0x00,0x33,0x23,
 0x33,0x51,0x24,0x44,0x44,0x43,0x99,0x96,0x29,0x10,0x00,0x12,0x21,0x14,0x44,0x49,0x99,0x99,0x99,0x9a,0xaa,0x65,0xaa,0xaa,
 0x12,0x10,0x11,0x49,0x02,0x22,0x22,0x22,0x22,0x22,0x22,0x22,0x34,0x43,0x33,0x22,0x22,0x22,0x22,0x22,0x22,0x23,0x45,0x99,
 0x99,0x22,0x24,0x52,0x20,0x21,0x10,0x11,0x11,0x11,0x11,0x11,0x11,0x11,0x10,0x11,0x11,0x11,0x10,0x11,0x10,0xaa,0x55,0x5a,
 0xaa,0xa1,0x04,0x12,0x11,0x01,0x11,0x00,0x00,0xaa,0x21,0x11,0x11,0x11,0x10,0x00,0x00,0x00,0x00,0x00,0x00,0x00,0x00,0x00,
 0x00,0x02,0xa2,0x11,0x11,0x11,0x11,0x11,0x02,0x22,0x24,0x44,0x32,0x44,0x44,0x11,0x11,0x10,0x00,0x00,0x00,0x00,0x00,0x00,
 0x00,0x00,0x00,0x00,0x00,0x00,0x00,0x00,0x00,0x00,0x00,0x00,0x00,0x00,0x00,0x00,0x00,0x01,0x11,0x00,0x01,0x44,0x00,0x11,
 0x11,0x00,0x04,0x44,0x44,0x40,0x01,0x11,0x10,0x22,0x11,0x11,0x11,0x12,0x52,0x12,0x22,0x21,0x39,0x10,0x13,0x42,0x33,0x10,
 0x23,0x33,0x33,0x51,0x23,0x44,0x44,0x32,0x99,0x96,0x14,0x4a,0x11,0x11,0x11,0x10,0x00,0x11,0x11,0x11,0x11,0x00,0x11,0x11,
 0x11,0x11,0x10,0x14,0xaa,0x59,0x02,0x22,0x22,0x22,0x22,0x22,0x22,0x22,0x34,0x55,0x59,0x3a,0xaa,0xaa,0xa4,0x44,0x32,0x22,
 0x22,0x22,0x22,0x11,0x12,0x22,0x20,0x21,0x10,0x11,0x11,0x01,0x11,0x11,0x11,0x11,0x01,0x11,0x11,0x11,0x01,0x11,0x11,0x00,
 0x11,0x11,0x11,0x11,0x02,0x12,0x21,0x11,0x10,0x00,0x00,0xa4,0x11,0x11,0x11,0x11,0x10,0x00,0x00,0x00,0x00,0x00,0x00,0x00,
 0x00,0x00,0x00,0x04,0x12,0x11,0x11,0x11,0x11,0x10,0x04,0x43,0x33,0x30,0x00,0x00,0x00,0x00,0x00,0x00,0x00,0x00,0x00,0x00,
 0x00,0x00,0x00,0x00,0x00,0x00,0x00,0x00,0x00,0x00,0x00,0x00,0x00,0x00,0x00,0x00,0x01,0x10,0x01,0x11,0x11,0x00,0x01,0x41,
 0x00,0x11,0x11,0x00,0x04,0x44,0x44,0x40,0x01,0x11,0x10,0x22,0x22,0x22,0x21,0x1a,0xa2,0x12,0x22,0x21,0x25,0x00,0x13,0x43,
 0x33,0x11,0x33,0x33,0x33,0x31,0x23,0x43,0x3a,0x32,0x95,0x96,0x11,0x41,0x00,0x00,0x01,0x44,0x9a,0x44,0x44,0x44,0x44,0x44,
 0xa5,0x66,0x94,0x44,0x40,0x00,0x11,0x45,0x02,0x22,0x22,0x22,0x22,0x11,0x11,0x11,0x22,0x21,0x22,0x22,0x22,0x12,0x22,0x22,
 0x22,0x33,0x35,0x99,0x99,0x44,0x45,0x55,0x90,0x21,0x00,0x11,0x11,0x01,0x11,0x11,0x11,0x10,0x01,0x11,0x11,0x10,0x11,0x11,
 0x11,0x11,0x11,0x00,0x00,0x00,0x02,0x22,0x20,0x11,0x00,0x00,0x00,0x4a,0x11,0x11,0x11,0x11,0x10,0x00,0x00,0x00,0x00,0x00,
 0x00,0x00,0x00,0x00,0x00,0x0a,0x22,0x11,0x11,0x11,0x11,0x10,0x02,0x10,0x00,0x00,0x00,0x00,0x00,0x00,0x00,0x00,0x00,0x00,
 0x00,0x00,0x00,0x00,0x00,0x00,0x00,0x00,0x00,0x00,0x00,0x00,0x00,0x00,0x01,0x11,0x11,0x11,0x11,0x10,0x01,0x11,0x11,0x00,
 0x01,0x41,0x00,0x11,0x11,0x00,0x04,0x41,0x44,0xa0,0x01,0x22,0x20,0x24,0x22,0x22,0x21,0x2a,0xa2,0x22,0x22,0x21,0x45,0x10,
 0x23,0xa3,0x33,0x11,0x33,0x33,0x33,0x32,0x23,0x43,0x39,0x42,0x99,0x99,0x11,0x10,0x00,0x00,0x00,0x13,0x21,0x11,0x10,0x00,
 0x01,0x11,0x4a,0x65,0x44,0x21,0x10,0x00,0x11,0x41,0x02,0x22,0x22,0x22,0x22,0x23,0x33,0x44,0x99,0x99,0x99,0x44,0x44,0x44,
 0x44,0x34,0x44,0x4a,0x59,0x99,0x99,0xa4,0x45,0x55,0x50,0x21,0x00,0x11,0x11,0x01,0x11,0x11,0x11,0x10,0x01,0x11,0x11,0x10,
 0x11,0x11,0x11,0x11,0x00,0x0a,0x5a,0xaa,0xa0,0x12,0x11,0x10,0x00,0x00,0x04,0x4a,0x11,0x11,0x11,0x11,0x10,0x00,0x00,0x00,
 0x00,0x00,0x00,0x00,0x00,0x00,0x00,0x2a,0x22,0x11,0x11,0x11,0x11,0x11,0x00,0x00,0x00,0x00,0x00,0x00,0x00,0x00,0x00,0x00,
 0x00,0x00,0x00,0x00,0x00,0x00,0x00,0x00,0x00,0x00,0x00,0x00,0x01,0x11,0x10,0x01,0x11,0x11,0x11,0x11,0x11,0x00,0x01,0x11,
 0x11,0x00,0x01,0x41,0x00,0x11,0x11,0x00,0x04,0x40,0x34,0x50,0x02,0x22,0x21,0x24,0x22,0x22,0x21,0x2a,0xa2,0x22,0x22,0x22,
 0x45,0x11,0x23,0xa3,0x33,0x11,0x33,0x33,0x33,0x52,0x23,0x43,0x39,0x42,0x95,0x99,0x10,0x00,0x00,0x00,0x00,0x02,0x31,0x11,
 0x10,0x00,0x00,0x02,0x24,0x65,0x21,0x11,0x10,0x00,0x00,0x01,0x04,0x44,0x44,0xa4,0x44,0x44,0x44,0x44,0x59,0x99,0x95,0xa4,
 0x44,0x44,0x44,0x44,0x44,0x4a,0x59,0x99,0x99,0x44,0xa5,0x55,0x40,0x21,0x00,0x11,0x11,0x01,0x11,0x11,0x11,0x10,0x01,0x11,
 0x11,0x00,0x11,0x11,0x11,0x10,0x15,0x44,0x44,0x21,0x11,0x01,0x11,0x00,0x00,0x00,0x14,0xa2,0x11,0x11,0x11,0x11,0x10,0x00,
 0x00,0x00,0x00,0x00,0x00,0x00,0x00,0x00,0x00,0x44,0x21,0x11,0x11,0x11,0x11,0x11,0x00,0x00,0x00,0x00,0x00,0x00,0x00,0x00,
 0x00,0x00,0x00,0x00,0x00,0x00,0x00,0x00,0x00,0x00,0x00,0x00,0x11,0x11,0x11,0x11,0x10,0x01,0x21,0x11,0x11,0x11,0x11,0x10,
 0x01,0x11,0x11,0x00,0x01,0x54,0x00,0x11,0x11,0x00,0x04,0x42,0x34,0x50,0x01,0x22,0x11,0x22,0x22,0x22,0x21,0x2a,0xa2,0x22,
 0x22,0x22,0x39,0x11,0x23,0xa3,0x33,0x11,0x33,0x33,0x33,0x31,0x23,0x43,0x34,0x41,0x99,0x99,0x14,0x20,0x00,0x00,0x00,0x2a,
 0x41,0x11,0x00,0x00,0x00,0x12,0x24,0x65,0x42,0x20,0x00,0x00,0x04,0x25,0x04,0x44,0x44,0x44,0x44,0x44,0x44,0x4a,0x99,0x99,
 0x94,0x44,0x44,0x44,0x44,0x44,0x44,0x44,0x59,0x99,0x99,0x44,0x45,0x55,0x40,0x21,0x00,0x01,0x10,0x01,0x11,0x11,0x11,0x10,
 0x11,0x11,0x11,0x00,0x11,0x11,0x10,0x10,0x12,0xa1,0x00,0x00,0x00,0x00,0x00,0x00,0x00,0x00,0x4a,0xa1,0x11,0x11,0x11,0x11,
 0x00,0x00,0x00,0x00,0x00,0x00,0x00,0x00,0x00,0x00,0x00,0xa3,0x21,0x11,0x11,0x11,0x11,0x11,0x00,0x00,0x00,0x00,0x00,0x00,
 0x00,0x00,0x00,0x00,0x00,0x00,0x00,0x00,0x00,0x00,0x11,0x11,0x11,0x10,0x11,0x11,0x11,0x11,0x10,0x01,0x21,0x11,0x11,0x11,
 0x11,0x10,0x01,0x11,0x22,0x00,0x12,0xa4,0x00,0x11,0x11,0x00,0x04,0x44,0x44,0x50,0x12,0x22,0x11,0x22,0x22,0x22,0x22,0x2a,
 0xa2,0x22,0x22,0x22,0x39,0x11,0x23,0xa3,0x39,0x21,0x33,0x33,0x33,0x33,0x23,0xa3,0x39,0x31,0x99,0x99,0x14,0x20,0x00,0x00,
 0x01,0x00,0x00,0x00,0x00,0x00,0x00,0x00,0x00,0x32,0x11,0x24,0x10,0x00,0x12,0x25,0x03,0x42,0x22,0x44,0x32,0x2a,0xaa,0x49,
 0x99,0x99,0x99,0x44,0x43,0x3a,0x23,0x34,0xa2,0x22,0x59,0x99,0x99,0x32,0x22,0x22,0x11,0x21,0x00,0x01,0x10,0x21,0x11,0x11,
 0x11,0x10,0x01,0x11,0x11,0x00,0x11,0x11,0x10,0x00,0x11,0x10,0x00,0x00,0x00,0x00,0x00,0x00,0x00,0x00,0x4a,0x40,0x01,0x11,
 0x11,0x11,0x00,0x00,0x00,0x00,0x00,0x00,0x00,0x00,0x00,0x00,0x00,0x42,0x11,0x11,0x11,0x11,0x10,0x11,0x00,0x00,0x00,0x00,
 0x00,0x00,0x00,0x00,0x00,0x00,0x00,0x00,0x01,0x11,0x11,0x00,0x11,0x11,0x11,0x11,0x11,0x11,0x11,0x11,0x10,0x01,0x11,0x11,
 0x11,0x11,0x22,0x21,0x12,0x22,0x22,0x00,0x12,0xa2,0x00,0x11,0x11,0x00,0x04,0x44,0x44,0x50,0x12,0x22,0x21,0x34,0x22,0x22,
 0x22,0x29,0x92,0x12,0x22,0x22,0x49,0x11,0x23,0xa3,0x34,0x22,0x33,0x33,0x33,0x33,0x23,0xa3,0x39,0x44,0x95,0x99,0x14,0x20,
 0x00,0x00,0x01,0x14,0x41,0x11,0x10,0x00,0x01,0x21,0x4a,0x69,0x41,0x11,0x10,0x00,0x14,0x25,0x02,0x22,0x22,0x22,0x22,0x22,
 0x22,0x22,0x43,0x33,0x32,0x22,0x22,0x22,0x22,0x22,0x22,0x22,0x23,0x33,0x33,0x22,0x22,0x22,0x02,0x21,0x00,0x01,0x00,0x21,
 0x11,0x11,0x11,0x10,0x01,0x11,0x10,0x00,0x11,0x11,0x10,0x00,0x11,0x10,0x00,0x00,0x00,0x00,0x00,0x00,0x00,0x00,0x4a,0xa1,
 0x11,0x11,0x00,0x11,0x00,0x00,0x00,0x00,0x00,0x00,0x00,0x00,0x00,0x00,0x01,0xa3,0x11,0x11,0x11,0x11,0x11,0x11,0x00,0x00,
 0x00,0x00,0x00,0x00,0x00,0x00,0x00,0x11,0x00,0x02,0xa1,0x11,0x11,0x00,0x11,0x11,0x11,0x11,0x11,0x11,0x11,0x11,0x10,0x00,
 0x11,0x22,0x22,0x22,0x22,0x21,0x02,0x22,0x22,0x00,0x12,0x42,0x00,0x11,0x11,0x00,0x04,0x44,0x44,0x50,0x12,0x22,0x21,0x34,
 0x22,0x22,0x22,0x24,0x52,0x22,0x22,0x22,0x49,0x11,0x13,0xa3,0x34,0x22,0x33,0x33,0x33,0x32,0x23,0x43,0x39,0x44,0x9a,0x99,
 0x30,0x11,0x00,0x00,0x00,0x14,0x31,0x11,0x10,0x00,0x11,0x11,0x4a,0x69,0x42,0x11,0x10,0x01,0x14,0x50,0x22,0x22,0x22,0x22,
 0x22,0x22,0x22,0x22,0x43,0x43,0x32,0x22,0x22,0x22,0x22,0x22,0x22,0x23,0x33,0x55,0x55,0x22,0x22,0x22,0x04,0x11,0x00,0x01,
 0x00,0x11,0x11,0x11,0x11,0x10,0x01,0x11,0x10,0x00,0x11,0x11,0x00,0x00,0x11,0x10,0x00,0x11,0x11,0x10,0x00,0x00,0x00,0x00,
 0x44,0x21,0x11,0x11,0x11,0x11,0x00,0x00,0x00,0x00,0x00,0x00,0x00,0x00,0x00,0x00,0x04,0x22,0x11,0x11,0x11,0x11,0x10,0x00,
 0x00,0x00,0x00,0x00,0x01,0x11,0x00,0x11,0x11,0x11,0x00,0x02,0x41,0x11,0x11,0x00,0x11,0x11,0x11,0x11,0x11,0x11,0x22,0x11,
 0x20,0x02,0x22,0x22,0x22,0x22,0x22,0x21,0x12,0x40,0x22,0x00,0x13,0x42,0x00,0x11,0x11,0x00,0x04,0x44,0x44,0x50,0x12,0x22,
 0x21,0x34,0x22,0x22,0x21,0x2a,0x52,0x22,0x22,0x22,0x49,0x11,0x23,0xa3,0x34,0x22,0x53,0x33,0x33,0x32,0x23,0xa3,0x39,0x45,
 0x9a,0x99,0x99,0x00,0x00,0x00,0x01,0x1a,0x31,0x11,0x10,0x01,0x11,0x11,0x44,0x66,0x42,0x11,0x10,0x00,0x00,0x02,0x22,0x22,
 0x22,0x22,0x22,0x22,0x22,0x24,0x33,0x33,0x33,0x22,0x22,0x22,0x22,0x33,0x32,0x33,0x33,0x33,0x34,0x22,0x23,0x33,0x04,0x11,
 0x00,0x01,0x00,0x11,0x11,0x11,0x11,0x10,0x01,0x11,0x00,0x00,0x11,0x11,0x00,0x00,0x12,0x10,0x00,0x00,0x01,0x11,0x11,0x11,
 0x11,0x01,0x4a,0x21,0x11,0x11,0x11,0x11,0x00,0x00,0x00,0x00,0x00,0x00,0x00,0x00,0x00,0x00,0x0a,0x22,0x11,0x11,0x11,0x11,
 0x11,0x10,0x01,0x11,0x11,0x11,0x11,0x11,0x10,0x11,0x11,0x11,0x00,0x02,0x41,0x11,0x11,0x00,0x11,0x11,0x22,0x21,0x22,0x22,
 0x22,0x22,0x20,0x02,0x22,0x22,0x22,0x22,0x22,0x21,0x12,0x22,0x22,0x00,0x12,0x54,0x00,0x11,0x21,0x00,0x04,0x44,0x44,0x90,
 0x12,0x22,0x22,0x33,0x22,0x22,0x22,0x24,0x52,0x22,0x22,0x22,0x49,0x11,0x23,0x43,0x3a,0x22,0x33,0x33,0x33,0x22,0x13,0xa3,
 0x39,0x35,0x9a,0x99,0x99,0x60,0x20,0x00,0x00,0x00,0x00,0x00,0x00,0x00,0x00,0x00,0x00,0x00,0x00,0x00,0x00,0x11,0x22,0x22,
 0x22,0x22,0x22,0x22,0x22,0x22,0x22,0x33,0x33,0x33,0x53,0x3a,0xa4,0x43,0x4a,0xaa,0x44,0x44,0x99,0x99,0x99,0x44,0x44,0x55,
 0x0a,0x10,0x00,0x00,0x01,0x21,0x11,0x11,0x11,0x10,0x01,0x11,0x00,0x00,0x11,0x11,0x00,0x00,0x11,0x10,0x00,0x00,0x00,0x00,
 0x00,0x00,0x00,0x04,0xa4,0x01,0x11,0x11,0x11,0x10,0x00,0x00,0x00,0x00,0x00,0x00,0x00,0x00,0x00,0x00,0x34,0x11,0x11,0x11,
 0x11,0x11,0x11,0x10,0x01,0x11,0x11,0x11,0x11,0x11,0x10,0x11,0x11,0x11,0x00,0x01,0x41,0x11,0x11,0x00,0x22,0x22,0x22,0x21,
 0x22,0x22,0x22,0x22,0x20,0x02,0x22,0x22,0x22,0x22,0x22,0x21,0x12,0x22,0x22,0x00,0x12,0x94,0x00,0x11,0x11,0x00,0x04,0x44,
 0x44,0x90,0x12,0x22,0x22,0x33,0x22,0x22,0x22,0x24,0x52,0x22,0x22,0x22,0x39,0x11,0x23,0x43,0x3a,0x21,0x33,0x33,0x33,0x32,
 0x13,0xa3,0x35,0x35,0x9a,0x59,0x99,0x60,0x33,0x33,0x23,0x00,0x00,0x00,0x00,0x00,0x00,0x00,0x00,0x00,0x00,0x22,0x22,0x22,
 0x22,0x34,0x44,0x43,0x33,0x44,0x44,0xa4,0x44,0x55,0x99,0x99,0x95,0x5a,0x44,0x44,0x4a,0xaa,0xaa,0x44,0x49,0x99,0x95,0x44,
 0x43,0x44,0x0a,0x10,0x00,0x00,0x01,0x11,0x11,0x11,0x11,0x00,0x01,0x11,0x00,0x00,0x11,0x11,0x00,0x00,0x12,0x10,0x00,0x00,
 0x00,0x00,0x00,0x00,0x00,0x04,0xa2,0x11,0x11,0x11,0x10,0x10,0x00,0x00,0x00,0x00,0x00,0x00,0x00,0x00,0x00,0x00,0x44,0x21,
 0x11,0x11,0x11,0x11,0x11,0x10,0x01,0x11,0x11,0x11,0x11,0x11,0x00,0x11,0x11,0x11,0x00,0x01,0x51,0x12,0x22,0x01,0x22,0x22,
 0x22,0x21,0x22,0x22,0x22,0x22,0x21,0x02,0x22,0x22,0x22,0x22,0x22,0x21,0x12,0x22,0x22,0x00,0x12,0x53,0x00,0x11,0x11,0x00,
 0x04,0xa4,0xa4,0x90,0x12,0x22,0x22,0x33,0x22,0x22,0x22,0x2a,0x52,0x22,0x22,0x22,0x39,0x11,0x23,0x43,0x3a,0x00,0x33,0x33,
 0x33,0x32,0x13,0xa3,0x35,0x35,0x9a,0x95,0x99,0x60,0x33,0x4a,0x45,0x00,0x00,0x44,0x00,0x00,0x00,0x14,0x44,0x00,0x00,0x44,
 0x44,0x43,0x44,0xa4,0x44,0xa3,0x3a,0xaa,0xaa,0xaa,0x44,0x59,0x99,0x99,0x99,0x44,0x44,0x44,0x44,0xaa,0xaa,0xa5,0x99,0x99,
 0x99,0xaa,0x44,0x44,0x13,0x10,0x00,0x00,0x02,0x11,0x11,0x11,0x11,0x00,0x01,0x11,0x00,0x00,0x11,0x11,0x00,0x01,0x32,0x10,
 0x00,0x00,0x00,0x00,0x00,0x00,0x00,0x0a,0xa2,0x11,0x11,0x11,0x10,0x10,0x00,0x00,0x00,0x00,0x00,0x00,0x00,0x00,0x00,0x00,
 0xa4,0x21,0x11,0x11,0x11,0x11,0x00,0x10,0x01,0x11,0x11,0x11,0x11,0x11,0x10,0x11,0x11,0x21,0x10,0x1a,0x41,0x22,0x22,0x02,
 0x22,0x22,0x22,0x21,0x22,0x22,0x22,0x22,0x31,0x02,0x22,0x22,0x22,0x22,0x22,0x22,0x22,0x22,0x22,0x00,0x12,0xa5,0x00,0x22,
 0x11,0x00,0x05,0x41,0x54,0x90,0x12,0x22,0x21,0x34,0x22,0x22,0x21,0x24,0x52,0x22,0x22,0x22,0x39,0x11,0x23,0xa3,0x34,0x12,
 0x33,0x33,0x33,0x31,0x23,0x43,0x35,0x35,0x95,0x99,0x99,0x60,0x44,0x4a,0xaa,0x00,0x00,0x44,0x00,0x01,0x40,0x14,0x44,0x00,
 0x00,0x4a,0xa4,0x44,0x44,0x4a,0xa4,0x44,0x44,0x45,0x55,0x95,0x44,0x49,0x99,0x99,0x95,0x44,0x44,0x44,0x44,0x44,0x44,0xa4,
 0xa9,0x99,0x99,0xaa,0x44,0x44,0x22,0x10,0x00,0x00,0x02,0x11,0x11,0x11,0x11,0x00,0x01,0x11,0x00,0x00,0x11,0x11,0x00,0x02,
 0x22,0x10,0x00,0x00,0x00,0x00,0x00,0x00,0x00,0x44,0xa2,0x11,0x11,0x11,0x11,0x10,0x00,0x00,0x00,0x00,0x00,0x00,0x00,0x00,
 0x00,0x00,0xa4,0x11,0x11,0x11,0x11,0x11,0x11,0x00,0x01,0x11,0x11,0x11,0x11,0x11,0x00,0x12,0x44,0x22,0x00,0x14,0x42,0x22,
 0x22,0x12,0x22,0x22,0x22,0x21,0x22,0x22,0x22,0x22,0x21,0x12,0x22,0x22,0x22,0x22,0x22,0x21,0x12,0x22,0x22,0x00,0x12,0xa3,
 0x00,0x22,0x12,0x00,0x05,0x41,0x19,0x90,0x12,0x22,0x22,0x34,0x22,0x22,0x21,0x24,0x42,0x12,0x22,0x22,0x39,0x11,0x23,0xa3,
 0x34,0x12,0x33,0x33,0x33,0x31,0x23,0xa3,0x39,0x35,0x9a,0x99,0x99,0x60,0xa4,0x44,0x4a,0x00,0x00,0xaa,0x00,0x01,0x40,0x14,
 0xaa,0x00,0x00,0x44,0xaa,0x44,0x44,0x4a,0xaa,0xaa,0xaa,0x44,0xaa,0xaa,0xa4,0x99,0x99,0x99,0x9a,0x44,0xa4,0x4a,0x44,0x44,
 0x4a,0xa9,0x99,0x99,0x95,0x94,0x44,0x44,0x22,0x10,0x00,0x00,0x02,0x11,0x11,0x11,0x10,0x00,0x01,0x11,0x00,0x00,0x11,0x10,
 0x00,0x02,0x21,0x10,0x00,0x00,0x00,0x00,0x00,0x00,0x00,0x44,0x42,0x11,0x11,0x11,0x11,0x00,0x00,0x00,0x00,0x00,0x00,0x00,
 0x00,0x00,0x00,0x01,0x42,0x01,0x11,0x11,0x11,0x10,0x00,0x00,0x01,0x11,0x12,0x22,0x22,0x22,0x10,0x12,0x44,0x22,0x10,0x11,
 0x42,0x22,0x22,0x12,0x22,0x22,0x22,0x22,0x22,0x22,0x22,0x22,0x21,0x14,0x22,0x22,0x22,0x22,0x22,0x21,0x12,0x22,0x22,0x00,
 0x12,0xa3,0x00,0x22,0x22,0x00,0x05,0x44,0x4a,0x90,0x12,0x22,0x22,0x34,0x22,0x22,0x22,0x2a,0xa2,0x22,0x22,0x22,0x39,0x12,
 0x23,0x43,0x33,0x11,0x33,0x33,0x33,0x32,0x23,0xa3,0x39,0x29,0x9a,0xa9,0x99,0x60,0xaa,0xa4,0x41,0x00,0x00,0xaa,0x00,0x04,
 0x30,0x14,0xaa,0x00,0x00,0x04,0x44,0x44,0x44,0xaa,0xaa,0xaa,0xaa,0xaa,0x55,0xaa,0xa9,0x99,0x99,0x99,0x99,0x54,0x44,0xaa,
 0x44,0xaa,0xaa,0xa5,0x99,0x99,0x95,0x44,0x4a,0xa4,0x42,0x10,0x00,0x00,0x02,0x11,0x11,0x11,0x10,0x00,0x01,0x10,0x00,0x00,
 0x11,0x10,0x00,0x02,0x21,0x10,0x00,0x00,0x00,0x00,0x00,0x00,0x00,0x44,0x21,0x11,0x11,0x11,0x01,0x00,0x00,0x00,0x00,0x00,
 0x00,0x00,0x00,0x00,0x00,0x04,0x32,0x11,0x11,0x11,0x11,0x11,0x10,0x00,0x02,0x22,0x22,0x22,0x22,0x22,0x11,0x22,0x22,0x22,
 0x00,0x14,0x42,0x22,0x22,0x12,0x22,0x22,0x22,0x22,0x22,0x22,0x22,0x22,0x21,0x13,0x22,0x22,0x22,0x22,0x22,0x22,0x22,0x22,
 0x22,0x00,0x12,0xa4,0x00,0x22,0x11,0x00,0x05,0x44,0x44,0x90,0x12,0x22,0x21,0x34,0x22,0x22,0x22,0x24,0x92,0x22,0x22,0x21,
 0x49,0x11,0x23,0xa3,0x33,0x22,0x33,0x33,0x33,0x32,0x23,0x43,0x39,0x29,0x95,0xa9,0x99,0x60,0xa4,0x44,0x40,0x00,0x01,0xaa,
 0x00,0x04,0x30,0x14,0x44,0x00,0x00,0x04,0x44,0x44,0x4a,0xaa,0x44,0x4a,0xaa,0xaa,0x55,0x95,0x99,0x99,0x59,0x99,0x5a,0xa4,
 0x44,0x4a,0xa4,0xaa,0xaa,0xaa,0x99,0x99,0x99,0x44,0x4a,0xa4,0x32,0x00,0x00,0x00,0x02,0x11,0x11,0x11,0x10,0x00,0x01,0x00,
 0x00,0x00,0x11,0x00,0x00,0x02,0x21,0x00,0x00,0x00,0x00,0x00,0x00,0x00,0x01,0x44,0x21,0x11,0x11,0x11,0x10,0x00,0x00,0x00,
 0x00,0x00,0x00,0x00,0x00,0x00,0x00,0x0a,0x32,0x11,0x11,0x11,0x11,0x11,0x10,0x00,0x02,0x22,0x22,0x22,0x22,0x22,0x21,0x22,
 0x22,0x22,0x00,0x14,0x42,0x22,0x22,0x12,0x22,0x22,0x22,0x22,0x22,0x22,0x22,0x22,0x21,0x13,0x22,0x22,0x22,0x22,0x22,0x22,
 0x22,0x22,0x22,0x00,0x12,0xa4,0x00,0x22,0x22,0x00,0x0a,0x44,0x44,0x90,0x12,0x22,0x22,0x33,0x22,0x22,0x22,0x24,0x32,0x22,
 0x22,0x22,0x49,0x11,0x12,0xa3,0x33,0x22,0x33,0x33,0x33,0x32,0x23,0xa3,0x39,0x29,0x95,0xa9,0x99,0x60,0xaa,0xa4,0xa0,0x00,
 0x01,0x44,0x00,0x04,0x30,0x14,0x44,0x00,0x01,0x0a,0xa4,0x44,0x44,0x44,0x4a,0xaa,0x4a,0xaa,0x55,0xaa,0x54,0x99,0x99,0x99,
 0x9a,0xaa,0xa4,0x4a,0xaa,0xaa,0x44,0x59,0x99,0x99,0x99,0x44,0x44,0x44,0x32,0x00,0x00,0x00,0x02,0x11,0x11,0x11,0x10,0x00,
 0x01,0x00,0x00,0x00,0x11,0x00,0x00,0x02,0x21,0x00,0x00,0x00,0x00,0x00,0x00,0x00,0x04,0x44,0x21,0x11,0x11,0x11,0x10,0x00,
 0x00,0x00,0x00,0x00,0x00,0x00,0x00,0x00,0x00,0x0a,0x21,0x11,0x11,0x11,0x11,0x10,0x00,0x00,0x02,0x22,0x22,0x22,0x22,0x22,
 0x21,0x22,0x22,0x22,0x10,0x13,0x42,0x22,0x22,0x12,0x22,0x22,0x22,0x22,0x22,0x22,0x22,0x22,0x21,0x13,0x22,0x22,0x22,0x22,
 0x22,0x22,0x22,0x22,0x22,0x00,0x11,0xa3,0x00,0x22,0x22,0x00,0x05,0x44,0x44,0x50,0x12,0x22,0x22,0x33,0x22,0x22,0x21,0x24,
 0x32,0x22,0x22,0x21,0x45,0x11,0x12,0xa3,0x33,0x22,0x33,0x33,0x33,0x31,0x23,0xa3,0x35,0x29,0x95,0xa9,0x99,0x60,0x22,0x23,
 0x30,0x00,0x02,0x33,0x00,0x04,0x30,0x13,0x33,0x10,0x01,0x03,0x44,0xaa,0xa4,0xa4,0x33,0x33,0x43,0x44,0x33,0xaa,0x45,0x99,
 0x99,0x99,0x94,0xa4,0x44,0x44,0xaa,0xaa,0x44,0x59,0x99,0x99,0x95,0x54,0x33,0x32,0x31,0x00,0x00,0x00,0x11,0x11,0x11,0x11,
 0x00,0x00,0x01,0x10,0x00,0x00,0x10,0x00,0x00,0x02,0x21,0x00,0x00,0x00,0x00,0x00,0x00,0x00,0x04,0xa4,0x11,0x11,0x11,0x11,
 0x10,0x00,0x00,0x00,0x00,0x00,0x00,0x00,0x00,0x00,0x00,0x1a,0x20,0x11,0x11,0x11,0x11,0x11,0x00,0x00,0x00,0x00,0x00,0x00,
 0x00,0x01,0x00,0x00,0x00,0x00,0x00,0x00,0x10,0x00,0x00,0x00,0x00,0x00,0x00,0x00,0x00,0x00,0x00,0x00,0x00,0x00,0x00,0x00,
 0x00,0x00,0x00,0x00,0x01,0x00,0x10,0x00,0x00,0x00,0x00,0x00,0x00,0x00,0x10,0x00,0x00,0x00,0x00,0x11,0x11,0x11,0x10,0x00,
 0x00,0x00,0x00,0x01,0x10,0x00,0x11,0x10,0x00,0x00,0x00,0x00,0x01,0x11,0x11,0x10,0x11,0x11,0x11,0x00,0x11,0x11,0x10,0x10,
 0x01,0x11,0x10,0x00,0x00,0x00,0x00,0x00,0x00,0x00,0x00,0x00,0x00,0x00,0x00,0x01,0x11,0x00,0x00,0x01,0x10,0x11,0x10,0x00,
 0x00,0x01,0x11,0x11,0x11,0x00,0x11,0x11,0x11,0x00,0x11,0x11,0x11,0x00,0x00,0x11,0x11,0x00,0x00,0x00,0x00,0x00,0x00,0x00,
 0x00,0x00,0x00,0x00,0x00,0x00,0x00,0x00,0x00,0x00,0x00,0x00,0x00,0x00,0x00,0x00,0x00,0x00,0x00,0x00,0x00,0x10,0x00,0x00,
 0x00,0x00,0x00,0x00,0x00,0x00,0x00,0x00,0x00,0x00,0x00,0x00,0x00,0x00,0x00,0x00,0x00,0x00,0x00,0x00,0x00,0x00,0x00,0x00,
 0x00,0x00,0x00,0x00,0x00,0x00,0x00,0x00,0x00,0x00,0x00,0x00,0x00,0x00,0x00,0x00,0x00,0x00,0x00,0x00,0x00,0x00,0x00,0x00,
 0x00,0x00,0x00,0x00,0x00,0x00,0x00,0x00,0x00,0x00,0x00,0x00,0x00,0x00,0x00,0x00,0x00,0x00,0x00,0x00,0x00,0x00,0x00,0x00,
 0x00,0x00,0x00,0x00,0x00,0x00,0x00,0x00,0x00,0x00,0x00,0x00,0x00,0x00,0x00,0x00,0x00,0x00,0x00,0x00,0x00,0x00,0x00,0x00,
 0x00,0x00,0x00,0x00,0x00,0x00,0x00,0x00,0x00,0x00,0x00,0x00,0x00,0x00,0x00,0x00,0x00,0x00,0x00,0x00,0x00,0x00,0x00,0x00,
 0x00,0x00,0x00,0x00,0x00,0x00,0x00,0x00,0x00,0x00,0x00,0x00,0x00,0x00,0x00,0x00,0x00,0x00,0x00,0x00,0x00,0x00,0x00,0x00,
 0x00,0x00,0x00,0x00,0x00,0x00,0x00,0x00,0x00,0x00,0x00,0x00,0x00,0x00,0x00,0x00,0x00,0x00,0x00,0x00,0x00,0x00,0x00,0x00,
 0x00,0x00,0x00,0x00,0x00,0x00,0x00,0x00,0x00,0x00,0x00,0x00,0x00,0x00,0x00,0x00,0x00,0x00,0x00,0x00,0x00,0x00,0x00,0x00,
};
