/* Generated by tools/bake-intro-art.ps1; authored main-menu plate in ARGB1555. */
#ifndef ELITE_INTRO_ART_H
#define ELITE_INTRO_ART_H
#include <stdint.h>
#define INTRO_BACKDROP_W 480
#define INTRO_BACKDROP_H 272
static const uint16_t intro_backdrop[130560]={
  0x8002,0x8002,0x8002,0x8002,0x8002,0x8002,0x8002,0x8002,0x8002,0x8002,0x8002,0x8002,0x8002,0x8002,0x8002,0x8002,
  0x8002,0x8002,0x8002,0x8002,0x8002,0x8002,0x8002,0x8002,0x8002,0x8002,0x8002,0x8001,0x8001,0x8002,0x8001,0x8002,
  0x8002,0x8002,0x8001,0x8002,0x8002,0x8002,0x8002,0x8002,0x8002,0x8002,0x8002,0x8002,0x8002,0x8002,0x8002,0x8002,
  0x8002,0x8002,0x8002,0x8002,0x8002,0x8002,0x8002,0x8002,0x8002,0x8002,0x8002,0x8002,0x8002,0x8002,0x8002,0x8002,
  0x8002,0x8002,0x8002,0x8002,0x8002,0x8002,0x8002,0x8002,0x8002,0x8002,0x8002,0x8002,0x8002,0x8002,0x8002,0x8002,
  0x8002,0x8002,0x8002,0x8002,0x8002,0x8002,0x8002,0x8002,0x8002,0x8002,0x8002,0x8002,0x8002,0x8002,0x8002,0x8002,
  0x8002,0x8002,0x8002,0x8002,0x8002,0x8023,0x8003,0x8002,0x8002,0x8002,0x8022,0x8003,0x8002,0x8002,0x8002,0x8002,
  0x8002,0x8002,0x8002,0x8002,0x8002,0x8002,0x8002,0x8002,0x8002,0x8002,0x8002,0x8002,0x8002,0x8002,0x8002,0x8002,
  0x8002,0x8002,0x8002,0x8002,0x8002,0x8002,0x8002,0x8002,0x8002,0x8002,0x8002,0x8002,0x8002,0x8002,0x8002,0x8002,
  0x8002,0x8002,0x8002,0x8002,0x8002,0x8002,0x8002,0x8002,0x8002,0x8002,0x8002,0x8002,0x8002,0x8002,0x8002,0x8002,
  0x8002,0x8002,0x8002,0x8002,0x8002,0x8002,0x8002,0x8002,0x8002,0x8002,0x8002,0x8002,0x8002,0x8002,0x8002,0x8002,
  0x8002,0x8002,0x8002,0x8002,0x8002,0x8002,0x8002,0x8002,0x8002,0x8002,0x8002,0x8002,0x8002,0x8003,0x8003,0x8002,
  0x8002,0x8002,0x8002,0x8002,0x8002,0x8002,0x8002,0x8002,0x8002,0x8002,0x8002,0x8002,0x8002,0x8002,0x8002,0x8002,
  0x8002,0x8002,0x8022,0x8002,0x8002,0x8002,0x8002,0x8002,0x8002,0x8002,0x8002,0x8002,0x8002,0x8002,0x8002,0x8002,
  0x8002,0x8002,0x8002,0x8002,0x8002,0x8002,0x8002,0x8022,0x8002,0x8022,0x8002,0x8002,0x8002,0x8002,0x8002,0x8002,
  0x8002,0x8002,0x8002,0x8002,0x8002,0x8002,0x8002,0x8002,0x8002,0x8002,0x8002,0x8002,0x8002,0x8002,0x8002,0x8002,
  0x8002,0x8002,0x8002,0x8002,0x8002,0x8002,0x8002,0x8002,0x8002,0x8002,0x8002,0x8002,0x8002,0x8002,0x8002,0x8022,
  0x8002,0x8002,0x8002,0x8002,0x8002,0x8002,0x8002,0x8002,0x8002,0x8002,0x8002,0x8002,0x8002,0x8002,0x8002,0x8002,
  0x8002,0x8002,0x8002,0x8002,0x8002,0x8002,0x8002,0x8002,0x8002,0x8022,0x8022,0x8024,0x8023,0x8023,0x8023,0x8002,
  0x8002,0x8022,0x8022,0x8002,0x8002,0x8002,0x8002,0x8002,0x8002,0x8002,0x8002,0x8002,0x8002,0x8002,0x8002,0x8002,
  0x8069,0x80CB,0x8002,0x8002,0x8002,0x8002,0x8002,0x8002,0x8002,0x8002,0x8002,0x8002,0x8002,0x8002,0x8002,0x8002,
  0x8002,0x8002,0x8002,0x8002,0x8002,0x8002,0x8002,0x8002,0x8002,0x8002,0x8002,0x8002,0x8002,0x8002,0x8002,0x8002,
  0x8002,0x8002,0x8002,0x8002,0x8002,0x8002,0x8022,0x8002,0x8002,0x8002,0x8002,0x8002,0x8002,0x8002,0x8002,0x8002,
  0x8002,0x8002,0x8002,0x8002,0x8002,0x8002,0x8002,0x8002,0x8002,0x8002,0x8022,0x8002,0x8002,0x8002,0x8002,0x8002,
  0x8002,0x8002,0x8002,0x8002,0x8003,0x8002,0x8002,0x8002,0x8002,0x8002,0x8002,0x8002,0x8002,0x8002,0x8002,0x8002,
  0x8002,0x8002,0x8002,0x8002,0x8002,0x8002,0x8002,0x8002,0x8022,0x8022,0xA109,0xFB99,0xB298,0x9DD2,0x8001,0x8021,
  0xA98E,0xCA95,0x994D,0x8886,0x8022,0x8002,0x8CC9,0x8044,0x8002,0x8002,0x8002,0x8002,0x8002,0x8002,0x8002,0x8002,
  0x8002,0x8002,0x8002,0x8002,0x8002,0x8002,0x8002,0x8002,0x8002,0x8002,0x8002,0x8002,0x8023,0x8023,0x8023,0x8002,
  0x8002,0x8002,0x8002,0x8002,0x8002,0x8002,0x8021,0xDAF8,0x8000,0xFEA8,0x8000,0x8001,0x8002,0x8002,0x8002,0x8002,
  0x8002,0x8002,0x8002,0x8002,0x8002,0x8002,0x8002,0x8002,0x8002,0x8002,0x8002,0x8002,0x8002,0x8002,0x8002,0x8002,
  0x8002,0x8002,0x8002,0x8002,0x8002,0x8002,0x8002,0x8002,0x8002,0x8002,0x8002,0x8002,0x8002,0x8002,0x8002,0x8022,
  0x8022,0x8023,0x8023,0x8023,0x8023,0x8002,0x8002,0x8002,0x8002,0x8002,0x8002,0x8002,0x8002,0x8001,0x8001,0x8002,
  0x8002,0x8002,0x8002,0x8002,0x8002,0x8002,0x8002,0x8002,0x8002,0x8002,0x8002,0x8002,0x8002,0x8002,0x8002,0x8002,
  0x8002,0x8002,0x8002,0x8002,0x8002,0x8002,0x8002,0x8002,0x8002,0x8002,0x8022,0x8002,0x8002,0x8002,0x8002,0x8002,
  0x8002,0x8002,0x8002,0x8002,0x8002,0x8002,0x8002,0x8002,0x8002,0x8002,0x8002,0x8002,0x8002,0x8002,0x8002,0x8002,
  0x8002,0x8002,0x8022,0x8022,0x8022,0x8002,0x8002,0x8002,0x8002,0x8002,0x8002,0x8002,0x8002,0x8002,0x8002,0x8002,
  0x8002,0x8002,0x8002,0x8002,0x8001,0x861A,0x8002,0x8002,0x8022,0x8023,0x8066,0x8023,0x8002,0x8002,0x8002,0x8002,
  0x8002,0x8002,0x8002,0x8002,0x8002,0x8002,0x8002,0x8002,0x8002,0x8002,0x8002,0x8002,0x8002,0x8002,0x8002,0x8002,
  0x8002,0x8002,0x8002,0x8002,0x8002,0x8002,0x8002,0x8002,0x8002,0x8002,0x8002,0x8002,0x8002,0x8002,0x8002,0x8002,
  0x8002,0x8002,0x8002,0x8002,0x8002,0x8002,0x8002,0x8002,0x8002,0x8002,0x8002,0x8002,0x8002,0x8002,0x8002,0x8002,
  0x8002,0x8002,0x8002,0x8002,0x8002,0x8002,0x8002,0x8002,0x8002,0x8002,0x8002,0x8002,0x8002,0x8002,0x8002,0x8002,
  0x8002,0x8002,0x8002,0x8002,0x8002,0x8002,0x8002,0x8002,0x8002,0x8002,0x8002,0x8002,0x8024,0x85B6,0x8023,0x8023,
  0x8002,0x8002,0x8002,0x8002,0x8002,0x8002,0x8002,0x8002,0x8002,0x8002,0x8002,0x8002,0x8002,0x8002,0x8022,0x80AB,
  0x80AA,0x8023,0x8022,0x8022,0x8022,0x8002,0x8002,0x8002,0x8002,0x8002,0x8002,0x8002,0x8002,0x8002,0x8002,0x8002,
  0x8002,0x8002,0x8002,0x8002,0x8002,0x8022,0x8002,0x8023,0x8023,0x8022,0x8022,0x8002,0x8002,0x8002,0x8002,0x8002,
  0x8002,0x8002,0x8002,0x8002,0x8002,0x8002,0x8002,0x8002,0x8002,0x8002,0x8002,0x8002,0x8002,0x8002,0x8002,0x8002,
  0x8002,0x8002,0x8002,0x8002,0x8002,0x8002,0x8002,0x8002,0x8002,0x8002,0x8002,0x8002,0x8002,0x8002,0x8002,0x8002,
  0x8002,0x8002,0x8002,0x8002,0x8002,0x8002,0x8002,0x8002,0x8002,0x8002,0x8002,0x8002,0x8002,0x8002,0x8002,0x8002,
  0x8022,0x8002,0x8002,0x8002,0x8002,0x8002,0x8002,0x8022,0x8023,0x8023,0x8023,0x8024,0x8024,0x8023,0x8023,0x8022,
  0x8002,0x8002,0x8002,0x8022,0x8002,0x8002,0x8002,0x8002,0x8002,0x8002,0x8002,0x8002,0x8002,0x8002,0x8002,0x8002,
  0x8024,0x8045,0x8002,0x8002,0x8002,0x8002,0x8002,0x8002,0x8002,0x8002,0x8002,0x8002,0x8002,0x8002,0x8002,0x8002,
  0x8002,0x8022,0x8002,0x8002,0x8002,0x8002,0x8002,0x8002,0x8002,0x8002,0x8002,0x8002,0x8022,0x8022,0x8002,0x8002,
  0x8002,0x8002,0x8002,0x8002,0x8002,0x8022,0x8022,0x8022,0x8002,0x8002,0x8002,0x8002,0x8002,0x8002,0x8002,0x8002,
  0x8002,0x8002,0x8002,0x8002,0x8002,0x8002,0x8002,0x8002,0x8002,0x8002,0x8002,0x8002,0x8002,0x8002,0x8002,0x8002,
  0x8002,0x8002,0x8089,0x8194,0x8022,0x8002,0x8002,0x8002,0x8002,0x8002,0x8002,0x8002,0x8002,0x8002,0x8002,0x8002,
  0x8002,0x8002,0x8002,0x8002,0x8002,0x8002,0x8022,0x8002,0x8022,0x8023,0xA54B,0xF7BA,0xB299,0xA1B0,0x84A8,0x8001,
  0xAD8D,0xCE96,0x992C,0x8465,0x8023,0x8022,0x90C9,0x8023,0x8002,0x8002,0x8002,0x8002,0x8002,0x8002,0x8002,0x8002,
  0x8002,0x8022,0x8002,0x8002,0x8002,0x8002,0x8002,0x8002,0x8002,0x8002,0x8022,0x8022,0xAE34,0xEBDF,0x8022,0x8022,
  0x8002,0x8002,0x8002,0x8002,0x8002,0x8002,0x8021,0xDAF8,0x8000,0xC2B8,0x8002,0x8002,0x8002,0x8002,0x8002,0x8001,
  0x8002,0x8002,0x8001,0x8002,0x8002,0x8002,0x8002,0x8002,0x8002,0x8022,0x8022,0x8002,0x8002,0x8022,0x8002,0x8002,
  0x8002,0x8002,0x8002,0x8002,0x8002,0x8002,0x8002,0x8002,0x8002,0x8022,0x8002,0x8002,0x8002,0x8002,0x8002,0x8002,
  0x8023,0x8023,0x8023,0x8023,0x8023,0x8023,0x8002,0x8002,0x8002,0x8002,0x8001,0x8002,0x8002,0x8001,0x8002,0x8002,
  0x8002,0x8002,0x8002,0x8002,0x8002,0x8002,0x8002,0x8002,0x8002,0x8002,0x8002,0x8002,0x8002,0x8002,0x8002,0x8002,
  0x8002,0x8002,0x8002,0x8002,0x8002,0x8002,0x8002,0x8002,0x8002,0x8002,0x8002,0x8002,0x8002,0x8002,0x8002,0x8002,
  0x8002,0x8002,0x8002,0x8002,0x8002,0x8002,0x8002,0x8002,0x8002,0x8002,0x8002,0x8002,0x8002,0x8002,0x8002,0x8002,
  0x8002,0x8022,0x8022,0x8022,0x8022,0x8022,0x8002,0x8002,0x8002,0x8002,0x8002,0x8002,0x8002,0x8002,0x8002,0x8002,
  0x8001,0x8002,0x8002,0x8002,0x8001,0x80CD,0x8002,0x8002,0x8002,0x8002,0x8067,0x8023,0x8023,0x8002,0x8002,0x8002,
  0x8002,0x8002,0x8022,0x8002,0x8002,0x8002,0x8002,0x8002,0x8002,0x8002,0x8002,0x8002,0x8002,0x8002,0x8002,0x8002,
  0x8002,0x8022,0x8002,0x8002,0x8002,0x8002,0x8002,0x8002,0x8002,0x8002,0x8002,0x8002,0x8002,0x8002,0x8002,0x8002,
  0x8002,0x8002,0x8002,0x8002,0x8002,0x8002,0x8002,0x8002,0x8002,0x8002,0x8002,0x8002,0x8002,0x8002,0x8002,0x8002,
  0x8002,0x8002,0x8002,0x8002,0x8002,0x8002,0x8002,0x8002,0x8002,0x8002,0x8002,0x8002,0x8002,0x8002,0x8002,0x8002,
  0x8002,0x8002,0x8002,0x8002,0x8002,0x8002,0x8002,0x8002,0x8002,0x8002,0x8002,0x8002,0x8003,0x808A,0x8002,0x8023,
  0x8002,0x8002,0x8002,0x8002,0x8002,0x8022,0x8002,0x8022,0x8002,0x8002,0x8002,0x8002,0x8002,0x8002,0x8002,0x8067,
  0x8045,0x8023,0x8023,0x8022,0x8002,0x8002,0x8002,0x8002,0x8002,0x8002,0x8002,0x8002,0x8002,0x8002,0x8002,0x8002,
  0x8002,0x8002,0x8002,0x8002,0x8022,0x8022,0x8002,0x8023,0x8023,0x8023,0x8022,0x8002,0x8002,0x8002,0x8002,0x8002,
  0x8002,0x8002,0x8002,0x8002,0x8002,0x8002,0x8002,0x8002,0x8002,0x8002,0x8002,0x8002,0x8002,0x8002,0x8002,0x8002,
  0x8002,0x8002,0x8002,0x8002,0x8002,0x8002,0x8002,0x8002,0x8022,0x8002,0x8002,0x8002,0x8002,0x8022,0x8002,0x8002,
  0x8002,0x8002,0x8022,0x8002,0x8002,0x8002,0x8002,0x8002,0x8002,0x8002,0x8002,0x8002,0x8002,0x8002,0x8002,0x8002,
  0x8002,0x8022,0x8022,0x8022,0x8022,0x8002,0x8022,0x8022,0x8023,0x8023,0x8023,0x8066,0x8045,0x8024,0x8023,0x8023,
  0x8022,0x8022,0x8022,0x8002,0x8002,0x8002,0x8002,0x8002,0x8002,0x8002,0x8002,0x8002,0x8022,0x8023,0x8022,0x8002,
  0x8002,0x8002,0x8002,0x8002,0x8002,0x8002,0x8002,0x8002,0x8002,0x8002,0x8002,0x8002,0x8002,0x8002,0x8002,0x8022,
  0x8022,0x8002,0x8022,0x8022,0x8002,0x8002,0x8002,0x8002,0x8002,0x8002,0x8022,0x8022,0x8022,0x8002,0x8002,0x8002,
  0x8002,0x8002,0x8002,0x8002,0x8022,0x8022,0x8022,0x8022,0x8002,0x8002,0x8002,0x8001,0x8002,0x8002,0x8002,0x8002,
  0x8002,0x8002,0x8002,0x8002,0x8002,0x8002,0x8002,0x8002,0x8022,0x8022,0x8002,0x8002,0x8002,0x8002,0x8002,0x8022,
  0x8002,0x8002,0x8002,0x8002,0x8002,0x8002,0x8022,0x8002,0x8002,0x8002,0x8002,0x8002,0x8002,0x8002,0x8002,0x8002,
  0x8002,0x8002,0x8002,0x8002,0x8002,0x8002,0x8022,0x8022,0x8022,0x8023,0xAD8C,0xF7BB,0xAA98,0x9D8F,0x84A9,0x8001,
  0x9D6F,0xAA35,0x9D4D,0x8886,0x8444,0xFB04,0x94A6,0x8044,0x8022,0x8022,0x8002,0x8022,0x8022,0x8002,0x8002,0x8002,
  0x8022,0x8002,0x8002,0x8002,0x8002,0x8002,0x8002,0x8002,0x8002,0x8002,0x8022,0x8022,0x88CA,0x956E,0x8022,0x8022,
  0x8002,0x8002,0x8001,0x8002,0x8002,0x8002,0x8021,0xDEF8,0x8000,0xBEB8,0x8002,0x8002,0x8002,0x8001,0x8002,0x8002,
  0x8002,0x8002,0x8002,0x8002,0x8002,0x8002,0x8002,0x8002,0x8022,0x8022,0x8022,0x8022,0x8022,0x8022,0x8022,0x8022,
  0x8002,0x8002,0x8002,0x8022,0x8022,0x8002,0x8002,0x8002,0x8002,0x8002,0x8002,0x8002,0x8002,0x8002,0x8002,0x8002,
  0x8002,0x8002,0x8023,0x8003,0x8024,0x8023,0x8002,0x8002,0x8002,0x8022,0x8001,0x8002,0x8001,0x8002,0x8001,0x8002,
  0x8002,0x8002,0x8002,0x8022,0x8002,0x8002,0x8002,0x8002,0x8002,0x8002,0x8002,0x8002,0x8001,0x8002,0x8002,0x8002,
  0x8002,0x8002,0x8002,0x8002,0x8002,0x8002,0x8002,0x8002,0x8002,0x8002,0x8002,0x8002,0x8002,0x8002,0x8002,0x8002,
  0x8002,0x8002,0x8002,0x8002,0x8002,0x8002,0x8001,0x8002,0x8002,0x8002,0x8002,0x8002,0x8002,0x8002,0x8002,0x8022,
  0x8022,0x8022,0x8023,0x8023,0x8023,0x8022,0x8002,0x8002,0x8002,0x8002,0x8002,0x8002,0x8002,0x8002,0x8002,0x8001,
  0x8001,0x8001,0x8002,0x8001,0x8002,0x8002,0x8002,0x8022,0x8022,0x8002,0x8022,0x8002,0x8023,0x8002,0x8002,0x8002,
  0x8002,0x8002,0x8023,0x8002,0x8002,0x8002,0x8002,0x8002,0x8002,0x8002,0x8002,0x8001,0x8002,0x8002,0x8002,0x8002,
  0x8002,0x8002,0x8002,0x8002,0x8002,0x8002,0x8002,0x8002,0x8002,0x8002,0x8002,0x8001,0x8001,0x8002,0x8002,0x8001,
  0x8002,0x8002,0x8002,0x8002,0x8002,0x8002,0x8002,0x8002,0x8002,0x8002,0x8002,0x8002,0x8002,0x8002,0x8002,0x8002,
  0x8002,0x8002,0x8002,0x8002,0x8002,0x8002,0x8002,0x8002,0x8002,0x8002,0x8002,0x8002,0x8002,0x8002,0x8002,0x8002,
  0x8002,0x8002,0x8002,0x8002,0x8002,0x8002,0x8002,0x8002,0x8002,0x8002,0x8002,0x8002,0x8002,0x8002,0x8002,0x8002,
  0x8002,0x8002,0x8002,0x8002,0x8002,0x8002,0x8002,0x8002,0x8002,0x8002,0x8002,0x8022,0x8002,0x8002,0x8002,0x8002,
  0x8002,0x8002,0x8002,0x8002,0x8002,0x8002,0x8002,0x8002,0x8002,0x8002,0x8002,0x8002,0x8002,0x8002,0x8002,0x8002,
  0x8002,0x8002,0x8002,0x8002,0x8022,0x8002,0x8002,0x8023,0x8023,0x8023,0x8022,0x8002,0x8002,0x8002,0x8002,0x8002,
  0x8002,0x8002,0x8002,0x8002,0x8002,0x8002,0x8002,0x8002,0x8002,0x8002,0x8002,0x8002,0x8002,0x8001,0x8002,0x8002,
  0x8002,0x8002,0x8002,0x8002,0x8002,0x8002,0x8002,0x8002,0x8022,0x8002,0x8002,0x8022,0x8002,0x8002,0x8002,0x8002,
  0x8002,0x8022,0x8022,0x8002,0x8002,0x8002,0x8002,0x8022,0x8002,0x8002,0x8002,0x8002,0x8002,0x8002,0x8002,0x8002,
  0x8002,0x8002,0x8022,0x8002,0x8002,0x8022,0x8022,0x8023,0x8023,0x8044,0x8044,0x8089,0x8069,0x8024,0x8023,0x8023,
  0x8002,0x8022,0x8002,0x8002,0x8022,0x8002,0x8002,0x8002,0x8002,0x8002,0x8002,0x8002,0x8022,0x8022,0x8002,0x8002,
  0x8002,0x8002,0x8002,0x8002,0x8002,0x8002,0x8002,0x8002,0x8002,0x8002,0x8002,0x8002,0x8002,0x8002,0x8002,0x8002,
  0x8002,0x8001,0x8023,0x8022,0x8002,0x8002,0x8002,0x8002,0x8002,0x8002,0x8002,0x8002,0x8022,0x8002,0x8002,0x8002,
  0x8002,0x8002,0x8002,0x8002,0x8022,0x8022,0x8002,0x8002,0x8002,0x8002,0x8002,0x8002,0x8002,0x8002,0x8002,0x8002,
  0x8002,0x8002,0x8002,0x8002,0x8002,0x8002,0x8002,0x8002,0x8022,0x8002,0x8002,0x8002,0x8002,0x8002,0x8022,0x8002,
  0x8002,0x8002,0x8002,0x8002,0x8002,0x8002,0x8002,0x8002,0x8002,0x8002,0x8002,0x8002,0x8002,0x8002,0x8002,0x8002,
  0x8002,0x8002,0x8002,0x8002,0x8002,0x8022,0x8022,0x8022,0x8023,0x8023,0xA54B,0x8679,0x8486,0x8022,0x80CA,0x8001,
  0xA5B0,0xCAF9,0xA16E,0x8886,0x8442,0x8C43,0x8CA6,0x8044,0x8003,0x8022,0x8022,0x8022,0x8022,0x8002,0x8002,0x8002,
  0x8022,0x8002,0x8000,0x8023,0x8023,0x8002,0x8002,0x8002,0x8002,0x8002,0x8002,0x8002,0x8023,0x8023,0x8023,0x8002,
  0x8002,0x8002,0x8002,0x8002,0x8001,0x8001,0x8021,0xDEF7,0x8000,0xBA98,0x8002,0x8002,0x8002,0x8002,0x8002,0x8001,
  0x8001,0x8001,0x8002,0x8002,0x8002,0x8002,0x8002,0x8002,0x8022,0x8422,0x8842,0x8842,0x8422,0x8022,0x8022,0x8002,
  0x8002,0x8002,0x8002,0x8002,0x8022,0x8022,0x8002,0x8002,0x8002,0x8002,0x8002,0x8002,0x8003,0x8002,0x8002,0x8002,
  0x8001,0x8001,0x8023,0xB6F9,0xBB7B,0x8022,0x8022,0x8022,0x8002,0x8002,0x8002,0x8001,0x8001,0x8001,0x8001,0x8001,
  0x8002,0x8002,0x8002,0x8002,0x8002,0x8002,0x8002,0x8002,0x8002,0x8002,0x8002,0x8001,0x8002,0x8001,0x8002,0x8002,
  0x8002,0x8002,0x8002,0x8002,0x8002,0x8002,0x8022,0x8002,0x8002,0x8002,0x8002,0x8002,0x8002,0x8002,0x8002,0x8002,
  0x8002,0x8002,0x8002,0x8002,0x8002,0x8002,0x8002,0x8002,0x8002,0x8002,0x8002,0x8002,0x8002,0x8002,0x8002,0x8022,
  0x8022,0x8022,0x8023,0x8023,0x8023,0x8022,0x8002,0x8002,0x8002,0x8002,0x8002,0x8002,0x8002,0x8001,0x8002,0x8001,
  0x8001,0x8001,0x8002,0x8001,0x8001,0x8002,0x8002,0x8002,0x8002,0x8002,0x8002,0x8173,0x8023,0x8002,0x8002,0x8002,
  0x8001,0x8002,0x8023,0x8002,0x8002,0x8002,0x8002,0x8002,0x8002,0x8002,0x8002,0x8002,0x8001,0x8001,0x8002,0x8002,
  0x8002,0x8002,0x8002,0x8002,0x8002,0x8002,0x8002,0x8002,0x8002,0x8002,0x8002,0x8001,0x8001,0x8001,0x8001,0x8001,
  0x8002,0x8002,0x8002,0x8002,0x8002,0x8002,0x8002,0x8002,0x8002,0x8002,0x8002,0x8002,0x8002,0x8002,0x8002,0x8002,
  0x8002,0x8002,0x8002,0x8002,0x8002,0x8002,0x8002,0x8002,0x8002,0x8002,0x8002,0x8002,0x8002,0x8002,0x8002,0x8002,
  0x8002,0x8002,0x8002,0x8002,0x8002,0x8002,0x8002,0x8002,0x8002,0x8002,0x8002,0x8002,0x8002,0x8002,0x8002,0x8002,
  0x8002,0x8002,0x8002,0x8002,0x8002,0x8002,0x8002,0x8023,0x8023,0x8002,0x8022,0x8022,0x8002,0x8002,0x8002,0x8002,
  0x8002,0x8002,0x8002,0x8002,0x8002,0x8002,0x8002,0x8002,0x8002,0x8002,0x8002,0x8002,0x8002,0x8002,0x8002,0x8002,
  0x8002,0x8002,0x8022,0x8002,0x8002,0x8022,0x8023,0x8023,0x8023,0x8023,0x8023,0x8023,0x8002,0x8002,0x8002,0x8002,
  0x8001,0x8002,0x8001,0x8002,0x8002,0x8002,0x8002,0x8002,0x8002,0x8002,0x8002,0x8001,0x8001,0x8001,0x8002,0x8002,
  0x8002,0x8001,0x8002,0x8002,0x8002,0x8002,0x8002,0x8002,0x8002,0x8002,0x8002,0x8002,0x8002,0x8002,0x8002,0x8002,
  0x8002,0x8022,0x8002,0x8002,0x8002,0x8002,0x8002,0x8002,0x8002,0x8002,0x8002,0x8002,0x8002,0x8002,0x8002,0x8002,
  0x8002,0x8002,0x8002,0x8002,0x8002,0x8002,0x8022,0x8023,0x8023,0x8044,0x8044,0xBAB8,0x84ED,0x8046,0x8023,0x8023,
  0x8023,0x8022,0x8022,0x8023,0x8002,0x8002,0x8002,0x8002,0x8002,0x8002,0x8002,0x8002,0x8022,0x8002,0x8024,0x8023,
  0x8002,0x8002,0x8002,0x8002,0x8002,0x8002,0x8002,0x8002,0x8002,0x8002,0x8002,0x8002,0x8002,0x8002,0x8002,0x8002,
  0x8022,0x8F5F,0x8000,0x8002,0x8002,0x8002,0x8002,0x8002,0x8002,0x8002,0x8002,0x8002,0x8002,0x8002,0x8002,0x8002,
  0x8002,0x8002,0x8002,0x8022,0x8022,0x8022,0x8002,0x8002,0x8002,0x8002,0x8002,0x8002,0x8002,0x8002,0x8002,0x8002,
  0x8002,0x8002,0x8002,0x8002,0x8002,0x8002,0x8002,0x8002,0x8002,0x8002,0x8022,0x8022,0x8002,0x8002,0x8002,0x8002,
  0x8022,0x8002,0x8002,0x8002,0x8002,0x8002,0x8002,0x8002,0x8002,0x8002,0x8002,0x8002,0x8002,0x8002,0x8002,0x8002,
  0x8002,0x8002,0x8002,0x8002,0x8002,0x8022,0x8002,0x8022,0x8022,0x8023,0xDEF4,0xCF3A,0xAA13,0xA1D1,0x8002,0x8002,
  0xB1F1,0xE35B,0xA16E,0x8C86,0x8443,0xDDC2,0x94A6,0x8044,0x8022,0x8022,0x8002,0x8002,0x8022,0x8002,0x8002,0x8002,
  0x8022,0x8066,0x87FF,0x8023,0x8023,0x8002,0x8002,0x8002,0x8002,0x8002,0x8022,0x8002,0x8002,0x8002,0x8002,0x8002,
  0x8002,0x8002,0x8001,0x8001,0x8001,0x8001,0x8021,0xDAF8,0x8000,0xBA98,0x8001,0x8002,0x8002,0x8002,0x8002,0x8001,
  0x8001,0x8001,0x8001,0x8001,0x8002,0x8002,0x8002,0x8022,0x8022,0x8841,0x8C20,0x9020,0x8822,0x8022,0x8022,0x8022,
  0x80AC,0x8002,0x8002,0x8002,0x8002,0x8002,0x8002,0x8002,0x8002,0x8002,0x8002,0x8002,0x8002,0x8001,0x8002,0x8001,
  0x8001,0x8002,0x8002,0x8023,0x8023,0x8002,0x8002,0x8002,0x8001,0x8001,0x8001,0x8001,0x8001,0x8001,0x8001,0x8001,
  0x8001,0x8002,0x8001,0x8002,0x8001,0x8002,0x8002,0x8002,0x8002,0x8002,0x8002,0x8001,0x8001,0x8002,0x8002,0x8002,
  0x8002,0x8002,0x8002,0x8002,0x8002,0x8023,0x8023,0x8023,0x8022,0x8002,0x8022,0x8002,0x8002,0x8002,0x8002,0x8002,
  0x8002,0x8002,0x8002,0x8002,0x8002,0x8002,0x8002,0x8002,0x8002,0x8002,0x8002,0x8002,0x8002,0x8002,0x8002,0x8022,
  0x8023,0x8023,0x8045,0x8045,0x8024,0x8023,0x8002,0x8002,0x8002,0x8002,0x8002,0x8002,0x8002,0x8002,0x8002,0x8002,
  0x8001,0x8002,0x8001,0x8001,0x8002,0x8002,0x8002,0x8002,0x8001,0x8002,0x8002,0x8002,0x8002,0x8002,0x8002,0x8022,
  0x8001,0x8002,0x8002,0x8002,0x8002,0x8002,0x8002,0x8002,0x8002,0x8002,0x8002,0x8002,0x8002,0x8001,0x8002,0x8002,
  0x8002,0x8002,0x8002,0x8002,0x8002,0x8002,0x8002,0x8002,0x8002,0x8002,0x8002,0x8002,0x8001,0x8001,0x8001,0x8002,
  0x8002,0x8002,0x8002,0x8002,0x8001,0x8002,0x8002,0x8001,0x8002,0x8002,0x8002,0x8002,0x8002,0x8002,0x8002,0x8002,
  0x8002,0x8002,0x8002,0x8002,0x8002,0x8002,0x8002,0x8002,0x8002,0x8002,0x8002,0x8002,0x8002,0x8002,0x8002,0x8002,
  0x8002,0x8002,0x8002,0x8002,0x8002,0x8002,0x8002,0x8002,0x8002,0x8002,0x8002,0x8002,0x8002,0x8002,0x8002,0x8002,
  0x8002,0x8002,0x8002,0x8002,0x8002,0x8022,0x8002,0x8002,0x821A,0x8023,0x8022,0x8002,0x8002,0x8002,0x8002,0x8002,
  0x8002,0x8002,0x8002,0x8002,0x8002,0x8002,0x8002,0x8002,0x8002,0x8002,0x8002,0x8002,0x8002,0x8002,0x8002,0x8002,
  0x8002,0x8002,0x8022,0x8022,0x8022,0x8023,0x8023,0x8023,0x8023,0x8023,0x8023,0x8023,0x8023,0x8023,0x8002,0x8002,
  0x8002,0x8002,0x8001,0x8002,0x8002,0x8002,0x8002,0x8002,0x8002,0x8002,0x8001,0x8002,0x8002,0x8001,0x8002,0x8002,
  0x8002,0x8002,0x8002,0x8002,0x8002,0x8002,0x8002,0x8002,0x8002,0x8002,0x8002,0x8002,0x8002,0x8002,0x8002,0x8002,
  0x8002,0x8002,0x8002,0x8022,0x8002,0x8002,0x8022,0x8002,0x8002,0x8002,0x8002,0x8002,0x8002,0x8002,0x8002,0x8002,
  0x8002,0x8022,0x8002,0x8022,0x8002,0x8022,0x8024,0x8024,0x8046,0x808A,0x808B,0xFFFF,0xFFFF,0x80CC,0x8067,0x8023,
  0x8023,0x8002,0x8023,0x8022,0x8002,0x8002,0x8022,0x8002,0x8002,0x8002,0x8002,0x8002,0x8002,0x8002,0x8002,0x8002,
  0x8002,0x8002,0x8002,0x8002,0x8002,0x8002,0x8002,0x8002,0x8002,0x8002,0x8002,0x8002,0x8002,0x8002,0x8002,0x8002,
  0x8022,0x8023,0x8022,0x8002,0x8002,0x8002,0x8002,0x8001,0x8002,0x8001,0x8002,0x8002,0x8002,0x8002,0x8002,0x8002,
  0x8002,0x8002,0x8002,0x8022,0x8002,0x8022,0x8002,0x8002,0x8002,0x8002,0x8002,0x8002,0x8002,0x8002,0x8022,0x8002,
  0x8002,0x8002,0x8002,0x8002,0x8002,0x8002,0x8002,0x8002,0x8002,0x8002,0x8002,0x8002,0x8002,0x8002,0x8002,0x8022,
  0x8002,0x8002,0x8002,0x8002,0x8002,0x8002,0x8002,0x8002,0x8002,0x8002,0x8002,0x8002,0x8002,0x8002,0x8002,0x8002,
  0x8002,0x8002,0x8002,0x8002,0x8002,0x8022,0x8022,0x8022,0x8023,0x8023,0xE2F4,0xFFF9,0x956E,0x912C,0x8865,0x8021,
  0xB5CE,0xEB7A,0xA58E,0x8CA7,0x8444,0xFEC2,0x98A8,0x8044,0x8022,0x8022,0x8002,0x8002,0x8002,0x8002,0x8002,0x8002,
  0x8002,0x8002,0x8023,0x8022,0x8002,0x8002,0x8002,0x8002,0x8002,0x8002,0x8002,0x8002,0x8002,0x8002,0x8002,0x8001,
  0x8002,0x8002,0x8001,0x8001,0x8001,0x8001,0x8001,0xDAF8,0x8000,0xD2D6,0x8001,0x8002,0x8002,0x8002,0x8002,0x8002,
  0x8002,0x8002,0x8001,0x8001,0x8002,0x8001,0x8022,0x8022,0x8422,0x9042,0xCD63,0xF32D,0x8C42,0x8422,0x8022,0x8022,
  0x8025,0x8067,0x8003,0x8022,0x8022,0x8002,0x8002,0x8002,0x8002,0x8002,0x8002,0x8002,0x8002,0x8001,0x8001,0x8002,
  0x8001,0x8001,0x8002,0x8002,0x8002,0x8002,0x8002,0x8002,0x8001,0x8001,0x8001,0x8002,0x8001,0x8001,0x8001,0x8002,
  0x8002,0x8002,0x8002,0x8002,0x8002,0x8002,0x8001,0x8002,0x8002,0x8002,0x8001,0x8002,0x8001,0x8001,0x8001,0x8002,
  0x8002,0x8002,0x8002,0x8002,0x8023,0x8023,0x8023,0x8023,0x8023,0x8022,0x8002,0x8002,0x8002,0x8002,0x8002,0x8002,
  0x8002,0x8002,0x8002,0x8002,0x8002,0x8002,0x8002,0x8002,0x8002,0x8002,0x8002,0x8002,0x8002,0x8022,0x8022,0x8023,
  0x8023,0x8044,0x8045,0x8066,0x8045,0x8023,0x8023,0x8022,0x8002,0x8002,0x8002,0x8002,0x8002,0x8002,0x8002,0x8002,
  0x8002,0x8001,0x8002,0x8002,0x8002,0x8002,0x8002,0x8002,0x8001,0x8002,0x8002,0x8002,0x8002,0x8002,0x8002,0x8002,
  0x8002,0x8002,0x8002,0x8002,0x8022,0x8002,0x8002,0x8022,0x8002,0x8002,0x8002,0x8002,0x8002,0x8002,0x8002,0x8001,
  0x8002,0x8002,0x8002,0x8002,0x8002,0x8002,0x8002,0x8002,0x8002,0x8002,0x8002,0x8002,0x8001,0x8001,0x8002,0x8002,
  0x8022,0x8002,0x8002,0x8002,0x8002,0x8001,0x8002,0x8002,0x8002,0x8002,0x8002,0x8002,0x8002,0x8002,0x8002,0x8002,
  0x8002,0x8002,0x8002,0x8002,0x8002,0x8002,0x8002,0x8002,0x8002,0x8002,0x8002,0x8002,0x8002,0x8002,0x8002,0x8002,
  0x8002,0x8022,0x8002,0x8002,0x8002,0x8002,0x8002,0x8002,0x8002,0x8002,0x8002,0x8002,0x8002,0x8002,0x8002,0x8002,
  0x8002,0x8002,0x8002,0x8002,0x8002,0x8002,0x8002,0x8002,0x8002,0x8022,0x8022,0x8002,0x8002,0x8002,0x8002,0x8002,
  0x8001,0x8002,0x8002,0x8002,0x8002,0x8002,0x8002,0x8002,0x8002,0x8002,0x8002,0x8002,0x8002,0x8022,0x8022,0x8002,
  0x8002,0x8002,0x8002,0x8022,0x8023,0x8023,0x8023,0x8045,0x8045,0x8023,0x8023,0x8023,0x8023,0x8023,0x8002,0x8002,
  0x8002,0x8002,0x8002,0x8002,0x8002,0x8002,0x8002,0x8001,0x8001,0x8002,0x8002,0x8002,0x8002,0x8002,0x8002,0x8002,
  0x8002,0x8002,0x8002,0x8002,0x8002,0x8002,0x8002,0x8002,0x8002,0x8002,0x8002,0x8002,0x8002,0x8002,0x8001,0x8002,
  0x8002,0x8002,0x8002,0x8002,0x8002,0x8002,0x8023,0x8022,0x8002,0x8022,0x8002,0x8002,0x8002,0x8002,0x8002,0x8002,
  0x8002,0x8022,0x8002,0x8002,0x8002,0x8002,0x8023,0x8023,0x8024,0x8046,0x8488,0xEF9E,0xB1F4,0x8066,0x8024,0x8023,
  0x8023,0x8002,0x8002,0x8002,0x8002,0x8002,0x8002,0x8022,0x8002,0x8002,0x8002,0x8002,0x8002,0x8002,0x8002,0x8002,
  0x8002,0x8002,0x8002,0x8002,0x8002,0x8002,0x8002,0x8002,0x8002,0x8002,0x8002,0x8002,0x8002,0x8002,0x8002,0x8002,
  0x8002,0x8002,0x8002,0x8002,0x8002,0x8002,0x8002,0x8002,0x8002,0x8002,0x8002,0x8002,0x8002,0x8002,0x8002,0x8002,
  0x8002,0x8002,0x8002,0x8022,0x8022,0x8002,0x8022,0x8022,0x8002,0x8022,0x8022,0x8002,0x8002,0x8002,0x8022,0x8002,
  0x8002,0x8002,0x8002,0x8002,0x8002,0x8002,0x8002,0x8002,0x8002,0x8002,0x8002,0x8002,0x8002,0x8002,0x8022,0x8002,
  0x8002,0x8002,0x8002,0x8002,0x8002,0x8002,0x8002,0x8002,0x8002,0x8002,0x8002,0x8002,0x8002,0x8002,0x8002,0x8002,
  0x8002,0x8002,0x8002,0x8002,0x8002,0x8022,0x8022,0x8022,0x8022,0x8023,0xE2F4,0xEF75,0x9590,0x912D,0x8466,0x8000,
  0xAD6B,0xC210,0xA58E,0x88A7,0x8023,0x8C88,0x90C7,0x8044,0x8002,0x8022,0x8022,0x8002,0x8002,0x8002,0x8002,0x8002,
  0x8002,0x8002,0x8002,0x8022,0x8022,0x8002,0x8001,0x8002,0x8002,0x8001,0x8002,0x8002,0x8002,0x8002,0x8002,0x8002,
  0x8002,0x8002,0x8001,0x8002,0x8001,0x8001,0x8021,0xDAF8,0x8000,0xFFB7,0x8842,0x8002,0x8002,0x8002,0x8002,0x8002,
  0x8002,0x8002,0x8001,0x8002,0x8002,0x8002,0x8002,0x8022,0x8422,0x8C41,0xC102,0xF287,0x8C42,0x8422,0x8022,0x8022,
  0x8002,0x81D8,0x8003,0x8002,0x8002,0x8002,0x8002,0x8002,0x8002,0x8002,0x8002,0x8002,0x8000,0x8002,0x8002,0x8002,
  0x8002,0x8002,0x8002,0x8002,0x8001,0x8001,0x8002,0x8001,0x8001,0x8001,0x8001,0x8001,0x8001,0x8002,0x8002,0x8002,
  0x8001,0x8001,0x8002,0x8002,0x8002,0x8002,0x8002,0x8002,0x8002,0x8002,0x8001,0x8001,0x8001,0x8002,0x8002,0x8001,
  0x8001,0x8001,0x8002,0x8022,0x8023,0x8CC9,0xEBFF,0x8443,0x8023,0x8023,0x8002,0x8002,0x8002,0x8002,0x8002,0x8001,
  0x8001,0x8001,0x8002,0x8002,0x8002,0x8000,0x8002,0x8002,0x8002,0x8002,0x8002,0x8002,0x8002,0x8022,0x8023,0x8023,
  0x8023,0x8046,0xC696,0xCAF8,0x8066,0x8024,0x8023,0x8023,0x8022,0x8002,0x8002,0x8002,0x8001,0x8001,0x8002,0x8002,
  0x8002,0x8002,0x8001,0x8002,0x8002,0x8002,0x8002,0x8002,0x8022,0x8001,0x8001,0x8001,0x8001,0x8001,0x8001,0x8002,
  0x8001,0x8002,0x8022,0x8023,0x8001,0x8003,0x8023,0x8022,0x8002,0x8002,0x8002,0x8002,0x8002,0x8001,0x8002,0x8001,
  0x8002,0x8002,0x8002,0x8002,0x8002,0x8002,0x8002,0x8001,0x8001,0x8002,0x8002,0x8002,0x8000,0x8002,0x8002,0x8002,
  0x8022,0x8023,0x8002,0x8002,0x8002,0x8001,0x8002,0x8002,0x8002,0x8002,0x8002,0x8002,0x8002,0x8002,0x8002,0x8002,
  0x8002,0x8002,0x8002,0x8002,0x8002,0x8002,0x8002,0x8002,0x8002,0x8002,0x8002,0x8002,0x8002,0x8002,0x8002,0x8002,
  0x8002,0x8022,0x8002,0x8002,0x8002,0x8002,0x8002,0x8002,0x8002,0x8002,0x8002,0x8002,0x8002,0x8002,0x8002,0x8002,
  0x8002,0x8002,0x8002,0x8002,0x8002,0x8002,0x8002,0x8002,0x8002,0x8002,0x8002,0x8002,0x8002,0x8002,0x8002,0x8001,
  0x8002,0x8002,0x8002,0x8002,0x8002,0x8002,0x8002,0x8002,0x8002,0x8002,0x8002,0x8002,0x8002,0x8022,0x8002,0x8002,
  0x8002,0x8002,0x8002,0x8023,0x8023,0x8023,0x8023,0x8046,0x8046,0x8023,0x8023,0x8023,0x8023,0x8023,0x8002,0x8002,
  0x8002,0x8002,0x8002,0x8002,0x8002,0x8002,0x8002,0x8002,0x8001,0x8002,0x8002,0x8001,0x8002,0x8002,0x8002,0x8002,
  0x8002,0x8002,0x8002,0x8002,0x8002,0x8002,0x8002,0x8002,0x8002,0x8002,0x8002,0x8002,0x8002,0x8002,0x8002,0x8002,
  0x8002,0x8002,0x8002,0x8002,0x8002,0x8002,0x8002,0x8002,0x8002,0x8002,0x8002,0x8002,0x8002,0x8002,0x8002,0x8002,
  0x8002,0x8002,0x8002,0x8002,0x8002,0x8002,0x8022,0x8023,0x8023,0x8024,0x8045,0x80CD,0x8089,0x8024,0x8023,0x8023,
  0x8023,0x8022,0x8002,0x8002,0x8002,0x8002,0x8002,0x8002,0x8002,0x8002,0x8002,0x8002,0x8002,0x8002,0x8002,0x8002,
  0x8002,0x8002,0x8002,0x8002,0x8002,0x8002,0x8002,0x8002,0x8002,0x8002,0x8001,0x8002,0x8002,0x8002,0x8002,0x8002,
  0x8002,0x8002,0x8002,0x8002,0x8002,0x8002,0x8002,0x8002,0x8002,0x8002,0x8002,0x8002,0x8002,0x8002,0x8002,0x8002,
  0x8002,0x8022,0x8002,0x8002,0x8002,0x8022,0x8022,0x8022,0x8023,0x8000,0x8023,0x8023,0x8002,0x8002,0x8022,0x8002,
  0x8002,0x8002,0x8002,0x8002,0x8002,0x8002,0x8002,0x8089,0x80CC,0x8002,0x8002,0x8002,0x8002,0x8002,0x8002,0x8002,
  0x8002,0x8002,0x8002,0x8002,0x8002,0x8002,0x8002,0x8002,0x8002,0x8002,0x8002,0x8002,0x8001,0x8002,0x8002,0x8002,
  0x8002,0x8001,0x8002,0x8002,0x8002,0x8002,0x8002,0x8022,0x8022,0x8022,0xE315,0xFBDA,0x9DB2,0x996F,0x88A9,0x8001,
  0xADAD,0xFFD9,0xA58E,0x8887,0x8023,0x8445,0x8886,0x8023,0x8002,0x8002,0x8002,0x8002,0x8002,0x8002,0x8002,0x8002,
  0x8002,0x8002,0x8001,0x8002,0x8002,0x8002,0x8002,0x8002,0x8002,0x8002,0x8002,0x8002,0x8002,0x8002,0x8002,0x8001,
  0x8002,0x8002,0x8001,0x8001,0x8002,0x8001,0x8021,0xDAF8,0x8000,0x9636,0x8486,0x8002,0x8002,0x8002,0x8002,0x8002,
  0x8002,0x8002,0x8002,0x8002,0x8001,0x8001,0x8002,0x8002,0x8022,0x8422,0x9840,0xBCE2,0x8022,0x8022,0x8022,0x8002,
  0x8002,0x8023,0x8022,0x8023,0x8022,0x8002,0x8002,0x8002,0x8002,0x8022,0x8002,0x8002,0x8174,0x8001,0x8002,0x8002,
  0x8002,0x8002,0x8022,0x8002,0x8001,0x8002,0x8002,0x8002,0x8002,0x8002,0x8002,0x8002,0x8002,0x8002,0x8002,0x8001,
  0x8001,0x8002,0x8002,0x8002,0x8002,0x8002,0x8002,0x8002,0x8002,0x8002,0x8001,0x8002,0x8001,0x8002,0x8002,0x8001,
  0x8002,0x8001,0x8002,0x8022,0x8023,0x8023,0x8003,0x8023,0x8023,0x8022,0x8002,0x8002,0x8002,0x8002,0x8002,0x8002,
  0x8001,0x8002,0x8002,0x8002,0x8002,0x8130,0x8002,0x8002,0x8002,0x8002,0x8002,0x8002,0x8002,0x8022,0x8023,0x8023,
  0x8024,0x8066,0xC2FA,0xDB7D,0x8066,0x8044,0x8023,0x8023,0x8022,0x8002,0x8022,0x8002,0x8002,0x8069,0x8088,0x8002,
  0x8002,0x8002,0x8002,0x8002,0x8002,0x8002,0x8002,0x8002,0x8002,0x8001,0x8001,0x8001,0x8001,0x8001,0x8001,0x8001,
  0x8001,0x8001,0x8002,0x8023,0x85D7,0x8045,0x8003,0x8002,0x8002,0x8002,0x8002,0x8022,0x8002,0x8002,0x8002,0x8001,
  0x8002,0x8002,0x8002,0x8002,0x8002,0x8001,0x8002,0x8002,0x8002,0x8022,0x8023,0x8023,0x8194,0x8003,0x8002,0x8002,
  0x8022,0x8022,0x8002,0x8002,0x8002,0x8002,0x8001,0x8002,0x8002,0x8002,0x8002,0x8002,0x8002,0x8002,0x8002,0x8002,
  0x8002,0x8002,0x8002,0x8002,0x8002,0x8002,0x8002,0x8002,0x8022,0x8002,0x8002,0x8002,0x8002,0x8002,0x8002,0x8002,
  0x8002,0x8002,0x8002,0x8002,0x8002,0x8002,0x8002,0x8002,0x8002,0x8002,0x8002,0x8002,0x8002,0x8002,0x8002,0x8002,
  0x8022,0x8002,0x8002,0x8002,0x8002,0x8001,0x8002,0x8002,0x8002,0x8002,0x8002,0x8002,0x8002,0x8002,0x8002,0x8002,
  0x8002,0x8002,0x8002,0x8022,0x8002,0x8002,0x8002,0x8002,0x8002,0x8002,0x8002,0x8002,0x8002,0x8022,0x8002,0x8002,
  0x8002,0x8002,0x8002,0x8023,0x8023,0x8044,0x8045,0x8089,0x8089,0x8045,0x8044,0x8023,0x8023,0x8023,0x8002,0x8002,
  0x8002,0x8022,0x8002,0x8002,0x8002,0x8002,0x8002,0x8002,0x8002,0x8002,0x8002,0x8002,0x8002,0x8002,0x8002,0x8002,
  0x8002,0x8002,0x8002,0x8022,0x8002,0x8022,0x8002,0x8002,0x8002,0x8002,0x8002,0x8002,0x8002,0x8002,0x8002,0x8002,
  0x8002,0x8002,0x8002,0x8002,0x8002,0x8002,0x80AA,0x8024,0x8002,0x8002,0x8002,0x8002,0x8002,0x8002,0x8002,0x8002,
  0x8002,0x8002,0x8002,0x8002,0x8002,0x8002,0x8002,0x8022,0x8023,0x8023,0x8024,0x8089,0x8067,0x8023,0x8023,0x8023,
  0x8022,0x8022,0x8002,0x8002,0x8002,0x8002,0x8002,0x8002,0x8002,0x8002,0x8002,0x8002,0x8002,0x8002,0x8002,0x8002,
  0x8002,0x8002,0x8002,0x8002,0x8002,0x8002,0x8002,0x8002,0x8002,0x8002,0x8002,0x8002,0x8002,0x8002,0x8002,0x8002,
  0x8002,0x8002,0x8002,0x8002,0x8002,0x8002,0x8002,0x8002,0x8002,0x8002,0x8002,0x8002,0x8002,0x8002,0x8002,0x8002,
  0x8002,0x8002,0x8002,0x8002,0x8002,0x8002,0x8002,0x8022,0x8002,0x9B3D,0x8023,0x8023,0x8002,0x8002,0x8002,0x8002,
  0x8002,0x8002,0x8002,0x8002,0x8002,0x8002,0x8002,0x8002,0x8002,0x8002,0x8002,0x8002,0x8002,0x8002,0x8002,0x8002,
  0x8002,0x8002,0x8002,0x8022,0x8022,0x8002,0x8002,0x8002,0x8002,0x8002,0x8002,0x8002,0x8002,0x8002,0x8002,0x8002,
  0x8002,0x810E,0x8002,0x8002,0x8002,0x8002,0x8002,0x8022,0x8022,0x8022,0x8423,0xE3DE,0x8003,0x8001,0x88A8,0x8002,
  0xA9AF,0xD718,0xA9AF,0x88A8,0x8445,0x8466,0x94C9,0x8023,0x8002,0x8002,0x8002,0x8022,0x8002,0x8002,0x8002,0x8002,
  0x8002,0x8002,0x8002,0x8002,0x8001,0x8001,0x8001,0x8002,0x8023,0x8002,0x8002,0x8002,0x8002,0x8002,0x8002,0x8002,
  0x8002,0x8002,0x8001,0x8002,0x8002,0x8001,0x8021,0xDAF8,0x8000,0x8635,0x8886,0x8002,0x8002,0x8002,0x8002,0x8001,
  0x8002,0x8002,0x8002,0x8002,0x8002,0x8002,0x8002,0x8002,0x8002,0x8002,0x8444,0x9D4B,0x8022,0x8022,0x8002,0x8002,
  0x8023,0x8023,0x8023,0x8023,0x8023,0x8002,0x8002,0x8023,0x8024,0x8002,0x8002,0x8002,0x8002,0x8023,0x8023,0x8023,
  0x8002,0x8002,0x8002,0x8001,0x8001,0x8002,0x8002,0x8002,0x8002,0x8002,0x8002,0x8002,0x8045,0x8023,0x8002,0x8002,
  0x8002,0x8002,0x8002,0x8002,0x8002,0x8002,0x8002,0x8002,0x8002,0x8001,0x8001,0x8002,0x8002,0x8002,0x8002,0x8001,
  0x8002,0x8001,0x8002,0x8022,0x8022,0x8023,0x8023,0x8002,0x8002,0x8022,0x8002,0x8002,0x8002,0x8002,0x8002,0x8002,
  0x8001,0x8002,0x8002,0x8002,0x8002,0x8022,0x8002,0x8002,0x8002,0x8002,0x8002,0x8002,0x8002,0x8022,0x8023,0x8023,
  0x8023,0x8045,0x8067,0x8067,0x8044,0x8023,0x8023,0x8023,0x8023,0x8022,0x8002,0x8002,0x8002,0x8022,0x8022,0x8002,
  0x8002,0x8022,0x8002,0x8002,0x8002,0x8002,0x8002,0x8002,0x8001,0x8002,0x8002,0x8002,0x8001,0x8002,0x8001,0x8001,
  0x8001,0x8002,0x8022,0x8022,0x8023,0x8003,0x8022,0x8002,0x8002,0x8002,0x8002,0x8002,0x8002,0x8002,0x8002,0x8002,
  0x8002,0x8002,0x8002,0x8002,0x8001,0x8002,0x8002,0x8001,0x8001,0x8002,0x8022,0x8002,0x8023,0x8023,0x8002,0x8002,
  0x8002,0x8002,0x8002,0x8002,0x8002,0x8002,0x8002,0x8002,0x8002,0x8022,0x8023,0x8023,0x8022,0x8022,0x8002,0x8002,
  0x8002,0x8002,0x8002,0x8002,0x8002,0x8002,0x8002,0x8022,0x8002,0x8002,0x8022,0x8022,0x8022,0x8002,0x8002,0x8002,
  0x8002,0x8002,0x8002,0x8002,0x8002,0x8002,0x8002,0x8002,0x8002,0x8002,0x8002,0x8002,0x8002,0x8002,0x8002,0x8002,
  0x8022,0x8002,0x8002,0x8002,0x8002,0x8002,0x8002,0x8002,0x8001,0x8002,0x8002,0x8002,0x8002,0x8002,0x8001,0x8001,
  0x8001,0x8002,0x8002,0x8002,0x8002,0x8002,0x8002,0x8002,0x8002,0x8002,0x8002,0x8022,0x8002,0x8002,0x8002,0x8002,
  0x8002,0x8022,0x8022,0x8023,0x8023,0x8045,0x8046,0x810E,0x80EE,0x8046,0x8045,0x8024,0x8023,0x8023,0x8002,0x8022,
  0x8022,0x8002,0x8002,0x8022,0x8002,0x8002,0x8002,0x8002,0x8002,0x8002,0x8002,0x8002,0x8002,0x8002,0x8002,0x8002,
  0x8002,0x8002,0x8002,0x8002,0x8002,0x8002,0x8002,0x8002,0x8002,0x8001,0x8002,0x8001,0x8002,0x8002,0x8001,0x8002,
  0x8002,0x8002,0x8002,0x8002,0x8002,0x8002,0x8023,0x8022,0x8002,0x8002,0x8022,0x8002,0x8002,0x8002,0x8002,0x8002,
  0x8002,0x8002,0x8002,0x8002,0x8022,0x8002,0x8002,0x8002,0x8023,0x8023,0x8023,0x8045,0x8045,0x8023,0x8023,0x8002,
  0x8022,0x8022,0x8002,0x8002,0x8002,0x8002,0x8002,0x8002,0x8002,0x8002,0x8001,0x8002,0x8002,0x8002,0x8002,0x8002,
  0x8002,0x8022,0x8022,0x8002,0x8002,0x8002,0x8002,0x8002,0x8002,0x8002,0x8002,0x8002,0x8002,0x8002,0x8002,0x8002,
  0x8002,0x8002,0x8002,0x8002,0x8022,0x8002,0x8002,0x8002,0x8002,0x8002,0x8002,0x8001,0x8002,0x8002,0x8002,0x8022,
  0x8002,0x8002,0x8022,0x8002,0x8002,0x8002,0x8002,0x8002,0x8002,0x8024,0x8023,0x8023,0x8023,0x8002,0x8002,0x8002,
  0x8002,0x8002,0x8002,0x8002,0x8002,0x8002,0x8002,0x8002,0x8002,0x8002,0x8002,0x8002,0x8002,0x8002,0x8002,0x8002,
  0x8002,0x8002,0x8002,0x8002,0x8002,0x8002,0x8002,0x8002,0x8002,0x8002,0x8002,0x8002,0x8002,0x8002,0x8002,0x8002,
  0x8002,0x8002,0x8002,0x8002,0x8002,0x8002,0x8022,0x8022,0x8023,0x8043,0x8423,0xC7FF,0x8464,0x8000,0x88C8,0x8001,
  0xA58E,0xCF1A,0xA190,0x88A9,0x8045,0x8486,0x90C9,0x8465,0x8002,0x8002,0x8002,0x8002,0x8002,0x8002,0x8002,0x8002,
  0x8002,0x8002,0x8002,0x8002,0x8002,0x8001,0x8001,0x8003,0x8001,0x8002,0x8002,0x8002,0x8002,0x8002,0x8001,0x8001,
  0x8002,0x8002,0x8002,0x8002,0x8022,0x8022,0x8421,0xE339,0x8025,0x9A96,0x8886,0x8002,0x8002,0x8002,0x8002,0x8002,
  0x8002,0x8002,0x8002,0x8002,0x8002,0x8002,0x8002,0x8002,0x8001,0x8001,0x8444,0x9D4C,0x8022,0x8022,0x8002,0x8002,
  0x8023,0x8023,0x8023,0x8023,0x8023,0x8023,0x8023,0x8024,0x8023,0x8023,0x8023,0x8023,0x8023,0x8023,0x8023,0x8023,
  0x8023,0x8002,0x8023,0x8025,0x8023,0x8023,0x8023,0x8002,0x8002,0x8002,0x8002,0x8001,0x80AB,0x8002,0x8002,0x8001,
  0x8001,0x8002,0x8002,0x8001,0x8022,0x8002,0x8002,0x8002,0x8002,0x8002,0x8002,0x8002,0x8002,0x8002,0x8002,0x8002,
  0x8002,0x8001,0x8002,0x8002,0x8002,0x8002,0x8022,0x8002,0x8002,0x8002,0x8002,0x8001,0x8002,0x8002,0x8002,0x8000,
  0x8002,0x8002,0x8002,0x8002,0x8001,0x8001,0x8002,0x8002,0x8002,0x8002,0x8002,0x8002,0x8002,0x8002,0x8023,0x8023,
  0x8023,0x8023,0x8024,0x8024,0x8023,0x8023,0x8022,0x8022,0x8022,0x8022,0x8002,0x8002,0x8002,0x8002,0x8002,0x8002,
  0x8002,0x8002,0x8002,0x8002,0x8002,0x8002,0x8002,0x8002,0x8002,0x8002,0x8002,0x8002,0x8001,0x8002,0x8002,0x8001,
  0x8001,0x8001,0x8002,0x8002,0x8002,0x8002,0x8002,0x8002,0x8002,0x8001,0x8002,0x8002,0x8002,0x8002,0x8002,0x8002,
  0x8002,0x8002,0x8002,0x8002,0x8002,0x8002,0x8001,0x8001,0x8001,0x8002,0x8002,0x8002,0x8002,0x8002,0x8002,0x8002,
  0x8002,0x8002,0x8001,0x8002,0x8002,0x8002,0x8002,0x8002,0x8002,0x8023,0x8024,0x8045,0x8023,0x8002,0x8002,0x8002,
  0x8002,0x8002,0x8002,0x8002,0x8002,0x8002,0x8002,0x8022,0x8002,0x8022,0x8023,0x8022,0x8022,0x8022,0x8002,0x8002,
  0x8022,0x8002,0x8002,0x8002,0x8002,0x8002,0x8002,0x8002,0x8002,0x8002,0x8002,0x8002,0x8002,0x8002,0x8002,0x8002,
  0x8002,0x8002,0x8002,0x8001,0x8002,0x8002,0x8002,0x8001,0x8001,0x8002,0x8022,0x8002,0x8002,0x8002,0x8002,0x8002,
  0x8001,0x8001,0x8002,0x8002,0x8002,0x8002,0x8002,0x8002,0x8002,0x8002,0x8022,0x8022,0x8022,0x8002,0x8002,0x8002,
  0x8002,0x8023,0x8023,0x8024,0x8045,0x8066,0x84CB,0xEBBF,0xEFBF,0x80AC,0x8067,0x8045,0x8024,0x8024,0x8023,0x8023,
  0x8023,0x8002,0x8002,0x8022,0x8002,0x8002,0x8002,0x8002,0x8002,0x8002,0x8002,0x8002,0x8002,0x8002,0x8002,0x8002,
  0x8002,0x8002,0x8002,0x8002,0x8002,0x8002,0x8002,0x8002,0x8002,0x8002,0x8002,0x8001,0x8002,0x8001,0x8001,0x8002,
  0x8002,0x8002,0x8002,0x8001,0x8002,0x8002,0x8002,0x8002,0x8002,0x8002,0x8002,0x8002,0x8002,0x8002,0x8002,0x8002,
  0x8002,0x8002,0x8022,0x8022,0x8002,0x8022,0x8002,0x8022,0x8002,0x8023,0x8023,0x8045,0x8045,0x8023,0x8002,0x8002,
  0x8002,0x8002,0x8002,0x8002,0x8002,0x8002,0x8022,0x8002,0x8002,0x8002,0x8002,0x8002,0x8002,0x8002,0x8002,0x8002,
  0x8002,0x8002,0x8002,0x8002,0x8023,0x8023,0x8022,0x8002,0x8002,0x8002,0x8002,0x8002,0x8002,0x8002,0x8002,0x8022,
  0x8002,0x8002,0x8002,0x8022,0x8002,0x8022,0x8022,0x8002,0x8002,0x8002,0x8002,0x8022,0x8002,0x8002,0x8002,0x8002,
  0x8002,0x8002,0x8022,0x8002,0x8002,0x8002,0x8002,0x8002,0x8002,0x8022,0x8002,0x8023,0x8002,0x8002,0x8022,0x8002,
  0x8002,0x8002,0x8002,0x8002,0x8002,0x8002,0x8002,0x8002,0x8002,0x8002,0x8002,0x8002,0x8002,0x8002,0x8002,0x8002,
  0x8002,0x8002,0x8002,0x8002,0x8002,0x8002,0x8002,0x8002,0x8002,0x8002,0x8002,0x8002,0x8002,0x8002,0x8002,0x8002,
  0x8002,0x8002,0x8002,0x8001,0x8002,0x8002,0x8002,0x8002,0x8023,0x8022,0xCA95,0xCFBE,0x8D50,0x8001,0x90EB,0x8001,
  0xA5B0,0xD31B,0x90EA,0x8044,0x8022,0x8466,0x90C9,0x90C8,0x8002,0x8002,0x8002,0x8002,0x8022,0x8002,0x8002,0x8002,
  0x8001,0x8002,0x8002,0x8002,0x8001,0x8002,0x8002,0x8001,0x8002,0x8002,0x8002,0x8001,0x8002,0x8022,0x8002,0x8001,
  0x8001,0x8002,0x8002,0x8001,0x8002,0x8022,0x8442,0xEB9D,0x9F5C,0x8CC8,0x88A7,0x8001,0x8002,0x8002,0x8002,0x8002,
  0x8002,0x8001,0x8002,0x8002,0x8001,0x8002,0x8001,0x8002,0x8001,0x8001,0x8444,0xA16D,0x8002,0x8002,0x8022,0x8022,
  0x8023,0x8023,0x8045,0x8023,0x8023,0x8023,0x8023,0x8024,0x8023,0x8023,0x8023,0x8023,0x8023,0x8023,0x8023,0x8023,
  0x8023,0x8023,0x8023,0x8023,0x8023,0x8023,0x8023,0x8023,0x8023,0x8023,0x8002,0x8002,0x8023,0x8022,0x8002,0x8002,
  0x8001,0x8002,0x8001,0x82DD,0x8000,0x8002,0x8001,0x8001,0x8002,0x8002,0x8001,0x8002,0x8002,0x8002,0x8002,0x8002,
  0x8002,0x8001,0x8002,0x8002,0x8002,0x8002,0x8022,0x8002,0x8002,0x8002,0x8002,0x8001,0x8002,0x8002,0x8024,0x8153,
  0x8002,0x8002,0x8002,0x8001,0x8002,0x8002,0x8001,0x8002,0x8002,0x8002,0x8002,0x8002,0x8002,0x8002,0x8022,0x8023,
  0x8023,0x8023,0x8023,0x8024,0x8022,0x8022,0x8022,0x8022,0x8022,0x8002,0x8002,0x8002,0x8002,0x8002,0x8002,0x8002,
  0x8002,0x8001,0x8002,0x8002,0x8002,0x8002,0x8002,0x8002,0x8002,0x8002,0x8002,0x8002,0x8002,0x8001,0x8002,0x8001,
  0x8001,0x8002,0x8001,0x8002,0x8002,0x8002,0x8002,0x8002,0x8001,0x8002,0x8002,0x8002,0x8001,0x8002,0x8002,0x8002,
  0x8002,0x8002,0x8002,0x8002,0x8002,0x8002,0x8001,0x8001,0x8001,0x8002,0x8002,0x8002,0x8002,0x8002,0x8002,0x8002,
  0x8002,0x8002,0x8001,0x8002,0x8002,0x8002,0x8002,0x8002,0x8023,0x8024,0xB613,0xAE12,0x8044,0x8023,0x8002,0x8002,
  0x8022,0x8002,0x8002,0x8002,0x8002,0x8002,0x8022,0x8002,0x8002,0x8022,0x8002,0x8002,0x8023,0x8023,0x8002,0x8002,
  0x8002,0x8002,0x8002,0x8002,0x8001,0x8002,0x8002,0x8002,0x8002,0x8002,0x8002,0x8002,0x8002,0x8002,0x8002,0x8002,
  0x8002,0x8002,0x8002,0x8002,0x8002,0x8002,0x8002,0x8002,0x8002,0x8001,0x8002,0x8002,0x8002,0x8002,0x8001,0x8002,
  0x8002,0x8001,0x8001,0x8002,0x8002,0x8002,0x8002,0x8002,0x8002,0x8002,0x8002,0x8002,0x8002,0x8002,0x8002,0x8002,
  0x8022,0x8023,0x8023,0x8045,0x8046,0x8088,0x84ED,0xFFFF,0xFFFF,0x80CE,0x8068,0x8046,0x8024,0x8045,0x8023,0x8023,
  0x8023,0x8002,0x8023,0x8002,0x8022,0x8002,0x8002,0x8002,0x8002,0x8022,0x8002,0x8002,0x8002,0x8002,0x8002,0x8002,
  0x8002,0x8002,0x8002,0x8002,0x8002,0x8001,0x8002,0x8002,0x8002,0x8001,0x8002,0x8002,0x8001,0x8002,0x8001,0x8022,
  0x8023,0x8002,0x8002,0x8001,0x8002,0x8002,0x8002,0x8002,0x8002,0x8002,0x8002,0x8002,0x8002,0x8002,0x8002,0x8002,
  0x8002,0x8002,0x8002,0x8022,0x8002,0x8022,0x8022,0x8002,0x8002,0x8002,0x8002,0x8044,0x8045,0x8002,0x8002,0x8002,
  0x8002,0x8002,0x8002,0x8002,0x8002,0x8002,0x8002,0x8002,0x8002,0x8002,0x8002,0x8002,0x8002,0x8002,0x8002,0x8002,
  0x8023,0x8023,0x8023,0x8023,0x8023,0x8022,0x8002,0x8022,0x8022,0x8002,0x8002,0x8002,0x8002,0x8002,0x8002,0x8002,
  0x8002,0x8022,0x8002,0x8002,0x8022,0x8002,0x8002,0x8022,0x8002,0x8002,0x8002,0x8022,0x8002,0x8002,0x8002,0x8002,
  0x8022,0x8022,0x8022,0x8002,0x8022,0x8044,0x8002,0x8002,0x8002,0x8023,0x8002,0x8002,0x8002,0x8002,0x8022,0x8002,
  0x8002,0x8002,0x8002,0x8002,0x8002,0x8002,0x8002,0x8002,0x8002,0x8002,0x8002,0x8002,0x8002,0x8002,0x8002,0x8002,
  0x8002,0x8002,0x8002,0x8002,0x8002,0x8002,0x8002,0x8002,0x8002,0x8002,0x8002,0x8002,0x8002,0x8002,0x8002,0x8002,
  0x8002,0x8002,0x8002,0x8002,0x8001,0x8001,0x8001,0x8002,0x8021,0x8000,0xFFB6,0xA2B8,0xBE31,0xB1AD,0x950C,0x8002,
  0xA9D0,0xC297,0xDEEE,0x8466,0x8000,0x8001,0x94E9,0x94C8,0x8002,0x8002,0x8002,0x8002,0x8002,0x8002,0x8002,0x8002,
  0x8002,0x8002,0x8002,0x8002,0x8002,0x8001,0x8002,0x8002,0x8002,0x8001,0x8002,0x8001,0x8001,0x8002,0x8001,0x8001,
  0x8001,0x8001,0x8002,0x8022,0x8002,0x8022,0xADAE,0xFFFF,0x81B3,0x8887,0x8887,0x8002,0x8002,0x8002,0x8002,0x8002,
  0x8002,0x8002,0x8002,0x8002,0x8001,0x8001,0x8001,0x8001,0x8001,0x8001,0x8444,0x9D6D,0x8002,0x8002,0x8022,0x8002,
  0x8023,0x8023,0x8023,0x8023,0x8023,0x8047,0x8023,0x8024,0x8024,0x8023,0x8023,0x8023,0x8046,0x8024,0x8023,0x8023,
  0x8023,0x8023,0x8023,0x8023,0x8023,0x8023,0x8023,0x8023,0x8023,0x8022,0x8023,0x8023,0x8023,0x8023,0x8002,0x8002,
  0x8002,0x8002,0x8002,0x8022,0x8002,0x8002,0x8002,0x8001,0x8002,0x8002,0x8002,0x8002,0x8002,0x8002,0x8001,0x8002,
  0x8002,0x8002,0x8002,0x8002,0x8002,0x8002,0x8002,0x8002,0x8002,0x8002,0x8002,0x8002,0x8002,0x8002,0x8002,0x8002,
  0x8002,0x8002,0x8002,0x8002,0x8002,0x8002,0x8002,0x8002,0x8002,0x8002,0x8002,0x8002,0x8002,0x8002,0x8022,0x8002,
  0x8022,0x8023,0x8023,0x8023,0x8022,0x8022,0x8022,0x8022,0x8002,0x8002,0x8002,0x8002,0x8002,0x8002,0x8001,0x8002,
  0x8001,0x8002,0x8002,0x8002,0x8002,0x8002,0x8002,0x8002,0x8002,0x8002,0x8002,0x8002,0x8001,0x80EE,0x8003,0x8002,
  0x8002,0x8002,0x8002,0x8002,0x8002,0x8002,0x8001,0x8002,0x8002,0x8001,0x8002,0x8002,0x8001,0x8002,0x8002,0x8002,
  0x8002,0x8002,0x8002,0x8002,0x8002,0x8002,0x8001,0x8002,0x8001,0x8001,0x8001,0x8001,0x8001,0x8002,0x8002,0x8002,
  0x8002,0x8001,0x8001,0x8002,0x8002,0x8002,0x8002,0x8002,0x8002,0x8023,0x8023,0x8044,0x8023,0x8023,0x8002,0x8022,
  0x8002,0x8002,0x8002,0x8002,0x8002,0x8002,0x8002,0x8002,0x8022,0x8023,0x8110,0x850E,0x8023,0x8002,0x8002,0x8002,
  0x8002,0x8002,0x8001,0x8002,0x8002,0x8002,0x8001,0x8002,0x8002,0x8002,0x8002,0x8002,0x8002,0x8002,0x8002,0x8002,
  0x8002,0x8002,0x8002,0x8002,0x8002,0x8002,0x8002,0x8001,0x8002,0x8002,0x8002,0x8002,0x8002,0x8002,0x8001,0x8002,
  0x8002,0x8002,0x8002,0x8001,0x8002,0x8002,0x8002,0x8002,0x8002,0x8002,0x8002,0x8002,0x8002,0x8002,0x8002,0x8002,
  0x8002,0x8022,0x8023,0x8023,0x8024,0x8024,0x8046,0x80EF,0x80F0,0x8067,0x8024,0x8024,0x8023,0x8023,0x8022,0x8002,
  0x8002,0x8002,0x8002,0x8002,0x8022,0x8002,0x8002,0x8002,0x8002,0x8002,0x8002,0x8002,0x8002,0x8002,0x8002,0x8002,
  0x8002,0x8002,0x8002,0x8002,0x8002,0x8002,0x8002,0x8002,0x8001,0x8001,0x8002,0x8001,0x8002,0x8002,0x8001,0x8002,
  0x8002,0x8001,0x8001,0x8001,0x8001,0x8002,0x8002,0x8002,0x8002,0x8002,0x8002,0x8002,0x8002,0x8002,0x8002,0x8002,
  0x8002,0x8002,0x8002,0x8002,0x8002,0x8022,0x8002,0x8022,0x8022,0x8022,0x8002,0x8023,0x8023,0x8002,0x8022,0x8002,
  0x8002,0x8022,0x8002,0x8002,0x8002,0x8002,0x8002,0x8002,0x8002,0x8002,0x8002,0x8002,0x8002,0x8002,0x8002,0x8022,
  0x8023,0x8023,0x8023,0x8023,0x8023,0x8023,0x8022,0x8022,0x8022,0x8002,0x8002,0x8002,0x8002,0x8002,0x8002,0x8002,
  0x8002,0x8002,0x8002,0x8002,0x8002,0x8002,0x8002,0x8002,0x8002,0x8002,0x8002,0x8002,0x8002,0x8022,0x8022,0x8022,
  0x8002,0x8022,0x8022,0x8002,0x8002,0x8002,0x8022,0x8002,0x8002,0x8002,0x8022,0x8002,0x8002,0x8002,0x8023,0x8003,
  0x8022,0x8022,0x8002,0x8002,0x8002,0x8002,0x8001,0x8022,0x8002,0x8002,0x8002,0x8002,0x8002,0x8002,0x8002,0x8002,
  0x8002,0x8002,0x8002,0x8002,0x8002,0x8002,0x8002,0x8002,0x8002,0x8002,0x8002,0x8002,0x8002,0x8002,0x8002,0x8002,
  0x8002,0x8002,0x8002,0x8002,0x8002,0x8002,0x8002,0x8022,0x8021,0x8000,0xFB92,0xAA75,0xFB70,0xCE0B,0x90EA,0x8023,
  0xA9D1,0xBEB9,0xA5D1,0x8486,0xA16C,0x8044,0x98EA,0x94C8,0x8002,0x8002,0x8002,0x8002,0x8002,0x8002,0x8002,0x8002,
  0x8002,0x8002,0x8002,0x8022,0x8002,0x8002,0x8002,0x8002,0x8002,0x8002,0x8001,0x8001,0x8001,0x8002,0x8001,0x8001,
  0x8001,0x8002,0x8022,0x8022,0x8022,0x8443,0xB633,0xEFBB,0x9DB0,0x8045,0x8486,0x8002,0x8002,0x8002,0x8002,0x8002,
  0x8002,0x8002,0x8002,0x8002,0x8001,0x8001,0x8001,0x8001,0x8001,0x8001,0x8844,0xA58E,0x8022,0x8002,0x8002,0x8022,
  0x8024,0x8024,0x8023,0x8023,0x8023,0x8023,0x8023,0x8023,0x8045,0x8023,0x8023,0x8023,0x8023,0x8023,0x8023,0x8024,
  0x8066,0x8024,0x8023,0x8023,0x8023,0x8023,0x8023,0x8023,0x8023,0x8023,0x8023,0x8022,0x8022,0x8023,0x8023,0x8002,
  0x8023,0x8002,0x8002,0x8002,0x8002,0x8002,0x8002,0x8002,0x8002,0x8002,0x8022,0x8002,0x8002,0x8002,0x8002,0x8002,
  0x8002,0x8002,0x8002,0x8002,0x8002,0x8002,0x8002,0x8002,0x8002,0x8002,0x8002,0x8002,0x8002,0x8002,0x8002,0x8002,
  0x8002,0x8002,0x8002,0x8002,0x8002,0x8002,0x8002,0x8001,0x8002,0x8002,0x8002,0x8002,0x8002,0x8002,0x8002,0x8002,
  0x8002,0x8002,0x8023,0x8023,0x8022,0x8002,0x8002,0x8022,0x8002,0x8002,0x8002,0x8002,0x8002,0x8001,0x8002,0x8002,
  0x8002,0x8001,0x8022,0x8002,0x8002,0x8002,0x8002,0x8002,0x8002,0x8001,0x8002,0x8002,0x8002,0x8001,0x8002,0x8002,
  0x8022,0x8002,0x8022,0x8002,0x8002,0x8002,0x8002,0x8002,0x8001,0x8001,0x8002,0x8001,0x8002,0x8002,0x8002,0x8002,
  0x8002,0x8001,0x8002,0x8002,0x8002,0x8002,0x8002,0x8002,0x8002,0x8001,0x8001,0x8002,0x8002,0x8002,0x8002,0x8001,
  0x8002,0x8002,0x8001,0x8002,0x8002,0x8002,0x8002,0x8002,0x8002,0x8002,0x8022,0x8023,0x8022,0x8022,0x8022,0x8022,
  0x8002,0x8002,0x8002,0x8002,0x8002,0x8002,0x8002,0x8002,0x8002,0x8022,0x8003,0x8023,0x8002,0x8022,0x8022,0x8002,
  0x8002,0x8002,0x8001,0x8002,0x8001,0x8002,0x8002,0x8002,0x8002,0x8002,0x8002,0x8002,0x8002,0x8002,0x8002,0x8002,
  0x8002,0x8002,0x8002,0x8002,0x8002,0x8002,0x8001,0x8001,0x8002,0x8002,0x8002,0x8002,0x8002,0x8002,0x8002,0x8002,
  0x8001,0x8002,0x8002,0x8001,0x8002,0x8002,0x8002,0x8002,0x8002,0x8002,0x8002,0x8002,0x8002,0x8002,0x8002,0x8002,
  0x8022,0x8022,0x8002,0x8023,0x8023,0x8024,0x8024,0x8067,0x8068,0x8024,0x8024,0x8024,0x8023,0x8023,0x8002,0x8002,
  0x8002,0x8002,0x8002,0x8002,0x8002,0x8002,0x8002,0x8175,0x8002,0x8002,0x8002,0x8002,0x8002,0x8002,0x8002,0x8002,
  0x8002,0x8002,0x8002,0x8002,0x8002,0x8002,0x8002,0x8002,0x8002,0x8002,0x8002,0x8002,0x8001,0x8002,0x8001,0x8002,
  0x8002,0x8002,0x8001,0x8002,0x8002,0x8002,0x8002,0x8002,0x8022,0x8002,0x8002,0x8002,0x8002,0x8002,0x8002,0x8002,
  0x8002,0x8002,0x8002,0x8002,0x8002,0x8002,0x8002,0x8022,0x8002,0x8002,0x8022,0x8023,0x8023,0x8002,0x8002,0x8022,
  0x8023,0x8002,0x8002,0x8002,0x8002,0x8002,0x8002,0x8002,0x8002,0x8002,0x8002,0x8002,0x8023,0x8002,0x8022,0x8023,
  0x8023,0x8023,0x8045,0x8023,0x8023,0x8023,0x8023,0x8022,0x8022,0x8002,0x8002,0x8002,0x8002,0x8002,0x8002,0x8002,
  0x8002,0x8002,0x8002,0x8002,0x8002,0x8002,0x8002,0x8002,0x8002,0x8002,0x8002,0x8022,0x8022,0x8022,0x8022,0x8022,
  0x8022,0x8022,0x8022,0x8022,0x8022,0x8002,0x8022,0x8002,0x8022,0x8002,0x8022,0x8002,0x8023,0x8023,0x8022,0x8002,
  0x8022,0x8002,0x8022,0x8022,0x8002,0x8002,0x8174,0x8022,0x8002,0x8002,0x8002,0x8002,0x8002,0x8002,0x8002,0x8002,
  0x8002,0x8002,0x8002,0x8002,0x8002,0x8002,0x8002,0x8002,0x8002,0x8002,0x8002,0x8002,0x8002,0x8002,0x8002,0x8002,
  0x8002,0x8002,0x8002,0x8002,0x8002,0x8002,0x8002,0x8023,0x8022,0x8000,0xFBB8,0xAA54,0xAD48,0x9485,0x8486,0x8002,
  0xA9D0,0xEF9A,0xA9D1,0x8465,0x8443,0x8044,0x9D0A,0x98E8,0x8022,0x8002,0x8002,0x8002,0x8002,0x8002,0x8002,0x8002,
  0x8002,0x8002,0x8022,0x8022,0x8022,0x8022,0x8002,0x8002,0x8002,0x8002,0x8002,0x8001,0x8001,0x8001,0x8001,0x8001,
  0x8001,0x8001,0x8022,0x8022,0x8023,0x8043,0x8044,0xE738,0x9DB1,0x8466,0x8887,0x8002,0x8002,0x8002,0x8002,0x8002,
  0x8002,0x8002,0x8002,0x8001,0x8002,0x8001,0x8001,0x8002,0x8001,0x8001,0x8843,0xADAD,0x8002,0x8002,0x8002,0x8002,
  0x8067,0x8023,0x8066,0x8023,0x8046,0x8023,0x8045,0x8024,0x8045,0x8023,0x8024,0x8045,0x8024,0x8024,0x8024,0x8024,
  0x8023,0x8024,0x8024,0x8067,0x8045,0x8023,0x8045,0x8023,0x8023,0x8023,0x8023,0x8023,0x8023,0x8024,0x8023,0x8023,
  0x8023,0x8023,0x8023,0x8023,0x8023,0x8002,0x8002,0x8002,0x8002,0x8002,0x8022,0x8002,0x8002,0x8002,0x8002,0x8002,
  0x8002,0x8002,0x8002,0x8002,0x8002,0x8002,0x8002,0x8002,0x8002,0x8002,0x8002,0x8002,0x8002,0x8002,0x8002,0x8002,
  0x8002,0x8002,0x8002,0x8002,0x8002,0x8001,0x8002,0x8002,0x8002,0x8002,0x8002,0x8002,0x8002,0x8002,0x8002,0x8002,
  0x8002,0x8002,0x8002,0x8002,0x8002,0x8002,0x8002,0x8002,0x8002,0x8002,0x8002,0x8002,0x8002,0x8002,0x8002,0x8001,
  0x8001,0x8001,0x8002,0x8001,0x8002,0x8002,0x8002,0x8002,0x8002,0x8002,0x8002,0x8002,0x8002,0x8002,0x8002,0x8001,
  0x8002,0x8002,0x8002,0x8002,0x8002,0x8001,0x8001,0x8001,0x8001,0x8002,0x8002,0x8002,0x8002,0x8002,0x8002,0x8002,
  0x8001,0x8002,0x8002,0x8002,0x8002,0x8002,0x8002,0x8002,0x8002,0x8001,0x8002,0x8002,0x8001,0x8002,0x8002,0x8001,
  0x8001,0x8001,0x8001,0x8001,0x8002,0x8002,0x8002,0x8002,0x8002,0x8002,0x8002,0x8002,0x8002,0x8002,0x8002,0x8002,
  0x80EC,0x8002,0x8002,0x8002,0x8002,0x8002,0x8002,0x8002,0x8002,0x8022,0x8002,0x8002,0x8002,0x8002,0x8001,0x8023,
  0x8088,0x8002,0x8001,0x8002,0x8002,0x8002,0x8002,0x8002,0x8002,0x8001,0x8002,0x8002,0x8002,0x8001,0x8001,0x8002,
  0x8002,0x8001,0x8002,0x8002,0x8022,0x8002,0x8002,0x8002,0x8001,0x8001,0x8001,0x8002,0x8002,0x8002,0x8002,0x8002,
  0x8002,0x8002,0x8002,0x8002,0x8002,0x8002,0x8002,0x8002,0x8002,0x8002,0x8002,0x8002,0x8002,0x8002,0x8002,0x8002,
  0x8022,0x8023,0x8023,0x8023,0x8023,0x8023,0x8024,0x8045,0x8066,0x8024,0x8023,0x8023,0x8023,0x8023,0x8002,0x8002,
  0x8002,0x8002,0x8002,0x8002,0x8002,0x8002,0x8002,0x8001,0x8002,0x8002,0x8002,0x8002,0x8002,0x8001,0x8002,0x8002,
  0x8002,0x8002,0x8002,0x8002,0x8022,0x8002,0x8002,0x8002,0x8002,0x8002,0x8002,0x8002,0x8002,0x8002,0x8002,0x8002,
  0x8022,0x8001,0x8001,0x8002,0x8001,0x8002,0x8002,0x8002,0x8002,0x8002,0x8002,0x8002,0x8002,0x8002,0x8002,0x8002,
  0x8002,0x8002,0x8002,0x8002,0x8022,0x8002,0x8022,0x8022,0x8022,0x8002,0x8002,0x8023,0x8023,0x8022,0x8002,0x8002,
  0x8002,0x8002,0x8002,0x8002,0x8002,0x8002,0x8002,0x8002,0x8002,0x8002,0x8002,0x8022,0x8022,0x8023,0x8023,0x8023,
  0x8023,0x8023,0x8068,0x8024,0x8024,0x8023,0x8023,0x8023,0x8022,0x8002,0x8002,0x8002,0x8002,0x8002,0x8002,0x8002,
  0x8002,0x8002,0x8002,0x8002,0x8002,0x8002,0x8002,0x8002,0x8002,0x8022,0x8022,0x8022,0x8022,0x8022,0x8022,0x8022,
  0x8022,0x8022,0x8022,0x8022,0x8022,0x8022,0x8022,0x8002,0x8002,0x8002,0x8022,0x8002,0x8002,0x8002,0x8024,0x8023,
  0x8022,0x8022,0x8022,0x8002,0x8002,0x8002,0x8023,0x8002,0x8022,0x8022,0x8002,0x8002,0x8022,0x8002,0x8002,0x8002,
  0x8002,0x8002,0x8002,0x8002,0x8002,0x8002,0x8002,0x8002,0x8002,0x8002,0x8002,0x8002,0x8002,0x8002,0x8002,0x8002,
  0x8002,0x8002,0x8002,0x8002,0x8002,0x8002,0x8002,0x8023,0x8043,0x8422,0xFFB9,0xB696,0xE28B,0xA905,0x8001,0x8000,
  0xB9CD,0xF334,0xA9B0,0x8465,0x8000,0x8000,0xEA24,0xD161,0x8022,0x8022,0x8022,0x8002,0x8002,0x8002,0x8002,0x8002,
  0x8022,0x8022,0x8022,0x8422,0x8022,0x8022,0x8022,0x8002,0x8022,0x8002,0x8002,0x8002,0x8002,0x8002,0x8001,0x8001,
  0x8001,0x8001,0x8022,0x8022,0x8022,0x8042,0x8001,0xEB59,0xA5D1,0x8C65,0x8885,0x8022,0x8022,0x8022,0x8022,0x8002,
  0x8002,0x8002,0x8002,0x8001,0x8002,0x8002,0x8002,0x8002,0x8001,0x8001,0x9063,0xBDCD,0x8002,0x8002,0x8002,0x8002,
  0x8067,0x8067,0x8067,0x8067,0x8067,0x8023,0x8067,0x8047,0x8023,0x8067,0x8023,0x8024,0x8024,0x8024,0x8045,0x8045,
  0x8024,0x8024,0x8024,0x8024,0x8023,0x8024,0x8023,0x8023,0x8044,0x8023,0x8023,0x8023,0x8023,0x8024,0x8023,0x8023,
  0x8023,0x8024,0x8023,0x8023,0x808A,0x8024,0x8002,0x8002,0x8002,0x8002,0x8002,0x8002,0x8002,0x8002,0x8002,0x8022,
  0x8022,0x8022,0x8022,0x8002,0x8002,0x8002,0x8002,0x8002,0x8002,0x8002,0x8001,0x8002,0x8002,0x8002,0x8002,0x8002,
  0x8002,0x8002,0x8002,0x8002,0x8001,0x8002,0x8002,0x8002,0x8001,0x8002,0x8002,0x8002,0x8002,0x8002,0x8001,0x8002,
  0x8002,0x8002,0x8002,0x8002,0x8022,0x8002,0x8002,0x8002,0x8002,0x8002,0x8002,0x8002,0x8002,0x8022,0x8002,0x8002,
  0x8002,0x8001,0x8001,0x8002,0x8002,0x8002,0x8002,0x8022,0x8002,0x8002,0x8002,0x8002,0x8022,0x8002,0x8002,0x8002,
  0x8001,0x8001,0x8002,0x8002,0x8002,0x8002,0x8001,0x8001,0x8001,0x8002,0x8002,0x8002,0x8002,0x8002,0x8002,0x8002,
  0x8002,0x8002,0x8002,0x8002,0x8002,0x8002,0x8002,0x8002,0x8002,0x8002,0x8002,0x8002,0x8001,0x8002,0x8002,0x8002,
  0x8002,0x8002,0x8002,0x8001,0x8001,0x8002,0x8002,0x8002,0x8002,0x8002,0x8002,0x8002,0x8002,0x8002,0x8002,0x8002,
  0x8193,0x8002,0x8002,0x8002,0x8002,0x8002,0x8002,0x8002,0x8002,0x8002,0x8002,0x8002,0x8002,0x8002,0x8002,0x8002,
  0x8023,0x8002,0x8002,0x8002,0x8002,0x8022,0x8002,0x8002,0x8002,0x8002,0x8002,0x8002,0x8002,0x8002,0x8002,0x8002,
  0x8002,0x8002,0x8002,0x8002,0x8002,0x8022,0x8002,0x8002,0x8002,0x8001,0x8001,0x8002,0x8002,0x8002,0x8002,0x8022,
  0x8002,0x8022,0x8022,0x8002,0x8022,0x8022,0x8002,0x8002,0x8002,0x8002,0x8002,0x8002,0x8002,0x8002,0x8002,0x8002,
  0x8002,0x8022,0x8023,0x8023,0x8023,0x8023,0x8023,0x8046,0x8046,0x8023,0x8023,0x8023,0x8023,0x8023,0x8022,0x8022,
  0x8022,0x8002,0x8002,0x8002,0x8002,0x8002,0x8002,0x8002,0x8002,0x8002,0x8002,0x8002,0x8002,0x8002,0x8002,0x8002,
  0x8002,0x8002,0x8002,0x8002,0x8002,0x8002,0x8002,0x8002,0x8002,0x8002,0x8002,0x8002,0x8002,0x8002,0x8002,0x8002,
  0x8002,0x8002,0x8002,0x8002,0x8002,0x8002,0x8022,0x8002,0x8002,0x8002,0x8002,0x8002,0x8002,0x8002,0x8002,0x8002,
  0x8002,0x8002,0x8002,0x8002,0x8002,0x8002,0x8002,0x8002,0x8022,0x8022,0x8022,0x8002,0x8002,0x8002,0x8002,0x8002,
  0x8002,0x8002,0x8002,0x8022,0x8002,0x8002,0x8002,0x8002,0x8002,0x8002,0x8022,0x8022,0x8023,0x8023,0x8023,0x8023,
  0x8045,0x8046,0x8089,0x8046,0x8024,0x8023,0x8023,0x8023,0x8023,0x8022,0x8002,0x8002,0x8002,0x8002,0x8002,0x8022,
  0x8002,0x8002,0x8002,0x8002,0x8002,0x8002,0x8002,0x8002,0x8022,0x8022,0x8022,0x8022,0x8022,0x8422,0xB8C1,0x9041,
  0x8422,0x8022,0x8022,0x8022,0x8022,0x8022,0x8022,0x8002,0x8002,0x8002,0x8022,0x8022,0x8022,0x8022,0x8024,0x8023,
  0x8023,0x8023,0x8022,0x8022,0x8002,0x8002,0x8002,0x8002,0x8002,0x8002,0x8002,0x8002,0x8002,0x8002,0x8002,0x8002,
  0x8002,0x8002,0x8002,0x8002,0x8002,0x8002,0x8002,0x8002,0x8002,0x8002,0x8002,0x8002,0x8002,0x8002,0x8002,0x8002,
  0x8002,0x8002,0x8002,0x8001,0x8002,0x8002,0x8002,0x8022,0x8043,0x8422,0xFBB9,0xB697,0xA9B0,0xADD1,0x992B,0x8000,
  0x9D2C,0xA5D2,0xA9B0,0x8486,0x8001,0x8001,0x8444,0x9084,0x8022,0x8022,0x8022,0x8002,0x8002,0x8002,0x8022,0x8022,
  0x8022,0x8022,0x8422,0x8842,0x8422,0x8022,0x8022,0x8022,0x8022,0x8002,0x8002,0x8022,0x8002,0x8022,0x8002,0x8002,
  0x8001,0x8001,0x8022,0x8022,0x8022,0x8443,0xFFFF,0xDF17,0xA5D1,0xAD4A,0xA107,0x8842,0x8842,0x8422,0x8022,0x8022,
  0x8002,0x8002,0x8002,0x8002,0x8002,0x8002,0x8002,0x8002,0x8001,0x8001,0x9063,0xBDCE,0x8002,0x8002,0x8002,0x8002,
  0x8089,0x8089,0x8089,0x8089,0x8067,0x8067,0x8067,0x8067,0x8067,0x8067,0x8067,0x8067,0x8067,0x8024,0x8067,0x8067,
  0x8066,0x8023,0x8023,0x8068,0x8066,0x8024,0x8024,0x8023,0x8023,0x8023,0x8023,0x8024,0x8024,0x8024,0x8023,0x8023,
  0x8023,0x8023,0x8023,0x8023,0x8023,0x8023,0x8023,0x8023,0x8023,0x8023,0x8045,0x8002,0x8002,0x8023,0x8022,0x8023,
  0x8023,0x8023,0x8023,0x8023,0x8022,0x8022,0x8022,0x8022,0x8002,0x8002,0x8022,0x8002,0x8002,0x8002,0x8002,0x8002,
  0x8002,0x8002,0x8002,0x8002,0x8002,0x8002,0x8002,0x8002,0x8002,0x8002,0x8002,0x8002,0x8002,0x8002,0x8002,0x8002,
  0x8002,0x8002,0x8002,0x8002,0x8002,0x8002,0x8002,0x8002,0x8002,0x8002,0x8002,0x8002,0x8002,0x8002,0x8002,0x8002,
  0x8002,0x8002,0x8002,0x8022,0x8002,0x8002,0x8022,0x8022,0x8022,0x8022,0x8002,0x8002,0x8002,0x8002,0x8002,0x8002,
  0x8002,0x8002,0x8002,0x8002,0x8002,0x8002,0x8001,0x8001,0x8002,0x8002,0x8002,0x8002,0x8022,0x8002,0x8002,0x8002,
  0x8002,0x8002,0x8002,0x8002,0x8002,0x8002,0x8002,0x8002,0x8002,0x8002,0x8002,0x8002,0x8001,0x8002,0x8001,0x8002,
  0x8002,0x8002,0x8002,0x8002,0x8002,0x8002,0x8002,0x8002,0x8002,0x8002,0x8002,0x8022,0x8002,0x8002,0x8002,0x8002,
  0x8002,0x8002,0x8002,0x8002,0x8002,0x8002,0x8002,0x8002,0x8002,0x8002,0x8002,0x8002,0x8002,0x8002,0x8002,0x8002,
  0x8001,0x8002,0x8002,0x8133,0x8002,0x8023,0x8002,0x8002,0x8002,0x8002,0x8002,0x8002,0x8002,0x8002,0x8002,0x8002,
  0x8002,0x8002,0x8002,0x8002,0x8002,0x8002,0x8002,0x8002,0x8002,0x8001,0x8002,0x8002,0x8002,0x8002,0x8002,0x8002,
  0x8002,0x8002,0x8022,0x8023,0x8023,0x8023,0x8002,0x8002,0x8002,0x8002,0x8002,0x8002,0x8002,0x8022,0x8022,0x8002,
  0x8002,0x8022,0x8002,0x8002,0x8022,0x8022,0x8022,0x8023,0x8023,0x8022,0x8022,0x8023,0x8002,0x8022,0x8022,0x8002,
  0x8002,0x8002,0x8002,0x8002,0x8002,0x8002,0x8002,0x8002,0x8002,0x8002,0x8002,0x8002,0x8002,0x8002,0x8002,0x8002,
  0x8002,0x8002,0x8002,0x8002,0x8002,0x8002,0x8002,0x8002,0x8002,0x8002,0x8002,0x8002,0x8002,0x8002,0x8002,0x8002,
  0x8002,0x8002,0x8002,0x8002,0x8002,0x8002,0x8002,0x8002,0x8002,0x8002,0x8002,0x8002,0x8002,0x8022,0x8002,0x8002,
  0x8002,0x8002,0x8002,0x8002,0x8002,0x8002,0x8002,0x8002,0x8002,0x8022,0x8002,0x8022,0x8022,0x8002,0x8023,0x8022,
  0x8023,0x8022,0x8002,0x8002,0x8022,0x8002,0x8002,0x8002,0x8002,0x8002,0x8002,0x8022,0x8022,0x8023,0x8023,0x8024,
  0x8067,0x910D,0xF7BE,0x8047,0x8067,0x8024,0x8023,0x8023,0x8023,0x8022,0x8002,0x8002,0x8002,0x8022,0x8002,0x8002,
  0x8002,0x8002,0x8022,0x8002,0x8002,0x8002,0x8002,0x8022,0x8022,0x8022,0x8022,0x8022,0x8422,0x8442,0xB987,0x94A4,
  0x8442,0x8422,0x8022,0x8022,0x8022,0x8022,0x8023,0x8022,0x8002,0x8002,0x8023,0x8023,0x8022,0x8023,0x8045,0x8023,
  0x8023,0x8023,0x8023,0x8022,0x8022,0x8022,0x8002,0x8002,0x8002,0x8002,0x8002,0x8002,0x8002,0x8002,0x8002,0x8002,
  0x8002,0x8002,0x8002,0x8002,0x8002,0x8002,0x8002,0x8002,0x8002,0x8002,0x8002,0x8002,0x8002,0x8001,0x8002,0x8002,
  0x8002,0x8002,0x8002,0x8002,0x8022,0x8002,0x8002,0x8022,0x8022,0x8001,0xEF9B,0x8D4D,0x8003,0x8022,0x8000,0x8000,
  0x992B,0xA9B0,0x94E8,0x8466,0x8022,0x8023,0xEA8B,0xCDC9,0x8022,0x8022,0x8022,0x8022,0x8022,0x8022,0x8022,0x8022,
  0x8422,0x8442,0x8841,0xC0E1,0x8842,0x8842,0x8022,0x8022,0x8022,0x8022,0x8022,0x8022,0x8002,0x8022,0x8002,0x8002,
  0x8002,0x8002,0x8022,0x8422,0x8442,0x8863,0xF775,0xE339,0xADF2,0xFEA3,0xFFC8,0x9462,0x9061,0x8842,0x8022,0x8022,
  0x8002,0x8002,0x8002,0x8002,0x8002,0x8002,0x8002,0x8002,0x8002,0x8022,0x9084,0xB9CE,0x8022,0x8002,0x8002,0x8002,
  0x80CD,0x8089,0x80AC,0x8068,0x8089,0x8089,0x8089,0x8089,0x808A,0x8089,0x8068,0x8067,0x8067,0x8047,0x8067,0x8067,
  0x8067,0x8067,0x8067,0x8024,0x8023,0x8003,0x8067,0x8067,0x8023,0x8023,0x8045,0x8024,0x8024,0x8023,0x8023,0x8024,
  0x8023,0x8023,0x8023,0x8023,0x8023,0x8023,0x8023,0x8023,0x8023,0x8023,0x8003,0x8002,0x8003,0x8024,0x8003,0x8046,
  0x8023,0x8023,0x8003,0x8023,0x8022,0x8022,0x8022,0x8022,0x8002,0x8002,0x8022,0x8002,0x8022,0x8002,0x8002,0x8002,
  0x8002,0x8002,0x8002,0x8002,0x8002,0x8002,0x8002,0x8002,0x8002,0x8002,0x8002,0x8002,0x8002,0x8002,0x8002,0x8002,
  0x8002,0x8002,0x8002,0x8002,0x8002,0x8002,0x8001,0x8001,0x8002,0x8002,0x8002,0x8002,0x8002,0x8002,0x8022,0x8022,
  0x8002,0x8002,0x8002,0x8002,0x8002,0x8022,0x8022,0x8002,0x8002,0x8002,0x8002,0x8022,0x8022,0x8002,0x8002,0x8002,
  0x8002,0x8001,0x8002,0x8002,0x8001,0x8001,0x8002,0x8002,0x8002,0x8002,0x8002,0x8002,0x8002,0x8002,0x8022,0x8023,
  0x8022,0x8002,0x8002,0x8002,0x8002,0x8002,0x8002,0x8002,0x8002,0x8002,0x8002,0x8001,0x8002,0x8002,0x8002,0x8002,
  0x8002,0x8002,0x8002,0x8002,0x8002,0x8002,0x8002,0x8002,0x8002,0x8002,0x8002,0x8002,0x8002,0x8002,0x8002,0x8002,
  0x8002,0x8002,0x8002,0x8002,0x8002,0x8002,0x8002,0x8002,0x8002,0x8002,0x8002,0x8001,0x8001,0x8001,0x8002,0x8001,
  0x8002,0x8002,0x8001,0x8003,0x8002,0x8023,0x8002,0x8002,0x8002,0x8002,0x8002,0x8002,0x8002,0x8002,0x8002,0x8002,
  0x8002,0x8002,0x8002,0x8002,0x8002,0x8002,0x8002,0x8002,0x8022,0x8001,0x8002,0x8001,0x8002,0x8002,0x8002,0x8002,
  0x8002,0x8002,0x8022,0x8023,0x8024,0x8044,0x8024,0x8023,0x8022,0x8002,0x8002,0x8002,0x8002,0x8022,0x8002,0x8002,
  0x8002,0x8002,0x8002,0x8002,0x8002,0x8022,0x8022,0x8023,0x8023,0x8002,0x8002,0x8022,0x8002,0x8022,0x8002,0x8002,
  0x8002,0x8002,0x8002,0x8002,0x8002,0x8002,0x8002,0x8002,0x8002,0x8002,0x8002,0x8002,0x8002,0x8002,0x8002,0x8002,
  0x8022,0x8002,0x8002,0x8002,0x8023,0x8002,0x8002,0x8002,0x8002,0x8002,0x8002,0x8002,0x8002,0x8002,0x8002,0x8002,
  0x8002,0x8002,0x8002,0x8002,0x8002,0x8002,0x8002,0x8002,0x8002,0x8002,0x8002,0x8002,0x8002,0x8002,0x8002,0x8002,
  0x8002,0x8002,0x8002,0x8002,0x8002,0x8002,0x8002,0x8002,0x8022,0x8002,0x8002,0x8002,0x8002,0x8002,0x8002,0x8002,
  0x8002,0x8022,0x8022,0x8022,0x8002,0x8002,0x8002,0x8002,0x8002,0x8002,0x8022,0x8022,0x8022,0x8022,0x8023,0x8023,
  0x8024,0x8489,0x9D90,0x8046,0x8045,0x8023,0x8023,0x8022,0x8022,0x8022,0x8002,0x8002,0x8002,0x8002,0x8002,0x8002,
  0x8002,0x8002,0x8002,0x8002,0x8002,0x8002,0x8022,0x8022,0x8022,0x8022,0x8022,0x8422,0x8422,0x8442,0xB987,0x98A3,
  0x8442,0x8422,0x8022,0x8022,0x8022,0x8022,0x8022,0x8022,0x8022,0x8002,0x8022,0x8022,0x8022,0x8023,0x8045,0x8023,
  0x8023,0x8023,0x8023,0x8023,0x8023,0x8002,0x8002,0x8002,0x8002,0x8002,0x8002,0x8002,0x8002,0x8002,0x8002,0x8002,
  0x8002,0x8002,0x8002,0x8002,0x8002,0x8002,0x8002,0x8002,0x8002,0x8002,0x8002,0x8002,0x8002,0x8002,0x8002,0x8002,
  0x8002,0x8002,0x8001,0x8001,0x8002,0x8002,0x8022,0x8022,0x8022,0x8022,0x8487,0x8044,0x8024,0x8023,0x8465,0x8000,
  0x990A,0x8400,0x8000,0x8466,0x8065,0x8487,0x8443,0xA4E6,0x8022,0x8022,0x8022,0x8002,0x8002,0x8022,0x8022,0x8022,
  0x8422,0x9041,0x9C20,0xE9A3,0x9C61,0x8C41,0x8422,0x8022,0x8022,0x8002,0x8002,0x8023,0x8002,0x8002,0x8002,0x8002,
  0x8002,0x8002,0x8022,0x8842,0x8C42,0x9861,0xFFD6,0xE2F5,0xC98A,0xFEA1,0xFBAD,0x9862,0x9861,0x8842,0x8422,0x8022,
  0x8002,0x8002,0x8001,0x8002,0x8001,0x8002,0x8002,0x8002,0x8002,0x8022,0x8865,0xA16D,0x8022,0x8022,0x8022,0x8002,
  0x80CE,0x8068,0x80AD,0x80AC,0x80CD,0x808B,0x80AB,0x80CD,0x8068,0x80AC,0x808A,0x8089,0x8089,0x8089,0x8089,0x8088,
  0x8047,0x8067,0x8067,0x8067,0x8067,0x8067,0x8067,0x8067,0x8067,0x8067,0x8068,0x8023,0x8066,0x8024,0x8023,0x8023,
  0x8023,0x8023,0x8023,0x8023,0x8024,0x8023,0x8023,0x8023,0x8023,0x8023,0x8023,0x8023,0x8002,0x8023,0x8023,0x8046,
  0x8022,0x8023,0x8067,0x8002,0x8022,0x8024,0x8024,0x8023,0x8022,0x8002,0x8002,0x8002,0x8022,0x8002,0x8002,0x8002,
  0x8022,0x8022,0x8022,0x8022,0x8002,0x8022,0x8002,0x8002,0x8002,0x8002,0x8002,0x8002,0x8002,0x8002,0x8002,0x8002,
  0x8002,0x8002,0x8002,0x8002,0x8002,0x8002,0x8002,0x8002,0x8002,0x8002,0x8002,0x8002,0x8002,0x8002,0x8002,0x8002,
  0x8002,0x8002,0x8022,0x8022,0x8022,0x8002,0x8002,0x8022,0x8002,0x8002,0x8002,0x8002,0x8002,0x8002,0x8002,0x8002,
  0x8002,0x8002,0x8001,0x8001,0x8002,0x8002,0x8002,0x8002,0x8002,0x8002,0x8002,0x8002,0x8022,0x8022,0x8022,0x8023,
  0x8023,0x8023,0x8022,0x8002,0x8002,0x8002,0x8002,0x8002,0x8002,0x8002,0x8002,0x8001,0x8002,0x8002,0x8002,0x8002,
  0x8002,0x8002,0x8002,0x8002,0x8002,0x8002,0x8002,0x8002,0x8002,0x8002,0x8002,0x8002,0x8002,0x8002,0x8002,0x8002,
  0x8002,0x8002,0x8002,0x8002,0x8002,0x8002,0x8002,0x8002,0x8002,0x8002,0x8002,0x8002,0x8002,0x8002,0x8001,0x8001,
  0x8001,0x8001,0x8001,0x8002,0x8002,0x8002,0x8002,0x8002,0x8002,0x8002,0x8002,0x8002,0x8002,0x8002,0x8002,0x8002,
  0x8002,0x8002,0x8002,0x8002,0x8001,0x8002,0x8002,0x8002,0x8002,0x8002,0x8001,0x8001,0x8001,0x8002,0x8002,0x8002,
  0x8002,0x8022,0x8023,0x8024,0x8004,0xFFFF,0x8025,0x8023,0x8023,0x8002,0x8002,0x8003,0x8002,0x8002,0x8002,0x8022,
  0x8002,0x8002,0x8002,0x8002,0x8023,0x8002,0x8002,0x8023,0x8023,0x8002,0x8002,0x8002,0x8002,0x8023,0x8002,0x8002,
  0x8002,0x8002,0x8002,0x8001,0x8002,0x8002,0x8002,0x8002,0x8002,0x8002,0x8002,0x8002,0x8002,0x8002,0x8002,0x8002,
  0x8002,0x8002,0x8002,0x8002,0x8023,0x8022,0x8022,0x8002,0x8002,0x8002,0x8002,0x8002,0x8002,0x8002,0x8002,0x8002,
  0x8002,0x8002,0x8002,0x8002,0x8002,0x8002,0x8002,0x8002,0x8002,0x8002,0x8002,0x8002,0x8002,0x8002,0x8002,0x8002,
  0x8002,0x8002,0x8002,0x8002,0x8002,0x8002,0x8002,0x8002,0x8002,0x8002,0x8002,0x8002,0x8022,0x8002,0x8002,0x8002,
  0x8022,0x8022,0x8002,0x8002,0x8002,0x8002,0x8002,0x8002,0x8002,0x8002,0x8022,0x8022,0x8022,0x8022,0x8023,0x8023,
  0x8024,0x8024,0x8046,0x8024,0x8023,0x8023,0x8022,0x8022,0x8023,0x8022,0x8002,0x8002,0x8002,0x8002,0x8002,0x8002,
  0x8002,0x8002,0x8002,0x8002,0x8002,0x8002,0x8022,0x8022,0x8023,0x8442,0x8422,0x8842,0x8842,0x8842,0xBD87,0x9C83,
  0x8842,0x8442,0x8422,0x8422,0x8022,0x8023,0x8022,0x8022,0x8023,0x8023,0x8023,0x8023,0x8023,0x8023,0x8069,0x8023,
  0x8024,0x8023,0x8023,0x8023,0x8023,0x8002,0x8002,0x8002,0x8002,0x8002,0x8002,0x8002,0x8002,0x8002,0x8002,0x8022,
  0x8002,0x8067,0x8002,0x8002,0x8002,0x8002,0x8002,0x8002,0x8002,0x8002,0x8002,0x8002,0x8002,0x8002,0x8002,0x8002,
  0x8002,0x8002,0x8002,0x8002,0x8022,0x8022,0x8022,0x8022,0x8022,0x8841,0xFFD8,0xF797,0xCA94,0xCAB5,0x8CC8,0x8420,
  0xE5E5,0xF790,0xFEC1,0x8044,0x8024,0x8002,0x8487,0xA54A,0x8002,0x8022,0x8022,0x8002,0x8002,0x8022,0x8022,0x8022,
  0x8822,0x9861,0xBC60,0xFFFE,0xAC61,0x9041,0x8842,0x8023,0x8022,0x8022,0x8022,0x8022,0x8002,0x8002,0x8002,0x8002,
  0x8002,0x8022,0x8022,0x8842,0x8C42,0xC101,0xFFF9,0xFFDA,0xFE85,0xFFFF,0xFA83,0xA062,0x9C61,0x8842,0x8422,0x8022,
  0x8002,0x8002,0x8001,0x8002,0x8002,0x8002,0x8002,0x8022,0x8022,0x8022,0x8886,0x9D6D,0x8022,0x8022,0x8022,0x8002,
  0x80CF,0x80AE,0x80CE,0x80CF,0x80CF,0x80CE,0x80CE,0x80CE,0x8089,0x80CD,0x808B,0x808A,0x80CE,0x8089,0x8089,0x8089,
  0x8089,0x80AA,0x8089,0x8089,0x8068,0x8068,0x8068,0x8068,0x8067,0x8067,0x8068,0x8067,0x8067,0x8067,0x8023,0x8024,
  0x8023,0x8024,0x8024,0x8023,0x8024,0x8024,0x8024,0x8024,0x8023,0x8023,0x8024,0x8023,0x8023,0x8023,0x8023,0x8023,
  0x8022,0x8022,0x8023,0x8023,0x8023,0x808A,0x808A,0x8002,0x8089,0x80AD,0x8002,0x8002,0x8002,0x8002,0x8022,0x8022,
  0x8022,0x8022,0x8022,0x8022,0x8022,0x8022,0x8002,0x8022,0x8002,0x8002,0x8022,0x8002,0x8002,0x8002,0x8002,0x8002,
  0x8002,0x8002,0x8002,0x8002,0x8002,0x8002,0x8002,0x8002,0x8002,0x8002,0x8002,0x8002,0x8002,0x8002,0x8002,0x8002,
  0x8002,0x8022,0x8022,0x8002,0x8022,0x8022,0x8022,0x8022,0x8022,0x8022,0x8002,0x8022,0x8002,0x8002,0x8001,0x8001,
  0x8002,0x8002,0x8001,0x8002,0x8002,0x8002,0x8002,0x8002,0x8002,0x8002,0x8022,0x8022,0x8022,0x8023,0x8023,0x8045,
  0x8044,0x8023,0x8023,0x8022,0x8022,0x8022,0x8002,0x8002,0x8002,0x8002,0x8002,0x8002,0x8002,0x8002,0x8002,0x8022,
  0x8002,0x8002,0x8002,0x8002,0x8002,0x8022,0x8022,0x8002,0x8002,0x8002,0x8002,0x8022,0x8022,0x8002,0x8002,0x8002,
  0x8002,0x8002,0x8002,0x8002,0x8002,0x8002,0x8002,0x8002,0x8002,0x8002,0x8002,0x8002,0x8001,0x8002,0x8002,0x8001,
  0x8001,0x8001,0x8001,0x8002,0x8002,0x8002,0x8002,0x8002,0x8002,0x8022,0x8002,0x8002,0x812D,0x8002,0x8002,0x8002,
  0x8002,0x8002,0x8002,0x8002,0x8002,0x8022,0x8002,0x8022,0x8022,0x8002,0x8002,0x8001,0x8002,0x8002,0x8001,0x8002,
  0x8002,0x8002,0x8002,0x8023,0x8024,0x8004,0x8024,0x8023,0x8002,0x8002,0x8002,0x8194,0x8002,0x8022,0x8022,0x8002,
  0x8002,0x8002,0x8002,0x8002,0x8002,0x8002,0x8002,0x8023,0x8023,0x8002,0x8002,0x8002,0x8002,0x8002,0x8002,0x8002,
  0x8002,0x8002,0x8002,0x8002,0x8002,0x8002,0x8002,0x8002,0x8002,0x8002,0x8002,0x8002,0x8002,0x8002,0x8002,0x8002,
  0x8002,0x8022,0x8022,0x8022,0x8023,0x8002,0x8002,0x8002,0x8002,0x8002,0x8002,0x8002,0x8023,0x8002,0x8002,0x8002,
  0x8022,0x8002,0x8002,0x8002,0x8002,0x8002,0x8002,0x8002,0x8002,0x8002,0x8002,0x8002,0x8002,0x8022,0x8002,0x8002,
  0x8002,0x8002,0x8002,0x8002,0x8002,0x8002,0x8002,0x8002,0x8002,0x8002,0x8002,0x8002,0x8002,0x8002,0x8002,0x8002,
  0x8002,0x8022,0x8002,0x8002,0x8002,0x8022,0x8002,0x8002,0x8002,0x8002,0x8002,0x8022,0x8022,0x8022,0x8023,0x8023,
  0x8023,0x8023,0x8045,0x8023,0x8023,0x8023,0x8023,0x8002,0x8022,0x8022,0x8022,0x8022,0x8022,0x8022,0x8002,0x8002,
  0x8002,0x8002,0x8002,0x8002,0x8002,0x8022,0x8022,0x8022,0x8422,0x8422,0x8842,0x8C62,0x8C62,0x8C62,0xC5E8,0xA4C3,
  0x8C42,0x8842,0x8842,0x8422,0x8422,0x8023,0x8022,0x8022,0x8022,0x8023,0x8023,0x8024,0x8044,0x8045,0x80AD,0x8045,
  0x8045,0x8024,0x8023,0x8023,0x8023,0x8023,0x8022,0x8002,0x8002,0x8002,0x8002,0x8022,0x8022,0x8002,0x8022,0x8022,
  0x8002,0x8067,0x8002,0x8002,0x8002,0x8002,0x8002,0x8002,0x8002,0x8002,0x8002,0x8002,0x8002,0x8002,0x8002,0x8002,
  0x8022,0x8002,0x8002,0x8044,0x8022,0x8022,0x8022,0x8022,0x8022,0xFB95,0xFB0F,0xBE72,0xAE13,0xA1B0,0x8023,0x8421,
  0xEA05,0xFBD7,0xFEE1,0x8465,0x8045,0x8002,0x8487,0x8CA7,0xFA63,0x8001,0x8021,0x8022,0x8002,0x8022,0x8022,0x8022,
  0x8422,0x9041,0xA420,0xFF2A,0x9C61,0x8C42,0x8842,0x8022,0x8023,0x8022,0x8002,0x8002,0x8022,0x80EE,0x8002,0x8002,
  0x8002,0x8022,0x8022,0x8842,0x8C62,0xB8E2,0xFFFA,0xEB36,0xE1C5,0xFFD7,0xFFD4,0x9C42,0x9861,0x8842,0x8442,0x8022,
  0x8002,0x8002,0x8002,0x8002,0x8002,0x8022,0x8002,0x8002,0x8022,0x8022,0x8C85,0xA56C,0x8022,0x8022,0x8022,0x8022,
  0x8135,0x8135,0x8135,0x80CF,0x80D0,0x80D0,0x80CF,0x80CF,0x80CF,0x80CE,0x80CE,0x80CE,0x80AD,0x80AC,0x80AC,0x80AB,
  0x8089,0x80CE,0x80AA,0x808A,0x8068,0x8068,0x8089,0x80CC,0x8068,0x8067,0x8068,0x8067,0x8066,0x8046,0x8045,0x8067,
  0x8067,0x8023,0x8066,0x8067,0x8067,0x8024,0x8024,0x8023,0x8023,0x8023,0x8045,0x8023,0x8023,0x8023,0x8024,0x8023,
  0x8023,0x8023,0x8023,0x8023,0x8023,0x8022,0x8023,0x8002,0x8002,0x8002,0x8024,0x8047,0x80D0,0x8069,0x808A,0x8068,
  0x8002,0x8002,0x8022,0x8023,0x8022,0x8023,0x8002,0x8002,0x8002,0x8002,0x8002,0x8002,0x8002,0x8002,0x8002,0x8002,
  0x8002,0x8002,0x8002,0x8002,0x8002,0x8002,0x8002,0x8002,0x8002,0x8002,0x8002,0x8022,0x8002,0x8002,0x8002,0x8002,
  0x8002,0x8002,0x8022,0x8002,0x8022,0x8023,0x8023,0x8002,0x8023,0x8022,0x8002,0x8022,0x8022,0x8002,0x8002,0x8002,
  0x8002,0x8002,0x8001,0x8002,0x8002,0x8002,0x8002,0x8002,0x8002,0x8022,0x8022,0x8022,0x8023,0x8023,0x8044,0x8066,
  0x8045,0x8045,0x8023,0x8022,0x8002,0x8002,0x8002,0x8002,0x8002,0x8002,0x8002,0x8002,0x8002,0x8002,0x8002,0x8002,
  0x8002,0x8002,0x8002,0x8022,0x8002,0x8022,0x8002,0x8002,0x8002,0x8000,0x86BC,0x8022,0x8022,0x8002,0x8002,0x8002,
  0x8002,0x8002,0x8002,0x8002,0x8022,0x8002,0x8022,0x8002,0x8002,0x8002,0x8002,0x8002,0x8002,0x8001,0x8001,0x8002,
  0x8002,0x8001,0x8002,0x8002,0x8002,0x8002,0x8002,0x8002,0x8002,0x8002,0x8002,0x8002,0x8002,0x8002,0x8002,0x8002,
  0x8002,0x8002,0x8002,0x8001,0x8002,0x8002,0x8002,0x8002,0x8002,0x8002,0x8002,0x8002,0x8002,0x8002,0x8002,0x8002,
  0x8002,0x8002,0x8002,0x8023,0x8023,0x8023,0x8003,0x8023,0x8002,0x8002,0x8002,0x8002,0x8002,0x8002,0x8022,0x8002,
  0x8002,0x8002,0x8002,0x8002,0x8002,0x8002,0x8002,0x8023,0x8022,0x8002,0x8022,0x8002,0x8002,0x8002,0x8002,0x8002,
  0x8002,0x8002,0x8002,0x8002,0x8002,0x8002,0x8002,0x8002,0x8002,0x8002,0x8002,0x8002,0x8002,0x8002,0x8023,0x8002,
  0x8002,0x8022,0x8023,0x8023,0x8023,0x8023,0x8023,0x8023,0x8002,0x8002,0x8002,0x8002,0x8023,0x8002,0x8002,0x8002,
  0x8022,0x8002,0x8002,0x8002,0x8002,0x8002,0x8002,0x8002,0x8002,0x8002,0x8002,0x8002,0x8002,0x8022,0x8022,0x8002,
  0x8022,0x8002,0x8002,0x8002,0x8002,0x8002,0x8002,0x8002,0x8002,0x8002,0x8002,0x8002,0x8002,0x8002,0x8002,0x8002,
  0x8002,0x8002,0x8002,0x8068,0x810F,0x8023,0x8023,0x8002,0x8002,0x8001,0x8022,0x8022,0x8022,0x8022,0x8023,0x8002,
  0x8023,0x8023,0x8023,0x8023,0x8023,0x8023,0x8002,0x8002,0x8002,0x8002,0x8002,0x8002,0x8022,0x8002,0x8002,0x8002,
  0x8022,0x8002,0x8002,0x8002,0x8022,0x8022,0x8022,0x8022,0x8442,0x8842,0x8C42,0xAC81,0xB080,0x9860,0xD20A,0xB0E3,
  0x9461,0x9462,0x8C42,0x8422,0x8022,0x8443,0x8022,0x8002,0x8022,0x8022,0x8024,0x8044,0x8045,0x8047,0x8112,0x8048,
  0x8046,0x8045,0x8023,0x8023,0x8023,0x8023,0x8002,0x8002,0x8002,0x8002,0x8002,0x8002,0x8002,0x8002,0x8002,0x8002,
  0x8002,0x8002,0x8002,0x8002,0x8002,0x8002,0x8002,0x8002,0x8002,0x8002,0x8002,0x8002,0x8002,0x8002,0x8002,0x8022,
  0x8002,0x8022,0x8022,0x8022,0x8022,0x8022,0x8022,0x8022,0x8022,0xFFB5,0xFB2E,0xBDAB,0xADCF,0xA190,0x8044,0x8421,
  0xDE05,0xFBDF,0xFF00,0x8487,0x8066,0x8001,0x8066,0x8466,0xE5A1,0x8001,0x8021,0x8022,0x8022,0x8022,0x8023,0x8022,
  0x8422,0x8842,0x8421,0xE1A3,0x8842,0x8842,0x8022,0x8022,0x8022,0x8002,0x8002,0x8002,0x8002,0x8002,0x8002,0x8002,
  0x8002,0x8002,0x8022,0x8422,0x8842,0x9084,0xFB97,0xD6F8,0xA98F,0xB0E4,0xB8E2,0x8C42,0x8841,0x8842,0x8422,0x8002,
  0x8002,0x8002,0x8001,0x8002,0x8002,0x8002,0x8002,0x8022,0x8022,0x8022,0x9CA4,0xBD69,0x8022,0x8022,0x8022,0x8022,
  0x81BD,0x819C,0x8137,0x8137,0x8113,0x8136,0x8115,0x8114,0x8114,0x80F1,0x80F1,0x8111,0x80CF,0x80CF,0x80CE,0x80CD,
  0x80CD,0x80CE,0x80CE,0x80CE,0x80CD,0x808A,0x80AC,0x8089,0x8068,0x80AB,0x8067,0x8068,0x8068,0x8089,0x8067,0x8067,
  0x8067,0x8067,0x8067,0x8067,0x8024,0x8024,0x8067,0x8067,0x8024,0x8024,0x8023,0x8023,0x8023,0x8023,0x8023,0x8024,
  0x8023,0x8024,0x8023,0x8023,0x8023,0x8023,0x8023,0x8023,0x8022,0x8022,0x8002,0x8022,0x8022,0x8022,0x8022,0x806B,
  0x808C,0x80AD,0x80CF,0x80D1,0x80D1,0x8135,0x8001,0x8001,0x8001,0x8002,0x8002,0x8002,0x8002,0x8022,0x8002,0x8002,
  0x8002,0x8002,0x8002,0x8002,0x8002,0x8002,0x8002,0x8002,0x8002,0x8002,0x8022,0x8022,0x8022,0x8002,0x8022,0x8023,
  0x8022,0x8023,0x8023,0x8023,0x8023,0x8023,0x8023,0x8023,0x8023,0x8023,0x8022,0x8022,0x8022,0x8002,0x8002,0x8002,
  0x8002,0x8002,0x8002,0x8002,0x8002,0x8002,0x8002,0x8002,0x8002,0x8002,0x8022,0x8022,0x8023,0x8044,0x8046,0xF7DE,
  0x9DB0,0x8444,0x8045,0x8023,0x8022,0x8022,0x8002,0x8002,0x8002,0x8002,0x8002,0x8002,0x8002,0x8002,0x8002,0x8002,
  0x8002,0x8002,0x8002,0x8002,0x8002,0x8002,0x8002,0x8002,0x8002,0x8002,0x8002,0x8002,0x8002,0x8022,0x8002,0x8002,
  0x8002,0x8002,0x8002,0x8002,0x8002,0x8002,0x8002,0x8022,0x8002,0x8002,0x8002,0x8002,0x8002,0x8002,0x8002,0x8002,
  0x8002,0x8002,0x8002,0x8002,0x8002,0x8002,0x8002,0x8002,0x8002,0x8002,0x8002,0x8002,0x8002,0x8002,0x8002,0x8002,
  0x8002,0x8002,0x8002,0x8002,0x8002,0x8002,0x8002,0x8022,0x8023,0x8002,0x8002,0x8002,0x8002,0x8002,0x8002,0x8002,
  0x8002,0x8001,0x8002,0x8002,0x8002,0x8023,0x8002,0x8002,0x8002,0x8002,0x8002,0x8002,0x8002,0x8002,0x8002,0x8002,
  0x8002,0x8022,0x8022,0x8002,0x8022,0x8002,0x8023,0x8022,0x8002,0x8002,0x8002,0x8002,0x8001,0x8002,0x8002,0x8002,
  0x8002,0x8002,0x8002,0x8002,0x8001,0x8002,0x8002,0x8002,0x8002,0x8002,0x8002,0x8002,0x8002,0x8002,0x8022,0x8023,
  0x8022,0x8023,0x8023,0x8023,0x8045,0x8023,0x8023,0x8023,0x8002,0x8002,0x8023,0x8002,0x8002,0x8002,0x8023,0x8022,
  0x8002,0x8002,0x8002,0x8022,0x8002,0x8002,0x8002,0x8002,0x8002,0x8002,0x8002,0x8022,0x8002,0x8002,0x8002,0x8022,
  0x8002,0x8002,0x8002,0x8002,0x8002,0x8002,0x8002,0x8002,0x8002,0x8002,0x8002,0x8002,0x8002,0x8002,0x8002,0x8002,
  0x8002,0x8002,0x8002,0x8002,0x8002,0x8002,0x8002,0x8022,0x8002,0x8002,0x8022,0x8022,0x8022,0x8022,0x8022,0x8002,
  0x8022,0x8022,0x8023,0x8022,0x8002,0x8002,0x8002,0x8002,0x8002,0x8002,0x8002,0x8002,0x8022,0x8002,0x8002,0x8002,
  0x8002,0x8002,0x8002,0x8022,0x8022,0x8022,0x8022,0x8422,0x8842,0x8842,0xA8C3,0xFFD0,0xFFD0,0xA081,0xD22B,0xBCE3,
  0xACA0,0x9861,0x9062,0x8842,0x8422,0x8423,0x8022,0x8022,0x8022,0x8023,0x8044,0x8046,0x8068,0x80AE,0xFFFF,0x804D,
  0x8067,0x8066,0x8044,0x8023,0x8023,0x8023,0x8002,0x8002,0x8002,0x8002,0x8002,0x8002,0x8002,0x8002,0x8002,0x8002,
  0x8002,0x8002,0x8002,0x8002,0x8002,0x8002,0x8002,0x8002,0x8022,0x8022,0x8022,0x8022,0x8022,0x8022,0x8022,0x8022,
  0x8022,0x8022,0x8022,0x8022,0x8022,0x8023,0x8022,0x8021,0x8022,0xFBB5,0xFF71,0xEECC,0xB1B0,0xA5D0,0x8088,0x8421,
  0xE5E4,0xFBFF,0xFEC0,0x8487,0x8000,0x8000,0x8465,0x8865,0xE1A1,0x8001,0x8021,0x8022,0x8022,0x8023,0x8023,0x8023,
  0x8023,0x8043,0x8001,0xBE12,0x8022,0x8022,0x8022,0x8022,0x8022,0x8022,0x8022,0x8002,0x8002,0x8002,0x8002,0x8002,
  0x8002,0x8002,0x8022,0x8022,0x8422,0x8443,0xA96C,0xDAF8,0xA56D,0xA4A3,0x94A5,0x8422,0x8422,0x8022,0x8022,0x8022,
  0x8002,0x8002,0x8002,0x8002,0x8002,0x8002,0x8022,0x8022,0x8422,0x8442,0x9CA3,0xC9A9,0x8442,0x8442,0x8422,0x8022,
  0x823F,0x81FF,0x819B,0x819C,0x819C,0x8179,0x8159,0x8159,0x8159,0x8115,0x8114,0x8114,0x8113,0x8112,0x80F2,0x80F2,
  0x80F0,0x8134,0x80CE,0x80CE,0x80CE,0x80AC,0x80AC,0x80AC,0x80AC,0x80AB,0x808A,0x8089,0x8088,0x80AA,0x8089,0x8068,
  0x8067,0x80AA,0x8067,0x8067,0x8067,0x8067,0x8067,0x8025,0x8046,0x8046,0x8045,0x8045,0x8023,0x8066,0x8023,0x8023,
  0x8023,0x8024,0x8044,0x8023,0x8046,0x8023,0x8023,0x8023,0x8023,0x8023,0x8023,0x8022,0x8023,0x8023,0x8023,0x8022,
  0x8002,0x8002,0x8003,0x8047,0x8179,0x8158,0x8135,0x8159,0x8159,0x80F3,0x80D1,0x806A,0x8026,0x8002,0x8002,0x8002,
  0x8002,0x8002,0x8002,0x8002,0x8002,0x8002,0x8002,0x8002,0x8022,0x8002,0x8023,0x8023,0x8023,0x8023,0x8023,0x8023,
  0x8023,0x8023,0x8024,0x8023,0x8023,0x8044,0x8023,0x8023,0x8023,0x8023,0x8023,0x8023,0x8022,0x8002,0x8002,0x8022,
  0x8002,0x8002,0x8002,0x8002,0x8022,0x8022,0x8002,0x8002,0x8002,0x8002,0x8002,0x8022,0x8023,0x8024,0x8044,0x8467,
  0x8066,0x8024,0x8023,0x8023,0x8022,0x8022,0x8022,0x8022,0x8002,0x8022,0x8002,0x8002,0x8002,0x8002,0x8002,0x8022,
  0x8002,0x8002,0x8002,0x8002,0x8002,0x8002,0x8002,0x8002,0x8002,0x8002,0x8002,0x8002,0x8002,0x8002,0x8002,0x8002,
  0x8002,0x8002,0x8002,0x8002,0x8002,0x8002,0x8002,0x8002,0x8002,0x8002,0x8002,0x8002,0x8002,0x8002,0x8002,0x8002,
  0x8002,0x8002,0x8002,0x8002,0x8001,0x8002,0x8002,0x8002,0x8002,0x8002,0x8002,0x8002,0x8002,0x8002,0x8002,0x8001,
  0x8002,0x8002,0x8002,0x8002,0x8002,0x8002,0x8002,0x8002,0x8022,0x8002,0x8022,0x8002,0x8002,0x8002,0x8002,0x8002,
  0x8002,0x8002,0x8002,0x8002,0x8002,0x8002,0x8002,0x8002,0x8002,0x8002,0x8002,0x8002,0x8002,0x8002,0x8002,0x8002,
  0x8002,0x8002,0x8002,0x8002,0x8002,0x8002,0x8002,0x8023,0x8023,0x8002,0x8002,0x8002,0x8002,0x8002,0x8001,0x8002,
  0x8002,0x8002,0x8002,0x8002,0x8002,0x8002,0x8002,0x8002,0x8002,0x8002,0x8002,0x8002,0x8002,0x8002,0x8022,0x8022,
  0x8022,0x8023,0x8023,0x8023,0x8046,0x8024,0x8023,0x8023,0x8023,0x8023,0x8022,0x8022,0x8023,0x8023,0x8022,0x8022,
  0x8002,0x8002,0x8002,0x8002,0x8002,0x8002,0x8002,0x8022,0x8002,0x8022,0x8002,0x8022,0x8022,0x8002,0x8002,0x8002,
  0x8002,0x8022,0x8002,0x8002,0x8002,0x8002,0x8002,0x8002,0x8002,0x8002,0x8002,0x8002,0x8002,0x8002,0x8002,0x8002,
  0x8002,0x8002,0x8002,0x8002,0x8002,0x8002,0x8022,0x8023,0x8002,0x8022,0x8002,0x8002,0x8022,0x8022,0x8022,0x8022,
  0x8002,0x8002,0x8002,0x8022,0x8002,0x8002,0x8002,0x8002,0x8002,0x8002,0x8002,0x8022,0x8022,0x8022,0x8002,0x8002,
  0x8002,0x8002,0x8022,0x8022,0x8022,0x8022,0x8022,0x8443,0x8842,0x8C42,0xB0C2,0xFFF2,0xFFF4,0xA481,0xCE09,0xEDC2,
  0xEE65,0xA4A1,0x9462,0x8C43,0x8843,0x8422,0x8C63,0x8023,0x8023,0x8044,0x8066,0x8068,0x80AC,0xB278,0xF7DF,0x927A,
  0x80AC,0x8069,0x8046,0x8023,0x8024,0x8024,0x8023,0x8023,0x8002,0x8045,0x8002,0x8002,0x8002,0x8002,0x8002,0x8002,
  0x8002,0x8002,0x8002,0x8002,0x8002,0x8002,0x8022,0x8022,0x8022,0x8022,0x8022,0x8022,0x8022,0x8022,0x8022,0x8022,
  0x8022,0x8022,0x8022,0x8022,0x8023,0x8023,0x8023,0x8022,0x8022,0xFB95,0xFF91,0xD6B3,0xAA13,0x88C9,0x8065,0x8420,
  0xE5A2,0xFBDD,0xFEC0,0x8065,0x8000,0x8000,0x8045,0x8886,0xE9C1,0x8022,0x8021,0x8022,0x8022,0x8022,0x8022,0x8023,
  0x8023,0x8023,0x8001,0xB613,0x8022,0x8022,0x8002,0x8002,0x8022,0x8022,0x8022,0x8022,0x8002,0x8002,0x8002,0x8002,
  0x8002,0x8002,0x8022,0x8022,0x8022,0x8022,0x8443,0xE75B,0x9D2C,0xC962,0x90A6,0x8022,0x8022,0x8022,0x8022,0x8002,
  0x8022,0x8002,0x8002,0x8002,0x8002,0x8022,0x8022,0x8422,0x8442,0x8842,0xA4C3,0xD5E7,0x8841,0x8842,0x8842,0x8422,
  0x82DF,0x82DF,0x825F,0x823F,0x827F,0x81DD,0x81DD,0x81DD,0x821F,0x819C,0x819B,0x819B,0x8136,0x8158,0x8159,0x8159,
  0x8136,0x8116,0x80F1,0x80F0,0x80F1,0x80F1,0x80F0,0x80D0,0x80CF,0x80F0,0x80AC,0x80AC,0x80CD,0x80AC,0x80AC,0x808A,
  0x8089,0x80CC,0x8089,0x8089,0x8089,0x8088,0x8068,0x8068,0x8067,0x8046,0x8046,0x8046,0x8046,0x8046,0x8046,0x8066,
  0x8023,0x8024,0x8024,0x8044,0x8045,0x8023,0x8023,0x8023,0x8023,0x8023,0x8023,0x8023,0x8023,0x8024,0x8023,0x8023,
  0x8023,0x8023,0x8023,0x8023,0x8023,0x8003,0x8023,0x8023,0x8026,0x8158,0x819D,0x817D,0x815A,0x827F,0x81FE,0x8138,
  0x8157,0x8024,0x8024,0x8002,0x8022,0x8002,0x8023,0x8023,0x8023,0x8023,0x8023,0x8023,0x8023,0x8023,0x8024,0x8024,
  0x8024,0x8024,0x8044,0x8045,0x8045,0x8045,0x8045,0x8044,0x8044,0x8023,0x8023,0x8023,0x8022,0x8022,0x8022,0x8022,
  0x8022,0x8022,0x8002,0x8002,0x8002,0x8002,0x8002,0x8002,0x8002,0x8002,0x8002,0x8002,0x8022,0x8023,0x8023,0x8045,
  0x8024,0x8023,0x8023,0x8022,0x8022,0x8022,0x8022,0x8002,0x8002,0x8002,0x8002,0x8022,0x8002,0x8022,0x8002,0x8002,
  0x8002,0x8002,0x8002,0x8002,0x8002,0x8002,0x8002,0x8002,0x8002,0x8002,0x8002,0x8002,0x8002,0x8002,0x8002,0x8002,
  0x8002,0x8002,0x8002,0x8002,0x8002,0x8002,0x8002,0x8002,0x8002,0x8002,0x8002,0x8002,0x8002,0x8002,0x8002,0x8002,
  0x8002,0x8002,0x8002,0x8001,0x8001,0x8001,0x8002,0x8001,0x8002,0x8002,0x8002,0x8002,0x8002,0x8002,0x8002,0x8002,
  0x8002,0x8001,0x8002,0x8002,0x8002,0x8002,0x8002,0x8022,0x8022,0x8025,0x8002,0x8002,0x8002,0x8002,0x8023,0x8022,
  0x8002,0x8002,0x8024,0x8023,0x8022,0x8022,0x8002,0x8002,0x8002,0x8002,0x8002,0x8002,0x8002,0x8002,0x8002,0x8022,
  0x8002,0x8002,0x8002,0x8022,0x8002,0x8002,0x8002,0x8002,0x8002,0x8002,0x8001,0x8001,0x8002,0x8002,0x8001,0x8022,
  0x8002,0x8002,0x8022,0x8022,0x8022,0x8002,0x8023,0x8002,0x8002,0x8002,0x8022,0x8023,0x8023,0x8022,0x8022,0x8022,
  0x8022,0x8024,0x8045,0x8044,0x80AB,0x8045,0x8024,0x8024,0x8023,0x8023,0x8022,0x8023,0x8023,0x8023,0x8023,0x8023,
  0x8002,0x8002,0x8022,0x8002,0x8002,0x8002,0x8022,0x8002,0x8002,0x8002,0x8002,0x8002,0x8002,0x8002,0x8002,0x8002,
  0x8002,0x8002,0x8002,0x8002,0x8002,0x8002,0x8002,0x8002,0x8022,0x8022,0x8002,0x8002,0x8002,0x8002,0x8003,0x8022,
  0x8022,0x8022,0x8022,0x8002,0x8002,0x8022,0x8002,0x8022,0x8022,0x8022,0x8002,0x8002,0x8022,0x8022,0x8022,0x8022,
  0x8002,0x8002,0x8022,0x8002,0x8002,0x8002,0x8002,0x8002,0x8022,0x8022,0x8002,0x8002,0x8002,0x8002,0x8002,0x8002,
  0x8002,0x8002,0x8002,0x8002,0x8022,0x8022,0x8022,0x8423,0x8842,0x8842,0x9062,0xBD03,0xC102,0x8C41,0xD608,0xFBD6,
  0xFFFB,0x9462,0x8C42,0x8442,0x8422,0x8022,0x8023,0x8022,0x8022,0x8023,0x8023,0x8045,0x8046,0x8068,0x8196,0x806A,
  0x8046,0x8044,0x8024,0x8023,0x8023,0x8023,0x8022,0x8022,0x8022,0x8022,0x8002,0x8002,0x8002,0x8002,0x8022,0x8022,
  0x8022,0x8022,0x8022,0x8002,0x8022,0x8022,0x8022,0x8022,0x8022,0x8022,0x8023,0x8023,0x8022,0x8022,0x8022,0x8022,
  0x8022,0x8022,0x8022,0x8022,0x8443,0x8864,0x8464,0x8863,0x8842,0xFBB5,0xB234,0xAE34,0x88C9,0x8445,0x8000,0x8400,
  0xD101,0xFA40,0xFE61,0x8001,0x8001,0x8001,0x8023,0x8066,0x9D0A,0x8023,0x8022,0x8422,0x8022,0x8022,0x8022,0x8022,
  0x8022,0x8022,0x8000,0xADF3,0x8022,0x8022,0x8023,0x8022,0x8023,0x8023,0x8022,0x8022,0x8002,0x8002,0x8022,0x8002,
  0x8002,0x8002,0x8022,0x8022,0x8022,0x8443,0xCEB4,0xCAB6,0x8CEB,0x90A6,0x90A7,0x8002,0x8002,0x8002,0x8002,0x8022,
  0x8002,0x8002,0x8002,0x8002,0x8002,0x8022,0x8422,0x8442,0x9461,0xA081,0xCD40,0xFA81,0xA081,0x9461,0x8842,0x8422,
  0x87FF,0x87DF,0x82DF,0x82FF,0x82FF,0x829F,0x829F,0x82BF,0x821F,0x821F,0x821F,0x821F,0x81DE,0x81DE,0x81DE,0x81BD,
  0x8137,0x817B,0x817A,0x8137,0x8116,0x8115,0x80F1,0x80F2,0x80F3,0x80F2,0x80F1,0x80CD,0x80AD,0x80AD,0x80AC,0x80AC,
  0x80AC,0x80AC,0x808A,0x808A,0x8068,0x8088,0x8089,0x8068,0x8068,0x8068,0x8067,0x8067,0x8067,0x8067,0x8046,0x8046,
  0x8023,0x8046,0x8024,0x8044,0x8023,0x8023,0x8023,0x8023,0x8023,0x8024,0x8023,0x8023,0x8023,0x8023,0x8023,0x8023,
  0x8023,0x8023,0x8023,0x8023,0x8023,0x8022,0x8023,0x8023,0x8022,0x8023,0x8023,0x8023,0x8023,0x808E,0x80AD,0x8116,
  0x819B,0x82BF,0x82BF,0x863D,0x8155,0x8112,0x8110,0x8046,0x8003,0x8023,0x8023,0x8023,0x8024,0x8024,0x8044,0x8045,
  0x8045,0x8046,0x8045,0x8067,0x8068,0x8066,0x8067,0x8045,0x8045,0x8024,0x8023,0x8023,0x8023,0x8023,0x8022,0x8022,
  0x8022,0x8022,0x8022,0x8002,0x8002,0x8002,0x8002,0x8002,0x8002,0x8002,0x8002,0x8002,0x8022,0x8022,0x8023,0x8023,
  0x8023,0x8023,0x8023,0x8022,0x8002,0x8022,0x8022,0x8002,0x8022,0x8002,0x8002,0x8002,0x8002,0x8022,0x8022,0x8002,
  0x8002,0x8002,0x8002,0x8002,0x8002,0x8002,0x8002,0x8002,0x8002,0x8002,0x8002,0x8002,0x8002,0x8002,0x8002,0x8002,
  0x8002,0x8002,0x8002,0x8002,0x8002,0x8002,0x8002,0x8002,0x8002,0x8002,0x8002,0x8002,0x8002,0x8002,0x8002,0x8002,
  0x8002,0x8001,0x8002,0x8001,0x8002,0x8002,0x8001,0x8002,0x8002,0x8002,0x8002,0x8002,0x8002,0x8002,0x8001,0x8002,
  0x8001,0x8001,0x8002,0x8002,0x8001,0x8002,0x8002,0x8002,0x8002,0x8022,0x8002,0x8002,0x8022,0x8022,0x8023,0x8023,
  0x8002,0x8023,0x8022,0x8002,0x8022,0x8022,0x8002,0x8002,0x8002,0x8002,0x8002,0x8002,0x8001,0x8002,0x8002,0x8002,
  0x8002,0x8002,0x8002,0x8022,0x8002,0x8002,0x8002,0x8002,0x8002,0x8002,0x8001,0x8002,0x8002,0x8002,0x8002,0x8022,
  0x8002,0x8002,0x8023,0x8023,0x8023,0x8022,0x8002,0x8002,0x8022,0x8002,0x8023,0x8022,0x8022,0x8023,0x8023,0x8023,
  0x8023,0x8024,0x8045,0x8045,0x80CE,0x8046,0x8045,0x8044,0x8023,0x8023,0x8023,0x8023,0x8023,0x8022,0x8002,0x8002,
  0x8002,0x8002,0x8002,0x8002,0x8002,0x8002,0x8002,0x8002,0x8002,0x8022,0x8002,0x8002,0x8002,0x8002,0x8002,0x8002,
  0x8002,0x8002,0x8002,0x8002,0x8002,0x8002,0x8022,0x8002,0x8002,0x8022,0x8002,0x8002,0x8002,0x8002,0x8066,0x8023,
  0x8022,0x8002,0x8002,0x8002,0x8002,0x8022,0x8022,0x8022,0x8067,0x8023,0x8022,0x8022,0x8002,0x8002,0x8022,0x8022,
  0x8002,0x8002,0x8022,0x8002,0x8002,0x8002,0x8022,0x8002,0x8002,0x8022,0x8002,0x8002,0x8002,0x8002,0x8002,0x8002,
  0x8002,0x8002,0x8002,0x8002,0x8022,0x8022,0x8022,0x8022,0x8422,0x8442,0x8842,0xAD8D,0xB1AD,0x8842,0xD208,0xAD4C,
  0xAD2A,0x8822,0x8422,0x8422,0x8022,0x8022,0x8022,0x8022,0x8023,0x8023,0x8023,0x8045,0x8045,0x8045,0x80F0,0x8045,
  0x8045,0x8024,0x8023,0x8023,0x8023,0x8022,0x8022,0x8022,0x8002,0x8002,0x8002,0x8002,0x8002,0x8002,0x8002,0x8022,
  0x8022,0x8022,0x8022,0x8022,0x8022,0x8022,0x8022,0x8022,0x8022,0x8022,0x8023,0x8023,0x8023,0x8023,0x8023,0x8023,
  0x8022,0x8022,0x8022,0x8021,0xE647,0xFBBC,0xFBB8,0xFB8F,0xFBB3,0xAE13,0xA5F2,0xB612,0xBE32,0xB211,0x8088,0x88A9,
  0x8CC9,0x88A8,0x90C8,0x90E9,0x8467,0x8067,0x8488,0x9CE7,0x90A6,0xA4E6,0xBD03,0xEE83,0xEB0D,0xF2E3,0x8022,0x8022,
  0x8023,0x8002,0x8000,0xB636,0x8002,0x8022,0x8023,0x8023,0x8023,0x8002,0x8002,0x8002,0x8002,0x8002,0x8002,0x8002,
  0x8002,0x8002,0x8022,0x8022,0x8022,0x8443,0xDEF4,0xDEF6,0x9D2B,0xDA08,0x8CC8,0x8002,0x8002,0x8002,0x8002,0x8002,
  0x8002,0x8002,0x8002,0x8002,0x8002,0x8022,0x8422,0x8422,0x9C81,0xBCC0,0xFF8B,0xFFD8,0xDD60,0x9C61,0x8842,0x8422,
  0xFBFF,0xFFFF,0xD7DF,0xD7FF,0xD7FF,0x83BF,0x83DF,0x87DF,0x83BF,0x839F,0x837F,0x835F,0x827F,0x829F,0x825F,0x821F,
  0x821F,0x81BD,0x81BD,0x81BD,0x819D,0x819C,0x81BD,0x8136,0x8137,0x8159,0x8136,0x8114,0x8114,0x80F1,0x80F1,0x80F0,
  0x80AD,0x80CF,0x80CE,0x80AC,0x80AC,0x80AC,0x80AC,0x80CD,0x8069,0x8068,0x808A,0x8068,0x8068,0x8068,0x8089,0x8067,
  0x8067,0x8068,0x8066,0x8066,0x8046,0x8046,0x8045,0x8023,0x8023,0x8045,0x8024,0x8023,0x8023,0x8024,0x8024,0x8023,
  0x8045,0x8023,0x8023,0x8023,0x8023,0x8022,0x8023,0x8023,0x8023,0x8023,0x8023,0x8023,0x8023,0x8023,0x8023,0x8002,
  0x8002,0x8001,0x8002,0x8003,0x8135,0x82DF,0x831F,0x833F,0x82BF,0x82DF,0x829C,0x80EE,0x80CC,0x808A,0x8067,0x8068,
  0x8467,0x8067,0x8066,0x80AC,0x80CE,0x80EF,0x808B,0x8067,0x8046,0x8024,0x8023,0x8023,0x8023,0x8023,0x8023,0x8022,
  0x8022,0x8002,0x8022,0x8002,0x8002,0x8002,0x8002,0x8002,0x8002,0x8002,0x8002,0x8002,0x8002,0x8002,0x8002,0x8022,
  0x8022,0x8002,0x8002,0x8022,0x8002,0x8022,0x8002,0x8002,0x8002,0x8002,0x8002,0x8002,0x8002,0x8022,0x8002,0x8002,
  0x8002,0x8002,0x8002,0x8002,0x8002,0x8002,0x8002,0x8002,0x8002,0x8002,0x8002,0x8002,0x8022,0x8002,0x8002,0x8002,
  0x8002,0x8002,0x8002,0x8002,0x8002,0x8002,0x8002,0x8002,0x8002,0x8002,0x8002,0x8002,0x8022,0x8002,0x8001,0x8002,
  0x8002,0x8002,0x8002,0x8002,0x8002,0x8002,0x8002,0x8002,0x8002,0x8002,0x8002,0x8002,0x8002,0x8002,0x8002,0x8002,
  0x8001,0x8002,0x8002,0x8001,0x8001,0x8022,0x8002,0x8002,0x8002,0x8002,0x8002,0x8002,0x8022,0x8023,0x8023,0x8023,
  0x8023,0x8023,0x8002,0x8023,0x8002,0x8002,0x8002,0x8002,0x8002,0x8002,0x8002,0x8002,0x8002,0x8002,0x8002,0x8002,
  0x8023,0x8002,0x8002,0x8002,0x8002,0x8001,0x8002,0x8002,0x8002,0x8002,0x8002,0x8002,0x8002,0x8002,0x8002,0x8023,
  0x8023,0x8023,0x8024,0x8023,0x8023,0x8023,0x8046,0x8002,0x8022,0x8022,0x8022,0x8022,0x8022,0x8022,0x8023,0x8023,
  0x8024,0x8045,0x8089,0x8089,0x8113,0x808A,0x8046,0x8045,0x8024,0x8023,0x8023,0x8023,0x8023,0x8002,0x8023,0x8022,
  0x8002,0x8002,0x8002,0x8002,0x8002,0x8002,0x8002,0x8022,0x8002,0x8022,0x8002,0x8002,0x8002,0x8002,0x8002,0x8002,
  0x8002,0x8002,0x8002,0x8002,0x8002,0x8002,0x8002,0x8002,0x8002,0x8002,0x8002,0x8002,0x8002,0x8022,0x8002,0x8023,
  0x8022,0x8002,0x8002,0x8002,0x8002,0x8002,0x8022,0x8002,0x8002,0x8022,0x8022,0x8022,0x8002,0x8002,0x8002,0x8002,
  0x8002,0x8002,0x8002,0x8002,0x8002,0x8002,0x8002,0x8002,0x8002,0x8002,0x8002,0x8002,0x8022,0x8002,0x8002,0x8002,
  0x8002,0x8002,0x8002,0x8002,0x8022,0x8022,0x8022,0x8022,0x8022,0x8422,0x8422,0xA98D,0xADAE,0x8443,0xA98B,0x994F,
  0x992C,0x8843,0x8422,0x8022,0x8022,0x8022,0x8022,0x8022,0x8022,0x8023,0x8023,0x8023,0x8024,0x8024,0x8069,0x8024,
  0x8024,0x8023,0x8023,0x8023,0x8023,0x8022,0x8002,0x8022,0x8002,0x8002,0x8002,0x8002,0x8002,0x8002,0x8002,0x8022,
  0x8022,0x8022,0x8022,0x8022,0x8022,0x8022,0x8023,0x8023,0x8023,0x8022,0x8022,0x8000,0x8002,0x8001,0x8002,0x8022,
  0x9CC5,0xA505,0x8865,0x8002,0xFFF4,0xF772,0xFF8A,0x94A9,0x94E9,0x8C84,0x8022,0x88C9,0x8CC9,0x8CEA,0x8466,0x8465,
  0x8000,0x8000,0x8001,0x8002,0x8002,0x8022,0x8023,0x8023,0x8023,0x8044,0x8444,0xE1C1,0xFF09,0xFF43,0x8002,0x8001,
  0x8001,0x8002,0x8000,0xB1F2,0x8001,0x8000,0x8022,0x8023,0x8023,0x8022,0x8002,0x8002,0x8002,0x8002,0x8002,0x8002,
  0x8002,0x8022,0x8022,0x8022,0x8022,0x8422,0xDAD3,0xFFB7,0xA9F0,0x8468,0x88A9,0x8002,0x8002,0x8002,0x8002,0x8002,
  0x8002,0x8002,0x8002,0x8002,0x8022,0x8022,0x8422,0x8442,0x9C61,0xA060,0xFB2D,0xFFF8,0xCD20,0x9C82,0x8842,0x8422,
  0xE3DF,0xEBFF,0xF7FF,0xF3FF,0xEFFF,0xFBFF,0xFFFF,0xFBFF,0xFFFF,0x93BF,0x87BF,0x8BBF,0x839F,0x839F,0x839F,0x837F,
  0x829F,0x829F,0x827F,0x827F,0x823F,0x821E,0x81FE,0x81BD,0x819D,0x819D,0x8138,0x8117,0x8138,0x80F3,0x8114,0x80F3,
  0x80F2,0x80F1,0x80F1,0x80CF,0x80D0,0x80F0,0x80CE,0x80AC,0x80AD,0x808B,0x80AC,0x80AB,0x808A,0x808A,0x8089,0x8089,
  0x8068,0x8089,0x8089,0x8088,0x8046,0x8046,0x8046,0x8046,0x8046,0x8046,0x8046,0x8023,0x8023,0x8066,0x8024,0x8023,
  0x8024,0x8024,0x8023,0x8023,0x8023,0x8023,0x8023,0x8023,0x8023,0x8022,0x8023,0x8023,0x8023,0x8023,0x8023,0x8022,
  0x8022,0x8022,0x8023,0x8023,0x8023,0x8001,0x8001,0x8002,0x8158,0x819C,0x82FF,0x8F9E,0x9BBE,0xB39E,0x971D,0x827C,
  0x825C,0x86BD,0x804B,0x8136,0x8198,0x8199,0x80CE,0x8066,0x88A7,0x8000,0x8000,0x8000,0x8023,0x8000,0x8001,0x8001,
  0x8002,0x8022,0x8022,0x8022,0x8022,0x8022,0x8002,0x8002,0x8002,0x8002,0x8002,0x8002,0x8002,0x8002,0x8002,0x8022,
  0x8022,0x8022,0x8022,0x8002,0x8002,0x8002,0x8002,0x8002,0x8002,0x8002,0x8002,0x8002,0x8022,0x8002,0x8000,0x8002,
  0x8002,0x8002,0x8002,0x8002,0x8002,0x8002,0x8002,0x8002,0x8002,0x8002,0x8002,0x8002,0x8002,0x8002,0x8002,0x8002,
  0x8002,0x8002,0x8002,0x8002,0x8002,0x8002,0x8002,0x8002,0x8002,0x8002,0x8002,0x8002,0x8022,0x8022,0x8022,0x8022,
  0x8002,0x8001,0x8002,0x8002,0x8002,0x8001,0x8002,0x8002,0x8002,0x8002,0x8002,0x8002,0x8022,0x8002,0x8002,0x8002,
  0x8002,0x8001,0x8002,0x8001,0x8001,0x8002,0x8022,0x8002,0x8002,0x8002,0x8002,0x8023,0x8023,0x8023,0x8024,0x8023,
  0x8023,0x8023,0x8022,0x8002,0x8002,0x8002,0x8002,0x8002,0x8002,0x8002,0x8002,0x8002,0x8002,0x8002,0x8002,0x8002,
  0x8022,0x8002,0x8002,0x8002,0x8002,0x8002,0x8002,0x8002,0x8002,0x8002,0x8002,0x8002,0x8002,0x8002,0x8022,0x8023,
  0x8023,0x8023,0x8487,0x8088,0x8044,0x8023,0x8023,0x8023,0x8002,0x8022,0x8022,0x8023,0x8023,0x8023,0x8023,0x8044,
  0x8045,0x8046,0x80AA,0x80F2,0xFFFF,0x80CF,0x8068,0x8046,0x8024,0x8024,0x8023,0x8023,0x8023,0x8022,0x8023,0x8022,
  0x8022,0x8002,0x8002,0x8002,0x8002,0x8022,0x8022,0x8002,0x8022,0x8022,0x8002,0x8002,0x8002,0x8002,0x8002,0x8002,
  0x8002,0x8002,0x8002,0x8002,0x8002,0x8002,0x8002,0x8002,0x8002,0x8002,0x8002,0x8002,0x8002,0x8002,0x8002,0x8022,
  0x8022,0x8002,0x8002,0x8002,0x8002,0x8002,0x8022,0x8022,0x8022,0x8022,0x8022,0x8002,0x8002,0x8002,0x8002,0x8002,
  0x8002,0x8002,0x8022,0x8022,0x8022,0x8022,0x8022,0x8002,0x8002,0x8022,0x8002,0x8002,0x8002,0x8022,0x8002,0x8002,
  0x8022,0x8002,0x8002,0x8022,0x8022,0x8022,0x8022,0x8022,0x8022,0x8022,0x8022,0xA58E,0xADD0,0x8442,0xDA6B,0xCE2D,
  0xAD4A,0xFF45,0x8002,0x8022,0x8022,0x8022,0x8022,0x8022,0x8022,0x8022,0x8023,0x8023,0x8023,0x8023,0x8088,0x8023,
  0x8023,0x8023,0x8023,0x8023,0x8023,0x8023,0x8022,0x8022,0x8002,0x8002,0x8002,0x8022,0x8022,0x8002,0x8002,0x8022,
  0x8022,0x8022,0x8022,0x8022,0x8443,0x8444,0x8444,0x8444,0x8444,0x8043,0x8042,0x8614,0xE39A,0xF7BA,0xE714,0xC232,
  0xA58D,0xA96D,0x952D,0x8067,0xA98D,0xA9AF,0xA590,0xA590,0x9D6E,0x9D2A,0x8022,0x8022,0x8022,0x8443,0x8000,0x8000,
  0x8001,0x90EA,0x8466,0x8467,0x8466,0x8466,0x8466,0x8465,0x8465,0x8465,0x8465,0x8865,0x8444,0x8864,0x8CC9,0x8445,
  0xCE95,0x90C6,0xFFEC,0xF7AF,0xA8E7,0xC230,0x8048,0xA277,0xA129,0x8022,0x8021,0x8021,0x8001,0x8002,0x8023,0x8023,
  0x8023,0x8022,0x8022,0x8022,0x8002,0x8021,0xA5AF,0xBA96,0xA5F1,0x8487,0x88A8,0x8002,0x8002,0x8002,0x8002,0x8002,
  0x8002,0x8002,0x8002,0x8002,0x8002,0x8022,0x8422,0x8442,0x8841,0x9441,0xC501,0xF643,0x9C81,0x8C42,0x8842,0x8022,
  0xD7BF,0xD79F,0xD79F,0xD79F,0xDFBF,0xEFFF,0xF3FF,0xF3FF,0xF3FF,0xFBFF,0xF7FF,0xF7FF,0xFFFF,0xFFFF,0xA7BF,0x93BF,
  0x839F,0x839E,0x837F,0x839F,0x837F,0x82FF,0x82DF,0x825F,0x823F,0x821E,0x81DD,0x81BC,0x81BC,0x81BD,0x819B,0x8159,
  0x8179,0x8159,0x8158,0x8159,0x80F2,0x80F2,0x80F1,0x80D1,0x80AF,0x80AE,0x80AD,0x80AD,0x80AC,0x80AC,0x80AB,0x80CC,
  0x808A,0x8067,0x808A,0x8089,0x8089,0x8089,0x80CD,0x8067,0x8067,0x8046,0x8045,0x8046,0x8066,0x8066,0x8046,0x8023,
  0x8023,0x8024,0x8024,0x8023,0x8023,0x8023,0x8023,0x8023,0x8023,0x8022,0x80EE,0x8023,0x8023,0x8023,0x8023,0x8022,
  0x8022,0x8022,0x8023,0x8023,0x8023,0x8023,0x8023,0x8022,0x8023,0x8023,0x8023,0x8024,0x8024,0x8178,0x82DF,0x835F,
  0x979E,0xD7FF,0xFFFF,0xFFFF,0xFFFF,0xFFFF,0xB256,0x8001,0x8000,0x8002,0x8CA7,0xA637,0xCAD8,0xAD49,0x8821,0x9461,
  0x8842,0x8401,0x8000,0x8023,0x8023,0x8023,0x8002,0x8002,0x8002,0x8002,0x8002,0x8002,0x8022,0x8002,0x8022,0x8002,
  0x8002,0x8022,0x8002,0x8002,0x8002,0x8002,0x8002,0x8002,0x8002,0x8002,0x8002,0x8002,0x8002,0x8002,0x8110,0x8002,
  0x8002,0x8002,0x8002,0x8002,0x8002,0x8002,0x8002,0x8002,0x8002,0x8002,0x8002,0x8002,0x8022,0x8002,0x8022,0x8002,
  0x8002,0x8002,0x8002,0x8022,0x8002,0x8002,0x8002,0x8002,0x8002,0x8002,0x8022,0x8022,0x8022,0x8022,0x8022,0x8842,
  0x8022,0x8022,0x8022,0x8002,0x8002,0x8002,0x8002,0x8002,0x8002,0x8002,0x8002,0x8002,0x8002,0x8002,0x8002,0x8002,
  0x8002,0x8002,0x8002,0x8002,0x8002,0x8045,0x8024,0x8002,0x8002,0x8023,0x8022,0x8023,0x8023,0x8023,0x8044,0x8024,
  0x8023,0x8023,0x8023,0x8023,0x8022,0x8022,0x8023,0x8022,0x8002,0x8002,0x8002,0x8002,0x8002,0x8002,0x8002,0x8002,
  0x8002,0x8002,0x8002,0x8002,0x8002,0x8002,0x8002,0x8002,0x8002,0x8002,0x8002,0x8002,0x8002,0x8002,0x8002,0x8023,
  0x8023,0x8023,0xBE76,0xEBBE,0x8044,0x8024,0x8044,0x8022,0x8022,0x8022,0x8023,0x8023,0x8023,0x8023,0x8023,0x8045,
  0x8046,0x8067,0x80AC,0xAE78,0xF3DF,0x80F1,0x808A,0x8068,0x8045,0x8024,0x8023,0x8023,0x8023,0x8022,0x8023,0x8023,
  0x8022,0x8002,0x8022,0x8002,0x8002,0x8022,0x8022,0x8022,0x8002,0x8002,0x8002,0x8002,0x8002,0x8022,0x8002,0x8002,
  0x8002,0x8002,0x8002,0x8023,0x8002,0x8002,0x8002,0x8002,0x8002,0x8002,0x8002,0x8002,0x8002,0x8002,0x8022,0x8023,
  0x8022,0x8002,0x8002,0x8002,0x8002,0x8002,0x8002,0x8022,0x8002,0x8022,0x8022,0x8022,0x8002,0x8002,0x8002,0x8002,
  0x8002,0x8022,0x8023,0x8023,0x8023,0x8023,0x8022,0x8002,0x8022,0x8002,0x8002,0x8002,0x8022,0x8002,0x8002,0x8002,
  0x8002,0x8022,0x8002,0x8002,0x8022,0x8022,0x8022,0x8022,0x8022,0x8022,0x8022,0xA5AF,0xADF1,0x8421,0xC1AA,0xB18E,
  0xA14B,0x8001,0x8022,0x8022,0x8022,0x8022,0x8022,0x8022,0x8022,0x8023,0x8023,0x8023,0x8023,0x8023,0x8045,0x8023,
  0x8023,0x8023,0x8023,0x8023,0x8023,0x8002,0x8002,0x8002,0x8022,0x8002,0x8022,0x8022,0x8022,0x8022,0x8022,0x8022,
  0x8022,0x8022,0x8022,0x8000,0xFFF9,0xFFDA,0xDF17,0xD2D7,0xCA95,0x8DF3,0xA1F1,0xF399,0xA1B0,0xA5B0,0x9D6D,0x994D,
  0x8465,0x994C,0x954E,0x8CA8,0xB9F0,0xA58E,0xA56E,0xA56E,0x9D4D,0x8865,0x952C,0x992C,0x994D,0x992C,0x950B,0x8CC8,
  0x88A7,0x950A,0x8065,0x8466,0x8466,0x8466,0x8023,0x8466,0x8466,0x8466,0x8466,0x8885,0x8445,0x8044,0x8023,0x8866,
  0x8023,0x8044,0x94C8,0xB58C,0x90A8,0x8023,0x8022,0x8022,0x8466,0x8886,0xDF18,0xD6B5,0x8423,0x8444,0xD37C,0xFBD9,
  0x8001,0x8023,0x8023,0x8001,0x8001,0x8021,0xA5D0,0xB697,0xAE13,0xCA94,0x8488,0x8002,0x8002,0x8002,0x8002,0x8002,
  0x8002,0x8002,0x8002,0x8022,0x8022,0x8022,0x8022,0x8422,0x8842,0x8842,0x9CC5,0xB9AB,0x8421,0x8421,0x8021,0x8001,
  0xD79F,0xDB9F,0xDBBF,0xCF7F,0xEBDF,0xD79F,0xDBBF,0xDFBF,0xDFBF,0xE7DF,0xDFBF,0xDFBF,0xDFBF,0xF7FF,0xF7FF,0xFBFF,
  0xFBFF,0xF7FF,0xFBFF,0x8BBF,0x879F,0x839F,0x8BDF,0x835F,0x833F,0x835F,0x81FD,0x821E,0x821E,0x823F,0x827F,0x819C,
  0x819C,0x819D,0x817B,0x815A,0x8138,0x8115,0x8136,0x8115,0x80F3,0x80D1,0x80D0,0x80CF,0x80CF,0x80CF,0x80AE,0x80AD,
  0x80AC,0x80CC,0x80CD,0x80AD,0x8089,0x8088,0x80CC,0x8068,0x8068,0x8068,0x8089,0x8068,0x8067,0x8046,0x8045,0x8046,
  0x8046,0x8046,0x8045,0x8023,0x8023,0x8023,0x8023,0x8023,0x8023,0x8023,0x8023,0x8023,0x8023,0x8023,0x8023,0x8023,
  0x8023,0x8023,0x8023,0x8023,0x8023,0x8023,0x8023,0x8022,0x8002,0x8023,0x8023,0x8024,0x8024,0x8024,0x8023,0x8023,
  0x8004,0x81F7,0x835F,0x83DF,0xE7FF,0xFFFF,0x84ED,0x80EA,0x97BF,0x8025,0x8002,0x8002,0x8443,0x8C64,0xBE10,0xC20F,
  0xB98B,0xD22D,0xB546,0xDA28,0xC5A7,0x8022,0x8422,0x8022,0x8002,0x8022,0x8002,0x8002,0x8002,0x8002,0x8002,0x8002,
  0x8002,0x8002,0x8002,0x8002,0x8002,0x8002,0x8002,0x8002,0x8002,0x8002,0x8002,0x8002,0x8002,0x8002,0x8002,0x8002,
  0x8002,0x8002,0x810F,0x8002,0x8002,0x8002,0x8002,0x8002,0x8002,0x8002,0x8002,0x8002,0x8002,0x8002,0x8002,0x8022,
  0x8002,0x8002,0x8002,0x8002,0x8002,0x8002,0x8002,0x8002,0x8002,0x8002,0x8022,0x8022,0x8022,0x8022,0x8442,0xA8A2,
  0x8042,0x8023,0x8022,0x8022,0x8022,0x8002,0x8002,0x8002,0x8002,0x8001,0x8002,0x8002,0x8002,0x8002,0x8002,0x8002,
  0x8002,0x8002,0x8002,0x8002,0x8002,0x8002,0x8002,0x8002,0x8002,0x8022,0x8023,0x8023,0x8023,0x8024,0x8067,0x8045,
  0x8045,0x8023,0x8023,0x8022,0x8022,0x8022,0x8002,0x8002,0x8002,0x8002,0x8002,0x8002,0x8002,0x8002,0x8002,0x8022,
  0x8002,0x8002,0x8002,0x8002,0x8002,0x8002,0x8002,0x8002,0x8002,0x8002,0x8002,0x8002,0x8002,0x8002,0x8002,0x8022,
  0x8023,0x8023,0x8043,0x8044,0x8024,0x8023,0x8023,0x8022,0x8022,0x8022,0x8022,0x8022,0x8002,0x8002,0x8022,0x8023,
  0x8024,0x8045,0x8068,0x8069,0x8596,0x8069,0x8045,0x8045,0x8024,0x8024,0x8023,0x8022,0x8023,0x8002,0x8023,0x8023,
  0x8022,0x8022,0x8002,0x8002,0x8002,0x8002,0x8002,0x8022,0x8022,0x8002,0x8022,0x8022,0x8022,0x8002,0x8002,0x8002,
  0x8002,0x8002,0x8002,0x8002,0x8002,0x8002,0x8022,0x8002,0x8002,0x8002,0x8002,0x8022,0x8022,0x8002,0x8002,0x8022,
  0x8023,0x8022,0x8022,0x8002,0x8002,0x8022,0x8002,0x8022,0x8002,0x8022,0x8002,0x8002,0x8002,0x8002,0x8002,0x8002,
  0x8002,0x8023,0x8023,0x8000,0x8023,0x8023,0x8002,0x8002,0x8022,0x8002,0x8002,0x8002,0x8002,0x8022,0x8002,0x8002,
  0x8002,0x8002,0x8002,0x8002,0x8022,0x8022,0x8022,0x8022,0x8022,0x8022,0x8022,0xA5AF,0xA9D0,0x8421,0xA96C,0xA9B1,
  0x9D2C,0x8022,0x8022,0x8022,0x8022,0x8023,0x8022,0x8022,0x8022,0x8022,0x8022,0x8022,0x8022,0x8023,0x8044,0x8022,
  0x8022,0x8022,0x8022,0x8022,0x8002,0x8002,0x8002,0x8002,0x8022,0x8022,0x8022,0x8022,0x8022,0x8022,0x8022,0x8022,
  0x8022,0x8443,0xA506,0xC632,0x956F,0xA1B1,0xA5B0,0x950C,0x998F,0x88EC,0xDAB3,0xB1D0,0xCA2E,0x994C,0xA14C,0x8CA8,
  0x8044,0x9D2B,0x90EB,0xD690,0xA56F,0xA56E,0xA16D,0xA14D,0x94E9,0x950B,0x952C,0x950C,0xE24E,0xB9EF,0x992C,0x90EA,
  0x90EA,0x94EA,0x8045,0x8486,0x8466,0x8466,0x8023,0x8887,0x8887,0x8466,0x8466,0xB8E3,0x8445,0x8044,0x8043,0x8444,
  0x8465,0x8444,0x8465,0x8CA7,0x8CA8,0x94C9,0x8002,0x8C86,0x90C7,0x8445,0x8CC8,0x90C9,0x8466,0x8487,0x80CA,0x88A8,
  0x8023,0x9883,0xE6ED,0x8001,0x8001,0x8022,0xA1AF,0xBA75,0x8CEB,0x8025,0x8488,0x8001,0x8002,0x8002,0x8002,0x8002,
  0x8002,0x8002,0x8022,0x8002,0x8002,0x8002,0x8022,0x8022,0x8423,0x8843,0xAD26,0xDA6C,0x8421,0xE664,0x8000,0x8001,
  0xE3BF,0xDBBF,0xDBBF,0xDBBF,0xDBBF,0xD79F,0xD79F,0xDB9F,0xDBBF,0xD79F,0xDB9F,0xD39F,0xD79F,0xD79F,0xDB9F,0xDBBF,
  0xDFBF,0xFBFF,0xF7FF,0xF7FF,0xF7FF,0xFBFF,0xFFFF,0xFFFF,0xFFFF,0xFBFF,0x839F,0x877E,0x837F,0x833F,0x82DF,0x82DF,
  0x82DF,0x82FF,0x821F,0x81FE,0x81BE,0x817B,0x819C,0x819C,0x817B,0x8137,0x8114,0x80F4,0x8114,0x8136,0x8114,0x8115,
  0x80AE,0x80F0,0x80EF,0x80AC,0x80AB,0x80AB,0x80AB,0x80AC,0x8046,0x80CD,0x8068,0x8089,0x8068,0x8088,0x8068,0x8067,
  0x8045,0x8045,0x8045,0x8045,0x8045,0x8023,0x8046,0x8023,0x8023,0x8023,0x8023,0x8023,0x8023,0x8024,0x8023,0x8023,
  0x8023,0x8023,0x8024,0x8024,0x8023,0x8023,0x8023,0x8023,0x8023,0x8023,0x8023,0x8023,0x8023,0x8023,0x8023,0x8023,
  0x8044,0x8046,0x8069,0x80CD,0x8152,0x8153,0x8002,0x8022,0x84A7,0x8238,0x810E,0x80ED,0x88EB,0x8000,0x8000,0x8001,
  0xC1EF,0xD690,0xCA71,0xC231,0x8C64,0xA0A3,0xFFEC,0xA8A2,0x8022,0x8022,0x8022,0x8022,0x8022,0x8002,0x8002,0x8002,
  0x8002,0x8002,0x8002,0x8002,0x8002,0x8002,0x8002,0x8002,0x8002,0x8002,0x8002,0x8002,0x8002,0x8002,0x8002,0x8002,
  0x8002,0x8002,0x8001,0x8002,0x8002,0x8002,0x8002,0x8022,0x8002,0x8002,0x8002,0x8002,0x8002,0x8002,0x8002,0x8002,
  0x8002,0x8002,0x8022,0x8002,0x8002,0x8002,0x8022,0x8002,0x8002,0x8002,0x8022,0x8022,0x8022,0x8443,0x8C63,0xF223,
  0x8843,0x8443,0x8022,0x8022,0x8022,0x8002,0x8002,0x8002,0x8001,0x8001,0x8002,0x8002,0x8001,0x8001,0x8001,0x8111,
  0x8002,0x8002,0x8022,0x8022,0x8002,0x8002,0x8002,0x8023,0x8022,0x8023,0x8023,0x8044,0x8066,0x8068,0xEFDF,0xA1F3,
  0x8066,0x8045,0x8023,0x8022,0x8022,0x8022,0x8002,0x8022,0x8022,0x8022,0x8002,0x8002,0x8002,0x8022,0x8022,0x8022,
  0x8022,0x8002,0x8022,0x8002,0x8002,0x8002,0x8002,0x8002,0x8022,0x8002,0x8002,0x8002,0x8002,0x8002,0x8002,0x8022,
  0x8022,0x8023,0x8023,0x8023,0x8023,0x8023,0x8002,0x8002,0x8022,0x8022,0x8022,0x8023,0x8002,0x8002,0x8023,0x8023,
  0x8023,0x8024,0x8044,0x8024,0x80CE,0x8045,0x8044,0x8024,0x8023,0x8023,0x8023,0x8023,0x8022,0x8002,0x8023,0x8023,
  0x8022,0x8022,0x8022,0x8002,0x8002,0x8002,0x8002,0x8002,0x8002,0x8022,0x8022,0x8023,0x8022,0x8002,0x8002,0x8022,
  0x8002,0x8002,0x8002,0x8002,0x8022,0x8002,0x8002,0x8002,0x8002,0x8022,0x8002,0x8002,0x8002,0x8022,0x8022,0x8002,
  0x8022,0x8002,0x8022,0x8002,0x8022,0x8002,0x8022,0x8002,0x8022,0x8022,0x8022,0x8022,0x8002,0x8002,0x8002,0x8002,
  0x8022,0x8022,0x8023,0xBF1A,0x8003,0x8023,0x8022,0x8002,0x8002,0x8002,0x8002,0x8002,0x8002,0x8002,0x8002,0x8002,
  0x8002,0x8002,0x8002,0x8022,0x8022,0x8022,0x8022,0x8022,0x8022,0x8022,0x8021,0xB1AE,0xB1F0,0x8420,0xB967,0xCA51,
  0xA58E,0x8023,0x8022,0x8023,0x8023,0x8023,0x8022,0x8022,0x8002,0x8022,0x8023,0x8023,0x8023,0x8022,0x8002,0x8022,
  0x8022,0x8022,0x8002,0x8002,0x8022,0x8002,0x8022,0x8022,0x8022,0x8022,0x8022,0x8023,0x8022,0x8023,0x8022,0x8443,
  0xB1AE,0xAD6C,0xA1B2,0xA5D1,0x9D90,0xA9D0,0xA5D0,0x8045,0xFB95,0xBDAC,0xB9CE,0x994D,0xA929,0x952C,0x950B,0x8023,
  0x8022,0x8866,0xCA2C,0xB56B,0xA58E,0x9D2B,0xA56E,0x8C87,0x8044,0x8887,0x8466,0x8466,0x90C8,0x8044,0x950B,0x8487,
  0x98E9,0x90C9,0x8466,0x8487,0x8466,0x8066,0x8023,0x8466,0x8466,0x8487,0x8002,0x8023,0x9043,0xBD02,0x8001,0x8022,
  0x8044,0x8445,0x8044,0x8887,0x8466,0x88A8,0x8466,0x8C87,0xADAE,0xB16A,0xA94A,0x94EA,0x88A8,0x8444,0x8466,0x8044,
  0x8865,0x8866,0xA507,0x8002,0x8002,0x8001,0xD2D5,0xB634,0xA9B1,0x94A6,0x8066,0x8001,0x8001,0x8001,0x8002,0x8002,
  0x8002,0x8002,0x8002,0x8002,0x8002,0x8022,0x8022,0x8022,0x8022,0x8422,0xB544,0xE247,0x8021,0xACE4,0x8000,0x8001,
  0xB33F,0xEBBE,0xA31F,0xA71F,0xAB1F,0xA73F,0xA73F,0xAB3F,0xEFFF,0xDBBF,0xDFBF,0xDBBF,0xDFBF,0xDBBF,0xDBBF,0xDBBF,
  0xDFBF,0xE3BF,0xDFBF,0xDFBF,0xDBBF,0xDBBF,0xE3DF,0xFFFF,0xFFFF,0xFBFF,0xFFFF,0xFFFF,0xFFFF,0xBBDF,0xA7BF,0x87BF,
  0x879F,0x877F,0x82BF,0x829F,0x827F,0x81FE,0x81DE,0x81DE,0x819C,0x819C,0x817A,0x8159,0x819B,0x8158,0x8116,0x8116,
  0x8135,0x80F2,0x80F1,0x80F0,0x80CE,0x80AD,0x80AC,0x80AB,0x80AB,0x808B,0x808A,0x8068,0x80CC,0x80AC,0x8067,0x8068,
  0x8068,0x8088,0x8067,0x8046,0x8045,0x8046,0x8046,0x8046,0x8046,0x8022,0x8046,0x8046,0x8023,0x8024,0x8024,0x8024,
  0x8024,0x8023,0x8067,0x8067,0x8023,0x8023,0x8023,0x8088,0x8023,0x8023,0x8023,0x8023,0x8023,0x8023,0x8023,0x8023,
  0x8023,0x8045,0x8047,0x808B,0x808A,0x8089,0x8067,0x8045,0x8023,0x8213,0x8046,0x84ED,0x8D0D,0x8000,0x8488,0x8465,
  0x8000,0xAD23,0xFB85,0xD66C,0xA98F,0xAD8E,0xA12D,0xB18E,0xCE0C,0xCDE4,0x8001,0x8022,0x8022,0x8022,0x8002,0x8002,
  0x8002,0x8002,0x8002,0x8002,0x8002,0x8002,0x8002,0x8002,0x8002,0x8002,0x8002,0x8002,0x8002,0x8002,0x8002,0x8002,
  0x8002,0x8002,0x8002,0x8002,0x8002,0x8002,0x8002,0x8002,0x8002,0x8002,0x8002,0x8002,0x8002,0x8002,0x8002,0x8002,
  0x8022,0x8002,0x8002,0x8002,0x8002,0x8002,0x8002,0x8002,0x8002,0x8022,0x8002,0x8022,0x8842,0xA4A1,0xB0C0,0xFFFF,
  0xA060,0x9861,0x8842,0x8022,0x8022,0x8002,0x8002,0x8022,0x8002,0x8022,0x8022,0x8002,0x8002,0x8001,0x8001,0x8024,
  0x8002,0x8002,0x8002,0x8002,0x8002,0x8002,0x8002,0x8002,0x8002,0x8023,0x8023,0x8024,0x8045,0x8067,0xB257,0x8D4E,
  0x8046,0x8024,0x8023,0x8022,0x8022,0x8022,0x8022,0x8022,0x8002,0x8002,0x8001,0x8002,0x8002,0x8023,0x8023,0x8023,
  0x8023,0x8023,0x8022,0x8002,0x8002,0x8002,0x8002,0x8022,0x8002,0x8002,0x8002,0x8002,0x8002,0x8002,0x8002,0x8002,
  0x8002,0x8022,0x8023,0x8023,0x8023,0x8023,0x8022,0x8022,0x8002,0x8022,0x8022,0x8022,0x8002,0x8002,0x8002,0x8023,
  0x8023,0x8023,0x8024,0x8024,0x80AA,0x8045,0x8024,0x8024,0x8023,0x8023,0x8023,0x8023,0x8023,0x8023,0x8022,0x8023,
  0x8022,0x8002,0x8002,0x8022,0x8022,0x8022,0x8022,0x8023,0x8023,0x8023,0x8023,0x8023,0x8022,0x8022,0x8022,0x8002,
  0x8002,0x8002,0x8002,0x8002,0x8002,0x8002,0x8022,0x8002,0x8022,0x8022,0x8022,0x8002,0x8002,0x8002,0x8022,0x8022,
  0x8023,0x8002,0x8002,0x8002,0x8002,0x8002,0x8022,0x8002,0x8022,0x8022,0x8002,0x8002,0x8002,0x8002,0x8067,0x8002,
  0x8002,0x8003,0x8023,0x8044,0x8023,0x8023,0x8002,0x8002,0x8002,0x8002,0x8002,0x8002,0x8002,0x8002,0x8002,0x8002,
  0x8002,0x8022,0x8022,0x8002,0x8002,0x8002,0x8022,0x8022,0x8022,0x8022,0x8022,0xCA72,0xCA93,0x8820,0xBDA9,0xCA51,
  0xA16D,0x8022,0x8022,0x8023,0x8023,0x8023,0x8022,0x8022,0x8044,0x8022,0x8022,0x8022,0x8022,0x8023,0x8022,0x8022,
  0x8022,0x8023,0x8022,0x8022,0x8022,0x8022,0x8023,0x8022,0x8022,0x8022,0x8022,0x8022,0x8023,0x8443,0x8842,0xF3BD,
  0xC252,0xA1B2,0xA9D2,0xA9D1,0xA9D0,0xA5F2,0x8868,0xD6B4,0xF7D9,0xA5B0,0x9D6E,0x8465,0x910B,0x8D0B,0x8CC9,0x8044,
  0x8022,0x9D6D,0xA18E,0x9D2B,0x8002,0x8444,0x992B,0x8023,0x8045,0x8065,0x8044,0x8044,0x8487,0x8022,0x8088,0x8066,
  0x8487,0x88A8,0x8487,0x8487,0x8487,0x8066,0x8003,0x8001,0x8465,0x8002,0x8022,0x8021,0x8422,0xD9A2,0x8002,0x8001,
  0x8023,0x8466,0x8CC9,0x8003,0x8044,0x8466,0x8467,0x8023,0x8025,0xE64B,0x8843,0x8CC9,0x8CC9,0x8044,0x8001,0xD60A,
  0xCE0C,0x8865,0x8886,0x8886,0x8023,0x8023,0x8001,0xA9B0,0x848A,0xFEC8,0x8401,0x8000,0x8000,0x8420,0x8421,0x8002,
  0x8022,0x8002,0x8022,0x8002,0x8002,0x8002,0x8022,0x8022,0x8002,0x8021,0xAD05,0xE249,0x8021,0x90EA,0x8001,0x8022,
  0xB73E,0xB33F,0xB73F,0xB33F,0xAF3F,0xA73F,0xA73F,0xA73F,0xA2FE,0xA71E,0xA31E,0xA2FE,0xA2FE,0xDB9F,0xD79F,0xDB9F,
  0xDFBF,0xDFBF,0xE7BF,0xE3BF,0xDBBF,0xDBBF,0xDFBF,0xDFBF,0xDBBF,0xDBBF,0xF7FF,0xF7FF,0xFBFF,0xF7FF,0xF3FF,0xD7DF,
  0xC7DF,0xB7DF,0xB7BF,0x839F,0x835F,0x833F,0x82FF,0x827F,0x821F,0x823F,0x821F,0x81BD,0x819C,0x819B,0x817C,0x819C,
  0x819C,0x80F3,0x8113,0x8113,0x80F2,0x80F2,0x80D0,0x80F1,0x80AC,0x808B,0x808B,0x80AC,0x80AC,0x80AC,0x80AB,0x808A,
  0x8068,0x8068,0x8068,0x8068,0x8046,0x8046,0x8045,0x8045,0x8046,0x8046,0x8046,0x8046,0x8023,0x8024,0x8023,0x8045,
  0x8045,0x8024,0x8023,0x8024,0x8045,0x8023,0x8023,0x8023,0x8023,0x8002,0x8023,0x8023,0x8023,0x8023,0x8022,0x8023,
  0x8023,0x8024,0x8046,0x8046,0x8069,0x8068,0x8045,0x8044,0x8044,0x8044,0x86D9,0x8001,0x8000,0x8000,0x84A9,0x84A8,
  0x8000,0x8020,0x8000,0xFFE7,0xE666,0xB1AD,0xAD8D,0xA96D,0xA96C,0xE689,0x8C64,0x98A4,0x9483,0x8021,0x8002,0x8022,
  0x8002,0x8002,0x8002,0x8002,0x8002,0x8022,0x8002,0x8002,0x8002,0x8002,0x8002,0x8002,0x8002,0x8002,0x8002,0x8002,
  0x8002,0x8002,0x8002,0x8002,0x8022,0x8002,0x8002,0x8002,0x8002,0x8002,0x8022,0x8022,0x8022,0x8002,0x8002,0x8002,
  0x8002,0x8022,0x8022,0x8002,0x8002,0x8002,0x8002,0x8002,0x8002,0x8022,0x8002,0x8022,0x8022,0x8C41,0x8C20,0xFFD2,
  0x8821,0x8842,0x8422,0x8022,0x8022,0x8002,0x8002,0x8002,0x8002,0x8002,0x8002,0x8002,0x8002,0x8022,0x8002,0x8002,
  0x8002,0x8002,0x8001,0x8001,0x8002,0x8002,0x8002,0x8002,0x8002,0x8002,0x8022,0x8023,0x8023,0x8045,0x8067,0x8067,
  0x8044,0x8023,0x8002,0x8022,0x8002,0x8022,0x8002,0x8022,0x8022,0x8002,0x8002,0x8002,0x8022,0x8023,0x8024,0x8044,
  0x8044,0x8023,0x8023,0x8002,0x8002,0x8044,0x8022,0x8002,0x8002,0x8002,0x8002,0x8002,0x8002,0x8002,0x8002,0x8044,
  0x8002,0x8023,0x8023,0x8023,0x8023,0x8022,0x8022,0x8002,0x8022,0x8002,0x8002,0x8022,0x8002,0x8002,0x8002,0x8023,
  0x8023,0x8023,0x8023,0x8023,0x8046,0x8023,0x8023,0x8023,0x8023,0x8023,0x8023,0x8023,0x8023,0x8002,0x8022,0x8022,
  0x8022,0x8022,0x8002,0x8002,0x8002,0x8002,0x8022,0x8023,0x8023,0x8023,0x8023,0x8023,0x8023,0x8022,0x8002,0x8022,
  0x8002,0x8002,0x8002,0x8002,0x8002,0x8002,0x8002,0x8002,0x8002,0x8002,0x8002,0x8002,0x8002,0x8022,0x8022,0x8002,
  0x8023,0x8002,0x8023,0x8022,0x8002,0x8002,0x8022,0x8002,0x8002,0x8022,0x8022,0x8022,0x8002,0x8067,0x80CD,0x8002,
  0x8002,0x8002,0x8023,0x8023,0x8023,0x8022,0x8002,0x8002,0x8002,0x8002,0x8002,0x8002,0x8002,0x8002,0x8002,0x8002,
  0x8002,0x8002,0x8002,0x8022,0x8002,0x8022,0x8022,0x8022,0x8022,0x8023,0x8023,0xAE75,0xB653,0x8421,0xA18E,0xA5D2,
  0x9D4C,0x8022,0x8023,0x8023,0x8023,0x8023,0x8023,0x8023,0x8023,0x8022,0x8022,0x8022,0x8022,0x8023,0x8023,0x8023,
  0x8022,0x8023,0x8022,0x8023,0x8023,0x8022,0x8023,0x8023,0x8022,0x8022,0x8022,0x8443,0xD291,0xD26F,0xD690,0xA5D1,
  0xA5F3,0xA5F2,0xA9B0,0xA9D0,0x8089,0x8CC8,0x990A,0x994E,0xA5AF,0xA58E,0x8444,0x8445,0x8023,0x88EA,0x90EA,0x8044,
  0x98C8,0x9D4E,0xA10A,0xA928,0x8024,0x950A,0x94EA,0x8002,0x8044,0x9D4C,0x952B,0x8488,0x8466,0x8002,0x8066,0x8045,
  0x8466,0x84A8,0x8466,0x8466,0x8023,0x8044,0x8002,0x8001,0x8002,0x8044,0x8000,0x8001,0x8022,0x9063,0x8043,0x8001,
  0x8001,0x8045,0x8067,0x8046,0x8002,0x8045,0x8045,0x8044,0x8044,0x8066,0x8024,0x8023,0x88A8,0x8487,0x8024,0x94C7,
  0xC5CC,0xA12A,0x8444,0xA16D,0x8444,0x8002,0x8001,0x88A8,0x8487,0x8088,0x8002,0x8420,0x8000,0xF6E7,0xE665,0x8421,
  0x8022,0x8023,0x8022,0x8022,0x8002,0x8022,0x8022,0x8002,0x8001,0x8001,0x90A6,0xB1AF,0x8001,0xA192,0x8003,0x8022,
  0xBF5E,0x9ADE,0x9ADE,0xCF7E,0xC77E,0xC35E,0xCF7E,0xE39D,0xEBBD,0xCF7E,0xEBBE,0xAF1E,0x9EFF,0x9EDE,0x8EBE,0x8EBE,
  0x96BE,0x9ADD,0xA2DE,0x9EBE,0xDB9E,0xDFBF,0xDFBF,0xDFBF,0xDFBF,0xDBBF,0xDFBF,0xDFBF,0xDFBF,0xEFDF,0xEFDF,0xEBDF,
  0xE3DF,0xF7FF,0xF7FF,0xFFFF,0xF7FF,0xF3FF,0x83BF,0x83BF,0x839F,0x831F,0x831F,0x831F,0x821F,0x821E,0x81BD,0x819D,
  0x819D,0x81BC,0x81BC,0x817B,0x8116,0x8158,0x8158,0x8115,0x80AF,0x80CF,0x80D1,0x80CF,0x80CF,0x80CF,0x80AC,0x808B,
  0x80AB,0x80AC,0x808A,0x8089,0x8067,0x8068,0x8067,0x8068,0x8068,0x8067,0x8046,0x8046,0x8046,0x8046,0x8046,0x8046,
  0x8045,0x8046,0x8045,0x8023,0x8024,0x8023,0x8023,0x8023,0x8023,0x808A,0x8023,0x8023,0x8023,0x8022,0x8022,0x8023,
  0x8023,0x8023,0x8023,0x8045,0x8045,0x8045,0x8023,0x8023,0x8023,0x8023,0x8001,0x8FDF,0xBBFF,0x8003,0x8002,0x8000,
  0x8865,0x8023,0x8887,0x8421,0x8C21,0x8021,0x8000,0x8000,0x8000,0x8C64,0x90A5,0x8002,0xAC82,0xB0E4,0x8001,0x8022,
  0x8002,0x8002,0x8002,0x8002,0x8002,0x8002,0x8002,0x8002,0x8002,0x8002,0x8002,0x8002,0x8002,0x8002,0x8002,0x8002,
  0x8002,0x8002,0x8002,0x8002,0x8002,0x8002,0x8002,0x8002,0x8002,0x8002,0x8002,0x8002,0x8022,0x8022,0x8002,0x8002,
  0x8002,0x8002,0x8002,0x8002,0x8002,0x8002,0x8022,0x8002,0x8002,0x8002,0x8002,0x8002,0x8022,0x8022,0x8442,0x9861,
  0x8042,0x8022,0x8022,0x8002,0x8002,0x8002,0x8002,0x8002,0x8002,0x8001,0x8001,0x8002,0x8002,0x8002,0x8001,0x8002,
  0x8002,0x8002,0x8002,0x8002,0x8022,0x8002,0x8002,0x8002,0x8002,0x8002,0x8022,0x8023,0x8023,0x8023,0x8045,0x8024,
  0x8023,0x8023,0x8023,0x8023,0x8023,0x8023,0x8003,0x8002,0x8002,0x8002,0x8022,0x8002,0x8023,0x8043,0x8423,0xF7DE,
  0x8004,0x8024,0x8023,0x8002,0x8022,0x8002,0x8002,0x8002,0x8002,0x8002,0x8002,0x8002,0x8002,0x8002,0x8002,0x8002,
  0x8002,0x8022,0x8022,0x8022,0x8002,0x8022,0x8002,0x8022,0x8002,0x8022,0x8002,0x8022,0x8002,0x8002,0x8023,0x8023,
  0x8023,0x8023,0x8023,0x8023,0x8046,0x8023,0x8023,0x8023,0x8023,0x8023,0x8022,0x8022,0x8022,0x8002,0x8022,0x8022,
  0x8022,0x8022,0x8002,0x8002,0x8022,0x8022,0x8022,0x8023,0x8002,0xFFFF,0x8024,0x8023,0x8023,0x8022,0x8002,0x8002,
  0x8022,0x8002,0x8002,0x8002,0x8002,0x8002,0x8002,0x8002,0x8002,0x8022,0x8002,0x8002,0x8023,0x8022,0x8002,0x8022,
  0x8022,0x8022,0x8002,0x8022,0x8022,0x8002,0x8022,0x8022,0x8002,0x8022,0x8022,0x8022,0x8002,0x8002,0x8022,0x8002,
  0x8022,0x8022,0x8002,0x8002,0x8002,0x8022,0x8002,0x8002,0x8022,0x8022,0x8023,0x8024,0x8002,0x8002,0x8022,0x8022,
  0x8068,0x8002,0x8002,0x8002,0x8002,0x8002,0x8002,0x8022,0x8022,0x8022,0x8023,0xAE55,0xB253,0x8421,0x996E,0xA9F1,
  0x9D4B,0x8001,0xB960,0x8022,0x8023,0x8023,0x8023,0x8023,0x8023,0x8023,0x8023,0x8023,0x8023,0x8023,0x8023,0x8023,
  0x8023,0x8023,0x8023,0x8023,0x8023,0x8443,0x8023,0x8023,0x8023,0x8022,0x8C40,0xFFEE,0xE28C,0xDA90,0xA191,0xA170,
  0xA190,0x8866,0x8467,0x8887,0x8045,0x8002,0x8067,0x8046,0x8023,0x8043,0x8043,0x8044,0x8002,0x8003,0x8002,0x8023,
  0x8445,0x8444,0x8002,0x8444,0x8023,0x8003,0x8023,0x8001,0x8002,0x8024,0x8044,0x8045,0x8044,0x8024,0x8044,0x8024,
  0x8024,0x8444,0x8044,0x8444,0x8443,0x8022,0x8022,0x8001,0x8001,0x8000,0x8001,0x8022,0x8021,0x8422,0x9484,0x8001,
  0x8001,0x8001,0x8086,0x8066,0x8045,0x8022,0x8001,0x8002,0x8022,0x8045,0x8003,0x8002,0x8446,0x8887,0x8045,0x8023,
  0x88C9,0x88A8,0x8466,0x8443,0x84A8,0x8001,0x8000,0x8466,0x8044,0x8487,0x8000,0x8001,0x8002,0x8003,0x8003,0x8023,
  0x8022,0x8002,0xFAA2,0x8001,0x8021,0x8001,0x8001,0x8001,0x8001,0x8000,0x8C85,0xA58E,0x8000,0x9D70,0x8002,0x8002,
  0xCF7E,0xD37E,0xD37E,0xDB9E,0xDFBE,0xE3BE,0xDF9E,0xDF9D,0xE39E,0xCF5E,0xDF9E,0xDF9E,0xDFBD,0xDB9D,0xE3BD,0xE3BD,
  0xDF9D,0xF3DC,0x9ABE,0x969E,0x96BE,0x96BE,0x9EDE,0xA2DE,0x96BE,0xDB9F,0xDFBF,0xDBBF,0xDFBF,0xDFBF,0xDFBF,0xDFBF,
  0xDFBF,0xDFBF,0xDBBF,0xF3FF,0xF3FF,0xF7FF,0xFFFF,0xFFFF,0xFFFF,0x979F,0x93BF,0x8F9F,0x835F,0x835F,0x823E,0x825F,
  0x827F,0x81FE,0x821E,0x81FE,0x81BC,0x819C,0x817B,0x815B,0x8136,0x8137,0x8137,0x80F1,0x80F1,0x80F1,0x80CE,0x80CE,
  0x80CF,0x80AC,0x80AC,0x80AB,0x8089,0x8069,0x808A,0x8068,0x8089,0x8068,0x8067,0x8067,0x8088,0x8046,0x8046,0x8046,
  0x8046,0x8046,0x8066,0x8045,0x8045,0x8023,0x8023,0x8023,0x8023,0x8024,0x8023,0x8023,0x8023,0x8023,0x8024,0x8023,
  0x8023,0x8023,0x8023,0x8024,0x8024,0x8023,0x8023,0x8023,0x8023,0x8023,0x8023,0x99D0,0x9A31,0x8023,0x8487,0x88C9,
  0x8000,0x90EB,0x8886,0x9085,0xE602,0xA481,0x8001,0x8001,0x8443,0xB1CF,0x8863,0x8000,0x8000,0xBDCD,0x8022,0x8002,
  0x8002,0x8002,0x8002,0x8002,0x8002,0x8002,0x8002,0x8002,0x8002,0x8002,0x8002,0x8002,0x8002,0x8002,0x8002,0x8002,
  0x8002,0x8002,0x8002,0x8002,0x8002,0x8002,0x8002,0x8002,0x8002,0x8002,0x8002,0x8022,0x8022,0x8002,0x8023,0x8023,
  0x8002,0x8002,0x8002,0x8002,0x8002,0x8002,0x8001,0x8001,0x8002,0x8001,0x8002,0x8002,0x8002,0x8022,0x8022,0x9062,
  0x8022,0x8022,0x8002,0x8002,0x8002,0x8002,0x8002,0x8001,0x8002,0x8001,0x8001,0x8002,0x8001,0x8002,0x8001,0x8002,
  0x8001,0x8002,0x8002,0x8002,0x8002,0x8002,0x8002,0x8002,0x8002,0x8002,0x8002,0x8022,0x8023,0x8023,0x8023,0x8023,
  0x8023,0x8023,0x8023,0x8023,0x8023,0x8023,0x80CB,0x8002,0x8002,0x8002,0x8002,0x8002,0x8002,0x8023,0x8024,0x8001,
  0x8024,0x8023,0x8023,0x8002,0x8002,0x8002,0x8001,0x8001,0x8002,0x8002,0x8002,0x8002,0x8002,0x8002,0x8002,0x8022,
  0x8002,0x8002,0x8022,0x8002,0x8002,0x8002,0x8002,0x8022,0x8002,0x8002,0x8022,0x8022,0x8022,0x8002,0x8022,0x8022,
  0x8002,0x8022,0x8023,0x8023,0x8023,0x8023,0x8002,0x8023,0x8023,0x8023,0x8022,0x8022,0x8022,0x8002,0x8002,0x8022,
  0x8022,0x8002,0x8002,0x8002,0x8002,0x8002,0x8022,0x8023,0x8024,0x8001,0x8024,0x8023,0x8023,0x8022,0x8022,0x8002,
  0x8002,0x8002,0x8002,0x8002,0x8002,0x8002,0x8002,0x8002,0x8002,0x8002,0x8002,0x8002,0x8022,0x8023,0x8022,0x8002,
  0x8022,0x8022,0x8002,0x8002,0x8002,0x8002,0x8002,0x8002,0x8002,0x8022,0x8022,0x8002,0x8002,0x8002,0x8022,0x8023,
  0x8002,0x8002,0x8002,0x8002,0x8002,0x8002,0x8002,0x8002,0x8002,0x8022,0x8022,0x8002,0x8002,0x8002,0x8002,0x8002,
  0x8002,0x8002,0x8002,0x8002,0x8002,0x8002,0x8002,0x8022,0x8022,0x8022,0x8000,0xCE2F,0xDEB1,0x8421,0xA1B0,0xADF1,
  0x9D6C,0x8002,0xEF08,0x8043,0x8023,0x8023,0x8023,0x8023,0x8023,0x8023,0x8023,0x8023,0x8023,0x8023,0x8023,0x8023,
  0x8023,0x8023,0x8023,0x8023,0x8023,0x8444,0x8444,0x8444,0x8443,0x8001,0xF772,0x90C9,0xC253,0x90C8,0x8C86,0x8C86,
  0x9087,0x8003,0x8024,0x8003,0x8001,0x8001,0xB18B,0xA0E8,0x98C8,0x94E8,0x94C7,0x98A5,0x98A4,0x98A5,0x9CC6,0xFFFA,
  0xFF95,0xFB54,0xFB54,0xFF53,0xF731,0xFB32,0xFB12,0xF312,0xF712,0xF711,0xFB31,0xC166,0xFFD3,0xDEB3,0xD2D7,0xD717,
  0xE66C,0xEEAC,0xB9F1,0xBA11,0xBE11,0xC965,0xA508,0xA52A,0xA52B,0x8443,0x9063,0x9463,0x8022,0x8001,0x8001,0x8000,
  0x8000,0x8000,0x8003,0x8002,0x8022,0x8022,0x8023,0x8023,0x8023,0x8045,0x8024,0x8001,0x8023,0x8023,0x8045,0x8001,
  0x8465,0x8487,0x8466,0x8022,0x8467,0x88A7,0x8001,0x8065,0x8024,0x8486,0x8000,0x8002,0x8022,0x8887,0x8045,0x8045,
  0x8023,0x8023,0x9861,0x8001,0x8001,0x8001,0xA060,0x8001,0x8000,0x8000,0x8C85,0xA58F,0x8000,0x9D70,0x8001,0x8002,
  0x8157,0x8157,0x9A19,0xB2DD,0xB6FD,0xDB9E,0xDB9D,0xDF9E,0xDF9E,0xDFBE,0xE3BE,0x96BD,0xE39D,0xE39D,0xE39D,0xDF9D,
  0xDF9D,0xDF9D,0xF3DD,0xD37E,0xE39E,0xDF9E,0xAF1D,0x96BD,0x96BE,0x92BE,0x92BE,0x8E9E,0xAAFF,0xAAFF,0xAAFE,0xDB9F,
  0xDFBF,0xE3DF,0xDFBF,0xDFBF,0xDFBF,0xDFBF,0xDBBF,0xDBBF,0xDBBF,0xEFDF,0xF7FF,0xFBFF,0xF3FF,0xF7FF,0x839F,0x83BF,
  0x83BF,0x835F,0x833F,0x829F,0x829F,0x829F,0x81BD,0x81FF,0x81DE,0x81BD,0x81DE,0x8137,0x8137,0x8137,0x8135,0x8115,
  0x80F3,0x80CE,0x80F1,0x80CE,0x80CE,0x80AD,0x80AC,0x808A,0x8069,0x80AB,0x8068,0x8089,0x8088,0x8088,0x8088,0x8068,
  0x8068,0x8067,0x8066,0x8066,0x8046,0x8046,0x8024,0x8023,0x8067,0x8023,0x8024,0x8024,0x8024,0x8023,0x8023,0x8023,
  0x8023,0x8023,0x8023,0x8023,0x8023,0x8023,0x8023,0x8023,0x8023,0x8023,0x8022,0x8022,0xE5C3,0xFE62,0xF1E2,0xFE62,
  0x9C81,0x8421,0x8466,0xA0A4,0xFFEE,0xF2AA,0x88A8,0x8024,0x8886,0x992C,0x9D4D,0x9D4D,0xB5F0,0x8000,0x8002,0x8002,
  0x8002,0x8002,0x8002,0x8002,0x8002,0x8002,0x8002,0x8002,0x8002,0x8002,0x8002,0x8002,0x8002,0x8023,0x8002,0x8002,
  0x8002,0x8002,0x8002,0x8002,0x8002,0x8002,0x8002,0x8002,0x8022,0x8022,0x8022,0x8022,0x8023,0x8023,0x8023,0x8023,
  0x8002,0x8002,0x8022,0x8002,0x8002,0x8002,0x8001,0x8001,0x8002,0x8002,0x8002,0x8022,0x8002,0x8002,0x8002,0x8443,
  0x8002,0x8002,0x8002,0x8002,0x8002,0x8002,0x8001,0x8001,0x8002,0x8002,0x8002,0x8002,0x8001,0x8002,0x8001,0x8002,
  0x8001,0x8002,0x8002,0x8002,0x8002,0x8002,0x8022,0x8002,0x8002,0x8002,0x8002,0x8002,0x8002,0x8002,0x8023,0x8002,
  0x8022,0x8023,0x8022,0x8002,0x8002,0x8002,0x8002,0x8002,0x8002,0x8002,0x8002,0x8002,0x8002,0x8023,0x8023,0x8023,
  0x8023,0x8023,0x8023,0x8002,0x8022,0x8002,0x8002,0x8002,0x8022,0x8002,0x8002,0x8002,0x8002,0x8002,0x8002,0x8002,
  0x8002,0x8002,0x8002,0x8002,0x8002,0x8002,0x8002,0x8002,0x8002,0x8002,0x8022,0x8002,0x8022,0x8022,0x8002,0x8022,
  0x8002,0x8002,0x8002,0x8002,0x8023,0x8002,0x8022,0x8023,0x8002,0x8022,0x8022,0x8022,0x8022,0x8022,0x8002,0x8002,
  0x8002,0x8002,0x8022,0x8002,0x8022,0x8002,0x8022,0x8023,0x8023,0x8024,0x8023,0x8023,0x8023,0x8022,0x8022,0x8002,
  0x8002,0x8022,0x8022,0x8022,0x8002,0x8002,0x8002,0x8002,0x8002,0x8002,0x8002,0x8002,0x8002,0x8022,0x8022,0x8022,
  0x8022,0x8002,0x8002,0x8002,0x8002,0x8002,0x8022,0x8022,0x8002,0x8002,0x8002,0x8022,0x8023,0x8022,0x8022,0x8002,
  0x8002,0x8002,0x8002,0x8002,0x8002,0x8002,0x8002,0x8002,0x8002,0x8022,0x8002,0x8022,0x8002,0x8002,0x8002,0x8022,
  0x8022,0x8002,0x8022,0x8022,0x8022,0x8002,0x8022,0x8022,0x8022,0x8022,0xA58D,0x9E35,0x9A14,0x8023,0xFFF7,0xA1B0,
  0x952C,0x8022,0x990A,0x8022,0x8022,0x8023,0x8023,0x8023,0x8023,0x8023,0x8023,0x8023,0x8023,0x8023,0x8001,0x8002,
  0x8001,0x8001,0x8001,0x8002,0x8001,0x9462,0xFFF8,0xFFD9,0xFFB8,0xFF76,0xFF52,0xFF53,0xFB54,0xFB71,0xFFB2,0xFFB1,
  0xFFB0,0xFF6F,0xFB2F,0xF730,0xF731,0xF731,0xF752,0xFB50,0xF750,0xDED3,0xD293,0xEB12,0xE6F0,0xE2D0,0xDEB0,0x9D4C,
  0x9D2B,0x992B,0x992D,0x994D,0x994D,0x994C,0x992B,0x88A8,0x88A7,0x8887,0x88A8,0x8024,0x8CC9,0x90EA,0x8087,0x8487,
  0x8066,0x8444,0x8465,0x8465,0x8886,0x8CA7,0x8CA8,0x8CA8,0x90C9,0x98C8,0xD5E8,0xD1C8,0xC1CD,0xBDEF,0xBDF0,0xB16B,
  0xE24D,0xE66D,0xE26E,0xDA91,0xCA32,0xD251,0xCE51,0xCA31,0xC610,0xC610,0xC210,0xBDEF,0x8000,0x8000,0x8000,0x8000,
  0x8001,0x8001,0x8001,0x8022,0x8001,0x8466,0x8000,0x8024,0x8045,0x8486,0x8087,0x8002,0x8003,0x8467,0x8487,0x8024,
  0x8001,0x8001,0x8002,0x8001,0x8000,0x8000,0xA8A1,0x8821,0x8000,0x8000,0x90C8,0xA5B0,0x8000,0xA94C,0x8002,0x8002,
  0x8198,0x8198,0x8178,0x8179,0x8179,0xBF1C,0xC31D,0xC71D,0xC31D,0xE3BE,0xE3BE,0xEBBE,0xE3BE,0xE7BE,0xE39D,0xE3BD,
  0xDF9D,0xDB9D,0xE3BD,0xE3BE,0xD37D,0xD79D,0xC35D,0xC77E,0xC75D,0xA2FE,0xAF1E,0xCB5E,0xAF1E,0xAB1F,0xAB1F,0xAF1F,
  0xCB7F,0xA6FF,0xC75F,0xE7DF,0xE7DF,0xDBBF,0xDFBF,0xDFBF,0xDBBF,0xDB9F,0xDFBF,0xE3DF,0xE7DF,0xEBDF,0xFFFF,0xFBFF,
  0xE3FF,0x9FBF,0x9BDF,0x83BF,0x83BF,0x839F,0x825E,0x825F,0x827F,0x829F,0x819C,0x819B,0x819C,0x817B,0x817A,0x8137,
  0x8136,0x8113,0x8113,0x8113,0x80CF,0x80D0,0x80CE,0x80AD,0x808C,0x80AC,0x808A,0x80AC,0x80AC,0x8088,0x80AB,0x8068,
  0x8088,0x8068,0x8046,0x8066,0x80AA,0x8046,0x8046,0x8046,0x8046,0x8046,0x8023,0x8046,0x8024,0x8023,0x8023,0x8023,
  0x8024,0x8023,0x8023,0x8023,0x8046,0x8023,0x8023,0x8023,0x8023,0x8023,0x8022,0x8022,0x8422,0x8421,0x8021,0x8001,
  0x8022,0x8022,0x8023,0x8023,0x8444,0x8444,0x8023,0x8002,0x8002,0x8002,0x8022,0x8022,0x8002,0x8002,0x8002,0x8002,
  0x8002,0x8002,0x8002,0x8002,0x8002,0x8002,0x8002,0x8002,0x8002,0x8002,0x8002,0x8002,0x8003,0x8023,0x8002,0x8002,
  0x8002,0x8002,0x8002,0x8002,0x8002,0x8002,0x8002,0x8002,0x8002,0x8022,0x8022,0x8023,0x8023,0xA634,0x8023,0x8023,
  0x8022,0x8002,0x8002,0x8002,0x8002,0x8001,0x8001,0x8001,0x8002,0x8002,0x8002,0x8002,0x8001,0x8001,0x8002,0x8022,
  0x8002,0x8002,0x8002,0x8002,0x8002,0x8002,0x8002,0x8002,0x8002,0x8002,0x8002,0x8002,0x8001,0x8002,0x8002,0x8002,
  0x8002,0x8002,0x8022,0x8022,0x8002,0x8002,0x8002,0x8002,0x8002,0x8002,0x8002,0x8022,0x8002,0x8002,0x8023,0x8023,
  0x8002,0x8022,0x8002,0x8002,0x8002,0x8002,0x8002,0x8002,0x8002,0x8002,0x8001,0x8002,0x8002,0x8002,0x8002,0x8002,
  0x8002,0x8002,0x8023,0x8002,0x8002,0x8022,0x8002,0x8002,0x8002,0x8002,0x8002,0x8002,0x8002,0x8002,0x8002,0x8002,
  0x8002,0x8002,0x8002,0x8002,0x8002,0x8002,0x8002,0x8002,0x8002,0x8002,0x8002,0x8022,0x8022,0x8022,0x8023,0x8022,
  0x8022,0x8002,0x8002,0x8002,0x8023,0x8002,0x8002,0x8022,0x8022,0x8023,0x8022,0x8002,0x8022,0x8022,0x8002,0x8002,
  0x8002,0x8022,0x8022,0x8022,0x8022,0x8022,0x8022,0x8023,0x8023,0x8023,0x8023,0x8023,0x8022,0x8023,0x8022,0x8002,
  0x8002,0x8022,0x8002,0x8002,0x8002,0x8002,0x8002,0x8002,0x8002,0x8002,0x8002,0x8002,0x8002,0x8022,0x8022,0x8022,
  0x8022,0x8002,0x8002,0x8002,0x8002,0x8002,0x8002,0x8002,0x8002,0x8002,0x8002,0x8002,0x8173,0x8002,0x8002,0x8002,
  0x8002,0x8002,0x8022,0x8002,0x8002,0x8002,0x8002,0x8002,0x8002,0x8002,0x8002,0x8002,0x8002,0x8002,0x8022,0x8002,
  0x8022,0x8022,0x8022,0x8022,0x8022,0x8022,0x8022,0x8022,0x8023,0x8022,0x9D6D,0x9A15,0x9E14,0x8022,0xF375,0x9DB1,
  0x952C,0x8422,0xD2B6,0x8022,0x8022,0x8022,0x8022,0x8023,0x8022,0x8022,0x8022,0x8002,0x8002,0x8022,0xFFFF,0xFFF8,
  0xFFD6,0xFFB5,0xFFB5,0xFF95,0xFF74,0xFB50,0xF2EF,0xEAF3,0xEF35,0xF356,0xEF35,0xC210,0xADAF,0xDAD4,0x8CC9,0x94EA,
  0x98EA,0x990B,0x9909,0x8865,0x992B,0x9D2B,0x8CA7,0x8CA7,0x88A7,0x88A7,0x8887,0x8886,0x8886,0x8886,0x8865,0x8022,
  0x8465,0x8466,0x8466,0x8487,0x8467,0x8466,0x8466,0x8465,0x8465,0x8465,0x8466,0x8466,0x8465,0x8465,0x8044,0x8465,
  0x8445,0x8045,0x8465,0x8444,0x8886,0x8886,0x8886,0x8886,0x8486,0x8887,0x8886,0x8465,0x8465,0x8465,0x8465,0x8466,
  0x8885,0x8865,0x8886,0x8466,0x8CC8,0x8865,0x8C86,0x8CA7,0x90A7,0x90C8,0x94E9,0xA12B,0xC210,0xC610,0xC610,0xC611,
  0xC611,0xB9CE,0xB9AD,0xB9AD,0xB5AD,0x8000,0x8000,0x8001,0x8024,0x8022,0x8045,0x8045,0x8002,0x8002,0x8466,0x8065,
  0x8000,0x8001,0x8001,0x8001,0x8000,0x8001,0x8001,0x8001,0x8000,0xB967,0xEA6A,0xADEF,0x8001,0xFF84,0xA481,0x8001,
  0xCF5D,0x9A19,0x8DD8,0x8599,0x8598,0x8178,0x9619,0xA27B,0x921C,0xCF7D,0xD79E,0xDB9E,0xDF9E,0xDF9E,0xE3BD,0xD37D,
  0xE7BD,0xE39D,0xE39D,0xDF9D,0xD77D,0xDF9D,0xE3BD,0xE3BE,0xEBDD,0xDB9D,0xD79E,0xDFBD,0xDB9D,0xC35E,0xB71E,0xD79E,
  0xDF9E,0xBF5E,0x867D,0x8A9D,0xC35E,0xC75E,0x969D,0x9ABE,0x8E9F,0xCF7E,0xDB9F,0xDBBF,0xDB9F,0xDBBF,0xDB9F,0xDB9F,
  0xDBBF,0xE7DF,0xF3FF,0xFFFF,0xFFFF,0xFFFF,0x837F,0x839F,0x837F,0x83BF,0x829F,0x825E,0x821E,0x81FE,0x81BD,0x81BD,
  0x817B,0x8159,0x817B,0x8136,0x8136,0x8137,0x8114,0x8114,0x80F1,0x80D0,0x80AD,0x80AD,0x80AC,0x80AC,0x80AC,0x8089,
  0x80AB,0x808A,0x8089,0x8089,0x8089,0x8088,0x8089,0x8067,0x8046,0x8046,0x8046,0x8046,0x8023,0x8044,0x8045,0x8023,
  0x8023,0x8023,0x8023,0x8023,0x8024,0x8023,0x8023,0x8023,0x8022,0x8023,0x8022,0x8022,0x8022,0x8022,0x8002,0x8002,
  0x8022,0x8002,0x8022,0x8022,0x8002,0x8022,0x8022,0x8022,0x8002,0x8002,0x8002,0x8002,0x8002,0x8002,0x8002,0x8002,
  0x8002,0x8002,0x8002,0x8002,0x8002,0x8002,0x8002,0x8002,0x8002,0x8002,0x8002,0x8002,0x8023,0x8023,0x8003,0x8022,
  0x8002,0x8002,0x8002,0x8002,0x8002,0x8002,0x8002,0x8002,0x8002,0x8002,0x8002,0x8023,0x8023,0x84A9,0x8023,0x8023,
  0x8002,0x8002,0x8002,0x8002,0x8002,0x8002,0x8002,0x8002,0x8002,0x8001,0x8002,0x8002,0x8001,0x8002,0x8002,0x8022,
  0x8002,0x8002,0x8002,0x8002,0x8002,0x8002,0x8002,0x8001,0x8002,0x8002,0x8002,0x8002,0x8002,0x8002,0x8002,0x8002,
  0x8002,0x8002,0x8022,0x8022,0x8002,0x8002,0x8002,0x8002,0x8002,0x8002,0x8002,0x8002,0x8002,0x8002,0x8002,0x8002,
  0x8002,0x8022,0x8002,0x8002,0x8002,0x8002,0x8002,0x8001,0x8001,0x8002,0x8002,0x8002,0x8002,0x8002,0x8002,0x8002,
  0x8002,0x8002,0x8002,0x8002,0x8022,0x8022,0x8002,0x8002,0x8002,0x8002,0x8002,0x8002,0x8002,0x8002,0x8002,0x8002,
  0x8002,0x8002,0x8002,0x8002,0x8002,0x8002,0x8002,0x8002,0x8002,0x8002,0x8022,0x8023,0x8022,0x8023,0x8023,0x8023,
  0x8023,0x8023,0x8022,0x8022,0x8002,0x8002,0x8002,0x8022,0x8002,0x8022,0x8023,0x8002,0x8002,0x8002,0x8002,0x8002,
  0x8022,0x8022,0x8022,0x8022,0x8022,0x8022,0x8022,0x8023,0x8023,0x8023,0x8023,0x8023,0x8022,0x8002,0x8022,0x8022,
  0x8002,0x8002,0x8002,0x8002,0x8002,0x8002,0x8002,0x8002,0x8002,0x8002,0x8002,0x8002,0x8002,0x8022,0x8022,0x8023,
  0x8023,0x8002,0x8002,0x8002,0x8002,0x8002,0x8002,0x8002,0x8002,0x8022,0x8002,0x8002,0x8023,0x8023,0x8022,0x8002,
  0x8002,0x8002,0x8002,0x8002,0x8002,0x8002,0x8002,0x8002,0x8002,0x8002,0x8023,0x8023,0x8022,0x8022,0x8022,0x8022,
  0x8022,0x8022,0x8022,0x8022,0x8023,0x8023,0x8023,0x8023,0x8023,0x8043,0x99AF,0x9E14,0x9E14,0x8022,0xD2F6,0x914E,
  0x90EB,0x8022,0x8002,0x8422,0x9062,0x9062,0x9063,0x8C43,0xBDCC,0xF793,0xFBB6,0xEF33,0xE2D2,0xE2D2,0xF399,0xBE31,
  0xBE12,0xB5F0,0xA16E,0xA14D,0x950A,0x8C86,0x8C85,0x94E9,0x94E9,0x98E9,0x94E9,0x94EA,0x94EA,0x90C9,0x94E9,0x94EA,
  0x990A,0x992B,0x8466,0x8466,0x950A,0x8465,0x8466,0x8466,0x8044,0x8466,0x8466,0x8466,0x8866,0x8466,0x8866,0x8865,
  0x8465,0x8465,0x8466,0x8444,0x8466,0x8886,0x8886,0x8886,0x8886,0x8023,0x8466,0x8466,0x8466,0x8465,0x8044,0x8465,
  0x8465,0x8445,0x8465,0x8465,0x8466,0x8486,0x8466,0x8466,0x8466,0x8023,0x8866,0x8885,0x8885,0x8866,0x8866,0x8465,
  0x8466,0x8866,0x8866,0x8465,0x8044,0x8465,0x8465,0x8465,0x8465,0x8466,0x8466,0x8466,0x8887,0x8887,0x8887,0x8887,
  0x8465,0x8024,0x8024,0x8024,0x8024,0x8C65,0xC1EF,0xC610,0xC610,0xC60F,0x94A7,0x8C65,0x8C64,0x8C64,0x9484,0x8000,
  0x8000,0x8000,0x8001,0x8001,0x8002,0x8002,0x8002,0x8002,0x8001,0x94A6,0xBE31,0x8465,0x8022,0x8422,0xC20E,0x90A7,
  0xCF7D,0xD37D,0xCF5D,0xC31C,0xC71C,0x8157,0x85B8,0xAE9C,0xB6DD,0xB6FD,0xB6DC,0xAEBC,0xC73D,0xCB3D,0xEBBD,0xDF9E,
  0xD35D,0xD35D,0xE7BD,0xE7BD,0xDF9D,0xDF9D,0xDB9D,0xDF9D,0xE39D,0xDF9D,0xEBDE,0xEBBE,0xE7BE,0xEFDF,0xEFDE,0xDF9E,
  0xDB9E,0xD77E,0xAEFD,0xAAFC,0x969D,0xB31D,0xBB3D,0x8A9D,0x8A9D,0x9EBC,0xA6FD,0xA6FD,0xAAFE,0xD79F,0xD79F,0xDB9F,
  0xDBBF,0xDBBF,0xDFBF,0xEFFF,0xF3FF,0xF7FF,0xFFFF,0xF7FF,0xF3FF,0x83BF,0x839F,0x837F,0x833F,0x82DF,0x825F,0x823E,
  0x81FE,0x81FF,0x819C,0x817C,0x817C,0x81BC,0x8115,0x8158,0x8138,0x8158,0x80D0,0x80D0,0x80D0,0x80AD,0x80AD,0x808B,
  0x80AB,0x80CE,0x8069,0x8089,0x80AC,0x8089,0x8089,0x8068,0x8068,0x8068,0x8067,0x8045,0x8046,0x8046,0x8066,0x8023,
  0x8024,0x8023,0x8023,0x8023,0x8023,0x8023,0x8023,0x8023,0x8067,0x8023,0x8023,0x8023,0x8022,0x8022,0x8022,0x8023,
  0x8022,0x8002,0x8002,0x8022,0x8002,0x8022,0x8002,0x8002,0x8002,0x8002,0x8002,0x8022,0x8002,0x8002,0x8002,0x8002,
  0x8002,0x8002,0x8002,0x8002,0x8002,0x8002,0x8002,0x8002,0x8002,0x8002,0x8023,0x8023,0x8023,0x8024,0x8023,0x8023,
  0x8002,0x8002,0x8022,0x8002,0x8002,0x8002,0x8002,0x8002,0x8002,0x8002,0x8002,0x8022,0x8023,0x8023,0x8023,0x8022,
  0x8002,0x8002,0x8001,0x8002,0x8002,0x8002,0x8002,0x8002,0x8002,0x8001,0x8002,0x8002,0x8002,0x8002,0x8002,0x8002,
  0x8002,0x8002,0x8002,0x8001,0x8002,0x8001,0x8002,0x8002,0x8002,0x8002,0x8002,0x8002,0x8002,0x8002,0x8002,0x8002,
  0x8002,0x8002,0x8022,0x8002,0x8002,0x8002,0x8002,0x8002,0x8002,0x8002,0x8002,0x8002,0x8002,0x8002,0x8023,0x8022,
  0x8023,0x8024,0x8002,0x8002,0x8002,0x8002,0x8002,0x8002,0x8002,0x8002,0x8002,0x8002,0x8002,0x8002,0x8002,0x8002,
  0x8002,0x8001,0x8001,0x8002,0x8002,0x8002,0x8002,0x8002,0x8002,0x8002,0x8002,0x8002,0x8002,0x8002,0x8002,0x8002,
  0x8002,0x8002,0x8002,0x8002,0x8002,0x8002,0x8002,0x8002,0x8002,0x8002,0x8022,0x8023,0x8023,0x8023,0x8023,0x8023,
  0x8023,0x8023,0x8022,0x8002,0x8022,0x8002,0x8002,0x8002,0x8002,0x8002,0x8022,0x8022,0x8002,0x8002,0x8002,0x8022,
  0x8023,0x8002,0x8002,0x8002,0x8022,0x8002,0x8022,0x8022,0x8022,0x8022,0x8022,0x8022,0x8002,0x8022,0x8002,0x8002,
  0x8002,0x8002,0x8002,0x8002,0x8002,0x8002,0x8002,0x8002,0x8002,0x8002,0x8002,0x8022,0x8002,0x8022,0x8023,0x8002,
  0x8002,0x8002,0x8002,0x8022,0x8002,0x8002,0x8002,0x8002,0x8022,0x8022,0x8022,0x8002,0x8023,0x8022,0x8022,0x8022,
  0x8002,0x8002,0x8023,0x8002,0x8022,0x8022,0x8002,0x8002,0x8002,0x8002,0x8002,0x8022,0x8022,0x8022,0x8023,0x8023,
  0x8022,0x8023,0x8023,0x8023,0x8023,0x8023,0x8023,0x8023,0x8088,0x8238,0x99D3,0x95D2,0x894F,0x8021,0xAE55,0xBDCC,
  0xB989,0xB56A,0xBDAB,0xCDCA,0xFB72,0xFB51,0xFB30,0xD24F,0xD670,0xDE90,0xD670,0xB9CD,0x94EA,0x94EA,0x8423,0x94C9,
  0x94EA,0x94EA,0x94EA,0x94EA,0x90A7,0x8443,0x90C8,0x94EA,0x98E9,0x98E9,0x8C86,0x8443,0x94E9,0x8022,0x94E9,0x90A7,
  0x8CA8,0x90C8,0x90C8,0x8486,0x8887,0x8486,0x8486,0x8466,0x8466,0x8466,0x8466,0x8466,0x8444,0x8466,0x8866,0x8864,
  0x8C65,0x8864,0x8486,0x8465,0x8466,0x9464,0x9C85,0x9086,0x8887,0x8487,0x8466,0x8466,0x8466,0x8466,0x8465,0x8465,
  0x8466,0x8466,0x8465,0x8444,0x8445,0x8445,0x8465,0x8466,0x8465,0x8466,0x8886,0x8CA6,0x90A7,0x8CA6,0x8886,0x8466,
  0x8866,0x8886,0x8886,0x8465,0x8444,0x8465,0x8465,0x8465,0x8465,0x8465,0x8466,0x8466,0x8466,0x8466,0x8486,0x8466,
  0x8044,0x8465,0x8466,0x8466,0x8466,0x8467,0x8CCA,0x88A8,0x88A9,0x8CC9,0x992C,0xBDF0,0xC1CE,0xC1CD,0xC1CC,0xB16B,
  0xB16B,0xB56B,0xB58C,0x8022,0x8023,0x8023,0x8023,0x8002,0x8001,0x8C86,0x90EC,0x8044,0x8002,0x8001,0x8CEA,0x8044,
  0xAEBC,0xBADB,0xBADB,0xC71D,0xD77E,0xCF5E,0xCB3D,0xCB3E,0xC71D,0xB6DC,0xC71D,0x8577,0xAE9B,0xBAFC,0xBEFC,0xBAFD,
  0xD35D,0xD77D,0xD77D,0xE39D,0xE79D,0xE3BD,0xDF9D,0xE39E,0xE39D,0xDB9E,0xDF9E,0xE39D,0xDF9E,0xF7FF,0xF3FF,0xEBDF,
  0xE7BE,0xE7BE,0xD39E,0xDB9E,0x85FB,0xAAFB,0xA2BA,0x8E9C,0x929C,0x92BD,0x929D,0x929C,0x929C,0x929D,0x8E9D,0xBB1D,
  0xB33E,0xD39F,0xDB9F,0xDB9E,0xD79F,0xD79F,0xD79E,0xE3DF,0xE3DF,0xFBFF,0xFBFF,0xFBFF,0xBFBF,0x8FBF,0x83BF,0x839F,
  0x831F,0x82BF,0x829F,0x823F,0x823F,0x823F,0x81BD,0x819C,0x819D,0x8137,0x8158,0x8137,0x8114,0x80D1,0x80F1,0x80AE,
  0x80CF,0x80CF,0x80AD,0x80AD,0x80AD,0x80AD,0x8068,0x80AC,0x8088,0x8088,0x8068,0x8088,0x8088,0x8046,0x8045,0x8045,
  0x8067,0x8023,0x8046,0x8045,0x8024,0x8023,0x8023,0x8023,0x8023,0x8023,0x8023,0x8023,0x8045,0x8023,0x8023,0x8022,
  0x8022,0x8022,0x8002,0x8002,0x8002,0x8002,0x8002,0x8002,0x8022,0x8002,0x8022,0x8002,0x8022,0x8022,0x8022,0x8002,
  0x8002,0x8002,0x8002,0x8002,0x8002,0x8002,0x8002,0x8002,0x8002,0x8022,0x8023,0x8023,0x8045,0x8067,0x8023,0x8023,
  0x8023,0x8002,0x8002,0x8002,0x8002,0x8002,0x8002,0x8002,0x8002,0x8002,0x8002,0x8002,0x8002,0x8022,0x8002,0x8002,
  0x8002,0x8002,0x8002,0x8002,0x8002,0x8002,0x8002,0x8002,0x8002,0x8002,0x8002,0x8002,0x8002,0x8002,0x8002,0x8002,
  0x8001,0x8002,0x8001,0x8002,0x8002,0x8002,0x8001,0x8002,0x8002,0x8002,0x8002,0x8002,0x8002,0x8002,0x8002,0x8002,
  0x8002,0x8023,0x8023,0x8023,0x8023,0x8002,0x8002,0x8002,0x8002,0x8002,0x8002,0x8002,0x8002,0x8002,0x8002,0x8002,
  0x8022,0x8023,0x8022,0x8066,0x8002,0x8001,0x8001,0x8001,0x8002,0x8002,0x8002,0x8002,0x8002,0x8002,0x8001,0x8022,
  0x8002,0x8002,0x8023,0x8001,0x8151,0x8002,0x8002,0x8002,0x8002,0x8001,0x8002,0x8002,0x8002,0x8002,0x80CB,0x8045,
  0x8002,0x8002,0x8002,0x8002,0x8002,0x8002,0x8002,0x8002,0x8002,0x8002,0x8002,0x8002,0x8022,0x8023,0x998F,0x8CC9,
  0x8023,0x8023,0x8023,0x8022,0x8022,0x8002,0x8002,0x8002,0x8002,0x8022,0x8002,0x8002,0x8002,0x8023,0x8022,0x8002,
  0x8022,0x8022,0x8002,0x8022,0x8002,0x8002,0x8002,0x8002,0x8002,0x8022,0x8002,0x8002,0x8002,0x8002,0x8002,0x8002,
  0x8002,0x8002,0x8002,0x8002,0x8002,0x8002,0x8002,0x8002,0x8002,0x8002,0x8002,0x8002,0x8002,0x8022,0x8022,0x8022,
  0x8022,0x8002,0x8002,0x8002,0x8002,0x8002,0x8002,0x8002,0x8002,0x8002,0x8022,0x8002,0x8022,0x8022,0x8023,0x8023,
  0x8022,0x8022,0x8002,0x8002,0x8002,0x8022,0x8002,0x8002,0x8002,0x8002,0x8022,0x8022,0x8023,0x8022,0x8022,0x8023,
  0x8023,0x8023,0x8023,0x8023,0x8022,0x8023,0x8023,0x8023,0x8444,0x89D1,0x8424,0xFBB8,0xFFF7,0xFFD8,0xFFD6,0xF354,
  0xE6F3,0xE315,0x94EA,0x990B,0x990A,0x990B,0x950B,0x990C,0x992C,0x9D2C,0x990B,0x990B,0x990B,0x990B,0x90C8,0x8886,
  0x90C9,0x94C7,0x8421,0x8844,0x990B,0x8CA8,0x9D0C,0x8864,0x9044,0x9021,0x990B,0x990A,0x990A,0x990A,0x990B,0x990B,
  0x990B,0x992B,0x9D2C,0x8886,0x990A,0xA14C,0x8466,0x8466,0x8466,0x8466,0x8466,0x8466,0x8466,0x8466,0x8886,0xEDC0,
  0xF7DD,0xFE60,0x8886,0x8444,0x8465,0xF7D6,0xFBDF,0xB4A2,0x8C86,0x8466,0x8CC9,0x8466,0x8466,0x8466,0x8466,0x8466,
  0x8466,0x8466,0x8466,0x8466,0x8466,0x8465,0x8465,0x8466,0x8466,0x8466,0x8886,0xFF8A,0xF6E7,0xD100,0x8886,0x8466,
  0x8866,0xFEA3,0xBC80,0x8465,0x8444,0x8465,0x8844,0x9841,0x8C43,0x8466,0x8444,0x8486,0x8466,0x88A8,0x8466,0x8466,
  0x8465,0x8466,0x8466,0x8466,0x8045,0x8466,0x8487,0x8487,0x8466,0x8466,0x8465,0x8465,0x8465,0x8444,0x8465,0x8465,
  0x8024,0x8045,0x8466,0xC5EF,0xCE30,0xCE30,0xDE92,0x8001,0x8001,0x8001,0x8865,0x8024,0x8001,0x8001,0x8000,0x8002,
  0xAA9B,0x85B7,0x85B8,0x9619,0xD77E,0xCF5E,0xCB3D,0xC71D,0xCB5E,0xC73D,0xA27C,0xD77D,0x9E3A,0x9A18,0x8176,0x8176,
  0xD37D,0xDB7D,0xDB9D,0xE3BD,0xEBBD,0x9A7C,0xE7DE,0xEBBE,0xE39D,0x9E9E,0xCF7E,0xDF9E,0xC33E,0xD77D,0xE3BE,0xE3BF,
  0xE7BF,0xEFDF,0xD77E,0xDF9F,0xDB9E,0xD79E,0xD37A,0xC339,0xDF7A,0x8A7D,0x8E9C,0x8E9C,0x8E9C,0xA6B5,0xA2B6,0x92BB,
  0x8EBC,0xBB3A,0xCB57,0xCF5A,0xCB7E,0xD79E,0xDFBE,0xE3BF,0xE3BF,0xDBBF,0xD7BF,0xDBBF,0xF7FF,0xFBFF,0xFBFF,0xFBFF,
  0x8F9F,0x87DF,0x839F,0x833F,0x835F,0x839F,0x825F,0x825F,0x823F,0x81DD,0x81DD,0x81BB,0x8158,0x8137,0x8137,0x80F4,
  0x80F2,0x80D2,0x80D0,0x80CF,0x80CE,0x80AD,0x80AB,0x80AC,0x80AC,0x8089,0x8088,0x8088,0x8088,0x80AC,0x8067,0x8067,
  0x8067,0x8047,0x8066,0x8045,0x8066,0x8023,0x8045,0x8023,0x8023,0x8023,0x8024,0x8024,0x8023,0x8023,0x8023,0x8024,
  0x8023,0x8022,0x8002,0x8002,0x8023,0x8022,0x8002,0x8002,0x8023,0x8023,0x8023,0x8023,0x8022,0x8022,0x8022,0x8002,
  0x8002,0x8002,0x8002,0x8002,0x8002,0x8002,0x8002,0x8002,0x8023,0x8023,0x8023,0x8023,0x8045,0x8066,0x8023,0x8023,
  0x8022,0x8002,0x8002,0x8002,0x8002,0x8002,0x8002,0x8002,0x8002,0x8002,0x8002,0x8002,0x8002,0x8002,0x8002,0x8002,
  0x8002,0x8002,0x8002,0x8002,0x8002,0x8002,0x8002,0x8002,0x8022,0x8002,0x8002,0x8022,0x8002,0x8002,0x8001,0x8002,
  0x8002,0x8002,0x8002,0x8002,0x8002,0x8002,0x8002,0x8002,0x8002,0x8002,0x8002,0x8002,0x8002,0x8002,0x8022,0x8002,
  0x8002,0x8023,0x8023,0x8023,0x8023,0x8022,0x8022,0x8022,0x8002,0x8002,0x8002,0x8002,0x8002,0x8002,0x8002,0x8002,
  0x8022,0x8023,0x8022,0x8002,0x8022,0x8002,0x8001,0x8001,0x8001,0x8002,0x8002,0x8002,0x8002,0x8002,0x8002,0x8002,
  0x8002,0x8002,0x8002,0x8001,0x8023,0x8002,0x8002,0x8002,0x8002,0x8001,0x8001,0x8002,0x8002,0x8002,0x8024,0x8003,
  0x8002,0x8002,0x8002,0x8002,0x8002,0x8002,0x8002,0x8002,0x8002,0x8002,0x8002,0x8022,0x8022,0x8023,0x914D,0x88C9,
  0x8024,0x8023,0x8023,0x8022,0x8022,0x8002,0x8022,0x8002,0x8002,0x8022,0x8002,0x8002,0x8023,0x8023,0x8022,0x8002,
  0x8023,0x8022,0x8023,0x8022,0x8022,0x8002,0x8002,0x8002,0x8002,0x8002,0x8002,0x8002,0x8002,0x8002,0x8002,0x8002,
  0x8002,0x8002,0x8002,0x8002,0x8002,0x8022,0x8022,0x8022,0x8002,0x8022,0x8002,0x8002,0x8022,0x8023,0x8022,0x8022,
  0x8022,0x8002,0x8002,0x8002,0x8002,0x8002,0x8002,0x8002,0x8002,0x8022,0x8002,0x8022,0x8022,0x8022,0x8023,0x8022,
  0x8022,0x8022,0x8022,0x8022,0x8022,0x8002,0x8002,0x8002,0x8022,0x8022,0x8022,0x8022,0x8022,0x8022,0x8022,0x8023,
  0x8023,0x8023,0x8023,0x8023,0x8023,0x8022,0x8C63,0x8863,0xA107,0xF334,0xFBB9,0xFBB8,0xD22D,0xCA2F,0xC230,0x9D6E,
  0x9D4D,0x952C,0x8CA8,0x990B,0x990B,0x992B,0x9D2C,0x9D0B,0x9D2C,0x8445,0x9D2B,0x990A,0x9D0B,0x990B,0x90C8,0x94E9,
  0x94C8,0xA0A4,0xD9A2,0x9CE8,0x990B,0x8CA7,0x9D2C,0xE9C3,0xFEA2,0xFE20,0x950B,0x990A,0x990B,0x990B,0x990B,0x990B,
  0x990B,0x9D2C,0x8486,0x8466,0x94EA,0xA14D,0x8486,0x8466,0x8466,0x8466,0x8466,0x8466,0x8466,0x8466,0x8886,0xE5A0,
  0xFFB8,0xFAC3,0x8886,0x8444,0x8444,0xFB48,0xFB6D,0xB0C2,0x8C86,0x8466,0x8465,0x8466,0x8444,0x8466,0x8466,0x8486,
  0x8044,0x8466,0x8466,0x8466,0x8466,0x8465,0x8466,0x8466,0x8466,0x8466,0x8466,0xFF24,0xFB05,0xD0E0,0x8865,0x8444,
  0x8465,0xFE80,0xFA01,0x8466,0x8465,0x8466,0x9042,0xFFE3,0xD4E0,0x8465,0x8466,0x8466,0x8466,0x8466,0x8466,0x8465,
  0x8886,0x8466,0x8466,0x8466,0x8045,0x8466,0x990A,0x8466,0x8466,0x8465,0x8465,0x8466,0x8445,0x8465,0x8466,0x8465,
  0x8466,0x8486,0x8487,0x8887,0x8466,0x8046,0xCA31,0xC1EF,0xBDCD,0xB16B,0x9485,0x8C64,0x8422,0x8001,0x8001,0x8022,
  0x8DD9,0xCF7E,0x91F9,0x89D9,0x8DFA,0xD33C,0x8597,0x8576,0x8157,0xAE9B,0x9E1A,0xD77D,0xCB5D,0xCF5D,0xBAFC,0x8576,
  0x8176,0xDF9D,0xDF9D,0xC33D,0xC31D,0x81BB,0x81BA,0x861B,0x85FB,0xE39D,0x81DA,0xB2BB,0xCB7E,0xAA9B,0xBF1C,0xCB3D,
  0xC73D,0xCB5E,0xD77E,0xD37E,0xF3FF,0xDB9D,0xE7BE,0xE7DE,0xEBDE,0xE7BE,0xE79D,0xE3BD,0x8E7B,0x9E75,0xA6B3,0xBAD2,
  0x96B8,0x96B9,0x96B9,0x92B9,0x92BA,0xB71A,0xD77A,0xD37A,0x9B1C,0xD79E,0xD79E,0xD79E,0xDBBF,0xDFBF,0xE3BF,0xE7DF,
  0xF3FF,0xFBFF,0xFBFF,0xFBFF,0xCBDF,0xAFDF,0x87DF,0x839F,0x837F,0x829F,0x827F,0x823F,0x81BC,0x81FE,0x817A,0x817B,
  0x817A,0x8136,0x8136,0x80F4,0x80D0,0x80CF,0x80D0,0x80EF,0x80AC,0x80AC,0x808B,0x80AC,0x808A,0x8068,0x808A,0x8068,
  0x8068,0x8068,0x8068,0x8067,0x8066,0x8066,0x8066,0x8067,0x8066,0x8045,0x8046,0x8023,0x8024,0x8023,0x8045,0x8023,
  0x8023,0x8023,0x8022,0x8002,0x8023,0x8023,0x8023,0x8023,0x8023,0x8023,0x8023,0x8023,0x8023,0x8022,0x8069,0x8002,
  0x8002,0x8002,0x8022,0x8002,0x8002,0x8002,0x8023,0x8023,0x8023,0x8023,0x8024,0x8044,0x8067,0x80AB,0x8044,0x8024,
  0x8023,0x8023,0x8023,0x8002,0x8022,0x8022,0x8002,0x8002,0x8002,0x8002,0x8002,0x8002,0x8002,0x8002,0x8002,0x8002,
  0x8002,0x8022,0x8002,0x8002,0x8002,0x8002,0x8002,0x8002,0x8002,0x8002,0x8002,0x8002,0x8002,0x8002,0x8002,0x8002,
  0x8002,0x8002,0x8002,0x8002,0x8002,0x8002,0x8002,0x8022,0x8002,0x8002,0x8002,0x8002,0x8002,0x8002,0x8002,0x8002,
  0x8022,0x8022,0xA9D0,0xEFBD,0x8443,0x8023,0x8022,0x8002,0x8022,0x8002,0x8002,0x8002,0x8002,0x8002,0x8002,0x8022,
  0x8002,0x8023,0x8002,0x8002,0x8002,0x8002,0x8002,0x8002,0x8002,0x8002,0x8002,0x8002,0x8001,0x8002,0x8002,0x8002,
  0x8002,0x8002,0x8001,0x8001,0x8002,0x8002,0x8002,0x8002,0x8002,0x8002,0x8002,0x8002,0x8001,0x8002,0x8002,0x8002,
  0x8002,0x8002,0x8002,0x8002,0x8002,0x8002,0x8002,0x8002,0x8002,0x8002,0x8002,0x8022,0x8002,0x8023,0x8023,0x8023,
  0x8023,0x8022,0x8022,0x8022,0x8022,0x8002,0x8002,0x8022,0x8022,0x8022,0x8002,0x8002,0x8022,0x8022,0x8025,0x8173,
  0x8023,0x8023,0x8023,0x8022,0x8022,0x8002,0x8002,0x8002,0x8002,0x8002,0x8002,0x8002,0x8002,0x8002,0x8022,0x8022,
  0x8002,0x8022,0x8002,0x8002,0x8002,0x8022,0x8022,0x8022,0x8022,0x8022,0x8002,0x8022,0x8023,0x8023,0x8023,0x8023,
  0x8023,0x8023,0x8023,0x8022,0x8022,0x8022,0x8022,0x8022,0x8002,0x8002,0x8022,0x8022,0x8022,0x8022,0x8022,0x8022,
  0x8022,0x8022,0x8022,0x8022,0x8022,0x8022,0x8002,0x8022,0x8022,0x8022,0x8023,0x8023,0x8023,0x8022,0x8023,0x8023,
  0x8043,0x8023,0x8043,0x8C63,0xA0E6,0xB147,0xFFD5,0xDA70,0xBE10,0xADAE,0xA16E,0x9D4D,0x9D4D,0x9D4E,0x9D6E,0x8867,
  0x9D4D,0x9D2C,0x992C,0x8865,0x9D2C,0x9D4D,0x9D4D,0x9D2C,0x9D2C,0x9D2B,0xA861,0xEE02,0x990A,0x990A,0x94EA,0x98EA,
  0x98E8,0xACA3,0xF2A5,0xA4E7,0x990B,0x8C87,0x990B,0xE5E3,0xFFD5,0xF5C0,0x94EA,0x990A,0x9D0B,0x9D0B,0x990B,0x990B,
  0x90C8,0x9D2B,0x8886,0x8465,0x8886,0x8C86,0x8445,0x9D09,0x8445,0x8486,0x8887,0x8887,0x8887,0x8886,0x8865,0x8C64,
  0x9484,0x9085,0x8887,0x8445,0x8464,0x9883,0x9883,0x9085,0x8023,0x8466,0x8466,0x8466,0x8465,0x8465,0x8466,0x8465,
  0x8466,0x8466,0x8466,0x8466,0x8465,0x8466,0x8466,0x8466,0x8866,0x8866,0x8865,0xA081,0xBCA0,0x9C60,0x8444,0x8444,
  0x8864,0xF5A0,0xFF23,0x8466,0x8466,0x8466,0x8843,0xFA20,0xFFC8,0x8045,0x8465,0x8466,0x8466,0x8465,0x8466,0x8466,
  0x8466,0x8466,0x8466,0x8466,0x8466,0x8466,0x9D2B,0x8045,0x8465,0x8465,0x8465,0x8465,0x8465,0x8486,0x8445,0x8044,
  0x8023,0x8023,0x8023,0x8466,0x8466,0x8466,0x8466,0x8466,0x8466,0x8045,0x8045,0xB1AE,0xC1CD,0xAD28,0xA0C6,0xB149,
  0x8DF9,0x8DF9,0x8DF9,0x8DF9,0x8DF9,0x89D9,0x89D9,0x89B8,0x85B9,0x85B8,0x89D8,0x85B8,0x921A,0xA27B,0x961A,0xB2BA,
  0xDB5D,0xDB5C,0xE39D,0xDB7D,0xDF9E,0xE79E,0xDB5C,0x8DF9,0x85DA,0x89FA,0x89FA,0x8DFA,0x89F9,0x89B9,0x85B8,0x9E5A,
  0xB6DB,0x85BA,0xD77D,0xD77E,0xDB7E,0xE7BE,0xD37C,0xDB9C,0xCB7A,0xDFBC,0xE7BD,0xE7BD,0xB2DA,0xA276,0x9A96,0x9A97,
  0xC714,0x9AB8,0x96D8,0xAAD6,0x9EB7,0x9297,0x9AD7,0x9ED7,0x96DA,0xBF3B,0xD79C,0xC73D,0xDF9E,0xC75E,0xD3BF,0xDFBF,
  0xDBBF,0xD7BF,0xD7BF,0xF7FF,0xFBFF,0xFBFF,0xFBFF,0xAFDF,0x9FDF,0x83BF,0x833F,0x82DF,0x82BF,0x827F,0x81FE,0x81BC,
  0x819C,0x819C,0x815A,0x8117,0x8116,0x8137,0x80F4,0x80D0,0x8112,0x80F1,0x808B,0x80AC,0x80AB,0x808B,0x80AC,0x808A,
  0x8068,0x8067,0x80CB,0x8067,0x8067,0x8067,0x8067,0x8067,0x8046,0x8046,0x8046,0x8045,0x8024,0x8045,0x8023,0x8023,
  0x8023,0x8023,0x8023,0x8023,0x8174,0x810E,0x8023,0x8023,0x8023,0x8023,0x8023,0x8023,0x8022,0x8002,0x8023,0x8002,
  0x8002,0x8002,0x8002,0x8002,0x8022,0x8002,0x8023,0x8023,0x8023,0x8024,0x8044,0x8045,0x808B,0x80F0,0x8025,0x8024,
  0x8023,0x8023,0x8023,0x8002,0x8002,0x8023,0x8002,0x8002,0x8002,0x8002,0x8002,0x8002,0x8002,0x8002,0x8002,0x8002,
  0x8002,0x8002,0x8022,0x8044,0x8003,0x8002,0x8002,0x8002,0x8002,0x8002,0x8002,0x8002,0x8002,0x8002,0x8002,0x8002,
  0x8002,0x8002,0x8002,0x8002,0x8002,0x8002,0x8002,0x8002,0x8002,0x8002,0x8002,0x8002,0x8002,0x8002,0x8002,0x8002,
  0x8002,0x8023,0x8023,0x8023,0x8023,0x8002,0x8002,0x8022,0x8002,0x8022,0x8002,0x8002,0x8002,0x8002,0x8002,0x8022,
  0x8002,0x8002,0x8002,0x8002,0x8002,0x8002,0x8002,0x8002,0x8002,0x8002,0x8002,0x8002,0x8002,0x8002,0x8002,0x8002,
  0x8002,0x8001,0x8001,0x8001,0x8001,0x8002,0x8002,0x8002,0x8002,0x8002,0x8002,0x8002,0x8002,0x8002,0x8002,0x8002,
  0x8002,0x8002,0x8002,0x8002,0x8002,0x8002,0x8002,0x8002,0x8002,0x8002,0x8002,0x8022,0x8002,0x8022,0x8022,0x8023,
  0x8002,0x8022,0x8022,0x8002,0x8002,0x8002,0x8002,0x8002,0x8022,0x8022,0x8002,0x8002,0x8002,0x8022,0x8022,0x8002,
  0x8022,0x8023,0x8022,0x8022,0x8002,0x8002,0x8002,0x8002,0x8002,0x8022,0x8002,0x8002,0x8002,0x8002,0x8002,0x8022,
  0x8002,0x8002,0x8002,0x8022,0x8002,0x8002,0x8022,0x8022,0x8002,0x8022,0x8022,0x8022,0x8022,0x8023,0x8023,0x8024,
  0x8067,0x8023,0x8023,0x8002,0x8002,0x8022,0x8002,0x8002,0x8002,0x8022,0x8022,0x8022,0x8422,0x8422,0x8422,0x8022,
  0x8022,0x8022,0x8022,0x8022,0x8022,0x8022,0x8022,0x8022,0x8022,0x8023,0x8022,0x8023,0x8023,0x8023,0x8023,0x8043,
  0x8443,0x8C63,0xDA91,0xF334,0xFB95,0xDA6D,0xC211,0xADB1,0xA58F,0xA58E,0x992C,0x9D4D,0x9D4D,0x9D4D,0x9D4C,0xA14E,
  0xA16E,0x9D2C,0x9D4D,0x9D4D,0x9D4D,0x9D6E,0x9D4D,0x9D2C,0x9D2C,0x990A,0xBCA0,0xFFC8,0x9CE8,0x990A,0x94EA,0x990A,
  0x94C7,0xB0C4,0xD562,0xA10A,0x990B,0x8887,0x990A,0xA4E7,0xB924,0x94C8,0x98E9,0x990B,0x9D0B,0x9D2B,0x88A8,0x9D2C,
  0x9D2B,0x9D2B,0x990A,0x8465,0x8465,0x8465,0x8444,0x8444,0x8445,0x8465,0x8887,0x8887,0x8887,0x8CA8,0x8865,0x8865,
  0x8886,0x8886,0x8887,0x8CA8,0x8886,0x8465,0x8464,0x8444,0x8886,0x8486,0x8886,0x8886,0x88A7,0x90C9,0x90C9,0x8043,
  0x8886,0x8866,0x8866,0x8866,0x8886,0x8486,0x8486,0x8886,0x8466,0x8465,0x8444,0x8443,0x8443,0x8423,0x8444,0x8444,
  0x8444,0x8464,0x8465,0x8466,0x8465,0x8466,0x8465,0x8865,0x8865,0x8466,0x8466,0x8466,0x8466,0x8465,0x88A7,0x8465,
  0x8466,0x8466,0x8466,0x8CA8,0x8466,0x8465,0x990A,0x8045,0x8865,0xEE25,0x8865,0x8864,0xEE02,0x8044,0x8466,0x8486,
  0x8487,0x8887,0x8487,0x8486,0x8466,0x8043,0x8466,0x8466,0x8465,0x8466,0x8466,0x8466,0x8887,0x90A8,0xA10A,0xBD8B,
  0x8DD9,0x8DD8,0x8DD9,0x8DD9,0x8DD9,0x8DF9,0x8DF9,0x8DF9,0x8DF9,0x8DF9,0x8DD9,0x8DD9,0x8DF9,0x8DF9,0x91FA,0x8DF9,
  0x8DF9,0x9E1A,0xA67A,0x9A3A,0xAA9C,0xD35D,0xD35D,0x89D8,0x85B9,0xAEDC,0x89FA,0x8DFA,0x8DD9,0x89B7,0x8595,0x95D3,
  0x8DD5,0xBEDB,0x9E39,0x9E3A,0xB6DD,0xC73D,0xE7BE,0xE3BE,0xB2B7,0x9231,0x9A52,0x9E72,0x9E92,0xA294,0xA2B5,0xA2B5,
  0xAAD6,0x9A76,0xBEF3,0xBAD2,0xBAD2,0xBEF2,0xAEB3,0xC2F4,0x9A96,0x9EB6,0xB6D4,0xAAD6,0xBB17,0xBB18,0xAEFD,0xC75D,
  0xC35E,0xCF7F,0xD79F,0xDB9F,0xDFBF,0xE3DF,0xE7DF,0xE3DF,0xFBFF,0xFBFF,0xF3FF,0xB7DF,0x837F,0x837F,0x879F,0x825F,
  0x827F,0x821F,0x81DE,0x81BE,0x81DE,0x81DE,0x8139,0x8138,0x8158,0x8114,0x80D1,0x80D1,0x80F3,0x80AF,0x80AD,0x80AC,
  0x80AB,0x80AB,0x80AB,0x808A,0x8067,0x8089,0x8089,0x8068,0x8067,0x8067,0x8046,0x8067,0x8046,0x8066,0x8024,0x8045,
  0x8046,0x8023,0x8023,0x8023,0x8024,0x8024,0x8024,0x8024,0x8067,0x8024,0x8023,0x8023,0x8002,0x8002,0x8002,0x8022,
  0x8002,0x8002,0x8022,0x8002,0x8002,0x8002,0x8022,0x8023,0x8023,0x8044,0x8045,0x8047,0x8DB5,0xCF5D,0x80AB,0x8045,
  0x8023,0x8023,0x8023,0x8002,0x8002,0x8002,0x8002,0x8002,0x8002,0x8002,0x8002,0x8002,0x8002,0x8002,0x8002,0x8002,
  0x8022,0x8022,0x8023,0x8023,0x8023,0x8002,0x8002,0x8002,0x8002,0x8002,0x8002,0x8002,0x8002,0x8002,0x8002,0x8002,
  0x8002,0x8002,0x8002,0x8002,0x8002,0x8002,0x8002,0x8002,0x8002,0x8002,0x8002,0x8002,0x8002,0x8002,0x8002,0x8002,
  0x8002,0x8022,0x8022,0x8002,0x8002,0x8002,0x8002,0x8022,0x8023,0x8002,0x8002,0x8002,0x8002,0x8002,0x8002,0x8002,
  0x8002,0x8002,0x8023,0x8023,0x8023,0x8002,0x8023,0x8002,0x8002,0x8002,0x8002,0x8002,0x8002,0x8002,0x8002,0x8002,
  0x8002,0x8002,0x8002,0x8002,0x8002,0x8002,0x8002,0x8002,0x8002,0x8002,0x80ED,0x80ED,0x8002,0x8002,0x8002,0x8001,
  0x8002,0x8002,0x8002,0x8002,0x8002,0x8002,0x8002,0x8002,0x8002,0x8022,0x8002,0x8002,0x8002,0x8002,0x8002,0x8002,
  0x8002,0x8002,0x8002,0x8002,0x8002,0x8002,0x8002,0x8002,0x8002,0x8002,0x8022,0x8022,0x8022,0x8022,0x8022,0x8022,
  0x8022,0x8002,0x8002,0x8022,0x8002,0x8002,0x8022,0x8002,0x8002,0x8002,0x8002,0x8022,0x8002,0x8002,0x8022,0x8002,
  0x8022,0x8022,0x8002,0x8022,0x8002,0x8022,0x8002,0x8002,0x8022,0x8022,0x8022,0x8022,0x8023,0x8023,0x8023,0x8024,
  0x8067,0x8023,0x8023,0x8023,0x8022,0x8022,0x8002,0x8022,0x8022,0x8022,0x8022,0x8422,0x8C42,0x9042,0x8842,0x8442,
  0x8422,0x8022,0x8022,0x8022,0x8022,0x8022,0x8022,0x8022,0x8022,0x8023,0x8023,0x8023,0x8043,0x8443,0xE2B1,0xF753,
  0xFF95,0xFB75,0xB5D0,0xB5D0,0xB1D1,0xB1D1,0xB5F1,0xB1D0,0x8CA7,0x950B,0x91B2,0x865A,0x8217,0x956E,0x994D,0x9D6E,
  0xA16E,0x979E,0x9D70,0x9D6E,0xA16E,0x9AB7,0x9D2C,0x9D2C,0x9D2B,0x8C65,0xA0E7,0x9CE8,0x98C8,0x990A,0x94EA,0x94EA,
  0x94E9,0x98E9,0x98EA,0x990A,0x990A,0x8466,0x9D0A,0x98E9,0x98E8,0x94C8,0x98EA,0x990A,0xAD8E,0x9D0B,0xA12C,0x9D2B,
  0x9D0A,0x9D0B,0x9D2B,0x990B,0x8445,0x94C9,0x90C8,0x8CA7,0x8C87,0x8044,0x8044,0x8044,0x8444,0x8023,0x8022,0x8023,
  0x8023,0x8023,0x8023,0x8002,0x8022,0x8002,0x8001,0x8001,0x8000,0x8000,0x8002,0x8002,0x8002,0x8002,0x8002,0x8001,
  0x8001,0x8002,0x8002,0x8023,0x8044,0x8044,0x8044,0x8444,0x8043,0x8023,0x90C9,0x8CA8,0x8CA8,0x90C8,0x94E9,0x90C9,
  0x90C8,0x90C8,0x90C9,0x94EA,0x8887,0x8866,0x8866,0x8865,0x8465,0x8866,0x8466,0x8466,0x8466,0x8466,0x8466,0x8466,
  0x8466,0x8466,0x8466,0x8465,0x8465,0x8445,0x90C8,0x8465,0x8465,0x8465,0x8465,0x8844,0xFAC2,0x8444,0x8486,0x8466,
  0x8487,0x8887,0x8887,0x8887,0x8887,0x8466,0x8466,0x8465,0x8423,0x8445,0x8466,0x8466,0x8466,0x8466,0x8466,0x8466,
  0x8DD8,0x8DD8,0x8DD8,0x8DD8,0x8DD9,0x8DF9,0x91F9,0x8DFA,0x8DFA,0x89D8,0x8DF9,0x8DF9,0x8DF9,0x8DF9,0x91F9,0x8DD9,
  0x8DD8,0x8DF9,0x8DF9,0x8DF9,0x8DF9,0x8DF9,0xAA9B,0xCB3C,0xCF5D,0xD37D,0xA27B,0x85D9,0x8DFA,0x89D8,0x85B7,0x9E51,
  0xA252,0x9E54,0x8197,0x8198,0x921A,0xCF5D,0xCF7D,0xDBBE,0xE7BE,0x9612,0x9631,0x9251,0x9651,0x9E73,0xA2B4,0x9EB4,
  0x9A94,0x9A74,0xB6B2,0xAAB2,0xAA93,0xBAB3,0xC6F2,0xB2B4,0xA6B5,0xA6B5,0x9EB5,0x9A95,0xB6D4,0xC355,0xA2DB,0xAED9,
  0xAEF9,0xCF9D,0xBB3D,0xDB9E,0xD79E,0xD79E,0xDB9E,0xDFBF,0xDFBF,0xDFBF,0xF7FF,0xFBFF,0xFFFF,0xF3FF,0xE7FF,0x879F,
  0x837F,0x833F,0x831F,0x827F,0x825F,0x81FE,0x81DD,0x81FE,0x819C,0x8158,0x8158,0x8136,0x80F3,0x80F1,0x80F1,0x80CD,
  0x80CE,0x80EF,0x80CE,0x80CC,0x808A,0x80AC,0x808A,0x8067,0x8068,0x8089,0x8089,0x8067,0x8046,0x8067,0x8067,0x8066,
  0x8067,0x8066,0x8024,0x8023,0x8024,0x8024,0x8024,0x8024,0x8023,0x8023,0x8023,0x8023,0x8023,0x8023,0x8023,0x8023,
  0x8022,0x8023,0x8023,0x8022,0x8023,0x8044,0x8045,0x8025,0x8066,0x8068,0x808A,0x81B5,0xFFFF,0xFFFF,0x8132,0x80CF,
  0x8067,0x8045,0x8045,0x8023,0x8023,0x8044,0x8002,0x8002,0x8022,0x8002,0x8002,0x8002,0x8002,0x8002,0x8002,0x8002,
  0x8023,0x8023,0x8023,0x8023,0x8022,0x8002,0x8002,0x8022,0x8002,0x8002,0x8003,0x8022,0x8022,0x8002,0x8002,0x8002,
  0x8002,0x8002,0x8022,0x8002,0x8002,0x8002,0x8002,0x8002,0x8002,0x8002,0x8002,0x8002,0x8002,0x8002,0x8002,0x8002,
  0x8022,0x8022,0x8002,0x8022,0x8022,0x8002,0x8002,0x8022,0x8023,0x8002,0x8002,0x8002,0x8002,0x8002,0x8002,0x8002,
  0x8002,0x8022,0x8022,0x8023,0x8022,0x8022,0x8002,0x8002,0x8002,0x8002,0x8002,0x8002,0x8002,0x8002,0x8002,0x8002,
  0x8002,0x8002,0x8002,0x8001,0x8002,0x8002,0x8002,0x8001,0x8002,0x8002,0x8001,0x8002,0x8002,0x8002,0x8002,0x8002,
  0x8002,0x8002,0x8002,0x8002,0x8002,0x8002,0x8002,0x8002,0x8002,0x8002,0x8002,0x8002,0x8002,0x8002,0x8002,0x8002,
  0x8002,0x8002,0x8002,0x8002,0x8022,0x8002,0x8002,0x8002,0x8002,0x8022,0x8022,0x8022,0x8002,0x8002,0x8022,0x8022,
  0x8002,0x8022,0x8002,0x8022,0x8022,0x8002,0x8002,0x8002,0x8002,0x8002,0x8002,0x8002,0x8022,0x8002,0x8002,0x8002,
  0x8002,0x8022,0x8002,0x8002,0x8002,0x8002,0x8002,0x8022,0x8022,0x8023,0x8023,0x8023,0x8023,0x8023,0x8024,0x8046,
  0x8088,0x8024,0x8024,0x8023,0x8023,0x8023,0x8022,0x8022,0x8022,0x8022,0x8422,0x8842,0x9041,0xDD20,0x8C62,0x8842,
  0x8442,0x8422,0x8022,0x8022,0x8022,0x8023,0x8022,0x8022,0x8023,0x8023,0x8043,0x8043,0x8442,0xE2B1,0xEF10,0xF310,
  0xD6B2,0xB5F1,0xB9D0,0xB5CF,0xADD0,0xA98E,0xEA69,0xC1F0,0x910A,0x9D90,0x8617,0xF3FF,0xE3FF,0x8C44,0x994E,0x9D6E,
  0xA16F,0x9614,0xA190,0xA18F,0xA16E,0x954D,0x94C9,0x990A,0x990A,0x90C8,0x94E9,0x94C8,0x98E9,0x990A,0x94EA,0xA56D,
  0xA56E,0xA96D,0xA56D,0xA56D,0xA54C,0xA14C,0x94E9,0x94E8,0x90C8,0x8C86,0x8C86,0x8865,0x8023,0x8002,0x8002,0x8000,
  0x8000,0x8000,0x8000,0x8000,0x8001,0x8002,0x8002,0x8002,0x8001,0x8001,0x8001,0x8001,0x8001,0x8001,0x8001,0x8001,
  0x8002,0x8002,0x8002,0x8002,0x8002,0x8001,0x8001,0x8001,0x8001,0x8001,0x8001,0x8001,0x8002,0x8002,0x8001,0x8002,
  0x8002,0x8002,0x8001,0x8022,0x8002,0x8002,0x8002,0x8001,0x8001,0x8001,0x8000,0x8001,0x8001,0x8001,0x8002,0x8001,
  0x8001,0x8001,0x8001,0x8001,0x8023,0x8043,0x8444,0x8444,0x8465,0x8886,0x8CA8,0x90C8,0x90C9,0x90CA,0x90C9,0x90C9,
  0x90C9,0x90A8,0x8465,0x8465,0x8445,0x8444,0x90C8,0x8465,0x8465,0x8466,0x8466,0x8486,0x8866,0x8887,0x8887,0x8486,
  0x8487,0x8887,0x8886,0x98A4,0x8864,0x8465,0x8465,0x9062,0x8822,0x8444,0x8465,0x8465,0x8466,0x8466,0x8466,0x8466,
  0x8DB8,0x8DB7,0x8DD8,0x8DD8,0x8DD9,0x8DF9,0x8DF9,0x91F9,0x8DF9,0xBF7F,0x8DF9,0x91F9,0x8DF9,0x8DF9,0x8DF9,0x8DD9,
  0x89D9,0x8DF9,0x8DF9,0x8DF9,0x8DF9,0x8DF9,0x8DD9,0x8DD9,0x89F9,0x89D8,0x85FA,0xDB9D,0x921A,0x8DFA,0x89FA,0x8197,
  0xA251,0x9E52,0x9E33,0x9A35,0x9617,0x89B6,0x89B7,0x921A,0xDB9E,0xDF9E,0xE79E,0xEBBE,0xEBBE,0xE79C,0xA6B5,0xA293,
  0x9E72,0x9E72,0x9E72,0x9E72,0xA252,0xCAF2,0xCB33,0xBAD3,0xD333,0xD733,0x9A74,0x9A74,0x9276,0x8E98,0x8E9A,0x9278,
  0xDF96,0x9AFB,0x971D,0x971D,0xA2F9,0xD7BE,0xD37E,0xD39E,0xD39E,0xDBBF,0xE3BF,0xDFBF,0xDBBF,0xE7DF,0xF7FF,0xF7FF,
  0xFBFF,0x9FDF,0x839F,0x839F,0x82FF,0x82DF,0x829F,0x829F,0x81FE,0x819B,0x819C,0x8159,0x8118,0x80F4,0x80F3,0x80F3,
  0x80F1,0x80F1,0x80D0,0x80CD,0x80AC,0x80AB,0x808B,0x8069,0x80AC,0x808A,0x8067,0x8067,0x8067,0x8067,0x8067,0x8067,
  0x8046,0x8046,0x8046,0x8067,0x8067,0x8067,0x8024,0x8023,0x8023,0x8024,0x8023,0x8023,0x8023,0x8023,0x8023,0x8023,
  0x8023,0x8023,0x8023,0x8023,0x8022,0x8022,0x8002,0x8002,0x8002,0x8024,0x8025,0x8467,0x9A17,0xDB9E,0x8489,0x8026,
  0x8024,0x8023,0x8023,0x8002,0x8002,0x8002,0x8002,0x8002,0x8002,0x8002,0x8002,0x8002,0x8001,0x8002,0x8002,0x8002,
  0x8022,0x8002,0x8022,0x8002,0x8002,0x8002,0x8002,0x8022,0x80EE,0x8173,0x8023,0x8022,0x8002,0x8002,0x8002,0x8002,
  0x8002,0x8002,0x8002,0x8002,0x8002,0x8002,0x8002,0x8002,0x8002,0x8002,0x8002,0x8002,0x8002,0x8002,0x8002,0x8022,
  0x8022,0x8002,0x8002,0x8002,0x8022,0x8022,0x8002,0x8002,0x8002,0x8002,0x8022,0x8002,0x8002,0x8002,0x8002,0x8002,
  0x8002,0x8002,0x8002,0x8002,0x8002,0x8002,0x8002,0x8002,0x8023,0x8002,0x8002,0x8002,0x8002,0x8002,0x8002,0x8002,
  0x8002,0x8002,0x8001,0x8002,0x8002,0x8002,0x8002,0x8002,0x8001,0x8002,0x8002,0x8002,0x8002,0x8002,0x8002,0x8002,
  0x8002,0x8022,0x8002,0x8002,0x8002,0x8002,0x8002,0x8002,0x8002,0x8002,0x8002,0x8002,0x8002,0x8002,0x8002,0x8002,
  0x8002,0x8002,0x8002,0x8002,0x8002,0x8002,0x8002,0x8002,0x8002,0x8002,0x8022,0x8002,0x8022,0x8002,0x8002,0x8022,
  0x8002,0x8002,0x8002,0x8002,0x8002,0x8022,0x8022,0x8002,0x8002,0x8022,0x8002,0x8002,0x8002,0x8002,0x8002,0x8002,
  0x8002,0x8002,0x8002,0x8002,0x8002,0x8002,0x8002,0x8022,0x8022,0x8023,0x8023,0x8023,0x8023,0x8024,0x8024,0x8067,
  0x80CC,0x8044,0x8044,0x8024,0x8024,0x8023,0x8023,0x8002,0x8002,0x8022,0x8422,0x8C42,0x9400,0xFF8F,0x9462,0x8C42,
  0x8422,0x8422,0x8022,0x8022,0x8022,0x8022,0x8022,0x8023,0x8023,0x8043,0x8043,0x9062,0x9085,0xFF95,0xE6B0,0xDA91,
  0xBE11,0xC20F,0xA54B,0xBDCC,0xB128,0xC5A8,0xFAA5,0xB9F0,0x8CC9,0x996E,0x85F6,0xDBFF,0xCFFF,0x992B,0x9D6E,0x9D6F,
  0xA16F,0x958F,0xA18F,0xA58F,0xA16E,0xA52B,0x990A,0x98E9,0xA54C,0xA54D,0xA54D,0xA54D,0xA14D,0xA14C,0x8CA8,0x8887,
  0x8887,0x8C86,0x8002,0x8000,0x8000,0x8000,0x8001,0x8001,0x8001,0x8001,0x8001,0x8001,0x8001,0x8022,0x8002,0x8001,
  0x8001,0x8001,0x8001,0x8001,0x8002,0x8002,0x8002,0x8002,0x8001,0x8001,0x8001,0x8001,0x8000,0x8000,0x8000,0x8000,
  0x8001,0x8001,0x8001,0x8002,0x8001,0x8001,0x8001,0x8001,0x8001,0x8001,0x8001,0x8001,0x8001,0x8001,0x8001,0x8002,
  0x8002,0x8023,0x8023,0x8001,0x8002,0x8002,0x8001,0x8001,0x8001,0x8001,0x8001,0x8001,0x8002,0x8002,0x8002,0x8002,
  0x8001,0x8001,0x8001,0x8001,0x8000,0x8000,0x8001,0x8001,0x8001,0x8001,0x8002,0x8002,0x8002,0x8023,0x8022,0x8023,
  0x8023,0x8465,0x8CA8,0x8CA8,0x90C9,0x8C87,0x8CA8,0x8866,0x8465,0x8466,0x8466,0x8466,0x8466,0x8487,0x8487,0x8487,
  0x8486,0x8887,0x8886,0x8885,0x8865,0x8444,0x8464,0x9482,0x8823,0x8443,0xA8E5,0x9CE5,0x8466,0x8466,0x8466,0x8466,
  0x8DD7,0x8DB7,0x8DD8,0x8DD8,0x8DD8,0x8DD8,0x91D8,0x91F9,0x91F9,0x8DF9,0x8DF9,0x8DF9,0x8DF9,0x8DF9,0x8DFA,0x8E1A,
  0x9A7B,0x8DF9,0x8DF9,0x8DF9,0x8DD9,0x8DD8,0x8DD8,0x8DD8,0x8DD9,0x8DD9,0x8DD9,0x8DF9,0x8DF9,0xA67A,0x921A,0xA69A,
  0x81B7,0x9A33,0x9A12,0x9A10,0x9E31,0xA230,0x8DB7,0x8DB8,0x8198,0xDF7E,0x9E5A,0xDF9E,0xDB7D,0xE3BE,0xE7BD,0xE7BC,
  0x9252,0x9E92,0xA293,0xA292,0xA293,0xA292,0xAA92,0x9E51,0x9E50,0xCB11,0xCAF0,0xBAB0,0xBECE,0x8E97,0x96B9,0x96B9,
  0x96DA,0xEFD9,0xE39C,0xDF9B,0x9EB5,0xA6B4,0xA6F6,0xAEF9,0xC35D,0xAAFB,0xCF9E,0xDFDF,0xDB9F,0xD79F,0xDB9F,0xDB9F,
  0xDFBF,0xEFDF,0xFBFF,0xF3FF,0xC3DF,0xA3DF,0x835F,0x831F,0x833F,0x823E,0x821E,0x81DF,0x819C,0x819C,0x817B,0x8159,
  0x8136,0x8114,0x80F2,0x80F1,0x80F1,0x80F2,0x808B,0x80AE,0x80AD,0x80AB,0x808B,0x80AB,0x80AB,0x8047,0x80AB,0x8068,
  0x8068,0x8067,0x8067,0x8067,0x8066,0x8023,0x8046,0x8067,0x8003,0x8046,0x8023,0x8023,0x8023,0x8024,0x808A,0x8023,
  0x8023,0x8068,0x8024,0x8023,0x8023,0x8023,0x8023,0x8023,0x8002,0x8023,0x8044,0x8067,0x80AC,0x8111,0x8045,0x8024,
  0x8023,0x8023,0x8023,0x8002,0x8022,0x8002,0x8023,0x8002,0x8002,0x8002,0x8002,0x8001,0x8001,0x8001,0x8001,0x8002,
  0x8023,0x8002,0x8023,0x8022,0x8023,0x8002,0x8002,0x8002,0x8023,0x8023,0x8023,0x8022,0x8022,0x8002,0x8002,0x8002,
  0x8002,0x8002,0x8002,0x8002,0x8002,0x8002,0x8002,0x8002,0x8002,0x8002,0x8002,0x8002,0x8002,0x8002,0x8002,0x8002,
  0x8002,0x8002,0x8002,0x8002,0x8002,0x8002,0x8022,0x8002,0x8023,0x8002,0x8002,0x8002,0x8002,0x8002,0x8002,0x8002,
  0x8002,0x8002,0x8002,0x8002,0x8002,0x8023,0x8002,0x8002,0x8002,0x8002,0x8002,0x8002,0x8002,0x8023,0x8023,0x8002,
  0x8002,0x8002,0x8002,0x8002,0x8002,0x8002,0x8002,0x8002,0x8002,0x8002,0x8001,0x8001,0x8002,0x8002,0x8002,0x8002,
  0x8002,0x8002,0x8002,0x8002,0x8002,0x8002,0x8002,0x8002,0x8002,0x8002,0x8022,0x8002,0x8002,0x8002,0x8002,0x8002,
  0x8002,0x8002,0x8002,0x8002,0x8002,0x8002,0x8002,0x8002,0x8002,0x8002,0x8002,0x8002,0x8022,0x8002,0x8022,0x8002,
  0x8022,0x8002,0x8022,0x8002,0x8002,0x8002,0x8022,0x8022,0x8002,0x8002,0x8002,0x8002,0x8002,0x8002,0x8002,0x8002,
  0x8022,0x8002,0x8022,0x8002,0x8002,0x8002,0x8002,0x8022,0x8023,0x8023,0x8023,0x8023,0x8024,0x8066,0x8067,0x80AB,
  0x8133,0x8068,0x8046,0x8024,0x8024,0x8023,0x8022,0x8002,0x8022,0x8022,0x8422,0x8C42,0x9800,0xFBDE,0x9882,0x9062,
  0x8442,0x8022,0x8022,0x8022,0x8022,0x8022,0x8023,0x8043,0x8443,0x8444,0xDA92,0xFF95,0xEAF3,0xBE11,0xBE31,0xB213,
  0xC251,0x9D2C,0xBDAD,0xFA23,0xFFCD,0xDE06,0xF2A8,0xB5F0,0x8CC9,0x952D,0x9570,0x89B2,0x8D71,0x994E,0x9D6E,0xA16F,
  0xA16E,0xAA13,0xA58F,0xA9AF,0x90A7,0x8C86,0x8865,0x8444,0x8022,0x8000,0x8001,0x8001,0x8002,0x8002,0x8022,0x8002,
  0x8002,0x8002,0x8001,0x8000,0x8022,0x8001,0x8000,0x8002,0x8023,0x8002,0x8022,0x8023,0x8023,0x8001,0x8001,0x8001,
  0x8001,0x8001,0x8001,0x8001,0x8002,0x8002,0x8002,0x8002,0x8001,0x8001,0x8001,0x8001,0x8023,0x8466,0x8487,0x8465,
  0x8887,0x8466,0x8466,0x8023,0x8487,0x8487,0x8887,0x8887,0x8887,0x8487,0x8044,0x8487,0x8045,0x8465,0x8466,0x8466,
  0x8466,0x8466,0x8486,0x8001,0x8445,0x8465,0x8465,0x8465,0x8001,0x8423,0x8443,0x8423,0x8002,0x8002,0x8002,0x8001,
  0x8001,0x8000,0x8000,0x8000,0x8000,0x8002,0x8002,0x8002,0x8002,0x8002,0x8002,0x8001,0x8001,0x8001,0x8001,0x8001,
  0x8001,0x8001,0x8001,0x8001,0x8001,0x8002,0x8002,0x8023,0x8023,0x8044,0x8887,0x90E9,0x94EA,0x94EA,0x90C9,0x8CC9,
  0x8887,0x8486,0x8886,0x8866,0x8465,0x8465,0x8465,0x9883,0x8843,0x8444,0xB526,0x8C86,0x8486,0x8886,0x8886,0x9884,
  0x8DD7,0x8DD7,0x8DD8,0x8DD8,0x91D8,0x8DD7,0x8DD8,0x8DD8,0x8DF8,0x8DF8,0x8DF8,0x8DF9,0x8DF8,0x91F8,0x9619,0x9219,
  0x8DF9,0xB6FB,0x8DF9,0x91F9,0x8DD8,0x91F9,0x8DF8,0x8DD9,0x8DD9,0x8DD9,0x8DF9,0x8DF9,0x8DF9,0x8DFA,0x8DFA,0x8DFA,
  0x8DF9,0x8DF8,0x89B6,0x8DB2,0x91D3,0x9E30,0x91F4,0x91D7,0x91F7,0x8DF8,0x9217,0x91F6,0xC31D,0xD77D,0xE3BD,0xE39C,
  0xD37A,0xD77B,0xE39C,0xA272,0xA692,0xA292,0xB6D2,0x9E51,0x9E50,0xA250,0xA22F,0xA230,0xBECF,0x9695,0x96B7,0x96B8,
  0x96D9,0x92DA,0xAAF9,0xD39B,0xE7BB,0xE7BB,0xC317,0xA6F7,0xE3BC,0xAEFA,0xAAF9,0xA6DA,0xD79E,0xD39E,0xDB9E,0xDB9E,
  0xDFBF,0xDBBF,0xDBBF,0xD7BF,0xF7FF,0xF3FF,0xB3BF,0xBBBF,0x979F,0x873E,0x82FF,0x82DF,0x823E,0x81FE,0x81BB,0x81BC,
  0x817A,0x8115,0x8179,0x8136,0x8115,0x8114,0x80CE,0x80CF,0x80AE,0x80AC,0x80CD,0x80AC,0x80AB,0x80AB,0x80AC,0x80AB,
  0x8088,0x8089,0x8067,0x8067,0x8067,0x8067,0x8066,0x8067,0x8023,0x8067,0x8067,0x8023,0x8023,0x8024,0x8024,0x8023,
  0x8023,0x8045,0x8023,0x8023,0x8023,0x8022,0x8022,0x8022,0x8022,0x8022,0x8024,0x8024,0x8068,0x808A,0x8024,0x8024,
  0x8023,0x8023,0x8023,0x8022,0x8023,0x8023,0x8022,0x8002,0x8002,0x8002,0x8002,0x8002,0x8002,0x8002,0x8002,0x8002,
  0x8022,0x8002,0x8022,0x8002,0x8002,0x8002,0x8002,0x8002,0x8002,0x8022,0x8002,0x8022,0x8022,0x8002,0x8002,0x8022,
  0x8002,0x8002,0x8002,0x8002,0x8002,0x8002,0x8002,0x8002,0x8002,0x8002,0x8002,0x8002,0x8002,0x8002,0x8002,0x8002,
  0x8022,0x8022,0x8002,0x8002,0x8022,0x8002,0x8002,0x8022,0x8002,0x8002,0x8002,0x8002,0x8002,0x8002,0x8022,0x8022,
  0x8002,0x8002,0x8022,0x8002,0x8002,0x8023,0x8002,0x8002,0x8002,0x8002,0x8002,0x8002,0x8002,0x8002,0x8002,0x8002,
  0x8023,0x8002,0x8002,0x8023,0x8022,0x8002,0x8002,0x8002,0x8002,0x8002,0x8002,0x8002,0x8002,0x8002,0x8002,0x8002,
  0x8022,0x8002,0x8002,0x8002,0x8002,0x8002,0x8002,0x8002,0x8022,0x8022,0x8022,0x8002,0x8002,0x8002,0x8002,0x8002,
  0x8002,0x8002,0x8002,0x8002,0x8002,0x8002,0x8002,0x8002,0x8002,0x8002,0x8002,0x8002,0x8022,0x8022,0x8022,0x8022,
  0x8022,0x8022,0x8022,0x8022,0x8022,0x8002,0x8022,0x8022,0x8002,0x8002,0x8002,0x8002,0x8002,0x8002,0x8003,0x8023,
  0x8023,0x8022,0x8022,0x8022,0x8002,0x8022,0x8022,0x8022,0x8023,0x8023,0x8023,0x8023,0x8024,0x8045,0x8047,0x80D1,
  0xBF3D,0x8069,0x8066,0x8023,0x8023,0x8022,0x8022,0x8002,0x8022,0x8022,0x8443,0x8842,0x8821,0xF9E0,0x9462,0x8C42,
  0x8443,0x8423,0x8022,0x8022,0x8023,0x8022,0x8023,0x8043,0x8443,0xD64F,0xF733,0xE6F3,0xE2B2,0xB5CE,0xD62C,0xFF69,
  0xC650,0xB1CE,0xC1CD,0xFE85,0xFEE7,0xB1AD,0xB9F1,0xB9F0,0x8CC9,0xBA11,0x9990,0x99B1,0x9990,0x9D6F,0x90EA,0x8445,
  0x8424,0x8423,0x8023,0x8023,0x8023,0x8001,0x8001,0x8001,0x8001,0x8001,0x8001,0x8001,0x8023,0x8023,0x8023,0x8022,
  0x8001,0x8001,0x8001,0x8002,0x8023,0x8023,0x8023,0x8024,0x8022,0x8002,0x8444,0x8043,0x8043,0x9D6E,0x8023,0x90E9,
  0x94E9,0x94EA,0x950B,0x94EB,0x8CA7,0x8CC9,0x8CA8,0x8CA7,0x8886,0x8886,0x8C86,0x8045,0x8045,0x8465,0x8045,0x8023,
  0x8001,0x8001,0x8002,0x8001,0x8002,0x8002,0x8022,0x8022,0x8022,0x8022,0x8002,0x8002,0x8021,0x8021,0x8021,0x8002,
  0x8023,0x8002,0x8001,0x8000,0x8000,0x8001,0x8002,0x8023,0x8002,0x8445,0x8CA7,0x8C86,0x8887,0x8886,0x8887,0x8465,
  0x8886,0x8886,0x8887,0x88A7,0x8023,0x8465,0x8465,0x8044,0x8023,0x8001,0x8001,0x8001,0x8001,0x8002,0x8002,0x8002,
  0x8001,0x8001,0x8001,0x8002,0x8001,0x8002,0x8001,0x8001,0x8001,0x8001,0x8001,0x8001,0x8001,0x8001,0x8001,0x8000,
  0x90C9,0x90C9,0x90C9,0x90C9,0x90C8,0x8CA7,0x8865,0x8865,0x8465,0x8865,0x8445,0x8865,0x9084,0x8066,0x8886,0xE1A2,
  0x8DD7,0x8D96,0x8DD7,0x8DD7,0x91D7,0x91D8,0x8DD8,0x8DD8,0x8DF8,0x8DF8,0x91F8,0x91F8,0x91F8,0x91F8,0x91F8,0x91F8,
  0x91F8,0x91F9,0x91D8,0x95F9,0xC2FC,0xD35D,0xD77E,0x8DD9,0x89D9,0x85D9,0xCB3D,0x8DF9,0x89D9,0x8DD9,0x8DD9,0x8DD8,
  0x8DD8,0x8DD8,0x8DD9,0x89D7,0x8196,0xA670,0xA24F,0x95F5,0x91F6,0x91F6,0x95F4,0x99D2,0x91D6,0x9E3A,0xD33D,0xCB3C,
  0xDF9D,0xEFDE,0xEFDE,0xD75B,0x9E52,0x9E72,0xAA93,0x9E51,0x9E51,0x9A2F,0xA24F,0xA650,0xA690,0xA691,0xA293,0x9E94,
  0x9697,0x9698,0x9E95,0xA693,0xEBBB,0xE39B,0xE39A,0xE7BC,0xE7BC,0xAED7,0xAAD7,0xAAD9,0xAADB,0xAAFD,0xA6FD,0x9EBD,
  0xDFBF,0xDFBF,0xDBBF,0xD79F,0xDB9F,0xDB9F,0xE7DF,0xF7FF,0xF7FF,0xFBFF,0xEFFF,0xB7FF,0x835F,0x837F,0x829F,0x829F,
  0x829F,0x821E,0x819C,0x81BC,0x817B,0x817A,0x8136,0x8137,0x80F1,0x80F2,0x80F1,0x80D0,0x80AC,0x80AD,0x80AB,0x80AB,
  0x80AB,0x80AB,0x808A,0x80AC,0x8068,0x8067,0x8067,0x8067,0x8067,0x8067,0x8067,0x8067,0x8024,0x8023,0x8067,0x8023,
  0x8023,0x8023,0x8023,0x8023,0x8023,0x8023,0x8002,0x8002,0x8022,0x8023,0x8024,0x8024,0x8068,0x808A,0x8045,0x8023,
  0x8023,0x8023,0x8023,0x8089,0x8002,0x8002,0x8002,0x8002,0x8002,0x8002,0x8002,0x8002,0x8002,0x8002,0x8022,0x8002,
  0x8002,0x8002,0x8002,0x8002,0x8002,0x8002,0x8002,0x8002,0x8002,0x8002,0x8022,0x8022,0x8002,0x8002,0x8002,0x8002,
  0x8002,0x8002,0x8002,0x8002,0x8002,0x8022,0x8022,0x8022,0x8002,0x8002,0x8002,0x8002,0x8002,0x8002,0x8002,0x8022,
  0x8022,0x8002,0x8022,0x8022,0x8022,0x8022,0x8023,0x8022,0x8023,0x8022,0x8002,0x8002,0x8002,0x8002,0x8002,0x8022,
  0x8002,0x8002,0x8002,0x8002,0x8002,0x8022,0x8002,0x8002,0x8002,0x8023,0x8002,0x8002,0x8002,0x8002,0x8022,0x8002,
  0x8002,0x8002,0x8002,0x8002,0x8002,0x8002,0x8023,0x8002,0x8002,0x8023,0x8002,0x8002,0x8002,0x8002,0x8002,0x8002,
  0x8002,0x8002,0x8002,0x8002,0x8002,0x8002,0x8002,0x8002,0x8002,0x8002,0x8022,0x8002,0x8002,0x8002,0x8002,0x8002,
  0x8002,0x8002,0x8002,0x8002,0x8002,0x8002,0x8002,0x8002,0x8002,0x8002,0x8002,0x8002,0x8022,0x8022,0x8022,0x8022,
  0x8022,0x8002,0x8022,0x8022,0x8022,0x8002,0x8022,0x8022,0x8002,0x8002,0x8002,0x8022,0x8002,0x8022,0x8025,0x8089,
  0x8023,0x8022,0x8002,0x8002,0x8002,0x8002,0x8002,0x8044,0x8024,0x8024,0x8046,0x8067,0x8067,0x80AB,0x8596,0xFFFF,
  0xF7DF,0x85B7,0x808B,0x8067,0x8047,0x8023,0x8023,0x8023,0x8023,0x8023,0x8443,0x8843,0x8001,0xC1EF,0x8843,0x8442,
  0x8023,0x8022,0x8022,0x8022,0x8022,0x8023,0x8023,0x8023,0xC5CB,0xFF95,0xFB54,0xB5AE,0xFF88,0xA58F,0xFF09,0xFF27,
  0xC230,0xB5CF,0xB9CE,0xB18E,0xB1D0,0xADCF,0xC631,0xC210,0xC673,0x8002,0x8023,0x8022,0x8002,0x8002,0x8002,0x8002,
  0x8002,0x8002,0x8002,0x8001,0x8001,0x8444,0x8044,0x8043,0x8001,0x8002,0x8024,0x8046,0x8001,0x8000,0x8000,0x8000,
  0x8000,0x8C85,0x9D0B,0xA12B,0xA12B,0x8C86,0x94C8,0xA14C,0xA12B,0x9D2B,0x94EA,0x8465,0x8465,0x8044,0x8023,0x8022,
  0x8022,0x8423,0x8422,0x8001,0x8000,0x8000,0x8400,0x8400,0x8000,0x8400,0x8022,0x8444,0x8466,0x8067,0x8003,0x8045,
  0x8C85,0xA820,0x8C85,0x8465,0x8444,0x8000,0x9C20,0xF601,0xFF68,0xFE61,0x8442,0x9841,0xFA21,0xF9C0,0xFDE0,0x8022,
  0x8023,0x8044,0x8001,0x8000,0x8421,0x9C40,0x8843,0x8044,0x8044,0x8421,0x8822,0x8022,0x8001,0x8001,0x8000,0x8001,
  0x8001,0x8001,0x8001,0x8001,0x8000,0x8022,0x8043,0x8043,0x8043,0x8044,0x8044,0x8486,0x8466,0x8487,0x8486,0x8486,
  0x8887,0x8002,0x8023,0x8023,0x8002,0x8002,0x8002,0x8002,0x8002,0x8001,0x8001,0x8002,0x8001,0x8002,0x8002,0x8001,
  0x8001,0x8001,0x8001,0x8001,0x8001,0x90C8,0x90A8,0x90A8,0x8CA8,0x8C87,0x8886,0x8465,0x8465,0x8466,0x8466,0x8465,
  0x91F7,0x80F2,0x91F8,0x8DD7,0x8DD7,0x8DD8,0x8DD8,0x8DF8,0x8DF8,0x91F8,0x91F8,0x8DF8,0x91F8,0x91F8,0x91F8,0x91F8,
  0x91F8,0x91F9,0x8DD8,0x8DD8,0x8DD8,0x8DF9,0xE7DF,0xEBDF,0xE3BE,0xE7DF,0xEBBE,0x89B9,0xA27B,0x89D9,0x89D9,0x8596,
  0x8154,0x8156,0x8177,0xA671,0xAE90,0xB28E,0xAE8E,0x9E12,0x99F4,0x8DD5,0x99F3,0x89B5,0x8DB5,0x95F6,0x95F6,0x91F7,
  0x8DD7,0xDB7D,0xDF9E,0xEFDE,0xEFDE,0xE7BE,0xEFBE,0x9E32,0x9E51,0xEBBC,0xC2D5,0xA670,0xA690,0xA690,0xA690,0xA690,
  0xAA70,0xA250,0xA670,0xA670,0x9276,0xF3DD,0xEFDD,0xE7BC,0xE7DC,0xE7BC,0xEBBC,0xBED5,0xDF76,0xCB35,0xB6F8,0xA6DB,
  0xA2DB,0x9EDC,0xA2FD,0xCF7E,0xD37E,0xD37F,0xDB9F,0xDBBF,0xDBBF,0xEFDF,0xEFFF,0xFBFF,0xFBFF,0xAFDF,0x839F,0x835F,
  0x831F,0x82DF,0x825F,0x823F,0x81BC,0x81BC,0x817A,0x817A,0x8136,0x8136,0x8157,0x80D1,0x80D0,0x80F2,0x80AD,0x80AB,
  0x80CC,0x808B,0x80AB,0x808A,0x8067,0x8047,0x808A,0x8088,0x8067,0x8067,0x8067,0x8045,0x8046,0x8067,0x8067,0x8066,
  0x8023,0x8023,0x8023,0x8023,0x8023,0x8023,0x8047,0x8023,0x8022,0x8045,0x8023,0x8023,0x8024,0x8045,0x8024,0x8024,
  0x8023,0x8023,0x8023,0x8173,0x8002,0x8002,0x8002,0x8023,0x8002,0x8022,0x8002,0x8002,0x8002,0x8023,0x8023,0x8002,
  0x8022,0x8002,0x8002,0x8002,0x8002,0x8002,0x8002,0x8002,0x8002,0x8002,0x8002,0x8002,0x8002,0x8002,0x8002,0x8002,
  0x8002,0x8002,0x8002,0x8022,0x8002,0x8022,0x8022,0x8002,0x8002,0x8002,0x8002,0x8002,0x8022,0x8002,0x8022,0x8002,
  0x8002,0x8002,0x8002,0x8002,0x8022,0x8022,0x8022,0x8023,0x8024,0x8023,0x8022,0x8002,0x8002,0x8002,0x8002,0x8002,
  0x8002,0x8022,0x8022,0x8002,0x8002,0x8022,0x8022,0x8002,0x8002,0x8002,0x8002,0x8002,0x8002,0x8002,0x8002,0x8002,
  0x8002,0x8002,0x8002,0x8002,0x8002,0x8002,0x8001,0x8002,0x8002,0x8023,0x8022,0x8045,0x8002,0x8025,0x8001,0x8002,
  0x8001,0x8002,0x8002,0x8002,0x8002,0x8002,0x8002,0x8002,0x8002,0x8002,0x8022,0x8022,0x8002,0x8002,0x8002,0x8002,
  0x8002,0x8002,0x8002,0x8002,0x8002,0x8002,0x8002,0x8002,0x8002,0x8002,0x8002,0x8002,0x8022,0x8022,0x8022,0x8022,
  0x8022,0x8002,0x8022,0x8022,0x8022,0x8022,0x8022,0x8022,0x8002,0x8022,0x8002,0x8002,0x8002,0x8022,0x8023,0x8002,
  0x8002,0x8022,0x8002,0x8022,0x8022,0x8022,0x8022,0x8022,0x8002,0x8022,0x8023,0x8023,0x8024,0x8045,0x8089,0x80AE,
  0xB6B9,0x8089,0x8045,0x8023,0x8023,0x8023,0x8022,0x8022,0x8022,0x8022,0x8023,0x8023,0x8001,0xB613,0x8443,0x8423,
  0x8022,0x8022,0x8022,0x8022,0x8022,0x8023,0x8023,0x8022,0xFFD7,0xF732,0xCD8C,0xEE07,0xFF07,0xB1AF,0xFF2A,0xFB0B,
  0xC211,0xBDF0,0xB9CF,0xADD0,0xB213,0xB233,0x8002,0x8001,0x8000,0x8001,0x8001,0x8022,0x8023,0x8045,0x8045,0x8065,
  0x8444,0x8044,0x8023,0x8000,0x8000,0x8001,0x8000,0x8000,0x8001,0x8002,0x8022,0x8888,0x8045,0xB9D0,0xB18E,0xB16D,
  0xAD6D,0xA14C,0xA12C,0xA14C,0x8CA9,0x8022,0x90A7,0x8465,0x8043,0x8002,0x8CA8,0x8864,0x8044,0x8044,0x8023,0x9063,
  0x9C61,0xB0A2,0xC501,0x9041,0x9C61,0xBD21,0xE180,0xD500,0x8422,0xEA01,0xACC4,0x8465,0xAD27,0x90A6,0x8044,0x8466,
  0x8465,0xFFED,0x8866,0x8466,0x8465,0x8000,0xA020,0xFEE5,0xFFAE,0xFEE4,0x8442,0xA061,0xFF28,0xFF46,0xFF23,0x8023,
  0x8066,0x952B,0x8023,0x8001,0x8842,0xF789,0x9422,0x8043,0x8023,0xEE64,0xCD61,0xB8E1,0x9862,0xE1E0,0xD500,0x8422,
  0xA882,0xD120,0xBC80,0x8423,0x8001,0x8022,0x8002,0x8001,0x8000,0x8000,0x8000,0x8000,0x8000,0x8000,0x8465,0x8486,
  0x8486,0x8487,0x8888,0x88A9,0x8888,0x8024,0x8444,0x8001,0x8001,0x8444,0x8022,0x8001,0x8001,0x8001,0x8001,0x8001,
  0x8000,0x8000,0x8001,0x8001,0x8001,0x8001,0x8001,0x8001,0x8887,0x8887,0x8887,0x88A7,0x90C9,0x8466,0x8465,0x8465,
  0x80F2,0x80F2,0x80F2,0x8975,0x8DD6,0x8575,0x8113,0x8113,0x8DD7,0x91D7,0x91F7,0x80F3,0x80F3,0x8555,0x91F9,0x91F9,
  0x91F8,0x8556,0x80D1,0x91D7,0x8DD8,0x8DF9,0x91D9,0x8DF9,0x9A39,0x9E39,0xC73C,0xE39D,0x91F8,0x89D9,0x89B9,0x8135,
  0xBED0,0xB2D0,0xAAB0,0xAE8F,0x9A31,0x9A31,0x9A10,0x9A10,0x9A10,0x9E10,0x9A0F,0x9A10,0x9A11,0x9A31,0x9E31,0x99F4,
  0x91F6,0x91D7,0x9A18,0xAA9A,0xCF3C,0xD35C,0xDB7D,0xE7BE,0xEBBE,0xEFDE,0xEFDE,0xEFDE,0xA670,0xA270,0xA24F,0x9E2F,
  0xAA6F,0xA64F,0xA64E,0xA64F,0xA650,0xA64F,0xA24F,0xC2F4,0xCF37,0xEBDD,0xEBBD,0xEBBD,0xEBBC,0xEBBB,0xCF35,0xCF56,
  0xCF55,0xA2B8,0xC316,0xB6F8,0xA2FD,0x9EFD,0xA2FE,0x9EDE,0xDFBF,0xDBBF,0xDFBF,0xDFBF,0xDBBF,0xE7DF,0xFBFF,0xEBFF,
  0xEBFF,0x839F,0x837F,0x833F,0x833F,0x821D,0x825F,0x81DD,0x819A,0x819B,0x817B,0x8179,0x8135,0x8137,0x80F2,0x80F2,
  0x80D0,0x80AD,0x80F1,0x80AC,0x80AB,0x808A,0x808B,0x80AB,0x8068,0x8089,0x8068,0x8068,0x8067,0x8067,0x8067,0x8044,
  0x8066,0x8023,0x8068,0x8068,0x8023,0x8023,0x8023,0x8023,0x8023,0x8023,0x8023,0x8023,0x8046,0x8088,0x8023,0x8023,
  0x8023,0x8022,0x8002,0x8002,0x8002,0x8002,0x8067,0x8003,0x8023,0x8023,0x8022,0x8002,0x8002,0x8023,0x8002,0x8002,
  0x8002,0x8002,0x8002,0x8002,0x8002,0x8002,0x8002,0x8002,0x8022,0x8002,0x8002,0x8002,0x8002,0x8002,0x8002,0x8002,
  0x8002,0x8002,0x8002,0x8022,0x8022,0x8002,0x8023,0x8023,0x8022,0x8002,0x8002,0x8002,0x8002,0x8002,0x8002,0x8022,
  0x8002,0x8002,0x8002,0x8002,0x8002,0x8022,0x8023,0x8023,0x8045,0x8023,0x8023,0x8023,0x8002,0x8022,0x8022,0x8022,
  0x8002,0x8002,0x8002,0x8002,0x8002,0x8002,0x8002,0x8002,0x8002,0x8002,0x8002,0x810F,0x8002,0x8002,0x8002,0x8002,
  0x8001,0x8002,0x8001,0x8002,0x8002,0x8001,0x8002,0x8002,0x8002,0x8002,0x8002,0x8002,0x8002,0x8002,0x8002,0x8003,
  0x8049,0x8024,0x8136,0x8114,0x8002,0x8001,0x8001,0x8002,0x8002,0x8002,0x8002,0x8022,0x8002,0x8022,0x8002,0x8002,
  0x8022,0x8002,0x8022,0x8022,0x8002,0x8002,0x8002,0x8002,0x8002,0x8022,0x8022,0x8023,0x8023,0x8022,0x8023,0x8022,
  0x8022,0x8022,0x8022,0x8022,0x8002,0x8002,0x8022,0x8022,0x8022,0x8002,0x8002,0x8022,0x8002,0x8002,0x8002,0x8002,
  0x8002,0x8002,0x8002,0x8002,0x8002,0x8022,0x8022,0x8002,0x8002,0x8023,0x8023,0x8023,0x8044,0x8044,0x8045,0x8089,
  0x80F0,0x8066,0x8045,0x8023,0x8023,0x8023,0x8023,0x8022,0x8022,0x8022,0x8022,0x8023,0x8002,0xBA13,0x8444,0x8023,
  0x8023,0x8022,0x8022,0x8022,0x8022,0x8023,0x8422,0x8001,0xFFB4,0xA94C,0xFEE7,0xD60C,0xFB08,0xADB0,0xE2D2,0xC694,
  0xCA94,0xCA95,0x8CEA,0x8023,0x8024,0x8024,0x8023,0x8001,0x8000,0x8022,0x8000,0x84A7,0x8087,0x8465,0x8022,0x8002,
  0x8001,0xB5AE,0xB1AE,0xAD8D,0xB1AF,0x98EA,0xC1EF,0xB5AE,0x9D2C,0xA14D,0xA14D,0xA14D,0xA14D,0x8044,0x9D2B,0x9D2B,
  0x94C8,0x90A7,0x8C86,0x90C9,0x8CA7,0x8001,0x8C86,0xA54C,0x8022,0x8023,0x90C8,0xFF64,0xACC4,0x8044,0x8444,0xC901,
  0xFF44,0xF9C0,0xFFEA,0x9C40,0xB080,0xFB2E,0xFA83,0xC920,0x8C43,0xEA22,0x9C83,0x8464,0x8045,0x8045,0x8023,0x8045,
  0x8465,0x8466,0x8465,0x8466,0x8467,0x8022,0x8022,0x8022,0x8022,0x8043,0x8023,0x8044,0x8465,0x8465,0x8465,0x8465,
  0x8466,0x8066,0x8044,0x8001,0x8444,0xDD82,0x8C42,0x8043,0x8043,0x8043,0x8022,0xA8C1,0x9882,0xDE67,0xC940,0x8843,
  0xB860,0xFFF8,0xFEA0,0x8844,0x8023,0x8444,0xE580,0xFBC3,0x8442,0x8422,0xFF84,0xFE80,0x8422,0x9021,0x8C42,0x8001,
  0x8001,0x8000,0x8001,0x8422,0x8422,0x8001,0x8001,0x8023,0x8444,0x8887,0x88A8,0x88A8,0x8887,0x8887,0x8865,0x8000,
  0x8000,0x8001,0x8002,0x8002,0x8001,0x8022,0x8001,0x8001,0x8001,0x8001,0x8001,0x8001,0x8001,0x8466,0x8465,0x8886,
  0x8133,0x80F2,0x80F2,0x8154,0x8975,0x8554,0x8112,0x8534,0x8575,0x8DB6,0x91D7,0x8576,0x8113,0x8113,0x8576,0x91F9,
  0x91F8,0x91D8,0x91D8,0x91D7,0x8DD8,0x8113,0x8535,0x8DD9,0x8DD8,0x8DD8,0x89B7,0xD77D,0xBB1D,0x9619,0x89B8,0xBEF9,
  0xB292,0xFBD7,0x9E31,0x9A31,0x9A31,0x9A30,0x9A30,0x9A10,0x9A11,0x9A11,0x9A0F,0x9A10,0x9E10,0x9A30,0x9E31,0xA233,
  0x8176,0x8DB2,0x8593,0x9E38,0xCF5C,0xB6DB,0xCF5C,0xE39D,0xDF7C,0xDF7C,0xEFDE,0xEFDE,0xC717,0xB6D4,0xB2B3,0xA22F,
  0x9E2E,0xA64E,0xA62E,0xA62E,0xA22E,0xA22E,0xA24F,0xA64F,0xCF57,0xE7BD,0xEBBD,0xE7BD,0xEBBC,0xE79B,0xE7BC,0xE39B,
  0xDB79,0xBEF6,0xA6D5,0xAED5,0xBF36,0xC317,0xA6FB,0xA2FC,0xAB1D,0xCB5E,0xDFBF,0xDFBF,0xDBBF,0xDBBF,0xDBBF,0xEBFF,
  0xEFDF,0xFFFF,0xF7FF,0x979F,0x837F,0x835F,0x833F,0x823E,0x81FD,0x821E,0x81FE,0x817A,0x819B,0x8159,0x8136,0x80F2,
  0x8114,0x80D1,0x80F2,0x80AE,0x80AD,0x80AC,0x80AB,0x808B,0x8089,0x80AC,0x8089,0x8068,0x8067,0x8067,0x8067,0x8067,
  0x8067,0x8067,0x8067,0x8067,0x8023,0x8023,0x8023,0x8023,0x8023,0x8023,0x8023,0x8023,0x8045,0x8046,0x8022,0x8023,
  0x8002,0x8022,0x8022,0x8023,0x8022,0x8002,0x8024,0x8023,0x8023,0x8023,0x8022,0x8002,0x8002,0x8003,0x8002,0x8002,
  0x8002,0x8002,0x8002,0x8002,0x8002,0x8002,0x8002,0x8002,0x8002,0x8022,0x8002,0x8022,0x8002,0x8002,0x8002,0x8002,
  0x8002,0x8002,0x8002,0x8022,0x8023,0x8023,0x8023,0x8023,0x8023,0x8022,0x8002,0x8002,0x8002,0x8002,0x8022,0x8022,
  0x8022,0x8022,0x8002,0x8022,0x8022,0x8023,0x8023,0x8023,0x8066,0x8023,0x8023,0x8023,0x8023,0x8022,0x8002,0x8002,
  0x8022,0x8002,0x8002,0x8002,0x8002,0x8022,0x8002,0x8022,0x8002,0x8002,0x8002,0x8022,0x8022,0x8002,0x8002,0x8002,
  0x8002,0x8002,0x8002,0x8002,0x8002,0x8002,0x8002,0x8002,0x8002,0x8002,0x8002,0x8002,0x8002,0x8002,0x8002,0x8002,
  0x8002,0x8002,0x8024,0x8024,0x8047,0x8115,0x8157,0x8024,0x8002,0x8001,0x8002,0x8002,0x8002,0x8002,0x8002,0x8002,
  0x8002,0x8022,0x8002,0x8022,0x8022,0x8023,0x8023,0x8022,0x8023,0x8023,0x8023,0x8023,0x8023,0x8023,0x8023,0x8023,
  0x8023,0x8022,0x8022,0x8022,0x8022,0x8022,0x8022,0x8022,0x8002,0x8002,0x8022,0x8022,0x8002,0x8002,0x8022,0x8022,
  0x8002,0x8022,0x8002,0x8022,0x8022,0x8022,0x8002,0x8022,0x8022,0x8023,0x8023,0x8023,0x8024,0x8024,0x8024,0x8066,
  0x808B,0x8024,0x8023,0x8023,0x8023,0x8023,0x8022,0x8022,0x8022,0x8022,0x8023,0x8023,0x8002,0xBA34,0x8444,0x8023,
  0x8023,0x8022,0x8022,0x8022,0x8022,0x8023,0x8423,0x8022,0xFF93,0xCE0D,0xFEE9,0xC252,0xC231,0xA98F,0xD293,0xC694,
  0x8002,0x8002,0x8002,0x8001,0x8002,0x8023,0x8487,0x8CEA,0x8486,0x8021,0x8000,0x8487,0xA98E,0xC631,0xC652,0xAD8E,
  0x992D,0x990B,0xA98D,0x94EA,0x990B,0x94E9,0x9D2B,0xA14C,0xA14D,0xA14D,0xA14D,0xA14D,0xA14C,0x9D4C,0x9D2B,0x9D2B,
  0x9D2B,0x9D0A,0xA12C,0xA14C,0x8CA7,0x8001,0x90A6,0xA56D,0xA54C,0x990A,0x90C8,0x9C85,0x90A6,0x8044,0x8444,0x8465,
  0x8866,0x8466,0x8045,0x8044,0x8043,0x8444,0x8464,0x8464,0x8465,0x8865,0x8466,0x8465,0x8466,0x8465,0x8044,0x8465,
  0x8465,0x8886,0x8466,0x8445,0x8466,0x8466,0x8465,0x8045,0x8444,0x8464,0x8065,0x8465,0x8466,0x8466,0x8466,0x8466,
  0x8466,0x8466,0x8045,0x8887,0x8465,0x8444,0x8444,0x8444,0x8444,0x8464,0x8022,0x8864,0x8464,0x8443,0x8464,0x8444,
  0x8465,0x8066,0x8046,0x8044,0x8022,0x8044,0x8023,0x8002,0x8444,0x8423,0xFFAB,0xFA84,0x8842,0xFF27,0xC521,0xFE83,
  0xFBD6,0xE920,0x8401,0xFA85,0xF70D,0x8001,0x8C21,0x8401,0x8001,0x8022,0x8023,0x8445,0x8045,0x8466,0x8466,0x8886,
  0x88A8,0x88A7,0x8886,0x8886,0x8000,0x8023,0x8001,0x8001,0x8023,0x8023,0x8001,0x8001,0x8001,0x8001,0x8001,0x8001,
  0x91F7,0x8DB6,0x8112,0x8D96,0x8133,0x8534,0x8113,0x8DB6,0x80F1,0x80F1,0x91D7,0x91D8,0x8113,0x8113,0x80F2,0x80F1,
  0x8113,0x89B7,0x91D8,0x91D8,0x91D8,0x8155,0x8114,0x91D8,0x8DD8,0x8DD8,0x8DD8,0x8DD8,0x8DF8,0xD37D,0xBAFB,0xE79B,
  0xF3B8,0xE753,0xE72F,0x9632,0xA230,0x9E30,0x9A10,0x9A10,0x99F2,0x8156,0x8595,0x91F3,0x9A11,0x9E31,0x9E30,0x95F2,
  0x8152,0x95D1,0x8DD2,0x91D4,0x8994,0x85B4,0xCF3C,0xC73D,0xC73C,0xCF5C,0xD35B,0xEBBE,0xE7BD,0xE39D,0xE3BD,0xEBBC,
  0x9E0E,0xA22E,0xA62E,0xA62E,0xA64E,0xA64E,0xA64F,0xA64E,0xA64E,0xAA6E,0xB6D4,0xD75A,0xDB7A,0xD735,0xEBBD,0xE7BC,
  0xE7BD,0xE79D,0xC718,0x9293,0x9EB5,0xA2B6,0xBEF4,0xCAF2,0x9EDA,0x9ABB,0xA2DB,0xBB1D,0xB2FD,0xDFBE,0xDBBF,0xDBBF,
  0xDFBF,0xDBBF,0xD39F,0xF3FF,0xF7FF,0xFBFF,0x937F,0x835F,0x833F,0x833F,0x829E,0x825E,0x821E,0x81BC,0x819C,0x8159,
  0x8159,0x8116,0x8115,0x80F3,0x80F2,0x80D0,0x80CF,0x808B,0x80CD,0x80AC,0x80AD,0x80AC,0x80AB,0x808B,0x8067,0x8067,
  0x8067,0x8067,0x8067,0x8067,0x8046,0x8046,0x8046,0x8024,0x8045,0x8023,0x8023,0x8023,0x8045,0x8045,0x8023,0x8023,
  0x8044,0x8024,0x8022,0x8002,0x8002,0x8023,0x8023,0x8023,0x8023,0x8002,0x8002,0x8002,0x8002,0x8023,0x8002,0x8002,
  0x8002,0x8002,0x8002,0x8002,0x8002,0x8002,0x8002,0x8002,0x8002,0x8002,0x8002,0x8002,0x8002,0x8002,0x8002,0x8002,
  0x8002,0x8002,0x8002,0x8002,0x8023,0x8024,0x8003,0x8024,0x8023,0x8022,0x8002,0x8022,0x8023,0x8002,0x8002,0x8022,
  0x8002,0x8002,0x8002,0x8002,0x8002,0x8023,0x8024,0x8045,0x8088,0x8046,0x8023,0x8023,0x8023,0x8022,0x8022,0x8002,
  0x8002,0x8002,0x8002,0x8002,0x8002,0x8022,0x8002,0x8022,0x8022,0x8022,0x8002,0x8022,0x8002,0x8002,0x8002,0x8002,
  0x8002,0x8001,0x8002,0x8002,0x8002,0x8002,0x8002,0x8002,0x8002,0x8002,0x8002,0x8002,0x8002,0x8002,0x8022,0x8022,
  0x8002,0x8002,0x8002,0x8002,0x8002,0x8002,0x8002,0x8024,0x80AE,0x8115,0x8115,0x813A,0x8138,0x8115,0x8114,0x8001,
  0x8023,0x8022,0x8002,0x8002,0x8023,0x8023,0x8023,0x8023,0x8023,0x8024,0x8024,0x8023,0x8024,0x8024,0x8024,0x8023,
  0x8023,0x8023,0x8023,0x8022,0x8022,0x8022,0x8022,0x8022,0x8022,0x8022,0x8022,0x8022,0x8022,0x8022,0x8022,0x8002,
  0x8022,0x8022,0x8022,0x8002,0x8022,0x8022,0x8022,0x8002,0x8023,0x8023,0x8023,0x8023,0x8023,0x8023,0x8023,0x8045,
  0x8067,0x8023,0x8023,0x8023,0x8022,0x8022,0x8022,0x8022,0x8022,0x8022,0x8023,0x8023,0x8002,0xBE33,0x8844,0x8443,
  0x8023,0x8022,0x8023,0x8022,0x8022,0x8423,0x8443,0x8443,0xFFD5,0xE68E,0xFF2D,0xE28F,0xF731,0x8003,0x8001,0x8022,
  0x8022,0x8044,0x8001,0x8001,0x84CA,0x8002,0x8465,0x8CEA,0xCA94,0xC231,0xAD8E,0xA9AF,0xA56E,0xA16D,0x8CA9,0x990B,
  0x9D2C,0x8C86,0xA14C,0xA14D,0xA14D,0xA14C,0xA14D,0xA96B,0xB5AC,0xA14C,0xA14D,0xA14D,0x990A,0xA96E,0x9D2C,0x9D2B,
  0x9D2B,0xA14C,0xA14D,0xA16D,0x90C9,0x8023,0x90A7,0xA12C,0xA56D,0x990A,0x8CA7,0x90C8,0x8444,0x8023,0x8023,0x8465,
  0x8886,0x8465,0x8465,0x8445,0x8465,0x8465,0x8466,0x8465,0x8465,0x8466,0x8465,0x8465,0x8045,0x8065,0x8044,0x8487,
  0x8466,0x8044,0x8044,0x8044,0x8044,0x8465,0x8065,0x8465,0x8466,0x8466,0x8465,0x8466,0x8466,0x8465,0x8865,0x8465,
  0x8465,0x8045,0x8044,0x8466,0x8466,0x8465,0x8465,0x8445,0x8465,0x8465,0x8445,0x8465,0x8465,0x8444,0x8465,0x8465,
  0x8465,0x8466,0x8466,0x8465,0x8465,0x8445,0x8444,0x8464,0x8444,0x8444,0x8045,0x8044,0x8464,0x8024,0x8443,0x8423,
  0xA020,0x9C60,0x8021,0xFEC5,0xFF4A,0x8401,0xD1A2,0xCCE3,0xF681,0x8864,0x8865,0x9D07,0x8045,0x8044,0x8022,0x8023,
  0x8466,0x8466,0x8887,0x8487,0x8466,0x8CA9,0x8886,0x8465,0x8000,0x8001,0x8002,0x8001,0x8001,0x8044,0x8044,0x8023,
  0x80F0,0x91F7,0x8112,0x8132,0x91D6,0x91D7,0x8575,0x80F1,0x91B6,0x80F2,0x91D7,0x91D7,0x95D7,0x80D1,0x91D6,0x80D1,
  0x80F1,0x80F1,0x91D7,0x8112,0x8DB7,0x91D8,0x91D8,0x91D8,0x91D8,0x8996,0x8DD8,0x8DD8,0x8DD8,0x91F9,0x8DD9,0x81BB,
  0xF7BB,0xCF3B,0x8135,0x8153,0xEF2F,0xEB51,0x9A10,0x9A10,0x9A31,0x9E33,0x8155,0x8DD5,0x9612,0x9A11,0x99F1,0xC28E,
  0x99D1,0x8134,0x8175,0x8175,0x8174,0x8DF3,0x8DF5,0x81B6,0x9238,0x8197,0xBEFC,0x9E5B,0xD35B,0xE39D,0xE7BE,0x9E30,
  0x9A0E,0x9A2E,0x9E2E,0xA64E,0xA22E,0xA64E,0xA64E,0xA64E,0xAA4E,0xA64E,0xAA4D,0x9E0C,0x9E2C,0xE79B,0xE79B,0xDF7B,
  0xDB7B,0xE39C,0xE39C,0xEFBD,0x9ED7,0x9AB7,0xA6B5,0xBEF2,0xC6F3,0xD333,0xB6D4,0xA2D8,0xAF1D,0xB31D,0xAF1D,0xDBBE,
  0xDFBF,0xDBBF,0xDBBF,0xDBBF,0xDB9F,0xDFBF,0xFFFF,0xFFFF,0xFFFF,0x839F,0x837F,0x831F,0x82BF,0x825F,0x825F,0x81BC,
  0x81BC,0x8159,0x815A,0x8136,0x8116,0x8114,0x80D0,0x80CF,0x80CF,0x80CF,0x808B,0x808B,0x808B,0x808B,0x80AB,0x8046,
  0x80AC,0x8047,0x8068,0x8067,0x8067,0x8067,0x8046,0x8003,0x8046,0x8045,0x8089,0x8024,0x8045,0x8046,0x8023,0x8023,
  0x8023,0x8023,0x8002,0x8002,0x8002,0x8022,0x8022,0x8002,0x8002,0x8023,0x8002,0x8002,0x8002,0x8023,0x8002,0x8002,
  0x8002,0x8002,0x8002,0x8002,0x8002,0x8002,0x8002,0x8002,0x8002,0x8002,0x8002,0x8002,0x8002,0x8002,0x8002,0x8002,
  0x8002,0x8002,0x8022,0x8022,0x8023,0x8444,0xDB5C,0xC6B6,0x8023,0x8023,0x8002,0x8022,0x8002,0x8002,0x8002,0x8002,
  0x8002,0x8002,0x8002,0x8002,0x8022,0x8023,0x8045,0x8067,0xBA56,0x8088,0x8045,0x8023,0x8023,0x8023,0x8002,0x8002,
  0x8002,0x8002,0x8002,0x8002,0x8002,0x8022,0x8022,0x8022,0x8022,0x8022,0x8002,0x8002,0x8002,0x8002,0x8002,0x8002,
  0x8002,0x81F7,0x8024,0x8002,0x8002,0x8002,0x8002,0x8002,0x8002,0x8002,0x8002,0x8002,0x8002,0x8002,0x8022,0x8002,
  0x8002,0x8002,0x8002,0x8002,0x8002,0x8002,0x8002,0x8002,0x8022,0x8023,0x8023,0x80AE,0x80AF,0x80F2,0x825F,0x81FF,
  0x821F,0x829F,0x8027,0x8025,0x8004,0x8001,0x8024,0x8024,0x8044,0x8024,0x8044,0x8045,0x8046,0x8045,0x8044,0x8023,
  0x8023,0x8023,0x8023,0x8022,0x8022,0x8022,0x8022,0x8022,0x8022,0x8022,0x8022,0x8022,0x8022,0x8022,0x8022,0x8022,
  0x8022,0x8022,0x8022,0x8022,0x8022,0x8022,0x8022,0x8022,0x8022,0x8023,0x8023,0x8023,0x8023,0x8023,0x8022,0x8024,
  0x8066,0x8023,0x8023,0x8023,0x8022,0x8023,0x8022,0x8022,0x8022,0x8022,0x8423,0x8443,0x8002,0xCE30,0x8843,0x8443,
  0x8023,0x8022,0x8023,0x8022,0x8022,0x8023,0x8443,0x8022,0xFFD5,0xEAAE,0xFF0D,0x8C84,0x8421,0x8066,0x8022,0x8887,
  0x88C9,0x8024,0x8002,0x8CA6,0xC253,0xD2B5,0x9D4D,0xA18F,0x9171,0x992C,0x992C,0xA14D,0xA14D,0xA14D,0xA14D,0x9D2C,
  0xA12C,0xA14C,0xA14C,0xA54B,0xAD8C,0xA14C,0xA54D,0xCE6F,0xCE6E,0xA14C,0xA14C,0xA12C,0x8023,0x9D2B,0x9D2C,0x9D2C,
  0x9D2C,0x8CA7,0xA56E,0xA14D,0x90C8,0x8022,0x90A7,0xA12C,0x90C8,0x94E9,0x8CA7,0x8444,0x8044,0x8001,0x8002,0x8444,
  0x8044,0x8445,0x8465,0x8465,0x8466,0x8466,0x8887,0x8886,0x8887,0x8887,0x8886,0x8886,0x8886,0x8CA7,0x8002,0xA56D,
  0xA56D,0x8C87,0x8465,0x8865,0x8886,0x8C86,0x8C87,0x90C9,0x94EA,0x90C9,0x90C8,0x8CA7,0x90C8,0x90A7,0x8C85,0x8865,
  0x8866,0x8886,0x8023,0x8CA8,0x8466,0x8466,0x8887,0x8866,0x8865,0x8465,0x8444,0x8444,0x8444,0x8444,0x8464,0x8465,
  0x8465,0x8465,0x8465,0x8445,0x8465,0x8465,0x8044,0x90C7,0x8465,0x8465,0x8465,0x8465,0x8465,0x8465,0x8464,0x8444,
  0x8444,0x8443,0x8442,0x8864,0x8044,0x8021,0x8864,0xB8E2,0xE600,0x8865,0x8465,0x94C6,0x8044,0x8887,0x8487,0x8044,
  0x8887,0x8887,0x8886,0x8044,0x8887,0x8CA7,0x8486,0x8466,0x8487,0x8487,0x8023,0x8023,0x8023,0x8002,0x8024,0x8045,
  0x80F1,0x8111,0x8111,0x8111,0x8110,0x8D95,0x95F6,0x95F7,0x8113,0x8112,0x80F2,0x95F8,0xA639,0xDF7D,0x8996,0x91D7,
  0x8112,0x8112,0x8113,0x8133,0x8175,0x8133,0x8112,0x8113,0x95F8,0x80F1,0x89B7,0x8DD8,0x8DD8,0x8DD9,0x91F9,0x8DFA,
  0x89B9,0xCB5E,0x8DD8,0x8175,0x80F4,0xFF93,0xB651,0xF32C,0xBA6F,0x9E12,0x9E32,0x9E32,0x9E11,0x9A11,0x8D92,0xAA30,
  0x95F2,0x9612,0x8DD3,0x8575,0x8575,0x8155,0x8155,0x9E30,0x9A31,0x8DD2,0x8175,0x8576,0x8196,0xC71B,0xE3DF,0xE39E,
  0xE79D,0x9611,0x9E2F,0x9E2E,0xA22E,0xAA4E,0xAA4E,0xA64E,0xAA4E,0xA64E,0xA64E,0xA64E,0xA66E,0xB68F,0xAE8E,0xEFDF,
  0xEBBE,0xE39C,0xE39C,0xE39C,0xE7BC,0xE7BD,0xE39C,0x9675,0x8A74,0xEB99,0xC2F2,0xC2F2,0xBAD3,0xD359,0xDF7C,0xDB7C,
  0xCB5C,0xBF1C,0xBF3D,0xE3BF,0xDF9F,0xE3BF,0xE3BF,0xDFBF,0xDBBF,0xF7FF,0xF7FF,0xD3FF,0xBFDF,0x839F,0x835F,0x82BF,
  0x827F,0x823F,0x81FE,0x819B,0x81BC,0x8137,0x8116,0x8157,0x80D1,0x80F2,0x80F1,0x80AE,0x80CF,0x80CF,0x808B,0x808A,
  0x808B,0x8089,0x808A,0x8089,0x8067,0x8067,0x8067,0x8047,0x8067,0x8067,0x8023,0x8046,0x8046,0x8045,0x8023,0x8023,
  0x8023,0x8023,0x8023,0x8002,0x8002,0x8002,0x8022,0x8023,0x8023,0x8022,0x8002,0x8002,0x8023,0x8023,0x8002,0x8002,
  0x8002,0x8002,0x8002,0x8023,0x8002,0x8002,0x8002,0x8002,0x8002,0x8002,0x8002,0x8002,0x8002,0x8002,0x8002,0x8002,
  0x8002,0x8002,0x8022,0x8002,0x8023,0x8023,0x8045,0x8044,0x8023,0x8022,0x8023,0x8002,0x8002,0x8002,0x8022,0x8002,
  0x8002,0x8002,0x8002,0x8022,0x8023,0x8023,0x8045,0x8069,0xC6B8,0x8088,0x8045,0x8024,0x8023,0x8022,0x8022,0x8002,
  0x8002,0x8002,0x8002,0x8022,0x8002,0x8002,0x8002,0x8022,0x8022,0x9441,0x8022,0x8001,0x8002,0x8002,0x8001,0x8002,
  0x8002,0x8022,0x8002,0x8002,0x8022,0x8002,0x8002,0x8002,0x8002,0x8002,0x8002,0x8002,0x8002,0x8002,0x8002,0x8002,
  0x8002,0x8002,0x8002,0x8002,0x8002,0x8002,0x8002,0x8002,0x8002,0x8022,0x8022,0x8023,0x8023,0x8002,0x8002,0x8002,
  0x8003,0x8005,0x8006,0x817B,0x86BE,0x875E,0x82DF,0x82FF,0x831E,0x806C,0x8048,0x8049,0x825D,0x80CD,0xA929,0xEB14,
  0xEB15,0xE2F5,0x8841,0x8021,0x8022,0x8023,0x8023,0x8023,0x8023,0x8023,0x8022,0x8022,0x8022,0x8022,0x8022,0x8022,
  0x8022,0x8022,0x8002,0x8002,0x8002,0x8022,0x8022,0x8002,0x8022,0x8002,0x8002,0x8002,0x8022,0x8023,0x8023,0x8023,
  0x8024,0x8023,0x8023,0x8023,0x8023,0x8022,0x8022,0x8022,0x8022,0x8022,0x8023,0x8443,0x8002,0xFF8B,0x8C63,0x8442,
  0x8022,0x8022,0x8022,0x8023,0x8022,0x8023,0x8023,0x8022,0xFFD4,0x8002,0x8022,0x8022,0x8022,0x8CEA,0x8022,0xB9EF,
  0xF756,0xD272,0x9D2A,0xA54B,0xA58E,0xA58E,0xA16E,0xA16E,0x9D90,0x8423,0x9190,0x9DB0,0xA14C,0xA14C,0xA14D,0xA98E,
  0xA12C,0xA12C,0x9D2C,0x9D2B,0xA54B,0xA14C,0xA14D,0x8886,0xA14C,0xA12C,0xA12C,0x9D2C,0x9D2C,0xA14C,0x9D0B,0xA14D,
  0xA14D,0xA14D,0xA14C,0xA14C,0x8CA7,0x8043,0x90C7,0x9D2B,0x9D0A,0x8865,0x9D0A,0x8444,0x90C8,0x990A,0x94EA,0x94EA,
  0x990B,0x9D2C,0x950B,0x8CA7,0x90C9,0x8CA8,0x90C8,0x950B,0x8023,0x8022,0x8001,0x8000,0x8000,0x8001,0x8000,0x8000,
  0x8000,0x8000,0x8000,0x8000,0x8000,0x8000,0x8000,0x8000,0x8002,0x8001,0x8000,0x8000,0x8000,0x8000,0x8000,0x8000,
  0x8000,0x8000,0x8000,0x8001,0x8002,0x8002,0x8002,0x8002,0x8444,0x8444,0x8444,0x8465,0x8465,0x8C86,0x8CA7,0x90A7,
  0x90A7,0x8C87,0x8CA7,0x8465,0x8886,0x8886,0x8887,0x8465,0x8466,0x8466,0x8465,0x8466,0x8886,0x8465,0x8465,0x8465,
  0x8465,0x90C9,0x8886,0x8465,0x8465,0x8465,0x8465,0x8465,0x8465,0x8465,0x8465,0x8465,0x8001,0x8886,0x8887,0x8044,
  0x8887,0x8887,0x8886,0x8466,0x8887,0x8887,0x8887,0x8887,0x8487,0x8887,0x8486,0x8887,0x8887,0x8887,0x8887,0x8CA8,
  0x8111,0x8111,0x8111,0x8111,0x8111,0x8111,0x80F1,0x80F1,0x8112,0x8112,0x8112,0x80F1,0x80F1,0x80F1,0xC73D,0xBAFC,
  0x8975,0x8113,0x8113,0x8113,0x8112,0x8113,0x8112,0x8112,0x8534,0x89B6,0x80F3,0x8134,0x91F8,0x8DD8,0x8DD9,0x8DB8,
  0x8575,0x8DD9,0x8DF9,0x8197,0x8176,0x8555,0x8157,0x8136,0xC671,0xCED1,0xCEF1,0xCAD1,0xA210,0x8592,0x95F2,0x8DD4,
  0x8DD4,0x9A32,0x9A32,0x95F3,0x9612,0x8DB3,0x8175,0x8155,0x8155,0x8593,0x9A11,0x99F0,0x8DD2,0x89F6,0x81D7,0xDB5B,
  0xCF3A,0xE79D,0x9E30,0xA22F,0xA650,0x9E2F,0x9610,0xA62E,0xA64E,0xA64E,0xA64E,0xA64E,0xA64E,0xA64E,0xAA4E,0xAA6E,
  0xAE6E,0xAE6F,0xCB16,0xD359,0xE39C,0xDF9C,0xDF9D,0xDB9D,0xDFBD,0xDF7B,0xE39A,0xCF35,0xC314,0xB6D3,0xBEF5,0xBF16,
  0xE39E,0xC75C,0xB71D,0x9EDD,0xC77E,0xD77E,0xDBBF,0xE3BF,0xE3BF,0xE7DF,0xDFBF,0xE3DF,0xF3FF,0xEFFF,0xBFFF,0x839F,
  0x8B9F,0x82FF,0x825F,0x823F,0x821E,0x819C,0x819C,0x815A,0x8138,0x8157,0x8115,0x80F1,0x80F0,0x80D0,0x80CF,0x808B,
  0x80AD,0x808A,0x808A,0x808A,0x8068,0x8068,0x80AB,0x8067,0x8067,0x8066,0x8066,0x8046,0x8046,0x8024,0x8067,0x8003,
  0x8046,0x8023,0x8023,0x8003,0x8022,0x8046,0x8089,0x8023,0x8023,0x8023,0x8023,0x8003,0x8023,0x8023,0x8002,0x8002,
  0x81B4,0x8002,0x8002,0x8002,0x8002,0x8023,0x8022,0x8002,0x8002,0x8002,0x8002,0x8002,0x8002,0x8001,0x8002,0x8002,
  0x8002,0x8002,0x8002,0x8023,0x8023,0x8023,0x8024,0x8023,0x8023,0x8022,0x8022,0x8022,0x8022,0x8022,0x8002,0x8022,
  0x8002,0x8002,0x8002,0x8002,0x8002,0x8023,0x8024,0x8045,0x8088,0x8045,0x8024,0x8023,0x8023,0x8022,0x8022,0x8002,
  0x8002,0x8002,0x8002,0x8002,0x8002,0x8022,0x8002,0x8002,0x8022,0x8421,0x8022,0x8022,0x8002,0x8002,0x8002,0x8002,
  0x8002,0x8002,0x8002,0x8002,0x8002,0x8002,0x8002,0x8002,0x8002,0x8022,0x8002,0x8002,0x8002,0x8002,0x8002,0x8002,
  0x8002,0x8002,0x8002,0x8002,0x8002,0x8002,0x8002,0x8002,0x8002,0x8002,0x8002,0x8023,0x8002,0x8002,0x8002,0x8022,
  0x8023,0x8023,0x8023,0x8002,0x8004,0x8003,0x8118,0x817B,0x82DF,0x82BE,0x82FE,0xB3DE,0xFFFF,0xDB5C,0x8023,0x812D,
  0x8DF5,0x910B,0xD9C7,0xB922,0x9042,0x8001,0x8022,0x8023,0x8023,0x8023,0x8023,0x8022,0x8022,0x8023,0x8002,0x8022,
  0x8022,0x8022,0x8022,0x8002,0x8002,0x8022,0x8022,0x8022,0x8022,0x8022,0x8002,0x8022,0x8022,0x8022,0x8022,0x8023,
  0x8024,0x8023,0x8023,0x8023,0x8022,0x8022,0x8002,0x8002,0x8022,0x8022,0x8022,0x8443,0x8001,0xFFFC,0x9CA3,0x8442,
  0x8022,0x8022,0x8022,0x8022,0x8022,0x8023,0x8023,0x8022,0xEEF2,0x8044,0x8023,0x8000,0x8000,0x98A5,0xFFD3,0xB1F1,
  0xB1F1,0xA16E,0x90EA,0xB58C,0xB1AE,0xA98D,0xA56E,0xA56E,0x996F,0xA235,0x8D70,0xA1D0,0xA12C,0xA14C,0xA14C,0x8487,
  0xA14C,0xA14C,0xA14C,0xA14D,0xA14C,0xA14C,0xA14C,0x990B,0x9D0B,0x9D2B,0x9D0B,0x9D2B,0x9D2C,0xA12C,0xA14C,0xA14D,
  0xB5F1,0xB9F1,0xBE12,0xA96E,0xA96E,0x8C86,0x8C85,0xA54D,0x9D0B,0x94E9,0x94C9,0x90A7,0x8CA7,0x8001,0x8002,0x8002,
  0x8001,0x8000,0x8000,0x8000,0x8001,0x8002,0x8023,0x8022,0x8001,0x8000,0x8000,0x8000,0x8002,0x8002,0x8002,0x8001,
  0x8886,0x8022,0x9085,0x94A7,0x8443,0x8444,0x98C7,0x98C7,0x8865,0x8001,0x8C86,0x8865,0x8864,0x8864,0x8864,0x8865,
  0x8865,0x8001,0x8000,0x8023,0x8022,0x8002,0x8002,0x8002,0x8001,0x8001,0x8001,0x8001,0x8001,0x8022,0x8001,0x8000,
  0x8000,0x8000,0x8000,0x8002,0x8444,0x8445,0x8865,0x8865,0x8C86,0x8C86,0x8886,0x8887,0x94E9,0x90C9,0x90C9,0x90C9,
  0x8CC8,0x8487,0x88A8,0x8466,0x8465,0x8465,0x8465,0x8445,0x8465,0x8044,0x8043,0x8465,0x8465,0x8000,0x8466,0x8024,
  0x8887,0x8887,0x8023,0x8023,0x8466,0x8886,0x8887,0x8023,0x8487,0x8887,0x8886,0x8024,0x8887,0x8887,0x8887,0x8487,
  0x8111,0x8111,0x8111,0x80F1,0x8111,0x8111,0x8111,0x8111,0x8111,0x8111,0x8112,0x8112,0x8112,0x8111,0xA69B,0x8112,
  0x8133,0x8133,0x8112,0x8113,0x8112,0x8112,0x8112,0x8112,0x8112,0x8975,0x8113,0x8134,0x8DD8,0x8134,0x8112,0x8DB7,
  0x91D8,0x91D8,0x8DD9,0x91FA,0x9E3A,0x91F9,0x921A,0x91F9,0x95B7,0xE731,0xBEB0,0xBAB0,0x9A11,0x95F1,0x95F2,0x95F3,
  0x89D5,0x9A32,0x9A32,0x9A32,0x9611,0x9611,0x9A32,0x9632,0x8175,0x9E54,0x9E52,0x95F1,0x9A30,0x9A30,0x9E32,0x9E51,
  0xA20F,0x9E2F,0xA24F,0xA230,0x9610,0x9E0F,0x9E0F,0x9E2F,0x9A10,0xA22F,0xA64E,0xA64E,0xA64E,0xA64E,0xA64E,0xA64E,
  0xAA4E,0xAA6F,0xAA6F,0xAE8F,0xAAB5,0xA2B8,0xC31B,0xE3BD,0xDB7C,0xDB7C,0xDB7B,0xDF9B,0xE79B,0xE7BB,0xB6D3,0xB6D3,
  0xC2F4,0xB6D3,0xBF16,0xDB7C,0xD77D,0xD79E,0xDBBE,0xBB3E,0xC35E,0xE3DF,0xDFBF,0xDFBF,0xDBBF,0xDBBF,0xE7DF,0xF7FF,
  0xFBFF,0x83DF,0x839F,0x837F,0x833F,0x827F,0x81FE,0x81DD,0x81DD,0x819A,0x815A,0x8136,0x8158,0x80D1,0x8114,0x80F2,
  0x80D0,0x80AD,0x808A,0x80AC,0x80AC,0x808A,0x8068,0x8067,0x8068,0x808A,0x8046,0x8046,0x8067,0x8067,0x8067,0x8045,
  0x8023,0x8045,0x8024,0x8023,0x8023,0x8022,0x8023,0x8023,0x8023,0x8023,0x8065,0x8023,0x8023,0x8022,0x8002,0x8002,
  0x8022,0x8002,0x8002,0x8024,0x8002,0x8002,0x8023,0x8023,0x8002,0x8002,0x8002,0x8002,0x8002,0x8002,0x8002,0x8002,
  0x8002,0x8022,0x8023,0x8002,0x8002,0x8022,0x8023,0x8023,0x8022,0x8023,0x8002,0x8002,0x8002,0x8002,0x8002,0x8002,
  0x8002,0x8002,0x8002,0x8022,0x8002,0x8023,0x8023,0x8024,0x8045,0x8023,0x8023,0x8023,0x8023,0x8022,0x8002,0x8002,
  0x8002,0x8002,0x8002,0x8002,0x8022,0x8022,0x8022,0x8022,0x8022,0x8022,0x8022,0x8002,0x8002,0x8002,0x8002,0x8002,
  0x8002,0x8022,0x8002,0x8002,0x8002,0x8002,0x8002,0x8002,0x8002,0x8002,0x8002,0x8002,0x8002,0x8002,0x8002,0x8002,
  0x8002,0x8002,0x8002,0x8002,0x8002,0x8002,0x8002,0x8002,0x8002,0x8022,0x8022,0x8023,0x8022,0x8022,0x8002,0x8022,
  0x8022,0x8022,0x8023,0x8023,0x8023,0x8023,0x8024,0x8024,0x8044,0x8024,0x80D1,0x827C,0xD39E,0x9DF3,0x80AB,0x829B,
  0x8022,0x8821,0x8842,0xA98D,0x9D4C,0xB60E,0xDAD3,0x90C8,0x9086,0x8022,0x8023,0x8023,0x8023,0x8022,0x8022,0x8022,
  0x8022,0x8022,0x8002,0x8002,0x8002,0x8002,0x8022,0x8002,0x8022,0x8022,0x8002,0x8002,0x8002,0x8002,0x8023,0x8023,
  0x8024,0x8023,0x8023,0x8022,0x8022,0x8022,0x8002,0x8002,0x8002,0x8022,0x8022,0x8443,0x8001,0xFFFC,0xA4A2,0x8422,
  0x8022,0x8022,0x8022,0x8022,0x8022,0x8022,0x8023,0x8044,0x8067,0x8466,0x8843,0xFF94,0xF731,0xA170,0xEECF,0xADF1,
  0xB1F0,0xA58F,0x90EB,0xB5AD,0xB1D0,0xD62A,0xA56D,0xA56D,0xA16E,0xA56D,0xA56D,0x90C9,0x90C8,0xA14C,0xA54D,0xA14D,
  0xA14D,0xA14C,0xA56D,0xA54C,0xAD8E,0xBDF0,0xBDEF,0xBDCF,0xB5AE,0xAD8D,0xA54D,0x8044,0x8023,0x8043,0x8023,0x8023,
  0x8022,0x8023,0x8022,0x8002,0x8001,0x8002,0x8001,0x8001,0x8001,0x8002,0x88A7,0x8887,0x8444,0x8865,0x8000,0x8000,
  0x8022,0x8000,0x8CC9,0x8000,0x8000,0x8022,0x8024,0x8044,0x8044,0x8024,0x8087,0x8002,0x8002,0x8002,0x8066,0x8001,
  0x8000,0x8000,0x8000,0x8422,0x8442,0x8842,0x8842,0x8822,0x8421,0x8000,0x8000,0x8420,0x8820,0x8400,0x8000,0x8400,
  0x8001,0x8002,0x8001,0x8044,0x8465,0x8465,0x8465,0x8065,0x8001,0x8022,0x8C63,0xA0C5,0x9CC5,0x98C6,0x94A6,0x8887,
  0x8886,0x8445,0x8444,0x8000,0x8000,0x8465,0x8465,0x8444,0x8001,0x8001,0x8000,0x8000,0x8000,0x8000,0x8001,0x8002,
  0x8444,0x8445,0x8445,0x8445,0x8887,0x94EA,0x950A,0x88A7,0x8023,0x94E9,0x8022,0x8000,0x8465,0x8445,0x8466,0x8001,
  0x8486,0x8486,0x8886,0x8466,0x8866,0x8887,0x8887,0x8002,0x8866,0x8887,0x8887,0x8023,0x8487,0x8CC9,0x8887,0x8044,
  0x8111,0x80F1,0x8111,0x8111,0x8111,0x8111,0x8111,0x8111,0x8111,0x8111,0x8112,0x8112,0x8112,0x8112,0xA67A,0x80F2,
  0x8112,0x8112,0x8112,0x8113,0x8112,0x8112,0x8112,0x8112,0x8112,0x8112,0x8113,0x8112,0x91F9,0x8997,0x8134,0x91D8,
  0x91D8,0x91D8,0x91D8,0x8DD8,0x91F9,0x91F9,0x8DD9,0x8DD8,0x89D8,0xC294,0xB22F,0x91F0,0x9A10,0x9A10,0x9E12,0x9A12,
  0x9E32,0x9E51,0x9A52,0x9A32,0x9A32,0x9632,0x9A32,0x9A32,0x8593,0x9E34,0x9E53,0xA253,0x9E53,0xA252,0xA253,0x9E52,
  0xA250,0xA22F,0xA22F,0xA22F,0x99EF,0x9A0F,0x9A0F,0x9A0F,0x9A10,0x99F1,0x9A10,0xA64E,0xA64E,0xA64E,0xA64E,0xAA4E,
  0xAA4E,0xAA4F,0x9E53,0x9A55,0xCF38,0xB6D7,0x969A,0x967A,0xB2FC,0xD75C,0xBF3C,0xE79C,0xE79C,0xE79C,0xAEB5,0xB6D3,
  0xBAD3,0xBAF5,0xB6F4,0xB2D5,0xE79B,0xA6FC,0xAAFC,0xAAFB,0xA6DC,0xDB9F,0xDF9F,0xDFBF,0xDBBF,0xD79F,0xDBBF,0xDB9F,
  0xF7FF,0xF7FF,0xE7FF,0x9BBF,0x939F,0x837F,0x833F,0x829F,0x827F,0x821E,0x81FF,0x81BC,0x819B,0x8138,0x8138,0x8115,
  0x80D1,0x80D0,0x80F1,0x80CE,0x80CE,0x80AB,0x80AC,0x80CD,0x808A,0x808A,0x8067,0x8067,0x8089,0x8068,0x8068,0x8024,
  0x8046,0x8046,0x8046,0x8023,0x8023,0x8023,0x8023,0x8023,0x8023,0x8023,0x8023,0x8023,0x8023,0x8023,0x8002,0x8022,
  0x8002,0x8002,0x8025,0x8068,0x8002,0x8023,0x8023,0x8002,0x8002,0x8002,0x8002,0x8002,0x8002,0x8002,0x8002,0x8022,
  0x8022,0x8022,0x8002,0x8002,0x8002,0x8022,0x8022,0x8022,0x8002,0x8002,0x8002,0x8002,0x8002,0x8022,0x8002,0x8022,
  0x8002,0x8002,0x8022,0x8002,0x8022,0x8023,0x8023,0x8023,0x8024,0x8023,0x8023,0x8023,0x8023,0x8002,0x8022,0x8002,
  0x8002,0x8002,0x8002,0x8002,0x8022,0x8022,0x8022,0x8022,0x8022,0x8022,0x8022,0x8002,0x8022,0x8002,0x8002,0x8002,
  0x8002,0x8002,0x8002,0x8002,0x8002,0x8002,0x8002,0x8022,0x8002,0x8002,0x8002,0x8002,0x8002,0x8022,0x8002,0x8002,
  0x8002,0x8002,0x8022,0x8002,0x8002,0x8002,0x8002,0x8022,0x8022,0x8022,0x8022,0x8002,0x8002,0x8022,0x8002,0x8022,
  0x8002,0x8022,0x8022,0x8022,0x8023,0x8023,0x8023,0x8023,0x8023,0x8024,0x8047,0x8068,0x8047,0x8001,0x8001,0x8025,
  0x8677,0x8863,0x8843,0x8443,0x9D4A,0xFA65,0xFF05,0x996C,0xB5AD,0x8002,0xBDA6,0x8C62,0x8022,0x8023,0x8022,0x8022,
  0x8022,0x8002,0x8002,0x8022,0x8022,0x8002,0x8002,0x8022,0x8022,0x8022,0x8022,0x8002,0x8022,0x8022,0x8022,0x8022,
  0x8023,0x8022,0x8023,0x8022,0x8022,0x8022,0x8002,0x8002,0x8022,0x8022,0x8022,0x8443,0x8001,0xFFFA,0xA0A3,0x8022,
  0x8022,0x8022,0x8022,0x8002,0x8022,0x8022,0x8023,0x8023,0x8487,0xA107,0xE6D1,0xDA91,0xB5F0,0xA9B0,0xFB2F,0xB1D1,
  0xADD0,0xA9AE,0x9D4C,0xB18D,0xB1F0,0xB5AC,0xA58E,0xA16D,0xA14D,0xA14D,0xA14D,0x94EA,0x9D2C,0xA54D,0xA54D,0xB5CE,
  0xB9CE,0x9D0A,0xA96D,0xAD6D,0xA54B,0x8444,0x8043,0x8022,0x8044,0x8464,0x8044,0x8022,0x8001,0x8001,0x8000,0x8000,
  0x8001,0x8002,0x8023,0x8022,0x8002,0x80EA,0x80EA,0x8001,0x8022,0x8465,0x88A8,0x88A8,0x8887,0x8886,0x8865,0x8001,
  0x8000,0x8000,0x8000,0x88C9,0x8022,0x8000,0x8001,0x8001,0x8001,0x8000,0x8000,0x8001,0x8001,0x8001,0x8002,0x8023,
  0x8000,0x8022,0xE140,0xEDA0,0xD140,0xB4C0,0xD120,0xD520,0xD940,0xC8E0,0x8800,0xC500,0xD140,0xC900,0xC500,0xC900,
  0xD520,0x8001,0x8001,0x8021,0x8000,0x8000,0x8001,0x8001,0x8002,0x8023,0x8442,0x8842,0x8822,0x8422,0x8021,0x8001,
  0x8000,0x8000,0x8000,0x8001,0x8001,0x8445,0x8044,0x8023,0x8001,0x8023,0x8043,0x8022,0x8443,0x8443,0x8443,0x8443,
  0x8444,0x8023,0x8002,0x8002,0x8002,0x8001,0x8001,0x8001,0x8C86,0xA54C,0x8866,0x94EA,0x90C9,0x90C9,0x88A7,0x8022,
  0x8466,0x8866,0x8886,0x8886,0x8886,0x8486,0x8887,0x8886,0x8887,0x8887,0x8887,0x8044,0x8887,0x8887,0x8487,0x8486,
  0x80F1,0x8111,0x8111,0x8111,0x8111,0x8111,0x8111,0x8111,0x80F1,0x8111,0x8111,0x8111,0x8112,0x8112,0x8112,0x8112,
  0x8112,0xB2BC,0xBEFC,0x8112,0x8112,0x8112,0x8112,0x8112,0x8112,0x8112,0x8112,0x8112,0x80F2,0x80F2,0x80F1,0x8975,
  0x91D8,0x80D1,0x80F1,0x91F9,0x8DD8,0x8DD8,0x8DD8,0x8DD8,0x80F3,0x8156,0xFFAD,0xF76A,0x8111,0x8511,0x91F3,0xB271,
  0xAA51,0xDEEC,0x9E10,0x9612,0x9A32,0x9A32,0x9E53,0x9E53,0x9E53,0x9E53,0xA253,0xA273,0xA253,0xA253,0xA253,0xA253,
  0xA253,0x9E52,0x9E30,0x9E0F,0x9E0F,0x9A10,0x99EF,0x99EF,0x99F0,0x99F1,0x99F1,0xA62E,0xA64E,0xA64E,0xA22F,0xAA4E,
  0xAA4E,0xAA4E,0x9A35,0x9656,0x9E92,0x9676,0x9E78,0x969A,0x8E7B,0x8A7C,0xE39B,0xE39C,0xDF7C,0xE7BD,0xE7BD,0xEBBE,
  0xE7BE,0x9E98,0xAEB5,0xAED5,0xDB7A,0xDF9B,0xA6FB,0xC337,0x9EFA,0x9EFC,0x9ADC,0xAB1D,0xC33E,0xDB9F,0xDB9F,0xDF9F,
  0xDFBF,0xDFBF,0xE3DF,0xFBFF,0xFBFF,0x8B7F,0x8B7F,0x8B9F,0x839F,0x829F,0x82BF,0x81DD,0x81DE,0x819B,0x81BD,0x8159,
  0x8138,0x8115,0x80F1,0x80F1,0x80CF,0x80AD,0x80CE,0x80AD,0x808B,0x80AB,0x8068,0x8067,0x80AC,0x8068,0x8068,0x8067,
  0x8067,0x8067,0x8046,0x8023,0x8023,0x8067,0x8023,0x8023,0x8023,0x8024,0x8067,0x8023,0x8022,0x8023,0x8002,0x8002,
  0x8022,0x8023,0x8022,0x8023,0x8002,0x8002,0x8002,0x8002,0x8002,0x8002,0x8002,0x8002,0x8002,0x8002,0x8002,0x8002,
  0x8023,0x8002,0x8002,0x8002,0x8002,0x8002,0x8002,0x8002,0x8002,0x8002,0x8002,0x8002,0x8002,0x8002,0x8022,0x8002,
  0x8002,0x8002,0x8022,0x8002,0x8002,0x8023,0x8023,0x8023,0x8023,0x8023,0x8023,0x8023,0x8022,0x8002,0x8002,0x8002,
  0x8002,0x8002,0x8022,0x8022,0x8022,0x8022,0x8022,0x8022,0x8022,0x8023,0x8022,0x8022,0x8022,0x8002,0x8002,0x8002,
  0x8002,0x8002,0x8002,0x8002,0x8022,0x8022,0x8022,0x8002,0x8002,0x8002,0x8002,0x8022,0x8002,0x8002,0x8002,0x8022,
  0x8002,0x8002,0x8002,0x8002,0x8002,0x8022,0x8022,0x8002,0x8002,0x8002,0x8002,0x8002,0x8002,0x8002,0x8002,0x8002,
  0x8002,0x8002,0x8002,0x8002,0x8002,0x8022,0x8023,0x8023,0x8023,0x8023,0x8024,0x8045,0x8045,0x8044,0x8022,0x8022,
  0x8464,0xDB9A,0x8001,0x8444,0x8C65,0x8822,0x8422,0x8001,0x8001,0x8002,0x8445,0xEE06,0x8001,0x8022,0x8022,0x8002,
  0x8022,0x8022,0x8002,0x8002,0x8002,0x8002,0x8002,0x8022,0x8002,0x8022,0x8002,0x8002,0x8022,0x8022,0x8002,0x8022,
  0x8022,0x8022,0x8022,0x8022,0x8022,0x8022,0x8022,0x8002,0x8022,0x8022,0x8023,0x8443,0x8002,0xFFD7,0x98A4,0x8022,
  0x8002,0x8002,0x8002,0x8002,0x8002,0x8022,0x8023,0x8043,0xBDCC,0xFF73,0xFF52,0xD2B3,0xFF4D,0xADD1,0xFF30,0xB9D0,
  0xFAC6,0xA94A,0x9D4C,0xADAE,0xB5F0,0xA9AF,0x9D4E,0x950C,0x9D4C,0x9D2C,0xA56E,0xC232,0xC253,0xA54D,0xA56D,0x8CA7,
  0x8444,0x8002,0x8001,0x8000,0x8001,0x8001,0x8001,0x8000,0x8000,0x8000,0x8088,0x8088,0x8087,0x8087,0x8045,0x8065,
  0x8044,0x8044,0x8044,0x8044,0x8065,0x8086,0x80A7,0x84A8,0x8044,0x8001,0x8023,0x88A9,0x8044,0x8886,0x8887,0x8885,
  0x8002,0x8443,0x8000,0x8000,0x8001,0xD5A5,0x9441,0x8822,0x8001,0x8001,0x8422,0x9880,0x8C42,0x8022,0x8001,0x8045,
  0x8023,0x8022,0xFFCC,0xFBDF,0xFEA1,0xD521,0xFFFF,0xFF4A,0xFFDF,0xFA40,0x9420,0xFB2A,0xFBFE,0xFF46,0xFBDB,0xFFFF,
  0xFA20,0x8001,0x8000,0xC4E0,0xD0E0,0xDD20,0x9062,0x8001,0x8000,0xFE82,0xFE61,0xFEC0,0xFEA0,0xF200,0xB4C0,0x8001,
  0xAC80,0xA880,0xA880,0x8044,0x8022,0x8444,0x8023,0x8023,0x8444,0x8001,0x8000,0x8000,0x8000,0x8022,0x8442,0x8443,
  0x8044,0x8045,0x8045,0x8023,0x8002,0x8023,0x8001,0x8000,0x8000,0x8001,0x8001,0x8023,0x8444,0x8865,0x8865,0x8464,
  0x990B,0x90C9,0x90C9,0x8CA7,0x8887,0x8886,0x8886,0x8886,0x8887,0x8887,0x8887,0x8466,0x8486,0x8466,0x8886,0x8886,
  0x80F1,0x80F1,0x8111,0x8111,0x8111,0x8111,0x8111,0x8111,0x8111,0x8111,0x8111,0x8111,0x8111,0x8112,0x8112,0x8112,
  0x8112,0x8153,0xC73C,0x9DF6,0x8112,0x8112,0x8112,0x8112,0x8112,0x8112,0x8112,0x8112,0x80F1,0x80F1,0x80F1,0x80F2,
  0x80F2,0x8112,0x91F9,0x91F9,0x80F2,0x8112,0x91FA,0x8DF9,0x8DD9,0x8DD9,0xAA7A,0x8DDA,0x89D9,0x85D9,0x85FA,0x9593,
  0xFF8A,0x9E13,0xA632,0xBA4F,0xEF08,0x9E32,0x9E53,0x9E53,0x9E53,0xA253,0xA253,0x9E53,0xA274,0xA273,0xA253,0xA253,
  0x9E53,0x9E53,0x9E53,0x9E52,0xA252,0x99F0,0x99F0,0x99F0,0x99F0,0x95F2,0x95F1,0x99F1,0x9A11,0x9A10,0xA64E,0xAA4E,
  0xAA4E,0xAA4E,0xA64F,0xA251,0xA250,0xA250,0x9E51,0x9E52,0x9A54,0x9677,0x9258,0x8E59,0xD35D,0xD77D,0xE39D,0xE7BD,
  0xE7BD,0xE7BD,0xEFDD,0xEFDE,0xE7BD,0xD77C,0xD359,0xD358,0xD758,0xBF39,0x9ADA,0xC33C,0xB71D,0xA6FD,0xA2FC,0xA6FB,
  0xE7BF,0xDB9E,0xDB9F,0xDBBF,0xDFBF,0xEBFF,0xF7FF,0xF7FF,0xBBFF,0x879F,0x839F,0x835F,0x829F,0x829F,0x825F,0x81BC,
  0x81FE,0x8159,0x8136,0x8137,0x8137,0x80F2,0x8112,0x80CF,0x80AC,0x80AC,0x808B,0x808B,0x808B,0x80AC,0x8068,0x8067,
  0x8067,0x8067,0x8046,0x8046,0x8046,0x8067,0x8046,0x8046,0x8023,0x8023,0x8023,0x8023,0x8023,0x8023,0x8002,0x8023,
  0x8023,0x8023,0x8023,0x8023,0x8023,0x8023,0x8022,0x8002,0x8002,0x8002,0x8002,0x8002,0x8002,0x8002,0x8002,0x8002,
  0x8002,0x8002,0x8002,0x8002,0x8002,0x8002,0x8002,0x8002,0x8002,0x8002,0x8002,0x8002,0x8002,0x8002,0x8022,0x8022,
  0x8002,0x8002,0x8002,0x8002,0x8022,0x8023,0x8023,0x8023,0x8023,0x8022,0x8023,0x8022,0x8022,0x8002,0x8002,0x8002,
  0x8022,0x8022,0x8022,0x8022,0x8022,0x8022,0x8023,0x8022,0x8022,0x8023,0x8023,0x8022,0x8022,0x8022,0x8022,0x8022,
  0x8022,0x8022,0x8022,0x8022,0x8022,0x8022,0x8022,0x8022,0x8002,0x8022,0x8002,0x8002,0x8002,0x8002,0x8002,0x8002,
  0x8002,0x8002,0x8022,0x8022,0x8002,0x8002,0x8002,0x8002,0x8002,0x8002,0x8002,0x8002,0x8002,0x8002,0x8002,0x8002,
  0x8002,0x8002,0x8002,0x8002,0x8002,0x8002,0x8002,0x8022,0x8023,0x8023,0x8023,0x8023,0x8023,0x8023,0x8023,0x8023,
  0x8023,0x8023,0x8022,0x8002,0x9909,0xEE67,0xFF24,0x8002,0x8002,0x94EB,0x94A6,0x90A6,0x8023,0x8022,0x8022,0x8022,
  0x8022,0x8022,0x8002,0x8002,0x8002,0x8002,0x8002,0x8002,0x8002,0x8002,0x8002,0x8002,0x8002,0x8002,0x8002,0x8022,
  0x8022,0x8022,0x8022,0x8022,0x8022,0x8022,0x8022,0x8022,0x8022,0x8022,0x8022,0x8022,0x8000,0xFFB8,0x94A5,0x8023,
  0x8022,0x8002,0x8022,0x8022,0x8022,0x8022,0x8022,0x8002,0xFFF8,0xFF0F,0xFF0F,0xCAB4,0xFB0B,0xA9B0,0xFF30,0xB5D0,
  0xB1F0,0xA9B0,0x9D4E,0xB9F1,0xC231,0xB9CF,0xB9CF,0xCA52,0x950B,0x992C,0x94EA,0x8002,0x8022,0x8023,0x8023,0x8023,
  0x8044,0x8044,0x8022,0x8044,0x8023,0x8045,0x8045,0x8023,0x8002,0x8001,0x8001,0x8001,0x8022,0x8001,0x88C9,0x890C,
  0x8CA7,0x90C8,0xA54B,0xA129,0x88A8,0x90E9,0x8CE9,0x84A8,0x8487,0x8466,0x8465,0x8002,0x8002,0x8002,0x8002,0x94E9,
  0x94EA,0x90C9,0x8886,0x8003,0x8001,0x8000,0x9000,0xFBC8,0x8000,0x8000,0x8002,0xE6A3,0xA061,0x8022,0x8022,0x88EA,
  0x8CEA,0x8022,0xA460,0xFAC5,0xF640,0xBCA0,0xF1E0,0xF641,0xF641,0xF5E0,0x9040,0xF603,0xF602,0xF1E1,0xE9C0,0xE9A0,
  0xE140,0x8000,0x8000,0xC4C0,0xF6E4,0xF704,0x9062,0x8021,0x8001,0xFE62,0xFF66,0xFFFA,0xFFFA,0xFFCF,0xFDE0,0x8402,
  0xFFAC,0xFBFF,0xFB05,0x8865,0x8023,0x8865,0x8C21,0x9800,0xC0E0,0x8000,0x8800,0x8400,0x8000,0x8000,0x8400,0x8000,
  0x8001,0x8002,0x8001,0x8000,0x8000,0x8023,0x8044,0x8000,0x8002,0x8466,0x8002,0x8002,0x8002,0x8002,0x8002,0x8002,
  0x8001,0x8000,0x8001,0x990B,0x94EB,0x950B,0x90EA,0x90E9,0x8887,0x8887,0x8866,0x8887,0x90C9,0x8466,0x8466,0x8466,
  0x80F0,0x80F0,0x80F0,0x8111,0x8111,0x8111,0x8111,0x8111,0x8111,0x8111,0x8111,0x8111,0x8111,0x8111,0x8111,0x8111,
  0x8111,0x8112,0x9193,0x8111,0x8553,0x8553,0xD77E,0x9194,0x8111,0x8112,0x8111,0x8111,0x80F1,0x80F1,0x80F1,0x8112,
  0x8112,0x8112,0x8154,0x8996,0x8DB8,0x8154,0x8112,0x91F9,0x8596,0x8DD8,0x8DD8,0x8DD9,0x8DD9,0x8DD9,0x89B8,0x91D9,
  0x8977,0xEF0E,0xB672,0xA651,0xA232,0xBE4D,0x9E52,0x9E52,0x9E52,0x9E52,0x9E32,0x9E31,0x9E73,0xA273,0xA253,0xA253,
  0x9E53,0x9E53,0x9E53,0x9E53,0xA273,0x9A11,0x9A10,0x9A10,0x99F0,0x99F2,0x95F1,0x95F0,0xA22E,0x9E10,0x9E10,0xA22F,
  0xAA4E,0xAA4E,0xA64F,0x9612,0x9A33,0x9E31,0x9E32,0xA251,0x9A33,0x9634,0x9634,0x9634,0xAABB,0xBB1C,0xEBBD,0xEBBD,
  0xEBBD,0xEBBD,0xE7BD,0xE7BD,0xE7BD,0xE39C,0xE39C,0xE3BD,0xD75A,0xCB59,0xBF3A,0xA6FA,0xE3BE,0xC77E,0xC35D,0x9EFB,
  0x9ADA,0xA2DA,0xCF7E,0xDB9F,0xDBBF,0xDFBF,0xDFBF,0xDFBF,0xF7FF,0xFBFF,0xD3BF,0xA3BF,0x877F,0x833F,0x835F,0x827F,
  0x821F,0x81BC,0x819C,0x819C,0x8136,0x8137,0x8159,0x80D1,0x80D0,0x80D0,0x80AD,0x80AD,0x808B,0x80AC,0x8089,0x8067,
  0x808B,0x8067,0x8067,0x8068,0x8068,0x8046,0x8024,0x8046,0x8046,0x8024,0x8023,0x8024,0x8023,0x8023,0x8022,0x8067,
  0x8023,0x8023,0x8023,0x8023,0x8023,0x8022,0x8022,0x8023,0x8002,0x8002,0x8002,0x8002,0x8002,0x8002,0x8002,0x8045,
  0x85F3,0x8002,0x8002,0x8002,0x8002,0x8002,0x8002,0x8002,0x8002,0x8022,0x8002,0x8002,0x8002,0x8002,0x8002,0x8022,
  0x8022,0x8002,0x8002,0x8002,0x8002,0x8022,0x8022,0x8022,0x8023,0x8002,0x8022,0x8022,0x8022,0x8002,0x8002,0x8022,
  0x8022,0x8022,0x8022,0x8022,0x8023,0x8023,0x8023,0x8022,0x8023,0x8443,0x8443,0x8023,0x8023,0x8023,0x8022,0x8022,
  0x8022,0x8022,0x8022,0x8022,0x8022,0x8022,0x8023,0x8022,0x8022,0x8002,0x8022,0x8022,0x8002,0x8002,0x8022,0x8002,
  0x8002,0x8002,0x8022,0x8002,0x8002,0x8002,0x8002,0x8002,0x8002,0x8002,0x8002,0x8002,0x8002,0x8002,0x8002,0x8002,
  0x8002,0x8002,0x8002,0x8002,0x8002,0x8002,0x8002,0x8022,0x8023,0x8023,0x8023,0x8023,0x8023,0x8023,0x8023,0x8023,
  0x8023,0x8023,0x8023,0x8023,0x8023,0x8002,0x8001,0x8022,0x8022,0x8023,0x8022,0x8022,0x8022,0x8022,0x8022,0x8002,
  0x8022,0x8022,0x8022,0x8002,0x8022,0x8022,0x8002,0x8002,0x8002,0x8002,0x8002,0x8002,0x8002,0x8022,0x8002,0x8022,
  0x8022,0x8022,0x8022,0x8022,0x8022,0x8022,0x8022,0x8022,0x8023,0x8022,0x8022,0x8022,0x8000,0xD2F8,0x90A6,0x8023,
  0x8023,0x8023,0x8022,0x8022,0x8022,0x8022,0x8022,0x8001,0xFFD5,0xB549,0xFF4F,0xBE52,0xC62F,0xA16E,0xF710,0xB1CF,
  0xCE70,0xA190,0xCE95,0xB613,0x950C,0x8023,0x8002,0x8021,0x8001,0x8022,0x8023,0x8066,0x8065,0x8065,0x8065,0x8065,
  0x8065,0x8044,0x8001,0x8000,0x8000,0x8000,0x8001,0x8001,0x94C7,0x90C8,0x90E9,0x8CEA,0x8D0B,0x8D0C,0x912D,0x8001,
  0x8022,0x88A7,0x90C8,0x950A,0xBDA9,0xB169,0x9D09,0x90E9,0x8887,0x8465,0x8865,0x8866,0x8044,0x8001,0x8001,0x8444,
  0x8023,0x8CA9,0x8CC9,0x8CA9,0x8023,0x8001,0x8001,0x8000,0x8000,0x8000,0x8000,0x8400,0x8000,0x8000,0x8001,0x8002,
  0x8044,0x8002,0x8021,0x8420,0x8420,0x8000,0x8420,0x8421,0x8422,0x8443,0x8043,0x8443,0x8443,0x8442,0x8421,0x8400,
  0x8400,0x8000,0x8000,0x8000,0x8400,0x8000,0x8000,0x8001,0x8001,0x8000,0x8000,0x8001,0x8001,0x8000,0x8001,0x8842,
  0xB8A0,0xCD00,0xD500,0x8465,0x8022,0x8465,0xE663,0xF7AB,0x8840,0x8000,0xF391,0xF6C6,0x8001,0xF722,0xFFD3,0xD0E1,
  0x8421,0x8400,0x8400,0x8000,0x8000,0x8000,0x8000,0x8002,0x8002,0x8002,0x8002,0x8887,0x994D,0x994D,0x8001,0x8001,
  0x8000,0x8000,0x8001,0x8001,0x8001,0x8002,0x8002,0x8023,0x94EB,0x990B,0x990B,0x990B,0x8866,0x8466,0x8466,0x8466,
  0x80F0,0x80F0,0x80EF,0x8110,0x8110,0x8111,0x8111,0x8111,0x80F1,0x8111,0x8111,0x8111,0x8111,0x8111,0x8111,0x8111,
  0x8112,0x8112,0x8112,0x8112,0x8112,0x8133,0xC71C,0xAE9A,0x8112,0x8111,0x8111,0x80F0,0x80F1,0x80F1,0x8111,0x80F1,
  0x8112,0x8112,0x8112,0x8112,0x8112,0x91F8,0x8112,0x8112,0x8134,0x8997,0x8DD8,0x8DF9,0x8DD9,0x8DD9,0x91D9,0x91D9,
  0x8575,0xB211,0xF74D,0xAA51,0xA231,0x9A11,0xA231,0xA631,0xCE6B,0xAA2F,0x9E31,0x9E31,0x9E32,0x9E52,0xA253,0xA253,
  0x9E53,0xA253,0x9E34,0xA254,0xA274,0xA274,0xA253,0x9A10,0x9A11,0x95F2,0x95F1,0x95F1,0x9611,0x9E10,0x9E10,0x9A10,
  0x9E31,0x9A11,0x9E10,0xA62F,0xA22F,0x9A10,0x85D4,0x9214,0x89F3,0x85F3,0x9634,0x9634,0x9237,0xB6DA,0xEBBC,0xD77C,
  0xDB7D,0xEBBD,0xEBBD,0xD77C,0xCB5C,0xE3BC,0xDB7C,0xA27A,0xCF3A,0xDF7B,0xDF7C,0xE39C,0xE39D,0xE39D,0xE39C,0xAAF9,
  0x96DA,0x9ADA,0x9ADC,0x9EBC,0xDFBE,0xD79E,0xDB9E,0xDFBF,0xDFBF,0xDFBF,0xE7DF,0xF3FF,0xF7FF,0xE3FF,0xAFDF,0x835F,
  0x833F,0x827F,0x823F,0x823F,0x819A,0x81BC,0x819C,0x8116,0x8116,0x8136,0x80D0,0x80AD,0x80F1,0x80F1,0x80AC,0x80AB,
  0x808B,0x8089,0x8068,0x80AB,0x8089,0x8068,0x8067,0x8066,0x8066,0x8046,0x8046,0x8024,0x8023,0x8023,0x8023,0x8024,
  0x8023,0x8023,0x8024,0x8023,0x8023,0x8023,0x8023,0x8023,0x8023,0x8022,0x8022,0x8002,0x8002,0x8002,0x8002,0x8023,
  0x8023,0x8023,0x8002,0x8002,0x8002,0x8002,0x8002,0x8002,0x8002,0x8002,0x8022,0x8002,0x8022,0x8002,0x8022,0x8002,
  0x8002,0x8002,0x8002,0x8002,0x8002,0x8022,0x8022,0x8002,0x8022,0x8002,0x8002,0x8002,0x8022,0x8022,0x8022,0x8022,
  0x8022,0x8022,0x8022,0x8023,0x8044,0x8044,0x8023,0x8022,0x8421,0xB567,0xA8A2,0xA082,0x8CA7,0x8024,0x8444,0x9CC6,
  0x8022,0x8022,0x8022,0x8022,0x8023,0x8023,0x8023,0x8022,0x8022,0x8022,0x8022,0x8022,0x8022,0x8002,0x8002,0x8022,
  0x8002,0x8002,0x8002,0x8002,0x8002,0x8002,0x8002,0x8002,0x8002,0x8002,0x8002,0x8002,0x8002,0x8002,0x8002,0x8002,
  0x8002,0x8002,0x8002,0x8002,0x8002,0x8002,0x8002,0x8022,0x8002,0x8022,0x8022,0x8022,0x8023,0x8022,0x8022,0x8022,
  0x8022,0x8022,0x8022,0x8023,0x8023,0x8023,0x8022,0x8023,0x8022,0x8022,0x8022,0x8022,0x8002,0x8022,0x8022,0x8002,
  0x8002,0x8002,0x8002,0x8002,0x8002,0x8022,0x8002,0x8002,0x8002,0x8002,0x8002,0x8002,0x8002,0x8002,0x8002,0x8022,
  0x8022,0x8022,0x8022,0x8821,0x8442,0x8442,0x8023,0x8022,0x8022,0x8022,0x8022,0x8023,0x8001,0xCAF8,0x90A7,0x8023,
  0x8023,0x8023,0x8022,0x8022,0x8022,0x8022,0x8021,0x8001,0xFFB5,0xF6EE,0xFEED,0xBE52,0xCA30,0xB9CF,0xF731,0xFB74,
  0x990A,0x9D2A,0x8044,0x8044,0x8043,0x8001,0x8000,0x8002,0x8065,0x8066,0x8466,0x8487,0x8466,0x8000,0x8000,0x8021,
  0x8002,0x8001,0x8045,0x8066,0x84C9,0x84EB,0x88EB,0x8D2C,0x8023,0x8022,0x8002,0x88EB,0x910C,0x8066,0x8D0B,0x8D0B,
  0x88EA,0x8000,0x8001,0x8465,0x8002,0x88C8,0x8CC9,0x94EA,0x90C9,0x8CA8,0x8CA7,0x8CA7,0x8044,0x8023,0x8023,0x8002,
  0x8001,0x8001,0x8001,0x8000,0x8001,0x8001,0x8022,0x8001,0x8001,0x8022,0x8022,0x8885,0x8465,0x8865,0x8023,0x88A8,
  0x88A8,0x8001,0x8001,0xB901,0x9882,0x8865,0x8C86,0xB0E3,0x98C5,0x94C7,0x8865,0x8444,0x90C8,0x8864,0x9C82,0x8464,
  0x8864,0x8000,0x8886,0x8865,0x8C84,0x8464,0x8023,0x8022,0x8001,0x8443,0x8442,0x8442,0x8843,0x8864,0x8864,0x8444,
  0x8022,0x8023,0x8023,0x8002,0x8000,0x8000,0x8000,0x8000,0x8000,0x8000,0x8000,0x8000,0x8022,0xA420,0xB480,0x8800,
  0x8000,0xA841,0xF5E0,0xFBDA,0xF180,0x8001,0x8001,0x8423,0x8045,0x8002,0x8002,0x8001,0x8001,0x8001,0x8001,0x8CC9,
  0x90EA,0x90EA,0x8000,0x8001,0x8002,0x8001,0x8001,0x8001,0x8001,0x8001,0x8002,0x8002,0x8002,0x990C,0x990B,0x990B,
  0x80EF,0x80EF,0x80EF,0x80F0,0x80F0,0x80F0,0x80F0,0x8111,0x8110,0x8111,0x8111,0x8111,0x8111,0x8110,0x8110,0x8111,
  0x8111,0x8112,0x8112,0x8112,0x8112,0x8112,0xAA79,0x8D95,0x80F2,0xC2FB,0x8111,0x80F0,0x80F1,0x80F1,0x8111,0x80F1,
  0x80F1,0x8112,0x8112,0x8112,0x8112,0x8112,0x8112,0x8575,0x89B7,0x89B8,0x8997,0x8514,0x8DFA,0x8DD9,0x91D9,0x91B8,
  0x8DB7,0xA5B1,0xF76E,0xDEAB,0x9E32,0x9E30,0x95F1,0x9E11,0xF34A,0xA631,0x9A31,0x9A11,0x9A11,0x9A11,0x9E52,0x9E53,
  0xA253,0x9E53,0x91D5,0xA253,0xA254,0xA274,0xA253,0x9E52,0x9A11,0x89B1,0x95F1,0x91F2,0x95F2,0x9A10,0x9E10,0x9A10,
  0x9A10,0xA22E,0xA62E,0xA62E,0xA22E,0x9E0F,0x91F2,0x8174,0xC2F8,0xC2F9,0x89B4,0x8A15,0x8E18,0xEBBD,0xE79C,0xDF9C,
  0xCB3C,0xE7BD,0xE79C,0xBB1C,0xB6FC,0xD35C,0xC73B,0x9618,0xC316,0xA274,0xAA94,0xB2B7,0xB6D8,0xE7BC,0xE39C,0xDF7A,
  0xDB7A,0xDB78,0x9ABB,0xA2DC,0x9ADD,0x96BD,0xE7BE,0xE3BE,0xDFBF,0xDFBF,0xDFBF,0xDBBF,0xDBBF,0xF3FF,0xEFDF,0xBFDF,
  0x8BBF,0x833F,0x831F,0x829F,0x825F,0x821F,0x81BD,0x815A,0x8139,0x8158,0x8115,0x80F3,0x80F2,0x80F2,0x80CF,0x808C,
  0x808C,0x808B,0x808A,0x808B,0x808A,0x8068,0x8067,0x8067,0x8066,0x8045,0x8045,0x8066,0x8046,0x8024,0x8023,0x8023,
  0x8023,0x8023,0x8023,0x8023,0x8023,0x8023,0x8025,0x8023,0x8022,0x8002,0x8002,0x8002,0x8002,0x8022,0x8002,0x8002,
  0x8023,0x8065,0x8023,0x8002,0x8002,0x8002,0x8002,0x8002,0x8002,0x8002,0x8002,0x8002,0x8002,0x8002,0x8002,0x8002,
  0x8002,0x8023,0x8022,0x8002,0x8002,0x8002,0x8002,0x8002,0x8002,0x8002,0x8002,0x8002,0x8022,0x8022,0x8002,0x8022,
  0x8022,0x8022,0x8023,0x8043,0x8045,0x8466,0x8442,0x8021,0x8000,0xFBFD,0xFB0C,0xFAA3,0xD6B4,0x8467,0x8CC9,0xEF14,
  0x8021,0x8021,0x8022,0x8022,0x8022,0x8023,0x8022,0x8422,0x8422,0x8022,0x8022,0x8022,0x8022,0x8022,0x8002,0x8002,
  0x8022,0x8002,0x8002,0x8002,0x8002,0x8002,0x8002,0x8002,0x8002,0x8002,0x8002,0x8022,0x8002,0x8002,0x8002,0x8002,
  0x8002,0x8002,0x8002,0x8002,0x8002,0x8002,0x8022,0x8022,0x8002,0x8002,0x8002,0x8022,0x8022,0x8022,0x8022,0x8022,
  0x8022,0x8022,0x8022,0x8022,0x8023,0x8022,0x8022,0x8022,0x8002,0x8022,0x8022,0x8002,0x8002,0x8002,0x8022,0x8022,
  0x8002,0x8002,0x8002,0x8002,0x8002,0x8002,0x8002,0x8002,0x8002,0x8002,0x8002,0x8002,0x8022,0x8002,0x8022,0x8022,
  0x8022,0x8022,0x8842,0xD100,0x8821,0x8442,0x8022,0x8022,0x8022,0x8002,0x8022,0x8023,0x8001,0xE736,0x90A6,0x8022,
  0x8022,0x8023,0x8023,0x8023,0x8023,0x8022,0x8022,0x8002,0xFFB5,0xF710,0xFEEE,0xBE33,0xD670,0xEEAF,0xB9CE,0x8465,
  0x8044,0x8044,0x8024,0x8023,0x8023,0x8023,0x8066,0x8466,0x8023,0x8044,0x8002,0x8002,0x8001,0x8001,0x8000,0x8065,
  0x8465,0x8067,0x8C85,0x8066,0x8066,0x84A7,0x84A8,0x88C9,0x8CEB,0x8086,0x8002,0x8000,0x8000,0x8466,0x8CEB,0x8D0C,
  0x912D,0x84C9,0x84A8,0x8045,0x8065,0x8066,0x8045,0x8886,0x8465,0x8001,0x8000,0x8000,0x8000,0x8001,0x8002,0x8023,
  0x8023,0x8422,0xA840,0xA040,0x8003,0x8023,0x8465,0x98C5,0x8023,0x8044,0x8045,0x90C8,0x90A8,0x8465,0x8044,0x8466,
  0x8886,0x8000,0x8001,0xACC2,0x9082,0x8443,0x8864,0xA8A2,0x9086,0x8C86,0x8464,0x8444,0x8443,0x8002,0xA860,0x8022,
  0x8023,0x8002,0x8023,0x8023,0x8842,0x8002,0x8445,0x8044,0x8001,0x8444,0x9084,0xB4C1,0x8865,0x8887,0x8C87,0x8022,
  0x8866,0xB0C2,0x9463,0x8001,0x8000,0x8000,0x8000,0x8000,0x8000,0x8000,0x8001,0x8022,0x8002,0x8002,0x8001,0x8000,
  0x8000,0x8000,0x8000,0xB4E0,0xB0E0,0x8001,0x8421,0xFFE6,0x9861,0x8022,0x8C21,0x8001,0x8000,0x8000,0x8001,0x8001,
  0x8000,0x8000,0x8021,0x90C8,0x94E9,0x8CA9,0x8001,0x8001,0x8000,0x8001,0x8001,0x8001,0x8002,0x8002,0x8023,0x8024,
  0xA211,0x80CF,0x80EF,0x80F0,0x80F1,0x81D6,0xA210,0x8531,0x8110,0x8110,0x8110,0x8111,0x8111,0x8110,0x8110,0x8110,
  0x8111,0x8111,0x8112,0x8112,0x8112,0x8111,0x8111,0x8111,0x8111,0x8111,0x80F1,0x80F1,0x8111,0x80F1,0x8111,0x8111,
  0x80F1,0x80F1,0x8111,0x8111,0x8111,0x8112,0x8112,0x8112,0x8112,0x8112,0x8113,0x8133,0x8DD9,0x80F1,0x80F1,0x8DB8,
  0x91B7,0x8555,0xA1D1,0xA612,0x9A32,0x9611,0x8572,0x91F3,0x9E11,0x9E11,0x9A31,0x9A11,0x9A10,0x9A11,0x9A11,0x9A31,
  0xA253,0xA253,0x8DD4,0x9A32,0xA253,0xA274,0xA274,0x9E74,0x9E33,0x9A11,0x9611,0x9610,0x9A10,0x9A10,0x9A10,0x9A10,
  0x9A10,0x9A10,0x9A10,0x9A10,0xA62D,0x9E0E,0x9A0F,0x89D2,0x8173,0xD739,0xDF7C,0xDF7C,0xE39D,0xDF7B,0xDF7B,0xE39C,
  0xE39C,0xCF5C,0xE79C,0xE39C,0xE39D,0xE7BD,0x81B7,0x85F7,0x8A16,0x9E73,0x9653,0x9235,0x9618,0xC318,0xB6D5,0xBAF6,
  0xDF9C,0xE79C,0xE7BC,0xEBBD,0xE39C,0xC35C,0x96DD,0xBF3B,0xBF3B,0xC33D,0xDFBF,0xDBBF,0xDBBF,0xDBBF,0xDFBF,0xDFBF,
  0xFBFF,0xFFFF,0xF7FF,0x837F,0x837F,0x833F,0x82DF,0x82BF,0x81FE,0x81BC,0x819B,0x8117,0x8179,0x8116,0x80F2,0x80F2,
  0x80AF,0x80CF,0x808C,0x808A,0x808B,0x808B,0x808A,0x8068,0x808B,0x8089,0x8067,0x8067,0x8067,0x8067,0x8068,0x8022,
  0x8066,0x8023,0x8023,0x8023,0x8023,0x8023,0x8023,0x8003,0x8023,0x8022,0x8022,0x8022,0x8022,0x8002,0x8002,0x8022,
  0x8023,0x8023,0x8023,0x8002,0x8002,0x8002,0x8002,0x8002,0x8002,0x8002,0x8002,0x8002,0x8022,0x8002,0x8002,0x8002,
  0x8022,0x8023,0x865B,0x8002,0x8002,0x8002,0x8002,0x8002,0x8022,0x8002,0x8022,0x8002,0x8002,0x8002,0x8022,0x8022,
  0x8022,0x8023,0x8443,0x8022,0xFBDB,0xFB93,0xFB96,0x90A5,0xFF4F,0xE68D,0xB211,0x8022,0x8044,0x8044,0x8445,0x8465,
  0x8044,0xE228,0x8002,0x8423,0x8442,0x8422,0x8442,0x8842,0x8842,0x8422,0x8022,0x8022,0x8022,0x8022,0x8002,0x8002,
  0x8002,0x8002,0x8002,0x8002,0x8002,0x8002,0x8002,0x8002,0x8002,0x8002,0x8022,0x8002,0x8002,0x8002,0x8002,0x8002,
  0x8002,0x8002,0x8002,0x8002,0x8002,0x8002,0x8002,0x8002,0x8022,0x8002,0x8002,0x8002,0x8002,0x8002,0x8002,0x8002,
  0x8002,0x8002,0x8022,0x8022,0x8022,0x8022,0x8022,0x8022,0x8022,0x8002,0x8002,0x8002,0x8002,0x8002,0x8002,0x8022,
  0x8002,0x8002,0x8002,0x8002,0x8002,0x8022,0x8002,0x8002,0x8002,0x8002,0x8002,0x8002,0x8022,0x8022,0x8022,0x8022,
  0x8022,0x8022,0x8C63,0xFFF7,0x9C61,0x8843,0x8443,0x8022,0x8022,0x8002,0x8001,0x8001,0x8000,0xFFB2,0x90A5,0x8022,
  0x8002,0x8022,0x8023,0x8023,0x8001,0x8023,0x8043,0x8023,0xFFD5,0xD22E,0xFF0F,0xD22D,0x8843,0x8464,0x8044,0x8045,
  0x8045,0x8022,0x8487,0x8087,0x84CA,0x8466,0x8001,0x8001,0x8001,0x8002,0x8001,0x8002,0x8002,0x8044,0x8022,0x88A8,
  0x88C9,0x8CCA,0x98E7,0xA56C,0xA56D,0xA54A,0x8000,0x8001,0x8001,0x8000,0x8000,0x8001,0x8065,0x8046,0x8045,0x8023,
  0x8044,0x84CA,0x84A9,0x80A9,0x8064,0x8000,0x8001,0x8001,0x8400,0x8C00,0x9800,0x9000,0x8000,0xFFC2,0xD980,0x8044,
  0x8022,0x8402,0xF262,0xB4C1,0x8023,0x8022,0x8421,0x8821,0x8001,0x8001,0x8002,0x8002,0x8002,0x8002,0x8001,0x8000,
  0x8000,0x8000,0x8000,0x8000,0x8000,0x8022,0x8421,0x8422,0x8423,0x8022,0x8022,0x8021,0x8001,0x8001,0x8021,0x8043,
  0x8023,0x8023,0x8023,0x8002,0x8021,0x8001,0x8001,0x8001,0x8000,0x8000,0x8000,0x8000,0x8001,0x8001,0x8001,0x8000,
  0x8000,0x8C41,0x8001,0x8000,0x8000,0x8443,0x8421,0x8464,0x8045,0x8045,0x9483,0xB505,0x8C64,0x9462,0x8422,0x8000,
  0x8000,0x8000,0x8000,0x8001,0x8002,0x8002,0x8002,0x8022,0x8001,0x8001,0xEA01,0x8001,0x8001,0x8001,0x8001,0x8001,
  0x8001,0x8001,0x8001,0x8001,0x8444,0x8002,0x94C8,0x94C9,0x8C87,0x90C9,0x8001,0x8001,0x8002,0x8001,0x8001,0x8001,
  0x8DB2,0x91D4,0x8111,0x80F1,0x80F1,0x85F5,0x9E11,0xAA2F,0xA60F,0xD70E,0x8111,0x8111,0x8111,0x8110,0x8110,0x8110,
  0x8111,0x8111,0x8111,0x8111,0x8111,0x8111,0x8111,0x8111,0x80F1,0x8111,0x80F1,0x80F1,0x8111,0x80F1,0x8111,0x8111,
  0x80F1,0x8111,0x80F1,0x80F1,0x8111,0x8111,0x8111,0x8111,0x8112,0x8112,0x8133,0x8997,0x8DB8,0x91D8,0x80D0,0x89B8,
  0xF36C,0xDEEC,0xC28E,0xA1F0,0x8112,0x8193,0x8DD3,0x9613,0x9A12,0x9A12,0x85B2,0xA210,0x99F2,0x9A11,0x9E11,0x9E11,
  0x9E32,0x9A32,0xA253,0x9E52,0x8133,0x8994,0x9E34,0x9E35,0xBAD9,0xF3DB,0x9DF2,0x9A10,0x9A10,0x9A10,0x9A10,0x9A10,
  0x9A10,0x9A10,0x9A10,0x9E10,0xA22E,0xA22E,0x9E2E,0x9E2F,0x89D2,0x8193,0x8174,0x8196,0xEFB9,0xDF79,0xC31A,0xB2BB,
  0xC2FC,0xC71C,0xE7BD,0xC31B,0xDB7D,0xE7BD,0xEBDD,0xB6D8,0x9636,0x9A74,0xBAF4,0x9A33,0x8DD7,0x95F5,0xAE92,0xB2B3,
  0xC716,0xDB7A,0xE3BD,0xE39C,0xDF9C,0xDF9C,0xDF9C,0xE3BC,0xE39C,0xBF3D,0xC35D,0xD39E,0xCB7E,0xDB9E,0xDFBF,0xE3BF,
  0xDFBF,0xDFBF,0xEFDF,0xF7FF,0xB3DF,0x9BDF,0x83BF,0x835F,0x823F,0x825F,0x81DE,0x815A,0x817B,0x817B,0x8114,0x8115,
  0x80CF,0x80D0,0x80D0,0x80CF,0x80AC,0x808B,0x80AB,0x8068,0x808B,0x808A,0x8067,0x8067,0x8067,0x8067,0x8067,0x8067,
  0x8067,0x8066,0x8067,0x8046,0x8023,0x8024,0x8023,0x8023,0x8023,0x8045,0x8022,0x8023,0x8023,0x8022,0x8002,0x8023,
  0x8023,0x8023,0x8023,0x8002,0x8002,0x8002,0x8002,0x80EE,0x8002,0x8002,0x8002,0x8002,0x8022,0x8002,0x8002,0x8002,
  0x8023,0x8023,0x8022,0x8003,0x8024,0x8023,0x8023,0x8002,0x8002,0x8002,0x8002,0x8002,0x8002,0x8022,0x8022,0x8022,
  0x8022,0x8443,0x8443,0x8422,0xFF4C,0xDA6F,0xA5AD,0x8443,0xDEB2,0xADF3,0x84A7,0x8002,0x8022,0x8002,0x8023,0x8002,
  0x8444,0x8865,0x8C85,0x8842,0x9042,0x8C42,0x8C42,0xA060,0xA860,0x8442,0x8422,0x8022,0x8023,0x8022,0x8022,0x8002,
  0x8002,0x8002,0x8002,0x8002,0x8022,0x8002,0x8002,0x8002,0x8002,0x8002,0x8002,0x8002,0x8022,0x80EE,0x8004,0x8002,
  0x8002,0x8002,0x8002,0x8002,0x8002,0x8002,0x8002,0x8022,0x8022,0x8002,0x8002,0x8002,0x8002,0x8002,0x8002,0x8002,
  0x8002,0x8022,0x8022,0x8022,0x8022,0x8022,0x8022,0x8002,0x8002,0x8002,0x8022,0x8002,0x8022,0x8002,0x8022,0x8002,
  0x8002,0x8002,0x8022,0x8022,0x8022,0x8022,0x8022,0x8002,0x8002,0x8022,0x8002,0x8022,0x8022,0x8022,0x8022,0x8022,
  0x8022,0x8022,0x8443,0xEAD1,0x8023,0x8444,0x8443,0x8043,0x8022,0x8002,0x8001,0x8001,0xF777,0x9D91,0xA16F,0x8024,
  0x8002,0x8002,0x8422,0x8001,0xFF4F,0x8442,0x8022,0x8002,0xFFD5,0xF6EF,0x8843,0x8044,0x8064,0x8044,0x8001,0x8022,
  0x8044,0x8065,0x8487,0x84A8,0x8466,0x8001,0x8001,0x8001,0x8000,0x8023,0x8001,0x8001,0x8002,0x8022,0x88EB,0x88EA,
  0x88EA,0x8487,0x8087,0x8044,0x8023,0x8001,0x8000,0x8000,0x8000,0x8000,0x8000,0x8022,0x8001,0x8000,0x8000,0x8000,
  0x80EB,0x80CB,0x80EB,0x8000,0x8000,0x8000,0x9440,0x8801,0xD4E1,0xFBBF,0xFB90,0xBC60,0x8421,0xC900,0x9C40,0x8000,
  0x8000,0x8000,0x8000,0x8000,0x8000,0x8001,0x8001,0x8001,0x8001,0x8001,0x8001,0x8864,0x8865,0x8865,0x8444,0x8000,
  0x8844,0x98E9,0x8865,0x8C86,0x8C87,0x94C7,0x98C7,0x94A6,0x8CA6,0x8CA6,0x90C7,0x94C8,0x90C8,0x94E8,0x94E8,0x98E8,
  0x8887,0x8887,0x8887,0x8887,0xB4E2,0xA4E4,0x8865,0x8865,0x8C86,0x90A6,0x9085,0xA0C4,0xA8C3,0x9084,0x8444,0x8443,
  0x8422,0x8021,0x8001,0x8001,0x8001,0x8001,0x8001,0x8000,0x8001,0x8001,0x8001,0x8001,0x8000,0x9441,0x8443,0x8000,
  0x8000,0x8C42,0xA082,0xA8E5,0x8024,0x8487,0x8886,0x8001,0x8001,0x8000,0x8000,0x8000,0x8001,0x8002,0x8022,0x8002,
  0x8001,0x8001,0x8001,0x8001,0x8002,0x8002,0xA14C,0x98EA,0x8000,0x8000,0x8001,0x8002,0x8487,0x8001,0x8001,0x8001,
  0xF329,0x9DF3,0x99F2,0x8552,0x80D0,0x8111,0x8172,0xBE8F,0xD730,0x95F2,0x8131,0x8111,0x8110,0x8110,0x8110,0x8110,
  0x8110,0x8111,0x8111,0x8111,0x8111,0x8111,0x8111,0x8111,0x8111,0x8110,0x8111,0x8111,0x80F0,0x80F0,0x8111,0x8111,
  0x8111,0x80F1,0x80F1,0x8111,0x8111,0x8111,0x8111,0x8996,0x8996,0x8D97,0x8DB7,0x91D9,0x91D8,0x8DD8,0x8DD8,0x8113,
  0xAA55,0x95F7,0x91B0,0xA610,0x9A10,0x9A30,0x9A31,0x89D3,0x9A12,0x89B2,0x91F1,0x91D0,0xA5EF,0xA9F0,0xF309,0x9E10,
  0x9E11,0x89B4,0x91D4,0xA232,0x8573,0x8152,0x8131,0x8193,0x9614,0x91F2,0x9A14,0xEFBB,0xB2D7,0x8DF4,0x8593,0x9A11,
  0x9A10,0x9A10,0x9A10,0x9A10,0x9A0F,0x9A0F,0x9A0F,0xA64F,0xA22F,0xA24F,0x8194,0x8194,0x8971,0xAA0E,0xC73A,0xAABB,
  0xBEFC,0xCB3C,0xE79D,0xEBBE,0xEFBD,0xDB7C,0xE3BD,0xE3BD,0xEFDC,0x9E54,0x9A52,0x9A52,0x9A32,0x9E51,0x8DD3,0x9214,
  0xA293,0xA6B5,0xAE94,0xAEB3,0xDB7A,0xD77A,0xD77A,0xD779,0xDF9A,0xDF9B,0xCF7D,0xD39E,0xC75D,0xC75D,0xC73D,0xCB7D,
  0xDFBE,0xDFBF,0xE3BF,0xDFBF,0xDFBF,0xFFFF,0xB3BF,0x9BBF,0x837F,0x837F,0x831F,0x821E,0x821F,0x821F,0x8159,0x8179,
  0x8157,0x8136,0x8116,0x80CF,0x80F0,0x80CF,0x80CE,0x80AD,0x808A,0x808A,0x808A,0x80AA,0x8066,0x80AA,0x8068,0x8088,
  0x8067,0x8046,0x8024,0x8067,0x8024,0x8024,0x8023,0x8023,0x8023,0x8023,0x8023,0x8023,0x8023,0x8002,0x8002,0x8022,
  0x8023,0x8023,0x8023,0x8003,0x8023,0x8023,0x8023,0x8002,0x8002,0x8002,0x8002,0x8002,0x8002,0x8022,0x8002,0x8002,
  0x8022,0x8002,0x8002,0x8002,0x8046,0x8002,0x8002,0x8002,0x8002,0x8002,0x8002,0x8002,0x8002,0x8022,0x8022,0x8023,
  0x8022,0x8442,0x8C42,0xFF8E,0xDE6D,0xA9D4,0x8465,0x8023,0xBA76,0xA9D2,0x8023,0x8002,0x8022,0x8002,0x8002,0x8022,
  0x8022,0x8044,0x8444,0x8C22,0xEE85,0x9461,0x9462,0xE626,0xD9E6,0x8842,0x8422,0x8422,0x8022,0x8022,0x8022,0x8002,
  0x8002,0x8002,0x8002,0x8002,0x8002,0x8002,0x8002,0x8022,0x8022,0x8002,0x8002,0x8002,0x8002,0x8002,0x8002,0x8002,
  0x8002,0x8002,0x8002,0x8002,0x8002,0x8002,0x8002,0x8022,0x8002,0x8002,0x8002,0x8002,0x8002,0x8002,0x8002,0x8002,
  0x8002,0x8002,0x8002,0x8022,0x8022,0x8002,0x8022,0x8002,0x8002,0x8002,0x8022,0x8002,0x8002,0x8002,0x8022,0x8002,
  0x8022,0x8002,0x8022,0x8002,0x8002,0x8022,0x8002,0x8002,0x8002,0x8002,0x8022,0x8022,0x8022,0x8022,0x8022,0x8023,
  0x8023,0x8022,0x8022,0xCE94,0x8002,0x8021,0xDEAB,0xD1C3,0x8443,0x8023,0x8022,0x8022,0xCA95,0x914F,0x8024,0x8067,
  0x8022,0x8021,0xFB71,0xFFF8,0x9D07,0xB1AD,0xB9CD,0x8003,0xFFB7,0x8024,0x8065,0x8065,0x8466,0x8466,0x8023,0x8023,
  0x8466,0x8487,0x8466,0x8002,0x8002,0x8002,0x8002,0x8002,0x8023,0x8465,0x8044,0x8001,0x8001,0x990A,0xBA11,0x8045,
  0x8044,0x8CEA,0x8CC9,0x8CC8,0x88A8,0x8001,0x8000,0x8001,0x8001,0x8000,0x84A7,0x8001,0x8001,0x8000,0x8000,0x80CA,
  0x80A8,0x8000,0x8821,0xACA0,0xFB26,0xFBDD,0xEDC0,0x8021,0x8000,0x8001,0x8001,0x8001,0x8421,0x8001,0x8000,0x8000,
  0x8001,0x8864,0x94E9,0xA14C,0xA14C,0x98EA,0x9D0B,0x9D2B,0x9D2B,0x8024,0x8002,0xA54B,0xA54B,0x8465,0x8465,0x8002,
  0x94A7,0x8045,0x8487,0x8866,0x8445,0x8465,0x8465,0x8465,0x8445,0x8865,0x8866,0x8886,0x8886,0x8887,0x8887,0x8887,
  0x8445,0x8887,0x8465,0x8866,0x8865,0x8866,0x8866,0x8865,0x8886,0x8886,0x8886,0x8885,0x8865,0x8465,0x8465,0x8866,
  0x8866,0x98C7,0x94C7,0x8001,0x8465,0x8466,0x8465,0x8465,0x8466,0x8886,0x8C86,0x8464,0x8043,0x8443,0x8001,0x8001,
  0x8001,0x8001,0x8001,0x8001,0x8002,0x8002,0x8023,0x8001,0x8000,0x8865,0x8843,0x8865,0x8865,0x8002,0x8001,0x8023,
  0x8023,0x8002,0x8001,0x8001,0x8001,0x8001,0x8C86,0x990A,0x990A,0x94EA,0x8887,0x8001,0x8002,0x8023,0x910A,0x8444,
  0x99F2,0xBA0C,0xA1AF,0x9190,0x80CF,0x80F0,0xAE6E,0xB24E,0xB66F,0x91F3,0x8552,0x8111,0x8111,0x8110,0x8110,0x8110,
  0x8110,0x8110,0x8110,0x8551,0x8551,0x80F0,0x8111,0x8111,0x8111,0x8111,0x8111,0x8110,0x80F0,0x80F0,0x80F0,0x80F0,
  0x8111,0x8111,0x8111,0x8111,0x8111,0x8111,0x8111,0x80F1,0x8DB8,0x8DB8,0x8134,0x8154,0x8996,0x91D8,0x91D9,0x8597,
  0x8DD8,0x8DD7,0x8DB3,0xD6AD,0x9E0F,0xA62F,0xA250,0x89D1,0x9E31,0x8130,0x8991,0x8D90,0x8991,0xA5F1,0xE2AA,0x99F1,
  0x99F1,0x8DB3,0x99F1,0x95F1,0x8992,0x8152,0x91CF,0x8130,0x8591,0x91B0,0x95F2,0xAA75,0xA277,0xAE77,0x95D4,0x99F1,
  0x8592,0x8154,0x95D2,0x95F2,0x9A10,0x9A10,0x9A0F,0x9A0F,0x9A0F,0x9E2F,0x9E2F,0x8592,0x8153,0xAE30,0xCB37,0xAA99,
  0x961A,0xC71C,0xC71B,0xEFDE,0xEBBE,0xC71B,0xD35C,0xDF9C,0xEBBB,0xDB99,0xAEB2,0x9A51,0x9E31,0x9A31,0x89B5,0x85D5,
  0xB2B3,0xC318,0xAA74,0xAA92,0xC736,0xD778,0xC716,0xCB33,0xBEF4,0xDB79,0xDB9A,0xCB39,0xEBBC,0xDB7B,0xCF5C,0xDB9D,
  0xBB1D,0xDB9F,0xDB9F,0xDBBF,0xDF9F,0xDFBF,0xF3FF,0xFFFF,0xFBFF,0x8BBF,0x837F,0x831F,0x82BF,0x82BF,0x81DE,0x81FE,
  0x815A,0x8138,0x8159,0x8116,0x8114,0x80F1,0x80F1,0x80CE,0x80AC,0x80AC,0x808A,0x80AB,0x8047,0x80CC,0x8067,0x8068,
  0x8068,0x8067,0x8046,0x8067,0x8067,0x8045,0x8066,0x8023,0x8023,0x8023,0x8023,0x8023,0x8023,0x8023,0x8002,0x8023,
  0x8023,0x8023,0x8023,0x8022,0x8023,0x8023,0x8023,0x8023,0x8002,0x8002,0x8002,0x8002,0x8002,0x8002,0x8002,0x8002,
  0x8002,0x8002,0x8002,0x8002,0x8002,0x8002,0x8002,0x8002,0x8023,0x8002,0x8002,0x8002,0x8022,0x8002,0x8022,0x8023,
  0x8443,0x8443,0xACA2,0xFB2B,0xB5D2,0xA1B2,0x8465,0x8022,0xB655,0x8465,0x8022,0x8022,0x8045,0x8045,0x8002,0x8023,
  0x8022,0x8044,0x8444,0x8422,0xFFEA,0x9461,0x9461,0xF753,0xF2CE,0x8841,0x8422,0x8422,0x8022,0x8022,0x8022,0x8002,
  0x8002,0x8002,0x8002,0x8002,0x8022,0x8002,0x8002,0x8002,0x8002,0x8002,0x8002,0x8002,0x8002,0x8002,0x8002,0x8002,
  0x8002,0x8002,0x8002,0x8002,0x8002,0x8002,0x8022,0x8022,0x8002,0x8022,0x8002,0x8002,0x8002,0x8002,0x8002,0x8002,
  0x8022,0x8002,0x8002,0x8002,0x8002,0x8002,0x8002,0x8002,0x8002,0x8002,0x8002,0x8002,0x8002,0x8002,0x8022,0x8002,
  0x8002,0x8002,0x8002,0x8002,0x8002,0x8002,0x8022,0x8002,0x8002,0x8022,0x8022,0x8022,0x8022,0x8023,0x8023,0x8023,
  0x8023,0x8023,0x8023,0xC275,0x8001,0x8000,0xB588,0xA4C5,0x8423,0x8443,0x8001,0x8000,0xAE54,0x954E,0x8421,0x8022,
  0x8022,0xA0C4,0xC60D,0x8487,0x8044,0x8024,0x8003,0x8024,0x9D4C,0x8C65,0x8466,0x8486,0x8487,0x8466,0x8487,0x8466,
  0x8466,0x8466,0x8000,0x8001,0x8445,0x8465,0x8002,0x8002,0x8001,0x8001,0x8001,0x8001,0x8001,0x8023,0x990A,0x9D4C,
  0x8465,0x8023,0x8002,0x8002,0x8466,0x8066,0x8045,0x8023,0x8002,0x8001,0x8487,0x8087,0x8066,0x8045,0x8002,0x80A9,
  0x8066,0x8400,0x9820,0xFFA6,0xB880,0x9C40,0x8800,0x8000,0x8000,0x8001,0x94A4,0xA528,0xA12A,0xA12B,0x8001,0xA12B,
  0xA96E,0xA98E,0xA14D,0x9D2C,0x9D2B,0x990A,0x9D0B,0x9D2B,0x9D0B,0x8023,0x8002,0xA54C,0x8465,0x8465,0x8466,0x8022,
  0x98C8,0x8467,0x8887,0x8886,0x8465,0x8465,0x8465,0x8465,0x8866,0x8886,0x8866,0x8886,0x8886,0x8886,0x8886,0x8886,
  0x8886,0x8886,0x8466,0x8866,0x8866,0x8866,0x8866,0x8886,0x8886,0x8C86,0x94A5,0x8866,0x8886,0x8865,0x8865,0x8886,
  0x8886,0x8887,0x8CA8,0x8001,0x8445,0x8865,0x8865,0x8866,0x8444,0x8886,0x8C86,0x8C65,0x8465,0x8865,0x8022,0x8022,
  0x8866,0x8886,0x8865,0x94A4,0x8044,0x8444,0x8022,0x8000,0x8000,0x8000,0x8000,0x8001,0x8444,0x8464,0xC102,0x9021,
  0x8022,0x8044,0x8001,0x8001,0x8001,0x8886,0x8023,0x8001,0x8000,0x8000,0x8002,0x8002,0x8065,0x84A7,0x8002,0x8024,
  0x8DB4,0x95B3,0xD207,0xB20D,0xBE4A,0xB62A,0xAE0B,0xB24D,0xB22D,0x8154,0x8153,0x85B4,0x8110,0x8110,0x80EF,0x8110,
  0x80F0,0x80F0,0x80EF,0x8110,0x8110,0x89D2,0x8110,0x8111,0x8111,0x80F0,0x8111,0x8110,0x8110,0x80F0,0x80F0,0x80F0,
  0x80F0,0x80F0,0x80F0,0x80F0,0x80F1,0x8110,0x80EF,0x8111,0x8112,0x8112,0x80F1,0x80F1,0x80F1,0x89B7,0x8DD8,0x8DD9,
  0x8155,0x8597,0x8575,0xEACD,0xF70B,0xDEAB,0xA62F,0xB24F,0x99CF,0x99EF,0x9DF0,0x9E10,0xA20F,0xDEEB,0x9590,0x91D0,
  0x9DD0,0xEEE9,0x99F1,0x91D1,0x8591,0x8170,0x95EE,0x95EF,0x95CF,0x812F,0x99F1,0x9612,0xA253,0xDB7B,0x9A36,0x9E54,
  0x9E32,0x8572,0x8132,0x8152,0x95F2,0x9E10,0x9A10,0x9A0F,0x9A0F,0x9A0F,0x9A0F,0x9A10,0x8174,0x8194,0x8195,0x8193,
  0x8156,0xDB7B,0xCB1B,0xBEB8,0xCF3C,0xD77D,0xDB7D,0xAA72,0xA650,0xE39A,0xE39B,0xEB9B,0x9E51,0x9E51,0xA694,0x9E54,
  0xA271,0xA292,0x91F6,0xAA73,0xA691,0xAA71,0x9235,0x8A36,0x8637,0xDB98,0xD757,0xD758,0xE39A,0xDB7A,0xCB59,0xE7BD,
  0xD77D,0xB6FD,0xC33E,0xBB1D,0xDFBF,0xE3BF,0xE3BF,0xE3BF,0xDFBF,0xF7FF,0xF3DF,0x933F,0x8B5F,0x879F,0x82FF,0x837F,
  0x821F,0x81DD,0x81FE,0x817A,0x8157,0x8115,0x8117,0x80F3,0x80F2,0x80AD,0x80AD,0x808B,0x808B,0x808B,0x8089,0x8089,
  0x8089,0x8068,0x8067,0x80AB,0x8067,0x8046,0x8045,0x8067,0x8046,0x8003,0x8023,0x8023,0x8023,0x8023,0x8046,0x8024,
  0x8022,0x8022,0x8022,0x8002,0x8002,0x8023,0x8023,0x8023,0x8002,0x8002,0x8002,0x8001,0x8001,0x8023,0x8002,0x8002,
  0x8002,0x8002,0x8002,0x8002,0x8002,0x8002,0x8023,0x8022,0x8022,0x8001,0x8001,0x8002,0x8022,0x8022,0x8022,0x8023,
  0x8443,0x8442,0xFFB0,0xFF6E,0x9192,0x8023,0x8023,0x8000,0xAA13,0x8001,0x8001,0x8001,0x8044,0x8065,0x8045,0x8466,
  0x8023,0x8044,0x8865,0x8842,0x9062,0x9C40,0x9861,0xD121,0xC4E0,0x8842,0x8842,0x8442,0x8022,0x8022,0x8022,0x8002,
  0x8002,0x8002,0x8002,0x8002,0x8002,0x8002,0x8002,0x8002,0x8002,0x8002,0x8002,0x8002,0x8002,0x8002,0x8002,0x8002,
  0x8002,0x8002,0x8002,0x8002,0x8002,0x8002,0x8023,0x8023,0x8022,0x8022,0x8002,0x8002,0x8002,0x8002,0x8002,0x8002,
  0x8002,0x8002,0x8002,0x8002,0x8002,0x8002,0x8002,0x8002,0x8002,0x8002,0x8002,0x8002,0x8002,0x8002,0x8002,0x8002,
  0x8002,0x8002,0x8002,0x8002,0x8002,0x8002,0x8002,0x8022,0x8002,0x8022,0x8022,0x8022,0x8022,0x8023,0x8443,0x8000,
  0x8022,0x8023,0x8022,0xAA36,0x8001,0x8000,0x90EB,0x8CCA,0x8023,0x8002,0xFFB5,0xFFD7,0xFF97,0xFB97,0xC295,0xCA95,
  0xE6F3,0xFB2F,0xCE2F,0xB18B,0xB58B,0x8C86,0x8885,0xA529,0x90A7,0xD251,0x9CE8,0x8887,0x88A8,0x88A8,0x8887,0x8466,
  0x8887,0x8886,0x8002,0x8001,0x8000,0x8024,0x8466,0x8466,0x8002,0x8022,0x8002,0x8002,0x8001,0x8001,0x8000,0x8444,
  0xCE72,0x98C9,0xA508,0x8045,0x8025,0x8024,0x8044,0x8065,0x8066,0x80A8,0x8066,0x80A8,0x84A8,0x8487,0x8001,0x8000,
  0x9C60,0xF662,0x8820,0x8400,0x8000,0x8000,0x990A,0x8025,0xDA90,0xA56F,0xF667,0xDA4C,0xA56E,0xA98E,0x8022,0xBDCE,
  0xB1AF,0xB1AF,0xA12C,0xA12C,0x9D2C,0x990A,0xA12B,0x9D2B,0x90C8,0x8002,0x8022,0xA94C,0x8866,0x8466,0x8466,0x8002,
  0x94C8,0x8465,0x8887,0x8887,0x8886,0x8886,0x8886,0x8886,0x8866,0x8886,0x8866,0x8465,0x8886,0x8886,0x8886,0x8024,
  0x8866,0x8866,0x8866,0x8866,0x8866,0x8866,0x8866,0x8886,0x8886,0x8886,0x8C86,0x8866,0x8866,0x8465,0x90A5,0x8045,
  0x8466,0x98C4,0x90A6,0x8000,0x8465,0x8866,0x8866,0x8866,0x8886,0x8886,0x8C85,0x9085,0x8465,0x8465,0x8023,0x8022,
  0x8866,0x8865,0x8865,0xA4C4,0x8865,0x8865,0x8444,0x8465,0x8465,0x8444,0x8065,0x8023,0x8001,0x8000,0x8420,0x8000,
  0x9042,0x8843,0x8001,0x8002,0x8001,0x8001,0x8886,0x8466,0x8487,0x84A8,0x8001,0x8000,0x950B,0x950B,0x910B,0x910B,
  0x80AE,0x9193,0xA18F,0xBDED,0xF36E,0xBE2A,0x956D,0x916D,0x8991,0xBA2C,0x80F1,0x80F0,0x80F0,0x8153,0x8DD5,0x80F0,
  0x8110,0x80EF,0x80EF,0x8110,0x8111,0x8110,0x8E16,0x8DB5,0x8DD6,0x95F6,0x8110,0x8110,0x8110,0x80F0,0x80F0,0x80F0,
  0x80F0,0x80F0,0x80F0,0x80F0,0x80F0,0x80F0,0x80EF,0x8110,0x8111,0x8111,0x80F1,0x8111,0x80F2,0x8112,0x8134,0x8DD9,
  0x89B8,0x808D,0x80F0,0x8196,0x8533,0x8D2E,0xEF2D,0xF76C,0x9150,0xA1AF,0xF76D,0x9E10,0x99EF,0x9E0E,0xC68C,0xA5ED,
  0x95AF,0x91B0,0x8532,0x8D73,0xC5EC,0x9590,0xB22C,0x95CF,0x91F0,0x8DD2,0x8550,0x9612,0x9611,0x9632,0xEFDD,0x9634,
  0x9E53,0x9A53,0x9E32,0x9A32,0x8173,0x8133,0x95D1,0x9A0F,0x9A0F,0x9A0F,0x9A0F,0x9E0F,0x9E30,0x9E2F,0x8174,0x9A2F,
  0x91D2,0x8137,0xAA92,0x9613,0xB2BA,0xBEFB,0xCF5C,0xE7BE,0xE3BC,0xA274,0xA673,0xAA73,0xEBDB,0xA693,0xE39C,0xA674,
  0xA692,0xA292,0x9A35,0x89D5,0xAA91,0xAA91,0xE770,0x8E37,0x8A59,0x867C,0x8E7C,0x8E7C,0x925C,0xDF7A,0xDB78,0x823C,
  0x929C,0xDF78,0xDF78,0xDB7A,0xDB9E,0xD79F,0xDBBF,0xE3BF,0xDFBF,0xDBBF,0xDB9F,0xF3DF,0xFBFF,0x979F,0x8FBF,0x839F,
  0x82BF,0x829F,0x823F,0x81FD,0x81BC,0x81BD,0x8137,0x8138,0x80F4,0x80D1,0x80AE,0x80D0,0x80AE,0x80AB,0x808B,0x80AB,
  0x808A,0x8046,0x8068,0x8068,0x8067,0x8067,0x8067,0x8045,0x8046,0x8045,0x8067,0x8025,0x8023,0x8023,0x8023,0x8023,
  0x8023,0x8022,0x8022,0x8023,0x8023,0x8023,0x8023,0x8023,0x8023,0x8022,0x8002,0x8002,0x8001,0x8023,0x8002,0x8023,
  0x8002,0x8002,0x8002,0x8002,0x8002,0x8002,0x8002,0x8022,0x8002,0x8001,0x8002,0x8002,0x8002,0x8022,0x8023,0x8023,
  0x8023,0xB546,0xFF4F,0xE315,0xBE97,0x850C,0x8000,0x8000,0x9DB0,0x8001,0x8001,0x8001,0x8044,0x8045,0x8044,0x8023,
  0x8023,0x8445,0x8C85,0x9063,0x9041,0xEDE0,0x9861,0xB4C1,0xB4C1,0x8842,0x8842,0x8442,0x8022,0x8022,0x8022,0x8002,
  0x8002,0x8002,0x8002,0x8002,0x8002,0x8002,0x8002,0x8002,0x8002,0x8002,0x8002,0x8002,0x8002,0x8002,0x8002,0x8002,
  0x8022,0x8002,0x8002,0x8022,0x8022,0x8022,0x8023,0x8023,0x8023,0x8022,0x8022,0x8002,0x8022,0x8002,0x8002,0x8002,
  0x8002,0x8002,0x8002,0x8002,0x8002,0x8022,0x8002,0x8002,0x8002,0x8002,0x8002,0x8002,0x8002,0x8022,0x8002,0x8002,
  0x8002,0x8022,0x8002,0x8002,0x8002,0x8002,0x8002,0x8002,0x8022,0x8022,0x8022,0x8022,0x8022,0x8443,0x8002,0xF6EA,
  0x8442,0x8043,0x9D2A,0xFFFA,0xFFB4,0xFF91,0xFF51,0xFB74,0xBE13,0xB213,0xB613,0xA54E,0xA1B1,0x8022,0x9D6F,0x992C,
  0x992B,0x9D2B,0x8486,0x8065,0x8065,0x8045,0x8465,0x8023,0x8465,0x8465,0x9CE9,0xB16C,0xA10A,0x88A8,0x8487,0x8887,
  0x8887,0x8886,0x8887,0x8886,0x8002,0x8001,0x8045,0x8045,0x8466,0x8465,0x8022,0x8001,0x8001,0x8001,0x8001,0x8001,
  0x8001,0x8423,0xF2CC,0x950B,0x990B,0x952C,0x88A8,0x8065,0x8066,0x892A,0x8045,0x890C,0x890C,0x890D,0x80AA,0x8001,
  0x8420,0xACE1,0x8420,0x8C42,0xFB33,0xDEB3,0xC252,0x8445,0xFB51,0xA98F,0xFA87,0xA56D,0xA56D,0xA96D,0x8022,0xBDEE,
  0xB1AE,0xA14D,0x9D2C,0xA12C,0xA12C,0xA14C,0xA14C,0xA12C,0x9D2B,0x8002,0x8023,0xA94C,0x8886,0x8886,0x8466,0x8002,
  0x90A8,0x8023,0x8886,0x8886,0x8886,0x8887,0x8887,0x8886,0x8886,0x8866,0x8866,0x8866,0x8886,0x8886,0x8886,0x8886,
  0x8866,0x8866,0x8866,0x8886,0x8886,0x8886,0x8886,0x8886,0x8866,0x8866,0x8866,0x8866,0x8866,0x8886,0x8866,0x8045,
  0x8466,0x90A4,0x90A5,0x8001,0x8866,0x8866,0x8866,0x8444,0x8866,0x8866,0x8865,0x8865,0x8866,0x8866,0x8022,0x8022,
  0x8866,0x8865,0x8865,0x8864,0x8865,0x8864,0x8023,0x8465,0x8465,0x8465,0x8487,0x8887,0x8CA6,0x8023,0x8001,0x8001,
  0x8001,0x8C43,0x8001,0x8002,0x8001,0x8001,0x8487,0x8044,0x8487,0x8CEB,0x8CEC,0x8001,0x8000,0x992C,0x910B,0x950A,
  0x8112,0x80CF,0x80F1,0x994F,0xEAA6,0xB5CC,0x954D,0xA18E,0x80F0,0x852F,0x99CD,0x9DCD,0x810F,0x856F,0xA60B,0x95CE,
  0x8152,0x8132,0x8110,0x8111,0x8111,0x8131,0x8572,0x9DAF,0xC22E,0x85D7,0x85B7,0x8110,0x8111,0x80EF,0x80EF,0x80F0,
  0x80F0,0x80F0,0x80F0,0x80F0,0x80F0,0x80EE,0x80EF,0x8112,0x8111,0x80F0,0x8595,0x89D7,0x8133,0x80F2,0x8112,0x8112,
  0x8113,0x8155,0x80F0,0x8197,0x8197,0x8532,0xB673,0x8951,0x8112,0x8115,0x8534,0x95B0,0xADED,0xA5CD,0x856E,0x896E,
  0x8D8F,0x8D8F,0x8572,0x8533,0xA58D,0x9D8F,0xBE0B,0xA210,0x91D0,0x95F3,0x95D2,0x8592,0x95F0,0x9611,0x95F0,0xCF38,
  0xDF9D,0xCB39,0x9633,0x9A32,0x9631,0x89B0,0x8553,0x8572,0x9A10,0x9A0F,0x9E2F,0x9A0F,0x9E2F,0x9E2F,0x9A10,0x9E2F,
  0x9E2F,0x9A30,0x89D3,0x8573,0x8155,0x8997,0xBEFB,0xE7BE,0xE7BD,0xDB7B,0xCB39,0xAA72,0xAA71,0xAA92,0xD338,0xC6F6,
  0xA692,0xA270,0xC73A,0x9E58,0xAAB1,0xAEB2,0xA694,0xE79B,0xE39C,0x8A5B,0x8E5B,0x8E5C,0x8A5C,0x9E9B,0x96BC,0xDB76,
  0x8A7B,0xB6FA,0xCF59,0xE378,0x8E9E,0x96BE,0xCB7F,0xD39F,0xB2FE,0xD37F,0xDFBF,0xDFBF,0xDFBF,0xEFDF,0xFFFF,0x8FBF,
  0x839F,0x87BF,0x82BF,0x827F,0x825F,0x81FF,0x817B,0x817C,0x8136,0x8117,0x80D2,0x80F2,0x80AF,0x80AE,0x80CE,0x80AD,
  0x808A,0x808B,0x808A,0x8089,0x8067,0x8068,0x8068,0x8068,0x8067,0x8046,0x8067,0x8046,0x8023,0x8067,0x8023,0x8023,
  0x8023,0x8023,0x8023,0x8023,0x8023,0x8023,0x8023,0x8023,0x8022,0x8023,0x8002,0x8002,0x8002,0x8002,0x8002,0x8003,
  0x8002,0x8002,0x8002,0x8002,0x8002,0x8002,0x8002,0x8002,0x8002,0x8001,0x8002,0x8002,0x8022,0x8022,0x8023,0x8023,
  0x8022,0xB168,0xCE94,0xA615,0xB675,0x8068,0x8001,0x8000,0x9DB0,0x8000,0x8001,0x8023,0x8044,0x8045,0x8044,0x8002,
  0x8023,0x8044,0x8C85,0x9063,0x8C42,0xFF43,0xAC81,0xBCE1,0xB8E1,0x8842,0x8842,0x8442,0x8022,0x8022,0x8022,0x8002,
  0x8002,0x8002,0x8002,0x8002,0x8002,0x8002,0x8002,0x8022,0x8002,0x8002,0x8002,0x8002,0x8002,0x8002,0x8002,0x8002,
  0x8002,0x8002,0x8002,0x8022,0x8023,0x8023,0x8024,0x8024,0x8023,0x8023,0x8022,0x8002,0x8002,0x8002,0x8002,0x8002,
  0x8002,0x8002,0x8002,0x8002,0x8002,0x8002,0x8002,0x8002,0x8002,0x8002,0x8002,0x8002,0x8002,0x8002,0x8002,0x8002,
  0x8002,0x8002,0x8002,0x8002,0x8002,0x8002,0x8002,0x8002,0x8022,0x8022,0x8022,0x8022,0x8043,0x8422,0x9063,0xFFB3,
  0xFFFC,0xFBB6,0xFFB6,0xD272,0xC232,0xBA12,0x9D90,0xA58F,0xA5B0,0xA9B0,0x8CA7,0xA58E,0xA16E,0x8865,0x992C,0x992D,
  0x992C,0x9909,0x8487,0x8044,0x8045,0x8465,0x8465,0x8465,0x8466,0x8466,0x8466,0x8865,0x8044,0xC20F,0x94C8,0x8CA7,
  0x88A7,0x88A8,0x8888,0x8887,0x8024,0x8002,0x8001,0x8001,0x8023,0x8044,0x8465,0x8465,0x8444,0x8001,0x8002,0x8002,
  0x8002,0x8001,0x8000,0x8002,0x8023,0x8444,0xFF2B,0xA56C,0x84C9,0xE2EE,0x8024,0x8000,0x8000,0x8000,0x8489,0x8866,
  0x8001,0xB147,0xDA91,0xD252,0xCA53,0xDEB3,0xBA12,0x8465,0xFF50,0xB1AF,0xB9AE,0xAD8E,0xA54D,0xA56C,0x8001,0xBDCC,
  0xB9AD,0xCE4E,0x9D2B,0x9D2C,0xA12C,0xAD8D,0xA54C,0xA14C,0xA14C,0x8023,0x8023,0x8866,0x8466,0x8466,0x8466,0x8002,
  0x94C8,0x9D09,0x8C87,0x8886,0x8886,0x8886,0x814E,0x8886,0x8886,0x8866,0x8866,0x8465,0x8866,0x8886,0x8D0A,0x8D2B,
  0x8866,0x8866,0x8865,0x850B,0x8866,0x8866,0x8886,0x88C9,0x8886,0x8866,0x8886,0x8886,0x8886,0x8886,0x8886,0x8866,
  0x8866,0x8466,0x8445,0x8001,0x8866,0x8866,0x8866,0x8865,0x8865,0x8865,0x8865,0x8865,0x8866,0x8866,0x8023,0x8022,
  0x8865,0x8865,0x8865,0x9084,0x8C65,0x8864,0x8444,0x8865,0x8865,0x8465,0x8466,0x90C7,0x8887,0x8887,0x8466,0x8023,
  0x8001,0x8001,0x8001,0x8001,0x8001,0x8001,0x84A8,0x8066,0x80A8,0x8024,0x84C9,0x8465,0x8000,0x8000,0x8000,0x8001,
  0x8153,0x8511,0x8131,0x80D0,0x84CC,0x850E,0xA14F,0x9930,0xB20E,0xA9ED,0xA9CC,0x8D8E,0x91AE,0x918D,0xA60C,0x894E,
  0x8132,0x8153,0x8110,0x8111,0x8111,0x8110,0x80EF,0x85B3,0x8153,0x8110,0x81B5,0x80F1,0xAE51,0x918F,0x80EE,0x80EF,
  0x80EF,0x80F0,0x80F0,0x80F0,0x80F0,0x80F0,0x80EF,0x80EF,0x8551,0x99AB,0x81B6,0x85D6,0x8DB4,0x8551,0x80F2,0x80F1,
  0x80F0,0x8133,0x8112,0x8112,0x8112,0x80F2,0x8532,0x8133,0x80CE,0x8178,0x8176,0x8114,0x9552,0x9DB2,0x918F,0x91AF,
  0x8D8F,0x8D8F,0x8D90,0x8132,0x99AD,0x9DCE,0xD648,0xF2CB,0xC22D,0x91B3,0x8DB2,0x8110,0x8130,0x812F,0x91B0,0x99F4,
  0xBED9,0xD35B,0xDB7D,0xDF9C,0xCF59,0x9A11,0x95F3,0x9A13,0x8153,0x8DB1,0x9E2F,0x9E30,0x9E0F,0x9E0F,0x9A0F,0x9E0F,
  0x9E0F,0x9E2F,0x9A11,0x9A30,0x95F1,0x8595,0x9A33,0x9212,0xAE95,0xD35B,0xD77C,0xDB7B,0xBED6,0xAA71,0xA691,0xBED5,
  0xC6F7,0x9631,0x9233,0xAEB7,0xEBBB,0xDB7A,0xE79C,0xE3BD,0xE39D,0xCF7D,0xB6FC,0x8E7C,0x8A7C,0x8E5C,0x8A5B,0x9E99,
  0x8A7C,0x929C,0x8E9C,0x9EDD,0xB31C,0x8A9E,0x8A7E,0x8A7D,0xAEFE,0xCF7F,0xC75F,0xD37F,0xDFBF,0xDFBF,0xDFBF,0xE7DF,
  0xF7FF,0xE7FF,0xAFDF,0x8BBF,0x837F,0x82DF,0x825F,0x823F,0x819B,0x819B,0x8137,0x8138,0x8137,0x80F4,0x80D1,0x80AF,
  0x80AD,0x80AD,0x808B,0x80AB,0x8068,0x808A,0x808A,0x8068,0x8067,0x8067,0x8067,0x8067,0x8045,0x8067,0x8046,0x8023,
  0x8023,0x8023,0x8023,0x8023,0x8023,0x8023,0x8023,0x8022,0x8023,0x8002,0x8002,0x8002,0x8002,0x8002,0x8002,0x8024,
  0x8002,0x8002,0x8002,0x8002,0x8002,0x8002,0x8002,0x8002,0x8002,0x8002,0x8002,0x8002,0x8002,0x8022,0x8022,0x8023,
  0x8423,0xA929,0xB635,0xC295,0xBA52,0x8089,0x8002,0x8002,0x914E,0x8000,0x8022,0x8045,0x8024,0x8044,0x8044,0x8023,
  0x8023,0x8023,0x8043,0x8C43,0x8000,0xFFFA,0xF160,0xFFF6,0xCD42,0x8C42,0x8842,0x8442,0x8022,0x8022,0x8022,0x8002,
  0x8002,0x8002,0x8022,0x8002,0x8002,0x8002,0x8002,0x8002,0x8002,0x8002,0x8002,0x8002,0x8002,0x8022,0x8022,0x8002,
  0x8002,0x8002,0x8002,0x8023,0x8024,0x8024,0xD718,0x8045,0x8023,0x8023,0x8022,0x8002,0x8002,0x8002,0x8002,0x8002,
  0x8002,0x8002,0x8002,0x8002,0x8002,0x8002,0x8002,0x8002,0x8002,0x8002,0x8002,0x8002,0x8002,0x8002,0x8002,0x8002,
  0x8002,0x8002,0x8002,0x8002,0x8002,0x8002,0x8022,0x8002,0x8022,0x8022,0x8022,0x8023,0x8443,0xC9EA,0xEACE,0xE68D,
  0xEECD,0xFB31,0xC631,0xF2EF,0xBA34,0xBA33,0x8D0D,0xEECE,0xA98E,0xA58D,0x9D4D,0x8CA7,0x8887,0x8022,0x8886,0x8887,
  0x8887,0x8444,0x8023,0x8022,0x8022,0x8023,0x8024,0x8044,0x8045,0x8444,0x8445,0x8023,0x8043,0x8002,0x8002,0xB5AE,
  0xC232,0xA12B,0x98EA,0x8887,0x8887,0x8066,0x8065,0x8044,0x8000,0x8001,0x8000,0x8001,0x8466,0x8022,0x8044,0x8001,
  0x8465,0x8001,0x8001,0x8001,0x8002,0x8002,0x8003,0x8024,0x8045,0x9084,0x8003,0xB9CD,0xB18D,0xADAE,0x952D,0xE688,
  0xAD25,0xB547,0xE2B1,0xC653,0xF2CE,0xEAAE,0xC233,0x8444,0xFB50,0xB1CF,0xB1CF,0xB1AE,0xA54C,0xA96C,0x8001,0xB58B,
  0xA14C,0x9D2C,0xC1C8,0xD648,0xA14C,0xD228,0xA96D,0x8CA8,0xA56D,0x8022,0x8002,0xA56C,0x9EF9,0x84A9,0x8466,0x8002,
  0x94C8,0x8065,0x8886,0x8886,0x8886,0x8866,0x80EA,0x8866,0x8866,0x8886,0x8886,0x8886,0x8866,0x8887,0x84A8,0x88C9,
  0x84C9,0x8466,0x8866,0x850B,0x8865,0x8866,0x8886,0x892C,0x88C8,0x8866,0x850C,0x890C,0x890C,0x890D,0x8D2C,0x8866,
  0x8866,0x8865,0x8465,0x8001,0x8466,0x8466,0x8024,0x8865,0x8865,0x8865,0x8865,0x8865,0x8866,0x8886,0x8023,0x8022,
  0x8864,0x9884,0x9883,0xA8A2,0x9084,0x9064,0x8C63,0x8865,0x8865,0x8464,0x8887,0x8886,0x8866,0x8866,0x8466,0x8044,
  0x8445,0x8465,0x8000,0x8002,0x8022,0x8002,0x88C9,0x88EA,0x8001,0x8002,0x8045,0x8086,0x8087,0x8001,0x94C9,0xA58E,
  0x8194,0x8594,0x8173,0x804B,0x850D,0x894E,0x8D72,0xA98F,0xFFAB,0xAA0E,0xA5ED,0x812D,0xAE0E,0xA1EE,0xA60D,0x852B,
  0x80EF,0x8594,0x810F,0x8110,0x8110,0x8110,0x80EF,0x8572,0x8130,0x80F0,0x8152,0x8193,0xC28D,0x916E,0x80ED,0x80EF,
  0x80EF,0x80F0,0x80F0,0x80F0,0x8110,0x80F0,0x80CF,0x80CF,0x8553,0xAA4C,0x8DF0,0xAE6C,0xB28F,0xAE50,0x8112,0x8112,
  0x80F1,0x8154,0x8112,0x8134,0x8111,0x80F1,0x80F1,0x80F0,0x8178,0x8177,0x8197,0x8176,0x8575,0xB231,0xEF09,0xA610,
  0x812E,0x854F,0x8D90,0x8DAF,0x95CE,0x95CE,0x95CF,0xA5AE,0xD26E,0x9192,0x8972,0x99EF,0x91B0,0x8131,0x8110,0x8993,
  0x8DB3,0xDF9C,0xD77C,0xD35B,0xEBDE,0x9A32,0x9635,0xB2B6,0x8152,0x8151,0xA230,0x95F2,0xA231,0x9E0F,0x9E0F,0x9E0F,
  0x9E0F,0x9E2F,0xA251,0x9E30,0x9E30,0x8174,0x8993,0x8DD3,0x95D3,0xBAD8,0xCB18,0xBAD6,0xE7BE,0xBED5,0xA671,0xA271,
  0xCB18,0xD359,0x9233,0x8A14,0x9635,0xAEB7,0xD339,0xDB7C,0xDF9C,0xE39D,0xCB5B,0xBAFA,0x8A5C,0x8E5C,0x8A3B,0x8A3B,
  0x8A5B,0x927C,0x8E7C,0x8E7D,0x8E9D,0x8A9D,0x8A9E,0x8A7D,0x9EDD,0xDFBF,0xD79F,0xD39F,0xB71F,0xB73F,0xDB9F,0xDBBF,
  0xD3BF,0xEBFF,0xF3FF,0xEFFF,0x8F7F,0x877F,0x835F,0x82DF,0x825F,0x823E,0x819B,0x819C,0x8139,0x8159,0x80F3,0x8115,
  0x80F0,0x80CE,0x80AD,0x80AD,0x80AD,0x80AC,0x808A,0x80AB,0x8068,0x8067,0x8089,0x8047,0x8046,0x8067,0x8067,0x8023,
  0x8067,0x8024,0x8023,0x8024,0x8023,0x8045,0x8023,0x8023,0x8023,0x8002,0x8002,0x8022,0x8023,0x8002,0x8002,0x8002,
  0x8002,0x8002,0x8023,0x8023,0x8023,0x8002,0x8002,0x8002,0x8002,0x8002,0x8002,0x8002,0x8002,0x8022,0x8022,0x8023,
  0xBE98,0xB18E,0xD2F7,0xBE74,0x916F,0x8069,0x8001,0x8001,0x9590,0x8000,0x8022,0x8044,0x8024,0x8045,0x8045,0x8023,
  0x8002,0x8022,0x8023,0x8863,0x8000,0xFFFD,0xF9E0,0xE1E2,0xA481,0x8842,0x8842,0x8022,0x8022,0x8022,0x8002,0x8002,
  0x8002,0x8002,0x8002,0x8002,0x8022,0x8022,0x8002,0x8002,0x8002,0x8002,0x8002,0x8002,0x8002,0x8002,0x8002,0x8002,
  0x8002,0x8002,0x8002,0x8023,0x8024,0x8024,0xCF5B,0x8025,0x8023,0x8023,0x8022,0x8002,0x8002,0x8002,0x8002,0x8002,
  0x8002,0x8002,0x8002,0x8002,0x8002,0x8002,0x8002,0x8002,0x8002,0x8002,0x8002,0x8002,0x8002,0x8022,0x8002,0x8022,
  0x8002,0x8002,0x8002,0x8002,0x8002,0x8002,0x8022,0x8002,0x8002,0x8022,0x8022,0x8043,0x8443,0xEAEF,0xEED0,0xE2B1,
  0xE6D0,0xBE31,0xCA72,0xD22D,0xBE34,0xBE53,0x8CEB,0xD66F,0x94E8,0x9D2A,0x90E9,0x8C86,0x8023,0x8022,0x8022,0x8022,
  0x8001,0x8002,0x8002,0x8001,0x8001,0x8002,0x8002,0x8002,0x8002,0x8001,0x8044,0x8044,0x8002,0x8023,0x8024,0x8023,
  0x8002,0x8022,0x9D2B,0xA12B,0xB18D,0x8023,0x8045,0x8087,0x8487,0x8466,0x8023,0x8465,0x8022,0x8001,0x8000,0x8001,
  0x8023,0x8022,0x8002,0x8487,0x8487,0x8023,0x8002,0x8002,0x8002,0x8023,0x8022,0x9D09,0x9D09,0x9D09,0x9D6E,0xFF87,
  0xC184,0xB147,0xDE91,0xC233,0xF2CD,0xF2CE,0xC232,0x8044,0xFB51,0xB1CF,0xB1CF,0xB1AE,0xB16B,0x9D2B,0x8001,0xB58A,
  0xA56D,0xA14D,0xA54D,0xA12C,0xA12C,0xE2C9,0xA96C,0x94C9,0xA14C,0x8022,0x8002,0xA96C,0x8065,0x8465,0x8465,0x8022,
  0x94C8,0x8486,0x8887,0x8886,0x8886,0x8866,0x850B,0x8866,0x8866,0x8886,0x8886,0x8886,0x88C9,0x890B,0x8066,0x8486,
  0x88C9,0x8887,0x8886,0x852B,0x8866,0x8886,0x8887,0x8D4C,0x88C9,0x8866,0x850C,0x8465,0x8465,0x8466,0x8466,0x8866,
  0x8865,0x8865,0x8866,0x8001,0x8886,0x8CA7,0x8C85,0x90A5,0x8865,0x8865,0x8865,0x8865,0x8886,0x8886,0x8422,0x8422,
  0x9483,0x9CA3,0xA4C3,0xD940,0xA8C4,0xA0C4,0x9483,0x8C64,0x8865,0x8444,0x8002,0x8886,0x8866,0x8866,0x8866,0x8445,
  0x8466,0x8465,0x8000,0x8023,0x8002,0x8023,0x8465,0x8002,0x8002,0x8066,0x8087,0x84A8,0xA14B,0xAD4A,0xA14D,0x8045,
  0x89B2,0x808C,0x8573,0x8991,0x89AE,0x8DAF,0x8993,0x8D74,0x9593,0xDE8E,0xCE2C,0xC9EB,0xB5CC,0xFFA9,0xB1ED,0xB62B,
  0xB60D,0xB24F,0x8194,0x8153,0x80AC,0x80CE,0x80EF,0x80EF,0x80CE,0x80F0,0xAE4C,0xB24C,0xDACA,0xE2C9,0xCAAD,0x88EE,
  0x80CF,0x80F1,0x9191,0xDAED,0x850E,0x80EE,0x80CE,0x80CF,0x80D1,0x8572,0x898F,0x95ED,0xA22D,0x80F2,0x8112,0x8111,
  0x8112,0x8112,0x8112,0x8112,0x80F1,0x80F1,0x8574,0x8111,0x8155,0x8177,0x8178,0x8111,0x8176,0x8555,0x80D2,0xEEEA,
  0xA230,0xA60F,0x8152,0x9E0F,0x8DAF,0x91CF,0x91B0,0x8D6F,0x810F,0x8D10,0xDA0A,0xB24C,0xAE4E,0x8DD3,0x89B3,0x8152,
  0x8131,0x95D0,0x99EF,0x95AE,0x8DB0,0x8592,0xE3BD,0xE39C,0x85B5,0x81B5,0x8153,0x8133,0x8154,0x9E11,0x9E2F,0x9E2F,
  0x9E2F,0x9E2F,0x9613,0x9E30,0x9E30,0x9E30,0x9E10,0x91F2,0x85B3,0x85B4,0xA251,0xA651,0xCB39,0xB293,0x9E50,0xE79A,
  0xC718,0xD77C,0xDB9D,0xE39D,0x85F4,0x9216,0x81D6,0x9659,0xCF5B,0xEBDE,0xEFDE,0xEFDD,0x81D9,0x821A,0x821A,0x81FA,
  0x8A3B,0x8E5C,0x8E5C,0x8E5C,0x8E5C,0x8A7D,0x929D,0x8E9D,0x929D,0x92BE,0x92BE,0x9ADE,0xCB7F,0xDB9F,0xB33F,0xB71E,
  0x9ABF,0xD79F,0xDBBF,0xDBBF,0xF7FF,0xEBDF,0xF7FF,0x8B7F,0x877F,0x831F,0x823E,0x825F,0x81DE,0x819C,0x817A,0x819C,
  0x8115,0x8115,0x80D0,0x80CF,0x80CE,0x80AD,0x808B,0x80AC,0x808A,0x80CB,0x8068,0x8068,0x8067,0x8067,0x8067,0x8047,
  0x8067,0x8046,0x8024,0x8023,0x8024,0x8024,0x8023,0x8023,0x8023,0x8023,0x8023,0x8023,0x8023,0x8023,0x8023,0x8002,
  0x8002,0x8002,0x8022,0x8023,0x8002,0x8022,0x8002,0x8002,0x8002,0x8002,0x8002,0x8002,0x8022,0x8022,0x8022,0x8023,
  0x9DF5,0x8466,0xAA56,0x9DD2,0xA18F,0x8CC8,0x8022,0x8002,0x8D91,0x8002,0x8065,0x8045,0x8023,0x8023,0x8002,0x8001,
  0x8421,0x8022,0x8444,0x8C64,0x8000,0xFFFE,0xF5E0,0xE624,0xB0A1,0x8022,0x8022,0x8022,0x8022,0x8022,0x8022,0x8002,
  0x8002,0x8002,0x8022,0x8022,0x8002,0x8022,0x8022,0x8002,0x8002,0x8002,0x8002,0x8002,0x8002,0x8002,0x8002,0x8002,
  0x8002,0x8002,0x8022,0x8023,0x8023,0x8023,0x8024,0x8023,0x8023,0x8022,0x8002,0x8002,0x8002,0x8002,0x8002,0x8002,
  0x8002,0x8002,0x8002,0x8002,0x8002,0x8002,0x8002,0x8002,0x8002,0x8002,0x8002,0x8002,0x8022,0x8022,0x8022,0x8218,
  0x8002,0x8002,0x8002,0x8002,0x8002,0x8022,0x8002,0x8022,0x8022,0x8022,0x8022,0x8022,0x8442,0xE6F1,0xDAB4,0x8CCB,
  0xA129,0x8022,0x8000,0x8021,0x8422,0x8443,0x8442,0x950A,0x90C8,0x8842,0xF1E2,0xF1E1,0xB925,0x9D2C,0xA12C,0x990A,
  0x8CA8,0x90C9,0x8CC8,0x94E9,0x90C7,0x8487,0x8487,0x8466,0x8023,0x8044,0x8445,0x8465,0x8445,0x8444,0x8000,0x8001,
  0x8000,0x8001,0x8001,0x8001,0x8001,0x8000,0xA9B0,0xADB0,0x9D2B,0x90C8,0x9D2C,0x8887,0x8466,0x8444,0x8023,0x8466,
  0x8465,0x8466,0x8486,0x84A8,0x84A8,0x8002,0x8002,0x8001,0x8001,0x8001,0x8002,0x8002,0x8002,0x8001,0x8000,0x8420,
  0x8420,0xAD26,0xE2B2,0xDAD3,0xF6CD,0xD64E,0xC253,0x8023,0xEF13,0xADAE,0xB18C,0xB5AC,0x990B,0xA54C,0x8022,0xB58A,
  0xB18D,0xA56D,0xA54C,0xA54C,0xA54C,0xA54C,0xA96D,0x990A,0xA14C,0x8023,0x8023,0xB16C,0xA0C4,0x8465,0x8465,0x8000,
  0x90A7,0x8045,0x8887,0x8886,0x8886,0x8866,0x892B,0x8466,0x8866,0x8886,0x8886,0x8886,0x8D2C,0x892C,0x84A8,0x84A8,
  0x84A8,0x892B,0x8466,0x8466,0x8866,0x8886,0x8D2C,0x84C8,0x8887,0x8865,0x850C,0x850C,0x850C,0x892D,0x8866,0x8866,
  0x8866,0x8866,0x8866,0x8001,0x8466,0x8465,0x8444,0x8445,0x8866,0x8866,0x8866,0x8044,0x8886,0x9CA5,0x8842,0x8842,
  0xA0A3,0xB060,0xFA20,0xFF8D,0xEDC0,0xB4C1,0xA0A3,0x9484,0x8C64,0x8844,0x8023,0x90A7,0x8886,0x8887,0x8886,0x8044,
  0x8466,0x8465,0x8000,0x8044,0x8465,0x8466,0x8CA8,0x8888,0x8046,0xBDF0,0xB5CE,0xA129,0x8002,0x8001,0x8002,0x8002,
  0x89B0,0x89AD,0x898F,0x95AE,0x8DCE,0x894E,0x8594,0x8974,0xA9F3,0xA194,0xD58B,0xFFD3,0xFF47,0x9932,0x80F2,0x80D1,
  0xE2C9,0x8DB1,0x8D91,0x80F0,0x80AC,0x80AB,0x80AC,0x80EF,0x80AC,0x8110,0x894F,0xAA4E,0xAA2F,0xA60E,0xA62E,0xBE8D,
  0xCAAD,0xFB2C,0xFFAA,0xDAA9,0xD2AD,0x84CE,0x850F,0x99EE,0xA20E,0xA62E,0x80AE,0x99ED,0x95EE,0xA20E,0x8530,0x8111,
  0x8111,0x8112,0x8112,0x8111,0x80F1,0x80F1,0x80F1,0x8112,0x8112,0x8112,0x8178,0x8133,0x8175,0xD2B0,0xFF6D,0xF72B,
  0xA22F,0xAA4F,0xAA4F,0xAA4F,0xA62F,0x8111,0x8110,0x918F,0x80F0,0x8130,0x8550,0x8DAF,0xA20E,0xCACD,0x91D2,0x8992,
  0x8570,0x95CE,0x95CE,0x95AE,0x814E,0x8990,0x8592,0x85B6,0x9E38,0xE77B,0x91F5,0xAE97,0x8133,0x8133,0x8133,0x9E2F,
  0x9E10,0x9E30,0x9A31,0x9E0F,0x9A0F,0x95EF,0x9A0F,0x9E30,0xA22F,0x9A11,0xA230,0xA250,0xA250,0x9E50,0x9E2F,0x9A0E,
  0xC6F3,0xBEB1,0xB693,0xDF9E,0xDF9E,0xE3BE,0xEFDE,0xB6BA,0x8E1A,0xD75C,0xEBBD,0xEBBD,0xEBDE,0xE7DE,0xE7DE,0xE7DE,
  0x965B,0x8E5B,0x8E5B,0x8E5B,0x8E5C,0x8E5C,0x8E7C,0x8E7C,0x8E9D,0x8E9E,0x8EBE,0x8E9E,0x8A9E,0x829E,0x867F,0x969E,
  0xD39F,0xCF7F,0xBF3F,0xDFBF,0xDFBF,0xDFBF,0xF3FF,0xFFFF,0x979F,0x8B7F,0x835F,0x82FF,0x827F,0x81FD,0x823F,0x819C,
  0x815A,0x815A,0x80F4,0x80F2,0x8134,0x80D0,0x80CF,0x80AD,0x80AB,0x808A,0x808A,0x808B,0x80CC,0x8068,0x8089,0x8067,
  0x8046,0x8067,0x8024,0x8067,0x8024,0x8045,0x8024,0x8023,0x8023,0x8023,0x8023,0x8023,0x8023,0x8023,0x8002,0x8002,
  0x8002,0x8002,0x8022,0x8002,0x8002,0x8001,0x8002,0x8002,0x8023,0x8002,0x8002,0x8002,0x8022,0x8002,0x8022,0x8023,
  0x95F6,0x8023,0xAE55,0xADF2,0x914F,0x8067,0x8023,0x84A8,0x812F,0x8022,0x8023,0x8023,0x8002,0x8001,0x8000,0x8001,
  0x8422,0x8044,0x8466,0x8C85,0x8001,0xFB91,0xB060,0xD982,0xACA1,0x8022,0x8022,0x8022,0x8022,0x8022,0x8022,0x8002,
  0x8022,0x8002,0x8002,0x8022,0x8002,0x8022,0x8022,0x8002,0x8022,0x8002,0x8002,0x8002,0x8002,0x8002,0x8002,0x8002,
  0x8002,0x8002,0x8002,0x8022,0x8022,0x8023,0x8023,0x8023,0x8023,0x8022,0x8002,0x8002,0x8002,0x8002,0x8002,0x8002,
  0x8002,0x8002,0x8002,0x8002,0x8002,0x8002,0x8002,0x8002,0x8002,0x8022,0x8022,0x8002,0x8002,0x8002,0x8002,0x8001,
  0x8002,0x8002,0x8002,0x8001,0x8002,0x8002,0x8002,0x8022,0x8022,0x8022,0x8022,0x8022,0x8001,0x8022,0x8003,0x9C82,
  0x9063,0x950A,0xAE10,0xFFF1,0xC630,0xB5D0,0xA14C,0xA14C,0x98E9,0x8843,0xFF8F,0xFFFF,0xB4C2,0x98A6,0xFF21,0x9CA4,
  0x8C85,0x8001,0x8001,0xA907,0x9CE7,0x8023,0x8002,0x8087,0x8045,0x8024,0x8887,0x8466,0x8446,0x8444,0x8444,0x8843,
  0xFB62,0x8464,0x8443,0x8444,0x8466,0x88A8,0x8023,0x8002,0x8023,0x8CC8,0x90E9,0x88A9,0x950A,0xA96D,0xA12B,0x8465,
  0x8044,0x8486,0x8487,0x8487,0x8487,0x8487,0x8487,0x8486,0x8465,0x8001,0x8002,0x8466,0x8445,0x8043,0x8000,0x8000,
  0x8000,0xAD47,0xE6D2,0xB9EF,0xFF2A,0xFF2A,0xC232,0x8002,0xA96C,0xA56E,0xFAE1,0xB1AE,0xA96C,0xA96D,0x8022,0xB9AA,
  0xB58C,0xA54C,0xA54C,0xA14C,0xA54C,0x8CA8,0xA54C,0xA12C,0xA54C,0x8023,0x8023,0xB18D,0xFF62,0x9884,0x8465,0x8000,
  0x9086,0x8044,0x8886,0x8465,0x8886,0x8886,0x894D,0x8886,0x8886,0x8886,0x8886,0x8866,0x892C,0x892C,0x84C9,0x84C9,
  0x8487,0x890B,0x8465,0x8466,0x852B,0x8887,0x852C,0x8865,0x8465,0x8865,0x892C,0x8866,0x8866,0x8465,0x8866,0x8866,
  0x8866,0x8444,0x8866,0x8001,0x8465,0x8865,0x8445,0x8465,0x8866,0x8866,0x8866,0x8866,0x8886,0x9484,0x8C42,0x8C62,
  0xA0A4,0xFAC0,0xFFFF,0xFFFE,0xFB71,0xD540,0xB8E1,0x9042,0x8C63,0x8865,0x8044,0x9909,0x94A7,0x8C87,0x8887,0x8023,
  0x8466,0x8466,0x8000,0x94E9,0xBE10,0xBE11,0xBE11,0xB18E,0x90A6,0x8000,0x8000,0x8002,0x8002,0x8001,0x8000,0x8000,
  0x8D90,0x8D8D,0x9DEC,0x9170,0x8531,0x808D,0x808D,0x8530,0x8D73,0xA1B5,0xFFB7,0xF70C,0xCE0C,0x9D71,0x80D1,0x80F1,
  0x8551,0x892C,0x88EB,0x80CD,0x80AC,0x80AC,0x80AB,0x80AB,0x810F,0x80CD,0x810F,0x8D90,0xC26C,0xAA2D,0xAE2D,0xA1EC,
  0xA1ED,0xA1EC,0xA9EB,0xBE4B,0xA5EC,0xB22B,0x858F,0x8191,0x89D1,0x91F0,0x80EF,0x810E,0x814E,0x95CC,0x99EC,0x8132,
  0xB24D,0xAE0D,0x8110,0x80F0,0x80F0,0x80CF,0x8112,0x8112,0x8112,0x8112,0x8112,0x8112,0x80F1,0x8115,0xB252,0x80F4,
  0xBE6D,0xCACD,0xB26F,0xC6AE,0xA9F0,0x80F1,0x8111,0x99D0,0x99D0,0x9DF0,0x8111,0x89B0,0x95CE,0x8150,0x9DCE,0x9DEE,
  0x95AE,0x8D8E,0x854E,0x854E,0x95CE,0x8DB0,0x9A10,0x99F0,0x9A10,0x8DD1,0xDF7D,0xC2FA,0x8DD3,0x8DF2,0x8572,0x8132,
  0x8112,0x8572,0x91F2,0x9A0F,0x9A0F,0x9A0F,0x9A0F,0x9E0F,0xA22F,0x9E30,0x9E30,0xA250,0x9E2F,0xAA51,0x9A2F,0x9E2F,
  0x9E2F,0x9E2F,0x9E2E,0xBAD4,0xDB7D,0xD77C,0xDF9D,0xDB7C,0xDF9D,0xD75C,0xD75C,0xDB7C,0xEBBE,0xE7BD,0xEBDE,0xEBDE,
  0xEBDE,0xB6FC,0x8E5C,0x8E5B,0x8E3B,0x8E5C,0x8E7C,0x8E7C,0x8E7C,0x8E9E,0x8E9E,0x8E9E,0x969C,0x8E9E,0x8E9E,0x8EBF,
  0x8ABF,0x9EFF,0xBF5F,0xA2FF,0x8A7F,0xDBBF,0xDBBF,0xDBBF,0xE7DF,0xEFFF,0xEBFF,0x9BDF,0x8BBF,0x82FF,0x829F,0x827F,
  0x81BE,0x81FE,0x8159,0x817B,0x8116,0x80F2,0x80F2,0x80CE,0x80CF,0x80AD,0x80CE,0x808B,0x80AC,0x8069,0x8089,0x80AB,
  0x8088,0x8047,0x8067,0x8047,0x8045,0x8067,0x8067,0x8023,0x8023,0x8023,0x8023,0x8046,0x8023,0x8023,0x8023,0x8022,
  0x8022,0x8022,0x8023,0x8023,0x8022,0x8002,0x8002,0x8002,0x8002,0x8001,0x8002,0x8022,0x8022,0x8023,0x8023,0x8043,
  0xCED6,0x8022,0xAA56,0x99F5,0x8D71,0x8067,0x8002,0x8A16,0x8067,0x8000,0x8001,0x8001,0x8800,0x8001,0x8001,0x8001,
  0x8002,0x8023,0x8466,0x8865,0x8021,0xB926,0x8001,0x94C7,0xAD06,0x8023,0x8023,0x8022,0x8022,0x8022,0x8022,0x8022,
  0x8022,0x8022,0x8022,0x8022,0x8022,0x8022,0x8022,0x8022,0x8022,0x8022,0x8022,0x8002,0x8002,0x8002,0x8001,0x8002,
  0x8002,0x8002,0x8022,0x8002,0x8002,0x8002,0x8022,0x8022,0x8022,0x8022,0x8002,0x8002,0x8002,0x8002,0x8002,0x8002,
  0x8002,0x8002,0x8002,0x8002,0x8022,0x8022,0x8022,0x8022,0x8002,0x8002,0x8002,0x8022,0x8022,0x8002,0x8022,0x8022,
  0x8002,0x8002,0x8002,0x8002,0x8002,0x8002,0x8002,0x8022,0x8022,0x8023,0x8022,0x8021,0x9CC4,0xF330,0xF6AA,0xFF0A,
  0xA94E,0xD24E,0xB9CE,0xD9E8,0xA58E,0xA14D,0xA56D,0xA56D,0x990A,0x8843,0xFF6A,0xFFFD,0xA882,0x98A5,0xFFFD,0xA0A6,
  0x8002,0x8001,0x8001,0x9D08,0x8045,0x8024,0x8003,0x8488,0x8045,0x8002,0x8001,0xFEA1,0x8421,0x8422,0x8022,0x8022,
  0x8C63,0x8863,0x8023,0x8444,0xFF83,0x8866,0x8CA8,0x8023,0x8022,0x8002,0x8001,0x8001,0x8002,0x8003,0x8023,0x8C87,
  0xB1AD,0xA54B,0x90C8,0x8001,0x8002,0x8002,0x8002,0x8001,0x8044,0x8044,0x8445,0x8465,0x8465,0x8465,0x8465,0x8466,
  0x8886,0xB569,0xEAF2,0xA9AF,0xFF29,0xFF09,0xBE11,0x8001,0xBDED,0xF688,0xEE65,0xA96D,0xA96D,0xA96D,0x8022,0xAD6A,
  0x950C,0x9D2C,0xA14C,0xA14C,0xA12B,0xA14C,0xA54C,0xA56D,0xA54D,0x8023,0x8002,0xAD6D,0x90A7,0x8885,0x8465,0x8001,
  0x90A7,0x8465,0x8865,0x8866,0x8886,0x8887,0x894D,0x890B,0x890B,0x890B,0x8D6D,0x8887,0x892C,0x8466,0x8466,0x8466,
  0x8886,0x890B,0x8466,0x8466,0x8465,0x850B,0x8445,0x8866,0x8866,0x8866,0x892C,0x88C9,0x88C8,0x8865,0x8465,0x8866,
  0x8866,0x8887,0x8486,0x8001,0x8466,0x8865,0x8865,0x8865,0x8866,0x8866,0x8865,0x8866,0x8465,0x9CA4,0x8842,0x8842,
  0xA0A3,0xC0A0,0xFB23,0xFFFF,0xFF44,0xA081,0xB8E1,0x9462,0x9063,0x9085,0x8023,0xD9C4,0x9885,0x8CA7,0x8887,0x8465,
  0x8C87,0x8466,0x8000,0x8001,0x8001,0x8022,0x8001,0x8001,0x8002,0x8002,0x8022,0x8487,0x84A8,0x8045,0x8023,0x98E8,
  0x80CD,0x80CC,0x9DCC,0x9DED,0x8550,0x808C,0x808C,0x80EE,0x8510,0x9993,0xEE84,0xFB05,0x9151,0x8532,0x80D0,0x80CF,
  0x80AD,0x80CC,0x80CC,0x80AC,0x80AC,0x80AC,0x80AC,0x80AC,0x80AC,0x80AC,0x80AC,0x8550,0xBE6C,0xAA0D,0x9DAB,0x99AB,
  0x99CC,0x99CC,0x9DCB,0xAE0B,0xA9EB,0xB22A,0x896E,0x8110,0x810E,0x85AF,0x8DAF,0x894E,0x8D2B,0x95AB,0x95EC,0x9A0E,
  0xC6CC,0xCEED,0x918E,0x8110,0x80F0,0x80F0,0x8111,0x8111,0x8111,0x8111,0x8112,0x8112,0x8111,0x8134,0x8154,0x8113,
  0xB20E,0xEB2E,0xDEEE,0xBE6F,0xA9B1,0xC1EC,0x8534,0xFFC6,0xCA6C,0xA20F,0x95CF,0x95AE,0x898F,0x8151,0x894F,0x998D,
  0x958D,0x9E0E,0x918F,0xB26E,0x898F,0x8131,0x8571,0x8D90,0x9A0E,0x99EE,0x9A12,0xA613,0xEB2E,0x89D1,0x89B1,0x8132,
  0x8112,0x8552,0x8131,0x9A0F,0x9A0F,0x9A0F,0x9A0F,0x9A0F,0x9E2F,0xB26F,0x9E2F,0x9E2F,0x9A2F,0xA651,0x9A2F,0x9E2F,
  0x9E2F,0x9E2F,0x9E2F,0xA651,0xBB17,0xC716,0xCF3B,0xCF3B,0xD75C,0xD35C,0xCF5C,0xD75C,0xDB7D,0xE7BD,0xE7BD,0xE7BE,
  0xE7BE,0xE7BE,0xB31D,0x8A3B,0x8A3B,0x8E3B,0x927C,0x8E7C,0x8E7C,0x8E7C,0x8E9D,0x8E9D,0xE79B,0x867D,0x8EBE,0x8EBE,
  0x86BE,0x8EBF,0x96DF,0x9EDE,0x96BF,0xBB3F,0xDF9E,0xDB9F,0xDBBF,0xDBBF,0xEFFF,0xF7FF,0xF3FF,0x8B9F,0x833F,0x831F,
  0x827F,0x825F,0x81DC,0x81BD,0x817B,0x8116,0x8115,0x8114,0x80F2,0x80D0,0x80CF,0x80AC,0x80AD,0x80AD,0x80AD,0x80AB,
  0x80AA,0x8068,0x8068,0x8047,0x8046,0x8046,0x8046,0x8046,0x8023,0x8024,0x8023,0x8023,0x8023,0x8023,0x8023,0x8023,
  0x8023,0x8023,0x8022,0x8023,0x8023,0x8002,0x8002,0x8002,0x8022,0x8002,0x8023,0x8023,0x8023,0x8023,0x8023,0x8044,
  0xAD6B,0x8002,0xA656,0x9E15,0x8530,0x84AA,0x8002,0x8DD3,0x8066,0x8000,0x8000,0x8001,0xF9A0,0x8002,0x8022,0x8023,
  0x8023,0x8023,0x8023,0x8444,0x8443,0x9CE7,0x8002,0x8466,0x88A9,0x8022,0x8022,0x8021,0x8021,0x8002,0x8022,0x8022,
  0x8022,0x8022,0x8023,0x8022,0x8422,0x8022,0x8022,0x8022,0x8022,0x8022,0x8002,0x8022,0x8022,0x8002,0x8002,0x8002,
  0x8002,0x8002,0x8002,0x8022,0x8002,0x8002,0x8022,0x8022,0x8002,0x8002,0x8002,0x8002,0x8002,0x8002,0x8002,0x8002,
  0x8002,0x8002,0x8002,0x8022,0x8022,0x8022,0x8023,0x8022,0x8022,0x8022,0x8022,0x8022,0x8022,0x8022,0x8022,0x8002,
  0x8002,0x8002,0x8002,0x8002,0x8002,0x8002,0x8022,0x8022,0x8023,0x8023,0x8043,0x8022,0xD20B,0xF6AA,0xFAA9,0xC20C,
  0xF6CA,0xC9EA,0xBDAB,0xB948,0x950A,0x8443,0xA98D,0x9D2B,0x90C7,0x8442,0xE5C0,0xD940,0x8C22,0x9063,0xCD00,0x8844,
  0x8022,0x8022,0x8023,0x8044,0x8024,0x8002,0x8002,0x8002,0x8002,0x8001,0x8001,0xB4E0,0x8001,0x8001,0x8000,0x8422,
  0xC142,0x9441,0x8023,0x8022,0xE641,0x9063,0x8888,0x90A8,0x8022,0x8002,0x8002,0x8002,0x8023,0x8023,0x8023,0x8023,
  0x8443,0x8423,0x8022,0x90A6,0xA12B,0xA12B,0x8CA8,0x8001,0x8023,0x8CA6,0x8465,0x8001,0x8002,0x8465,0x8CA8,0x8CA8,
  0x8886,0xB56A,0xDE6F,0xC650,0xFF29,0xFF09,0xBA10,0x8001,0xBDED,0x9D0A,0xFA84,0xA96E,0xA96D,0xAD6D,0x8001,0xAD6A,
  0x990C,0xA14C,0xA54C,0xB5AC,0x98E9,0xA54C,0xA54C,0x9D0B,0xA54D,0x8022,0x8002,0xAD6D,0x90A7,0x8866,0x8466,0x8002,
  0x94A7,0x8044,0x8865,0x8866,0x8887,0x8887,0x88A8,0x88A8,0x8CEA,0x8CEA,0x8CC9,0x8887,0x8887,0x8886,0x8866,0x8866,
  0x8866,0x8465,0x8465,0x8465,0x8465,0x88A7,0x8466,0x8866,0x8886,0x8866,0x88C9,0x88C9,0x890B,0x88EA,0x88C9,0x8866,
  0x8866,0x8465,0x8887,0x8002,0x8886,0x8865,0x8866,0x8866,0x8866,0x8866,0x8866,0x8865,0x8865,0x9484,0x8842,0x8422,
  0x9CA4,0xA4C3,0xA861,0xF1E0,0xA462,0x9CA2,0xA4A2,0x9463,0x9064,0x8C85,0x8023,0x98E9,0x90C7,0x8CA7,0x8466,0x8465,
  0x8065,0x8466,0x8000,0x8002,0x8022,0x8023,0x8023,0x8466,0x90E9,0x8CC8,0x8465,0x94EA,0x90E9,0x90C8,0x8023,0x8886,
  0x80CC,0x80CC,0x916D,0x91AD,0x8D8C,0x80AC,0x80CF,0x80EE,0x80EE,0xB5A9,0xB9AC,0xEAAA,0xDA4D,0xCA0A,0x80CD,0x80AC,
  0x80AB,0x80AC,0x80AC,0x80AC,0x80AC,0x80AC,0x80AC,0x80AC,0x80AC,0x80AC,0x80CD,0x80CE,0xB62C,0xA60C,0xA5EC,0xA5EC,
  0x850A,0x9DED,0x9DEB,0x958C,0xA1EC,0x9DCC,0xBA4B,0x8D6F,0xB1AA,0x916F,0xB18A,0xF304,0xB987,0xDA08,0xA1CB,0xA5EC,
  0xB66B,0xA22C,0xA62D,0xC6AD,0x80EF,0x8111,0x8111,0x8111,0x8111,0x8111,0x8111,0x80F1,0x80F1,0x80F1,0x80F2,0x8112,
  0x8111,0xC292,0xEB2E,0x8112,0x8134,0x8134,0x8196,0x8134,0xFBAB,0xA5ED,0xA9EE,0xA9CC,0x8D6D,0x95CF,0x8130,0x812F,
  0x918D,0x812E,0x8970,0xA20E,0x99EE,0x8530,0x8130,0x8D8F,0x91AC,0x91AC,0x854E,0x8D8F,0xC22D,0xA1AD,0x8990,0x814F,
  0x8131,0x8112,0x95D0,0x95CF,0x95D0,0x9E0F,0x9A0F,0x9A0F,0x9E0F,0x9A10,0x9A10,0x8D8F,0xA22F,0xB6B3,0x9E30,0x9E2F,
  0x9A0F,0x9A0F,0xBAD2,0x9E50,0xA673,0xB6B5,0xC6F8,0xC2FA,0xAEBA,0xCF3B,0xC71B,0xCF3B,0xCB1B,0xD75C,0xE7BD,0xDB7D,
  0xDF9D,0xE3BD,0xE39D,0xDF9D,0xA6BB,0x8E5B,0x8E7C,0x8E7C,0x8E5C,0x8E5C,0x8E9D,0x8E9D,0x929E,0xCF7E,0xDF9E,0xE3BE,
  0xBB3D,0x8A9E,0x869F,0x8E9F,0x929E,0x92BE,0x96BF,0xC35E,0xA6FF,0xE3BF,0xDFBF,0xDFBF,0xDFBF,0xFBFF,0xCFBF,0xA3BF,
  0x8F9F,0x833F,0x82BF,0x829F,0x81BD,0x81BC,0x819B,0x8179,0x8157,0x8115,0x80F2,0x80F1,0x80CF,0x80CE,0x80AC,0x80AC,
  0x808A,0x808A,0x8068,0x8089,0x8046,0x8046,0x8046,0x8046,0x8024,0x8003,0x8047,0x8045,0x8023,0x8023,0x8023,0x8023,
  0x8023,0x8023,0x8002,0x8002,0x8002,0x8022,0x8002,0x8023,0x8023,0x8002,0x8022,0x8023,0x8023,0x8022,0x8022,0x8001,
  0x91B4,0x8001,0xA236,0x99D5,0xB651,0x8003,0x8000,0x8D91,0x8066,0x8000,0xC4A0,0xA060,0x8023,0x8023,0x8023,0x8001,
  0xED40,0x8001,0x8420,0xB9F0,0xFBFE,0xAEFD,0x9E7B,0x8DD7,0x8950,0x8488,0x9063,0xFF94,0xBD89,0x8021,0x8022,0x8022,
  0x8022,0x8022,0x8442,0x8842,0x8842,0x8442,0x8422,0x8422,0x8022,0x8022,0x8022,0x8022,0x8022,0x8022,0x8022,0x8002,
  0x8002,0x8002,0x8002,0x8022,0x8002,0x8002,0x8002,0x8002,0x8002,0x8002,0x8002,0x8002,0x8002,0x8002,0x8001,0x8002,
  0x8002,0x8002,0x8002,0x8022,0x8023,0x8022,0x8443,0x8442,0x8022,0x8022,0x8023,0x8022,0x8022,0x8022,0x8002,0x8022,
  0x8002,0x8002,0x8002,0x8002,0x8022,0x8002,0x8002,0x8002,0x8022,0x8023,0x8023,0x8005,0xFB0C,0xE66B,0xEE89,0x8CA9,
  0x90EB,0x8D0C,0xA96B,0x8886,0x8045,0x8003,0xFAC8,0xDA2A,0xD293,0xCA30,0x94E9,0xAD8D,0xA96C,0x90A8,0x94E9,0x990A,
  0x990B,0x9D0B,0x9D0B,0x990A,0x94C9,0x8886,0x8466,0x8865,0x8045,0x8465,0x8445,0x8465,0x8445,0x8044,0x8044,0x8444,
  0x9063,0x8842,0x8445,0x8022,0x8024,0xF240,0x8445,0x8C87,0x8445,0x8002,0x8002,0x8002,0x8002,0x8022,0x8022,0x8023,
  0x8023,0x8022,0x8002,0x8001,0x8001,0x8000,0x8001,0xA94B,0xA94B,0xA109,0x8002,0x94C7,0x90C7,0x990A,0x8487,0x8067,
  0x8044,0xB9AB,0xEED1,0xDA90,0xFF29,0xF6EB,0xB9F0,0x8002,0xD670,0xA54C,0xFEC5,0xA98E,0xA96E,0xA96D,0x8000,0xA549,
  0xA12C,0xA56D,0xA56D,0x98EA,0xAD8E,0xA96D,0xA96D,0x9D0A,0xA14C,0x8022,0x8002,0x98E8,0x90C7,0x8865,0x8444,0x8002,
  0x94C8,0x8466,0x8C87,0x8C87,0x8CA7,0x8887,0x8886,0x8887,0x8887,0x8887,0x8886,0x8886,0x8886,0x8886,0x8466,0x8866,
  0x8866,0x8465,0x8465,0x8865,0x8466,0x8866,0x8866,0x8866,0x8866,0x8866,0x8886,0x8866,0x8466,0x8866,0x8866,0x8866,
  0x8866,0x8887,0x8886,0x8001,0x8866,0x8866,0x8866,0x8866,0x8866,0x8865,0x8865,0x8865,0x9084,0x98A5,0x8C63,0x8443,
  0x9084,0x9084,0x9083,0xA8A3,0x9484,0x9483,0x8843,0x9064,0x9085,0x8C85,0x8024,0x90C8,0x90A8,0x8C85,0x8463,0x8045,
  0x8445,0x8465,0x8000,0x94EA,0x94EA,0xA54C,0x8023,0x9D2B,0xA14C,0x94EB,0x8866,0x94E9,0x94E9,0x94EA,0x94E9,0x8466,
  0x80CC,0x80CC,0x80AC,0x80AB,0x80EE,0x8110,0x80EF,0x810F,0x80CD,0xFF87,0x88EF,0x890F,0x84CC,0xFAE4,0x80CC,0x854E,
  0x8D50,0x80AC,0x80AB,0x80AB,0x80AC,0x80AC,0x80AB,0x80AB,0x80AB,0x80AC,0x80AC,0x80AC,0x80CE,0x80EE,0x80AD,0xADEC,
  0x9DED,0x9DED,0xA1EC,0x812C,0xB22B,0xBE6B,0xBE6C,0xBE4C,0xFBB0,0xDE07,0xE666,0x80F1,0x88EE,0xB1AD,0xFBD4,0xC24D,
  0xBE4B,0xBA4C,0xA1ED,0xDB0D,0xC68E,0x8111,0x8111,0x8111,0x80F0,0x80F0,0x80F0,0x80F0,0x80F1,0x80F1,0x80F1,0x80F1,
  0x80F1,0x8132,0x8595,0x80F1,0x8198,0x8198,0x8197,0x80F1,0x80CF,0xE6CA,0xF2CA,0xE28B,0xA9ED,0xA1ED,0x8130,0x894F,
  0x95AD,0x812F,0x8D90,0x9DEE,0x9E0E,0x9DEF,0x9DEE,0x9DEE,0x918D,0x91AC,0x814E,0x816F,0x8570,0xEF2C,0xADEC,0xBE4A,
  0x95CF,0x8132,0x8131,0x8132,0x8132,0x9E2F,0x9E2F,0x9E0F,0x9E0F,0x9A10,0x9A10,0x99EF,0x95EE,0x95EE,0xAA50,0xA650,
  0xD354,0x9A0F,0x9E0F,0xA250,0x8132,0x8133,0xAA95,0xC316,0xA276,0xC73A,0xCB3B,0x8137,0xDF9D,0xCB3C,0xCB3C,0xCF5C,
  0xDB7C,0xDB7C,0xDB7C,0xDF9D,0xE79D,0x863B,0x8E5C,0x8E5C,0x8E5B,0x8E5B,0x8E7C,0x8E7C,0x927D,0x929D,0x929D,0xE3BE,
  0xDFBE,0xDB9E,0xB71E,0x869F,0x92BF,0x8ABE,0x92BF,0x92BF,0x92DF,0xA6FE,0xE3DF,0xE3BF,0xE3BF,0xE3BF,0xE3BF,0xFBFF,
  0xC3BF,0xBF9F,0x839F,0x837F,0x823E,0x827F,0x821E,0x817B,0x817A,0x8137,0x8116,0x8138,0x80D1,0x80CF,0x8132,0x80AC,
  0x80AC,0x80AB,0x808A,0x80AC,0x8068,0x8068,0x8067,0x8046,0x8067,0x8067,0x8023,0x8045,0x8023,0x8023,0x8023,0x8089,
  0x8023,0x8023,0x8002,0x8002,0x8023,0x8023,0x8023,0x8002,0x8023,0x8022,0x8002,0x8002,0x8002,0x8022,0x8022,0x8001,
  0x8DB4,0x8002,0x9E17,0xFF48,0x99F2,0x8002,0x8000,0x8D90,0x8066,0x8000,0xC4A0,0xA860,0x8024,0x8024,0x8023,0x8001,
  0xD900,0x8001,0x8000,0xA5D0,0xB233,0x9A16,0x91B4,0x84EE,0x84CA,0x8001,0x8066,0x8487,0xB9AB,0x8022,0x8022,0x8022,
  0x8022,0x8422,0x9042,0x9062,0x9062,0x9062,0x8442,0x8422,0x8422,0x8022,0x8022,0x8022,0x8022,0x8022,0x8022,0x8022,
  0x8022,0x8002,0x8022,0x8023,0x8022,0x8002,0x8022,0x8022,0x8002,0x8002,0x8002,0x8002,0x8002,0x8002,0x8002,0x8002,
  0x8002,0x8002,0x8002,0x8022,0x8022,0x8842,0x8C63,0x8C42,0x8842,0x8023,0x8023,0x8023,0x8022,0x8022,0x8022,0x8022,
  0x8022,0x8002,0x8002,0x8022,0x8022,0x8002,0x8002,0x8021,0x8021,0x8001,0xFFA5,0xDE6E,0xEEAE,0xFF2F,0xC610,0xFFAF,
  0xF70F,0xDA90,0xFF70,0xEAF1,0xE2D2,0xDEB1,0xAD8D,0xAD8E,0xA96E,0xA54D,0x90A7,0xA96D,0xA52B,0x8023,0x88A7,0x8CA8,
  0x90C9,0x90C9,0x8CA8,0xA529,0x8887,0x8C86,0x94C8,0x94C8,0x90C8,0x8CA7,0x8887,0x8CA7,0x8CA7,0x88A7,0x8466,0x8465,
  0x8865,0xB0C2,0x8466,0x8444,0x8022,0x8422,0x8422,0x8445,0x8487,0x8002,0x8001,0x8002,0x8002,0x8002,0x8022,0x8023,
  0x8022,0x8002,0x8002,0x8002,0x8002,0x8002,0x8002,0x8021,0x8022,0x8022,0x8023,0xAD6D,0xA54C,0xA14B,0xA54B,0xB1AF,
  0xB9CE,0xC1ED,0xD671,0xCA52,0xFF2B,0xD24F,0xB1CF,0x8023,0xB18D,0xA98E,0xFA85,0xA96D,0xA54D,0xA96D,0x8000,0xA129,
  0xA56C,0xA56D,0xA96D,0xA54C,0xA54B,0xA96D,0xA56E,0xA56D,0xA14C,0x8023,0x8044,0x8465,0x8044,0x8464,0x8445,0x8002,
  0x98C8,0x8887,0x8CA8,0x8CA7,0x8C87,0x8CA7,0x8886,0x8866,0x8866,0x8866,0x8866,0x8466,0x8887,0x8886,0x8866,0x8466,
  0x8465,0x8866,0x8465,0x8865,0x8886,0x8866,0x8886,0x8465,0x8866,0x8866,0x8886,0x8444,0x8866,0x8866,0x8866,0x8886,
  0x8866,0x8444,0x8886,0x8001,0x8886,0x8886,0x8445,0x8444,0x8845,0x8844,0x8865,0x8865,0x9085,0x98A5,0x9063,0x8843,
  0x8C85,0x9084,0x8C63,0xA0A3,0x9063,0x8C63,0x8C64,0x8C85,0x8C85,0x8C85,0x8044,0x8CA7,0x8CA7,0x8465,0x8865,0x8445,
  0x8445,0x8466,0x8000,0x990B,0x9D2B,0x9D2B,0x990A,0xA12B,0xA56D,0xA12B,0x88A8,0x8445,0x8CA8,0x94E9,0x94E9,0xB5AE,
  0x8069,0x8068,0x80AB,0x80CD,0x80CD,0x80CC,0x80EF,0x810F,0x80EB,0x84EC,0xCA28,0xC627,0xB20A,0x8D4C,0x952A,0xA567,
  0x80CD,0x80CD,0x8574,0x8153,0x80AD,0x80AB,0x80AB,0x80AB,0x80AA,0x80AB,0x80AB,0x80AB,0x80AC,0x80CD,0x80CD,0xC24A,
  0xAE0C,0x812C,0x99AD,0x9DCC,0xA1CB,0xA5EC,0xBE0B,0xFFE8,0xEEC9,0x8510,0x80F0,0x80F1,0x80F1,0x8112,0x8532,0x8110,
  0x80F1,0xEB0C,0xD28E,0x80F2,0xAA13,0x8110,0x80EF,0x8111,0x80F0,0x80F0,0x80F0,0x80F0,0x80F0,0x80F0,0x80F1,0x80F1,
  0x80F1,0x80F1,0x80F1,0x80F0,0x80CF,0x80CF,0x80F0,0x8135,0x80D0,0x80B0,0x8115,0xFFEC,0xBDEC,0xA1EE,0x99CD,0x9DEC,
  0xA20C,0xA62D,0xA60E,0xA20E,0x9E0D,0x80EF,0x80F0,0x80F0,0x80CF,0xADEA,0xC229,0xBE2B,0xB5EC,0xCA4B,0xE2A9,0x95ED,
  0x858F,0x95EF,0x95EF,0x8573,0x8153,0x8153,0x8152,0x8152,0x95B0,0x80F1,0x8572,0x8991,0x91CF,0x95CF,0x99EF,0x9E10,
  0x9E50,0x9E2F,0x9E2F,0x9A0F,0x9E0F,0x95EF,0x8553,0x8553,0x8113,0xAA56,0xC71A,0xD79B,0x8157,0x8598,0x8197,0xD35C,
  0xDF7C,0xE39C,0x8159,0x85B9,0xDF7D,0xDB7D,0x861B,0x8E5B,0x85FA,0x8A5B,0x8E7C,0x8E7C,0x8E7C,0x8E5C,0x8E7D,0x925D,
  0xDFBF,0x821D,0xC33E,0xE7DF,0xEBDF,0xE3BE,0xEBFF,0x96DE,0x8ABF,0x8EBF,0x92BE,0xCB9F,0xBB5F,0xE3BF,0xE7DF,0xE7DF,
  0xE3DF,0xE3DF,0xFBFF,0xA35F,0x87BF,0x837F,0x82FF,0x823E,0x81DD,0x819C,0x817B,0x815A,0x8137,0x8115,0x80F2,0x80D0,
  0x80CE,0x80AD,0x80AC,0x808B,0x80AB,0x80AC,0x80AB,0x8066,0x8067,0x8066,0x8067,0x8066,0x8066,0x8024,0x8023,0x8023,
  0x8045,0x8023,0x8023,0x8023,0x8002,0x8023,0x8023,0x8023,0x8023,0x8002,0x8022,0x8002,0x8022,0x8023,0x8023,0x8022,
  0x91D5,0x8023,0x95D7,0xFB4B,0x854F,0x8001,0x8000,0x9191,0x8067,0x8400,0xFF44,0xC143,0x8024,0x8023,0x8022,0x8800,
  0xFF93,0x8001,0x8000,0x8970,0x8151,0x9190,0x890C,0x84A9,0x8044,0x8024,0x8065,0x8067,0x8465,0x94C8,0x90A6,0x8C85,
  0x8C85,0x8843,0xB8C0,0xC122,0xB0A0,0x9861,0x8842,0x9C81,0x8C64,0x8043,0x8023,0x8022,0x8022,0x8022,0x8024,0x8022,
  0x8022,0x8022,0x8022,0x8022,0x8022,0x8022,0x8022,0x8002,0x8002,0x8002,0x8002,0x8002,0x8002,0x8002,0x8002,0x8002,
  0x8002,0x8002,0x8022,0x8022,0x8022,0x9062,0x9461,0xDD60,0x9062,0x8443,0x8023,0x8023,0x8022,0x8022,0x8022,0x8022,
  0x8002,0x8022,0x8022,0x8022,0x8022,0x8022,0x8022,0x8022,0xB104,0xFFAC,0xF2EB,0xF6F2,0xEAB0,0xD630,0xCA52,0xE2B0,
  0xAE12,0x94EA,0xBDAA,0x8488,0x8888,0x8887,0x8045,0x8444,0x8023,0x8001,0x8000,0x8000,0x8000,0x8002,0x8023,0x8023,
  0x8023,0x8023,0x8022,0x8022,0x8023,0x8001,0x8001,0x8001,0x8022,0x8023,0x8023,0x8044,0x8044,0x8045,0x8065,0x8886,
  0x8886,0x8C85,0x8466,0x8465,0x8C85,0x8865,0x8444,0x8022,0xFA82,0x8422,0xFEE2,0x8001,0x8022,0x8022,0x8022,0x8023,
  0x8023,0x8022,0x8002,0x8002,0x8002,0x8002,0x8002,0x8022,0x8022,0x8023,0x8023,0x8023,0x8023,0x8023,0x8002,0x8001,
  0x8000,0xB169,0xD292,0xC651,0x996F,0xFFB6,0xB9CF,0x8044,0xADAE,0xAD8D,0xF665,0x9D4D,0xA54C,0xA96D,0x8000,0x8022,
  0x8404,0x8004,0xA98E,0xA56D,0x90A8,0xFBB7,0x89F3,0x9234,0x8CA7,0x8443,0x8002,0xD62D,0x8865,0xBDEE,0x8C86,0x8000,
  0x94C8,0x8486,0x8CA7,0x8CA7,0x9D2B,0x9D08,0x98E8,0x94C8,0x90C8,0x94C8,0x94E8,0x94E8,0x98E9,0x98E9,0x98E8,0x98E9,
  0x98E9,0x98E9,0x98E9,0x98E8,0x98E8,0x98E8,0x98E8,0x94E9,0x94E9,0x94E9,0x94E9,0x90C8,0x94C8,0xA928,0x94EA,0x8887,
  0x8866,0x8466,0x8866,0x8001,0x8886,0x8885,0x99AE,0x8D6D,0x84A7,0x88A7,0x8021,0x8022,0xF641,0xFA20,0x8C41,0x8443,
  0x8C85,0x8C84,0x8C63,0x8822,0x8843,0x8044,0x8866,0x8886,0x8C86,0x8886,0x8024,0x98E9,0x98E9,0x8866,0x8866,0x8466,
  0x8045,0x8465,0x8000,0x9D2B,0xA54C,0xA56D,0xA14C,0x990A,0xB16A,0xB18C,0xA96D,0xBDF1,0xB1AF,0xB58C,0xB5AC,0xB9AD,
  0x80EF,0x80EE,0x80AB,0x8045,0x80AC,0x80CC,0x80CC,0x80ED,0x80CA,0x80CA,0x9DAD,0x916E,0x896E,0x916D,0x956D,0xAD68,
  0x8D4C,0x80ED,0xBE0A,0xDA88,0x8130,0x808A,0x80AA,0x80AB,0x80AB,0x80AA,0x808A,0x80AC,0x80AC,0x80AC,0x80AC,0xA5AA,
  0x9DED,0x918C,0x956C,0x956B,0x8D4C,0x914D,0xB1AB,0xE646,0x80F0,0x80F0,0x80F1,0x80F1,0x80F1,0x80F1,0x80F1,0x80F0,
  0x80F0,0xCE6D,0x80F1,0x80F1,0x80F2,0x80F0,0x80EE,0x80ED,0x8110,0x80EF,0x80F0,0x80F0,0x80F0,0x80F0,0x80F0,0x80F0,
  0x80F0,0x80F0,0x80F0,0x80F0,0x80F0,0x80F0,0x80F0,0x80F1,0x8134,0x8176,0x8175,0x912F,0xFF8B,0xB24E,0xAA0D,0x896E,
  0x91AE,0xA20D,0x91AF,0xA60E,0x9E0D,0x99ED,0x80D0,0x80D0,0x80D0,0x80B0,0x80AF,0x80CF,0x80EE,0xBE4C,0xDACA,0x9E0E,
  0x9E0D,0x99EE,0x9A0F,0x9A0F,0x8572,0x8153,0x8131,0x8152,0x80F1,0x8591,0x80F1,0x80F1,0x8151,0x8591,0x91D1,0x9A10,
  0x8572,0x9E2F,0x9A0F,0x9A0E,0x95EE,0x91CE,0x8132,0x8153,0x8153,0x8153,0x91B5,0xD35C,0xD77D,0xB2D7,0x8E16,0x8DF3,
  0xCF35,0xDF7B,0xDF9D,0x81DA,0x85F9,0x81D9,0x85FA,0x89B8,0x8E5C,0x85FA,0x8E7C,0x8E7C,0x8E7C,0x8E7C,0x8E5D,0x8E5C,
  0xB71D,0xDF9E,0x8A5D,0xE7BE,0xE7BF,0xE7BE,0xE7BE,0xE7BE,0xC77F,0xA2DE,0x867D,0xAB1E,0xC73E,0xD39F,0xDB9E,0xD39F,
  0xDFBF,0xE3DF,0xDFBF,0xF3FF,0xFBFF,0xA7DF,0x875F,0x835F,0x82BF,0x81FE,0x823F,0x817B,0x8139,0x8159,0x8114,0x8136,
  0x80D2,0x80D0,0x80D1,0x80AB,0x80AB,0x80AB,0x808A,0x8069,0x8068,0x8068,0x8067,0x8046,0x8046,0x8046,0x8046,0x8023,
  0x8023,0x8023,0x8023,0x8023,0x8003,0x8023,0x8023,0x8023,0x8024,0x8002,0x8023,0x8023,0x8023,0x8023,0x8044,0x8002,
  0x91B5,0x8023,0x99F5,0x9DB2,0x850E,0x8000,0x8000,0x80EC,0x8046,0x8001,0x84A8,0x8066,0x8023,0x8023,0x8002,0x8001,
  0x8421,0x8000,0x8000,0x88CA,0xC39D,0x8D4E,0x84AA,0x80A9,0x8023,0x8067,0x8045,0x8023,0x8002,0xC653,0x992B,0xA14D,
  0xADAF,0x8442,0xFAC2,0xFBBF,0xEA21,0x9C61,0x8841,0xFFA8,0xB107,0xA98D,0x8023,0x8023,0x8022,0x8022,0x8022,0x8022,
  0x8022,0x8022,0x8022,0x8022,0x8023,0x8022,0x8022,0x8022,0x8002,0x8002,0x8002,0x8002,0x8002,0x8002,0x8002,0x8002,
  0x8002,0x8022,0x8022,0x8022,0x8022,0x9062,0x9C61,0xFFEE,0x9483,0x8442,0x8423,0x8023,0x8022,0x8022,0x8022,0x8022,
  0x8002,0x8002,0x8002,0x8002,0x8022,0x8022,0x8022,0x8422,0xB125,0xFFAB,0xEAAA,0xE6AE,0xC5ED,0xA96A,0x8C86,0x8002,
  0x8001,0x8042,0x8022,0x8001,0x8022,0x8023,0x8002,0x8002,0x8002,0x8000,0x8000,0x8420,0x9084,0x8424,0x8001,0x8002,
  0x8002,0x8001,0x8001,0x8000,0x8000,0x8001,0x8001,0x8001,0x8000,0x8000,0x8000,0x8001,0x8001,0x8002,0x8002,0x8002,
  0x8002,0x8002,0x8000,0x8000,0x8001,0x8000,0x8001,0xFFFA,0xEB55,0x8CC8,0x8003,0x9882,0x8002,0x8002,0x8002,0x8022,
  0x8023,0x8022,0x8022,0x8002,0x8002,0x8002,0x8022,0x8022,0x8022,0x8022,0x8022,0x8022,0x8022,0x8002,0x8002,0x8001,
  0x8000,0xA528,0x8D2F,0x952F,0x996F,0x952D,0xA56D,0x8445,0x910A,0x8023,0x8002,0xFFB0,0xC5C9,0x8445,0xBE73,0xE225,
  0xF7B0,0xFFEC,0x88A6,0x8465,0x8000,0xAA54,0x8046,0x8445,0x8445,0x8445,0x8002,0x90C8,0x8466,0x8466,0x8044,0x8001,
  0x94A7,0xADAE,0x8001,0x8044,0x8044,0x8022,0x8022,0x8002,0x8001,0x8001,0x8001,0x8000,0x8000,0x8001,0x8001,0x8002,
  0x8002,0x8001,0x8002,0x8002,0x8001,0x8001,0x8000,0x8001,0x8000,0x8000,0x8000,0x8001,0x8001,0x8001,0x8001,0x8002,
  0xA14B,0x9D2B,0x9D2A,0x8000,0x8865,0x98E9,0x8D6E,0x8465,0x8465,0x8465,0x8465,0x8466,0x8844,0xFFB8,0xD5C5,0x8421,
  0x8000,0x8464,0x8003,0xF326,0xD181,0x8486,0x8465,0x8001,0x8001,0x8465,0x8002,0x8002,0x8023,0x8886,0x8486,0x8466,
  0x8465,0x8466,0x8000,0xA54B,0x9D0A,0xA52A,0xA14C,0xA54D,0xD60B,0xC5CA,0x90A5,0x9085,0x8001,0x8022,0x8022,0x8022,
  0x80EF,0x80EF,0x80AC,0x80CD,0x80AA,0x80CE,0x80CC,0x80CC,0x80CD,0x8025,0x80CE,0x80CE,0x80EE,0x80AC,0x80EE,0x8D4E,
  0xBDC8,0xDE47,0xB9C7,0xA989,0x8110,0x80F0,0x80AA,0x80AB,0x80AB,0x80AB,0x80AB,0x80F1,0x890D,0x810E,0x952B,0xBA09,
  0xA5AA,0x80AA,0x916B,0x956B,0x99AD,0x99AD,0xA1CD,0xFF26,0x80F0,0x80F1,0x80F1,0x80F1,0x80F1,0x80F1,0x80F1,0x80F1,
  0x80F0,0x850F,0xD68C,0x8D50,0x8110,0x80EE,0x80EE,0x80EE,0x80EF,0x8110,0x80EF,0x80CF,0x80EF,0x80F0,0x80F0,0x80F0,
  0x80F0,0x80F0,0x80F0,0x80F0,0x80F0,0x80F0,0x80F0,0x80F1,0x80F1,0x80F2,0x8134,0x8954,0xB1AF,0xA5AE,0x8131,0x958E,
  0xAA0E,0xAA2D,0xAA0E,0xA1CE,0xBE6B,0x99CD,0x918E,0x95AF,0x80F1,0x8155,0x8175,0x80D0,0xA62E,0xB62D,0xDF11,0xFF90,
  0xF34D,0xA60E,0xA62E,0xF36E,0xA60E,0xA60E,0x9DCD,0x8550,0x80CF,0x816F,0x8970,0x8131,0x856F,0x99AE,0x8151,0x8150,
  0x8970,0x95F0,0x99EE,0x99EE,0x852D,0x91CE,0x8590,0x8571,0x9A0E,0x9E0F,0xA231,0xBEF7,0xB6B6,0xC2F6,0xD799,0x89B4,
  0xC2D2,0xD359,0xDB7C,0xE79D,0x89D8,0x81F9,0x85D9,0x85D9,0x89FA,0x89D9,0x85B9,0x8E3B,0x89D9,0x8E3B,0x8E5C,0x8E5C,
  0x8E5D,0x8E5C,0x8E5D,0x8E7D,0x927C,0xD37E,0xE3BE,0xE3BE,0xE7BF,0xE3BE,0xCB5E,0xA2DE,0x9EDE,0x92BF,0xBF3E,0xE3BE,
  0xDFBF,0xE3BF,0xE7DF,0xEBDF,0xEBDF,0xEFFF,0xFFFF,0xCBDF,0x837F,0x835F,0x82BF,0x81BD,0x819D,0x81FE,0x815A,0x8139,
  0x8117,0x8136,0x8115,0x80CE,0x80F0,0x80AE,0x808B,0x808A,0x808A,0x8068,0x8068,0x8068,0x8068,0x8067,0x8066,0x8046,
  0x8046,0x8024,0x8023,0x8023,0x8023,0x8045,0x8023,0x8023,0x8023,0x8023,0x8023,0x8023,0x8023,0x8024,0x8023,0x8002,
  0xE2F1,0x8023,0x91D5,0x80CE,0x80CC,0x8088,0x8000,0x8950,0x8068,0x8001,0x8066,0x8045,0x8002,0x8001,0x8002,0x8001,
  0x8021,0x8001,0x8000,0x88EC,0x890C,0x850C,0xB5F0,0x8089,0x8022,0x8066,0x8065,0x8045,0x88C9,0x84A8,0x8023,0x8887,
  0x8887,0x8886,0x9CA5,0xA0E6,0x90A6,0x90A7,0x8C86,0x8885,0x8464,0x90C8,0xB9F1,0x8002,0x8022,0x8022,0x8022,0x8022,
  0x8022,0x8022,0x8022,0x8023,0x8023,0x8023,0x8023,0x8022,0x8022,0x8002,0x8002,0x8002,0x8002,0x8002,0x8002,0x8022,
  0x8023,0x8022,0x8022,0x8022,0x8022,0x8422,0x8001,0xCD62,0x8443,0x8022,0x8022,0x8022,0x8022,0x8022,0x8022,0x8022,
  0x8022,0x8022,0x8022,0x8022,0x8022,0x8022,0x8023,0x8022,0x8422,0xB545,0x8021,0x8C42,0x8842,0x8001,0x8001,0x8002,
  0x8022,0x8002,0x8000,0x8000,0x8000,0x8001,0x8023,0x8044,0x8866,0x8443,0x8000,0xC1EE,0x9D4E,0x8467,0x8001,0x88A9,
  0x8886,0x8043,0x8002,0x9463,0x8886,0x8001,0x8486,0x8486,0x8466,0x8000,0x8022,0x8422,0x9862,0x8001,0x8423,0x8842,
  0x8C42,0x8843,0x8445,0x8444,0x8422,0x8000,0xFF49,0xCDCB,0xA5CF,0x8043,0x8001,0x8002,0x8022,0x8001,0x8001,0x8001,
  0x8002,0x8022,0x8023,0x8023,0x8023,0x8023,0x8023,0x8023,0x8023,0x8023,0x8022,0x8022,0x8001,0x8001,0x8421,0xFBB7,
  0x8000,0x9CE6,0xEF55,0xFF74,0xF753,0xEAF2,0xD670,0xC60F,0xA96E,0x8886,0x8486,0x88A8,0x8887,0x8023,0x8441,0xD9E3,
  0xFBD7,0xD144,0x8465,0x8466,0x8001,0x9590,0x8045,0x8002,0x8445,0x8445,0x8444,0x8CA7,0x94E9,0x8466,0x8465,0x8001,
  0x8001,0x8001,0x8000,0x8023,0x8002,0x8002,0x8821,0x8001,0x8022,0x8022,0x8023,0x8023,0x8022,0x8022,0x8022,0x8444,
  0x8865,0x8465,0x8465,0x8465,0x8465,0x8044,0x8044,0x8444,0x8444,0x8021,0x8421,0x8001,0x8021,0x8022,0x8023,0x8002,
  0x8023,0x8022,0x8001,0x8000,0x8C65,0x90C8,0x890B,0x8444,0x8465,0x8465,0x8866,0x8486,0x8822,0xFEC2,0xD580,0x8420,
  0x8000,0x8464,0x8044,0xB8C2,0x9C83,0x8466,0x8444,0x8022,0x8444,0x8044,0xB503,0x98A6,0x90C8,0x8CC9,0x8486,0x8466,
  0x8022,0x8466,0x8001,0xB127,0x98C5,0x9483,0x8001,0x8001,0x8002,0x8002,0x8002,0x8022,0x8002,0x8002,0x8002,0x8001,
  0x80EE,0x8068,0x808A,0x80CD,0x8089,0x80EE,0x80AB,0x8089,0x80CE,0x808A,0x80EF,0x80EF,0x80EF,0x80CE,0x80EF,0x810E,
  0xB1C8,0xFAE6,0xB1A8,0xADC7,0x80CD,0x80AD,0x80EF,0x80CE,0x8089,0x808A,0x8111,0x8111,0xD5E5,0xEE85,0xADE9,0xA5A9,
  0x9D69,0x996B,0x84CB,0x958C,0x958C,0x99AC,0x9DCD,0xEEE7,0x810F,0x8112,0x8112,0x8111,0x8111,0x8111,0x80F0,0x80F0,
  0x80F0,0x80F0,0x80EF,0x954B,0xC22A,0x80EE,0x80EE,0x80EE,0x80EE,0x80EF,0x80EF,0x80EF,0x80EE,0x80EE,0x80CE,0x80EF,
  0x80EF,0x80EF,0x80EF,0x80EF,0x80F0,0x80EF,0x80F0,0x80F0,0x80F1,0x80F1,0x8111,0x8111,0x80F1,0xB9CD,0x8951,0xB22F,
  0x8132,0x8D8F,0xBA6D,0xBA4B,0xB66B,0xAA2D,0xA20F,0x9E0F,0x8133,0x8175,0x8155,0x8155,0x8110,0x80ED,0x80D0,0x80F1,
  0xE6EF,0xA60E,0xAE2D,0xE74E,0xA1EE,0xDB2D,0xA62E,0xA60D,0x99EE,0x99CD,0x918D,0x8130,0x95CF,0xA60E,0x8132,0x8571,
  0x958F,0x852F,0x99EE,0x9A0E,0x95CE,0x812F,0x91CE,0x95EF,0x9A0F,0x95F0,0xA250,0xA251,0xA672,0xAE94,0xDB7B,0x91B4,
  0xB672,0xCF17,0xDB7B,0xE39C,0xDB7C,0xEFDD,0x85D9,0x85FA,0x85D9,0x89D9,0x89D9,0x85D9,0x89FA,0x8DFA,0x8DFA,0x8E1B,
  0x8E5C,0x925C,0x925D,0x8E7D,0x8A5D,0xB2FD,0x9A9D,0xD37E,0xDB9E,0xDF9E,0xE39E,0xEBDE,0x869D,0x86BF,0x8E9F,0x8A9E,
  0xDF9E,0xDB9F,0xDFBE,0xE7DF,0xEBDF,0xEFDF,0xE7DF,0xF7FF,0xEFFF,0xBFFF,0x837F,0x82BF,0x82DF,0x823F,0x819B,0x81BC,
  0x817A,0x8159,0x8136,0x8114,0x8113,0x80CF,0x80CE,0x808A,0x80AB,0x808A,0x80AB,0x8068,0x8068,0x8067,0x8067,0x8024,
  0x8046,0x8046,0x8023,0x8045,0x8023,0x8023,0x8024,0x8023,0x8023,0x8023,0x8023,0x8023,0x8023,0x8023,0x8023,0x8001,
  0x8594,0x8001,0x89B4,0x8551,0x810E,0x8001,0x8001,0x8970,0x8067,0x8000,0xB103,0x9041,0x8000,0x8001,0x8001,0x8001,
  0xF201,0x8023,0x8001,0x8466,0x8466,0x8066,0x8087,0x8087,0x8002,0x8044,0x8002,0x8023,0x8044,0x8045,0x8002,0x8024,
  0x8466,0x8465,0x8865,0x8886,0x8466,0x8465,0x8887,0x8465,0x8043,0x8000,0x8887,0x8002,0x8022,0x8002,0x8002,0x8443,
  0x8465,0x8023,0x8023,0x8401,0x8022,0x8022,0x8022,0x8022,0x8022,0x8002,0x8002,0x8002,0x8002,0x8002,0x8022,0x8023,
  0x8023,0x8023,0x8023,0x8022,0x8001,0xA129,0x9909,0xC250,0x8CEA,0x8022,0x8022,0x8022,0x8022,0x8022,0x8022,0x8022,
  0x8022,0x8022,0x8022,0x8002,0x8022,0x8023,0x8023,0x8023,0x8021,0x8000,0xF2CC,0xF731,0xA94A,0x8001,0x8001,0x8422,
  0x8443,0x8000,0xBA11,0xB1CF,0xB1AF,0xADAE,0x8487,0xF6ED,0xA12B,0x8C87,0x8021,0xADAF,0xA14D,0x8466,0x8001,0x84A9,
  0x9D09,0x8022,0x8821,0xEEA2,0x88A7,0x8001,0x8066,0x8466,0x8066,0x8000,0x8465,0x8044,0x8001,0xB0A0,0xEDE0,0x8C00,
  0xE180,0xC0E0,0x8865,0x8866,0x8044,0x8022,0xFF0A,0xB98B,0x8023,0x8024,0x8002,0x8000,0x8002,0x8000,0x8000,0x8000,
  0x8000,0x8000,0x8001,0x8023,0x8023,0x8C63,0x8843,0x8044,0x8C20,0x8821,0x8801,0x8002,0x8021,0x8423,0x8423,0x8067,
  0x8000,0xA507,0xF797,0xDAF7,0xA16D,0xA18E,0xA16D,0x9D6D,0xA18E,0x8486,0x8465,0x8486,0x8465,0x8022,0x8000,0xBCE0,
  0xE140,0xC943,0x8465,0x8065,0x8000,0x9DD1,0x8CE9,0x88A7,0x8466,0x8465,0x8444,0x8CA7,0x950A,0x90E9,0x8CC8,0x8002,
  0x8002,0x8002,0x90C6,0x8465,0x8464,0x8022,0xE9E3,0x8864,0x8C85,0x8C85,0x8C86,0x8487,0x98A4,0x94A6,0x98E7,0x8865,
  0x8CA7,0x8CA7,0x8465,0x8886,0x8444,0x8CA6,0x8CA6,0x8865,0x8864,0x8442,0x9420,0x9441,0x8443,0x8023,0x8444,0x90E9,
  0x8066,0x8002,0x8002,0x8002,0x8023,0x88C9,0x8D2C,0x8443,0x8465,0x8444,0x8466,0x8486,0x8422,0xFE21,0xCD40,0x8420,
  0x8000,0x8865,0x8045,0xF203,0xB8E3,0x8486,0x8044,0x8022,0x8444,0x8444,0x8C85,0x8CA8,0x9CC6,0x94A6,0x8487,0x8466,
  0x8066,0x8044,0x8001,0x8022,0x8022,0x8022,0x8002,0x8022,0x8022,0x8022,0x8022,0x8002,0x8002,0x8002,0x8002,0x8002,
  0x8089,0x8068,0x8068,0x80CD,0x80CD,0x80CE,0x80EE,0x80EF,0x80AC,0x80EF,0x806A,0x80CF,0x80F0,0x80F0,0x80EF,0x80EF,
  0x810C,0xB588,0x9508,0xA9A7,0xA5A7,0x84EC,0x80EF,0x80CE,0x8088,0x80F0,0x80F0,0x8110,0x88EC,0xC5C8,0xA5CA,0x9968,
  0x9549,0x9D68,0x84CA,0x916B,0x80AB,0x80A9,0x9DAA,0x9DAA,0xFB68,0xB5ED,0x8110,0x8111,0x8111,0x80F1,0x80F0,0x80F0,
  0x80F0,0x80F0,0x80EF,0x80EF,0x80EF,0x80EF,0x80EF,0x80EF,0x80EF,0x80CF,0x80CE,0x8218,0x81D8,0x80CE,0x80CE,0x80EE,
  0x80EF,0x80EF,0x80EF,0x80F0,0x80F0,0x80F0,0x80EE,0x80EF,0x8111,0x80F1,0x80F0,0x80F0,0x80EE,0x996D,0xD24B,0x8153,
  0x8152,0xAE4E,0xC24D,0xA1EE,0x95AD,0xAE2D,0xCACD,0xC6AE,0x80F1,0x80F1,0x8154,0x8154,0x8175,0x8132,0x80EF,0x80F0,
  0x80AF,0xCE8C,0xB64D,0xAE2C,0xA62D,0xA22E,0xA20E,0xD6EC,0xC24B,0xEF2B,0xDECC,0xE2EC,0xE72C,0x8152,0x80F2,0x80F2,
  0x894F,0xA9EC,0xB22D,0xD6CB,0xA1EC,0x89B0,0x8150,0x95F0,0x99EF,0x8131,0x9E0F,0xCB18,0xBAD7,0x8DB2,0x8DB4,0x9194,
  0x8994,0x8DB5,0xD75B,0xDF7C,0xDF7C,0xE39D,0xEFBD,0x89D9,0x9618,0xB279,0x89B8,0x85B7,0x8598,0x89FA,0x8DFA,0x8E1A,
  0x8E1B,0x8E1A,0x8E5C,0x8E5C,0x8A5D,0x8A5C,0x865C,0xAADD,0xD77E,0xD77E,0xDB7E,0xDB9E,0xDF9E,0xDFBF,0x8A9E,0x869E,
  0xE3BF,0xDFBF,0xD37E,0xDFBF,0xE3DF,0xE7DF,0xE7DF,0xE3DF,0xE7DF,0xF3FF,0xCBDF,0x839F,0x839F,0x82BF,0x823E,0x81FE,
  0x81DE,0x817B,0x8138,0x8179,0x8115,0x80D0,0x80F1,0x80AE,0x80CD,0x80AB,0x808A,0x808A,0x808A,0x8068,0x8067,0x8067,
  0x8045,0x8046,0x8002,0x8067,0x8025,0x8023,0x8023,0x8023,0x8023,0x8023,0x8023,0x8023,0x8023,0x8023,0x8023,0x8002,
  0x952C,0x8001,0x89B4,0xE314,0x810E,0x8088,0x8002,0x8970,0x8067,0x8000,0xF2A2,0xACA0,0x8000,0x8001,0x8022,0x8002,
  0xF600,0x8024,0x8002,0x84A9,0x8488,0x8CEA,0x8045,0x8045,0x8001,0x8002,0x8001,0x8001,0x8002,0x8023,0x8023,0x8003,
  0x8002,0x8002,0x8045,0x8065,0x8066,0x8024,0x8487,0x8486,0x8045,0x8000,0x8000,0x8001,0x8022,0x8022,0x8001,0xB18C,
  0xBAB6,0x8024,0x8022,0xEEC9,0x8421,0x8021,0x8022,0x8023,0x8022,0x8022,0x8001,0x8001,0x8001,0x8022,0x8023,0x8043,
  0x8043,0xA928,0xA129,0x8886,0x8CA5,0xD6F6,0xBE95,0x8068,0x8025,0x8001,0x8022,0x8022,0x8022,0x8022,0x8022,0x8022,
  0x8022,0x8022,0x8022,0x8021,0x8022,0x9060,0x8843,0x8444,0x8443,0x8002,0xFF0C,0xA16F,0x8464,0x8000,0x8000,0xEA8D,
  0xA58F,0x90EB,0x8CEB,0x8CC9,0x8CA8,0x8887,0x8866,0x990B,0x9D0A,0x8887,0x8022,0xB1CE,0xA54D,0x8466,0x8001,0x8487,
  0x8467,0x8022,0x8464,0x90A6,0x8887,0x8001,0x8045,0x8044,0x8023,0x8000,0x8466,0x8866,0x8021,0xB8A0,0xFF8D,0x9800,
  0xFFB0,0xDDA1,0x8863,0x8443,0x8445,0x8443,0xFF2E,0xC1CC,0x8022,0x8022,0x8023,0xF685,0x98E9,0xB58D,0xEB59,0x8000,
  0xA4A2,0xFFD4,0xFFF2,0xC501,0x8864,0xFFFD,0xFFFB,0x88C8,0xFFAE,0xFFD9,0xF1C0,0x8001,0xDAAF,0xFFCF,0xEAEF,0x8953,
  0x8464,0xA107,0xC251,0x84EC,0x9D4C,0xA58E,0xA58E,0x9D4D,0xA16E,0x8486,0x8466,0x8466,0x8444,0x8001,0x8421,0xC501,
  0xF221,0xC8E2,0x8465,0x8044,0x8000,0xA1B0,0xB945,0x8865,0x8486,0x8466,0x8444,0x8464,0x94E9,0x94E9,0x8CA7,0x8002,
  0x8002,0x8486,0x8886,0x8885,0x8444,0x8022,0x8844,0x8444,0x8444,0x8C86,0x8C86,0x8887,0x9085,0x8487,0x8466,0x88A7,
  0x88A7,0x8CA7,0x8886,0x8886,0x8CA7,0x8C86,0x8C86,0x8886,0x8885,0x8864,0xB103,0xA0A2,0x8465,0x8465,0x8887,0x8487,
  0x8066,0x8022,0x8002,0x8002,0x8002,0x88C8,0x8D4C,0x950A,0x8465,0x8465,0x8866,0x8486,0x8422,0xFF89,0xD181,0x8420,
  0x8000,0x8886,0x8046,0xFBDD,0xC542,0x8465,0x8044,0x8023,0x8465,0x8444,0x8023,0x8487,0x98A4,0x8C65,0x8467,0x8045,
  0x8066,0x8067,0x8002,0x8002,0x8022,0x8022,0x8022,0x8022,0x8022,0x8022,0x8002,0x8002,0x8002,0x8002,0x8002,0x8001,
  0x80EF,0x80AC,0x80AB,0x80CE,0x80CE,0x8088,0x8089,0x8089,0x80EF,0x80EF,0x80EF,0x8048,0x80CF,0x80AC,0x80EF,0x80EE,
  0x80EC,0xA988,0xDE86,0xB5A6,0xA587,0xA9A7,0xADC8,0x810F,0x80CE,0x958E,0x80CF,0x8D2F,0xB1A9,0xCA08,0xB5E7,0x9D68,
  0x9548,0x80A8,0x8088,0x84C9,0x9169,0x9DAA,0x9DAA,0x9DAA,0x9DCC,0xA9CC,0x80EF,0xADCC,0x80F0,0x80F0,0x8110,0x80F0,
  0x80F0,0x80F0,0x80EF,0x80EF,0x80EF,0x80EF,0x80EF,0x80CF,0x80CE,0x80CE,0x80CE,0x80CD,0x80CD,0x80CD,0x80CD,0x85B6,
  0x8194,0x80EF,0x80EF,0x80EF,0x80EF,0x80EF,0x80EF,0x80EE,0x80EF,0x80F0,0x80F0,0x80CF,0x80F0,0x80F0,0x892E,0x9DCF,
  0x99F0,0x9DED,0x9170,0x810F,0x810F,0x80EE,0x80CF,0x8130,0x8173,0x80CF,0x8112,0x80F0,0x80F1,0x8176,0x8134,0x8176,
  0x8175,0x9191,0xFFD1,0xD66D,0xFB4E,0xA60E,0xA20E,0xDE8A,0xB1ED,0x894F,0x8134,0x9D6F,0xEF4D,0xDB31,0x9192,0x8551,
  0x8111,0x80F1,0x80D1,0x80D1,0xAE0D,0xA62C,0xA20D,0x8D90,0x8112,0x9DEE,0x9DED,0xA20F,0xB273,0x9DEF,0x9DF0,0xCF3B,
  0xAE57,0x8996,0xC6F9,0xD75B,0xDF7C,0xDF7C,0xDF7B,0xDB7B,0xDF9C,0xE39C,0xC71B,0x85B8,0x85B8,0x89B8,0x8DFA,0x8DFA,
  0x8E1A,0x8E1A,0x8E1B,0x8E5C,0x8E5D,0x865D,0x969D,0x925B,0x863C,0xD37F,0xDF9E,0x8E3B,0xA29D,0xD37E,0xD77E,0xD77E,
  0xDB9E,0xDF9E,0xE39E,0xCB9E,0xBB3E,0xD79E,0xCF7F,0xE3BF,0xE7DF,0xE7DF,0xE7DF,0xF3FF,0xBFBF,0x979F,0x877F,0x82DF,
  0x827F,0x81DE,0x81FE,0x819C,0x8159,0x80F5,0x8115,0x80D0,0x80CE,0x80CE,0x80CE,0x808B,0x8089,0x808A,0x8089,0x8068,
  0x8067,0x8067,0x8067,0x8066,0x8066,0x8067,0x8025,0x8023,0x8023,0x8024,0x8024,0x8024,0x8024,0x8023,0x8023,0x8003,
  0xB613,0x8001,0x85B4,0x8DB4,0x810E,0x8067,0x8001,0x8D4E,0x8067,0x8000,0x8C85,0x8443,0x8000,0x8001,0x8002,0x8002,
  0x9884,0x8003,0x8002,0x88EC,0x88EB,0x88CA,0x8066,0x8065,0x8001,0x8023,0x8023,0x8023,0x8045,0x8066,0x8066,0x8066,
  0x8066,0x8066,0x8066,0x8066,0x8066,0x8024,0x8066,0x8066,0x8066,0x8066,0xA16D,0xA98E,0xBE11,0xD294,0xD294,0x9DB1,
  0x91B2,0x8466,0x8002,0x8001,0xD293,0xD6D5,0xC275,0xADF3,0xBA34,0xF336,0xF712,0xF710,0xFB30,0xFF31,0xBE76,0xE37C,
  0xC6D8,0xCDCA,0xB1F0,0xA1D2,0x88CA,0x9170,0x8951,0x8087,0x8021,0xA0E5,0xDEB0,0xF776,0xFF73,0xFF72,0xE337,0xD2D7,
  0xEB13,0xFB74,0xE35A,0xE33A,0xF7BB,0xF2ED,0xAD8D,0xA16D,0x8445,0x8001,0xFF2D,0xA58F,0x8865,0x8001,0x8000,0xE627,
  0xD207,0x98A4,0x990C,0x990B,0x94A8,0x98EA,0x90A7,0xA12B,0x9D09,0x8887,0x8022,0xB1AD,0xAD6D,0x8466,0x8000,0x8887,
  0xA0E7,0x8023,0x8865,0xA0C6,0x8886,0x8000,0x8465,0x8466,0x8466,0x8000,0x8886,0x8886,0x8021,0xAC60,0xFFAF,0x9800,
  0xFB69,0xDDA0,0x8842,0x8843,0x8044,0x8443,0xFB4E,0xAD49,0x8002,0x8002,0x8443,0x8464,0x8864,0x88A6,0x8065,0x8001,
  0x8021,0x8CA7,0x90A7,0x90C8,0x8886,0x8CC9,0x90E8,0x88A6,0x8886,0x8CA7,0x8465,0x8001,0x8465,0x8887,0x8887,0x8068,
  0x8022,0x98C6,0xB5EF,0x8CCB,0xFFCC,0xDE05,0x98E9,0x990B,0x992C,0x8466,0x8487,0x8045,0x8044,0x8002,0x8443,0xD161,
  0xFB05,0xE581,0x8465,0x8044,0x8000,0x95D2,0x84A8,0x8887,0x8466,0x8465,0x8023,0x8044,0x98E9,0x8465,0x8464,0x8001,
  0x8023,0x8065,0x8045,0x8466,0x8464,0x8000,0x8000,0x8000,0x8001,0x8022,0x8422,0x8422,0x8422,0x8422,0x8422,0x8421,
  0x8421,0x8021,0x8001,0x8000,0x8000,0x8000,0x8000,0x8001,0x8002,0x8021,0x8421,0x8421,0x8001,0x8001,0x8000,0x994C,
  0x8044,0x8C65,0x8464,0x8022,0x8000,0x9D09,0xD1E9,0x8D0B,0x8045,0x8444,0x8466,0x8486,0x8001,0xF200,0xCD20,0x8421,
  0x8021,0x8886,0x8464,0xFEC2,0xA083,0x8443,0x8023,0x8022,0x8444,0x8465,0x8465,0x8887,0x8487,0x8886,0x8065,0x8044,
  0x8045,0x8087,0x8002,0x8002,0x8022,0x8022,0x8022,0x8022,0x8023,0x8023,0x8022,0x8002,0x8002,0x8002,0x8002,0x8002,
  0x80AC,0x80EF,0x80CC,0x80EF,0x80EF,0x8089,0x8089,0x80CC,0x80CE,0x808A,0x80AB,0x80AA,0x80CD,0x80AC,0x80EE,0x80EE,
  0xA189,0xA989,0xCDE5,0xA905,0x9906,0x9927,0x9D48,0xB5E8,0xB1E8,0xADEA,0xB5E9,0xA9A9,0x9968,0xB608,0xB1E8,0xA9C9,
  0x9528,0x8908,0x9128,0x9128,0x95AA,0x9DCA,0x9DCB,0x852A,0x958B,0xB20B,0xADCA,0xA18C,0x80EE,0x80EF,0x8173,0x9590,
  0x80CE,0x80EF,0x80EF,0x80EF,0x80EF,0x80EE,0x80CE,0x80CE,0x80CE,0x80CE,0x80CE,0x80CE,0x80CD,0x80CE,0x80CD,0x9658,
  0x8174,0x8573,0x80EF,0x80EF,0x80EF,0x80EF,0x80EF,0x80EE,0x8173,0x8973,0x80CF,0x80CF,0x80CF,0x80F0,0x852F,0xE2CB,
  0x9DED,0x99CD,0xD6AC,0x850F,0x810F,0x8530,0x80EF,0x80EF,0x8173,0x80D0,0x8154,0x8113,0x8113,0x8177,0x8133,0x8113,
  0x8111,0x8196,0xF30D,0x80D1,0xDEAF,0xB20C,0xBE2C,0xFB4C,0xADEF,0x80F1,0x8155,0x8154,0x8595,0xAE0E,0xAE52,0xC250,
  0x9172,0x8951,0x80F1,0x80D2,0xBA2D,0xA20D,0x95CC,0x852F,0x8111,0x95AE,0x99EC,0xA20E,0x95AE,0xA20E,0xA64F,0xBEF6,
  0xD75A,0x8995,0xCB1A,0xCF3A,0xDF7C,0xDB7C,0xCF3A,0xD75B,0xE39C,0xE7BD,0xDF7D,0x8DB7,0x85B8,0x8DF9,0x8DFA,0x8DFA,
  0x8E1A,0x8E1A,0x8A1A,0x8E1A,0x8E3B,0x8E3B,0x8A3B,0x9A7B,0x8A3C,0xBB1E,0xD35E,0x9E7C,0x8E3A,0x8A3C,0xBAFD,0xCB3E,
  0xD79E,0xDF9E,0xE3BE,0xDFBE,0xBF5E,0xCF7E,0xCF7E,0xDBBF,0xE3BF,0xE3BF,0xE7DF,0xE7DF,0xEFFF,0xEBFF,0xE7FF,0x8B9F,
  0x833F,0x829F,0x82BF,0x81DC,0x819C,0x8138,0x8159,0x8115,0x80F2,0x80D0,0x80CF,0x80CE,0x80AC,0x808B,0x808A,0x8089,
  0x8067,0x8068,0x8067,0x8067,0x8067,0x8046,0x8045,0x8066,0x8024,0x8045,0x8024,0x8024,0x8024,0x8024,0x8023,0x8002,
  0x9990,0x8001,0x89D5,0x8971,0x810D,0x8066,0x8001,0x80A9,0x8087,0x8000,0x8487,0x8044,0x8001,0x8002,0x8023,0x8002,
  0x8022,0x8023,0x8002,0x8045,0x8044,0x8024,0x8023,0x8023,0x8001,0x8045,0x8044,0x8043,0x88A7,0x88A7,0x950A,0x8CC9,
  0x88A8,0x8CC9,0x90EA,0x8066,0x8888,0x94EA,0x950A,0x992C,0xA14D,0x9D4C,0x8CA9,0x90C9,0x990B,0x9D4C,0x990C,0x956F,
  0x956F,0x8466,0x8001,0x950A,0xA54B,0xA14C,0x90EA,0x950B,0x910B,0x952C,0xC62F,0xADAE,0xA94A,0xB149,0x956F,0x8D2C,
  0x8D2D,0x952C,0x9DB0,0xA1B1,0x8466,0x996E,0x9570,0x8087,0x8001,0xDE2C,0xDE6E,0xBE31,0xD9EB,0xE64C,0xADCF,0x88A8,
  0xEE89,0xFF2B,0x88A8,0x8887,0xEF12,0xB9AB,0x94E9,0x9D2B,0x8023,0x8000,0xFF0D,0xA58F,0x8886,0x8002,0x8001,0xCE51,
  0xAD28,0xFA60,0x8CCA,0xBD66,0xF6C0,0xA109,0xA4E6,0xFF44,0xA12A,0x8CA8,0x8022,0xA56D,0x8CC9,0x8866,0x8000,0x88A8,
  0xA529,0x8443,0x9043,0xFB24,0x8886,0x8000,0x8466,0x8466,0x8486,0x8001,0x8886,0x8865,0x8000,0xA480,0xF600,0x9400,
  0xEDC0,0xD140,0x8842,0x8C43,0x8044,0x8443,0xFF07,0xC1CA,0x8023,0x8022,0x8445,0x8886,0x9CC5,0x8886,0x8065,0x8023,
  0x8465,0x8CA7,0x8CA8,0x8CC8,0x8CA8,0x8887,0x8CA7,0x8886,0x8886,0x8444,0x88A7,0x8001,0x8886,0x8887,0xC163,0x8066,
  0x8001,0x90A6,0xA56C,0x8CC9,0xFA42,0xD583,0x9D07,0x990B,0x9D4D,0x8066,0x8488,0x8067,0x8045,0x8002,0x8465,0xC962,
  0xFB0A,0xE9C2,0x8885,0x8465,0x8000,0x9614,0x84A9,0x88A8,0x8466,0x8465,0x8022,0x8043,0x94E9,0x8465,0x8465,0x8001,
  0x8465,0x8886,0x88A7,0x8021,0x8420,0xC4E0,0xC4E0,0xC4E0,0xC4E0,0xC8E0,0xC4E0,0xC0E0,0xC8E0,0xC8E0,0xCD00,0xC900,
  0xC4E0,0xBCC0,0xBCA0,0xB8A0,0xBCC0,0xC0C0,0xC0C0,0xC0C0,0xC0C0,0xD500,0xD920,0xD920,0xD500,0xCD00,0xC900,0x8000,
  0x8C85,0x8C84,0x8444,0x8001,0x8000,0x9D2A,0x890C,0x912C,0x8444,0x8466,0x8465,0x8465,0x8000,0xF6A0,0xCD20,0x8421,
  0x8001,0x8885,0x8464,0xC0C1,0x9CC4,0x8443,0x8024,0x8022,0x8465,0x8465,0x8465,0x8487,0x8C85,0x8C87,0x8887,0x8466,
  0x8044,0x8486,0x8001,0x8002,0x8002,0x8022,0x8022,0x8022,0x8045,0x8044,0x8023,0x8022,0x8022,0x8002,0x8002,0x8002,
  0x8089,0x80F0,0x80AA,0x8088,0x80EF,0x8088,0x8088,0x8089,0x80EE,0x806B,0xB9E6,0xAD86,0x80EC,0x84CA,0x8D0B,0xA1AA,
  0xA1A9,0xB566,0xAD47,0xFAE4,0x9CA5,0xA126,0xA126,0xB9E7,0xBE07,0xDAA8,0xA968,0xA9A8,0x9169,0x9989,0x9D89,0xA189,
  0x88E9,0x98C8,0xB166,0x84E9,0x8949,0xA5EB,0xA5CA,0xA9CA,0xAE0A,0x998A,0xCA69,0xD688,0x992A,0x80EE,0xB1EC,0xA60E,
  0xEF2A,0x810F,0x810F,0x80EF,0x80EF,0x80EE,0x80EE,0x80CE,0x80CE,0x80CE,0x80CE,0x80CE,0x80CE,0x8DB0,0x91F2,0x80F0,
  0x80EF,0x80EF,0x80EF,0x80CE,0x80EF,0x80EF,0x80EF,0x80CE,0x80EE,0x80EF,0x80F0,0x80F0,0x8DF7,0x9218,0xDA6C,0xE689,
  0xC24A,0xB20A,0xB60B,0xB20D,0x80EF,0x8110,0x80EF,0x80F0,0x80F0,0x80F0,0x80F0,0x80F1,0x80F1,0x80F1,0x80F1,0x80F1,
  0x80F1,0x80D0,0x8176,0x8112,0xA18D,0xF36D,0x9D8D,0x8131,0x80F2,0x85B8,0x8597,0x8996,0x8596,0x8595,0x8DB6,0x9171,
  0xE70D,0xFB8E,0xCAD1,0x9DD3,0xDA8C,0x810F,0x80D0,0x80F1,0x80D0,0x8531,0x80EF,0x99CE,0x95CF,0x9DEE,0xA20E,0x9E0F,
  0xA650,0xBAD5,0xC2F9,0xC719,0xC2F9,0xC719,0xCF1A,0xD33B,0xD35B,0xE39D,0xDF9D,0xDB7C,0x81B7,0x85B6,0x8177,0x8598,
  0x8E1A,0x8E19,0x8E19,0x8E1A,0x8E1A,0x8E1B,0x8E1B,0x8E3B,0x8E3C,0x923C,0x8E3B,0x8E3C,0xCF7E,0xD77E,0x9A7C,0x861C,
  0x8A3C,0xD75D,0xDB9E,0xE3BE,0xE39E,0xDF9E,0xE3BE,0xCF7E,0xCB7E,0xDF9E,0xDB7E,0xEFDF,0xEBDF,0xEBDF,0xEBDF,0xFBFF,
  0xDBDF,0x9FBF,0x837F,0x829E,0x829F,0x81FE,0x81DD,0x8179,0x8136,0x8137,0x8113,0x8113,0x80AD,0x80AC,0x80AC,0x80AB,
  0x808A,0x80AB,0x8067,0x8067,0x8067,0x8047,0x8046,0x8046,0x8066,0x8046,0x8066,0x8024,0x8023,0x8024,0x8023,0x8002,
  0x9970,0x8001,0x99F6,0xA148,0x80CB,0x8068,0x8001,0x80CA,0x8045,0x8000,0x8466,0x8465,0x8003,0x8002,0x8002,0x8022,
  0x8022,0x8002,0x8002,0x8002,0x8023,0x8023,0x8023,0x8023,0x8002,0x8002,0x8001,0x8001,0x8023,0x8043,0x8044,0x8044,
  0x8044,0x8045,0x90C9,0x88A8,0x8CC9,0x8CC9,0x8CC9,0x88A9,0x88A9,0x88A8,0x8487,0x90EA,0x94EA,0x8046,0x8045,0x8887,
  0x952C,0x8466,0x8023,0x8466,0x8466,0x8466,0x8465,0x8466,0x8466,0x8466,0xCE6F,0x8487,0x8CA7,0x8887,0x8043,0x8044,
  0x8465,0x8466,0x9D4D,0xA18F,0x8045,0x992C,0x9D2D,0x8465,0x8001,0x8CC9,0x8CA8,0x8066,0xA14C,0x9D2B,0x9063,0x8842,
  0x8885,0x94C6,0x8C86,0x8887,0x8088,0x910A,0x94E9,0xA56D,0x8023,0x8000,0xF269,0xA58E,0x8466,0x8001,0x8001,0xB1D0,
  0xA56C,0x98E8,0x8888,0x90A7,0x90A8,0x98EA,0x8CA9,0xA12C,0x9D2B,0x8CA8,0x8002,0x950A,0x990A,0x8444,0x8000,0x88C9,
  0x9CE9,0x8023,0x8865,0xE1C4,0x8487,0x8001,0x8444,0x8465,0x8466,0x8000,0x8466,0x8022,0x8000,0xA880,0xFE40,0xA420,
  0xFFC9,0xE5E1,0x8C63,0x8C42,0x8465,0x8044,0xFF28,0xBDAC,0x8023,0x8023,0x8887,0x8CA8,0x8887,0x88A7,0x8465,0x8887,
  0x8CA8,0x8CA8,0x8CA8,0x8CC8,0x88A7,0x8886,0x88A7,0x88A7,0x8887,0x88A8,0x88C9,0x8466,0x88A9,0x8CC9,0xF2A6,0x8466,
  0x8000,0x90A6,0xA98D,0x8CA9,0xA58E,0xB1EF,0x9085,0x9D2C,0x9D4C,0x8045,0x94A5,0x88A7,0x8044,0x8001,0x8444,0xCDE6,
  0xFFD1,0xD9A2,0x8444,0x8044,0x8000,0xA16B,0x84A8,0x88A8,0x8487,0x8486,0x8044,0x8065,0x94E9,0x88A7,0x8886,0x8001,
  0x8865,0x8885,0x8466,0x8420,0xCCE0,0xD900,0xD900,0xE540,0xE560,0xD0E0,0xC8C0,0xF621,0xD100,0xD0E0,0xC8C0,0xCCE0,
  0xC8C0,0xEDA0,0xD500,0xC8C0,0xF600,0xD0E0,0xD920,0xE9A0,0xD920,0xC8C0,0xF5E0,0xF241,0xD500,0xD920,0xDD40,0x8000,
  0x8864,0x8C85,0x8044,0x8001,0x8001,0xA16D,0x956E,0x910C,0x8465,0x8465,0x8465,0x8464,0x8000,0xE160,0xCD40,0x8400,
  0x8000,0x8865,0x8444,0xC584,0xB123,0x8886,0x8045,0x8023,0x8466,0x8465,0x8465,0x84A7,0x84A6,0x8886,0x8887,0x8466,
  0x8066,0x84A7,0x8000,0x8001,0x8002,0x8002,0x8022,0x8023,0x8045,0x8045,0x8023,0x8023,0x8023,0x8002,0x8002,0x8002,
  0x8089,0x80EF,0x8089,0x8089,0x8089,0x8088,0x8088,0x8089,0x810E,0xADCA,0xADC7,0xEEE6,0xB1C8,0xC1C7,0x9D48,0xB1A7,
  0xE225,0xFFCC,0x8CC5,0x84A6,0xD5E5,0xB146,0xC5A5,0xDE26,0xDA06,0x9107,0xD606,0xA568,0x80C9,0x9149,0x9D6A,0x88C8,
  0x952B,0xD5E8,0x84CA,0x9D89,0x9549,0x9949,0xC5E8,0xA5CA,0x916A,0x8529,0x958A,0x9DCA,0xA1CA,0xEAC9,0xEEC7,0xB62C,
  0xE2E9,0xADAC,0x810F,0x810F,0x80EF,0x80EF,0x80EE,0x80CE,0x80CE,0x80CE,0x80CE,0x80CE,0x80CE,0x80EF,0x8550,0x80CF,
  0x9E0D,0x95EE,0x80B0,0x91F7,0x8531,0x80CE,0x80CE,0x80CE,0x80CE,0xCB7E,0xCB1D,0x8111,0x80F0,0x80F0,0x80F1,0xFFD1,
  0xFFAB,0xC20A,0xBE0A,0xC24A,0xBA2A,0x80EE,0x80EF,0x80F0,0x8132,0x80F1,0x80F1,0x80F1,0x80F1,0x80F0,0x80F0,0x80F0,
  0x80F0,0x80CF,0x8112,0x80AE,0x80AE,0xDACD,0xDF2E,0x95B0,0x8113,0x80CF,0x8597,0x8997,0x8596,0x89B7,0x8596,0x8997,
  0x89B7,0x85B6,0xE2EE,0xFBB1,0xB213,0x8975,0x8114,0x8512,0xDF2D,0x84D1,0x80B0,0x95CE,0x812F,0x9E0E,0x99EE,0xB26F,
  0x99CE,0x99CE,0xA630,0xC2D6,0x99EE,0xBEB8,0xCB1A,0xB6B7,0xCF3A,0xCF3A,0xD75C,0xD77C,0xDB7C,0xDF7C,0x8197,0x8178,
  0x8DF9,0x8DF9,0x8DF9,0x8E1A,0x8E1A,0x8E1A,0x8E1B,0x8E1B,0x8A1B,0x8E1B,0x8E1B,0x8E1B,0x8E3B,0x8A1B,0xC31D,0xE7BE,
  0x8A3C,0x81FB,0xA6DE,0xD35C,0xE39E,0xE3BE,0xD77D,0xDB9E,0xE3BE,0xEBDE,0xCB5E,0xCB5E,0xD37E,0xE7BF,0xEBDF,0xE3DF,
  0xEBFF,0xEBFF,0xEFFF,0x877F,0x835F,0x827F,0x825F,0x81BD,0x817A,0x815B,0x80F4,0x80F4,0x80F2,0x80CF,0x80D0,0x80AC,
  0x80AD,0x808B,0x80AA,0x80AA,0x80AA,0x8067,0x8067,0x8067,0x8046,0x8024,0x8045,0x8067,0x8024,0x8023,0x8023,0x8001,
  0x994D,0x8022,0x9194,0xEAEB,0x8023,0x80A9,0x8001,0x80CB,0x8088,0x8001,0x8866,0x8443,0x8003,0x8002,0x8023,0x8023,
  0x8022,0x8002,0x8001,0x8002,0x8065,0x8002,0x8002,0x8002,0x8002,0x8002,0x8002,0x8002,0x8002,0x8002,0x8002,0x8002,
  0x8002,0x8002,0x8044,0x8023,0x8023,0x8023,0x88A8,0x8003,0x8001,0x8002,0x8045,0x8066,0x8067,0x8046,0x8045,0x8445,
  0x8065,0x8445,0x8001,0x8023,0x8487,0x8466,0x8888,0x8024,0x8887,0x8887,0x8487,0x8487,0x8487,0x8488,0x8466,0x8000,
  0x8045,0x8044,0x8044,0x8045,0x8002,0x90EA,0x992C,0x8023,0x8002,0x88A9,0x8CC9,0x8CEA,0x990A,0x90C8,0x9085,0x8865,
  0x8486,0x90A8,0xB147,0x8466,0x8045,0x8465,0x8465,0x8487,0x8023,0x8001,0xE6D0,0xA16E,0x8445,0x8000,0x8000,0xA58E,
  0xA96D,0xAD8C,0xB1AF,0xA98E,0xADAE,0xAD8E,0xA12C,0xA14C,0x990B,0x8465,0x8001,0x990A,0x990B,0x8465,0x8000,0x8887,
  0xF6C4,0x8022,0x8844,0x9066,0x8487,0x8001,0x8865,0x8865,0x8866,0x8000,0x8886,0x8886,0x8021,0xB4A0,0xFFFB,0xAC20,
  0xFFF9,0xE604,0x9063,0x8843,0x8044,0x8023,0xFEEA,0xA56E,0x8022,0x8023,0x8887,0x8887,0x8887,0x8887,0x8465,0x8486,
  0x8467,0x8046,0x84A8,0x8067,0x8023,0x8022,0x8487,0x88A7,0x8045,0x8487,0x88A8,0x88A9,0x88CA,0x8CC9,0x8CC9,0x8488,
  0x8002,0x94C7,0xADAE,0x8CA8,0x9D90,0x994D,0x992B,0x9D4D,0xA16D,0x8045,0x8467,0x8886,0x8044,0x8000,0x8400,0xC101,
  0xE141,0xD140,0x8043,0x8000,0x8000,0xC1EE,0x8487,0x88A7,0x8CA8,0x8CA8,0x8023,0x8466,0x8066,0x90C8,0x8CA7,0x8000,
  0x8465,0x8865,0x8001,0xD100,0xD4E0,0xD500,0xD900,0xFEE1,0xF620,0xD520,0xD500,0xFA60,0xEDC0,0xD920,0xE980,0xEDA0,
  0xD100,0xE160,0xE140,0xDD40,0xE560,0xD920,0xF5C0,0xFFA7,0xE140,0xE540,0xFA00,0xF5E0,0xD500,0xD500,0xD500,0xD920,
  0x8001,0x8C86,0x8486,0x8022,0x8022,0xB5F0,0x9D4D,0x8CEA,0x8465,0x8444,0x8444,0x8043,0x8000,0xFFB4,0xCD60,0x8420,
  0x8000,0x8443,0x8444,0x90C7,0xA4C3,0x8887,0x8446,0x8024,0x8466,0x8465,0x8466,0x84A8,0x84A7,0x88A7,0x8487,0x8467,
  0x8466,0x84A8,0xA0E4,0x8001,0x8002,0x8002,0x8023,0x8023,0x8047,0x8047,0x8024,0x8023,0x8023,0x8002,0x8002,0x8002,
  0x8089,0x8089,0x80EF,0x8089,0x8089,0x8089,0x80CD,0x80CC,0x80AB,0x80EE,0x8D4B,0xA588,0xA5A7,0xA587,0x9D67,0xA588,
  0xA189,0x9968,0x9548,0xA187,0xA9A7,0xFFEC,0xD1A6,0xFFFE,0xFFFD,0xEA25,0xBD87,0xA968,0x80C8,0x9508,0xA148,0xA169,
  0x8D09,0x912A,0x890B,0x996A,0x9D89,0x9948,0x9D89,0x9948,0x914A,0x956A,0x998A,0x958A,0x958B,0xA1EB,0xADEA,0xAA0B,
  0xAE2C,0xEEEA,0xBDEA,0x84ED,0x80EF,0x80EF,0x80EF,0xD2CF,0x80CE,0x80EE,0x80EE,0x80EE,0x80EE,0x80EE,0x80EE,0x80EE,
  0x850D,0x95AC,0x95AB,0xA1EA,0x91B1,0x8553,0x8D93,0x80CE,0x80CF,0x80CE,0xC31D,0xCB1D,0xBEDB,0xCB1C,0x8951,0xBAB8,
  0xC6F8,0xCE4B,0xFFF7,0xFFF8,0xCA8B,0xC28B,0xB64B,0x8132,0x8132,0x8111,0x80F1,0x80F0,0x80F0,0x80F0,0x80F0,0x80F0,
  0x80F0,0x80D0,0x80D0,0x80F1,0x8112,0x80F0,0x80F1,0x81B5,0x8156,0x8134,0x80AF,0x80CF,0x8596,0x8534,0x8576,0x8996,
  0x89B6,0x8DB6,0x8596,0x95F7,0xA213,0xAE51,0x95F3,0x8DB5,0x8133,0x8153,0x8151,0x80EF,0x91AE,0x95EE,0x95CF,0x95CF,
  0x8D8F,0x8D6E,0xB691,0xAE50,0xA64F,0xAE6F,0xAA31,0xC6FA,0xDF9D,0xCF3B,0xCB3A,0xC719,0xCF18,0xDF7B,0xDF7D,0x91D8,
  0x8177,0x89D9,0x8E19,0x8DF9,0x8DF9,0x8DF9,0x8DF9,0x8DFA,0x923B,0x8E1A,0x8E1B,0x8E1B,0x8E1B,0x8E1B,0x8E1B,0x861B,
  0x861B,0xE39E,0x821C,0x861C,0xBF1C,0xC73C,0xD35D,0xE39E,0xDB9D,0xE7BE,0xE3BE,0xE3BE,0xCF5D,0xE3BE,0xCF7E,0xE7DF,
  0xEBDF,0xE7DF,0xEBDF,0xF3FF,0xAB9F,0x879F,0x833F,0x82DF,0x827F,0x81DE,0x8138,0x815A,0x8117,0x80F4,0x80F4,0x80D0,
  0x80CE,0x80CF,0x808B,0x808A,0x8089,0x808A,0x8067,0x8068,0x80AC,0x8046,0x8067,0x8046,0x8024,0x8067,0x8067,0x8023,
  0x80ED,0x8003,0x8D71,0x892E,0x84EB,0x8067,0x8001,0x80EC,0x8088,0x8001,0xE9C2,0xB060,0x8002,0x8001,0x8022,0x8002,
  0xFE40,0x8022,0x8001,0x8002,0x8044,0x8001,0x8022,0x8023,0x8002,0x8002,0x8023,0x8023,0x8002,0x8002,0x8002,0x8002,
  0x8001,0x8001,0x8002,0x8002,0x8002,0x8002,0x8001,0x8001,0x8001,0x8002,0x8002,0x8002,0x8003,0x8003,0x8002,0x8466,
  0x8066,0x8465,0x8002,0x8001,0x8001,0x8001,0x8001,0x8002,0x8001,0x8001,0x8001,0x8000,0x8000,0x8001,0x8001,0x8001,
  0x8466,0x90A7,0x98C8,0x8865,0x8002,0x88A9,0x8CCA,0x8024,0x8001,0x8065,0x8466,0x8066,0x8466,0x8466,0x8045,0x8002,
  0x8024,0x8023,0x8023,0x8022,0x990A,0x8444,0x8444,0x8487,0x8023,0x8000,0xB1D0,0x9D4D,0x8044,0x8000,0x8000,0xB5AF,
  0xB56A,0xA94A,0xADAF,0xB5AE,0xB5AD,0xB1AE,0x90C9,0xA14C,0x90C9,0x8022,0x8001,0xADAF,0x950C,0x8466,0x8001,0x8887,
  0x8C85,0x8001,0x8866,0x98C7,0x8487,0x8001,0x8886,0x8886,0x8887,0x8001,0x8887,0x8886,0x8421,0xB0A0,0xFFAE,0xAC20,
  0xFFF2,0xEE63,0x8C43,0x8442,0x8022,0x8023,0xFE84,0xBD88,0x8023,0x8024,0x8001,0x8001,0x8000,0x8000,0x8000,0x8000,
  0x8001,0x8001,0x8000,0x8000,0x8000,0x8000,0x8000,0x8000,0x8000,0x8000,0x8001,0x8001,0x8001,0x8002,0x8CCA,0x8487,
  0x8022,0x9909,0xAE14,0xA1D3,0x996E,0x994D,0x994D,0xA16E,0x90C8,0x8465,0x8045,0x8466,0x8444,0x8001,0x8420,0xD5E4,
  0xFBD7,0xD961,0x8044,0x8022,0x8000,0x90C9,0x8C87,0x8C87,0x8CA8,0x8044,0x8023,0x8466,0x8045,0x8486,0x8886,0x8000,
  0x8C86,0xE180,0x8001,0xFEA1,0xFA80,0xC480,0xD900,0xFEC2,0xFEC1,0xDD20,0xFA00,0xFEE2,0xFE80,0xDD40,0xFF02,0xFF00,
  0xE140,0xFF02,0xFF01,0xF180,0xFF61,0xF180,0xFF21,0xFEE2,0xF600,0xF180,0xFFF4,0xFE80,0xD920,0xFE80,0xFA80,0xFA20,
  0x8400,0xEDC1,0x8C64,0x8022,0x8022,0x9D2B,0xA56D,0x90C9,0x8043,0x8444,0x8444,0x8465,0x8421,0xFE60,0xD540,0x8421,
  0x8000,0x8444,0x8024,0xF7AA,0x9822,0x8044,0x8045,0x8444,0x8466,0x8464,0x8023,0x8CA7,0xFEC2,0xB4C3,0x8487,0x8023,
  0x8022,0x8088,0x8002,0x8002,0x8022,0x8023,0x8023,0x8045,0x80CD,0x80AC,0x8046,0x8024,0x8023,0x8002,0x8002,0x8002,
  0x8089,0x8089,0x808A,0x8089,0x8089,0x8089,0x8089,0x8089,0x808A,0x80EE,0x9948,0x8067,0xA1A8,0xA5A7,0x9967,0xA9C9,
  0xA5A8,0xA1A8,0x9D88,0xA5A8,0xADC7,0xC1C6,0xD1E6,0xFFF7,0xFFFC,0xEA24,0xBD87,0xB986,0xBDC6,0xBDC7,0xAD88,0xA18A,
  0xB9EA,0xADC9,0x80EA,0x892A,0xA5A9,0xA589,0x9507,0xA148,0x8CE8,0x8D08,0x958A,0x99AB,0x8509,0x80EA,0x9DCB,0xA5EB,
  0xAA2C,0xB20B,0x9DAD,0x854F,0x80EF,0x80EF,0x80EF,0xC26C,0xC66D,0x80EE,0x80EE,0x80EE,0x80EE,0x80EE,0x80EE,0x80CE,
  0x80CE,0x958B,0x99CB,0x99CC,0x80CD,0x8193,0x89F7,0x80D0,0x80F0,0x8932,0x99D5,0xBABB,0xC71D,0xC31C,0xB6BA,0xA237,
  0xCF3B,0xD75B,0xF30D,0xFB6A,0xDAAA,0x9DCE,0xAE2E,0x8112,0x8112,0x8510,0x8110,0x80F0,0x80F0,0x80F0,0x80F0,0x80F0,
  0x80F0,0x80F0,0x80F0,0x80F0,0x80F1,0x80F1,0x80F0,0x81B7,0x8133,0x80CF,0x8133,0x8154,0x8575,0x80F0,0x8996,0x89B7,
  0x8510,0x85B8,0x89D7,0x8DD8,0x91D8,0x91F4,0x9A11,0x91F1,0x95F1,0x91D1,0x8DB2,0x80D0,0x95CE,0x99EE,0x856E,0xAA4E,
  0xA62E,0x99EE,0x99CD,0xA650,0xAA53,0xB271,0xB691,0xC6FA,0xCB19,0xD77C,0xB694,0xBEF7,0xCF18,0xD77B,0xDB7D,0x9618,
  0x81B8,0x85B8,0x8597,0x91F9,0x8DF9,0x8DF9,0x8DF9,0x8DF9,0x8E1A,0x8E1A,0x8E1B,0x8E1A,0x8E1B,0x8E1B,0x8E1A,0x8E1A,
  0x8E1B,0x8A1B,0x8A1B,0x8E1B,0x9E7C,0xBB1C,0xDB9D,0xD77D,0xDB9D,0xDB7D,0xD77D,0xDB9D,0xDF9D,0xD79E,0xD77E,0xD79E,
  0xD37E,0xE3BF,0xD79F,0xDFDF,0xE7FF,0xE3FF,0xE3FF,0x837F,0x82FF,0x82DF,0x823F,0x821F,0x8179,0x8158,0x8136,0x8136,
  0x80F3,0x8112,0x808B,0x80EF,0x80AD,0x808A,0x808A,0x808A,0x808B,0x8068,0x8068,0x8046,0x8046,0x8046,0x8045,0x8023,
  0x852F,0x8024,0x8D92,0x8950,0x84CA,0x8046,0x8001,0x80EC,0x8088,0x8001,0xCD82,0xA4A2,0x8001,0x8001,0x8001,0x8002,
  0xD541,0x8022,0x8001,0x8023,0x8044,0x8001,0x8022,0x8023,0x8002,0x8002,0x8022,0x8023,0x8002,0x8023,0x8002,0x8002,
  0x8002,0x8002,0x8002,0x8022,0x8022,0x8002,0x8002,0x8022,0x8022,0x8022,0x8022,0x8066,0x8066,0x8023,0x8022,0x8488,
  0x8088,0x8002,0x8065,0x8002,0x8002,0x8022,0x8023,0x8023,0x8023,0x8023,0x8023,0x8022,0x8022,0x8022,0x8022,0x8022,
  0x8024,0x8464,0x8444,0x8022,0x8001,0x8066,0x8087,0x8045,0x8002,0x8001,0x8001,0x8022,0x8023,0x8022,0x8002,0x8002,
  0x8002,0x8002,0x8002,0x8001,0x9909,0x8887,0x8466,0x8466,0x8023,0x8000,0xADB0,0x88A8,0x8044,0x8000,0x8000,0xB5F0,
  0xBDCB,0x8C85,0xADAF,0xA061,0xB9AC,0xB1AE,0x8045,0x990B,0x94E9,0x8886,0x8000,0xA9AF,0x990C,0x8465,0x8001,0x8CA7,
  0xDDE4,0x8002,0xA12B,0xAD4A,0x8488,0x8001,0x8886,0x8C86,0x8886,0x8001,0x8886,0x8866,0x8000,0xA4A0,0xFE60,0x9800,
  0xFA20,0xDDA1,0x8C62,0x8863,0x8044,0x8044,0xF687,0xB169,0x8044,0x8024,0x8002,0x8843,0x8821,0x8000,0x8023,0x8487,
  0x8486,0x8486,0x8486,0x8486,0x8886,0x8043,0x8465,0x8486,0x8887,0x88A8,0x8888,0x8488,0x8487,0x8486,0x8444,0x8023,
  0x8000,0x90C9,0x9DB2,0x8D2D,0x88A7,0x8886,0x8886,0x8C86,0x8465,0x8466,0x8044,0x8444,0x8445,0x8022,0x8421,0xD182,
  0xF202,0xDDA2,0x8045,0x8044,0x8001,0x90C8,0x8C87,0x8C86,0x8885,0x8864,0x8043,0x8065,0x8044,0x8466,0x8886,0x8000,
  0x9086,0xF201,0x8821,0xFF23,0xFAE2,0xFB00,0xE120,0xFEE2,0xFF02,0xED60,0xFE81,0xFF01,0xFF43,0xFA20,0xFFB6,0xFFD3,
  0xED60,0xFF8F,0xFFB0,0xF9E0,0xFFCF,0xFE62,0xFF00,0xFF20,0xFA20,0xFA20,0xFEE0,0xFEE1,0xE9A0,0xFEA1,0xFF49,0xFEC0,
  0x8C21,0xFFC6,0x8C64,0x8000,0x8000,0xA108,0xA56C,0x90E9,0x8022,0x8023,0x8465,0x8486,0x8421,0xFEA2,0xD540,0x8421,
  0x8001,0x8444,0x8444,0x9443,0x8864,0x8464,0x8000,0x8466,0x8866,0x8466,0x8044,0x8886,0x90A7,0x9CC5,0x8066,0x8045,
  0x8065,0x8089,0x8002,0x8003,0x8023,0x8023,0x8045,0x8068,0x8DD5,0x8174,0x8068,0x8044,0x8023,0x8022,0x8002,0x8002,
  0x8089,0x8089,0x8089,0x8089,0x8089,0x8089,0x8088,0x8088,0x8089,0x80AC,0x9D47,0xA188,0xA18A,0xC247,0x9989,0x9969,
  0x8D07,0x9947,0xA167,0xA587,0xB985,0xAD65,0xBDA4,0xCDA5,0xD5C5,0xBD65,0xA949,0xEE64,0xEE44,0xCE07,0xC1E7,0xCE29,
  0xCA28,0xADA9,0xB1C8,0x9528,0xB1A8,0xDE06,0xD1C4,0x9928,0x9D68,0x9129,0x8D2B,0x9DEC,0x896C,0x998A,0x99AA,0x916A,
  0x95AB,0x9DEB,0xA20C,0xFF29,0x84EF,0x850E,0x850F,0xC66D,0xBA2C,0x88CB,0x80CD,0x80CE,0x80EE,0x80CE,0x80CE,0x80CE,
  0x80CE,0x850D,0x9DCA,0x99AB,0x810C,0xA62B,0xA22D,0x8550,0x80EF,0x80CE,0x80AD,0x84EF,0x99B3,0xB6BA,0xCB3C,0xCF3C,
  0xCF3C,0xD35C,0xCB1A,0xD717,0xDB16,0x8111,0x80F0,0x80F0,0x80D0,0xAE57,0xDB5C,0x8111,0x8110,0x80EF,0x8111,0x80F0,
  0x80F0,0x80F0,0x80F0,0x80F0,0x80F0,0x80F0,0x80F0,0x80F0,0x80F0,0x80F0,0x8132,0x8554,0x8553,0x80D0,0x8575,0x8996,
  0x8554,0x8575,0x8997,0x8D97,0x8DB7,0xAE73,0x99F1,0x91D1,0x8590,0x9E4D,0x9E2E,0x8550,0x9DD0,0xAA2E,0xA62D,0x95CC,
  0x8D8C,0x95CD,0x99CC,0x9DCE,0xB678,0xAA74,0xAE70,0xC2F9,0xCB19,0xCB19,0xB293,0xB6B5,0xCB18,0xCF39,0xC719,0xD75A,
  0x91D6,0xA238,0x8DB6,0x8597,0x8DF9,0x9219,0x8DF9,0x8DF9,0x8DF9,0x8DF9,0x8DF9,0x8DF9,0x8E1A,0x8DF9,0x8DFA,0x8E1A,
  0x8E3B,0x8E3B,0x8E3B,0x8E3C,0x8E1C,0x8E1C,0x925B,0x925C,0x8E7C,0xC73D,0xD37D,0xD37D,0xDF9D,0xE39C,0xD37B,0xD77D,
  0xD77E,0xD77E,0xD77F,0xD79E,0xE3DF,0xE7DF,0xEBDF,0xFBFF,0x875F,0x837F,0x835F,0x82DF,0x821E,0x821F,0x819B,0x81BB,
  0x8159,0x8137,0x80CF,0x80F1,0x80D0,0x80CE,0x80AC,0x80AB,0x80AC,0x8067,0x8067,0x8067,0x8046,0x8067,0x8046,0x8023,
  0x8024,0x8023,0x8D92,0x8D50,0x8088,0x80A9,0x8002,0x8088,0x8066,0x8000,0x8087,0x8066,0x8023,0x8022,0x8002,0x8002,
  0x8001,0x8002,0x8002,0x8024,0x8066,0x8002,0x8023,0x8002,0x8002,0x8002,0x8002,0x8002,0x8002,0x8022,0x8023,0x8002,
  0x8002,0x8002,0x8002,0x8022,0x8022,0x8002,0x8002,0x8022,0x8022,0x8022,0x8002,0x8002,0x8022,0x8023,0x8023,0x8022,
  0x8066,0x8044,0x8022,0x8022,0x8022,0x8002,0x8002,0x8022,0x8002,0x8002,0x8022,0x8002,0x8002,0x8022,0x8022,0x8022,
  0x8022,0x8065,0x8023,0x8022,0x8001,0x8023,0x8086,0x8045,0x8044,0x8002,0x8022,0x8022,0x8442,0x8022,0x8023,0x8023,
  0x8023,0x8023,0x8023,0x8022,0x8002,0x8022,0x8002,0x8001,0x8001,0x8000,0xADAF,0x88A8,0x8045,0x8000,0x8000,0xB5D0,
  0xB5AA,0xC60D,0xB9CE,0xB1AC,0xB18D,0xB1AE,0xA56D,0xB18E,0xDA4D,0x90E9,0x8021,0xD22D,0x9D2A,0x8444,0x8000,0x8CC9,
  0xA0C5,0x8023,0x8487,0xA108,0x88A8,0x8001,0x8865,0x8865,0x8865,0x8000,0x8865,0x8444,0x8000,0xB0A0,0xFFAF,0xA000,
  0xFF8B,0xEE42,0x8C64,0x8C64,0x8066,0x8444,0xD20C,0x9D4C,0x8044,0x8045,0x8001,0x9882,0xC521,0x8001,0x8C85,0x9D0A,
  0xA54B,0xA56B,0xA56B,0xA16C,0xA98D,0xADAD,0xB1CE,0xB5CE,0xC20F,0xBA0F,0xB5EE,0xB5EE,0xB5CD,0xB18C,0xD605,0x8844,
  0x8001,0x8002,0x890B,0x8023,0x8001,0x8001,0x8001,0x8001,0x8000,0x8863,0x8443,0x8001,0x8022,0x8465,0x8000,0xCDC3,
  0xFBD8,0xE581,0x8065,0x8024,0x8001,0xF1C0,0xFFD3,0xF5A0,0xFF45,0xCCC0,0x8022,0x8444,0x8486,0x8CA8,0x8CC9,0x8400,
  0x9C85,0xFFE9,0x8821,0xFFFD,0xFBDF,0xFFFF,0xF9C0,0xFFDD,0xFFFF,0xFE60,0xFF05,0xFFFE,0xFFD9,0xFE40,0xFFFE,0xFFFF,
  0xFE40,0xFFFF,0xFFFF,0xFE61,0xFFFF,0xFAE5,0xFFFD,0xFFFE,0xF243,0xFAE3,0xFFFE,0xFFD6,0xFA40,0xFFFF,0xFFFF,0xFEC1,
  0x9041,0xFFC2,0xA0A4,0x8000,0x8420,0xEE83,0x912B,0x90A6,0x8445,0x8887,0x88A8,0x88A8,0x8822,0xFFD3,0xD560,0x8420,
  0x8000,0x8444,0x8444,0x8465,0x8465,0x8486,0x8024,0x8465,0x8466,0x8486,0x8001,0x8465,0x8CA7,0x8866,0x8466,0x8465,
  0x8045,0x8067,0x8001,0x8002,0x8044,0x8045,0x80AB,0x80EF,0xF7DF,0xFBDF,0x8596,0x8068,0x8066,0x8023,0x8022,0x8022,
  0x8089,0x8089,0x8089,0x8089,0x8089,0x8089,0x8089,0x8089,0x8089,0x8089,0x80AA,0x80CD,0x80EF,0xCE27,0x890B,0xA189,
  0xA567,0x9D47,0x94E7,0xBD66,0xFAC4,0x80A9,0x84A9,0x9908,0xCDC5,0xA96A,0x8931,0x8931,0xFF64,0xD9E7,0xD607,0xD607,
  0xD647,0xB5C8,0xB9C8,0xAD87,0xB587,0xE646,0x8CE7,0x8D08,0x9968,0x9D88,0x954A,0xA9EB,0x80ED,0x9989,0x9989,0x914A,
  0x998B,0x99AA,0x99AA,0xADCB,0xB5EB,0xB20A,0xB22B,0xB22A,0x896C,0xD688,0x806D,0x80CD,0x80CD,0x80CE,0x80CE,0x80CD,
  0x80CE,0x80CC,0xA1CA,0x9DAA,0x998B,0x80CE,0x8D8F,0xA22C,0x80CE,0x80CD,0x80AC,0x8D51,0xC2FC,0x8931,0xBABB,0xB299,
  0xB6B9,0xC6FB,0xC71B,0xD33C,0xDB5C,0xD35C,0x80D0,0x80F0,0x80D0,0x80F0,0xD75C,0xCF3C,0xC6FB,0x95B4,0xC73C,0x80F0,
  0x80D0,0x80F0,0x80F0,0x80F0,0x80F0,0x80F0,0x80F0,0x80F0,0x80F0,0x80F0,0x80D0,0x80EF,0x80EF,0x80CF,0x8555,0x8596,
  0x808C,0x808B,0x8974,0x8134,0x8598,0xC2D0,0xC6D3,0xAA56,0x8173,0xAA31,0xA231,0xA1F0,0xE79C,0xCF15,0xAA4E,0x9DEC,
  0x8D6C,0x918C,0x91AC,0x80CD,0x99CE,0xAA50,0xAE51,0xAA52,0xC719,0xCB1A,0x9A14,0x91F3,0xAA93,0xAE93,0xCB18,0xC6F7,
  0xCF3A,0xD33B,0xB279,0x85B8,0x85B8,0x9219,0x8DF9,0x8E19,0x8DF8,0x8DF9,0x8DF9,0x8DF9,0x8DF9,0x8DF9,0x8DF9,0x8E1A,
  0x8E3A,0x8E3B,0x8E3B,0x8E1B,0x8A1B,0x8A1A,0x85FB,0xDBBD,0x8A3C,0x8A1B,0xD35C,0xDB7C,0xDB7C,0x8659,0x9257,0xDF9B,
  0xD77C,0xCF3E,0xCB5E,0xD79E,0xD79F,0xE3BF,0xE7DF,0xE7DF,0xF7FF,0xFBFF,0x839F,0x837F,0x831F,0x829F,0x821F,0x81DE,
  0x817A,0x8138,0x8115,0x80F3,0x80F1,0x80D0,0x80AC,0x80CD,0x80AC,0x808B,0x80AB,0x8046,0x8046,0x8067,0x8068,0x8046,
  0x8025,0x8024,0x9DF4,0x8D70,0x8088,0x8088,0x8002,0x8088,0x8044,0x8000,0x8066,0x8045,0x8023,0x8023,0x8022,0x8002,
  0x8002,0x8002,0x8002,0x8023,0x8066,0x8002,0x8023,0x8023,0x8002,0x8002,0x8002,0x8002,0x8002,0x8022,0x8023,0x8022,
  0x8002,0x8002,0x8002,0x8002,0x8002,0x8002,0x8022,0x8022,0x8002,0x8002,0x8002,0x8002,0x8022,0x8022,0x8002,0x8022,
  0x8023,0x8002,0x8022,0x8022,0x8002,0x8022,0x8002,0x8002,0x8002,0x8002,0x8022,0x8002,0x8002,0x8022,0x8022,0x8002,
  0x8002,0x8022,0x8002,0x8002,0x8002,0x8001,0x8023,0x98E9,0x8065,0x8002,0x8002,0x8422,0x9862,0x8843,0x8023,0x9062,
  0x8022,0x8023,0x8023,0x8002,0x8022,0x8022,0x8002,0x8022,0x8002,0x8000,0x990B,0x88A8,0x8466,0x8001,0x8000,0xA98E,
  0xB9AC,0xB98B,0xA52B,0x8CA6,0x8886,0x90C8,0x8CA8,0x8CC9,0x94E9,0x8CC9,0x8002,0xB9CF,0x8067,0x8443,0x8000,0x8487,
  0x8CA6,0x8044,0x8466,0xA108,0x8487,0x8001,0x8044,0x8044,0x8445,0x8000,0x8886,0x8465,0x8001,0xAC80,0xF643,0xA420,
  0xFF47,0xE9E1,0x8442,0x8444,0x8465,0x8023,0xFAC8,0xA12A,0x8044,0x8023,0x8001,0x9483,0xB4E3,0x8001,0x94C7,0xB5AE,
  0xBDEF,0xBE10,0xBA11,0xBA11,0xCA94,0xDAD5,0xD6D5,0xDAD5,0xEB16,0xCE93,0xCE73,0xCA52,0xC652,0xC231,0xFB6C,0x9464,
  0x8488,0x8088,0x8023,0x8044,0x8024,0x8024,0x8065,0x8001,0x8002,0x8421,0x8822,0x9042,0x8423,0x8488,0x8000,0xCDE5,
  0xFF2A,0xED81,0x8044,0x8023,0x8000,0xF160,0xFEC0,0xF5A0,0xFF66,0xD0E0,0x8022,0x8465,0x8887,0x8CC9,0x8CC9,0x8001,
  0xA0A3,0xB8C1,0x8042,0xFFFF,0xFFFF,0xFFFF,0xF641,0xFFFF,0xFFFF,0xFE62,0xFEA5,0xFFFF,0xFFFA,0xFA40,0xFFFF,0xFFFF,
  0xFE40,0xFFFF,0xFFFF,0xFA62,0xFFFF,0xF6A3,0xFFFE,0xFFFF,0xEA02,0xFF29,0xFFFF,0xFFF8,0xFA81,0xFFFF,0xFFFE,0xFA83,
  0x8840,0xBCE0,0x8863,0x8000,0x8020,0xC26C,0x8613,0x8423,0x8045,0x8065,0x8445,0x8464,0x8002,0xFFB0,0xC941,0x8420,
  0x8000,0x8043,0x8044,0x8044,0x8465,0x8466,0x8002,0x8466,0x8887,0x8466,0x8043,0x8465,0x8002,0x8465,0x8466,0x8466,
  0x8023,0x80A9,0x8022,0x8002,0x8023,0x8023,0x8024,0x8068,0x8912,0x8974,0x8049,0x8025,0x8024,0x8023,0x8002,0x8022,
  0x8089,0x8088,0x8089,0x8088,0x8089,0x8089,0x8089,0x8089,0x8089,0x8089,0x8089,0x8089,0x80AC,0x80AC,0x80CD,0x998C,
  0xC206,0xB9C7,0xAD68,0xFFA8,0x84A9,0x808C,0x8133,0x8112,0x8132,0x8111,0x8510,0x8511,0xBD88,0xB168,0xBDCA,0xFFCD,
  0xD9E6,0xCA08,0xC5E8,0xFAE6,0xC9C9,0xC1E9,0xBDE9,0xB5C8,0x9149,0x9149,0xA5AA,0x88EC,0x9DAB,0x890B,0x8D2A,0x80AA,
  0x958C,0x914C,0x80EA,0x99AB,0x8D4B,0xAE0A,0x916B,0x95AA,0x95AB,0xBA28,0xBE29,0x954A,0x84CB,0x80CD,0x80CD,0x80CC,
  0xA1EC,0xBA29,0xFF66,0x996A,0x998A,0x80CD,0x80CD,0x80CD,0x80CD,0x80CD,0x80CD,0x80CE,0x80CE,0x80CD,0xB699,0x80AE,
  0x806A,0xB279,0xB699,0xCAFB,0xD75C,0xD73C,0xBA98,0xCF3C,0xCF3C,0xCF3C,0xCF3C,0x9593,0xBABA,0xB6BA,0x80F0,0x80F0,
  0x80CF,0x80CF,0x80F0,0x80F0,0x80F0,0x80F0,0x80EF,0x80F0,0x80F0,0x80F0,0x80F0,0x80F0,0x80EF,0x80CF,0x80CF,0x8110,
  0x8110,0x8153,0x80AD,0x8551,0xC2D0,0xBEAF,0xBED6,0xC6F9,0xCAF9,0xE79D,0xE37C,0xCF17,0xA652,0xB291,0xA650,0xDB59,
  0xB22F,0xA60F,0x95CF,0x91B0,0x9DEF,0xB294,0xB6B4,0xA251,0xBED6,0xC2F7,0xDB5B,0x8176,0x8DD6,0xAA73,0xC717,0xC2F6,
  0xC718,0xC718,0x9E37,0xA238,0x91F9,0x9619,0x8597,0x8156,0x8576,0x91F8,0x8DF8,0x8DD7,0x8DD8,0x91F9,0x91F9,0x91F9,
  0x9658,0x923A,0x8E1B,0x8E1B,0x8A1A,0x89FA,0x89FA,0x8E1A,0x8A1B,0x8A1C,0xC73C,0xC73B,0xCB3B,0xD35B,0xDB7A,0x8A18,
  0x8E3B,0xBB1E,0xD37D,0xCF5D,0xD37E,0xE3BF,0xDF9F,0xE3BF,0xEFDF,0xE7DF,0xEFDF,0xEBDF,0xC3DF,0x877E,0x82BF,0x82BF,
  0x81FE,0x819B,0x81BC,0x817A,0x80D2,0x8115,0x80D1,0x80F1,0x80CF,0x80AC,0x80AC,0x808A,0x8046,0x808B,0x8068,0x8068,
  0x8068,0x8068,0x8024,0x8045,0x8045,0x8045,0x8024,0x8002,0x88EC,0x8002,0x8002,0x8002,0x8002,0x8023,0x8002,0x8002,
  0x8002,0x8002,0x8002,0x8023,0x8066,0x8001,0x8066,0x8045,0x8022,0x8002,0x8002,0x8002,0x8002,0x8022,0x8023,0x8023,
  0x8022,0x8002,0x8002,0x8002,0x8002,0x8002,0x8002,0x8022,0x8022,0x8022,0x8023,0x8022,0x8022,0x8002,0x8002,0x8002,
  0x8002,0x8002,0x8002,0x8022,0x8002,0x8002,0x8002,0x8002,0x8002,0x8002,0x8002,0x8002,0x8002,0x8002,0x8002,0x8002,
  0x8002,0x8002,0x8002,0x8002,0x8002,0x8002,0x8023,0x8CA8,0x8001,0x8002,0x8002,0x8022,0x8022,0x8022,0x8002,0x8443,
  0x8022,0x8022,0x8022,0x8002,0x8C42,0x8002,0x8022,0x8022,0x8022,0x8001,0xA94B,0xA94A,0x8066,0x8001,0x8000,0x94C8,
  0x8886,0x8044,0x8002,0x8024,0x8044,0x8023,0x8023,0x8023,0x8023,0x8023,0x8001,0x8001,0x8001,0x8000,0x8001,0x8022,
  0x8023,0x8023,0x8022,0x8001,0x8000,0x8001,0x8001,0x8001,0x8001,0x8001,0x8001,0x8001,0x8001,0x8022,0x8422,0x8422,
  0x8C21,0x8C41,0x8001,0x8044,0x8022,0x8001,0x994E,0x950B,0x8885,0x8465,0x8001,0x8001,0x8001,0x8002,0x8002,0x8001,
  0x8001,0x8001,0x8022,0x8023,0x8023,0x8022,0x8422,0x8023,0x9509,0x8021,0x8002,0x8001,0x8000,0x8000,0x8420,0x8486,
  0x8001,0x8001,0x8443,0xB9EF,0xD1EB,0xFB45,0xADB1,0x8001,0xA16D,0xF2E9,0xB54A,0xFF6A,0xB528,0x88A7,0x8022,0x8022,
  0x8002,0x8023,0x8044,0x8044,0x8000,0xA14D,0x8864,0x8444,0x8043,0x8001,0x8000,0x8044,0x8044,0x8466,0x8CC9,0x8001,
  0x8000,0x85B1,0x812E,0x812E,0x8190,0xBB3A,0xD338,0xDE89,0xEACB,0xA654,0x9E77,0xCEAF,0xFAE9,0xAEB6,0xDECF,0xDAAD,
  0xCA4B,0xE311,0xDB13,0xBAD6,0xCEB3,0xD28E,0xEAAA,0xD6AE,0x9E55,0x99F1,0xF70B,0xD6CD,0x994A,0x9A34,0x89D2,0x8190,
  0x810B,0x8065,0x8022,0x8000,0x8021,0x8087,0x80CA,0x8065,0x8024,0x8022,0x8001,0x8000,0x8001,0x8401,0x8001,0x8001,
  0x8001,0x8002,0x8002,0x8001,0x8002,0x8002,0x8002,0x8001,0x8000,0x8001,0x8000,0x8000,0x8000,0x8000,0x8466,0x8045,
  0x8067,0x80CB,0x8023,0x8023,0x8023,0x8023,0x8023,0x8024,0x806A,0x8068,0x8024,0x8044,0x8023,0x8023,0x8002,0x8002,
  0x8089,0x8089,0x8089,0x8089,0x8089,0x8089,0x8089,0x8088,0x8088,0x8089,0x8089,0x8089,0x808B,0x80AB,0x812F,0xC647,
  0xCA47,0x8D2A,0xADA7,0xC1E6,0xDA67,0x80F0,0x8112,0x8112,0x8112,0x8531,0x88A9,0x80F0,0x80F0,0x80F0,0x8572,0xD20B,
  0xFEE7,0xFEC3,0xFEE4,0xCDC8,0xD629,0xCA09,0xB9E9,0xADA9,0x9528,0x808B,0x8D2C,0x84CB,0x80AC,0xA1CB,0x9DAA,0x8D4A,
  0x80A9,0x958B,0x958A,0x958A,0x8088,0x8D2A,0x956B,0x890B,0x916B,0xA1CB,0x850B,0xB629,0xBE4A,0xB22B,0x84CC,0xBA4A,
  0xBE4A,0xA5CA,0xA5CA,0x9DA9,0x9989,0x918A,0x80CC,0x80CD,0x80CD,0x80CE,0x80CD,0x80CE,0x80CD,0x80AD,0x808C,0x80AD,
  0x808C,0xAE79,0xB6BA,0xB6BA,0x9DF6,0xD77D,0xCB1C,0x9194,0xBEDB,0xC71B,0xCF3C,0xCF3C,0xA638,0xAA78,0x84CE,0xA678,
  0x80CF,0x80EF,0x80F0,0x80F0,0x80F0,0x80EF,0x80F0,0x80F0,0x80F0,0x80CF,0x80EF,0x80EF,0x80EF,0x80EF,0x80CF,0x80CE,
  0x80CE,0x80EE,0x80CE,0x80F0,0xA255,0x99F4,0x8112,0xC2F8,0xC2D7,0xC2D6,0xC2D5,0xBED5,0xBEB5,0x9A12,0xA653,0xAA31,
  0x95CE,0xA62F,0xAE51,0xAA30,0x80ED,0x80F0,0x99D4,0xAE72,0xBED8,0xBED7,0xCF3A,0xE39C,0x91D7,0x95D5,0x95F4,0xA652,
  0xBEF7,0xC718,0xCB18,0xCB18,0x9E18,0x91F8,0x9619,0x91D8,0x8156,0x8DF8,0x8DF8,0x8DF8,0x8DF9,0x91F9,0x8DF9,0x91F9,
  0x9638,0x91F9,0x8DFA,0xCF7D,0xAEBB,0x8E1A,0x8A1B,0x8A1B,0x8A1B,0x8A1B,0x85FB,0xBADB,0xB2BB,0xC31A,0xCF5A,0xCF3A,
  0x925A,0x8E7D,0x8E9E,0xD77D,0xCF5D,0xD37E,0xDF9F,0xD37F,0xD37F,0xDFBF,0xDB9F,0xE3BF,0xEBDF,0xDBDF,0x879F,0x839F,
  0x82BF,0x821F,0x81BC,0x819C,0x817A,0x8138,0x80D2,0x80F2,0x80F3,0x80AD,0x80CE,0x808C,0x80AC,0x80AB,0x8068,0x8068,
  0x8068,0x8067,0x8003,0x8046,0x8002,0x8067,0x8067,0x8002,0x8023,0x8047,0x8002,0x8002,0x8044,0x8024,0x8023,0x8023,
  0x8023,0x8024,0x8002,0x8002,0x8022,0x8001,0x8023,0x8002,0x8002,0x8002,0x8002,0x8002,0x8022,0x8023,0x8023,0x8044,
  0x8023,0x8002,0x8002,0x8002,0x8002,0x8002,0x8002,0x8002,0x8002,0x8002,0x8022,0x8022,0x8002,0x8002,0x8002,0x8002,
  0x8002,0x8002,0x8002,0x8022,0x8002,0x8002,0x8022,0x8002,0x8002,0x8002,0x8002,0x8002,0x8002,0x8002,0x8002,0x8002,
  0x8002,0x8002,0x8002,0x8002,0x8002,0x8002,0x8022,0x8045,0x8022,0x8002,0x8002,0x8022,0x8022,0x8002,0x8022,0x8022,
  0x8022,0x8022,0x8022,0x8022,0x8002,0x8022,0x8022,0x8022,0x8022,0x8002,0xA94B,0x8887,0x8466,0x8002,0x8001,0x8001,
  0x8001,0x8002,0x8022,0x8023,0x88A7,0x8887,0x8465,0x8064,0x8000,0x8000,0x8000,0x8002,0x8022,0x8001,0x8487,0x8466,
  0x8487,0x8866,0x8465,0x8000,0x8001,0x8023,0x8023,0x8001,0x8001,0x8023,0x8022,0x8000,0x8000,0x8001,0x8022,0x8022,
  0x8001,0x8000,0x8001,0x8002,0x8023,0x8023,0x8001,0xA14C,0xA12B,0x90A8,0x8886,0x8000,0x8001,0x8044,0x8002,0x8002,
  0x8002,0x8022,0x8023,0x8023,0x8023,0x8022,0x8002,0x8002,0x8444,0x84A9,0x8001,0x8001,0x8022,0x8023,0x8044,0x8022,
  0x8002,0x8002,0xA108,0xEAD0,0xE66B,0xCA2E,0xA98F,0x8000,0xA16F,0xFF08,0xA56D,0xA96E,0xA54D,0x8CC9,0x8001,0x990B,
  0xA56D,0xA14C,0x8045,0x8023,0x8000,0xA14D,0x8465,0x8464,0x8444,0x8443,0x8000,0x8001,0x8465,0x8887,0x8465,0x8000,
  0x8023,0x92B8,0x810D,0x8193,0x81D3,0x81F4,0x91F3,0x958F,0x89B2,0x89B2,0x85D2,0x9190,0x91B0,0x8DF3,0x95D1,0x95B1,
  0x91B1,0x8570,0x8591,0x90E7,0x8DB1,0x8DB3,0x91B2,0x91D2,0x8D90,0x896E,0x816F,0x894D,0x8D2B,0x81D2,0x8190,0x80C9,
  0x8086,0x8086,0x8065,0x8000,0x88A8,0x8D0C,0x8D8F,0x8487,0x8066,0x8001,0x8443,0x8423,0x8842,0x8C62,0x8443,0x8066,
  0x8487,0x8002,0x8C85,0xFBE5,0xACA2,0x8045,0x8024,0x9083,0x8000,0x8000,0x8000,0x8000,0x8000,0x8000,0x8000,0x8000,
  0x8087,0x80CB,0x8023,0x8023,0x8023,0x8023,0x8023,0x8023,0x8047,0x8067,0x8023,0x8023,0x8023,0x8022,0x8002,0x8022,
  0x8089,0x8068,0x8089,0x8089,0x8089,0x8089,0x8089,0x8089,0x8089,0x80CC,0x8089,0x8089,0x80AD,0x8089,0x80CC,0x854D,
  0x9D6A,0x80EB,0xB5E7,0xB5E8,0x9D6A,0x8112,0x80F0,0x80AC,0x80AC,0x8110,0x8110,0x80F0,0x890E,0x80F1,0x8132,0xADAD,
  0xEA06,0xFFFF,0xFFFF,0xFAC6,0xD5E8,0xCDE8,0xB9C9,0xA568,0x9D48,0x912A,0x80A9,0x88E9,0x8D0A,0x810D,0x850C,0x99AC,
  0x99AB,0x914A,0x956A,0x80C8,0x998A,0x84E9,0x88E9,0x8D0B,0x850A,0x998A,0xA5EB,0x9DCA,0x854B,0xADEA,0xB22A,0xA9EB,
  0x80E9,0x8508,0x9D89,0x9568,0x9589,0x9DA9,0x892A,0x80CE,0x80CE,0x80EF,0x80EF,0x80AC,0x80AD,0x80AD,0x80AD,0x80CE,
  0x80CF,0x80CF,0xA216,0xAE78,0x80CE,0x95F6,0xBEDB,0xBADB,0x95F7,0xBADB,0xCB1C,0xC2DA,0xCB3C,0xDB5D,0xCF3C,0xAA36,
  0x84EF,0x80F0,0x80F0,0x80D0,0x80EF,0x80F0,0x80F0,0x80F0,0x80EF,0x80CF,0x80CF,0x80CF,0x80EF,0x80EF,0x80EF,0x80CF,
  0x80CE,0x80EE,0x80CF,0x80CF,0x8DF6,0x99F6,0x8D94,0x99F0,0x99EC,0xBEB4,0xBAB4,0xBEB5,0xBEB6,0xC2D6,0x80D0,0x8972,
  0x810F,0xAE4E,0xCB18,0xCB17,0xBEB4,0xA1F3,0x8555,0xAA34,0xA652,0xB271,0xC2F8,0xBEB6,0xB698,0xAA36,0x8D75,0x8551,
  0x99F1,0x9E13,0xA235,0xC6F8,0xCF39,0xCF18,0xA658,0x85B7,0x8DD8,0x8576,0x8156,0x8576,0x8DD8,0x8DF9,0x89B7,0x8DD8,
  0x8DF9,0x8DD9,0x8DF9,0x89D9,0xDF9D,0xD35C,0xDF7D,0xBEFC,0xC75D,0x85FA,0x85D9,0x85D9,0x8E1A,0x923C,0xC73C,0xD35C,
  0xB2DC,0xD77D,0x92BD,0x8E9B,0x9299,0xCF75,0xCB5D,0xD37E,0xB2FD,0xCF7F,0xCF7F,0xD37F,0xEFDF,0xEBDF,0xFBFF,0xEFFF,
  0x835F,0x835F,0x82BF,0x821E,0x81FE,0x817B,0x817A,0x8137,0x8115,0x8113,0x80F1,0x80CF,0x80F1,0x80AC,0x80AC,0x80AB,
  0x8088,0x8046,0x8047,0x8046,0x8067,0x8024,0x8066,0x8066,0x8022,0x8067,0x8023,0x8023,0x8044,0x8002,0x8022,0x8023,
  0x8023,0x8002,0x8002,0x8002,0x8022,0x8002,0x8002,0x8002,0x8002,0x8002,0x8002,0x8002,0x8022,0x8002,0x8002,0x8002,
  0x8022,0x8002,0x8002,0x8002,0x8002,0x8002,0x8002,0x8002,0x8002,0x8002,0x8002,0x8002,0x8002,0x8002,0x8002,0x8002,
  0x8002,0x8002,0x8002,0x8002,0x8002,0x8002,0x8002,0x8002,0x8002,0x8002,0x8002,0x8002,0x8002,0x8002,0x8002,0x8002,
  0x8002,0x8001,0x8002,0x8002,0x8002,0x8002,0x8022,0x8022,0x8002,0x8002,0x8022,0x8022,0x8022,0x8002,0x8022,0x8002,
  0x8002,0x8002,0x8002,0x8002,0x8002,0x8022,0x8002,0x8022,0x8023,0x8023,0x8002,0x8887,0x8045,0x8002,0x8002,0x8023,
  0x8CA8,0x8444,0x8043,0x8044,0x8023,0x8CA7,0xA9AD,0xA14D,0x8024,0x8000,0x94E9,0x98EA,0x9D2A,0x9909,0x88A8,0x8002,
  0x8465,0x8444,0x8001,0x8065,0x8002,0x8023,0x8023,0x8001,0x8001,0x8044,0x8022,0x8001,0x8022,0x8444,0x8001,0x90A5,
  0x8865,0x8465,0x8024,0x8467,0x8024,0x8003,0x8022,0x8000,0x8000,0x8000,0x8000,0x8022,0x8486,0x8002,0x8022,0x8022,
  0x8022,0x8022,0x8022,0x8022,0x8022,0x8022,0x8022,0x8022,0x8022,0x8022,0x8002,0x8023,0x8045,0x8CC9,0x952C,0x910B,
  0x8066,0x8023,0x8C64,0xC210,0xFEC7,0xC9ED,0xA98E,0x8001,0xA56E,0xA12D,0xA14D,0xA12C,0xA12C,0x8464,0x8022,0x94E9,
  0xA14C,0xA12C,0xA12B,0x8023,0x8000,0x990A,0x94C8,0x8865,0x8465,0x8465,0x8022,0x8023,0x8444,0x8043,0x8865,0x8001,
  0x80EA,0x8192,0x8087,0x8087,0x8087,0x80A7,0x80CB,0x8065,0x80EB,0x80EB,0x814E,0x812D,0x850B,0x852C,0x810C,0x80EB,
  0x80EA,0x84C9,0x84C9,0x890B,0x80CA,0x80C9,0x84C9,0x810C,0x810C,0x812D,0x812F,0x80EB,0x80CA,0x80A9,0x8088,0x8044,
  0x8044,0x8065,0x8066,0x8001,0x88A7,0x8866,0x9D4C,0x88A8,0x8022,0x8443,0x8442,0x8022,0xC0C1,0xFEE1,0x8022,0x8444,
  0x8022,0x8466,0x8486,0x8886,0x8444,0x8024,0x8002,0x8000,0x8001,0x8023,0xF621,0xB0A3,0x8466,0x8465,0x8002,0x8001,
  0x8420,0x8400,0x8001,0x8002,0x8022,0x8422,0x8023,0x8023,0x8046,0x8045,0x8023,0x8022,0x8022,0x8022,0x8022,0x8022,
  0x8088,0x8088,0x8089,0x8088,0x8089,0x8089,0x8088,0x8089,0x8089,0x8089,0x8089,0x8089,0x8089,0x8089,0x80ED,0x812F,
  0x808A,0x80AA,0xB607,0x8D09,0x84AA,0x8111,0x8111,0x808B,0x808A,0x8110,0x8110,0x950D,0x9D0A,0x8111,0x8112,0xB1AC,
  0xDE2A,0xFFF8,0xFFFF,0xF643,0xFEE7,0xD9E6,0xA968,0x84C9,0x9948,0x9529,0x88E9,0x88E9,0x88E9,0x914C,0x84EA,0x998A,
  0x998A,0x8909,0x9569,0x9129,0x914A,0x956A,0x84E9,0x890A,0x890A,0x8D2B,0x916A,0x99CA,0x95AA,0x99AB,0xA1CB,0x998A,
  0x8909,0x9128,0x84E8,0x84E8,0x9989,0x958A,0x99AA,0x850D,0x80EE,0x80EE,0x80CD,0x80AB,0x80AC,0x80AD,0x80CF,0x8132,
  0x80F0,0x80CE,0x8510,0x8D51,0x80CE,0x80EE,0xC2FB,0xC31C,0x99F7,0xB6BA,0xAE79,0xBEDA,0xC6FB,0xD75D,0xD33C,0xB699,
  0xAE79,0xAE58,0x95D5,0x80CF,0x80EF,0x80F0,0x80EF,0x80EF,0x80EF,0x80CF,0x80CF,0x80CF,0x80EF,0x80EF,0x80CF,0x80EF,
  0x80EF,0x80EF,0x80EF,0x80CF,0x8DB6,0x8974,0x80CF,0x80CE,0xA1EC,0xBEB3,0x9190,0x9591,0xC2B7,0xBEB5,0x80D0,0x9DD2,
  0x8531,0x892F,0xD358,0xCF38,0xBEB5,0xA214,0x8974,0x8133,0xA5F1,0xA650,0xC2D7,0xBA95,0xC2D6,0xC6F6,0xAA55,0x99D3,
  0x91D2,0xB295,0x9E15,0xA236,0xCB38,0xCB17,0xC6F7,0x9E16,0xA238,0x8996,0x8DD6,0x8155,0x8576,0x8996,0x8DD8,0x8DD8,
  0x8DF9,0x8DF9,0x8DF9,0x8DF9,0xA67A,0x9E5A,0xDB7D,0xDB7D,0x81FA,0xAABB,0x963A,0x81D9,0x85DA,0xD37D,0xC71C,0xCF5D,
  0xDB9E,0xDB9D,0xBF1C,0x967B,0x9259,0x8E39,0xBF17,0xD79C,0xB2DD,0xCB5E,0xCF7F,0xD37F,0xDB9F,0xE7DF,0xDFBF,0xEFFF,
  0xF7FF,0x977F,0x833F,0x833F,0x82FF,0x819B,0x819B,0x81BC,0x8158,0x8158,0x8114,0x80F1,0x80F1,0x80AD,0x80CE,0x808A,
  0x8068,0x8067,0x8067,0x80AA,0x8067,0x8066,0x8067,0x8066,0x8045,0x8067,0x8024,0x8023,0x8044,0x8022,0x8002,0x8024,
  0x8002,0x8002,0x8002,0x8002,0x8002,0x8002,0x8002,0x8023,0x8022,0x8023,0x8024,0x8022,0x8002,0x8002,0x8001,0x8002,
  0x8002,0x8022,0x8022,0x8022,0x8022,0x8002,0x8002,0x8002,0x8002,0x8002,0x8002,0x8002,0x8002,0x8002,0x8002,0x8002,
  0x8002,0x8002,0x8002,0x8002,0x8002,0x8002,0x8002,0x8002,0x8002,0x8002,0x8002,0x8002,0x8002,0x8002,0x8002,0x8002,
  0x8001,0x8002,0x8002,0x8002,0x8002,0x8002,0x8022,0x8022,0x8002,0x8022,0x8002,0x8002,0x8002,0x8002,0x8002,0x8002,
  0x8002,0x8002,0x8002,0x8022,0x8002,0x8022,0x8002,0x8002,0x8022,0x8022,0x8022,0x8024,0x8002,0x8022,0x8022,0x8022,
  0x8001,0x8CA7,0x8002,0x8001,0x8001,0x9D09,0x992B,0x990B,0x8CC8,0x8000,0x8864,0xA948,0x94E9,0x90E9,0x8887,0x8023,
  0x8044,0x8043,0x8465,0x8065,0x8065,0x8066,0x8066,0x8001,0x8001,0x8044,0x8000,0x8023,0x8444,0x8444,0x8043,0x9084,
  0x8866,0x8045,0x8024,0x8487,0x8023,0x8044,0x8445,0x8002,0x8001,0x8022,0x8044,0x8465,0x8002,0x8002,0x8022,0x8022,
  0x8022,0x8002,0x8022,0x8022,0x8002,0x8022,0x8002,0x8022,0x8022,0x8022,0x8022,0x8022,0x8045,0x952C,0x910B,0x8CEA,
  0x8066,0x8465,0x8C64,0xB1AE,0xFF0A,0xBDEF,0xADAE,0x8421,0xA56E,0xA56D,0x98C8,0x98A7,0xA12B,0x9D2B,0x8001,0x8865,
  0x8C86,0x9086,0x8885,0x8444,0x8001,0xA98E,0x90C7,0x8C87,0x8886,0x8886,0x8023,0x8044,0x8444,0x9086,0x8C85,0x8001,
  0x80EA,0x8170,0x8087,0x8087,0x8486,0x8066,0x8066,0x8486,0x8487,0x84A9,0x84CA,0x84CA,0x84A8,0x84CA,0x8087,0x8487,
  0x8487,0x84A8,0x88A8,0x84A8,0x84A8,0x84A8,0x8487,0x80A8,0x80A8,0x80A8,0x80A9,0x80A8,0x80A8,0x8088,0x8066,0x8023,
  0x8065,0x8066,0x8086,0x8001,0x88A7,0x8465,0x8886,0x8886,0x8023,0x8864,0x8863,0x8842,0xD140,0xB081,0x8C64,0x8464,
  0x8023,0x8465,0x8444,0x8866,0x8465,0x8466,0x8044,0x8465,0x8465,0x8044,0x8465,0x8C86,0x8466,0x8466,0x8465,0xA8C3,
  0xFE61,0xC103,0x9463,0x8001,0x8401,0xFEC2,0x8001,0x8001,0x8045,0x8023,0x8022,0x8022,0x8022,0x8022,0x8022,0x8022,
  0x8088,0x8068,0x8068,0x8089,0x8089,0x8088,0x8089,0x8089,0x8089,0x8089,0x8089,0x8089,0x8089,0x8089,0x8089,0x8068,
  0x8089,0x8089,0xA187,0x8089,0x8089,0x808A,0x8113,0x808A,0x808A,0x8110,0x8110,0x8111,0x8111,0x8112,0x8133,0xD20B,
  0xDE4B,0xE648,0xFFF4,0xFF25,0xEE66,0xCDC6,0xB167,0xA547,0x9528,0x9528,0x8909,0x8909,0x8909,0x956A,0x9969,0x84C8,
  0x9969,0x84C9,0x84E9,0x958A,0x80C8,0x998A,0xA1AB,0x84E9,0x84E9,0x8909,0x916A,0x99AA,0x9589,0x99AA,0x99AA,0x99AA,
  0xAE09,0x8509,0x84E8,0x84C7,0x9569,0x9589,0x9DCA,0xA1CA,0x894D,0x80CE,0x80AD,0xA18A,0x80CB,0x80AC,0x80AE,0x8133,
  0x8133,0x80CE,0x80AC,0x80AC,0x80AD,0xBA99,0x80AD,0x804B,0xBABA,0xB6BA,0x8112,0xAA59,0xC6FC,0xBABA,0xCF3C,0xCB1C,
  0xC71C,0xCB1C,0x9593,0x80CE,0x80EF,0x80AE,0x80EF,0x80CF,0x80CE,0x80CE,0x80CE,0x80EF,0x80EE,0x80EE,0x80CE,0x80CF,
  0x80EF,0x80EF,0x80EF,0x80EF,0x80F0,0x80F0,0x80CE,0x80AE,0x84ED,0xBEB2,0x80CD,0x80CE,0xB676,0x8D72,0xB694,0xA610,
  0x91B0,0x8110,0x8133,0xCF17,0xBEB4,0xC6D4,0xC2D4,0xBA94,0x8954,0xC2D3,0xBEB5,0xC2B5,0xBED5,0xC2D5,0xBAB5,0xA634,
  0x91D3,0x99F4,0x95D4,0x8DD5,0x91D6,0xB6B7,0xCB37,0xC6F7,0x9E17,0x8996,0x8DD6,0x8154,0x8155,0x8155,0x8DD8,0x8DF9,
  0x8DF9,0x8DF9,0x91F9,0x8DF9,0x8DD8,0x8DD8,0xDF9D,0xCF5C,0xD33C,0xBEFB,0xDF7D,0xCF3C,0x85B9,0xE7BD,0xDF7C,0xD35D,
  0x81FC,0xD35C,0xDF7C,0x967C,0x923A,0x923A,0x9239,0x9E96,0xC73C,0xA27C,0xB2DD,0xD79F,0xDB9F,0xC73E,0xDFBF,0xDFBF,
  0xE3DF,0xEFDF,0xAF7F,0x9F9F,0x835F,0x827F,0x827F,0x81FE,0x81BD,0x8179,0x8158,0x8156,0x80F2,0x80F0,0x80CE,0x808A,
  0x80CD,0x80AC,0x808A,0x80AA,0x8067,0x8067,0x8067,0x8046,0x8024,0x8067,0x8024,0x8024,0x8024,0x8023,0x8022,0x8022,
  0x8022,0x8002,0x8002,0x8022,0x8023,0x8002,0x8002,0x8002,0x8002,0x8002,0x8002,0x8002,0x8002,0x8002,0x8002,0x8002,
  0x8002,0x8002,0x8022,0x8023,0x8067,0x8002,0x8002,0x8002,0x8002,0x8002,0x8022,0x8002,0x8002,0x8002,0x8002,0x8002,
  0x8002,0x8002,0x8002,0x8002,0x8002,0x8002,0x8002,0x8002,0x8002,0x8002,0x8002,0x8002,0x8002,0x8002,0x8002,0x8002,
  0x8002,0x8002,0x8002,0x8002,0x8002,0x8002,0x8002,0x8002,0x8002,0x8002,0x8002,0x8002,0x8002,0x8002,0x8002,0x8022,
  0x8002,0x8002,0x8002,0x8002,0x8002,0x8002,0x8002,0x8002,0x8022,0x8022,0x8023,0x8023,0x8022,0x8002,0x8022,0x8002,
  0x8022,0x8866,0x8887,0x8001,0x8002,0x98E8,0xA14C,0xA56D,0x992B,0x8CC8,0x94E9,0xAD67,0x94E9,0x90E9,0x8CA8,0x8023,
  0x8044,0x8044,0x8465,0x8465,0x8465,0x8465,0x8045,0x8044,0x8444,0x8043,0x8001,0x8465,0x8465,0x8444,0x8444,0x98C6,
  0x8466,0x8466,0x8023,0x8022,0x8001,0x8044,0x88A7,0x8000,0x8002,0x8002,0x8486,0x8022,0x8002,0x8022,0x8022,0x8002,
  0x8002,0x8002,0x8022,0x8002,0x8002,0x8002,0x8002,0x8002,0x8002,0x8022,0x8022,0x8022,0x8002,0x992D,0x8488,0x8CEA,
  0x8087,0x8466,0x8864,0xC611,0xB5D0,0xB5D0,0xB1AE,0x8021,0xAD8E,0xA98E,0xA96D,0xA12B,0xA12B,0x8CA7,0x8000,0x8022,
  0x90A6,0x94E7,0x8001,0x8023,0x8023,0xA98D,0xB926,0x90A5,0x8C86,0x8045,0x8444,0x8444,0x8C85,0x90A5,0x9085,0x8000,
  0x80A9,0x8D2C,0x90E8,0x8466,0x8486,0x8466,0x8466,0x8486,0x8486,0x8487,0x8887,0x8486,0x8466,0x8465,0x8465,0x8465,
  0x8465,0x8CA8,0x88A7,0x88A8,0x8887,0x8486,0x8466,0x8465,0x8044,0x8465,0x8466,0x88C9,0x84A8,0x8065,0x8066,0x8087,
  0x8066,0xC187,0x8486,0x8000,0x88A7,0x8464,0x8465,0x8C86,0x8843,0x8864,0xA061,0xA861,0xD940,0xB8A1,0x8C86,0x8886,
  0x8444,0x8445,0x8001,0x8444,0x8444,0x8445,0x8045,0x8466,0x8887,0x8466,0x8CA7,0x8CA7,0x8045,0x8024,0x8466,0x9064,
  0xB921,0xA0A4,0x9084,0x8001,0x8002,0xD1E3,0xD1C2,0xE5A1,0x8045,0x80A9,0x84A9,0x8023,0x8022,0x8002,0x8002,0x8023,
  0x8088,0x8088,0x8088,0x8088,0x8089,0x8088,0x8089,0x8089,0x8089,0x8089,0x8089,0x8089,0x8089,0x8089,0x8089,0x8089,
  0x8089,0x8089,0x8089,0x8089,0x8089,0x8089,0x8089,0x80AA,0x808A,0x8089,0x8132,0x8089,0x8112,0x8113,0x8113,0x9152,
  0x9152,0xADD0,0xF709,0xDA07,0xF286,0xDD85,0xFAE5,0xC1A5,0xB9A6,0xA146,0x9108,0x9108,0x9108,0x9948,0xA188,0x84E8,
  0x84E8,0x9DA9,0x8D09,0x8909,0x9D89,0x88EA,0x956B,0x892A,0x99A9,0x9149,0x9148,0x84C8,0x88E8,0x9D89,0x998A,0x9D8A,
  0xC647,0xA9EA,0xA188,0x88E7,0x8D08,0x84A7,0x9548,0x9DA9,0xA1CA,0xA5EA,0xAE0A,0xAA0B,0xA5EA,0x99AA,0x8110,0x8132,
  0x8132,0x8133,0x80EF,0x80CE,0x80EE,0x80EE,0x80CE,0x80CE,0x9DF6,0xBEFB,0x80AF,0x80AF,0xA638,0xAE79,0x95D6,0xAA58,
  0xCB1C,0x99D5,0xA237,0x80F0,0x80CF,0xCF3C,0x80AE,0x80CE,0x80CF,0x80EF,0x80CE,0x80CE,0x80CE,0x80EE,0x80EE,0x80EE,
  0x80EE,0x80CE,0x80EF,0x80EF,0x80EF,0x80EF,0x80CE,0x80AD,0x80CD,0x80CE,0x80CE,0x80CE,0x80CE,0x8971,0xBEB4,0xC2D5,
  0xBEB4,0xB274,0x9DD5,0x8D94,0xCF17,0x99AF,0xBED4,0xC2D6,0xC6F7,0xC2D7,0xA234,0x9E14,0xBA95,0xB694,0xB692,0xAA54,
  0x8153,0x8593,0x99F2,0xC6D4,0x8DB5,0x8994,0x8DB4,0x8995,0x8995,0x8DB6,0x95F5,0x8DF7,0x8596,0x8175,0x8DD7,0x8597,
  0x8597,0x89D8,0x8DF9,0x8DD8,0x8DD8,0x8DB8,0x8596,0xBEFB,0xB6DB,0xA27A,0xB2BB,0xDF9D,0xDF7D,0xDF7C,0xDB7C,0xDB7C,
  0xDF7C,0xCF5C,0xD77C,0xD75B,0x9A7B,0x923A,0x963A,0x925A,0xCB3B,0xAE9B,0xB2DC,0xB2DD,0xBF3E,0xCB5E,0xD37E,0xDFBF,
  0xDF9F,0xDFBF,0xE7DF,0xEFFF,0xF7FF,0x87BF,0x833E,0x831F,0x82DF,0x81DC,0x81DD,0x8178,0x8158,0x8114,0x80F2,0x80F1,
  0x80CF,0x80AC,0x80AB,0x808B,0x80AB,0x808A,0x8067,0x8067,0x8067,0x8067,0x8024,0x8023,0x8023,0x8045,0x8045,0x8022,
  0x8023,0x8023,0x8023,0x8022,0x8023,0x8002,0x8022,0x8002,0x8002,0x8002,0x8002,0x8002,0x8002,0x8023,0x8002,0x8002,
  0x8002,0x8002,0x8002,0x8002,0x8002,0x8002,0x8002,0x8023,0x8002,0x8002,0x8022,0x8002,0x8002,0x8002,0x8002,0x8001,
  0x8002,0x8002,0x8002,0x8002,0x8002,0x8002,0x8002,0x8002,0x8002,0x8002,0x8002,0x8002,0x8002,0x8002,0x8002,0x8002,
  0x8002,0x8002,0x8002,0x8002,0x8002,0x8002,0x8002,0x8002,0x8002,0x8002,0x8002,0x8002,0x8002,0x8002,0x8002,0x8002,
  0x8002,0x8002,0x8002,0x8002,0x8002,0x8002,0x8002,0x8002,0x8002,0x8022,0x8022,0x8022,0x8002,0x8002,0x8022,0x8022,
  0x8022,0x8002,0x8887,0x8002,0x8002,0x8001,0xA98D,0xAD8C,0xA507,0xA54A,0xA529,0x8024,0x8CA8,0x90E9,0x8CC8,0x98E9,
  0x90CA,0x8CA9,0xB547,0x98E8,0x88A8,0x8CA8,0x90C9,0x90C8,0x90C8,0x8886,0x8465,0x8887,0x8887,0x94A6,0x9CA4,0x8885,
  0x8466,0x8466,0x8445,0x8001,0x8465,0x8465,0x8887,0x8466,0x8022,0x8465,0x8002,0x8002,0x8022,0x8022,0x8022,0x8002,
  0x8002,0x8002,0x8022,0x8022,0x8002,0x8002,0x8002,0x8002,0x8002,0x8022,0x8002,0x8022,0x8023,0x8023,0x90EA,0x8487,
  0x8488,0x8487,0x8443,0xA56D,0xB5EF,0xB5CF,0xB1AF,0xB1AD,0xF284,0xB18C,0xAD8D,0xD628,0xA929,0xA12A,0x8001,0x98E9,
  0xD608,0xEE45,0xAD6B,0x8CA7,0x8866,0xEF11,0xDD84,0x98C5,0x8865,0xFF21,0x8024,0x8465,0xA0C4,0xFEA3,0xA4E6,0x8001,
  0x8CA7,0x88A8,0x88A7,0x90C8,0x94E9,0x90C8,0x8886,0xA929,0x8C87,0x8CA7,0x90A7,0x8CA7,0x8C86,0x94C8,0x90C8,0x90C8,
  0x90C9,0x90C8,0x90C8,0x90C8,0x90A7,0x8CA7,0x8CA7,0x8866,0x8866,0x8465,0x8465,0x8465,0x8466,0x8886,0x8887,0x8487,
  0x8487,0x8486,0x8466,0x8000,0x8886,0x8444,0x8864,0x8885,0xFF01,0x8465,0xFEE2,0xE960,0xFBFF,0xFA40,0x8866,0x8866,
  0x8423,0x8465,0x8022,0x8CA6,0x8000,0x8444,0x8024,0x8466,0x8887,0x8887,0x8CA8,0x8CA8,0x8465,0x8002,0x8465,0x8465,
  0x8465,0x8465,0x8001,0x8045,0x8045,0x8045,0x8044,0x8466,0x8045,0x8444,0x8045,0x8466,0xBD22,0xD583,0xB526,0x992D,
  0x8088,0x8068,0x8088,0x8089,0x8088,0x8088,0x8088,0x8089,0x8089,0x8089,0x8089,0x8089,0x8089,0x8089,0x8089,0x8089,
  0x8089,0x8089,0x8089,0x8089,0x8089,0x8089,0x8089,0x80AA,0x80AB,0x80AB,0x80AB,0x80AC,0x80CD,0x8133,0x8112,0x9153,
  0x9552,0xA590,0xDDE7,0xF6C9,0xC586,0xC166,0xC585,0xA547,0xFF24,0xA147,0x9927,0x9507,0x9107,0x88E7,0x88E8,0x8908,
  0x8909,0x8D08,0x8908,0x8908,0x9989,0x88E9,0x84C9,0xA1A9,0x9DA9,0x9549,0x84E9,0x88E9,0x84C8,0x88E8,0x9129,0x9528,
  0xAD87,0xA5C9,0xADE9,0xA1CA,0x9149,0x8908,0x8D28,0x8D29,0x99AA,0x8D4A,0xA1EA,0xA9EA,0xA5EA,0xA5EA,0x850C,0x80EF,
  0x80EF,0x8111,0x8111,0x8111,0x8111,0x852F,0x80CD,0x80CF,0x80F1,0x80F0,0x80EF,0x8110,0x808E,0x80AE,0x9E38,0xAE78,
  0xCB3C,0xD33C,0xA637,0x80F1,0x80EF,0x80CE,0x80CE,0x80CE,0x80CE,0x80EF,0x80CE,0x80CE,0x80CE,0x80EE,0x80EE,0x80EE,
  0x80EE,0x80CE,0x80CE,0x80EF,0x80EF,0x80EF,0x80EF,0x80EF,0x80AD,0x80CE,0xAE2F,0x80CE,0x80AD,0x8110,0x9E14,0xC6D6,
  0xB254,0x9DD3,0x9594,0x9593,0x9590,0x99EF,0xA62D,0xB272,0xC2D6,0xC2D7,0xAE71,0x8572,0x8994,0x9DF3,0x9E31,0x9E10,
  0x9E0F,0xA231,0xB273,0xBEB4,0x99D4,0x8993,0x95D3,0x8DB4,0x8994,0x8DB5,0xA655,0x9A37,0x89B6,0x8176,0x8DD7,0x8DD7,
  0x8576,0x8575,0x8DF8,0x8DD8,0x89B7,0x8155,0x8597,0xA659,0xDB5D,0xD75C,0x963A,0xA69B,0xBEDB,0xDB7D,0xCF5C,0xC31C,
  0xDF9C,0xD35B,0xC31B,0xD35C,0xD77D,0xD37D,0xCF5C,0x965B,0x8E3A,0x965A,0xB2FD,0xB2FC,0xB6FC,0xBF1D,0xD35E,0xCB5F,
  0xDB9F,0xDFBF,0xDB9F,0xDBBF,0xE7DF,0xF3FF,0xFBFF,0x837F,0x837F,0x825F,0x827F,0x81BC,0x81BC,0x80F5,0x8158,0x80F3,
  0x80D0,0x80CF,0x80CE,0x80EF,0x80AB,0x80AB,0x808A,0x8067,0x8067,0x8047,0x8067,0x8066,0x8023,0x8023,0x8046,0x8023,
  0x8023,0x8024,0x8023,0x8023,0x8023,0x8002,0x8022,0x8022,0x8002,0x8002,0x8002,0x8022,0x8002,0x8023,0x8002,0x8023,
  0x8002,0x8002,0x8002,0x8002,0x8022,0x8022,0x8023,0x8023,0x8022,0x8022,0x8023,0x8022,0x8002,0x8002,0x8002,0x8002,
  0x8002,0x8002,0x8002,0x8002,0x8002,0x8002,0x8002,0x8002,0x8002,0x8002,0x8002,0x8002,0x8002,0x8002,0x8002,0x8002,
  0x8002,0x8002,0x8002,0x8002,0x8002,0x8002,0x8002,0x8002,0x8002,0x8002,0x8002,0x8002,0x8002,0x8002,0x8002,0x8002,
  0x8002,0x8002,0x8002,0x8002,0x8002,0x8002,0x8002,0x8002,0x8002,0x8002,0x8002,0x8002,0x8002,0x8002,0x8022,0x8022,
  0x8022,0x8022,0x8023,0x8002,0x8002,0x8002,0x8023,0x8023,0xD607,0xFF8E,0x9D2B,0x992B,0x8CC9,0x8443,0x8022,0xDE4E,
  0xA58E,0xA9AF,0xAD8E,0x9D4E,0x994D,0x8865,0xA54B,0xA56D,0xA14C,0xA16D,0x994D,0x994D,0x9D4D,0xB9EF,0xAD4A,0xB148,
  0xB547,0xAD8A,0x8000,0x8000,0x8465,0x88A7,0x88A8,0x88A7,0x8044,0x8466,0x8002,0x8022,0x8002,0x8022,0x8022,0x8002,
  0x8002,0x8002,0x8023,0x8022,0x8002,0x8002,0x8002,0x8002,0x8002,0x8002,0x8002,0x8002,0x8022,0x8023,0x8045,0x8066,
  0x8087,0x8486,0x8843,0xCA31,0xBE10,0xD20B,0xF288,0xB58D,0xDA29,0xB56B,0xFEC5,0xB169,0xA94C,0xA14B,0x8022,0x90C7,
  0xAD8C,0xAD6B,0x9909,0x94E9,0x8001,0x9D2C,0x9D29,0x98E8,0x90C7,0x94C8,0x8CA8,0x8887,0x8CA7,0x8044,0x8000,0x8443,
  0xAD6C,0x94C8,0x8023,0x8464,0x8444,0x8044,0x8023,0x8021,0x8001,0x8021,0x8022,0x8022,0x8022,0x8001,0x8022,0x8423,
  0x8043,0x8002,0x8444,0x8443,0x8442,0x8022,0x8022,0x8022,0x8023,0x8001,0x8001,0x8422,0x8865,0x8C85,0x8C65,0x990B,
  0x990A,0x9D0A,0x9D2B,0xA14C,0xAD28,0xC187,0x90A7,0x90A7,0x8487,0x8CA7,0x9086,0xA0A3,0xA462,0x9463,0x8C86,0x8886,
  0x8865,0x8865,0xEE85,0xF662,0x8843,0x9042,0x8023,0x8466,0x8487,0x8487,0x88A8,0x88A7,0x8003,0x8002,0x8466,0x8466,
  0x8465,0x8466,0x8465,0x8065,0x8444,0x8444,0x8465,0x8465,0x8465,0x8043,0x8466,0x8466,0x8886,0x8465,0x8465,0x8444,
  0x8088,0x8088,0x8088,0x8089,0x8088,0x8088,0x8088,0x8089,0x8089,0x8089,0x8089,0x8089,0x8089,0x8089,0x8089,0x8089,
  0x8089,0x8089,0x8089,0x8089,0x8089,0x8089,0x80AA,0x80AA,0x80AB,0x80AB,0x80AB,0x80EF,0x80AB,0x80F1,0x8111,0x8932,
  0x9152,0x9550,0xA52C,0xEE86,0xD9C6,0xC986,0x9927,0x9D48,0xA127,0x9D28,0xD185,0xE603,0xA905,0x8D07,0x8D08,0x8D28,
  0x9148,0x8D08,0x8D08,0x88E7,0x9D88,0x88C8,0x88C8,0x84A8,0x9D88,0xA1A8,0x9988,0x9589,0x9D69,0x80A7,0x84A6,0x8CC7,
  0x90E6,0x9127,0xE2C7,0xAA0B,0x9DAA,0x9989,0x8929,0x8929,0x8929,0x918B,0x916A,0xA60A,0xA5EA,0xA5EA,0xA5CA,0x84C9,
  0x88E9,0x80EF,0x8110,0x8111,0x808A,0x8133,0x8132,0x80EF,0x80F0,0x80EF,0x80EE,0x8110,0x80F1,0x80F0,0x80EF,0xA237,
  0xA637,0xAA36,0xC2FA,0xBEFA,0x80F0,0x95B4,0xCF3D,0x8D51,0x80EE,0xD75C,0x8931,0x80EF,0x80CE,0x80CE,0x80CE,0x80CE,
  0x80EE,0x80CE,0x80CE,0x80EE,0x80EE,0x80EE,0x80EF,0x80EF,0x80EF,0x80CE,0x80CE,0x80CF,0x80CF,0x80F1,0x8174,0x80F0,
  0xA1EF,0x99D0,0x8953,0x8554,0x8532,0x99CF,0x9DED,0xA22F,0xA613,0xBED7,0xBAB1,0xA1F1,0x8D71,0x8154,0xAE51,0x91B0,
  0x99EF,0x9E10,0xBEB5,0xA634,0xB694,0x8DB3,0x99F3,0x8DB4,0x91B3,0x95B3,0x89B6,0x9616,0xA674,0x8576,0x8555,0x8DD6,
  0x8554,0x8134,0x8995,0x8DF8,0x8575,0x89B7,0x8575,0x8996,0x89B7,0xB29A,0xAE7A,0xAA7A,0xBADB,0xBEFB,0xC6FB,0xCB3B,
  0xB2BB,0xC71B,0xA69B,0xE7BD,0xE7BD,0xE39D,0xE39D,0xCB3D,0xBEFB,0x8E19,0x8A19,0xDB9C,0xBB1B,0xB6FB,0xE39B,0xDF9E,
  0xBF1E,0xBAFE,0xD77E,0xDFBF,0xDB9F,0xDBBF,0xDFBF,0xFBFF,0xABBF,0x877F,0x83BF,0x823F,0x823F,0x819C,0x819C,0x80F5,
  0x8157,0x8135,0x80D0,0x80CF,0x80CE,0x80AC,0x808A,0x8046,0x80AA,0x8067,0x8045,0x8067,0x8046,0x8046,0x8024,0x8023,
  0x8023,0x8023,0x8023,0x8023,0x8024,0x8023,0x8022,0x8002,0x8002,0x8002,0x8002,0x8022,0x8022,0x8022,0x8022,0x8002,
  0x8002,0x8002,0x8022,0x8002,0x8002,0x8023,0x8002,0x8023,0x8023,0x8002,0x8022,0x8002,0x8002,0x8002,0x8002,0x8002,
  0x8002,0x8002,0x8002,0x8002,0x8002,0x8002,0x8002,0x8002,0x8002,0x8002,0x8002,0x8002,0x8002,0x8002,0x8002,0x8002,
  0x8002,0x8002,0x8002,0x8002,0x8002,0x8002,0x8002,0x8022,0x8002,0x8002,0x8002,0x8002,0x8002,0x8002,0x8002,0x8002,
  0x8002,0x8002,0x8002,0x8002,0x8002,0x8002,0x8002,0x8002,0x8022,0x8002,0x8002,0x8002,0x8002,0x8002,0x8002,0x8022,
  0x8022,0x8022,0x8022,0x8002,0x8022,0x8022,0x8022,0x8002,0xC9A7,0x88C9,0x8067,0x8066,0x8486,0x8065,0x8065,0x8443,
  0x8002,0x8002,0x8001,0x8022,0x8023,0x8023,0x8C84,0x8023,0x8023,0x8044,0x8023,0x8001,0x8842,0x8842,0x90C6,0xA98A,
  0x8022,0x8001,0x8002,0x8002,0xAD6B,0x9D2A,0x90C9,0x8CA8,0x8466,0x8023,0x8002,0x8022,0x8002,0x8002,0x8002,0x8002,
  0x8002,0x8002,0x8022,0x8022,0x8022,0x8002,0x8022,0x8022,0x8002,0x8002,0x8002,0x8002,0x8002,0x8022,0x8022,0x8002,
  0x8022,0x8001,0x8465,0xDA4F,0xFF8B,0xF2CA,0xEA6A,0xA96C,0xA96C,0x9909,0x8C85,0x8023,0x8023,0x8024,0x8023,0x8002,
  0x8001,0x8000,0x8000,0x8000,0x8001,0x8000,0x8000,0x8000,0x8000,0x8000,0x8001,0x8001,0x8002,0x8002,0x8001,0x8000,
  0x8000,0x8000,0x8000,0x8002,0x8023,0x8023,0x8001,0x8022,0x8022,0x8000,0x8000,0x8001,0x8001,0x8021,0x8001,0x8001,
  0x8022,0x8022,0x8001,0x8001,0x8000,0x8000,0x8000,0x8000,0x8001,0x8001,0x8001,0x8001,0x8001,0x8001,0x8000,0x8000,
  0x8000,0x8000,0x8000,0x8022,0x8023,0x8023,0x8002,0x8002,0x8002,0x8001,0x8001,0x8001,0x8002,0x8423,0x8423,0x8444,
  0x8887,0x8CA7,0x88A8,0x84A8,0x8087,0x8067,0x8066,0x8466,0xA8E4,0xD9E3,0x8886,0x8886,0x8001,0x8465,0x8486,0x8466,
  0x8466,0x8465,0x8486,0x8466,0x8466,0x8466,0x8466,0x8466,0x8466,0x8444,0x8466,0x8466,0x8444,0x8465,0x8465,0x8465,
  0x8068,0x8088,0x8088,0x8088,0x8088,0x8089,0x8088,0x8089,0x8089,0x8089,0x8089,0x8089,0x8089,0x8089,0x8089,0x8089,
  0x8089,0x8089,0x8089,0x8089,0x8089,0x8089,0x8089,0x80AB,0x80AB,0x80AB,0x80AB,0x80EF,0x808A,0x80F0,0x80F1,0x8110,
  0x8953,0x9152,0x9D4E,0xD1C6,0xDDE5,0xCDA6,0xB1A7,0xA567,0xA127,0x90E7,0x8CC7,0xEEE4,0xAD05,0x9107,0x9128,0x9128,
  0xB62B,0x8D08,0x9107,0x8D07,0x9128,0x9129,0x88E9,0x88E8,0x9527,0x9D88,0x9127,0x9548,0x9968,0x8908,0x8CC7,0xFFA9,
  0x8CE6,0x9107,0xB1C8,0xA1A9,0x80C8,0x9DAA,0x916A,0x8929,0x892A,0x998A,0x9149,0xA5CA,0xA1CA,0xAA0A,0xA1AA,0xAA09,
  0xADE8,0x80AA,0x8110,0x8111,0x80AB,0x8110,0x8111,0x8111,0x8111,0x810E,0x896F,0x8572,0xB212,0x80F0,0x80CE,0x890F,
  0x9193,0x8930,0xC2FB,0xC2FA,0x80EF,0xAA57,0xCB1C,0xCB1B,0x80CE,0xC6DA,0x9173,0x80CE,0x80AD,0x80CE,0x80CE,0x80CE,
  0x80CE,0x80CE,0x80CE,0x80CE,0x80EE,0x80EE,0x80EF,0x80EF,0x80EF,0x80EF,0x80EF,0x80EF,0x80CF,0x80CE,0x80CD,0x80AE,
  0xA62E,0x9DF0,0x9193,0x8114,0x8551,0x9590,0x9DCF,0x99D1,0xA1F4,0xAA35,0xBEB1,0xA1F0,0x95B1,0x8553,0x9DD2,0x8D71,
  0x95B0,0x99EF,0xA210,0x95D1,0x95D3,0xC2B4,0x99F4,0x8DB3,0x91D3,0x95D3,0x85B5,0x9E14,0xA233,0x8976,0x8554,0x8DB6,
  0x8113,0x8134,0x8595,0x8575,0x89B7,0x89B7,0x8575,0x8996,0x8576,0x8575,0x8997,0x9E18,0xAE9A,0xBADB,0xC71B,0xCB1B,
  0xAA9A,0xBEFB,0xA67A,0xD35C,0xD33C,0xD77C,0xE39D,0xE39D,0xDB7C,0xB6DA,0x89F9,0xE3BC,0xD35B,0xD33A,0xCB5A,0xD37C,
  0xD77D,0xBAFD,0xC33D,0xC75F,0xD79E,0xDFBF,0xDB9F,0xDFBF,0xE7DF,0xF3FF,0x9FBF,0x835F,0x833F,0x829F,0x81BC,0x819C,
  0x81BD,0x817A,0x8114,0x8115,0x80CE,0x80D0,0x80AC,0x80AB,0x80AB,0x80AA,0x80AA,0x8046,0x8024,0x8024,0x8045,0x8024,
  0x8024,0x8024,0x8023,0x8023,0x8023,0x8023,0x8023,0x8023,0x8022,0x8022,0x8022,0x8022,0x8022,0x8022,0x8002,0x8002,
  0x8002,0x8002,0x8002,0x8002,0x8022,0x8026,0xABDF,0x8024,0x8023,0x8002,0x8002,0x8022,0x8002,0x8002,0x8002,0x8002,
  0x8002,0x8002,0x8002,0x8002,0x8002,0x8002,0x8002,0x8022,0x8002,0x8002,0x8022,0x8002,0x8002,0x8002,0x8022,0x8002,
  0x8002,0x8002,0x8002,0x8002,0x8002,0x8002,0x8002,0x8002,0x8002,0x8002,0x8002,0x8002,0x8002,0x8002,0x8002,0x8002,
  0x8002,0x8002,0x8002,0x8002,0x8002,0x8002,0x8002,0x8002,0x8002,0x8002,0x8002,0x8002,0x8002,0x8002,0x8002,0x8002,
  0x8022,0x8022,0x8022,0x8022,0x8022,0x8022,0x8023,0x8022,0x8002,0x8002,0xE6F2,0xAD6B,0x88C9,0x84A8,0x8044,0x8022,
  0x8002,0x8022,0x8002,0x8002,0x8022,0x8023,0x8CA6,0x8044,0x8024,0x8023,0x8044,0x8044,0x8001,0x8821,0x8822,0x8022,
  0x8023,0x8002,0x8003,0x8023,0x8023,0xA506,0xD5EA,0x8887,0x8002,0x8002,0x8002,0x8002,0x8002,0x8002,0x8002,0x8022,
  0x8002,0x8002,0x8023,0x8022,0x8022,0x8002,0x8022,0x8002,0x8002,0x8002,0x8002,0x8002,0x8002,0x8022,0x8002,0x8022,
  0x8023,0x8022,0x8465,0xFEEB,0xD628,0x8865,0x8023,0x8002,0x8021,0x8001,0x8001,0x8002,0x8022,0x8002,0x8002,0x8002,
  0x8002,0x8002,0x8001,0x8001,0x8443,0x8000,0x8000,0x8000,0x8000,0x8000,0x8000,0x8001,0x8002,0x8002,0x8865,0x8023,
  0x8024,0x8023,0x8001,0x8444,0x8023,0x8023,0x8001,0x8486,0x8486,0x8043,0x8043,0x8022,0x9041,0x9462,0x8C63,0xB942,
  0xAD02,0x8422,0x8022,0xACE1,0x9861,0x8000,0x8401,0xB0E0,0x8842,0x8065,0x8466,0x8044,0x8465,0x8000,0x8443,0x8000,
  0x8001,0x8001,0x88A7,0x8002,0x8044,0x8023,0x8002,0x8002,0x8002,0x8001,0x8000,0x8000,0x8001,0x8001,0x8001,0x8001,
  0x8023,0x8444,0x8465,0x8486,0x8066,0x8045,0x8044,0x8445,0x8C86,0x8486,0x88A8,0x88A7,0x8002,0x8CA8,0x8887,0x8887,
  0x8887,0x8CC9,0x8C87,0x8465,0x8CA7,0x8866,0x8466,0x8466,0x8465,0x8023,0x8466,0x8466,0x8466,0x8465,0x8002,0x8465,
  0x8068,0x8088,0x8088,0x8088,0x8088,0x8088,0x8089,0x8088,0x8089,0x8089,0x8088,0x8089,0x8089,0x8089,0x8089,0x8088,
  0x8088,0x8089,0x8089,0x8089,0x8089,0x8089,0x8089,0x80AA,0x80AA,0x80AC,0x80AC,0x8089,0x80EF,0x80F1,0x80F1,0x80F0,
  0x80F1,0x8112,0x8910,0xFFA9,0xC5A7,0xC5C7,0xB5C7,0xA587,0xC1A5,0x88C7,0x8CC7,0x88C7,0x88C7,0x90A5,0xDDA3,0x9528,
  0x9127,0x9128,0x9128,0x9128,0x84E8,0x84E9,0x914A,0x88E9,0x9D48,0x88E8,0x88C7,0x84A6,0x9D68,0xA189,0xA169,0xAD67,
  0xFB4A,0x9928,0xA147,0xCA06,0x954A,0x8D4A,0x80C9,0x84A9,0x8D2B,0x890A,0x84E9,0x9989,0x88E9,0x80AB,0xAA0C,0x894F,
  0x80AC,0x808A,0x80EF,0x8111,0x8110,0x8068,0x80F0,0x8111,0x8110,0x80AA,0x852E,0x8152,0xC252,0x9193,0x80CE,0x80AC,
  0x80AC,0x80AD,0x80CD,0xBAB9,0xC71B,0xC71B,0xC2FB,0xC6FB,0xCB1B,0xA216,0xAA57,0xBA99,0xD33C,0x80AD,0x80CD,0x80CE,
  0x80AD,0x80CE,0x80CE,0x80EF,0x80EF,0x810F,0x80CF,0x80EF,0x80EF,0x80CF,0x80EF,0x80EF,0x80EF,0x80EF,0x80CD,0x80AD,
  0x80CF,0x894F,0x95B0,0x99CE,0x99ED,0x9192,0x8533,0x95B4,0x99F4,0xB253,0xAA54,0xC6D6,0x99D0,0xA630,0xA230,0x80F2,
  0x8112,0x8131,0xA1EF,0x8951,0xA233,0xA232,0xDF9C,0xCB19,0x95F3,0xA233,0x9E32,0x8594,0x8DB4,0x8DB5,0x8DB5,0x8DB5,
  0x89B6,0x8996,0x8554,0x8554,0x8975,0x8996,0x8996,0x8996,0x8575,0x8575,0x8596,0x8597,0x89B7,0x85B8,0x91F9,0xCB3B,
  0xD33B,0xE37C,0xDB5C,0xA27A,0xAA7A,0xCB3B,0xDB7C,0xDF9C,0xE79D,0xEFDD,0xC31B,0x9239,0xCB3B,0xDB5B,0xCF5A,0xD35B,
  0xDF9C,0xE39C,0xB6FE,0xC73D,0xDF9D,0xBB1E,0xC33D,0xDF9F,0xDFBF,0xDFBF,0xEFFF,0xFFFF,0x837F,0x833F,0x82FF,0x827F,
  0x821E,0x81FE,0x815A,0x8139,0x80F3,0x8114,0x808C,0x80CF,0x80AC,0x80AB,0x8089,0x8089,0x8067,0x8067,0x8067,0x8066,
  0x8045,0x8046,0x8024,0x8023,0x8023,0x8024,0x8024,0x8023,0x8023,0x8002,0x8022,0x8023,0x8022,0x8002,0x8022,0x8022,
  0x8002,0x8002,0x8002,0x8002,0x8003,0x8023,0x8044,0x8024,0x8024,0x8023,0x8002,0x8002,0x8002,0x8002,0x8002,0x8002,
  0x8002,0x8002,0x8002,0x8002,0x8002,0x8002,0x8002,0x8002,0x8002,0x8022,0x8022,0x8002,0x8022,0x8002,0x8002,0x8002,
  0x8002,0x8002,0x8002,0x8002,0x8002,0x8002,0x8002,0x8002,0x8002,0x8002,0x8002,0x8002,0x8002,0x8002,0x8002,0x8002,
  0x8002,0x8002,0x8002,0x8022,0x8002,0x8002,0x8002,0x8002,0x8002,0x8002,0x8002,0x8002,0x8002,0x8002,0x8002,0x8002,
  0x8022,0x8002,0x8022,0x8022,0x8022,0x8002,0x8022,0x8023,0x8023,0x8022,0x8022,0x9CC5,0x8024,0x8023,0x8023,0x8023,
  0x8023,0x8022,0x8022,0x8023,0x8002,0x8023,0x8022,0x8002,0x8023,0x8045,0x8024,0x8044,0x8044,0x8464,0xC1AA,0x8067,
  0x8045,0x8023,0x8022,0x8002,0x8022,0x8022,0x8002,0x8002,0x8022,0x8002,0x8002,0x8002,0x8001,0x8002,0x8002,0x8002,
  0x8002,0x8002,0x8087,0x8023,0x8002,0x8002,0x8002,0x8022,0x8022,0x8002,0x8002,0x8022,0x8002,0x8002,0x8022,0x8022,
  0x8022,0x8022,0x8444,0x8044,0x8022,0x8044,0x8045,0x8001,0x8000,0x8001,0x8001,0x8000,0x8023,0x8023,0x8023,0x8001,
  0x88A9,0x88A7,0x88A7,0x8886,0x8465,0x8444,0x8865,0x8023,0x8000,0x8000,0x8001,0x8CA8,0x8002,0x8001,0xB1CF,0x9D0A,
  0x8866,0x8CA8,0x8023,0x8422,0x9D2B,0x8465,0x8000,0x8001,0x90C7,0x8887,0x8887,0x8465,0xD540,0xDDE2,0x8443,0xFB65,
  0xEA84,0x8423,0x8423,0xFB66,0xB4E1,0x8422,0x8C21,0xF745,0x9042,0x8486,0x8887,0x88A7,0x8487,0x8865,0x8886,0x8000,
  0x8002,0x8023,0x9085,0x8001,0x8045,0x8486,0x88C9,0x8487,0x8002,0x8002,0x8002,0x8024,0x8002,0x8001,0x8001,0x8002,
  0x8000,0x8022,0x8023,0x8023,0x8024,0x8065,0x8022,0x8001,0x8000,0x8000,0x8000,0x8022,0x8000,0x8000,0x8023,0x8023,
  0x8023,0x8023,0x8443,0x8044,0x94E9,0x90E9,0x8886,0x8CA7,0x8866,0x8866,0x8866,0x8886,0x8866,0x8466,0x8465,0x8466,
  0x8089,0x8088,0x8088,0x8088,0x8088,0x8088,0x8089,0x8088,0x8088,0x8089,0x8088,0x8089,0x8089,0x8089,0x8089,0x8089,
  0x8088,0x8089,0x8089,0x8089,0x8089,0x8089,0x8088,0x9D2A,0xC9E7,0x80AA,0x80EF,0x80CD,0x808B,0x80CE,0x80F1,0x80F1,
  0x8111,0x8113,0xDA49,0xC185,0xBDC7,0xB9C7,0xADC8,0xA9C9,0x84E7,0x9128,0x8CE7,0x88E7,0x88C7,0x88A7,0x88C7,0x8CC7,
  0xFFEA,0x9528,0x9527,0x9528,0x8909,0x8909,0x9948,0x88E8,0x8D08,0x8D08,0x88E7,0x88E7,0x9D88,0xA189,0x9549,0x9969,
  0xC5E6,0xADA8,0x8CE7,0xBDC6,0x996A,0x9D8B,0x9D8A,0xA569,0x954A,0x890A,0x84E8,0x9528,0x80A8,0x808B,0x80AC,0x80EF,
  0x80AD,0x8133,0x8111,0x8111,0x80EF,0x8069,0x8069,0x8112,0x8111,0x80AC,0x80CD,0x80AC,0x95B6,0xB699,0xC6FB,0xC73C,
  0x80AD,0x80CD,0x80AD,0x9993,0xC6FB,0xA217,0xBADA,0xAA57,0xBAB9,0xB6B9,0xBAB9,0xBABA,0xB278,0x9172,0x80CE,0x80CF,
  0x80CE,0x80EF,0x80CE,0x80CF,0x80EF,0x80EF,0x80EF,0x80EF,0x80EF,0x80CE,0x80CF,0x80CF,0x80CF,0x80CF,0x80EE,0x80CD,
  0x80CF,0x894E,0xA1EE,0x99CE,0x91AE,0x91B1,0x95D0,0x95B2,0xB294,0xB253,0xAA54,0xA235,0xA611,0xA64F,0xA631,0xA232,
  0x80F2,0x8112,0x8132,0x8112,0x8112,0xA612,0xD75A,0x99F6,0x9A12,0x9E13,0x9A14,0x8DD4,0x8DB4,0x91B4,0x8DB6,0x8DB6,
  0x8DD7,0x8133,0x8554,0x8974,0x8995,0x8996,0x89B6,0x8996,0x8996,0x8175,0x8196,0x8197,0x8197,0x8177,0x8197,0x8597,
  0xD75B,0xE37C,0xE37C,0xA27A,0xA259,0xAA9A,0xCB3B,0xD75C,0xE7BD,0xEBBD,0xE7BD,0xB6DB,0xB6DA,0xB2BB,0xDB7B,0xDF9C,
  0xDF9C,0xE39C,0xDFBD,0xA6DE,0xAEDD,0xCF5D,0xC73D,0xC33E,0xCB5F,0xDF9F,0xDF9F,0xDFBF,0xFBFF,0xC3DF,0x877F,0x835F,
  0x82DF,0x827F,0x81BD,0x817B,0x8137,0x8137,0x80F4,0x80D2,0x80D0,0x80AD,0x80CD,0x80CD,0x8068,0x8068,0x8068,0x8045,
  0x8046,0x8024,0x8024,0x8066,0x8066,0x8023,0x8023,0x8023,0x8023,0x8045,0x8024,0x8023,0x8022,0x8023,0x8022,0x8023,
  0x8002,0x8002,0x8002,0x8002,0x8023,0x8023,0x8023,0x8022,0x8002,0x8023,0x8022,0x8002,0x8002,0x8023,0x8002,0x8002,
  0x8002,0x8002,0x8002,0x8002,0x8002,0x8002,0x8022,0x8022,0x8022,0x8002,0x8022,0x8022,0x8022,0x8002,0x8023,0x8022,
  0x8002,0x8002,0x8002,0x8002,0x8002,0x8002,0x8023,0x8002,0x8002,0x8022,0x8002,0x8002,0x8002,0x8002,0x8002,0x8002,
  0x8002,0x8002,0x8002,0x8002,0x8002,0x8002,0x8022,0x8002,0x8002,0x8002,0x8002,0x8002,0x8002,0x8022,0x8002,0x8002,
  0x8022,0x8002,0x8002,0x8002,0x8022,0x8022,0x8022,0x8022,0x8022,0x8022,0x8022,0x8864,0x8023,0x8023,0x8044,0x8023,
  0x8023,0x8023,0x8023,0x8023,0x8022,0x8022,0x8002,0x8002,0x8022,0x8045,0x8045,0x8044,0x8065,0x8087,0xFFFF,0x9E99,
  0x8488,0x8066,0x8024,0x8023,0x8022,0x8022,0x8002,0x8002,0x8023,0x8022,0x8002,0x8002,0x8002,0x8002,0x8002,0x8002,
  0x8002,0x8022,0x8023,0x8022,0x8002,0x8002,0x8002,0x8022,0x8022,0x8022,0x8022,0x8002,0x8002,0x8002,0x8022,0x8022,
  0x8022,0x8022,0x8022,0x8466,0x8466,0x8466,0x8465,0x8023,0x8001,0x8002,0x8466,0x8487,0x88A8,0x8CA8,0x8CA9,0x8023,
  0x8002,0x8022,0x8C87,0x8886,0x8CC7,0x8000,0x8865,0x8866,0x8C86,0x8000,0x8002,0x8002,0x8023,0x8023,0x8022,0xB5CF,
  0xB1AE,0x8465,0x8000,0x8000,0x98C8,0x98C9,0x8C85,0x8001,0xB5CF,0x992C,0x992C,0x990B,0x8043,0x8043,0x8023,0x8443,
  0x8043,0x8043,0x8445,0x8865,0x8444,0x8023,0x8022,0x8442,0x8465,0x8044,0x8444,0x8464,0x8023,0xD181,0x8865,0x8444,
  0x8424,0xCA0C,0x9063,0x8466,0x8065,0x8044,0x8023,0x8044,0x8001,0x8001,0x8CA7,0x8865,0x8002,0x8002,0x8887,0x8043,
  0x8023,0x8024,0x8ABA,0xB7BE,0x8088,0x87BF,0x8043,0x8001,0x8002,0x8001,0x8001,0x8001,0x8000,0x8001,0x8001,0x8001,
  0x8001,0x8001,0x8001,0x8001,0x8023,0x8023,0x8023,0x8022,0x950A,0x950A,0x94EA,0x94EA,0x94EA,0x8CA8,0x90C9,0x90C9,
  0x8088,0x8088,0x8088,0x8088,0x8088,0x8088,0x8088,0x8088,0x8088,0x8088,0x8088,0x8088,0x8089,0x8089,0x8089,0x8089,
  0x8089,0x8089,0x8089,0x8089,0x8089,0x8089,0x8089,0x80AD,0x80CD,0x808B,0x8068,0x80AD,0x80D0,0x8112,0x8112,0x8D0E,
  0x80EF,0xB5CA,0xD226,0xA967,0x9127,0x9527,0xA9A8,0xA9C8,0xA9A8,0x9128,0x9D68,0x9548,0x88E7,0x88C7,0x88C8,0x8CE7,
  0x84A6,0x8CC6,0x94E6,0xB944,0xEE85,0x8CE7,0x8CE7,0x8D07,0x9128,0x9148,0x9D68,0x9D89,0x9D89,0xA5A9,0xADC9,0xB1A7,
  0xAD66,0xB9C7,0xC1C7,0xC1A5,0xA968,0xA989,0xB587,0xA588,0xA187,0x9D67,0x9967,0x8908,0x9988,0x80AA,0x808B,0x80F0,
  0x80F0,0x8112,0x808B,0x80AC,0x80EF,0x80EF,0x80AC,0x808A,0x8153,0x8111,0x80CE,0x808B,0x808B,0x9194,0x9DF5,0xB278,
  0x9594,0x8D94,0x80AD,0x80AD,0x80AC,0xA217,0xA238,0xAA58,0x80AC,0x810F,0xAE78,0xAA37,0x9172,0xC71B,0xC71C,0x80AE,
  0x80CE,0x80CD,0x80CE,0x80CE,0x8131,0x8131,0x80EF,0x91B4,0x9A16,0x80CE,0x80CF,0x80CF,0x80CF,0x80CE,0x80CE,0x80CE,
  0x80CE,0x80CF,0x80D0,0xA22F,0xA20F,0xA230,0x95AF,0x80CF,0x8090,0xAA34,0x9DD3,0xC71C,0xBA97,0xAA4F,0x8134,0x8135,
  0x8134,0x8133,0x8132,0x8132,0x80F1,0x8533,0x8995,0x8532,0x8133,0x9E16,0xCEF9,0x8995,0x8995,0x99F5,0x8DB7,0x8DB7,
  0x8112,0x8575,0x8532,0x8974,0x8995,0x8994,0x8996,0xEBBD,0xE7BD,0xDF7B,0xA659,0xD75C,0xCF3C,0x8176,0xC6FA,0xDF7C,
  0x8176,0xC6FB,0xD75C,0xC71B,0xDF7C,0xDB7D,0xD77C,0xC31B,0xC31B,0xDF9C,0xDF9C,0xDB9D,0xC71B,0x8176,0xCB1A,0xDB7C,
  0xE39C,0xE39D,0xE7BD,0xE7BD,0xDF9D,0xB2FE,0xDB7D,0xCB5E,0xC73E,0xC33E,0xDBBF,0xDBBF,0xDB9F,0xEBDF,0xF7FF,0xE7FF,
  0x839F,0x839F,0x829F,0x829F,0x81DE,0x817B,0x817A,0x8117,0x80F4,0x80D0,0x80EF,0x80AD,0x80AD,0x80AC,0x8068,0x8089,
  0x8068,0x8067,0x8046,0x8045,0x8045,0x8045,0x8046,0x8024,0x8023,0x8023,0x8023,0x8023,0x8023,0x8023,0x8023,0x8023,
  0x8023,0x8022,0x8022,0x8023,0x8022,0x8002,0x8002,0x8002,0x8002,0x8002,0x8002,0x8002,0x8002,0x8002,0x8002,0x8002,
  0x8002,0x8002,0x8002,0x8002,0x8002,0x8191,0x8023,0x8002,0x8002,0x8002,0x8002,0x8002,0x8023,0x8002,0x8023,0x8023,
  0x8002,0x8002,0x8002,0x8002,0x8002,0x8002,0x8002,0x8002,0x8002,0x818F,0x8002,0x8002,0x8002,0x8002,0x8002,0x8002,
  0x8002,0x8002,0x8002,0x8002,0x8002,0x8002,0x8022,0x8002,0x8002,0x8002,0x8002,0x8002,0x8022,0x8002,0x8002,0x8002,
  0x8002,0x8002,0x8002,0x8002,0x8022,0x8022,0x8022,0x8022,0x8022,0x8022,0x8022,0x8022,0x8022,0x8022,0x8045,0x8023,
  0x8023,0x8023,0x8023,0x8023,0x8023,0x8022,0x8022,0x8022,0x8002,0x8023,0x8044,0x8044,0x8044,0x8067,0x80AD,0x8089,
  0x8066,0x8024,0x8023,0x8023,0x8022,0x8002,0x8002,0x8002,0x8002,0x8002,0x8002,0x8002,0x8002,0x8002,0x8002,0x8022,
  0x8022,0x8022,0x8022,0x8022,0x8022,0x8002,0x8002,0x8022,0x8022,0x8022,0x8022,0x8002,0x8002,0x8022,0x8022,0x8022,
  0x8002,0x8002,0x8002,0x8002,0x8002,0x8002,0x88A8,0x8487,0x8044,0x84A8,0x8045,0x8487,0x8886,0x8465,0x94E9,0x94E9,
  0x8466,0x8865,0x8000,0x8000,0x8465,0x8CC8,0x8002,0xF30E,0x90E9,0x8CA7,0x8CA8,0x90C8,0x90A8,0x8C87,0x8043,0x8000,
  0x90A6,0x94E9,0x8CA7,0x8465,0x8443,0x8022,0x8465,0x8487,0x8022,0x950B,0x90C9,0x8465,0x8023,0x8000,0x8023,0x8022,
  0x8002,0x8000,0x8044,0x8066,0x8465,0x8022,0x8023,0x8023,0x8023,0x8022,0x8022,0x8022,0x8001,0x8001,0x8443,0x9484,
  0xEA49,0x8002,0x8002,0x8002,0x8002,0x8044,0x8002,0x94C7,0x8465,0xB5AC,0x8001,0x8001,0x8022,0x8887,0x84A7,0x8043,
  0x8001,0x8FFF,0xA6FA,0xD7DF,0x810B,0x8002,0x8022,0x8465,0x90C9,0x8023,0x8001,0x8000,0x8000,0x8001,0x8000,0x8044,
  0x8044,0x8001,0x8002,0x8002,0x8002,0x8023,0x8002,0x8002,0x8002,0x8001,0x8001,0x8001,0x8001,0x8001,0x8001,0x8000,
  0x8088,0x8088,0x8088,0x8088,0x8088,0x8088,0x8068,0x8088,0x8088,0x8088,0x8088,0x8088,0x8088,0x8088,0x8088,0x8089,
  0x8089,0x8089,0x8089,0x8089,0x8089,0x8089,0x8088,0x8089,0x8089,0x8089,0x8089,0x80F1,0x80AD,0x80D0,0xB5AA,0xCDE6,
  0xA968,0xB586,0xB5C6,0xB1C6,0x9D67,0x9947,0xA167,0xEA62,0xA568,0x9128,0xADE9,0xADE9,0x9D67,0x88E7,0x84A7,0x88C6,
  0x88C6,0x88A6,0x84A5,0x90C7,0x8CA7,0xD9A4,0x8D07,0x9548,0x9568,0x9568,0xB1C8,0xA5A9,0x9948,0xA9A8,0xA5A8,0xCDE5,
  0x9D06,0xA127,0xFF26,0xFFE8,0xD5A3,0xBD87,0xFB23,0xA169,0xA187,0xA5A8,0x9D87,0x8D28,0xA1C9,0x8D4A,0x808B,0x808C,
  0x808B,0x8111,0x80F0,0x80EF,0x80AC,0x8112,0x8111,0x8047,0x8152,0x8152,0x8111,0x80AD,0x808C,0x850F,0xAE79,0xAE58,
  0xAE58,0x8931,0x80CE,0x808B,0x808B,0xAA37,0x8930,0x84EE,0x80AC,0x808D,0xBA99,0xB698,0x80EF,0xAE78,0xBA9A,0xA1F6,
  0x80CE,0x80CE,0x80CE,0x80CE,0x80CD,0x80EF,0x80EF,0x80F0,0x80CD,0x89D3,0xA611,0x80CE,0x80CE,0x80CE,0x80CF,0x80CF,
  0x80CF,0x80EE,0xA60F,0xAA50,0xA1EF,0xB6B1,0x8110,0x80D0,0x80AF,0x80AD,0x80AE,0xB254,0xC6F7,0xAA71,0xAE72,0x91D2,
  0x8134,0x8133,0x8132,0x80F0,0x80F1,0x80F1,0x80F1,0x80F1,0x8112,0x8153,0xC6D9,0x91D7,0x85B6,0x95F7,0x9E17,0x8DB7,
  0x80F0,0x8574,0x8974,0x8974,0x8974,0x8994,0xDF7B,0xCF3B,0xC71B,0xCF3B,0xDF7D,0xDF7D,0xDF7C,0xE39D,0xDF7D,0xD75C,
  0xA258,0xDB5C,0xD77B,0xA279,0xCB3B,0xE39D,0xE79D,0xE39C,0xC2FB,0xB2BA,0xC71B,0xBF1C,0xCF3C,0xD35B,0x85B7,0xD35B,
  0xCF3B,0xDB7C,0xE7BC,0xE7BD,0xE79D,0xE3BD,0xC31D,0xCB3D,0xE7BE,0xBF1E,0xBF1E,0xD77E,0xD79F,0xDB9F,0xDBBF,0xF7FF,
  0xFBFF,0xBFFF,0x837F,0x831F,0x823F,0x823F,0x81BC,0x8138,0x8138,0x80F5,0x80F2,0x80CF,0x80CF,0x80AC,0x80AC,0x8046,
  0x8068,0x8068,0x8067,0x8045,0x8046,0x8025,0x8046,0x8024,0x8023,0x8023,0x8023,0x8023,0x80AA,0x8023,0x8022,0x8022,
  0x8022,0x8023,0x8023,0x8023,0x8002,0x8022,0x8022,0x8002,0x8022,0x8002,0x8002,0x8002,0x8002,0x8022,0x8002,0x8002,
  0x8022,0x8002,0x8002,0x8002,0x8002,0x8002,0x8002,0x8002,0x8002,0x8002,0x8002,0x8022,0x8023,0x8023,0x8023,0x8023,
  0x8023,0x8002,0x8002,0x8002,0x8002,0x8002,0x8002,0x8002,0x8002,0x8025,0x8022,0x8002,0x8002,0x8002,0x8002,0x8002,
  0x8002,0x8002,0x8002,0x8002,0x8002,0x8002,0x8002,0x8002,0x8002,0x8002,0x8002,0x8002,0x8002,0x8002,0x8002,0x8002,
  0x8002,0x8002,0x8002,0x8002,0x8002,0x8002,0x8002,0x8022,0x8022,0x8022,0x8022,0x8022,0x8023,0x8023,0x8045,0x8024,
  0x8044,0x8023,0x8023,0x8023,0x8022,0x8022,0x8022,0x8002,0x8002,0x8002,0x8002,0x8023,0x8023,0x8045,0x80AC,0x8046,
  0x8024,0x8023,0x8022,0x8022,0x8022,0x8002,0x8002,0x8002,0x8002,0x8002,0x8002,0x8002,0x8002,0x8002,0x8002,0x8002,
  0x8002,0x8002,0x8022,0x8022,0x8002,0x8022,0x8002,0x8002,0x8002,0x8002,0x8002,0x8002,0x8002,0x8022,0x8022,0x8022,
  0x8002,0x8022,0x8002,0x8002,0x8002,0x8022,0x8022,0x94E9,0x950A,0x8487,0x8023,0x8065,0x950A,0x98E9,0x8886,0xAD8D,
  0xA54C,0x8465,0x8044,0x8022,0x8022,0x8864,0x90C8,0x8024,0x90C8,0xA14D,0x90C8,0x90C8,0x8CA7,0x8866,0x8443,0x8000,
  0x8000,0x9D2A,0x98E9,0x8866,0x8C86,0x8423,0x88A8,0x8887,0x8022,0x994C,0x8465,0x8465,0x8045,0x8001,0x8022,0x8022,
  0x8023,0x8000,0x8023,0x8044,0x8001,0x8045,0x8065,0x88A7,0x8066,0x8044,0x8000,0x8864,0x8C85,0x8000,0x8000,0xB547,
  0xB567,0x8420,0x8002,0x8002,0x8002,0x8002,0x94C9,0x8CA7,0x8024,0x8001,0x8000,0x8887,0x8486,0x8023,0x8486,0x8023,
  0x8000,0x97DD,0xA7DF,0x8000,0x8024,0x84A8,0x8487,0x8CC8,0x8864,0x8001,0x8001,0x8001,0x8002,0x8023,0x8466,0x8001,
  0x8001,0x8001,0x8001,0x8001,0x8001,0x8001,0x8000,0x8000,0x8001,0x8002,0x8023,0x8044,0x8023,0x8002,0x8002,0x8001,
  0x8088,0x8088,0x8088,0x8088,0x8088,0x8088,0x8088,0x8088,0x8068,0x8088,0x8068,0x8068,0x8089,0x8089,0x8088,0x8089,
  0x8088,0x8089,0x8089,0x8089,0x8089,0x8089,0x8087,0x8088,0x8089,0x8089,0x8089,0x8088,0x8132,0xBDE8,0xB9A6,0x9D46,
  0x9907,0xFFA9,0xA567,0x9527,0x88C7,0x8CE8,0xA147,0xAD87,0x9D69,0xA588,0xADE9,0xA9E8,0xA188,0x88E7,0x84A6,0xC565,
  0x8CC6,0x8CC6,0x88C7,0x84A7,0x88E8,0x8D07,0x88E7,0x9128,0xFFEA,0xEDE5,0xB965,0x9D27,0xB566,0xBDE7,0xDA26,0xDE04,
  0xD9E5,0xF6C7,0xCDA6,0xC5A7,0x90EC,0x80EE,0x80AB,0x808B,0x80AC,0xFFCA,0xF683,0xA9E8,0xA9E9,0xADC8,0x810B,0x892D,
  0x812D,0x8089,0x80EE,0x80EF,0x80AD,0x80AC,0x8133,0x8134,0x80AD,0x8154,0x8154,0x80F0,0x808C,0x9194,0x80AC,0x9151,
  0xAA38,0xAA37,0xA637,0x95B3,0x808B,0x80AC,0x80CE,0x80CD,0x80EF,0x80EE,0x8910,0x8930,0x80CD,0x80AB,0x808B,0xAE78,
  0x80EE,0x8131,0x80CE,0x80CE,0x80CE,0x80EE,0x812F,0x80CF,0x9DED,0x9DED,0x8990,0x9E12,0x80CF,0x8991,0x80F0,0x80F0,
  0x80D0,0x916E,0x918F,0xAA30,0xB270,0x894F,0x8571,0x8132,0x80F1,0x8132,0x80F0,0x80F0,0xA634,0xA631,0xB691,0xB64E,
  0x80F2,0x80F1,0x80F1,0x80F1,0x80F1,0x8112,0x8133,0x8133,0x8112,0xBE96,0xCAD9,0xD31B,0xB29A,0x8DD7,0xAA59,0xA638,
  0xB6B9,0x80D2,0x8133,0x89B6,0x8112,0x8133,0x8154,0xCF3B,0xCB1B,0xCF3B,0xAE9A,0xAE9A,0xB29A,0xCB1B,0xD33B,0xDB7C,
  0xDB7C,0xD75B,0xDB5C,0xDB7C,0xDF7C,0xC31B,0xB6DB,0xBADB,0xD77C,0xDB5B,0xDB7C,0xDF7C,0xD75C,0xCF3C,0xCB1B,0xBEFB,
  0xB299,0xC2FB,0xDF9C,0xE39C,0xDF9C,0xE39C,0xCF3C,0xCB3C,0xE39D,0xE39D,0xBF1D,0xBF3F,0xBF1E,0xCB5E,0xDF9F,0xDB9F,
  0xDB9F,0xEFDF,0xF7FF,0x977F,0x839F,0x831F,0x827F,0x81FE,0x819C,0x8159,0x8117,0x80F4,0x80D1,0x80F0,0x80F0,0x80AC,
  0x808B,0x808A,0x8068,0x8067,0x8068,0x8047,0x8046,0x8025,0x8045,0x8045,0x8023,0x8023,0x8023,0x8023,0x8023,0x8023,
  0x8023,0x8023,0x8023,0x8023,0x8002,0x8002,0x8002,0x8022,0x8002,0x8002,0x8002,0x8023,0x8002,0x8002,0x8002,0x8002,
  0x8002,0x8002,0x8002,0x8002,0x8002,0x8002,0x8002,0x8002,0x8002,0x8002,0x8023,0x8022,0x8023,0x8023,0x8045,0x8023,
  0x8023,0x8023,0x8022,0x8022,0x8022,0x8002,0x8002,0x8002,0x8002,0x8022,0x8022,0x8002,0x8022,0x8002,0x8002,0x8002,
  0x8002,0x8002,0x8002,0x8002,0x8002,0x8002,0x8002,0x8002,0x8002,0x8002,0x8002,0x8002,0x8002,0x8002,0x8002,0x8002,
  0x8002,0x8002,0x8002,0x8002,0x8002,0x8002,0x8002,0x8002,0x8002,0x8002,0x8022,0x8023,0x8044,0x8045,0x80AA,0x8046,
  0x8024,0x8023,0x8022,0x8022,0x8022,0x8022,0x8022,0x8002,0x8002,0x8002,0x8002,0x8022,0x8002,0x8022,0x8024,0x8023,
  0x8022,0x8022,0x8002,0x8002,0x8002,0x8002,0x8002,0x8002,0x8002,0x8002,0x8022,0x8002,0x8002,0x8002,0x8002,0x8002,
  0x8002,0x8002,0x8002,0x8002,0x8002,0x8002,0x8002,0x8002,0x8002,0x8002,0x8002,0x8022,0x8022,0x8002,0x8002,0x8002,
  0x8022,0x8022,0x8022,0x8002,0x8002,0x8002,0x8002,0x8002,0x8002,0x8002,0xB5AD,0x8000,0x8001,0xA98E,0xA98D,0xA98D,
  0xA96D,0xA96D,0x8CA8,0x88A7,0x8887,0xAD4A,0x98A5,0xA14D,0x8023,0x8022,0x90A7,0x9909,0x98E9,0x94C8,0x8C85,0x8443,
  0x8000,0x8023,0xB127,0xD9E4,0xC5A9,0xA56D,0x90C9,0x8886,0x8443,0x8001,0xFBC5,0xF223,0x8465,0x8001,0x9861,0xFF81,
  0x8044,0x8002,0xFBAB,0x8045,0x8444,0x8465,0x8466,0x8487,0x9484,0x8464,0x8422,0xA0A3,0x8C84,0x8022,0x8023,0x8000,
  0x8001,0x8843,0x8444,0x8464,0x8443,0x8C86,0x8465,0x8444,0x8024,0x8001,0x8887,0x8887,0x8887,0x8886,0x8466,0x8000,
  0x8445,0x8024,0x8045,0x8066,0x8065,0x8023,0x8002,0x8002,0x8023,0x8445,0x8887,0x8887,0x8887,0x8886,0x8464,0x8465,
  0x8444,0x8023,0x8023,0x8487,0x8487,0x8486,0x8466,0x8887,0x8045,0x8445,0x8465,0x8466,0x8866,0x8002,0x8465,0x8023,
  0x8088,0x8088,0x8068,0x8088,0x8088,0x8088,0x8088,0x8088,0x8088,0x8088,0x8068,0x8068,0x8088,0x8089,0x8089,0x8089,
  0x8089,0x8089,0x8089,0x8089,0x8089,0x8089,0x8089,0x8089,0x8089,0x8089,0x8089,0x80A7,0x8173,0xD686,0xC627,0x9D46,
  0x9D46,0x9D26,0x8CE6,0x9527,0x8086,0x88C6,0x8CE7,0x8D07,0x9107,0xD5E5,0x9D68,0xA9C8,0xADC7,0x8CE7,0x8D07,0xCD63,
  0xB901,0xA105,0x90E7,0x88E7,0x9548,0x9968,0x9947,0xB9C6,0x8CC5,0xA526,0xB145,0x9D27,0xFF88,0xD1C5,0xF643,0xFFFD,
  0xF663,0xCDA6,0xC9C6,0xA989,0x8911,0x8110,0x80CE,0x80CE,0x80AC,0x80AB,0xF642,0xB1E7,0xADC8,0xCA68,0xC64A,0xCE49,
  0x99AD,0x80CB,0x80EC,0x80CC,0x80AD,0x80AC,0x80AC,0x80AC,0x80CE,0x8133,0x80F0,0x8154,0x8154,0x8532,0x808B,0x80AB,
  0xA637,0xA637,0xA617,0x9DF5,0xAE78,0xB698,0x80CD,0x80CE,0x80EF,0x80CE,0x80EF,0x80CE,0x80AC,0x80AB,0x80AB,0x80AC,
  0x8193,0x80CD,0x80CD,0x80CD,0x80CD,0x80CD,0x80EF,0x80AE,0x8971,0x80AD,0x9DF1,0xA630,0xA211,0x80B0,0x8DB2,0x80CF,
  0x80CF,0x80CF,0x958F,0xA60F,0x80CE,0x80EF,0x8D8F,0x8132,0x8112,0x8133,0x80F0,0x80CF,0xA1F3,0xA633,0x84CE,0x80AE,
  0x8596,0x8112,0x80F1,0x80F1,0x80F1,0x8175,0x8155,0x8154,0x8133,0x9A17,0xA237,0xD33C,0xD77D,0x8134,0xAE79,0x8D96,
  0xB6BA,0x80F2,0x8133,0x8154,0x8134,0xD33B,0xCB3B,0xCB1B,0xA679,0x9E58,0xAE9A,0xD35C,0xE39D,0xE39D,0xDF7C,0xDB7C,
  0xDB7C,0xD75B,0xD75C,0xDB7C,0xDF7C,0xDF7C,0xCB1B,0xB2BA,0xBEDB,0xC31B,0xBEFB,0xDF7D,0xE39C,0xE79C,0xE39D,0xE39C,
  0x8E19,0xA659,0xAE9A,0xE7BD,0xE39D,0xDF9C,0xD77C,0xCB3C,0xDB9D,0xDF9D,0xE3BD,0xD37E,0xC33F,0xBF3E,0xBB1E,0xDF9F,
  0xDB9F,0xDF9F,0xE7BF,0xF7DF,0xCFBF,0x837F,0x833F,0x82FF,0x81DD,0x81BC,0x815A,0x8138,0x8138,0x80D1,0x80F2,0x80F0,
  0x80AC,0x80AD,0x80AD,0x8068,0x8068,0x8067,0x8066,0x8067,0x8066,0x8046,0x8046,0x8023,0x8024,0x8023,0x8023,0x8023,
  0x8044,0x8023,0x8023,0x8023,0x8023,0x8023,0x8022,0x8023,0x8023,0x8022,0x8022,0x8002,0x8002,0x8002,0x8002,0x8023,
  0x8002,0x8002,0x8002,0x8002,0x8022,0x8023,0x8023,0x8022,0x8022,0x8002,0x8022,0x8023,0x8023,0x8023,0x8045,0x8023,
  0x8024,0x8023,0x8023,0x8023,0x8002,0x8002,0x8002,0x8002,0x8002,0x8002,0x8022,0x8022,0x8002,0x8022,0x8002,0x8002,
  0x8002,0x8002,0x8022,0x8002,0x8002,0x8022,0x8002,0x8002,0x8002,0x8002,0x8002,0x8002,0x8022,0x8002,0x8002,0x8002,
  0x8002,0x8002,0x8002,0x8022,0x8002,0x8002,0x8001,0x8002,0x8022,0x8023,0x8023,0x8024,0x8068,0x8069,0xFFFF,0x8048,
  0x8045,0x8045,0x8023,0x8023,0x8022,0x8002,0x8022,0x8002,0x8002,0x8002,0x8002,0x8002,0x8022,0x8002,0x8024,0x8023,
  0x8002,0x8002,0x8002,0x8002,0x8002,0x8002,0x8002,0x8002,0x8002,0x8002,0x8002,0x8002,0x8002,0x8002,0x8002,0x8002,
  0x8002,0x8002,0x8002,0x8002,0x8002,0x8002,0x8002,0x8002,0x8002,0x8022,0x8002,0x8002,0x8002,0x8002,0x8002,0x8002,
  0x8002,0x8022,0x8002,0x8022,0x8022,0x8002,0x8002,0x8002,0x8002,0x8002,0x8022,0xD652,0x8045,0x8487,0x8045,0xFF65,
  0xB5CF,0xADAF,0xAD8F,0x8887,0x8886,0xBDCD,0xFFD3,0xEF79,0x952C,0x8CA7,0x8C85,0xA54B,0xA54B,0x9CE9,0x9085,0x8844,
  0x8001,0x9D0A,0x98A7,0xFFF4,0xF2A6,0xA98E,0x94E9,0x90E9,0x8465,0x8001,0xC501,0xFEC4,0x8886,0x8023,0x8843,0xEDE1,
  0x8465,0x8044,0x94C7,0x88C8,0x8444,0x8486,0x90C8,0x990B,0xFB05,0x8023,0x8843,0xFF64,0xA4C3,0x8465,0x8464,0x8001,
  0x8001,0x9044,0x9063,0x8C63,0x8842,0x8C85,0x8043,0x8001,0x8445,0x8886,0x90EA,0x90C9,0x8CA8,0x8465,0x90EA,0x8CA8,
  0x8486,0x88A7,0x8044,0x8000,0x8000,0x8000,0x8465,0x8445,0x8888,0x88A8,0x8887,0x8887,0x8887,0x8887,0x8001,0x8466,
  0x8466,0x8444,0x8487,0x8487,0x8486,0x8487,0x8466,0x8887,0x8886,0x8465,0x8444,0x8866,0x8886,0x8466,0x8466,0x8465,
  0x856F,0x8088,0x8088,0x8088,0x8088,0x8088,0x8088,0x8088,0x8088,0x8068,0x8068,0x8068,0x8088,0x8088,0x8088,0x8089,
  0x8088,0x8089,0x8089,0x8089,0x8089,0x8089,0x8089,0x8089,0x8089,0x8089,0x8089,0x80A7,0x80D0,0x8089,0x9927,0x80A7,
  0xA146,0x9D46,0x9927,0x9107,0x88C7,0x88E7,0x88E6,0x8CE6,0x88E7,0x88C6,0x88C6,0xB5C6,0xB1C7,0x9127,0x9107,0xDD80,
  0xFFFD,0xA4E4,0x90E6,0x88C7,0x88C7,0x9106,0x9D67,0xA566,0x88C6,0x9926,0xA566,0xA567,0xA967,0xC986,0xFFF5,0xFFFE,
  0xFFF9,0xE204,0xC9C6,0x80EE,0x8910,0x8510,0x80F0,0x80F1,0x80AC,0x80AB,0x808A,0x8068,0x8089,0xC647,0x80CA,0xBE2A,
  0x9DAD,0x80ED,0x80ED,0x80CD,0x80AC,0x80AC,0x80AC,0x80AC,0x80AC,0x8132,0x80AC,0x80AD,0x8154,0x80AD,0x8132,0x808B,
  0x9573,0xA617,0x808B,0xA636,0xAA57,0x850F,0xAA56,0x84EE,0x80AC,0x808C,0xA217,0xA638,0x80AC,0x80AC,0x80AC,0x80AC,
  0x80AC,0x80AC,0x8972,0x80AD,0x80CD,0x80CD,0x80EE,0x8110,0x8993,0x80CE,0x810F,0xA60F,0xA1EE,0x8550,0x89B2,0x91B1,
  0x95D1,0x95B1,0x9DEF,0x9DF0,0x80EF,0x80F0,0x80F0,0x8173,0x80D0,0x80D0,0x80F1,0x80AE,0x8532,0xA214,0x80CF,0x80D0,
  0x8133,0x8112,0x8112,0x80F1,0x80F1,0x80F1,0x80F1,0x80F0,0x8133,0x8D94,0xA236,0xA238,0xB299,0xD33C,0xB6BA,0xB2BA,
  0xAE9A,0x9A39,0x8995,0x8112,0x8112,0xC2FB,0xBADA,0xB6BA,0xAA79,0xAE99,0xDB5B,0xDF7C,0xDF5C,0xAA38,0xA217,0x9E17,
  0x9E17,0x9E18,0x9E18,0xBEDA,0xBADA,0xDB7C,0xE79C,0xE79D,0xDB7C,0xC71B,0xBEFB,0xCB1B,0xBADA,0xC2FB,0xDF9C,0xE79C,
  0xE79B,0xAE78,0xAE99,0xB6DA,0xDB7C,0xE39C,0xDF9C,0xDF9C,0xDF9C,0xDF9D,0xE3BD,0xE7BD,0xE39E,0xDB9E,0xBF1E,0xC75F,
  0xC33E,0xDB9E,0xDF9F,0xD77F,0xEFDF,0xF7FF,0x831F,0x835F,0x82BF,0x82BF,0x819C,0x81BD,0x8139,0x8138,0x8116,0x80F4,
  0x80F1,0x80AD,0x80AC,0x808A,0x80AB,0x8046,0x8067,0x8067,0x8067,0x8024,0x8023,0x8066,0x8024,0x8023,0x8024,0x8045,
  0x8023,0x8048,0x8153,0x8023,0x8023,0x8023,0x8022,0x8002,0x8023,0x8022,0x8002,0x8002,0x8002,0x8002,0x8002,0x8002,
  0x8002,0x8002,0x8002,0x8002,0x8022,0x8002,0x8003,0x8002,0x8024,0x8023,0x8023,0x8023,0x8024,0x8024,0x8046,0x8024,
  0x8024,0x8023,0x8023,0x8022,0x8023,0x8002,0x8002,0x8002,0x8002,0x8002,0x8002,0x8002,0x8002,0x8002,0x8002,0x8002,
  0x8002,0x8002,0x8022,0x8022,0x8002,0x8002,0x8002,0x8002,0x8002,0x8002,0x8002,0x8002,0x8022,0x8002,0x8002,0x8002,
  0x8002,0x8002,0x8002,0x8002,0x8002,0x8002,0x8023,0x8002,0x8002,0x8022,0x8023,0x8023,0x8046,0x8047,0xF7FF,0x8027,
  0x8025,0x8044,0x8023,0x8023,0x8023,0x8002,0x8022,0x8002,0x8002,0x8002,0x8002,0x8002,0x8002,0x8022,0x8023,0x8022,
  0x8002,0x8002,0x8002,0x8002,0x8002,0x8002,0x8002,0x8002,0x8002,0x8002,0x8002,0x8002,0x8002,0x8002,0x8002,0x8002,
  0x8002,0x8002,0x8002,0x8002,0x8002,0x8002,0x8002,0x8002,0x8002,0x8002,0x8002,0x8002,0x8002,0x8002,0x8002,0x8002,
  0x8002,0x8022,0x8022,0x8002,0x8002,0x8002,0x8002,0x8002,0x8002,0x8002,0x8002,0x8022,0x8023,0x8023,0x8044,0x8002,
  0x8001,0x8001,0x8001,0x8022,0x8001,0x8000,0x8821,0x9042,0x8842,0x8001,0xFA80,0xFFFF,0xFFFE,0xFF8D,0xFEC1,0xCDEB,
  0xA12A,0xA14C,0x9D0A,0x9086,0xD143,0xBD8A,0xA54C,0x94C9,0x8887,0x8001,0x8CCB,0x8888,0x8486,0x8023,0x8045,0x8465,
  0x8066,0x8066,0x8067,0x8087,0x8488,0x8087,0x8466,0x8066,0x8487,0x8023,0x8886,0x8CA7,0x8C86,0x8866,0x8422,0x8000,
  0xFBCE,0xFE41,0xFFFE,0xFBB0,0xF241,0x8C85,0x9042,0x9C61,0x8843,0xC543,0xC501,0x8C64,0x8866,0x90C8,0x8002,0x8002,
  0x8002,0x8001,0x8001,0x8043,0x8043,0x8465,0x8487,0x8887,0x8887,0x8466,0x8065,0x950A,0x8887,0x88A8,0x8887,0x8887,
  0x8466,0x8023,0x8467,0x8466,0x8466,0x8466,0x8466,0x8466,0x8866,0x8045,0x8445,0x9485,0x9885,0x8C64,0x8885,0x8866,
  0x80CA,0x8088,0x8068,0x8088,0x8088,0x8088,0x8088,0x8088,0x8088,0x8088,0x8068,0x8068,0x8068,0x8088,0x8088,0x8088,
  0x8088,0x8089,0x8089,0x8089,0x8089,0x8089,0x8089,0x8089,0x8088,0x8089,0x8089,0x8089,0x808A,0x808A,0x8068,0x8068,
  0x8068,0xADC7,0xB9E6,0xA146,0x9506,0x8CE6,0x8CE6,0x8CE6,0x84C6,0x84C6,0x88C6,0x84A6,0x8CE6,0x8CE6,0x8CE6,0xA526,
  0xA925,0xB965,0x90A5,0x84A6,0x80A5,0x9526,0x8D06,0x8CE6,0x88E6,0x88E6,0xA587,0xA987,0xADA7,0xC5C6,0xE5C2,0xFF4A,
  0xFF28,0xCDC6,0xC5A6,0xA98C,0x8D0F,0x8111,0x80F1,0x80CF,0x80AB,0x80CE,0x808A,0x8089,0x80AC,0xA5C8,0x894A,0x80AB,
  0x80F1,0x80AD,0x80AC,0x80AC,0x80AC,0x808B,0x808B,0x80AB,0x80AC,0x80AC,0x80AD,0x80AC,0x8175,0x80CE,0x80AD,0x80AD,
  0x80AE,0xA637,0xAA58,0xA636,0xBAB9,0xAA57,0xB278,0x808B,0x80AB,0x808B,0x80AB,0x890F,0xAE57,0x8510,0x80EF,0x80EF,
  0x80AD,0x80CD,0x80AE,0x80CE,0x80CE,0x80AD,0x808B,0x80CD,0x8993,0x8DB2,0x91D1,0xA20E,0xA20D,0xA1ED,0xB24C,0x99AE,
  0x9DF0,0x99F1,0x95D1,0xAA32,0xAA30,0x8530,0x80D0,0x80F1,0x80F0,0x80F0,0x80F0,0x80F0,0x80F0,0x80D0,0x80F1,0x80F1,
  0x80F1,0x80F1,0x80F1,0x80F1,0x80F1,0x80F1,0x80F1,0x80F1,0x80F0,0x8995,0x8113,0x99F6,0x8DB6,0xBEDB,0xBEDB,0xBEFB,
  0xB6BB,0xEBBD,0x8154,0x80F0,0x80AF,0xBEDA,0xBEDA,0xAA59,0xAE79,0xE39C,0xDF7C,0xB699,0x91D6,0x91D6,0x91D6,0xBEFB,
  0xDB7D,0xC31C,0x9A18,0x9A18,0x9E38,0xAA59,0xA659,0xA659,0xE39D,0xE39D,0xDF7D,0xD75C,0xCB3B,0xC71B,0xBEFB,0xDB7C,
  0xE39C,0xDB7B,0xDB5B,0xB6DA,0xAA79,0xDB7C,0xDB7C,0xDF9C,0xDF9C,0xDB7C,0xE39D,0xE3BD,0xE3BD,0xE3BD,0xE3BE,0xB2FD,
  0xC33E,0xC33E,0xBB1E,0xDB9F,0xD79F,0xD79F,0xEFFF,0xEBFF,0x93DF,0x879F,0x82DF,0x829F,0x819C,0x819D,0x815B,0x8116,
  0x80F5,0x80F1,0x80D0,0x80AD,0x808B,0x80AB,0x8068,0x80AB,0x8067,0x8046,0x8046,0x8046,0x8024,0x8024,0x8067,0x8023,
  0x8023,0x8024,0x8024,0x8023,0x8023,0x8023,0x8022,0x8023,0x8023,0x8023,0x8023,0x8024,0x8002,0x8002,0x8002,0x8023,
  0x8002,0x8024,0x8002,0x8022,0x8022,0x8022,0x8023,0x8002,0x8023,0x8023,0x8023,0x8023,0x8024,0x8024,0x808A,0x8024,
  0x8024,0x8023,0x8023,0x8023,0x8002,0x8022,0x8023,0x8002,0x8002,0x8022,0x8002,0x8002,0x8002,0x8002,0x8002,0x8002,
  0x8002,0x8002,0x8002,0x8002,0x8022,0x8022,0x8002,0x8002,0x8002,0x8002,0x8002,0x8002,0x8002,0x8002,0x8002,0x8002,
  0x8022,0x8002,0x8002,0x8002,0x8002,0x8002,0x8002,0x8002,0x8002,0x8002,0x8022,0x8022,0x8024,0x8045,0x808A,0x8025,
  0x8024,0x8023,0x8023,0x8023,0x8002,0x8002,0x8002,0x8002,0x8002,0x8002,0x8002,0x8002,0x8002,0x8002,0x8022,0x8002,
  0x8002,0x8002,0x8002,0x8002,0x8002,0x8002,0x8002,0x8002,0x8002,0x8002,0x8002,0x8002,0x8002,0x8002,0x8002,0x8002,
  0x8002,0x8002,0x8022,0x8002,0x8002,0x8002,0x8002,0x8002,0x8002,0x8002,0x8002,0x8002,0x8002,0x8002,0x8022,0x8002,
  0x8002,0x8022,0x8002,0x8002,0x8002,0x8002,0x8002,0x8002,0x8002,0x8002,0x8001,0x8002,0x8002,0x8022,0x8022,0x8002,
  0x8CE9,0x88A8,0x8466,0x88A7,0x8023,0x8023,0x9CC3,0xC544,0xA12A,0x950A,0xBD41,0xCE6E,0xDED1,0xC5A6,0xC121,0xF355,
  0x8C87,0xA14C,0x9D0A,0x90A6,0x8001,0x8023,0x8023,0x8444,0x8044,0x8023,0x8001,0x8001,0x8000,0x8000,0x8000,0x8000,
  0x8000,0x8000,0x8001,0x8001,0x8001,0x8000,0x8000,0x8000,0x8000,0x8000,0x8001,0x8022,0x8002,0x8865,0x8C43,0xAC81,
  0xC921,0xD921,0xF201,0xDDA2,0xA8C2,0x8886,0x8886,0x8886,0x8464,0xE1C2,0xBCE3,0x9CE7,0x98E9,0x9D0B,0x8023,0x8887,
  0x90EA,0x994D,0x910C,0x9D4B,0x94E9,0x90EA,0x94EA,0x90C9,0x90E9,0x90E9,0x8886,0xB1AE,0xAD8E,0xAD8E,0xA56D,0xA14D,
  0x8044,0x990A,0x990A,0x8CA8,0x8CA7,0x8CA8,0x9D0B,0x8866,0x8444,0x8C63,0x9483,0xBCE1,0xB8C0,0x9C61,0x9063,0x98E9,
  0x8089,0x8068,0x8068,0x8088,0x8088,0x8088,0x8088,0x8088,0x8088,0x8088,0x8088,0x8088,0x8088,0x8088,0x8088,0x8089,
  0x8089,0x8088,0x8089,0x8089,0x8088,0x8089,0x8089,0x8089,0x8088,0x8088,0x8089,0x8088,0x8089,0x808B,0x80AB,0x84CA,
  0x9548,0xA188,0xB9C5,0xCD62,0xB943,0x90E6,0x88C6,0x88C6,0x84C6,0x88C6,0x88C6,0x88C5,0x88C5,0x88C6,0x88C9,0x90E6,
  0x9106,0x94E7,0xBD64,0x90E7,0x8D06,0x9127,0x8D07,0x88E6,0x88E6,0x88E6,0x9D47,0xA9A7,0xA987,0xA567,0xCDA5,0xD9C5,
  0xD185,0xB566,0xD207,0x84EE,0x8510,0x80F1,0x80F0,0x80CD,0x808B,0x80AD,0x80CE,0x80AC,0x80CD,0x80AC,0x850A,0x80AA,
  0x8131,0x80AD,0x80AC,0x80AC,0x80AB,0x80AB,0x808B,0x80AB,0x808B,0x80AC,0x80CD,0x80CD,0x80AC,0x8175,0x80EF,0x80CE,
  0x80CF,0x95B4,0xA638,0xBEDA,0xBEB9,0xB278,0xB278,0x80AC,0x9DD3,0x80AC,0x80AC,0x890F,0xAE58,0x8D31,0x80CE,0xAA37,
  0x80AC,0x80AC,0x80CD,0x8132,0x80AD,0x80AD,0x80AC,0x80AC,0x808B,0x8573,0x8991,0x852F,0xA62D,0xA20D,0xA1ED,0xB270,
  0x99D0,0xC6B6,0xB277,0xA612,0xAE51,0x80CF,0x80F0,0x80F0,0x80F0,0x80F0,0x80F0,0x80F0,0x80F0,0x80F0,0x80F1,0x80F1,
  0x80F1,0x80F1,0x80F1,0x80F1,0x80F1,0x80F1,0x80F1,0x80F1,0x80F1,0x80F0,0x8574,0x8DB6,0x8575,0xAE58,0xBEBA,0xBEDA,
  0xDB7C,0xDB5C,0xAE79,0x80D1,0x80D0,0x80F1,0xBEDA,0xAA58,0xB6BA,0xDF7C,0xCF3B,0xAA59,0x9E17,0x91D6,0xCB1A,0xCF3C,
  0x9E17,0x91B6,0x91F7,0x9A18,0xA238,0x9E17,0x9E17,0x9E17,0xAE79,0xD75C,0xE39D,0xD35C,0xE7BD,0xE37C,0xBEFB,0xC2FB,
  0xE39C,0xE37C,0xDB7C,0xD35C,0xAE99,0xAE99,0xCF5C,0xDB9C,0xDB7C,0xD75C,0xDB7C,0xE39D,0xE39D,0xE3BE,0xE7BE,0xE3BE,
  0x965B,0xBB1E,0xBB3F,0xB71E,0xDF9F,0xDFBF,0xDFBF,0xE7DF,0xEBFF,0xE3FF,0x879F,0x833F,0x825F,0x81FE,0x817B,0x815A,
  0x8138,0x8137,0x80F3,0x80CF,0x80AE,0x80AC,0x808A,0x80AC,0x8047,0x8047,0x8068,0x8067,0x8066,0x8067,0x8023,0x8044,
  0x8023,0x8023,0x8024,0x8023,0x8023,0x8023,0x8023,0x8023,0x8024,0x8023,0x8023,0x8023,0x8022,0x8023,0x8022,0x8002,
  0x8002,0x8002,0x8002,0x8002,0x8002,0x8002,0x8023,0x8023,0x8023,0x8023,0x8023,0x8023,0x8024,0x8044,0x808B,0x8045,
  0x8045,0x8024,0x8023,0x8023,0x8023,0x8023,0x8023,0x8002,0x8022,0x8002,0x8002,0x8002,0x8002,0x8002,0x8002,0x8002,
  0x8002,0x8002,0x8002,0x8022,0x8002,0x8022,0x8002,0x8002,0x8002,0x8002,0x8002,0x8002,0x8002,0x8002,0x8002,0x8002,
  0x8002,0x8002,0x8002,0x8002,0x8002,0x8002,0x8002,0x8002,0x8002,0x8002,0x8022,0x8022,0x8023,0x8023,0x8067,0x8023,
  0x8023,0x8023,0x8022,0x8022,0x8022,0x8002,0x8002,0x8002,0x8002,0x8002,0x8002,0x8002,0x8002,0x8002,0x8023,0x8002,
  0x8002,0x8002,0x8002,0x8002,0x8002,0x8002,0x8002,0x8002,0x8002,0x8002,0x8002,0x8002,0x8002,0x8002,0x8002,0x8023,
  0x8022,0x8002,0x8002,0x8002,0x8002,0x8002,0x8002,0x8002,0x8002,0x8002,0x8022,0x8002,0x8022,0x8002,0x8022,0x8022,
  0x8002,0x8001,0x8002,0x8002,0x8002,0x8002,0x8002,0x8002,0x8002,0x8002,0x8002,0x8002,0x8022,0x8022,0x8023,0x8023,
  0x8023,0x90EB,0x8043,0x8002,0x8023,0x8023,0x8022,0x8001,0x8001,0x8022,0x8864,0x94C8,0x90C8,0x8022,0x8421,0xA96C,
  0x8864,0xA54C,0x90C7,0x8000,0x8000,0x8000,0x8001,0x8001,0x8001,0x8001,0x8001,0x8002,0x8487,0x8487,0x8044,0x8066,
  0x8045,0x8486,0x8486,0x8000,0x8466,0x8066,0x8023,0x8000,0x8044,0x8001,0x8001,0x8002,0x8002,0x8002,0x8001,0x8000,
  0x8000,0x9084,0x9085,0x8443,0x8422,0x8022,0x8001,0x8001,0x8001,0x8001,0x9C63,0x8000,0x8000,0x8001,0x8001,0x8022,
  0x8422,0xDAF7,0xC253,0xFF04,0xCA2F,0xB5F0,0xB1AF,0xADAF,0xB1AF,0xB5CF,0xA54A,0x8401,0x8421,0x8422,0x8002,0x8001,
  0x8000,0x8000,0xAD8C,0x8CA8,0x90A8,0x90C9,0x94EA,0x8C87,0x9482,0xFA40,0xBCE2,0xFFFF,0xFFFF,0xE9A0,0x9CC4,0x94C8,
  0x8068,0x8068,0x8068,0x8068,0x8088,0x8088,0x8088,0x8088,0x8088,0x8088,0x8088,0x8088,0x8088,0x8088,0x8089,0x8088,
  0x8088,0x8088,0x8088,0x8088,0x8089,0x8088,0x8088,0x8088,0x8088,0x8088,0x8088,0x8088,0x8088,0x8089,0x808A,0x8089,
  0x88C8,0x8088,0x88A7,0xAD03,0xC584,0xC142,0x8CE7,0x8D06,0x88E6,0x88E6,0x88C6,0x88C6,0x88C6,0x88C6,0x80A8,0x88C5,
  0x88C6,0x88E6,0x8CE6,0x84A8,0x8089,0x9107,0x88E6,0x88E6,0x88E6,0x88C6,0x88C6,0x88C6,0xA986,0x88C6,0xB565,0xB965,
  0xC984,0xFF49,0xCDC5,0xC165,0xA56B,0x80CF,0x80CF,0x808A,0x808A,0x808A,0x808A,0x808B,0x808A,0x80AB,0x808A,0x808A,
  0x808A,0x80AB,0x80AC,0x80AC,0x80AB,0x80AB,0x80AC,0x80AB,0x80AC,0x80AC,0x80AC,0x80AC,0x80AC,0x80AE,0x8111,0x80EE,
  0x808A,0x80CE,0x80CE,0x80CE,0xB278,0x95B4,0xBA99,0xAA37,0xAE78,0x80CD,0x80CD,0x850F,0x80ED,0xAE57,0xB278,0x8D30,
  0xA636,0x806A,0x80AB,0x80AD,0x80AD,0x80AD,0x80AC,0x80AC,0x80AC,0x80F0,0x80AD,0x8069,0x8D92,0x918E,0x99CE,0xA654,
  0xAA30,0xAA52,0xB256,0xC2D5,0xAE4F,0xAE70,0x80AF,0x80CF,0x80D0,0x80F1,0x80F0,0x80F0,0x80F0,0x80F0,0x80F1,0x80F1,
  0x80F1,0x80F1,0x80F1,0x80F1,0x80F1,0x80F1,0x80F0,0x80F1,0x80F0,0x80CF,0x80AE,0x80AD,0xC6FA,0x80AF,0x8133,0xC2DA,
  0xBADA,0xBABA,0xBEDA,0xCB1A,0x80F0,0x80AF,0xAA58,0xA658,0xC2FA,0xD75B,0xD33B,0xAA79,0xBAD9,0xCF1B,0xC71A,0x80F0,
  0x80F1,0x8112,0x8113,0x8113,0x8553,0x99D5,0xB278,0xBEDA,0xAA58,0xA658,0xAA79,0xBEB9,0xDF7C,0xE39D,0xD75C,0xBAFB,
  0xE39C,0xE79C,0xBF1C,0xE39D,0xDF9D,0xB6B9,0x9A38,0xD75C,0xDF7C,0x9E39,0xC2DA,0xC71C,0xCB3C,0xE3BE,0xE7BE,0xE7BE,
  0xE39E,0xBF1D,0xC33E,0x9A9E,0xC75E,0xCB5F,0xD39F,0xDF9F,0xDB9F,0xE3BF,0xF7FF,0xBBBF,0x8B7F,0x82FF,0x829F,0x821F,
  0x81DF,0x817A,0x8159,0x80D4,0x80D2,0x80D0,0x80AD,0x80AC,0x80AC,0x80AB,0x8089,0x8067,0x8068,0x8067,0x8066,0x8046,
  0x8023,0x8066,0x8023,0x8023,0x8023,0x8023,0x8067,0x8023,0x8023,0x8023,0x8023,0x8023,0x8023,0x8023,0x8002,0x8002,
  0x8023,0x8002,0x8002,0x8002,0x8002,0x8002,0x8002,0x8022,0x8022,0x8023,0x8024,0x8024,0x8047,0x8047,0x81B7,0x8068,
  0x8067,0x8045,0x8024,0x8024,0x8023,0x8023,0x8023,0x8002,0x8022,0x8002,0x8002,0x8002,0x8002,0x8002,0x8022,0x8002,
  0x8002,0x8022,0x8022,0x8002,0x8002,0x8002,0x8022,0x8002,0x8002,0x8002,0x8002,0x8002,0x8002,0x8002,0x8002,0x8002,
  0x8002,0x8002,0x8002,0x8002,0x8002,0x8022,0x8002,0x8002,0x8002,0x8002,0x8002,0x8022,0x8023,0x8022,0x8023,0x8023,
  0x8023,0x8023,0x8022,0x8002,0x8002,0x8002,0x8002,0x8002,0x8002,0x8022,0x8002,0x8002,0x8002,0x8002,0x8002,0x8002,
  0x8002,0x8002,0x8023,0x8023,0x8002,0x8002,0x8022,0x8002,0x8002,0x8002,0x8023,0x8022,0x8002,0x8002,0x8002,0x8044,
  0x8022,0x8002,0x8002,0x8002,0x8002,0x8002,0x8002,0x8022,0x8002,0x8002,0x8022,0x8002,0x8002,0x8002,0x8002,0x8002,
  0x8002,0x8002,0x8002,0x8002,0x8002,0x8002,0x8002,0x8002,0x8002,0x8002,0x8002,0x8002,0x8002,0x8022,0x8022,0x8022,
  0x8002,0x910C,0x8002,0x8002,0x8002,0x8022,0x8022,0x8002,0x8002,0x8022,0x8001,0xBE32,0x94EA,0x8022,0x8022,0x8023,
  0x8465,0x8044,0x8023,0x8043,0x8022,0xEF9C,0xA12B,0x8CA7,0x9D2B,0xA54A,0x8887,0x8045,0x8888,0xB5CE,0x8466,0x8045,
  0x8045,0x88A7,0x8486,0x8000,0x8064,0x8466,0x8000,0x8001,0x8087,0x8443,0x8CA9,0x8023,0x8445,0x94A6,0x8C85,0x8000,
  0x8001,0x8443,0x90A7,0x8CC8,0x8001,0x8000,0x8001,0x8001,0x8465,0x8444,0x8022,0x8002,0x8002,0x8002,0x8022,0x8002,
  0x8022,0x8001,0x8000,0x8401,0x8001,0x8001,0x8002,0x8002,0x8001,0x8000,0x8000,0xC5CA,0xB947,0x8CA7,0x8044,0x8466,
  0x8044,0x98E8,0x8000,0x8021,0x8423,0x8444,0x8023,0x8023,0x8022,0x8842,0x9042,0xA041,0xA041,0x8422,0x8001,0x8001,
  0x8088,0x8067,0x8068,0x8068,0x8088,0x8088,0x8088,0x8088,0x8088,0x8068,0x8088,0x8088,0x8088,0x8088,0x8089,0x8089,
  0x8088,0x8088,0x8088,0x8088,0x8088,0x8088,0x8089,0x8088,0x8089,0x8088,0x8088,0x8088,0x8088,0x8089,0x8089,0x8088,
  0x8088,0x8068,0x8088,0x84A8,0x9D05,0x8CC5,0x90E6,0xFE63,0x84C6,0x88E6,0x88E6,0x88C6,0x88C6,0x84C6,0x88C6,0x88C5,
  0x88C6,0x88E6,0x88E6,0x84C7,0x8089,0x88C7,0x88E6,0x88C6,0x88C6,0x88C6,0x88C5,0x88A5,0xA167,0xA987,0x9506,0x84E6,
  0xC184,0xD1C5,0xFF47,0xC985,0xB566,0x88ED,0x80D0,0x808A,0x808B,0x808A,0x808A,0x808A,0x808B,0x808A,0x80CC,0x80AC,
  0x80AC,0x808B,0x808A,0x80CC,0x8172,0x808B,0x80AB,0x80AB,0x80AB,0x80AB,0x80AB,0x80AB,0x80AB,0x808B,0x8173,0x8174,
  0x806A,0x808A,0x80CE,0x80AC,0xA636,0x8D94,0x80CD,0x808B,0xA615,0x9592,0x80AC,0x80AC,0x808B,0xAA16,0xAA37,0xAE78,
  0xB6B9,0x808B,0x80CD,0x80AD,0x80AD,0x80AD,0x80AD,0x80AD,0x808B,0x8155,0x8134,0x80CF,0x8069,0x95AF,0x9DCD,0x80F1,
  0xAA52,0xAA71,0xC6F4,0xA630,0xA630,0xD359,0xA614,0xA631,0xB26F,0x80F1,0x80F0,0x80F0,0x80F0,0x80F1,0x80F1,0x80F1,
  0x80F1,0x80F1,0x80F1,0x80F0,0x80F0,0x80F1,0x80F0,0x80F0,0x80F0,0x80CF,0x80CE,0x808C,0xCAD9,0x80B0,0x8553,0x91B5,
  0xBADA,0xB6BA,0xD33B,0xC2FA,0xCB1A,0x806D,0xA658,0xA658,0x9E18,0xD33B,0xD73B,0xB299,0xB699,0xC6FA,0x8112,0x80F1,
  0x80F0,0x8574,0x8DB5,0x8112,0xAE78,0xA638,0x91B5,0xAE59,0xC2DA,0xAE79,0xAA79,0xBEB9,0xB299,0xBEDA,0xDF5B,0xD35B,
  0xDB5B,0xDB7C,0xDF7C,0xDF7C,0xDF7C,0xDF9C,0x9638,0x8176,0xDF7C,0x9E18,0x8176,0xC2FA,0xBEFB,0xC31C,0xCF3C,0xE39E,
  0xE39E,0xE3BE,0xDF9E,0x9EDE,0x823D,0xC33E,0xBF5F,0xBF3F,0xDB7F,0xD77F,0xD79F,0xEFFF,0xD3FF,0xA79F,0x873F,0x831F,
  0x823F,0x81BE,0x81BD,0x8118,0x8138,0x80D3,0x80D0,0x80F0,0x80AC,0x808A,0x80AB,0x8067,0x8068,0x8067,0x8067,0x8067,
  0x8046,0x8023,0x8047,0x8045,0x8023,0x8023,0x8023,0x8023,0x8023,0x8023,0x8023,0x8023,0x8023,0x8023,0x8023,0x8002,
  0x8002,0x8002,0x8002,0x8002,0x8002,0x8002,0x8002,0x8002,0x8002,0x8023,0x8024,0x8045,0x8089,0x808B,0xF7FF,0x848C,
  0x8067,0x8045,0x8024,0x8023,0x8023,0x8022,0x8002,0x8022,0x8002,0x8022,0x8002,0x8002,0x8002,0x8002,0x8002,0x8002,
  0x8023,0x8002,0x8002,0x8002,0x8002,0x8002,0x8002,0x8002,0x8002,0x8002,0x8002,0x8002,0x8002,0x8002,0x8002,0x8002,
  0x8002,0x8002,0x8002,0x8002,0x8002,0x8002,0x8002,0x8002,0x8002,0x8022,0x8002,0x8002,0x8002,0x8002,0x8023,0x8002,
  0x8023,0x8022,0x8022,0x8002,0x8002,0x8002,0x8002,0x8002,0x8002,0x8002,0x8002,0x8002,0x8002,0x8002,0x8022,0x8023,
  0x8002,0x8002,0x8002,0x8022,0x8002,0x8002,0x8002,0x8022,0x8022,0x8002,0x8002,0x8002,0x8002,0x8002,0x8002,0x8003,
  0x8023,0x8002,0x8022,0x8002,0x8002,0x8002,0x8002,0x8002,0x8002,0x8002,0x8002,0x8002,0x8002,0x8002,0x8002,0x8002,
  0x8002,0x8002,0x8002,0x8002,0x8002,0x8002,0x8022,0x8002,0x8002,0x8002,0x8002,0x8022,0x8022,0x8022,0x8022,0x8022,
  0x8002,0x992C,0x8002,0x8002,0x8002,0x8002,0x8002,0x8022,0x8022,0x8022,0x8022,0x8022,0x8C85,0x8022,0x8023,0x8023,
  0x8023,0x8023,0x8023,0x8022,0x90A6,0xADD2,0x9D4D,0x8C86,0xA508,0xD9A2,0x8887,0x8023,0x9884,0xFFC5,0x8886,0x8445,
  0x8045,0xEA24,0xA0E7,0x8044,0xACC3,0x9085,0x8000,0x9CA4,0x8086,0xE5E4,0xB102,0x8001,0x8444,0xF201,0x8446,0x8023,
  0x8023,0x8023,0x90E9,0x90EA,0x8024,0x8044,0x8465,0x8001,0x8002,0x8022,0x8022,0x8022,0x8022,0x8022,0x8022,0x8022,
  0x8022,0x8022,0x8022,0x8022,0x8022,0x8022,0x8022,0x8022,0x8022,0x8022,0x8022,0x8001,0x9CA4,0x9D2B,0x8466,0x8467,
  0x8001,0x8001,0x8002,0x8002,0x8022,0x8022,0x8022,0x8022,0x8023,0x8842,0x8842,0xA081,0x9442,0x8422,0x8002,0x94C7,
  0x8089,0x8068,0x8068,0x8088,0x8047,0x9988,0x88C8,0x8088,0x8088,0x8068,0x8068,0x8068,0x8088,0x8088,0x8088,0x8089,
  0x8088,0x8088,0x8088,0x8088,0x8089,0x8089,0x8088,0x8088,0x8089,0x8088,0x8088,0x80A9,0x8088,0x8088,0x8088,0x8068,
  0x8068,0x8068,0x8068,0x8088,0x8087,0x8CC6,0x8CC6,0x88C6,0x9107,0x9107,0x8D07,0x9107,0x88C6,0x88C6,0x84A7,0x8089,
  0x80A7,0x88C6,0x88E6,0x88C7,0x8068,0x8068,0x8068,0x88C6,0x88E6,0x88E6,0x88E6,0x88C6,0xA188,0x9148,0x9D88,0x9D87,
  0xA987,0xAD86,0xFFCD,0xF283,0xC5C5,0xB9A6,0xA587,0x8110,0x8111,0x808A,0x808A,0x808A,0x808A,0x808A,0x808A,0x808B,
  0x808A,0x808A,0x808A,0x808A,0x808A,0x91D5,0x91B4,0x80AB,0x80AB,0x80AB,0x80AB,0x80AB,0x80AB,0x80AB,0x80AC,0x80AC,
  0x80AB,0x808B,0x80AB,0x80AC,0x80AC,0x8DB5,0x80F0,0x808B,0x808B,0x95B4,0x8951,0x80AD,0x80AB,0x80AB,0x80CC,0xA1F4,
  0xDF7C,0x99D4,0xC2D9,0x80AD,0x80CD,0x80CD,0x80AD,0x80AD,0x80AD,0x80AC,0x8132,0x80F0,0x808B,0x808B,0x99F0,0x80D0,
  0x80AF,0x99D2,0xA232,0xAA31,0xC2D9,0xA635,0xCEF6,0xA630,0xA630,0xAA51,0x8D71,0x80D0,0x80F0,0x80F0,0x80F0,0x80F1,
  0x80F1,0x80F0,0x80F1,0x80F0,0x80F0,0x80F1,0x80F1,0x80F0,0x80F1,0x80CF,0x80F0,0x80CE,0x9618,0xAA59,0xA217,0x8D74,
  0x80AF,0xBABA,0xB279,0xC2DA,0xBABA,0xB278,0xBABA,0xAA58,0xA658,0xAA58,0xDB5C,0xDB5C,0xD75B,0xD31B,0x8954,0x8112,
  0x95D7,0x91B5,0x8111,0x8132,0x80F0,0x80F0,0x80F0,0x8111,0x8553,0xA238,0xB279,0xD33B,0xA659,0xA239,0xA259,0xB2BA,
  0xC2DA,0xDB5B,0xC71A,0xBADA,0xD35B,0xE39C,0xE79C,0xC2FA,0x9218,0xE37C,0xA259,0x85F9,0x89D8,0xC71A,0xAA99,0xDB9D,
  0xDB9D,0xAADC,0xD39F,0xDF9E,0xB2FD,0x825E,0x827F,0x865F,0xD37E,0xCF5F,0xD77F,0xDB9F,0xDB9F,0xF7FF,0xEBFF,0x837F,
  0x837F,0x82BF,0x821E,0x81BD,0x823F,0x8118,0x8117,0x80D2,0x80AE,0x80AF,0x80AD,0x8069,0x80AB,0x808A,0x8067,0x8067,
  0x8067,0x8067,0x8067,0x8002,0x8044,0x8066,0x8023,0x8023,0x8023,0x8023,0x8088,0x8023,0x8023,0x8022,0x8022,0x8022,
  0x8002,0x8002,0x8003,0x8002,0x8002,0x8002,0x8045,0x8002,0x8024,0x8045,0x8067,0x8068,0x8155,0x8DB7,0xFBFF,0x85D7,
  0x8113,0x8069,0x8068,0x8045,0x8024,0x8024,0x8024,0x8002,0x8022,0x8002,0x8023,0x8002,0x8023,0x8002,0x8002,0x8022,
  0x8002,0x8002,0x8022,0x8002,0x8002,0x8002,0x8002,0x8002,0x8002,0x8002,0x8002,0x8002,0x8002,0x8002,0x8002,0x8002,
  0x8002,0x8002,0x8002,0x8002,0x8002,0x8002,0x8002,0x8002,0x8022,0x8022,0x8002,0x8002,0x8002,0x8002,0x8022,0x8002,
  0x8002,0x8002,0x8022,0x8002,0x8022,0x8002,0x8002,0x8022,0x8002,0x8002,0x8002,0x8002,0x8002,0x8002,0x8002,0x8002,
  0x8002,0x8001,0x8002,0x8002,0x8002,0x8002,0x8002,0x8002,0x8002,0x8002,0x8002,0x8002,0x8002,0x8002,0x8022,0x8002,
  0x8002,0x8002,0x8002,0x8002,0x8002,0x8002,0x8002,0x8002,0x8002,0x8002,0x8022,0x8002,0x8002,0x8002,0x8002,0x8002,
  0x8002,0x8002,0x8002,0x8002,0x8002,0x8002,0x8002,0x8002,0x8002,0x8002,0x8002,0x8002,0x8002,0x8002,0x8002,0x8002,
  0x8002,0x9D2C,0x8022,0x8022,0x8022,0x8022,0x8022,0x8022,0x8022,0x8022,0x8023,0x8443,0x90A6,0x8022,0x8022,0x8022,
  0x8022,0x8022,0x8022,0x8022,0x8CA6,0xB212,0xA58E,0x90A7,0x9CE9,0xCD84,0x8887,0x8465,0x94C9,0x98EA,0x8C87,0x8466,
  0x8487,0x8045,0x8487,0x8466,0x8066,0x8066,0x8001,0x8065,0x8044,0x8023,0x8043,0x8000,0x8004,0x8844,0x8886,0x8044,
  0x8023,0x8023,0x8002,0x950B,0x8044,0x8023,0x8002,0x8002,0x8022,0x8022,0x8022,0x8002,0x8022,0x8022,0x8022,0x8022,
  0x8022,0x8022,0x8022,0x8022,0x8022,0x8002,0x8002,0x8022,0x8022,0x8022,0x8022,0x8023,0x8022,0xC1EE,0x8466,0x8445,
  0x8002,0x8002,0x8002,0x8002,0x8022,0x8022,0x8002,0x8022,0x8022,0x8022,0x8022,0x8022,0x8022,0x8022,0x8022,0x8002,
  0x8088,0x8068,0x8068,0x8068,0x9D87,0x9588,0x84C8,0x8088,0x8088,0x8068,0x8068,0x8068,0x8088,0x8088,0x8088,0x8088,
  0x8088,0x8088,0x8088,0x8088,0x8089,0x8088,0x8088,0x8088,0x8088,0x8088,0x8088,0x8089,0x8088,0x8088,0x8068,0x8068,
  0x8068,0x8088,0x8089,0x8089,0x88C7,0x9106,0x88C5,0x8CE6,0x90E6,0x8CE7,0x8D07,0x9106,0x88C6,0x88C6,0x88C7,0x80AA,
  0x808A,0x84C8,0x84C8,0x88C7,0x84A8,0x8068,0x8069,0x88E6,0x88E6,0x88E6,0x8CE6,0x8CE6,0x8CE6,0x9128,0x9D87,0x9967,
  0xA167,0xA566,0xFFEC,0xEE42,0xC9E4,0xB9E6,0xADA7,0x8110,0x80CD,0x808A,0x80AB,0x80AA,0x808A,0x808A,0x80AB,0x808A,
  0x80AA,0x808A,0x80AB,0x80AB,0x808A,0x84EE,0x91D5,0x808B,0x80AB,0x80AB,0x80AB,0x80AB,0x80AC,0x80AC,0x80AC,0x80AC,
  0x80AC,0x80AC,0x80AC,0x80AC,0x80AC,0x8972,0x91B5,0x808B,0x808B,0x91B4,0x9A15,0x80AC,0x808A,0x80AA,0x808A,0xB699,
  0xB678,0xA216,0xAA57,0x80AD,0x80CD,0x80AD,0x80AC,0x80AC,0x80AC,0x80AB,0x80EF,0x8111,0x80AC,0x80AB,0x80EE,0x80CF,
  0x80AE,0x8951,0x95B1,0xA60E,0xA60E,0xA20F,0xA60F,0x9DCF,0x958E,0xA630,0x8950,0x80D0,0x80F1,0x80F0,0x80F0,0x80F0,
  0x80F0,0x80F0,0x80F0,0x80F0,0x80F0,0x80F1,0x80F1,0x80F1,0x80F1,0x8112,0x8196,0x80EF,0x9E38,0xA259,0xAEBB,0x99F6,
  0x80AF,0xBAB9,0xBAB9,0xBEDA,0xC2FA,0xBEBA,0xBAB9,0xA238,0xA238,0xA238,0xBEBA,0xDB5B,0xD75C,0xCB1B,0xC2F9,0x8553,
  0x9DF6,0x8111,0x80F0,0x80EF,0x80F0,0x8110,0x8111,0x8111,0x8111,0x8132,0x8553,0x9E17,0xDF7C,0xBEBA,0xA639,0xA25A,
  0xBEDA,0xBEDA,0xDB5B,0xC71B,0xBADB,0xBADB,0xCF3C,0xC71B,0xAE99,0xCB1B,0xEBBC,0x8597,0x85B7,0xCF38,0xC2F7,0x85F8,
  0xA27B,0xBF1D,0x81FA,0xE7BE,0xDF7E,0x8A7E,0x8A9F,0x8A9F,0x827F,0xBF5F,0xCF7F,0xD77F,0xDF9F,0xDB9F,0xEBDF,0xFBFF,
  0x979F,0x879F,0x833F,0x829F,0x821E,0x817B,0x817B,0x8116,0x80F4,0x80D1,0x80CF,0x80CF,0x808B,0x808B,0x8067,0x80AB,
  0x8067,0x8067,0x8066,0x8066,0x8067,0x8066,0x8046,0x8023,0x8023,0x8023,0x8023,0x8002,0x8023,0x8022,0x8023,0x8023,
  0x8022,0x8022,0x8022,0x8002,0x8002,0x8002,0x8022,0x8002,0x8023,0x8024,0x8024,0x8045,0x8067,0x8047,0x8156,0x8068,
  0x8047,0x8045,0x8024,0x8024,0x8023,0x8023,0x8023,0x8002,0x8002,0x8002,0x8002,0x8002,0x8023,0x8002,0x8023,0x8002,
  0x8002,0x8002,0x8002,0x8023,0x8002,0x8002,0x8002,0x8002,0x8002,0x8002,0x8002,0x8002,0x8002,0x8002,0x8002,0x8002,
  0x8002,0x8002,0x8002,0x8002,0x8002,0x8022,0x8002,0x8002,0x8002,0x8022,0x8002,0x8002,0x8002,0x8002,0x8022,0x8002,
  0x8002,0x8002,0x8022,0x8002,0x8002,0x8002,0x8002,0x8002,0x8002,0x8002,0x8002,0x8002,0x8022,0x8002,0x8002,0x8002,
  0x8002,0x8002,0x8002,0x8002,0x8002,0x8002,0x8002,0x8002,0x8002,0x8002,0x8002,0x8002,0x8002,0x8002,0x8002,0x8002,
  0x8002,0x8002,0x8002,0x8002,0x8002,0x8002,0x8022,0x8002,0x8002,0x8022,0x8022,0x8022,0x8022,0x8022,0x8022,0x8002,
  0x8002,0x8002,0x8002,0x8002,0x8022,0x8002,0x8002,0x8002,0x8002,0x8002,0x8002,0x8022,0x8002,0x8002,0x8002,0x8002,
  0x8002,0x992C,0x8022,0x8022,0x8022,0x8022,0x8022,0x8022,0x8022,0x8022,0x8022,0x8422,0x94A4,0x8021,0x8022,0x8002,
  0x8022,0x8002,0x8022,0x8022,0x90A6,0xBA34,0xADD1,0x9D2B,0x9D0A,0xD9E4,0x90C9,0x8445,0x98EA,0x990A,0xC1ED,0x8466,
  0x8466,0x8466,0x8486,0x8465,0x8466,0x8466,0x8001,0x8486,0x8465,0x8044,0x8044,0x8400,0x8002,0xACE3,0x8887,0x8023,
  0x8022,0x8002,0x8002,0x950B,0x8023,0x8002,0x8022,0x8022,0x8022,0x8022,0x8022,0x8022,0x8022,0x8022,0x8022,0x8022,
  0x8022,0x8022,0x8022,0x8022,0x8022,0x8002,0x8002,0x8022,0x8022,0x8022,0x8022,0x8023,0x8023,0xCA30,0x8487,0x8865,
  0x8002,0x8002,0x8002,0x8002,0x8002,0x8022,0x8022,0x8022,0x8022,0x8022,0x8022,0x8022,0x8022,0x8022,0x8022,0x8002,
  0x8088,0x8068,0x8068,0x8088,0x8088,0x9567,0xBD86,0xB526,0x80A8,0x850A,0x8068,0x8068,0x8068,0x8088,0x8088,0x8088,
  0x8088,0x8088,0x8088,0x8088,0x8088,0x8088,0x8088,0x8088,0x8088,0x8088,0x8088,0x8088,0x90E8,0x9D27,0x8068,0x8068,
  0x8068,0x8088,0x8089,0x8089,0x8068,0x8D07,0x88E6,0x8D07,0x9107,0x9527,0xA107,0x88C9,0x8089,0x8069,0x88E6,0x88E6,
  0x88E6,0x84C7,0x8089,0x8089,0x88C7,0x84A8,0x8088,0x88C6,0x88E6,0x9106,0x8D06,0x88E6,0x8CE6,0x8CE6,0x9D46,0xA166,
  0xA566,0xB186,0xEA45,0xB585,0xA567,0x9D69,0x9D47,0x80CE,0x8089,0x8089,0x806A,0x9108,0x8089,0x808A,0x808A,0x808A,
  0x80AA,0x808A,0x808A,0x808A,0x80AB,0x80AB,0x8530,0x95F6,0x95F7,0x808B,0x80AC,0x80AC,0x80AC,0x80AC,0x80AB,0x80AB,
  0x80AC,0x80AC,0x80AC,0x80AC,0x80AB,0x80AB,0x808B,0x808A,0x80AB,0x9192,0x84ED,0x80AB,0x84ED,0x808A,0x808B,0x80AB,
  0x808B,0xA658,0xA636,0x808B,0x80AC,0x8D52,0x80AC,0x80AC,0x80AC,0x80AC,0x80AC,0x80AC,0x80AC,0x808B,0x80AD,0x852F,
  0x808C,0x8970,0x8D70,0xA20E,0x9DEF,0x9E0F,0xA64F,0x80D0,0x8111,0x80EF,0x99D1,0x95D2,0x80D0,0x80CF,0x80F0,0x80F0,
  0x80F0,0x80F0,0x80F0,0x80F0,0x80F1,0x80F1,0x80F0,0x80F0,0x80F0,0x80F0,0x80F0,0x80CF,0x80EF,0xAA58,0x806B,0x890E,
  0x80AD,0x80AD,0x99F6,0xA237,0xC2DA,0xCF1B,0x99D6,0xB699,0xB298,0xAE78,0xB299,0xB699,0xDB5C,0xD35B,0xC2FA,0x8D73,
  0x8552,0x80F0,0x80F0,0x80F0,0x8110,0x8111,0x8111,0x8111,0x99D4,0x9DF5,0x95B4,0x8531,0x8553,0xAA57,0xD33B,0xAE9A,
  0xBEDA,0xC2DA,0xCF1B,0xDB5B,0xD73B,0xBADB,0xBEFB,0xDB5B,0xDF7B,0xB6B9,0xA237,0x8176,0x8195,0x8E15,0x8E13,0x91F5,
  0x81D8,0xD77D,0x85FA,0x85FA,0xD37E,0xDF9E,0x96BE,0x92BF,0xB31F,0xCF9E,0x96BF,0xB71E,0xD35E,0xD37F,0xD37F,0xCF7F,
  0xE7DF,0xF7FF,0xA79F,0x835F,0x82DF,0x827F,0x81DE,0x81BE,0x817A,0x8117,0x8138,0x80F3,0x80CF,0x80D0,0x80AC,0x808B,
  0x8068,0x8068,0x8089,0x8067,0x8066,0x8046,0x8045,0x8046,0x8067,0x8023,0x8023,0x8067,0x8024,0x8024,0x8023,0x8023,
  0x8022,0x8022,0x8022,0x8023,0x8022,0x8002,0x8022,0x8002,0x8022,0x8024,0x8024,0x8024,0x8046,0x8046,0x808B,0x8045,
  0x8045,0x8024,0x8023,0x8023,0x8023,0x8023,0x8002,0x8023,0x8002,0x8002,0x8002,0x8002,0x8002,0x8002,0x8002,0x8002,
  0x8002,0x8002,0x8023,0x8002,0x8002,0x8002,0x8002,0x8002,0x8002,0x8002,0x8002,0x8002,0x8022,0x8002,0x8002,0x8002,
  0x8022,0x8002,0x8002,0x8002,0x8022,0x8002,0x8002,0x8022,0x8002,0x8002,0x8002,0x8002,0x8002,0x8002,0x8002,0x8002,
  0x8002,0x8002,0x8002,0x8002,0x8002,0x8002,0x8002,0x8002,0x8002,0x8002,0x8002,0x8002,0x8022,0x8002,0x8002,0x8002,
  0x8002,0x8002,0x8002,0x8002,0x8002,0x8002,0x8002,0x8002,0x8022,0x8002,0x8002,0x8002,0x8002,0x8002,0x8002,0x8002,
  0x8002,0x8002,0x8002,0x8002,0x8002,0x8002,0x8022,0x8002,0x8022,0x8022,0x8023,0x8023,0x8022,0x8022,0x8022,0x8002,
  0x8002,0x8002,0x8022,0x8022,0x8002,0x8002,0x8002,0x8002,0x8002,0x8002,0x8002,0x8002,0x8002,0x8002,0x8022,0x8022,
  0x8022,0xC9EC,0x8022,0x8002,0x8022,0x8022,0x8022,0x8022,0x8022,0x8022,0x8022,0x8422,0x98A5,0x8022,0x8022,0x8022,
  0x8022,0x8002,0x8022,0x8022,0x94A5,0xCE72,0xEAEF,0xD209,0x9D09,0xA128,0x8866,0x8887,0x8887,0x8466,0x8023,0x8002,
  0x8001,0x8001,0x8023,0x8444,0x8444,0x8444,0x8445,0x8465,0x8466,0x8466,0x8466,0x8865,0x8464,0x90A6,0x9CE6,0x8002,
  0x8000,0x8001,0x8001,0xA56E,0x8002,0x8022,0x8022,0x8022,0x8022,0x8022,0x8022,0x8022,0x8002,0x8022,0x8002,0x8022,
  0x8022,0x8022,0x8002,0x8022,0x8022,0x8022,0x8022,0x8022,0x8022,0x8022,0x8022,0x8022,0x8022,0xCE31,0x8887,0x8865,
  0x8001,0x8002,0x8002,0x8002,0x8002,0x8022,0x8022,0x8022,0x8022,0x8022,0x8022,0x8022,0x8022,0x8002,0x8002,0x8002,
  0x8068,0x8068,0x8068,0x8088,0x80A9,0x80A9,0x8088,0x9528,0x9968,0x9948,0x8068,0x8068,0x8068,0x8068,0x8088,0x8068,
  0x8068,0x8068,0x8088,0x8088,0x8047,0x8068,0x8088,0x8088,0x8088,0x8088,0x8088,0x8089,0x80A9,0x9967,0x9946,0x8047,
  0x8067,0x8068,0x8089,0x9128,0x9547,0x9106,0x88E6,0x8D07,0x8D08,0x8D08,0xC188,0x88CB,0x84AA,0x84C7,0x88E6,0x88E6,
  0x88E6,0x88E6,0x84A8,0x8089,0x88E7,0x8CC6,0x88C7,0x8CE6,0x88C6,0x9126,0x9547,0x9547,0x88E6,0x88E7,0x8CE6,0xA146,
  0xA566,0xB985,0xFF27,0xB5A6,0xADA6,0x912C,0x80CE,0x80CE,0x808A,0x8089,0x8069,0x80AB,0x8069,0x8089,0x808A,0x808A,
  0x808A,0x808A,0x808A,0x808A,0x80AB,0x80AB,0x80AB,0x808B,0x8973,0x808B,0x80AB,0x80AB,0x80AB,0x80AB,0x80AB,0x80AB,
  0x80AB,0x80AB,0x80AB,0x80AB,0x80AB,0x80AB,0x808A,0x808A,0x808A,0x91B3,0x80AB,0x80AB,0x80AB,0x80AB,0x80AB,0x80AC,
  0x80AC,0x890F,0x80CC,0x808A,0x8D50,0xA636,0x80CD,0x80AC,0x80AC,0x80AC,0x80AC,0x80AC,0x8154,0x80CE,0x8D6F,0xA60E,
  0x80CD,0x854F,0x896F,0xA1EE,0x9DEF,0xA20F,0xA630,0x80F2,0x80AF,0x80CF,0x80D0,0x8992,0x91D3,0xB296,0x80CF,0x80F0,
  0x80F0,0x80F0,0x80F0,0x80F0,0x80F0,0x80F0,0x80F0,0x80F0,0x80F0,0x80F0,0x8111,0x80F0,0x80F0,0x80F0,0x808D,0x954F,
  0x9DB1,0x808C,0x9E17,0xA238,0x8952,0xC2DA,0xB699,0xAA57,0xD73A,0xB299,0xAE79,0xAA58,0xB279,0xD33B,0xCF3B,0xA217,
  0x80CF,0x8110,0x8110,0x8110,0x8111,0x80F1,0x8111,0x8110,0x80EF,0x80F0,0x95B4,0x9DD4,0x80F0,0x8D52,0xD33B,0xAE79,
  0xB299,0xC6FA,0xBEDA,0xDB5B,0xDF7C,0xC2FB,0xCF3B,0xD75B,0xDB7B,0xDB7B,0xDB7B,0xAE99,0xAA79,0xA677,0x89F4,0x89F5,
  0x85F7,0x85DA,0xA27A,0x85FA,0x85FC,0xC73E,0xA2BE,0x96BE,0x8EBF,0x8EBF,0x8E9E,0x8E7E,0x823E,0xD37F,0xCB5F,0xD37F,
  0xD37F,0xDFBF,0xFBFF,0xC7DF,0x8B5F,0x833F,0x82DF,0x81FE,0x81BD,0x81BE,0x8139,0x8116,0x80F3,0x80D2,0x80AE,0x80AD,
  0x808B,0x808B,0x8046,0x8069,0x8067,0x8066,0x8046,0x8024,0x8023,0x8046,0x8024,0x8024,0x8024,0x8023,0x8023,0x8022,
  0x8023,0x8023,0x8023,0x8023,0x8023,0x8002,0x8022,0x8022,0x8002,0x8023,0x8024,0x8024,0x8045,0x8045,0x80AB,0x8024,
  0x8024,0x8044,0x8023,0x8023,0x8022,0x8002,0x8002,0x8002,0x8002,0x8002,0x8002,0x8002,0x8002,0x8002,0x8002,0x8002,
  0x8002,0x8002,0x8002,0x8002,0x8022,0x8002,0x8002,0x8002,0x8002,0x8002,0x8002,0x8002,0x8022,0x8022,0x8022,0x8002,
  0x8002,0x8002,0x8002,0x8002,0x8002,0x8002,0x8002,0x8002,0x8002,0x8002,0x8002,0x8022,0x8002,0x8002,0x8022,0x8002,
  0x8002,0x8002,0x8002,0x8002,0x8002,0x8002,0x8002,0x8002,0x8001,0x8002,0x8002,0x8002,0x8002,0x8002,0x8002,0x8002,
  0x8002,0x8002,0x8002,0x8002,0x8002,0x8002,0x8002,0x8002,0x8002,0x8022,0x8002,0x8002,0x8002,0x8002,0x8002,0x8002,
  0x8002,0x8002,0x8022,0x8022,0x8002,0x8022,0x8022,0x8022,0x8023,0x8023,0x8024,0x8023,0x8023,0x8022,0x8002,0x8002,
  0x8002,0x8002,0x8002,0x8022,0x8002,0x8002,0x8002,0x8002,0x8002,0x8002,0x8002,0x8002,0x8002,0x8002,0x8022,0x8023,
  0x8023,0xAD8C,0x8022,0x8002,0x8002,0x8002,0x8002,0x8002,0x8022,0x8022,0x8043,0x8423,0x98E8,0x8023,0x8023,0x8022,
  0x8022,0x8002,0x8002,0x8021,0x98C6,0xB18A,0x8022,0x8022,0x8044,0x8023,0x8002,0x8022,0x8002,0x8001,0x8001,0x8000,
  0x8000,0x8000,0x8000,0x8001,0x8001,0x8002,0x8001,0x8002,0x8002,0x8002,0x8001,0x8001,0x8002,0x8022,0xCD23,0x8002,
  0x8000,0x8002,0x8001,0xB1AE,0x8002,0x8022,0x8002,0x8002,0x8022,0x8022,0x8022,0x8022,0x8002,0x8002,0x8002,0x8002,
  0x8002,0x8002,0x8002,0x8022,0x8022,0x8002,0x8022,0x8002,0x8002,0x8002,0x8022,0x8022,0x8002,0xCDA7,0x9086,0x8443,
  0x8002,0x8002,0x8002,0x8002,0x8022,0x8022,0x8022,0x8022,0x8022,0x8022,0x8022,0x8022,0x8002,0x8002,0x8002,0x8002,
  0x8068,0x8068,0x8068,0x8068,0x8068,0x8088,0x8089,0x80A9,0x9D47,0x8487,0x8088,0x8088,0x8088,0x8088,0x8068,0x8068,
  0x8068,0x8068,0x8088,0x8068,0x8067,0x84A7,0x8068,0x8088,0x8088,0x8088,0x8088,0x84C8,0x9927,0xA186,0x8D07,0x80A8,
  0x80A9,0x8069,0x88C7,0x88E7,0x8D06,0x8CE6,0x8CE6,0x88E7,0x88E7,0x88E8,0x88AB,0x94A7,0x8CA7,0x9107,0x8D07,0x88E6,
  0x8CE7,0x8D07,0x8D07,0x8CE7,0x8D06,0x8CE6,0x8CE7,0x8D07,0x9107,0x8D07,0x9147,0x9107,0x9107,0xA167,0xA545,0xA945,
  0xFF69,0xC563,0xA966,0xA545,0xAD86,0x80AC,0x80CE,0x80CE,0x80CF,0x8089,0x80AB,0x808B,0x8089,0x8089,0x8089,0x80AA,
  0x80AA,0x808B,0x808B,0x808A,0x808A,0x808A,0x808A,0x808B,0x808B,0x808B,0x80AB,0x80AB,0x808B,0x80AB,0x80AB,0x80AB,
  0x80AB,0x80AC,0x80AC,0x80AB,0x80AB,0x8D0A,0x808A,0x808A,0x808B,0x80AB,0x80AB,0x80AB,0x80AB,0x80AB,0x80AB,0x806A,
  0x9DF6,0x99D6,0x80CD,0x808B,0x80AB,0x80AB,0x8951,0x80CC,0x80AB,0x80AB,0x80AB,0x80AB,0x80AC,0x80AE,0x8132,0x8131,
  0x808B,0x8069,0x8089,0x80AF,0x95B3,0x99D1,0xA611,0xA611,0x80CF,0x80AE,0x80CE,0x8111,0x8110,0x9A34,0x80CF,0x80CF,
  0x80F0,0x80F0,0x80F0,0x80EF,0x80F0,0x80F0,0x80F0,0x80F0,0x80F1,0x80F1,0x80F1,0x80F0,0x80F1,0x80F0,0x80F0,0x80AC,
  0x9DD4,0xA217,0xAA58,0x80AE,0x8510,0xAA58,0xA659,0x80AF,0xAA17,0xBA99,0xAE78,0xA638,0xA658,0xBAB9,0xCF3A,0xD33B,
  0xC2D9,0x80D0,0x8110,0x8110,0x8110,0xA1F2,0xC293,0x8930,0x80F0,0x80F0,0x80F1,0x9173,0x99D4,0x80F0,0x95B4,0xD75C,
  0xC2FA,0x8596,0xB6B9,0xBEDA,0xC2FA,0xDB5B,0xAE99,0xDB5B,0xDB5B,0xD75B,0xDF7C,0xE39D,0xE39D,0xD75C,0xAEB7,0x9632,
  0x9A31,0x9A52,0x9237,0x8E39,0x8A3B,0x81FB,0xBEFD,0xDB7E,0x8E9E,0x929E,0x867E,0xCF7F,0xCB5E,0x967E,0x927E,0xB73F,
  0xCB5E,0xD79F,0xD79F,0xE3BF,0xF7FF,0xEBFF,0x837F,0x835F,0x82DF,0x81FE,0x81BD,0x819C,0x815A,0x80F6,0x80D2,0x80AF,
  0x80D0,0x808C,0x808B,0x80AC,0x8067,0x8067,0x80AA,0x8045,0x8046,0x8067,0x8046,0x8024,0x8046,0x8024,0x8023,0x8023,
  0x8024,0x8023,0x8023,0x8022,0x8023,0x8023,0x8023,0x8023,0x8023,0x8046,0x8023,0x8023,0x8024,0x8024,0x8046,0x8024,
  0x8023,0x8023,0x8023,0x8022,0x8002,0x8002,0x8002,0x8002,0x8002,0x8002,0x8002,0x8002,0x8002,0x8002,0x8002,0x8022,
  0x8022,0x8002,0x8002,0x8022,0x8002,0x8002,0x8002,0x8002,0x8002,0x8002,0x8002,0x8002,0x8002,0x8022,0x8002,0x8002,
  0x8002,0x8002,0x8002,0x8002,0x8022,0x8002,0x8002,0x8002,0x8002,0x8002,0x8002,0x8022,0x8002,0x8002,0x8002,0x8002,
  0x8002,0x8002,0x8022,0x8022,0x8022,0x8002,0x8002,0x8002,0x8002,0x8002,0x8002,0x8002,0x8002,0x8002,0x8002,0x8002,
  0x8002,0x8002,0x8002,0x8002,0x8002,0x8002,0x8002,0x8002,0x8022,0x8002,0x8002,0x8002,0x8002,0x8002,0x8002,0x8002,
  0x8002,0x8022,0x8022,0x8002,0x8022,0x8002,0x8002,0x8023,0x8023,0x8024,0x8088,0x8024,0x8024,0x8023,0x8022,0x8002,
  0x8002,0x8002,0x8002,0x8002,0x8002,0x8002,0x8002,0x8002,0x8002,0x8002,0x8002,0x8001,0x8002,0x8023,0x8023,0x8023,
  0x8023,0x94EA,0x8022,0x8022,0x8022,0x8002,0x8002,0x8002,0x8002,0x8002,0x8023,0x8023,0x8887,0x8023,0x8022,0x8002,
  0x8002,0x8002,0x8002,0x8022,0x8022,0x8045,0x8088,0x84A9,0x84CB,0x84A9,0x8022,0x8CEA,0x8487,0x8444,0x8000,0x8000,
  0x8000,0x90EA,0x8002,0x8000,0x8C85,0x90A7,0x8044,0x8465,0x8001,0x8001,0x8865,0x8022,0x8001,0x8002,0x8002,0x8022,
  0x8002,0x8001,0x8022,0xFF0C,0x8002,0x8022,0x8022,0x8002,0x8002,0x8002,0x8002,0x8022,0x8022,0x8002,0x8002,0x8002,
  0x8002,0x8002,0x8023,0x8002,0x8002,0x8022,0x8022,0x8002,0x8002,0x8002,0x8022,0x8001,0x8001,0x9484,0x8844,0x8002,
  0x8002,0x8002,0x8002,0x8002,0x8022,0x8002,0x8022,0x8022,0x8022,0x8022,0x8002,0x8002,0x8002,0x8002,0x8002,0x8002,
  0x8068,0x8068,0x8068,0x8068,0x8068,0x8068,0x8CC7,0x8CC7,0x88A7,0x8067,0x8068,0x8068,0x8088,0x8068,0x8067,0x8CE6,
  0x8087,0x8068,0x8088,0x8067,0x88E6,0x84A7,0x8CE7,0x8088,0x8068,0x8068,0x8088,0x8068,0x8CC6,0x9926,0x8D06,0x8D06,
  0x9107,0x8067,0x9106,0x9905,0x88E7,0x8CE7,0x8CE7,0x8CE7,0x88E7,0x88E7,0x808B,0x84AB,0x84C8,0x8CE6,0x9107,0x8D07,
  0x9107,0x88C8,0x84A9,0x8D07,0x8CE7,0x8CE7,0x8CE7,0x9127,0x9127,0x9127,0x8D27,0x8D07,0x9107,0x9526,0xA944,0xEA84,
  0xBD64,0xA946,0xA146,0xAD65,0xA965,0x892D,0x80EC,0x80CD,0x80CE,0x80CE,0x80AD,0x80AC,0x808A,0x8089,0x8089,0x808A,
  0x80AA,0x914B,0x84CC,0x808B,0x808A,0x808A,0x808A,0x808A,0x808A,0x808B,0x808B,0x80AB,0x80AB,0x80AB,0x810E,0x80AB,
  0x80AC,0x80AC,0x80AC,0x80AB,0x8173,0x910B,0x80AB,0x80AB,0x808B,0x80AB,0x80AB,0x808B,0x80AB,0x80AB,0x80AB,0x80AB,
  0x80AC,0x80AC,0x808B,0x80AB,0x8D51,0x80AB,0x80AB,0x80AB,0x808B,0x80AB,0x80AB,0x80AB,0x80AC,0x80AD,0x80CE,0x8152,
  0x80F0,0x80AB,0x80AD,0x8111,0x8133,0x8952,0x8532,0xA210,0x918F,0x808C,0x80AD,0x80CE,0x80F0,0xA234,0x80CF,0x80CF,
  0x80CF,0x80EF,0x80CF,0x80EF,0x80EF,0x80F0,0x80F0,0x80F0,0x80F0,0x80F1,0x80F1,0x80F0,0x80F0,0x80F0,0x80F0,0x808B,
  0x808B,0x9194,0xA638,0xAA79,0x80CE,0x8932,0xA659,0x8931,0x80F0,0x9DF5,0xA637,0x99D5,0xA238,0xB299,0xBAB9,0xCB1B,
  0xCB1B,0x99B3,0x80EF,0x8110,0x8110,0x8110,0xBA73,0x8131,0x8111,0x8111,0x80F1,0x80F0,0x91B4,0x8951,0x8110,0xBEB9,
  0xC6FA,0x8154,0x8952,0xB6B9,0xB6B9,0xC2DA,0xB6B9,0xDB5B,0xDF7C,0xE39C,0xCF3B,0xDF7C,0xD75C,0xDB5C,0xDB7C,0x9A33,
  0x9A52,0x9A52,0x9654,0x9257,0x9239,0x925A,0x8A3B,0x8E5C,0xA2DE,0x8A7E,0x8A7E,0x865E,0x9ABE,0xC75F,0xBB1E,0x8E7F,
  0xB2FF,0xDB9F,0xDB9F,0xDB9F,0xDFBF,0xEFDF,0xEFFF,0x9BBF,0x837F,0x827F,0x823F,0x81BE,0x817D,0x817C,0x8115,0x8115,
  0x80F2,0x80CF,0x80AE,0x808C,0x808A,0x80AB,0x80AB,0x8088,0x8067,0x8046,0x8046,0x8045,0x8046,0x8045,0x8023,0x8023,
  0x8023,0x8023,0x8023,0x8023,0x8023,0x8023,0x8023,0x8023,0x8023,0x8022,0x8023,0x8002,0x8023,0x8023,0x8046,0x8023,
  0x8023,0x8023,0x8023,0x8022,0x8002,0x8002,0x8002,0x8002,0x8002,0x8002,0x8002,0x8002,0x8002,0x8002,0x8002,0x8002,
  0x8002,0x8002,0x8002,0x8022,0x8002,0x8002,0x8002,0x8002,0x8002,0x8002,0x8002,0x8002,0x8002,0x8002,0x8002,0x8002,
  0x8002,0x8002,0x8002,0x8002,0x8002,0x8002,0x8002,0x8002,0x8002,0x8002,0x8002,0x8002,0x8002,0x8002,0x8002,0x8002,
  0x8002,0x8022,0x8023,0x8022,0x8022,0x8022,0x8002,0x8002,0x8002,0x8002,0x8002,0x8002,0x8002,0x8002,0x8002,0x8002,
  0x8002,0x8002,0x8002,0x8002,0x8002,0x8002,0x8002,0x8002,0x8002,0x8002,0x8002,0x8002,0x8002,0x8002,0x8002,0x8022,
  0x8002,0x8022,0x8022,0x8022,0x8022,0x8002,0x8022,0x8023,0x8024,0x8045,0xBA54,0x8046,0x8024,0x8024,0x8023,0x8022,
  0x8022,0x8002,0x8002,0x8002,0x8002,0x8022,0x8002,0x8002,0x8002,0x8002,0x8002,0x8002,0x8022,0x8023,0x8023,0x8442,
  0x8C43,0xA508,0x8843,0x8442,0x8023,0x8023,0x8002,0x8001,0x8001,0x8001,0x8022,0x8023,0x8487,0x8022,0x8002,0x8002,
  0x8002,0x8002,0x8002,0x8022,0x8022,0x8022,0x8022,0x8001,0x8001,0x8843,0xC1ED,0x9D6D,0x94E9,0x9CC5,0x8000,0x8000,
  0x8000,0x950B,0x8CCA,0x8001,0xEA22,0xFE21,0x8C85,0x90A7,0x90A5,0x8000,0x8000,0x8002,0x8002,0x8002,0x8002,0x8002,
  0x8002,0x8001,0x8001,0xA192,0x8002,0x8022,0x8022,0x8002,0x8002,0x8002,0x8002,0x8002,0x8002,0x8002,0x8002,0x8002,
  0x8002,0x8002,0x8023,0x8002,0x8002,0x8002,0x8002,0x8002,0x8002,0x8002,0x8002,0x8022,0x8022,0xA108,0x8C84,0x8022,
  0x8022,0x8022,0x8002,0x8002,0x8022,0x8022,0x8022,0x8023,0x8022,0x8022,0x8002,0x8022,0x8002,0x8022,0x8002,0x8002,
  0x8067,0x8068,0x8068,0x8068,0x8068,0x84C7,0x84C7,0x9527,0x9968,0x8067,0x8067,0x8067,0x8067,0x8067,0x8D27,0x9547,
  0x88E7,0x8087,0x8088,0x8068,0x8CE7,0x9547,0x9547,0x8087,0x8067,0x8068,0x8068,0x8068,0x8068,0x8068,0x84C7,0x8D06,
  0x9526,0x9D26,0xC5A4,0xA126,0x9128,0x9127,0x88E7,0x88E7,0x88E7,0x88E7,0x84CB,0xAD66,0xEA62,0x9948,0x9547,0x9107,
  0x9107,0x8D08,0x88C9,0x9107,0x8D07,0x8069,0x84A8,0x9128,0x9127,0x8D27,0x8D27,0x9127,0x8D07,0x9107,0x9927,0xA904,
  0x8CC5,0x94E5,0x9D26,0x9D26,0xA966,0xBD84,0x88E8,0x80CC,0x80AC,0x80CC,0x80CD,0x80AD,0x80AD,0x808A,0x8089,0x8089,
  0x8089,0x9969,0x9D6A,0x88EA,0x808A,0x808A,0x808A,0x808A,0x808A,0x808A,0x808B,0x80AB,0x80AB,0x808B,0x80AB,0x80AC,
  0x80CD,0x80AB,0x80AB,0x80AB,0x80AA,0x80AB,0x80AB,0x80AB,0x80AB,0x808B,0x80AB,0x80AB,0x80AB,0x80AB,0x80AB,0x80AB,
  0x80AB,0x80AB,0x80AB,0x80AC,0x99D5,0x95B4,0x808A,0x80AB,0x808A,0x808B,0x808B,0x80AB,0x80AC,0x80AC,0x80AD,0x80CE,
  0x80AD,0x8112,0x8112,0x8112,0x8132,0x8111,0x80CE,0x9DCE,0x9DEF,0x8D6F,0x80AE,0x80CE,0x80CF,0x8951,0x80EF,0x95B2,
  0x80EF,0x80F0,0x80F0,0x80EF,0x80EF,0x80EF,0x80EF,0x80F0,0x80F1,0x80F1,0x80F1,0x80F1,0x80F1,0x80D0,0x80F0,0x80CF,
  0x80AD,0x80CE,0x8931,0x80EF,0x80AD,0x8110,0xBA98,0x8D30,0x80AD,0x99F5,0x80CE,0x890F,0xA217,0xA217,0xA637,0xCF3B,
  0x8111,0xB299,0xA637,0x80F0,0x8111,0x8111,0x8111,0x8111,0x8110,0x8110,0x80F0,0x80EF,0x8551,0x9DF5,0x80EF,0x9172,
  0xC2F9,0xB6B8,0x80F0,0x9593,0xC2D9,0xB699,0xD31A,0xB278,0xCAFA,0xDB5B,0xDB7B,0xDB7B,0xD75A,0xC2FA,0xDB7B,0xD75C,
  0x8DF5,0x9A53,0x9A53,0x9A54,0xA272,0x9A75,0x9259,0x8A5A,0x925B,0x865D,0x8A5D,0x8A7D,0x8E7E,0x8E7E,0xDB7E,0xB6FE,
  0x929F,0x9EBE,0xAEFF,0xD37F,0xD79F,0xDB9F,0xDB9F,0xF3FF,0xE3BF,0x8B7F,0x835F,0x82FF,0x823F,0x821F,0x819B,0x819B,
  0x80F6,0x8115,0x80D1,0x80AF,0x80F0,0x808C,0x808A,0x8067,0x8067,0x8067,0x80A9,0x8046,0x8025,0x8046,0x8045,0x8023,
  0x8023,0x8023,0x8023,0x8023,0x8023,0x8023,0x8023,0x8023,0x8023,0x8023,0x8023,0x8023,0x8022,0x8022,0x8023,0x8023,
  0x8022,0x8022,0x8023,0x8002,0x8003,0x8002,0x8022,0x8002,0x8002,0x8022,0x8002,0x8002,0x8022,0x8022,0x8002,0x8002,
  0x8002,0x8022,0x8002,0x8002,0x8022,0x8002,0x8002,0x8002,0x8002,0x8002,0x8002,0x8002,0x8002,0x8002,0x8002,0x8002,
  0x8002,0x8002,0x8002,0x8002,0x8002,0x8002,0x8002,0x8002,0x8002,0x8002,0x8022,0x8022,0x8002,0x8002,0x8002,0x8002,
  0x8022,0x8022,0x9062,0x8022,0x8022,0x8022,0x8022,0x8022,0x8002,0x8002,0x8002,0x8002,0x8023,0x8002,0x8002,0x8002,
  0x8002,0x8002,0x8002,0x8002,0x8002,0x8002,0x8002,0x8002,0x8002,0x8002,0x8002,0x8002,0x8002,0x8002,0x8002,0x8022,
  0x8002,0x8002,0x8002,0x8002,0x8002,0x8002,0x8022,0x8023,0x8024,0x8065,0xC296,0x8067,0x8024,0x8024,0x8023,0x8002,
  0x8022,0x8002,0x8002,0x8002,0x8002,0x8002,0x8001,0x8002,0x8002,0x8002,0x8022,0x8022,0x8023,0x8022,0x8022,0x9462,
  0xA040,0xF600,0xA460,0x9062,0x8443,0x8023,0x8022,0x8002,0x8002,0x8002,0x8002,0x8022,0x8086,0x8002,0x8002,0x8022,
  0x8002,0x8002,0x8002,0x8022,0x8002,0x8022,0x8022,0x8022,0x8022,0x8021,0x8001,0xADCF,0x950B,0x8C86,0x8002,0x8045,
  0x8001,0xADAF,0x90EB,0x8001,0xF705,0xFBB2,0x9085,0x94C6,0xC963,0x8002,0x8022,0x8022,0x8022,0x8022,0x8002,0x8002,
  0x8022,0x8002,0x8001,0xA190,0x8001,0x8022,0x8002,0x8022,0x8002,0x8002,0x8002,0x8002,0x8002,0x8023,0x8002,0x8002,
  0x8002,0x8002,0x8002,0x8002,0x8002,0x8002,0x8002,0x8002,0x8001,0x8002,0x8002,0x8022,0x8022,0xC185,0x9C83,0x8022,
  0x8022,0x8002,0x8022,0x8022,0x8002,0x8002,0x8002,0x8002,0x8022,0x8002,0x80CE,0x8022,0x8022,0x8002,0x8002,0x8002,
  0x8067,0x8068,0x8068,0x8068,0x8067,0x80A7,0x80A6,0x9106,0x9107,0x9526,0x8067,0x8067,0x8067,0x8067,0x8066,0x9106,
  0x9546,0x9547,0x8068,0x9127,0x9546,0x9547,0x9527,0x9106,0x8067,0x8067,0x8068,0x8068,0x8068,0x8067,0x80A8,0x9106,
  0x9926,0x9D06,0xFF45,0x9D06,0x9128,0x8D27,0x8D07,0x8CE7,0x88E7,0x88C7,0x88E8,0x94E6,0xAD26,0x9D26,0x9127,0x9107,
  0x9127,0x9108,0x9127,0x9107,0x9107,0x88C8,0x8069,0x9127,0x9127,0x9127,0x9127,0x84C9,0x808A,0x80AB,0x80AA,0xAD23,
  0x80A6,0x80A7,0x9D25,0x9926,0xA946,0xD1E5,0x94E6,0x84A8,0x8069,0x8068,0x996A,0x9D8B,0x80AD,0x80AD,0x808B,0x8089,
  0x8089,0x8089,0xA1C9,0x9D8A,0x808A,0x808A,0x808A,0x808A,0x808A,0x808A,0x808B,0x80AB,0x80AC,0x80AB,0x80AB,0x80AB,
  0x80AB,0x80CC,0x80AB,0x80AB,0x80AB,0x808A,0x80AB,0x80AB,0x80AB,0x80AB,0x80AB,0x80AB,0x80AB,0x80AB,0x80AB,0x808B,
  0x808B,0x808B,0x808B,0x80AB,0x808B,0x808B,0x80AB,0x80CD,0x8195,0x808B,0x80AB,0x80AB,0x80AB,0x80AB,0x80AC,0x80AC,
  0x80AC,0x80D0,0x8132,0x8132,0x806A,0x80AC,0x8131,0x8551,0x8D6F,0xAA33,0x80CE,0x80CF,0x80AE,0x80CD,0x80EF,0xB278,
  0x8951,0x80F0,0x80EF,0x80CF,0x80EF,0x80EF,0x80F0,0x80F0,0x80F0,0x80F0,0x80F0,0x80F0,0x80F0,0x80F0,0x80F0,0x80F0,
  0x80F0,0x80AE,0x80AD,0x8552,0x80AC,0x80AC,0xB256,0xBE76,0x80AC,0x80AD,0xB6D9,0x80AE,0x84F1,0xA216,0xA1F6,0xA217,
  0xA217,0xA217,0xAE78,0x8534,0xA1F5,0x8111,0x8110,0x8110,0x80F0,0x80F0,0x80EF,0x80EF,0x80EF,0x8D72,0x8951,0x9593,
  0xB298,0x99F6,0x80CF,0x8931,0xC6F9,0xAA58,0xDB5A,0xAE79,0xAE79,0xDB7B,0xDB7B,0xDB7B,0xDB7A,0xAA79,0xBEFA,0xD75B,
  0xA679,0x9218,0x9A56,0xAA73,0xA671,0xA272,0x9A54,0x9236,0x8E59,0x8E5C,0x8A7C,0x8E7D,0x927D,0x927D,0x967D,0xCB5E,
  0xDF9E,0xC75E,0x8A5E,0xA2DF,0xDB9F,0xD77F,0xDB9F,0xD37F,0xDBBF,0xF7DF,0x8F3F,0x835E,0x82DF,0x82DF,0x81DD,0x81DE,
  0x815A,0x8159,0x80F4,0x8115,0x80AF,0x80CE,0x80AD,0x808A,0x80AB,0x8068,0x8089,0x8046,0x8046,0x8067,0x8046,0x8046,
  0x8024,0x8023,0x8023,0x8023,0x8089,0x8023,0x8023,0x8023,0x8023,0x8022,0x8023,0x8023,0x8023,0x8002,0x8023,0x8023,
  0x8023,0x8022,0x8002,0x8002,0x8002,0x8002,0x8023,0x8022,0x8002,0x8002,0x8002,0x8002,0x8002,0x8002,0x8002,0x8002,
  0x8002,0x8022,0x8002,0x8002,0x8002,0x8002,0x8002,0x8002,0x8002,0x8002,0x8002,0x8002,0x8002,0x8002,0x8002,0x8002,
  0x8002,0x8002,0x8002,0x8002,0x8002,0x8002,0x8002,0x8002,0x8002,0x8002,0x8001,0x8002,0x8002,0x8002,0x8002,0x8022,
  0x8022,0x8042,0x9881,0x8022,0x8022,0x8022,0x8022,0x8022,0x8002,0x8002,0x8002,0x8002,0x8002,0x8022,0x8002,0x8002,
  0x8002,0x8002,0x8002,0x8002,0x8002,0x8022,0x8002,0x8002,0x8002,0x8002,0x8002,0x8002,0x8002,0x8002,0x8002,0x8002,
  0x8002,0x8002,0x8022,0x8002,0x8002,0x8002,0x8002,0x8023,0x8023,0x8023,0x8066,0x8024,0x8023,0x8023,0x8022,0x8002,
  0x8002,0x8002,0x8002,0x8002,0x8002,0x8046,0x8192,0x8002,0x8002,0x8002,0x8002,0x8022,0x8023,0x8443,0x8442,0x9C60,
  0xF6A3,0xFFFF,0xDD20,0x9062,0x8842,0x8023,0x8023,0x8002,0x8022,0x8022,0x8021,0x8C62,0xBDEC,0x8421,0x8022,0x8022,
  0x8002,0x8002,0x8002,0x8022,0x8022,0x8022,0x8022,0x8022,0x8002,0x8000,0x8001,0xBA10,0x9D6D,0x990B,0x8024,0x8045,
  0x8001,0xA96E,0x8CA9,0x8000,0xF6E5,0xF7BE,0x9084,0x90A5,0xDDA2,0x8002,0x8022,0x8022,0x8022,0x8022,0x8022,0x8022,
  0x8022,0x8002,0x8002,0xE671,0x8001,0x8001,0x8002,0x8002,0x8002,0x8002,0x8002,0x8002,0x8023,0x8089,0x8002,0x8002,
  0x8002,0x8002,0x8002,0x8002,0x8002,0x8002,0x8002,0x8002,0x8001,0x8001,0x8002,0x8022,0x8022,0xC9A4,0x9C82,0x8022,
  0x8022,0x8022,0x8022,0x8002,0x8002,0x8002,0x8022,0x8002,0x8002,0x8002,0x8002,0x8002,0x8002,0x8002,0x8002,0x8002,
  0x9126,0x8067,0x8067,0x8067,0x8047,0x80A7,0x80A6,0x8086,0x8065,0x8D06,0x9947,0x8046,0x8067,0x8067,0x9526,0x9526,
  0x9546,0x8D06,0x9947,0x9547,0x9546,0x9546,0x8066,0x9106,0x8067,0x8067,0x8067,0x8045,0x8068,0x8068,0x88E7,0x9546,
  0x9926,0x9926,0xA546,0x9D05,0x9527,0xDA03,0x9905,0x88E7,0x88E7,0x88C7,0x84C7,0x9906,0xA126,0xD9C4,0x9527,0x9127,
  0x8D07,0x9107,0x9107,0x9107,0x9107,0x9107,0x90E7,0x9128,0x8D28,0x9127,0x8D27,0x9127,0x9109,0x80AB,0x84CA,0x8CA7,
  0x8087,0x8088,0x80A9,0x84E8,0x9107,0x9927,0xFF43,0x9507,0x9527,0xA1A8,0x9D88,0xA1A8,0x916B,0x80AD,0x80AC,0x8089,
  0x8089,0x8089,0x8089,0x890B,0x808A,0x808A,0x808A,0x808A,0x808A,0x808A,0x80AA,0x808A,0x80AB,0x808A,0x80AB,0x80AB,
  0x80AB,0x80AB,0x81B4,0x80AB,0x80AB,0x89D4,0x808A,0x808A,0x80AA,0x808A,0x80AB,0x80AB,0x80AB,0x80AB,0x80AB,0x80AB,
  0x808B,0x80AB,0x808B,0x80AB,0x80AB,0x80AC,0x80AC,0x80AB,0x8195,0x808B,0x80AB,0x80AB,0x80AB,0x808B,0x80AB,0x80AB,
  0x80AC,0x80AC,0x80AE,0x8134,0x8133,0x80F0,0x80AC,0x808B,0x80AC,0xAA53,0xB695,0x80F0,0x80AD,0x80AC,0x80AB,0x9DF5,
  0x95B4,0x8511,0x80CE,0x80CE,0x80CF,0x80CF,0x80EF,0x80F0,0x80F0,0x80F0,0x80F0,0x80CF,0x80CF,0x80F0,0x80F0,0x80F0,
  0x80F0,0x8154,0x80CE,0x8594,0x8973,0x808B,0x808B,0x84CD,0x80AC,0x80CD,0x8D51,0xB299,0x9E16,0x8D72,0x99F5,0xA217,
  0x9E17,0xD33B,0x8134,0x9E18,0xB699,0x8111,0x8110,0x8110,0x8110,0x8110,0x80EF,0x80EF,0x80EE,0x80CE,0x8111,0x8111,
  0xB698,0xA657,0x80CF,0x95B3,0xCAFA,0xD33A,0xCB1A,0xBAB9,0xA638,0xDB5B,0xDF7B,0xAE7A,0xCF3A,0xD77B,0xA69A,0xCF3A,
  0xDF7A,0xE7BC,0x9A38,0x9A16,0xA652,0xBA8F,0xA651,0x9E33,0x9A55,0x9259,0x865B,0x8A5C,0x927D,0x927D,0x927D,0xAEFE,
  0xE39E,0xDB9E,0x969E,0x9EDE,0x96BF,0xCB5F,0xD77F,0xD37F,0xD39F,0xD39F,0xF3DF,0xF3DF,0x937F,0x839F,0x82DF,0x821E,
  0x81DD,0x81BD,0x8138,0x8116,0x80F3,0x80F2,0x80AD,0x808C,0x808A,0x808A,0x8069,0x8068,0x8068,0x8068,0x8067,0x8024,
  0x8045,0x8046,0x8023,0x8023,0x8023,0x8023,0x8023,0x8023,0x8023,0x8023,0x8023,0x8023,0x8022,0x8023,0x8024,0x8002,
  0x8002,0x8002,0x8002,0x8002,0x8002,0x8002,0x8002,0x8002,0x8002,0x8044,0x8002,0x8023,0x8023,0x8002,0x8002,0x8002,
  0x8002,0x8002,0x8002,0x8002,0x8002,0x8002,0x8002,0x8002,0x8002,0x8002,0x8002,0x8002,0x8002,0x8002,0x8002,0x8002,
  0x8002,0x8002,0x8002,0x8002,0x8002,0x8002,0x8002,0x8002,0x8002,0x8002,0x8002,0x8002,0x8002,0x8002,0x8002,0x8022,
  0x8442,0x8442,0xC121,0x8842,0x8442,0x8022,0x8022,0x8022,0x8002,0x8002,0x8002,0x8002,0x8002,0x8002,0x8002,0x8002,
  0x8002,0x8002,0x8002,0x8002,0x8002,0x8022,0x8002,0x8002,0x8002,0x8002,0x8002,0x8002,0x8002,0x8002,0x8002,0x8002,
  0x8002,0x8022,0x8022,0x8002,0x8002,0x8022,0x8002,0x8022,0x8023,0x8023,0x8024,0x8023,0x8023,0x8022,0x8022,0x8002,
  0x8002,0x8002,0x8002,0x8002,0x8002,0x8002,0x8002,0x8002,0x8002,0x8002,0x8002,0x8022,0x8023,0x8043,0x8442,0xA081,
  0xF244,0xFFFB,0xCD00,0x8C63,0x8842,0x8023,0x8022,0x8022,0x8022,0x8002,0x8002,0x8003,0x80A9,0x8023,0x8022,0x8002,
  0x8002,0x8002,0x8002,0x8002,0x8022,0x8022,0x8022,0x8022,0x8001,0x8000,0x8022,0xBE31,0xFF4B,0x992B,0x8466,0x8024,
  0x8000,0xBDF0,0x8887,0x8000,0xF241,0xFA20,0x8C85,0x90A7,0x8021,0x8002,0x8002,0x8022,0x8022,0x8022,0x8002,0x8022,
  0x8002,0x8002,0x8002,0xA16F,0x8001,0x8001,0x8002,0x8002,0x8002,0x8002,0x8022,0x8002,0x8022,0x8002,0x8002,0x8002,
  0x8002,0x8002,0x8002,0x8002,0x8002,0x8002,0x8002,0x8001,0x8001,0x8002,0x8022,0x8022,0x8023,0xC1A6,0x9CA2,0x8422,
  0x8022,0x8022,0x8002,0x8022,0x8002,0x8002,0x8002,0x8002,0x8002,0x8002,0x8023,0x8002,0x8022,0x8002,0x8002,0x8002,
  0x9126,0x9106,0x9106,0x8047,0x80A8,0x80A8,0x80A7,0x8086,0x8046,0x9126,0x9106,0x9106,0x80A6,0x9106,0x88E6,0x88E7,
  0x9106,0x84A7,0x84A7,0x80A6,0x88E7,0x9127,0x8067,0x8068,0x8068,0x8068,0x8067,0x8067,0x8067,0x80A9,0x9127,0x9127,
  0x84C8,0x8CE7,0x9D24,0x88C6,0x88C7,0x88C6,0x8CE6,0xBD42,0x9107,0x9927,0x9D47,0xA147,0xA568,0xA968,0xB566,0x9107,
  0xA147,0x9106,0x9107,0x9107,0x9107,0x88CA,0x808B,0x88CB,0xC584,0x94E6,0x8D07,0x9107,0x9107,0x9107,0x90E9,0x90A8,
  0x84A8,0x8089,0x8089,0x8089,0x9126,0x9527,0xA527,0xD5E3,0x9D48,0x9947,0x9947,0x9547,0x9968,0x80AC,0x80AC,0x808A,
  0x808A,0x808A,0x808A,0x808A,0x808A,0x808A,0x808A,0x808A,0x808A,0x808A,0x808A,0x808A,0x808A,0x808A,0x808A,0x808A,
  0x80AA,0x80AC,0x80AB,0x80EE,0x80AC,0x80AB,0x80AB,0x80AB,0x808B,0x808A,0x808A,0x808A,0x808A,0x80AB,0x808B,0x80AB,
  0x808B,0x80AB,0x808B,0x80AB,0x80AB,0x80AB,0x80AB,0x80AB,0x80AB,0x80AB,0x80AB,0x80AB,0x80AB,0x808B,0x808B,0x808B,
  0x808B,0x80AC,0x80AC,0x80AC,0x80F0,0x8112,0x80F0,0x808C,0x80AC,0x80AC,0x808C,0x8D95,0x95B4,0x808B,0x80AC,0x80AC,
  0x9DF7,0xA218,0x9594,0x80CE,0x80CE,0x80CF,0x80CF,0x8D95,0x8553,0x80F0,0x80F0,0x80CF,0x80CF,0x80D0,0x80F0,0x80F0,
  0x80F0,0x8132,0x8112,0x8132,0x80EF,0x80AC,0x808B,0x9DF7,0x808C,0x80AC,0x80AC,0x9592,0x9DD5,0xAA37,0xB278,0xA616,
  0xDB7B,0xB698,0xA637,0xAA36,0x8573,0xC6F9,0xCB1A,0xD73A,0x80F0,0xBEB8,0x80EF,0x80EF,0x80F0,0x99D5,0xDB7C,0x84F0,
  0x8111,0x8111,0x80F0,0x80CF,0xAA57,0x9DF6,0x91B6,0xC2DA,0xA217,0xAE78,0xDF5B,0xAE79,0xAA59,0xDF5B,0xDB5A,0xD359,
  0xCF39,0xCB3A,0xDB7C,0xA236,0x99F5,0x9E13,0xAE50,0xB6AE,0xA252,0xA672,0x9656,0x8A5C,0x8E7C,0x8E7C,0x8E5C,0x8E5D,
  0x927D,0xD37E,0xE39E,0x8E7E,0xC33E,0xC75E,0xB71F,0xBB1F,0xB31F,0xD37F,0xD39F,0xDB9F,0xF3DF,0xBF7F,0x835F,0x833F,
  0x827F,0x823F,0x819C,0x81DE,0x8159,0x80F6,0x80F4,0x80AF,0x80CE,0x80AB,0x80AC,0x8089,0x8068,0x8068,0x8067,0x8067,
  0x8046,0x8003,0x8046,0x8045,0x8023,0x8023,0x8023,0x8024,0x8023,0x8023,0x8023,0x8023,0x8023,0x8023,0x8023,0x8022,
  0x8022,0x8002,0x8002,0x8002,0x8002,0x8002,0x8002,0x8002,0x8002,0x8023,0x8022,0x8023,0x8002,0x8022,0x8002,0x8002,
  0x8002,0x8002,0x8002,0x8002,0x8002,0x8002,0x8002,0x8002,0x8002,0x8022,0x8022,0x8002,0x8022,0x8002,0x8002,0x8002,
  0x8002,0x8002,0x8002,0x8002,0x8002,0x8002,0x8002,0x8002,0x8002,0x8022,0x8002,0x8002,0x8002,0x8022,0x8022,0x8443,
  0xA081,0xACA0,0xFBDD,0xC922,0x9C61,0x8842,0x8443,0x8022,0x8022,0x8002,0x8002,0x8002,0x8002,0x8088,0x8002,0x8044,
  0x8023,0x8002,0x8002,0x8002,0x8002,0x8002,0x8002,0x8002,0x8002,0x8002,0x8002,0x8002,0x8022,0x8022,0x8022,0x8002,
  0x8002,0x8023,0x8023,0x8023,0x8023,0x8002,0x8022,0x8002,0x8002,0x8022,0x8022,0x8002,0x8002,0x8002,0x8002,0x8002,
  0x8002,0x8002,0x8002,0x8002,0x8022,0x8002,0x8002,0x8002,0x8002,0x8002,0x8002,0x8022,0x8022,0x8023,0x8043,0x9062,
  0x9441,0xD940,0x9062,0x8842,0x8022,0x8023,0x8022,0x8022,0x8022,0x8002,0x8002,0x8002,0x8002,0x8002,0x8002,0x8002,
  0x8002,0x8002,0x8002,0x8002,0x8002,0x8002,0x8002,0x8022,0x8023,0x8022,0x8022,0xB612,0xA5F2,0x8CCA,0x8444,0x8001,
  0x8001,0xC211,0x9D2C,0x8001,0xF727,0xF7DC,0x8CA6,0x90C8,0x8CA7,0x8002,0x8002,0x8022,0x8022,0x8002,0x8002,0x8002,
  0x8002,0x8002,0x8022,0x9D6F,0x8002,0x8022,0x8002,0x8002,0x8002,0x8002,0x8002,0x8022,0x8002,0x8002,0x8002,0x8002,
  0x8002,0x8002,0x8002,0x8002,0x8002,0x8002,0x8002,0x8002,0x8002,0x8002,0x8022,0x8023,0x8023,0xD606,0xA8A1,0x8022,
  0x8022,0x8022,0x8022,0x8002,0x8002,0x8002,0x8002,0x8002,0x8002,0x8002,0x8002,0x8002,0x8022,0x8002,0x8002,0x8002,
  0x84C6,0x88C7,0x84C7,0x8047,0x84C7,0x84C7,0x80A7,0x80A7,0x8086,0x9106,0x8D06,0x9106,0x9107,0x8D06,0x80A6,0x80A7,
  0x8CE7,0x84A7,0x84A7,0x84A6,0x80A6,0x9127,0x8068,0x8088,0x8068,0x8088,0x8067,0x8067,0x8068,0x8088,0x8088,0x8068,
  0x8068,0x88E9,0x9106,0x84C6,0x88C7,0x88C6,0x88C7,0x9906,0x84C8,0x8D08,0x9129,0x9D68,0xA168,0xAD68,0xC1A7,0xC5C6,
  0xA945,0x9D26,0x9927,0x9507,0x9108,0x8CEB,0x8CEB,0x9D2A,0xA926,0xA946,0x8D07,0x9107,0x9107,0x9107,0x9107,0xAD24,
  0x9108,0x8909,0x80AA,0x8908,0x9527,0x9927,0x9D47,0xDDC2,0xA967,0x8D28,0x9129,0x84E8,0x8089,0x80AA,0x808A,0x808A,
  0x808A,0x808A,0x808A,0x808A,0x808A,0x808A,0x8089,0x8089,0x808A,0x808A,0x808A,0x808A,0x808A,0x808A,0x808A,0x808A,
  0x80AA,0x80AA,0x80AA,0x80AB,0x80CD,0x80AB,0x80AB,0x808B,0x808B,0x808A,0x808A,0x808A,0x808A,0x808A,0x9616,0x808B,
  0x80AC,0x80AB,0x80AB,0x80AB,0x80AB,0x808B,0x80AB,0x80AB,0x80AB,0x80AB,0x80AB,0x80AB,0x808B,0x80AB,0x80AB,0x80AB,
  0x80AB,0x80AB,0x80AB,0x80AC,0x80AC,0x80AC,0x80AC,0x80AC,0x80AC,0x80AC,0x80AC,0x808B,0x95B6,0x80AC,0x80AC,0x80AD,
  0x80AC,0x80AC,0x9194,0x80CE,0x80CF,0x80EF,0x80CE,0x80EF,0x8974,0x80EF,0x80EF,0x80EF,0x80EF,0x80F0,0x80F0,0x80CF,
  0x80CF,0x80CE,0x8132,0x8132,0x8112,0x8111,0x8110,0x99F6,0xAA78,0x808B,0x80AC,0x9DB2,0xAA36,0x99D5,0x8DB4,0xAA58,
  0xB677,0xCF1B,0xCF3B,0xB698,0x8552,0xC6FA,0xCF1A,0xB698,0xA636,0xBAB9,0x80F0,0x80F0,0x80EF,0x80F0,0xCB1A,0xCB1A,
  0x8D72,0x9193,0x8952,0x8531,0x8131,0x8973,0x91B5,0xC6FA,0x95D6,0x9A16,0xDB5B,0xDB7C,0x9DF7,0xCF1A,0xD33A,0xD339,
  0xD75A,0xCB39,0xD77C,0xD35B,0x95F6,0x95F3,0x9A13,0x9A33,0xA232,0xAA93,0xB2B2,0x9659,0x925C,0x8E7C,0x8E5C,0x925C,
  0x925C,0x925C,0xC77F,0xAEFE,0x825F,0xCF7F,0xC75F,0xBF3F,0xD37F,0xC75F,0xD77F,0xD37F,0xD37F,0xEBDF,0xD3BF,0xB3BF,
  0x837F,0x82BF,0x823F,0x823F,0x819C,0x817B,0x8116,0x80D1,0x80F1,0x80AD,0x80CD,0x80AB,0x80AB,0x8089,0x80CC,0x8047,
  0x8066,0x8046,0x8025,0x8045,0x8045,0x8023,0x8023,0x8023,0x8023,0x8023,0x8023,0x8023,0x8023,0x8023,0x8023,0x8023,
  0x8002,0x8002,0x8002,0x8002,0x8002,0x8002,0x8023,0x80EE,0x8003,0x8023,0x8023,0x8023,0x8022,0x8022,0x8002,0x8002,
  0x8002,0x8002,0x8002,0x8002,0x8002,0x8002,0x8002,0x8002,0x8002,0x8022,0x8022,0x8022,0x8022,0x8002,0x8002,0x8002,
  0x8002,0x8022,0x8002,0x8002,0x8002,0x8002,0x8002,0x8002,0x8002,0x8002,0x8002,0x8002,0x8002,0x8002,0x8002,0x8022,
  0x8022,0x8022,0xB880,0x8842,0x8023,0x8022,0x8022,0x8002,0x8002,0x8002,0x8002,0x8002,0x8002,0x8002,0x8002,0x8002,
  0x8002,0x8002,0x8002,0x8002,0x8002,0x8022,0x8002,0x8002,0x8002,0x8002,0x8002,0x8022,0x8022,0x8022,0x8022,0x8022,
  0x8023,0x8023,0x8024,0x8023,0x8023,0x8023,0x8022,0x8022,0x8002,0x8002,0x8022,0x8002,0x8002,0x8002,0x8002,0x8002,
  0x8022,0x8002,0x8002,0x8002,0x8002,0x8002,0x8002,0x8002,0x8002,0x8002,0x8002,0x8022,0x8022,0x8023,0x8023,0x8023,
  0x8021,0xB56A,0x8023,0x8023,0x8023,0x8023,0x8022,0x8022,0x8002,0x8002,0x8002,0x8002,0x8002,0x8002,0x8002,0x8002,
  0x8002,0x8002,0x8002,0x8002,0x8002,0x8002,0x8022,0x8022,0x8023,0x8023,0x8444,0xAE12,0x99B1,0x952C,0x8000,0x8444,
  0x8001,0xCE52,0xA96E,0x8022,0xE5C2,0xE581,0x8885,0x90C8,0x8CA7,0x8002,0x8002,0x8022,0x8002,0x8002,0x8002,0x8002,
  0x8002,0x8002,0x8002,0xB58B,0x8022,0x8022,0x8022,0x8002,0x8002,0x8022,0x8022,0x8002,0x8002,0x8002,0x8022,0x8022,
  0x8002,0x8002,0x8002,0x8002,0x8022,0x8002,0x8002,0x8002,0x8002,0x8022,0x8022,0x8022,0x8022,0xC965,0x9863,0x8022,
  0x8022,0x8022,0x8002,0x8002,0x8022,0x8002,0x8002,0x8002,0x8002,0x8002,0x8002,0x8002,0x8002,0x8002,0x8002,0x8002,
  0x84C6,0x8067,0x8066,0x88C6,0x88C6,0x8CE6,0x8CE6,0x84A7,0x8CE6,0x88E6,0x8087,0x9106,0x8D07,0x8CE6,0x80A7,0x8086,
  0x8486,0x8086,0x88A5,0x8486,0x80A6,0x9547,0x9127,0x8088,0x8088,0x8088,0x8068,0x8068,0x8088,0x8088,0x8088,0x8067,
  0x8068,0x8047,0x84C6,0x8D06,0x84C7,0x88C7,0x88C7,0x88C7,0x9927,0x8CE8,0x9527,0x88A6,0x8485,0xFF68,0xC146,0xB146,
  0xC563,0xA126,0xA525,0x94E7,0x94C7,0x90C9,0x98E9,0xA529,0xD1E7,0x9D48,0xA148,0xB186,0x9107,0x9106,0xC583,0x8CC6,
  0x84E7,0x9567,0x9146,0x8D27,0x88E6,0x9127,0xA126,0xB564,0xB545,0x9D27,0x9548,0x9568,0x808A,0x80AA,0x808A,0x8089,
  0x8089,0x8089,0x8089,0x8089,0x808A,0x8089,0x8089,0x808A,0x808A,0x808A,0x808A,0x808A,0x808A,0x808A,0x808A,0x808A,
  0x808A,0x8089,0x808A,0x808A,0x80AB,0x808A,0x808B,0x808B,0x808A,0x808A,0x808A,0x808A,0x808A,0x808A,0x8069,0x8930,
  0x80AB,0x80CD,0x808B,0x808B,0x80AB,0x80AB,0x808B,0x80AB,0x80AB,0x80AB,0x80AB,0x808B,0x808B,0x80AB,0x80AB,0x80AB,
  0x80AB,0x80AB,0x80AB,0x808B,0x80AB,0x80AC,0x80AC,0x80AC,0x8131,0x80AC,0x80AC,0x80AC,0x80AC,0x80AC,0x80AD,0x80AD,
  0x80AD,0x80AC,0x91B5,0x80CE,0x80CE,0x80CE,0x80AD,0x80AD,0x80AD,0x91D4,0x80AE,0x80EF,0x80EF,0x80CF,0x80CF,0x80CF,
  0x80CF,0x80CF,0x80CF,0x80CF,0x8132,0x8111,0x80F0,0x80F0,0x8155,0x80CF,0x80CF,0x80CE,0xA215,0xB698,0x80CE,0x808B,
  0x8D72,0xAA57,0xA216,0xD75C,0xCF1B,0xC6FA,0xBA98,0x80CF,0x80EE,0x80EF,0x80F0,0x80F0,0x80D0,0x80CF,0x80CF,0xAE78,
  0xB299,0xB6B9,0xC2FA,0xC2FA,0xA636,0xA1F5,0xAA58,0xA657,0xA637,0xCB1A,0xD75B,0xC6FA,0xBEB8,0x99F6,0xC2F8,0x8155,
  0x8134,0xD358,0xCF7A,0xD35A,0x8196,0x95F3,0x9A32,0x9A33,0x9E34,0x9E36,0xDF50,0xBED1,0xAE95,0xAE77,0x967B,0x8E5B,
  0x8E5B,0x8E3B,0x863C,0xB71E,0xC73E,0xC33F,0xCB5F,0xDF9F,0xE3BF,0xC33F,0xBF1F,0xBB1F,0xD79F,0xD77F,0xDB9F,0xE7BF,
  0xF7FF,0x8B3F,0x833F,0x831F,0x823E,0x81BE,0x819C,0x8158,0x8116,0x8136,0x80AF,0x80F2,0x80CE,0x80AC,0x80AB,0x8046,
  0x8067,0x8067,0x8046,0x8046,0x8046,0x8023,0x8045,0x8024,0x8024,0x8023,0x8023,0x8024,0x8023,0x8023,0x8023,0x8023,
  0x8022,0x8002,0x8002,0x8002,0x8002,0x8002,0x8022,0x8045,0x8025,0x8002,0x8002,0x8023,0x8022,0x8022,0x8023,0x8002,
  0x8002,0x8002,0x8002,0x8002,0x8002,0x8002,0x8002,0x8002,0x8002,0x8022,0x8023,0x8045,0x8488,0x8022,0x8002,0x8002,
  0x8002,0x8002,0x8002,0x8022,0x8002,0x8002,0x8002,0x8002,0x8002,0x8002,0x8002,0x8002,0x8002,0x8002,0x8002,0x8002,
  0x8022,0x8022,0xA082,0x8022,0x8022,0x8022,0x8022,0x8022,0x8002,0x8002,0x8002,0x8002,0x8002,0x8002,0x8002,0x8002,
  0x8002,0x8002,0x8002,0x8002,0x8002,0x8002,0x8002,0x8002,0x8002,0x8002,0x8002,0x8002,0x8002,0x8022,0x8023,0x8023,
  0x8023,0x8024,0x8045,0x8024,0x8023,0x8023,0x8022,0x8022,0x8002,0x8002,0x8002,0x8002,0x8002,0x8002,0x8002,0x8002,
  0x8002,0x8002,0x8002,0x8002,0x8002,0x8002,0x8002,0x8002,0x8002,0x8002,0x8002,0x8002,0x8002,0x8022,0x8023,0x8023,
  0x8002,0x990B,0x8044,0x8023,0x8022,0x8022,0x8002,0x8002,0x8001,0x8002,0x8002,0x8022,0x8002,0x8002,0x8002,0x8002,
  0x8002,0x8002,0x8002,0x8002,0x8002,0x8022,0x8002,0x8002,0x8002,0x8022,0x94E8,0xF376,0xB9EE,0xCE6D,0x8865,0x8464,
  0x8000,0xCE31,0xA56D,0x8022,0x8001,0x8001,0x8486,0x8466,0x8CC9,0x8002,0x8002,0x8002,0x8002,0x8002,0x8022,0x8022,
  0x8002,0x8002,0x8022,0xFF89,0x8022,0x8022,0x8023,0x8022,0x8022,0x8022,0x8002,0x8002,0x8002,0x8022,0x8022,0x8002,
  0x8002,0x8023,0x8002,0x8022,0x8002,0x8002,0x8002,0x8002,0x8022,0x8002,0x8022,0x8022,0x8021,0xA508,0x8864,0x8022,
  0x8022,0x8022,0x8022,0x8002,0x8002,0x8002,0x8002,0x8002,0x8002,0x8002,0x8002,0x8002,0x8002,0x8002,0x8002,0x8002,
  0x8485,0x8486,0x88A5,0x88C6,0x88C5,0x8086,0x8086,0x84A6,0x88E6,0x8087,0x8487,0x8487,0x8487,0x88C6,0x80A6,0x8086,
  0x8086,0x8086,0x9505,0x84A6,0x80A5,0x84C6,0x9126,0x9546,0x8087,0x8088,0x8088,0x8088,0x8088,0x8088,0x8068,0x8047,
  0x8068,0x8067,0x8046,0x84A7,0x88E7,0x88E8,0x88C7,0x88C7,0x88C8,0x88A8,0x9925,0xA125,0xA125,0x88A6,0x90C6,0xC543,
  0xFF84,0xCDA4,0xBD85,0xB126,0xB105,0x84A9,0x8CC9,0xAD69,0xD1C5,0xB587,0xB187,0xC5A6,0x9907,0x9D26,0xD9C3,0x90C6,
  0x8CE6,0x9D66,0x9966,0x9526,0x9107,0x9106,0xAD45,0x9905,0x94E5,0xA0E4,0x80A7,0x9148,0x9129,0x808A,0x8089,0x808A,
  0x8089,0x8089,0x8089,0x8089,0x80AB,0x8069,0x8089,0x808A,0x808A,0x808A,0x808A,0x808A,0x808A,0x808A,0x808A,0x808A,
  0x808A,0x808A,0x808A,0x808A,0x808A,0x8551,0x808A,0x808A,0x808A,0x80AB,0x808A,0x808A,0x808A,0x808A,0x8089,0x91B4,
  0x8069,0x8089,0x8D50,0xA636,0x80CC,0x80AB,0x80AB,0x80AB,0x80AB,0x808B,0x808B,0x808B,0x808B,0x808B,0x808B,0x80AB,
  0x80AB,0x80AB,0x808B,0x808B,0x80AB,0x80AC,0x80AC,0x80AC,0x80CC,0x808B,0x80AC,0x80AC,0x80AC,0x80AC,0x80AC,0x80AD,
  0x80AD,0x80AD,0x80AD,0x80EF,0x80CE,0x80CE,0x80AD,0x80AD,0x80AD,0x80CC,0xC2D5,0x80CD,0x80CE,0x80CF,0x80CF,0x80CF,
  0x80CF,0x80CF,0x80CF,0x80CF,0x80CF,0x80EF,0x80CE,0x80CE,0x80CF,0x80D0,0x80CF,0x8510,0x8D93,0x8D93,0x80CD,0x80AC,
  0x8D72,0x95D4,0xA1F5,0xB278,0xB278,0xAA37,0xC2DA,0xC6D9,0x8110,0x8931,0x84F0,0x9592,0x80AF,0x80CF,0x80CE,0x80CF,
  0x8910,0x8932,0xBAD9,0xBED9,0xC2D9,0xC6F9,0xCB19,0xCF19,0xD33A,0xD73B,0xD33B,0xBABA,0xDF7B,0xDB7B,0xCF18,0x8133,
  0x8134,0x8154,0x8552,0xB2B7,0x9A16,0x95F4,0x9A32,0x9E32,0x9A13,0x9A34,0x9E55,0xB6AF,0xC2D1,0xCEF2,0xA694,0x9A56,
  0x8E5A,0x8A3A,0x8A3B,0x81FB,0xD37E,0x8E3D,0x9E7E,0xCF5E,0xD37E,0xE79E,0xC73E,0xBB1E,0xBF3F,0xBF3F,0xD77F,0xD37F,
  0xE3BF,0xEFDF,0x8F3F,0x837F,0x835F,0x82BF,0x81BD,0x819C,0x815A,0x8138,0x80F5,0x80D3,0x80AE,0x80AD,0x80AB,0x808A,
  0x8068,0x8067,0x8066,0x8066,0x8046,0x8045,0x8046,0x8045,0x8023,0x8023,0x8022,0x8023,0x8023,0x8023,0x8023,0x8023,
  0x8022,0x8002,0x8023,0x8002,0x8002,0x8002,0x8002,0x8002,0x8002,0x8002,0x8002,0x8002,0x8002,0x8002,0x8023,0x8002,
  0x8002,0x8002,0x8002,0x8002,0x8002,0x8002,0x8002,0x8002,0x8002,0x8022,0x8023,0x854F,0x9656,0x8022,0x8002,0x8002,
  0x8002,0x8002,0x8002,0x8002,0x8002,0x8002,0x8002,0x8002,0x8002,0x8002,0x8002,0x8002,0x8002,0x8002,0x8002,0x8002,
  0x8022,0x8022,0x8442,0x8022,0x8022,0x8022,0x8002,0x8002,0x8002,0x8002,0x8002,0x8002,0x8002,0x8002,0x8002,0x8002,
  0x8002,0x8002,0x8002,0x8002,0x8002,0x8002,0x8002,0x8002,0x8002,0x8002,0x8002,0x8002,0x8002,0x8022,0x8023,0x8023,
  0x8024,0x8045,0x8025,0x8024,0x8023,0x8023,0x8002,0x8002,0x8002,0x8002,0x8002,0x8002,0x8002,0x8002,0x8002,0x8002,
  0x8002,0x8002,0x8002,0x8002,0x8002,0x8002,0x8002,0x8002,0x8002,0x8002,0x8002,0x8002,0x8002,0x8022,0x8022,0x8023,
  0x8003,0x990B,0x8023,0x8023,0x8022,0x8002,0x8002,0x8002,0x8001,0x8002,0x8002,0x8002,0x8002,0x8002,0x8002,0x8001,
  0x8002,0x8001,0x8002,0x8002,0x8002,0x8002,0x8002,0x8002,0x8002,0x8022,0x8023,0xBA10,0xEACD,0xC22E,0x8886,0x8465,
  0x8000,0xB1D0,0x9D2B,0x8001,0x8001,0x8001,0x8486,0x8445,0x8022,0x8002,0x8002,0x8002,0x8002,0x8002,0x8002,0x8022,
  0x8022,0x8022,0x8022,0xFF28,0x8002,0x8022,0x8023,0x8023,0x8002,0x8022,0x8002,0x8002,0x8002,0x8002,0x8002,0x8022,
  0x8002,0x8023,0x8002,0x8022,0x8002,0x8022,0x8002,0x8022,0x8002,0x8002,0x8022,0x8022,0x8422,0x9064,0x8843,0x8422,
  0x8022,0x8022,0x8022,0x8022,0x8022,0x8002,0x8002,0x8022,0x8002,0x8002,0x8002,0x8002,0x8002,0x8002,0x8002,0x8002,
  0x90A4,0x8CC6,0x88C6,0x88C6,0x88C6,0x8486,0x8486,0x8486,0x88C5,0x8087,0x8487,0x8487,0x8087,0x8085,0x84A6,0x84A6,
  0x88E6,0x9126,0x8046,0x8067,0x8066,0x9126,0x9126,0x9547,0x9947,0x88C7,0x8068,0x8068,0x8067,0x8487,0x88C7,0x8067,
  0x8067,0x8067,0x8067,0x8067,0x9547,0x88E8,0x80A8,0x88C7,0x88C8,0x84A8,0x8487,0x9527,0xA567,0x88C8,0x90E7,0x9906,
  0xA106,0xD9A2,0xA0E6,0xFFCE,0xB947,0xB149,0xB589,0xC5C8,0xFFCA,0xD1A4,0xC1A6,0xC5A6,0xC146,0xFFCC,0xBD65,0xA925,
  0xA525,0x9507,0xA907,0x84AA,0x90C9,0xFFE3,0x9D06,0x9925,0x9905,0x9D06,0x94E6,0x9506,0x8CE6,0x9946,0x84A9,0x808A,
  0x8089,0x8D07,0x8088,0x80A9,0x9D87,0x9D67,0xA187,0x808A,0x808A,0x808A,0x808A,0x808A,0x808A,0x808A,0x808A,0x808A,
  0x808A,0x80AA,0x80AA,0x808A,0x808A,0x808A,0x808A,0x808A,0x808A,0x80AB,0x808B,0x80CC,0x808A,0x808A,0x808A,0x808A,
  0x808A,0x808A,0x808A,0x810E,0x8D71,0x95B4,0x80AC,0x80AC,0x80AB,0x80AC,0x80AC,0x808B,0x808B,0x808B,0x808B,0x808B,
  0x808B,0x808B,0x80AB,0x80AB,0x80AB,0x80AB,0x80AB,0x80AB,0x80AB,0x80AB,0x80AB,0x80AC,0x80AC,0x80AC,0x80AD,0x80AC,
  0x80AC,0x80AC,0x80AC,0x80AD,0x80AD,0x80CD,0x80CD,0x80CE,0x80CD,0x80CD,0x80CD,0x80AD,0x80AC,0x80CD,0x80F0,0x80F0,
  0x80CE,0x80CF,0x80CF,0x80CF,0x80CE,0x80CE,0x80CE,0x80CE,0x80CF,0x80CF,0x80CF,0x80CF,0x80AE,0x80EE,0x8952,0x80CE,
  0x80AD,0x9172,0x99B3,0x80CD,0x9593,0x9DF5,0x99D5,0xB278,0xCF1A,0xBEB9,0xCEF9,0xC6F9,0xBAB7,0x84F0,0x80CF,0x80CF,
  0x80CE,0x80CE,0x80CF,0xB6B8,0xAE56,0xAE56,0xC6F9,0xCF1A,0x99F4,0xCAF9,0xA637,0xB699,0xB299,0xD339,0xC2F9,0xC6F7,
  0x8113,0x8133,0x8152,0xB296,0x99F5,0x89B6,0x8DD5,0x9E12,0x9E11,0x8197,0x9A34,0x9A33,0x9A13,0x8DF6,0x9A16,0xAE70,
  0xAE92,0xAA72,0xA654,0x8A1B,0x861D,0xDB9E,0xD35E,0x861E,0xCB3E,0xDB9F,0xDF9F,0xD77F,0xD75E,0xB71F,0xAEFF,0xD37F,
  0xD77F,0xD77F,0xF7FF,0xFBFF,0x9B7F,0x835F,0x82BF,0x823F,0x81DE,0x817B,0x8139,0x8117,0x80F3,0x80CF,0x80F0,0x80AC,
  0x808B,0x808A,0x8046,0x8089,0x8067,0x8046,0x8046,0x8024,0x8046,0x8046,0x8003,0x8023,0x8023,0x8023,0x8089,0x8023,
  0x8023,0x8023,0x8023,0x8023,0x8022,0x8022,0x8022,0x8022,0x8002,0x8002,0x8002,0x8002,0x8003,0x8067,0x8002,0x8002,
  0x8002,0x8002,0x8002,0x8002,0x8002,0x8022,0x8002,0x8002,0x8002,0x8022,0x8002,0x8022,0x8023,0x8022,0x8022,0x8002,
  0x8002,0x8002,0x8002,0x8002,0x8002,0x8002,0x8002,0x8002,0x8002,0x8045,0x8002,0x8002,0x8001,0x8002,0x8002,0x8002,
  0x8002,0x8002,0x8022,0x8002,0x8002,0x8002,0x8002,0x8002,0x8002,0x8002,0x8002,0x8002,0x8002,0x8002,0x8044,0x8002,
  0x8002,0x8002,0x8002,0x8002,0x8002,0x8002,0x8002,0x8002,0x8002,0x8002,0x8002,0x8002,0x8002,0x8022,0x8023,0x8024,
  0x8046,0x8048,0xFBFF,0x8045,0x8044,0x8023,0x8023,0x8002,0x8002,0x8002,0x8002,0x8002,0x8002,0x8002,0x8002,0x8002,
  0x8002,0x8002,0x8002,0x8002,0x8002,0x8002,0x8002,0x8002,0x8002,0x8002,0x8002,0x8002,0x8002,0x8002,0x8022,0x8022,
  0x8001,0x992D,0x8022,0x8002,0x8002,0x8002,0x8002,0x8002,0x8001,0x8002,0x8002,0x8002,0x8002,0x8002,0x8001,0x8002,
  0x8001,0x8001,0x8002,0x8002,0x8022,0x8022,0x8002,0x8002,0x8002,0x8022,0x8022,0x8001,0xB5CD,0x8067,0x8002,0x8000,
  0x8000,0xB1D0,0x8CC9,0x8001,0xA060,0xFF22,0x8CA8,0x8CA8,0x8022,0x8022,0x8002,0x8002,0x8002,0x8002,0x8002,0x8022,
  0x8023,0x8022,0x8022,0xE20A,0x8002,0x8022,0x8022,0x8022,0x8022,0x8022,0x8002,0x8002,0x8002,0x8002,0x8023,0x8023,
  0x8022,0x8023,0x8023,0x8023,0x8022,0x8022,0x8002,0x8022,0x8022,0x8022,0x8422,0x8821,0x8C41,0xBCE1,0x9021,0x8821,
  0x8422,0x8422,0x8022,0x8022,0x8002,0x8002,0x8002,0x8002,0x8002,0x8002,0x8002,0x8002,0x8002,0x8002,0x8002,0x8002,
  0x94C6,0x8CC6,0x8CC6,0x8CC6,0x88C6,0x8CC6,0x98C4,0x94C4,0x84A5,0x8487,0x8487,0x8487,0x84C7,0x8CE6,0x84A6,0x84A6,
  0x9126,0x8065,0x8046,0x8067,0x8067,0x8046,0x8087,0x8CE6,0x9547,0x8067,0x8067,0x8067,0x88C6,0x88E6,0x8D07,0x84C8,
  0x8067,0x84C7,0x8067,0x8068,0x8907,0x88C8,0x84C8,0x88E8,0x88C8,0x84C8,0x88C6,0x88E7,0x9928,0x88C9,0x8CE7,0x9507,
  0x90E7,0x94E6,0x9D06,0xAD26,0xD585,0xE604,0xC1A7,0xEE03,0xFF88,0xFF67,0xFEE5,0xC566,0xC586,0xD185,0xA967,0x9D26,
  0x9D26,0x8069,0x80AB,0x84CC,0x84CB,0x8486,0x84EC,0x8D0A,0x9927,0xFB29,0xA0E6,0x9D05,0x9505,0x88E7,0x8CE7,0x88E7,
  0x9128,0x9967,0x9947,0x9947,0x9D87,0x9D87,0x9DA7,0x8D29,0x808B,0x808A,0x808A,0x808A,0x808A,0x808A,0x8089,0x808A,
  0x808A,0x808A,0x808A,0x808A,0x808A,0x808A,0x808A,0x808A,0x808A,0x808A,0x808A,0x808A,0x808A,0x80AB,0x80AB,0x80AB,
  0x9217,0x808B,0x808A,0x8069,0x99D4,0x8D50,0x80AB,0x808A,0x808A,0x99B4,0xA616,0x9171,0x808B,0x808B,0x808B,0x808B,
  0x808B,0x808B,0x808B,0x80AB,0x80AB,0x80AB,0x80AB,0x80AB,0x80AB,0x80AC,0x80AC,0x80AC,0x80AC,0x80AC,0x80AC,0x80AC,
  0x80AC,0x80AC,0x80AC,0x80AC,0x80AC,0x80CD,0x80CD,0x80CD,0x80AD,0x80CE,0x80F0,0x80AC,0x80AC,0xB299,0x80CF,0x80CF,
  0x80CE,0x80CE,0x80CF,0x80CE,0x80CE,0x80CF,0x80CE,0x80CE,0x80CF,0x80CF,0x80CE,0x80CE,0x80CE,0x80CE,0x80CE,0x80CF,
  0x80CE,0x80AC,0x80CD,0x8931,0x9DD5,0x8952,0x8D74,0xA616,0xB277,0xA1F6,0xB656,0xCAF9,0xAE76,0xBED9,0xA215,0x8951,
  0x8930,0x80EF,0x80CE,0x80CE,0x9593,0x8530,0x80EF,0xC6F9,0xC2F9,0x80AE,0xA657,0xB298,0xB298,0xCF3A,0xCF39,0xCB19,
  0xD35A,0xD35A,0x8173,0x8155,0x8576,0x8996,0x89B6,0x8DD6,0x9E11,0xA231,0x9614,0x8DF5,0x9616,0x8DF7,0x8E18,0x9218,
  0xAE71,0xAE72,0xAE72,0xAE93,0xA276,0x8A3B,0xD77D,0x9E7C,0xAADE,0xBAFE,0xDB9F,0xDB9F,0xB71F,0xCB5F,0xAEFF,0xB31F,
  0xC73F,0xD79F,0xD79F,0xDB9F,0xF3BF,0xD3DF,0x87BF,0x835F,0x82DF,0x821F,0x81DE,0x815A,0x8138,0x8158,0x80D0,0x80AD,
  0x80CD,0x808B,0x8089,0x80CD,0x8068,0x8067,0x8067,0x8046,0x8046,0x8003,0x8046,0x8045,0x8023,0x8023,0x8023,0x8023,
  0x8023,0x8023,0x8023,0x8023,0x8023,0x8023,0x8023,0x8022,0x8002,0x8002,0x8002,0x8002,0x8002,0x8002,0x8002,0x8002,
  0x8002,0x8022,0x8002,0x8002,0x8002,0x8002,0x8002,0x8002,0x8002,0x8022,0x8002,0x8022,0x8002,0x8002,0x8002,0x8002,
  0x8002,0x8002,0x8002,0x8002,0x8002,0x8002,0x8002,0x8022,0x8002,0x8022,0x8002,0x8002,0x8002,0x8002,0x8002,0x8002,
  0x8002,0x8002,0x8023,0x8002,0x8002,0x8002,0x8002,0x8002,0x8002,0x8002,0x8002,0x8002,0x8002,0x8002,0x8002,0x8002,
  0x8002,0x8002,0x8002,0x8002,0x8002,0x8002,0x8002,0x8002,0x8022,0x8002,0x8002,0x8002,0x8002,0x8002,0x8002,0x8023,
  0x8023,0x8045,0x8066,0x8024,0x8023,0x8023,0x8022,0x8022,0x8002,0x8002,0x8002,0x8002,0x8002,0x8002,0x8002,0x8002,
  0x8002,0x8002,0x8002,0x8002,0x8002,0x8002,0x8002,0x8002,0x8002,0x8002,0x8002,0x8002,0x8002,0x8002,0x8002,0x8002,
  0x8002,0x8023,0x8002,0x8002,0x8002,0x8002,0x8002,0x8002,0x8002,0x8002,0x8002,0x8002,0x8002,0x8002,0x8002,0x8002,
  0x8002,0x8002,0x8002,0x8002,0x8022,0x8022,0x8022,0x8022,0x8022,0x8023,0x8023,0x8023,0xBE53,0xBE0F,0x8023,0x8000,
  0x8000,0xC232,0x9D2C,0x8044,0x8002,0x8001,0x88A7,0x8CA8,0x8002,0x8002,0x8022,0x8002,0x8022,0x8002,0x8023,0x8023,
  0x8022,0x8023,0x8022,0x910E,0x8022,0x8022,0x8023,0x8022,0x8022,0x8022,0x8002,0x8002,0x8002,0x8022,0x8023,0x8023,
  0x8023,0x8044,0x8023,0x8023,0x8023,0x8023,0x8022,0x8022,0x8022,0x8422,0x8442,0x8C41,0xC8E0,0xC8C0,0xB880,0xA880,
  0x8842,0x8442,0x8022,0x8022,0x8002,0x8002,0x8002,0x8002,0x8002,0x8002,0x8002,0x8002,0x8002,0x8002,0x8002,0x8002,
  0xA924,0x9CE5,0x98E5,0x88C5,0x8CC5,0x8CC5,0x8CC4,0x8CA5,0x88C5,0x8086,0x8066,0x84A7,0x8087,0x84A6,0x84A6,0x9125,
  0x9126,0x9126,0x8046,0x8067,0x8067,0x8067,0x8067,0x8067,0x8046,0x8067,0x8067,0x8068,0x8D07,0x84A6,0x84C7,0x8D07,
  0x8089,0x8088,0x8CE7,0x88E7,0x88E6,0x88A7,0x84A8,0x84C8,0x8487,0x88E7,0x8CE7,0x8CE7,0x88E7,0x88C8,0x88E7,0x9507,
  0x9507,0x88C7,0x88A7,0xA948,0xAD48,0xA926,0xC587,0xFF68,0xFFFD,0xFFFF,0xE1C4,0xCDC5,0xB965,0xB966,0x8D08,0xAD86,
  0xA547,0x84CB,0x80AB,0x808B,0x8045,0x8023,0x80AD,0x80CD,0x84ED,0x90C9,0xFF43,0xC143,0x94E6,0x88E8,0x84E9,0x84E9,
  0x84E9,0xA187,0x8CE8,0x9108,0x88C7,0x9D87,0x8D27,0x9DA7,0x808B,0x808A,0x808A,0x808A,0x808A,0x808A,0x8089,0x808A,
  0x808A,0x808A,0x808A,0x808A,0x808A,0x80AA,0x808A,0x808A,0x808A,0x808A,0x808A,0x808A,0x808A,0x80AB,0x80AB,0x80AB,
  0x808A,0x8130,0x8089,0x8068,0x8089,0x99B3,0x914F,0x9171,0x8069,0xA1F4,0xA615,0x8089,0x9192,0x80AC,0x80AC,0x80AB,
  0x808B,0x808B,0x808B,0x808B,0x808B,0x80AB,0x80AC,0x80AB,0x80AB,0x80AC,0x80AC,0x80AC,0x80AB,0x80AB,0x80AC,0x80AC,
  0x80AC,0x80AC,0x80AC,0x80AC,0x80AC,0x80AC,0x80AC,0x80AC,0x80AC,0x80AD,0x80AD,0x80AD,0x80CD,0x80CE,0xAA37,0x80EE,
  0x80CD,0x80AD,0x80AD,0x80CE,0x80CE,0x80CF,0x80CF,0x80CF,0x80CE,0x80CE,0x80CE,0x80CE,0x80CE,0x80CE,0x80CE,0x80CE,
  0x80CD,0x80AD,0x80AD,0x8952,0x80EF,0x99B4,0x80CF,0x9593,0x9DD4,0x95B5,0x99D5,0x9DF5,0xBAB8,0xAE57,0x8551,0x8110,
  0xA636,0xAA36,0x80CF,0x80EF,0x80F0,0x8531,0x8552,0x8553,0x8111,0x80F0,0x80F0,0xAE78,0x8995,0xBAB8,0xCF3A,0xD75B,
  0xDB7B,0xCB18,0xCF38,0x8576,0x8155,0x8555,0x89B6,0x89B6,0x8DB5,0x89B5,0x8596,0x81B7,0x81B7,0x89F8,0x8A18,0x8E18,
  0x9237,0x9236,0x8E16,0xAA52,0xB271,0x9A76,0x8A3B,0x8A3B,0x9A9E,0xB6DE,0xB2BD,0xCF5E,0xBAFE,0xC33E,0xD35E,0xC33E,
  0xBF3F,0xCB5F,0xD79F,0xD77F,0xD37F,0xE7DF,0xEFDF,0x975F,0x8F3F,0x82FF,0x827F,0x81BD,0x815B,0x815A,0x8138,0x80F3,
  0x80F2,0x80AE,0x80CE,0x80AC,0x808A,0x8067,0x80CC,0x8046,0x8046,0x8046,0x8046,0x8046,0x8045,0x8023,0x8023,0x8023,
  0x8023,0x8044,0x8023,0x8023,0x8023,0x8023,0x8023,0x8022,0x8022,0x8002,0x8002,0x8002,0x8002,0x8045,0x8002,0x8002,
  0x8002,0x8002,0x8002,0x8002,0x8002,0x8002,0x8002,0x8002,0x8002,0x8002,0x8002,0x8002,0x8002,0x8002,0x8002,0x8002,
  0x8002,0x8002,0x8002,0x8002,0x8022,0x8002,0x8002,0x8002,0x8002,0x8022,0x8002,0x8002,0x8002,0x8002,0x8002,0x8002,
  0x8002,0x8002,0x8002,0x8002,0x8002,0x8002,0x8002,0x8002,0x8002,0x8002,0x8002,0x8002,0x8002,0x8002,0x8002,0x8002,
  0x8002,0x8002,0x8002,0x8002,0x8002,0x8002,0x8002,0x8002,0x8002,0x8002,0x8002,0x8002,0x8022,0x8002,0x8002,0x8023,
  0x8023,0x8023,0x8045,0x8023,0x8023,0x8022,0x8022,0x8002,0x8002,0x8002,0x8022,0x8002,0x8044,0x8002,0x8002,0x8002,
  0x8002,0x8002,0x8002,0x8002,0x8002,0x8002,0x8002,0x8002,0x8002,0x8002,0x8002,0x8002,0x8002,0x8002,0x8002,0x8002,
  0x8002,0x8002,0x8002,0x8002,0x8002,0x8002,0x8002,0x8002,0x8002,0x8002,0x8002,0x8002,0x8002,0x8002,0x8022,0x8002,
  0x8002,0x8001,0x8002,0x8002,0x8002,0x8002,0x8002,0x8002,0x8002,0x8023,0x8023,0x8024,0xAA13,0x8001,0x8022,0x8022,
  0x8001,0xD694,0xA98E,0x8067,0x8023,0x8022,0x8886,0x8CA8,0x8002,0x8022,0x8022,0x8022,0x8002,0x8002,0x8023,0x8023,
  0x8022,0x8443,0x8442,0xA929,0x8422,0x8442,0x8023,0x8023,0x8023,0x8022,0x8022,0x8002,0x8022,0x8022,0x8023,0x8023,
  0x8024,0x8045,0x8044,0x8023,0x8023,0x8023,0x8023,0x8022,0x8022,0x8422,0x8842,0x8C41,0xD500,0xFFFF,0xF2C6,0xB8A0,
  0x8842,0x8842,0x8022,0x8022,0x8002,0x8002,0x8022,0x8002,0x8002,0x8002,0x8002,0x8002,0x8002,0x8002,0x8002,0x8002,
  0xC502,0xA925,0xA504,0x94C5,0x94C5,0xD5A2,0xA0A2,0x8CC5,0x88C5,0x88C5,0x88C5,0x88A6,0x8066,0x84C6,0x84A6,0x9126,
  0x9126,0x9126,0x8046,0x8067,0x8067,0x8067,0x8067,0x8067,0x8067,0x8025,0x8067,0x8067,0x8D07,0x8D06,0x8D06,0x8D07,
  0x80A9,0x8CE7,0x8D07,0x8CE7,0x88E6,0x88C8,0x8045,0x8486,0x8066,0x8088,0x8CE7,0x8D07,0x8CE7,0x88E8,0x8067,0x88C7,
  0x84A6,0x8CC7,0x8CE8,0x9D28,0xA947,0xAD47,0xC965,0xFA23,0xFF6F,0xFF05,0xDDC4,0xC164,0xB965,0xB166,0x9548,0xA986,
  0x84CB,0x80AC,0x80AC,0x80AB,0x808B,0x80AB,0x80AB,0x80AD,0x80CC,0x80CC,0x84AC,0xD5A5,0xCDE6,0x84EA,0x84EA,0x80EA,
  0x88E9,0xA146,0x84A8,0x84A8,0xA167,0x8CE8,0x8089,0x808A,0x808B,0x808A,0x808A,0x808A,0x808A,0x808A,0x808A,0x808A,
  0x808A,0x808A,0x808A,0x808A,0x808A,0x808A,0x808A,0x80AA,0x808A,0x808A,0x808A,0x808A,0x808A,0x808A,0x80AA,0x80AB,
  0x808A,0x808A,0x8069,0x80AB,0x84CC,0x9572,0x99B3,0x9172,0x890E,0xA5F4,0xA1F4,0x9991,0x8D51,0x80AC,0x80AC,0x80CD,
  0x80AC,0x808B,0x808B,0x808B,0x808B,0x808B,0x808B,0x808B,0x808B,0x80AB,0x80AB,0x80AB,0x80AC,0x80AC,0x80AC,0x80AC,
  0x80AC,0x80AC,0x80AC,0x80AC,0x80AC,0x80AC,0x80AC,0x80AC,0x80AC,0x80AD,0x80AD,0x80CD,0x80EF,0x80AE,0x8931,0x99B4,
  0xA616,0x80AD,0x80AD,0x80CD,0x80CE,0x80CE,0x80CE,0x80CE,0x80CE,0x80AE,0x80CD,0x80CE,0x80CE,0x80CE,0x80EF,0x80EF,
  0x80CE,0x80CE,0x80CE,0x80CE,0x80EF,0x850F,0x80AC,0x80CE,0x8D73,0x95B4,0x8511,0x8D73,0xA214,0xAA36,0xA215,0x99B4,
  0xA215,0x99D4,0x80F0,0x80CF,0x80CF,0x80CF,0x80F0,0x80F1,0xA657,0x80CE,0x80F0,0xB277,0x99D5,0x95D5,0xC2F8,0xD75A,
  0xDB7A,0x9216,0x95D5,0xC718,0x8993,0x8573,0x8994,0x89B5,0x89B5,0x89B5,0x8595,0x85B4,0xA231,0xAA53,0x9615,0x8E17,
  0x8E18,0x9217,0x8E17,0x9E33,0xAE6F,0xAA91,0x8A3A,0x8E39,0x8A1A,0x85DB,0xAABD,0xBEFE,0xC31E,0xBF1E,0xC33F,0xD75E,
  0xA6BD,0xB2DE,0xB2DE,0xD37F,0xD37F,0xD37F,0xD37F,0xE3DF,0xDBDF,0x833F,0x833F,0x833F,0x81DE,0x81BD,0x817C,0x8137,
  0x8137,0x80D2,0x80D1,0x80CF,0x80AC,0x80AB,0x80AB,0x8046,0x80AA,0x8046,0x8046,0x8045,0x8066,0x8046,0x8023,0x8045,
  0x8023,0x8023,0x8024,0x8045,0x8023,0x8023,0x8023,0x8023,0x8022,0x8002,0x8002,0x8002,0x8002,0x8002,0x8002,0x8002,
  0x8002,0x8002,0x8002,0x8002,0x8002,0x8002,0x8002,0x8002,0x8002,0x8002,0x8002,0x8002,0x8002,0x8002,0x8002,0x8002,
  0x8002,0x8002,0x8002,0x8022,0x8002,0x8002,0x8002,0x8022,0x8002,0x8002,0x8002,0x8002,0x8002,0x8002,0x8002,0x8002,
  0x8002,0x8002,0x8022,0x8002,0x8002,0x8002,0x8002,0x8002,0x8002,0x8002,0x8045,0x8002,0x8002,0x8002,0x8002,0x8002,
  0x8002,0x8002,0x8002,0x8002,0x8002,0x8022,0x8002,0x8022,0x8002,0x8002,0x8002,0x8002,0x8002,0x8002,0x8002,0x8002,
  0x8023,0x8023,0x8024,0x8023,0x8022,0x8002,0x8002,0x8002,0x8002,0x8002,0x8002,0x8002,0x8002,0x8002,0x8025,0x8002,
  0x8024,0x8024,0x8002,0x8002,0x8002,0x8002,0x8002,0x8002,0x8002,0x8002,0x8002,0x8002,0x8002,0x8002,0x8002,0x8002,
  0x8002,0x8002,0x8002,0x8002,0x8002,0x8002,0x8002,0x8002,0x8002,0x8002,0x8002,0x8002,0x8002,0x8002,0x8002,0x8002,
  0x8001,0x81B6,0x8002,0x8002,0x8002,0x8002,0x8002,0x8002,0x8002,0x8002,0x8022,0x8443,0xD250,0xB1D0,0x8044,0x8023,
  0x8001,0xB5F3,0x88A9,0x8067,0x8023,0x8023,0x90C9,0x8CA7,0x8002,0x8002,0x8002,0x8022,0x8002,0x8022,0x8022,0x8022,
  0x8422,0x8842,0x8842,0xD121,0x8C42,0x8C42,0x8442,0x8023,0x8023,0x8023,0x8002,0x8002,0x8023,0x8023,0x8023,0x8044,
  0x8045,0xBA98,0x8004,0x8044,0x8023,0x8023,0x8022,0x8022,0x8022,0x8422,0x8422,0x9042,0xA061,0xDD20,0xD0E0,0xB0A0,
  0x8842,0x8442,0x8022,0x8022,0x8002,0x8002,0x8002,0x8002,0x8002,0x8022,0x8002,0x8002,0x8002,0x8002,0x8002,0x8002,
  0xE202,0xB124,0xB124,0xAD25,0xB544,0xA0E4,0xD9C3,0xD161,0x88C5,0x88A5,0x88A5,0x88A5,0x8CC5,0x84A6,0x8CE6,0x9526,
  0x9107,0x8D06,0x8065,0x80A7,0x8067,0x8067,0x8047,0x8067,0x8067,0x8067,0x8067,0x8068,0x8067,0x8D06,0x8CE6,0x8CE7,
  0x9107,0x8D07,0x8D07,0x8088,0x8047,0x8D07,0x8CE7,0x8CE6,0x8066,0x8487,0x9107,0x9107,0x9107,0x8D07,0x9106,0x9106,
  0x94E7,0xA125,0xA526,0xAD46,0xD163,0xBD66,0xE206,0xA927,0xD5A4,0xDDE4,0xA926,0xFF85,0xB944,0xA946,0x9926,0x84A7,
  0x80AB,0x80AB,0x8089,0x80AC,0x80AD,0x80AD,0x80AC,0x80AB,0x8089,0x80AB,0x808A,0x80CE,0x80EF,0xA12C,0xA946,0xAD66,
  0xA147,0x8CE6,0x88C7,0x8088,0x80A9,0x9128,0x808A,0x808A,0x808A,0x808A,0x808A,0x808A,0x8089,0x8089,0x808A,0x8089,
  0x808A,0x808A,0x8089,0x808A,0x808A,0x808A,0x80CC,0x80EE,0x80EC,0x9928,0x80A9,0x808A,0x808A,0x808A,0x808A,0x808A,
  0x808A,0x808A,0x808A,0x808A,0x8089,0x8068,0x808A,0x9592,0x9592,0xAA15,0xA615,0xA1F4,0xA1D4,0xAA14,0x808A,0x80AB,
  0x8110,0x80CD,0x808B,0x808B,0x808B,0x808B,0x808B,0x808B,0x80AB,0x80AB,0x80AB,0x80AB,0x80AC,0x80AC,0x80AC,0x80AC,
  0x80AC,0x80AC,0x80AC,0x80AC,0x80AC,0x80AC,0x80AC,0x80AD,0x80AD,0x80AD,0x80AD,0x80AD,0x80AD,0x80AD,0x80CE,0x810F,
  0xAE78,0x84EF,0x84EE,0xA1F4,0x80AC,0x80AD,0x80AD,0x80CD,0x80CE,0x80CE,0x80CE,0x80CE,0x80CE,0x80CE,0x80CE,0x80CF,
  0x80EF,0x80EF,0x80EF,0x80CF,0x80CE,0x80CE,0x80CE,0x80EF,0x80EF,0x8531,0x80CF,0x9172,0x99B3,0x808D,0xAA36,0x8510,
  0x8531,0x8111,0x8111,0x8110,0x8110,0x80CE,0x80EF,0x80F0,0x8552,0xA214,0x80EF,0xAE56,0xC2D9,0x8111,0x80CF,0xC2D8,
  0xD35A,0xD738,0x85B5,0xB2B8,0x8DD4,0x8D91,0x8991,0x8993,0x8995,0x8995,0x8995,0x8995,0x8DB3,0xB26F,0xA630,0xC73A,
  0xBEDB,0xDB7A,0x8A18,0x81F8,0x85D8,0x85F8,0x8E37,0x9216,0x8E17,0x861A,0x8A1B,0xBF1D,0xBEFD,0xC73E,0xD77F,0xC31E,
  0xD35E,0xBAFE,0xD75E,0xAABE,0xB2DE,0xC75F,0xD37F,0xDB9F,0xDB9F,0xF3DF,0xFBFF,0x877F,0x831F,0x829F,0x823F,0x819D,
  0x81BD,0x815A,0x8116,0x80D1,0x80D0,0x808B,0x808B,0x808A,0x808B,0x8047,0x8067,0x8046,0x8047,0x8045,0x8024,0x8067,
  0x8024,0x8023,0x8023,0x8023,0x8023,0x8023,0x8023,0x8023,0x8023,0x8023,0x8002,0x8002,0x8002,0x8002,0x8002,0x8002,
  0x8002,0x8023,0x8002,0x8002,0x8002,0x8002,0x8002,0x8002,0x8002,0x8002,0x8002,0x8002,0x8002,0x8002,0x8002,0x8002,
  0x8002,0x8002,0x8002,0x8002,0x8002,0x8002,0x8002,0x8002,0x8002,0x8022,0x8002,0x8002,0x8002,0x8002,0x8002,0x8002,
  0x8002,0x8002,0x8002,0x8002,0x8002,0x8002,0x8002,0x8002,0x8002,0x8002,0x8002,0x8002,0x8002,0x8002,0x8002,0x8002,
  0x8022,0x8002,0x8002,0x8002,0x8002,0x8002,0x8022,0x8002,0x8002,0x8002,0x8002,0x8002,0x8002,0x8002,0x8002,0x8002,
  0x8002,0x8022,0x8023,0x8022,0x8002,0x8002,0x8002,0x8002,0x8002,0x8002,0x8002,0x8002,0x8002,0x8002,0x8002,0x8002,
  0x8002,0x8002,0x8002,0x8046,0x8068,0x8002,0x8002,0x8001,0x8002,0x8002,0x8002,0x8002,0x8002,0x8002,0x8002,0x8002,
  0x8022,0x8002,0x8022,0x8002,0x8002,0x8002,0x8002,0x8002,0x8002,0x8002,0x8022,0x8022,0x8022,0x8002,0x8002,0x8002,
  0x8002,0x8023,0x8002,0x8002,0x8002,0x8002,0x8002,0x8002,0x8002,0x8001,0x8000,0x8441,0xDA92,0xB611,0x8066,0x8066,
  0x8002,0xB5F2,0xB1D0,0x8045,0x8001,0x8002,0x88A8,0x8CA8,0x8001,0x8002,0x8002,0x8002,0x8022,0x8022,0x8022,0x8422,
  0x8442,0x9061,0xB460,0xFFA8,0xB060,0xA480,0x8842,0x8423,0x8023,0x8023,0x8002,0x8002,0x8022,0x8023,0x8023,0x8024,
  0x8024,0xA1B0,0x8025,0x8024,0x8023,0x8022,0x8022,0x8002,0x8022,0x8022,0x8423,0x8443,0x8842,0xA8A1,0x9841,0x8842,
  0x8442,0x8422,0x8022,0x8002,0x8002,0x8002,0x8002,0x8022,0x8002,0x8022,0x8002,0x8002,0x8002,0x8002,0x8002,0x8002,
  0xA924,0xF242,0xCD43,0xEE00,0xF221,0xACE3,0xA8E4,0x9CC5,0x8CC5,0x88A5,0x88A5,0x88A5,0x84A5,0x84A5,0x84A5,0x84A5,
  0x8485,0x9106,0x8D06,0x8D06,0x84C6,0x8067,0x8067,0x8067,0x8067,0x8025,0x8046,0x8068,0x8068,0x8D06,0x8D06,0x8067,
  0x8D07,0x8D07,0x8D07,0x9127,0x8D08,0x8D07,0x8D07,0x8D07,0x8CE7,0x9127,0x9107,0x9506,0xB544,0x9528,0x8D07,0x84C8,
  0x84C8,0xA525,0xA525,0xB546,0xEA03,0xBD86,0xA928,0x9D09,0xB965,0xAD66,0xA547,0xA126,0xFA83,0xA946,0x9906,0x90E5,
  0x8068,0x808B,0x80AC,0x808A,0x80AD,0x80AD,0x80AD,0x80AC,0x80AC,0x8068,0x8089,0x80CE,0x80CF,0x80EF,0xD583,0xA546,
  0xA545,0x9906,0x8CE7,0x88C8,0x88E8,0x9D46,0x84A9,0x808B,0x808A,0x808A,0x808A,0x808A,0x8089,0x808A,0x808A,0x808A,
  0x808A,0x808A,0x812E,0x808A,0x808A,0x808A,0x80AB,0x80CE,0x808C,0x9129,0xA9A8,0x80A9,0x8089,0x8089,0x8089,0x808A,
  0x808A,0x808A,0x8089,0x8068,0x8130,0x8089,0x8089,0x8047,0x9592,0x9592,0xAE57,0x9DD4,0x9DD4,0x8D50,0x9171,0x80AC,
  0x80AB,0x808A,0x808B,0x808B,0x808B,0x808B,0x808B,0x808B,0x808B,0x808B,0x808B,0x808B,0x80AB,0x80AB,0x80AC,0x80AC,
  0x80AC,0x80AC,0x80AC,0x80AC,0x80AC,0x80AC,0x80AC,0x80AC,0x80AD,0x80AD,0x80AD,0x80AD,0x80AD,0x808C,0x99F6,0x850F,
  0x84CD,0x9DF5,0x9172,0xAE57,0x80AD,0x80AC,0x808C,0x99B3,0x99D3,0x80CE,0x80AD,0x80AD,0x80CD,0x80AD,0x80CE,0x80CF,
  0x80CE,0x80EF,0x80EF,0x80CF,0x80CF,0x80CF,0x80CF,0x80EF,0x80EF,0x80CF,0x80CE,0x80AD,0x80CD,0x8510,0x80EF,0xA615,
  0x9DF6,0x8532,0x95F7,0x91D6,0x8D94,0x8D93,0x8110,0x8531,0x8993,0x9DF4,0x8130,0x8951,0xAE57,0x80F1,0x8551,0xAA76,
  0xBAD9,0x8994,0x8152,0x8573,0xC2F7,0xB6B5,0x95F0,0x9611,0x89B5,0x8995,0x8995,0x8995,0x8595,0x8533,0x8110,0xAA6F,
  0xAE70,0xC6F5,0xDF7B,0x8617,0x9235,0x9214,0xBEF6,0x9633,0x9214,0x8A18,0x861A,0x81FC,0xCB3C,0xBADD,0xD77E,0xDB7E,
  0x9E7D,0xA6DE,0xCF7E,0xD37F,0xB6FF,0xAEFF,0xB2FF,0xD77F,0xDF9F,0xDB9F,0xE7BF,0xF3FF,0x9BBF,0x835F,0x82DF,0x825F,
  0x81DE,0x819B,0x8138,0x8115,0x8114,0x80CF,0x80CF,0x808B,0x808A,0x8067,0x8089,0x8088,0x8067,0x8046,0x8045,0x8045,
  0x8045,0x8023,0x8023,0x8023,0x8023,0x8023,0x8067,0x8023,0x8023,0x8023,0x8023,0x8023,0x8002,0x8002,0x8002,0x8002,
  0x8002,0x8002,0x8002,0x8002,0x8002,0x8002,0x8002,0x8002,0x8002,0x8002,0x8002,0x8002,0x8002,0x8002,0x8002,0x8002,
  0x8022,0x8002,0x8002,0x8002,0x8002,0x8002,0x8022,0x8022,0x8002,0x8002,0x8002,0x8002,0x8022,0x8022,0x8023,0x8002,
  0x8002,0x8002,0x8002,0x8002,0x8002,0x8002,0x8022,0x8002,0x8002,0x8002,0x8002,0x8002,0x8002,0x8002,0x8022,0x8002,
  0x8002,0x8022,0x8023,0x8002,0x8002,0x8002,0x8002,0x8002,0x8022,0x8002,0x8002,0x8002,0x8002,0x8002,0x8002,0x8002,
  0x8002,0x8002,0x8022,0x8022,0x8002,0x8002,0x8002,0x8002,0x8002,0x8002,0x8002,0x8002,0x8002,0x8002,0x8002,0x8002,
  0x8002,0x8002,0x8002,0x8002,0x8002,0x8002,0x8025,0x808C,0x8024,0x8001,0x8001,0x8001,0x8002,0x8002,0x8002,0x8002,
  0x8002,0x8022,0x8002,0x8002,0x8002,0x8002,0x8002,0x8002,0x8002,0x8002,0x8022,0x8022,0x8002,0x8022,0x8022,0x8002,
  0x8002,0x8002,0x8002,0x8002,0x8022,0x8022,0x8002,0x8022,0x8023,0x8023,0x8022,0x8442,0xE2D5,0xA56D,0x8065,0x8067,
  0x8022,0xBA34,0xBA12,0x8046,0x8021,0x8422,0x8C86,0xA0A2,0x8001,0x8002,0x8022,0x8022,0x8022,0x8023,0x8023,0x8442,
  0x8C62,0x9861,0xE920,0xFFDE,0xD962,0xB080,0x8842,0x8422,0x8023,0x8023,0x8002,0x8002,0x8002,0x8023,0x8023,0x8023,
  0x8044,0x8046,0x8023,0x8023,0x8023,0x8022,0x8022,0x8022,0x8022,0x8022,0x8023,0x8443,0x8442,0xA4A2,0x9862,0x8422,
  0x8022,0x8022,0x8022,0x8022,0x8022,0x8002,0x8002,0x8002,0x8002,0x8002,0x8002,0x8002,0x8002,0x8002,0x8002,0x8002,
  0x8CA4,0xB545,0xFF87,0xFFDE,0xFBD6,0xACE3,0x9CC4,0x94C4,0x90C5,0x8CA5,0x8065,0x8045,0x8CC5,0x84A5,0x84A5,0x84A5,
  0x8CA5,0x9CE4,0x9505,0x8CE5,0x8D06,0x8D06,0x8066,0x8067,0x8067,0x8067,0x8067,0x8046,0x8067,0x8068,0x8087,0x8046,
  0x8046,0x9107,0x9127,0x9107,0x9127,0x9127,0x8088,0x84C9,0x8D07,0x8D06,0x8CE6,0x8CE7,0x8066,0x84C7,0x88C8,0x8088,
  0x80C9,0xA146,0xF6A2,0x94A7,0x94C7,0x9907,0xA127,0x84AA,0xA127,0xA146,0xA146,0x9506,0xA524,0xA0E5,0xC562,0x9D05,
  0x8046,0x8046,0x8068,0x80AD,0x8025,0x8068,0x80AC,0x80AC,0x80AC,0x8046,0x80AC,0x808B,0x80AC,0x80AC,0xE6CD,0xD5A6,
  0xC143,0xA566,0x90E6,0x98E6,0x84C8,0x80C9,0x80A9,0xADA7,0x80AA,0x808A,0x808A,0x80CC,0x80AC,0x80EE,0x808A,0x808A,
  0x80CD,0x80CD,0x80AC,0x9528,0xB586,0x80AB,0x808A,0x80AB,0x84ED,0x912A,0xA188,0xA9A8,0xB166,0x8089,0x808A,0x808A,
  0x808A,0x808A,0x8089,0x8089,0x808A,0x8994,0x80AC,0x80AB,0x8068,0x9DB4,0x9DD3,0x9592,0x80CC,0xA615,0xA615,0xB233,
  0x8089,0x8089,0x808A,0x808A,0x850D,0x808B,0x808B,0x808B,0x808B,0x808B,0x808B,0x808B,0x808B,0x80AB,0x80AB,0x80AB,
  0x80AB,0x80AC,0x80AC,0x80AC,0x80AB,0x80AC,0x80AC,0x80AC,0x80AC,0x80AC,0x80AD,0x80AD,0x80AD,0x80AD,0x80AC,0x99F6,
  0x80AC,0x806A,0x9DD4,0xAA37,0xB698,0x80AD,0x80CD,0x8910,0xBA98,0xBE98,0x80AC,0x80AC,0x80AD,0x80CE,0x80AE,0x80F0,
  0x80CF,0x9173,0x80CE,0x80CD,0x80CE,0x80EF,0x80EF,0x80F0,0x80EF,0x80EF,0x80CF,0x80CE,0x80CE,0x80CF,0x80CF,0x80EF,
  0x80EF,0x80EF,0x80CE,0x8D93,0x80AD,0x8D93,0x8D93,0x91B4,0xA635,0x91B4,0x8DB4,0x80F0,0x80CF,0x80AE,0x80AE,0x80CF,
  0xBADB,0xCF3C,0x8D73,0x8530,0xBED8,0x99F4,0x91D4,0x9A15,0x8595,0x8995,0x8994,0x8995,0x8995,0x8595,0x8175,0x91F3,
  0xA630,0xAA4F,0xBEB5,0xDF5B,0x9E0F,0x9E2F,0xC31C,0xCF3C,0x8E17,0x8E16,0x9636,0xAA97,0x8158,0xAA7B,0xCB3D,0xC71D,
  0xDB7E,0xD75D,0xA29E,0xCB5E,0xD37F,0xD77F,0xCF7F,0xB71F,0xBF3F,0xD77F,0xD77F,0xD79F,0xF3FF,0xEFFF,0x835F,0x831F,
  0x82BF,0x81DE,0x817C,0x817B,0x8137,0x8115,0x8115,0x80AE,0x80AC,0x80AB,0x808B,0x8068,0x8089,0x8067,0x8067,0x8067,
  0x8024,0x8025,0x8045,0x8023,0x8045,0x8023,0x8023,0x8024,0x8023,0x8023,0x8023,0x8023,0x8023,0x8002,0x8002,0x8002,
  0x8002,0x8022,0x8002,0x8002,0x8002,0x8002,0x8002,0x8002,0x8022,0x8002,0x8002,0x8002,0x8002,0x8002,0x8002,0x8002,
  0x8022,0x8023,0x8002,0x8002,0x8044,0x8024,0x8002,0x8002,0x8002,0x8002,0x8002,0x8002,0x8002,0x8002,0x8002,0x8002,
  0x8002,0x8002,0x8022,0x8002,0x8002,0x8002,0x8002,0x8002,0x8002,0x8002,0x8022,0x8002,0x8002,0x8002,0x8002,0x8002,
  0x8002,0x8002,0x8002,0x8022,0x8002,0x8002,0x8002,0x8022,0x8002,0x8002,0x8022,0x8022,0x8002,0x8002,0x8002,0x8002,
  0x8002,0x8002,0x8022,0x8002,0x8002,0x8002,0x8002,0x8002,0x8002,0x8002,0x8002,0x8002,0x8002,0x8002,0x8002,0x8002,
  0x8002,0x8002,0x8002,0x8002,0x8002,0x8002,0x8002,0x8002,0x8002,0x8002,0x80AE,0x80AF,0x8047,0x8048,0x8068,0x8001,
  0x8002,0x8002,0x8002,0x8002,0x8002,0x8002,0x8002,0x8002,0x8002,0x8002,0x8022,0x8022,0x8022,0x8022,0x8002,0x8002,
  0x8002,0x8002,0x8002,0x8002,0x8002,0x8022,0x8023,0x8023,0x8023,0x8024,0x8043,0x8443,0xDAB2,0xBE31,0x8045,0x8045,
  0x8002,0xA9F3,0xB5F0,0x8066,0xB4C0,0xF242,0x8464,0x8444,0x8001,0x8002,0x8022,0x8002,0x8022,0x8023,0x8023,0x8422,
  0x8842,0x9461,0x9841,0xFFC6,0x9C21,0x9861,0x8442,0x8022,0x8022,0x8022,0x8022,0x8022,0x8022,0x8022,0x8023,0x8023,
  0x8022,0x8024,0x8023,0x8022,0x8022,0x8002,0x8022,0x8022,0x8022,0x8022,0x8022,0x8022,0x8022,0xA0C5,0x9463,0x8022,
  0x8022,0x8022,0x8022,0x8002,0x8002,0x8002,0x8002,0x8002,0x8002,0x8002,0x8002,0x8002,0x8002,0x8002,0x8002,0x8002,
  0x90C4,0xAD04,0xF662,0xFB28,0xFEC4,0xDD82,0x98C4,0x94A4,0x94A4,0x88A5,0x88A5,0x88A5,0x88A5,0x84A5,0x84A5,0x88C5,
  0x94A5,0xE9A1,0x8484,0x9D45,0x9106,0x8D06,0x8066,0x8067,0x8067,0x8067,0x8067,0x8046,0x8067,0x8067,0x8045,0x8046,
  0x8486,0x8CE6,0x8065,0x9107,0x8CE6,0x8D07,0x9107,0x8D08,0x9107,0x8D07,0x9106,0x8CE6,0x8086,0x84A7,0x88C6,0x9106,
  0x9106,0x8CE6,0x90E7,0x88A6,0x8CE7,0x90E6,0x94E6,0x84A8,0x8CC7,0x8CC6,0x88C6,0x84C6,0xA125,0xA547,0xA525,0xA544,
  0x8047,0x8046,0x8047,0x8046,0x8046,0x8046,0x8026,0x80AB,0x8069,0x8025,0x8047,0x808B,0x80AC,0x80CE,0x84CD,0xFFA9,
  0xD942,0xB984,0xA946,0xA126,0x84C8,0x80C8,0x9D48,0xB1A7,0x9D68,0x808A,0x80AB,0x80CD,0x808A,0x8069,0x80AD,0x80CE,
  0x80CE,0x80AD,0x80AD,0x808A,0xB187,0x80AB,0x808A,0x80CB,0x8D0B,0x9969,0x9D88,0x9969,0x9109,0x808A,0x808A,0x808A,
  0x808A,0x8089,0x808A,0x808A,0x808B,0x808B,0x80AB,0x808B,0x808B,0x9DD4,0x99B3,0x890E,0x808A,0x8D2F,0x9150,0x84CD,
  0x80AB,0x80AB,0x80AB,0x808B,0x8530,0x808A,0x808B,0x808B,0x808B,0x808B,0x808B,0x808B,0x808B,0x808B,0x808B,0x808B,
  0x808B,0x80AB,0x80AB,0x80AC,0x80AC,0x80AC,0x80AC,0x80AC,0x80AC,0x80AC,0x80AD,0x80AC,0x80AD,0x80AD,0x80AC,0x808C,
  0x808C,0x808C,0x80AC,0x84EE,0xA615,0xA216,0x8D72,0xB278,0xB698,0xB698,0x80CD,0x80CD,0x80CD,0x80AD,0x80AD,0x80AD,
  0x80AD,0x99D4,0xA637,0x80AE,0x80AD,0xAE79,0xAA58,0x80EF,0x80EF,0x80CE,0x80CF,0x80CF,0x80CF,0x80CF,0x80CF,0x80CF,
  0x80EF,0x80CF,0x80CF,0x80CF,0x80CF,0x8510,0x8510,0x9193,0xA1F5,0x91B4,0x8D93,0x80F0,0x8993,0x8972,0x80CF,0x80EF,
  0xAA37,0xC71B,0xC2DA,0xB698,0x8D94,0xD75C,0xD75C,0xC6FA,0x8DB5,0x8994,0x8994,0x8995,0x8995,0x8996,0x8DB6,0x8594,
  0x8995,0x8171,0xC2B4,0xC6F8,0xD339,0xC718,0xCB3C,0xCB3C,0xD35C,0x8A16,0xA255,0xB6B3,0xCAF5,0x8577,0xAE7A,0x8DF8,
  0xA27A,0xD75D,0xD35D,0x9A9E,0xCB5F,0xC73F,0xCF5F,0xCB7F,0xBAFE,0xBF1E,0xCF5F,0xD37F,0xD37F,0xEBDF,0xFBDF,0x8B5F,
  0x877F,0x829F,0x823F,0x81FE,0x817C,0x8138,0x8116,0x80F2,0x80CF,0x80AE,0x80AB,0x80AB,0x80AB,0x8089,0x8067,0x8046,
  0x8046,0x8046,0x8066,0x8045,0x8024,0x8023,0x8024,0x8023,0x8023,0x8003,0x8023,0x8023,0x8023,0x8022,0x8002,0x8002,
  0x8002,0x8002,0x8002,0x8002,0x8002,0x8002,0x8002,0x8002,0x8022,0x8023,0x8002,0x8002,0x8002,0x8002,0x8002,0x8002,
  0x8002,0x8022,0x8022,0x8002,0x8023,0x8046,0x8002,0x8002,0x8002,0x8002,0x8002,0x8002,0x8002,0x8002,0x8002,0x8002,
  0x8002,0x8002,0x8002,0x8002,0x8002,0x8002,0x8002,0x8002,0x8002,0x8022,0x8002,0x8002,0x8002,0x8002,0x8002,0x8002,
  0x8002,0x8002,0x8002,0x8002,0x8002,0x8003,0x8002,0x8002,0x8002,0x8002,0x8002,0x8002,0x8002,0x8002,0x8002,0x8002,
  0x8002,0x8002,0x8002,0x8002,0x8002,0x8002,0x8002,0x8022,0x8047,0x8087,0x8002,0x8002,0x8002,0x8002,0x8002,0x8002,
  0x8002,0x8002,0x8002,0x8002,0x8002,0x8002,0x8002,0x8002,0x8002,0x8002,0x8001,0x8001,0x8002,0x8113,0x80F2,0x8068,
  0x8068,0x8001,0x8001,0x8002,0x8002,0x8002,0x8002,0x8002,0x8002,0x8002,0x8002,0x8022,0x8002,0x8002,0x8002,0x8002,
  0x8002,0x8022,0x8002,0x8002,0x8022,0x8023,0x8023,0x8023,0x8023,0x8023,0x8023,0x8863,0xE26E,0xB9F0,0x8043,0x8043,
  0x8002,0xFF94,0xA56D,0x8045,0x8021,0x8000,0x8886,0x8885,0x8001,0x8002,0x8022,0x8022,0x8022,0x8022,0x8022,0x8022,
  0x8422,0x8C42,0x9062,0xC0C0,0x8C42,0x8842,0x8422,0x8022,0x8023,0x8022,0x8022,0x8022,0x8023,0x8022,0x8022,0x8022,
  0x8023,0x8023,0x8023,0x8022,0x8022,0x8022,0x8002,0x8002,0x8022,0x8022,0x8022,0x8022,0x8002,0x8487,0x8044,0x8022,
  0x8022,0x8022,0x8002,0x8002,0x8002,0x8002,0x8002,0x8002,0x8022,0x8022,0x8022,0x8022,0x8001,0x8002,0x8002,0x8002,
  0xA0E4,0xB503,0xBD03,0xA8E4,0xA0E5,0xA0E4,0x9CE4,0x94C4,0x94C4,0x88A5,0x88C5,0x88C5,0xAD23,0x88A5,0x8CA4,0x94C4,
  0xB942,0x84A6,0x84A4,0x8CE5,0x8CE6,0x8046,0x8067,0x8067,0x8067,0x8067,0x8067,0x8047,0x8066,0x8067,0x8067,0x8046,
  0x8047,0x88C7,0x8067,0x8046,0x9127,0x8D07,0x8D07,0x8CE7,0x9127,0x9127,0x8026,0x8046,0x8067,0x8067,0x8087,0x8CE7,
  0x8088,0x80A8,0x8CC6,0x90E6,0x8CE6,0x8CE5,0x84A5,0x88A7,0x8CC7,0x88C6,0x88C6,0x88C6,0x8CE7,0x9528,0xB165,0xA146,
  0xA565,0x8485,0x8068,0x808A,0x8026,0x8045,0x8046,0x80CC,0x8046,0x8024,0x8045,0x8025,0x8024,0x808B,0x80AC,0xBD24,
  0xFFDC,0xC584,0xF2E7,0xFF88,0x9509,0x8D09,0x9928,0x9D67,0xA985,0x9149,0x80AB,0x808A,0xB1A6,0x88C8,0x808A,0x80AD,
  0x850B,0xA9A8,0x808B,0x80AA,0xA546,0x8D28,0x892A,0x890B,0xB585,0x9D48,0x9968,0x9148,0x9948,0x9928,0x80AB,0x808A,
  0x808A,0x808A,0x808A,0x808A,0x808A,0x808A,0x808A,0x808A,0x808A,0x99B3,0x9DD3,0x806A,0x808A,0x808A,0x808A,0x80AB,
  0x80AC,0x80AC,0x80AB,0x80AB,0x80ED,0x808B,0x80AB,0x808B,0x808B,0x808B,0x808B,0x808B,0x808A,0x808B,0x808B,0x808B,
  0x808B,0x80AB,0x80AB,0x80AB,0x80AB,0x80AB,0x80AB,0x80AC,0x80AC,0x80AC,0x80AC,0x80AC,0x80AC,0x80AC,0x80AD,0x80AD,
  0x80AC,0x808B,0x808B,0x80AC,0x84CD,0xAA57,0xAE77,0xAE78,0xAA36,0xAE57,0xAE36,0x890F,0x80AD,0x80AD,0x80AD,0x80AD,
  0x80AC,0x80AD,0x9593,0x95B4,0x80F0,0xAE79,0x9E16,0x9DD4,0xA636,0x80CE,0x80CF,0x80EF,0x80CF,0x80EF,0x80CF,0x80CF,
  0x80EF,0x80CF,0x80CF,0x80CF,0x80F0,0x80EF,0x8111,0x9194,0x9194,0x9194,0x80CF,0x8973,0x8973,0x8573,0x8573,0x91B4,
  0x8111,0x80EF,0x8131,0x99F5,0x8994,0xB698,0xBAD9,0x8173,0xC6FA,0x91B4,0x8995,0x8995,0x8995,0x8995,0x8995,0x99D4,
  0xCEF8,0x89D4,0xCAF6,0xC6F9,0xCB19,0xCB1A,0xCB3C,0xCF3C,0xCF3B,0xD75B,0xDB5B,0xA253,0xBAD5,0xD339,0x8197,0x89F6,
  0x8E17,0xBAB9,0xCF3D,0xCF3D,0xD35E,0xD37F,0xAABE,0xD77F,0xD35E,0xAEDE,0xAADF,0xC73F,0xD37F,0xD37F,0xE3BF,0xF3BF,
  0xDFBF,0x873F,0x82FF,0x827F,0x81DE,0x81FE,0x8139,0x8116,0x8115,0x80F2,0x808C,0x80AC,0x80AB,0x80AB,0x80A9,0x8067,
  0x8067,0x8067,0x8066,0x8024,0x8067,0x8024,0x8024,0x8023,0x8023,0x8023,0x8023,0x8023,0x8023,0x8023,0x8023,0x8022,
  0x8002,0x8002,0x8002,0x8002,0x8089,0x8023,0x8023,0x8023,0x8002,0x8002,0x8002,0x8002,0x8002,0x8002,0x8002,0x8002,
  0x8002,0x8023,0x8023,0x8002,0x8022,0x8022,0x8023,0x8023,0x8002,0x8002,0x8002,0x8002,0x8002,0x8002,0x8002,0x8002,
  0x8002,0x8002,0x8002,0x8002,0x8022,0x8022,0x8022,0x8002,0x8022,0x8022,0x8022,0x8002,0x8002,0x8002,0x8002,0x8002,
  0x8002,0x8002,0x8002,0x8002,0x8002,0x8002,0x8002,0x8002,0x8002,0x8002,0x8002,0x8002,0x8002,0x8002,0x8002,0x8002,
  0x8002,0x8002,0x8002,0x8022,0x8002,0x8002,0x8002,0x8002,0x8002,0x8002,0x8022,0x8002,0x8002,0x8002,0x8002,0x8002,
  0x8002,0x8002,0x8002,0x8002,0x8002,0x8002,0x8002,0x8002,0x8002,0x8002,0x8002,0x8002,0x8002,0x8002,0x8001,0x8047,
  0x80AF,0x80D1,0x80D2,0x80F2,0x8024,0x8024,0x8023,0x8002,0x8002,0x8002,0x8002,0x8002,0x8002,0x8002,0x8002,0x8002,
  0x8002,0x8022,0x8022,0x8022,0x8023,0x8023,0x8023,0x8023,0x8023,0x8023,0x8022,0x8022,0xB5D0,0xA18F,0x8044,0x8045,
  0x8023,0xA1B1,0xADAF,0x8045,0x8001,0x8001,0xB169,0x88C7,0x8022,0x8023,0x8023,0x8023,0x8022,0x8022,0x8023,0x8023,
  0x8023,0x8443,0x8443,0xB0C2,0x8022,0x8422,0x8022,0x8022,0x8023,0x8022,0x8022,0x8022,0x8022,0x8022,0x8022,0x8022,
  0x8022,0x8023,0x8023,0x8022,0x8022,0x8022,0x8002,0x8002,0x8002,0x8002,0x8022,0x8002,0x8002,0x8001,0x8002,0x8022,
  0x8022,0x8022,0x8022,0x8002,0x8002,0x8002,0x8022,0x8002,0x8022,0x8002,0x8022,0x8022,0x80ED,0x8002,0x8022,0x8002,
  0xA904,0xE1C2,0xC122,0x98C4,0x98C4,0x94C4,0x90A5,0x8065,0x90C5,0x8CC5,0x88A5,0x88A5,0x88A5,0x90A4,0x8484,0x84A4,
  0x8045,0x8065,0x8024,0x88C6,0x8044,0x8024,0x8067,0x8067,0x8067,0x8024,0x8067,0x8047,0x8046,0x8067,0x8067,0x8067,
  0x8068,0x80AB,0x8046,0x8025,0x8D07,0x9148,0x9127,0x9127,0x9127,0x8086,0x8046,0x8024,0x8067,0x8067,0x8067,0x8046,
  0x808A,0x8089,0x8089,0x8067,0x8D06,0x8CE6,0x9106,0x84C7,0x8046,0x88E6,0x88E6,0x88E7,0x88E7,0x9528,0x9D26,0x9127,
  0x9127,0x9527,0x9527,0x84A8,0x8C85,0xB143,0x8024,0x8045,0x8068,0x8045,0x8045,0x8025,0x8045,0x80CE,0x80EF,0xE161,
  0xCD43,0x912E,0x80F0,0x80CD,0x88ED,0xA0E7,0xD185,0xD1E5,0xA924,0x90E6,0xA968,0xA988,0xADA8,0xA569,0x80A8,0x9D8A,
  0x996A,0x892B,0x80CD,0x954A,0x9D48,0x9927,0x8CE7,0xAD86,0xA9A7,0xA1A8,0x8908,0x808A,0x80AA,0x84C9,0x80CB,0x808A,
  0x808A,0x808A,0x808A,0x808A,0x808A,0x808A,0x8089,0x808A,0x80EE,0x8069,0x8069,0xA1F4,0x8049,0x80AB,0x99B4,0x808B,
  0x808B,0x8130,0x808A,0x808B,0x80AB,0x91B2,0x8D4F,0x808B,0x808B,0x808B,0x808B,0x808A,0x808A,0x808A,0x80AB,0x808A,
  0x808B,0x808B,0x808B,0x80AC,0x808B,0x80AB,0x80AB,0x80AB,0x80AC,0x808B,0x80AC,0x80AC,0x80AC,0x80AC,0x80AC,0x80AC,
  0x80CD,0x80AD,0x80CD,0x9594,0x80CD,0x9192,0x9DD4,0xB698,0xA616,0xAA36,0xA1F5,0x890F,0x808B,0x80AC,0x80AC,0x892F,
  0x80EE,0x80CE,0x80AD,0xA616,0x8D51,0xA636,0xA215,0x80EE,0xAE36,0x80CF,0x9593,0x80CF,0x80F0,0x80CF,0x80CF,0x80CF,
  0x80CF,0x80CE,0x80CF,0x80EF,0x80F0,0x80F0,0x8995,0x8111,0x8D94,0x8D73,0x8973,0x8952,0x8952,0x8973,0x8973,0x91B5,
  0x8532,0x8111,0x8530,0x80EF,0x8994,0x8994,0x91D5,0x8574,0xC2D9,0xB278,0x89B5,0x8995,0x8995,0x8995,0x8994,0x8574,
  0xC6F8,0xFFFB,0x8155,0x8175,0x856E,0xCF3A,0xC6F9,0xCF3B,0xD33C,0xD75C,0xD75D,0xD75D,0xC2D6,0xBEF8,0xCB1A,0x9E37,
  0x9237,0xCB3B,0xD33C,0xD35D,0xBAFD,0xD35E,0xCF3D,0x923D,0xBADD,0xDB7E,0xBF1E,0xB6FE,0xBB1E,0xCF5E,0xCF7F,0xD77F,
  0xEBDF,0xFFFF,0xA7BF,0x835F,0x831F,0x825F,0x819C,0x81BD,0x815A,0x8116,0x80D2,0x80F1,0x80AC,0x80AC,0x80AB,0x808A,
  0x8069,0x8067,0x8067,0x8067,0x8067,0x8024,0x8045,0x8024,0x8023,0x8023,0x8023,0x8023,0x8023,0x8023,0x8023,0x8023,
  0x8022,0x8023,0x8002,0x8023,0x8002,0x8002,0x8023,0x8002,0x8022,0x8002,0x8002,0x8002,0x8002,0x8002,0x8002,0x8002,
  0x8002,0x8022,0x8002,0x8002,0x8002,0x8002,0x8002,0x8002,0x8002,0x8002,0x8002,0x8002,0x8002,0x8002,0x8002,0x8002,
  0x8002,0x8002,0x8002,0x8002,0x8002,0x8022,0x8002,0x8002,0x8022,0x8002,0x8002,0x8002,0x8002,0x8002,0x8002,0x8002,
  0x8002,0x8002,0x8002,0x8002,0x8002,0x8002,0x8002,0x8002,0x8022,0x8002,0x8002,0x8002,0x8002,0x8002,0x8002,0x8002,
  0x8002,0x8002,0x8002,0x8002,0x8002,0x8022,0x8002,0x8002,0x8002,0x8023,0x8022,0x8002,0x8002,0x8002,0x8002,0x8002,
  0x8002,0x8022,0x8002,0x8002,0x8002,0x8002,0x8002,0x8022,0x8002,0x8002,0x8002,0x8002,0x8002,0x8002,0x8002,0x8002,
  0x8002,0x8002,0x8002,0x8026,0x806C,0x808C,0x8137,0x8138,0x8136,0x8000,0x8000,0x8000,0x8001,0x8002,0x8002,0x8002,
  0x8002,0x8022,0x8023,0x8023,0x8023,0x8023,0x8023,0x8023,0x8023,0x8023,0x8023,0x8023,0xA9B0,0x910D,0x8488,0x8087,
  0x8002,0xA9B0,0xADAE,0x8046,0x8002,0x8002,0x88CA,0x8D2D,0x8024,0x8023,0x8023,0x8023,0x8023,0x8023,0x8023,0x8023,
  0x8023,0x8023,0x8023,0x9CE8,0x8022,0x8022,0x8023,0x8023,0x8023,0x8022,0x8002,0x8022,0x8002,0x8002,0x8022,0x8002,
  0x8002,0x8023,0x8022,0x8022,0x8022,0x8002,0x8002,0x8022,0x8002,0x8002,0x8002,0x8002,0x8002,0x8002,0x8002,0x8002,
  0x8022,0x8022,0x8022,0x8002,0x8002,0x8022,0x8002,0x8002,0x8022,0x8002,0x8022,0x8022,0x8022,0x8002,0x8002,0x8002,
  0xA504,0xEA22,0xA0E4,0x94C3,0x94A4,0x90A4,0x8CA5,0x8CA5,0x8486,0x8CC5,0x88A4,0x88A5,0x8CA4,0xA4E3,0x84A4,0x88A4,
  0x8024,0x8024,0x8024,0x8024,0x8045,0x8023,0x8067,0x8067,0x8067,0x8024,0x8046,0x8046,0x8047,0x8067,0x8067,0x8067,
  0x8067,0x8067,0x8067,0x8067,0x8068,0x8046,0x84A6,0x9127,0x9127,0x9127,0x8067,0x8088,0x8068,0x8068,0x8068,0x8046,
  0x808B,0x8048,0x8048,0x9527,0x9527,0x9127,0x9126,0x8047,0x94C5,0x9905,0xA146,0x8088,0x8D07,0x84E9,0x8D08,0x9127,
  0x9127,0x9127,0x9127,0x9127,0x9D67,0x8CE7,0x9D45,0x8024,0x8024,0x8068,0x8025,0x80CF,0x8111,0x808C,0x80CE,0x8113,
  0x80F2,0x80F0,0x80D0,0x808B,0x80AB,0x808A,0x90CA,0xB0E6,0xD1A3,0xB146,0xBDA7,0xBDA7,0x852C,0x994B,0xADAA,0xA989,
  0xA589,0xA988,0x84EB,0x9D8A,0xA589,0xFEE3,0xB106,0x8089,0xA167,0xA188,0x9569,0x80AA,0x80AA,0x80AA,0x80CB,0x80AA,
  0x9567,0x808A,0x8068,0x8068,0x8068,0x808A,0x808A,0x808A,0x808A,0x808A,0x806A,0x80EF,0x8D94,0x8D30,0x9DB4,0x9592,
  0x808A,0x808A,0x808A,0x808A,0x808A,0x80AB,0x84EE,0x80AC,0x808B,0x808B,0x808B,0x808A,0x808A,0x808A,0x80AB,0x808A,
  0x808B,0x808B,0x808B,0x80AB,0x80AB,0x80AB,0x80AB,0x80AB,0x808B,0x808B,0x808B,0x808B,0x808B,0x80AC,0x808A,0x80AB,
  0x80AC,0x8174,0x95D6,0x95D5,0x91B3,0x8068,0xA1F5,0xA1F5,0x8951,0x8D51,0xA215,0xA616,0xA637,0x80AC,0x80CD,0xA216,
  0xA216,0xA216,0x80AD,0x890F,0xA1F5,0xA1D4,0xAA35,0xB277,0xAA36,0xA215,0x80CF,0x99D5,0x80F0,0x80CF,0x80CF,0x80CE,
  0x80CF,0x80CE,0x80CE,0x80CE,0x80CF,0x80EF,0x80EF,0x80CF,0x8553,0x8974,0x8974,0x8973,0x8973,0x8573,0x8973,0x8553,
  0x8953,0x8132,0x8992,0x8573,0x8511,0x8531,0x8532,0x8553,0x8574,0xC2FA,0x95F5,0x8994,0x8994,0x8995,0x8995,0x8574,
  0x8133,0x8174,0x8153,0xAA2F,0xA60E,0x8DAE,0xCB19,0xD33C,0xD35C,0xC6F8,0xCAF8,0xCB19,0xCB1A,0xCB3A,0xCF3B,0xCF3B,
  0x9211,0xA271,0xB6D6,0xD33C,0xC2FD,0xBAFD,0xDB7E,0xB2DD,0x81B9,0x921C,0xCF3E,0xC33E,0xB71E,0xBB1E,0xBB1E,0xD77F,
  0xD37F,0xE3DF,0xEFFF,0xEBFF,0x831F,0x875F,0x825F,0x821F,0x81BC,0x813A,0x8159,0x80D3,0x80D1,0x80CF,0x808B,0x80AC,
  0x80AC,0x8067,0x8067,0x8067,0x8066,0x8024,0x8025,0x8066,0x8023,0x8023,0x8023,0x8023,0x8023,0x8023,0x8023,0x8022,
  0x8002,0x8022,0x8023,0x8023,0x8002,0x8002,0x8002,0x8002,0x8002,0x8002,0x8002,0x8002,0x8023,0x8002,0x8002,0x8002,
  0x8002,0x8002,0x8002,0x8022,0x8022,0x8002,0x8002,0x8002,0x8002,0x8002,0x8002,0x8002,0x8002,0x8002,0x8002,0x8002,
  0x8002,0x8002,0x8002,0x8002,0x8002,0x8002,0x8002,0x8002,0x8002,0x8022,0x8022,0x8022,0x8002,0x8002,0x8002,0x8002,
  0x8002,0x8002,0x8002,0x8002,0x8002,0x8002,0x8002,0x8002,0x8022,0x8002,0x8002,0x8002,0x8002,0x8002,0x8002,0x8002,
  0x8002,0x8002,0x8002,0x8002,0x8002,0x8002,0x8002,0x8002,0x8002,0x8022,0x8023,0x8002,0x8002,0x8002,0x8002,0x8002,
  0x8002,0x8002,0x8002,0x8002,0x8002,0x8002,0x8002,0x8002,0x8002,0x8002,0x8002,0x8002,0x8002,0x8002,0x8002,0x8002,
  0x8002,0x8002,0x8002,0x8002,0x8002,0x8002,0x8004,0x806B,0x80B0,0x8159,0x817C,0x817B,0x8002,0x8001,0x8001,0x8002,
  0x8023,0x8023,0x8023,0x8023,0x8023,0x8023,0x8023,0x8023,0x8024,0x8024,0x8023,0x8044,0xB5CF,0xBDCC,0x8487,0x8065,
  0x8000,0xA98F,0xB5AE,0x8066,0x8023,0x8023,0x84CB,0x84EC,0x8024,0x8023,0x8023,0x8023,0x8023,0x8023,0x8024,0x8024,
  0x8023,0x8023,0x8023,0x910C,0x8023,0x8023,0x8023,0x8023,0x8023,0x8022,0x8002,0x8002,0x8023,0x8022,0x8022,0x8002,
  0x8022,0x8023,0x8002,0x8022,0x8002,0x8002,0x8002,0x8002,0x8002,0x8002,0x8002,0x8002,0x8002,0x8002,0x8002,0x8002,
  0x8022,0x8022,0x8022,0x8022,0x8002,0x8002,0x8002,0x8002,0x8002,0x8002,0x8002,0x8022,0x8002,0x8002,0x8022,0x8002,
  0xFF42,0xB103,0xA4E2,0x94A3,0x98C4,0x8CA5,0x88A5,0x8CA6,0x8CA6,0x88A5,0x8CC4,0x90A4,0xFAC3,0x8CA5,0x8065,0x88C5,
  0x8045,0x8024,0x8024,0x8045,0x8045,0x8045,0x8045,0x8046,0x8067,0x8066,0x84C8,0x88E7,0x8089,0x8068,0x8067,0x8067,
  0x8067,0x8067,0x8067,0x8067,0x8067,0x8067,0x80C9,0x84A6,0x8D06,0x8D07,0x8087,0x8088,0x8088,0x8068,0x8068,0x8088,
  0x8047,0x8068,0x8067,0x9527,0x9127,0x9527,0x9126,0x8046,0x8046,0x8047,0x808A,0x8047,0x84A7,0x8D08,0x88E8,0x9127,
  0x80A8,0x80A8,0x9127,0x9127,0x9127,0x9526,0x8CE6,0x8025,0x8045,0x8025,0x80AC,0x80AC,0x80AC,0x808A,0x8069,0x80AD,
  0x80AD,0x80AD,0x80AD,0x80AD,0x808A,0x80AC,0x80CE,0x88AB,0xAD09,0xB568,0xFF26,0xCD86,0xB989,0xB568,0xC5C8,0xC1A8,
  0xB588,0xA969,0xB988,0xA149,0xE246,0x9D08,0x84C8,0x9107,0x9527,0x9927,0xA188,0x9D88,0x9D88,0x84E9,0x80AA,0x80AA,
  0x80AA,0x808A,0x8067,0x8067,0x8068,0x8089,0x8089,0x8068,0x808A,0x8089,0x80AB,0x80EE,0x80CD,0x8026,0x9DD4,0x99B3,
  0x9592,0x808A,0x8089,0x8089,0x8089,0x80AB,0x80CC,0x80AC,0x890F,0x80AC,0x80AB,0x80AB,0x808B,0x808A,0x808A,0x808A,
  0x808A,0x808A,0x808B,0x808B,0x808B,0x808A,0x80AB,0x808B,0x808B,0x808B,0x808B,0x808B,0x808B,0x80AB,0x808B,0x808A,
  0x80AC,0x808C,0x80AC,0x95D4,0x99F6,0x80AD,0xA1F4,0x9DD4,0x9592,0x806A,0x80AC,0x808C,0x9593,0x9DF5,0x80AE,0x80AD,
  0x8D30,0x8930,0x99D4,0x80CE,0x8931,0x9DF5,0xB698,0xB698,0xAE56,0xAE56,0x8952,0xA616,0x99B2,0x80CE,0x80CE,0x80CE,
  0x80CF,0x80CE,0x80CF,0x80CF,0x80CF,0x80CF,0x80CF,0x80CF,0x80CF,0x80CF,0x8111,0x8973,0x8973,0x8973,0x8973,0x8973,
  0x8973,0x8973,0x8D73,0x8953,0x8553,0x8573,0x8552,0x8574,0x8554,0x8554,0x95D5,0xAA15,0x8574,0x8995,0x8574,0x8574,
  0x8574,0x8573,0x8991,0x8153,0x8174,0x85B4,0x9DF3,0xB24F,0xC2D7,0xCB1C,0xBED6,0xAE4D,0xB672,0xCF3B,0xCF3B,0xCF3B,
  0xD33C,0xD75D,0xAA94,0xC2F8,0xCF3B,0xAEBC,0xB2DC,0xCF5E,0xD35D,0xC33D,0x8A1D,0x967E,0xCB3D,0xB71E,0xBF1E,0xBF1F,
  0xC33F,0xD35E,0xCF7F,0xD79F,0xEBFF,0xEBFF,0x837F,0x833F,0x825F,0x81BD,0x815B,0x817A,0x8116,0x80D1,0x80AF,0x80F0,
  0x808B,0x808B,0x80AC,0x8067,0x8047,0x8047,0x8066,0x8046,0x8002,0x8046,0x8024,0x8023,0x8024,0x8023,0x8023,0x8023,
  0x8023,0x8023,0x8023,0x8023,0x8022,0x8022,0x8022,0x8002,0x8002,0x8022,0x8002,0x8022,0x8023,0x8002,0x8023,0x8002,
  0x8002,0x8002,0x8002,0x8022,0x8002,0x8002,0x8002,0x8002,0x8002,0x8002,0x8002,0x8002,0x8002,0x8023,0x8002,0x8002,
  0x8002,0x8002,0x8002,0x8002,0x8002,0x8002,0x8022,0x8002,0x8022,0x8022,0x8023,0x8023,0x8002,0x8002,0x8002,0x8002,
  0x8022,0x8002,0x8002,0x8002,0x8002,0x8002,0x8002,0x8002,0x8002,0x8002,0x8022,0x8002,0x8002,0x8002,0x8022,0x8002,
  0x8002,0x8002,0x8002,0x8002,0x8002,0x8022,0x8002,0x8002,0x8002,0x8002,0x8002,0x8002,0x8002,0x8002,0x8002,0x8002,
  0x8002,0x8022,0x8002,0x8002,0x8002,0x8002,0x8002,0x8002,0x8002,0x8002,0x8002,0x8022,0x8002,0x8002,0x8002,0x8002,
  0x8002,0x8002,0x8002,0x8002,0x8002,0x8002,0x8002,0x8002,0x8002,0x8002,0x8047,0x808A,0x81BA,0x823F,0x823F,0x8159,
  0x8136,0x8112,0x80F1,0x8002,0x8023,0x8023,0x8023,0x8023,0x8024,0x8045,0x8045,0x8465,0xB1D0,0x950B,0x80A8,0x8086,
  0x8000,0xA5D1,0x94EA,0x8067,0x8067,0x8067,0x84CB,0x80CA,0x8024,0x8044,0x8024,0x8023,0x8024,0x8024,0x8044,0x8044,
  0x8024,0x8024,0x8023,0x8024,0x8024,0x8024,0x8023,0x8023,0x8023,0x8023,0x8023,0x8002,0x8023,0x8023,0x8023,0x8022,
  0x8023,0x8023,0x8002,0x8022,0x8002,0x8002,0x8002,0x8002,0x8002,0x8002,0x8002,0x8002,0x8002,0x8002,0x8002,0x8002,
  0x8002,0x8022,0x8022,0x8002,0x8002,0x8002,0x8002,0x8002,0x8002,0x8002,0x8002,0x8002,0x8022,0x8002,0x8002,0x8002,
  0xA506,0xE602,0xB4C1,0xA0E3,0x94C4,0x90C5,0x8CA5,0x8CA5,0x8CA6,0x90C5,0x94E5,0xA0C3,0xA8C4,0x8885,0x8064,0x88C5,
  0x8CC5,0x8044,0x8024,0x8045,0x8045,0x8045,0x8045,0x8045,0x8067,0x8087,0x8087,0x8D07,0x8089,0x8068,0x8067,0x8067,
  0x8067,0x8067,0x8068,0x8067,0x8067,0x8067,0x80AA,0x8066,0x8087,0x8D06,0x8CE6,0x80AA,0x8089,0x8068,0x8067,0x80AA,
  0x8025,0x8026,0x9525,0x9127,0x9126,0x9107,0x9106,0x8067,0x8066,0x80AB,0x80AA,0x8026,0x8046,0x8D07,0x9107,0x9107,
  0x80A7,0x84A7,0x9127,0x9106,0x9107,0x9527,0x9547,0x8026,0x8046,0x8045,0x80AB,0x808B,0x808B,0x808A,0x8069,0x8069,
  0x8068,0x8067,0x8046,0x80AC,0x80AD,0x80CD,0x806A,0x90EB,0x80EF,0x890F,0xF6C6,0xB54A,0xE267,0xC986,0xC9C7,0xB148,
  0xB568,0xA948,0xD1C6,0xA528,0xC985,0x88E9,0x8089,0x808A,0x9528,0xC627,0xA9A9,0xA5A8,0xA187,0x84C9,0x80AA,0x80AA,
  0x808A,0x8089,0x8068,0x8068,0x8089,0x8089,0x8089,0x808A,0x808A,0x808A,0x808A,0x808A,0x80AC,0x8110,0x806A,0x850F,
  0x9593,0x850F,0x808A,0x8089,0x808A,0x8089,0x80CD,0x80CC,0xB60D,0x80CD,0x80AB,0x808B,0x808A,0x808A,0x808A,0x808A,
  0x808A,0x808A,0x808A,0x808A,0x808B,0x808B,0x808B,0x80AB,0x808B,0x808B,0x808B,0x808B,0x80AB,0x80ED,0x80AB,0x808B,
  0x80AB,0x80AB,0x80AC,0x808C,0x80CD,0x80AD,0x806A,0x9992,0x99B3,0x806B,0x84EE,0x808C,0x850F,0x99D5,0x80AE,0x80CE,
  0x80CE,0x810F,0x95B4,0x80EF,0x80EF,0x806B,0xA1F4,0xA616,0xAA36,0xA615,0xA616,0xAE57,0x9992,0x80CE,0x80CF,0x80CE,
  0x80CE,0x80CE,0x80CF,0x80EF,0x80CF,0x80CF,0x80CF,0x80CF,0x80CF,0x8111,0x80CF,0x8974,0x8573,0x8973,0x8973,0x8973,
  0x8973,0x8973,0x8973,0x8973,0x8953,0x8974,0x8574,0x8D94,0x8D74,0x8974,0x8994,0x8DB5,0x8574,0x8574,0x8574,0x8974,
  0x8974,0x8974,0x8552,0x8133,0x8154,0x8992,0x8193,0x99F3,0xB297,0xCB1B,0xCB1A,0xBEB4,0xAE71,0xB6B3,0xC718,0xCB1A,
  0xD33C,0xD33B,0xD33C,0xCF1B,0xCF3B,0xC71C,0xA29C,0xBAFC,0xCB3D,0xD35D,0xBEFD,0x8A1D,0xAABD,0xBF1E,0xCB3E,0xC33E,
  0xBF1E,0xBF3E,0xD37F,0xD37F,0xDB9F,0xEFDF,0xE3FF,0x833F,0x82DF,0x82DF,0x81BC,0x817C,0x8139,0x8116,0x80F4,0x80D0,
  0x80AF,0x80AC,0x80AB,0x8068,0x8068,0x8047,0x8067,0x8067,0x8045,0x8046,0x8046,0x8045,0x8023,0x8023,0x8023,0x8023,
  0x8023,0x8023,0x8023,0x8023,0x8002,0x8023,0x8022,0x8002,0x8022,0x8002,0x8002,0x8002,0x8022,0x8023,0x8023,0x8023,
  0x8002,0x8022,0x8002,0x8002,0x8002,0x8002,0x8002,0x8002,0x8002,0x8002,0x8002,0x8002,0x8002,0x8002,0x8022,0x8002,
  0x8002,0x8002,0x8002,0x8002,0x8002,0x8023,0x8022,0x8002,0x8022,0x8022,0x8023,0x8023,0x8023,0x8002,0x8022,0x8002,
  0x8023,0x8002,0x8002,0x8002,0x8002,0x8002,0x8023,0x8002,0x8022,0x8002,0x8022,0x8002,0x8022,0x8022,0x8022,0x8002,
  0x8022,0x8002,0x8002,0x8002,0x8002,0x8002,0x8002,0x8002,0x8002,0x8022,0x8045,0x8002,0x8002,0x8002,0x8002,0x8002,
  0x8002,0x8002,0x8002,0x8002,0x8002,0x8002,0x8002,0x8002,0x8002,0x8002,0x8002,0x8002,0x8002,0x8002,0x8002,0x8002,
  0x8002,0x8002,0x8002,0x8002,0x8002,0x8002,0x8002,0x8002,0x8002,0x8022,0x8023,0x8023,0x8024,0x8069,0x80D1,0x8137,
  0x819A,0x86FF,0x829F,0x8116,0x80F3,0x80D1,0x8025,0x8024,0x8046,0x8066,0x8046,0x8445,0xA9D1,0x892E,0x80A8,0x8087,
  0x8000,0xA1D3,0xADAF,0x8067,0x8024,0x8068,0x84CB,0x8089,0x8024,0x8045,0x8045,0x8045,0x8044,0x8045,0x8045,0x8045,
  0x8044,0x8024,0x8024,0x8024,0x8044,0x8024,0x8024,0x8023,0x8023,0x8023,0x8023,0x8023,0x8023,0x8023,0x8023,0x8022,
  0x8023,0x8023,0x8002,0x8022,0x8002,0x8022,0x8002,0x8002,0x8002,0x8002,0x8002,0x8002,0x8002,0x8002,0x8002,0x8002,
  0x8022,0x8002,0x8002,0x8002,0x8002,0x8002,0x8002,0x8002,0x8002,0x8002,0x8002,0x8002,0x8002,0x8002,0x8002,0x8002,
  0x94C6,0xB924,0xACC4,0xA8E2,0x90A4,0x90A4,0x9CE4,0x9CE4,0x94C5,0x94C5,0x94C4,0x9CC3,0x94C5,0x88A5,0x88A5,0x88A5,
  0x8064,0x88C5,0x8045,0x8045,0x8045,0x84A5,0x8045,0x8046,0x8CE5,0x8CE6,0x8D07,0x8048,0x8D06,0x8D06,0x84A6,0x8067,
  0x8067,0x8067,0x8067,0x8067,0x8067,0x8067,0x8067,0x8067,0x8067,0x8067,0x80AB,0x80AA,0x80AA,0x80A9,0x80CA,0x80A9,
  0x8046,0x8047,0x80C9,0x84E9,0x9127,0x88E7,0x8087,0x8068,0x80CC,0x80AC,0x8026,0x8089,0x8089,0x8088,0x8047,0x9107,
  0x9107,0x9127,0x9127,0x9527,0x8088,0x8487,0x8D06,0x8D06,0x8045,0x8046,0x80AC,0x8067,0x8024,0x8045,0x808A,0x8024,
  0x8067,0x808A,0x808A,0x8067,0x80CE,0x80AC,0x84ED,0x80CF,0x80EF,0x8110,0xA94A,0xB169,0x9D0A,0xA949,0xFFC6,0xFA84,
  0xFAA2,0xFEC7,0xC967,0xA949,0xA128,0x9928,0x80CA,0x8D0A,0x9529,0x8D09,0xA189,0x808B,0x808A,0x80A9,0x80C8,0x80A9,
  0x8089,0x8089,0x8089,0x8089,0x8089,0x8089,0x8089,0x808A,0x808A,0x808A,0x808A,0x808A,0x808A,0x808A,0x808A,0x80AB,
  0x8069,0x8971,0x8971,0x808A,0x808A,0x808A,0x808A,0x80AC,0x80CC,0xB1C9,0x80AB,0x84CD,0x9191,0x808A,0x808A,0x808A,
  0x808A,0x808A,0x808A,0x808A,0x808A,0x808A,0x808A,0x808A,0x808B,0x808B,0x808B,0x808B,0x808B,0x80AB,0x80AB,0x808B,
  0x808B,0x808B,0x808B,0x808B,0x808B,0x808B,0x8069,0x99B3,0x9193,0x808C,0x806A,0x9DF5,0x95B3,0x9572,0x9993,0x80AD,
  0x80AD,0x80AD,0x80AD,0x80AD,0x80AC,0x808C,0x806B,0x99B3,0x9DD5,0x99B4,0x8510,0x8931,0xAA37,0x80AD,0x80CE,0x9592,
  0x80CF,0x80CE,0x80CE,0x80CF,0x80CF,0x80CF,0x80CF,0x80CF,0x80CF,0x80CF,0x80CF,0x8111,0x8552,0x8553,0x8973,0x8973,
  0x8973,0x8973,0x8973,0x8953,0x8973,0x8974,0x8974,0x8974,0x8974,0x8974,0x8994,0x89B4,0x8994,0x8974,0x8574,0x8574,
  0x8974,0x8974,0x8574,0x8553,0x8132,0xA1F0,0xBA70,0xAA55,0x8134,0xA217,0xC2D8,0xBEB5,0xCB1A,0x9DEC,0xA62F,0xAA70,
  0xD33B,0xCF3B,0xCF3C,0xC719,0xCB1C,0xCB3C,0xCF3C,0xB6DC,0xC31C,0xD35D,0xD77E,0xD75D,0xC71D,0x8A1D,0x8E3E,0xBB1E,
  0x9EBF,0x923E,0xC71E,0xCB5F,0xD37F,0xD37F,0xE3BF,0xF3DF,0xBB9F,0x833F,0x82BF,0x825E,0x81BD,0x817C,0x8159,0x8116,
  0x80F4,0x80CF,0x80D0,0x808A,0x808A,0x8089,0x8067,0x8067,0x8046,0x8046,0x8046,0x8024,0x8045,0x8023,0x8023,0x8023,
  0x8023,0x8023,0x8023,0x8003,0x8002,0x8002,0x8022,0x8023,0x8002,0x8022,0x8067,0x8002,0x8002,0x8002,0x8002,0x8022,
  0x8022,0x8002,0x8002,0x8002,0x8002,0x8002,0x8002,0x8002,0x8002,0x8022,0x8022,0x8022,0x8002,0x8002,0x8002,0x8002,
  0x8002,0x8002,0x8002,0x8022,0x8022,0x8002,0x8002,0x8002,0x8023,0x8023,0x8023,0x8023,0x8023,0x8023,0x8023,0x8023,
  0x8002,0x8002,0x8002,0x8002,0x8002,0x8002,0x8022,0x8002,0x8022,0x8001,0x8022,0x8022,0x8002,0x8022,0x8002,0x8002,
  0x8002,0x8002,0x8002,0x8002,0x8002,0x8002,0x8002,0x8002,0x8002,0x8002,0x8022,0x8002,0x8023,0x8022,0x8002,0x8002,
  0x8002,0x8002,0x8002,0x8002,0x8002,0x8002,0x8002,0x8002,0x8002,0x8002,0x8002,0x8002,0x8002,0x8002,0x8022,0x8002,
  0x8002,0x8002,0x8002,0x8002,0x8002,0x8002,0x8002,0x8002,0x8002,0x8002,0x8002,0x8002,0x8002,0x8002,0x8002,0x8003,
  0x8002,0x8001,0x808F,0x80F5,0x819D,0x81FF,0x825F,0x81FF,0x819F,0x817C,0x804A,0x8024,0x9970,0x9D6F,0x8088,0x8067,
  0x8000,0xC673,0xADB0,0x8089,0x8025,0x8046,0x84CB,0x950B,0x8045,0x8045,0x8045,0x8087,0x8067,0x8067,0x8067,0x8066,
  0x8046,0x8045,0x8045,0x8045,0x8045,0x8044,0x8044,0x8024,0x8023,0x8023,0x8023,0x8023,0x8023,0x8023,0x8023,0x8023,
  0x8023,0x8023,0x8022,0x8022,0x8022,0x8002,0x8002,0x8002,0x8002,0x8002,0x8002,0x8002,0x8002,0x8002,0x8002,0x8002,
  0x8002,0x8023,0x8002,0x8002,0x8002,0x8002,0x8002,0x8002,0x8002,0x8022,0x8002,0x8002,0x8002,0x8002,0x8002,0x8002,
  0x98C6,0x8045,0xA0C5,0xB4E4,0xB922,0xA4E4,0xA4E4,0xA0C4,0x9CE5,0x8484,0x8CA4,0x94C4,0x90C5,0x8CC5,0x88C5,0x84A5,
  0x8884,0x8024,0x8045,0x8045,0x8045,0x88E6,0x8046,0x8045,0x8CE5,0x8CE6,0x8D06,0x8048,0x8CE6,0x8D06,0x88C6,0x8067,
  0x8067,0x8067,0x8067,0x8067,0x8067,0x8067,0x8067,0x8067,0x8067,0x8067,0x80AA,0x80AA,0x80AA,0x80CA,0x80A9,0x80CA,
  0x80AA,0x8046,0x8047,0x80EA,0x8D08,0x8088,0x8047,0x80AA,0x80AC,0x80AC,0x808A,0x8068,0x8089,0x8046,0x8088,0x8067,
  0x9127,0x9127,0x9147,0x8066,0x8067,0x8067,0x84C7,0x8085,0x8024,0x8045,0x80AC,0x8069,0x8045,0x8045,0x8025,0x8044,
  0x8088,0x80AB,0x80AC,0x8068,0x8047,0x80CD,0x80AC,0x80CD,0x80EF,0x80CE,0x890F,0xB968,0xAD6A,0xBD89,0xDE08,0xFF4E,
  0xFFDD,0xFB07,0xD167,0xB189,0xAD69,0xA568,0xA569,0x84EB,0x912A,0x9128,0x9568,0x890A,0x808A,0x8089,0x80A8,0x8089,
  0x8089,0x8089,0x808A,0x8089,0x8089,0x8089,0x8089,0x8089,0x8089,0x8089,0x808A,0x808A,0x808A,0x8089,0x8089,0x8089,
  0x8089,0x8950,0x80AB,0x80AC,0x808A,0x808A,0x808A,0x808B,0x80CD,0x80AD,0x84ED,0xBDA9,0x80CD,0x808A,0x808A,0x808A,
  0x808A,0x808A,0x808A,0x808A,0x808A,0x808A,0x808A,0x808A,0x808A,0x808A,0x80AB,0x808B,0x80AB,0x80AB,0x80AB,0x80AB,
  0x80AB,0x808B,0x808B,0x808B,0x808B,0x808B,0x808B,0x80AD,0x9DF5,0x808C,0x808B,0x88ED,0x80AC,0x9193,0xA216,0x80AD,
  0x80AC,0x80AC,0x80AC,0x80AC,0x808B,0x80AD,0x808B,0x84CD,0x99D5,0x95B5,0x8532,0x84EE,0x9593,0xAE58,0x80CD,0x80EF,
  0x9592,0x80CE,0x80CE,0x80CE,0x80CE,0x80CE,0x80CE,0x80CF,0x80CF,0x80CF,0x80CF,0x8111,0x8553,0x80F0,0x80CF,0x80EF,
  0x8553,0x8973,0x8973,0x8973,0x8973,0x8973,0x8974,0x8974,0x8974,0x8974,0x8974,0x8574,0x89B4,0x8593,0x8993,0x8574,
  0x8974,0x8574,0x8974,0x8574,0x8574,0x8573,0x8971,0x8532,0x8D91,0x8554,0x8134,0xB29A,0xD31B,0x95AC,0x9E0E,0xAA50,
  0xB672,0xCF3A,0xB6B3,0xB270,0xAE6F,0xC71A,0xCB1C,0xAA79,0xB2BB,0xBEFC,0xD35E,0xD35D,0xD35D,0xCF5D,0x861C,0x9A9E,
  0xC31E,0x8E5E,0x969E,0xB73F,0xC73F,0xCB5F,0xCF7F,0xD39F,0xF3FF,0xDFBF,0x833F,0x82FF,0x82BF,0x821F,0x81BC,0x819C,
  0x8115,0x80F3,0x8114,0x80AE,0x80AC,0x808A,0x8089,0x8068,0x8067,0x8067,0x8067,0x8046,0x8025,0x8046,0x8024,0x8023,
  0x8046,0x8023,0x8024,0x8023,0x8022,0x8002,0x8022,0x8002,0x8023,0x8023,0x8023,0x8002,0x8002,0x8002,0x8002,0x8002,
  0x8066,0x8002,0x8002,0x8022,0x8002,0x8002,0x8002,0x8002,0x8022,0x8022,0x8022,0x8022,0x8002,0x8002,0x8002,0x8002,
  0x8002,0x8002,0x8002,0x8022,0x8023,0x8022,0x8002,0x8022,0x8023,0x8023,0x8024,0x8024,0x8023,0x8023,0x8022,0x8022,
  0x8002,0x8002,0x8002,0x8002,0x8002,0x8002,0x8002,0x8002,0x8002,0x8002,0x8022,0x8022,0x8022,0x8002,0x8002,0x8002,
  0x8002,0x8002,0x8002,0x8002,0x8002,0x8002,0x8002,0x8002,0x8002,0x8022,0x8089,0x8022,0x8002,0x8002,0x8002,0x8002,
  0x8002,0x8002,0x8002,0x8002,0x8002,0x8002,0x8002,0x8002,0x8002,0x8002,0x8002,0x8002,0x8002,0x8002,0x8002,0x8002,
  0x8002,0x8002,0x8002,0x8002,0x8002,0x8002,0x8002,0x8002,0x8002,0x8002,0x8022,0x8022,0x8002,0x8002,0x8002,0x8002,
  0x8002,0x8002,0x8002,0x8002,0x808E,0x80F5,0x8119,0x81FF,0x831F,0x87BF,0x81BE,0x81DE,0x825E,0x81BA,0x80AD,0x80AA,
  0x8000,0xB1D1,0xA9D2,0x808A,0x8068,0x8088,0xA54B,0xA12B,0x8045,0x8046,0x8067,0x8088,0x8088,0x8088,0x8088,0x8089,
  0x8066,0x8046,0x8046,0x8046,0x8046,0x8045,0x8045,0x8024,0x8024,0x8024,0x8023,0x8023,0x8023,0x8023,0x8023,0x8023,
  0x8023,0x8023,0x8023,0x8022,0x8022,0x8022,0x8002,0x8022,0x8002,0x8002,0x8002,0x8022,0x8002,0x8002,0x8002,0x8002,
  0x8002,0x8002,0x8002,0x8022,0x8002,0x8022,0x8022,0x8002,0x8002,0x8002,0x8002,0x8002,0x8002,0x8002,0x8002,0x8002,
  0x8067,0x94C6,0x98C6,0xA506,0xE181,0xD562,0xB923,0x9CA4,0x8CA4,0x9CC3,0xC542,0xCD82,0x90C5,0x8CA5,0x88A5,0x84A4,
  0x8064,0x8044,0x8044,0x8045,0x8045,0x8046,0x8046,0x84C5,0x8046,0x8CE6,0x88E6,0x88E6,0x84A7,0x88C7,0x8D07,0x88C7,
  0x8067,0x8067,0x8067,0x8067,0x8067,0x8067,0x8067,0x8067,0x8067,0x8067,0x8067,0x80A9,0x80AA,0x8067,0x8047,0x8D08,
  0x80C8,0x80A8,0x8046,0x8026,0x84C9,0x80CA,0x80C9,0x8003,0x80AA,0x80AA,0x8024,0x8045,0x8024,0x8024,0x8024,0x8067,
  0x8066,0x9127,0x9127,0x9127,0x8025,0x8046,0x8046,0x8025,0x8024,0x8045,0x8045,0x8024,0x8045,0x8024,0x8069,0x8067,
  0x8045,0x8045,0x8067,0x80AC,0x80CF,0x80EE,0x80AD,0x808C,0x808A,0x80AB,0x80CE,0x80CE,0xB548,0xB569,0xBDAA,0xF624,
  0xF6A4,0xCD68,0xBD69,0xFFA6,0xC566,0xC546,0xC546,0x9929,0xA547,0x8CC6,0x88C7,0x9148,0x8089,0x8089,0x8089,0x8089,
  0x808A,0x8089,0x808A,0x8089,0x8089,0x8089,0x8089,0x8089,0x8089,0x8089,0x808A,0x808A,0x808A,0x808A,0x8089,0x8089,
  0x8089,0x808A,0x808A,0x8130,0x808B,0x808A,0x8089,0x8089,0x80CD,0x80AD,0x80CD,0x80CE,0xBDC6,0xB1E9,0x808B,0x808A,
  0x808A,0x808A,0x956A,0x808A,0x808A,0x8909,0x808A,0x808A,0x808A,0x808A,0x808A,0x808B,0x80AB,0x808B,0x808B,0x808B,
  0x808B,0x8068,0x808B,0x808B,0x808B,0x808B,0x808B,0x808B,0x808B,0x808B,0x80AC,0x80AC,0x80AC,0x808C,0x80AC,0x9DF5,
  0x9DF4,0x80AB,0x80AC,0x80AC,0x808C,0x808B,0x808B,0x8530,0x99D5,0x99D5,0x8531,0x80CD,0x80AD,0x80EF,0xAE58,0x80CE,
  0xAE58,0x8110,0x80CF,0x80CF,0x80CE,0x80CE,0x80CE,0x80CE,0x80CE,0x80CF,0x80CF,0x80CF,0x80CF,0x80CE,0x8973,0x8552,
  0x80F0,0x80F0,0x8111,0x8973,0x8953,0x8973,0x8973,0x8573,0x8974,0x8974,0x8974,0x8974,0x8953,0x8573,0x8553,0x8574,
  0x8974,0x8974,0x8974,0x8994,0x8974,0x8974,0x8974,0x8973,0x958D,0x8971,0x8111,0x8111,0xBEB7,0xC2D8,0x8574,0x8193,
  0x9E11,0xAE70,0xD738,0xB26F,0xC6F8,0xC2D6,0xBEB2,0xC6F8,0xBED9,0xAEBA,0xAA9A,0xAE9B,0xCF3C,0xCF5C,0xD35D,0x821C,
  0x823C,0xAEFE,0xCF5E,0xBB1E,0x823D,0xD39F,0xC33F,0xD77F,0xD79F,0xCB5F,0xF3DF,0xC7DF,0x837F,0x833F,0x827F,0x81FE,
  0x817C,0x8159,0x8136,0x80D2,0x80F2,0x80AE,0x808B,0x808B,0x808B,0x8046,0x8068,0x8067,0x8046,0x8046,0x8024,0x8046,
  0x8024,0x8023,0x8023,0x8023,0x8022,0x808B,0x8023,0x8023,0x8023,0x8023,0x8023,0x8022,0x8002,0x8002,0x8002,0x8002,
  0x8002,0x8002,0x8002,0x8002,0x8002,0x8002,0x8002,0x8002,0x8002,0x8002,0x8002,0x8002,0x8002,0x8022,0x8022,0x8002,
  0x8002,0x8002,0x8002,0x8002,0x8022,0x8023,0x8023,0x8023,0x8023,0x8024,0x8045,0x8045,0x8024,0x8024,0x8023,0x8023,
  0x8022,0x8022,0x8002,0x8002,0x8002,0x8002,0x8002,0x8002,0x8022,0x8022,0x8023,0x8023,0x8022,0x8022,0x8002,0x8002,
  0x8002,0x8002,0x8002,0x8002,0x8002,0x8002,0x8002,0x8002,0x8002,0x8002,0x8002,0x8022,0x8022,0x8022,0x8022,0x8022,
  0x8002,0x8022,0x8002,0x8002,0x8022,0x8002,0x8002,0x8002,0x8002,0x8002,0x8002,0x8002,0x8002,0x8002,0x8002,0x8002,
  0x8002,0x8022,0x8002,0x8002,0x8002,0x8002,0x8002,0x8002,0x8022,0x8002,0x8002,0x8002,0x8022,0x8002,0x8002,0x8002,
  0x8022,0x8022,0x8022,0x8023,0x8023,0x8023,0x8023,0x8047,0x804A,0x8112,0x80F7,0x831E,0x97BF,0x9FBF,0x821E,0x81FE,
  0x861F,0x86BF,0x869E,0x80AD,0x8048,0x8068,0xA96C,0x992B,0x8045,0x8068,0x808A,0x80EF,0x8133,0x80AC,0x80AB,0x80AA,
  0x8088,0x8066,0x8066,0x8066,0x8046,0x8046,0x8066,0x8046,0x8045,0x8045,0x8044,0x8024,0x8024,0x8023,0x8023,0x8023,
  0x8023,0x8023,0x8023,0x8023,0x8023,0x8022,0x8023,0x8023,0x8022,0x8022,0x8022,0x8022,0x8002,0x8002,0x8022,0x8002,
  0x8002,0x8002,0x8002,0x8002,0x8002,0x8002,0x8022,0x8022,0x8024,0x8002,0x8002,0x8002,0x8002,0x8002,0x8002,0x8002,
  0x8487,0x98C7,0x8C86,0x98C6,0xCD21,0xD942,0xEE82,0xD9C1,0xACE4,0xA8C3,0xCD62,0x90C5,0x88A5,0x8CA4,0x8484,0x84A4,
  0x84A5,0x88A5,0x8464,0x8045,0x8045,0x8087,0x8046,0x8087,0x8087,0x88C6,0x88E6,0x88E6,0x88E6,0x88E7,0x8D06,0x8D07,
  0x8CE7,0x8067,0x8067,0x8067,0x8067,0x8067,0x8046,0x8066,0x8067,0x8046,0x8068,0x8068,0x8067,0x8068,0x8089,0x8D07,
  0x84A8,0x8068,0x8088,0x88C8,0x88E8,0x84C9,0x80C8,0x8024,0x8045,0x8088,0x8046,0x8046,0x8046,0x8024,0x8024,0x8068,
  0x8046,0x8D08,0x9107,0x8065,0x8045,0x8045,0x8045,0x8045,0x8025,0x8045,0x8045,0x8045,0x8024,0x8045,0x8047,0x8046,
  0x8045,0x8045,0x80AB,0x80AC,0x80AD,0x80AB,0x8025,0x8067,0x8068,0x8089,0x80CD,0x80CD,0x88CC,0x990A,0xC9C9,0xE207,
  0xBD8A,0xDDE7,0xB16A,0xCDA6,0x98E9,0xA0C8,0xFF48,0xB925,0xB925,0x90E5,0x84A5,0x88E6,0x8D07,0x84A8,0x80A9,0x84CA,
  0x8089,0x8089,0x8089,0x8089,0x8089,0x8089,0x8089,0x8089,0x8089,0x8089,0x8089,0x8089,0x808A,0x8089,0x808A,0x808A,
  0x8089,0x8089,0x8089,0x8089,0x80CC,0x808A,0x8089,0x8089,0x8089,0x80AD,0x80CE,0x80CD,0xAD87,0xA9A9,0x84CB,0x808A,
  0x808B,0x8929,0x80C9,0x808A,0x808A,0x80A9,0x808A,0x808A,0x808A,0x808A,0x84EA,0x80AA,0x808A,0x808A,0x808A,0x808A,
  0x808A,0x80CD,0x808B,0x808B,0x808B,0x808B,0x808B,0x808B,0x80AB,0x80AB,0x80AC,0x808B,0x808C,0x80AC,0x80AC,0x8D30,
  0x9DD3,0x80AC,0x80AC,0x80AC,0x80AC,0x80AC,0x80AC,0x80AC,0x8D30,0x8D0F,0x9593,0x8510,0x80CD,0x80CE,0x8D72,0x80F0,
  0xAA58,0x9193,0x80CE,0x80CE,0x80CE,0x80CE,0x80CE,0x80CF,0x80CE,0x80CF,0x80CF,0x80CF,0x8132,0x80CE,0x80F0,0x8D94,
  0x8953,0x80D0,0x80CF,0x8973,0x8973,0x8973,0x8973,0x8974,0x8974,0x8974,0x8974,0x8973,0x8573,0x8573,0x8573,0x8573,
  0x8573,0x8574,0x8974,0x8974,0x8974,0x8974,0x8974,0x8973,0x8992,0x8571,0x8970,0x8152,0x99F5,0x99F6,0xC6BA,0x8155,
  0x8551,0xA60D,0xAA0C,0xAE4F,0xBAB4,0xCB19,0xCF3A,0xC6F7,0xAE74,0x9A34,0x9E37,0x9637,0xB2B9,0xCF3B,0xC73C,0xB2FD,
  0x8A3B,0x8A3B,0x863D,0xA2BE,0x9E9C,0x865E,0xD37E,0xCB5F,0xCF5F,0xCF5F,0xD35F,0xEFFF,0xCFDF,0xB3BF,0x82FF,0x823F,
  0x81DE,0x81BE,0x8139,0x8137,0x8114,0x80D1,0x80AD,0x808A,0x808B,0x8069,0x8068,0x8067,0x8067,0x8047,0x8067,0x8045,
  0x8066,0x8045,0x8022,0x8023,0x8022,0x8023,0x8023,0x8023,0x8023,0x8023,0x8023,0x8023,0x8002,0x8002,0x8002,0x8002,
  0x8002,0x80ED,0x8002,0x8002,0x8002,0x8002,0x8002,0x8002,0x8022,0x8002,0x8002,0x8002,0x8002,0x8023,0x8022,0x8002,
  0x8002,0x8002,0x8002,0x8002,0x8002,0x8023,0x8023,0x8023,0x8024,0x8046,0x8068,0x808A,0x8045,0x8024,0x8024,0x8023,
  0x8023,0x8023,0x8002,0x8002,0x8002,0x8002,0x8002,0x8002,0x8002,0x8022,0x8023,0x8023,0x912B,0x8022,0x8002,0x8002,
  0x8002,0x8002,0x8002,0x8002,0x8002,0x8002,0x8002,0x8002,0x8002,0x8002,0x8002,0x8002,0x8002,0x8002,0x8002,0x8002,
  0x8002,0x8002,0x8002,0x8002,0x8002,0x8002,0x8002,0x8002,0x8002,0x8002,0x8002,0x8002,0x8002,0x8002,0x8002,0x8002,
  0x8002,0x8022,0x8002,0x8002,0x8002,0x8002,0x8002,0x8002,0x8002,0x8002,0x8002,0x8002,0x8002,0x8002,0x8002,0x8022,
  0x8002,0x8022,0x8022,0x8022,0x8023,0x8023,0x8023,0x8024,0x8024,0x8045,0x8024,0x80CF,0x827E,0x871F,0x81FE,0x873F,
  0x86FF,0xC7DF,0x833F,0x81DE,0x81DE,0x81DE,0x89FA,0x8A7B,0x806B,0x80AC,0x80CE,0x8157,0x8177,0x8112,0x88EA,0xB5CF,
  0x9D0A,0x98E8,0x98E9,0xA129,0x8066,0x8067,0x8067,0x8067,0x8046,0x8046,0x8045,0x8045,0x8024,0x8024,0x8024,0x8024,
  0x8024,0x8023,0x8023,0x8023,0x8023,0x8023,0x8023,0x8022,0x8022,0x8022,0x8022,0x8002,0x8002,0x8002,0x8022,0x8002,
  0x8002,0x8002,0x8002,0x8002,0x8002,0x8002,0x8002,0x8002,0x8067,0x8002,0x8002,0x8002,0x8002,0x8002,0x8002,0x8002,
  0x94C7,0x9CE7,0xB123,0xD583,0xC942,0xA0C4,0xE621,0xF742,0xC523,0xDA04,0xE1A1,0xA8E3,0xA4E3,0x94A4,0x8065,0x88A5,
  0x88A5,0x8CC5,0x88C4,0x8045,0x8025,0x8067,0x8087,0x8067,0x8088,0x8068,0x88C7,0x8CE6,0x8CE6,0x8CE6,0x8D06,0x8CE6,
  0x8D06,0x8068,0x8068,0x8068,0x8067,0x8067,0x8067,0x8067,0x8067,0x8067,0x8068,0x8068,0x8068,0x8089,0x8089,0x8D07,
  0x80AA,0x84C9,0x88E9,0x88E9,0x88E9,0x88E9,0x88E9,0x84E9,0x8025,0x8047,0x8046,0x8045,0x8067,0x8025,0x8024,0x8024,
  0x8024,0x8024,0x80EA,0x80A8,0x8045,0x8045,0x8025,0x8045,0x8024,0x8025,0x8045,0x8045,0x8045,0x8045,0x8045,0x8045,
  0x8045,0x8044,0x808A,0x808B,0x80AC,0x80AC,0x8045,0x8045,0x8045,0x80AC,0x80CE,0x80CE,0x80CF,0x8CCC,0xC187,0xC188,
  0xD5C6,0x9D2A,0xA128,0x9D27,0x8CE9,0x80AA,0xA545,0xC963,0xD162,0x98C4,0x94C4,0x9D46,0x9D47,0x9D67,0x9947,0x9507,
  0x8068,0x8067,0x8069,0x8089,0x8089,0x8089,0x808A,0x808A,0x808A,0x80AA,0x8089,0x8089,0x8089,0x80EC,0x8089,0x8089,
  0x8069,0x8069,0x8069,0x80CC,0x8069,0x8069,0x808A,0x8089,0x8089,0x806A,0x808A,0x8068,0x88E9,0x80CA,0xA1A9,0xA1A9,
  0x80A9,0x8909,0x8909,0x80AA,0x84CB,0xA1C9,0x808A,0x8089,0x80AB,0x808A,0x8069,0x8D29,0x84CA,0x808A,0x808A,0x808A,
  0x808A,0x808A,0x80AB,0x808B,0x808B,0x808B,0x808B,0x808B,0x80AB,0x80AB,0x808C,0x808B,0x808B,0x80AC,0x80AC,0x808B,
  0x84EE,0x80AC,0x80AC,0x80AC,0x80AC,0x80AD,0x80AD,0x80AC,0x80AC,0x808C,0x80AC,0x80AC,0x80AD,0x80CE,0x80AD,0x810F,
  0x84EF,0x9172,0x9593,0x80AD,0x80AD,0x80CE,0x80CE,0x80CE,0x80CF,0x80CE,0x80CF,0x80CE,0x80CE,0x80CE,0x91B4,0x9194,
  0x9194,0x8532,0x80F0,0x80CF,0x8973,0x8973,0x8973,0x8973,0x8973,0x8973,0x8952,0x8573,0x8973,0x8973,0x8573,0x8573,
  0x8573,0x8973,0x8974,0x8974,0x8974,0x8974,0x8974,0x8973,0x8973,0x8573,0x8572,0x8553,0x8553,0x8152,0xA615,0xB251,
  0x8133,0x8132,0xA60D,0xBE93,0xAE2F,0xBA93,0xC6F8,0xCF1A,0xC6F9,0x99EE,0x9612,0x9615,0xA676,0x9A36,0xD317,0xC31A,
  0x863C,0x8A5C,0x8E5C,0x8E5C,0x8E5D,0x8E5D,0x8E5D,0x8E5D,0xC33E,0xBB1E,0xC33F,0xDB7F,0xDB9F,0xEFDF,0xE3FF,0x82FF,
  0x871F,0x827F,0x823F,0x821E,0x8139,0x80F4,0x80F3,0x80D1,0x80AE,0x808A,0x808A,0x8069,0x8046,0x8067,0x8067,0x8066,
  0x8046,0x8046,0x8067,0x8046,0x8023,0x8023,0x8023,0x8023,0x8023,0x8023,0x8023,0x8023,0x8023,0x8022,0x8002,0x8002,
  0x8002,0x8002,0x8002,0x8002,0x8002,0x8002,0x8002,0x8002,0x8002,0x8023,0x8002,0x8023,0x8022,0x8022,0x8002,0x8002,
  0x8002,0x8002,0x8002,0x8002,0x8002,0x8023,0x8024,0x8045,0x8046,0x80AB,0xCB1D,0xBAB9,0x80AB,0x8045,0x8045,0x8044,
  0x8023,0x8023,0x8002,0x8002,0x8002,0x8002,0x8002,0x8002,0x8002,0x8002,0x8002,0x8002,0x8002,0x8022,0x8022,0x8002,
  0x8002,0x8002,0x8002,0x8002,0x8024,0x8002,0x8002,0x8002,0x8002,0x8002,0x8002,0x8002,0x8002,0x8002,0x8002,0x8002,
  0x8002,0x8002,0x8002,0x8002,0x8022,0x8002,0x8002,0x8002,0x8002,0x8002,0x8002,0x8022,0x8002,0x8002,0x8002,0x8002,
  0x8002,0x8022,0x8002,0x8002,0x8002,0x8002,0x8002,0x8022,0x8002,0x8002,0x8002,0x8002,0x8022,0x8023,0x8023,0x8022,
  0x8023,0x8022,0x8022,0x8002,0x8023,0x8023,0x8023,0x8023,0x8023,0x8024,0x8044,0x8065,0xCDC9,0x8D2F,0x8027,0x80D1,
  0x81DC,0x831F,0x979F,0x831F,0x8F7F,0x82FF,0x873F,0x82DF,0x81BB,0x82BF,0x82DF,0x9BBF,0x8B7F,0x9FBF,0xA96B,0x9DB2,
  0x954F,0x8045,0x8002,0x8422,0x8023,0xDF18,0xC253,0xB5CE,0xADD0,0x8045,0x8046,0x8045,0x8044,0x8044,0x8045,0x8044,
  0x8044,0x8024,0x8024,0x8024,0x8024,0x8023,0x8023,0x8023,0x8023,0x8023,0x8023,0x8022,0x8022,0x8022,0x8022,0x8022,
  0x8022,0x8002,0x8002,0x8002,0x8002,0x8002,0x8002,0x8022,0x8002,0x8002,0x8002,0x8002,0x8002,0x8002,0x8002,0x8002,
  0xA0E6,0xB104,0xD9C2,0xA4E5,0xA0E4,0xA0E4,0xA0E4,0xA0E5,0xBD02,0xFFFE,0xF201,0xA8C3,0xA4E3,0x98A3,0x8065,0x90C4,
  0x94C4,0x90C4,0x8485,0x88C5,0x8486,0x8087,0x8087,0x8087,0x8087,0x8067,0x8088,0x8D06,0x8CE6,0x8087,0x8087,0x8D06,
  0x8D06,0x8088,0x8088,0x8088,0x8067,0x8067,0x8067,0x8067,0x8067,0x8067,0x8068,0x8088,0x8089,0x8089,0x8089,0x8089,
  0x8089,0x88E9,0x88EA,0x8909,0x88E9,0x88E9,0x88E9,0x8909,0x890A,0x80AA,0x80AB,0x8045,0x8045,0x8025,0x8024,0x8024,
  0x8024,0x8024,0x8024,0x8024,0x8024,0x8045,0x8044,0x8045,0x8045,0x8045,0x8025,0x8045,0x8045,0x8045,0x8045,0x8045,
  0x8045,0x8044,0x8024,0x8046,0x80AD,0x8024,0x80CD,0x8024,0x8067,0x80AD,0x80CE,0x80CF,0x80AD,0x80EF,0xBD88,0xCD86,
  0xFF43,0x88A9,0x84CA,0x9906,0x9926,0x84E9,0x9926,0x94E5,0x90C5,0xD182,0xD162,0xA966,0xA587,0xA166,0xA166,0x8066,
  0xA167,0x8066,0x8068,0x8089,0x8089,0x8089,0x8089,0x808A,0x808A,0x808A,0x808A,0x808A,0x8089,0x8089,0x8089,0x8089,
  0x8089,0x8089,0x8069,0x8069,0x8069,0x8089,0x8089,0x8089,0x8089,0x8089,0x8089,0x88C7,0x8069,0x808A,0xA5C9,0xA1CA,
  0x84EA,0x890A,0x8CE8,0x98E8,0x84CC,0xA9E8,0x890C,0x80CA,0x808A,0x808A,0x8069,0x8068,0x8D29,0x9129,0x808A,0x808A,
  0x808A,0x808A,0x80AB,0x808B,0x808A,0x808A,0x808A,0x808B,0x808B,0x808B,0x80AB,0x80AB,0x80AB,0x80AC,0x80AC,0x80AC,
  0x80AC,0x80AC,0x80AC,0x80AD,0x80AC,0x80AD,0x80AC,0x80AD,0x80AC,0x80AC,0x80AC,0x80CE,0x80CE,0x80AD,0x8110,0x80AD,
  0x80AC,0x9193,0x9172,0x80CE,0x80AE,0x80CE,0x80CE,0x80CE,0x80CF,0x80CE,0x80CE,0x80CE,0x80CE,0x80CE,0x80AD,0x8511,
  0x95B4,0x80F1,0x80F0,0x80CF,0x80F0,0xAA53,0x8572,0x8573,0x8973,0x8974,0x8973,0x8573,0x8573,0x8973,0x8973,0x8973,
  0x8973,0x8973,0x8953,0x8553,0x8573,0x8573,0x8974,0x8973,0x8973,0x8973,0x8573,0x8574,0x8553,0x8552,0x99AF,0xAA0C,
  0x8574,0x8133,0xA22D,0xD315,0xAA4F,0xB250,0xB270,0xD33B,0xCF39,0xBA90,0xC2B0,0x8DF3,0x89F5,0x89F6,0xB672,0xC6F6,
  0xC2D8,0x8E5C,0x8E5C,0x8E5C,0x8E5C,0x8E5C,0x8E5C,0x8A5D,0x8A7E,0xBB1E,0xCB3E,0xD35F,0xCF5F,0xD37F,0xE7BF,0xFBFF,
  0x873F,0x833F,0x82DF,0x81FE,0x81BD,0x817A,0x8159,0x80F3,0x80F2,0x80AD,0x808B,0x80AB,0x808A,0x808A,0x8067,0x8067,
  0x8046,0x8046,0x8046,0x8046,0x8024,0x8023,0x8024,0x8023,0x8024,0x80AA,0x810E,0x8023,0x8023,0x8023,0x8023,0x8002,
  0x8002,0x8002,0x8002,0x8002,0x8002,0x8002,0x8002,0x8002,0x8002,0x8022,0x8022,0x8022,0x8023,0x8022,0x8022,0x8002,
  0x8022,0x8002,0x8002,0x8022,0x8023,0x8024,0x8024,0x8045,0x8067,0x80AC,0xEB9E,0xD31B,0x80AB,0x8046,0x8045,0x8045,
  0x8023,0x8023,0x8022,0x8002,0x8002,0x8002,0x8002,0x8002,0x8002,0x8002,0x8002,0x8002,0x8002,0x8022,0x8002,0x8002,
  0x8002,0x8002,0x8002,0x8002,0x8002,0x8002,0x8002,0x8002,0x8002,0x8002,0x8002,0x8002,0x8002,0x8022,0x8022,0x8002,
  0x8002,0x8002,0x8002,0x8002,0x8002,0x8002,0x8002,0x8002,0x8002,0x8002,0x8002,0x8002,0x8022,0x8002,0x8002,0x8002,
  0x8002,0x8022,0x8002,0x8002,0x8002,0x8002,0x8002,0x8002,0x8002,0x8002,0x8023,0x8023,0x8023,0x8023,0x8023,0x8023,
  0x8023,0x8023,0x8022,0x8022,0x8023,0x8023,0x8023,0x8023,0x8023,0x8023,0x8043,0x8466,0xE228,0x954E,0x8046,0x8046,
  0x8045,0x95B4,0x9A9A,0x825D,0x823E,0x82BF,0xC3FF,0x8FBF,0xBFDF,0xABFF,0x9BDF,0xEFFF,0xFBFF,0x8D09,0x8022,0x8000,
  0x910C,0x8D2E,0x8487,0x8024,0x8046,0x8001,0x8002,0x8822,0xE2F1,0x8843,0x8822,0x8822,0x8422,0x8423,0x8444,0x8024,
  0x8045,0x8444,0x8044,0x8044,0x8024,0x8023,0x8023,0x8023,0x8023,0x8023,0x8023,0x8022,0x8022,0x8022,0x8022,0x8022,
  0x8002,0x8002,0x8002,0x8002,0x8002,0x8002,0x8022,0x8022,0x8002,0x8002,0x8002,0x8002,0x8002,0x8002,0x8002,0x8002,
  0xFFEA,0xB8E2,0xA4E4,0xA0E5,0x98C5,0xA0E5,0xA0E5,0x94C6,0xB4E2,0xB4C1,0xCD21,0xA8A3,0xEA43,0x98A4,0x9CC3,0x9CC4,
  0x98E4,0x94C4,0x90C4,0x90E5,0x8CC5,0x8CC5,0x8087,0x8087,0x8067,0x8046,0x8067,0x8087,0x8088,0x8088,0x8088,0x8067,
  0x8CE6,0x8D05,0x8088,0x8088,0x8067,0x8067,0x8067,0x8067,0x8067,0x8067,0x8068,0x8088,0x8088,0x8088,0x8088,0x8089,
  0x8088,0x80A9,0x88E9,0x88E9,0x88E9,0x88E9,0x88E9,0x88E9,0x88E9,0x88E9,0x80AA,0x8024,0x8024,0x8024,0x8024,0x8025,
  0x8024,0x8024,0x8024,0x8024,0x8024,0x8024,0x8024,0x8025,0x8045,0x8045,0x8024,0x8025,0x8045,0x8045,0x8045,0x8045,
  0x8045,0x8024,0x8024,0x8024,0x8024,0x8024,0x8003,0x80CD,0x80AD,0x80CE,0x80CF,0x80CE,0x806C,0x80CE,0x8CEC,0x9CE6,
  0x98C6,0x90C7,0x8088,0x9906,0x8CE8,0x8069,0x8CE7,0x8486,0x88A6,0x94E6,0xA105,0xB943,0xB543,0xA945,0xA924,0xAD44,
  0xA145,0x9926,0x8089,0x8089,0x8089,0x8089,0x8089,0x808A,0x808A,0x808A,0x808A,0x808A,0x808A,0x8089,0x8068,0x8069,
  0x8089,0x8069,0x8089,0x8089,0x8089,0x8089,0x8089,0x8089,0x8089,0x8089,0x8089,0x8089,0x8069,0x80EE,0x808C,0xA5CB,
  0xA5EB,0xA5EA,0xA9CB,0x90E9,0x80AA,0x952A,0xFAE6,0x890A,0x8D09,0x808A,0x806A,0x8069,0x8D08,0x9128,0x808A,0x80AB,
  0x80AB,0x8069,0x808A,0x80AC,0x808A,0x808A,0x808A,0x808A,0x808A,0x808B,0x808B,0x80AB,0x80AC,0x80AC,0x80AC,0x80AC,
  0x80AC,0x80AC,0x80AC,0x80AD,0x80AC,0x80AC,0x80AC,0x80AC,0x80AC,0x80AC,0x80AC,0x80AC,0x8173,0x80AE,0x8D94,0x8530,
  0x80AD,0x80AC,0x8D73,0x95D6,0x9194,0x80CE,0x80CE,0x80CE,0x80CE,0x80CE,0x80CE,0x80CE,0x80CF,0x80CE,0x80CE,0x80CE,
  0x9172,0xA216,0x80F0,0x80F0,0x80CF,0xA212,0xB691,0xA231,0x8132,0x8573,0x8573,0x8973,0x8573,0x8973,0x8973,0x8973,
  0x8973,0x8553,0x8553,0x8553,0x8973,0x8573,0x8973,0x8974,0x8973,0x8973,0x8574,0x8573,0x8553,0x8553,0x8553,0x8553,
  0x8553,0x8133,0x9DEF,0x99EE,0x9DEE,0xB24F,0xAE2E,0xAE2E,0xC6D7,0xCF18,0xA610,0xAE70,0xAE50,0x8DF4,0x89F6,0x8E17,
  0xC2B4,0x9A59,0x8E5C,0x8E5B,0x8E3C,0x8E3C,0x8A5C,0x8A5D,0x8E5D,0x8A7D,0x865E,0xCB3E,0xBF1E,0xCF5F,0xD77F,0xDFBF,
  0xF7FF,0xB7BF,0x833F,0x82BF,0x825F,0x819B,0x81BD,0x8138,0x80F4,0x80D1,0x80D0,0x80AE,0x80AC,0x80AC,0x8068,0x8068,
  0x8047,0x8046,0x8046,0x8046,0x8045,0x8046,0x8023,0x8024,0x8023,0x8023,0x80A9,0x8023,0x8023,0x8023,0x8023,0x8023,
  0x8023,0x8003,0x8002,0x8002,0x8002,0x8002,0x8002,0x8002,0x8002,0x8002,0x8002,0x8022,0x8023,0x8023,0x8002,0x8002,
  0x8002,0x8002,0x8002,0x8002,0x8002,0x8023,0x8023,0x8023,0x8024,0x8046,0x8069,0x8066,0x8045,0x8024,0x8024,0x8023,
  0x8023,0x8022,0x8022,0x8002,0x8002,0x8002,0x8002,0x8002,0x8002,0x8002,0x8002,0x8002,0x8002,0x8002,0x8002,0x8002,
  0x8002,0x8002,0x8002,0x8002,0x8002,0x8002,0x8002,0x8002,0x8002,0x8002,0x8002,0x8002,0x8002,0x8002,0x8022,0x8002,
  0x8022,0x8002,0x8002,0x8002,0x8002,0x8002,0x8002,0x8002,0x8022,0x8002,0x8002,0x8002,0x8002,0x8002,0x8002,0x8002,
  0x8002,0x8002,0x8002,0x8002,0x8002,0x8002,0x8022,0x8022,0x8002,0x8023,0x8023,0x8023,0x8023,0x8023,0x8024,0x8023,
  0x8023,0x8023,0x8002,0x8023,0x8023,0x8023,0x8023,0x8023,0x8023,0x8023,0x8023,0x8024,0x910E,0x90EB,0x8046,0x8046,
  0x8044,0x9991,0x916F,0x84A9,0x8005,0x821C,0x839E,0x83BF,0x97DF,0xD7FF,0xFBFF,0xFFFF,0xFBFF,0xA7BF,0x877F,0x8150,
  0x8022,0x8001,0x8000,0xFFFB,0xFF90,0xFF8F,0xFF8F,0xF2CB,0xC672,0xB5F1,0xD66F,0xFBB8,0xF797,0xDEF7,0xEF9C,0xDAF8,
  0xA16E,0xFFDE,0x8023,0x8044,0x8044,0x8023,0x8023,0x8023,0x8023,0x8023,0x8023,0x8023,0x8022,0x8022,0x8022,0x8022,
  0x8022,0x8002,0x8002,0x8002,0x8022,0x8002,0x8002,0x8002,0x8002,0x8002,0x8002,0x8002,0x8002,0x8002,0x8002,0x8002,
  0xC943,0xB0E4,0xA0E4,0x9CC4,0x8885,0x98E5,0x98E5,0x8485,0x8864,0x98A2,0x9482,0x9083,0xACE2,0xC542,0xA4A2,0xA4C3,
  0x9CC3,0x94C4,0x94C4,0xC563,0x8CC6,0x8CC5,0x8CC5,0x88A6,0x8067,0x8067,0x8067,0x8085,0x8087,0x84C7,0x8088,0x84A7,
  0x84A6,0x8088,0x8068,0x8068,0x84A7,0x8486,0x8067,0x84A6,0x8064,0x8045,0x8068,0x8068,0x8068,0x8068,0x8088,0x8088,
  0x8088,0x8088,0x8088,0x8088,0x88E9,0x88E9,0x88E9,0x88E9,0x88E9,0x88E9,0x88E9,0x8025,0x8024,0x8024,0x8024,0x8024,
  0x8024,0x8024,0x8024,0x8024,0x8024,0x8024,0x8024,0x8024,0x8045,0x8025,0x8045,0x8025,0x8045,0x8045,0x8045,0x8045,
  0x8045,0x8044,0x8024,0x8024,0x8046,0x8068,0x80AA,0x80AB,0x80CB,0x8068,0x80CF,0x80EF,0x80AE,0x80AE,0xA108,0xC164,
  0x94A6,0x88A6,0x84A8,0x9CE5,0x8487,0x80A7,0x8088,0x8088,0x8068,0x8CC5,0x90E5,0x94E5,0xB103,0xFB8B,0xCD41,0xB543,
  0x9D46,0x9D45,0x8088,0x8088,0x8088,0x8069,0x8089,0x8089,0x8089,0x808A,0x808A,0x8089,0x80AA,0x808A,0x8089,0x8068,
  0x8068,0x8089,0x8089,0x8089,0x8089,0x8089,0x8089,0x8089,0x8089,0x8089,0x8089,0x8089,0x8089,0x8069,0x8069,0x8068,
  0x954A,0x9569,0xA1AA,0xA5CB,0xA9EC,0xD28B,0xA507,0x892A,0x852A,0x8509,0x808A,0x850A,0x8D0A,0x84CA,0x808A,0x80AB,
  0x80AB,0x806A,0x808A,0x80AC,0x810F,0x808A,0x808A,0x808A,0x808A,0x808A,0x808B,0x808B,0x80AB,0x80AB,0x80AC,0x80AC,
  0x80AC,0x80AC,0x80AC,0x80AC,0x80AC,0x80AC,0x80AC,0x80AC,0x808B,0x80AC,0x80AC,0x808C,0x80AD,0x80AD,0x80AD,0x8D94,
  0x80AE,0x80CE,0x80CE,0x8D93,0x8953,0x80CF,0x80CE,0x80CE,0x80CE,0x80CE,0x80CE,0x80CE,0x80CE,0x80CE,0x80CE,0x80CF,
  0x80CF,0x80F0,0xB677,0xB277,0x8531,0x80F0,0xC2F5,0x8110,0x8111,0x8553,0x8974,0xAA76,0x8132,0x8552,0x8552,0x8973,
  0x8973,0x8973,0x8552,0x8552,0x8552,0x8552,0x8973,0x8973,0x8132,0x8573,0x8573,0x8573,0x8553,0x8573,0x8553,0x8573,
  0x8574,0x8574,0x8573,0x8570,0x99ED,0x9DED,0x9DCC,0xA1ED,0xAE2F,0xCF18,0xCF18,0xBED7,0xAE2F,0xB270,0xBED5,0x9A39,
  0x9219,0xA255,0x9256,0x9259,0x8E3B,0x8E5C,0x8E3B,0x8E5C,0x865D,0x8A7D,0x8A5D,0x8A5D,0xCF5E,0xC73E,0xD37F,0xD37F,
  0xD37F,0xE7DF,0xE3DF,0x835F,0x831F,0x82BF,0x823E,0x819C,0x817B,0x80F5,0x80F2,0x80F1,0x80CF,0x80AD,0x80AB,0x808A,
  0x80AB,0x8046,0x8066,0x8046,0x8046,0x8046,0x8045,0x8045,0x8023,0x8023,0x8023,0x8022,0x8023,0x8022,0x8023,0x8023,
  0x8023,0x8044,0x8024,0x8002,0x8002,0x8002,0x8002,0x8002,0x8023,0x8022,0x8002,0x8002,0x8002,0x8002,0x8022,0x8002,
  0x8002,0x8002,0x8002,0x8002,0x8022,0x8022,0x8022,0x8023,0x8023,0x8024,0x8046,0x8045,0x8024,0x8023,0x8023,0x8023,
  0x8022,0x8002,0x8002,0x8002,0x8002,0x8002,0x8002,0x8002,0x8002,0x8002,0x8002,0x8002,0x8002,0x8002,0x8002,0x8002,
  0x8002,0x8002,0x8002,0x8002,0x8002,0x8002,0x8002,0x8002,0x8002,0x8002,0x8002,0x8002,0x8002,0x8002,0x8002,0x8002,
  0x8002,0x8002,0x8002,0x8002,0x8002,0x8002,0x8002,0x8002,0x8002,0x8002,0x8002,0x8002,0x8002,0x8002,0x8002,0x8002,
  0x8002,0x8022,0x8002,0x8002,0x8002,0x8022,0x8002,0x8022,0x8023,0x8023,0x8023,0x8023,0x8044,0x8046,0x8046,0x8024,
  0x8024,0x8023,0x8023,0x8023,0x8023,0x8023,0x8023,0x8023,0x8023,0x8023,0x8023,0x8022,0x8D0D,0x8CA7,0x8044,0x8002,
  0x8001,0x994E,0x996E,0x84A9,0x8025,0x80CC,0x8133,0x8132,0x8198,0x835F,0xABFF,0xFFFF,0xFFFF,0x8088,0x867B,0x812F,
  0x80AB,0x8000,0x8000,0x8421,0x8C41,0xFFF1,0xDE8E,0xB213,0xA5D3,0xA192,0x90AA,0x992A,0x8867,0x8024,0xD6F8,0xD719,
  0xDAF8,0xE717,0x8000,0xF7BC,0xFBDE,0xB5AB,0x8023,0x8024,0x8023,0x8023,0x8023,0x8023,0x8023,0x8023,0x8022,0x8022,
  0x8023,0x8002,0x8002,0x8022,0x8002,0x8023,0x8002,0x8022,0x8002,0x8002,0x8022,0x8002,0x8024,0x8002,0x8002,0x8002,
  0xA8E4,0xA8E3,0x9CE5,0x98C4,0x8885,0x94C5,0x94C4,0x8885,0x8044,0x90A4,0x8884,0x94C3,0xA8E2,0xACE2,0xA8C3,0xDDA0,
  0xD540,0xC962,0xB545,0x90C6,0x88A7,0x90C5,0x88C6,0x98C3,0x8067,0x8067,0x8066,0x8044,0x80A7,0x84C8,0x80A9,0x8088,
  0x8088,0x8068,0x8026,0x8068,0x8CE5,0x84A6,0x8067,0x8087,0x8045,0x8044,0x8068,0x8068,0x8068,0x8068,0x8065,0x8088,
  0x8088,0x8088,0x8088,0x8088,0x8088,0x84A8,0x88E9,0x88C9,0x88E9,0x88E9,0x88E9,0x812D,0x8024,0x8024,0x8024,0x8024,
  0x8024,0x8024,0x8024,0x8024,0x8024,0x8044,0x8024,0x8024,0x8024,0x8024,0x8045,0x8044,0x8024,0x8025,0x8045,0x8045,
  0x8045,0x8069,0x8025,0x8023,0x80CD,0x80AC,0x80AC,0x8089,0x8088,0x810C,0x88EC,0x8CEC,0x84EF,0x88EF,0xFFC6,0xC1A4,
  0x90A6,0x8067,0x8067,0x8067,0xACE3,0x88A6,0x80A7,0x8088,0x8068,0x88C6,0x90C5,0x94E5,0xA503,0xBD42,0xA4C4,0x90C6,
  0x9965,0x9946,0x90E8,0x8CE7,0x8CE7,0x8068,0x8088,0x8088,0x8088,0x8089,0x8089,0x80AA,0xA16A,0x8089,0x808A,0x8088,
  0x8068,0x8089,0x8089,0x8089,0x8089,0x8089,0x8089,0x8089,0x8069,0x8069,0x8089,0x8069,0x8069,0x8069,0x8069,0x8069,
  0x954A,0x9569,0xADEA,0xA18A,0xA5CB,0xA9CA,0x9D4A,0x8D29,0x8068,0x80CB,0x84EB,0x80CB,0x80AA,0x8089,0x808A,0x808A,
  0x80AB,0x80AB,0x956A,0x80CB,0x80AC,0x808A,0x808A,0x808A,0x808A,0x808A,0x808A,0x808A,0x80AB,0x80AB,0x80AB,0x80AC,
  0x80AC,0x80AC,0x80AC,0x80AC,0x80AC,0x80AC,0x80AC,0x80AC,0x80AC,0x80AC,0x80AC,0x808B,0x808B,0x80F0,0x80AC,0x8D94,
  0x80EF,0x80AD,0x80CD,0x80CD,0x80CE,0x95B4,0x80AE,0x80CE,0x80CE,0x80CE,0x80CE,0x80CE,0x80CE,0x80CE,0x80CF,0x8510,
  0x80F0,0x80F0,0xA1F6,0xBAB8,0xBA98,0x80F0,0x8952,0x8931,0x8952,0x8132,0x8553,0x9A16,0xC2D9,0xD319,0xB677,0x8974,
  0x8573,0x8973,0x8952,0x8552,0x8552,0x8552,0x8532,0x8532,0x8132,0x8573,0x8573,0x8573,0x8553,0x8553,0x8573,0x8573,
  0x8574,0x8574,0x8153,0x8152,0x8551,0x8152,0x9DEC,0x99AC,0xA5ED,0xC716,0xCF18,0xCF19,0xA631,0xB690,0xBED5,0xCEF4,
  0x9A38,0x9238,0x9637,0xA254,0x9239,0x8E19,0x8A3B,0x8A3C,0xE37C,0x8A5C,0x865C,0x867D,0x867D,0x865D,0xCB5E,0xCF5E,
  0xCF5E,0xCF5F,0xDFBF,0xEFFF,0xB39E,0x831F,0x829F,0x821E,0x81BC,0x8159,0x8136,0x8115,0x80D1,0x80CF,0x80AB,0x80AB,
  0x808A,0x8047,0x80AA,0x8067,0x8046,0x8045,0x8002,0x8024,0x8046,0x8023,0x8023,0x8023,0x8023,0x8068,0x8003,0x8023,
  0x8023,0x8023,0x8024,0x8023,0x8002,0x8022,0x8023,0x8002,0x8002,0x8002,0x8002,0x8002,0x8002,0x8022,0x8002,0x8002,
  0x8002,0x8022,0x8002,0x8002,0x8022,0x8023,0x8022,0x8023,0x8023,0x8023,0x8045,0x8024,0x8023,0x8023,0x8023,0x8023,
  0x8022,0x8002,0x8022,0x8002,0x8002,0x8002,0x8002,0x8002,0x8002,0x8002,0x8002,0x8002,0x8002,0x8023,0x8002,0x8002,
  0x8002,0x8002,0x8002,0x8002,0x8002,0x8002,0x8002,0x8002,0x8002,0x8002,0x8002,0x8002,0x8002,0x8002,0x80AB,0x8002,
  0x8022,0x8002,0x8002,0x8002,0x8002,0x8002,0x8022,0x8002,0x8002,0x8002,0x8002,0x8002,0x8002,0x8002,0x8002,0x8002,
  0x8002,0x8002,0x8002,0x8002,0x8022,0x8022,0x8022,0x8022,0x8023,0x8023,0x8023,0x8023,0x8046,0x8067,0x8068,0x8045,
  0x8044,0x8023,0x8023,0x8023,0x8023,0x8023,0x8023,0x8023,0x8023,0x8023,0x8023,0x8022,0x912D,0x8023,0x8023,0x8000,
  0x8001,0x9D6F,0xA5D0,0x80A9,0x8046,0x8047,0x850F,0x892F,0x80AE,0x82DF,0x839F,0x93DF,0x8BBF,0x8000,0x81F7,0x814F,
  0x80CB,0x8044,0x8001,0x8000,0x8400,0xA0A1,0x9CE8,0xC673,0xC233,0x990C,0x8465,0x8CA7,0xA5D1,0xA614,0x8865,0xCAB7,
  0xC274,0xA4E6,0x8443,0x8443,0x8863,0xCE51,0xFFFE,0x8000,0x8422,0x8023,0x8023,0x8023,0x8023,0x8023,0x8023,0x8023,
  0x8023,0x8022,0x8002,0x8022,0x8023,0x8022,0x8022,0x8022,0x8002,0x8022,0x8002,0x8002,0x8132,0x8002,0x8002,0x8002,
  0x98E5,0xCDA3,0x94C5,0x8885,0x8885,0x8C84,0x8884,0x8484,0x8484,0x8484,0x8465,0x8CA4,0x90A4,0x98A3,0xB8E2,0xFB6B,
  0xFFFF,0xBD23,0x9CE5,0x90C6,0x8886,0xA8E3,0x9CE5,0x98C4,0x8067,0x8045,0x8025,0x8045,0x80A9,0x80A8,0x8088,0x8067,
  0x8045,0x8024,0x8067,0x88C6,0x88E5,0x88E6,0x88E7,0x8088,0x8088,0x8045,0x8068,0x8068,0x8068,0x8068,0x8065,0x8088,
  0x8067,0x8088,0x8068,0x8088,0x8088,0x8088,0x80C9,0x80A9,0x80A9,0x84CA,0x8024,0x8024,0x8024,0x8024,0x8024,0x8024,
  0x8024,0x8024,0x8024,0x8024,0x8024,0x8024,0x8024,0x8024,0x8025,0x8024,0x8025,0x8044,0x8024,0x8045,0x8045,0x8045,
  0x8045,0x808B,0x8025,0x8045,0x8045,0x808B,0x80AC,0x80CD,0x80CD,0x9529,0xB146,0xD9A3,0xFB44,0xA0C7,0x9D06,0x98E6,
  0x94E6,0x88A6,0x8087,0x8067,0x8885,0x90C5,0x88A6,0x84A6,0x88A5,0x8CC5,0x8045,0x94E5,0xFE82,0x98A3,0x8CA5,0x88A7,
  0x8068,0x8088,0x9D67,0x8D07,0x8CE6,0x8089,0x8045,0x8045,0x8067,0x8089,0x8089,0x84CA,0x954A,0x9948,0x9969,0x80CB,
  0x8069,0x8089,0x8089,0x8089,0x8069,0x8089,0x8089,0x8089,0x8069,0x8089,0x8069,0x8069,0x8069,0x8069,0x8D29,0x9569,
  0x9569,0x9569,0x9548,0x9548,0x9549,0x9548,0xCE65,0xB1C8,0x992A,0x80AA,0x80AA,0x80A9,0x9D67,0x80CA,0x8908,0x80AB,
  0x84EB,0x9149,0x9149,0x9149,0x80AA,0x8089,0x808A,0x808A,0x808A,0x808A,0x808A,0x80AA,0x80AA,0x80AB,0x80AB,0x80AB,
  0x80AB,0x80AC,0x80AC,0x80AC,0x80AB,0x80AC,0x80AC,0x80AC,0x80AC,0x80AC,0x80AC,0x80AD,0x80AD,0x80AD,0x80AD,0x80CE,
  0x80CD,0x80AD,0x8D73,0x8D94,0x9195,0x80CE,0x80AE,0x80CE,0x80CE,0x80CE,0x80CE,0x80CE,0x80CE,0x80CF,0x80EF,0x8511,
  0x8511,0x8110,0x80CF,0x9DD3,0xA214,0x9592,0xB253,0xB695,0xC2D8,0xBED9,0x8532,0x95B4,0x8994,0xCF1A,0xCEF9,0xCEF9,
  0xCEF8,0x8951,0x8532,0x80F0,0x8110,0x91B1,0x95B2,0x8131,0x8131,0x8152,0x8573,0x8153,0xB257,0x8973,0x8553,0x8553,
  0x8573,0x9194,0x8973,0x8173,0x8553,0x8573,0x8D90,0x95AD,0x9DCD,0xA60C,0xAA2D,0xC2D4,0xD316,0xCF13,0x95F3,0xA651,
  0xBAB3,0xB694,0x8DF9,0x91F8,0x8E18,0x8E18,0x9218,0x8E3B,0x8E3B,0x861B,0xD75D,0xC71C,0x8A7D,0x867D,0x8A7C,0xAEFD,
  0xCB5E,0xCB5E,0xCB5E,0xD39F,0xEBDF,0xEFFF,0xA7BF,0x833F,0x82BF,0x81FE,0x817B,0x815A,0x8137,0x80F3,0x80CF,0x80CD,
  0x80AC,0x80AB,0x80AB,0x8067,0x8068,0x8088,0x8046,0x8046,0x8066,0x8067,0x8046,0x8022,0x8023,0x8023,0x8023,0x8023,
  0x8023,0x8023,0x8023,0x8023,0x8023,0x8023,0x8023,0x8003,0x8022,0x8002,0x8002,0x8002,0x8022,0x8023,0x8022,0x8002,
  0x8002,0x8002,0x8002,0x8022,0x8023,0x8022,0x8022,0x8022,0x8022,0x8023,0x8023,0x8023,0x8023,0x8023,0x8023,0x8023,
  0x8023,0x8002,0x8002,0x8023,0x8002,0x8002,0x8002,0x8002,0x8002,0x8002,0x8023,0x8002,0x8002,0x8002,0x8002,0x8002,
  0x8002,0x8002,0x8002,0x8002,0x8002,0x8022,0x8002,0x8022,0x8002,0x8002,0x8002,0x8002,0x8002,0x8002,0x8002,0x8002,
  0x8002,0x8002,0x8022,0x8002,0x8002,0x8002,0x8002,0x8022,0x8002,0x8022,0x8002,0x8002,0x8002,0x8002,0x8002,0x8002,
  0x8002,0x8002,0x8002,0x8002,0x8002,0x8002,0x8002,0x8002,0x8024,0x8024,0x8045,0x8046,0x8488,0xC6FA,0xFFFF,0x8089,
  0x8046,0x8044,0x8023,0x8023,0x8023,0x8002,0x8002,0x8002,0x8002,0x8002,0x8021,0x8021,0xE2B0,0x8421,0x8001,0x8001,
  0x8002,0x9D6E,0x8088,0x80CA,0x8067,0x8046,0x8CEB,0x950B,0x8047,0x8069,0x808B,0x80D2,0x80B0,0x84EA,0x8043,0x80EB,
  0x8065,0x80EC,0x80C9,0x8000,0x8023,0x8886,0x8443,0x8000,0xADAC,0xBE0E,0xCA71,0xAE13,0xADF3,0xA9D2,0x8443,0x8421,
  0x8000,0xBE75,0xBA55,0xC275,0xC675,0xC696,0xCEB5,0xCE51,0xFF52,0xA0C5,0x8023,0x8024,0x8023,0x8023,0x8023,0x8023,
  0x8023,0x8023,0x8023,0x8022,0x8022,0x8023,0x8023,0x8022,0x8022,0x8022,0x8022,0x8002,0x8022,0x8022,0x8002,0x8002,
  0x8044,0xAD04,0x94A4,0x8CA5,0x8CA5,0x8885,0x8065,0x8485,0x8484,0x8464,0x8065,0x8CA4,0x8CA4,0x94A3,0xA0A2,0xB8E1,
  0xE5A1,0xA4C4,0x9CE6,0x98C5,0x9085,0xA504,0x9CE4,0x8066,0x8066,0x8067,0x84A6,0x8046,0x8067,0x80A8,0x8088,0x8067,
  0x8045,0x8024,0x8045,0x8087,0x8087,0x84A7,0x84A7,0x8088,0x8088,0x8067,0x8023,0x8045,0x8045,0x8067,0x8088,0x8066,
  0x8087,0x8088,0x8067,0x8067,0x8067,0x8087,0x8089,0x8089,0x8004,0x8024,0x8024,0x8025,0x8024,0x8024,0x8024,0x8024,
  0x8024,0x8024,0x8024,0x8024,0x8024,0x8024,0x8024,0x8024,0x8045,0x8025,0x8024,0x8024,0x8024,0x8024,0x8045,0x8045,
  0x8045,0x8045,0x8045,0x8025,0x8045,0x808A,0x8026,0x80CE,0x88EB,0xA526,0x9509,0x9D08,0xAD26,0x98A5,0x88A5,0x8086,
  0x84A6,0x94E5,0x84A7,0x8488,0xA4C3,0x90C5,0x8CA5,0x8CA4,0x8485,0x88A5,0x88A5,0x90A4,0xC562,0x94A4,0x84A7,0x8048,
  0x8068,0x80A9,0x84C8,0x88C7,0x80A7,0x8089,0x8047,0x8046,0x8067,0x8089,0x8089,0x8089,0x80A9,0x9D69,0xA189,0x80AA,
  0x8089,0x8089,0x8069,0x8089,0x8068,0x8089,0x8089,0x8089,0x8069,0x8068,0x8089,0x8068,0x8069,0x8069,0x8089,0x9129,
  0x8047,0x8067,0x8CE8,0x9129,0x80A9,0x8D29,0x9129,0x9129,0xB587,0x8088,0xADA5,0x9947,0x8D27,0x84C9,0x84E9,0x808A,
  0x808A,0x80C9,0x8D29,0x8909,0x8D09,0x80A9,0x808A,0x808A,0x8089,0x80A9,0x80AA,0x914B,0x954A,0x80AB,0x80AB,0x9DCA,
  0x808B,0x80AC,0x80AC,0x80AB,0x808B,0x80AB,0x80AB,0x80AB,0x80AC,0x80AC,0x80AC,0x80AC,0x80AD,0x80AD,0x80AD,0x80CD,
  0x80CD,0x80AD,0x80AD,0x80AD,0x8D95,0x80CF,0x80CE,0x80AD,0x8152,0x80EF,0x80CE,0x80CE,0x80CE,0x80CF,0x80CF,0x80CF,
  0x80EF,0x8D51,0x808D,0x99B3,0x9DF3,0x9DF3,0x958F,0xA612,0xBED9,0xBEB9,0x9193,0x9593,0xCAF9,0xBA98,0xB278,0xCAF8,
  0xCAF8,0xBAB8,0x80F1,0x8511,0x8111,0x8110,0x9E12,0x8131,0x8152,0x8153,0x8153,0x8154,0x8112,0xBEB7,0x8133,0x8153,
  0x8153,0x8153,0xBAB3,0x95D3,0x8573,0x8153,0x8173,0x8D91,0x91AF,0x8DAF,0xA22E,0xA22F,0xA22F,0xCAF1,0x91B2,0x8193,
  0x9613,0xB66F,0x8DF7,0x8DF8,0x8DF8,0x9219,0x8E19,0x8E3A,0x923A,0x923A,0x81DA,0xDF9E,0xDB9E,0xCF5D,0x8A5C,0x865C,
  0x821B,0xC73D,0xC73E,0xCF5E,0xD37F,0xE3BF,0xF3FF,0xAFDF,0x831F,0x82FF,0x81FE,0x81DD,0x817B,0x8117,0x80F3,0x80F1,
  0x80D0,0x80CE,0x80AB,0x80AB,0x8069,0x8067,0x8067,0x8067,0x8066,0x8046,0x8023,0x8046,0x8023,0x8023,0x8023,0x8023,
  0x810E,0x8024,0x8024,0x8023,0x8023,0x8023,0x8023,0x8023,0x8002,0x8002,0x8002,0x8003,0x8002,0x8002,0x8002,0x8002,
  0x8002,0x8002,0x8002,0x8002,0x8023,0x8022,0x8002,0x8022,0x8022,0x8022,0x8023,0x8023,0x8023,0x8022,0x8002,0x8023,
  0x8002,0x8002,0x8002,0x8022,0x8022,0x8002,0x8002,0x8002,0x8002,0x8002,0x8002,0x8002,0x8002,0x8002,0x8002,0x8002,
  0x8002,0x8002,0x8002,0x8002,0x8002,0x8002,0x8002,0x8002,0x8002,0x8002,0x8002,0x8002,0x8002,0x8002,0x8002,0x8002,
  0x8023,0x8002,0x8002,0x8002,0x8002,0x8002,0x8002,0x8022,0x8022,0x8002,0x8002,0x8002,0x8002,0x8002,0x8002,0x8002,
  0x8002,0x8002,0x8002,0x8002,0x8002,0x8003,0x8002,0x8002,0x8023,0x8023,0x8024,0x8024,0x8046,0x806A,0x8049,0x8046,
  0x8024,0x8023,0x8023,0x8023,0x8022,0x8002,0x8002,0x8002,0x8002,0x8002,0x8002,0x8001,0x990B,0x9D09,0x8023,0x8023,
  0x8045,0xB5F0,0x992B,0x80A8,0x8003,0x8023,0x8067,0x88A8,0x8045,0x8047,0x8068,0x8068,0x8089,0x8025,0x8000,0x8020,
  0x8021,0x80CB,0x8044,0x8000,0x8887,0x8886,0x8465,0x8444,0x8000,0x8000,0xE2D1,0xD691,0xA9D2,0xA56D,0xA16E,0xA9D1,
  0xADF1,0x8C43,0xBE55,0xC276,0xDAD3,0xFF05,0xFFA7,0xBE33,0xD693,0xFAA9,0xFF2F,0x8443,0x8043,0x8044,0x8024,0x8023,
  0x8023,0x8023,0x8023,0x8023,0x8023,0x8023,0x8023,0x8023,0x8022,0x8022,0x8022,0x8002,0x8022,0x8002,0x8002,0x8002,
  0x90A5,0x8C84,0x94A3,0x94A3,0x8CA5,0x8065,0x8485,0x8885,0x8884,0x8884,0x8C84,0x8CA4,0x8CA4,0x8CA4,0x9CC3,0xA0E3,
  0xA4E3,0x94A4,0x8C84,0x9064,0xC942,0x8CA6,0x8065,0x8066,0x8066,0x8067,0x80A6,0x8045,0x8025,0x8045,0x8087,0x8003,
  0x8044,0x8024,0x8045,0x8024,0x8067,0x8087,0x88E6,0x88C6,0x8088,0x8088,0x8045,0x8066,0x8023,0x8067,0x8067,0x8065,
  0x8087,0x8088,0x8067,0x8067,0x8024,0x8023,0x8088,0x8024,0x8024,0x8045,0x8067,0x8024,0x8024,0x8024,0x8024,0x8024,
  0x8024,0x8024,0x8024,0x8024,0x8024,0x8024,0x8024,0x8024,0x8024,0x8024,0x8024,0x8024,0x8024,0x8024,0x8024,0x8024,
  0x8044,0x8024,0x8024,0x8025,0x8025,0x8024,0x8025,0x80CD,0x80CE,0x80AD,0x80AB,0x84A9,0x94E8,0xE603,0xC962,0xA125,
  0x9505,0x90E5,0x84C7,0x80A8,0x98A4,0x94A4,0x9084,0x8C83,0x8884,0x8CA4,0x90A4,0x9084,0xFFC8,0x9883,0x8087,0x8067,
  0x8068,0x8068,0x8068,0x8088,0x80A9,0x80A9,0x80A9,0x80AA,0x80C9,0x88E7,0x80A9,0x80AA,0x80CB,0x8D0B,0x8089,0x8D28,
  0x80A9,0x8089,0x8089,0x8069,0x8088,0x8068,0x8089,0x8089,0x8089,0x8089,0x8069,0x8069,0x8068,0x8068,0x8068,0x8048,
  0x80A9,0x8068,0x80A8,0x954A,0x892A,0x8049,0x8D29,0x8D28,0x8D28,0x88C7,0x8907,0xA986,0x9D66,0x84E8,0x84E9,0x84E8,
  0x8089,0x8089,0x8089,0x8D08,0x8D28,0x88E8,0x808A,0x808A,0x8069,0x8D09,0x9149,0x9549,0x9569,0x84EA,0x80AB,0x958A,
  0x80AB,0x808B,0x80AB,0x808B,0x808B,0x808B,0x808B,0x808B,0x80AC,0x80AC,0x80AC,0x80AC,0x80AC,0x80AC,0x80AC,0x80AD,
  0x80AD,0x80AD,0x80AD,0x8110,0x80CF,0x80F0,0x80EF,0x80CE,0x80CE,0x8132,0x80CF,0x80CF,0x80CE,0x80CE,0x80CE,0x80CE,
  0x80CD,0x80AC,0xA215,0x808C,0x80AD,0xB676,0xB696,0xA633,0xAA37,0xAE58,0xBEB9,0xC2D9,0xBEB8,0xAA37,0xA638,0xCAF9,
  0xC6F8,0xCAF9,0xC6F9,0x9593,0x8511,0x8132,0x8131,0x8152,0x8111,0xBEB7,0x8153,0x8152,0x8954,0xCF18,0xC6F8,0x9DD4,
  0x8132,0x8132,0x8112,0xB6B8,0xCAF9,0xA236,0x8595,0x8576,0xAE98,0x89B2,0x99EE,0x8DB1,0x9DEE,0x95EF,0xCAB4,0xBA95,
  0x8593,0x91D2,0xAE50,0xB64F,0x91F8,0x91F8,0x9219,0x9239,0x923A,0x9239,0x923A,0x8E3A,0xCB3C,0xCF5D,0xD35D,0xCF5D,
  0x8E5C,0xB2DC,0xCF5E,0xC73E,0xCF5E,0xD77E,0xD77F,0xF3FF,0xF3FF,0x875F,0x833F,0x831F,0x819C,0x817B,0x815A,0x8137,
  0x80D3,0x80F2,0x80CE,0x80AE,0x8068,0x808B,0x8068,0x8068,0x8047,0x8045,0x8067,0x8046,0x8024,0x8023,0x8023,0x8023,
  0x8024,0x8023,0x8023,0x8023,0x8023,0x8023,0x8022,0x8023,0x8023,0x8022,0x8002,0x8002,0x8002,0x8002,0x8002,0x8002,
  0x8002,0x8023,0x8002,0x8002,0x8022,0x8022,0x8002,0x8002,0x8022,0x8002,0x8002,0x8022,0x8002,0x8002,0x8002,0x8002,
  0x8002,0x8002,0x8002,0x8002,0x8002,0x8002,0x8023,0x8003,0x8002,0x8002,0x8002,0x8002,0x8002,0x8002,0x8002,0x8002,
  0x8002,0x8002,0x8002,0x8002,0x8002,0x8022,0x8002,0x8002,0x8002,0x8002,0x8002,0x8002,0x8022,0x8002,0x8022,0x8002,
  0x8002,0x8002,0x8002,0x8002,0x8023,0x8002,0x8023,0x8023,0x8002,0x8003,0x8023,0x8002,0x8002,0x8002,0x8002,0x8023,
  0x8002,0x8002,0x8002,0x8002,0x8002,0x8002,0x8002,0x8002,0x8023,0x8023,0x8023,0x8023,0x8045,0x8046,0x8088,0x8024,
  0x8023,0x8023,0x8023,0x8002,0x8002,0x8002,0x8002,0x8002,0x8002,0x8002,0x8022,0x8000,0x892E,0x9D0A,0x8023,0x8023,
  0x8045,0xB5CF,0xA96D,0x8487,0x8002,0x8002,0x80A9,0x8088,0x8045,0x8024,0x8045,0x8045,0x8047,0x8465,0x9CE6,0xFFFA,
  0xF756,0x8000,0x8001,0x8000,0x88A7,0x8444,0xA4E4,0x8886,0x8000,0x8001,0x8000,0x8000,0x8863,0xD293,0xA9D2,0xA9D1,
  0xB1F1,0xA9B0,0x9D0A,0x8423,0xCEB5,0xEEF0,0xE9C2,0xF243,0xBCE1,0x8000,0xB636,0xEF56,0xDDEA,0x8002,0x8044,0x8024,
  0x8024,0x8024,0x8023,0x8023,0x8023,0x8023,0x8023,0x8023,0x8022,0x8023,0x8022,0x8002,0x8022,0x8002,0x8002,0x8002,
  0x8086,0x8465,0x94A3,0xA8E3,0xCD20,0x8CA5,0x8885,0x8485,0xA902,0x94A3,0x90A3,0x90A4,0x90A3,0x90A3,0x90A4,0x90C5,
  0x8CA5,0x98A4,0x8464,0xC962,0x90A5,0x84A6,0x8066,0x8066,0x8066,0x8066,0x8086,0x8085,0x8065,0x8087,0x8087,0x8066,
  0x8023,0x8088,0x8088,0x8088,0x8088,0x8088,0x8088,0x8088,0x8088,0x8088,0x8066,0x8023,0x8066,0x8067,0x8088,0x8066,
  0x8088,0x8088,0x8068,0x8067,0x8067,0x8025,0x8088,0x8023,0x8024,0x8023,0x8045,0x8044,0x8024,0x8024,0x8024,0x8024,
  0x8024,0x8024,0x8024,0x8024,0x8024,0x8024,0x8024,0x8024,0x8024,0x8024,0x8024,0x8024,0x8024,0x8024,0x8024,0x8044,
  0x8024,0x8024,0x8045,0x8025,0x8025,0x8045,0x8024,0x8024,0x8024,0x80AC,0x80AB,0x80AC,0x8069,0x8CE9,0xC9A4,0xA504,
  0x9506,0x9105,0x84C6,0x8CC6,0x8CA5,0xE5C1,0xA4A3,0x9CA2,0x8C83,0x9883,0x98A5,0xD141,0x9CC6,0x9CE5,0x8CA6,0x8CE5,
  0x8068,0x8068,0x8068,0x8089,0x80A9,0x8069,0x8046,0x80CB,0x84E8,0x8087,0x9128,0x84E9,0x84CA,0x88EA,0x84A8,0x8908,
  0x8908,0x84C8,0x8089,0x8069,0x8087,0x8067,0x8068,0x8068,0x8088,0x8089,0x8088,0x8069,0x8068,0x8068,0x8068,0x8068,
  0x80A9,0x8068,0x9548,0x9569,0x9569,0x8068,0x8047,0x8D07,0x8D07,0x84E7,0x8907,0xA187,0xC9C6,0x9D88,0x9148,0x84E8,
  0x80A8,0x8089,0x8089,0x88E9,0x8D28,0x80A9,0x84C9,0x808A,0x8089,0x8089,0x8909,0x9569,0x9569,0x9149,0x916A,0x956A,
  0x9569,0x808A,0x808A,0x808A,0x808A,0x808B,0x808B,0x80AB,0x80AB,0x80AC,0x80AC,0x80AC,0x80AC,0x80AC,0x80AC,0x80AD,
  0x80AC,0x80AC,0x80AC,0x80AD,0x80AD,0x80AD,0x80CE,0x80CE,0x80CE,0x80F0,0x80CF,0x80F0,0x80EF,0x80CE,0x80CE,0x80CE,
  0x80AC,0x808C,0xA616,0x8D51,0x80CD,0xB277,0xBAB8,0xBAB7,0x8532,0xA638,0xAE57,0xBA98,0xBA98,0x9DF6,0x8511,0x99D5,
  0xA237,0xC6F9,0xC6F9,0x99D4,0xCF19,0xA616,0x8112,0xAE56,0x8552,0x9DD4,0x99D3,0x8552,0x8974,0x8953,0xCF3A,0xCAF8,
  0x8D72,0x95B4,0x8112,0x8112,0xA217,0xC71A,0xD75A,0xC2F9,0xCF19,0x8194,0x8173,0x8152,0x95CE,0x9DED,0x95CE,0xBA91,
  0xC6B1,0x85B4,0x85D5,0x91F4,0x9A13,0x9216,0x9218,0x8DF8,0x8E3A,0x923A,0x8DF8,0x9219,0x8E19,0x8E39,0xCF5C,0xCF5C,
  0xCB3C,0xA27A,0xB6DC,0xD77E,0xC73E,0xCF5E,0xD37E,0xD79F,0xD79F,0xEFDF,0xAFDF,0x835F,0x82BF,0x827F,0x819B,0x819C,
  0x8137,0x80F4,0x8112,0x80AD,0x80AB,0x808B,0x80AB,0x8068,0x8068,0x8067,0x8046,0x8046,0x8024,0x8024,0x8067,0x8023,
  0x8023,0x8023,0x8023,0x8066,0x8023,0x8023,0x8023,0x8023,0x8023,0x8022,0x8002,0x8002,0x8002,0x8002,0x8002,0x8002,
  0x8002,0x8022,0x8022,0x8002,0x8022,0x8002,0x8002,0x8002,0x8002,0x8002,0x8002,0x8002,0x8022,0x8002,0x8002,0x8002,
  0x8002,0x8002,0x8002,0x8002,0x8002,0x8002,0x8022,0x8022,0x8572,0x8022,0x8002,0x8002,0x8002,0x8002,0x8002,0x8002,
  0x8002,0x8002,0x8002,0x8002,0x8002,0x8002,0x8002,0x8002,0x8002,0x8002,0x8002,0x8002,0x8002,0x8002,0x8002,0x8002,
  0x8002,0x8023,0x8002,0x8002,0x8023,0x8023,0x8023,0x8023,0x8002,0x8002,0x8023,0x8002,0x8002,0x8002,0x8002,0x8002,
  0x8002,0x8002,0x8002,0x8002,0x8002,0x8002,0x8002,0x8023,0x8023,0x8023,0x8023,0x8023,0x8023,0x8024,0x8044,0x8023,
  0x8023,0x8023,0x8022,0x8002,0x8002,0x8002,0x8002,0x8002,0x8002,0x8022,0x8023,0x8002,0x8D70,0x8023,0x8023,0x8023,
  0x8024,0x852E,0x992C,0x88A8,0x8065,0x8023,0x8088,0x8087,0x8024,0x8024,0x8024,0x8024,0x8024,0x8044,0x8046,0xB588,
  0x8000,0xCA74,0xEF9C,0x8442,0x84A8,0x8887,0x8466,0x8487,0x8067,0x8023,0x8486,0x8486,0x8000,0x9CA3,0xBE53,0x910C,
  0x8844,0xADF2,0xA9D2,0xA56D,0x8421,0x992C,0xF643,0xF642,0xF621,0x8000,0xA9AF,0xA5B1,0xB1B0,0xFBBA,0x8000,0x8045,
  0x8044,0x8044,0x8024,0x8024,0x8023,0x8023,0x8023,0x8023,0x8023,0x8023,0x8022,0x8022,0x8022,0x8022,0x8002,0x8002,
  0x88A6,0x8065,0x90A4,0x98A5,0xA0C4,0x8CA4,0x8885,0x8885,0xB902,0xE182,0xA4C2,0x98C3,0x8CA4,0x8045,0x8CA4,0x88A4,
  0x90A4,0x9483,0x8864,0xC122,0x88C5,0x8065,0x8046,0x8045,0x84C5,0x84C6,0x8066,0x8044,0x8044,0x8086,0x8085,0x8085,
  0x8086,0x8067,0x8087,0x8088,0x8088,0x8088,0x8087,0x8087,0x8045,0x8088,0x8046,0x8023,0x8003,0x8024,0x8067,0x8088,
  0x8088,0x8088,0x8088,0x8088,0x8068,0x8068,0x8088,0x8088,0x8023,0x8023,0x8023,0x8024,0x8065,0x8024,0x8024,0x8024,
  0x8024,0x8024,0x8024,0x8024,0x8024,0x8024,0x8024,0x8024,0x8024,0x8024,0x8024,0x8024,0x8024,0x8024,0x8024,0x8024,
  0x8024,0x8045,0x8025,0x8045,0x8045,0x8024,0x8024,0x8024,0x8024,0x8024,0x80AC,0x80CD,0x8068,0x80CB,0xA565,0xA545,
  0x9D26,0xA4E3,0x90C5,0x8CC5,0x88A5,0x94A4,0xF284,0xD940,0xDDA1,0x9085,0x88A7,0x8087,0x8087,0xE202,0x94E5,0x9905,
  0x9945,0x8067,0x8088,0x8088,0x8068,0x8089,0x8089,0x8068,0x8067,0x84E7,0xB984,0x8D08,0x90E7,0x80A7,0x84C8,0x80A7,
  0x84C8,0x88E8,0x84C9,0x80AA,0x8088,0x8068,0x8068,0x8068,0x8067,0x8068,0x8067,0x8068,0x8088,0x80EA,0x8068,0x8088,
  0x8509,0x8067,0x8047,0x9548,0x9548,0x9127,0x8026,0x8047,0x8D27,0x8D07,0x8D07,0x8D07,0x8886,0x9926,0x9547,0x9568,
  0x9568,0x808A,0x9989,0x84A9,0x80C8,0x8088,0x8D07,0x8908,0x8069,0x8089,0x9129,0x9149,0x9149,0x9149,0x9149,0x9569,
  0x9569,0x808A,0x808A,0x808A,0x808A,0x808A,0x818F,0x808B,0x80AB,0x80AB,0x80AC,0x80AC,0x80AC,0x80AC,0x80AC,0x80AC,
  0x80AC,0x80AD,0x80AD,0x80AD,0x80AD,0x80AD,0x80CD,0x80CE,0x91F6,0x80CE,0x80CE,0x80CE,0x80CE,0x80CE,0x80CE,0x80CE,
  0x80AD,0x80AD,0x80AE,0x80CE,0x8952,0x8552,0xA616,0x9DD4,0xAA37,0x9DF5,0xAE56,0xB677,0xA1F5,0xA1F5,0x8532,0x9DF6,
  0x9DF6,0xC6D9,0xCF1A,0xCF1A,0xCF1A,0xCF1A,0xCF1A,0xC6F9,0x8110,0x8530,0xB676,0xAA36,0xB277,0x8552,0xB276,0xC6F9,
  0xC2D8,0x91B4,0x8575,0x9DF6,0xB697,0x99F7,0xC6FA,0xBAB8,0x8995,0xBAB7,0x8153,0x8152,0x91B0,0x95CE,0x91AF,0x91D0,
  0x99F1,0x8DD4,0x89D4,0x95F1,0x89D6,0x8DD5,0x9217,0x8E18,0x9219,0x8DF8,0x8E19,0x9219,0x8E19,0x8E19,0x89D8,0xCB5A,
  0x9E9A,0xAEBA,0xBAFA,0xDB9E,0xD35D,0xC31D,0xB6DD,0xD77E,0xD37E,0xD37F,0xE7DF,0xD7DF,0x933E,0x837F,0x827F,0x81FD,
  0x81DD,0x817A,0x8135,0x80D0,0x80D0,0x80AD,0x808B,0x808A,0x80CC,0x8067,0x8046,0x8067,0x8067,0x8067,0x8067,0x8023,
  0x8024,0x8023,0x8023,0x8024,0x8068,0x8023,0x8023,0x8022,0x8022,0x8022,0x8022,0x8022,0x8022,0x8002,0x8024,0x8002,
  0x8002,0x8002,0x8022,0x8022,0x8002,0x8002,0x8002,0x8002,0x8002,0x8002,0x8002,0x8002,0x8002,0x8023,0x8002,0x8022,
  0x8002,0x8002,0x8022,0x8002,0x8002,0x8002,0x8002,0x8022,0x8002,0x8002,0x8002,0x8002,0x8002,0x8002,0x8002,0x8002,
  0x8002,0x8002,0x8002,0x8002,0x8002,0x8002,0x8022,0x8002,0x8002,0x8002,0x8002,0x8002,0x8002,0x8022,0x8002,0x8002,
  0x8002,0x8002,0x8023,0x8022,0x8023,0x8023,0x8023,0x8023,0x8002,0x8002,0x80EC,0x8002,0x8002,0x8002,0x8022,0x8002,
  0x8023,0x8003,0x8022,0x8002,0x8022,0x8022,0x8022,0x8002,0x8002,0x8023,0x8023,0x8023,0x8023,0x8024,0x8024,0x8023,
  0x8023,0x8022,0x8002,0x8002,0x8002,0x8002,0x8002,0x8002,0x8002,0x8022,0x8023,0x8022,0x8D6F,0x8023,0x8045,0x8002,
  0x8023,0x8D2C,0x9D4C,0x8024,0x8002,0x8045,0x8045,0x8066,0x8023,0x8023,0x8023,0x8023,0x8024,0x8024,0x8044,0x8045,
  0x8022,0x8001,0x8000,0x8000,0x8000,0x88A7,0x8487,0x8486,0x8065,0x8488,0x8487,0x8466,0x8443,0x8000,0x8000,0xCA30,
  0xEACF,0xB1F2,0xA98F,0x8C65,0x9D4D,0x8000,0x8000,0x8000,0x8000,0x8001,0x8885,0x8422,0xA9B0,0xA9D1,0xC60E,0xC146,
  0x8443,0x8044,0x8044,0x8044,0x8024,0x8024,0x8024,0x8023,0x8023,0x8022,0x8023,0x8022,0x8022,0x8022,0x8002,0x8002,
  0x8066,0x8485,0xA4C3,0x9084,0x8045,0x94A4,0x90C5,0x90C5,0xB502,0xD162,0xB0E3,0xA0C3,0x8CA4,0x8465,0x88A4,0x88A4,
  0x8064,0x8044,0x8464,0x8884,0x94E5,0x8086,0x8046,0x8045,0x8085,0x84A5,0x8066,0x8045,0x8086,0x8086,0x8085,0x8064,
  0x8064,0x8023,0x8024,0x8088,0x8088,0x8067,0x8087,0x8087,0x8023,0x84A5,0x8046,0x8024,0x8046,0x8046,0x8046,0x8067,
  0x8088,0x8067,0x8045,0x8088,0x8067,0x8024,0x8046,0x8046,0x8023,0x8024,0x8023,0x8024,0x8066,0x8024,0x8024,0x8024,
  0x8024,0x8024,0x8024,0x8024,0x8024,0x8024,0x8024,0x8024,0x8024,0x8024,0x8024,0x8024,0x8024,0x8024,0x8024,0x8024,
  0x8024,0x8045,0x8025,0x8025,0x8024,0x8024,0x8046,0x8068,0x8024,0x8023,0x808B,0x808C,0x8048,0x8089,0x84E6,0x90E5,
  0x90E6,0xA0E4,0xBD43,0x90E6,0x8484,0xAD44,0xE5A2,0xF1C0,0xD140,0x94A5,0x8C85,0x8066,0x8066,0x94C5,0xA4E3,0x9D45,
  0x9505,0x9506,0x8067,0x8088,0x8068,0x8069,0x8089,0x8026,0x8025,0x80A7,0xA525,0x8CE7,0x88C6,0x84C7,0x88E8,0x8087,
  0x80A8,0x88E8,0x84A8,0x8069,0x80A8,0x8D08,0x8068,0x8088,0x8068,0x8067,0x8067,0x8068,0x8068,0x8067,0x8047,0x8068,
  0x8067,0x8047,0x8046,0x88E6,0x9127,0x80A7,0x8048,0x8068,0x9127,0x8D27,0x8D07,0x84A6,0x8085,0xA986,0x9947,0xC584,
  0x9148,0x84E9,0x9568,0x8D08,0x8068,0x8047,0x8D07,0x8D07,0x80A8,0x8D08,0x84C9,0x8909,0x88E9,0x84E9,0x8D29,0x9569,
  0x956A,0x8D4A,0x806A,0x892A,0x808A,0x808A,0x808A,0x80AA,0x80AB,0x80AB,0x80AB,0x80AC,0x80AB,0x80AB,0x80AC,0x80AC,
  0x80AC,0x80AC,0x80AC,0x80AD,0x80AD,0x80AD,0x80AD,0x80AD,0x80AD,0x8132,0x8551,0x80CE,0x80CE,0x80CE,0x80CE,0x80CE,
  0x80CE,0x80CE,0x80CE,0x80CE,0x8510,0x95D5,0x80CE,0x80CE,0x8930,0x8930,0x9592,0x9DF3,0xB697,0xB256,0x9193,0x8D52,
  0x99D5,0x99D5,0xC6D9,0xC298,0xB657,0xCAF9,0xCAF9,0xC6FA,0xCB19,0x8530,0xAA15,0xC2B8,0xA616,0x9DF5,0xA215,0x99F5,
  0xC6F9,0xC6F8,0xC2D9,0xAA36,0xBED8,0x8575,0xCF1A,0xC2F9,0xAE77,0xBED9,0x99D5,0x8573,0x8D91,0x91B0,0x91AF,0x91D0,
  0xC291,0xAA56,0x9DF2,0xAA50,0x89D6,0x8DD6,0x91D4,0x91F6,0x91F7,0x91F8,0x9218,0x9219,0x9219,0x9219,0x8E1A,0xC73C,
  0xCF5A,0xA279,0xCB38,0xCB19,0xCF3A,0xCB3C,0xB2DD,0xB2DD,0xCB3D,0xD37F,0xD37F,0xDFBF,0xEFFF,0xBBDF,0x833F,0x833F,
  0x823F,0x81BC,0x817A,0x8137,0x80D2,0x80F2,0x80AD,0x80CD,0x80AB,0x808A,0x8068,0x8068,0x8067,0x8067,0x8046,0x8045,
  0x8047,0x8024,0x8023,0x8023,0x8088,0x8023,0x8023,0x8002,0x8022,0x8022,0x8023,0x8023,0x8002,0x8002,0x8003,0x8002,
  0x8002,0x8002,0x8002,0x8002,0x8002,0x8002,0x8002,0x8002,0x8002,0x8002,0x8002,0x8002,0x8002,0x8002,0x8002,0x8002,
  0x8023,0x8002,0x8002,0x8002,0x8002,0x8002,0x8002,0x8024,0x8002,0x8002,0x8002,0x8002,0x8002,0x8002,0x8002,0x8002,
  0x8002,0x8002,0x8002,0x8002,0x8002,0x8023,0x8022,0x8002,0x8002,0x8002,0x8022,0x8002,0x8022,0x8002,0x8002,0x8002,
  0x8002,0x8002,0x8023,0x8023,0x8023,0x99D2,0xB6F9,0x8023,0x8023,0x8002,0x8002,0x8002,0x8002,0x8002,0x8002,0x8002,
  0x8003,0x8002,0x8002,0x8022,0x8022,0x8022,0x8002,0x8002,0x8002,0x8002,0x8002,0x8023,0x8023,0x8023,0x8024,0x8023,
  0x8022,0x8002,0x8002,0x8002,0x8002,0x8002,0x8002,0x8002,0x8022,0x8022,0x8022,0x8002,0x94EB,0x8023,0x8045,0x8023,
  0x8024,0x9D2C,0x9D0A,0x8044,0x8000,0x8001,0x8044,0x8066,0x8023,0x8023,0x8023,0x8023,0x8023,0x8024,0x8044,0x8044,
  0xCE08,0x8001,0x94E9,0x8022,0x8000,0x8000,0x8000,0x8044,0x8487,0x8488,0x84A8,0x954B,0x8086,0x8044,0x8864,0x8002,
  0xAD27,0xA9D1,0xA590,0x9D90,0xA18F,0xA9CF,0x8000,0x90EA,0x90EB,0x950C,0x950D,0x90EB,0x8022,0xB633,0xBD88,0x9483,
  0xF399,0x8003,0x8044,0x8045,0x8045,0x8045,0x8044,0x8024,0x8023,0x8024,0x8023,0x8023,0x8022,0x8002,0x8002,0x8022,
  0x9907,0x9CA3,0x94A4,0x8065,0x8045,0x94C5,0x94E5,0x98E5,0xA903,0xA0C3,0xA4C3,0x90A3,0x8CA4,0x8885,0x8465,0x8485,
  0x8465,0x8044,0x8064,0x8484,0x90C5,0x9D25,0x8885,0x8045,0x8024,0x8044,0x8CC5,0x8066,0x8066,0x8066,0x8086,0x80A6,
  0x80A6,0x80A6,0x8044,0x8023,0x8067,0x8024,0x8067,0x8067,0x8066,0x8066,0x8067,0x8066,0x8067,0x8067,0x8067,0x8067,
  0x8024,0x8045,0x8046,0x8087,0x8067,0x8067,0x8003,0x8024,0x8023,0x8068,0x8024,0x8024,0x8024,0x8024,0x8024,0x8024,
  0x8024,0x8024,0x8024,0x8024,0x8024,0x8024,0x8024,0x8024,0x8024,0x8024,0x8024,0x8024,0x8024,0x8024,0x8024,0x8044,
  0x8024,0x8024,0x8024,0x8024,0x8024,0x8024,0x8024,0x8045,0x8045,0x8025,0x8045,0x8045,0x8045,0x8025,0x8086,0x88E6,
  0x88C6,0xA126,0xDA23,0xA146,0x9D25,0xA124,0x9CE4,0xFB0C,0xF70A,0xB524,0x90A5,0x8CA5,0x8CC6,0xA904,0xFFA9,0xA8E4,
  0x9906,0x9926,0x90E5,0x88A5,0x8025,0x8025,0x8068,0x8068,0x8067,0x8067,0x8067,0x84A6,0x88E7,0x84C6,0x84A6,0x88E6,
  0x8025,0x8087,0x8089,0x8069,0x80A9,0x80A9,0x9108,0x88C7,0x80CA,0x8089,0x8068,0x8047,0x8046,0x8047,0x8067,0x8026,
  0x8047,0x8047,0x8047,0x8025,0x8046,0x8027,0x8068,0x8089,0x8088,0x88E8,0x84E7,0xA9A9,0xA1A9,0x9D69,0x994A,0xB567,
  0x88E7,0x9127,0x8088,0x8D07,0x8D27,0x8D07,0x8D08,0x8D28,0x8D08,0x8908,0x80C9,0x80C9,0x84C9,0x88E8,0x8908,0x806A,
  0x9569,0x9149,0x9149,0x8089,0x8069,0x808A,0x808A,0x80CB,0x80AC,0x80AB,0x80AC,0x80AC,0x80AB,0x808B,0x80AB,0x80AC,
  0x80AC,0x80AC,0x80AC,0x80AC,0x80AD,0x80AD,0x80AD,0x80AD,0x80AD,0x80CE,0x8531,0x8531,0x8530,0x80CE,0x80CE,0x80CE,
  0x80CE,0x80CE,0x80CE,0x80CE,0x80EF,0x80CE,0x80AD,0x80AD,0x80AD,0x80AD,0x8510,0xA1F3,0xAA13,0x8110,0x9DB2,0x80CE,
  0x9DF5,0xA616,0xAA37,0xAE57,0xAA16,0xA1F5,0xA615,0xCAF9,0xCAF9,0xC2D9,0xBEB8,0xBEB8,0x8974,0xBEB8,0x9194,0x91B4,
  0xBE98,0xC6D8,0xAA35,0xB277,0xB277,0xB698,0xB297,0xC6FA,0xCAFA,0xC6FA,0xAE57,0xAA56,0x8992,0x8591,0x8DB1,0xA20F,
  0xA20E,0xB673,0xD319,0xA654,0xA651,0xA64F,0x91D4,0x91D3,0x95F6,0x95F7,0x91F7,0x91F7,0x9218,0x9218,0x9219,0x8E3A,
  0x9A5A,0xB297,0x9617,0x9E37,0xCF37,0xCB3A,0xD35A,0xB2DD,0xB2FD,0xD77E,0xD37F,0xD77F,0xD77F,0xE7BF,0xEBFF,0x9B9F,
  0x82FF,0x829F,0x81DD,0x819C,0x8179,0x8116,0x80D1,0x80D0,0x80AC,0x80AC,0x80AC,0x80AB,0x8067,0x8067,0x8067,0x8067,
  0x8046,0x8046,0x8024,0x8023,0x8023,0x8023,0x8023,0x808A,0x8024,0x8023,0x8023,0x8022,0x8022,0x8002,0x8002,0x8002,
  0x8002,0x8002,0x8002,0x8003,0x8002,0x8002,0x8002,0x8002,0x8002,0x8002,0x8002,0x8023,0x8023,0x8002,0x8002,0x8002,
  0x8002,0x8002,0x8002,0x8002,0x8002,0x8002,0x8023,0x8002,0x8002,0x8002,0x8002,0x8002,0x8002,0x8002,0x8002,0x8022,
  0x8002,0x8002,0x8022,0x8022,0x8022,0x8023,0x8002,0x8002,0x8002,0x8022,0x8022,0x8002,0x8022,0x8002,0x8002,0x8002,
  0x8002,0x8002,0x8023,0x8023,0x8024,0x8024,0x8024,0x8023,0x8023,0x8002,0x8002,0x8002,0x8002,0x8002,0x8023,0x8023,
  0x8002,0x8002,0x8002,0x8002,0x8045,0x8022,0x8023,0x8002,0x8002,0x8002,0x8023,0x8002,0x8002,0x8002,0x8023,0x8002,
  0x8002,0x8022,0x8002,0x8002,0x8002,0x8002,0x8002,0x8002,0x8002,0x8002,0x8022,0x8001,0x90CA,0x8002,0x8022,0x8022,
  0x8023,0xB9F1,0x9D0A,0x8466,0x8045,0x8023,0x8045,0x8044,0x8002,0x8023,0x8023,0x8023,0x8023,0x8023,0x8024,0x8043,
  0x8002,0xFB04,0xA14C,0x94E9,0x992D,0x9D4D,0x8000,0x8000,0x8001,0x88A8,0x84A8,0x84A8,0x84A8,0x8064,0x8864,0x8464,
  0x8000,0x8843,0xB56C,0xE2D2,0x8CA9,0xCE4E,0xF72B,0x8422,0x8887,0x8CEB,0x90EC,0x8CEC,0x88C9,0x8022,0xFF70,0xDA4B,
  0x9970,0x99B3,0x8022,0x8045,0x8046,0x8046,0x8045,0x8045,0x8024,0x8024,0x8023,0x8023,0x8023,0x8022,0x8022,0x8022,
  0x8CA6,0x8885,0x9CC5,0xA4E5,0x90C6,0xB124,0xB124,0xA904,0x94A4,0xEA01,0xA4E3,0xA4E2,0x98C3,0x8464,0x8464,0x8485,
  0x8485,0x8085,0x8084,0x8485,0x8CC5,0x88C5,0x90E5,0x8044,0x8044,0x8045,0x8024,0x8485,0x8066,0x8066,0x8086,0x8086,
  0x8023,0x80A6,0x80A6,0x8065,0x8023,0x8024,0x8067,0x8067,0x8067,0x8066,0x8066,0x8067,0x8067,0x8067,0x8067,0x8067,
  0x8046,0x8067,0x8067,0x8067,0x8067,0x8067,0x8067,0x8023,0x8023,0x8024,0x8024,0x8024,0x8024,0x8024,0x8024,0x8024,
  0x8024,0x8024,0x8024,0x8024,0x8024,0x8024,0x8024,0x8024,0x8024,0x8024,0x8024,0x8024,0x8024,0x8024,0x8024,0x8024,
  0x8024,0x8024,0x8044,0x8024,0x8024,0x8024,0x8024,0x8024,0x8024,0x8045,0x8045,0x8045,0x8025,0x8025,0x80C7,0x84C6,
  0x88A5,0x9D46,0x9D46,0x9D25,0x94E5,0x90C5,0x90A5,0xA0E5,0x94A4,0xB164,0xB985,0xAD25,0x84A7,0xA504,0xA925,0xB943,
  0x8CA6,0x9905,0x9505,0x9925,0x8025,0x8066,0x8067,0x8068,0x8026,0x8025,0x8025,0x8087,0x88E7,0x88E6,0x88E6,0x9106,
  0x8907,0x80A7,0x8088,0x8069,0x8068,0x8069,0x8D07,0x9127,0x9547,0x80C9,0x8089,0x8088,0x8068,0x8046,0x8047,0x8046,
  0x8047,0x8047,0x8046,0x8088,0x8025,0x8025,0x8068,0x8067,0x8067,0xB62A,0xADE9,0xA9E9,0xA1A9,0x9D89,0xA1A9,0x9D68,
  0x84A6,0x8CE7,0x8067,0x8D28,0x8908,0x9128,0x9128,0x88E8,0x88E8,0x80A9,0x80C9,0x8D28,0x8D28,0x9148,0x9148,0x8089,
  0x8089,0x8D29,0x9148,0x9569,0x9569,0x808A,0x808A,0x808B,0x80AC,0x80AB,0x80AB,0x80AB,0x80AB,0x808B,0x80AC,0x80AC,
  0x80AC,0x80AC,0x80AC,0x80AC,0x80AC,0x80AC,0x80AD,0x80AD,0x80AD,0x80CD,0x80CD,0x80CE,0x80EF,0x8110,0x80EE,0x80CE,
  0x80CE,0x80CE,0x80CE,0x80CE,0x80CE,0x8152,0x808C,0x808B,0x808B,0x808C,0x9592,0xAE55,0xA614,0x9DF4,0x8931,0x80AD,
  0x9172,0x9DF6,0x80AE,0xA1D5,0x99B4,0xAE36,0xA1F5,0xBEB8,0xBEB8,0xBA97,0xB677,0xB277,0xC6D9,0xC2D9,0x9DD5,0x95B5,
  0x95B4,0xBA97,0xB697,0xAE56,0xAA56,0xAE57,0xAA57,0xAE57,0xBED9,0xB277,0xC6FA,0xCB19,0x9E17,0xD75A,0x8152,0x8992,
  0xA20E,0xA62F,0xA230,0xDB38,0x91F4,0x89B3,0x89B3,0x89B5,0x89B6,0x8DB6,0x91F6,0x9616,0x9217,0x9218,0x9218,0x9218,
  0x8E18,0x89F8,0xC2FA,0x91F7,0x9217,0xC717,0xCB19,0xDB7B,0xB71D,0xAADC,0xD79E,0xD37E,0xD37E,0xD77F,0xE3DF,0xDBBF,
  0x8B7F,0x835F,0x82DF,0x825F,0x819B,0x8138,0x8115,0x80D1,0x80F2,0x80AD,0x808B,0x80AB,0x80AB,0x8067,0x8088,0x8067,
  0x8067,0x8046,0x8045,0x8067,0x8002,0x8023,0x8024,0x8024,0x8023,0x8023,0x8023,0x8023,0x8022,0x8002,0x8002,0x8002,
  0x8002,0x8002,0x8002,0x8024,0x8023,0x8002,0x8002,0x8002,0x8002,0x8002,0x8002,0x8002,0x8002,0x8022,0x8022,0x8002,
  0x8022,0x8002,0x8002,0x8022,0x8002,0x8002,0x8023,0x8002,0x8023,0x8002,0x8002,0x8002,0x8002,0x8002,0x8002,0x8002,
  0x8002,0x8002,0x8022,0x8023,0x8022,0x8843,0x8022,0x8023,0x8023,0x8023,0x8023,0x8002,0x8022,0x8002,0x8002,0x8002,
  0x8002,0x8022,0x8022,0x8022,0x8002,0x8003,0x8023,0x8023,0x8022,0x8022,0x8022,0x8002,0x8002,0x8002,0x8022,0x8002,
  0x8002,0x8002,0x8002,0x8002,0x8045,0x8023,0x8023,0x8002,0x8023,0x8022,0x8023,0x8002,0x8002,0x8002,0x8002,0x8002,
  0x8002,0x8002,0x8002,0x8002,0x8002,0x8002,0x8002,0x8002,0x8002,0x8022,0x8022,0x8002,0x8CEA,0x8022,0x8022,0x8023,
  0x8023,0xA12B,0xA12B,0x8487,0x8001,0x8022,0x8465,0x8044,0x8001,0x8023,0x8023,0x8023,0x8023,0x8023,0x8023,0x8023,
  0x8023,0xFF66,0xA98F,0xA14C,0xA16E,0xA18F,0x8043,0x8486,0x8001,0x8000,0x8022,0x88C8,0x8465,0xD185,0x8465,0x8044,
  0x8443,0x8000,0x8022,0xE26C,0x88A8,0xB1F0,0xBA12,0xB212,0x8022,0x910C,0x910C,0x910C,0x8CEC,0x8001,0x8022,0xA98E,
  0x9971,0x9572,0x9E17,0x8003,0x8068,0x8068,0x8046,0x8045,0x8024,0x8024,0x8023,0x8023,0x8023,0x8022,0x8022,0x8022,
  0x8CA6,0x8487,0x8066,0xACE5,0x94A6,0xC963,0xDDE2,0xF284,0xAD03,0x8C85,0x8C84,0x8464,0x8484,0x8884,0x98A3,0x8CA4,
  0x8045,0x8065,0x8485,0x8085,0x8CE5,0x8085,0x90E5,0x88A5,0x8484,0x8484,0x8024,0x8024,0x8066,0x8066,0x8067,0x8045,
  0x8023,0x8024,0x8043,0x80A6,0x8023,0x8024,0x8024,0x8045,0x8067,0x8066,0x8067,0x8067,0x8067,0x8066,0x8066,0x8066,
  0x8066,0x8067,0x8067,0x8087,0x8087,0x8087,0x8067,0x8023,0x8045,0x8024,0x8023,0x8024,0x8024,0x8024,0x8024,0x8024,
  0x8024,0x8024,0x8024,0x8024,0x8024,0x8024,0x8024,0x8024,0x8024,0x8024,0x8024,0x8024,0x8024,0x8024,0x8024,0x8024,
  0x8024,0x8024,0x8044,0x8044,0x8045,0x8067,0x8045,0x8024,0x8045,0x8089,0x8089,0x8045,0x8024,0x8024,0x8066,0x8086,
  0x8025,0x88C5,0x88C5,0x88C6,0x9105,0x8CC6,0x8CC6,0x90A5,0x90A5,0x94E6,0x9507,0x8CE7,0x8087,0x8CA5,0x9CE4,0x8486,
  0x88A5,0xBD01,0x9925,0x9526,0x8066,0x80A6,0x9525,0x84A7,0x8025,0x8046,0x8066,0x8066,0x8087,0x8087,0x80C8,0xB165,
  0xA565,0x9127,0x9127,0x8CE7,0x8068,0x8068,0x8088,0x9106,0x9126,0x9107,0x8D08,0x88E8,0x8089,0x8068,0x8047,0x8067,
  0x8047,0x8047,0x8047,0x8047,0x8047,0x8068,0x8047,0x84A6,0x8046,0x80A7,0x8907,0x88E7,0xA1A9,0x9D89,0xA189,0x9D68,
  0xADA6,0x88C8,0x80A8,0x80A8,0x80A8,0x9127,0x84C8,0x80A8,0x84A8,0x84A9,0x84E8,0x88E8,0x8D08,0x8067,0x8068,0x8068,
  0x84E8,0x84E8,0x8068,0x9169,0x80A9,0x808A,0x808A,0x808A,0x808B,0x808B,0x80AB,0x80AB,0x808B,0x80AB,0x80AB,0x80AC,
  0x80AC,0x80AC,0x80AC,0x80AC,0x80AC,0x80AC,0x80AC,0x80AD,0x80AD,0x80AD,0x80CD,0x80CD,0x80CD,0x80CE,0x80CD,0x80CF,
  0x80CE,0x80CE,0x80CE,0x80CE,0x80CD,0x80CD,0x80AD,0x80CE,0x8131,0x8110,0x80AD,0x80CE,0x80CE,0xA1F5,0xA1F5,0x8D51,
  0x80AC,0x80AC,0x80AD,0x95B3,0x9DF5,0x8932,0x8532,0xB676,0xBEB8,0xA1F5,0xA615,0x9DD4,0xA1F5,0xB697,0xC6D8,0xCEF8,
  0xCAF8,0x9194,0x9DF4,0x95B3,0x88EF,0xAE57,0xAE77,0x99D4,0x91B4,0xAE57,0xCAFA,0xCAFA,0xCAFA,0xC2F9,0xD33A,0x85B5,
  0x91F1,0xA62F,0xAE4F,0xAE51,0xBEDA,0x8197,0x89B3,0x8DB3,0x99F3,0x89B6,0x89B6,0x8DB6,0x8DD6,0x9216,0x9217,0x9217,
  0x89D7,0x8DD7,0x8DF8,0x9219,0x89F7,0x85D7,0xDB58,0xCF5A,0xD75A,0xB6FB,0xAEDB,0xAADC,0xCB5E,0xD37E,0xCF5E,0xCF5E,
  0xEFDF,0xBF9F,0x833F,0x831F,0x827F,0x81DD,0x819B,0x8117,0x8135,0x80F1,0x80F0,0x80AC,0x80AC,0x80AC,0x80AC,0x8047,
  0x8066,0x8066,0x8046,0x8023,0x8023,0x8067,0x8023,0x8023,0x8023,0x8023,0x8023,0x8023,0x8023,0x8023,0x8002,0x8002,
  0x8002,0x8002,0x8002,0x8024,0x8002,0x8002,0x8002,0x8002,0x8002,0x8002,0x8002,0x8002,0x8002,0x8022,0x8002,0x8022,
  0x8023,0x8002,0x8002,0x8002,0x8002,0x8002,0x8002,0x8002,0x8002,0x8002,0x8002,0x8002,0x8002,0x8002,0x8002,0x8002,
  0x8002,0x8022,0x8023,0x8023,0x8022,0x9063,0x8043,0x8023,0x8022,0x8022,0x8023,0x8002,0x8002,0x8002,0x8002,0x8002,
  0x8087,0x8002,0x8002,0x8002,0x8002,0x8002,0x8022,0x8002,0x8022,0x8022,0x8022,0x8002,0x8002,0x8002,0x8002,0x8022,
  0x8022,0x8002,0x8002,0x8002,0x8023,0x8023,0x8022,0x8002,0x8002,0x8002,0x8023,0x8023,0x8002,0x8002,0x8002,0x8002,
  0x8002,0x8002,0x8002,0x8002,0x8002,0x8002,0x8002,0x8002,0x8002,0x8022,0x8022,0x8002,0x88CA,0x8022,0x8443,0x8443,
  0x8843,0xA529,0xA54A,0x8887,0x8024,0x8023,0x90C8,0x90A7,0x8002,0x8002,0x8022,0x8022,0x8022,0x8023,0x8023,0x8022,
  0x8021,0xC5C8,0xE667,0xA96D,0xA56D,0x9D2B,0x8001,0x8487,0x8487,0x8043,0x8000,0x8000,0x8021,0x990A,0x88A7,0x8465,
  0x8421,0x8423,0x8CA7,0x8464,0xBA33,0x9971,0x9550,0x9992,0x9994,0x8023,0x8045,0x8002,0x8000,0x8000,0x80A9,0x8001,
  0x8044,0x8023,0x8047,0x808D,0x808C,0x808A,0x8068,0x8047,0x8045,0x8044,0x8023,0x8023,0x8023,0x8022,0x8023,0x8022,
  0xA905,0x8CA8,0x90A6,0x8865,0x8886,0xCD83,0xD141,0xB0E3,0x8C85,0x94C4,0x8884,0x8464,0x8884,0xA4E2,0x8046,0x8065,
  0x8085,0x8085,0x8485,0x8485,0x88C5,0x80A5,0x90E5,0xF283,0x84A5,0x8485,0x8065,0x8025,0x8066,0x8067,0x8067,0x8066,
  0x8044,0x8023,0x8023,0x8024,0x8024,0x8024,0x8024,0x8046,0x8066,0x8066,0x8067,0x8067,0x8067,0x8066,0x8066,0x8066,
  0x8066,0x8046,0x8067,0x8067,0x8087,0x8067,0x8068,0x8088,0x8088,0x8088,0x8067,0x8024,0x8068,0x8068,0x8024,0x8024,
  0x8024,0x8024,0x8024,0x8024,0x8024,0x8024,0x8024,0x8024,0x8024,0x8024,0x8024,0x8024,0x8024,0x8024,0x8024,0x8024,
  0x8024,0x8024,0x8024,0x8024,0x8045,0x8068,0x8067,0x8067,0x8046,0x8089,0x8089,0x8089,0x8024,0x8023,0x8066,0x8047,
  0x8046,0x88C5,0x88C5,0x8066,0x80A6,0x8CE6,0x8CE6,0xB124,0xD5A3,0x9106,0x90E6,0x84C7,0x8067,0x8067,0x8487,0x8486,
  0x88C6,0x8CE6,0xE9A4,0x9D06,0x94C5,0x9904,0x94E5,0x8CE6,0x8025,0x84C6,0x8086,0x8086,0x80A7,0x8087,0x8CC6,0x9506,
  0x9906,0x8D06,0x9127,0x9106,0x8086,0x8067,0x8088,0x8CE8,0x9946,0x9D67,0x8D08,0x8D08,0x8089,0x8089,0x8067,0x8088,
  0x80A8,0x8088,0x8068,0x8047,0x8047,0x80A8,0x80C7,0x88C6,0x8486,0x84A7,0x8D07,0x9128,0x9D88,0xA5A9,0x9D88,0x9D88,
  0x9D88,0x9D88,0x84C9,0x80A8,0x8087,0x9127,0x8D27,0x9127,0x8908,0x80A8,0x84E8,0x8088,0x8088,0x8088,0x8068,0x8068,
  0x8068,0x8068,0x8068,0x9148,0x8069,0x80AA,0x808A,0x808A,0x808B,0x80AB,0x80AB,0x80AB,0x808B,0x808B,0x80AB,0x80AB,
  0x80AB,0x80AC,0x80AC,0x80AC,0x80AC,0x80AC,0x80AC,0x80AD,0x80AC,0x80AD,0x80AD,0x80AD,0x80CD,0x80CD,0x80CE,0x8131,
  0x80AD,0x80CE,0x80CE,0x80CE,0x80CE,0x80CE,0x80CD,0x80AD,0x8110,0x8531,0x8552,0x80CD,0x80CD,0x80CE,0x8D51,0x99D3,
  0x808B,0x808B,0x80AC,0x80AD,0x80AD,0x80CF,0x8510,0x9DD3,0x9DD3,0xB256,0xAE35,0xB677,0xBAB8,0x8953,0xC2B5,0xBE94,
  0xCEF8,0xAA36,0x8973,0x8D73,0x8510,0x9DB3,0xB297,0x9592,0x9593,0xB277,0xB257,0xCAFA,0xC6F9,0xC2D9,0xCF1A,0xC2FA,
  0x8DD5,0x91D1,0xA1EE,0xAA0F,0xC2D4,0xD319,0x89B4,0x99F1,0xA22F,0x95F4,0x89B6,0x8DD6,0x8DD6,0x91D6,0x8DD6,0x91F6,
  0x8DD7,0x8DF7,0x8DF7,0xA257,0xB6B7,0x9E17,0x8E18,0x9639,0xCF3A,0xD738,0xD738,0xAABB,0xA6BC,0xCB5D,0xD37E,0xD37E,
  0xD35E,0xE7BF,0xE3FF,0x8F3F,0x82FF,0x82BF,0x819B,0x819B,0x8159,0x8135,0x8114,0x80F1,0x80AC,0x80AC,0x80AC,0x8068,
  0x8046,0x8046,0x8046,0x8067,0x8066,0x8067,0x8045,0x8024,0x8023,0x8023,0x8023,0x8024,0x8025,0x8023,0x8023,0x8022,
  0x8002,0x8002,0x8002,0x8002,0x8002,0x8002,0x8023,0x8002,0x8002,0x8002,0x8002,0x8002,0x8023,0x8022,0x8002,0x8022,
  0x8022,0x8002,0x8002,0x8002,0x8002,0x8002,0x8002,0x8002,0x8002,0x8002,0x8002,0x8002,0x8002,0x8002,0x8002,0x8002,
  0x8002,0x8022,0x8023,0x8023,0x8443,0xACC2,0x8443,0x8043,0x8023,0x8022,0x8022,0x8002,0x8022,0x8002,0x8002,0x8002,
  0x8002,0x8023,0x8002,0x8002,0x8002,0x8002,0x8002,0x8022,0x8022,0x8002,0x8002,0x8002,0x8002,0x8002,0x8023,0x8002,
  0x8002,0x8002,0x8002,0x8002,0x8022,0x8002,0x8002,0x8002,0x8002,0x8002,0x8002,0x8022,0x8022,0x8002,0x8002,0x8002,
  0x8002,0x8002,0x8002,0x8002,0x8002,0x8002,0x8002,0x8002,0x8002,0x8022,0x8022,0x8002,0x910B,0x8022,0x8863,0x9062,
  0xA061,0xE9C0,0xE161,0x8865,0x8C65,0x8464,0x8887,0x8466,0x8002,0x8002,0x8002,0x8002,0x8002,0x8023,0x8023,0x8023,
  0x8043,0x8C01,0xF6A2,0xB56B,0xA52A,0x8C63,0x8C85,0x8464,0x8001,0x88A8,0x9D4D,0x8000,0x8000,0x8001,0x8C86,0xA16C,
  0x8844,0x94C8,0x8C87,0x8466,0x80A9,0x8025,0x8046,0x8467,0x8067,0x80AD,0x8000,0x8000,0x8000,0x8000,0x8044,0x80EE,
  0x806A,0x81D9,0x82FF,0x82FF,0x80F3,0x80AE,0x808A,0x8068,0x8067,0x8045,0x8044,0x8023,0x8023,0x8022,0x8022,0x8022,
  0xAD26,0xA506,0x9CE7,0xA108,0xA4C6,0xFF8A,0xDD61,0xA8E5,0x8465,0x98E5,0x98E4,0x8CA4,0x8464,0x8CA4,0x8045,0x8066,
  0x8066,0x8086,0x8085,0x8485,0x8484,0x8484,0x8484,0x88A4,0x84A4,0x8485,0x8066,0x8CE7,0x90E6,0x8087,0x8067,0x8067,
  0x8066,0x8003,0x8023,0x8024,0x8024,0x8045,0x8045,0x8024,0x8046,0x8067,0x8066,0x8067,0x8067,0x8066,0x8066,0x8066,
  0x8067,0x8067,0x8067,0x8067,0x8066,0x8067,0x8087,0x8088,0x8088,0x8088,0x8088,0x8088,0x8089,0x8089,0x8024,0x8024,
  0x8024,0x8024,0x8024,0x8024,0x8024,0x8024,0x8024,0x8024,0x8024,0x8024,0x8024,0x8024,0x8024,0x8024,0x8024,0x8024,
  0x8024,0x8024,0x8024,0x8024,0x8024,0x8025,0x8045,0x8045,0x8089,0x8089,0x8089,0x8068,0x8068,0x8045,0x8068,0x8068,
  0x8068,0x8047,0x8046,0x8026,0x8086,0x88C6,0x8CE6,0x8CE6,0x8CE6,0x80A7,0x8068,0x8068,0x8087,0x8067,0x8067,0x8067,
  0x88E6,0x8CE6,0x94E6,0xF687,0xC103,0xA104,0x88C6,0x84C7,0x8087,0x8CE6,0x84C6,0x88E6,0x88C6,0x88A5,0xE203,0x8087,
  0x8047,0x84C8,0x84C6,0x9126,0x88E6,0x8067,0x8068,0x8088,0x80C9,0x9128,0x8D08,0x8D28,0x8089,0x8089,0x8069,0x80A9,
  0x80A9,0x80A9,0x8088,0x8047,0x8047,0x8089,0x8088,0x8047,0x8067,0x88E8,0x8D07,0x9127,0x9967,0x9548,0x9D68,0x9D89,
  0x9DA9,0xA1A9,0xFF89,0x84A7,0x8D27,0x9147,0x8D28,0x9148,0x8D28,0x84E8,0x84E8,0x88E8,0x84C7,0x8067,0x8068,0x8068,
  0x8068,0x8068,0x8089,0x8068,0x8069,0x8909,0x808A,0x80AB,0x808B,0x808B,0x80AB,0x80AB,0x80AB,0x808B,0x808B,0x80AB,
  0x80AB,0x808B,0x80AC,0x80AC,0x80AC,0x80AC,0x80AC,0x80AC,0x80AC,0x80AD,0x80AD,0x80AD,0x80AD,0x80CD,0x80CD,0x80CD,
  0x80CD,0x80EF,0x80CD,0x80CE,0x80CE,0x80CE,0x80CE,0x80AD,0x80AD,0x80AD,0x8152,0x8132,0x80AD,0x80CD,0x80AD,0x80AC,
  0x80AC,0x808B,0x808B,0x806A,0x9171,0x80AD,0x80AC,0x99D3,0xA1F4,0xA1F2,0xA5EF,0x9DD3,0xB677,0x8D72,0xA5F1,0xB674,
  0xC2D7,0xC2D8,0xA1F5,0xA1F4,0x99B3,0x80CF,0x80CE,0x80CE,0x80CF,0x99B3,0xAA36,0xA636,0xAE77,0xBED9,0xBAB9,0xBAB9,
  0x8595,0x8573,0x91B0,0x95CE,0xA210,0xA230,0xE35C,0x8DD2,0xA251,0xAA50,0x8DB5,0x8995,0x8DD6,0x8DD6,0x8DD6,0x8DD6,
  0x8DD7,0x91F7,0x8DF7,0x91F8,0x9636,0xD716,0xA237,0x9637,0xAA98,0x9218,0x9218,0xCB19,0xBADB,0xA29B,0xC33D,0xCF7E,
  0xCF5E,0xCF5E,0xEBFF,0xF3FF,0x8F3F,0x833F,0x827F,0x81FE,0x817B,0x8179,0x8116,0x80F3,0x80D0,0x80AD,0x80AB,0x80AB,
  0x8089,0x8067,0x80ED,0x8068,0x8068,0x8068,0x8024,0x8046,0x8023,0x80AA,0x8023,0x8023,0x8024,0x8023,0x8023,0x8023,
  0x8002,0x8022,0x8002,0x8002,0x8023,0x8022,0x8002,0x8022,0x8002,0x8002,0x8002,0x8002,0x8002,0x8022,0x8002,0x8022,
  0x8002,0x8002,0x8002,0x8002,0x8002,0x8002,0x8002,0x8002,0x8002,0x8002,0x8022,0x8002,0x8002,0x8002,0x8002,0x8002,
  0x8002,0x8022,0x8022,0x8442,0x8843,0xBD01,0x8C42,0x8442,0x8023,0x8023,0x8022,0x8022,0x8002,0x8002,0x8002,0x8002,
  0x8002,0x8002,0x8002,0x8002,0x8002,0x8022,0x8002,0x8002,0x8002,0x8002,0x8002,0x8002,0x8002,0x8002,0x8002,0x80AA,
  0x8002,0x8002,0x8022,0x8002,0x8002,0x8002,0x8023,0x8022,0x8045,0x8003,0x8022,0x8022,0x8002,0x8002,0x8022,0x8002,
  0x8002,0x8023,0x8002,0x8002,0x8002,0x8002,0x8002,0x8002,0x8022,0x8022,0x8022,0x8002,0x910B,0x8022,0x8863,0x9861,
  0xBC60,0xFFA8,0xE980,0x8C64,0x8C64,0x8464,0x8887,0x8466,0x8022,0x8002,0x8002,0x8022,0x8002,0x8023,0x8023,0x8043,
  0x8443,0x9CA5,0xFFEC,0xFA60,0xF640,0x8400,0x8C85,0x8864,0x88A8,0x8CEA,0x8000,0x8044,0x8001,0x8001,0x88A8,0x8044,
  0x8442,0xA54C,0x8CA8,0x84A8,0x8089,0x8004,0x8025,0x8175,0x8157,0x8135,0x8024,0x8068,0x8045,0x8001,0x80A9,0x80CD,
  0x81FE,0xA77F,0xFFFF,0xABBF,0x821F,0x80D1,0x80AE,0x8069,0x8067,0x8045,0x8024,0x8024,0x8023,0x8023,0x8002,0x8022,
  0x8486,0xB926,0xA4E6,0xC167,0xDD62,0xFF68,0xD562,0xA926,0xA506,0xA0E5,0x8C85,0x8CA4,0x88A5,0x8CC4,0x8CC5,0x8CC5,
  0x88A6,0x8025,0x8065,0x8484,0x8484,0x84A4,0x84A5,0x84A5,0x84A5,0x84A5,0x84C5,0x8CE6,0x8CE6,0x84A6,0x80A7,0x80A7,
  0x8087,0x8066,0x8045,0x8024,0x8024,0x8024,0x8045,0x8025,0x8023,0x8044,0x8046,0x8046,0x8066,0x8066,0x8066,0x8067,
  0x8067,0x8067,0x8067,0x8067,0x8067,0x8067,0x8068,0x8088,0x8088,0x8067,0x8088,0x8088,0x8024,0x8089,0x8089,0x8024,
  0x8024,0x8024,0x8024,0x8024,0x8024,0x80CB,0x8024,0x8024,0x8024,0x8024,0x8024,0x8024,0x8024,0x8024,0x8024,0x8024,
  0x8024,0x8024,0x8024,0x8024,0x8024,0x8024,0x8025,0x8045,0x8067,0x808A,0x8067,0x8067,0x8067,0x8068,0x8068,0x84C8,
  0x80A7,0x8CE5,0x84A7,0x8047,0x8067,0x88C6,0x88E6,0x90E5,0x90E5,0x8087,0x8068,0x8068,0x8068,0x8068,0x8068,0x8068,
  0x84E7,0x88C6,0x8CC5,0x98E5,0x94A5,0x9CA4,0x88A5,0x84C6,0x84C7,0x8CE6,0x8CE6,0x90E5,0x94E5,0x8CC5,0x8065,0x88C7,
  0x8047,0x8068,0x8068,0x8088,0x9966,0x84A7,0x8068,0x8069,0x80AA,0x80AA,0x8089,0x84C7,0x9106,0x8069,0x8089,0x8089,
  0x8089,0x8089,0x8089,0x8088,0x8088,0x8089,0x8047,0x8046,0x8047,0x84C8,0x9127,0x9126,0x8067,0x8066,0x9528,0x9128,
  0x9988,0x9988,0x9947,0x9D28,0xC647,0x8908,0x84C8,0x84E8,0x9569,0xA1A8,0x80C8,0x84C8,0x8D08,0x8067,0x8067,0x8089,
  0x8089,0x808A,0x808A,0x8089,0x808A,0x80AA,0x80AB,0x808B,0x808B,0x808B,0x808B,0x80AB,0x80AB,0x80AB,0x80AB,0x80AC,
  0x80AC,0x80AC,0x80AB,0x80AC,0x80AB,0x80AB,0x80AC,0x80AC,0x80AC,0x80AC,0x80AC,0x80AD,0x80AD,0x80AD,0x80AD,0x80CD,
  0x80CD,0x80CD,0x80CD,0x80CD,0x80CD,0x80CE,0x80CD,0x80CE,0x80CD,0x80CD,0x80CD,0x80CE,0x80AD,0x80AD,0x80AD,0x80AD,
  0x80AC,0x808C,0x80AC,0x806B,0x9E16,0x99B2,0x8D50,0x80AD,0x80CE,0x99B2,0x8D2E,0x80CF,0x99B4,0xA1F2,0xA1D1,0xA213,
  0xB277,0xBAB8,0xBAB7,0xB276,0xBA97,0x8911,0x8110,0x9193,0x80CF,0x8110,0x95B3,0xBA74,0x95F4,0xBEB8,0x8974,0xB279,
  0xD31A,0x8153,0x8552,0x99D2,0xA231,0x9E30,0xA62F,0xD339,0x91F6,0x89D4,0x8594,0x8595,0x8DD7,0x8DD7,0x91D6,0x8DD6,
  0x8DD6,0x8DD7,0x8DD7,0x91F7,0x8DF7,0x8DD6,0xBED8,0xD338,0xCF38,0xD338,0xBEF8,0x85D8,0xCF3B,0xD37C,0xA6BB,0x9A7B,
  0xBB3E,0xCB5E,0xCF5E,0xCF7F,0xE3BF,0xEBFF,0x837F,0x831F,0x825F,0x81FD,0x819A,0x8117,0x8135,0x80F2,0x80F1,0x80AC,
  0x80AC,0x80AB,0x8069,0x8068,0x8068,0x8067,0x8067,0x8067,0x8047,0x8046,0x8023,0x8023,0x8023,0x8023,0x8023,0x8023,
  0x8023,0x8023,0x8022,0x8022,0x8022,0x8023,0x8002,0x8002,0x8002,0x8002,0x8022,0x8022,0x8022,0x8002,0x8002,0x8002,
  0x8022,0x8002,0x8022,0x8022,0x8002,0x8002,0x8002,0x8002,0x8002,0x8002,0x8002,0x8002,0x8002,0x8024,0x8002,0x8002,
  0x8022,0x8023,0x8442,0x8C63,0x9482,0xFF95,0x9042,0x9062,0x8443,0x8023,0x8023,0x8002,0x8022,0x8002,0x8002,0x8002,
  0x8002,0x8002,0x8002,0x8045,0x8002,0x8002,0x8002,0x8002,0x8002,0x8002,0x8002,0x8023,0x8024,0x8002,0x8002,0x8002,
  0x8023,0x8002,0x8022,0x8022,0x8002,0x8002,0x8023,0x8023,0x8022,0x8022,0x8023,0x8022,0x8002,0x8002,0x8002,0x8002,
  0x8001,0x8216,0x8022,0x8002,0x8002,0x8002,0x8002,0x8002,0x8022,0x8023,0x8023,0x8023,0x950C,0x8022,0x9462,0xA082,
  0xF1C0,0xFBDF,0xF1A0,0x9484,0x9085,0x8865,0x8887,0x8486,0x8022,0x8022,0x8002,0x8002,0x8002,0x8022,0x8023,0x8023,
  0x8843,0x9063,0xA840,0xFFFF,0xFE40,0x8C21,0x8843,0x8D0B,0x8466,0x8000,0x8000,0x8000,0x852E,0x8000,0x88A8,0x84A8,
  0x8487,0x8886,0x8000,0x84A8,0x8069,0x81FB,0x81FA,0xABDF,0xABBF,0x82FE,0x808D,0x80CF,0x80AD,0x80AD,0x8111,0x80F2,
  0x825F,0xE3FF,0xFBFF,0xFFFF,0xABDF,0x833F,0x8133,0x80AD,0x8068,0x8047,0x8045,0x8044,0x8024,0x8023,0x8023,0x8022,
  0xB127,0xFFF8,0xFFD0,0x9085,0x94C6,0xAD27,0xCD83,0xA505,0xA905,0xA0E4,0x8463,0x8064,0x94A4,0x90C5,0x8CE5,0x8CC5,
  0x8CC5,0x8085,0x8024,0x8025,0x8485,0x8485,0x84A5,0x84A5,0x84A5,0x8026,0x8066,0x8087,0x8087,0x8CE5,0x88C6,0x84C6,
  0x80A5,0x80A6,0x8086,0x8024,0x8024,0x8024,0x8045,0x8045,0x8024,0x8024,0x8066,0x8046,0x8066,0x8066,0x8045,0x8046,
  0x8067,0x8067,0x8067,0x8067,0x8067,0x8067,0x8067,0x8068,0x8067,0x8067,0x8067,0x8067,0x8088,0x8088,0x8089,0x8024,
  0x8024,0x8024,0x8024,0x8024,0x8024,0x8024,0x8024,0x80AA,0x8089,0x8024,0x8024,0x8024,0x8024,0x8024,0x8024,0x8024,
  0x8024,0x8024,0x8024,0x8024,0x8024,0x8024,0x8024,0x8024,0x80AA,0x8089,0x8045,0x8089,0x8089,0x9106,0x84C7,0x84C8,
  0x88E6,0x88E5,0x84A7,0x8088,0x8026,0x88E6,0x8CE5,0x8CE5,0x8086,0x84C6,0x8067,0x8067,0x8088,0x8087,0x8067,0x8067,
  0x80A8,0x88C5,0x88C5,0x8CC5,0x94C6,0x8CC8,0x8CA6,0x88E7,0x94C5,0x94E6,0x9906,0xD9A2,0x88C6,0x8CE6,0x8046,0x8046,
  0x8067,0x8068,0x8047,0x8067,0x8066,0x8068,0x8068,0x8068,0x8068,0x8089,0x808A,0x808A,0x80A8,0x84C7,0x8089,0x8089,
  0x8089,0x8089,0x80A8,0x8088,0x8068,0x8068,0x8068,0x8046,0x8046,0x8046,0x8087,0x9126,0x8067,0x84A6,0x9548,0x9128,
  0x84A6,0x9948,0x9548,0x9968,0xA9A6,0x8D08,0x9548,0x9568,0x9568,0x84E8,0x80A8,0x80A8,0x80A8,0x9147,0x9168,0x8089,
  0x808A,0x808A,0x808A,0x808A,0x808A,0x808A,0x808A,0x808B,0x808B,0x808B,0x808B,0x808B,0x80AB,0x80AB,0x80AB,0x80AB,
  0x80AC,0x80AC,0x80AC,0x80AB,0x80AB,0x80AB,0x80AC,0x80AC,0x80AC,0x80AC,0x80AC,0x80AC,0x80AC,0x80AD,0x80AD,0x80AD,
  0x80AD,0x80AD,0x80CD,0x80CD,0x80CD,0x80CD,0x80CD,0x80CD,0x80CD,0x80CD,0x80CD,0x80CD,0x80CD,0x80CD,0x80AD,0x80AD,
  0x80AD,0x80AD,0x80AD,0x80AD,0x808B,0xAA14,0xA614,0x806B,0x808B,0x9571,0x8D2D,0x80AD,0x9571,0x9DCF,0xB252,0xB676,
  0x95B4,0x9DD4,0xB276,0xBED6,0xBAB7,0xB696,0xAA33,0x8950,0x80EF,0x80CF,0x8111,0xA613,0x99F3,0xA235,0xCAD8,0x8574,
  0xBEB8,0x8973,0x8973,0x8D94,0xA233,0xAA53,0xA22F,0xA671,0xD75A,0xC6F7,0x8994,0x8996,0x89B6,0xF3DC,0xB698,0x91D6,
  0x91D6,0x8DD7,0x8DD7,0x8DD6,0x8DD6,0x8DD6,0x8DD5,0xC718,0xCF17,0xD338,0xD359,0xCF5A,0xB6DA,0xD35B,0xCF3B,0xDB7C,
  0xA29C,0xA29C,0xCF5D,0xCF7E,0xCF7F,0xEFFF,0xF3FF,0x833F,0x833F,0x827F,0x81DD,0x81BC,0x8138,0x8117,0x8114,0x80AD,
  0x80CD,0x80AB,0x808A,0x808A,0x8067,0x8067,0x8067,0x8067,0x8045,0x8024,0x8066,0x8023,0x8023,0x8023,0x8023,0x8023,
  0x8023,0x8023,0x8023,0x8023,0x8023,0x8023,0x8002,0x8002,0x8002,0x8022,0x8022,0x8002,0x8002,0x8002,0x8002,0x8002,
  0x8022,0x8002,0x8002,0x8002,0x8002,0x8002,0x8002,0x8002,0x8002,0x8002,0x8002,0x8002,0x8002,0x8003,0x8002,0x8002,
  0x8002,0x8023,0x8023,0x8023,0x8043,0xACE2,0x8442,0x8043,0x8023,0x8023,0x8023,0x8002,0x8022,0x8002,0x8002,0x8002,
  0x8002,0x8002,0x8002,0x8002,0x8022,0x8002,0x8022,0x8002,0x8002,0x8002,0x8002,0x8002,0x8089,0x8002,0x8002,0x8002,
  0x8002,0x8003,0x8003,0x8002,0x8002,0x8002,0x8023,0x8002,0x8002,0x8002,0x8023,0x8022,0x8002,0x8002,0x8002,0x8002,
  0x8002,0x8003,0x8023,0x8022,0x8002,0x8002,0x8002,0x8002,0x8002,0x8022,0x8022,0x8C82,0xEE8C,0x8443,0x8C63,0x9462,
  0xB880,0xE5A0,0xF5C0,0x94A4,0x9085,0x8444,0x8487,0x8445,0x8002,0x8002,0x8002,0x8002,0x8002,0x8022,0x8022,0x8022,
  0x8022,0x8843,0x9062,0xD141,0xF642,0x9C63,0x8486,0x8087,0x80CB,0x8000,0x8043,0x812D,0x812E,0x810B,0x8465,0x88A8,
  0x88A8,0x8487,0x8466,0x8001,0x8026,0x806D,0x82FD,0xF7FF,0xF7FF,0x831F,0x821D,0x8178,0x80F1,0x80CE,0x81DA,0x8176,
  0x81DD,0xC3DF,0xFBFF,0xDBFF,0xF7FF,0xF7FF,0x83DF,0x821A,0x808A,0x808A,0x8045,0x8045,0x8045,0x8024,0x8023,0x8023,
  0xD584,0xF6A2,0xE5C2,0x98E7,0x98E6,0x9CE6,0x9CC6,0xAD05,0xFFE6,0xA4C4,0x90A4,0x8CA5,0x88A5,0x8486,0x90E5,0x90C5,
  0x8CC5,0x84A4,0x84A4,0x8044,0x8024,0x8085,0x8085,0x8046,0x84A5,0x8046,0x8086,0x8086,0x8086,0x8087,0x8045,0x8065,
  0x80A6,0x80A6,0x8024,0x8066,0x8024,0x8024,0x8024,0x8024,0x8024,0x8024,0x8045,0x8045,0x8046,0x8067,0x8046,0x8046,
  0x8067,0x8067,0x8067,0x8046,0x8066,0x8067,0x8067,0x8067,0x8067,0x8067,0x8024,0x8066,0x8066,0x8024,0x8088,0x8024,
  0x8024,0x8024,0x8024,0x8024,0x8024,0x8024,0x8024,0x8045,0x8046,0x8024,0x8024,0x8024,0x80A7,0x80E9,0x8024,0x8024,
  0x8024,0x8024,0x8024,0x8024,0x8024,0x8024,0x8024,0x8025,0x8067,0x8046,0x8024,0x8045,0x8089,0x80A9,0x8088,0x80A8,
  0x84C6,0x84C5,0x84C6,0x84C6,0x80A6,0x8D05,0x9904,0x94E6,0x80A8,0x80A6,0x80A6,0x8067,0x8087,0x8067,0x8066,0x8087,
  0x8088,0x8068,0x8087,0x8086,0x90A6,0x84A9,0x80A8,0x80A7,0x98E3,0x90E5,0xFB04,0x94E5,0x8D07,0x8D07,0x8067,0x8046,
  0x8068,0x8068,0x8068,0x8068,0x8067,0x8068,0x8068,0x8068,0x8068,0x8068,0x8089,0x80A9,0x8067,0x8088,0x8069,0x8069,
  0x8089,0x8089,0x8088,0x8088,0x8088,0x8089,0x8088,0x8088,0x8068,0x8046,0x8047,0x8047,0x8046,0x8046,0x9128,0x9968,
  0x8066,0x9107,0x9527,0x9947,0xB5C6,0xD246,0x8D48,0x9148,0x8D07,0x9546,0x80A8,0x80A8,0x80A8,0x8088,0x8908,0x84E9,
  0x80A9,0x8089,0x808A,0x808A,0x808A,0x808A,0x80AB,0x808A,0x808B,0x808B,0x808B,0x808B,0x80AB,0x808A,0x80AB,0x80AB,
  0x80AB,0x80AB,0x808B,0x80AB,0x808B,0x80AB,0x80AB,0x80AC,0x80AC,0x80AC,0x80AC,0x80AC,0x80AC,0x80AC,0x80AC,0x80AC,
  0x80AC,0x80CD,0x80CD,0x80AD,0x80AD,0x80AD,0x80CD,0x80AD,0x80CD,0x80CD,0x80CD,0x80CD,0x80CD,0x80AD,0x80AE,0x80CE,
  0x80CD,0x80AD,0x80AD,0x80AC,0x80AD,0x808C,0x808B,0x9DB1,0x80AC,0x80AB,0x84CC,0x80CD,0x80AE,0x9170,0x99B0,0x9DD3,
  0xB699,0xB698,0xC2D9,0xC2D9,0xBED9,0xB255,0xA213,0xAE33,0x80EE,0x8110,0x8550,0x8551,0x80EF,0x8550,0xBE97,0x8573,
  0x8553,0xCAF9,0x8553,0x8973,0x8D94,0x8552,0xC6FA,0xCF1A,0xCF18,0xD33A,0x9E10,0x9E34,0x8595,0x8174,0xC2D8,0xD35A,
  0xE79B,0x91D7,0x8DD6,0x8DD6,0x8DD6,0x8DB6,0x91D6,0x89D6,0x8DF6,0xAE96,0xCB17,0xD35A,0xD33A,0xD35A,0xD75B,0xDB7C,
  0xDF9C,0xB2BB,0xB6FC,0xD37E,0xCF5E,0xD37E,0xDB9F,0xF3DF,0xB37F,0x831F,0x82FF,0x827F,0x819B,0x817A,0x8137,0x8114,
  0x8113,0x80F0,0x80AB,0x80AC,0x8089,0x8068,0x80AC,0x8046,0x8046,0x8046,0x8023,0x8046,0x8024,0x8023,0x8023,0x8023,
  0x810F,0x8023,0x8023,0x8003,0x8257,0x8023,0x8023,0x8023,0x8023,0x8023,0x8023,0x8002,0x8022,0x8002,0x8002,0x8002,
  0x8002,0x8002,0x8002,0x8002,0x8002,0x8002,0x8002,0x8002,0x8002,0x8023,0x8002,0x8022,0x8002,0x8022,0x8022,0x8002,
  0x8002,0x8002,0x8022,0x8023,0x8023,0x9062,0x8023,0x8023,0x8023,0x8023,0x8022,0x8002,0x8002,0x8002,0x8002,0x8002,
  0x8002,0x8002,0x8002,0x8067,0x8024,0x8002,0x8002,0x8023,0x8002,0x8002,0x8002,0x8002,0x8002,0x8002,0x8002,0x8002,
  0x8002,0x8002,0x80AA,0x8002,0x8002,0x8002,0x8002,0x8002,0x8002,0x8002,0x8002,0x8022,0x8002,0x8022,0x8022,0x8002,
  0x8002,0x8002,0x8002,0x8022,0x8002,0x8002,0x8001,0x8001,0x8002,0x8022,0x8022,0x8022,0x8C64,0x8022,0x8023,0x8443,
  0xA4E5,0xA4C4,0x9485,0x8C85,0x8023,0x8001,0x8487,0x8466,0x8002,0x8002,0x8002,0x8002,0x8002,0x8002,0x8022,0x8022,
  0x8022,0x8022,0x8442,0x9042,0x8422,0x8022,0x808B,0x825B,0x82DF,0x835F,0x8000,0x8000,0x8000,0x8000,0x8002,0x8022,
  0x8001,0x8CC9,0x88A8,0x8488,0x8001,0x808C,0x833F,0xFFFF,0xFFFF,0xFFFF,0x8B5F,0x82DF,0x8134,0x80CE,0x8025,0x8026,
  0x80F1,0x821D,0x829E,0x827D,0x831D,0x83DE,0xEBFF,0xFFFF,0x873E,0x823D,0x806C,0x8068,0x8046,0x8024,0x8024,0x8024,
  0x8CA7,0xAD27,0xB126,0xAD05,0xA4E5,0x90A6,0x90A5,0x94A5,0xA8E4,0xC922,0x94A4,0x90A5,0x90C5,0x8CA5,0x90C4,0x90C4,
  0x94C4,0x88A4,0x8484,0x8024,0x8025,0x84A5,0x84A5,0x8026,0x8066,0x84A5,0x84A5,0x8024,0x8024,0x8025,0x8024,0x8044,
  0x8065,0x8024,0x8024,0x8024,0x8024,0x8024,0x8024,0x8023,0x8024,0x8024,0x8046,0x8044,0x8045,0x8046,0x8066,0x8046,
  0x8045,0x8046,0x8066,0x8066,0x8066,0x8067,0x8067,0x8067,0x8067,0x8067,0x8023,0x8023,0x8023,0x8023,0x8046,0x8024,
  0x8024,0x8024,0x8024,0x8024,0x8024,0x8024,0x8024,0x8024,0x8089,0x8025,0x8024,0x8023,0x80E9,0x80C8,0x8024,0x8024,
  0x8024,0x8045,0x8024,0x8024,0x8024,0x8024,0x8024,0x8024,0x8024,0x8024,0x8045,0x8023,0x8066,0x8068,0x8088,0x8067,
  0x8025,0x80A5,0x80C5,0x84C6,0x84C6,0x8906,0x9905,0x80A8,0x80A7,0x84C6,0x84C6,0x8067,0x8087,0x8088,0x8067,0x8087,
  0x8088,0x8087,0x80A7,0x8486,0x84A7,0x84A7,0x88E6,0x8CC5,0x88C5,0x8CC5,0x94E4,0xAD25,0x8CE5,0x8D06,0x8066,0x8046,
  0x8067,0x8067,0x8068,0x8068,0x8067,0x8068,0x8068,0x8068,0x8068,0x8068,0x8088,0x8089,0x8067,0x8068,0x8068,0x8068,
  0x8068,0x8068,0x8068,0x8088,0x8089,0x8089,0x8089,0x8069,0x8068,0x8068,0x8047,0x8046,0x8047,0x8046,0x9107,0x9968,
  0x8086,0x8066,0x84C7,0x9967,0x9D68,0x9D69,0x9968,0x9527,0x88E7,0x8D07,0x8907,0x8088,0x84A8,0x8088,0x8087,0x84A9,
  0x9D88,0x8089,0x80A9,0x808A,0x808A,0x808A,0x808A,0x808A,0x808B,0x808A,0x808A,0x808A,0x808B,0x808B,0x80AB,0x80AB,
  0x80AB,0x80AB,0x80AB,0x808B,0x808B,0x808B,0x80AB,0x80AC,0x80AB,0x80AC,0x80AC,0x80AC,0x80AC,0x80AC,0x80AC,0x80AC,
  0x80AC,0x80AC,0x80AD,0x80AD,0x80AD,0x80AD,0x80CD,0x80AD,0x80AD,0x80CD,0x80CE,0x80CD,0x80CE,0x80AD,0x80AD,0x80AD,
  0x80CE,0x80CD,0x80CE,0x80AC,0x80AC,0x80AD,0x80AC,0x808B,0x80AC,0x80EE,0x8950,0x956A,0x80AD,0x850F,0x894F,0xA1D1,
  0xA1D0,0x9DAE,0xBA96,0xB254,0xBEB9,0xC2B9,0xB276,0x99B2,0xBED7,0x810F,0x8530,0x8530,0x8530,0x810F,0x99B3,0xBA75,
  0x8972,0x99D4,0xBE97,0x8D95,0x8D94,0x8973,0x99F4,0xC6F8,0xC6D7,0xD339,0xDF7A,0xAA76,0x8573,0x8133,0xB297,0xBED7,
  0xCF19,0xD31A,0xB698,0x89D5,0x8DB6,0x8DD6,0x91D6,0x8DD6,0x8DF7,0x89D6,0xBAD2,0xCB14,0xB298,0xCF18,0xD77B,0xDB7C,
  0xDB7B,0xD37D,0xBADB,0xB6DC,0xCB3D,0xCF5D,0xD37F,0xD37E,0xF3DF,0xF3FF,0x82FF,0x82FF,0x827F,0x81BC,0x81DD,0x8158,
  0x8115,0x80D1,0x80F0,0x80AC,0x80AC,0x80AC,0x8069,0x8067,0x8067,0x8066,0x8046,0x8046,0x8025,0x8046,0x8023,0x8023,
  0x8024,0x8067,0x8024,0x8024,0x8003,0x8023,0x8023,0x8002,0x8022,0x8002,0x8002,0x8022,0x8022,0x8002,0x8002,0x8002,
  0x8022,0x8002,0x8002,0x8002,0x8002,0x8002,0x8002,0x8002,0x8002,0x8002,0x8002,0x8022,0x8002,0x8023,0x8022,0x8002,
  0x8002,0x8002,0x8022,0x8022,0x8022,0x8442,0x8023,0x8022,0x8023,0x8023,0x8002,0x8002,0x8002,0x8022,0x8002,0x8023,
  0x8002,0x8022,0x8002,0x8023,0x8046,0x8045,0x8002,0x8024,0x8067,0x8002,0x8002,0x8002,0x8002,0x8002,0x8002,0x8002,
  0x8022,0x8002,0x8002,0x8002,0x8002,0x8002,0x8002,0x8002,0x8023,0x8002,0x8022,0x8022,0x8022,0x8023,0x8023,0x8002,
  0x8002,0x8002,0x8002,0x8002,0x8002,0x8002,0x8001,0x8002,0x8023,0x8002,0x8022,0x8022,0x8002,0x8002,0x8022,0x8022,
  0x90EA,0x90C8,0x8CA7,0x8444,0x8022,0x8001,0x8466,0x8065,0x8002,0x8002,0x8002,0x8002,0x8002,0x8002,0x8022,0x8023,
  0x8022,0x8023,0x8022,0x8843,0x8023,0x8023,0x8023,0x8043,0x8043,0x8023,0x8023,0x8023,0x8023,0x8023,0x8023,0x8023,
  0x8044,0x8000,0x8CEA,0x88CA,0x8002,0x80AE,0x82DF,0xFFFF,0xFFFF,0xD3FF,0xF7FF,0xDBFF,0x833E,0x827D,0x8026,0x8047,
  0x8026,0x806B,0x8113,0x8112,0x80CE,0x80D0,0x839F,0x82BF,0xCFFF,0xD3DF,0x973E,0x827E,0x808B,0x8044,0x8045,0x8025,
  0xA928,0xA106,0x98C6,0x94A4,0xA0C3,0x8045,0x8045,0x8886,0x94C6,0x98A4,0x98C5,0x90A4,0x90C5,0x9D04,0x98E4,0x94C4,
  0x8085,0x84A4,0x84A4,0x8484,0x8046,0x84A5,0x84A5,0x8045,0x8066,0x88A5,0x84A4,0x8064,0x8024,0x8024,0x8024,0x8024,
  0x8024,0x8045,0x8024,0x8024,0x8024,0x8024,0x8024,0x8024,0x8024,0x8024,0x8023,0x8024,0x8024,0x8046,0x8045,0x8046,
  0x8046,0x8046,0x8046,0x8046,0x8046,0x8066,0x8066,0x8046,0x8067,0x8067,0x8024,0x8023,0x8023,0x8023,0x8023,0x8023,
  0x8023,0x8024,0x8024,0x8024,0x8024,0x8024,0x8024,0x8024,0x8024,0x8024,0x80C9,0x8023,0x8002,0x8044,0x8024,0x8024,
  0x8024,0x8D25,0x8023,0x8024,0x9106,0x88C6,0x8024,0x8024,0x8024,0x8024,0x8024,0x8024,0x8025,0x8025,0x8068,0x8067,
  0x8025,0x8047,0x8046,0x8046,0x80A7,0x84E7,0x88E7,0x84C7,0x84C7,0x84C6,0x88E6,0x88E6,0x8CE6,0x8088,0x8088,0x8088,
  0x80C7,0x84C7,0x88C6,0x8CC6,0xC163,0x84A6,0x80A7,0x84A7,0x8086,0x80A7,0x9505,0x9526,0x90E6,0xB522,0x90E6,0x9105,
  0x8087,0x8067,0x8067,0x8067,0x8067,0x8068,0x8068,0x8068,0x8068,0x8088,0x84A8,0x8087,0x8067,0x8068,0x8068,0x8068,
  0x8068,0x8068,0x8068,0x8068,0x8068,0x80A8,0x8089,0x8089,0x8089,0x8068,0x8068,0x8047,0x8047,0x88C6,0x9126,0x9548,
  0x9549,0x80A8,0x80A8,0x9968,0x9968,0x9D88,0xFFA8,0x9D06,0xA187,0x9967,0x8D27,0x84C7,0x8D07,0x84C8,0x8089,0x88E8,
  0x9968,0x9549,0x9149,0x9549,0x808A,0x808A,0x808A,0x80AA,0x80AA,0x808A,0x808A,0x808A,0x808A,0x808B,0x808A,0x80AB,
  0x80AB,0x80AB,0x80AB,0x80AB,0x808B,0x808B,0x808B,0x80AB,0x80AB,0x80AB,0x80AB,0x80AC,0x80AC,0x80AC,0x80AC,0x80AC,
  0x80AC,0x80AC,0x80AC,0x80AC,0x80AD,0x80AD,0x80AD,0x80AD,0x80AD,0x80AD,0x80AD,0x80AD,0x80CD,0x80CE,0x80AD,0x80AE,
  0x80CE,0x80EE,0x810F,0x80CE,0x80F0,0x8110,0x80CE,0x80AC,0x808B,0x80AC,0x80AC,0x8D49,0x80AE,0x8D4E,0x9DCD,0x99AD,
  0x8D4C,0x914B,0x996C,0x9DAE,0xB697,0xB677,0xBED9,0xC2D9,0xBEB8,0x850F,0xA9F4,0x8951,0x8951,0x8130,0x8972,0x8D72,
  0x8D93,0x95B3,0xAA54,0xA214,0x8D94,0x8D93,0x8131,0x8132,0xC6F6,0xC2D6,0xCF39,0xD33A,0xC719,0xBED8,0x8133,0xCAD8,
  0xCF1A,0xD73A,0xD73A,0xD739,0x95F5,0x89D6,0x8DD6,0x8DD7,0x8DD6,0x8DD6,0x8175,0xBAB4,0xA257,0x9618,0xBED7,0xCF38,
  0xD35A,0xD35C,0xD35C,0xD77C,0xD77D,0xAADD,0xC75E,0xCF5E,0xD79F,0xE3BF,0xF7FF,0xCB9F,0x875F,0x82BF,0x825F,0x81BC,
  0x81DD,0x8115,0x8136,0x80F1,0x80F0,0x80AB,0x808A,0x8068,0x8089,0x8068,0x8046,0x8046,0x8024,0x8045,0x8066,0x8003,
  0x8023,0x8024,0x8024,0x8023,0x8023,0x8022,0x8002,0x8002,0x8002,0x8002,0x8002,0x8024,0x8002,0x8002,0x8002,0x8002,
  0x8022,0x8002,0x8002,0x8002,0x8002,0x8022,0x8002,0x8002,0x8002,0x8002,0x8022,0x8023,0x8023,0x8024,0x8023,0x8022,
  0x8002,0x8002,0x8002,0x8022,0x8022,0x8022,0x8022,0x8002,0x8002,0x8022,0x8002,0x8002,0x8002,0x8022,0x8022,0x8023,
  0x8002,0x8002,0x8002,0x8002,0x8024,0x8023,0x8002,0x8045,0x8047,0x8024,0x8023,0x8002,0x8002,0x8023,0x8002,0x8003,
  0x8023,0x8024,0x8002,0x8002,0x8002,0x8002,0x8002,0x8002,0x8002,0x8002,0x8022,0x8002,0x8002,0x8003,0x80CC,0x8002,
  0x8022,0x8002,0x8002,0x8002,0x8002,0x8002,0x8002,0x8002,0x8022,0x8002,0x8002,0x8022,0x8022,0x8002,0x8002,0x8001,
  0x90EA,0xE245,0x8CA8,0x8465,0x8023,0x8002,0x8487,0x8CEA,0x8002,0x8002,0x8002,0x8002,0x8002,0x8002,0x8002,0x8022,
  0x8022,0x8022,0x8022,0x8023,0x8023,0x8023,0x8023,0x8023,0x8023,0x8023,0x8023,0x8023,0x8023,0x8023,0x8023,0x8024,
  0x8044,0x8045,0x8046,0x8047,0x8067,0x808A,0x8068,0x833F,0x831F,0x81DA,0x829D,0x9BDF,0xB7BF,0xFFFF,0x939F,0x82FF,
  0x8007,0x808C,0x80F1,0x80AE,0x808B,0x808B,0x8089,0x8068,0x8197,0x825D,0x829F,0xCFFF,0xA3DF,0x82BE,0x821C,0x8025,
  0xC587,0x9CE7,0x94C5,0x9CE3,0x9CE3,0x90A4,0x8465,0x8045,0x8CA5,0x90A5,0xCD63,0xB103,0xEE43,0xACE2,0x98E4,0x90C4,
  0x8884,0x88A5,0x84A4,0x8485,0x8046,0x8064,0x8065,0x8065,0x8066,0x88C5,0x88C5,0x88C5,0x8485,0x8024,0x8024,0x8024,
  0x8045,0x8485,0x8045,0x8045,0x8044,0x8024,0x8024,0x8024,0x8024,0x8024,0x8023,0x8023,0x8046,0x8046,0x8045,0x8045,
  0x8046,0x8046,0x8044,0x8066,0x8046,0x8046,0x8046,0x8046,0x8067,0x8067,0x8023,0x8023,0x8023,0x8023,0x8023,0x8024,
  0x8024,0x8024,0x8024,0x8024,0x8024,0x8024,0x8024,0x8024,0x8024,0x8024,0x80A9,0x80A6,0x8024,0x8067,0x8025,0x8025,
  0x8067,0x9526,0x8044,0x8024,0x8D06,0x8D07,0x8025,0x8044,0x8024,0x8024,0x8024,0x8024,0x8025,0x8024,0x8047,0x8067,
  0x8024,0x8046,0x8046,0x8046,0x8067,0x8086,0x84C7,0x84C6,0x84C6,0xA923,0x88E6,0x88E6,0x88E6,0x88E7,0x8488,0x84A7,
  0x88C7,0x84C7,0x88C7,0x8CC7,0x94C6,0x84A7,0x80A7,0x84A7,0x8067,0x80A8,0x9525,0x9106,0x9106,0xC142,0x9107,0x9125,
  0x80A6,0x80A8,0x8067,0x8067,0x8067,0x8068,0x8068,0x8068,0x8068,0x9547,0x8D07,0x88E7,0x8067,0x8067,0x8067,0x8068,
  0x8068,0x8068,0x8067,0x8068,0x8068,0x9D87,0x88E7,0x8068,0x8089,0x8068,0x8088,0x8067,0x8046,0x84A6,0x88C7,0x9968,
  0x80A8,0x9148,0x9128,0x9568,0x9968,0x9968,0xA567,0xEA66,0xC1C7,0xA187,0x9527,0x88E8,0x8908,0x9148,0x8D29,0x9968,
  0x9D88,0x9968,0x8D28,0x9988,0x80A9,0x808A,0x806A,0x9547,0x808A,0x808A,0x808A,0x808A,0x808A,0x808A,0x808A,0x80AB,
  0x80AB,0x80AB,0x80AB,0x80AB,0x808B,0x808B,0x808B,0x808B,0x808B,0x80AB,0x80AB,0x80AB,0x80AB,0x80AC,0x80AC,0x80AC,
  0x80AC,0x80AC,0x80AC,0x80AC,0x80AD,0x80AC,0x80AD,0x80AD,0x80AC,0x80AD,0x80AD,0x80AD,0x80AD,0x80AD,0x80AD,0x80CE,
  0x80CE,0x80EE,0x8110,0x80AC,0x80AD,0x8110,0x8110,0x80AC,0x808C,0x80AC,0x80AC,0x80AC,0x80CE,0x996D,0xAA0C,0xAE53,
  0x9170,0x84C9,0x958C,0x9DCF,0xA1F2,0xAA33,0xA610,0xBA97,0xBED8,0xA614,0xA1F5,0x8551,0x8D92,0x8973,0x8131,0x8973,
  0x8D93,0x8D93,0x9193,0x8D93,0x9193,0x8D93,0x8111,0x8994,0xBEB4,0xA234,0xCB18,0xCB19,0xCF1A,0xDB5A,0x95D5,0x8994,
  0xD339,0xD33A,0xD339,0xD73A,0xCF3A,0x8DD6,0x89D6,0x8DD6,0x8DD6,0x8DD6,0x89B5,0x9E15,0x91F8,0xA257,0xA657,0xBAB8,
  0xCB17,0xD35B,0xD35B,0xD35B,0xE39C,0xB6FC,0xB2FD,0xCF5E,0xD37E,0xD37E,0xD79F,0xEBFF,0xE7FF,0x835F,0x82FF,0x827F,
  0x81DD,0x817A,0x8138,0x8115,0x80D2,0x80CE,0x80AC,0x808B,0x808B,0x8068,0x8067,0x8067,0x8066,0x8045,0x8046,0x8045,
  0x8024,0x8044,0x8024,0x8023,0x8044,0x8023,0x8023,0x8023,0x8023,0x8023,0x8023,0x8002,0x8002,0x8002,0x8002,0x8002,
  0x8002,0x8002,0x8002,0x8002,0x8002,0x8002,0x8023,0x8024,0x8002,0x8002,0x8022,0x8023,0x8024,0x8088,0x8024,0x8023,
  0x8023,0x8002,0x8002,0x8022,0x8022,0x8023,0x8022,0x8022,0x8002,0x8022,0x8002,0x8002,0x8002,0x8022,0x8022,0x8022,
  0x8002,0x8046,0x8002,0x8022,0x8023,0x8023,0x8023,0x8046,0x8067,0x8068,0x8045,0x8023,0x8023,0x8024,0x8023,0x8023,
  0x8002,0x8023,0x8002,0x8002,0x8002,0x8002,0x8023,0x8002,0x8002,0x8002,0x8002,0x8022,0x8002,0x8002,0x8002,0x8002,
  0x8002,0x8022,0x8002,0x8022,0x8002,0x8002,0x8002,0x8022,0x8022,0x8022,0x8022,0x8022,0x8022,0x8002,0x8002,0x8001,
  0x90EA,0xC985,0x8CA8,0x8045,0x8023,0x8002,0x8487,0x8066,0x8002,0x8002,0x8002,0x8002,0x8002,0x8002,0x8002,0x8002,
  0x8022,0x8022,0x8022,0x8023,0x8023,0x8023,0x8023,0x8023,0x8023,0x8022,0x8023,0x8023,0x8023,0x8023,0x8023,0x8023,
  0x8024,0x8045,0x8045,0x8046,0x8046,0x8068,0x808C,0x80F1,0x80F2,0x80CE,0x80AC,0x8111,0x82DE,0x83DF,0xC3FF,0xFBFF,
  0x831E,0x829E,0x80CE,0x8069,0x806A,0x8068,0x8047,0x8067,0x8045,0x8045,0x8023,0x8177,0x825F,0x8B7F,0x837F,0x823E,
  0x98A6,0xA947,0x8CC5,0x8CA4,0x88A4,0x88A4,0x88A4,0x8065,0x88A6,0x8465,0x98C5,0x98C4,0xAD03,0xD9A2,0x94C4,0x8CA4,
  0x9CE3,0x8065,0x8484,0x8484,0x8484,0x8065,0x8484,0x8085,0x8065,0x8065,0x8065,0x88C5,0x90E5,0x8085,0x80A6,0x80C7,
  0x88C6,0x88E5,0x8464,0x8024,0x8024,0x8024,0x8024,0x8024,0x8023,0x8023,0x8024,0x8023,0x8023,0x8023,0x8046,0x8046,
  0x8046,0x8046,0x8045,0x8046,0x8046,0x8046,0x8067,0x8067,0x8067,0x8067,0x8046,0x8045,0x8023,0x8023,0x8024,0x8023,
  0x8024,0x8024,0x8024,0x8024,0x8024,0x8024,0x8024,0x8024,0x8024,0x8024,0x8024,0x88E7,0x8066,0x8026,0x8089,0x8067,
  0x8067,0x8D06,0x8CE6,0x88E8,0x88EA,0x88E5,0x8065,0x8045,0x8024,0x8024,0x8024,0x8024,0x8024,0x8024,0x8024,0x8023,
  0x8024,0x8045,0x8024,0x8066,0x8066,0x8046,0x8066,0x84A6,0x88C6,0x80A6,0x8CE7,0x8D06,0x8CE6,0x88E7,0x88E7,0x8CE7,
  0x88E7,0x88E7,0x88E7,0xAD04,0x88C6,0x84A6,0x8087,0x8088,0x8068,0x80A8,0x88E6,0x8CE5,0x8086,0x8CC5,0x8CE6,0x80A6,
  0x80A7,0x80A8,0x8067,0x8066,0x8066,0x8067,0x8068,0x8068,0x8067,0x80A7,0x84C7,0x8088,0x9D87,0x8087,0x8067,0x8068,
  0x8068,0x8087,0x9547,0x8067,0x8068,0x8087,0x9D46,0xA145,0x80C9,0x8088,0x8068,0x80A8,0x84A6,0x8085,0x8066,0x8067,
  0x8067,0x88E8,0x88E7,0x80A6,0x9527,0x9127,0x9947,0xA168,0xA968,0x9D88,0x9D88,0x9D88,0x84E7,0x9588,0x9568,0x9968,
  0x9D88,0x84A9,0x8089,0x8D08,0x9568,0x808A,0x8089,0x88E8,0x892A,0x808A,0x808A,0x808A,0x808A,0x808A,0x808A,0x80AB,
  0x80AB,0x80AB,0x80AB,0x80AB,0x808A,0x808B,0x808B,0x808B,0x80AB,0x80AB,0x80AB,0x80AB,0x80AC,0x80AB,0x80AB,0x80AC,
  0x80AC,0x80AC,0x80AC,0x80AC,0x80AD,0x80AD,0x80AC,0x80AC,0x80AC,0x80AC,0x80AD,0x80AD,0x80AC,0x80AD,0x80AD,0x80AD,
  0x80AD,0x80AD,0x8110,0x80CD,0x80AD,0x80AD,0x80F0,0x80CD,0x80AC,0x80AC,0x80AC,0x80AD,0x80AD,0x80AC,0x954B,0xAA11,
  0xA614,0x80AB,0x80CC,0x890C,0xAE30,0x9DEF,0x918D,0xAA14,0xB697,0xBA97,0xAE56,0xAE55,0xC2B5,0x8973,0x8531,0x8951,
  0x8D72,0x8D72,0x8972,0x8D93,0x9172,0x9193,0x8132,0x8573,0xAE54,0x8131,0xB697,0xC6F9,0xBED9,0xC6D9,0xCF19,0x91B4,
  0xC2D8,0xC6F9,0xCF39,0xD339,0xD339,0xD75A,0x8994,0x99F5,0x8DD5,0x8DB5,0x8DB5,0x8DD5,0x8DD6,0x91F7,0xBAB7,0xA677,
  0xCAF4,0xC2F9,0xD35B,0xD35B,0xD33B,0xD75C,0xBEFC,0xBAFC,0xCB3D,0xD37E,0xD35E,0xD37E,0xD37F,0xEBFF,0xB3BF,0x833F,
  0x82BF,0x81FE,0x819B,0x8138,0x8136,0x80F2,0x80D0,0x80AD,0x80AC,0x80AB,0x80AB,0x8068,0x8068,0x8067,0x8067,0x8045,
  0x8067,0x8067,0x8023,0x8023,0x8023,0x8023,0x8023,0x8023,0x8023,0x8023,0x8023,0x8023,0x8002,0x8002,0x8002,0x8002,
  0x8002,0x8002,0x8002,0x8022,0x8002,0x8002,0x8022,0x8002,0x8022,0x8022,0x8023,0x8023,0x8067,0xFFFF,0x8046,0x8045,
  0x8023,0x8002,0x8002,0x8002,0x8022,0x8002,0x8022,0x8022,0x8002,0x8002,0x8022,0x8002,0x8068,0x8023,0x8002,0x8002,
  0x8002,0x8002,0x8022,0x8023,0x8023,0x8022,0x8002,0x8023,0x8046,0x8068,0x8023,0x8024,0x8024,0x8023,0x8023,0x8024,
  0x8045,0x8023,0x8002,0x8002,0x8002,0x8002,0x8023,0x8002,0x8002,0x8002,0x8002,0x8002,0x8002,0x8002,0x8002,0x8002,
  0x8002,0x8002,0x8002,0x8002,0x8002,0x8002,0x8022,0x8022,0x8022,0x8022,0x8022,0x8022,0x8022,0x8022,0x8002,0x8001,
  0x90E9,0xF665,0x8CC8,0x8465,0x8022,0x8001,0x88A8,0x8066,0x8002,0x8002,0x8002,0x8002,0x8002,0x8002,0x8002,0x8002,
  0x8002,0x8022,0x8022,0x8023,0x8022,0x8022,0x8023,0x8022,0x8022,0x8022,0x8023,0x8023,0x8023,0x8023,0x8023,0x8023,
  0x8023,0x8023,0x8024,0x8044,0x8045,0x8046,0x8068,0x808B,0x80AC,0x80AC,0x808A,0x8068,0x8068,0x8068,0x8176,0x825D,
  0x8B7F,0xEBFF,0x975F,0x821F,0x806A,0x8045,0x8045,0x8045,0x8045,0x8024,0x8024,0x8024,0x8023,0x8026,0x81DD,0x823F,
  0x8CA7,0x8048,0x88A6,0x8CC4,0x8CC4,0x8CA4,0x8CA5,0x8CC5,0x8CC5,0xFF21,0xA4E4,0xB123,0xB122,0x98C3,0x8C83,0x8464,
  0x8065,0x8045,0x8484,0x88A4,0x8884,0x8065,0x8024,0x8485,0x8065,0x8085,0x8085,0x88A4,0x9903,0x84A5,0x84A5,0x8086,
  0x84C6,0x88C5,0x8044,0x8024,0x8024,0x8023,0x8023,0x8023,0x8023,0x8023,0x8023,0x8023,0x8023,0x8024,0x8046,0x8046,
  0x8046,0x8046,0x8046,0x8046,0x8046,0x8045,0x8046,0x8066,0x8067,0x8067,0x8047,0x8067,0x8023,0x8023,0x8045,0x8023,
  0x8024,0x8024,0x8024,0x8024,0x8024,0x8024,0x8024,0x8024,0x8023,0x8024,0x8024,0x8045,0x8045,0x8024,0x8066,0x88E6,
  0x8CE6,0x8CE6,0x88E6,0x84C7,0x8089,0x88E5,0x8086,0x8086,0x8024,0x8024,0x8066,0x8067,0x8087,0x8088,0x8045,0x8024,
  0x8023,0x8066,0x8066,0x8067,0x8067,0x8046,0x8047,0x84C6,0x88C6,0x88E6,0x9506,0x9906,0xE5A2,0x8D07,0x8CE7,0x8CE7,
  0x8CE7,0x88E6,0x88C6,0xDDC4,0x88A5,0x84A5,0x84A6,0x8068,0x8088,0x8087,0x88E6,0x80A6,0x8067,0x8086,0x84C6,0xB5A4,
  0x8087,0x8067,0x8047,0x8046,0x8045,0x8046,0x8047,0x8067,0x9106,0x9526,0x9127,0x9127,0x9987,0x8067,0x8067,0x8068,
  0x8067,0x8CE6,0x9526,0x9967,0x8047,0x88C7,0xB505,0x80A6,0x8908,0x8088,0x8068,0x8067,0x8086,0x88E5,0x8045,0x8046,
  0x8067,0x8068,0x9946,0x9525,0x8085,0x84A5,0x9D66,0x9D47,0x9D68,0x9968,0x9D88,0x9548,0x9968,0xA1A9,0xA188,0x8907,
  0x9547,0x8089,0x8069,0x80A8,0x8D49,0x808A,0x8069,0x80A9,0x894A,0x808A,0x808A,0x808A,0x8089,0x808A,0x8089,0x808A,
  0xA1CB,0x806A,0x80AA,0x808A,0x808A,0x808A,0x808B,0x808B,0x808B,0x80AB,0x80AB,0x80AB,0x80AB,0x80AB,0x80AB,0x80AB,
  0x80AC,0x80AB,0x80AC,0x80AC,0x80AC,0x80AC,0x80AC,0x80AC,0x80AC,0x80AC,0x80AC,0x80AC,0x80AC,0x80AC,0x80AC,0x80AC,
  0x80AC,0x80AD,0x80AD,0x8151,0x80AD,0x80CE,0x80EF,0x80EF,0x80CE,0x80CE,0x80CD,0x808B,0x80AC,0x80AC,0x80AB,0x912B,
  0x914B,0x890C,0x808C,0x808C,0x956C,0xAE2E,0x8D4E,0xB257,0xB256,0x99B0,0xCAD5,0x9DB1,0x99D0,0x8571,0x8131,0x8110,
  0x8531,0x8D72,0x8D72,0x8D93,0x9193,0x9192,0x8D72,0x8531,0x8994,0x9194,0x8574,0x99D5,0xB697,0xBEB8,0xB698,0xCF19,
  0xCF19,0x9E16,0xAE77,0xCB19,0xCF19,0xCF19,0x91D5,0xCF19,0x89B4,0x8DB4,0x8DD5,0x91D5,0x8DD6,0x89D6,0x89B6,0xB695,
  0xC291,0x9616,0xBAD9,0xD35B,0xD75B,0xD75B,0xCF5C,0xAABC,0xC33D,0xCF5D,0xD37E,0xD35E,0xD37E,0xE3BF,0xE3DF,0xABBF,
  0x833F,0x825F,0x821E,0x815A,0x8159,0x8116,0x80F3,0x80AE,0x80AC,0x80AB,0x808B,0x8068,0x8068,0x8068,0x8068,0x8067,
  0x8067,0x8066,0x8045,0x8023,0x8023,0x8023,0x810F,0x8023,0x8023,0x8023,0x8023,0x8023,0x8023,0x8002,0x8002,0x8002,
  0x8002,0x8002,0x8002,0x8002,0x8022,0x8002,0x8002,0x8002,0x8022,0x8002,0x8023,0x8024,0x8024,0xF3BD,0x8025,0x8023,
  0x8023,0x8002,0x8002,0x8002,0x8024,0x8022,0x8002,0x8002,0x8023,0x8002,0x8002,0x8002,0x8024,0x8023,0x8023,0x8022,
  0x8002,0x8002,0x8002,0x8024,0x8026,0x8088,0x8002,0x8002,0x8023,0x8024,0x8024,0x8023,0x8045,0x8045,0x8003,0x8023,
  0x8024,0x8023,0x8002,0x8023,0x8002,0x8002,0x8002,0x8002,0x8002,0x8022,0x8002,0x8002,0x8002,0x8002,0x8002,0x8002,
  0x8002,0x8002,0x8002,0x8002,0x8022,0x8002,0x8002,0x8002,0x8022,0x8022,0x8022,0x8022,0x8002,0x8002,0x8002,0x8001,
  0xA56D,0xFA42,0x88A8,0x8465,0x8002,0x8001,0x8466,0x8065,0x8002,0x8002,0x8002,0x8002,0x8002,0x8002,0x8002,0x8002,
  0x8002,0x8002,0x8002,0x8023,0x8002,0x8022,0x8022,0x8002,0x8002,0x8002,0x8022,0x8002,0x8023,0x8023,0x8023,0x8023,
  0x8023,0x8023,0x8023,0x8024,0x8045,0x8045,0x8046,0x8068,0x8068,0x8067,0x8046,0x8046,0x8045,0x8046,0x8046,0x8045,
  0x81F9,0x865C,0xA39F,0xCFFF,0x81DC,0x8174,0x8069,0x8024,0x8024,0x8025,0x8024,0x8024,0x8024,0x8024,0x8024,0x8028,
  0xD9C1,0x88A8,0x88A6,0x8CC5,0x8CC5,0x8485,0x8885,0x8CC5,0x8CA4,0x8CA4,0xA0E4,0xA104,0x9CE3,0x8064,0x98C3,0x8884,
  0x8885,0x8065,0x88A5,0x8CA5,0x8CA4,0x8025,0x88A5,0x8CC5,0x8CA5,0x8883,0x8064,0x8085,0x8484,0x88A4,0x84A5,0x8045,
  0x8024,0x8044,0x8085,0x8024,0x8024,0x8023,0x8023,0x8023,0x8023,0x8023,0x8024,0x8023,0x8024,0x8046,0x8046,0x8046,
  0x8046,0x8046,0x8046,0x8046,0x8045,0x8045,0x8045,0x8046,0x8067,0x8067,0x8067,0x8068,0x8045,0x8023,0x8023,0x8024,
  0x8023,0x8024,0x8024,0x8024,0x8024,0x8024,0x8024,0x8024,0x8024,0x8024,0x8023,0x8089,0x8088,0x8025,0x8046,0x8025,
  0x84C7,0x8CE6,0x88E6,0x88E6,0x8047,0x8087,0x8026,0x8025,0x8025,0x8025,0x8088,0x80C9,0x8088,0x8068,0x8068,0x8067,
  0x8047,0x8024,0x84C4,0x8904,0x8087,0x8066,0x8086,0x84C6,0x84C5,0x84C6,0x84C6,0x84C6,0x88C6,0xB143,0x8CE6,0x8CE5,
  0x9905,0x98E5,0x94E5,0x94A3,0x88C5,0x88C6,0x84C6,0x84C7,0x8088,0x80C7,0x80C7,0x8087,0x8067,0x8086,0x80A7,0x9126,
  0x8CC6,0x8046,0x8046,0x8047,0x80A8,0x80A9,0x8047,0x8067,0x8046,0x8046,0x88C6,0x9546,0x8085,0x8086,0x88E6,0x8066,
  0x8067,0x8D07,0x8D07,0x8D27,0x9127,0x9947,0xA545,0xADC6,0xA9A6,0x9527,0x9526,0x9106,0x8D06,0x8906,0x8067,0x8067,
  0x8067,0x8068,0x88C6,0x88E6,0x84C6,0x88E6,0x9127,0x8486,0x9D88,0x9968,0x9D68,0x9968,0x9948,0xA168,0xDE27,0x8CE6,
  0x9148,0x9149,0x808A,0x8068,0x9129,0x8088,0x8068,0x8068,0x8089,0x808A,0x808A,0x80A9,0x9569,0x8088,0x8069,0x808A,
  0x84EB,0xA1AA,0x808A,0x808A,0x808A,0x808A,0x808A,0x808B,0x808B,0x808A,0x808B,0x80AB,0x808B,0x808B,0x80AB,0x80AB,
  0x80AB,0x80AB,0x80AC,0x80AC,0x80AC,0x80AC,0x80AC,0x80AC,0x80AC,0x80AC,0x80AC,0x80AC,0x80AC,0x80AC,0x80AC,0x80AC,
  0x80AC,0x80AD,0x80AD,0x80AD,0x80AD,0x80AC,0x80EF,0x80EC,0x956A,0x892B,0x80CC,0x80CC,0x80CC,0x80AC,0x892B,0x890C,
  0xC6AB,0x8D4B,0x892D,0x80AD,0x80EF,0x80CE,0x80CE,0x956C,0xA9EE,0x918D,0x99CD,0x918F,0x95B0,0xCAD6,0x8111,0x8131,
  0x8110,0x8531,0x8531,0x8972,0x8973,0x8D72,0x8952,0x8D72,0x80D0,0xD75B,0xBEB8,0x8132,0xB278,0xCAF8,0xBEB7,0xC2B7,
  0xCAF8,0xBA97,0xC2D8,0xD739,0xD739,0xD339,0xD33A,0xD73A,0xDB5A,0x89D5,0x89D5,0x91F6,0x89B5,0x8994,0x89B5,0x89B5,
  0xA213,0xA213,0x8DB3,0xB298,0xC719,0xD33A,0xC71A,0xC71A,0xCB3B,0xAABC,0xBF1C,0xCB3D,0xD77E,0xD37E,0xD77F,0xEBDF,
  0xDFBF,0x831F,0x82DF,0x825F,0x81BC,0x817B,0x8157,0x8115,0x80B0,0x80D0,0x808C,0x80AB,0x8068,0x80AD,0x8067,0x8067,
  0x8067,0x8067,0x8023,0x8046,0x8023,0x8023,0x8023,0x8023,0x8023,0x8023,0x8023,0x8023,0x8023,0x8023,0x8023,0x8002,
  0x8002,0x8002,0x8002,0x8002,0x8002,0x8002,0x8002,0x8002,0x8002,0x8002,0x8002,0x8023,0x8045,0x8045,0x8024,0x8023,
  0x8002,0x8002,0x8002,0x8002,0x8002,0x8002,0x8002,0x8002,0x8002,0x8002,0x8023,0x8023,0x8002,0x8023,0x8023,0x8002,
  0x8002,0x8002,0x8023,0x8002,0x8022,0x8002,0x8002,0x8022,0x8024,0x8046,0x8046,0x8067,0x8089,0x8045,0x8045,0x8024,
  0x8023,0x8023,0x8002,0x8023,0x8002,0x8024,0x8002,0x8002,0x8002,0x8002,0x8002,0x8002,0x8195,0x8002,0x8002,0x8002,
  0x8002,0x8002,0x8571,0x8022,0x8023,0x8002,0x8002,0x8023,0x8002,0x8022,0x8022,0x8022,0x8002,0x8002,0x8002,0x8001,
  0xAD6C,0xA52B,0x9D0A,0x8044,0x8002,0x8002,0x8466,0x8044,0x8002,0x8002,0x8002,0x8002,0x8002,0x8002,0x8002,0x8002,
  0x8002,0x8002,0x8002,0x8002,0x8002,0x8022,0x8002,0x8002,0x8002,0x8002,0x8002,0x8002,0x8002,0x8002,0x8022,0x8022,
  0x8022,0x8023,0x8023,0x8024,0x8024,0x8024,0x8045,0x8045,0x8045,0x8045,0x8045,0x8045,0x8024,0x8024,0x8024,0x8024,
  0x8024,0x8024,0x8002,0x819A,0x82BF,0xBFDF,0x825F,0x81BB,0x808B,0x8025,0x8025,0x8024,0x8024,0x8023,0x8023,0x8023,
  0x8CA6,0x98E6,0x94C6,0x8CC5,0x8065,0x8026,0x8046,0x8065,0x8CA4,0x8CA4,0x9CE4,0xA8E2,0x8CA4,0x88A5,0x94C4,0x94A3,
  0x8484,0x8465,0x8086,0x8CC5,0x8CA5,0x8CA5,0x88A5,0x8CC5,0x8CA5,0xF1E0,0x8CC5,0x8065,0x8024,0x8064,0x8044,0x8045,
  0x8024,0x8025,0x88C6,0x8024,0x8024,0x8024,0x8024,0x8023,0x8023,0x8023,0x8023,0x8023,0x8023,0x8024,0x8046,0x8046,
  0x8046,0x8046,0x8046,0x8046,0x8045,0x8045,0x8045,0x8046,0x8045,0x8045,0x8067,0x8067,0x8067,0x8068,0x8088,0x8068,
  0x8023,0x8023,0x8024,0x8025,0x8024,0x8024,0x8024,0x8024,0x8024,0x8024,0x8023,0x8023,0x8089,0x8089,0x8089,0x8046,
  0x8067,0x9107,0x80A7,0x84C6,0x8D06,0x80A6,0x8087,0x8026,0x8047,0x8026,0x8047,0x8088,0x9D66,0x8068,0x8047,0x8067,
  0x8068,0x8024,0x8025,0x84E5,0x8086,0x8046,0x88E5,0x80A5,0x8066,0x80A5,0x84C6,0x84A6,0x88C6,0x8CE5,0x8CC5,0xDDE5,
  0xA105,0xA105,0xC564,0xD5C4,0x90E5,0x84C6,0x80A7,0x8087,0x8088,0x9506,0x8D07,0x8087,0x8087,0x8087,0x8087,0x9946,
  0x9106,0x8087,0x8047,0x8067,0x8067,0x8046,0x8046,0x8046,0x8046,0x8067,0x9127,0x80A7,0x9106,0x8D06,0x8086,0x8D06,
  0x8087,0x8067,0x8087,0x9127,0x9127,0x9947,0x9546,0x9947,0xB564,0xA505,0x9926,0x9106,0x8067,0x8047,0x8067,0x8087,
  0x80E6,0x8087,0x8067,0x8067,0x88E7,0x84E7,0x9D67,0xA5A8,0x9948,0x9947,0x9127,0x9107,0x9D68,0xC208,0xFF6B,0x9948,
  0x9148,0x9989,0x8068,0x8067,0x80A8,0x8D28,0x8068,0x8D08,0x808A,0x808A,0x808A,0x808B,0x8D0A,0x996A,0x9989,0x806A,
  0x850C,0x9D8A,0x84EA,0x808A,0x808A,0x808A,0x808A,0x808B,0x808B,0x808A,0x808A,0x808B,0x808B,0x80AB,0x80AB,0x80AB,
  0x80AC,0x80AB,0x80AC,0x80AB,0x80AB,0x80AB,0x80AC,0x80AB,0x80AC,0x80AC,0x80AC,0x80AC,0x80AC,0x80AC,0x80AC,0x80AC,
  0x80AC,0x80AC,0x80AC,0x80AC,0x80AC,0x80AC,0x80EE,0x808A,0x80CD,0x916D,0x996C,0xA1CA,0x916B,0x998A,0x99AB,0x998D,
  0x8D4D,0x916B,0x892C,0x80AC,0x80AD,0x84ED,0x890C,0x958B,0x918C,0x99AE,0xBA8F,0x84EE,0x850E,0xCF38,0x8112,0x8110,
  0x8130,0x8551,0x8131,0x8131,0x8994,0x8D94,0x8D93,0x8D93,0x80EF,0x80CE,0xCAF9,0xC2B8,0x8111,0xD319,0xB696,0xBAB6,
  0xB276,0xB697,0xB697,0xCF19,0xDB39,0xD739,0xAE99,0xAE98,0xDB5A,0x89B5,0x89B5,0x8DD5,0xCF13,0xD355,0x9E14,0x89B4,
  0x89B5,0xA212,0x89B3,0x85B4,0xC718,0xD35A,0xD35A,0xCF3A,0xD75B,0xDF9B,0x925A,0xCB3C,0xC73D,0xD79E,0xD77E,0xD79F,
  0xE3BF,0xF3FF,0x833F,0x831F,0x827F,0x81FD,0x819B,0x8159,0x80F4,0x80F3,0x80F0,0x80AD,0x808B,0x808B,0x8067,0x8067,
  0x8068,0x8067,0x8067,0x8045,0x8046,0x8045,0x8023,0x8023,0x8023,0x8046,0x80CB,0x8023,0x8023,0x8023,0x8023,0x8022,
  0x8022,0x8002,0x8002,0x8002,0x8002,0x8002,0x8002,0x8044,0x8002,0x8023,0x8002,0x8002,0x8022,0x8045,0x8023,0x8023,
  0x8002,0x8022,0x8002,0x8002,0x8002,0x8002,0x8022,0x8002,0x8002,0x8023,0x8045,0x8024,0x8023,0x8023,0x8024,0x8002,
  0x8002,0x8045,0x8023,0x8023,0x8023,0x8022,0x8022,0x80CC,0x8066,0x8066,0x8067,0x8068,0x808A,0x808A,0x8024,0x8023,
  0x8023,0x8023,0x8022,0x8002,0x8023,0x8002,0x8002,0x8002,0x8002,0x8002,0x8002,0x8002,0x8002,0x8002,0x8002,0x8002,
  0x8002,0x8002,0x8002,0x8002,0x8002,0x8002,0x8002,0x8022,0x8022,0x8022,0x8022,0x8022,0x8022,0x8002,0x8002,0x8001,
  0xAD6C,0xA54C,0x990A,0x8465,0x8023,0x8002,0x8466,0x9D4D,0x8002,0x8002,0x8002,0x8002,0x8002,0x8002,0x8002,0x8002,
  0x8002,0x8002,0x8002,0x8002,0x8002,0x8002,0x8002,0x8002,0x8002,0x8002,0x8002,0x8022,0x8002,0x8002,0x8022,0x8002,
  0x8023,0x8022,0x8022,0x8023,0x8023,0x8045,0x8024,0x8044,0x8024,0x8024,0x8024,0x8024,0x8023,0x8023,0x8023,0x8023,
  0x8023,0x8023,0x8023,0x8023,0x8001,0x823D,0x82DF,0x9BBF,0x831F,0x8115,0x8048,0x8024,0x8024,0x8023,0x8023,0x8023,
  0x8465,0xFB20,0x9CE5,0x8065,0x8045,0x8025,0x8086,0x88C4,0x8CA4,0x8CC4,0x9D04,0xC542,0x8484,0x8884,0x90A3,0x90A3,
  0x8884,0x8066,0x90C6,0x94C4,0x94C5,0x94C5,0x8CA5,0x9CA2,0xDDC1,0x8883,0x8884,0x8064,0x8023,0x8085,0x8485,0x8024,
  0x8024,0x8024,0x8046,0x8024,0x8024,0x8024,0x8045,0x8024,0x8024,0x8023,0x8023,0x8023,0x8023,0x8023,0x8046,0x8045,
  0x8024,0x8046,0x8046,0x8046,0x8046,0x8046,0x8046,0x8046,0x8045,0x8045,0x8045,0x8023,0x8023,0x8089,0x8068,0x8068,
  0x8024,0x8024,0x8089,0x8089,0x8024,0x8024,0x8024,0x8023,0x8023,0x8023,0x8023,0x8023,0x8024,0x8024,0x8089,0x8024,
  0x8024,0x80A8,0x8044,0x8044,0x80C6,0x80A6,0x80A5,0x84C5,0x8066,0x88C5,0x8D05,0x8D06,0x88E6,0x8066,0x8047,0x8046,
  0x84A5,0x8084,0x8045,0x8046,0x8046,0x8046,0x8086,0x88C5,0x84C6,0x88E5,0x84C6,0x8087,0x84C7,0x8CE6,0x9506,0x94E5,
  0x9CC5,0xFFC8,0xA105,0xA126,0x9905,0x90E6,0x88C6,0x80A7,0x8087,0x8D06,0x9106,0x80A6,0x8067,0x8087,0x8087,0x80A6,
  0x80A7,0x80A7,0x8CE6,0x9126,0x8D06,0x8087,0x88C6,0x8046,0x8086,0x8906,0x8D06,0x8D06,0x9127,0x9546,0x9526,0x8D06,
  0x84C7,0x8066,0x80A6,0x8066,0x8D07,0x9126,0x9126,0x9927,0x9926,0x9926,0x88C6,0x84C6,0x84E6,0x88C6,0x88E6,0x84C7,
  0x84C6,0x88E6,0x84A6,0x84A6,0x84A5,0x8CE5,0x8085,0x8086,0x9968,0x9568,0x9548,0x88E8,0x9528,0xA188,0xA1A8,0x9D68,
  0xADC9,0x9968,0xA9E9,0x8086,0x84C7,0x8D28,0x9548,0x80C9,0x9589,0x80AA,0x808A,0x808A,0x84CA,0x88E9,0x9569,0x9569,
  0x956A,0x998A,0x99AA,0x8069,0x808A,0x808A,0x808A,0x810F,0x808A,0x808A,0x808B,0x808A,0x808B,0x80AB,0x80AB,0x80AB,
  0x80AB,0x80AB,0x80AB,0x80AB,0x80AB,0x916E,0x80AB,0x852E,0x80AC,0x80AC,0x80AC,0x80AC,0x80AC,0x80AC,0x80AC,0x80AC,
  0x80AB,0x808B,0x80AB,0x80AC,0x80AC,0x808C,0x808C,0x80AC,0x80EE,0x8131,0x8131,0x916C,0x958C,0x810D,0x99AB,0xB20D,
  0x9DAC,0x890B,0x850C,0x850B,0x808B,0x80ED,0x850B,0x916B,0xAA0B,0x99AD,0x80EE,0x80CE,0x80EE,0x958C,0xA634,0xBED7,
  0x810F,0x8131,0x8552,0x8152,0x8132,0x8131,0x8973,0x8972,0x8951,0x80CE,0x80CD,0x8530,0xBAB7,0x80CF,0xC2B7,0xC6F7,
  0x8533,0xA617,0xC2D8,0xD319,0xBEB8,0xD319,0xD319,0xB698,0xB6B8,0xC2F8,0x8DB3,0x89B4,0xBAB2,0xBED4,0xCB16,0xCF18,
  0x9A16,0x89B5,0x85B3,0xB692,0xBED5,0xBED8,0xDB5B,0xD75B,0xBF1B,0xCF5B,0xD35B,0xD35B,0x9E9C,0xBF1D,0xC33D,0xD77E,
  0xD37E,0xDBBF,0xEFDF,0xC3BF,0x82FF,0x82FF,0x825F,0x81BD,0x8159,0x8137,0x80F3,0x80D1,0x80CF,0x808B,0x808A,0x8069,
  0x80CD,0x8068,0x8067,0x8066,0x8066,0x8066,0x8046,0x8023,0x8023,0x8023,0x8023,0x8023,0x8023,0x8023,0x8023,0x8023,
  0x8002,0x8002,0x8002,0x8022,0x8002,0x8003,0x8002,0x8002,0x8001,0x8002,0x8022,0x8023,0x8023,0x8023,0x8023,0x8023,
  0x8024,0x8024,0x8069,0x8023,0x8002,0x8044,0x8002,0x8002,0x8001,0x8089,0x8001,0x8002,0x8025,0x8023,0x8024,0x8023,
  0x8022,0x8025,0x8046,0x8045,0x8024,0x8023,0x8023,0x8046,0x8045,0x8068,0x8089,0x80AB,0x8971,0x80AC,0x8068,0x8045,
  0x8045,0x8023,0x8023,0x8024,0x8024,0x8044,0x8022,0x8002,0x8067,0x8002,0x8002,0x8002,0x8002,0x8002,0x8002,0x8002,
  0x8002,0x8002,0x8002,0x8002,0x8002,0x8002,0x8002,0x8002,0x8022,0x8022,0x8022,0x8022,0x8022,0x8002,0x8002,0x8001,
  0xB9AD,0xFFA4,0xA54A,0x8465,0x8023,0x8002,0x8466,0x8465,0x8002,0x8002,0x8002,0x8002,0x8002,0x8002,0x8002,0x8002,
  0x8001,0x8002,0x8002,0x8002,0x8022,0x8022,0x8002,0x8002,0x8002,0x8001,0x8001,0x8002,0x8002,0x8002,0x8002,0x8002,
  0x8022,0x8022,0x8022,0x8022,0x8002,0x8023,0x8023,0x8023,0x8023,0x8023,0x8023,0x8023,0x8023,0x8023,0x8023,0x8023,
  0x8023,0x8023,0x8023,0x8023,0x8023,0x8023,0x8023,0x80D1,0x81BC,0x82BF,0x97DF,0x81FE,0x8046,0x8024,0x8023,0x8023,
  0x8044,0x98E5,0x94A4,0x8485,0x8065,0x88C5,0x8065,0x8045,0x8CC4,0x8CC4,0x8CC4,0x8064,0x98C3,0x8CA4,0xF282,0xB522,
  0x8884,0x98C4,0x98C4,0xB123,0xA904,0xA0E4,0x9CC3,0x98A4,0x8CA4,0x8463,0x8063,0x8023,0x8024,0x8484,0x98C3,0x8064,
  0x8484,0x8066,0x8025,0x8024,0x8024,0x8024,0x8046,0x8046,0x8024,0x8024,0x8023,0x8024,0x8023,0x8024,0x8023,0x8046,
  0x8045,0x8046,0x8046,0x8046,0x8046,0x8045,0x8045,0x8045,0x8045,0x8046,0x8045,0x8023,0x8023,0x8023,0x8068,0x8068,
  0x8046,0x8023,0x8089,0x8068,0x8023,0x8067,0x8089,0x8023,0x8023,0x8023,0x8023,0x8023,0x8024,0x8024,0x8067,0x8024,
  0x8023,0x8067,0x8045,0x8024,0x8046,0x8067,0x8066,0x84C6,0x8086,0x8086,0x8CE5,0x8D06,0x88E6,0x8066,0x8047,0x8046,
  0x84C5,0x84C5,0x84C5,0x8046,0x8067,0x8067,0x80A6,0x88C5,0x88E5,0x84C6,0x8067,0x8066,0x80A6,0x8CE5,0x9105,0x8CC5,
  0x94E6,0xB103,0xA106,0xB965,0x98E6,0x9D26,0x8CE6,0x8CE6,0x8CE6,0x88C6,0x90E5,0x8085,0x8067,0x8087,0x8046,0x80A7,
  0x80A7,0x80A6,0x84C7,0x9106,0x8D06,0x8D06,0x8906,0x88E7,0x88E6,0x88E6,0x84C6,0x80A7,0x84C7,0x88E6,0x8D06,0x80A6,
  0x8086,0x8086,0x88C5,0x8066,0x80A7,0x8D07,0x8D06,0xFF67,0x9106,0x9926,0x88E6,0x84C6,0x84E7,0x84C6,0x8087,0x8087,
  0x84C5,0x88E6,0x80A6,0x84A6,0x8085,0xA165,0x8065,0x8086,0x9568,0x84C7,0x9148,0x9548,0xA187,0x8D07,0x9527,0x8D08,
  0xA588,0xE72F,0xA9EB,0xAE0A,0x80C7,0x8509,0x8908,0x84E9,0x80CA,0x8D29,0x8D29,0x8D49,0x8D08,0x8D08,0x9148,0x9149,
  0x8909,0x9569,0x9569,0x9989,0x9969,0x8089,0x808A,0x80AA,0x808B,0x808B,0x808A,0x808B,0x808B,0x808B,0x80AB,0x80AB,
  0x80AB,0x80AB,0x80AB,0x80AB,0x80AB,0x808B,0x80AC,0x8D6C,0x892D,0x80AC,0x80AD,0x956E,0x80AC,0x80AC,0x80AC,0x80AC,
  0x80AB,0x810E,0x998E,0x80AB,0x808B,0x808B,0x808B,0x80AC,0x80CD,0x8151,0x8150,0x8D6C,0x852E,0x80CD,0x810D,0x852C,
  0x914A,0x998A,0x998B,0x80EB,0x84EB,0x80AC,0x80AC,0x8D2B,0x8D4A,0xA5EC,0x8D6D,0x80EF,0x80EE,0x80EE,0x95B0,0x91B2,
  0xAA54,0x810F,0x8110,0xB654,0x8110,0x8110,0x810F,0x8D72,0x8D72,0x8951,0x80CE,0x80EF,0x8952,0xA236,0xC2B7,0xC6B6,
  0x8553,0x9DD5,0xAA36,0xAE57,0xC2B8,0xC6D8,0xCAF8,0xC6F9,0xA657,0xCB19,0xCF19,0x8573,0xBAB3,0xB292,0x91F3,0xCF17,
  0xCF18,0xAE97,0x89B4,0x8574,0x89B4,0x9637,0xDF7B,0xD75A,0xC71A,0xBEFA,0xD75B,0xD75B,0xCF5C,0xC73D,0xBF1D,0xBF1D,
  0xD77E,0xD37E,0xD37E,0xEBDF,0xDFDF,0x831F,0x82FF,0x825F,0x81BD,0x819B,0x80F6,0x80F4,0x80AF,0x80AF,0x808A,0x80AB,
  0x80AC,0x8067,0x8067,0x8067,0x8067,0x8066,0x8045,0x8024,0x8023,0x8024,0x8023,0x8023,0x8046,0x8023,0x8023,0x8023,
  0x8022,0x8002,0x8002,0x8002,0x8002,0x8002,0x8002,0x8001,0x8089,0x8003,0x8023,0x8023,0x8023,0x8023,0x8024,0x8046,
  0x8024,0x8025,0x8024,0x8023,0x8067,0x8003,0x8022,0x8002,0x8022,0x8002,0x8002,0x8024,0x8025,0x8045,0x8002,0x8023,
  0x8022,0x8024,0x8024,0x8046,0x8003,0x8023,0x8003,0x8024,0x8024,0x8067,0x8089,0x80AD,0xEBDE,0x804B,0x80AC,0x8047,
  0x8068,0x8046,0x8024,0x80AC,0x8003,0x8024,0x8022,0x8002,0x80CD,0x8003,0x8022,0x8002,0x8002,0x8002,0x8002,0x8002,
  0x8002,0x8002,0x8002,0x8002,0x8002,0x8002,0x8002,0x8002,0x8022,0x8022,0x8002,0x8002,0x8002,0x8002,0x8022,0x8022,
  0xB9CD,0xC5CB,0x9D2B,0x8465,0x8002,0x8001,0x8466,0x8465,0x8002,0x8002,0x8002,0x8002,0x8002,0x8002,0x8002,0x8002,
  0x80AB,0x8002,0x8002,0x8002,0x8002,0x8002,0x8002,0x8002,0x8002,0x8002,0x8002,0x8002,0x8002,0x8002,0x8002,0x8002,
  0x8002,0x8022,0x8022,0x8002,0x8022,0x8002,0x8023,0x8023,0x8023,0x8002,0x8023,0x8023,0x8023,0x8023,0x8022,0x8002,
  0x8023,0x8023,0x8023,0x8023,0x8023,0x8023,0x8023,0x8023,0x8004,0x8026,0x819A,0x833F,0x831F,0x808F,0x8003,0x8024,
  0x8045,0x9D25,0xA945,0xCE02,0x8044,0x8CC5,0x8085,0x84A5,0x8045,0x88C5,0x8CE5,0x8046,0x98E5,0x94E5,0x94C4,0xC542,
  0x9CC3,0x9CC3,0xA4E3,0xBD22,0xB103,0x9CC3,0xD9E3,0x8C84,0x8884,0x8483,0x8484,0x8044,0x8064,0x88A4,0x90A4,0x8CA4,
  0x88C5,0x84A6,0x8066,0x88A5,0x8024,0x8024,0x8045,0x8045,0x8044,0x8023,0x8024,0x8024,0x8024,0x8045,0x8046,0x8045,
  0x8046,0x8046,0x8046,0x8046,0x8045,0x8045,0x8045,0x8045,0x8046,0x8046,0x8046,0x8046,0x8023,0x8024,0x8025,0x8067,
  0x8046,0x8024,0x8089,0x8089,0x8023,0x8023,0x8088,0x8068,0x8066,0x8024,0x8024,0x8024,0x8024,0x8024,0x8024,0x8023,
  0x8023,0x8023,0x8024,0x8024,0x8067,0x8088,0x8026,0x88E7,0x8D06,0x8CE6,0x9526,0x9546,0x8D06,0x88E7,0x8066,0x8066,
  0x84C5,0x84C5,0x88E6,0x8068,0x8D07,0x9126,0x8CE6,0x84A5,0x88C5,0x80A6,0x8067,0x80A6,0x80A6,0x8CE5,0x9505,0x88C5,
  0x90E5,0x8CE5,0xB523,0x9D26,0xBD85,0xAD04,0x9106,0x8D06,0x8CE6,0x88C5,0x8CE6,0x8CE5,0x8086,0x8087,0x8088,0x80A7,
  0x80A7,0x80A6,0x84A7,0x88E6,0x8D06,0x8D06,0x88E6,0x84C7,0x8086,0x88E6,0x8066,0x8066,0x80C6,0x80A7,0x80C7,0x88E5,
  0x8086,0x8086,0x80A6,0x8086,0x80A7,0x84A6,0x84C6,0xB9A4,0x9107,0x9547,0x9126,0xA565,0x8CE6,0x84E6,0x80A7,0x8067,
  0x84A6,0x88E5,0x84C6,0x84C6,0x80C6,0x8085,0x8086,0x84C7,0x9568,0x9547,0x88E7,0x9128,0x9126,0x9D46,0x8D27,0x80C8,
  0x9D89,0xA1A9,0xA5EA,0xA1CA,0x9969,0x84E8,0x80A7,0x9149,0x8088,0x8909,0x8D28,0x8D28,0x84C8,0x8089,0x8909,0x9569,
  0x9549,0x9148,0x9568,0x84C8,0x9569,0x808A,0x808A,0xA60E,0x8D2D,0x808A,0x808A,0x808B,0x808B,0x808B,0x808B,0x808B,
  0x808B,0x808B,0x80AB,0x80AB,0x808B,0x80AB,0x80AC,0x892D,0x80CD,0x84EC,0x80AE,0x892E,0x958C,0x890C,0x80AC,0x80AC,
  0x80AC,0x80AC,0x918C,0xAA0C,0x9DAC,0x808B,0x80AD,0x80AC,0x80AD,0x80AC,0x8D4B,0x8D6C,0x852F,0x80CD,0x808A,0x80EE,
  0x916C,0x99AA,0x958B,0xA5CA,0x80EA,0x80AC,0x80AD,0x80CD,0x8D4C,0xA1CC,0xA1CC,0x80CE,0x80EE,0x80CD,0x80CD,0x9590,
  0xBEB4,0x80EE,0x810F,0x8110,0x8110,0x8110,0x8110,0x8951,0x9193,0x8D93,0x80EF,0x8130,0x80EF,0x80EF,0xBE96,0xBE95,
  0x9192,0x8973,0xA215,0xAA36,0xB276,0xCAF8,0xD318,0xBA98,0xA257,0xBAB9,0xD319,0xA637,0x99F3,0xB693,0xC6F5,0xC6F4,
  0xCF16,0xD339,0xCF39,0x95D4,0x8594,0x8DF5,0x89F5,0xD73A,0xCB1A,0xD75A,0xDB7B,0xDB7B,0xDF7C,0xDB7C,0xCF5C,0xB2DD,
  0xB2DD,0xD77E,0xD77E,0xD79F,0xEBFF,0xDBDF,0x8B5F,0x831F,0x829F,0x81FD,0x819C,0x8139,0x80D3,0x80F2,0x80AE,0x80AD,
  0x80AC,0x80AD,0x8068,0x808B,0x8068,0x8067,0x8066,0x8045,0x8067,0x8067,0x8023,0x8023,0x80CC,0x8023,0x8023,0x8023,
  0x8022,0x8002,0x8002,0x80A9,0x8002,0x8002,0x8002,0x8002,0x8023,0x8023,0x8023,0x8046,0x8067,0x8002,0x8045,0x8067,
  0x8024,0x8047,0x8046,0x8023,0x8023,0x8023,0x8023,0x8047,0x8025,0x8024,0x8022,0x8023,0x8046,0x8045,0x8001,0x8002,
  0x8002,0x8002,0x8023,0x8023,0x8024,0x8023,0x8023,0x8002,0x8023,0x8024,0x8046,0x8069,0x80AA,0x8048,0x8067,0x8003,
  0x8023,0x8024,0x8024,0x8025,0x8023,0x8002,0x8002,0x8002,0x8002,0x8023,0x8002,0x8002,0x8002,0x8002,0x8002,0x8002,
  0x8068,0x8002,0x8002,0x8002,0x8002,0x8002,0x8002,0x8024,0x8023,0x8022,0x8002,0x8002,0x8002,0x8002,0x8022,0x8021,
  0xB5AC,0xE606,0x9D2B,0x8466,0x8002,0x8001,0x8466,0x8466,0x8002,0x8002,0x8002,0x8002,0x8002,0x8002,0x8002,0x8002,
  0x8002,0x8002,0x8002,0x8002,0x8002,0x8022,0x8002,0x8002,0x8002,0x8002,0x8002,0x8001,0x8002,0x8002,0x8022,0x8002,
  0x8022,0x8002,0x8022,0x8022,0x8022,0x8022,0x8023,0x8023,0x8023,0x8022,0x8022,0x8023,0x8002,0x8022,0x8022,0x8023,
  0x8023,0x8022,0x8022,0x8022,0x8022,0x8023,0x8023,0x8023,0x8023,0x8023,0x8023,0x8197,0x817A,0x823F,0x815B,0x8137,
  0x8069,0x84C8,0xA146,0xA504,0x8864,0x88A6,0x8045,0x8025,0x8025,0x88C5,0x88C5,0x8046,0x8066,0x94E5,0x90C4,0x94C4,
  0xDDC2,0xC921,0xA8C2,0xEE01,0xDDA1,0xFA83,0xA4C3,0x9CC3,0xA0C3,0x8CA4,0x8484,0x84A5,0x84A5,0x88C4,0x8CC5,0x84A6,
  0x88C5,0x8CC5,0x8485,0x8085,0x8024,0x8024,0x8024,0x8023,0x8024,0x8023,0x8023,0x8067,0x8067,0x8067,0x8067,0x8024,
  0x8047,0x8067,0x8046,0x8046,0x8046,0x8046,0x8046,0x8024,0x8045,0x8045,0x8046,0x8046,0x8045,0x8023,0x8023,0x8067,
  0x8045,0x8024,0x8066,0x8088,0x8088,0x8002,0x8002,0x808A,0x8024,0x8045,0x8024,0x8024,0x8024,0x8024,0x8023,0x8024,
  0x8024,0x8024,0x8023,0x8023,0x8088,0x9505,0x8046,0x80A7,0x8D27,0x88E6,0x9546,0x9546,0x9546,0x9546,0x84A6,0x8066,
  0x80A6,0x84C6,0x84C6,0x9126,0x9126,0x9126,0x9106,0x84A6,0x84A6,0x84A6,0x8046,0x80A6,0x80A6,0x80A6,0x80A7,0x90E5,
  0x94E6,0x9506,0x9906,0x9506,0x9506,0x9505,0x98E5,0xFF84,0x9506,0x94E5,0x9106,0x8CE5,0x84C6,0x8087,0x8087,0x8CE6,
  0x8086,0x80A6,0x80A6,0x80A6,0x84C6,0x88E6,0x8086,0x8086,0x8086,0x80A6,0x8087,0x8066,0x80A6,0x80A6,0x80A7,0x84A6,
  0x8087,0x8086,0x8086,0x8086,0x8086,0x9D46,0x9106,0x84C6,0x84C6,0x80A6,0x84E7,0xA565,0x90E7,0x9128,0x8D07,0x88C7,
  0x88C6,0x88E6,0x84C5,0x84C6,0xE9A1,0x84E7,0x80A7,0x8087,0x9569,0x9547,0x8065,0x8065,0x9527,0x90E7,0x9988,0x8928,
  0x8D48,0x9D89,0x9D88,0xFFED,0x8908,0x9948,0x9528,0x9529,0x84E9,0x84C9,0x88E9,0x80C9,0x80CA,0x80A9,0x9149,0x9549,
  0x806A,0x8089,0x84C8,0x9569,0x914A,0x808A,0x808A,0x80AA,0xA9ED,0x8089,0x808A,0x808A,0x808A,0x808A,0x808A,0x808B,
  0x808A,0x808B,0x808B,0x808B,0x808B,0x808B,0x808B,0x80AB,0x80AC,0x998B,0x80AC,0x890C,0x80CC,0x80CC,0x80AC,0x80AC,
  0x80AC,0x80AB,0x80ED,0xAA0C,0xA5EC,0x99AD,0x80EE,0x80CD,0x80CD,0x80CD,0x80AB,0x80AC,0x80CD,0x80ED,0x8089,0x80AC,
  0x808C,0x808B,0x8D4B,0xAA0A,0xA5EB,0x892B,0x956C,0x892E,0x84EE,0x8D2E,0xA1CC,0x850C,0x80CD,0x80CE,0x80CE,0x80CE,
  0x80EF,0x80EF,0x8110,0x8110,0x8110,0x8110,0x8131,0x8131,0x8131,0x8972,0x9193,0x8D93,0x8510,0x8531,0x8110,0x80F0,
  0x9192,0x8532,0x99D3,0xAE56,0xAA35,0xBA97,0xBAB8,0xD319,0xD318,0x91D5,0xB298,0xC2B8,0x8594,0x8595,0xB275,0xC6D4,
  0xAA32,0xC2D5,0xCB17,0xC6F8,0xCAF8,0xD338,0x85B5,0xD739,0xBED9,0xBED9,0xD75B,0xDB5B,0xC2F9,0xD35B,0xD77B,0xD35B,
  0xCB1B,0xC31D,0xC31D,0xD37E,0xD37E,0xD79F,0xEBFF,0xC39E,0x8B1F,0x82BF,0x821E,0x819D,0x817A,0x8116,0x8113,0x80D1,
  0x80AD,0x80AC,0x808A,0x80AC,0x8068,0x8068,0x8067,0x8046,0x8045,0x8046,0x8045,0x8023,0x8024,0x8023,0x8023,0x8024,
  0x8022,0x8023,0x8023,0x8002,0x8002,0x8022,0x8002,0x8002,0x8023,0x8023,0x8023,0x8046,0x8023,0x8002,0x8022,0x8023,
  0x8068,0x8089,0x8068,0x8067,0x8023,0x8023,0x8045,0x808A,0x808A,0x8024,0x8024,0x8023,0x8024,0x8046,0x8088,0x8023,
  0x8023,0x8023,0x8002,0x8023,0x8025,0x8045,0x8024,0x8024,0x8046,0x8046,0x8023,0x8047,0x8088,0x8045,0x8024,0x8002,
  0x8002,0x8022,0x80CB,0x8023,0x8023,0x8002,0x8002,0x8002,0x8024,0x8002,0x8002,0x8002,0x8002,0x8002,0x8023,0x8002,
  0x8002,0x8002,0x8002,0x8002,0x8002,0x8022,0x8002,0x8002,0x8002,0x8002,0x8002,0x8022,0x8022,0x8002,0x8002,0x8002,
  0xA14D,0xB98A,0x9D0A,0x8486,0x8002,0x8001,0x8487,0x8866,0x8002,0x8002,0x8002,0x8002,0x8001,0x8002,0x8002,0x8002,
  0x8002,0x8002,0x8002,0x8002,0x8002,0x8023,0x8023,0x8023,0x8002,0x8002,0x8002,0x8002,0x8002,0x8002,0x8002,0x8022,
  0x8022,0x8002,0x8024,0x8002,0x8022,0x8022,0x8022,0x8023,0x8022,0x8022,0x8023,0x8002,0x8002,0x8002,0x8002,0x8023,
  0x8022,0x8022,0x8002,0x8002,0x8002,0x8023,0x8023,0x8023,0x8023,0x8023,0x8023,0x8023,0x8023,0x8006,0x80F5,0x813A,
  0x8069,0x84A8,0xA524,0x8046,0xA0A4,0x8445,0x8066,0x8045,0x8025,0x88A5,0x8045,0x8046,0x8045,0x90C5,0x90C4,0x94E4,
  0xA503,0xA8E3,0xFF21,0xFFDA,0xFFAE,0xB8E3,0xB902,0x9CC3,0xA0C3,0x98A2,0x8484,0x84A5,0x84A5,0xA923,0x90A4,0x80A6,
  0x8044,0x8086,0x8065,0x8086,0x8064,0x8024,0x8024,0x8024,0x8024,0x8023,0x8046,0x8067,0x8067,0x8066,0x8046,0x8044,
  0x8047,0x8089,0x9128,0x80A8,0x8067,0x8046,0x8046,0x8045,0x8045,0x8045,0x8046,0x8045,0x8045,0x8023,0x8023,0x8046,
  0x8067,0x8045,0x8045,0x8088,0x8068,0x8067,0x8045,0x8023,0x8024,0x8024,0x8024,0x8023,0x8023,0x8023,0x8025,0x8024,
  0x8024,0x8024,0x8024,0x8023,0x8089,0x8087,0x8024,0x88E7,0x8D06,0x88E6,0x88E6,0x88E6,0x9946,0x9526,0x9526,0x9526,
  0x84A5,0x8086,0x9126,0x9525,0x8D06,0x84C6,0x8CE6,0x80A6,0x8087,0x8087,0x84A6,0x80A6,0x80A6,0x80A7,0x80A7,0x88A6,
  0x88C6,0x8CE6,0x94E5,0x94E5,0x94E5,0x8CC5,0x90E6,0x84A7,0x8CC6,0xFF09,0xA904,0x90E4,0x84C6,0x88E6,0x88E6,0x8CE6,
  0x8CE6,0x80A6,0x80A6,0x80A6,0x84C6,0x80A6,0x8086,0x8086,0x8086,0x80A6,0x80A6,0x8066,0x84C6,0x84C7,0x80A7,0x84C6,
  0x80C6,0x80C6,0x80C6,0x80A5,0x8086,0x80A5,0x9105,0x84A6,0x84A5,0x84A6,0x8CE6,0x8CC6,0xB544,0x9D07,0x8CE7,0x9906,
  0x9505,0x8CE5,0x84A5,0x8084,0x88C6,0x8907,0x8086,0x8087,0x80A7,0x84C7,0x8086,0x8066,0x8087,0x9D26,0x9948,0x84E7,
  0x80A6,0x84A6,0x9947,0xA189,0x9D8A,0x9D89,0x88C8,0xB60B,0x8D08,0x84C8,0x84C8,0x84E9,0x80A9,0x80A9,0x9149,0x8908,
  0x8069,0x8069,0x8068,0x80A8,0x84C8,0x808A,0x808A,0x808A,0x958D,0x806B,0x80AA,0x808A,0x808A,0x808A,0x808A,0x808A,
  0x808A,0x808B,0x808B,0x808B,0x808A,0x808B,0x808B,0x808A,0x808A,0x80AA,0x916A,0x9DAB,0x80EE,0x998B,0x8D4D,0x808C,
  0x80AB,0x808B,0x80AD,0x80AD,0xAE0C,0xA9EA,0xA1CB,0x8D2D,0x80CD,0x80CD,0x80AC,0x80AB,0x808A,0x80AB,0x80AA,0x80AC,
  0x890C,0x892C,0x8D4B,0x8D4B,0xA60B,0xA5EC,0x99AB,0x892E,0x850E,0x80EC,0x80CA,0x9DAB,0x8D4B,0x80ED,0x80CE,0x80CE,
  0x80EF,0x80EE,0x80EF,0x8130,0x8110,0x8130,0x8130,0x8130,0x8110,0x8130,0x8110,0x8D93,0x8972,0x8551,0x8110,0x80EF,
  0x80F0,0x8110,0x95B3,0xB276,0xBA76,0xC2D8,0xB278,0xC6D8,0xCF18,0x8DB5,0xB276,0x8575,0x8573,0x8574,0x8595,0xAA77,
  0xCF16,0xC6F5,0xCF18,0xCB19,0xBEB6,0xCB19,0xCAF9,0xD31A,0xD33A,0xD33A,0xCF19,0xD33A,0xCB19,0xC2F9,0xC71A,0xD75B,
  0xD75B,0xC71C,0xC71C,0xBF1D,0xCB3D,0xD37E,0xCF7E,0xE7DF,0xD3DF,0x8AFF,0x82DF,0x823F,0x819B,0x817A,0x8116,0x8114,
  0x80AF,0x80F1,0x808C,0x808B,0x806A,0x8068,0x8067,0x8047,0x8067,0x8067,0x8046,0x8023,0x8024,0x8023,0x8023,0x8068,
  0x8024,0x8023,0x8023,0x8002,0x8022,0x8022,0x8002,0x8003,0x8023,0x8024,0x8023,0x8046,0x8023,0x8002,0x8024,0x8068,
  0x808A,0x80AC,0x8089,0x8045,0x8044,0x8045,0x8025,0x8045,0x8023,0x8024,0x8024,0x8022,0x8045,0x8046,0x8088,0x8023,
  0x8023,0x8023,0x8002,0x8001,0x8067,0x8045,0x8024,0x8024,0x8023,0x8024,0x8023,0x8047,0x8067,0x8046,0x8002,0x8002,
  0x8003,0x8002,0x8045,0x8002,0x8002,0x8002,0x8003,0x8002,0x8002,0x8002,0x8002,0x8002,0x8002,0x8001,0x8067,0x8067,
  0x8003,0x8002,0x8002,0x8002,0x8002,0x8002,0x8002,0x8002,0x8002,0x8002,0x8022,0x8002,0x8002,0x8002,0x8002,0x8001,
  0xA14C,0xC9C7,0x990A,0x8486,0x8023,0x8001,0x8466,0x8022,0x8002,0x8002,0x8002,0x8002,0x8002,0x8001,0x8002,0x8002,
  0x8002,0x8002,0x8002,0x8002,0x8002,0x8023,0x8023,0x8023,0x8002,0x8002,0x8002,0x8002,0x8002,0x8002,0x8002,0x8002,
  0x8022,0x8022,0x8024,0x8002,0x8022,0x8023,0x8023,0x8002,0x8022,0x8002,0x8002,0x8002,0x8002,0x8023,0x8002,0x8002,
  0x8002,0x8002,0x8002,0x8002,0x8002,0x8002,0x8022,0x8022,0x8023,0x8023,0x8023,0x8023,0x8023,0x8023,0x8002,0x8004,
  0x8047,0x8067,0x8067,0x8067,0x8067,0xE582,0x8445,0x8045,0x8024,0x8023,0x8024,0x8046,0x8CA4,0x8CC5,0x90C5,0xA8E3,
  0xCD83,0xACC3,0xFF01,0xFFDF,0xFFAA,0xAC81,0xB901,0x9CC3,0x9083,0xB522,0x8463,0x8045,0x8023,0x8484,0x8044,0x8023,
  0x8003,0x8045,0x8066,0x8046,0x8044,0x8024,0x8045,0x8046,0x8024,0x8023,0x8067,0x8067,0x8067,0x8CC4,0x84A6,0x8067,
  0x8047,0x8048,0x8CE6,0x8CE6,0x8089,0x8088,0x8089,0x8024,0x8024,0x8045,0x8045,0x8046,0x8024,0x8023,0x8023,0x8023,
  0x8023,0x8023,0x8023,0x8023,0x80AA,0x8089,0x8089,0x8089,0x8066,0x8088,0x8003,0x8023,0x8023,0x8023,0x8023,0x8023,
  0x8024,0x808A,0x8025,0x8066,0x8024,0x8023,0x8024,0x8086,0x88E5,0x8065,0x8066,0x8CE6,0x9106,0x9106,0x9126,0x9126,
  0x9526,0x9526,0xA125,0x9966,0x8D26,0x84C6,0x84C6,0x84A6,0x8067,0x80A6,0x84C6,0x84C7,0x84A7,0x9105,0x90E5,0x8086,
  0x88C6,0x84A5,0xB123,0x88C6,0x88C6,0x8CE6,0x84A6,0x84A6,0x84A6,0x94E5,0x8CC5,0xE622,0x8CE6,0x88E6,0x88E6,0xB583,
  0x8906,0x88E6,0x8D07,0x9D47,0x8486,0xC186,0x80A6,0x80A6,0x80A6,0x8085,0x88C5,0x84C5,0x84C5,0x84A6,0x84C6,0x84C6,
  0x84C6,0x84C6,0x80A6,0x80A7,0x8046,0x8086,0x80A6,0x80A6,0x84A6,0x8045,0x8044,0x84A5,0x90E5,0xA525,0x8CE6,0xAD66,
  0xA525,0x9906,0x88C6,0xC584,0x88E6,0x84E6,0x84E6,0x84C5,0x80A6,0x80A6,0x80A7,0x80A8,0xB166,0x88A7,0x9905,0x80A6,
  0x8085,0x8085,0x8CE6,0x8D07,0x9989,0x8087,0x84C9,0xA1AA,0xFFF4,0xA189,0x9527,0x88E8,0x84A7,0x8067,0x8087,0x9128,
  0x8048,0x8068,0x8069,0x8089,0x8089,0x8089,0x8069,0x8069,0x808A,0x808A,0x916A,0x8069,0xA1F5,0x8D50,0x808B,0x808B,
  0x808B,0x808B,0x808A,0x808A,0x808A,0x808A,0x808A,0x808A,0x808A,0x8069,0x8089,0x80AB,0x852E,0x854D,0x854E,0x956B,
  0x890B,0x99CB,0x99AC,0xA1ED,0xA5CA,0x808A,0x80EB,0x99AC,0x9DAA,0x80CD,0x80AC,0x808B,0x80AB,0x808B,0x8069,0x8089,
  0x8069,0x8089,0x892B,0x8D2B,0x8D2B,0x914B,0x99AA,0x892C,0x850D,0xAE2E,0xAE0E,0x99AC,0xA1EC,0x852B,0x9DCC,0x99AC,
  0x80EE,0x80EE,0x80EE,0x80EF,0x80EE,0x80EE,0x8130,0x8110,0x8110,0x8130,0x8110,0x8130,0x8130,0x810F,0x9DD3,0x9DF3,
  0x8110,0x8D93,0x8110,0x80CF,0xBA75,0xAE36,0xA616,0xB697,0xCEF7,0xCEF7,0xB276,0xCAF8,0xCF18,0x8174,0x8173,0x8153,
  0x8D94,0xBEB4,0xBAB4,0xC2F8,0xCF3B,0xD33A,0xCF1A,0xD33A,0xC2D7,0x85B2,0x89D4,0xC6D8,0xCB19,0xCB19,0xC719,0xBEFA,
  0xCB1B,0xD35C,0xD75C,0xBEFD,0xB2DD,0xC31D,0xD77E,0xD77E,0xE3DF,0xDBBF,0xA39F,0x873F,0x825F,0x821E,0x817A,0x8138,
  0x8116,0x80F4,0x80D0,0x80CE,0x808B,0x808B,0x808A,0x8068,0x8068,0x8046,0x8067,0x8067,0x8044,0x8023,0x8023,0x8023,
  0x8023,0x8023,0x8023,0x8023,0x8002,0x8002,0x8023,0x8023,0x810F,0x8003,0x8023,0x8046,0x8045,0x8023,0x8046,0x8066,
  0x80AE,0x8110,0x80AB,0x8047,0x8025,0x8067,0x8024,0x8002,0x8022,0x8023,0x8023,0x8046,0x8002,0x8022,0x8023,0x8023,
  0x8046,0x8025,0x8002,0x8002,0x8025,0x8002,0x8131,0x8024,0x8023,0x8022,0x8022,0x8023,0x8046,0x8067,0x8003,0x8045,
  0x8047,0x8023,0x8023,0x8023,0x8023,0x8022,0x8003,0x80A9,0x8002,0x8002,0x8002,0x8002,0x8002,0x8002,0x8002,0x8002,
  0x8002,0x8002,0x8002,0x8002,0x8002,0x8002,0x8002,0x8002,0x8002,0x8002,0x8002,0x8002,0x8002,0x8002,0x8002,0x8001,
  0x9D4C,0x9D2C,0x990B,0x8487,0x8044,0x8001,0x8466,0x910B,0x8002,0x8002,0x8002,0x8002,0x80AA,0x8002,0x8002,0x8002,
  0x8002,0x8002,0x8002,0x8002,0x8002,0x8087,0x8002,0x8023,0x8002,0x8002,0x8002,0x8002,0x8002,0x8002,0x8002,0x8022,
  0x8022,0x8002,0x8023,0x8002,0x8002,0x8023,0x8022,0x8002,0x8022,0x8002,0x8002,0x8002,0x8002,0x8022,0x8022,0x8002,
  0x8002,0x8002,0x8002,0x8002,0x8002,0x8022,0x8002,0x8002,0x8022,0x8023,0x8022,0x8023,0x8023,0x8022,0x8022,0x8003,
  0x80A8,0x8047,0x8067,0x8047,0x8066,0x8066,0x8045,0x8444,0x8044,0x8024,0x8023,0x8046,0x8CA4,0x90C5,0x94C4,0x94A4,
  0x8464,0x9483,0xA4A3,0xEDC0,0xC0E0,0xCD21,0xB0E2,0x90A4,0x8C84,0x8864,0xB921,0x8066,0x8065,0x8084,0x8064,0x8024,
  0x8024,0x8066,0x8066,0x8024,0x8024,0x8024,0x8024,0x8046,0x8044,0x8044,0x8066,0x8067,0x8066,0x8CE5,0x88C7,0x88E7,
  0x84C6,0x84C7,0x8CE5,0x88C7,0x8088,0x8068,0x8088,0x8044,0x8023,0x8024,0x8045,0x8046,0x8046,0x8023,0x8023,0x8023,
  0x8023,0x8023,0x8023,0x8023,0x8024,0x8025,0x8089,0x8088,0x8089,0x8088,0x8023,0x8024,0x8045,0x8023,0x8024,0x8024,
  0x8024,0x8045,0x8024,0x8024,0x8024,0x8024,0x8024,0x8023,0x8CE5,0x8085,0x8025,0x8046,0x8046,0x9107,0x9546,0x8085,
  0x84A6,0x9526,0xAD65,0xDE45,0x8906,0x8CE6,0x84A6,0x84A6,0x8067,0x84C6,0x84C6,0x8068,0x8087,0x84A6,0x8CE5,0x8CC5,
  0x8CC5,0x90C4,0x8CC5,0x8CE6,0x84A7,0x8067,0x84A7,0x84C6,0x8465,0x8CE5,0x8CE5,0x90C5,0x8CC6,0x8065,0x88C6,0xB963,
  0xA124,0x8D06,0x84A6,0x84C7,0x8086,0x8087,0xB583,0x88C6,0x84A6,0x9D26,0x88C5,0x88C5,0x88C5,0x88C5,0x84A6,0x84C6,
  0x9525,0x9105,0x88C5,0x8066,0x8087,0x8087,0x80A6,0x84A6,0x84A6,0x84A6,0x84A6,0x84A5,0x84A5,0xA125,0xAD45,0xA925,
  0xAD45,0xAD45,0xB584,0x9506,0x88E6,0x80A5,0x84C5,0x84C5,0x84A5,0x90E5,0x88C6,0xAD86,0x9D26,0x88A6,0x80A5,0x80A6,
  0x8085,0x8065,0x8065,0x8485,0x84E7,0x9549,0x84C8,0x88E8,0xA5EA,0x9D89,0x80A7,0x84C7,0x88E8,0x88E8,0x84C8,0x9148,
  0x88C8,0x8068,0x8069,0x8089,0x8089,0x8069,0x8089,0x8089,0x8089,0x8089,0x8089,0x80AA,0x8069,0x8D2F,0x808A,0x808A,
  0x808B,0x808B,0x808A,0x808A,0x808A,0x808A,0x808A,0x808A,0x808A,0x808A,0x8069,0x80AB,0x80CC,0x810D,0x80ED,0x80EF,
  0x894F,0x99AB,0x99AB,0x9DCC,0x958B,0x80AC,0x808B,0x9149,0x84C9,0x80AC,0x80AC,0x80CD,0x80AB,0x80AB,0x808B,0x80AB,
  0x80C9,0x80C9,0x8068,0x80CA,0x8D2A,0x84EB,0x914B,0x80CD,0x892E,0x852E,0x918E,0xE378,0xA1EE,0x914C,0x8D2C,0x9DAA,
  0x99AB,0x80ED,0x80EE,0x80EE,0x80EE,0x80EE,0x80EE,0x810F,0x8110,0x8110,0x8130,0x8130,0x8130,0x8131,0x99B3,0x9DD4,
  0x9DF5,0x80F0,0x8111,0xBA96,0xBA75,0xB255,0x8D73,0x9DD4,0xAE76,0xC6D7,0xD318,0xCAF8,0xCAF8,0xD318,0x8174,0x8574,
  0x8573,0x91B4,0xC2B7,0xBED8,0xB692,0xBED5,0xCB19,0xCAF8,0xCAF9,0xBED3,0x9E30,0x81B5,0x8175,0xB6B6,0xCB19,0xC6FA,
  0xC71B,0xAEBA,0xC73B,0xD37C,0xD37C,0xA69B,0xCB5D,0xD37E,0xD79F,0xDB9F,0xEBDF,0xCBFF,0x835E,0x82DF,0x821E,0x81BB,
  0x8159,0x8136,0x80F3,0x80AF,0x80CF,0x808B,0x808C,0x808A,0x8068,0x8067,0x8068,0x8067,0x8067,0x8023,0x8023,0x8023,
  0x8023,0x8023,0x8023,0x8023,0x8023,0x8023,0x8023,0x8044,0x8046,0x8130,0x8025,0x8023,0x8024,0x8023,0x8023,0x8003,
  0x8068,0x808A,0x8089,0x8067,0x8024,0x8024,0x8003,0x8022,0x8002,0x8023,0x8023,0x8002,0x8002,0x8022,0x8023,0x8046,
  0x8045,0x8023,0x8023,0x8002,0x8023,0x8022,0x8023,0x8023,0x8022,0x8022,0x8002,0x8045,0x8046,0x8023,0x8023,0x8023,
  0x8025,0x81B3,0x8022,0x8023,0x8023,0x8002,0x8002,0x8002,0x8002,0x8002,0x8024,0x8023,0x80A9,0x8002,0x8002,0x8002,
  0x8002,0x8022,0x8002,0x8002,0x8022,0x8022,0x8002,0x8002,0x8002,0x8002,0x8002,0x8002,0x8002,0x8002,0x8002,0x8002,
  0xA16D,0xA14D,0x8023,0x8044,0x8045,0x8023,0x8487,0x8466,0x8002,0x8002,0x8002,0x8002,0x8002,0x8002,0x8002,0x8002,
  0x8023,0x8002,0x8002,0x8002,0x8002,0x8022,0x8023,0x8023,0x8002,0x8022,0x8002,0x8002,0x8002,0x8023,0x8022,0x8023,
  0x8022,0x8023,0x8045,0x8023,0x8023,0x8023,0x8022,0x8022,0x8023,0x8002,0x8022,0x8023,0x8022,0x8002,0x8002,0x8022,
  0x8002,0x8002,0x8002,0x8002,0x8002,0x8022,0x8022,0x8002,0x8023,0x8023,0x8022,0x8022,0x8023,0x8022,0x8002,0x8023,
  0x8046,0x8046,0x8086,0x8046,0x8046,0x8045,0x8044,0x8843,0x8044,0x8044,0x8044,0x8024,0x8046,0x8CA5,0x8044,0x8045,
  0x9483,0x98A3,0xA4C3,0xA0A3,0x9CA4,0x94A4,0x94A5,0xFE60,0x9065,0x8865,0x8464,0x8045,0x8044,0x8084,0x84A5,0x8024,
  0x8024,0x8065,0x8066,0x8067,0x8067,0x8046,0x8066,0x8024,0x8023,0x8023,0x8023,0x8046,0x8066,0x8046,0x88C5,0x88E5,
  0x88E5,0x8CE5,0x8CE5,0x8046,0x8046,0x84A5,0x88C5,0x8045,0x8023,0x8024,0x8025,0x8046,0x8046,0x8023,0x8023,0x8024,
  0x8023,0x8045,0x8045,0x8024,0x8024,0x8045,0x8067,0x8067,0x8067,0x8045,0x8024,0x8068,0x8089,0x8024,0x8024,0x8023,
  0x8023,0x8023,0x8023,0x8024,0x8024,0x8024,0x8024,0x8045,0x8046,0x9125,0x8046,0x8046,0x8046,0x8066,0x9126,0x9126,
  0x8D06,0x8D05,0x9946,0x9126,0x9546,0xA124,0x88C6,0x88E6,0x84E6,0x80C6,0x80C6,0x84C6,0x84C6,0x9105,0x8CE5,0x8CE6,
  0x8CE6,0xB944,0x94E5,0x8CE6,0x84A7,0x84C7,0x88A7,0x8066,0x8086,0x84A5,0x84C6,0x8086,0x9125,0x88E6,0x88C6,0x88C6,
  0x8CE6,0x9106,0xAD65,0x84A6,0x8086,0x8086,0x9505,0x9D25,0x88A5,0xFF43,0x8CE6,0x90E6,0x9926,0x88C6,0x8086,0x88C6,
  0x9905,0x98C4,0x90C4,0x8086,0x8087,0x8067,0x84A6,0x80A6,0x84A6,0x84A6,0x84A6,0x84C6,0xA525,0xAD24,0xA904,0xEA23,
  0xB944,0xF284,0xA105,0x9505,0x90E5,0x90E5,0x8CC4,0x8CC5,0xA504,0xB921,0x84C5,0x84C6,0x88C6,0x8CE7,0x8D07,0x80C7,
  0x80A7,0x88A6,0x84A6,0x80C7,0x84E7,0x8D08,0x84C7,0x80A7,0x84A6,0x9948,0x9127,0x9548,0xB629,0x9129,0x84E9,0x84C9,
  0x9DA8,0x8088,0x8068,0x80AA,0x8089,0x8069,0x8069,0x8069,0x8089,0x808A,0x808A,0x80AB,0x8089,0x808A,0x8550,0x808A,
  0x808A,0x808A,0x80AB,0x80EE,0x808A,0x80CC,0x808A,0x808A,0x808A,0x808A,0x808A,0x808A,0x80AC,0x80CC,0x894C,0x854D,
  0x852F,0x80ED,0x8D2C,0x8D6C,0xAE0A,0x914B,0x808A,0x8069,0x808A,0x80AB,0x808B,0x80AB,0x80AB,0x80AB,0x80AB,0x808A,
  0x80AA,0x8909,0x80A9,0x80AA,0x890A,0x892B,0x8D4C,0x916B,0x8D4C,0x958C,0x916D,0x91B0,0xAA10,0x9590,0x80CD,0x852D,
  0x894D,0x9DAB,0xA1AB,0x80EE,0x80EE,0x80EE,0x80EF,0x80EF,0x80EF,0x80EF,0x8130,0x8130,0x8131,0x8131,0x8952,0x8952,
  0x99D5,0x95B3,0x80F0,0x8530,0x80CE,0xAE56,0xB235,0x80CE,0x808E,0xBA97,0xC2D7,0xC6D7,0xC6D7,0xCAF8,0xD738,0x8174,
  0x8574,0x8973,0xAE56,0xC2B9,0xAA2F,0xAE51,0xC2D8,0xBAB5,0xCF3B,0xD33A,0xAE53,0xC6F3,0x85B5,0x89B5,0x89B6,0xCB19,
  0xCB19,0xC2F8,0xC319,0xCB3A,0xD79C,0xDB9D,0xAEDC,0xC31D,0xCB3E,0xCF7E,0xCF7F,0xDFDF,0xDFFF,0x8B7F,0x871F,0x82BF,
  0x819C,0x81DD,0x8137,0x80F4,0x80F2,0x80CE,0x80AC,0x808B,0x80CD,0x8067,0x8047,0x8067,0x8046,0x8046,0x8046,0x8066,
  0x8023,0x8024,0x8023,0x80EE,0x8045,0x8023,0x8023,0x8023,0x8045,0x8024,0x8044,0x8044,0x8024,0x8023,0x8045,0x8067,
  0x8067,0x8067,0x8046,0x8045,0x8002,0x8023,0x8069,0x8002,0x8002,0x8002,0x8002,0x8024,0x8023,0x8022,0x8023,0x8023,
  0x8023,0x8024,0x8045,0x8025,0x8002,0x8022,0x8002,0x8022,0x8022,0x8002,0x8022,0x8046,0x8067,0x8025,0x8023,0x8022,
  0x8023,0x8045,0x8002,0x8002,0x8002,0x8002,0x8002,0x8002,0x8023,0x8002,0x8023,0x8002,0x8002,0x8002,0x8002,0x8002,
  0x8002,0x8002,0x8002,0x8002,0x8002,0x8002,0x8002,0x8002,0x8002,0x8002,0x8002,0x8022,0x8002,0x8022,0x8002,0x8022,
  0xA56E,0xA16D,0x8066,0x8045,0x8001,0x8001,0x8487,0x8466,0x8002,0x8023,0x8002,0x8002,0x8002,0x8002,0x8002,0x8002,
  0x8002,0x8002,0x8002,0x8002,0x8002,0x8002,0x8002,0x8002,0x8022,0x8002,0x8022,0x8002,0x8002,0x8023,0x8023,0x8023,
  0x8023,0x8023,0x8046,0x8023,0x8023,0x8023,0x8023,0x8023,0x8023,0x8023,0x8023,0x8022,0x8022,0x8022,0x8022,0x8002,
  0x8002,0x8002,0x8002,0x8002,0x8002,0x8022,0x8022,0x8022,0x8002,0x8022,0x8002,0x8022,0x8022,0x8022,0x8022,0x8002,
  0x8046,0x8085,0x8045,0x8046,0x8046,0x8024,0x8024,0x8024,0x8065,0x8045,0x8024,0x8046,0x8067,0x8067,0x8045,0x8046,
  0x8066,0x8C63,0x9CA2,0x9C83,0x8487,0x8C85,0x9083,0x9084,0x8046,0x8865,0x8023,0x8044,0x8885,0x8484,0x8485,0x8065,
  0x8024,0x8024,0x8066,0x8066,0x8066,0x8067,0x8046,0x8024,0x8023,0x8023,0x8023,0x8023,0x8046,0x8046,0x8067,0x84A6,
  0x8CC5,0x90E4,0x90E5,0x8CC5,0x88C5,0x88C5,0x88C5,0x8045,0x8044,0x8024,0x8045,0x8046,0x8046,0x8024,0x8023,0x8024,
  0x8023,0x8045,0x8067,0x8067,0x8046,0x8068,0x8067,0x8067,0x8067,0x8045,0x8023,0x8045,0x80AA,0x8024,0x8024,0x8023,
  0x8023,0x8023,0x8023,0x8023,0x8045,0x8046,0x8024,0x8046,0x8067,0x8047,0x8047,0x8046,0x8046,0x88A5,0x9126,0x9125,
  0x8CE5,0x8CE5,0x9946,0x8CE6,0x9526,0xA984,0x9527,0x88E7,0x8086,0x80A6,0x84C6,0x84C6,0x84A5,0x88C5,0x9106,0x90C4,
  0x98E6,0xA505,0x94E4,0x90C4,0x88C6,0x88C5,0x8486,0x8086,0x8086,0x8066,0x84A6,0x8087,0x8D05,0x8D05,0x88C6,0x84A6,
  0x8CE6,0x8D06,0x9106,0x84A6,0x8086,0x8086,0x8086,0x8086,0x9506,0x9106,0x9906,0xEEE4,0x9526,0x90E6,0x84A6,0x9505,
  0xAD44,0xB923,0x94E4,0x8CC4,0x8086,0x8CC5,0x98E5,0x84A6,0x84A6,0x84A6,0x88C6,0x90E6,0xA125,0xAD24,0xB524,0xF6C3,
  0xEA02,0xA8E3,0xA923,0xA0C3,0x9905,0x9904,0x94E5,0x90C5,0xA125,0x90E5,0x84C5,0x8064,0x84A6,0x9106,0x9527,0x8CE7,
  0x80A6,0xA526,0x9D47,0x8907,0x84E8,0x9507,0x8086,0x88A6,0x9946,0xA988,0x8D08,0x9969,0xA5CA,0xA1AB,0x8D0A,0x84E9,
  0xA187,0x8086,0x8068,0x8068,0x8069,0x8069,0x8069,0x8069,0x8089,0x808A,0x808A,0x808A,0x8089,0x8069,0x84CC,0x8069,
  0x808A,0x808A,0x80AB,0x80AB,0x80AB,0x810E,0x80AB,0x8069,0x808A,0x8089,0x808A,0x8111,0x808A,0x850D,0x892C,0x852D,
  0x852E,0x806C,0x80EE,0x894E,0x890C,0x956B,0x8069,0x8069,0x808A,0x80AB,0x80AB,0x80AB,0x808B,0x808B,0x808B,0x808A,
  0x8069,0x850A,0x8D6B,0x808A,0x808B,0x80AD,0x8D4C,0x914A,0xA1C9,0x9DC9,0x850B,0x80EC,0xA1EF,0xAE2F,0xA5ED,0x894D,
  0x812D,0x8D6D,0x810E,0x810E,0x80EE,0x80EE,0x80EE,0x80EE,0x80EF,0x80EF,0x80EF,0x8110,0x8131,0x8131,0x8151,0x8131,
  0x95B4,0x95B4,0x9DD4,0xA1D3,0x80EE,0xA615,0xBA97,0x80F0,0x91B3,0xB697,0xBEB7,0xCAF8,0xCAF8,0xB697,0xCF18,0xD339,
  0x8553,0x8952,0x8552,0x9DD5,0xAA2F,0xAE51,0xC6F9,0xBEB4,0xBED7,0xCF3B,0xD33B,0xB673,0x89D4,0x8DB4,0x8DD3,0xBAB6,
  0xAE98,0xCB19,0xB2D9,0xCB19,0xCB3A,0xD77D,0xCB3D,0x925B,0x9A5C,0xCF5E,0xCF5F,0xD79F,0xE7DF,0xFFFF,0x8F3F,0x875F,
  0x827F,0x819D,0x817C,0x8137,0x80F3,0x80F2,0x80D0,0x80AB,0x80AB,0x8089,0x8089,0x8067,0x8047,0x8067,0x8023,0x8046,
  0x8023,0x8024,0x8024,0x8023,0x8045,0x8023,0x8023,0x8023,0x8045,0x8024,0x8024,0x8023,0x8002,0x8023,0x8024,0x80AB,
  0x8068,0x8046,0x8046,0x8002,0x8002,0x8068,0x8024,0x8023,0x8023,0x8002,0x8002,0x8023,0x8022,0x8002,0x8024,0x8023,
  0x8023,0x8023,0x8046,0x8025,0x8022,0x8002,0x8002,0x8023,0x8023,0x8022,0x8022,0x8024,0x8024,0x8046,0x8023,0x8022,
  0x8002,0x8002,0x8002,0x8002,0x8002,0x8024,0x8002,0x8002,0x8002,0x8002,0x8002,0x8002,0x8002,0x8002,0x8002,0x8001,
  0x8002,0x8002,0x8002,0x8002,0x8002,0x8002,0x8002,0x8002,0x8022,0x8002,0x8002,0x8002,0x8002,0x8002,0x8002,0x8022,
  0xB9AC,0xF2AA,0x8466,0x8045,0x8001,0x8001,0x8487,0x8466,0x8002,0x8002,0x8002,0x8002,0x8002,0x8002,0x8002,0x8002,
  0x8002,0x8002,0x8002,0x8002,0x8002,0x8002,0x8002,0x8002,0x8002,0x8002,0x8022,0x8022,0x8002,0x8023,0x8023,0x8023,
  0x8023,0x8023,0x8046,0x8023,0x8023,0x8023,0x8023,0x8023,0x8023,0x8023,0x8022,0x8022,0x8022,0x8002,0x8022,0x8002,
  0x8002,0x8002,0x8002,0x8002,0x8023,0x8023,0x8002,0x8022,0x8002,0x8002,0x8022,0x8022,0x8002,0x8022,0x8022,0x8002,
  0x8045,0x8024,0x8024,0x8046,0x8046,0x8023,0x8024,0x8046,0xE9E4,0x8045,0x8045,0x8045,0x8067,0x8045,0x8047,0x8067,
  0x8067,0x8025,0x8047,0x8C86,0x8047,0x8047,0x8C83,0x8065,0x8045,0x8026,0xD9A3,0x8465,0x8884,0x88A5,0x84A5,0x8487,
  0x8025,0x8045,0x8025,0x8066,0x8065,0x8066,0x8066,0x8046,0x8023,0x8023,0x8024,0x8023,0x8046,0x8046,0x8046,0x8065,
  0x84A4,0xFEC1,0x9CE4,0x8485,0x8026,0x8065,0x84A5,0x8486,0x8024,0x8024,0x8023,0x8045,0x8025,0x8024,0x8067,0x8067,
  0x8046,0x8024,0x8024,0x8046,0x8023,0x8002,0x8045,0x8066,0x8067,0x8046,0x8068,0x8088,0x8024,0x8024,0x8024,0x8023,
  0x8023,0x8023,0x8023,0x8023,0x8023,0x8024,0x8024,0x8068,0x8068,0x8067,0x8067,0x8046,0x8023,0x8485,0x8045,0x8045,
  0x8CE6,0x8CE6,0x8D06,0x8D06,0x9106,0x9526,0x9927,0x98C4,0x88C5,0x8065,0x8065,0x8CC5,0x88A5,0x84A6,0x8CC6,0x98E4,
  0xDA26,0xFFCA,0x94C4,0x90C4,0x88C5,0x8CC5,0x8086,0x8086,0x8086,0x8CE5,0x8CE6,0x8087,0x84A7,0x9506,0x8CC5,0x80A7,
  0x80A7,0x80A6,0x8CE6,0x8CE6,0x84C6,0x84C6,0x84A7,0x9105,0x9105,0x9505,0x9506,0x8CE6,0x9106,0x9505,0x9D04,0x9505,
  0xD5E4,0xA105,0x9D05,0x98E4,0x8085,0x94E6,0xA504,0xA505,0x88E7,0x9106,0x94E5,0x9505,0xA525,0xAD25,0xBD24,0xFFF5,
  0xFAE6,0xA4E4,0x98C5,0x8C85,0x94C5,0x94E4,0xFAC1,0x98C4,0x88A6,0x94E5,0x88C5,0x84A5,0x84A5,0x8CE6,0x9527,0xFB66,
  0x9947,0x9527,0x9126,0x84A6,0x8025,0x8045,0x9D25,0xA165,0x8CE5,0x8066,0x8067,0x9549,0x9D88,0x8489,0xA18C,0xA18C,
  0x9D6A,0xA189,0x8026,0x84A9,0x9969,0x806A,0x808A,0x80AA,0xC26B,0x8089,0x8089,0x8089,0x8089,0x8089,0x8089,0x8089,
  0x8089,0x808A,0x808A,0x808B,0x80AB,0x80AB,0x80AA,0x80CE,0x8069,0x8089,0x810F,0x8110,0x852E,0x850C,0x998B,0x812E,
  0x810D,0x80CD,0x80CD,0x808D,0xE226,0x916B,0x916B,0x808B,0x80AB,0x80AB,0x80AB,0x80AB,0x808A,0x808A,0x808A,0x808A,
  0x808A,0x8089,0x80CA,0x852B,0x80AC,0x80AC,0x914A,0x8D2B,0x892B,0x914B,0x916B,0x916A,0x918B,0xAE51,0xA1CE,0x958C,
  0x916B,0x80EC,0x850D,0x95AD,0x80EF,0x80EF,0x80EE,0x810F,0x80EF,0x80EF,0x80EF,0x80EF,0x8131,0x8131,0x8131,0x8131,
  0x8110,0x8D93,0x9192,0x95B3,0x9DB2,0x810F,0x8930,0x80EF,0x8110,0xAE35,0xAA35,0x9DF4,0xC2B7,0x9E15,0x8593,0xCAF8,
  0x8552,0x8972,0x8972,0x8973,0x8133,0xA233,0xC6F9,0xB694,0xAE50,0xBAD5,0xBED7,0xCB19,0xCB3A,0x85B3,0x91F3,0x9613,
  0x9614,0xAAD9,0x89F9,0xA656,0xCB38,0xCB18,0xA6BC,0xBEFD,0xA27C,0x9E7C,0xAEBC,0xD35E,0xDB9F,0xDFBF,0xEBDF,0xD7FF,
  0x833F,0x82BF,0x823F,0x819C,0x817A,0x8136,0x80F3,0x80F1,0x80AC,0x80AC,0x808A,0x8089,0x8068,0x8067,0x8067,0x8066,
  0x8067,0x8046,0x8024,0x8024,0x8024,0x8044,0x8023,0x8023,0x8066,0x8045,0x8003,0x8003,0x8002,0x8023,0x8023,0x8024,
  0x8024,0x8046,0x8088,0x8023,0x8022,0x8023,0x8002,0x8002,0x8022,0x8023,0x8002,0x8002,0x8002,0x8023,0x8023,0x8003,
  0x8002,0x8022,0x8022,0x8024,0x8002,0x8002,0x8002,0x8022,0x8023,0x8022,0x8002,0x8003,0x8023,0x8046,0x8044,0x8002,
  0x8002,0x8002,0x8002,0x8002,0x8002,0x8003,0x8023,0x8023,0x8002,0x8002,0x8002,0x8002,0x8002,0x8002,0x8002,0x8046,
  0x8046,0x8002,0x8002,0x8002,0x8002,0x8002,0x8002,0x8002,0x8023,0x8002,0x8022,0x8002,0x8002,0x8002,0x8002,0x8002,
  0xA98E,0xA54B,0x8044,0x8466,0x8002,0x8001,0x8887,0x8466,0x8002,0x8002,0x8002,0x8022,0x8002,0x8002,0x8002,0x8002,
  0x8002,0x8002,0x8002,0x8002,0x8002,0x8002,0x8002,0x8002,0x8002,0x8002,0x8002,0x8022,0x8002,0x8023,0x8023,0x8023,
  0x8023,0x8024,0x808A,0x8024,0x8024,0x8024,0x8023,0x8023,0x8023,0x8023,0x8002,0x8022,0x8022,0x8002,0x8022,0x8002,
  0x8002,0x8002,0x8002,0x8000,0x8AFF,0x8023,0x8002,0x8002,0x8002,0x8002,0x8022,0x8002,0x8022,0x8002,0x8002,0x8022,
  0x8045,0x8023,0x8023,0x8023,0x8023,0x8046,0x8067,0x8067,0x84A7,0x8465,0x8065,0x8045,0x8066,0x8023,0x8067,0x8067,
  0x8067,0x8047,0x8067,0x8067,0x8047,0x8047,0x8025,0x8067,0x8046,0x8025,0x8045,0x8466,0x8865,0x9084,0x88A6,0x8486,
  0x8486,0x8046,0x8045,0x8066,0x8065,0x8066,0x8066,0x8067,0x8066,0x8044,0x8045,0x8045,0x8046,0x8046,0x8486,0x84A5,
  0x88A4,0x8885,0x8485,0x8065,0x8046,0x8045,0x8065,0x8024,0x8024,0x8024,0x8024,0x8066,0x8085,0x8044,0x8045,0x8067,
  0x8088,0x8045,0x8024,0x8023,0x8003,0x8023,0x8023,0x8067,0x8088,0x8046,0x8045,0x8067,0x8045,0x8024,0x8023,0x8023,
  0x8024,0x8024,0x8023,0x8023,0x8023,0x8023,0x8024,0x8023,0x8067,0x8067,0x8067,0x8024,0x8003,0x8046,0x8046,0x8046,
  0x8085,0x8D06,0x9106,0x8D06,0x9107,0x9106,0x9106,0xE243,0x8CA6,0x8065,0x8486,0x9106,0x9945,0x8086,0x84A6,0x94E4,
  0x94E5,0x98E5,0xACE3,0x90E5,0x8CE5,0x8CC4,0x8485,0x8086,0x8086,0x8CE6,0x8CE6,0x84A6,0x80A7,0x80A7,0x8CC6,0x80A7,
  0x80A7,0x8086,0x80A5,0x84C6,0x84C7,0x84C6,0x84C6,0x8CE6,0x9525,0x84A6,0x8CE6,0x88C6,0x90E5,0x88C5,0x8CE5,0x90E5,
  0xC584,0xA105,0xB544,0x9CE4,0x90C5,0xA105,0xA925,0xAD25,0x9D26,0x90E6,0x98E5,0x9D04,0xA503,0xB104,0xF285,0xC985,
  0xB545,0xA0E5,0x98C5,0x90A6,0x8046,0x8067,0x80C7,0x8066,0x8066,0xA0E4,0xEE42,0x8CC5,0x88C5,0x88E6,0x9126,0x9526,
  0x9527,0x80A7,0x8486,0x8046,0x8025,0x8025,0x8046,0x8CC5,0x9946,0x8067,0x8067,0x8486,0x9D86,0x8069,0x956C,0xA5CC,
  0xADED,0xA5AB,0xA98D,0x8088,0x9969,0x802B,0x804A,0xA5EB,0xB22B,0x80AB,0x84A9,0x8069,0x8069,0x8089,0x8069,0x808A,
  0x808A,0x8089,0x8089,0x808A,0x808A,0x808A,0x80AC,0x80EF,0x806A,0x80AC,0x80ED,0x956B,0x850E,0xA5AA,0xA1AA,0x80CA,
  0x9DC9,0x9D87,0x806B,0x806B,0x88EB,0x916B,0x956B,0x9988,0x80AC,0x80AB,0x808A,0x806A,0x808A,0x808A,0x808A,0x808A,
  0x808A,0x808A,0x8069,0x80AA,0x808A,0x808A,0x84EB,0x80CB,0x8D2C,0x914A,0x914A,0x9989,0x956A,0x892C,0xBE92,0x9DAE,
  0x9DAD,0x8D2D,0x852E,0x99AE,0x8110,0x80EF,0x892D,0x810D,0x810E,0x80EF,0x80EF,0x80EF,0x810F,0x8110,0x8110,0x8131,
  0x8110,0x810F,0x8530,0x9193,0x95B3,0x8951,0x8531,0x8110,0x8111,0x8D93,0xC2D7,0x80F0,0xBEB6,0xBEB7,0x8131,0x8152,
  0x8573,0x8973,0x8973,0x8973,0x8132,0xAA54,0xC718,0x9DF3,0xA60D,0xB693,0xBED7,0xC6F8,0xCB3A,0x8DF3,0x8E14,0x9613,
  0x9613,0x9236,0x8E17,0x8DF7,0xC6F6,0xCB18,0xA657,0x9639,0xCF5D,0xB2DC,0xBF1D,0xC31D,0xCB5E,0xCB5F,0xD39F,0xE7DF,
  0xC3DF,0x833F,0x831F,0x823F,0x819B,0x8159,0x8117,0x80F3,0x80F1,0x80AD,0x80AC,0x80AC,0x8068,0x8068,0x8068,0x8068,
  0x8067,0x8024,0x8025,0x8024,0x8023,0x8024,0x8023,0x80CC,0x8067,0x8023,0x8023,0x8023,0x8023,0x8022,0x8024,0x8023,
  0x8024,0x8023,0x8023,0x8023,0x8002,0x8023,0x8023,0x8022,0x8023,0x8002,0x8002,0x8002,0x8002,0x8002,0x8022,0x8022,
  0x8002,0x8002,0x8022,0x8023,0x8002,0x8002,0x8045,0x8002,0x8022,0x8002,0x8001,0x8024,0x8023,0x8023,0x8003,0x8002,
  0x8002,0x8002,0x8002,0x8022,0x8022,0x8023,0xBA54,0x8023,0x8022,0x8022,0x8022,0x8002,0x8002,0x8002,0x8002,0x8002,
  0x8002,0x8002,0x8002,0x8002,0x8002,0x8002,0x8002,0x8002,0x8002,0x8002,0x8022,0x8002,0x8002,0x8002,0x8022,0x8002,
  0xA16D,0x9D4C,0x8CA8,0x8466,0x8002,0x8002,0x8C87,0x8886,0x8002,0x8002,0x8022,0x8022,0x8023,0x8002,0x8002,0x8022,
  0x8022,0x8002,0x8002,0x8002,0x8002,0x8002,0x8002,0x8022,0x8002,0x8022,0x8023,0x8023,0x8002,0x8023,0x8023,0x8024,
  0x8045,0x8024,0x80CD,0x8025,0x8046,0x8044,0x8024,0x8023,0x8023,0x8022,0x8022,0x8022,0x8022,0x8022,0x8002,0x8002,
  0x8002,0x8002,0x8002,0x8002,0x8000,0x8002,0x8022,0x8002,0x8002,0x8002,0x8022,0x8002,0x8002,0x8002,0x8002,0x8002,
  0x8023,0x8023,0x8023,0x8023,0x8023,0x8067,0x8067,0x8067,0x80A9,0xEE01,0x8045,0x8066,0x8065,0x8066,0x8067,0x8067,
  0x8047,0x8045,0x8047,0x8046,0x8046,0x8023,0x8046,0x8046,0x8046,0x8045,0x8046,0x8466,0xB4E3,0xFFE6,0x8864,0x8C84,
  0x8865,0x8046,0x8046,0x8046,0x9083,0x9084,0x8066,0x8067,0x8066,0x8066,0x8066,0x8086,0x8086,0x8025,0x8465,0x84A4,
  0x88A4,0xD1A1,0x8064,0x8484,0x8485,0x8045,0x8024,0x8045,0x8024,0x8024,0x8045,0x8086,0x8064,0x8085,0x8065,0x8024,
  0x8024,0x8023,0x8023,0x8024,0x8023,0x8023,0x8023,0x8023,0x8024,0x8046,0x8023,0x8067,0x8046,0x8067,0x8023,0x8003,
  0x8023,0x8023,0x8023,0x8023,0x8024,0x8045,0x8003,0x8023,0x8023,0x8067,0x8067,0x8046,0x8023,0x8068,0x8047,0x8066,
  0x9106,0x8D06,0x9105,0x8046,0x8045,0x8CE6,0x8CE5,0x8CE5,0x84C6,0x8046,0x8066,0x88C5,0x84C5,0x80C6,0x84C5,0x88C5,
  0x90E5,0x9505,0xA504,0x94A5,0x8CC4,0x8CE5,0x8CC5,0x88C5,0x88E6,0x88E6,0x8CE6,0x90E6,0x8067,0x8066,0x90E6,0x80A6,
  0x8086,0x8086,0x90E6,0x9506,0x8087,0x8086,0x84C7,0x88C6,0x9105,0x8087,0x84A6,0x80A6,0x88C5,0x88E5,0x90E5,0x90E5,
  0x98E5,0xA104,0xC941,0xD162,0x98E6,0xC123,0xCD62,0xAD25,0xAD24,0xA505,0xA4E5,0xFF02,0xAD04,0x9CE6,0x94C6,0xB944,
  0xB125,0x9D05,0x84A8,0x8068,0x8047,0x8046,0x80A6,0x8067,0x8045,0x8046,0x8067,0xB145,0xA505,0x84C5,0x8906,0x9126,
  0x9106,0x8485,0x8046,0x8046,0x8068,0x8089,0x8089,0x8088,0x8046,0x8046,0x8047,0x8047,0x8068,0x8048,0x8069,0xA5CE,
  0xA18B,0xA1AB,0x9D6B,0x9DAB,0x9DAB,0x996B,0x912B,0x84ED,0x890C,0xA5C9,0xAE09,0x8069,0x8068,0x8069,0x8089,0x8089,
  0x8089,0x8089,0x8089,0x8089,0x8089,0x8089,0x808A,0x80CE,0x8069,0x808A,0x808B,0x8111,0x8110,0x810F,0x80CC,0x8067,
  0x8068,0x8049,0x8069,0xA967,0xA10A,0xDDE6,0x850C,0x854D,0x84EC,0x80CC,0x8D29,0x994A,0x80AA,0x808B,0x808B,0x808A,
  0x808B,0x8908,0x8068,0x8068,0x80A9,0x8D28,0x8D29,0x9149,0x808B,0x80CB,0x9989,0x8928,0x9569,0x892A,0x998D,0xB674,
  0xAE32,0x894F,0x810E,0x99CD,0x852E,0x80EE,0x850D,0x852E,0x91AE,0x810F,0x80EE,0x80EF,0x8110,0x810F,0x8110,0x8110,
  0x8110,0x8110,0x8110,0x8131,0x8D93,0x95D4,0x95B4,0xAA35,0x80F0,0x8110,0x8110,0x8110,0x80EE,0xBEB6,0xBE96,0x8D92,
  0xCED7,0x8552,0x8972,0x8972,0x8552,0x8131,0x852E,0x8D50,0x8D91,0xC2D8,0xC2D8,0xC6F8,0xC6F7,0xA295,0x81B5,0x8DF3,
  0x95F2,0xA230,0x9E30,0x9213,0x89F6,0xBEF9,0xCB1A,0xB6B8,0xB6DA,0x923B,0xB2FD,0xC33E,0xC73E,0xC33E,0xC73E,0xCF7F,
  0xE7DF,0xFBFF,0x831F,0x833F,0x825F,0x81DD,0x819B,0x8157,0x8136,0x80D1,0x80D1,0x80AD,0x80AC,0x80CD,0x80AB,0x8068,
  0x8067,0x8066,0x8046,0x8046,0x8023,0x8023,0x8023,0x8023,0x8023,0x8023,0x8023,0x8023,0x8023,0x8023,0x8023,0x8023,
  0x8023,0x8023,0x8023,0x8002,0x8023,0x8022,0x8023,0x8023,0x8023,0x8002,0x8002,0x8002,0x8002,0x8022,0x8002,0x8002,
  0x8002,0x8023,0x8022,0x8023,0x8002,0x8022,0x8022,0x8002,0x8002,0x8002,0x8002,0x8002,0x8023,0x8023,0x8002,0x8023,
  0x8002,0x8022,0x8002,0x8002,0x8002,0x8023,0x8001,0x8022,0x8002,0x8022,0x8002,0x8022,0x8024,0x8002,0x8002,0x8002,
  0x8002,0x8002,0x8002,0x8002,0x8002,0x8002,0x8002,0x8002,0x8022,0x8002,0x8002,0x8002,0x8002,0x8002,0x8002,0x8002,
  0xA14D,0x9D2C,0x88A7,0x8466,0x8001,0x8001,0xFE41,0x8443,0x8002,0x8002,0x8022,0x8022,0x8002,0x8002,0x8002,0x8002,
  0x8002,0x8002,0x8002,0x8002,0x8002,0x8022,0x8002,0x8002,0x8002,0x8002,0x8022,0x8022,0x8002,0x8023,0x8023,0x8024,
  0x8045,0x806A,0x85D8,0x808B,0x8046,0x8024,0x8023,0x8023,0x8023,0x8022,0x8022,0x8002,0x8002,0x8022,0x8002,0x8002,
  0x8002,0x8002,0x8002,0x8002,0x8022,0x8002,0x8002,0x8002,0x8002,0x8002,0x8002,0x8002,0x8002,0x8002,0x8002,0x8002,
  0x8023,0x8023,0x8023,0x8023,0x8023,0x8045,0x8067,0x8067,0x8066,0x8066,0xFF00,0x8045,0x8044,0x8066,0x8066,0x8066,
  0x8003,0x8023,0x8046,0x8045,0x8002,0x8002,0x8045,0x8046,0x8046,0x8045,0x8046,0x8066,0x9085,0xA082,0xEE41,0x9863,
  0x9863,0x8465,0x8045,0x8884,0x9084,0x94A4,0x8047,0x8CA5,0x8CA4,0x8067,0x8885,0x8CA4,0x88A4,0x88A5,0x84A5,0x88A4,
  0x94A3,0x9483,0x8884,0x8484,0x8485,0x8085,0x8485,0x8045,0x8066,0x8066,0x8086,0x8085,0x8085,0x8085,0x8024,0x8023,
  0x8023,0x8023,0x8002,0x8046,0x8068,0x8023,0x8045,0x8068,0x8025,0x8023,0x8002,0x8045,0x8067,0x8067,0x8089,0x8068,
  0x8024,0x8024,0x8023,0x8023,0x8045,0x8045,0x8067,0x8066,0x8023,0x8023,0x8068,0x8067,0x8067,0x8068,0x8CE4,0x8086,
  0x84C7,0x8D06,0x8045,0x8046,0x8025,0x8CE6,0x88C5,0x8024,0x8465,0x84C6,0x8086,0x8066,0x8086,0x84C5,0x84C6,0x80A6,
  0x8CE6,0x90E5,0x94E5,0x94E5,0x9484,0xC982,0x90C5,0x8CE5,0x88C5,0x88C5,0xA965,0x94E5,0x8066,0x8066,0x8CC5,0x88C6,
  0x8087,0x90E6,0x88C6,0x9506,0x8086,0x8086,0x84C6,0x88C6,0x88C6,0x8086,0x8066,0x8086,0x88C5,0x88E5,0x8CE5,0x90E5,
  0xEE64,0xEA44,0x9CE5,0x94E5,0x90C5,0x94C4,0xD5C1,0xEE24,0xFF26,0xB125,0xA905,0xA925,0x9CE5,0x94C5,0x8486,0x94C5,
  0xC541,0xAD04,0x90C7,0x8089,0x8068,0x8067,0x8087,0x8068,0x8068,0x8068,0x8068,0x8068,0x8466,0x88C5,0x88E5,0x9106,
  0x9526,0x8045,0x8045,0x8046,0x8068,0x8089,0x8089,0x8089,0x8089,0x8045,0x8067,0x80AB,0x8025,0x8069,0x8069,0x850E,
  0xA5AB,0xB20B,0x9D8B,0x9DAB,0x80EC,0x9D8A,0x84ED,0x84ED,0x808B,0x956A,0xA5C9,0x8069,0x8089,0x8089,0x8089,0x8089,
  0x8089,0x8089,0x8069,0x8089,0x8089,0x8089,0x8089,0x808B,0x8110,0x808A,0x8068,0x80AC,0x80EF,0x80EE,0x80CD,0x80AC,
  0x8068,0x8069,0x808A,0x808B,0x80AC,0x80CF,0x80EE,0x852D,0x80EE,0x84ED,0x80A8,0x9969,0x998A,0x9569,0x808B,0x80CC,
  0x956B,0x956A,0x9169,0x8088,0x9128,0x8D28,0x9129,0x9128,0x8909,0x808A,0x84CA,0x88EA,0x9169,0xB24D,0x80CB,0xB277,
  0xBEB5,0xA1CC,0x9DAC,0x810D,0x918D,0x80EE,0x80CE,0x80EE,0x95AD,0x9DCD,0x80EF,0x80EE,0x80EF,0x810F,0x8110,0x8110,
  0x8110,0x8110,0x8110,0x8130,0x8151,0x8572,0x8552,0x8D72,0xAE35,0x80F0,0x80EF,0x8110,0x8110,0x8530,0x8552,0x8552,
  0xC2B7,0x8552,0x8972,0x8952,0x8971,0x95AE,0x896E,0x810F,0x8993,0xB696,0xBED9,0xAA77,0xD737,0xCB18,0xB6D9,0x85D5,
  0x8DD3,0xA20F,0xA230,0xA230,0x9E31,0x81B7,0x923A,0x9E79,0xAEB7,0xB6D9,0x861B,0xA29B,0xA6BD,0xBF1E,0xCB3E,0xCF7F,
  0xCF7F,0xDBBF,0xF3DF,0x8B3F,0x877F,0x82DF,0x81BC,0x81BC,0x8159,0x80D4,0x80D3,0x80CF,0x80AD,0x808A,0x808A,0x8047,
  0x8068,0x8067,0x8046,0x8067,0x8024,0x8023,0x8023,0x8023,0x808A,0x8024,0x8023,0x8023,0x8023,0x8023,0x8023,0x8023,
  0x8023,0x8022,0x8002,0x8022,0x8023,0x8023,0x8022,0x8002,0x8002,0x8022,0x8022,0x8002,0x8002,0x8002,0x8002,0x8002,
  0x8002,0x8002,0x8022,0x8002,0x8002,0x8002,0x8022,0x8022,0x8022,0x8002,0x8002,0x8002,0x8002,0x8023,0x8003,0x8002,
  0x8002,0x8002,0x8002,0x8002,0x80C9,0x8023,0x8023,0x8002,0x8002,0x8002,0x8023,0x8088,0x8002,0x8002,0x8002,0x8002,
  0x8002,0x8002,0x8002,0x8002,0x8002,0x8002,0x8002,0x8002,0x8022,0x8002,0x8002,0x8002,0x8002,0x8002,0x8002,0x8001,
  0xA14D,0x9D2B,0x88A7,0x8466,0x8001,0x8001,0x8CC9,0x8CA7,0x8002,0x8002,0x8023,0x8023,0x8044,0x8002,0x8002,0x8002,
  0x8022,0x8022,0x8002,0x8002,0x80ED,0x8002,0x8023,0x8002,0x8002,0x8022,0x8023,0x8023,0x8045,0x8046,0x8045,0x808A,
  0x80CD,0x8973,0xEFBE,0x8174,0x84AC,0x8067,0x8067,0x8024,0x8024,0x8024,0x8024,0x8024,0x8024,0x8024,0x8002,0x8002,
  0x8022,0x8002,0x8002,0x8002,0x8002,0x8002,0x8022,0x8022,0x8002,0x8022,0x8002,0x8022,0x8002,0x8002,0x8002,0x8002,
  0x8023,0x8023,0x8023,0x8023,0x8023,0x8023,0x8022,0x8045,0x8067,0x8065,0x8465,0x80C6,0x8044,0x8045,0x8046,0x8046,
  0x8023,0x8023,0x8046,0x8045,0x8024,0x8002,0x8002,0x8046,0x8047,0x8046,0x8024,0x8046,0x9084,0xACC1,0x90A5,0x8464,
  0x8064,0x9862,0x8823,0xFAA1,0x94A4,0x94A4,0x98C4,0x90A4,0x94C3,0x8466,0x8066,0x8884,0x88A4,0x8CC5,0x88A5,0xB0E1,
  0x9CE3,0x8884,0x9063,0x8C84,0x8884,0x8485,0x8486,0x8046,0x8485,0x8485,0x8065,0x8885,0x8085,0x8086,0x8024,0x8023,
  0x8023,0x8023,0x8023,0x8002,0x8023,0x8024,0x8024,0x8046,0x8046,0x8002,0x8003,0x8067,0x8067,0x8024,0x8025,0x8025,
  0x8024,0x8024,0x8023,0x8023,0x8023,0x8024,0x8069,0x8068,0x8024,0x8045,0x8066,0x8067,0x8067,0x8067,0x8067,0x84A6,
  0x84C6,0x8CE5,0x8CE5,0x8046,0x8025,0x88E6,0x88E6,0x8024,0x8044,0x88C5,0x88A4,0x8045,0x8045,0x84A5,0x88C6,0x8046,
  0x8086,0x8CC5,0x90C4,0x90C4,0x90A5,0xC163,0x94C4,0x9CE3,0x90E5,0x9D25,0xA145,0x90E6,0x9106,0x88E7,0x88C6,0x80A7,
  0x8087,0x8CC6,0x9526,0x9526,0x8D07,0x8D07,0x88C6,0x84A6,0x88C6,0x8086,0x8066,0x8066,0x84E6,0x8CC4,0xAD24,0x90A5,
  0x90A4,0x94E5,0x98E4,0x84A6,0x88A6,0x88A5,0x94E4,0x9CE3,0xA8C4,0xAD04,0xA925,0x88C6,0x8CC6,0x8CA6,0x8047,0x8885,
  0x98E5,0x9CE5,0x98E5,0x9CE5,0x8089,0x8089,0x8089,0x8069,0x8069,0x8089,0x8068,0x8068,0x8047,0xCD83,0x94C3,0x9126,
  0x9106,0x88C5,0x8025,0x8046,0x8046,0x8046,0x8067,0x808A,0x808A,0x80AA,0x80AB,0x80AB,0x80AB,0x80AB,0x80AB,0x80CD,
  0xADAB,0xBA2A,0x9D6A,0x956A,0x956B,0x80CB,0x80AD,0x80EE,0x84EE,0x852D,0x916B,0x956A,0x88EA,0x8069,0x8089,0x8089,
  0x8069,0x8089,0x8089,0x8089,0x8069,0x8089,0x8089,0x8069,0x80EF,0x8069,0x8067,0x8069,0x80CD,0x8089,0x80CC,0x80CF,
  0x80AB,0x8069,0x8069,0x8089,0x80AD,0x80CD,0x80CD,0xA509,0xDDC7,0x912B,0xA18A,0x9D8A,0x9549,0x958A,0x806A,0x808A,
  0x806A,0x914A,0x8D4A,0x916A,0x890A,0x808B,0x8909,0x9148,0x8D28,0x8089,0x890A,0x84E9,0x9DA8,0x894A,0x914A,0xAE30,
  0xB650,0xAE2D,0xA5EC,0x918D,0x99AD,0x8D4D,0x80AD,0x80CD,0x812E,0x95AC,0x810F,0x80EE,0x80CD,0x80EF,0x810F,0x8110,
  0x8110,0x8110,0x8110,0x8130,0x8151,0x8552,0x8551,0x8552,0x8552,0x8152,0x8552,0x8551,0x8110,0x8551,0x8972,0x8972,
  0x8D92,0x8572,0x8572,0x8972,0x8972,0x95AE,0x99CD,0x852F,0x91D3,0xB275,0xC2FA,0x9E13,0x9E13,0xCF39,0xD75B,0xCB1A,
  0x91F4,0x89D4,0x91D2,0xA230,0xA231,0x9A32,0x8A18,0x8619,0x9A55,0xA673,0x9A36,0x81F9,0xB2FC,0xAADD,0xBF1D,0xD37E,
  0xD37E,0xD37E,0xD37F,0xF3DF,0xBFBF,0x833F,0x829F,0x81FD,0x819C,0x8159,0x8137,0x80D1,0x80CF,0x80AC,0x808A,0x808B,
  0x808A,0x8047,0x8067,0x8047,0x8046,0x8046,0x8067,0x8024,0x8024,0x8024,0x8023,0x8023,0x8023,0x8045,0x8023,0x8023,
  0x8022,0x8002,0x8022,0x8022,0x8022,0x8022,0x8023,0x8023,0x8023,0x8002,0x8022,0x8002,0x8002,0x8002,0x8002,0x8002,
  0x8022,0x8022,0x8002,0x8023,0x8023,0x8022,0x8022,0x8002,0x8002,0x8002,0x8002,0x8002,0x8002,0x8024,0x8023,0x8023,
  0x8023,0x8002,0x8002,0x8002,0x8023,0x8002,0x8023,0x8023,0x8002,0x8002,0x8002,0x8002,0x8002,0x8002,0x8002,0x8002,
  0x8002,0x8002,0x8002,0x8002,0x8023,0x8022,0x8002,0x8002,0x8002,0x8002,0x8002,0x8002,0x8002,0x8002,0x8002,0x8022,
  0xA96D,0xB105,0x90A7,0x8466,0x8001,0x8001,0x94EA,0x8886,0x8002,0x8002,0x8002,0x8002,0x8002,0x8002,0x8002,0x8002,
  0x8002,0x8002,0x8002,0x8002,0x8001,0x8002,0x8002,0x8002,0x8002,0x8002,0x8002,0x8002,0x8002,0x8023,0x8024,0x8045,
  0x8045,0x80EF,0xD75C,0x804A,0x8067,0x8024,0x8024,0x8023,0x8023,0x8023,0x8022,0x8002,0x8023,0x8022,0x8002,0x8002,
  0x8002,0x8002,0x8002,0x8002,0x8002,0x8002,0x8002,0x8002,0x8002,0x8002,0x8002,0x8002,0x8002,0x8002,0x8002,0x8002,
  0x8023,0x8023,0x8044,0x8023,0x8023,0x8023,0x8022,0x8046,0x8024,0x8002,0x8066,0x8044,0x8043,0x8046,0x8002,0x8002,
  0x8022,0x8023,0x8002,0x8022,0x8002,0x8023,0x8023,0x8067,0x8047,0x8023,0x8024,0x8045,0x9C83,0x9063,0x8464,0x8084,
  0x8085,0x8065,0x8065,0x8064,0x94A4,0xFFC5,0x9CA3,0x98C3,0x94A3,0x9483,0x8465,0x8864,0x8884,0x90A4,0x90C4,0x90C5,
  0x8CC5,0x88A5,0x8CA4,0x90A3,0x90A3,0x94A4,0x8C85,0x8886,0x8864,0x8C85,0x8065,0x8845,0x8085,0x8085,0x8045,0x8024,
  0x8024,0x8024,0x8045,0x8023,0x8003,0x8003,0x8002,0x8002,0x8023,0x8023,0x8067,0x8088,0x8088,0x8088,0x8088,0x8024,
  0x8024,0x8023,0x8023,0x8023,0x8023,0x8024,0x8046,0x8089,0x8068,0x8068,0x8045,0x8046,0x8067,0x8067,0x8067,0x8068,
  0x8087,0x84C5,0x8085,0x8088,0x8025,0x8045,0x8085,0x8045,0x8025,0x8485,0x84A4,0x8065,0x8065,0x88A4,0x8CE5,0x88C5,
  0x8CC5,0xB102,0x88A4,0x88A5,0x8CC6,0x8CC6,0x88A5,0xC584,0x98E6,0x9506,0x90E6,0x8CE6,0x8CE6,0x8066,0x84C6,0x84A7,
  0x8046,0x8CC6,0x94E5,0xA125,0x88E7,0x8CE7,0xB944,0x8485,0x8086,0x88A6,0x8086,0x8066,0x88A5,0xB103,0x88A5,0x8085,
  0x84C6,0x90E5,0x90C4,0x8067,0x8047,0x88A6,0x8CC5,0x94C4,0x9CE4,0xA8C3,0x9CE4,0x88E6,0x88E7,0x84A7,0x8048,0x8088,
  0x84A7,0x90C6,0xAD23,0x88A6,0x8046,0x8089,0x808A,0x8067,0x8069,0x808A,0x8069,0x8046,0x8024,0x88E5,0x9525,0xC184,
  0x9966,0x9525,0x8045,0x88E6,0x8046,0x8046,0x8047,0x8067,0x80AB,0x80AB,0x80AB,0x80AB,0x80AB,0x8089,0x80AA,0x80CD,
  0xB1C8,0xA18A,0x80AB,0x808B,0x8D29,0x8D28,0x80ED,0x80AC,0x8069,0x80CD,0x892D,0x914C,0x890A,0x8068,0x890C,0x8089,
  0x8089,0x8089,0x8089,0x8069,0x8069,0x8069,0x8069,0x8068,0x8089,0x8069,0x8068,0x8068,0x808A,0x80F0,0x80CE,0x80AD,
  0x80EF,0x8068,0x8068,0x8046,0x80CD,0x80CD,0x80CD,0x80AD,0x956D,0xA1AA,0xADC9,0xF2C9,0xB187,0x9969,0x88C9,0x8088,
  0x9DAA,0x998A,0x80CB,0x8D4A,0x8D4A,0x890A,0x80AA,0x80AA,0x8D28,0x8909,0x80CA,0x8909,0x8909,0x8909,0x8909,0x9DAA,
  0x9D8A,0xA1CC,0xA1CD,0x9DCC,0x99CC,0x99AC,0x80CC,0x80CD,0x80EE,0x80ED,0x918C,0x810C,0x80EE,0xB22D,0x810F,0x810F,
  0x8110,0x8110,0x8110,0x8110,0x8130,0x8131,0x810F,0x8531,0x8551,0x8551,0x8531,0x8531,0x8551,0x8551,0x8551,0x8972,
  0x8972,0x8972,0x8972,0x8572,0x8572,0x8572,0x8D8F,0x8D90,0x8571,0x95D2,0x95F4,0xA610,0x9190,0x8172,0x8592,0xCAF7,
  0xD318,0x8DF5,0x91F4,0xA230,0xA230,0xA231,0xA650,0x89F6,0x8616,0x9235,0x9E34,0xD315,0x865C,0xCF5D,0xB2DC,0xAEDC,
  0xD77E,0xB2FD,0xD35E,0xD37F,0xE3DF,0xF3FF,0x82FF,0x82BF,0x825F,0x81DD,0x817B,0x8117,0x80F4,0x80F1,0x80CE,0x80CE,
  0x808A,0x8068,0x8067,0x8089,0x8067,0x8067,0x8025,0x8046,0x8024,0x8024,0x8023,0x8023,0x8111,0x8023,0x8023,0x8023,
  0x8023,0x8023,0x8023,0x8002,0x8022,0x8002,0x8022,0x8023,0x8023,0x8023,0x8022,0x8002,0x8002,0x8023,0x8002,0x8022,
  0x8002,0x8002,0x8002,0x8022,0x8023,0x8022,0x8022,0x8002,0x8022,0x8002,0x8002,0x8002,0x8002,0x8022,0x8002,0x8002,
  0x8002,0x8002,0x8002,0x8002,0x8002,0x8002,0x8022,0x8022,0x8002,0x8002,0x8022,0x8002,0x8002,0x8002,0x8002,0x8002,
  0x8002,0x8022,0x8002,0x8022,0x8002,0x8002,0x8002,0x8002,0x8022,0x8002,0x8002,0x8002,0x8002,0x8002,0x8002,0x8002,
  0xA52B,0x8CC9,0x90C8,0x8466,0x8000,0x8022,0x98EA,0x8886,0x8002,0x8002,0x8002,0x8002,0x8002,0x8002,0x8002,0x8002,
  0x8002,0x8002,0x8002,0x8002,0x8022,0x8002,0x8002,0x8002,0x8002,0x8002,0x8002,0x8002,0x8022,0x8023,0x8023,0x8024,
  0x8045,0x8047,0x8110,0x8046,0x8045,0x8024,0x8024,0x8023,0x8023,0x8023,0x8002,0x8002,0x8002,0x8022,0x8002,0x8002,
  0x8002,0x8002,0x8002,0x8002,0x8002,0x8002,0x8002,0x8002,0x8002,0x8002,0x8002,0x8002,0x8002,0x8002,0x8002,0x8002,
  0x8023,0x8023,0x8023,0x8023,0x8023,0x8023,0x8023,0x8023,0x8023,0x8002,0x8023,0x8023,0x8022,0x8045,0x8003,0x8003,
  0x8023,0x8022,0x8023,0x8023,0x8023,0x8023,0x8023,0x8024,0x8046,0x8045,0x8024,0x8003,0x8024,0x8065,0x8484,0x8064,
  0x8084,0x8065,0x8045,0x8485,0x8CA5,0x9883,0xA8C3,0xA0C3,0x9C81,0x9482,0x8863,0x9063,0xB4E1,0x8C83,0xFFE4,0x94C5,
  0x8CA5,0x8CA5,0x8CA5,0xE201,0x94A3,0x94A4,0x98C5,0x98A5,0x94A4,0x9CA2,0x8464,0x8024,0x8065,0x8064,0x8065,0x8044,
  0x8023,0x8023,0x8066,0x8023,0x8023,0x8023,0x8023,0x8023,0x8023,0x8023,0x8067,0x8067,0x8068,0x8088,0x8088,0x8025,
  0x8023,0x8067,0x8024,0x8024,0x8024,0x8024,0x8046,0x8089,0x8089,0x8068,0x8045,0x8067,0x8046,0x8023,0x8046,0x8067,
  0x8088,0x88E6,0x80A7,0x8087,0x8025,0x8024,0x8045,0x8045,0x8025,0x8066,0x88C5,0x8045,0x8045,0x9104,0x90E5,0x8CE5,
  0x9106,0x84A6,0x8CE6,0x8CE6,0x88C7,0x84A6,0x84A6,0x90C5,0x9CE5,0xFF46,0x94E5,0x90E6,0x8CE5,0x8CC6,0x88C5,0x88A7,
  0x8067,0x94E6,0x9D05,0xA525,0x8CC6,0x8CC6,0x9CE6,0x8885,0x8065,0x88A6,0x88A5,0x8085,0x9484,0x84A5,0x84A6,0x80A6,
  0x80A6,0x8066,0x88A5,0x8046,0x8046,0x8067,0x8047,0x8CA6,0x94C5,0x8CA4,0x94C4,0x84C6,0x80A8,0x8048,0x8068,0x8068,
  0x8088,0x9905,0x8085,0x84A5,0x8024,0x8046,0x808A,0x8067,0x8067,0x8068,0x8069,0x8887,0x8045,0x8D05,0x8D05,0xDDA3,
  0x9105,0x9104,0x9104,0x8085,0x88C7,0x8067,0x8067,0x8067,0x8067,0x8067,0x80AB,0x80AB,0x8069,0x8046,0x8046,0x8046,
  0xA986,0xA189,0x80CC,0x808A,0x8089,0x9147,0x80EC,0x80AC,0x8027,0x80CC,0x80CC,0x810C,0x8068,0x8068,0x84E9,0x8089,
  0x8069,0x8069,0x8089,0x8089,0x8069,0x8069,0x8068,0x8068,0x8068,0x8069,0x8089,0x8068,0x8067,0x80F0,0x80EF,0x80AB,
  0x80CE,0x8047,0x8046,0x8047,0x80CE,0x80CE,0x80CD,0x912B,0xA18A,0xA1A9,0x9D89,0xD607,0xA148,0xA18A,0x9549,0x9129,
  0x9D69,0x9969,0x80AB,0x84CA,0x8D29,0x8909,0x80AA,0x80AA,0x8D09,0x8D29,0x808A,0x8509,0x8909,0x8909,0x8D29,0x84EA,
  0x8D2B,0x9DCC,0x956B,0xA60D,0xC2B4,0xA1CE,0x80EC,0x894C,0x80CD,0x80ED,0x810B,0x8D4B,0x95AE,0x95AD,0xAA0D,0x810F,
  0x810F,0x8110,0x8110,0x8110,0x810F,0x8110,0x810F,0x8530,0x8551,0x8531,0x8551,0x8551,0x8551,0x8551,0x8551,0x8551,
  0x8952,0x8972,0x8972,0x8572,0x8572,0x8572,0x8572,0x8572,0x8970,0x8550,0x812F,0xC2D3,0xBAB3,0x8194,0x89D4,0x89B1,
  0xCAD4,0x85D4,0x89D3,0xA230,0xA230,0xA230,0xA630,0x9613,0x85F6,0x8217,0xC6D3,0xDF35,0x8A3A,0xB6FC,0xCB3D,0xBF1D,
  0xB2FD,0xAEFD,0xB2FD,0xCB5E,0xD37F,0xEFFF,0xFBFF,0x8B5F,0x82FF,0x825F,0x81DE,0x815A,0x8138,0x80F4,0x80F2,0x80D0,
  0x808B,0x80AC,0x808A,0x808A,0x8068,0x8067,0x8024,0x8046,0x8045,0x8023,0x8023,0x8023,0x8023,0x8023,0x8023,0x8023,
  0x8023,0x8023,0x8023,0x8022,0x8023,0x8002,0x8023,0x8002,0x8002,0x8022,0x8002,0x8002,0x8002,0x8022,0x8022,0x8002,
  0x8022,0x8002,0x8002,0x8002,0x8023,0x8023,0x8022,0x8022,0x8022,0x8002,0x8022,0x8022,0x8022,0x8002,0x8002,0x8002,
  0x8022,0x8022,0x8002,0x8022,0x8002,0x8002,0x8002,0x8002,0x8002,0x8002,0x8002,0x8022,0x8002,0x8002,0x8002,0x8002,
  0x8002,0x8022,0x8002,0x8022,0x8002,0x8002,0x8002,0x8002,0x8002,0x8002,0x8002,0x8002,0x8002,0x8002,0x8002,0x8002,
  0x9D0A,0xCD82,0x8865,0x8444,0x8001,0x8023,0xA508,0x8C85,0x8002,0x8002,0x8002,0x8002,0x8002,0x8002,0x8022,0x8022,
  0x8002,0x8023,0x8002,0x8002,0x8002,0x8002,0x8002,0x8002,0x8002,0x8002,0x8002,0x8002,0x8023,0x8023,0x8023,0x8023,
  0x8023,0x8044,0x80AB,0x8024,0x8024,0x8024,0x8023,0x8023,0x8023,0x8003,0x8023,0x8002,0x8002,0x8002,0x8002,0x8002,
  0x8002,0x8002,0x8002,0x8002,0x8002,0x8002,0x8002,0x8002,0x8002,0x8002,0x8002,0x8002,0x8022,0x8022,0x8002,0x8002,
  0x8023,0x8023,0x8023,0x8023,0x8023,0x8442,0x8023,0x8023,0x8023,0x8002,0x8023,0x8023,0x8003,0x8023,0x8002,0x8002,
  0x8023,0x8023,0x8023,0x8023,0x8023,0x8023,0x8002,0x8003,0x8068,0x8067,0x8023,0x8024,0x8045,0x8086,0xBD41,0x8065,
  0x8065,0x8065,0x8045,0x8045,0x88A5,0x8C84,0xA4C3,0x9463,0xFFC4,0xA462,0x94A3,0x9084,0x8884,0x8884,0x8485,0x8884,
  0x8884,0xFE61,0x9084,0x94C5,0xA8A1,0xA8C3,0xB503,0xB902,0x9C82,0xB524,0x8886,0x8466,0x8065,0x8064,0x8064,0x8065,
  0x8045,0x8044,0x8045,0x8066,0x8023,0x8023,0x8023,0x8045,0x8045,0x8024,0x8023,0x8046,0x8024,0x8046,0x8068,0x8088,
  0x8088,0x8088,0x8067,0x8024,0x8023,0x8068,0x8023,0x8023,0x808A,0x8045,0x8088,0x8088,0x8068,0x8046,0x8024,0x8046,
  0x8088,0x8024,0x8024,0x8023,0x8045,0x8024,0x8024,0x8087,0x8068,0x8045,0x8045,0x8025,0x8046,0x8065,0x8485,0x9506,
  0x9925,0xE5C2,0x9106,0x90E6,0x80A7,0x8086,0x88A6,0x8CC5,0x98E5,0x94C5,0x98C5,0xA4E3,0x94E6,0x9506,0xB523,0x90A7,
  0x8488,0xA527,0xA926,0xC5A5,0x9CE5,0xA106,0x94E5,0x90C5,0x8484,0x8CC5,0xB963,0x9085,0x84A6,0x8086,0x8086,0x8086,
  0x8066,0x8086,0x8485,0x8486,0x88C6,0x8047,0x8047,0x88C7,0x88C7,0x94E5,0xBD83,0x9106,0x80A7,0x8067,0x8047,0x8026,
  0x8068,0x84A6,0x8085,0x80A6,0x8088,0x8047,0x8047,0x8046,0x8066,0x8045,0x98E6,0xA944,0x9925,0x9945,0x9525,0x9926,
  0x9525,0x9925,0x9945,0x9966,0x84A6,0x8067,0x8067,0x8047,0x8047,0x8046,0x8046,0x8046,0x80AA,0x8046,0x8088,0x84EC,
  0x80ED,0x80CB,0x8069,0x808A,0x80CC,0x84EB,0x8929,0x80CB,0x80AC,0x808B,0x8069,0x852D,0x956A,0x8D29,0xA5CC,0x8069,
  0x8069,0x8069,0x8069,0x8069,0x8069,0x8069,0x8068,0x8068,0x8068,0x8068,0x8069,0x8089,0x8068,0x8069,0x8047,0x8046,
  0x8068,0x8068,0x8068,0x8068,0x80EF,0x8110,0x852E,0x9D69,0xA9A8,0xA5A8,0x9948,0x8909,0xD668,0xB9A9,0xB1A8,0xA5A8,
  0x9569,0x850B,0x80EB,0x8D2A,0x8D28,0x8D09,0x8D09,0x80AB,0x80CA,0x8D29,0x84CA,0x84CA,0x84C9,0x88E8,0x80A9,0x80AA,
  0xA5CD,0x892A,0x914B,0x956A,0xB672,0xC2F6,0xB64F,0x9DAC,0x80CB,0x80CC,0x9DAB,0xA1CC,0x9DCD,0x80CD,0x9DAC,0xA1CD,
  0x812E,0x810F,0x810F,0x8110,0x8110,0x8110,0x8110,0x8130,0x8110,0x8131,0x8551,0x8551,0x8551,0x8552,0x8552,0x8551,
  0x8531,0x8551,0x8972,0x8572,0x8552,0x8572,0x8572,0x8572,0x8572,0x8572,0x8171,0x8571,0x8594,0x91D3,0x8173,0xAA10,
  0xB650,0xAA30,0x8592,0x8DB2,0x95D2,0xA231,0xA630,0xA230,0xA230,0x9E31,0x8618,0x81FA,0xD716,0xBEF7,0xA29A,0xBEFC,
  0xD35D,0xC73D,0xB6FD,0xBF1D,0xCF5F,0xCF7F,0xDBBF,0xF7FF,0x8F1F,0x833F,0x82DF,0x81BC,0x81BD,0x817A,0x8136,0x80F2,
  0x80AF,0x80AD,0x808A,0x80AB,0x8089,0x8067,0x8067,0x8067,0x8045,0x8024,0x8024,0x8023,0x8023,0x8024,0x8024,0x8024,
  0x8023,0x8023,0x8023,0x8023,0x8023,0x8023,0x8023,0x8002,0x8002,0x8022,0x8022,0x8002,0x8002,0x8022,0x8002,0x8002,
  0x8023,0x8022,0x8023,0x8023,0x8023,0x8023,0x8023,0x8023,0x8022,0x8022,0x8022,0x8002,0x8022,0x8002,0x8002,0x8002,
  0x8002,0x8022,0x8022,0x8002,0x8002,0x8002,0x8022,0x8002,0x8002,0x8002,0x8022,0x8002,0x8002,0x8002,0x8002,0x8023,
  0x8002,0x8022,0x8002,0x8002,0x8002,0x8022,0x8002,0x8002,0x8002,0x8002,0x8002,0x8022,0x8002,0x8002,0x8002,0x8002,
  0x8864,0xB105,0x8444,0x8023,0x8022,0x8002,0x8044,0x8023,0x8002,0x8002,0x8002,0x8002,0x8002,0x8023,0x8002,0x8002,
  0x8002,0x8002,0x8002,0x8002,0x8022,0x8022,0x8002,0x8002,0x8022,0x8022,0x8023,0x8022,0x8022,0x8023,0x8023,0x8023,
  0x8023,0x8023,0x8088,0x8024,0x8024,0x8023,0x8023,0x8023,0x8022,0x8022,0x8022,0x8002,0x8022,0x8022,0x8002,0x8002,
  0x8002,0x8002,0x8002,0x8002,0x8002,0x8002,0x8002,0x8002,0x8002,0x8002,0x8002,0x8002,0x8002,0x8002,0x8002,0x8002,
  0x8023,0x8023,0x8023,0x8023,0x8023,0x8023,0x8023,0x8023,0x8023,0x8002,0x8023,0x8023,0x8023,0x8023,0x8002,0x8002,
  0x8022,0x8023,0x8023,0x8023,0x8023,0x8022,0x8044,0x8046,0x8067,0x8067,0x8024,0x8046,0x8086,0x8CA6,0x8065,0x8CA4,
  0x8065,0x8065,0x8024,0x8045,0x8884,0x8884,0x9084,0x98A3,0x8C84,0x94A4,0x90A3,0x8C84,0x8884,0x8884,0x8064,0x8884,
  0x8884,0x8885,0x90A5,0x98A4,0xFF85,0xB0C3,0xDD80,0xC921,0xF685,0x9CA4,0x8865,0x8446,0x8046,0x8046,0x8045,0x8046,
  0x8066,0x8044,0x8023,0x8023,0x8023,0x8024,0x8023,0x8024,0x8023,0x8024,0x8047,0x8045,0x8023,0x8024,0x8046,0x8088,
  0x8088,0x8089,0x80AA,0x8023,0x8023,0x8024,0x8024,0x8023,0x8045,0x8067,0x8068,0x8088,0x8088,0x8067,0x8046,0x8046,
  0x8067,0x8067,0x8024,0x8046,0x8046,0x8045,0x8024,0x8024,0x8046,0x8046,0x8046,0x8046,0x8025,0x8025,0x88C5,0x8484,
  0xA0E4,0xB523,0x90E6,0x8CE6,0x84A6,0x8086,0x8CC5,0x88C5,0x90E5,0x90E5,0x98E6,0x9CC4,0x98E6,0xB103,0xB545,0x9CC6,
  0x8887,0xAD26,0xAD46,0xDDE4,0x98C5,0x98E5,0xA0E4,0x98E5,0x90A5,0xF620,0x88C7,0x8CA6,0x88A5,0x88A5,0x8085,0x84A6,
  0x8026,0x8046,0x8066,0x8046,0x8066,0x84C6,0x80C6,0x8046,0x8066,0x9507,0xA525,0x9525,0x8CE5,0x8086,0x8046,0x8026,
  0x8067,0x8067,0x8066,0x80A8,0x80CC,0x8047,0x8046,0x8046,0x8046,0x8044,0x8067,0x8046,0x8087,0x9D66,0x9945,0x9D46,
  0x9925,0x88A5,0x84A6,0x9548,0x9D66,0x8066,0x8046,0x8046,0x8046,0x8046,0x8046,0x80AA,0x8046,0x8046,0x80CC,0x80CC,
  0x80AB,0x80AB,0x8047,0x8046,0x808B,0x80CC,0x84CA,0x9948,0x80CC,0x80CC,0x806A,0x80CC,0x80AA,0xADEA,0x80AA,0x8069,
  0x8069,0x8069,0x8068,0x8069,0x8068,0x8068,0x8069,0x8069,0x8068,0x8068,0x8068,0x8068,0x80AB,0x80AC,0x8046,0x8047,
  0x8069,0x8089,0x8068,0x8067,0x80AB,0x808A,0x80AA,0x80AB,0x806A,0x806A,0x8069,0x80AA,0x998C,0xAD89,0xC1A6,0xF2E4,
  0x8D2B,0x892C,0x80EB,0x80AA,0x8D08,0x8909,0x80CA,0x80CA,0x80CB,0x892B,0x9549,0x9148,0x8D08,0x8D07,0x8088,0x80AA,
  0x80CC,0x890A,0x8D2A,0x9D8A,0x9DAA,0x9129,0xCAD4,0xCAD4,0x916B,0x99AB,0xA1CB,0xA1EB,0x80ED,0xAA0B,0x80CD,0x998D,
  0xA1AD,0x80EF,0x810F,0x8110,0x8110,0x8110,0x8110,0x8110,0x8110,0x8131,0x8110,0x8131,0x8110,0x8130,0x8131,0x8131,
  0x8531,0x8531,0x8551,0x8552,0x8552,0x8552,0x8552,0x8572,0x8572,0x8572,0x8572,0x9190,0x95B0,0xA5EF,0x8D92,0x8171,
  0x8572,0x9DCF,0x8172,0x8592,0x8993,0x8DD2,0xA230,0xA630,0xA630,0xA651,0x9E52,0x9636,0x81F9,0xCF16,0x8618,0x8A38,
  0xBEFB,0xBAFC,0xDB7D,0xB6FD,0xBF1D,0xC73E,0xCF7F,0xD79F,0xEFDF,0x871F,0x82DF,0x825F,0x81BD,0x817B,0x8138,0x8158,
  0x80F2,0x80AF,0x80AC,0x808B,0x806A,0x8089,0x8068,0x8067,0x8068,0x8046,0x8067,0x8024,0x8023,0x8023,0x8023,0x8023,
  0x8023,0x8089,0x8023,0x8023,0x8023,0x8022,0x8022,0x8002,0x8002,0x8002,0x8022,0x8022,0x8022,0x8022,0x8002,0x8002,
  0x8023,0x8023,0x8023,0x8023,0x8024,0x8023,0x8023,0x8023,0x8022,0x8022,0x8002,0x8002,0x8022,0x8002,0x8002,0x8022,
  0x8002,0x8022,0x8022,0x8002,0x8002,0x8002,0x8002,0x8022,0x8022,0x8002,0x8002,0x8002,0x8002,0x8022,0x8002,0x8002,
  0x8002,0x8023,0x8002,0x8002,0x8002,0x8002,0x8002,0x8002,0x8002,0x8002,0x8002,0x8002,0x8002,0x8022,0x8002,0x8022,
  0x8C64,0xE249,0x8044,0x8023,0x8001,0x8002,0x8465,0x8865,0x8002,0x8002,0x8002,0x8002,0x8002,0x8002,0x8002,0x8002,
  0x8002,0x8002,0x8002,0x8002,0x8002,0x8002,0x8002,0x8002,0x8022,0x8022,0x8003,0x8022,0x8002,0x8023,0x8023,0x8022,
  0x8023,0x8023,0x8046,0x8023,0x8023,0x8023,0x8023,0x8024,0x8002,0x8002,0x8002,0x8002,0x8002,0x8002,0x8024,0x8003,
  0x8002,0x8002,0x8002,0x8002,0x8002,0x8002,0x8002,0x8002,0x8002,0x8002,0x8002,0x8002,0x8024,0x8022,0x8002,0x8002,
  0x8085,0x8064,0x8044,0x8045,0x8024,0x8023,0x8024,0x8022,0x8022,0x8022,0x8022,0x8023,0x8023,0x8023,0x8022,0x8022,
  0x8022,0x8002,0x8023,0x8023,0x8023,0x8022,0x8046,0x8024,0x8003,0x8067,0x8087,0x84A5,0x9CE2,0x8CC5,0x8485,0x8024,
  0x8044,0x8064,0x8064,0x8064,0x8884,0x8884,0x8884,0x9CA4,0x9083,0x90A3,0x8084,0x8885,0x8884,0x8485,0x8065,0x8065,
  0x8485,0x8885,0x8C85,0x9CA4,0xA8C3,0xF641,0xFFDD,0xFFAE,0xB903,0xACE2,0x98C3,0x90A4,0x90A3,0x8045,0x8066,0x8066,
  0x8065,0x8065,0x8023,0x8023,0x8023,0x8023,0x8023,0x8023,0x8023,0x8023,0x8046,0x8046,0x8046,0x8023,0x8023,0x8068,
  0x8067,0x8024,0x8023,0x8089,0x8023,0x8023,0x8045,0x8024,0x8023,0x8046,0x8067,0x8046,0x8088,0x8068,0x8046,0x8046,
  0x8024,0x8046,0x8046,0x8046,0x8046,0x8046,0x8025,0x8046,0x8066,0x8003,0x8024,0x8046,0x8067,0x8067,0x94E5,0xA104,
  0xACE2,0xC562,0xA503,0x9CE4,0x98E5,0x94E4,0x8CC5,0x8CC5,0x8CC5,0x8CC6,0x9905,0x8CC5,0x8CA6,0xA0A4,0x98C6,0xD1C5,
  0x9CC6,0x9CC5,0xB125,0xA8E5,0xA8E4,0xB104,0x9CA3,0x8885,0x94A5,0x9CE4,0x8087,0xA125,0x84A5,0x84A5,0x88C5,0x84A6,
  0x84A6,0x8046,0x8025,0x80A4,0x84C5,0x8044,0x8086,0x8024,0x8045,0x8066,0x8087,0x8068,0x88C6,0x8CE5,0x8046,0x8026,
  0x8068,0x8046,0x8046,0x80A9,0x8046,0x8046,0x8046,0x8046,0x8044,0x8044,0x8045,0x8067,0x9927,0xA565,0x8465,0x8044,
  0x9506,0xDA45,0x84A7,0x8045,0x8025,0x90E5,0x8046,0x8046,0x8047,0x8046,0x8046,0x8047,0x8047,0x8046,0x8047,0x8067,
  0x80AB,0x80AB,0x808A,0x8025,0x8046,0x8067,0x84ED,0x954A,0x956A,0x80CD,0x80CC,0x8047,0x8047,0x8068,0x812E,0x8068,
  0x808A,0x810E,0x8069,0x8068,0x8069,0x8069,0x8069,0x8069,0x8069,0x8069,0x8069,0x8068,0x8089,0x8089,0x80AB,0x80AB,
  0x808A,0x8068,0x8067,0x8067,0x8046,0x80AB,0x80AB,0x80CD,0x80CD,0x80AD,0x80AD,0x80CB,0x916C,0xFB44,0x954B,0x954A,
  0xA127,0x98E7,0x9907,0x8909,0x8D29,0x8D09,0x8909,0x8909,0x88EA,0x84EA,0x9149,0x9169,0x8D29,0x8908,0x84EA,0x84EA,
  0x808A,0x84EA,0x8909,0x9549,0x8D08,0x9129,0x956A,0xB671,0xB66F,0xA1CD,0x916C,0xA1CB,0x9DCB,0x9DCB,0x9DCC,0x80AC,
  0x8D2D,0x80CE,0x80EF,0x8110,0x8110,0x8110,0x8110,0x810F,0x810F,0x8110,0x8130,0x80EF,0x80CD,0xC6B7,0x80EF,0x80CE,
  0xD31A,0x8D72,0x8551,0x8551,0x8552,0x8552,0x8572,0x8572,0x8573,0x8573,0x8573,0x8972,0x9190,0x8D90,0x8D91,0x91B1,
  0x8DB2,0x8D91,0x95B1,0x8594,0x8594,0x85D5,0x85F5,0x85F5,0x8DD4,0x91F3,0x9610,0xA230,0x8DD4,0xDB56,0xD735,0x8E38,
  0x8A17,0xBAFC,0xB6FC,0xCB3D,0xBF1D,0xAEDE,0xB2FE,0xCF7F,0xCF5F,0xEBDF,0xC77F,0x82DF,0x82FF,0x821F,0x81BD,0x819B,
  0x8117,0x8115,0x80D2,0x80AE,0x80AC,0x80AC,0x8068,0x8068,0x8068,0x8067,0x8046,0x8066,0x8067,0x8003,0x8023,0x8024,
  0x8024,0x8024,0x8024,0x8023,0x8023,0x8024,0x8023,0x8002,0x8023,0x8002,0x8002,0x8022,0x8022,0x8022,0x8002,0x8002,
  0x8023,0x8023,0x8023,0x8024,0x8464,0x8044,0x8024,0x8023,0x8023,0x8002,0x8022,0x8002,0x8022,0x8002,0x8022,0x8022,
  0x8023,0x8002,0x8002,0x8002,0x8002,0x8002,0x8002,0x8002,0x8002,0x8002,0x8002,0x8022,0x8002,0x8002,0x8002,0x8002,
  0x8002,0x8002,0x8002,0x8002,0x8002,0x8002,0x8002,0x8002,0x8002,0x8002,0x8022,0x8022,0x8002,0x8002,0x8002,0x8022,
  0x8864,0xB96A,0x8445,0x90A6,0x8002,0x8001,0x8066,0x8002,0x8002,0x8002,0x8022,0x8002,0x8002,0x8002,0x8002,0x8002,
  0x8022,0x8002,0x8002,0x8002,0x8022,0x8022,0x8002,0x8022,0x8002,0x8002,0x8002,0x8002,0x8002,0x8089,0x8022,0x8022,
  0x8023,0x8023,0x8046,0x8023,0x8023,0x8023,0x8002,0x8022,0x8002,0x8002,0x8022,0x8002,0x8002,0x8002,0x8047,0x8045,
  0x8002,0x8022,0x8002,0x8002,0x8002,0x8002,0x8002,0x8002,0x8002,0x8002,0x8002,0x8002,0x808A,0x8002,0x8002,0x8002,
  0x8045,0x8085,0x8065,0x8045,0x8023,0x8023,0x8023,0x8022,0x8022,0x8002,0x8023,0x8022,0x8023,0x8023,0x8022,0x8022,
  0x8023,0x8022,0x8023,0x8023,0x8023,0x8067,0x8047,0x8025,0x8002,0x8067,0x84A6,0x88C5,0x88C5,0xB942,0x98A3,0x8085,
  0x8023,0x8064,0x8064,0x8064,0x8044,0x8884,0x8884,0x90A4,0xFF43,0x9C82,0x8884,0x8085,0x8065,0x8485,0x8465,0x8065,
  0x8065,0x8086,0x94A4,0xA0C4,0xB0E2,0xFE80,0xFFDE,0xFF24,0xB903,0xA8E3,0x94A4,0x9084,0x8C84,0x8486,0x8046,0x8065,
  0x8065,0x8065,0x8023,0x8023,0x8023,0x8023,0x8023,0x8023,0x8023,0x8023,0x8046,0x8046,0x8046,0x8024,0x8024,0x8024,
  0x8046,0x8046,0x8046,0x8068,0x8067,0x8023,0x8046,0x8045,0x8045,0x8067,0x8024,0x8024,0x8024,0x8067,0x8067,0x8046,
  0x8045,0x8046,0x8066,0x8045,0x8046,0x8046,0x8046,0x8046,0x8066,0x8046,0x8024,0x8046,0x8067,0x8067,0x84C6,0x9905,
  0xC562,0xFFAA,0xA903,0x94C5,0x8CC6,0x90C5,0x8486,0x8CE5,0x88C5,0x90E6,0x90E6,0x84A5,0x88A6,0x94C6,0x94C6,0xEA44,
  0xD584,0xC902,0xF221,0xE9A1,0xBD24,0xBD44,0xA504,0x98E5,0x90C7,0x98E6,0x88C7,0x9106,0x8CE6,0x88E5,0x9505,0xA944,
  0x84A6,0x84A4,0x8023,0x80A4,0x84A5,0x8044,0x8023,0x8024,0x8045,0x80C8,0x9105,0x8088,0x8089,0x88E6,0x8088,0x80A9,
  0x8026,0x8046,0x8046,0x8046,0x8046,0x8046,0x8046,0x8046,0x8046,0x8044,0x8044,0x8046,0x80A9,0x8487,0x8045,0x8044,
  0x8044,0xEE24,0x8025,0x8045,0x84A5,0x8CC5,0x8046,0x8046,0x8047,0x8047,0x8047,0x8068,0x8047,0x8067,0x8047,0x8067,
  0x8046,0x80AB,0x8089,0x8045,0x8046,0x8089,0x80CD,0x80EC,0x8D2A,0x8D29,0x80CB,0x8047,0x8047,0x8067,0x8068,0x80CB,
  0x812E,0x8130,0x8069,0x8068,0x8068,0x8068,0x8068,0x8069,0x8069,0x8089,0x8089,0x8069,0x8089,0x8089,0x8069,0x808A,
  0x80CD,0x8068,0x8047,0x8067,0x8067,0x8046,0x8046,0x80AB,0x80AD,0x80AD,0x80CD,0x80CC,0x892C,0x9149,0x994A,0x9549,
  0x9129,0x9109,0x9109,0x852A,0x9149,0x8D49,0x9129,0x8D09,0x84E9,0x8D2A,0x9149,0x9149,0x80CA,0x8908,0x80AA,0x80EA,
  0x892A,0x8D29,0x9D89,0xA9C9,0x8D08,0x9129,0x9549,0x9D8B,0x84EB,0xB651,0xB22F,0xA1CB,0x956A,0x956B,0xA1CC,0x80AC,
  0x80CC,0x80CE,0x80CE,0x8110,0x810F,0x810F,0x810F,0x810F,0x810F,0x810F,0x810F,0x80EE,0x80EE,0xAA34,0xA214,0x91B2,
  0x9DD3,0x9171,0xCEF9,0xCAF9,0x8110,0x8552,0x8572,0x8572,0x8572,0x8572,0x8572,0x8572,0x8572,0x8D71,0xA1CF,0x99D0,
  0x91B1,0x8DB2,0x95D1,0x8174,0xEF9B,0xAA36,0xC6D9,0xB698,0x89B4,0x91D2,0x91F0,0x9A30,0x9A33,0x9A34,0xBA92,0xB693,
  0x89F5,0xA69A,0xBB1D,0xAADC,0xCB5D,0xCF7E,0xAEDD,0xCB5E,0xCF7F,0xD39F,0xE3DF,0xE3DF,0x875F,0x833F,0x821F,0x81BC,
  0x819B,0x8116,0x80F4,0x80D1,0x80AD,0x80AC,0x80AB,0x8089,0x8068,0x8046,0x8066,0x8046,0x8023,0x8067,0x8023,0x8024,
  0x8023,0x8023,0x8023,0x8044,0x8023,0x8023,0x8023,0x8023,0x8023,0x8023,0x8002,0x8002,0x8023,0x8022,0x8022,0x8022,
  0x8023,0x8023,0x8024,0x8044,0x98A4,0x9084,0x8045,0x8024,0x8023,0x8023,0x8022,0x8002,0x8022,0x8023,0x8022,0x8022,
  0x8022,0x8002,0x8002,0x8002,0x8002,0x8002,0x8022,0x8002,0x8002,0x8022,0x8002,0x8002,0x8002,0x8002,0x8022,0x8002,
  0x8002,0x8002,0x8002,0x8022,0x8002,0x8022,0x8002,0x8002,0x8002,0x8002,0x8002,0x8022,0x8002,0x8002,0x8022,0x8022,
  0x8022,0x8466,0x8002,0x8022,0x8002,0x8002,0x8887,0x8023,0x8022,0x8002,0x8002,0x8022,0x8002,0x8002,0x8002,0x8002,
  0x8002,0x8002,0x8022,0x8022,0x8002,0x8022,0x8022,0x8002,0x8022,0x8002,0x8002,0x8002,0x8002,0x8002,0x8002,0x8002,
  0x8023,0x8023,0x8023,0x8023,0x8022,0x8002,0x8002,0x8002,0x8002,0x8002,0x8002,0x8002,0x8002,0x8002,0x8002,0x8002,
  0x8022,0x8002,0x8002,0x8002,0x8002,0x8022,0x8022,0x8022,0x8002,0x8002,0x8002,0x8002,0x8022,0x8002,0x8002,0x8002,
  0x8045,0x9082,0x8045,0x8045,0x8044,0x8044,0x8044,0x8044,0x8002,0x8022,0x8002,0x8023,0x8022,0x8022,0x8023,0x8023,
  0x8023,0x8022,0x8022,0x8023,0x8023,0x8023,0x8003,0x8003,0x8003,0x8046,0x8045,0x88C5,0x8CA5,0x94C4,0x8CA4,0x8085,
  0x8065,0x8064,0x8064,0x8065,0x8065,0x8CA4,0x88A4,0x8C84,0x9083,0x9482,0x8C83,0x8884,0x8C84,0x8045,0x8046,0x8065,
  0x8065,0x8485,0x9084,0x98A4,0x9CA3,0xA4C3,0xB8E2,0xA4A4,0x9883,0xA8C3,0x8C85,0x8445,0x8465,0x8046,0x8026,0x8066,
  0x8066,0x8023,0x8023,0x8023,0x8066,0x8023,0x8023,0x8023,0x8023,0x8023,0x8024,0x8045,0x8046,0x8066,0x8024,0x8024,
  0x8067,0x8067,0x8045,0x8024,0x8045,0x8046,0x8044,0x8045,0x8046,0x8067,0x8024,0x8024,0x8067,0x8067,0x8067,0x8066,
  0x8045,0x8046,0x8066,0x8046,0x8046,0x8046,0x8046,0x8046,0x8046,0x8046,0x8025,0x8066,0x8087,0x8086,0x8CE5,0x90E5,
  0x90C4,0xA0E4,0xB943,0x8CC6,0x84A6,0x8486,0x8CE5,0x8CE5,0x90E5,0x9505,0x90C5,0x8CC6,0x8CC7,0xB0E3,0x9CE7,0xA505,
  0xA106,0xFA83,0xFFFE,0xFFCD,0xB545,0xA905,0xA4E5,0x9CE5,0x8CC7,0x94E6,0xC962,0x90E5,0x94E5,0xB522,0x90A4,0x8024,
  0x8025,0x8025,0x8003,0x8024,0x8046,0x8045,0x8024,0x8025,0x8045,0x8047,0x8089,0x80A9,0x8088,0x8CE6,0x84A6,0x8087,
  0x8068,0x8067,0x8046,0x8046,0x8046,0x8046,0x8046,0x8046,0x8067,0x8045,0x8045,0x8047,0x8068,0x8067,0x8046,0x8045,
  0x8045,0x8045,0x8066,0x88E6,0x84A6,0x8066,0x8067,0x8067,0x8067,0x8046,0x8047,0x8047,0x8047,0x8047,0x8067,0x8046,
  0x8047,0x8067,0x8046,0x8046,0x80AB,0x80CC,0x80CD,0x80ED,0x890C,0x9548,0x80AB,0x80CA,0x80A9,0x8067,0x8067,0x8089,
  0x810E,0x80AA,0x8068,0x84ED,0x850E,0x8068,0x8068,0x8068,0x8069,0x8069,0x8089,0x8089,0x8069,0x8068,0x8068,0x808A,
  0x808A,0x8068,0x8067,0x8068,0x8068,0x8089,0x8068,0x8047,0x8068,0x808A,0x80CE,0x80CD,0x850B,0x916A,0xCE47,0x8D09,
  0x890A,0x80C9,0x80CA,0x80CB,0xC585,0x994A,0x912A,0x912A,0x8D2A,0x956A,0xE2A6,0x994A,0x9529,0x8D09,0x80AA,0x808A,
  0x80CA,0x8D4A,0x890B,0x8D2A,0x808A,0x88E8,0x88E8,0x914A,0x88EB,0x954D,0xAE2F,0x956B,0x998A,0x914B,0xA1CB,0x8D2C,
  0x890D,0x80EE,0x80EE,0x80EF,0x810F,0x810F,0x810F,0x810F,0x810F,0x810F,0x810F,0x810F,0x80EE,0x80EF,0x95B3,0xBEB7,
  0xBA97,0xB677,0x95B3,0xB677,0x8131,0x8131,0xA1F4,0x8972,0x8152,0x8552,0x8552,0x8552,0x8572,0x8572,0x8972,0x99B0,
  0xA1CF,0x95B1,0x8DB2,0x8174,0x9591,0xAE52,0xCF18,0xCAF9,0xBA97,0xBA76,0x95F1,0x9A31,0xC718,0xB6D8,0x9A35,0xA211,
  0xAA30,0x8DF4,0xA279,0xB2FC,0x967B,0xCB3C,0xCB1C,0xC31C,0xC33E,0xCB5E,0xCF7F,0xD37F,0xF7FF,0x975F,0x833F,0x82BF,
  0x823F,0x817B,0x8117,0x8115,0x80D1,0x80CF,0x80CD,0x80CC,0x80AB,0x808A,0x8047,0x8066,0x8066,0x8046,0x8045,0x8045,
  0x8024,0x8045,0x8045,0x8024,0x80A9,0x8023,0x8023,0x8023,0x8023,0x8023,0x8023,0x8002,0x8002,0x8002,0x8022,0x8002,
  0x8023,0x8023,0x8044,0x8043,0xB0E3,0xAD04,0x8045,0x8044,0x8024,0x8023,0x8023,0x8002,0x8022,0x8002,0x8022,0x8022,
  0x8002,0x8002,0x8002,0x8002,0x8002,0x8002,0x8002,0x8002,0x8002,0x8002,0x8002,0x8002,0x8002,0x8002,0x8022,0x8022,
  0x8022,0x8002,0x8002,0x8002,0x8002,0x8022,0x8002,0x8022,0x8002,0x8002,0x8002,0x8022,0x8002,0x8002,0x8002,0x8022,
  0x8022,0x8022,0x8022,0x8022,0x8022,0x8002,0x88A8,0x8023,0x8023,0x8022,0x8002,0x8002,0x8002,0x8002,0x8002,0x8002,
  0x8002,0x8002,0x8002,0x8002,0x8002,0x8002,0x8002,0x8002,0x8022,0x8002,0x8002,0x8002,0x8002,0x8002,0x8002,0x8002,
  0x8002,0x8023,0x8045,0x8022,0x8022,0x8023,0x8002,0x8002,0x8022,0x8002,0x8002,0x8002,0x8002,0x8002,0x8002,0x8002,
  0x8002,0x8002,0x8002,0x8022,0x8022,0x8022,0x8022,0x8002,0x8022,0x8002,0x8002,0x8022,0x8022,0x8002,0x8002,0x8002,
  0x8024,0xC500,0x8464,0x8064,0x8043,0x8043,0x8044,0x8044,0x8044,0x8023,0x8023,0x8002,0x8002,0x8002,0x8023,0x8023,
  0x8023,0x8022,0x8002,0x8002,0x8002,0x8002,0x8023,0x8023,0x8024,0x8067,0x8065,0x98C3,0xC922,0x8483,0x84A4,0x8085,
  0x8044,0x8023,0x8065,0x8065,0x88A4,0x90A3,0x94A3,0x94A3,0x8862,0xF262,0x8C83,0x8883,0x8C84,0x8045,0x8045,0x94A2,
  0x9083,0x98A3,0x8C84,0x8885,0x8C64,0xB4E1,0xA4A3,0xA0A3,0x9084,0xA8C2,0xBD02,0x8844,0x8045,0x8025,0x8046,0x8066,
  0x8066,0x8024,0x8023,0x8023,0x8045,0x8023,0x8023,0x8023,0x8024,0x8023,0x8023,0x8024,0x8046,0x8025,0x8024,0x8024,
  0x8046,0x8068,0x8045,0x8024,0x8024,0x8023,0x8023,0x8024,0x8024,0x8067,0x8068,0x8045,0x8023,0x8045,0x8068,0x8067,
  0x8045,0x8045,0x8046,0x8046,0x8046,0x8046,0x8046,0x8024,0x8026,0x8046,0x8004,0x8087,0x8066,0x9D04,0xAD63,0x8CE6,
  0x88C6,0x8CC5,0xAD23,0x98E5,0x8885,0x8485,0x88A4,0x8CE5,0x9105,0x94E5,0x90C4,0x9CC3,0x9085,0xF202,0xB148,0xC165,
  0xAD28,0xC946,0xF6E6,0xD143,0xFEE4,0xA4E4,0x9CE5,0x98C5,0x8CC6,0x98E6,0xA4E4,0x94C4,0xA0C5,0xC561,0x98E4,0x8025,
  0x8025,0x8046,0x8024,0x8024,0x8047,0x8067,0x8067,0x8024,0x8045,0x8067,0x8068,0x8089,0x8048,0x8066,0x84A6,0x8046,
  0x8068,0x8067,0x8047,0x8067,0x8067,0x8067,0x8047,0x8046,0x8046,0x8046,0x8046,0x8046,0x8045,0x8045,0x8046,0x8045,
  0x8045,0x84C9,0x8066,0x8024,0x8046,0x8046,0x8067,0x8067,0x8067,0x8067,0x8047,0x8047,0x8046,0x8047,0x8047,0x8047,
  0x8047,0x8047,0x80AB,0x80CD,0x8068,0x80CC,0x80CC,0x80CC,0x80CC,0x9548,0x80CA,0x80CA,0x80C9,0x8068,0x8068,0x808A,
  0x80EE,0x80CC,0x8067,0x8046,0x80AA,0x8068,0x8068,0x8068,0x8068,0x8069,0x8069,0x8069,0x8069,0x8068,0x8068,0x808B,
  0x80AB,0x8068,0x8068,0x8068,0x80ED,0x80CD,0x80CC,0x8046,0x8047,0x80AC,0x80AD,0x80AC,0x88E9,0x956A,0xFF47,0x84CA,
  0x84EA,0x80EA,0x84EA,0x80CA,0x84EA,0x88EC,0xFF05,0x9D29,0x9D49,0xB587,0xB167,0x9D49,0x9528,0x84C9,0x84CA,0x84C9,
  0x80A9,0x88E9,0x9129,0x84CA,0x806A,0x8908,0x8909,0x890A,0x88EA,0x8D2A,0xA1CD,0x998C,0x996B,0x8D2B,0x9DAA,0x9DCB,
  0xA1CB,0x80EF,0x80EF,0x80EF,0x80EF,0x80EF,0xAE14,0x80EE,0x810F,0x810F,0x810F,0x80EF,0x80CD,0x80CD,0x812F,0xBEB7,
  0xBA97,0xAE36,0xB276,0xBA97,0x8110,0x8551,0x8110,0xAE34,0x8110,0x8130,0x8110,0x8552,0x8572,0x8572,0x8572,0x8972,
  0x8972,0x8D92,0x8DB2,0x8972,0x8132,0x99F0,0xBAB5,0xCF18,0xCF19,0xD33A,0x99F3,0x95F2,0xC719,0xD339,0xD339,0x9E37,
  0x9A10,0x95F2,0x91F3,0xCB3A,0x9239,0xBEDB,0xC71C,0xC31C,0xAEBC,0xBF1D,0xCF5E,0xD37E,0xD79F,0xEFFF,0xAF9F,0x873F,
  0x829F,0x81FD,0x819C,0x817B,0x80F4,0x80D2,0x8112,0x80AD,0x80AC,0x808C,0x80AB,0x8067,0x8067,0x8046,0x8045,0x8046,
  0x8025,0x8024,0x8023,0x8024,0x8023,0x8023,0x8023,0x8023,0x8022,0x8023,0x8023,0x8024,0x8002,0x8002,0x8023,0x8045,
  0x8044,0x8065,0x8465,0xB903,0xFFFF,0xFFFE,0xCD43,0x8C63,0x8044,0x8045,0x8024,0x8022,0x8023,0x8002,0x8002,0x8002,
  0x8002,0x8002,0x8002,0x8002,0x8002,0x8002,0x8022,0x8002,0x8002,0x8002,0x8002,0x8002,0x8002,0x8002,0x8002,0x8002,
  0x8002,0x8002,0x8002,0x8002,0x8002,0x8002,0x8002,0x8002,0x8022,0x8002,0x8002,0x8002,0x8002,0x8002,0x8022,0x8022,
  0x8022,0x8022,0x8022,0x8022,0x8022,0x8022,0x88A8,0x8023,0x8023,0x8023,0x8023,0x8023,0x8002,0x8002,0x8002,0x8002,
  0x8002,0x8002,0x8002,0x8002,0x8022,0x8002,0x8002,0x8002,0x8002,0x8002,0x8002,0x8002,0x8023,0x8002,0x8002,0x8002,
  0x8022,0x8022,0x8024,0x8022,0x8002,0x8002,0x8002,0x8002,0x8022,0x8002,0x8002,0x8002,0x8002,0x8002,0x8002,0x8002,
  0x8002,0x8002,0x8002,0x8002,0x8002,0x8022,0x8002,0x8002,0x8002,0x8002,0x8002,0x8002,0x8002,0x8002,0x8002,0x8002,
  0x8023,0x8023,0x8422,0x8C63,0x8C63,0x8C63,0x8863,0x8863,0x8043,0x9882,0x8023,0x8023,0x8022,0x8022,0x8023,0x8022,
  0x8023,0x8022,0x8002,0x8022,0x8002,0x8002,0x8023,0x8087,0x80A5,0x8086,0x9D03,0x8CA4,0x88A4,0x8484,0x84A4,0x84A4,
  0x8064,0x8085,0x8085,0x8065,0x90A3,0x90A3,0x9CE3,0x98C2,0x90A3,0x90A3,0x90A3,0x8CA3,0x90A3,0x9083,0x94A3,0x8484,
  0x8065,0x8065,0x8465,0x8464,0xA8A2,0x8C84,0x9084,0x9CC3,0x8465,0x8884,0x8C84,0x94A4,0x8045,0x8046,0x8045,0x8024,
  0x8023,0x8023,0x8023,0x8023,0x8045,0x8023,0x8023,0x8023,0x8023,0x8023,0x8023,0x8024,0x8024,0x8025,0x8025,0x8023,
  0x8023,0x8067,0x8066,0x8023,0x8024,0x8024,0x8024,0x8024,0x8024,0x8023,0x8024,0x8024,0x8046,0x8024,0x8088,0x8068,
  0x8024,0x8024,0x8066,0x8046,0x8046,0x8024,0x8045,0x80C8,0x84C5,0x88C5,0x88C6,0x8CE6,0x90E6,0xD602,0x94E6,0x8086,
  0x84C6,0x88A5,0x94C3,0x9CE3,0x8CA5,0x8CA5,0x8CA4,0x8CC4,0x90E5,0xFF67,0x94A4,0x90A5,0x90A6,0x8CA6,0x8466,0x98C9,
  0xA0E9,0xB127,0xB525,0xAD04,0x9CE5,0xACE3,0xA0C4,0x9CC5,0x98E6,0x9CE5,0xBD42,0xA8E4,0xA4E4,0x9905,0x9505,0x9506,
  0x84A6,0x80A8,0x8047,0x8046,0x8046,0x8067,0x8047,0x8045,0x8046,0x8068,0x8068,0x84C7,0x84C8,0x80A9,0x8047,0x8067,
  0x8046,0x8046,0x8088,0x8088,0x8067,0x8067,0x8046,0x8046,0x8046,0x8045,0x8046,0x8046,0x8046,0x8046,0x8045,0x8045,
  0x8025,0x8046,0x8045,0x8045,0x8067,0x8067,0x8067,0x8067,0x8067,0x8067,0x8067,0x8067,0x8067,0x8067,0x8067,0x8067,
  0x8046,0x8046,0x80CC,0x80EC,0x80CB,0x8088,0x80CD,0x80ED,0x80EC,0x8048,0x890B,0x850A,0x890A,0x8089,0x8068,0x8069,
  0x80ED,0x80CB,0x9170,0x9150,0x8067,0x8068,0x8068,0x8068,0x8068,0x8068,0x8069,0x8069,0x8069,0x8069,0x8068,0x8089,
  0x80AB,0x80AB,0x8089,0x8068,0x80EE,0x80CC,0x80AB,0x8025,0x8045,0x80AC,0x80AB,0x80AB,0x994A,0x956B,0x88EA,0xC22B,
  0x810B,0x80E9,0x9528,0x9128,0x9128,0x8D2A,0x8D4A,0x9948,0x9908,0xFB45,0xBDA8,0xA989,0x9D49,0x9569,0x9549,0x84E9,
  0x84C9,0x8D08,0x8D08,0x80AA,0x88E9,0x8D09,0xA1A9,0x84EA,0x8D2A,0x8D4A,0xA1EC,0xA1CC,0x890B,0x912B,0xA9EB,0x998A,
  0xA5CC,0x8D4D,0x9D8B,0x80CD,0x80CE,0x80EE,0xA1F3,0x8950,0x850F,0x80EE,0x810F,0x810F,0x810F,0x80AD,0x80CE,0x810F,
  0xBA98,0xB677,0xB677,0x9DF4,0xBE97,0xC6D8,0x80EE,0x8130,0x99D3,0x8151,0x8131,0x8152,0x8152,0x8572,0x8573,0x8992,
  0x8972,0x8972,0x8972,0x8971,0x8D71,0xBEB3,0x8592,0xB2B4,0xD33A,0xCF1A,0xD31A,0x8DD4,0x9A14,0xC6F6,0xCF19,0xD33A,
  0x89F4,0x91F2,0x9634,0xD715,0x8619,0x85F9,0x9A39,0xC31B,0xC31B,0xA2BC,0xAEDD,0xBB1D,0xD37E,0xCF5E,0xE3BF,0xF7FF,
  0x82FF,0x831F,0x823F,0x81BD,0x819B,0x8116,0x80F3,0x80D0,0x80AC,0x80AC,0x8069,0x8068,0x8068,0x8068,0x8068,0x8024,
  0x8045,0x8067,0x8023,0x8024,0x8023,0x8023,0x8023,0x8023,0x8023,0x8023,0x8023,0x8024,0x8044,0x8023,0x8023,0x8023,
  0x8023,0x8023,0x8044,0x8044,0xA4C3,0x9882,0x8444,0x8024,0x8023,0x8023,0x8022,0x8002,0x8002,0x8002,0x8022,0x8002,
  0x8002,0x8002,0x8002,0x8002,0x8002,0x8002,0x8022,0x8002,0x8002,0x8002,0x8002,0x8002,0x8002,0x8002,0x8002,0x8002,
  0x8002,0x8002,0x8002,0x8022,0x8022,0x8002,0x8002,0x8002,0x8002,0x8022,0x8002,0x8022,0x8002,0x8002,0x8022,0x8002,
  0x8022,0x8022,0x8022,0x8022,0x8022,0x8022,0x88A8,0x8023,0x8023,0x8023,0x8023,0x8022,0x8022,0x8002,0x8002,0x8002,
  0x8002,0x8002,0x8002,0x8002,0x8002,0x8002,0x8002,0x8001,0x8002,0x8002,0x8002,0x8022,0x8002,0x8002,0x8002,0x8002,
  0x8002,0x8022,0x8024,0x8002,0x8002,0x8002,0x8002,0x8002,0x8002,0x8002,0x8002,0x8002,0x8002,0x8002,0x8002,0x8002,
  0x8002,0x8002,0x8002,0x8002,0x8002,0x8002,0x8022,0x8002,0x8002,0x8002,0x8002,0x8002,0x8002,0x8002,0x8002,0x8002,
  0x8024,0x8023,0xC0C1,0x8C63,0x9083,0x9083,0x8C83,0x8C63,0x9483,0x8C63,0x8023,0x8023,0x8043,0x8023,0x8023,0x8023,
  0x8023,0x8023,0x8023,0x8023,0x8023,0x8002,0x8023,0x8044,0x8065,0x8066,0x8024,0x8045,0x8086,0x8CC4,0x94C3,0x94A3,
  0x8464,0x88A5,0x8485,0x8CA4,0x90A3,0x90A3,0x90A3,0xA0E2,0x9082,0x94A2,0x9083,0x9083,0x8045,0x8024,0x8C83,0x8064,
  0x8044,0x8065,0x8464,0x98A3,0xBD02,0x8C84,0x8CA4,0x8CA4,0x8885,0x8884,0x8484,0x8464,0xFE01,0x8023,0x8044,0x8023,
  0x8023,0x8023,0x8023,0x8023,0x8024,0x8023,0x8023,0x8023,0x8023,0x8024,0x8023,0x8023,0x8024,0x8024,0x8024,0x8023,
  0x8023,0x8046,0x8046,0x8045,0x8023,0x8023,0x8023,0x8024,0x8023,0x8023,0x8023,0x8023,0x8023,0x8023,0x8045,0x8088,
  0x8088,0x8068,0x8068,0x8024,0x8067,0x8024,0x8045,0x84A6,0x9105,0x88C5,0x88C6,0x88C6,0x88E6,0x88E6,0x8CE6,0x84E7,
  0x88E6,0x88E5,0x88C5,0x9D05,0x90C5,0x90A5,0x94E4,0xFF05,0xB524,0x94E6,0x90C6,0x88A7,0x8CA7,0x8CA6,0x8CC7,0x8CC8,
  0x9CE8,0x9CA5,0xFEC3,0xA0E6,0x9CE5,0x9CE6,0xC983,0xBCE2,0xA904,0xB923,0xB103,0xA0E5,0x9D05,0x9905,0x9105,0x88A5,
  0x8CC6,0x88A6,0x8046,0x8067,0x8067,0x8067,0x8047,0x8046,0x8046,0x8067,0x8068,0x8088,0x8088,0x8068,0x8047,0x8046,
  0x8046,0x8067,0x8067,0x8067,0x8067,0x8047,0x8046,0x8046,0x8046,0x8045,0x8046,0x8046,0x8066,0x8046,0x8046,0x8045,
  0x8045,0x8046,0x8046,0x8067,0x8067,0x8067,0x8067,0x8067,0x8067,0x8067,0x8067,0x8067,0x8067,0x8067,0x8067,0x8067,
  0x8067,0x8047,0x8046,0x80CB,0x80ED,0x80CB,0x8046,0x80AA,0x8047,0x84C9,0x850A,0x84EA,0x80C9,0x84EA,0x8047,0x8068,
  0x8068,0x8089,0x9591,0x9571,0x8068,0x8068,0x8068,0x8068,0x8068,0x95B4,0x8069,0x8068,0x8069,0x8069,0x8068,0x8068,
  0x8089,0x80AB,0x80AA,0x8067,0x80CC,0x808A,0x80AB,0x8046,0x8D05,0x84EC,0x808C,0xA9CC,0xC6D5,0xD738,0x998E,0x890C,
  0x8D2A,0x9968,0xA1A8,0x80CB,0x80AA,0x806A,0x80AA,0xADA7,0xADA7,0xA989,0x808A,0x848B,0xDA66,0x9CE6,0x9528,0x9108,
  0x9948,0xA167,0x8D29,0x8D29,0x9129,0x8D28,0x890A,0x912A,0x914A,0x8D4A,0x8D4A,0xB66F,0x84EB,0x892B,0x914B,0x914B,
  0x914B,0xBA4D,0x9D89,0x954C,0x80CD,0x80CD,0x850F,0xBA77,0xC2B8,0x80EF,0x80EF,0x8110,0x8110,0x80EF,0x80CE,0x80EE,
  0xB656,0xB256,0xBEB7,0x99D4,0xA1F4,0xC6D9,0xC2D9,0xBAB8,0x8552,0x8130,0xD2F7,0x8131,0x8132,0x8152,0x8993,0x8152,
  0x8551,0x8972,0x8972,0x8971,0x9591,0x8132,0x8132,0x91AF,0xAE72,0xC2F7,0xCB1A,0xCB1A,0xCB16,0xC6F7,0xD339,0xD33A,
  0xD75B,0xCB1A,0x9A55,0xBAB4,0xBF19,0x85F8,0x85D8,0xC719,0xBEFB,0xBEFB,0xAABB,0xAADD,0xC75E,0xCF5E,0xCF5E,0xD79F,
  0xEBDF,0x9B7F,0x833F,0x82DF,0x819C,0x81DD,0x8115,0x8115,0x80F2,0x80AD,0x80AC,0x80AC,0x8068,0x8068,0x8068,0x8067,
  0x8067,0x8047,0x8046,0x8024,0x8024,0x8023,0x8023,0x8024,0x8046,0x8023,0x8024,0x8024,0x8023,0x8023,0x8023,0x8023,
  0x8023,0x8023,0x8023,0x8044,0x8C64,0x8464,0x8044,0x8024,0x8023,0x8023,0x8022,0x8002,0x8002,0x8022,0x8002,0x8022,
  0x8002,0x8022,0x8022,0x8002,0x8002,0x8022,0x8022,0x8002,0x8002,0x8002,0x8002,0x8002,0x8002,0x8022,0x8002,0x8002,
  0x8002,0x8002,0x8022,0x8022,0x8002,0x8022,0x8002,0x8022,0x8022,0x8022,0x8022,0x8023,0x8023,0x8023,0x8022,0x8022,
  0x8022,0x8022,0x8022,0x8023,0x8023,0x8023,0x88A7,0x8023,0x8023,0x8023,0x8023,0x8023,0x8022,0x8022,0x8002,0x8002,
  0x8022,0x8002,0x8002,0x8022,0x8022,0x8022,0x8000,0x871F,0x8023,0x8002,0x8002,0x8022,0x8002,0x8002,0x8022,0x8002,
  0x8022,0x8022,0x8023,0x8022,0x8002,0x8022,0x8002,0x8002,0x8022,0x8022,0x8002,0x8002,0x8002,0x8002,0x8002,0x8002,
  0x8002,0x8002,0x8002,0x8002,0x8022,0x8022,0x8022,0x8002,0x8002,0x8002,0x8002,0x8022,0x8002,0x8002,0x8022,0x8002,
  0x8024,0x8044,0x8443,0x9C82,0xA4A2,0x9CA2,0x9C82,0xB0E2,0x8C63,0x8C63,0x8464,0x8023,0x8044,0x8043,0x8023,0x8002,
  0x8022,0x8023,0x8023,0x8002,0x8002,0x8002,0x8023,0x8023,0x8066,0x8067,0x8045,0x8024,0x8046,0x9D02,0xE6A3,0xA8E2,
  0x94C3,0x94C3,0x94C3,0x90C3,0x94C3,0xA903,0xA4E3,0xA4E3,0xFFE5,0x8884,0x9483,0x9083,0x8044,0x8464,0x8464,0x8064,
  0x8044,0x8044,0x8064,0x8065,0x8465,0x8485,0x8485,0x8085,0x8066,0x8064,0x8484,0x8484,0x8084,0x8024,0x8023,0x8003,
  0x8023,0x8023,0x8023,0x8023,0x8023,0x8023,0x8023,0x8023,0x8024,0x8023,0x8023,0x8023,0x8023,0x8024,0x8024,0x8024,
  0x8023,0x8023,0x8047,0x8068,0x8024,0x8024,0x8024,0x8024,0x8045,0x8024,0x8023,0x8023,0x8023,0x8023,0x8023,0x8024,
  0x8045,0x8024,0x8068,0x8067,0x8067,0x8023,0x8002,0x8067,0x80A7,0x8CE5,0x88A6,0x8086,0x9904,0x88E6,0x88E5,0x8084,
  0x88E5,0x88E5,0x8CE5,0x94E4,0xFAC5,0xCD63,0xD181,0x94C5,0x90C5,0x90E5,0x8CE5,0x88C5,0x88A6,0x8CA5,0x88A6,0x8CA7,
  0x90C7,0x9CE7,0x9D07,0x9CE7,0x8088,0x8CA7,0x98C6,0x94C5,0x9CA4,0xFFD5,0xB8C2,0xB123,0x9CE4,0x94E4,0x84A5,0x8066,
  0x8045,0x8045,0x8046,0x8067,0x8067,0x8067,0x8046,0x8047,0x8046,0x8046,0x8046,0x8068,0x8046,0x8046,0x8046,0x8046,
  0x8066,0x8067,0x8046,0x8067,0x8046,0x8046,0x8046,0x8046,0x8047,0x8046,0x8067,0x8067,0x8067,0x8046,0x8046,0x8046,
  0x8046,0x8046,0x8066,0x8067,0x8067,0x8067,0x8067,0x8067,0x8067,0x8067,0x8067,0x8067,0x8067,0x8047,0x8067,0x8047,
  0x8067,0x8067,0x8067,0x8067,0x8067,0x8067,0x8067,0x8046,0x80CC,0x8046,0x8087,0x80EB,0x80EA,0x80CA,0x80CB,0x8047,
  0x8047,0x8047,0x8068,0x8D50,0x8D50,0x8D2E,0x8068,0x8068,0x8067,0x8068,0x890E,0x8047,0x8068,0x8068,0x8068,0x8068,
  0x8068,0x80AA,0x80AB,0x8068,0x8089,0x8068,0x8068,0x80CC,0x80CC,0x996C,0xA9CC,0xA5AB,0x9D8A,0xA1CC,0xAA10,0xB252,
  0x9D8B,0x9DA8,0x808A,0x8069,0x8049,0x80CF,0x80CE,0x80AC,0x808A,0x9968,0x892B,0x80AA,0x8089,0xD647,0x9528,0x9D28,
  0x9108,0xA568,0x8D49,0x9149,0x9129,0x9129,0x8089,0x890B,0xA986,0x8CC7,0x8CE9,0x9D8B,0xA9EC,0x9D6C,0x8D0A,0x8D2A,
  0x8D4A,0x892A,0x80EA,0xA5AA,0xADE9,0x80ED,0x80EE,0xBEB8,0xBEB8,0xB256,0x80EF,0x9192,0xB677,0x8110,0x80CE,0x80CD,
  0x9592,0xB256,0xAA35,0xBEB8,0xCAD9,0xBA98,0xB697,0x91B3,0xC2B8,0xC6D8,0xCEF9,0x8132,0x8152,0x8132,0x8131,0x8131,
  0x8110,0x8972,0x8972,0x8972,0x8972,0x8972,0x8552,0x8552,0xB6B6,0xBED7,0xBED6,0xBAB5,0xA251,0xC6F8,0xD33A,0xD33A,
  0xD33B,0xD33B,0xDB7B,0x9615,0xCF5A,0x85D8,0x85D7,0x89F8,0x9638,0x95F8,0xBAFC,0xAEBC,0xAEDD,0xC33E,0xCB5E,0xCF7F,
  0xD79F,0xEFFF,0xCFDF,0x831F,0x82BF,0x825F,0x819C,0x8159,0x8115,0x80B0,0x80AE,0x80AD,0x808B,0x808A,0x80AB,0x8067,
  0x8047,0x8046,0x8024,0x8047,0x8024,0x8023,0x8023,0x8023,0x8024,0x8024,0x8044,0x8024,0x8023,0x8023,0x8023,0x8023,
  0x8023,0x8023,0x8023,0x8023,0x8044,0x8044,0x8024,0x8023,0x8023,0x8023,0x8023,0x8002,0x8002,0x8022,0x8023,0x8002,
  0x8002,0x8022,0x8002,0x8002,0x8002,0x8002,0x8022,0x8002,0x8022,0x8022,0x8002,0x8022,0x8002,0x8023,0x8002,0x8002,
  0x8022,0x8022,0x8002,0x8023,0x8023,0x8023,0x8023,0x8022,0x8022,0x8022,0x8002,0x8022,0x8022,0x8022,0x8022,0x8023,
  0x8023,0x8023,0x8023,0x8023,0x8023,0x8002,0x98C5,0x8023,0x8023,0x8023,0x8023,0x8023,0x8023,0x8023,0x8022,0x8022,
  0x8002,0x8022,0x8002,0x8002,0x8002,0x8002,0x8002,0x8002,0x8002,0x8002,0x8002,0x8002,0x8002,0x8002,0x8022,0x8002,
  0x8022,0x8002,0x8023,0x8002,0x8002,0x8002,0x8002,0x8002,0x8002,0x8002,0x8022,0x8002,0x8002,0x8002,0x8002,0x8002,
  0x8002,0x8002,0x8002,0x8002,0x8022,0x8022,0x8022,0x8002,0x8002,0x8002,0x8022,0x8002,0x8002,0x8022,0x8022,0x8002,
  0x8044,0x8044,0x8443,0x8C63,0x9483,0xEDC0,0xE161,0xB8E1,0x9083,0x8C63,0x8443,0x8863,0x8043,0x8043,0x8002,0x8002,
  0x8002,0x8023,0x8002,0x8002,0x8002,0x8002,0x8023,0x8045,0x8023,0x8067,0x8046,0x8046,0x8067,0xB561,0xA0E3,0x94C3,
  0x98C3,0x98C2,0x90A3,0x90A3,0x90A3,0x94A2,0xF6C5,0xFF27,0x98A3,0x98A3,0x8C83,0x9083,0x8C84,0x8864,0x8884,0x8044,
  0x8044,0x8065,0xB4E2,0x8065,0x8065,0x8085,0x8085,0x8085,0x8046,0x8045,0x8484,0x8484,0x8084,0x8084,0x8024,0x8002,
  0x8002,0x8022,0x8022,0x8023,0x8003,0x8023,0x8066,0x8023,0x8023,0x8023,0x8023,0x8023,0x8023,0x8023,0x8023,0x8023,
  0x8023,0x8023,0x8023,0x8023,0x8046,0x8024,0x8045,0x8045,0x8045,0x8024,0x8023,0x8023,0x8023,0x8023,0x8023,0x8023,
  0x8024,0x8023,0x8068,0x8045,0x8002,0x8003,0x8067,0x8088,0x8088,0x8088,0x8067,0x8067,0x88A6,0x8023,0x88C5,0x88C5,
  0x8CE5,0x8CE5,0x90C4,0x90C5,0x98C4,0xAD04,0x90C4,0x90C4,0x90C4,0x84A5,0x8CC5,0x88C5,0x8084,0x88A5,0x88A5,0x8486,
  0x90C7,0x9CE7,0x8089,0x8488,0x8CA8,0x8CA7,0x90A5,0x8C85,0x94C5,0xA482,0xACE4,0x9CC3,0x9CE4,0x8044,0x84A6,0x8045,
  0x8045,0x8046,0x8046,0x8067,0x8067,0x8067,0x8046,0x8046,0x8046,0x8046,0x8046,0x8067,0x8046,0x8046,0x8046,0x8046,
  0x8046,0x8067,0x8047,0x8046,0x8046,0x8046,0x8046,0x8046,0x8047,0x8046,0x8047,0x8047,0x8047,0x8067,0x8046,0x8046,
  0x8067,0x8067,0x8046,0x8047,0x8047,0x8067,0x8047,0x8067,0x8067,0x8067,0x8067,0x8067,0x8067,0x8067,0x8067,0x8067,
  0x8067,0x8067,0x8067,0x8067,0x8067,0x8067,0x8067,0x8047,0x80ED,0x80CB,0x80A9,0x80ED,0x8067,0x8089,0x80CB,0x8047,
  0x8067,0x8047,0x80CB,0x8047,0x8068,0x8D50,0x8047,0x8067,0x8047,0x8046,0x8046,0x892F,0x84AB,0x8068,0x8068,0x8068,
  0x8067,0x8068,0x80AB,0x80AB,0x8089,0x808A,0x8047,0x8068,0x80AA,0x890A,0x996A,0x84C9,0x80A9,0xA18A,0xA1CB,0x9968,
  0x9D89,0xA5C9,0x8069,0x8049,0x80CD,0x80CD,0x80CD,0x80CD,0x80CD,0x806A,0x8D6B,0x84EA,0x84EA,0x84E9,0x952A,0xCD66,
  0x8CAA,0xA189,0x9569,0x9149,0x8D29,0x9129,0x9149,0x9169,0x9548,0x8088,0x8068,0x8089,0xA5AB,0xA58C,0xDA8E,0xB1EC,
  0x914C,0x8D4B,0x810B,0x916B,0xA1AA,0x810F,0x80EF,0x8510,0x80EE,0xA1F3,0xBA96,0xAE35,0xBE96,0x9DD2,0x80CC,0x80AB,
  0x80AC,0x9971,0x91B3,0x99D4,0xB277,0xC2B8,0x8DB3,0xC6B7,0xC2B8,0xB276,0xA216,0x8111,0xDB5B,0x8111,0x8110,0x8110,
  0x8110,0x8131,0x8972,0x8971,0x8972,0x8972,0x8993,0x8D93,0x8952,0x99D2,0xA631,0xBEB5,0xA631,0xC2D8,0xC2D7,0xCF1A,
  0xC2D7,0xC719,0xCB19,0xD75B,0xCF3B,0xB6D9,0x85F8,0x8A19,0x8E3A,0xAE9A,0xA25A,0xB6DC,0xB2DC,0xC33E,0xBAFE,0xCF5E,
  0xD77F,0xD37F,0xEBDF,0xEBDF,0x831F,0x82FF,0x819D,0x815B,0x8117,0x8115,0x80B0,0x80CF,0x808C,0x80AC,0x80AB,0x8067,
  0x8046,0x8067,0x8067,0x8066,0x8024,0x8023,0x8023,0x8023,0x8024,0x8024,0x8191,0x8024,0x8023,0x8023,0x8023,0x8023,
  0x8023,0x8023,0x8023,0x8023,0x8023,0x8023,0x8023,0x8023,0x8023,0x8023,0x8023,0x8002,0x8023,0x8023,0x8002,0x8022,
  0x8002,0x8002,0x8002,0x8022,0x8002,0x8002,0x8022,0x8023,0x8022,0x8002,0x8002,0x8002,0x8002,0x8002,0x8022,0x8022,
  0x8002,0x8002,0x8002,0x8023,0x8023,0x8044,0x8023,0x8023,0x8002,0x8002,0x8002,0x8002,0x8022,0x8022,0x8002,0x8023,
  0x8023,0x8023,0x8023,0x8023,0x8023,0x8022,0x8886,0x8023,0x8023,0x8023,0x8023,0x8023,0x8023,0x8023,0x8002,0x8002,
  0x8002,0x8022,0x8002,0x8002,0x8002,0x8002,0x8002,0x8002,0x8022,0x8002,0x8002,0x8002,0x8022,0x8002,0x8002,0x8002,
  0x8002,0x8002,0x8002,0x8002,0x8002,0x8002,0x8002,0x8002,0x8002,0x8002,0x8002,0x8002,0x8002,0x8002,0x8002,0x8002,
  0x8002,0x8002,0x8002,0x8002,0x8022,0x8002,0x8022,0x8002,0x8022,0x8022,0x8002,0x8002,0x8022,0x8002,0x8002,0x8002,
  0x8044,0x8044,0x8C63,0x9CA2,0xA8A1,0xFBD9,0xFF86,0xA082,0x9882,0x9882,0x8C63,0x8C63,0x8043,0x8043,0x8023,0x8022,
  0x8002,0x8002,0x8023,0x8023,0x8023,0x8023,0x8023,0x8045,0x8024,0x8047,0x8047,0x8046,0x8067,0xC580,0x94C3,0x8064,
  0x8043,0x8002,0xB0C1,0xD5A0,0x9082,0x98A2,0xF684,0xFFEC,0x9CC3,0x98A3,0x8C84,0x8C83,0x8863,0x8C84,0x94A3,0x8065,
  0x8064,0x8064,0xB8E2,0x8065,0x8485,0x8484,0x8085,0x8085,0x8025,0x8045,0x8044,0x8485,0x8085,0x8085,0x8023,0x8024,
  0x8024,0x8023,0x8023,0x8045,0x84A5,0x88E4,0x80A7,0x8068,0x8066,0x8024,0x8023,0x8023,0x8023,0x8023,0x8023,0x8023,
  0x8023,0x8023,0x8023,0x8023,0x8066,0x8024,0x8045,0x8045,0x8045,0x8024,0x8023,0x8024,0x8023,0x8023,0x8023,0x8023,
  0x8023,0x8024,0x8024,0x8045,0x8024,0x8024,0x8044,0x8067,0x8067,0x8066,0x8067,0x8067,0x8067,0x8022,0x8044,0x8CC5,
  0xA0E3,0x98C4,0xA8E2,0x98E4,0xA924,0x8CA4,0x8CC4,0x8085,0x90C4,0x84A5,0x88C4,0x8CE5,0x88C5,0x8085,0x88C6,0xA504,
  0x8CC7,0x9CE7,0x8489,0x8488,0x8488,0x8887,0x98C5,0x90A5,0x9CC5,0xA0C4,0xFF05,0xA0E4,0x9CE4,0x8CC5,0x8066,0x8046,
  0x9105,0x8046,0x8046,0x8087,0x8067,0x8068,0x8067,0x8046,0x8046,0x8046,0x8046,0x8046,0x8046,0x8046,0x8046,0x8046,
  0x8046,0x8046,0x8046,0x8046,0x8046,0x8046,0x8046,0x8046,0x8046,0x8046,0x8046,0x8046,0x8067,0x8047,0x8046,0x8046,
  0x8067,0x8066,0x8047,0x8067,0x8067,0x8066,0x8046,0x8067,0x8067,0x8067,0x8067,0x8067,0x8067,0x8067,0x8067,0x8047,
  0x8067,0x8067,0x8067,0x8067,0x8067,0x8067,0x8067,0x8047,0x8068,0x8067,0x8068,0x810D,0x8047,0x80CB,0x80CB,0x8067,
  0x8068,0x8067,0x810E,0x80AA,0x8068,0x890E,0x8068,0x80AA,0x8088,0x8047,0x8067,0x8089,0x890F,0x8D50,0x914F,0x8067,
  0x8067,0x8068,0x808B,0x80AB,0x808A,0x808A,0x8069,0x8046,0x8047,0x892C,0x9149,0x84C9,0x8068,0x88E9,0x9DAA,0x9569,
  0x9D89,0x88E8,0x8047,0x8046,0x80AB,0x80AC,0x80AC,0x80CD,0x80CE,0x80EE,0x8D4A,0x8088,0x890A,0x956A,0x954A,0xC565,
  0xAD2A,0x994A,0x952A,0x9129,0x8909,0x9148,0x9128,0x8D28,0x84E9,0x80ED,0x808B,0x808A,0x890A,0xA58B,0xDA8D,0xB1ED,
  0xADED,0x958B,0x892B,0x80CC,0x914B,0x8D4C,0x80EE,0x80EF,0x9192,0x808B,0x99B1,0xAE55,0xAE55,0xBA96,0xAA15,0x9DF3,
  0x80AC,0xA1D2,0x9DD4,0xB677,0xB677,0xBEB7,0xB256,0xBE76,0xC6D8,0xC6D8,0xB256,0x8110,0x9193,0x80EF,0x80EE,0x810F,
  0x8110,0x8110,0x8531,0x8991,0x8992,0x8992,0x8DB3,0x8DB3,0x8993,0x8533,0xAE55,0xBED6,0xBA95,0xB274,0xB6B4,0xBEB6,
  0xC2D7,0xC2D7,0xC6F9,0xCF3A,0xCF3B,0xCF3B,0x85F9,0x8E19,0xBADA,0xB2BA,0x9239,0x9A5A,0xBEFC,0xB2DC,0xBB1D,0xB6FD,
  0xCF5E,0xD37F,0xD37F,0xEBDF,0xBBBF,0x82FF,0x82DF,0x823F,0x81DD,0x817A,0x8116,0x80F2,0x80AF,0x80AD,0x80CD,0x80AA,
  0x808A,0x8068,0x8067,0x8067,0x8067,0x8046,0x8045,0x8023,0x8045,0x8024,0x8024,0x8024,0x8023,0x8023,0x8023,0x8023,
  0x8023,0x8024,0x8023,0x8023,0x8023,0x8023,0x8023,0x8023,0x8023,0x8023,0x8022,0x8002,0x8044,0x8002,0x8022,0x8022,
  0x8002,0x8002,0x8002,0x8002,0x8002,0x8002,0x8002,0x8022,0x8002,0x8002,0x8022,0x8002,0x8002,0x8002,0x8002,0x8022,
  0x8022,0x8022,0x8023,0x8023,0x8002,0xDF7D,0x8023,0x8023,0x8022,0x8002,0x8002,0x8022,0x8022,0x8022,0x8022,0x8023,
  0x8023,0x8023,0x8023,0x8043,0x8043,0x8423,0x8CA6,0x8023,0x8023,0x8023,0x8023,0x8023,0x8023,0x8023,0x8002,0x8022,
  0x8022,0x8022,0x8002,0x8002,0x8002,0x8002,0x8002,0x8002,0x8002,0x8002,0x8002,0x8002,0x8002,0x8002,0x8002,0x8002,
  0x8022,0x8002,0x8022,0x8002,0x8002,0x8002,0x8002,0x8002,0x8002,0x8002,0x8002,0x8002,0x8002,0x8002,0x8002,0x8002,
  0x8002,0x8002,0x8002,0x810F,0x8023,0x8022,0x8022,0x8022,0x8002,0x8002,0x8022,0x8002,0x8002,0x8002,0x8002,0x8002,
  0x8044,0x8864,0x8C63,0xA081,0xB0A2,0xFFAC,0xFF22,0xA881,0x98A2,0x9082,0x8C63,0x8C63,0x8023,0x8023,0x8023,0x8022,
  0x8002,0x8002,0x8002,0x8022,0x8023,0x8023,0x8002,0x8023,0x8023,0x8002,0x8023,0x8045,0x8046,0x8065,0x8066,0x8002,
  0x8024,0x8044,0x8044,0x8463,0xEE81,0x98A3,0xA8A2,0xFB6A,0x98A2,0x9CC3,0x90A3,0x9083,0x9083,0xA0C3,0x98C3,0x8CA4,
  0x8C84,0x8885,0x8465,0x8065,0x8045,0x8884,0x8884,0x8084,0x8065,0x8024,0x8024,0x8025,0x8066,0x8065,0x8064,0x8024,
  0x8023,0x8003,0x8086,0x8046,0x8067,0x84A5,0x8046,0x8046,0x80C8,0x8065,0x8024,0x8024,0x8023,0x8023,0x8023,0x8023,
  0x8023,0x8023,0x8023,0x8023,0x8046,0x8045,0x8023,0x8045,0x8045,0x8066,0x8065,0x8024,0x8023,0x8023,0x8023,0x8023,
  0x8023,0x8023,0x8023,0x8023,0x8023,0x8023,0x8023,0x8024,0x8047,0x8045,0x8024,0x8068,0x8067,0x8045,0x8067,0x8067,
  0x8046,0x9CA3,0xA4A2,0xFFF4,0xA4E4,0x9D04,0x90E5,0x8086,0x8066,0x8066,0x8085,0x84A5,0x84A5,0x84C5,0x88E6,0xAD22,
  0x84A5,0x8CC5,0x88C6,0x84A8,0x88A7,0x88A6,0x88A6,0x94C5,0xA4E3,0xC922,0x98E5,0xA505,0xC143,0x9D04,0x8066,0x8067,
  0x9105,0x8026,0x8026,0x8086,0x8087,0x8067,0x8068,0x8046,0x8046,0x8046,0x8088,0x8046,0x8046,0x8046,0x8046,0x8046,
  0x8046,0x8046,0x8046,0x8046,0x8046,0x8046,0x8046,0x8067,0x8046,0x8046,0x8046,0x8046,0x8046,0x8046,0x8046,0x8047,
  0x8046,0x8047,0x8046,0x8047,0x8046,0x8047,0x8067,0x8047,0x8067,0x8067,0x8067,0x8067,0x8067,0x8067,0x8067,0x8067,
  0x8047,0x8067,0x8067,0x8067,0x8067,0x8047,0x8046,0x8047,0x8067,0x8067,0x80CB,0x80AA,0x80AA,0x8046,0x8045,0x80CB,
  0x8068,0x8089,0x8089,0x808A,0x80CC,0x810E,0x8068,0x8068,0x8068,0x8068,0x892E,0x8047,0x8047,0x8068,0x9571,0x99B2,
  0x8068,0x8067,0x8067,0x808B,0x808A,0x808A,0x8069,0x8068,0x8067,0x8089,0x80E9,0x8067,0x8069,0x914D,0x9DAB,0x956A,
  0x9569,0x9D89,0x9D88,0x8045,0x8046,0x80CD,0x80CD,0x8069,0x808A,0x80AD,0x80CD,0x80EE,0x8069,0x80AC,0x80AB,0x994B,
  0xA16B,0x994D,0x910C,0xADAD,0xAD8A,0x8D09,0x84E8,0x8D28,0x8089,0x80CC,0x80CD,0x80CD,0x80CC,0x8D6C,0x918C,0x80CC,
  0x80CC,0xBA2A,0x9D8C,0x84EC,0x892D,0x916C,0x8D4C,0x80CD,0x8D92,0x95B3,0x99D3,0xAE55,0x99B2,0xAA15,0xB676,0xB256,
  0xB256,0xB676,0xB676,0x99D4,0xBA97,0xBEB7,0xC2B7,0xAA15,0xA615,0xC6D8,0xC2B7,0xBA76,0xB277,0xB277,0x8D2F,0x80EF,
  0x8110,0x8131,0x8131,0x8152,0x8D92,0x8DB2,0x8DB2,0x91B3,0x8DB4,0x8DB4,0x8553,0x8112,0xA655,0xC2D6,0x9E12,0xBEB4,
  0xC2D5,0xAE75,0xB273,0xCB1A,0xCF3A,0xD33B,0xC71A,0x8196,0xD75B,0xCF3B,0x81B8,0xAEBB,0x965A,0x85FA,0xAA9B,0xB6FD,
  0xB6DD,0xD35E,0xCB5E,0xCF5F,0xE7DF,0xEBDF,0x82FF,0x833F,0x825F,0x81BD,0x8138,0x8157,0x80F4,0x80B0,0x80D0,0x80AA,
  0x80AB,0x8068,0x8068,0x8068,0x8067,0x8024,0x8046,0x8066,0x8024,0x8024,0x8023,0x8045,0x8023,0x8023,0x8023,0x8023,
  0x8067,0x8023,0x8023,0x8002,0x8023,0x8023,0x8023,0x8023,0x8023,0x8002,0x8022,0x8002,0x8002,0x8023,0x8023,0x8002,
  0x8002,0x8002,0x8002,0x8022,0x8002,0x8002,0x8002,0x8022,0x8002,0x8022,0x8002,0x8002,0x8002,0x8022,0x8002,0x8024,
  0x8002,0x8002,0x8002,0x8023,0x8023,0x8003,0x8023,0x8002,0x8002,0x8002,0x8002,0x8002,0x8022,0x8002,0x8023,0x8022,
  0x8023,0x8023,0x8023,0x8843,0x8C63,0x9063,0xACC3,0x9063,0x8C43,0x8443,0x8043,0x8023,0x8023,0x8023,0x8023,0x8002,
  0x8002,0x8002,0x8022,0x8002,0x8002,0x8002,0x8002,0x8002,0x8002,0x8002,0x8002,0x8002,0x8002,0x8002,0x8023,0x8002,
  0x8002,0x8022,0x8002,0x8002,0x8002,0x8002,0x8002,0x8002,0x8002,0x8002,0x8002,0x8002,0x8002,0x8002,0x8002,0x8002,
  0x8002,0x8002,0x8022,0x8002,0x8001,0x81D7,0x8022,0x8002,0x8002,0x8002,0x8002,0x8002,0x8002,0x8002,0x8002,0x8002,
  0x8024,0x8043,0x8C63,0x9882,0x9882,0xA882,0xA481,0x9041,0xCD20,0x9062,0x8843,0x8024,0x8023,0x8023,0x8023,0x8002,
  0x8002,0x8002,0x8002,0x8002,0x8002,0x8023,0x8022,0x8002,0x8002,0x8002,0x8002,0x8046,0x8046,0x8046,0x8024,0x8023,
  0x8024,0x8045,0x8046,0x8444,0xFB23,0x98C4,0x98C3,0xA8C1,0xCD62,0xE242,0x98A2,0xA4E3,0x9CC2,0xACC2,0xA0E4,0x94A4,
  0xC962,0x8863,0x8065,0x8045,0x8045,0x8463,0x8484,0x8484,0x8065,0x8044,0x8024,0x8025,0x8045,0x8065,0x8064,0x8065,
  0x8024,0x8024,0x8085,0x8085,0x8087,0x84A5,0x88A5,0x8086,0x84A5,0x80A4,0x8045,0x8045,0x8024,0x8023,0x8023,0x8023,
  0x8023,0x8023,0x8023,0x8024,0x8024,0x8046,0x8047,0x8024,0x8068,0x8067,0x80C6,0x8024,0x8024,0x8024,0x8024,0x8023,
  0x8023,0x8023,0x8023,0x8023,0x8023,0x8023,0x8023,0x8023,0x8024,0x8023,0x8023,0x8045,0x8047,0x8046,0x8047,0x8047,
  0x8068,0x88A6,0x98C4,0xA8E3,0x9CC4,0x94E4,0x90E4,0x84A5,0x8066,0x8086,0x8066,0x8066,0x84A5,0x84C5,0x84C6,0x94C4,
  0x8885,0x8085,0x8CE5,0x84A7,0x88A5,0x88C6,0x88A5,0x8CA5,0xA0E3,0xAD02,0x90C5,0x94C5,0xBCE3,0x9CC3,0x9CE3,0x8CA4,
  0x90E4,0x8045,0x8046,0x8085,0x84C5,0x8067,0x8068,0x8046,0x8046,0x8067,0x8067,0x8046,0x8046,0x8046,0x8046,0x8046,
  0x8046,0x8045,0x8046,0x8046,0x8046,0x8046,0x8046,0x8046,0x8046,0x8046,0x8046,0x8046,0x8046,0x8046,0x8046,0x8046,
  0x8046,0x8046,0x8046,0x8046,0x8047,0x8047,0x8047,0x8066,0x8047,0x8067,0x8046,0x8047,0x8067,0x8067,0x8047,0x8067,
  0x8047,0x8047,0x8067,0x8047,0x8046,0x8046,0x8046,0x8046,0x8047,0x8067,0x8067,0x808A,0x8046,0x8046,0x8046,0x8089,
  0x808A,0x8089,0x8088,0x8068,0x8067,0x80AB,0x8067,0x8067,0x8068,0x8047,0x850E,0x8046,0x8046,0x8067,0x9150,0x95B2,
  0x8068,0x8068,0x8068,0x8068,0x8068,0x80AB,0x808A,0x8068,0x8068,0x8067,0x80A8,0x8046,0x8046,0x8047,0x958C,0x998A,
  0x996A,0xA1AA,0x9D88,0x9D88,0x8046,0x80CD,0x80AD,0x8069,0x8068,0x8068,0x80AB,0x80CE,0x80CE,0x8069,0x80CE,0x890C,
  0x9D6B,0x9D2B,0xFF89,0x9D4C,0x808A,0x8089,0x8D09,0x9148,0x808B,0x80CC,0x80CD,0x80AC,0x80CC,0x80CC,0x8D6C,0x80ED,
  0x80AB,0x88EC,0x890E,0xA1CC,0xA1AB,0x8D4D,0x914B,0x80AB,0x808B,0x808C,0xAE77,0xAE56,0x84F0,0x9993,0xAE36,0xAA35,
  0xAE56,0xB276,0xB676,0xB677,0xB276,0xC2B8,0xC2B7,0xBEB7,0x95D5,0xBEB8,0xC2B7,0xBE97,0xAE57,0x9DF5,0x8110,0x80F0,
  0x8111,0x8131,0x99B3,0x8132,0x8151,0x8DB3,0x91B2,0xAE32,0x9DF3,0x91B4,0x8972,0x8111,0x91B4,0xCAF7,0xB675,0x8553,
  0xBA95,0xAE75,0xCAF6,0xD319,0xCF3A,0xD33A,0xD33A,0xCB1A,0xD33B,0xD35B,0x89F9,0xBAFB,0xAEBA,0x89F8,0x89F9,0xB2DC,
  0xBAFC,0xB6FC,0xBEFD,0xCF5E,0xCF7F,0xDFBF,0xF3FF,0x831F,0x831F,0x829F,0x81BE,0x819B,0x8158,0x8113,0x80AF,0x80AD,
  0x80AB,0x80AC,0x8068,0x8068,0x8068,0x8067,0x8067,0x8046,0x8046,0x8024,0x8023,0x8045,0x8023,0x8023,0x8023,0x8023,
  0x8023,0x8023,0x8002,0x8002,0x8022,0x8002,0x8002,0x8023,0x8022,0x8002,0x8023,0x8002,0x8022,0x8002,0x8022,0x8002,
  0x8024,0x8002,0x8002,0x8002,0x8022,0x8002,0x8002,0x8022,0x8002,0x8002,0x8002,0x8002,0x8002,0x8002,0x8002,0x8002,
  0x8002,0x8002,0x8002,0x8002,0x8022,0x8023,0x8023,0x8002,0x8002,0x8002,0x8002,0x8002,0x8022,0x8002,0x8002,0x8022,
  0x8023,0x8023,0x8442,0x8C43,0x9041,0xA440,0xD100,0x9042,0x8C63,0x8843,0x8443,0x8023,0x8023,0x8023,0x8022,0x8002,
  0x8002,0x8002,0x8002,0x8002,0x8002,0x8002,0x8002,0x8002,0x8002,0x8002,0x8002,0x8002,0x8003,0x8023,0x8002,0x8002,
  0x8002,0x8002,0x8002,0x8002,0x8002,0x8002,0x8002,0x8002,0x8002,0x8002,0x8002,0x8002,0x8002,0x8002,0x8002,0x8002,
  0x8002,0x8002,0x8002,0x8002,0x8002,0x8022,0x8002,0x8002,0x8002,0x8002,0x8002,0x8002,0x8002,0x8022,0x8002,0x8002,
  0x8044,0x8044,0x8463,0x8443,0x9083,0x9482,0x9062,0x9083,0x9063,0x8842,0x8023,0x8023,0x8023,0x8023,0x8023,0x8002,
  0x8023,0x8002,0x8002,0x8023,0x8023,0x8023,0x8023,0x8023,0x8022,0x8022,0x8002,0x8023,0x8024,0x8025,0x8045,0x8003,
  0x8045,0x8046,0x8046,0x8066,0xA8A2,0xD9C1,0x9083,0x8C83,0x94A3,0x98A3,0xFAA3,0xBD02,0xA0A2,0xD162,0xA4C2,0xB943,
  0x9CA2,0x94C4,0x90A4,0x8485,0x8464,0x8484,0x8044,0x8064,0x8485,0x8044,0x8024,0x8024,0x8024,0x8024,0x8065,0x8065,
  0x8085,0x8044,0x8085,0x8085,0x8086,0x88A5,0x88A4,0x8046,0x8025,0x80A5,0x8024,0x8024,0x8023,0x8023,0x8023,0x8023,
  0x8023,0x8023,0x8023,0x8023,0x8086,0x8CE5,0x8046,0x8025,0x8025,0x88A7,0x8883,0x8045,0x8023,0x8025,0x8066,0x8024,
  0x8023,0x8023,0x8023,0x8023,0x8023,0x8023,0x8023,0x8023,0x8023,0x8023,0x8023,0x8023,0x8067,0x8047,0x8001,0x8069,
  0x8068,0x8047,0x8046,0x8884,0xCD80,0x90C4,0x84A4,0x88C4,0x8065,0x8066,0x8065,0x8086,0x8485,0x8085,0x80A6,0x8066,
  0x90C4,0x8485,0x8086,0x8086,0x8485,0x84A5,0x88A5,0x9904,0xA104,0x9CE4,0x90C5,0x94E5,0x98C4,0xC5A2,0xB4E2,0x98A2,
  0x9105,0x9105,0x9106,0x8085,0x88C5,0x88E6,0x8088,0x8067,0x8046,0x8067,0x8067,0x8067,0x8046,0x8045,0x8045,0x8046,
  0x8046,0x8046,0x8046,0x8046,0x80CA,0x8067,0x8066,0x8046,0x8046,0x8046,0x8046,0x8046,0x8046,0x8046,0x8046,0x8046,
  0x8046,0x8046,0x8046,0x8046,0x8046,0x8046,0x8046,0x8046,0x8047,0x8067,0x8047,0x8047,0x8067,0x8046,0x8046,0x8046,
  0x8066,0x8047,0x8067,0x8067,0x8067,0x8046,0x8046,0x8047,0x8047,0x8067,0x8088,0x80AA,0x80AA,0x8047,0x8047,0x8068,
  0x80CB,0x80CC,0x80AA,0x8067,0x8067,0x8068,0x8067,0x8068,0x8068,0x8068,0x808A,0x810E,0x8048,0x8068,0x8068,0x810E,
  0x8068,0x84ED,0x84ED,0x8047,0x80CB,0x84EC,0x808A,0x8089,0x8089,0x8068,0x8047,0x8047,0x8046,0x8046,0x890B,0xA1A9,
  0x8088,0x8068,0x8047,0x9DA9,0x8068,0x8068,0x80AD,0x8068,0x8068,0x8067,0x80EE,0x80CE,0x80CE,0x80CE,0x80CE,0x80AD,
  0x892C,0x9D8A,0xA16A,0xA16B,0xA16A,0x80AA,0x84EB,0x808A,0x80EB,0x80CC,0x80CD,0x80CC,0x8048,0x8068,0x80CA,0x8068,
  0x808A,0x80CD,0x80EE,0x8D4D,0x956B,0x80CB,0x8D2B,0x954B,0x80AB,0x80AC,0x80AD,0xAA57,0xA636,0x9172,0xAA15,0xAA36,
  0x9DD5,0x95B3,0xBA76,0x9591,0x99B3,0xAA14,0xC2B7,0xC2B7,0xBE97,0xC6D8,0xC6D8,0xBE97,0xC2D8,0xB276,0x8D72,0xA5F5,
  0xCAD8,0x8951,0x8531,0x8950,0x8111,0x8132,0x91D3,0xB695,0xBEB6,0xCAF7,0x8D92,0x8D71,0x8550,0x8952,0xBEB6,0xC2D7,
  0x91B5,0xC2D7,0xC6F6,0xAE96,0xB297,0xC6F9,0xD33A,0xCF3A,0xD33B,0xD35B,0xD35B,0x85F8,0x85F9,0x8A19,0x8A1A,0x8A1A,
  0xC31C,0xC31C,0xB2BC,0xB2DD,0xCF5E,0xCF5E,0xD37F,0xEBDF,0xB7BF,0x831F,0x827F,0x81DE,0x815B,0x8117,0x80F4,0x80D0,
  0x80AD,0x80AB,0x808A,0x80AB,0x8068,0x8067,0x8067,0x8047,0x8024,0x8046,0x8024,0x8023,0x8023,0x8023,0x8024,0x8023,
  0x8023,0x8023,0x8002,0x8002,0x8023,0x8023,0x8002,0x8022,0x8023,0x8002,0x8002,0x8002,0x8002,0x8022,0x8022,0x8002,
  0x8002,0x8023,0x8002,0x8022,0x8002,0x8002,0x8022,0x8002,0x8022,0x8022,0x8022,0x8002,0x8002,0x8002,0x8022,0x8002,
  0x8002,0x8002,0x8002,0x8002,0x8022,0x8022,0x8002,0x8002,0x8002,0x8002,0x8002,0x8002,0x8043,0x8002,0x8002,0x8044,
  0x8023,0x8023,0x8843,0x9063,0xC0E0,0xF753,0xFFFF,0xC0C0,0x9062,0x8C43,0x8843,0x8023,0x8043,0x8023,0x8002,0x8023,
  0x8002,0x8023,0x8002,0x8002,0x8002,0x8022,0x8002,0x8022,0x8002,0x8002,0x8002,0x8002,0x8002,0x8002,0x8002,0x8002,
  0x8022,0x8002,0x8002,0x8002,0x8002,0x8002,0x8002,0x8022,0x8002,0x8002,0x8002,0x8002,0x8002,0x8002,0x8002,0x8024,
  0x8024,0x8022,0x8022,0x8002,0x8002,0x8022,0x8002,0x8002,0x8002,0x8002,0x8002,0x8002,0x8002,0x8002,0x8002,0x8022,
  0x8044,0x8044,0x8044,0x8863,0x8C63,0x8863,0x8863,0x8863,0x8863,0x8442,0x8023,0x8023,0x8023,0x8023,0x8023,0x8023,
  0x8023,0x8023,0x8022,0x8023,0x8023,0x8023,0x8023,0x8002,0x8023,0x8023,0x8023,0x8022,0x8022,0x8045,0x8046,0x8046,
  0x8046,0x8025,0x8046,0x8046,0x8C86,0xACC2,0x8C83,0x8C83,0x9084,0x94A3,0x94A3,0xA8E2,0xD540,0xB8A0,0xB102,0xB922,
  0x8C83,0x90A4,0x90A4,0x8485,0x8065,0x90A3,0x8C83,0x88A4,0x88A4,0x8065,0x8044,0x8064,0x8044,0x8044,0x8025,0x8025,
  0x8086,0x8045,0x8CC5,0x84A6,0x84A6,0x88A5,0x84A5,0x8045,0x8023,0x8023,0x8024,0x8023,0x8066,0x8023,0x8023,0x8023,
  0x8023,0x8023,0x8023,0x8024,0x8084,0xB9A3,0x8085,0x8046,0x8047,0x8068,0x94E4,0x84A6,0x8023,0x8024,0x8087,0x8066,
  0x8044,0x8023,0x8023,0x8023,0x8023,0x8023,0x8023,0x8023,0x8024,0x8023,0x8023,0x8023,0x8023,0x8068,0x8048,0x8067,
  0x8068,0x8068,0x8086,0x8885,0x8C83,0x8CA5,0x8085,0x8085,0x8045,0x8065,0x8065,0x8CE5,0x88A5,0x8024,0x8085,0x8066,
  0x8045,0x8046,0x8085,0x8065,0x8085,0x84A6,0x88C5,0x88C5,0x9904,0x88A5,0x88C5,0x8CC5,0x94C4,0x98E4,0xFFD1,0xA8C3,
  0x9504,0x9525,0x9525,0x8046,0x8066,0x8CC5,0x80C8,0x8067,0x8046,0x8046,0x8067,0x8067,0x8046,0x8045,0x8045,0x8045,
  0x8045,0x8045,0x8046,0x8046,0x8046,0x8046,0x8067,0x8067,0x8046,0x8046,0x8046,0x8046,0x8046,0x8046,0x8046,0x8046,
  0x8046,0x8046,0x8046,0x8046,0x8046,0x8046,0x8046,0x8046,0x8067,0x8047,0x8067,0x8046,0x8067,0x8047,0x8046,0x8067,
  0x8066,0x8067,0x8067,0x8067,0x8066,0x8046,0x8046,0x8046,0x8067,0x8046,0x8046,0x80AA,0x808A,0x8068,0x8088,0x8067,
  0x8088,0x80AB,0x80CB,0x8067,0x8067,0x8067,0x8068,0x8068,0x8068,0x8068,0x8069,0x80AB,0x8069,0x8069,0x8068,0x80CC,
  0x8067,0x8067,0x84EC,0x88ED,0x88ED,0x84ED,0x8068,0x8089,0x8089,0x8089,0x8089,0x8068,0x8025,0x8047,0x8D2C,0xA5A9,
  0x8046,0x8067,0x8047,0x9528,0x8069,0x8069,0x80AD,0x80AC,0x8068,0x8068,0x80EE,0x80CD,0x80CC,0x80CD,0x80CE,0x80CE,
  0x8D4D,0xA9C9,0x9D8A,0xA5AA,0x9D6B,0x80CB,0x80EB,0x80AB,0x80CB,0x8929,0x80EC,0x80F0,0x8068,0x8089,0x8089,0x8068,
  0x8069,0x808A,0x80CE,0x8530,0x850E,0x80AB,0x890C,0xA18A,0x80CB,0x80AC,0x80AC,0x808B,0xAA36,0x80CF,0xAA15,0xAA35,
  0x9193,0x8D51,0xAE35,0xA1D3,0x890F,0x9592,0xB255,0xD318,0xAA16,0xA215,0xC6D8,0xC6D8,0xC6D8,0xC2B8,0xC2D8,0x8552,
  0xAE56,0xBA98,0x8110,0xC6B4,0x8951,0x8111,0x80F0,0x8110,0xB674,0xAA13,0x95B3,0xCAD6,0xB695,0x8971,0xAA35,0xD318,
  0x8532,0x91B5,0xBED3,0xB693,0xAE74,0xB275,0xB296,0xD33A,0xD35B,0xD33B,0xD33B,0x9639,0x8619,0x8A3A,0x8E1A,0x8E1A,
  0xBAFC,0xC2FC,0x963B,0xB2DC,0xC73E,0xCB5E,0xCF7F,0xD39F,0xEBDF,0xB39F,0x835F,0x827F,0x823F,0x817B,0x8138,0x8115,
  0x80D1,0x80CF,0x808B,0x808B,0x80AB,0x8067,0x8067,0x8067,0x8024,0x8046,0x8046,0x8024,0x8023,0x8023,0x8023,0x81FA,
  0x8023,0x8023,0x8023,0x8023,0x8023,0x8023,0x8023,0x8023,0x8022,0x8022,0x8002,0x8002,0x8002,0x8002,0x8022,0x8022,
  0x8022,0x8022,0x8002,0x8022,0x8002,0x8022,0x8002,0x8002,0x8002,0x8022,0x8002,0x8002,0x8002,0x8002,0x8002,0x8002,
  0x8002,0x8022,0x8002,0x8002,0x8022,0x8022,0x8022,0x8002,0x8022,0x8002,0x8002,0x8002,0x8023,0x8002,0x8002,0x8002,
  0x8023,0x8023,0x8843,0x9063,0xA481,0xCCE0,0xE1A2,0xBCA0,0x8842,0x8842,0x8443,0x8023,0x8023,0x8023,0x8002,0x8002,
  0x8002,0x8002,0x8002,0x8002,0x8002,0x8022,0x8002,0x8002,0x8002,0x8002,0x8045,0x8002,0x8002,0x8022,0x8002,0x8002,
  0x8002,0x8002,0x8002,0x8002,0x8002,0x8002,0x8022,0x8022,0x8022,0x8002,0x8002,0x8002,0x8002,0x8002,0x8002,0x8002,
  0x8003,0x8002,0x8022,0x8022,0x8002,0x8022,0x8002,0x8002,0x8002,0x8002,0x8002,0x8002,0x8002,0x8002,0x8002,0x8002,
  0x8044,0x8023,0x8024,0x8044,0x8463,0x8464,0x8464,0x8443,0x8463,0xA4A2,0x8023,0x8023,0x9083,0x8044,0x8023,0x8023,
  0x8002,0x8023,0x8023,0x8023,0x8023,0x8023,0x8023,0x8022,0x8002,0x8023,0x8023,0x8023,0x8023,0x8002,0x8023,0x8045,
  0x8046,0x8046,0x8046,0x8046,0x8046,0x8066,0xA0A2,0x90A4,0x8CA4,0x98C4,0xA8E2,0xE1A1,0xFFFF,0xFFDF,0xDD40,0xB502,
  0x8441,0x9083,0x9083,0x8C84,0x8885,0x94A4,0x94A3,0x90A3,0x8CA3,0x8485,0x8044,0x8045,0x8065,0x8065,0x8065,0x8065,
  0x8046,0x8045,0x8085,0x84A6,0x88A5,0xE224,0x8884,0x8066,0x8023,0x8023,0x8023,0x8023,0x8024,0x8023,0x8023,0x8023,
  0x8023,0x8023,0x8024,0x8025,0x8023,0x8066,0xA125,0x8086,0x8066,0x8086,0x8CC5,0x88C6,0x8025,0x8024,0x84A5,0x94E5,
  0x8CE5,0x8023,0x8023,0x8023,0x8023,0x8023,0x8023,0x8023,0x8023,0x8023,0x8024,0x8023,0x8023,0x8023,0x8024,0x8068,
  0x8068,0x80A6,0x84A4,0x8884,0x8043,0x8CC5,0x8485,0x8066,0x8066,0x8065,0x8065,0x8084,0x8084,0x8084,0x8085,0x8045,
  0x8065,0x8026,0x8065,0x8085,0x8085,0x84A5,0x90A4,0x84A5,0x90E5,0x84A6,0x8485,0x90C4,0x90C4,0x94E4,0x90C4,0xA4E3,
  0xA503,0x8464,0x90C4,0x8025,0x8025,0x8045,0x8047,0x8067,0x8067,0x8067,0x8045,0x8045,0x8046,0x8045,0x8046,0x8045,
  0x8046,0x8046,0x8045,0x8046,0x8046,0x8046,0x8046,0x8046,0x8046,0x8046,0x8046,0x8045,0x8046,0x8046,0x8045,0x8046,
  0x8046,0x8046,0x8046,0x8046,0x8046,0x8046,0x8046,0x8046,0x8046,0x8046,0x8066,0x8047,0x8047,0x8046,0x8046,0x8067,
  0x8046,0x8067,0x8046,0x8046,0x8046,0x8046,0x8047,0x8047,0x8046,0x8046,0x8046,0x8047,0x8089,0x8046,0x8046,0x8066,
  0x8068,0x8067,0x8067,0x8067,0x8067,0x8067,0x8068,0x8068,0x8068,0x8068,0x8068,0x8068,0x8069,0x8089,0x8068,0x810E,
  0x8068,0x84AA,0x84ED,0x890E,0x890E,0x80AA,0x8047,0x8089,0x8089,0x8069,0x8068,0x8088,0x8068,0x8067,0x8067,0x8067,
  0xA587,0x8047,0x8067,0x8067,0x8089,0x8089,0x8089,0x8069,0x8069,0x8069,0x80CC,0x80CC,0x8045,0x80CD,0xA549,0x910B,
  0x914B,0x9DAA,0x998B,0x956A,0x994B,0xDE2A,0x80CA,0x80CC,0x80AC,0x8D2B,0x9129,0x808C,0x80AA,0x808A,0x808A,0x808A,
  0x80AA,0x8089,0x80AC,0x80AC,0x80AC,0x80AC,0x80AB,0x80AA,0xA5CA,0xA5AA,0x80AB,0x8089,0x80CD,0x80CE,0x890F,0xA1F4,
  0xA1F4,0x806B,0xA5F3,0xA5F3,0x8931,0x8D52,0xC6B7,0xC2B7,0xA1F4,0xA1F4,0xA1F4,0xA614,0xBE97,0xB656,0xB256,0x8510,
  0x9152,0xC6D8,0x80CF,0x80F0,0xBA95,0x80D0,0x80EF,0x80EF,0x810F,0x852F,0x8551,0x8972,0xBA75,0xDB38,0xAA13,0xCAF7,
  0x8112,0x8533,0x8952,0xAE31,0xBED4,0xC2D5,0xB695,0xCAF8,0xBEB8,0xD75B,0xD75B,0xD33B,0xAA99,0x8619,0x8A19,0x8E19,
  0x923A,0x963A,0x8A3A,0x925B,0x927C,0xAEDC,0xC73E,0xCF5E,0xCB5F,0xDBBF,0xDBDF,0x833F,0x82BF,0x823F,0x81BD,0x819B,
  0x80F5,0x8114,0x80AE,0x80AC,0x808B,0x80AB,0x8047,0x8067,0x8067,0x8066,0x8024,0x8045,0x8024,0x8045,0x8024,0x8002,
  0x8023,0x8023,0x8023,0x8023,0x8023,0x8023,0x8023,0x8023,0x8022,0x8022,0x8002,0x8002,0x8002,0x8022,0x8023,0x8002,
  0x8002,0x8002,0x8002,0x8002,0x8002,0x8002,0x8002,0x8002,0x8002,0x8002,0x8002,0x8002,0x8002,0x8002,0x8023,0x8002,
  0x8022,0x8023,0x8002,0x8002,0x8002,0x8002,0x8022,0x8002,0x8002,0x8022,0x8002,0x8002,0x8002,0x8002,0x8002,0x8022,
  0x8023,0x8023,0x8023,0x8843,0x8C42,0x8C62,0xA083,0x8C42,0x8842,0x8423,0x8023,0x8023,0x8023,0x8023,0x8002,0x8002,
  0x8002,0x8002,0x8002,0x8002,0x8002,0x8002,0x8002,0x8002,0x8002,0x8002,0x8022,0x8002,0x8002,0x8002,0x8002,0x8002,
  0x8002,0x8023,0x8002,0x8002,0x8002,0x8002,0x8023,0x8023,0x8022,0x8002,0x8002,0x8002,0x8046,0x8001,0x8002,0x8002,
  0x8002,0x8002,0x8022,0x8022,0x8002,0x8023,0x8002,0x8022,0x8022,0x8022,0x8022,0x8002,0x8002,0x8002,0x8002,0x8002,
  0x8023,0x8044,0x8024,0x8464,0x8063,0x8064,0x8064,0x8464,0x8463,0x8863,0x8023,0x8023,0x9CA3,0x8065,0x8023,0x8023,
  0x8023,0x8023,0x8002,0x8002,0x8002,0x8023,0x8024,0x8022,0x8022,0x8002,0x8022,0x8022,0x8002,0x8002,0x8023,0x8023,
  0x8025,0x8045,0x8046,0x8046,0x8046,0x8067,0xB901,0x9CE3,0x8884,0x94A4,0xA903,0xC142,0xFF24,0xEDA0,0xAD03,0x9883,
  0xFFE9,0x9CA3,0xACC2,0xB4E2,0xA0C4,0x90A3,0x94C3,0x8883,0x8CA4,0x8C84,0x8065,0x8045,0x8045,0x8065,0x8065,0x8065,
  0x8065,0x8065,0x8064,0x8085,0x9063,0x9083,0x8C83,0x8065,0x8023,0x8023,0x8023,0x8023,0x8024,0x8024,0x8024,0x8023,
  0x8023,0x8023,0x8023,0x8023,0x8023,0x8067,0xA505,0xD9A1,0x88A5,0x90C5,0x90E5,0x90E5,0x8066,0x8044,0xB523,0xA4C2,
  0x88C6,0x84E6,0x8023,0x8024,0x8023,0x8023,0x8023,0x8023,0x8023,0x8023,0x8023,0x8023,0x8023,0x8023,0x8023,0x8089,
  0x8047,0x80A5,0x80A5,0x8485,0xFFE6,0x8884,0x8485,0x8066,0x8066,0x8065,0x8065,0x8084,0x8484,0x8084,0x8085,0x8084,
  0x8085,0x8085,0x80A4,0x8085,0x8085,0x8486,0x90C5,0x9D04,0x9D24,0x84A6,0x84A5,0x90E5,0x90E4,0x90C4,0x94E4,0x98C4,
  0x8464,0x8CA5,0x8884,0x84A7,0x8045,0x8046,0x8046,0x8046,0x8067,0x8067,0x8046,0x8045,0x8046,0x8046,0x8046,0x8045,
  0x8045,0x8045,0x8046,0x8045,0x8045,0x8046,0x8025,0x8045,0x8045,0x8046,0x8046,0x8045,0x8025,0x8045,0x8045,0x8088,
  0x8046,0x8046,0x8046,0x8046,0x8046,0x8046,0x8046,0x8046,0x8046,0x8046,0x8046,0x8046,0x8046,0x8046,0x8066,0x8067,
  0x8047,0x8046,0x8046,0x8046,0x8046,0x8046,0x8046,0x80CB,0x8046,0x8046,0x8046,0x8067,0x8089,0x8067,0x8046,0x8046,
  0x8047,0x8067,0x8067,0x8067,0x8067,0x8067,0x8067,0x8068,0x8068,0x8068,0x8068,0x8068,0x8068,0x8068,0x8068,0x8047,
  0x8047,0x850E,0x890E,0x890E,0x890E,0x890E,0x8048,0x8067,0x8068,0x8068,0x8068,0x8068,0x8089,0x8068,0x8068,0x8068,
  0x8067,0x8067,0x8068,0x8069,0x8069,0x8089,0x8089,0x8069,0x8069,0x8068,0x8068,0x80CC,0x8088,0x80ED,0x84CB,0xCDE9,
  0xF2E9,0x998B,0x956A,0x914B,0x8D2C,0xD187,0x94E9,0x88EC,0x80CD,0x80AD,0x9948,0x80AC,0x80AB,0x808A,0x808A,0x808A,
  0x80AB,0x8068,0x80AC,0x80AC,0x80AC,0x8048,0x8069,0x80AB,0x808B,0x80CB,0x954A,0x8089,0x808A,0x8130,0x99B3,0x80AD,
  0x9DD4,0x99D3,0x808A,0x80AC,0x80CF,0x9193,0x9DD4,0x9DF4,0x9171,0x8D30,0xA1F4,0xA5F4,0xB235,0xB236,0xC2B7,0xC2B6,
  0xBEB6,0xC2B7,0xC2B7,0x99D3,0x91B3,0xA613,0x80AD,0xB674,0xAA34,0x8510,0x8551,0x8972,0x8993,0xB696,0xA214,0x8574,
  0xC6F7,0xB276,0x8152,0x8531,0x8D93,0xC2D6,0xBEB6,0xC6F7,0xC2F8,0xCB19,0xC6F9,0xCB1A,0xD73A,0xE37B,0x8619,0x8E19,
  0x8E19,0x923A,0x9A7A,0x8E5B,0x8E5B,0x8E7B,0xCB3E,0xC31D,0xC73E,0xCB5F,0xDFBF,0xEFFF,0x831F,0x82FF,0x825F,0x819C,
  0x819B,0x8158,0x80F3,0x80CE,0x80AC,0x808B,0x80AB,0x8068,0x8067,0x8067,0x8067,0x8024,0x8067,0x8045,0x8045,0x8023,
  0x8023,0x8023,0x8023,0x8023,0x8024,0x8024,0x8023,0x8023,0x8023,0x8023,0x8022,0x8043,0x8002,0x8022,0x8022,0x8002,
  0x8002,0x8002,0x8002,0x8002,0x8002,0x8002,0x8002,0x8022,0x8022,0x8002,0x8023,0x8023,0x8002,0x8002,0x8002,0x8002,
  0x8002,0x8002,0x8002,0x8002,0x8022,0x8002,0x8022,0x8002,0x8002,0x8002,0x8002,0x8022,0x8002,0x8002,0x8022,0x8022,
  0x8023,0x8023,0x8022,0x8023,0x8443,0x8022,0x9CA3,0x8842,0x8443,0x8023,0x8023,0x8023,0x8023,0x8002,0x8002,0x8002,
  0x8002,0x8002,0x8022,0x8002,0x8002,0x8002,0x8002,0x8002,0x8002,0x8044,0x8002,0x8023,0x8002,0x8002,0x8002,0x8002,
  0x8002,0x8002,0x8002,0x8002,0x8022,0x8023,0x8024,0x8024,0x8023,0x8002,0x8022,0x8002,0x8002,0x8002,0x8002,0x8002,
  0x8002,0x8002,0x8002,0x8022,0x8023,0x8023,0x8023,0x8023,0x8002,0x8002,0x8022,0x8002,0x8002,0x8002,0x8002,0x8002,
  0x8023,0x8022,0x8045,0x8065,0x8044,0x8064,0x8044,0x8044,0x8044,0x8483,0x8044,0x8044,0x8023,0x8022,0x8002,0x8002,
  0x8023,0x8002,0x8002,0x8002,0x8002,0x8002,0x8023,0x8023,0x8003,0x8002,0x8022,0x8002,0x8002,0x8002,0x8023,0x8023,
  0x8023,0x8025,0x8046,0x8046,0x8045,0x8045,0x9082,0xBD20,0x8C83,0x8863,0x9083,0x98C3,0xB0C1,0xA081,0xA902,0xA4E2,
  0x94C3,0x94A3,0x94A4,0xA0C3,0xA082,0xF6C3,0x8C83,0x8C83,0x8C83,0x98A4,0x8066,0x8065,0x8084,0x8084,0x8084,0x8063,
  0x8863,0x8044,0x8044,0x98A3,0xF641,0x8843,0x8C63,0x8863,0x8045,0x8045,0x8045,0x8045,0x8044,0x8067,0x8047,0x8024,
  0x8023,0x8023,0x8023,0x8023,0x8023,0x8046,0x8066,0x8066,0xA504,0xA104,0xA904,0x9CE5,0x84A6,0xACA4,0x8C85,0x84A6,
  0x8086,0x84C7,0x8023,0x8024,0x8024,0x8023,0x8023,0x8023,0x8023,0x8023,0x8023,0x8023,0x8024,0x8024,0x8023,0x8003,
  0x8046,0x8069,0x8087,0x80A7,0x90A5,0x8CA4,0xA122,0x8065,0x8065,0x8065,0x8085,0x8065,0x8045,0x8025,0x8085,0x80A4,
  0x80A4,0x8066,0x8066,0x8086,0x8086,0x8066,0x88A5,0x8085,0x8085,0x84A5,0x84A5,0x84A5,0x84A5,0x8CE5,0xDE03,0xB123,
  0x9CE4,0x8884,0x8024,0x8023,0x8065,0x8065,0x8045,0x8046,0x8066,0x8045,0x8045,0x8046,0x8045,0x8046,0x8046,0x8025,
  0x8024,0x8045,0x8045,0x8046,0x8045,0x8046,0x8066,0x8045,0x8045,0x8046,0x8046,0x80AB,0x80EC,0x8046,0x8045,0x8046,
  0x8046,0x8046,0x8046,0x8046,0x8046,0x8046,0x8046,0x8046,0x8046,0x8046,0x8046,0x8046,0x8066,0x8046,0x8066,0x8067,
  0x8046,0x8046,0x8046,0x8046,0x8046,0x8047,0x8088,0x80AB,0x8046,0x8046,0x8046,0x8046,0x8046,0x8047,0x8046,0x8046,
  0x8046,0x8067,0x8067,0x8067,0x8067,0x8067,0x8067,0x8068,0x8068,0x8068,0x8068,0x8068,0x8068,0x8067,0x8067,0x8067,
  0x8067,0x850E,0x850E,0x8069,0x80CC,0x892F,0x890E,0x8089,0x8068,0x8068,0x8068,0x8068,0x8089,0x8089,0x8047,0x8069,
  0x8068,0x8068,0x8068,0x8068,0x8069,0x8069,0x8089,0x8069,0x8068,0x8089,0x8069,0x8047,0x8047,0x80ED,0x80ED,0x80CC,
  0xB966,0x994A,0x850B,0x80AB,0x80AC,0x80ED,0x80CC,0xFB04,0x8D0B,0x8D0B,0x9149,0x808B,0x80AB,0x808A,0x808A,0x80AB,
  0x80AB,0x80CB,0x8069,0x8068,0x8068,0x80CD,0x80CD,0x80AC,0x80CD,0x80CC,0x80AB,0x8089,0xA9EE,0xC271,0x80CE,0x808C,
  0x99B3,0x80AD,0x8069,0x808B,0x9592,0x9592,0x9DB3,0x99B3,0xD2D6,0xA1D3,0xA1D4,0x9DD5,0xA616,0xAA15,0xA615,0xA5F5,
  0xA5F5,0xBA96,0xBE96,0xBEB6,0x95B3,0x99D3,0xBE96,0x91B4,0xC2D8,0xBAB7,0x8552,0x8572,0xAA35,0x8552,0x8552,0x8972,
  0x8553,0x8573,0x8132,0xAE76,0x8133,0x8153,0xC2D5,0xD337,0xCAF6,0xC6D6,0xCF19,0xC2F7,0xC2F7,0xCF19,0xD73A,0x81D8,
  0x9239,0x9239,0x923A,0x965A,0x8A5B,0x8E5B,0x8E5B,0x8E5B,0xBF1E,0xC73E,0xCB5E,0xD79F,0xEFDF,0x9F5F,0x831F,0x825F,
  0x81FD,0x819B,0x8137,0x80F3,0x80D0,0x80AC,0x80AB,0x80AB,0x8067,0x80AB,0x8067,0x8067,0x8046,0x8045,0x8024,0x8023,
  0x8023,0x8023,0x8002,0x808A,0x8023,0x8023,0x8024,0x8022,0x8023,0x8002,0x8002,0x8023,0x8023,0x8002,0x8002,0x8022,
  0x8002,0x8002,0x8002,0x8002,0x8001,0x8022,0x8022,0x8022,0x8002,0x8023,0x8002,0x8002,0x8002,0x8002,0x8022,0x8002,
  0x8002,0x8002,0x8002,0x8002,0x8002,0x8002,0x8002,0x8002,0x8002,0x8002,0x8002,0x8002,0x8002,0x8002,0x8002,0x8002,
  0x8023,0x8023,0x8023,0x8022,0x8022,0x8023,0x94A6,0x8023,0x8023,0x8023,0x8023,0x8023,0x8023,0x8002,0x8002,0x8002,
  0x8002,0x8002,0x8022,0x8002,0x8002,0x8022,0x8002,0x8002,0x8002,0x8002,0x8002,0x8002,0x8022,0x8002,0x8002,0x8002,
  0x8002,0x8002,0x8002,0x8022,0x8023,0x8444,0xC2B8,0x8004,0x8023,0x8023,0x8002,0x8002,0x8002,0x8002,0x8002,0x8002,
  0x8002,0x8002,0x8023,0x8023,0x8044,0x8003,0x8044,0x8024,0x8023,0x8022,0x8002,0x8002,0x8002,0x8002,0x8002,0x8002,
  0x8002,0x8002,0x8022,0x8002,0x8088,0x8002,0x8002,0x8002,0x8022,0x8043,0x8064,0x8023,0x8022,0x8002,0x8002,0x8044,
  0x8023,0x8002,0x8002,0x8002,0x8002,0x8002,0x8023,0x8023,0x8022,0x8002,0x8002,0x8002,0x8002,0x8002,0x8022,0x8022,
  0x8022,0x8023,0x8045,0x8046,0x8046,0x8045,0x8044,0xA4C1,0x8863,0x8C63,0x8C83,0x9462,0xFF63,0xFF23,0x9CA3,0x8CA4,
  0x8CA4,0x8884,0x8884,0x98C3,0x9062,0x8C83,0x8883,0x8C84,0xFF23,0xE5A2,0x8065,0x8CA3,0x94A4,0xB0C0,0xBD01,0x9461,
  0x8024,0x8024,0x8024,0x8044,0x8043,0x8044,0x8044,0x8863,0x8045,0x8045,0x8046,0x8065,0x8063,0x8044,0x8067,0x8067,
  0x8067,0x8023,0x8003,0x8023,0x8025,0x8025,0x8024,0x8887,0xA903,0xB103,0xC564,0xC143,0xA8C4,0x9084,0x88A6,0x80A6,
  0x80A6,0x8023,0x8023,0x8023,0x8024,0x8024,0x8023,0x8023,0x8023,0x8023,0x8023,0x8023,0x8068,0x8046,0x8023,0x8023,
  0x8024,0x8026,0x8088,0x8087,0xEE41,0x8CC4,0x88C4,0x88E4,0x8045,0x8065,0x8065,0x8065,0x8045,0x8045,0x8045,0x8084,
  0x8084,0x8486,0x8086,0x8086,0x94E3,0x8086,0x8066,0x8046,0x8485,0x8485,0x84A5,0x88C5,0x84C6,0x88C5,0x8883,0x8485,
  0x8485,0xA4C3,0x8C63,0x8023,0x8065,0x88C6,0x8046,0x8088,0x8045,0x8045,0x8045,0x8045,0x8045,0x8045,0x8045,0x8045,
  0x8045,0x8045,0x8045,0x8025,0x8025,0x8025,0x8066,0x8066,0x8045,0x8045,0x8045,0x8046,0x8089,0x8067,0x8046,0x8045,
  0x8045,0x84AA,0x8089,0x8045,0x8046,0x8046,0x8046,0x8046,0x8046,0x8046,0x8046,0x8046,0x8046,0x8046,0x8066,0x8066,
  0x8046,0x8046,0x8046,0x8046,0x8046,0x8067,0x80ED,0x8088,0x8046,0x8046,0x8046,0x8046,0x8046,0x8046,0x8046,0x8046,
  0x8067,0x8067,0x8067,0x8067,0x8067,0x8067,0x8067,0x8068,0x8067,0x8068,0x8068,0x8068,0x8068,0x8067,0x8068,0x8067,
  0x8067,0x8067,0x80EE,0x8069,0x8068,0x850E,0x850E,0x8089,0x8068,0x80ED,0x8089,0x8068,0x8069,0x8089,0x8089,0x8069,
  0x8069,0x8068,0x8068,0x8068,0x8068,0x8068,0x8068,0x8069,0x8089,0x8069,0x8069,0x8068,0x8068,0x8025,0x80AB,0x80AB,
  0x80CC,0x84CC,0x8068,0x80CF,0x80CE,0x80EF,0x810F,0x850C,0x952B,0x852C,0x84EA,0x808B,0x80AB,0x808A,0x808A,0x80AB,
  0x80CB,0x80CB,0x8069,0x8068,0x8068,0x80AB,0x80CD,0x80CD,0x80CD,0x80CD,0x80AC,0x808A,0x8089,0xAE11,0xAA14,0x9191,
  0x80AD,0x80AB,0x8069,0x806A,0xADF3,0x80CD,0x9150,0xB675,0xA614,0x99B3,0x9172,0x9172,0x9DD5,0xAA16,0xAA15,0xA615,
  0xA615,0xAA35,0xB676,0xBA96,0xAA35,0xAE55,0xB676,0xA615,0xAA36,0xC6D8,0x8D72,0x8112,0xC6B7,0x9193,0xCAF8,0xA614,
  0x8531,0x8D72,0xC6D6,0x8574,0x8554,0x8574,0xA234,0xB674,0xC2B4,0x9DF6,0xB279,0xBED6,0xC2F6,0x89B5,0xD33A,0xDB7B,
  0x8E39,0x8E39,0x9239,0x965A,0xBADA,0x8E3A,0x8E5A,0x8E5A,0x865B,0xBF1D,0xC73E,0xD77F,0xD79F,0xDFDF,0xA77F,0x82DF,
  0x825E,0x819C,0x817B,0x8116,0x8135,0x80CF,0x80CF,0x808B,0x808B,0x808B,0x8067,0x8067,0x8046,0x8046,0x8046,0x8046,
  0x8023,0x8023,0x8023,0x8068,0x8003,0x8023,0x8023,0x8023,0x8022,0x8022,0x8022,0x8002,0x8002,0x8022,0x8002,0x8002,
  0x8002,0x8002,0x8002,0x8001,0x8195,0x8002,0x8002,0x8002,0x8002,0x8002,0x8002,0x8002,0x8002,0x8023,0x8022,0x8002,
  0x8002,0x8002,0x8003,0x8002,0x8002,0x8002,0x8002,0x8002,0x8002,0x8002,0x8002,0x8002,0x8002,0x8022,0x8022,0x8022,
  0x8022,0x8023,0x8023,0x8023,0x8022,0x8002,0x8487,0x8023,0x8023,0x8023,0x8023,0x8023,0x8002,0x8022,0x8002,0x8002,
  0x8044,0x8002,0x8023,0x8002,0x8002,0x8002,0x8002,0x8002,0x8002,0x8002,0x8002,0x8002,0x8002,0x8002,0x8002,0x8002,
  0x8002,0x8002,0x8002,0x8022,0x8023,0x8044,0x952C,0x8066,0x8023,0x8023,0x8022,0x8002,0x8002,0x8002,0x8002,0x8046,
  0x8002,0x8002,0x8002,0x8003,0x8023,0xFFFF,0x8023,0x8023,0x8023,0x8023,0x8022,0x8002,0x8002,0x8002,0x8002,0x8002,
  0x8002,0x8002,0x8002,0x8002,0x8023,0x8002,0x8002,0x8002,0x8002,0x8023,0x8043,0x8023,0x8065,0x8002,0x8002,0x8002,
  0x8002,0x8002,0x8002,0x8002,0x8002,0x8002,0x8023,0x8024,0x8023,0x8023,0x8023,0x8002,0x8002,0x8023,0x8024,0x8002,
  0x8022,0x8024,0x8067,0x8047,0x8047,0x8047,0x8464,0x9082,0x98A3,0x8C83,0x9084,0xD1C2,0x9882,0x94A4,0x94A4,0x8C84,
  0x8884,0x8064,0x8464,0x8CA4,0x9CA2,0x8CA4,0x88A4,0x88A4,0x88A4,0x8884,0x84A4,0x8483,0x8484,0x8064,0x8484,0x8085,
  0x8065,0x8045,0x8024,0x8024,0x8024,0x8045,0x8044,0x8485,0xB0E1,0x8045,0x8067,0x8466,0x8064,0x8065,0x8024,0x8046,
  0x8067,0x8066,0x8066,0x8066,0x8045,0x8045,0x8864,0x9CC4,0x94A3,0xA8A3,0xFFF5,0xFF6A,0xB104,0x98E5,0x8CA5,0x8065,
  0x8044,0x8023,0x8024,0x8067,0x8024,0x8024,0x8024,0x8024,0x8023,0x8024,0x8045,0x8067,0x8068,0x8068,0x8087,0x80C6,
  0x8064,0x8086,0x8087,0x8486,0x8CA6,0x88C5,0x80A4,0x88C4,0x8045,0x8065,0x8065,0x8085,0x8065,0x8045,0x8025,0x8085,
  0x8085,0x8046,0x8067,0x8086,0x84A5,0x8085,0x8045,0x8045,0x8046,0x88C5,0x8086,0x84C5,0x84C5,0x8485,0xA4E4,0x8064,
  0x8023,0x8044,0xACE3,0xC983,0xAD24,0x8CE5,0x8066,0x8025,0x8045,0x8066,0x8025,0x8025,0x8024,0x8045,0x8025,0x8045,
  0x8046,0x8045,0x8045,0x8045,0x8045,0x8025,0x8045,0x8067,0x80AA,0x8067,0x8088,0x8088,0x8046,0x8045,0x8045,0x8088,
  0x8046,0x8046,0x80EB,0x8046,0x84EC,0x84EB,0x8046,0x8046,0x8046,0x8046,0x8046,0x8046,0x8046,0x8046,0x8046,0x8046,
  0x8046,0x8046,0x8046,0x8046,0x8067,0x8067,0x8046,0x80AA,0x892F,0x8067,0x8D4F,0x8047,0x8046,0x8046,0x8046,0x8046,
  0x8067,0x8067,0x8067,0x8067,0x8067,0x8067,0x8067,0x8067,0x8067,0x8067,0x8067,0x8067,0x8068,0x8068,0x8067,0x8067,
  0x8067,0x8068,0x8068,0x80AA,0x8068,0x8046,0x84ED,0x8068,0x808A,0x810E,0x80CD,0x8089,0x8069,0x8068,0x8069,0x8069,
  0x8089,0x8089,0x8068,0x8069,0x8069,0x8068,0x8069,0x8068,0x8069,0x8069,0x8068,0x8068,0x8089,0x8046,0x8047,0x8068,
  0x80AB,0x80EF,0x80EF,0x80CE,0x8069,0x808B,0x80EE,0x850D,0xA56B,0xA109,0x80AA,0x914B,0x998B,0x850B,0x808C,0x80AB,
  0x80AB,0x80AB,0x80AB,0x808A,0x808A,0x80AA,0x80AB,0x80CC,0x80CC,0x80CD,0x80AB,0x808B,0x808C,0x808A,0x80AB,0xA1B1,
  0x850F,0x8130,0x80AD,0x808C,0x808B,0x80AC,0xAA35,0xA615,0xAA35,0x9DF3,0x80AC,0x9192,0x8952,0xAE15,0xB255,0xB255,
  0xB676,0xAE55,0xAA15,0xBA96,0xBE96,0xAA36,0xB676,0xC2B7,0xBE97,0x9DF5,0xBEB7,0xAA15,0x80CF,0xB676,0xB677,0xBE97,
  0xAE35,0x8531,0x8D93,0xB276,0x8574,0x8553,0x8573,0xBED6,0xB695,0xA217,0xA216,0xAE51,0xCAF6,0x95F7,0x85B5,0xD31A,
  0xE37B,0x8DF8,0x9239,0x9239,0x9239,0x9A59,0xB6DA,0x925A,0x8E5B,0x865B,0xC33D,0xB6FD,0xCB3E,0xC73F,0xE3DF,0xCFFF,
  0x82FF,0x829F,0x823E,0x817B,0x81BB,0x8136,0x80B0,0x80CE,0x808C,0x808C,0x8089,0x8089,0x8067,0x8067,0x8066,0x8046,
  0x8024,0x8044,0x8023,0x8023,0x8023,0x8023,0x8023,0x8023,0x8023,0x8023,0x8022,0x8002,0x8002,0x8002,0x8022,0x8002,
  0x8002,0x8002,0x8002,0x8002,0x8022,0x8002,0x8002,0x8002,0x8002,0x8022,0x8022,0x8002,0x8002,0x8022,0x8002,0x8023,
  0x8003,0x8002,0x8002,0x8002,0x8022,0x8002,0x8002,0x8002,0x8002,0x8002,0x8002,0x8002,0x8022,0x8022,0x8022,0x8022,
  0x8022,0x8022,0x8023,0x8023,0x8023,0x8002,0x88A7,0x8023,0x8023,0x8023,0x8023,0x8023,0x8023,0x8002,0x8002,0x8002,
  0x8002,0x8002,0x8002,0x8002,0x8002,0x8022,0x8002,0x8002,0x8002,0x8002,0x8002,0x8002,0x8002,0x8002,0x8002,0x8002,
  0x8002,0x8002,0x8002,0x8002,0x8022,0x8023,0x8023,0x8023,0x8023,0x8022,0x8002,0x8002,0x8002,0x8002,0x8002,0x8002,
  0x8002,0x8002,0x8002,0x8023,0x8023,0x8065,0x8024,0x8023,0x8022,0x8022,0x8002,0x8002,0x8002,0x8002,0x8002,0x8002,
  0x8002,0x8022,0x8022,0x8002,0x8023,0x8002,0x8002,0x8002,0x8002,0x8002,0x8044,0x8023,0x8022,0x8002,0x8002,0x8002,
  0x8002,0x8002,0x8002,0x8023,0x8002,0x8022,0x8023,0x8023,0x8023,0x8003,0x8023,0x8023,0x8002,0x8068,0x8068,0x8023,
  0x8023,0x8023,0x8047,0x8048,0x8047,0x8047,0x8485,0xA0C2,0x9CA3,0x90A4,0x90A4,0xB922,0x8C63,0x8C63,0x9084,0x8843,
  0x8464,0x8044,0x8064,0x8CC4,0x90A4,0x94C3,0x88A5,0x8065,0x8065,0x8884,0x88A3,0x8483,0x8044,0x8485,0x8085,0x8065,
  0x8065,0x8066,0x8025,0x8024,0x8004,0x8025,0x8065,0x8084,0x8084,0xB0E2,0xFA41,0x8865,0x8465,0x8465,0x8024,0x8045,
  0x8066,0x8087,0x8025,0x8046,0x8865,0x9CA4,0x8C84,0xB903,0xB0E2,0xDD21,0xFBDF,0xFFF5,0xA8E4,0x98E5,0x90C5,0x8485,
  0x8043,0x8024,0x8066,0x8067,0x8045,0x8024,0x8024,0x8024,0x8024,0x8046,0x8045,0x8045,0x8067,0x8046,0x8046,0x8086,
  0x84C6,0x84C6,0x88A5,0x8C84,0x88C5,0x88C5,0x84A4,0x8045,0x8066,0x8066,0x8065,0x8085,0x8065,0x8065,0x8045,0x8065,
  0x8065,0x8066,0x8066,0x8086,0x84A4,0x8085,0x8065,0x8046,0x8065,0x8CE5,0x8CE5,0x88C5,0x84A4,0x8C84,0xA923,0x8464,
  0x8024,0x8065,0x8045,0x8086,0xEA42,0x8D06,0x8085,0x8024,0x8024,0x8045,0x8025,0x8045,0x8024,0x8025,0x8025,0x8045,
  0x8046,0x8045,0x8046,0x8045,0x8045,0x8045,0x8046,0x8046,0x8046,0x8089,0x8088,0x8066,0x8045,0x8025,0x8045,0x8046,
  0x8046,0x8046,0x892E,0x8047,0x8067,0x8067,0x80CA,0x8046,0x8045,0x8045,0x8046,0x8046,0x8046,0x8046,0x8046,0x8046,
  0x8046,0x8046,0x8046,0x8046,0x8046,0x8067,0x8047,0x8047,0x892F,0x890D,0x890D,0x8067,0x8046,0x8045,0x8046,0x8046,
  0x8067,0x8068,0x8067,0x8067,0x8067,0x8067,0x8067,0x8067,0x8067,0x8067,0x8067,0x8067,0x8067,0x8067,0x8067,0x8067,
  0x8067,0x8067,0x8068,0x8089,0x8067,0x80ED,0x84ED,0x850E,0x850E,0x80ED,0x84ED,0x8068,0x8089,0x8088,0x8068,0x8089,
  0x8069,0x8089,0x8068,0x8069,0x8069,0x8069,0x8068,0x8068,0x8068,0x8068,0x8068,0x8068,0x8089,0x80AB,0x8068,0x8068,
  0x8068,0x80CE,0x80CE,0x80CD,0x8067,0x80AB,0x80AC,0x850C,0x890D,0xB528,0x8068,0x8D2A,0x916C,0x9DCB,0x80AC,0x80AC,
  0x80AB,0x80AA,0x808A,0x808A,0x808A,0x8089,0x808A,0x80AA,0x80ED,0x80ED,0x80CE,0x80CE,0x80CE,0x808B,0x80AC,0x8D50,
  0xB655,0x80CE,0x80CD,0x808C,0x808A,0x808B,0xAE55,0xA615,0xA614,0xA1F3,0x80AB,0x9171,0x9171,0x9592,0x9DB3,0x9993,
  0xB676,0xBA96,0xB676,0xB676,0xC2B6,0xAA15,0xBA77,0xBEB7,0xBE97,0xBEB7,0xBE97,0xBA97,0xB696,0x8111,0x9DF5,0xBA97,
  0xC2D8,0x8D72,0x8110,0xBA96,0x8552,0x8952,0x8951,0x9DF3,0xBAD7,0xB297,0x9DF4,0xA651,0xC6F6,0xCF3B,0x8175,0xAA78,
  0xDB5A,0x9E38,0x9239,0x9218,0x9218,0x9218,0x9239,0xD73B,0x927A,0x8A7B,0x863B,0x8A7C,0xC71D,0xC73D,0xCF7F,0xE7DF,
  0xF7FF,0x871F,0x831F,0x821F,0x817B,0x815A,0x8115,0x80D0,0x80AD,0x80AD,0x80AD,0x8068,0x8068,0x8066,0x8066,0x8045,
  0x8046,0x8068,0x8024,0x8024,0x8023,0x8023,0x8023,0x8022,0x8023,0x8023,0x8023,0x8002,0x8022,0x8002,0x8002,0x8002,
  0x8002,0x8002,0x8023,0x8022,0x8022,0x8002,0x8002,0x8002,0x8022,0x8022,0x8022,0x8002,0x8022,0x8002,0x8002,0x8002,
  0x8002,0x8002,0x8002,0x8002,0x8002,0x8002,0x8002,0x8002,0x8002,0x8002,0x8002,0x8002,0x8002,0x8002,0x8002,0x8022,
  0x8022,0x8002,0x8022,0x8022,0x8022,0x8002,0x8887,0x8023,0x8023,0x8023,0x8023,0x8023,0x8045,0x8002,0x8002,0x8002,
  0x8022,0x8002,0x8002,0x8022,0x8002,0x8002,0x8022,0x8002,0x8002,0x8002,0x8002,0x8002,0x8002,0x8002,0x8002,0x8002,
  0x8002,0x8002,0x8002,0x8022,0x8022,0x8022,0x8023,0x8023,0x8022,0x8002,0x8002,0x8002,0x8002,0x8002,0x8002,0x8002,
  0x8002,0x8002,0x8002,0x8002,0x8023,0x8023,0x8023,0x8023,0x8022,0x8022,0x8002,0x8002,0x8002,0x8002,0x8002,0x8002,
  0x8002,0x8023,0x8002,0x8002,0x8002,0x8002,0x8002,0x8002,0x8002,0x8002,0x8044,0x8044,0x8002,0x8002,0x8022,0x8022,
  0x8022,0x8023,0x8023,0x8024,0x8023,0x8002,0x8002,0x8023,0x8023,0x8003,0x8023,0x8024,0x8003,0x8023,0x8022,0x8067,
  0x8067,0x8067,0x8047,0x8048,0x8068,0x8067,0x8087,0xA8E2,0xA8E3,0x94A4,0xFF62,0x8863,0x8C63,0x8863,0x8463,0xD941,
  0x8064,0x8065,0x8065,0x8065,0x88A4,0x88A4,0x88A4,0x8066,0x8065,0x8065,0x8064,0x8484,0x8045,0x8065,0x8065,0x8065,
  0x8065,0x8484,0x8066,0x8066,0x8066,0x8086,0x8085,0x8085,0x8085,0x8086,0x8466,0x8066,0x8066,0x9483,0x8045,0x8066,
  0x80A6,0x80A6,0x8025,0x8045,0x88A6,0x88A5,0x8885,0x8CA6,0xA061,0xC522,0xC902,0xBCE1,0x9CA3,0xB8A2,0x9484,0x9482,
  0x80A5,0x8085,0x80A7,0x8066,0x8044,0x8024,0x8024,0x8024,0x8045,0x8046,0x8024,0x8044,0x80A5,0x8065,0x8024,0x8004,
  0x8045,0x88E6,0x9D04,0x8CC5,0x88C5,0x88C5,0x88E5,0x8066,0x8066,0x8066,0x8066,0x8085,0x8065,0x8045,0x8065,0x8065,
  0x8066,0x8046,0x8066,0x8066,0x8065,0x8085,0x8085,0x8086,0x8485,0x84A5,0x84A5,0x8CC5,0x8CA4,0x88A4,0x88A5,0x8CA5,
  0x8465,0x8065,0x8085,0x8086,0x9904,0x84C4,0x88C4,0x8044,0x8024,0x8025,0x8045,0x8045,0x8045,0x8025,0x8025,0x8045,
  0x8045,0x8045,0x8046,0x8045,0x8045,0x8046,0x8046,0x8025,0x8024,0x8024,0x8088,0x8024,0x8025,0x8025,0x8045,0x8046,
  0x8088,0x8046,0x8067,0x84ED,0x84CA,0x8025,0x8067,0x8046,0x8046,0x8046,0x8046,0x8046,0x8046,0x8046,0x8046,0x8046,
  0x8046,0x8046,0x8046,0x8046,0x8046,0x8046,0x8046,0x8045,0x8067,0x8D2D,0x8D2E,0x84CA,0x8068,0x8D0D,0x8066,0x8025,
  0x852E,0x8068,0x8067,0x8067,0x8067,0x8067,0x8067,0x8067,0x8067,0x8067,0x8067,0x8067,0x8067,0x8068,0x8067,0x8067,
  0x8067,0x8067,0x8067,0x8067,0x8067,0x8067,0x80AB,0x850E,0x84ED,0x84ED,0x80ED,0x810F,0x808A,0x8068,0x8068,0x8068,
  0x8068,0x8068,0x8068,0x8069,0x8069,0x8069,0x8068,0x80CC,0x8068,0x8068,0x8068,0x8068,0x8068,0x80EF,0x80EE,0x8068,
  0x8067,0x80AC,0x80AC,0x80AB,0x80CC,0x80CD,0x80CD,0x850D,0x850D,0x850D,0xF350,0x850D,0x80ED,0x850C,0x808C,0x998B,
  0x9D8C,0x808A,0x808A,0x80AB,0x80AB,0x808A,0x8089,0x80AA,0x80AB,0x80EE,0x80EE,0x80EE,0x80CE,0x80CE,0x808B,0x80AC,
  0x80AC,0x8110,0x810F,0x80AD,0x8069,0x808A,0x80CC,0x9DB1,0xA615,0xA5D1,0x80AA,0x80CC,0x9592,0x9592,0x9592,0xA5F4,
  0xAE55,0xBA97,0xBE97,0xC2B7,0xBEB7,0xBEB7,0xB256,0xAE35,0xBA96,0xBA96,0xBA96,0xB696,0xAE56,0xB675,0x9DF5,0xA216,
  0xBEB8,0xC2D8,0x80D0,0x8111,0x8572,0x8D72,0x8552,0x8551,0x8551,0xBAD7,0xBA94,0x9E33,0xB6B8,0xCF3A,0x9E36,0x85B5,
  0x85D6,0xD33A,0x89D7,0x9218,0x9218,0x9219,0x9219,0x8E39,0xCB1A,0xCB3A,0x8A5B,0x8A5B,0x8A5C,0xBF1D,0xC75E,0xD39F,
  0xD37F,0xDFBF,0x979F,0x833F,0x823F,0x819C,0x819B,0x8138,0x80F3,0x80D1,0x80AC,0x80AB,0x80EF,0x8046,0x8067,0x8068,
  0x8067,0x8045,0x8067,0x8045,0x8024,0x8023,0x8023,0x8047,0x8068,0x8023,0x8023,0x8023,0x8023,0x8002,0x8002,0x8002,
  0x8002,0x8002,0x8023,0x8022,0x8002,0x8002,0x8002,0x8022,0x8002,0x8002,0x8002,0x8002,0x8002,0x8002,0x8002,0x8002,
  0x8002,0x8002,0x8002,0x8002,0x8002,0x8002,0x8002,0x8002,0x8002,0x8002,0x8002,0x8002,0x8002,0x8002,0x8002,0x8022,
  0x8022,0x8022,0x8022,0x8023,0x8023,0x8022,0x8002,0x8023,0x8022,0x8022,0x8002,0x8002,0x8002,0x8002,0x8002,0x8002,
  0x8002,0x8002,0x8002,0x8022,0x8002,0x8002,0x8002,0x8002,0x8002,0x8002,0x8002,0x8002,0x8002,0x8002,0x8002,0x8002,
  0x8002,0x8002,0x8002,0x8002,0x8002,0x8002,0x8002,0x8002,0x8002,0x8002,0x8002,0x8002,0x8002,0x8002,0x8002,0x8002,
  0x8002,0x8002,0x8002,0x8002,0x8022,0x8023,0x8022,0x8022,0x8002,0x8002,0x8002,0x8002,0x8002,0x8002,0x8002,0x8002,
  0x8002,0x8023,0x8002,0x8002,0x8002,0x8002,0x8002,0x8002,0x8002,0x8002,0x8023,0x8023,0x8002,0x8002,0x8024,0x8023,
  0x8002,0x8024,0x8023,0x8022,0x8002,0x8002,0x8002,0x8022,0x8022,0x8002,0x8024,0x8024,0x8023,0x8003,0x8067,0x8067,
  0x8067,0x8067,0x8047,0x8068,0x9085,0x8886,0x8CA5,0xD580,0xACE3,0x94A4,0xA8C3,0x8C84,0x8863,0x8C83,0x8022,0x8883,
  0xB4C0,0x8064,0x8065,0x8045,0x8884,0x88A4,0x88A4,0x88A5,0x8065,0x8065,0x8065,0x8065,0x8045,0x8045,0x8065,0x8084,
  0x8085,0x8066,0x8065,0x8066,0x8CA3,0x8087,0x8067,0x8067,0x8066,0x8067,0x8045,0x8066,0x8067,0xE1A1,0x8066,0x8487,
  0x88C5,0x84A5,0x8484,0x8084,0x90C4,0x8CA5,0x8CA5,0xB103,0xACE3,0x8884,0xB502,0xB102,0x9CE5,0x8885,0x8464,0xF241,
  0x80A6,0x80A6,0x8085,0x8085,0x8045,0x8045,0x8024,0x8024,0x8024,0x8024,0x8046,0x80A6,0x84C4,0x84C4,0x80A5,0x8064,
  0x80C5,0x88C5,0x8CE4,0x88E5,0x84C5,0x84A5,0x84C5,0x8CE5,0x84A6,0x8065,0x8065,0x8CE5,0x8085,0x8045,0x8065,0x8066,
  0x8066,0x8066,0x8066,0x8066,0x8046,0x8046,0x8085,0x8066,0x8066,0x8065,0x84A4,0x84A5,0xD584,0x8484,0x88A5,0x9D03,
  0xCDA4,0x8CA4,0x8885,0x8065,0x8023,0x8022,0x8022,0x8024,0x8025,0x8046,0x8046,0x8045,0x8089,0x8025,0x8025,0x8025,
  0x8045,0x8045,0x8045,0x8045,0x8045,0x8066,0x8046,0x8025,0x8024,0x8024,0x8024,0x8024,0x8046,0x80A9,0x8025,0x8067,
  0x8089,0x8025,0x8024,0x84EC,0x84EC,0x88CA,0x890D,0x890C,0x8046,0x8046,0x8046,0x8046,0x8046,0x8046,0x8046,0x8045,
  0x8046,0x8046,0x8045,0x8046,0x8045,0x8045,0x8045,0x8089,0x8D2F,0x8045,0x8068,0x912D,0x8024,0x84CB,0x8D2E,0x8068,
  0x892E,0x80A9,0x8047,0x8067,0x8067,0x8046,0x8067,0x8067,0x8067,0x8067,0x8067,0x8067,0x8068,0x8068,0x8067,0x8067,
  0x8067,0x8067,0x8047,0x8067,0x808A,0x8067,0x8067,0x8047,0x80AB,0x80CD,0x8068,0x8068,0x80EE,0x80CC,0x8068,0x8068,
  0x8068,0x8068,0x8068,0x8068,0x8068,0x8069,0x8068,0x80EC,0x80ED,0x8068,0x8068,0x8068,0x8068,0x80EF,0x80EF,0x8047,
  0x8047,0x80AC,0x8024,0x8024,0x8068,0x80CD,0x9D27,0x892C,0x810E,0x812E,0xB1EF,0x8D71,0x812F,0x810F,0x80AB,0x80AA,
  0x958C,0x808A,0x8130,0x80AB,0x80AB,0x808A,0x808A,0x808A,0x8089,0x80AC,0x808B,0x808A,0x80CD,0x80CD,0x80CD,0x808B,
  0x808B,0x84EF,0x80EF,0x80EF,0x806A,0x808B,0x808A,0x8069,0x9DD2,0x9DD2,0x890D,0x80AC,0x80AC,0x9593,0x9591,0xBA75,
  0xAA35,0xBA76,0xB675,0xBA97,0xBEB7,0xBEB7,0xBA97,0xB276,0xB696,0xAA34,0xB677,0xB696,0xBE97,0xB256,0xAA35,0xB676,
  0xB677,0xBA97,0xA1F4,0x80F0,0x8951,0x8D92,0x8973,0x8552,0x8152,0x9E15,0xBE94,0xA635,0x89B7,0xCF3A,0xC6F8,0x8DB5,
  0x85B5,0xB298,0xB6B9,0x85D7,0x8E18,0x9218,0x9219,0x9239,0x9239,0xDB3A,0xD33A,0x863B,0x8E3C,0x965C,0xC73D,0xCB5E,
  0xCF7E,0xE3DF,0xEFFF,0x82FF,0x831F,0x827F,0x81BD,0x817C,0x8116,0x80F4,0x80D0,0x80AC,0x808B,0x808A,0x8068,0x850F,
  0x8067,0x8066,0x8067,0x8046,0x8023,0x8023,0x8023,0x8024,0x8023,0x8023,0x8023,0x8023,0x8023,0x8002,0x8002,0x8002,
  0x8002,0x8002,0x8002,0x8002,0x8002,0x8002,0x8002,0x8022,0x8002,0x8002,0x8002,0x8002,0x8002,0x8002,0x8002,0x8002,
  0x8002,0x8002,0x8002,0x8002,0x8002,0x8002,0x8002,0x8002,0x8002,0x8002,0x8002,0x8002,0x8002,0x8002,0x8002,0x8002,
  0x8002,0x8023,0x8022,0x8022,0x8022,0x8022,0x8022,0x8023,0x8022,0x8002,0x8002,0x8002,0x8002,0x8023,0x8002,0x8002,
  0x8002,0x8024,0x8002,0x8002,0x8022,0x8002,0x8002,0x8002,0x8002,0x8022,0x8002,0x8002,0x8002,0x8002,0x8002,0x8002,
  0x8002,0x8023,0x8002,0x8002,0x8002,0x8002,0x8002,0x8002,0x8002,0x8002,0x8002,0x8002,0x8002,0x8002,0x8002,0x8002,
  0x8002,0x8002,0x8002,0x8002,0x8002,0x8022,0x8002,0x8002,0x8002,0x8002,0x8002,0x8002,0x8002,0x8002,0x8002,0x8002,
  0x8002,0x8002,0x8002,0x8002,0x8002,0x8002,0x8002,0x8002,0x8002,0x8002,0x8024,0x8024,0x8023,0x8023,0x8044,0x8044,
  0x8022,0x8023,0x8023,0x8023,0x8023,0x8002,0x8002,0x8023,0x8002,0x8002,0x8023,0x8023,0x8023,0x8045,0x8068,0x8067,
  0x8067,0x8067,0x8067,0x8066,0x98A4,0x98A4,0xA904,0xB4C2,0xC523,0xEE64,0x98A3,0x98A3,0x98C4,0x8C83,0x8C83,0x8064,
  0x9CA1,0x8045,0x8065,0x8465,0x8484,0x8484,0x88A5,0x88A5,0x88A5,0x8485,0x8065,0x8044,0x8065,0x8065,0x8065,0x8085,
  0x8086,0x8066,0x8066,0x8086,0x8485,0x8087,0x8067,0x8066,0x8046,0x8067,0x8045,0x8066,0x8066,0x8067,0x8067,0x84A7,
  0x9082,0x8863,0x8484,0x8883,0x94C3,0x90C4,0x90A5,0xC544,0x88A5,0x8485,0xA0C3,0x9CE4,0x8CE5,0x88C5,0x8086,0x8066,
  0x84A6,0x84A6,0xBCE2,0xD941,0x8046,0x8024,0x8023,0x8023,0x8023,0x8024,0x8024,0x8024,0x84C4,0xCDA3,0x8CA3,0x84A5,
  0x80A5,0x84C5,0x8084,0x84C5,0x84C5,0x84A5,0x8086,0x88E6,0x8D06,0x8085,0x88A5,0x8D05,0x84C5,0x8065,0x8086,0x8D05,
  0x9105,0x8066,0x8066,0x8066,0x8066,0x8066,0x8086,0x8066,0x8066,0x8065,0x88A4,0x88A4,0xB504,0x90E5,0x80A4,0x88C4,
  0xA503,0x90A5,0xBD23,0x80A5,0x8485,0x84A4,0x88A5,0x8024,0x8025,0x8089,0x80A9,0x8024,0x8045,0x8045,0x8045,0x8024,
  0x8045,0x8045,0x8045,0x8045,0x8045,0x8066,0x8046,0x8045,0x8045,0x8044,0x8024,0x8024,0x8024,0x8088,0x8045,0x80A9,
  0x8024,0x8045,0x8045,0x8068,0x890D,0x84EB,0x84CB,0x84EC,0x8045,0x8045,0x8045,0x8046,0x8046,0x8046,0x8046,0x8046,
  0x8046,0x8046,0x8045,0x8046,0x8045,0x8045,0x8046,0x8046,0x8046,0x914F,0x914E,0x912E,0x912E,0x8D0D,0x912E,0x8D2E,
  0x890D,0x8089,0x8047,0x8067,0x8046,0x8046,0x8045,0x890D,0x8067,0x892D,0x8068,0x8068,0x8068,0x8068,0x8067,0x8067,
  0x8067,0x8067,0x8067,0x8067,0x8067,0x8067,0x8067,0x8047,0x8068,0x80EE,0x80AB,0x8068,0x8068,0x80ED,0x8068,0x8068,
  0x8089,0x8089,0x8068,0x8068,0x8068,0x8068,0x8068,0x8068,0x80ED,0x80EE,0x8068,0x8068,0x8068,0x8068,0x8089,0x80CD,
  0x80CD,0x80CD,0x8046,0x8046,0x8069,0x80CD,0x80CD,0x8D2D,0xADCC,0x998D,0xCA49,0x9D4A,0x808A,0x80AC,0x914C,0x956A,
  0x958B,0x808A,0x80AA,0x80AC,0x808A,0x808A,0x808A,0x8089,0x8069,0x80ED,0x808A,0x808B,0x80CE,0x80CD,0x80CD,0x80CD,
  0x80AB,0x808A,0x80AC,0x8110,0x8972,0x808B,0x808B,0x808B,0x808C,0xA214,0xA614,0x80AC,0x80AC,0x8069,0x99B0,0xA1F2,
  0xBA75,0x8953,0x8D73,0xB677,0xBE97,0xC2D8,0xC2D8,0xBEB8,0x9DB3,0x99B3,0x9DD3,0xB676,0xBA97,0xBA97,0xC2B7,0xBE97,
  0xBEB7,0xAE56,0xB676,0xAE35,0x8552,0xCAF6,0xAE75,0x8573,0x8553,0x8552,0x9E14,0xB275,0x8D95,0x9DD3,0xC2D6,0xC6F7,
  0x91F5,0x85B5,0xBEF9,0x89D7,0x9219,0x9219,0x9219,0x9219,0x9239,0x9A5A,0xBAFA,0xD77B,0xCB5B,0x8E3C,0xCB5E,0xC31D,
  0xCB5E,0xCB5E,0xD79F,0xEFFF,0x8B3F,0x831F,0x823F,0x819C,0x8138,0x8116,0x80F1,0x80CF,0x80AB,0x80AC,0x80AB,0x8068,
  0x8067,0x8067,0x8067,0x8046,0x8045,0x8023,0x8024,0x8024,0x8023,0x8023,0x8023,0x8023,0x8023,0x8023,0x8022,0x8002,
  0x8002,0x8002,0x8002,0x8002,0x8002,0x8002,0x8022,0x8022,0x8022,0x8002,0x8002,0x8002,0x8002,0x8002,0x8002,0x8002,
  0x8002,0x8002,0x8002,0x8002,0x8022,0x8023,0x8002,0x8023,0x8002,0x8022,0x8023,0x8022,0x8002,0x8002,0x8002,0x8002,
  0x8002,0x8002,0x8022,0x8022,0x8002,0x8022,0x8022,0x8022,0x8002,0x8002,0x8002,0x8002,0x8002,0x8002,0x8002,0x8002,
  0x8002,0x8002,0x8002,0x8002,0x8022,0x8002,0x8002,0x8002,0x8002,0x8002,0x8002,0x8002,0x8002,0x8002,0x8002,0x8002,
  0x8002,0x8002,0x8002,0x8002,0x8002,0x8002,0x8022,0x8002,0x8002,0x8002,0x8002,0x8002,0x8002,0x8002,0x8002,0x8002,
  0x8002,0x8002,0x8002,0x8002,0x8002,0x8022,0x8002,0x8002,0x8002,0x8002,0x8002,0x8002,0x8002,0x8002,0x8002,0x8002,
  0x8023,0x8002,0x8002,0x8002,0x8002,0x8002,0x8002,0x8002,0x8002,0x8022,0x8024,0x8044,0x8045,0x8024,0x8024,0x8044,
  0x8044,0x8022,0x8023,0x8023,0x8023,0x8022,0x8022,0x8023,0x8002,0x8022,0x8023,0x8023,0x8024,0x8068,0x8067,0x8067,
  0x8068,0x8067,0x8067,0x98A3,0x98A3,0x9CC3,0xFE80,0xFBDC,0xF6C5,0xC542,0xA8E3,0xA4E4,0x90C4,0x8884,0x88A4,0x8065,
  0x8884,0x8066,0x8065,0x8045,0x8065,0x8085,0x84A4,0x8485,0x88A4,0x8085,0x8045,0x8045,0x8045,0x8045,0x8066,0x8066,
  0x8066,0x8066,0x8086,0x8045,0x8086,0x8086,0x8066,0x8065,0x8066,0x8066,0x8065,0x8087,0x8088,0x8067,0x8067,0x8485,
  0x88A4,0x8463,0x94A4,0xA8C2,0xFF47,0xACA2,0x9484,0x8C84,0x8485,0x8484,0x8065,0x8CC4,0x84C4,0x88C5,0x8085,0x80A7,
  0x80A7,0x8067,0x8066,0x8066,0x8065,0x8065,0x8422,0xE9C0,0xB8C0,0x8066,0x8067,0x8088,0xC9A3,0x8CC4,0x84C5,0x80A6,
  0x8045,0x8066,0x8066,0x8085,0x8085,0x8065,0x8066,0x8086,0x8CE5,0x8CE5,0x8084,0x9105,0x84A5,0x8065,0x8066,0x8D06,
  0x88C5,0x8065,0x84A6,0x84A5,0x8086,0x8086,0x8086,0x8066,0x88A5,0x8065,0x8044,0x8064,0x8483,0xB983,0x80A5,0x84A6,
  0x8CE5,0x9106,0x94E4,0x88A4,0x88A5,0x84C5,0x84A5,0x8045,0x8044,0x84C8,0x80A9,0x80AA,0x8046,0x8045,0x8045,0x8024,
  0x8045,0x8045,0x8045,0x8045,0x8045,0x8046,0x8025,0x8045,0x8046,0x8045,0x8045,0x8045,0x8046,0x8046,0x8024,0x8045,
  0x8067,0x8088,0x8046,0x8046,0x890D,0x8067,0x8045,0x8088,0x8024,0x8024,0x8046,0x8046,0x80EC,0x8046,0x8046,0x8046,
  0x8045,0x8046,0x8045,0x8046,0x8045,0x8046,0x8046,0x8046,0x8046,0x8046,0x84AA,0x914E,0x8D2D,0x8D2D,0x914E,0x890C,
  0x84CB,0x8066,0x8046,0x8046,0x80A9,0x8067,0x8046,0x80AA,0x8046,0x8067,0x8089,0x850D,0x8068,0x8068,0x8067,0x8067,
  0x8067,0x8067,0x8067,0x8067,0x8067,0x8067,0x8067,0x8067,0x8067,0x808A,0x8068,0x8089,0x8067,0x8089,0x8068,0x8089,
  0x8069,0x8069,0x8069,0x8068,0x8068,0x8068,0x8068,0x8068,0x8068,0x8068,0x80EC,0x8068,0x8068,0x8068,0x8068,0x8067,
  0x8067,0x8068,0x80CC,0x8068,0x8068,0x80EE,0x80AC,0x80CC,0x80EC,0x80ED,0x9D8D,0xB9C7,0x80AA,0x8069,0x8069,0x8089,
  0x916B,0x8089,0x8089,0xB22E,0x808A,0x808A,0x808A,0x8089,0x8089,0x808A,0x808A,0x80AB,0x80AC,0x80CC,0x80CD,0x80CC,
  0x80CC,0x80AB,0x80CC,0x808B,0x8552,0x8131,0x80AB,0x808B,0x808B,0x808A,0x808B,0xA60D,0x80AB,0x80AB,0x80AB,0x958F,
  0x9173,0x9193,0x8D72,0xA5F4,0xAA35,0xBA97,0xB276,0xB676,0xA1D3,0xAE34,0xC2B6,0xA615,0xA5F4,0x9DD4,0xAA15,0xBE97,
  0xBA96,0xAE55,0xBA96,0xC2D7,0xB697,0x95D4,0xBA95,0x8552,0x8151,0x8DB2,0x8DB1,0x8DB1,0x99F1,0x9192,0x8551,0xBED6,
  0xB6B8,0xD35A,0x99F6,0x85B6,0x89D6,0x8DF7,0x9218,0x9218,0x9218,0x9239,0x9259,0xC73A,0xD33A,0xCB3B,0xA27B,0xBF3D,
  0xC73D,0xC31D,0xCB5E,0xD79F,0xEBDF,0x8F3F,0x871F,0x825F,0x81DD,0x819C,0x8115,0x8136,0x80CF,0x80F0,0x80AC,0x80AB,
  0x8046,0x8067,0x8067,0x8067,0x8025,0x8046,0x8068,0x8023,0x8045,0x8023,0x8023,0x8023,0x8023,0x8023,0x8023,0x8023,
  0x8023,0x8022,0x8044,0x8022,0x8023,0x8022,0x8022,0x8022,0x8022,0x8022,0x8002,0x8002,0x8002,0x8022,0x8002,0x8022,
  0x8022,0x8023,0x8002,0x8023,0x8002,0x8022,0x8002,0x8002,0x8022,0x8002,0x8002,0x8022,0x8002,0x8002,0x8002,0x8002,
  0x8002,0x8002,0x8002,0x8022,0x8022,0x8022,0x8022,0x8002,0x8002,0x8002,0x8023,0x8002,0x8002,0x8002,0x8002,0x8002,
  0x8002,0x8002,0x8002,0x8002,0x8002,0x8023,0x8002,0x8002,0x8002,0x8002,0x8002,0x8002,0x8002,0x8002,0x8002,0x8002,
  0x8002,0x8002,0x8002,0x8002,0x8002,0x8002,0x8002,0x8002,0x8002,0x8002,0x8002,0x8002,0x8002,0x8002,0x8002,0x8002,
  0x8002,0x8002,0x8002,0x8002,0x8002,0x8002,0x8002,0x8002,0x8002,0x8002,0x8002,0x8002,0x8002,0x8002,0x8002,0x8002,
  0x8002,0x8002,0x8023,0x8023,0x8002,0x8023,0x8043,0x8043,0x8002,0x8002,0x8024,0x8023,0x8044,0x8024,0x8024,0x8044,
  0x8024,0x8022,0x8022,0x8024,0x8024,0x8045,0x8024,0x8024,0x8002,0x8002,0x8023,0x8023,0x8023,0x8067,0x8024,0x8068,
  0x8068,0x8025,0x8067,0x98A3,0x94A3,0x9083,0xFB09,0xFFDF,0xFB2A,0xC122,0x9CA3,0x94A4,0x88A5,0x8CC4,0x88A4,0x8045,
  0x8024,0x8065,0x8065,0x8045,0x8064,0x8084,0x8085,0x8085,0x84A5,0x8065,0x8045,0x8045,0x8024,0x8045,0x8066,0x8066,
  0x8066,0x8067,0x8066,0x8086,0x8086,0x8066,0x8086,0x8066,0x8066,0x8066,0x8065,0x8087,0x8088,0x8066,0x8046,0x84A4,
  0x8485,0x84A5,0x8CA4,0x9CA4,0xFB67,0x98A4,0x90A3,0x8C83,0x8484,0x84A4,0x8046,0x8046,0x88C5,0x88C5,0x88C5,0x88C5,
  0x84C6,0x8045,0x8067,0x8067,0x8024,0x8024,0x8045,0x8066,0x8067,0x8067,0x8024,0x8025,0x84A6,0x84A4,0x84C5,0x80A5,
  0x8046,0x8066,0x8045,0x8065,0x8044,0x8045,0x8046,0x84A5,0x8CC5,0x8CE5,0x88E5,0x9525,0x94E4,0x84A7,0x9106,0x9105,
  0x84A5,0x8065,0x88E5,0x8D05,0x8CE5,0x88E5,0x88C5,0x8066,0x8085,0x8065,0x8065,0x8065,0x8084,0x88A4,0x80A5,0x8085,
  0x8CE6,0x8CE5,0x90E4,0xB922,0x8CA4,0x88C5,0x8CE5,0x8464,0x8044,0x8CC6,0x8CE6,0x80AA,0x8046,0x8045,0x8068,0x8025,
  0x8025,0x8025,0x8025,0x8025,0x8045,0x8045,0x8046,0x8045,0x8045,0x8045,0x8045,0x8025,0x8046,0x8067,0x8045,0x8046,
  0x8088,0x8066,0x8024,0x8025,0x84EB,0x80A9,0x8046,0x8045,0x8045,0x8045,0x8046,0x8088,0x80CB,0x8046,0x8046,0x8045,
  0x8045,0x8045,0x8045,0x8045,0x8045,0x8045,0x8046,0x8046,0x8046,0x8046,0x8046,0x8D2E,0x8088,0x8D2D,0x912E,0x912E,
  0x8D2D,0x8D0D,0x8D0C,0x8025,0x8046,0x890D,0x8067,0x8067,0x84EC,0x84EC,0x8068,0x890D,0x8089,0x8067,0x8067,0x8067,
  0x8067,0x8067,0x8067,0x8067,0x8067,0x8067,0x8067,0x8067,0x8067,0x8068,0x8068,0x808B,0x8069,0x8047,0x852F,0x8068,
  0x8068,0x8068,0x8068,0x8068,0x8068,0x8068,0x8068,0x8068,0x8068,0x8068,0x80ED,0x8089,0x8068,0x8067,0x8068,0x8068,
  0x8068,0x8068,0x80CE,0x80CE,0x8068,0x8068,0x80AC,0x80CD,0xCE09,0x80AB,0x812E,0x84EC,0x810D,0x80AB,0x8068,0x8069,
  0x850C,0x80CB,0x84A9,0xA18A,0x890A,0x808A,0x808A,0x8089,0x8089,0x808A,0x80AB,0x808A,0x80AB,0x808A,0x80AC,0x80AC,
  0x80AB,0x80AC,0x80AC,0x80CC,0x8089,0x810F,0x80EE,0x80AC,0x808A,0x80AB,0x80AB,0x80CA,0x80CB,0x84EC,0x80CD,0x8D51,
  0x9172,0x9193,0x9191,0xAA12,0x99B2,0x9DB2,0xAE35,0xBA97,0xAA14,0xB255,0x9DD4,0x9DD4,0xA614,0x9DD3,0x99B3,0xB655,
  0xBA97,0xBE97,0xBE97,0xC2B7,0xBA97,0x9DB3,0xB655,0x9DD3,0x8131,0x8D91,0x8D90,0x9190,0xA60F,0x99F2,0x8152,0xBED6,
  0x8595,0x8154,0xCB19,0xC2F7,0x9A16,0x8DD6,0x9217,0x8DD6,0x9218,0x9239,0xA699,0x8A19,0xBEF9,0xD33A,0xCB1A,0xBAFC,
  0xCB3D,0xAA9C,0xC71D,0xD77E,0xCF5F,0xEFDF,0xA33F,0x873F,0x827F,0x81BD,0x819C,0x8138,0x8114,0x80CF,0x80CE,0x80AC,
  0x80AB,0x808A,0x8068,0x8068,0x8047,0x8067,0x8067,0x8045,0x8023,0x8024,0x8023,0x8023,0x8023,0x8023,0x8023,0x8023,
  0x8023,0x8023,0x8002,0x8023,0x8002,0x8002,0x8022,0x8002,0x8002,0x8002,0x8002,0x8002,0x8002,0x8022,0x8022,0x8023,
  0x8023,0x8023,0x8023,0x8022,0x8023,0x8022,0x8002,0x8002,0x8002,0x8002,0x8002,0x8002,0x8002,0x8002,0x8002,0x8002,
  0x8022,0x8022,0x8002,0x8022,0x8002,0x8002,0x8022,0x8002,0x8002,0x8002,0x8002,0x8002,0x8002,0x8002,0x8002,0x8002,
  0x8002,0x8023,0x8002,0x8002,0x8002,0x8002,0x8022,0x8002,0x8002,0x8002,0x8002,0x8002,0x8002,0x8002,0x8002,0x8002,
  0x8002,0x8002,0x8002,0x8002,0x8002,0x8002,0x8002,0x8002,0x8002,0x8002,0x8002,0x8002,0x8023,0x8022,0x8002,0x8002,
  0x8002,0x8002,0x8002,0x8002,0x8002,0x8022,0x8002,0x8002,0x8022,0x8002,0x8002,0x8002,0x8022,0x8002,0x8002,0x8002,
  0x8002,0x8002,0x8044,0x8023,0x8002,0x8002,0x8044,0x8064,0x8002,0x8002,0x8024,0x8044,0x8044,0x8044,0x8044,0x8044,
  0x8044,0x8044,0x8002,0x8023,0x8045,0x8045,0x8045,0x8003,0x8022,0x8023,0x8002,0x8022,0x8023,0x8023,0x8024,0x8068,
  0x8067,0x8025,0x8045,0x98A3,0xB4E1,0x9C62,0xA462,0xEE01,0xC8E1,0xA081,0x9CA2,0x98C3,0x94C4,0x90A4,0x88A4,0x8484,
  0x8484,0x8044,0x8065,0x8045,0x8065,0x8065,0x8045,0x8085,0x88C4,0x88C4,0x8065,0x8045,0x8045,0x8045,0x8066,0x8066,
  0x8066,0x8066,0x8065,0x8065,0x8086,0x8086,0x8066,0x8067,0x8067,0x8066,0x8066,0x8066,0x8086,0x8066,0x8045,0x8066,
  0x8067,0x8087,0x8CA4,0x98C4,0xA4E4,0xFB43,0x8CA4,0x88A4,0x8484,0x84A4,0x8086,0x8047,0x8088,0x8087,0x88C5,0x88C5,
  0x88C5,0x84A5,0x8067,0x8066,0x8023,0x8024,0x8024,0x8088,0x8068,0x8067,0x8025,0x8025,0x8046,0x84C5,0x84C5,0x80A5,
  0x8046,0x8066,0x8066,0x8024,0x8003,0x8003,0x8045,0x8066,0x8044,0x8CE5,0x9106,0xA566,0xB184,0x9506,0x9526,0x9105,
  0x8CC4,0x88C5,0x9106,0x88E5,0x90E5,0x80A6,0x8045,0x8045,0x8085,0x8085,0x8025,0x8086,0x8065,0x8065,0x88C5,0x88C5,
  0x8085,0x88C5,0x8CC4,0x90E5,0x8484,0x8084,0x84A5,0x88C5,0xF6E8,0x9CC4,0x9924,0x9524,0x84A6,0x8046,0x8089,0x8089,
  0x8024,0x8024,0x8024,0x8025,0x8045,0x8045,0x8045,0x8045,0x8045,0x8045,0x8045,0x8025,0x8025,0x8045,0x8045,0x8089,
  0x8046,0x8067,0x8024,0x8025,0x8045,0x80AA,0x8067,0x8045,0x8045,0x8025,0x8025,0x8024,0x8024,0x84CA,0x84CB,0x8025,
  0x8045,0x8045,0x8045,0x8045,0x8046,0x8046,0x8046,0x8045,0x8045,0x8045,0x8046,0x850D,0x80A9,0x912D,0x912D,0x912E,
  0x912E,0x8D2D,0x912E,0x954E,0x890D,0x912E,0x8D2E,0x8068,0x914F,0x912E,0x84AA,0x84AA,0x8045,0x84CB,0x8D50,0x8067,
  0x8067,0x8067,0x8067,0x8067,0x8067,0x8067,0x8067,0x8067,0x8067,0x8068,0x8067,0x8068,0x8068,0x8068,0x91D4,0x8068,
  0x8068,0x8068,0x8068,0x8068,0x8068,0x8068,0x8068,0x8068,0x8068,0x8068,0x8068,0x8089,0x8067,0x8089,0x8068,0x8068,
  0x8068,0x8068,0x8069,0x80CE,0x808A,0x8067,0x8068,0x80EE,0x84ED,0x80CC,0x8045,0x88C9,0x8CE8,0x80CB,0x80CB,0x80AB,
  0x80AB,0x808A,0x80CD,0x810C,0x810B,0x80AB,0x80CB,0x808A,0x8089,0x808A,0x808A,0x808A,0x808A,0x808A,0x808A,0x808A,
  0x80AB,0x8111,0x80AB,0x80AB,0x8068,0x80EE,0x80EF,0x80EF,0x8110,0x80CD,0x808B,0x80CC,0x894F,0x9DAD,0x956E,0x852F,
  0x84ED,0x808B,0x8D6E,0x9DD2,0x9DB3,0x9DD3,0x9151,0xBA75,0xC2B6,0xBA96,0xAE35,0x9DD4,0xBA76,0xB676,0x9572,0x9572,
  0xA1F4,0x9DF4,0xB256,0xBA97,0xBEB7,0xB256,0x9193,0xB676,0x95D4,0x8132,0x8132,0x8D90,0x9191,0x91B2,0x99F2,0x91D3,
  0xA214,0x8575,0x8995,0x8595,0x8DB6,0x8DB6,0x8DD6,0x8DD6,0x9217,0x9218,0x9218,0x8E19,0x8E18,0xBAF9,0xCB3A,0xCB3A,
  0xCB3B,0x8DFA,0xAA9C,0xC31D,0xCF5E,0xCB5E,0xDFBF,0xEFFF,0x82FF,0x82BF,0x823F,0x815B,0x8138,0x8116,0x80F1,0x80AF,
  0x80AD,0x8132,0x8068,0x8068,0x8047,0x8067,0x8046,0x8003,0x8067,0x8023,0x8023,0x8023,0x8025,0x8002,0x8023,0x8023,
  0x8023,0x8023,0x8023,0x8002,0x8002,0x8022,0x8022,0x8022,0x8002,0x8002,0x8002,0x8002,0x8023,0x8023,0x8023,0x8023,
  0x8023,0x8023,0x8023,0x8023,0x8023,0x8022,0x8002,0x8002,0x8002,0x8002,0x8002,0x8002,0x8002,0x8002,0x8002,0x8002,
  0x8002,0x8002,0x8002,0x8002,0x8002,0x8002,0x8022,0x8023,0x8022,0x8002,0x8002,0x8002,0x8023,0x8002,0x8002,0x8002,
  0x8002,0x8002,0x8002,0x8022,0x8022,0x8002,0x8002,0x8023,0x8002,0x8002,0x8002,0x8002,0x8002,0x8002,0x8002,0x8022,
  0x8002,0x8002,0x8002,0x8002,0x8002,0x8002,0x8002,0x8002,0x8002,0x8022,0x8002,0x8002,0x8002,0x8002,0x8002,0x8002,
  0x8002,0x8002,0x8002,0x8002,0x8002,0x8002,0x8002,0x8002,0x8002,0x8002,0x8002,0x8002,0x8002,0x8002,0x8002,0x8002,
  0x8002,0x8002,0x8002,0x8002,0x8023,0x8002,0x8002,0x8022,0x8002,0x8023,0x8024,0x8024,0x8024,0x8044,0x8044,0x8044,
  0x8044,0x8045,0x8045,0x8045,0x8045,0x8045,0x8045,0x8023,0x8023,0x8022,0x8022,0x8002,0x8023,0x8002,0x8022,0x8067,
  0x8046,0x8066,0xA0C3,0x8C63,0x8C84,0x8864,0x9CA2,0xB922,0x98A3,0x8C41,0x98A3,0x94C3,0x94C3,0xA4E2,0x90C4,0x8CA4,
  0x8483,0x8464,0x8065,0x8024,0x8066,0x8065,0x8025,0x80A6,0x8085,0x84C5,0x88C5,0x84A5,0x8046,0x8485,0x8066,0x8066,
  0x8066,0x8002,0x8002,0x8065,0x8066,0x8024,0x8067,0x8067,0x8067,0x8066,0x8066,0x8066,0x8085,0x8066,0x8066,0x8067,
  0x8067,0x8067,0x8CC5,0x94C5,0x9CC4,0x9083,0x8CA4,0x8485,0x8485,0x8485,0x8066,0x8046,0x8046,0x8067,0x8085,0x88C5,
  0x84C5,0x8CE4,0x8067,0x8067,0x8045,0x8024,0x8023,0x8024,0x8067,0x8067,0x8067,0x8003,0x8046,0x8087,0x84C5,0x84C4,
  0x8065,0x8066,0x8066,0x8066,0x8066,0x8003,0x8023,0x8023,0x8CE4,0x8D05,0x8044,0x9D24,0x9505,0x9525,0x9525,0xD541,
  0x90E6,0x9106,0x9106,0x8CE5,0x88C5,0x8086,0x8065,0x8045,0x8085,0x8086,0x8046,0x80A6,0x8065,0x8085,0x84C5,0x84A5,
  0x8086,0x88E5,0x8085,0x8064,0x8085,0x84A5,0x8085,0x8485,0x8485,0x98C4,0xB562,0x9504,0x8064,0x8024,0x8067,0x8089,
  0x8024,0x8024,0x8024,0x8024,0x8045,0x8045,0x8045,0x8045,0x8045,0x8045,0x8025,0x8025,0x8045,0x8045,0x8045,0x8046,
  0x8045,0x8088,0x8087,0x8025,0x8045,0x8046,0x8045,0x8045,0x8045,0x8025,0x80CA,0x8024,0x8024,0x84CA,0x890D,0x8046,
  0x8046,0x8045,0x8045,0x8045,0x8046,0x8046,0x8046,0x8045,0x8045,0x8024,0x8066,0x850D,0x8D0C,0x912D,0x914E,0x914E,
  0x914E,0x914F,0x912E,0x88EC,0x912E,0x912F,0x912E,0x84CA,0x8D0D,0x8D2D,0x8D2E,0x8D2D,0x8046,0x8067,0x9170,0x8068,
  0x8067,0x8068,0x8067,0x8067,0x8067,0x8067,0x8067,0x8067,0x8067,0x8067,0x8067,0x8068,0x8068,0x8068,0x8067,0x80AA,
  0x8068,0x8068,0x8068,0x8068,0x8068,0x8068,0x8068,0x8068,0x8068,0x8068,0x8068,0x8068,0x8068,0x80AB,0x8068,0x8068,
  0x8068,0x8068,0x8068,0x80CD,0x80CE,0x80CD,0x8047,0x8047,0x808B,0x808B,0x80AB,0x80AB,0xD627,0x80CA,0x80CB,0x80CC,
  0x808B,0x808B,0x80AB,0x80AB,0x80AA,0x80EB,0x80EC,0x808A,0x80AB,0x80AB,0x80AB,0x808A,0x808A,0x808A,0x808A,0x808A,
  0x80CD,0x80F0,0x80CC,0x80AA,0x8089,0x80CC,0x8131,0x8110,0x8110,0x80EF,0x808A,0x80AB,0x812F,0xAA11,0xBA50,0x8D2E,
  0x80AB,0x80CC,0x892C,0xA5F1,0x9DB2,0x9DB3,0x9DD3,0xB255,0xBA76,0xBA76,0xBA97,0xAE35,0xB676,0xB255,0x9171,0x9171,
  0x9171,0x9DD3,0xAA35,0xAE55,0xB676,0xBEB8,0xB697,0x9DF4,0xB676,0x8552,0x8152,0x95B1,0x99D1,0x8972,0x8D91,0xA632,
  0xA212,0x91B5,0x8DB5,0x8DB5,0x8DB5,0x8DB6,0x8DD6,0x8DD6,0x8DD6,0x8DD7,0x8E18,0x8E18,0x8DF8,0x8DF7,0xB6B8,0xBEFA,
  0xB2DA,0xCF5B,0x8DFA,0xBB3D,0xBF3E,0xCB5E,0xCF9F,0xE7DF,0xEFFF,0x831F,0x827F,0x823F,0x81BC,0x8138,0x8115,0x80F2,
  0x80D0,0x80AD,0x808C,0x808A,0x80AB,0x8067,0x8046,0x8046,0x8067,0x8067,0x8023,0x8023,0x8023,0x8023,0x8023,0x8023,
  0x8023,0x8023,0x8023,0x8002,0x8023,0x8023,0x8002,0x8002,0x8002,0x8023,0x8002,0x8002,0x8023,0x8023,0x8023,0x8023,
  0x8024,0x8043,0x8024,0x8023,0x8023,0x8022,0x8002,0x8002,0x8002,0x8002,0x8002,0x8002,0x8022,0x8022,0x8002,0x8022,
  0x8002,0x8002,0x8002,0x8022,0x8022,0x8002,0x8002,0x8002,0x8023,0x8002,0x8002,0x8002,0x8002,0x8002,0x8002,0x8002,
  0x8002,0x8002,0x8002,0x8002,0x8002,0x8002,0x8002,0x8002,0x8002,0x8002,0x8002,0x8002,0x8002,0x8002,0x8022,0x8002,
  0x8023,0x8002,0x8002,0x8002,0x8002,0x8002,0x8002,0x8002,0x8002,0x8002,0x8002,0x8002,0x8002,0x8002,0x8002,0x8002,
  0x8002,0x8022,0x8002,0x8002,0x8002,0x8022,0x8002,0x8002,0x8002,0x8002,0x8002,0x8002,0x8022,0x8002,0x8002,0x8002,
  0x8023,0x8002,0x8043,0x8023,0x8044,0x8023,0x8002,0x8002,0x8002,0x8024,0x8024,0x8024,0x8044,0x8044,0x8044,0x8023,
  0x8002,0x8023,0x8045,0x8045,0x8045,0x8045,0x8045,0x8024,0x8022,0x8002,0x8002,0x8002,0x8023,0x8023,0x8045,0x8067,
  0x8067,0x8067,0x8065,0x8C84,0x8465,0x8864,0x9CA2,0x98A3,0x90A3,0x94A3,0xB522,0x8CA4,0x8484,0x94A3,0x90A5,0x8CA4,
  0x94C3,0xE222,0x8065,0x8065,0x8066,0x8065,0x8065,0x8086,0x80A6,0x84C5,0x84C5,0x80A6,0x8066,0x84A5,0x8066,0x8066,
  0x8066,0x8066,0x8024,0x8023,0x8067,0x8067,0x8003,0x8067,0x8067,0x8067,0x8067,0x8066,0x8066,0x8066,0x8045,0x8044,
  0x8066,0x8067,0x84A5,0x84A5,0x84A5,0x8485,0x8465,0x8086,0x8086,0x8086,0x8066,0x8045,0x8066,0x8046,0x8085,0x80A6,
  0x80A7,0x8087,0x8087,0x8088,0x8024,0x8024,0x8023,0x8023,0x8023,0x8045,0x8024,0x8067,0x8088,0x8088,0x8025,0x80A5,
  0x8D03,0x8066,0x8024,0x8024,0x8024,0x8025,0x8046,0x8046,0x8023,0x8023,0x8044,0x84A5,0x88E5,0x88C5,0x88E5,0x9D05,
  0xA924,0x90E5,0x90E5,0x8CE4,0x8CC4,0x8485,0x8085,0x88C5,0x8066,0x8086,0x8086,0x8066,0x80A5,0x8065,0x8086,0x8065,
  0x8066,0x88C5,0x8CE5,0x8085,0x84A6,0x8044,0x8044,0x8065,0x8085,0x8CC5,0x98E4,0x8022,0x8044,0x8025,0x8025,0x8045,
  0x8024,0x8024,0x8024,0x8025,0x8045,0x8045,0x8046,0x8045,0x8045,0x8025,0x8045,0x8045,0x8025,0x8045,0x8045,0x8045,
  0x8045,0x8045,0x8068,0x8045,0x8024,0x8045,0x8067,0x8088,0x8045,0x8045,0x80AB,0x8088,0x8024,0x8067,0x84EC,0x84CB,
  0x80A9,0x8066,0x8025,0x8046,0x8047,0x80A9,0x8046,0x8045,0x8088,0x890C,0x8025,0x84EC,0x8D2D,0x914E,0x8D2E,0x80CB,
  0x84AA,0x8D0D,0x912E,0x912D,0x8D0D,0x88EC,0x8D2E,0x8D0D,0x8D0D,0x88EB,0x8D0D,0x8D0D,0x8D2E,0x84CB,0x8D2F,0x8047,
  0x8067,0x8067,0x8067,0x8067,0x8067,0x8067,0x8067,0x8067,0x8067,0x8067,0x8067,0x8067,0x8067,0x8068,0x8067,0x8068,
  0x80ED,0x8068,0x8089,0x8068,0x8068,0x8068,0x8068,0x8068,0x8068,0x8068,0x8068,0x8068,0x8068,0x80ED,0x8068,0x8068,
  0x8068,0x8068,0x8068,0x8068,0x8069,0x8069,0x80AC,0x8046,0x80AC,0x80CD,0x80CC,0x808A,0x8068,0x80A9,0x9508,0x84ED,
  0x80CC,0x80CD,0x80AC,0x808A,0x808A,0x80CC,0x80CB,0x8D2A,0x9549,0x808B,0x80AB,0x80AB,0x8089,0x80AC,0x80AC,0x80AB,
  0x80EE,0x80CE,0x80EE,0x80EE,0x80AB,0x808B,0x808A,0x8111,0x8110,0x8110,0x80EF,0x80CD,0x80EE,0x84EE,0x9DD0,0x8929,
  0x9149,0x850C,0x84EB,0x956F,0xA1D3,0xA1D3,0xB256,0xB656,0xB255,0xA1F5,0xBA96,0xB676,0xBA96,0x9591,0xA1D2,0xAA14,
  0x9572,0x8D51,0x8951,0xA614,0xB275,0xAE35,0xB677,0xB677,0xB697,0x8572,0x8152,0x8153,0xA1F1,0xA1F0,0x95B1,0xA20F,
  0x99F0,0x91B3,0x8DB4,0x8DB5,0x8DB5,0x8DD5,0xAE53,0x8DD6,0x8DD6,0x8DB6,0x8DD6,0x8DF7,0x8DF7,0x8E18,0x8DF8,0xCF38,
  0xC6F8,0xCB3A,0xBF1B,0x81FA,0xA2BD,0xBAFD,0xCF5E,0xD79F,0xDBBF,0xEFDF,0x8B5F,0x82BF,0x825F,0x81BD,0x8159,0x8137,
  0x80F3,0x80CF,0x80AE,0x80AC,0x8068,0x8046,0x8067,0x8067,0x8067,0x8045,0x8045,0x8023,0x8023,0x8023,0x8023,0x8023,
  0x8023,0x8023,0x8023,0x8023,0x8023,0x8023,0x8023,0x8023,0x8002,0x8002,0x8023,0x8002,0x8023,0x8023,0x8023,0x8023,
  0x8003,0xF3DE,0x8045,0x8023,0x8023,0x8022,0x8022,0x8002,0x8002,0x8002,0x8002,0x8002,0x8002,0x8023,0x8002,0x8022,
  0x8023,0x8002,0x8002,0x8002,0x8002,0x8002,0x8002,0x8002,0x8002,0x8002,0x8002,0x8002,0x8002,0x8002,0x8002,0x8002,
  0x8002,0x8002,0x8023,0x8002,0x8002,0x8002,0x8002,0x8002,0x8002,0x8022,0x8002,0x8022,0x8002,0x8002,0x8002,0x8002,
  0x8002,0x8002,0x8002,0x8023,0x8002,0x8002,0x8022,0x8002,0x8023,0x8002,0x8002,0x8002,0x8002,0x8002,0x8024,0x8002,
  0x8002,0x8002,0x8002,0x8002,0x8002,0x8002,0x8002,0x8002,0x8002,0x8002,0x8002,0x8002,0x8002,0x8002,0x8002,0x8002,
  0x8044,0x8043,0x8884,0x8023,0x8023,0x8064,0x8064,0x8044,0x8002,0x8002,0x8024,0x8024,0x8024,0x8044,0x8044,0x8024,
  0x8044,0x8044,0x8044,0x8024,0x8044,0x8045,0x8045,0x8045,0x8002,0x8002,0x8002,0x8025,0x8002,0x8024,0x8023,0x8024,
  0x8067,0x8066,0x8066,0x8066,0x8465,0x8C63,0x8C83,0x8463,0x8CA3,0x90A3,0x94A3,0x90A3,0x8884,0x8044,0x8044,0x8064,
  0xAD03,0x8484,0x8085,0x8065,0x8064,0x8065,0x8065,0x8065,0x8086,0x84C5,0x88C5,0x88C5,0x80A5,0x84A5,0x84C5,0x88A6,
  0x8024,0x8024,0x8002,0x8045,0x8023,0x8024,0x8023,0x8046,0x8003,0x8002,0x8045,0x8066,0x8066,0x8066,0x8046,0x8066,
  0x8046,0x8067,0x8085,0x8085,0x80A5,0x8085,0xF1E2,0x8487,0x8087,0x8066,0x8065,0x8045,0x8046,0x8046,0x8065,0x8045,
  0x8067,0x8087,0x8088,0x80A5,0x80A6,0x8024,0x8023,0x8023,0x8023,0x8023,0x8045,0x8047,0x8087,0x8086,0x8024,0x8024,
  0x8023,0x8087,0x8067,0x8023,0x8023,0x8023,0x8067,0x8067,0x8023,0x80A4,0x8024,0x8024,0x88E5,0x88E5,0x88C5,0x90E5,
  0x9105,0x8CC5,0xBD22,0x8CE4,0x90E4,0x8CE5,0x8CE5,0x88E6,0x8066,0x8066,0x8066,0x8066,0x8065,0x8085,0x8485,0x90E5,
  0x9526,0x8086,0x84A5,0x8085,0x84A6,0x80A6,0x8085,0x8044,0x8064,0x8484,0x8884,0x8023,0x8024,0x8024,0x8045,0x8045,
  0x8044,0x8024,0x8024,0x8024,0x8024,0x8025,0x8045,0x8045,0x8045,0x8025,0x8025,0x8025,0x8025,0x8025,0x8045,0x8045,
  0x8045,0x8045,0x8067,0x8089,0x8046,0x8045,0x8067,0x8088,0x8024,0x8045,0x8046,0x8067,0x8045,0x80A9,0x890D,0x88EC,
  0x84CB,0x84CA,0x84EC,0x8045,0x8067,0x84A9,0x8046,0x8025,0x890C,0x8D0C,0x8045,0x84CB,0x8047,0x912E,0x80AB,0x8089,
  0x8067,0x8066,0x8046,0x912E,0x8D2E,0x8D2E,0x88CB,0x8D2E,0x8D2E,0x8D0D,0x8D2E,0x88EC,0x8067,0x8D4F,0x892E,0x890D,
  0x892D,0x8067,0x8067,0x8067,0x8067,0x8067,0x8067,0x8067,0x8067,0x8067,0x8067,0x8068,0x8067,0x8068,0x8067,0x8067,
  0x8068,0x8068,0x8089,0x80AA,0x8068,0x8068,0x8068,0x8068,0x8068,0x8068,0x8068,0x8068,0x8068,0x8068,0x8068,0x8068,
  0x8068,0x8068,0x8068,0x8068,0x8068,0x8068,0x8067,0x8068,0x8067,0x8067,0x80AC,0x80AC,0x8067,0x8068,0xB588,0x84EC,
  0x84CC,0x80CC,0x80AB,0x808A,0x80CC,0x80CD,0x80CC,0x84EB,0x9D69,0x808A,0x80AB,0x80AB,0x808A,0x80AB,0x80AB,0x80AC,
  0x80AB,0x80AB,0x80AC,0x80AC,0x80AC,0x80AC,0x8089,0x80AB,0x80CC,0x80EF,0x80EF,0x80AB,0x80CC,0x808A,0x9D8C,0xA1F1,
  0x998A,0x852C,0x850C,0x892E,0xA1D2,0xA1D3,0x9592,0x9572,0xAA15,0xAE35,0xAA35,0xAA35,0xB676,0x9992,0xA1D3,0x9DD3,
  0xA1F4,0xA214,0x8531,0x9191,0x9192,0xAE35,0xAE56,0xAA15,0xAA56,0xC2B7,0x8993,0x8153,0x8572,0x91B2,0x99B1,0xA1F0,
  0xAA2F,0xA1EF,0x8DB4,0x8DB4,0x8DB5,0x91B5,0xB253,0x91D5,0x89B4,0x89B5,0x8995,0x89B6,0x8DF7,0x8DF7,0x8DF8,0x9A38,
  0xC6D5,0xB296,0xB6B7,0xBAFA,0x81BA,0xAEDD,0xAEBC,0xCB5E,0xCF5E,0xD79F,0xEFDF,0x82DF,0x82FF,0x829F,0x81BE,0x8139,
  0x80F4,0x8113,0x80CF,0x80AC,0x80AB,0x80CC,0x8068,0x8068,0x8068,0x8067,0x8024,0x8066,0x8024,0x8023,0x8046,0x8023,
  0x8023,0x8023,0x8023,0x8023,0x8023,0x8023,0x8023,0x8023,0x8002,0x8022,0x8002,0x8002,0x8002,0x8022,0x8023,0x8023,
  0x8024,0x8023,0x8024,0x8023,0x8022,0x8022,0x8002,0x8002,0x8002,0x8002,0x8022,0x8002,0x8002,0x8002,0x8002,0x8022,
  0x8022,0x8022,0x8002,0x8002,0x8022,0x8002,0x8002,0x8002,0x8002,0x8002,0x8002,0x8022,0x8002,0x8002,0x8002,0x8002,
  0x8002,0x8002,0x8002,0x8002,0x8024,0x8002,0x8002,0x8002,0x8002,0x8002,0x8002,0x8002,0x8002,0x8002,0x8002,0x8002,
  0x8002,0x8002,0x8002,0x8023,0x8002,0x8023,0x8022,0x8002,0x8002,0x8023,0x8002,0x8002,0x8002,0x8022,0x8002,0x8002,
  0x8002,0x8002,0x8002,0x8002,0x8002,0x8002,0x8002,0x8002,0x8002,0x8002,0x8002,0x8002,0x8002,0x8002,0x8002,0x8002,
  0x8044,0x8044,0x8043,0x8023,0x8023,0x8044,0x8023,0x8002,0x8002,0x8044,0x8024,0x8024,0x8024,0x8023,0x8044,0x8044,
  0x8044,0x8024,0x8044,0x8023,0x8044,0x8045,0x8025,0x8045,0x8044,0x8002,0x8002,0x8024,0x8045,0x8046,0x8044,0x8044,
  0x8066,0x8084,0x8485,0x8066,0x8045,0xB8C2,0x8064,0x8063,0x8084,0x8484,0xA4C2,0xF661,0x8C84,0x8023,0x8044,0x8044,
  0x8044,0x8085,0x8085,0x8085,0x84A3,0x8065,0x8065,0x8065,0x8065,0x8085,0x88C5,0x84C5,0x88C5,0x84A4,0x84A5,0x8085,
  0x8045,0x8066,0x8067,0x8024,0x8003,0x8002,0x8046,0x8045,0x8002,0x8023,0x8003,0x8067,0x8046,0x8024,0x8023,0x8067,
  0x8067,0x8046,0x8066,0x8046,0x80A6,0x8086,0x8066,0x8065,0x8066,0x8065,0x8044,0x8024,0x8023,0x8046,0x8023,0x8023,
  0x8067,0x8088,0x8046,0x84A4,0x8086,0x8024,0x8023,0x8023,0x8023,0x8023,0x8023,0x8024,0x8085,0x8086,0x8088,0x8003,
  0x8023,0x8023,0x8023,0x8024,0x8023,0x8024,0x8046,0x8067,0x8068,0x8046,0x8045,0x8003,0x88E5,0x88C5,0x88E5,0x8CE5,
  0x9105,0x8CE5,0x88A5,0x94E6,0x94E5,0x8CE5,0x8064,0x8D05,0x8D05,0x8CE5,0x8CC5,0x8066,0x8065,0x8066,0x9925,0x94E4,
  0x9946,0x9127,0x88E6,0x84A6,0x8085,0x8044,0x8085,0x88A5,0x8043,0x9083,0xE5A2,0x8443,0x8023,0x8024,0x88C5,0x8D06,
  0x9526,0x8024,0x8024,0x8024,0x8024,0x8024,0x812D,0x8047,0x8046,0x8045,0x8045,0x8045,0x8045,0x8025,0x8025,0x8045,
  0x8045,0x8045,0x8046,0x8045,0x8045,0x8089,0x8046,0x8088,0x8089,0x8025,0x80CC,0x80CC,0x8046,0x8046,0x890D,0x890D,
  0x88EC,0x88EC,0x890C,0x890D,0x890C,0x890C,0x850C,0x8023,0x8025,0x8024,0x8046,0x8D2E,0x8D2D,0x912D,0x890C,0x8045,
  0x8046,0x8046,0x8046,0x8045,0x8D0D,0x84AA,0x8088,0x84CA,0x8D2E,0x912E,0x8D2E,0x912E,0x8047,0x8046,0x80EC,0x8067,
  0x80ED,0x8089,0x8067,0x8067,0x8067,0x8067,0x8067,0x8067,0x8067,0x8067,0x8067,0x8067,0x8067,0x8068,0x8068,0x8068,
  0x8068,0x8068,0x8068,0x8068,0x8068,0x8068,0x8068,0x8068,0x8068,0x8068,0x8068,0x8068,0x8068,0x8068,0x8069,0x8068,
  0x8068,0x8068,0x8068,0x8068,0x8068,0x8068,0x8068,0x8068,0x80AC,0x8068,0x80AD,0x80AD,0x808A,0x8067,0x80AB,0x80AD,
  0xDA04,0x80CC,0x80CC,0x808A,0x808A,0x80ED,0x80CC,0x80AC,0x914A,0x8069,0x8089,0x80AB,0x80AB,0x80AB,0x80AB,0x80AB,
  0x80AB,0x80AB,0x80AC,0x80AB,0x80AC,0x80CD,0x80CD,0x808A,0x8068,0x80CD,0x80CD,0x80EE,0x80CC,0x9D8B,0x9D8A,0x99AE,
  0x998D,0x958E,0x80AB,0x80EE,0x850F,0xA5F5,0x912E,0x84CB,0x9DB3,0xA1D3,0xA615,0xB676,0xB676,0xBEB7,0xA1F4,0x8510,
  0x80EF,0x8930,0x9571,0x8D51,0x9170,0x8D51,0xAA35,0x99B3,0x99D3,0xBA97,0xBE97,0x8151,0x8552,0x8993,0x8D93,0x9192,
  0x9DF0,0xA60F,0x9DF1,0x8DB4,0x8DB3,0x8DB3,0x8DB3,0xCF38,0xD339,0x8594,0x85B5,0x85B6,0x89B6,0x9218,0x9218,0x8DF8,
  0x89F8,0x89F7,0xAE97,0xBEF8,0xBAFA,0x81DA,0xAABC,0xAEBC,0xCB5E,0xCF5E,0xCF7F,0xEBBF,0x8B1F,0x831F,0x82BF,0x81BD,
  0x817A,0x8136,0x80F3,0x8112,0x80AC,0x80AC,0x80AC,0x8068,0x8068,0x8067,0x8046,0x8066,0x8024,0x8024,0x8024,0x8023,
  0x8023,0x8045,0x8024,0x8022,0x8023,0x8023,0x8023,0x8023,0x8002,0x8002,0x8002,0x8002,0x8002,0x8002,0x8022,0x8023,
  0x8023,0x8023,0x8023,0x8023,0x8022,0x8002,0x8002,0x8002,0x8002,0x8002,0x8002,0x8002,0x8002,0x8002,0x8002,0x8002,
  0x8002,0x8002,0x8002,0x8002,0x8022,0x8002,0x8023,0x8002,0x8002,0x8002,0x8002,0x8002,0x8022,0x8002,0x8022,0x8002,
  0x8002,0x8002,0x8002,0x8002,0x8002,0x8002,0x8002,0x8002,0x8002,0x8002,0x8002,0x8002,0x8003,0x8002,0x8002,0x8002,
  0x8002,0x8002,0x8002,0x8002,0x8002,0x8002,0x8002,0x8066,0x8002,0x8002,0x8002,0x8002,0x8002,0x8002,0x8002,0x8002,
  0x8022,0x8002,0x8002,0x8002,0x8002,0x8022,0x8002,0x8022,0x8002,0x8002,0x8002,0x8002,0x8002,0x8002,0x8022,0x8002,
  0x8023,0x8044,0x8043,0x8043,0x8044,0x8064,0x8064,0x8023,0x8002,0x8043,0x8024,0x8024,0x8044,0x8044,0x8024,0x8044,
  0x8044,0x8044,0x8045,0x8045,0x8044,0x8024,0x8002,0x8045,0x8044,0x8023,0x8002,0x8024,0x8023,0x8066,0x8066,0x8044,
  0x8044,0x8065,0x8065,0x8045,0x8045,0x8045,0x8045,0x8045,0x8064,0x8483,0x8883,0x8462,0x8C83,0x8043,0x8044,0x8044,
  0x8464,0x80A4,0x8085,0x8085,0x8065,0x8065,0x8085,0x8023,0x8003,0x8023,0x8085,0x84C5,0x8066,0x8067,0x84A6,0x80A5,
  0x84A5,0x8067,0x8067,0x8067,0x8023,0x8023,0x8046,0x8046,0x8045,0x8023,0x8023,0x8068,0x8067,0x8023,0x8023,0x8067,
  0x8067,0x8067,0x8046,0x8046,0x8066,0x8086,0x8086,0x8CA4,0x8065,0x8065,0x8065,0x8045,0x8024,0x8066,0x8023,0x8023,
  0x8002,0x8022,0x8067,0x8086,0x8087,0x8045,0x8023,0x8023,0x8023,0x8024,0x8024,0x8024,0x8024,0x8067,0x8025,0x8024,
  0x8023,0x8023,0x8024,0x8024,0x8024,0x8023,0x8024,0x8024,0x8024,0x8047,0x8046,0x8024,0x8003,0x88C5,0x8044,0x88C5,
  0x8CE5,0x8CE5,0x8CE6,0x88A5,0xA902,0xAD23,0x8085,0x8CE4,0x9105,0x9105,0x84A6,0x8486,0x8066,0x8066,0x8CC5,0x90C4,
  0x84C6,0x84E6,0x88E6,0x9526,0xA503,0x80A6,0x84A6,0x88C5,0x9105,0x9105,0x90E5,0xE663,0x9904,0x9525,0x88C5,0x88E6,
  0x88C6,0x8025,0x8025,0x8024,0x8024,0x8024,0x8025,0x88E6,0x8046,0x8D08,0x88C6,0x8045,0x8045,0x8045,0x8045,0x8045,
  0x8045,0x8045,0x8045,0x8045,0x8045,0x8045,0x8045,0x8067,0x8089,0x8067,0x8025,0x8066,0x80CB,0x8025,0x8025,0x892E,
  0x8005,0x84CB,0x88EC,0x88EC,0x88EB,0x8087,0x84EB,0x890C,0x8025,0x8045,0x84CA,0x8D2E,0x8D2E,0x912E,0x912D,0x8045,
  0x8046,0x8067,0x80CB,0x80AB,0x8088,0x84CB,0x890D,0x84EC,0x8047,0x88CA,0x8D0D,0x912E,0x8D4E,0x8068,0x8047,0x8068,
  0x8089,0x810D,0x80CB,0x8067,0x8067,0x8067,0x8067,0x8067,0x8067,0x8067,0x8067,0x8067,0x8067,0x8067,0x8067,0x8068,
  0x8068,0x8068,0x8068,0x8068,0x8068,0x8068,0x8068,0x8068,0x8068,0x8068,0x8068,0x8068,0x8068,0x8068,0x8068,0x8068,
  0x8068,0x8068,0x8068,0x8068,0x8068,0x8068,0x8068,0x8068,0x8068,0x8068,0x8068,0x808A,0x808A,0x8068,0x808A,0x80AB,
  0x808B,0xA547,0xA14A,0x80EC,0x80EC,0x852C,0x892C,0x916C,0x9569,0x9148,0x8069,0x808A,0x80AB,0x80AB,0x8D2B,0x914A,
  0x80AB,0x80AB,0x80AC,0x80AC,0x80AC,0x80AC,0x80AC,0x80AB,0x80AB,0x80AB,0x8089,0x80AB,0x80CD,0x84EC,0x996A,0x9D8A,
  0xAE77,0x958C,0x892B,0x850D,0x9151,0x99B0,0x8D0B,0x8D0C,0x9DB3,0x9DB3,0x9DB3,0x9DB3,0xBE96,0xBA76,0x9DF4,0xB256,
  0xBA97,0x80EF,0x850F,0x8D50,0x80CD,0x8931,0x9171,0xA214,0x9DD4,0x9DD3,0xA215,0xB276,0xB676,0xB276,0x8573,0x8D93,
  0x9DD2,0xA610,0x9DF0,0xA1F0,0x99D1,0x8D92,0x9191,0xA631,0xCB19,0xCF19,0xA236,0x85B6,0x89D6,0x89D7,0x9217,0x8DF7,
  0x89F8,0x89F7,0xA657,0xC2F8,0xC2FA,0xD37D,0x85FA,0xBAFD,0xBF1D,0xBF1E,0xCF5E,0xCF7F,0xEFDF,0x873F,0x82FF,0x827F,
  0x819A,0x817A,0x8136,0x80F3,0x80CF,0x80AC,0x80AC,0x8067,0x8068,0x8067,0x8067,0x8046,0x8046,0x8067,0x8024,0x8024,
  0x8023,0x8023,0x8024,0x8023,0x8023,0x8023,0x8023,0x8023,0x8023,0x8002,0x8002,0x8023,0x8002,0x8022,0x8022,0x8002,
  0x8022,0x8023,0x8022,0x8002,0x8022,0x8002,0x8002,0x8002,0x8002,0x8022,0x8022,0x8023,0x8002,0x8022,0x8002,0x8002,
  0x8022,0x8002,0x8002,0x8002,0x8002,0x8002,0x8022,0x8022,0x8002,0x8002,0x8023,0x8022,0x8002,0x8002,0x8002,0x8002,
  0x8002,0x8002,0x8002,0x8002,0x8002,0x8023,0x8002,0x8002,0x8002,0x8002,0x8002,0x8002,0x8023,0x8023,0x8002,0x8002,
  0x8002,0x8022,0x8022,0x8022,0x8002,0x8002,0x8022,0x8002,0x8002,0x8002,0x8002,0x8002,0x8002,0x8002,0x8002,0x8002,
  0x8002,0x8002,0x8002,0x8002,0x8002,0x8002,0x8002,0x8022,0x8022,0x8022,0x8002,0x8002,0x8002,0x8002,0x8002,0x8002,
  0x8002,0x8023,0x9082,0x94A2,0x8064,0x8064,0x8044,0x8043,0x8023,0x8443,0x8044,0x8022,0x8024,0x8044,0x8022,0x8023,
  0x8024,0x8023,0x8045,0x8045,0x8044,0x8024,0x8002,0x8045,0x8045,0x8024,0x8003,0x8045,0x8046,0x8066,0x8045,0x8044,
  0x8045,0x8045,0x8003,0x8045,0x8045,0x8045,0x8025,0x8046,0x8065,0x8484,0x88A4,0x8483,0xF661,0x8063,0x8063,0x8023,
  0x84A4,0x88A4,0x84C5,0x8085,0x8085,0x8065,0x8065,0x8044,0x8023,0x8002,0x8043,0x84A5,0x8045,0x8087,0x84A6,0x84A5,
  0x84A5,0x8067,0x8067,0x8087,0x8023,0x8023,0x8066,0x8046,0x8066,0x8023,0x8023,0x8046,0x8067,0x8023,0x8023,0x8023,
  0x8046,0x8067,0x8024,0x8047,0x8066,0x8066,0x8066,0x8C62,0x8065,0x8065,0x8066,0x8066,0x8066,0x8067,0x8087,0x8023,
  0x8023,0x8023,0x8023,0x8023,0x8045,0x8088,0x8087,0x8024,0x8024,0x8066,0x8024,0x8024,0x8024,0x8024,0x8024,0x8024,
  0x8023,0x8023,0x8045,0x8024,0x8023,0x8023,0x8023,0x8023,0x8023,0x8023,0x8024,0x8003,0x8024,0x8064,0x80A4,0x84A4,
  0x8CE5,0x88C5,0x88A5,0x8085,0x84A5,0x9904,0x8064,0x8044,0x84A4,0x8D05,0x8D06,0x9105,0x8066,0x8065,0x8025,0x8066,
  0x8085,0x8085,0x8485,0x90E5,0x94E6,0x8085,0x8CE6,0x9106,0x9525,0x9945,0xA545,0xB565,0x8885,0x9505,0x84A6,0x8046,
  0x8025,0x8067,0x8045,0x8024,0x8024,0x8024,0x8086,0x88C5,0x84C6,0x88E6,0x88E6,0x8066,0x8066,0x8067,0x8045,0x8045,
  0x8045,0x8045,0x8045,0x8045,0x8045,0x8045,0x8045,0x8045,0x8046,0x8045,0x8045,0x8025,0x80CB,0x8025,0x8087,0x84EC,
  0x84CA,0x8024,0x890C,0x890D,0x8D0D,0x890D,0x84EC,0x8088,0x8068,0x8D2E,0x8D2E,0x8D2D,0x912D,0x912E,0x912D,0x8D0C,
  0x8067,0x8067,0x80EC,0x80CB,0x80CB,0x8067,0x8489,0x84EC,0x8046,0x8087,0x88EB,0x914F,0x8D2E,0x8089,0x80CC,0x80AA,
  0x8046,0x84EC,0x80CB,0x8046,0x8046,0x8067,0x8067,0x8067,0x8067,0x8067,0x8067,0x8067,0x8067,0x8067,0x8067,0x8067,
  0x8067,0x8067,0x8068,0x8067,0x8068,0x8067,0x8068,0x8068,0x8068,0x8068,0x8068,0x8068,0x8068,0x8068,0x8068,0x8068,
  0x8068,0x8068,0x8068,0x8068,0x8068,0x8068,0x8068,0x8068,0x8068,0x8068,0x8068,0x8068,0x8068,0x8068,0x8068,0x8067,
  0x8067,0x8089,0x8CC8,0xAD69,0x892B,0x914D,0x956C,0x998C,0x9969,0x84E8,0x8089,0x808A,0x80AB,0x80AC,0x892B,0x956A,
  0x9169,0x80AB,0x80AB,0x80AC,0x80AC,0x80AC,0x80AC,0x80CC,0x80CC,0x80AB,0x808A,0x808A,0x80AC,0x80CC,0x850E,0x998C,
  0x998B,0x99AC,0x916A,0x8D2B,0x850F,0x8D2B,0x890A,0x914E,0x9150,0x99B2,0x9DD3,0xA1D4,0xA1F4,0xB255,0xB656,0xB236,
  0xA615,0x850F,0x80CD,0x8930,0x8D50,0x8950,0x850F,0xA214,0xA615,0x99B3,0x9592,0xBA97,0xAE56,0xBA97,0x8574,0x8573,
  0x91B3,0xA1F3,0x95B2,0x99D0,0x8532,0x9192,0x91AF,0x91D2,0x91D4,0xCB19,0xD319,0xCF1A,0x89B6,0x85B5,0x89D6,0x91F7,
  0x89F8,0x89F7,0xAA76,0xC2F8,0xC6F9,0xC71A,0xD37D,0x85FA,0xBAFD,0xBB1D,0xC73E,0xCB5E,0xCB5F,0xE7DF,0xD3DF,0x833F,
  0x827F,0x81FD,0x81BB,0x8116,0x8114,0x80F0,0x808C,0x80AC,0x80AC,0x808A,0x8067,0x8068,0x8067,0x8067,0x8045,0x8045,
  0x8023,0x8023,0x8089,0x8023,0x8023,0x8023,0x8023,0x8023,0x8023,0x8002,0x8022,0x8023,0x8022,0x8022,0x8022,0x8022,
  0x8002,0x8022,0x8002,0x8022,0x8002,0x8022,0x8022,0x8002,0x8002,0x8023,0x8022,0x8002,0x8022,0x8022,0x8002,0x8002,
  0x8002,0x8002,0x8002,0x8002,0x8002,0x8002,0x8002,0x8002,0x8023,0x8002,0x8002,0x8002,0x8045,0x8002,0x8023,0x8002,
  0x8002,0x8002,0x8023,0x8002,0x8022,0x8002,0x8002,0x8002,0x8002,0x8022,0x8022,0x8002,0x8023,0x8023,0x8023,0x8022,
  0x8022,0x8022,0x8022,0x8002,0x8002,0x8002,0x8002,0x8002,0x8002,0x8002,0x8002,0x8002,0x8022,0x8022,0x8022,0x8023,
  0x8002,0x8002,0x8002,0x8002,0x8002,0x8002,0x8002,0x8002,0x8022,0x8002,0x8002,0x8022,0x8022,0x8002,0x8002,0x8002,
  0x8002,0x8023,0x8043,0x8863,0x8464,0x8484,0x8064,0x8064,0x8064,0x8064,0x8044,0x8022,0x8023,0x8023,0x8002,0x8002,
  0x8023,0x8023,0x8044,0x8045,0x8044,0x8023,0x8002,0x8045,0x8045,0x8044,0x8045,0x8045,0x8046,0x8046,0x8046,0x8045,
  0x8045,0x8024,0x8023,0x8045,0x8045,0x8046,0x8046,0x8046,0x8045,0x8065,0x88A4,0x88A4,0x9083,0x8463,0x8084,0x8084,
  0x8065,0x8484,0x88C4,0x8085,0x8085,0x8085,0x8065,0x8023,0x8023,0x8023,0x8023,0x8485,0x8003,0x80A6,0x84A5,0x84A5,
  0x84A5,0x8086,0x8067,0x8087,0x8066,0x8023,0x8024,0x8067,0x8067,0x8023,0x8023,0x8023,0x8044,0x8023,0x8023,0x8003,
  0x8045,0x8024,0x8024,0x8067,0x8067,0x8066,0x8065,0xD520,0x8046,0x8066,0x8066,0x8066,0x8066,0x8066,0x8087,0x8023,
  0x8023,0x8023,0x8023,0x8023,0x8023,0x8045,0x8024,0x8024,0x8024,0x8024,0x8023,0x8024,0x8023,0x8023,0x8024,0x8024,
  0x8023,0x8023,0x8023,0x8023,0x8023,0x8023,0x8023,0x8023,0x8023,0x8023,0x8023,0x8023,0x8023,0x8003,0x84A3,0x88C4,
  0x8CE4,0x88A5,0x88C5,0x8064,0x8085,0x84A5,0x8044,0x8044,0x88C5,0x88C7,0x8086,0x90E5,0x9906,0x8045,0x8045,0x8066,
  0x8085,0x8085,0x8084,0x88A5,0x8CC5,0x8CE6,0x9106,0x8D06,0x9505,0x9525,0xA964,0xACE3,0xAD23,0x8CE6,0x84C6,0x8066,
  0x8024,0x8067,0x8066,0x8045,0x8024,0x8024,0x8025,0x8005,0x8CE5,0x8D06,0x8D06,0x8485,0x8045,0x8068,0x8067,0x8045,
  0x8045,0x8045,0x8045,0x8045,0x8045,0x8045,0x8045,0x8045,0x8045,0x8045,0x8045,0x8045,0x8045,0x8025,0x8003,0x80CB,
  0x80EB,0x84CB,0x80AA,0x890D,0x890E,0x8D2E,0x890D,0x808A,0x8089,0x8D2B,0x84CA,0x8D2D,0x8D2D,0x912D,0x912D,0x912D,
  0x88EC,0x8046,0x8089,0x80EC,0x80A9,0x8066,0x8088,0x84CA,0x8047,0x8067,0x88CB,0x914F,0x8D2E,0x8068,0x8046,0x8046,
  0x8045,0x84CB,0x80AA,0x8047,0x8047,0x8067,0x8067,0x8047,0x8067,0x8047,0x8047,0x8067,0x8067,0x8067,0x8067,0x8067,
  0x8067,0x8067,0x8068,0x8067,0x8068,0x8068,0x8068,0x8068,0x8068,0x8068,0x8068,0x8068,0x8068,0x8068,0x8068,0x8068,
  0x8068,0x8068,0x8068,0x8068,0x8068,0x8068,0x8068,0x8068,0x8068,0x8068,0x8068,0x8068,0x8068,0x8089,0x80AC,0x8068,
  0x8046,0x80AA,0x80AB,0xA9AC,0x998E,0xA5CF,0xA5CF,0x914B,0x954A,0x80A8,0x88E9,0x808A,0x890B,0x80AB,0x80CA,0x9149,
  0x892A,0x8D0A,0x80AB,0x80AC,0x80AC,0x80AC,0x80AB,0x80CC,0x80EC,0x80EB,0x80AB,0x806A,0x808A,0x808A,0x84ED,0x890B,
  0x956A,0x956A,0x9129,0x8D4D,0x916D,0x956B,0x850A,0x8D2A,0x890D,0x99B2,0x9DB3,0x9DB3,0x9DB3,0xC2B6,0xB255,0x99B2,
  0xA1F3,0x850F,0x9170,0x80CD,0x892F,0x894F,0x8950,0x95B2,0x9192,0x9172,0x8D72,0xAA35,0xB676,0xC2D8,0x8572,0x8572,
  0x8992,0x95B1,0x99D1,0x9DD1,0x8153,0x8531,0x95AF,0x91B1,0x95F5,0xC6F8,0xC2D8,0xCAF9,0xA657,0x91B4,0x85B5,0x9A16,
  0x89D7,0x89D7,0x8DD6,0xC6F7,0xC6F8,0xC719,0xCB19,0x8A1A,0x8E1A,0xBF1C,0xB2FD,0xAEBC,0xCB3E,0xCB5F,0xEBDF,0xDFFF,
  0x82FF,0x829F,0x81BD,0x817C,0x8137,0x8114,0x80D0,0x80AD,0x80AC,0x808B,0x8067,0x8089,0x808A,0x8068,0x8045,0x8067,
  0x8046,0x8024,0x8023,0x8023,0x8023,0x8023,0x8023,0x8023,0x8023,0x8023,0x8022,0x8023,0x8023,0x8002,0x8002,0x8002,
  0x8002,0x8002,0x8002,0x8002,0x8002,0x8002,0x8002,0x8002,0x8002,0x8022,0x8002,0x8002,0x8002,0x8002,0x8002,0x8002,
  0x8002,0x8002,0x8002,0x8022,0x8002,0x8002,0x8002,0x8002,0x8002,0x8022,0x8002,0x8023,0x8022,0x8002,0x8003,0x8022,
  0x8022,0x8002,0x8002,0x8023,0x8002,0x8023,0x8002,0x8002,0x8002,0x8002,0x8022,0x8023,0x8024,0x8024,0x8023,0x8023,
  0x8022,0x8022,0x8002,0x8002,0x8023,0x8002,0x8002,0x8002,0x8002,0x8002,0x8002,0x8002,0x8002,0x8002,0x8002,0x8025,
  0x8003,0x8002,0x8002,0x8002,0x8002,0x8002,0x8002,0x8002,0x8002,0x8002,0x8002,0x8002,0x8002,0x8002,0x8002,0x8002,
  0x8022,0x8023,0x8043,0x8884,0x8C84,0x8C83,0x9083,0x8C83,0x8465,0x8064,0x8023,0x8023,0x8023,0x8023,0x8023,0x8002,
  0x8023,0x8023,0x8044,0x8044,0x8024,0x8023,0x8024,0x8023,0x8002,0x8045,0x8045,0x8024,0x8044,0x8045,0x8046,0x8045,
  0x8045,0x8045,0x94A1,0x8044,0x8045,0x8045,0x8046,0x8046,0x8025,0x8025,0x8084,0x88A4,0x94C3,0x8463,0x8483,0x8064,
  0x8044,0x88A4,0x88C4,0x8084,0x8085,0x8003,0x8002,0x8023,0x8023,0x8024,0x8025,0x8003,0x8003,0x8044,0x84A5,0x84A5,
  0x80A5,0x80A6,0x8086,0x8066,0x8066,0x8044,0x8023,0x8023,0x8003,0x8023,0x8023,0x8023,0x8023,0x8023,0x8023,0x8047,
  0x8047,0x8023,0x8002,0x8088,0x80A7,0x8086,0x8085,0x8065,0x8066,0x8066,0x8066,0x8066,0x8066,0x8066,0x8066,0x8066,
  0x8002,0x8023,0x8023,0x8023,0x8023,0x8023,0x8023,0x8023,0x8023,0x8024,0x8023,0x8023,0x8023,0x8023,0x8023,0x8023,
  0x8023,0x8023,0x8024,0x8024,0x8024,0x8024,0x8024,0x8023,0x8023,0x8023,0x8023,0x8023,0x84C5,0x88E4,0x88C4,0x88C4,
  0x84A5,0x8045,0x84A4,0x84A5,0x8045,0x8045,0x8485,0x8044,0x8024,0x8086,0x8085,0x8065,0xA966,0xA546,0x8045,0x8046,
  0x8045,0x8065,0x9106,0x8485,0x8045,0xADC7,0x9925,0x88C5,0x88C5,0x88C5,0x88E5,0x9105,0x9105,0x90E5,0x8CA5,0x88A5,
  0x8044,0x80A6,0x8087,0x8087,0x80A8,0x8088,0x8026,0x8026,0x88C5,0x9106,0x88C5,0x84C6,0x84C6,0x8067,0x8045,0x8045,
  0x8045,0x8045,0x8025,0x8045,0x8045,0x8045,0x8045,0x8045,0x8045,0x8045,0x8045,0x8045,0x8045,0x8046,0x8024,0x80A9,
  0x810C,0x8046,0x8046,0x8046,0x890D,0x890D,0x890D,0x890D,0x8D2D,0x914C,0x8D0C,0x8D0C,0x84CB,0x8D2E,0x912E,0x912D,
  0x8D0D,0x8D4E,0x8089,0x8067,0x8067,0x8046,0x8046,0x8046,0x8068,0x8068,0x8047,0x8047,0x8D2E,0x84A9,0x8045,0x8488,
  0x8045,0x8046,0x8047,0x8047,0x8047,0x8047,0x8047,0x8067,0x8067,0x8047,0x8067,0x8067,0x8067,0x8067,0x8067,0x8067,
  0x8067,0x8067,0x8068,0x8068,0x8068,0x8068,0x8068,0x8068,0x8068,0x8068,0x8068,0x8068,0x8068,0x8068,0x8068,0x8068,
  0x8068,0x8068,0x8068,0x8068,0x8068,0x8068,0x8068,0x8068,0x8068,0x8068,0x8068,0x8068,0x8068,0x80CD,0x80AC,0x8067,
  0x80AC,0x80CC,0x80ED,0xA1AC,0xA1AC,0xA9F0,0xAE10,0xA1AE,0x8D0A,0x88E9,0x9129,0x808A,0x806A,0x84CB,0x80AB,0x88EA,
  0x890A,0x912A,0x808B,0x80AC,0x80AC,0x80AC,0x80AC,0x80AB,0x9969,0x914A,0x80CB,0x80AB,0x808A,0x808A,0x808A,0x8D2A,
  0x9149,0xA1AF,0x954A,0x916B,0x914B,0x916A,0x892B,0x892A,0x894C,0x8D4F,0x9DD4,0xA1D4,0x9DD3,0x9DB3,0xAE14,0x99B2,
  0x9DD3,0xB696,0xB696,0x95B1,0x80EF,0x8D6F,0x8950,0x8D71,0x84EF,0x9172,0x9172,0x9592,0x95B3,0xAA35,0xC6F8,0x8151,
  0x8D71,0x9191,0x99D2,0x99F2,0x95F4,0x9191,0x956F,0x8972,0xBEB6,0xC6F9,0xAE98,0xC2D7,0xCAF8,0xCF19,0x8155,0x89D7,
  0xCAF6,0x85B7,0x89D8,0xAE97,0xC2F7,0xC2F8,0x9E58,0xAEDA,0x81D9,0x85DA,0xB6FD,0xB2FD,0xBB1D,0xC73E,0xCF7F,0xDFDF,
  0x9B5F,0x831F,0x82BF,0x81FE,0x817B,0x8116,0x80F4,0x80F0,0x80AC,0x80AC,0x80AB,0x8068,0x8089,0x8088,0x8088,0x8046,
  0x8024,0x8024,0x8023,0x8023,0x8023,0x8023,0x8023,0x8046,0x8023,0x8023,0x8023,0x8023,0x8022,0x8022,0x8002,0x8002,
  0x8002,0x8002,0x8002,0x8002,0x8002,0x8002,0x8002,0x8002,0x8002,0x8003,0x8022,0x8022,0x8002,0x8002,0x8022,0x8002,
  0x8002,0x8002,0x8002,0x8002,0x8002,0x8022,0x8002,0x8002,0x8023,0x8002,0x8002,0x8002,0x8022,0x8002,0x8002,0x8002,
  0x8002,0x8002,0x8002,0x8002,0x8002,0x8002,0x8002,0x8002,0x8002,0x8002,0x8023,0x8023,0x8024,0x8024,0x8023,0x8023,
  0x8023,0x8022,0x8002,0x8002,0x8002,0x8002,0x8002,0x8002,0x8002,0x8002,0x8002,0x8002,0x8002,0x8002,0x8002,0x8002,
  0x8002,0x8002,0x8002,0x8002,0x8002,0x8002,0x8002,0x8022,0x8002,0x8002,0x8022,0x8002,0x8022,0x8022,0x8023,0x8002,
  0x8045,0x8043,0x8464,0x8484,0xDD61,0x9083,0x9483,0x9483,0x9084,0x8044,0x8444,0x8464,0x8044,0x8024,0x8024,0x8024,
  0x8023,0x8023,0x8023,0x8044,0x8043,0x8044,0x8044,0x8024,0x8024,0x8045,0x8045,0x8024,0x8022,0x8023,0x8023,0x8023,
  0x8024,0x8045,0x8024,0x8024,0x8024,0x8024,0x8023,0x8024,0x8045,0x8025,0x84A4,0x84A4,0x88A4,0x88A4,0x88C4,0x88C4,
  0x8084,0x8064,0x8464,0x8024,0x8024,0x8046,0x8003,0x8002,0x8002,0x8002,0x8024,0x8067,0x8043,0x88C4,0x84C4,0x8023,
  0x8065,0x8002,0x8021,0x8066,0x8087,0x8087,0x8002,0x8002,0x8003,0x8023,0x8023,0x8023,0x8023,0x8023,0x8023,0x808A,
  0x808A,0x8024,0x8089,0x8089,0x9CA1,0xE1A0,0x8485,0xC540,0x8045,0x8066,0x8086,0x8086,0x8045,0x8066,0x8066,0x8023,
  0x8024,0x8045,0x8023,0x8023,0x8023,0x8024,0x8023,0x8023,0x8023,0x8023,0x8024,0x8023,0x8023,0x8023,0x8023,0x8023,
  0x8023,0x8024,0x8024,0x8024,0x8046,0x8087,0x8086,0x8044,0x8023,0x8023,0x8024,0x8023,0x8024,0x8CC4,0x88C5,0x84A4,
  0x8485,0x8065,0x88A4,0x8084,0x8485,0x8085,0x8884,0x8064,0x8064,0x8065,0x8065,0x8044,0x8484,0x8085,0x8045,0x8066,
  0x8045,0x8045,0xA165,0x8066,0x8066,0x88E5,0x88C5,0x88C5,0x8CE6,0x84A6,0x88E5,0x8CE5,0x8CE5,0x8CE5,0xFA83,0xACE2,
  0x8CC4,0x88A4,0x8485,0x84C5,0x84E6,0x8067,0x84A7,0x8D08,0x8CE6,0xAD04,0x8086,0x8086,0x8066,0x8067,0x8045,0x8045,
  0x8045,0x8045,0x8045,0x8045,0x8045,0x8045,0x8045,0x8045,0x8045,0x8045,0x8045,0x8045,0x8045,0x8024,0x8046,0x8046,
  0x810D,0x8046,0x8046,0x8024,0x8024,0x84EB,0x890D,0x8D0D,0x8D2D,0x8D0C,0x8D0D,0x8088,0x8047,0x8066,0x912D,0x912E,
  0x912E,0x8D2E,0x8088,0x8067,0x8067,0x8067,0x8046,0x8046,0x8067,0x80AA,0x8089,0x84CB,0x890D,0x8D2D,0x8D2D,0x8D2E,
  0x912F,0x8026,0x8046,0x8046,0x8067,0x8047,0x8047,0x8047,0x8047,0x8067,0x8067,0x8067,0x8067,0x8067,0x8067,0x8067,
  0x8067,0x8067,0x8068,0x8068,0x8068,0x8067,0x8067,0x8067,0x8068,0x8068,0x8068,0x8068,0x8068,0x8068,0x8068,0x8068,
  0x8068,0x8068,0x8068,0x8068,0x8068,0x8068,0x8068,0x8068,0x8068,0x8068,0x8068,0x8068,0x8068,0x8089,0x80CD,0x80CD,
  0x80AC,0x84EC,0xA5AB,0xA1AB,0xA1CC,0xAA10,0xAE10,0xA9EF,0xAE11,0xA5CC,0x9549,0x8D2A,0x80CA,0x850A,0x808B,0x914A,
  0x80CA,0x890B,0x914A,0x80AB,0x80AC,0x80AC,0x80AC,0x80AB,0x80AB,0x958A,0x998A,0x956A,0x84EA,0x808A,0x8089,0x88E8,
  0x9128,0xA1AF,0xB255,0x9129,0x8D29,0x8D2B,0x850D,0x850B,0x8D4D,0x9170,0x9170,0xA1D4,0x9DD3,0x9DB3,0x9992,0x99B2,
  0x99B2,0xB676,0xBEB6,0x8110,0x80EF,0x80CE,0x8D4F,0x8950,0x80CF,0x80CE,0x80AD,0x9DD2,0x99B2,0xAA35,0xB697,0xAA35,
  0x8111,0x8552,0xA613,0xB252,0x95F5,0x99F3,0x8112,0x8153,0x958E,0xBAB6,0xBEB7,0xC6D7,0xC6F7,0xCAF8,0xCF19,0x8155,
  0x85B6,0xCEF7,0x95D6,0x8DD7,0xCB17,0xC719,0xCB1A,0xBEF9,0xC33B,0x81B8,0x923B,0xC31D,0x9A7B,0xB2DC,0xCB5E,0xCB5E,
  0xF3FF,0xBB5F,0x833F,0x82DF,0x821F,0x819C,0x817B,0x8135,0x80D1,0x80AE,0x80AB,0x80AC,0x8068,0x8068,0x8088,0x8066,
  0x8024,0x8024,0x8046,0x8023,0x8024,0x8023,0x8023,0x80EE,0x8023,0x8023,0x8023,0x8023,0x8022,0x8023,0x8023,0x8002,
  0x8022,0x8002,0x8002,0x8002,0x8002,0x8002,0x8002,0x8002,0x8002,0x8068,0x8022,0x8022,0x8002,0x8022,0x8002,0x8002,
  0x8002,0x8022,0x8022,0x8022,0x8022,0x8002,0x8002,0x8002,0x8002,0x8002,0x8002,0x8002,0x8023,0x8002,0x8002,0x8002,
  0x8002,0x8002,0x8022,0x8002,0x8022,0x8023,0x8022,0x8022,0x8002,0x8023,0x8024,0x8044,0xD75D,0xBE76,0x8044,0x8023,
  0x8023,0x8023,0x8023,0x8002,0x8002,0x8002,0x8022,0x8022,0x8530,0x8002,0x8002,0x8002,0x8002,0x8002,0x8002,0x8002,
  0x8002,0x8002,0x8002,0x8022,0x8022,0x8002,0x8002,0x8002,0x8002,0x8022,0x8002,0x8002,0x8002,0x8022,0x8022,0x8002,
  0x8024,0x8044,0x8464,0x8884,0x9CA3,0x9083,0x9483,0x94A3,0x9483,0x8C63,0x8464,0x8464,0x8023,0x8022,0x8024,0x8024,
  0x8022,0x8023,0x8023,0x8065,0x8043,0x8044,0x8044,0x8044,0x8024,0x8045,0x8024,0x8024,0x8044,0x8023,0x8022,0x8002,
  0x8023,0x8024,0x8024,0x8024,0x8023,0x8884,0x8044,0x8024,0x8044,0x8024,0x88A4,0xE1E3,0xB501,0x8CC4,0x88A4,0x88C4,
  0x88A4,0x8064,0x8002,0x8002,0x8023,0x8023,0x8045,0x8002,0x8002,0x8002,0x8003,0x8068,0x8087,0x8022,0x80A5,0x8086,
  0x8002,0x8002,0x8002,0x8001,0x8067,0x8067,0x8046,0x8002,0x8002,0x8023,0x8023,0x8023,0x8023,0x8023,0x8023,0x8023,
  0x8023,0x8023,0x8089,0x8046,0x8486,0x8445,0x8066,0x8045,0x8065,0x98A2,0x8486,0x8086,0x8086,0x8066,0x8047,0x8067,
  0x8045,0x8088,0x8024,0x8023,0x8066,0x8485,0x8023,0x8023,0x8023,0x8024,0x8024,0x8023,0x8024,0x8023,0x8024,0x8024,
  0x8024,0x8023,0x8023,0x8023,0x8088,0x8046,0x8045,0x8085,0x84C5,0x8023,0x8023,0x8085,0x8065,0x8CE5,0x80A5,0x8084,
  0x8044,0x8044,0x84A4,0x84A4,0x8484,0x8485,0xCD82,0x9882,0x9082,0x8464,0x8065,0x8044,0x8484,0x8484,0x8045,0x8045,
  0x8045,0x8045,0x8045,0x8065,0x8045,0x8CE5,0x88C5,0x88C5,0x88E5,0x8066,0x84A5,0x8085,0x88C5,0x90E5,0x8CC5,0x90C5,
  0xF6A3,0x8884,0x8484,0x90C4,0x8CC5,0x8CE6,0x8CE6,0x9106,0xB103,0x8885,0x84A5,0x8044,0x8025,0x8046,0x8045,0x8025,
  0x8025,0x8025,0x8045,0x8045,0x8045,0x8045,0x8045,0x8045,0x8045,0x8045,0x8045,0x8045,0x8045,0x8024,0x8025,0x8046,
  0x8046,0x8089,0x8046,0x8024,0x8024,0x8023,0x8003,0x8D0D,0x88EB,0x8D0C,0x8D0C,0x890C,0x80AA,0x8067,0x890B,0x914E,
  0x956F,0x9570,0x8068,0x8067,0x8047,0x8047,0x8067,0x8047,0x8067,0x8089,0x8089,0x8046,0x890C,0x84EC,0x8D2E,0x808A,
  0x9150,0x9570,0x8047,0x8046,0x9150,0x8047,0x8047,0x8047,0x8047,0x8067,0x8067,0x8067,0x8067,0x8067,0x8067,0x8067,
  0x8067,0x8067,0x8067,0x8067,0x8068,0x8067,0x8067,0x8067,0x8067,0x8068,0x8068,0x8068,0x8068,0x8068,0x8068,0x8068,
  0x8068,0x8068,0x8068,0x8068,0x8068,0x8068,0x8068,0x8068,0x8068,0x8068,0x808B,0x80CC,0x8068,0x8068,0x80CE,0x80CE,
  0x8069,0x80AD,0x8D2B,0x9DAB,0x9DAB,0x956C,0x9549,0xA9EE,0xA9F0,0xA1AC,0x956B,0x914A,0x8909,0x80AA,0x9149,0x9149,
  0x9149,0x80AA,0x84CB,0x9149,0x80AB,0x80AB,0x80AC,0x80AC,0x80AB,0x80AC,0x80CB,0x84EA,0x9149,0x88EA,0x808A,0x9128,
  0x9128,0xA18C,0x9548,0x956A,0x956A,0x80CC,0x850D,0x996E,0x9DB3,0x99B2,0x916F,0x914D,0x9DD3,0x9DB3,0x99B2,0x9DB2,
  0xAE35,0xB276,0x9192,0x9DD3,0x80AE,0x80EE,0x850F,0x9191,0x8531,0x80CF,0x80CE,0x80AD,0x9192,0x8D72,0x95B2,0xC2B7,
  0x8111,0x80EF,0x9193,0x9DF3,0x95D4,0x95D2,0x8531,0x8152,0xB251,0x8131,0xA215,0xBEB6,0xBEB5,0xBEB7,0xCB19,0xD339,
  0xC2D7,0xBEB7,0xCF19,0xC2D8,0xBEB7,0xCB19,0xCB3A,0xCB1A,0xCB3A,0xCF3A,0x81FA,0xA69B,0xB6FB,0x9E9B,0xCB5E,0xCB3E,
  0xCB5E,0xEBDF,0xA37F,0x833F,0x827F,0x823F,0x819B,0x8158,0x8115,0x80D0,0x80CF,0x80AB,0x8089,0x808A,0x8068,0x8067,
  0x8067,0x8025,0x8067,0x8066,0x8024,0x8023,0x8023,0x8024,0x8023,0x8023,0x8023,0x8023,0x8023,0x8023,0x8002,0x8022,
  0x8002,0x8023,0x8002,0x8002,0x8022,0x8022,0x8002,0x8002,0x8002,0x8002,0x8002,0x8022,0x8002,0x8002,0x8002,0x8002,
  0x8002,0x8002,0x8002,0x8022,0x8022,0x8002,0x8002,0x8002,0x8002,0x8002,0x8002,0x8022,0x8022,0x8002,0x8002,0x8002,
  0x8022,0x8022,0x8022,0x8002,0x8022,0x8023,0x8022,0x8022,0x8022,0x8022,0x8023,0x8024,0xA9F3,0x9DB0,0x8024,0x8023,
  0x8023,0x8022,0x8002,0x8002,0x8002,0x8024,0x8002,0x8002,0x8002,0x8002,0x8002,0x8002,0x8002,0x8002,0x8002,0x8002,
  0x8002,0x8002,0x8002,0x8002,0x8002,0x8023,0x8022,0x8002,0x8002,0x8002,0x8002,0x8002,0x8002,0x8022,0x8002,0x8022,
  0x8024,0x8024,0x8023,0x8022,0x8C83,0x98A3,0xEE63,0xE201,0x9883,0x9483,0x8464,0x8044,0x8044,0x8022,0x8023,0x8023,
  0x8002,0x8022,0x8022,0x8023,0x8023,0x8045,0x8045,0x8044,0x8044,0x8044,0x8023,0x8002,0x8044,0x8044,0x8023,0x8023,
  0x8024,0x8045,0x8024,0x8024,0x84A5,0x88A5,0x88A5,0x8044,0x8044,0x88C4,0x88C4,0x84A4,0x88C4,0x88C4,0x84A4,0x8CC3,
  0x8484,0x8084,0x8002,0x8002,0x8002,0x8046,0x8046,0x8002,0x8002,0x8023,0x8023,0x8003,0x8024,0x8022,0x8066,0x8045,
  0x8024,0x8046,0x8024,0x8002,0x8023,0x8003,0x8003,0x8047,0x8023,0x8023,0x8023,0x8023,0x8023,0x8023,0x8023,0x8023,
  0x8022,0x8067,0x8068,0x8068,0x8001,0x8001,0x8002,0x8046,0x8067,0x8048,0xFF01,0x8066,0x84A5,0x8CC3,0x88C5,0x8087,
  0x8086,0x84A5,0x8044,0x8023,0x88C4,0x84C5,0x8023,0x8023,0x8023,0x8066,0x8087,0x8046,0x8024,0x8023,0x8023,0x8023,
  0x8023,0x8023,0x8023,0x8023,0x8023,0x8023,0x8023,0x8023,0x8043,0x84C4,0x8CE4,0x88C4,0x88E5,0x8CE5,0x8CE5,0x88E5,
  0x84A5,0x8084,0x8CC3,0x8C83,0x8085,0x8085,0x94A4,0xF709,0x9482,0x8884,0x8485,0x8065,0x8064,0x8483,0x8064,0x8045,
  0x8024,0x8024,0x8045,0x8065,0x8045,0x8065,0x84A5,0x8025,0x8066,0x88C5,0x8066,0x8045,0x8086,0x84A5,0x8CC5,0x90E5,
  0x8CC4,0xB103,0x98A4,0x98E4,0x8CA4,0x8CC5,0x90E5,0x90E6,0x8885,0x88A5,0x8CC5,0x8CE5,0x8025,0x8025,0x8025,0x8025,
  0x8025,0x8025,0x80A6,0x8026,0x88C6,0x8065,0x8045,0x8045,0x8045,0x8045,0x8045,0x8045,0x8045,0x8025,0x8025,0x8045,
  0x8024,0x8024,0x8046,0x8024,0x8024,0x8024,0x8025,0x8D2E,0x8D2E,0x8089,0x84AA,0x8D2D,0x8D0D,0x8D0D,0x8088,0x88C9,
  0x912E,0x954F,0x912D,0x912D,0x8046,0x8046,0x8067,0x8047,0x8067,0x8067,0x8067,0x8045,0x8024,0x8047,0x8046,0x8046,
  0x8067,0x914F,0x914F,0x8045,0x892E,0x8088,0x8047,0x8047,0x8047,0x8047,0x8047,0x8067,0x8067,0x8067,0x8067,0x8067,
  0x8067,0x8067,0x8067,0x8067,0x8067,0x8068,0x8067,0x8067,0x8068,0x8068,0x8068,0x8068,0x8068,0x8068,0x8068,0x8068,
  0x8068,0x8068,0x8068,0x8068,0x8068,0x8068,0x8068,0x8068,0x8068,0x8068,0x80CD,0x80CD,0x8068,0x8067,0x808A,0x80EE,
  0x80EF,0x806B,0x808B,0x9528,0x9969,0x8089,0x88C9,0x9D8B,0x996A,0x998A,0x9D8B,0x916A,0x8D29,0x84C9,0x88E9,0x8D09,
  0x88E9,0x8089,0x8D09,0x8D09,0x808B,0x80AB,0x80AB,0x80AB,0x80CC,0x956B,0x956B,0x916B,0x9549,0x9549,0x9549,0x9149,
  0x9548,0xA1AD,0x8D09,0x8D09,0x956C,0x956D,0x8D4E,0x99B2,0x99B3,0x95B2,0x916D,0x916F,0x9DB2,0x99B2,0xAA14,0xB255,
  0xB256,0xB675,0x9592,0x9172,0xA5F4,0x9172,0x80CE,0xAA33,0xB276,0x8131,0x8131,0x80CE,0x80CE,0x8D51,0x8D50,0x8D70,
  0x8110,0x810F,0x8D71,0x95B4,0x99D4,0x99D1,0xA5EF,0x8111,0x8971,0xB694,0x99D3,0x8131,0xBEB4,0xB274,0xB695,0xC6F8,
  0xC6F8,0xC6F8,0xCB18,0xCAF7,0xC2F8,0xBED8,0xBED7,0xCB19,0xCB19,0xC71A,0xAABA,0x85FA,0x8E3A,0xA2BC,0x8E5B,0xC75E,
  0xC73E,0xCB5E,0xDFBF,0xCFDF,0x833F,0x831F,0x827F,0x81DD,0x8138,0x80F5,0x80F1,0x8111,0x808B,0x80AC,0x808A,0x8067,
  0x8067,0x8067,0x8067,0x8067,0x8068,0x8023,0x8024,0x8024,0x8023,0x8023,0x8023,0x8023,0x8023,0x8023,0x8002,0x8022,
  0x8022,0x8022,0x8002,0x8002,0x8022,0x8022,0x8022,0x8002,0x8022,0x8022,0x8002,0x8022,0x8002,0x8002,0x8002,0x8002,
  0x8002,0x8002,0x8002,0x8022,0x8022,0x8022,0x8002,0x8023,0x8023,0x8023,0x8002,0x8023,0x8003,0x8022,0x8022,0x8022,
  0x8022,0x8002,0x8002,0x8022,0x8002,0x8022,0x8002,0x8022,0x8022,0x8022,0x8023,0x8024,0x8045,0x8024,0x8023,0x8023,
  0x8022,0x8002,0x8002,0x8002,0x8002,0x8002,0x8002,0x8002,0x8002,0x8002,0x8002,0x8002,0x8022,0x8002,0x8002,0x8002,
  0x8002,0x8022,0x8022,0x8022,0xAB18,0x8002,0x8022,0x8002,0x8002,0x8002,0x8002,0x8002,0x8002,0x8022,0x8022,0x8022,
  0x8024,0x8024,0x8023,0x8044,0x8883,0xA0A3,0xFFC9,0xFF85,0x9482,0x8464,0x8044,0x8023,0x8044,0x8024,0x8002,0x8002,
  0x8002,0x8002,0x8002,0x8024,0x8024,0x8045,0x8045,0x8023,0x8024,0x8044,0x8024,0x8003,0x8045,0x8045,0x8003,0x8002,
  0x8023,0x8044,0x8024,0x8024,0x88A5,0x88C5,0x84A4,0x88A5,0x88C5,0x88C4,0x84A4,0x84C4,0x84C4,0x84C5,0x84C5,0x88A5,
  0x88C5,0x84A4,0x8063,0x8002,0x8002,0x8024,0x8024,0x8002,0x8002,0x8002,0x8002,0x8002,0x8022,0x8022,0x8046,0x8023,
  0x8025,0x8047,0x8047,0x8045,0x8002,0x8024,0x8002,0x8046,0x8002,0x8023,0x8023,0x8023,0x8023,0x8023,0x8023,0x8023,
  0x8023,0x80AA,0x8068,0x8068,0x8046,0x8024,0x8002,0x8002,0x8067,0x8068,0x8068,0x8487,0x88A4,0x88C4,0x8CC4,0x88A4,
  0x88C4,0x88A4,0x8064,0x8023,0x88C4,0x88E5,0x8044,0x8023,0x8023,0x8045,0x8087,0x8067,0x8024,0x8023,0x8023,0x8023,
  0x8023,0x8023,0x8023,0x8023,0x8023,0x8024,0x8023,0x8024,0x8064,0x8CC4,0x94E4,0x8CE4,0x8CE4,0x8CE4,0x84A4,0x88C4,
  0x8065,0x8023,0x8465,0xA8A2,0x8046,0x8085,0x9483,0xFB29,0xA8A2,0x90C4,0x88A5,0x8485,0x8464,0x8044,0x8025,0x8065,
  0x8045,0x8024,0x8044,0x8024,0x8024,0x8486,0x84A5,0x84A6,0x80A6,0x88C5,0x8066,0x8066,0x88C6,0x8065,0x88C5,0x8CC5,
  0x90E5,0x98C5,0xFFC6,0xE602,0xB902,0xA0E4,0x98C4,0xD583,0x8885,0x8485,0x8CC5,0x8CC5,0x88C5,0x8045,0x8025,0x8025,
  0x8045,0x8066,0x84C6,0x8025,0x9127,0x8086,0x8466,0x8045,0x8045,0x8045,0x8045,0x8045,0x8045,0x8045,0x8045,0x8025,
  0x8024,0x8067,0x8046,0x8025,0x8024,0x8024,0x8024,0x8D0E,0x8D2E,0x8046,0x8046,0x890D,0x8D0D,0x8D0D,0x8D0C,0x8CEB,
  0x8488,0x912D,0x912D,0x912E,0x8047,0x8047,0x8067,0x8067,0x8067,0x8067,0x8067,0x8067,0x8046,0x8088,0x8025,0x8046,
  0x8067,0x912F,0x8D2E,0x84A9,0x8088,0x84EC,0x8047,0x8047,0x8047,0x8047,0x8047,0x8067,0x8067,0x8047,0x8047,0x8067,
  0x8067,0x8067,0x8067,0x8067,0x8067,0x8067,0x8067,0x8067,0x8067,0x8068,0x8067,0x8067,0x8067,0x8068,0x8068,0x8068,
  0x8068,0x8068,0x8068,0x8068,0x8068,0x8068,0x8068,0x8068,0x8068,0x8068,0x80CD,0x80CD,0x80AB,0x8068,0x8068,0x80EF,
  0x80EF,0x8069,0x806A,0x8D08,0x9969,0x808A,0x808A,0x9D8A,0x9969,0x996A,0x9969,0xA9EF,0x8908,0x84C8,0x84C8,0x84C9,
  0x80CA,0x8089,0x84C9,0x88E8,0x808A,0x80AB,0x80AB,0x80AB,0x8D2B,0x9DAB,0x9D8A,0x996A,0x9549,0x9549,0x9128,0x9149,
  0x9D8C,0x954A,0x912A,0x80CC,0x914C,0x956A,0x998E,0x99B2,0x9990,0x9DAF,0x956E,0x9571,0x9DB2,0x9992,0xA5F3,0xB256,
  0xB656,0xB256,0xB255,0x99B3,0x9DF4,0xA1F4,0x80CD,0x99B1,0xAE33,0x810F,0x810F,0x810F,0x80CD,0x8D2F,0x8D50,0x8950,
  0x8530,0x80EF,0x8131,0x95D5,0x99D3,0x99D1,0x99D0,0x95B1,0x8131,0xCAF7,0xBA96,0xBED9,0xAE53,0xAE51,0xBED7,0xBED8,
  0xB696,0xBEB5,0xC6F6,0xCAF8,0xCAF8,0xCAF7,0xC2F7,0xC6F8,0xCB19,0xBAD9,0xCB19,0x89FA,0x81FA,0xB2FC,0x81FA,0xAADC,
  0xBF1D,0xCB5E,0xCF5F,0xE7DF,0xBFBF,0x875F,0x82FF,0x823F,0x817B,0x8139,0x8117,0x80D1,0x80CE,0x80AC,0x808B,0x808A,
  0x8068,0x8067,0x8067,0x8067,0x8068,0x8066,0x8023,0x8023,0x8023,0x8023,0x8023,0x8023,0x8023,0x8023,0x8002,0x8002,
  0x8022,0x8002,0x8002,0x8022,0x8022,0x8023,0x8022,0x8002,0x8022,0x8022,0x8002,0x8002,0x8002,0x8022,0x8002,0x8022,
  0x8002,0x8002,0x8022,0x8022,0x8022,0x8002,0x8002,0x8002,0x8002,0x8022,0x8002,0x8022,0x8044,0x8023,0x8002,0x8002,
  0x8023,0x8022,0x8023,0x8023,0x8023,0x8045,0x8023,0x8022,0x8022,0x8022,0x8023,0x8022,0x8024,0x8024,0x8023,0x8023,
  0x8002,0x8002,0x8002,0x8002,0x8002,0x8002,0x8002,0x8002,0x8002,0x8002,0x8002,0x8002,0x8002,0x8022,0x8002,0x8002,
  0x8002,0x8022,0x8022,0x8022,0x810B,0x8003,0x8022,0x8002,0x8002,0x8002,0x8002,0x8002,0x8022,0x8002,0x8022,0x8022,
  0x8024,0x8024,0x8023,0x8023,0x8044,0x8464,0x8C64,0x8C63,0x9462,0x9062,0x8063,0x8064,0x8064,0x8023,0x8003,0x8044,
  0x8043,0x8002,0x8023,0x8024,0x8044,0x8023,0x8023,0x8022,0x8044,0x8044,0x8044,0x8045,0x8045,0x8024,0x8023,0x8023,
  0x8003,0x8024,0x8024,0x8045,0x88C4,0x84A5,0x8086,0x88A5,0x88C5,0x84A4,0x84A5,0x84A4,0x84A5,0x84A5,0x84A5,0x88C5,
  0x84A5,0x84A5,0x84A5,0x8044,0x8002,0x8023,0x8002,0x8023,0x8002,0x8002,0x8002,0x8002,0x8023,0x8003,0x8002,0x8002,
  0x8002,0x8003,0x8045,0x8068,0x8023,0x8002,0x8023,0x8024,0x8023,0x8023,0x8023,0x8023,0x8023,0x8023,0x8023,0x8023,
  0x8023,0x8023,0x8046,0x8068,0x8068,0x8045,0x8046,0x8046,0x8002,0x8047,0x8048,0x8067,0x90C4,0x94E3,0x8CC4,0x90C4,
  0x8043,0x8484,0x84C5,0x8003,0x88E5,0x88C5,0x8044,0x8023,0x8023,0x8024,0x88C5,0x8064,0x8045,0x8023,0x8023,0x8023,
  0x8023,0x8023,0x8023,0x8023,0x8068,0x8068,0x8086,0x88C5,0x8CE5,0x8CE5,0x88E5,0x90E5,0xAD23,0x90C3,0x88A4,0x8023,
  0x8003,0x8003,0x8024,0x8024,0x8046,0x8045,0x8863,0x8C63,0xD560,0xC520,0x88A4,0x8484,0x8884,0x8024,0x8024,0x8024,
  0x8023,0x8024,0x8023,0x8045,0x8024,0x8024,0x8065,0x8065,0x8045,0x8085,0x8066,0x8066,0x80A6,0x84A5,0x8485,0x8CE5,
  0x90E5,0x94E4,0xA4E5,0xC144,0x88A8,0x8487,0x8466,0x8863,0x8884,0x94A4,0xC143,0x8CA3,0x8CC5,0x8CE5,0x80A5,0x8047,
  0x8046,0x8045,0x8086,0x88A6,0x90E5,0xA4C3,0x90C6,0x8CC6,0x8045,0x8045,0x8045,0x8045,0x8045,0x8045,0x8045,0x8025,
  0x8025,0x8024,0x8024,0x8046,0x8045,0x8023,0x8088,0x80CB,0x80A9,0x8045,0x8025,0x80AA,0x88EB,0x890C,0x8D0C,0x8088,
  0x8045,0x8046,0x890D,0x8D2E,0x8068,0x8047,0x8046,0x8067,0x8067,0x8067,0x8067,0x8067,0x8067,0x8067,0x8067,0x8089,
  0x8067,0x84CB,0x80ED,0x80AA,0x80EC,0x852F,0x8089,0x8067,0x8047,0x8046,0x8046,0x8047,0x8047,0x8067,0x8067,0x8067,
  0x8067,0x8067,0x8067,0x8067,0x8067,0x8067,0x8067,0x8067,0x8067,0x8067,0x8067,0x8068,0x8067,0x8067,0x8068,0x8068,
  0x8068,0x8068,0x8068,0x8068,0x8068,0x8068,0x8068,0x8068,0x8068,0x8068,0x8069,0x808A,0x80AB,0x8068,0x80AB,0x80EE,
  0x80EF,0x80EF,0x8069,0x8048,0x8048,0x80AB,0x808A,0xA1AA,0x9D89,0x9969,0x9D8C,0xAE11,0xAA10,0x9548,0x88E8,0x88E8,
  0xA9CC,0x8089,0x8089,0x808A,0x80AA,0x80AB,0x80AB,0x808B,0x998B,0x84EA,0x88E9,0x9969,0x996A,0x9109,0x9529,0x9D8E,
  0xAA11,0x956A,0x914A,0x80AC,0x80CC,0x84EC,0x80CB,0x8D50,0x9991,0x996D,0x9991,0x99B1,0xA1D3,0x9DD3,0xA1F4,0xA1F4,
  0xB676,0xB256,0xAE35,0x9DD4,0x9DD4,0xA1D4,0x84CD,0x80EE,0xA5F3,0xB235,0x894F,0x810F,0x810F,0x80EF,0x850F,0x8D50,
  0x8D50,0x8951,0x8951,0x8151,0x8D91,0x8970,0x99D0,0x99D0,0x810F,0x80EE,0xCAF8,0xC6FA,0xAE55,0xA610,0xAE30,0xA616,
  0xA1F4,0xA613,0xB696,0xCAF7,0xC6F9,0xC6F8,0xCB18,0xCB18,0xC6F8,0xCB19,0xD33A,0xD33A,0xCB1A,0x8A1A,0xAEDB,0x823B,
  0xC31D,0xBEFD,0xC73D,0xCB5E,0xE3DF,0xEBDF,0xB7BF,0x833F,0x829F,0x819C,0x817A,0x8115,0x80F1,0x80CF,0x808C,0x8069,
  0x8068,0x8068,0x8068,0x8067,0x8067,0x8024,0x8067,0x8024,0x8024,0x8023,0x8023,0x80CC,0x8002,0x8023,0x8023,0x8002,
  0x8002,0x8002,0x8002,0x8023,0x8022,0x8002,0x8002,0x8002,0x8022,0x8002,0x8002,0x8002,0x8002,0x8002,0x8002,0x8002,
  0x8022,0x8002,0x8002,0x8002,0x8002,0x8002,0x8022,0x8002,0x8022,0x8002,0x8023,0x8002,0x8022,0x8023,0x8023,0x8022,
  0x8023,0x8023,0x8023,0x8023,0x8024,0x8045,0x8023,0x8023,0x8023,0x8023,0x8022,0x8002,0x8023,0x8023,0x8022,0x8002,
  0x8002,0x8022,0x8022,0x8002,0x8022,0x8002,0x8002,0x8002,0x8002,0x8002,0x8002,0x8002,0x8002,0x8002,0x8002,0x8002,
  0x8002,0x8002,0x8023,0x8022,0x8023,0x8002,0x8022,0x8002,0x8022,0x8022,0x8002,0x8002,0x8002,0x8002,0x8022,0x8002,
  0x8024,0x8024,0x8023,0x8002,0x8044,0x8044,0x8044,0x8044,0x8044,0x9062,0x8463,0x8063,0x8064,0x8044,0x8023,0x8044,
  0x8044,0x8023,0x8044,0x8044,0x8044,0x8024,0x8023,0x8002,0x8044,0x8044,0x8043,0x8045,0x8065,0x8044,0x8023,0x8045,
  0x8023,0x8023,0x8023,0x8045,0x8065,0x8486,0x8086,0x84A5,0x8084,0x84C5,0x8044,0x8023,0x84A5,0x84A5,0x84A5,0x84A5,
  0x84A5,0x84C5,0x84A5,0x84A4,0x8003,0x8023,0x8002,0x8022,0x8002,0x8002,0x8023,0x8002,0x8022,0x8023,0x8002,0x8002,
  0x8022,0x8023,0x8023,0x8023,0x8023,0x8023,0x8002,0x8002,0x8023,0x8024,0x8025,0x8023,0x8023,0x8023,0x8023,0x8023,
  0x8023,0x8023,0x8023,0x8023,0x8023,0x8024,0x8046,0x8046,0x8003,0x8002,0x8067,0x8068,0xFFEB,0xA0C3,0x94E4,0x98E4,
  0x8485,0x8044,0x88C5,0x8CC5,0x8CC5,0x88C5,0x8885,0x8003,0x8023,0x8024,0x9506,0x88A4,0x8045,0x8066,0x8023,0x8023,
  0x8023,0x8023,0x8023,0x8023,0x8023,0x8067,0x8088,0x8065,0x88E6,0x8CE5,0x8CE5,0x8CE4,0x9CC5,0x90E5,0x8CE4,0x8023,
  0x8023,0x8024,0x8023,0x8023,0x8025,0x8046,0x8023,0x8045,0x8C86,0x90A5,0xA8C1,0x8884,0x8484,0x8883,0x8044,0x8024,
  0x8004,0x8024,0x8023,0x8023,0x8023,0x8066,0x8065,0x8045,0x8045,0x8065,0x8065,0x8066,0x8066,0x88E5,0x88C5,0x8CE5,
  0x8CE5,0xFFC4,0x94C6,0x94E5,0x8088,0x8067,0x8066,0x88A4,0x84A5,0x8CA5,0xD5C3,0x8444,0x8884,0x90E5,0x80A5,0x8086,
  0x8046,0x8066,0x88C7,0x90C6,0x8CA5,0x90C6,0x8CC5,0x9105,0x8046,0x8045,0x8045,0x8045,0x8045,0x8045,0x8045,0x8045,
  0x8025,0x8024,0x8024,0x8067,0x8068,0x8024,0x8044,0x80AA,0x808A,0x8088,0x8024,0x8088,0x8067,0x890C,0x88EC,0x8068,
  0x8068,0x8068,0x8089,0x8089,0x80AA,0x8068,0x8046,0x8066,0x8067,0x8067,0x8067,0x8046,0x8067,0x8067,0x8067,0x8067,
  0x8067,0x8067,0x80ED,0x80AA,0x808A,0x80CC,0x84ED,0x80AA,0x8067,0x8067,0x8046,0x8047,0x8047,0x8047,0x8067,0x8067,
  0x8067,0x8067,0x8067,0x8067,0x8067,0x8067,0x8067,0x8047,0x8067,0x8067,0x8067,0x8067,0x8068,0x8068,0x8068,0x8068,
  0x8068,0x8068,0x8068,0x8068,0x8068,0x8068,0x8068,0x8068,0x8068,0x8068,0x8068,0x80AB,0x8089,0x8068,0x8068,0x8068,
  0x80CD,0x80EE,0x808A,0x8068,0x8048,0x8048,0x806A,0x998A,0x9969,0x954A,0x9969,0xA1AD,0xA5AE,0xA1AD,0x9128,0x8D28,
  0x996A,0x80A9,0x808A,0x808A,0x808A,0x9129,0x808B,0x80AB,0x80AB,0x80AB,0x84CA,0x9569,0x996A,0x9D6D,0x994A,0x9D8C,
  0xA5F1,0xA5F0,0x954A,0x84EB,0x808A,0x808A,0x8069,0x890F,0x9593,0x9170,0x8D4F,0xA1CD,0xA1F3,0xA1F4,0xA1F4,0xA1F4,
  0xA5F4,0xB676,0xB676,0x99B3,0x99D3,0xA5F5,0x9DB2,0x80CD,0x80CE,0xB256,0xA1F4,0x8130,0x8130,0x80EF,0x810F,0x810F,
  0x8951,0x8D51,0x8D72,0x8531,0x8D72,0x8130,0x95B0,0x99AF,0x80EF,0x810F,0x80EB,0xB294,0xC6F9,0xAA32,0xBEB7,0xA1F6,
  0x9592,0x9DD2,0xA212,0xC2D5,0xC2D7,0xBAB7,0xBA96,0xCB18,0xCF19,0xCB19,0xCB19,0xCB19,0xCF3A,0xA67A,0x8E19,0x821B,
  0xB2FD,0xA69C,0xA27B,0xCB3E,0xCB5E,0xDFBF,0xEBDF,0x8F3F,0x831F,0x825F,0x81BD,0x8139,0x8116,0x80D1,0x80CF,0x80AC,
  0x80AC,0x8068,0x8068,0x8067,0x8067,0x8045,0x8046,0x8046,0x8024,0x8023,0x8023,0x8023,0x8023,0x8023,0x8023,0x8022,
  0x8022,0x8023,0x8022,0x8002,0x8002,0x8002,0x8002,0x8002,0x8002,0x8002,0x8002,0x8002,0x8002,0x8002,0x8002,0x8022,
  0x8022,0x8022,0x8002,0x8002,0x8002,0x8023,0x8002,0x8022,0x8022,0x8002,0x8023,0x8023,0x8002,0x8023,0x8022,0x8022,
  0x8023,0x8023,0x8023,0x8023,0x8024,0x8088,0x8024,0x8023,0x8023,0x8023,0x8022,0x8002,0x8023,0x8022,0x8002,0x8002,
  0x8023,0x8002,0x8002,0x8022,0x8022,0x8002,0x8002,0x8002,0x8002,0x8002,0x8022,0x8002,0x8002,0x8002,0x8002,0x8022,
  0x8002,0x8022,0x8022,0x8022,0x8002,0x8022,0x8022,0x8022,0x8002,0x8023,0x8002,0x8022,0x8002,0x8002,0x8002,0x8002,
  0x8044,0x8044,0x8024,0x8024,0x8024,0x8044,0x8044,0x8044,0x8044,0x8044,0x9861,0x9083,0x8463,0x8064,0x8064,0x8064,
  0x8043,0x8044,0x8022,0x8443,0x8063,0x8023,0x8023,0x8022,0x8023,0x8023,0x8044,0x8045,0x8065,0x8065,0x8045,0x8044,
  0x8045,0x8003,0x8002,0x8045,0x8066,0x8086,0x8CC5,0x8045,0x8085,0x88C5,0x8043,0x8023,0x8002,0x8023,0x8484,0x84A5,
  0x84A5,0x8085,0x84A5,0x88C4,0x8484,0x8003,0x8088,0x8002,0x8002,0x8002,0x8023,0x8003,0x8022,0x8023,0x8002,0x8002,
  0x8022,0x8023,0x8023,0x8023,0x8023,0x8022,0x8023,0x8023,0x8069,0x8067,0x808A,0x8047,0x8003,0x8023,0x8023,0x8023,
  0x8023,0x8023,0x8023,0x8023,0x8023,0x8023,0x8023,0x8023,0x8003,0x8046,0x8068,0x8487,0x9C62,0xD162,0xACC1,0x90C3,
  0x8CC4,0x8CC4,0x8CC4,0x8CE4,0x8044,0x8044,0x8064,0x8023,0x8002,0x8023,0x8064,0x8CE5,0x8024,0x8003,0x8023,0x8023,
  0x8023,0x8023,0x8023,0x8023,0x8023,0x8023,0x8089,0x8025,0x8003,0x8CE5,0x88E5,0x8023,0x8043,0x8CE5,0x8CE5,0x88C4,
  0x8064,0x8002,0x8046,0x8024,0x8024,0x8024,0x8026,0x8046,0x8466,0x8C86,0x9864,0x98E4,0x8CA4,0x8484,0x88A4,0x88A4,
  0x8885,0x90C3,0x8043,0x8022,0x8023,0x8044,0xA0E0,0x8CA3,0x8065,0x8045,0x8066,0x8065,0x8045,0x8086,0x84C5,0x88C5,
  0x90A4,0x8465,0x8CC6,0x88C6,0x8067,0x8027,0x8068,0x8087,0x8087,0x8045,0x8067,0x8067,0x8067,0x94A5,0x98C4,0x94E5,
  0x94E5,0x98C4,0xB4A1,0x90C6,0x8CE5,0x90E5,0x88C5,0x8065,0x8045,0x8024,0x8045,0x8045,0x8045,0x8046,0x8067,0x8067,
  0x8045,0x8025,0x8024,0x8024,0x8067,0x8068,0x8045,0x8024,0x8088,0x8024,0x8024,0x8024,0x8025,0x850D,0x850D,0x890C,
  0x8D0D,0x8D2E,0x8089,0x8047,0x84CB,0x9570,0x8025,0x8046,0x8067,0x8067,0x8068,0x80EC,0x8088,0x8068,0x8068,0x8068,
  0x8067,0x8067,0x8068,0x8067,0x8046,0x8046,0x8046,0x850E,0x84AA,0x8047,0x8047,0x8046,0x8047,0x8047,0x8067,0x8067,
  0x8047,0x8067,0x8067,0x8067,0x8067,0x8067,0x8067,0x8067,0x8067,0x8067,0x8067,0x8067,0x8068,0x8068,0x8068,0x8068,
  0x8068,0x8068,0x8068,0x8068,0x8067,0x8068,0x8067,0x8067,0x8068,0x8068,0x8068,0x8068,0x8068,0x8068,0x8068,0x8068,
  0x8067,0x8047,0x8047,0x8068,0x808B,0x808B,0x808B,0x808A,0x808B,0x808A,0x9528,0x9128,0xA1AF,0xA5F1,0x9D69,0x88E7,
  0x8D29,0x954A,0x8069,0x808A,0x808A,0x808A,0x808A,0x808A,0x80AB,0x80AB,0x80AB,0x80AB,0x80AB,0x998A,0x998A,0x956A,
  0x998A,0xA611,0x9149,0x9549,0x8069,0x808A,0x8069,0x8089,0x8530,0x850E,0x916F,0xA1CE,0x9DD3,0x9171,0x99B3,0x9993,
  0xAE15,0xAE35,0xB676,0xB676,0xB656,0xBE97,0xAA35,0x8510,0x80CD,0xB255,0xAE55,0x810F,0x8130,0x80EF,0x80EF,0x810F,
  0x810F,0x80EF,0x8951,0x8951,0x8531,0x8D70,0x8130,0x8D70,0x8150,0x8131,0x852F,0x852E,0xC2D8,0xC2D8,0xBEB8,0xBEB9,
  0xBEB4,0x9DD3,0x9DF3,0xBA94,0xC6F8,0xAA35,0xAA56,0xBED7,0xC6F8,0xCF3A,0xBED9,0xC2F9,0xC2F9,0xCF1A,0xCF1A,0x9639,
  0x823B,0xA6BB,0x8E5C,0xB2DC,0xC73E,0xC75E,0xCB5F,0xF7FF,0x9B7F,0x833F,0x82BF,0x81BD,0x817B,0x8115,0x80F3,0x80CF,
  0x80AC,0x808A,0x80AC,0x8047,0x80AA,0x8046,0x8046,0x8046,0x8067,0x8024,0x8023,0x8023,0x8023,0x8023,0x8023,0x8023,
  0x8023,0x8023,0x8002,0x8023,0x8023,0x8002,0x8002,0x8002,0x8002,0x8002,0x8002,0x8002,0x8002,0x8002,0x8022,0x8022,
  0x8022,0x8002,0x8002,0x8002,0x8022,0x8002,0x8002,0x8002,0x8002,0x8002,0x8002,0x8002,0x8002,0x8002,0x8022,0x8022,
  0x8023,0x8023,0x8023,0x8045,0x8046,0x80AA,0x8045,0x8024,0x8023,0x8023,0x8022,0x8002,0x8023,0x8022,0x8022,0x8002,
  0x8002,0x8023,0x8023,0x8022,0x8002,0x8002,0x8002,0x8022,0x8002,0x8002,0x8022,0x8002,0x8002,0x8002,0x8002,0x8002,
  0x8002,0x8002,0x8022,0x8002,0x8002,0x8022,0x8002,0x8022,0x8002,0x8022,0x8002,0x8022,0x8022,0x8002,0x8002,0x8002,
  0x8044,0x8044,0x8024,0x8024,0x8024,0x8024,0x8024,0x8044,0x8044,0x8044,0xB8C0,0x8C83,0x9083,0x8044,0x8064,0x8063,
  0x8043,0x8043,0x8002,0x8022,0x8043,0x8023,0x8002,0x8045,0x8044,0x8044,0x8045,0x8045,0x8045,0x8045,0x8045,0x8023,
  0x8002,0x8023,0x8002,0x8066,0x8066,0x8045,0x8066,0x8066,0x8044,0x8085,0x8464,0x8003,0x8002,0x8002,0x8064,0x84C5,
  0x84C5,0x8022,0x8002,0x88C5,0x84A4,0x8043,0x8045,0x8087,0x8002,0x8022,0x8003,0x8002,0x8023,0x8002,0x8002,0x8002,
  0x8022,0x8023,0x8023,0x8023,0x8022,0x8023,0x8023,0x8023,0x8002,0x808A,0x8069,0x8047,0x8002,0x8089,0x8089,0x8023,
  0x8023,0x8023,0x8023,0x8023,0x8023,0x8023,0x8023,0x8023,0x8003,0x8067,0x8088,0x8C86,0xACE3,0xD162,0xB4C2,0x94C3,
  0x8CC4,0x8CC4,0x88A4,0x90A3,0x98C3,0x8484,0x8484,0x88A4,0x88C4,0x88C4,0x88C4,0x84A4,0x8CC4,0x8003,0x88A5,0x8CE5,
  0x8023,0x8023,0x8023,0x8023,0x8023,0x8024,0x8023,0x8024,0x8068,0x88C5,0x88E5,0x8023,0x8024,0x8CE5,0x8CE5,0x8CC4,
  0x88A4,0x8003,0x8046,0x8047,0x8047,0x8046,0x8046,0x8046,0x8886,0x8C85,0xFF82,0x90A4,0x8CA4,0x8484,0x88A4,0x8003,
  0x8064,0x8CA4,0x8883,0x8022,0x8023,0x8065,0x8CA4,0x8064,0x8085,0x8065,0x8065,0x8065,0x8065,0x8065,0x8065,0x8085,
  0x98A4,0x8046,0x88C7,0x94E6,0x94A4,0x8048,0x8068,0x8067,0x8067,0x8066,0x8067,0x8046,0x8067,0x8487,0xD981,0x9CC5,
  0xACC3,0xDA03,0x9083,0x88A4,0x8065,0x88C6,0x8CE5,0x84A5,0x8045,0x8044,0x8045,0x8045,0x8045,0x8045,0x8067,0x8067,
  0x8045,0x8024,0x8024,0x8024,0x8024,0x8024,0x8024,0x8024,0x8024,0x8066,0x8046,0x8045,0x8025,0x8066,0x84ED,0x850D,
  0x8045,0x8066,0x914F,0x84CB,0x8044,0x8045,0x8046,0x8046,0x8067,0x8068,0x8088,0x8088,0x80CB,0x890D,0x8068,0x8047,
  0x80ED,0x8047,0x8047,0x8047,0x8046,0x8045,0x8045,0x80A9,0x850E,0x8088,0x8046,0x8046,0x8047,0x8047,0x8047,0x8047,
  0x8047,0x8067,0x8067,0x8067,0x8067,0x8067,0x8067,0x8067,0x8067,0x8067,0x8067,0x8067,0x8067,0x8068,0x8068,0x8068,
  0x8068,0x8068,0x8068,0x8067,0x8068,0x8067,0x8067,0x8067,0x8068,0x8068,0x8068,0x8068,0x8068,0x8068,0x8068,0x8068,
  0x8068,0x80AD,0x808B,0x808A,0x80AB,0x80AB,0x80AB,0x808B,0x808B,0x808A,0x8088,0x9128,0x9108,0x8D08,0x9D8B,0xA9ED,
  0x8D09,0x8D29,0x9529,0x806A,0x8089,0x8089,0x9548,0x8069,0x80AB,0x80AB,0x80AC,0x80CB,0x84CB,0x998A,0x998A,0x996A,
  0x84EA,0x8088,0x9969,0x9969,0x806A,0x808A,0x808B,0x80AB,0x80EF,0x80CD,0x808A,0xA5D0,0x80CE,0x80AC,0x80EE,0x9592,
  0x99B3,0xA5F4,0xBA76,0xBE96,0xB656,0xAE56,0xAA35,0xAE14,0x80AD,0x8D2F,0xAE35,0x8971,0x810F,0x80EE,0x80EE,0x80EE,
  0x80EF,0x810F,0x80EF,0x80EF,0x80EF,0x8510,0x894F,0x8D70,0x8D70,0x8131,0xA9F0,0x9990,0x80F0,0x8112,0xBEB7,0xA1F1,
  0xBAB3,0xB277,0x95B3,0x9DF1,0xC6D8,0xBEB7,0x99D3,0x95B0,0x9DF1,0xBEFA,0xCB19,0xC6F8,0xB696,0xC2F9,0xB6BA,0xCF1B,
  0xD33B,0xBEFB,0x8E5C,0x863B,0xBF1D,0xC73E,0xCB5E,0xD37F,0xF7DF,0x8B7F,0x833F,0x825F,0x81BD,0x817A,0x80F5,0x80F2,
  0x80F0,0x808B,0x80AC,0x8089,0x8046,0x8067,0x8067,0x8047,0x8066,0x8024,0x8023,0x8023,0x8066,0x8023,0x8023,0x8023,
  0x8023,0x8002,0x8023,0x8023,0x8023,0x8002,0x8002,0x8002,0x8002,0x8002,0x8002,0x8022,0x8022,0x8022,0x8002,0x8022,
  0x8002,0x8002,0x8022,0x8022,0x8022,0x8002,0x8002,0x8002,0x8002,0x8002,0x8002,0x8002,0x8002,0x8002,0x8022,0x8022,
  0x8023,0x8023,0x8024,0x8046,0x8027,0x9E16,0x8067,0x8024,0x8023,0x8023,0x8002,0x8002,0x8022,0x8022,0x8022,0x8002,
  0x8002,0x8002,0x8002,0x8002,0x8002,0x8022,0x8002,0x8022,0x8002,0x8002,0x8002,0x8002,0x8002,0x8002,0x8022,0x8002,
  0x8002,0x8002,0x8002,0x8022,0x8002,0x8022,0x8002,0x8002,0x8002,0x8002,0x8002,0x8002,0x8022,0x8002,0x8022,0x8022,
  0x8045,0x8044,0x8045,0x8023,0x8044,0x8023,0x8003,0x8023,0x8044,0x8044,0x8843,0x8443,0x8044,0x8463,0x8063,0x8063,
  0x8044,0x8044,0x8023,0x8022,0x8023,0x8002,0x8023,0x8045,0x8044,0x8045,0x8045,0x8045,0x8044,0x8023,0x8045,0x8044,
  0x8044,0x8024,0x8002,0x8024,0x8023,0x8023,0x8044,0x8045,0x8024,0x8024,0x8046,0x8045,0x8002,0x8002,0x8002,0x88C5,
  0x84C4,0x8023,0x8003,0x8003,0x84A5,0x80A5,0x8024,0x8087,0x8002,0x8022,0x8023,0x8002,0x8002,0x8022,0x8002,0x8002,
  0x8023,0x8023,0x8023,0x8023,0x8023,0x8023,0x8023,0x8023,0x8023,0x8024,0x8024,0x8024,0x80AB,0x80AB,0x80AB,0x8024,
  0x8023,0x8023,0x8023,0x8023,0x8023,0x8023,0x8023,0x8023,0x8045,0x8046,0x8067,0x8024,0x8024,0x8C63,0x94C3,0x8CA3,
  0x88A4,0x88A4,0x8CC4,0xA0E3,0x8CA4,0x88A5,0x8485,0x8065,0x84A4,0x88C5,0x84A4,0x88A5,0x8CC4,0x84A4,0x84A4,0x84A5,
  0x8087,0x8023,0x8023,0x8023,0x8023,0x8023,0x8023,0x8023,0x8023,0x8046,0x8485,0x8024,0x8003,0x8063,0x88A5,0x8003,
  0x8087,0x8024,0x8023,0x8047,0x8067,0x8067,0x8046,0x8464,0x98A3,0x8884,0x8884,0x90A4,0x90C4,0x94C3,0x8043,0x8003,
  0x8024,0x8464,0x8883,0x8883,0x8443,0x8024,0x8484,0x8485,0x8085,0x8084,0x8044,0x8084,0x8064,0x8484,0x8463,0xBD23,
  0x8024,0x8046,0x8088,0x8087,0x84A6,0x80A7,0x8068,0x8068,0x8067,0x8067,0x8068,0x8067,0x8067,0x94C4,0x94C5,0x98C6,
  0xF2C4,0x9CC4,0x8CC4,0x88C5,0x8045,0x8066,0x84A5,0x88C5,0x88E6,0x84C6,0x8086,0x8045,0x8046,0x8067,0x8067,0x8067,
  0x8067,0x8046,0x8024,0x8045,0x8045,0x8024,0x8024,0x8024,0x8024,0x8067,0x8067,0x8067,0x8046,0x8067,0x80CC,0x8089,
  0x8045,0x8045,0x88CB,0x8D0D,0x912E,0x8088,0x8046,0x8089,0x8068,0x8068,0x8088,0x8068,0x80AA,0x84EC,0x8089,0x8046,
  0x8046,0x8089,0x80CC,0x80AA,0x8047,0x8046,0x8046,0x8045,0x8046,0x8068,0x8046,0x8046,0x8047,0x8047,0x8047,0x8047,
  0x8047,0x8047,0x8047,0x8067,0x8047,0x8067,0x8067,0x8067,0x8067,0x8067,0x8067,0x8067,0x8067,0x8067,0x8067,0x8068,
  0x8067,0x8068,0x8068,0x8067,0x8067,0x8068,0x8067,0x8067,0x8068,0x8068,0x8067,0x8067,0x8068,0x8068,0x8068,0x8068,
  0x8068,0x80AC,0x80AC,0x80AB,0x80AB,0x80AB,0x80AB,0x80AB,0x808B,0x808A,0x808A,0x8CE8,0x9128,0x9128,0x9129,0x9129,
  0x9DAD,0x9108,0x9149,0x9949,0x8069,0x80CA,0x9148,0x8909,0x80AB,0x80AB,0x80AB,0x80AB,0x80AB,0x8D2A,0x9129,0x80AB,
  0x84EB,0x954A,0x956A,0x994A,0x9D8B,0x808A,0x808B,0x80AA,0x80AC,0x80EE,0x80CC,0x80AC,0x8530,0x806A,0x8930,0x9172,
  0x9592,0x9593,0xA1F4,0x99B3,0xAE35,0xAE35,0xAA35,0xA1F3,0x9172,0x9150,0x8D50,0x80CD,0x80EE,0x80EE,0x80EE,0x80EE,
  0x80EE,0x80EF,0x810F,0x80EF,0x8111,0x8110,0x810F,0x850F,0x916F,0x8130,0x852F,0x8D4F,0x80CE,0x80AE,0xAE31,0xB675,
  0xAE56,0xBA98,0xBA99,0xAE2F,0x99B0,0xC6F9,0xC6F9,0xB295,0x8D6C,0x95AE,0xA258,0x95D5,0xBAB7,0xBAB8,0xBAD9,0xA259,
  0xC71B,0xCB3B,0xCB3C,0xCF5A,0x8A1A,0xBAFC,0xC73D,0xCB3E,0xCB5E,0xE3BF,0xDBFF,0x831F,0x827F,0x81BD,0x815A,0x80F6,
  0x80F3,0x80AF,0x80CF,0x80AC,0x808B,0x808B,0x808A,0x8067,0x8067,0x8067,0x8047,0x8024,0x8024,0x8024,0x8024,0x8045,
  0x8023,0x8236,0x8002,0x8023,0x8002,0x8002,0x8002,0x8002,0x8002,0x8002,0x8022,0x8022,0x8002,0x8002,0x8002,0x8002,
  0x8002,0x8002,0x8003,0x8022,0x8002,0x8002,0x8002,0x8002,0x8002,0x8023,0x8002,0x8022,0x8002,0x8024,0x8023,0x8023,
  0x8045,0x8046,0x8068,0x848A,0xFFFF,0xF7DE,0x8110,0x8088,0x8025,0x8045,0x8024,0x8003,0x8002,0x8023,0x8002,0x8022,
  0x8002,0x8002,0x8023,0x8023,0x8023,0x8002,0x8002,0x8002,0x8002,0x8002,0x8002,0x8002,0x8002,0x8002,0x8002,0x8002,
  0x8002,0x8022,0x8002,0x8002,0x8002,0x8002,0x8002,0x8002,0x8002,0x8002,0x8002,0x8002,0x8002,0x8022,0x8002,0x8002,
  0x84A5,0x88A4,0x8064,0x8023,0x8044,0x8024,0x8023,0x8024,0x8044,0x8044,0x8044,0x8044,0x8023,0x8463,0x8064,0x8044,
  0x8044,0x8043,0x8043,0x8023,0x8002,0x8022,0x8022,0x8023,0x8022,0x8045,0x8045,0x8045,0x8045,0x8023,0x8023,0x8044,
  0x8045,0x8045,0x8044,0x8045,0x8045,0x8045,0x8045,0x8023,0x8023,0x8045,0x8046,0x8045,0x8023,0x8003,0x8002,0x84C5,
  0x84A4,0x8043,0x8023,0x8024,0x8002,0x80A4,0x8045,0x8002,0x8002,0x8022,0x8023,0x8023,0x8022,0x8002,0x8023,0x8022,
  0x8022,0x8023,0x8023,0x8023,0x8023,0x8023,0x8023,0x8023,0x8023,0x8045,0x8023,0x808A,0x80AB,0x80AC,0x80AC,0x80AC,
  0x8024,0x8023,0x8023,0x8023,0x8023,0x8023,0x8023,0x8023,0x8025,0x8024,0x8067,0x8025,0x8025,0x8025,0x88A3,0x88C5,
  0x8023,0x8044,0xFF43,0x9CE3,0x94C4,0x88A4,0x8485,0x8045,0x8044,0x84A4,0x84A4,0x8084,0x84A4,0x88A4,0x84A5,0x8066,
  0x8067,0x8024,0x8023,0x8023,0x8023,0x8023,0x8023,0x8023,0x8023,0x8046,0x8023,0x8045,0x8024,0x90E5,0x88C5,0x8024,
  0x8066,0x8024,0x8023,0x8067,0x8067,0x8067,0x88C8,0xBD01,0xB0E2,0xA082,0x8884,0x8884,0x8CA4,0x8884,0x8044,0x8065,
  0x8024,0x8064,0x8883,0x8883,0x8CA3,0x8024,0x8024,0x8484,0x8084,0x8464,0x8064,0x8CC4,0x90E4,0xA0E4,0x8CA4,0x88C6,
  0x80A6,0x8024,0x8025,0x8087,0x8087,0x80A6,0x8086,0x8067,0x8067,0x8068,0x8068,0x8068,0x8068,0x8885,0x90C5,0x90A6,
  0x8886,0xD540,0x8485,0x84A6,0x84A7,0x80A8,0x80A8,0x8CC6,0x8046,0x8045,0x8066,0x8025,0x8024,0x8067,0x8067,0x8066,
  0x8067,0x8066,0x8024,0x8045,0x8045,0x8024,0x8024,0x8024,0x8024,0x8066,0x8067,0x8067,0x8046,0x8046,0x8067,0x8024,
  0x8045,0x8045,0x8067,0x88EB,0x912E,0x912E,0x912E,0x912E,0x8067,0x8088,0x8088,0x8088,0x8089,0x8D2E,0x890C,0x8045,
  0x8046,0x8046,0x80CC,0x810E,0x810E,0x8046,0x8046,0x8046,0x8046,0x8046,0x8046,0x8046,0x8047,0x8067,0x8067,0x8067,
  0x8047,0x8047,0x8047,0x8047,0x8067,0x8067,0x8067,0x8067,0x8067,0x8067,0x8067,0x8067,0x8067,0x8067,0x8088,0x8067,
  0x8068,0x8067,0x8067,0x8067,0x8068,0x8068,0x8067,0x8067,0x8068,0x8067,0x8068,0x8067,0x8068,0x8068,0x8068,0x8068,
  0x8068,0x808A,0x80AC,0x80AB,0x80AB,0x80AB,0x80AB,0x808B,0x808B,0x808B,0x808A,0x8089,0x9128,0x9128,0x9128,0x9128,
  0x994A,0x9129,0x9129,0x9949,0x9129,0x9149,0x9548,0x9169,0x808B,0x80AB,0x80AB,0x80AB,0x80AB,0x808A,0x9129,0x84AA,
  0x80AC,0x954B,0x956B,0x84EE,0x910B,0x808B,0x808B,0x80AB,0x80AC,0x80CC,0x808A,0x84AB,0x9192,0x806A,0x99B4,0x9172,
  0x9172,0x9592,0x99B3,0x9992,0x9DB3,0xAE35,0xAE35,0xAA35,0xAA35,0x8910,0x80CE,0x892F,0x80EE,0x80EF,0x80EF,0x80EE,
  0x810F,0x810F,0x810E,0x80EF,0x80EF,0x80EF,0x8130,0x810F,0x810E,0x8550,0x8D4F,0x8130,0x810F,0x80CE,0xA5ED,0x8530,
  0x99F5,0xB698,0xC2B8,0xAE31,0x99D0,0xA212,0xC2D9,0xBED8,0x894C,0x918D,0x8971,0xBAD9,0xB298,0xCB1A,0xCAFA,0xAA78,
  0xA678,0xAE99,0xCB3B,0xCB3B,0x9A5A,0x9A7B,0xB2BB,0xC73D,0xCB3E,0xCB5F,0xDFBF,0xC39F,0x835F,0x823F,0x81DE,0x819C,
  0x8116,0x8114,0x80F1,0x808C,0x808B,0x80AB,0x8047,0x8067,0x8067,0x8067,0x8023,0x8067,0x8024,0x8045,0x8023,0x8023,
  0x8023,0x8024,0x8022,0x8002,0x8022,0x8002,0x8002,0x8023,0x8023,0x8022,0x8023,0x8002,0x8002,0x8002,0x8002,0x8002,
  0x8023,0x9B5F,0x8002,0x8002,0x8002,0x8002,0x8002,0x8002,0x8002,0x8002,0x8022,0x8002,0x8002,0x8002,0x8022,0x8022,
  0x8023,0x8023,0x8024,0x8066,0x8028,0xAA14,0x8046,0x8044,0x8023,0x8023,0x8022,0x8002,0x8022,0x8002,0x8002,0x8002,
  0x8002,0x8022,0x8023,0x8022,0x8023,0x8022,0x8022,0x8022,0x8022,0x8002,0x8002,0x8002,0x8002,0x8002,0x8002,0x8022,
  0x8022,0x8002,0x8002,0x8002,0x8002,0x8002,0x8002,0x8022,0x8002,0x8002,0x8002,0x8002,0x8022,0x8002,0x8002,0x8022,
  0x84A5,0xD140,0x8884,0x8044,0x8023,0x8023,0x8044,0x8043,0x8023,0x8023,0x8044,0x9064,0x8043,0x8043,0x8064,0x8044,
  0x8444,0x8463,0x8463,0x8C83,0x8043,0x8002,0x8022,0x8023,0x8022,0x8044,0x8045,0x8023,0x8065,0x8045,0x8023,0x8002,
  0x8002,0x8045,0x8045,0x8045,0x8045,0x8023,0x8024,0x8045,0x8002,0x8002,0x8024,0x8045,0x8045,0x8003,0x8002,0x8002,
  0x84C4,0x8085,0x8003,0x8002,0x8002,0x8001,0x8023,0x8046,0x8067,0x8024,0x8023,0x8003,0x8023,0x8022,0x8022,0x8002,
  0x8002,0x8022,0x8023,0x8023,0x8023,0x8023,0x8023,0x8023,0x8023,0x8023,0x8023,0x80AB,0x80AB,0x80AB,0x8089,0x80AB,
  0x8088,0x8024,0x8023,0x8023,0x8023,0x8023,0x8023,0x8023,0x8023,0x8024,0x8025,0x8003,0x8024,0x8047,0x80A6,0x8085,
  0x8085,0x8485,0x88A4,0xCDA1,0x98C3,0x90A4,0x90A3,0x8CA3,0x8CA4,0x88A4,0x8003,0x8044,0x84A4,0x8024,0x84A4,0x88C5,
  0x88A5,0x8086,0x8024,0x8024,0x8023,0x8023,0x8023,0x8023,0x8023,0x8023,0x8023,0x8023,0x8023,0x8023,0x84E6,0x8023,
  0x8024,0x8023,0x8023,0x8023,0x8067,0x8047,0x8046,0x8CA6,0xA0E5,0xD141,0x90A4,0x8CC4,0x8CA4,0x8484,0x88A4,0x8065,
  0x8464,0x8883,0x8883,0x8024,0x8024,0x8023,0x8044,0x8464,0x8464,0x8464,0x8065,0x8065,0x8066,0xA0A3,0x88C5,0x8086,
  0x8065,0x8086,0x8086,0x8087,0x8087,0x8087,0x80A8,0x8088,0x8023,0x8046,0x8047,0x8068,0x8068,0x8067,0x8886,0x8023,
  0x8466,0x94C6,0x8CC6,0x84C7,0x8005,0x8068,0x8088,0x80A8,0x8CC6,0x8CE6,0x8045,0x8046,0x8025,0x8067,0x8066,0x8045,
  0x8067,0x8067,0x8067,0x8067,0x8067,0x8024,0x8024,0x8024,0x8024,0x8024,0x8046,0x8046,0x8066,0x8066,0x8046,0x8023,
  0x8024,0x8067,0x8067,0x8088,0x8089,0x8088,0x914F,0x912E,0x84CA,0x8067,0x8067,0x8067,0x8067,0x8D0D,0x912E,0x8D0D,
  0x8045,0x892E,0x84CA,0x8066,0x850E,0x84ED,0x850D,0x8046,0x8046,0x8046,0x8046,0x8046,0x8046,0x8047,0x8046,0x8046,
  0x8047,0x8067,0x8047,0x8047,0x8047,0x8047,0x8067,0x8067,0x8067,0x8067,0x8067,0x8067,0x8067,0x8067,0x8068,0x8088,
  0x8047,0x9971,0x8027,0x8067,0x8067,0x8067,0x8067,0x8067,0x8067,0x8067,0x8067,0x8067,0x8068,0x8068,0x8068,0x8068,
  0x8068,0x8068,0x8068,0x80AB,0x80AB,0x808B,0x808B,0x80AA,0x80AB,0x80AA,0x808B,0x808A,0x9148,0x9128,0x9128,0x9108,
  0x8D08,0x9D6A,0x9129,0x9129,0x9549,0x8909,0x9549,0x88E9,0x8909,0x80A9,0x808A,0x808A,0x80AB,0x808B,0x80AB,0x84EB,
  0x808B,0x808B,0x996A,0x912C,0x914C,0x998B,0x8D2B,0x80AB,0x80AC,0x80CD,0x808A,0x808A,0x808A,0x84ED,0x9DB3,0x9150,
  0x8D50,0xA1D3,0x9151,0x9591,0x99D3,0x99B3,0x9594,0x99B4,0xB256,0xB256,0xAE35,0xB677,0xA614,0x80CF,0x80EF,0x80EE,
  0x80EE,0x80EE,0x80EE,0x80EE,0x80EE,0x80EE,0x80EF,0x8110,0x810F,0x894F,0x8130,0x8551,0x8130,0x810F,0x80ED,0x810F,
  0x894F,0xB273,0xAE53,0xA654,0xB677,0xA1ED,0x99AE,0xC2F9,0xAA57,0xBA96,0x810E,0x8132,0xAA56,0x9A17,0xC6FA,0xBEB9,
  0xC6FA,0xC6FA,0x9E38,0xCB3B,0xCF3C,0xCF5C,0xAA9B,0xC73D,0xBAFD,0xD37F,0xCF7F,0xE3DF,0xF7FF,0x831F,0x829F,0x81DE,
  0x817B,0x8138,0x8116,0x80AF,0x80CF,0x80AC,0x808B,0x8068,0x8067,0x8067,0x8047,0x8047,0x8067,0x8066,0x8023,0x8022,
  0x8044,0x8024,0x8023,0x8023,0x8023,0x8023,0x8023,0x8002,0x8022,0x8022,0x8002,0x8022,0x8022,0x8022,0x8002,0x8022,
  0x8023,0x8023,0x8022,0x8022,0x8023,0x8002,0x8022,0x8002,0x8002,0x8002,0x8002,0x8002,0x8002,0x8002,0x8022,0x8022,
  0x8023,0x8023,0x8024,0x8045,0x8046,0x8068,0x8045,0x8024,0x8023,0x8023,0x8023,0x8002,0x8002,0x8002,0x8002,0x8002,
  0x8002,0x8002,0x8023,0xB6B8,0x8002,0x8022,0x8023,0x8002,0x8002,0x8002,0x8002,0x8002,0x8002,0x8022,0x8002,0x8002,
  0x8002,0x8002,0x8002,0x8002,0x8002,0x8002,0x8022,0x8002,0x8002,0x8002,0x8002,0x8002,0x8022,0x8002,0x8002,0x8002,
  0x8043,0x9083,0x8085,0x8085,0x8002,0x8023,0x8045,0x8064,0x8044,0x8043,0x8044,0x8044,0x8C63,0x8043,0x8063,0x8463,
  0x8043,0x8C82,0x8463,0x8463,0x8044,0x8002,0x8022,0x8022,0x8002,0x8024,0x8023,0x8023,0x8045,0x8045,0x8023,0x8024,
  0x8045,0x8045,0x8045,0x8045,0x8045,0x8044,0x8044,0x8045,0x8022,0x8023,0x8002,0x8023,0x8045,0x8045,0x8044,0x8002,
  0x84A4,0x8003,0x8003,0x8002,0x8002,0x8002,0x8023,0x8066,0x8067,0x8046,0x8023,0x8023,0x8023,0x8002,0x8002,0x8002,
  0x8002,0x8022,0x8023,0x8023,0x8023,0x8023,0x8023,0x8023,0x8023,0x8023,0x8023,0x808A,0x8047,0x808B,0x8004,0x8047,
  0x8069,0x8046,0x8025,0x8023,0x8023,0x8023,0x8023,0x8002,0x8022,0x8023,0x8046,0x8025,0x8046,0x8068,0x8023,0x8085,
  0x8085,0x8064,0x8485,0x8885,0x8465,0xA4E2,0xA0A2,0x94C3,0x8CA3,0x8023,0x8024,0x8024,0x8024,0x8024,0x84A4,0x80A5,
  0x84A5,0x8086,0x8066,0x8023,0x8023,0x8023,0x8023,0x8023,0x8023,0x8023,0x8023,0x8023,0x8023,0x8024,0x8023,0x8023,
  0x8045,0x8024,0x8024,0x8003,0x8047,0x8047,0x8024,0x8466,0x8CA5,0x90C4,0xFEE3,0x9CA2,0x94C4,0x90C4,0x94C4,0x8465,
  0x8884,0x8883,0x8883,0x8024,0x8024,0x8044,0x8044,0x8883,0x94A3,0x8044,0x8044,0x8065,0x8066,0x8CC4,0x84C4,0x8045,
  0x8045,0x8085,0x8066,0x8088,0x8068,0x8068,0x8067,0x8089,0x8023,0x8024,0x8024,0x8024,0x8067,0x8067,0x8047,0x8066,
  0x8066,0x8487,0xB942,0x8087,0x8066,0x8046,0x8088,0x8088,0x8086,0x8065,0x8024,0x8067,0x8025,0x8046,0x8067,0x8045,
  0x8024,0x8067,0x8067,0x8067,0x8067,0x8046,0x8045,0x8066,0x8025,0x8024,0x8024,0x8045,0x8066,0x8066,0x8066,0x8045,
  0x8066,0x8067,0x8067,0x8089,0x80AA,0x8D2E,0x8D2D,0x88EC,0x890C,0x8089,0x8067,0x8067,0x8067,0x84CB,0x8D0D,0x8D2D,
  0x8045,0x850D,0x88ED,0x8046,0x80AA,0x84EC,0x84ED,0x84CC,0x8068,0x8046,0x8046,0x8046,0x8046,0x8046,0x8046,0x8046,
  0x8047,0x8047,0x8067,0x8047,0x8047,0x8067,0x8047,0x8067,0x8067,0x8067,0x8067,0x8067,0x8067,0x8067,0x8068,0x912E,
  0x88EC,0x8067,0x8067,0x8067,0x8067,0x8047,0x8067,0x8067,0x8067,0x8067,0x8067,0x8067,0x8068,0x8068,0x8068,0x8068,
  0x8068,0x8068,0x8068,0x8068,0x8069,0x808A,0x808A,0x808A,0x8089,0x80A9,0x808B,0x808A,0x9148,0x9128,0x8D09,0x9128,
  0x9128,0x9128,0x9129,0x9129,0x9129,0x9129,0x9129,0x8D29,0x8D29,0x9128,0x80A8,0x808A,0x80AB,0x808A,0x80AB,0x80AB,
  0x808B,0x808B,0x912A,0x996A,0x954A,0x996A,0x914B,0x850C,0x808B,0x80AC,0x80CE,0x808B,0x808A,0x80AA,0x9991,0x9150,
  0x890F,0x8552,0x8530,0x9592,0xA1F4,0x99B4,0x95B4,0x9593,0xA1F4,0xA615,0xAE35,0xB256,0x850F,0x80EF,0x80EF,0x80EE,
  0x80EE,0x80EE,0x80EE,0x80EE,0x80EE,0x80EE,0x810F,0x80F0,0x8550,0x8110,0x8550,0x8551,0x8551,0x854E,0x80EF,0x810F,
  0x8D4F,0xB296,0xBA96,0xAE36,0xB256,0x9DCD,0xA630,0xBAB8,0xAE76,0xAE76,0xA1F0,0x8152,0xA633,0x95D3,0xBA76,0xAA76,
  0xCEFA,0xCAFA,0xC2FB,0x9638,0xCF3B,0xCF3C,0xCF3C,0xCF3C,0xB6DC,0xC31D,0xCF5E,0xCF5F,0xE3DF,0xC3DF,0x831F,0x827F,
  0x81DE,0x817B,0x8158,0x80F3,0x80D1,0x80AE,0x808B,0x808A,0x8067,0x80AA,0x8046,0x8046,0x8046,0x8066,0x8045,0x8002,
  0x8047,0x8024,0x8023,0x8023,0x8023,0x8023,0x8022,0x8023,0x8023,0x8022,0x8002,0x8002,0x8002,0x8022,0x8002,0x8022,
  0x8022,0x8002,0x8002,0x8022,0x8002,0x8002,0x8002,0x8002,0x8002,0x8002,0x8002,0x8002,0x8002,0x8002,0x8022,0x8002,
  0x8002,0x8023,0x8023,0x8023,0x8045,0x8068,0x8023,0x8023,0x8023,0x8023,0x8022,0x8002,0x8002,0x8002,0x8002,0x8002,
  0x8002,0x8002,0x8022,0x8023,0x8023,0x8023,0x8002,0x8002,0x8002,0x8002,0x8002,0x8002,0x8002,0x8002,0x8002,0x8002,
  0x8022,0x8002,0x8002,0x8002,0x8002,0x8002,0x8002,0x8002,0x8022,0x8002,0x8002,0x8002,0x8002,0x8002,0x8002,0x8022,
  0x8022,0x8086,0x8085,0x8002,0x8002,0x8002,0x8002,0x8022,0x8023,0x8044,0x8463,0x8463,0xA0A3,0x8843,0x9061,0x8884,
  0x8883,0x8C83,0x8C83,0x8464,0x8044,0x8043,0x8023,0x8023,0x8022,0x8024,0x8023,0x8023,0x8045,0x8044,0x8044,0x8023,
  0x8023,0x8045,0x8045,0x8024,0x8024,0x8024,0x8044,0x8024,0x8023,0x8023,0x8002,0x8002,0x8046,0x8046,0x8046,0x8002,
  0x8002,0x8024,0x8003,0x8045,0x8044,0x8002,0x8002,0x8002,0x8067,0x8066,0x8023,0x8066,0x8066,0x8002,0x8002,0x8002,
  0x8002,0x8022,0x8023,0x8023,0x8022,0x8023,0x8023,0x8023,0x8023,0x8023,0x8023,0x8023,0x8045,0x8025,0x80AB,0x8003,
  0x8045,0x8068,0x8067,0x8023,0x8023,0x8023,0x8023,0x8023,0x8022,0x8002,0x8045,0x8046,0x8045,0x8067,0x8045,0x8065,
  0x8044,0x8023,0x8065,0x8444,0x8064,0xA8E2,0xB0C3,0x94C3,0x90A3,0x8024,0x8464,0x8023,0x8024,0x8024,0x8023,0x8065,
  0x8066,0x8066,0x8044,0x8023,0x8023,0x8023,0x8023,0x8023,0x8023,0x8023,0x8023,0x8024,0x8024,0x8024,0x8023,0x8023,
  0x8045,0x8024,0x8023,0x8023,0x8023,0x8046,0x8025,0x8025,0x8046,0x8043,0xBD22,0xB4C3,0x9CC3,0x98C3,0x94C3,0x8C84,
  0x8884,0x8883,0x8884,0x8884,0x8024,0x8884,0x8463,0x98A2,0x98A3,0x8863,0x8044,0x8065,0x8045,0x84A4,0x84C4,0x8085,
  0x8065,0x8024,0x8025,0x8025,0x8069,0x8067,0x8024,0x8023,0x8024,0x8023,0x8024,0x8024,0x8023,0x8068,0x8068,0x8068,
  0x8067,0x8087,0x8464,0x8066,0x8066,0x8046,0x8066,0x8086,0x84C5,0x8087,0x8087,0x8087,0x8025,0x8045,0x8088,0x8067,
  0x8045,0x8045,0x8046,0x8067,0x8067,0x8067,0x8045,0x8045,0x8045,0x8066,0x8024,0x8024,0x8024,0x8067,0x8046,0x8025,
  0x8068,0x8088,0x8067,0x8067,0x8046,0x80AA,0x8067,0x84CA,0x850D,0x84EC,0x8087,0x8087,0x8067,0x84EC,0x8D2E,0x914F,
  0x8067,0x8067,0x912E,0x8025,0x8067,0x8067,0x850D,0x890E,0x84CB,0x8046,0x8046,0x8046,0x8046,0x8046,0x8046,0x8046,
  0x8047,0x8046,0x8047,0x8067,0x8067,0x8047,0x8067,0x8047,0x8067,0x8067,0x8067,0x8067,0x8067,0x8067,0x8067,0x88EC,
  0x9170,0x8489,0x956F,0x8047,0x8068,0x8047,0x8067,0x8067,0x8067,0x8067,0x8067,0x8067,0x8067,0x8068,0x8068,0x8068,
  0x8068,0x8068,0x8068,0x8068,0x8068,0x808B,0x808B,0x808A,0x8D09,0x9129,0x806A,0x806A,0x9148,0x9129,0x88EB,0x8D08,
  0x9128,0x9129,0x8D08,0x8D08,0x9D89,0x84A9,0x88C9,0x9129,0x8D29,0x80C9,0x8D28,0x808A,0x808A,0x808A,0x80AB,0x80AB,
  0x80AB,0x80AB,0x80AB,0x9D8A,0x996A,0x996A,0x956A,0x998A,0x808B,0x808A,0x80CE,0x80CF,0x80AD,0x8068,0x9991,0x8047,
  0x80AA,0x8131,0x850F,0x9150,0xA1F4,0x9DD4,0x9DD4,0xAE35,0xB256,0xAE15,0xAA15,0xAE56,0x80CE,0x80CE,0xA613,0x9591,
  0x80EF,0x80EE,0x80EE,0x80EF,0x80EE,0x80EE,0x810F,0x8110,0x810F,0x8110,0x8550,0x8551,0x8950,0x852E,0x8130,0x8110,
  0x80CE,0xA237,0xB698,0xB277,0xB277,0x998C,0x9DCE,0xAA32,0xC2D7,0xC719,0xAA34,0x89B4,0x89B3,0x9DF0,0x9E33,0x99F0,
  0xA233,0xC2D9,0xBEDA,0xA679,0x9639,0xCB3C,0xCF3C,0xD35C,0xBF1C,0xBAFD,0xCB3D,0xCF5E,0xCB5F,0xE3DF,0xBB9F,0x831F,
  0x827F,0x823F,0x81BC,0x8117,0x80F5,0x80D1,0x80CE,0x80AC,0x80AB,0x8047,0x8067,0x8046,0x8046,0x8024,0x8045,0x8024,
  0x8024,0x8024,0x8023,0x8023,0x8023,0x8023,0x8023,0x8022,0x8023,0x8023,0x8023,0x8022,0x8002,0x8002,0x8002,0x8022,
  0x8002,0x8022,0x8002,0x8002,0x8022,0x8022,0x8002,0x8002,0x8022,0x8022,0x8002,0x8022,0x8002,0x8002,0x8022,0x8002,
  0x8002,0x8023,0x8023,0x8023,0x8023,0x8046,0x8023,0x8023,0x8023,0x8023,0x8023,0x8002,0x8022,0x8002,0x8002,0x8002,
  0x8002,0x8002,0x8023,0x8023,0x8002,0x8002,0x8023,0x8022,0x8002,0x8002,0x8002,0x8002,0x8022,0x8022,0x8022,0x8022,
  0x8002,0x8002,0x8022,0x8002,0x8002,0x8002,0x8002,0x8002,0x8022,0x8022,0x8023,0x8022,0x8002,0x8002,0x8002,0x8022,
  0x8002,0x8065,0x8023,0x8023,0x8002,0x8002,0x8002,0x8044,0x8023,0x8024,0x8044,0x8443,0x8464,0x8463,0xA0A2,0x98A2,
  0x9CA1,0x9CA2,0x98A2,0x8023,0x8023,0x8044,0x8463,0x8863,0x8023,0x8023,0x8022,0x8022,0x8023,0x8002,0x8002,0x8023,
  0x8022,0x8045,0x8045,0x8045,0x8002,0x8024,0x8024,0x8002,0x8002,0x8002,0x8023,0x8023,0x8002,0x8046,0x8023,0x8023,
  0x8002,0x8025,0x8046,0x8046,0x8045,0x8002,0x8002,0x8002,0x8002,0x8044,0x8045,0x8045,0x8066,0x8002,0x8002,0x8002,
  0x8002,0x8023,0x8023,0x8023,0x8023,0x8023,0x8023,0x8023,0x8023,0x8023,0x8023,0x8023,0x8023,0x8024,0x8025,0x8023,
  0x8023,0x8023,0x8023,0x8023,0x8023,0x8023,0x8023,0x8023,0x8023,0x8002,0x8046,0x8045,0x8003,0x8023,0x84A5,0x84A5,
  0x80A5,0x8085,0x8064,0x8065,0x8486,0x8CA5,0xC961,0x98A4,0xB122,0x8CA4,0x8CA4,0x8CC4,0x88C4,0x8043,0x8024,0x8024,
  0x8066,0x8024,0x8023,0x8023,0x8023,0x8023,0x8023,0x8023,0x8023,0x8023,0x8023,0x8023,0x8024,0x8023,0x8023,0x8024,
  0x8024,0x8023,0x8023,0x8023,0x8023,0x8024,0x8047,0x8046,0x8046,0x8066,0x8464,0x8863,0x9483,0xFEE2,0xA0C3,0x98A3,
  0x8883,0x8884,0x8884,0x88A4,0x8464,0x90A4,0x8C83,0x9062,0xFF03,0x94A3,0x8064,0x8024,0x8044,0x8484,0x88A4,0x90E4,
  0x94E4,0x8024,0x8024,0x8023,0x8023,0x8023,0x8023,0x8024,0x8044,0x8024,0x8024,0x8024,0x8024,0x8045,0x8024,0x8067,
  0x8066,0x8086,0x8086,0x8085,0x8067,0x8024,0x8024,0x8086,0x80C5,0x8087,0x8046,0x8046,0x8025,0x8024,0x8066,0x8067,
  0x8045,0x8045,0x8025,0x8066,0x8066,0x8025,0x8045,0x8025,0x8046,0x8046,0x8024,0x8024,0x8045,0x8046,0x8046,0x8024,
  0x8088,0x8068,0x8067,0x8067,0x8045,0x8067,0x8066,0x8066,0x80CA,0x8088,0x8088,0x8088,0x8088,0x8068,0x84CB,0x8D2E,
  0x8D2E,0x8088,0x8D0D,0x912E,0x8046,0x8067,0x8067,0x8088,0x80CB,0x8067,0x8046,0x8046,0x8046,0x8046,0x8046,0x8047,
  0x8046,0x8046,0x8047,0x8047,0x8047,0x8067,0x8047,0x8047,0x8067,0x8067,0x8067,0x8067,0x8067,0x8047,0x8046,0x8046,
  0x890E,0x8046,0x914F,0x9991,0x8067,0x808A,0x99B2,0x8047,0x8067,0x8067,0x8067,0x8067,0x8067,0x8067,0x8068,0x8068,
  0x8068,0x8068,0x8068,0x8068,0x8068,0x8068,0x808A,0x808A,0x8089,0x8D09,0x9128,0x9128,0x9128,0x9128,0x9128,0x8D28,
  0x8D08,0x8D09,0x8D09,0x8D08,0x8D09,0x9128,0x80AA,0x8089,0x8D29,0x8D29,0x8D29,0x8089,0x808A,0x808A,0x80AB,0x80AB,
  0x80AB,0x80AC,0x8D0B,0x9D8B,0x954C,0x80AC,0x892B,0x956A,0x808A,0x808A,0x80AC,0x80CF,0x80EF,0x80CD,0x8048,0x99B1,
  0x914F,0x8068,0x808A,0x9150,0x9571,0x9571,0x99B3,0xAE36,0xAE55,0x9572,0x8930,0xBA77,0xA1F4,0xAA15,0x892F,0xBA96,
  0x80EF,0x80EF,0x80EF,0x80EF,0x80EF,0x80EF,0x80EF,0x810F,0x810F,0x810F,0x80F0,0x8131,0x8131,0x8131,0x8131,0x8131,
  0x80EF,0x80CD,0x80CC,0xB251,0xAE57,0xB276,0xA1F2,0x99CE,0xAE32,0xC2D8,0xC6D8,0xCAF8,0xC6F8,0x91AF,0x8DB1,0x8990,
  0x8970,0x8592,0xBED9,0xC6F9,0x89F6,0xA699,0xBEFB,0xC71C,0xCF3C,0xCB3C,0xAABC,0xCB3D,0xCB3E,0xCB5F,0xDBBF,0xCBBF,
  0x9F5F,0x82FF,0x823F,0x819C,0x8139,0x8116,0x80D2,0x80CF,0x808B,0x808A,0x8047,0x8067,0x8047,0x8046,0x8024,0x8067,
  0x8067,0x8023,0x8023,0x8023,0x8023,0x8023,0x8023,0x8023,0x8023,0x8023,0x8023,0x8023,0x8002,0x8022,0x8002,0x8002,
  0x8002,0x8022,0x8002,0x8002,0x8002,0x8002,0x8002,0x8002,0x8002,0x8022,0x8022,0x8023,0x8022,0x8002,0x8002,0x8002,
  0x8002,0x8002,0x8022,0x8023,0x8023,0x8044,0x8023,0x8023,0x8002,0x8002,0x8002,0x8002,0x8022,0x8022,0x8002,0x8002,
  0x8002,0x8002,0x8023,0x8022,0x8022,0x8002,0x8022,0x8002,0x8002,0x8002,0x8022,0x8002,0x8002,0x8022,0x8022,0x8002,
  0x8002,0x8022,0x8022,0x8022,0x8002,0x8022,0x8022,0x8002,0x8002,0x8022,0x8022,0x8002,0x8022,0x8022,0x8022,0x8002,
  0x8002,0x8002,0x8023,0x8002,0x8023,0x8023,0x8002,0x8002,0x8024,0x8024,0x8024,0x8024,0x8044,0x8043,0x9482,0x9CC3,
  0xA081,0xA0A1,0xA0A1,0x9083,0x8023,0x8463,0x8463,0x8463,0x8023,0x8023,0x8002,0x8022,0x8023,0x8002,0x8002,0x8023,
  0x8023,0x8023,0x8024,0x8045,0x8002,0x8024,0x8045,0x8044,0x8002,0x8002,0x8022,0x8002,0x8002,0x8002,0x8002,0x8024,
  0x8002,0x8046,0x8046,0x8025,0x8066,0x8023,0x8002,0x8002,0x8002,0x8002,0x8025,0x8002,0x8066,0x8045,0x8066,0x8003,
  0x8023,0x8023,0x8023,0x8023,0x8023,0x8023,0x8023,0x8023,0x8023,0x8023,0x8023,0x8023,0x8023,0x8023,0x8068,0x8003,
  0x8023,0x8023,0x8023,0x8023,0x8023,0x8023,0x8023,0x8023,0x8003,0x8002,0x8023,0x8003,0x8023,0x8484,0x84A4,0x84A5,
  0x84A5,0x80A5,0x8023,0x8066,0x8086,0x8CA5,0x98C4,0xF1E1,0x9483,0x90A3,0x8CC4,0x8CA4,0x88C4,0x8023,0x8023,0x8023,
  0x8023,0x8023,0x8023,0x8024,0x8024,0x8023,0x8023,0x8023,0x8023,0x8023,0x8023,0x8023,0x8023,0x8023,0x8023,0x8023,
  0x8024,0x8024,0x8023,0x8023,0x8023,0x8024,0x8025,0x8023,0x8045,0x8046,0x8045,0x8044,0x8C85,0x8C63,0xF663,0xD162,
  0x9CA2,0x9CC3,0x9CC3,0x98A3,0x94A3,0xA0C3,0xA4C2,0xA4C3,0xA0C4,0x8CA3,0x8464,0x8064,0x8484,0x8884,0x88A4,0x88A4,
  0x8CC4,0x8046,0x8024,0x8023,0x8023,0x8023,0x8024,0x8025,0x8046,0x8024,0x8024,0x8024,0x8024,0x8023,0x8023,0x8025,
  0x8045,0x8066,0x8086,0x90C3,0x8066,0x8004,0x8024,0x8066,0x8065,0x84A6,0x8046,0x8045,0x8025,0x8024,0x8024,0x8067,
  0x8045,0x8045,0x8C84,0x8066,0x8066,0x8045,0x8045,0x8045,0x8046,0x8066,0x8046,0x8046,0x8046,0x8046,0x8046,0x8067,
  0x8046,0x8067,0x8067,0x8067,0x8067,0x8067,0x8066,0x8066,0x8067,0x8088,0x8088,0x8088,0x8088,0x8088,0x890D,0x84EC,
  0x84CB,0x850D,0x890E,0x912E,0x954E,0x8068,0x8067,0x8067,0x8088,0x8067,0x8088,0x8046,0x8046,0x8046,0x8047,0x8047,
  0x8046,0x8046,0x8046,0x8046,0x8046,0x8047,0x8047,0x8047,0x8067,0x8067,0x8067,0x8067,0x8067,0x8047,0x8047,0x8046,
  0x8046,0x8047,0x8047,0x84CB,0x914F,0x8046,0x84AA,0x8068,0x8068,0x8067,0x8067,0x8067,0x8067,0x8067,0x8068,0x8067,
  0x8068,0x8067,0x8068,0x8068,0x8068,0x8067,0x8068,0x8069,0x8089,0x8068,0x9128,0x9128,0x9128,0x9128,0x9128,0x8D08,
  0x8D08,0x8D09,0x8D08,0x8D08,0x8D09,0x88E9,0x84CA,0x84C9,0x8D08,0x8D29,0x8D28,0x8089,0x8089,0x80AB,0x80AB,0x80AC,
  0x80AC,0x80AC,0x8069,0x9D69,0x80EC,0x890C,0x806B,0x88EB,0x9D8B,0x808A,0x808A,0x8089,0x80CE,0x80CD,0x8069,0x8068,
  0x99B3,0x99D3,0x8089,0x808A,0x80AB,0x8D50,0x8950,0x80CC,0x8D50,0xAA35,0x8951,0xAE56,0xB676,0xBA97,0xB676,0xB676,
  0x84EE,0x80EF,0x80EF,0x80EF,0x80EF,0x80EE,0x80EF,0x80EF,0x810F,0x810F,0x810F,0x8131,0x8131,0x8131,0x8131,0x8131,
  0x8130,0x80EE,0x9DCD,0x958B,0xAA35,0xB256,0xB277,0xA610,0x9DEE,0xA1ED,0xC6D8,0xC6F8,0xC6F9,0xC2D8,0x8151,0x8D90,
  0x8570,0x8990,0x8D8F,0xC2B7,0x9E36,0x9E59,0xC2FB,0xBADA,0xC31B,0xCB3C,0xCB3D,0xC2FC,0xC71D,0xC71D,0xCF5F,0xEBDF,
  0xD3DF,0x86FF,0x82DF,0x827F,0x815A,0x8139,0x80D3,0x80D2,0x80CF,0x808B,0x80AB,0x8068,0x8047,0x8047,0x8046,0x8046,
  0x8046,0x8045,0x8023,0x8023,0x8023,0x8023,0x8173,0x8023,0x8023,0x8023,0x8022,0x8023,0x8002,0x8002,0x8002,0x8002,
  0x8002,0x8002,0x8002,0x8002,0x8002,0x8002,0x8002,0x8002,0x8002,0x8022,0x8022,0x8022,0x8002,0x8002,0x8002,0x8002,
  0x8023,0x8002,0x8002,0x8002,0x8023,0x8045,0x8022,0x8022,0x8002,0x8002,0x8023,0x8002,0x8023,0x8002,0x8002,0x8023,
  0x8002,0x8002,0x8002,0x8002,0x8002,0x8002,0x8002,0x8002,0x8002,0x8002,0x8002,0x8000,0x82FE,0x8001,0x8023,0x8002,
  0x8022,0x8002,0x8022,0x8022,0x8002,0x8002,0x8002,0x8002,0x8002,0x8022,0x8022,0x8022,0x8022,0x8022,0x8002,0x8002,
  0x8002,0x8002,0x8023,0x8002,0x8002,0x8023,0x8023,0x8023,0x8023,0x8024,0x8024,0x8024,0x8024,0x8043,0x8862,0x9082,
  0xFAC3,0xB4C0,0x9CA1,0x8C83,0x9083,0x8863,0x8043,0x8023,0x8023,0x8023,0x8023,0x8002,0x8022,0x8022,0x8022,0x8044,
  0x8044,0x8044,0x8002,0x8002,0x8002,0x8002,0x8024,0x8023,0x8022,0x8002,0x8002,0x8002,0x8002,0x8002,0x8022,0x8046,
  0x8002,0x8046,0x8046,0x8046,0x8046,0x8023,0x8002,0x8002,0x8023,0x8045,0x8044,0x8002,0x8002,0x8044,0x8023,0x8002,
  0x8022,0x8023,0x8023,0x8023,0x8023,0x8023,0x8023,0x8023,0x8023,0x8023,0x8023,0x8023,0x8023,0x8023,0x8023,0x808A,
  0x8069,0x8069,0x808A,0x8068,0x8023,0x8023,0x8023,0x8023,0x8002,0x8002,0x8002,0x8003,0x8023,0x8065,0x8085,0x8085,
  0x9CC3,0x84A5,0x80A5,0x8067,0x8087,0x8486,0x94C5,0x9CC5,0xFA41,0x94C4,0x90C4,0x8CA4,0x8484,0x8023,0x8023,0x8023,
  0x8023,0x8023,0x8023,0x8023,0x8024,0x8045,0x8024,0x8024,0x8024,0x8024,0x8024,0x8023,0x8023,0x8023,0x8023,0x8024,
  0x8023,0x8024,0x8024,0x8024,0x8023,0x8024,0x8024,0x8023,0x8023,0x8045,0x8045,0x8045,0x8CA6,0x94A4,0x98A4,0xACC3,
  0xFFCD,0xB8E2,0xBD22,0xC521,0xA4C3,0xFFE5,0xA0A4,0x9CC3,0x9083,0x8884,0x8024,0x8044,0x8484,0x8024,0x8024,0x8044,
  0x8CC4,0x8045,0x8065,0x8044,0x8023,0x8023,0x8024,0x8045,0x8068,0x8066,0x8024,0x8023,0x8023,0x8023,0x8023,0x8024,
  0x8046,0x8067,0x8087,0x88A5,0x8CA4,0x8066,0x8046,0x8046,0x8045,0x8045,0x8066,0x8044,0x8024,0x8024,0x8024,0x8024,
  0x8024,0x8065,0x90A4,0x8484,0x8086,0x8066,0x8066,0x8025,0x8046,0x8066,0x8045,0x8045,0x8046,0x8045,0x8045,0x8067,
  0x8046,0x8046,0x8067,0x8067,0x8067,0x8088,0x8045,0x8066,0x8066,0x8067,0x8088,0x8088,0x8088,0x8088,0x8067,0x8067,
  0x8067,0x80CC,0x80CC,0x8D2E,0x914F,0x8CEC,0x8046,0x8067,0x8067,0x8046,0x8068,0x8088,0x8046,0x8047,0x8089,0x8047,
  0x8046,0x8046,0x8046,0x8046,0x8047,0x8047,0x8047,0x8047,0x8047,0x8047,0x8047,0x8067,0x8047,0x8047,0x8047,0x8046,
  0x8046,0x8046,0x8047,0x8047,0x9571,0x9570,0x9571,0x9591,0x8068,0x8067,0x8067,0x8067,0x8067,0x8067,0x8068,0x8068,
  0x8068,0x8068,0x8068,0x8068,0x8067,0x8067,0x8067,0x8068,0x8089,0x8069,0x8CE8,0x9128,0x9548,0x8D08,0x8D08,0x8D08,
  0x8D08,0x84C9,0x88E9,0x8D08,0x8D09,0x8D09,0x84C8,0x8089,0x8069,0x80A9,0x8D29,0x80AA,0x8909,0x80CA,0x80AB,0x80AC,
  0x80AC,0x80AD,0x808B,0x8069,0x8089,0x84C9,0x99AB,0x80AA,0x996B,0x8089,0x8089,0x8089,0x8069,0x810F,0x8110,0x8048,
  0xA1F5,0xA216,0x80AB,0x8089,0x8068,0x9991,0xA9F3,0x80AC,0xA1D3,0xAE36,0xAA15,0xA5F4,0xAA35,0xAE35,0xB676,0xB677,
  0x80EF,0x99B3,0x80EF,0x80EE,0x80EF,0x80CE,0x80EF,0x810F,0x80EF,0x914C,0x812F,0x8110,0xC271,0x8110,0x8130,0x8130,
  0x8130,0x8110,0x99CD,0x99CC,0x8530,0x8153,0xB278,0xB697,0xAE33,0x9DCD,0xAE54,0xC2D8,0xC2D8,0xC2D8,0xC2D9,0x91D2,
  0x8991,0x8DB0,0x8990,0x8991,0xCAFA,0xC2DA,0x9A37,0x8175,0xC6FA,0xC71A,0xBED5,0xC73E,0xC2FC,0xC31D,0xCF3E,0xCF5E,
  0xDBBF,0xE7FF,0x8B7F,0x82DF,0x821F,0x819C,0x8117,0x80D2,0x80D1,0x80AE,0x808B,0x80AB,0x8069,0x8089,0x8047,0x8046,
  0x8024,0x8045,0x8066,0x8003,0x8003,0x8025,0x8003,0x8023,0x8023,0x8023,0x8023,0x8023,0x8023,0x8002,0x8002,0x8023,
  0x8002,0x8002,0x8022,0x8002,0x8002,0x8023,0x8002,0x8002,0x8022,0x8022,0x8023,0x8023,0x8003,0x8002,0x8002,0x8002,
  0x8002,0x8002,0x8002,0x8002,0x8002,0x8023,0x8002,0x8002,0x8022,0x8002,0x8002,0x8002,0x8003,0x8023,0x8022,0x8022,
  0x8022,0x8002,0x8002,0x8002,0x8002,0x8002,0x8002,0x8002,0x8002,0x8002,0x8002,0x8002,0x8002,0x8022,0x8022,0x8002,
  0x8002,0x8002,0x8022,0x8002,0x8002,0x8002,0x8022,0x8022,0x8003,0x8002,0x8002,0x8022,0x8022,0x8022,0x8002,0x8022,
  0x8002,0x8002,0x8002,0x8002,0x8002,0x8003,0x8023,0x8023,0x8024,0x8024,0x8024,0x8024,0x8024,0x8023,0x8443,0x9082,
  0xB0E1,0xA4A2,0xA0A1,0x8C83,0x8C83,0x8C83,0x8044,0x8043,0x8023,0x8023,0x8023,0x8043,0x8043,0x8443,0x8043,0x8044,
  0x8044,0x8044,0x8044,0x8024,0x8024,0x8002,0x8023,0x8002,0x8023,0x8002,0x8002,0x8002,0x8002,0x8002,0x8022,0x8045,
  0x8046,0x8024,0x8046,0x8023,0x8023,0x8045,0x8002,0x8002,0x8002,0x8024,0x8002,0x8002,0x8044,0x8066,0x8023,0x8002,
  0x8002,0x8002,0x8023,0x8023,0x8023,0x8023,0x8023,0x8023,0x8023,0x8023,0x8023,0x8023,0x8023,0x8023,0x8023,0x808A,
  0x808A,0x808A,0x808A,0x808A,0x8023,0x8023,0x8023,0x8023,0x8022,0x8023,0x8002,0x8003,0x8023,0x8003,0x8066,0x8086,
  0x8C83,0x88A5,0x84C5,0x8026,0x8088,0x98C5,0xACE4,0xF641,0xA8A3,0x94C4,0x90A3,0x8044,0x8084,0x8043,0x8003,0x8023,
  0x8023,0x8023,0x8024,0x8023,0x8023,0x8024,0x8024,0x8023,0x8024,0x8023,0x8024,0x8023,0x8023,0x8023,0x8023,0x8023,
  0x8023,0x8024,0x8024,0x8024,0x8064,0x8064,0x8024,0x8023,0x8023,0x8023,0x8046,0x8046,0x8065,0x94C5,0x90A5,0xB104,
  0xD9C3,0xCD22,0xC901,0xD560,0xB4E2,0xB0E3,0x9084,0x8863,0x90A3,0x8883,0x8044,0x8024,0x8064,0x8485,0x8044,0x88A4,
  0x8CA4,0x8045,0x8485,0x8085,0x84A5,0x8023,0x8023,0x8023,0x8046,0x8067,0x8023,0x8023,0x8023,0x8023,0x8023,0x8045,
  0x8068,0x8067,0x90E3,0x8087,0x8067,0x8087,0x8087,0x8046,0x8045,0x8045,0x8087,0x8087,0x8024,0x8024,0x8024,0x8024,
  0x8023,0x8065,0x8044,0x8485,0x84A5,0x8024,0x8046,0x8025,0x8045,0x8066,0x8045,0x8045,0x8067,0x8045,0x8045,0x8067,
  0x8067,0x8045,0x8067,0x8067,0x8068,0x8068,0x8067,0x8066,0x8067,0x8067,0x8067,0x8067,0x8067,0x8067,0x8067,0x8067,
  0x8067,0x80AA,0x80AA,0x80EB,0x88EC,0x8D2D,0x8D0D,0x84AA,0x8088,0x8067,0x8067,0x8067,0x8067,0x8046,0x8068,0x808A,
  0x8047,0x8046,0x8046,0x8046,0x8047,0x8046,0x8047,0x8047,0x8047,0x8047,0x8047,0x8067,0x8047,0x8047,0x8047,0x8047,
  0x8047,0x8067,0x80CC,0x8068,0x84EC,0x8D2E,0x9150,0x9571,0x8068,0x8067,0x8025,0x8046,0x8067,0x8067,0x8068,0x8068,
  0x8068,0x8068,0x8067,0x8067,0x8067,0x8067,0x8067,0x8047,0x8067,0x8069,0x8089,0x8D28,0x8D08,0x8D08,0x8D08,0x8D08,
  0x88E8,0x808A,0x808A,0x8089,0x8089,0x8D08,0x8D29,0x8D29,0x8069,0x8909,0x8D29,0x80AA,0x80AA,0x850A,0x80AA,0x808A,
  0x850C,0x80AC,0x80AC,0x80AB,0x84EB,0x80A8,0x998B,0x954A,0x8D2A,0x8069,0x808A,0x8089,0x8069,0x810F,0x8110,0x8069,
  0x9593,0xA1F5,0x9DB2,0x8068,0x8068,0xA1B2,0xA1D3,0x9591,0x9992,0xAA15,0x9DD4,0x99B3,0x80ED,0x9191,0xAA14,0xA1D3,
  0xA1F4,0x8530,0xA614,0x80EF,0x80EF,0x80EF,0x80EE,0x810F,0x810F,0x810E,0x8D6E,0x8130,0x8D70,0x8D6F,0x9DB0,0x8530,
  0x8110,0x8110,0x8131,0x9DCC,0x99CD,0x99AF,0xAA36,0xB277,0xAE55,0x99AC,0xAE33,0xB295,0xBEB8,0xBED8,0xBED8,0xBAB7,
  0x8591,0x8D90,0x8DB0,0x8DB0,0x91D4,0xB29A,0xAA58,0x8154,0xAA56,0xC2F8,0xBED5,0xCF3E,0xCB3D,0xBADC,0xC71D,0xCF5E,
  0xCB5E,0xD79F,0xE3DF,0x8F7F,0x82DF,0x81FE,0x817C,0x817A,0x8115,0x80D1,0x80CE,0x808B,0x80AB,0x8047,0x8047,0x8067,
  0x8046,0x8045,0x8024,0x8046,0x8024,0x8024,0x8023,0x8023,0x8023,0x8023,0x8023,0x8024,0x8023,0x8002,0x8002,0x8002,
  0x8002,0x8022,0x8002,0x8022,0x8022,0x8002,0x8022,0x8022,0x8022,0x8022,0x8023,0x8023,0x8023,0x8022,0x8022,0x8002,
  0x8002,0x8002,0x8002,0x8002,0x8022,0x8023,0x8023,0x8022,0x8002,0x8002,0x8002,0x8002,0x8066,0x8002,0x8002,0x8022,
  0x8002,0x8002,0x8002,0x8002,0x8002,0x8002,0x8002,0x8002,0x8002,0x8002,0x8022,0x8022,0x8022,0x8023,0x8002,0x8002,
  0x8022,0x8022,0x8022,0x8002,0x8002,0x8022,0x8022,0x8023,0x8023,0x8023,0x8002,0x8022,0x8002,0x8022,0x8022,0x8022,
  0x8002,0x8002,0x8002,0x8002,0x8002,0x8023,0x8024,0x8044,0x8044,0x8044,0x8044,0x8044,0x8024,0x8043,0x8043,0x9083,
  0x9882,0xFF43,0xA0A2,0x98A2,0x9083,0x8863,0x8884,0x8043,0x8023,0x8023,0x8043,0x8463,0x8463,0x8463,0x8464,0x8443,
  0x8442,0x8863,0x8443,0x8043,0x8022,0x8023,0x8023,0x8022,0x8022,0x8002,0x8002,0x8002,0x8022,0x8022,0x8022,0x8023,
  0x8046,0x8024,0x8066,0x8024,0x8002,0x8045,0x8025,0x8002,0x8002,0x8024,0x8002,0x8002,0x8066,0x8066,0x8022,0x8002,
  0x8002,0x8003,0x8023,0x8023,0x8023,0x8023,0x8023,0x8023,0x8023,0x8023,0x8023,0x8023,0x8023,0x8023,0x8003,0x8089,
  0x8069,0x8089,0x808A,0x808A,0x8069,0x8023,0x8002,0x8023,0x8002,0x8023,0x8069,0x8069,0x8067,0x80A9,0x8045,0x8025,
  0x8086,0x8485,0x8CC5,0x90C4,0x90A4,0xACE3,0x8865,0x8066,0x8086,0x8885,0x8044,0x8025,0x8063,0x8063,0x8023,0x8023,
  0x8023,0x8023,0x8085,0x8065,0x8044,0x8023,0x8024,0x8024,0x8023,0x8023,0x8024,0x8023,0x8023,0x8023,0x8023,0x8023,
  0x8023,0x8023,0x8023,0x8023,0x8084,0x8484,0x8484,0x8043,0x8023,0x8024,0x8024,0x8067,0x8046,0x8485,0x90A5,0x9CC4,
  0xB103,0xDD60,0xFFDF,0xFF8C,0xB8E2,0xA0C4,0x8C83,0x8042,0x9083,0x8CA3,0x88A3,0x8064,0x88A4,0x88A4,0x84A4,0x8064,
  0x8884,0x84A5,0x84A5,0x88A5,0x8CC4,0x84A4,0x8024,0x8023,0x8023,0x8024,0x8023,0x8023,0x8024,0x8023,0x8024,0x8025,
  0x8067,0x8087,0x8087,0x8088,0xA146,0x80A7,0x8086,0x80A5,0x8046,0x8025,0x8067,0x8087,0x8045,0x8024,0x8024,0x8023,
  0x8023,0x8023,0x8065,0x8086,0x8484,0x8024,0x8066,0x8066,0x8066,0x8066,0x8066,0x8066,0x8067,0x8046,0x8046,0x8067,
  0x8067,0x8067,0x8045,0x8068,0x8068,0x8068,0x8067,0x8046,0x8046,0x8067,0x8067,0x8066,0x8066,0x8066,0x8067,0x8067,
  0x8067,0x8068,0x8068,0x8088,0x8088,0x8D2E,0x8D2E,0x890D,0x890D,0x912E,0x84A9,0x8067,0x8067,0x8066,0x8046,0x8046,
  0x80ED,0x8D50,0x8047,0x8046,0x8047,0x8047,0x8047,0x8046,0x8046,0x8047,0x8047,0x8047,0x8047,0x8047,0x8047,0x8047,
  0x8047,0x8089,0x810F,0x80CC,0x8067,0x912F,0x914F,0x9570,0x8068,0x8067,0x996F,0x9970,0x8047,0x8047,0x8068,0x8068,
  0x8068,0x8068,0x8068,0x8067,0x8067,0x8067,0x8067,0x8067,0x8069,0x8069,0x8069,0x84C9,0x8D09,0x88E9,0x8D08,0x8D08,
  0x8089,0x808A,0x808A,0x808A,0x8089,0x80A9,0x84C9,0x80A9,0x8D08,0x80A9,0x8089,0x808A,0x808A,0x84E9,0x850A,0x80A9,
  0x852C,0x80CC,0x80CD,0x80AC,0x808A,0x80CB,0x890A,0x8D28,0x8089,0x812E,0x808A,0x8089,0x808A,0x8110,0x8510,0x8530,
  0x80AB,0x8048,0x9591,0x808A,0x8089,0x84AB,0x84AC,0x9DD4,0x850F,0x80CE,0x8931,0xA1D3,0xA5D3,0x808B,0x80AD,0x80CE,
  0x8530,0x80CE,0xAE15,0x8930,0x80EF,0x80EF,0x80CD,0x80EF,0x80EF,0x80EF,0x80EF,0x8D4E,0x80EE,0xA1CC,0xA1CD,0xB250,
  0x9190,0x8131,0x8131,0x894F,0xA1EC,0x9DCD,0x916E,0x9DD3,0xB274,0x916D,0x916D,0xB252,0xBAB7,0xBEB7,0x95D2,0xBEB4,
  0x9E11,0x91B0,0x8DB0,0x91AF,0x8DD1,0x85B6,0x9A39,0x9E16,0x8195,0xAA56,0xB695,0xC2F6,0xC73A,0xBEFA,0xB2DB,0xC31D,
  0xC31D,0xCB5E,0xCF7F,0xF7FF,0x831F,0x833F,0x823F,0x81BD,0x817A,0x80F4,0x80D0,0x80AE,0x808B,0x808B,0x80AB,0x8067,
  0x8067,0x8067,0x8047,0x8067,0x8067,0x8023,0x8023,0x8023,0x8023,0x8023,0x8024,0x8024,0x8023,0x8023,0x8023,0x8023,
  0x8022,0x8002,0x8002,0x8002,0x8022,0x8002,0x8002,0x8002,0x8002,0x8023,0x8023,0x8067,0x8024,0x8022,0x8022,0x8022,
  0x8002,0x8002,0x8022,0x8023,0x8023,0x8023,0x8002,0x8002,0x8022,0x8002,0x8002,0x8002,0x8002,0x8002,0x8002,0x8002,
  0x8023,0x8002,0x8002,0x8023,0x8022,0x8002,0x8002,0x8022,0x8022,0x8002,0x8022,0x8022,0x8002,0x8022,0x8022,0x8002,
  0x8022,0x8022,0x8022,0x8002,0x8022,0x8022,0x8022,0x8023,0x8022,0x8023,0x8022,0x8022,0x8022,0x8022,0x8022,0x8022,
  0x8002,0x8002,0x8002,0x8002,0x8002,0x8002,0x8024,0x8024,0x8024,0x8024,0x8463,0x8463,0x8043,0x8443,0x8043,0x9083,
  0xA8A0,0xE180,0xD961,0x9461,0x8862,0x8443,0x8043,0x8044,0x8023,0x8023,0x8043,0x8463,0x8C82,0x8C82,0x8883,0x8C83,
  0x9083,0x8443,0x8443,0x8023,0x8002,0x8002,0x8023,0x8023,0x8002,0x8002,0x8002,0x8003,0x8002,0x8002,0x8002,0x8002,
  0x8002,0x8003,0x8067,0x8002,0x8002,0x8002,0x8067,0x8002,0x8002,0x8002,0x8002,0x8002,0x8002,0x8066,0x8045,0x8066,
  0x8087,0x8066,0x8045,0x8023,0x8023,0x8023,0x8023,0x8023,0x8023,0x8003,0x8023,0x8023,0x8023,0x8023,0x8022,0x8089,
  0x8069,0x8002,0x8068,0x808A,0x808A,0x8023,0x8023,0x8023,0x8003,0x8023,0x8089,0x8089,0x8088,0x84AA,0x8089,0x8089,
  0x8089,0x8C83,0x98C4,0x98C3,0x9882,0xA4C3,0x8CA5,0x8065,0x8025,0x8085,0x8025,0x8025,0x8023,0x8023,0x8023,0x8023,
  0x8024,0x8023,0x8085,0x8084,0x8065,0x8023,0x8023,0x8023,0x8023,0x8023,0x8023,0x8023,0x8023,0x8023,0x8023,0x8023,
  0x8023,0x8023,0x8023,0x8023,0x8064,0x8484,0x84A5,0x8464,0x8024,0x8024,0x8024,0x8046,0x8046,0x90A4,0x94A4,0x9CC4,
  0xA0C3,0xCD21,0xFFF3,0xF263,0xEDE3,0xBD03,0x9462,0x98A3,0x94A3,0x8C83,0x8CA3,0x88A4,0x8044,0x88A4,0x84A4,0x84A4,
  0x8484,0x84A5,0x88A5,0x84A4,0x8CC4,0x88E4,0x8023,0x8023,0x8023,0x8023,0x8023,0x8023,0x8024,0x8024,0x8024,0x8024,
  0x8067,0x8066,0x8066,0x8089,0x84A9,0x80A7,0x80A6,0x8086,0x8045,0x8025,0x8045,0x8046,0x8066,0x8045,0x8024,0x8024,
  0x8023,0x8023,0x8045,0x8046,0x8085,0x8085,0x80A5,0x8085,0x8065,0x8066,0x8066,0x8024,0x8066,0x8045,0x8066,0x8067,
  0x8067,0x8067,0x8068,0x8068,0x8068,0x8068,0x8067,0x8046,0x8066,0x8067,0x8067,0x8067,0x8066,0x8066,0x8066,0x8046,
  0x8046,0x8067,0x8067,0x8089,0x892E,0x892E,0x8D2E,0x890D,0x890D,0x912E,0x84AA,0x8067,0x8067,0x8067,0x8067,0x8025,
  0x8047,0x852F,0x8046,0x8046,0x8046,0x8046,0x8047,0x8046,0x8046,0x8047,0x8047,0x8047,0x8047,0x8047,0x8047,0x8047,
  0x8047,0x8067,0x8069,0x808A,0x8D2E,0x912F,0x9570,0x914F,0x914E,0x8045,0x956F,0x9970,0x8067,0x8089,0x8068,0x8068,
  0x8068,0x8067,0x8067,0x8067,0x8067,0x8067,0x8068,0x80E9,0x8068,0x8069,0x8069,0x8908,0x8D08,0x8089,0x84C9,0x8D09,
  0x80A9,0x808A,0x808A,0x808A,0x808A,0x8089,0x8089,0x88E8,0x8088,0x84E9,0x8089,0x808A,0x808A,0x808A,0x8089,0x80E9,
  0x80C9,0x80AB,0x80AB,0x808B,0x808B,0x80CB,0x850C,0x84EB,0x80ED,0x808A,0x808A,0x808A,0x808A,0x8110,0x8069,0x8951,
  0x8D71,0x8048,0x9591,0x84EE,0x808A,0x8069,0x892F,0x9DD3,0x850F,0x80AD,0x9DD4,0xA5F4,0xA5F3,0x808D,0x80CE,0x80CE,
  0x852F,0x80AD,0xAE35,0xAE34,0x80EF,0x80EF,0x80EF,0x80CE,0x80EE,0x80EE,0x80CE,0x998C,0x998B,0x958B,0x958C,0xB22F,
  0xA1F1,0x8111,0x8131,0x810F,0x9DAD,0x9DAB,0x958C,0x958F,0x9170,0x95B1,0x916D,0x916C,0xA633,0xBA97,0xAE55,0xAA32,
  0xA210,0x8DB1,0x8592,0x8990,0x91D0,0x8DD3,0x85B5,0x8134,0x8175,0x8595,0xD757,0x8972,0xCB16,0xC318,0xBAD8,0xAA9B,
  0xB6DC,0xC31D,0xC75F,0xCB3F,0xEBDF,0x873F,0x82FF,0x821F,0x815B,0x817A,0x80F4,0x80F1,0x80AE,0x808B,0x808A,0x8047,
  0x8047,0x8067,0x8067,0x8067,0x8046,0x8045,0x8003,0x8023,0x8023,0x8023,0x81B4,0x8089,0x8023,0x8023,0x8023,0x8023,
  0x8023,0x8002,0x8002,0x8002,0x8022,0x8002,0x8022,0x8022,0x8002,0x8002,0x8023,0x8023,0x8023,0x8022,0x8022,0x8022,
  0x8002,0x8002,0x8022,0x8002,0x8022,0x8023,0x8002,0x8002,0x8002,0x8002,0x8022,0x8002,0x8002,0x8002,0x8002,0x8002,
  0x8002,0x8002,0x8002,0x8002,0x8002,0x8002,0x8022,0x8002,0x8002,0x8022,0x8002,0x8022,0x8022,0x8022,0x8002,0x8022,
  0x8022,0x8002,0x8022,0x8002,0x8022,0x8022,0x8022,0x8022,0x8023,0x8023,0x8022,0x8023,0x8023,0x8022,0x8002,0x8022,
  0x8002,0x8002,0x8002,0x8002,0x8002,0x8024,0x8024,0x8024,0x8463,0x8043,0x8463,0x8463,0x8463,0x8463,0x9482,0x9882,
  0xC0E1,0xFFF0,0xACA2,0x9CA2,0x94A2,0x8863,0x8023,0x8443,0x8443,0x8443,0x8443,0x8C83,0x9CA2,0x9481,0x9083,0x8863,
  0x8443,0x8023,0x8023,0x8023,0x8023,0x8023,0x8024,0x8023,0x8044,0x8023,0x8002,0x8002,0x8002,0x8002,0x8002,0x8002,
  0x8002,0x8047,0x8067,0x8045,0x8002,0x8023,0x8068,0x8067,0x8002,0x8002,0x8002,0x8002,0x8002,0x8066,0x8044,0x8067,
  0x8023,0x8087,0x8088,0x8045,0x8023,0x8023,0x8002,0x8002,0x8022,0x8002,0x8002,0x8023,0x8023,0x8023,0x8023,0x8067,
  0x8003,0x8002,0x8047,0x808A,0x808A,0x808A,0x808A,0x8046,0x8002,0x8002,0x8069,0x8089,0x94E6,0x8CA7,0x808A,0x808A,
  0x8068,0xB0E3,0x8067,0x9084,0xE9C1,0xB0C2,0x94A3,0x8884,0x8485,0x8065,0x8065,0x8046,0x8025,0x8023,0x8023,0x8066,
  0x8066,0x8065,0x8483,0x84A4,0x8023,0x8023,0x8023,0x8024,0x8023,0x8023,0x8023,0x8023,0x8023,0x8023,0x8023,0x8023,
  0x8023,0x8023,0x8023,0x8023,0x8023,0x88A4,0x8C84,0x8023,0x8044,0x8046,0x8046,0x8045,0x8464,0x9083,0x98A3,0x9CC3,
  0xFAC5,0xACC4,0xC144,0xB4E3,0xA0C3,0x9C83,0xFFE5,0x9883,0x94A3,0x98C3,0x98A3,0x8464,0x8C83,0x8883,0x90A3,0x98A3,
  0x90A4,0x8023,0x8CC5,0x88C5,0x8CE4,0x8CE4,0x8065,0x8044,0x8023,0x8023,0x8023,0x8023,0x8023,0x8023,0x8023,0x8024,
  0x8024,0x8024,0x8066,0x80AA,0x80AA,0x8046,0x8088,0x8045,0x8024,0x8024,0x8045,0x8045,0x8045,0x8046,0x8045,0x8024,
  0x8023,0x8024,0x8024,0x8024,0x8086,0x8085,0x80A6,0x84A5,0x80A6,0x8066,0x8045,0x8025,0x8024,0x8024,0x8024,0x8066,
  0x8067,0x8067,0x8067,0x8067,0x8067,0x8088,0x8088,0x8068,0x8066,0x8066,0x8045,0x8066,0x8066,0x8066,0x8066,0x8046,
  0x8046,0x8066,0x8066,0x8089,0x892E,0x892D,0x8D2E,0x914F,0x890D,0x8D2E,0x88EC,0x8068,0x8067,0x8088,0x80CB,0x810D,
  0x8046,0x8046,0x9170,0x8026,0x8046,0x8046,0x8046,0x8046,0x8047,0x8047,0x8047,0x8047,0x8047,0x8047,0x8047,0x8047,
  0x8047,0x8046,0x8046,0x8047,0x88EC,0x914F,0x912E,0x912F,0x9991,0x9991,0x9970,0x9990,0x8068,0x8068,0x914F,0x8068,
  0x8068,0x8067,0x8067,0x8047,0x8047,0x8067,0x8088,0x80A8,0x88E9,0x8069,0x88E8,0x8908,0x8908,0x8908,0x8049,0x84E8,
  0x80A9,0x808A,0x808A,0x808A,0x808A,0x8089,0x80AA,0x8089,0x8069,0x8089,0x8089,0x8089,0x808A,0x806A,0x8069,0x8089,
  0x84E9,0x9129,0x8909,0x80AC,0x808C,0x808B,0x808A,0x808A,0x808A,0x808A,0x808A,0x808A,0x808A,0x80F0,0x80AD,0x8068,
  0x80AC,0xA5F4,0xA1D4,0xA5D4,0x8027,0x8069,0x806A,0x80CD,0x9171,0x808C,0x808B,0x80AC,0xA1F4,0x9151,0x80AD,0x808C,
  0x80CD,0xAA14,0xAE35,0xAA35,0x80EE,0x80EF,0x80EE,0x80EE,0x80EE,0x80CE,0x80CE,0x80CE,0x916D,0x8D4D,0x916B,0x99AC,
  0xB271,0xC2B5,0x8D50,0x810F,0x80EF,0x9DCC,0x99AC,0x892E,0x8D4E,0x958E,0x8D4B,0x8D2A,0xAE55,0xA612,0xBA96,0xAE54,
  0xCF19,0x9DF4,0x8173,0x8193,0x8D8F,0x8DAF,0x8DB1,0x8593,0x8595,0x8596,0x89B7,0x89B6,0x85B6,0xAE97,0xB6B5,0xC71B,
  0x9639,0xB2DB,0xBF1D,0xC73E,0xCB5F,0xEBDF,0x82DF,0x82FF,0x823F,0x81DD,0x819B,0x80F4,0x80F2,0x80CF,0x808B,0x808B,
  0x808B,0x8047,0x8067,0x8067,0x8066,0x8025,0x8066,0x8023,0x8023,0x8023,0x8023,0x8023,0x8023,0x8023,0x8023,0x8023,
  0x8023,0x8002,0x8002,0x8023,0x8023,0x8067,0x8002,0x8002,0x8002,0x8002,0x8002,0x8002,0x8023,0x8002,0x8022,0x8022,
  0x8022,0x8022,0x8002,0x8022,0x8022,0x8002,0x8002,0x8022,0x8002,0x8002,0x8022,0x8002,0x8002,0x8002,0x8002,0x8002,
  0x8002,0x8002,0x8002,0x8022,0x8002,0x8002,0x8022,0x8002,0x8022,0x8022,0x8002,0x8022,0x8002,0x8002,0x8022,0x8022,
  0x8002,0x8002,0x8002,0x8022,0x8022,0x8022,0x8022,0x8023,0x8023,0x8023,0x8023,0x8023,0x8023,0x8023,0x8022,0x8022,
  0x8002,0x8002,0x8002,0x8002,0x8002,0x8023,0x8024,0x8024,0x8043,0x8043,0x8463,0x8463,0x8863,0x8863,0x9C81,0x9C61,
  0xC122,0x9441,0xBD01,0x9482,0x9083,0x8C83,0x90A2,0x8442,0x8442,0x8443,0x8042,0xA0E3,0xA8E2,0xA8C1,0x98A2,0x8863,
  0x8863,0x8043,0x8023,0x8023,0x8023,0x8023,0x8023,0x8443,0x8002,0x8002,0x8002,0x8002,0x8002,0x8022,0x8002,0x8002,
  0x8002,0x8023,0x8067,0x8066,0x8002,0x8002,0x8067,0x8067,0x8024,0x8002,0x8002,0x8066,0x8067,0x8023,0x8067,0x8065,
  0x8022,0x8087,0x8088,0x8068,0x8067,0x8022,0x8002,0x8022,0x8068,0x8002,0x8002,0x8002,0x8023,0x8023,0x8023,0x8002,
  0x8002,0x8002,0x8002,0x8046,0x808A,0x808A,0x808A,0x8069,0x8002,0x8069,0x8069,0x8088,0x80A8,0x98C5,0x84A9,0x8089,
  0x8067,0x8067,0x8067,0x8067,0x8886,0x94A3,0x8C84,0x8884,0x8C84,0x8485,0x8484,0x8085,0x8067,0x8066,0x8045,0x8023,
  0x8065,0x8464,0xEDA1,0x8485,0x8023,0x8024,0x8024,0x8023,0x8024,0x8023,0x8023,0x8023,0x8023,0x8023,0x8023,0x8023,
  0x8023,0x8023,0x8023,0x8023,0x8023,0x84A5,0x88C4,0x8023,0x88C5,0x8CA4,0x94C3,0x8046,0x98C3,0xA0E3,0x9882,0xFAE6,
  0xA0A4,0xA0C4,0xA0C4,0x98A4,0xA0A4,0x98C3,0x8C83,0x9882,0xCD60,0x8C42,0x98A3,0x9CC3,0x98A3,0x90A3,0x8484,0xA4C3,
  0x8464,0x8CC5,0x8485,0x8065,0x8484,0x88C5,0x88C4,0x88C5,0x8023,0x8023,0x8023,0x8023,0x8023,0x8023,0x8023,0x8024,
  0x8024,0x8024,0x8024,0x8024,0x80AB,0x8089,0x8066,0x8067,0x8024,0x8024,0x8024,0x8089,0x8067,0x8046,0x8045,0x8045,
  0x8023,0x8023,0x8023,0x8023,0x8023,0x8065,0x8065,0xC501,0x84A6,0x8087,0x8087,0x8045,0x8024,0x8024,0x8024,0x8024,
  0x8067,0x8067,0x8067,0x8067,0x8067,0x8088,0x8088,0x8067,0x8067,0x8067,0x8066,0x8066,0x8045,0x8046,0x8066,0x8046,
  0x8066,0x8066,0x8067,0x8089,0x80CB,0x890D,0x890D,0x914F,0x996F,0x954F,0x890D,0x890D,0x8067,0x8089,0x8089,0x914E,
  0x954F,0x8026,0x8067,0x8046,0x8047,0x8067,0x8047,0x8047,0x8047,0x8047,0x8047,0x8047,0x8047,0x8047,0x8046,0x8046,
  0x8046,0x8046,0x8046,0x8045,0x8045,0x8088,0x8D2E,0x912E,0x8D2E,0x8D2E,0x9D91,0x9DB2,0x9991,0x914F,0x84CB,0x8047,
  0x8046,0x8047,0x8047,0x8047,0x8067,0x8067,0x8068,0x88E9,0x8909,0x88E9,0x88E8,0x88E8,0x88E8,0x88E8,0x8089,0x8069,
  0x80A9,0x8089,0x8068,0x808A,0x808A,0x808A,0x80AA,0x80AA,0x80AA,0x8089,0x8068,0x8089,0x8089,0x8069,0x8089,0x808A,
  0x8089,0x8089,0x9969,0x80AC,0x80AC,0x808A,0x808A,0x808A,0x808A,0x808A,0x808A,0x808A,0x808A,0x808A,0x80CE,0x8068,
  0x8069,0x808A,0x84EF,0xA1D4,0xAE15,0x808B,0x808A,0x806A,0x9DB2,0x808B,0x808A,0x99B2,0x9DD3,0xAE36,0xAA15,0xB676,
  0x80AC,0x80CD,0xA615,0xAE35,0x8D50,0x80EF,0x80EF,0x80EE,0x80EE,0x80CE,0x80CD,0x80EF,0x80EF,0x80EF,0x956C,0x916B,
  0x956A,0xA60D,0xBE91,0x80CE,0x80EE,0x810F,0x95AE,0x958D,0x916C,0x958B,0x916B,0x914B,0x998D,0x9DCD,0xAA30,0xB675,
  0xCF3B,0xCAF9,0xCF19,0x8132,0x8571,0x918E,0x8DAF,0x89B1,0x8994,0x8596,0x91D6,0x8DD6,0x89B6,0x8595,0xC2F4,0xBAB4,
  0xCF5C,0x9618,0xAEDB,0xBAFD,0xCB5F,0xCB5F,0xEBDF,0x9B3F,0x82BF,0x823F,0x819C,0x817B,0x8114,0x8114,0x80F1,0x808A,
  0x808A,0x80AA,0x8046,0x8067,0x8067,0x8045,0x8045,0x8046,0x8023,0x8130,0x8022,0x8023,0x8023,0x8023,0x8023,0x8023,
  0x8023,0x8023,0x8023,0x8002,0x8002,0x8022,0x8002,0x8022,0x8002,0x8022,0x8022,0x8023,0x8022,0x8022,0x8022,0x8022,
  0x8002,0x8022,0x8002,0x8002,0x8022,0x8022,0x8022,0x8022,0x8002,0x8022,0x8022,0x8022,0x8002,0x8002,0x8002,0x8022,
  0x8002,0x8002,0x8002,0x8022,0x8002,0x8002,0x8022,0x8002,0x8022,0x8022,0x8002,0x8002,0x8002,0x8022,0x8022,0x8002,
  0x8002,0x8022,0x8022,0x8023,0x8002,0x8022,0x8022,0x8023,0x8023,0x8022,0x8023,0x8023,0x8022,0x8022,0x8022,0x8022,
  0x8002,0x8002,0x8002,0x8001,0x8001,0x8002,0x8023,0x8044,0x8044,0x8484,0xBD01,0x9462,0x8863,0x9083,0xFF22,0xDE23,
  0x9882,0x9082,0x8441,0x9082,0x8C82,0x8442,0x94A3,0x8042,0x8042,0x94A2,0x90A3,0x8C63,0xB0E2,0xDDE1,0xA0C2,0x8C83,
  0x8863,0x8863,0x8043,0x8023,0x8043,0x8044,0x8023,0x8023,0x8002,0x8002,0x8002,0x8002,0x8002,0x8002,0x8002,0x8002,
  0x8002,0x8002,0x8002,0x8024,0x8066,0x8022,0x8023,0x8046,0x8067,0x8067,0x8067,0x8067,0x8002,0x8002,0x8044,0x8087,
  0x8067,0x8067,0x8044,0x8023,0x8067,0x8002,0x8046,0x8068,0x8024,0x8002,0x8002,0x8002,0x8002,0x8002,0x8046,0x8002,
  0x8002,0x8002,0x8002,0x8002,0x8047,0x808A,0x808A,0x8089,0x80A8,0x8069,0x8068,0x8069,0x8088,0x808A,0x8004,0x8023,
  0x8045,0x8067,0x8025,0x8047,0x8067,0x8047,0x8067,0x8486,0x8064,0xD560,0x8CA4,0x88A4,0x8066,0x8066,0x8085,0x8044,
  0x8086,0x8485,0x8063,0x8485,0x8023,0x8023,0x8023,0x8024,0x8023,0x8024,0x8024,0x8023,0x8024,0x8023,0x8023,0x8023,
  0x8023,0x8023,0x8023,0x8023,0x8023,0x8024,0x8084,0x88C4,0x8CC4,0x8CC3,0xA0E3,0x9CC4,0x9CC4,0x9CC3,0xFF03,0xACC3,
  0x9883,0xB0E3,0x9084,0x8865,0x8C85,0x90A4,0x90A3,0x90A3,0x94A3,0x9862,0xFF42,0x8C63,0x8043,0x94C4,0x98C4,0x9083,
  0x8444,0x88A4,0x8485,0x8024,0x8023,0x8044,0x88C4,0x8066,0x8066,0x8044,0x8045,0x8023,0x8023,0x8023,0x8023,0x8024,
  0x8024,0x8024,0x8024,0x8025,0x8044,0x8067,0x8024,0x8068,0x8003,0x8024,0x8024,0x8047,0x8067,0x8045,0x8045,0x8045,
  0x8045,0x8024,0x8024,0x8024,0x8023,0x8023,0x8045,0x8086,0x98E2,0x8086,0x8045,0x8046,0x8024,0x8024,0x8024,0x8024,
  0x8024,0x8067,0x8067,0x8067,0x8067,0x8067,0x8067,0x8067,0x8068,0x8088,0x8088,0x8045,0x8045,0x8066,0x8066,0x8066,
  0x8066,0x8066,0x8066,0x8067,0x8089,0x80AA,0x80A9,0x84A9,0x890C,0x912E,0x956F,0x956F,0x80CC,0x8067,0x8067,0x8067,
  0x954F,0x996F,0x88EC,0x8047,0x88EC,0x914F,0x8026,0x8046,0x8046,0x8046,0x8046,0x8046,0x8046,0x8046,0x8046,0x8046,
  0x8046,0x8046,0x8046,0x8046,0x8046,0x8046,0x8045,0x8D2F,0x914F,0x914F,0x84EC,0x84AB,0x9591,0x914F,0x9970,0x8046,
  0x894F,0x8067,0x8067,0x8067,0x8067,0x8067,0x8068,0x8068,0x80A8,0x8908,0x8D08,0x8D08,0x8CE8,0x8CE8,0x88E9,0x8069,
  0x8069,0x8089,0x8069,0x8089,0x80AA,0x80AA,0x808A,0x80AA,0x808A,0x8089,0x8089,0x8089,0x8069,0x8068,0x808A,0x80CB,
  0x80AB,0x808A,0x8D4B,0x9569,0x80AA,0x8069,0x8089,0x808A,0x808A,0x808A,0x808A,0x808A,0x8089,0x8089,0x80CD,0x808A,
  0x8069,0x810F,0x8130,0x808B,0x8069,0x808A,0x80AC,0x80CE,0x80AB,0x9171,0x9570,0x84ED,0x84EE,0xA1D3,0xAA35,0xAE35,
  0x99B2,0x808C,0x852F,0xAA14,0xA1B2,0x80CE,0x80CE,0x80EE,0x80EE,0x80EE,0x80CE,0x80EF,0x80EF,0x80EF,0x80EF,0x80EF,
  0x998A,0x958A,0x916B,0x998C,0x850D,0x80EE,0x810F,0x9DAC,0x9DAC,0x80EE,0x916B,0x916B,0xA612,0xB6B8,0x99AC,0x9DAE,
  0xBED9,0xB695,0xBAB8,0xAE53,0x8150,0x8D90,0x91AF,0x8DB0,0x89B2,0x85B5,0x85B5,0x85B6,0x89B6,0x89B6,0x8596,0xAE72,
  0xB6B6,0xC319,0x9A35,0xA279,0xBF1D,0xCB5F,0xCF7F,0xE3BF,0xABBF,0x831F,0x825F,0x81FF,0x817A,0x80F4,0x8114,0x80D0,
  0x80AD,0x808A,0x80AB,0x8089,0x8067,0x8067,0x8067,0x8003,0x8046,0x8023,0x8023,0x8023,0x8023,0x8023,0x8023,0x8023,
  0x8023,0x8002,0x8022,0x8022,0x8023,0x8022,0x8022,0x8022,0x8002,0x8002,0x8002,0x8022,0x8022,0x8022,0x8022,0x8002,
  0x8002,0x8002,0x8002,0x8022,0x8022,0x8022,0x8022,0x8022,0x8002,0x8002,0x8002,0x8022,0x8002,0x8002,0x8002,0x8022,
  0x8022,0x8002,0x8002,0x8022,0x8002,0x8002,0x8002,0x8022,0x8002,0x8002,0x8022,0x8022,0x8002,0x8002,0x8002,0x8022,
  0x8022,0x8022,0x8022,0x8022,0x8022,0x8022,0x8023,0x8022,0x8023,0x8023,0x8022,0x8022,0x8022,0x8023,0x8022,0x8023,
  0x8023,0x8002,0x8002,0x8001,0x8002,0x8002,0x8002,0x8024,0x8023,0x88A3,0x90A3,0x94A3,0xB0C1,0xF680,0x9C82,0x9CA3,
  0x9082,0x8862,0x8842,0x94A3,0x94A3,0x8442,0x94A2,0x94A2,0x94A2,0x8862,0x90A3,0x9083,0x9482,0x9461,0x9481,0xACE1,
  0x8C62,0x8863,0x8463,0x8463,0x8463,0x8043,0x8023,0x8022,0x8002,0x8002,0x8023,0x8002,0x8002,0x8002,0x8002,0x8022,
  0x8002,0x8002,0x8002,0x8002,0x8023,0x8023,0x8023,0x8023,0x8067,0x8067,0x8067,0x8067,0x8045,0x8002,0x8066,0x8065,
  0x8086,0x8086,0x8023,0x8003,0x8024,0x8002,0x8002,0x8067,0x808A,0x8046,0x8002,0x8002,0x8002,0x8002,0x8002,0x8002,
  0x8023,0x8023,0x8023,0x8022,0x8046,0x8089,0x8089,0x8089,0x80A9,0x8069,0x8068,0x8068,0x8046,0x808A,0x8024,0x8003,
  0x8024,0x8001,0x8002,0x8045,0x8047,0x8046,0x8047,0x8045,0x8045,0xBD02,0x90A4,0x88A4,0x8885,0x8085,0x8884,0x8884,
  0x8485,0xA8E2,0x8063,0x8484,0x8023,0x8023,0x8023,0x8023,0x8023,0x8023,0x8024,0x8024,0x8024,0x8023,0x8023,0x8023,
  0x8023,0x8023,0x8023,0x8023,0x8023,0x8023,0x8024,0x8484,0x8CC4,0x90C4,0xA4E3,0x9CA3,0xA0E4,0xFF43,0xA0E5,0x9CC4,
  0x8464,0x8884,0x8865,0x90A5,0x94C4,0x88A3,0x90A3,0x8C84,0x8C84,0x90A4,0x9063,0x9C82,0x9483,0x90A3,0x9084,0xA4C2,
  0x90A4,0x8484,0x8023,0x8023,0x8023,0x8023,0x8044,0x8024,0x8067,0x8066,0x8024,0x8023,0x8024,0x8023,0x8023,0x8023,
  0x8024,0x8024,0x8024,0x8025,0x8024,0x8023,0x8023,0x8089,0x8089,0x8046,0x8024,0x8046,0x8045,0x8045,0x8024,0x8045,
  0x8045,0x8044,0x8024,0x8023,0x8023,0x8023,0x8025,0x8067,0x8066,0x8484,0x8066,0x8025,0x8046,0x8066,0x8024,0x8024,
  0x8023,0x8023,0x8067,0x8067,0x8066,0x8087,0x8067,0x8067,0x8067,0x8067,0x8089,0x8046,0x8066,0x8066,0x8066,0x8046,
  0x8046,0x8046,0x8024,0x8045,0x8046,0x80AA,0x80CB,0x8046,0x8046,0x88EC,0x912E,0x890D,0x84EC,0x8067,0x8046,0x8045,
  0x84EC,0x994E,0x88EC,0x8D2E,0x8D2F,0x9150,0x9150,0x8047,0x8046,0x8046,0x8046,0x8046,0x8046,0x8046,0x8046,0x8046,
  0x8046,0x8046,0x8047,0x8046,0x8046,0x8046,0x8047,0x8D0E,0x9570,0x80AB,0x80CC,0x890E,0x890D,0x88EC,0x914E,0x8046,
  0x8047,0x8089,0x8068,0x8067,0x8067,0x8067,0x8068,0x8068,0x8088,0x8D08,0x88E8,0x8068,0x80A8,0x88E8,0x88E8,0x88E9,
  0x8908,0x8089,0x8089,0x8089,0x808A,0x808A,0x80AA,0x808A,0x808A,0x8089,0x8069,0x8069,0x8069,0x8069,0x8089,0x8089,
  0x8089,0x808A,0x8089,0x9549,0x84A8,0x8089,0x8089,0x808A,0x8089,0x808A,0x8089,0x808A,0x8069,0x810E,0x80AC,0x80AC,
  0x808A,0x808A,0x8551,0x80EF,0x8110,0x80CD,0x808B,0x80EF,0x80CD,0x80AB,0x80AB,0x80AB,0x8D50,0x9592,0x9DD3,0xA1D3,
  0xAE35,0xB276,0x80AC,0x808C,0x892F,0x80CE,0x80CE,0x80CE,0x80CE,0x80CE,0x80CE,0x80CE,0x80EF,0x80EF,0x80EF,0x80EF,
  0x8D2C,0x99AB,0x9DAB,0xB670,0x958C,0x916A,0x956B,0x998B,0x9DAB,0x80EF,0x914C,0x914B,0x998C,0xA60F,0x99AC,0x9DAB,
  0xA5F1,0xB274,0x99CD,0xBEB5,0x8172,0x8572,0x8992,0x91B0,0x91D0,0x89B3,0x85B4,0x89B5,0x89B5,0x89B5,0x8596,0xBEB5,
  0xBAB4,0xB294,0xBAD6,0xA679,0xBAFD,0xB6DD,0xC73F,0xCB5F,0xE3BF,0xC7BF,0x82DF,0x821F,0x817B,0x817A,0x8115,0x80F2,
  0x80D0,0x808C,0x808B,0x808B,0x8067,0x8067,0x8067,0x8047,0x8046,0x8046,0x8003,0x8023,0x8023,0x8023,0x8023,0x8002,
  0x8022,0x8002,0x8002,0x8002,0x8023,0x8022,0x8022,0x8022,0x8002,0x8022,0x8002,0x8002,0x8022,0x8002,0x8002,0x8002,
  0x8002,0x8002,0x8002,0x8022,0x8002,0x8002,0x8002,0x8002,0x8002,0x8022,0x8002,0x8002,0x8002,0x8002,0x8002,0x8002,
  0x8022,0x8002,0x8002,0x8002,0x8022,0x8002,0x8002,0x8022,0x8022,0x8022,0x8022,0x8022,0x8002,0x8002,0x8022,0x8022,
  0x8022,0x8002,0x8022,0x8022,0x8022,0x8022,0x8022,0x8022,0x8023,0x8023,0x8022,0x8023,0x8023,0x8022,0x8022,0x8022,
  0x8002,0x8022,0x8002,0x8023,0x8002,0x8002,0x8002,0x8002,0x8044,0x8043,0x8064,0x94A3,0x9CC4,0x8442,0x98C3,0x94C3,
  0x98C3,0x94C3,0x9CC3,0xF2C3,0xFBA8,0x9482,0x98A2,0x8421,0x9082,0x9CA2,0xA8E2,0xA0A2,0xDDE2,0xC100,0x9482,0x9082,
  0x94A2,0x8862,0x8043,0x8483,0xA8E2,0x8862,0x8043,0x8043,0x8002,0x8001,0x8023,0x8023,0x8002,0x8002,0x8002,0x8002,
  0x8002,0x8002,0x8002,0x8002,0x8002,0x8023,0x8023,0x8067,0x8067,0x8067,0x8067,0x8067,0x8067,0x8067,0x8067,0x8067,
  0x8065,0x8065,0x8066,0x8002,0x8001,0x8002,0x8002,0x8023,0x8067,0x8068,0x8002,0x8067,0x8001,0x8002,0x8002,0x8002,
  0x8024,0x8024,0x8068,0x8067,0x8002,0x8002,0x8069,0x8089,0x8069,0x8068,0x8068,0x8002,0x8002,0x8003,0x8068,0x808A,
  0x8069,0x8002,0x8003,0x8068,0x8068,0x8068,0x8047,0x8046,0x8045,0x8025,0xFE41,0x8464,0x8C84,0x8884,0x98A3,0x94A4,
  0xE5E2,0x8CA5,0x84A5,0x8023,0x84A4,0x8484,0x8023,0x8023,0x8065,0x88C5,0x8024,0x8024,0x8024,0x8024,0x8023,0x8023,
  0x8023,0x8023,0x8023,0x8023,0x8023,0x8023,0x8023,0x8023,0x8023,0x8CA4,0xFF61,0x9C84,0xFBE4,0x98A3,0x98C4,0x98C5,
  0x8CA5,0x8885,0x98A3,0xACC2,0x90A4,0x8CA4,0x8CA3,0x8884,0x8024,0x88A4,0x8884,0x8864,0x9CA2,0x9483,0xFF81,0x8843,
  0x8484,0x8084,0x8023,0x8023,0x8023,0x8023,0x8023,0x8023,0x8044,0x8024,0x8024,0x8024,0x8024,0x8023,0x8023,0x8023,
  0x8023,0x8023,0x8023,0x8024,0x8046,0x8024,0x8024,0x8046,0x8089,0x8089,0x8045,0x8089,0x8088,0x8024,0x8024,0x8046,
  0x8024,0x8025,0x8025,0x8045,0x8024,0x8024,0x8024,0x8024,0x8067,0x8066,0x90A4,0x8024,0x8066,0x8045,0x8086,0x8045,
  0x8045,0x8045,0x8024,0x8024,0x8025,0x8086,0x8044,0x8025,0x8046,0x8045,0x8067,0x8046,0x8045,0x8066,0x8045,0x8024,
  0x8046,0x8066,0x8046,0x8025,0x8067,0x8068,0x8068,0x80AA,0x8046,0x84CB,0x8089,0x80CB,0x890D,0x890D,0x8003,0x8024,
  0x80AA,0x80EC,0x8046,0x892E,0x88EC,0x8025,0x9170,0x9150,0x84CA,0x8046,0x8046,0x8046,0x8046,0x8046,0x8046,0x8046,
  0x8089,0x892E,0x892E,0x8D4F,0x8046,0x8046,0x890C,0x8D2E,0x84EC,0x8089,0x8089,0x84CB,0x80A9,0x8046,0x8047,0x9DF3,
  0x8067,0x810E,0x8068,0x8068,0x8047,0x8047,0x8047,0x8047,0x8046,0x8046,0x80C9,0x8047,0x88E8,0x88E8,0x88E8,0x88E8,
  0x8D09,0x8069,0x8089,0x84CA,0x8069,0x8089,0x808A,0x8089,0x8089,0x8089,0x8089,0x8089,0x8089,0x8089,0x8069,0x8088,
  0x8089,0x808A,0x808A,0x808B,0x8089,0x8089,0x8089,0x8089,0x8089,0x8089,0x8089,0x808A,0x808A,0x808A,0x808B,0x808A,
  0x808A,0x808A,0x808A,0x808A,0x8110,0x8110,0x8110,0x80EF,0x80EF,0x80EF,0x80CD,0x80AC,0x808A,0x808A,0x99B3,0xA5F4,
  0xA1F4,0xA1F3,0x8D71,0x810F,0xAA14,0x80CE,0x80CE,0x80CE,0x80CE,0x80CE,0x80CD,0x80CD,0x80CD,0x80CE,0x80EE,0x80EF,
  0x80EF,0x852D,0x99AB,0x9DCB,0x9DCD,0x996C,0x958B,0x956A,0x956A,0x998B,0x80CE,0x8D2C,0x8D2B,0x892B,0x99AB,0x9DAB,
  0xA1CC,0xA5F2,0x958B,0xA5F1,0xCF1B,0xB275,0x8972,0x91B2,0x95AF,0x95CE,0x89B2,0x89B4,0x89B5,0x85B5,0x85B5,0x8595,
  0xAE74,0xB6B4,0xAA53,0x9E38,0xB6FC,0xBAFC,0xBEFD,0xC73E,0xCB5F,0xDB9F,0x9F5F,0x831F,0x825F,0x81FE,0x8159,0x8115,
  0x80F3,0x80CF,0x80AC,0x808B,0x808A,0x8088,0x8067,0x8046,0x8046,0x8023,0x8046,0x8023,0x8023,0x8023,0x8003,0x80ED,
  0x8002,0x8022,0x8002,0x8023,0x8023,0x8023,0x8022,0x8022,0x8023,0x8002,0x8002,0x8022,0x8022,0x8002,0x8022,0x8002,
  0x8002,0x8002,0x8002,0x8022,0x8022,0x8022,0x8002,0x8002,0x8002,0x8002,0x8002,0x8002,0x8002,0x8002,0x8002,0x8002,
  0x8002,0x8002,0x8022,0x8002,0x8002,0x8022,0x8022,0x8022,0x8002,0x8002,0x8022,0x8002,0x8022,0x8022,0x8002,0x8022,
  0x8002,0x8022,0x8022,0x8022,0x8002,0x8022,0x8022,0x8023,0x8022,0x8023,0x8023,0x8022,0x8022,0x8022,0x8022,0x8022,
  0x8023,0x8023,0x8023,0x8023,0x8023,0x8022,0x8002,0x8002,0x8044,0x8023,0x8023,0x8883,0x9082,0x8442,0x90A3,0x90C3,
  0x8C83,0x8463,0x98C3,0xD162,0xDE00,0xBD02,0xB0C1,0x9CA2,0x9CA1,0xA8C2,0xACE2,0xACC1,0xC502,0xB8C2,0x8C62,0x8443,
  0x98C2,0x8023,0x8022,0x8043,0x8464,0x8043,0x8043,0x8043,0x8002,0x8002,0x8023,0x8024,0x8002,0x8002,0x8002,0x8023,
  0x8002,0x8002,0x8002,0x8022,0x8002,0x8023,0x8023,0x8067,0x8045,0x8044,0x8066,0x8066,0x8066,0x8023,0x8067,0x8067,
  0x8067,0x8065,0x8066,0x8045,0x8002,0x8002,0x8002,0x8023,0x8003,0x8002,0x8002,0x8024,0x8047,0x8002,0x8002,0x8002,
  0x8002,0x8002,0x8068,0x8069,0x8002,0x8002,0x8089,0x8089,0x8069,0x8068,0x8068,0x8024,0x8002,0x8002,0x8046,0x8067,
  0x8069,0x8069,0x8003,0x8046,0x8068,0x8068,0x8047,0x8047,0x8023,0x8046,0x8045,0x9084,0x8863,0x8C83,0xA081,0xC121,
  0x94A5,0x8CA5,0x8085,0x8085,0x84A4,0x8484,0x8084,0x8044,0x8065,0x88C5,0x84A5,0x8084,0x8065,0x8024,0x8024,0x8023,
  0x8023,0x8023,0x8023,0x8023,0x8023,0x8023,0x8023,0x8023,0x8023,0x8043,0x8883,0x9083,0xB4E1,0x94A3,0x94A3,0x90A4,
  0x90A5,0x8C84,0x8464,0x8464,0x8C83,0x8883,0x8464,0x8484,0x8045,0x8884,0x8464,0x8C84,0x8883,0x94A3,0x8863,0x9083,
  0x8483,0x8483,0x8064,0x8044,0x8023,0x8023,0x8023,0x8023,0x8484,0x8024,0x8024,0x8024,0x8024,0x8023,0x8023,0x8023,
  0x8023,0x8023,0x8023,0x8023,0x8023,0x8024,0x8023,0x8024,0x8046,0x8089,0x8025,0x808A,0x8089,0x8046,0x8024,0x8046,
  0x8046,0x8024,0x8045,0x8045,0x8024,0x8024,0x8024,0x8024,0x8024,0x8045,0x8066,0x8086,0x8066,0x8065,0x8085,0x8045,
  0x8045,0x8045,0x8025,0x8045,0x8024,0x8045,0x8024,0x8024,0x8068,0x8045,0x8045,0x8067,0x8046,0x8066,0x8045,0x8024,
  0x8066,0x8066,0x8067,0x8047,0x8067,0x8088,0x8067,0x8089,0x80AA,0x8067,0x80AA,0x80CB,0x890D,0x84ED,0x890D,0x8067,
  0x80CB,0x80CB,0x8024,0x8066,0x8CEC,0x88CA,0x84CA,0x8D2E,0x8D0C,0x8046,0x8046,0x8046,0x8045,0x8046,0x8046,0x8046,
  0x8046,0x890C,0x892D,0x892E,0x8D4F,0x914F,0x84EC,0x8047,0x8068,0x8089,0x8089,0x84CB,0x84CB,0x8047,0x8047,0x8D2E,
  0x8068,0x8068,0x8068,0x8067,0x8067,0x8067,0x8047,0x8068,0x8046,0x8047,0x8088,0x8047,0x8069,0x80A9,0x88E8,0x88E8,
  0x88E8,0x88E8,0x8069,0x80AA,0x8068,0x8089,0x8089,0x8089,0x8069,0x8069,0x8089,0x8089,0x8089,0x8069,0x8069,0x8069,
  0x8089,0x8089,0x808A,0x808A,0x8089,0x8089,0x8089,0x8089,0x8089,0x8089,0x8089,0x808A,0x808A,0x808A,0x808B,0x808A,
  0x808A,0x808A,0x8089,0x808A,0x80AB,0x80EF,0x80EF,0x80EF,0x80EF,0x80CD,0x80CD,0x80CD,0x80AC,0x80AC,0x892E,0x890E,
  0xA1F4,0x80CD,0x9992,0x8D30,0x8D50,0x80CE,0x80CE,0x80CE,0x80CE,0x80CE,0x80CD,0x890D,0x892C,0x80CE,0x80EE,0x80EF,
  0x80EF,0x852E,0x99AC,0x9DCB,0xA1CC,0xB254,0xA5D3,0x850C,0x8D4C,0x9D8B,0x80AD,0x80CE,0x8D4B,0x8D4C,0x958D,0x99AC,
  0x9DCC,0x9DAC,0x958C,0x916B,0xAA75,0xA1EF,0x918F,0x8992,0x8D91,0x99AE,0xA1EC,0x8DB2,0x89B4,0x85B5,0x85B6,0x89B6,
  0x8DB6,0x89B5,0xB297,0x9A38,0xA678,0xBAFC,0xBAFC,0xC31E,0xC73F,0xCB5F,0xEFDF,0xABBF,0x827E,0x825F,0x81DD,0x819A,
  0x8136,0x80F2,0x80AE,0x80AB,0x808A,0x808A,0x8089,0x8046,0x8046,0x8067,0x8024,0x8046,0x8023,0x8022,0x8022,0x8023,
  0x8023,0x8023,0x8023,0x8023,0x8023,0x8002,0x8023,0x8023,0x8002,0x8002,0x8022,0x8022,0x8022,0x8002,0x8022,0x8002,
  0x8002,0x8002,0x8002,0x8022,0x8002,0x8002,0x8022,0x8022,0x8002,0x8002,0x8002,0x8002,0x8002,0x8002,0x8002,0x8002,
  0x8002,0x8002,0x8022,0x8002,0x8002,0x8022,0x8022,0x8022,0x8002,0x8002,0x8022,0x8022,0x8002,0x8002,0x8002,0x8022,
  0x8002,0x8022,0x8002,0x8002,0x8002,0x8022,0x8022,0x8023,0x8023,0x8023,0x8022,0x8023,0x8023,0x8022,0x8022,0x8022,
  0x8023,0x8023,0x8002,0x8023,0x8023,0x8023,0x8023,0x8002,0x8023,0x8024,0x8023,0x8043,0x8C82,0x8C82,0x8023,0x8883,
  0x90A3,0x8043,0x98A2,0x9CC2,0x9CC2,0xB4C1,0xFBE8,0x9C61,0xB922,0xBCE1,0xD981,0xF263,0xA482,0xA0A2,0x9082,0x8443,
  0x8043,0x8043,0x8022,0x8022,0x8043,0x8043,0x8002,0x8023,0x8044,0x8002,0x8002,0x8023,0x8002,0x8002,0x8002,0x8022,
  0x8002,0x8002,0x8002,0x8002,0x8002,0x8002,0x8023,0x8023,0x8002,0x8002,0x8066,0x8067,0x8067,0x8066,0x8067,0x8067,
  0x8067,0x8067,0x8044,0x8065,0x8087,0x8002,0x8001,0x8024,0x8002,0x8002,0x8002,0x8003,0x8024,0x8047,0x8003,0x8002,
  0x8002,0x8002,0x8068,0x8069,0x8069,0x8003,0x8025,0x8003,0x8089,0x8069,0x8069,0x8069,0x808A,0x8002,0x8002,0x8001,
  0x8069,0x8069,0x8002,0x8023,0x8048,0x8047,0x8047,0x8047,0x8046,0x8068,0x8067,0x8067,0xFE60,0x9C82,0xFBEC,0xB4C2,
  0x94C4,0x8CA4,0x8023,0x8044,0x8044,0x8044,0x8484,0x84A5,0x84A5,0x8CC5,0x9CC2,0x88C5,0x84A4,0x8024,0x8024,0x8023,
  0x8023,0x8023,0x8023,0x8023,0x8023,0x8023,0x8023,0x8023,0x8023,0x8022,0x8043,0x8863,0x8C83,0x9CA1,0x98A3,0x8484,
  0x94C5,0x8884,0x8464,0x8C63,0x9882,0x8883,0x8023,0x8064,0x8024,0x8484,0x8883,0x8CA3,0x90A4,0x94A4,0x94A3,0x90A3,
  0x9CA2,0x8483,0x8064,0x8044,0x8044,0x8023,0x8023,0x8023,0x8044,0x8024,0x8024,0x8024,0x8024,0x8023,0x8023,0x8023,
  0x8023,0x8023,0x8023,0x8024,0x8024,0x8024,0x8023,0x8024,0x8024,0x8024,0x8024,0x808A,0x808A,0x8089,0x8024,0x8024,
  0x8088,0x8025,0x8024,0x8024,0x8024,0x8024,0x8024,0x8024,0x8024,0x8024,0x8066,0x8065,0x9CA2,0x9083,0x8044,0x8044,
  0x8045,0x8045,0x8024,0x8045,0x8024,0x8024,0x8024,0x8024,0x8068,0x8067,0x8025,0x8024,0x8068,0x8046,0x8067,0x8046,
  0x8045,0x8067,0x8067,0x8046,0x8046,0x80AA,0x8067,0x8046,0x8045,0x8025,0x8067,0x80EC,0x850D,0x850E,0x850D,0x8025,
  0x8023,0x80CB,0x80AA,0x8002,0x8D0C,0x8D0C,0x8000,0x8D0D,0x8D0B,0x8067,0x8025,0x8045,0x8045,0x8046,0x8046,0x8046,
  0x8046,0x88EC,0x84CB,0x892E,0x8D2E,0x8D2E,0x8D0E,0x84CB,0x8026,0x8047,0x954E,0x88EB,0x954F,0x88EB,0x8047,0x8047,
  0x8047,0x8067,0x8067,0x8067,0x8047,0x8046,0x8067,0x8067,0x8067,0x8047,0x8047,0x8067,0x8047,0x8069,0x88E8,0x8908,
  0x88E8,0x8087,0x8089,0x8089,0x8068,0x8069,0x8089,0x8069,0x8068,0x8069,0x8069,0x8069,0x8089,0x8089,0x8089,0x8069,
  0x8089,0x8069,0x8089,0x8089,0x8089,0x8089,0x8089,0x8089,0x8089,0x8089,0x808A,0x808A,0x808A,0x808A,0x808A,0x808A,
  0x808A,0x808A,0x808A,0x808A,0x808A,0x80CD,0x806A,0x80AC,0x80AC,0x80CD,0x80CD,0x80CD,0x80CD,0x80AC,0x80AC,0x80AC,
  0xA1D3,0x80AC,0xB676,0xA5F3,0x80CD,0x80CE,0x80CE,0x80CE,0x80CE,0x80CE,0x80CD,0x892C,0x996C,0x80CD,0x80CE,0x80CE,
  0x80CE,0x80CD,0x80ED,0x9DAB,0x9DAC,0x9DAB,0xA1CD,0x80CB,0x892D,0x9DAC,0x892C,0x80CE,0x892D,0x8D4C,0x8D4D,0x9DAC,
  0x916B,0x958B,0x99AB,0x958B,0x958C,0x95AD,0x918D,0x8970,0x8D91,0x8D91,0x91AF,0xA20F,0xAE6F,0x8195,0x85B6,0x85B6,
  0x89B6,0x85B6,0xCB1A,0x85B6,0x91F7,0x9216,0xBAFB,0xC73D,0xBF1D,0xCB3F,0xCB7F,0xE7FF,0x82FF,0x82FF,0x823F,0x817B,
  0x819B,0x8136,0x80F3,0x80CE,0x80AC,0x808A,0x8068,0x8046,0x8046,0x8046,0x8025,0x8046,0x8046,0x8002,0x8023,0x8023,
  0x8024,0x80EC,0x8023,0x8023,0x8023,0x8023,0x8023,0x8023,0x8023,0x8002,0x8002,0x8022,0x8002,0x8022,0x8022,0x8022,
  0x8022,0x8022,0x8022,0x8022,0x8022,0x8022,0x8022,0x8002,0x8002,0x8022,0x8002,0x8002,0x8002,0x8002,0x8022,0x8002,
  0x8022,0x8002,0x8002,0x8022,0x8002,0x8022,0x8022,0x8022,0x8022,0x8002,0x8002,0x8002,0x8002,0x8022,0x8022,0x8022,
  0x8022,0x8002,0x8002,0x8002,0x8022,0x8022,0x8023,0x8022,0x8023,0x8023,0x8023,0x8023,0x8023,0x8023,0x8022,0x8022,
  0x8023,0x8002,0x8023,0x8024,0x8023,0x8023,0x8023,0x8023,0x8023,0x8023,0x8022,0x8024,0x8044,0x8044,0x8022,0x8022,
  0x90A3,0x98C2,0x8863,0x94A3,0x98C3,0xA0C2,0xA8C1,0xC920,0xB0C2,0xFFF0,0xFFDF,0xF1C0,0xC121,0xB0E1,0x9083,0x8043,
  0x8443,0x8043,0x8022,0x8022,0x8023,0x8022,0x8022,0x8023,0x8044,0x8002,0x8023,0x8002,0x8001,0x8002,0x8023,0x8023,
  0x8002,0x8002,0x8002,0x8022,0x8002,0x8002,0x8002,0x8003,0x8045,0x8045,0x8002,0x8045,0x8067,0x8067,0x8067,0x8067,
  0x8044,0x8066,0x8002,0x8067,0x8045,0x8002,0x8001,0x8023,0x8002,0x8002,0x8046,0x8067,0x8002,0x8002,0x8002,0x8023,
  0x8002,0x8002,0x8001,0x8046,0x8069,0x8069,0x8069,0x808A,0x8002,0x8002,0x8069,0x8089,0x8089,0x8068,0x8002,0x8024,
  0x8002,0x8001,0x8068,0x8047,0x8002,0x8024,0x8047,0x8046,0x8023,0x8069,0x8025,0x8069,0x8487,0x8886,0x9464,0xFEC3,
  0xA0C4,0xA0C3,0x8C83,0x8CA4,0x8884,0x8064,0x8023,0x8484,0x8064,0x8064,0xB502,0x88C4,0x88C4,0x88C4,0x8024,0x8024,
  0x8023,0x8023,0x8023,0x8023,0x8023,0x8023,0x8023,0x8023,0x8023,0x8022,0x8064,0x8044,0x8044,0x8C84,0x94A3,0xB943,
  0x9CC2,0x8CA4,0x8C84,0x8064,0x8444,0x8C84,0x8C83,0x8464,0x8023,0x8483,0x8883,0x8024,0x8025,0x8884,0x94A3,0x98A3,
  0x9483,0x9083,0x90A3,0x8CA3,0x8044,0x8045,0x8024,0x8024,0x8045,0x8066,0x8024,0x8024,0x8024,0x8024,0x8023,0x8023,
  0x8023,0x8023,0x8023,0x8024,0x8024,0x8024,0x8024,0x8024,0x8024,0x8024,0x8024,0x8045,0x8068,0x8069,0x8067,0x8024,
  0x8023,0x8045,0x8025,0x8024,0x8024,0x8044,0x8066,0x8046,0x8024,0x8066,0x8066,0x8066,0x8045,0x8066,0x8023,0x8024,
  0x8024,0x8024,0x8024,0x8024,0x8024,0x8024,0x8024,0x8025,0x8067,0x8088,0x8046,0x8024,0x8046,0x8024,0x8045,0x8025,
  0x8045,0x8066,0x8046,0x8046,0x8046,0x8066,0x8067,0x8067,0x8045,0x8045,0x8046,0x8046,0x8046,0x84ED,0x84EC,0x80EC,
  0x8089,0x8045,0x80AA,0x8089,0x8467,0x890D,0x84CB,0x8003,0x80A9,0x80AA,0x890C,0x8D0C,0x8024,0x8045,0x8046,0x8046,
  0x8046,0x84EC,0x8046,0x890D,0x8D0D,0x8D0D,0x8D0D,0x8D0D,0x8069,0x912E,0x88EC,0x9990,0x9970,0x9D90,0x8025,0x8045,
  0x8045,0x8046,0x8067,0x8488,0x8067,0x8067,0x8047,0x8067,0x8067,0x8068,0x8068,0x8068,0x8047,0x8046,0x8907,0x8067,
  0x8067,0x8068,0x8089,0x808A,0x8068,0x8088,0x8068,0x8069,0x8069,0x8068,0x8068,0x8069,0x8089,0x8089,0x8089,0x8069,
  0x8089,0x8089,0x8089,0x8089,0x8089,0x8089,0x8089,0x8089,0x8089,0x808A,0x8089,0x8089,0x808A,0x808A,0x808A,0x808A,
  0x808A,0x808A,0x808A,0x808A,0x808A,0x808A,0x808A,0x80CD,0x80AC,0x80CD,0x80CD,0x80CD,0x80CD,0x80CD,0x80CD,0x80CD,
  0x80CD,0x80CD,0x80CE,0x9171,0x80CE,0x80EE,0x80CE,0x80CE,0x80CE,0x80CE,0x80CE,0x894D,0x8D4C,0x996B,0x956B,0x80CD,
  0x998C,0xA5AC,0x892A,0xBA73,0xA5CE,0x9D8A,0x8D2A,0x892B,0x80EC,0x84EB,0x9DAA,0x892D,0x80CE,0x80ED,0x810E,0x850D,
  0x998B,0x998B,0x958B,0x9DAC,0xC6D8,0xBA74,0x9DCE,0x95AF,0x8992,0x8D92,0x8D91,0x95B1,0xAE4F,0xC6F7,0xC6FA,0x8195,
  0x8596,0x8596,0xC2DA,0xC2FB,0x9E37,0x9A16,0x9E36,0xBAFA,0xBF1D,0xC73E,0xCB3E,0xC73F,0xE7BF,0xABBF,0x831F,0x821F,
  0x821E,0x819B,0x8136,0x80F1,0x80CF,0x80AC,0x808A,0x8069,0x8067,0x8046,0x8046,0x8066,0x8066,0x8045,0x8024,0x8023,
  0x8023,0x8023,0x8023,0x8023,0x8023,0x8023,0x8023,0x8023,0x8023,0x8023,0x8002,0x8002,0x8002,0x8002,0x8022,0x8002,
  0x8002,0x8002,0x8002,0x8002,0x8002,0x8002,0x8002,0x8002,0x8022,0x8002,0x8002,0x8002,0x8002,0x8022,0x8002,0x8002,
  0x8022,0x8002,0x8022,0x8022,0x8002,0x8022,0x8002,0x8002,0x8002,0x8022,0x8022,0x8022,0x8022,0x8022,0x8022,0x8002,
  0x8002,0x8002,0x8022,0x8022,0x8022,0x8022,0x8022,0x8023,0x8023,0x8023,0x8023,0x8022,0x8022,0x8022,0x8002,0x8022,
  0x8023,0x8002,0x8002,0x8024,0x8022,0x8023,0x8023,0x8023,0x8023,0x8002,0x8002,0x8023,0x8044,0x8045,0x8023,0x8003,
  0x90A2,0x8883,0x8023,0x94C3,0x98C3,0x8862,0x9C82,0x8841,0xB8C1,0xFFF6,0xFFDD,0xE140,0x9C82,0x9CA2,0x98A2,0x9062,
  0x8443,0x8443,0x8043,0x8022,0x8023,0x8023,0x8023,0x8023,0x8002,0x8002,0x8002,0x8001,0x8002,0x8002,0x8002,0x8002,
  0x8002,0x8002,0x8002,0x8002,0x8002,0x8002,0x8002,0x8023,0x8045,0x8045,0x8002,0x8023,0x8067,0x8045,0x8067,0x8067,
  0x8066,0x8046,0x8066,0x8067,0x8067,0x8045,0x8002,0x8067,0x8046,0x8002,0x8023,0x8046,0x8024,0x8002,0x8002,0x8047,
  0x8024,0x8023,0x8003,0x8002,0x8069,0x8025,0x806A,0x808A,0x8002,0x8002,0x8069,0x8069,0x8069,0x8023,0x8024,0x8048,
  0x8002,0x8002,0x8068,0x8068,0x8069,0x8002,0x8002,0x8003,0x8001,0x8068,0x8025,0x8047,0x8068,0x8067,0x8866,0xB8E2,
  0x9CA3,0xA0C2,0x94A3,0x8CA5,0x8CA4,0x8484,0x8484,0x84A4,0x8043,0x88A4,0x8CA4,0x8464,0x8085,0x8023,0x8024,0x8024,
  0x8023,0x8023,0x8023,0x8023,0x8023,0x8023,0x8002,0x8023,0x8023,0x8023,0x8023,0x8023,0x8023,0x8464,0x8884,0x98C3,
  0xA8E2,0x9083,0x8C63,0x8C63,0x8C63,0xA4C2,0x94A3,0x8C83,0x8024,0x84A5,0x88A4,0x8044,0x8024,0x8483,0x8883,0x90A3,
  0x98A3,0xACC1,0x98C4,0x90A3,0x88A4,0x88A4,0x8044,0x8045,0x8024,0x8085,0x8024,0x8024,0x8024,0x8024,0x8024,0x8023,
  0x8023,0x8023,0x8023,0x8024,0x8023,0x8024,0x8024,0x8024,0x8024,0x8024,0x8024,0x8024,0x8024,0x8023,0x8089,0x8023,
  0x8024,0x8024,0x8066,0x8045,0x8045,0x8066,0x8067,0x8066,0x8066,0x8066,0x8066,0x8024,0x8024,0x8066,0x8086,0x8024,
  0x8024,0x8024,0x8024,0x8024,0x8024,0x8024,0x8024,0x8045,0x8024,0x8067,0x8067,0x8025,0x8024,0x8024,0x8024,0x8045,
  0x8045,0x8024,0x8024,0x8066,0x8046,0x8066,0x8067,0x8067,0x8067,0x8046,0x8045,0x8045,0x8025,0x80CB,0x8023,0x8045,
  0x8025,0x8067,0x8045,0x8066,0x80CB,0x890E,0x84EC,0x8025,0x8046,0x84EC,0x88EC,0x8D0C,0x8003,0x8045,0x8046,0x8045,
  0x8045,0x8067,0x8024,0x8046,0x8489,0x8D0C,0x8D0D,0x8D0D,0x80AA,0x8D0D,0x9D70,0x9D90,0x9D90,0x996F,0x912E,0x88EC,
  0x8025,0x8046,0x8089,0x9570,0x890C,0x8068,0x8068,0x8067,0x8067,0x8067,0x8067,0x8067,0x8067,0x8046,0x8047,0x8048,
  0x8068,0x80AA,0x808A,0x808A,0x8089,0x8509,0x80A8,0x8068,0x8068,0x8068,0x8068,0x8068,0x8068,0x8089,0x8069,0x8069,
  0x8069,0x8089,0x8089,0x8089,0x808A,0x8089,0x8089,0x8089,0x8089,0x8089,0x808A,0x808A,0x808A,0x8089,0x808A,0x808A,
  0x808A,0x808A,0x808A,0x808A,0x808A,0x808A,0x808A,0x808B,0x808A,0x80AD,0x80CD,0x80CD,0x80CD,0x80CE,0x80CE,0x80CD,
  0x80CD,0x80CD,0x80CE,0x8950,0x80EE,0x80EE,0x80CE,0x80CE,0x80CE,0x80CE,0x80CD,0x80EC,0x892B,0x80EE,0x8530,0xA1AC,
  0xA1AB,0xA5AC,0xAA0F,0xB212,0xA9F0,0x9DAB,0x9DAC,0x998B,0x916B,0x914B,0x958B,0x998B,0x80CE,0x80ED,0x80ED,0x850D,
  0x852D,0x916B,0x998B,0x998B,0x958D,0xBE96,0x916D,0x95AE,0x8971,0x8992,0x8D91,0x9190,0x91B1,0xA1EF,0xBEB8,0xB296,
  0xA215,0x89B5,0xB298,0xC71B,0xC2FA,0x9A37,0x9637,0x8DF6,0xC31C,0xC33D,0xCB3E,0xCB3E,0xCF5F,0xE3DF,0xC3BF,0x871F,
  0x823F,0x81FE,0x8138,0x8135,0x80F1,0x80CF,0x80AC,0x808A,0x8047,0x8046,0x8046,0x8067,0x8067,0x8024,0x8066,0x8023,
  0x8023,0x8023,0x8023,0x8024,0x8023,0x8023,0x8023,0x8023,0x8023,0x8002,0x8023,0x8023,0x8023,0x8023,0x8002,0x8022,
  0x8002,0x8002,0x8022,0x8002,0x8022,0x8002,0x8002,0x8002,0x8002,0x8002,0x8002,0x8002,0x8002,0x8022,0x8002,0x8002,
  0x8022,0x8002,0x8002,0x8002,0x8022,0x8002,0x8002,0x8022,0x8002,0x8002,0x8002,0x8022,0x8022,0x8022,0x8022,0x8023,
  0x8022,0x8022,0x8022,0x8002,0x8022,0x8022,0x8022,0x8023,0x8023,0x8023,0x8022,0x8022,0x8023,0x8022,0x8002,0x8002,
  0x8024,0x8022,0x8002,0x8003,0x8002,0x8024,0x8024,0x8022,0x8023,0x8002,0x8023,0x8023,0x8023,0x8023,0x8022,0x8002,
  0x8002,0x8CA2,0x8023,0x94C3,0x98E3,0x90A3,0x94A3,0x9861,0x9C81,0xA0A2,0xFE41,0xC501,0xBCE1,0x9CA2,0x9882,0x8442,
  0x8463,0x8463,0x8463,0x8043,0x8464,0x8023,0x8023,0x8023,0x8002,0x8002,0x8002,0x8002,0x8002,0x8002,0x8002,0x8023,
  0x8023,0x8023,0x8002,0x8002,0x8002,0x8002,0x8002,0x8002,0x8024,0x8045,0x8023,0x8024,0x8067,0x8045,0x8067,0x8088,
  0x8067,0x8024,0x8046,0x8067,0x8046,0x8066,0x8024,0x8067,0x8067,0x8002,0x8002,0x8045,0x8046,0x8045,0x8002,0x8023,
  0x8002,0x8002,0x8067,0x8069,0x8089,0x8069,0x8025,0x808A,0x8002,0x8002,0x8046,0x8069,0x8069,0x8002,0x8047,0x8025,
  0x8025,0x8068,0x8068,0x8069,0x8068,0x8002,0x8047,0x8024,0x8002,0x8068,0x8024,0x8068,0x8069,0x8068,0x8047,0x8046,
  0x9483,0x8884,0x8884,0x8884,0xA0A1,0x94A4,0x88A4,0x90C4,0x8483,0x8043,0x8CA4,0x8064,0x8043,0x8023,0x8064,0x8023,
  0x8024,0x8024,0x8023,0x8023,0x8023,0x8023,0x8023,0x8023,0x8023,0x8002,0x8023,0x8023,0x8023,0x8023,0x8883,0x9CC2,
  0x8CA3,0x9083,0xE5E2,0x8C84,0x8C63,0xD161,0x9462,0x9484,0x8044,0x8024,0x8044,0x8044,0x8484,0x8064,0x8484,0x8883,
  0x90A4,0xFB03,0x9883,0x9CA2,0x9083,0x8464,0x8024,0x8045,0x8045,0x8065,0x8086,0x8044,0x8024,0x8024,0x8024,0x8023,
  0x8023,0x8023,0x8023,0x8023,0x8023,0x8023,0x8024,0x8024,0x8024,0x8024,0x8024,0x8024,0x8024,0x8024,0x8024,0x8046,
  0x8024,0x8024,0x8067,0x8066,0x8045,0x8025,0x8024,0x8046,0x8045,0x8067,0x8067,0x8024,0x8045,0x8025,0x8065,0x8024,
  0x8024,0x8024,0x8024,0x8024,0x8024,0x8024,0x8024,0x8024,0x8024,0x8024,0x8024,0x8045,0x8046,0x8024,0x8045,0x8046,
  0x8024,0x8024,0x8025,0x8025,0x8067,0x8067,0x8046,0x8025,0x8025,0x8067,0x8025,0x8045,0x8024,0x810E,0x8025,0x8025,
  0x8045,0x8067,0x8023,0x8024,0x8068,0x890E,0x890E,0x8489,0x8089,0x890D,0x8D0D,0x890D,0x890D,0x84CB,0x84CB,0x8023,
  0x8023,0x8089,0x8002,0x8024,0x84CB,0x84CB,0x912D,0x8D0D,0x88EC,0x88EC,0x9D90,0x9D90,0xA1D2,0x9991,0x954F,0x9DB1,
  0x9970,0x8047,0x8046,0x9970,0x84EC,0x8068,0x8068,0x8068,0x8068,0x8067,0x8067,0x8068,0x8068,0x8068,0x8068,0x8047,
  0x8069,0x8069,0x88E9,0x8D0A,0x8088,0x8088,0x8088,0x80C9,0x8068,0x8068,0x8068,0x8068,0x8068,0x8068,0x8068,0x8068,
  0x8068,0x8069,0x8069,0x8089,0x8089,0x8089,0x8089,0x8089,0x8089,0x8089,0x8089,0x808A,0x8089,0x8089,0x8089,0x808A,
  0x8089,0x8089,0x808A,0x8089,0x808A,0x808A,0x808A,0x808A,0x808A,0x808A,0x808B,0x80CD,0x80CD,0xA191,0x80AC,0x80AC,
  0x80AC,0x80CD,0x80CD,0x80CE,0x80CE,0x80CD,0x80CD,0x80CE,0x80CE,0x80CE,0x80CD,0x80CC,0x80CB,0x8D4C,0x80EE,0x852F,
  0x850B,0xA5CC,0xA5CB,0xB656,0xA9F0,0xA5EE,0xB253,0x998A,0x998A,0x958B,0x892D,0x810C,0x80CD,0x80CC,0x80AC,0x80AC,
  0x80EC,0x956A,0x998B,0x998B,0x958C,0x916D,0x8D6E,0xBE92,0x99AD,0x8971,0x8972,0x8D92,0x91B2,0x99AE,0xC2FA,0xCB1B,
  0xB274,0xBAD8,0xC71B,0xC71C,0xCB1B,0xB6B9,0x9216,0x9215,0xA6BB,0xBAFC,0xB2DC,0xB6FC,0xCB3E,0xCB5F,0xDB9F,0xB7BF,
  0x833F,0x827F,0x81FE,0x8159,0x8116,0x80F2,0x80AF,0x808A,0x808A,0x808A,0x8046,0x8067,0x8067,0x8067,0x8067,0x8046,
  0x8023,0x8023,0x8068,0x8024,0x8023,0x8023,0x8023,0x8023,0x8023,0x8023,0x8044,0x8023,0x8023,0x8002,0x8002,0x8022,
  0x8002,0x8002,0x8002,0x8002,0x8002,0x8002,0x8002,0x8002,0x8002,0x8002,0x8002,0x8022,0x8002,0x8002,0x8002,0x8022,
  0x8002,0x8002,0x8002,0x8002,0x8002,0x8002,0x8002,0x8002,0x8002,0x8022,0x8022,0x8022,0x8022,0x8002,0x8022,0x8002,
  0x8002,0x8022,0x8022,0x8022,0x8022,0x8022,0x8023,0x8023,0x8023,0x8023,0x8022,0x8023,0x8023,0x8022,0x8022,0x8022,
  0x8024,0x8023,0x8023,0x8022,0x8022,0x8002,0x8024,0x8044,0x8023,0x8002,0x8022,0x8023,0x8022,0x8022,0x8023,0x8022,
  0x8023,0x8CA2,0x8022,0x8443,0x90A3,0x8C63,0x9042,0xD560,0x9881,0x9881,0x9061,0x9461,0x8C41,0xD540,0x9482,0xA4C2,
  0x94A2,0x8463,0x8863,0x98C2,0x8044,0x8023,0x8022,0x8002,0x8002,0x8001,0x8002,0x8002,0x8023,0x8023,0x8002,0x8023,
  0x8023,0x8002,0x8002,0x8002,0x8002,0x8002,0x8002,0x8002,0x8002,0x8002,0x8045,0x8045,0x8023,0x8067,0x8087,0x8088,
  0x8088,0x8024,0x8087,0x8067,0x8044,0x8066,0x8066,0x8067,0x8067,0x8002,0x8001,0x8001,0x8044,0x8046,0x8067,0x8088,
  0x8066,0x8001,0x8002,0x8022,0x8025,0x8089,0x8024,0x8068,0x8023,0x8002,0x8002,0x8002,0x8089,0x8023,0x8002,0x8002,
  0x8002,0x8002,0x8068,0x8068,0x8068,0x8047,0x8002,0x8003,0x8002,0x8023,0x8003,0x8023,0xA504,0x8886,0x8024,0x8024,
  0x8024,0x8463,0x8884,0x8884,0x8883,0x9CA3,0xF621,0x8C83,0x8CA3,0x8484,0x8484,0x9104,0x8084,0x8064,0x8064,0x8024,
  0x8023,0x8024,0x8024,0x8023,0x8023,0x8023,0x8023,0x8023,0x8023,0x8022,0x8023,0x8022,0x8002,0x8023,0x8CA4,0x88A4,
  0x8464,0x8463,0x8862,0x98A3,0x98A3,0xA4A3,0xFFC1,0x9484,0x9084,0x8C83,0x8C83,0x8884,0x8484,0x8043,0x8464,0x8C84,
  0x90A3,0x98A3,0xA8C2,0xB8E1,0x9483,0x8064,0x8044,0x8484,0x8484,0x8044,0x8065,0x8024,0x8024,0x8023,0x8065,0x8045,
  0x8024,0x8024,0x8023,0x8023,0x8024,0x8024,0x8023,0x8024,0x8023,0x8024,0x8024,0x8024,0x8024,0x8024,0x8024,0x8024,
  0x8024,0x8024,0x8066,0x8066,0x8046,0x8045,0x8023,0x8023,0x8023,0x8024,0x8067,0x8067,0x8067,0x8045,0x8044,0x8024,
  0x8024,0x8024,0x8465,0x8024,0x8024,0x8024,0x8024,0x8024,0x8024,0x8067,0x8024,0x8024,0x8024,0x8024,0x8045,0x8045,
  0x8045,0x8024,0x8025,0x8045,0x8067,0x8066,0x8045,0x8024,0x8045,0x8068,0x8067,0x8025,0x8045,0x8045,0x80CB,0x8046,
  0x8024,0x8024,0x8024,0x8044,0x8024,0x8025,0x890D,0x88ED,0x88EC,0x88EB,0x84CA,0x88EC,0x88EC,0x88EC,0x84EB,0x80AA,
  0x80ED,0x84EC,0x84CA,0x84CA,0x84CB,0x912C,0x88EB,0x84CB,0x88EC,0x8D0D,0x9D90,0x912E,0x80AA,0x9D90,0x9990,0x9970,
  0x996F,0x954E,0x994F,0x954F,0x8089,0x80CA,0x8088,0x8067,0x8067,0x8068,0x8068,0x8068,0x8068,0x8068,0x80A8,0x80C7,
  0x8068,0x8068,0x8D09,0x9D4A,0x8067,0x8068,0x8068,0x80E9,0x8068,0x8068,0x8068,0x8068,0x8068,0x8068,0x8068,0x8068,
  0x8068,0x8068,0x8068,0x8068,0x8068,0x8089,0x8089,0x8089,0x8089,0x8089,0x8089,0x8089,0x8089,0x8089,0x8089,0x808A,
  0x808A,0x808A,0x808A,0x808A,0x808A,0x808A,0x808A,0x808A,0x808A,0x808A,0x808B,0x80EF,0x80AC,0x80AC,0x80AC,0x99B1,
  0xA9F3,0x80AC,0x80CD,0x80CD,0x80CE,0x80CD,0x80CD,0x80CD,0x80CE,0x80CE,0x80CD,0x80CD,0x80CC,0x850C,0x8D2B,0x80CE,
  0x80CD,0xA1AD,0xA1CC,0xA1AB,0x9D8B,0x9DAC,0xA1CE,0xB674,0x998A,0x998B,0x998C,0xB650,0x914C,0x894B,0x80AB,0x80AB,
  0x80AB,0x80EB,0x80CC,0x80ED,0x99AC,0x958C,0x8D6E,0x9590,0x95AD,0x8D70,0x8132,0x8993,0x8D93,0x95B1,0x9E0E,0xC71D,
  0xC2FB,0xAE54,0xB695,0xC2FB,0xC71B,0xC6FB,0x9214,0x9E32,0x9636,0xBEFC,0xB6DC,0xBAFD,0xCB3E,0xCB5E,0xD35F,0xEFFF,
  0x935F,0x833F,0x827F,0x81DD,0x8159,0x8114,0x80D1,0x80CE,0x808B,0x808A,0x808A,0x8067,0x8067,0x8066,0x8066,0x8023,
  0x8046,0x8024,0x8002,0x8023,0x8023,0x8023,0x8023,0x8023,0x8023,0x8023,0x8023,0x8022,0x8003,0x8023,0x8002,0x8002,
  0x8002,0x8002,0x8022,0x8002,0x8002,0x8002,0x8002,0x8002,0x8002,0x8002,0x8022,0x8023,0x8002,0x8022,0x8002,0x8002,
  0x8002,0x8022,0x8002,0x8022,0x8002,0x8002,0x8022,0x8002,0x8002,0x8022,0x8022,0x8022,0x8023,0x8023,0x8023,0x8022,
  0x8022,0x8023,0x8022,0x8002,0x8023,0x8023,0x8023,0x8023,0x8023,0x8023,0x8022,0x8023,0x8023,0x8023,0x8023,0x8022,
  0x8024,0x8024,0x8023,0x8002,0x8022,0x8023,0x8024,0x8044,0x8023,0x8002,0x8002,0x8023,0x8022,0x8022,0x8023,0x8022,
  0x8023,0x8023,0x8043,0x8C63,0x90A3,0x8C83,0xF744,0x9483,0x9082,0x9482,0x9482,0x8C62,0x8C62,0x8842,0x8842,0x8C63,
  0x8863,0x9482,0x8463,0x8883,0x8043,0x8023,0x8023,0x8002,0x8002,0x8002,0x8002,0x8002,0x8023,0x8023,0x8002,0x8002,
  0x8002,0x8002,0x8002,0x8002,0x8002,0x8002,0x8002,0x8002,0x8002,0x8002,0x8024,0x8067,0x8067,0x8067,0x8066,0x8044,
  0x8067,0x8087,0x8067,0x8067,0x8067,0x8067,0x8067,0x8022,0x8066,0x8023,0x8067,0x8002,0x8002,0x8088,0x8044,0x8087,
  0x8088,0x8088,0x8088,0x8088,0x8088,0x8088,0x8089,0x8088,0x8067,0x8068,0x8002,0x8002,0x8002,0x8003,0x8003,0x8002,
  0x8002,0x8002,0x8003,0x8024,0x8068,0x8024,0x8023,0x8047,0x8046,0x8002,0x8003,0x8024,0x8089,0x8068,0x8047,0x8047,
  0x8024,0x8043,0x8043,0x8884,0x9083,0x9CA2,0xB0C1,0x9CC3,0x90A3,0x8484,0x8884,0x88A4,0x8084,0x8064,0x8064,0x8044,
  0x8024,0x8023,0x8023,0x8023,0x8023,0x8023,0x8023,0x8023,0x8023,0x8023,0x8023,0x8023,0x8023,0x8023,0x8043,0x8883,
  0x8463,0x8463,0x8863,0x94A3,0x94A3,0xA0A3,0x9063,0x9462,0xE601,0x9482,0x9483,0x9CA0,0x8484,0xC0E1,0x9C82,0x8884,
  0x8C63,0x9483,0x98A3,0xFF63,0xA881,0x8C84,0x8C83,0x8464,0x8484,0x8063,0x8045,0x8024,0x8023,0x8043,0x8063,0x8024,
  0x8024,0x8088,0x8045,0x8024,0x8024,0x8023,0x8023,0x8023,0x8023,0x8024,0x8024,0x8024,0x8024,0x8024,0x8024,0x8024,
  0x8024,0x8024,0x8045,0x8046,0x8046,0x8045,0x8024,0x8023,0x8023,0x8023,0x8045,0x8066,0x8066,0x8066,0x8067,0x84A5,
  0x8024,0x8024,0x8044,0x8443,0x8023,0x8023,0x8023,0x8024,0x8024,0x8024,0x8045,0x8045,0x8024,0x8024,0x8045,0x8046,
  0x8025,0x8025,0x8024,0x8045,0x8045,0x8046,0x8045,0x8024,0x8024,0x8025,0x8068,0x8067,0x8045,0x8045,0x8046,0x8045,
  0x8045,0x8045,0x8045,0x808A,0x80A9,0x8025,0x8024,0x84CB,0x88EB,0x88EC,0x8024,0x8044,0x8D2E,0x890D,0x8D0D,0x88EB,
  0x8066,0x850C,0x84EC,0x84EB,0x88EA,0x84CA,0x84CB,0x84EC,0x8068,0x88EC,0x8D0D,0x954F,0x88EC,0x84AA,0x9D90,0x954E,
  0x84AA,0x954E,0x954F,0x956F,0x912E,0x80EB,0x9DB1,0x8068,0x8067,0x8068,0x8068,0x8068,0x8068,0x8068,0x8068,0x8067,
  0x80AB,0x8068,0x8089,0x8069,0xA167,0x8068,0x8089,0x8089,0x8068,0x8068,0x8068,0x8068,0x8068,0x8068,0x8068,0x8068,
  0x8068,0x8068,0x8068,0x8068,0x8068,0x8069,0x8089,0x8089,0x8089,0x8089,0x8089,0x8089,0x8089,0x8089,0x808A,0x8089,
  0x8089,0x808A,0x8089,0x808A,0x808A,0x808A,0x808A,0x8089,0x808A,0x808A,0x80CD,0x8951,0x808B,0xA1F4,0x8930,0x80ED,
  0xA1D3,0x8D50,0x84EE,0xAA14,0x80CE,0x80CD,0x80CD,0x80CE,0x80CE,0x80CE,0x80CD,0x80CD,0x80CD,0x80CC,0x8D2A,0x80CD,
  0x80CE,0x998D,0xA1CD,0x80CE,0x916D,0xA1AC,0xA1AC,0xAE32,0xB656,0xB655,0x9DAC,0x998A,0xA5EE,0x914C,0x892A,0x80CB,
  0x80CC,0x850C,0x9DAC,0x80ED,0x99AB,0x99AC,0x894D,0x812F,0x9DAD,0x894F,0x8111,0x8973,0x8973,0x95B0,0x916E,0x95AC,
  0xAE33,0xB696,0xAA11,0xAE52,0xC2DA,0xC2FB,0xC6DA,0x89D3,0x91F5,0xC2FC,0xC71C,0xB2DC,0x9E9B,0xCB3E,0xCF5F,0xCB5F,
  0xDBBF,0xDBDF,0x833F,0x827F,0x81FF,0x8159,0x8157,0x80F2,0x80AE,0x808B,0x8089,0x8089,0x8089,0x8067,0x8046,0x8046,
  0x8023,0x8046,0x8023,0x8023,0x8023,0x8023,0x8023,0x8023,0x8023,0x8023,0x8023,0x8024,0x810E,0x8023,0x8023,0x8002,
  0x8002,0x8002,0x8002,0x8002,0x8002,0x8022,0x8002,0x8002,0x8002,0x8002,0x8002,0x8022,0x8002,0x8002,0x8022,0x8022,
  0x8022,0x8022,0x8022,0x8022,0x8002,0x8002,0x8002,0x8002,0x8002,0x8022,0x8022,0x8022,0x8045,0x8551,0x8023,0x8022,
  0x8023,0x8023,0x8022,0x8022,0x8022,0x8023,0x8023,0x8023,0x8023,0x8023,0x8022,0x8022,0x8023,0x8022,0x8022,0x8002,
  0x8024,0x8024,0x8002,0x8002,0x8002,0x8002,0x8023,0x8044,0x8045,0x8045,0x8002,0x8022,0x8002,0x8022,0x8024,0x8023,
  0x8044,0x8023,0x8464,0x9082,0x90A3,0xE5E1,0x9082,0x8C63,0x8C63,0x8C83,0x8863,0x8863,0x8C62,0xB8E1,0x9881,0x8862,
  0x8842,0x9082,0x8C62,0x8063,0x8463,0x8043,0x8043,0x8022,0x8002,0x8002,0x8002,0x8442,0x8023,0x8023,0x8023,0x8002,
  0x8002,0x8002,0x8002,0x8002,0x8002,0x8002,0x8002,0x8002,0x8002,0x8002,0x8024,0x8066,0x8067,0x8067,0x8066,0x8066,
  0x8066,0x8066,0x8067,0x8067,0x8067,0x8067,0x8066,0x8023,0x8067,0x8067,0x8067,0x8001,0x8001,0x8045,0x8045,0x8066,
  0x8088,0x8087,0x8066,0x8066,0x8067,0x8067,0x8045,0x8067,0x8003,0x8024,0x8002,0x8002,0x8002,0x8002,0x8066,0x8002,
  0x8002,0x8002,0x8002,0x8002,0x8067,0x8025,0x8068,0x8068,0x8067,0x8002,0x8023,0x8047,0x8047,0x8047,0x8047,0x8047,
  0x8045,0x8024,0x8023,0x8883,0x8C83,0xCD61,0xFFF2,0x9CA3,0x98A3,0x8C84,0x8CA4,0x8044,0x8064,0x8044,0x8044,0x8044,
  0x8064,0x8023,0x8023,0x8023,0x8023,0x8023,0x8023,0x8045,0x8044,0x8882,0x8023,0x8023,0x8023,0x8064,0x8884,0x8883,
  0x8463,0x8462,0x8C62,0x94A3,0x98A3,0x9084,0x8864,0x8C64,0x9882,0xFEE1,0xB4E2,0x8865,0x8065,0x8045,0x8044,0x8044,
  0xC8E0,0x9063,0x9083,0x9462,0x9483,0xB522,0x8C63,0x8043,0x8043,0x8464,0x8045,0x8045,0x8064,0x8484,0x8064,0x8024,
  0x8024,0x8085,0x8086,0x8024,0x8024,0x8024,0x8024,0x8023,0x8023,0x8023,0x8023,0x8024,0x8024,0x8024,0x8024,0x8024,
  0x8024,0x8024,0x8045,0x8024,0x8025,0x8045,0x8024,0x8023,0x8024,0x8024,0x8024,0x8066,0x8066,0x8046,0x8067,0x8087,
  0x8045,0x8024,0x8023,0x8443,0x8C43,0x8023,0x8023,0x8024,0x8024,0x8024,0x8045,0x8045,0x8024,0x8025,0x8024,0x8089,
  0x8025,0x8045,0x8025,0x8045,0x8045,0x8046,0x8045,0x8024,0x8024,0x8024,0x8046,0x8088,0x8045,0x8045,0x8045,0x8045,
  0x8025,0x8045,0x8045,0x8068,0x80CC,0x8025,0x8024,0x84EB,0x88EB,0x890C,0x84EC,0x8045,0x8046,0x890D,0x890D,0x8D0C,
  0x84CA,0x8067,0x80CB,0x84EC,0x84C9,0x80CA,0x80EC,0x80CC,0x8069,0x80AA,0x954E,0x912E,0x88EC,0x88CB,0x910D,0x996E,
  0x84AA,0x8CEC,0x952E,0x914F,0x8D2E,0x8D4F,0x99B1,0x8089,0x8067,0x8068,0x8068,0x8068,0x8068,0x8068,0x8068,0x8068,
  0x8068,0x8068,0x8068,0x8068,0x84A7,0x8068,0x80CB,0x8089,0x8068,0x8068,0x8068,0x8068,0x8068,0x8068,0x8068,0x8068,
  0x8068,0x8068,0x8068,0x8068,0x8068,0x8068,0x8069,0x8089,0x8069,0x8069,0x8069,0x8069,0x8069,0x8089,0x8089,0x8089,
  0x8089,0x8089,0x8089,0x808A,0x8089,0x9570,0x956F,0x8089,0x808A,0x808A,0x808B,0x850F,0x808A,0xA214,0x9DB2,0x808B,
  0x9992,0xA5D3,0x84EE,0x9571,0xAA14,0x80CD,0x80CE,0x80CE,0x80CE,0x80CD,0x80CD,0x80CD,0x80CD,0x80CD,0x80CD,0x914B,
  0x80AD,0x80CE,0x956C,0x80CD,0x80CC,0xA1AC,0x998B,0x9D8A,0x996B,0xAE33,0xAA32,0x9DAB,0x996B,0xA5F1,0x9149,0x8D2A,
  0x80CB,0x916B,0x892D,0x80CE,0x956C,0x956B,0x916C,0x850E,0x99AD,0x99AE,0x8D70,0x8972,0x8972,0x918E,0x892E,0x99AD,
  0xAA0F,0xAE51,0xB677,0xB6B8,0xB273,0xBEDA,0xBEBA,0xBE98,0x89D5,0xBABB,0xC71C,0xC71C,0x9279,0xBEFC,0xC31E,0xCB3E,
  0xCB5F,0xE7DF,0xAB5F,0x833F,0x827F,0x81DE,0x8138,0x80F4,0x80F2,0x80AE,0x808B,0x808A,0x80AB,0x80AA,0x8046,0x8046,
  0x8046,0x8045,0x8024,0x8023,0x8023,0x8023,0x8023,0x8023,0x8023,0x8023,0x8023,0x8002,0x8022,0x8023,0x8023,0x8002,
  0x8002,0x8002,0x8002,0x8022,0x8002,0x8002,0x8022,0x8002,0x8002,0x8002,0x8002,0x8002,0x8002,0x8002,0x8002,0x8002,
  0x8002,0x8002,0x8002,0x8022,0x8022,0x8002,0x8002,0x8002,0x8002,0x8002,0x8002,0x8022,0x8045,0x80CC,0x8023,0x8022,
  0x8023,0x8022,0x8022,0x8023,0x8002,0x8022,0x8023,0x8022,0x8023,0x8023,0x8023,0x8022,0x8022,0x8022,0x8022,0x8023,
  0x8024,0x8024,0x8044,0x8002,0x8002,0x8002,0x8002,0x8023,0x8044,0x8002,0x8022,0x8022,0x8024,0x8045,0x8045,0x8045,
  0x8045,0x8045,0x8044,0x94A2,0x9082,0x8863,0x8842,0x8863,0x8863,0x8863,0x8863,0x8863,0x8863,0x8863,0x9481,0x8842,
  0x8863,0x8023,0x8043,0x8002,0x8023,0x8063,0x8043,0x8043,0x8002,0x8002,0x8044,0x8064,0x8464,0x8044,0x8044,0x8023,
  0x8002,0x8002,0x8002,0x8022,0x8002,0x8022,0x8002,0x8002,0x8025,0x8023,0x8002,0x8002,0x8002,0x8045,0x8066,0x8065,
  0x8066,0x8067,0x8045,0x8043,0x8066,0x8067,0x8067,0x8024,0x8067,0x8067,0x8066,0x8066,0x8066,0x8022,0x8046,0x8067,
  0x8088,0x8087,0x8023,0x8044,0x8066,0x8066,0x8023,0x8045,0x8023,0x8002,0x8002,0x8002,0x8002,0x8002,0x8002,0x8002,
  0x8046,0x8023,0x8002,0x8002,0x8002,0x8023,0x8003,0x8047,0x8067,0x8001,0x8025,0x8047,0x8024,0x8002,0x8002,0x8047,
  0x8025,0x8026,0x8024,0x8023,0x8884,0xA8C1,0xA0A2,0xA8C2,0xA0C3,0xA8E2,0x8463,0x8463,0x8044,0x8003,0x8044,0x8024,
  0x8064,0x8043,0x8023,0x8023,0x8023,0x8023,0x8024,0x8065,0x8483,0x8483,0x8044,0x8084,0x8484,0x8064,0x8464,0x8863,
  0x8862,0x8C62,0x9C82,0x9083,0x8C64,0x8045,0x8045,0x8864,0x8C63,0x9883,0x9064,0x8067,0x8046,0x8025,0x8024,0x8024,
  0x8044,0x8465,0x8064,0x9082,0x8C82,0x8464,0x8444,0x8864,0x8463,0x8463,0x8065,0x8045,0x8063,0x8484,0x8085,0x8044,
  0x8024,0x8023,0x84A5,0x84A5,0x8065,0x8024,0x8024,0x8023,0x8023,0x8023,0x8023,0x8023,0x8024,0x8024,0x8024,0x8024,
  0x8024,0x8024,0x8024,0x8024,0x8024,0x8024,0x8024,0x8024,0x8024,0x8024,0x8024,0x8066,0x8046,0x8045,0x8024,0x8024,
  0x8024,0x8045,0x8024,0x8023,0x8024,0x8044,0x8024,0x8024,0x8024,0x8024,0x8045,0x8046,0x8025,0x8045,0x8025,0x8045,
  0x8045,0x8045,0x8046,0x8025,0x8025,0x8045,0x8025,0x8025,0x8025,0x8025,0x8025,0x8045,0x8046,0x8045,0x8045,0x8045,
  0x8025,0x8024,0x8045,0x8045,0x8088,0x8046,0x8088,0x88EB,0x84EC,0x8088,0x84EC,0x84CA,0x8045,0x80AB,0x80CB,0x8D2D,
  0x8D2D,0x8067,0x8067,0x80AA,0x80CB,0x84CA,0x84CB,0x84CB,0x84CB,0x84AA,0x84CB,0x88EB,0x88CB,0x88CB,0x84CB,0x996E,
  0x84CB,0x84CB,0x8D0E,0x9570,0x914F,0x914F,0x9170,0x9591,0x8047,0x8067,0x8067,0x8068,0x8068,0x8068,0x8068,0x8068,
  0x8068,0x8068,0x8068,0x8068,0x8068,0x8068,0x8068,0x80A9,0x80C9,0x8068,0x8068,0x8068,0x8068,0x8068,0x8068,0x8068,
  0x8068,0x8068,0x8068,0x8068,0x8068,0x8069,0x8068,0x8069,0x8069,0x8089,0x8089,0x8069,0x8089,0x8089,0x8089,0x8089,
  0x8089,0x8089,0x8089,0x8069,0x80CC,0x8069,0x808A,0x88ED,0x808A,0x808A,0x808A,0x808A,0x808A,0x8069,0x9591,0x9991,
  0x9DB2,0x9DB2,0x9570,0x9170,0xA9F3,0xA9F4,0xB654,0x80AC,0x80AC,0x80AC,0x80CD,0x80CD,0x80AC,0x80CD,0x80CD,0x80EE,
  0x80AB,0x80CD,0x80CD,0x80AD,0x80AC,0x956B,0x9D8B,0x9D8A,0x9D8A,0xAA11,0xB255,0x998A,0x998B,0xAE33,0xB235,0x9149,
  0x914A,0x914A,0x8D2C,0x80CD,0x890C,0x850B,0x914B,0x80CE,0x80EE,0x8530,0xA1EE,0x95AF,0x8531,0x894F,0x918D,0x8930,
  0x850F,0xAE50,0xA1F0,0xA1EE,0xAE74,0xAA73,0xBEFB,0xBADA,0xB299,0xBEDB,0xCB1D,0xCB1C,0x9658,0x8A37,0xB71D,0xBADC,
  0xCB5F,0xCB5F,0xEFFF,0xB79F,0x879F,0x829F,0x821F,0x8199,0x8135,0x80F1,0x80AD,0x808B,0x808A,0x808A,0x8067,0x8046,
  0x8066,0x8066,0x8046,0x8047,0x8023,0x8023,0x8023,0x8003,0x8024,0x8023,0x8023,0x8023,0x8023,0x8022,0x8002,0x8002,
  0x8002,0x8002,0x8002,0x8022,0x8002,0x8002,0x8002,0x8002,0x8002,0x8002,0x8002,0x8002,0x8002,0x8002,0x8002,0x8001,
  0x8002,0x8002,0x8022,0x8002,0x8022,0x8002,0x8002,0x8022,0x8022,0x8002,0x8022,0x8022,0x8022,0x8023,0x8002,0x8022,
  0x8022,0x8022,0x8022,0x8023,0x8022,0x8023,0x8022,0x8022,0x8022,0x8023,0x8023,0x8023,0x8023,0x8022,0x8022,0x8022,
  0x8023,0x8024,0x8024,0x8002,0x8002,0x8002,0x8002,0x8023,0x8045,0x8002,0x8002,0x8022,0x8024,0x8045,0x8045,0x8043,
  0x8464,0x8465,0x8864,0x9C81,0xA4C1,0x8863,0x8862,0x8863,0x8443,0x8863,0x8863,0x8043,0x8863,0x8463,0xB901,0x8843,
  0x8863,0x8443,0x8044,0x8003,0x8002,0x8023,0x8043,0x8002,0x8002,0x8023,0x8044,0x8064,0x8065,0x9CA2,0x8465,0x8044,
  0x8002,0x8023,0x8002,0x8002,0x8002,0x8002,0x8002,0x8002,0x8045,0x8045,0x8002,0x8002,0x8002,0x8001,0x8066,0x8065,
  0x8043,0x8067,0x8066,0x8043,0x8044,0x8066,0x8046,0x8024,0x8067,0x8087,0x8067,0x8066,0x8044,0x8044,0x8066,0x8066,
  0x8087,0x8087,0x8067,0x8067,0x8066,0x8066,0x8044,0x8066,0x8067,0x8067,0x8045,0x8002,0x8002,0x8002,0x8002,0x8002,
  0x8002,0x8002,0x8002,0x8023,0x8023,0x8002,0x8022,0x8023,0x8047,0x8003,0x8045,0x8047,0x8045,0x8023,0x8002,0x8002,
  0x8025,0x8046,0x8025,0x8024,0x8067,0x94C3,0x98C3,0xB501,0xA8C2,0x9CA2,0x98A2,0x90A3,0x8463,0x8043,0x8064,0x8044,
  0x8064,0x8464,0x8023,0x8023,0x8023,0x8024,0x8023,0x8065,0x8483,0x8484,0x8084,0x8084,0x8084,0x8065,0x8065,0x8044,
  0x9083,0xF261,0x9881,0x8863,0x8863,0x8024,0x8025,0x8465,0x8464,0x9062,0xD542,0x8467,0x8046,0x8046,0x8024,0x8024,
  0x8045,0x8066,0x8046,0x8863,0x8882,0x8045,0x8024,0x8444,0xDDE1,0x8863,0x8464,0x8064,0x8883,0x90C4,0x98E4,0x8064,
  0x8044,0x8044,0x8485,0x88A5,0x88A5,0x8066,0x8025,0x8024,0x8023,0x8023,0x8023,0x8023,0x8023,0x8023,0x8024,0x8024,
  0x8024,0x8024,0x8024,0x8024,0x8024,0x8024,0x8024,0x8024,0x8024,0x8024,0x8024,0x8045,0x8066,0x8046,0x8024,0x8024,
  0x8024,0x8024,0x8024,0x8024,0x8023,0x8464,0x8024,0x8024,0x8024,0x8024,0x8045,0x8045,0x8045,0x8045,0x8045,0x8025,
  0x8045,0x8025,0x8046,0x8045,0x8024,0x8025,0x8025,0x8025,0x8045,0x8045,0x8045,0x8045,0x8045,0x8045,0x8045,0x8025,
  0x8024,0x8024,0x8088,0x8045,0x8044,0x8045,0x84EC,0x890C,0x84EC,0x8068,0x84CA,0x84CC,0x80AB,0x80AB,0x80CB,0x88EC,
  0x8D2E,0x8089,0x8089,0x8088,0x8067,0x8024,0x84EB,0x80CA,0x84CA,0x84CA,0x84CA,0x84CB,0x88EB,0x88EC,0x994E,0x9D6F,
  0x84CB,0x88EC,0x912E,0x9570,0x956F,0x916F,0x80CC,0x9191,0x8067,0x8067,0x8067,0x8068,0x8068,0x8068,0x8068,0x8068,
  0x8068,0x8068,0x8068,0x8068,0x8068,0x8068,0x8068,0x8068,0x8068,0x8068,0x8068,0x8068,0x8068,0x8068,0x8068,0x8068,
  0x8068,0x8068,0x8068,0x8068,0x8068,0x8068,0x8068,0x8089,0x8069,0x8069,0x8069,0x8089,0x8089,0x8069,0x8069,0x8089,
  0x8069,0x8089,0x8089,0x8089,0x808A,0x8089,0x808A,0x9150,0x9DD2,0x808A,0x8089,0x808A,0x808A,0x808A,0x890F,0x850F,
  0x99B2,0x9DB2,0x9DB2,0x8930,0xA5F4,0xAA15,0x892F,0x8D2F,0x80AC,0x80AC,0x80CD,0x80CD,0x80CD,0x80CD,0x80CD,0x80CD,
  0x80CD,0x80CD,0x80CD,0x80CD,0x80AD,0x80CC,0x84EB,0x80EB,0x9D8A,0x9D8B,0xB256,0xB256,0x9548,0x998A,0xAE35,0x958C,
  0x956A,0x958B,0x998B,0x80CC,0x80CD,0x998A,0x916B,0x80EE,0x80EF,0x8950,0xAA0E,0x8550,0x918F,0x918E,0x894F,0x9170,
  0x8931,0xAE50,0xBAB9,0xB6D7,0x916D,0xB6B5,0xAE72,0xA230,0xBAB9,0xC31C,0xCB1D,0xC71D,0xC71D,0x8DF3,0x9A56,0xBEFD,
  0xC31D,0xCF5F,0xCF5F,0xEFDF,0xCBFF,0x833F,0x823E,0x819B,0x8158,0x8114,0x80F0,0x80CF,0x80AC,0x808A,0x8089,0x8067,
  0x8066,0x8066,0x8046,0x8046,0x8045,0x8023,0x8023,0x8023,0x8023,0x8024,0x8023,0x8023,0x8023,0x8023,0x8022,0x8002,
  0x8002,0x8002,0x8002,0x8022,0x8002,0x8002,0x8002,0x8002,0x8002,0x8002,0x8002,0x8002,0x8002,0x8002,0x8001,0x825A,
  0x8002,0x8022,0x8002,0x8022,0x8002,0x8002,0x8022,0x8002,0x8002,0x8022,0x8022,0x8023,0x8022,0x8022,0x8022,0x8022,
  0x8022,0x8023,0x8022,0x8022,0x8022,0x8022,0x8023,0x8022,0x8022,0x8022,0x8022,0x8023,0x8022,0x8002,0x8022,0x8022,
  0x8023,0x8024,0x8024,0x8024,0x8002,0x8002,0x8002,0x8002,0x8023,0x8002,0x8002,0x8002,0x8045,0x8045,0x8045,0xA0A1,
  0xA8A1,0xACA0,0x9882,0xD181,0x9483,0x8883,0x8863,0x8863,0x8862,0x8042,0x8463,0x8023,0x8043,0x8043,0x8463,0x9042,
  0x8883,0x8864,0x8463,0x8464,0x8043,0x8023,0x9062,0x8022,0x8002,0x8002,0x8023,0x8064,0x8484,0x8884,0x8484,0x8065,
  0x8044,0x8045,0x8046,0x8024,0x8023,0x8002,0x8002,0x8002,0x8002,0x8002,0x8002,0x8002,0x8001,0x8001,0x8065,0x8022,
  0x8066,0x8067,0x8066,0x8043,0x8043,0x8066,0x8067,0x8045,0x8024,0x8067,0x8067,0x8067,0x8066,0x8065,0x8066,0x8044,
  0x8065,0x8067,0x8067,0x8066,0x8066,0x8066,0x8065,0x8043,0x8023,0x8067,0x8088,0x8002,0x8022,0x8002,0x8002,0x8002,
  0x8002,0x8002,0x8002,0x8002,0x8024,0x8023,0x8002,0x8003,0x8023,0x8023,0x8024,0x8068,0x8067,0x8024,0x8002,0x8002,
  0x8023,0x8024,0x8046,0x8025,0x8068,0x94C4,0x8CA4,0x8C84,0xE201,0xA881,0x98A2,0x90A3,0x8C83,0x8C83,0x8483,0x8483,
  0x8063,0x8065,0x8023,0x8023,0x8023,0x8024,0x8023,0x8023,0x8064,0x8084,0x8484,0x8063,0x8C83,0x8883,0x8464,0x8464,
  0x8864,0x8C84,0x8C83,0x8863,0x8863,0x8464,0x8024,0x8024,0x8485,0x8065,0x8465,0x9043,0x8046,0x8046,0x8046,0x8046,
  0x8024,0x8046,0x8046,0x8066,0x8003,0x8024,0x8046,0x8046,0x8465,0xBD01,0x90A5,0x8CA4,0x8CA3,0x9CE4,0xA0E3,0x8CA4,
  0x8CA4,0x8066,0x8047,0x8046,0x8065,0xA0C1,0x8067,0x8023,0x8023,0x8023,0x8023,0x8023,0x8023,0x8068,0x8024,0x8024,
  0x8024,0x8024,0x8024,0x8024,0x8024,0x8023,0x8023,0x8023,0x8024,0x8023,0x8024,0x8023,0x8024,0x8067,0x8067,0x8024,
  0x8045,0x8045,0x8024,0x8023,0x8023,0x8024,0x8045,0x8024,0x8024,0x8045,0x8045,0x8045,0x8045,0x8045,0x8045,0x8024,
  0x8025,0x8025,0x8025,0x8024,0x8024,0x8024,0x8024,0x8025,0x8025,0x8045,0x8045,0x8045,0x8045,0x8045,0x8045,0x8045,
  0x8024,0x8024,0x80AA,0x8089,0x8024,0x8024,0x8488,0x84EB,0x84A8,0x890D,0x84ED,0x80EC,0x80AB,0x8044,0x80AB,0x80CB,
  0x80CB,0x84EC,0x8088,0x8089,0x80AA,0x8024,0x8023,0x80CA,0x80CA,0x84CB,0x84CB,0x84CB,0x88EC,0x88EC,0x88EC,0x88EC,
  0x88EC,0x88EC,0x8066,0x88AA,0x956F,0x9D90,0x80EC,0x956F,0x8067,0x8067,0x8067,0x8068,0x8068,0x8068,0x8068,0x8068,
  0x8068,0x8068,0x8068,0x8068,0x8068,0x8068,0x8068,0x8068,0x8068,0x8068,0x8068,0x8068,0x8068,0x8068,0x8068,0x8068,
  0x8068,0x8068,0x8068,0x8068,0x8068,0x8068,0x8068,0x8068,0x8068,0x8068,0x8069,0x8069,0x8069,0x8069,0x8069,0x8069,
  0x8089,0x8089,0x8089,0x8089,0x8069,0x9591,0x8069,0x9591,0x9591,0x9DB2,0x808A,0x808A,0x808B,0x808B,0x808A,0x9592,
  0x9592,0x9571,0xA9F3,0xA5F3,0x99B2,0xAE35,0xAA14,0xA5F3,0xAA14,0x890F,0x80CD,0x80CD,0x80CD,0x80CD,0x80CD,0x80CD,
  0x80CD,0x80CD,0x80CD,0x80CD,0x80CD,0x80CD,0x80CD,0x80CD,0x912C,0x998B,0x9DAD,0x996B,0xA9F2,0x998B,0x956A,0xBA96,
  0x9DAC,0x958B,0x998B,0x998A,0x84CC,0x80EB,0x958C,0x80EE,0x810F,0xA1EC,0x80EE,0x810F,0x8530,0x958E,0x918E,0x8D6E,
  0x8D50,0x80F0,0x956C,0x810C,0x852E,0x8551,0xB6B2,0xCB17,0x9DF0,0xA610,0xCB1C,0xB276,0xC71D,0xAA78,0x9A36,0xBF1D,
  0xBAFD,0xC31E,0xCF5F,0xCF7F,0xEFFF,0x8AFF,0x837F,0x825F,0x81FE,0x8179,0x80F4,0x8113,0x80AE,0x80AC,0x808A,0x808A,
  0x80A9,0x8046,0x8046,0x8046,0x8045,0x8046,0x8023,0x8023,0x8023,0x8024,0x8023,0x8023,0x8023,0x8023,0x8022,0x8022,
  0x8023,0x8002,0x8023,0x8022,0x8002,0x8002,0x8002,0x8002,0x8002,0x8002,0x8002,0x8002,0x8002,0x8002,0x8022,0x8022,
  0x8022,0x8002,0x8022,0x8022,0x8002,0x8002,0x8022,0x8022,0x8022,0x8022,0x8022,0x8002,0x8022,0x8002,0x8022,0x8022,
  0x8022,0x8022,0x8022,0x8002,0x8022,0x8022,0x8023,0x8022,0x8022,0x8022,0x8023,0x8022,0x8022,0x8022,0x8022,0x8002,
  0x8024,0x8044,0x8023,0x8044,0x8002,0x8002,0x8002,0x8023,0x8002,0x8002,0x8002,0x8002,0x8045,0x8025,0x8045,0x9084,
  0xB4E1,0xC101,0xF6A3,0xB0A0,0x9C81,0x8863,0x8863,0x8443,0x8022,0x8863,0x8463,0x8023,0x8043,0x8064,0x8863,0xFEA1,
  0x8463,0x8863,0x8463,0x8463,0x8463,0x8443,0xB502,0x8443,0x8002,0x8002,0x8464,0x8064,0x8884,0x8884,0x8484,0x8022,
  0x8064,0x8045,0x8044,0x8024,0x8024,0x8023,0x8002,0x8002,0x8002,0x8024,0x8023,0x8001,0x8002,0x8001,0x8044,0x8044,
  0x8066,0x8066,0x8066,0x8066,0x8065,0x8067,0x8067,0x8067,0x8045,0x8067,0x8067,0x8067,0x8066,0x8066,0x8066,0x8044,
  0x8022,0x8066,0x8023,0x8066,0x8066,0x8066,0x8065,0x8044,0x8023,0x8043,0x8087,0x8088,0x8002,0x8003,0x8067,0x8003,
  0x8002,0x8002,0x8002,0x8002,0x8023,0x8003,0x8002,0x8002,0x8002,0x8003,0x8002,0x8024,0x8067,0x8046,0x8023,0x8002,
  0x8002,0x8046,0x8046,0x8067,0x8487,0x90A3,0x8C84,0x8885,0x8444,0x8C63,0x8863,0x8043,0x8043,0x9482,0xD980,0x8C83,
  0x8883,0x8023,0x8023,0x8023,0x8023,0x8044,0x8044,0x8023,0x8002,0x8044,0x8023,0x8884,0x8883,0x8883,0x8463,0x8464,
  0x8464,0xDDA1,0x8863,0x8863,0x8464,0x8483,0x8043,0x8004,0x8024,0x8045,0x8066,0x9062,0x8045,0x8046,0x8046,0x8046,
  0x8046,0x8046,0x8046,0x8002,0x8024,0x8024,0x8046,0x8045,0x8045,0x8045,0x8045,0x8485,0xB502,0xD9A2,0x94A3,0x8CA3,
  0x8884,0x8026,0x8026,0x8486,0x88A5,0x8485,0x8025,0x8023,0x8023,0x8023,0x8023,0x8067,0x8023,0x8067,0x8067,0x8024,
  0x8068,0x8024,0x8024,0x8023,0x8024,0x8023,0x8023,0x8023,0x8024,0x8024,0x8023,0x8024,0x8024,0x8024,0x8067,0x8067,
  0x8024,0x8045,0x8045,0x8023,0x8023,0x8024,0x8024,0x8024,0x8024,0x8024,0x8045,0x8025,0x8045,0x8045,0x8045,0x8045,
  0x8025,0x8025,0x8024,0x8025,0x8025,0x8025,0x8045,0x8025,0x8045,0x8045,0x8045,0x8045,0x8045,0x8045,0x8025,0x8045,
  0x8045,0x8045,0x80AA,0x80AA,0x8046,0x8045,0x8068,0x88EC,0x88EB,0x84CB,0x80CB,0x80CC,0x80AA,0x8024,0x80AA,0x80AA,
  0x80CA,0x84CB,0x8002,0x8088,0x80A9,0x80AA,0x8024,0x8024,0x80AA,0x8068,0x80CC,0x80CC,0x8089,0x88EC,0x88EC,0x88EC,
  0x88CB,0x84CB,0x84CA,0x84AA,0x84CA,0x9971,0x892E,0x8088,0x8068,0x8067,0x8067,0x8067,0x8067,0x8088,0x8068,0x8068,
  0x8068,0x8068,0x8068,0x8068,0x8068,0x8068,0x8068,0x8068,0x8068,0x8068,0x8068,0x8068,0x8068,0x8068,0x8068,0x8068,
  0x8068,0x8068,0x8068,0x8068,0x8068,0x8068,0x8068,0x8068,0x8068,0x8068,0x8069,0x8069,0x8069,0x8069,0x8089,0x8069,
  0x8089,0x8089,0x8089,0x8089,0x8089,0x810E,0x80AA,0x8068,0x8069,0x99B2,0x8D2E,0x8069,0x808A,0x80AB,0x808B,0x80CC,
  0x8D2F,0x8D2F,0xA1B2,0xA1D2,0xA9F4,0xAA14,0xAA14,0x84EE,0x9570,0xA9F3,0x80CD,0x80CD,0x80CD,0x80CC,0x80AC,0x80CD,
  0x80CD,0x80CD,0x80CD,0x80CD,0x80CD,0x80CD,0x80CD,0x80CD,0x80CC,0x956A,0x954A,0x914A,0x996A,0xA611,0x998A,0x956B,
  0xB254,0xB233,0x996B,0x996A,0x8D2A,0x8D2B,0x852C,0x958B,0x958B,0x80ED,0xA5CC,0x956D,0x8930,0x8530,0x918E,0x918D,
  0x8D6E,0x8110,0x956D,0x958C,0x812E,0x8151,0x99EF,0xB272,0xA631,0xA230,0xCB3D,0xC2FB,0xBEDB,0xCF1D,0xAA98,0x9E59,
  0xB6DC,0xB6DD,0xBEFD,0xCF5F,0xCB5F,0xEFBF,0xB7BF,0x82FF,0x823F,0x81BC,0x8179,0x8114,0x80F1,0x80AF,0x80AD,0x808A,
  0x8068,0x8089,0x8046,0x8046,0x8045,0x8045,0x8024,0x8023,0x8023,0x8024,0x8089,0x8023,0x8023,0x8023,0x8002,0x8023,
  0x8022,0x8023,0x8023,0x8023,0x8002,0x8002,0x8002,0x8002,0x8002,0x8002,0x8002,0x8002,0x8002,0x8002,0x8022,0x8002,
  0x8002,0x8023,0x8002,0x8022,0x8002,0x8022,0x8022,0x8022,0x8002,0x8022,0x8002,0x8022,0x8022,0x8022,0x8022,0x8022,
  0x8022,0x8022,0x8022,0x8002,0x8022,0x8022,0x8023,0x8023,0x8023,0x8022,0x8023,0x8022,0x8022,0x8022,0x8022,0x8002,
  0x8023,0x8023,0x8024,0x8044,0x8002,0x8002,0x8023,0x8023,0x8002,0x8002,0x8023,0x8024,0x8002,0x8002,0x8045,0x8045,
  0x9062,0xA840,0xFBB9,0xE180,0xB4C0,0xB0C1,0xA082,0x8043,0x8043,0x8863,0x8863,0x8443,0x8443,0x8C83,0x9083,0x8463,
  0x8842,0x8862,0x8862,0x8443,0x8462,0x9482,0x8043,0x8044,0x8002,0x8003,0x8463,0x9482,0xB501,0x8C83,0x8883,0x8022,
  0x8043,0x8065,0x8002,0x8002,0x8045,0x8023,0x8002,0x8002,0x8002,0x8045,0x8023,0x8002,0x8002,0x8002,0x8044,0x8044,
  0x8066,0x8066,0x8023,0x8065,0x8067,0x8067,0x8067,0x8067,0x8002,0x8067,0x8067,0x8067,0x8067,0x8044,0x8065,0x8044,
  0x8044,0x8046,0x8045,0x8023,0x8066,0x8066,0x8066,0x8066,0x8087,0x8086,0x8066,0x8087,0x8002,0x8023,0x8067,0x8023,
  0x8002,0x8002,0x8002,0x8003,0x8002,0x8002,0x8023,0x8023,0x8002,0x8002,0x8002,0x8003,0x8089,0x8024,0x8002,0x8022,
  0x8002,0x8023,0x8046,0x8066,0x9CC2,0x98C3,0x8864,0x8465,0x8465,0xE624,0x8023,0x8043,0x8042,0x8442,0x94A2,0x9083,
  0x8463,0x8023,0x8023,0x8023,0x8023,0x8023,0x8043,0x8023,0x8002,0x8023,0x8023,0x8464,0x8464,0x8463,0x8883,0x8883,
  0x8864,0x8843,0x8463,0x8044,0x8045,0x8484,0x8463,0x8003,0x8003,0x8024,0x8046,0x8463,0x8067,0x8067,0x8046,0x8024,
  0x8046,0x8046,0x8046,0x8046,0x8046,0x8046,0x8046,0x8046,0x8045,0x8045,0x8045,0x8485,0x8864,0x8C84,0x90A3,0x8CA4,
  0x8C84,0x8465,0x8046,0x8CA5,0x8885,0x8465,0x8025,0x8023,0x8023,0x8023,0x8045,0x8067,0x8023,0x8044,0x8065,0x8045,
  0x8068,0x8067,0x8023,0x8023,0x8023,0x8024,0x8024,0x8023,0x8023,0x8024,0x8024,0x8024,0x8024,0x8024,0x8024,0x8024,
  0x8024,0x8024,0x8067,0x8045,0x8024,0x8024,0x8024,0x8024,0x8024,0x8024,0x8066,0x8024,0x8024,0x8024,0x8024,0x8025,
  0x8024,0x8025,0x8025,0x8025,0x8045,0x8045,0x8025,0x8025,0x8045,0x8045,0x8045,0x8045,0x8045,0x8045,0x8045,0x8045,
  0x8045,0x8025,0x80CB,0x80CB,0x80AA,0x84CB,0x84EC,0x88EC,0x88EB,0x84EC,0x80CB,0x8024,0x8046,0x8024,0x8045,0x8088,
  0x80CA,0x80CA,0x80AA,0x8088,0x80AA,0x8088,0x8025,0x8045,0x8046,0x8067,0x80CB,0x80CC,0x80AA,0x84CB,0x88EC,0x88EC,
  0x88EC,0x84CB,0x84CB,0x84CB,0x84CB,0x9DB2,0x9992,0x808A,0x8D4F,0x8068,0x8067,0x8047,0x8067,0x810E,0x810E,0x8068,
  0x8068,0x8068,0x8068,0x8068,0x8068,0x8068,0x8068,0x8068,0x8068,0x8068,0x8068,0x8068,0x8068,0x8068,0x8068,0x8068,
  0x8068,0x8068,0x8068,0x8068,0x8068,0x8068,0x8068,0x8068,0x8068,0x8068,0x8068,0x8069,0x8068,0x8069,0x8069,0x8089,
  0x8089,0x8069,0x8089,0x8089,0x808A,0x8530,0x80ED,0x84CB,0x914F,0x9991,0x956F,0x956F,0x9150,0x808B,0x808A,0x890D,
  0x80AB,0x8D2F,0x9150,0x9DB2,0x9DB2,0xAA14,0xAA14,0xA1D3,0x80EE,0xA5F3,0x80CD,0x80CD,0x80AC,0x80AC,0x80AC,0x80AC,
  0x80AD,0x80CD,0x80CD,0x80CD,0x80CD,0x80CD,0x80CD,0x80CD,0x80CD,0x8D2C,0x956A,0x914A,0xA1EE,0xA1CE,0x998A,0x998B,
  0xAA12,0xAE32,0x996A,0x998A,0x914A,0x892B,0x850C,0x916A,0x916A,0x8D2B,0x956B,0x99AC,0x8510,0x8530,0x916D,0x918D,
  0x918D,0x918E,0x894F,0x95AE,0x95AD,0x8571,0x99F0,0xA232,0x9DF0,0xAE53,0xBAB8,0xC2FC,0xC71C,0xCB1C,0xCB3D,0x9258,
  0x9258,0xAEDC,0xBAFD,0xBEFD,0xCF7F,0xD77F,0xEBDF,0x871F,0x831F,0x829F,0x817C,0x817A,0x80F3,0x8113,0x80AD,0x808B,
  0x808A,0x80AB,0x8067,0x8067,0x8066,0x8046,0x8046,0x8023,0x8023,0x8023,0x8023,0x8023,0x8023,0x8023,0x8023,0x8023,
  0x8002,0x8023,0x8024,0x8003,0x8002,0x8002,0x8002,0x8002,0x8002,0x8002,0x8002,0x8002,0x8002,0x8002,0x8022,0x8022,
  0x8022,0x8022,0x8022,0x8022,0x8002,0x8022,0x8022,0x8022,0x8022,0x8022,0x8002,0x8023,0x8022,0x8022,0x8022,0x8022,
  0x8023,0x8022,0x8022,0x8022,0x8022,0x8022,0x8022,0x8002,0x8022,0x8022,0x8022,0x8022,0x8022,0x8002,0x8002,0x8022,
  0x8002,0x8022,0x8023,0x8002,0x8002,0x8045,0x8045,0x8023,0x8002,0x8002,0x8024,0x8024,0x8024,0x8024,0x8045,0x8045,
  0x9483,0x9C82,0x9C82,0xF640,0xA482,0x8022,0x8023,0x8023,0x8023,0x8442,0xEDA0,0x8443,0x9C81,0x94A3,0x9083,0x8C63,
  0x8C62,0x9062,0x9461,0x9461,0x9482,0x8422,0x8023,0x8023,0x8044,0x8044,0x8883,0x8C83,0xA881,0x9082,0x8883,0x8483,
  0x8043,0x8064,0x8023,0x8002,0x8024,0x8023,0x8044,0x8002,0x8002,0x8024,0x8023,0x8002,0x8001,0x8044,0x8066,0x8067,
  0x8066,0x8066,0x8067,0x8067,0x8067,0x8066,0x8066,0x8024,0x8002,0x8023,0x8067,0x8067,0x8067,0x8044,0x8044,0x8023,
  0x8044,0x8066,0x8066,0x8065,0x8066,0x8066,0x8065,0x8066,0x8087,0x8087,0x8066,0x8066,0x8087,0x8067,0x8066,0x8044,
  0x8002,0x8067,0x8088,0x8002,0x8002,0x8002,0x8023,0x8023,0x8002,0x8002,0x8023,0x8002,0x8003,0x8003,0x8002,0x8002,
  0x8025,0x8046,0x8024,0x8045,0x8863,0x8862,0x8464,0x8045,0x8024,0x8045,0x8043,0x8843,0x9C81,0x8C82,0x8C83,0x94C4,
  0x8463,0x8023,0x8023,0x8023,0x8485,0x8484,0x8463,0x8063,0x8023,0x8045,0x8024,0x8004,0x8004,0x8483,0x8483,0x8883,
  0x9883,0xACC1,0x8863,0x8044,0x8025,0x8044,0x8064,0x8024,0x8025,0x8046,0x8046,0x8065,0x8067,0x8046,0x8045,0x8024,
  0x8002,0x8045,0x8067,0x8067,0x8024,0x8024,0x8046,0x8046,0x8023,0x8046,0x8046,0x8485,0x8485,0x88A5,0xDE22,0x90A5,
  0x90A5,0x8CA5,0x8465,0x98C5,0x8024,0x8024,0x8025,0x8046,0x8023,0x8003,0x8023,0x8067,0x8065,0x8084,0x8484,0x8044,
  0x8023,0x8067,0x8023,0x8024,0x8023,0x8023,0x8024,0x8023,0x8023,0x8024,0x8024,0x8024,0x8024,0x8024,0x8024,0x8024,
  0x8023,0x8024,0x8024,0x8024,0x8024,0x8024,0x8024,0x8024,0x8024,0x8044,0x8046,0x8024,0x8024,0x8024,0x8024,0x8045,
  0x8025,0x8045,0x8045,0x8045,0x8045,0x8045,0x8045,0x8045,0x8045,0x8045,0x8045,0x8045,0x8045,0x8045,0x8045,0x8024,
  0x8046,0x8024,0x8046,0x80CB,0x8046,0x8046,0x8089,0x84CB,0x84EB,0x84EC,0x84EB,0x80CB,0x8024,0x8023,0x8023,0x8023,
  0x8024,0x80CC,0x80EC,0x80CB,0x80CB,0x80CB,0x8046,0x8046,0x8046,0x8046,0x8067,0x80AB,0x80AB,0x84CA,0x88CB,0x8CEC,
  0x910D,0x88CB,0x84CB,0x84CB,0x84CC,0x912E,0xA1D2,0x914E,0x9170,0x84A9,0x8067,0x8067,0x8047,0x8046,0x810E,0x914F,
  0x8089,0x8067,0x8067,0x8068,0x8067,0x8068,0x8067,0x8068,0x8068,0x8068,0x8068,0x8068,0x8068,0x8068,0x8068,0x8068,
  0x8068,0x8068,0x8068,0x8068,0x8068,0x8068,0x8068,0x8068,0x8068,0x8068,0x8068,0x8068,0x8068,0x8069,0x8089,0x8069,
  0x8069,0x8069,0x8089,0x8089,0x8089,0x8089,0x8089,0x8D70,0x852E,0x892F,0x9571,0x9991,0x9991,0x9DB1,0x808A,0x80AB,
  0x892E,0x9150,0x8D50,0x9150,0x9991,0xB214,0xA5F3,0xAA35,0xAA14,0x9592,0xA5F4,0xA1F4,0x80CD,0x80CC,0x80CC,0x80AC,
  0x80AC,0x80CD,0x80CD,0x80CD,0x80CD,0x80CD,0x80CD,0x80CD,0x80CD,0x80CD,0x956A,0x954A,0x916A,0x9DAD,0x956C,0x998C,
  0xA5D0,0xB275,0x956A,0x956A,0x958B,0x998D,0x892C,0x914A,0x8D4B,0x914B,0x914B,0xA1CC,0x810F,0x8530,0x852F,0x918E,
  0x814E,0x854F,0x8550,0x8550,0xA60C,0x8550,0x8131,0x9192,0x95D1,0xA5F0,0xA20F,0xAA33,0xC2FC,0xC71D,0xC71D,0xC31D,
  0xC71D,0x8618,0xB2DC,0xBEFD,0xBAFD,0xCF5F,0xCF7F,0xE7DF,0xB79F,0x831F,0x825F,0x81FE,0x8138,0x8114,0x80F2,0x80CE,
  0x808A,0x808A,0x8046,0x8067,0x8045,0x8046,0x8046,0x8024,0x8024,0x8023,0x8023,0x8023,0x8023,0x8023,0x8023,0x8023,
  0x8023,0x8023,0x8023,0x8003,0x8002,0x8002,0x8002,0x8002,0x8002,0x8002,0x8022,0x8002,0x8002,0x8022,0x8002,0x8022,
  0x8022,0x8022,0x8002,0x8022,0x8022,0x8023,0x8022,0x8022,0x8002,0x8022,0x8002,0x8022,0x8022,0x8022,0x8022,0x8022,
  0x8022,0x8022,0x8022,0x8022,0x8022,0x8022,0x8022,0x8022,0x8022,0x8022,0x8022,0x8022,0x8022,0x8002,0x8002,0x8022,
  0x8002,0x8002,0x8023,0x8002,0x8002,0x8045,0x8045,0x8002,0x8002,0x8002,0x8045,0x8045,0x8045,0x8023,0x8025,0x8045,
  0x8C64,0x9883,0x8843,0x9882,0x9881,0x8023,0x8024,0x8023,0x8023,0x8022,0xB0E2,0x8442,0xB0C1,0xA0C2,0x8C83,0x9063,
  0x9C81,0xA081,0x9C82,0x9CA2,0x9861,0x9062,0x8023,0x8043,0x8043,0x8863,0x8883,0x8C83,0xA4A2,0x8C84,0x8443,0x8463,
  0x8063,0x8064,0x8044,0x8002,0x8023,0x8044,0x8044,0x8002,0x8002,0x8002,0x8066,0x8085,0x8044,0x8064,0x8066,0x8066,
  0x8067,0x8067,0x8066,0x8067,0x8066,0x8066,0x8045,0x8002,0x8023,0x8044,0x8065,0x8066,0x8066,0x8043,0x8043,0x8023,
  0x8044,0x8065,0x8066,0x8067,0x8066,0x8067,0x8022,0x8066,0x8066,0x8067,0x8067,0x8067,0x8067,0x8066,0x8066,0x8066,
  0x8002,0x8089,0x8088,0x8002,0x8002,0x8002,0x8022,0x8022,0x8002,0x8023,0x8002,0x8022,0x8002,0x8002,0x8002,0x8002,
  0x8068,0x8047,0x8047,0x8024,0x8002,0x8064,0x8464,0x8024,0x8024,0x8864,0x8864,0x9C82,0xA480,0x94A3,0x8C84,0x98A3,
  0xA4C1,0x8063,0x8464,0x8044,0x8064,0x8064,0x8064,0x8064,0x8043,0x8065,0x8045,0x8024,0x8024,0x8484,0x8C83,0x8C62,
  0xE1E2,0x9462,0x8C63,0x8883,0x8883,0x8883,0x8023,0x8024,0x8025,0x8024,0x8046,0x8047,0x8046,0x8024,0x8025,0x8023,
  0x8002,0x8003,0x8067,0x8067,0x8003,0x8003,0x8045,0x8046,0x8046,0x8046,0x8066,0x8066,0x8485,0x8885,0x8886,0x9485,
  0x9C82,0x9CA3,0x9CA3,0x9CC4,0xA0A3,0x8025,0x8025,0x8046,0x8025,0x8024,0x8003,0x8044,0x84A5,0x8483,0xA0C1,0x8085,
  0x8064,0x8043,0x8065,0x8024,0x8024,0x8024,0x8023,0x8023,0x8024,0x8024,0x8024,0x8024,0x8024,0x8024,0x8024,0x8024,
  0x8023,0x8023,0x8024,0x8024,0x8024,0x8024,0x8024,0x8023,0x8024,0x8024,0x8046,0x8024,0x8045,0x8024,0x8024,0x8045,
  0x8045,0x8025,0x8045,0x8025,0x8025,0x8045,0x8025,0x8045,0x8024,0x8024,0x8045,0x8045,0x8025,0x8045,0x8044,0x8024,
  0x8046,0x8045,0x8045,0x8088,0x8047,0x8045,0x8046,0x80CB,0x84CB,0x84CB,0x84CC,0x84CB,0x8088,0x80A9,0x80ED,0x8024,
  0x8025,0x80AA,0x80CC,0x8089,0x80AB,0x80CC,0x8089,0x8046,0x8046,0x8045,0x8045,0x8089,0x80AA,0x8089,0x84CA,0x8067,
  0x8D0D,0x8D0D,0x88ED,0x84CB,0x84CC,0x88EC,0x9D70,0x9970,0x954F,0x8D2E,0x9DD2,0x8068,0x8067,0x8067,0x8068,0x9991,
  0x912E,0x8047,0x8067,0x8067,0x8067,0x8068,0x8068,0x8068,0x8068,0x8068,0x8068,0x8068,0x8068,0x8068,0x8068,0x8068,
  0x8068,0x8068,0x8068,0x8068,0x8068,0x8068,0x8068,0x8068,0x8068,0x8068,0x8068,0x8068,0x8068,0x8069,0x8068,0x8069,
  0x8069,0x8069,0x8069,0x8069,0x8069,0x8068,0x8069,0x8D6F,0x808A,0x80CC,0x9150,0x9991,0x8D2E,0x914F,0x84ED,0x9570,
  0x9570,0x9150,0x8D2F,0x84ED,0x890E,0x890E,0x8D2F,0x99B1,0xAA14,0x9DD3,0x99B3,0x95B2,0x80CC,0x8D2F,0x80AC,0x80AC,
  0x80AC,0x80AC,0x80CD,0x80AD,0x80CD,0x80CC,0x80AC,0x80CC,0x80CD,0x80CD,0x956A,0x954A,0x914A,0x956B,0xA9EE,0x8D4A,
  0x9DAD,0xAE13,0x914A,0x998C,0xA5F2,0x998B,0x914A,0x8D2B,0x8D2B,0x8D2B,0x914B,0x916B,0x916B,0x8D4C,0x810F,0x80EF,
  0x894D,0x91AD,0x8550,0x8130,0x8130,0x812F,0x8110,0x8131,0xC6D8,0x95AE,0x9DEE,0xA211,0xBADC,0xBEFC,0xC2FD,0xB278,
  0xC71D,0x9238,0x8219,0xB6DC,0xBAFD,0xC31E,0xCB3E,0xCF7F,0xEBDF,0x831F,0x831F,0x825F,0x81BC,0x8179,0x80D2,0x80D0,
  0x80CF,0x80AC,0x808A,0x808A,0x8046,0x8045,0x8046,0x8045,0x8046,0x8044,0x8023,0x8023,0x8023,0x8023,0x8023,0x8023,
  0x8023,0x837E,0x8023,0x8023,0x8023,0x8002,0x8002,0x8022,0x8002,0x8002,0x8002,0x8022,0x8002,0x8002,0x8002,0x8002,
  0x8022,0x8022,0x8022,0x8022,0x8002,0x8022,0x8023,0x8022,0x8022,0x8002,0x8002,0x8022,0x8002,0x8022,0x8022,0x8022,
  0x8022,0x8022,0x8022,0x8022,0x8022,0x8022,0x8022,0x8022,0x8022,0x8022,0x8022,0x8002,0x8022,0x8002,0x8022,0x8022,
  0x8002,0x8002,0x8002,0x8002,0x8002,0x8023,0x8002,0x8002,0x8002,0x8002,0x8045,0x8045,0x8045,0x8025,0x8003,0x8023,
  0x8044,0x8864,0x8044,0x8043,0x9062,0x8043,0x8024,0x8024,0x8023,0x8002,0x8022,0x8043,0x8444,0x8044,0x8044,0x9483,
  0xC562,0xF1E0,0xF620,0xE5E1,0xA0A1,0x9062,0x8862,0x8463,0x8463,0x8863,0x8463,0x8463,0x9083,0x8C83,0x8023,0x8023,
  0x8024,0x8064,0x8064,0x8002,0x8002,0x8045,0x8045,0x8002,0x8084,0x8064,0x8084,0x8084,0x8065,0x8086,0x8064,0x8064,
  0x8066,0x8067,0x8065,0x8045,0x8066,0x8066,0x8066,0x8024,0x8045,0x8066,0x8066,0x8066,0x8066,0x8044,0x8044,0x8042,
  0x8066,0x8067,0x8066,0x8067,0x8087,0x8067,0x8066,0x8066,0x8066,0x8066,0x8066,0x8067,0x8067,0x8067,0x8066,0x8024,
  0x8002,0x8002,0x8088,0x8002,0x8023,0x8023,0x8023,0x8023,0x8023,0x8002,0x8002,0x8022,0x8002,0x8002,0x8002,0x8002,
  0x8023,0x8023,0x8067,0x8067,0x8023,0x8045,0x8065,0x8023,0x8043,0x9082,0x94A2,0xB0E2,0xF242,0x9882,0x8884,0x8863,
  0x8862,0x8863,0x8462,0x8043,0x8063,0x8064,0x8064,0x8484,0x88A4,0x88A4,0x8463,0x8463,0x8863,0x8C63,0x9882,0x9C82,
  0x9CA2,0x9482,0x9062,0x8883,0x8C84,0x88A4,0x8023,0x8024,0x8024,0x8002,0x8002,0x8046,0x8046,0x8002,0x8045,0x8024,
  0x8002,0x8002,0x8046,0x8067,0x8046,0x8002,0x8002,0x8002,0x8066,0x8046,0x8067,0x8067,0x8C84,0x9084,0x8C84,0x8C64,
  0xBD02,0xA4A3,0xACA2,0xB0E3,0x8C64,0x8865,0x8025,0x8025,0x8046,0x8025,0x8003,0x8023,0x8064,0x90A4,0x8C84,0x84A5,
  0x8024,0x8023,0x8065,0x8067,0x8066,0x8025,0x8045,0x8024,0x8024,0x8024,0x8023,0x8024,0x8024,0x8024,0x8024,0x8024,
  0x8024,0x8023,0x8024,0x8024,0x8024,0x8024,0x8024,0x8024,0x8024,0x8024,0x8024,0x8024,0x8066,0x8044,0x8024,0x8045,
  0x8045,0x8025,0x8045,0x8045,0x8045,0x8045,0x8025,0x8025,0x8045,0x8024,0x8045,0x8045,0x8045,0x8045,0x8044,0x8044,
  0x8024,0x8045,0x8045,0x8045,0x8045,0x8045,0x8045,0x80CB,0x80CA,0x8088,0x84CB,0x84CB,0x80CB,0x8046,0x8024,0x8025,
  0x8045,0x8045,0x8045,0x80CC,0x8046,0x80AA,0x80AB,0x8069,0x8024,0x8046,0x8024,0x8024,0x8046,0x80CB,0x80AA,0x8067,
  0x890D,0x8D2E,0x954F,0x84EC,0x88CB,0x954F,0x9D90,0x9D90,0x8D0D,0x956F,0x9570,0x8047,0x8067,0x8067,0x8047,0x9590,
  0x9570,0x88EC,0x84CB,0x8068,0x8068,0x8067,0x8068,0x8068,0x8068,0x8068,0x8068,0x8068,0x8068,0x8068,0x8068,0x8068,
  0x8067,0x8068,0x8068,0x8068,0x8068,0x8068,0x8068,0x8068,0x8068,0x8068,0x8068,0x8068,0x8068,0x8068,0x8068,0x8068,
  0x8068,0x8068,0x8068,0x8068,0x8068,0x8068,0x8068,0x8D70,0x8069,0x8047,0x912F,0x914F,0x912F,0x890E,0x9990,0x9991,
  0x9DB2,0xA1D2,0x88ED,0x808A,0x88EE,0x890E,0x8D2F,0xA1D2,0xA5F3,0xA5F3,0x850E,0x9571,0x808B,0xA5F3,0x88ED,0x80AC,
  0x80AC,0x80AC,0x80AC,0x80AC,0x80AC,0x80CD,0x8D2B,0x956A,0x80AC,0x80CC,0x956A,0x914B,0x912A,0x912A,0x914A,0x912A,
  0x912A,0xAA10,0x8D2A,0xA5F2,0xA5F2,0x998B,0x916B,0x80AD,0x914B,0x890B,0x8D4A,0x914A,0x956B,0x9DAB,0x80CF,0x80EE,
  0x810E,0x810D,0x916C,0x812F,0x8130,0x918D,0x8110,0x8131,0xB671,0xA20F,0x9DED,0x95AD,0xAE74,0xA211,0xC71D,0xAE55,
  0xA256,0xCF1C,0xA259,0x89D7,0xBADC,0xB6DC,0xBADD,0xC73E,0xCF5F,0xE7DF,0x935F,0x837F,0x821F,0x819D,0x8158,0x8116,
  0x80CF,0x80AD,0x808A,0x808A,0x8047,0x8088,0x8046,0x8046,0x8046,0x8023,0x8066,0x8023,0x8023,0x8023,0x8023,0x8023,
  0x8023,0x8022,0x8023,0x8023,0x8022,0x8002,0x8002,0x8002,0x8002,0x8002,0x8002,0x8002,0x8022,0x8022,0x8022,0x8022,
  0x8022,0x8022,0x8022,0x8022,0x8002,0x8022,0x8022,0x8022,0x8002,0x8022,0x8023,0x8022,0x8022,0x8002,0x8022,0x8022,
  0x8022,0x8023,0x8022,0x8002,0x8023,0x8022,0x8022,0x8002,0x8022,0x8022,0x8022,0x8022,0x8022,0x8022,0x8022,0x8022,
  0x8002,0x8002,0x8002,0x8002,0x8002,0x8023,0x8002,0x8002,0x8002,0x8002,0x8002,0x8044,0x8045,0x8024,0x8002,0x8023,
  0x8443,0x8465,0x8024,0x8023,0x8043,0x8464,0x8024,0x8024,0x8024,0x8002,0x8001,0x8044,0x8045,0x8025,0x8044,0x9462,
  0xA0A2,0xFF2A,0xFFFF,0xE1A0,0x9C81,0x9062,0x8C62,0x8863,0x8863,0x8463,0x8463,0x8463,0x8863,0x8863,0x8884,0x8023,
  0x8023,0x8002,0x8023,0x8002,0x8002,0x8002,0x8002,0x8002,0x8022,0x8084,0x8084,0x8485,0x8485,0x8045,0x8065,0x8085,
  0x8066,0x8066,0x8066,0x8066,0x8044,0x8043,0x8066,0x8066,0x8066,0x8066,0x8066,0x8066,0x8066,0x8067,0x8066,0x8067,
  0x8067,0x8066,0x8067,0x8067,0x8067,0x8066,0x8044,0x8045,0x8066,0x8066,0x8023,0x8067,0x8067,0x8067,0x8066,0x8044,
  0x8002,0x8002,0x8002,0x8068,0x8067,0x8023,0x8002,0x8002,0x8002,0x8002,0x8023,0x8023,0x8002,0x8002,0x8002,0x8022,
  0x8022,0x8002,0x8022,0x8023,0x8002,0x8023,0x8066,0x8067,0x8464,0xA4A0,0xB900,0x9483,0x8C63,0x8C63,0x8863,0x8443,
  0x8043,0x8463,0x8883,0x9462,0xA8A0,0x8464,0x8465,0x8064,0x8884,0x8CA3,0x8463,0x8863,0x9482,0x9462,0xA0A2,0xB0C2,
  0xFB66,0xA4A2,0x9482,0x8463,0x8464,0x8464,0x8024,0x8023,0x8003,0x8002,0x8002,0x8002,0x8002,0x8023,0x8023,0x8023,
  0x8024,0x8023,0x8002,0x8002,0x8002,0x8002,0x8002,0x8002,0x8002,0x8046,0x8066,0x8046,0x8047,0x94A4,0x9884,0x9CA4,
  0xA4A3,0xFFB1,0xFEA0,0xA4C4,0x9085,0x8C85,0x8445,0x8466,0x8023,0x8025,0x8044,0x8044,0x8064,0x8465,0x8463,0x8044,
  0x8046,0x8024,0x8023,0x8045,0x8045,0x8046,0x8067,0x8024,0x8024,0x8023,0x8023,0x8023,0x8024,0x8024,0x8024,0x8024,
  0x8023,0x8024,0x8024,0x8024,0x8024,0x8024,0x8024,0x8024,0x8024,0x8024,0x8024,0x8024,0x8023,0x8067,0x8087,0x8067,
  0x8045,0x8045,0x8045,0x8045,0x8045,0x8045,0x8045,0x8024,0x8044,0x8044,0x8024,0x8045,0x8045,0x8045,0x8044,0x8025,
  0x8045,0x8045,0x8045,0x8044,0x8045,0x8046,0x8045,0x80AA,0x8066,0x8023,0x84EC,0x84EC,0x84EC,0x8045,0x8025,0x8045,
  0x8045,0x8045,0x8025,0x8045,0x8045,0x8045,0x8089,0x8089,0x808A,0x80AA,0x8023,0x8024,0x8067,0x8089,0x84CC,0x850D,
  0x890E,0x914E,0x956F,0x910D,0x910D,0x8D0D,0x954E,0x9D90,0x9D90,0x80AA,0x914F,0x914E,0x8047,0x8047,0x8067,0x8088,
  0x912E,0x9570,0x8D0D,0x8068,0x8067,0x80ED,0x8069,0x8068,0x8067,0x8067,0x8068,0x8067,0x8068,0x8068,0x8068,0x8068,
  0x8068,0x8068,0x8068,0x8068,0x8068,0x8068,0x8068,0x8068,0x8068,0x8069,0x8068,0x8068,0x8068,0x8068,0x8068,0x8068,
  0x8068,0x8068,0x8068,0x8068,0x8068,0x8068,0x8068,0x8068,0x80AB,0x8068,0x9991,0x914F,0x84ED,0x890D,0x850E,0x9D91,
  0x9DB1,0x9DB1,0x80CC,0x80CB,0x890E,0x890F,0x892F,0x9DB2,0xA1D2,0x9DB1,0x9DB1,0xA1D3,0xA1D2,0x80AB,0xA9F3,0x80AC,
  0x80AC,0x80CC,0x80AC,0x80AC,0x80AC,0x80CD,0x80CC,0x8D2B,0x956A,0x956A,0x956A,0x954A,0xA1AB,0x912B,0x912A,0x8D2A,
  0x8D2A,0x914A,0xA1D1,0x88E9,0x998B,0x998B,0x998B,0x80CD,0x80AD,0x956A,0x8D4B,0x80CD,0x99AB,0x916C,0x956C,0x998C,
  0x916C,0x892D,0x8D4D,0x894E,0x812F,0x8550,0x8130,0x8550,0xA60F,0xA62E,0x810F,0x916E,0x896C,0xB6B5,0xBF1D,0xC31D,
  0x91D1,0xB6FC,0xBEDC,0x8E18,0xC31E,0xBF1D,0xB6DC,0xC73E,0xCF7F,0xD79F,0xE7BF,0x877F,0x831F,0x821E,0x817B,0x8179,
  0x8114,0x80D0,0x80AE,0x808A,0x808A,0x808A,0x8046,0x8046,0x8046,0x8024,0x8045,0x8024,0x8023,0x8002,0x8023,0x8045,
  0x8023,0x8023,0x8023,0x8023,0x8023,0x8002,0x8002,0x8002,0x8022,0x8002,0x8002,0x8022,0x8002,0x8022,0x8022,0x8022,
  0x8002,0x8022,0x8002,0x8002,0x8022,0x8022,0x8022,0x8022,0x8022,0x8022,0x8023,0x8023,0x8022,0x8022,0x8022,0x8022,
  0x8022,0x8023,0x8022,0x8023,0x8022,0x8022,0x8023,0x8002,0x8022,0x8022,0x8023,0x8022,0x8002,0x8022,0x8022,0x8022,
  0x8002,0x8002,0x8002,0x8002,0x8002,0x8024,0x8023,0x8002,0x8002,0x8002,0x8002,0x8002,0x8023,0x8023,0x8022,0x8023,
  0x8861,0x8044,0x8023,0x8002,0x8022,0x8046,0x8045,0x8045,0x8025,0x8025,0x8024,0x8001,0x8045,0x8465,0x8444,0x9C82,
  0xA4A2,0xE160,0xF1E0,0xC500,0x9882,0xEA01,0x8C41,0x8842,0x8842,0x8842,0x8C62,0x9061,0x8442,0x8863,0x9CA2,0x8443,
  0x8443,0x8064,0x8023,0x8023,0x8002,0x8023,0x8024,0x8002,0x8002,0x8484,0x8485,0x8485,0x8485,0x8085,0x8485,0x8463,
  0x8463,0x8024,0x8045,0x8044,0x8064,0x8065,0x8065,0x8066,0x8066,0x8066,0x8066,0x8066,0x8066,0x8087,0x8067,0x8067,
  0x8087,0x8044,0x8044,0x8002,0x8067,0x8067,0x8066,0x8066,0x8066,0x8066,0x8066,0x8002,0x8066,0x8087,0x8066,0x8066,
  0x8045,0x8023,0x8002,0x8068,0x8088,0x8002,0x8002,0x8002,0x8002,0x8002,0x8023,0x8022,0x8022,0x8002,0x8003,0x8023,
  0x8002,0x8002,0x8002,0x8002,0x8002,0x8002,0x8003,0x8025,0x8024,0x8C63,0x94A3,0x8864,0x8C64,0x9861,0x8C84,0x8443,
  0x8043,0x8464,0x8863,0x8C63,0x8863,0x8864,0x8444,0x8465,0x8065,0x8044,0x8863,0x8C83,0x9083,0x8843,0x8C63,0xA8C3,
  0xBD21,0xACC2,0xA881,0x8C83,0x8CA4,0x8CA4,0x8464,0x8003,0x8023,0x8023,0x8003,0x8022,0x8023,0x8023,0x8023,0x8023,
  0x8023,0x8023,0x8023,0x8023,0x8022,0x8023,0x8002,0x8002,0x8002,0x8001,0x8046,0x8047,0x8047,0x8488,0x90A6,0xA4A4,
  0xA083,0xFBFE,0xFFEB,0x9CA4,0x8C64,0x9064,0x8445,0x8045,0x8045,0x8464,0x8C63,0x8443,0x8464,0x8864,0x8044,0x8045,
  0x8024,0x8024,0x8023,0x8046,0x8024,0x8045,0x8046,0x8046,0x8024,0x8023,0x8023,0x8023,0x8023,0x8023,0x8024,0x8024,
  0x8024,0x8024,0x8024,0x8024,0x8024,0x8024,0x8024,0x8024,0x8024,0x8024,0x8024,0x8024,0x8044,0x8087,0x8087,0x8045,
  0x8045,0x8045,0x8025,0x8024,0x8025,0x8024,0x8025,0x8045,0x8024,0x8025,0x8024,0x8024,0x8045,0x8045,0x8045,0x8045,
  0x8045,0x8045,0x8024,0x8024,0x8024,0x8044,0x8046,0x8045,0x8045,0x8024,0x8024,0x80ED,0x8046,0x8045,0x8045,0x8024,
  0x8024,0x8024,0x8024,0x8046,0x8024,0x8024,0x8024,0x8089,0x80AA,0x80CB,0x80AA,0x8088,0x8045,0x8089,0x8024,0x8067,
  0x84CA,0x912E,0x912E,0x84CB,0x88EB,0x84CB,0x84CB,0x912E,0x9D90,0x954F,0x914F,0x956F,0x8D2D,0x8047,0x8047,0x8046,
  0x8067,0x88EC,0x914E,0x88EB,0x8047,0x8047,0x890D,0x84CA,0x8067,0x8067,0x8067,0x8067,0x8067,0x8067,0x8068,0x8068,
  0x8067,0x8068,0x8068,0x8068,0x8068,0x8068,0x8068,0x8068,0x8068,0x8068,0x8068,0x8068,0x8068,0x8068,0x8068,0x8068,
  0x8068,0x8068,0x8068,0x8068,0x8068,0x8068,0x8068,0x8068,0x80CE,0x808B,0x9592,0x8069,0x8089,0x850E,0x84ED,0x8D50,
  0x9DB2,0x80CD,0x9570,0x892F,0x8D0F,0x8D2F,0x890E,0x890E,0xA1D2,0x84ED,0x9150,0xA5D3,0x9DB2,0x9DB2,0x9DB2,0x912F,
  0x80CC,0x80CC,0x80AC,0x80AB,0x80AC,0x80AC,0x80CC,0x956A,0x954A,0x954A,0x914A,0x912A,0x914A,0x914B,0x914B,0x914B,
  0x912A,0x914A,0x956A,0x956A,0x956A,0x956A,0x998B,0x956B,0x80AD,0x80AD,0x8D2C,0x80CD,0x8D4B,0x996C,0x9D8B,0x80CD,
  0x80ED,0x894D,0x916C,0x99AC,0x812F,0x8150,0x896F,0x896F,0x894E,0x95CE,0x8110,0x852F,0x958C,0x9DCD,0xA611,0xBAFC,
  0xBEFB,0x91D0,0x8D8D,0xB6DC,0xBEFD,0xC31D,0xC31D,0xB6DC,0xBF1E,0xCB5F,0xC73F,0xE3DF,0x9B9F,0x875F,0x823F,0x81FF,
  0x8179,0x80F3,0x80D1,0x80AE,0x808A,0x8089,0x8068,0x8089,0x8067,0x8066,0x8046,0x8045,0x8045,0x8068,0x8024,0x8046,
  0x8067,0x8023,0x8023,0x8023,0x8023,0x8002,0x8002,0x8002,0x8002,0x8002,0x8002,0x8002,0x8002,0x8002,0x8022,0x8022,
  0x8022,0x8022,0x8002,0x8002,0x8022,0x8023,0x8022,0x8022,0x8023,0x8023,0x8023,0x8023,0x8022,0x8022,0x8022,0x8022,
  0x8022,0x8023,0x8022,0x8022,0x8022,0x8023,0x8022,0x8022,0x8022,0x8022,0x8023,0x8022,0x8002,0x8022,0x8002,0x8022,
  0x8002,0x8002,0x8002,0x8002,0x8002,0x8023,0x8023,0x8023,0x8002,0x8002,0x8002,0x8002,0x8023,0x8023,0x8002,0x8022,
  0x8043,0x8043,0x8045,0x8002,0x8002,0x8045,0x8045,0x8023,0x8025,0x8025,0x8025,0x8023,0x8024,0x8045,0x8C63,0x9482,
  0x9462,0xA081,0xA4A2,0xB4E1,0x8C62,0x8C42,0x8443,0x8C42,0x8842,0xC562,0x9001,0x8C41,0x8442,0x8442,0x9062,0x8463,
  0x8463,0x8064,0x8064,0x8044,0x8023,0x8023,0x8024,0x8044,0x8002,0x8044,0x8085,0x8485,0x8485,0x8085,0x8884,0x8C83,
  0x8463,0x8023,0x8023,0x8044,0x8064,0x8064,0x8065,0x8045,0x8066,0x8066,0x8066,0x8066,0x8066,0x8067,0x8087,0x8087,
  0x8088,0x8065,0x8022,0x8067,0x8067,0x8067,0x8066,0x8066,0x8066,0x8046,0x8066,0x8002,0x8002,0x8002,0x8045,0x8066,
  0x8002,0x8002,0x8002,0x8024,0x8068,0x8022,0x8002,0x8022,0x8002,0x8002,0x8023,0x8002,0x8002,0x8023,0x8023,0x8024,
  0x8002,0x8002,0x8002,0x8002,0x8002,0x8002,0x8002,0x8002,0x8024,0x8045,0x8045,0x8465,0x8885,0x9882,0x94A4,0x8463,
  0x8043,0x8043,0x8863,0x8863,0x8463,0x8463,0xACE3,0x8464,0x8064,0x8043,0x8883,0x8842,0x90A3,0xEDE1,0x8C84,0x8C83,
  0x94A3,0x94A3,0xC921,0x8C62,0x8883,0x90A3,0x8884,0x8064,0x8004,0x8065,0x8046,0x8023,0x8023,0x8023,0x8023,0x8023,
  0x8023,0x8023,0x8023,0x8023,0x8023,0x8003,0x8022,0x8024,0x8046,0x8001,0x8025,0x8047,0x8067,0x8088,0x8088,0x8465,
  0x8C64,0xD982,0x9863,0x9063,0xDDE3,0xB4C1,0xBCA0,0x8465,0x8465,0x8863,0x8C63,0x8C84,0x8C84,0xA082,0x8465,0x8066,
  0x8046,0x8024,0x8024,0x8024,0x8045,0x8025,0x8045,0x8046,0x8046,0x8024,0x8024,0x8023,0x8024,0x8023,0x8024,0x8024,
  0x8024,0x8024,0x8024,0x8024,0x8024,0x8024,0x8024,0x8024,0x8024,0x8024,0x8024,0x8024,0x8024,0x8024,0x8088,0x8087,
  0x8044,0x8024,0x8024,0x8024,0x8024,0x8024,0x8024,0x8045,0x8024,0x8025,0x8044,0x8045,0x8045,0x8045,0x8024,0x8045,
  0x8045,0x8045,0x8045,0x8045,0x8045,0x8024,0x8024,0x8024,0x8024,0x8024,0x8045,0x80ED,0x80CC,0x8045,0x8045,0x8024,
  0x8024,0x8024,0x8024,0x8045,0x8024,0x8024,0x8067,0x8068,0x8024,0x80CB,0x80CA,0x84CB,0x84CB,0x84CB,0x80AA,0x8045,
  0x80AA,0x8D0D,0x8D0D,0x954D,0x88CB,0x84CC,0x88EC,0x914E,0x8D0D,0xA5D1,0x914E,0x9590,0x914F,0x84EC,0x8047,0x852E,
  0x8047,0x80AA,0x8D2E,0x9990,0x8046,0x8046,0x8D2D,0x890C,0x8067,0x8067,0x8067,0x8067,0x8067,0x8067,0x8068,0x8068,
  0x8068,0x8067,0x8068,0x8068,0x8068,0x8068,0x8068,0x8068,0x8068,0x8068,0x8068,0x8068,0x8068,0x8068,0x8068,0x8068,
  0x8068,0x8068,0x8068,0x8068,0x8068,0x8068,0x8068,0x8069,0x8089,0x8068,0x8048,0x80AB,0x8069,0x8530,0x850F,0x810F,
  0x9DB2,0x8D50,0x850F,0x80EE,0x9150,0x912F,0x88ED,0x84ED,0xA1B2,0x80CD,0x84ED,0x9570,0xA1D2,0x9570,0x9DB2,0x9991,
  0x9DB2,0x80CC,0x80CC,0x80AB,0x80AC,0x80AC,0x80AB,0x80CB,0x914A,0x914A,0x914B,0x914A,0x914A,0x914B,0x84EC,0x914B,
  0x914A,0x914B,0x956A,0x956A,0x956A,0x956B,0x80AC,0x80AC,0x80AD,0x80CD,0x80CC,0x916B,0x956B,0xA5CB,0x9DAB,0x80CD,
  0x80CD,0x80ED,0x852D,0x99AC,0x854E,0xAA0D,0x812F,0x812F,0x894D,0x95AD,0x812F,0x8130,0x812F,0x854E,0xB676,0xAE78,
  0xBEDB,0xA255,0x91AF,0x854F,0xBADB,0xB6DB,0xBAFC,0xBAFC,0xB2DC,0xC73E,0xCF5F,0xD79F,0xDFDF,0xAF9F,0x82BF,0x823F,
  0x817B,0x8158,0x80F2,0x80D0,0x80CE,0x808A,0x808A,0x808A,0x8067,0x8046,0x8066,0x8046,0x8045,0x8023,0x8023,0x8023,
  0x8023,0x8023,0x8023,0x8023,0x8022,0x8023,0x8002,0x8002,0x8023,0x8002,0x8023,0x8002,0x8002,0x8022,0x8022,0x8022,
  0x8022,0x8002,0x8002,0x8002,0x8002,0x8022,0x8022,0x8023,0x8023,0x8023,0x8023,0x8023,0x8022,0x8022,0x8002,0x8002,
  0x8023,0x8022,0x8002,0x8002,0x8022,0x8022,0x8022,0x8022,0x8023,0x8002,0x8022,0x8022,0x8022,0x8022,0x8022,0x8022,
  0x8002,0x8023,0x8002,0x8002,0x8002,0x8002,0x8002,0x8023,0x8002,0x8002,0x8002,0x8002,0x8002,0x8044,0x8002,0x8002,
  0x8001,0x8001,0x8044,0x8001,0x8001,0x8002,0x8046,0x8002,0x8002,0x8045,0x8025,0x8045,0x8024,0x8024,0x8444,0x8863,
  0x8442,0x8842,0x9881,0x9C81,0x9062,0x8443,0x8443,0x8024,0x8842,0x8843,0x8842,0x8022,0x8023,0x8863,0x9062,0xA8A1,
  0xA0A1,0x8463,0x8463,0x8063,0x8063,0x8044,0x8043,0x8064,0x8483,0x8484,0x8484,0x8884,0x94A3,0x94A3,0x8CA4,0x8465,
  0x8044,0x8045,0x8023,0x8023,0x8022,0x8064,0x8064,0x8023,0x8024,0x8067,0x8086,0x8066,0x8066,0x8065,0x8065,0x8065,
  0x8067,0x8067,0x8067,0x8067,0x8067,0x8002,0x8002,0x8002,0x8002,0x8066,0x8066,0x8024,0x8067,0x8066,0x8002,0x8024,
  0x8066,0x8067,0x8067,0x8067,0x8024,0x8003,0x8045,0x8024,0x8023,0x8023,0x8023,0x8023,0x8002,0x8022,0x8023,0x8002,
  0x8002,0x8002,0x8045,0x8002,0x8002,0x8002,0x8002,0x8045,0x8003,0x8002,0x8045,0x8045,0x8045,0x8843,0xFFE3,0x8C83,
  0x8883,0x8C63,0x8862,0x8463,0x8043,0x8463,0x8863,0x8C63,0x8C83,0x8C63,0x8843,0xFA40,0x8863,0x8863,0x8863,0x8883,
  0x8C83,0x8463,0x8463,0x8C83,0x8C84,0x90A3,0x90A4,0x8CA4,0x88A4,0x8084,0x8066,0x8046,0x8024,0x8023,0x8023,0x8023,
  0x8024,0x8023,0x8002,0x8002,0x8002,0x8002,0x8002,0x8002,0x8068,0x8068,0x8025,0x8023,0x8045,0x8067,0x8066,0x9484,
  0xEA21,0x9483,0x9C82,0x8C63,0x8863,0x8464,0x8044,0x8066,0x8044,0x9C81,0xEE42,0xA462,0xB0A1,0x8C64,0x9484,0x9483,
  0x8465,0x8045,0x8465,0x8465,0x8045,0x8466,0x9482,0x8045,0x8045,0x8046,0x8024,0x8023,0x8024,0x8024,0x8045,0x8024,
  0x8024,0x8024,0x8024,0x8024,0x8024,0x8024,0x8024,0x8024,0x8024,0x8024,0x8024,0x8024,0x8024,0x8024,0x8088,0x8087,
  0x8066,0x8023,0x8067,0x8024,0x8024,0x8024,0x8024,0x8024,0x8024,0x8024,0x8024,0x8024,0x8025,0x8024,0x8045,0x8045,
  0x8045,0x8045,0x8024,0x8025,0x8045,0x8024,0x8045,0x8045,0x8045,0x8024,0x80CD,0x80AB,0x80AA,0x8067,0x8089,0x8045,
  0x8045,0x8024,0x8024,0x8024,0x8024,0x8024,0x8089,0x8067,0x8025,0x8045,0x80CB,0x84CB,0x8068,0x88EB,0x8D0D,0x8023,
  0x8045,0x8025,0x84CA,0x88CB,0x88CB,0x84AA,0x84CB,0x88ED,0x88EC,0x996F,0x9990,0x80AA,0x9570,0x956F,0x8046,0x810E,
  0x8067,0x8068,0x88CC,0x9170,0x84A9,0x8047,0x9190,0x84EC,0x8067,0x8067,0x8067,0x8067,0x8067,0x8067,0x8067,0x8068,
  0x8068,0x8068,0x8067,0x8068,0x8068,0x8068,0x8068,0x8068,0x8068,0x8068,0x8068,0x8068,0x8068,0x8067,0x852D,0x8068,
  0x8068,0x8068,0x8068,0x8068,0x8068,0x8068,0x8068,0x8068,0x8068,0x80AB,0x80CD,0x80CE,0x8068,0x8068,0x890E,0x9571,
  0xA1D2,0x808A,0x84ED,0x890D,0xA1B2,0x9D91,0x9D90,0x84ED,0x9991,0x9970,0x80CC,0x80ED,0x80ED,0x808B,0x9591,0xA1F3,
  0xA5F3,0x80AC,0x80EE,0x80CD,0x80AB,0x80AC,0x80CB,0x80CA,0x912A,0x890A,0x954A,0x8D0B,0x912A,0x912B,0x80CD,0x80CC,
  0x890B,0x8D4B,0x8D4B,0x914B,0x956C,0x80CD,0x80CD,0x80CD,0x8DB0,0x8D6F,0x80AD,0x914B,0x916A,0x956A,0x998B,0x80CC,
  0x80CD,0x80AD,0x850D,0x892C,0x916D,0x91AE,0x8D6F,0x810F,0x852F,0x852E,0x99CD,0x814F,0x812F,0x99CD,0x99AE,0x9DCF,
  0xC2FA,0xCB1B,0x9A14,0xBED9,0x8195,0x8174,0xB2BA,0xC31C,0xC31C,0xB2DC,0xBF1D,0xD79F,0xD7BF,0xE7DF,0x831F,0x82FF,
  0x823F,0x81BC,0x8138,0x80F3,0x808E,0x80AD,0x808A,0x8089,0x808A,0x8025,0x8067,0x8046,0x8046,0x8023,0x8024,0x8023,
  0x8023,0x8023,0x8023,0x8023,0x8023,0x8023,0x8023,0x8023,0x8003,0x8022,0x8022,0x8002,0x8023,0x8002,0x8002,0x8002,
  0x8002,0x8002,0x8002,0x8022,0x8022,0x8002,0x8023,0x8022,0x8022,0xD77C,0x8001,0x8023,0x8023,0x8023,0x8023,0x8023,
  0x8022,0x8023,0x8022,0x8022,0x8002,0x8022,0x8022,0x8022,0x8002,0x8002,0x8022,0x8023,0x8023,0x8022,0x8002,0x8023,
  0x8023,0x8023,0x8002,0x8002,0x8002,0x8002,0x8023,0x8024,0x8002,0x8002,0x8002,0x8002,0x8022,0x8045,0x8045,0x8022,
  0x8022,0x8022,0x8044,0x8002,0x8002,0x8045,0x8045,0x8002,0x8002,0x8002,0x8024,0x8045,0x8024,0x8024,0x8044,0x8044,
  0x8443,0x8442,0x8842,0x8863,0x9881,0x8443,0x8024,0x8024,0x8C62,0x8842,0x8443,0x8043,0x8043,0x8444,0x8863,0xB881,
  0xC8E1,0x8862,0x9082,0x8063,0x8063,0x8063,0x8064,0x8063,0x8463,0x8483,0x8484,0x98C3,0x94A3,0x98C3,0x8065,0x8485,
  0x8065,0x8066,0x8045,0x8023,0x8064,0x8064,0x8064,0x8065,0x8066,0x8067,0x8066,0x8044,0x8044,0x8065,0x8066,0x8067,
  0x8067,0x8067,0x8067,0x8067,0x8045,0x8023,0x8002,0x8002,0x8002,0x8002,0x8023,0x8024,0x8067,0x8023,0x8002,0x8002,
  0x8023,0x8066,0x8067,0x8067,0x8046,0x8023,0x8003,0x8046,0x8024,0x8023,0x8023,0x8003,0x8002,0x8002,0x8002,0x8002,
  0x8002,0x8002,0x8024,0x8023,0x8022,0x8002,0x8024,0x8046,0x8046,0x8025,0x8046,0x8045,0x8C84,0x8C63,0xA4A3,0x8C83,
  0x90A3,0x9482,0x94A3,0x9083,0x8863,0x8863,0x8863,0x8C63,0xC921,0x9881,0x8C63,0x8443,0x9082,0x8882,0x8063,0x8064,
  0x8064,0x8064,0x8064,0x8883,0x8C84,0xFEA1,0x90A4,0x8463,0x84A4,0x8084,0x8024,0x8025,0x8066,0x8023,0x8023,0x8023,
  0x8024,0x8023,0x8023,0x8023,0x8002,0x8002,0x8022,0x8002,0x8023,0x8024,0x8024,0x8024,0x8046,0x8066,0x8444,0x94A4,
  0x8C85,0x8865,0x9084,0xB4C2,0x8443,0x8444,0x8044,0x8045,0x8044,0x8843,0x8043,0x8044,0x8464,0x8864,0xCD61,0x9063,
  0x8864,0x8865,0x8866,0x8C64,0x9862,0x8044,0x8024,0x8045,0x8046,0x8046,0x8024,0x8023,0x8023,0x8044,0x8067,0x8024,
  0x8024,0x8024,0x8024,0x8024,0x8024,0x8024,0x8024,0x8024,0x8024,0x8024,0x8024,0x8024,0x8024,0x8024,0x8046,0x8067,
  0x8066,0x8067,0x8067,0x8045,0x8024,0x8024,0x8024,0x8024,0x8024,0x8024,0x8024,0x8024,0x8024,0x8024,0x8045,0x8024,
  0x8045,0x8044,0x8024,0x8025,0x8046,0x8024,0x8024,0x8045,0x8025,0x8024,0x8046,0x80AA,0x80AA,0x8024,0x8045,0x8046,
  0x8025,0x8045,0x8024,0x8024,0x8024,0x8024,0x8045,0x8089,0x8046,0x8046,0x80CB,0x80CC,0x80CB,0x80CB,0x88ED,0x80AA,
  0x8004,0x8024,0x8067,0x8067,0x88CB,0x84CB,0x88EC,0x88EC,0x88EC,0x84CB,0x8089,0x8089,0x88CB,0x956F,0x8088,0x8026,
  0x8046,0x8088,0x8D0D,0x914F,0x956F,0x8046,0x8088,0x8D4F,0x8068,0x8067,0x8068,0x8067,0x8067,0x8067,0x8067,0x8068,
  0x8068,0x8068,0x8068,0x8068,0x8068,0x8068,0x8068,0x8068,0x8068,0x8068,0x8068,0x8068,0x8068,0x8067,0x810E,0x8068,
  0x8068,0x8068,0x8068,0x8068,0x8068,0x8068,0x8068,0x8068,0x8068,0x8068,0x808A,0x80AC,0x808A,0x8069,0x84AB,0x9570,
  0x8069,0x808A,0x808A,0x84EC,0x996F,0xA1B2,0xA1B2,0xA1D2,0x9991,0xA1B2,0x80EE,0x8D50,0x808C,0x808B,0x80CC,0x9DB2,
  0x9DB2,0xA1D2,0xA5F4,0x80AC,0x80AC,0x80AB,0x80AB,0x80AB,0x88CB,0x914A,0x914A,0x84EB,0x912B,0x8D2B,0x80CD,0x80CD,
  0x84EB,0x912A,0x914B,0x914B,0x956B,0x84ED,0x80CD,0x80CD,0x80CD,0x8D6F,0x80CD,0x80CB,0x8D2B,0x890C,0x8D2C,0x916C,
  0x958C,0x80AD,0x80CD,0x80AD,0x80AC,0xBA6F,0x99AF,0xA1EF,0x8530,0x852F,0x918E,0x9DCD,0x812F,0x812F,0x810F,0xA1EE,
  0xAA0F,0xC71B,0xC31B,0xBEDA,0xC2FB,0x8174,0x8194,0xC2FC,0xC31C,0xAA9A,0xB2DC,0xBAFD,0xCB7F,0xD7BF,0xEBDF,0x877F,
  0x82BF,0x823F,0x8139,0x8138,0x80F3,0x80AF,0x80AD,0x8089,0x8089,0x80AB,0x8046,0x8067,0x8046,0x8047,0x8046,0x8023,
  0x8023,0x8023,0x80CB,0x8023,0x8023,0x8023,0x8023,0x8023,0x8002,0x8022,0x8022,0x8002,0x8022,0x8022,0x8022,0x8022,
  0x8022,0x8022,0x8022,0x8022,0x8002,0x8002,0x8022,0x8023,0x8023,0xB695,0x8002,0x8023,0x8023,0x8022,0x8022,0x8022,
  0x8022,0x8022,0x8002,0x8022,0x8022,0x8022,0x8023,0x8022,0x8022,0x8002,0x8023,0x8023,0x8022,0x8023,0x8022,0x8023,
  0x8023,0x8002,0x8022,0x8002,0x8002,0x8002,0x8002,0x8002,0x8023,0x8002,0x8002,0x8002,0x8045,0x8045,0x8066,0x8045,
  0x8045,0x8045,0x8022,0x8002,0x8024,0x8045,0x8024,0x8024,0x8001,0x8001,0x8002,0x8045,0x8045,0x8024,0x8045,0xB903,
  0xA881,0x8043,0x8024,0x8044,0x8C62,0x9062,0x8024,0x8024,0x8024,0x8443,0x8C63,0x8043,0x8023,0x8023,0x8023,0xA061,
  0xAC82,0x8443,0x8043,0x8043,0xB081,0xB4A1,0x8044,0x8064,0x9082,0xB8C1,0x8C83,0x9483,0xA4C3,0xA0A2,0x8464,0x8063,
  0x8064,0x8084,0x8066,0x8066,0x8065,0x8065,0x8064,0x8066,0x8066,0x8066,0x8023,0x8023,0x8066,0x8066,0x8066,0x8067,
  0x8067,0x8066,0x8066,0x8001,0x8066,0x8067,0x8045,0x8002,0x8002,0x8002,0x8002,0x8002,0x8003,0x8066,0x8001,0x8001,
  0x8045,0x8066,0x8025,0x8046,0x8002,0x8024,0x8067,0x8067,0x8046,0x8023,0x8045,0x8023,0x8002,0x8002,0x8002,0x8002,
  0x8002,0x8002,0x8045,0x8002,0x8023,0x8045,0x8045,0x8046,0x8046,0x8046,0x8045,0x9883,0x9483,0x8C63,0x8C63,0xBCE0,
  0x98A3,0x9CA3,0xB902,0x9483,0x9062,0x8C83,0xD181,0x8C62,0x8043,0x8863,0x8863,0x8023,0x8024,0x8C83,0x8883,0x8CA3,
  0x8044,0x8064,0x8064,0x8064,0x8463,0x8883,0x8884,0x8065,0x8484,0x8484,0x8084,0x8024,0x8046,0x8023,0x8023,0x8023,
  0x8023,0x8023,0x8023,0x8023,0x8023,0x8024,0x8023,0x8023,0x8002,0x8002,0x8067,0x8066,0x8465,0x9CC2,0x9881,0xD141,
  0x8464,0x8444,0x8024,0x8423,0xCD21,0x8043,0x8044,0x8045,0x8045,0x8045,0x8045,0x8045,0x8044,0x8864,0x8442,0xEA22,
  0x9463,0x9883,0x9C84,0xD583,0x9463,0x8844,0x8045,0x8024,0x8066,0x8066,0x8045,0x8024,0x8023,0x8024,0x8067,0x8024,
  0x8024,0x8024,0x8024,0x8024,0x8024,0x8024,0x8024,0x8024,0x8024,0x8024,0x8024,0x8024,0x8024,0x8024,0x8024,0x8067,
  0x8045,0x8024,0x8067,0x8067,0x8045,0x8024,0x8024,0x8024,0x8024,0x8024,0x8024,0x8024,0x8024,0x8024,0x8024,0x8044,
  0x8024,0x8024,0x8045,0x8045,0x8045,0x8044,0x8044,0x8046,0x8068,0x8046,0x8024,0x8046,0x8046,0x8025,0x8024,0x8089,
  0x8025,0x8025,0x8025,0x8044,0x8044,0x8024,0x8024,0x8045,0x8045,0x8024,0x8045,0x8088,0x80CC,0x80AB,0x80AA,0x8088,
  0x8024,0x8024,0x8047,0x80AA,0x80AA,0x8D0D,0x88EC,0x8D0C,0x912D,0x8D0C,0x88EB,0x8088,0x8047,0x8068,0x80ED,0x8045,
  0x890C,0x912E,0x8D0D,0x84AA,0x912D,0x912D,0x8CEB,0x8D2E,0x8068,0x8047,0x8D4F,0x914F,0x8047,0x8067,0x8067,0x8067,
  0x8068,0x8068,0x8068,0x8068,0x8068,0x8068,0x8068,0x8068,0x8068,0x8068,0x8068,0x8068,0x8068,0x8068,0x8068,0x8069,
  0x8069,0x892F,0x84CB,0x8069,0x8068,0x8069,0x8068,0x8068,0x8068,0x8068,0x8068,0x80AB,0x80AB,0x8068,0x8047,0x8D4F,
  0x80CD,0x80AC,0x808A,0x8089,0x8D2E,0x8D0D,0x914E,0x9DB1,0x9150,0xA9F4,0x9571,0x9DB2,0xA5F3,0x808B,0x808B,0x80AB,
  0x9570,0x8069,0xA1D3,0x80AB,0x80AB,0x80AB,0x84EB,0x88EB,0x806B,0x84CA,0x914A,0x8D2B,0x80CC,0x8D2C,0x80CD,0x80CC,
  0x8D2C,0x84EC,0x8D2B,0x914B,0x956B,0x956B,0x850B,0x80CC,0x80CC,0x892D,0x850D,0x914D,0x84ED,0x80CD,0x80CD,0x8D6C,
  0x956C,0x916C,0x80CD,0x80AD,0x80CD,0x80AD,0x998E,0xA1EE,0xAA2F,0x812F,0x8D4E,0x854E,0x896F,0x8151,0x8150,0xBA73,
  0xA5F0,0x9DAB,0xA610,0xBA98,0xBEDA,0x8DB3,0x8571,0x99F8,0xC2FC,0xC31A,0xAE99,0xB2DD,0xC31E,0xC75F,0xD39F,0xEFDF,
  0x833F,0x82FF,0x81FF,0x817B,0x8137,0x80B2,0x80CF,0x80AD,0x80AC,0x8069,0x8089,0x80AA,0x8067,0x8046,0x8066,0x8066,
  0x8024,0x8023,0x8024,0x8023,0x8023,0x8023,0x8023,0x8023,0x8023,0x8022,0x8023,0x8023,0x8023,0x8023,0x8022,0x8022,
  0x8002,0x8023,0x8022,0x8002,0x8002,0x8022,0x8022,0x8023,0x8023,0x8023,0x8023,0x8023,0x8023,0x8022,0x8022,0x8022,
  0x8022,0x8023,0x8022,0x8023,0x8022,0x8022,0x8022,0x8022,0x8022,0x8022,0x8023,0x8023,0x8023,0x8023,0x8022,0x8023,
  0x8002,0x8002,0x8022,0x8002,0x8002,0x8002,0x8002,0x8002,0x8002,0x8022,0x8022,0x8023,0x8002,0x8023,0x8045,0x8045,
  0x8046,0x8045,0x8024,0x8045,0x8045,0x8024,0x8024,0x8002,0x8001,0x8001,0x8045,0x8046,0x8043,0x8024,0x8044,0x8443,
  0x8444,0x8024,0x8024,0x8024,0x8045,0x8444,0x8464,0x8045,0x8024,0x8024,0x8443,0x8023,0x8023,0x8043,0x8023,0x8463,
  0x8863,0x8463,0x8443,0x8443,0x8043,0x8043,0x8064,0x8064,0x8863,0x9482,0x8C83,0xD1C3,0xEA02,0x9483,0x8884,0x8484,
  0x8484,0x8084,0x8085,0x8065,0x8065,0x8065,0x8064,0x8065,0x8066,0x8066,0x8044,0x8046,0x8066,0x8066,0x8066,0x8065,
  0x8065,0x8067,0x8066,0x8066,0x8066,0x8067,0x8024,0x8002,0x8002,0x8002,0x8002,0x8002,0x8002,0x8046,0x8002,0x8023,
  0x8046,0x8066,0x8003,0x8067,0x8067,0x8067,0x8046,0x8066,0x8045,0x8022,0x8045,0x8024,0x8023,0x8023,0x8002,0x8002,
  0x8002,0x8002,0x8025,0x8045,0x8444,0x8444,0x8045,0x8024,0x98A3,0x9CA4,0x9CA3,0x98A3,0x9083,0x8C83,0x9483,0xFFC2,
  0xA4C3,0xACC2,0xA8C2,0x9CA2,0xA081,0x9462,0xB0E1,0x8844,0x8863,0x8863,0x8863,0x8443,0x8024,0x8044,0x8464,0x8CA3,
  0x8464,0x8025,0x8045,0x8064,0x8464,0x8484,0x8084,0x8085,0x8044,0x84A4,0x8484,0x8023,0x8045,0x8023,0x8023,0x8023,
  0x8024,0x8023,0x8023,0x8023,0x8023,0x8024,0x8023,0x8023,0x8003,0x8002,0x8067,0x8066,0x8066,0x8065,0x8065,0x8065,
  0x8444,0x8C63,0x8024,0x8024,0x8023,0x8043,0x8044,0x8065,0x8065,0x8045,0x8045,0x8046,0x8045,0x8865,0x8864,0x8864,
  0xA0A3,0xB460,0xE203,0xB4A1,0x9064,0x8C64,0x8864,0x8046,0x8046,0x8066,0x8045,0x8023,0x8023,0x8024,0x8045,0x8024,
  0x8024,0x8044,0x8024,0x8024,0x8024,0x8024,0x8024,0x8024,0x8024,0x8024,0x8024,0x8024,0x8024,0x8024,0x8024,0x8045,
  0x8045,0x8024,0x8067,0x8067,0x8066,0x8046,0x8024,0x8024,0x8024,0x8024,0x8024,0x8024,0x8024,0x8024,0x8024,0x8024,
  0x8024,0x8024,0x8045,0x8024,0x8045,0x8045,0x8024,0x8045,0x8045,0x8045,0x8024,0x8024,0x8024,0x8023,0x8023,0x8024,
  0x8045,0x8024,0x8045,0x8025,0x8025,0x8025,0x8024,0x8045,0x8024,0x8024,0x8066,0x8068,0x80CC,0x808A,0x80AA,0x80AA,
  0x8024,0x8045,0x8089,0x80AB,0x80AB,0x808A,0x88CB,0x8D0D,0x912D,0x952E,0x954E,0x8068,0x8067,0x8068,0x80AA,0x80CC,
  0x80CC,0x84CB,0x912E,0x912E,0x954F,0x954F,0x912D,0x914F,0x8067,0x8067,0x8089,0x9170,0x8047,0x8067,0x8067,0x8068,
  0x8068,0x8068,0x8068,0x8068,0x8067,0x8068,0x8068,0x8068,0x8068,0x8068,0x8068,0x8068,0x8068,0x8068,0x8068,0x8068,
  0x808A,0x84ED,0x84AB,0x8069,0x8069,0x8068,0x8068,0x8068,0x8068,0x8068,0x8068,0x8068,0x8068,0x8068,0x80AA,0x8067,
  0x850E,0x80AC,0x8068,0x914F,0x8D0E,0x8D2E,0x912E,0xA1B1,0x9150,0x9991,0x9DB2,0x9171,0x9D92,0x8D0E,0x808A,0x808A,
  0x8D0E,0x84CC,0xA5F3,0x80AB,0x80CC,0x80CB,0x84EA,0x84EA,0x850A,0x892A,0x8D2A,0x914A,0x80CC,0x80CC,0x80CC,0x80CC,
  0x892D,0x892C,0x8D4B,0x914B,0x996B,0x954A,0x914A,0x914B,0x80CD,0x956D,0x956C,0x84ED,0x80CD,0x80CD,0x80CD,0x850D,
  0x80CC,0x956B,0x84EC,0x80AD,0x80CD,0x80CD,0x916B,0x99AB,0xAA31,0xAA34,0x8D90,0x958D,0x9DCD,0x8571,0x8570,0xBA99,
  0xA216,0xA1ED,0xA5ED,0xB254,0xBAB9,0x95CE,0xA1ED,0x8970,0xAA9A,0xC31A,0xC71A,0xB6FB,0xBAFD,0xC33E,0xCB5F,0xDB9F,
  0xE3DF,0x82FF,0x825F,0x81DE,0x8159,0x8137,0x80D0,0x80AF,0x80AD,0x808A,0x808A,0x8067,0x8066,0x8066,0x8046,0x8045,
  0x8024,0x8023,0x8023,0x8023,0x8023,0x8152,0x8003,0x8023,0x8023,0x8023,0x8023,0x8023,0x8023,0x8023,0x8023,0x8023,
  0x8022,0x8023,0x8022,0x8022,0x8022,0x8022,0x8022,0x8022,0x8022,0x8023,0x8023,0x8022,0x8023,0x8022,0x8022,0x8002,
  0x8022,0x8022,0x8023,0x8023,0x8022,0x8023,0x8023,0x8022,0x8022,0x8022,0x8022,0x8022,0x8023,0x8022,0x8022,0x8023,
  0x8002,0x8002,0x8002,0x8002,0x8022,0x8023,0x8002,0x8002,0x8002,0x8002,0x8002,0x8002,0x8002,0x8002,0x8045,0x8045,
  0x8045,0x8045,0x8024,0x8002,0x8045,0x8024,0x8002,0x8002,0x8002,0x8002,0x8046,0x8045,0x8045,0x8485,0x8484,0x9063,
  0x9062,0x8045,0x8025,0x8023,0x8024,0x8045,0x8464,0x8843,0x8024,0x8023,0x9062,0xACA0,0x8C42,0x8043,0x8043,0x8463,
  0x8863,0x9062,0x8463,0x8043,0x8043,0x8043,0x8043,0x8463,0x8463,0x8463,0x9CA1,0x9083,0x9063,0xF1A0,0x8863,0x8084,
  0x8084,0x8484,0x8084,0x8064,0x8085,0x8064,0x8002,0x8044,0x8066,0x8067,0x8066,0x8066,0x8066,0x8066,0x8065,0x8064,
  0x8065,0x8066,0x8066,0x8066,0x8066,0x8067,0x8045,0x8023,0x8002,0x8002,0x8022,0x8002,0x8002,0x8002,0x8002,0x8002,
  0x8066,0x8045,0x8002,0x8002,0x8066,0x8045,0x8001,0x8067,0x8067,0x8045,0x8023,0x8024,0x8024,0x8024,0x8024,0x8022,
  0x8002,0x8002,0x8002,0x8045,0x8066,0x8C63,0x8C63,0x8863,0x8444,0x8886,0x9CC4,0xA0A3,0x98A3,0xA0A2,0xACC1,0xB0E2,
  0xC921,0xCD42,0xA4C3,0xFAE4,0xA881,0x9462,0x8C63,0x8863,0x8043,0x8043,0x8863,0x8883,0x8024,0x8024,0x8044,0x8883,
  0x8483,0x8044,0x8044,0x8064,0x8064,0x8023,0x8045,0x8064,0x8043,0x8044,0x8002,0x8085,0x8066,0x8003,0x8066,0x8024,
  0x8023,0x8023,0x8023,0x8023,0x8023,0x8023,0x8023,0x8023,0x8023,0x8023,0x8068,0x8067,0x8024,0x8066,0x8066,0x8066,
  0x8024,0x8024,0x8045,0x8024,0x8004,0x9462,0x8464,0x8064,0x8065,0x8045,0x8024,0x8045,0x8065,0x8465,0x8C84,0x90A4,
  0x9CA3,0xD981,0xFFF7,0xA483,0x9063,0x8865,0x8865,0x8046,0x8046,0x8046,0x8024,0x8024,0x8023,0x8023,0x8024,0x8024,
  0x8064,0x8086,0x8025,0x8045,0x8045,0x8086,0x8025,0x8024,0x8024,0x8024,0x8024,0x8024,0x8024,0x8023,0x8023,0x8045,
  0x8045,0x8024,0x8024,0x8045,0x8067,0x8067,0x8024,0x8024,0x8024,0x8024,0x8024,0x8024,0x8024,0x8024,0x8024,0x8024,
  0x8024,0x8024,0x8024,0x8045,0x8024,0x8045,0x8024,0x8024,0x8025,0x8024,0x8024,0x8046,0x8067,0x8067,0x8089,0x8089,
  0x8045,0x8045,0x8045,0x8045,0x8045,0x8045,0x8045,0x8045,0x8024,0x8025,0x8045,0x8046,0x80CC,0x8047,0x8045,0x8088,
  0x80AA,0x8068,0x80AA,0x80AA,0x80AA,0x80AA,0x80CA,0x8D0D,0x954E,0x954E,0x954E,0x952E,0x80AA,0x80AA,0x8089,0x80A9,
  0x8067,0x80CB,0x80CC,0x9570,0x84ED,0x912E,0x9570,0x954F,0x954F,0x8089,0x8067,0x8089,0x8089,0x8047,0x8067,0x8067,
  0x8068,0x8068,0x8068,0x8067,0x8067,0x8068,0x8068,0x8068,0x8068,0x8068,0x8068,0x8068,0x8068,0x8068,0x8068,0x8068,
  0x80ED,0x808A,0x84ED,0x84AA,0x8068,0x8068,0x8068,0x8068,0x8068,0x8068,0x8068,0x8068,0x8068,0x8069,0x80CC,0x80AC,
  0x8069,0x8068,0x8048,0x8088,0x8D2E,0x8D2E,0x8D50,0x9150,0x9570,0x8D4F,0x9DB2,0x9150,0x850E,0x9D90,0x890D,0x8089,
  0x808A,0x8D2F,0x8D4F,0x80AB,0x80CC,0x80CB,0x80EB,0x80EA,0x850A,0x850A,0x80EA,0x890A,0x80CC,0x80CC,0x80CC,0x80CC,
  0x80CC,0x80CC,0x8D2B,0x8D2B,0x914A,0x914A,0x8D2B,0x956C,0x80EC,0x80CD,0x892D,0x850E,0x80AE,0x9DAC,0x80AD,0x80AC,
  0x80AC,0x914B,0x958B,0x80AB,0x80AD,0x80AD,0x84ED,0x8D4C,0xAE0F,0x958D,0x8992,0x918F,0x95AE,0x8970,0x8D6F,0x894E,
  0x8D6F,0x99AC,0xB298,0xA5F0,0xB6B8,0xA20F,0xA213,0x8990,0x95F1,0xAE97,0xCB3B,0xCB3C,0xB2DA,0xB6DC,0xCB5F,0xCF7F,
  0xE3BF,0xDFDF,0x835F,0x829F,0x81FF,0x817B,0x8137,0x80D1,0x80D0,0x80AD,0x808A,0x8089,0x8089,0x8067,0x8066,0x8045,
  0x8067,0x8066,0x8023,0x8023,0x8023,0x8023,0x8023,0x8023,0x8023,0x8023,0x8023,0x8023,0x8023,0x8023,0x8023,0x8022,
  0x8022,0x8022,0x8022,0x8022,0x8002,0x8022,0x8022,0x8022,0x8023,0x8022,0x8022,0x8022,0x8002,0x8002,0x8023,0x8022,
  0x8022,0x8023,0x8023,0x8023,0x8023,0x8022,0x8023,0x8022,0x8022,0x8022,0x8022,0x8023,0x8022,0x8023,0x8023,0x8023,
  0x8002,0x8002,0x8002,0x8002,0x8024,0x8044,0x8024,0x8022,0x8002,0x8002,0x8002,0x8002,0x8002,0x8002,0x8024,0x8045,
  0x8045,0x8045,0x8002,0x8002,0x8045,0x8024,0x8023,0x8002,0x8002,0x8024,0x8046,0x8045,0x8066,0x8485,0x8C83,0x9062,
  0x9880,0x8045,0x8045,0x8002,0x8002,0x8023,0x8064,0x8843,0x8023,0x8044,0x8443,0x9882,0x8842,0x8023,0x8043,0x8443,
  0x8863,0x8843,0x8463,0x8463,0x8063,0x8043,0x8463,0x8463,0x8863,0x8C63,0x8842,0x8862,0x8C62,0x8883,0x8484,0x8064,
  0x8464,0x8483,0x8483,0x8084,0x8085,0x8044,0x8002,0x8002,0x8002,0x8067,0x8045,0x8066,0x8066,0x8066,0x8086,0x8067,
  0x8066,0x8067,0x8043,0x8043,0x8064,0x8067,0x8067,0x8067,0x8002,0x8002,0x8002,0x8002,0x8002,0x8002,0x8002,0x8002,
  0x8002,0x8002,0x8002,0x8001,0x8046,0x8002,0x8002,0x8067,0x8067,0x8067,0x8023,0x8002,0x8023,0x8024,0x8024,0x8023,
  0x8002,0x8002,0x8002,0x8045,0x8066,0x8045,0x9083,0x9083,0x8024,0x8046,0x8466,0x9484,0xA0A3,0xD560,0xC900,0xC0C1,
  0xFEE0,0xFAA0,0xFA00,0xB0C1,0x9C82,0x9882,0x9062,0x9482,0x8463,0x8463,0x8883,0x8883,0x8024,0x8024,0x8024,0x8883,
  0x8483,0x8023,0x8004,0x8023,0x8023,0x8003,0x8045,0x8023,0x8023,0x8065,0x8003,0x8023,0x8066,0x8023,0x8023,0x8046,
  0x8066,0x8024,0x8023,0x8023,0x8023,0x8023,0x8023,0x8023,0x8023,0x8023,0x8046,0x8066,0x8024,0x8003,0x8045,0x8066,
  0x8003,0x8002,0x8046,0x8024,0x8044,0x8443,0x8C62,0x9482,0x8044,0x8045,0x8045,0x8045,0x8065,0x8C64,0x9084,0x94A3,
  0xACC3,0xA882,0xA441,0xF622,0x9043,0x8864,0x8024,0x8024,0x8046,0x8046,0x8024,0x8024,0x8023,0x8023,0x8023,0x8023,
  0x84A5,0x84C6,0x8044,0x8025,0x8025,0x84C6,0x8065,0x8024,0x8024,0x8024,0x8024,0x8024,0x8024,0x8023,0x8024,0x8024,
  0x8024,0x8024,0x8024,0x8045,0x8067,0x8067,0x8024,0x8024,0x8024,0x8024,0x8024,0x8024,0x8024,0x8024,0x8024,0x8024,
  0x8024,0x8024,0x8024,0x8024,0x8024,0x8024,0x8024,0x8024,0x8024,0x8024,0x8024,0x8024,0x8024,0x8025,0x8046,0x8045,
  0x8044,0x8045,0x8088,0x8088,0x8045,0x8045,0x8046,0x8025,0x8025,0x8025,0x8025,0x8024,0x80AA,0x8046,0x8025,0x8045,
  0x8067,0x80AA,0x80AA,0x80A9,0x80A9,0x8089,0x8089,0x910C,0x912D,0x84CA,0x912E,0x954E,0x912E,0x88EB,0x8089,0x8089,
  0x8025,0x8046,0x80EC,0x80EC,0x80EC,0x84ED,0x9570,0x9570,0x956F,0x84CC,0x8047,0x8046,0x84ED,0x890E,0x8047,0x8067,
  0x8067,0x8068,0x8067,0x8068,0x8068,0x8068,0x8068,0x8068,0x8068,0x8068,0x8068,0x8068,0x8068,0x8068,0x8068,0x8068,
  0x8530,0x80CC,0x8068,0x914F,0x8068,0x8068,0x8047,0x8068,0x8068,0x8068,0x8068,0x8089,0x8069,0x8068,0x8068,0x80CC,
  0x8069,0x8048,0x8068,0x8067,0x88EC,0x8089,0x850E,0x892F,0x808A,0x890E,0x8D2F,0xA5D3,0x9D91,0x9991,0x9991,0x8089,
  0x808A,0x808B,0x808B,0x808B,0x80AB,0x80CB,0x80CB,0x80EA,0x80EA,0x84EA,0x80EB,0x80EB,0x80CB,0x80CC,0x80CC,0x80CC,
  0x80CC,0x80CC,0x850C,0x890B,0x914A,0x914A,0x80AC,0x892C,0x80CC,0x80CD,0x80CD,0x810E,0x80CE,0xADEB,0x80AB,0x80AD,
  0x80AC,0x808C,0x958B,0x956B,0x80AC,0x80AD,0x850D,0x9DCF,0xA5ED,0x958D,0x8112,0x8D72,0x894E,0x896F,0x918E,0x894F,
  0x852F,0x894D,0xB299,0xB6B8,0x99CD,0xA211,0xB698,0xAA56,0x8DB0,0x8DD2,0xCF3B,0xC71C,0xC73C,0xAE9A,0xB6DC,0xC33F,
  0xCB5F,0xDBBF,0xA39F,0x835F,0x827F,0x819C,0x8139,0x8136,0x80D1,0x80AE,0x80AD,0x80AC,0x808A,0x8046,0x8067,0x8066,
  0x8046,0x8023,0x8046,0x8023,0x8023,0x8023,0x8023,0x8023,0x8023,0x8023,0x8023,0x8023,0x8023,0x8022,0x8023,0x8023,
  0x8002,0x8023,0x8023,0x8022,0x8002,0x8002,0x8002,0x8022,0x8022,0x8022,0x8002,0x8022,0x8002,0x8022,0x8023,0x8022,
  0x8023,0x8023,0x8023,0x8023,0x8023,0x8023,0x8022,0x8022,0x8002,0x8023,0x8022,0x8022,0x8023,0x8023,0x8023,0x8022,
  0x8002,0x8002,0x8002,0x8024,0x8044,0x8044,0x8024,0x8024,0x8024,0x8002,0x8002,0x8001,0x8002,0x8002,0x8002,0x8002,
  0x8023,0x8002,0x8002,0x8002,0x8044,0x8045,0x8044,0x8044,0x8044,0x8045,0x8002,0x8002,0x8023,0x8066,0x8045,0x8464,
  0x8462,0x8045,0x8045,0x8045,0x8002,0x8002,0x8024,0x8044,0x8044,0x8002,0x8044,0xA0A2,0x9881,0x8043,0x8043,0x8022,
  0x8042,0xB8E1,0x8C62,0x8463,0x8463,0x8463,0x8463,0x8463,0x94A3,0x9042,0x8442,0x8042,0x8862,0x8863,0x8463,0x8022,
  0x8023,0xA4A2,0x8084,0x8084,0x8085,0x8085,0x8044,0x8002,0x8002,0x8001,0x8001,0x8065,0x8066,0x8065,0x8066,0x8067,
  0x8066,0x8067,0x8066,0x8065,0x8043,0x8066,0x8087,0x8087,0x8088,0x8066,0x8002,0x8002,0x8002,0x8002,0x8002,0x8002,
  0x8024,0x8002,0x8002,0x8045,0x8046,0x8045,0x8003,0x8067,0x8067,0x8067,0x8045,0x8002,0x8002,0x8045,0x8023,0x8002,
  0x8002,0x8002,0x8002,0x8023,0x8002,0x8001,0x8442,0x8C63,0x9083,0x8046,0x8046,0x8465,0x9084,0xA4A3,0xA4A3,0xFEE0,
  0xFFFF,0xFFFF,0xFEA0,0xB0C1,0xA8C1,0xA0A1,0x9CA2,0x9882,0x98A2,0x8C83,0x8883,0x8883,0x8024,0x8024,0x8044,0x8044,
  0x8064,0x8084,0x8063,0x8003,0x8003,0x8003,0x8003,0x8002,0x8003,0x8044,0x8003,0x8023,0x8045,0x8024,0x8023,0x8066,
  0x8045,0x8044,0x8023,0x8023,0x8023,0x8024,0x8023,0x8023,0x8022,0x8023,0x8023,0x8023,0x8023,0x8023,0x8002,0x8066,
  0x8046,0x8045,0x8002,0x8003,0x8023,0x8863,0x9CA2,0x8863,0x8044,0x8045,0x8045,0x8045,0x8045,0x9083,0x8863,0x9083,
  0x9463,0x8843,0x9C82,0x8C64,0x8843,0xACA1,0x8045,0x8024,0x8045,0x8046,0x8024,0x8023,0x8023,0x8023,0x8023,0x8023,
  0x8003,0x8023,0x84C5,0x84A5,0x8085,0x84C6,0x8086,0x8024,0x8088,0x8024,0x8024,0x8024,0x8024,0x8024,0x8023,0x8024,
  0x8024,0x8024,0x8024,0x8023,0x8087,0x8066,0x8067,0x8045,0x8024,0x8024,0x8024,0x8024,0x8024,0x8024,0x8024,0x8024,
  0x8024,0x8024,0x8024,0x8024,0x8024,0x8024,0x8024,0x8024,0x8024,0x8024,0x8024,0x8024,0x8044,0x8045,0x8024,0x8024,
  0x8024,0x8024,0x8067,0x8088,0x8045,0x8024,0x8066,0x8066,0x8045,0x8025,0x8024,0x8024,0x8024,0x8045,0x8024,0x8024,
  0x80CB,0x80CB,0x8067,0x8067,0x8089,0x8088,0x80AA,0x8D0C,0x84CB,0x84EB,0x954E,0x954F,0x954E,0x912D,0x88EB,0x8089,
  0x8067,0x8046,0x8088,0x80CB,0x8089,0x84ED,0x912E,0x84EC,0x954F,0x954E,0x954E,0x954E,0x80A9,0x894F,0x8047,0x8067,
  0x8067,0x8068,0x8068,0x8068,0x8068,0x8068,0x8067,0x8068,0x8068,0x8068,0x8068,0x8068,0x8068,0x8068,0x8068,0x8068,
  0x8067,0x8068,0x8068,0x8D2F,0x8D2F,0x8067,0x9150,0x8089,0x8067,0x8067,0x8068,0x8068,0x8068,0x80EE,0x80AB,0x8068,
  0x80AB,0x8089,0x80CB,0x8067,0x8046,0x890E,0x850E,0x8069,0x8069,0x890E,0x8D2F,0xAE34,0x9DB2,0xA5D3,0xA1B2,0x914F,
  0x88ED,0x808B,0x808B,0x808A,0x808A,0x80AB,0x80AB,0x80EA,0x80EA,0x80EB,0x80CB,0x80CB,0x80CB,0x80CC,0x80CC,0x808B,
  0x80CC,0x80CC,0x80CC,0x80CC,0x914A,0x914A,0x80CC,0x80AC,0x80CC,0x80CD,0x80CD,0x80CC,0x80ED,0x80AB,0x8D2B,0x998B,
  0x84EC,0x80AC,0x84EB,0x956A,0x890B,0x80AD,0x852E,0x8D4C,0x956C,0xAE2F,0x8510,0x8532,0xA1CD,0x9DCD,0x998C,0x852F,
  0x812F,0x812F,0x8509,0xB6B8,0xB696,0x9DF0,0xBEB9,0xBABA,0xC2D9,0x91B3,0x91F5,0xC73C,0xC73C,0xBAFB,0xAEBA,0xBEFD,
  0xCB3F,0xC73F,0xDBBF,0xAF9F,0x82FF,0x825E,0x819B,0x8138,0x8115,0x80F2,0x80CE,0x80CD,0x808A,0x808A,0x8046,0x8067,
  0x8067,0x8067,0x8045,0x8023,0x8023,0x8023,0x8023,0x8023,0x8023,0x8023,0x8023,0x8023,0x8023,0x8023,0x8003,0x8002,
  0x8022,0x8002,0x8022,0x8002,0x8002,0x8022,0x8002,0x8002,0x8022,0x8022,0x8022,0x8022,0x8022,0x8022,0x8023,0x8022,
  0x8023,0x8022,0x8023,0x8002,0x8066,0x8023,0x8023,0x8023,0x8023,0x8023,0x8022,0x8023,0x8023,0x8023,0x8023,0x8023,
  0x8002,0x8002,0x8002,0x8002,0x8024,0x8044,0x8024,0x8023,0x8002,0x8002,0x8023,0x8002,0x8002,0x8024,0x8023,0x8002,
  0x8002,0x8002,0x8023,0x8002,0x8002,0x8045,0x8044,0x8024,0x8024,0x8023,0x8002,0x8002,0x8024,0x8046,0x8045,0x8065,
  0x8000,0x8045,0x8044,0x8024,0x8002,0x8002,0x8022,0x8002,0x8024,0x8002,0x8001,0x8464,0x8863,0x8463,0x8043,0x8022,
  0x8883,0x8862,0x8443,0x8463,0x8863,0x8863,0x8863,0xC921,0x8443,0x8043,0x8043,0x8043,0x8043,0x8063,0x8063,0x8002,
  0x8001,0x8863,0x8485,0x8085,0x8086,0x8086,0x8086,0x8002,0x8002,0x8002,0x8002,0x8065,0x8066,0x8065,0x8066,0x8043,
  0x8022,0x8067,0x8087,0x8065,0x8043,0x8087,0x8045,0x8044,0x8045,0x8066,0x8002,0x8002,0x8002,0x8002,0x8002,0x8002,
  0x8002,0x8002,0x8002,0x8002,0x8023,0x8045,0x8066,0x8046,0x8066,0x8066,0x8045,0x8023,0x8023,0x8044,0x8002,0x8002,
  0x8023,0x8023,0x8002,0x8023,0x8046,0x8003,0x8002,0x8843,0x8442,0x8046,0x8046,0x8046,0x8865,0x9083,0xA4A3,0xEDC0,
  0xFB96,0xFFDA,0xFEC1,0xA8A2,0x9CA2,0x9882,0x9882,0x9CA2,0x8C63,0x8863,0x8863,0x8863,0x8044,0xA0C1,0x8044,0x8044,
  0x8044,0x8084,0x8064,0x8023,0x8022,0x8023,0x8003,0x8003,0x8023,0x8023,0x8023,0x8003,0x8023,0x8066,0x8045,0x8066,
  0x8045,0x8023,0x8023,0x8023,0x8023,0x8023,0x8023,0x8023,0x8023,0x8023,0x8023,0x8023,0x8003,0x8002,0x8024,0x8045,
  0x8045,0x8023,0x8024,0x8025,0x8024,0x8444,0xC162,0x8465,0x8045,0x8045,0x8045,0x8045,0x8045,0x8045,0x9084,0x9484,
  0x8865,0x8C65,0x8C85,0x8C85,0x8444,0x8444,0xB102,0x8465,0x8864,0x88A4,0x8066,0x8023,0x8024,0x8065,0x8023,0x8023,
  0x8003,0x8484,0x84A5,0x84A5,0x84A5,0x84A5,0x84A5,0x8085,0x80A7,0x8025,0x8044,0x8024,0x8024,0x8024,0x8024,0x8024,
  0x8024,0x8024,0x8024,0x8024,0x8024,0x8024,0x8067,0x8045,0x8024,0x8024,0x8024,0x8024,0x8024,0x8024,0x8024,0x8024,
  0x8024,0x8024,0x8024,0x8024,0x8024,0x8024,0x8024,0x8024,0x8024,0x8024,0x8024,0x8024,0x8024,0x8044,0x8024,0x8024,
  0x8024,0x8024,0x8024,0x8068,0x8066,0x8024,0x8088,0x8067,0x8045,0x8045,0x8025,0x8024,0x8024,0x8067,0x8024,0x8024,
  0x80AB,0x80AB,0x80AB,0x8045,0x8024,0x8088,0x8067,0x80CB,0x80CA,0x84EB,0x84EC,0x954F,0x914E,0x912E,0x912E,0x84CB,
  0x8D0D,0x8067,0x8046,0x8046,0x8046,0x84ED,0x88EC,0x84EC,0x912E,0x954E,0x954E,0x912D,0x8D0D,0x8067,0x8068,0x84CB,
  0x8068,0x8068,0x8068,0x8068,0x8068,0x8068,0x8068,0x8067,0x8068,0x8068,0x8068,0x8068,0x8068,0x8068,0x8068,0x8068,
  0x8068,0x8068,0x8068,0x8D2E,0x8D2E,0x8D0D,0x8D2E,0x8D2E,0x8068,0x8068,0x8068,0x8068,0x8068,0x808A,0x810F,0x80EE,
  0x8089,0x8068,0x8068,0x8068,0x8067,0x8046,0x808A,0x80CC,0x80CC,0x8025,0x850E,0x8D50,0x8D2F,0x80ED,0xA1D2,0xA5D2,
  0x808B,0x80AB,0x9990,0x808B,0x808B,0x808B,0x80AB,0x80AB,0x80EB,0x80CC,0x80CB,0x80CB,0x80CB,0x80CB,0x80CB,0x80AC,
  0x80AC,0x80CB,0x80CC,0x80CC,0x80CC,0x914B,0x914C,0x80AC,0x80CC,0x80CC,0x80CC,0x80EC,0x80CC,0x80CC,0x80CC,0x956C,
  0x8D4C,0x80CC,0x80CC,0x914A,0x998A,0x892C,0x80CC,0x8D2B,0x916B,0x99AC,0xA1CE,0x8510,0xA1ED,0x99CD,0x998C,0x8D4E,
  0x8130,0x8131,0x8D8F,0x99D3,0xB2B8,0x9E11,0xAA32,0xAE54,0xB296,0x91D3,0x91D3,0x95F4,0xBAF9,0xBAFB,0xAA98,0xB6FC,
  0xBF1D,0xC33F,0xC75F,0xEBBF,0x837F,0x82FF,0x829F,0x819C,0x8138,0x8114,0x80F1,0x80CF,0x808B,0x8069,0x80AA,0x8047,
  0x8067,0x8046,0x8067,0x8045,0x8023,0x8023,0x8023,0x8023,0x8023,0x80EE,0x8024,0x8023,0x8023,0x8023,0x8023,0x8023,
  0x8022,0x8002,0x8022,0x8022,0x8022,0x8002,0x8022,0x8002,0x8002,0x8022,0x8022,0x8022,0x8022,0x8022,0x8022,0x8002,
  0x8023,0x8023,0x8023,0x8002,0x8023,0x8023,0x8023,0x8023,0x8023,0x8023,0x8023,0x8023,0x8023,0x8023,0x8022,0x8022,
  0x8002,0x8002,0x8002,0x8002,0x8002,0x8045,0x8024,0x8023,0x8002,0x8002,0x8002,0x8024,0x8024,0x8044,0x8024,0x8022,
  0x8002,0x8045,0x8024,0x8023,0x8023,0x8024,0x8023,0x8045,0x8024,0x8023,0x8002,0x8002,0x8023,0x8045,0x8045,0x8045,
  0x8045,0x8045,0x8024,0x8023,0x8002,0x8002,0x8002,0x8002,0x8002,0x8023,0x8002,0x8044,0x8024,0x8043,0x8023,0x8023,
  0x8883,0xA8C1,0xE5E2,0x8C63,0x8C63,0x9082,0x9882,0x8863,0x8863,0x8043,0x8003,0x8043,0x8022,0x8023,0x8063,0x8043,
  0x8443,0x88A5,0x8044,0x8086,0x8023,0x8045,0x8044,0x8045,0x8023,0x8002,0x8002,0x8045,0x8066,0x8023,0x8023,0x8022,
  0x8045,0x8067,0x8067,0x8067,0x8044,0x8067,0x8002,0x8002,0x8023,0x8066,0x8002,0x8002,0x8002,0x8002,0x8002,0x8002,
  0x8002,0x8024,0x8023,0x8023,0x8023,0x8022,0x8045,0x8046,0x8046,0x8046,0x8046,0x8023,0x8023,0x8022,0x8002,0x8023,
  0x8024,0x8023,0x8023,0x8023,0x8045,0x8002,0x8002,0x8002,0x8444,0x8046,0x8046,0x8C84,0x8C84,0x9CA3,0xA0A2,0xDDA2,
  0xE5A0,0xD540,0xA8A2,0xFFA2,0xB8C1,0x9461,0x9482,0x9CA2,0x9483,0x8863,0x8863,0x8863,0x8463,0x8043,0x8884,0x8044,
  0x8025,0x8065,0x8064,0x8024,0x8043,0x8023,0x8003,0x8023,0x8023,0x8023,0x8023,0x8003,0x8023,0x8066,0x8066,0x8046,
  0x8046,0x8023,0x8023,0x8003,0x8023,0x8024,0x8023,0x8023,0x8023,0x8023,0x8023,0x8003,0x8023,0x8002,0x8002,0x8002,
  0x8002,0x8002,0x8002,0x8003,0x8024,0x8863,0x9483,0xC102,0x8465,0x8065,0x8065,0x8045,0x8046,0x8865,0x8C64,0xA8C3,
  0x8045,0x8045,0x8465,0x8865,0xB123,0x8864,0x8045,0x8C64,0x8C83,0x8484,0x8066,0x8066,0x8024,0x8066,0x8065,0x8003,
  0x8003,0x8024,0x8045,0x84A5,0x84A5,0x84A5,0x84A5,0x84A5,0x80A6,0x8085,0x8024,0x8024,0x8024,0x8024,0x8024,0x8024,
  0x8024,0x8024,0x8024,0x8024,0x8024,0x8024,0x8046,0x8024,0x8024,0x8045,0x8024,0x8024,0x8024,0x8024,0x8024,0x8024,
  0x8024,0x8024,0x8024,0x8024,0x8024,0x8024,0x8044,0x8024,0x8024,0x8025,0x8024,0x8024,0x8025,0x8024,0x8024,0x8024,
  0x8024,0x8024,0x8024,0x8088,0x8088,0x8046,0x8088,0x8088,0x8067,0x8045,0x8045,0x8024,0x8024,0x8024,0x8024,0x8024,
  0x8046,0x80AA,0x80AA,0x8024,0x8024,0x8046,0x8046,0x80EB,0x84CA,0x80A9,0x84CA,0x914F,0x80AA,0x8D0D,0x912E,0x8D2D,
  0x8D2E,0x88EC,0x8046,0x8046,0x8046,0x80CC,0x80AB,0x80CC,0x914F,0x9570,0x84CB,0x954E,0x954F,0x80AA,0x8088,0x88EB,
  0x954E,0x8068,0x8067,0x8067,0x8068,0x8067,0x8067,0x8068,0x8068,0x8067,0x8068,0x8068,0x8068,0x8068,0x8068,0x8068,
  0x8068,0x8068,0x8068,0x88ED,0x8D0E,0x8D0E,0x8D2F,0x8D2E,0x8068,0x8068,0x8068,0x8068,0x8068,0x8068,0x80AB,0x80EF,
  0x808A,0x8068,0x8068,0x8068,0x808B,0x8048,0x8067,0x80AB,0x8069,0x8047,0x80ED,0x8D2F,0x892F,0x892F,0x9991,0x912E,
  0x914F,0x84CC,0xA5F3,0x808B,0x808B,0x808B,0x80AB,0x80AC,0x80AB,0x80AC,0x80CC,0x80CB,0x80EB,0x80EB,0x80EB,0x80CC,
  0x80CC,0x80CB,0x80EB,0x80CC,0x80AC,0x80CC,0x8D2B,0x80AB,0x80AC,0x80AC,0x80AC,0x80AC,0x80AC,0x80CC,0x80CC,0x84EB,
  0x894B,0x850C,0x8D2C,0x890B,0x914A,0x914A,0x8D4C,0x892B,0x8D2A,0x914B,0x9DAC,0x80CE,0x9DAE,0x958D,0x892D,0x958C,
  0x850F,0x8151,0x8550,0x8552,0xAE75,0xBEFA,0xA20F,0xAA30,0xAE50,0xB274,0x8D90,0x91D2,0x91B1,0xAA73,0xBEF7,0xAE98,
  0xBAFC,0xBAFD,0xC75F,0xCB5F,0xEBDF,0x8B5F,0x829F,0x821F,0x81BD,0x80F5,0x8114,0x80D0,0x80D0,0x808B,0x8068,0x8067,
  0x8046,0x8046,0x8046,0x8024,0x8024,0x8045,0x8023,0x8023,0x8023,0x8023,0x8023,0x8023,0x8023,0x8023,0x8023,0x8023,
  0x8022,0x8022,0x8002,0x8022,0x8022,0x8022,0x8023,0x8022,0x8022,0x8022,0x8002,0x8002,0x8022,0x8022,0x8022,0x8022,
  0x8022,0x8002,0x8022,0x8023,0x8023,0x8023,0x8022,0x8022,0x8023,0x8023,0x8023,0x8022,0x8022,0x8022,0x8022,0x8022,
  0x8002,0x8002,0x8002,0x8002,0x8002,0x8045,0x8044,0x8023,0x8002,0x8002,0x8002,0x8002,0x8044,0x8044,0x8023,0x8003,
  0x8002,0x8023,0x8023,0x8001,0x8002,0x8023,0x8022,0x8024,0x8024,0x8024,0x8024,0x8002,0x8001,0x8023,0x8045,0x8045,
  0x8045,0x8045,0x8045,0x8002,0x8002,0x8002,0x8022,0x8002,0x8002,0x8001,0x8443,0x8C63,0x8024,0x8023,0x8043,0x8CA3,
  0x8C82,0x8863,0x8C62,0x9882,0x9441,0xEA01,0x9062,0x8863,0x8463,0x8463,0x8023,0x8023,0x8002,0x8002,0x8023,0x8064,
  0x8064,0x8065,0x8044,0x8884,0x90C4,0x8002,0x8002,0x8066,0x8045,0x8002,0x8002,0x8023,0x8023,0x8067,0x8066,0x8045,
  0x8023,0x8023,0x8066,0x8066,0x8067,0x8066,0x8067,0x8024,0x8002,0x8024,0x8002,0x8002,0x8002,0x8002,0x8002,0x8002,
  0x8002,0x8002,0x8023,0x8024,0x8023,0x8023,0x8024,0x8046,0x8046,0x8045,0x8066,0x8024,0x8002,0x8002,0x8002,0x8002,
  0x8023,0x8023,0x8003,0x8022,0x8045,0x8045,0x8002,0x8002,0x8002,0x8046,0x98A2,0x9CA3,0x9484,0xA4C4,0xFAC4,0xA4A2,
  0xA4A1,0xA8A2,0xC0E1,0x9883,0x8443,0x8443,0xD182,0x98A2,0x9482,0x9083,0x8C62,0x8863,0xA4C2,0x8862,0x8483,0x8483,
  0x8025,0x8044,0x8063,0x8024,0x8024,0x8064,0x8084,0x8023,0x8023,0x8023,0x8023,0x8023,0x8003,0x8023,0x8024,0x8025,
  0x8046,0x8046,0x8003,0x8003,0x8023,0x8023,0x8023,0x8023,0x8023,0x8023,0x8023,0x8023,0x8002,0x8002,0x8002,0x8023,
  0x8002,0x8002,0x8002,0x8045,0x8045,0x8064,0x8045,0x8045,0x8C64,0x8C63,0x8065,0x8485,0x9083,0x9483,0x8045,0x8044,
  0x8865,0x8023,0x8024,0x8464,0x8C64,0x8465,0x8024,0x8024,0xA883,0x8065,0x8086,0x8085,0x8064,0x8085,0x8085,0x8045,
  0x8024,0x8024,0x84A5,0x84A5,0x8065,0x8066,0x80A6,0x80A5,0x8065,0x84A6,0x8024,0x8024,0x8044,0x8024,0x8024,0x8024,
  0x8024,0x8024,0x8024,0x8024,0x8024,0x8024,0x8024,0x8024,0x8024,0x8067,0x8024,0x8024,0x8024,0x8024,0x8024,0x8024,
  0x8024,0x8024,0x8024,0x8024,0x8024,0x8024,0x8024,0x8024,0x8024,0x8045,0x8025,0x8024,0x8024,0x8024,0x8024,0x8025,
  0x8025,0x8024,0x8024,0x8045,0x8088,0x8046,0x8068,0x8088,0x8088,0x8045,0x8025,0x8025,0x8045,0x8045,0x8024,0x8044,
  0x8024,0x8067,0x80AA,0x8089,0x8045,0x8023,0x8046,0x84EC,0x84CB,0x84CA,0x84CA,0x80CA,0x80AA,0x80AA,0x912E,0x8D2D,
  0x8D2D,0x8D2E,0x8067,0x8025,0x8045,0x8067,0x80AB,0x80AA,0x890D,0x9570,0x8D2E,0x8D2E,0x9570,0x9570,0x8D0D,0x8D2D,
  0x914F,0x8068,0x8068,0x8067,0x8067,0x8067,0x8067,0x8068,0x8068,0x8068,0x8068,0x8068,0x8068,0x8068,0x8068,0x8068,
  0x8068,0x8068,0x8068,0x8068,0x8068,0x892E,0x84EC,0x8D2F,0x88EC,0x8068,0x8068,0x808A,0x8088,0x8068,0x8068,0x80AC,
  0x80CD,0x80CD,0x8068,0x8088,0x8068,0x8068,0x8067,0x8067,0x8068,0x8068,0x850E,0x84ED,0x890E,0x892F,0x9971,0x9991,
  0x9DB2,0x84ED,0x84CD,0x84ED,0x88ED,0x808B,0x808B,0x80AB,0x80AC,0x80AB,0x80CC,0x84EB,0x80EB,0x80EB,0x80CB,0x80CB,
  0x80CC,0x80CC,0x80EA,0x80CB,0x80CC,0x80AC,0x80AC,0x80AB,0x80AC,0x80AC,0x80CC,0x80AC,0x80AC,0x80CC,0x80CC,0x80CC,
  0x80EC,0x916B,0x84ED,0x80ED,0x8D2B,0x914B,0x998C,0x8D2B,0x892B,0x8D2B,0x916C,0x99AC,0x9DCE,0xB231,0xA1F2,0x892E,
  0x99AC,0x8D90,0x8530,0x8130,0x95AE,0x9DF1,0xA654,0xAA31,0xAA30,0x95F4,0xB695,0x8D90,0x91B0,0x9E14,0xB296,0xA631,
  0xBB1C,0xBAFC,0xC31E,0xC73E,0xD37F,0xE3BF,0x831F,0x833F,0x825F,0x81BD,0x8158,0x80F4,0x80AF,0x80AE,0x80AC,0x8069,
  0x808A,0x8046,0x8046,0x8067,0x8025,0x8046,0x8024,0x8024,0x8023,0x8023,0x8024,0x8023,0x8023,0x8023,0x8023,0x8023,
  0x8023,0x8023,0x8002,0x8022,0x8023,0x8022,0x8022,0x8022,0x8022,0x8022,0x8022,0x8022,0x8022,0x8022,0x8022,0x8022,
  0x8022,0x8002,0x8022,0x8023,0x8022,0x8023,0x8023,0x8023,0x8023,0x8023,0x8023,0x8023,0x8023,0x8023,0x8022,0x8022,
  0x8002,0x8002,0x8002,0x8002,0x8002,0x8045,0x8045,0x8044,0x8002,0x8002,0x8002,0x8002,0x8044,0x8044,0x8024,0x8002,
  0x8002,0x8003,0x8002,0x8002,0x8022,0x8023,0x8023,0x8022,0x8024,0x8024,0x8024,0x8002,0x8002,0x8002,0x8003,0x8045,
  0x8045,0x8045,0x8045,0x8023,0x8001,0x8002,0x8022,0x8022,0x8001,0x8001,0x8024,0x8024,0x8024,0x8024,0x8CA3,0x8443,
  0x8023,0x9083,0x9082,0xA8A1,0xC0A0,0x9862,0x9482,0x9082,0x8463,0x8863,0x8043,0x8023,0x8002,0x8002,0x8002,0x8023,
  0x8084,0x8085,0x8085,0x8085,0x8022,0x8002,0x8001,0x8066,0x8024,0x8002,0x8002,0x8002,0x8002,0x8067,0x8067,0x8067,
  0x8022,0x8002,0x8045,0x8066,0x8067,0x8022,0x8067,0x8087,0x8002,0x8001,0x8002,0x8002,0x8002,0x8002,0x8002,0x8002,
  0x8002,0x8002,0x8002,0x8024,0x8024,0x8023,0x8045,0x8046,0x8046,0x8022,0x8003,0x8066,0x8045,0x8002,0x8022,0x8002,
  0x8023,0x8023,0x8002,0x8023,0x8046,0x8045,0x8046,0x8045,0x8023,0x8066,0x9882,0x9CA2,0x9883,0x98A3,0x9462,0xA4A2,
  0xA4A2,0x9C82,0xA0A2,0x9882,0x8443,0x8043,0xA482,0x9CA2,0x9462,0x94A3,0x8C83,0x8862,0xCD42,0xACE2,0x8483,0x8484,
  0x8024,0x8463,0x8064,0x8064,0x8024,0x8023,0x8064,0x8044,0x8044,0x8023,0x8023,0x8023,0x8003,0x8045,0x8046,0x8045,
  0x8023,0x8045,0x8023,0x8045,0x8002,0x8023,0x8024,0x8024,0x8023,0x8023,0x8023,0x8023,0x8002,0x8002,0x8002,0x8023,
  0x8023,0x8002,0x8002,0x8066,0x8066,0x8086,0x8045,0x8046,0x8045,0x8444,0x8C63,0x9483,0x9082,0x98A3,0x8024,0x8023,
  0x8024,0x8023,0x8023,0x98C3,0x9083,0x8064,0x8024,0x8024,0x8044,0x8024,0x8024,0x8085,0x8085,0x8085,0x8085,0x8085,
  0x8085,0x8024,0x84A5,0x84A5,0x80A5,0x8046,0x84A6,0x80A5,0x8024,0x8024,0x8024,0x8024,0x8025,0x8024,0x8024,0x8024,
  0x8024,0x8024,0x8024,0x8024,0x8024,0x8024,0x8024,0x8024,0x8045,0x8067,0x8045,0x8024,0x8024,0x8024,0x8024,0x8024,
  0x8024,0x8024,0x8024,0x8024,0x8024,0x8044,0x8044,0x8044,0x8024,0x8045,0x8024,0x8025,0x8024,0x8024,0x8024,0x8024,
  0x8045,0x8045,0x8045,0x8045,0x8045,0x8088,0x8068,0x8088,0x8088,0x8025,0x8046,0x8046,0x8045,0x8024,0x8045,0x8024,
  0x8024,0x8024,0x80AA,0x80AB,0x8088,0x8087,0x80CB,0x84EC,0x84CB,0x84CB,0x84CB,0x8046,0x8046,0x80AA,0x912E,0x912E,
  0x84CB,0x8D2E,0x890D,0x8025,0x8045,0x8045,0x80AA,0x808A,0x850D,0x9570,0x80AA,0x890E,0x914F,0x9570,0x914F,0x8D2D,
  0x8D4F,0x8089,0x8067,0x8067,0x8067,0x8067,0x8067,0x8067,0x8068,0x8068,0x8068,0x8068,0x8068,0x8068,0x8068,0x8068,
  0x8068,0x8068,0x8068,0x8068,0x8068,0x892E,0x890E,0x892E,0x8D2F,0x80A9,0x8047,0x80CC,0x80AA,0x8068,0x8068,0x8068,
  0x80CD,0x80EF,0x8089,0x808A,0x80CC,0x8068,0x8068,0x8067,0x80ED,0x8089,0x850F,0x80AB,0x80CC,0x892F,0x9150,0x9DB2,
  0xA1D2,0x84EE,0x80AC,0x9571,0x9172,0x808B,0x808B,0x808B,0x808B,0x80AC,0x80AC,0x80CB,0x80EB,0x80EB,0x80EA,0x80CB,
  0x80CC,0x80CC,0x80EB,0x80CB,0x80AC,0x80AC,0x80AC,0x80CB,0x80AC,0x80AC,0x80AC,0x80AC,0x80AC,0x80EA,0x80CC,0x80CC,
  0x80AC,0x956B,0x892C,0x80EE,0x80ED,0x958B,0x998C,0x9DAB,0x892C,0x892C,0x8D4C,0xA1EC,0x8D4B,0x99B0,0xB653,0x852F,
  0x958C,0x916E,0x8D4F,0x8130,0x8970,0x95AE,0x9DEF,0xC2FB,0xA234,0x8D70,0xBA94,0xAE53,0x91B0,0x91B1,0xBAB8,0xB2B7,
  0xAE73,0xBB1C,0xBEFD,0xBF1D,0xCF7F,0xD79F,0xE7FF,0x831F,0x831F,0x81FF,0x817A,0x80F5,0x80F4,0x80AE,0x80AC,0x8089,
  0x806A,0x8046,0x8046,0x8067,0x8046,0x8046,0x8045,0x8024,0x8023,0x8024,0x8024,0x8023,0x8023,0x8023,0x8023,0x8023,
  0x8023,0x8023,0x8002,0x8022,0x8022,0x8022,0x8023,0x8002,0x8022,0x8023,0x8022,0x8022,0x8022,0x8022,0x8002,0x8022,
  0x8002,0x8002,0x8023,0x8022,0x8022,0x8002,0x8023,0x8022,0x8022,0x8023,0x8023,0x8022,0x8023,0x8023,0x8022,0x8022,
  0x8002,0x8002,0x8002,0x8002,0x8002,0x8045,0x8045,0x8045,0x8002,0x8002,0x8002,0x8002,0x8024,0x8024,0x8024,0x8002,
  0x8002,0x8044,0x8044,0x8001,0x8023,0x8023,0x8022,0x8022,0x8025,0x8025,0x8024,0x8002,0x8001,0x8002,0x8045,0x8024,
  0x8045,0x8045,0x8045,0x8023,0x8001,0x8002,0x8022,0x8002,0x8001,0x8001,0x8023,0x8024,0x8024,0x8023,0x8044,0x8044,
  0x8023,0x98A2,0x98A2,0xF6E2,0xFF65,0x9482,0x9082,0x8442,0x8442,0x8463,0x8463,0x8463,0x8002,0x8002,0x8002,0x8002,
  0x8002,0x8043,0x8085,0x8085,0x8002,0x8002,0x8002,0x8066,0x8066,0x8002,0x8002,0x8002,0x8002,0x8023,0x8067,0x8067,
  0x8023,0x8002,0x8002,0x8067,0x8066,0x8002,0x8002,0x8087,0x8087,0x8088,0x8002,0x8002,0x8002,0x8002,0x8002,0x8002,
  0x8002,0x8002,0x8002,0x8003,0x8024,0x8023,0x8023,0x8045,0x8045,0x8003,0x8002,0x8046,0x8046,0x8046,0x8022,0x8022,
  0x8023,0x8023,0x8023,0x8002,0x8024,0x8046,0x8046,0x8025,0x8003,0x8046,0x8445,0x8045,0x8466,0xFEE2,0x9063,0x9482,
  0x8842,0x9062,0x8C62,0x8C62,0x8863,0x8443,0x8863,0x8863,0xFA80,0xA882,0x8C62,0x8862,0x8843,0x8443,0x8483,0x8484,
  0x8484,0x8483,0x8063,0x8064,0x8024,0x8065,0x8064,0x8064,0x8024,0x8024,0x8045,0x8024,0x8003,0x8003,0x8024,0x8045,
  0x8025,0x8045,0x8023,0x8023,0x8002,0x8023,0x8024,0x8023,0x8003,0x8023,0x8023,0x8023,0x8023,0x8023,0x8002,0x8023,
  0x8023,0x8002,0x8003,0x8066,0x8066,0x8023,0x8024,0x8046,0x8044,0x8464,0xFFA1,0xAC81,0x8463,0x8045,0x8065,0x8045,
  0x8024,0x8024,0x8024,0x8023,0x8023,0x8085,0x8085,0x8024,0x8024,0x8024,0x8045,0x8024,0x8024,0x8024,0x8485,0x8485,
  0x8064,0x8084,0x80A5,0x8084,0x8065,0x8025,0x8024,0x80A5,0x8024,0x8024,0x8024,0x8024,0x8045,0x8045,0x8024,0x8024,
  0x8024,0x8024,0x8024,0x8024,0x8024,0x8024,0x8024,0x8024,0x8045,0x8067,0x8025,0x8024,0x8024,0x8024,0x8024,0x8024,
  0x8024,0x8024,0x8024,0x8024,0x8024,0x8024,0x8024,0x8024,0x8024,0x8045,0x8024,0x8024,0x8024,0x8024,0x8024,0x8024,
  0x8024,0x8045,0x8025,0x8025,0x8045,0x8067,0x8025,0x8024,0x8088,0x8068,0x8025,0x8045,0x8045,0x8045,0x8045,0x8024,
  0x8024,0x8024,0x8045,0x80AB,0x80AA,0x8023,0x84CB,0x84EC,0x84EC,0x8066,0x84EB,0x8046,0x8046,0x80AA,0x890C,0x8D0D,
  0x8088,0x84CB,0x88EC,0x80AA,0x8046,0x8046,0x80AA,0x808A,0x8089,0x9550,0x914F,0x80AB,0x80AB,0x9570,0x954F,0x80AB,
  0x80AB,0x84ED,0x8068,0x8067,0x8067,0x8067,0x8067,0x8067,0x8067,0x8068,0x8068,0x8068,0x8068,0x8068,0x8068,0x8068,
  0x8068,0x8068,0x8068,0x8068,0x8068,0x80CB,0x808A,0x80CB,0x8D2F,0x8D2E,0x88ED,0x80AB,0x80ED,0x8068,0x8068,0x8068,
  0x8068,0x8069,0x8089,0x80AB,0x80CD,0x80CC,0x8068,0x8067,0x8046,0x80AB,0x80AB,0x80AB,0x80AB,0x8D2E,0x8D2F,0x9150,
  0x9DB2,0x9150,0x80CD,0x99D3,0x99B2,0x808B,0x808B,0x808B,0x808B,0x808B,0x80AC,0x80AC,0x80CB,0x80EB,0x80EA,0x850A,
  0x80AC,0x80CC,0x80CC,0x80CC,0x80AC,0x80AC,0x80AB,0x80AB,0x80AB,0x80AC,0x80AC,0x80AB,0x80AB,0x80AB,0x80AC,0x80CD,
  0x80CC,0x80CC,0x80CD,0x80CE,0x80CD,0x956B,0x914B,0x956C,0x80ED,0x80AD,0x80CC,0xA1EC,0x9DCC,0x9DCD,0xA1F0,0x8D4E,
  0x95AC,0x998D,0x9DD0,0x8530,0x850F,0x8D6F,0x99CE,0x99F0,0xC2B7,0x99F2,0xA211,0xC2B4,0x8D91,0x9191,0x9E15,0xAE77,
  0xAA31,0xA610,0xBAFC,0xB6DC,0xC73E,0xCB5F,0xEBBF,0xE3FF,0x837F,0x827F,0x81BB,0x815A,0x8117,0x80B0,0x80AE,0x808A,
  0x8069,0x8067,0x8067,0x8046,0x8046,0x8046,0x8046,0x8046,0x8024,0x8023,0x8023,0x8023,0x8023,0x8023,0x8023,0x8003,
  0x8002,0x8023,0x8022,0x8002,0x8022,0x8023,0x8022,0x8002,0x8002,0x8002,0x8022,0x8022,0x8022,0x8022,0x8002,0x8002,
  0x8002,0x8002,0x8002,0x8022,0x8002,0x8002,0x8022,0x8022,0x8022,0x8022,0x8022,0x8022,0x8023,0x8022,0x8022,0x8023,
};
#endif
