/* Generated by tools/bake-next-art.ps1. Original AI-generated project art. */
/* ARGB1555: bit15 opaque; R10..14 G5..9 B0..4; zero transparent. */
#ifndef ELITE_NEXT_ART_H
#define ELITE_NEXT_ART_H
#include <stdint.h>
#define NEXT_PORTRAIT_COUNT 8
#define NEXT_PORTRAIT_SIZE 64
#define NEXT_ITEM_COUNT 20
#define NEXT_ITEM_SIZE 32
#define NEXT_LOGO_WIDTH 320
#define NEXT_LOGO_HEIGHT 72
#define NEXT_LOGO_SMALL_WIDTH 100
#define NEXT_LOGO_SMALL_HEIGHT 18
static const uint16_t next_portraits[8][4096] = {
 {
  0x0000,0x0000,0x0000,0x0000,0x0000,0x0000,0x0000,0x0000,0x0000,0x0000,0x0000,0x0000,0x0000,0x0000,0x0000,0x0000,
  0x0000,0x0000,0x0000,0x0000,0x0000,0x0000,0x0000,0x0000,0x0000,0x0000,0x0000,0x0000,0x0000,0x0000,0x0000,0x0000,
  0x0000,0x0000,0x0000,0x0000,0x0000,0x0000,0x0000,0x0000,0x0000,0x0000,0x0000,0x0000,0x0000,0x0000,0x0000,0x0000,
  0x0000,0x0000,0x0000,0x0000,0x0000,0x0000,0x0000,0x0000,0x0000,0x0000,0x0000,0x0000,0x0000,0x0000,0x0000,0x0000,
  0x0000,0x0000,0x0000,0x0000,0x0000,0x0000,0x0000,0x0000,0x0000,0x0000,0x0000,0x0000,0x0000,0x0000,0x0000,0x0000,
  0x0000,0x0000,0x0000,0x0000,0x0000,0x0000,0x0000,0x0000,0x0000,0x0000,0x0000,0x0000,0x0000,0x0000,0x0000,0x0000,
  0x0000,0x0000,0x0000,0x0000,0x0000,0x0000,0x0000,0x0000,0x0000,0x0000,0x0000,0x0000,0x0000,0x0000,0x0000,0x0000,
  0x0000,0x0000,0x0000,0x0000,0x0000,0x0000,0x0000,0x0000,0x0000,0x0000,0x0000,0x0000,0x0000,0x0000,0x0000,0x0000,
  0x0000,0x0000,0x0000,0x0000,0x0000,0x0000,0x0000,0x0000,0x0000,0x0000,0x0000,0x0000,0x0000,0x0000,0x0000,0x0000,
  0x0000,0x0000,0x0000,0x0000,0x0000,0x0000,0x0000,0x0000,0x0000,0x0000,0x0000,0x0000,0x0000,0x0000,0x0000,0x0000,
  0x0000,0x0000,0x0000,0x0000,0x0000,0x0000,0x0000,0x0000,0x0000,0x0000,0x0000,0x0000,0x0000,0x0000,0x0000,0x0000,
  0x0000,0x0000,0x0000,0x0000,0x0000,0x0000,0x0000,0x0000,0x0000,0x0000,0x0000,0x0000,0x0000,0x0000,0x0000,0x0000,
  0x0000,0x0000,0x0000,0x0000,0x0000,0x0000,0x0000,0x0000,0x0000,0x0000,0x0000,0x0000,0x0000,0x0000,0x0000,0x0000,
  0x0000,0x0000,0x0000,0x0000,0x0000,0x0000,0x0000,0xE2D5,0xE6F5,0x0000,0x0000,0x0000,0x0000,0x0000,0x0000,0x0000,
  0x0000,0x0000,0x0000,0x0000,0x0000,0x0000,0x0000,0x0000,0x0000,0x0000,0x0000,0x0000,0x0000,0x0000,0x0000,0x0000,
  0x0000,0x0000,0x0000,0x0000,0x0000,0x0000,0x0000,0x0000,0x0000,0x0000,0x0000,0x0000,0x0000,0x0000,0x0000,0x0000,
  0x0000,0x0000,0x0000,0x0000,0x0000,0x0000,0x0000,0x0000,0x0000,0x0000,0x0000,0x0000,0x0000,0x0000,0x0000,0x0000,
  0x0000,0x0000,0x0000,0x0000,0x0000,0x0000,0x0000,0xEB16,0xEB16,0x0000,0x0000,0x0000,0x0000,0x0000,0x0000,0x0000,
  0xE6F5,0xE6F5,0x0000,0x0000,0x0000,0x0000,0x0000,0x0000,0x0000,0x0000,0x0000,0x0000,0x0000,0x0000,0x0000,0x0000,
  0x0000,0x0000,0x0000,0x0000,0x0000,0x0000,0x0000,0x0000,0x0000,0x0000,0x0000,0x0000,0x0000,0x0000,0x0000,0x0000,
  0x0000,0x0000,0x0000,0x0000,0x0000,0x0000,0x0000,0x0000,0x0000,0x0000,0x0000,0x0000,0x0000,0x0000,0x0000,0x0000,
  0x0000,0x0000,0x0000,0x0000,0x0000,0x0000,0x0000,0xBDCD,0xDEB4,0xEB15,0xE2D5,0xF358,0xF358,0xF358,0xE6F5,0xE6D4,
  0xCE30,0xCE30,0xEB16,0xE2D5,0x0000,0x0000,0x0000,0x0000,0x0000,0x0000,0x0000,0x0000,0x0000,0x0000,0x0000,0x0000,
  0x0000,0x0000,0x0000,0x0000,0x0000,0x0000,0x0000,0x0000,0x0000,0x0000,0x0000,0x0000,0x0000,0x0000,0x0000,0x0000,
  0x0000,0x0000,0x0000,0x0000,0x0000,0x0000,0x0000,0x0000,0x0000,0x0000,0x0000,0x0000,0x0000,0x0000,0x0000,0x0000,
  0x0000,0x0000,0x0000,0x0000,0x0000,0xC60E,0xE6F6,0xDEB3,0xD251,0xDA93,0xE6D4,0xE2D4,0xE6F5,0xE2D4,0xEF36,0xF779,
  0xF778,0xEF36,0xDA93,0xEF37,0xDEB3,0x0000,0x0000,0x0000,0x0000,0x0000,0x0000,0x0000,0x0000,0x0000,0x0000,0x0000,
  0x0000,0x0000,0x0000,0x0000,0x0000,0x0000,0x0000,0x0000,0x0000,0x0000,0x0000,0x0000,0x0000,0x0000,0x0000,0x0000,
  0x0000,0x0000,0x0000,0x0000,0x0000,0x0000,0x0000,0x0000,0x0000,0x0000,0x0000,0x0000,0x0000,0x0000,0x0000,0x0000,
  0xE2D4,0xE6F5,0xEF37,0xEF37,0xEB16,0xEF37,0xEB16,0xDEB3,0xE2D4,0xE6F5,0xEF37,0xF778,0xF779,0xF779,0xEF37,0xEB16,
  0xE6F5,0xEF37,0xF758,0xCE30,0xEF37,0x0000,0x0000,0xDED4,0x0000,0x0000,0x0000,0x0000,0x0000,0x0000,0x0000,0x0000,
  0x0000,0x0000,0x0000,0x0000,0x0000,0x0000,0x0000,0x0000,0x0000,0x0000,0x0000,0x0000,0x0000,0x0000,0x0000,0x0000,
  0x0000,0x0000,0x0000,0x0000,0x0000,0x0000,0x0000,0x0000,0x0000,0x0000,0x0000,0x0000,0x0000,0x0000,0x0000,0x0000,
  0x0000,0xCE30,0xDEB4,0xEF37,0xE2D4,0xD692,0xDA72,0xEF16,0xF778,0xF779,0xF799,0xEB16,0xE2D4,0xE6F5,0xEF37,0xF779,
  0xE6F6,0xD251,0xFB99,0xEF37,0xE6D4,0xD251,0x0000,0xDEB3,0x0000,0x0000,0x0000,0x0000,0x0000,0x0000,0x0000,0x0000,
  0x0000,0x0000,0x0000,0x0000,0x0000,0x0000,0x0000,0x0000,0x0000,0x0000,0x0000,0x0000,0x0000,0x0000,0x0000,0x0000,
  0x0000,0x0000,0x0000,0x0000,0x0000,0x0000,0x0000,0x0000,0x0000,0x0000,0x0000,0x0000,0x0000,0x0000,0x0000,0x0000,
  0xD250,0xCA0F,0xBDAC,0xD271,0xEF36,0xF779,0xF779,0xF779,0xF779,0xF779,0xFB99,0xFB99,0xE6F5,0xCA2F,0xCE30,0xE2D4,
  0xEAF5,0xBDAC,0xE2D4,0xEF37,0xD672,0xCA0F,0x0000,0xDAB3,0x0000,0x0000,0x0000,0x0000,0x0000,0x0000,0x0000,0x0000,
  0x0000,0x0000,0x0000,0x0000,0x0000,0x0000,0x0000,0x0000,0x0000,0x0000,0x0000,0x0000,0x0000,0x0000,0x0000,0x0000,
  0x0000,0x0000,0x0000,0x0000,0x0000,0x0000,0x0000,0x0000,0x0000,0x0000,0x0000,0x0000,0x0000,0x0000,0xE2D4,0xEB16,
  0xDA93,0xCE50,0xDA92,0xDEB3,0xCA0F,0xD671,0xFB9A,0xF779,0xE2D4,0xE2D4,0xF358,0xF779,0xFB99,0xFB99,0xFB99,0xE2D4,
  0xCA0F,0xDA92,0xD251,0xE6F5,0xC60F,0xB98C,0xC1CD,0x0000,0x0000,0x0000,0x0000,0x0000,0x0000,0x0000,0x0000,0x0000,
  0x0000,0x0000,0x0000,0x0000,0x0000,0x0000,0x0000,0x0000,0x0000,0x0000,0x0000,0x0000,0x0000,0x0000,0x0000,0x0000,
  0x0000,0x0000,0x0000,0x0000,0x0000,0x0000,0x0000,0x0000,0x0000,0x0000,0x0000,0x0000,0xE6F5,0xE6F5,0xE2D4,0xDA92,
  0xC5EE,0xEB16,0xEB17,0xD671,0xCA0F,0xE2D4,0xE6F5,0xBDAC,0xE6F5,0xF779,0xF779,0xF779,0xF778,0xF778,0xF779,0xF779,
  0xC60F,0xC5EE,0xC5EE,0xD672,0xA908,0xCE30,0xCE2F,0xE6F5,0xE2D4,0xD671,0x0000,0x0000,0x0000,0x0000,0x0000,0x0000,
  0x0000,0x0000,0x0000,0x0000,0x0000,0x0000,0x0000,0x0000,0x0000,0x0000,0x0000,0x0000,0x0000,0x0000,0x0000,0x0000,
  0x0000,0x0000,0x0000,0x0000,0x0000,0x0000,0x0000,0x0000,0x0000,0x0000,0x0000,0xE2D4,0xE2D5,0xDA93,0xD251,0xCA10,
  0xEAF5,0xEB16,0xD672,0xE6F5,0xF357,0xF779,0xF779,0xDE93,0xF779,0xF779,0xF799,0xF779,0xDA93,0xB9AC,0xCE50,0xEF17,
  0xE2D4,0xB14A,0xC1CE,0xC1CE,0xC1CD,0xDEB3,0xEB15,0xF778,0xEB16,0xE6F5,0x0000,0x0000,0x0000,0x0000,0x0000,0x0000,
  0x0000,0x0000,0x0000,0x0000,0x0000,0x0000,0x0000,0x0000,0x0000,0x0000,0x0000,0x0000,0x0000,0x0000,0x0000,0x0000,
  0x0000,0x0000,0x0000,0x0000,0x0000,0x0000,0x0000,0x0000,0x0000,0x0000,0xDAB3,0x0000,0x0000,0xC60F,0xE2D4,0xEAF6,
  0xE6F5,0xDA93,0xF358,0xFB99,0xF779,0xE6F5,0xDA92,0xF779,0xF799,0xF779,0xEB16,0xAD49,0xA929,0xBDAC,0xA928,0xCA30,
  0xE6F5,0xAD4A,0xBDAC,0xD251,0xE6F5,0xEF36,0xF358,0xF778,0xF358,0xE6F5,0xD672,0x0000,0x0000,0x0000,0x0000,0x0000,
  0x0000,0x0000,0x0000,0x0000,0x0000,0x0000,0x0000,0x0000,0x0000,0x0000,0x0000,0x0000,0x0000,0x0000,0x0000,0x0000,
  0x0000,0x0000,0x0000,0x0000,0x0000,0x0000,0x0000,0x0000,0x0000,0x0000,0x0000,0x0000,0xD672,0xE2D4,0xE6F6,0xEB17,
  0xCA0F,0xF779,0xF779,0xF778,0xE2D4,0xEB16,0xEF37,0xF779,0xF799,0xEF37,0xA508,0xAD29,0xC1CE,0xAD49,0xC1EE,0xBDCE,
  0xD251,0xAD49,0xD672,0xE6F6,0xF778,0xF779,0xF778,0xF779,0xEB16,0xEF37,0xE6F6,0xD672,0x0000,0x0000,0x0000,0x0000,
  0x0000,0x0000,0x0000,0x0000,0x0000,0x0000,0x0000,0x0000,0x0000,0x0000,0x0000,0x0000,0x0000,0x0000,0x0000,0x0000,
  0x0000,0x0000,0x0000,0x0000,0x0000,0x0000,0x0000,0x0000,0x0000,0x0000,0x0000,0x0000,0xE2D4,0xE6F6,0xE2D4,0xCA0F,
  0xEB16,0xF778,0xF778,0xE2D4,0xF779,0xCE50,0xF779,0xF779,0xF778,0xBDAC,0xA929,0xB56B,0xA8E5,0xB149,0xC1AB,0xC5EE,
  0xBD06,0xDEB4,0xF778,0xF778,0xF779,0xF799,0xE2D4,0xE6F5,0xF778,0xD251,0xE2D5,0xE6F5,0xD251,0x0000,0x0000,0x0000,
  0x0000,0x0000,0x0000,0x0000,0x0000,0x0000,0x0000,0x0000,0x0000,0x0000,0x0000,0x0000,0x0000,0x0000,0x0000,0x0000,
  0x0000,0x0000,0x0000,0x0000,0x0000,0x0000,0x0000,0x0000,0x0000,0x0000,0x0000,0xE2D5,0xE2F5,0xE2D4,0xCA0F,0xE6D4,
  0xF778,0xEB16,0xE2D4,0xF779,0xE6F5,0xD672,0xF779,0xF779,0xD250,0xACA3,0xB0C3,0xBCE4,0xD166,0xD166,0xD166,0xD166,
  0xD166,0xD166,0xD586,0xE2B3,0xEAF5,0xF358,0xF358,0xEB16,0xD251,0xE6F6,0xC5EE,0xAD49,0xDA92,0x0000,0x0000,0x0000,
  0x0000,0x0000,0x0000,0x0000,0x0000,0x0000,0x0000,0x0000,0x0000,0x0000,0x0000,0x0000,0x0000,0x0000,0x0000,0x0000,
  0x0000,0x0000,0x0000,0x0000,0x0000,0x0000,0x0000,0x0000,0x0000,0x0000,0xE2D5,0xE2D5,0xD251,0xCA30,0xD692,0xF779,
  0xF758,0xD671,0xF358,0xE6F5,0xDEB3,0xF378,0xEB16,0xF799,0x9C62,0xB8E4,0xBCE4,0xD587,0xD186,0xD166,0xD566,0xD166,
  0xD166,0xD166,0xD186,0xBD05,0xBD48,0xDA92,0xE6D4,0xF779,0xDE92,0xCA0F,0xDEB3,0xB14A,0x0000,0x0000,0x0000,0x0000,
  0x0000,0x0000,0x0000,0x0000,0x0000,0x0000,0x0000,0x0000,0x0000,0x0000,0x0000,0x0000,0x0000,0x0000,0x0000,0x0000,
  0x0000,0x0000,0x0000,0x0000,0x0000,0x0000,0x0000,0x0000,0x0000,0xE2D5,0xD692,0xC5EE,0xCA30,0xD672,0xEB16,0xF358,
  0xDA72,0xF358,0xF779,0xE716,0xC1EE,0xF358,0xF358,0xD22F,0xBD04,0xC925,0xD586,0xD186,0xD166,0xD166,0xD166,0xD166,
  0xD166,0xD186,0xD166,0xD166,0xC546,0xEB17,0xEF37,0xE2D4,0xEF37,0xE2B3,0xBDAC,0xCE51,0xBDCD,0x0000,0x0000,0x0000,
  0x0000,0x0000,0x0000,0x0000,0x0000,0x0000,0x0000,0x0000,0x0000,0x0000,0x0000,0x0000,0x0000,0x0000,0x0000,0x0000,
  0x0000,0x0000,0x0000,0x0000,0x0000,0x0000,0x0000,0x0000,0xDAB3,0x0000,0x0000,0xD672,0xCA10,0xE2D4,0xEF37,0xDEB3,
  0xE6F5,0xF778,0xEF37,0xD251,0x9883,0xFB99,0xF779,0xA083,0xC105,0xD587,0xD586,0xD586,0xD186,0xD166,0xD166,0xD166,
  0xD166,0xD166,0xD166,0xD166,0xD587,0xB128,0xCE0F,0xEB16,0xD693,0xE2F5,0xD251,0xA508,0x0000,0x0000,0x0000,0x0000,
  0x0000,0x0000,0x0000,0x0000,0x0000,0x0000,0x0000,0x0000,0x0000,0x0000,0x0000,0x0000,0x0000,0x0000,0x0000,0x0000,
  0x0000,0x0000,0x0000,0x0000,0x0000,0x0000,0x0000,0x0000,0xDAB3,0x0000,0xD271,0xDA93,0xC9EF,0xE2D5,0xEB16,0xCA10,
  0xF778,0xF778,0xF358,0xC1CC,0x9C62,0xFB78,0xEB16,0xBD05,0xC525,0xD587,0xD586,0xD587,0xD566,0xD566,0xD566,0xD186,
  0xD587,0xD167,0xD166,0xD167,0xD166,0xE24F,0xDEB3,0xDA93,0xE2D4,0xCE51,0xD672,0xB56B,0x0000,0x0000,0x0000,0x0000,
  0x0000,0x0000,0x0000,0x0000,0x0000,0x0000,0x0000,0x0000,0x0000,0x0000,0x0000,0x0000,0x0000,0x0000,0x0000,0x0000,
  0x0000,0x0000,0x0000,0x0000,0x0000,0x0000,0x0000,0x0000,0x0000,0x0000,0xDEB3,0xD672,0xDEB3,0xE6F5,0xD672,0xE6F5,
  0xF758,0xEF37,0xE2D4,0xA4A3,0xC546,0xF779,0xB0E5,0xBD05,0xD586,0xD586,0xD587,0xD587,0xD587,0xC946,0xB905,0x8C42,
  0x8C43,0x8842,0x8821,0xA4A3,0xD166,0xD167,0xC18A,0xE2F5,0xDE93,0xD672,0xC1CD,0x0000,0x0000,0x0000,0x0000,0x0000,
  0x0000,0x0000,0x0000,0x0000,0x0000,0x0000,0x0000,0x0000,0x0000,0x0000,0x0000,0x0000,0x0000,0x0000,0x0000,0x0000,
  0x0000,0x0000,0x0000,0x0000,0x0000,0x0000,0x0000,0x0000,0x0000,0xD672,0xDEB4,0xC5EE,0xDAB3,0xE2D4,0xCE30,0xF358,
  0xF778,0xF779,0xCA0F,0xA8A3,0xC125,0xEAF4,0xC125,0xD186,0xD586,0xD587,0xD587,0xD587,0xC525,0x8842,0x8421,0xA0A3,
  0xD586,0xD566,0xD166,0xCD66,0xCD66,0xCD66,0xB905,0xE6F5,0xDEB4,0xCE0F,0xC5EE,0x0000,0x0000,0x0000,0x0000,0x0000,
  0x0000,0x0000,0x0000,0x0000,0x0000,0x0000,0x0000,0x0000,0x0000,0x0000,0x0000,0x0000,0x0000,0x0000,0x0000,0x0000,
  0x0000,0x0000,0x0000,0x0000,0x0000,0x0000,0x0000,0x0000,0x0000,0xE2D4,0xDA92,0xA508,0xE2D5,0xD672,0xCE30,0xF358,
  0xEB16,0xF779,0x8422,0x8000,0x8C42,0x9CE7,0x8C42,0xD586,0xD187,0xD587,0xD587,0xC546,0x8842,0xB8E4,0xBCE4,0xD166,
  0xC104,0xA082,0x9041,0xC105,0xD166,0xD187,0xC147,0xDEB3,0xD671,0xD987,0xD166,0xB906,0x0000,0x0000,0x0000,0x0000,
  0x0000,0x0000,0x0000,0x0000,0x0000,0x0000,0x0000,0x0000,0x0000,0x0000,0x0000,0x0000,0x0000,0x0000,0x0000,0x0000,
  0x0000,0x0000,0x0000,0x0000,0x0000,0x0000,0x0000,0x0000,0x0000,0xD692,0x0000,0xD252,0xE2D4,0xCA10,0xE2D5,0xF359,
  0xF337,0xE6F4,0xB0C4,0xC925,0xCD45,0xC104,0xB0C4,0xCD45,0xD587,0xD587,0xD166,0xD586,0xD166,0xB4C3,0x8000,0x8400,
  0x8000,0x8000,0xA881,0x8000,0xC546,0xCD46,0xC105,0xD272,0xD587,0xBD04,0xA062,0xCD46,0x0000,0x0000,0x0000,0x0000,
  0x0000,0x0000,0x0000,0x0000,0x0000,0x0000,0x0000,0x0000,0x0000,0x0000,0x0000,0x0000,0x0000,0x0000,0x0000,0x0000,
  0x0000,0x0000,0x0000,0x0000,0x0000,0x0000,0x0000,0x0000,0x0000,0x0000,0x0000,0xDEB4,0xD251,0xCE30,0xEF37,0xEF37,
  0xF357,0xD651,0xA4A3,0x9462,0x9862,0xBD05,0xC525,0xB0C3,0xD587,0xD586,0xD566,0xD586,0xC946,0xC545,0x9483,0xB968,
  0x9CC4,0x8000,0xBCE2,0x8820,0xD987,0xCD66,0xC946,0xC60F,0xCD66,0x9441,0xB4C4,0xC525,0xA8A3,0x0000,0x0000,0x0000,
  0x0000,0x0000,0x0000,0x0000,0x0000,0x0000,0x0000,0x0000,0x0000,0x0000,0x0000,0x0000,0x0000,0x0000,0x0000,0x0000,
  0x0000,0x0000,0x0000,0x0000,0x0000,0x0000,0x0000,0x0000,0x0000,0x0000,0x0000,0xDEB4,0xCA0F,0xBDAD,0xEB16,0xE2D4,
  0xF357,0x8421,0x8000,0x9CC5,0xB127,0x8400,0x8000,0xB0C3,0xD166,0xD587,0xD586,0xD586,0xCD46,0x8C21,0xDA70,0xEEF2,
  0xB8C0,0x9440,0xDDA4,0xC945,0xD987,0xC568,0xC945,0xACA3,0xBD04,0xA482,0xD587,0xD146,0xA8C3,0x0000,0x0000,0x0000,
  0x0000,0x0000,0x0000,0x0000,0x0000,0x0000,0x0000,0x0000,0x0000,0x0000,0x0000,0x0000,0x0000,0x0000,0x0000,0x0000,
  0x0000,0x0000,0x0000,0x0000,0x0000,0x0000,0x0000,0x0000,0x0000,0x0000,0x0000,0xDEB3,0xBDAC,0xC60F,0xE6F5,0xE6F5,
  0xEB16,0x8821,0x9862,0xD24F,0xEEF3,0x8400,0x8000,0x8400,0xB8E4,0xD586,0xD586,0xD166,0xD186,0xD186,0xD587,0xBD04,
  0xBCE4,0xB4E3,0xCD66,0xD587,0xD167,0x90CA,0xCD66,0xCD46,0xCD66,0xB0C4,0xBD04,0xD166,0xA8A3,0x0000,0x0000,0x0000,
  0x0000,0x0000,0x0000,0x0000,0x0000,0x0000,0x0000,0x0000,0x0000,0x0000,0x0000,0x0000,0x0000,0x0000,0x0000,0x0000,
  0x0000,0x0000,0x0000,0x0000,0x0000,0x0000,0x0000,0x0000,0x0000,0x0000,0xDA93,0xE2D4,0xAD49,0xD250,0xDE93,0xEB16,
  0xE6F5,0x9CA5,0xA8A3,0x9C82,0xEAD2,0xE5C3,0xB8E1,0xC945,0xB8E4,0xD587,0xD566,0xD586,0xD587,0xD586,0xD586,0xD586,
  0xD586,0xD586,0xD586,0xD186,0xA12A,0xA907,0xCD46,0xCD46,0xD166,0xA483,0xD166,0xC105,0x0000,0x0000,0x0000,0x0000,
  0x0000,0x0000,0x0000,0x0000,0x0000,0x0000,0x0000,0x0000,0x0000,0x0000,0x0000,0x0000,0x0000,0x0000,0x0000,0x0000,
  0x0000,0x0000,0x0000,0x0000,0x0000,0x0000,0x0000,0x0000,0x0000,0x0000,0xDA93,0x0000,0x0000,0xD692,0xD251,0xEB16,
  0xB14A,0xA928,0xA083,0xC525,0xC505,0xD587,0xD587,0xD187,0xB0C4,0xD966,0xD566,0xD586,0xD586,0xD566,0xD566,0xD566,
  0xD566,0xD586,0xD587,0x992C,0x98EA,0xCD66,0xCD66,0xD187,0xA482,0xCD46,0xC946,0x0000,0x0000,0x0000,0x0000,0x0000,
  0x0000,0x0000,0x0000,0x0000,0x0000,0x0000,0x0000,0x0000,0x0000,0x0000,0x0000,0x0000,0x0000,0x0000,0x0000,0x0000,
  0x0000,0x0000,0x0000,0x0000,0x0000,0x0000,0x0000,0x0000,0x0000,0x0000,0xDA93,0x0000,0x0000,0xDEB4,0xCE30,0xDA92,
  0xB14A,0xB14A,0x9C83,0xC946,0xD166,0xD586,0xD586,0xC525,0xC925,0xD987,0xD966,0xD566,0xD566,0xD586,0xD586,0xD566,
  0xD586,0xD587,0xD587,0xB149,0xCD45,0xC946,0xCD66,0xD166,0xE62B,0xC524,0x9041,0x0000,0x0000,0x0000,0x0000,0x0000,
  0x0000,0x0000,0x0000,0x0000,0x0000,0x0000,0x0000,0x0000,0x0000,0x0000,0x0000,0x0000,0x0000,0x0000,0x0000,0x0000,
  0x0000,0x0000,0x0000,0x0000,0x0000,0x0000,0x0000,0x0000,0x0000,0x0000,0x0000,0x0000,0x0000,0xDEB4,0xD251,0xD672,
  0xBDAD,0xA908,0x8C42,0xC946,0xD586,0xD586,0xD586,0xC105,0xD986,0xDDA8,0xD987,0xD566,0xD566,0xD586,0xD586,0xD566,
  0xD566,0xD587,0xD566,0xD587,0xCD66,0xCD46,0xC946,0x9862,0xD9C6,0xACC4,0x0000,0x0000,0x0000,0x0000,0x0000,0x0000,
  0x0000,0x0000,0x0000,0x0000,0x0000,0x0000,0x0000,0x0000,0x0000,0x0000,0x0000,0x0000,0x0000,0x0000,0x0000,0x0000,
  0x0000,0x0000,0x0000,0x0000,0x0000,0x0000,0x0000,0x0000,0x0000,0x0000,0x0000,0x0000,0x0000,0xDEB4,0x0000,0xCE30,
  0xDA92,0x0000,0xB149,0xC946,0xD586,0xD586,0xD166,0xCD66,0x9441,0xC505,0xC105,0x9441,0xD586,0xD586,0xD586,0xD166,
  0xD586,0xD586,0xD566,0xD586,0xD166,0xCD66,0xB0C4,0x8C21,0x9863,0x0000,0x0000,0x0000,0x0000,0x0000,0x0000,0x0000,
  0x0000,0x0000,0x0000,0x0000,0x0000,0x0000,0x0000,0x0000,0x0000,0x0000,0x0000,0x0000,0x0000,0x0000,0x0000,0x0000,
  0x0000,0x0000,0x0000,0x0000,0x0000,0x0000,0x0000,0x0000,0x0000,0x0000,0x0000,0x0000,0x0000,0xDEB3,0x0000,0xD250,
  0xD230,0x0000,0x0000,0xBD05,0xD166,0xD166,0xD166,0xD166,0xC104,0xB4C4,0xBCE4,0xD566,0xD566,0xD166,0xD566,0xD586,
  0xD586,0xD586,0xD566,0xD166,0xD587,0xCD66,0xA482,0x8821,0x0000,0x0000,0x0000,0x0000,0x0000,0x0000,0x0000,0x0000,
  0x0000,0x0000,0x0000,0x0000,0x0000,0x0000,0x0000,0x0000,0x0000,0x0000,0x0000,0x0000,0x0000,0x0000,0x0000,0x0000,
  0x0000,0x0000,0x0000,0x0000,0x0000,0x0000,0x0000,0x0000,0x0000,0x0000,0x0000,0x0000,0x0000,0x0000,0x0000,0x0000,
  0xDA93,0x0000,0x0000,0xAD07,0xBD05,0xD166,0xD166,0xD166,0xD166,0xD566,0xD587,0xC946,0xD166,0xD166,0xD586,0xACC4,
  0xD166,0xD166,0xD566,0xD166,0xD166,0xB0C3,0x9C62,0x9042,0x8865,0x0000,0x0000,0x0000,0x0000,0x0000,0x0000,0x0000,
  0x0000,0x0000,0x0000,0x0000,0x0000,0x0000,0x0000,0x0000,0x0000,0x0000,0x0000,0x0000,0x0000,0x0000,0x0000,0x0000,
  0x0000,0x0000,0x0000,0x0000,0x0000,0x0000,0x0000,0x0000,0x0000,0x0000,0x0000,0x0000,0x0000,0x0000,0x0000,0x0000,
  0xD251,0x0000,0x0000,0x0000,0x9C83,0xD587,0xD586,0xD186,0xC525,0xA8A3,0xA483,0x9C62,0x9C82,0x9C63,0xB8E5,0xD187,
  0xD167,0xD167,0xD567,0xD166,0xC525,0xA082,0xB0A3,0x9041,0x8888,0x8CCA,0x912D,0x954F,0x90EB,0x0000,0x0000,0x0000,
  0x0000,0x0000,0x0000,0x0000,0x0000,0x0000,0x0000,0x0000,0x0000,0x0000,0x0000,0x0000,0x0000,0x0000,0x0000,0x0000,
  0x0000,0x0000,0x0000,0x0000,0x0000,0x0000,0x0000,0x0000,0x0000,0x0000,0x0000,0x0000,0x0000,0x0000,0x0000,0x0000,
  0x0000,0xCE30,0x0000,0x0000,0x0000,0xC105,0xD186,0xD587,0xCD67,0xACA3,0xBCE4,0xCD26,0xD146,0xC105,0xD587,0xD186,
  0xD566,0xD566,0xD587,0xD187,0x9441,0xB4C4,0xBD05,0x9041,0x8465,0x8486,0x8887,0x8CEA,0x996F,0x996F,0x0000,0x0000,
  0x0000,0x0000,0x0000,0x0000,0x0000,0x0000,0x0000,0x0000,0x0000,0x0000,0x0000,0x0000,0x0000,0x0000,0x0000,0x0000,
  0x0000,0x0000,0x0000,0x0000,0x0000,0x0000,0x0000,0x0000,0x0000,0x0000,0x0000,0x0000,0x0000,0x0000,0x0000,0x0000,
  0x0000,0x0000,0x0000,0x0000,0x0000,0x94A5,0xB0C3,0xD187,0xD187,0xC104,0xA483,0xA483,0xA483,0xD166,0xD167,0xD567,
  0xD167,0xD186,0xC925,0x8C21,0xA8A3,0xC946,0xC925,0xA882,0x8445,0x8887,0x8886,0x8444,0x990A,0xFF0B,0x0000,0x0000,
  0x0000,0x0000,0x0000,0x0000,0x0000,0x0000,0x0000,0x0000,0x0000,0x0000,0x0000,0x0000,0x0000,0x0000,0x0000,0x0000,
  0x0000,0x0000,0x0000,0x0000,0x0000,0x0000,0x0000,0x0000,0x0000,0x0000,0x0000,0x0000,0x0000,0x0000,0x0000,0x0000,
  0x0000,0x0000,0x0000,0x8887,0x88C9,0x88C9,0x8000,0xD166,0xD587,0xD587,0xD186,0xB4C3,0xC945,0xD566,0xD586,0xD587,
  0xD586,0xD587,0x9021,0xA8A3,0xB8E4,0xCD46,0xC945,0xA882,0x8444,0x8465,0x8465,0x8CC8,0xD9C5,0xE9E5,0x0000,0x0000,
  0x0000,0x0000,0x0000,0x0000,0x0000,0x0000,0x0000,0x0000,0x0000,0x0000,0x0000,0x0000,0x0000,0x0000,0x0000,0x0000,
  0x0000,0x0000,0x0000,0x0000,0x0000,0x0000,0x0000,0x0000,0x0000,0x0000,0x0000,0x0000,0x0000,0x0000,0x0000,0x0000,
  0x0000,0x9D2C,0x8D0C,0x910D,0x8887,0x8464,0x8465,0x8000,0xD186,0xD167,0xD187,0xD166,0xD167,0xD587,0xD586,0xD587,
  0xCD66,0x9441,0xA482,0xACA3,0xC504,0xC945,0xCD46,0xA8A3,0x8000,0x8466,0x9CE6,0xF688,0xEA25,0x88A7,0x0000,0x0000,
  0x0000,0x0000,0x0000,0x0000,0x0000,0x0000,0x0000,0x0000,0x0000,0x0000,0x0000,0x0000,0x0000,0x0000,0x0000,0x0000,
  0x0000,0x0000,0x0000,0x0000,0x0000,0x0000,0x0000,0x0000,0x0000,0x0000,0x0000,0x0000,0x0000,0x0000,0x0000,0x952D,
  0x9DB2,0x9970,0x8CEB,0x8CEB,0x88A8,0x8887,0x8465,0x8465,0x8000,0xB0C4,0xD587,0xD587,0xD587,0xD587,0xD566,0xA082,
  0x9041,0xA482,0xB4C3,0xC104,0xD566,0xC125,0x9C82,0x8421,0x8CA7,0xF6A9,0xE206,0xD9C4,0x910B,0x9970,0x0000,0x0000,
  0x0000,0x0000,0x0000,0x0000,0x0000,0x0000,0x0000,0x0000,0x0000,0x0000,0x0000,0x0000,0x0000,0x0000,0x0000,0x0000,
  0x0000,0x0000,0x0000,0x0000,0x0000,0x0000,0x0000,0x0000,0x0000,0x0000,0x0000,0x0000,0x0000,0x0000,0x952E,0xA1D3,
  0x954F,0x910C,0x912E,0x8CCA,0x8CEB,0x84A8,0x8486,0x8465,0x8044,0x8000,0xA8A2,0xC945,0xC945,0xC104,0x8000,0x9862,
  0xA4A2,0xA8A3,0xB0C3,0xD166,0xC104,0x8021,0x8821,0xA0C4,0xFAC9,0xD9A5,0x8CEA,0x9571,0x9550,0x912D,0x0000,0x0000,
  0x0000,0x0000,0x0000,0x0000,0x0000,0x0000,0x0000,0x0000,0x0000,0x0000,0x0000,0x0000,0x0000,0x0000,0x0000,0x0000,
  0x0000,0x0000,0x0000,0x0000,0x0000,0x0000,0x0000,0x0000,0x0000,0x0000,0x0000,0x0000,0x0000,0xC230,0x9D91,0x8D0C,
  0x9550,0x954F,0x9570,0x912D,0x8CEB,0x88A8,0x88A8,0x8465,0x8023,0x8000,0x8000,0x8000,0x9C62,0x9862,0xA062,0xACA3,
  0xB0C4,0xB4E4,0x8C21,0x8000,0x8C64,0xB967,0xFF0C,0xEA26,0x8CA8,0x9971,0x9571,0x9570,0x910D,0x9550,0x0000,0x0000,
  0x0000,0x0000,0x0000,0x0000,0x0000,0x0000,0x0000,0x0000,0x0000,0x0000,0x0000,0x0000,0x0000,0x0000,0x0000,0x0000,
  0x0000,0x0000,0x0000,0x0000,0x0000,0x0000,0x0000,0x0000,0x0000,0x0000,0x0000,0x0000,0xDE27,0xD1C7,0x8CC9,0x9991,
  0x954F,0x9550,0x9550,0x912E,0x8CEA,0x8CEB,0x88A8,0x8464,0x8000,0x8000,0x8422,0x8000,0x8800,0xA482,0xA482,0x9862,
  0x8000,0x8000,0x9085,0x94A6,0x8421,0xFAEA,0xE606,0x8CEA,0x9570,0x9570,0x9570,0x912F,0x910D,0x8D0C,0x8443,0x0000,
  0x0000,0x0000,0x0000,0x0000,0x0000,0x0000,0x0000,0x0000,0x0000,0x0000,0x0000,0x0000,0x0000,0x0000,0x0000,0x0000,
  0x0000,0x0000,0x0000,0x0000,0x0000,0x0000,0x0000,0x0000,0x0000,0x0000,0x0000,0x0000,0x0000,0xEE46,0x8CA7,0x9992,
  0x9991,0x954F,0x954F,0x912E,0x8CCB,0x8CEB,0x88A9,0x8465,0x8000,0x8000,0x8842,0x8C64,0x8000,0x8000,0x8000,0x8401,
  0x9085,0x98C7,0x98A6,0x9084,0xDDE6,0xE1E5,0x94E8,0x9971,0x9571,0x9570,0x912F,0x912E,0x910D,0x8D0C,0x8466,0x8887,
  0x0000,0x0000,0x0000,0x0000,0x0000,0x0000,0x0000,0x0000,0x0000,0x0000,0x0000,0x0000,0x0000,0x0000,0x0000,0x0000,
  0x0000,0x0000,0x0000,0x0000,0x0000,0x0000,0x0000,0x0000,0x0000,0x0000,0x0000,0x0000,0x0000,0x0000,0xF248,0x8865,
  0x9992,0x9991,0x9550,0x912E,0x8D0C,0x8CEB,0x8487,0x8000,0x8000,0x8000,0x8000,0x8842,0x8C64,0xC1CE,0x8842,0x9084,
  0x8C64,0x8C64,0x8C64,0x8421,0xD9C5,0xBD25,0x8889,0x9970,0x9570,0x9571,0x912F,0x910D,0x90EB,0x8444,0x912E,0x8CCB,
  0x8443,0xA18F,0xADF2,0x9DB1,0x994E,0x0000,0x0000,0x0000,0x0000,0x0000,0x0000,0x0000,0x0000,0x0000,0x0000,0x0000,
  0x0000,0x0000,0x0000,0x0000,0x0000,0x0000,0x0000,0x0000,0x0000,0x0000,0x0000,0x0000,0x0000,0x0000,0xC585,0xEA47,
  0x910C,0x9570,0x9550,0x912E,0x912D,0x8CEB,0x8466,0x8000,0x8000,0x8843,0x8000,0x8842,0x8863,0xD672,0x8001,0x8C64,
  0x8C64,0x8C85,0x8843,0x8422,0xD5A5,0xB505,0x8CEC,0x9971,0x9550,0x912E,0x952F,0x8D0D,0x8887,0x8CEC,0x952F,0x8021,
  0xE2B1,0xE2B2,0x9D4D,0xBA33,0xA16E,0x9D2C,0x0000,0x0000,0x0000,0x0000,0x0000,0x0000,0x0000,0x0000,0x0000,0x0000,
  0x0000,0x0000,0x0000,0x0000,0x0000,0x0000,0x0000,0x0000,0x0000,0x0000,0x0000,0x0000,0x0000,0x0000,0x0000,0xEE67,
  0xA0E7,0x954F,0x9970,0x912D,0x912E,0x88A9,0x8065,0x8000,0x8843,0x8843,0x8000,0x8842,0x9084,0xBDCD,0x8001,0x9085,
  0x8C84,0x8C64,0x8C63,0x8842,0xD5C6,0x98E7,0x90EC,0x9971,0x912F,0x912F,0x8CEB,0x88A8,0x8887,0x9550,0x8CEB,0xC985,
  0xE6B0,0xE6D2,0xEAF3,0xB946,0x90E9,0x8001,0x8C84,0x0000,0x0000,0x0000,0x0000,0x0000,0x0000,0x0000,0x0000,0x0000,
  0x0000,0x0000,0x0000,0x0000,0x0000,0x0000,0x0000,0x0000,0x0000,0x0000,0x0000,0x0000,0x0000,0xB969,0xAD48,0x8420,
  0xEA48,0x8866,0x9970,0x910C,0x910C,0x88A8,0x8000,0x8842,0x9085,0x8842,0x8000,0x8843,0x9084,0xB16A,0x8421,0x8C84,
  0x8C64,0x8843,0x8842,0x8421,0xDDE7,0xA928,0x912E,0x954F,0x912E,0x910D,0x8044,0x910C,0x952F,0x8CEB,0x8000,0xEA05,
  0xEE46,0xEE47,0xC123,0x8000,0x8D2D,0x89B1,0x9AB8,0x918F,0x88C9,0x0000,0x0000,0x0000,0x0000,0x0000,0x0000,0x0000,
  0x0000,0x0000,0x0000,0x0000,0x0000,0x0000,0x0000,0x0000,0x0000,0x0000,0x0000,0xBDAC,0xCE0F,0xB548,0x8000,0x8000,
  0xD9A4,0xD9C5,0x912D,0x912D,0x910D,0x8466,0x8000,0x8842,0x9085,0x8C64,0x8421,0x8422,0x8843,0xBDCD,0x8422,0x8C64,
  0x8C63,0x8843,0x8421,0x8021,0xDDE6,0x94A6,0x912F,0x9570,0x910D,0x8466,0x8CEB,0x9550,0x954F,0x8D0C,0xD983,0xF688,
  0xEE46,0xF688,0xB103,0x90A8,0x91B2,0x92F9,0x8A76,0x8E96,0x99D2,0x8CCA,0x0000,0x0000,0x0000,0x0000,0x0000,0x0000,
  0x0000,0x0000,0x0000,0x0000,0x0000,0x0000,0x0000,0x0000,0x0000,0x8C84,0xD5EB,0xE24C,0xB525,0x8421,0x8863,0x8422,
  0x8000,0xE606,0x8463,0x910D,0x8CCA,0x8000,0x8421,0x8842,0x8C64,0x9085,0x9085,0x8C64,0x8C63,0xB14A,0x8000,0x8000,
  0x8863,0x8863,0x8C64,0x8843,0xD9C6,0x9086,0x912E,0x8CEB,0x88A8,0x912E,0x912E,0x954F,0x954F,0x8000,0x8C63,0x9062,
  0xE1E6,0xB903,0x88C9,0x8E97,0x9B3B,0xB77D,0x9235,0x9992,0x910C,0x8CEC,0x954F,0x0000,0x0000,0x0000,0x0000,0x0000,
  0x0000,0x0000,0x0000,0x0000,0x0000,0x0000,0x0000,0x94EB,0x9571,0x8442,0xDE2B,0xE208,0x8C62,0x8822,0x9085,0x9085,
  0x8000,0xD163,0xA906,0x8CEB,0x8486,0x8000,0x8422,0x8000,0x8C63,0x9085,0x9085,0x94A5,0x8C64,0xCE51,0x8421,0x8C64,
  0x9085,0x94A6,0x8C64,0x8842,0xD9C6,0x94A6,0x912D,0x8486,0x8D0C,0x912E,0x954F,0x9570,0x954F,0x8842,0x98C7,0x94A6,
  0x8C63,0x9882,0x910C,0x914E,0x9719,0x92D8,0x9570,0x88AA,0x954F,0x9991,0x952F,0x90EA,0x0000,0x0000,0x0000,0x0000,
  0x0000,0x0000,0x0000,0x0000,0x0000,0x0000,0x0000,0x9970,0x952E,0xC963,0xB504,0xB0E3,0x8000,0x9085,0x94A6,0x9085,
  0x8000,0x8421,0xD5A5,0x8486,0x8000,0x8422,0x8843,0x8843,0x8000,0x8843,0x9085,0x9085,0x8421,0xD672,0x8C64,0x9085,
  0x9085,0x94A6,0x8863,0x8000,0x9062,0x8887,0x8487,0x912E,0x912E,0x914F,0x9571,0x912E,0x8CEB,0x94A6,0x94A6,0x94A6,
  0x8C63,0x8422,0x954F,0x9970,0x9550,0x95B3,0x8CEC,0x9970,0x9DB2,0x9570,0x912E,0x912E,0x950A,0x0000,0x0000,0x0000,
  0x0000,0x0000,0x0000,0x0000,0x0000,0x8CCA,0x912E,0x912E,0x910C,0x8863,0x9085,0x8822,0x8843,0x8863,0x8C64,0x9084,
  0x8465,0x910D,0x88A9,0x8001,0x8000,0x8000,0x8C64,0x9085,0x94A5,0x8C64,0x8842,0x8421,0x8000,0xB16A,0x8C63,0x8843,
  0x8843,0x8842,0x8842,0xE1E5,0xEA26,0x8C85,0x912F,0x912F,0x9971,0x912E,0x954F,0x912F,0x8422,0x9CE8,0x9085,0x9CE8,
  0x8000,0x8CEC,0x9570,0x9570,0x9991,0x88A8,0x952E,0x8CCA,0x952F,0x9570,0x954F,0x910D,0x8CEB,0x0000,0x0000,0x0000,
  0x0000,0x0000,0x0000,0x0000,0x0000,0x954F,0x912E,0x910D,0x8885,0x9085,0x94A5,0x8001,0xD251,0xD651,0xD271,0x8C64,
  0x8CEB,0x9992,0x84A9,0x8000,0x8421,0x8842,0x8843,0x9085,0x9085,0x9085,0x9085,0x8C84,0x8842,0x8C64,0x8843,0x8863,
  0x9085,0x9085,0x8422,0xFAEA,0xEA27,0x90C8,0x912E,0x9571,0x954F,0x9550,0x9570,0x912E,0x8001,0x94A6,0x9085,0x9085,
  0x8864,0x9550,0x9570,0x9970,0x9550,0x88CA,0x9992,0x8D0C,0x8887,0x9570,0x9570,0x9550,0x910D,0x0000,0x0000,0x0000,
  0x0000,0x0000,0x0000,0x0000,0x952D,0x9950,0x8CEB,0x8CCA,0x8000,0x9085,0x8863,0xAD29,0xD272,0xD692,0xB58B,0x8000,
  0x9970,0x912E,0x8021,0x8421,0x8843,0x94A6,0x8421,0x8C63,0x9085,0x94A5,0x94A5,0x8C64,0xCE31,0x8863,0x9085,0x90A5,
  0x94A6,0x9085,0xF68B,0xEA26,0x9884,0x912E,0x9570,0x9571,0x90EB,0x8CEA,0x8CEB,0x8CCA,0x8000,0x8C64,0x9085,0x8C64,
  0x954F,0x954F,0x9570,0x9570,0x8CCB,0x912E,0x9991,0x912F,0x910D,0x8CC9,0x9570,0x9550,0x912E,0x950A,0x0000,0x0000,
  0x0000,0x0000,0x0000,0x0000,0x912E,0x910D,0x8CCB,0x88A9,0x8000,0x8C64,0x8842,0xB58B,0xB56B,0xB9AC,0xA0E7,0x8466,
  0x9991,0x88A9,0x8000,0x8842,0x8C64,0x94A6,0x98C6,0x8842,0x9085,0x9085,0x94A5,0x9085,0xD672,0x8843,0x9085,0x9085,
  0x9084,0xC1A8,0xFAEC,0xE606,0x90EB,0x9570,0x9571,0x9970,0xE607,0xF288,0xF289,0xEE68,0xF689,0x8842,0x9085,0x8421,
  0x9971,0x954F,0x9570,0x9571,0x8465,0x912E,0x9570,0x914F,0x9550,0x8887,0x9550,0x954F,0x912D,0x8CEB,0x0000,0x0000,
  0x0000,0x0000,0x0000,0x910C,0x912E,0x8CEB,0x8CEC,0x88A9,0x8864,0x8C64,0x8421,0x8C64,0x8C63,0x9084,0x8C63,0x912F,
  0x9992,0x88A8,0x8000,0x8C63,0x8863,0x94A6,0xA529,0x8842,0x8C64,0x8C64,0x90A5,0x8C63,0xD251,0x9085,0x8C64,0x9084,
  0x90A5,0xE606,0xEA27,0xC965,0x952E,0x9570,0x9570,0x8865,0xB504,0x8886,0x90C8,0x90A8,0xD1A6,0xD5E7,0x9085,0x8421,
  0x954F,0x954F,0x9570,0x910D,0x88A9,0x9570,0x954F,0x954F,0x914F,0x8CEC,0x912E,0x9550,0x954F,0x8CEB,0x0000,0x0000,
  0x0000,0x0000,0x0000,0x912F,0x8CEB,0x912E,0x8CEC,0x8444,0x8863,0x8C64,0x8000,0x9085,0x9085,0x8C64,0x8443,0x914F,
  0x912E,0x8001,0x8842,0x8C64,0x9085,0x9CC7,0x9084,0x8C64,0x9085,0x9085,0x9085,0x98C6,0xB16A,0x9085,0x9085,0x9085,
  0x8C64,0xE206,0xEA27,0x8886,0x952E,0x9570,0x9570,0x8885,0x90C7,0xEEAF,0xE24D,0xF2AD,0x8C85,0xB9AA,0x8863,0x8000,
  0x910D,0x912E,0x912E,0x8465,0x910D,0x9550,0x910D,0x954F,0x9550,0x9570,0x88A8,0x910D,0x8CCA,0x8CEC,0x0000,0x0000,
  0x0000,0x0000,0x910C,0x912E,0x8CEB,0x8D0D,0x8CEC,0x8022,0x8843,0x8863,0xA8A1,0xC145,0xC566,0x9882,0x8444,0x9550,
  0x912E,0x8000,0x8422,0x8C64,0x94A6,0xA0E8,0x8422,0x9085,0x9485,0x90A5,0x9085,0xCA0E,0x8C64,0x90A5,0x94A5,0x9085,
  0x8843,0xE206,0xEA26,0x8486,0x9570,0x9571,0x9570,0x8C86,0x9D09,0x98E8,0xDA0A,0x94A6,0xA0E6,0xA56C,0x8C64,0x8001,
  0x910C,0x910D,0x910C,0x8465,0x8D0C,0x912F,0x910D,0x954F,0x954F,0x954F,0x88A8,0x8CEB,0x912E,0x8CEC,0x0000,0x0000,
  0x0000,0x0000,0x910C,0x912D,0x8D0C,0x88CA,0x8D0C,0x8023,0x8843,0x8421,0xD9A4,0xDDC5,0xF267,0xA4A2,0x88A8,0x9571,
  0x8D0D,0x8000,0x8843,0x9085,0x90A5,0xA0E8,0x8421,0x9485,0x9085,0x9085,0x9085,0xCA0F,0x8842,0x9085,0x9085,0x9085,
  0x8863,0xDE07,0xD9C5,0x88A8,0x9550,0x9570,0x954F,0x8C64,0xE605,0x8865,0x8865,0x8465,0xD584,0xA56D,0x8863,0x8000,
  0x8CCA,0x912E,0x8CCA,0x88A8,0x914F,0x8D0C,0x90EC,0x9550,0x9570,0x910D,0x88A8,0x912D,0x952E,0x8CEC,0x0000,0x0000,
  0x0000,0x0000,0x910D,0x8CEC,0x910C,0x88CA,0x88A9,0x8487,0x8000,0x8000,0xB0E4,0xB105,0xB0E4,0x8821,0x8CEB,0x954F,
  0x8CEC,0x8000,0x8C64,0x9085,0x9085,0x94A6,0x8021,0x9085,0x9085,0x9085,0x8C84,0xCA30,0x8421,0x9085,0x9085,0x8C64,
  0x8C63,0xD9A5,0xDDC6,0x88A8,0x954F,0x952E,0x952E,0x992B,0x8865,0x90A5,0x94A6,0x94A6,0x9086,0x9D2C,0x8421,0x8000,
  0x88AA,0x910D,0x8466,0x912F,0x8D0D,0x8CEC,0x912E,0x8D0D,0x8CEB,0x8CCA,0x912E,0x8D0D,0x8CEB,0x8CCB,0x0000,0x0000,
  0x0000,0x0000,0x0000,0x0000,0x0000,0x0000,0x0000,0x0000,0x0000,0x0000,0x0000,0x0000,0x0000,0x0000,0x0000,0x0000,
  0x0000,0x0000,0x0000,0x0000,0x0000,0x0000,0x0000,0x0000,0x0000,0x0000,0x0000,0x0000,0x0000,0x0000,0x0000,0x0000,
  0x0000,0x0000,0x0000,0x0000,0x0000,0x0000,0x0000,0x0000,0x0000,0x0000,0x0000,0x0000,0x0000,0x0000,0x0000,0x0000,
  0x0000,0x0000,0x0000,0x0000,0x0000,0x0000,0x0000,0x0000,0x0000,0x0000,0x0000,0x0000,0x0000,0x0000,0x0000,0x0000,
  0x0000,0x0000,0x0000,0x0000,0x0000,0x0000,0x0000,0x0000,0x0000,0x0000,0x0000,0x0000,0x0000,0x0000,0x0000,0x0000,
  0x0000,0x0000,0x0000,0x0000,0x0000,0x0000,0x0000,0x0000,0x0000,0x0000,0x0000,0x0000,0x0000,0x0000,0x0000,0x0000,
  0x0000,0x0000,0x0000,0x0000,0x0000,0x0000,0x0000,0x0000,0x0000,0x0000,0x0000,0x0000,0x0000,0x0000,0x0000,0x0000,
  0x0000,0x0000,0x0000,0x0000,0x0000,0x0000,0x0000,0x0000,0x0000,0x0000,0x0000,0x0000,0x0000,0x0000,0x0000,0x0000,
 },
 {
  0x0000,0x0000,0x0000,0x0000,0x0000,0x0000,0x0000,0x0000,0x0000,0x0000,0x0000,0x0000,0x0000,0x0000,0x0000,0x0000,
  0x0000,0x0000,0x0000,0x0000,0x0000,0x0000,0x0000,0x0000,0x0000,0x0000,0x0000,0x0000,0x0000,0x0000,0x0000,0x0000,
  0x0000,0x0000,0x0000,0x0000,0x0000,0x0000,0x0000,0x0000,0x0000,0x0000,0x0000,0x0000,0x0000,0x0000,0x0000,0x0000,
  0x0000,0x0000,0x0000,0x0000,0x0000,0x0000,0x0000,0x0000,0x0000,0x0000,0x0000,0x0000,0x0000,0x0000,0x0000,0x0000,
  0x0000,0x0000,0x0000,0x0000,0x0000,0x0000,0x0000,0x0000,0x0000,0x0000,0x0000,0x0000,0x0000,0x0000,0x0000,0x0000,
  0x0000,0x0000,0x0000,0x0000,0x0000,0x0000,0x0000,0x0000,0x0000,0x0000,0x0000,0x0000,0x0000,0x0000,0x0000,0x0000,
  0x0000,0x0000,0x0000,0x0000,0x0000,0x0000,0x0000,0x0000,0x0000,0x0000,0x0000,0x0000,0x0000,0x0000,0x0000,0x0000,
  0x0000,0x0000,0x0000,0x0000,0x0000,0x0000,0x0000,0x0000,0x0000,0x0000,0x0000,0x0000,0x0000,0x0000,0x0000,0x0000,
  0x0000,0x0000,0x0000,0x0000,0x0000,0x0000,0x0000,0x0000,0x0000,0x0000,0x0000,0x0000,0x0000,0x0000,0x0000,0x0000,
  0x0000,0x0000,0x0000,0x0000,0x0000,0x0000,0x0000,0x0000,0x0000,0x0000,0x0000,0x0000,0x0000,0x0000,0x0000,0x0000,
  0x0000,0x0000,0x0000,0x0000,0x0000,0x0000,0x0000,0x0000,0x0000,0x0000,0x0000,0x0000,0x0000,0x0000,0x0000,0x0000,
  0x0000,0x0000,0x0000,0x0000,0x0000,0x0000,0x0000,0x0000,0x0000,0x0000,0x0000,0x0000,0x0000,0x0000,0x0000,0x0000,
  0x0000,0x0000,0x0000,0x0000,0x0000,0x0000,0x0000,0x0000,0x0000,0x0000,0x0000,0x0000,0x0000,0x0000,0x0000,0x0000,
  0x0000,0x0000,0x0000,0x0000,0x0000,0x0000,0x0000,0x0000,0x0000,0x0000,0x0000,0x0000,0x0000,0x0000,0x0000,0x0000,
  0x0000,0x0000,0x0000,0x0000,0x0000,0x0000,0x0000,0x0000,0x0000,0x0000,0x0000,0x0000,0x0000,0x0000,0x0000,0x0000,
  0x0000,0x0000,0x0000,0x0000,0x0000,0x0000,0x0000,0x0000,0x0000,0x0000,0x0000,0x0000,0x0000,0x0000,0x0000,0x0000,
  0x0000,0x0000,0x0000,0x0000,0x0000,0x0000,0x0000,0x0000,0x0000,0x0000,0x0000,0x0000,0x0000,0x0000,0x0000,0xB1A6,
  0xB1A6,0xB9E7,0xA545,0x0000,0x0000,0x0000,0x0000,0x0000,0x0000,0x0000,0x0000,0x0000,0x0000,0x0000,0x0000,0x0000,
  0x0000,0x0000,0x0000,0x0000,0x0000,0x0000,0x0000,0x0000,0x0000,0x0000,0x0000,0x0000,0x0000,0x9CE4,0xB9E8,0xB9C7,
  0xB9E7,0x0000,0x0000,0x0000,0x0000,0x0000,0x0000,0x0000,0x0000,0x0000,0x0000,0x0000,0x0000,0x0000,0x0000,0x0000,
  0x0000,0x0000,0x0000,0x0000,0x0000,0x0000,0x0000,0x0000,0x0000,0x0000,0x0000,0x0000,0x0000,0x0000,0xB5C7,0xA125,
  0x0000,0x0000,0x90A3,0xB9E8,0xD28A,0x0000,0x0000,0x0000,0x0000,0x0000,0x0000,0x0000,0x0000,0x0000,0x0000,0x0000,
  0x0000,0x0000,0x0000,0x0000,0x0000,0x0000,0x0000,0x0000,0x0000,0x0000,0x0000,0xC228,0xCA6A,0x90A3,0x0000,0x0000,
  0xA125,0xB5C6,0x0000,0x0000,0x0000,0x0000,0x0000,0x0000,0x0000,0x0000,0x0000,0x0000,0x0000,0x0000,0x0000,0x0000,
  0x0000,0x0000,0x0000,0x0000,0x0000,0x0000,0x0000,0x0000,0x0000,0x0000,0x0000,0x0000,0x0000,0x0000,0xB1A6,0x0000,
  0x0000,0x0000,0x0000,0x0000,0xAD86,0xB9E7,0x0000,0x0000,0x0000,0x0000,0x0000,0x0000,0x0000,0x0000,0x0000,0x0000,
  0x0000,0x0000,0x0000,0x0000,0x0000,0x0000,0x0000,0x0000,0x0000,0x0000,0x0000,0xC228,0x90A3,0x0000,0x0000,0x0000,
  0x0000,0xB1A6,0xB1A6,0x0000,0x0000,0x0000,0x0000,0x0000,0x0000,0x0000,0x0000,0x0000,0x0000,0x0000,0x0000,0x0000,
  0x0000,0x0000,0x0000,0x0000,0x0000,0x0000,0x0000,0x0000,0x0000,0x0000,0x0000,0x0000,0x0000,0xB9C7,0x0000,0x0000,
  0x0000,0x0000,0x0000,0x0000,0x0000,0xA565,0xCA49,0x0000,0x0000,0x0000,0x0000,0x0000,0x0000,0x0000,0x0000,0x0000,
  0x0000,0x0000,0x0000,0x0000,0x0000,0x0000,0x0000,0x0000,0x0000,0x0000,0xCA49,0xA966,0x0000,0x0000,0x0000,0x0000,
  0x0000,0x0000,0xB5A6,0x0000,0x0000,0x0000,0x0000,0x0000,0x0000,0x0000,0x0000,0x0000,0x0000,0x0000,0x0000,0x0000,
  0x0000,0x0000,0x0000,0x0000,0x0000,0x0000,0x0000,0x0000,0x0000,0x0000,0x0000,0x0000,0xB1A6,0x0000,0x0000,0x0000,
  0x0000,0x0000,0x0000,0x0000,0x0000,0x94C3,0xD6AB,0x0000,0x0000,0x0000,0x0000,0x0000,0x0000,0x0000,0x0000,0x0000,
  0x0000,0x0000,0x0000,0x0000,0x0000,0x0000,0x0000,0x0000,0x0000,0xCE69,0x98E3,0x0000,0x0000,0x0000,0x0000,0x0000,
  0x0000,0x0000,0x0000,0xB5C7,0x0000,0x0000,0x0000,0x0000,0x0000,0x0000,0x0000,0x0000,0x0000,0x0000,0x0000,0x0000,
  0x0000,0x0000,0x0000,0x0000,0x0000,0x0000,0x0000,0x0000,0x0000,0x0000,0x0000,0x0000,0xB1A6,0x0000,0x0000,0x0000,
  0x0000,0x0000,0x0000,0x0000,0x0000,0x0000,0xAD66,0xCA49,0x0000,0x0000,0x0000,0x0000,0x0000,0x0000,0x0000,0x0000,
  0x0000,0x0000,0x0000,0x0000,0x0000,0x0000,0x0000,0x0000,0xB5C7,0xB5C8,0x0000,0x0000,0x0000,0x0000,0x0000,0x0000,
  0x0000,0x0000,0x0000,0xAD86,0x0000,0x0000,0x0000,0x0000,0x0000,0x0000,0x0000,0x0000,0x0000,0x0000,0x0000,0x0000,
  0x0000,0x0000,0x0000,0x0000,0x0000,0x0000,0x0000,0x0000,0x0000,0x0000,0x0000,0x0000,0x0000,0x0000,0x0000,0x0000,
  0x0000,0x0000,0x0000,0x0000,0x0000,0x0000,0x8861,0xB9C7,0xB9C7,0x0000,0x0000,0x0000,0x0000,0x0000,0x0000,0x0000,
  0x0000,0x0000,0x0000,0x0000,0x0000,0x0000,0x0000,0x0000,0xDAAB,0x98E4,0x0000,0x0000,0x0000,0x0000,0x0000,0x0000,
  0x0000,0x0000,0x0000,0x0000,0xB1A6,0x0000,0x0000,0x0000,0x0000,0x0000,0x0000,0x0000,0x0000,0x0000,0x0000,0x0000,
  0x0000,0x0000,0x0000,0x0000,0x0000,0x0000,0x0000,0x0000,0x0000,0x0000,0x0000,0xAD86,0x0000,0x0000,0x0000,0x0000,
  0x0000,0x0000,0x0000,0x0000,0x0000,0x0000,0x0000,0xB5C7,0xB5C7,0xBE08,0x0000,0x0000,0x0000,0x0000,0xB5C7,0xB5C7,
  0xB5C7,0xB5C7,0x0000,0x0000,0x0000,0x0000,0x0000,0xCE69,0xB9E7,0x8C82,0x0000,0x0000,0x0000,0x0000,0x0000,0x0000,
  0x0000,0x0000,0x0000,0x0000,0xB186,0x0000,0x0000,0x0000,0x0000,0x0000,0x0000,0x0000,0x0000,0x0000,0x0000,0x0000,
  0x0000,0x0000,0x0000,0x0000,0x0000,0x0000,0x0000,0x0000,0x0000,0x0000,0x0000,0xB1A6,0x0000,0x0000,0x0000,0x0000,
  0x0000,0x0000,0x0000,0x0000,0x0000,0x0000,0x0000,0x98E3,0xC629,0xCE8B,0x8841,0xB9E8,0xB9E8,0xB9E8,0xC228,0xBA07,
  0xBE08,0xBE08,0xB9E8,0xB5C7,0xB9E7,0x98E4,0xC22A,0xDACC,0xB5C7,0x0000,0x0000,0x0000,0x0000,0x0000,0x0000,0x0000,
  0x0000,0x0000,0x0000,0x0000,0xAD86,0x0000,0x0000,0x0000,0x0000,0x0000,0x0000,0x0000,0x0000,0x0000,0x0000,0x0000,
  0x0000,0x0000,0x0000,0x0000,0x0000,0x0000,0x0000,0x0000,0x0000,0x0000,0x0000,0xB1A6,0x0000,0x0000,0x0000,0x0000,
  0x0000,0x0000,0x0000,0x0000,0x0000,0x0000,0x94A3,0x8000,0xB9E8,0xB1A6,0xB5C7,0xA545,0xB9E8,0xC629,0xC229,0xC229,
  0xC228,0xBE08,0xBE08,0xB1A7,0xA966,0x8020,0xB1A6,0xC228,0x8020,0x0000,0x0000,0x0000,0x0000,0x0000,0x0000,0x0000,
  0x0000,0x0000,0x0000,0x0000,0xB1A7,0x0000,0x0000,0x0000,0x0000,0x0000,0x0000,0x0000,0x0000,0x0000,0x0000,0x0000,
  0x0000,0x0000,0x0000,0x0000,0x0000,0x0000,0x0000,0x0000,0x0000,0x0000,0x0000,0x0000,0x0000,0x0000,0x0000,0x0000,
  0x0000,0x0000,0x0000,0x0000,0xA124,0xA986,0x94C3,0x8862,0x9CE4,0xB5C7,0xD6AC,0x8C82,0xB1A7,0xB9E8,0xC228,0xCA6A,
  0xCA6A,0xC649,0xC228,0xB5C7,0xA124,0xB5A6,0xC629,0x9CE4,0x8000,0x98E4,0x0000,0x0000,0x0000,0x0000,0x0000,0x0000,
  0x0000,0x0000,0x0000,0x0000,0x0000,0x0000,0x0000,0x0000,0x0000,0x0000,0x0000,0x0000,0x0000,0x0000,0x0000,0x0000,
  0x0000,0x0000,0x0000,0x0000,0x0000,0x0000,0x0000,0x0000,0x0000,0x0000,0x0000,0x0000,0x0000,0x0000,0x0000,0x0000,
  0x0000,0x0000,0xAD66,0xA966,0xA545,0xA545,0xA545,0x94C3,0x90A2,0xB1A7,0xBE08,0xC229,0x8000,0xB5C7,0xC649,0xB5C7,
  0xB1A6,0xB5C6,0xB5C7,0xB1A6,0x8000,0xD6CC,0xC209,0xA124,0x8000,0xA545,0xAD86,0x0000,0x0000,0x0000,0x0000,0x0000,
  0x0000,0x0000,0x0000,0x0000,0x0000,0x0000,0x0000,0x0000,0x0000,0x0000,0x0000,0x0000,0x0000,0x0000,0x0000,0x0000,
  0x0000,0x0000,0x0000,0x0000,0x0000,0x0000,0x0000,0x0000,0x0000,0x0000,0xAD86,0x0000,0x0000,0x0000,0x0000,0x0000,
  0x0000,0x0000,0xA565,0xAD86,0xB5C7,0xB5C6,0x98E3,0x8C82,0x90A3,0xAD86,0xC649,0xD6CC,0x90A2,0xB5C7,0xB5C7,0xC229,
  0xCA6A,0xCA6A,0xC229,0xA965,0xA545,0xD6CC,0xBE08,0xA125,0x8020,0x9D04,0xA545,0xA966,0x0000,0x0000,0x0000,0x0000,
  0x0000,0x0000,0x0000,0x0000,0x0000,0xB1A7,0x0000,0x0000,0x0000,0x0000,0x0000,0x0000,0x0000,0x0000,0x0000,0x0000,
  0x0000,0x0000,0x0000,0x0000,0x0000,0x0000,0x0000,0x0000,0x0000,0x0000,0xAD86,0x0000,0x0000,0x0000,0x0000,0x0000,
  0x0000,0xAD86,0xB1A6,0x9D04,0x94C3,0xA965,0xCA69,0xCA69,0xAD66,0x98E3,0xBE08,0xD6AC,0xC629,0x8861,0xCA4A,0xD28B,
  0xD28B,0xCE8A,0xCE8B,0xC629,0x8C82,0xD28A,0xBE08,0x94C4,0xAD86,0xBE08,0xC649,0xB1C6,0xA524,0x0000,0x0000,0x0000,
  0x0000,0x0000,0x0000,0x0000,0x0000,0xB1A7,0x0000,0x0000,0x0000,0x0000,0x0000,0x0000,0x0000,0x0000,0x0000,0x0000,
  0x0000,0x0000,0x0000,0x0000,0x0000,0x0000,0x0000,0x0000,0x0000,0x0000,0xAD85,0x0000,0x0000,0x0000,0x0000,0x0000,
  0x94C4,0xA966,0x8000,0x8840,0x8420,0x8420,0xB9C7,0xCA6A,0xCA4A,0xC228,0xB1A6,0xCE6A,0xD6AB,0x8C82,0xCA6A,0xD6AC,
  0xDACC,0xCE8A,0xCE8B,0xC649,0xA966,0xD6CB,0xC228,0xB5C7,0xB9E7,0xD6AC,0xB186,0x8000,0x8000,0x0000,0x0000,0x0000,
  0x0000,0x0000,0x0000,0x0000,0x0000,0xB1A6,0x0000,0x0000,0x0000,0x0000,0x0000,0x0000,0x0000,0x0000,0x0000,0x0000,
  0x0000,0x0000,0x0000,0x0000,0x0000,0x0000,0x0000,0x0000,0x0000,0x0000,0xB1A6,0x0000,0x0000,0x0000,0x0000,0x0000,
  0x94C3,0x8840,0xA8A0,0xB8E0,0xEA01,0xBCE0,0xA480,0x8000,0xDEEE,0xCE8B,0xBDE8,0xB5C7,0xD6CC,0xAD85,0xC64A,0xDEED,
  0xDEEE,0xCE8B,0xD28B,0xD28B,0xBE08,0xCA6A,0xCE6A,0xB1C6,0xC649,0xC609,0x8400,0xC100,0xB0C0,0x0000,0x0000,0x0000,
  0x0000,0x0000,0x0000,0x0000,0x0000,0xAD86,0x0000,0x0000,0x0000,0x0000,0x0000,0x0000,0x0000,0x0000,0x0000,0x0000,
  0x0000,0x0000,0x0000,0x0000,0x0000,0x0000,0x0000,0x0000,0x0000,0x0000,0xA965,0x0000,0x0000,0x0000,0x0000,0x0000,
  0x0000,0x8C61,0xD160,0xD9A1,0xD560,0xF242,0xF642,0xBD00,0x8000,0xA545,0xDEEE,0xC649,0xC649,0xCA49,0xB1A7,0xD28B,
  0xD28B,0xDACD,0xD2AB,0xD2AB,0xC228,0xC649,0xB9E8,0xCA6A,0xDACD,0x8000,0xE1C0,0xCD41,0xDDC1,0x8400,0x0000,0x0000,
  0x0000,0x0000,0x0000,0x0000,0x0000,0xA987,0x0000,0x0000,0x0000,0x0000,0x0000,0x0000,0x0000,0x0000,0x0000,0x0000,
  0x0000,0x0000,0x0000,0x0000,0x0000,0x0000,0x0000,0x0000,0x0000,0x0000,0xA125,0x0000,0x0000,0x0000,0x0000,0x0000,
  0x0000,0xB0C0,0xCD60,0xEA01,0xF6A6,0xFF2C,0xFFB8,0xEE43,0xA480,0x8000,0xCA6A,0xDEEE,0xB1A6,0xC229,0xA545,0xD28B,
  0xD28B,0xD28A,0xCE8A,0xD28B,0xBE08,0xC629,0xB5C7,0xD6AB,0xA524,0xC100,0xFF4D,0xE601,0xEA22,0x8400,0x0000,0x0000,
  0x0000,0x0000,0x0000,0x0000,0x0000,0x0000,0x0000,0x0000,0x0000,0x0000,0x0000,0x0000,0x0000,0x0000,0x0000,0x0000,
  0x0000,0x0000,0x0000,0x0000,0x0000,0x0000,0x0000,0x0000,0x0000,0x0000,0x0000,0x0000,0x0000,0x0000,0x0000,0x0000,
  0x0000,0xC500,0xD140,0xEE01,0xEE43,0xFF4F,0xFFB7,0xFF0C,0xD980,0xA0A0,0x8420,0xCA4A,0xBE08,0xB1A6,0xA545,0xCA4A,
  0xD2AB,0xCE8B,0xCE8A,0xCE6A,0xBE07,0xB1A6,0xC629,0xCA49,0x8000,0xF643,0xFFB6,0xD5A1,0xEE22,0x8400,0x0000,0x0000,
  0x0000,0x0000,0x0000,0x0000,0x0000,0x0000,0x0000,0x0000,0x0000,0x0000,0x0000,0x0000,0x0000,0x0000,0x0000,0x0000,
  0x0000,0x0000,0x0000,0x0000,0x0000,0x0000,0x0000,0x0000,0x0000,0x0000,0x0000,0x0000,0x0000,0x0000,0x0000,0x0000,
  0x0000,0xC120,0xD580,0xD180,0xFA84,0xE1A0,0xFF0B,0xFAC8,0xF683,0xB0C0,0x8000,0xB9E7,0xC228,0xB1C7,0xA125,0xB9E7,
  0xC649,0xCE8B,0xCE8A,0xCA6A,0xB9C7,0xA545,0xBE08,0xAD85,0x8000,0xF642,0xFAE8,0xF663,0xC520,0x8000,0x0000,0x0000,
  0x0000,0x0000,0x0000,0x0000,0x0000,0x0000,0x0000,0x0000,0x0000,0x0000,0x0000,0x0000,0x0000,0x0000,0x0000,0x0000,
  0x0000,0x0000,0x0000,0x0000,0x0000,0x0000,0x0000,0x0000,0x0000,0x0000,0x0000,0x0000,0x0000,0x0000,0x0000,0x0000,
  0x0000,0xACC0,0xC100,0xD580,0xFA83,0xFA84,0xEA01,0xF684,0xD580,0xC962,0x9440,0x8420,0xCA6A,0xB1A6,0xA966,0xB9E7,
  0xC649,0xB9E7,0xB9E7,0xB9E7,0xB9E7,0xA965,0xC228,0x98C3,0xA080,0xFEE5,0xD9A0,0xE602,0xD160,0x8400,0x0000,0x0000,
  0x0000,0x0000,0x0000,0x0000,0x0000,0x0000,0x0000,0x0000,0x0000,0x0000,0x0000,0x0000,0x0000,0x0000,0x0000,0x0000,
  0x0000,0x0000,0x0000,0x0000,0x0000,0x0000,0x0000,0x0000,0x0000,0x0000,0x0000,0x0000,0x0000,0x0000,0x0000,0x0000,
  0x0000,0x8400,0xBD00,0xC940,0xD160,0xBD00,0xC920,0xEA00,0xC500,0xC940,0x9440,0x8000,0xB1A6,0xB5C7,0xC208,0xB9E8,
  0xDACC,0xCE6A,0xCE6A,0xCA6A,0xA966,0xBE08,0xAD86,0x8000,0x9C60,0xC100,0xD580,0xC920,0xC920,0x0000,0x0000,0x0000,
  0x0000,0x0000,0x0000,0x0000,0x0000,0x0000,0x0000,0x0000,0x0000,0x0000,0x0000,0x0000,0x0000,0x0000,0x0000,0x0000,
  0x0000,0x0000,0x0000,0x0000,0x0000,0x0000,0x0000,0x0000,0x0000,0x0000,0x0000,0x0000,0x0000,0x0000,0x0000,0x0000,
  0x0000,0x0000,0xB8E0,0xC940,0xD9A0,0xE1C0,0xE1C0,0xD9A0,0xD580,0xB4E0,0x9C60,0x8000,0x94C2,0xD28A,0xC649,0xB5C7,
  0xD28B,0xCE8A,0xCE8A,0xCE8A,0xB9E8,0xC649,0x9D04,0x8000,0xA080,0xB4C0,0xD9A0,0xE1C1,0xA8A0,0x0000,0x0000,0x0000,
  0x0000,0x0000,0x0000,0x0000,0x0000,0x0000,0x0000,0x0000,0x0000,0x0000,0x0000,0x0000,0x0000,0x0000,0x0000,0x0000,
  0x0000,0x0000,0x0000,0x0000,0x0000,0x0000,0x0000,0x0000,0x0000,0x0000,0x0000,0x0000,0x0000,0x0000,0x0000,0x0000,
  0x0000,0x0000,0x8420,0xA4A0,0xC520,0xD161,0xC520,0xDDC1,0xB8E0,0xBD01,0xBD00,0x8000,0x8000,0xC649,0xC649,0xAD86,
  0xCA4A,0xDACC,0xD28B,0xD2AB,0xB1A7,0xC228,0x9082,0x8000,0xB0A0,0xC520,0xCD61,0xA080,0x0000,0x0000,0x0000,0x0000,
  0x0000,0x0000,0x0000,0x0000,0x0000,0x0000,0x0000,0x0000,0x0000,0x0000,0x0000,0x0000,0x0000,0x0000,0x0000,0x0000,
  0x0000,0x0000,0x0000,0x0000,0x0000,0x0000,0x0000,0x0000,0x0000,0x0000,0x0000,0x0000,0x0000,0x0000,0x0000,0x0000,
  0x0000,0x0000,0x0000,0x8841,0x8000,0xCD40,0xD981,0xB900,0xC120,0xE1C0,0x9C60,0x90A2,0x8000,0xBE09,0xCE6A,0xC629,
  0xBDE8,0xD6AC,0xD6AC,0xD2AC,0xB9E8,0xCA49,0x8C82,0x8000,0xD180,0xDDC1,0xA080,0x0000,0x0000,0x0000,0x0000,0x0000,
  0x0000,0x0000,0x0000,0x0000,0x0000,0x0000,0x0000,0x0000,0x0000,0x0000,0x0000,0x0000,0x0000,0x0000,0x0000,0x0000,
  0x0000,0x0000,0x0000,0x0000,0x0000,0x0000,0x0000,0x0000,0x0000,0x0000,0x0000,0x0000,0x0000,0x0000,0x0000,0x0000,
  0x0000,0x0000,0x0000,0x9CC2,0x98E3,0x8000,0x9C80,0xD580,0xD581,0xA060,0x8000,0xAD67,0x94C3,0xB9C7,0xD28B,0xCE6B,
  0xB9E7,0xDEEE,0xD6AC,0xD2AC,0xCE8B,0xBE08,0x8861,0xA125,0x9020,0xA4A0,0x8820,0x0000,0x0000,0x0000,0x0000,0x0000,
  0x0000,0x0000,0x0000,0x0000,0x0000,0x0000,0x0000,0x0000,0x0000,0x0000,0x0000,0x0000,0x0000,0x0000,0x0000,0x0000,
  0x0000,0x0000,0x0000,0x0000,0x0000,0x0000,0x0000,0x0000,0x0000,0x0000,0x0000,0x0000,0x0000,0x0000,0x0000,0x0000,
  0x0000,0x0000,0x0000,0x0000,0x0000,0x9D04,0xA966,0x9082,0x8C61,0xAD87,0xA966,0xA125,0xBE08,0x8000,0xCA69,0xD6CC,
  0x8000,0xDACD,0xD6CD,0xCE8A,0xC228,0xAD86,0xA546,0x90A2,0xA966,0x8420,0x0000,0x0000,0x0000,0x0000,0x0000,0x0000,
  0x0000,0x0000,0x0000,0x0000,0x0000,0x0000,0x0000,0x0000,0x0000,0x0000,0x0000,0x0000,0x0000,0x0000,0x0000,0x0000,
  0x0000,0x0000,0x0000,0x0000,0x0000,0x0000,0x0000,0x0000,0x0000,0x0000,0x0000,0x0000,0x0000,0x0000,0x0000,0x0000,
  0x0000,0x0000,0x0000,0x0000,0x0000,0x8840,0xAD87,0xAD86,0xAD86,0xA545,0x98E4,0xBDE7,0xC649,0x98E3,0xA966,0xD6AC,
  0xC229,0xD6AC,0xD6AC,0xC228,0xCE6B,0xA124,0xB5C7,0x9D04,0x98E3,0x0000,0x0000,0x0000,0x0000,0x0000,0x0000,0x0000,
  0x0000,0x0000,0x0000,0x0000,0x0000,0x0000,0x0000,0x0000,0x0000,0x0000,0x0000,0x0000,0x0000,0x0000,0x0000,0x0000,
  0x0000,0x0000,0x0000,0x0000,0x0000,0x0000,0x0000,0x0000,0x0000,0x0000,0x0000,0x0000,0x0000,0x0000,0x0000,0x0000,
  0x0000,0x0000,0x0000,0x0000,0x0000,0x0000,0x0000,0x8000,0x8861,0xA125,0xAD86,0xB9E8,0xC229,0xC629,0x8C82,0xCA6A,
  0xD6CC,0xD28B,0xD2AB,0xCE8B,0xC228,0xA525,0xA965,0x8000,0x0000,0x0000,0x0000,0x0000,0x0000,0x0000,0x0000,0x0000,
  0x0000,0x0000,0x0000,0x0000,0x0000,0x0000,0x0000,0x0000,0x0000,0x0000,0x0000,0x0000,0x0000,0x0000,0x0000,0x0000,
  0x0000,0x0000,0x0000,0x0000,0x0000,0x0000,0x0000,0x0000,0x0000,0x0000,0x0000,0x0000,0x0000,0x0000,0x0000,0x0000,
  0x0000,0x0000,0x0000,0x0000,0x0000,0x0000,0x0000,0x8000,0x8441,0x8000,0x98E3,0xB1A7,0xBE08,0xCA4A,0xA545,0xB1A6,
  0xDACD,0xD2AB,0xD2AB,0xD28B,0xB5E7,0xC62A,0xA545,0x0000,0x0000,0x0000,0x0000,0x0000,0x0000,0x0000,0x0000,0x0000,
  0x0000,0x0000,0x0000,0x0000,0x0000,0x0000,0x0000,0x0000,0x0000,0x0000,0x0000,0x0000,0x0000,0x0000,0x0000,0x0000,
  0x0000,0x0000,0x0000,0x0000,0x0000,0x0000,0x0000,0x0000,0x0000,0x0000,0x0000,0x0000,0x0000,0x0000,0x0000,0x0000,
  0x0000,0x0000,0x0000,0x0000,0x0000,0xA4C3,0x9462,0x8000,0x90A3,0x8420,0x8000,0xA545,0xB9E8,0xC629,0xC649,0x98E4,
  0xC629,0xD2AB,0xD2AB,0xD2AB,0x90A2,0xC209,0x90A3,0x9062,0x9482,0xA0C3,0x0000,0x0000,0x0000,0x0000,0x0000,0x0000,
  0x0000,0x0000,0x0000,0x0000,0x0000,0x0000,0x0000,0x0000,0x0000,0x0000,0x0000,0x0000,0x0000,0x0000,0x0000,0x0000,
  0x0000,0x0000,0x0000,0x0000,0x0000,0x0000,0x0000,0x0000,0x0000,0x0000,0x0000,0x0000,0x0000,0x0000,0x0000,0x0000,
  0x0000,0x0000,0xB924,0xB944,0x8400,0x8000,0x8422,0x8000,0x90A3,0x9905,0x8421,0x8000,0xA966,0xB5C7,0xC649,0x9D03,
  0xB186,0xD6CC,0xD28B,0xC208,0xA966,0xAD85,0x8000,0x8000,0x8842,0x8000,0xBD44,0xD5C7,0x0000,0x0000,0x0000,0x0000,
  0x0000,0x0000,0x0000,0x0000,0x0000,0x0000,0x0000,0x0000,0x0000,0x0000,0x0000,0x0000,0x0000,0x0000,0x0000,0x0000,
  0x0000,0x0000,0x0000,0x0000,0x0000,0x0000,0x0000,0x0000,0x0000,0x0000,0x0000,0x0000,0x0000,0x0000,0x0000,0x0000,
  0x0000,0xD5A6,0xB0E3,0x8000,0x8843,0x8842,0x8421,0x8000,0x8421,0x9D24,0x94C3,0x8421,0x8000,0xAD86,0xBDE8,0xCE8B,
  0x8000,0xD28B,0xD2AC,0xA945,0xC229,0x98E3,0x8000,0x8000,0x8421,0x8442,0x8000,0xBD44,0xE607,0x0000,0x0000,0x0000,
  0x0000,0x0000,0x0000,0x0000,0x0000,0x0000,0x0000,0x0000,0x0000,0x0000,0x0000,0x0000,0x0000,0x0000,0x0000,0x0000,
  0x0000,0x0000,0x0000,0x0000,0x0000,0x0000,0x0000,0x0000,0x0000,0x0000,0x0000,0x0000,0x0000,0x0000,0x0000,0x0000,
  0xE229,0x8C21,0x8421,0x8843,0x8843,0x8842,0x8842,0x8000,0x8421,0x94A3,0xAD87,0x8862,0x8000,0x8841,0xB5A7,0xC229,
  0x8C81,0xC64A,0x8841,0x8861,0xB9E8,0x8000,0x8000,0x8422,0x8421,0x8842,0x8842,0x8000,0xD5C7,0x0000,0x0000,0x0000,
  0x0000,0x0000,0x0000,0x0000,0x0000,0x0000,0x0000,0x0000,0x0000,0x0000,0x0000,0x0000,0x0000,0x0000,0x0000,0x0000,
  0x0000,0x0000,0x0000,0x0000,0x0000,0x0000,0x0000,0x0000,0x0000,0x0000,0x0000,0x0000,0x0000,0x0000,0x0000,0x0000,
  0xE628,0xBD43,0x8000,0x8C63,0x8C63,0x8842,0x8421,0x8000,0x8C62,0x8862,0xADA6,0xA546,0x8841,0x8000,0x94C4,0xC649,
  0x9D23,0xDACC,0xC229,0xA103,0x9CE3,0x8000,0x8000,0x8421,0x8842,0x8843,0x8841,0xCDA6,0xF289,0x0000,0x0000,0x0000,
  0x0000,0x0000,0x0000,0x0000,0x0000,0x0000,0x0000,0x0000,0x0000,0x0000,0x0000,0x0000,0x0000,0x0000,0x0000,0x0000,
  0x0000,0x0000,0x0000,0x0000,0x0000,0x0000,0x0000,0x0000,0x0000,0x0000,0x0000,0x0000,0x0000,0x0000,0x0000,0x0000,
  0xC566,0xE648,0xACE3,0x8000,0x8842,0x8001,0x8421,0x8000,0x8C62,0x9083,0x9D04,0xB5C7,0x8420,0x8000,0x8000,0xB9C8,
  0xB9E7,0xD28B,0xC229,0xA965,0x8000,0x8000,0x8000,0x8421,0x8842,0x8863,0x8000,0xEE89,0xD1A6,0x0000,0x0000,0x0000,
  0x0000,0x0000,0x0000,0x0000,0x0000,0x0000,0x0000,0x0000,0x0000,0x0000,0x0000,0x0000,0x0000,0x0000,0x0000,0x0000,
  0x0000,0x0000,0x0000,0x0000,0x0000,0x0000,0x0000,0x0000,0x0000,0x0000,0x0000,0x0000,0x0000,0x0000,0x0000,0x0000,
  0x98C4,0x8843,0xB925,0xDA08,0xF28A,0xC985,0x9061,0x8000,0x8841,0x9CE4,0x8841,0xA545,0x9D04,0x8842,0x8421,0x8000,
  0xB9C7,0xCE8B,0xBDE8,0xAD65,0x8861,0x8000,0x8000,0x8000,0x8421,0xEA48,0xEA68,0x8C43,0x8C64,0x0000,0x0000,0x0000,
  0x0000,0x0000,0x0000,0x0000,0x0000,0x0000,0x0000,0x0000,0x0000,0x0000,0x0000,0x0000,0x0000,0x0000,0x0000,0x0000,
  0x0000,0x0000,0x0000,0x0000,0x0000,0x0000,0x0000,0x0000,0x0000,0x0000,0x0000,0x0000,0x0000,0x0000,0x0000,0x0000,
  0x0000,0x90A5,0x8C64,0x8C63,0xBD24,0xD5C6,0xF6CB,0xEA68,0x8420,0x8C82,0x94C3,0xA124,0xB1C7,0x8420,0x8441,0x8000,
  0x8000,0xD6AB,0xBE08,0x8000,0x8C61,0x8000,0x8000,0x8000,0x8000,0xFB0D,0x9883,0x8843,0x8C85,0x0000,0x0000,0x0000,
  0x0000,0x0000,0x0000,0x0000,0x0000,0x0000,0x0000,0x0000,0x0000,0x0000,0x0000,0x0000,0x0000,0x0000,0x0000,0x0000,
  0x0000,0x0000,0x0000,0x0000,0x0000,0x0000,0x0000,0x0000,0x0000,0x0000,0x0000,0x0000,0x0000,0x0000,0x0000,0x0000,
  0x0000,0x8C63,0x8843,0x8C84,0x90A5,0x94C6,0x9483,0xC985,0xFF0E,0xD209,0x94A3,0x8421,0xA125,0xA545,0x8862,0x8C82,
  0x8000,0xC629,0xAD86,0x8861,0x8861,0x8000,0x8000,0x8000,0xD184,0xBD24,0x94A6,0x8C63,0x8842,0x0000,0x0000,0x0000,
  0x0000,0x0000,0x0000,0x0000,0x0000,0x0000,0x0000,0x0000,0x0000,0x0000,0x0000,0x0000,0x0000,0x0000,0x0000,0x0000,
  0x0000,0x0000,0x0000,0x0000,0x0000,0x0000,0x0000,0x0000,0x0000,0x0000,0x0000,0x0000,0x0000,0x8C86,0x8887,0x8844,
  0x8000,0x8422,0x8C64,0x8C64,0x9085,0x94A6,0x98C7,0x8C64,0xEE6A,0xBD67,0x8421,0x9083,0x94A3,0xA546,0x8861,0x8C62,
  0x8862,0x8000,0x8000,0x90A3,0x8000,0x8000,0x8000,0x8000,0xD9C5,0x8C64,0x94A6,0x8843,0x8000,0x8000,0x8CA8,0x88A7,
  0x0000,0x0000,0x0000,0x0000,0x0000,0x0000,0x0000,0x0000,0x0000,0x0000,0x0000,0x0000,0x0000,0x0000,0x0000,0x0000,
  0x0000,0x0000,0x0000,0x0000,0x0000,0x0000,0x0000,0x0000,0x0000,0x0000,0x0000,0x0000,0x910B,0x8CA8,0x8021,0x8000,
  0x8C63,0x8000,0x8422,0x8C64,0x9085,0x94A6,0x94A6,0x9085,0xD9E5,0xE648,0x8000,0x8000,0x8421,0xA545,0x98E4,0x8C62,
  0x8C82,0x8C62,0x8000,0x9083,0x8000,0x8822,0x8843,0x8000,0xDE07,0x8422,0x9085,0x8843,0x8000,0x8843,0x8422,0x88A7,
  0x94E9,0x0000,0x0000,0x0000,0x0000,0x0000,0x0000,0x0000,0x0000,0x0000,0x0000,0x0000,0x0000,0x0000,0x0000,0x0000,
  0x0000,0x0000,0x0000,0x0000,0x0000,0x0000,0x0000,0x0000,0x0000,0x0000,0x0000,0x90EB,0x994E,0x8001,0x8000,0x8422,
  0x8843,0x8842,0x8422,0x8843,0x8843,0x9085,0x94A6,0x94A6,0x8443,0xDE07,0x8C63,0x94A6,0x9CE9,0x8000,0x8000,0x8421,
  0x8C82,0x8000,0x8841,0x8000,0x9084,0x94A5,0x8842,0x8000,0xE208,0x9085,0x8C64,0x8000,0x8442,0x8842,0x8000,0x8000,
  0x9D4F,0x88A8,0x8CA9,0x0000,0x0000,0x0000,0x0000,0x0000,0x0000,0x0000,0x0000,0x0000,0x0000,0x0000,0x0000,0x0000,
  0x0000,0x0000,0x0000,0x0000,0x0000,0x0000,0x0000,0x0000,0x8CA8,0x90EB,0x8886,0x90EB,0x994E,0x8CC9,0x8000,0x8000,
  0x8843,0x9085,0x8000,0x8842,0x8863,0x8C84,0x90A6,0x94A6,0x8864,0xD5C6,0xC986,0x8842,0x94A6,0xA52B,0x9CE8,0x8842,
  0x8842,0x8421,0x8842,0xA109,0x98C7,0x8843,0x8000,0x8000,0xDDE7,0x8C85,0x8843,0x8000,0x8C63,0x8843,0x8000,0x8000,
  0x994E,0x8CC9,0x8886,0x90EB,0x8CA8,0x0000,0x0000,0x0000,0x0000,0x0000,0x0000,0x0000,0x0000,0x0000,0x0000,0x0000,
  0x0000,0x0000,0x0000,0x0000,0x0000,0x0000,0x0000,0x88A7,0x90EA,0x90EB,0x8887,0x910B,0x994E,0x992E,0x8443,0x8421,
  0x8843,0x90A5,0x9085,0x8842,0x8421,0x8C64,0x8C64,0x94A6,0x9085,0xBD45,0xC165,0x8000,0x8C84,0x9085,0x98C7,0xA92A,
  0xA10A,0xA109,0xA109,0x9085,0x8C63,0x8843,0x8000,0xE207,0xD5C6,0x8C84,0x8842,0x8843,0x8C64,0x8422,0x8842,0x8000,
  0x994E,0x90EB,0x8886,0x90EB,0x910B,0x90C9,0x0000,0x0000,0x0000,0x0000,0x0000,0x0000,0x0000,0x0000,0x0000,0x0000,
  0x0000,0x0000,0x0000,0x0000,0xD9E7,0xC165,0x8421,0x8886,0x90EB,0x8CC9,0x8CA8,0x8CA7,0x992D,0x994E,0x994E,0x8422,
  0x8000,0x8843,0x9085,0x90A6,0x90A5,0x8842,0x8C84,0x8C64,0x94A6,0xA0C3,0xEA69,0x8020,0x8843,0x9085,0x9086,0x98C7,
  0x94A6,0x94A7,0x94A5,0x8C64,0x8C43,0x8C63,0x8420,0xE627,0xB504,0x8422,0x8C63,0x8C64,0x8C64,0x8000,0x8843,0x8000,
  0x992D,0x950C,0x8866,0x90EB,0x8CA8,0x950C,0xAD04,0xE628,0xC986,0x0000,0x0000,0x0000,0x0000,0x0000,0x0000,0x0000,
  0x0000,0x0000,0x0000,0xCD86,0xD1A5,0x8021,0x8843,0x8022,0x90EB,0x8CA8,0x90EC,0x8865,0x952D,0x992D,0xA190,0x8000,
  0x8442,0x8000,0x8C64,0x9085,0x9085,0x90A6,0x8842,0x8863,0x94A6,0x8C64,0xDDE6,0xB924,0x8000,0x8C63,0x9085,0x94A6,
  0x94A6,0x94A6,0x8C63,0x8843,0x8000,0x8000,0xD5C7,0xD9E6,0x9042,0x8422,0x9085,0x8C64,0x8842,0x8422,0x8422,0x8000,
  0x992E,0x950C,0x8886,0x90EB,0x8CC9,0x90EC,0x8442,0xEE8A,0xC586,0x98A3,0x0000,0x0000,0x0000,0x0000,0x0000,0x0000,
  0x0000,0x0000,0x0000,0xD9E7,0xEA49,0x9063,0x90A6,0x8422,0x90EA,0x90EA,0x90EB,0x88A7,0x90EA,0x994E,0x9D4E,0x9D4E,
  0x8000,0x9085,0x8843,0x8421,0x94A6,0x94A6,0x98C7,0x94A6,0x8842,0x8000,0x8821,0xE228,0xD251,0xDA92,0xDEB4,0xD672,
  0xD671,0xD671,0xD672,0xDA93,0xE2D4,0xB9AE,0xBD23,0x8000,0x8C63,0x9085,0x94A6,0x8000,0x8C63,0x90A6,0x8442,0x90EA,
  0x992D,0x910C,0x8886,0x90EB,0x8CA7,0x90EB,0x8021,0xE628,0xC5A7,0x9085,0xA52A,0x0000,0x0000,0x0000,0x0000,0x0000,
  0x0000,0x0000,0x9CC5,0xD9E7,0xE649,0xD5E8,0x94A6,0x8843,0x90EB,0x910C,0x90EB,0x8CA9,0x8887,0x992D,0x994E,0xA5B0,
  0x8422,0x8C64,0x94A6,0x9084,0x8421,0x8C64,0x9485,0xE205,0x98A4,0x8C64,0x8421,0x8000,0x9CE8,0xB9AC,0xCA30,0xE2D4,
  0xE6F5,0xE6F5,0xDA92,0xCA0F,0xB58B,0x9084,0x8000,0x8842,0xACE3,0xE1E4,0x9084,0x8C63,0x94A6,0x9085,0x8000,0x950B,
  0x952D,0x8CC9,0x8886,0x910C,0x8887,0x90EB,0x8021,0xDE07,0xC586,0x8421,0x94A6,0xA10A,0x0000,0x0000,0x0000,0x0000,
  0x0000,0x0000,0x9084,0x8000,0xD9E7,0xF2AC,0x9482,0x8C84,0x90CA,0x950C,0x90EA,0x90EB,0x8CA8,0x8CC9,0x952D,0x9D4E,
  0xA98F,0x8422,0x94A7,0x94A7,0x9CE8,0x98C7,0x8001,0x9881,0xD584,0x8C63,0x98C7,0x98C7,0x9084,0x8C63,0x8C63,0x8C63,
  0x8842,0x8842,0x8842,0x8421,0x8843,0x9084,0x98A6,0x94A5,0xDDC5,0x8420,0x9085,0x94A6,0x94A6,0x9085,0x8000,0xA9AF,
  0x952D,0x88A8,0x8CA8,0x950C,0x88A7,0x90EB,0x8022,0xD5C7,0xA4C3,0x8863,0x9085,0x98C7,0x8864,0x0000,0x0000,0x0000,
  0x0000,0x0000,0x9085,0x8843,0xC145,0xF2CD,0xE228,0x9483,0x8865,0x952E,0x910C,0x8CA8,0x90EC,0x8887,0x90EB,0x9D6E,
  0xADD0,0x8000,0x8C64,0x94A6,0x94A7,0xA52A,0xA52A,0x8843,0x8000,0x8843,0x9085,0x98C8,0x98C8,0x94A6,0x94A6,0x8C63,
  0x8841,0x8C62,0x8C63,0x8C63,0x94A6,0x98C7,0x94A6,0x9084,0x8001,0x94A6,0xA109,0x9086,0x94A6,0x8843,0x8C86,0xADD1,
  0x910C,0x88A7,0x8CCA,0x90EB,0x8886,0x90EB,0x8442,0xDDE8,0xA4C3,0x8C64,0x94A6,0x8843,0x9086,0x0000,0x0000,0x0000,
  0x0000,0x0000,0x94A7,0x94A6,0x8001,0xDE28,0xE229,0xE22A,0x8443,0x950D,0x90EB,0x8886,0x950D,0x8CA9,0x8CA8,0x90EB,
  0xB5F0,0x8CCA,0x9085,0x90A6,0x94A6,0x98C7,0xA109,0xA52A,0x94A6,0x8C64,0x8421,0x8C64,0x98C6,0x98C7,0x9085,0xB0E3,
  0xF2C9,0xFAEA,0xFF0B,0xD563,0x8842,0x98A6,0x8C64,0x8000,0x8C64,0xA109,0x9CE8,0x94A6,0x90A6,0x8821,0xA16E,0xB5D0,
  0x90EC,0x8CA7,0x90EB,0x90EB,0x8886,0x90EB,0xAD04,0xDE08,0x8C63,0x8863,0x90A6,0x8863,0x9085,0x0000,0x0000,0x0000,
  0x0000,0x0000,0x94A6,0x94A7,0x8C64,0x9082,0xEA8B,0xEA6A,0x8C62,0x8CC9,0x910C,0x8887,0x910C,0x90EB,0x88A8,0x910C,
  0x952D,0x8CEB,0xBD23,0x8842,0x94A6,0x98C7,0x98C7,0x98C8,0xA109,0xA94B,0xA92A,0x9CE8,0x8843,0x8000,0x8000,0xFAC9,
  0x8421,0xB9AC,0x94A5,0xD9E6,0xE207,0x8842,0x9CE7,0xA509,0xA109,0x98C7,0x94A6,0x94A6,0x8C64,0xC964,0x950A,0x994F,
  0x8CA8,0x8CC9,0x90EC,0x8CEB,0x8CA8,0x950C,0xC587,0xD5C7,0x8000,0x8C63,0x94A5,0x9085,0x8843,0x9484,0x0000,0x0000,
  0x0000,0x0000,0x8C64,0x94A6,0x8C64,0x8842,0xD1C7,0xE228,0xBD45,0x8CA7,0x90EB,0x8CA9,0x910C,0x910C,0x8CCA,0x90EB,
  0x90EB,0x90EB,0xBD44,0xAD04,0x94A5,0x94A6,0x98C7,0x98C7,0x98C7,0x98C7,0xA529,0xA52A,0xA52A,0x94A6,0x8400,0xC9A5,
  0x8021,0xEEF3,0xC1CD,0x8C62,0xD5A5,0x9085,0xA109,0x9CE8,0x94A7,0x94A7,0x94A6,0x9085,0x8C63,0xBD24,0x8CA7,0x994E,
  0x8886,0x8CCA,0x910C,0x90EB,0x8CA8,0x90EB,0xD5C8,0xCDA6,0x8021,0x9085,0x90A6,0x9085,0x8842,0x8843,0x0000,0x0000,
  0x0000,0x0000,0x8843,0x90A6,0x94A6,0x8C63,0xAD05,0xE228,0xC986,0x8864,0x910C,0x8CC9,0x8CEA,0x910C,0x910C,0x88A8,
  0x90EB,0x910B,0xB945,0xE627,0x9064,0x94A6,0x94A6,0x94A6,0x94C7,0x98C7,0x98C7,0x9CE8,0xA109,0x94A7,0x8400,0xC9A5,
  0x8400,0xA928,0x94A5,0x8000,0xC563,0x9084,0x9CC8,0x98C7,0x94A6,0x94A6,0x94A6,0x8843,0xA0A3,0xB504,0x90C8,0x952D,
  0x8887,0x90EB,0x90EB,0x88A8,0x8CA9,0x8CA9,0xD9C7,0xC586,0x8422,0x9085,0x90A6,0x8C64,0x8842,0x8843,0x0000,0x0000,
  0x0000,0x0000,0x8843,0x8C84,0x94A6,0x8C64,0x8021,0xB504,0xD9E7,0x8000,0x8CC9,0x8CC9,0x8CA8,0x910C,0x910C,0x8CA8,
  0x90EC,0x952E,0x8000,0xCD85,0xE207,0x8421,0x94A6,0x94A7,0x94A6,0x94A6,0x94A6,0x9CE8,0x94A6,0x9085,0x8022,0xD5A4,
  0xF268,0x8421,0x8421,0xE1E5,0x8000,0x9085,0x98C7,0x90A5,0x94A6,0x94A6,0x9085,0x98A4,0xE606,0x8000,0x8CC9,0x90EB,
  0x8887,0x90EB,0x90EB,0x8887,0x8CC9,0x8886,0xD5A6,0xA8C2,0x8842,0x9085,0x9085,0x8C64,0x8842,0x8843,0x0000,0x0000,
  0x0000,0x0000,0x8C64,0x8843,0x9085,0x9085,0x8422,0x8420,0xCD86,0xACE4,0x8CC9,0x910C,0x8CA8,0x90EC,0x90EB,0x88A7,
  0x90EB,0x90EB,0x8000,0xA8E4,0xE627,0x8421,0x9085,0x94A6,0x94A6,0x94A6,0x94A6,0x94A6,0x94A6,0x94A6,0x8C64,0x8001,
  0xC143,0xD1A5,0xD185,0x8000,0x8842,0x98C7,0x90A6,0x94A6,0x94A6,0x90A5,0x8C63,0xDDE7,0xCD85,0x8021,0x8CEA,0x910C,
  0x88A8,0x90EB,0x90EC,0x88A8,0x8CCA,0x8043,0xCD86,0x8842,0x8863,0x9085,0x9084,0x8843,0x8843,0x8842,0x0000,0x0000,
  0x0000,0x0000,0x8C64,0x8843,0x8843,0x9085,0x8843,0x8001,0xAD04,0xCD86,0x8443,0x90EC,0x88A8,0x90EB,0x90EC,0x88A9,
  0x90EB,0x90EB,0x8000,0x8C64,0xB504,0xE628,0x8442,0x8C64,0x94A6,0x94A6,0x94A6,0x94A6,0x94A6,0x94A6,0x94A6,0x9085,
  0x8842,0x9064,0x8C64,0x8000,0x94A6,0x94A6,0x9085,0x9086,0x90A6,0x8864,0xAD04,0xC986,0x8001,0x8421,0x8CEB,0x90EB,
  0x88A8,0x90EB,0x950C,0x8887,0x8CCA,0x8443,0xC145,0x8000,0x8C64,0x8C85,0x8843,0x8842,0x8843,0x8863,0x0000,0x0000,
  0x0000,0x0000,0x0000,0x0000,0x0000,0x0000,0x0000,0x0000,0x0000,0x0000,0x0000,0x0000,0x0000,0x0000,0x0000,0x0000,
  0x0000,0x0000,0x0000,0x0000,0x0000,0x0000,0x0000,0x0000,0x0000,0x0000,0x0000,0x0000,0x0000,0x0000,0x0000,0x0000,
  0x0000,0x0000,0x0000,0x0000,0x0000,0x0000,0x0000,0x0000,0x0000,0x0000,0x0000,0x0000,0x0000,0x0000,0x0000,0x0000,
  0x0000,0x0000,0x0000,0x0000,0x0000,0x0000,0x0000,0x0000,0x0000,0x0000,0x0000,0x0000,0x0000,0x0000,0x0000,0x0000,
  0x0000,0x0000,0x0000,0x0000,0x0000,0x0000,0x0000,0x0000,0x0000,0x0000,0x0000,0x0000,0x0000,0x0000,0x0000,0x0000,
  0x0000,0x0000,0x0000,0x0000,0x0000,0x0000,0x0000,0x0000,0x0000,0x0000,0x0000,0x0000,0x0000,0x0000,0x0000,0x0000,
  0x0000,0x0000,0x0000,0x0000,0x0000,0x0000,0x0000,0x0000,0x0000,0x0000,0x0000,0x0000,0x0000,0x0000,0x0000,0x0000,
  0x0000,0x0000,0x0000,0x0000,0x0000,0x0000,0x0000,0x0000,0x0000,0x0000,0x0000,0x0000,0x0000,0x0000,0x0000,0x0000,
  0x0000,0x0000,0x0000,0x0000,0x0000,0x0000,0x0000,0x0000,0x0000,0x0000,0x0000,0x0000,0x0000,0x0000,0x0000,0x0000,
  0x0000,0x0000,0x0000,0x0000,0x0000,0x0000,0x0000,0x0000,0x0000,0x0000,0x0000,0x0000,0x0000,0x0000,0x0000,0x0000,
  0x0000,0x0000,0x0000,0x0000,0x0000,0x0000,0x0000,0x0000,0x0000,0x0000,0x0000,0x0000,0x0000,0x0000,0x0000,0x0000,
  0x0000,0x0000,0x0000,0x0000,0x0000,0x0000,0x0000,0x0000,0x0000,0x0000,0x0000,0x0000,0x0000,0x0000,0x0000,0x0000,
 },
 {
  0x0000,0x0000,0x0000,0x0000,0x0000,0x0000,0x0000,0x0000,0x0000,0x0000,0x0000,0x0000,0x0000,0x0000,0x0000,0x0000,
  0x0000,0x0000,0x0000,0x0000,0x0000,0x0000,0x0000,0x0000,0x0000,0x0000,0x0000,0x0000,0x0000,0x0000,0x0000,0x0000,
  0x0000,0x0000,0x0000,0x0000,0x0000,0x0000,0x0000,0x0000,0x0000,0x0000,0x0000,0x0000,0x0000,0x0000,0x0000,0x0000,
  0x0000,0x0000,0x0000,0x0000,0x0000,0x0000,0x0000,0x0000,0x0000,0x0000,0x0000,0x0000,0x0000,0x0000,0x0000,0x0000,
  0x0000,0x0000,0x0000,0x0000,0x0000,0x0000,0x0000,0x0000,0x0000,0x0000,0x0000,0x0000,0x0000,0x0000,0x0000,0x0000,
  0x0000,0x0000,0x0000,0x0000,0x0000,0x0000,0x0000,0x0000,0x0000,0x0000,0x0000,0x0000,0x0000,0x0000,0x0000,0x0000,
  0x0000,0x0000,0x0000,0x0000,0x0000,0x0000,0x0000,0x0000,0x0000,0x0000,0x0000,0x0000,0x0000,0x0000,0x0000,0x0000,
  0x0000,0x0000,0x0000,0x0000,0x0000,0x0000,0x0000,0x0000,0x0000,0x0000,0x0000,0x0000,0x0000,0x0000,0x0000,0x0000,
  0x0000,0x0000,0x0000,0x0000,0x0000,0x0000,0x0000,0x0000,0x0000,0x0000,0x0000,0x0000,0x0000,0x0000,0x0000,0x0000,
  0x0000,0x0000,0x0000,0x0000,0x0000,0x0000,0x0000,0x0000,0x0000,0x0000,0x0000,0x0000,0x0000,0x0000,0x0000,0x0000,
  0x0000,0x0000,0x0000,0x0000,0x0000,0x0000,0x0000,0x0000,0x0000,0x0000,0x0000,0x0000,0x0000,0x0000,0x0000,0x0000,
  0x0000,0x0000,0x0000,0x0000,0x0000,0x0000,0x0000,0x0000,0x0000,0x0000,0x0000,0x0000,0x0000,0x0000,0x0000,0x0000,
  0x0000,0x0000,0x0000,0x0000,0x0000,0x0000,0x0000,0x0000,0x0000,0x0000,0x0000,0x0000,0x0000,0x0000,0x0000,0x0000,
  0x0000,0x0000,0x0000,0x0000,0x0000,0x0000,0x0000,0x0000,0x0000,0x0000,0x0000,0x0000,0x0000,0x0000,0x0000,0x0000,
  0x0000,0x0000,0x0000,0x0000,0x0000,0x0000,0x0000,0x0000,0x0000,0x0000,0x0000,0x0000,0x0000,0x0000,0x0000,0x0000,
  0x0000,0x0000,0x0000,0x0000,0x0000,0x0000,0x0000,0x0000,0x0000,0x0000,0x0000,0x0000,0x0000,0x0000,0x0000,0x0000,
  0x0000,0x0000,0x0000,0x0000,0x0000,0x0000,0x0000,0x0000,0x0000,0x0000,0x0000,0x0000,0x0000,0x0000,0x0000,0x0000,
  0x0000,0x0000,0x0000,0x0000,0x0000,0x0000,0x0000,0x0000,0x0000,0x0000,0x0000,0x0000,0x0000,0x0000,0x0000,0x0000,
  0x0000,0x0000,0x0000,0x0000,0x0000,0x0000,0x0000,0x0000,0x0000,0x0000,0x0000,0x0000,0x0000,0x0000,0x0000,0x0000,
  0x0000,0x0000,0x0000,0x0000,0x0000,0x0000,0x0000,0x0000,0x0000,0x0000,0x0000,0x0000,0x0000,0x0000,0x0000,0x0000,
  0x0000,0x0000,0x0000,0x0000,0x0000,0x0000,0x0000,0x0000,0x0000,0x0000,0x0000,0x0000,0x0000,0x0000,0x0000,0x0000,
  0x0000,0x0000,0x0000,0x0000,0x0000,0x0000,0x0000,0x0000,0x0000,0x0000,0x0000,0x0000,0x0000,0x0000,0x0000,0x0000,
  0x0000,0x0000,0x0000,0x0000,0x0000,0x0000,0x0000,0x0000,0x0000,0x0000,0x0000,0x0000,0x0000,0x0000,0x0000,0x0000,
  0x0000,0x0000,0x0000,0x0000,0x0000,0x0000,0x0000,0x0000,0x0000,0x0000,0x0000,0x0000,0x0000,0x0000,0x0000,0x0000,
  0x0000,0x0000,0x0000,0x0000,0x0000,0x0000,0x0000,0x0000,0x0000,0x0000,0x0000,0x0000,0x0000,0x0000,0x0000,0x0000,
  0x0000,0x0000,0x0000,0x0000,0x0000,0x0000,0x0000,0x0000,0x0000,0x0000,0x0000,0x0000,0x0000,0x0000,0x0000,0x0000,
  0x0000,0x0000,0x0000,0x0000,0x0000,0x0000,0x0000,0x0000,0x0000,0x0000,0x0000,0x0000,0x0000,0x0000,0x0000,0x0000,
  0x0000,0x0000,0x0000,0x0000,0x0000,0x0000,0x0000,0x0000,0x0000,0x0000,0x0000,0x0000,0x0000,0x0000,0x0000,0x0000,
  0x0000,0x0000,0x0000,0x0000,0x0000,0x0000,0x0000,0x0000,0x0000,0x0000,0x0000,0x0000,0x0000,0x0000,0x0000,0x0000,
  0x0000,0x0000,0x0000,0x0000,0x0000,0x0000,0x0000,0x0000,0x0000,0x0000,0x0000,0x0000,0x0000,0x0000,0x0000,0x0000,
  0x0000,0x0000,0x0000,0x0000,0x0000,0x0000,0x0000,0x0000,0x0000,0x0000,0x0000,0x0000,0x0000,0x0000,0x0000,0x0000,
  0x0000,0x0000,0x0000,0x0000,0x0000,0x0000,0x0000,0x0000,0x0000,0x0000,0x0000,0x0000,0x0000,0x0000,0x0000,0x0000,
  0x0000,0x0000,0x0000,0x0000,0x0000,0x0000,0x0000,0x0000,0x0000,0x0000,0x0000,0x0000,0x0000,0x0000,0x0000,0x0000,
  0x0000,0x0000,0x0000,0x0000,0x0000,0x0000,0x0000,0x0000,0x0000,0x0000,0x0000,0x0000,0x0000,0x0000,0x0000,0x0000,
  0x0000,0x0000,0x0000,0x0000,0x0000,0x0000,0x0000,0x0000,0x0000,0x0000,0x0000,0x0000,0x0000,0x0000,0x0000,0x0000,
  0x0000,0x0000,0x0000,0x0000,0x0000,0x0000,0x0000,0x0000,0x0000,0x0000,0x0000,0x0000,0x0000,0x0000,0x0000,0x0000,
  0x0000,0x0000,0x0000,0x0000,0x0000,0x0000,0x0000,0x0000,0x0000,0x0000,0x0000,0x0000,0x0000,0x0000,0x0000,0x0000,
  0x0000,0x0000,0x0000,0x0000,0x0000,0x0000,0x0000,0x0000,0x0000,0x0000,0x0000,0x0000,0x0000,0x0000,0x0000,0x0000,
  0x0000,0x0000,0x0000,0x0000,0x0000,0x0000,0x0000,0x0000,0x0000,0x0000,0x0000,0x0000,0x0000,0x0000,0x0000,0x0000,
  0x0000,0x0000,0x0000,0x0000,0x0000,0x0000,0x0000,0x0000,0x0000,0x0000,0x0000,0x0000,0x0000,0x0000,0x0000,0x0000,
  0x0000,0x0000,0x0000,0x0000,0x0000,0x0000,0x0000,0x0000,0x0000,0x0000,0x0000,0x0000,0x0000,0x0000,0x0000,0x0000,
  0x0000,0x0000,0x0000,0x0000,0x0000,0x0000,0x0000,0x0000,0x0000,0x0000,0x0000,0x0000,0x0000,0x0000,0x0000,0x0000,
  0x0000,0x0000,0x0000,0x0000,0x0000,0x0000,0x0000,0x0000,0x0000,0x0000,0x0000,0x0000,0x0000,0x0000,0x0000,0x0000,
  0x0000,0x0000,0x0000,0x0000,0x0000,0x0000,0x0000,0x0000,0x0000,0x0000,0x0000,0x0000,0x0000,0x0000,0x0000,0x0000,
  0x0000,0x0000,0x0000,0x0000,0x0000,0x0000,0x0000,0x0000,0x0000,0x0000,0x0000,0x0000,0x0000,0x0000,0x0000,0x0000,
  0x0000,0x0000,0x0000,0x0000,0x0000,0x0000,0x0000,0x0000,0x0000,0x0000,0x0000,0x0000,0x8CCC,0x90ED,0x88AA,0x8CAB,
  0x912F,0x9551,0x8CCB,0x8CCB,0x0000,0x0000,0x0000,0x0000,0x0000,0x0000,0x0000,0x0000,0x0000,0x0000,0x0000,0x0000,
  0x0000,0x0000,0x0000,0x0000,0x0000,0x0000,0x0000,0x0000,0x0000,0x0000,0x0000,0x0000,0x0000,0x0000,0x0000,0x0000,
  0x0000,0x0000,0x0000,0x0000,0x0000,0x0000,0x0000,0x0000,0x0000,0x0000,0x0000,0x0000,0x0000,0x0000,0x0000,0x0000,
  0x0000,0x0000,0x0000,0x0000,0x0000,0x0000,0x0000,0x0000,0x0000,0x0000,0x8CEB,0x8CCB,0x90EE,0x9550,0x9551,0x950F,
  0x90CC,0x952F,0x952F,0x8CCC,0x90EC,0x88A9,0x0000,0x0000,0x0000,0x0000,0x0000,0x0000,0x0000,0x0000,0x0000,0x0000,
  0x0000,0x0000,0x0000,0x0000,0x0000,0x0000,0x0000,0x0000,0x0000,0x0000,0x0000,0x0000,0x0000,0x0000,0x0000,0x0000,
  0x0000,0x0000,0x0000,0x0000,0x0000,0x0000,0x0000,0x0000,0x0000,0x0000,0x0000,0xCD4C,0xA96F,0x0000,0x0000,0x0000,
  0x0000,0x0000,0x0000,0x0000,0x0000,0x954F,0x9971,0xA1D3,0xA1F4,0x99B4,0x910E,0x88AA,0x90ED,0x90ED,0xA214,0xA214,
  0x9572,0x90ED,0x9971,0x9DD3,0x9951,0x8CCC,0x88AA,0x8466,0x910E,0x9DB3,0x9992,0x992E,0x0000,0x0000,0x0000,0x0000,
  0x0000,0x0000,0x0000,0x0000,0xB94D,0x0000,0x0000,0x0000,0x0000,0x0000,0x0000,0x0000,0x0000,0x0000,0x0000,0x0000,
  0x0000,0x0000,0x0000,0x0000,0x0000,0x0000,0x0000,0x0000,0x0000,0x0000,0x0000,0xD549,0xD16C,0xA5D3,0x0000,0x0000,
  0x0000,0x0000,0x0000,0x0000,0x8CA9,0x90EC,0x910D,0x9DB4,0xB275,0xAE55,0xAA35,0x912F,0x8CA9,0x90ED,0x8CCC,0x952F,
  0x9530,0x9550,0x8CCC,0xA633,0x9572,0x9550,0x90ED,0x8CCB,0x8D0E,0xAE55,0xA1F4,0x9993,0x88A8,0x0000,0x0000,0x0000,
  0x0000,0x0000,0x0000,0x9DD4,0xE549,0x0000,0x0000,0x0000,0x0000,0x0000,0x0000,0x0000,0x0000,0x0000,0x0000,0x0000,
  0x0000,0x0000,0x0000,0x0000,0x0000,0x0000,0x0000,0x0000,0x0000,0x0000,0x0000,0x0000,0xE96A,0xA990,0xA1B2,0x0000,
  0x0000,0x0000,0x0000,0x8887,0x90ED,0x8465,0x8465,0x8488,0x9970,0xB677,0xB256,0x9DD4,0x8868,0x910E,0x912F,0x9550,
  0x9DB3,0x9993,0x8CCD,0x9550,0x9951,0x950E,0x952F,0x8CCC,0x9150,0xAA36,0xA1F4,0x952F,0x8044,0x0000,0x0000,0x0000,
  0x0000,0x0000,0xA1D4,0xC14B,0xD529,0x0000,0x0000,0x0000,0x0000,0x0000,0x0000,0x0000,0x0000,0x0000,0x0000,0x0000,
  0x0000,0x0000,0x0000,0x0000,0x0000,0x0000,0x0000,0x0000,0x0000,0x0000,0x0000,0xDD49,0xE98B,0xE18B,0xA591,0xA5F5,
  0x0000,0x0000,0x0000,0x8CCA,0x8888,0x8887,0x9550,0xA1F4,0x9DB2,0x9571,0x9151,0xBAB6,0xA635,0x8867,0x912F,0x9DB2,
  0xB295,0xA633,0x9993,0x90EE,0x9DB3,0xA1F3,0x9992,0x8D0E,0x952F,0xBEF6,0xA1F4,0x8CCB,0x910D,0x8466,0x0000,0x0000,
  0x0000,0x9DB3,0xC56D,0xE98B,0xE56A,0x0000,0x0000,0x0000,0x0000,0x0000,0x0000,0x0000,0x0000,0x0000,0x0000,0x0000,
  0x0000,0x0000,0x0000,0x0000,0x0000,0x0000,0x0000,0x0000,0x0000,0x0000,0x0000,0xD94A,0xE9AB,0xE16B,0xC56D,0xA636,
  0x9571,0x0000,0x8444,0x8888,0x8888,0x99B3,0xA614,0xAA35,0xC2D6,0xB695,0xA1F5,0x9571,0xB276,0x912F,0x910D,0x9570,
  0x9992,0x9992,0x9DB3,0x952F,0x9DD3,0x99B2,0x99B2,0x8CED,0x9550,0xAA35,0x9550,0x9D91,0xA614,0x9DB2,0x8487,0x0000,
  0x9971,0xA5F5,0xDD6B,0xE16A,0xE14A,0x0000,0x0000,0x0000,0x0000,0x0000,0x0000,0x0000,0x0000,0x0000,0x0000,0x0000,
  0x0000,0x0000,0x0000,0x0000,0x0000,0x0000,0x0000,0x0000,0x0000,0x0000,0x0000,0x0000,0xE16B,0xE9AC,0xD94A,0xC14B,
  0x9993,0x8CEB,0x8888,0x9550,0x9992,0x99B2,0x9550,0x914E,0x9550,0xAA14,0xC2F7,0xAA34,0x9992,0xA615,0x8488,0x912F,
  0x9DB3,0xAE75,0xA1F5,0x9D92,0xA1D4,0xA614,0x9992,0x9551,0x9DB3,0xA5F5,0xA614,0xB694,0xAA34,0x9571,0x912F,0x8023,
  0x9550,0xC96B,0xE18B,0xE9AB,0x0000,0x0000,0x0000,0x0000,0x0000,0x0000,0x0000,0x0000,0x0000,0x0000,0x0000,0x0000,
  0x0000,0x0000,0x0000,0x0000,0x0000,0x0000,0x0000,0x0000,0x0000,0xD949,0xE14A,0x0000,0xD54B,0xDD6B,0xE5AC,0xD14A,
  0x910E,0x8022,0x88AA,0x9971,0xA1F4,0x8000,0x9861,0xC121,0x8820,0x8C85,0x99B2,0xC2F6,0xAE54,0x9992,0x8CEC,0x910E,
  0x9DB3,0xA615,0xA1F4,0xA1F4,0x9972,0xAA55,0xAA55,0x9550,0x9992,0x9992,0xBAB6,0xBA96,0x9991,0x8421,0x8001,0x8000,
  0x90CB,0xD529,0xE58B,0xDD6A,0x0000,0xE14A,0xDD4A,0x0000,0x0000,0x0000,0x0000,0x0000,0x0000,0x0000,0x0000,0x0000,
  0x0000,0x0000,0x0000,0x0000,0x0000,0x0000,0x0000,0x0000,0x0000,0x0000,0xE149,0xE9AC,0xD54B,0xD56C,0xDD6A,0xDD8B,
  0xC92B,0x8000,0x8889,0x9971,0x914E,0xA4A1,0xCD60,0xF662,0xDDC1,0xA480,0x8865,0x9DD4,0xAE55,0x9992,0x9571,0x8CED,
  0x9571,0xA1D4,0xAE56,0xAE55,0xA1F4,0xA1F5,0x9992,0x952F,0x9DD4,0x9992,0xBAB6,0xA1D3,0x8000,0xC920,0xBD00,0x8021,
  0xCD2A,0xD96B,0xC54B,0xD54A,0xE9AC,0xE98B,0x0000,0x0000,0x0000,0x0000,0x0000,0x0000,0x0000,0x0000,0x0000,0x0000,
  0x0000,0x0000,0x0000,0x0000,0x0000,0x0000,0x0000,0x0000,0x0000,0x0000,0xD949,0xE5AB,0xE18B,0xDDAD,0xA9D3,0xA92C,
  0xBD2A,0x8CA9,0x952F,0x8D0D,0x8C41,0xD182,0x8000,0x8000,0xFBDC,0xEE44,0xBD22,0x910F,0x9992,0xA635,0x9571,0x9530,
  0x9571,0xA615,0xA5F5,0xB295,0xAA36,0xA1D4,0xA1D4,0x99B2,0x912F,0xA1F4,0xAE56,0x8001,0x8800,0xFF2D,0xC940,0x8400,
  0xD14A,0xA570,0xC5D1,0xE9AC,0xD949,0x0000,0x0000,0x0000,0x0000,0x0000,0x0000,0x0000,0x0000,0x0000,0x0000,0x0000,
  0x0000,0x0000,0x0000,0x0000,0x0000,0x0000,0x0000,0x0000,0x0000,0x0000,0x0000,0xD94A,0xE58B,0xDD6B,0xD94A,0xA5D4,
  0x8D0D,0x8CAA,0x910F,0x8044,0xBD01,0xDDA1,0x8000,0x8000,0x8000,0xEA24,0xC541,0x8001,0x9992,0xA214,0x9571,0x9971,
  0x9DB3,0x9DD4,0xAA55,0xA614,0xAA36,0xA1F5,0x9DB3,0x99B3,0x952F,0xA1D4,0xA1D4,0x8000,0x8000,0x8000,0xDDA1,0x9440,
  0x952F,0x9D2E,0xD54A,0xD949,0xDD4A,0x0000,0x0000,0x0000,0x0000,0x0000,0x0000,0x0000,0x0000,0x0000,0x0000,0x0000,
  0x0000,0x0000,0x0000,0x0000,0x0000,0xA5B5,0xA170,0x0000,0x0000,0x0000,0x0000,0x0000,0xD14B,0xD16B,0xD94A,0xD96B,
  0x90C8,0x8CCB,0x90ED,0x8021,0xBD00,0xD161,0x8000,0x8000,0x8000,0xD980,0xE1A1,0x8000,0x9992,0x9DB2,0x9150,0x9DB3,
  0xA214,0x9DB3,0xAA35,0xB295,0xA615,0xA636,0x99B2,0xA216,0x9972,0x9DD4,0x9570,0x8000,0x8000,0x8400,0xE5E1,0x9440,
  0xAD0B,0xCD2A,0xD96B,0xDD6B,0x0000,0x0000,0x0000,0x0000,0x0000,0xA1B4,0xA5B4,0x0000,0x0000,0x0000,0x0000,0x0000,
  0x0000,0x0000,0x0000,0x0000,0x0000,0x0000,0xDD49,0xD16A,0xA616,0xAE36,0x9DD4,0x952F,0x0000,0x0000,0xA52C,0x950C,
  0x8000,0x90ED,0x8CCC,0x8043,0xB8E1,0xFA85,0x9062,0x8000,0x8420,0xE1C2,0xE5E3,0x8000,0x99B3,0x9571,0xA615,0xA1F4,
  0xA215,0xAA56,0xA215,0xA636,0xB6B6,0xB2B7,0xA615,0xA1F5,0xA1F4,0x9571,0x9571,0x8000,0x8000,0x8C20,0xF665,0xA080,
  0x9D0C,0x9D2A,0x0000,0x0000,0x0000,0x9DD4,0xB215,0xA1B3,0xDD49,0xD929,0x0000,0x0000,0x0000,0x0000,0x0000,0x0000,
  0x0000,0x0000,0x0000,0x0000,0x0000,0x0000,0xE16A,0xE58B,0xE16A,0xA592,0xBA55,0xB256,0x9D92,0x9991,0x8488,0x8465,
  0x88CC,0x952F,0x88AB,0x8D0E,0x8000,0xF685,0xFAEA,0x8420,0xD9E4,0xFAA6,0xE1E2,0x8000,0x9992,0x9992,0x9DD3,0xA1F4,
  0xA615,0xAE56,0xB295,0xAA56,0xB296,0xAE56,0xAA36,0xAE76,0xA1F5,0x9DD4,0x9570,0xA8A0,0x8000,0xD5C6,0xF6A5,0x8421,
  0x8000,0x8CA9,0x954F,0x9971,0x9E15,0xAA14,0xA96F,0xE18C,0xE9AB,0xE56A,0x0000,0x0000,0x0000,0x0000,0x0000,0x0000,
  0x0000,0x0000,0x0000,0x0000,0x0000,0x0000,0x0000,0xE16A,0xE5AC,0xE58B,0xD549,0xA170,0xA56E,0x9950,0x952F,0x8466,
  0x8CED,0x9571,0x9550,0x9550,0x9550,0xC541,0xFAC7,0xFF0C,0xFA85,0xF663,0xB522,0x9130,0x9571,0xA1F4,0xA1F4,0xA635,
  0xAE76,0xBED6,0xBAB4,0xB6B6,0xB296,0xB296,0xB295,0xB6D6,0xAA75,0xA214,0x9971,0x94C5,0xDDA1,0xFAC7,0xC960,0x90EC,
  0x8024,0x912E,0x9571,0xA190,0xB10C,0xDD4A,0xE16B,0xE16B,0xE14A,0x0000,0x0000,0x0000,0x0000,0x0000,0x0000,0x0000,
  0x0000,0x0000,0x0000,0x0000,0x0000,0x0000,0x0000,0xE5AB,0xE9AC,0xE9CC,0xE9CC,0xE18B,0xD54A,0xCD2A,0x94ED,0x8001,
  0x9551,0x99B2,0xA1F4,0x99B2,0x912E,0x914F,0x8862,0x8C40,0x8820,0x8886,0x952F,0x9550,0x9DD4,0x9DB3,0xA615,0xAE76,
  0xBAD6,0xA233,0x8001,0xCF18,0xBAD6,0xBAD6,0xBAD6,0x8D0A,0xAE95,0xAE75,0xA1D4,0x9570,0x8442,0x8000,0x8423,0x910D,
  0x952F,0x8865,0xC92A,0xCD2A,0xDD4A,0xE5AC,0xE9CC,0xE9AC,0xE9AB,0x0000,0x0000,0x0000,0x0000,0x0000,0x0000,0x0000,
  0x0000,0x0000,0x0000,0x0000,0x0000,0x0000,0x0000,0x0000,0xDD49,0xE58B,0xE16A,0xE16A,0xC18F,0xB56F,0xC12B,0x8022,
  0x9971,0x9DB2,0xA615,0xAA55,0xA614,0x9991,0xA1F4,0xA1F4,0x9DB3,0x9150,0x9571,0xA1F4,0x9DD4,0xAE56,0xAE56,0xB696,
  0xBAD6,0xB6D6,0x84A8,0xBAD6,0xBAD6,0xBAD6,0xB6D6,0x8000,0xB6B6,0xAA55,0xA1F5,0x9DB3,0x9570,0x9DB3,0x9150,0xA616,
  0x912F,0x8000,0xA94E,0xDDAC,0xDD6B,0xDD4A,0xDD4A,0xDD4A,0x0000,0x0000,0x0000,0x0000,0x0000,0x0000,0x0000,0x0000,
  0x0000,0x0000,0x0000,0x0000,0x0000,0x0000,0x0000,0x0000,0x0000,0x0000,0xDD4A,0xDD6A,0xD14A,0xD129,0x98EA,0x8001,
  0x954F,0xA1F4,0xAE54,0x88EA,0xB2B6,0xB6B6,0xAE55,0xA5F4,0xA5F3,0xAA15,0xAE56,0xA615,0xAE76,0xAE76,0xBAD6,0xB296,
  0xB6D6,0xBAD6,0xB6D6,0xBAD6,0xBAD6,0xB6D6,0xBAD6,0xBAD6,0xBAD7,0xB697,0xB296,0xAA55,0xA1F4,0xA635,0xAE74,0xAE54,
  0x9DB3,0x8022,0xD16A,0xD94A,0xDD4A,0xDD4A,0x0000,0x0000,0x0000,0x0000,0x0000,0x0000,0x0000,0x0000,0x0000,0x0000,
  0x0000,0x0000,0x0000,0x0000,0x0000,0x0000,0x0000,0x0000,0x0000,0x0000,0x0000,0xBD4A,0x90CA,0x954E,0x8D0D,0x8001,
  0x9571,0xB275,0x8D2D,0x8443,0x8023,0xBAB7,0xBAD6,0xB6B6,0xB6B6,0xB276,0xB6B6,0xB296,0xB296,0xBAD6,0xBAD6,0xB6D6,
  0xB6D6,0xBAD6,0xBAD6,0xBAD6,0xBAD6,0xBAD6,0xBAD7,0xBAD6,0xB6D6,0xB6D6,0xB6D6,0xAA75,0xB6B6,0xB6B6,0xB6B6,0x84A7,
  0x9991,0x8422,0x952D,0xA54D,0xA12D,0x0000,0x0000,0x0000,0x0000,0x0000,0x0000,0x0000,0x0000,0x0000,0x0000,0x0000,
  0x0000,0x0000,0x0000,0x0000,0x0000,0x0000,0x0000,0x0000,0xA992,0xB1B2,0xB9D2,0xAA15,0xA9F4,0x9DB3,0x952F,0x8423,
  0x912E,0xAA13,0xB275,0xCAB6,0xAE32,0x910B,0xA5D0,0xAA12,0xB696,0xBAD6,0xB6B6,0xBAD6,0xBAD6,0xBAD6,0xBAD6,0xBAD6,
  0xB696,0xB696,0xAA12,0xAE32,0xAE32,0xAA32,0xAE53,0xAA55,0xBAD6,0xBAD6,0xBAD6,0xBAD6,0xB6D6,0xB6B7,0x88C8,0xB234,
  0x88EA,0x8023,0x9970,0xA1B2,0xA9F5,0xB5B1,0xB1D1,0xBD8E,0x0000,0x0000,0x0000,0x0000,0x0000,0x0000,0x0000,0x0000,
  0x0000,0x0000,0x0000,0x0000,0x0000,0x0000,0x0000,0xD529,0xE149,0xE58B,0xE58B,0xE9CD,0xE18C,0xD96B,0xD14B,0xC508,
  0x8003,0x9992,0xB676,0xCAD6,0xCAB6,0xCED6,0xCEF6,0x9D8E,0x8023,0x8001,0x8CE9,0xA212,0xA1F1,0xA1F1,0x954E,0x8022,
  0x8021,0x8022,0xC2B5,0xD2F7,0xDB18,0xDB18,0xD717,0xA1AE,0x8000,0x8CEA,0xA1F3,0x99D1,0x8000,0x8423,0xBA53,0xA1B0,
  0x8444,0xCD2A,0xD54B,0xE1AC,0xE18C,0xE18B,0xDD6A,0xDD49,0x0000,0x0000,0x0000,0x0000,0x0000,0x0000,0x0000,0x0000,
  0x0000,0x0000,0x0000,0x0000,0x0000,0x0000,0x0000,0x0000,0xD949,0xE58B,0xE9AC,0xE16A,0xE5AC,0xE5AC,0xDD6A,0x9130,
  0x8023,0x912F,0x9DB3,0xB675,0xC6B5,0xCAB5,0xCAB6,0xD2F7,0xCED6,0xD2F6,0xD2F6,0xCED6,0xCEB5,0xD2D6,0xD2F7,0xD2D6,
  0xCED6,0xCED6,0xCED6,0xD2F7,0xCEF7,0xD2F7,0xCED6,0xCED6,0xCED6,0xCED6,0xCAB5,0xC294,0xD2F7,0xC294,0xBA54,0x8CEB,
  0xBD4B,0xD56A,0xE18C,0xE58B,0xE58B,0xE9AC,0xE5AB,0x0000,0x0000,0x0000,0x0000,0x0000,0x0000,0x0000,0x0000,0x0000,
  0x0000,0x0000,0x0000,0x0000,0x0000,0x0000,0x0000,0x0000,0x0000,0x0000,0xE14A,0xE58B,0xD529,0xCD29,0xDDAD,0xCD6C,
  0x992F,0x8000,0x8CC9,0x956F,0xA1F4,0xCAB5,0xCAB6,0xCAB6,0xCAB5,0xCAB6,0xCAB5,0xCA95,0xCAB5,0xCEB6,0xCAB5,0xC274,
  0xBE53,0xBE53,0xBA53,0xBA53,0xBA53,0xBA53,0xBA53,0xBE53,0xC274,0xBE74,0xBE74,0xBE73,0xBE54,0xA9F2,0x88CA,0xA56E,
  0xCD8C,0xD5AE,0xE14A,0xE58B,0xE98B,0xDD4A,0x0000,0x0000,0x0000,0x0000,0x0000,0x0000,0x0000,0x0000,0x0000,0x0000,
  0x0000,0x0000,0x0000,0x0000,0x0000,0x0000,0x0000,0x0000,0x0000,0x0000,0x0000,0x0000,0x0000,0xE5AD,0xD96A,0xC54B,
  0x8421,0x9483,0x8000,0x8CA7,0x9570,0x9570,0xAE13,0xCAB6,0xCAB5,0xCAB5,0xCAB5,0xCAB6,0xCAB6,0xCAB5,0xCAB5,0xCAB6,
  0xCA95,0xCAB5,0xCAB5,0xCAB5,0xCAB6,0xC6B6,0xCAB5,0xC695,0xBE53,0xBE54,0xBE74,0xBA33,0xADF2,0x8021,0x8C63,0x8422,
  0xA12E,0xD94A,0xE58B,0x0000,0x0000,0x0000,0x0000,0x0000,0x0000,0x0000,0x0000,0x0000,0x0000,0x0000,0x0000,0x0000,
  0x0000,0x0000,0x0000,0x0000,0x0000,0x0000,0x0000,0x0000,0x0000,0x0000,0x0000,0x0000,0x0000,0x0000,0x9464,0xA508,
  0x8841,0x8000,0x8000,0x8000,0x8000,0x8CEC,0x9550,0xAE12,0xBA53,0xC674,0xCAB6,0xCAB6,0xCAB6,0xCAB5,0xCAB5,0xCAB5,
  0xCAB5,0xCAB6,0xCAB5,0xCAB6,0xCAB6,0xCAB6,0xCAB6,0xBE54,0xBE53,0xBE53,0xA9D2,0x90EB,0x8887,0x8000,0x8000,0x9CC6,
  0xB14A,0x9084,0x0000,0x0000,0x0000,0x0000,0x0000,0x0000,0x0000,0x0000,0x0000,0x0000,0x0000,0x0000,0x0000,0x0000,
  0x0000,0x0000,0x0000,0x0000,0x0000,0x0000,0x0000,0x0000,0x0000,0x0000,0x0000,0x0000,0x0000,0xB14A,0xB98C,0x8821,
  0x8421,0x8842,0x8842,0x8841,0x8000,0x8000,0x8465,0x8002,0x8CEB,0x954E,0x9D90,0xB212,0xB1F1,0xB212,0xC695,0xC274,
  0xCA95,0xCAB6,0xC6B5,0xC695,0xBA54,0xBA33,0xBE53,0xB633,0x8D2E,0x8024,0x8000,0x8000,0x8000,0x8421,0x8842,0x8421,
  0x8000,0xB58C,0xA0C7,0x0000,0x0000,0x0000,0x0000,0x0000,0x0000,0x0000,0x0000,0x0000,0x0000,0x0000,0x0000,0x0000,
  0x0000,0x0000,0x0000,0x0000,0x0000,0x0000,0x0000,0x0000,0x0000,0x0000,0x0000,0x0000,0x0000,0xA0E7,0xBDAD,0x8000,
  0x8842,0x8C84,0x8421,0x8000,0x8000,0x8000,0x8000,0x88AA,0x8888,0x8888,0x8D0D,0x954E,0xB212,0xB1F2,0xB1F2,0xB1F2,
  0xB1F1,0xB212,0xB212,0xB1F1,0xB212,0xA5B0,0x996E,0x910B,0x8021,0x8000,0x8000,0x8822,0x8421,0x8000,0x8842,0x8843,
  0x8822,0x8400,0xCE31,0x0000,0x0000,0x0000,0x0000,0x0000,0x0000,0x0000,0x0000,0x0000,0x0000,0x0000,0x0000,0x0000,
  0x0000,0x0000,0x0000,0x0000,0x0000,0x0000,0x0000,0x0000,0x0000,0x0000,0x0000,0x0000,0x8421,0xA508,0xCA0F,0x8000,
  0x8C63,0x9084,0x8000,0x8000,0x8000,0x8000,0x8000,0x88AA,0x8CCC,0x912E,0x914F,0xA5D1,0xA5D1,0xB1F2,0xB1F2,0xADF1,
  0xB1F1,0xADF1,0xB1F1,0x9D6E,0x9D6E,0x8887,0x88A9,0x8466,0x8487,0x8000,0x8842,0x8842,0x8C64,0x8422,0x8401,0x9064,
  0x8C64,0x8421,0xC5EF,0xCA31,0x0000,0x0000,0x0000,0x0000,0x0000,0x0000,0x0000,0x0000,0x0000,0x0000,0x0000,0x0000,
  0x0000,0x0000,0x0000,0x0000,0x0000,0x0000,0x0000,0x0000,0x0000,0x0000,0x0000,0xD672,0x9063,0xA0E6,0xCE51,0xE2F6,
  0x8000,0x8C64,0x8842,0x8000,0x8842,0x8421,0x8000,0x8466,0x8886,0x8CEC,0x9990,0x9571,0xBA53,0xBE53,0xADF1,0xB212,
  0xB212,0xADF1,0x994D,0x994D,0xADF0,0xA5B0,0x952D,0x910F,0x8000,0x8422,0x8843,0x8000,0x8842,0x94A6,0x8421,0x8C64,
  0x9085,0x8C63,0xE6D6,0xD273,0x0000,0x0000,0x0000,0x0000,0x0000,0x0000,0x0000,0x0000,0x0000,0x0000,0x0000,0x0000,
  0x0000,0x0000,0x0000,0x0000,0x0000,0x0000,0x0000,0x0000,0x0000,0x0000,0xBDAD,0xE716,0x8C63,0xA0E7,0xBDCD,0xDA72,
  0xDA93,0x8822,0x94A5,0x8421,0x94A5,0x8843,0x8000,0x8466,0x88A9,0x8CCC,0x9550,0xAE33,0xA1D2,0xBE74,0xC274,0xBA53,
  0xB1F2,0xB212,0xB1F2,0xADF1,0xB212,0x9D70,0x8887,0x88A9,0x8000,0x8000,0x8843,0x8C64,0x8000,0x94A6,0x8C85,0x8842,
  0x9085,0x8000,0xEF38,0xCA30,0x0000,0x0000,0x0000,0x0000,0x0000,0x0000,0x0000,0x0000,0x0000,0x0000,0x0000,0x0000,
  0x0000,0x0000,0x0000,0x0000,0x0000,0x0000,0x0000,0x0000,0x0000,0x0000,0xC1AD,0x8421,0xC1CD,0xA929,0x9484,0xBDCE,
  0xD672,0xEB16,0xEB16,0x8400,0x8421,0x9485,0x98C6,0x8001,0x8844,0x88A9,0x8CEC,0x9571,0xBA73,0xADF2,0xBE74,0xBE74,
  0xC275,0xBE74,0xBE54,0xB633,0xADF1,0x8CCA,0x8D0E,0x88AA,0x8000,0x8000,0x8C84,0x9085,0x9085,0x8842,0x8422,0x8C63,
  0x8421,0xE2F5,0xC5EE,0x8421,0xACE4,0x0000,0x0000,0x0000,0x0000,0x0000,0x0000,0x0000,0x0000,0x0000,0x0000,0x0000,
  0x0000,0x0000,0x0000,0x0000,0x0000,0x0000,0x0000,0x0000,0x0000,0x0000,0xB9AD,0x8C63,0xD672,0xDAB3,0xAD4A,0x8842,
  0xBDCD,0xD672,0xF359,0xF79A,0xE2D4,0x8C63,0x8421,0x94A5,0x9085,0x8422,0x8422,0x8D2E,0x996F,0xA9D0,0xB1F1,0xBE74,
  0xBE74,0xC695,0xB212,0xB212,0x994D,0x8D0E,0x88AA,0x8001,0x8000,0x8C64,0x98C7,0x94A5,0x8842,0x8421,0x8401,0xA107,
  0xEB17,0xE6F5,0xA108,0x94A5,0x8842,0xE1E5,0x0000,0x0000,0x0000,0x0000,0x0000,0x0000,0x0000,0x0000,0x0000,0x0000,
  0x0000,0x0000,0x0000,0x0000,0x0000,0x0000,0x0000,0x0000,0x0000,0x0000,0xB16A,0x9084,0xC60F,0xD672,0xEB16,0xBDCE,
  0x8421,0xC1EE,0xD672,0xDEB3,0xF337,0xEF37,0xE2D4,0x8000,0x9084,0x94A6,0x94A6,0x8842,0x8C63,0x8C63,0x8C63,0x8842,
  0x8421,0x8421,0x8000,0x8001,0x9085,0x8422,0x8000,0x94A5,0x94A5,0x94A6,0x8842,0x8C64,0x8421,0x8000,0xC1CC,0xEF37,
  0xD251,0xBDCD,0x8C63,0xA529,0x8021,0xEA05,0xD184,0x0000,0x0000,0x0000,0x0000,0x0000,0x0000,0x0000,0x0000,0x0000,
  0x0000,0x0000,0x0000,0x0000,0x0000,0x0000,0x0000,0x0000,0x0000,0x0000,0xA4E7,0x8000,0xBDCD,0xCA0F,0xCA10,0x8821,
  0xA508,0x8863,0xA529,0x8842,0x8421,0xCE30,0xCA0F,0xEB17,0xF779,0xF379,0xF358,0xC5ED,0xA928,0x8863,0x8C63,0x8C63,
  0x8C64,0x8C63,0x8C63,0x8C63,0x8C64,0x8C63,0x8421,0x8421,0x8422,0xC60F,0xCE30,0xD251,0xF358,0xEB16,0xC1CD,0xB16B,
  0x8422,0xAD29,0x98A6,0xA0E8,0x8400,0xC521,0xD5A4,0x0000,0x0000,0x0000,0x0000,0x0000,0x0000,0x0000,0x0000,0x0000,
  0x0000,0x0000,0x0000,0x0000,0x0000,0x0000,0x0000,0x0000,0x0000,0x0000,0x8421,0x8000,0x9CC5,0xB9AC,0xCA30,0x8842,
  0x8C64,0x82DB,0x8042,0xA94A,0xA94A,0x8842,0xCE51,0xCE30,0xDEB4,0xE2D5,0xEF37,0xF359,0xF77A,0xEF58,0xEF58,0xEF58,
  0xEB37,0xEB16,0xE6F6,0xE2D4,0xE2D4,0xEB16,0xEB37,0xEB37,0xEB17,0xEF17,0xE6F5,0xD671,0xD252,0xBDCE,0xC1CE,0x8842,
  0xD651,0xCE51,0x94A5,0x98A5,0x8420,0xD161,0xACC1,0xB0E3,0x0000,0x0000,0x0000,0x0000,0x0000,0x0000,0x0000,0x0000,
  0x0000,0x0000,0x0000,0x0000,0x0000,0x0000,0x0000,0x0000,0xD184,0xE1C4,0xDDA3,0xC520,0x8000,0x9CC6,0xBDAD,0x8822,
  0x8843,0x86FA,0xB37C,0x8656,0x94C7,0x8C42,0xCE30,0xDA93,0xD693,0xD672,0xD251,0xD672,0xD271,0xD272,0xD272,0xDA93,
  0xDEB4,0xDEB4,0xDA93,0xDA93,0xDA92,0xD672,0xD251,0xD251,0xCE31,0xC5EF,0xCA30,0xC1EE,0xC1CE,0xCE31,0x9485,0xDAB3,
  0xA908,0xB58C,0x94A6,0x8821,0xA8A0,0xEE25,0xE9E3,0x9C81,0x0000,0x0000,0x0000,0x0000,0x0000,0x0000,0x0000,0x0000,
  0x0000,0x0000,0x0000,0x0000,0x0000,0x0000,0xD164,0xDDC4,0xEA05,0xEA04,0xEE45,0xEE25,0xD162,0x8420,0x8000,0x8000,
  0x9CE7,0x8863,0x8654,0x82B8,0x90A6,0x94A5,0xA0E7,0xD673,0xDA93,0xDA93,0xDA93,0xAD4A,0xDA72,0xBDCD,0xB9AC,0x9CE6,
  0x8022,0x8442,0x8463,0x8843,0x8842,0x8842,0x8842,0x8843,0x8843,0x8843,0x9084,0xCA30,0xCA30,0xCA30,0x8421,0xAD07,
  0xB14A,0xB58B,0x8001,0x8000,0xB0C1,0xA081,0xD162,0xD5A3,0x8000,0xB58B,0x0000,0x0000,0x0000,0x0000,0x0000,0x0000,
  0x0000,0x0000,0x0000,0x0000,0x0000,0x98A4,0xC543,0xC122,0xDDA3,0xF267,0xEE25,0xF266,0xD9A2,0xA4A1,0x8842,0x8842,
  0x8000,0x98C6,0x94C6,0x858D,0x8843,0x8C64,0x9CC6,0xD672,0xDA93,0xDA93,0xDA93,0x8842,0xB9AC,0x9084,0xB58C,0xA529,
  0x81D2,0x973B,0x86F9,0x8256,0x98C7,0x94A5,0x94A6,0x94A5,0x9085,0x9064,0x8000,0xCA0F,0xCA10,0xB9AD,0x8422,0xA0E7,
  0xA0E7,0x9CC6,0x8421,0x8421,0x9C81,0x94A5,0x8C63,0xC521,0x8000,0x9084,0xE2D4,0x0000,0x0000,0x0000,0x0000,0x0000,
  0x0000,0x0000,0x0000,0x0000,0xCE30,0xD252,0xC1EE,0x9084,0x8421,0xD984,0xC943,0x9883,0x98C6,0x94A5,0x8843,0x8421,
  0x9485,0x8C64,0x8001,0x8C63,0x9084,0x8C42,0xC5EE,0xC1EE,0xBDCD,0xC1EF,0xCE30,0xC1CE,0x98C6,0xA0E8,0x9CC6,0x94A6,
  0x80E9,0x92FA,0x86F9,0x8235,0x94C7,0x9085,0x9085,0x9085,0x8C63,0x8843,0x8421,0xCA10,0xB9AC,0xB16B,0xB58C,0x9CE7,
  0x8421,0x8842,0x8C64,0x8842,0x8C63,0xDEB3,0xC1EE,0x9CC6,0x8000,0x8421,0xEB16,0xE6F5,0xC1EE,0x0000,0x0000,0x0000,
  0x0000,0x0000,0x0000,0xD651,0xD671,0xE6F5,0xEAF6,0xD271,0xCA0F,0xC121,0x8C63,0x9CE7,0xA109,0xA109,0x94A6,0x8000,
  0x9064,0x94A6,0x8C64,0x8000,0x8000,0x8000,0xA4E7,0xBDCE,0xD672,0xD272,0xBDCD,0xC60F,0x8842,0x8842,0x8421,0x8C63,
  0x90A5,0x94C6,0x98E7,0x98C7,0x9084,0x8C63,0x9084,0x8C63,0x8421,0x8401,0xC5EF,0xC60F,0xC5EF,0xB16B,0xA508,0x8000,
  0x8C63,0x9084,0x9085,0x8421,0x8421,0xCE50,0xCA0F,0xCA30,0x8421,0x8843,0xEF37,0xEB37,0xD272,0x0000,0x0000,0x0000,
  0x0000,0x0000,0x0000,0xC60F,0xEB17,0xE6F6,0xEB16,0xEB17,0xDA93,0xA0E6,0x9084,0xB16B,0x94A6,0x98C7,0xA529,0x8C63,
  0xAD49,0x8C63,0x9CE8,0x98A4,0xA4C3,0x8842,0x8842,0x8000,0xA929,0xBDCD,0xC610,0xCE30,0xCA0F,0xCA10,0xCA30,0xBDAD,
  0xBDAD,0xBDCD,0xB9AC,0xB98C,0xB9AD,0xB98C,0xB98C,0xB98C,0xC610,0xCA30,0xC610,0xB9CD,0xAD4A,0x8000,0x8000,0x8C64,
  0x9CC6,0x9085,0x8C64,0x8000,0x8000,0x9CC6,0xA108,0xB9AD,0x98A6,0x8842,0xEB16,0xEB17,0xDEB4,0x0000,0x0000,0x0000,
  0x0000,0x0000,0xBDCD,0xE2B4,0xB9AC,0xC60F,0xF358,0xEB16,0xEB17,0xE6F6,0x8000,0x9485,0xAD4B,0x98C7,0x98C7,0x9CE8,
  0x8000,0xE2B4,0xB16A,0xA4C2,0x9063,0xAD29,0x94A6,0xA108,0x94A6,0x94A5,0x8843,0x8842,0x8000,0x8000,0x8000,0x8401,
  0x8001,0x8001,0x8000,0x8000,0x8000,0x8000,0x8401,0x8000,0x8000,0x8000,0x8C42,0x8841,0x8C63,0x94A5,0x9CC7,0x9085,
  0xA0C5,0x94A5,0xA929,0xCE51,0x8021,0xE228,0xE627,0x8C41,0x8421,0x8842,0xE2D4,0xE2D5,0xDEB3,0xCA0F,0x0000,0x0000,
  0x0000,0x0000,0xDAB3,0xEB37,0xEF59,0xB9AC,0xE6F6,0xEB17,0xE6F6,0xEB17,0xD672,0x8843,0xA94B,0x98C6,0x98A6,0x9CC7,
  0x8000,0xE6F5,0xEB17,0xD251,0x8821,0x9484,0xA109,0xA0E8,0x98C6,0xA508,0x94A5,0x8442,0x8843,0x9084,0x9084,0x9085,
  0x8C63,0x8843,0x8843,0x8C63,0x8C63,0x8C63,0x8C63,0x8C63,0xA080,0xACA1,0xE1E4,0xD9A3,0x8821,0xA0E8,0x98C6,0x94A5,
  0x98C7,0x8C64,0xD672,0xD672,0x8000,0xC965,0xF6AC,0xEA4A,0xEA49,0x8821,0xDEB4,0xD672,0xDA93,0xDA93,0x0000,0x0000,
  0x0000,0x0000,0xE2D5,0xE2D5,0xE6F6,0xEF58,0xD672,0xD251,0xEB37,0xEB17,0xEB16,0x8000,0xA108,0x9484,0x9063,0xD9C4,
  0xD5A5,0xD250,0xEF37,0xEF37,0xE6F6,0xD271,0xBDCC,0x8C63,0x98C7,0x94A5,0x98C6,0xA0E8,0xA94A,0xAD4A,0x98A5,0x8842,
  0x8422,0x8C64,0x8842,0xE1E4,0xF6EE,0xEE47,0xEE46,0xDE08,0xA081,0xFEEB,0xF246,0xF288,0xD582,0x9064,0x94A6,0x8C64,
  0x8421,0xC1EE,0xE6F6,0xDAB4,0xA0E7,0xD9A5,0xA8A2,0x9CC4,0xC545,0x8000,0xD693,0xD693,0xCE51,0xD672,0x0000,0x0000,
  0x0000,0x0000,0xE6F6,0xE2F6,0xE2D5,0xE6F6,0xEF38,0xC1EE,0xEB17,0xEB16,0xEB16,0x8C42,0x8421,0xE229,0xFACB,0xEE89,
  0xDDA2,0x8421,0xE6F6,0xEF37,0xEB17,0xEF37,0xF359,0xD692,0x8000,0x8000,0xA508,0x8C85,0x94A6,0xA509,0xA92A,0xA92A,
  0xA92A,0x9084,0x8842,0xFB2F,0x8C42,0x8822,0xAD04,0xEA26,0x8421,0xF666,0xE5E4,0xE5E5,0xCD62,0x9085,0x8C63,0x9484,
  0xD672,0xEB17,0xE2D5,0xDA72,0xC1CD,0xC122,0xA0A2,0x94A5,0xA8C4,0x8000,0xCE30,0xC60F,0xCA30,0xD672,0x0000,0x0000,
  0x0000,0x0000,0xE2F5,0xE2F5,0xEB17,0xDED4,0xEB17,0xCE30,0xBDCD,0xE6F6,0xE6F6,0xBDCD,0x8C41,0xEE88,0xAD04,0x8C63,
  0xA8E4,0x8000,0xDEB3,0xEF38,0xEF58,0xEF38,0xEF37,0xEF37,0xD251,0x8000,0xA108,0x9276,0x98C7,0x9085,0x9085,0x94A6,
  0x94A6,0x98C7,0x9084,0xEE68,0x8843,0x9CE8,0x8000,0xEA25,0x8422,0xE5E4,0xEA05,0xEA05,0xCD62,0x8400,0x8000,0xDA92,
  0xEAF6,0xEB17,0xDA93,0xDA93,0xC1EE,0x8000,0x8C63,0x8842,0x8841,0x8421,0xD251,0xB9AC,0xCE30,0xD272,0x0000,0x0000,
  0x0000,0x0000,0xE6F6,0xE6F6,0xE6F6,0xD672,0xDEB4,0xDEB4,0xAD29,0xDA93,0xE2D5,0xCE30,0x8C41,0xD5A4,0x8C64,0xA529,
  0x9485,0x8001,0xDEB4,0xDEB4,0xDEB4,0xEF37,0xEF37,0xEF37,0xEB17,0xC1ED,0x8C63,0x8C64,0x9085,0x9085,0x98C7,0x98C7,
  0x98C6,0x94A6,0x8421,0xE5E4,0x8422,0x9064,0x8422,0xDDC4,0x8001,0xD182,0xD582,0xD582,0xCD63,0xC60F,0xEB17,0xEB16,
  0xD672,0xB9AC,0xE2F6,0xAD4A,0xD251,0x8000,0x9085,0x9085,0x8C64,0x8421,0xCE51,0xA509,0xD272,0xCE30,0x0000,0x0000,
  0x0000,0x0000,0xE2D5,0xE6F6,0xE2F5,0xD251,0xD251,0xE2F6,0xD672,0xCA10,0xDEB4,0xCA0F,0x8400,0xCD62,0x8C63,0x9CC6,
  0x98C6,0x8422,0xC1CC,0xDA93,0xDA93,0xDEB4,0xEF37,0xEB37,0xEB37,0xEF38,0xDED4,0xBDCE,0x8020,0x8021,0x8C64,0x8C64,
  0x9085,0x94A6,0x8420,0xE1E4,0x8843,0x9085,0x8421,0xD9A4,0x8841,0xD561,0xD162,0xD182,0xCD83,0xC1CD,0xE6F6,0xEB16,
  0xB9AC,0xE2F5,0xBE0F,0xB16B,0xD693,0x8000,0x9085,0x8C63,0x9084,0x9CC6,0xC5EF,0xA909,0xCE51,0xCA10,0x0000,0x0000,
  0x0000,0x0000,0xDA93,0xDA93,0xE2F5,0xDED4,0xD251,0xDEB4,0xD272,0xA0E7,0xDEB4,0xCA0F,0x8421,0xC542,0x8C43,0x94A5,
  0x9484,0x8C63,0xC1CE,0xDA93,0xDA93,0xDA93,0xDEB4,0xEB17,0xEB17,0xEB17,0xEB17,0xE2D4,0xD271,0xBDCD,0x9CC6,0x8421,
  0x8422,0x8421,0x8000,0xD162,0xA0A3,0x9881,0xC123,0xD183,0x8000,0xDDA3,0xD582,0xDDA3,0xB922,0xC5EF,0xE6F6,0xDA92,
  0xB98B,0xC60F,0xBDCE,0xD251,0xD251,0x8000,0x94A5,0x8C63,0x8863,0x9484,0xCA10,0xB16B,0xD252,0xBDCD,0x0000,0x0000,
  0x0000,0x0000,0xD693,0xD271,0xD251,0xDED4,0xE2D5,0xCE51,0xCE51,0xA0E8,0xCE30,0xCE30,0xA0E7,0x8821,0x8C63,0x94A6,
  0x8C64,0x9085,0xCE30,0xCA30,0xD692,0xDA93,0xDA93,0xD693,0xDA93,0xDA93,0xE2D5,0xE2D5,0xE6F6,0xD272,0xDA92,0xBDCD,
  0x8C63,0x98C7,0x9085,0x8821,0x8C40,0x8820,0x8C40,0x8821,0xBDAC,0xB8E1,0xA8A1,0xA8C1,0x8841,0xC60F,0xDA93,0xD692,
  0xDEB3,0xD251,0xD672,0xC5EF,0xC5EF,0x8000,0x8843,0x8C63,0x8C84,0xA108,0xA909,0xBDAD,0xBDAD,0xC1EE,0x0000,0x0000,
  0x0000,0x0000,0x0000,0x0000,0x0000,0x0000,0x0000,0x0000,0x0000,0x0000,0x0000,0x0000,0x0000,0x0000,0x0000,0x0000,
  0x0000,0x0000,0x0000,0x0000,0x0000,0x0000,0x0000,0x0000,0x0000,0x0000,0x0000,0x0000,0x0000,0x0000,0x0000,0x0000,
  0x0000,0x0000,0x0000,0x0000,0x0000,0x0000,0x0000,0x0000,0x0000,0x0000,0x0000,0x0000,0x0000,0x0000,0x0000,0x0000,
  0x0000,0x0000,0x0000,0x0000,0x0000,0x0000,0x0000,0x0000,0x0000,0x0000,0x0000,0x0000,0x0000,0x0000,0x0000,0x0000,
  0x0000,0x0000,0x0000,0x0000,0x0000,0x0000,0x0000,0x0000,0x0000,0x0000,0x0000,0x0000,0x0000,0x0000,0x0000,0x0000,
  0x0000,0x0000,0x0000,0x0000,0x0000,0x0000,0x0000,0x0000,0x0000,0x0000,0x0000,0x0000,0x0000,0x0000,0x0000,0x0000,
  0x0000,0x0000,0x0000,0x0000,0x0000,0x0000,0x0000,0x0000,0x0000,0x0000,0x0000,0x0000,0x0000,0x0000,0x0000,0x0000,
  0x0000,0x0000,0x0000,0x0000,0x0000,0x0000,0x0000,0x0000,0x0000,0x0000,0x0000,0x0000,0x0000,0x0000,0x0000,0x0000,
 },
 {
  0x0000,0x0000,0x0000,0x0000,0x0000,0x0000,0x0000,0x0000,0x0000,0x0000,0x0000,0x0000,0x0000,0x0000,0x0000,0x0000,
  0x0000,0x0000,0x0000,0x0000,0x0000,0x0000,0x0000,0x0000,0x0000,0x0000,0x0000,0x0000,0x0000,0x0000,0x0000,0x0000,
  0x0000,0x0000,0x0000,0x0000,0x0000,0x0000,0x0000,0x0000,0x0000,0x0000,0x0000,0x0000,0x0000,0x0000,0x0000,0x0000,
  0x0000,0x0000,0x0000,0x0000,0x0000,0x0000,0x0000,0x0000,0x0000,0x0000,0x0000,0x0000,0x0000,0x0000,0x0000,0x0000,
  0x0000,0x0000,0x0000,0x0000,0x0000,0x0000,0x0000,0x0000,0x0000,0x0000,0x0000,0x0000,0x0000,0x0000,0x0000,0x0000,
  0x0000,0x0000,0x0000,0x0000,0x0000,0x0000,0x0000,0x0000,0x0000,0x0000,0x0000,0x0000,0x0000,0x0000,0x0000,0x0000,
  0x0000,0x0000,0x0000,0x0000,0x0000,0x0000,0x0000,0x0000,0x0000,0x0000,0x0000,0x0000,0x0000,0x0000,0x0000,0x0000,
  0x0000,0x0000,0x0000,0x0000,0x0000,0x0000,0x0000,0x0000,0x0000,0x0000,0x0000,0x0000,0x0000,0x0000,0x0000,0x0000,
  0x0000,0x0000,0x0000,0x0000,0x0000,0x0000,0x0000,0x0000,0x0000,0x0000,0x0000,0x0000,0x0000,0x0000,0x0000,0x0000,
  0x0000,0x0000,0x0000,0x0000,0x0000,0x0000,0x0000,0x0000,0x0000,0x0000,0x0000,0x0000,0x0000,0x0000,0x0000,0x0000,
  0x0000,0x0000,0x0000,0x0000,0x0000,0x0000,0x0000,0x0000,0x0000,0x0000,0x0000,0x0000,0x0000,0x0000,0x0000,0x0000,
  0x0000,0x0000,0x0000,0x0000,0x0000,0x0000,0x0000,0x0000,0x0000,0x0000,0x0000,0x0000,0x0000,0x0000,0x0000,0x0000,
  0x0000,0x0000,0x0000,0x0000,0x0000,0x0000,0x0000,0x0000,0x0000,0x0000,0x0000,0x0000,0x0000,0x0000,0x0000,0x0000,
  0x0000,0x0000,0x0000,0x0000,0x0000,0x0000,0x0000,0x0000,0x0000,0x0000,0x0000,0x0000,0x0000,0x0000,0xD1EB,0xDA2D,
  0xE26E,0xD60B,0x0000,0x0000,0x0000,0x0000,0x0000,0x0000,0x0000,0x0000,0x0000,0x0000,0x0000,0x0000,0x0000,0x0000,
  0x0000,0x0000,0x0000,0x0000,0x0000,0x0000,0x0000,0x0000,0x0000,0x0000,0x0000,0x0000,0x0000,0x0000,0x0000,0x0000,
  0x0000,0x0000,0x0000,0x0000,0x0000,0x0000,0x0000,0x0000,0x0000,0x0000,0x0000,0x0000,0x0000,0x0000,0x0000,0x0000,
  0x0000,0x0000,0x0000,0x0000,0x0000,0x0000,0x0000,0x0000,0x0000,0x0000,0x0000,0x0000,0xD62D,0xDA4D,0xEAB1,0xE690,
  0x0000,0x0000,0x0000,0x0000,0x0000,0x0000,0x0000,0x0000,0x0000,0x0000,0x0000,0x0000,0x0000,0x0000,0x0000,0x0000,
  0x0000,0x0000,0x0000,0x0000,0x0000,0x0000,0x0000,0x0000,0x0000,0x0000,0x0000,0x0000,0x0000,0x0000,0x0000,0x0000,
  0x0000,0x0000,0x0000,0x0000,0x0000,0x0000,0x0000,0x0000,0x0000,0x0000,0x0000,0x0000,0x0000,0x0000,0x0000,0x0000,
  0x0000,0x0000,0x0000,0x0000,0x0000,0x0000,0x0000,0x0000,0x0000,0x0000,0xCDEB,0xDA2D,0xEEF3,0xEEF2,0xDE6E,0x0000,
  0x0000,0x0000,0x0000,0x0000,0x0000,0x0000,0x0000,0x0000,0x0000,0x0000,0x0000,0x0000,0x0000,0x0000,0x0000,0x0000,
  0x0000,0x0000,0x0000,0x0000,0x0000,0x0000,0x0000,0x0000,0x0000,0x0000,0x0000,0x0000,0x0000,0x0000,0x0000,0x0000,
  0x0000,0x0000,0x0000,0x0000,0x0000,0x0000,0x0000,0x0000,0x0000,0x0000,0x0000,0x0000,0x0000,0x0000,0x0000,0x0000,
  0x0000,0x0000,0x0000,0x0000,0x0000,0x0000,0x0000,0x0000,0x0000,0xCDEB,0xCDEB,0xEAB1,0xEEF2,0xE68F,0xC5CA,0x0000,
  0x0000,0x0000,0x0000,0x0000,0x0000,0x0000,0x0000,0x0000,0x0000,0x0000,0x0000,0x0000,0x0000,0x0000,0x0000,0x0000,
  0x0000,0x0000,0x0000,0x0000,0x0000,0x0000,0x0000,0x0000,0x0000,0x0000,0x0000,0x0000,0x0000,0x0000,0x0000,0x0000,
  0x0000,0x0000,0x0000,0x0000,0x0000,0x0000,0x0000,0x0000,0x0000,0x0000,0x0000,0x0000,0x0000,0x0000,0x0000,0x0000,
  0x0000,0x0000,0x0000,0x0000,0x0000,0x0000,0x0000,0x0000,0xDA4D,0xCDEB,0xE6B1,0xF313,0xE6B0,0xE6B0,0xC5AA,0x0000,
  0x0000,0x0000,0x0000,0x0000,0x0000,0x0000,0x0000,0x0000,0x0000,0x0000,0x0000,0x0000,0x0000,0x0000,0x0000,0x0000,
  0x0000,0x0000,0x0000,0x0000,0x0000,0x0000,0x0000,0x0000,0x0000,0x0000,0x0000,0x0000,0x0000,0x0000,0x0000,0x0000,
  0x0000,0x0000,0x0000,0x0000,0x0000,0x0000,0x0000,0x0000,0x0000,0x0000,0x0000,0x0000,0x0000,0x0000,0x0000,0x0000,
  0x0000,0x0000,0x0000,0x0000,0x0000,0x0000,0x0000,0xCDCB,0xDA2D,0xD22D,0xF313,0xF313,0xD20C,0xEEF2,0xE26F,0x0000,
  0x0000,0xC0C5,0x0000,0x0000,0xC505,0xD526,0x0000,0x0000,0x0000,0x0000,0x0000,0x0000,0x0000,0x0000,0x0000,0x0000,
  0x0000,0x0000,0x0000,0x0000,0x0000,0x0000,0x0000,0x0000,0x0000,0x0000,0x0000,0x0000,0x0000,0x0000,0x0000,0x0000,
  0x0000,0x0000,0x0000,0x0000,0x0000,0x0000,0x0000,0x0000,0x0000,0x0000,0x0000,0x0000,0x0000,0x0000,0x0000,0x0000,
  0x0000,0x0000,0x0000,0x0000,0x0000,0x0000,0x0000,0xD1EB,0xCDEB,0xE68F,0xEF13,0xEAD1,0xDE6E,0xEEF2,0xEAF2,0xB126,
  0xB968,0xB8C5,0xB8C5,0xB8E5,0xC0E5,0xDD26,0xD126,0x0000,0x0000,0x0000,0x0000,0x0000,0x0000,0x0000,0x0000,0x0000,
  0x0000,0x0000,0x0000,0x0000,0x0000,0x0000,0x0000,0x0000,0x0000,0x0000,0x0000,0x0000,0x0000,0x0000,0x0000,0x0000,
  0x0000,0x0000,0x0000,0x0000,0x0000,0x0000,0x0000,0x0000,0x0000,0x0000,0x0000,0x0000,0x0000,0x0000,0x0000,0x0000,
  0x0000,0x0000,0x0000,0x0000,0x0000,0x0000,0x0000,0xD1EC,0xD20C,0xE690,0xEAD1,0xD62D,0xF313,0xF313,0xEF13,0xEEF2,
  0xEAB1,0xA083,0xB4C5,0xB0A4,0xB0A4,0xC906,0xD926,0xCD06,0x0000,0x0000,0xE146,0x0000,0x0000,0x0000,0x0000,0x0000,
  0x0000,0x0000,0x0000,0x0000,0x0000,0x0000,0x0000,0x0000,0x0000,0x0000,0x0000,0x0000,0x0000,0x0000,0x0000,0x0000,
  0x0000,0x0000,0x0000,0x0000,0x0000,0x0000,0x0000,0x0000,0x0000,0x0000,0x0000,0x0000,0x0000,0x0000,0x0000,0x0000,
  0x0000,0x0000,0x0000,0x0000,0x0000,0x0000,0x0000,0xB126,0xD1EC,0xE26F,0xEAD1,0xC9CB,0xF2F3,0xEEF2,0xF755,0xEEF2,
  0xEEF2,0x9442,0xB0C5,0xB8C5,0xACA5,0xB4C5,0xDD46,0xE145,0xA4A4,0xB4C5,0xE547,0x0000,0x0000,0x0000,0x0000,0x0000,
  0x0000,0x0000,0x0000,0x0000,0x0000,0x0000,0x0000,0x0000,0x0000,0x0000,0x0000,0x0000,0x0000,0x0000,0x0000,0x0000,
  0x0000,0x0000,0x0000,0x0000,0x0000,0x0000,0x0000,0x0000,0x0000,0x0000,0x0000,0x0000,0x0000,0x0000,0x0000,0x0000,
  0x0000,0x0000,0x0000,0x0000,0x0000,0xD926,0x0000,0x9063,0xC9CB,0xD62D,0xDA4E,0xBD69,0xEAD1,0xF313,0xEEF2,0xF334,
  0xEAD1,0xEAD1,0xA084,0xC4E5,0xC0E6,0xB4E5,0xB0C5,0xD525,0xBCC4,0xA084,0xC8E5,0xE166,0x0000,0x0000,0x0000,0x0000,
  0x0000,0x0000,0x0000,0x0000,0x0000,0x0000,0x0000,0x0000,0x0000,0x0000,0x0000,0x0000,0x0000,0x0000,0x0000,0x0000,
  0x0000,0x0000,0x0000,0x0000,0x0000,0x0000,0x0000,0x0000,0x0000,0x0000,0x0000,0x0000,0x0000,0x0000,0x0000,0x0000,
  0x0000,0x0000,0x0000,0x0000,0x0000,0xD505,0xE966,0xB4A4,0x9062,0xC189,0xDA4E,0xB948,0xE26E,0xEEF2,0xEEF2,0xE28F,
  0xF313,0xEEF2,0xE26F,0xA483,0xB4C5,0xC906,0xBCE6,0xB0C6,0xD926,0xB8C5,0xA8A5,0xDD46,0xCD04,0x0000,0x0000,0x0000,
  0x0000,0x0000,0x0000,0x0000,0x0000,0x0000,0x0000,0x0000,0x0000,0x0000,0x0000,0x0000,0x0000,0x0000,0x0000,0x0000,
  0x0000,0x0000,0x0000,0x0000,0x0000,0x0000,0x0000,0x0000,0x0000,0x0000,0x0000,0x0000,0x0000,0x0000,0x0000,0x0000,
  0x0000,0x0000,0x0000,0x0000,0x0000,0xCD05,0xE566,0xE166,0xCD04,0xA082,0xAD06,0xBD69,0xDE4D,0xDE6E,0xEEF3,0xDE6F,
  0xEAD1,0xF755,0xF313,0x9C63,0xC4E5,0xD525,0xC505,0xB0C6,0xCD05,0xC505,0xACC5,0xD546,0xE145,0x9462,0xD105,0x0000,
  0x0000,0x0000,0x0000,0x0000,0x0000,0x0000,0x0000,0x0000,0x0000,0x0000,0x0000,0x0000,0x0000,0x0000,0x0000,0x0000,
  0x0000,0x0000,0x0000,0x0000,0x0000,0x0000,0x0000,0x0000,0x0000,0x0000,0x0000,0x0000,0x0000,0x0000,0x0000,0x0000,
  0x0000,0x0000,0x0000,0x0000,0x0000,0xA083,0xCD05,0xD105,0xED86,0xE945,0xD925,0xC505,0x8821,0xC188,0xDA2D,0xE28F,
  0xDA2D,0xDE6F,0xF312,0xF2F2,0x9862,0xC0E5,0xDD25,0xD525,0xB8E6,0xDD25,0xB4C5,0xACC5,0xD505,0xC0E5,0xC8E5,0xC4E4,
  0x0000,0x0000,0x0000,0x0000,0x0000,0x0000,0x0000,0x0000,0x0000,0x0000,0x0000,0x0000,0x0000,0x0000,0x0000,0x0000,
  0x0000,0x0000,0x0000,0x0000,0x0000,0x0000,0x0000,0x0000,0x0000,0x0000,0x0000,0x0000,0x0000,0x0000,0x0000,0x0000,
  0x0000,0x0000,0x0000,0x0000,0x0000,0x0000,0xB8C4,0xC905,0xCD05,0xED65,0xE966,0xD925,0xB4C4,0xC946,0xDD66,0xE146,
  0xD946,0xE26E,0xE66F,0xF313,0xC188,0xB0C5,0xD126,0xD925,0xB4C6,0xBD06,0xC0E6,0xACC5,0xB8C5,0xD505,0xC4E4,0xDD25,
  0x0000,0x0000,0x0000,0x0000,0x0000,0x0000,0x0000,0x0000,0x0000,0x0000,0x0000,0x0000,0x0000,0x0000,0x0000,0x0000,
  0x0000,0x0000,0x0000,0x0000,0x0000,0x0000,0x0000,0x0000,0x0000,0x0000,0x0000,0x0000,0x0000,0x0000,0x0000,0x0000,
  0x0000,0x0000,0x0000,0xC8E5,0xC0E5,0x0000,0x8000,0x9442,0xC0E5,0xCD05,0xE146,0xC4E5,0xDD45,0xE966,0xED66,0xED65,
  0xE965,0xE565,0xE587,0xDE0B,0xEAD2,0xDE2D,0xC0E5,0xC506,0xD526,0xC0E6,0xDD46,0xBCE6,0xBD06,0xD525,0xA083,0xE146,
  0x0000,0x0000,0x0000,0x0000,0x0000,0x0000,0x0000,0x0000,0x0000,0x0000,0x0000,0x0000,0x0000,0x0000,0x0000,0x0000,
  0x0000,0x0000,0x0000,0x0000,0x0000,0x0000,0x0000,0x0000,0x0000,0x0000,0x0000,0x0000,0x0000,0x0000,0x0000,0x0000,
  0x0000,0x0000,0x0000,0xCCE5,0xE546,0xCD05,0xA062,0x9862,0x9C83,0xBCE5,0xC905,0xE146,0xDD46,0xF186,0xED86,0xED66,
  0xF5A7,0xED66,0xED66,0xE966,0xDD86,0xEAB1,0xB0A4,0xC506,0xDD25,0xC107,0xC107,0xD925,0xC0E6,0xB8E6,0xA483,0xDD46,
  0x9C62,0xD505,0x0000,0x0000,0x0000,0x0000,0x0000,0x0000,0x0000,0x0000,0x0000,0x0000,0x0000,0x0000,0x0000,0x0000,
  0x0000,0x0000,0x0000,0x0000,0x0000,0x0000,0x0000,0x0000,0x0000,0x0000,0x0000,0x0000,0x0000,0x0000,0x0000,0x0000,
  0x0000,0x0000,0x0000,0xB8C4,0xD926,0xE166,0xD504,0xC4E4,0xBCC4,0xC505,0xD105,0xB4A4,0x9041,0x8821,0x9863,0xD145,
  0xE166,0xF9E8,0xF1A6,0xED66,0xED66,0xD966,0xC58A,0xCD26,0xD126,0xC506,0xBCE6,0xD947,0xC0E6,0xB4C6,0xD526,0xC905,
  0xE145,0xD505,0xA082,0x0000,0x0000,0x0000,0x0000,0x0000,0x0000,0x0000,0x0000,0x0000,0x0000,0x0000,0x0000,0x0000,
  0x0000,0x0000,0x0000,0x0000,0x0000,0x0000,0x0000,0x0000,0x0000,0x0000,0x0000,0x0000,0x0000,0x0000,0x0000,0x0000,
  0x0000,0x0000,0x0000,0x0000,0xA462,0xC0E5,0xC0E5,0xD105,0xDD25,0xD925,0xC0E5,0xC4E5,0xC8E4,0xB4A3,0xAC83,0xB0A4,
  0x9462,0xAC83,0xE945,0xF9C8,0xED86,0xED86,0xDD87,0xB8C5,0xC106,0xE566,0xD126,0xC0E6,0xDD25,0xC905,0xC4E5,0xCD05,
  0xF586,0xE145,0xA483,0x0000,0x0000,0x0000,0x0000,0x0000,0x0000,0x0000,0x0000,0x0000,0x0000,0x0000,0x0000,0x0000,
  0x0000,0x0000,0x0000,0x0000,0x0000,0x0000,0x0000,0x0000,0x0000,0x0000,0x0000,0x0000,0x0000,0x0000,0x0000,0x0000,
  0x0000,0x0000,0x0000,0x0000,0x0000,0x8C21,0xB8C4,0xC0E5,0xBCC4,0xD105,0xD525,0xC905,0xB4A4,0xB0A3,0xA462,0xA483,
  0xA882,0xA483,0x8821,0xE966,0xF9E8,0xED86,0xE566,0xCD25,0xCD06,0xD126,0xDD46,0xBCE6,0xD925,0xD925,0xB0A4,0xE145,
  0xF166,0xC8E4,0x8C21,0x0000,0x0000,0x0000,0x0000,0x0000,0x0000,0x0000,0x0000,0x0000,0x0000,0x0000,0x0000,0x0000,
  0x0000,0x0000,0x0000,0x0000,0x0000,0x0000,0x0000,0x0000,0x0000,0x0000,0x0000,0x0000,0x0000,0x0000,0x0000,0x0000,
  0x0000,0x0000,0x0000,0x0000,0x0000,0xB8E4,0xACA4,0xB8C5,0xC905,0xD125,0xD925,0xD105,0xC905,0x8C21,0x9860,0xA4A0,
  0x8000,0x8821,0x9442,0x9C62,0xE125,0xF1A7,0xE965,0xE145,0xC8E5,0xD925,0xD525,0xC906,0xBCE6,0xC906,0xB0A4,0xE145,
  0xE145,0x8820,0x0000,0x0000,0x0000,0x0000,0x0000,0x0000,0x0000,0x0000,0x0000,0x0000,0x0000,0x0000,0x0000,0x0000,
  0x0000,0x0000,0x0000,0x0000,0x0000,0x0000,0x0000,0x0000,0x0000,0x0000,0x0000,0x0000,0x0000,0x0000,0x0000,0x0000,
  0x0000,0x0000,0x0000,0x0000,0xB906,0xC4E4,0xD525,0xD925,0xE566,0xE985,0xE166,0xE166,0xC4E5,0x8421,0xC941,0xD160,
  0x8000,0x8000,0x9460,0xB0C5,0x9863,0xE146,0xF186,0xDD45,0xB4C5,0xE146,0xE966,0xD526,0xDD46,0xCD05,0xB0C5,0xED86,
  0x8420,0xB4E1,0x0000,0x0000,0x0000,0x0000,0x0000,0x0000,0x0000,0x0000,0x0000,0x0000,0x0000,0x0000,0x0000,0x0000,
  0x0000,0x0000,0x0000,0x0000,0x0000,0x0000,0x0000,0x0000,0x0000,0x0000,0x0000,0x0000,0x0000,0x0000,0x0000,0x0000,
  0x0000,0x0000,0x0000,0x0000,0x0000,0xB8E5,0xA462,0xD925,0xEA0A,0xE22C,0xE986,0xE565,0xC4E4,0xB4A3,0xC941,0xC0E0,
  0x8000,0x8000,0xCD40,0x8000,0x8C21,0xBCC4,0xE545,0xE565,0xE146,0xD126,0xE146,0xD525,0xD526,0xD925,0xB0A4,0xE587,
  0x8400,0xC920,0x0000,0x0000,0x0000,0x0000,0x0000,0x0000,0x0000,0x0000,0x0000,0x0000,0x0000,0x0000,0x0000,0x0000,
  0x0000,0x0000,0x0000,0x0000,0x0000,0x0000,0x0000,0x0000,0x0000,0x0000,0x0000,0x0000,0x0000,0x0000,0x0000,0x0000,
  0x0000,0x0000,0x0000,0x0000,0x0000,0xE64D,0xEEAF,0xE64D,0xD125,0xE166,0xEA4D,0xEDC7,0xED66,0xC4E5,0xA482,0xD9C2,
  0xEA02,0xFAA5,0xEE21,0x8C20,0xBCC4,0xB0A4,0xD125,0xED86,0xED86,0xD525,0xDD46,0xED65,0xDD45,0xD945,0xD125,0xA062,
  0x9C81,0xD9A1,0x0000,0x0000,0x0000,0x0000,0x0000,0x0000,0x0000,0x0000,0x0000,0x0000,0x0000,0x0000,0x0000,0x0000,
  0x0000,0x0000,0x0000,0x0000,0x0000,0x0000,0x0000,0x0000,0x0000,0x0000,0x0000,0x0000,0x0000,0x0000,0x0000,0x0000,
  0x0000,0x0000,0x0000,0x0000,0xEEB0,0xEEB0,0xDDEA,0xDE0B,0xDD25,0xE965,0xEA2B,0xEA6D,0xF186,0xE945,0xDD45,0x9441,
  0x8400,0xE1E1,0xE1C1,0xA882,0x8C41,0xC0E5,0xB8C4,0xDD25,0xED66,0xE965,0xD546,0xDD46,0xE986,0xD945,0xDD45,0x8000,
  0xFA82,0x9041,0x0000,0x0000,0x0000,0x0000,0x0000,0x0000,0x0000,0x0000,0x0000,0x0000,0x0000,0x0000,0x0000,0x0000,
  0x0000,0x0000,0x0000,0x0000,0x0000,0x0000,0x0000,0x0000,0x0000,0x0000,0x0000,0x0000,0x0000,0x0000,0x0000,0x0000,
  0x0000,0x0000,0x0000,0x0000,0xB0E4,0xB4E5,0xD146,0xC0E5,0xC905,0xCD67,0xE566,0xEDE9,0xEA8E,0xE9E8,0xE586,0xE566,
  0xD945,0xD946,0xD946,0xD946,0xD946,0xD525,0xC905,0xB8C5,0xD925,0xED86,0xF186,0xE545,0xE566,0xE566,0xE566,0x8800,
  0x9441,0xB083,0x0000,0x0000,0x0000,0x0000,0x0000,0x0000,0x0000,0x0000,0x0000,0x0000,0x0000,0x0000,0x0000,0x0000,
  0x0000,0x0000,0x0000,0x0000,0x0000,0x0000,0x0000,0x0000,0x0000,0x0000,0x0000,0x0000,0x0000,0x0000,0x0000,0x0000,
  0x0000,0x0000,0x0000,0x0000,0x0000,0x0000,0x9462,0x8821,0xD105,0xDD46,0xE986,0xE9A7,0xE60A,0xEA4B,0xEA4C,0xED86,
  0xED65,0xE566,0xDD46,0xE966,0xE546,0xDD46,0xE966,0xD946,0xC904,0xE986,0xF9C7,0xF186,0xED86,0xE166,0xED86,0xA483,
  0xC8E4,0xB8A3,0x0000,0x0000,0x0000,0x0000,0x0000,0x0000,0x0000,0x0000,0x0000,0x0000,0x0000,0x0000,0x0000,0x0000,
  0x0000,0x0000,0x0000,0x0000,0x0000,0x0000,0x0000,0x0000,0x0000,0x0000,0x0000,0x0000,0x0000,0x0000,0x0000,0x0000,
  0x0000,0x0000,0x0000,0x0000,0x0000,0x0000,0x0000,0xB0A3,0xD126,0xDD66,0xE1A8,0xEA6D,0xA8E5,0xD567,0xE5E9,0xE5E9,
  0xE5E9,0xE986,0xED86,0xE166,0xE166,0xE566,0xE166,0xE966,0xE166,0xE986,0xF186,0xED86,0xED86,0xED86,0xF1A7,0xE166,
  0xC8E4,0xA462,0x0000,0x0000,0x0000,0x0000,0x0000,0x0000,0x0000,0x0000,0x0000,0x0000,0x0000,0x0000,0x0000,0x0000,
  0x0000,0x0000,0x0000,0x0000,0x0000,0x0000,0x0000,0x0000,0x0000,0x0000,0x0000,0x0000,0x0000,0x0000,0x0000,0x0000,
  0x0000,0x0000,0x0000,0x0000,0x0000,0x0000,0x0000,0xB4A3,0xA882,0xC905,0xE586,0xEE09,0xEA8E,0xEA8F,0xA0A3,0xD125,
  0xE9A7,0xE986,0xE986,0xE966,0xE566,0xE966,0xE166,0xE986,0xE986,0xED86,0x9440,0xE166,0xF1A7,0xED86,0xF1A7,0xA462,
  0xBCC4,0x0000,0x0000,0x0000,0x0000,0x0000,0x0000,0x0000,0x0000,0x0000,0x0000,0x0000,0x0000,0x0000,0x0000,0x0000,
  0x0000,0x0000,0x0000,0x0000,0x0000,0x0000,0x0000,0x0000,0x0000,0x0000,0x0000,0x0000,0x0000,0x0000,0x0000,0x0000,
  0x0000,0x0000,0x0000,0x0000,0xC9CB,0xCDEC,0xB969,0xA8A3,0xC0C4,0xB0C4,0xD945,0xEA2B,0xEEAF,0xEAAF,0xEA8F,0xACC3,
  0xACA3,0xEDA7,0xE9A7,0xE986,0xE586,0xE586,0xE566,0xE986,0xE966,0xE986,0xD104,0xD946,0xED86,0xED86,0xED86,0xB4A3,
  0x9842,0x0000,0x0000,0x0000,0x0000,0x0000,0x0000,0x0000,0x0000,0x0000,0x0000,0x0000,0x0000,0x0000,0x0000,0x0000,
  0x0000,0x0000,0x0000,0x0000,0x0000,0x0000,0x0000,0x0000,0x0000,0x0000,0x0000,0x0000,0x0000,0x0000,0x0000,0x0000,
  0x0000,0x0000,0xDA6F,0xDE90,0xC1AB,0xA0C5,0x9CC5,0xA083,0xC8E5,0xCD05,0xA483,0xD987,0xEA8E,0xEAAF,0xEAAF,0xEAAF,
  0xEAAF,0xE68F,0xD9EA,0xB4A3,0xE986,0xE986,0xE986,0xE986,0xE966,0xE966,0xE986,0xE566,0xE966,0xED66,0xED66,0xDD46,
  0x0000,0x0000,0x0000,0x0000,0x0000,0x0000,0x0000,0x0000,0x0000,0x0000,0x0000,0x0000,0x0000,0x0000,0x0000,0x0000,
  0x0000,0x0000,0x0000,0x0000,0x0000,0x0000,0x0000,0x0000,0x0000,0x0000,0x0000,0x0000,0x0000,0x0000,0x0000,0x0000,
  0x0000,0x0000,0xEAD2,0xE2B1,0x9484,0xA0E6,0x9063,0x9883,0xC906,0xD525,0xC0C4,0xA083,0xD9A8,0xEA8F,0xEAAF,0xEAAF,
  0xEAAF,0xEAAF,0xEAAF,0xEA8F,0x9862,0xCD05,0xE987,0xE986,0xE986,0xE966,0xE966,0xE966,0xED66,0xED86,0xED86,0xDD46,
  0x0000,0x0000,0x0000,0x0000,0x0000,0x0000,0x0000,0x0000,0x0000,0x0000,0x0000,0x0000,0x0000,0x0000,0x0000,0x0000,
  0x0000,0x0000,0x0000,0x0000,0x0000,0x0000,0x0000,0x0000,0x0000,0x0000,0x0000,0x0000,0x0000,0x0000,0x0000,0x0000,
  0x0000,0x0000,0xE6D2,0xEEF3,0xDE90,0x8C62,0x8000,0xA083,0xB4A5,0xC905,0xE166,0xC0E4,0xA083,0xD9EA,0xE66D,0xEA8E,
  0xEAAF,0xEAAF,0xEAAF,0xEAAF,0xEAAF,0xEAAF,0xB0E5,0xB8C3,0xD104,0xE566,0xE566,0xE986,0xE986,0xE987,0xDD66,0xB0A3,
  0x0000,0x0000,0x0000,0x0000,0x0000,0x0000,0x0000,0x0000,0x0000,0x0000,0x0000,0x0000,0x0000,0x0000,0x0000,0x0000,
  0x0000,0x0000,0x0000,0x0000,0x0000,0x0000,0x0000,0x0000,0x0000,0x0000,0x0000,0x0000,0x0000,0x0000,0x0000,0x0000,
  0x0000,0x0000,0xE6B1,0xEAD3,0xEF14,0xEEF3,0xC9CB,0x8841,0xB8C5,0xBCC5,0xC4E5,0xE146,0xD125,0xB905,0xA083,0xA083,
  0xA4A3,0xE22C,0xEAAF,0xEEAF,0xEAAF,0xEA8F,0xEAAF,0xEAAF,0xEAAF,0xEAAF,0xEAAF,0xEA8F,0xEA8F,0xD1A8,0xB8E4,0x0000,
  0x0000,0x0000,0x0000,0x0000,0x0000,0x0000,0x0000,0x0000,0x0000,0x0000,0x0000,0x0000,0x0000,0x0000,0x0000,0x0000,
  0x0000,0x0000,0x0000,0x0000,0x0000,0x0000,0x0000,0x0000,0x0000,0x0000,0x0000,0x0000,0x0000,0x0000,0x0000,0x0000,
  0xD20D,0xC5CB,0xD22D,0xE6B1,0xEF13,0xEF13,0xEEF3,0xE2B1,0x8C42,0xBCC5,0xBCC5,0xE566,0xD125,0xDE0B,0xB8E4,0xB4E4,
  0xA0A3,0x9441,0xB905,0xEA8F,0xEAAF,0xEAAF,0xEAAF,0xEAAF,0xEAAF,0xEAAF,0xEAAF,0xEAAF,0xEAAF,0xE66E,0x9462,0x0000,
  0x0000,0x0000,0x0000,0x0000,0x0000,0x0000,0x0000,0x0000,0x0000,0x0000,0x0000,0x0000,0x0000,0x0000,0x0000,0x0000,
  0x0000,0x0000,0x0000,0x0000,0x0000,0x0000,0x0000,0x0000,0x0000,0x0000,0x0000,0x0000,0x0000,0x0000,0x0000,0x0000,
  0xE290,0x8862,0xCDED,0xD64E,0xE2B1,0xEEF3,0xEEF3,0xEAF3,0xEEF3,0xEAF3,0x9C62,0xD125,0xE986,0xD966,0xE22C,0xCD88,
  0xB4C4,0xB0E4,0xA482,0xA082,0x9462,0xCD88,0xEA8F,0xEAAF,0xEAAF,0xEAAF,0xEAAF,0xEAAF,0xEAAF,0xC168,0xA906,0xC5CB,
  0x0000,0x0000,0x0000,0x0000,0x0000,0x0000,0x0000,0x0000,0x0000,0x0000,0x0000,0x0000,0x0000,0x0000,0x0000,0x0000,
  0x0000,0x0000,0x0000,0x0000,0x0000,0x0000,0x0000,0x0000,0x0000,0x0000,0x0000,0x0000,0x0000,0x0000,0x0000,0xDA4E,
  0xEAF3,0x8862,0xC9EC,0xD22E,0xD22E,0xE2B1,0xEAF3,0xEEF3,0xEEF3,0xEAF3,0xEAF2,0x8C42,0xD125,0xE166,0xE1EA,0xE24C,
  0xD5C8,0xB8E4,0xB0C4,0xA082,0xA482,0x8421,0xC988,0xEAAF,0xEAAF,0xEA8F,0xEAAF,0xEAAF,0xDA2B,0x8842,0x98A5,0xB969,
  0xCE0C,0x0000,0x0000,0x0000,0x0000,0x0000,0x0000,0x0000,0x0000,0x0000,0x0000,0x0000,0x0000,0x0000,0x0000,0x0000,
  0x0000,0x0000,0x0000,0x0000,0x0000,0x0000,0x0000,0x0000,0x0000,0x0000,0x0000,0x0000,0x0000,0x0000,0x0000,0xDA4F,
  0xEEF3,0xDA4E,0xA906,0xC9EC,0xD22D,0xDE70,0xEEF3,0xEAF3,0xEAF3,0xEAF3,0xEAF3,0xEAF3,0x8842,0xDD88,0xDD45,0xE62B,
  0xE24D,0xD1A9,0xB4C4,0xB4E4,0xA482,0xA4A2,0x8C41,0x8400,0xEEAF,0xEA8F,0xEAAF,0xEAB0,0xD62D,0x8C63,0x9484,0x9484,
  0xD62E,0xD20D,0x0000,0x0000,0x0000,0x0000,0x0000,0x0000,0x0000,0x0000,0x0000,0x0000,0x0000,0x0000,0x0000,0x0000,
  0x0000,0x0000,0x0000,0x0000,0x0000,0x0000,0x0000,0x0000,0x0000,0x0000,0x0000,0x0000,0x0000,0xD64E,0x98A5,0xDA4E,
  0xDE90,0xEAF3,0xEF14,0xE6D2,0xC5CB,0xC9EC,0xDE70,0xEAF3,0xEAF3,0xEAF3,0xEAF3,0xEAF3,0xEEF3,0xEF13,0x98A4,0xC946,
  0xD9A7,0xE22B,0xCD87,0xB8E4,0xB8E4,0xA8A3,0xA483,0x9C62,0x9841,0x8000,0x8000,0x8000,0x8C63,0x9484,0xA4E6,0xA4E6,
  0x9484,0xDA4F,0xD62D,0x0000,0x0000,0x0000,0x0000,0x0000,0x0000,0x0000,0x0000,0x0000,0x0000,0x0000,0x0000,0x0000,
  0x0000,0x0000,0x0000,0x0000,0x0000,0x0000,0x0000,0x0000,0x0000,0x0000,0x0000,0x0000,0xE2B1,0xC9EC,0x94A4,0xC9EC,
  0xDA6F,0xEAF3,0xEEF3,0xEEF3,0xEEF3,0xDA70,0xC5CB,0xDE70,0xEEF3,0xEAF3,0xEEF3,0xEEF3,0xEF13,0xEF13,0xEAF3,0x9CC5,
  0x8421,0xDE2B,0xD9E9,0xB0C3,0xB8E4,0xB8E4,0xACA3,0xACA3,0x9441,0x8000,0x8421,0x8C62,0x8C63,0x9084,0xA0E6,0xA0E6,
  0xD22E,0xE6B2,0xD62E,0x0000,0x0000,0x0000,0x0000,0x0000,0x0000,0x0000,0x0000,0x0000,0x0000,0x0000,0x0000,0x0000,
  0x0000,0x0000,0x0000,0x0000,0x0000,0x0000,0x0000,0x0000,0x0000,0x0000,0x0000,0x0000,0xDA4F,0xEAF3,0xEAF3,0xEAD2,
  0xEAD2,0xEAF3,0xEF14,0xEF13,0xEAF3,0xEF13,0xEF14,0xE2B1,0xD62E,0xDE70,0xE2B1,0xEAF3,0xEEF3,0xEF14,0xEF14,0xEF13,
  0xEAF3,0xE6D2,0x9462,0xD187,0xC946,0xB8E4,0xB8E4,0xB0C3,0x8000,0x8421,0x8421,0x8C42,0x8C63,0x94A5,0x9084,0xCA0D,
  0xE6B1,0xE6D2,0xD62E,0x0000,0x0000,0x0000,0x0000,0x0000,0x0000,0x0000,0x0000,0x0000,0x0000,0x0000,0x0000,0x0000,
  0x0000,0x0000,0x0000,0x0000,0x0000,0x0000,0x0000,0x0000,0x0000,0x0000,0x0000,0x0000,0xDA4F,0xD22D,0xD22D,0xE6D2,
  0xE6D2,0xEAF3,0xEF13,0xEF13,0xEF13,0xEEF3,0xEAF3,0xEEF3,0xEAF3,0xDA4F,0xDA4F,0xDE70,0xEAF3,0xEAF3,0xEEF3,0xEF13,
  0xEEF3,0xEEF3,0xEAD2,0x8821,0xACE4,0xB8E4,0xB8E4,0xB0A3,0x8000,0x8843,0x8842,0x8842,0x9084,0x9084,0xA0E6,0xEAD2,
  0xEAF3,0xD62E,0xCE0C,0xC5AB,0x0000,0x0000,0x0000,0x0000,0x0000,0x0000,0x0000,0x0000,0x0000,0x0000,0x0000,0x0000,
  0x0000,0x0000,0x0000,0x0000,0x0000,0x0000,0x0000,0x0000,0x0000,0x0000,0x0000,0x0000,0xB969,0xAD48,0x8822,0x8442,
  0x8421,0x8421,0x8842,0xDA90,0xE2B2,0xEAD2,0xEEF3,0xEF14,0xEF13,0xEAF3,0xE2B1,0xE6D2,0xDA6F,0xE6B1,0xE6B1,0xEF13,
  0xEEF3,0xEEF3,0xEEF3,0xEEF3,0xD64F,0xBDCC,0x9862,0x9461,0x8421,0x8842,0x8842,0x8842,0x8421,0xC1CB,0xEAF2,0xEAF3,
  0xDE70,0xD64F,0xB569,0xC9EC,0xC1AA,0x0000,0x0000,0x0000,0x0000,0x0000,0x0000,0x0000,0x0000,0x0000,0x0000,0x0000,
  0x0000,0x0000,0x0000,0x0000,0x0000,0x0000,0x0000,0x0000,0x0000,0x0000,0xD183,0xE1C3,0xE5C3,0xD9A3,0x9062,0x8842,
  0x98C7,0x94A6,0x94A5,0x9085,0x8842,0x8000,0xA0E5,0xDA6F,0xEF14,0xEF14,0xEF14,0xEAF3,0xEEF3,0xEAF3,0xEAD2,0xDA6F,
  0xDE6F,0xDE6F,0xEAF3,0xEEF3,0xEAF3,0xEAF3,0xEF13,0xF755,0xF735,0xDE6F,0xD22D,0xDE91,0xEAD2,0xEAF3,0xEEF3,0xE291,
  0xCE0D,0xD20D,0x8C42,0xCE0D,0xD22E,0x94A5,0x0000,0x0000,0x0000,0x0000,0x0000,0x0000,0x0000,0x0000,0x0000,0x0000,
  0x0000,0x0000,0x0000,0x0000,0x0000,0x0000,0x0000,0x0000,0xCD63,0xDDA3,0xDDA3,0xE1C3,0xEA04,0xF225,0xEE25,0xACE3,
  0x8C63,0xA0E8,0xA109,0x94A5,0x94A6,0x8C63,0x8000,0x8421,0xC5EC,0xE2B1,0xEF13,0xEEF3,0xEAF3,0xEAF4,0xEAF3,0xEAF3,
  0xEF14,0xDA6F,0xDE6F,0xE6B2,0xEEF3,0xEEF3,0xEAF3,0xEAF3,0xEAF3,0xEF14,0xEF14,0xEEF3,0xEAF4,0xEF14,0xDE70,0xDA4F,
  0xCE0D,0xB969,0x9063,0xC9EC,0xCE0C,0x8842,0x8C63,0xD163,0xC564,0x0000,0x0000,0x0000,0x0000,0x0000,0x0000,0x0000,
  0x0000,0x0000,0x0000,0x0000,0x0000,0x0000,0x0000,0xB503,0xACC2,0xB903,0xD162,0xEA25,0xF245,0xF245,0xF225,0xF245,
  0x9CA3,0x9085,0xA109,0xA0E8,0x98A6,0x98A6,0x9085,0x8C64,0x8442,0x8C63,0xC1CB,0xD22E,0xE6F2,0xEAF3,0xEAF3,0xEF13,
  0xEAF3,0xEAF3,0xDA6F,0xD62E,0xDA4E,0xDA6F,0xEAD2,0xEAF3,0xEF14,0xEAF3,0xEEF3,0xE6D2,0xE6D2,0xDE90,0xDA6F,0xD22E,
  0xC9EC,0xB969,0xC5CB,0xD64E,0xC9EB,0x8421,0x9084,0x9882,0xDDA4,0xD9A3,0x0000,0x0000,0x0000,0x0000,0x0000,0x0000,
  0x0000,0x0000,0x0000,0x0000,0x0000,0x0000,0x8C43,0x9485,0x94A6,0x94A5,0x8421,0xC143,0xF686,0xF246,0xF245,0xF246,
  0xF266,0x8000,0x8C64,0x9CE7,0xA509,0x9CC7,0x98A6,0x94A5,0x9084,0x8C63,0x8C62,0xBDAA,0xB969,0xDA4F,0xEAF3,0xEAF3,
  0xEAF3,0xEF14,0xEEF4,0xEEF3,0xEAF3,0xDA6F,0xC9EC,0xD20E,0xDE90,0xDA6F,0xDA6F,0xDA70,0xDA6F,0xDA4F,0xCE0C,0xCE0C,
  0xD64E,0xDA4F,0xD64F,0xD64F,0xC5EC,0x8421,0x94A6,0x9084,0xCD63,0xEE25,0x9062,0x0000,0x0000,0x0000,0x0000,0x0000,
  0x0000,0x0000,0x0000,0x0000,0x0000,0x8842,0x8843,0x8422,0x98C7,0x9CE8,0x94A6,0x8422,0xC543,0xFACA,0xF266,0xF246,
  0xEE25,0xE5E4,0x8421,0x9085,0x9CC7,0x9085,0xD582,0xD582,0xD9A1,0x8C63,0x8000,0xC1AA,0xD20C,0xBD8A,0xC1AA,0xDE90,
  0xEEF4,0xEF14,0xEF14,0xEEF4,0xEF14,0xEF14,0xE6D2,0xD22E,0xC9EC,0xC9EC,0xC9EC,0xC9EC,0xC9EC,0xC5CB,0xDE90,0xEEF4,
  0xEF14,0xD64F,0xD64F,0xD64F,0x8C63,0x8422,0x94A6,0x9085,0x9882,0xE5E5,0xCD63,0x98A6,0x0000,0x0000,0x0000,0x0000,
  0x0000,0x0000,0x0000,0x0000,0x9CE8,0xA109,0xA109,0xA109,0xA509,0x8C63,0x98A6,0xA0E8,0x9084,0xB0C2,0xEA26,0xEE05,
  0xEA25,0xCD64,0x8421,0x8842,0x8C64,0xDDA3,0xFA65,0x8C42,0x8842,0xE205,0x8843,0x8421,0xCDEC,0xE2B1,0xDE70,0xC9EC,
  0xC9EC,0xDE90,0xE290,0xEEF3,0xEEF4,0xEEF3,0xEAF3,0xEAF3,0xEEF4,0xEF14,0xEAF3,0xEAF3,0xEF14,0xEF13,0xEEF3,0xEF14,
  0xD22E,0xD62E,0xD22E,0x98A5,0xBD8A,0x94A4,0x8C64,0x98A6,0x8843,0xBCE3,0xD9A4,0x8421,0x98C7,0x0000,0x0000,0x0000,
  0x0000,0x0000,0x0000,0x0000,0xA109,0xA109,0xA109,0xA109,0xA109,0xA92A,0x8863,0xA52A,0x98C7,0x8842,0xC942,0xEA04,
  0xB503,0x94A5,0x9084,0x8421,0x9484,0xFAC9,0x8421,0xCA10,0x98A6,0x94A5,0x8422,0x8C84,0x8422,0xDA70,0xEAF3,0xEAF3,
  0xDE90,0xC9EC,0xD62E,0xDE90,0xEEF3,0xEAF3,0xEAF4,0xEEF4,0xEF14,0xEF14,0xEF13,0xEF14,0xEF14,0xEF14,0xE6D2,0xDA4F,
  0xD22E,0xD22E,0xCE0D,0xA0E6,0xC1AB,0xCE0E,0x9085,0x98C7,0x9085,0x8842,0xB0C1,0x8421,0x94A6,0x94A4,0x0000,0x0000,
  0x0000,0x0000,0x0000,0x9CE8,0x9485,0x9085,0x98A7,0xA0E8,0xA0E9,0xA109,0xA109,0x8422,0x9CE8,0x9485,0x8822,0x8C84,
  0xA0C4,0xEE46,0xF6CB,0xC564,0x8821,0xE605,0x8841,0x98A6,0x9485,0x9483,0x8842,0x9084,0x8843,0x8842,0xCE0D,0xEAF3,
  0xEAF3,0xEAD2,0xE6D2,0xD64E,0xD64E,0xD62E,0xD64E,0xD64E,0xE2B1,0xEF14,0xEF14,0xEAF3,0xEEF3,0xDE6F,0xD62E,0xD22E,
  0xD22E,0x9CC5,0xBDAA,0xC1CB,0xD22E,0xCE0D,0x8001,0x9085,0x9085,0x8C64,0x94A6,0x8421,0x9085,0x8C63,0x0000,0x0000,
  0x0000,0x0000,0x0000,0x9085,0x9085,0x9085,0x9085,0x9485,0xA509,0xA109,0xA109,0x8C64,0x94A6,0x98C7,0x9084,0xB8E3,
  0xFACA,0xEE04,0xEA05,0xE1E5,0x8421,0xCD43,0xF668,0x8821,0x8841,0xEA24,0x9041,0x8C64,0x94A5,0x8C63,0x8020,0xCE0C,
  0xEAF3,0xEF14,0xEF14,0xEF13,0xD20D,0xD62E,0xD62E,0xD22E,0xD62E,0xD64E,0xD22E,0xE2B1,0xD22D,0xD22E,0xD22E,0xD22D,
  0x8C42,0xA4E7,0xC9EC,0xC9EC,0xD20D,0xDE6F,0x8000,0x9084,0x98A6,0x8843,0x98C7,0x8421,0x9085,0x8C64,0x0000,0x0000,
  0x0000,0x0000,0x9CE7,0x9085,0x9085,0x9085,0x9085,0x9085,0x98A6,0xA109,0xA109,0xA509,0x8C63,0x94A6,0x9085,0x8842,
  0xFAA9,0xEE25,0xEA25,0xE1E4,0x8421,0x8000,0xD9A3,0xE5E4,0xE5E4,0xD1A3,0x8000,0x9085,0x9085,0x8C64,0x8C63,0x8421,
  0xD64F,0xEF14,0xEF13,0xEAF3,0xEAF3,0xD62E,0xD22E,0xD22E,0xD22E,0xD22E,0xD22E,0xD22E,0xD22E,0xD62E,0xD24E,0xB548,
  0x8000,0xB569,0xC5CB,0xC9ED,0xD22E,0xEAF3,0xB968,0x8C64,0x94A6,0x8843,0x98C7,0x8001,0x8C64,0x9084,0x0000,0x0000,
  0x0000,0x0000,0x94A5,0x9085,0x9085,0x9085,0x9085,0x9085,0x8C63,0xA0E8,0xA109,0xA109,0x8863,0x9085,0x94A6,0x8422,
  0xE1C4,0xEA05,0xEA05,0xD9A3,0x8841,0x8843,0x8421,0x8000,0x8001,0x8842,0x8422,0x98A6,0xA109,0x98C7,0x98C7,0x9085,
  0x852B,0x9064,0xDE90,0xEAF3,0xEAF3,0xEAF3,0xEAF3,0xDE90,0xD22E,0xC1AB,0xC1AB,0xC1AB,0xB148,0x98A5,0x8421,0x9084,
  0x8421,0xD22E,0xD64E,0xD64E,0xD64E,0xE6D2,0xEAF4,0x8C63,0x9085,0x8843,0x94A5,0x8422,0x8843,0x9085,0x0000,0x0000,
  0x0000,0x0000,0x9085,0x9085,0x9085,0x9085,0x9085,0x9085,0x8843,0x9485,0xA109,0xA109,0x94A6,0x9064,0x94A6,0x8843,
  0xD162,0xCD42,0xB8E1,0xA8C2,0x9881,0x8863,0x8C84,0x8C63,0x8843,0x8843,0x8422,0xA0E8,0xA109,0xA109,0x94A6,0x9085,
  0x8D8E,0x84A6,0x8000,0xE2B1,0xEAF3,0xEAF3,0xEAF3,0xEAF3,0xEB14,0xD64E,0xC5EC,0xC1CB,0xC1AB,0xB149,0x9062,0x9084,
  0x8842,0xCE2E,0xDA4F,0xE2B1,0xD22E,0xE6D2,0xEAF3,0x8C43,0x8C64,0x9485,0x9084,0x8842,0x8843,0x9084,0x0000,0x0000,
  0x0000,0x0000,0x8C64,0x9064,0x8843,0x9084,0x9085,0x9085,0x9085,0x8C63,0xA109,0xA109,0x94A6,0x8C63,0x9084,0x8842,
  0xB4C1,0xCD63,0xD563,0xDD83,0xA081,0x8C64,0x9085,0x9084,0x9085,0x94A5,0x8C63,0x98C7,0xA109,0xA0E9,0x98C7,0x90A5,
  0x910A,0x8DD0,0x8443,0xB9AB,0xD64E,0xEAF3,0xEAF3,0xEAF4,0xEAF3,0xEAF3,0xEAD3,0xD64F,0xD22E,0x8C41,0xB0C2,0xB0E3,
  0x8421,0xC5EC,0xD64F,0xEAD3,0xD22E,0xE291,0xEAF3,0xB98A,0x9085,0x94A6,0x8C43,0x8843,0x8843,0x9084,0x0000,0x0000,
  0x0000,0x0000,0x94A5,0x9085,0x9085,0x8C64,0x8843,0x8C63,0x9085,0x8843,0x9485,0x9085,0x9085,0x8843,0x9084,0x8C63,
  0xC501,0xD9A3,0xD162,0xD562,0x9461,0x8842,0x9084,0x94A5,0x94A6,0x94A6,0x9085,0x98A7,0xA0E9,0xA0E9,0x9CE8,0x98C7,
  0x8C64,0x9696,0x88C7,0x8C64,0x8000,0xC9EC,0xE2B1,0xEAF3,0xE6B2,0xE6B1,0xE2B1,0xD22D,0x8821,0xC923,0xC923,0xB4C2,
  0x8C63,0xC1AA,0xD22E,0xEAF3,0xD64E,0xE291,0xEAF3,0xC1CC,0x8C64,0x94A5,0x8C63,0x8843,0x8843,0x9085,0x0000,0x0000,
  0x0000,0x0000,0x8843,0x94A5,0x94A5,0x94A5,0x9085,0x8843,0x8C63,0x8C63,0x94A6,0x9485,0x9085,0x8442,0x9064,0x8C63,
  0xC522,0xDDA3,0xC522,0xCD42,0x9862,0x8C63,0x9085,0x94A6,0x94A6,0x94A6,0x94A5,0x94A6,0xA109,0xA109,0xA109,0x98C7,
  0x8C43,0x9AB7,0x890A,0x94A5,0x8C64,0x8843,0xBD8A,0xDA6F,0xE290,0xDA6F,0xDA6F,0x8420,0xC502,0xD983,0xD983,0x8001,
  0x9084,0x9CC5,0xD64F,0xEAF3,0xDA6F,0xD64F,0xEAF3,0xCE0D,0x8422,0x94A6,0x8C84,0x8401,0x8843,0x8C64,0x0000,0x0000,
  0x0000,0x0000,0x8C64,0x8863,0x8843,0x8C63,0x94A5,0x94A6,0x90A5,0x8C63,0x8C64,0x94A6,0x8863,0x8842,0x8842,0x8842,
  0xC521,0xC523,0xC922,0xC922,0x9042,0x8843,0x8C63,0x94A6,0x9085,0x94A6,0x9085,0x94A6,0x9CC8,0xA109,0xA109,0xA0E9,
  0x8C64,0x9254,0x8E33,0x98E8,0x9CE8,0x9085,0x8C64,0x8001,0xD22D,0x98A5,0x8000,0xD163,0xD983,0xDD83,0xC922,0x8C63,
  0x98C6,0x8422,0xD64E,0xE2B1,0xE2B1,0xD62E,0xDA6F,0xE291,0x8421,0x8843,0x8C63,0x8000,0x8C63,0x8C64,0x0000,0x0000,
  0x0000,0x0000,0x0000,0x0000,0x0000,0x0000,0x0000,0x0000,0x0000,0x0000,0x0000,0x0000,0x0000,0x0000,0x0000,0x0000,
  0x0000,0x0000,0x0000,0x0000,0x0000,0x0000,0x0000,0x0000,0x0000,0x0000,0x0000,0x0000,0x0000,0x0000,0x0000,0x0000,
  0x0000,0x0000,0x0000,0x0000,0x0000,0x0000,0x0000,0x0000,0x0000,0x0000,0x0000,0x0000,0x0000,0x0000,0x0000,0x0000,
  0x0000,0x0000,0x0000,0x0000,0x0000,0x0000,0x0000,0x0000,0x0000,0x0000,0x0000,0x0000,0x0000,0x0000,0x0000,0x0000,
  0x0000,0x0000,0x0000,0x0000,0x0000,0x0000,0x0000,0x0000,0x0000,0x0000,0x0000,0x0000,0x0000,0x0000,0x0000,0x0000,
  0x0000,0x0000,0x0000,0x0000,0x0000,0x0000,0x0000,0x0000,0x0000,0x0000,0x0000,0x0000,0x0000,0x0000,0x0000,0x0000,
  0x0000,0x0000,0x0000,0x0000,0x0000,0x0000,0x0000,0x0000,0x0000,0x0000,0x0000,0x0000,0x0000,0x0000,0x0000,0x0000,
  0x0000,0x0000,0x0000,0x0000,0x0000,0x0000,0x0000,0x0000,0x0000,0x0000,0x0000,0x0000,0x0000,0x0000,0x0000,0x0000,
  0x0000,0x0000,0x0000,0x0000,0x0000,0x0000,0x0000,0x0000,0x0000,0x0000,0x0000,0x0000,0x0000,0x0000,0x0000,0x0000,
  0x0000,0x0000,0x0000,0x0000,0x0000,0x0000,0x0000,0x0000,0x0000,0x0000,0x0000,0x0000,0x0000,0x0000,0x0000,0x0000,
  0x0000,0x0000,0x0000,0x0000,0x0000,0x0000,0x0000,0x0000,0x0000,0x0000,0x0000,0x0000,0x0000,0x0000,0x0000,0x0000,
  0x0000,0x0000,0x0000,0x0000,0x0000,0x0000,0x0000,0x0000,0x0000,0x0000,0x0000,0x0000,0x0000,0x0000,0x0000,0x0000,
 },
 {
  0x0000,0x0000,0x0000,0x0000,0x0000,0x0000,0x0000,0x0000,0x0000,0x0000,0x0000,0x0000,0x0000,0x0000,0x0000,0x0000,
  0x0000,0x0000,0x0000,0x0000,0x0000,0x0000,0x0000,0x0000,0x0000,0x0000,0x0000,0x0000,0x0000,0x0000,0x0000,0x0000,
  0x0000,0x0000,0x0000,0x0000,0x0000,0x0000,0x0000,0x0000,0x0000,0x0000,0x0000,0x0000,0x0000,0x0000,0x0000,0x0000,
  0x0000,0x0000,0x0000,0x0000,0x0000,0x0000,0x0000,0x0000,0x0000,0x0000,0x0000,0x0000,0x0000,0x0000,0x0000,0x0000,
  0x0000,0x0000,0x0000,0x0000,0x0000,0x0000,0x0000,0x0000,0x0000,0x0000,0x0000,0x0000,0x0000,0x0000,0x0000,0x0000,
  0x0000,0x0000,0x0000,0x0000,0x0000,0x0000,0x0000,0x0000,0x0000,0x0000,0x0000,0x0000,0x0000,0x0000,0x0000,0x0000,
  0x0000,0x0000,0x0000,0x0000,0x0000,0x0000,0x0000,0x0000,0x0000,0x0000,0x0000,0x0000,0x0000,0x0000,0x0000,0x0000,
  0x0000,0x0000,0x0000,0x0000,0x0000,0x0000,0x0000,0x0000,0x0000,0x0000,0x0000,0x0000,0x0000,0x0000,0x0000,0x0000,
  0x0000,0x0000,0x0000,0x0000,0x0000,0x0000,0x0000,0x0000,0x0000,0x0000,0x0000,0x0000,0x0000,0x0000,0x0000,0x0000,
  0x0000,0x0000,0x0000,0x0000,0x0000,0x0000,0x8D0A,0x0000,0x0000,0x0000,0x0000,0x0000,0x0000,0x0000,0x0000,0x0000,
  0x0000,0x0000,0x0000,0x0000,0x0000,0x0000,0x0000,0x0000,0x0000,0x0000,0x0000,0x0000,0x0000,0x0000,0x0000,0x0000,
  0x0000,0x0000,0x0000,0x0000,0x0000,0x0000,0x0000,0x0000,0x0000,0x0000,0x0000,0x0000,0x0000,0x0000,0x0000,0x0000,
  0x0000,0x0000,0x0000,0x0000,0x0000,0x0000,0x0000,0x0000,0x0000,0x0000,0x0000,0x0000,0x0000,0x0000,0x0000,0x0000,
  0x0000,0x0000,0x0000,0x0000,0x0000,0x89D0,0x8DAF,0x8DCF,0x8DD0,0x95AE,0x0000,0x0000,0x0000,0x0000,0x8DCF,0x91AE,
  0x0000,0x0000,0x0000,0x0000,0x0000,0x0000,0x0000,0x0000,0x0000,0x0000,0x0000,0x0000,0x0000,0x0000,0x0000,0x0000,
  0x0000,0x0000,0x0000,0x0000,0x0000,0x0000,0x0000,0x0000,0x0000,0x0000,0x0000,0x0000,0x0000,0x0000,0x0000,0x0000,
  0x0000,0x0000,0x0000,0x0000,0x0000,0x0000,0x0000,0x0000,0x0000,0x0000,0x0000,0x0000,0x0000,0x0000,0x0000,0x0000,
  0x0000,0x0000,0x0000,0x0000,0x0000,0x0000,0x8DD0,0x9A33,0x9E53,0x8DCF,0x8DD0,0x0000,0x0000,0x0000,0x91AF,0x9633,
  0x91F1,0x0000,0x0000,0x0000,0x0000,0x0000,0x0000,0x0000,0x0000,0x0000,0x0000,0x0000,0x0000,0x0000,0x0000,0x0000,
  0x0000,0x0000,0x0000,0x0000,0x0000,0x0000,0x0000,0x0000,0x0000,0x0000,0x0000,0x0000,0x0000,0x0000,0x0000,0x0000,
  0x0000,0x0000,0x0000,0x0000,0x0000,0x0000,0x0000,0x0000,0x0000,0x0000,0x0000,0x0000,0x0000,0x0000,0x0000,0x8DAF,
  0x0000,0x0000,0x0000,0x0000,0x0000,0x0000,0x0000,0x91F1,0x9A53,0x9E53,0x9612,0x91F1,0x0000,0x0000,0x0000,0x9211,
  0x9A53,0x9632,0x0000,0x0000,0x0000,0x0000,0x0000,0x0000,0x0000,0x0000,0x0000,0x0000,0x0000,0x0000,0x0000,0x0000,
  0x0000,0x0000,0x0000,0x0000,0x0000,0x0000,0x0000,0x0000,0x0000,0x0000,0x0000,0x0000,0x0000,0x0000,0x0000,0x0000,
  0x0000,0x0000,0x0000,0x0000,0x0000,0x0000,0x0000,0x0000,0x0000,0x0000,0x0000,0x0000,0x0000,0x0000,0x0000,0x0000,
  0x8DD0,0x8DD0,0x8DD0,0x8DD0,0x852B,0x0000,0x0000,0x894B,0x8DD0,0x9612,0xA694,0xA253,0x91F1,0x8D8E,0x0000,0x8D8D,
  0x9E53,0xA694,0x9612,0x0000,0x0000,0x0000,0x0000,0x0000,0x0000,0x0000,0x0000,0x0000,0x0000,0x0000,0x0000,0x0000,
  0x0000,0x0000,0x0000,0x0000,0x0000,0x0000,0x0000,0x0000,0x0000,0x0000,0x0000,0x0000,0x0000,0x0000,0x0000,0x0000,
  0x0000,0x0000,0x0000,0x0000,0x0000,0x0000,0x0000,0x0000,0x0000,0x0000,0x0000,0x0000,0x0000,0x0000,0x0000,0x0000,
  0x0000,0x8DF1,0x8DD0,0x9612,0x91F1,0x898E,0x8509,0x88E8,0x84A7,0x9A33,0x9A33,0xA674,0x9E53,0x8DD0,0x8D8E,0x894C,
  0x9611,0xA674,0x9A33,0x0000,0x0000,0x0000,0x0000,0x0000,0x0000,0x0000,0x0000,0x0000,0x0000,0x0000,0x0000,0x0000,
  0x0000,0x0000,0x0000,0x0000,0x0000,0x0000,0x0000,0x0000,0x0000,0x0000,0x0000,0x0000,0x0000,0x0000,0x0000,0x0000,
  0x0000,0x0000,0x0000,0x0000,0x0000,0x0000,0x0000,0x0000,0x0000,0x0000,0x0000,0x0000,0x0000,0x0000,0x0000,0x0000,
  0x0000,0x8DD0,0x9611,0x9632,0x9A33,0x9633,0x91D0,0x8D8E,0x8D8D,0x892B,0x99F1,0xA253,0xAEB5,0x9E73,0x9612,0x8D4B,
  0x91AE,0xA274,0xAA95,0x89AF,0x0000,0x0000,0x0000,0x0000,0x0000,0x0000,0x0000,0x0000,0x0000,0x0000,0x0000,0x0000,
  0x0000,0x0000,0x0000,0x0000,0x0000,0x0000,0x0000,0x0000,0x0000,0x0000,0x0000,0x0000,0x0000,0x0000,0x0000,0x0000,
  0x0000,0x0000,0x0000,0x0000,0x0000,0x0000,0x0000,0x0000,0x0000,0x0000,0x0000,0x0000,0x0000,0x0000,0x0000,0x0000,
  0x0000,0x0000,0x9611,0x9612,0xA273,0xA274,0xA274,0xA294,0xA274,0x95F0,0x8909,0x9E32,0x9E53,0xAEB5,0xA674,0x9A32,
  0x850A,0x9A32,0xA695,0x9A32,0x84E8,0xDA70,0x0000,0x0000,0x0000,0x0000,0x0000,0x0000,0x0000,0x0000,0x0000,0x0000,
  0x0000,0x0000,0x0000,0x0000,0x0000,0x0000,0x0000,0x0000,0x0000,0x0000,0x0000,0x0000,0x0000,0x0000,0x0000,0x0000,
  0x0000,0x0000,0x0000,0x0000,0x0000,0x0000,0x0000,0x0000,0x0000,0x0000,0x0000,0x0000,0x0000,0x0000,0x0000,0x858E,
  0x850A,0x80E8,0x80A7,0x91CF,0x91CF,0xA274,0xA273,0xE6D2,0xDAB0,0x9611,0x9A31,0x894C,0x9E11,0xA673,0xAE95,0x9E32,
  0x91CF,0x91AE,0xAEB5,0x9611,0x80C7,0xD670,0x0000,0x0000,0x0000,0x0000,0x0000,0x0000,0x0000,0x0000,0x0000,0x0000,
  0x0000,0x0000,0x0000,0x0000,0x0000,0x0000,0x0000,0x0000,0x0000,0x0000,0x0000,0x0000,0x0000,0x0000,0x0000,0x0000,
  0x0000,0x0000,0x0000,0x0000,0x0000,0x0000,0x0000,0x0000,0x0000,0x0000,0x0000,0x0000,0x0000,0x95F1,0x91F1,0x9A32,
  0x9612,0x9611,0x8D8D,0x918E,0x892B,0x898E,0xB630,0xE2D1,0xF356,0xF357,0xF356,0xF314,0xC630,0x9E31,0xAA74,0xAEB5,
  0x9E32,0x95D0,0xA253,0xAE94,0x91AE,0xE2F4,0xCE4F,0x0000,0x0000,0x0000,0x0000,0x0000,0x0000,0x0000,0x0000,0x0000,
  0x0000,0x0000,0x0000,0x0000,0x0000,0x0000,0x0000,0x0000,0x0000,0x0000,0x0000,0x0000,0x0000,0x0000,0x0000,0x0000,
  0x0000,0x0000,0x0000,0x0000,0x0000,0x0000,0x0000,0x0000,0x0000,0x0000,0x0000,0x8DD0,0x91F0,0x8DD0,0x91F0,0x9E54,
  0x9A33,0x9A33,0x9E33,0x9611,0x95F0,0x80C8,0x80E8,0xB9ED,0xE6D2,0xF777,0xF777,0xF777,0xF356,0xADEE,0xA252,0xB295,
  0xA673,0x9A11,0xA232,0xAE95,0x9A11,0xDEB2,0xE2B2,0x0000,0xE291,0x0000,0x0000,0x0000,0x0000,0x0000,0x0000,0x0000,
  0x0000,0x0000,0x0000,0x0000,0x0000,0x0000,0x0000,0x0000,0x0000,0x0000,0x0000,0x0000,0x0000,0x0000,0x0000,0x0000,
  0x0000,0x0000,0x0000,0x0000,0x0000,0x0000,0x0000,0x0000,0x0000,0x0000,0x8DAF,0x91AF,0x91D0,0x91F1,0x9A12,0x9A53,
  0x9A33,0x9612,0xA5EF,0xCE93,0xE6D2,0xEAF3,0xD22D,0xB16A,0xB5AC,0xEB14,0xF356,0xF777,0xF777,0xEAF3,0xDED2,0xA252,
  0xAE95,0x9E32,0x91AF,0xAE94,0x9E31,0x9E11,0xEF35,0xB5AB,0xEF14,0x0000,0x0000,0x0000,0x0000,0x0000,0x0000,0x0000,
  0x0000,0x0000,0x0000,0x0000,0x0000,0x0000,0x0000,0x0000,0x0000,0x0000,0x0000,0x0000,0x0000,0x0000,0x0000,0x0000,
  0x0000,0x0000,0x0000,0x0000,0x0000,0x0000,0x0000,0x0000,0x0000,0x8DAE,0x8DAF,0x91F1,0x89AF,0x896D,0x8D6C,0x8D8E,
  0x8DAE,0x918D,0xA5EF,0xE2B2,0xEAF3,0xF356,0xF777,0xEF14,0xEF35,0xE6D2,0xDA6F,0xEF35,0xF757,0xFB77,0xF336,0xE6F3,
  0xAA74,0xB294,0xA653,0xAA73,0x9E32,0xA232,0xEF35,0xD64E,0xEF14,0xE2B1,0xE2B2,0x0000,0x0000,0x0000,0x0000,0x0000,
  0x0000,0x0000,0x0000,0x0000,0x0000,0x0000,0x0000,0x0000,0x0000,0x0000,0x0000,0x0000,0x0000,0x0000,0x0000,0x0000,
  0x0000,0x0000,0x0000,0x0000,0x0000,0x0000,0x0000,0x0000,0x0000,0x8DAF,0x8DAF,0x0000,0x0000,0x0000,0x0000,0x896C,
  0x88C7,0x8D08,0xBDAA,0xA107,0xD22E,0xEF35,0xF777,0xF777,0xF356,0xF777,0xEB14,0xE6D1,0xF756,0xF335,0xFB77,0xF777,
  0xD6B2,0xB294,0xAE94,0x9A11,0xAE94,0xA232,0xF356,0xE2B2,0xF756,0xE6D2,0xEB13,0x0000,0x0000,0x0000,0x0000,0x0000,
  0x0000,0x0000,0x0000,0x0000,0x0000,0x0000,0x0000,0x0000,0x0000,0x0000,0x0000,0x0000,0x0000,0x0000,0x0000,0x0000,
  0x0000,0x0000,0x0000,0x0000,0x0000,0x0000,0x0000,0x0000,0x8DAF,0x0000,0x0000,0x0000,0x0000,0x0000,0x0000,0x9DAE,
  0xE2D2,0xEAF3,0xEF14,0xEF14,0xDA6F,0xD64E,0xEF14,0xEF14,0xF756,0xF777,0xF777,0xF335,0xE6F3,0xEF34,0xF756,0xF777,
  0xF336,0xBE73,0xAE94,0xA232,0xB295,0xA252,0xEF36,0xE6D2,0xF756,0xDE90,0xEAF2,0x0000,0x0000,0x0000,0x0000,0x0000,
  0x0000,0x0000,0x0000,0x0000,0x0000,0x0000,0x0000,0x0000,0x0000,0x0000,0x0000,0x0000,0x0000,0x0000,0x0000,0x0000,
  0x0000,0x0000,0x0000,0x0000,0x0000,0x0000,0x0000,0x0000,0x0000,0x0000,0x0000,0x0000,0x918E,0x91D0,0xA1CE,0x9DAD,
  0xD670,0xDE91,0xEF14,0xE6D2,0xF756,0xEF14,0xF757,0xF777,0xF777,0xF777,0xFB78,0xF778,0xF778,0xFB98,0xEF34,0xEF14,
  0xFB78,0xFB78,0xEAD1,0xB295,0x9E32,0xAE94,0xCAB4,0xEF14,0xF757,0xEAD2,0xE2B1,0xD64F,0x0000,0x0000,0x0000,0x0000,
  0x0000,0x0000,0x0000,0x0000,0x0000,0x0000,0x0000,0x0000,0x0000,0x0000,0x0000,0x0000,0x0000,0x0000,0x0000,0x0000,
  0x0000,0x0000,0x0000,0x0000,0x0000,0x0000,0x0000,0x0000,0x0000,0x0000,0x0000,0x898E,0x91D0,0x9A11,0x95CF,0x8DAD,
  0x8509,0xCE0C,0xD66F,0xDE90,0xEAF3,0xF335,0xE6D2,0xEAF3,0xEF14,0xEF14,0xEB14,0xF778,0xF778,0xFB77,0xFB77,0xEB14,
  0xF777,0xF777,0xEB14,0xAE95,0xAE94,0xAE74,0xD2D3,0xEF34,0xF757,0xF756,0xD22D,0xEAD2,0x0000,0x0000,0x0000,0x0000,
  0x0000,0x0000,0x0000,0x0000,0x0000,0x0000,0x0000,0x0000,0x0000,0x0000,0x0000,0x0000,0x0000,0x0000,0x0000,0x0000,
  0x0000,0x0000,0x0000,0x0000,0x0000,0x0000,0x0000,0x0000,0x0000,0x0000,0x8DAF,0x95F1,0x9A12,0x91AF,0xC62F,0xE6B1,
  0xEF13,0xF335,0xEF14,0xEF35,0xF356,0xF356,0xE6D1,0xB169,0xA508,0x8C64,0x8C85,0xA928,0xC1CD,0xF777,0xF777,0xF777,
  0xEF35,0xF778,0xFB78,0xD291,0xB294,0xB295,0xDAF4,0xF778,0xEB13,0xF756,0xEB14,0xE6D2,0x0000,0x0000,0x0000,0x0000,
  0x0000,0x0000,0x0000,0x0000,0x0000,0x0000,0x0000,0x0000,0x0000,0x0000,0x0000,0x0000,0x0000,0x0000,0x0000,0x0000,
  0x0000,0x0000,0x0000,0x0000,0x0000,0x0000,0x0000,0x0000,0x0000,0x91D0,0x9A12,0x9A11,0x91AE,0xDA4E,0xEF13,0xEF14,
  0xEAF3,0xEAF3,0xEAF2,0xEAF3,0xE2D3,0x9083,0x8421,0x8842,0x8843,0x8400,0x8000,0x8000,0x8C64,0xA0E6,0xF777,0xF777,
  0xF778,0xEF35,0xFB77,0xF777,0xAE95,0xB294,0xF314,0xF777,0xFB78,0xF777,0xB969,0x8421,0x0000,0x0000,0x0000,0x0000,
  0x0000,0x0000,0x0000,0x0000,0x0000,0x0000,0x0000,0x0000,0x0000,0x0000,0x0000,0x0000,0x0000,0x0000,0x0000,0x0000,
  0x0000,0x0000,0x0000,0x0000,0x0000,0x0000,0x0000,0x0000,0x91AF,0x95F1,0x9A12,0x8DAE,0x8D6C,0xC20D,0xCA0C,0xDA6E,
  0xD64F,0xDA6F,0xEF14,0xEB13,0x8000,0x8863,0x9085,0x8843,0x8400,0x8000,0x9C60,0x8000,0x8000,0x9084,0xB169,0xF777,
  0xF777,0xF335,0xF778,0xFB78,0xAE74,0xB6B5,0xFB77,0xF777,0xF777,0xE6F4,0x8421,0x0000,0x0000,0x0000,0x0000,0x0000,
  0x0000,0x0000,0x0000,0x0000,0x0000,0x0000,0x0000,0x0000,0x0000,0x0000,0x0000,0x0000,0x0000,0x0000,0x0000,0x0000,
  0x0000,0x0000,0x0000,0x0000,0x0000,0x0000,0x0000,0x91AF,0x8DCF,0x896D,0x8D8D,0x95AE,0xA1CE,0x8909,0xE6D1,0xEF13,
  0xEF13,0xF314,0xF356,0xF777,0xF778,0xF357,0x90A6,0x9085,0x9085,0xBD00,0xF243,0xA528,0x8000,0x8400,0x8421,0xAD49,
  0xF357,0xF777,0xF356,0xF777,0xEF35,0xB295,0xFB78,0xF757,0xF335,0x8000,0x8000,0x0000,0x0000,0x0000,0x0000,0x0000,
  0x0000,0x0000,0x0000,0x0000,0x0000,0x0000,0x0000,0x0000,0x0000,0x0000,0x0000,0x0000,0x0000,0x0000,0x0000,0x0000,
  0x0000,0x0000,0x0000,0x0000,0x0000,0x0000,0x0000,0x8DB0,0x0000,0x0000,0x0000,0x0000,0x916C,0xDEB1,0xF335,0xF356,
  0xF356,0xF356,0xEAF2,0xF756,0xF777,0xF778,0xB18C,0x94C8,0x90A8,0x8000,0xFEC4,0x8000,0x8000,0xD180,0x8000,0x9084,
  0xEF14,0xF777,0xEF35,0xF778,0xF777,0xA674,0xF777,0xF778,0xAD6B,0xAD6A,0x8000,0x0000,0x0000,0x0000,0x0000,0x0000,
  0x0000,0x0000,0x0000,0x0000,0x0000,0x0000,0x0000,0x0000,0x0000,0x0000,0x0000,0x0000,0x0000,0x0000,0x0000,0x0000,
  0x0000,0x0000,0x0000,0x0000,0x0000,0x0000,0x0000,0x0000,0x0000,0x0000,0x0000,0x91AE,0xDED3,0xF335,0xF335,0xE6D2,
  0xE6D1,0xE6D1,0xEAF3,0xF356,0xF356,0xF778,0xF356,0xA54B,0x90C8,0x8C86,0xEE42,0xF265,0xE1E2,0xE5E1,0x9460,0x8843,
  0xE6D1,0xF757,0xF335,0xF777,0xFB98,0xF334,0xF777,0xF336,0x8420,0xCD61,0x8000,0x0000,0x0000,0x0000,0x0000,0x0000,
  0x0000,0x0000,0x0000,0x0000,0x0000,0x0000,0x0000,0x0000,0x0000,0x0000,0x0000,0x0000,0x0000,0x0000,0x0000,0x0000,
  0x0000,0x0000,0x0000,0x0000,0x0000,0x0000,0x0000,0x0000,0x0000,0x0000,0x8DAE,0xC62F,0xDE6F,0xC1CB,0x9CC4,0xDA6F,
  0xE6D2,0xF335,0xF356,0xF335,0xF777,0xF777,0xF778,0xF336,0xD692,0x94E9,0x990A,0x8420,0x8821,0x8401,0x8885,0x8C84,
  0xCA2F,0xEB14,0xF777,0xF777,0xA0E6,0xA507,0xEB14,0xFB78,0xEA21,0xDD81,0x9D0A,0x0000,0x0000,0x0000,0x0000,0x0000,
  0x0000,0x0000,0x0000,0x0000,0x0000,0x0000,0x0000,0x0000,0x0000,0x0000,0x0000,0x0000,0x0000,0x0000,0x0000,0x0000,
  0x0000,0x0000,0x0000,0x0000,0x0000,0x0000,0x0000,0x0000,0x0000,0x8DAF,0x95F0,0x918D,0x8D4C,0x916C,0xD64E,0xE6D2,
  0xF356,0xF756,0xEB13,0xEF14,0xEF35,0xF757,0xF777,0xF777,0xF777,0xEF35,0xA14B,0x990A,0x990A,0x94E9,0x90C9,0x8C86,
  0xC60E,0xEAF3,0xF777,0xEB14,0xBDCD,0xD672,0xA927,0xEAF3,0x8000,0x9085,0xDA6F,0x0000,0x0000,0x0000,0x0000,0x0000,
  0x0000,0x0000,0x0000,0x0000,0x0000,0x0000,0x0000,0x0000,0x0000,0x0000,0x0000,0x0000,0x0000,0x0000,0x0000,0x0000,
  0x0000,0x0000,0x0000,0x0000,0x0000,0x0000,0x0000,0x0000,0x8DAE,0x95D0,0x95D0,0x8D8D,0x88E9,0xDEB1,0xEAF2,0xF336,
  0xEF34,0xE2B1,0xDE90,0xEF34,0xF335,0xEB13,0xF335,0xF777,0xF778,0xF778,0xFB78,0xEF14,0xDE90,0xA14C,0xA16D,0x90C8,
  0xCA2F,0xF335,0xFB77,0x98A5,0xC5EF,0xE6F5,0xAD28,0xD691,0x9CE8,0xE6D3,0xDE90,0x0000,0x0000,0x0000,0x0000,0x0000,
  0x0000,0x0000,0x0000,0x0000,0x0000,0x0000,0x0000,0x0000,0x0000,0x0000,0x0000,0x0000,0x0000,0x0000,0x0000,0x0000,
  0x0000,0x0000,0x0000,0x0000,0x0000,0x0000,0x0000,0x8D6C,0x91D0,0x91CF,0x892B,0x0000,0x0000,0xF334,0xEAD2,0xDE90,
  0xC1AA,0xE2B1,0xEAF3,0xF756,0xF356,0xF777,0xF777,0xEB13,0xEB13,0xF777,0xF777,0xF777,0xF778,0xEB14,0xEAF4,0xCA30,
  0xEAF4,0xF357,0xA529,0xB98C,0xCA0E,0xEAF5,0xD650,0x8021,0xEB13,0xF335,0xE2B1,0xDA6F,0x0000,0x0000,0x0000,0x0000,
  0x0000,0x0000,0x0000,0x0000,0x0000,0x0000,0x0000,0x0000,0x0000,0x0000,0x0000,0x0000,0x0000,0x0000,0x0000,0x0000,
  0x0000,0x0000,0x0000,0x0000,0x0000,0x0000,0x0000,0x8DAF,0x91AF,0x892B,0x0000,0x0000,0xEEF2,0xEAF2,0x8484,0x9CE5,
  0xDA6E,0xEAF3,0xF356,0xEAF2,0xEAF3,0xF777,0xF777,0xF778,0xF356,0xEAF3,0xEF13,0xF777,0xEAF3,0xD64F,0x8841,0xC1EF,
  0xB58C,0xAD49,0xB56B,0xBDAC,0x9CC6,0xCE2F,0xEF37,0xB16A,0xE2B1,0xE6D2,0xC1AA,0xDA70,0x0000,0x0000,0x0000,0x0000,
  0x0000,0x0000,0x0000,0x0000,0x0000,0x0000,0x0000,0x0000,0x0000,0x0000,0x0000,0x0000,0x0000,0x0000,0x0000,0x0000,
  0x0000,0x0000,0x0000,0x0000,0x0000,0x0000,0x0000,0x8D8F,0x0000,0x0000,0x0000,0x0000,0x98E7,0x8909,0x956C,0xEF34,
  0xF335,0xE6D1,0xD64E,0xE6D2,0xEF14,0xE2B1,0xF335,0xF356,0xF777,0xF777,0xF777,0xF777,0xF757,0xF777,0xF777,0xEAF4,
  0x9063,0xAD4A,0xC1CD,0xC1CD,0xC1ED,0xCA0E,0xF357,0xE2D4,0xD22E,0xDA6F,0xD22E,0x0000,0x0000,0x0000,0x0000,0x0000,
  0x0000,0x0000,0x0000,0x0000,0x0000,0x0000,0x0000,0x0000,0x0000,0x0000,0x0000,0x0000,0x0000,0x0000,0x0000,0x0000,
  0x0000,0x0000,0x0000,0x0000,0x0000,0x0000,0x0000,0x892B,0x0000,0x0000,0x0000,0x0000,0x892B,0x916C,0xDA90,0xF334,
  0xEF35,0xD64E,0xDE90,0xEF13,0xE6D1,0xEAF3,0xEB13,0xEAF2,0xEAF3,0xE6F3,0xF355,0xF335,0xF757,0xF777,0xF757,0xF756,
  0xDE90,0x8421,0xAD49,0xC1CD,0xC1CD,0xB9AC,0xE6F5,0xF357,0x8000,0xDA70,0x0000,0x0000,0x0000,0x0000,0x0000,0x0000,
  0x0000,0x0000,0x0000,0x0000,0x0000,0x0000,0x0000,0x0000,0x0000,0x0000,0x0000,0x0000,0x0000,0x0000,0x0000,0x0000,
  0x0000,0x0000,0x0000,0x0000,0x0000,0x0000,0x0000,0x0000,0x0000,0x0000,0x0000,0x0000,0x91AE,0x916D,0xEF14,0xEF15,
  0xD690,0xA949,0xF335,0xEF14,0xD64F,0xD22D,0xD20C,0xDA6F,0xDA6F,0xE6B1,0xDA6F,0xEAD2,0xEF13,0xF776,0xF755,0xF756,
  0xF756,0xE6D2,0x8421,0xB58B,0xC1CE,0xC1CD,0xDA91,0xF757,0x8000,0x0000,0x0000,0x0000,0x0000,0x0000,0x0000,0x0000,
  0x0000,0x0000,0x0000,0x0000,0x0000,0x0000,0x0000,0x0000,0x0000,0x0000,0x0000,0x0000,0x0000,0x0000,0x0000,0x0000,
  0x0000,0x0000,0x0000,0x0000,0x0000,0x0000,0x0000,0x0000,0x0000,0x0000,0x0000,0x91D0,0x91AF,0x890A,0xE6F3,0x0000,
  0x0000,0xD670,0xF335,0x9CE6,0xB989,0xDA4E,0xE2B1,0xE6D1,0xEF14,0xE6B1,0xE2B1,0xDA6F,0xD64E,0xC9EC,0xC1CB,0xA907,
  0xB989,0xE6D3,0xE6D3,0x9484,0xB56A,0xBDCD,0xC5EE,0xF337,0x8000,0x0000,0x0000,0x0000,0x0000,0x0000,0x0000,0x0000,
  0x0000,0x0000,0x0000,0x0000,0x0000,0x0000,0x0000,0x0000,0x0000,0x0000,0x0000,0x0000,0x0000,0x0000,0x0000,0x0000,
  0x0000,0x0000,0x0000,0x0000,0x0000,0x0000,0x0000,0x0000,0x0000,0x0000,0x0000,0x91D0,0x8D6D,0x0000,0xCE2F,0x0000,
  0x0000,0xE6D2,0xDE90,0x0000,0xD64F,0xEAF3,0xE6D2,0xEF14,0xEF14,0xF335,0xE6D2,0xE6D2,0xD64E,0xD64E,0xC9EC,0xC9CB,
  0xB969,0xB568,0x8000,0x9CC6,0x8401,0xBDCD,0xC1EE,0xE2D4,0x8000,0x0000,0x0000,0x0000,0x0000,0x0000,0x0000,0x0000,
  0x0000,0x0000,0x0000,0x0000,0x0000,0x0000,0x0000,0x0000,0x0000,0x0000,0x0000,0x0000,0x0000,0x0000,0x0000,0x0000,
  0x0000,0x0000,0x0000,0x0000,0x0000,0x0000,0x0000,0x0000,0x0000,0x0000,0x0000,0x91AF,0x0000,0x0000,0x0000,0x0000,
  0x0000,0xDA90,0x0000,0x0000,0xE2B1,0xE2B1,0xEF14,0xF335,0xEAF3,0xF335,0xEF13,0xE6D2,0xE6D2,0xD64E,0xD64E,0xC9EB,
  0xC9EC,0xC5CB,0xC1AB,0x9CE6,0xA508,0xA0E7,0xC1ED,0xCE2F,0x8001,0x0000,0x0000,0x0000,0x0000,0x0000,0x0000,0x0000,
  0x0000,0x0000,0x0000,0x0000,0x0000,0x0000,0x0000,0x0000,0x0000,0x0000,0x0000,0x0000,0x0000,0x0000,0x0000,0x0000,
  0x0000,0x0000,0x0000,0x0000,0x0000,0x0000,0x0000,0x0000,0x0000,0x0000,0x0000,0x0000,0x0000,0x0000,0x0000,0x0000,
  0x0000,0x0000,0x0000,0xE2D2,0xC5EB,0xE6D1,0xF356,0xF756,0xF777,0xEF35,0xF335,0xF356,0xE6D2,0xE6D2,0xD64E,0xD64E,
  0xCE0D,0xDE6F,0x8422,0x94C7,0x8C85,0x8000,0xB98B,0xC5EE,0x8842,0x0000,0x0000,0x0000,0x0000,0x0000,0x0000,0x0000,
  0x0000,0x0000,0x0000,0x0000,0x0000,0x0000,0x0000,0x0000,0x0000,0x0000,0x0000,0x0000,0x0000,0x0000,0x0000,0x0000,
  0x0000,0x0000,0x0000,0x0000,0x0000,0x0000,0x0000,0x0000,0x0000,0x0000,0x0000,0x0000,0x0000,0x0000,0x0000,0x0000,
  0x0000,0x0000,0x8422,0xE6F2,0xCE2D,0xEF14,0xF356,0xEF34,0xF777,0xEF14,0xF756,0xEF13,0xF356,0xE6D2,0xE291,0xD64E,
  0xDE90,0xD22D,0x8400,0x8421,0x8C85,0x94C7,0x9CC6,0xC1CC,0x9084,0x0000,0x0000,0x0000,0x0000,0x0000,0x0000,0x0000,
  0x0000,0x0000,0x0000,0x0000,0x0000,0x0000,0x0000,0x0000,0x0000,0x0000,0x0000,0x0000,0x0000,0x0000,0x0000,0x0000,
  0x0000,0x0000,0x0000,0x0000,0x0000,0x0000,0x0000,0x0000,0x0000,0x0000,0x0000,0x0000,0x0000,0x0000,0x0000,0x0000,
  0xCA10,0x8866,0x8886,0x8000,0xF756,0xF756,0xE291,0xF356,0xFB77,0xF757,0xFB77,0xEF13,0xF777,0xEF14,0xEAF3,0xE6D1,
  0xE6D2,0xDE90,0xC1AA,0x8022,0x8865,0x8CA8,0x8442,0xC1CD,0x8842,0x8000,0xDE92,0xCE2F,0x0000,0x0000,0x0000,0x0000,
  0x0000,0x0000,0x0000,0x0000,0x0000,0x0000,0x0000,0x0000,0x0000,0x0000,0x0000,0x0000,0x0000,0x0000,0x0000,0x0000,
  0x0000,0x0000,0x0000,0x0000,0x0000,0x0000,0x0000,0x0000,0x0000,0x0000,0x0000,0x0000,0x0000,0x0000,0x0000,0x0000,
  0xBDEF,0x88A7,0x8021,0xD22E,0xF336,0xDEB1,0xD670,0xF777,0xF777,0xF777,0xF777,0xF356,0xF777,0xFB77,0xEF14,0xEAF2,
  0xE6D1,0xEAF3,0xDE70,0x8421,0x8422,0x8864,0x88A7,0x8001,0x8000,0x8421,0x9084,0xEF37,0x0000,0x0000,0x0000,0x0000,
  0x0000,0x0000,0x0000,0x0000,0x0000,0x0000,0x0000,0x0000,0x0000,0x0000,0x0000,0x0000,0x0000,0x0000,0x0000,0x0000,
  0x0000,0x0000,0x0000,0x0000,0x0000,0x0000,0x0000,0x0000,0x0000,0x0000,0x0000,0x0000,0x0000,0x0000,0x0000,0xC60F,
  0xB18D,0x8CEB,0x8021,0xDA6F,0xA0C5,0x8420,0xE6D3,0xF777,0xF777,0xF756,0xFB77,0xF756,0xEF13,0xF777,0xF335,0xEB13,
  0xEAF3,0xEAF3,0xE6D2,0xC1CB,0x8421,0x8442,0x8CA8,0x8CCA,0x8000,0x8442,0x8421,0x98C5,0xDE92,0x0000,0x0000,0x0000,
  0x0000,0x0000,0x0000,0x0000,0x0000,0x0000,0x0000,0x0000,0x0000,0x0000,0x0000,0x0000,0x0000,0x0000,0x0000,0x0000,
  0x0000,0x0000,0x0000,0x0000,0x0000,0x0000,0x0000,0x0000,0x0000,0x0000,0x0000,0x0000,0x0000,0xE6F5,0xAD49,0x8421,
  0x90EA,0x952E,0x8CC9,0x8021,0x8843,0xD22E,0xF356,0xFB77,0xEF14,0xF756,0xF335,0xFB78,0xEAF3,0xFB77,0xFB77,0xEF14,
  0xF356,0xE2B1,0xEAF2,0xC9EC,0x8000,0x8422,0x90EB,0x950D,0x8886,0x8000,0x8842,0x98C6,0xDEB3,0x0000,0x0000,0x0000,
  0x0000,0x0000,0x0000,0x0000,0x0000,0x0000,0x0000,0x0000,0x0000,0x0000,0x0000,0x0000,0x0000,0x0000,0x0000,0x0000,
  0x0000,0x0000,0x0000,0x0000,0x0000,0x0000,0x0000,0x0000,0x0000,0x0000,0x0000,0x0000,0xEB16,0x98A5,0x8421,0x8000,
  0x8CA7,0x954F,0x910C,0x88A7,0x8442,0xDA6F,0xF356,0xF335,0xE6D2,0xF757,0xF334,0xFB77,0xFB77,0xFB77,0xFB78,0xEF13,
  0xF756,0xE6B1,0xB148,0xE6D2,0x8000,0x88A7,0x912D,0x90EA,0x8CC9,0x8001,0x8000,0xF779,0xCE30,0x0000,0x0000,0x0000,
  0x0000,0x0000,0x0000,0x0000,0x0000,0x0000,0x0000,0x0000,0x0000,0x0000,0x0000,0x0000,0x0000,0x0000,0x0000,0x0000,
  0x0000,0x0000,0x0000,0x0000,0x0000,0x0000,0x0000,0x0000,0x0000,0x0000,0x0000,0x0000,0xF358,0x8421,0x8842,0x8000,
  0x8CA8,0x8CC9,0x912E,0x9570,0x8CC8,0x8021,0xF334,0xDE90,0xC1CC,0xF777,0xEB13,0xF777,0xF778,0xEAF3,0xF356,0xF756,
  0xF356,0xEF14,0xCA0D,0x8000,0x8021,0x952E,0x910B,0x8CC9,0x8886,0x8000,0xFBBA,0xEF16,0xA929,0x0000,0x0000,0x0000,
  0x0000,0x0000,0x0000,0x0000,0x0000,0x0000,0x0000,0x0000,0x0000,0x0000,0x0000,0x0000,0x0000,0x0000,0x0000,0x0000,
  0x0000,0x0000,0x0000,0x0000,0x0000,0x0000,0x0000,0x0000,0x0000,0x0000,0x0000,0x0000,0xD230,0xCE0F,0x8400,0x8843,
  0x8886,0x90EB,0x8CEB,0x9970,0x910C,0x8001,0xE2D2,0xA907,0xCE0D,0xF777,0xF335,0xF777,0xF777,0xEAD2,0xF335,0xF356,
  0xEF35,0xF757,0xD22E,0x8021,0x90EA,0x954E,0x90EB,0x8CA7,0x8001,0x8000,0xF358,0xC610,0xAD4A,0xAD6A,0xD22F,0x0000,
  0x0000,0x0000,0x0000,0x0000,0x0000,0x0000,0x0000,0x0000,0x0000,0x0000,0x0000,0x0000,0x0000,0x0000,0x0000,0x0000,
  0x0000,0x0000,0x0000,0x0000,0x0000,0x0000,0x0000,0x0000,0x0000,0x0000,0x0000,0x0000,0xD671,0xF779,0xC5EE,0x8000,
  0x8443,0x90EB,0x952D,0x910B,0x9970,0x8D0C,0xD670,0x8421,0xD62E,0xF777,0xF777,0xF335,0xF777,0xF335,0xF335,0xF756,
  0xEAF3,0xF756,0xCE0D,0x8CA8,0x996F,0x90EB,0x8CA8,0x8864,0x8000,0xF357,0xD672,0xCE51,0x8000,0x8000,0xC5ED,0xEF37,
  0x0000,0x0000,0x0000,0x0000,0x0000,0x0000,0x0000,0x0000,0x0000,0x0000,0x0000,0x0000,0x0000,0x0000,0x0000,0x0000,
  0x0000,0x0000,0x0000,0x0000,0x0000,0x0000,0x0000,0x0000,0x0000,0x0000,0x0000,0x0000,0x8842,0xCE50,0xE2B2,0xFECB,
  0xEE49,0x8000,0x8CC9,0x952D,0x8CEB,0x954F,0x8D0C,0x8864,0x8000,0xF757,0xF757,0xEAF3,0xF356,0xF777,0xF335,0xF335,
  0xE2B1,0xE2B1,0x8001,0x954E,0x90EA,0x88A7,0x8422,0xD9E7,0xFEEB,0xC5ED,0xD250,0xC5EF,0x8421,0x8C63,0x8000,0xCA0E,
  0xDEB3,0xE2B3,0x0000,0x0000,0x0000,0x0000,0x0000,0x0000,0x0000,0x0000,0x0000,0x0000,0x0000,0x0000,0x0000,0x0000,
  0x0000,0x0000,0x0000,0x0000,0x0000,0x0000,0x0000,0x0000,0x0000,0x0000,0x0000,0xDA92,0xB98B,0xB58C,0xD271,0xA507,
  0xE1E4,0xFAA7,0x8000,0x90EB,0x954F,0x912D,0x9971,0x8CC9,0x8000,0xF335,0xDE90,0xEF14,0xF756,0xF777,0xEF14,0xF335,
  0x9484,0xCA0D,0x8CEA,0x9970,0x90EA,0x8000,0xF687,0xFEE9,0xB527,0xD672,0xCA0F,0xA928,0x8C63,0x9064,0x9CC6,0xE2D4,
  0xF358,0xEF37,0x8C62,0xEA26,0x0000,0x0000,0x0000,0x0000,0x0000,0x0000,0x0000,0x0000,0x0000,0x0000,0x0000,0x0000,
  0x0000,0x0000,0x0000,0x0000,0x0000,0x0000,0x0000,0x0000,0x90A5,0xEB15,0xEF16,0xD672,0x8421,0x8000,0xBDAD,0xB9AE,
  0x9D4D,0xC965,0xF688,0xD5E6,0x8CA7,0x912D,0x952D,0x956F,0x950B,0xA507,0x8841,0xF335,0xF356,0xF777,0xE6D2,0xEAF3,
  0x8000,0x9085,0x954E,0x8CC9,0x8001,0xF6C9,0xE205,0xC165,0xD251,0xCE51,0xBDCD,0x8001,0x9085,0x8442,0xD671,0xF358,
  0xF779,0x9CC5,0xEA25,0xFAC9,0xFACB,0xF6CA,0x0000,0x0000,0x0000,0x0000,0x0000,0x0000,0x0000,0x0000,0x0000,0x0000,
  0x0000,0x0000,0x0000,0x0000,0x0000,0x0000,0x99D0,0x92FA,0x954C,0xCA0D,0x8000,0xD251,0x8000,0x8842,0x8000,0xCA31,
  0x956E,0x9570,0xD5A5,0xFF0B,0x8421,0x90EA,0x910C,0x9970,0x9970,0x8443,0x8421,0xE6D2,0xF777,0xF777,0xD270,0xE6D2,
  0x88C8,0x9970,0x910B,0x8000,0xF688,0xEA25,0xAD68,0xD672,0xD672,0xBDCD,0x8000,0x8C64,0x8C64,0xBDCD,0xEB16,0xF358,
  0xE6D4,0x98C6,0x8C64,0xC985,0xC963,0x8001,0x8C63,0x0000,0x0000,0x0000,0x0000,0x0000,0x0000,0x0000,0x0000,0x0000,
  0x0000,0x0000,0x0000,0x0000,0x0000,0x91D1,0x9234,0xA37C,0x88E8,0x8422,0x8000,0xD671,0x8000,0x8C64,0x8843,0x9084,
  0xAD8E,0x996F,0x84A8,0xE605,0xEE46,0x8000,0x950C,0x952D,0x9970,0x910B,0x8021,0xE2D1,0xF756,0xF335,0xBDAB,0x9483,
  0x952C,0x994F,0x8CC8,0x8420,0xFB0D,0xD1A4,0xC632,0xD251,0xC1CD,0x8000,0x8C63,0x9085,0x8421,0xDA92,0xF357,0xF358,
  0xAD49,0xA109,0x9CE8,0x94A5,0x8421,0x958E,0x99F1,0x9508,0x0000,0x0000,0x0000,0x0000,0x0000,0x0000,0x0000,0x0000,
  0x0000,0x0000,0x0000,0x0000,0x8CA7,0x9612,0x9A54,0x9297,0x88E9,0x9084,0xA0E6,0xE6F5,0xDA72,0x8000,0x8C64,0x8442,
  0x8000,0xA16D,0x9D90,0xA927,0xFAA8,0x8000,0x8863,0x90EB,0x952D,0x996F,0x8886,0xA0E6,0xF777,0xEB14,0x9083,0x8CA7,
  0x952D,0x8CC9,0x8863,0xEE67,0xEA25,0xBD8A,0xC631,0xB5AD,0x8842,0x8C63,0x9085,0x8842,0xE6F5,0xF357,0xF357,0xEF37,
  0x9084,0x9CE8,0xA109,0x8422,0xA233,0xAEB6,0xAAB6,0x9A33,0x918E,0x0000,0x0000,0x0000,0x0000,0x0000,0x0000,0x0000,
  0x0000,0x0000,0x0000,0x8CA6,0xB56B,0x91B0,0x9613,0x91D0,0x90A6,0x8421,0xC1AC,0xEF57,0xDEB4,0x8421,0x9084,0x8842,
  0x8421,0x8C84,0x9D90,0x8CEB,0xE1E5,0x9882,0x8442,0x8443,0x910C,0x996F,0x8CC9,0x8000,0xEAF4,0xD24E,0x8864,0x952D,
  0x8CEA,0x8864,0x8400,0xFAC9,0xBD24,0xC610,0xB18C,0x8000,0x8843,0x9085,0x94A5,0x8842,0xF358,0xEB16,0xF358,0xDA92,
  0x98C7,0x98C7,0x9CE8,0x8D2B,0xAA95,0xB2D7,0xAA74,0x8C43,0x98C7,0xAD4B,0x0000,0x0000,0x0000,0x0000,0x0000,0x0000,
  0x0000,0x0000,0x0000,0xCA2F,0xC1CE,0x99D0,0x90C8,0x9CE8,0x98C8,0x8843,0xE2D4,0xF358,0xE6F5,0xCE2F,0x8842,0x9085,
  0x8C63,0x8001,0xA5B0,0x9990,0xE605,0xF267,0x8842,0x8843,0x8442,0x954E,0x9970,0x8000,0xF334,0x8000,0x8886,0x954E,
  0x8C86,0x8863,0x8000,0xFA86,0x98C6,0xC210,0x8842,0x8842,0x8C43,0x9084,0x8422,0xE6F4,0xF758,0xEB16,0xEB16,0x8842,
  0x9CE8,0x98C7,0x8C63,0x9A12,0xA274,0xA254,0x992B,0xA109,0xA94B,0xAD6C,0xA109,0x0000,0x0000,0x0000,0x0000,0x0000,
  0x0000,0x0000,0x0000,0xDEB3,0xD672,0x9064,0xA109,0x9486,0x98C7,0xC1CD,0xEF37,0xDEB3,0xF337,0xE2B3,0x98A4,0x9084,
  0x90A5,0x8C63,0x8000,0x996F,0x98A4,0xF687,0x8841,0x8C85,0x8C64,0x8885,0x9991,0x8CC9,0x8421,0x8000,0x950C,0x8CA8,
  0x8C85,0x8C84,0xD9A5,0xEA25,0xA9B1,0x8021,0x8C63,0x8C64,0x94A6,0x8C84,0xE2F5,0xF357,0xDEB3,0xF357,0xD250,0x8842,
  0x94A5,0x98C7,0x8C84,0x9E12,0x9A11,0x952B,0x9CC7,0xA92B,0x9CC8,0x98C7,0xA109,0xA109,0x0000,0x0000,0x0000,0x0000,
  0x0000,0x0000,0x0000,0xEB16,0xD672,0x8421,0xA109,0x98C7,0x94A6,0xB58B,0xF358,0xDEB3,0xF357,0xF358,0xDEB4,0x8842,
  0x94A6,0x9084,0x8C63,0x8422,0x8CC7,0xF687,0x8C41,0x8C64,0x90A6,0x8843,0x910C,0x912D,0x8021,0x8442,0x952D,0x8C86,
  0x90A6,0x8842,0xF266,0xEA05,0xA1AF,0x8421,0x8C64,0x94A6,0x94A6,0x8421,0xF337,0xF758,0xDE92,0xF357,0xDA2A,0xFF0B,
  0xB504,0x8C64,0x952B,0x99F1,0x8D4C,0x8843,0xA0E9,0xA109,0x9CE9,0x98C7,0x98C7,0xA0E9,0x0000,0x0000,0x0000,0x0000,
  0x0000,0x0000,0xD271,0xE6F5,0xEB16,0x8842,0x98C7,0x94A6,0x9085,0xB9AC,0xF358,0xE6F5,0xEF37,0xF779,0xE6F6,0x8000,
  0x8843,0x9086,0x8C64,0x8C64,0x8442,0xEE25,0x9CA2,0x8C64,0x9085,0x8C84,0x8886,0x996F,0x8021,0x992D,0x910C,0x8C64,
  0x9084,0x8841,0xF266,0xC565,0x8863,0x9085,0x98C7,0x98C7,0x90A5,0x98C6,0xF358,0xEF36,0xF357,0xEF16,0xDDC4,0xFACA,
  0xFAEA,0x8421,0x94C7,0x956D,0x8843,0x94A6,0x9CE8,0x8843,0x98C8,0x98C7,0x98C7,0x98C7,0x0000,0x0000,0x0000,0x0000,
  0x0000,0x0000,0xE6F5,0xD672,0xE6F5,0x8422,0x9485,0x94A5,0x8842,0xD671,0xF358,0xF779,0xDEB4,0xF778,0xF778,0xCE30,
  0x8842,0x9064,0x98C7,0x94C7,0x8C84,0xC165,0xEA25,0x8421,0x8C64,0x90A6,0x8442,0x954E,0x8022,0x952C,0x8CA7,0x9085,
  0x8C64,0xD1E6,0xD184,0x8842,0x94A5,0x98C7,0x94A6,0x9485,0x8422,0xEB16,0xF778,0xDA92,0xF778,0xDEB2,0xE1C3,0xEE46,
  0xF686,0x8000,0x94A7,0x94C7,0x9085,0x98C8,0x94A6,0x94A6,0x8863,0x98C8,0x98C7,0x98C7,0x9CE8,0x0000,0x0000,0x0000,
  0x0000,0x0000,0xE2D4,0xE2D4,0xE6F5,0xCA0F,0x8C64,0x94A5,0x8442,0xE6F4,0xF358,0xF378,0xD672,0xF358,0xF758,0xDE92,
  0x8842,0x94A6,0x9085,0x98C8,0x9084,0xEA06,0xFAC9,0xA4A2,0x8C64,0x94A7,0x9085,0x912C,0x8001,0x996F,0x8863,0x94A6,
  0x8C64,0xCDC7,0xE625,0x8C64,0x98C7,0x9085,0x98A7,0x98C7,0x8C63,0xF378,0xF758,0xD671,0xF336,0xDE92,0xF664,0xE5E4,
  0xFA87,0x8400,0x98C7,0x8C64,0x94A5,0x98C8,0x94A6,0x94A6,0x8843,0x98C8,0x98C7,0x98C7,0x98E8,0x0000,0x0000,0x0000,
  0x0000,0x0000,0xD672,0xE6D4,0xCE30,0xD671,0x8422,0x9085,0x8421,0xE6F5,0xF357,0xF358,0xE2B3,0xDE93,0xF358,0xE2D4,
  0x8842,0x94A6,0x94A6,0x9085,0x94C7,0xA506,0xF267,0xA4C2,0x8C63,0x90A6,0x94A6,0x8CA7,0x8021,0x9D6F,0x8C85,0x90A6,
  0x8021,0xFEEA,0xE604,0x98A7,0x98A7,0x94C6,0x98C7,0x8C64,0x8842,0xF758,0xEF36,0xD671,0xF358,0xDA92,0xACE2,0xACC2,
  0xE1E4,0x8000,0x94A7,0x8421,0x94A6,0x94A5,0x94A5,0x94A6,0x8C64,0x94A6,0x98C8,0x98C7,0x90A6,0x0000,0x0000,0x0000,
  0x0000,0x0000,0xD671,0xE2D4,0xD250,0xDE93,0x8000,0x9084,0xB9CC,0xEB16,0xE6F5,0xF358,0xF357,0xDA93,0xF358,0xEF57,
  0x8842,0x9085,0x98C7,0x9085,0x98C7,0xAD69,0xEA05,0xB102,0x8C63,0x9085,0x94A7,0x8864,0x8C42,0x950C,0x8C85,0x9085,
  0x8422,0xFAA8,0xD584,0x9CE8,0x98C7,0x98C7,0x94A6,0x9085,0xDA91,0xF758,0xDEB3,0xDEB3,0xEF37,0xDA92,0x8421,0x9085,
  0x8001,0x8843,0x8C64,0x9085,0x94A6,0x9085,0x9085,0x94A7,0x94A6,0x8C64,0x94A6,0x98A7,0x90A6,0x0000,0x0000,0x0000,
  0x0000,0x0000,0xD251,0xD251,0xDA92,0xDA93,0xC1CD,0x8842,0xB5AC,0xEB16,0xE6D5,0xF358,0xF358,0xDA92,0xEF37,0xE6F4,
  0x8421,0x9085,0x94A6,0x98C7,0x94C7,0xA949,0xEA27,0xB502,0x8842,0x9085,0x94A6,0x8C85,0x8C62,0x910B,0x8C64,0x9085,
  0x8421,0xFA88,0xD163,0x9CE9,0x98C7,0x98C7,0x9085,0x8C84,0xDE92,0xF358,0xDEB3,0xE2B3,0xDEB3,0xDE92,0x8421,0x90A5,
  0x94A5,0x8863,0x8422,0x8C64,0x9085,0x8C64,0x8C64,0x90A6,0x9085,0x8C64,0x94A6,0x94A6,0x90A5,0x0000,0x0000,0x0000,
  0x0000,0x0000,0x0000,0x0000,0x0000,0x0000,0x0000,0x0000,0x0000,0x0000,0x0000,0x0000,0x0000,0x0000,0x0000,0x0000,
  0x0000,0x0000,0x0000,0x0000,0x0000,0x0000,0x0000,0x0000,0x0000,0x0000,0x0000,0x0000,0x0000,0x0000,0x0000,0x0000,
  0x0000,0x0000,0x0000,0x0000,0x0000,0x0000,0x0000,0x0000,0x0000,0x0000,0x0000,0x0000,0x0000,0x0000,0x0000,0x0000,
  0x0000,0x0000,0x0000,0x0000,0x0000,0x0000,0x0000,0x0000,0x0000,0x0000,0x0000,0x0000,0x0000,0x0000,0x0000,0x0000,
  0x0000,0x0000,0x0000,0x0000,0x0000,0x0000,0x0000,0x0000,0x0000,0x0000,0x0000,0x0000,0x0000,0x0000,0x0000,0x0000,
  0x0000,0x0000,0x0000,0x0000,0x0000,0x0000,0x0000,0x0000,0x0000,0x0000,0x0000,0x0000,0x0000,0x0000,0x0000,0x0000,
  0x0000,0x0000,0x0000,0x0000,0x0000,0x0000,0x0000,0x0000,0x0000,0x0000,0x0000,0x0000,0x0000,0x0000,0x0000,0x0000,
  0x0000,0x0000,0x0000,0x0000,0x0000,0x0000,0x0000,0x0000,0x0000,0x0000,0x0000,0x0000,0x0000,0x0000,0x0000,0x0000,
 },
 {
  0x0000,0x0000,0x0000,0x0000,0x0000,0x0000,0x0000,0x0000,0x0000,0x0000,0x0000,0x0000,0x0000,0x0000,0x0000,0x0000,
  0x0000,0x0000,0x0000,0x0000,0x0000,0x0000,0x0000,0x0000,0x0000,0x0000,0x0000,0x0000,0x0000,0x0000,0x0000,0x0000,
  0x0000,0x0000,0x0000,0x0000,0x0000,0x0000,0x0000,0x0000,0x0000,0x0000,0x0000,0x0000,0x0000,0x0000,0x0000,0x0000,
  0x0000,0x0000,0x0000,0x0000,0x0000,0x0000,0x0000,0x0000,0x0000,0x0000,0x0000,0x0000,0x0000,0x0000,0x0000,0x0000,
  0x0000,0x0000,0x0000,0x0000,0x0000,0x0000,0x0000,0x0000,0x0000,0x0000,0x0000,0x0000,0x0000,0x0000,0x0000,0x0000,
  0x0000,0x0000,0x0000,0x0000,0x0000,0x0000,0x0000,0x0000,0x0000,0x0000,0x0000,0x0000,0x0000,0x0000,0x0000,0x0000,
  0x0000,0x0000,0x0000,0x0000,0x0000,0x0000,0x0000,0x0000,0x0000,0x0000,0x0000,0x0000,0x0000,0x0000,0x0000,0x0000,
  0x0000,0x0000,0x0000,0x0000,0x0000,0x0000,0x0000,0x0000,0x0000,0x0000,0x0000,0x0000,0x0000,0x0000,0x0000,0x0000,
  0x0000,0x0000,0x0000,0x0000,0x0000,0x0000,0x0000,0x0000,0x0000,0x0000,0x0000,0x0000,0x0000,0x0000,0x0000,0x0000,
  0x0000,0x0000,0x0000,0x0000,0x0000,0x0000,0x0000,0x0000,0x0000,0x0000,0x0000,0x0000,0x0000,0x0000,0x0000,0x0000,
  0x0000,0x0000,0x0000,0x0000,0x0000,0x0000,0x0000,0x0000,0x0000,0x0000,0x0000,0x0000,0x0000,0x0000,0x0000,0x0000,
  0x0000,0x0000,0x0000,0x0000,0x0000,0x0000,0x0000,0x0000,0x0000,0x0000,0x0000,0x0000,0x0000,0x0000,0x0000,0x0000,
  0x0000,0x0000,0x0000,0x0000,0x0000,0x0000,0x0000,0x0000,0x0000,0x0000,0x0000,0x0000,0x0000,0x0000,0x0000,0x0000,
  0x0000,0x0000,0x0000,0x0000,0x0000,0x0000,0x0000,0x0000,0x0000,0x0000,0x0000,0x0000,0x0000,0x0000,0x0000,0x0000,
  0x0000,0x0000,0x0000,0x0000,0x0000,0x0000,0x0000,0x0000,0x0000,0x0000,0x0000,0x0000,0x0000,0x0000,0x0000,0x0000,
  0x0000,0x0000,0x0000,0x0000,0x0000,0x0000,0x0000,0x0000,0x0000,0x0000,0x0000,0x0000,0x0000,0x0000,0x0000,0x0000,
  0x0000,0x0000,0x0000,0x0000,0x0000,0x0000,0x0000,0x0000,0x0000,0x0000,0x0000,0x0000,0x0000,0x0000,0x0000,0x0000,
  0x0000,0x0000,0x0000,0x0000,0x0000,0x0000,0x0000,0x0000,0x0000,0x0000,0x0000,0x0000,0x0000,0xE27D,0xC9BC,0x0000,
  0x0000,0x0000,0x0000,0x0000,0x0000,0x0000,0x0000,0x0000,0x0000,0x0000,0x0000,0x0000,0x0000,0x0000,0x0000,0x0000,
  0x0000,0x0000,0x0000,0x0000,0x0000,0x0000,0x0000,0x0000,0x0000,0x0000,0x0000,0x0000,0x0000,0x0000,0x0000,0x0000,
  0x0000,0x0000,0x0000,0x0000,0x0000,0x0000,0x0000,0x0000,0x0000,0x0000,0x0000,0x0000,0x0000,0x0000,0x0000,0x0000,
  0x0000,0x0000,0x0000,0x0000,0x0000,0x0000,0x0000,0x0000,0x0000,0x0000,0x0000,0x0000,0xB53A,0xE27D,0xC17A,0xD1FD,
  0x0000,0x0000,0x0000,0x0000,0x0000,0x0000,0x0000,0x0000,0x0000,0x0000,0x0000,0x0000,0x0000,0x0000,0x0000,0x0000,
  0x0000,0x0000,0x0000,0x0000,0x0000,0x0000,0x0000,0x0000,0x0000,0x0000,0x0000,0x0000,0x0000,0x0000,0x0000,0x0000,
  0x0000,0x0000,0x0000,0x0000,0x0000,0x0000,0x0000,0x0000,0x0000,0x0000,0x0000,0x0000,0x0000,0x0000,0x0000,0x0000,
  0x0000,0x0000,0x0000,0x0000,0x0000,0x0000,0x0000,0x0000,0x0000,0x0000,0x0000,0x0000,0xA4F4,0x9CB3,0xC59B,0xC57A,
  0xC59A,0xDA3C,0x0000,0x0000,0x0000,0x0000,0x0000,0x0000,0x0000,0x0000,0x0000,0x0000,0x0000,0x0000,0x0000,0x0000,
  0x0000,0x0000,0x0000,0x0000,0x0000,0x0000,0x0000,0x0000,0x0000,0x0000,0x0000,0x0000,0x0000,0x0000,0x0000,0x0000,
  0x0000,0x0000,0x0000,0x0000,0x0000,0x0000,0x0000,0x0000,0x0000,0x0000,0x0000,0x0000,0x0000,0x0000,0x0000,0x0000,
  0x0000,0x0000,0x0000,0x0000,0x0000,0x0000,0x0000,0x0000,0x0000,0x0000,0x0000,0xB53B,0xA0F4,0xA4F5,0xC9BB,0xC9BB,
  0xD1DC,0xD1DC,0xE6BD,0x0000,0x0000,0x0000,0x0000,0x0000,0x0000,0x0000,0x0000,0x0000,0x0000,0x0000,0x0000,0x0000,
  0x0000,0x0000,0x0000,0x0000,0x0000,0x0000,0x0000,0x0000,0x0000,0x0000,0x0000,0x0000,0x0000,0x0000,0x0000,0x0000,
  0x0000,0x0000,0x0000,0x0000,0x0000,0x0000,0x0000,0x0000,0x0000,0x0000,0x0000,0x0000,0x0000,0x0000,0x0000,0x0000,
  0x0000,0x0000,0x0000,0x0000,0xC9BC,0x0000,0x0000,0x0000,0x0000,0x0000,0xB137,0xA4F6,0xA0F5,0xA917,0xE27D,0xCDDC,
  0xD1FC,0xDE3D,0xDE1D,0xEAFC,0x0000,0x0000,0x0000,0x0000,0x0000,0x0000,0x0000,0x0000,0x0000,0x0000,0x0000,0x0000,
  0x0000,0x0000,0x0000,0x0000,0x0000,0x0000,0x0000,0x0000,0x0000,0x0000,0x0000,0x0000,0x0000,0x0000,0x0000,0x0000,
  0x0000,0x0000,0x0000,0x0000,0x0000,0x0000,0x0000,0x0000,0x0000,0x0000,0x0000,0x0000,0x0000,0x0000,0x0000,0x0000,
  0x0000,0x0000,0x0000,0xA557,0xB958,0xBD79,0xD61C,0x0000,0x0000,0x0000,0xBD7C,0xA557,0xA557,0xA937,0xEAFD,0xDE3D,
  0xDA1D,0xDE3D,0xEEDE,0xF77D,0xCE98,0x0000,0x0000,0x0000,0x0000,0x0000,0x0000,0x0000,0x0000,0x0000,0x0000,0x0000,
  0x0000,0x0000,0x0000,0x0000,0x0000,0x0000,0x0000,0x0000,0x0000,0x0000,0x0000,0x0000,0x0000,0x0000,0x0000,0x0000,
  0x0000,0x0000,0x0000,0x0000,0x0000,0x0000,0x0000,0x0000,0x0000,0x0000,0x0000,0x0000,0x0000,0x0000,0x0000,0x0000,
  0x0000,0x0000,0x0000,0xAD38,0xA0D3,0xD1DC,0xC57A,0xDA3C,0x0000,0x0000,0xB95B,0xA157,0xA537,0xB138,0xBD5A,0xE25D,
  0xDE3D,0xEABD,0xEABE,0xFB7C,0xDE7E,0x0000,0x0000,0x0000,0x0000,0x0000,0x0000,0x0000,0x0000,0x0000,0x0000,0x0000,
  0x0000,0x0000,0x0000,0x0000,0x0000,0x0000,0x0000,0x0000,0x0000,0x0000,0x0000,0x0000,0x0000,0x0000,0x0000,0x0000,
  0x0000,0x0000,0x0000,0x0000,0x0000,0x0000,0x0000,0x0000,0x0000,0x0000,0x0000,0x0000,0x0000,0x0000,0x0000,0x0000,
  0x0000,0x0000,0x0000,0xB139,0xA4F5,0xA4F5,0xD61C,0xE2BD,0xB95A,0xA514,0xB539,0xA537,0xAD38,0xB138,0xB539,0xF31E,
  0xEABD,0xEEDD,0xFF9C,0xC17A,0xC17A,0xCA19,0x0000,0x0000,0x0000,0xDE5D,0x0000,0x0000,0x0000,0x0000,0x0000,0x0000,
  0x0000,0x0000,0x0000,0x0000,0x0000,0x0000,0x0000,0x0000,0x0000,0x0000,0x0000,0x0000,0x0000,0x0000,0x0000,0x0000,
  0x0000,0x0000,0x0000,0x0000,0x0000,0x0000,0x0000,0x0000,0x0000,0x0000,0x0000,0x0000,0x0000,0x0000,0x0000,0x0000,
  0x0000,0x0000,0x0000,0xB55A,0xA917,0xA4D6,0xF37D,0xC9FB,0xB97A,0xA4F2,0xB559,0xB579,0xB138,0xB179,0xBD9A,0xF33D,
  0xEEFD,0xFB7C,0xC9DC,0xC19A,0xC59A,0xC1BA,0x0000,0x0000,0xCE1C,0xE25D,0x0000,0x0000,0x0000,0x0000,0x0000,0x0000,
  0x0000,0x0000,0x0000,0x0000,0x0000,0x0000,0x0000,0x0000,0x0000,0x0000,0x0000,0x0000,0x0000,0x0000,0x0000,0x0000,
  0x0000,0x0000,0x0000,0x0000,0x0000,0x0000,0x0000,0x0000,0x0000,0x0000,0x0000,0x0000,0x0000,0x0000,0x0000,0x0000,
  0x0000,0x0000,0x0000,0xB95C,0xA59A,0xA5BB,0xFFDE,0xD21C,0xC19A,0xA4F2,0xBD7A,0xB979,0xB979,0xB959,0xC59B,0xE27C,
  0xFB5B,0xDA5A,0xC59B,0xC17A,0xC59B,0xD1DD,0x0000,0x0000,0xB979,0xE27E,0x0000,0x0000,0x0000,0x0000,0x0000,0x0000,
  0x0000,0x0000,0x0000,0x0000,0x0000,0x0000,0x0000,0x0000,0x0000,0x0000,0x0000,0x0000,0x0000,0x0000,0x0000,0x0000,
  0x0000,0x0000,0x0000,0x0000,0x0000,0x0000,0x0000,0x0000,0x0000,0x0000,0x0000,0x0000,0x0000,0x0000,0x0000,0x0000,
  0x0000,0x0000,0x0000,0xB5DC,0xB1BB,0xA979,0xB538,0xD1FC,0xB138,0xA4F2,0xC9BC,0xB97A,0xB979,0xC99A,0xDE7C,0xB977,
  0xB555,0xCDBC,0xCDBC,0xC59B,0xC9BC,0xD5FD,0xB5B6,0xB538,0xA4F7,0xDE3D,0xC9DA,0x0000,0x0000,0x0000,0x0000,0x0000,
  0x0000,0x0000,0x0000,0x0000,0x0000,0x0000,0x0000,0x0000,0x0000,0x0000,0x0000,0x0000,0x0000,0x0000,0x0000,0x0000,
  0x0000,0x0000,0x0000,0x0000,0x0000,0x0000,0x0000,0x0000,0x0000,0x0000,0x0000,0x0000,0x0000,0x0000,0x0000,0xE25D,
  0xD63D,0x0000,0x0000,0xB978,0xAD7A,0xAD38,0xAD37,0xD5FC,0xAD17,0xA0F1,0xC9BB,0xC19B,0xC9BB,0xCDDC,0xC5D9,0x9CD2,
  0x9CB1,0xDA3C,0xCDDC,0xD1FC,0xC9BB,0xD1FC,0xC1D8,0x9490,0xAD7A,0xE73B,0xD61C,0x0000,0x0000,0x0000,0x0000,0x0000,
  0x0000,0x0000,0x0000,0x0000,0x0000,0x0000,0x0000,0x0000,0x0000,0x0000,0x0000,0x0000,0x0000,0x0000,0x0000,0x0000,
  0x0000,0x0000,0x0000,0x0000,0x0000,0x0000,0x0000,0x0000,0x0000,0x0000,0x0000,0x0000,0x0000,0x0000,0xB537,0xB959,
  0xC99B,0xDE5D,0xB977,0xB156,0xBD9B,0xAD38,0xA917,0xD5FD,0x948F,0xA513,0xC9BB,0xCDBB,0xCDBB,0xE69D,0xA0D2,0x9CB2,
  0x9CB1,0xF73D,0xDA1D,0xD1FC,0xD5FC,0xD5FC,0xDA9D,0x906F,0xB95A,0xF39E,0xCDFC,0x0000,0x0000,0x0000,0x0000,0x0000,
  0x0000,0x0000,0x0000,0x0000,0x0000,0x0000,0x0000,0x0000,0x0000,0x0000,0x0000,0x0000,0x0000,0x0000,0x0000,0x0000,
  0x0000,0x0000,0x0000,0x0000,0x0000,0x0000,0x0000,0x0000,0x0000,0x0000,0x0000,0x0000,0x0000,0x0000,0xB558,0xA4F5,
  0xEEDE,0xCDDB,0xCDDB,0xDA3C,0xF2FF,0x908D,0xAD17,0xBD7A,0xA4D4,0x9CB2,0xDA1D,0xD1BC,0xE27D,0xA8F6,0x9CD2,0x9CB2,
  0x9CB1,0xF31D,0xDA3D,0xDA3E,0xD27E,0xD61D,0xE29D,0xB117,0x8C4D,0xDA5D,0xCADD,0x0000,0x0000,0x0000,0x0000,0x0000,
  0x0000,0x0000,0x0000,0x0000,0x0000,0x0000,0x0000,0x0000,0x0000,0x0000,0x0000,0x0000,0x0000,0x0000,0x0000,0x0000,
  0x0000,0x0000,0x0000,0x0000,0x0000,0x0000,0x0000,0x0000,0x0000,0x0000,0x0000,0x0000,0x0000,0x0000,0xB557,0xA516,
  0xA4F6,0xC9BA,0xE25D,0xDE3B,0xDA1C,0x98AF,0xAD17,0x9CB1,0xA915,0xA8F4,0xBD99,0xF31E,0xB537,0xA4F5,0xA4F5,0xA0D3,
  0xA4F5,0xFB7D,0xE27E,0xDA1E,0xD63E,0xDA3D,0xE2DD,0xE29D,0x9CB2,0xCE1D,0xBE1D,0x0000,0x0000,0x0000,0x0000,0x0000,
  0x0000,0x0000,0x0000,0x0000,0x0000,0x0000,0x0000,0x0000,0x0000,0x0000,0x0000,0x0000,0x0000,0x0000,0x0000,0x0000,
  0x0000,0x0000,0x0000,0x0000,0x0000,0x0000,0x0000,0x0000,0x0000,0x0000,0x0000,0x0000,0x0000,0x0000,0xB579,0xA938,
  0xA959,0xFB9E,0xE27C,0xD5FC,0xD1FC,0xEEDE,0x9490,0xA0D2,0xAD16,0xAD15,0x9CB2,0xCDDB,0xB959,0xAD37,0xA4F6,0xA916,
  0xA4F6,0xEAFC,0xEADD,0xE27E,0xDE5D,0xDE7D,0xE2FD,0xE69C,0xB516,0xB579,0xC1FC,0xBDB8,0xD1DC,0x0000,0x0000,0x0000,
  0x0000,0x0000,0x0000,0x0000,0x0000,0x0000,0x0000,0x0000,0x0000,0x0000,0x0000,0x0000,0x0000,0x0000,0x0000,0x0000,
  0x0000,0x0000,0x0000,0x0000,0x0000,0x0000,0x0000,0x0000,0x0000,0x0000,0x0000,0x0000,0x0000,0x0000,0x0000,0xA9BB,
  0xA579,0xA0F4,0xFF9F,0xE27D,0xD5FD,0xD1FC,0x8C4D,0xA4F5,0xAD37,0xB137,0xB137,0x9892,0xCDDC,0xB159,0xA979,0xA917,
  0xA917,0xBD5A,0xF77C,0xE69E,0xE27E,0xE27D,0xE71C,0xB558,0xBD99,0x98D3,0x98D1,0xC17B,0xDE1D,0x0000,0x0000,0x0000,
  0x0000,0x0000,0x0000,0x0000,0x0000,0x0000,0x0000,0x0000,0x0000,0x0000,0x0000,0x0000,0x0000,0x0000,0x0000,0x0000,
  0x0000,0x0000,0x0000,0x0000,0x0000,0x0000,0x0000,0x0000,0x0000,0x0000,0x0000,0x0000,0x0000,0x0000,0x0000,0xB55B,
  0xA0F5,0x9CD3,0xCE1C,0xEABC,0xEADC,0xD1FC,0xB137,0xA0D3,0xB537,0xB137,0xB958,0xA4D4,0xE27D,0xB97A,0xB159,0xA938,
  0xA97A,0xB559,0xEF7C,0xE33E,0xDF1D,0xE67D,0xDA7C,0xBD7A,0xB938,0x9CB1,0xA0D2,0xC59B,0xE27D,0x0000,0x0000,0x0000,
  0x0000,0x0000,0x0000,0x0000,0x0000,0x0000,0x0000,0x0000,0x0000,0x0000,0x0000,0x0000,0x0000,0x0000,0x0000,0x0000,
  0x0000,0x0000,0x0000,0x0000,0x0000,0x0000,0x0000,0x0000,0x0000,0x0000,0x0000,0x0000,0x0000,0x0000,0x0000,0xBD9C,
  0xAD59,0x9CD4,0xA0D4,0xBD99,0xD21B,0xEABD,0x906E,0xB137,0xC5B9,0xC5BA,0xC9DA,0xB537,0xA0B3,0xC9BC,0xB97A,0xAD9A,
  0xAD79,0xB55A,0xE71D,0xDE5E,0xDA7D,0xE31D,0xC199,0xC9BB,0xD1FC,0xB117,0xBD9A,0xDA5D,0xDE1B,0x0000,0x0000,0x0000,
  0x0000,0x0000,0x0000,0x0000,0x0000,0x0000,0x0000,0x0000,0x0000,0x0000,0x0000,0x0000,0x0000,0x0000,0x0000,0x0000,
  0x0000,0x0000,0x0000,0x0000,0x0000,0x0000,0x0000,0x0000,0x0000,0x0000,0x0000,0x0000,0x0000,0x0000,0x0000,0x0000,
  0xB95D,0xA515,0x9CD3,0xB977,0xD1FC,0xDE7D,0xA4F4,0x948F,0x948E,0xA0B1,0xB557,0xD61D,0xA4D4,0xDA3D,0xB97A,0xB19A,
  0xB1BA,0xB97A,0xEB1E,0xDE5E,0xDE7E,0xD25C,0xD1FB,0xDA1B,0xA0D2,0x988F,0xB577,0xEF1C,0xB978,0x0000,0x0000,0x0000,
  0x0000,0x0000,0x0000,0x0000,0x0000,0x0000,0x0000,0x0000,0x0000,0x0000,0x0000,0x0000,0x0000,0x0000,0x0000,0x0000,
  0x0000,0x0000,0x0000,0x0000,0x0000,0x0000,0x0000,0x0000,0x0000,0x0000,0x0000,0x0000,0x0000,0x0000,0xC9DA,0x0000,
  0x0000,0xB15B,0xAD38,0xA537,0xCDFC,0xA4F3,0x988E,0x948E,0x906C,0x948E,0x948C,0x946B,0xAD14,0xC9FA,0xC59A,0xB99B,
  0xB5BB,0xB9BB,0xDF3E,0xDE3D,0xD6DD,0xC599,0xA0B2,0x98AE,0x988E,0x98AE,0xB557,0xD1BC,0x0000,0x0000,0x0000,0x0000,
  0x0000,0x0000,0x0000,0x0000,0x0000,0x0000,0x0000,0x0000,0x0000,0x0000,0x0000,0x0000,0x0000,0x0000,0x0000,0x0000,
  0x0000,0x0000,0x0000,0x0000,0x0000,0x0000,0x0000,0x0000,0x0000,0x0000,0x0000,0x0000,0x0000,0x0000,0xAD36,0xD61E,
  0xC5FB,0x8C8F,0xA57A,0xA538,0xC17B,0x98B1,0x98B1,0x8000,0x8002,0x8C47,0x8C64,0x8000,0x948F,0x9490,0xCDFC,0xBD9A,
  0xBA1C,0xBE1C,0xD71E,0xDA1D,0xC9FA,0x986E,0x8000,0x9068,0x8001,0x904B,0xC599,0xD5FD,0x0000,0x0000,0x0000,0x0000,
  0x0000,0x0000,0x0000,0x0000,0x0000,0x0000,0x0000,0x0000,0x0000,0x0000,0x0000,0x0000,0x0000,0x0000,0x0000,0x0000,
  0x0000,0x0000,0x0000,0x0000,0x0000,0x0000,0x0000,0x0000,0x0000,0x0000,0x0000,0x0000,0x0000,0x0000,0x0000,0xB95B,
  0xD5FC,0xD1DC,0x9890,0xB97A,0xAD38,0xA0D3,0x9890,0x8000,0x9487,0x9870,0xFBDE,0x8823,0x8000,0x948D,0xB536,0xCDDC,
  0xBDFB,0xC1DB,0xCEBE,0xE29E,0xA4B2,0x8000,0xB636,0xEA18,0x98A8,0x9890,0xCDFC,0xB5B6,0x0000,0x0000,0x0000,0x0000,
  0x0000,0x0000,0x0000,0x0000,0x0000,0x0000,0x0000,0x0000,0x0000,0x0000,0x0000,0x0000,0x0000,0x0000,0x0000,0x0000,
  0x0000,0x0000,0x0000,0x0000,0x0000,0x0000,0x0000,0x0000,0x0000,0x0000,0x0000,0x0000,0x0000,0x0000,0x0000,0xB559,
  0xD67C,0xC99B,0x988F,0xA0D1,0xB137,0xA4D3,0xAD16,0xA4F4,0x8001,0xA930,0x98EB,0x8423,0x8000,0x98AE,0x98B0,0xD61C,
  0xCDFC,0xC61C,0xCAFE,0xDADD,0x8404,0x8C43,0x9088,0xB14C,0x8000,0x9CB0,0xBD5A,0x0000,0x0000,0x0000,0x0000,0x0000,
  0x0000,0x0000,0x0000,0x0000,0x0000,0x0000,0x0000,0x0000,0x0000,0x0000,0x0000,0x0000,0x0000,0x0000,0x0000,0x0000,
  0x0000,0x0000,0x0000,0x0000,0x0000,0x0000,0x0000,0x0000,0x0000,0x0000,0x0000,0x0000,0x0000,0x0000,0x0000,0xB95B,
  0xB15A,0xD69C,0xCDDD,0x98AE,0xA0D2,0xBD79,0xB558,0xBD79,0xACF5,0x8000,0x8001,0x8001,0x946A,0x8422,0x9CB1,0xBD78,
  0xDE3D,0xCDFC,0xCEFE,0xC9BC,0x8000,0x8422,0x8421,0x8000,0xACF4,0x9CB1,0xC59B,0x0000,0x0000,0x0000,0x0000,0x0000,
  0x0000,0x0000,0x0000,0x0000,0x0000,0x0000,0x0000,0x0000,0x0000,0x0000,0x0000,0x0000,0x0000,0x0000,0x0000,0x0000,
  0x0000,0x0000,0x0000,0x0000,0x0000,0x0000,0x0000,0x0000,0x0000,0x0000,0x0000,0x0000,0x0000,0x0000,0x0000,0x0000,
  0xB97B,0xA937,0xDE9E,0xA914,0xA0D3,0xA0F3,0xBD78,0xC59A,0xD1DC,0xC59A,0xB557,0xAD16,0xA4F3,0x98AF,0xA0D2,0xAD14,
  0xE27E,0xD63D,0xE33D,0xC19B,0x9CB0,0xAD15,0xB557,0xB957,0xC9DA,0xA0B3,0xC5DB,0x0000,0x0000,0x0000,0x0000,0x0000,
  0x0000,0x0000,0x0000,0x0000,0x0000,0x0000,0x0000,0x0000,0x0000,0x0000,0x0000,0x0000,0x0000,0x0000,0x0000,0x0000,
  0x0000,0x0000,0x0000,0x0000,0x0000,0x0000,0x0000,0x0000,0x0000,0x0000,0x0000,0x0000,0x0000,0x0000,0x0000,0x0000,
  0x0000,0xB55A,0xA939,0x9CF4,0x9490,0x948D,0x9CB1,0xD1FD,0xEEDC,0xDE5D,0xC59A,0xC19A,0xB136,0xA8F4,0xA4D3,0xA4D3,
  0xE69E,0xDE5D,0xEB3D,0xB117,0xB536,0xB537,0xC59A,0xD1DB,0xDEBC,0xBD7B,0x0000,0x0000,0x0000,0x0000,0x0000,0x0000,
  0x0000,0x0000,0x0000,0x0000,0x0000,0x0000,0x0000,0x0000,0x0000,0x0000,0x0000,0x0000,0x0000,0x0000,0x0000,0x0000,
  0x0000,0x0000,0x0000,0x0000,0x0000,0x0000,0x0000,0x0000,0x0000,0x0000,0x0000,0x0000,0x0000,0x0000,0x0000,0x0000,
  0x0000,0x0000,0xB57B,0xA158,0x906C,0xA0D2,0x948E,0x98B1,0xF77D,0xDA1C,0xC5BB,0xBD79,0xAD15,0xB957,0xB137,0xA8F4,
  0xC9DB,0xE25D,0xF37D,0xA8D6,0xC178,0xB537,0xB958,0xDA5C,0xA516,0xB5DB,0x0000,0x0000,0x0000,0x0000,0x0000,0x0000,
  0x0000,0x0000,0x0000,0x0000,0x0000,0x0000,0x0000,0x0000,0x0000,0x0000,0x0000,0x0000,0x0000,0x0000,0x0000,0x0000,
  0x0000,0x0000,0x0000,0x0000,0x0000,0x0000,0x0000,0x0000,0x0000,0x0000,0x0000,0x0000,0x0000,0x0000,0x0000,0x0000,
  0x0000,0x0000,0xAD77,0xB158,0x9CB1,0xAD17,0x9890,0x9890,0xA914,0xDA3C,0xB978,0xB958,0xB557,0xB958,0xB136,0xB116,
  0xBD79,0xDE3D,0xF77D,0xB518,0xBD79,0xBD78,0xB958,0xD61B,0xA116,0x0000,0x0000,0x0000,0x0000,0x0000,0x0000,0x0000,
  0x0000,0x0000,0x0000,0x0000,0x0000,0x0000,0x0000,0x0000,0x0000,0x0000,0x0000,0x0000,0x0000,0x0000,0x0000,0x0000,
  0x0000,0x0000,0x0000,0x0000,0x0000,0x0000,0x0000,0x0000,0x0000,0x0000,0x0000,0x0000,0x0000,0x0000,0x0000,0x0000,
  0x0000,0x0000,0x8C64,0x8864,0x8002,0xC19B,0xA0D4,0x948F,0x9890,0xA4F4,0xC19A,0xB978,0xC199,0xB958,0xBD79,0xAD16,
  0xAD16,0xEABD,0xE6BC,0xC179,0xC199,0xC179,0xC9DB,0x9D16,0xB23C,0x0000,0x0000,0x0000,0x0000,0x0000,0x0000,0x0000,
  0x0000,0x0000,0x0000,0x0000,0x0000,0x0000,0x0000,0x0000,0x0000,0x0000,0x0000,0x0000,0x0000,0x0000,0x0000,0x0000,
  0x0000,0x0000,0x0000,0x0000,0x0000,0x0000,0x0000,0x0000,0x0000,0x0000,0x0000,0x0000,0x0000,0x0000,0x0000,0x0000,
  0x9CC7,0x8C64,0x8000,0x8000,0x8000,0xB139,0xA4F4,0x9CB1,0xA4D3,0x9CB1,0xCDDC,0xB979,0xB978,0xB958,0xBD79,0xC199,
  0xB137,0xC5B9,0xD1FB,0xC199,0xC599,0xBD78,0xB979,0xA19A,0xC25C,0x0000,0x0000,0x0000,0x0000,0x0000,0x0000,0x0000,
  0x0000,0x0000,0x0000,0x0000,0x0000,0x0000,0x0000,0x0000,0x0000,0x0000,0x0000,0x0000,0x0000,0x0000,0x0000,0x0000,
  0x0000,0x0000,0x0000,0x0000,0x0000,0x0000,0x0000,0x0000,0x0000,0x0000,0x0000,0x0000,0x0000,0x0000,0xA52A,0x9CC7,
  0x8422,0x8000,0x8000,0x8000,0x8000,0xAD79,0xBD7A,0xA4F5,0xA0D3,0x9CD2,0xBD79,0xC179,0xB978,0xC199,0xC199,0xC179,
  0xBD79,0xC17A,0xC9BA,0xC199,0xC199,0xC199,0xB558,0xADDA,0x8844,0x0000,0x0000,0x0000,0x0000,0x0000,0x0000,0x0000,
  0x0000,0x0000,0x0000,0x0000,0x0000,0x0000,0x0000,0x0000,0x0000,0x0000,0x0000,0x0000,0x0000,0x0000,0x0000,0x0000,
  0x0000,0x0000,0x0000,0x0000,0x0000,0x0000,0x0000,0x0000,0x0000,0x0000,0x0000,0x0000,0x0000,0xA94A,0x9085,0x8000,
  0x8421,0x8421,0x8000,0x8000,0x8000,0x8000,0xC23D,0xAD17,0xA116,0xA115,0xA0D4,0xC199,0xC199,0xC199,0xC5BA,0xCDBB,
  0xC9BA,0xE27D,0xC5BA,0xC199,0xC179,0xC199,0xAA3A,0xC29E,0x8001,0x9084,0x9CE8,0x0000,0x0000,0x0000,0x0000,0x0000,
  0x0000,0x0000,0x0000,0x0000,0x0000,0x0000,0x0000,0x0000,0x0000,0x0000,0x0000,0x0000,0x0000,0x0000,0x0000,0x0000,
  0x0000,0x0000,0x0000,0x0000,0x0000,0x0000,0x0000,0x0000,0x0000,0x0000,0x0000,0x0000,0x0000,0xBDCF,0x98C7,0x8000,
  0x8422,0x8421,0x8000,0x8000,0x8000,0x8843,0x8000,0xB9BB,0xB97A,0xA557,0xA0D3,0xC199,0xC199,0xB958,0x8C48,0x8C48,
  0x908A,0x9089,0x9069,0x8C48,0xC179,0xB979,0xAE3B,0x9CCE,0x8000,0x8000,0x8C43,0xA94B,0x98A7,0x0000,0x0000,0x0000,
  0x0000,0x0000,0x0000,0x0000,0x0000,0x0000,0x0000,0x0000,0x0000,0x0000,0x0000,0x0000,0x0000,0x0000,0x0000,0x0000,
  0x0000,0x0000,0x0000,0x0000,0x0000,0x0000,0x0000,0x0000,0x0000,0x0000,0x0000,0x0000,0x0000,0xA509,0xB5AD,0x8C64,
  0x8000,0x8421,0x8C64,0x8842,0x8000,0x8C44,0x9067,0x8000,0x9D53,0xC1FD,0xAD17,0xA4F6,0xBD79,0xBD99,0xBD79,0xBD79,
  0xC19A,0xC19A,0xBD79,0xBD78,0xC199,0xB29C,0x9428,0x8000,0x8000,0x8422,0x8421,0x8000,0x9084,0xA0E8,0x0000,0x0000,
  0x0000,0x0000,0x0000,0x0000,0x0000,0x0000,0x0000,0x0000,0x0000,0x0000,0x0000,0x0000,0x0000,0x0000,0x0000,0x0000,
  0x0000,0x0000,0x0000,0x0000,0x0000,0x0000,0x0000,0x0000,0x0000,0x0000,0x0000,0x0000,0x0000,0x98C7,0xA92A,0xA94A,
  0x8000,0x8C64,0x8842,0x8422,0x8000,0x8822,0x988C,0x8843,0x8000,0x8C8B,0xC9FC,0xAD17,0xC199,0xBD79,0xBD79,0xBD79,
  0xB117,0xC199,0xBD78,0xC178,0xC199,0xAA1B,0x8000,0x8000,0x8000,0x8421,0x8422,0x8000,0x8000,0xB58D,0x0000,0x0000,
  0x0000,0x0000,0x0000,0x0000,0x0000,0x0000,0x0000,0x0000,0x0000,0x0000,0x0000,0x0000,0x0000,0x0000,0x0000,0x0000,
  0x0000,0x0000,0x0000,0x0000,0x0000,0x0000,0x0000,0x0000,0x0000,0x0000,0x0000,0x0000,0x94A5,0x98C7,0x98C7,0xB16C,
  0xAD4B,0x8000,0x8842,0x8000,0x8000,0x8843,0x988B,0x9046,0x8421,0x8000,0x8423,0xC61D,0xBD99,0xBD79,0xBD79,0xC5BA,
  0xCDBB,0xF35D,0xC178,0xBD58,0xBE1E,0x8000,0x8000,0x8843,0x8843,0x8000,0x8421,0x8000,0x8000,0xB58D,0x0000,0x0000,
  0x0000,0x0000,0x0000,0x0000,0x0000,0x0000,0x0000,0x0000,0x0000,0x0000,0x0000,0x0000,0x0000,0x0000,0x0000,0x0000,
  0x0000,0x0000,0x0000,0x0000,0x0000,0x0000,0x0000,0x0000,0x0000,0x0000,0x0000,0x0000,0x9CE8,0x98A7,0x94A6,0x94A6,
  0x94A6,0xC1EF,0x9CE7,0x8000,0x8000,0x8422,0x8422,0xA0AE,0x9068,0x8421,0x8422,0x8001,0xBD39,0xC9BC,0xC9DB,0xCDDB,
  0xE25E,0xE71C,0xCDDC,0xC21C,0x8021,0x9068,0x8000,0x8000,0x8421,0x8C64,0x8000,0x8000,0x98C7,0xAD4B,0x0000,0x0000,
  0x0000,0x0000,0x0000,0x0000,0x0000,0x0000,0x0000,0x0000,0x0000,0x0000,0x0000,0x0000,0x0000,0x0000,0x0000,0x0000,
  0x0000,0x0000,0x0000,0x0000,0x0000,0x0000,0x0000,0x0000,0x0000,0x0000,0x0000,0x0000,0x9CE8,0x94A7,0x9085,0x94A5,
  0x94A6,0x9CE7,0xBDCE,0xB58C,0x8000,0x8422,0x8C64,0x8C65,0xA0AE,0x8C66,0x8842,0x8421,0x8000,0xCA3D,0xC9BB,0xC99B,
  0xE27E,0xE71D,0xD1FC,0xB23C,0x8000,0x948A,0x8000,0x8000,0x8842,0x9085,0x8422,0x98C6,0xB16B,0x9CE8,0x0000,0x0000,
  0x0000,0x0000,0x0000,0x0000,0x0000,0x0000,0x0000,0x0000,0x0000,0x0000,0x0000,0x0000,0x0000,0x0000,0x0000,0x0000,
  0x0000,0x0000,0x0000,0x0000,0x0000,0x0000,0x0000,0x0000,0x9CE8,0x8863,0x90C7,0x8843,0x8C64,0x9085,0x8C64,0x94A6,
  0x90A5,0x94A6,0x94A6,0x9CE8,0xD694,0xB16C,0x8021,0x8843,0x9CCE,0xA913,0x8844,0x8843,0x8822,0x8000,0x8000,0xD5FC,
  0xDA1C,0xD5FC,0xC9BB,0x8000,0x8845,0x9069,0x8000,0x8421,0x8000,0x8843,0x8000,0xC610,0xA94B,0x9485,0x0000,0x0000,
  0x0000,0x0000,0x0000,0x0000,0x0000,0x0000,0x0000,0x0000,0x0000,0x0000,0x0000,0x0000,0x0000,0x0000,0x0000,0x0000,
  0x0000,0x0000,0x0000,0x0000,0x0000,0x0000,0xAD4B,0xAD6C,0x9CE8,0x9485,0x9085,0x8000,0x8000,0x9085,0x8C64,0x94A6,
  0x9085,0x94A6,0x94A6,0x94A6,0xA94B,0xFF51,0x8000,0x8842,0x8422,0xA0CE,0x9CAE,0x8421,0x9065,0x8843,0x8000,0x8000,
  0x8000,0x8000,0x8000,0x8421,0x98AE,0x8C45,0x8000,0x8000,0x8843,0x8000,0xB9AD,0xB58D,0x98A6,0x94A6,0x8421,0x90A5,
  0x8884,0x0000,0x0000,0x0000,0x0000,0x0000,0x0000,0x0000,0x0000,0x0000,0x0000,0x0000,0x0000,0x0000,0x0000,0x0000,
  0x0000,0x0000,0x0000,0x0000,0x9CE8,0xA94B,0x94A6,0x94A6,0x94A6,0x9085,0x8000,0x8842,0x8000,0x8422,0x8C64,0x94A6,
  0x9085,0x94A6,0x94A6,0x98C7,0x9085,0xFF2C,0x8000,0x8422,0x8421,0x98A9,0xB155,0x8423,0x9085,0x9085,0x8843,0x8000,
  0x8000,0x8000,0x8422,0x8000,0xA0D0,0x8823,0x8000,0x8421,0x8843,0x8000,0xFF6E,0xA4E8,0x98C7,0x9085,0x8000,0x8843,
  0xA509,0xA109,0x8842,0x0000,0x0000,0x0000,0x0000,0x0000,0x0000,0x0000,0x0000,0x0000,0x0000,0x0000,0x0000,0x0000,
  0x0000,0x0000,0x0000,0xA108,0x9084,0xA109,0x8C64,0x8886,0x92D9,0xAB7C,0x931A,0x8000,0x8842,0x8421,0x8000,0x8C64,
  0x94A6,0x9084,0x94A6,0x98C7,0x8843,0xEA26,0x8000,0x8843,0x98A7,0x8C64,0x9469,0xAD34,0x8421,0x8C63,0x9085,0x8C64,
  0x8C44,0x8C44,0x8021,0x9CAE,0x9069,0x8843,0x8421,0x8844,0x8421,0x8000,0xF268,0x9064,0x98C7,0x9085,0x8000,0x8000,
  0x8000,0x85AF,0xC79D,0x9B3C,0x8863,0x0000,0x0000,0x0000,0x0000,0x0000,0x0000,0x0000,0x0000,0x0000,0x0000,0x0000,
  0x0000,0x0000,0x0000,0x8421,0x8C64,0x94A6,0x9677,0xA39D,0xA37D,0xEBDD,0xD3BD,0x812B,0x8000,0x8842,0x8422,0x8000,
  0x8C64,0x94A6,0x9085,0x9085,0xBD03,0xEE47,0x8000,0x8842,0x94A6,0x94A7,0x8422,0x9CAE,0x988B,0x8842,0x9085,0x9085,
  0x9085,0x8C64,0x8000,0xAD13,0x8422,0x9084,0x8842,0x8843,0x8421,0x8000,0xEE49,0x9064,0x94A6,0x9085,0x8000,0x8421,
  0x8000,0x8DF2,0xC79C,0x9F5C,0x8DD1,0x0000,0x0000,0x0000,0x0000,0x0000,0x0000,0x0000,0x0000,0x0000,0x0000,0x0000,
  0x0000,0x0000,0x0000,0x8820,0xCD84,0x8842,0xA10A,0x85AF,0x9EFA,0x96D7,0x90C8,0xA94B,0x9CC7,0x8421,0x8842,0x8422,
  0x8000,0x8C64,0x9085,0x9085,0xC944,0xEE47,0x8000,0x8421,0x8843,0x94A6,0x94A6,0x8C45,0xA4D0,0x8C64,0x8C63,0x8442,
  0x8422,0x8843,0x8442,0xA0CE,0x8421,0x9086,0x8C44,0x8843,0x8000,0x8000,0xEA27,0x9484,0x98C6,0x8421,0x8822,0x8842,
  0x8000,0xA108,0x9109,0x8D2B,0x8213,0x8000,0x9D08,0x0000,0x0000,0x0000,0x0000,0x0000,0x0000,0x0000,0x0000,0x0000,
  0x0000,0x0000,0x8842,0x8421,0x9C60,0x8000,0x8C63,0xA109,0x98C7,0xA94B,0xA94B,0x9CE7,0xAD6C,0x8C64,0x8421,0x8C64,
  0x8843,0x8000,0x8C63,0x8C64,0xD9C6,0xBD02,0x8000,0x8001,0x8843,0x8843,0x94A6,0x8842,0x988B,0xA4D1,0x8C63,0x9084,
  0x8C64,0x8C63,0xA4F0,0x8824,0x9085,0x9086,0x8843,0x8822,0x8000,0x8C63,0xDDE7,0x9484,0x9085,0x8000,0x8C64,0x8842,
  0x8000,0xAD4A,0xA94B,0xA52A,0xA92A,0x8000,0x8442,0xF247,0xDDE5,0x0000,0x0000,0x0000,0x0000,0x0000,0x0000,0x0000,
  0x0000,0x0000,0x94A6,0x94A6,0x8000,0x8000,0x8842,0x9084,0xB16C,0x9CE8,0x9CC7,0x9CC8,0x9CC7,0x98C7,0x8001,0x8842,
  0x8C64,0x8422,0x8000,0x8422,0xEA27,0xC943,0x8842,0x9CE8,0x8000,0x8421,0x8843,0x9085,0x8843,0xA8D2,0x8845,0x9085,
  0x9064,0x8422,0xA0CF,0x8000,0x9086,0x8C64,0x8421,0x8421,0x8000,0x94A6,0xE228,0x9483,0x8000,0x8842,0x9085,0x8842,
  0x8000,0xAD4B,0x98C7,0x98C7,0x9CC7,0x8000,0x8422,0xDDC4,0xEE68,0x8421,0x0000,0x0000,0x0000,0x0000,0x0000,0x0000,
  0x0000,0x0000,0x98C6,0x98A6,0x9085,0x8842,0x8000,0x8842,0xA94B,0xA109,0x9CE8,0x9CC8,0x9CE8,0xAD4B,0x98C6,0x8000,
  0x8842,0x9084,0x8C63,0x8422,0x8421,0x8000,0x8842,0x8C64,0xA109,0xA52A,0x98C6,0x8422,0x8421,0x8C43,0x9068,0x8842,
  0x8842,0x8423,0x948A,0x8421,0x8843,0x8421,0x8000,0x9084,0xB16C,0x8C64,0x8C41,0x8421,0x8422,0x8C64,0x8843,0x8842,
  0x8000,0x94A5,0x94A7,0x9CC8,0x98C7,0x8C63,0x8843,0x9CC5,0xD1A5,0x8001,0xA0E8,0x9CE7,0x0000,0x0000,0x0000,0x0000,
  0x0000,0x0000,0x9CE8,0x9CE8,0x9CE8,0x94A6,0x8000,0x8000,0x94A6,0xB16C,0x9CC8,0x9CC7,0xAD4B,0x98C7,0x94A5,0x8000,
  0x8000,0x8421,0x8C64,0x8C64,0x8843,0x8842,0x8C63,0x8C64,0x9084,0x98C7,0xB18C,0xC611,0x98A6,0x8000,0x8000,0x8000,
  0x8000,0x8000,0x8000,0x8000,0x8000,0x9084,0xB58D,0xBDCE,0xA109,0x9085,0x8001,0x8C63,0x9085,0x9085,0x8843,0x8000,
  0xB58C,0xAD4B,0x8401,0x9085,0x9CE8,0x8C63,0x8843,0xB903,0x8000,0x8422,0x9CE8,0xA52A,0x0000,0x0000,0x0000,0x0000,
  0x0000,0x0000,0xA94A,0x9CE8,0x9CC8,0x9CE8,0x9084,0x8000,0x8422,0xB16C,0x9CE8,0xAD6B,0x94A6,0x8421,0x8000,0xA108,
  0xBDCF,0x8421,0x8001,0x8843,0x9085,0x94A6,0x94A6,0x9085,0x8843,0x94A6,0x9CC7,0xA0E9,0xBDCE,0xBDCF,0xC1EF,0xC60F,
  0xC60F,0xC610,0xC610,0xCA30,0xC610,0xC610,0xB18C,0x98C7,0x9085,0x8421,0x9085,0x9085,0x9085,0x8C63,0x8422,0x8000,
  0xC610,0xA109,0xB18C,0x98C6,0x8401,0x8842,0x8421,0xE605,0xE1E5,0x8421,0xA109,0xAD6C,0x8843,0x0000,0x0000,0x0000,
  0x0000,0x0000,0x8421,0xB18C,0xA0E8,0xA52A,0x9CE8,0x8C64,0x8000,0x9084,0x9485,0x8001,0x8421,0xAD4B,0xB16C,0x9CC7,
  0x9CC8,0xA92A,0xCA31,0x9084,0x8421,0x8C64,0x94A5,0x94A6,0xA52A,0x9CE8,0x8422,0x98C7,0x94A6,0x94A6,0x98C7,0x9CE8,
  0x9CC8,0x9CC8,0x9CE8,0x9CE8,0x9CE8,0x9CC8,0x98C7,0x98C7,0x8422,0x9CE8,0x9085,0x9086,0x8C64,0x8842,0x8000,0xAD6B,
  0xA0E8,0x9CE8,0x9CE8,0x9CC8,0xAD6B,0x8000,0x8842,0xD9A4,0xE606,0x8000,0xA109,0x8C65,0xA109,0x0000,0x0000,0x0000,
  0x0000,0x0000,0xA0E8,0x9084,0xB58D,0x9CE8,0x9CE8,0x9CE8,0x8000,0x8000,0x8000,0x94A5,0xB16C,0xAD4B,0x9CC8,0x9CC8,
  0x9CE8,0x9CE8,0xB18C,0xBDEF,0x8843,0x8000,0x8C64,0x9085,0x94A6,0x9CE8,0x8C64,0x98C7,0x8EFA,0x8109,0x8885,0x8C86,
  0x8C85,0x8864,0x8C64,0x8C85,0x8C84,0x8864,0x8EB7,0x8863,0x94A6,0x98C7,0x94A6,0x8C64,0x8843,0x8000,0xA108,0xD694,
  0x98A7,0x98C7,0x98C7,0x98C7,0x9CE8,0x8843,0x8842,0xE1C5,0xDDC5,0x8000,0x98C7,0x8C64,0xA109,0xA0E6,0x0000,0x0000,
  0x0000,0x0000,0xA52A,0x9084,0xAD4B,0xA509,0x9CE8,0x9CC8,0x8843,0x8421,0x94A6,0xAD4B,0x9CE8,0x94E8,0x9CC8,0x9CE8,
  0x9CE8,0x98C7,0x9CE8,0xA92A,0xBDCE,0xB16B,0x8C63,0x8421,0x8C64,0x9084,0x9085,0x94C7,0x92D9,0xAB3B,0xB77D,0xDB9D,
  0xBB9D,0xE79D,0xDBBE,0xDB9D,0xCB5B,0x9B1B,0xA6B7,0x84C9,0x94A6,0x8C64,0x9085,0x8842,0x8422,0x8421,0xA529,0xA109,
  0x98C7,0x98C7,0x98C7,0x98C7,0x9CC7,0x9CE8,0x8421,0xD584,0xC164,0x8842,0x98C7,0x9085,0x9CE8,0x9085,0x0000,0x0000,
  0x0000,0x0000,0xA0E8,0xA509,0x8422,0xB16C,0x9CE8,0x9CE8,0x94A6,0x8000,0x8843,0xA529,0x8A77,0xA35C,0x90A7,0x9CE8,
  0x9CE8,0x8000,0xA0E8,0x9CE8,0x9CE8,0xA50A,0xCA10,0xA929,0x8000,0x8C63,0x9084,0x98C7,0x8C64,0x8C64,0x8864,0x90C7,
  0x90C8,0x90E9,0x90E9,0x90C8,0x90A7,0x8C64,0x8843,0x94A6,0x94A6,0x8C63,0x8842,0x8000,0x94A5,0xB58D,0x8C64,0x8843,
  0x9085,0x9CE8,0x9CE8,0x9CE8,0x98C7,0x9CE8,0x8021,0x8000,0xA8C2,0x8863,0x94A6,0x9085,0x94A6,0x8863,0x0000,0x0000,
  0x0000,0x0000,0x9CE8,0xA109,0x8000,0x9CE8,0x9CE8,0x9CE8,0x94A6,0x8000,0x8C64,0xA92A,0x8D8F,0x8AB9,0x94C9,0x9CE8,
  0x98C7,0x8000,0x8C64,0x9CC8,0x9CE8,0x9CE8,0xA94A,0xD272,0xBDCE,0x8000,0x8C63,0x8C64,0x94A5,0x9085,0x9085,0x94A6,
  0x94A6,0x90A5,0x94A6,0x90A6,0x90A6,0x94A6,0x94A6,0x94A6,0x8C64,0x8843,0x8000,0x9CE7,0xC610,0xA52A,0x8000,0x94A6,
  0x8000,0x9085,0xA109,0x9CE8,0x98C8,0xA0E9,0x8422,0x8842,0x8000,0x94A6,0x9085,0x94A6,0x94A6,0x8842,0x0000,0x0000,
  0x0000,0x0000,0x94A6,0x9CC8,0x9085,0x8C63,0x9CE8,0x94A6,0x94A6,0x8843,0x8000,0xA50A,0x9CE8,0x98E7,0x9CC8,0x98C8,
  0x8401,0x90A5,0x94A6,0x98C7,0x9CE8,0x9CE8,0xA52A,0x9CE8,0xA92A,0xCE51,0xE2D5,0x8000,0x8842,0x8843,0x90A5,0x9085,
  0x94A6,0x9085,0x9085,0x9085,0x90A6,0x8C63,0x8C64,0x8422,0x8421,0x8000,0xE2D4,0xB16B,0xA0E8,0x9CE8,0x9CE8,0x8421,
  0x98C7,0x8842,0x8001,0xA109,0x98C7,0x9CC8,0x8421,0x8421,0x8421,0x94A6,0x8021,0x9486,0x94A6,0x8842,0x0000,0x0000,
  0x0000,0x0000,0x94A7,0x94A6,0x98C7,0x8421,0x9CE8,0x94A6,0x94A5,0x8843,0x8000,0x98C7,0x9CC8,0x9CC7,0x98C7,0x94A6,
  0x8000,0x9085,0x9CE7,0x9085,0x9CE8,0x9CC8,0x9CE8,0xA92A,0xA92A,0xAD6B,0xBDCE,0xDAB4,0x94A5,0x9085,0x9085,0x8C84,
  0x8863,0x8863,0x8843,0x8843,0x8C63,0x90A5,0x94A6,0x98A7,0x94A6,0xBDCD,0xCE31,0x9CC8,0x9CC8,0x9CC8,0x9CE8,0x98C7,
  0x8C85,0x9085,0x8421,0x94A6,0x98C7,0x9CC7,0x8C85,0x8000,0x8843,0x9085,0x8421,0x94A5,0x8C64,0x8843,0x0000,0x0000,
  0x0000,0x0000,0x9085,0x9085,0x94A6,0x8421,0x9085,0x94A6,0x9085,0x8863,0x8000,0x9CC7,0x98C7,0x98C7,0x9CC7,0x8421,
  0x9085,0x98C7,0x94A6,0x94A5,0x94A6,0x98C8,0x9CE8,0xA52A,0xA109,0xA92A,0xBDCE,0xB16B,0x8000,0x94A7,0xA50A,0xA509,
  0xA109,0xA109,0xA50A,0xA92A,0xA50A,0xA109,0xA0E9,0x94A6,0x8C64,0x9CE7,0xAD6B,0xAD4B,0xA0E9,0xA109,0x9CE8,0x9CE8,
  0x8843,0x8843,0x8C64,0x8843,0x98C7,0x98C7,0x9085,0x8000,0x8843,0x8842,0x8842,0x9085,0x8843,0x8843,0x0000,0x0000,
  0x0000,0x0000,0x0000,0x0000,0x0000,0x0000,0x0000,0x0000,0x0000,0x0000,0x0000,0x0000,0x0000,0x0000,0x0000,0x0000,
  0x0000,0x0000,0x0000,0x0000,0x0000,0x0000,0x0000,0x0000,0x0000,0x0000,0x0000,0x0000,0x0000,0x0000,0x0000,0x0000,
  0x0000,0x0000,0x0000,0x0000,0x0000,0x0000,0x0000,0x0000,0x0000,0x0000,0x0000,0x0000,0x0000,0x0000,0x0000,0x0000,
  0x0000,0x0000,0x0000,0x0000,0x0000,0x0000,0x0000,0x0000,0x0000,0x0000,0x0000,0x0000,0x0000,0x0000,0x0000,0x0000,
  0x0000,0x0000,0x0000,0x0000,0x0000,0x0000,0x0000,0x0000,0x0000,0x0000,0x0000,0x0000,0x0000,0x0000,0x0000,0x0000,
  0x0000,0x0000,0x0000,0x0000,0x0000,0x0000,0x0000,0x0000,0x0000,0x0000,0x0000,0x0000,0x0000,0x0000,0x0000,0x0000,
  0x0000,0x0000,0x0000,0x0000,0x0000,0x0000,0x0000,0x0000,0x0000,0x0000,0x0000,0x0000,0x0000,0x0000,0x0000,0x0000,
  0x0000,0x0000,0x0000,0x0000,0x0000,0x0000,0x0000,0x0000,0x0000,0x0000,0x0000,0x0000,0x0000,0x0000,0x0000,0x0000,
 },
 {
  0x0000,0x0000,0x0000,0x0000,0x0000,0x0000,0x0000,0x0000,0x0000,0x0000,0x0000,0x0000,0x0000,0x0000,0x0000,0x0000,
  0x0000,0x0000,0x0000,0x0000,0x0000,0x0000,0x0000,0x0000,0x0000,0x0000,0x0000,0x0000,0x0000,0x0000,0x0000,0x0000,
  0x0000,0x0000,0x0000,0x0000,0x0000,0x0000,0x0000,0x0000,0x0000,0x0000,0x0000,0x0000,0x0000,0x0000,0x0000,0x0000,
  0x0000,0x0000,0x0000,0x0000,0x0000,0x0000,0x0000,0x0000,0x0000,0x0000,0x0000,0x0000,0x0000,0x0000,0x0000,0x0000,
  0x0000,0x0000,0x0000,0x0000,0x0000,0x0000,0x0000,0x0000,0x0000,0x0000,0x0000,0x0000,0x0000,0x0000,0x0000,0x0000,
  0x0000,0x0000,0x0000,0x0000,0x0000,0x0000,0x0000,0x0000,0x0000,0x0000,0x0000,0x0000,0x0000,0x0000,0x0000,0x0000,
  0x0000,0x0000,0x0000,0x0000,0x0000,0x0000,0x0000,0x0000,0x0000,0x0000,0x0000,0x0000,0x0000,0x0000,0x0000,0x0000,
  0x0000,0x0000,0x0000,0x0000,0x0000,0x0000,0x0000,0x0000,0x0000,0x0000,0x0000,0x0000,0x0000,0x0000,0x0000,0x0000,
  0x0000,0x0000,0x0000,0x0000,0x0000,0x0000,0x0000,0x0000,0x0000,0x0000,0x0000,0x0000,0x0000,0x0000,0x0000,0x0000,
  0x0000,0x0000,0x0000,0x0000,0x0000,0x0000,0x0000,0x0000,0x0000,0x0000,0x0000,0x0000,0x0000,0x0000,0x0000,0x0000,
  0x0000,0x0000,0x0000,0x0000,0x0000,0x0000,0x0000,0x0000,0x0000,0x0000,0x0000,0x0000,0x0000,0x0000,0x0000,0x0000,
  0x0000,0x0000,0x0000,0x0000,0x0000,0x0000,0x0000,0x0000,0x0000,0x0000,0x0000,0x0000,0x0000,0x0000,0x0000,0x0000,
  0x0000,0x0000,0x0000,0x0000,0x0000,0x0000,0x0000,0x0000,0x0000,0x0000,0x0000,0x0000,0x0000,0x0000,0x0000,0x0000,
  0x0000,0x0000,0x0000,0x0000,0x0000,0x0000,0x0000,0x0000,0x0000,0x0000,0x0000,0x0000,0xA611,0xA211,0xA1F0,0x9DCF,
  0x0000,0x0000,0x0000,0x0000,0x0000,0x0000,0x0000,0x0000,0x0000,0x0000,0x0000,0x0000,0x0000,0x0000,0x0000,0x0000,
  0x0000,0x0000,0x0000,0x0000,0x0000,0x0000,0x0000,0x0000,0x0000,0x0000,0x0000,0x0000,0x0000,0x0000,0x0000,0x0000,
  0x0000,0x0000,0x0000,0x0000,0x0000,0x0000,0x0000,0x0000,0x0000,0x0000,0x0000,0x0000,0x0000,0x0000,0x0000,0x0000,
  0x0000,0x0000,0x0000,0x0000,0x0000,0x0000,0x0000,0x0000,0x0000,0x0000,0x85B0,0x8E33,0x9233,0x9E95,0x9E94,0x9653,
  0x9654,0x89F1,0x0000,0x0000,0x0000,0x0000,0x0000,0x0000,0x0000,0x0000,0x0000,0x0000,0x0000,0x0000,0x0000,0x0000,
  0x0000,0x0000,0x0000,0x0000,0x0000,0x0000,0x0000,0x0000,0x0000,0x0000,0x0000,0x0000,0x0000,0x0000,0x0000,0x0000,
  0x0000,0x0000,0x0000,0x0000,0x0000,0x0000,0x0000,0x0000,0x0000,0x0000,0x0000,0x0000,0x0000,0x0000,0x0000,0x0000,
  0x0000,0x0000,0x0000,0x0000,0x0000,0x0000,0x0000,0x0000,0x91AF,0x9233,0x9212,0x9673,0x9A74,0x9653,0x9654,0x9654,
  0x9254,0x9674,0x9233,0x89F1,0x0000,0x0000,0x0000,0x0000,0x0000,0x0000,0x0000,0x0000,0x0000,0x0000,0x0000,0x0000,
  0x0000,0x0000,0x0000,0x0000,0x0000,0x0000,0x0000,0x0000,0x0000,0x0000,0x0000,0x0000,0x0000,0x0000,0x0000,0x0000,
  0x0000,0x0000,0x0000,0x0000,0x0000,0x0000,0x0000,0x0000,0x0000,0x0000,0x0000,0x0000,0x0000,0x0000,0x0000,0x0000,
  0x0000,0x0000,0x0000,0x0000,0x0000,0x0000,0x9A32,0x8DD1,0x8DD1,0x9653,0x9653,0xA694,0xE736,0xE315,0x9A74,0x9A74,
  0x9653,0x9232,0x9233,0xCEF6,0x9233,0x9254,0x958E,0x0000,0x0000,0x0000,0x0000,0x0000,0x0000,0x0000,0x0000,0x0000,
  0x0000,0x0000,0x0000,0x0000,0x0000,0x0000,0x0000,0x0000,0x0000,0x0000,0x0000,0x0000,0x0000,0x0000,0x0000,0x0000,
  0x0000,0x0000,0x0000,0x0000,0x0000,0x0000,0x0000,0x0000,0x0000,0x0000,0x0000,0x0000,0x0000,0x0000,0x0000,0x0000,
  0x0000,0x0000,0x0000,0x0000,0x856E,0x9233,0x8DF1,0x8DD0,0x9232,0x9633,0xD2F5,0xEB57,0xEB57,0xEB36,0xE756,0x9A54,
  0x9A74,0x9653,0x8E12,0xB295,0xCED5,0x8DD1,0x8DD1,0x8DAF,0x0000,0x0000,0x0000,0x0000,0x0000,0x0000,0x0000,0x0000,
  0x0000,0x0000,0x0000,0x0000,0x0000,0x0000,0x0000,0x0000,0x0000,0x0000,0x0000,0x0000,0x0000,0x0000,0x0000,0x0000,
  0x0000,0x0000,0x0000,0x0000,0x0000,0x0000,0x0000,0x0000,0x0000,0x0000,0x0000,0x0000,0x0000,0x0000,0x0000,0x0000,
  0x0000,0x0000,0x0000,0xAA54,0x9A12,0x8DF1,0x9212,0x9653,0x9233,0x89F2,0xEB36,0xEB36,0xEB57,0xEB57,0xD316,0x9A74,
  0x9A74,0x9653,0x9654,0x8E12,0x9211,0x9233,0x8DF2,0x8E12,0x9E11,0xAA10,0x0000,0x0000,0x0000,0x0000,0x0000,0x0000,
  0x0000,0x0000,0x0000,0x0000,0x0000,0x0000,0x0000,0x0000,0x0000,0x0000,0x0000,0x0000,0x0000,0x0000,0x0000,0x0000,
  0x0000,0x0000,0x0000,0x0000,0x0000,0x0000,0x0000,0x0000,0x0000,0x0000,0x0000,0x0000,0x0000,0x0000,0x0000,0x0000,
  0x0000,0xCAF6,0xE736,0x91F2,0x8DF1,0x9633,0x9633,0x9653,0x9633,0x9633,0x9653,0xEF56,0xEB57,0x9653,0x9A74,0x9A74,
  0x9A74,0x9674,0x9653,0x9E53,0xA695,0x9233,0x9653,0x9654,0x9633,0xEB57,0xE315,0x0000,0x0000,0x0000,0x0000,0x0000,
  0x0000,0x0000,0x0000,0x0000,0x0000,0x0000,0x0000,0x0000,0x0000,0x0000,0x0000,0x0000,0x0000,0x0000,0x0000,0x0000,
  0x0000,0x0000,0x0000,0x0000,0x0000,0x0000,0x0000,0x0000,0x0000,0x0000,0x0000,0x0000,0x0000,0x0000,0x0000,0xAA94,
  0xCEF6,0x9212,0x9212,0x8DF1,0x9232,0x9A54,0xE736,0xB293,0x9653,0x9233,0x9653,0x9654,0x9653,0x9653,0x9A74,0x9A74,
  0x9A74,0x9A74,0x9633,0xEB57,0xEB37,0xEB36,0xEB57,0xCED5,0x9212,0x9633,0xDF16,0xA654,0xA210,0x0000,0x0000,0x0000,
  0x0000,0x0000,0x0000,0x0000,0x0000,0x0000,0x0000,0x0000,0x0000,0x0000,0x0000,0x0000,0x0000,0x0000,0x0000,0x0000,
  0x0000,0x0000,0x0000,0x0000,0x0000,0x0000,0x0000,0x0000,0x0000,0x0000,0x0000,0x0000,0x0000,0xBEB5,0xDF17,0x8A13,
  0x8E12,0x9632,0x9632,0x9633,0x9233,0xA273,0xE736,0x9653,0x9653,0x9653,0x9A74,0x9674,0x9A74,0x9A74,0x9A74,0x9A95,
  0x9A74,0x9653,0xE736,0xEB36,0xEB36,0xEB57,0xEB57,0xEB57,0xE737,0x9633,0x9233,0x8DD0,0x91F1,0x91F1,0x0000,0x0000,
  0x0000,0x0000,0x0000,0x0000,0x0000,0x0000,0x0000,0x0000,0x0000,0x0000,0x0000,0x0000,0x0000,0x0000,0x0000,0x0000,
  0x0000,0x0000,0x0000,0x0000,0x0000,0x0000,0x0000,0x0000,0x0000,0x0000,0x0000,0x0000,0xE337,0x9E54,0x8DF2,0xF376,
  0xEF56,0xEB36,0xEB56,0x9654,0x9654,0x9253,0x9253,0x9653,0x9653,0x9A74,0x9A74,0x9A74,0x9A74,0x9A74,0xA6D7,0xAEF6,
  0x9A74,0x9A74,0x9674,0xEB57,0xEB37,0xEB57,0xEB57,0xEB57,0xE736,0xC6D4,0x9633,0x9233,0x8DD1,0x8DD0,0x9212,0x0000,
  0x0000,0x0000,0x0000,0x0000,0x0000,0x0000,0x0000,0x0000,0x0000,0x0000,0x0000,0x0000,0x0000,0x0000,0x0000,0x0000,
  0x0000,0x0000,0x0000,0x0000,0x0000,0x0000,0x0000,0x0000,0x0000,0x0000,0x0000,0xE736,0xA632,0x8DF2,0xDF36,0xEB56,
  0xEB57,0xEB37,0xCEF5,0x9233,0x9233,0x9A74,0x9674,0x9A74,0x9A95,0x9654,0x9674,0x9A94,0x9A74,0x9A74,0x9A95,0xA6B6,
  0x9A75,0x9674,0x9654,0x9674,0xE337,0xE335,0xEB56,0xE736,0xE316,0x9633,0x9233,0xA294,0x9233,0x8DF1,0x8DF1,0x9213,
  0x0000,0x0000,0x0000,0x0000,0x0000,0x0000,0x0000,0x0000,0x0000,0x0000,0x0000,0x0000,0x0000,0x0000,0x0000,0x0000,
  0x0000,0x0000,0x0000,0x0000,0x0000,0x0000,0x0000,0x0000,0x0000,0xC6D5,0x9E33,0x8E12,0x8E12,0x9212,0xEB36,0xE736,
  0xA253,0x9E74,0x9653,0x9653,0x9A74,0x9A74,0x9A74,0x9A74,0x9A95,0xA2D6,0x9EB5,0xAAF7,0x9ED6,0x9674,0x9A74,0x9A74,
  0x9674,0x9674,0x9A74,0x9674,0x9653,0x9633,0x9E53,0x9A54,0x9233,0x9233,0x9A53,0x9233,0x9212,0x9212,0xC2B4,0x9E32,
  0x8E12,0x9212,0x0000,0x0000,0x0000,0x0000,0x0000,0x0000,0x0000,0x0000,0x0000,0x0000,0x0000,0x0000,0x0000,0x0000,
  0x0000,0x0000,0x0000,0x0000,0x0000,0x0000,0x0000,0x0000,0xD2F5,0x9E32,0x8E12,0xBEB5,0x9212,0x9212,0x9233,0x9212,
  0x9232,0x9653,0x9654,0x9A94,0x9A74,0xA6D6,0xAEF7,0xAEF7,0xAEF7,0xAEF7,0xAEF7,0xAEF7,0xAEF7,0xAEF7,0xAAF6,0xA6D6,
  0x9EB6,0x9695,0x9674,0x9A74,0x9A94,0x9A95,0x9A95,0x9232,0x9233,0x9233,0xA694,0x9212,0x9233,0x9632,0xE736,0xEB57,
  0x8DF1,0x8DF1,0x8D8F,0x0000,0x0000,0x0000,0x0000,0x0000,0x0000,0x0000,0x0000,0x0000,0x0000,0x0000,0x0000,0x0000,
  0x0000,0x0000,0x0000,0x0000,0x0000,0x0000,0x0000,0xCEF6,0x9A12,0x8DF1,0x9653,0x9232,0x9212,0x9674,0x9A74,0xAAD6,
  0xA6B5,0xAAB5,0xA6D6,0xAB18,0xA6D6,0x9E95,0x9A94,0x9232,0x9232,0x9653,0x9653,0x9674,0x9674,0x9653,0xA2D7,0xAAF8,
  0xAAD7,0xAAF7,0xAAF7,0xAAD6,0xAAD6,0xAAD6,0x9A74,0x9A94,0x9674,0x9254,0x9654,0x9654,0x9212,0x9233,0xE736,0xE736,
  0xEF36,0x8E33,0x9612,0x814E,0x0000,0x0000,0x0000,0x0000,0x0000,0x0000,0x0000,0x0000,0x0000,0x0000,0x0000,0x0000,
  0x0000,0x0000,0x0000,0x0000,0x0000,0x0000,0x9653,0x8DD1,0x9212,0x9233,0xA6B5,0xA295,0xA2B5,0x91F1,0x91F1,0x80C8,
  0x8065,0x8464,0x8465,0x84A7,0x84A7,0x8D4B,0x956D,0x956D,0x8086,0xA1CF,0xA1CF,0x84A7,0x914C,0x914C,0x958E,0x84C7,
  0x8086,0x8085,0x84A6,0x84C8,0x8064,0x8D8E,0x8DD0,0x9253,0xA6D6,0xA6D6,0xAAD6,0x9253,0x9674,0x9233,0x9233,0x9633,
  0xEB55,0x8DF1,0x89D0,0xEB57,0x91B0,0x0000,0x0000,0x0000,0x0000,0x0000,0x0000,0x0000,0x0000,0x0000,0x0000,0x0000,
  0x0000,0x0000,0x0000,0x0000,0x0000,0x91F1,0x8DF1,0xA295,0x9E95,0xA2B5,0x8DCF,0x892A,0x8064,0x8065,0x914B,0x8D2A,
  0x8D4C,0x8D2B,0x9DAE,0xA5F0,0x956D,0x88E9,0xA5EF,0xA5CF,0x8D2B,0xAE0F,0xB230,0x892B,0x916C,0xAA10,0xA5EF,0x8D4B,
  0xA5CF,0xA5CF,0x914B,0x8485,0x916C,0x892A,0x84C7,0x8485,0x8064,0x896D,0x9253,0xA6B6,0xA295,0xA2B6,0x9233,0x9232,
  0x9233,0x9233,0x8E12,0xDF14,0xD2D5,0x89B0,0x0000,0x0000,0x0000,0x0000,0x0000,0x0000,0x0000,0x0000,0x0000,0x0000,
  0x0000,0x0000,0x0000,0x0000,0x8DD0,0x9633,0x9A33,0x8DAE,0x894C,0x84C8,0x8D2A,0x954B,0x954B,0x912A,0x956C,0xB630,
  0xB631,0xA9EF,0x956C,0xA1AE,0xB230,0xA1AE,0x998E,0xBE72,0xAE10,0x916D,0xBA51,0xAE10,0x998D,0xB651,0xAE10,0x916C,
  0xB630,0xBA50,0x958D,0xA9EF,0xADEF,0x9DAE,0x958D,0x998D,0x998C,0x8D2A,0x8D2B,0x84A7,0x8D4C,0x95F0,0x9632,0x9E95,
  0x9A74,0x9233,0x8DF1,0x8E12,0xD715,0x9212,0x0000,0x0000,0x0000,0x0000,0x0000,0x0000,0x0000,0x0000,0x0000,0x0000,
  0x0000,0x0000,0x0000,0x0000,0x89F1,0x9233,0x84C8,0x84A6,0x914B,0x916C,0x916D,0xBE51,0xBE71,0xC272,0xA5CF,0x956D,
  0x914C,0xBE51,0xC272,0x99AF,0xA1CF,0xC272,0x9DAD,0xA1EF,0xC272,0x95AE,0xC272,0xC692,0x95AE,0xC692,0xA1CE,0xA9F0,
  0xBE51,0x916C,0xA9F0,0xC272,0xA9EF,0x916C,0xAA10,0xC272,0xC692,0xA1CE,0x8D4B,0x958D,0x998D,0x8D0A,0x8065,0x8087,
  0x8DF0,0x9E95,0x9A75,0x9232,0x9212,0x8DD1,0x9212,0x0000,0x0000,0x0000,0x0000,0x0000,0x0000,0x0000,0x0000,0x0000,
  0x0000,0x0000,0x0000,0x89B0,0x9695,0x8086,0x8085,0xA9EF,0xB630,0xB20F,0x998D,0x956D,0xA5EF,0xC672,0xBE71,0xBE51,
  0x9DCF,0x958E,0xC271,0xBE72,0x918E,0x9DCF,0xC293,0x958D,0xC292,0xC292,0x95AF,0xC272,0x9DF0,0xC693,0xA1F0,0xBE51,
  0xA9EF,0x916C,0xBA72,0xC272,0x918E,0xC272,0xC272,0xBE72,0x918D,0x95AE,0xB230,0xB630,0xBA30,0x956C,0x918D,0x914C,
  0x8064,0x84C7,0x9A74,0x9E95,0x8E32,0x9212,0x8DF1,0x91AF,0x0000,0x0000,0x0000,0x0000,0x0000,0x0000,0x0000,0x0000,
  0x0000,0x0000,0x0000,0x8DAF,0x84E9,0x914C,0x9DAE,0x958E,0x9DAF,0x9DAE,0xA5CF,0xC692,0xC272,0xC272,0xBA52,0xA1CF,
  0xA1CE,0xB631,0xB631,0x956D,0xAA31,0xAE52,0x9DF0,0xB273,0xA611,0xB273,0xAE73,0xB693,0xB273,0xB273,0xAE52,0xB673,
  0xAE73,0xB673,0xA211,0x8D8E,0x9DCF,0x99AE,0x95AE,0xB231,0xC272,0xC271,0xA1CF,0xA5F0,0xA1CF,0xB230,0xB630,0xB210,
  0xA9EF,0x9DAE,0x84C8,0x84E9,0x9212,0xA295,0x8DF1,0x8DF2,0x0000,0x0000,0x0000,0x0000,0x0000,0x0000,0x0000,0x0000,
  0x0000,0x0000,0x0000,0x8DAF,0x8909,0x998D,0xBA30,0xBA51,0xBA52,0xBA51,0x998D,0x9DAE,0x9DCF,0xA610,0xC272,0xC693,
  0xC272,0x8D4C,0x84C8,0x95D0,0x95D0,0xB273,0xB273,0xB694,0xB294,0xB694,0xBEB5,0xBEB4,0xBED5,0xB294,0xBAB5,0xB694,
  0xB673,0x9A11,0xA631,0xA611,0x95F0,0x99F0,0x918E,0xBA51,0x958E,0x958D,0xADEF,0xBE51,0xC272,0xC271,0xBA51,0x9DF0,
  0x8D6C,0x916C,0x916D,0x914B,0x8085,0x8DAF,0x9E95,0x8DF1,0x9212,0x0000,0x0000,0x0000,0x0000,0x0000,0x0000,0x0000,
  0x0000,0x0000,0x0000,0x0000,0x89D0,0x84C7,0x99AD,0xB631,0xB231,0xC692,0xC693,0xC693,0xCAB3,0xC272,0xB631,0xA1CF,
  0x916D,0x890A,0x91D0,0xAA31,0xB673,0xA211,0xBA94,0xBED5,0xC2D5,0xC2D5,0xC2D5,0xC2D5,0xC2D5,0xBED5,0xC2D5,0xB694,
  0xA632,0xBA93,0xBA93,0xAE52,0xAA52,0xA1F0,0x99F0,0x95AF,0x99AF,0xB231,0xBA51,0xB652,0xA9F0,0x9DAD,0x9DCE,0xAE11,
  0xAE10,0xB630,0xB210,0xB231,0x956C,0x84C8,0x8DAF,0x9211,0x8DF0,0x0000,0x0000,0x0000,0x0000,0x0000,0x0000,0x0000,
  0x0000,0x0000,0x0000,0x0000,0x0000,0x8DAF,0x84C7,0xA9CE,0xADEF,0xADEF,0xBA51,0xAE10,0xC272,0xBE72,0xBE72,0x958D,
  0x956D,0x9DCF,0x918E,0x8042,0x8000,0xAA11,0xB273,0xCAF6,0xBEB4,0xBEB4,0xC2D5,0xC2D5,0xCAF6,0xCAF5,0xC2D5,0xA232,
  0xC6D5,0x856C,0x8000,0x8021,0x8021,0x84A6,0x9E11,0x99F1,0xA632,0x91AE,0xADEF,0xBA51,0xBE72,0xB652,0xC272,0xC693,
  0xA5CE,0xA1AD,0x998D,0x998D,0x956D,0x956D,0x8909,0x898E,0x9233,0x0000,0x0000,0x0000,0x0000,0x0000,0x0000,0x0000,
  0x0000,0x0000,0x0000,0x0000,0x0000,0x0000,0x8D8E,0x892A,0xA9F0,0xC272,0xBE72,0xC293,0xC693,0xBA51,0x998D,0xA1CE,
  0xA1AE,0x914B,0x84C8,0x8000,0x8000,0x8000,0xBE94,0xBEB4,0xC2D5,0xCAF5,0xC6D5,0xD716,0xCAF6,0xCAF6,0xBAB5,0xB273,
  0x95AD,0x8000,0x8421,0x8000,0x8000,0x8000,0x912A,0x99F1,0xA231,0x99F0,0xA610,0xA1F0,0xA1CF,0x9DAE,0xA1CE,0xA5CF,
  0xA1CF,0xA1CF,0xB210,0xB630,0xB230,0xAE10,0x956C,0x8085,0x9674,0x0000,0x0000,0x0000,0x0000,0x0000,0x0000,0x0000,
  0x0000,0x0000,0x0000,0x0000,0x0000,0x0000,0x0000,0x0000,0x8D2B,0x956C,0x998D,0xA1EF,0x9DAD,0xBA30,0xC672,0xBE72,
  0x9DAE,0xA1AE,0x84C8,0x8000,0x8421,0x8000,0x996C,0xC2D5,0xCEF6,0xCEF6,0xCAF6,0xD716,0xD2F6,0xCAF6,0xB694,0xAE52,
  0x8000,0x8000,0xF7BA,0x8000,0x8000,0x8000,0x95AF,0x9DF0,0xA632,0xA1F0,0x95AE,0x91AE,0x916D,0x9DAE,0xAE10,0xC292,
  0xC292,0xC293,0xC272,0xC272,0xB210,0xB231,0x9DAE,0x84A7,0x89D0,0x0000,0x0000,0x0000,0x0000,0x0000,0x0000,0x0000,
  0x0000,0x0000,0x0000,0x0000,0x0000,0x0000,0x0000,0x0000,0x0000,0x0000,0x0000,0x88E8,0x914B,0x9DAE,0xA1F0,0xBE72,
  0xBA50,0x9DAE,0x998C,0x8841,0x8000,0x8000,0x8000,0xC6D5,0xCAF6,0xD716,0xD716,0xD716,0xD716,0xC2D5,0xC2B5,0x8084,
  0x8421,0x8001,0x8000,0x8000,0x8420,0x8421,0xAE73,0xAA52,0xAE52,0xAA52,0xBA93,0xC2B5,0xB252,0xA1F0,0xBE72,0xC272,
  0xC272,0xC251,0xA1CE,0x9DAE,0x9DAE,0x9DAE,0x9D8D,0x84C7,0x8DD0,0x0000,0x0000,0x0000,0x0000,0x0000,0x0000,0x0000,
  0x0000,0x0000,0x0000,0x0000,0x0000,0x0000,0x0000,0x0000,0x0000,0x0000,0x0000,0x0000,0x0000,0x0000,0x84C7,0x9D8D,
  0x9D8D,0xB230,0xB20F,0x958E,0xA4A1,0x8000,0x8000,0xC6F6,0xD316,0xD716,0xD716,0xD716,0xD716,0xC2D4,0xC2B5,0x8042,
  0xA4A0,0x8421,0x8000,0x8C41,0xC521,0x99AE,0xB674,0xBA94,0xAA52,0xC6D4,0xB273,0x8022,0x998D,0x9DCF,0x9DAE,0x9DCE,
  0xC272,0xC271,0xC271,0xC672,0xC692,0xC693,0x9D8C,0x84A7,0x91F1,0x0000,0x0000,0x0000,0x0000,0x0000,0x0000,0x0000,
  0x0000,0x0000,0x0000,0x0000,0x0000,0x0000,0x0000,0x0000,0x0000,0x0000,0x0000,0x0000,0x0000,0x0000,0x0000,0x0000,
  0x0000,0x0000,0x0000,0xAA94,0x9883,0xB901,0xA8A0,0xC2F6,0xD716,0xD716,0xDB16,0xD716,0xD716,0xD316,0xC2D5,0x8863,
  0xB901,0xE1C1,0xD5A5,0xB4A1,0x9DD0,0xB694,0xC2D4,0xB673,0xBAB4,0x916C,0x8D4B,0xA1AE,0xA9EF,0xA5CF,0xB631,0xC271,
  0xBA51,0xBE51,0xA5EF,0xA1CF,0x8D2A,0x8D2A,0x8DAF,0x0000,0x0000,0x0000,0x0000,0x0000,0x0000,0x0000,0x0000,0x0000,
  0x0000,0x0000,0x0000,0x0000,0x0000,0x0000,0x0000,0x0000,0x0000,0x0000,0x0000,0x0000,0x0000,0x0000,0x0000,0x0000,
  0x0000,0x0000,0x0000,0x99CE,0xAE52,0xA5EF,0x956C,0xC2F7,0xD716,0xD716,0xDF37,0xD716,0xD716,0xD716,0xBEB4,0x99AF,
  0x958C,0x94C4,0x8CC6,0xAA53,0xBEB4,0xC2B4,0xBE93,0xB694,0x9E11,0x8043,0xA9EF,0xC272,0xB230,0xBA51,0xB231,0x99AD,
  0x9D8D,0x9DAE,0x892B,0x892A,0x8D8E,0x896E,0x0000,0x0000,0x0000,0x0000,0x0000,0x0000,0x0000,0x0000,0x0000,0x0000,
  0x0000,0x0000,0x0000,0x0000,0x0000,0x0000,0x0000,0x0000,0x0000,0x0000,0x0000,0x0000,0x0000,0x0000,0x0000,0x0000,
  0x0000,0x0000,0x0000,0x8D2A,0xBA72,0xBEB4,0xB273,0xD717,0xD716,0xD717,0xDB17,0xDB17,0xD716,0xD716,0xD717,0xC2B4,
  0xBAB4,0xBEB5,0xC2D5,0xC2D4,0xC2D5,0xCEF6,0xBA94,0x9DF1,0x8064,0x914C,0xA5CF,0xAA10,0xB210,0x956C,0x958D,0x958D,
  0x8D2A,0x8D2B,0x0000,0x0000,0x0000,0x0000,0x0000,0x0000,0x0000,0x0000,0x0000,0x0000,0x0000,0x0000,0x0000,0x0000,
  0x0000,0x0000,0x0000,0x0000,0x0000,0x0000,0x0000,0x0000,0x0000,0x0000,0x0000,0x0000,0x0000,0x0000,0x0000,0x0000,
  0x0000,0x0000,0x0000,0x0000,0xA632,0xD717,0xD717,0xD716,0xD316,0xD717,0xDB37,0xD717,0xD716,0xD716,0xD716,0xD716,
  0xD716,0xCAF6,0xD316,0xD716,0xCAD5,0xB673,0x894C,0x8CC7,0x0000,0x0000,0x0000,0x0000,0x0000,0x0000,0x0000,0x0000,
  0x0000,0x0000,0x0000,0x0000,0x0000,0x0000,0x0000,0x0000,0x0000,0x0000,0x0000,0x0000,0x0000,0x0000,0x0000,0x0000,
  0x0000,0x0000,0x0000,0x0000,0x0000,0x0000,0x0000,0x0000,0x0000,0x0000,0x0000,0x0000,0x0000,0x0000,0x0000,0x0000,
  0x0000,0x0000,0x0000,0x0000,0x0000,0xBA93,0xD716,0xD716,0xD716,0xD717,0xC2B4,0xD716,0xD716,0xD716,0xD716,0xD716,
  0xD716,0xDB16,0xD716,0xD315,0xB694,0x80A6,0x8043,0x0000,0x0000,0x0000,0x0000,0x0000,0x0000,0x0000,0x0000,0x8CEA,
  0x0000,0x0000,0x0000,0x0000,0x0000,0x0000,0x0000,0x0000,0x0000,0x0000,0x0000,0x0000,0x0000,0x0000,0x0000,0x0000,
  0x0000,0x0000,0x0000,0x0000,0x0000,0x0000,0x0000,0x0000,0x0000,0x0000,0x0000,0x0000,0x0000,0x0000,0x0000,0x0000,
  0x0000,0x0000,0x0000,0x0000,0x0000,0x9D6B,0xC6D5,0xD316,0xD717,0xD737,0xBE93,0xAE52,0xDB37,0xD716,0xD716,0xD716,
  0xD717,0xD316,0xC6D5,0x9DD0,0x84E9,0x850A,0x0000,0x0000,0x0000,0x0000,0x0000,0x0000,0x0000,0x0000,0x84C8,0x8A34,
  0x8696,0x0000,0x0000,0x0000,0x0000,0x0000,0x0000,0x0000,0x0000,0x0000,0x0000,0x0000,0x0000,0x0000,0x0000,0x0000,
  0x0000,0x0000,0x0000,0x0000,0x0000,0x0000,0x0000,0x0000,0x0000,0x0000,0x0000,0x0000,0x0000,0x0000,0x0000,0x0000,
  0x98E7,0xAD6C,0x9CE7,0x9084,0x0000,0x0000,0x90A5,0xB274,0xD717,0xD716,0xBAB4,0xC6F6,0xD717,0xD716,0xD716,0xD716,
  0xD316,0xA611,0x84A7,0x918E,0x918E,0x84A6,0x98A4,0x9084,0x0000,0x0000,0x0000,0x0000,0x0000,0x0000,0x8D8F,0x8634,
  0x890A,0x0000,0x0000,0x0000,0x0000,0x0000,0x0000,0x0000,0x0000,0x0000,0x0000,0x0000,0x0000,0x0000,0x0000,0x0000,
  0x0000,0x0000,0x0000,0x0000,0x0000,0x0000,0x0000,0x0000,0x0000,0x0000,0x0000,0x0000,0x0000,0x0000,0x0000,0x94E8,
  0xA94B,0x94C6,0x98C7,0x94A6,0x0000,0xA549,0x98A4,0x8021,0xA1F0,0xD717,0xD717,0xD717,0xD717,0xD717,0xD717,0xD337,
  0xA611,0x88E9,0x9DCF,0x9DEF,0x918E,0x8001,0x8C62,0xA0C5,0x98A4,0x0000,0x0000,0x0000,0x0000,0x0000,0x8E55,0x9B5A,
  0x856F,0x0000,0x0000,0x0000,0x0000,0x0000,0x0000,0x0000,0x0000,0x0000,0x0000,0x0000,0x0000,0x0000,0x0000,0x0000,
  0x0000,0x0000,0x0000,0x0000,0x0000,0x0000,0x0000,0x0000,0x0000,0x0000,0x0000,0x0000,0x0000,0x0000,0x0000,0xAD6C,
  0x98C7,0x0000,0x0000,0x8C84,0xCA0D,0xC1CB,0x8000,0x8421,0x8400,0x8000,0xD717,0xD717,0xD316,0xAE33,0x850A,0x8D2B,
  0x9DCF,0xB673,0xBE94,0x95D0,0x95AF,0x8000,0x8842,0x8842,0x8000,0xB989,0xC9EC,0x0000,0x0000,0x0000,0x896E,0x91D1,
  0x88A7,0x0000,0x0000,0x0000,0x0000,0x0000,0x0000,0x0000,0x0000,0x0000,0x0000,0x0000,0x0000,0x0000,0x0000,0x0000,
  0x0000,0x0000,0x0000,0x0000,0x0000,0x0000,0x0000,0x0000,0x0000,0x0000,0x0000,0x0000,0x0000,0x0000,0x0000,0xA14B,
  0x94C7,0x0000,0x98C6,0x8000,0xD22E,0x94A4,0x8C63,0x8C62,0x8842,0x8000,0x8509,0xAA73,0xAA73,0x8022,0x8D4B,0x958D,
  0xB672,0xBA73,0xBA93,0xB252,0x99CF,0x8021,0x8842,0x8842,0x8C62,0x8821,0xD22E,0x8C63,0x98C6,0x8C85,0x8E12,0x9EF8,
  0x84A7,0x0000,0x0000,0x0000,0x0000,0x0000,0x0000,0x0000,0x0000,0x0000,0x0000,0x0000,0x0000,0x0000,0x0000,0x0000,
  0x0000,0x0000,0x0000,0x0000,0x0000,0x0000,0x0000,0x0000,0x0000,0x0000,0x0000,0x0000,0x0000,0x0000,0x0000,0x8D2B,
  0x8885,0x98E7,0x9084,0xC5CB,0xDA70,0x8000,0x8C62,0x8C42,0x8000,0x8000,0x8000,0x8064,0x890A,0x916D,0x9DAF,0xA611,
  0xBE93,0xD2F6,0xB673,0xB672,0x892B,0x8000,0x8000,0x8400,0x9084,0x8421,0xC9EB,0xCE0D,0x9063,0x8464,0x858D,0x856E,
  0x88C7,0x8C63,0x0000,0x0000,0x0000,0x0000,0x0000,0x0000,0x0000,0x0000,0x0000,0x0000,0x0000,0x0000,0x0000,0x0000,
  0x0000,0x0000,0x0000,0x0000,0x0000,0x0000,0x0000,0x0000,0x0000,0x0000,0x0000,0x0000,0x0000,0x992A,0x8C63,0xAD6B,
  0x98C6,0x8863,0x8842,0xC1AA,0xEAF4,0xC1CB,0x8842,0x8000,0x8842,0x8C84,0x8000,0x8D2B,0x99AE,0xA5F0,0xBA73,0xC294,
  0xD2F5,0xCAD5,0xC2B4,0x9DF1,0x894C,0x8021,0x90C7,0x8CC7,0x8000,0x8400,0xDA4F,0xCE0D,0x8000,0x8863,0x8C64,0x8464,
  0x8000,0x8842,0xA0E7,0xB58B,0x0000,0x0000,0x0000,0x0000,0x0000,0x0000,0x0000,0x0000,0x0000,0x0000,0x0000,0x0000,
  0x0000,0x0000,0x0000,0x0000,0x0000,0x0000,0x0000,0x0000,0x0000,0x0000,0x0000,0x0000,0x8DB0,0x8DAF,0x8421,0xA108,
  0x8843,0x8CA6,0x8C63,0x9083,0xCE0C,0xEAF2,0xB567,0x8000,0x90A6,0x8842,0x8000,0x8D6D,0xA5F0,0xB672,0xBA93,0xCEF5,
  0xD2F6,0xC2B4,0xC2B4,0x99F0,0x8D8E,0x8043,0x8463,0x90C8,0x8000,0x8000,0xE6D2,0xB969,0x8000,0x8C63,0xAD48,0xAD48,
  0x8000,0x8C63,0x8421,0xAD49,0x94A5,0x0000,0x0000,0x0000,0x0000,0x0000,0x0000,0x0000,0x0000,0x0000,0x0000,0x0000,
  0x0000,0x0000,0x0000,0x0000,0x0000,0x0000,0x0000,0x0000,0x0000,0x0000,0x0000,0x0000,0x91CF,0x84A6,0x98C6,0x98C7,
  0x8C64,0x8863,0x8000,0x8000,0xB968,0xDA6F,0xEAF4,0xEF14,0xDE91,0x8000,0x8485,0x8D6C,0x95AE,0xB672,0xC2B4,0xD2F5,
  0xBA93,0xBE93,0xB652,0x91AF,0x890A,0x8086,0x84C7,0x8421,0xB989,0xEAF2,0xD22E,0x8000,0x8420,0x9882,0xBD23,0xCD85,
  0x8C41,0x8C63,0x9085,0x8C63,0xB18C,0x0000,0x0000,0x0000,0x0000,0x0000,0x0000,0x0000,0x0000,0x0000,0x0000,0x0000,
  0x0000,0x0000,0x0000,0x0000,0x0000,0x0000,0x0000,0x0000,0x0000,0x0000,0x0000,0x896E,0x8D6C,0x8CC7,0x98C7,0x9084,
  0x8C63,0x8421,0xA0E6,0x8842,0xC1AA,0xC9EB,0xDA6F,0xE2D1,0xEF14,0xE6D3,0xC5EB,0x8000,0x918D,0xB253,0xBE94,0xBE93,
  0xBA73,0xBA72,0xAE52,0x95AF,0x892B,0x8485,0x8442,0xD24E,0xEF35,0xD64E,0xC1CB,0x8000,0x9064,0x8421,0x8820,0xB8E1,
  0xA4A2,0x8000,0x9084,0x8C43,0xA54A,0x9D07,0x0000,0x0000,0x0000,0x0000,0x0000,0x0000,0x0000,0x0000,0x0000,0x0000,
  0x0000,0x0000,0x0000,0x0000,0x0000,0x0000,0x0000,0x0000,0x0000,0x0000,0x0000,0x91F1,0x8D2B,0x9063,0x9085,0x8421,
  0x8000,0xA506,0xA507,0x8421,0x9CC5,0xCE0D,0xDA6F,0xDA90,0xDE90,0xEAF3,0xEAF3,0xE2B1,0xA0C5,0x8000,0x99F0,0xA60F,
  0xAA30,0x9DEF,0x8D6C,0x992A,0x8021,0xB147,0xEAF2,0xEAD2,0xDA6F,0xCE0D,0xB147,0x8000,0x8C63,0x9084,0x8C63,0x8400,
  0xA4A2,0x9C60,0x8000,0x8420,0x98E7,0x9D08,0x0000,0x0000,0x0000,0x0000,0x0000,0x0000,0x0000,0x0000,0x0000,0x0000,
  0x0000,0x0000,0x0000,0x0000,0x0000,0x0000,0x0000,0x0000,0x0000,0x0000,0x0000,0x8DB0,0x8441,0x8C20,0xCD63,0x9461,
  0x8400,0x9084,0x98C6,0x98C6,0x8000,0xB989,0xC5EB,0xCA0D,0xDA6F,0xDA70,0xDE90,0xDE90,0xB969,0xEF12,0xDA6E,0xBDAA,
  0xDA4C,0xDA4D,0xDE6F,0xD20C,0x9483,0xD24E,0xD64F,0xD64F,0xD64F,0xBDAA,0xB147,0x8000,0x9CC6,0x9CE7,0x98C6,0x8C64,
  0x8C20,0xCD42,0xEE25,0xEE25,0xD9C4,0x9441,0x0000,0x0000,0x0000,0x0000,0x0000,0x0000,0x0000,0x0000,0x0000,0x0000,
  0x0000,0x0000,0x0000,0x0000,0x0000,0x0000,0x0000,0x0000,0x0000,0x0000,0x0000,0x9482,0xE1C3,0xE1E3,0xDDA4,0xCD62,
  0x8000,0x9CE7,0x98C6,0xA508,0x8C63,0xC1CB,0xD64F,0xC1CB,0xC5EC,0xDA6F,0xDA6F,0xDA6F,0xBDAA,0xC5EB,0xA907,0xA107,
  0xA108,0x98A5,0x98C5,0x98A5,0xB98B,0x8421,0xD64E,0xD64E,0xC1CB,0xBDAA,0xB548,0x8842,0xA929,0x9CC5,0x9CC6,0x9085,
  0x9040,0xACA1,0xD582,0xF666,0xF6A8,0xEE24,0xB923,0x0000,0x0000,0x0000,0x0000,0x0000,0x0000,0x0000,0x0000,0x0000,
  0x0000,0x0000,0x0000,0x0000,0x0000,0x0000,0x0000,0x0000,0x0000,0x0000,0x9881,0xD582,0xE1E3,0xFA88,0xE5E4,0xBD02,
  0x9461,0x94A5,0xB56A,0xA928,0x9CE7,0x9063,0xC5EC,0xD64F,0xD22E,0xCE2D,0xD64F,0xDA70,0xB989,0xC9EC,0xA927,0x98C5,
  0x98A5,0xA928,0x98C6,0x95AD,0x9CC6,0x8863,0xD64F,0xC9EC,0xC9EC,0xC9EC,0x8C42,0x94A4,0xA528,0xA508,0xA928,0x94A5,
  0x8000,0xE5E5,0xCD84,0xC963,0xB902,0xBD02,0xC102,0x0000,0x0000,0x0000,0x0000,0x0000,0x0000,0x0000,0x0000,0x0000,
  0x0000,0x0000,0x0000,0x0000,0x0000,0x0000,0x0000,0x0000,0x0000,0xAD27,0xB169,0xB8E1,0xEE25,0xA8A1,0xACA1,0xD9A3,
  0xD5A4,0x94A5,0x98C5,0x98A5,0xB149,0x8000,0xA0E5,0xCE2E,0xDA70,0xDA6F,0xCA0C,0xDA70,0xC9EC,0xC5EC,0xAD48,0x9064,
  0x9CC5,0x9CE6,0x9CE7,0xA0E7,0x98C6,0x9CC5,0xC1AA,0xD62E,0xD64F,0xB569,0x8000,0x8C63,0x9063,0x98A5,0xA508,0x94A5,
  0x8000,0xF267,0xEE25,0xEE04,0xD163,0xBD22,0xA082,0x8C42,0x0000,0x0000,0x0000,0x0000,0x0000,0x0000,0x0000,0x0000,
  0x0000,0x0000,0x0000,0x0000,0x0000,0x0000,0x0000,0x0000,0xB988,0xC9EB,0xC5EB,0x8000,0xBD01,0xCD41,0xD583,0xE1E4,
  0xE1E5,0x8842,0xAD49,0xB16A,0xAD49,0x9064,0xA0E5,0xA906,0xC5CB,0xD64F,0xD64E,0xC9EC,0xC9EC,0xC5EB,0xB148,0x8000,
  0x8421,0x8842,0x8842,0x8842,0x8000,0xBDAA,0xD64E,0xD22E,0xBDAA,0x9CA4,0x9462,0xE5E3,0xD183,0x8000,0x9483,0x9083,
  0x8000,0xFB10,0xFAAA,0xF245,0xEA25,0xE1C3,0x8C41,0xB969,0x9CC5,0x0000,0x0000,0x0000,0x0000,0x0000,0x0000,0x0000,
  0x0000,0x0000,0x0000,0x0000,0x0000,0x0000,0xB547,0xB126,0xB989,0xDE90,0xE6D2,0xB569,0xC963,0xF246,0xF6A9,0xDDE5,
  0xCDA6,0x8000,0x94A5,0xA0E7,0x9CC6,0x9CC6,0x9CC4,0xCE0D,0xC1AB,0xB568,0xC5CA,0xDA6F,0xCA0C,0xBDAA,0xB989,0x8842,
  0x98C5,0x94A4,0x94A4,0xAD27,0xC5CB,0xCE2E,0xD22E,0xBDAA,0x8C41,0xBD44,0xE604,0x9484,0x9484,0xA106,0xDDC5,0x9882,
  0x8821,0xA508,0xA4E6,0xC187,0xFB0E,0xE5E4,0x9483,0xC5CB,0xDA70,0xA4E5,0x0000,0x0000,0x0000,0x0000,0x0000,0x0000,
  0x0000,0x0000,0x0000,0x0000,0x0000,0xA4E5,0xC187,0xB526,0xA0C4,0xDE91,0xEAF3,0xD24F,0xC564,0xF288,0xACE3,0x9084,
  0xA0E7,0x8421,0x8C63,0xAD49,0xA929,0xA508,0x9084,0xCE0C,0xDE91,0xD22D,0xA927,0xC5CB,0xC9EC,0xB168,0xB989,0x8C63,
  0xA928,0xA506,0x9CC5,0xAD27,0xCE0D,0xC5EC,0xA506,0xA907,0xA4A2,0xFEEA,0x90A4,0x8299,0x86B9,0x8257,0xA926,0xE228,
  0x8C63,0xA508,0xA108,0xA929,0x94A4,0xDDA2,0xA0E6,0xE2B1,0xEAF3,0xCE0D,0x0000,0x0000,0x0000,0x0000,0x0000,0x0000,
  0x0000,0x0000,0x0000,0x0000,0x0000,0xC187,0xC9C8,0xDA6F,0xDE91,0xB568,0xEAF3,0xE6F3,0x9062,0x9CC6,0xA4E7,0xA929,
  0xA509,0x8421,0x8421,0xA0E7,0xAD49,0xA928,0x9CE7,0xB569,0xE2B1,0xE6D2,0xDE90,0xB147,0xAD27,0x9CC5,0xA506,0x8421,
  0x9083,0x9484,0x9084,0xB147,0xAD27,0xA506,0xC5CB,0xC9EC,0xC122,0xDE27,0x8236,0xFFFF,0x8F1B,0x82DA,0x858F,0xCDA6,
  0x8000,0x9CC6,0x9CE7,0xA108,0x8C63,0xB902,0xA507,0xEAF3,0xEAD2,0xD64F,0xA0E6,0x0000,0x0000,0x0000,0x0000,0x0000,
  0x0000,0x0000,0x0000,0x0000,0xAD06,0xC5A8,0xB126,0xEF14,0xEB14,0xC1CC,0xC5CB,0xE6D2,0xBD89,0x9084,0xA0E6,0x9CC6,
  0xA929,0x9062,0x8C42,0x9CC6,0xA929,0xAD4A,0x9CE7,0x8842,0xD64E,0xE6D3,0xEAF4,0xEAF3,0xDA6F,0xD22E,0xC5EB,0x8C42,
  0xA8E4,0xAD04,0x9083,0xC5EB,0xD64F,0xE2B1,0xD64E,0x8421,0xCD83,0x9CC5,0x8257,0x82B8,0x8298,0x8299,0x8676,0x90A5,
  0xA4A2,0x98C6,0x9CE7,0x98A5,0x94A5,0x8C63,0x9CC5,0xE6D2,0xE2B1,0xE6F3,0xD64F,0x0000,0x0000,0x0000,0x0000,0x0000,
  0x0000,0x0000,0x0000,0x0000,0xA905,0xB547,0xDA70,0xE6D3,0xEB14,0xDEB2,0xA4E6,0xE2B1,0xC5CB,0x9084,0xA0E7,0x98C5,
  0x9CE7,0x9484,0xC9CB,0x9064,0xAD49,0xA508,0x9CC6,0x8863,0xC9EC,0xEAF3,0xE2D2,0xE6D2,0xE6F3,0xE6D2,0xDA6F,0x8C62,
  0xB546,0xD1E9,0xA906,0xC5CB,0xE2B1,0xE2D2,0xDA70,0x8000,0xB0C2,0xD9A6,0x85F2,0x973C,0x8277,0xA35D,0x858E,0xB567,
  0xA4A1,0x98C6,0x98A5,0x98A5,0x94A5,0x8C63,0x9CC5,0xE6D2,0xCE0D,0xE6D2,0xDE91,0xBDAB,0x0000,0x0000,0x0000,0x0000,
  0x0000,0x0000,0x0000,0x0000,0xC187,0xAD06,0xE6B1,0xE2B2,0xE6D2,0xE2B1,0xB568,0xD64F,0xCE0D,0x94A5,0x9CC6,0xA0C6,
  0x90A5,0xB525,0xDA4F,0x9484,0xACE3,0xB503,0xC542,0xBD23,0x8401,0xE6D2,0xEAF3,0xE2B1,0xE2B1,0xEAF3,0xE6F3,0x9063,
  0xB967,0xD20A,0xB968,0x8862,0xE6D2,0xE2B1,0xDE90,0xC5CB,0x9061,0xE606,0x90C5,0x89D1,0x9297,0x8A13,0xA504,0xD1A5,
  0x8000,0x94A5,0x9CC6,0x98C6,0x8000,0x9083,0xC9EC,0xE2D2,0xB98A,0xE6D2,0xDE70,0xBDAA,0x0000,0x0000,0x0000,0x0000,
  0x0000,0x0000,0x0000,0xB126,0xC187,0xD64E,0xE6F3,0xE6D2,0xDA6F,0xE291,0xDA6F,0xA906,0xCA0C,0x9485,0x9CC6,0x94A5,
  0x94A6,0xBD67,0xDE91,0x8000,0xE1E4,0xE5C4,0x98A3,0xA4E5,0x8420,0xD64F,0xE6F3,0xE6F3,0xE6F3,0xEAF3,0xE6F3,0xD24E,
  0xA906,0xD60B,0xD20B,0x8421,0xDE90,0xE2B1,0xE2B1,0xCE2E,0x9062,0x8000,0xE1E6,0x8C62,0x90A4,0xB546,0xCDA6,0x8C41,
  0x8000,0x94A5,0x94A5,0x94A5,0x8421,0x8400,0xC9EC,0xD24E,0xC1CB,0xE2B1,0xDE90,0xD64F,0x0000,0x0000,0x0000,0x0000,
  0x0000,0x0000,0x0000,0xC188,0xBD67,0xDE6F,0xE6D2,0xE6D2,0xDA6F,0xDE91,0xDA6F,0x9083,0xC5CB,0x9085,0x94A5,0x94A5,
  0x9084,0xC165,0xE68E,0x8400,0xB4E2,0x9483,0xB147,0xA906,0x8C62,0xA927,0xAD47,0xB568,0xB989,0xB568,0xAD48,0xB168,
  0xA905,0xD1E9,0xD60A,0x8842,0xB169,0xB589,0xA507,0x9CC5,0xB0E2,0x8420,0xA0A1,0xC122,0xC122,0xB4E2,0x9040,0x94A3,
  0x8000,0x94A4,0x98A4,0x9484,0x8842,0x8000,0xC5EB,0xD64E,0xD22D,0xDE70,0xDA6F,0xD22D,0x0000,0x0000,0x0000,0x0000,
  0x0000,0x0000,0x0000,0xC188,0xA8E5,0xDE90,0xDA70,0xDE90,0xD64F,0xD66F,0xD64F,0x98A5,0xA4E5,0x9084,0x9485,0x8C64,
  0x8C63,0xBD68,0xE26D,0xBD66,0x9084,0xB126,0xAD26,0xAD26,0x9063,0x8909,0x918E,0xA652,0xA253,0x9E12,0x916D,0x918E,
  0x8CA5,0xC9C8,0xDE6D,0x8421,0x8D4C,0x95F1,0x8D8E,0x890B,0xCD64,0xD983,0xB0E3,0x8000,0x8000,0x9461,0xACE3,0x9484,
  0x8820,0x9084,0xAD06,0xA906,0x8422,0x9883,0xBDAA,0xA4E6,0xCE0D,0xDA70,0xC9EC,0xD24E,0xBDAB,0x0000,0x0000,0x0000,
  0x0000,0x0000,0xAD26,0xC188,0xAD26,0xDA4F,0xDE91,0xDA4F,0xDA4F,0xCA0D,0xDA70,0xA107,0x8842,0xF667,0xEA26,0xA8A2,
  0x9062,0xC167,0xE24B,0xBD46,0x9083,0xAD06,0xAD26,0xA0C5,0xA0C4,0x8CC7,0x892A,0x91AD,0x91D0,0x914B,0x918E,0x95AE,
  0x8C85,0xB546,0xCDEB,0xAD26,0x892C,0x918E,0x8CE8,0x8CA5,0xD584,0xDDC4,0xC101,0x9CA3,0xD584,0xC942,0xC943,0x9084,
  0x8820,0x9484,0x9CA4,0x9CC5,0x8C64,0x8821,0xC1AB,0xA506,0xCE0D,0xD66F,0xC9EC,0xD22D,0xCA2D,0x0000,0x0000,0x0000,
  0x0000,0x0000,0xC188,0xAD26,0xD64F,0xDA6F,0xD64F,0xD66F,0xDA6F,0xCE0D,0xC5CB,0xA0E7,0x8000,0xD583,0xD163,0xACA1,
  0x8420,0xC167,0xD9E9,0xC166,0x8000,0x9CA4,0xA0E6,0xA0E6,0x98C6,0xB147,0xD22D,0xDA6F,0xDA70,0xDEB2,0xE2B2,0xD22E,
  0x8C62,0xB125,0xC1A9,0xB547,0xC1CB,0xE2B2,0xD62E,0x9882,0xD163,0xCD63,0xB0C2,0xA8C3,0xEE69,0xCD62,0xBD23,0xA107,
  0xBD88,0x8421,0x98A5,0x94A5,0x94A5,0x8420,0xA906,0xC5CB,0xD22E,0xC5EC,0xC9EC,0xD24E,0xD24F,0x0000,0x0000,0x0000,
  0x0000,0x0000,0x0000,0x0000,0x0000,0x0000,0x0000,0x0000,0x0000,0x0000,0x0000,0x0000,0x0000,0x0000,0x0000,0x0000,
  0x0000,0x0000,0x0000,0x0000,0x0000,0x0000,0x0000,0x0000,0x0000,0x0000,0x0000,0x0000,0x0000,0x0000,0x0000,0x0000,
  0x0000,0x0000,0x0000,0x0000,0x0000,0x0000,0x0000,0x0000,0x0000,0x0000,0x0000,0x0000,0x0000,0x0000,0x0000,0x0000,
  0x0000,0x0000,0x0000,0x0000,0x0000,0x0000,0x0000,0x0000,0x0000,0x0000,0x0000,0x0000,0x0000,0x0000,0x0000,0x0000,
  0x0000,0x0000,0x0000,0x0000,0x0000,0x0000,0x0000,0x0000,0x0000,0x0000,0x0000,0x0000,0x0000,0x0000,0x0000,0x0000,
  0x0000,0x0000,0x0000,0x0000,0x0000,0x0000,0x0000,0x0000,0x0000,0x0000,0x0000,0x0000,0x0000,0x0000,0x0000,0x0000,
  0x0000,0x0000,0x0000,0x0000,0x0000,0x0000,0x0000,0x0000,0x0000,0x0000,0x0000,0x0000,0x0000,0x0000,0x0000,0x0000,
  0x0000,0x0000,0x0000,0x0000,0x0000,0x0000,0x0000,0x0000,0x0000,0x0000,0x0000,0x0000,0x0000,0x0000,0x0000,0x0000,
 },
 {
  0x0000,0x0000,0x0000,0x0000,0x0000,0x0000,0x0000,0x0000,0x0000,0x0000,0x0000,0x0000,0x0000,0x0000,0x0000,0x0000,
  0x0000,0x0000,0x0000,0x0000,0x0000,0x0000,0x0000,0x0000,0x0000,0x0000,0x0000,0x0000,0x0000,0x0000,0x0000,0x0000,
  0x0000,0x0000,0x0000,0x0000,0x0000,0x0000,0x0000,0x0000,0x0000,0x0000,0x0000,0x0000,0x0000,0x0000,0x0000,0x0000,
  0x0000,0x0000,0x0000,0x0000,0x0000,0x0000,0x0000,0x0000,0x0000,0x0000,0x0000,0x0000,0x0000,0x0000,0x0000,0x0000,
  0x0000,0x0000,0x0000,0x0000,0x0000,0x0000,0x0000,0x0000,0x0000,0x0000,0x0000,0x0000,0x0000,0x0000,0x0000,0x0000,
  0x0000,0x0000,0x0000,0x0000,0x0000,0x0000,0x0000,0x0000,0x0000,0x0000,0x0000,0x0000,0x0000,0x0000,0x0000,0x0000,
  0x0000,0x0000,0x0000,0x0000,0x0000,0x0000,0x0000,0x0000,0x0000,0x0000,0x0000,0x0000,0x0000,0x0000,0x0000,0x0000,
  0x0000,0x0000,0x0000,0x0000,0x0000,0x0000,0x0000,0x0000,0x0000,0x0000,0x0000,0x0000,0x0000,0x0000,0x0000,0x0000,
  0x0000,0x0000,0x0000,0x0000,0x0000,0x0000,0x0000,0x0000,0x0000,0x0000,0x0000,0x0000,0x0000,0x0000,0x0000,0x0000,
  0x0000,0x0000,0x0000,0x0000,0x0000,0x0000,0x0000,0x0000,0x0000,0x0000,0x0000,0x0000,0x0000,0x0000,0x0000,0x0000,
  0x0000,0x0000,0x0000,0x0000,0x0000,0x0000,0x0000,0x0000,0x0000,0x0000,0x0000,0x0000,0x0000,0x0000,0x0000,0x0000,
  0x0000,0x0000,0x0000,0x0000,0x0000,0x0000,0x0000,0x0000,0x0000,0x0000,0x0000,0x0000,0x0000,0x0000,0x0000,0x0000,
  0x0000,0x0000,0x0000,0x0000,0x0000,0x0000,0x0000,0x0000,0x0000,0x0000,0x0000,0x0000,0x0000,0x0000,0x0000,0x0000,
  0x0000,0x0000,0x0000,0x0000,0x0000,0x0000,0x0000,0x0000,0x0000,0x0000,0x0000,0x0000,0x0000,0x0000,0x0000,0x0000,
  0x0000,0x0000,0x0000,0x0000,0x0000,0x0000,0x0000,0x0000,0x0000,0x0000,0x0000,0x0000,0x0000,0x0000,0x0000,0x0000,
  0x0000,0x0000,0x0000,0x0000,0x0000,0x0000,0x0000,0x0000,0x0000,0x0000,0x0000,0x0000,0x0000,0x0000,0x0000,0x0000,
  0x0000,0x0000,0x0000,0x0000,0x0000,0x0000,0x0000,0x0000,0x0000,0x0000,0x0000,0x0000,0x0000,0x0000,0x0000,0x0000,
  0x0000,0x0000,0x0000,0x0000,0x0000,0x0000,0x0000,0x0000,0x0000,0x0000,0x0000,0x0000,0x0000,0xB086,0xB486,0xB485,
  0xB486,0xB485,0xB886,0xB8A6,0xB065,0x0000,0x0000,0x0000,0x0000,0x0000,0x0000,0x0000,0x0000,0x0000,0x0000,0x0000,
  0x0000,0x0000,0x0000,0x0000,0x0000,0x0000,0x0000,0x0000,0x0000,0x0000,0x0000,0x0000,0x0000,0x0000,0x0000,0x0000,
  0x0000,0x0000,0x0000,0x0000,0x0000,0x0000,0x0000,0x0000,0x0000,0x0000,0x0000,0x0000,0x0000,0x0000,0x0000,0x0000,
  0x0000,0x0000,0x0000,0x0000,0x0000,0x0000,0x0000,0x0000,0x0000,0x0000,0x0000,0xA485,0xB486,0xB486,0xB486,0xB486,
  0xB886,0xB8A6,0xB8A6,0xB8A6,0xBCA7,0xBCA7,0xB085,0xACA5,0x0000,0x0000,0x0000,0x0000,0x0000,0x0000,0x0000,0x0000,
  0x0000,0x0000,0x0000,0x0000,0x0000,0x0000,0x0000,0x0000,0x0000,0x0000,0x0000,0x0000,0x0000,0x0000,0x0000,0x0000,
  0x0000,0x0000,0x0000,0x0000,0x0000,0x0000,0x0000,0x0000,0x0000,0x0000,0x0000,0x0000,0x0000,0x0000,0x0000,0x0000,
  0x0000,0x0000,0x0000,0x0000,0x0000,0x0000,0x0000,0x0000,0x0000,0xB0A6,0xB086,0xB486,0xB486,0xC4A6,0xC4A6,0xB8A6,
  0xB8A6,0xB8A6,0xB8A6,0xB8A6,0xB8A6,0xB8A6,0xB486,0xBCA6,0xC0C7,0xAC85,0x0000,0x0000,0x0000,0x0000,0x0000,0x0000,
  0x0000,0x0000,0x0000,0x0000,0x0000,0x0000,0x0000,0x0000,0x0000,0x0000,0x0000,0x0000,0x0000,0x0000,0x0000,0x0000,
  0x0000,0x0000,0x0000,0x0000,0x0000,0x0000,0x0000,0x0000,0x0000,0x0000,0x0000,0x0000,0x0000,0x0000,0x0000,0x0000,
  0x0000,0x0000,0x0000,0x0000,0x0000,0x0000,0x0000,0x0000,0xB4A6,0xB486,0xB485,0xB486,0xC4C7,0xC4A6,0xB886,0xB8A6,
  0xB8A6,0xB8A6,0xB8A6,0xB8A6,0xB8A6,0xB4A6,0xB8A6,0xAC85,0xBCA6,0xC0A7,0xA865,0x0000,0x0000,0x0000,0x0000,0x0000,
  0x0000,0x0000,0x0000,0x0000,0x0000,0x0000,0x0000,0x0000,0x0000,0x0000,0x0000,0x0000,0x0000,0x0000,0x0000,0x0000,
  0x0000,0x0000,0x0000,0x0000,0x0000,0x0000,0x0000,0x0000,0x0000,0x0000,0x0000,0x0000,0x0000,0x0000,0x0000,0x0000,
  0x0000,0x0000,0x0000,0x0000,0x0000,0x0000,0x0000,0xB8A6,0xB8A6,0xB485,0xB886,0xC4C7,0xBCA7,0xB086,0xB086,0xBCA6,
  0xBCA6,0xB8A6,0xB8A6,0xB8A6,0xB8A6,0xB8A6,0xB8A6,0xB8A6,0xB8A6,0xBCA6,0xBCA6,0xA885,0x0000,0x0000,0x0000,0x0000,
  0x0000,0x0000,0x0000,0x0000,0x0000,0x0000,0x0000,0x0000,0x0000,0x0000,0x0000,0x0000,0x0000,0x0000,0x0000,0x0000,
  0x0000,0x0000,0x0000,0x0000,0x0000,0x0000,0x0000,0x0000,0x0000,0x0000,0x0000,0x0000,0x0000,0x0000,0x0000,0x0000,
  0x0000,0x0000,0x0000,0x0000,0x0000,0x0000,0xBCA6,0xB085,0xAC85,0xC0C7,0xC4A7,0xB8A6,0xB086,0xAC85,0xC0C7,0xCCC7,
  0xB8A6,0xB8A6,0xB8A6,0xB8A6,0xB8A6,0xB8A6,0xB8A6,0xB8A6,0xB8A6,0xC4C7,0xC8C7,0xC8C7,0xC8C7,0xBCA6,0x0000,0x0000,
  0x0000,0x0000,0x0000,0x0000,0x0000,0x0000,0x0000,0x0000,0x0000,0x0000,0x0000,0x0000,0x0000,0x0000,0x0000,0x0000,
  0x0000,0x0000,0x0000,0x0000,0x0000,0x0000,0x0000,0x0000,0x0000,0x0000,0x0000,0x0000,0x0000,0x0000,0x0000,0x0000,
  0x0000,0x0000,0x0000,0x0000,0xB085,0xB886,0xAC65,0xA064,0xC0C7,0xC4C7,0xC0A7,0xB086,0xB085,0xB086,0xC8C7,0xC0A7,
  0xB886,0xB8A6,0xB8A6,0xB8A6,0xB8A6,0xB8A6,0xB8A6,0xB8A6,0xC8C7,0xC8C7,0xCCC7,0xC4C7,0xC8C7,0xC8A7,0xB4A6,0x0000,
  0x0000,0x0000,0x0000,0x0000,0x0000,0x0000,0x0000,0x0000,0x0000,0x0000,0x0000,0x0000,0x0000,0x0000,0x0000,0x0000,
  0x0000,0x0000,0x0000,0x0000,0x0000,0x0000,0x0000,0x0000,0x0000,0x0000,0x0000,0x0000,0x0000,0x0000,0x0000,0x0000,
  0x0000,0x0000,0x0000,0xB886,0xB886,0xAC65,0xA044,0xC0C7,0xC4A7,0xB486,0xB085,0xB086,0xB486,0xC8C7,0xBCA6,0xB8A6,
  0xB8A6,0xB8A6,0xB8A6,0xB8A6,0xB8A6,0xC8C8,0xC8C7,0xC8C7,0xC8C7,0x8401,0x8000,0x8000,0x8000,0x8822,0xBCA7,0x0000,
  0x0000,0x0000,0x0000,0x0000,0x0000,0x0000,0x0000,0x0000,0x0000,0x0000,0x0000,0x0000,0x0000,0x0000,0x0000,0x0000,
  0x0000,0x0000,0x0000,0x0000,0x0000,0x0000,0x0000,0x0000,0x0000,0x0000,0x0000,0x0000,0x0000,0x0000,0x0000,0x0000,
  0x0000,0x0000,0xB8A6,0xB486,0xAC65,0x9843,0xB886,0xC4A7,0xB486,0xB085,0xB086,0xB086,0xC4C7,0xC8C7,0xB8A6,0xB8A6,
  0xB8A6,0xB8A6,0xB8A6,0xC8C7,0xC8C7,0xC8C7,0xC4C7,0x8000,0x8000,0x8000,0x8000,0x8000,0x8000,0x8822,0xAC65,0xB8A6,
  0x0000,0x0000,0x0000,0x0000,0x0000,0x0000,0x0000,0x0000,0x0000,0x0000,0x0000,0x0000,0x0000,0x0000,0x0000,0x0000,
  0x0000,0x0000,0x0000,0x0000,0x0000,0x0000,0x0000,0x0000,0x0000,0x0000,0x0000,0x0000,0x0000,0x0000,0x0000,0x0000,
  0x0000,0xAC85,0xB486,0xB085,0x9C64,0xA865,0xC4C7,0xC0A7,0xB086,0xB086,0xB086,0xB486,0xC8C7,0xC8C7,0xB8A6,0xB8A6,
  0xB8A6,0xB8A6,0xC4C7,0xCCC7,0xC0A6,0x9C43,0x8000,0x8000,0x8000,0x8000,0x8000,0x8000,0x8000,0x8000,0x9423,0xB486,
  0x0000,0x0000,0x0000,0x0000,0x0000,0x0000,0x0000,0x0000,0x0000,0x0000,0x0000,0x0000,0x0000,0x0000,0x0000,0x0000,
  0x0000,0x0000,0x0000,0x0000,0x0000,0x0000,0x0000,0x0000,0x0000,0x0000,0x0000,0x0000,0x0000,0x0000,0x0000,0x0000,
  0x0000,0xB486,0xA865,0x9843,0x9023,0xC8C7,0xB485,0xB086,0xB086,0xB086,0xB086,0xC4C7,0xC8C7,0xB886,0xB8A6,0xB8A6,
  0xBCA6,0xC8C7,0xC8C7,0xA044,0x8000,0x8422,0x8843,0x8000,0x8421,0x8422,0x8822,0x8422,0x8000,0x8000,0x8801,0xB085,
  0xA464,0x0000,0x0000,0x0000,0x0000,0x0000,0x0000,0x0000,0x0000,0x0000,0x0000,0x0000,0x0000,0x0000,0x0000,0x0000,
  0x0000,0x0000,0x0000,0x0000,0x0000,0x0000,0x0000,0x0000,0x0000,0x0000,0x0000,0x0000,0x0000,0x0000,0x0000,0x0000,
  0x0000,0xAC65,0xA044,0x9023,0xC4A6,0xC8C7,0xB085,0xB086,0xB086,0xB086,0xB085,0xC8C7,0xB8A6,0xB8A6,0xB8A6,0xC4C7,
  0xC8C7,0xC8C7,0xAC64,0x8000,0x8843,0x9064,0x94A5,0x8822,0x8422,0x8842,0x8C63,0x8842,0x8842,0x8000,0x8000,0xA464,
  0xB085,0x0000,0x0000,0x0000,0x0000,0x0000,0x0000,0x0000,0x0000,0x0000,0x0000,0x0000,0x0000,0x0000,0x0000,0x0000,
  0x0000,0x0000,0x0000,0x0000,0x0000,0x0000,0x0000,0x0000,0x0000,0x0000,0x0000,0x0000,0x0000,0x0000,0x0000,0x0000,
  0x0000,0x0000,0x9022,0xA885,0xC4C7,0xBCA6,0xB086,0xB085,0xB085,0xB085,0xB886,0xC8C7,0xB4A6,0xB8A6,0xC4C7,0xC8C7,
  0xC4C7,0x8000,0x8000,0x8843,0x9085,0x9084,0xA4E8,0x8C43,0x8842,0x8C63,0x8C63,0x8C64,0x8842,0x8000,0x8000,0x8C21,
  0xB085,0x0000,0x0000,0x0000,0x0000,0x0000,0x0000,0x0000,0x0000,0x0000,0x0000,0x0000,0x0000,0x0000,0x0000,0x0000,
  0x0000,0x0000,0x0000,0x0000,0x0000,0x0000,0x0000,0x0000,0x0000,0x0000,0x0000,0x0000,0x0000,0x0000,0x0000,0x0000,
  0x0000,0x0000,0xC0C8,0xC4C7,0xB086,0xB086,0xB085,0xB085,0xB086,0xB486,0xC4C7,0xB4A6,0xB8A6,0xC8C7,0xC8C7,0x9C43,
  0x8000,0x8843,0x9084,0x98A6,0xA92A,0xA929,0xA509,0xA4E8,0x8C43,0x9085,0x9085,0x9084,0x8C63,0x8843,0x8000,0x8000,
  0xB486,0xB8A6,0x0000,0x0000,0x0000,0x0000,0x0000,0x0000,0x0000,0x0000,0x0000,0x0000,0x0000,0x0000,0x0000,0x0000,
  0x0000,0x0000,0x0000,0x0000,0x0000,0x0000,0x0000,0x0000,0x0000,0x0000,0x0000,0x0000,0x0000,0x0000,0x0000,0x0000,
  0x0000,0x0000,0xC4C7,0xBCA6,0xB086,0xB085,0xAC85,0xB085,0xB086,0xBCA6,0xC4C7,0xB4A6,0xC8C7,0xC8C7,0x8C21,0x8000,
  0x8842,0x9084,0x9485,0xA509,0xA509,0xA509,0xA509,0xAD2A,0x9085,0x9085,0x9085,0x9085,0x8C63,0x9085,0x8000,0x8000,
  0xA465,0xB486,0x0000,0x0000,0x0000,0x0000,0x0000,0x0000,0x0000,0x0000,0x0000,0x0000,0x0000,0x0000,0x0000,0x0000,
  0x0000,0x0000,0x0000,0x0000,0x0000,0x0000,0x0000,0x0000,0x0000,0x0000,0x0000,0x0000,0x0000,0x0000,0x0000,0x0000,
  0x0000,0xC0A7,0xBCA6,0xB085,0xA885,0xB085,0xB085,0xB086,0xB086,0xC4C7,0xC8C7,0xC8C7,0xB8A6,0x9421,0x8421,0x8C63,
  0x9064,0x9CC7,0xA509,0xB56C,0xA508,0xA508,0xA508,0xB16B,0x9085,0x9084,0x9085,0x9085,0x9064,0x8C64,0x8842,0x8000,
  0x8C22,0xB486,0xA885,0x0000,0x0000,0x0000,0x0000,0x0000,0x0000,0x0000,0x0000,0x0000,0x0000,0x0000,0x0000,0x0000,
  0x0000,0x0000,0x0000,0x0000,0x0000,0x0000,0x0000,0x0000,0x0000,0x0000,0x0000,0x0000,0x0000,0x0000,0x0000,0x0000,
  0x0000,0xC0A7,0xB086,0xB086,0xA064,0xB085,0xB085,0xB085,0xC8C7,0xC4C7,0xC4C7,0xC4C7,0x8000,0x8000,0x8C64,0x9485,
  0x98A6,0xA509,0xA509,0xB58C,0xAD4A,0xA508,0xA508,0xB14B,0x9085,0x9085,0x9085,0x9085,0x9485,0x9064,0x94A6,0x8000,
  0x8000,0xB486,0xB486,0x0000,0x0000,0x0000,0x0000,0x0000,0x0000,0x0000,0x0000,0x0000,0x0000,0x0000,0x0000,0x0000,
  0x0000,0x0000,0x0000,0x0000,0x0000,0x0000,0x0000,0x0000,0x0000,0x0000,0x0000,0x0000,0x0000,0x0000,0x0000,0x0000,
  0xC0A7,0xC0A7,0xB085,0xA465,0xAC85,0xB085,0xB085,0xB086,0xC8C7,0xC8C7,0xC8C7,0xAC64,0x8000,0x8000,0x8000,0x9084,
  0xA509,0xB98D,0xA509,0xA508,0xB14B,0xA509,0xA4E8,0xAD2A,0x9085,0x9085,0x9085,0x9085,0x9064,0xA0E8,0x8000,0x8000,
  0x8000,0xAC85,0xB4A6,0x0000,0x0000,0x0000,0x0000,0x0000,0x0000,0x0000,0x0000,0x0000,0x0000,0x0000,0x0000,0x0000,
  0x0000,0x0000,0x0000,0x0000,0x0000,0x0000,0x0000,0x0000,0x0000,0x0000,0x0000,0x0000,0x0000,0x0000,0x0000,0xB8A6,
  0xC0A6,0xB085,0xB085,0xA064,0xB085,0xB085,0xB085,0xC4C7,0xC4C7,0xC4C7,0x9843,0x8000,0x8422,0x8C40,0xB901,0xACC1,
  0xA4C2,0x8842,0x9084,0xA508,0xBDCD,0xB16B,0xA0E8,0xA929,0x9084,0x9085,0x9CC7,0x9085,0x9064,0x9861,0x8000,0x8000,
  0x8000,0xA064,0xB486,0x0000,0x0000,0x0000,0x0000,0x0000,0x0000,0x0000,0x0000,0x0000,0x0000,0x0000,0x0000,0x0000,
  0x0000,0x0000,0x0000,0x0000,0x0000,0x0000,0x0000,0x0000,0x0000,0x0000,0x0000,0x0000,0x0000,0x0000,0x0000,0xBCA7,
  0xAC65,0xAC85,0x9C44,0xA064,0xB086,0xB086,0xB085,0xC4C7,0xC4C7,0xBCA6,0x8000,0x8000,0x8843,0x8421,0xC941,0xE1C1,
  0xE1E1,0xFF09,0xD9A1,0x8400,0x8000,0x98A5,0xAD4B,0xAD4B,0x98C7,0x94A5,0x8000,0x8000,0xBD01,0xC120,0x8000,0x8000,
  0x8000,0x9023,0xA864,0x0000,0x0000,0x0000,0x0000,0x0000,0x0000,0x0000,0x0000,0x0000,0x0000,0x0000,0x0000,0x0000,
  0x0000,0x0000,0x0000,0x0000,0x0000,0x0000,0x0000,0x0000,0x0000,0x0000,0x0000,0x0000,0x0000,0x0000,0xB086,0xBCA7,
  0xB065,0xB085,0x9C44,0xA465,0xB085,0xB086,0xBCA6,0xC4C7,0xC0C7,0x9442,0x8000,0x8421,0x8843,0x8842,0xB8E0,0xEE01,
  0xFA85,0xFF96,0xFEC6,0xEE22,0xC520,0x9861,0x9040,0x8400,0x8000,0x9040,0xA8A0,0xC920,0xE5E1,0xC500,0x8000,0x8000,
  0x8401,0x8401,0xA864,0x0000,0x0000,0x0000,0x0000,0x0000,0x0000,0x0000,0x0000,0x0000,0x0000,0x0000,0x0000,0x0000,
  0x0000,0x0000,0x0000,0x0000,0x0000,0x0000,0x0000,0x0000,0x0000,0x0000,0x0000,0x0000,0x0000,0x0000,0xB886,0xAC65,
  0xAC65,0xAC65,0x9443,0xA465,0xB086,0xB085,0xC4C7,0xC4C7,0x8400,0x8000,0x8000,0x8842,0x9084,0x9085,0xA929,0x9483,
  0x8820,0xF685,0xFEE8,0xFACA,0xF664,0xF643,0xFACB,0xFEC9,0xBD01,0xC121,0xD581,0xEA23,0xD9A3,0x8401,0x8000,0x8000,
  0x8401,0x8401,0xAC64,0x0000,0x0000,0x0000,0x0000,0x0000,0x0000,0x0000,0x0000,0x0000,0x0000,0x0000,0x0000,0x0000,
  0x0000,0x0000,0x0000,0x0000,0x0000,0x0000,0x0000,0x0000,0x0000,0x0000,0x0000,0x0000,0x0000,0x0000,0xB486,0xAC85,
  0xAC65,0xA885,0x9443,0xAC85,0xB086,0xB8A6,0xC4C7,0xB485,0x8000,0x8000,0x8000,0x8400,0x9485,0x98C7,0x98A6,0xA509,
  0xAD4A,0x8421,0xE1C0,0xFEEA,0xF663,0xF642,0xF687,0xFEEA,0xBCE0,0xBD00,0xD181,0xB0C1,0x8821,0x94A6,0x8000,0x8000,
  0x8401,0x8401,0x8C22,0xB486,0x0000,0x0000,0x0000,0x0000,0x0000,0x0000,0x0000,0x0000,0x0000,0x0000,0x0000,0x0000,
  0x0000,0x0000,0x0000,0x0000,0x0000,0x0000,0x0000,0x0000,0x0000,0x0000,0x0000,0x0000,0x0000,0xB486,0xAC65,0xAC85,
  0xAC65,0x9844,0x9843,0xB086,0xB085,0xC4C7,0xC4C7,0x8000,0x8000,0x8000,0x8421,0xB4E1,0x8C21,0x98A6,0x9CC7,0xA0E7,
  0xA509,0xB16C,0xB16C,0xD9E5,0xF663,0xF643,0xFAC8,0xFE85,0xA4A2,0x8421,0x98A6,0x94A5,0x9084,0x9085,0x8000,0x8401,
  0x8401,0x8401,0x8802,0xB486,0x0000,0x0000,0x0000,0x0000,0x0000,0x0000,0x0000,0x0000,0x0000,0x0000,0x0000,0x0000,
  0x0000,0x0000,0x0000,0x0000,0x0000,0x0000,0x0000,0x0000,0x0000,0x0000,0x0000,0x0000,0xB485,0xAC65,0xAC65,0xAC65,
  0xAC65,0x9844,0xB486,0xB486,0xC4C7,0xC8E8,0x8000,0x8000,0x8000,0x8000,0x8422,0x8421,0xD582,0x8401,0x9064,0xAD4A,
  0xA509,0xA508,0xA108,0xAD4B,0xF202,0xFEC8,0xFAC8,0xE1C1,0x9084,0x8C64,0x9084,0x9084,0x98A6,0xA060,0x8000,0x8802,
  0x8401,0x8802,0x8802,0xB8A6,0x0000,0x0000,0x0000,0x0000,0x0000,0x0000,0x0000,0x0000,0x0000,0x0000,0x0000,0x0000,
  0x0000,0x0000,0x0000,0x0000,0x0000,0x0000,0x0000,0x0000,0x0000,0x0000,0x0000,0x0000,0xB486,0xAC65,0xAC65,0xAC65,
  0xAC65,0x9443,0xB486,0xBCA7,0xC8C7,0xC8C8,0x8000,0x8000,0x8000,0x8000,0x8422,0x8C63,0xA4E5,0xE5E3,0x8C20,0x94A5,
  0xAD4B,0xA0E8,0xA0E8,0xA508,0x9064,0xF222,0xFAA6,0xD561,0x94A5,0x9064,0x9064,0x94A5,0x9041,0x8000,0x8000,0x8822,
  0x8401,0x8822,0x8802,0xB8A6,0x0000,0x0000,0x0000,0x0000,0x0000,0x0000,0x0000,0x0000,0x0000,0x0000,0x0000,0x0000,
  0x0000,0x0000,0x0000,0x0000,0x0000,0x0000,0x0000,0x0000,0x0000,0x0000,0x0000,0x0000,0xB085,0xAC65,0xAC65,0xAC65,
  0xA464,0xB085,0xB485,0xC4C7,0xC8C7,0x8000,0x8000,0x8000,0x8000,0x8000,0x8422,0x8C64,0x9064,0x9CA4,0xE5E3,0x8821,
  0x8842,0xAD4B,0xA108,0xA108,0xA92A,0xA508,0xFA86,0xCD41,0x9085,0x9084,0x9485,0x9083,0xBD02,0x8000,0x8000,0x8822,
  0x8801,0x8C22,0x8C22,0xAC65,0xB486,0x0000,0x0000,0x0000,0x0000,0x0000,0x0000,0x0000,0x0000,0x0000,0x0000,0x0000,
  0x0000,0x0000,0x0000,0x0000,0x0000,0x0000,0x0000,0x0000,0x0000,0x0000,0x0000,0xB485,0xAC65,0xAC85,0xAC65,0xAC85,
  0xA464,0xB886,0xC4C7,0xC8C7,0xAC64,0x8000,0x8822,0x8000,0x8000,0x8000,0x8421,0x8C63,0x8C63,0x9CC7,0xD185,0xB0E2,
  0x8421,0xA909,0xA509,0xA0E8,0xA0E8,0xA92A,0x98A4,0x8821,0x9084,0x9084,0x98A6,0xCD22,0x8820,0x8000,0x8401,0x8822,
  0x8801,0x8C23,0x8C22,0xAC64,0xB486,0x0000,0x0000,0x0000,0x0000,0x0000,0x0000,0x0000,0x0000,0x0000,0x0000,0x0000,
  0x0000,0x0000,0x0000,0x0000,0x0000,0x0000,0x0000,0x0000,0x0000,0x0000,0x0000,0xB886,0xAC65,0xA865,0xAC65,0xAC85,
  0xA464,0xB486,0xC8C7,0xB8A6,0x8000,0x8000,0x8802,0x8822,0x8000,0x8000,0x8000,0x8C64,0x9084,0x94A5,0xA908,0xDDC5,
  0x8001,0x98A5,0xB16C,0xA108,0xA108,0xA508,0xB58C,0x9084,0x9084,0x9084,0x98A6,0x9441,0x8000,0x8000,0x8801,0x8802,
  0x8802,0x8C22,0x8C22,0x9823,0xB486,0x0000,0x0000,0x0000,0x0000,0x0000,0x0000,0x0000,0x0000,0x0000,0x0000,0x0000,
  0x0000,0x0000,0x0000,0x0000,0x0000,0x0000,0x0000,0x0000,0x0000,0x0000,0xB085,0xA865,0x9023,0xA064,0xAC85,0xAC85,
  0xB8A6,0xC4C7,0xBCA6,0x8000,0x8000,0x8822,0x8822,0x9044,0x8000,0x8000,0x8000,0x8000,0x94A5,0x9485,0x9CC7,0xD9C5,
  0x8821,0x8000,0xB56B,0xA0E8,0xA0E8,0xA108,0xAD4B,0x9084,0x9064,0x9084,0x9063,0x8000,0x8000,0x8000,0x8000,0x8801,
  0x8C22,0x8C22,0x8C22,0x8C22,0xB886,0xB486,0x0000,0x0000,0x0000,0x0000,0x0000,0x0000,0x0000,0x0000,0x0000,0x0000,
  0x0000,0x0000,0x0000,0x0000,0x0000,0x0000,0x0000,0x0000,0x0000,0x0000,0xB485,0xAC65,0x9423,0x9C44,0xA865,0xAC85,
  0xB8A7,0xC4C7,0x9C22,0x8000,0x8401,0x8822,0x9443,0x9464,0x9444,0x8000,0x8000,0x8000,0x8000,0x94A5,0x9CE7,0xCDA8,
  0xCD21,0x8001,0xA509,0xA0E8,0xA108,0xA0E8,0xAD29,0x9084,0x9084,0x94A5,0xA481,0x8000,0x8000,0x8822,0x8000,0x8000,
  0x8C22,0x8C22,0x8C22,0x8C22,0xB065,0xB485,0x0000,0x0000,0x0000,0x0000,0x0000,0x0000,0x0000,0x0000,0x0000,0x0000,
  0x0000,0x0000,0x0000,0x0000,0x0000,0x0000,0x0000,0x0000,0x0000,0x0000,0xB085,0xAC65,0x9443,0x9022,0xA865,0xB086,
  0xC8C7,0xC4C7,0x8000,0x8000,0x8C22,0x8822,0x9023,0x9444,0x9864,0x9443,0x8000,0x8000,0x8000,0x8822,0x9CE7,0xB948,
  0xD983,0x8822,0x9CC7,0xA508,0xA508,0xA508,0xA929,0x9085,0x9084,0x98A6,0x8C63,0x8000,0x8000,0x8C22,0x9023,0x8400,
  0x8822,0x8C22,0x8C22,0x8C22,0xA464,0xB886,0x0000,0x0000,0x0000,0x0000,0x0000,0x0000,0x0000,0x0000,0x0000,0x0000,
  0x0000,0x0000,0x0000,0x0000,0x0000,0x0000,0x0000,0x0000,0x0000,0x0000,0x0000,0xA865,0x9423,0x8401,0x9022,0xB486,
  0xC4C7,0xA064,0x8000,0x8401,0x8C22,0x9023,0x8801,0x9444,0x9C85,0xA0A6,0x9C85,0x8000,0x8000,0x8000,0x8000,0x9084,
  0xD142,0x8842,0x9CC7,0xB16B,0xA508,0xA0E8,0xA0E8,0x9084,0x9064,0x9064,0x8000,0x8000,0x8000,0x8000,0x9423,0x9444,
  0x8000,0x8C22,0x8C22,0x8C22,0x8C23,0xB886,0x0000,0x0000,0x0000,0x0000,0x0000,0x0000,0x0000,0x0000,0x0000,0x0000,
  0x0000,0x0000,0x0000,0x0000,0x0000,0x0000,0x0000,0x0000,0x0000,0x0000,0x0000,0xA864,0xA044,0x8C22,0x8801,0xB085,
  0xC0C7,0xB886,0x8000,0x8000,0x8C22,0x8C22,0x9023,0x9043,0x9865,0xA0A6,0xA4A7,0x8400,0x8000,0x8001,0x8000,0x8000,
  0x8821,0x8842,0x8C64,0xB56C,0xA509,0xA508,0xA508,0x9064,0x9084,0x8422,0x8000,0x8000,0x8401,0x8000,0x8401,0xA065,
  0x9022,0x8822,0x8C22,0x9022,0x8C22,0xB486,0x0000,0x0000,0x0000,0x0000,0x0000,0x0000,0x0000,0x0000,0x0000,0x0000,
  0x0000,0x0000,0x0000,0x0000,0x0000,0x0000,0x0000,0x0000,0x0000,0x0000,0x0000,0x8822,0x9844,0x9844,0x9023,0x8C22,
  0xB086,0xC4C7,0xC4C7,0xBCC7,0x9022,0x8000,0x8C22,0x8C22,0x9444,0x9443,0x9C65,0xA4A7,0xA0A6,0x8000,0x8421,0x8000,
  0x8000,0x8000,0x8822,0xB16B,0xA509,0xA508,0x9CE7,0x8C64,0x98A6,0x8000,0x8000,0x8000,0x8000,0x8000,0xA465,0xA465,
  0x8C22,0x8C22,0x9844,0x9423,0xA064,0xB486,0x0000,0x0000,0x0000,0x0000,0x0000,0x0000,0x0000,0x0000,0x0000,0x0000,
  0x0000,0x0000,0x0000,0x0000,0x0000,0x0000,0x0000,0x0000,0x0000,0x0000,0x9043,0x9422,0x8000,0x9023,0x9443,0x8001,
  0xAC85,0xAC85,0xC0C7,0xC0A7,0xC0A7,0xA464,0x8000,0x8C22,0x9043,0x9444,0x9444,0x9C85,0xA4C7,0x8000,0x8000,0x8422,
  0x8000,0x8000,0x8000,0xA0E7,0xAD4A,0xA0E8,0x98C7,0x8C64,0x8C63,0x8000,0x8000,0x8000,0x8000,0x9423,0xA865,0x9C44,
  0x8401,0x9443,0x9843,0x9022,0xB486,0xB486,0x8801,0xAC65,0x0000,0x0000,0x0000,0x0000,0x0000,0x0000,0x0000,0x0000,
  0x0000,0x0000,0x0000,0x0000,0x0000,0x0000,0x0000,0x0000,0xB085,0xB486,0xB886,0xB065,0xA865,0x9022,0x8400,0x8000,
  0x8801,0xB086,0xB085,0xB886,0xC4C7,0xC0A6,0xB065,0x8C22,0x8400,0x9023,0x9444,0x9464,0xA4C7,0xA4A7,0x8400,0x8421,
  0x8422,0x8000,0x8000,0x8000,0xAD4B,0xAD4B,0x94A6,0x94A6,0x8000,0x8000,0x8000,0x8000,0x8400,0xA865,0xA865,0x9843,
  0x8000,0x9844,0x9843,0x9C43,0xB886,0xAC85,0x8C22,0xA064,0xB085,0x0000,0x0000,0x0000,0x0000,0x0000,0x0000,0x0000,
  0x0000,0x0000,0x0000,0x0000,0x0000,0x0000,0x0000,0xB085,0xA865,0xA464,0xAC65,0xAC65,0xB886,0xB8A6,0xB886,0xAC65,
  0x8C22,0x8000,0x9C44,0xA865,0xB085,0xAC85,0xB8A7,0xC4C7,0xC0A7,0xBCA6,0x8400,0x8822,0x9864,0xA085,0xA4A7,0x8000,
  0x8000,0x8422,0x8001,0x8000,0x8000,0x8000,0x8000,0x8000,0x8421,0x8000,0x8000,0xA065,0xA865,0xA865,0x9844,0x8401,
  0x9423,0x9023,0x8C22,0xB8A6,0xAC65,0x8000,0x8000,0x9023,0xB886,0xAC65,0x0000,0x0000,0x0000,0x0000,0x0000,0x0000,
  0x0000,0x0000,0x0000,0x0000,0x0000,0x0000,0x0000,0xB065,0x9C43,0x8000,0x8C22,0xAC85,0xAC65,0xB086,0xBCA7,0xBCA6,
  0xB086,0x9022,0x8000,0x8801,0x9C43,0xAC85,0xAC85,0xAC85,0xBCA6,0xC0A6,0xC4C7,0xB085,0x8000,0x8400,0x9C85,0x9C85,
  0x8000,0x8000,0x8842,0x8000,0x8000,0x8000,0x8000,0x8000,0x8421,0x8000,0x9843,0xA885,0xA865,0x9844,0x9023,0x8000,
  0x9423,0x9443,0xB8A6,0xB4A6,0x8400,0x8000,0x8821,0xB085,0xB886,0xAC65,0x0000,0x0000,0x0000,0x0000,0x0000,0x0000,
  0x0000,0x0000,0x0000,0x0000,0x0000,0x0000,0x0000,0x8C22,0xA465,0xA065,0x9C44,0x9C44,0x9843,0xAC85,0xB086,0xB086,
  0xC0A7,0xC0A7,0xB486,0x9C43,0x8401,0x8401,0x9843,0xB085,0xB085,0xAC85,0xAC65,0xB486,0xC4C7,0xC4C7,0xC4E8,0x8401,
  0x8401,0x8000,0x8401,0x8842,0x8822,0x8421,0x8421,0x8822,0x8801,0xA065,0xA465,0x9844,0x9844,0x9022,0x8000,0x8401,
  0xB086,0xB8A6,0xAC65,0x9422,0x8000,0x8801,0xB486,0xB886,0xAC65,0xAC85,0x0000,0x0000,0x0000,0x0000,0x0000,0x0000,
  0x0000,0x0000,0x0000,0x0000,0x0000,0x0000,0xB086,0xB085,0xB085,0xB086,0xB085,0xA465,0xA044,0x9C44,0xAC65,0xB085,
  0xAC85,0xC4C7,0xC4C7,0xB486,0xAC65,0x8001,0x9022,0x9C44,0xB065,0xAC85,0xB085,0xB085,0xB086,0xC0C7,0xC0A7,0xBCA7,
  0xBCA6,0x9822,0x8000,0x8421,0x8842,0x8000,0x8421,0x8000,0x9C44,0x9C44,0x9843,0x9443,0x8C01,0x8000,0x8000,0xA844,
  0xB886,0xA865,0x9C44,0x8000,0x8801,0xA044,0xB486,0xB086,0xAC65,0x9C43,0x0000,0x0000,0x0000,0x0000,0x0000,0x0000,
  0x0000,0x0000,0x0000,0x0000,0x0000,0xB086,0xB486,0xB486,0xAC65,0xA044,0xA064,0x8421,0x8821,0x8000,0x8000,0x9C44,
  0xB085,0xB486,0xC0C7,0xC4A6,0xC4C7,0xB086,0x8000,0x8C01,0xA464,0xB085,0xAC85,0xAC85,0xAC85,0xAC85,0xB486,0xC0A6,
  0xC0A6,0xC0A6,0xC0A6,0x8400,0x8000,0x8000,0x8001,0xA064,0x9C44,0x9022,0x9423,0x8000,0x8000,0x8000,0xB886,0xB886,
  0xAC65,0x9843,0x8C22,0x8000,0x9823,0xB486,0xB486,0xAC65,0xA885,0x8821,0x0000,0x0000,0x0000,0x0000,0x0000,0x0000,
  0x0000,0x0000,0x0000,0x0000,0xB085,0xA044,0x8000,0x8000,0x8000,0x8000,0x8000,0x8000,0x9CC6,0xB96B,0xB98C,0x9CC7,
  0x8000,0xA044,0xB086,0xB086,0xB086,0xC0C7,0xC0A7,0xA865,0x8401,0x8001,0x9C44,0xAC85,0xB085,0xAC85,0xAC85,0xB086,
  0xAC85,0xB085,0xAC85,0xC0A7,0xC0C7,0xC0A7,0xBCA6,0xBCA6,0xBCA6,0xB486,0xB8A6,0xBCA6,0xC0A6,0xC0C7,0xAC85,0x9844,
  0xAC85,0xB085,0x8801,0x9C43,0xAC65,0xB4A6,0xA865,0x9422,0x8000,0x9843,0xA885,0x0000,0x0000,0x0000,0x0000,0x0000,
  0x0000,0x0000,0x0000,0x0000,0xAC85,0x8000,0x8C63,0x8C64,0x9064,0x9085,0x9084,0x8C64,0x8001,0x9084,0xA0E7,0xC5CE,
  0x9CE7,0x8000,0x9022,0xAC85,0xB486,0xB486,0xC0A6,0xBCA7,0xAC85,0x9843,0x8822,0xA044,0xAC85,0xAC85,0xB085,0xAC85,
  0xAC85,0xAC85,0xB085,0xB085,0xB086,0xB085,0xBCA6,0xBCA6,0xC0A6,0xC0A6,0xC0A7,0xAC85,0xB085,0xAC65,0x9023,0x9C44,
  0xAC85,0xA044,0x8000,0xA865,0xB485,0xA865,0x9022,0x8000,0x8821,0xA065,0xAC85,0x8821,0x0000,0x0000,0x0000,0x0000,
  0x0000,0x0000,0x0000,0x0000,0x9042,0x9882,0xA081,0xA0A2,0xA4A3,0x8C63,0x9085,0xA0E8,0x9CC7,0x9084,0x9064,0x9064,
  0xB56B,0x9CC7,0x8000,0x8400,0x9C43,0xAC65,0xB085,0xB886,0xC4C7,0xBC86,0xAC85,0x9C64,0xA064,0xA465,0xAC85,0xAC85,
  0xAC85,0xA865,0xA064,0xA465,0xA064,0xA064,0xA865,0xAC65,0xAC65,0xA865,0xA865,0x9C44,0x9C44,0x9423,0xAC85,0xB886,
  0x9C44,0x8000,0xA044,0xA865,0x9843,0x8C22,0x8822,0x8822,0x9443,0xA865,0xA865,0x8000,0x9C85,0x9043,0x0000,0x0000,
  0x0000,0x0000,0x0000,0x98C6,0x94A6,0xBD25,0xDDC4,0xE5E4,0xE1C3,0xFA65,0x8C42,0x94A5,0xAD4B,0x9CE7,0xA0E8,0x8001,
  0x9CC6,0xB56B,0x98A6,0x8000,0x8000,0x8000,0xA444,0xB486,0xB486,0xB886,0xBCA6,0xB4A6,0xAC85,0x9844,0x9843,0xAC86,
  0xAC65,0xB065,0xB086,0xB085,0x9C44,0x9844,0x9844,0x9843,0x9423,0x9443,0x9423,0x9843,0xB486,0xB8A6,0xB8A7,0xAC65,
  0x8801,0xA465,0xA885,0x8C22,0x8000,0x9023,0x9843,0x8822,0xA064,0xB486,0xA865,0x8000,0x9C65,0xA085,0x0000,0x0000,
  0x0000,0x0000,0x9084,0x8422,0x8421,0x8401,0x9064,0xB903,0xEA03,0xF665,0xFA86,0x8421,0x9CC6,0xA92A,0x98A6,0x9064,
  0x8842,0xB56B,0xA0E8,0x8842,0x8801,0x8C22,0x8000,0x9C43,0xB485,0xB486,0xB486,0xB486,0xB486,0xAC85,0x9443,0x9844,
  0xA065,0xB085,0xB085,0xAC86,0xAC85,0x9C44,0x9843,0x9844,0x9844,0x9443,0xAC65,0xB486,0xB486,0xB8A6,0xB085,0x8401,
  0x9443,0x9422,0x8000,0x8000,0x9022,0xA044,0x9843,0x8C22,0xA865,0xB086,0xA865,0x8842,0x9063,0xA085,0x0000,0x0000,
  0x0000,0x0000,0x98A6,0x98A6,0x9CC7,0xA0E8,0x94A5,0x9084,0x8822,0xA4C2,0xF245,0xEE24,0xA8C2,0x98A6,0xA0E8,0x98C6,
  0x8C63,0x98C7,0xA507,0x9CA5,0x8000,0x8C22,0x9022,0x8C22,0x8801,0x9043,0xB085,0xB486,0xB486,0xB486,0xB486,0xAC85,
  0xAC65,0x9C44,0xA465,0xAC85,0xB086,0xB085,0xB085,0xB086,0xB486,0xB486,0xB486,0xB486,0xAC65,0x9443,0x8000,0x8000,
  0x8821,0x8801,0x8000,0x8C22,0xA464,0xB085,0x9423,0x9C44,0xB085,0xB086,0x9022,0x9063,0x9CA6,0x9064,0x0000,0x0000,
  0x0000,0x0000,0x98A6,0x98A6,0x9CE8,0xA929,0xB16B,0x9CE8,0x94A6,0x8842,0xA0A1,0xF246,0xC102,0x8421,0x98A6,0xA509,
  0x9085,0x8000,0xF6EE,0xEA04,0xA8C2,0x8000,0x9C44,0x9C44,0x9443,0x8C22,0x8000,0xA864,0xB486,0xB486,0xB486,0xB486,
  0xB486,0xB486,0xAC85,0xA064,0xAC85,0xB486,0xB486,0xB086,0xB086,0xB486,0xA865,0x9843,0x8000,0x8000,0x8C22,0x8C22,
  0x9844,0x9023,0x8000,0x9C44,0xB886,0xAC86,0x8C22,0xA465,0xB486,0xB086,0x8000,0x8C43,0xA0A6,0x9064,0x0000,0x0000,
  0x0000,0x0000,0x98A6,0x98A6,0xA509,0xB16C,0xB16B,0xB16C,0x94A6,0x8C43,0x8000,0xA8E4,0x9064,0x8421,0x8C64,0x9CC7,
  0x9064,0xCD42,0xFACB,0xF644,0xDDC5,0x8000,0xA065,0xA885,0xA465,0x9423,0x8C22,0x8000,0xA064,0xB4A6,0xB486,0xB486,
  0xB486,0xB486,0xB486,0xB486,0x9843,0xA044,0xA064,0xA064,0x9844,0x9023,0x8000,0x8000,0x8C22,0x8C22,0x8822,0xA464,
  0xA465,0x8401,0x8000,0xB086,0xBCA6,0xAC65,0x9844,0xA865,0xB086,0xB486,0x8000,0x8401,0x9CA6,0x9464,0x0000,0x0000,
  0x0000,0x0000,0x98A6,0xA509,0xB16B,0xB16B,0xA0E8,0xA509,0xA92A,0x9CC7,0x8C63,0x9064,0xA509,0x98A6,0x8421,0x9084,
  0x9485,0x8000,0xFA88,0xFEC9,0xFEC9,0x9CA3,0x8400,0x9843,0xAC65,0xB085,0xA865,0x9844,0x9843,0x8400,0x8400,0xAC85,
  0xB486,0xB486,0xB486,0xB486,0xB486,0xB486,0xA464,0x8C22,0x8C22,0x9443,0x9023,0x9023,0x9023,0x9023,0xB4A6,0xB486,
  0x9022,0x8000,0x8C22,0xB8A6,0xB8A6,0x9C44,0xAC85,0xB486,0xB486,0x9843,0x8842,0x8000,0x8C63,0x9885,0x0000,0x0000,
  0x0000,0x0000,0x98A6,0x9CC7,0xA929,0xA0E8,0x9084,0x9CC7,0xA92A,0x98C6,0x8843,0x8421,0xA929,0x98C7,0x8C64,0x8422,
  0x9064,0xF246,0xC900,0x8001,0x8000,0xFA66,0x8000,0x8000,0xAC65,0xB085,0xB085,0xB065,0xA465,0x9843,0x8C22,0x8000,
  0x8801,0xB486,0xB486,0xB486,0xB486,0xB486,0xB486,0xB486,0xA044,0x8C22,0x9023,0x9023,0x9023,0xB085,0xB886,0xB486,
  0x8000,0x8401,0xA844,0xB8A6,0xB085,0x9844,0xB486,0xB486,0xB086,0x8000,0x9063,0x8000,0x8021,0x9485,0x0000,0x0000,
  0x0000,0x0000,0x98C6,0x9CE7,0xA0E8,0x9CE8,0x8422,0x94A5,0xA0E8,0x9CC7,0x9085,0x8000,0xA0E7,0x9CC7,0x98C7,0x8000,
  0x8001,0xFAC8,0x94A5,0xB16B,0xA0E7,0x9462,0xC922,0x8000,0x9843,0xB085,0xB8A6,0xB8A6,0xAC65,0xAC65,0x9C43,0x9843,
  0x9043,0x8801,0xA464,0xB085,0xB486,0xB486,0xB486,0xB886,0xB486,0xB486,0xA464,0xA465,0xB486,0xB486,0xB086,0x8C02,
  0x8822,0xA064,0xB886,0xB8A6,0xA865,0xA865,0xB486,0xB086,0x9C64,0x8400,0x8C63,0x8C20,0x8421,0x9064,0x0000,0x0000,
  0x0000,0x0000,0x94A6,0x9CC7,0x94A6,0x8021,0x8843,0x8C64,0x98A7,0xA0E8,0x9085,0x8000,0x9CC7,0xA0E8,0x98C7,0x8000,
  0x8842,0xE5E3,0x94A6,0xA0E8,0x98A6,0x8000,0xDDC2,0x8822,0x8000,0x8400,0xB486,0xB8A6,0xB8A6,0xAC65,0xAC65,0xAC85,
  0xA064,0x9C44,0x9423,0x8000,0x8000,0x9C44,0xB486,0xB486,0xB486,0xB486,0xB486,0xB486,0xB486,0xB486,0x8000,0x8C22,
  0x8C22,0xB8A6,0xB886,0xB486,0xA065,0xB486,0xB486,0xB0A6,0x8000,0xA4A4,0x9063,0xD163,0x8400,0x8C43,0x0000,0x0000,
  0x0000,0x0000,0x98C6,0x9CC7,0x8C64,0x8843,0x9485,0x8843,0x94A6,0xA0E8,0x9085,0x8000,0x9CC7,0xA0E8,0x98C7,0x8842,
  0x8841,0xE9E3,0x8001,0x94A5,0x98C6,0x9C61,0xD162,0x8C43,0x8C43,0x8000,0xA464,0xB8A6,0xB8A6,0xB8A6,0xAC85,0xB085,
  0xB085,0xA465,0xA465,0x9423,0x9022,0x8000,0x8401,0xA044,0xB486,0xB486,0xB486,0xB486,0xB086,0xA464,0x8C22,0x9022,
  0xAC85,0xB4A6,0xB486,0xA465,0xA064,0xB486,0xB486,0xA885,0x9462,0xA8A2,0x9063,0xC923,0x8000,0x8842,0x0000,0x0000,
  0x0000,0x0000,0x98A6,0x9064,0x8843,0x94A5,0x9485,0x8843,0x8843,0x9CE7,0x9084,0x8000,0x9CE8,0x98A6,0x98A6,0x8C63,
  0x8842,0xB8E2,0xE5E4,0xF225,0xF225,0xC521,0x8000,0x8842,0x9485,0x8C43,0x8000,0x9843,0xBCA6,0xB8A6,0xB8A6,0xAC65,
  0xB085,0xB485,0xA465,0xA464,0xA464,0x9C44,0x9443,0x9043,0x9043,0x8C22,0x9022,0x9423,0x8401,0x8C22,0x9023,0xA464,
  0xB486,0xB886,0xAC65,0xA465,0xB486,0xB486,0xA444,0x8801,0xACA2,0xCD44,0x8C63,0xCD22,0x9062,0x8421,0x0000,0x0000,
  0x0000,0x0000,0x94A5,0x8843,0x94A5,0x94A6,0x94A5,0x9485,0x8C43,0x94A5,0x8843,0x8842,0xA0E8,0x94A6,0x9485,0x8C63,
  0x8421,0x8C63,0x9C61,0xACA0,0xACA1,0x8400,0x8401,0x8843,0x98A5,0x9064,0x8C43,0x8001,0xAC65,0xB886,0xB886,0xAC85,
  0xA885,0xB486,0xB485,0xA465,0xA865,0xA865,0x9844,0x9C44,0x9023,0x9023,0x8822,0x8821,0x9022,0x9023,0x9022,0xAC65,
  0xB486,0xAC65,0x9C44,0xAC85,0xB486,0xB086,0x8000,0x8C42,0xACA3,0xCD23,0x8001,0xB8C3,0xB0A2,0x8421,0x0000,0x0000,
  0x0000,0x0000,0x8C64,0x8C63,0x9485,0x9085,0x9084,0x9064,0x8843,0x9485,0x8843,0x8842,0x98A6,0x94A6,0x9064,0x8843,
  0x8000,0x98A6,0x9064,0x8C63,0x8C63,0x9084,0x8000,0x8843,0x98A6,0x98A6,0x8C43,0x8842,0x8000,0xA044,0xB486,0xB486,
  0xB4A6,0xAC65,0xB486,0xB4A6,0xA865,0xA865,0xA865,0xA885,0x9C44,0x9444,0x9023,0x9023,0x9023,0x9023,0xA865,0xB4A6,
  0xAC65,0xA044,0xA064,0xB085,0xB085,0x9C43,0x8821,0x9063,0xC104,0xCD23,0x8001,0xBCE3,0xB0C2,0x8421,0x0000,0x0000,
  0x0000,0x0000,0x0000,0x0000,0x0000,0x0000,0x0000,0x0000,0x0000,0x0000,0x0000,0x0000,0x0000,0x0000,0x0000,0x0000,
  0x0000,0x0000,0x0000,0x0000,0x0000,0x0000,0x0000,0x0000,0x0000,0x0000,0x0000,0x0000,0x0000,0x0000,0x0000,0x0000,
  0x0000,0x0000,0x0000,0x0000,0x0000,0x0000,0x0000,0x0000,0x0000,0x0000,0x0000,0x0000,0x0000,0x0000,0x0000,0x0000,
  0x0000,0x0000,0x0000,0x0000,0x0000,0x0000,0x0000,0x0000,0x0000,0x0000,0x0000,0x0000,0x0000,0x0000,0x0000,0x0000,
  0x0000,0x0000,0x0000,0x0000,0x0000,0x0000,0x0000,0x0000,0x0000,0x0000,0x0000,0x0000,0x0000,0x0000,0x0000,0x0000,
  0x0000,0x0000,0x0000,0x0000,0x0000,0x0000,0x0000,0x0000,0x0000,0x0000,0x0000,0x0000,0x0000,0x0000,0x0000,0x0000,
  0x0000,0x0000,0x0000,0x0000,0x0000,0x0000,0x0000,0x0000,0x0000,0x0000,0x0000,0x0000,0x0000,0x0000,0x0000,0x0000,
  0x0000,0x0000,0x0000,0x0000,0x0000,0x0000,0x0000,0x0000,0x0000,0x0000,0x0000,0x0000,0x0000,0x0000,0x0000,0x0000,
 },
};
static const uint16_t next_items[20][1024] = {
 {
  0x0000,0x0000,0x0000,0x0000,0x0000,0x0000,0x0000,0x0000,0x0000,0x0000,0x0000,0x0000,0x0000,0x0000,0x0000,0x0000,
  0x0000,0x0000,0x0000,0x0000,0x0000,0x0000,0x0000,0x0000,0x0000,0x0000,0x0000,0x0000,0x0000,0x0000,0x0000,0x0000,
  0x0000,0x0000,0x0000,0x0000,0x0000,0x0000,0x0000,0x0000,0x0000,0x0000,0x0000,0x0000,0x0000,0x0000,0x0000,0x0000,
  0x0000,0x0000,0x0000,0x0000,0x0000,0x0000,0x0000,0x0000,0x0000,0x0000,0x0000,0x0000,0x0000,0x0000,0x0000,0x0000,
  0x0000,0x0000,0x0000,0x0000,0x0000,0x0000,0x0000,0x0000,0x0000,0x0000,0x0000,0x0000,0x0000,0x0000,0x0000,0x0000,
  0x0000,0x0000,0x0000,0x0000,0x0000,0x0000,0x0000,0x0000,0x0000,0x0000,0x0000,0x0000,0x0000,0x0000,0x0000,0x0000,
  0x0000,0x0000,0x0000,0x0000,0x0000,0x0000,0x0000,0x0000,0x0000,0x0000,0x0000,0x0000,0x0000,0x90A6,0x8024,0x8024,
  0x0000,0x0000,0x0000,0x0000,0x0000,0x0000,0x0000,0x0000,0x0000,0x0000,0x0000,0x0000,0x0000,0x0000,0x0000,0x0000,
  0x0000,0x0000,0x0000,0x0000,0x0000,0x0000,0x0000,0x0000,0x0000,0x0000,0x0000,0x8444,0xA14C,0xA12D,0x990B,0x8023,
  0xB9AC,0xC1AB,0xB58A,0xB569,0x0000,0x0000,0x0000,0x0000,0x0000,0x0000,0x0000,0x0000,0x0000,0x0000,0x0000,0x0000,
  0x0000,0x0000,0x0000,0x0000,0x0000,0x0000,0x0000,0x0000,0x0000,0x0000,0xA109,0x8022,0x8445,0x990B,0x8024,0xE6B2,
  0xEAF3,0xEAF4,0xEAF4,0xEAF3,0xB149,0xB149,0x0000,0x0000,0x0000,0x0000,0x0000,0x0000,0x0000,0x0000,0x0000,0x0000,
  0x0000,0x0000,0x0000,0x0000,0x0000,0x0000,0x0000,0x0000,0xB569,0xB148,0xEB15,0xEAD3,0xCA0E,0xB149,0xBDAA,0xB569,
  0xA927,0xAD29,0xC1CD,0xEB14,0xF358,0xEAF4,0xEAF3,0xEAF4,0xDA70,0xA108,0x8043,0x8044,0x0000,0x0000,0x0000,0x0000,
  0x0000,0x0000,0x0000,0x0000,0x0000,0x0000,0x0000,0xB569,0xEAF4,0xEAF3,0xC1CC,0xAD48,0xEF15,0xEAF3,0xEAF4,0xEAF4,
  0xEAF3,0xEF14,0xD22E,0xAD49,0xB56A,0xB98B,0xDE91,0xEF14,0x8465,0x990B,0x990B,0x94EA,0x8003,0x8865,0x0000,0x0000,
  0x0000,0x0000,0x0000,0x0000,0x0000,0x8044,0xEAF4,0xF335,0xEAD3,0xB569,0xEAF3,0xEAD3,0xEAF3,0xEAF3,0xEAF4,0xEAF4,
  0xEAF4,0xEAF4,0xEB14,0xEAF4,0xEAF3,0xEAF3,0xA908,0x8044,0x8465,0xB1D1,0xAD8E,0xBE12,0x990A,0x8002,0x0000,0x0000,
  0x0000,0x0000,0x0000,0x94E9,0xA12D,0x990B,0x9D2C,0x8044,0xB148,0xB9AB,0xDE91,0xE2D3,0xF357,0xEAF4,0xEAF4,0xEAF4,
  0xEAF4,0xEAF3,0xEAF4,0xEF14,0xDE91,0xB56A,0xE2B2,0xEAF3,0xE6F3,0xEAF5,0x8444,0x90A8,0x8886,0x8002,0x0000,0x0000,
  0x0000,0x0000,0x8002,0xC654,0xB5D1,0xB5D0,0xDA92,0xEB14,0xEAF4,0xEEF4,0xEAF3,0xA528,0xAD49,0xC1CD,0xEB15,0xF357,
  0xEAF4,0xE6D2,0xEF14,0xC1CB,0xB98B,0xEF14,0xEB14,0xEAF4,0xFFBB,0xDE91,0x8021,0x90C8,0x8465,0x8002,0x0000,0x0000,
  0x0000,0x0000,0x8002,0x990B,0xA14D,0x8444,0xFBBB,0xFFBC,0xFFFE,0xFBBB,0xEEF4,0xEB14,0xEF15,0xEF14,0xDEB2,0xAD49,
  0xB169,0x8444,0x8003,0xE6D3,0xEB14,0xEF14,0xFFBA,0xC9ED,0xBDAA,0xC1AA,0x8422,0x90A8,0x8887,0x8C63,0x0000,0x0000,
  0x0000,0x0000,0x8002,0x8887,0x9D2C,0x8443,0xEAF4,0xEAF3,0xEAF3,0xF336,0xFFFF,0xFFFF,0xFFDC,0xEF14,0xEAF3,0xF335,
  0x8865,0x9D2C,0x9D2C,0x94EA,0x8465,0xC1AB,0xC9EC,0xBD89,0xBD8A,0xBD8A,0x8023,0x8001,0xB569,0xA0E6,0x0000,0x0000,
  0x0000,0x0000,0x8022,0x94EA,0x98EA,0x8023,0xEAF3,0xEAF3,0xEAF3,0xEAF3,0xEAF3,0xEAF2,0xEAF2,0xEAF3,0xB16B,0xDF1A,
  0xD6D7,0xAD8F,0xB1D0,0x94C9,0x8887,0x8000,0xBD8A,0xBDAA,0xBDAA,0xBD89,0x9CC6,0xB969,0xBD8A,0x9CC6,0x0000,0x0000,
  0x0000,0x0000,0xB149,0xCE30,0x8445,0xC5CC,0xEAF3,0xEAF3,0xEAF3,0xE6D2,0xEAF3,0xEAF3,0xEAF3,0xEAF3,0xC1EF,0x9D0C,
  0x98EA,0xB9F1,0xBE33,0x8465,0x8886,0x8002,0xBD89,0xBD8A,0xBDAA,0xBD8A,0x9CC6,0xB948,0xC1AB,0x9CE6,0x0000,0x0000,
  0x0000,0x0000,0xB56A,0xEAF3,0xD62F,0xDE70,0xEAF3,0xEAF3,0xEAF3,0x8D65,0xEF14,0xADAA,0xB9CB,0xEAD3,0xB58C,0x9D2D,
  0x8866,0x94EA,0xA96E,0x8886,0x8466,0x8001,0xBD89,0xBD89,0xB969,0xBD8A,0x9CE6,0xB548,0xBD8A,0xA0E6,0x0000,0x0000,
  0x0000,0x0000,0xB98A,0xE6D2,0xE290,0xE2B1,0xEAF3,0xEAF4,0xEAF4,0xEAD2,0x84A4,0xB267,0x8525,0xEAF4,0xC5CC,0x8024,
  0x990B,0x9D0C,0xA56D,0x8002,0x8002,0x98C5,0xBD89,0xB969,0xB969,0xBD8A,0x9CE6,0xB948,0xBD8A,0xA0E6,0x0000,0x0000,
  0x0000,0x0000,0xB56A,0xF336,0xE290,0xE2B1,0xEAF3,0xD106,0xE8A5,0xDC63,0x8842,0x88A3,0xEAF3,0xEAF3,0xD64E,0xB149,
  0xDA70,0x8444,0x8443,0xB569,0xB968,0x98C5,0xB989,0xB568,0xB989,0xBD89,0x9CC6,0xB548,0xC18A,0x9CC6,0x0000,0x0000,
  0x0000,0x0000,0xB569,0xEF14,0xE291,0xDE91,0xEAD2,0xCC42,0xF5AB,0xF927,0xDC62,0xDC63,0xB821,0xEAD2,0xDA6F,0xB569,
  0xEAF3,0xEAD2,0xEB15,0xBDAA,0xB968,0x98C5,0xBD89,0xB548,0xB969,0xBD8A,0xA0E6,0xB968,0xBD89,0x98A5,0x0000,0x0000,
  0x0000,0x0000,0xB569,0xEEF4,0xDA6F,0xE2B2,0xEAF3,0xD042,0xECC5,0xE042,0xE063,0xDC43,0xC822,0xC0C6,0xDA70,0xB149,
  0xEAF4,0xEAF3,0xF357,0xBDAA,0xBD89,0x98C5,0xB969,0xB548,0xB568,0xBDAA,0xA0E7,0xB969,0x8865,0x8002,0x0000,0x0000,
  0x0000,0x0000,0xA107,0xEAF4,0xDE90,0xE2B2,0xEAF3,0xC949,0xDC43,0xD843,0xDC43,0xE043,0xD022,0xB8A5,0xD62E,0xB569,
  0xEF14,0xEAF3,0xF357,0xBD8A,0xBD8A,0x9CC6,0xBD89,0xB548,0xB569,0xBD89,0x9CE7,0x8865,0x90C8,0x8002,0x0000,0x0000,
  0x0000,0x0000,0x8023,0x8887,0xB58B,0xE6B2,0xEAF3,0xE6B1,0xD043,0xDC43,0xDC63,0xD043,0xB401,0xEAF3,0xDA4F,0xB569,
  0xEB14,0xEAF3,0xF337,0xB989,0xB989,0x9CE6,0xBD8A,0xB148,0xB989,0xBD89,0x8023,0x90A8,0x8466,0x8001,0x0000,0x0000,
  0x0000,0x0000,0x8023,0xADB0,0xB9F2,0x8045,0xEAF3,0xEAF3,0xB462,0xAC00,0xCC23,0xC843,0xEF15,0xEAF3,0xDA4F,0xB149,
  0xEAF4,0xEAF3,0xEF36,0xBD8A,0xBD8A,0x9CC5,0xB989,0xBD89,0xBD8A,0xB969,0x8023,0x8CA7,0x8444,0x0000,0x0000,0x0000,
  0x0000,0x0000,0x8002,0x8CA7,0x9D0B,0x8023,0xEAF4,0xEAF3,0xEAF3,0xEAF3,0xEAD2,0xEAD3,0xEAF3,0xEAF3,0xDA70,0xB169,
  0xEAF3,0xE6D2,0xEF36,0xBD89,0xB549,0x9CC6,0xB969,0xC18A,0xC1AA,0xB148,0x8023,0x8023,0x0000,0x0000,0x0000,0x0000,
  0x0000,0x0000,0x8C86,0x98EA,0xA14C,0x8024,0xCE0D,0xEAD3,0xEAF4,0xEAF3,0xEAF3,0xEAF4,0xEAF4,0xEAF3,0xBDCD,0x8CA8,
  0x8865,0xDE90,0xEB15,0x8023,0x90C9,0x8003,0xB989,0xBD89,0xA528,0x8443,0x0000,0x0000,0x0000,0x0000,0x0000,0x0000,
  0x0000,0x0000,0x0000,0x0000,0x8002,0x8002,0x0000,0xA907,0xBDAB,0xDA6F,0xEF14,0xEAF4,0xE6D2,0xEAF4,0xC1CD,0xA12D,
  0xA96E,0xB9F1,0xB5D0,0x8887,0x8444,0x8001,0xAD49,0x8023,0x0000,0x0000,0x0000,0x0000,0x0000,0x0000,0x0000,0x0000,
  0x0000,0x0000,0x0000,0x0000,0x0000,0x0000,0x0000,0x0000,0x0000,0x0000,0x0000,0x98C6,0xA928,0xD22E,0xBDAC,0xA14D,
  0x98EB,0x9D0B,0xA96E,0x8465,0x8887,0x8002,0x0000,0x0000,0x0000,0x0000,0x0000,0x0000,0x0000,0x0000,0x0000,0x0000,
  0x0000,0x0000,0x0000,0x0000,0x0000,0x0000,0x0000,0x0000,0x0000,0x0000,0x0000,0x0000,0x0000,0xA528,0x9085,0x8CA8,
  0x9D0B,0x98EA,0xA54D,0x8865,0x8022,0x0000,0x0000,0x0000,0x0000,0x0000,0x0000,0x0000,0x0000,0x0000,0x0000,0x0000,
  0x0000,0x0000,0x0000,0x0000,0x0000,0x0000,0x0000,0x0000,0x0000,0x0000,0x0000,0x0000,0x0000,0x0000,0x0000,0x0000,
  0x8444,0x8002,0x8001,0x8865,0x0000,0x0000,0x0000,0x0000,0x0000,0x0000,0x0000,0x0000,0x0000,0x0000,0x0000,0x0000,
  0x0000,0x0000,0x0000,0x0000,0x0000,0x0000,0x0000,0x0000,0x0000,0x0000,0x0000,0x0000,0x0000,0x0000,0x0000,0x0000,
  0x0000,0x0000,0x0000,0x0000,0x0000,0x0000,0x0000,0x0000,0x0000,0x0000,0x0000,0x0000,0x0000,0x0000,0x0000,0x0000,
  0x0000,0x0000,0x0000,0x0000,0x0000,0x0000,0x0000,0x0000,0x0000,0x0000,0x0000,0x0000,0x0000,0x0000,0x0000,0x0000,
  0x0000,0x0000,0x0000,0x0000,0x0000,0x0000,0x0000,0x0000,0x0000,0x0000,0x0000,0x0000,0x0000,0x0000,0x0000,0x0000,
  0x0000,0x0000,0x0000,0x0000,0x0000,0x0000,0x0000,0x0000,0x0000,0x0000,0x0000,0x0000,0x0000,0x0000,0x0000,0x0000,
  0x0000,0x0000,0x0000,0x0000,0x0000,0x0000,0x0000,0x0000,0x0000,0x0000,0x0000,0x0000,0x0000,0x0000,0x0000,0x0000,
 },
 {
  0x0000,0x0000,0x0000,0x0000,0x0000,0x0000,0x0000,0x0000,0x0000,0x0000,0x0000,0x0000,0x0000,0x0000,0x0000,0x0000,
  0x0000,0x0000,0x0000,0x0000,0x0000,0x0000,0x0000,0x0000,0x0000,0x0000,0x0000,0x0000,0x0000,0x0000,0x0000,0x0000,
  0x0000,0x0000,0x0000,0x0000,0x0000,0x0000,0x0000,0x0000,0x0000,0x0000,0x0000,0x0000,0x0000,0x0000,0x0000,0x0000,
  0x0000,0x0000,0x0000,0x0000,0x0000,0x0000,0x0000,0x0000,0x0000,0x0000,0x0000,0x0000,0x0000,0x0000,0x0000,0x0000,
  0x0000,0x0000,0x0000,0x0000,0x0000,0x0000,0x0000,0x0000,0x0000,0x0000,0x0000,0x0000,0x0000,0x0000,0x0000,0x0000,
  0x0000,0x0000,0x0000,0x0000,0x0000,0x0000,0x0000,0x0000,0x0000,0x0000,0x0000,0x0000,0x0000,0x0000,0x0000,0x0000,
  0x0000,0x0000,0x0000,0x0000,0x0000,0x0000,0x0000,0x0000,0x0000,0x0000,0x0000,0x0000,0x0000,0x0000,0x0000,0x0000,
  0x0000,0x0000,0x0000,0x0000,0x0000,0x0000,0x0000,0x0000,0x0000,0x0000,0x0000,0x0000,0x0000,0x0000,0x0000,0x0000,
  0x0000,0x0000,0x0000,0x0000,0x0000,0x0000,0x0000,0x0000,0x0000,0x0000,0x0000,0x0000,0x0000,0x0000,0x0000,0x0000,
  0x0000,0x0000,0x0000,0x0000,0x0000,0x0000,0x0000,0x0000,0x0000,0x0000,0x0000,0x0000,0x0000,0x0000,0x0000,0x0000,
  0x0000,0x0000,0x0000,0x0000,0x0000,0x0000,0x0000,0x0000,0x0000,0x0000,0x0000,0x0000,0x0000,0x0000,0x0000,0x0000,
  0x0000,0x0000,0x0000,0x0000,0x9448,0x8002,0x8404,0x0000,0x0000,0x0000,0x0000,0x0000,0x0000,0x0000,0x0000,0x0000,
  0x0000,0x0000,0x0000,0x0000,0x0000,0x0000,0x0000,0x0000,0x0000,0x0000,0x0000,0x0000,0x0000,0x0000,0x0000,0x0000,
  0x0000,0x0000,0x8806,0xB08F,0xC0B4,0xB8B2,0xB491,0xC4D5,0x9C6C,0x8404,0x0000,0x0000,0x0000,0x0000,0x0000,0x0000,
  0x0000,0x0000,0x0000,0x0000,0x0000,0x0000,0x0000,0x0000,0x0000,0x0000,0x0000,0x0000,0x0000,0x0000,0x0000,0x0000,
  0x9028,0xBDCF,0xD273,0xCA31,0xB98F,0xAC8F,0xC0D4,0xCD38,0xD55A,0xCD17,0xA88D,0x8C26,0x0000,0x0000,0x0000,0x0000,
  0x0000,0x0000,0x0000,0x0000,0x0000,0x0000,0x0000,0x0000,0x0000,0x0000,0x0000,0x0000,0x0000,0x0000,0x8C26,0x9C2B,
  0xB4B1,0xB8B2,0x8804,0x9CC8,0xD674,0xD273,0xC5F1,0xB8D1,0xCD17,0xC8F6,0xBCB2,0xB090,0x0000,0x0000,0x0000,0x0000,
  0x0000,0x0000,0x0000,0x0000,0x0000,0x0000,0x0000,0x0000,0x0000,0x0000,0x0000,0x0000,0x8805,0xB490,0xB071,0xC0F4,
  0xC8F6,0xC0D4,0xC0D5,0xCD38,0xA46D,0x98A8,0xE718,0xCE53,0xA04B,0xBCB3,0xBCD3,0xA02C,0x9428,0x0000,0x0000,0x0000,
  0x0000,0x0000,0x0000,0x0000,0x0000,0x0000,0x0000,0x0000,0x0000,0x0000,0x0000,0x8003,0xB070,0xB491,0xC4F6,0xBC93,
  0xBCB4,0xC8F7,0xD119,0xD139,0xD55A,0xB893,0x9CA9,0xE718,0xC1F0,0x9849,0xA84D,0xA44D,0xAC6F,0x0000,0x0000,0x0000,
  0x0000,0x0000,0x0000,0x0000,0x0000,0x0000,0x0000,0x0000,0x0000,0x9066,0xCE53,0xAD4B,0x9C89,0xC0F5,0xCD19,0xC8F7,
  0xD53A,0xD95A,0xC4D6,0xD53A,0xC4D5,0xB491,0xA86E,0x9047,0xB9AE,0xBDCF,0xB090,0x9829,0xA44C,0x8003,0x0000,0x0000,
  0x0000,0x0000,0x0000,0x0000,0x0000,0x0000,0x0000,0x8404,0x9CCA,0xA90C,0xC611,0xD274,0xD694,0xC5F0,0x9887,0xD139,
  0xD119,0xC4F6,0xCD17,0xC0D6,0xB4B2,0xAC6E,0xB4B0,0x9C4B,0xB9AE,0xB5AD,0x9C2B,0xA02B,0x9C2A,0x8403,0x0000,0x0000,
  0x0000,0x0000,0x0000,0x0000,0x0000,0x8805,0x982A,0xB090,0xBCD4,0xB8B2,0xB893,0x9007,0x9C69,0xFBBC,0xD273,0x9868,
  0xC0D6,0xC0D5,0xB892,0xB08F,0xB090,0xA84D,0xAC6E,0xA86E,0xA50B,0xA52A,0x8804,0x9007,0x9007,0x8403,0x0000,0x0000,
  0x0000,0x0000,0x0000,0x8804,0xC4F5,0xB491,0xB892,0xD559,0xCD18,0xD139,0xC0D5,0xD97B,0xD559,0x8C24,0xA50B,0xCA32,
  0xC210,0xB090,0xC0F5,0xB090,0xA44D,0xA84E,0xA04C,0xA44D,0x8805,0xA92B,0x8805,0x9008,0xA02B,0x8403,0x0000,0x0000,
  0x0000,0x0000,0x0000,0xB090,0xB06F,0x9C2B,0x8403,0x9427,0xA86D,0xD558,0xD95A,0xC4F5,0xC0D4,0xC0D3,0x9026,0xCE73,
  0xC1F0,0x9427,0xA04C,0xA04B,0xA84E,0x9C2B,0x982A,0x9008,0x8C06,0xAD6C,0x8804,0xA84D,0x8403,0x0000,0x0000,0x0000,
  0x0000,0x0000,0x8404,0xA84F,0x8403,0x982A,0xB8B1,0xA86E,0xA86E,0x8805,0xA86E,0xDD7C,0xA86E,0xAC6F,0xBCD3,0x8C07,
  0xD695,0xB5AE,0x9809,0xAC6E,0x9829,0xA02B,0x9408,0x9006,0x8404,0xA94B,0x8403,0x8403,0x9C2A,0x8403,0x0000,0x0000,
  0x0000,0x0000,0x8003,0x9428,0x9829,0xB8D1,0x8003,0x8404,0xA02C,0xA44C,0x8001,0xB06F,0xB891,0xC0D5,0xA04C,0x8C06,
  0xAD4C,0xAD6C,0x8C06,0x9829,0x9407,0x9006,0x9829,0xA04C,0x9CC8,0x98C7,0x9829,0xA84E,0x8C25,0x0000,0x0000,0x0000,
  0x0000,0x0000,0x8002,0x9428,0xB090,0x8806,0xC916,0xA86E,0xB08F,0x8002,0xA02C,0x8003,0xC4F5,0xA86E,0x9C4A,0xA04C,
  0x8C26,0xA10A,0x8805,0x9007,0x9829,0xA02B,0x8002,0x9007,0x9C4B,0xACAE,0x8804,0x0000,0x0000,0x0000,0x0000,0x0000,
  0x0000,0x0000,0x8403,0xA86E,0x982A,0xB4B1,0x9428,0x8804,0x9428,0x9408,0xBCB3,0x9C2A,0xA44D,0xA44C,0x982A,0x9408,
  0x8C05,0xA10A,0x8C05,0xA06C,0x8404,0x8C06,0x9C2A,0xA04B,0x8805,0x8C25,0x0000,0x0000,0x0000,0x0000,0x0000,0x0000,
  0x0000,0x0000,0x8C06,0xB070,0x8805,0xA04B,0x9829,0x8805,0xB8B2,0x9007,0xB4B1,0xA04B,0xA86E,0x9C2B,0x9007,0x9007,
  0x8804,0x9CE8,0x8003,0x8805,0x9408,0xA44D,0xAC6E,0x8404,0x0000,0x0000,0x0000,0x0000,0x0000,0x0000,0x0000,0x0000,
  0x0000,0x0000,0x0000,0x9028,0xB08F,0x9C4A,0x9C2A,0xBCD2,0x982A,0x9027,0xB8B1,0x9427,0xA04C,0x9408,0x9408,0x9C2A,
  0x8403,0x9CC8,0x9408,0xA02B,0xAC6F,0x8403,0x0000,0x0000,0x0000,0x0000,0x0000,0x0000,0x0000,0x0000,0x0000,0x0000,
  0x0000,0x0000,0x0000,0x0000,0x8805,0x9008,0xB892,0x9C2B,0xA04B,0xA44C,0x8804,0x8805,0xC8F6,0x9C2B,0x8003,0x8C06,
  0x9027,0xA92B,0xB490,0x8404,0x0000,0x0000,0x0000,0x0000,0x0000,0x0000,0x0000,0x0000,0x0000,0x0000,0x0000,0x0000,
  0x0000,0x0000,0x0000,0x0000,0x0000,0x8825,0x8805,0x9849,0x9427,0x9408,0xA44C,0xAC6E,0x9829,0x8404,0x8C06,0xA04C,
  0xA04C,0x8825,0x9046,0x0000,0x0000,0x0000,0x0000,0x0000,0x0000,0x0000,0x0000,0x0000,0x0000,0x0000,0x0000,0x0000,
  0x0000,0x0000,0x0000,0x0000,0x0000,0x0000,0x0000,0x0000,0x0000,0x8403,0x9008,0x8001,0x9409,0x9C2A,0xA84E,0x982A,
  0x8403,0x0000,0x0000,0x0000,0x0000,0x0000,0x0000,0x0000,0x0000,0x0000,0x0000,0x0000,0x0000,0x0000,0x0000,0x0000,
  0x0000,0x0000,0x0000,0x0000,0x0000,0x0000,0x0000,0x0000,0x0000,0x0000,0x0000,0x0000,0x8805,0x8404,0x8C05,0x0000,
  0x0000,0x0000,0x0000,0x0000,0x0000,0x0000,0x0000,0x0000,0x0000,0x0000,0x0000,0x0000,0x0000,0x0000,0x0000,0x0000,
  0x0000,0x0000,0x0000,0x0000,0x0000,0x0000,0x0000,0x0000,0x0000,0x0000,0x0000,0x0000,0x0000,0x0000,0x0000,0x0000,
  0x0000,0x0000,0x0000,0x0000,0x0000,0x0000,0x0000,0x0000,0x0000,0x0000,0x0000,0x0000,0x0000,0x0000,0x0000,0x0000,
  0x0000,0x0000,0x0000,0x0000,0x0000,0x0000,0x0000,0x0000,0x0000,0x0000,0x0000,0x0000,0x0000,0x0000,0x0000,0x0000,
  0x0000,0x0000,0x0000,0x0000,0x0000,0x0000,0x0000,0x0000,0x0000,0x0000,0x0000,0x0000,0x0000,0x0000,0x0000,0x0000,
  0x0000,0x0000,0x0000,0x0000,0x0000,0x0000,0x0000,0x0000,0x0000,0x0000,0x0000,0x0000,0x0000,0x0000,0x0000,0x0000,
  0x0000,0x0000,0x0000,0x0000,0x0000,0x0000,0x0000,0x0000,0x0000,0x0000,0x0000,0x0000,0x0000,0x0000,0x0000,0x0000,
  0x0000,0x0000,0x0000,0x0000,0x0000,0x0000,0x0000,0x0000,0x0000,0x0000,0x0000,0x0000,0x0000,0x0000,0x0000,0x0000,
  0x0000,0x0000,0x0000,0x0000,0x0000,0x0000,0x0000,0x0000,0x0000,0x0000,0x0000,0x0000,0x0000,0x0000,0x0000,0x0000,
  0x0000,0x0000,0x0000,0x0000,0x0000,0x0000,0x0000,0x0000,0x0000,0x0000,0x0000,0x0000,0x0000,0x0000,0x0000,0x0000,
  0x0000,0x0000,0x0000,0x0000,0x0000,0x0000,0x0000,0x0000,0x0000,0x0000,0x0000,0x0000,0x0000,0x0000,0x0000,0x0000,
  0x0000,0x0000,0x0000,0x0000,0x0000,0x0000,0x0000,0x0000,0x0000,0x0000,0x0000,0x0000,0x0000,0x0000,0x0000,0x0000,
  0x0000,0x0000,0x0000,0x0000,0x0000,0x0000,0x0000,0x0000,0x0000,0x0000,0x0000,0x0000,0x0000,0x0000,0x0000,0x0000,
 },
 {
  0x0000,0x0000,0x0000,0x0000,0x0000,0x0000,0x0000,0x0000,0x0000,0x0000,0x0000,0x0000,0x0000,0x0000,0x0000,0x0000,
  0x0000,0x0000,0x0000,0x0000,0x0000,0x0000,0x0000,0x0000,0x0000,0x0000,0x0000,0x0000,0x0000,0x0000,0x0000,0x0000,
  0x0000,0x0000,0x0000,0x0000,0x0000,0x0000,0x0000,0x0000,0x0000,0x0000,0x0000,0x0000,0x0000,0x0000,0x0000,0x0000,
  0x0000,0x0000,0x0000,0x0000,0x0000,0x0000,0x0000,0x0000,0x0000,0x0000,0x0000,0x0000,0x0000,0x0000,0x0000,0x0000,
  0x0000,0x0000,0x0000,0x0000,0x0000,0x0000,0x0000,0x0000,0x0000,0x0000,0x0000,0x0000,0x0000,0x0000,0x9CC5,0x8043,
  0x8022,0x8023,0x0000,0x0000,0x0000,0x0000,0x0000,0x0000,0x0000,0x0000,0x0000,0x0000,0x0000,0x0000,0x0000,0x0000,
  0x0000,0x0000,0x0000,0x0000,0x0000,0x0000,0x0000,0x0000,0x0000,0x0000,0x0000,0x0000,0x8CA7,0x88A8,0xEA00,0xEE20,
  0xFF02,0xF660,0xE5E0,0x90CA,0x8023,0x0000,0x0000,0x0000,0x0000,0x0000,0x0000,0x0000,0x0000,0x0000,0x0000,0x0000,
  0x0000,0x0000,0x0000,0x0000,0x0000,0x0000,0x0000,0x0000,0x0000,0x0000,0x0000,0x8023,0xB5D1,0x9D0C,0x8443,0xC982,
  0xE1C0,0x8023,0x8465,0xA12D,0x8886,0x0000,0x0000,0x0000,0x0000,0x0000,0x0000,0x0000,0x0000,0x0000,0x0000,0x0000,
  0x0000,0x0000,0x0000,0x0000,0x0000,0x0000,0x0000,0x0000,0x0000,0x0000,0x8864,0x8002,0x90A8,0x990B,0xFB9A,0xCE74,
  0xADB0,0xA54D,0x94E9,0x8866,0x8887,0xA4C1,0x8421,0x0000,0x0000,0x0000,0x0000,0x0000,0x0000,0x0000,0x0000,0x0000,
  0x0000,0x0000,0x0000,0x0000,0x0000,0x0000,0x0000,0x0000,0x0000,0x8044,0xD5A1,0xCD40,0x8865,0x9D0B,0xB9CF,0x9D2B,
  0x94C8,0x8887,0x8C87,0x8445,0x8022,0xBD00,0xC940,0x8023,0x0000,0x0000,0x0000,0x0000,0x0000,0x0000,0x0000,0x0000,
  0x0000,0x0000,0x0000,0x0000,0x0000,0x0000,0x0000,0x0000,0x90C9,0xA56D,0x94C6,0xFF04,0xF681,0xFF44,0x8465,0x8043,
  0x8023,0x8044,0xA4A1,0xD180,0xE1C0,0xEA20,0x8423,0x90A8,0x8022,0x0000,0x0000,0x0000,0x0000,0x0000,0x0000,0x0000,
  0x0000,0x0000,0x0000,0x0000,0x0000,0x0000,0x0000,0x0000,0xA14C,0xBE13,0x8444,0xB123,0xFF88,0xFFD8,0xFEC1,0xFEC1,
  0xF660,0xEA00,0xD5C2,0xAD04,0xA8E2,0x9483,0x8464,0xCA54,0x8887,0x0000,0x0000,0x0000,0x0000,0x0000,0x0000,0x0000,
  0x0000,0x0000,0x0000,0x0000,0x0000,0x0000,0x0000,0x0000,0x8CA8,0x990B,0xFA81,0xFF89,0xFB2C,0xB58A,0x8486,0x8465,
  0x8885,0x8443,0x8866,0x9D2C,0xA14C,0xD9A1,0xB900,0x8045,0x8465,0x0000,0x0000,0x0000,0x0000,0x0000,0x0000,0x0000,
  0x0000,0x0000,0x0000,0x0000,0x0000,0x0000,0x0000,0x0000,0x8CA7,0x990B,0xE5E0,0xFEE3,0xFF90,0xFF8D,0xFF05,0xFF04,
  0xFEE1,0xFAA0,0x8864,0x98EA,0x8C87,0xA4A1,0xACA0,0x8443,0x8444,0x0000,0x0000,0x0000,0x0000,0x0000,0x0000,0x0000,
  0x0000,0x0000,0x0000,0x0000,0x0000,0x0000,0x0000,0x0000,0x8CA8,0x94C9,0xEE20,0xFEE3,0xFF8E,0xFEE2,0xFA80,0xFA60,
  0xE5E0,0xD9A0,0x8865,0x8887,0x8C87,0xA080,0xB4C0,0x8024,0x8002,0x0000,0x0000,0x0000,0x0000,0x0000,0x0000,0x0000,
  0x0000,0x0000,0x0000,0x0000,0x0000,0x0000,0x0000,0x0000,0x8C84,0x8444,0x8443,0x8045,0xC1C6,0xEE65,0xF660,0xF240,
  0xEA00,0xD9A0,0x8444,0x8886,0x8886,0x8024,0x8002,0x8401,0x8C87,0x0000,0x0000,0x0000,0x0000,0x0000,0x0000,0x0000,
  0x0000,0x0000,0x0000,0x0000,0x0000,0x0000,0x0000,0x0000,0x9084,0xE5E0,0xF240,0xFF05,0xFAA3,0x8864,0x8485,0x8463,
  0x8464,0x8443,0x8023,0x8886,0x8022,0xB0C0,0xACA0,0x8422,0x8886,0x0000,0x0000,0x0000,0x0000,0x0000,0x0000,0x0000,
  0x0000,0x0000,0x0000,0x0000,0x0000,0x0000,0x0000,0x9D0B,0x8C87,0xF660,0xFEC2,0xFF04,0xFF6C,0xFF03,0xFEA1,0xF680,
  0xF240,0xE5E0,0xEA00,0xD160,0xC940,0xB8E0,0xB0C0,0x8023,0x94C9,0x8002,0x0000,0x0000,0x0000,0x0000,0x0000,0x0000,
  0x0000,0x0000,0x0000,0x0000,0x0000,0x0000,0x8002,0xDA6F,0x8866,0xDDA0,0xFAC3,0xFF25,0xFB6E,0xFF03,0xFAA1,0xF681,
  0xFA61,0xF660,0xE5E0,0xD580,0xCD60,0xC100,0xB0C0,0x9041,0xDDC0,0x8001,0x0000,0x0000,0x0000,0x0000,0x0000,0x0000,
  0x0000,0x0000,0x0000,0x0000,0x0000,0x0000,0x8023,0x8002,0x9483,0xE5E0,0xFEE3,0xFF28,0x8065,0x98A3,0xFEA1,0xFAA1,
  0x8044,0x8843,0xEE20,0xD580,0xC520,0xBD00,0xB0C0,0x9461,0xEA21,0x8002,0x0000,0x0000,0x0000,0x0000,0x0000,0x0000,
  0x0000,0x0000,0x0000,0x0000,0x0000,0x0000,0x8002,0x8001,0x9083,0xE5E0,0xFAC2,0xC5A5,0x8065,0x8044,0xFAA0,0xF681,
  0x8044,0x8044,0xEA00,0xD580,0xC520,0xBD00,0xB0C0,0x9441,0xEA00,0x8001,0x0000,0x0000,0x0000,0x0000,0x0000,0x0000,
  0x0000,0x0000,0x0000,0x0000,0x0000,0x0000,0x8002,0x8002,0x9083,0xE1C0,0xFAA2,0x8065,0x8065,0x8066,0xFA81,0x8003,
  0x8044,0x8044,0x8C63,0xD580,0xC520,0xBD00,0xB0C0,0x9460,0xEA00,0x8002,0x0000,0x0000,0x0000,0x0000,0x0000,0x0000,
  0x0000,0x0000,0x0000,0x0000,0x0000,0x0000,0x8002,0x8001,0x94A3,0xE5E0,0xFAC2,0x8064,0x8044,0x8C85,0x8464,0xFEA4,
  0x8064,0x8023,0x8442,0xD980,0xC520,0xBD00,0xB4C0,0x8023,0xAD6C,0x8002,0x0000,0x0000,0x0000,0x0000,0x0000,0x0000,
  0x0000,0x0000,0x0000,0x0000,0x0000,0x0000,0x8022,0x8002,0x9083,0xE1C0,0xFAC2,0xFF26,0xFF03,0xFEE2,0xFAA2,0xF681,
  0xF260,0xF240,0xE5E0,0xCD60,0xC540,0xC100,0xB0C0,0x88A8,0x90A8,0x8423,0x0000,0x0000,0x0000,0x0000,0x0000,0x0000,
  0x0000,0x0000,0x0000,0x0000,0x0000,0x0000,0x8002,0x8001,0x8423,0xE5E0,0xFEE3,0xFF03,0xFF05,0xE602,0x8044,0x8065,
  0xFA80,0xEE20,0xE5E0,0xD160,0xC960,0xC120,0xB4C0,0x8022,0x8842,0x0000,0x0000,0x0000,0x0000,0x0000,0x0000,0x0000,
  0x0000,0x0000,0x0000,0x0000,0x0000,0x0000,0x8002,0x9D2B,0x8865,0xD9A0,0xFAC2,0xFF04,0xFF26,0x8044,0x8044,0x8044,
  0x8C43,0xEE20,0xE1E0,0xCD60,0xCD60,0xC520,0xB0C0,0x9C81,0x8022,0x0000,0x0000,0x0000,0x0000,0x0000,0x0000,0x0000,
  0x0000,0x0000,0x0000,0x0000,0x0000,0x0000,0x0000,0x8023,0x990A,0x9D0A,0xFEA0,0xFF03,0xFFB0,0xFAE4,0xDE02,0xDE01,
  0xEE40,0xEA00,0xE5E0,0xD160,0xCD60,0xC120,0xB0C0,0x8024,0x8001,0x0000,0x0000,0x0000,0x0000,0x0000,0x0000,0x0000,
  0x0000,0x0000,0x0000,0x0000,0x0000,0x0000,0x0000,0x0000,0x8C87,0xBE34,0x9CC3,0xFEC2,0xFF8E,0xFF04,0xFA80,0xF240,
  0xF240,0xE5E0,0xDDC0,0x8444,0x8023,0xB0C0,0x8024,0x8CA7,0x8001,0x0000,0x0000,0x0000,0x0000,0x0000,0x0000,0x0000,
  0x0000,0x0000,0x0000,0x0000,0x0000,0x0000,0x0000,0x0000,0x8CA7,0x9D2C,0xBD84,0x90C7,0x8023,0x8CC9,0xA107,0x9CE6,
  0xA527,0x8C85,0x8022,0xAD8F,0x8C86,0xB944,0xA8A0,0x8044,0x8002,0x0000,0x0000,0x0000,0x0000,0x0000,0x0000,0x0000,
  0x0000,0x0000,0x0000,0x0000,0x0000,0x0000,0x0000,0x0000,0x8CA7,0x98EA,0xE601,0xFEC0,0xE68B,0x90C8,0x8045,0x8065,
  0x8465,0x98E5,0x8C86,0x8887,0x8887,0x9C81,0xACC0,0x8044,0x8023,0x0000,0x0000,0x0000,0x0000,0x0000,0x0000,0x0000,
  0x0000,0x0000,0x0000,0x0000,0x0000,0x0000,0x0000,0x0000,0x90A5,0x8CA8,0xEA01,0xFEE3,0xFF8E,0xFEE2,0xFAA0,0xF660,
  0xEA00,0xDDA0,0x90A6,0x8886,0x8887,0xA4A1,0xA4A0,0x8001,0x0000,0x0000,0x0000,0x0000,0x0000,0x0000,0x0000,0x0000,
  0x0000,0x0000,0x0000,0x0000,0x0000,0x0000,0x0000,0x0000,0x0000,0x0000,0x8464,0xEA00,0xFFAD,0xFEE2,0xFA80,0xF240,
  0xEA00,0xD9A0,0x8C64,0x8CA7,0x8886,0x8443,0x8002,0x0000,0x0000,0x0000,0x0000,0x0000,0x0000,0x0000,0x0000,0x0000,
  0x0000,0x0000,0x0000,0x0000,0x0000,0x0000,0x0000,0x0000,0x0000,0x0000,0x0000,0x0000,0x9082,0x8023,0x8423,0x8021,
  0x8022,0x8022,0x8023,0x8002,0x0000,0x0000,0x0000,0x0000,0x0000,0x0000,0x0000,0x0000,0x0000,0x0000,0x0000,0x0000,
  0x0000,0x0000,0x0000,0x0000,0x0000,0x0000,0x0000,0x0000,0x0000,0x0000,0x0000,0x0000,0x0000,0x0000,0x0000,0x0000,
  0x0000,0x0000,0x0000,0x0000,0x0000,0x0000,0x0000,0x0000,0x0000,0x0000,0x0000,0x0000,0x0000,0x0000,0x0000,0x0000,
  0x0000,0x0000,0x0000,0x0000,0x0000,0x0000,0x0000,0x0000,0x0000,0x0000,0x0000,0x0000,0x0000,0x0000,0x0000,0x0000,
  0x0000,0x0000,0x0000,0x0000,0x0000,0x0000,0x0000,0x0000,0x0000,0x0000,0x0000,0x0000,0x0000,0x0000,0x0000,0x0000,
 },
 {
  0x0000,0x0000,0x0000,0x0000,0x0000,0x0000,0x0000,0x0000,0x0000,0x0000,0x0000,0x0000,0x0000,0x0000,0x0000,0x0000,
  0x0000,0x0000,0x0000,0x0000,0x0000,0x0000,0x0000,0x0000,0x0000,0x0000,0x0000,0x0000,0x0000,0x0000,0x0000,0x0000,
  0x0000,0x0000,0x0000,0x0000,0x0000,0x0000,0x0000,0x0000,0x0000,0x0000,0x0000,0x0000,0x0000,0x0000,0x0000,0x0000,
  0x0000,0x0000,0x0000,0x0000,0x0000,0x0000,0x0000,0x0000,0x0000,0x0000,0x0000,0x0000,0x0000,0x0000,0x0000,0x0000,
  0x0000,0x0000,0x0000,0x0000,0x0000,0x0000,0x0000,0x0000,0x0000,0x0000,0x0000,0x0000,0x0000,0x0000,0x0000,0x0000,
  0x0000,0x0000,0x0000,0x8CA7,0x8023,0x8023,0x8865,0x8886,0x0000,0x0000,0x0000,0x0000,0x0000,0x0000,0x0000,0x0000,
  0x0000,0x0000,0x0000,0x0000,0x0000,0x0000,0x0000,0x0000,0x0000,0x0000,0x0000,0x0000,0x0000,0x0000,0x0000,0x0000,
  0x0000,0x8024,0x8444,0x8024,0x8C87,0x98EA,0xB9F1,0xB1B0,0x8444,0x8023,0x0000,0x0000,0x0000,0x0000,0x0000,0x0000,
  0x0000,0x0000,0x0000,0x0000,0x0000,0x0000,0x0000,0x0000,0x0000,0x0000,0x0000,0x0000,0x0000,0x0000,0x0000,0x8444,
  0xC233,0xCA75,0xCE96,0xCA75,0xCE96,0x8044,0x8024,0x94C9,0x8865,0xB9F1,0x8044,0x0000,0x0000,0x0000,0x0000,0x0000,
  0x0000,0x0000,0x0000,0x0000,0x0000,0x0000,0x0000,0x0000,0x0000,0x0000,0x0000,0x0000,0x0000,0x0000,0x8886,0xDAF9,
  0x94E9,0xA12B,0xE319,0xC633,0xCE95,0xCA75,0xB9F1,0x8044,0xCA54,0xC212,0xB9F0,0x8002,0x0000,0x0000,0x0000,0x0000,
  0x0000,0x0000,0x0000,0x0000,0x0000,0x0000,0x0000,0x0000,0x0000,0x0000,0x0000,0x0000,0x0000,0x8464,0xCA54,0x88A8,
  0x8022,0x80EB,0x8001,0x9D4D,0xB9F2,0xDAF8,0xCA54,0xCE75,0x9D0B,0xB9F0,0xB5D0,0x8465,0x0000,0x0000,0x0000,0x0000,
  0x0000,0x0000,0x0000,0x0000,0x0000,0x0000,0x0000,0x0000,0x0000,0x0000,0x0000,0x0000,0x8022,0xDEF9,0x950A,0x81F6,
  0x82DC,0x8278,0x82BB,0x81F6,0x812E,0x8045,0xF7BE,0xBE13,0xBE12,0x8886,0xB18F,0x9D0B,0x8444,0x0000,0x0000,0x0000,
  0x0000,0x0000,0x0000,0x0000,0x0000,0x0000,0x0000,0x0000,0x0000,0x0000,0x0000,0x8065,0xC633,0x90EA,0x810D,0x82FC,
  0xC3DF,0xCBDF,0xCBDF,0x8258,0x8258,0x80EC,0xDAD8,0xBE13,0xBE12,0xA54C,0xA96D,0xAD6D,0x8002,0x0000,0x0000,0x0000,
  0x0000,0x0000,0x0000,0x0000,0x0000,0x0000,0x0000,0x0000,0x0000,0x0000,0x8044,0xDEF8,0xA14C,0x8216,0x82DB,0xBFBF,
  0x82FC,0x8B5E,0xA39F,0xC7FF,0x8258,0x8023,0xF79D,0xBE12,0xB1D0,0xA54D,0x8465,0x94C9,0x8002,0x0000,0x0000,0x0000,
  0x0000,0x0000,0x0000,0x0000,0x0000,0x0000,0x0000,0x0000,0x0000,0x0000,0xB1B0,0x98EA,0x81B2,0x82FD,0x82DC,0x82DC,
  0xA39F,0xA39F,0x9F7F,0xC7DF,0x8237,0xC275,0xC654,0xB9F2,0xA56D,0xA0E6,0x9085,0x90A8,0x8001,0x0000,0x0000,0x0000,
  0x0000,0x0000,0x0000,0x0000,0x0000,0x0000,0x0000,0x0000,0x88A7,0xD296,0xA14C,0x81D4,0x86FD,0xBFBF,0xBFBF,0x82FD,
  0x82DD,0x977F,0xCBDF,0x8279,0x992C,0xCA54,0xB9F1,0xA56D,0xBD44,0xC501,0x9085,0x94E9,0x8001,0x0000,0x0000,0x0000,
  0x0000,0x0000,0x0000,0x0000,0x0000,0x0000,0x0000,0x0000,0xAD8E,0xB1B0,0x8044,0x82DB,0xBFDF,0x86FC,0xAF9F,0xB7BF,
  0xAFBF,0x82BA,0x82BA,0x950A,0xEF9C,0xB1AF,0xA54C,0x94C7,0xB125,0xC501,0x8865,0x8C87,0x8001,0x0000,0x0000,0x0000,
  0x0000,0x0000,0x0000,0x0000,0x0000,0x0000,0x0000,0xCA76,0xA56D,0x8066,0x82BA,0xC3DF,0x82DB,0xAFBF,0xB7BF,0xB7BF,
  0x9F7E,0x82FB,0x950A,0xDF19,0xB1B0,0xA14C,0x90A7,0x8023,0x9D0A,0x90A7,0x8022,0x8002,0x0000,0x0000,0x0000,0x0000,
  0x0000,0x0000,0x0000,0x0000,0x0000,0x0000,0xAD8E,0x9D0B,0x8024,0x8237,0x829A,0x829A,0xA39E,0xAB9F,0xB7BF,0x8F1C,
  0xB3BF,0x992B,0xD296,0xB5D0,0xA56D,0x8866,0x8C86,0x8C85,0x8C87,0x8044,0x8044,0x0000,0x0000,0x0000,0x0000,0x0000,
  0x0000,0x0000,0x0000,0x0000,0x0000,0xA98E,0xC654,0x8045,0x8216,0x8299,0x82DC,0xA39F,0x82BA,0x9F7F,0xA79F,0xA77E,
  0x8465,0xEB5B,0xB9F1,0xA54D,0x90A7,0x8CA7,0x8C86,0x9D0A,0x8044,0x8444,0x94E9,0x8022,0x0000,0x0000,0x0000,0x0000,
  0x0000,0x0000,0x0000,0x0000,0x8444,0xD296,0x8023,0x8257,0x829A,0x935E,0x8F5D,0x829A,0x82BA,0x9F7E,0x871D,0x8065,
  0xEF7D,0xB5F1,0xA12C,0x90A8,0x8C87,0x98EA,0x98E9,0x8865,0x8465,0x94C8,0x8C87,0x8022,0x0000,0x0000,0x0000,0x0000,
  0x0000,0x0000,0x0000,0x90A7,0xB5F1,0xCA75,0xDAF9,0x8066,0x8215,0x82BB,0x8279,0x871D,0x937F,0x829A,0x84A8,0xEB7C,
  0xBE12,0xA96E,0x9D0B,0x8887,0x8C86,0x94C8,0x8464,0x8886,0x8445,0x90A7,0x8444,0x0000,0x0000,0x0000,0x0000,0x0000,
  0x0000,0x0000,0x0000,0x8001,0xB1B0,0xCE96,0xCE96,0xCA75,0xDAF8,0xA14C,0x8065,0x82BB,0x8299,0x8466,0xE73A,0xC212,
  0xB16D,0xCD42,0x90A7,0x8023,0x9D0A,0x8886,0x8002,0x8024,0x8887,0x8023,0x8002,0x0000,0x0000,0x0000,0x0000,0x0000,
  0x0000,0x0000,0x8886,0xA98E,0xA56D,0xCA74,0xE73A,0xD2B7,0xD6D7,0xEB7B,0xCE95,0xB5F0,0x8043,0xF39C,0xBE12,0xA94C,
  0xE5C0,0x98E9,0x8465,0x9D2B,0x8886,0x8022,0x8866,0x0000,0x0000,0x0000,0x0000,0x0000,0x0000,0x0000,0x0000,0x0000,
  0x0000,0x0000,0x8444,0xA12C,0x8886,0x8002,0x8023,0xA14D,0xE33A,0xDAD7,0xCA54,0xB9F1,0xC232,0xB5F1,0xAD8F,0xB903,
  0xB14A,0x8002,0x98EB,0x90A7,0x8044,0x8466,0x8002,0x0000,0x0000,0x0000,0x0000,0x0000,0x0000,0x0000,0x0000,0x0000,
  0x0000,0x0000,0x8002,0xCE96,0x8CA7,0x9D2B,0xA96E,0x8445,0x8422,0xDEF8,0xC654,0xB9F0,0xAD8E,0xA56D,0x98EA,0x94C8,
  0x8464,0x8865,0xA109,0x8887,0x8465,0x8001,0x0000,0x0000,0x0000,0x0000,0x0000,0x0000,0x0000,0x0000,0x0000,0x0000,
  0x0000,0x0000,0x8444,0x94C9,0xBE12,0xA14C,0x8465,0x8045,0xEB5B,0xA56D,0xE31A,0xA96E,0xB18E,0xA12A,0x8466,0x8024,
  0x8002,0x8002,0x8886,0x8465,0x8022,0x0000,0x0000,0x0000,0x0000,0x0000,0x0000,0x0000,0x0000,0x0000,0x0000,0x0000,
  0x0000,0x0000,0x8001,0x90A8,0x8023,0x8CA7,0xB5D0,0xC213,0xC634,0xA54C,0xB9F1,0xB9F1,0xA54D,0x9D2B,0x8CA7,0x8065,
  0x98EA,0x8CA7,0x8866,0x8002,0x0000,0x0000,0x0000,0x0000,0x0000,0x0000,0x0000,0x0000,0x0000,0x0000,0x0000,0x0000,
  0x0000,0x0000,0x8002,0x90C9,0x94E9,0x8887,0x8044,0xB9F1,0x9D0A,0xCA55,0xBDF1,0xB148,0x990A,0x90C8,0x90C8,0xA12D,
  0x94E9,0x8C87,0x8002,0x0000,0x0000,0x0000,0x0000,0x0000,0x0000,0x0000,0x0000,0x0000,0x0000,0x0000,0x0000,0x0000,
  0x0000,0x0000,0x8465,0x94C9,0x8444,0xA12C,0x94C8,0xAD8F,0x9D0A,0xC213,0xA94B,0xBCE1,0x94E9,0x8465,0x90A8,0x98EA,
  0x8C86,0x8C87,0x8443,0x0000,0x0000,0x0000,0x0000,0x0000,0x0000,0x0000,0x0000,0x0000,0x0000,0x0000,0x0000,0x0000,
  0x0000,0x0000,0x0000,0x8002,0x8866,0x8022,0x8CA7,0xB1AF,0x9D0B,0xAD8F,0xA54B,0xC145,0x94C9,0x90A8,0x8866,0x990B,
  0x8886,0x8022,0x0000,0x0000,0x0000,0x0000,0x0000,0x0000,0x0000,0x0000,0x0000,0x0000,0x0000,0x0000,0x0000,0x0000,
  0x0000,0x0000,0x0000,0x0000,0x8022,0x8865,0x94E9,0x8CA9,0xA54D,0x8C86,0xA12C,0x94E9,0x8CA7,0x90A7,0x8001,0x8CA8,
  0x8023,0x0000,0x0000,0x0000,0x0000,0x0000,0x0000,0x0000,0x0000,0x0000,0x0000,0x0000,0x0000,0x0000,0x0000,0x0000,
  0x0000,0x0000,0x0000,0x0000,0x0000,0x8023,0x8002,0x8465,0x8C86,0x90A8,0x8023,0x8023,0x8886,0x8001,0x8443,0x8001,
  0x0000,0x0000,0x0000,0x0000,0x0000,0x0000,0x0000,0x0000,0x0000,0x0000,0x0000,0x0000,0x0000,0x0000,0x0000,0x0000,
  0x0000,0x0000,0x0000,0x0000,0x0000,0x0000,0x0000,0x0000,0x0000,0x8002,0x8002,0x8001,0x0000,0x0000,0x0000,0x0000,
  0x0000,0x0000,0x0000,0x0000,0x0000,0x0000,0x0000,0x0000,0x0000,0x0000,0x0000,0x0000,0x0000,0x0000,0x0000,0x0000,
  0x0000,0x0000,0x0000,0x0000,0x0000,0x0000,0x0000,0x0000,0x0000,0x0000,0x0000,0x0000,0x0000,0x0000,0x0000,0x0000,
  0x0000,0x0000,0x0000,0x0000,0x0000,0x0000,0x0000,0x0000,0x0000,0x0000,0x0000,0x0000,0x0000,0x0000,0x0000,0x0000,
  0x0000,0x0000,0x0000,0x0000,0x0000,0x0000,0x0000,0x0000,0x0000,0x0000,0x0000,0x0000,0x0000,0x0000,0x0000,0x0000,
  0x0000,0x0000,0x0000,0x0000,0x0000,0x0000,0x0000,0x0000,0x0000,0x0000,0x0000,0x0000,0x0000,0x0000,0x0000,0x0000,
 },
 {
  0x0000,0x0000,0x0000,0x0000,0x0000,0x0000,0x0000,0x0000,0x0000,0x0000,0x0000,0x0000,0x0000,0x0000,0x0000,0x0000,
  0x0000,0x0000,0x0000,0x0000,0x0000,0x0000,0x0000,0x0000,0x0000,0x0000,0x0000,0x0000,0x0000,0x0000,0x0000,0x0000,
  0x0000,0x0000,0x0000,0x0000,0x0000,0x0000,0x0000,0x0000,0x0000,0x0000,0x0000,0x0000,0x0000,0x0000,0x0000,0x0000,
  0x0000,0x0000,0x0000,0x0000,0x0000,0x0000,0x0000,0x0000,0x0000,0x0000,0x0000,0x0000,0x0000,0x0000,0x0000,0x0000,
  0x0000,0x0000,0x0000,0x0000,0x0000,0x0000,0x0000,0x0000,0x0000,0x90A7,0x8CA6,0x98E8,0x0000,0x0000,0x0000,0x0000,
  0x0000,0x0000,0x0000,0x0000,0x0000,0x0000,0x0000,0x0000,0x0000,0x0000,0x0000,0x0000,0x0000,0x0000,0x0000,0x0000,
  0x0000,0x0000,0x0000,0x0000,0x0000,0x0000,0x0000,0x0000,0x8865,0x8023,0xC611,0x8001,0x94C8,0x8443,0x0000,0x0000,
  0x0000,0x0000,0x0000,0x0000,0x0000,0x0000,0x0000,0x0000,0x0000,0x0000,0x0000,0x0000,0x0000,0x0000,0x0000,0x0000,
  0x0000,0x0000,0x0000,0x0000,0x0000,0x0000,0x0000,0x0000,0xCA54,0xB9F1,0xA54D,0xA96E,0x94C9,0x8001,0x0000,0x0000,
  0x0000,0x0000,0x0000,0x0000,0x0000,0x0000,0x0000,0x0000,0x0000,0x0000,0x0000,0x0000,0x0000,0x0000,0x0000,0x0000,
  0x0000,0x0000,0x0000,0x0000,0x0000,0x0000,0x0000,0x0000,0xA52C,0xC632,0xA52B,0x8C87,0x94A5,0x8001,0x0000,0x0000,
  0x0000,0x0000,0x0000,0x0000,0x8001,0x8423,0x0000,0x0000,0x0000,0x0000,0x0000,0x0000,0x0000,0x0000,0x0000,0x0000,
  0x0000,0x0000,0x0000,0x0000,0x0000,0x0000,0x0000,0x0000,0x8001,0x8002,0x8423,0x8001,0x8001,0x0000,0x0000,0x0000,
  0x0000,0x0000,0x0000,0x8002,0xCA54,0x90C8,0x8022,0x0000,0x0000,0x0000,0x0000,0x0000,0x0000,0x0000,0x0000,0x0000,
  0x0000,0x0000,0x0000,0x0000,0x0000,0x0000,0x0000,0x0000,0x8000,0xB8A0,0x9860,0x8400,0x9C40,0x0000,0x0000,0x0000,
  0x0000,0x0000,0x8022,0xAD6D,0xB1AF,0x90A7,0xA12B,0x8001,0x0000,0x0000,0x0000,0x0000,0x0000,0x0000,0x0000,0x0000,
  0x0000,0x0000,0x0000,0x0000,0x0000,0x0000,0x0000,0x0000,0x8000,0xFB2D,0xB0A0,0x9020,0xB0A0,0x0000,0x0000,0x0000,
  0x0000,0x0000,0x8001,0xC212,0xB9F0,0x9CE8,0x9085,0x8001,0x0000,0x0000,0x0000,0x0000,0x0000,0x0000,0x0000,0x0000,
  0x0000,0x0000,0x0000,0x0000,0x0000,0x0000,0x0000,0x8021,0x8000,0xFBDD,0xACA0,0x8C20,0xA480,0x8000,0x0000,0x0000,
  0x0000,0x0000,0x8001,0xC632,0xB5CE,0xA4E5,0x8844,0x8001,0x0000,0x0000,0x0000,0x0000,0x0000,0x0000,0x0000,0x0000,
  0x0000,0x0000,0x0000,0x0000,0x0000,0x0000,0xB8E0,0xC500,0xE5C0,0xD140,0xBCE0,0xA460,0x9C40,0xB4A0,0xB0A0,0x0000,
  0x0000,0x0000,0x8000,0xB080,0x8000,0x8000,0x9C40,0x0000,0x0000,0x0000,0x0000,0x0000,0x0000,0x0000,0x0000,0x0000,
  0x0000,0x0000,0x0000,0x0000,0x0000,0x8000,0xE5C0,0xE5A0,0xFF95,0xE5C0,0xC0E0,0xAC80,0x9C40,0x9C40,0xBCE0,0x8000,
  0x0000,0x0000,0x8421,0xEAD2,0xC100,0x8C20,0xB4A0,0x0000,0x0000,0x0000,0x0000,0x0000,0x0000,0x0000,0x0000,0x0000,
  0x0000,0x0000,0x0000,0x0000,0x0000,0x8000,0xC0E0,0xFFB9,0xFA62,0xFAEA,0xD960,0xE1A0,0xC500,0xB4A0,0xA880,0x8000,
  0x0000,0x8421,0x8000,0xE68E,0xC100,0x9020,0xAC80,0x8000,0x0000,0x0000,0x0000,0x0000,0x0000,0x0000,0x0000,0x0000,
  0x0000,0x0000,0x0000,0x0000,0x0000,0x8421,0xC520,0xFE82,0xEDE0,0xCD20,0xB4C0,0xB0A0,0x9C40,0x8800,0xAC80,0x8000,
  0x9882,0xD140,0xB8C0,0xD9C5,0xB0A0,0x9020,0x9440,0xACA0,0x8400,0x0000,0x0000,0x0000,0x0000,0x0000,0x0000,0x0000,
  0x0000,0x0000,0x0000,0x0000,0x0000,0x8000,0xDDE5,0xF6CB,0xE5C0,0xC500,0xB8C0,0xC940,0xA060,0x8C00,0xA880,0x8000,
  0xAC80,0xCD00,0xFEC6,0xFA21,0xC520,0xB0A0,0x9C60,0xA060,0xC0E0,0x8000,0x0000,0x0000,0x0000,0x0000,0x0000,0x0000,
  0x0000,0x0000,0x0000,0x0000,0x0000,0x8001,0xE205,0xFFDB,0xFB54,0xF2F1,0xDE4D,0xB8C0,0xA060,0x8C00,0xA880,0x8000,
  0xD540,0xF643,0xFFFD,0xD120,0xD140,0xB8C0,0x9C60,0xB8C0,0x9C40,0x8000,0x0000,0x0000,0x0000,0x0000,0x0000,0x0000,
  0x0000,0x0000,0x0000,0x0000,0x0000,0x8021,0xDDE6,0xFB98,0xFFB9,0xF314,0xDA2C,0xBCE0,0xA060,0x8C20,0xAC80,0x8000,
  0xD140,0xEE01,0xEE00,0xC0E0,0xB4A0,0xB4A0,0x9840,0x8800,0x9840,0x8000,0x0000,0x0000,0x0000,0x0000,0x0000,0x0000,
  0x0000,0x0000,0x0000,0x0000,0x0000,0x8000,0xE206,0xFFB9,0xFB98,0xF313,0xD62C,0xBCE0,0xA480,0x8C20,0xACA0,0x8000,
  0xD140,0xF221,0xF620,0xBCC0,0xACA0,0xACA0,0xA060,0x8C20,0x9C40,0x8000,0x0000,0x0000,0x0000,0x0000,0x0000,0x0000,
  0x0000,0x0000,0x0000,0x0000,0x0000,0x8001,0xCD20,0xFFDD,0xFB76,0xEEF2,0xDA2C,0xB8C0,0xA460,0x8C20,0xB0A0,0x8000,
  0xD960,0xFF98,0xFB32,0xE24C,0xDE4C,0xC920,0xA460,0x8C20,0x9C40,0x8000,0x0000,0x0000,0x0000,0x0000,0x0000,0x0000,
  0x0000,0x0000,0x0000,0x0000,0x0000,0x8000,0xD160,0xFB99,0xFB76,0xEAD1,0xD60B,0xBCE0,0xA460,0x8C20,0xB0A0,0x8000,
  0xD960,0xFB77,0xFFFF,0xF313,0xE6AF,0xC500,0xA460,0x8C20,0x9C60,0x8000,0x0000,0x0000,0x0000,0x0000,0x0000,0x0000,
  0x0000,0x0000,0x0000,0x0000,0x0000,0x8001,0xD580,0xFEE9,0xFB98,0xEAD1,0xD62C,0xB8C0,0xA460,0x8800,0xB0A0,0x8000,
  0xD960,0xFB77,0xFFFE,0xEEF2,0xE6B0,0xC900,0xA480,0x8C20,0x9C40,0x8000,0x0000,0x0000,0x0000,0x0000,0x0000,0x0000,
  0x0000,0x0000,0x0000,0x0000,0x0000,0x8001,0xD980,0xFF0E,0xEE01,0xCD60,0xC100,0xBCE0,0xA060,0x8C00,0xB0A0,0x8000,
  0xD960,0xF755,0xFFFD,0xF313,0xE690,0xC500,0xA480,0x8C20,0x9C60,0x8000,0x0000,0x0000,0x0000,0x0000,0x0000,0x0000,
  0x0000,0x0000,0x0000,0x0000,0x0000,0x8401,0xD120,0xFA62,0xE1A0,0xE649,0xC543,0xB4C0,0xA060,0x8C20,0xB4A0,0x8000,
  0xD960,0xF755,0xFFBA,0xEAD1,0xE28F,0xC500,0xA480,0x8C20,0xA060,0x8000,0x0000,0x0000,0x0000,0x0000,0x0000,0x0000,
  0x0000,0x0000,0x0000,0x0000,0x0000,0x8401,0xC900,0xFA42,0xE180,0xB8C0,0xAC80,0x9C40,0x9C40,0x9020,0xB0A0,0x8000,
  0xD560,0xF264,0xFFB9,0xEAD1,0xE26D,0xC520,0xA480,0x8C20,0xA060,0x8000,0x0000,0x0000,0x0000,0x0000,0x0000,0x0000,
  0x0000,0x0000,0x0000,0x0000,0x0000,0x8000,0xB0A0,0xFE83,0xD960,0xB0A0,0xA060,0xA060,0x9020,0x8800,0xA480,0x8000,
  0xD560,0xF6CB,0xFA84,0xD981,0xC520,0xD183,0xA460,0x8C20,0xA060,0x8000,0x0000,0x0000,0x0000,0x0000,0x0000,0x0000,
  0x0000,0x0000,0x0000,0x0000,0x0000,0x8001,0xA481,0xFF2B,0xD560,0xB0A0,0xA460,0xA060,0xA460,0xA060,0x9461,0x8002,
  0xDD60,0xF621,0xFB0B,0xEA6C,0xE22A,0xBCC0,0xA460,0x8C20,0xA060,0x8000,0x0000,0x0000,0x0000,0x0000,0x0000,0x0000,
  0x0000,0x0000,0x0000,0x0000,0x0000,0x0000,0x8000,0x8422,0xA480,0x9860,0xACA0,0x8C20,0x9C60,0x8001,0x8001,0x8000,
  0xD120,0xF641,0xF200,0xC0E0,0xBCC0,0xB0A0,0x9C60,0x9020,0xA460,0x8000,0x0000,0x0000,0x0000,0x0000,0x0000,0x0000,
  0x0000,0x0000,0x0000,0x0000,0x0000,0x0000,0x0000,0x0000,0x0000,0x0000,0x0000,0x0000,0x0000,0x0000,0x0000,0x8000,
  0xB8C0,0xE5C1,0xEDE0,0xAC80,0x9C40,0xA060,0x9840,0x8400,0xA060,0x8000,0x0000,0x0000,0x0000,0x0000,0x0000,0x0000,
  0x0000,0x0000,0x0000,0x0000,0x0000,0x0000,0x0000,0x0000,0x0000,0x0000,0x0000,0x0000,0x0000,0x0000,0x0000,0x0000,
  0x9C81,0xF268,0xE9C0,0xB8C0,0xA880,0xA060,0xA880,0xA040,0xA480,0x8C21,0x0000,0x0000,0x0000,0x0000,0x0000,0x0000,
  0x0000,0x0000,0x0000,0x0000,0x0000,0x0000,0x0000,0x0000,0x0000,0x0000,0x0000,0x0000,0x0000,0x0000,0x0000,0x0000,
  0x0000,0x0000,0x8000,0x8000,0x8001,0x8001,0x8001,0x8000,0x0000,0x0000,0x0000,0x0000,0x0000,0x0000,0x0000,0x0000,
  0x0000,0x0000,0x0000,0x0000,0x0000,0x0000,0x0000,0x0000,0x0000,0x0000,0x0000,0x0000,0x0000,0x0000,0x0000,0x0000,
  0x0000,0x0000,0x0000,0x0000,0x0000,0x0000,0x0000,0x0000,0x0000,0x0000,0x0000,0x0000,0x0000,0x0000,0x0000,0x0000,
  0x0000,0x0000,0x0000,0x0000,0x0000,0x0000,0x0000,0x0000,0x0000,0x0000,0x0000,0x0000,0x0000,0x0000,0x0000,0x0000,
  0x0000,0x0000,0x0000,0x0000,0x0000,0x0000,0x0000,0x0000,0x0000,0x0000,0x0000,0x0000,0x0000,0x0000,0x0000,0x0000,
 },
 {
  0x0000,0x0000,0x0000,0x0000,0x0000,0x0000,0x0000,0x0000,0x0000,0x0000,0x0000,0x0000,0x0000,0x0000,0x0000,0x0000,
  0x0000,0x0000,0x0000,0x0000,0x0000,0x0000,0x0000,0x0000,0x0000,0x0000,0x0000,0x0000,0x0000,0x0000,0x0000,0x0000,
  0x0000,0x0000,0x0000,0x0000,0x0000,0x0000,0x0000,0x0000,0x0000,0x0000,0x0000,0x0000,0x0000,0x0000,0x0000,0x0000,
  0x0000,0x0000,0x0000,0x0000,0x0000,0x0000,0x0000,0x0000,0x0000,0x0000,0x0000,0x0000,0x0000,0x0000,0x0000,0x0000,
  0x0000,0x0000,0x0000,0x0000,0x0000,0x0000,0x0000,0x0000,0x0000,0x0000,0x0000,0x0000,0x0000,0x8023,0x8043,0x0000,
  0x0000,0x0000,0x0000,0x0000,0x0000,0x0000,0x0000,0x0000,0x0000,0x0000,0x0000,0x0000,0x0000,0x0000,0x0000,0x0000,
  0x0000,0x0000,0x0000,0x0000,0x0000,0x0000,0x0000,0x0000,0x0000,0x0000,0x0000,0x8C85,0x84EA,0xB588,0x850B,0x84EA,
  0x80EB,0x8022,0x8044,0x8CA6,0x0000,0x0000,0x0000,0x0000,0x0000,0x0000,0x0000,0x0000,0x0000,0x0000,0x0000,0x0000,
  0x0000,0x0000,0x0000,0x0000,0x0000,0x0000,0x0000,0x0000,0x0000,0x0000,0x8485,0xF2A9,0xFB2D,0xDE48,0x996C,0x84EA,
  0x84E9,0xF6CA,0xFB4E,0xD1C4,0x80CA,0x8044,0x8044,0x0000,0x0000,0x0000,0x0000,0x0000,0x0000,0x0000,0x0000,0x0000,
  0x0000,0x0000,0x0000,0x0000,0x0000,0x0000,0x0000,0x0000,0x0000,0x0000,0xDA07,0x9483,0x8024,0x8422,0x8864,0xA127,
  0xE646,0xDA6B,0xB566,0x84C9,0x850B,0x84EB,0x84EB,0x84EB,0x84EB,0x8045,0x8464,0x0000,0x0000,0x0000,0x0000,0x0000,
  0x0000,0x0000,0x0000,0x0000,0x0000,0x0000,0x0000,0x0000,0x0000,0x0000,0xD5E6,0x8022,0x8045,0x8023,0x8045,0x8002,
  0x8023,0x8087,0xA107,0xF72C,0xF70C,0xD24B,0x852C,0x850A,0x84EA,0x84C9,0xA927,0x8023,0x0000,0x0000,0x0000,0x0000,
  0x0000,0x0000,0x0000,0x0000,0x0000,0x0000,0x0000,0x0000,0x0000,0x0000,0xBD85,0x9D2A,0x8066,0x8045,0x8045,0x8087,
  0x8066,0x8066,0x8066,0x8044,0x8003,0x8003,0x8045,0xB545,0xFF2E,0xD5E5,0xB965,0x8CC6,0x0000,0x0000,0x0000,0x0000,
  0x0000,0x0000,0x0000,0x0000,0x0000,0x0000,0x0000,0x0000,0x0000,0x0000,0x8065,0xDE06,0x8066,0x8045,0x8044,0x8088,
  0x80A8,0x8066,0x8066,0x8066,0x8045,0x8045,0x8045,0x8022,0x8422,0xFB09,0x80A8,0x80A9,0x8023,0x0000,0x0000,0x0000,
  0x0000,0x0000,0x0000,0x0000,0x0000,0x0000,0x0000,0x0000,0x0000,0x0000,0x8023,0xE626,0x8066,0x8045,0x8023,0x8067,
  0x80A9,0x80A8,0x8087,0x8088,0x80A9,0x8087,0x8066,0x8045,0x8044,0xEA45,0x80A8,0x8045,0x8023,0x0000,0x0000,0x0000,
  0x0000,0x0000,0x0000,0x0000,0x0000,0x0000,0x0000,0x0000,0x0000,0x0000,0x8443,0xD1C5,0x8065,0x8045,0x8023,0x8066,
  0x8066,0x8088,0x80A9,0x8088,0x8089,0x80A9,0x8066,0x8066,0x8044,0xE624,0x8066,0x8065,0x8023,0x0000,0x0000,0x0000,
  0x0000,0x0000,0x0000,0x0000,0x0000,0x0000,0x0000,0x0000,0x0000,0x0000,0x0000,0x8002,0x8065,0x8065,0x8023,0x8045,
  0x8067,0x8087,0x8087,0x80A9,0x8088,0x8088,0x8087,0x8088,0x8066,0x8004,0x84A7,0x8045,0x8023,0x0000,0x0000,0x0000,
  0x0000,0x0000,0x0000,0x0000,0x0000,0x0000,0x0000,0x0000,0x0000,0x0000,0x0000,0x8002,0x8086,0x8023,0x8087,0x8087,
  0x8024,0x8023,0x8046,0x8067,0x8087,0x8067,0x8088,0x8087,0x8066,0x8003,0x9CA5,0x8045,0x8023,0x0000,0x0000,0x0000,
  0x0000,0x0000,0x0000,0x0000,0x0000,0x0000,0x0000,0x0000,0x0000,0x0000,0x8C63,0x94A4,0x8465,0xDE25,0xC9A5,0x80A9,
  0x80CA,0x80A9,0x8088,0x8065,0x8024,0x8045,0x8066,0x8066,0x8066,0x8003,0x98C5,0x8044,0x8023,0x0000,0x0000,0x0000,
  0x0000,0x0000,0x0000,0x0000,0x0000,0x0000,0x0000,0x0000,0x0000,0x9CC4,0xDA06,0xC565,0xA8C1,0x9483,0xAD03,0x9D4A,
  0x95B1,0x9590,0x84CA,0x80CA,0x80A9,0x8088,0x8044,0x8045,0x8045,0x8022,0xD1A4,0x8044,0x8023,0x0000,0x0000,0x0000,
  0x0000,0x0000,0x0000,0x0000,0x0000,0x0000,0x0000,0x8043,0xE667,0x94C6,0x8022,0xFBB0,0x8000,0x8068,0x8089,0x8023,
  0x8002,0x8086,0x80A9,0x890B,0xA1D1,0x998D,0x88EA,0x80A9,0x8087,0x8088,0xD9E5,0x8043,0x8023,0x0000,0x0000,0x0000,
  0x0000,0x0000,0x0000,0x0000,0x0000,0x0000,0x8002,0xDE05,0x8443,0x8023,0x8024,0xDD81,0xB902,0x8024,0x8023,0x8068,
  0x8089,0x8067,0x8024,0x8024,0x8088,0x8087,0x8C84,0xF284,0x8065,0x80CA,0xE626,0x8086,0x8002,0x0000,0x0000,0x0000,
  0x0000,0x0000,0x0000,0x0000,0x8443,0xE646,0xA0C4,0x8023,0x8068,0x808B,0x808A,0x8023,0xEE65,0x89D1,0xCED3,0x9462,
  0x8088,0x8067,0x8023,0x9484,0xF76C,0xF6C4,0xB8E2,0x9062,0xA4C2,0x8045,0x8023,0x8001,0x0000,0x0000,0x0000,0x0000,
  0x0000,0x0000,0x0000,0xD628,0xB967,0x8003,0x8067,0x80AB,0x80AB,0x8069,0x8067,0xF285,0x875D,0xB7BE,0x81D4,0xB523,
  0xF665,0xFAE7,0xB8E1,0xB4E1,0x8842,0x8044,0x8046,0x8024,0x8487,0xB147,0x8863,0x0000,0x0000,0x0000,0x0000,0x0000,
  0x0000,0x0000,0x8022,0x8443,0x8024,0x8069,0x8067,0x8067,0x80AB,0x80CD,0x8067,0xFB05,0x8548,0x86B6,0xF2E9,0x9CA2,
  0x8002,0x8001,0x8002,0x8045,0x8069,0x8068,0x808A,0x8088,0x8002,0xF286,0x8023,0x0000,0x0000,0x0000,0x0000,0x0000,
  0x0000,0x0000,0x8022,0xEA89,0xFF70,0xCDE7,0x8000,0x8045,0x8067,0x8067,0x8089,0x8022,0xD5A1,0xC941,0x8022,0x8046,
  0x8068,0x80AB,0x8069,0x80AB,0x8069,0x8067,0x8002,0xBDA9,0xB504,0x8464,0x8023,0x0000,0x0000,0x0000,0x0000,0x0000,
  0x0000,0x0000,0x8023,0x90E9,0xB986,0xE689,0xFB4F,0xBDA8,0x8024,0x8001,0x8025,0x8066,0x8045,0x8044,0x808A,0x80AC,
  0x80AB,0x808A,0x80AC,0x8068,0x8068,0x8022,0xE626,0xC122,0x8487,0x8066,0x8023,0x0000,0x0000,0x0000,0x0000,0x0000,
  0x0000,0x0000,0x8023,0x80A8,0x892D,0x890C,0x890C,0x80A9,0xC186,0xFB72,0xF2C8,0xFF4E,0x8465,0x8023,0x8067,0x8067,
  0x8067,0x808B,0x8067,0x8024,0xB9A8,0xBD65,0x8066,0x8087,0x8045,0x8045,0x8023,0x0000,0x0000,0x0000,0x0000,0x0000,
  0x0000,0x0000,0x8000,0x80A9,0x850C,0x84EA,0x850C,0x84EA,0x8045,0xF266,0xF288,0xA4E4,0xBDA8,0xC9C8,0xFF90,0xE2AC,
  0x8022,0x8024,0x8423,0xEA69,0xA0C5,0x8066,0x90A4,0x8045,0x8044,0x8065,0x8023,0x0000,0x0000,0x0000,0x0000,0x0000,
  0x0000,0x0000,0x8443,0xEE65,0x84EB,0x850C,0x84EB,0x84EB,0x8065,0xDE06,0xE226,0xA8C2,0x892D,0x890B,0x890A,0xC9E8,
  0xFAC8,0xFBFD,0xEE86,0xB503,0x8086,0x8065,0x8864,0x8088,0x8066,0xB0E1,0x8022,0x0000,0x0000,0x0000,0x0000,0x0000,
  0x0000,0x0000,0x0000,0x0000,0x8044,0x8003,0x8045,0x850B,0x850C,0x8066,0x8003,0x80A8,0x850C,0x850C,0x850C,0x850C,
  0x84EB,0x916E,0x84A8,0x8065,0x8087,0x8086,0x8066,0x8066,0x8002,0x0000,0x0000,0x0000,0x0000,0x0000,0x0000,0x0000,
  0x0000,0x0000,0x0000,0x0000,0x0000,0x0000,0x0000,0x8023,0x8023,0x84EA,0x850C,0x850C,0x850B,0x850B,0x84EB,0x84CA,
  0x850C,0x9990,0x8487,0x8065,0x8066,0x8086,0x8066,0x8002,0x0000,0x0000,0x0000,0x0000,0x0000,0x0000,0x0000,0x0000,
  0x0000,0x0000,0x0000,0x0000,0x0000,0x0000,0x0000,0x0000,0x0000,0x0000,0x0000,0x8023,0x80A8,0x84EB,0x850C,0x850C,
  0x80CA,0xFF8E,0xBD44,0x8065,0x8087,0x8002,0x0000,0x0000,0x0000,0x0000,0x0000,0x0000,0x0000,0x0000,0x0000,0x0000,
  0x0000,0x0000,0x0000,0x0000,0x0000,0x0000,0x0000,0x0000,0x0000,0x0000,0x0000,0x0000,0x0000,0x8023,0x8023,0x84A9,
  0xD1E6,0xFF91,0xC143,0xB522,0x8001,0x0000,0x0000,0x0000,0x0000,0x0000,0x0000,0x0000,0x0000,0x0000,0x0000,0x0000,
  0x0000,0x0000,0x0000,0x0000,0x0000,0x0000,0x0000,0x0000,0x0000,0x0000,0x0000,0x0000,0x0000,0x0000,0x0000,0x0000,
  0x0000,0x8422,0x8022,0x0000,0x0000,0x0000,0x0000,0x0000,0x0000,0x0000,0x0000,0x0000,0x0000,0x0000,0x0000,0x0000,
  0x0000,0x0000,0x0000,0x0000,0x0000,0x0000,0x0000,0x0000,0x0000,0x0000,0x0000,0x0000,0x0000,0x0000,0x0000,0x0000,
  0x0000,0x0000,0x0000,0x0000,0x0000,0x0000,0x0000,0x0000,0x0000,0x0000,0x0000,0x0000,0x0000,0x0000,0x0000,0x0000,
  0x0000,0x0000,0x0000,0x0000,0x0000,0x0000,0x0000,0x0000,0x0000,0x0000,0x0000,0x0000,0x0000,0x0000,0x0000,0x0000,
  0x0000,0x0000,0x0000,0x0000,0x0000,0x0000,0x0000,0x0000,0x0000,0x0000,0x0000,0x0000,0x0000,0x0000,0x0000,0x0000,
 },
 {
  0x0000,0x0000,0x0000,0x0000,0x0000,0x0000,0x0000,0x0000,0x0000,0x0000,0x0000,0x0000,0x0000,0x0000,0x0000,0x0000,
  0x0000,0x0000,0x0000,0x0000,0x0000,0x0000,0x0000,0x0000,0x0000,0x0000,0x0000,0x0000,0x0000,0x0000,0x0000,0x0000,
  0x0000,0x0000,0x0000,0x0000,0x0000,0x0000,0x0000,0x0000,0x0000,0x0000,0x0000,0x0000,0x0000,0x0000,0x0000,0x0000,
  0x0000,0x0000,0x0000,0x0000,0x0000,0x0000,0x0000,0x0000,0x0000,0x0000,0x0000,0x0000,0x0000,0x0000,0x0000,0x0000,
  0x0000,0x0000,0x0000,0x0000,0x0000,0x0000,0x0000,0x0000,0x0000,0x0000,0x0000,0x0000,0x0000,0x8023,0x8023,0x8022,
  0x8023,0x8022,0x8022,0x0000,0x0000,0x0000,0x0000,0x0000,0x0000,0x0000,0x0000,0x0000,0x0000,0x0000,0x0000,0x0000,
  0x0000,0x0000,0x0000,0x0000,0x0000,0x0000,0x0000,0x0000,0x8023,0x8044,0x94EA,0x94EA,0x90CA,0x8CA8,0x8CA8,0x8CA8,
  0x8CA8,0x8CA8,0x8CA8,0x90C9,0x90C9,0x90C9,0x8023,0x8022,0x0000,0x0000,0x0000,0x0000,0x0000,0x0000,0x0000,0x0000,
  0x0000,0x0000,0x0000,0x0000,0x0000,0x0000,0x0000,0x8022,0x990B,0x94E9,0x8CA8,0x8CA8,0x8CA8,0x8CA7,0x8CA7,0x8CA7,
  0x8CA7,0x8CA8,0x8CA8,0x8CA8,0x8CA7,0x8CA7,0x90C8,0x9D2C,0x8002,0x0000,0x0000,0x0000,0x0000,0x0000,0x0000,0x0000,
  0x0000,0x0000,0x0000,0x0000,0x0000,0x0000,0x0000,0x8022,0xBA13,0xC234,0xC675,0xB5D1,0xA98F,0x90C9,0x90C9,0x90C9,
  0x90C9,0x90C9,0x90C9,0x950B,0xA56E,0xA56F,0x8887,0x8023,0x8002,0x0000,0x0000,0x0000,0x0000,0x0000,0x0000,0x0000,
  0x0000,0x0000,0x0000,0x0000,0x0000,0x0000,0x8023,0x8001,0x8CA7,0x90C9,0xA14D,0xFFFF,0xEB5B,0xCA75,0xCA75,0xC234,
  0xB5F2,0xB9F2,0xA56E,0xAD8F,0x94C9,0x8886,0x8044,0x8043,0x8002,0x8001,0x0000,0x0000,0x0000,0x0000,0x0000,0x0000,
  0x0000,0x0000,0x0000,0x0000,0x0000,0x8002,0xB9F1,0xF3BD,0x8002,0x8023,0x94EA,0xC213,0xA54E,0x9D0B,0x94EA,0x94C9,
  0x8CA7,0x8CA7,0x8886,0x8465,0x8465,0x8044,0x8002,0x8001,0xADAF,0x9D0B,0x8001,0x0000,0x0000,0x0000,0x0000,0x0000,
  0x0000,0x0000,0x0000,0x0000,0x0000,0x8000,0xF39D,0x990B,0xA56D,0x98EA,0x8422,0x8023,0xA96E,0xA12C,0x94EA,0x90C9,
  0x8CA8,0x8C87,0x8465,0x8465,0x8002,0x8002,0xA12C,0x8465,0x8CA7,0x8002,0x8001,0x0000,0x0000,0x0000,0x0000,0x0000,
  0x0000,0x0000,0x0000,0x0000,0x0000,0x8000,0xC233,0x8001,0xA56E,0xBE12,0xFFFF,0xFFFF,0xFBDF,0xF7BE,0xE31A,0xE319,
  0xD6D7,0xDAD7,0xB5D1,0xBE12,0x8886,0xF39B,0xDAD7,0xA96D,0x8465,0x8002,0x8001,0x0000,0x0000,0x0000,0x0000,0x0000,
  0x0000,0x0000,0x0000,0x0000,0x0000,0x8001,0xCA75,0x8002,0xAD8F,0xC233,0xC654,0xF79C,0xC654,0xCA74,0xB5D0,0xAD8F,
  0xA96E,0xA12C,0x94C9,0x8C87,0x8001,0xC654,0x9D0B,0x90A7,0x8866,0x8002,0x8001,0x0000,0x0000,0x0000,0x0000,0x0000,
  0x0000,0x0000,0x0000,0x0000,0x0000,0x8001,0xD296,0x94CA,0x984A,0x8000,0x8000,0xA54C,0xCA75,0xC654,0xB5B0,0xAD8F,
  0xA96E,0xA12C,0x94C8,0x8886,0x8023,0xC654,0x8C87,0x90A7,0x8404,0x8886,0x8001,0x0000,0x0000,0x0000,0x0000,0x0000,
  0x0000,0x0000,0x0000,0x0000,0x0000,0x8844,0xCA54,0x98CA,0xA02D,0xB493,0xC4F8,0x8806,0x8000,0x8002,0x8000,0x8000,
  0x8002,0x8002,0x8000,0x8002,0x8003,0xC654,0x8C86,0x90C8,0x9008,0x8001,0x0000,0x0000,0x0000,0x0000,0x0000,0x0000,
  0x0000,0x0000,0x0000,0x0000,0x0000,0x0000,0x8002,0x9009,0xAC92,0xC0D7,0xEA1F,0xF6FF,0xD57B,0xC4F8,0xBCB5,0xB4B4,
  0xB092,0xAC91,0xA44F,0xAC90,0x8001,0xD6B7,0x90A8,0xA54D,0xA02C,0x8001,0x0000,0x0000,0x0000,0x0000,0x0000,0x0000,
  0x0000,0x0000,0x0000,0x0000,0x0000,0x0000,0x8002,0xB473,0xAC92,0xC0B7,0xE19E,0xDD9D,0xC93A,0xD57B,0xCD3A,0xC518,
  0xC0D7,0xB8B5,0xAC72,0xA06E,0x8001,0xB5CF,0x90A8,0x8424,0xA04C,0x8001,0x0000,0x0000,0x0000,0x0000,0x0000,0x0000,
  0x0000,0x0000,0x0000,0x0000,0x0000,0x0000,0x8002,0xBCB6,0xAC72,0xC0B7,0xE19E,0xC918,0xB8B5,0xB4B4,0xB494,0xB092,
  0xB072,0xA870,0xA44E,0x9C4C,0x9C2C,0x8002,0x8002,0x9007,0xA44E,0x8000,0x0000,0x0000,0x0000,0x0000,0x0000,0x0000,
  0x0000,0x0000,0x0000,0x0000,0x0000,0x0000,0x8002,0xBCB6,0xAC92,0xBCB7,0xE19E,0xD97D,0xB8B5,0xB8D4,0xFFFF,0xFFFF,
  0xB092,0xAC91,0xA44F,0xA04E,0x982B,0x982C,0x8C07,0x8C06,0xA04E,0x8001,0x0000,0x0000,0x0000,0x0000,0x0000,0x0000,
  0x0000,0x0000,0x0000,0x0000,0x0000,0x0000,0x8002,0xBCB6,0xAC92,0xBCD7,0xDD9D,0xDD9D,0xBCD6,0xB8D4,0xF7BE,0xFBBE,
  0xB093,0xB092,0xA46F,0xA44E,0x982B,0x9C2C,0x8C07,0x8806,0xA44F,0x8001,0x0000,0x0000,0x0000,0x0000,0x0000,0x0000,
  0x0000,0x0000,0x0000,0x0000,0x0000,0x0000,0x8002,0xBCB6,0xAC71,0xBCD7,0xE19E,0xFB9F,0xEF3D,0xF79E,0xFBBE,0xF7BE,
  0xEF3D,0xE71C,0xA870,0xA04E,0x982C,0x9C2C,0x8C27,0x8806,0xA44F,0x8001,0x0000,0x0000,0x0000,0x0000,0x0000,0x0000,
  0x0000,0x0000,0x0000,0x0000,0x0000,0x0000,0x8001,0xC0B7,0xA870,0xC0D7,0xE19E,0xFFFF,0xFBDE,0xFBBE,0xFBBE,0xF7BE,
  0xF7BE,0xEF7D,0xA871,0xA44F,0x9C2C,0x9C2C,0x8C07,0x8806,0xA44F,0x8001,0x0000,0x0000,0x0000,0x0000,0x0000,0x0000,
  0x0000,0x0000,0x0000,0x0000,0x0000,0x0000,0x8002,0xBCB6,0xAC71,0xC0D7,0xE19E,0xEA9D,0xDE7A,0xDA39,0xF7BE,0xF7BE,
  0xC997,0xB953,0xA870,0xA44F,0x9C2C,0x9C2C,0x8C07,0x8C06,0xA870,0x8001,0x0000,0x0000,0x0000,0x0000,0x0000,0x0000,
  0x0000,0x0000,0x0000,0x0000,0x0000,0x0000,0x8002,0xB895,0xAC71,0xC0D7,0xE19E,0xD15B,0xBCB5,0xB8D5,0xF7BE,0xF79D,
  0xB092,0xAC92,0xA870,0xA44F,0x982C,0x9C2C,0x8C07,0x8C07,0xA44F,0x8001,0x0000,0x0000,0x0000,0x0000,0x0000,0x0000,
  0x0000,0x0000,0x0000,0x0000,0x0000,0x0000,0x8002,0xB071,0xAC72,0xC4D8,0xE5DE,0xD97D,0xB8B4,0xB4B4,0xF7BE,0xFBBE,
  0xB072,0xAC71,0xA44F,0xA44F,0x9C2C,0x982B,0x9028,0x8C27,0x9C2C,0x8001,0x0000,0x0000,0x0000,0x0000,0x0000,0x0000,
  0x0000,0x0000,0x0000,0x0000,0x0000,0x0000,0x990B,0x8001,0xAC72,0xC0D7,0xE19E,0xD11B,0xB8B5,0xB8B4,0xB4B4,0xB093,
  0xB092,0xA84F,0xA44F,0x9C4C,0x9C4D,0x982B,0x8C27,0x8C07,0x8003,0x94EA,0x0000,0x0000,0x0000,0x0000,0x0000,0x0000,
  0x0000,0x0000,0x0000,0x0000,0x0000,0x0000,0xB9F2,0xAD8E,0x8003,0xA44F,0xE5BE,0xD97C,0xC0F7,0xB493,0xB494,0xAC92,
  0xB092,0xAC91,0xA02D,0xA44E,0x982B,0x9009,0x8003,0x8002,0x990B,0x8887,0x0000,0x0000,0x0000,0x0000,0x0000,0x0000,
  0x0000,0x0000,0x0000,0x0000,0x0000,0x0000,0x990B,0xB1B0,0xD2B7,0x8423,0x8003,0x8807,0xB8B5,0xC0D7,0xB4B3,0xB4B3,
  0xA44F,0xA86F,0x982B,0x9429,0x8845,0xB5D1,0xB5D0,0xA96D,0x8465,0x8887,0x0000,0x0000,0x0000,0x0000,0x0000,0x0000,
  0x0000,0x0000,0x0000,0x0000,0x0000,0x0000,0x8022,0xB1B0,0x9D0B,0xB1AF,0xFBBE,0xC653,0x8022,0x8001,0x8000,0x8001,
  0x8002,0x8002,0x8002,0xA12C,0x90C8,0xDED6,0x8C86,0x8C87,0x8466,0x8001,0x0000,0x0000,0x0000,0x0000,0x0000,0x0000,
  0x0000,0x0000,0x0000,0x0000,0x0000,0x0000,0x0000,0x8000,0xA12C,0xB5B0,0xCE75,0xDEF8,0xC213,0xB5D0,0xA96E,0xAD8E,
  0xA12C,0x9D0B,0x8C87,0x8C87,0x8444,0xC632,0x90A7,0x8886,0x8000,0x0000,0x0000,0x0000,0x0000,0x0000,0x0000,0x0000,
  0x0000,0x0000,0x0000,0x0000,0x0000,0x0000,0x0000,0x0000,0x8001,0x8423,0xA14D,0xF37C,0xCA74,0xB5B0,0xAD8E,0xAD6E,
  0x9D0B,0x9D0A,0x98E9,0x8C87,0x8023,0x98E9,0x8002,0x8001,0x0000,0x0000,0x0000,0x0000,0x0000,0x0000,0x0000,0x0000,
  0x0000,0x0000,0x0000,0x0000,0x0000,0x0000,0x0000,0x0000,0x0000,0x0000,0x0000,0x90A6,0x8002,0x8000,0x8002,0x8002,
  0x8001,0x8000,0x8001,0x8002,0x0000,0x0000,0x0000,0x0000,0x0000,0x0000,0x0000,0x0000,0x0000,0x0000,0x0000,0x0000,
  0x0000,0x0000,0x0000,0x0000,0x0000,0x0000,0x0000,0x0000,0x0000,0x0000,0x0000,0x0000,0x0000,0x0000,0x0000,0x0000,
  0x0000,0x0000,0x0000,0x0000,0x0000,0x0000,0x0000,0x0000,0x0000,0x0000,0x0000,0x0000,0x0000,0x0000,0x0000,0x0000,
  0x0000,0x0000,0x0000,0x0000,0x0000,0x0000,0x0000,0x0000,0x0000,0x0000,0x0000,0x0000,0x0000,0x0000,0x0000,0x0000,
  0x0000,0x0000,0x0000,0x0000,0x0000,0x0000,0x0000,0x0000,0x0000,0x0000,0x0000,0x0000,0x0000,0x0000,0x0000,0x0000,
 },
 {
  0x0000,0x0000,0x0000,0x0000,0x0000,0x0000,0x0000,0x0000,0x0000,0x0000,0x0000,0x0000,0x0000,0x0000,0x0000,0x0000,
  0x0000,0x0000,0x0000,0x0000,0x0000,0x0000,0x0000,0x0000,0x0000,0x0000,0x0000,0x0000,0x0000,0x0000,0x0000,0x0000,
  0x0000,0x0000,0x0000,0x0000,0x0000,0x0000,0x0000,0x0000,0x0000,0x0000,0x0000,0x0000,0x0000,0x0000,0x0000,0x0000,
  0x0000,0x0000,0x0000,0x0000,0x0000,0x0000,0x0000,0x0000,0x0000,0x0000,0x0000,0x0000,0x0000,0x0000,0x0000,0x0000,
  0x0000,0x0000,0x0000,0x0000,0x0000,0x0000,0x0000,0x0000,0x0000,0x0000,0x0000,0x0000,0x8023,0x8002,0x8024,0x0000,
  0x0000,0x0000,0x0000,0x0000,0x0000,0x0000,0x0000,0x0000,0x0000,0x0000,0x0000,0x0000,0x0000,0x0000,0x0000,0x0000,
  0x0000,0x0000,0x0000,0x0000,0x0000,0x0000,0x0000,0x0000,0x0000,0x0000,0x0000,0x8067,0xBAFC,0x89B6,0x8131,0x8153,
  0x8153,0x8024,0x8002,0x0000,0x0000,0x0000,0x0000,0x0000,0x0000,0x0000,0x0000,0x0000,0x0000,0x0000,0x0000,0x0000,
  0x0000,0x0000,0x0000,0x0000,0x0000,0x0000,0x0000,0x0000,0x0000,0x0000,0x8067,0x8594,0x80EE,0x8572,0x89B6,0xB2BC,
  0x9618,0x8131,0x8132,0x8110,0x8131,0x8046,0x8046,0x8087,0x0000,0x0000,0x0000,0x0000,0x0000,0x0000,0x0000,0x0000,
  0x0000,0x0000,0x0000,0x0000,0x0000,0x0000,0x0000,0x0000,0x0000,0x0000,0x85D8,0x8089,0x8089,0x8087,0x8045,0x8066,
  0x8066,0x84CC,0x91B5,0xA27B,0xA69B,0x8153,0x8132,0x8131,0x810E,0x810F,0x8045,0x8044,0x0000,0x0000,0x0000,0x0000,
  0x0000,0x0000,0x0000,0x0000,0x0000,0x0000,0x0000,0x0000,0x0000,0x0000,0x8196,0x8046,0x8088,0x82DA,0x8088,0x80CA,
  0x8045,0x8045,0x8002,0x8002,0x80EE,0x8531,0x91F8,0xB2DD,0xA27B,0x8132,0x8174,0x810E,0x84A9,0x0000,0x0000,0x0000,
  0x0000,0x0000,0x0000,0x0000,0x0000,0x0000,0x0000,0x0000,0x0000,0x8023,0x8595,0x8023,0x8066,0x82DB,0x82DD,0x80A8,
  0x80A9,0x80A9,0x80A8,0x80CA,0x80A9,0x8088,0x8024,0x8002,0x8045,0x8573,0xCB3E,0x850E,0x8002,0x0000,0x0000,0x0000,
  0x0000,0x0000,0x0000,0x0000,0x0000,0x0000,0x0000,0x0000,0x0000,0x8023,0x80EF,0x8024,0x80AA,0x80A9,0x8087,0x80A9,
  0x829B,0x82FB,0x8299,0x8088,0x80CA,0x8215,0x80A9,0x80CA,0x8066,0x8022,0xA27A,0x80A9,0x8002,0x0000,0x0000,0x0000,
  0x0000,0x0000,0x0000,0x0000,0x0000,0x0000,0x0000,0x0000,0x0000,0x8152,0x80AA,0x8065,0x8215,0x8299,0x80A9,0x8257,
  0x80A9,0x80A9,0x81F3,0x80CA,0x810C,0x8087,0x82FB,0x8066,0x8066,0x80CB,0xAABC,0x8045,0x8001,0x0000,0x0000,0x0000,
  0x0000,0x0000,0x0000,0x0000,0x0000,0x0000,0x0000,0x0000,0x0000,0x8530,0x80A9,0x80A9,0x8171,0x80A8,0x8087,0x80A9,
  0x80CA,0x80EB,0x80C9,0x80A9,0x831D,0x80CA,0x80A8,0x8191,0x80AA,0x80CC,0x80EF,0x8088,0x8002,0x0000,0x0000,0x0000,
  0x0000,0x0000,0x0000,0x0000,0x0000,0x0000,0x0000,0x0000,0x8045,0x8553,0x8023,0x80CA,0x8150,0x80C9,0x8298,0x80A8,
  0x81F3,0x831C,0x82B9,0x80A8,0x8088,0x80AA,0x80EB,0x8257,0x8045,0x8553,0x8046,0x8089,0x8486,0x0000,0x0000,0x0000,
  0x0000,0x0000,0x0000,0x0000,0x0000,0x0000,0x0000,0x0000,0x8023,0x8996,0x8024,0x80A9,0x8045,0x80A9,0x82FA,0x80C9,
  0x80A9,0x80CA,0x810D,0x80CA,0x8088,0x80A9,0x82BA,0x8678,0x8002,0x8995,0x8046,0x8089,0x0000,0x0000,0x0000,0x0000,
  0x0000,0x0000,0x0000,0x0000,0x0000,0x0000,0x0000,0x0000,0x8023,0x8153,0x8044,0x8277,0x8190,0x80CA,0x80A7,0x8277,
  0x80CA,0x80CB,0x80A9,0x80C9,0x82DB,0x80A8,0x81B1,0x80A9,0x8046,0x91F8,0x8046,0x8023,0x0000,0x0000,0x0000,0x0000,
  0x0000,0x0000,0x0000,0x0000,0x0000,0x0000,0x0000,0x0000,0x8552,0x80CD,0x8024,0x8088,0x80A9,0x80CA,0x80A9,0x80CA,
  0x80A8,0x80A9,0x80EB,0x82BA,0x80CA,0x8065,0x80CA,0x80AA,0x8153,0xA25A,0x8089,0x8002,0x0000,0x0000,0x0000,0x0000,
  0x0000,0x0000,0x0000,0x0000,0x0000,0x0000,0x0000,0x0000,0x8068,0x8996,0x8DB6,0x8996,0x8068,0x8023,0x8023,0x80A9,
  0x80A9,0x80A9,0x80CB,0x80A9,0x80A8,0x81F3,0x80EB,0x80A9,0x8573,0x91B4,0x8068,0x8002,0x0000,0x0000,0x0000,0x0000,
  0x0000,0x0000,0x0000,0x0000,0x0000,0x0000,0x0000,0x8002,0x8089,0x8067,0x8023,0x80AB,0x8DB5,0x8995,0xA25A,0x8552,
  0x8046,0x8024,0x8088,0x80A9,0x8067,0x80EC,0x8298,0x8023,0x8132,0x8089,0x80CC,0x0000,0x0000,0x0000,0x0000,0x0000,
  0x0000,0x0000,0x0000,0x0000,0x0000,0x0000,0x8045,0x8574,0x8068,0x8152,0x8131,0x808A,0x8001,0x8045,0x8130,0x8552,
  0xAA9C,0xA65A,0x8110,0x8003,0x8066,0x80A9,0x8087,0x8001,0x8DD6,0x8067,0x8088,0x0000,0x0000,0x0000,0x0000,0x0000,
  0x0000,0x0000,0x0000,0x0000,0x0000,0x8023,0x8174,0x8088,0x8196,0xAEFB,0x9216,0xC77E,0x808A,0x8110,0x8110,0x8088,
  0x8024,0x8045,0x810F,0x8530,0x963A,0x9E5A,0x80CC,0x85D7,0xC31C,0x8067,0x8024,0x0000,0x0000,0x0000,0x0000,0x0000,
  0x0000,0x0000,0x0000,0x0000,0x8066,0x8531,0x850E,0x8239,0x8639,0x89F4,0xAB3E,0x810D,0x8193,0x9258,0x9238,0x9ABB,
  0x8131,0x8110,0x8510,0x8510,0x8025,0x8045,0x80EF,0xAABB,0x84EC,0x8089,0x8044,0x0000,0x0000,0x0000,0x0000,0x0000,
  0x0000,0x0000,0x0000,0x8575,0x8595,0x8066,0x8152,0xB35E,0x8A59,0xBB7D,0x80CC,0x8238,0xBF7F,0x812F,0x8551,0x8192,
  0x92BB,0xAF7E,0x8A18,0x80CC,0x8151,0x8151,0x8002,0x8003,0x8002,0x8001,0x0000,0x0000,0x0000,0x0000,0x0000,0x0000,
  0x0000,0x0000,0x8003,0xC31D,0xB6FD,0x8173,0x8174,0x8175,0x8089,0x808A,0x8150,0xAB5D,0xB77F,0x86FF,0x80CC,0x8239,
  0xD37D,0x80EE,0x8ABD,0x80CE,0x81D7,0x8088,0x8154,0x9593,0x8066,0x0000,0x0000,0x0000,0x0000,0x0000,0x0000,0x0000,
  0x0000,0x0000,0x8023,0x8068,0x80CC,0x80CE,0xB279,0xBF1D,0x9A39,0x8194,0x8573,0x80CD,0x80AA,0x80CC,0x9E99,0xAF3D,
  0x8088,0x8ABB,0x867A,0x80EE,0x8510,0x8595,0x80EE,0x8068,0x8023,0x0000,0x0000,0x0000,0x0000,0x0000,0x0000,0x0000,
  0x0000,0x0000,0x8002,0xDAD6,0xDAD6,0x8067,0x80EE,0x80CD,0x810F,0x8552,0xBAFD,0xAA9B,0x8594,0x8153,0x80EE,0x80AA,
  0x80CC,0x8151,0x810F,0x8572,0x9639,0x80AB,0x8067,0x94C8,0x8044,0x0000,0x0000,0x0000,0x0000,0x0000,0x0000,0x0000,
  0x0000,0x0000,0x8444,0x992D,0x992C,0x90EB,0x80A9,0x8510,0x80ED,0x80AB,0x810F,0x80EF,0x80EF,0x9E39,0xC2FD,0x8595,
  0x8195,0x8110,0x8194,0x9E5A,0x80CC,0x8002,0x8888,0x8067,0x8001,0x0000,0x0000,0x0000,0x0000,0x0000,0x0000,0x0000,
  0x0000,0x0000,0x0000,0x8001,0x8024,0x90EB,0x8023,0x8023,0x810F,0x8553,0x80EF,0x8067,0x8110,0x8131,0x80EF,0x8573,
  0xC73E,0xC73D,0xB2BB,0x80CC,0x8046,0x94C9,0x8067,0x8001,0x0000,0x0000,0x0000,0x0000,0x0000,0x0000,0x0000,0x0000,
  0x0000,0x0000,0x0000,0x0000,0x0000,0x0000,0x0000,0x0000,0x0000,0x8023,0x8002,0x80AA,0x8131,0x8110,0x8066,0xCAB6,
  0x8045,0x8110,0x80EE,0x8023,0x8089,0x8067,0x0000,0x0000,0x0000,0x0000,0x0000,0x0000,0x0000,0x0000,0x0000,0x0000,
  0x0000,0x0000,0x0000,0x0000,0x0000,0x0000,0x0000,0x0000,0x0000,0x0000,0x0000,0x0000,0x8002,0x8001,0x8046,0xA98F,
  0xDEF4,0x8445,0x810F,0x8068,0x8001,0x0000,0x0000,0x0000,0x0000,0x0000,0x0000,0x0000,0x0000,0x0000,0x0000,0x0000,
  0x0000,0x0000,0x0000,0x0000,0x0000,0x0000,0x0000,0x0000,0x0000,0x0000,0x0000,0x0000,0x0000,0x0000,0x8002,0x8487,
  0x992E,0x8488,0x84CC,0x8023,0x0000,0x0000,0x0000,0x0000,0x0000,0x0000,0x0000,0x0000,0x0000,0x0000,0x0000,0x0000,
  0x0000,0x0000,0x0000,0x0000,0x0000,0x0000,0x0000,0x0000,0x0000,0x0000,0x0000,0x0000,0x0000,0x0000,0x0000,0x8488,
  0x8045,0x8024,0x8023,0x0000,0x0000,0x0000,0x0000,0x0000,0x0000,0x0000,0x0000,0x0000,0x0000,0x0000,0x0000,0x0000,
  0x0000,0x0000,0x0000,0x0000,0x0000,0x0000,0x0000,0x0000,0x0000,0x0000,0x0000,0x0000,0x0000,0x0000,0x0000,0x0000,
  0x0000,0x0000,0x0000,0x0000,0x0000,0x0000,0x0000,0x0000,0x0000,0x0000,0x0000,0x0000,0x0000,0x0000,0x0000,0x0000,
  0x0000,0x0000,0x0000,0x0000,0x0000,0x0000,0x0000,0x0000,0x0000,0x0000,0x0000,0x0000,0x0000,0x0000,0x0000,0x0000,
  0x0000,0x0000,0x0000,0x0000,0x0000,0x0000,0x0000,0x0000,0x0000,0x0000,0x0000,0x0000,0x0000,0x0000,0x0000,0x0000,
 },
 {
  0x0000,0x0000,0x0000,0x0000,0x0000,0x0000,0x0000,0x0000,0x0000,0x0000,0x0000,0x0000,0x0000,0x0000,0x0000,0x0000,
  0x0000,0x0000,0x0000,0x0000,0x0000,0x0000,0x0000,0x0000,0x0000,0x0000,0x0000,0x0000,0x0000,0x0000,0x0000,0x0000,
  0x0000,0x0000,0x0000,0x0000,0x0000,0x0000,0x0000,0x0000,0x0000,0x0000,0x0000,0x0000,0x0000,0x0000,0x0000,0x0000,
  0x0000,0x0000,0x0000,0x0000,0x0000,0x0000,0x0000,0x0000,0x0000,0x0000,0x0000,0x0000,0x0000,0x0000,0x0000,0x0000,
  0x0000,0x0000,0x0000,0x0000,0x0000,0x0000,0x0000,0x0000,0x0000,0x0000,0x0000,0x0000,0x0000,0x0000,0x0000,0x0000,
  0x0000,0x0000,0x0000,0x0000,0x0000,0x0000,0x0000,0x0000,0x0000,0x0000,0x0000,0x0000,0x0000,0x0000,0x0000,0x0000,
  0x0000,0x0000,0x0000,0x0000,0x0000,0x0000,0x0000,0x0000,0x0000,0x0000,0x0000,0x0000,0x0000,0x0000,0x0000,0x0000,
  0x0000,0x0000,0x0000,0x0000,0x0000,0x0000,0x0000,0x0000,0x0000,0x0000,0x0000,0x0000,0x0000,0x0000,0x0000,0x0000,
  0x0000,0x0000,0x0000,0x0000,0x0000,0x0000,0x0000,0x0000,0x0000,0x0000,0x0000,0x0000,0x0000,0x0000,0x8023,0x8002,
  0x8002,0x8445,0x0000,0x0000,0x0000,0x0000,0x0000,0x0000,0x0000,0x0000,0x0000,0x0000,0x0000,0x0000,0x0000,0x0000,
  0x0000,0x0000,0x0000,0x0000,0x0000,0x0000,0x0000,0x0000,0x0000,0x0000,0x0000,0x8886,0x8444,0xC212,0xB9F1,0xADAF,
  0xB9F1,0xB9F1,0xA54C,0x94C7,0x8864,0x8C85,0x9D0A,0x8865,0x8023,0x0000,0x0000,0x0000,0x0000,0x0000,0x0000,0x0000,
  0x0000,0x0000,0x0000,0x0000,0x0000,0x0000,0x0000,0x0000,0x0000,0x0000,0x8023,0xEF7B,0xBE11,0xB5D0,0xBE11,0xBE12,
  0xBE12,0xE319,0xA96C,0x8465,0xA98E,0xDE06,0xC632,0xE739,0xBE11,0x8023,0x0000,0x0000,0x0000,0x0000,0x0000,0x0000,
  0x0000,0x0000,0x0000,0x0000,0x0000,0x0000,0x0000,0x0000,0x0000,0x0000,0xB9D0,0xAD8E,0xAD6E,0xEF5A,0xF7BD,0xEF7B,
  0xA54B,0x94C8,0x8C86,0x8023,0x90C8,0x8CA8,0xAD6B,0xCDEB,0xA54C,0x98E8,0x8002,0x0000,0x0000,0x0000,0x0000,0x0000,
  0x0000,0x0000,0x0000,0x0000,0x0000,0x0000,0x0000,0x0000,0x0000,0x0000,0xB5AF,0xA54C,0x9D2B,0xA56D,0xBDF1,0x94C8,
  0x94C8,0x8CA7,0x8CA7,0x8423,0x9D2B,0x8023,0x8422,0x9CE7,0xA52B,0x90A8,0x8022,0x0000,0x0000,0x0000,0x0000,0x0000,
  0x0000,0x0000,0x0000,0x0000,0x0000,0x0000,0x0000,0x0000,0x8444,0x8003,0x8866,0x90A8,0xA96E,0xA96D,0xAD8E,0x94E9,
  0x90A7,0x8044,0x8002,0x98EA,0xB9F1,0xBE12,0xB5D0,0xAD8E,0x8423,0x90A8,0x8001,0x9085,0x0000,0x0000,0x0000,0x0000,
  0x0000,0x0000,0x0000,0x0000,0x0000,0x0000,0x98E9,0x90A7,0xC653,0xBE12,0xB5D0,0x8C86,0x8024,0x90A8,0xA54D,0x990A,
  0x8022,0x94C9,0xA98E,0xC233,0xBE12,0xBE12,0xE73A,0xBDF0,0xA54C,0x8444,0x98E8,0xA96C,0x8022,0x0000,0x0000,0x0000,
  0x0000,0x0000,0x0000,0x0000,0x0000,0x8866,0xB1AF,0xA12B,0xC633,0xEF7B,0xE739,0xCE95,0xB5D0,0xB9F1,0xB9F1,0xB5D0,
  0xB1AF,0xC232,0xC233,0xC633,0xE319,0xCA54,0x9CEA,0x98EA,0x94C8,0x8022,0xAD26,0xC9CA,0xB5AD,0x8443,0x0000,0x0000,
  0x0000,0x0000,0x0000,0x0000,0x0000,0x9D2B,0xA14C,0xCE75,0xC213,0xBE12,0xB9D1,0xB5D0,0xC212,0xEB5B,0xD2B6,0xD296,
  0xC233,0xC654,0xCE75,0xC212,0xA54C,0x9D0B,0x98E9,0x94C6,0x94C8,0x8001,0x8C87,0xA94B,0x90C8,0x8002,0x0000,0x0000,
  0x0000,0x0000,0x0000,0x8023,0x9D0B,0x8445,0x90A8,0xBE12,0xB5AE,0xCA74,0xA14C,0xA12B,0x9D0A,0x98EA,0xAD8E,0xCE74,
  0xEF7B,0xC632,0xAD8E,0x9D0A,0x9D0A,0x94C8,0x94C8,0x8866,0x8445,0x9D0B,0x8C86,0x94A7,0x8C84,0x8002,0x0000,0x0000,
  0x0000,0x0000,0x8CA6,0xC654,0x90C9,0xF6A6,0x8C85,0xAD8F,0x9D0A,0xA12B,0x9D2B,0x8444,0xB5CF,0xA56D,0x9085,0xA52C,
  0xC632,0xA96C,0x990A,0x9D0A,0x94C8,0x94C9,0x8865,0xA10A,0xC232,0xA12B,0x90A7,0x90A8,0x8465,0x8002,0x0000,0x0000,
  0x0000,0x0000,0x8023,0xBE11,0xA12B,0xBD87,0xD5E5,0x8044,0x8045,0x8002,0x90A8,0xAD8E,0xB5AF,0xFB32,0xA96D,0x8443,
  0xA96E,0xF37B,0xA12C,0x94C8,0x8023,0xAD8E,0xD6B6,0xA96D,0x98EA,0x94C8,0x8C86,0x8865,0x8465,0x8002,0x0000,0x0000,
  0x0000,0x0000,0x8002,0xA54D,0x90C8,0x8CA7,0x8001,0xCE74,0xFBDE,0xDEF8,0xA12C,0x8023,0x98E9,0xC187,0xD5C5,0x98E9,
  0x94C8,0xC654,0x94E9,0x8044,0xE318,0xBDF0,0x9D0A,0x94E9,0x990A,0x9CEA,0x8C87,0x8465,0x94C8,0x8002,0x0000,0x0000,
  0x0000,0x0000,0x8023,0xA54C,0xA12C,0xC232,0xB9F1,0xB9F1,0xB5D0,0xB9D0,0xFBDF,0xAD8E,0x90A7,0xA12B,0xAD6D,0x90C7,
  0xA98E,0xB5D0,0x94C9,0x8023,0xBDF1,0x94C8,0x8865,0x8022,0x990A,0xA10B,0x8C86,0x90A7,0x94C8,0x0000,0x0000,0x0000,
  0x0000,0x0000,0x8023,0x9D2B,0x8465,0xBDF1,0xB9F1,0x98E9,0x8C86,0xB1D0,0xBDF1,0xB5AE,0x98EA,0x8044,0xAD8E,0xD6B5,
  0xAD8E,0xB9F1,0x98E9,0x8024,0xBDF1,0x94C9,0x8865,0x8023,0x9CE9,0x98E9,0x8886,0x8024,0x0000,0x0000,0x0000,0x0000,
  0x0000,0x0000,0x8023,0x990B,0x8445,0xB9D0,0x8885,0x8023,0x8866,0x8C87,0xC212,0xCA54,0xCA53,0x94C9,0x98E9,0xB9F0,
  0x94C8,0xB5D0,0x94E9,0x8044,0xB9F1,0x94C8,0x8CA7,0xA4E6,0xA0E6,0x98EA,0x8C87,0x8466,0x0000,0x0000,0x0000,0x0000,
  0x0000,0x0000,0x8002,0xA12B,0x8023,0xB5D0,0x8CA7,0x8045,0x8002,0xAD8E,0x8444,0xB1B0,0xBDF0,0x90A8,0x90C9,0xB5D0,
  0x90C8,0xB9F1,0x94C8,0x8023,0xB9F2,0x94E9,0xD562,0xEDA0,0x9CC6,0x94C8,0x8885,0x8844,0x0000,0x0000,0x0000,0x0000,
  0x0000,0x0000,0x8443,0xA52B,0x8023,0xB9F1,0x90C8,0x8044,0xA54C,0x98E8,0x8023,0xB9F1,0xB1AF,0x8CA7,0x90C9,0xB1AF,
  0x90C8,0xB5D0,0x94C8,0x8023,0xB9F1,0x98E9,0xF1E0,0xEDE0,0xC123,0x98E9,0x8022,0x0000,0x0000,0x0000,0x0000,0x0000,
  0x0000,0x0000,0x0000,0x8444,0xA927,0xB1D0,0xE319,0x98E9,0x8044,0x8044,0x94C8,0xB1B0,0xB5CF,0x90A7,0x90C8,0xB1AF,
  0x8445,0xB1AF,0x98E9,0x8023,0xB5D0,0x94C8,0xBD46,0x9CEA,0x90C8,0x8002,0x8002,0x0000,0x0000,0x0000,0x0000,0x0000,
  0x0000,0x0000,0x0000,0x0000,0x8022,0xAD8F,0xB9D1,0xAD6D,0x8CA7,0x8CA7,0xD295,0xB5F1,0xB5AF,0x8022,0x90C8,0xB5D0,
  0x8865,0xB1AF,0x90A7,0x8023,0xB5D1,0x98C9,0x90A7,0x8001,0x8C86,0x8887,0x0000,0x0000,0x0000,0x0000,0x0000,0x0000,
  0x0000,0x0000,0x0000,0x0000,0x0000,0x8023,0x8865,0xB5D0,0xB9F0,0xB5D0,0xB5AF,0x9D0B,0x8886,0x8C86,0xBD88,0xA12B,
  0x8002,0xB1AF,0x94C9,0x8CA8,0x8022,0x8002,0x8886,0x8002,0x8001,0x0000,0x0000,0x0000,0x0000,0x0000,0x0000,0x0000,
  0x0000,0x0000,0x0000,0x0000,0x0000,0x0000,0x8002,0xA56D,0xA96D,0xB5CF,0xAD8E,0x8C85,0x8866,0x8CA7,0xC143,0x9CA3,
  0x8023,0xBE11,0x8002,0x8865,0x8865,0x8023,0x8001,0x0000,0x0000,0x0000,0x0000,0x0000,0x0000,0x0000,0x0000,0x0000,
  0x0000,0x0000,0x0000,0x0000,0x0000,0x0000,0x0000,0x0000,0x8022,0x8002,0x8001,0x8CA7,0x8C86,0xA10A,0x8444,0x90A8,
  0xA52C,0x8445,0x8886,0x8002,0x0000,0x0000,0x0000,0x0000,0x0000,0x0000,0x0000,0x0000,0x0000,0x0000,0x0000,0x0000,
  0x0000,0x0000,0x0000,0x0000,0x0000,0x0000,0x0000,0x0000,0x0000,0x0000,0x0000,0x8022,0x8423,0x8001,0x8422,0x8022,
  0x8023,0x8443,0x0000,0x0000,0x0000,0x0000,0x0000,0x0000,0x0000,0x0000,0x0000,0x0000,0x0000,0x0000,0x0000,0x0000,
  0x0000,0x0000,0x0000,0x0000,0x0000,0x0000,0x0000,0x0000,0x0000,0x0000,0x0000,0x0000,0x0000,0x0000,0x0000,0x0000,
  0x0000,0x0000,0x0000,0x0000,0x0000,0x0000,0x0000,0x0000,0x0000,0x0000,0x0000,0x0000,0x0000,0x0000,0x0000,0x0000,
  0x0000,0x0000,0x0000,0x0000,0x0000,0x0000,0x0000,0x0000,0x0000,0x0000,0x0000,0x0000,0x0000,0x0000,0x0000,0x0000,
  0x0000,0x0000,0x0000,0x0000,0x0000,0x0000,0x0000,0x0000,0x0000,0x0000,0x0000,0x0000,0x0000,0x0000,0x0000,0x0000,
  0x0000,0x0000,0x0000,0x0000,0x0000,0x0000,0x0000,0x0000,0x0000,0x0000,0x0000,0x0000,0x0000,0x0000,0x0000,0x0000,
  0x0000,0x0000,0x0000,0x0000,0x0000,0x0000,0x0000,0x0000,0x0000,0x0000,0x0000,0x0000,0x0000,0x0000,0x0000,0x0000,
  0x0000,0x0000,0x0000,0x0000,0x0000,0x0000,0x0000,0x0000,0x0000,0x0000,0x0000,0x0000,0x0000,0x0000,0x0000,0x0000,
  0x0000,0x0000,0x0000,0x0000,0x0000,0x0000,0x0000,0x0000,0x0000,0x0000,0x0000,0x0000,0x0000,0x0000,0x0000,0x0000,
 },
 {
  0x0000,0x0000,0x0000,0x0000,0x0000,0x0000,0x0000,0x0000,0x0000,0x0000,0x0000,0x0000,0x0000,0x0000,0x0000,0x0000,
  0x0000,0x0000,0x0000,0x0000,0x0000,0x0000,0x0000,0x0000,0x0000,0x0000,0x0000,0x0000,0x0000,0x0000,0x0000,0x0000,
  0x0000,0x0000,0x0000,0x0000,0x0000,0x0000,0x0000,0x0000,0x0000,0x0000,0x0000,0x0000,0x0000,0x0000,0x0000,0x0000,
  0x0000,0x0000,0x0000,0x0000,0x0000,0x0000,0x0000,0x0000,0x0000,0x0000,0x0000,0x0000,0x0000,0x0000,0x0000,0x0000,
  0x0000,0x0000,0x0000,0x0000,0x0000,0x0000,0x0000,0x0000,0x0000,0x0000,0x0000,0x0000,0x0000,0x0000,0x0000,0x0000,
  0x0000,0x0000,0x0000,0x0000,0x0000,0x0000,0x0000,0x0000,0x0000,0x0000,0x0000,0x0000,0x0000,0x0000,0x0000,0x0000,
  0x0000,0x0000,0x0000,0x0000,0x0000,0x0000,0x0000,0x0000,0x0000,0x0000,0x0000,0x0000,0x0000,0x0000,0x0000,0x0000,
  0x94EA,0x8045,0x8066,0x0000,0x0000,0x0000,0x0000,0x0000,0x0000,0x0000,0x0000,0x0000,0x0000,0x0000,0x0000,0x0000,
  0x0000,0x0000,0x0000,0x0000,0x0000,0x0000,0x0000,0x0000,0x0000,0x0000,0x0000,0x0000,0x0000,0x0000,0x0000,0x8045,
  0xCE97,0xBA13,0xB1F2,0xBA13,0xBA13,0x8066,0x8466,0x0000,0x0000,0x0000,0x0000,0x0000,0x0000,0x0000,0x0000,0x0000,
  0x0000,0x0000,0x0000,0x0000,0x0000,0x0000,0x0000,0x0000,0x0000,0x0000,0x0000,0x0000,0xA14D,0x8066,0xCEB7,0xC255,
  0xBA14,0xBE34,0xB5F3,0xCA96,0xD2D8,0xB5F3,0x990B,0x0000,0x0000,0x0000,0x0000,0x0000,0x0000,0x0000,0x0000,0x0000,
  0x0000,0x0000,0x0000,0x0000,0x0000,0x0000,0x0000,0x0000,0x0000,0x0000,0x0000,0x8487,0xE33B,0xD2D8,0xC676,0xBE34,
  0xC676,0xBE34,0xC234,0xDAF9,0x9D0C,0x94EA,0x94EA,0x8024,0x0000,0x0000,0x0000,0x0000,0x0000,0x0000,0x0000,0x0000,
  0x0000,0x0000,0x0000,0x0000,0x0000,0x0000,0x0000,0x0000,0x0000,0x8488,0xCA96,0xD2B8,0xCA97,0xC255,0xBE34,0xCA76,
  0xCA76,0xD6D8,0x9D4D,0x94EA,0x94EA,0x94EA,0x94EA,0x9D2B,0x0000,0x0000,0x0000,0x0000,0x0000,0x0000,0x0000,0x0000,
  0x0000,0x0000,0x0000,0x0000,0x0000,0x0000,0x0000,0x8CC9,0xA96D,0xD6D9,0xD2D8,0xD2B8,0xC676,0xCEB7,0xCEB7,0xF7BE,
  0x990B,0x94EA,0x94EA,0x94EA,0x94EA,0x990B,0x9D2C,0x8023,0x8466,0x8CA8,0x8886,0x0000,0x0000,0x0000,0x0000,0x0000,
  0x0000,0x0000,0x0000,0x0000,0x0000,0x0000,0x0000,0xA56E,0xCA96,0xFBFF,0xF7DE,0xD2D8,0xE33A,0xF7BE,0xADB0,0x98EA,
  0x94EA,0x94EA,0x94EA,0x98EA,0x9D2C,0x8444,0xA14E,0xBE34,0xBE34,0xC254,0xC234,0x0000,0x0000,0x0000,0x0000,0x0000,
  0x0000,0x0000,0x0000,0x0000,0x0000,0x0000,0x8466,0xC255,0xB5F2,0xBA13,0xB5F2,0xFFFF,0xA56F,0x94EA,0x98EA,0x94EA,
  0x94EA,0x98EA,0x9D2C,0x90C9,0x8023,0xBA13,0xC254,0xC255,0xE75B,0x990B,0x94E9,0x8024,0x0000,0x0000,0x0000,0x0000,
  0x0000,0x0000,0x0000,0x0000,0x0000,0x0000,0x8045,0xBA13,0xB9F2,0xADD1,0xB5F2,0xF3BE,0x94EA,0x98EA,0x98EA,0x990A,
  0x9D2C,0x8445,0x8023,0xADB0,0xBE34,0xBE34,0xF7BE,0x9D0B,0x990A,0x94E9,0x90C9,0x9D2B,0x0000,0x0000,0x0000,0x0000,
  0x0000,0x0000,0x0000,0x0000,0x8887,0x8424,0xD6D9,0xBA13,0xB1D1,0xB1F2,0xB5F2,0xC234,0x90C9,0x990A,0x990B,0xA14D,
  0x8002,0xC675,0xC655,0xC255,0xF7BE,0xA56E,0x94EA,0x94EA,0x94EA,0x94EA,0x94EA,0x98EA,0x8002,0x0000,0x0000,0x0000,
  0x0000,0x0000,0x0000,0x990B,0xEF9D,0xCA97,0xC675,0x8CC8,0x8465,0x990B,0xB5F2,0xBA13,0x90C9,0x9D2B,0x8445,0xAD8F,
  0xCA96,0xC676,0xE75C,0xCE96,0x94EA,0x98EA,0x94EA,0x94EA,0x94EA,0x94EA,0x9D2C,0x8023,0x8445,0x0000,0x0000,0x0000,
  0x0000,0x0000,0x0000,0x8887,0xBA13,0xEB9D,0xF39D,0xF7DE,0xB1B0,0x94C9,0x8024,0x8023,0x8024,0xB5F2,0xCA96,0xCA97,
  0xDB19,0xD6D8,0xA98F,0x98EA,0x98EA,0x98EA,0x98EA,0x98EA,0x9D2C,0x9D0B,0x8023,0x0000,0x0000,0x0000,0x0000,0x0000,
  0x0000,0x0000,0x8487,0xCEB7,0xB1D1,0xB1D2,0xBA12,0xA16E,0x94E9,0x8466,0xFFFF,0xF7DE,0xEB5B,0xE33B,0xDAF9,0xFFFF,
  0x9D2C,0x94EA,0x94EA,0x98EA,0x98EA,0x98EA,0x990A,0x9D2D,0x8022,0x98EB,0xA56E,0x8445,0x0000,0x0000,0x0000,0x0000,
  0x0000,0x0000,0x8024,0xADB0,0xB1D1,0xADB1,0xB1D1,0xA98F,0x94EA,0xA56D,0xB5F2,0xBA13,0xB5D2,0xDF1A,0xCA75,0x94EA,
  0x94EA,0x94EA,0x98EA,0x94EA,0x990A,0x9D2C,0x8023,0x990B,0xB1D1,0xB5F3,0xEB7D,0x90C9,0x8024,0x0000,0x0000,0x0000,
  0x0000,0x0000,0x8466,0xAD90,0xB1D1,0xADB0,0xB1D2,0xDF1A,0x94EA,0xD2B7,0xB5F2,0xB5F2,0xB5F2,0xBE34,0xA56E,0x98EA,
  0x94EA,0x98EA,0x98EA,0x98EA,0x94C9,0x8465,0xA56E,0xBE34,0xCA97,0xDF1A,0x98EA,0x94E9,0x990B,0x0000,0x0000,0x0000,
  0x0000,0x0000,0x0000,0x0000,0x8024,0x8045,0x94EA,0xD6F9,0x8002,0xB5F2,0xADD1,0xADB0,0xB1D2,0xBA13,0xCA96,0x94EA,
  0x98EA,0x9D0B,0x990B,0x8002,0xA96F,0xB613,0xC255,0xFBDF,0x990B,0x94EA,0x94E9,0x94EA,0x94EA,0x8024,0x0000,0x0000,
  0x0000,0x0000,0x0000,0x0000,0x88A7,0xEB7C,0xD6D8,0xBA13,0x990B,0x8465,0xB1D1,0xB1D1,0xB1D2,0xB1F2,0xE35B,0x94EA,
  0x9D0C,0x8044,0xA990,0xBA13,0xC675,0xDAF9,0xBE33,0x990A,0x98EA,0x94EA,0x94EA,0x94EA,0x990B,0x8023,0x0000,0x0000,
  0x0000,0x0000,0x0000,0x0000,0x88A8,0xC255,0xB1D1,0xE75B,0xF7DE,0xD6D8,0x8023,0x8022,0xB1F2,0xB1D1,0xE33B,0x8886,
  0x8423,0xC255,0xBE34,0xCE97,0xD2B7,0x9D0B,0x94EA,0x94EA,0x94EA,0x94EA,0x94EA,0x9D2C,0x8866,0x0000,0x0000,0x0000,
  0x0000,0x0000,0x0000,0x0000,0xA98F,0xADD1,0xADB0,0xB5F2,0xADD1,0x9D2C,0x94C9,0x8487,0xE75C,0xD6D7,0x8023,0xADB1,
  0xC255,0xCE97,0xF39D,0x9D0C,0x94EA,0x94EA,0x94EA,0x94EA,0x94EA,0x94EA,0x990B,0x8044,0x0000,0x0000,0x0000,0x0000,
  0x0000,0x0000,0x0000,0x8045,0xCA97,0xA990,0xA98F,0xADB0,0xB5F2,0xDAFA,0x90C9,0x8445,0xBA13,0xB5F2,0xD6D9,0xFBDF,
  0xF39D,0xB1D0,0x94E9,0x94EA,0x94E9,0x94EA,0x94EA,0x990B,0x9D2C,0x8002,0x0000,0x0000,0x0000,0x0000,0x0000,0x0000,
  0x0000,0x0000,0x0000,0x0000,0x8023,0x8044,0xB1D1,0xB1D1,0xB1D1,0xE35B,0x94EA,0x8045,0xB1F2,0xB5F2,0xB5F2,0xB1D1,
  0xA990,0x94EA,0x94EA,0x94EA,0x94EA,0x94EA,0x990B,0x8024,0x90C8,0x0000,0x0000,0x0000,0x0000,0x0000,0x0000,0x0000,
  0x0000,0x0000,0x0000,0x0000,0x0000,0x0000,0x0000,0x8024,0xADB0,0xE75B,0x8023,0xD6D9,0xB5F2,0xADB0,0xADB0,0xB5D1,
  0xB1D1,0x94EA,0x94EA,0x94EA,0x990B,0x990B,0x8001,0x0000,0x0000,0x0000,0x0000,0x0000,0x0000,0x0000,0x0000,0x0000,
  0x0000,0x0000,0x0000,0x0000,0x0000,0x0000,0x0000,0x0000,0x0000,0x8887,0x8002,0xADB0,0xADB0,0xADB1,0xADB1,0xB5F2,
  0xEB5B,0x94E9,0x94EA,0x990A,0x8002,0x0000,0x0000,0x0000,0x0000,0x0000,0x0000,0x0000,0x0000,0x0000,0x0000,0x0000,
  0x0000,0x0000,0x0000,0x0000,0x0000,0x0000,0x0000,0x0000,0x0000,0x0000,0x0000,0x0000,0x8044,0x8044,0xA56F,0xB1D1,
  0xEF9D,0x94EB,0x8CA8,0x8866,0x0000,0x0000,0x0000,0x0000,0x0000,0x0000,0x0000,0x0000,0x0000,0x0000,0x0000,0x0000,
  0x0000,0x0000,0x0000,0x0000,0x0000,0x0000,0x0000,0x0000,0x0000,0x0000,0x0000,0x0000,0x0000,0x0000,0x0000,0x8465,
  0x8023,0x8023,0x0000,0x0000,0x0000,0x0000,0x0000,0x0000,0x0000,0x0000,0x0000,0x0000,0x0000,0x0000,0x0000,0x0000,
  0x0000,0x0000,0x0000,0x0000,0x0000,0x0000,0x0000,0x0000,0x0000,0x0000,0x0000,0x0000,0x0000,0x0000,0x0000,0x0000,
  0x0000,0x0000,0x0000,0x0000,0x0000,0x0000,0x0000,0x0000,0x0000,0x0000,0x0000,0x0000,0x0000,0x0000,0x0000,0x0000,
  0x0000,0x0000,0x0000,0x0000,0x0000,0x0000,0x0000,0x0000,0x0000,0x0000,0x0000,0x0000,0x0000,0x0000,0x0000,0x0000,
  0x0000,0x0000,0x0000,0x0000,0x0000,0x0000,0x0000,0x0000,0x0000,0x0000,0x0000,0x0000,0x0000,0x0000,0x0000,0x0000,
  0x0000,0x0000,0x0000,0x0000,0x0000,0x0000,0x0000,0x0000,0x0000,0x0000,0x0000,0x0000,0x0000,0x0000,0x0000,0x0000,
  0x0000,0x0000,0x0000,0x0000,0x0000,0x0000,0x0000,0x0000,0x0000,0x0000,0x0000,0x0000,0x0000,0x0000,0x0000,0x0000,
  0x0000,0x0000,0x0000,0x0000,0x0000,0x0000,0x0000,0x0000,0x0000,0x0000,0x0000,0x0000,0x0000,0x0000,0x0000,0x0000,
  0x0000,0x0000,0x0000,0x0000,0x0000,0x0000,0x0000,0x0000,0x0000,0x0000,0x0000,0x0000,0x0000,0x0000,0x0000,0x0000,
 },
 {
  0x0000,0x0000,0x0000,0x0000,0x0000,0x0000,0x0000,0x0000,0x0000,0x0000,0x0000,0x0000,0x0000,0x0000,0x0000,0x0000,
  0x0000,0x0000,0x0000,0x0000,0x0000,0x0000,0x0000,0x0000,0x0000,0x0000,0x0000,0x0000,0x0000,0x0000,0x0000,0x0000,
  0x0000,0x0000,0x0000,0x0000,0x0000,0x0000,0x0000,0x0000,0x0000,0x0000,0x0000,0x0000,0x0000,0x0000,0x0000,0x0000,
  0x0000,0x0000,0x0000,0x0000,0x0000,0x0000,0x0000,0x0000,0x0000,0x0000,0x0000,0x0000,0x0000,0x0000,0x0000,0x0000,
  0x0000,0x0000,0x0000,0x0000,0x0000,0x0000,0x0000,0x0000,0x0000,0x0000,0x0000,0x0000,0x0000,0x0000,0x0000,0x0000,
  0x0000,0x0000,0x0000,0x0000,0x0000,0x0000,0x0000,0x0000,0x0000,0x0000,0x0000,0x0000,0x0000,0x0000,0x0000,0x0000,
  0x0000,0x0000,0x0000,0x0000,0x0000,0x0000,0x0000,0x0000,0x0000,0x0000,0x0000,0x0000,0x0000,0x0000,0x0000,0x0000,
  0x0000,0x0000,0x0000,0x0000,0x0000,0x0000,0x0000,0x0000,0x0000,0x0000,0x0000,0x0000,0x0000,0x0000,0x0000,0x0000,
  0x0000,0x0000,0x0000,0x0000,0x0000,0x0000,0x0000,0x0000,0x0000,0x0000,0x0000,0x0000,0x0000,0x0000,0x0000,0x0000,
  0x0000,0x0000,0x0000,0x0000,0x0000,0x0000,0x0000,0x8002,0x8023,0x9065,0x0000,0x0000,0x0000,0x0000,0x0000,0x0000,
  0x0000,0x0000,0x0000,0x0000,0x0000,0x0000,0x0000,0x0000,0x0000,0x0000,0x0000,0x0000,0x0000,0x0000,0x0000,0x0000,
  0x0000,0x0000,0x0000,0x0000,0x9022,0xA022,0xA509,0xADB0,0x8465,0x8C86,0x8002,0x0000,0x0000,0x0000,0x0000,0x0000,
  0x0000,0x0000,0x0000,0x0000,0x0000,0x0000,0x0000,0x0000,0x0000,0x0000,0x0000,0x0000,0x0000,0x0000,0x0000,0x0000,
  0x0000,0x8C22,0xAC43,0xDC65,0xAC44,0xECA6,0xC023,0x9064,0x8422,0x9422,0xD864,0x8844,0x8022,0x0000,0x0000,0x0000,
  0x0000,0x0000,0x0000,0x0000,0x0000,0x0000,0x0000,0x0000,0x0000,0x0000,0x0000,0x0000,0x0000,0x8422,0x8843,0x8444,
  0xDC85,0xE8C7,0xD885,0xC465,0xA443,0xA822,0xDC64,0xECE7,0xF0E7,0xE8A5,0xC023,0xB822,0x9D0B,0x8465,0x0000,0x0000,
  0x0000,0x0000,0x0000,0x0000,0x0000,0x0000,0x0000,0x9022,0x9023,0xE0A5,0xD084,0x8C22,0xB486,0xC485,0xCCE9,0x9064,
  0x8423,0x8C22,0xE485,0xF0C6,0xF0E8,0xE8E8,0xBC23,0xB823,0xC043,0xBC43,0xBC44,0xBC43,0x8444,0x8002,0x0000,0x0000,
  0x0000,0x0000,0x0000,0x0000,0x0000,0x8402,0xB443,0xD443,0xECA6,0xF109,0xC865,0xBC43,0x8444,0x8045,0xE0A5,0xE486,
  0xF0C6,0xFDCD,0x8C44,0xD064,0xBC43,0xBC43,0xB864,0x9864,0x8866,0x81F3,0x8087,0xB423,0x8465,0x8022,0x0000,0x0000,
  0x0000,0x0000,0x0000,0x0000,0x0000,0xB423,0xCC85,0xB443,0xB022,0xA822,0xB023,0xDC84,0xF107,0xFDAB,0xED08,0xD064,
  0xBC43,0xB843,0x8822,0xBC43,0x80E9,0x8237,0x871C,0xD3DF,0x837F,0x831B,0x80A7,0xB443,0x8866,0x8022,0x0000,0x0000,
  0x0000,0x0000,0x0000,0x0000,0xC444,0xCC64,0xC484,0xB843,0xECE7,0xECA5,0xFD6A,0xF54A,0xC844,0xBC23,0xBC23,0xB423,
  0xC423,0xBC43,0x8C22,0xAC44,0x8237,0x9B3C,0x8F3D,0x81D2,0xACC7,0xA4E9,0xB443,0xA843,0x8022,0x8002,0x0000,0x0000,
  0x0000,0x0000,0x0000,0x8023,0x90A6,0x8444,0xAC23,0xFF57,0xF8C5,0xC023,0xBC23,0xB823,0xB043,0x9022,0x8422,0xBC85,
  0xC884,0xB423,0x8C22,0xB044,0x812D,0xA4C8,0xAC43,0xB023,0xB423,0x8422,0xCC64,0xC443,0x8466,0x8022,0x0000,0x0000,
  0x0000,0x0000,0x8002,0x94C9,0x9D0B,0xA56E,0xA54D,0xD444,0xA422,0xB823,0xE4A4,0xAC23,0x94A7,0xBC23,0x9023,0x9C85,
  0xC043,0xBC43,0x8822,0xB443,0xB442,0x9424,0x8823,0x8423,0x9823,0xC842,0x9023,0x9022,0x0000,0x0000,0x0000,0x0000,
  0x0000,0x0000,0x8002,0x8002,0x8002,0xC653,0x8CA7,0x8C87,0x90C8,0xBC23,0xE8C4,0xA823,0x9464,0xBC43,0xBC43,0xBC23,
  0xC043,0xB843,0x8C23,0x8002,0x8023,0x8001,0x0000,0x0000,0x8001,0x8001,0x0000,0x0000,0x0000,0x0000,0x0000,0x0000,
  0x0000,0x0000,0x8002,0x8023,0x8002,0xA12B,0x8465,0x8CA8,0x8CA7,0xC423,0xD042,0xB823,0xBC23,0xBC23,0x8002,0x8002,
  0x8023,0x8445,0x8023,0x8465,0x8465,0x0000,0x0000,0x0000,0x0000,0x0000,0x0000,0x0000,0x0000,0x0000,0x0000,0x0000,
  0x0000,0x0000,0x8001,0x8886,0x8023,0x9D2B,0x8465,0x9086,0x90A7,0xC843,0xD062,0xB843,0x8C22,0x8023,0x8465,0x8024,
  0x8044,0x8044,0x8044,0x8C87,0x8465,0x0000,0x0000,0x0000,0x0000,0x0000,0x0000,0x0000,0x0000,0x0000,0x0000,0x0000,
  0x0000,0x0000,0x0000,0x90A8,0xA96E,0x8465,0x8023,0xCC85,0xA023,0xA423,0x8401,0x8886,0x8887,0x8465,0x8886,0x8002,
  0x8CA7,0x8CA8,0x8002,0x94C9,0x8465,0x0000,0x0000,0x0000,0x0000,0x0000,0x0000,0x0000,0x0000,0x0000,0x0000,0x0000,
  0x0000,0x0000,0x0000,0x0000,0x0000,0x8022,0x8022,0x8802,0x0000,0x8023,0x8C86,0x9D0B,0x8CA7,0x8C87,0x8465,0x8024,
  0x8444,0x0000,0x8C87,0x8C87,0x8023,0x0000,0x0000,0x0000,0x0000,0x0000,0x0000,0x0000,0x0000,0x0000,0x0000,0x0000,
  0x0000,0x0000,0x0000,0x0000,0x0000,0x0000,0x0000,0x0000,0x0000,0x8001,0x94E9,0xB5D0,0x8CA7,0x8465,0x8465,0x0000,
  0x0000,0x0000,0x8423,0x8001,0x0000,0x0000,0x0000,0x0000,0x0000,0x0000,0x0000,0x0000,0x0000,0x0000,0x0000,0x0000,
  0x0000,0x0000,0x0000,0x0000,0x0000,0x0000,0x0000,0x0000,0x0000,0x8CA8,0x90A8,0xA54D,0x8886,0x8465,0x8002,0x0000,
  0x0000,0x0000,0x0000,0x0000,0x0000,0x0000,0x0000,0x0000,0x0000,0x0000,0x0000,0x0000,0x0000,0x0000,0x0000,0x0000,
  0x0000,0x0000,0x0000,0x0000,0x0000,0x0000,0x0000,0x0000,0x0000,0x990A,0x94E9,0x8886,0x8886,0x8CA7,0x8002,0x0000,
  0x0000,0x0000,0x0000,0x0000,0x0000,0x0000,0x0000,0x0000,0x0000,0x0000,0x0000,0x0000,0x0000,0x0000,0x0000,0x0000,
  0x0000,0x0000,0x0000,0x0000,0x0000,0x0000,0x0000,0x0000,0x8023,0x94C9,0xADAF,0x8886,0x8465,0x8466,0x0000,0x0000,
  0x0000,0x0000,0x0000,0x0000,0x0000,0x0000,0x0000,0x0000,0x0000,0x0000,0x0000,0x0000,0x0000,0x0000,0x0000,0x0000,
  0x0000,0x0000,0x0000,0x0000,0x0000,0x0000,0x0000,0x0000,0x8422,0x98EA,0xAD8F,0x8886,0x8866,0x8023,0x0000,0x0000,
  0x0000,0x0000,0x0000,0x0000,0x0000,0x0000,0x0000,0x0000,0x0000,0x0000,0x0000,0x0000,0x0000,0x0000,0x0000,0x0000,
  0x0000,0x0000,0x0000,0x0000,0x0000,0x0000,0x0000,0x8002,0xD465,0xFDAB,0xF4E6,0x8022,0x8423,0xBC44,0x0000,0x0000,
  0x0000,0x0000,0x0000,0x0000,0x0000,0x0000,0x0000,0x0000,0x0000,0x0000,0x0000,0x0000,0x0000,0x0000,0x0000,0x0000,
  0x0000,0x0000,0x0000,0x0000,0x0000,0x0000,0x0000,0x8002,0x9443,0xECE7,0xCC43,0xC044,0xB843,0xAC23,0x0000,0x0000,
  0x0000,0x0000,0x0000,0x0000,0x0000,0x0000,0x0000,0x0000,0x0000,0x0000,0x0000,0x0000,0x0000,0x0000,0x0000,0x0000,
  0x0000,0x0000,0x0000,0x0000,0x0000,0x0000,0x0000,0x0000,0x0000,0x8002,0x8001,0x8002,0x8001,0x0000,0x0000,0x0000,
  0x0000,0x0000,0x0000,0x0000,0x0000,0x0000,0x0000,0x0000,0x0000,0x0000,0x0000,0x0000,0x0000,0x0000,0x0000,0x0000,
  0x0000,0x0000,0x0000,0x0000,0x0000,0x0000,0x0000,0x0000,0x0000,0x0000,0x0000,0x0000,0x0000,0x0000,0x0000,0x0000,
  0x0000,0x0000,0x0000,0x0000,0x0000,0x0000,0x0000,0x0000,0x0000,0x0000,0x0000,0x0000,0x0000,0x0000,0x0000,0x0000,
  0x0000,0x0000,0x0000,0x0000,0x0000,0x0000,0x0000,0x0000,0x0000,0x0000,0x0000,0x0000,0x0000,0x0000,0x0000,0x0000,
  0x0000,0x0000,0x0000,0x0000,0x0000,0x0000,0x0000,0x0000,0x0000,0x0000,0x0000,0x0000,0x0000,0x0000,0x0000,0x0000,
  0x0000,0x0000,0x0000,0x0000,0x0000,0x0000,0x0000,0x0000,0x0000,0x0000,0x0000,0x0000,0x0000,0x0000,0x0000,0x0000,
  0x0000,0x0000,0x0000,0x0000,0x0000,0x0000,0x0000,0x0000,0x0000,0x0000,0x0000,0x0000,0x0000,0x0000,0x0000,0x0000,
  0x0000,0x0000,0x0000,0x0000,0x0000,0x0000,0x0000,0x0000,0x0000,0x0000,0x0000,0x0000,0x0000,0x0000,0x0000,0x0000,
  0x0000,0x0000,0x0000,0x0000,0x0000,0x0000,0x0000,0x0000,0x0000,0x0000,0x0000,0x0000,0x0000,0x0000,0x0000,0x0000,
  0x0000,0x0000,0x0000,0x0000,0x0000,0x0000,0x0000,0x0000,0x0000,0x0000,0x0000,0x0000,0x0000,0x0000,0x0000,0x0000,
  0x0000,0x0000,0x0000,0x0000,0x0000,0x0000,0x0000,0x0000,0x0000,0x0000,0x0000,0x0000,0x0000,0x0000,0x0000,0x0000,
 },
 {
  0x0000,0x0000,0x0000,0x0000,0x0000,0x0000,0x0000,0x0000,0x0000,0x0000,0x0000,0x0000,0x0000,0x0000,0x0000,0x0000,
  0x0000,0x0000,0x0000,0x0000,0x0000,0x0000,0x0000,0x0000,0x0000,0x0000,0x0000,0x0000,0x0000,0x0000,0x0000,0x0000,
  0x0000,0x0000,0x0000,0x0000,0x0000,0x0000,0x0000,0x0000,0x0000,0x0000,0x0000,0x0000,0x0000,0x0000,0x0000,0x0000,
  0x0000,0x0000,0x0000,0x0000,0x0000,0x0000,0x0000,0x0000,0x0000,0x0000,0x0000,0x0000,0x0000,0x0000,0x0000,0x0000,
  0x0000,0x0000,0x0000,0x0000,0x0000,0x0000,0x0000,0x0000,0x0000,0x0000,0x0000,0x0000,0x0000,0x0000,0x0000,0x0000,
  0x0000,0x0000,0x0000,0x0000,0x0000,0x0000,0x0000,0x0000,0x0000,0x0000,0x0000,0x0000,0x0000,0x0000,0x0000,0x0000,
  0x0000,0x0000,0x0000,0x0000,0x0000,0x0000,0x0000,0x0000,0x0000,0x0000,0x0000,0x0000,0x0000,0x0000,0x0000,0x0000,
  0x0000,0x0000,0x0000,0x0000,0x0000,0x0000,0x0000,0x0000,0x0000,0x0000,0x0000,0x0000,0x0000,0x0000,0x0000,0x0000,
  0x0000,0x0000,0x0000,0x0000,0x0000,0x0000,0x0000,0x0000,0x0000,0x0000,0x0000,0x0000,0x0000,0x0000,0x0000,0x0000,
  0x0000,0x0000,0x0000,0x9862,0x0000,0x9021,0xA082,0x0000,0x0000,0x0000,0x0000,0x0000,0x0000,0x0000,0x0000,0x0000,
  0x0000,0x0000,0x0000,0x0000,0x0000,0x0000,0x0000,0x0000,0x0000,0x0000,0x0000,0x0000,0x0000,0x0000,0x0000,0x0000,
  0x0000,0xA482,0x9421,0xB8E3,0xA062,0xBCE3,0xB0C2,0x9021,0x8C21,0x0000,0x0000,0x0000,0x0000,0x0000,0x0000,0x0000,
  0x0000,0x0000,0x0000,0x0000,0x0000,0x0000,0x0000,0x0000,0x0000,0x0000,0x0000,0x0000,0x0000,0x0000,0x0000,0x9841,
  0xA8A2,0xBD04,0xC104,0xB8E3,0xC104,0xC104,0xCD45,0xD5A8,0xC545,0xC125,0x9441,0x0000,0x0000,0x0000,0x0000,0x0000,
  0x0000,0x0000,0x0000,0x0000,0x0000,0x0000,0x0000,0x0000,0x0000,0x0000,0x0000,0x0000,0x0000,0x0000,0x9441,0xC524,
  0xC524,0xC104,0xBCE3,0xB0C2,0xC104,0xB8E3,0xBCE3,0xC524,0xD5A7,0xDDE9,0xC545,0x8C00,0x0000,0x0000,0x0000,0x0000,
  0x0000,0x0000,0x0000,0x0000,0x0000,0x0000,0x0000,0x0000,0x0000,0x0000,0x0000,0x0000,0x0000,0xACA2,0xC545,0xD166,
  0xC966,0xB8E3,0xB8E3,0xBCE3,0xBD04,0xC104,0xBD04,0xB4C3,0xC525,0xD187,0xC966,0x9420,0x0000,0x0000,0x0000,0x0000,
  0x0000,0x0000,0x0000,0x0000,0x0000,0x0000,0x0000,0x0000,0x0000,0x0000,0x0000,0x8822,0x9CA6,0x9C83,0xA8A3,0xE20B,
  0xE64C,0xE64C,0xCD66,0xC104,0xB8C3,0xBCE3,0xB4C3,0xC504,0xB0C2,0xB8E3,0xC525,0xC125,0xA062,0x0000,0x0000,0x0000,
  0x0000,0x0000,0x0000,0x0000,0x0000,0x0000,0x0000,0x0000,0x0000,0x9041,0xACA3,0x9C62,0xA0A4,0xBDEF,0xB9AD,0xAD4A,
  0xACC3,0xD5C9,0xEE6D,0xEA4D,0xD166,0xB8E3,0xB8C3,0xB0C2,0xB8E3,0xACA2,0xB0C2,0xC124,0xB0A2,0x8C00,0x0000,0x0000,
  0x0000,0x0000,0x0000,0x0000,0x0000,0x0000,0x0000,0xA8A3,0xA482,0xBCE3,0xC545,0xC945,0xD165,0xB0C4,0xA4E6,0xCA74,
  0xBDCE,0xA0C5,0xD167,0xEA6D,0xD5A7,0xC945,0xB8C2,0xB4C2,0xB8E3,0xA882,0xA8A2,0xC125,0xBD04,0xA0A4,0x0000,0x0000,
  0x0000,0x0000,0x0000,0x0000,0x0000,0x0000,0x9441,0xC524,0xC945,0xCD45,0xB8E3,0xBCE3,0xBCE3,0xC124,0xCD66,0x9C83,
  0xC1EF,0xBDCF,0xA508,0xC966,0xF6F3,0xDDEA,0xBD04,0xB4C2,0xA482,0xB0A2,0x9C61,0xACA2,0xB4E4,0x8800,0x0000,0x0000,
  0x0000,0x0000,0x0000,0x0000,0x9421,0xBCE3,0xDDE9,0xEEB0,0xDE0A,0xEA8E,0xC945,0xCD45,0xC104,0xB8E3,0xBCE3,0xD166,
  0xB4E4,0xB54A,0xC60F,0xB14B,0xD5A7,0xE20B,0xC966,0xB0A2,0xA061,0xA481,0xA882,0xB0A2,0xB4E3,0x8C21,0x0000,0x0000,
  0x0000,0x0000,0x0000,0x9C83,0xC126,0xDE0A,0xF713,0xE64C,0xF6D0,0xF6F1,0xEA8E,0xD9C7,0xC945,0xC924,0xB8C3,0xBCE3,
  0xCD66,0x9442,0xBDCE,0xB5AD,0xB0C4,0xC967,0xD1A7,0xB8E3,0x9C61,0xA061,0xA481,0xA481,0xA8A2,0x8800,0x0000,0x0000,
  0x0000,0x0000,0x0000,0xA882,0xEA6E,0xEA6E,0xC966,0xD1A9,0x9841,0xEE8E,0xE62B,0xF6F2,0xF6F1,0xD166,0xC104,0xC104,
  0xBCE3,0xC524,0x9442,0xAD6C,0x98A6,0xB0C3,0xD5C9,0xB4E3,0xA482,0x9C61,0xA482,0xA482,0xA061,0x0000,0x0000,0x0000,
  0x0000,0x0000,0x8C41,0xBD04,0xD1C9,0xB4E4,0x8801,0xA8A3,0xACA3,0x8400,0xB904,0xB8E4,0xEE8D,0xE62C,0xE62B,0xB8C3,
  0xC104,0xB8E3,0xA482,0x98C9,0xA52B,0x9442,0xC966,0xC125,0xA482,0x9C61,0x9C41,0x9441,0x8800,0x0000,0x0000,0x0000,
  0x0000,0x0000,0xACE5,0xC966,0xC145,0xA482,0x9841,0xD166,0xCD45,0xB0A2,0x8801,0xA083,0xE64C,0xF733,0xE62B,0xC104,
  0xB4C3,0xB0A2,0xA8A2,0x8C20,0x9CE8,0x98A6,0xB4C3,0xC125,0xA481,0x9C61,0x8C00,0x8800,0x8C43,0x0000,0x0000,0x0000,
  0x0000,0x0000,0x9421,0xEED1,0xACA2,0x8C20,0xC945,0x8800,0x8400,0xA062,0xC504,0xA482,0x9C62,0xF2B0,0xF2D1,0xC966,
  0xB0C2,0xACA2,0xA882,0x9C61,0xA12A,0x98C6,0xB0C3,0xA482,0x9420,0x9021,0x8C21,0x0000,0x0000,0x0000,0x0000,0x0000,
  0x0000,0x0000,0x9862,0xB4C3,0xA882,0x8C00,0xB4E3,0x8821,0xA482,0x9441,0xCD65,0xB0C3,0x9021,0xD9EA,0xF2D1,0xD186,
  0xB4C3,0xA081,0xA481,0xB0A2,0x98C8,0x9485,0xA482,0x9841,0x8C01,0x0000,0x0000,0x0000,0x0000,0x0000,0x0000,0x0000,
  0x0000,0x0000,0x0000,0xB905,0xC967,0x9421,0xB4C3,0xA482,0xB4C3,0xA882,0xACA2,0xC125,0x9841,0xD1A7,0xE22B,0xD1A8,
  0xB4E3,0xA061,0xA882,0xA882,0x98C7,0x9485,0x8800,0x0000,0x0000,0x0000,0x0000,0x0000,0x0000,0x0000,0x0000,0x0000,
  0x0000,0x0000,0x0000,0x8800,0xE62C,0xCD87,0x8C21,0xB8E4,0xA482,0x8800,0xC965,0xB8E3,0x9441,0xB4E3,0xEA8F,0xC946,
  0xB0C3,0xA482,0xA061,0x9021,0x8C64,0x8821,0x0000,0x0000,0x0000,0x0000,0x0000,0x0000,0x0000,0x0000,0x0000,0x0000,
  0x0000,0x0000,0x0000,0x0000,0xC546,0xE22C,0xB0C3,0x8400,0x8400,0xA061,0xC125,0xACA2,0x8C21,0xCD67,0xEA6D,0xC125,
  0xACA2,0xA482,0x9C61,0x8800,0x8801,0x0000,0x0000,0x0000,0x0000,0x0000,0x0000,0x0000,0x0000,0x0000,0x0000,0x0000,
  0x0000,0x0000,0x0000,0x0000,0x8821,0xB0C3,0xBD05,0xDE0A,0xC125,0xB4E3,0x8400,0x8400,0xACA3,0xEE8F,0xD9E9,0xB8E4,
  0xA461,0x9841,0x8800,0x9042,0x0000,0x0000,0x0000,0x0000,0x0000,0x0000,0x0000,0x0000,0x0000,0x0000,0x0000,0x0000,
  0x0000,0x0000,0x0000,0x0000,0x0000,0x9021,0x9041,0xA4A3,0xB0E3,0x9441,0x9021,0xB0A2,0xDE0B,0xE20B,0xC546,0xA481,
  0x9C61,0x8C01,0x0000,0x0000,0x0000,0x0000,0x0000,0x0000,0x0000,0x0000,0x0000,0x0000,0x0000,0x0000,0x0000,0x0000,
  0x0000,0x0000,0x0000,0x0000,0x0000,0x0000,0x0000,0x0000,0x0000,0x0000,0xB904,0xC566,0xC546,0xB904,0x9C61,0x8C21,
  0x8800,0x0000,0x0000,0x0000,0x0000,0x0000,0x0000,0x0000,0x0000,0x0000,0x0000,0x0000,0x0000,0x0000,0x0000,0x0000,
  0x0000,0x0000,0x0000,0x0000,0x0000,0x0000,0x0000,0x0000,0x0000,0x0000,0x0000,0x8C21,0x9C82,0x9441,0x9CA4,0x0000,
  0x0000,0x0000,0x0000,0x0000,0x0000,0x0000,0x0000,0x0000,0x0000,0x0000,0x0000,0x0000,0x0000,0x0000,0x0000,0x0000,
  0x0000,0x0000,0x0000,0x0000,0x0000,0x0000,0x0000,0x0000,0x0000,0x0000,0x0000,0x0000,0x0000,0x0000,0x0000,0x0000,
  0x0000,0x0000,0x0000,0x0000,0x0000,0x0000,0x0000,0x0000,0x0000,0x0000,0x0000,0x0000,0x0000,0x0000,0x0000,0x0000,
  0x0000,0x0000,0x0000,0x0000,0x0000,0x0000,0x0000,0x0000,0x0000,0x0000,0x0000,0x0000,0x0000,0x0000,0x0000,0x0000,
  0x0000,0x0000,0x0000,0x0000,0x0000,0x0000,0x0000,0x0000,0x0000,0x0000,0x0000,0x0000,0x0000,0x0000,0x0000,0x0000,
  0x0000,0x0000,0x0000,0x0000,0x0000,0x0000,0x0000,0x0000,0x0000,0x0000,0x0000,0x0000,0x0000,0x0000,0x0000,0x0000,
  0x0000,0x0000,0x0000,0x0000,0x0000,0x0000,0x0000,0x0000,0x0000,0x0000,0x0000,0x0000,0x0000,0x0000,0x0000,0x0000,
  0x0000,0x0000,0x0000,0x0000,0x0000,0x0000,0x0000,0x0000,0x0000,0x0000,0x0000,0x0000,0x0000,0x0000,0x0000,0x0000,
  0x0000,0x0000,0x0000,0x0000,0x0000,0x0000,0x0000,0x0000,0x0000,0x0000,0x0000,0x0000,0x0000,0x0000,0x0000,0x0000,
  0x0000,0x0000,0x0000,0x0000,0x0000,0x0000,0x0000,0x0000,0x0000,0x0000,0x0000,0x0000,0x0000,0x0000,0x0000,0x0000,
  0x0000,0x0000,0x0000,0x0000,0x0000,0x0000,0x0000,0x0000,0x0000,0x0000,0x0000,0x0000,0x0000,0x0000,0x0000,0x0000,
 },
 {
  0x0000,0x0000,0x0000,0x0000,0x0000,0x0000,0x0000,0x0000,0x0000,0x0000,0x0000,0x0000,0x0000,0x0000,0x0000,0x0000,
  0x0000,0x0000,0x0000,0x0000,0x0000,0x0000,0x0000,0x0000,0x0000,0x0000,0x0000,0x0000,0x0000,0x0000,0x0000,0x0000,
  0x0000,0x0000,0x0000,0x0000,0x0000,0x0000,0x0000,0x0000,0x0000,0x0000,0x0000,0x0000,0x0000,0x0000,0x0000,0x0000,
  0x0000,0x0000,0x0000,0x0000,0x0000,0x0000,0x0000,0x0000,0x0000,0x0000,0x0000,0x0000,0x0000,0x0000,0x0000,0x0000,
  0x0000,0x0000,0x0000,0x0000,0x0000,0x0000,0x0000,0x0000,0x0000,0x0000,0x0000,0x0000,0x0000,0x0000,0x0000,0x8197,
  0x8137,0x85B4,0x0000,0x0000,0x0000,0x0000,0x0000,0x0000,0x0000,0x0000,0x0000,0x0000,0x0000,0x0000,0x0000,0x0000,
  0x0000,0x0000,0x0000,0x0000,0x0000,0x0000,0x0000,0x0000,0x0000,0x0000,0x0000,0x0000,0x0000,0x0000,0x8178,0x82FF,
  0x82DF,0x8158,0x80AD,0x0000,0x0000,0x0000,0x0000,0x0000,0x0000,0x0000,0x0000,0x0000,0x0000,0x0000,0x0000,0x0000,
  0x0000,0x0000,0x0000,0x0000,0x0000,0x0000,0x0000,0x0000,0x0000,0x0000,0x0000,0x0000,0x0000,0x8116,0x875F,0x82FF,
  0x873F,0x8F5F,0x8135,0x808B,0x0000,0x0000,0x0000,0x0000,0x0000,0x0000,0x0000,0x0000,0x0000,0x0000,0x0000,0x0000,
  0x0000,0x0000,0x0000,0x0000,0x0000,0x0000,0x0000,0x0000,0x0000,0x0000,0x0000,0x0000,0x8196,0x829F,0xD7DF,0x8F5F,
  0xCFDF,0x80AE,0x80CE,0x8112,0x8068,0x0000,0x0000,0x0000,0x0000,0x0000,0x0000,0x0000,0x0000,0x0000,0x0000,0x0000,
  0x0000,0x0000,0x0000,0x0000,0x0000,0x0000,0x0000,0x0000,0x0000,0x0000,0x0000,0x0000,0x80F4,0x81FE,0x829F,0xE3FF,
  0x8157,0x80CF,0x80AD,0x8113,0x808A,0x0000,0x0000,0x0000,0x0000,0x0000,0x0000,0x0000,0x0000,0x0000,0x0000,0x0000,
  0x0000,0x0000,0x0000,0x0000,0x0000,0x0000,0x0000,0x0000,0x8574,0x8178,0x808D,0x85D6,0x86DF,0x821E,0x821E,0x9B9F,
  0x80F2,0x80AD,0x8112,0x808B,0x80CF,0x8047,0x0000,0x0000,0x0000,0x0000,0x0000,0x0000,0x0000,0x0000,0x0000,0x0000,
  0x0000,0x0000,0x0000,0x0000,0x0000,0x0000,0x0000,0x0000,0x8ABE,0x81FC,0x80F2,0x80AD,0x823E,0x823E,0x827F,0x8533,
  0x8136,0x80D1,0x80AD,0x8089,0x8046,0x8047,0x8048,0x8176,0x80AD,0x0000,0x0000,0x0000,0x0000,0x0000,0x0000,0x0000,
  0x0000,0x0000,0x0000,0x0000,0x0000,0x0000,0x0000,0x8132,0x8176,0x92DE,0x808A,0x8A9D,0x825E,0x827F,0x8B1F,0x80AE,
  0x80F1,0x808A,0x8047,0x806B,0x808A,0x8068,0x80CE,0x8177,0x81BA,0x8049,0x0000,0x0000,0x0000,0x0000,0x0000,0x0000,
  0x0000,0x0000,0x0000,0x0000,0x0000,0x0000,0x81DC,0x808B,0x80EF,0x8135,0x8952,0xAA17,0xAEFD,0x82DE,0xA2FE,0x80F1,
  0x80AC,0x821B,0xC3BF,0x871F,0xAF9F,0x8157,0x80CD,0x8134,0x827D,0x808E,0x0000,0x0000,0x0000,0x0000,0x0000,0x0000,
  0x0000,0x0000,0x0000,0x0000,0x0000,0x8577,0x821D,0x819B,0x80CE,0x80AB,0x99D6,0x9172,0x9573,0xCF3C,0x80F0,0x80AC,
  0x8EFE,0x9B5F,0x9B5F,0x8B3F,0x9F9F,0x8177,0x808A,0x80CD,0x80AB,0x808D,0x0000,0x0000,0x0000,0x0000,0x0000,0x0000,
  0x0000,0x0000,0x0000,0x0000,0x80AD,0x81DA,0x865E,0x825E,0x8134,0x8068,0x890F,0x9172,0x88EE,0x95B5,0x808B,0xC7DF,
  0x9F7F,0x9B5F,0x9B5F,0xAF9F,0x8134,0x80AE,0x8115,0x8069,0x808B,0x80AC,0x8067,0x0000,0x0000,0x0000,0x0000,0x0000,
  0x0000,0x0000,0x0000,0x0000,0x80CE,0x8158,0x81DA,0x850F,0x80CD,0x80AA,0x88CD,0x88CC,0x9572,0x88EE,0x80AC,0x937F,
  0xF7FF,0x9B9F,0x9F7F,0x81DC,0x8114,0x80D0,0x80F3,0x8026,0x806A,0x8025,0x8047,0x0000,0x0000,0x0000,0x0000,0x0000,
  0x0000,0x0000,0x0000,0x0000,0x808A,0x80F1,0x8199,0x80EE,0x80CC,0x8068,0x8152,0x848A,0x8D0F,0x88CD,0x825C,0x825E,
  0x825D,0xA31E,0xCB9F,0x80F2,0x80D0,0x80D0,0x80F3,0x8153,0x8046,0x80AD,0x80AC,0x8067,0x0000,0x0000,0x0000,0x0000,
  0x0000,0x0000,0x0000,0x0000,0x808A,0x8089,0x80CF,0x8089,0x825C,0x975F,0xAF9F,0x8178,0x8069,0x808A,0x82FF,0x81FD,
  0x81FD,0x827E,0x831F,0x80D2,0x8114,0x80CF,0x8135,0x80CF,0x808B,0x80AC,0x80CF,0x80AD,0x0000,0x0000,0x0000,0x0000,
  0x0000,0x0000,0x0000,0x0000,0x9594,0xA5F7,0x8068,0xB35F,0x9F7F,0x975F,0xD3DF,0x80D2,0x8113,0x8069,0x81FD,0x8157,
  0x81DC,0x825F,0x837F,0x80D0,0x80F2,0x8157,0x8068,0x8024,0x80AC,0x8953,0x8069,0x8068,0x0000,0x0000,0x0000,0x0000,
  0x0000,0x0000,0x0000,0x8067,0x9DB4,0x88ED,0x8069,0x8AFF,0x975F,0x977F,0xBF1D,0x80CF,0x8114,0x8068,0x85FB,0x8973,
  0x81DC,0x835F,0x833F,0x80F3,0x8116,0x80F1,0x8068,0x80AD,0x8047,0x88ED,0x8089,0x8047,0x8487,0x0000,0x0000,0x0000,
  0x0000,0x0000,0x0000,0x0000,0x84EF,0x8046,0x82DE,0x81DC,0x867E,0xBB9E,0x80F2,0x80AD,0x808C,0x8026,0x84CD,0x80EE,
  0x8156,0x839F,0x8158,0x8114,0x808B,0x8597,0x81DB,0x81FD,0x80D0,0x8046,0x8047,0x808B,0x8025,0x0000,0x0000,0x0000,
  0x0000,0x0000,0x0000,0x0000,0x8068,0x808A,0x821E,0x81FD,0x823F,0x82DE,0x80F2,0x80AE,0x80AD,0x8046,0x80AB,0x88ED,
  0x80AB,0x831D,0x8157,0x8069,0x808B,0x825D,0x823E,0x81FC,0x80EF,0x80CF,0x8068,0x8069,0x8045,0x0000,0x0000,0x0000,
  0x0000,0x0000,0x0000,0x0000,0x80AC,0xAA16,0x8A17,0x81FD,0x829F,0x8137,0x80F1,0x8069,0x8132,0x86DF,0x8137,0x8067,
  0x9D94,0xA9F5,0x88EE,0x8089,0x8154,0x8134,0xBB7F,0x80D0,0x8069,0x808B,0x8025,0x8025,0x0000,0x0000,0x0000,0x0000,
  0x0000,0x0000,0x0000,0x0000,0x8046,0x9130,0x80CD,0x8553,0x833F,0x8114,0x8089,0x8552,0x871F,0x871F,0x869C,0x808B,
  0x88CC,0x9572,0x9131,0x8068,0x80F0,0x8135,0x81DA,0x808A,0x8068,0x808A,0x8046,0x0000,0x0000,0x0000,0x0000,0x0000,
  0x0000,0x0000,0x0000,0x0000,0x0000,0x80AB,0x8089,0x9130,0x8110,0x80AD,0x80AC,0x867E,0x82FF,0xBB9F,0x80AD,0x80F2,
  0x8046,0x88EE,0x80AB,0x808A,0x8045,0x80F1,0x80AD,0x808B,0x8069,0x8046,0x0000,0x0000,0x0000,0x0000,0x0000,0x0000,
  0x0000,0x0000,0x0000,0x0000,0x0000,0x0000,0x8089,0x9550,0x80AC,0x8046,0x8155,0x8179,0x96DE,0x8133,0x80AC,0x80CE,
  0x8067,0x8089,0x84CE,0x8089,0x8069,0x80AD,0x808B,0x8068,0x8025,0x0000,0x0000,0x0000,0x0000,0x0000,0x0000,0x0000,
  0x0000,0x0000,0x0000,0x0000,0x0000,0x0000,0x0000,0x0000,0x0000,0x8047,0x84EE,0x8113,0x817A,0x80AF,0x80AE,0x8067,
  0x80CD,0x808A,0x8068,0x8089,0x8025,0x0000,0x0000,0x0000,0x0000,0x0000,0x0000,0x0000,0x0000,0x0000,0x0000,0x0000,
  0x0000,0x0000,0x0000,0x0000,0x0000,0x0000,0x0000,0x0000,0x0000,0x0000,0x0000,0x80AA,0x80AE,0x8048,0x8025,0x8068,
  0x8069,0x8025,0x8025,0x0000,0x0000,0x0000,0x0000,0x0000,0x0000,0x0000,0x0000,0x0000,0x0000,0x0000,0x0000,0x0000,
  0x0000,0x0000,0x0000,0x0000,0x0000,0x0000,0x0000,0x0000,0x0000,0x0000,0x0000,0x0000,0x0000,0x0000,0x0000,0x0000,
  0x0000,0x0000,0x0000,0x0000,0x0000,0x0000,0x0000,0x0000,0x0000,0x0000,0x0000,0x0000,0x0000,0x0000,0x0000,0x0000,
  0x0000,0x0000,0x0000,0x0000,0x0000,0x0000,0x0000,0x0000,0x0000,0x0000,0x0000,0x0000,0x0000,0x0000,0x0000,0x0000,
  0x0000,0x0000,0x0000,0x0000,0x0000,0x0000,0x0000,0x0000,0x0000,0x0000,0x0000,0x0000,0x0000,0x0000,0x0000,0x0000,
  0x0000,0x0000,0x0000,0x0000,0x0000,0x0000,0x0000,0x0000,0x0000,0x0000,0x0000,0x0000,0x0000,0x0000,0x0000,0x0000,
  0x0000,0x0000,0x0000,0x0000,0x0000,0x0000,0x0000,0x0000,0x0000,0x0000,0x0000,0x0000,0x0000,0x0000,0x0000,0x0000,
  0x0000,0x0000,0x0000,0x0000,0x0000,0x0000,0x0000,0x0000,0x0000,0x0000,0x0000,0x0000,0x0000,0x0000,0x0000,0x0000,
  0x0000,0x0000,0x0000,0x0000,0x0000,0x0000,0x0000,0x0000,0x0000,0x0000,0x0000,0x0000,0x0000,0x0000,0x0000,0x0000,
  0x0000,0x0000,0x0000,0x0000,0x0000,0x0000,0x0000,0x0000,0x0000,0x0000,0x0000,0x0000,0x0000,0x0000,0x0000,0x0000,
  0x0000,0x0000,0x0000,0x0000,0x0000,0x0000,0x0000,0x0000,0x0000,0x0000,0x0000,0x0000,0x0000,0x0000,0x0000,0x0000,
  0x0000,0x0000,0x0000,0x0000,0x0000,0x0000,0x0000,0x0000,0x0000,0x0000,0x0000,0x0000,0x0000,0x0000,0x0000,0x0000,
  0x0000,0x0000,0x0000,0x0000,0x0000,0x0000,0x0000,0x0000,0x0000,0x0000,0x0000,0x0000,0x0000,0x0000,0x0000,0x0000,
 },
 {
  0x0000,0x0000,0x0000,0x0000,0x0000,0x0000,0x0000,0x0000,0x0000,0x0000,0x0000,0x0000,0x0000,0x0000,0x0000,0x0000,
  0x0000,0x0000,0x0000,0x0000,0x0000,0x0000,0x0000,0x0000,0x0000,0x0000,0x0000,0x0000,0x0000,0x0000,0x0000,0x0000,
  0x0000,0x0000,0x0000,0x0000,0x0000,0x0000,0x0000,0x0000,0x0000,0x0000,0x0000,0x0000,0x0000,0x0000,0x0000,0x0000,
  0x0000,0x0000,0x0000,0x0000,0x0000,0x0000,0x0000,0x0000,0x0000,0x0000,0x0000,0x0000,0x0000,0x0000,0x0000,0x0000,
  0x0000,0x0000,0x0000,0x0000,0x0000,0x0000,0x0000,0x0000,0x0000,0x0000,0x0000,0x0000,0x0000,0x0000,0x0000,0x0000,
  0x0000,0x0000,0x0000,0x0000,0x0000,0x0000,0x0000,0x0000,0x0000,0x0000,0x0000,0x0000,0x0000,0x0000,0x0000,0x0000,
  0x0000,0x0000,0x0000,0x0000,0x0000,0x0000,0x0000,0x0000,0x0000,0x0000,0x0000,0x0000,0x0000,0x0000,0x0000,0x0000,
  0x0000,0x0000,0x0000,0x0000,0x0000,0x0000,0x0000,0x0000,0x0000,0x0000,0x0000,0x0000,0x0000,0x0000,0x0000,0x0000,
  0x0000,0x0000,0x0000,0x0000,0x0000,0x0000,0x0000,0x0000,0x0000,0x0000,0x0000,0x0000,0x0000,0x0000,0x0000,0x0000,
  0x0000,0x0000,0x0000,0x0000,0x0000,0x0000,0x0000,0x0000,0x0000,0x0000,0x0000,0x0000,0x0000,0x0000,0x0000,0x0000,
  0x0000,0x0000,0x0000,0x0000,0x0000,0x0000,0x0000,0x0000,0x0000,0x0000,0x0000,0x0000,0x0000,0x0000,0x0000,0x0000,
  0xB8E0,0xBD00,0xBD00,0xAC80,0x0000,0x0000,0x0000,0x0000,0x0000,0x0000,0x0000,0x0000,0x0000,0x0000,0x0000,0x0000,
  0x0000,0x0000,0x0000,0x0000,0x0000,0x0000,0x0000,0x0000,0x0000,0x0000,0x0000,0x0000,0x0000,0x0000,0x0000,0xAC80,
  0xFB28,0xFAA1,0xF640,0xFA60,0xF640,0xAC80,0xB0C0,0x0000,0x0000,0x0000,0x0000,0x0000,0x0000,0x0000,0x0000,0x0000,
  0x0000,0x0000,0x0000,0x0000,0x0000,0x0000,0x0000,0x0000,0x0000,0x0000,0x0000,0x0000,0x0000,0xB0A0,0xFB26,0xFEE3,
  0xFEA1,0xFA60,0xFA60,0xF660,0xFA80,0xFFA6,0xC100,0x0000,0x0000,0x0000,0x0000,0x0000,0x0000,0x0000,0x0000,0x0000,
  0x0000,0x0000,0x0000,0x0000,0x0000,0x0000,0x0000,0x0000,0x0000,0x0000,0x0000,0xBD20,0xCD82,0xFF47,0xFEE2,0xFEC2,
  0xFEC1,0xFEA1,0xFAA1,0xFF8C,0xC100,0xB8E0,0xC100,0x9440,0x0000,0x0000,0x0000,0x0000,0x0000,0x0000,0x0000,0x0000,
  0x0000,0x0000,0x0000,0x0000,0x0000,0x0000,0x0000,0x0000,0x0000,0x0000,0xA880,0xFF69,0xFF03,0xFEE2,0xFEE2,0xFEE2,
  0xFEE2,0xFEC1,0xC920,0xB8E0,0xB8E0,0xBCE0,0xB8E0,0x8C20,0x0000,0x0000,0x0000,0x0000,0x0000,0x0000,0x0000,0x0000,
  0x0000,0x0000,0x0000,0x0000,0x0000,0x0000,0x0000,0x0000,0xB4E0,0xFB6C,0xFF04,0xFEE3,0xFEE3,0xFEE3,0xFEE3,0xFEE4,
  0xFFAD,0xC100,0xBCE0,0xBCE0,0xB8E0,0xB8E0,0xB8E0,0xC100,0x0000,0x0000,0x0000,0x0000,0x0000,0x0000,0x0000,0x0000,
  0x0000,0x0000,0x0000,0x0000,0x0000,0x0000,0x0000,0xB901,0xFF4B,0xFEE3,0xFF03,0xFEE3,0xFEE3,0xFEE3,0xFFD7,0xFEE2,
  0xBCE0,0xB8E0,0xBCE0,0xBCE0,0xBCE0,0xB8E0,0xBCE0,0x9020,0x9C60,0xA880,0x0000,0x0000,0x0000,0x0000,0x0000,0x0000,
  0x0000,0x0000,0x0000,0x0000,0x0000,0x0000,0x0000,0xFF23,0xF220,0xFF70,0xFFFC,0xFF26,0xFF4A,0xFEC1,0xB8E0,0xB8E0,
  0xB8E0,0xBCE0,0xB8E0,0xB8E0,0xC100,0xC500,0x8820,0xD160,0xF620,0xEE20,0xF620,0xC100,0x0000,0x0000,0x0000,0x0000,
  0x0000,0x0000,0x0000,0x0000,0x0000,0x0000,0xA880,0xF220,0xF220,0xF220,0xF220,0xF263,0xD980,0xBCE0,0xBCE0,0xB8E0,
  0xBCE0,0xB8E0,0xB8E0,0xC0E0,0x8800,0xA8A0,0xD140,0xF220,0xF220,0xF220,0xFF48,0xBCE0,0x9020,0x0000,0x0000,0x0000,
  0x0000,0x0000,0x0000,0x0000,0x0000,0x0000,0xCD61,0xF200,0xF220,0xF220,0xF220,0xF6A5,0xDDC0,0xBCE0,0xBCE0,0xBCE0,
  0xBCE0,0xB8E0,0xC520,0x8C20,0xCD40,0xF661,0xF640,0xF220,0xFAA1,0xFF68,0xB8E0,0xB8E0,0x9840,0x0000,0x0000,0x0000,
  0x0000,0x0000,0x0000,0x0000,0x0000,0xB0A0,0xFEC3,0xF220,0xF220,0xF220,0xF220,0xF660,0xF6C4,0xBCE0,0xBCE0,0xBCE0,
  0xC500,0x8C20,0xD560,0xE1C0,0xFEC1,0xFEA1,0xFA81,0xFF69,0xC100,0xBCE0,0xB8E0,0xB8E0,0xC100,0x0000,0x0000,0x0000,
  0x0000,0x0000,0x0000,0x0000,0xFF6D,0xEA22,0xA8A0,0xE5E0,0xF220,0xF220,0xF220,0xEE00,0xF2E8,0xBCE0,0xC520,0xB900,
  0x9820,0xD980,0xFEC2,0xFEC2,0xFAC1,0xFF8C,0xF6E6,0xB8E0,0xB8E0,0xB8E0,0xB8E0,0xB8E0,0xB8E0,0x8400,0x0000,0x0000,
  0x0000,0x0000,0x0000,0xA480,0xFAA2,0xFFD8,0xFF29,0xEE40,0x9C40,0x9840,0xE5E0,0xF640,0xF6E9,0xC100,0x8000,0xD560,
  0xFEE2,0xFEE2,0xFEE2,0xFEC1,0xFF6B,0xB8C0,0xB8E0,0xB8E0,0xB8E0,0xB8E0,0xB8E0,0xB8E0,0xB8E0,0x8800,0x0000,0x0000,
  0x0000,0x0000,0x0000,0xFF23,0xF620,0xF220,0xF220,0xFEE2,0xE642,0xB0C0,0xB4C0,0x9840,0x8800,0xA8A0,0xFF01,0xFEE2,
  0xFEE2,0xFEE2,0xFF28,0xFFA9,0xBCE0,0xB8E0,0xB8E0,0xB8E0,0xB8E0,0xB8E0,0xB8E0,0xC500,0x8C20,0x0000,0x0000,0x0000,
  0x0000,0x0000,0xB4E0,0xFEC2,0xF220,0xF220,0xF620,0xF220,0xCD60,0xB8C0,0xB0A0,0xFF24,0xFF06,0xFEA1,0xFEC2,0xFEE3,
  0xFEE3,0xFF91,0xC100,0xB8E0,0xB8E0,0xB8E0,0xB8E0,0xB8E0,0xB8E0,0xBCE0,0xB0C0,0x9040,0x0000,0x0000,0x0000,0x0000,
  0x0000,0x0000,0xA440,0xF200,0xF220,0xF220,0xF220,0xF220,0xEE20,0xB8C0,0xA480,0xFEE4,0xFA60,0xFE80,0xFFFC,0xFF6F,
  0xFB26,0xBCE0,0xB8E0,0xB8E0,0xB8E0,0xB8E0,0xB8E0,0xB8E0,0xC100,0x8800,0x0000,0x0000,0x0000,0x0000,0x0000,0x0000,
  0x0000,0x0000,0x9840,0xCD40,0xF620,0xF200,0xF220,0xF220,0xEA01,0xB4C0,0xA440,0xF640,0xF640,0xF640,0xF640,0xFF8F,
  0xBCE0,0xBCE0,0xB8E0,0xB8E0,0xB8E0,0xB8E0,0xBCE0,0xB8E0,0x0000,0x0000,0x0000,0x0000,0x0000,0x0000,0x0000,0x0000,
  0x0000,0x0000,0x0000,0x0000,0xA480,0x9C40,0xEE00,0xEE00,0xE602,0xACA0,0xFF05,0xF640,0xF640,0xF640,0xF640,0xFF70,
  0xBCE0,0xB8E0,0xB8E0,0xB8E0,0xB8E0,0xBCE0,0x8C20,0x0000,0x0000,0x0000,0x0000,0x0000,0x0000,0x0000,0x0000,0x0000,
  0x0000,0x0000,0x0000,0x0000,0x0000,0x0000,0xB901,0x9840,0x9020,0xA480,0xFAA3,0xF640,0xF640,0xF640,0xF640,0xFF8D,
  0xB8E0,0xBCE0,0xB8E0,0xBCE0,0x9840,0x9441,0x0000,0x0000,0x0000,0x0000,0x0000,0x0000,0x0000,0x0000,0x0000,0x0000,
  0x0000,0x0000,0x0000,0x0000,0x0000,0x0000,0x0000,0x0000,0x0000,0xA8A0,0x9820,0xF661,0xF640,0xF640,0xF620,0xFF94,
  0xBCE0,0xBCE0,0xC0E0,0x8000,0x0000,0x0000,0x0000,0x0000,0x0000,0x0000,0x0000,0x0000,0x0000,0x0000,0x0000,0x0000,
  0x0000,0x0000,0x0000,0x0000,0x0000,0x0000,0x0000,0x0000,0x0000,0x0000,0x0000,0x0000,0x9C60,0xC920,0xF620,0xFF90,
  0xC0E0,0xA480,0x0000,0x0000,0x0000,0x0000,0x0000,0x0000,0x0000,0x0000,0x0000,0x0000,0x0000,0x0000,0x0000,0x0000,
  0x0000,0x0000,0x0000,0x0000,0x0000,0x0000,0x0000,0x0000,0x0000,0x0000,0x0000,0x0000,0x0000,0x0000,0x9C60,0x9020,
  0x8000,0x0000,0x0000,0x0000,0x0000,0x0000,0x0000,0x0000,0x0000,0x0000,0x0000,0x0000,0x0000,0x0000,0x0000,0x0000,
  0x0000,0x0000,0x0000,0x0000,0x0000,0x0000,0x0000,0x0000,0x0000,0x0000,0x0000,0x0000,0x0000,0x0000,0x0000,0x0000,
  0x0000,0x0000,0x0000,0x0000,0x0000,0x0000,0x0000,0x0000,0x0000,0x0000,0x0000,0x0000,0x0000,0x0000,0x0000,0x0000,
  0x0000,0x0000,0x0000,0x0000,0x0000,0x0000,0x0000,0x0000,0x0000,0x0000,0x0000,0x0000,0x0000,0x0000,0x0000,0x0000,
  0x0000,0x0000,0x0000,0x0000,0x0000,0x0000,0x0000,0x0000,0x0000,0x0000,0x0000,0x0000,0x0000,0x0000,0x0000,0x0000,
  0x0000,0x0000,0x0000,0x0000,0x0000,0x0000,0x0000,0x0000,0x0000,0x0000,0x0000,0x0000,0x0000,0x0000,0x0000,0x0000,
  0x0000,0x0000,0x0000,0x0000,0x0000,0x0000,0x0000,0x0000,0x0000,0x0000,0x0000,0x0000,0x0000,0x0000,0x0000,0x0000,
  0x0000,0x0000,0x0000,0x0000,0x0000,0x0000,0x0000,0x0000,0x0000,0x0000,0x0000,0x0000,0x0000,0x0000,0x0000,0x0000,
  0x0000,0x0000,0x0000,0x0000,0x0000,0x0000,0x0000,0x0000,0x0000,0x0000,0x0000,0x0000,0x0000,0x0000,0x0000,0x0000,
  0x0000,0x0000,0x0000,0x0000,0x0000,0x0000,0x0000,0x0000,0x0000,0x0000,0x0000,0x0000,0x0000,0x0000,0x0000,0x0000,
  0x0000,0x0000,0x0000,0x0000,0x0000,0x0000,0x0000,0x0000,0x0000,0x0000,0x0000,0x0000,0x0000,0x0000,0x0000,0x0000,
 },
 {
  0x0000,0x0000,0x0000,0x0000,0x0000,0x0000,0x0000,0x0000,0x0000,0x0000,0x0000,0x0000,0x0000,0x0000,0x0000,0x0000,
  0x0000,0x0000,0x0000,0x0000,0x0000,0x0000,0x0000,0x0000,0x0000,0x0000,0x0000,0x0000,0x0000,0x0000,0x0000,0x0000,
  0x0000,0x0000,0x0000,0x0000,0x0000,0x0000,0x0000,0x0000,0x0000,0x0000,0x0000,0x0000,0x0000,0x0000,0x0000,0x0000,
  0x0000,0x0000,0x0000,0x0000,0x0000,0x0000,0x0000,0x0000,0x0000,0x0000,0x0000,0x0000,0x0000,0x0000,0x0000,0x0000,
  0x0000,0x0000,0x0000,0x0000,0x0000,0x0000,0x0000,0x0000,0x0000,0x0000,0x0000,0x0000,0x0000,0x0000,0x0000,0x0000,
  0x8D0D,0x84EC,0x8D0E,0x0000,0x0000,0x0000,0x0000,0x0000,0x0000,0x0000,0x0000,0x0000,0x0000,0x0000,0x0000,0x0000,
  0x0000,0x0000,0x0000,0x0000,0x0000,0x0000,0x0000,0x0000,0x0000,0x0000,0x0000,0x0000,0x0000,0x0000,0x0000,0x912E,
  0xE75B,0xDAF9,0xD6D9,0xCA97,0x912E,0x88EC,0x0000,0x0000,0x0000,0x0000,0x0000,0x0000,0x0000,0x0000,0x0000,0x0000,
  0x0000,0x0000,0x0000,0x0000,0x0000,0x0000,0x0000,0x0000,0x0000,0x0000,0x0000,0x0000,0xA9D1,0x8CED,0xF7BD,0xE33A,
  0xD2D8,0xD2B8,0xCA97,0xCEB8,0xEF9D,0xB1D2,0x8488,0x0000,0x0000,0x0000,0x0000,0x0000,0x0000,0x0000,0x0000,0x0000,
  0x0000,0x0000,0x0000,0x0000,0x0000,0x0000,0x0000,0x0000,0x0000,0x0000,0x0000,0x952E,0xFBDF,0xF7BD,0xE33A,0xDF1A,
  0xD2D9,0xD2D9,0xDF1A,0xC234,0xADB1,0x9D4D,0xA16E,0x0000,0x0000,0x0000,0x0000,0x0000,0x0000,0x0000,0x0000,0x0000,
  0x0000,0x0000,0x0000,0x0000,0x0000,0x0000,0x0000,0x0000,0x0000,0x0000,0x88CC,0xFBDE,0xE33B,0xE33B,0xE33B,0xDAFA,
  0xDF1A,0xFBDE,0xA9B0,0xA14E,0x9D4D,0xA14E,0xA990,0x90EB,0x0000,0x0000,0x0000,0x0000,0x0000,0x0000,0x0000,0x0000,
  0x0000,0x0000,0x0000,0x0000,0x0000,0x0000,0x0000,0x0000,0x954E,0xF7BE,0xEB5C,0xEB5C,0xE75B,0xE75B,0xE75B,0xEF9D,
  0xEB5B,0xA56E,0xA14E,0xA14E,0x9D4E,0xA16E,0x9D4E,0x8067,0x0000,0x0000,0x0000,0x0000,0x0000,0x0000,0x0000,0x0000,
  0x0000,0x0000,0x0000,0x0000,0x0000,0x0000,0x0000,0x8CEC,0xFFFF,0xFFFF,0xE73B,0xEB7C,0xE75B,0xE73B,0xFBDE,0xB1D1,
  0xA16E,0xA14E,0xA14E,0xA14E,0xA16E,0xADB0,0x9D2D,0x990B,0x8488,0x0000,0x0000,0x0000,0x0000,0x0000,0x0000,0x0000,
  0x0000,0x0000,0x0000,0x0000,0x0000,0x0000,0x0000,0xA16F,0xCA97,0xCE97,0xD6D8,0xFFFF,0xFFFF,0xCE97,0xA56E,0xA16E,
  0xA14E,0xA14E,0xA14E,0xA990,0xADB1,0x8046,0xB5F3,0xC656,0xCA97,0xCA97,0xA98F,0x0000,0x0000,0x0000,0x0000,0x0000,
  0x0000,0x0000,0x0000,0x0000,0x0000,0x0000,0x0000,0xEF9D,0xCA76,0xCA76,0xCA97,0xCA76,0xFFFF,0xA9B0,0xA16E,0xA14E,
  0xA14E,0xA16E,0xA990,0x8467,0x8CA9,0xD6D9,0xCEB7,0xCEB7,0xDAF9,0xCEB8,0x9D2D,0x8067,0x0000,0x0000,0x0000,0x0000,
  0x0000,0x0000,0x0000,0x0000,0x0000,0x0000,0x88CA,0xD2B8,0xC676,0xC656,0xC255,0xCA76,0xFFFF,0xA16E,0xA14E,0xA14E,
  0xA56F,0x9D2D,0x8067,0xBE34,0xD6F9,0xD2D8,0xD2D9,0xE75C,0xA56F,0x990C,0x992C,0x8488,0x0000,0x0000,0x0000,0x0000,
  0x0000,0x0000,0x0000,0x0000,0x0000,0x910D,0x8047,0xCA96,0xC656,0xBE34,0xC276,0xC676,0xFFFF,0xA58F,0xA14E,0xA56F,
  0x8488,0xB5F3,0xC655,0xDAFA,0xD2B8,0xDAF9,0xF7DE,0xA16F,0x990C,0x990C,0x992C,0xA14E,0x0000,0x0000,0x0000,0x0000,
  0x0000,0x0000,0x0000,0x0000,0x90EB,0xF7BD,0xEB7C,0x88A9,0xD2B8,0xCA96,0xCA97,0xCA77,0xFFFF,0xA9B0,0xA990,0x8466,
  0xBE34,0xE33B,0xE33B,0xDAFA,0xDF1A,0xF7BE,0x9D2D,0x990C,0x992C,0x992C,0x9D2D,0xA14E,0x8488,0x0000,0x0000,0x0000,
  0x0000,0x0000,0x0000,0x90EB,0xFFFF,0xE75B,0xE73B,0xD6D8,0xCE96,0x8467,0x88A8,0xA9B1,0xFBDE,0xADB1,0xA58F,0xD6D8,
  0xE33B,0xE33B,0xE33B,0xF7DE,0xC675,0x9D2D,0x990C,0x992C,0x992C,0xA14E,0xA16E,0xA56E,0x8025,0x0000,0x0000,0x0000,
  0x0000,0x0000,0x0000,0x8489,0xE33B,0xE31A,0xEB7C,0xFFFF,0xD6D8,0xA16E,0x94EB,0x8067,0x8CA8,0xA990,0xE75B,0xE33B,
  0xE33B,0xE33B,0xFBDE,0xA16F,0x992C,0x9D2C,0x9D2C,0x9D2C,0xA14E,0xA16E,0xA990,0x8467,0x0000,0x0000,0x0000,0x0000,
  0x0000,0x0000,0x0000,0xEB5C,0xD2B8,0xCEB8,0xD2B8,0xDAF9,0xB1F2,0x992D,0x990C,0x8CC9,0xFFFF,0xF39D,0xE33B,0xE33B,
  0xE33B,0xBA14,0xA98F,0x990C,0x990C,0x9D2C,0x992C,0xA56E,0xA16E,0xA56F,0x8888,0x0000,0x0000,0x0000,0x0000,0x0000,
  0x0000,0x0000,0x88A9,0xE33B,0xCE97,0xCA97,0xC677,0xD2B8,0xADB1,0x992C,0x992C,0xE75B,0xD6D9,0xDAF9,0xF3BD,0xFFFF,
  0xB5F2,0x990C,0x990C,0x990C,0x990C,0xA14E,0xA54E,0xA56E,0xA56F,0x8CA9,0x0000,0x0000,0x0000,0x0000,0x0000,0x0000,
  0x0000,0x0000,0x8046,0xCE97,0xCA97,0xC255,0xC255,0xD2D8,0xB1D1,0x9D2D,0x8066,0xE33B,0xD6F9,0xD6D9,0xD2D8,0xFFFF,
  0xA14E,0x9D2C,0x9D2C,0x9D2C,0xA14D,0xA54E,0xA54E,0x8046,0x0000,0x0000,0x0000,0x0000,0x0000,0x0000,0x0000,0x0000,
  0x0000,0x0000,0x88A8,0xCA97,0xC256,0xCA76,0xCE97,0xCE97,0xADB1,0x9D2D,0x8087,0xD2B8,0xD2B8,0xD2D8,0xD2D8,0xFBDF,
  0xA990,0x9D2C,0x9D2C,0xA14E,0xA56E,0xA56F,0x8887,0x0000,0x0000,0x0000,0x0000,0x0000,0x0000,0x0000,0x0000,0x0000,
  0x0000,0x0000,0x0000,0x0000,0x84A8,0x8046,0xC655,0xCE97,0xA58F,0xA14D,0xE75C,0xCEB8,0xCEB8,0xC676,0xC676,0xDF1A,
  0xA990,0x9D2C,0xA14E,0xA56E,0xADB0,0x8888,0x0000,0x0000,0x0000,0x0000,0x0000,0x0000,0x0000,0x0000,0x0000,0x0000,
  0x0000,0x0000,0x0000,0x0000,0x0000,0x0000,0xAD8F,0x8488,0x8067,0xADB0,0xEB5C,0xD2B7,0xCA76,0xC656,0xC676,0xCEB7,
  0xA590,0xA14E,0xA56F,0x8CA9,0x8887,0x0000,0x0000,0x0000,0x0000,0x0000,0x0000,0x0000,0x0000,0x0000,0x0000,0x0000,
  0x0000,0x0000,0x0000,0x0000,0x0000,0x0000,0x0000,0x0000,0x0000,0x0000,0x950B,0x8067,0xB5F2,0xC676,0xC256,0xCEB8,
  0xA990,0xA56E,0x8045,0x0000,0x0000,0x0000,0x0000,0x0000,0x0000,0x0000,0x0000,0x0000,0x0000,0x0000,0x0000,0x0000,
  0x0000,0x0000,0x0000,0x0000,0x0000,0x0000,0x0000,0x0000,0x0000,0x0000,0x0000,0x0000,0x0000,0x90EA,0x8487,0xC676,
  0xA56F,0x8888,0x0000,0x0000,0x0000,0x0000,0x0000,0x0000,0x0000,0x0000,0x0000,0x0000,0x0000,0x0000,0x0000,0x0000,
  0x0000,0x0000,0x0000,0x0000,0x0000,0x0000,0x0000,0x0000,0x0000,0x0000,0x0000,0x0000,0x0000,0x0000,0x0000,0x94EA,
  0x88A8,0x0000,0x0000,0x0000,0x0000,0x0000,0x0000,0x0000,0x0000,0x0000,0x0000,0x0000,0x0000,0x0000,0x0000,0x0000,
  0x0000,0x0000,0x0000,0x0000,0x0000,0x0000,0x0000,0x0000,0x0000,0x0000,0x0000,0x0000,0x0000,0x0000,0x0000,0x0000,
  0x0000,0x0000,0x0000,0x0000,0x0000,0x0000,0x0000,0x0000,0x0000,0x0000,0x0000,0x0000,0x0000,0x0000,0x0000,0x0000,
  0x0000,0x0000,0x0000,0x0000,0x0000,0x0000,0x0000,0x0000,0x0000,0x0000,0x0000,0x0000,0x0000,0x0000,0x0000,0x0000,
  0x0000,0x0000,0x0000,0x0000,0x0000,0x0000,0x0000,0x0000,0x0000,0x0000,0x0000,0x0000,0x0000,0x0000,0x0000,0x0000,
  0x0000,0x0000,0x0000,0x0000,0x0000,0x0000,0x0000,0x0000,0x0000,0x0000,0x0000,0x0000,0x0000,0x0000,0x0000,0x0000,
  0x0000,0x0000,0x0000,0x0000,0x0000,0x0000,0x0000,0x0000,0x0000,0x0000,0x0000,0x0000,0x0000,0x0000,0x0000,0x0000,
  0x0000,0x0000,0x0000,0x0000,0x0000,0x0000,0x0000,0x0000,0x0000,0x0000,0x0000,0x0000,0x0000,0x0000,0x0000,0x0000,
  0x0000,0x0000,0x0000,0x0000,0x0000,0x0000,0x0000,0x0000,0x0000,0x0000,0x0000,0x0000,0x0000,0x0000,0x0000,0x0000,
  0x0000,0x0000,0x0000,0x0000,0x0000,0x0000,0x0000,0x0000,0x0000,0x0000,0x0000,0x0000,0x0000,0x0000,0x8001,0x8002,
  0x8001,0x8022,0x0000,0x0000,0x0000,0x0000,0x0000,0x0000,0x0000,0x0000,0x0000,0x0000,0x0000,0x0000,0x0000,0x0000,
  0x0000,0x0000,0x0000,0x0000,0x0000,0x0000,0x0000,0x0000,0x0000,0x0000,0x0000,0x0000,0x0000,0x0000,0x0000,0x0000,
  0x0000,0x0000,0x0000,0x0000,0x0000,0x0000,0x0000,0x0000,0x0000,0x0000,0x0000,0x0000,0x0000,0x0000,0x0000,0x0000,
  0x0000,0x0000,0x0000,0x0000,0x0000,0x0000,0x0000,0x0000,0x0000,0x0000,0x0000,0x0000,0x0000,0x0000,0x0000,0x0000,
  0x0000,0x0000,0x0000,0x0000,0x0000,0x0000,0x0000,0x0000,0x0000,0x0000,0x0000,0x0000,0x0000,0x0000,0x0000,0x0000,
 },
 {
  0x0000,0x0000,0x0000,0x0000,0x0000,0x0000,0x0000,0x0000,0x0000,0x0000,0x0000,0x0000,0x0000,0x0000,0x0000,0x0000,
  0x0000,0x0000,0x0000,0x0000,0x0000,0x0000,0x0000,0x0000,0x0000,0x0000,0x0000,0x0000,0x0000,0x0000,0x0000,0x0000,
  0x0000,0x0000,0x0000,0x0000,0x0000,0x0000,0x0000,0x0000,0x0000,0x0000,0x0000,0x0000,0x0000,0x0000,0x0000,0x0000,
  0x0000,0x0000,0x0000,0x0000,0x0000,0x0000,0x0000,0x0000,0x0000,0x0000,0x0000,0x0000,0x0000,0x0000,0x0000,0x0000,
  0x0000,0x0000,0x0000,0x0000,0x0000,0x0000,0x0000,0x0000,0x0000,0x0000,0x0000,0x0000,0x0000,0x0000,0x0000,0x9004,
  0x9405,0x0000,0x0000,0x0000,0x0000,0x0000,0x0000,0x0000,0x0000,0x0000,0x0000,0x0000,0x0000,0x0000,0x0000,0x0000,
  0x0000,0x0000,0x0000,0x0000,0x0000,0x0000,0x0000,0x0000,0x0000,0x0000,0x0000,0x0000,0x0000,0x9C06,0xB028,0xD82D,
  0xF915,0xC00A,0x9805,0x0000,0x0000,0x0000,0x0000,0x0000,0x0000,0x0000,0x0000,0x0000,0x0000,0x0000,0x0000,0x0000,
  0x0000,0x0000,0x0000,0x0000,0x0000,0x0000,0x0000,0x0000,0x0000,0x0000,0x0000,0x0000,0x9805,0xCC2C,0xC42B,0xE40D,
  0xFD77,0xC80A,0xBC0A,0x9405,0x0000,0x0000,0x0000,0x0000,0x0000,0x0000,0x0000,0x0000,0x0000,0x0000,0x0000,0x0000,
  0x0000,0x0000,0x0000,0x0000,0x0000,0x0000,0x0000,0x0000,0x0000,0x0000,0xBC4A,0xB408,0xDC4E,0xC42B,0xC42A,0xE42E,
  0xFD56,0xC00A,0xB409,0xC00A,0x9405,0x0000,0x0000,0x0000,0x0000,0x0000,0x0000,0x0000,0x0000,0x0000,0x0000,0x0000,
  0x0000,0x0000,0x0000,0x0000,0x0000,0x0000,0x0000,0x0000,0x0000,0xAC28,0xDC2D,0xC00A,0xC40B,0xD82D,0xD80D,0xF891,
  0xFDB9,0xBC09,0xB008,0xAC08,0xBC0A,0x9004,0x0000,0x0000,0x0000,0x0000,0x0000,0x0000,0x0000,0x0000,0x0000,0x0000,
  0x0000,0x0000,0x0000,0x0000,0x0000,0x0000,0x0000,0xA827,0xA406,0xF914,0xE82E,0xCC0B,0xC42B,0xD84D,0xF892,0xF471,
  0xFDB8,0xB809,0xA006,0xAC07,0xB008,0xBC0A,0x9003,0x0000,0x0000,0x0000,0x0000,0x0000,0x0000,0x0000,0x0000,0x0000,
  0x0000,0x0000,0x0000,0x0000,0x0000,0x0000,0x9806,0xE02F,0xDC2D,0xF071,0xFEDC,0xFF1C,0xFF7D,0xFF1C,0xFE18,0xFD56,
  0xFD97,0xB408,0x9C06,0xA006,0xA406,0xAC08,0xC00B,0x8C03,0x0000,0x0000,0x0000,0x0000,0x0000,0x0000,0x0000,0x0000,
  0x0000,0x0000,0x0000,0x0000,0x0000,0x0000,0xA407,0xD82E,0xB809,0xF070,0xFF3D,0xFDF8,0xFE18,0xFE18,0xFE9B,0xFFDF,
  0xFE5A,0xB408,0xA006,0xA006,0xA006,0xB008,0xB008,0xC00A,0x9004,0x0000,0x0000,0x0000,0x0000,0x0000,0x0000,0x0000,
  0x0000,0x0000,0x0000,0x0000,0x0000,0x9405,0xD84D,0xC42B,0xBC2A,0xFC92,0xFEDC,0xFDD8,0xFDF8,0xFDF8,0xFE5A,0xFEDB,
  0xFFDE,0xD04B,0xAC07,0xA407,0xA007,0xB008,0xB008,0xCC2B,0xD02C,0x8C04,0x0000,0x0000,0x0000,0x0000,0x0000,0x0000,
  0x0000,0x0000,0x0000,0x0000,0xA828,0xBC29,0xD84D,0xCC2B,0xC82B,0xFE7B,0xFE19,0xFDF8,0xFDF8,0xFE5A,0xFEBB,0xCC2C,
  0xBC0A,0xDC6E,0xDC4D,0xB008,0xAC08,0xB008,0xB008,0xB809,0xC00A,0xC02A,0x9404,0x0000,0x0000,0x0000,0x0000,0x0000,
  0x0000,0x0000,0x0000,0x0000,0xA005,0xEC70,0xC82B,0xD02C,0xD42C,0xFF1D,0xFE39,0xFDF8,0xFE5A,0xFE9B,0xFF9E,0xB408,
  0xA807,0xB408,0xCC0B,0xF090,0xB008,0xAC08,0xC009,0xC00A,0xC00A,0xDC2D,0xE02E,0x0000,0x0000,0x0000,0x0000,0x0000,
  0x0000,0x0000,0x0000,0x9826,0xEC50,0xD00B,0xD02C,0xDC2D,0xF470,0xFF7F,0xFE3A,0xFE5A,0xFE9A,0xE912,0xC40A,0xA407,
  0xA807,0xAC08,0xB809,0xD00B,0xD44C,0xB809,0xBC09,0xD40B,0xDC2D,0xDC2D,0xE86F,0x8803,0x0000,0x0000,0x0000,0x0000,
  0x0000,0x0000,0x0000,0x8C04,0xFE7A,0xF892,0xF450,0xF04F,0xF04F,0xFF5E,0xFE7A,0xFFBF,0xF0B2,0xD42C,0xC00A,0xAC07,
  0xA807,0xA807,0xB809,0xC00A,0xC80A,0xE00D,0xD00C,0xF891,0xD40D,0x9805,0xA006,0x8803,0x0000,0x0000,0x0000,0x0000,
  0x0000,0x0000,0x0000,0x8C03,0xC40B,0xC84C,0xF935,0xF070,0xF090,0xFF3D,0xFE5A,0xE850,0xD82C,0xD82C,0xCC0B,0xAC08,
  0xA807,0xA807,0xC00A,0xC00A,0xC82B,0xF871,0xFCF4,0xA006,0x9C05,0x9C05,0xB008,0x8C04,0x0000,0x0000,0x0000,0x0000,
  0x0000,0x0000,0x0000,0x0000,0xC02B,0xB008,0xAC08,0xBC09,0xE00C,0xFF9F,0xF02F,0xDC2D,0xD82C,0xD82C,0xD02C,0xAC08,
  0xAC08,0xB008,0xB008,0xC00A,0xD02C,0xFC92,0xA406,0x9805,0x9805,0xBC0A,0xAC08,0x0000,0x0000,0x0000,0x0000,0x0000,
  0x0000,0x0000,0x0000,0x0000,0xC00B,0xB409,0xB008,0xBC09,0xC80B,0x9805,0xFCF4,0xE02D,0xD82C,0xD82C,0xEC4F,0xAC07,
  0xA807,0xAC08,0xC00A,0xC00A,0xC80A,0xC40A,0xA407,0x9805,0x9C05,0xBC09,0x9004,0x0000,0x0000,0x0000,0x0000,0x0000,
  0x0000,0x0000,0x0000,0x0000,0x8C04,0xC40B,0xB409,0xC00A,0xF051,0xA407,0xD48E,0xE00C,0xE02D,0xE02D,0xEC2E,0xAC08,
  0xAC08,0xB409,0xBC0A,0xC40A,0xCC0A,0xBC09,0xA006,0x9C05,0xA807,0x8C03,0x0000,0x0000,0x0000,0x0000,0x0000,0x0000,
  0x0000,0x0000,0x0000,0x0000,0x9C06,0xB009,0xC80B,0xF871,0xD00C,0x9405,0xA006,0xF450,0xE02D,0xE42D,0xF870,0xB008,
  0xAC08,0xB408,0xBC09,0xC40A,0xDC0B,0xAC07,0xB008,0xA807,0xC00A,0x8C03,0x0000,0x0000,0x0000,0x0000,0x0000,0x0000,
  0x0000,0x0000,0x0000,0x0000,0x0000,0x9405,0xD40C,0xFCB3,0xAC07,0x9805,0xA006,0xFD77,0xF02F,0xF450,0xF850,0xB409,
  0xB409,0xB809,0xBC09,0xD40C,0xFD97,0xE00E,0xB408,0xB008,0xC80C,0x0000,0x0000,0x0000,0x0000,0x0000,0x0000,0x0000,
  0x0000,0x0000,0x0000,0x0000,0x0000,0xA827,0xE04E,0xB809,0xA006,0xA006,0xA006,0xBC0A,0xFD57,0xF450,0xC80A,0xBC09,
  0xB809,0xC00A,0xC80B,0xFCB2,0xB809,0xB009,0xC40A,0xC80B,0x9004,0x0000,0x0000,0x0000,0x0000,0x0000,0x0000,0x0000,
  0x0000,0x0000,0x0000,0x0000,0x0000,0x0000,0x9C05,0xBC09,0xA807,0x9C06,0xA407,0xBC0A,0xE80E,0xF02F,0xBC09,0xBC09,
  0xBC09,0xC80B,0xDC2D,0xD84D,0x9C06,0xA006,0xA006,0x9404,0x0000,0x0000,0x0000,0x0000,0x0000,0x0000,0x0000,0x0000,
  0x0000,0x0000,0x0000,0x0000,0x0000,0x0000,0x0000,0x9405,0xBC0A,0xB008,0xA807,0xC00B,0xE00D,0xF934,0xD00B,0xC40A,
  0xC40A,0xD82C,0xECB0,0xA807,0x9806,0xAC08,0xA807,0x0000,0x0000,0x0000,0x0000,0x0000,0x0000,0x0000,0x0000,0x0000,
  0x0000,0x0000,0x0000,0x0000,0x0000,0x0000,0x0000,0x0000,0x9404,0xC00B,0xAC07,0xC40B,0xE80E,0xC82C,0xB008,0xFC92,
  0xD80C,0xF491,0xA407,0xA006,0xA807,0x8C04,0x0000,0x0000,0x0000,0x0000,0x0000,0x0000,0x0000,0x0000,0x0000,0x0000,
  0x0000,0x0000,0x0000,0x0000,0x0000,0x0000,0x0000,0x0000,0x0000,0x9004,0xBC0A,0xC40A,0xF471,0xA006,0x9C06,0xB009,
  0xE870,0xA807,0x9C06,0x9C06,0xAC08,0x0000,0x0000,0x0000,0x0000,0x0000,0x0000,0x0000,0x0000,0x0000,0x0000,0x0000,
  0x0000,0x0000,0x0000,0x0000,0x0000,0x0000,0x0000,0x0000,0x0000,0x0000,0x9004,0xD04C,0xFD56,0xA406,0x9C06,0xA807,
  0xBC09,0xA406,0xB008,0x8C04,0x0000,0x0000,0x0000,0x0000,0x0000,0x0000,0x0000,0x0000,0x0000,0x0000,0x0000,0x0000,
  0x0000,0x0000,0x0000,0x0000,0x0000,0x0000,0x0000,0x0000,0x0000,0x0000,0x0000,0x9004,0xD80D,0xAC08,0x9805,0xB008,
  0xDC2E,0xA807,0x8C04,0x0000,0x0000,0x0000,0x0000,0x0000,0x0000,0x0000,0x0000,0x0000,0x0000,0x0000,0x0000,0x0000,
  0x0000,0x0000,0x0000,0x0000,0x0000,0x0000,0x0000,0x0000,0x0000,0x0000,0x0000,0x0000,0x9003,0x9004,0xB009,0xBC09,
  0xCC2C,0x9805,0x0000,0x0000,0x0000,0x0000,0x0000,0x0000,0x0000,0x0000,0x0000,0x0000,0x0000,0x0000,0x0000,0x0000,
  0x0000,0x0000,0x0000,0x0000,0x0000,0x0000,0x0000,0x0000,0x0000,0x0000,0x0000,0x0000,0x0000,0x0000,0x0000,0x8C03,
  0x8C04,0x0000,0x0000,0x0000,0x0000,0x0000,0x0000,0x0000,0x0000,0x0000,0x0000,0x0000,0x0000,0x0000,0x0000,0x0000,
  0x0000,0x0000,0x0000,0x0000,0x0000,0x0000,0x0000,0x0000,0x0000,0x0000,0x0000,0x0000,0x0000,0x0000,0x0000,0x0000,
  0x0000,0x0000,0x0000,0x0000,0x0000,0x0000,0x0000,0x0000,0x0000,0x0000,0x0000,0x0000,0x0000,0x0000,0x0000,0x0000,
  0x0000,0x0000,0x0000,0x0000,0x0000,0x0000,0x0000,0x0000,0x0000,0x0000,0x0000,0x0000,0x0000,0x0000,0x0000,0x0000,
  0x0000,0x0000,0x0000,0x0000,0x0000,0x0000,0x0000,0x0000,0x0000,0x0000,0x0000,0x0000,0x0000,0x0000,0x0000,0x0000,
 },
 {
  0x0000,0x0000,0x0000,0x0000,0x0000,0x0000,0x0000,0x0000,0x0000,0x0000,0x0000,0x0000,0x0000,0x0000,0x0000,0x0000,
  0x0000,0x0000,0x0000,0x0000,0x0000,0x0000,0x0000,0x0000,0x0000,0x0000,0x0000,0x0000,0x0000,0x0000,0x0000,0x0000,
  0x0000,0x0000,0x0000,0x0000,0x0000,0x0000,0x0000,0x0000,0x0000,0x0000,0x0000,0x0000,0x0000,0x0000,0x0000,0x0000,
  0x0000,0x0000,0x0000,0x0000,0x0000,0x0000,0x0000,0x0000,0x0000,0x0000,0x0000,0x0000,0x0000,0x0000,0x0000,0x0000,
  0x0000,0x0000,0x0000,0x0000,0x0000,0x0000,0x0000,0x0000,0x0000,0x0000,0x0000,0x0000,0x0000,0x8043,0x0000,0x0000,
  0x0000,0x8044,0x0000,0x0000,0x0000,0x0000,0x0000,0x0000,0x0000,0x0000,0x0000,0x0000,0x0000,0x0000,0x0000,0x0000,
  0x0000,0x0000,0x0000,0x0000,0x0000,0x0000,0x0000,0x0000,0x0000,0x0000,0x0000,0x0000,0x858F,0x8654,0x8065,0x8276,
  0x8043,0x835C,0x8022,0x0000,0x0000,0x0000,0x0000,0x0000,0x0000,0x0000,0x0000,0x0000,0x0000,0x0000,0x0000,0x0000,
  0x0000,0x0000,0x0000,0x0000,0x0000,0x0000,0x0000,0x0000,0x0000,0x0000,0x0000,0x8043,0x89D1,0x858F,0x810A,0x86FA,
  0x80E9,0x8276,0x80E9,0x8043,0x0000,0x0000,0x0000,0x0000,0x0000,0x0000,0x0000,0x0000,0x0000,0x0000,0x0000,0x0000,
  0x0000,0x0000,0x0000,0x0000,0x0000,0x0000,0x0000,0x0000,0x0000,0x0000,0x8086,0x956E,0x858F,0x80C8,0x8697,0x8ADA,
  0x8213,0x80C9,0x86B7,0x812C,0x8023,0x0000,0x0000,0x0000,0x0000,0x0000,0x0000,0x0000,0x0000,0x0000,0x0000,0x0000,
  0x0000,0x0000,0x0000,0x0000,0x0000,0x0000,0x0000,0x0000,0x0000,0x8043,0x8D2C,0xAA12,0x80E9,0x8022,0x82D9,0x935E,
  0x8234,0x8043,0x814D,0x9E13,0x850B,0x8043,0x0000,0x0000,0x0000,0x0000,0x0000,0x0000,0x0000,0x0000,0x0000,0x0000,
  0x0000,0x0000,0x0000,0x0000,0x0000,0x0000,0x0000,0x8044,0x914C,0x93FF,0x894D,0x850A,0x8023,0x8044,0x8676,0x8ADA,
  0x0000,0x810A,0x8066,0x80C8,0x91B0,0x816E,0x854D,0x8065,0x0000,0x0000,0x0000,0x0000,0x0000,0x0000,0x0000,0x0000,
  0x0000,0x0000,0x0000,0x0000,0x0000,0x0000,0x8044,0x916E,0x8B3D,0x916D,0x84C8,0x8086,0x80A7,0x0000,0x0000,0x8697,
  0x0000,0x0000,0x8065,0x80A7,0x916E,0x8AD9,0x8232,0x850A,0x8044,0x0000,0x0000,0x0000,0x0000,0x0000,0x0000,0x0000,
  0x0000,0x0000,0x0000,0x0000,0x0000,0x8065,0x958F,0xBB9E,0x916E,0x80C9,0x8087,0x8023,0x0000,0x0000,0x82D8,0x82D8,
  0x82B8,0x0000,0x0000,0x8044,0x80A8,0x914C,0x898E,0x85F2,0x810B,0x8086,0x0000,0x0000,0x0000,0x0000,0x0000,0x0000,
  0x0000,0x0000,0x0000,0x0000,0x0000,0x916E,0x971C,0xA6B7,0x914D,0x8086,0x8065,0x81D1,0x81F2,0x80C9,0x80A7,0x80C8,
  0x80C8,0x8065,0x0000,0x0000,0x8044,0x88EA,0x916D,0x871B,0x816F,0x80A8,0x0000,0x0000,0x0000,0x0000,0x0000,0x0000,
  0x0000,0x0000,0x0000,0x0000,0x8064,0x91B0,0x9AD9,0x916E,0x80A7,0x8044,0x816E,0x8086,0x818F,0x8277,0x831C,0x831D,
  0x8214,0x818F,0x80A7,0x8065,0x818E,0x80E9,0x80EA,0x892C,0x837E,0x812C,0x8023,0x0000,0x0000,0x0000,0x0000,0x0000,
  0x0000,0x0000,0x0000,0x0000,0x956D,0xAB5C,0x8298,0x84E9,0x8065,0x8044,0x816E,0x856D,0x831C,0xABBF,0xBFDF,0x837F,
  0x82DB,0x82BB,0x812C,0x810B,0x81B0,0x8065,0x8086,0x8D2C,0x835D,0x81B1,0x80A7,0x0000,0x0000,0x0000,0x0000,0x0000,
  0x0000,0x0000,0x0000,0x8023,0x914C,0x8B5C,0x8D2C,0x80A7,0x8044,0x8214,0x80A8,0x81F3,0x8B9F,0xF3FF,0xDBDF,0xABBF,
  0x839F,0x82FD,0x81AF,0x810B,0x8043,0x8214,0x8065,0x916D,0x810B,0x8298,0x80EA,0x8043,0x0000,0x0000,0x0000,0x0000,
  0x0000,0x0000,0x0000,0x8022,0x8235,0x9234,0x8D4D,0x8044,0x8278,0x8234,0x80A7,0x8190,0x97BF,0xB7BF,0xB7BF,0xA7BF,
  0x839F,0x831E,0x81B0,0x816E,0x8023,0x8235,0x8236,0x890A,0x850A,0x82B8,0x814C,0x8022,0x0000,0x0000,0x0000,0x0000,
  0x0000,0x0000,0x0000,0x8022,0x8235,0x89F2,0x8D2C,0x80A7,0x8023,0x8044,0x998E,0x812D,0x835F,0x837F,0x839F,0x839F,
  0x833D,0x82FD,0x818F,0x80EB,0x892C,0x8044,0x8065,0x956F,0x850B,0x81F2,0x812B,0x8024,0x0000,0x0000,0x0000,0x0000,
  0x0000,0x0000,0x0000,0x8023,0x892C,0x856D,0x80A7,0xA9D1,0x8D0B,0x8023,0x994C,0x80C9,0x8215,0x837F,0x833E,0x835E,
  0x82BB,0x8236,0x812B,0x80A7,0x80C9,0x84A7,0x912B,0x850B,0x80C9,0x852C,0x810A,0x8023,0x0000,0x0000,0x0000,0x0000,
  0x0000,0x0000,0x0000,0x8043,0x8065,0x8066,0x8065,0x84A7,0x8D2C,0x80C9,0x80A8,0x9DB0,0x80A7,0x818F,0x8213,0x8214,
  0x812C,0x812C,0x810B,0x912C,0x8022,0x8D0B,0x890B,0x8043,0x8043,0x8065,0x8086,0x8023,0x0000,0x0000,0x0000,0x0000,
  0x0000,0x0000,0x0000,0x8044,0x80E9,0x8234,0x854D,0x8044,0x80A7,0x8066,0x8043,0x88EA,0x95B0,0x814D,0x810B,0x812C,
  0x812C,0x80C8,0x894C,0x80C9,0x8023,0x8086,0x8066,0x80C9,0x896E,0x81B1,0x8065,0x8065,0x0000,0x0000,0x0000,0x0000,
  0x0000,0x0000,0x0000,0x0000,0x84EA,0x9676,0x8236,0x80A8,0x8023,0x816D,0x8066,0x850A,0x8044,0x80EA,0x810B,0x810A,
  0x810B,0x80C8,0x8023,0x80A7,0x8024,0x814C,0x8043,0x8D6D,0x8F1D,0x810B,0x80A8,0x0000,0x0000,0x0000,0x0000,0x0000,
  0x0000,0x0000,0x0000,0x0000,0x8085,0x854D,0x879E,0x80C9,0x8044,0x0000,0x8065,0x84EA,0x82B9,0x8086,0x8086,0x8087,
  0x8065,0x8043,0x810B,0x8087,0x8001,0x8086,0x80A8,0x8D6D,0x97BF,0x810B,0x8023,0x0000,0x0000,0x0000,0x0000,0x0000,
  0x0000,0x0000,0x0000,0x0000,0x8044,0x84EA,0x8215,0x810B,0x8087,0x0000,0x8066,0x80A8,0x854D,0x8236,0x935D,0xA37E,
  0x975E,0x80EA,0x80C9,0x80C8,0x0000,0x8065,0x84E9,0x89F3,0x816F,0x80A8,0x8044,0x0000,0x0000,0x0000,0x0000,0x0000,
  0x0000,0x0000,0x0000,0x0000,0x0000,0x80A7,0x850B,0x814D,0x80C9,0x8022,0x0000,0x8044,0x896E,0x80E9,0x9B7E,0xCFBF,
  0x82FC,0x80E9,0x80A8,0x8044,0x0000,0x8023,0x850B,0x82FB,0x80EA,0x8044,0x0000,0x0000,0x0000,0x0000,0x0000,0x0000,
  0x0000,0x0000,0x0000,0x0000,0x0000,0x0000,0x8065,0x81D1,0x810B,0x8086,0x0000,0x0000,0x8044,0x850A,0x814D,0xB79F,
  0x8170,0x80C8,0x8044,0x0000,0x0000,0x84EA,0x81D1,0x80EA,0x8044,0x0000,0x0000,0x0000,0x0000,0x0000,0x0000,0x0000,
  0x0000,0x0000,0x0000,0x0000,0x0000,0x0000,0x8044,0x80E9,0x82FB,0x80C8,0x8065,0x0000,0x8065,0x80A8,0x8087,0x82DB,
  0x80A8,0x8086,0x80A8,0x0000,0x8044,0x810B,0x82B9,0x80C8,0x8087,0x0000,0x0000,0x0000,0x0000,0x0000,0x0000,0x0000,
  0x0000,0x0000,0x0000,0x0000,0x0000,0x0000,0x0000,0x8086,0x810A,0x858E,0x8086,0x0000,0x0000,0x80A8,0x80A7,0x8277,
  0x80C9,0x0000,0x0000,0x8066,0x80C9,0x80E9,0x80C9,0x0000,0x0000,0x0000,0x0000,0x0000,0x0000,0x0000,0x0000,0x0000,
  0x0000,0x0000,0x0000,0x0000,0x0000,0x0000,0x0000,0x0000,0x8023,0x80C8,0x80C8,0x8044,0x0000,0x0000,0x80A8,0x814D,
  0x8086,0x0000,0x0000,0x8044,0x896D,0x80A7,0x8023,0x0000,0x0000,0x0000,0x0000,0x0000,0x0000,0x0000,0x0000,0x0000,
  0x0000,0x0000,0x0000,0x0000,0x0000,0x0000,0x0000,0x0000,0x0000,0x0000,0x80A8,0x80C8,0x8023,0x0000,0x8043,0x812B,
  0x8022,0x0000,0x8065,0x850A,0x8087,0x0000,0x0000,0x0000,0x0000,0x0000,0x0000,0x0000,0x0000,0x0000,0x0000,0x0000,
  0x0000,0x0000,0x0000,0x0000,0x0000,0x0000,0x0000,0x0000,0x0000,0x0000,0x8043,0x80C8,0x8023,0x0000,0x0000,0x8043,
  0x0000,0x0000,0x8044,0x814C,0x8022,0x0000,0x0000,0x0000,0x0000,0x0000,0x0000,0x0000,0x0000,0x0000,0x0000,0x0000,
  0x0000,0x0000,0x0000,0x0000,0x0000,0x0000,0x0000,0x0000,0x0000,0x0000,0x0000,0x8044,0x8044,0x0000,0x0000,0x0000,
  0x0000,0x0000,0x8044,0x8044,0x0000,0x0000,0x0000,0x0000,0x0000,0x0000,0x0000,0x0000,0x0000,0x0000,0x0000,0x0000,
  0x0000,0x0000,0x0000,0x0000,0x0000,0x0000,0x0000,0x0000,0x0000,0x0000,0x0000,0x0000,0x0000,0x0000,0x0000,0x0000,
  0x0000,0x0000,0x0000,0x0000,0x0000,0x0000,0x0000,0x0000,0x0000,0x0000,0x0000,0x0000,0x0000,0x0000,0x0000,0x0000,
  0x0000,0x0000,0x0000,0x0000,0x0000,0x0000,0x0000,0x0000,0x0000,0x0000,0x0000,0x0000,0x0000,0x0000,0x0000,0x0000,
  0x0000,0x0000,0x0000,0x0000,0x0000,0x0000,0x0000,0x0000,0x0000,0x0000,0x0000,0x0000,0x0000,0x0000,0x0000,0x0000,
 },
 {
  0x0000,0x0000,0x0000,0x0000,0x0000,0x0000,0x0000,0x0000,0x0000,0x0000,0x0000,0x0000,0x0000,0x0000,0x0000,0x0000,
  0x0000,0x0000,0x0000,0x0000,0x0000,0x0000,0x0000,0x0000,0x0000,0x0000,0x0000,0x0000,0x0000,0x0000,0x0000,0x0000,
  0x0000,0x0000,0x0000,0x0000,0x0000,0x0000,0x0000,0x0000,0x0000,0x0000,0x0000,0x0000,0x0000,0x0000,0x0000,0x0000,
  0x0000,0x0000,0x0000,0x0000,0x0000,0x0000,0x0000,0x0000,0x0000,0x0000,0x0000,0x0000,0x0000,0x0000,0x0000,0x0000,
  0x0000,0x0000,0x0000,0x0000,0x0000,0x0000,0x0000,0x0000,0x0000,0x0000,0x0000,0x0000,0x9B5E,0x8F7F,0x8F5F,0x8F5F,
  0x8F5F,0x8B5F,0x8B3F,0x0000,0x0000,0x0000,0x0000,0x0000,0x0000,0x0000,0x0000,0x0000,0x0000,0x0000,0x0000,0x0000,
  0x0000,0x0000,0x0000,0x0000,0x0000,0x0000,0x0000,0x0000,0x0000,0x0000,0x835F,0xAB9F,0x873F,0xB3BF,0x833F,0x875F,
  0x875F,0x8B9F,0xB3BF,0x873F,0x9B9F,0x833F,0x0000,0x0000,0x0000,0x0000,0x0000,0x0000,0x0000,0x0000,0x0000,0x0000,
  0x0000,0x0000,0x0000,0x0000,0x0000,0x0000,0x0000,0x0000,0x0000,0x9B7F,0x873F,0x8B3F,0x8B3F,0xA79F,0x9B7F,0x975F,
  0x975F,0x977F,0x9B5F,0x873F,0x873F,0x873F,0x9B7F,0x0000,0x0000,0x0000,0x0000,0x0000,0x0000,0x0000,0x0000,0x0000,
  0x0000,0x0000,0x0000,0x0000,0x0000,0x0000,0x0000,0x0000,0xAF9F,0x873F,0x8B5F,0x8B3F,0x8B5F,0xB3BF,0x873F,0x875F,
  0x8B5F,0x8B5F,0xBBBF,0x8B3F,0x8B3F,0x873F,0x873F,0xAB9F,0x0000,0x0000,0x0000,0x0000,0x0000,0x0000,0x0000,0x0000,
  0x0000,0x0000,0x0000,0x0000,0x0000,0x0000,0x0000,0xA39F,0xBFDF,0x8F5F,0x8B3F,0x8B3F,0xBFDF,0x8B3F,0x8B5F,0x8B5F,
  0x8B5F,0x8B5F,0x8B5F,0xBBBF,0x8B3F,0x8B5F,0x8B5F,0xAFBF,0x9F9F,0x0000,0x0000,0x0000,0x0000,0x0000,0x0000,0x0000,
  0x0000,0x0000,0x0000,0x0000,0x0000,0x0000,0x833F,0xA39F,0xB3BF,0xB7BF,0x875F,0xCFDF,0x9B7F,0xB3BF,0x875F,0x8B5F,
  0x8B5F,0x875F,0xBFDF,0xA39F,0xC3DF,0x8B5F,0xBBDF,0xBBBF,0xA37F,0x8F3E,0x0000,0x0000,0x0000,0x0000,0x0000,0x0000,
  0x0000,0x0000,0x0000,0x0000,0x0000,0x0000,0xA39F,0x8B3F,0x8B3F,0x937F,0x8F5F,0x8B3F,0x8B5F,0x8B5F,0x937F,0xBBBF,
  0xBFBF,0x8F5F,0x8B3F,0x8B5F,0x8B5F,0x937F,0x833F,0x8B3F,0x8F3F,0x8B5F,0x0000,0x0000,0x0000,0x0000,0x0000,0x0000,
  0x0000,0x0000,0x0000,0x0000,0x0000,0x0000,0xABBF,0x8B3F,0x8B3F,0x8F5F,0x8B3F,0x8B3F,0x8B5F,0x8B5F,0x8B5F,0x8B5F,
  0x8B5F,0x8B5F,0x8B5F,0x8B5F,0x8B5F,0x8B5F,0x8B5F,0x8B5F,0x8F5F,0x937F,0x0000,0x0000,0x0000,0x0000,0x0000,0x0000,
  0x0000,0x0000,0x0000,0x0000,0x0000,0x8086,0x9BBF,0x8F3F,0x8B3F,0x8F5F,0x8F3F,0x8B3F,0x8B5F,0x8B5F,0x8B5F,0x8B5F,
  0x8B5F,0x8B5F,0x8B5F,0x8B5F,0x8B5F,0x8B5F,0x8B5F,0x8F5F,0x8F5F,0x979F,0x8065,0x0000,0x0000,0x0000,0x0000,0x0000,
  0x0000,0x0000,0x0000,0x0000,0x8045,0xB1F2,0x81B4,0x8F5F,0x8F3F,0x975F,0x935F,0x8F5F,0x8B5F,0x8B5F,0x8F5F,0x8F5F,
  0x935F,0x8B5F,0x8B3F,0x8B5F,0x8B5F,0x935F,0x975F,0x8F5F,0x937F,0x8617,0x8218,0x8002,0x0000,0x0000,0x0000,0x0000,
  0x0000,0x0000,0x0000,0x0000,0xB1F2,0xBA33,0x8150,0x8F5F,0xA39F,0xAB9F,0xC7BF,0xA79F,0x937F,0x935F,0xC3DF,0xB39F,
  0xAF9F,0xC7DF,0x935F,0x8F5F,0x8B5F,0xBBBF,0xB3BF,0xAF9F,0xA39F,0x8D72,0xA18E,0x88A8,0x0000,0x0000,0x0000,0x0000,
  0x0000,0x0000,0x0000,0x8044,0x8D0C,0x8192,0x80EB,0x8B7F,0x9B5F,0x9B5F,0x975F,0xAF9F,0xC7DF,0xB39F,0x937F,0x9B9F,
  0x977F,0x937F,0xAB9F,0xC7DF,0xBBBF,0x9B5F,0x9B5F,0xA77F,0x979F,0x81B4,0x8194,0x912C,0x8022,0x0000,0x0000,0x0000,
  0x0000,0x0000,0x0000,0x8002,0x8130,0xD7FF,0x9236,0x99B2,0x935F,0x9B5F,0x9B7F,0x81B7,0x877F,0x8196,0x8195,0x8195,
  0x8195,0x8195,0x8195,0x8F7F,0x8195,0x977F,0x9B5F,0x9B7F,0xA213,0x8E58,0x9BBF,0x80CB,0x8002,0x0000,0x0000,0x0000,
  0x0000,0x0000,0x0000,0x8022,0x82FE,0x8616,0xA16E,0x90EA,0xB7BF,0x873F,0x81D7,0x81D7,0x837F,0x8196,0x81D8,0x81D8,
  0x81D8,0x8196,0x81B6,0x879F,0x81B6,0x8195,0x8B3F,0xBBDF,0x950B,0xB1F1,0x81F6,0x810E,0x8002,0x0000,0x0000,0x0000,
  0x0000,0x0000,0x0000,0x8002,0x831F,0x9D4D,0x8022,0x910B,0x82DD,0x8172,0x831E,0x82FE,0xBBDF,0x823C,0x823B,0x835F,
  0x835F,0x821B,0x8219,0xA7BF,0x82DF,0x82FE,0x812D,0x82DE,0x8045,0x950B,0x84CA,0x80EE,0x8002,0x0000,0x0000,0x0000,
  0x0000,0x0000,0x0000,0x8002,0x833F,0x992D,0x8466,0xC655,0x8487,0xC676,0xBA54,0x95B0,0x850B,0x833E,0x875F,0x9F9F,
  0x9B9F,0x835F,0x8BBF,0x854E,0x810A,0xA9F2,0xB1F2,0x8045,0xA16D,0x8465,0x84A8,0x80CD,0x8002,0x0000,0x0000,0x0000,
  0x0000,0x0000,0x0000,0x8022,0x833F,0x992C,0x8023,0x90C9,0xCE96,0xF39D,0xCA96,0xCA96,0x910C,0x810D,0x81D4,0xBBBF,
  0xAFBF,0x81D5,0x80EB,0xA56D,0xC254,0xB5F2,0xCA96,0xA98F,0x8487,0x8023,0x88C9,0x80CD,0x8001,0x0000,0x0000,0x0000,
  0x0000,0x0000,0x0000,0x8002,0x833F,0x992C,0x8023,0x90C8,0xA98E,0xBA12,0xCA75,0xFBDE,0x8023,0xADD0,0x89F3,0xC3DF,
  0xC7DF,0x9590,0xA9B0,0x8CA7,0xEF7C,0x94C9,0x94E9,0x90C8,0x8466,0x8023,0x88C9,0x80CD,0x8002,0x0000,0x0000,0x0000,
  0x0000,0x0000,0x0000,0x8002,0x835F,0x9D2C,0x8044,0x90C8,0xAD8F,0xADB0,0xB9F1,0xCA75,0x8022,0x990B,0x8D4D,0x831F,
  0x833F,0x990C,0x94EA,0x8444,0xBE33,0x90C9,0x90A8,0x90C9,0x8486,0x8023,0x88C9,0x80CD,0x8002,0x0000,0x0000,0x0000,
  0x0000,0x0000,0x0000,0x8002,0x950A,0x9D2C,0x8044,0x90C9,0xAD8F,0xADAF,0xB5F1,0xC254,0x8023,0x90C9,0x914E,0x82BF,
  0x829F,0x94EB,0x8CA7,0x8444,0xBA13,0x90C8,0x90C8,0x94C9,0x8466,0x8023,0x8CA8,0x8487,0x8001,0x0000,0x0000,0x0000,
  0x0000,0x0000,0x0000,0x0000,0x94EA,0x9D2C,0x8002,0x8886,0xA98E,0xB1B0,0xB5D1,0xC655,0x8023,0x90C9,0x952D,0x82BF,
  0x82BF,0x950C,0x8CA8,0x8444,0xBA13,0x94C9,0x90A8,0x90C9,0x8044,0x8022,0x8CC8,0x8487,0x0000,0x0000,0x0000,0x0000,
  0x0000,0x0000,0x0000,0x0000,0x8044,0xA14C,0x8022,0x9D0A,0xADAF,0xB1B0,0xB5D1,0xC254,0x8023,0x8CC9,0x992D,0x833F,
  0x833F,0x94EA,0x8CA8,0x8445,0xB9F2,0x94C9,0x90C8,0x90C8,0x88A7,0x8023,0x8CA8,0x8002,0x0000,0x0000,0x0000,0x0000,
  0x0000,0x0000,0x0000,0x0000,0x8465,0x8887,0x8022,0x94C9,0xB1B0,0xADB0,0xB5D1,0xC654,0x8023,0x90C8,0x990B,0xA18F,
  0xA16D,0x94EA,0x8CA8,0x8444,0xB9F2,0x94C9,0x90C9,0x94E9,0x8065,0x8002,0x8044,0x0000,0x0000,0x0000,0x0000,0x0000,
  0x0000,0x0000,0x0000,0x0000,0x0000,0x0000,0x8024,0x8CA8,0xB1B0,0xA14D,0xB1B0,0xCA75,0x8023,0x8065,0x8065,0x8466,
  0x8466,0x8065,0x8045,0x8444,0xB9F2,0x8CA8,0x90C9,0x94C9,0x8065,0x8002,0x0000,0x0000,0x0000,0x0000,0x0000,0x0000,
  0x0000,0x0000,0x0000,0x0000,0x0000,0x0000,0x0000,0x8002,0x90C8,0xAD8F,0xB5F2,0xCE96,0x8023,0x9D2C,0x850D,0x850E,
  0x852F,0x88A7,0x90C8,0x8445,0xBA12,0x90C9,0x90A8,0x8465,0x8002,0x0000,0x0000,0x0000,0x0000,0x0000,0x0000,0x0000,
  0x0000,0x0000,0x0000,0x0000,0x0000,0x0000,0x0000,0x0000,0x0000,0x8023,0x8CA8,0x8C87,0x8002,0x90EA,0x825C,0x8B5F,
  0x835F,0x990C,0x8887,0x8024,0x8CA8,0x8444,0x8444,0x8023,0x0000,0x0000,0x0000,0x0000,0x0000,0x0000,0x0000,0x0000,
  0x0000,0x0000,0x0000,0x0000,0x0000,0x0000,0x0000,0x0000,0x0000,0x0000,0x8022,0x8002,0x8466,0x90C9,0xA16F,0x996E,
  0x994E,0x94EB,0x8887,0x8465,0x8002,0x8002,0x0000,0x0000,0x0000,0x0000,0x0000,0x0000,0x0000,0x0000,0x0000,0x0000,
  0x0000,0x0000,0x0000,0x0000,0x0000,0x0000,0x0000,0x0000,0x0000,0x0000,0x0000,0x0000,0x0000,0x8022,0x8022,0x8023,
  0x8023,0x8002,0x8022,0x0000,0x0000,0x0000,0x0000,0x0000,0x0000,0x0000,0x0000,0x0000,0x0000,0x0000,0x0000,0x0000,
  0x0000,0x0000,0x0000,0x0000,0x0000,0x0000,0x0000,0x0000,0x0000,0x0000,0x0000,0x0000,0x0000,0x0000,0x0000,0x0000,
  0x0000,0x0000,0x0000,0x0000,0x0000,0x0000,0x0000,0x0000,0x0000,0x0000,0x0000,0x0000,0x0000,0x0000,0x0000,0x0000,
  0x0000,0x0000,0x0000,0x0000,0x0000,0x0000,0x0000,0x0000,0x0000,0x0000,0x0000,0x0000,0x0000,0x0000,0x0000,0x0000,
  0x0000,0x0000,0x0000,0x0000,0x0000,0x0000,0x0000,0x0000,0x0000,0x0000,0x0000,0x0000,0x0000,0x0000,0x0000,0x0000,
 },
 {
  0x0000,0x0000,0x0000,0x0000,0x0000,0x0000,0x0000,0x0000,0x0000,0x0000,0x0000,0x0000,0x0000,0x0000,0x0000,0x0000,
  0x0000,0x0000,0x0000,0x0000,0x0000,0x0000,0x0000,0x0000,0x0000,0x0000,0x0000,0x0000,0x0000,0x0000,0x0000,0x0000,
  0x0000,0x0000,0x0000,0x0000,0x0000,0x0000,0x0000,0x0000,0x0000,0x0000,0x0000,0x0000,0x0000,0x0000,0x0000,0x0000,
  0x0000,0x0000,0x0000,0x0000,0x0000,0x0000,0x0000,0x0000,0x0000,0x0000,0x0000,0x0000,0x0000,0x0000,0x0000,0x0000,
  0x0000,0x0000,0x0000,0x0000,0x0000,0x0000,0x0000,0x0000,0x0000,0x0000,0x0000,0x0000,0x0000,0x0000,0x0000,0x0000,
  0x0000,0x0000,0x0000,0x0000,0x0000,0x0000,0x0000,0x8842,0x8002,0x0000,0x0000,0x0000,0x0000,0x0000,0x0000,0x0000,
  0x0000,0x0000,0x0000,0x0000,0x0000,0x0000,0x0000,0x0000,0x0000,0x0000,0x0000,0x0000,0x0000,0x0000,0x0000,0x0000,
  0x0000,0x0000,0x0000,0x0000,0x0000,0x0000,0x0000,0xA4A1,0xBCC0,0x0000,0x0000,0x0000,0x0000,0x0000,0x0000,0x0000,
  0x0000,0x0000,0x0000,0x0000,0x0000,0x0000,0x0000,0x0000,0x0000,0x0000,0x0000,0x0000,0x0000,0x8022,0x8001,0x9084,
  0x0000,0x0000,0x0000,0x0000,0x0000,0x0000,0x0000,0xA4A2,0x8886,0x0000,0x0000,0x0000,0x0000,0x0000,0x0000,0x0000,
  0x0000,0x0000,0x0000,0x0000,0x0000,0x0000,0x0000,0x0000,0x0000,0x8422,0x8423,0x9083,0x90C7,0x90C7,0x90C8,0xA14D,
  0xA56D,0x8023,0x8002,0x8001,0x0000,0x0000,0x0000,0x9085,0x8886,0x0000,0x0000,0x0000,0x0000,0x0000,0x0000,0x0000,
  0x0000,0x0000,0x0000,0x0000,0x0000,0x0000,0x0000,0x8843,0xACC2,0xB926,0xE9A0,0xEDA0,0xE980,0xD540,0xB502,0xB503,
  0xA4E6,0x94E9,0x990A,0x90C8,0x90A7,0x90A7,0x8842,0x9483,0x8886,0x0000,0x0000,0x0000,0x0000,0x0000,0x0000,0x0000,
  0x0000,0x0000,0x0000,0x0000,0x0000,0x0000,0xA081,0xFE83,0xFA62,0xE9A0,0xE160,0xB4A0,0xB4C0,0xF202,0xF201,0xF5E0,
  0xE9C0,0xE580,0xB104,0x8488,0x8886,0x8CA7,0x8887,0x9085,0x8886,0x0000,0x0000,0x0000,0x0000,0x0000,0x0000,0x0000,
  0x0000,0x0000,0x0000,0x0000,0x0000,0x8844,0xE160,0xA481,0xE160,0xDD60,0xF621,0xFF27,0xFA65,0xFE21,0xE9C1,0xC0C1,
  0xB4A0,0xD121,0xF1E1,0xEDC0,0xE580,0xE1A2,0xC521,0xB5D0,0xA12B,0x8865,0x0000,0x0000,0x0000,0x0000,0x0000,0x0000,
  0x0000,0x0000,0x0000,0x0000,0x8001,0x8443,0xC500,0x8001,0x8023,0x8023,0x8022,0x9083,0xE980,0xE980,0xFEC3,0xFF4D,
  0xEDA0,0xE9A0,0xAC80,0xACC3,0xFA24,0xEDC0,0xE580,0x8001,0x990A,0x8465,0x8001,0x8842,0x0000,0x0000,0x0000,0x0000,
  0x0000,0x0000,0x0000,0x0000,0x8002,0x8021,0xCD00,0x8001,0xE582,0xB923,0x8065,0x8065,0x8064,0x8022,0x8002,0x8001,
  0xB8E3,0xE980,0xF1C0,0xFA43,0xD520,0xE180,0xBCA0,0xA8A1,0x8466,0x8001,0x90A8,0xAD8E,0x8002,0x0000,0x0000,0x0000,
  0x0000,0x0000,0x0000,0x0000,0x8002,0x8002,0xC900,0x8001,0xA4C3,0xFA61,0x8064,0x8064,0x8064,0x8064,0x8065,0x8064,
  0x8022,0x8001,0x8022,0xFA00,0xF623,0x8863,0xAC80,0x8001,0x8002,0x9D0B,0xA14C,0x8465,0x8001,0x0000,0x0000,0x0000,
  0x0000,0x0000,0x0000,0x0000,0x8002,0x8001,0xC900,0x8002,0x8064,0x8044,0x8044,0x8486,0xE960,0xED80,0x8043,0x8064,
  0x8064,0x8043,0x8064,0xC0E1,0xD962,0x8C62,0x8444,0xCD00,0xE960,0x90C8,0x8886,0x8486,0x8001,0x0000,0x0000,0x0000,
  0x0000,0x0000,0x0000,0x0000,0x8001,0x8001,0xC900,0x8002,0x8065,0x8064,0x8043,0x8065,0x8064,0x8065,0x8065,0xE182,
  0x8085,0x9CC5,0x8064,0xCD21,0xDD61,0x8022,0xF620,0xCCE0,0xA081,0x8465,0x8465,0x8043,0x8002,0x0000,0x0000,0x0000,
  0x0000,0x0000,0x0000,0x0000,0x8002,0x8001,0xC900,0x8001,0x8464,0x8C84,0x8064,0x8044,0xB0E4,0x8863,0x8064,0x8043,
  0xD141,0x8064,0x8065,0xD541,0xDD61,0x8023,0xDD20,0xA061,0x8023,0xC1AA,0xB8E2,0x8022,0x8002,0x0000,0x0000,0x0000,
  0x0000,0x0000,0x0000,0x0000,0x8001,0x8001,0xC900,0x8001,0xED80,0x8044,0x8065,0xC0C0,0x8043,0x8063,0x8884,0x8043,
  0x8442,0xBD02,0x8064,0xCD20,0xE581,0x8023,0xDD61,0x8464,0x8001,0xC522,0x9085,0x8022,0x8002,0x0000,0x0000,0x0000,
  0x0000,0x0000,0x0000,0x0000,0x8001,0x8001,0xC900,0x8001,0xED80,0x8064,0x90A4,0x8064,0x8043,0xACC2,0xFA42,0x8065,
  0x8065,0xBCE1,0x8064,0xCD20,0xE181,0x8022,0xCD64,0x8884,0x8002,0x8043,0x8C64,0x88A7,0x8002,0x0000,0x0000,0x0000,
  0x0000,0x0000,0x0000,0x0000,0x8002,0x8022,0xD100,0x8001,0xED60,0x8065,0xA8A3,0x8043,0xE940,0xFE40,0x8043,0x8884,
  0x8064,0xC921,0x8064,0xCD00,0xE5A1,0x8022,0xAD48,0x8485,0x8002,0x8C86,0xB104,0x8022,0x8002,0x0000,0x0000,0x0000,
  0x0000,0x0000,0x0000,0x8001,0xCE96,0x8001,0xC901,0x8001,0xF180,0x8064,0x8065,0x8065,0x8043,0x8444,0x8064,0x8086,
  0x8065,0xC921,0x8064,0xD140,0xE182,0x8002,0x94E7,0x8886,0x8023,0x8865,0x8465,0x8886,0x8002,0x0000,0x0000,0x0000,
  0x0000,0x0000,0x0000,0x8001,0xAD4B,0x8002,0xCD20,0x8001,0x8044,0x8025,0x8065,0xC0E1,0x8064,0x8064,0x8064,0x8043,
  0x8064,0xD100,0x8065,0xD140,0xE5A2,0x8022,0xB0E4,0x8465,0x8486,0x8CA7,0x8465,0x8023,0x8001,0x0000,0x0000,0x0000,
  0x0000,0x0000,0x0000,0x8001,0x8CA7,0x8021,0xD120,0x8001,0x8064,0x8065,0x8065,0x8064,0x8044,0x8CA5,0x8064,0x8864,
  0x8044,0xAD02,0x8065,0xCD20,0xDD62,0x8022,0x90C8,0x8065,0x8464,0x8023,0x8886,0x90A7,0x8001,0x0000,0x0000,0x0000,
  0x0000,0x0000,0x0000,0x0000,0x8001,0x8000,0xD121,0x8002,0x8065,0x8065,0xF5A0,0x8043,0x8064,0x8064,0x8043,0x8043,
  0xF180,0x8064,0x8064,0xCD20,0xD961,0x8023,0xC8E1,0x8065,0x8485,0x8886,0x90C8,0x8022,0x8001,0x0000,0x0000,0x0000,
  0x0000,0x0000,0x0000,0x0000,0x0000,0x8001,0xFA62,0xC4E0,0x8023,0x8001,0x8044,0x8864,0xED60,0xE560,0xB4E2,0xA0A3,
  0x8064,0x94A3,0x8064,0xC500,0xDD82,0x8023,0xE160,0x8065,0x8465,0x8CA7,0x8022,0x8465,0x8001,0x0000,0x0000,0x0000,
  0x0000,0x0000,0x0000,0x0000,0x0000,0x8C85,0xCD62,0xEDC1,0xFA40,0xF201,0x9482,0x8821,0x8022,0x8043,0x8064,0x8065,
  0x8044,0xA4A3,0x8085,0xC4E0,0xD562,0x8022,0xC544,0x8465,0x8465,0x8044,0x8465,0x8464,0x0000,0x0000,0x0000,0x0000,
  0x0000,0x0000,0x0000,0x0000,0x0000,0xA10A,0xA14C,0x8443,0x8421,0xD520,0xE580,0xF5E0,0xFAA5,0xF621,0xBCE1,0x8001,
  0x8001,0x8065,0x8065,0xCD20,0xD541,0x8000,0xEDA0,0x94A4,0xA481,0x8465,0x8002,0x0000,0x0000,0x0000,0x0000,0x0000,
  0x0000,0x0000,0x0000,0x0000,0x0000,0x90A7,0x98EA,0xA12B,0x9D2B,0x8021,0xEDE0,0xA880,0xE160,0xD540,0xE160,0xFA42,
  0xFE62,0xC923,0x8841,0xEDC0,0xD940,0x8422,0xE9A0,0xA040,0x8C41,0x8044,0x8022,0x0000,0x0000,0x0000,0x0000,0x0000,
  0x0000,0x0000,0x0000,0x0000,0x0000,0x0000,0x8843,0x8001,0x94C8,0x8422,0xFA40,0x8C40,0xAD8D,0x94A5,0x8C42,0x8C41,
  0x8442,0xE560,0xE980,0xEDA2,0x9C40,0xB4A0,0xA860,0x8001,0x8444,0x8022,0x0000,0x0000,0x0000,0x0000,0x0000,0x0000,
  0x0000,0x0000,0x0000,0x0000,0x0000,0x0000,0x0000,0x0000,0x0000,0x0000,0x8002,0x8001,0x8000,0x8444,0x94E8,0x90A6,
  0x9D0A,0xC1CD,0x8843,0x8023,0x8465,0x8465,0x8044,0x8001,0x0000,0x0000,0x0000,0x0000,0x0000,0x0000,0x0000,0x0000,
  0x0000,0x0000,0x0000,0x0000,0x0000,0x0000,0x0000,0x0000,0x0000,0x0000,0x0000,0x0000,0x0000,0x0000,0x8002,0x8022,
  0x90C7,0x98E9,0xA12C,0x90C8,0x8044,0x8022,0x8022,0x0000,0x0000,0x0000,0x0000,0x0000,0x0000,0x0000,0x0000,0x0000,
  0x0000,0x0000,0x0000,0x0000,0x0000,0x0000,0x0000,0x0000,0x0000,0x0000,0x0000,0x0000,0x0000,0x0000,0x0000,0x0000,
  0x0000,0x8443,0x8002,0x8002,0x8001,0x0000,0x0000,0x0000,0x0000,0x0000,0x0000,0x0000,0x0000,0x0000,0x0000,0x0000,
  0x0000,0x0000,0x0000,0x0000,0x0000,0x0000,0x0000,0x0000,0x0000,0x0000,0x0000,0x0000,0x0000,0x0000,0x0000,0x0000,
  0x0000,0x0000,0x0000,0x0000,0x0000,0x0000,0x0000,0x0000,0x0000,0x0000,0x0000,0x0000,0x0000,0x0000,0x0000,0x0000,
  0x0000,0x0000,0x0000,0x0000,0x0000,0x0000,0x0000,0x0000,0x0000,0x0000,0x0000,0x0000,0x0000,0x0000,0x0000,0x0000,
  0x0000,0x0000,0x0000,0x0000,0x0000,0x0000,0x0000,0x0000,0x0000,0x0000,0x0000,0x0000,0x0000,0x0000,0x0000,0x0000,
 },
 {
  0x0000,0x0000,0x0000,0x0000,0x0000,0x0000,0x0000,0x0000,0x0000,0x0000,0x0000,0x0000,0x0000,0x0000,0x0000,0x0000,
  0x0000,0x0000,0x0000,0x0000,0x0000,0x0000,0x0000,0x0000,0x0000,0x0000,0x0000,0x0000,0x0000,0x0000,0x0000,0x0000,
  0x0000,0x0000,0x0000,0x0000,0x0000,0x0000,0x0000,0x0000,0x0000,0x0000,0x0000,0x0000,0x0000,0x0000,0x0000,0x0000,
  0x0000,0x0000,0x0000,0x0000,0x0000,0x0000,0x0000,0x0000,0x0000,0x0000,0x0000,0x0000,0x0000,0x0000,0x0000,0x0000,
  0x0000,0x0000,0x0000,0x0000,0x0000,0x0000,0x0000,0x0000,0x0000,0x0000,0x0000,0x8864,0x94C8,0x9CA7,0xCC84,0xE5CC,
  0xD485,0x9864,0x90C8,0x8001,0x0000,0x0000,0x0000,0x0000,0x0000,0x0000,0x0000,0x0000,0x0000,0x0000,0x0000,0x0000,
  0x0000,0x0000,0x0000,0x0000,0x0000,0x0000,0x0000,0x0000,0x0000,0x0000,0x8001,0xA14C,0x8865,0x9844,0xFA4C,0xF923,
  0xF041,0xB022,0x8444,0xA12C,0x8001,0x0000,0x0000,0x0000,0x0000,0x0000,0x0000,0x0000,0x0000,0x0000,0x0000,0x0000,
  0x0000,0x0000,0x0000,0x0000,0x0000,0x0000,0x0000,0x0000,0x0000,0x8022,0x8444,0x8C66,0xDAD8,0xEB5B,0xB5D0,0xA56D,
  0xA96E,0xA96E,0x9D0B,0x8865,0x8002,0x8001,0x0000,0x0000,0x0000,0x0000,0x0000,0x0000,0x0000,0x0000,0x0000,0x0000,
  0x0000,0x0000,0x0000,0x0000,0x0000,0x0000,0x0000,0x0000,0x8023,0x90C8,0x8444,0xEC00,0xACA7,0xCE95,0xA12B,0xA12C,
  0x94C8,0x8465,0x8823,0xF400,0x8023,0x8CA8,0x8022,0x0000,0x0000,0x0000,0x0000,0x0000,0x0000,0x0000,0x0000,0x0000,
  0x0000,0x0000,0x0000,0x0000,0x0000,0x0000,0x0000,0x8000,0x990A,0x990B,0x8023,0xA085,0xA12C,0xC234,0x9CE9,0x990A,
  0x90A7,0x8444,0x9465,0x8865,0x8444,0x90C9,0x90A8,0x8002,0x0000,0x0000,0x0000,0x0000,0x0000,0x0000,0x0000,0x0000,
  0x0000,0x0000,0x0000,0x0000,0x0000,0x0000,0x0000,0x8001,0xD2B6,0xC232,0x90A7,0x990B,0x90C8,0x8002,0x8002,0x8022,
  0x8023,0x8001,0x8CA7,0x90C8,0xA14C,0x9D2B,0x8C86,0x8001,0x0000,0x0000,0x0000,0x0000,0x0000,0x0000,0x0000,0x0000,
  0x0000,0x0000,0x0000,0x0000,0x0000,0x0000,0x0000,0x8001,0x94E9,0x90A7,0xCA75,0xCA75,0xDEF9,0xCE97,0xB5D1,0xA56D,
  0xA12C,0xA98E,0xA56E,0xB5D1,0x8C86,0x94C9,0x8465,0x8001,0x0000,0x0000,0x0000,0x0000,0x0000,0x0000,0x0000,0x0000,
  0x0000,0x0000,0x0000,0x0000,0x0000,0x0000,0x0000,0x8001,0x94C8,0x8886,0x90A8,0xA56D,0xC212,0xBE12,0xAD8E,0x9D0A,
  0x8C86,0x90C8,0x8C86,0x8465,0x8043,0x94EA,0x8465,0x8001,0x0000,0x0000,0x0000,0x0000,0x0000,0x0000,0x0000,0x0000,
  0x0000,0x0000,0x0000,0x0000,0x0000,0x0000,0x0000,0x0000,0x94E9,0x8865,0x90C8,0xA54D,0xC863,0xFEF4,0xFDA6,0xFD84,
  0xFDC7,0xA821,0x8CA7,0x8465,0x8044,0x94E9,0x8465,0x0000,0x0000,0x0000,0x0000,0x0000,0x0000,0x0000,0x0000,0x0000,
  0x0000,0x0000,0x0000,0x0000,0x0000,0x0000,0x0000,0x0000,0xF400,0x8002,0x8866,0xA96E,0xC654,0xC275,0xA96D,0x9D0B,
  0x9D0A,0x90A7,0x90A7,0x8865,0x8001,0x8001,0xE000,0x0000,0x0000,0x0000,0x0000,0x0000,0x0000,0x0000,0x0000,0x0000,
  0x0000,0x0000,0x0000,0x0000,0x0000,0x0000,0x0000,0x0000,0xE800,0xE800,0x9C23,0xCC01,0x9023,0x8421,0x8422,0x8022,
  0x8001,0x8001,0x8402,0xC400,0x9001,0xCC00,0xF000,0x0000,0x0000,0x0000,0x0000,0x0000,0x0000,0x0000,0x0000,0x0000,
  0x0000,0x0000,0x0000,0x0000,0x0000,0x0000,0x0000,0x0000,0xEC00,0xEC20,0x9C02,0xD801,0xF441,0xFFBA,0xFC42,0xF000,
  0xCC00,0xB400,0xBC00,0xB000,0x9802,0xF421,0xEC21,0x0000,0x0000,0x0000,0x0000,0x0000,0x0000,0x0000,0x0000,0x0000,
  0x0000,0x0000,0x0000,0x0000,0x0000,0x0000,0x0000,0x0000,0xF400,0xF441,0xA803,0xD801,0xF841,0xFF9A,0xFC61,0xF020,
  0xD400,0xB400,0xC400,0xB400,0x9C02,0xF021,0xEC01,0x0000,0x0000,0x0000,0x0000,0x0000,0x0000,0x0000,0x0000,0x0000,
  0x0000,0x0000,0x0000,0x0000,0x0000,0x0000,0x0000,0x0000,0xF400,0xF441,0xA802,0xD800,0xF841,0xFFBA,0xFC62,0xF400,
  0xD400,0xB400,0xC400,0xB400,0x9C01,0xF421,0xEC00,0x0000,0x0000,0x0000,0x0000,0x0000,0x0000,0x0000,0x0000,0x0000,
  0x0000,0x0000,0x0000,0x0000,0x0000,0x0000,0x0000,0x0000,0xF400,0xF441,0xAC02,0xD800,0xF862,0xFFBB,0xFC62,0xF400,
  0xD400,0xB800,0xC800,0xB400,0x9C01,0xF421,0xF001,0x0000,0x0000,0x0000,0x0000,0x0000,0x0000,0x0000,0x0000,0x0000,
  0x0000,0x0000,0x0000,0x0000,0x0000,0x0000,0x0000,0x0000,0xF420,0xF441,0xAC02,0xD800,0xF862,0xFFBA,0xFC62,0xF400,
  0xD400,0xB800,0xC800,0xB400,0xA002,0xF421,0xF001,0x0000,0x0000,0x0000,0x0000,0x0000,0x0000,0x0000,0x0000,0x0000,
  0x0000,0x0000,0x0000,0x0000,0x0000,0x0000,0x0000,0x0000,0xF400,0xF020,0xA402,0xD800,0xF862,0xFF99,0xFC62,0xF400,
  0xD400,0xB800,0xC800,0xB000,0x9C01,0xF421,0xEC01,0x0000,0x0000,0x0000,0x0000,0x0000,0x0000,0x0000,0x0000,0x0000,
  0x0000,0x0000,0x0000,0x0000,0x0000,0x0000,0x0000,0x0000,0xF400,0xEC00,0xA023,0xD800,0xF842,0xFF99,0xFC62,0xF420,
  0xD400,0xB800,0xC800,0xB400,0xA002,0xF820,0xF020,0x0000,0x0000,0x0000,0x0000,0x0000,0x0000,0x0000,0x0000,0x0000,
  0x0000,0x0000,0x0000,0x0000,0x0000,0x0000,0x0000,0x8001,0x8423,0xDC01,0x9C24,0xD401,0xF442,0xFF78,0xFC62,0xF420,
  0xD400,0xB800,0xC800,0xB401,0x9802,0xCC01,0x8802,0x8002,0x0000,0x0000,0x0000,0x0000,0x0000,0x0000,0x0000,0x0000,
  0x0000,0x0000,0x0000,0x0000,0x0000,0x0000,0x0000,0x8000,0xA54D,0x8465,0x8002,0xD800,0xEC21,0xFF57,0xFC82,0xF021,
  0xD400,0xC401,0xC400,0xB002,0x8002,0x8023,0x90A8,0x8001,0x0000,0x0000,0x0000,0x0000,0x0000,0x0000,0x0000,0x0000,
  0x0000,0x0000,0x0000,0x0000,0x0000,0x0000,0x0000,0x8000,0xB5D0,0xB9F2,0x8001,0x94C9,0x8842,0x8C84,0xF841,0xEC20,
  0xD000,0x9C01,0x8401,0x8CA7,0x94E9,0xA12C,0x8886,0x8002,0x0000,0x0000,0x0000,0x0000,0x0000,0x0000,0x0000,0x0000,
  0x0000,0x0000,0x0000,0x0000,0x0000,0x0000,0x0000,0x8000,0x94E9,0x8C86,0xCA75,0xE75B,0xBE33,0x94C9,0x8866,0x8444,
  0x8023,0x8C86,0x98EA,0xA96E,0x8C86,0x90A7,0x8465,0x8002,0x0000,0x0000,0x0000,0x0000,0x0000,0x0000,0x0000,0x0000,
  0x0000,0x0000,0x0000,0x0000,0x0000,0x0000,0x0000,0x8001,0x94E9,0x8865,0x94C8,0xA12B,0xC212,0xBDF1,0xAD8F,0xA54D,
  0x98EA,0x90A8,0x8CA7,0x8886,0x8044,0x94E9,0x8465,0x8001,0x0000,0x0000,0x0000,0x0000,0x0000,0x0000,0x0000,0x0000,
  0x0000,0x0000,0x0000,0x0000,0x0000,0x0000,0x0000,0x0000,0x94C8,0x8865,0x90A7,0xA12B,0xC463,0xF630,0xF0E5,0xE883,
  0xE8C3,0xAC01,0x8CA7,0x8465,0x8444,0x94E9,0x8444,0x0000,0x0000,0x0000,0x0000,0x0000,0x0000,0x0000,0x0000,0x0000,
  0x0000,0x0000,0x0000,0x0000,0x0000,0x0000,0x0000,0x0000,0x0000,0x8002,0x90A7,0xA54C,0xC633,0xC885,0xC001,0xC001,
  0xC001,0x9C64,0x8886,0x8886,0x8043,0x8023,0x0000,0x0000,0x0000,0x0000,0x0000,0x0000,0x0000,0x0000,0x0000,0x0000,
  0x0000,0x0000,0x0000,0x0000,0x0000,0x0000,0x0000,0x0000,0x0000,0x0000,0x8001,0x94C9,0x8001,0x8001,0x8024,0x8002,
  0x8002,0x8001,0x8002,0x8865,0x8002,0x0000,0x0000,0x0000,0x0000,0x0000,0x0000,0x0000,0x0000,0x0000,0x0000,0x0000,
  0x0000,0x0000,0x0000,0x0000,0x0000,0x0000,0x0000,0x0000,0x0000,0x0000,0x0000,0x9043,0x990A,0xC633,0x8CA7,0x8C87,
  0x8844,0x8444,0x9C43,0x8001,0x0000,0x0000,0x0000,0x0000,0x0000,0x0000,0x0000,0x0000,0x0000,0x0000,0x0000,0x0000,
  0x0000,0x0000,0x0000,0x0000,0x0000,0x0000,0x0000,0x0000,0x0000,0x0000,0x0000,0x0000,0x0000,0x8022,0x8001,0x8001,
  0x8001,0x8001,0x0000,0x0000,0x0000,0x0000,0x0000,0x0000,0x0000,0x0000,0x0000,0x0000,0x0000,0x0000,0x0000,0x0000,
  0x0000,0x0000,0x0000,0x0000,0x0000,0x0000,0x0000,0x0000,0x0000,0x0000,0x0000,0x0000,0x0000,0x0000,0x0000,0x0000,
  0x0000,0x0000,0x0000,0x0000,0x0000,0x0000,0x0000,0x0000,0x0000,0x0000,0x0000,0x0000,0x0000,0x0000,0x0000,0x0000,
  0x0000,0x0000,0x0000,0x0000,0x0000,0x0000,0x0000,0x0000,0x0000,0x0000,0x0000,0x0000,0x0000,0x0000,0x0000,0x0000,
  0x0000,0x0000,0x0000,0x0000,0x0000,0x0000,0x0000,0x0000,0x0000,0x0000,0x0000,0x0000,0x0000,0x0000,0x0000,0x0000,
 },
};
static const uint16_t next_logo[23040] = {
  0x0000,0x0000,0x0000,0x0000,0x0000,0x0000,0x0000,0x0000,0x0000,0x0000,0x0000,0x0000,0x0000,0x0000,0x0000,0x0000,
  0x0000,0x0000,0x0000,0x0000,0x0000,0x0000,0x0000,0x0000,0x0000,0x0000,0x0000,0x0000,0x0000,0x0000,0x0000,0x0000,
  0x0000,0x0000,0x0000,0x0000,0x0000,0x0000,0x0000,0x0000,0x0000,0x0000,0x0000,0x0000,0x0000,0x0000,0x0000,0x0000,
  0x0000,0x0000,0x0000,0x0000,0x0000,0x0000,0x0000,0x0000,0x0000,0x0000,0x0000,0x0000,0x0000,0x0000,0x0000,0x0000,
  0x0000,0x0000,0x0000,0x0000,0x0000,0x0000,0x0000,0x0000,0x0000,0x0000,0x0000,0x0000,0x0000,0x0000,0x0000,0x0000,
  0x0000,0x0000,0x0000,0x0000,0x0000,0x0000,0x0000,0x0000,0x0000,0x0000,0x0000,0x0000,0x0000,0x0000,0x0000,0x0000,
  0x0000,0x0000,0x0000,0x0000,0x0000,0x0000,0x0000,0x0000,0x0000,0x0000,0x0000,0x0000,0x0000,0x0000,0x0000,0x0000,
  0x0000,0x0000,0x0000,0x0000,0x0000,0x0000,0x0000,0x0000,0x0000,0x0000,0x0000,0x0000,0x0000,0x0000,0x0000,0x0000,
  0x0000,0x0000,0x0000,0x0000,0x0000,0x0000,0x0000,0x0000,0x0000,0x0000,0x0000,0x0000,0x0000,0x0000,0x0000,0x0000,
  0x0000,0x0000,0x0000,0x0000,0x0000,0x0000,0x0000,0x0000,0x0000,0x0000,0x0000,0x0000,0x0000,0x0000,0x0000,0x0000,
  0x0000,0x0000,0x0000,0x0000,0x0000,0x0000,0x0000,0x0000,0x0000,0x0000,0x0000,0x0000,0x0000,0x0000,0x0000,0x0000,
  0x0000,0x0000,0x0000,0x0000,0x0000,0x0000,0x0000,0x0000,0x0000,0x0000,0x0000,0x0000,0x0000,0x0000,0x0000,0x0000,
  0x0000,0x0000,0x0000,0x0000,0x0000,0x0000,0x0000,0x0000,0x0000,0x0000,0x0000,0x0000,0x0000,0x0000,0x0000,0x0000,
  0x0000,0x0000,0x0000,0x0000,0x0000,0x0000,0x0000,0x0000,0x0000,0x0000,0x0000,0x0000,0x0000,0x0000,0x0000,0x0000,
  0x0000,0x0000,0x0000,0x0000,0x0000,0x0000,0x0000,0x0000,0x0000,0x0000,0x0000,0x0000,0x0000,0x0000,0x0000,0x0000,
  0x0000,0x0000,0x0000,0x0000,0x0000,0x0000,0x0000,0x0000,0x0000,0x0000,0x0000,0x0000,0x0000,0x0000,0x0000,0x0000,
  0x0000,0x0000,0x0000,0x0000,0x0000,0x0000,0x0000,0x0000,0x0000,0x0000,0x0000,0x0000,0x0000,0x0000,0x0000,0x0000,
  0x0000,0x0000,0x0000,0x0000,0x0000,0x0000,0x0000,0x0000,0x0000,0x0000,0x0000,0x0000,0x0000,0x0000,0x0000,0x0000,
  0x0000,0x0000,0x0000,0x0000,0x0000,0x0000,0x0000,0x0000,0x0000,0x0000,0x0000,0x0000,0x0000,0x0000,0x0000,0x0000,
  0x0000,0x0000,0x0000,0x0000,0x0000,0x0000,0x0000,0x0000,0x0000,0x0000,0x0000,0x0000,0x0000,0x0000,0x0000,0x0000,
  0x0000,0x0000,0x0000,0x0000,0x0000,0x0000,0x0000,0x0000,0x0000,0x0000,0x0000,0x0000,0x0000,0x0000,0x0000,0x0000,
  0x0000,0x0000,0x0000,0x0000,0x0000,0x0000,0x0000,0x0000,0x0000,0x0000,0x0000,0x0000,0x0000,0x0000,0x0000,0x0000,
  0x0000,0x0000,0x0000,0x0000,0x0000,0x0000,0x0000,0x0000,0x0000,0x0000,0x0000,0x0000,0x0000,0x0000,0x0000,0x0000,
  0x0000,0x0000,0x0000,0x0000,0x0000,0x0000,0x0000,0x0000,0x0000,0x0000,0x0000,0x0000,0x0000,0x0000,0x0000,0x0000,
  0x0000,0x0000,0x0000,0x0000,0x0000,0x0000,0x0000,0x0000,0x0000,0x0000,0x0000,0x0000,0x0000,0x0000,0x0000,0x0000,
  0x0000,0x0000,0x0000,0x0000,0x0000,0x0000,0x0000,0x0000,0x0000,0x0000,0x0000,0x0000,0x0000,0x0000,0x0000,0x0000,
  0x0000,0x0000,0x0000,0x0000,0x0000,0x0000,0x0000,0x0000,0x0000,0x0000,0x0000,0x0000,0x0000,0x0000,0x0000,0x0000,
  0x0000,0x0000,0x0000,0x0000,0x0000,0x0000,0x0000,0x0000,0x0000,0x0000,0x0000,0x0000,0x0000,0x0000,0x0000,0x0000,
  0x0000,0x0000,0x0000,0x0000,0x0000,0x0000,0x0000,0x0000,0x0000,0x0000,0x0000,0x0000,0x0000,0x0000,0x0000,0x0000,
  0x0000,0x0000,0x0000,0x0000,0x0000,0x0000,0x0000,0x0000,0x0000,0x0000,0x0000,0x0000,0x0000,0x0000,0x0000,0x0000,
  0x0000,0x0000,0x0000,0x0000,0x0000,0x0000,0x0000,0x0000,0x0000,0x0000,0x0000,0x0000,0x0000,0x0000,0x0000,0x0000,
  0x0000,0x0000,0x0000,0x0000,0x0000,0x0000,0x0000,0x0000,0x0000,0x0000,0x0000,0x0000,0x0000,0x0000,0x0000,0x0000,
  0x0000,0x0000,0x0000,0x0000,0x0000,0x0000,0x0000,0x0000,0x0000,0x0000,0x0000,0x0000,0x0000,0x0000,0x0000,0x0000,
  0x0000,0x0000,0x0000,0x0000,0x0000,0x0000,0x0000,0x0000,0x0000,0x0000,0x0000,0x0000,0x0000,0x0000,0x0000,0x0000,
  0x0000,0x0000,0x0000,0x0000,0x0000,0x0000,0x0000,0x0000,0x0000,0x0000,0x0000,0x0000,0x0000,0x0000,0x0000,0x0000,
  0x0000,0x0000,0x0000,0x0000,0x0000,0x0000,0x0000,0x0000,0x0000,0x0000,0x0000,0x0000,0x0000,0x0000,0x0000,0x0000,
  0x0000,0x0000,0x0000,0x0000,0x0000,0x0000,0x0000,0x0000,0x0000,0x0000,0x0000,0x0000,0x0000,0x0000,0x0000,0x0000,
  0x0000,0x0000,0x0000,0x0000,0x0000,0x0000,0x0000,0x0000,0x0000,0x0000,0x0000,0x0000,0x0000,0x0000,0x0000,0x0000,
  0x0000,0x0000,0x0000,0x0000,0x0000,0x0000,0x0000,0x0000,0x0000,0x0000,0x0000,0x0000,0x0000,0x0000,0x0000,0x0000,
  0x0000,0x0000,0x0000,0x0000,0x0000,0x0000,0x0000,0x0000,0x0000,0x0000,0x0000,0x0000,0x0000,0x0000,0x0000,0x0000,
  0x0000,0x0000,0x0000,0x0000,0x0000,0x0000,0x0000,0x0000,0x0000,0x0000,0x0000,0x0000,0x0000,0x0000,0x0000,0x0000,
  0x0000,0x0000,0x0000,0x0000,0x0000,0x0000,0x0000,0x0000,0x0000,0x0000,0x0000,0x0000,0x0000,0x0000,0x0000,0x0000,
  0x0000,0x0000,0x0000,0x0000,0x0000,0x0000,0x0000,0x0000,0x0000,0x0000,0x0000,0x0000,0x0000,0x0000,0x0000,0x0000,
  0x0000,0x0000,0x0000,0x0000,0x0000,0x0000,0x0000,0x0000,0x0000,0x0000,0x0000,0x0000,0x0000,0x0000,0x0000,0x0000,
  0x0000,0x0000,0x0000,0x0000,0x0000,0x0000,0x0000,0x0000,0x0000,0x0000,0x0000,0x0000,0x0000,0x0000,0x0000,0x0000,
  0x0000,0x0000,0x0000,0x0000,0x0000,0x0000,0x0000,0x0000,0x0000,0x0000,0x0000,0x0000,0x0000,0x0000,0x0000,0x0000,
  0x0000,0x0000,0x0000,0x0000,0x0000,0x0000,0x0000,0x0000,0x0000,0x0000,0x0000,0x0000,0x0000,0x0000,0x0000,0x0000,
  0x0000,0x0000,0x0000,0x0000,0x0000,0x0000,0x0000,0x0000,0x0000,0x0000,0x0000,0x0000,0x0000,0x0000,0x0000,0x0000,
  0x0000,0x0000,0x0000,0x0000,0x0000,0x0000,0x0000,0x0000,0x0000,0x0000,0x0000,0x0000,0x0000,0x0000,0x0000,0x0000,
  0x0000,0x0000,0x0000,0x0000,0x0000,0x0000,0x0000,0x0000,0x0000,0x0000,0x0000,0x0000,0x0000,0x0000,0x0000,0x0000,
  0x0000,0x0000,0x0000,0x0000,0x0000,0x0000,0x0000,0x0000,0x0000,0x0000,0x0000,0x0000,0x0000,0x0000,0x0000,0x0000,
  0x0000,0x0000,0x0000,0x0000,0x0000,0x0000,0x0000,0x0000,0x0000,0x0000,0x0000,0x0000,0x0000,0x0000,0x0000,0x0000,
  0x0000,0x0000,0x0000,0x0000,0x0000,0x0000,0x0000,0x0000,0x0000,0x0000,0x0000,0x0000,0x0000,0x0000,0x0000,0x0000,
  0x0000,0x0000,0x0000,0x0000,0x0000,0x0000,0x0000,0x0000,0x0000,0x0000,0x0000,0x0000,0x0000,0x0000,0x0000,0x0000,
  0x0000,0x0000,0x0000,0x0000,0x0000,0x0000,0x0000,0x0000,0x0000,0x0000,0x0000,0x0000,0x0000,0x0000,0x0000,0x0000,
  0x0000,0x0000,0x0000,0x0000,0x0000,0x0000,0x0000,0x0000,0x0000,0x0000,0x0000,0x0000,0x0000,0x0000,0x0000,0x0000,
  0x0000,0x0000,0x0000,0x0000,0x0000,0x0000,0x0000,0x0000,0x0000,0x0000,0x0000,0x0000,0x0000,0x0000,0x0000,0x0000,
  0x0000,0x0000,0x0000,0x0000,0x0000,0x0000,0x0000,0x0000,0x0000,0x0000,0x0000,0x0000,0x0000,0x0000,0x0000,0x0000,
  0x0000,0x0000,0x0000,0x0000,0x0000,0x0000,0x0000,0x0000,0x0000,0x0000,0x0000,0x0000,0x0000,0x0000,0x0000,0x0000,
  0x0000,0x0000,0x0000,0x0000,0x0000,0x0000,0x0000,0x0000,0x0000,0x0000,0x0000,0x0000,0x0000,0x0000,0x0000,0x0000,
  0x0000,0x0000,0x0000,0x0000,0x0000,0x0000,0x0000,0x0000,0x0000,0x0000,0x0000,0x0000,0x0000,0x0000,0x0000,0x0000,
  0x0000,0x0000,0x0000,0x0000,0x0000,0x0000,0x0000,0x0000,0x0000,0x0000,0x0000,0x0000,0x0000,0x0000,0x0000,0x0000,
  0x0000,0x0000,0x0000,0x0000,0x0000,0x0000,0x0000,0x0000,0x0000,0x0000,0x0000,0x0000,0x0000,0x0000,0x0000,0x0000,
  0x0000,0x0000,0x0000,0x0000,0x0000,0x0000,0x0000,0x0000,0x0000,0x0000,0x0000,0x0000,0x0000,0x0000,0x0000,0x0000,
  0x0000,0x0000,0x0000,0x0000,0x0000,0x0000,0x0000,0x0000,0x0000,0x0000,0x0000,0x0000,0x0000,0x0000,0x0000,0x0000,
  0x0000,0x0000,0x0000,0x0000,0x0000,0x0000,0x0000,0x0000,0x0000,0x0000,0x0000,0x0000,0x0000,0x0000,0x0000,0x0000,
  0x0000,0x0000,0x0000,0x0000,0x0000,0x0000,0x0000,0x0000,0x0000,0x0000,0x0000,0x0000,0x0000,0x0000,0x0000,0x0000,
  0x0000,0x0000,0x0000,0x0000,0x0000,0x0000,0x0000,0x0000,0x0000,0x0000,0x0000,0x0000,0x0000,0x0000,0x0000,0x0000,
  0x0000,0x0000,0x0000,0x0000,0x0000,0x0000,0x0000,0x0000,0x0000,0x0000,0x0000,0x0000,0x0000,0x0000,0x0000,0x0000,
  0x0000,0x0000,0x0000,0x0000,0x0000,0x0000,0x0000,0x0000,0x0000,0x0000,0x0000,0x0000,0x0000,0x0000,0x0000,0x0000,
  0x0000,0x0000,0x0000,0x0000,0x0000,0x0000,0x0000,0x0000,0x0000,0x0000,0x0000,0x0000,0x0000,0x0000,0x0000,0x0000,
  0x0000,0x0000,0x0000,0x0000,0x0000,0x0000,0x0000,0x0000,0x0000,0x0000,0x0000,0x0000,0x0000,0x0000,0x0000,0x0000,
  0x0000,0x0000,0x0000,0x0000,0x0000,0x0000,0x0000,0x0000,0x0000,0x0000,0x0000,0x0000,0x0000,0x0000,0x0000,0x0000,
  0x0000,0x0000,0x0000,0x0000,0x0000,0x0000,0x0000,0x0000,0x0000,0x0000,0x0000,0x0000,0x0000,0x0000,0x0000,0x0000,
  0x0000,0x0000,0x0000,0x0000,0x0000,0x0000,0x0000,0x0000,0x0000,0x0000,0x0000,0x0000,0x0000,0x0000,0x0000,0x0000,
  0x0000,0x0000,0x0000,0x0000,0x0000,0x0000,0x0000,0x0000,0x0000,0x0000,0x0000,0x0000,0x0000,0x0000,0x0000,0x0000,
  0x0000,0x0000,0x0000,0x0000,0x0000,0x0000,0x0000,0x0000,0x0000,0x0000,0x0000,0x0000,0x0000,0x0000,0x0000,0x0000,
  0x0000,0x0000,0x0000,0x0000,0x0000,0x0000,0x0000,0x0000,0x0000,0x0000,0x0000,0x0000,0x0000,0x0000,0x0000,0x0000,
  0x0000,0x0000,0x0000,0x0000,0x0000,0x0000,0x0000,0x0000,0x0000,0x0000,0x0000,0x0000,0x0000,0x0000,0x0000,0x0000,
  0x0000,0x0000,0x0000,0x0000,0x0000,0x0000,0x0000,0x0000,0x0000,0x0000,0x0000,0x0000,0x0000,0x0000,0x0000,0x0000,
  0x0000,0x0000,0x0000,0x0000,0x0000,0x0000,0x0000,0x0000,0x0000,0x0000,0x0000,0x0000,0x0000,0x0000,0x0000,0x0000,
  0x0000,0x0000,0x0000,0x0000,0x0000,0x0000,0x0000,0x0000,0x0000,0x0000,0x0000,0x0000,0x0000,0x0000,0x0000,0x0000,
  0x0000,0x0000,0x0000,0x0000,0x0000,0x0000,0x0000,0x0000,0x0000,0x0000,0x0000,0x0000,0x0000,0x0000,0x0000,0x0000,
  0x0000,0x0000,0x0000,0x0000,0x0000,0x0000,0x0000,0x0000,0x0000,0x0000,0x0000,0x0000,0x0000,0x0000,0x0000,0x0000,
  0x0000,0x0000,0x0000,0x0000,0x0000,0x0000,0x0000,0x0000,0x0000,0x0000,0x0000,0x0000,0x0000,0x0000,0x0000,0x0000,
  0x0000,0x0000,0x0000,0x0000,0x0000,0x0000,0x0000,0x0000,0x0000,0x0000,0x0000,0x0000,0x0000,0x0000,0x0000,0x0000,
  0x0000,0x0000,0x0000,0x0000,0x0000,0x0000,0x0000,0x0000,0x0000,0x0000,0x0000,0x0000,0x0000,0x0000,0x0000,0x0000,
  0x0000,0x0000,0x0000,0x0000,0x0000,0x0000,0x0000,0x0000,0x0000,0x0000,0x0000,0x0000,0x0000,0x0000,0x0000,0x0000,
  0x0000,0x0000,0x0000,0x0000,0x0000,0x0000,0x0000,0x0000,0x0000,0x0000,0x0000,0x0000,0x0000,0x0000,0x0000,0x0000,
  0x0000,0x0000,0x0000,0x0000,0x0000,0x0000,0x0000,0x0000,0x0000,0x0000,0x0000,0x0000,0x0000,0x0000,0x0000,0x0000,
  0x0000,0x0000,0x0000,0x0000,0x0000,0x0000,0x0000,0x0000,0x0000,0x0000,0x0000,0x0000,0x0000,0x0000,0x0000,0x0000,
  0x0000,0x0000,0x0000,0x0000,0x0000,0x0000,0x0000,0x0000,0x0000,0x0000,0x0000,0x0000,0x0000,0x0000,0x0000,0x0000,
  0x0000,0x0000,0x0000,0x0000,0x0000,0x0000,0x0000,0x0000,0x0000,0x0000,0x0000,0x0000,0x0000,0x0000,0x0000,0x0000,
  0x0000,0x0000,0x0000,0x0000,0x0000,0x0000,0x0000,0x0000,0x0000,0x0000,0x0000,0x0000,0x0000,0x0000,0x0000,0x0000,
  0x0000,0x0000,0x0000,0x0000,0x0000,0x0000,0x0000,0x0000,0x0000,0x0000,0x0000,0x0000,0x0000,0x0000,0x0000,0x0000,
  0x0000,0x0000,0x0000,0x0000,0x0000,0x0000,0x0000,0x0000,0x0000,0x0000,0x0000,0x0000,0x0000,0x0000,0x0000,0x0000,
  0x0000,0x0000,0x0000,0x0000,0x0000,0x0000,0x0000,0x0000,0x0000,0x0000,0x0000,0x0000,0x0000,0x0000,0x0000,0x0000,
  0x0000,0x0000,0x0000,0x0000,0x0000,0x0000,0x0000,0x0000,0x0000,0x0000,0x0000,0x0000,0x0000,0x0000,0x0000,0x0000,
  0x0000,0x0000,0x0000,0x0000,0x0000,0x0000,0x0000,0x0000,0x0000,0x0000,0x0000,0x0000,0x0000,0x0000,0x0000,0x0000,
  0x0000,0x0000,0x0000,0x0000,0x0000,0x0000,0x0000,0x0000,0x0000,0x0000,0x0000,0x0000,0x0000,0x0000,0x0000,0x0000,
  0x0000,0x0000,0x0000,0x0000,0x0000,0x0000,0x0000,0x0000,0x0000,0x0000,0x0000,0x0000,0x0000,0x0000,0x0000,0x0000,
  0x0000,0x0000,0x0000,0x0000,0x0000,0x0000,0x0000,0x0000,0x0000,0x0000,0x0000,0x0000,0x0000,0x0000,0x0000,0x0000,
  0x0000,0x0000,0x0000,0x0000,0x0000,0x0000,0x0000,0x0000,0x0000,0x0000,0x0000,0x0000,0x0000,0x0000,0x0000,0x0000,
  0x0000,0x0000,0x0000,0x0000,0x0000,0x0000,0x0000,0x0000,0x0000,0x0000,0x0000,0x0000,0x0000,0x0000,0x0000,0x0000,
  0x0000,0x0000,0x0000,0x0000,0x0000,0x0000,0x0000,0x0000,0x0000,0x0000,0x0000,0x0000,0x0000,0x0000,0x0000,0x0000,
  0x0000,0x0000,0x0000,0x0000,0x0000,0x0000,0x0000,0x0000,0x0000,0x0000,0x0000,0x0000,0x0000,0x0000,0x0000,0x0000,
  0x0000,0x0000,0x0000,0x0000,0x0000,0x0000,0x0000,0x0000,0x0000,0x0000,0x0000,0x0000,0x0000,0x0000,0x0000,0x0000,
  0x0000,0x0000,0x0000,0x0000,0x0000,0x0000,0x0000,0x0000,0x0000,0x0000,0x0000,0x0000,0x0000,0x0000,0x0000,0x0000,
  0x0000,0x0000,0x0000,0x0000,0x0000,0x0000,0x0000,0x0000,0x0000,0x0000,0x0000,0x0000,0x0000,0x0000,0x0000,0x0000,
  0x0000,0x0000,0x0000,0x0000,0x0000,0x0000,0x0000,0x0000,0x0000,0x0000,0x0000,0x0000,0x0000,0x0000,0x0000,0x0000,
  0x0000,0x0000,0x0000,0x0000,0x0000,0x0000,0x0000,0x0000,0x0000,0x0000,0x0000,0x0000,0x0000,0x0000,0x0000,0x0000,
  0x0000,0x8025,0x8045,0x0000,0x0000,0x0000,0x0000,0x0000,0x0000,0x0000,0x0000,0x0000,0x0000,0x0000,0x0000,0x0000,
  0x0000,0x0000,0x0000,0x0000,0x0000,0x0000,0x0000,0x0000,0x0000,0x0000,0x0000,0x0000,0x0000,0x0000,0x0000,0x0000,
  0x0000,0x0000,0x0000,0x0000,0x0000,0x0000,0x0000,0x0000,0x0000,0x0000,0x0000,0x0000,0x0000,0x0000,0x0000,0x0000,
  0x0000,0x0000,0x0000,0x0000,0x0000,0x0000,0x0000,0x0000,0x0000,0x0000,0x0000,0x0000,0x0000,0x0000,0x0000,0x0000,
  0x0000,0x0000,0x0000,0x0000,0x0000,0x0000,0x0000,0x0000,0x0000,0x0000,0x0000,0x0000,0x0000,0x0000,0x0000,0x0000,
  0x0000,0x0000,0x0000,0x0000,0x0000,0x0000,0x0000,0x0000,0x0000,0x0000,0x0000,0x0000,0x0000,0x0000,0x0000,0x0000,
  0x0000,0x0000,0x0000,0x0000,0x0000,0x0000,0x0000,0x0000,0x0000,0x0000,0x0000,0x0000,0x0000,0x0000,0x0000,0x0000,
  0x0000,0x0000,0x0000,0x0000,0x0000,0x0000,0x0000,0x0000,0x0000,0x0000,0x0000,0x0000,0x0000,0x0000,0x0000,0x0000,
  0x0000,0x0000,0x0000,0x0000,0x0000,0x0000,0x0000,0x0000,0x0000,0x0000,0x0000,0x0000,0x0000,0x0000,0x0000,0x0000,
  0x0000,0x0000,0x0000,0x0000,0x0000,0x0000,0x0000,0x0000,0x0000,0x0000,0x0000,0x0000,0x0000,0x0000,0x0000,0x0000,
  0x0000,0x0000,0x0000,0x0000,0x0000,0x0000,0x0000,0x0000,0x0000,0x0000,0x0000,0x0000,0x0000,0x0000,0x0000,0x0000,
  0x0000,0x0000,0x0000,0x0000,0x0000,0x0000,0x0000,0x0000,0x0000,0x0000,0x0000,0x0000,0x0000,0x0000,0x0000,0x0000,
  0x0000,0x0000,0x0000,0x0000,0x0000,0x0000,0x0000,0x0000,0x0000,0x0000,0x0000,0x0000,0x0000,0x0000,0x0000,0x0000,
  0x0000,0x0000,0x0000,0x0000,0x0000,0x0000,0x0000,0x0000,0x0000,0x0000,0x0000,0x0000,0x0000,0x0000,0x0000,0x0000,
  0x0000,0x0000,0x0000,0x0000,0x0000,0x0000,0x0000,0x0000,0x0000,0x0000,0x0000,0x0000,0x0000,0x0000,0x0000,0x0000,
  0x0000,0x0000,0x0000,0x0000,0x0000,0x0000,0x0000,0x0000,0x0000,0x0000,0x0000,0x0000,0x0000,0x0000,0x0000,0x0000,
  0x0000,0x0000,0x0000,0x0000,0x0000,0x0000,0x0000,0x0000,0x0000,0x0000,0x0000,0x0000,0x0000,0x0000,0x0000,0x0000,
  0x0000,0x0000,0x0000,0x0000,0x0000,0x0000,0x0000,0x0000,0x0000,0x0000,0x0000,0x0000,0x0000,0x0000,0x0000,0x0000,
  0x0000,0x0000,0x0000,0x0000,0x0000,0x0000,0x0000,0x0000,0x0000,0x0000,0x0000,0x0000,0x0000,0x0000,0x0000,0x0000,
  0x0000,0x0000,0x0000,0x0000,0x0000,0x0000,0x0000,0x0000,0x0000,0x0000,0x0000,0x0000,0x0000,0x0000,0x0000,0x0000,
  0x8067,0x8046,0x8046,0x0000,0x0000,0x0000,0x0000,0x0000,0x0000,0x0000,0x0000,0x0000,0x0000,0x0000,0x0000,0x0000,
  0x0000,0x0000,0x0000,0x0000,0x0000,0x0000,0x0000,0x0000,0x0000,0x0000,0x0000,0x0000,0x0000,0x0000,0x0000,0x0000,
  0x0000,0x0000,0x0000,0x0000,0x0000,0x0000,0x0000,0x0000,0x0000,0x0000,0x0000,0x0000,0x0000,0x0000,0x0000,0x0000,
  0x0000,0x0000,0x0000,0x0000,0x0000,0x0000,0x0000,0x0000,0x0000,0x0000,0x0000,0x0000,0x0000,0x0000,0x0000,0x0000,
  0x0000,0x0000,0x0000,0x0000,0x0000,0x0000,0x0000,0x0000,0x0000,0x0000,0x0000,0x0000,0x0000,0x0000,0x0000,0x0000,
  0x0000,0x0000,0x0000,0x0000,0x0000,0x0000,0x0000,0x0000,0x0000,0x0000,0x0000,0x0000,0x0000,0x0000,0x0000,0x0000,
  0x0000,0x0000,0x0000,0x0000,0x0000,0x0000,0x0000,0x0000,0x0000,0x0000,0x0000,0x0000,0x0000,0x0000,0x0000,0x0000,
  0x0000,0x0000,0x0000,0x0000,0x0000,0x0000,0x0000,0x0000,0x0000,0x0000,0x0000,0x0000,0x0000,0x0000,0x0000,0x0000,
  0x0000,0x0000,0x0000,0x0000,0x0000,0x0000,0x0000,0x0000,0x0000,0x0000,0x0000,0x0000,0x0000,0x0000,0x0000,0x0000,
  0x0000,0x0000,0x0000,0x0000,0x0000,0x0000,0x0000,0x0000,0x0000,0x0000,0x0000,0x0000,0x0000,0x0000,0x0000,0x0000,
  0x0000,0x0000,0x0000,0x0000,0x0000,0x0000,0x0000,0x0000,0x0000,0x0000,0x0000,0x0000,0x0000,0x0000,0x0000,0x0000,
  0x0000,0x0000,0x0000,0x0000,0x0000,0x0000,0x0000,0x0000,0x0000,0x0000,0x0000,0x0000,0x0000,0x0000,0x0000,0x0000,
  0x0000,0x0000,0x0000,0x0000,0x0000,0x0000,0x0000,0x0000,0x0000,0x0000,0x0000,0x0000,0x0000,0x0000,0x0000,0x0000,
  0x0000,0x0000,0x0000,0x0000,0x0000,0x0000,0x0000,0x0000,0x0000,0x0000,0x0000,0x0000,0x0000,0x0000,0x0000,0x0000,
  0x0000,0x0000,0x0000,0x0000,0x0000,0x0000,0x0000,0x0000,0x0000,0x0000,0x0000,0x0000,0x0000,0x0000,0x0000,0x0000,
  0x0000,0x0000,0x0000,0x0000,0x0000,0x0000,0x0000,0x0000,0x0000,0x0000,0x0000,0x0000,0x0000,0x0000,0x0000,0x0000,
  0x0000,0x0000,0x0000,0x0000,0x0000,0x0000,0x0000,0x0000,0x0000,0x0000,0x0000,0x0000,0x0000,0x0000,0x0000,0x0000,
  0x0000,0x0000,0x0000,0x0000,0x0000,0x0000,0x0000,0x0000,0x0000,0x0000,0x0000,0x0000,0x0000,0x0000,0x0000,0x0000,
  0x0000,0x0000,0x0000,0x0000,0x0000,0x0000,0x0000,0x0000,0x0000,0x0000,0x0000,0x0000,0x0000,0x0000,0x0000,0x0000,
  0x0000,0x0000,0x0000,0x0000,0x0000,0x0000,0x0000,0x0000,0x0000,0x0000,0x0000,0x0000,0x0000,0x0000,0x0000,0x8025,
  0x8088,0x81F8,0x80CD,0x8025,0x0000,0x0000,0x0000,0x0000,0x0000,0x0000,0x0000,0x0000,0x0000,0x0000,0x0000,0x0000,
  0x0000,0x0000,0x0000,0x0000,0x0000,0x0000,0x0000,0x0000,0x0000,0x0000,0x0000,0x0000,0x0000,0x0000,0x0000,0x0000,
  0x0000,0x0000,0x0000,0x0000,0x0000,0x0000,0x0000,0x0000,0x0000,0x0000,0x0000,0x0000,0x0000,0x0000,0x0000,0x0000,
  0x0000,0x0000,0x0000,0x0000,0x0000,0x0000,0x0000,0x0000,0x0000,0x0000,0x0000,0x0000,0x0000,0x0000,0x0000,0x0000,
  0x0000,0x0000,0x0000,0x0000,0x0000,0x0000,0x0000,0x0000,0x0000,0x0000,0x0000,0x0000,0x0000,0x0000,0x0000,0x0000,
  0x0000,0x0000,0x0000,0x0000,0x0000,0x0000,0x0000,0x0000,0x0000,0x0000,0x0000,0x0000,0x0000,0x0000,0x0000,0x0000,
  0x0000,0x0000,0x0000,0x0000,0x0000,0x0000,0x0000,0x0000,0x0000,0x0000,0x0000,0x0000,0x0000,0x0000,0x0000,0x0000,
  0x0000,0x0000,0x0000,0x0000,0x0000,0x0000,0x0000,0x0000,0x0000,0x0000,0x0000,0x0000,0x0000,0x0000,0x0000,0x0000,
  0x0000,0x0000,0x0000,0x0000,0x0000,0x0000,0x0000,0x0000,0x0000,0x0000,0x0000,0x0000,0x0000,0x0000,0x0000,0x0000,
  0x0000,0x0000,0x0000,0x0000,0x0000,0x0000,0x0000,0x0000,0x0000,0x0000,0x0000,0x0000,0x0000,0x0000,0x0000,0x0000,
  0x0000,0x0000,0x0000,0x0000,0x0000,0x0000,0x0000,0x0000,0x0000,0x0000,0x0000,0x0000,0x0000,0x0000,0x0000,0x0000,
  0x0000,0x0000,0x0000,0x0000,0x0000,0x0000,0x0000,0x0000,0x0000,0x0000,0x0000,0x0000,0x0000,0x0000,0x0000,0x0000,
  0x0000,0x0000,0x0000,0x0000,0x0000,0x0000,0x0000,0x0000,0x0000,0x0000,0x0000,0x0000,0x0000,0x0000,0x0000,0x0000,
  0x0000,0x0000,0x0000,0x0000,0x0000,0x0000,0x0000,0x0000,0x0000,0x0000,0x0000,0x0000,0x0000,0x0000,0x0000,0x0000,
  0x0000,0x0000,0x0000,0x0000,0x0000,0x0000,0x0000,0x0000,0x0000,0x0000,0x0000,0x0000,0x0000,0x0000,0x0000,0x0000,
  0x0000,0x0000,0x0000,0x0000,0x0000,0x0000,0x0000,0x0000,0x0000,0x0000,0x0000,0x0000,0x0000,0x0000,0x0000,0x0000,
  0x0000,0x0000,0x0000,0x0000,0x0000,0x0000,0x0000,0x0000,0x0000,0x0000,0x0000,0x0000,0x0000,0x0000,0x0000,0x0000,
  0x0000,0x0000,0x0000,0x0000,0x0000,0x0000,0x0000,0x0000,0x0000,0x0000,0x0000,0x0000,0x0000,0x0000,0x0000,0x0000,
  0x0000,0x0000,0x0000,0x0000,0x0000,0x0000,0x0000,0x0000,0x0000,0x0000,0x0000,0x0000,0x0000,0x0000,0x0000,0x0000,
  0x0000,0x0000,0x0000,0x0000,0x0000,0x0000,0x0000,0x0000,0x0000,0x0000,0x0000,0x0000,0x0000,0x0000,0x0000,0x8046,
  0x8088,0x81F9,0x80CD,0x8024,0x0000,0x0000,0x0000,0x0000,0x0000,0x0000,0x0000,0x0000,0x0000,0x0000,0x0000,0x0000,
  0x0000,0x0000,0x0000,0x0000,0x0000,0x0000,0x0000,0x0000,0x0000,0x0000,0x0000,0x0000,0x0000,0x0000,0x0000,0x0000,
  0x0000,0x0000,0x0000,0x0000,0x0000,0x0000,0x0000,0x0000,0x0000,0x0000,0x0000,0x0000,0x0000,0x0000,0x0000,0x0000,
  0x0000,0x0000,0x0000,0x0000,0x0000,0x0000,0x0000,0x0000,0x0000,0x0000,0x0000,0x0000,0x0000,0x0000,0x0000,0x0000,
  0x0000,0x0000,0x0000,0x0000,0x0000,0x0000,0x0000,0x0000,0x0000,0x0000,0x0000,0x0000,0x0000,0x0000,0x0000,0x0000,
  0x0000,0x0000,0x0000,0x0000,0x0000,0x0000,0x0000,0x0000,0x0000,0x0000,0x0000,0x0000,0x0000,0x0000,0x0000,0x0000,
  0x0000,0x0000,0x0000,0x0000,0x0000,0x0000,0x0000,0x0000,0x0000,0x0000,0x0000,0x0000,0x0000,0x0000,0x0000,0x0000,
  0x0000,0x0000,0x0000,0x0000,0x0000,0x0000,0x0000,0x0000,0x0000,0x0000,0x0000,0x0000,0x0000,0x0000,0x0000,0x0000,
  0x0000,0x0000,0x0000,0x0000,0x0000,0x0000,0x0000,0x0000,0x0000,0x0000,0x0000,0x0000,0x0000,0x0000,0x0000,0x0000,
  0x0000,0x0000,0x0000,0x0000,0x0000,0x0000,0x0000,0x0000,0x0000,0x0000,0x0000,0x0000,0x0000,0x0000,0x0000,0x0000,
  0x0000,0x0000,0x0000,0x0000,0x0000,0x0000,0x0000,0x0000,0x0000,0x0000,0x0000,0x0000,0x0000,0x0000,0x0000,0x0000,
  0x0000,0x0000,0x0000,0x0000,0x0000,0x0000,0x0000,0x0000,0x0000,0x0000,0x0000,0x0000,0x0000,0x0000,0x0000,0x0000,
  0x0000,0x0000,0x0000,0x0000,0x0000,0x0000,0x0000,0x0000,0x0000,0x0000,0x0000,0x0000,0x0000,0x0000,0x0000,0x0000,
  0x0000,0x0000,0x0000,0x0000,0x0000,0x0000,0x0000,0x0000,0x0000,0x0000,0x0000,0x0000,0x0000,0x0000,0x0000,0x0000,
  0x0000,0x0000,0x0000,0x0000,0x0000,0x0000,0x0000,0x0000,0x0000,0x0000,0x0000,0x0000,0x0000,0x0000,0x0000,0x0000,
  0x0000,0x0000,0x0000,0x0000,0x0000,0x0000,0x0000,0x0000,0x0000,0x0000,0x0000,0x0000,0x0000,0x0000,0x0000,0x0000,
  0x0000,0x0000,0x0000,0x0000,0x0000,0x0000,0x0000,0x0000,0x0000,0x0000,0x0000,0x0000,0x0000,0x0000,0x0000,0x0000,
  0x0000,0x0000,0x0000,0x0000,0x0000,0x0000,0x0000,0x0000,0x0000,0x0000,0x0000,0x0000,0x0000,0x0000,0x0000,0x0000,
  0x0000,0x0000,0x0000,0x0000,0x0000,0x0000,0x0000,0x0000,0x0000,0x0000,0x0000,0x0000,0x0000,0x0000,0x0000,0x0000,
  0x0000,0x0000,0x0000,0x0000,0x0000,0x0000,0x0000,0x0000,0x0000,0x0000,0x0000,0x0000,0x0000,0x0000,0x0000,0x8023,
  0x80A7,0x835E,0x8192,0x8045,0x0000,0x0000,0x0000,0x0000,0x0000,0x0000,0x0000,0x0000,0x0000,0x0000,0x0000,0x0000,
  0x0000,0x0000,0x0000,0x0000,0x0000,0x0000,0x0000,0x0000,0x0000,0x0000,0x0000,0x0000,0x0000,0x0000,0x0000,0x0000,
  0x0000,0x0000,0x0000,0x0000,0x0000,0x0000,0x0000,0x0000,0x0000,0x0000,0x0000,0x0000,0x0000,0x0000,0x0000,0x0000,
  0x0000,0x0000,0x0000,0x0000,0x0000,0x0000,0x0000,0x0000,0x0000,0x0000,0x0000,0x0000,0x0000,0x0000,0x0000,0x0000,
  0x0000,0x0000,0x0000,0x0000,0x0000,0x0000,0x0000,0x0000,0x0000,0x0000,0x0000,0x0000,0x0000,0x0000,0x0000,0x0000,
  0x0000,0x0000,0x0000,0x0000,0x0000,0x0000,0x0000,0x0000,0x0000,0x0000,0x0000,0x0000,0x0000,0x0000,0x0000,0x0000,
  0x0000,0x0000,0x0000,0x0000,0x0000,0x0000,0x0000,0x0000,0x0000,0x0000,0x0000,0x0000,0x0000,0x0000,0x0000,0x0000,
  0x0000,0x0000,0x0000,0x0000,0x0000,0x0000,0x0000,0x0000,0x0000,0x0000,0x0000,0x0000,0x0000,0x0000,0x0000,0x0000,
  0x0000,0x0000,0x0000,0x0000,0x0000,0x0000,0x0000,0x0000,0x0000,0x0000,0x0000,0x0000,0x0000,0x0000,0x0000,0x0000,
  0x0000,0x0000,0x0000,0x0000,0x0000,0x0000,0x0000,0x0000,0x0000,0x0000,0x0000,0x0000,0x0000,0x0000,0x0000,0x0000,
  0x0000,0x0000,0x0000,0x0000,0x0000,0x0000,0x0000,0x0000,0x0000,0x0000,0x0000,0x0000,0x0000,0x0000,0x0000,0x0000,
  0x0000,0x0000,0x0000,0x0000,0x0000,0x0000,0x0000,0x0000,0x0000,0x0000,0x0000,0x0000,0x0000,0x0000,0x0000,0x0000,
  0x0000,0x0000,0x0000,0x0000,0x0000,0x0000,0x0000,0x0000,0x0000,0x0000,0x0000,0x0000,0x0000,0x0000,0x0000,0x0000,
  0x0000,0x0000,0x0000,0x0000,0x0000,0x0000,0x0000,0x0000,0x0000,0x0000,0x0000,0x0000,0x0000,0x0000,0x0000,0x0000,
  0x0000,0x0000,0x0000,0x0000,0x0000,0x0000,0x0000,0x0000,0x0000,0x0000,0x0000,0x0000,0x0000,0x0000,0x0000,0x0000,
  0x0000,0x0000,0x0000,0x0000,0x0000,0x0000,0x0000,0x0000,0x0000,0x0000,0x0000,0x0000,0x0000,0x0000,0x0000,0x0000,
  0x0000,0x0000,0x0000,0x0000,0x0000,0x0000,0x0000,0x0000,0x0000,0x0000,0x0000,0x0000,0x0000,0x0000,0x0000,0x0000,
  0x0000,0x0000,0x0000,0x0000,0x0000,0x0000,0x0000,0x0000,0x0000,0x0000,0x0000,0x0000,0x0000,0x0000,0x0000,0x0000,
  0x0000,0x0000,0x0000,0x0000,0x0000,0x0000,0x0000,0x0000,0x0000,0x0000,0x0000,0x0000,0x0000,0x0000,0x0000,0x0000,
  0x0000,0x0000,0x0000,0x0000,0x0000,0x0000,0x0000,0x0000,0x0000,0x0000,0x0000,0x0000,0x0000,0x8088,0x80CA,0x8045,
  0x88C8,0xBB9E,0x91F2,0x8024,0x8046,0x8045,0x0000,0x0000,0x0000,0x0000,0x0000,0x0000,0x0000,0x0000,0x0000,0x0000,
  0x0000,0x0000,0x0000,0x0000,0x0000,0x0000,0x0000,0x0000,0x0000,0x0000,0x0000,0x0000,0x0000,0x0000,0x0000,0x0000,
  0x0000,0x0000,0x0000,0x0000,0x0000,0x0000,0x0000,0x0000,0x0000,0x0000,0x0000,0x0000,0x0000,0x0000,0x0000,0x0000,
  0x0000,0x0000,0x0000,0x0000,0x0000,0x0000,0x0000,0x0000,0x0000,0x0000,0x0000,0x0000,0x0000,0x0000,0x0000,0x0000,
  0x0000,0x0000,0x0000,0x0000,0x0000,0x0000,0x0000,0x0000,0x0000,0x0000,0x0000,0x0000,0x0000,0x0000,0x0000,0x0000,
  0x0000,0x0000,0x0000,0x0000,0x0000,0x0000,0x0000,0x0000,0x0000,0x0000,0x0000,0x0000,0x0000,0x0000,0x0000,0x0000,
  0x0000,0x0000,0x0000,0x0000,0x0000,0x0000,0x0000,0x0000,0x0000,0x0000,0x0000,0x0000,0x0000,0x0000,0x0000,0x0000,
  0x0000,0x0000,0x0000,0x0000,0x0000,0x0000,0x0000,0x0000,0x0000,0x0000,0x0000,0x0000,0x0000,0x0000,0x0000,0x0000,
  0x0000,0x0000,0x0000,0x0000,0x0000,0x0000,0x0000,0x0000,0x0000,0x0000,0x0000,0x0000,0x0000,0x0000,0x0000,0x0000,
  0x0000,0x0000,0x0000,0x0000,0x0000,0x0000,0x0000,0x0000,0x0000,0x0000,0x0000,0x0000,0x0000,0x0000,0x0000,0x0000,
  0x0000,0x0000,0x0000,0x0000,0x0000,0x0000,0x0000,0x0000,0x0000,0x0000,0x0000,0x0000,0x0000,0x0000,0x0000,0x0000,
  0x0000,0x0000,0x0000,0x0000,0x0000,0x0000,0x0000,0x0000,0x0000,0x0000,0x0000,0x0000,0x0000,0x0000,0x0000,0x0000,
  0x0000,0x0000,0x0000,0x0000,0x0000,0x0000,0x0000,0x0000,0x0000,0x0000,0x0000,0x0000,0x0000,0x0000,0x0000,0x0000,
  0x0000,0x0000,0x0000,0x0000,0x0000,0x0000,0x0000,0x0000,0x0000,0x0000,0x0000,0x0000,0x0000,0x0000,0x0000,0x0000,
  0x0000,0x0000,0x0000,0x0000,0x0000,0x0000,0x0000,0x0000,0x0000,0x0000,0x0000,0x0000,0x0000,0x0000,0x0000,0x0000,
  0x0000,0x0000,0x0000,0x0000,0x0000,0x0000,0x0000,0x0000,0x0000,0x0000,0x0000,0x0000,0x0000,0x0000,0x0000,0x0000,
  0x0000,0x0000,0x0000,0x0000,0x0000,0x0000,0x0000,0x0000,0x0000,0x0000,0x0000,0x0000,0x0000,0x0000,0x0000,0x0000,
  0x0000,0x0000,0x0000,0x0000,0x0000,0x0000,0x0000,0x0000,0x0000,0x0000,0x0000,0x0000,0x0000,0x0000,0x0000,0x0000,
  0x0000,0x0000,0x0000,0x0000,0x0000,0x0000,0x0000,0x0000,0x0000,0x0000,0x0000,0x0000,0x0000,0x0000,0x0000,0x0000,
  0x0000,0x0000,0x0000,0x0000,0x0000,0x0000,0x0000,0x0000,0x0000,0x0000,0x0000,0x0000,0x0000,0x8045,0x8024,0x8024,
  0x910A,0xDBDE,0xA234,0x8044,0x8024,0x8024,0x0000,0x0000,0x0000,0x0000,0x0000,0x0000,0x0000,0x0000,0x0000,0x0000,
  0x0000,0x0000,0x0000,0x0000,0x0000,0x0000,0x0000,0x0000,0x0000,0x0000,0x0000,0x0000,0x0000,0x0000,0x0000,0x0000,
  0x0000,0x0000,0x0000,0x0000,0x0000,0x0000,0x0000,0x0000,0x0000,0x0000,0x0000,0x0000,0x0000,0x0000,0x0000,0x0000,
  0x0000,0x0000,0x0000,0x0000,0x0000,0x0000,0x0000,0x0000,0x0000,0x0000,0x0000,0x0000,0x0000,0x0000,0x0000,0x0000,
  0x0000,0x0000,0x0000,0x0000,0x0000,0x0000,0x0000,0x0000,0x0000,0x0000,0x0000,0x0000,0x0000,0x0000,0x0000,0x0000,
  0x0000,0x0000,0x0000,0x0000,0x0000,0x0000,0x0000,0x0000,0x0000,0x0000,0x0000,0x0000,0x0000,0x0000,0x0000,0x0000,
  0x0000,0x0000,0x0000,0x0000,0x0000,0x0000,0x0000,0x0000,0x0000,0x0000,0x0000,0x0000,0x0000,0x0000,0x0000,0x0000,
  0x0000,0x0000,0x0000,0x0000,0x0000,0x0000,0x0000,0x0000,0x0000,0x0000,0x0000,0x0000,0x0000,0x0000,0x0000,0x0000,
  0x0000,0x0000,0x0000,0x0000,0x0000,0x0000,0x0000,0x0000,0x0000,0x0000,0x0000,0x0000,0x0000,0x0000,0x0000,0x0000,
  0x0000,0x0000,0x0000,0x0000,0x0000,0x0000,0x0000,0x0000,0x0000,0x0000,0x0000,0x0000,0x0000,0x0000,0x0000,0x0000,
  0x0000,0x0000,0x0000,0x0000,0x0000,0x0000,0x0000,0x0000,0x0000,0x0000,0x0000,0x0000,0x0000,0x0000,0x0000,0x0000,
  0x0000,0x0000,0x0000,0x0000,0x0000,0x0000,0x0000,0x0000,0x0000,0x0000,0x0000,0x0000,0x0000,0x0000,0x0000,0x0000,
  0x0000,0x0000,0x0000,0x0000,0x0000,0x0000,0x0000,0x0000,0x0000,0x0000,0x0000,0x0000,0x0000,0x0000,0x0000,0x0000,
  0x0000,0x0000,0x0000,0x0000,0x0000,0x0000,0x0000,0x0000,0x0000,0x0000,0x0000,0x0000,0x0000,0x0000,0x0000,0x0000,
  0x0000,0x0000,0x0000,0x0000,0x0000,0x0000,0x0000,0x0000,0x0000,0x0000,0x0000,0x0000,0x0000,0x0000,0x0000,0x0000,
  0x0000,0x0000,0x0000,0x0000,0x0000,0x0000,0x0000,0x0000,0x0000,0x0000,0x0000,0x0000,0x0000,0x0000,0x0000,0x0000,
  0x0000,0x0000,0x0000,0x0000,0x0000,0x0000,0x0000,0x0000,0x0000,0x0000,0x0000,0x0000,0x0000,0x0000,0x0000,0x0000,
  0x0000,0x0000,0x0000,0x0000,0x0000,0x0000,0x0000,0x0000,0x0000,0x0000,0x0000,0x0000,0x0000,0x0000,0x0000,0x0000,
  0x0000,0x0000,0x0000,0x0000,0x0000,0x0000,0x0000,0x0000,0x0000,0x0000,0x0000,0x0000,0x0000,0x0000,0x0000,0x0000,
  0x0000,0x0000,0x0000,0x0000,0x0000,0x0000,0x0000,0x0000,0x0000,0x0000,0x8024,0x8024,0x8045,0x8046,0x8003,0x82BC,
  0x9B3C,0xF7FF,0xC39E,0x82FD,0x8003,0x8024,0x8024,0x8024,0x8045,0x0000,0x0000,0x0000,0x0000,0x0000,0x0000,0x0000,
  0x0000,0x0000,0x0000,0x0000,0x0000,0x0000,0x0000,0x0000,0x0000,0x0000,0x0000,0x0000,0x0000,0x0000,0x0000,0x0000,
  0x0000,0x0000,0x0000,0x0000,0x0000,0x0000,0x0000,0x0000,0x0000,0x0000,0x0000,0x0000,0x0000,0x0000,0x0000,0x0000,
  0x0000,0x0000,0x0000,0x0000,0x0000,0x0000,0x0000,0x0000,0x0000,0x0000,0x0000,0x0000,0x0000,0x0000,0x0000,0x0000,
  0x0000,0x0000,0x0000,0x0000,0x0000,0x0000,0x0000,0x0000,0x0000,0x0000,0x0000,0x0000,0x0000,0x0000,0x0000,0x0000,
  0x0000,0x0000,0x0000,0x0000,0x0000,0x0000,0x0000,0x0000,0x0000,0x0000,0x0000,0x0000,0x0000,0x0000,0x0000,0x0000,
  0x0000,0x0000,0x0000,0x0000,0x0000,0x0000,0x0000,0x0000,0x0000,0x0000,0x0000,0x0000,0x0000,0x0000,0x0000,0x0000,
  0x0000,0x0000,0x0000,0x0000,0x0000,0x0000,0x0000,0x0000,0x0000,0x0000,0x0000,0x0000,0x0000,0x0000,0x0000,0x0000,
  0x0000,0x0000,0x0000,0x0000,0x0000,0x0000,0x0000,0x0000,0x0000,0x0000,0x0000,0x0000,0x0000,0x0000,0x0000,0x0000,
  0x0000,0x0000,0x0000,0x0000,0x0000,0x0000,0x0000,0x0000,0x0000,0x0000,0x0000,0x0000,0x0000,0x0000,0x0000,0x0000,
  0x0000,0x0000,0x0000,0x0000,0x0000,0x0000,0x0000,0x0000,0x0000,0x0000,0x0000,0x0000,0x0000,0x0000,0x0000,0x0000,
  0x0000,0x0000,0x0000,0x0000,0x0000,0x0000,0x0000,0x0000,0x0000,0x0000,0x0000,0x0000,0x0000,0x0000,0x0000,0x0000,
  0x0000,0x0000,0x0000,0x0000,0x0000,0x0000,0x0000,0x0000,0x0000,0x0000,0x0000,0x0000,0x0000,0x0000,0x0000,0x0000,
  0x0000,0x0000,0x0000,0x0000,0x0000,0x0000,0x0000,0x0000,0x0000,0x0000,0x0000,0x0000,0x0000,0x0000,0x0000,0x0000,
  0x0000,0x0000,0x0000,0x0000,0x0000,0x0000,0x0000,0x0000,0x0000,0x0000,0x0000,0x0000,0x0000,0x0000,0x0000,0x0000,
  0x0000,0x0000,0x0000,0x0000,0x0000,0x0000,0x0000,0x0000,0x0000,0x0000,0x0000,0x0000,0x0000,0x0000,0x0000,0x0000,
  0x0000,0x0000,0x0000,0x0000,0x0000,0x0000,0x0000,0x0000,0x0000,0x0000,0x0000,0x0000,0x0000,0x0000,0x0000,0x0000,
  0x0000,0x0000,0x0000,0x0000,0x0000,0x0000,0x0000,0x0000,0x0000,0x0000,0x0000,0x0000,0x0000,0x0000,0x0000,0x0000,
  0x0000,0x0000,0x0000,0x0000,0x0000,0x0000,0x0000,0x0000,0x0000,0x0000,0x0000,0x0000,0x0000,0x0000,0x0000,0x0000,
  0x0000,0x0000,0x0000,0x0000,0x0000,0x0000,0x0000,0x0000,0x0000,0x8046,0x8025,0x8024,0x8024,0x8024,0x8002,0x82FE,
  0xABBF,0xFBFF,0xCFDF,0x82DC,0x8003,0x8045,0x8024,0x8024,0x8024,0x0000,0x0000,0x0000,0x0000,0x0000,0x0000,0x0000,
  0x0000,0x0000,0x0000,0x0000,0x0000,0x0000,0x0000,0x0000,0x0000,0x0000,0x0000,0x0000,0x0000,0x0000,0x0000,0x0000,
  0x0000,0x0000,0x0000,0x0000,0x0000,0x0000,0x0000,0x0000,0x0000,0x0000,0x0000,0x0000,0x0000,0x0000,0x0000,0x0000,
  0x0000,0x0000,0x0000,0x0000,0x0000,0x0000,0x0000,0x0000,0x0000,0x0000,0x0000,0x0000,0x0000,0x0000,0x0000,0x0000,
  0x0000,0x0000,0x0000,0x0000,0x0000,0x0000,0x0000,0x0000,0x0000,0x0000,0x0000,0x0000,0x0000,0x0000,0x0000,0x0000,
  0x0000,0x0000,0x0000,0x0000,0x0000,0x0000,0x0000,0x0000,0x0000,0x0000,0x0000,0x0000,0x0000,0x0000,0x0000,0x0000,
  0x0000,0x0000,0x0000,0x0000,0x0000,0x0000,0x0000,0x0000,0x0000,0x0000,0x0000,0x0000,0x0000,0x0000,0x0000,0x0000,
  0x0000,0x0000,0x0000,0x0000,0x0000,0x0000,0x0000,0x0000,0x0000,0x0000,0x0000,0x0000,0x0000,0x0000,0x0000,0x0000,
  0x0000,0x0000,0x0000,0x0000,0x0000,0x0000,0x0000,0x0000,0x0000,0x0000,0x0000,0x0000,0x0000,0x0000,0x0000,0x0000,
  0x0000,0x0000,0x0000,0x0000,0x0000,0x0000,0x0000,0x0000,0x0000,0x0000,0x0000,0x0000,0x0000,0x0000,0x0000,0x0000,
  0x0000,0x0000,0x0000,0x0000,0x0000,0x0000,0x0000,0x0000,0x0000,0x0000,0x0000,0x0000,0x0000,0x0000,0x0000,0x0000,
  0x0000,0x0000,0x0000,0x0000,0x0000,0x0000,0x0000,0x0000,0x8C84,0x8C85,0x8C85,0x8C85,0x0000,0x0000,0x0000,0x8C85,
  0x0000,0x0000,0x0000,0x0000,0x0000,0x0000,0x0000,0x0000,0x0000,0x0000,0x0000,0x0000,0x0000,0x0000,0x0000,0x0000,
  0x0000,0x0000,0x0000,0x0000,0x0000,0x0000,0x0000,0x8023,0x8023,0x8043,0x8043,0x8043,0x8043,0x8443,0x8443,0x8043,
  0x8043,0x8023,0x8023,0x8023,0x8023,0x0000,0x0000,0x8023,0x8023,0x8023,0x8023,0x8023,0x8023,0x8023,0x8023,0x8023,
  0x8023,0x8023,0x8023,0x8023,0x8023,0x8023,0x8023,0x8023,0x8023,0x8023,0x8023,0x8023,0x8023,0x8023,0x8023,0x8023,
  0x8023,0x8023,0x8022,0x8022,0x8022,0x8022,0x0000,0x0000,0x8023,0x8023,0x8023,0x8023,0x8043,0x8023,0x8023,0x8023,
  0x8023,0x8023,0x8023,0x8023,0x8023,0x8023,0x8023,0x8023,0x8023,0x8023,0x8043,0x8023,0x8023,0x8023,0x8023,0x8023,
  0x8023,0x8023,0x8022,0x8022,0x8023,0x8023,0x0000,0x0000,0x0000,0x0000,0x0000,0x0000,0x0000,0x0000,0x0000,0x0000,
  0x0000,0x0000,0x0000,0x0000,0x0000,0x0000,0x0000,0x8024,0x8024,0x80EC,0x8151,0x8258,0x8238,0xB6F9,0xAAB7,0xD7DF,
  0xE7FF,0xFFFF,0xF3FF,0xEBFF,0xC35B,0xBF19,0x8E99,0x81F5,0x8130,0x8131,0x8024,0x8024,0x0000,0x0000,0x0000,0x0000,
  0x0000,0x0000,0x0000,0x0000,0x8024,0x8023,0x8023,0x8023,0x8023,0x8023,0x8023,0x8023,0x8023,0x8023,0x8023,0x8023,
  0x8044,0x0000,0x0000,0x8023,0x8023,0x8023,0x8023,0x8023,0x8023,0x8023,0x8023,0x8023,0x8023,0x8023,0x8023,0x8023,
  0x8023,0x8023,0x8023,0x8023,0x8023,0x8023,0x8023,0x8023,0x8023,0x8023,0x8023,0x8023,0x8023,0x8023,0x8022,0x8022,
  0x8002,0x8023,0x0000,0x8044,0x8023,0x8023,0x8023,0x8023,0x8023,0x8023,0x8023,0x8023,0x8023,0x8023,0x8023,0x8023,
  0x0000,0x0000,0x0000,0x0000,0x0000,0x0000,0x0000,0x0000,0x0000,0x0000,0x0000,0x0000,0x0000,0x0000,0x8023,0x8023,
  0x8022,0x8023,0x8023,0x8023,0x8023,0x8023,0x8022,0x8023,0x8023,0x8023,0x0000,0x0000,0x8022,0x8023,0x8023,0x8023,
  0x8023,0x8023,0x8023,0x8023,0x8023,0x8023,0x8023,0x8023,0x8023,0x8023,0x8023,0x8023,0x8023,0x8023,0x8023,0x8023,
  0x8023,0x8023,0x8023,0x8023,0x8023,0x8023,0x8023,0x8023,0x8023,0x8023,0x8023,0x8023,0x8023,0x8023,0x8023,0x8023,
  0x0000,0x0000,0x8443,0x8023,0x8023,0x8022,0x8022,0x8022,0x8023,0x8023,0x8023,0x8023,0x8023,0x8023,0x8023,0x8023,
  0x8023,0x8023,0x8023,0x8023,0x8023,0x8023,0x8023,0x8023,0x8023,0x8023,0x8023,0x8023,0x8023,0x8023,0x8023,0x8023,
  0x8022,0x8023,0x8023,0x8023,0x8023,0x0000,0x0000,0x8022,0x8022,0x8022,0x8022,0x8023,0x8023,0x8023,0x8023,0x8023,
  0x8023,0x8023,0x8022,0x8002,0x0000,0x0000,0x0000,0x0000,0x0000,0x0000,0x0000,0x0000,0x0000,0x0000,0x0000,0x0000,
  0x0000,0x0000,0x0000,0x0000,0x0000,0x0000,0x8022,0x8023,0x8023,0x8023,0x8023,0x8023,0x8023,0x8022,0x8022,0x8023,
  0x8023,0x8023,0x8023,0x8022,0x8002,0x0000,0x8023,0x8023,0x8023,0x8023,0x8023,0x8023,0x8023,0x8023,0x8023,0x8023,
  0x8023,0x8023,0x8023,0x8023,0x8023,0x8023,0x8023,0x8023,0x8023,0x8023,0x8023,0x8023,0x8023,0x8023,0x8023,0x8022,
  0x8022,0x8023,0x8023,0x8023,0x8023,0x8022,0x0000,0x8022,0x8023,0x8023,0x8023,0x8023,0x8023,0x8023,0x8023,0x8023,
  0x8023,0x8023,0x8023,0x8023,0x8023,0x8023,0x8023,0x8023,0x8023,0x8023,0x8023,0x8023,0x8023,0x8023,0x8023,0x8023,
  0x8023,0x8023,0x8023,0x8023,0x8023,0x8023,0x0000,0x0000,0x0000,0x0000,0x0000,0x0000,0x0000,0x0000,0x0000,0x0000,
  0x0000,0x0000,0x0000,0x0000,0x0000,0x0000,0x8024,0x8024,0x8025,0x8193,0x81D7,0x82DD,0x82DE,0xCFFF,0xC7DF,0xFFFF,
  0xFFFF,0xFFFF,0xFFFF,0xFFFF,0xE3FF,0xDBFF,0x87BE,0x829C,0x8196,0x8196,0x8024,0x8024,0x0000,0x0000,0x0000,0x0000,
  0x0000,0x0000,0x0000,0x8023,0x8023,0x8023,0x8023,0x8023,0x8023,0x8023,0x8023,0x8023,0x8023,0x8023,0x8023,0x8024,
  0x8044,0x0000,0x0000,0x8022,0x8023,0x8023,0x8023,0x8023,0x8023,0x8023,0x8023,0x8023,0x8023,0x8023,0x8023,0x8023,
  0x8023,0x8023,0x8023,0x8023,0x8023,0x8023,0x8023,0x8023,0x8023,0x8023,0x8023,0x8023,0x8023,0x8023,0x8023,0x8023,
  0x8023,0x8022,0x0000,0x8023,0x8023,0x8023,0x8023,0x8023,0x8023,0x8023,0x8023,0x8023,0x8023,0x8023,0x8022,0x8023,
  0x0000,0x0000,0x0000,0x0000,0x0000,0x0000,0x0000,0x0000,0x0000,0x0000,0x0000,0x0000,0x0000,0x8002,0x8022,0x8023,
  0x8023,0x8023,0x8023,0x8023,0x8023,0x8023,0x8023,0x8023,0x8023,0x8023,0x0000,0x8024,0x8023,0x8023,0x8023,0x8023,
  0x8023,0x8023,0x8023,0x8023,0x8023,0x8023,0x8023,0x8023,0x8023,0x8023,0x8023,0x8023,0x8023,0x8023,0x8023,0x8023,
  0x8023,0x8023,0x8023,0x8023,0x8023,0x8023,0x8023,0x8023,0x8023,0x8023,0x8023,0x8023,0x8023,0x8023,0x8023,0x8023,
  0x0000,0x0000,0x8023,0x8023,0x8000,0x8000,0x8000,0x8000,0x8000,0x8000,0x8000,0x8000,0x8000,0x8001,0x8000,0x8000,
  0x8000,0x8001,0x8000,0x8000,0x8000,0x8000,0x8000,0x8000,0x8000,0x8000,0x8000,0x8000,0x8001,0x8000,0x8000,0x8000,
  0x8000,0x8000,0x8000,0x8023,0x8024,0x0000,0x0000,0x8022,0x98A4,0x98C5,0x98E6,0x9CE7,0x98E7,0x98E7,0x98E7,0x98E7,
  0x98E7,0x8864,0x8022,0x8023,0x0000,0x0000,0x0000,0x0000,0x0000,0x0000,0x0000,0x0000,0x0000,0x0000,0x0000,0x0000,
  0x0000,0x0000,0x0000,0x0000,0x0000,0x0000,0x8023,0x8023,0x9084,0xCE2D,0xCE4F,0xCE70,0xCE70,0xCE71,0xCE70,0xCE71,
  0xCE71,0xCA50,0xCE70,0x8022,0x8023,0x8023,0x8023,0x8022,0x9084,0xCE70,0xCE91,0xCE70,0xCE70,0xCE70,0xCE70,0xCE91,
  0xCE70,0xCE70,0xCE70,0xCE70,0xD290,0xD290,0xCE70,0xCE70,0xD290,0xCE70,0xCE91,0xD291,0xCA70,0xC62F,0xCE70,0xCE91,
  0xCE70,0xCA4F,0xCE90,0xCE4F,0x8021,0x8002,0x8023,0x8023,0x9CA3,0xA8E2,0xD270,0xD2B1,0xD291,0xCE91,0xD6B2,0xD6B2,
  0xD291,0xD291,0xCE71,0xD291,0xD291,0xCE70,0xCE70,0xD291,0xD291,0xCE71,0xCA50,0xD291,0xCE71,0xCE91,0xD291,0xD2B1,
  0xD6B2,0xD6B1,0xD291,0xCE6F,0x8022,0x8023,0x0000,0x0000,0x0000,0x0000,0x0000,0x0000,0x0000,0x0000,0x0000,0x0000,
  0x0000,0x0000,0x0000,0x0000,0x0000,0x8045,0x8024,0x8001,0x8218,0x80CC,0x8024,0x8025,0x8046,0x8068,0x8004,0x827B,
  0x939E,0xFBFF,0xC3DF,0x835F,0x8045,0x8046,0x8023,0x8003,0x8024,0x8003,0x8024,0x8023,0x0000,0x0000,0x0000,0x0000,
  0x0000,0x0000,0x8025,0x8024,0x8022,0xEBFF,0xE3FF,0xE7FF,0xE7FF,0xE3FF,0xEBFF,0xEBFF,0xEBFF,0xAFFF,0x8298,0x8022,
  0x8022,0x0000,0x8023,0x8024,0x8023,0xE3FF,0xDBFF,0xDFFF,0xDFFF,0xDFFF,0xDFFF,0xE3FF,0xE3FF,0xE3FF,0xDFFF,0xE3FF,
  0xE3FF,0xE3FF,0xDFFF,0xDFFF,0xDFFF,0xE3FF,0xE3FF,0xE3FF,0xDFFF,0xE3FF,0xE3FF,0xE3FF,0xE3FF,0xE3FF,0xE3FF,0xD7FF,
  0x8021,0x8022,0x8023,0x8024,0x8023,0xD7FF,0xDFFF,0xDFFF,0xDFFF,0xE3FF,0xE7FF,0xE7FF,0xE7FF,0xE7FF,0x8002,0x8022,
  0x8023,0x8023,0x0000,0x0000,0x0000,0x0000,0x0000,0x0000,0x0000,0x0000,0x0000,0x0000,0x8023,0x8023,0x8022,0xE3FF,
  0xE3FF,0xE3FF,0xE3FF,0xE3FF,0xE7FF,0xEBFF,0xE7FF,0xE7FF,0x8001,0x8023,0x8023,0x8024,0x8022,0xDFFF,0xDFFF,0xE3FF,
  0xE3FF,0xE3FF,0xE3FF,0xE3FF,0xE3FF,0xE3FF,0xE3FF,0xE3FF,0xE3FF,0xDFFF,0xDFFF,0xDFFF,0xE3FF,0xE3FF,0xE3FF,0xE3FF,
  0xDFFF,0xDFFF,0xE3FF,0xE3FF,0xE3FF,0xE3FF,0xE3FF,0xE3FF,0xE3FF,0xE3FF,0xE3FF,0xE3FF,0xE3FF,0xE7FF,0x8022,0x8023,
  0x0000,0x0000,0x8023,0x8422,0xFB4C,0xFFFA,0xFFFA,0xFFFA,0xFFFA,0xFFFA,0xFFFA,0xFFFA,0xFFFA,0xFFFA,0xFFFA,0xFFFA,
  0xFFFA,0xFFFA,0xFFFA,0xFFFA,0xFFFA,0xFFFA,0xFFFA,0xFFFA,0xFFFA,0xFFFA,0xFFFA,0xFFFA,0xFFFA,0xFFFA,0xFFFA,0xFFFA,
  0xFFFA,0xFFFA,0xFBD9,0x8021,0x8001,0x0000,0x8024,0x8043,0xFF29,0xFFF9,0xFFFA,0xFFFA,0xFFFA,0xFFFA,0xFFFA,0xFFFA,
  0xFFFB,0xAD88,0x8023,0x8023,0x0000,0x0000,0x0000,0x0000,0x0000,0x0000,0x0000,0x0000,0x0000,0x0000,0x0000,0x0000,
  0x0000,0x0000,0x0000,0x0000,0x0000,0x8046,0x8023,0x8023,0xA4E4,0xFBD6,0xFFFA,0xFFFA,0xFFFA,0xFFFB,0xFFFB,0xFFFA,
  0xFFFA,0xFFF9,0xFFFB,0x8022,0x8023,0x8023,0x8023,0x8023,0x9CE7,0xFFFB,0xFFFA,0xFFFA,0xFFFA,0xFFFA,0xFFFA,0xFFFA,
  0xFFFA,0xFFFA,0xFFFA,0xFFFA,0xFFFA,0xFFFA,0xFFFA,0xFFFA,0xFFFA,0xFFFA,0xFFFA,0xFFFA,0xFFFA,0xFFFA,0xFFFA,0xFFFA,
  0xFFFA,0xFFFA,0xFFFB,0xFFFA,0x8423,0x8023,0x8023,0x8023,0xD182,0xD181,0xFFFB,0xFFFA,0xFFFA,0xFFFA,0xFFFA,0xFFFA,
  0xFFFA,0xFFFA,0xFFFA,0xFFFA,0xFFFA,0xFFFA,0xFFFA,0xFFFA,0xFFFA,0xFFFA,0xFFFA,0xFFFA,0xFFFA,0xFFFA,0xFFFA,0xFFFA,
  0xFFFA,0xFFFB,0xFFFB,0xFBDB,0x8422,0x8022,0x0000,0x0000,0x0000,0x0000,0x0000,0x0000,0x0000,0x0000,0x0000,0x0000,
  0x0000,0x0000,0x0000,0x0000,0x0000,0x8025,0x8023,0x8000,0x82FD,0x86DC,0xA655,0xAA54,0x9E12,0x8067,0x8025,0x8219,
  0x96FC,0xFBFF,0xCBBF,0x827B,0x8025,0x8046,0x8024,0x8024,0x8024,0x8024,0x8045,0x0000,0x0000,0x0000,0x0000,0x0000,
  0x0000,0x0000,0x8045,0x8024,0x8022,0xE7FF,0xE3FF,0xE3FF,0xE3FF,0xE3FF,0xE3FF,0xE3FF,0xE3FF,0x8F7F,0x829A,0x8024,
  0x8044,0x8023,0x8023,0x8023,0x8022,0xDFDE,0xDFFF,0xDFFF,0xDBFF,0xDFFF,0xDFFF,0xDFFF,0xDFFF,0xDFFF,0xDFFF,0xDFFF,
  0xDFFF,0xDFFF,0xDFFF,0xDFFF,0xDFFF,0xDFFF,0xDFFF,0xDFFF,0xDFFF,0xDFFF,0xDFFF,0xDFFF,0xDFFF,0xDBFF,0xDBFF,0xCBFF,
  0x8023,0x8023,0x8023,0x8023,0x8023,0xBFBF,0xDFFF,0xDFFF,0xDFFF,0xDFFF,0xDFFF,0xDFFF,0xDFFF,0xE3DE,0x8023,0x8023,
  0x8023,0x8023,0x0000,0x0000,0x0000,0x0000,0x0000,0x0000,0x0000,0x0000,0x0000,0x8023,0x8023,0x8023,0x8023,0xDFDE,
  0xE3FF,0xE3FF,0xE3FF,0xE3FF,0xDFFF,0xE3FF,0xE7FF,0xEBDE,0x8023,0x8023,0x8023,0x8023,0x8023,0xA77E,0xDFFF,0xDFFF,
  0xDFFF,0xDFFF,0xDFFF,0xDFFF,0xDFFF,0xDFFF,0xDFFF,0xDFFF,0xDFFF,0xDFFF,0xDFFF,0xDFFF,0xDFFF,0xDFFF,0xDFFF,0xDFFF,
  0xDFFF,0xDFFF,0xDFFF,0xDFFF,0xDFFF,0xDFFF,0xDFFF,0xDFFF,0xDFFF,0xE3FF,0xE3FF,0xE3FF,0xE3FF,0xE3DE,0x8022,0x8023,
  0x0000,0x0000,0x8023,0x8422,0xFB29,0xFFD4,0xFFF8,0xFFF9,0xFFF9,0xFFFA,0xFFF9,0xFFF9,0xFFF9,0xFFF9,0xFFF9,0xFFF9,
  0xFFF9,0xFFF9,0xFFF9,0xFFF9,0xFFF9,0xFFF9,0xFFF9,0xFFF9,0xFFF9,0xFFF9,0xFFF9,0xFFF9,0xFFF9,0xFFF9,0xFFF9,0xFFF8,
  0xFFD8,0xFFF7,0xFB8F,0x8022,0x8024,0x8047,0x8046,0x8023,0xFF28,0xFF4A,0xFFD8,0xFFF9,0xFFF9,0xFFF9,0xFFD8,0xFFD8,
  0xFFD8,0xB166,0x8023,0x8003,0x0000,0x0000,0x0000,0x0000,0x0000,0x0000,0x0000,0x0000,0x0000,0x0000,0x0000,0x0000,
  0x0000,0x0000,0x0000,0x0000,0x0000,0x8025,0x8023,0x8022,0xA503,0xFB4B,0xFFD9,0xFFD8,0xFFD8,0xFFD8,0xFFD8,0xFFD8,
  0xFFD8,0xFFF9,0xFFF9,0x8022,0x8023,0x8022,0x8002,0xB104,0xB5A9,0xFFFB,0xFFD8,0xFFD8,0xFFD8,0xFFD8,0xFFD8,0xFFD8,
  0xFFD8,0xFFD8,0xFFD8,0xFFD8,0xFFD8,0xFFD8,0xFFD8,0xFFD8,0xFFD8,0xFFD8,0xFFD8,0xFFD8,0xFFD8,0xFFD8,0xFFD8,0xFFD8,
  0xFFD8,0xFFD8,0xFFB5,0xF74B,0x8421,0x8022,0x8023,0x8022,0xEE23,0xEA45,0xFFFC,0xFFFB,0xFFD9,0xFFD9,0xFFD8,0xFFD8,
  0xFFD8,0xFFD8,0xFFD8,0xFFD8,0xFFD8,0xFFD8,0xFFD8,0xFFD8,0xFFD8,0xFFD8,0xFFD8,0xFFD8,0xFFD8,0xFFD9,0xFFD9,0xFFD9,
  0xFFD8,0xFFD8,0xFFD8,0xFB70,0x8422,0x8023,0x0000,0x0000,0x0000,0x0000,0x0000,0x0000,0x0000,0x0000,0x0000,0x0000,
  0x0000,0x0000,0x0000,0x0000,0x0000,0x8025,0x8023,0x8023,0x875E,0x8B7F,0xBFDF,0xBFBF,0xBBDF,0xA6B8,0xB35B,0x808A,
  0x8D2D,0xDBDF,0xA255,0x80AB,0x8024,0x8024,0x8024,0x8024,0x8024,0x8045,0x0000,0x0000,0x0000,0x0000,0x0000,0x0000,
  0x0000,0x0000,0x8025,0x8024,0x8023,0xC7DF,0xC3DF,0xBFDF,0xBFDF,0xBFDF,0xC3DF,0xC7DF,0xC7DF,0x833E,0x8278,0x8023,
  0x8024,0x8024,0x8023,0xC695,0xC6B6,0xDFFF,0xE7FF,0xBFDF,0xBFDF,0xBBDF,0xBBDF,0xBBDF,0xBBDF,0xBBDF,0xBBDF,0xBBDF,
  0xBBDF,0xBBDF,0xBBDF,0xBFDF,0xBBDF,0xBFDF,0xBFDF,0xBFDF,0xBFDF,0xBFDF,0xBFDF,0xBBDF,0xBBDF,0xBBDF,0xA7DF,0x83BF,
  0x8023,0x8023,0x8023,0x8024,0x8024,0x879F,0xAFBF,0xBFDF,0xB7DF,0xB3DF,0xB7DF,0xBBDF,0xC3DF,0xBBBF,0xCEF8,0xCAD7,
  0x8023,0x8023,0x8024,0x0000,0x0000,0x0000,0x0000,0x0000,0x0000,0x0000,0x8023,0x8023,0x8022,0xD719,0xDB5B,0xB7DF,
  0xB7DF,0xBBDF,0xBFDF,0xBFDF,0xBFDF,0xBBDF,0xB3DF,0x875E,0x8002,0x8023,0x8023,0x8024,0x8024,0x835E,0x835E,0xB7BF,
  0xBBBF,0xBBDF,0xBFDF,0xBFDF,0xBBDF,0xBBDF,0xBBDF,0xBBDF,0xBBDF,0xBBDF,0xBBDF,0xBBDF,0xBBDF,0xBBDF,0xBBDF,0xBBDF,
  0xBBDF,0xBBDF,0xBBDF,0xBBDF,0xBBDF,0xBBDF,0xBBDF,0xBBDF,0xBBDF,0xBFDF,0xBFDF,0xBBDF,0xBBDF,0x837E,0x8023,0x8023,
  0x0000,0x0000,0x8023,0x8422,0xFB29,0xFFB3,0xFFB6,0xFFB6,0xFFB6,0xFFB6,0xFFB6,0xFFB6,0xFFB6,0xFFB6,0xFFB6,0xFFB6,
  0xFFB6,0xFFB6,0xFFB6,0xFFB6,0xFFB6,0xFFB6,0xFFB6,0xFFB6,0xFFB6,0xFFB6,0xFFB6,0xFBB6,0xFFB6,0xFFB6,0xFFB6,0xFFB6,
  0xFFB7,0xFFB6,0xFB07,0x8021,0x8022,0x8025,0x8025,0x8023,0xFF49,0xFF49,0xFFB5,0xFFB5,0xFFB6,0xFFB6,0xFFB6,0xFFB6,
  0xFFB6,0xB564,0x8023,0x8002,0x0000,0x0000,0x0000,0x0000,0x0000,0x0000,0x0000,0x0000,0x0000,0x0000,0x0000,0x0000,
  0x0000,0x0000,0x0000,0x0000,0x0000,0x8026,0x8023,0x8023,0xA4E3,0xFB2A,0xFFB6,0xFBB6,0xFFB6,0xFBB6,0xFBB6,0xFFB6,
  0xFFB6,0xFFB6,0xFF8E,0x8022,0x8023,0x8023,0x8002,0xFB07,0xFFB1,0xFFFB,0xFFB7,0xFFB6,0xFFB6,0xFFB6,0xFFB6,0xFFB6,
  0xFFB6,0xFBB6,0xFFB5,0xFBB5,0xFFB5,0xFBB5,0xFFB6,0xFBB6,0xFFB6,0xFFB6,0xFFB6,0xFFB6,0xFFB6,0xFBB6,0xFFB6,0xFFB6,
  0xFBB5,0xFBB5,0xFF8F,0xFF48,0x8422,0x8023,0x8022,0x8022,0xFEE4,0xFF8E,0xFFFB,0xFFF9,0xFFB5,0xFFB6,0xFFB6,0xFBB6,
  0xFFB6,0xFFB6,0xFFB6,0xFBB6,0xFFB6,0xFBB6,0xFBB6,0xFFB6,0xFBB6,0xFFB6,0xFFB6,0xFFB6,0xFFB6,0xFFB6,0xFFB6,0xFFB6,
  0xFFB6,0xFFB6,0xFFD8,0xFB09,0x8422,0x8023,0x0000,0x0000,0x0000,0x0000,0x0000,0x0000,0x0000,0x0000,0x0000,0x0000,
  0x0000,0x0000,0x0000,0x0000,0x0000,0x8025,0x8023,0x8002,0x835E,0x879F,0xB7BF,0xBBBF,0xB7BF,0xB7BF,0xBBFF,0x8067,
  0x8D0D,0xBBDF,0x9657,0x80AC,0x8023,0x8023,0x8023,0x8023,0x8024,0x0000,0x0000,0x0000,0x0000,0x0000,0x0000,0x0000,
  0x0000,0x0000,0x8025,0x8024,0x8023,0xBBDF,0xB7BF,0xBBDF,0xBBDF,0xBBDF,0xBBDF,0xBBDF,0xBBDF,0x831E,0x8278,0x8024,
  0x8023,0x8023,0x8022,0xDFDE,0xE7FF,0xE7FF,0xE7FF,0xB3BF,0xB7BF,0xB7DF,0xB7DF,0xB7BF,0xB7DF,0xB7BF,0xB7BF,0xB7DF,
  0xB7BF,0xB7DF,0xB7DF,0xB7DF,0xB7DF,0xBBDF,0xBBDF,0xBBDF,0xBBDF,0xBBDF,0xB7DF,0xB7DF,0xB7DF,0xBBDF,0xABDF,0x87DF,
  0x8024,0x8024,0x8023,0x8023,0x8023,0x835E,0xB7DF,0xB7BF,0xB7DF,0xBBDF,0xBBDF,0xBBDF,0xBBDF,0xB3BF,0xDFFF,0xDFDE,
  0x8022,0x8023,0x8023,0x8044,0x0000,0x0000,0x0000,0x0000,0x0000,0x8024,0x8023,0x8023,0x8021,0xE3DE,0xE3FF,0xB7DF,
  0xB7DF,0xB7DF,0xB7DF,0xB7DF,0xB7DF,0xB7DF,0xBBDF,0x8B5E,0x8023,0x8023,0x8023,0x8023,0x8023,0x837E,0x839F,0xBBDF,
  0xBBDF,0xB7DF,0xB7DF,0xB7DF,0xB7BF,0xB7DF,0xB7DF,0xB7DF,0xB7DF,0xBBDF,0xBBDF,0xBBDF,0xBBDF,0xBBDF,0xBBDF,0xBBDF,
  0xB7DF,0xBBDF,0xBBDF,0xBBBF,0xBBDF,0xBBDF,0xBBDF,0xBBDF,0xBBDF,0xBBDF,0xBBDF,0xBBDF,0xBFDF,0x877F,0x8023,0x8023,
  0x0000,0x0000,0x8023,0x8422,0xFB29,0xFFB4,0xFFB6,0xFFB6,0xFFB6,0xFFB7,0xFFB7,0xFFB7,0xFFB7,0xFFB7,0xFFB7,0xFFB6,
  0xFFB6,0xFFB6,0xFFB6,0xFFB6,0xFFB6,0xFFB6,0xFFB6,0xFFB6,0xFFB6,0xFFB6,0xFFB6,0xFFB6,0xFFB6,0xFFB6,0xFFB7,0xFFB6,
  0xFFD7,0xFFD7,0xFF06,0x8023,0x8023,0x8026,0x8025,0x8023,0xFF49,0xFF49,0xFFB6,0xFFB6,0xFFB6,0xFFB6,0xFFB6,0xFFB6,
  0xFFB6,0xB964,0x8023,0x8002,0x0000,0x0000,0x0000,0x0000,0x0000,0x0000,0x0000,0x0000,0x0000,0x0000,0x0000,0x0000,
  0x0000,0x0000,0x0000,0x0000,0x0000,0x8026,0x8023,0x8023,0xA0C3,0xFB2A,0xFBB7,0xFFB6,0xFFB6,0xFFB6,0xFFB6,0xFFB6,
  0xFFB7,0xFFB6,0xFF6C,0x8022,0x8023,0x8023,0x8002,0xFF07,0xFF6C,0xFFD7,0xFFB6,0xFFB6,0xFFB6,0xFFB7,0xFFB7,0xFFB6,
  0xFFB6,0xFFB6,0xFFB6,0xFFB6,0xFFB6,0xFFB6,0xFFB6,0xFFB6,0xFFB6,0xFFB6,0xFFB6,0xFFB6,0xFFB6,0xFBB6,0xFFB6,0xFFB6,
  0xFFB6,0xFFB6,0xFF90,0xFB48,0x8421,0x8023,0x8022,0x8022,0xFF06,0xFFB0,0xFFD8,0xFFD8,0xFFB6,0xFFB6,0xFFB6,0xFFB6,
  0xFFB6,0xFFB6,0xFFB6,0xFFB6,0xFFB6,0xFFB6,0xFFB6,0xFFB6,0xFFB7,0xFFB7,0xFFB6,0xFFB6,0xFFB6,0xFFB7,0xFFB7,0xFFB6,
  0xFFB6,0xFFD6,0xFFB5,0xFAE8,0x8421,0x8002,0x0000,0x0000,0x0000,0x0000,0x0000,0x0000,0x0000,0x0000,0x0000,0x0000,
  0x0000,0x0000,0x0000,0x0000,0x0000,0x8025,0x8023,0x8023,0x877E,0x8B9F,0xBBBF,0xBBBF,0xB7BF,0xB7BF,0xBFFF,0x80EC,
  0x84EC,0x82DD,0x8593,0x8089,0xBEF8,0xBAD7,0x8044,0x8024,0x8024,0x8044,0x0000,0x0000,0x0000,0x0000,0x0000,0x0000,
  0x0000,0x0000,0x8025,0x8024,0x8023,0xBFDF,0xBBBF,0xBBDF,0xBBDF,0xBFDF,0xBBDF,0xBBDF,0xBBDF,0x831E,0x8299,0x8024,
  0x8024,0x8024,0x8023,0xC7BE,0xD3FF,0xCBDF,0xCFDF,0xBBDF,0xBBBF,0xBBDF,0xBBDF,0xBBBF,0xBBDF,0xBBDF,0xB7DF,0xBBDF,
  0xBBDF,0xBBDF,0xBBDF,0xBBDF,0xBBDF,0xBBDF,0xBBDF,0xBBDF,0xBBDF,0xBBDF,0xBBDF,0xBBDF,0xBFDF,0xB3BF,0xA3BF,0x87BF,
  0x8023,0x8023,0x8023,0x8022,0x8022,0x831E,0x977F,0xBBDF,0xB7DF,0xBBDF,0xBBDF,0xBBDF,0xBBDF,0xB7BF,0xC7DF,0xC3DF,
  0xE3FF,0xE3DE,0x8022,0x8023,0x8023,0x0000,0x0000,0x8023,0x8023,0x8023,0x8021,0xEFFF,0xEFFF,0xBFDF,0xBFDF,0xB7DF,
  0xB7BF,0xBBDF,0xBBDF,0xBBDF,0xBBDF,0xB7DF,0x977F,0x831E,0x8001,0x8023,0x8023,0x8023,0x8024,0x837E,0x839F,0xBBDF,
  0xBBDF,0xBBDF,0xBBDF,0xBBDF,0xBBBF,0xBBDF,0xBBBF,0xBBDF,0xBBDF,0xBBDF,0xBBDF,0xBFDF,0xBFDF,0xBFDF,0xBBDF,0xBBDF,
  0xBBDF,0xBBDF,0xBBDF,0xBBDF,0xBBDF,0xBBBF,0xBBDF,0xBBDF,0xBFDF,0xBFDF,0xBFDF,0xBFDF,0x871E,0x831E,0x8023,0x8023,
  0x0000,0x0000,0x8023,0x8422,0xFB29,0xFFB4,0xFFB6,0xFFB7,0xFFB7,0xFFB7,0xFFD7,0xFFD7,0xFFB7,0xFFB7,0xFFB7,0xFFB7,
  0xFFB7,0xFFB6,0xFFB6,0xFFB7,0xFFB7,0xFFB6,0xFFB7,0xFFB7,0xFFB7,0xFFB7,0xFFB7,0xFFB7,0xFFB7,0xFFB7,0xFFB7,0xFFB3,
  0xFEE6,0xFEE6,0xFAE5,0x8022,0x8023,0x8026,0x8024,0x8023,0xFF49,0xFF49,0xFFB6,0xFFB6,0xFFB6,0xFFB6,0xFFB6,0xFFB6,
  0xFFB6,0xBD84,0x8023,0x8002,0x0000,0x0000,0x0000,0x0000,0x0000,0x0000,0x0000,0x0000,0x0000,0x0000,0x0000,0x0000,
  0x0000,0x0000,0x0000,0x0000,0x0000,0x8026,0x8023,0x8022,0xA0C3,0xFB29,0xFFB7,0xFFB7,0xFFB7,0xFFB7,0xFFB7,0xFFB7,
  0xFFB7,0xFFB6,0xFF6C,0x8022,0x8023,0x8023,0x8002,0xFF27,0xFF4A,0xFFD7,0xFFB7,0xFFB7,0xFFB7,0xFFB7,0xFFD7,0xFFB7,
  0xFFB7,0xFFB7,0xFFB7,0xFFB7,0xFFB7,0xFFB7,0xFFB7,0xFFB7,0xFFB7,0xFFB7,0xFFB7,0xFFB7,0xFFB7,0xFFB7,0xFFB7,0xFFB7,
  0xFFD6,0xFFB6,0xFF90,0xFB27,0x8422,0x8023,0x8023,0x8423,0xFEE5,0xFFAF,0xFFB6,0xFFB6,0xFFD7,0xFFB7,0xFFB7,0xFFB6,
  0xFFB6,0xFFB6,0xFFB7,0xFFB7,0xFFD7,0xFFD7,0xFFB7,0xFFB7,0xFFB7,0xFFD7,0xFFD7,0xFFB7,0xFFB7,0xFFB7,0xFFB7,0xFFD7,
  0xFFB4,0xFF07,0xFEC3,0xFAA4,0x8423,0x8024,0x0000,0x8024,0x8023,0x8022,0x8022,0x8003,0x8023,0x8023,0x8023,0x8023,
  0x8023,0x8023,0x8024,0x0000,0x0000,0x8025,0x8023,0x8023,0x837E,0x8B9F,0xBBDF,0xBBDF,0xBBDF,0xBBBF,0xBBFF,0x80A9,
  0x810E,0x823B,0x8195,0x80CB,0xD3FF,0xDBDE,0x8444,0x8022,0x8023,0x8002,0x0000,0x0000,0x0000,0x0000,0x0000,0x0000,
  0x0000,0x0000,0x8045,0x8024,0x8023,0xBFDF,0xBFBF,0xBFDF,0xBFDF,0xBFDF,0xBFDF,0xBFDF,0xC3DF,0x831F,0x8299,0x8023,
  0x8023,0x8023,0x8023,0xBBBE,0xBFDF,0xBBDF,0xBBDF,0xBBDF,0xBFDF,0xBBBF,0xBBBF,0xBBDF,0xBBDF,0xBBDF,0xBBDF,0xBBDF,
  0xBBBF,0xBBDF,0xBBDF,0xBBDF,0xBBDF,0xBBDF,0xBBDF,0xBFDF,0xBFDF,0xBFDF,0xBBDF,0xBBDF,0xBBDF,0x831F,0x82DD,0x82DD,
  0x8022,0x8023,0x8023,0x8023,0x8024,0x831F,0x871F,0xB7DF,0xB3DF,0xBBDF,0xBBDF,0xBBDF,0xBBDF,0xBFDF,0xBFDF,0xBFDF,
  0xE7FF,0xE3FF,0x8024,0x8023,0x8023,0x0000,0x0000,0x8044,0x8023,0x8023,0x8022,0xE3DE,0xE7FF,0xBFDF,0xBFBF,0xBBDF,
  0xBBBF,0xBBDF,0xBBDF,0xBBDF,0xBBDF,0xBBDF,0x831F,0x82FE,0x8023,0x8024,0x8023,0x8023,0x8023,0x837E,0x839F,0xBBDF,
  0xBBDF,0xBBDF,0xBBDF,0xBBDF,0xBBDF,0xBBDF,0xBBDF,0xBBDF,0xBBDF,0xBFDF,0xBFDF,0xBFDF,0xBFDF,0xBFDF,0xBFDF,0xBFDF,
  0xBFDF,0xBFDF,0xBFDF,0xBFDF,0xBFDF,0xBFDF,0xBFDF,0xBFDF,0xBFDF,0xBFDF,0xBBDF,0xBFDF,0x82DD,0x82DF,0x8024,0x8023,
  0x0000,0x8046,0x8023,0x8422,0xFB29,0xFFD5,0xFFD7,0xFFD7,0xFFD7,0xFFD7,0xFFD7,0xFFD7,0xFFD7,0xFFD7,0xFFB6,0xFFD6,
  0xFFD6,0xFFD6,0xFFD6,0xFFD6,0xFFD6,0xFFD6,0xFFD6,0xFFD6,0xFFD6,0xFFD6,0xFFD6,0xFFD6,0xFFD6,0xFFB6,0xFFB6,0xFF6B,
  0xFEE4,0xFF25,0xFF25,0x8023,0x8023,0x8025,0x8023,0x8023,0xFF4A,0xFF49,0xFFB7,0xFFD7,0xFFB6,0xFFD7,0xFFD7,0xFFB6,
  0xFFB7,0xBD64,0x8023,0x8023,0x0000,0x0000,0x0000,0x0000,0x0000,0x0000,0x0000,0x0000,0x0000,0x0000,0x0000,0x0000,
  0x0000,0x0000,0x0000,0x0000,0x0000,0x8026,0x8023,0x8022,0xA0C3,0xFB49,0xFFB7,0xFFD7,0xFFD7,0xFFD7,0xFFD7,0xFFB7,
  0xFFD7,0xFFB7,0xFF4B,0x8022,0x8023,0x8023,0x8002,0xFF27,0xFF4A,0xFFD7,0xFFD7,0xFFD7,0xFFD7,0xFFD7,0xFFD7,0xFFD7,
  0xFFD7,0xFFD7,0xFFD7,0xFFD7,0xFFD7,0xFFD7,0xFFD7,0xFFD7,0xFFD7,0xFFD7,0xFFD7,0xFFD7,0xFFD7,0xFFD7,0xFFD7,0xFFD7,
  0xFFD7,0xFFD6,0xFF91,0xFB05,0x8421,0x8023,0x8023,0x8023,0xFF06,0xFFB3,0xFFB6,0xFFD7,0xFFD7,0xFFD7,0xFFD7,0xFFD7,
  0xFFD7,0xFFD7,0xFFB6,0xFFD6,0xFFB6,0xFFD6,0xFFB6,0xFFD6,0xFFD6,0xFFD6,0xFFD7,0xFFD7,0xFFD7,0xFFD6,0xFFB6,0xFFB6,
  0xFF8F,0xFEE5,0xFF25,0xFEE4,0x8421,0x8022,0x8023,0x8022,0x8023,0x8002,0x8002,0x8001,0x8001,0x8001,0x8001,0x8001,
  0x8002,0x8023,0x8024,0x0000,0x0000,0x8025,0x8023,0x8023,0x877E,0x8B9F,0xBFDF,0xBFDF,0xBBDF,0xBFDF,0xBFDF,0xBFBF,
  0x9E34,0x8047,0x8D0B,0xBF9E,0xBFDF,0xC7DF,0xA633,0x9E11,0x8023,0x8024,0x8024,0x8044,0x0000,0x0000,0x0000,0x0000,
  0x0000,0x0000,0x8045,0x8024,0x8023,0xC3DF,0xBFDF,0xC3DF,0xC3DF,0xC3DF,0xC3DF,0xC3DF,0xC3DF,0x831F,0x8279,0x8023,
  0x8023,0x8023,0x8022,0xBBBE,0xC3DF,0xBBDF,0xBBDF,0xBBDF,0xBBDF,0xBFDF,0xBFDF,0xBFDF,0xBFDF,0xBFDF,0xBFDF,0xBFDF,
  0xBFDF,0xBFDF,0xC3DF,0xC3DF,0xC3DF,0xBFDF,0xC3DF,0xC3DF,0xC3DF,0xBFDF,0xBFDF,0xBBDF,0xABDF,0x82FD,0x82DE,0x82FF,
  0x8024,0x8024,0x8024,0x8023,0x8023,0x82DC,0x871E,0xA3BF,0xA3BF,0xB3BF,0xBBDF,0xBFDF,0xBFDF,0xBFDF,0xBFDF,0xBFDF,
  0xCFDF,0xCBDF,0xD39D,0xB253,0x8022,0x8023,0x8024,0x8024,0x8022,0xD39D,0xCFBD,0xC3DF,0xC7DF,0xBBDF,0xBFDF,0xBFDF,
  0xBFDF,0xBFDF,0xB3DF,0xAFBF,0x9B7F,0x9F7F,0x82FF,0x831F,0x8023,0x8023,0x8023,0x8023,0x8023,0x837E,0x839F,0xBBDF,
  0xBBDF,0xBFDF,0xBBDF,0xBFDF,0xBBDF,0xBBDF,0xBBDF,0xBBDF,0xBFDF,0xBFDF,0xBFDF,0xBFDF,0xBFDF,0xBFDF,0xBFDF,0xBFDF,
  0xBFDF,0xBFDF,0xBFDF,0xBFDF,0xBFDF,0xBFDF,0xBFDF,0xBFDF,0xB7DF,0xAFDF,0x82FF,0x82FF,0x827B,0x8258,0x8023,0x8023,
  0x8865,0x8046,0x8023,0x8422,0xFB2A,0xFFD5,0xFFD7,0xFFD7,0xFFD7,0xFFD8,0xFFD8,0xFFD7,0xFFD7,0xFFD7,0xFF05,0xFF05,
  0xFF05,0xFF05,0xFF05,0xFF05,0xFF05,0xFF05,0xFF05,0xFF05,0xFF05,0xFF05,0xFF05,0xFF05,0xFF05,0xFF05,0xFF05,0xFF06,
  0xFAE6,0x8421,0x8023,0x8023,0x8023,0x8026,0x8023,0x8023,0xFF49,0xFF49,0xFFD7,0xFFD7,0xFFD7,0xFFD7,0xFFD7,0xFFD7,
  0xFFB7,0xB964,0x8023,0x8022,0x0000,0x0000,0x0000,0x0000,0x0000,0x0000,0x0000,0x0000,0x0000,0x0000,0x0000,0x0000,
  0x0000,0x0000,0x0000,0x0000,0x0000,0x8026,0x8023,0x8023,0xA4E4,0xFB4A,0xFFD7,0xFFD7,0xFFD7,0xFFD7,0xFFD7,0xFFD7,
  0xFFD7,0xFFD7,0xFF4A,0x8022,0x8023,0x8023,0x8002,0xFF27,0xFF49,0xFFD7,0xFFD7,0xFFD7,0xFFD8,0xFFD8,0xFFD8,0xFFD7,
  0xFFD7,0xFFD7,0xFFD7,0xFFD8,0xFFD8,0xFFD8,0xFFD7,0xFFD7,0xFFD7,0xFFD7,0xFFD7,0xFFD8,0xFFD8,0xFFD7,0xFFD7,0xFFD8,
  0xFF6D,0xFF26,0xFEC4,0xFAE5,0x8422,0x8023,0x8023,0x8023,0xFF07,0xFFB4,0xFFB7,0xFFD7,0xFFD7,0xFFD7,0xFFD7,0xFFD8,
  0xFFD7,0xFF6E,0xFEE5,0xFEE4,0xFEE4,0xFEE4,0xFEE4,0xFEE5,0xFEE4,0xFEE5,0xFEE5,0xFEE4,0xFEE5,0xFF05,0xFF05,0xFEE5,
  0xFEE5,0xFAA4,0x8421,0x8022,0x8023,0x8023,0x8025,0x8024,0x8C62,0xFFFA,0xFFFB,0xFFFB,0xFFFB,0xFFFB,0xFFFB,0xFFFB,
  0xFF4A,0x8443,0x8023,0x0000,0x0000,0x8025,0x8023,0x8023,0x877E,0x8B9F,0xC3DF,0xBFDF,0xC3DF,0xBFDF,0xBFDF,0xBBBF,
  0x9A13,0x8045,0x8D0B,0xBFBF,0xBFDF,0xBFDF,0xDBFF,0xDFDE,0x8423,0x8023,0x8023,0x8023,0x0000,0x0000,0x0000,0x0000,
  0x0000,0x0000,0x8045,0x8024,0x8023,0xC7DF,0xC3DF,0xC3DF,0xC3DF,0xC3DF,0xC3DF,0xC3DF,0xC3DF,0x833F,0x8298,0x8023,
  0x8023,0x8023,0x8023,0xBFBE,0xC3DF,0xBFDF,0xBFDF,0xBFDF,0xBFDF,0xBFDF,0xBFDF,0xBFDF,0xC3DF,0x877F,0x837F,0x837F,
  0x839F,0x839F,0x839F,0x839F,0x839F,0x839F,0x839F,0x837F,0x837F,0x837F,0x837F,0x837F,0x875F,0x837F,0x8024,0x8023,
  0x8023,0x8023,0x8024,0x8023,0x8023,0x8023,0x8001,0x82FE,0x82FF,0xA39F,0xAFBF,0xC3DF,0xC3DF,0xBFDF,0xBFDF,0xBFDF,
  0xBFDF,0xC7DF,0xE3FF,0xBEB7,0x8023,0x8023,0x8023,0x8023,0x8023,0xEBFF,0xDBFF,0xBFDF,0xBFDF,0xBFDF,0xBFDF,0xBFDF,
  0xBFDF,0xC3DF,0xABBF,0xABBF,0x82DF,0x82DE,0x8023,0x8022,0x8023,0x8023,0x8024,0x8024,0x8024,0x837E,0x839F,0xBFDF,
  0xBFDF,0xBFDF,0xBFDF,0xBFDF,0xBFDF,0xBFDF,0xBFDF,0xBFDF,0xBFDF,0xBFDF,0xC3DF,0xC3DF,0xC3DF,0xC3DF,0xC3DF,0xC3DF,
  0xC3DF,0xC3DF,0xC3DF,0xC3DF,0xC3DF,0xC3DF,0xBFDF,0xBFDF,0xBBDF,0xB3DF,0x82FF,0x82DD,0x8023,0x8023,0x8023,0x8023,
  0x8026,0x8026,0x8023,0x8422,0xFB2A,0xFFD6,0xFFD7,0xFFD7,0xFFD7,0xFFD8,0xFFD8,0xFFD8,0xFFD8,0xFFD9,0xFF46,0xFF45,
  0xFF65,0xFF64,0xFF44,0xFF44,0xFF44,0xFF65,0xFF45,0xFF65,0xFF65,0xFF65,0xFF65,0xFF45,0xFF44,0xFF44,0xFF43,0xFF43,
  0xFF25,0x8422,0x8024,0x8023,0x8025,0x8025,0x8023,0x8023,0xFF4A,0xFF49,0xFFD7,0xFFD7,0xFFD7,0xFFD7,0xFFD7,0xFFD7,
  0xFFB8,0xB964,0x8023,0x8023,0x0000,0x0000,0x0000,0x0000,0x0000,0x0000,0x0000,0x0000,0x0000,0x0000,0x0000,0x0000,
  0x0000,0x0000,0x0000,0x0000,0x0000,0x8026,0x8023,0x8023,0xA0E3,0xFB4A,0xFFD8,0xFFD8,0xFFD8,0xFFD7,0xFFD7,0xFFD7,
  0xFFD8,0xFFD7,0xFF2A,0x8022,0x8023,0x8023,0x8002,0xFF28,0xFF4B,0xFFFB,0xFFFA,0xFFF9,0xFFF9,0xFFF9,0xFFF9,0xFFFA,
  0xFFFB,0xFFF9,0xFFD7,0xFFD7,0xFFD8,0xFFD8,0xFFD8,0xFFD8,0xFFD8,0xFFD8,0xFFF9,0xFFF9,0xFFFA,0xFFFA,0xFFF9,0xFFF9,
  0xFF8F,0xFEE5,0xFF25,0xFF05,0x8421,0x8023,0x8023,0x8023,0xFF07,0xFFB5,0xFFD7,0xFFD7,0xFFD7,0xFFD8,0xFFD8,0xFFD7,
  0xFFD7,0xFF8F,0xFF43,0xFF44,0xFF44,0xFF43,0xFF44,0xFF44,0xFF43,0xFF43,0xFF43,0xFF43,0xFF44,0xFF44,0xFF44,0xFF44,
  0xFF24,0xFEE3,0x8422,0x8023,0x8023,0x8024,0x8023,0x8002,0x8C62,0xFF4B,0xFFFB,0xFFFB,0xFFFB,0xFFFA,0xFFFA,0xFFFA,
  0xFF28,0x8022,0x8023,0x0000,0x0000,0x8025,0x8023,0x8023,0x877E,0x8B9F,0xC3DF,0xC3DF,0xBFDF,0xC3DF,0xC3DF,0xBFDF,
  0xBFDF,0xBFBF,0xC3DF,0xC3DF,0xC3DF,0xC3DF,0xCBDF,0xCBDF,0xA5F0,0xA1EF,0x8002,0x8022,0x8022,0x8023,0x0000,0x0000,
  0x0000,0x0000,0x8045,0x8024,0x8023,0xC7DF,0xC3DF,0xC3DF,0xC7DF,0xC7DF,0xC7DF,0xC3DF,0xC3DF,0x833F,0x8278,0x8023,
  0x8023,0x8023,0x8023,0xBBBE,0xC3DF,0xBFDF,0xBFDF,0xC3DF,0xC3DF,0xC3DF,0xC3DF,0xBFDF,0xBBDF,0x83BF,0x83DF,0x83DF,
  0x83DF,0x83DF,0x83DF,0x83DF,0x83DF,0x83FF,0x83DF,0x83DF,0x83DF,0x83DF,0x83BF,0x839F,0x839F,0x837F,0x8024,0x8023,
  0x8023,0x8023,0x8024,0x8023,0x8023,0x8023,0x8024,0x827B,0x82BC,0x8F3F,0x935F,0xC3DF,0xC3DF,0xC3DF,0xC3DF,0xC3DF,
  0xC3DF,0xC3DF,0xC7DF,0xCFFF,0xE3FF,0x8000,0x8023,0xD77C,0xF3FF,0xC7DF,0xCBDF,0xC3DF,0xC3DF,0xC3DF,0xC3DF,0xC7DF,
  0xC7DF,0x937F,0x82FE,0x82BD,0x829D,0x829C,0x80A7,0x8023,0x8023,0x8023,0x8024,0x8023,0x8024,0x877E,0x879F,0x82BD,
  0x829D,0x82BD,0x82BE,0x82BE,0x82DE,0x82DE,0x82DE,0x82DE,0xC3DF,0xC3DF,0xC3DF,0xC3DF,0xC3DF,0xC3DF,0xC3DF,0xC3DF,
  0xC3DF,0xC3FF,0x82DE,0x82DE,0x82BD,0x82BD,0x82BD,0x82DE,0x82FF,0x82FF,0x8217,0x81F5,0x8023,0x8023,0x8024,0x8044,
  0x8026,0x8026,0x8023,0x8422,0xFB29,0xFFD7,0xFFD8,0xFFD8,0xFFD8,0xFFD8,0xFFD8,0xFFD8,0xFFD7,0xFB06,0x8022,0x8023,
  0x8023,0x8023,0x8023,0x8023,0x8023,0x8023,0x8023,0x8023,0x8023,0x8023,0x8023,0x8023,0x8023,0x8023,0x8023,0x8023,
  0x8023,0x8023,0x8023,0x8045,0x8046,0x8046,0x8023,0x8022,0xFF4A,0xFF49,0xFFD8,0xFFD8,0xFFD8,0xFFD8,0xFFD8,0xFFD8,
  0xFFD8,0xBD64,0x8023,0x8022,0x0000,0x0000,0x0000,0x0000,0x0000,0x0000,0x0000,0x0000,0x0000,0x0000,0x0000,0x0000,
  0x0000,0x0000,0x0000,0x0000,0x0000,0x8025,0x8023,0x8022,0x9CC3,0xFB2A,0xFFD8,0xFFD8,0xFFD8,0xFFD8,0xFFD8,0xFFD8,
  0xFFD8,0xFFD8,0xFF2A,0x8023,0x8023,0x8023,0x8002,0xFB06,0xFEA3,0xFEA3,0xFEA3,0xFEA3,0xFEA3,0xFEA4,0xFEA4,0xFEA4,
  0xFEC4,0xFF91,0xFFD8,0xFFD8,0xFFD8,0xFFD8,0xFFD8,0xFFD8,0xFFD7,0xFF6B,0xFEA3,0xFE83,0xFE82,0xFE82,0xFE83,0xFEA3,
  0xFEA3,0xFEA3,0x8022,0x8023,0x8023,0x8023,0x8023,0x8023,0xFF07,0xFFD6,0xFFD7,0xFFD8,0xFFD8,0xFFD8,0xFFD8,0xFFD8,
  0xFFD8,0xFEE6,0x8023,0x8023,0x8023,0x8023,0x8023,0x8023,0x8023,0x8023,0x8023,0x8023,0x8023,0x8023,0x8023,0x8023,
  0x8023,0x8023,0x8023,0x8023,0x8444,0x8026,0x8023,0x8023,0x9061,0xFF28,0xFFB7,0xFFB7,0xFFB7,0xFFD7,0xFFB7,0xFFB4,
  0xFEE5,0x8023,0x8023,0x0000,0x0000,0x8025,0x8023,0x8023,0x877E,0x8B9F,0xC3DF,0xC3DF,0xC3DF,0xC3DF,0xC7DF,0xC3DF,
  0xC3DF,0xC3DF,0xC3DF,0xC3DF,0xC3DF,0xC3DF,0xC7DF,0xC7DF,0xD7FF,0xDBFF,0x8044,0x8023,0x8023,0x8022,0x0000,0x0000,
  0x0000,0x0000,0x8045,0x8024,0x8023,0xCBDF,0xC7DF,0xC7DF,0xC7DF,0xC7DF,0xC7DF,0xC7DF,0xC3DF,0x833F,0x8278,0x8023,
  0x8023,0x8023,0x8023,0xBBBE,0xC3DF,0xC3DF,0xC3DF,0xC3DF,0xC3DF,0xC3DF,0xC3DF,0xC7DF,0x937F,0x8024,0x8023,0x8023,
  0x8023,0x8023,0x8023,0x8023,0x8023,0x8023,0x8023,0x8023,0x8023,0x8023,0x8023,0x8023,0x8023,0x8023,0x8023,0x8023,
  0x0000,0x0000,0x8024,0x8024,0x8024,0x8023,0x8023,0x8023,0x8045,0x82BD,0x82DD,0xBFDF,0xC3DF,0xC7DF,0xC7DF,0xC3DF,
  0xC7DF,0xC7DF,0xCBDF,0xD7FF,0xE3FF,0x8001,0x8022,0xC75B,0xDFFF,0xBFDF,0xC7DF,0xC7DF,0xC7DF,0xC7DF,0xC7DF,0xC3DF,
  0xC3DF,0x877F,0x82DE,0x829E,0x8087,0x8023,0x8023,0x8023,0x8025,0x8025,0x8024,0x8023,0x8023,0x837E,0x82DE,0x82DE,
  0x82DE,0x82DE,0x82BE,0x82DE,0x82DE,0x82FF,0x82FF,0x82FE,0xC7DF,0xC7DF,0xC7DF,0xC7DF,0xC3DF,0xC3DF,0xC3DF,0xC3DF,
  0xC3DF,0xC3DF,0x82BD,0x82DE,0x82DE,0x82BE,0x82DE,0x82DE,0x82BE,0x82BD,0x8001,0x8023,0x8023,0x8023,0x0000,0x0000,
  0x8046,0x8046,0x8023,0x8422,0xFB29,0xFFD7,0xFFD8,0xFFD8,0xFFD8,0xFFD8,0xFFD8,0xFFD8,0xFFD8,0xFF07,0x8023,0x8023,
  0x8023,0x8023,0x8023,0x8023,0x8023,0x8023,0x8023,0x8023,0x8023,0x8023,0x8023,0x8023,0x8023,0x8023,0x8023,0x8023,
  0x8023,0x8023,0x8024,0x0000,0x8025,0x8025,0x8023,0x8023,0xFF4A,0xFF49,0xFFD8,0xFFD8,0xFFD8,0xFFD8,0xFFD8,0xFFD8,
  0xFFD8,0xBD64,0x8023,0x8002,0x0000,0x0000,0x0000,0x0000,0x0000,0x0000,0x0000,0x0000,0x0000,0x0000,0x0000,0x0000,
  0x0000,0x0000,0x0000,0x0000,0x0000,0x8026,0x8023,0x8023,0xA0E3,0xFB4A,0xFFD8,0xFFD8,0xFFD8,0xFFD8,0xFFD8,0xFFD8,
  0xFFD8,0xFFD8,0xFF2A,0x8022,0x8023,0x8023,0x8023,0xFF05,0xFEE4,0xFEE4,0xFEE4,0xFEE5,0xFEE5,0xFEC4,0xFEC4,0xFEC3,
  0xFEC4,0xFF8F,0xFFD8,0xFFD8,0xFFD8,0xFFD8,0xFFD8,0xFFD8,0xFFF8,0xFF4B,0xFEC3,0xFEC3,0xFEC4,0xFEC4,0xFEC4,0xFEC3,
  0xFEC3,0xFEC3,0x8023,0x8023,0x8023,0x8023,0x8023,0x8023,0xFF28,0xFFD5,0xFFD7,0xFFD8,0xFFD8,0xFFD8,0xFFD8,0xFFD8,
  0xFFD8,0xFAC5,0x8022,0x8023,0x8023,0x8023,0x8023,0x8023,0x8023,0x8023,0x8023,0x8023,0x8023,0x8023,0x8023,0x8023,
  0x8023,0x8023,0x8023,0x8023,0x0000,0x8025,0x8023,0x8022,0x8C61,0xFF28,0xFFD7,0xFFD7,0xFFD7,0xFFD7,0xFFD7,0xFFB3,
  0xFEC4,0x8022,0x8023,0x0000,0x0000,0x8025,0x8023,0x8023,0x877E,0x8B9F,0xC7DF,0xC7DF,0xC7DF,0xC7DF,0xC3DF,0xC3DF,
  0xC3DF,0xC3DF,0xC3DF,0xC7DF,0xC7DF,0xC7DF,0xC7DF,0xC7DF,0xD3DF,0xD3DF,0x8002,0x8001,0x8002,0x8022,0x8022,0x8023,
  0x0000,0x0000,0x8045,0x8024,0x8023,0xCBDF,0xC7DF,0xC7DF,0xCBDF,0xCBDF,0xCBDF,0xC7DF,0xC7DF,0x831F,0x8278,0x8023,
  0x8023,0x8023,0x8023,0xBBBE,0xC3DF,0xC3DF,0xC3DF,0xC3DF,0xC3DF,0xC3DF,0xC3DF,0xC3DF,0x937F,0x8023,0x8023,0x8023,
  0x8023,0x8023,0x8023,0x8023,0x8023,0x8023,0x8023,0x8023,0x8023,0x8023,0x8023,0x8023,0x8023,0x8023,0x8023,0x8024,
  0x0000,0x0000,0x8024,0x8024,0x8024,0x8023,0x8023,0x8022,0x8000,0x82BE,0x82BD,0xC3DF,0xD3FF,0xCBDF,0xCBDF,0xC7DF,
  0xC7DF,0xC7DF,0xC7DF,0xC7DF,0xCBDF,0xCF5B,0xCF5B,0xD3FF,0xD3DF,0xCBDF,0xC7DF,0xC7DF,0xC7DF,0xC7DF,0xC7DF,0xBBDF,
  0xBFDF,0x8F7F,0x82DE,0x82BE,0x80A7,0x8023,0x8023,0x8023,0x8025,0x8024,0x8025,0x8023,0x8024,0x82FE,0x82FF,0x82FE,
  0x82FE,0x82FF,0x82FF,0x82FF,0x82FF,0x82FF,0x82DE,0x82FE,0xC7DF,0xC7DF,0xC7DF,0xC7DF,0xC7DF,0xC7DF,0xC7DF,0xC7DF,
  0xC7DF,0xBBFF,0x8002,0x8001,0x8001,0x8001,0x8002,0x8002,0x8003,0x8002,0x8023,0x8023,0x8023,0x8023,0x0000,0x0000,
  0x8046,0x8046,0x8024,0x8422,0xFB2A,0xFFD9,0xFFF9,0xFFF9,0xFFFA,0xFFFA,0xFFFA,0xFFFA,0xFFFA,0xFF2A,0x8023,0x8023,
  0x8023,0x8023,0x8023,0x8023,0x8023,0x8023,0x8023,0x8023,0x8023,0x8023,0x8023,0x8023,0x8023,0x8023,0x8023,0x8023,
  0x8025,0x8025,0x0000,0x0000,0x8046,0x8046,0x8023,0x8023,0xFF4A,0xFF49,0xFFF9,0xFFF9,0xFFF9,0xFFFA,0xFFFA,0xFFFA,
  0xFFDA,0xB965,0x8023,0x8002,0x0000,0x0000,0x0000,0x0000,0x0000,0x0000,0x0000,0x0000,0x0000,0x0000,0x0000,0x0000,
  0x0000,0x0000,0x0000,0x0000,0x0000,0x8026,0x8023,0x8022,0xA0E3,0xFB4A,0xFFDA,0xFFF9,0xFFF9,0xFFFA,0xFFFA,0xFFFA,
  0xFFFA,0xFFFA,0xFF29,0x8022,0x8023,0x8023,0x8023,0x8023,0x8023,0x8023,0x8023,0x8023,0x8023,0x8023,0x8023,0x8023,
  0xFB4A,0xFF48,0xFFF9,0xFFF9,0xFFF9,0xFFFA,0xFFFA,0xFFFA,0xFF91,0xFF69,0x8023,0x8023,0x8023,0x8023,0x8023,0x8023,
  0x8023,0x8023,0x8023,0x8023,0x8025,0x8025,0x8023,0x8023,0xFF4A,0xFFD7,0xFFF9,0xFFF9,0xFFFA,0xFFFA,0xFFFA,0xFFFA,
  0xFFFA,0xFF4B,0x8023,0x8023,0x8023,0x8023,0x8023,0x8023,0x8023,0x8023,0x8023,0x8023,0x8023,0x8023,0x8023,0x8023,
  0x8023,0x8023,0x8025,0x0000,0x0000,0x8026,0x8023,0x8023,0x8C41,0xFF29,0xFFD8,0xFFD8,0xFFF9,0xFFF9,0xFFD8,0xFF28,
  0xFEC4,0x8022,0x8023,0x0000,0x0000,0x8025,0x8023,0x8023,0x877E,0x8B9F,0xCFDF,0xCFFF,0xCFDF,0xCFDF,0xCFDF,0xCFDF,
  0xCBDF,0xCBDF,0xCBDF,0xCFDF,0xCFDF,0xCFFF,0xD3FF,0xD3FF,0xD3FF,0xD3DF,0xE3FF,0xDFFF,0x8023,0x8022,0x8023,0x8024,
  0x0000,0x0000,0x8045,0x8024,0x8044,0xD7FF,0xD3FF,0xD3FF,0xD3FF,0xD3FF,0xD3FF,0xCFFF,0xCFDF,0x835F,0x8278,0x8023,
  0x8023,0x8023,0x8023,0xBBBE,0xCFFF,0xCFDF,0xCFDF,0xCFDF,0xCFFF,0xCFFF,0xD3FF,0xD7FF,0xCBFF,0x8023,0x8023,0x8023,
  0x8023,0x8023,0x8023,0x8023,0x8023,0x8023,0x8023,0x8023,0x8023,0x8023,0x8023,0x8023,0x8023,0x8023,0x8023,0x0000,
  0x0000,0x0000,0x0000,0x0000,0x8024,0x8024,0x8024,0x8023,0x8023,0x8023,0x837F,0x831F,0x82DE,0xA79F,0xCFFF,0xD3FF,
  0xD3FF,0xD3FF,0xD3FF,0xD3FF,0xD3DF,0xE3FF,0xDFFF,0xD3FF,0xCFFF,0xD3DF,0xD3FF,0xD3FF,0xD3FF,0xD3FF,0xCFFF,0x8BBF,
  0x829E,0x82DE,0x831F,0x8024,0x8023,0x8023,0x8024,0x8024,0x8024,0x0000,0x8024,0x8023,0x8023,0x8023,0x8023,0x8023,
  0x8023,0x8023,0x8023,0x8023,0x8023,0x8023,0x839F,0x839F,0xCFDF,0xD3DF,0xD3DF,0xD3FF,0xD3FF,0xD3FF,0xCFFF,0xCFFF,
  0xCFDF,0xB3DF,0x8024,0x8024,0x8023,0x8023,0x8023,0x8023,0x8023,0x8023,0x8023,0x8023,0x8024,0x0000,0x0000,0x0000,
  0x8046,0x8046,0x8023,0x8422,0xFB2A,0xFFD9,0xFFF9,0xFFF9,0xFFF9,0xFFF9,0xFFFA,0xFFFA,0xFFFA,0xFF2B,0x8023,0x8023,
  0x8023,0x8023,0x8023,0x8023,0x8023,0x8023,0x8023,0x8023,0x8023,0x8023,0x8023,0x8023,0x8023,0x8023,0x8023,0x8023,
  0x8025,0x8025,0x0000,0x0000,0x8046,0x8026,0x8023,0x8023,0xFF49,0xFF49,0xFFFA,0xFFFA,0xFFF9,0xFFFA,0xFFFA,0xFFFA,
  0xFFDA,0xB985,0x8023,0x8003,0x0000,0x0000,0x0000,0x0000,0x0000,0x0000,0x0000,0x0000,0x0000,0x0000,0x0000,0x0000,
  0x0000,0x0000,0x0000,0x0000,0x0000,0x8026,0x8023,0x8022,0xA0C3,0xFB4A,0xFFFA,0xFFFA,0xFFFA,0xFFFA,0xFFFA,0xFFFA,
  0xFFFA,0xFFFA,0xFF29,0x8022,0x8023,0x8023,0x8023,0x8023,0x8023,0x8023,0x8023,0x8023,0x8023,0x8023,0x8023,0x8002,
  0xFB2A,0xFF28,0xFFF9,0xFFFA,0xFFFA,0xFFFA,0xFFFA,0xFFFA,0xFF8F,0xFF68,0x8022,0x8023,0x8023,0x8023,0x8023,0x8023,
  0x8023,0x8023,0x8023,0x8024,0x8045,0x8025,0x8023,0x8023,0xFF4A,0xFFD7,0xFFFA,0xFFFA,0xFFFA,0xFFFA,0xFFFA,0xFFFA,
  0xFFFA,0xFF4B,0x8022,0x8023,0x8023,0x8023,0x8023,0x8023,0x8023,0x8023,0x8023,0x8023,0x8023,0x8023,0x8023,0x8023,
  0x8023,0x8023,0x0000,0x0000,0x0000,0x8025,0x8023,0x8023,0x8C61,0xFF29,0xFFD9,0xFFF9,0xFFF9,0xFFF9,0xFFF8,0xFF08,
  0xFEA4,0x8023,0x8023,0x0000,0x0000,0x8025,0x8023,0x8023,0x877E,0x8B9F,0xCFDF,0xCFDF,0xCFDF,0xCFDF,0xCFFF,0xCFFF,
  0xCFFF,0xD3FF,0xD7FF,0xD3FF,0xD3FF,0xCFFF,0xCFFF,0xCFFF,0xCFDF,0xCFDF,0xDFFF,0xDFFF,0x8001,0x8002,0x8023,0x8022,
  0x8023,0x8023,0x8025,0x8023,0x8023,0xD7FF,0xD3DF,0xD3FF,0xD3FF,0xD3FF,0xD3FF,0xD3FF,0xD3FF,0x835F,0x8298,0x8023,
  0x8023,0x8023,0x8023,0xBBBE,0xCFFF,0xCFFF,0xCFDF,0xCFFF,0xCFDF,0xCFDF,0xCFFF,0xD7FF,0xC7DF,0x8023,0x8023,0x8023,
  0x8023,0x8023,0x8023,0x8023,0x8023,0x8023,0x8023,0x8023,0x8023,0x8023,0x8023,0x8023,0x8023,0x8023,0x8023,0x0000,
  0x0000,0x0000,0x0000,0x0000,0x8024,0x8024,0x8024,0x8023,0x8023,0x8023,0x837F,0x831F,0x82DE,0xAB9F,0xDBFF,0xD7FF,
  0xD3FF,0xCFDF,0xD3DF,0xD3FF,0xCFDF,0xDFFF,0xDFFF,0xD7DF,0xD3FF,0xD3FF,0xD3FF,0xD3FF,0xD3FF,0xD3FF,0xDBFF,0x879F,
  0x82DF,0x831F,0x831F,0x8023,0x8023,0x8023,0x8024,0x8024,0x0000,0x0000,0x8025,0x8023,0x8023,0x8023,0x8023,0x8023,
  0x8023,0x8023,0x8023,0x8023,0x8023,0x8023,0x837E,0x839F,0xD3FF,0xD3FF,0xD3FF,0xD3FF,0xD3FF,0xD3FF,0xD3FF,0xD3FF,
  0xD3FF,0xABBF,0x8023,0x8023,0x8023,0x8023,0x8023,0x8023,0x8023,0x8023,0x8023,0x8024,0x0000,0x0000,0x0000,0x0000,
  0x8046,0x8046,0x8023,0x8422,0xFB2A,0xFFD9,0xFFFA,0xFFFA,0xFFFA,0xFFFA,0xFFFA,0xFFFA,0xFFFA,0xFFF9,0xFFFA,0xFFFB,
  0xFFFB,0xFFFB,0xFFFB,0xFFFB,0xFFFB,0xFFFB,0xFFFC,0xFFFB,0xFFFB,0xFFFB,0xFFFB,0xFFFB,0xFBDB,0xFFFB,0x8024,0x8023,
  0x8045,0x0000,0x0000,0x0000,0x8026,0x8046,0x8023,0x8023,0xFF49,0xFF49,0xFFFA,0xFFFA,0xFFFA,0xFFFA,0xFFFA,0xFFFA,
  0xFFDA,0xB985,0x8023,0x8003,0x0000,0x0000,0x0000,0x0000,0x0000,0x0000,0x0000,0x0000,0x0000,0x0000,0x0000,0x0000,
  0x0000,0x0000,0x0000,0x0000,0x0000,0x8026,0x8023,0x8023,0xA0E3,0xFB4A,0xFFFB,0xFFFB,0xFFFB,0xFFFA,0xFFFA,0xFFFA,
  0xFFFB,0xFFFB,0xFF4A,0x8023,0x8023,0x8026,0x8025,0x8026,0x8026,0x8046,0x8025,0x8025,0x8025,0x8025,0x8023,0x8002,
  0xFB2A,0xFF48,0xFFFA,0xFFFB,0xFFFB,0xFFFA,0xFFFA,0xFFFA,0xFF91,0xFF89,0x8023,0x8023,0x8026,0x8026,0x8025,0x8025,
  0x8025,0x8025,0x8025,0x8025,0x8025,0x8025,0x8023,0x8023,0xFF4A,0xFF6A,0xFFFA,0xFFFA,0xFFFA,0xFFFA,0xFFFA,0xFFFB,
  0xFFFA,0xFFF9,0xFFFA,0xFFFB,0xFFFB,0xFFFB,0xFFFB,0xFFFB,0xFFFB,0xFFFB,0xFFFB,0xFFFB,0xFFFB,0xFFFB,0xFFFB,0xFBDA,
  0x8024,0x8024,0x0000,0x0000,0x0000,0x8025,0x8023,0x8022,0x8C40,0xFF08,0xFE64,0xFE64,0xFE63,0xFE63,0xFA63,0xFA63,
  0xF203,0x8022,0x8023,0x0000,0x0000,0x8025,0x8023,0x8023,0x877E,0x93BF,0xD3FF,0xD3FF,0xD3FF,0xD3FF,0xD3FF,0xD3FF,
  0x9FBF,0x82FF,0x82FE,0xCBFF,0xD3FF,0xD3FF,0xD3FF,0xD3FF,0xD3FF,0xD3FF,0xD3FF,0xD3FF,0xDFFF,0xDFFF,0x8002,0x8023,
  0x8023,0x8023,0x8046,0x8024,0x8023,0xDBFF,0xD7FF,0xD7FF,0xD7FF,0xD7FF,0xD7FF,0xD7FF,0xD7FF,0x835F,0x8299,0x8023,
  0x8024,0x8023,0x8023,0xC3BE,0xD3FF,0xD7FF,0xD7FF,0xD7FF,0xD7FF,0xD7FF,0xD7FF,0xD7FF,0xD3FF,0xE3FF,0xE3FF,0xE3FF,
  0xE3FF,0xE3FF,0xE3FF,0xE7FF,0xE7FF,0xE7FF,0xE3FF,0xE3FF,0xE3FF,0xE3FF,0xE3FF,0xE3FF,0xEBFF,0x8022,0x8023,0x0000,
  0x0000,0x0000,0x0000,0x0000,0x0000,0x8024,0x8024,0x8024,0x8024,0x8023,0x8024,0x8023,0x831F,0x831F,0x831F,0x9F7F,
  0xD3FF,0xD3FF,0xD3FF,0xD3FF,0xD7FF,0xD7FF,0xD7FF,0xD7FF,0xD3FF,0xD7FF,0xD7FF,0xD3FF,0xD3FF,0xABBF,0x833F,0x829D,
  0x829D,0x8024,0x8023,0x8023,0x8024,0x8024,0x8024,0x0000,0x0000,0x0000,0x8025,0x8024,0x8025,0x8025,0x8025,0x8025,
  0x8025,0x8024,0x8024,0x8024,0x8023,0x8023,0x839E,0x839F,0xD7FF,0xD7FF,0xD7FF,0xD7FF,0xD7FF,0xD7FF,0xD7FF,0xD7FF,
  0xD7FF,0xAFBF,0x8024,0x8023,0x8025,0x8024,0x8024,0x8024,0x8024,0x8025,0x8025,0x0000,0x0000,0x0000,0x0000,0x0000,
  0x8046,0x8046,0x8023,0x8422,0xFB29,0xFFF9,0xFFFA,0xFFFA,0xFFFA,0xFFFA,0xFFFA,0xFFFA,0xFFFA,0xFFFA,0xFFFB,0xFFFB,
  0xFFFB,0xFFFB,0xFFFB,0xFFFB,0xFFFB,0xFFFB,0xFFFB,0xFFFB,0xFFFB,0xFFFB,0xFFFB,0xFFFB,0xFFFB,0xFFFA,0x8023,0x8023,
  0x0000,0x0000,0x0000,0x0000,0x8046,0x8026,0x8023,0x8023,0xFF4A,0xFF49,0xFFFA,0xFFFA,0xFFFA,0xFFFA,0xFFFA,0xFFFA,
  0xFFDA,0xB965,0x8023,0x8003,0x0000,0x0000,0x0000,0x0000,0x0000,0x0000,0x0000,0x0000,0x0000,0x0000,0x0000,0x0000,
  0x0000,0x0000,0x0000,0x0000,0x0000,0x8026,0x8023,0x8023,0xA4E3,0xFB4A,0xFFFB,0xFFFA,0xFFFB,0xFFFB,0xFFFB,0xFFFB,
  0xFFFB,0xFFFB,0xFF2A,0x8023,0x8023,0x8026,0x8045,0x8025,0x8025,0x8025,0x8025,0x8025,0x8025,0x8025,0x8023,0x8022,
  0xFB2A,0xFF48,0xFFFA,0xFFFA,0xFFFA,0xFFFA,0xFFFA,0xFFFB,0xFFB2,0xFF69,0x8023,0x8023,0x8025,0x8026,0x8026,0x8025,
  0x8025,0x8025,0x8046,0x0000,0x8025,0x8026,0x8023,0x8023,0xFF4A,0xFF6A,0xFFFA,0xFFFA,0xFFFA,0xFFFB,0xFFFA,0xFFFA,
  0xFFFA,0xFFFA,0xFFFB,0xFFFB,0xFFFB,0xFFFB,0xFFFB,0xFFFB,0xFFFB,0xFFFB,0xFFFB,0xFFFB,0xFFFB,0xFFFB,0xFFFB,0xFBD9,
  0x8022,0x8023,0x0000,0x0000,0x0000,0x8025,0x8024,0x8023,0x8C62,0xFE64,0xFE43,0xFE42,0xFE63,0xFE63,0xFA63,0xFA43,
  0x8843,0x8022,0x8023,0x0000,0x0000,0x8025,0x8023,0x8023,0x877E,0x939F,0xD7FF,0xD3FF,0xD3DF,0xD3FF,0xD3FF,0xCFFF,
  0x9FBF,0x82FF,0x831F,0xCFFF,0xDFFF,0xD7FF,0xD7FF,0xD3FF,0xD3FF,0xD3FF,0xD3FF,0xD3FF,0xDFFF,0xE3FF,0x88A6,0x8464,
  0x8023,0x8023,0x8025,0x8023,0x8022,0xDFFF,0xD7FF,0xD7FF,0xD7FF,0xD7FF,0xD7FF,0xD7FF,0xD7FF,0x835F,0x8299,0x8023,
  0x8023,0x8023,0x8023,0xC3BE,0xD7FF,0xD7FF,0xD7FF,0xD7FF,0xD7FF,0xD7FF,0xD7FF,0xD7FF,0xD3FF,0xE3FF,0xE3FF,0xE3FF,
  0xE3FF,0xE3FF,0xE3FF,0xE3FF,0xE3FF,0xE3FF,0xE3FF,0xE3FF,0xE3FF,0xE3FF,0xE3FF,0xDFFF,0xE7FF,0x8023,0x8023,0x0000,
  0x0000,0x0000,0x0000,0x0000,0x0000,0x0000,0x8045,0x8024,0x8024,0x8023,0x8023,0x8001,0x82BA,0x829A,0x82FD,0x9F7F,
  0xDBFF,0xD7FF,0xD7FF,0xD7FF,0xD3FF,0xD3FF,0xD3FF,0xD7FF,0xD7FF,0xD7FF,0xD7FF,0xDBFF,0xDBFF,0xB3BF,0x833E,0x81D5,
  0x8171,0x8024,0x8024,0x8024,0x8024,0x8024,0x0000,0x0000,0x0000,0x0000,0x8025,0x8025,0x8024,0x8025,0x8025,0x8025,
  0x8025,0x8025,0x8024,0x8024,0x8023,0x8023,0x839E,0x839F,0xD7FF,0xD7FF,0xD7FF,0xD7FF,0xD7FF,0xD7FF,0xD7FF,0xD7FF,
  0xD7FF,0xBBDF,0x8023,0x8023,0x8046,0x8045,0x8025,0x8025,0x8025,0x8025,0x0000,0x0000,0x0000,0x0000,0x0000,0x0000,
  0x8046,0x8046,0x8024,0x8422,0xFB29,0xFFD4,0xFFFA,0xFFFA,0xFFFA,0xFFFA,0xFFFA,0xFFFA,0xFFFA,0xFFFA,0xFFFA,0xFFFA,
  0xFFFA,0xFFFA,0xFFFA,0xFFFA,0xFFFA,0xFFFA,0xFFFA,0xFFFA,0xFFFA,0xFFFA,0xFFFA,0xFFFA,0xFFDA,0xFFF8,0x8024,0x8023,
  0x0000,0x0000,0x0000,0x0000,0x8046,0x8046,0x8023,0x8022,0xFF4A,0xFF49,0xFFFA,0xFFFA,0xFFFA,0xFFFA,0xFFFB,0xFFFA,
  0xFFDA,0xB565,0x8023,0x8022,0x0000,0x0000,0x0000,0x0000,0x0000,0x0000,0x0000,0x0000,0x0000,0x0000,0x0000,0x0000,
  0x0000,0x0000,0x0000,0x0000,0x0000,0x8026,0x8023,0x8023,0xA0E3,0xFB4A,0xFFFB,0xFFFA,0xFFFA,0xFFFB,0xFFFB,0xFFFB,
  0xFFFB,0xFFFA,0xFF29,0x8023,0x8023,0x8026,0x8025,0x8026,0x8045,0x8045,0x8026,0x8026,0x8025,0x8025,0x8023,0x8002,
  0xFB2A,0xFF27,0xFFFA,0xFFFA,0xFFFA,0xFFFA,0xFFFA,0xFFFA,0xFFB1,0xFF68,0x8023,0x8023,0x8025,0x8025,0x8026,0x8046,
  0x8046,0x8026,0x0000,0x0000,0x8046,0x8026,0x8023,0x8023,0xFF4A,0xFF69,0xFFFA,0xFFFA,0xFFFA,0xFFFA,0xFFFA,0xFFFA,
  0xFFFA,0xFFFA,0xFFFA,0xFFFB,0xFFFA,0xFFFA,0xFFFA,0xFFFA,0xFFFA,0xFFFA,0xFFFA,0xFFFA,0xFFFA,0xFFFA,0xFFFA,0xFB2C,
  0x8023,0x8023,0x0000,0x0000,0x0000,0x8046,0x8024,0x8024,0x8023,0x8421,0x8442,0x8443,0x8443,0x8822,0x8821,0x8422,
  0x8023,0x8023,0x8023,0x0000,0x0000,0x8025,0x8023,0x8023,0x877E,0x8F9F,0xD3FF,0xD7FF,0xD7FF,0xD3FF,0xD3FF,0xD3FF,
  0x8F7F,0x831F,0x82FF,0x82FF,0x82FF,0xDBFF,0xD7FF,0xD3FF,0xD3FF,0xD3FF,0xD3FF,0xD3FF,0xD3FF,0xD3FF,0xDFFF,0xE3FF,
  0x8023,0x8023,0x8023,0x8023,0x8023,0xDBFF,0xD7FF,0xD7FF,0xDBFF,0xDBFF,0xDBFF,0xD7FF,0xD7FF,0x835F,0x8298,0x8023,
  0x8023,0x8023,0x8023,0xC7BE,0xD7FF,0xD7FF,0xD7FF,0xD7FF,0xD7FF,0xD7FF,0xD7FF,0xD7FF,0xD3FF,0xD3FF,0xD3DF,0xD3FF,
  0xD3FF,0xD3FF,0xD3DF,0xD3FF,0xD7FF,0xD7FF,0xD7FF,0xD7DF,0xD7DF,0xD3FF,0xD3FF,0xD3DF,0xDBFF,0x8023,0x8023,0x0000,
  0x0000,0x0000,0x0000,0x0000,0x0000,0x0000,0x0000,0x8024,0x8024,0x8024,0x8023,0x8023,0x8023,0x80EB,0x82FE,0x835F,
  0x879F,0xD7FF,0xD3FF,0xD3FF,0xD7FF,0xD7FF,0xD7FF,0xD7FF,0xD7FF,0xD3FF,0xD3FF,0xD7FF,0x879F,0x837F,0x81B7,0x8003,
  0x8024,0x8023,0x8024,0x8024,0x8024,0x8024,0x0000,0x0000,0x0000,0x0000,0x0000,0x0000,0x0000,0x0000,0x0000,0x0000,
  0x0000,0x0000,0x8024,0x8025,0x8023,0x8023,0x837E,0x839F,0xD7FF,0xD7FF,0xD7FF,0xD7FF,0xD7FF,0xD7FF,0xD7FF,0xD7FF,
  0xD7FF,0xBFDF,0x8023,0x8023,0x0000,0x0000,0x0000,0x0000,0x0000,0x0000,0x0000,0x0000,0x0000,0x0000,0x0000,0x0000,
  0x8046,0x8046,0x8023,0x8422,0xF709,0xFFAF,0xFFFA,0xFFFA,0xFFFA,0xFFFA,0xFFFA,0xFFFA,0xFFFA,0xFFFA,0xFFFA,0xFFFA,
  0xFFFA,0xFFFA,0xFFFA,0xFFFA,0xFFF9,0xFFFA,0xFFFA,0xFFFA,0xFFFA,0xFFFA,0xFFF9,0xFFF9,0xFFF9,0xFFB5,0x8022,0x8023,
  0x0000,0x0000,0x0000,0x0000,0x8046,0x8046,0x8023,0x8023,0xFF4A,0xFF49,0xFFFA,0xFFFA,0xFFFA,0xFFFA,0xFFFA,0xFFFA,
  0xFFDA,0xB145,0x8023,0x8023,0x0000,0x0000,0x0000,0x0000,0x0000,0x0000,0x0000,0x0000,0x0000,0x0000,0x0000,0x0000,
  0x0000,0x0000,0x0000,0x0000,0x0000,0x8026,0x8023,0x8022,0xA0E3,0xFB4A,0xFFFC,0xFFFA,0xFFFA,0xFFFA,0xFFFA,0xFFFA,
  0xFFFA,0xFFF9,0xFF2A,0x8023,0x8023,0x0000,0x0000,0x0000,0x0000,0x0000,0x0000,0x0000,0x8025,0x8025,0x8023,0x8002,
  0xFB29,0xFF27,0xFFFA,0xFFFA,0xFFFA,0xFFFA,0xFFFA,0xFFF9,0xFF8F,0xFF28,0x8022,0x8023,0x8465,0x0000,0x0000,0x0000,
  0x0000,0x0000,0x0000,0x0000,0x8046,0x8046,0x8023,0x8023,0xFF4A,0xFF49,0xFFF9,0xFFFA,0xFFFA,0xFFFA,0xFFFA,0xFFFA,
  0xFFFA,0xFFFA,0xFFFA,0xFFFA,0xFFFA,0xFFFA,0xFFFA,0xFFFA,0xFFFA,0xFFFA,0xFFFA,0xFFFA,0xFFFA,0xFFF9,0xFFF8,0xF70A,
  0x8021,0x8002,0x0000,0x0000,0x0000,0x8046,0x8024,0x8024,0x8023,0x8023,0x8023,0x8023,0x8023,0x8023,0x8023,0x8023,
  0x8023,0x8024,0x0000,0x0000,0x0000,0x8025,0x8023,0x8002,0x837E,0x8BBF,0xD3FF,0xD3FF,0xD3FF,0xD3FF,0xD3FF,0xD3FF,
  0x877F,0x82FD,0x82FD,0x82FE,0x82DE,0xCFDF,0xD3FF,0xD3DF,0xD3FF,0xD3FF,0xD3FF,0xD3FF,0xD3FF,0xD3FF,0xDBFF,0xDBFF,
  0x8044,0x8024,0x8024,0x8024,0x8023,0xDBFF,0xD7FF,0xD7FF,0xD7FF,0xD7FF,0xD7FF,0xD7FF,0xD7FF,0x837F,0x8298,0x8023,
  0x8024,0x8024,0x8023,0xC7DE,0xD3FF,0xD3FF,0xD7FF,0xD7FF,0xD3FF,0xD3FF,0xD3FF,0xD3FF,0xD3FF,0xD3FF,0xD3FF,0xD3DF,
  0xD3DF,0xD3FF,0xD3FF,0xD3DF,0xD3FF,0xD3FF,0xD3FF,0xD3FF,0xD3FF,0xD3FF,0xD3FF,0xD3FF,0xDBFF,0x8023,0x8023,0x0000,
  0x0000,0x0000,0x0000,0x0000,0x0000,0x0000,0x0000,0x0000,0x0000,0x8023,0x8023,0x8023,0x8023,0x8023,0x8067,0x8279,
  0x8B9F,0xD7FF,0xD3FF,0xD3FF,0xD3FF,0xD3FF,0xD3FF,0xD3FF,0xD3FF,0xD3FF,0xD3FF,0xD7DF,0x877F,0x833E,0x80CC,0x8024,
  0x8024,0x8023,0x8024,0x8024,0x0000,0x0000,0x0000,0x0000,0x0000,0x0000,0x0000,0x0000,0x0000,0x0000,0x0000,0x0000,
  0x0000,0x0000,0x8024,0x8024,0x8023,0x8023,0x837E,0x839F,0xD7FF,0xD7FF,0xD3FF,0xD3FF,0xD3FF,0xD3FF,0xD7FF,0xD7FF,
  0xD7DF,0xB3DF,0x8023,0x8023,0x0000,0x0000,0x0000,0x0000,0x0000,0x0000,0x0000,0x0000,0x0000,0x0000,0x0000,0x0000,
  0x8046,0x8046,0x8023,0x8422,0xFB2A,0xFF49,0xFF49,0xFF49,0xFF49,0xFF49,0xFF49,0xFF49,0xFF49,0xFF49,0xFF49,0xFF49,
  0xFF49,0xFF49,0xFF49,0xFF49,0xFF49,0xFF49,0xFF49,0xFF49,0xFF49,0xFF4A,0xFF07,0xFEE5,0xFEC4,0xFEC5,0x8023,0x8023,
  0x0000,0x0000,0x0000,0x0000,0x8046,0x8046,0x8023,0x8023,0xFF4A,0xFF49,0xFF49,0xFF49,0xFF49,0xFF49,0xFF49,0xFF49,
  0xFF49,0xB186,0x8023,0x8023,0x0000,0x0000,0x0000,0x0000,0x0000,0x0000,0x0000,0x0000,0x0000,0x0000,0x0000,0x0000,
  0x0000,0x0000,0x0000,0x0000,0x0000,0x8026,0x8023,0x8023,0xA504,0xFB4A,0xFF49,0xFF49,0xFF49,0xFF49,0xFF49,0xFF49,
  0xFF49,0xFF49,0xFF8A,0x8022,0x8023,0x0000,0x0000,0x0000,0x0000,0x0000,0x0000,0x0000,0x8025,0x8025,0x8023,0x8022,
  0xFB4B,0xFF49,0xFF49,0xFF49,0xFF49,0xFF48,0xFF49,0xFF49,0xFF4A,0xFF8A,0x8023,0x8023,0x0000,0x0000,0x0000,0x0000,
  0x0000,0x0000,0x0000,0x0000,0x8045,0x8026,0x8023,0x8022,0xFF4A,0xFF49,0xFF49,0xFF49,0xFF49,0xFF69,0xFF69,0xFF69,
  0xFF69,0xFF49,0xFF49,0xFF49,0xFF49,0xFF49,0xFF49,0xFF69,0xFF69,0xFF69,0xFF49,0xFF49,0xFEE6,0xFEA4,0xFE84,0xFA84,
  0x8024,0x8024,0x0000,0x0000,0x0000,0x8025,0x8025,0x8025,0x8025,0x8025,0x8025,0x8025,0x8025,0x8025,0x8025,0x8025,
  0x8025,0x0000,0x0000,0x0000,0x0000,0x8025,0x8023,0x8023,0x877E,0x839F,0x839F,0x839F,0x879F,0x839F,0x839F,0x839F,
  0x833E,0x8001,0x8024,0x835F,0x875F,0x829D,0x829E,0x839F,0x839F,0x839F,0x839F,0x879F,0x839F,0x879F,0x879F,0x839F,
  0xD3FF,0xD3DE,0x8022,0x8023,0x8023,0x879F,0x839F,0x879F,0x879F,0x839F,0x839F,0x839F,0x839F,0x879F,0x82DA,0x8024,
  0x8023,0x8024,0x8024,0x837E,0x839F,0x839F,0x839F,0x839F,0x839F,0x839F,0x839F,0x839F,0x839F,0x839F,0x839F,0x839F,
  0x839F,0x839F,0x839F,0x83BF,0x839F,0x839F,0x839F,0x87BF,0x87BF,0x831F,0x82FE,0x82FE,0x831F,0x8023,0x8023,0x0000,
  0x0000,0x0000,0x0000,0x0000,0x0000,0x0000,0x0000,0x0000,0x0000,0x0000,0x8045,0x8024,0x8023,0x8023,0x8023,0x85F3,
  0x839F,0x839F,0x839F,0x879F,0x839F,0x839F,0x839F,0x839F,0x839F,0x839F,0x879F,0x879F,0x879F,0x82BA,0x8023,0x8023,
  0x8023,0x8024,0x0000,0x0000,0x0000,0x0000,0x0000,0x0000,0x0000,0x0000,0x0000,0x0000,0x0000,0x0000,0x0000,0x0000,
  0x0000,0x0000,0x8024,0x8024,0x8023,0x8023,0x839E,0x839F,0x839F,0x839F,0x839F,0x839F,0x87BF,0x87BF,0x87BF,0x879F,
  0x879F,0x83DF,0x8023,0x8023,0x0000,0x0000,0x0000,0x0000,0x0000,0x0000,0x0000,0x0000,0x0000,0x0000,0x0000,0x0000,
  0x8046,0x8046,0x8023,0x8422,0xFB29,0xFF49,0xFF49,0xFF49,0xFF49,0xFF49,0xFF49,0xFF69,0xFF49,0xFF49,0xFF49,0xFF49,
  0xFF49,0xFF49,0xFF49,0xFF49,0xFF49,0xFF49,0xFF49,0xFF49,0xFF49,0xFF49,0xFF06,0xFEA5,0xFEC6,0xFEC6,0x8023,0x8023,
  0x0000,0x0000,0x0000,0x0000,0x8026,0x8046,0x8023,0x8023,0xFF49,0xFF49,0xFF49,0xFF49,0xFF49,0xFF49,0xFF49,0xFF49,
  0xFF4A,0xB585,0x8023,0x8023,0x0000,0x0000,0x0000,0x0000,0x0000,0x0000,0x0000,0x0000,0x0000,0x0000,0x0000,0x0000,
  0x0000,0x0000,0x0000,0x0000,0x0000,0x8026,0x8023,0x8022,0xA504,0xFB4A,0xFF49,0xFF49,0xFF49,0xFF49,0xFF49,0xFF49,
  0xFF49,0xFF49,0xFF6A,0x8022,0x8023,0x0000,0x0000,0x0000,0x0000,0x0000,0x0000,0x0000,0x8025,0x8025,0x8023,0x8002,
  0xFB2A,0xFF49,0xFF49,0xFF49,0xFF49,0xFF49,0xFF49,0xFF49,0xFF4A,0xFF89,0x8023,0x8023,0x0000,0x0000,0x0000,0x0000,
  0x0000,0x0000,0x0000,0x0000,0x8046,0x8026,0x8023,0x8023,0xFF4A,0xFF49,0xFF49,0xFF49,0xFF49,0xFF4A,0xFF4A,0xFF69,
  0xFF49,0xFF49,0xFF49,0xFF49,0xFF49,0xFF49,0xFF49,0xFF49,0xFF49,0xFF49,0xFF49,0xFF49,0xFEC5,0xFE64,0xFE64,0xFE64,
  0x8023,0x8023,0x0000,0x0000,0x0000,0x8025,0x8025,0x8025,0x8025,0x8025,0x8025,0x8025,0x8025,0x8026,0x8025,0x8025,
  0x8025,0x0000,0x0000,0x0000,0x0000,0x8025,0x8023,0x8023,0x877E,0x839F,0x839F,0x839F,0x839F,0x839F,0x839F,0x839F,
  0x833E,0x8000,0x8024,0x82FC,0x833F,0x827D,0x827C,0x839F,0x839F,0x839F,0x839F,0x839F,0x839F,0x839F,0x839F,0x839F,
  0xD3FF,0xD7DE,0x8422,0x8024,0x8024,0x87BF,0x879F,0x839F,0x839F,0x839F,0x839F,0x839F,0x839F,0x879F,0x82B9,0x8023,
  0x8023,0x8024,0x8024,0x837E,0x839F,0x839F,0x839F,0x839F,0x839F,0x839F,0x839F,0x839F,0x839F,0x839F,0x839F,0x839F,
  0x879F,0x879F,0x879F,0x839F,0x839F,0x839F,0x839F,0x879F,0x839F,0x82DF,0x82DE,0x82DF,0x831F,0x8024,0x8023,0x0000,
  0x0000,0x0000,0x0000,0x0000,0x0000,0x0000,0x0000,0x0000,0x0000,0x0000,0x8486,0x8024,0x8023,0x8023,0x8022,0x8234,
  0x879F,0x839F,0x839F,0x839F,0x839F,0x839F,0x839F,0x839F,0x839F,0x839F,0x839F,0x839F,0x839F,0x8298,0x8023,0x8023,
  0x8023,0x8024,0x0000,0x0000,0x0000,0x0000,0x0000,0x0000,0x0000,0x0000,0x0000,0x0000,0x0000,0x0000,0x0000,0x0000,
  0x0000,0x0000,0x8024,0x8024,0x8023,0x8023,0x837E,0x839F,0x839F,0x839F,0x839F,0x839F,0x839F,0x87BF,0x87BF,0x87BF,
  0x879F,0x83BF,0x8023,0x8023,0x0000,0x0000,0x0000,0x0000,0x0000,0x0000,0x0000,0x0000,0x0000,0x0000,0x0000,0x0000,
  0x8046,0x8026,0x8023,0x8422,0xFB29,0xFF49,0xFF49,0xFF49,0xFF49,0xFF49,0xFF49,0xFF49,0xFA23,0xFE23,0xFE23,0xFE23,
  0xFE23,0xFE23,0xFE22,0xFE22,0xFE23,0xFE23,0xFE23,0xFE22,0xFA22,0xFA23,0xFE43,0xFA44,0x9043,0x8422,0x8023,0x8024,
  0x0000,0x0000,0x0000,0x0000,0x8026,0x8026,0x8023,0x8023,0xFF49,0xFF49,0xFF49,0xFF49,0xFF49,0xFF49,0xFF49,0xFF49,
  0xFF4A,0xB585,0x8023,0x8023,0x0000,0x0000,0x0000,0x0000,0x0000,0x0000,0x0000,0x0000,0x0000,0x0000,0x0000,0x0000,
  0x0000,0x0000,0x0000,0x0000,0x0000,0x8046,0x8023,0x8023,0xA0E3,0xFB4A,0xFF49,0xFF49,0xFF49,0xFF49,0xFF49,0xFF49,
  0xFF49,0xFF49,0xFF8A,0x8022,0x8023,0x0000,0x0000,0x0000,0x0000,0x0000,0x0000,0x0000,0x8025,0x8025,0x8023,0x8022,
  0xFB2A,0xFF49,0xFF49,0xFF49,0xFF49,0xFF49,0xFF49,0xFF49,0xFF4A,0xFF89,0x8023,0x8023,0x0000,0x0000,0x0000,0x0000,
  0x0000,0x0000,0x0000,0x0000,0x8046,0x8026,0x8023,0x8022,0xFF4A,0xFF49,0xFF49,0xFF49,0xFF4A,0xFF4A,0xFF4A,0xFF49,
  0xFA23,0xFE23,0xFE23,0xFE03,0xFA02,0xFA02,0xFA23,0xFA23,0xFE23,0xFE23,0xFE23,0xFA23,0xFE44,0xFE44,0x8422,0x8002,
  0x8023,0x8023,0x0000,0x0000,0x0000,0x8026,0x8046,0x8045,0x8025,0x8025,0x8045,0x8025,0x8025,0x8025,0x8025,0x0000,
  0x0000,0x0000,0x0000,0x0000,0x0000,0x8025,0x8023,0x8023,0x877E,0x839F,0x839F,0x839F,0x839F,0x839F,0x839F,0x839F,
  0x833E,0x8000,0x8023,0x8023,0x8023,0x837E,0x833E,0x827D,0x82DE,0x82DE,0x839F,0x839F,0x839F,0x839F,0x839F,0x839F,
  0x879F,0x839F,0xBFDF,0x9F19,0x8023,0x87BF,0x879F,0x839F,0x839F,0x839F,0x839F,0x839F,0x839F,0x839F,0x82B9,0x8023,
  0x8023,0x8024,0x8024,0x837E,0x839F,0x839F,0x839F,0x839F,0x839F,0x839F,0x839F,0x839F,0x83BF,0x82BE,0x82BE,0x82BE,
  0x82BE,0x82BE,0x829E,0x829E,0x82BE,0x82BE,0x82BE,0x82BE,0x82BF,0x82DF,0x82DF,0x8001,0x8002,0x8023,0x8023,0x0000,
  0x0000,0x0000,0x0000,0x0000,0x0000,0x0000,0x0000,0x0000,0x0000,0x0000,0x8023,0x8023,0x8022,0xA37D,0xCFDE,0xA7DF,
  0x839F,0x839F,0x839F,0x839F,0x839F,0x839F,0x839F,0x839F,0x839F,0x839F,0x839F,0x839F,0x839F,0x97BF,0xDBFF,0xCFDE,
  0x8022,0x8022,0x8023,0x8023,0x0000,0x0000,0x0000,0x0000,0x0000,0x0000,0x0000,0x0000,0x0000,0x0000,0x0000,0x0000,
  0x0000,0x0000,0x8024,0x8024,0x8023,0x8023,0x837E,0x839F,0x839F,0x839F,0x839F,0x839F,0x839F,0x839F,0x87BF,0x839F,
  0x879F,0x83DF,0x8023,0x8023,0x0000,0x0000,0x0000,0x0000,0x0000,0x0000,0x0000,0x0000,0x0000,0x0000,0x0000,0x0000,
  0x8046,0x8046,0x8023,0x8422,0xFB29,0xFF49,0xFF49,0xFF49,0xFF49,0xFF49,0xFF49,0xFF49,0xFE23,0xFE23,0xFE43,0xFE43,
  0xFE43,0xFE23,0xFE23,0xFE23,0xFE43,0xFE23,0xFE43,0xFE43,0xFE23,0xFE23,0xFE23,0xFA23,0x8443,0x8024,0x8023,0x8003,
  0x0000,0x0000,0x0000,0x0000,0x8026,0x8046,0x8023,0x8023,0xFF49,0xFF49,0xFF49,0xFF49,0xFF49,0xFF49,0xFF49,0xFF49,
  0xFF4A,0xB165,0x8023,0x8023,0x0000,0x0000,0x0000,0x0000,0x0000,0x0000,0x0000,0x0000,0x0000,0x0000,0x0000,0x0000,
  0x0000,0x0000,0x0000,0x0000,0x0000,0x8046,0x8023,0x8023,0xA0E3,0xFB4A,0xFF49,0xFF49,0xFF49,0xFF49,0xFF49,0xFF49,
  0xFF49,0xFF49,0xFF8A,0x8022,0x8023,0x0000,0x0000,0x0000,0x0000,0x0000,0x0000,0x0000,0x8025,0x8025,0x8023,0x8022,
  0xFB2A,0xFF49,0xFF49,0xFF49,0xFF49,0xFF49,0xFF49,0xFF49,0xFF4A,0xFF89,0x8023,0x8023,0x0000,0x0000,0x0000,0x0000,
  0x0000,0x0000,0x0000,0x0000,0x8046,0x8026,0x8023,0x8023,0xFF4A,0xFF49,0xFF49,0xFF49,0xFF49,0xFF49,0xFF49,0xFF49,
  0xFA23,0xFE23,0xFE23,0xFE23,0xFE23,0xFE03,0xFA03,0xFE23,0xFE23,0xFE23,0xFE23,0xFE23,0xFE23,0xFA03,0x8021,0x8023,
  0x8022,0x0000,0x0000,0x0000,0x0000,0x0000,0x0000,0x0000,0x0000,0x0000,0x0000,0x0000,0x0000,0x0000,0x0000,0x0000,
  0x0000,0x0000,0x0000,0x0000,0x0000,0x8025,0x8023,0x8023,0x877E,0x839F,0x839F,0x839F,0x839F,0x839F,0x839F,0x839F,
  0x833E,0x8000,0x8022,0x8023,0x8023,0x839F,0x835F,0x829D,0x82BE,0x82BE,0x839F,0x839F,0x839F,0x839F,0x839F,0x839F,
  0x839F,0x879F,0xC3DF,0x9F3B,0x8045,0x83BF,0x879F,0x839F,0x839F,0x879F,0x839F,0x839F,0x839F,0x839F,0x8299,0x8023,
  0x8024,0x8024,0x8024,0x837E,0x839F,0x839F,0x839F,0x839F,0x839F,0x839F,0x839F,0x839F,0x83BF,0x82BE,0x82BE,0x82BE,
  0x82BE,0x82BE,0x82BE,0x82BE,0x82BE,0x82BE,0x82BE,0x82BE,0x82BE,0x82BD,0x82BE,0x8024,0x8024,0x8023,0x8065,0x0000,
  0x0000,0x0000,0x0000,0x0000,0x0000,0x0000,0x0000,0x0000,0x0000,0x8023,0x8023,0x8023,0x8022,0xA35C,0xCBFF,0xB3DF,
  0x879F,0x839F,0x839F,0x839F,0x839F,0x839F,0x839F,0x839F,0x839F,0x839F,0x839F,0x839F,0x839F,0x8B9F,0xCBFF,0xCFDE,
  0x8022,0x8023,0x8023,0x8023,0x0000,0x0000,0x0000,0x0000,0x0000,0x0000,0x0000,0x0000,0x0000,0x0000,0x0000,0x0000,
  0x0000,0x0000,0x8024,0x8025,0x8023,0x8023,0x839E,0x839F,0x839F,0x839F,0x839F,0x839F,0x839F,0x839F,0x839F,0x839F,
  0x879F,0x83BF,0x8023,0x8023,0x0000,0x0000,0x0000,0x0000,0x0000,0x0000,0x0000,0x0000,0x0000,0x0000,0x0000,0x0000,
  0x8046,0x8046,0x8023,0x8422,0xFB29,0xFF49,0xFF49,0xFF49,0xFF49,0xFF49,0xFF49,0xFF49,0xFA44,0xFE44,0xD163,0xC524,
  0xC103,0xBD03,0xC123,0xC523,0xC123,0xC123,0xC523,0xC523,0xC523,0xC523,0xC123,0xC123,0x8022,0x8023,0x8023,0x8024,
  0x0000,0x0000,0x0000,0x0000,0x8046,0x8046,0x8023,0x8023,0xFF49,0xFF49,0xFF49,0xFF49,0xFF49,0xFF49,0xFF49,0xFF49,
  0xFF4A,0xB165,0x8023,0x8023,0x0000,0x0000,0x0000,0x0000,0x0000,0x0000,0x0000,0x0000,0x0000,0x0000,0x0000,0x0000,
  0x0000,0x0000,0x0000,0x0000,0x0000,0x8046,0x8023,0x8023,0xA104,0xFB2A,0xFF49,0xFF49,0xFF49,0xFF49,0xFF49,0xFF49,
  0xFF49,0xFF49,0xFF8A,0x8022,0x8023,0x0000,0x0000,0x0000,0x0000,0x0000,0x0000,0x0000,0x8025,0x8025,0x8023,0x8002,
  0xFB2A,0xFF49,0xFF49,0xFF49,0xFF49,0xFF49,0xFF49,0xFF49,0xFF49,0xFF89,0x8023,0x8023,0x0000,0x0000,0x0000,0x0000,
  0x0000,0x0000,0x0000,0x0000,0x8046,0x8046,0x8023,0x8023,0xFF49,0xFF49,0xFF49,0xFF49,0xFF49,0xFF49,0xFF49,0xFF49,
  0xFE84,0xFE84,0xACC3,0xA0A3,0xA0A3,0xA4A4,0xA0A4,0xA4C4,0xA8C4,0xA8C4,0xA4C3,0xA4A3,0xA4C3,0xA4C3,0x8024,0x8023,
  0x8044,0x0000,0x0000,0x0000,0x0000,0x0000,0x0000,0x8023,0x8023,0x8023,0x8023,0x8023,0x8023,0x8023,0x8023,0x8023,
  0x8023,0x8023,0x8023,0x0000,0x0000,0x8025,0x8023,0x8023,0x877E,0x839F,0x839F,0x839F,0x839F,0x839F,0x839F,0x839F,
  0x833E,0x8000,0x8024,0x8024,0x8024,0x8170,0x814F,0x82FD,0x829D,0x829E,0x831E,0x839F,0x839F,0x839F,0x839F,0x839F,
  0x879F,0x87BF,0x87BF,0xABDF,0xCFFF,0x839F,0x839F,0x839F,0x839F,0x839F,0x839F,0x839F,0x839F,0x839F,0x8299,0x8023,
  0x8024,0x8024,0x8024,0x837E,0x839F,0x839F,0x839F,0x839F,0x839F,0x839F,0x839F,0x879F,0x83BF,0x8110,0x812F,0x8130,
  0x8130,0x8130,0x810F,0x8130,0x810F,0x810F,0x8130,0x812F,0x8130,0x8151,0x8150,0x8023,0x8023,0x8044,0x0000,0x0000,
  0x0000,0x0000,0x0000,0x0000,0x0000,0x0000,0x0000,0x0000,0x0000,0x8023,0x8024,0xBF7C,0xBB5B,0xABBE,0x839F,0x839F,
  0x839F,0x839F,0x839F,0x839F,0x839F,0x839F,0x839F,0x839F,0x839F,0x839F,0x839F,0x839F,0x839F,0x83BF,0x8B9F,0xC7BE,
  0xA6B7,0xAAD7,0x8001,0x8023,0x0000,0x0000,0x0000,0x0000,0x0000,0x0000,0x0000,0x0000,0x0000,0x0000,0x0000,0x0000,
  0x0000,0x0000,0x8024,0x8024,0x8023,0x8023,0x839E,0x839F,0x839F,0x839F,0x839F,0x839F,0x839F,0x839F,0x839F,0x839F,
  0x879F,0x83BF,0x8023,0x8023,0x0000,0x0000,0x0000,0x0000,0x0000,0x0000,0x0000,0x0000,0x0000,0x0000,0x0000,0x0000,
  0x8046,0x8046,0x8023,0x8422,0xFB29,0xFF49,0xFF49,0xFF49,0xFF49,0xFF49,0xFF4A,0xFF6A,0xFE64,0xFA44,0x8022,0x8023,
  0x8023,0x8023,0x8023,0x8023,0x8023,0x8023,0x8023,0x8023,0x8023,0x8023,0x8023,0x8023,0x8023,0x8024,0x0000,0x0000,
  0x0000,0x0000,0x0000,0x0000,0x8046,0x8026,0x8023,0x8023,0xFF49,0xFF49,0xFF49,0xFF49,0xFF49,0xFF49,0xFF49,0xFF49,
  0xFF4A,0xB165,0x8023,0x8023,0x0000,0x0000,0x0000,0x0000,0x0000,0x0000,0x0000,0x0000,0x0000,0x0000,0x0000,0x0000,
  0x0000,0x0000,0x0000,0x0000,0x0000,0x8026,0x8023,0x8023,0xA104,0xFB4A,0xFF49,0xFF49,0xFF49,0xFF49,0xFF49,0xFF49,
  0xFF49,0xFF49,0xFF8A,0x8022,0x8023,0x0000,0x0000,0x0000,0x0000,0x0000,0x0000,0x0000,0x8026,0x8025,0x8023,0x8022,
  0xFB2A,0xFF49,0xFF49,0xFF49,0xFF49,0xFF49,0xFF49,0xFF49,0xFF49,0xFF89,0x8023,0x8023,0x0000,0x0000,0x0000,0x0000,
  0x0000,0x0000,0x0000,0x0000,0x8046,0x8046,0x8023,0x8023,0xFF4A,0xFF49,0xFF49,0xFF49,0xFF49,0xFF49,0xFF49,0xFF4A,
  0xFE84,0xFE64,0x8022,0x8023,0x8023,0x8023,0x8023,0x8023,0x8023,0x8023,0x8023,0x8023,0x8023,0x8023,0x8023,0x8024,
  0x0000,0x0000,0x0000,0x0000,0x0000,0x0000,0x8045,0x8024,0x8023,0x8022,0x8023,0x8023,0x8023,0x8023,0x8023,0x8022,
  0x8023,0x8023,0x8024,0x0000,0x0000,0x8025,0x8023,0x8023,0x877E,0x839F,0x839F,0x839F,0x839F,0x839F,0x839F,0x839F,
  0x833E,0x8000,0x8023,0x8024,0x8024,0x8023,0x8024,0x833F,0x829E,0x827D,0x827D,0x839F,0x839F,0x839F,0x839F,0x839F,
  0x839F,0x839F,0x839F,0xA7DF,0xCBFF,0x839F,0x839F,0x839F,0x839F,0x839F,0x839F,0x839F,0x839F,0x839F,0x8279,0x8023,
  0x8024,0x8024,0x8024,0x837E,0x839F,0x839F,0x839F,0x839F,0x839F,0x839F,0x839F,0x839F,0x839E,0x8023,0x8023,0x8023,
  0x8023,0x8023,0x8023,0x8023,0x8023,0x8023,0x8023,0x8023,0x8023,0x8023,0x8023,0x8024,0x8025,0x0000,0x0000,0x0000,
  0x0000,0x0000,0x0000,0x0000,0x0000,0x0000,0x0000,0x8023,0x8023,0x8023,0x8023,0xCBFF,0xCBFF,0xBBDF,0x839F,0x839F,
  0x839F,0x839F,0x839F,0x839F,0x839F,0x839F,0x839F,0x839F,0x839F,0x839F,0x839F,0x839F,0x839F,0x839F,0x839F,0xBBDF,
  0xD3FF,0xD3FF,0x8002,0x8023,0x8023,0x8022,0x0000,0x0000,0x0000,0x0000,0x0000,0x0000,0x0000,0x0000,0x0000,0x0000,
  0x0000,0x0000,0x8024,0x8024,0x8023,0x8023,0x839E,0x839F,0x839F,0x839F,0x839F,0x839F,0x839F,0x839F,0x879F,0x839F,
  0x879F,0x87DF,0x8023,0x8023,0x0000,0x0000,0x0000,0x0000,0x0000,0x0000,0x0000,0x0000,0x0000,0x0000,0x0000,0x0000,
  0x8046,0x8046,0x8023,0x8422,0xFB29,0xFF49,0xFF69,0xFF6A,0xFF6A,0xFF69,0xFF69,0xFF69,0xFE64,0xFE84,0x8024,0x8023,
  0x8023,0x8023,0x8023,0x8023,0x8023,0x8023,0x8023,0x8023,0x8023,0x8023,0x8023,0x8023,0x8024,0x8025,0x0000,0x0000,
  0x0000,0x0000,0x0000,0x0000,0x8025,0x8045,0x8023,0x8023,0xFF4A,0xFF49,0xFF49,0xFF49,0xFF4A,0xFF49,0xFF49,0xFF49,
  0xFF29,0xB165,0x8023,0x8023,0x90A5,0x8C85,0x8C85,0x8C85,0x8C85,0x8885,0x8C85,0x8C85,0x0000,0x8C85,0x8C85,0x8C85,
  0x8864,0x8865,0x8464,0x8444,0x8444,0x8024,0x8023,0x8023,0xA0E4,0xFB2A,0xFF4A,0xFF4A,0xFF49,0xFF49,0xFF4A,0xFF4A,
  0xFF4A,0xFF49,0xFF8A,0x8022,0x8023,0x0000,0x0000,0x0000,0x0000,0x0000,0x0000,0x0000,0x8025,0x8025,0x8023,0x8022,
  0xFB2A,0xFF49,0xFF49,0xFF49,0xFF49,0xFF49,0xFF49,0xFF49,0xFF49,0xFFA9,0x8023,0x8023,0x0000,0x0000,0x0000,0x0000,
  0x0000,0x0000,0x0000,0x0000,0x8046,0x8026,0x8023,0x8023,0xFF4A,0xFF49,0xFF4A,0xFF49,0xFF4A,0xFF6A,0xFF49,0xFF69,
  0xFE63,0xFE85,0x8023,0x8023,0x8023,0x8023,0x8023,0x8023,0x8023,0x8023,0x8023,0x8023,0x8023,0x8023,0x8025,0x8C85,
  0x0000,0x0000,0x0000,0x0000,0x0000,0x8444,0x8024,0x8023,0x8C62,0xFBDC,0xFFFC,0xFFFB,0xFFFA,0xFFFA,0xFFFB,0xFFFD,
  0xFAE8,0x8022,0x8022,0x0000,0x0000,0x8025,0x8023,0x8023,0x877E,0x839F,0x839F,0x839F,0x839F,0x83BF,0x839F,0x87BF,
  0x833E,0x8000,0x8023,0x8024,0x8025,0x8024,0x8024,0x8278,0x8218,0x829D,0x829D,0x835F,0x837F,0x839F,0x839F,0x839F,
  0x839F,0x839F,0x879F,0x879F,0x839F,0x839F,0x879F,0x879F,0x839F,0x839F,0x839F,0x839F,0x879F,0x837F,0x8279,0x8023,
  0x8024,0x8023,0x8024,0x837E,0x839F,0x839F,0x839F,0x839F,0x839F,0x839F,0x839F,0x839F,0x83BF,0x8044,0x8023,0x8023,
  0x8023,0x8023,0x8023,0x8023,0x8023,0x8023,0x8023,0x8023,0x8023,0x8023,0x8023,0x8024,0x8487,0x0000,0x0000,0x0000,
  0x0000,0x0000,0x0000,0x0000,0x0000,0x0000,0x8487,0x8024,0x8044,0x9E11,0x9A32,0xBBDF,0xBBDF,0x83BF,0x839F,0x839F,
  0x839F,0x839F,0x839F,0x839F,0x839F,0x839F,0x839F,0x839F,0x839F,0x83BF,0x839F,0x839F,0x839F,0x839F,0x839F,0x839F,
  0xB3BF,0xBBDF,0x99AE,0x958C,0x8022,0x8023,0x0000,0x0000,0x0000,0x0000,0x0000,0x0000,0x0000,0x0000,0x0000,0x0000,
  0x0000,0x0000,0x8024,0x8024,0x8023,0x8023,0x839E,0x879F,0x839F,0x839F,0x839F,0x839F,0x83BF,0x839F,0x879F,0x879F,
  0x879F,0x83BF,0x8023,0x8023,0x0000,0x0000,0x0000,0x0000,0x0000,0x0000,0x0000,0x0000,0x0000,0x0000,0x0000,0x0000,
  0x8046,0x8046,0x8023,0x8422,0xFB29,0xFF69,0xFE87,0xFE87,0xFEA7,0xFEA7,0xFEA7,0xFEA7,0xFF08,0xFF08,0x8023,0x8023,
  0x8023,0x8023,0x8023,0x8023,0x8023,0x8023,0x8023,0x8023,0x8023,0x8023,0x8023,0x8023,0x8023,0x8023,0x8023,0x8023,
  0x8023,0x8023,0x8023,0x8023,0x8023,0x8024,0x8023,0x8023,0xFF4A,0xFF49,0xFE87,0xFE87,0xFE87,0xFEA7,0xFEA7,0xFEA8,
  0xFF2A,0xB165,0x8023,0x8023,0x8023,0x8023,0x8023,0x8023,0x8023,0x8023,0x8023,0x8023,0x8023,0x8023,0x8023,0x8023,
  0x8023,0x8023,0x8023,0x8023,0x8023,0x8023,0x8023,0x8023,0xA0E4,0xFB2A,0xFE87,0xFE87,0xFE87,0xFE87,0xFEA7,0xFE87,
  0xFE87,0xFF28,0xFF6A,0x8022,0x8023,0x0000,0x0000,0x0000,0x0000,0x0000,0x0000,0x0000,0x8025,0x8025,0x8023,0x8022,
  0xFB2A,0xFF49,0xFE87,0xFE87,0xFE87,0xFE87,0xFE87,0xFA87,0xFEC7,0xFF27,0x8023,0x8023,0x0000,0x0000,0x0000,0x0000,
  0x0000,0x0000,0x0000,0x0000,0x8046,0x8046,0x8023,0x8023,0xFF2A,0xFF49,0xFE87,0xFE87,0xFE87,0xFE87,0xFE87,0xFE87,
  0xFF29,0xFF29,0x8023,0x8023,0x8023,0x8023,0x8023,0x8023,0x8023,0x8023,0x8023,0x8023,0x8023,0x8023,0x8023,0x8023,
  0x8023,0x8023,0x8023,0x8023,0x8023,0x8023,0x8024,0x8024,0x8C82,0xFF90,0xFFF9,0xFFFA,0xFFFA,0xFFFA,0xFFFA,0xFFF9,
  0xFAC6,0x8022,0x8023,0x0000,0x0000,0x8025,0x8023,0x8023,0x877E,0x835F,0x829E,0x82BE,0x82BE,0x829E,0x82BE,0x82BE,
  0x833F,0x8001,0x8024,0x8024,0x8025,0x8025,0x8024,0x8023,0x8024,0x871F,0x833F,0x81DA,0x81B9,0x829D,0x82BE,0x82BE,
  0x82BE,0x82BE,0x82BE,0x82BE,0x82BE,0x82BE,0x82BE,0x82BE,0x82BE,0x82BE,0x82BE,0x82BE,0x82BE,0x837F,0x8279,0x8023,
  0x8024,0x8024,0x8024,0x837E,0x83BF,0x82BE,0x82BE,0x82BE,0x82BE,0x82BE,0x82BD,0x879F,0x83BF,0x8045,0x8024,0x8023,
  0x8023,0x8023,0x8023,0x8023,0x8023,0x8023,0x8023,0x8023,0x8023,0x8023,0x8023,0x8023,0x8023,0x8023,0x8023,0x8023,
  0x8023,0x8022,0x0000,0x0000,0x0000,0x8023,0x8023,0x8044,0x8044,0xCBFF,0xC3FF,0x82FF,0x82FE,0x82BE,0x82BE,0x82BE,
  0x82BE,0x829E,0x82BE,0x829E,0x81DA,0x827D,0x825D,0x821B,0x81FB,0x82BF,0x829E,0x82BE,0x82BE,0x82BE,0x82BE,0x82BE,
  0x831F,0x833F,0xCFFF,0xD3DE,0x8024,0x8024,0x8023,0x8023,0x0000,0x0000,0x0000,0x0000,0x0000,0x0000,0x0000,0x0000,
  0x0000,0x0000,0x8024,0x8024,0x8023,0x8023,0x839E,0x83BF,0x829E,0x82BE,0x82BE,0x82BE,0x82BE,0x82BE,0x82BE,0x82BE,
  0x82DE,0x831F,0x8023,0x8023,0x0000,0x0000,0x0000,0x0000,0x0000,0x0000,0x0000,0x0000,0x0000,0x0000,0x0000,0x0000,
  0x8046,0x8046,0x8023,0x8422,0xFB29,0xFF69,0xFE87,0xFA87,0xFE87,0xFEA7,0xFEA7,0xFEA7,0xFF07,0xFAE8,0x8442,0x8443,
  0x8444,0x8444,0x8443,0x8443,0x8443,0x8443,0x8443,0x8443,0x8443,0x8444,0x8444,0x8444,0x8443,0x8443,0x8443,0x8444,
  0x8443,0x8443,0x8443,0x8023,0x8023,0x8024,0x8023,0x8023,0xFF49,0xFF49,0xFE87,0xFE87,0xFE87,0xFE87,0xFE86,0xFE86,
  0xFF28,0xB545,0x8422,0x8421,0x8421,0x8422,0x8422,0x8422,0x8422,0x8422,0x8422,0x8422,0x8422,0x8422,0x8422,0x8422,
  0x8422,0x8423,0x8423,0x8023,0x8023,0x8023,0x8023,0x8023,0xA0E4,0xFB2A,0xFE67,0xFA87,0xFA87,0xFE87,0xFE87,0xFE87,
  0xFA87,0xFF49,0xFF8A,0x8022,0x8023,0x0000,0x0000,0x0000,0x0000,0x0000,0x0000,0x0000,0x8025,0x8026,0x8023,0x8022,
  0xFB2A,0xFF49,0xFE87,0xFE87,0xFE87,0xFE87,0xFA87,0xFA87,0xFEC7,0xFF27,0x8023,0x8023,0x0000,0x0000,0x0000,0x0000,
  0x0000,0x0000,0x0000,0x0000,0x8046,0x8046,0x8023,0x8023,0xFF4A,0xFF49,0xFA87,0xFE87,0xFA87,0xFA87,0xFE87,0xFE87,
  0xFF28,0xFF28,0x8001,0x8421,0x8422,0x8422,0x8422,0x8422,0x8422,0x8422,0x8422,0x8422,0x8442,0x8422,0x8422,0x8422,
  0x8421,0x8421,0x8421,0x8421,0x8023,0x8023,0x8023,0x8023,0x8C82,0xFF2A,0xFF4A,0xFF4A,0xFF4A,0xFF4B,0xFF4B,0xFEE8,
  0xFE85,0x8423,0x8023,0x0000,0x0000,0x8025,0x8023,0x8024,0x877E,0x837F,0x829E,0x829E,0x829E,0x829E,0x829E,0x82BE,
  0x833F,0x8001,0x8024,0x8025,0x8025,0x8025,0x8024,0x8023,0x8002,0x833D,0x831D,0x81B8,0x81D9,0x82BE,0x82BE,0x829E,
  0x829E,0x82BE,0x82BE,0x82BE,0x82BE,0x82BE,0x82BE,0x82BE,0x82BE,0x82BE,0x82BE,0x82BE,0x82BE,0x837F,0x8279,0x8023,
  0x8024,0x8024,0x8024,0x837E,0x839F,0x82BE,0x829D,0x829D,0x829E,0x82BE,0x82DE,0x8BBF,0x87BF,0x8022,0x8422,0x8443,
  0x8443,0x8443,0x8443,0x8023,0x8023,0x8043,0x8443,0x8443,0x8443,0x8043,0x8023,0x8023,0x8022,0x8022,0x8021,0x8022,
  0x8023,0x8024,0x0000,0x0000,0x0000,0x8023,0x8022,0x8000,0x8000,0xCFFF,0xCFFF,0x82FE,0x82FE,0x829E,0x829E,0x829E,
  0x82BE,0x82BE,0x82BE,0x827E,0x81FB,0x82BE,0x829D,0x821A,0x81D9,0x829E,0x829D,0x82BE,0x82BE,0x82BE,0x82BE,0x82BE,
  0x831F,0x835F,0xD7FF,0xDBDE,0x8000,0x8000,0x8002,0x8022,0x0000,0x0000,0x0000,0x0000,0x0000,0x0000,0x0000,0x0000,
  0x0000,0x0000,0x8024,0x8024,0x8023,0x8023,0x837E,0x83BF,0x82BE,0x82BE,0x82BE,0x82BE,0x82BE,0x82BE,0x82BE,0x82BE,
  0x82DF,0x833F,0x8023,0x8023,0x0000,0x0000,0x0000,0x0000,0x0000,0x0000,0x0000,0x0000,0x0000,0x0000,0x0000,0x0000,
  0x8046,0x8046,0x8023,0x8422,0xFB29,0xFF69,0xFA87,0xFA87,0xFE87,0xFE87,0xFEE9,0xFF09,0xFFF8,0xFFF8,0xFFF9,0xFFF9,
  0xFFF9,0xFFF9,0xFFF9,0xFFF9,0xFFF9,0xFFF9,0xFFF9,0xFFF9,0xFFF9,0xFFF9,0xFFF9,0xFFF9,0xFFF9,0xFFF9,0xFFFA,0xFFFA,
  0xFFF9,0xFFF9,0xFFDA,0x8044,0x8024,0x8024,0x8023,0x8023,0xFF49,0xFF49,0xFA87,0xFA87,0xFE87,0xFEA8,0xFF2B,0xFF2A,
  0xFFF8,0xFFF9,0xFFF9,0xFFFA,0xFFFA,0xFFFA,0xFFFA,0xFFFA,0xFFFA,0xFFF9,0xFFF9,0xFFF9,0xFFF9,0xFFFA,0xFFFA,0xFFF9,
  0xFFF9,0xFFF9,0xFBD9,0x8002,0x8024,0x8024,0x8023,0x8022,0xA0E4,0xFB2A,0xFA67,0xFA87,0xFE87,0xFE87,0xFE87,0xFA87,
  0xFA87,0xFF49,0xFF8A,0x8022,0x8023,0x0000,0x0000,0x0000,0x0000,0x0000,0x0000,0x0000,0x8025,0x8025,0x8023,0x8022,
  0xFB4A,0xFF69,0xFE87,0xFE87,0xFA87,0xFA87,0xFA87,0xFA87,0xFEC7,0xFF06,0x8023,0x8023,0x0000,0x0000,0x0000,0x0000,
  0x0000,0x0000,0x0000,0x0000,0x8046,0x8046,0x8023,0x8023,0xFF4A,0xFF49,0xFE87,0xFE87,0xFE87,0xFE87,0xFEA8,0xFF0A,
  0xFFF9,0xFFF8,0xFFF9,0xFFFA,0xFFFA,0xFFF9,0xFFF9,0xFFF9,0xFFF9,0xFFF9,0xFFFA,0xFFF9,0xFFF9,0xFFF9,0xFFF9,0xFFF9,
  0xFFF9,0xFFFA,0xFFF9,0xFBDA,0x8422,0x8023,0x8023,0x8022,0x8C61,0xFF29,0xFF4A,0xFF4A,0xFF4A,0xFF4B,0xFF4B,0xFEE8,
  0xFE65,0x8023,0x8023,0x0000,0x0000,0x8025,0x8023,0x8023,0x877E,0x837F,0x829E,0x829E,0x829E,0x829E,0x829E,0x829E,
  0x833F,0x8001,0x8023,0x8024,0x8025,0x8024,0x8024,0x8024,0x8023,0x8024,0x8025,0x871F,0x833F,0x81DB,0x81DA,0x829E,
  0x829E,0x829E,0x829E,0x829E,0x829E,0x829E,0x829E,0x829E,0x82BE,0x82BE,0x82BE,0x82BE,0x82BE,0x837F,0x827A,0x8023,
  0x8024,0x8024,0x8024,0x837E,0x83BF,0x829E,0x829E,0x82BE,0x82BE,0x82BE,0x831E,0xCFFF,0xCFFF,0xD3FF,0xCFFF,0xCFFF,
  0xCFFF,0xCFFF,0xCFFF,0xCFFF,0xCFFF,0xCBFF,0xCBFF,0xCBFF,0xCBFF,0xCBFF,0xCFFF,0xCFFF,0xCFFF,0xD3FF,0xD3FF,0xD7FF,
  0x8022,0x8022,0x0000,0x8023,0x8023,0x8023,0x8044,0xCBFF,0xCBFF,0x82FF,0x831F,0x82BE,0x82BE,0x829E,0x829E,0x829D,
  0x829E,0x829E,0x81DB,0x823C,0x82BD,0x8001,0x8023,0x82DD,0x873F,0x81DC,0x81DB,0x82BE,0x82BE,0x829E,0x82BE,0x82BE,
  0x82BE,0x82BE,0x82DE,0x82DD,0xC3FF,0xCBDE,0x8022,0x8023,0x8023,0x8024,0x0000,0x0000,0x0000,0x0000,0x0000,0x0000,
  0x0000,0x0000,0x8024,0x8024,0x8023,0x8023,0x839E,0x83BF,0x829E,0x82BE,0x82BE,0x82BE,0x82BE,0x82BE,0x82BE,0x82BE,
  0x82FF,0x831F,0x8024,0x8023,0x0000,0x0000,0x0000,0x0000,0x0000,0x0000,0x0000,0x0000,0x0000,0x0000,0x0000,0x0000,
  0x8046,0x8046,0x8023,0x8422,0xFB2A,0xFF49,0xFA87,0xFA87,0xFA87,0xFA87,0xFEC9,0xFF0B,0xFFFB,0xFFFA,0xFFFA,0xFFFA,
  0xFFFA,0xFFFA,0xFFFA,0xFFFA,0xFFFA,0xFFFA,0xFFFA,0xFFFA,0xFFF9,0xFFF9,0xFFF9,0xFFFA,0xFFFA,0xFFFA,0xFFFA,0xFFFA,
  0xFFFB,0xFFFB,0xFFFB,0x8023,0x8023,0x8024,0x8023,0x8023,0xFF49,0xFF49,0xFA87,0xFA87,0xFA87,0xFA87,0xFF0A,0xFF4C,
  0xFFFB,0xFFFB,0xFFFB,0xFFFA,0xFFF9,0xFFF9,0xFFFA,0xFFFB,0xFFFB,0xFFFB,0xFFFB,0xFFFA,0xFFFA,0xFFFA,0xFFFA,0xFFFA,
  0xFFFA,0xFFFB,0xFFFB,0x8002,0x8023,0x8023,0x8023,0x8023,0xA104,0xFB4A,0xFA66,0xFA87,0xFA87,0xFE87,0xFA87,0xFA87,
  0xFA87,0xFF49,0xFF69,0x8023,0x8023,0x0000,0x0000,0x0000,0x0000,0x0000,0x0000,0x0000,0x8026,0x8025,0x8023,0x8022,
  0xFB4A,0xFF49,0xFA67,0xFA87,0xFA87,0xFA87,0xFA87,0xFA87,0xFEC8,0xFEE7,0x8023,0x8023,0x0000,0x0000,0x0000,0x0000,
  0x0000,0x0000,0x0000,0x0000,0x8046,0x8046,0x8023,0x8022,0xFF4A,0xFF49,0xFA87,0xFA87,0xFA87,0xFA87,0xFAA8,0xFF0A,
  0xFFFB,0xFFFB,0xFFFB,0xFFFA,0xFFFA,0xFFFA,0xFFFA,0xFFFA,0xFFFA,0xFFFA,0xFFFA,0xFFFA,0xFFFB,0xFFFA,0xFFFA,0xFFFB,
  0xFFFB,0xFFFC,0xFFFA,0xFBF9,0x8422,0x8023,0x8023,0x8022,0x8C40,0xFF29,0xFF4A,0xFF4A,0xFF4B,0xFF4B,0xFF4B,0xFEE7,
  0xFA44,0x8022,0x8023,0x0000,0x0000,0x8025,0x8023,0x8023,0x877E,0x837F,0x829D,0x829E,0x829D,0x829E,0x829E,0x829E,
  0x833F,0x8000,0x8023,0x8066,0x8024,0x8024,0x8025,0x8025,0x8024,0x8024,0x8023,0x835F,0x835F,0x8198,0x8198,0x829E,
  0x82BE,0x829E,0x829E,0x829E,0x829E,0x829E,0x829E,0x829E,0x82BE,0x82BE,0x82BE,0x829E,0x829E,0x837F,0x827A,0x8023,
  0x8024,0x8023,0x8024,0x837E,0x83BF,0x829D,0x829D,0x829D,0x829E,0x82BE,0x831E,0xBFFF,0xBBFF,0xD7FF,0xD3FF,0xD3FF,
  0xD3FF,0xD3FF,0xD3FF,0xCFFF,0xCFFF,0xCFFF,0xCFFF,0xD3FF,0xD7FF,0xD7FF,0xD7FF,0xCFFF,0xCFFF,0xCFFF,0xCFFF,0xCBFF,
  0x8023,0x8024,0x80A8,0x8024,0x8023,0x8002,0x8002,0xC7FF,0xCBFF,0x82FF,0x82FF,0x829E,0x829E,0x829E,0x829E,0x829D,
  0x829E,0x829E,0x81DA,0x825D,0x831F,0x8002,0x8023,0x82DC,0x837F,0x81B9,0x8198,0x829D,0x82BE,0x829E,0x829E,0x829E,
  0x829E,0x829E,0x82DE,0x82DE,0xC7FF,0xD7FE,0x8003,0x8023,0x8044,0x8024,0x0000,0x0000,0x0000,0x0000,0x0000,0x0000,
  0x0000,0x0000,0x8024,0x8024,0x8023,0x8023,0x839E,0x83BF,0x829D,0x829E,0x829E,0x829E,0x829E,0x82BE,0x82BE,0x82BE,
  0x82FF,0x831F,0x8023,0x8023,0x0000,0x0000,0x0000,0x0000,0x0000,0x0000,0x0000,0x0000,0x0000,0x0000,0x0000,0x0000,
  0x8046,0x8046,0x8023,0x8422,0xFB2A,0xFF49,0xFA87,0xFA87,0xFA87,0xFE87,0xFA87,0xFA87,0xFA87,0xFA87,0xFA87,0xFA87,
  0xFA87,0xFA87,0xFAA7,0xFAA7,0xFA87,0xFA87,0xFA87,0xFA87,0xFE87,0xFE87,0xFE87,0xFE87,0xFE87,0xFA87,0xFEA7,0xFEA7,
  0xFAA7,0xFF28,0xFB08,0x8022,0x8023,0x8024,0x8023,0x8023,0xFF49,0xFF49,0xFA87,0xFA87,0xFA87,0xFE87,0xFA87,0xFA87,
  0xFA87,0xFA87,0xFA87,0xFA87,0xFA87,0xFA87,0xFA87,0xFE87,0xFA87,0xFA87,0xFA87,0xFA87,0xFA87,0xFA87,0xFA87,0xFAA7,
  0xFE87,0xFF08,0xFB29,0x8002,0x8023,0x8023,0x8023,0x8023,0xA104,0xFB4A,0xFA67,0xFA67,0xFA87,0xFA87,0xFA87,0xFA87,
  0xFA87,0xFF49,0xFF28,0x8022,0x8023,0x0000,0x0000,0x0000,0x0000,0x0000,0x0000,0x0000,0x8026,0x8026,0x8023,0x8002,
  0xFB2A,0xFF49,0xFA67,0xFA67,0xFA67,0xFA87,0xFA87,0xFA87,0xFEC8,0xFEE7,0x8023,0x8023,0x0000,0x0000,0x0000,0x0000,
  0x0000,0x0000,0x0000,0x0000,0x8046,0x8046,0x8023,0x8023,0xFF4A,0xFF49,0xFA87,0xFA67,0xFA67,0xFE87,0xFA87,0xFA87,
  0xFA87,0xFA87,0xFA87,0xFA87,0xFA87,0xFA87,0xFA87,0xFA87,0xFA87,0xFA87,0xFA87,0xFA87,0xFA87,0xFA87,0xFE87,0xFA87,
  0xFA87,0xFA87,0xFF29,0xFAC8,0x8423,0x8024,0x8024,0x8024,0x8C62,0xFB2A,0xFE86,0xFE86,0xFE86,0xFE86,0xFE86,0xFEE7,
  0xFA44,0x8023,0x8023,0x0000,0x0000,0x8025,0x8023,0x8023,0x877E,0x837F,0x829D,0x829D,0x829D,0x829D,0x829D,0x829D,
  0x833E,0x8000,0x8024,0x8087,0x0000,0x8045,0x8025,0x8024,0x8024,0x8024,0x8023,0x8023,0x8023,0x833F,0x833F,0x81BA,
  0x8199,0x829E,0x829E,0x829E,0x829E,0x829E,0x829E,0x829E,0x829E,0x829E,0x829E,0x829E,0x829E,0x837F,0x8259,0x8023,
  0x8024,0x8024,0x8024,0x837E,0x839F,0x829E,0x829D,0x829E,0x829E,0x829E,0x829E,0x82BE,0x82BE,0x82BE,0x82BE,0x82BE,
  0x82BE,0x82BE,0x82BE,0x82BE,0x82BE,0x82BE,0x82BE,0x82BE,0x82BE,0x82BE,0x82BE,0x82BE,0x82BE,0x82BF,0x835F,0x833F,
  0x8022,0x8023,0x8023,0x8024,0x8044,0xC3DF,0xC3FF,0x82BE,0x82BE,0x829E,0x829D,0x829D,0x829D,0x829E,0x829E,0x82BF,
  0x81BA,0x81DB,0x82DF,0x8217,0x8023,0x8023,0x8023,0x8023,0x8023,0x831F,0x833F,0x81BB,0x81BA,0x82BF,0x829E,0x829E,
  0x829D,0x829D,0x829D,0x829E,0x82BE,0x82DE,0xCBFF,0xCFDE,0x8023,0x8023,0x8023,0x8023,0x0000,0x0000,0x0000,0x0000,
  0x0000,0x0000,0x8024,0x8024,0x8023,0x8023,0x839E,0x83BF,0x829D,0x829E,0x829E,0x829E,0x829E,0x829E,0x829E,0x82BE,
  0x831F,0x831F,0x8023,0x8023,0x0000,0x0000,0x0000,0x0000,0x0000,0x0000,0x0000,0x0000,0x0000,0x0000,0x0000,0x0000,
  0x8046,0x8046,0x8023,0x8422,0xFB2A,0xFF69,0xFA67,0xFA87,0xFA67,0xFA67,0xFA67,0xFA87,0xFA87,0xFA87,0xFA87,0xFA87,
  0xFA87,0xFA87,0xFA87,0xFA87,0xFA87,0xFA87,0xFA87,0xFA87,0xFA87,0xFA87,0xFA87,0xFE87,0xFA87,0xFA87,0xFA87,0xFA87,
  0xFA87,0xFF29,0xFB09,0x8022,0x8023,0x8024,0x8023,0x8023,0xFF4A,0xFF49,0xFA67,0xFA67,0xFA67,0xFA67,0xFA67,0xFA67,
  0xFA87,0xFA87,0xFA87,0xFA87,0xFA87,0xFA87,0xFA87,0xFA87,0xFA87,0xFA87,0xFA87,0xFA87,0xFA87,0xFA87,0xFA87,0xFA87,
  0xFE87,0xFF08,0xFB29,0x8002,0x8023,0x8023,0x8023,0x8023,0xA504,0xFB4A,0xFA47,0xFA67,0xFA67,0xFA67,0xFA67,0xFA67,
  0xFA87,0xFF49,0xFF28,0x8023,0x8023,0x0000,0x0000,0x0000,0x0000,0x0000,0x0000,0x0000,0x8026,0x8026,0x8023,0x8022,
  0xFB2A,0xFF49,0xFA66,0xFA67,0xFA67,0xFA67,0xFA67,0xFA87,0xFEC8,0xFF07,0x8023,0x8023,0x0000,0x0000,0x0000,0x0000,
  0x0000,0x0000,0x0000,0x0000,0x8046,0x8046,0x8023,0x8023,0xFF4A,0xFF49,0xFA67,0xFA67,0xFA67,0xFA87,0xFA87,0xFA67,
  0xFA87,0xFA87,0xFA87,0xFA87,0xFA87,0xFA87,0xFA87,0xFA87,0xFA87,0xFA87,0xFA87,0xFA87,0xFA87,0xFA87,0xFA87,0xFA87,
  0xFA87,0xFA87,0xFF29,0xFAC9,0x8422,0x8023,0x8024,0x8024,0x9083,0xFF4A,0xFE66,0xFE86,0xFE86,0xFE85,0xFE85,0xFF07,
  0xFA23,0x8023,0x8023,0x0000,0x0000,0x8025,0x8023,0x8023,0x877E,0x837F,0x829D,0x829D,0x829D,0x829D,0x829E,0x829E,
  0x833F,0x8001,0x8024,0x0000,0x0000,0x0000,0x8045,0x8024,0x8024,0x8024,0x8024,0x8024,0x8024,0x837E,0x833E,0x8198,
  0x81BA,0x82BE,0x829E,0x829E,0x829E,0x829D,0x829D,0x829D,0x829D,0x829E,0x829E,0x829E,0x829E,0x837F,0x8279,0x8024,
  0x8024,0x8023,0x8024,0x835E,0x839F,0x829D,0x829D,0x829D,0x829D,0x829E,0x829E,0x829E,0x829E,0x829E,0x829E,0x829E,
  0x829E,0x82BE,0x829E,0x829E,0x82BE,0x82BE,0x82BE,0x82BE,0x82BE,0x829E,0x829E,0x829E,0x829E,0x82BE,0x875F,0x837F,
  0x8024,0x8024,0x8023,0x8000,0x8000,0xC3BE,0xC3FF,0x82BE,0x82BE,0x829E,0x829E,0x829E,0x829E,0x829E,0x829E,0x829D,
  0x8178,0x81B7,0x82DD,0x8235,0x8023,0x8024,0x8024,0x8024,0x8024,0x837F,0x833E,0x8178,0x8198,0x829D,0x829E,0x829D,
  0x829D,0x829D,0x829D,0x829D,0x82BE,0x82BE,0xCFFF,0xCBBE,0x8000,0x8000,0x8023,0x8023,0x0000,0x0000,0x0000,0x0000,
  0x0000,0x0000,0x8024,0x8024,0x8023,0x8023,0x839E,0x83BF,0x827D,0x829D,0x829E,0x829E,0x829E,0x829E,0x829E,0x829E,
  0x82FF,0x831F,0x8023,0x8024,0x0000,0x0000,0x0000,0x0000,0x0000,0x0000,0x0000,0x0000,0x0000,0x0000,0x0000,0x0000,
  0x8046,0x8046,0x8023,0x8422,0xFB2A,0xFF6A,0xFA67,0xFA66,0xFA66,0xFA66,0xFA67,0xFA67,0xFA67,0xFA67,0xFA67,0xFA67,
  0xFA67,0xFA67,0xFA67,0xFA67,0xFA67,0xFA67,0xFA67,0xFA67,0xFA67,0xFA67,0xFA67,0xFA67,0xFA67,0xFA67,0xFA67,0xFA87,
  0xFA87,0xFF28,0xFB08,0x8023,0x8023,0x8024,0x8023,0x8023,0xFF49,0xFF49,0xFA67,0xFA67,0xFA67,0xFA67,0xFA67,0xFA67,
  0xFA67,0xFA67,0xFA67,0xFA67,0xFA67,0xFA66,0xFA67,0xFA66,0xFA66,0xFA67,0xFA67,0xFA67,0xFA67,0xFA67,0xFA67,0xFA67,
  0xFA87,0xFEE8,0xFB29,0x8003,0x8023,0x8024,0x8023,0x8023,0xA504,0xFB4A,0xFA46,0xFA66,0xFA67,0xFA67,0xFA67,0xFA67,
  0xFA87,0xFF49,0xFF69,0x8023,0x8023,0x0000,0x0000,0x0000,0x0000,0x0000,0x0000,0x0000,0x8026,0x8046,0x8023,0x8022,
  0xFB2A,0xFF69,0xFA66,0xFA66,0xFA67,0xFA67,0xFA67,0xFA67,0xFEC7,0xFF07,0x8023,0x8023,0x0000,0x0000,0x0000,0x0000,
  0x0000,0x0000,0x0000,0x0000,0x8046,0x8046,0x8023,0x8023,0xFF4A,0xFF49,0xFA67,0xFA67,0xFA67,0xFA67,0xFA67,0xFA67,
  0xFA67,0xFA67,0xFA67,0xFA67,0xFA67,0xFA67,0xFA67,0xFA67,0xFA67,0xFA67,0xFA67,0xFA67,0xFA67,0xFA67,0xFA67,0xFA67,
  0xFA87,0xFE87,0xFF08,0xFAC9,0x8422,0x8023,0x8023,0x8002,0x8C62,0xFA44,0xF5C4,0xF5C3,0xF5E4,0xF5E4,0xF5C3,0xF5C3,
  0xF5E4,0x8023,0x8023,0x0000,0x0000,0x8025,0x8023,0x8023,0x877E,0x837F,0x827D,0x827D,0x829E,0x829E,0x829E,0x827E,
  0x831F,0x8000,0x8023,0x0000,0x0000,0x0000,0x0000,0x0000,0x8024,0x8024,0x8024,0x8024,0x8023,0x8023,0x8023,0x831F,
  0x831F,0x8178,0x8198,0x829E,0x829D,0x827D,0x827D,0x827D,0x829D,0x829E,0x829E,0x829E,0x829E,0x837F,0x827A,0x8024,
  0x8024,0x8024,0x8024,0x837E,0x839F,0x829E,0x829E,0x829E,0x829E,0x829D,0x829E,0x829D,0x829D,0x829D,0x829E,0x829E,
  0x829E,0x829E,0x829E,0x829E,0x829E,0x829E,0x829E,0x829E,0x829E,0x829E,0x829E,0x829E,0x829E,0x829E,0x833F,0x833F,
  0x8022,0x8023,0x8024,0xABDF,0xBBDF,0x82DF,0x82BE,0x827D,0x827D,0x827D,0x829D,0x829E,0x829E,0x82BE,0x8199,0x8178,
  0x82FE,0x82DE,0x8024,0x8024,0x8023,0x8024,0x8024,0x8023,0x8023,0x8024,0x8024,0x82FE,0x82FE,0x8199,0x81B9,0x829D,
  0x829D,0x829E,0x829E,0x829D,0x827D,0x827D,0x829E,0x82BD,0xBFDF,0xC7DF,0x8023,0x8023,0x0000,0x0000,0x0000,0x0000,
  0x0000,0x0000,0x8024,0x8024,0x8023,0x8023,0x837E,0x83BF,0x827D,0x829D,0x829D,0x829E,0x829E,0x829E,0x829E,0x829E,
  0x82FF,0x831F,0x8023,0x8023,0x0000,0x0000,0x0000,0x0000,0x0000,0x0000,0x0000,0x0000,0x0000,0x0000,0x0000,0x0000,
  0x8046,0x8046,0x8023,0x8421,0xFB2A,0xFF69,0xFA66,0xFA67,0xFA67,0xFA67,0xFA67,0xFA67,0xFA66,0xFA67,0xFA87,0xFA87,
  0xFA67,0xFA67,0xFA87,0xFA87,0xFA87,0xFA67,0xFA67,0xFA67,0xFA67,0xFA67,0xFA67,0xFA67,0xFA66,0xFA67,0xFA67,0xFA67,
  0xFA67,0xFF28,0xFF28,0x8022,0x8023,0x8024,0x8023,0x8023,0xFF4A,0xFF69,0xFE67,0xFA87,0xFA87,0xFA87,0xFA67,0xFA67,
  0xFA67,0xFA66,0xFA67,0xFA67,0xFA66,0xFA66,0xFA67,0xFA66,0xFA66,0xFA66,0xFA67,0xFA67,0xFA67,0xFA67,0xFA87,0xFA87,
  0xFE87,0xFEE8,0xFB28,0x8003,0x8024,0x8024,0x8023,0x8023,0xA0E4,0xFB29,0xFA46,0xFA67,0xFA87,0xFA87,0xFA67,0xFA67,
  0xFA67,0xFF48,0xFF89,0x8023,0x8023,0x0000,0x0000,0x0000,0x0000,0x0000,0x0000,0x0000,0x8026,0x8026,0x8023,0x8002,
  0xFB4A,0xFF69,0xFA67,0xFA67,0xFA66,0xFA66,0xFA66,0xFA67,0xFEC7,0xFF07,0x8023,0x8023,0x0000,0x0000,0x0000,0x0000,
  0x0000,0x0000,0x0000,0x0000,0x8046,0x8046,0x8023,0x8443,0xFF4A,0xFF49,0xFA67,0xFA67,0xFA66,0xFA66,0xFA67,0xFA67,
  0xFA67,0xFA67,0xFA67,0xFA66,0xFA67,0xFA67,0xFA67,0xFA67,0xFA67,0xFA67,0xFA67,0xFA67,0xFA66,0xFA67,0xFA67,0xFA67,
  0xFA87,0xFA67,0xFF28,0xFAC7,0x8421,0x8023,0x8024,0x8024,0x9483,0xFA24,0xF9E3,0xF9C3,0xF9C3,0xF9E3,0xF9E3,0xF5E3,
  0xF1A3,0x8023,0x8023,0x0000,0x0000,0x8025,0x8023,0x8024,0x877E,0x839F,0x829E,0x829E,0x829D,0x827D,0x827D,0x827D,
  0x833E,0x8000,0x8023,0x0000,0x0000,0x0000,0x0000,0x0000,0x8024,0x8024,0x8024,0x8024,0x8024,0x8024,0x8024,0x831F,
  0x831E,0x819A,0x81BA,0x82BF,0x829E,0x827D,0x827D,0x829D,0x829D,0x829D,0x829D,0x829D,0x827D,0x875F,0x827A,0x8023,
  0x8024,0x8024,0x8024,0x837E,0x839F,0x829E,0x829D,0x829D,0x829D,0x829E,0x829D,0x829D,0x829D,0x829D,0x827D,0x829D,
  0x829E,0x829E,0x829D,0x829D,0x829E,0x829E,0x829E,0x829E,0x829E,0x829E,0x829E,0x829D,0x829D,0x829D,0x833F,0x837F,
  0x8024,0x8024,0x8024,0xABDF,0xB7DF,0x82BE,0x82BE,0x829E,0x829E,0x829E,0x827D,0x827D,0x827D,0x827D,0x81BA,0x81BA,
  0x86FE,0x82BC,0x8024,0x8024,0x8023,0x8024,0x8024,0x8023,0x8023,0x8024,0x8023,0x82DD,0x831E,0x81BA,0x81BB,0x829E,
  0x829D,0x829D,0x827D,0x827D,0x827D,0x829D,0x82BE,0x82BE,0xC7FF,0xC7DF,0x8024,0x8023,0x0000,0x0000,0x0000,0x0000,
  0x0000,0x0000,0x8024,0x8024,0x8023,0x8024,0x837E,0x839F,0x827D,0x829D,0x829D,0x827D,0x829D,0x829D,0x829E,0x829E,
  0x82FF,0x831F,0x8023,0x8023,0x0000,0x0000,0x0000,0x0000,0x0000,0x0000,0x0000,0x0000,0x0000,0x0000,0x0000,0x0000,
  0x8046,0x8046,0x8023,0x8421,0xF665,0xFE63,0xED63,0xED83,0xF183,0xF183,0xED83,0xF183,0xED83,0xED83,0xED83,0xED83,
  0xED83,0xF183,0xF183,0xED83,0xED83,0xED83,0xF183,0xED83,0xED83,0xED83,0xF183,0xF183,0xF183,0xED83,0xED83,0xED83,
  0xED83,0xF5A3,0xED83,0x8001,0x8002,0x8023,0x8023,0x8023,0xFF4B,0xFF6A,0xED63,0xED63,0xED83,0xF184,0xF184,0xF183,
  0xF183,0xED83,0xED83,0xED83,0xED83,0xED83,0xED83,0xED83,0xED83,0xED83,0xED83,0xF183,0xF183,0xF183,0xED83,0xED83,
  0xED83,0xF1C4,0xF5C3,0x8002,0x8002,0x8023,0x8023,0x8023,0xA504,0xFB2A,0xED64,0xED83,0xED83,0xF183,0xED83,0xF184,
  0xF1A4,0xFEA6,0xFEC6,0x8023,0x8023,0x0000,0x0000,0x0000,0x0000,0x0000,0x0000,0x0000,0x8026,0x8025,0x8023,0x8002,
  0xFB09,0xFF49,0xF183,0xF183,0xF183,0xF183,0xED83,0xF183,0xFE65,0xFEA5,0x8023,0x8023,0x0000,0x0000,0x0000,0x0000,
  0x0000,0x0000,0x0000,0x0000,0x8046,0x8026,0x8023,0x8022,0xFA84,0xFEA3,0xE963,0xED63,0xED83,0xF183,0xF183,0xF183,
  0xED83,0xED83,0xED83,0xED83,0xED83,0xED83,0xED83,0xED83,0xED83,0xED83,0xF183,0xF183,0xF183,0xED83,0xED83,0xED83,
  0xED83,0xED83,0xF9E3,0xF1C3,0x8423,0x8023,0x8025,0x8024,0x8024,0x8023,0x8023,0x8023,0x8023,0x8023,0x8023,0x8023,
  0x8023,0x8023,0x8024,0x0000,0x0000,0x8025,0x8023,0x8023,0x877E,0x835F,0x8199,0x8198,0x8198,0x8198,0x8199,0x8199,
  0x82BE,0x8000,0x8023,0x0000,0x0000,0x0000,0x0000,0x0000,0x0000,0x0000,0x8024,0x8024,0x8024,0x8024,0x8024,0x8023,
  0x8022,0x82DE,0x82DE,0x8178,0x8178,0x8199,0x8199,0x8199,0x8199,0x8199,0x8199,0x8198,0x8178,0x833F,0x829A,0x8023,
  0x8023,0x8024,0x8024,0x877E,0x839F,0x8199,0x8198,0x8198,0x8199,0x8199,0x8199,0x8199,0x8199,0x8198,0x8198,0x8199,
  0x8199,0x8199,0x8199,0x8199,0x8199,0x8199,0x8199,0x8199,0x8199,0x8199,0x8199,0x8198,0x8178,0x8177,0x827C,0x827E,
  0x8022,0x8022,0x8022,0x875D,0x879F,0x8199,0x8199,0x8199,0x8199,0x8199,0x8199,0x8199,0x8199,0x8199,0x82BE,0x82DE,
  0x8023,0x8023,0x8023,0x8024,0x8024,0x0000,0x0000,0x8024,0x8024,0x8024,0x8023,0x8023,0x8023,0x829D,0x82BE,0x8178,
  0x8198,0x8198,0x8199,0x8199,0x8199,0x8199,0x8199,0x8198,0x877F,0x837F,0x8024,0x8023,0x0000,0x0000,0x0000,0x0000,
  0x0000,0x0000,0x8024,0x8024,0x8023,0x8023,0x839E,0x839F,0x8178,0x8199,0x8199,0x8199,0x8199,0x8199,0x8199,0x8199,
  0x825C,0x82BE,0x8023,0x8023,0x0000,0x0000,0x0000,0x0000,0x0000,0x0000,0x0000,0x0000,0x0000,0x0000,0x0000,0x0000,
  0x8046,0x8045,0x8023,0x8422,0xF685,0xFA85,0xF183,0xF183,0xF183,0xED83,0xED83,0xED83,0xED83,0xED83,0xED83,0xF183,
  0xF183,0xF183,0xF183,0xF183,0xF183,0xF183,0xF183,0xF183,0xED83,0xF183,0xF183,0xF183,0xF183,0xF183,0xF183,0xF183,
  0xED83,0xF182,0xED83,0x8023,0x8024,0x8024,0x8024,0x8023,0xFF29,0xFF49,0xF183,0xF183,0xF183,0xF183,0xF183,0xF183,
  0xF183,0xED83,0xED83,0xED83,0xED83,0xF183,0xF183,0xED83,0xF183,0xED83,0xED83,0xF183,0xF183,0xF183,0xF183,0xF183,
  0xF183,0xEDA3,0xF1A3,0x8003,0x8024,0x8024,0x8023,0x8023,0x9CC4,0xFB08,0xED63,0xED83,0xED83,0xF183,0xF183,0xF184,
  0xF1A3,0xFEA6,0xFEA5,0x8023,0x8023,0x0000,0x0000,0x0000,0x0000,0x0000,0x0000,0x0000,0x8046,0x8026,0x8024,0x8023,
  0xFB09,0xFF28,0xED63,0xED83,0xF183,0xF183,0xED83,0xED63,0xFE44,0xFEA5,0x8023,0x8023,0x0000,0x0000,0x0000,0x0000,
  0x0000,0x0000,0x0000,0x0000,0x8046,0x8046,0x8024,0x8443,0xFA85,0xFAA5,0xED63,0xED83,0xF183,0xF183,0xF183,0xF183,
  0xED83,0xED83,0xF183,0xF183,0xF183,0xF183,0xF183,0xF183,0xF183,0xED83,0xED63,0xED63,0xED83,0xF183,0xF183,0xF183,
  0xF183,0xF183,0xF5C2,0xF182,0x8021,0x8023,0x8025,0x8025,0x8024,0x8023,0x8023,0x8023,0x8023,0x8023,0x8023,0x8023,
  0x8023,0x8024,0x0000,0x0000,0x0000,0x8025,0x8023,0x8044,0x8B7E,0x837F,0x8178,0x8198,0x8199,0x8178,0x8178,0x8199,
  0x829E,0x8000,0x8024,0x0000,0x0000,0x0000,0x0000,0x0000,0x0000,0x0000,0x8024,0x8024,0x8024,0x8024,0x8024,0x8023,
  0x8023,0x82DE,0x82DE,0x8199,0x81BA,0x81BA,0x8199,0x8199,0x8199,0x8199,0x8198,0x8198,0x8179,0x831E,0x829A,0x8024,
  0x8024,0x8024,0x8024,0x835E,0x837E,0x8198,0x8199,0x8199,0x8199,0x8199,0x8199,0x8199,0x8199,0x8199,0x8199,0x8199,
  0x8199,0x8199,0x8199,0x8199,0x81B9,0x8199,0x8199,0x8199,0x8199,0x8199,0x8199,0x8199,0x8199,0x8199,0x825C,0x825C,
  0x8022,0x8023,0x8024,0x837F,0x8B9F,0x8199,0x8199,0x8199,0x8199,0x8199,0x8199,0x8199,0x81BA,0x81BB,0x82BE,0x82DD,
  0x8023,0x8023,0x8024,0x8024,0x8024,0x0000,0x0000,0x8024,0x8024,0x8024,0x8023,0x8024,0x8023,0x829C,0x82BD,0x81BA,
  0x8199,0x8199,0x8199,0x8199,0x8199,0x8199,0x8199,0x8199,0x837F,0x837F,0x8023,0x8023,0x0000,0x0000,0x0000,0x0000,
  0x0000,0x0000,0x8024,0x8024,0x8023,0x8024,0x839F,0x839F,0x8199,0x8199,0x81B9,0x8199,0x8199,0x8199,0x81BA,0x81BA,
  0x827D,0x82BD,0x8023,0x8023,0x0000,0x0000,0x0000,0x0000,0x0000,0x0000,0x0000,0x0000,0x0000,0x0000,0x0000,0x0000,
  0x8046,0x8046,0x8023,0x8023,0x8023,0x8002,0xF5C2,0xF5C2,0xF9C3,0xF9E3,0xF9C3,0xF9C3,0xF9C3,0xF9C3,0xF5C3,0xF5C3,
  0xF9E3,0xF9E3,0xF9E3,0xF5E3,0xF5E3,0xF5C3,0xF5C3,0xF5C3,0xF9C3,0xF5C3,0xF5C3,0xF5C3,0xF5C3,0xF5C3,0xF5C3,0xF5C3,
  0xF5C3,0x8423,0x8024,0x8023,0x8023,0x8025,0x8023,0x8002,0xFA02,0xF5E3,0xF5E3,0xF5C3,0xF5C3,0xF5C3,0xF5C3,0xF5C3,
  0xF9C3,0xF5C3,0xF5C3,0xF9C3,0xF5C3,0xF5C3,0xF5C3,0xF9C3,0xF5C3,0xF5E3,0xF5C3,0xF5C3,0xF5C3,0xF5C3,0xF5C3,0xF5C3,
  0xF1A2,0x8022,0x8023,0x8023,0x8023,0x8024,0x8023,0x8022,0xA0A3,0xF5C2,0xF5C3,0xF5C3,0xF5C3,0xF9C3,0xF5C3,0xF5C3,
  0xF5C3,0xF5C3,0xF9E4,0x8023,0x8023,0x0000,0x0000,0x0000,0x0000,0x0000,0x0000,0x0000,0x8046,0x8046,0x8023,0x8023,
  0xF5C3,0xF5C3,0xF5C3,0xF5C3,0xF5C3,0xF5C3,0xF9C3,0xF5C3,0xF5C4,0xFDE4,0x8024,0x8023,0x0000,0x0000,0x0000,0x0000,
  0x0000,0x0000,0x0000,0x0000,0x8046,0x8026,0x8023,0x8024,0x8024,0x8024,0xF9C3,0xF5C3,0xF5C3,0xF5C3,0xF5C3,0xF5C3,
  0xF5C3,0xF5E3,0xF9C3,0xF9C3,0xF5C3,0xF5C3,0xF5C3,0xF5C3,0xF5C3,0xF5C3,0xF5E3,0xF5E3,0xF5E4,0xF5E3,0xF5C3,0xF5C3,
  0xF5C3,0xFDC2,0x8023,0x8023,0x8023,0x8024,0x8025,0x8046,0x8046,0x8045,0x8025,0x8045,0x8025,0x8025,0x8025,0x8025,
  0x8025,0x8025,0x0000,0x0000,0x0000,0x8025,0x8023,0x8023,0x835E,0x831E,0x829D,0x829D,0x829E,0x829E,0x829D,0x829D,
  0x81D9,0x8002,0x8023,0x0000,0x0000,0x0000,0x0000,0x0000,0x0000,0x0000,0x0000,0x8024,0x8024,0x8024,0x8024,0x8024,
  0x8023,0x8024,0x8024,0x82DF,0x82BE,0x82BE,0x829E,0x829E,0x829E,0x829E,0x829E,0x829E,0x829E,0x827E,0x821A,0x8024,
  0x8024,0x8024,0x8024,0x831E,0x82BD,0x829E,0x82BE,0x82BE,0x82BE,0x829E,0x829E,0x82BE,0x82BE,0x82BE,0x829E,0x829E,
  0x82BE,0x82BE,0x82BE,0x82BE,0x82BE,0x82BE,0x82BE,0x82BF,0x82BE,0x82BE,0x829E,0x829E,0x829E,0x82DF,0x8023,0x8023,
  0x8023,0x8023,0x8024,0x833E,0x837F,0x827D,0x829D,0x829E,0x829E,0x82BE,0x82BE,0x82BE,0x82BE,0x82BE,0x8024,0x8024,
  0x8024,0x8024,0x8024,0x8024,0x0000,0x0000,0x0000,0x0000,0x8023,0x8023,0x8024,0x8023,0x8024,0x8024,0x8024,0x827D,
  0x829E,0x82BE,0x829E,0x829E,0x829E,0x829E,0x82BE,0x829E,0x82BE,0x82BE,0x8024,0x8023,0x0000,0x0000,0x0000,0x0000,
  0x0000,0x0000,0x8024,0x8024,0x8024,0x8024,0x835F,0x831E,0x82BE,0x829E,0x829E,0x829E,0x829E,0x829E,0x829E,0x829E,
  0x8067,0x8024,0x8023,0x8023,0x0000,0x0000,0x0000,0x0000,0x0000,0x0000,0x0000,0x0000,0x0000,0x0000,0x0000,0x0000,
  0x8046,0x8026,0x8023,0x8023,0x8024,0x8025,0xF9C3,0xF5C4,0xF5C3,0xF5C3,0xF5C3,0xF5C3,0xF5C3,0xF5C3,0xF5C3,0xF5C3,
  0xF5C3,0xF5C3,0xF9E4,0xF9E4,0xF5C3,0xF5C3,0xF5C3,0xF5C3,0xF5C3,0xF5C3,0xF5C3,0xF5C3,0xF5C3,0xF5C3,0xF5C3,0xF5C3,
  0xEDA3,0x8021,0x8023,0x8023,0x8023,0x8026,0x8024,0x8423,0xF9E3,0xF5E3,0xF5C4,0xF5C3,0xF5C3,0xF5C3,0xF5C3,0xF5C3,
  0xF5C3,0xF5C3,0xF5C3,0xF5C3,0xF5C3,0xF5C3,0xF5C3,0xF5C3,0xF5C3,0xF5C3,0xF5C3,0xF5C3,0xF5C3,0xF5C3,0xF5C3,0xF5C3,
  0xF1C4,0x8443,0x8023,0x8023,0x8023,0x8024,0x8024,0x8024,0xA4C3,0xF5C3,0xF5C3,0xF5C3,0xF5C3,0xF5C3,0xF5C3,0xF5C4,
  0xF5C3,0xF5C3,0xF5C3,0x8023,0x8023,0x0000,0x0000,0x0000,0x0000,0x0000,0x0000,0x0000,0x8046,0x8046,0x8024,0x8023,
  0xF5A2,0xF5C3,0xF5C4,0xF5C3,0xF5C3,0xF5C3,0xF5C3,0xF5C3,0xF1C3,0xF9A3,0x8023,0x8023,0x0000,0x0000,0x0000,0x0000,
  0x0000,0x0000,0x0000,0x0000,0x8046,0x8046,0x8024,0x8024,0x8024,0x8023,0xF5C3,0xF5C3,0xF5A3,0xF5A3,0xF5C3,0xF5C3,
  0xF5C4,0xF5C4,0xF5C3,0xF5C3,0xF5C3,0xF5C3,0xF5C4,0xF5C3,0xF5C3,0xF5C3,0xF5C3,0xF5C3,0xF5C3,0xF5C4,0xF5C4,0xF5C3,
  0xF5C4,0xF9A2,0x8023,0x8024,0x8024,0x0000,0x8024,0x8025,0x8045,0x8045,0x8045,0x8045,0x8045,0x8045,0x8045,0x8025,
  0x8025,0x0000,0x0000,0x0000,0x0000,0x8025,0x8024,0x8023,0x82FD,0x8238,0x8023,0x8023,0x8023,0x8002,0x8023,0x8023,
  0x8024,0x8024,0x8024,0x0000,0x0000,0x0000,0x0000,0x0000,0x0000,0x0000,0x0000,0x8024,0x8024,0x8024,0x8024,0x8024,
  0x8024,0x8024,0x8024,0x82DF,0x82BE,0x829E,0x829E,0x829E,0x82BE,0x82BE,0x829E,0x829E,0x829D,0x825D,0x81F8,0x8023,
  0x8023,0x8024,0x8024,0x82BE,0x82BF,0x82BE,0x82BE,0x82BE,0x82BE,0x82BE,0x82BE,0x82BE,0x82BE,0x82BE,0x82BE,0x82BE,
  0x82BE,0x82BE,0x82BE,0x82BE,0x82BE,0x82BE,0x82BE,0x82BE,0x82BE,0x82BE,0x829E,0x82BE,0x82BE,0x82DF,0x8024,0x8024,
  0x8023,0x8023,0x8024,0x835F,0x82DE,0x829E,0x829E,0x829E,0x829E,0x829E,0x82BE,0x82BE,0x82BF,0x82BE,0x8024,0x8024,
  0x8024,0x8024,0x8024,0x8024,0x0000,0x0000,0x0000,0x0000,0x0000,0x8023,0x8024,0x8024,0x8023,0x8024,0x8023,0x829D,
  0x82BE,0x82BE,0x82BE,0x829E,0x829E,0x82BE,0x82BE,0x82BE,0x829E,0x829E,0x8023,0x8023,0x0000,0x0000,0x0000,0x0000,
  0x0000,0x0000,0x8024,0x8024,0x8023,0x8024,0x82DE,0x82BE,0x82BE,0x829E,0x829E,0x829E,0x829E,0x829E,0x829E,0x829E,
  0x8046,0x8024,0x8024,0x8023,0x0000,0x0000,0x0000,0x0000,0x0000,0x0000,0x0000,0x0000,0x0000,0x0000,0x0000,0x0000,
  0x8046,0x8046,0x8046,0x8026,0x8023,0x8023,0x8023,0x8023,0x8023,0x8023,0x8023,0x8023,0x8023,0x8023,0x8023,0x8023,
  0x8023,0x8023,0x8023,0x8023,0x8023,0x8023,0x8023,0x8023,0x8023,0x8023,0x8023,0x8023,0x8023,0x8023,0x8023,0x8023,
  0x8023,0x8023,0x8023,0x8025,0x8025,0x8025,0x8023,0x8023,0x8023,0x8023,0x8023,0x8023,0x8023,0x8023,0x8023,0x8023,
  0x8023,0x8023,0x8023,0x8023,0x8023,0x8023,0x8023,0x8023,0x8023,0x8023,0x8023,0x8023,0x8023,0x8023,0x8023,0x8023,
  0x8023,0x8023,0x8023,0x8025,0x8025,0x8025,0x8023,0x8023,0x8023,0x8023,0x8023,0x8023,0x8023,0x8023,0x8023,0x8023,
  0x8023,0x8023,0x8023,0x8003,0x8022,0x0000,0x0000,0x0000,0x0000,0x0000,0x0000,0x0000,0x8026,0x8025,0x8023,0x8023,
  0x8023,0x8023,0x8023,0x8023,0x8023,0x8023,0x8023,0x8022,0x8022,0x8023,0x8023,0x8023,0x0000,0x0000,0x0000,0x0000,
  0x0000,0x0000,0x0000,0x0000,0x8046,0x8046,0x8025,0x8025,0x8023,0x8023,0x8023,0x8023,0x8023,0x8023,0x8023,0x8023,
  0x8023,0x8023,0x8023,0x8023,0x8023,0x8023,0x8023,0x8023,0x8023,0x8023,0x8023,0x8023,0x8023,0x8023,0x8023,0x8023,
  0x8023,0x8022,0x8023,0x8023,0x0000,0x0000,0x0000,0x0000,0x0000,0x0000,0x0000,0x0000,0x0000,0x0000,0x0000,0x0000,
  0x0000,0x0000,0x0000,0x0000,0x0000,0x8025,0x8023,0x8024,0x8024,0x8023,0x8024,0x8024,0x8024,0x8023,0x8024,0x8024,
  0x8024,0x8023,0x8023,0x8045,0x0000,0x0000,0x0000,0x0000,0x0000,0x0000,0x0000,0x0000,0x0000,0x8025,0x8025,0x8024,
  0x8024,0x8023,0x8023,0x8023,0x8024,0x8024,0x8024,0x8024,0x8024,0x8024,0x8024,0x8024,0x8024,0x8023,0x8023,0x8023,
  0x8024,0x8023,0x8023,0x8024,0x8024,0x8024,0x8024,0x8024,0x8024,0x8024,0x8024,0x8023,0x8023,0x8024,0x8024,0x8024,
  0x8024,0x8024,0x8024,0x8024,0x8024,0x8024,0x8024,0x8024,0x8024,0x8024,0x8024,0x8024,0x8024,0x8023,0x8023,0x8023,
  0x8024,0x8023,0x8023,0x8024,0x8024,0x8024,0x8024,0x8024,0x8024,0x8024,0x8024,0x8024,0x8024,0x8024,0x8023,0x8023,
  0x8024,0x8024,0x0000,0x0000,0x0000,0x0000,0x0000,0x0000,0x0000,0x0000,0x8024,0x8024,0x8024,0x8023,0x8023,0x8024,
  0x8024,0x8024,0x8024,0x8024,0x8024,0x8024,0x8024,0x8024,0x8023,0x8023,0x8023,0x8023,0x0000,0x0000,0x0000,0x0000,
  0x0000,0x0000,0x8024,0x8024,0x8023,0x8023,0x8023,0x8024,0x8024,0x8024,0x8024,0x8024,0x8024,0x8024,0x8024,0x8023,
  0x8023,0x8023,0x0000,0x0000,0x0000,0x0000,0x0000,0x0000,0x0000,0x0000,0x0000,0x0000,0x0000,0x0000,0x0000,0x0000,
  0x8026,0x8046,0x8046,0x8026,0x8024,0x8024,0x8023,0x8023,0x8023,0x8023,0x8023,0x8023,0x8023,0x8023,0x8023,0x8023,
  0x8023,0x8023,0x8023,0x8023,0x8023,0x8023,0x8023,0x8023,0x8023,0x8023,0x8023,0x8023,0x8023,0x8023,0x8023,0x8023,
  0x8023,0x8023,0x8025,0x8045,0x8046,0x8046,0x8023,0x8023,0x8023,0x8023,0x8023,0x8023,0x8023,0x8023,0x8023,0x8023,
  0x8023,0x8023,0x8023,0x8023,0x8023,0x8023,0x8023,0x8023,0x8023,0x8023,0x8023,0x8023,0x8023,0x8023,0x8023,0x8023,
  0x8023,0x8023,0x8024,0x8025,0x8046,0x8026,0x8024,0x8023,0x8023,0x8023,0x8023,0x8023,0x8023,0x8023,0x8023,0x8023,
  0x8023,0x8023,0x8023,0x8024,0x8044,0x0000,0x0000,0x0000,0x0000,0x0000,0x0000,0x0000,0x8025,0x8025,0x8023,0x8023,
  0x8023,0x8023,0x8023,0x8023,0x8023,0x8023,0x8023,0x8023,0x8023,0x8023,0x8023,0x8045,0x0000,0x0000,0x0000,0x0000,
  0x0000,0x0000,0x0000,0x0000,0x8046,0x8046,0x8045,0x8026,0x8024,0x8024,0x8024,0x8023,0x8023,0x8023,0x8023,0x8023,
  0x8023,0x8023,0x8023,0x8023,0x8023,0x8023,0x8023,0x8023,0x8023,0x8023,0x8023,0x8023,0x8023,0x8023,0x8023,0x8023,
  0x8023,0x8024,0x8025,0x8045,0x0000,0x0000,0x0000,0x0000,0x0000,0x0000,0x0000,0x0000,0x0000,0x0000,0x0000,0x0000,
  0x0000,0x0000,0x0000,0x0000,0x0000,0x8025,0x8024,0x8024,0x8024,0x8024,0x8024,0x8024,0x8024,0x8024,0x8024,0x8024,
  0x8024,0x8024,0x8024,0x0000,0x0000,0x0000,0x0000,0x0000,0x0000,0x0000,0x0000,0x0000,0x0000,0x0000,0x8045,0x8024,
  0x8024,0x8024,0x8024,0x8023,0x8024,0x8024,0x8024,0x8024,0x8023,0x8023,0x8023,0x8023,0x8023,0x8023,0x8023,0x8024,
  0x8044,0x8024,0x8023,0x8023,0x8023,0x8023,0x8023,0x8023,0x8023,0x8023,0x8023,0x8023,0x8023,0x8023,0x8023,0x8023,
  0x8023,0x8023,0x8023,0x8024,0x8024,0x8024,0x8023,0x8023,0x8023,0x8023,0x8023,0x8023,0x8024,0x8024,0x8023,0x8024,
  0x8024,0x8023,0x8023,0x8024,0x8024,0x8024,0x8024,0x8024,0x8024,0x8024,0x8024,0x8024,0x8024,0x8024,0x8024,0x8024,
  0x8024,0x0000,0x0000,0x0000,0x0000,0x0000,0x0000,0x0000,0x0000,0x0000,0x0000,0x8023,0x8023,0x8023,0x8024,0x8024,
  0x8024,0x8024,0x8024,0x8024,0x8024,0x8024,0x8024,0x8023,0x8024,0x8023,0x8023,0x8024,0x0000,0x0000,0x0000,0x0000,
  0x0000,0x0000,0x8024,0x8024,0x8023,0x8023,0x8023,0x8023,0x8023,0x8024,0x8024,0x8024,0x8024,0x8024,0x8024,0x8023,
  0x8024,0x0000,0x0000,0x0000,0x0000,0x0000,0x0000,0x0000,0x0000,0x0000,0x0000,0x0000,0x0000,0x0000,0x0000,0x0000,
  0x0000,0x0000,0x8046,0x8046,0x8026,0x8026,0x8046,0x8026,0x8026,0x8046,0x8026,0x8026,0x8026,0x8026,0x8026,0x8046,
  0x8046,0x8046,0x8046,0x8046,0x8026,0x8046,0x8026,0x8026,0x8046,0x8046,0x8046,0x8026,0x8046,0x8025,0x8025,0x8025,
  0x8025,0x8026,0x0000,0x0000,0x8025,0x8025,0x8026,0x8026,0x8026,0x8026,0x8025,0x8025,0x8026,0x8026,0x8046,0x8046,
  0x8046,0x8026,0x8046,0x8026,0x8026,0x8046,0x8026,0x8026,0x8026,0x8026,0x8046,0x8025,0x8025,0x8025,0x8025,0x8046,
  0x8046,0x8046,0x8025,0x0000,0x0000,0x8025,0x8025,0x8026,0x8025,0x8025,0x8025,0x8025,0x8025,0x8045,0x8025,0x8025,
  0x8025,0x8025,0x8025,0x0000,0x0000,0x0000,0x0000,0x0000,0x0000,0x0000,0x0000,0x0000,0x8025,0x8025,0x8025,0x8025,
  0x8026,0x8046,0x8046,0x8026,0x8025,0x8025,0x8025,0x8025,0x8025,0x8025,0x0000,0x0000,0x0000,0x0000,0x0000,0x0000,
  0x0000,0x0000,0x0000,0x0000,0x8067,0x8046,0x8026,0x8026,0x8046,0x8046,0x8026,0x8025,0x8025,0x8025,0x8025,0x8045,
  0x8025,0x8025,0x8025,0x8025,0x8025,0x8045,0x8025,0x8025,0x8025,0x8025,0x8045,0x8025,0x8025,0x8045,0x8025,0x8046,
  0x8046,0x8045,0x8046,0x0000,0x0000,0x0000,0x0000,0x0000,0x0000,0x0000,0x0000,0x0000,0x0000,0x0000,0x0000,0x0000,
  0x0000,0x0000,0x0000,0x0000,0x0000,0x8025,0x8024,0x8025,0x8025,0x8025,0x8025,0x8025,0x8025,0x8025,0x8025,0x8024,
  0x8025,0x8024,0x8024,0x0000,0x0000,0x0000,0x0000,0x0000,0x0000,0x0000,0x0000,0x0000,0x0000,0x0000,0x0000,0x8024,
  0x8025,0x8024,0x8024,0x8024,0x8024,0x8024,0x8024,0x8024,0x8024,0x8025,0x8024,0x8024,0x8024,0x8024,0x8024,0x0000,
  0x0000,0x8024,0x8024,0x8024,0x8024,0x8024,0x8024,0x8024,0x8024,0x8024,0x8024,0x8024,0x8024,0x8024,0x8024,0x8024,
  0x8024,0x8024,0x8024,0x8024,0x8024,0x8024,0x8024,0x8024,0x8024,0x8024,0x8024,0x8024,0x8024,0x8024,0x8045,0x0000,
  0x8024,0x8024,0x8024,0x8024,0x8024,0x8024,0x8024,0x8024,0x8024,0x8024,0x8024,0x8024,0x8024,0x8024,0x8024,0x8024,
  0x0000,0x0000,0x0000,0x0000,0x0000,0x0000,0x0000,0x0000,0x0000,0x0000,0x0000,0x8024,0x8023,0x8024,0x8024,0x8024,
  0x8024,0x8024,0x8024,0x8024,0x8024,0x8024,0x8024,0x8023,0x8023,0x8023,0x0000,0x0000,0x0000,0x0000,0x0000,0x0000,
  0x0000,0x0000,0x8024,0x8024,0x8024,0x8024,0x8024,0x8024,0x8024,0x8024,0x8024,0x8024,0x8024,0x8024,0x8024,0x8024,
  0x8045,0x0000,0x0000,0x0000,0x0000,0x0000,0x0000,0x0000,0x0000,0x0000,0x0000,0x0000,0x0000,0x0000,0x0000,0x0000,
  0x0000,0x0000,0x0000,0x8026,0x8046,0x8046,0x8046,0x8046,0x8026,0x8026,0x8046,0x8046,0x8046,0x8026,0x8046,0x8046,
  0x8026,0x8026,0x8046,0x8046,0x8026,0x8026,0x8046,0x8046,0x8046,0x8046,0x8046,0x8046,0x8046,0x8046,0x8026,0x8045,
  0x8025,0x0000,0x0000,0x0000,0x8046,0x8045,0x8025,0x8046,0x8046,0x8046,0x8026,0x8046,0x8046,0x8046,0x8026,0x8026,
  0x8026,0x8046,0x8026,0x8046,0x8026,0x8046,0x8026,0x8026,0x8026,0x8026,0x8046,0x8046,0x8046,0x8046,0x8046,0x8045,
  0x8045,0x0000,0x0000,0x0000,0x0000,0x8025,0x8025,0x8046,0x8046,0x8026,0x8046,0x8026,0x8025,0x8046,0x8025,0x8026,
  0x8045,0x8025,0x0000,0x0000,0x0000,0x0000,0x0000,0x0000,0x0000,0x0000,0x0000,0x0000,0x8046,0x8046,0x8046,0x8046,
  0x8046,0x8046,0x8046,0x8046,0x8046,0x8026,0x8026,0x8025,0x8045,0x0000,0x0000,0x0000,0x0000,0x0000,0x0000,0x0000,
  0x0000,0x0000,0x0000,0x0000,0x0000,0x0000,0x8026,0x8026,0x8025,0x8025,0x8026,0x8046,0x8046,0x8046,0x8026,0x8046,
  0x8025,0x8046,0x8045,0x8025,0x8046,0x8046,0x8046,0x8046,0x8025,0x8045,0x8025,0x8025,0x8025,0x8046,0x8026,0x8046,
  0x8045,0x8067,0x0000,0x0000,0x0000,0x0000,0x0000,0x0000,0x0000,0x0000,0x0000,0x0000,0x0000,0x8089,0x808A,0x0000,
  0x0000,0x0000,0x0000,0x0000,0x0000,0x8025,0x8025,0x8025,0x8025,0x8025,0x8025,0x8025,0x8025,0x8025,0x8025,0x8025,
  0x8025,0x0000,0x0000,0x0000,0x0000,0x0000,0x0000,0x0000,0x0000,0x0000,0x0000,0x0000,0x0000,0x0000,0x0000,0x0000,
  0x8024,0x8024,0x8024,0x8024,0x8025,0x8025,0x8025,0x8025,0x8024,0x8025,0x8025,0x8025,0x8025,0x8025,0x0000,0x0000,
  0x0000,0x8024,0x8024,0x8024,0x8024,0x8024,0x8024,0x8024,0x8024,0x8024,0x8024,0x8024,0x8024,0x8024,0x8025,0x8024,
  0x8024,0x8024,0x8024,0x8024,0x8024,0x8024,0x8024,0x8024,0x8024,0x8024,0x8024,0x8024,0x8024,0x0000,0x0000,0x0000,
  0x0000,0x8024,0x8024,0x8024,0x8024,0x8024,0x8024,0x8024,0x8024,0x8024,0x8024,0x8024,0x8024,0x8024,0x0000,0x0000,
  0x0000,0x0000,0x0000,0x0000,0x0000,0x0000,0x0000,0x0000,0x0000,0x0000,0x0000,0x0000,0x0000,0x8023,0x8023,0x8024,
  0x8024,0x8024,0x8024,0x8024,0x8024,0x8024,0x8024,0x8024,0x8024,0x0000,0x0000,0x0000,0x0000,0x0000,0x0000,0x0000,
  0x0000,0x0000,0x8024,0x8024,0x8024,0x8024,0x8024,0x8024,0x8024,0x8024,0x8024,0x8024,0x8024,0x8024,0x8023,0x8045,
  0x0000,0x0000,0x0000,0x0000,0x0000,0x0000,0x0000,0x0000,0x0000,0x0000,0x0000,0x0000,0x0000,0x0000,0x0000,0x0000,
  0x0000,0x0000,0x0000,0x8026,0x8046,0x8046,0x8046,0x8046,0x8045,0x8046,0x8045,0x8045,0x8046,0x8025,0x8046,0x8046,
  0x8045,0x8046,0x8046,0x8025,0x8045,0x8026,0x8025,0x8025,0x8025,0x8046,0x8046,0x8046,0x8046,0x8046,0x8046,0x8025,
  0x8025,0x0000,0x0000,0x0000,0x8026,0x8046,0x8045,0x8045,0x8025,0x8025,0x8046,0x8046,0x8046,0x8046,0x8046,0x8045,
  0x8026,0x8046,0x8046,0x8026,0x8026,0x8025,0x8045,0x8046,0x8046,0x8046,0x8046,0x8026,0x8046,0x8045,0x8025,0x8025,
  0x8046,0x0000,0x0000,0x0000,0x0000,0x8046,0x8046,0x8026,0x8046,0x8046,0x8046,0x8046,0x8046,0x8025,0x8025,0x8026,
  0x8025,0x8046,0x0000,0x0000,0x0000,0x0000,0x0000,0x0000,0x0000,0x0000,0x0000,0x0000,0x8046,0x8046,0x8025,0x8046,
  0x8046,0x8046,0x8046,0x8046,0x8045,0x8025,0x8025,0x8046,0x0000,0x0000,0x0000,0x0000,0x0000,0x0000,0x0000,0x0000,
  0x0000,0x0000,0x0000,0x0000,0x0000,0x0000,0x8046,0x8045,0x8045,0x8046,0x8046,0x8046,0x8046,0x8045,0x8025,0x8025,
  0x8025,0x8045,0x8045,0x8045,0x8026,0x8046,0x8046,0x8046,0x8046,0x8046,0x8046,0x8046,0x8046,0x8045,0x8045,0x8045,
  0x8046,0x0000,0x0000,0x0000,0x0000,0x0000,0x0000,0x0000,0x0000,0x0000,0x0000,0x0000,0x808A,0x80CB,0x80CC,0x80AA,
  0x808A,0x0000,0x0000,0x0000,0x0000,0x8024,0x8025,0x8025,0x8025,0x8025,0x8025,0x8025,0x8025,0x8025,0x8024,0x8025,
  0x8025,0x0000,0x0000,0x0000,0x0000,0x0000,0x0000,0x0000,0x0000,0x0000,0x0000,0x0000,0x0000,0x0000,0x0000,0x0000,
  0x8025,0x8024,0x8024,0x8025,0x8024,0x8025,0x8025,0x8025,0x8025,0x8025,0x8025,0x8025,0x8025,0x8025,0x0000,0x0000,
  0x0000,0x8024,0x8024,0x8024,0x8024,0x8024,0x8024,0x8024,0x8024,0x8024,0x8024,0x8024,0x8024,0x8024,0x8024,0x8024,
  0x8024,0x8024,0x8024,0x8024,0x8024,0x8024,0x8024,0x8024,0x8024,0x8024,0x8024,0x8024,0x8024,0x0000,0x0000,0x0000,
  0x0000,0x8024,0x8024,0x8024,0x8024,0x8024,0x8024,0x8024,0x8024,0x8024,0x8024,0x8024,0x8024,0x8024,0x0000,0x0000,
  0x0000,0x0000,0x0000,0x0000,0x0000,0x0000,0x0000,0x0000,0x0000,0x0000,0x0000,0x0000,0x0000,0x8024,0x8024,0x8024,
  0x8024,0x8024,0x8024,0x8024,0x8024,0x8024,0x8024,0x8024,0x8024,0x0000,0x0000,0x0000,0x0000,0x0000,0x0000,0x0000,
  0x0000,0x0000,0x8024,0x8024,0x8024,0x8023,0x8023,0x8024,0x8024,0x8024,0x8024,0x8024,0x8024,0x8024,0x8024,0x0000,
  0x0000,0x0000,0x0000,0x0000,0x0000,0x0000,0x0000,0x0000,0x0000,0x0000,0x0000,0x0000,0x0000,0x0000,0x0000,0x0000,
  0x0000,0x0000,0x0000,0x0000,0x0000,0x0000,0x0000,0x0000,0x0000,0x0000,0x0000,0x0000,0x0000,0x0000,0x0000,0x0000,
  0x0000,0x0000,0x0000,0x0000,0x0000,0x0000,0x0000,0x0000,0x0000,0x0000,0x0000,0x0000,0x0000,0x0000,0x0000,0x0000,
  0x0000,0x0000,0x0000,0x0000,0x0000,0x0000,0x0000,0x0000,0x0000,0x0000,0x0000,0x0000,0x0000,0x0000,0x0000,0x0000,
  0x0000,0x0000,0x0000,0x0000,0x0000,0x0000,0x0000,0x0000,0x0000,0x0000,0x0000,0x0000,0x0000,0x0000,0x0000,0x0000,
  0x0000,0x0000,0x0000,0x0000,0x0000,0x0000,0x0000,0x0000,0x0000,0x0000,0x0000,0x0000,0x0000,0x0000,0x0000,0x0000,
  0x0000,0x0000,0x0000,0x0000,0x0000,0x0000,0x0000,0x0000,0x0000,0x0000,0x0000,0x0000,0x0000,0x0000,0x0000,0x0000,
  0x0000,0x0000,0x0000,0x0000,0x0000,0x0000,0x0000,0x0000,0x0000,0x0000,0x0000,0x0000,0x0000,0x0000,0x0000,0x0000,
  0x0000,0x0000,0x0000,0x0000,0x0000,0x0000,0x0000,0x0000,0x0000,0x0000,0x0000,0x0000,0x0000,0x0000,0x0000,0x0000,
  0x0000,0x0000,0x0000,0x0000,0x0000,0x0000,0x0000,0x0000,0x0000,0x0000,0x0000,0x0000,0x0000,0x0000,0x0000,0x0000,
  0x0000,0x0000,0x0000,0x0000,0x0000,0x0000,0x0000,0x0000,0x0000,0x0000,0x810D,0x812D,0x80AB,0x831E,0x82FE,0x812F,
  0x808A,0x80AA,0x0000,0x0000,0x0000,0x0000,0x0000,0x0000,0x0000,0x0000,0x0000,0x0000,0x0000,0x0000,0x0000,0x0000,
  0x0000,0x0000,0x0000,0x0000,0x0000,0x0000,0x0000,0x0000,0x0000,0x0000,0x0000,0x0000,0x0000,0x0000,0x0000,0x0000,
  0x0000,0x0000,0x0000,0x0000,0x0000,0x0000,0x0000,0x0000,0x0000,0x0000,0x0000,0x0000,0x0000,0x0000,0x0000,0x0000,
  0x0000,0x0000,0x0000,0x0000,0x0000,0x0000,0x0000,0x0000,0x0000,0x0000,0x0000,0x0000,0x0000,0x0000,0x0000,0x0000,
  0x0000,0x0000,0x0000,0x0000,0x0000,0x0000,0x0000,0x0000,0x0000,0x0000,0x0000,0x0000,0x0000,0x0000,0x0000,0x0000,
  0x0000,0x0000,0x0000,0x0000,0x0000,0x0000,0x0000,0x0000,0x0000,0x0000,0x0000,0x0000,0x0000,0x0000,0x0000,0x0000,
  0x0000,0x0000,0x0000,0x0000,0x0000,0x0000,0x0000,0x0000,0x0000,0x0000,0x0000,0x0000,0x0000,0x0000,0x0000,0x0000,
  0x0000,0x0000,0x0000,0x0000,0x0000,0x0000,0x0000,0x0000,0x0000,0x0000,0x0000,0x0000,0x0000,0x0000,0x0000,0x0000,
  0x0000,0x0000,0x0000,0x0000,0x0000,0x0000,0x0000,0x0000,0x0000,0x0000,0x0000,0x0000,0x0000,0x0000,0x0000,0x0000,
  0x0000,0x0000,0x0000,0x0000,0x0000,0x0000,0x0000,0x0000,0x0000,0x0000,0x0000,0x0000,0x0000,0x0000,0x0000,0x0000,
  0x0000,0x0000,0x0000,0x0000,0x0000,0x0000,0x0000,0x0000,0x0000,0x0000,0x0000,0x0000,0x0000,0x0000,0x0000,0x0000,
  0x0000,0x0000,0x0000,0x0000,0x0000,0x0000,0x0000,0x0000,0x0000,0x0000,0x0000,0x0000,0x0000,0x0000,0x0000,0x0000,
  0x0000,0x0000,0x0000,0x0000,0x0000,0x0000,0x0000,0x0000,0x0000,0x0000,0x0000,0x0000,0x0000,0x0000,0x0000,0x0000,
  0x0000,0x0000,0x0000,0x0000,0x0000,0x0000,0x0000,0x0000,0x0000,0x0000,0x0000,0x0000,0x0000,0x0000,0x0000,0x0000,
  0x0000,0x0000,0x0000,0x0000,0x0000,0x0000,0x0000,0x0000,0x0000,0x0000,0x0000,0x0000,0x0000,0x0000,0x0000,0x0000,
  0x0000,0x0000,0x0000,0x0000,0x0000,0x0000,0x0000,0x0000,0x0000,0x0000,0x0000,0x0000,0x0000,0x0000,0x0000,0x0000,
  0x0000,0x0000,0x0000,0x0000,0x0000,0x0000,0x0000,0x0000,0x0000,0x0000,0x0000,0x0000,0x0000,0x0000,0x0000,0x0000,
  0x0000,0x0000,0x0000,0x0000,0x0000,0x0000,0x0000,0x0000,0x0000,0x0000,0x0000,0x0000,0x0000,0x0000,0x0000,0x0000,
  0x0000,0x0000,0x0000,0x0000,0x0000,0x0000,0x0000,0x0000,0x0000,0x0000,0x0000,0x0000,0x0000,0x0000,0x0000,0x0000,
  0x0000,0x0000,0x0000,0x0000,0x0000,0x0000,0x0000,0x0000,0x0000,0x0000,0x80AB,0x80AB,0x8239,0x8BBF,0x8F9F,0x82BB,
  0x825A,0x80CC,0x808A,0x0000,0x0000,0x0000,0x0000,0x0000,0x0000,0x0000,0x0000,0x0000,0x0000,0x0000,0x0000,0x0000,
  0x0000,0x0000,0x0000,0x0000,0x0000,0x0000,0x0000,0x0000,0x0000,0x0000,0x0000,0x0000,0x0000,0x0000,0x0000,0x0000,
  0x0000,0x0000,0x0000,0x0000,0x0000,0x0000,0x0000,0x0000,0x0000,0x0000,0x0000,0x0000,0x0000,0x0000,0x0000,0x0000,
  0x0000,0x0000,0x0000,0x0000,0x0000,0x0000,0x0000,0x0000,0x0000,0x0000,0x0000,0x0000,0x0000,0x0000,0x0000,0x0000,
  0x0000,0x0000,0x0000,0x0000,0x0000,0x0000,0x0000,0x0000,0x0000,0x0000,0x0000,0x0000,0x0000,0x0000,0x0000,0x0000,
  0x0000,0x0000,0x0000,0x0000,0x0000,0x0000,0x0000,0x0000,0x0000,0x0000,0x0000,0x0000,0x0000,0x0000,0x0000,0x0000,
  0x0000,0x0000,0x0000,0x0000,0x0000,0x0000,0x0000,0x0000,0x0000,0x0000,0x0000,0x0000,0x0000,0x0000,0x0000,0x0000,
  0x0000,0x0000,0x0000,0x0000,0x0000,0x0000,0x0000,0x0000,0x0000,0x0000,0x0000,0x0000,0x0000,0x0000,0x0000,0x0000,
  0x0000,0x0000,0x0000,0x0000,0x0000,0x0000,0x0000,0x0000,0x0000,0x0000,0x0000,0x0000,0x0000,0x0000,0x0000,0x0000,
  0x0000,0x0000,0x0000,0x0000,0x0000,0x0000,0x0000,0x0000,0x0000,0x0000,0x0000,0x0000,0x0000,0x0000,0x0000,0x0000,
  0x0000,0x0000,0x0000,0x0000,0x0000,0x0000,0x0000,0x0000,0x0000,0x0000,0x0000,0x0000,0x0000,0x0000,0x0000,0x0000,
  0x0000,0x0000,0x0000,0x0000,0x0000,0x0000,0x0000,0x0000,0x0000,0x0000,0x0000,0x0000,0x0000,0x0000,0x0000,0x0000,
  0x0000,0x0000,0x0000,0x0000,0x0000,0x0000,0x0000,0x0000,0x0000,0x0000,0x0000,0x0000,0x0000,0x0000,0x0000,0x0000,
  0x0000,0x0000,0x0000,0x0000,0x0000,0x0000,0x0000,0x0000,0x0000,0x0000,0x0000,0x0000,0x0000,0x0000,0x0000,0x0000,
  0x0000,0x0000,0x0000,0x0000,0x0000,0x0000,0x0000,0x0000,0x0000,0x0000,0x0000,0x0000,0x0000,0x0000,0x0000,0x0000,
  0x0000,0x0000,0x0000,0x0000,0x0000,0x0000,0x0000,0x0000,0x0000,0x0000,0x0000,0x0000,0x0000,0x0000,0x0000,0x0000,
  0x0000,0x0000,0x0000,0x0000,0x0000,0x0000,0x0000,0x0000,0x0000,0x0000,0x0000,0x0000,0x0000,0x0000,0x0000,0x0000,
  0x0000,0x0000,0x0000,0x0000,0x0000,0x0000,0x0000,0x0000,0x0000,0x0000,0x0000,0x0000,0x0000,0x0000,0x0000,0x0000,
  0x0000,0x0000,0x0000,0x0000,0x0000,0x0000,0x0000,0x0000,0x0000,0x0000,0x0000,0x0000,0x0000,0x0000,0x0000,0x0000,
  0x0000,0x0000,0x0000,0x0000,0x0000,0x0000,0x0000,0x0000,0x8089,0x8089,0x808A,0x80AB,0x875F,0xF3FF,0xF3FF,0xA39E,
  0x875F,0x80CC,0x8089,0x8089,0x8068,0x0000,0x0000,0x0000,0x0000,0x0000,0x0000,0x0000,0x0000,0x0000,0x0000,0x0000,
  0x0000,0x0000,0x0000,0x0000,0x0000,0x0000,0x0000,0x0000,0x0000,0x0000,0x0000,0x0000,0x0000,0x0000,0x0000,0x0000,
  0x0000,0x0000,0x0000,0x0000,0x0000,0x0000,0x0000,0x0000,0x0000,0x0000,0x0000,0x0000,0x0000,0x0000,0x0000,0x0000,
  0x0000,0x0000,0x0000,0x0000,0x0000,0x0000,0x0000,0x0000,0x0000,0x0000,0x0000,0x0000,0x0000,0x0000,0x0000,0x0000,
  0x0000,0x0000,0x0000,0x0000,0x0000,0x0000,0x0000,0x0000,0x0000,0x0000,0x0000,0x0000,0x0000,0x0000,0x0000,0x0000,
  0x0000,0x0000,0x0000,0x0000,0x0000,0x0000,0x0000,0x0000,0x0000,0x0000,0x0000,0x0000,0x0000,0x0000,0x0000,0x0000,
  0x0000,0x0000,0x0000,0x0000,0x0000,0x0000,0x0000,0x0000,0x0000,0x0000,0x0000,0x0000,0x0000,0x0000,0x0000,0x0000,
  0x0000,0x0000,0x0000,0x0000,0x0000,0x0000,0x0000,0x0000,0x0000,0x0000,0x0000,0x0000,0x0000,0x0000,0x0000,0x0000,
  0x0000,0x0000,0x0000,0x0000,0x0000,0x0000,0x0000,0x0000,0x0000,0x0000,0x0000,0x0000,0x0000,0x0000,0x0000,0x0000,
  0x0000,0x0000,0x0000,0x0000,0x0000,0x0000,0x0000,0x0000,0x0000,0x0000,0x0000,0x0000,0x0000,0x0000,0x0000,0x0000,
  0x0000,0x0000,0x0000,0x0000,0x0000,0x0000,0x0000,0x0000,0x0000,0x0000,0x0000,0x0000,0x0000,0x0000,0x0000,0x0000,
  0x0000,0x0000,0x0000,0x0000,0x0000,0x0000,0x0000,0x0000,0x0000,0x0000,0x0000,0x0000,0x0000,0x0000,0x0000,0x0000,
  0x0000,0x0000,0x0000,0x0000,0x0000,0x0000,0x0000,0x0000,0x0000,0x0000,0x0000,0x0000,0x0000,0x0000,0x0000,0x0000,
  0x0000,0x0000,0x0000,0x0000,0x0000,0x0000,0x0000,0x0000,0x0000,0x0000,0x0000,0x0000,0x0000,0x0000,0x0000,0x0000,
  0x0000,0x0000,0x0000,0x0000,0x0000,0x0000,0x0000,0x0000,0x0000,0x0000,0x0000,0x0000,0x0000,0x0000,0x0000,0x0000,
  0x0000,0x0000,0x0000,0x0000,0x0000,0x0000,0x0000,0x0000,0x0000,0x0000,0x0000,0x0000,0x0000,0x0000,0x0000,0x0000,
  0x0000,0x0000,0x0000,0x0000,0x0000,0x0000,0x0000,0x0000,0x0000,0x0000,0x0000,0x0000,0x0000,0x0000,0x0000,0x0000,
  0x0000,0x0000,0x0000,0x0000,0x0000,0x0000,0x0000,0x0000,0x0000,0x0000,0x0000,0x0000,0x0000,0x0000,0x0000,0x0000,
  0x0000,0x0000,0x0000,0x0000,0x0000,0x0000,0x0000,0x0000,0x0000,0x0000,0x0000,0x0000,0x0000,0x0000,0x0000,0x0000,
  0x0000,0x0000,0x0000,0x0000,0x0000,0x8089,0x8089,0x8089,0x8089,0x808A,0x8217,0x8218,0xB3DF,0xEBFF,0xE7FF,0xC3DF,
  0xBFDF,0x82DB,0x82DD,0x808A,0x8089,0x808A,0x8089,0x80AA,0x0000,0x0000,0x0000,0x0000,0x0000,0x0000,0x0000,0x0000,
  0x0000,0x0000,0x0000,0x0000,0x0000,0x0000,0x0000,0x0000,0x0000,0x0000,0x0000,0x0000,0x0000,0x0000,0x0000,0x0000,
  0x0000,0x0000,0x0000,0x0000,0x0000,0x0000,0x0000,0x0000,0x0000,0x0000,0x0000,0x0000,0x0000,0x0000,0x0000,0x0000,
  0x0000,0x0000,0x0000,0x0000,0x0000,0x0000,0x0000,0x0000,0x0000,0x0000,0x0000,0x0000,0x0000,0x0000,0x0000,0x0000,
  0x0000,0x0000,0x0000,0x0000,0x0000,0x0000,0x0000,0x0000,0x0000,0x0000,0x0000,0x0000,0x0000,0x0000,0x0000,0x0000,
  0x0000,0x0000,0x0000,0x0000,0x0000,0x0000,0x0000,0x0000,0x0000,0x0000,0x0000,0x0000,0x0000,0x0000,0x0000,0x0000,
  0x0000,0x0000,0x0000,0x0000,0x0000,0x0000,0x0000,0x0000,0x0000,0x0000,0x0000,0x0000,0x0000,0x0000,0x0000,0x0000,
  0x0000,0x0000,0x0000,0x0000,0x0000,0x0000,0x0000,0x0000,0x0000,0x0000,0x0000,0x0000,0x0000,0x0000,0x0000,0x0000,
  0x0000,0x0000,0x0000,0x0000,0x0000,0x0000,0x0000,0x0000,0x0000,0x0000,0x0000,0x0000,0x0000,0x0000,0x0000,0x0000,
  0x0000,0x0000,0x0000,0x0000,0x0000,0x0000,0x0000,0x0000,0x0000,0x0000,0x0000,0x0000,0x0000,0x0000,0x0000,0x0000,
  0x0000,0x0000,0x0000,0x0000,0x0000,0x0000,0x0000,0x0000,0x0000,0x0000,0x0000,0x0000,0x0000,0x0000,0x0000,0x0000,
  0x0000,0x0000,0x0000,0x0000,0x0000,0x0000,0x0000,0x0000,0x0000,0x0000,0x0000,0x0000,0x0000,0x0000,0x0000,0x0000,
  0x0000,0x0000,0x0000,0x0000,0x0000,0x0000,0x0000,0x0000,0x0000,0x0000,0x0000,0x0000,0x0000,0x0000,0x0000,0x0000,
  0x0000,0x0000,0x0000,0x0000,0x0000,0x0000,0x0000,0x0000,0x0000,0x0000,0x0000,0x0000,0x0000,0x0000,0x0000,0x0000,
  0x0000,0x0000,0x0000,0x0000,0x0000,0x0000,0x0000,0x0000,0x0000,0x0000,0x0000,0x0000,0x0000,0x0000,0x0000,0x0000,
  0x0000,0x0000,0x0000,0x0000,0x0000,0x0000,0x0000,0x0000,0x0000,0x0000,0x0000,0x0000,0x0000,0x0000,0x0000,0x0000,
  0x0000,0x0000,0x0000,0x0000,0x0000,0x0000,0x0000,0x0000,0x0000,0x0000,0x0000,0x0000,0x0000,0x0000,0x0000,0x0000,
  0x0000,0x0000,0x0000,0x0000,0x0000,0x0000,0x0000,0x0000,0x8089,0x8089,0x8089,0x808A,0x808A,0x808A,0x8089,0x8089,
  0x8089,0x8089,0x8089,0x8089,0x8089,0x8089,0x8089,0x8089,0x8089,0x8089,0x8089,0x8089,0x8089,0x8089,0x8089,0x8089,
  0x8089,0x8089,0x8089,0x8089,0x8089,0x808A,0x80CB,0x80A9,0x823B,0x82DD,0x93BF,0x93BF,0xFBFF,0xFBFF,0xFBFF,0xFBFF,
  0xFFFF,0xBBDF,0xBFDF,0x831E,0x81D8,0x80CC,0x80CB,0x8089,0x808A,0x808A,0x808A,0x8089,0x8089,0x8089,0x8089,0x8089,
  0x808A,0x808A,0x8089,0x8089,0x8089,0x8089,0x8089,0x8089,0x8089,0x8089,0x8089,0x8089,0x8089,0x8089,0x8089,0x808A,
  0x808A,0x8089,0x8089,0x8089,0x8089,0x0000,0x0000,0x0000,0x0000,0x0000,0x0000,0x0000,0x0000,0x0000,0x0000,0x0000,
  0x0000,0x0000,0x0000,0x0000,0x0000,0x0000,0x0000,0x0000,0x0000,0x0000,0x0000,0x0000,0x0000,0x0000,0x0000,0x0000,
  0x0000,0x0000,0x0000,0x0000,0x0000,0x0000,0x0000,0x0000,0x0000,0x0000,0x0000,0x0000,0x0000,0x0000,0x0000,0x0000,
  0x0000,0x0000,0x0000,0x0000,0x0000,0x0000,0x0000,0x0000,0x0000,0x0000,0x0000,0x0000,0x0000,0x0000,0x0000,0x0000,
  0x0000,0x0000,0x0000,0x0000,0x0000,0x0000,0x0000,0x0000,0x0000,0x0000,0x0000,0x0000,0x0000,0x0000,0x0000,0x0000,
  0x0000,0x0000,0x0000,0x0000,0x0000,0x0000,0x0000,0x0000,0x0000,0x0000,0x0000,0x0000,0x0000,0x0000,0x0000,0x0000,
  0x0000,0x0000,0x0000,0x0000,0x0000,0x0000,0x0000,0x0000,0x0000,0x0000,0x0000,0x0000,0x0000,0x0000,0x0000,0x0000,
  0x0000,0x0000,0x0000,0x0000,0x0000,0x0000,0x0000,0x0000,0x0000,0x0000,0x0000,0x0000,0x0000,0x0000,0x0000,0x0000,
  0x0000,0x0000,0x0000,0x0000,0x0000,0x0000,0x0000,0x0000,0x0000,0x0000,0x0000,0x0000,0x0000,0x0000,0x0000,0x0000,
  0x0000,0x0000,0x0000,0x0000,0x0000,0x0000,0x0000,0x0000,0x0000,0x0000,0x0000,0x0000,0x0000,0x0000,0x0000,0x0000,
  0x0000,0x0000,0x0000,0x0000,0x0000,0x0000,0x0000,0x0000,0x0000,0x0000,0x0000,0x0000,0x0000,0x0000,0x0000,0x0000,
  0x0000,0x0000,0x0000,0x0000,0x0000,0x0000,0x0000,0x0000,0x0000,0x0000,0x0000,0x0000,0x0000,0x0000,0x0000,0x0000,
  0x0000,0x0000,0x0000,0x0000,0x0000,0x0000,0x0000,0x0000,0x0000,0x0000,0x0000,0x0000,0x0000,0x0000,0x0000,0x0000,
  0x0000,0x0000,0x0000,0x0000,0x0000,0x0000,0x0000,0x0000,0x0000,0x0000,0x0000,0x0000,0x0000,0x0000,0x0000,0x0000,
  0x0000,0x0000,0x8068,0x8068,0x8068,0x8089,0x8089,0x8089,0x8089,0x8089,0x8089,0x8089,0x8089,0x8089,0x8089,0x8089,
  0x8088,0x8089,0x8089,0x8089,0x8088,0x8089,0x8089,0x8089,0x8089,0x83FF,0x83DF,0x83DF,0x83DF,0x83DF,0x83DF,0x87DF,
  0x83DF,0x83DF,0x83DF,0x83DF,0x83DF,0x83DF,0x83DF,0x83DF,0x83DF,0x83DF,0x83DF,0x83DF,0x83DF,0x83BF,0x83BF,0x839F,
  0x83BF,0x83BF,0x83BF,0x83BF,0x839F,0x837F,0x837F,0x837F,0x9FDF,0x97BF,0xE7FF,0xEFFF,0xFBFF,0xFBFF,0xFBFF,0xFBFF,
  0xFFFF,0xF3FF,0xF3FF,0xBFDF,0x879F,0x839F,0x839F,0x839F,0x83BF,0x83BF,0x83BF,0x83BF,0x83BF,0x83BF,0x83BF,0x83DF,
  0x83DF,0x83BF,0x83BF,0x83DF,0x83DF,0x83DF,0x83DF,0x83DF,0x83DF,0x83DF,0x83DF,0x83DF,0x83DF,0x83DF,0x83DF,0x83DF,
  0x83DF,0x83DF,0x87BF,0x8214,0x8089,0x8088,0x8089,0x8088,0x8088,0x8088,0x8088,0x8088,0x8089,0x8089,0x8089,0x8068,
  0x8068,0x8088,0x8088,0x8068,0x8068,0x8089,0x8088,0x8089,0x8088,0x8089,0x0000,0x0000,0x0000,0x0000,0x0000,0x0000,
  0x0000,0x0000,0x0000,0x0000,0x0000,0x0000,0x0000,0x0000,0x0000,0x0000,0x0000,0x0000,0x0000,0x0000,0x0000,0x0000,
  0x0000,0x0000,0x0000,0x0000,0x0000,0x0000,0x0000,0x0000,0x0000,0x0000,0x0000,0x0000,0x0000,0x0000,0x0000,0x0000,
  0x0000,0x0000,0x0000,0x0000,0x0000,0x0000,0x0000,0x0000,0x0000,0x0000,0x0000,0x0000,0x0000,0x0000,0x0000,0x0000,
  0x0000,0x0000,0x0000,0x0000,0x0000,0x0000,0x0000,0x0000,0x0000,0x0000,0x0000,0x0000,0x0000,0x0000,0x0000,0x0000,
  0x0000,0x0000,0x0000,0x0000,0x0000,0x0000,0x0000,0x0000,0x0000,0x0000,0x0000,0x0000,0x0000,0x0000,0x0000,0x0000,
  0x0000,0x0000,0x0000,0x0000,0x0000,0x0000,0x0000,0x0000,0x0000,0x0000,0x0000,0x0000,0x0000,0x0000,0x0000,0x0000,
  0x0000,0x0000,0x0000,0x0000,0x0000,0x0000,0x0000,0x0000,0x0000,0x0000,0x0000,0x0000,0x0000,0x0000,0x0000,0x0000,
  0x0000,0x0000,0x0000,0x0000,0x0000,0x0000,0x0000,0x0000,0x0000,0x0000,0x0000,0x0000,0x0000,0x0000,0x0000,0x0000,
  0x0000,0x0000,0x0000,0x0000,0x0000,0x0000,0x0000,0x0000,0x0000,0x0000,0x0000,0x0000,0x0000,0x0000,0x0000,0x0000,
  0x0000,0x0000,0x0000,0x0000,0x0000,0x0000,0x0000,0x0000,0x0000,0x0000,0x0000,0x0000,0x0000,0x0000,0x0000,0x0000,
  0x0000,0x0000,0x0000,0x0000,0x0000,0x0000,0x0000,0x0000,0x0000,0x0000,0x0000,0x0000,0x0000,0x8089,0x8089,0x8089,
  0x8089,0x8088,0x8068,0x8068,0x8089,0x8089,0x8089,0x8089,0x8089,0x8089,0x8089,0x8089,0x8089,0x8089,0x808A,0x808A,
  0x808A,0x8089,0x80CC,0x80EC,0x837D,0x837E,0x837F,0x839F,0x839F,0x839F,0x839F,0x837F,0x837F,0x837F,0x83BF,0x83BF,
  0x83BF,0x83BF,0x83BF,0x83BF,0x83BF,0x83BF,0x83BF,0x83BF,0x8BDF,0x839F,0x837F,0x837F,0x837F,0x839F,0x839F,0x839F,
  0x839F,0x839F,0x839F,0x839F,0x839F,0x839F,0x839F,0x839F,0x839F,0x839F,0x839F,0x839F,0x839F,0x837F,0x837F,0x837F,
  0x837F,0x877F,0xA3BF,0xBBFF,0xB7DF,0xABDF,0xCFFF,0xD3FF,0xF7FF,0xEFFF,0xFBFF,0xF7FF,0xFBFF,0xFBFF,0xFBFF,0xFBFF,
  0xFBFF,0xFFFF,0xFFFF,0xFFFF,0xE3FF,0xE3FF,0xE7FF,0xBBFF,0xBFFF,0x837F,0x837F,0x837F,0x837F,0x837F,0x837F,0x837F,
  0x837F,0x837F,0x837F,0x837F,0x837F,0x837F,0x837F,0x837F,0x837F,0x839F,0x839F,0x839F,0x839F,0x839F,0x839F,0x839F,
  0x839F,0x839F,0x839F,0x83BF,0x83BF,0x83BF,0x83BF,0x87BF,0x87BF,0x87BF,0x83BF,0x83BF,0x83BF,0x83BF,0x83BF,0x83BF,
  0x83BF,0x83BF,0x83BF,0x83BF,0x83BF,0x83BF,0x87BF,0x87DF,0x87BF,0x80CB,0x8089,0x80AA,0x80AA,0x808A,0x808A,0x80AA,
  0x808A,0x8089,0x8089,0x808A,0x80AA,0x80AA,0x80AA,0x8089,0x8089,0x8089,0x8089,0x8089,0x8089,0x8089,0x8089,0x8089,
  0x0000,0x0000,0x0000,0x0000,0x0000,0x0000,0x0000,0x0000,0x0000,0x0000,0x0000,0x0000,0x0000,0x0000,0x0000,0x0000,
  0x0000,0x0000,0x0000,0x0000,0x0000,0x0000,0x0000,0x0000,0x0000,0x0000,0x0000,0x0000,0x0000,0x0000,0x0000,0x0000,
  0x0000,0x0000,0x0000,0x0000,0x0000,0x0000,0x0000,0x0000,0x0000,0x0000,0x0000,0x0000,0x0000,0x0000,0x0000,0x0000,
  0x0000,0x0000,0x0000,0x0000,0x0000,0x0000,0x0000,0x0000,0x0000,0x0000,0x0000,0x0000,0x0000,0x0000,0x0000,0x0000,
  0x0000,0x0000,0x0000,0x0000,0x0000,0x0000,0x0000,0x0000,0x0000,0x0000,0x0000,0x0000,0x0000,0x0000,0x0000,0x0000,
  0x0000,0x0000,0x0000,0x0000,0x0000,0x0000,0x0000,0x0000,0x0000,0x0000,0x0000,0x0000,0x0000,0x0000,0x0000,0x0000,
  0x0000,0x0000,0x0000,0x0000,0x0000,0x0000,0x0000,0x0000,0x0000,0x0000,0x0000,0x0000,0x0000,0x0000,0x0000,0x0000,
  0x0000,0x0000,0x0000,0x0000,0x0000,0x0000,0x0000,0x0000,0x0000,0x0000,0x0000,0x0000,0x0000,0x0000,0x0000,0x0000,
  0x0000,0x0000,0x0000,0x0000,0x0000,0x0000,0x0000,0x0000,0x0000,0x0000,0x0000,0x0000,0x0000,0x0000,0x0000,0x0000,
  0x0000,0x0000,0x0000,0x0000,0x0000,0x80ED,0x80CD,0x80CC,0x80CD,0x80CC,0x80CC,0x80ED,0x80ED,0x80ED,0x80ED,0x80ED,
  0x80ED,0x80ED,0x80ED,0x80ED,0x80CC,0x833D,0x835D,0x837E,0x837F,0x837F,0x835F,0x835F,0x835E,0x835F,0x835F,0x835F,
  0x835F,0x835F,0x835E,0x835F,0x835F,0x835F,0x835F,0x835F,0x835F,0x835F,0x835F,0x835F,0x835F,0x835F,0x837F,0x837F,
  0x837F,0x837F,0x837F,0x837F,0x837F,0x837F,0x837F,0x837F,0x837F,0x837F,0x837F,0x837F,0x837F,0x839F,0x839F,0x839F,
  0x839F,0x839F,0x839F,0x839F,0x839F,0x837F,0x839F,0x839F,0x839F,0x839F,0x839F,0x839F,0x839F,0x879F,0xDFFF,0xE3FF,
  0xE3FF,0xDFFF,0xDFFF,0xDFFF,0xDFFF,0xE3FF,0xE3FF,0xE7FF,0xE7FF,0xEBFF,0xEBFF,0xEBFF,0xEBFF,0xEBFF,0xEBFF,0xEBFF,
  0xEBFF,0xEBFF,0xEFFF,0xEFFF,0xEBFF,0xE3FF,0xE3FF,0xE7FF,0xE3FF,0xDFFF,0xD7FF,0xD7FF,0xD7FF,0xD7FF,0xBBDF,0x837F,
  0x837F,0x837F,0x837F,0x837F,0x837F,0x837F,0x837F,0x839F,0x837F,0x837F,0x839F,0x837F,0x839F,0x839F,0x839F,0x839F,
  0x839F,0x839F,0x839F,0x839F,0x837F,0x837F,0x837F,0x837F,0x839F,0x839F,0x839F,0x837F,0x837F,0x837F,0x837F,0x837F,
  0x837F,0x837F,0x839F,0x839F,0x837F,0x837F,0x839F,0x839F,0x839F,0x835F,0x835F,0x835F,0x835F,0x835F,0x835F,0x835F,
  0x835F,0x835E,0x837F,0x837F,0x877F,0x839F,0x837E,0x808A,0x80ED,0x80ED,0x80CC,0x80CC,0x80CC,0x80ED,0x80ED,0x80CC,
  0x80CC,0x80CC,0x80CC,0x80CD,0x80ED,0x80ED,0x80ED,0x80CC,0x0000,0x0000,0x0000,0x0000,0x0000,0x0000,0x0000,0x0000,
  0x0000,0x0000,0x0000,0x0000,0x0000,0x0000,0x0000,0x0000,0x0000,0x0000,0x0000,0x0000,0x0000,0x0000,0x0000,0x0000,
  0x0000,0x0000,0x0000,0x0000,0x0000,0x0000,0x0000,0x0000,0x0000,0x0000,0x0000,0x0000,0x0000,0x0000,0x0000,0x0000,
  0x0000,0x0000,0x0000,0x0000,0x0000,0x0000,0x0000,0x0000,0x0000,0x0000,0x0000,0x0000,0x0000,0x0000,0x0000,0x0000,
  0x0000,0x0000,0x0000,0x0000,0x0000,0x0000,0x0000,0x0000,0x0000,0x0000,0x0000,0x0000,0x0000,0x0000,0x0000,0x0000,
  0x0000,0x0000,0x0000,0x0000,0x0000,0x0000,0x0000,0x0000,0x0000,0x0000,0x0000,0x0000,0x0000,0x0000,0x0000,0x0000,
  0x0000,0x0000,0x0000,0x0000,0x0000,0x0000,0x0000,0x0000,0x0000,0x0000,0x0000,0x0000,0x0000,0x0000,0x0000,0x0000,
  0x0000,0x0000,0x0000,0x0000,0x0000,0x0000,0x0000,0x0000,0x0000,0x0000,0x0000,0x0000,0x0000,0x0000,0x0000,0x0000,
  0x0000,0x0000,0x0000,0x0000,0x0000,0x0000,0x0000,0x0000,0x0000,0x0000,0x0000,0x0000,0x0000,0x0000,0x0000,0x0000,
  0x0000,0x0000,0x0000,0x0000,0x0000,0x80CC,0x80CC,0x80CC,0x80CC,0x80CC,0x80AB,0x80CC,0x80ED,0x80ED,0x80ED,0x80CD,
  0x80CD,0x80CC,0x80CC,0x80CC,0x80CC,0x80CC,0x80CC,0x80EC,0x82BD,0x82BC,0x829C,0x829C,0x829C,0x82BC,0x829C,0x829C,
  0x829C,0x829D,0x829D,0x827C,0x827C,0x827C,0x827C,0x829D,0x827C,0x827C,0x829D,0x829C,0x827C,0x827C,0x827C,0x827D,
  0x829D,0x829D,0x829D,0x829D,0x829D,0x829D,0x829D,0x829D,0x829D,0x829D,0x829D,0x82BD,0x82BD,0x82BD,0x82BD,0x82BD,
  0x82BD,0x82BD,0x829D,0x82BD,0x829D,0x829C,0x829D,0x829C,0x827C,0x829C,0x82BD,0x82BE,0x82DE,0x82BE,0x8F9E,0x979E,
  0x9B9E,0x979E,0x939E,0x939E,0x939E,0x979E,0x9B9E,0x9B9E,0x9BBE,0x9F9E,0x9F9E,0x9F9E,0x9F9E,0x9B7E,0x9F9E,0x9FBE,
  0x9BBE,0x979E,0x979E,0x9B9E,0x9B9E,0x939E,0x8F7D,0x8B5D,0x8F5D,0x937E,0x977E,0x979E,0x8F7E,0x8B7D,0x875D,0x827D,
  0x82BE,0x82BE,0x82BD,0x82BD,0x829D,0x827C,0x827C,0x827C,0x827C,0x827D,0x827C,0x827C,0x829C,0x829D,0x829D,0x829D,
  0x829D,0x829D,0x829D,0x829D,0x829D,0x829D,0x829D,0x829D,0x829D,0x82BD,0x829C,0x827C,0x829D,0x829D,0x829D,0x829D,
  0x827D,0x829D,0x829D,0x82BE,0x82BD,0x82BD,0x827C,0x825C,0x825B,0x829C,0x829C,0x829C,0x82BD,0x82BC,0x829C,0x82BD,
  0x82BD,0x82BD,0x829C,0x829C,0x831E,0x80CB,0x80CC,0x80CC,0x80CC,0x80CC,0x80CC,0x80CC,0x80CC,0x80CC,0x80CC,0x80CC,
  0x80EC,0x80CC,0x80CC,0x80EC,0x80CC,0x80ED,0x80ED,0x80CC,0x0000,0x0000,0x0000,0x0000,0x0000,0x0000,0x0000,0x0000,
  0x0000,0x0000,0x0000,0x0000,0x0000,0x0000,0x0000,0x0000,0x0000,0x0000,0x0000,0x0000,0x0000,0x0000,0x0000,0x0000,
  0x0000,0x0000,0x0000,0x0000,0x0000,0x0000,0x0000,0x0000,0x0000,0x0000,0x0000,0x0000,0x0000,0x0000,0x0000,0x0000,
  0x0000,0x0000,0x0000,0x0000,0x0000,0x0000,0x0000,0x0000,0x0000,0x0000,0x0000,0x0000,0x0000,0x0000,0x0000,0x0000,
  0x0000,0x0000,0x0000,0x0000,0x0000,0x0000,0x0000,0x0000,0x0000,0x0000,0x0000,0x0000,0x0000,0x0000,0x0000,0x0000,
  0x0000,0x0000,0x0000,0x0000,0x0000,0x0000,0x0000,0x0000,0x0000,0x0000,0x0000,0x0000,0x0000,0x0000,0x0000,0x0000,
  0x0000,0x0000,0x0000,0x0000,0x0000,0x0000,0x0000,0x0000,0x0000,0x0000,0x0000,0x0000,0x0000,0x0000,0x0000,0x0000,
  0x0000,0x0000,0x0000,0x0000,0x0000,0x0000,0x0000,0x0000,0x0000,0x0000,0x0000,0x0000,0x0000,0x0000,0x0000,0x0000,
  0x0000,0x0000,0x0000,0x0000,0x0000,0x0000,0x0000,0x0000,0x0000,0x0000,0x0000,0x0000,0x0000,0x0000,0x0000,0x0000,
  0x0000,0x0000,0x0000,0x0000,0x0000,0x0000,0x0000,0x0000,0x0000,0x0000,0x0000,0x0000,0x0000,0x0000,0x0000,0x0000,
  0x0000,0x0000,0x0000,0x0000,0x0000,0x0000,0x0000,0x0000,0x8089,0x8089,0x8089,0x8089,0x8089,0x8089,0x8088,0x8088,
  0x8088,0x8088,0x8068,0x8088,0x8088,0x8068,0x8068,0x8068,0x8068,0x8068,0x8068,0x8069,0x8089,0x8069,0x8068,0x8068,
  0x8068,0x8068,0x8068,0x8068,0x8068,0x8069,0x8089,0x8088,0x8068,0x8089,0x8089,0x8089,0x8089,0x8089,0x8089,0x8089,
  0x8089,0x8089,0x8068,0x8089,0x8068,0x8088,0x8089,0x8089,0x8089,0x8089,0x8089,0x8089,0x8089,0x8089,0x8089,0x8088,
  0x8088,0x8088,0x8089,0x8089,0x8089,0x8088,0x8068,0x8068,0x8088,0x8088,0x8088,0x8089,0x8089,0x8089,0x8089,0x8089,
  0x8089,0x8088,0x8088,0x8088,0x8088,0x8088,0x8088,0x8088,0x8088,0x8088,0x8089,0x8089,0x8088,0x8088,0x8088,0x8088,
  0x8088,0x8089,0x8089,0x8089,0x8089,0x8089,0x8089,0x8089,0x8068,0x8068,0x8068,0x8068,0x8068,0x8068,0x8068,0x8068,
  0x8068,0x8068,0x8068,0x8068,0x8068,0x8068,0x8068,0x8068,0x8068,0x8068,0x8068,0x8068,0x8068,0x8068,0x8068,0x8068,
  0x8068,0x8068,0x8068,0x8068,0x8068,0x8068,0x8068,0x8068,0x8068,0x8068,0x8088,0x8088,0x8088,0x8088,0x8088,0x8089,
  0x8089,0x8089,0x8089,0x8089,0x8068,0x0000,0x0000,0x0000,0x0000,0x0000,0x0000,0x0000,0x0000,0x0000,0x0000,0x0000,
  0x0000,0x0000,0x0000,0x0000,0x0000,0x0000,0x0000,0x0000,0x0000,0x0000,0x0000,0x0000,0x0000,0x0000,0x0000,0x0000,
  0x0000,0x0000,0x0000,0x0000,0x0000,0x0000,0x0000,0x0000,0x0000,0x0000,0x0000,0x0000,0x0000,0x0000,0x0000,0x0000,
  0x0000,0x0000,0x0000,0x0000,0x0000,0x0000,0x0000,0x0000,0x0000,0x0000,0x0000,0x0000,0x0000,0x0000,0x0000,0x0000,
  0x0000,0x0000,0x0000,0x0000,0x0000,0x0000,0x0000,0x0000,0x0000,0x0000,0x0000,0x0000,0x0000,0x0000,0x0000,0x0000,
  0x0000,0x0000,0x0000,0x0000,0x0000,0x0000,0x0000,0x0000,0x0000,0x0000,0x0000,0x0000,0x0000,0x0000,0x0000,0x0000,
  0x0000,0x0000,0x0000,0x0000,0x0000,0x0000,0x0000,0x0000,0x0000,0x0000,0x0000,0x0000,0x0000,0x0000,0x0000,0x0000,
  0x0000,0x0000,0x0000,0x0000,0x0000,0x0000,0x0000,0x0000,0x0000,0x0000,0x0000,0x0000,0x0000,0x0000,0x0000,0x0000,
  0x0000,0x0000,0x0000,0x0000,0x0000,0x0000,0x0000,0x0000,0x0000,0x0000,0x0000,0x0000,0x0000,0x0000,0x0000,0x0000,
  0x0000,0x0000,0x0000,0x0000,0x0000,0x0000,0x0000,0x0000,0x0000,0x0000,0x0000,0x0000,0x0000,0x0000,0x0000,0x0000,
  0x0000,0x0000,0x0000,0x0000,0x0000,0x0000,0x0000,0x0000,0x0000,0x0000,0x0000,0x0000,0x0000,0x0000,0x0000,0x0000,
  0x0000,0x0000,0x0000,0x0000,0x0000,0x0000,0x0000,0x0000,0x0000,0x0000,0x0000,0x0000,0x0000,0x0000,0x0000,0x0000,
  0x0000,0x0000,0x0000,0x0000,0x0000,0x0000,0x0000,0x0000,0x0000,0x0000,0x0000,0x0000,0x0000,0x0000,0x0000,0x0000,
  0x0000,0x0000,0x0000,0x0000,0x0000,0x0000,0x0000,0x0000,0x0000,0x0000,0x0000,0x0000,0x0000,0x0000,0x0000,0x0000,
  0x0000,0x0000,0x0000,0x0000,0x0000,0x0000,0x0000,0x0000,0x0000,0x0000,0x0000,0x0000,0x0000,0x0000,0x0000,0x0000,
  0x0000,0x0000,0x0000,0x0000,0x0000,0x0000,0x0000,0x0000,0x0000,0x0000,0x0000,0x0000,0x0000,0x0000,0x0000,0x0000,
  0x0000,0x0000,0x0000,0x0000,0x0000,0x0000,0x0000,0x0000,0x0000,0x0000,0x0000,0x0000,0x0000,0x0000,0x0000,0x0000,
  0x0000,0x0000,0x0000,0x0000,0x0000,0x0000,0x0000,0x0000,0x0000,0x0000,0x0000,0x0000,0x0000,0x0000,0x0000,0x0000,
  0x0000,0x0000,0x0000,0x0000,0x0000,0x0000,0x0000,0x0000,0x0000,0x0000,0x0000,0x0000,0x0000,0x0000,0x0000,0x0000,
  0x0000,0x0000,0x0000,0x0000,0x0000,0x0000,0x0000,0x0000,0x0000,0x0000,0x0000,0x0000,0x0000,0x0000,0x0000,0x0000,
  0x0000,0x0000,0x0000,0x0000,0x0000,0x0000,0x0000,0x0000,0x0000,0x0000,0x0000,0x0000,0x0000,0x0000,0x0000,0x0000,
  0x0000,0x0000,0x0000,0x0000,0x0000,0x0000,0x0000,0x0000,0x0000,0x0000,0x0000,0x0000,0x0000,0x0000,0x0000,0x0000,
  0x0000,0x0000,0x0000,0x0000,0x0000,0x0000,0x0000,0x0000,0x0000,0x0000,0x0000,0x0000,0x0000,0x0000,0x0000,0x0000,
  0x0000,0x0000,0x0000,0x0000,0x0000,0x0000,0x0000,0x0000,0x0000,0x0000,0x0000,0x0000,0x0000,0x0000,0x0000,0x0000,
  0x0000,0x0000,0x0000,0x0000,0x0000,0x0000,0x0000,0x0000,0x0000,0x0000,0x0000,0x0000,0x0000,0x0000,0x0000,0x0000,
  0x0000,0x0000,0x0000,0x0000,0x0000,0x0000,0x0000,0x0000,0x0000,0x0000,0x0000,0x0000,0x0000,0x0000,0x0000,0x0000,
  0x0000,0x0000,0x0000,0x0000,0x0000,0x0000,0x0000,0x0000,0x0000,0x0000,0x0000,0x0000,0x0000,0x0000,0x0000,0x0000,
  0x0000,0x0000,0x0000,0x0000,0x0000,0x0000,0x0000,0x0000,0x0000,0x0000,0x0000,0x0000,0x0000,0x0000,0x0000,0x0000,
  0x0000,0x0000,0x0000,0x0000,0x0000,0x0000,0x0000,0x0000,0x0000,0x0000,0x0000,0x0000,0x0000,0x0000,0x0000,0x0000,
  0x0000,0x0000,0x0000,0x0000,0x0000,0x0000,0x0000,0x0000,0x0000,0x0000,0x0000,0x0000,0x0000,0x0000,0x0000,0x0000,
  0x0000,0x0000,0x0000,0x0000,0x0000,0x0000,0x0000,0x0000,0x0000,0x0000,0x0000,0x0000,0x0000,0x0000,0x0000,0x0000,
  0x0000,0x0000,0x0000,0x0000,0x0000,0x0000,0x0000,0x0000,0x0000,0x0000,0x0000,0x0000,0x0000,0x0000,0x0000,0x0000,
  0x0000,0x0000,0x0000,0x0000,0x0000,0x0000,0x0000,0x0000,0x0000,0x0000,0x0000,0x0000,0x0000,0x0000,0x0000,0x0000,
  0x0000,0x0000,0x0000,0x0000,0x0000,0x0000,0x0000,0x0000,0x0000,0x0000,0x0000,0x0000,0x0000,0x0000,0x0000,0x0000,
  0x0000,0x0000,0x0000,0x0000,0x0000,0x0000,0x0000,0x0000,0x0000,0x0000,0x0000,0x0000,0x0000,0x0000,0x0000,0x0000,
  0x0000,0x0000,0x0000,0x0000,0x0000,0x0000,0x0000,0x0000,0x0000,0x0000,0x0000,0x0000,0x0000,0x0000,0x0000,0x0000,
  0x0000,0x0000,0x0000,0x0000,0x0000,0x0000,0x0000,0x0000,0x0000,0x0000,0x0000,0x0000,0x0000,0x0000,0x0000,0x0000,
  0x0000,0x0000,0x0000,0x0000,0x0000,0x0000,0x0000,0x0000,0x0000,0x0000,0x0000,0x0000,0x0000,0x0000,0x0000,0x0000,
  0x0000,0x0000,0x0000,0x0000,0x0000,0x0000,0x0000,0x0000,0x0000,0x0000,0x0000,0x0000,0x0000,0x0000,0x0000,0x0000,
  0x0000,0x0000,0x0000,0x0000,0x0000,0x0000,0x0000,0x0000,0x0000,0x0000,0x0000,0x0000,0x0000,0x0000,0x0000,0x0000,
  0x0000,0x0000,0x0000,0x0000,0x0000,0x0000,0x0000,0x0000,0x0000,0x0000,0x0000,0x0000,0x0000,0x0000,0x0000,0x0000,
  0x0000,0x0000,0x0000,0x0000,0x0000,0x0000,0x0000,0x0000,0x0000,0x0000,0x0000,0x0000,0x0000,0x0000,0x0000,0x0000,
  0x0000,0x0000,0x0000,0x0000,0x0000,0x0000,0x0000,0x0000,0x0000,0x0000,0x0000,0x0000,0x0000,0x0000,0x0000,0x0000,
  0x0000,0x0000,0x0000,0x0000,0x0000,0x0000,0x0000,0x0000,0x0000,0x0000,0x0000,0x0000,0x0000,0x0000,0x0000,0x0000,
  0x0000,0x0000,0x0000,0x0000,0x0000,0x0000,0x0000,0x0000,0x0000,0x0000,0x0000,0x0000,0x0000,0x0000,0x0000,0x0000,
  0x0000,0x0000,0x0000,0x0000,0x0000,0x0000,0x0000,0x0000,0x0000,0x0000,0x0000,0x0000,0x0000,0x0000,0x0000,0x0000,
  0x0000,0x0000,0x0000,0x0000,0x0000,0x0000,0x0000,0x0000,0x0000,0x0000,0x0000,0x0000,0x0000,0x0000,0x0000,0x0000,
  0x0000,0x0000,0x0000,0x0000,0x0000,0x0000,0x0000,0x0000,0x0000,0x0000,0x0000,0x0000,0x0000,0x0000,0x0000,0x0000,
  0x0000,0x0000,0x0000,0x0000,0x0000,0x0000,0x0000,0x0000,0x0000,0x0000,0x0000,0x0000,0x0000,0x0000,0x0000,0x0000,
  0x0000,0x0000,0x0000,0x0000,0x0000,0x0000,0x0000,0x0000,0x0000,0x0000,0x0000,0x0000,0x0000,0x0000,0x0000,0x0000,
  0x0000,0x0000,0x0000,0x0000,0x0000,0x0000,0x0000,0x0000,0x0000,0x0000,0x0000,0x0000,0x0000,0x0000,0x0000,0x0000,
  0x0000,0x0000,0x0000,0x0000,0x0000,0x0000,0x0000,0x0000,0x0000,0x0000,0x0000,0x0000,0x0000,0x0000,0x0000,0x0000,
  0x0000,0x0000,0x0000,0x0000,0x0000,0x0000,0x0000,0x0000,0x0000,0x0000,0x0000,0x0000,0x0000,0x0000,0x0000,0x0000,
  0x0000,0x0000,0x0000,0x0000,0x0000,0x0000,0x0000,0x0000,0x0000,0x0000,0x0000,0x0000,0x0000,0x0000,0x0000,0x0000,
  0x0000,0x0000,0x0000,0x0000,0x0000,0x0000,0x0000,0x0000,0x0000,0x0000,0x0000,0x0000,0x0000,0x0000,0x0000,0x0000,
  0x0000,0x0000,0x0000,0x0000,0x0000,0x0000,0x0000,0x0000,0x0000,0x0000,0x0000,0x0000,0x0000,0x0000,0x0000,0x0000,
  0x0000,0x0000,0x0000,0x0000,0x0000,0x0000,0x0000,0x0000,0x0000,0x0000,0x0000,0x0000,0x0000,0x0000,0x0000,0x0000,
  0x0000,0x0000,0x0000,0x0000,0x0000,0x0000,0x0000,0x0000,0x0000,0x0000,0x0000,0x0000,0x0000,0x0000,0x0000,0x0000,
  0x0000,0x0000,0x0000,0x0000,0x0000,0x0000,0x0000,0x0000,0x0000,0x0000,0x0000,0x0000,0x0000,0x0000,0x0000,0x0000,
  0x0000,0x0000,0x0000,0x0000,0x0000,0x0000,0x0000,0x0000,0x0000,0x0000,0x0000,0x0000,0x0000,0x0000,0x0000,0x0000,
  0x0000,0x0000,0x0000,0x0000,0x0000,0x0000,0x0000,0x0000,0x0000,0x0000,0x0000,0x0000,0x0000,0x0000,0x0000,0x0000,
  0x0000,0x0000,0x0000,0x0000,0x0000,0x0000,0x0000,0x0000,0x0000,0x0000,0x0000,0x0000,0x0000,0x0000,0x0000,0x0000,
  0x0000,0x0000,0x0000,0x0000,0x0000,0x0000,0x0000,0x0000,0x0000,0x0000,0x0000,0x0000,0x0000,0x0000,0x0000,0x0000,
  0x0000,0x0000,0x0000,0x0000,0x0000,0x0000,0x0000,0x0000,0x0000,0x0000,0x0000,0x0000,0x0000,0x0000,0x0000,0x0000,
  0x0000,0x0000,0x0000,0x0000,0x0000,0x0000,0x0000,0x0000,0x0000,0x0000,0x0000,0x0000,0x0000,0x0000,0x0000,0x0000,
  0x0000,0x0000,0x0000,0x0000,0x0000,0x0000,0x0000,0x0000,0x0000,0x0000,0x0000,0x0000,0x0000,0x0000,0x0000,0x0000,
  0x0000,0x0000,0x0000,0x0000,0x0000,0x0000,0x0000,0x0000,0x0000,0x0000,0x0000,0x0000,0x0000,0x0000,0x0000,0x0000,
  0x0000,0x0000,0x0000,0x0000,0x0000,0x0000,0x0000,0x0000,0x0000,0x0000,0x0000,0x0000,0x0000,0x0000,0x0000,0x0000,
  0x0000,0x0000,0x0000,0x0000,0x0000,0x0000,0x0000,0x0000,0x0000,0x0000,0x0000,0x0000,0x0000,0x0000,0x0000,0x0000,
  0x0000,0x0000,0x0000,0x0000,0x0000,0x0000,0x0000,0x0000,0x0000,0x0000,0x0000,0x0000,0x0000,0x0000,0x0000,0x0000,
  0x0000,0x0000,0x0000,0x0000,0x0000,0x0000,0x0000,0x0000,0x0000,0x0000,0x0000,0x0000,0x0000,0x0000,0x0000,0x0000,
  0x0000,0x0000,0x0000,0x0000,0x0000,0x0000,0x0000,0x0000,0x0000,0x0000,0x0000,0x0000,0x0000,0x0000,0x0000,0x0000,
  0x0000,0x0000,0x0000,0x0000,0x0000,0x0000,0x0000,0x0000,0x0000,0x0000,0x0000,0x0000,0x0000,0x0000,0x0000,0x0000,
  0x0000,0x0000,0x0000,0x0000,0x0000,0x0000,0x0000,0x0000,0x0000,0x0000,0x0000,0x0000,0x0000,0x0000,0x0000,0x0000,
  0x0000,0x0000,0x0000,0x0000,0x0000,0x0000,0x0000,0x0000,0x0000,0x0000,0x0000,0x0000,0x0000,0x0000,0x0000,0x0000,
  0x0000,0x0000,0x0000,0x0000,0x0000,0x0000,0x0000,0x0000,0x0000,0x0000,0x0000,0x0000,0x0000,0x0000,0x0000,0x0000,
  0x0000,0x0000,0x0000,0x0000,0x0000,0x0000,0x0000,0x0000,0x0000,0x0000,0x0000,0x0000,0x0000,0x0000,0x0000,0x0000,
  0x0000,0x0000,0x0000,0x0000,0x0000,0x0000,0x0000,0x0000,0x0000,0x0000,0x0000,0x0000,0x0000,0x0000,0x0000,0x0000,
  0x0000,0x0000,0x0000,0x0000,0x0000,0x0000,0x0000,0x0000,0x0000,0x0000,0x0000,0x0000,0x0000,0x0000,0x0000,0x0000,
  0x0000,0x0000,0x0000,0x0000,0x0000,0x0000,0x0000,0x0000,0x0000,0x0000,0x0000,0x0000,0x0000,0x0000,0x0000,0x0000,
  0x0000,0x0000,0x0000,0x0000,0x0000,0x0000,0x0000,0x0000,0x0000,0x0000,0x0000,0x0000,0x0000,0x0000,0x0000,0x0000,
  0x0000,0x0000,0x0000,0x0000,0x0000,0x0000,0x0000,0x0000,0x0000,0x0000,0x0000,0x0000,0x0000,0x0000,0x0000,0x0000,
  0x0000,0x0000,0x0000,0x0000,0x0000,0x0000,0x0000,0x0000,0x0000,0x0000,0x0000,0x0000,0x0000,0x0000,0x0000,0x0000,
  0x0000,0x0000,0x0000,0x0000,0x0000,0x0000,0x0000,0x0000,0x0000,0x0000,0x0000,0x0000,0x0000,0x0000,0x0000,0x0000,
  0x0000,0x0000,0x0000,0x0000,0x0000,0x0000,0x0000,0x0000,0x0000,0x0000,0x0000,0x0000,0x0000,0x0000,0x0000,0x0000,
  0x0000,0x0000,0x0000,0x0000,0x0000,0x0000,0x0000,0x0000,0x0000,0x0000,0x0000,0x0000,0x0000,0x0000,0x0000,0x0000,
  0x0000,0x0000,0x0000,0x0000,0x0000,0x0000,0x0000,0x0000,0x0000,0x0000,0x0000,0x0000,0x0000,0x0000,0x0000,0x0000,
  0x0000,0x0000,0x0000,0x0000,0x0000,0x0000,0x0000,0x0000,0x0000,0x0000,0x0000,0x0000,0x0000,0x0000,0x0000,0x0000,
  0x0000,0x0000,0x0000,0x0000,0x0000,0x0000,0x0000,0x0000,0x0000,0x0000,0x0000,0x0000,0x0000,0x0000,0x0000,0x0000,
  0x0000,0x0000,0x0000,0x0000,0x0000,0x0000,0x0000,0x0000,0x0000,0x0000,0x0000,0x0000,0x0000,0x0000,0x0000,0x0000,
  0x0000,0x0000,0x0000,0x0000,0x0000,0x0000,0x0000,0x0000,0x0000,0x0000,0x0000,0x0000,0x0000,0x0000,0x0000,0x0000,
  0x0000,0x0000,0x0000,0x0000,0x0000,0x0000,0x0000,0x0000,0x0000,0x0000,0x0000,0x0000,0x0000,0x0000,0x0000,0x0000,
  0x0000,0x0000,0x0000,0x0000,0x0000,0x0000,0x0000,0x0000,0x0000,0x0000,0x0000,0x0000,0x0000,0x0000,0x0000,0x0000,
  0x0000,0x0000,0x0000,0x0000,0x0000,0x0000,0x0000,0x0000,0x0000,0x0000,0x0000,0x0000,0x0000,0x0000,0x0000,0x0000,
  0x0000,0x0000,0x0000,0x0000,0x0000,0x0000,0x0000,0x0000,0x0000,0x0000,0x0000,0x0000,0x0000,0x0000,0x0000,0x0000,
  0x0000,0x0000,0x0000,0x0000,0x0000,0x0000,0x0000,0x0000,0x0000,0x0000,0x0000,0x0000,0x0000,0x0000,0x0000,0x0000,
  0x0000,0x0000,0x0000,0x0000,0x0000,0x0000,0x0000,0x0000,0x0000,0x0000,0x0000,0x0000,0x0000,0x0000,0x0000,0x0000,
  0x0000,0x0000,0x0000,0x0000,0x0000,0x0000,0x0000,0x0000,0x0000,0x0000,0x0000,0x0000,0x0000,0x0000,0x0000,0x0000,
  0x0000,0x0000,0x0000,0x0000,0x0000,0x0000,0x0000,0x0000,0x0000,0x0000,0x0000,0x0000,0x0000,0x0000,0x0000,0x0000,
  0x0000,0x0000,0x0000,0x0000,0x0000,0x0000,0x0000,0x0000,0x0000,0x0000,0x0000,0x0000,0x0000,0x0000,0x0000,0x0000,
  0x0000,0x0000,0x0000,0x0000,0x0000,0x0000,0x0000,0x0000,0x0000,0x0000,0x0000,0x0000,0x0000,0x0000,0x0000,0x0000,
  0x0000,0x0000,0x0000,0x0000,0x0000,0x0000,0x0000,0x0000,0x0000,0x0000,0x0000,0x0000,0x0000,0x0000,0x0000,0x0000,
  0x0000,0x0000,0x0000,0x0000,0x0000,0x0000,0x0000,0x0000,0x0000,0x0000,0x0000,0x0000,0x0000,0x0000,0x0000,0x0000,
  0x0000,0x0000,0x0000,0x0000,0x0000,0x0000,0x0000,0x0000,0x0000,0x0000,0x0000,0x0000,0x0000,0x0000,0x0000,0x0000,
  0x0000,0x0000,0x0000,0x0000,0x0000,0x0000,0x0000,0x0000,0x0000,0x0000,0x0000,0x0000,0x0000,0x0000,0x0000,0x0000,
  0x0000,0x0000,0x0000,0x0000,0x0000,0x0000,0x0000,0x0000,0x0000,0x0000,0x0000,0x0000,0x0000,0x0000,0x0000,0x0000,
};
static const uint16_t next_logo_small[1800] = {
  0x0000,0x0000,0x0000,0x0000,0x0000,0x0000,0x0000,0x0000,0x0000,0x0000,0x0000,0x0000,0x0000,0x0000,0x0000,0x0000,
  0x0000,0x0000,0x0000,0x0000,0x0000,0x0000,0x0000,0x0000,0x0000,0x0000,0x0000,0x0000,0x0000,0x0000,0x0000,0x0000,
  0x0000,0x0000,0x0000,0x0000,0x0000,0x0000,0x0000,0x0000,0x0000,0x0000,0x0000,0x0000,0x0000,0x0000,0x0000,0x0000,
  0x0000,0x0000,0x0000,0x0000,0x0000,0x0000,0x0000,0x0000,0x0000,0x0000,0x0000,0x0000,0x0000,0x0000,0x0000,0x0000,
  0x0000,0x0000,0x0000,0x0000,0x0000,0x0000,0x0000,0x0000,0x0000,0x0000,0x0000,0x0000,0x0000,0x0000,0x0000,0x0000,
  0x0000,0x0000,0x0000,0x0000,0x0000,0x0000,0x0000,0x0000,0x0000,0x0000,0x0000,0x0000,0x0000,0x0000,0x0000,0x0000,
  0x0000,0x0000,0x0000,0x0000,0x0000,0x0000,0x0000,0x0000,0x0000,0x0000,0x0000,0x0000,0x0000,0x0000,0x0000,0x0000,
  0x0000,0x0000,0x0000,0x0000,0x0000,0x0000,0x0000,0x0000,0x0000,0x0000,0x0000,0x0000,0x0000,0x0000,0x0000,0x0000,
  0x0000,0x0000,0x0000,0x0000,0x0000,0x0000,0x0000,0x0000,0x0000,0x0000,0x0000,0x0000,0x0000,0x0000,0x0000,0x0000,
  0x0000,0x0000,0x0000,0x0000,0x0000,0x0000,0x0000,0x0000,0x0000,0x0000,0x8025,0x8046,0x0000,0x0000,0x0000,0x0000,
  0x0000,0x0000,0x0000,0x0000,0x0000,0x0000,0x0000,0x0000,0x0000,0x0000,0x0000,0x0000,0x0000,0x0000,0x0000,0x0000,
  0x0000,0x0000,0x0000,0x0000,0x0000,0x0000,0x0000,0x0000,0x0000,0x0000,0x0000,0x0000,0x0000,0x0000,0x0000,0x0000,
  0x0000,0x0000,0x0000,0x0000,0x0000,0x0000,0x0000,0x0000,0x0000,0x0000,0x0000,0x0000,0x0000,0x0000,0x0000,0x0000,
  0x0000,0x0000,0x0000,0x0000,0x0000,0x0000,0x0000,0x0000,0x0000,0x0000,0x0000,0x0000,0x0000,0x0000,0x0000,0x0000,
  0x0000,0x0000,0x0000,0x0000,0x0000,0x0000,0x0000,0x0000,0x0000,0x0000,0x0000,0x0000,0x0000,0x0000,0x0000,0x0000,
  0x0000,0x0000,0x0000,0x0000,0x0000,0x0000,0x0000,0x0000,0x0000,0x0000,0x0000,0x0000,0x8024,0x8024,0x939F,0x877E,
  0x8024,0x8024,0x0000,0x0000,0x0000,0x0000,0x0000,0x0000,0x0000,0x0000,0x0000,0x0000,0x0000,0x0000,0x0000,0x0000,
  0x0000,0x0000,0x0000,0x0000,0x0000,0x0000,0x0000,0x0000,0x0000,0x0000,0x0000,0x0000,0x0000,0x0000,0x0000,0x0000,
  0x0000,0x0000,0x0000,0x0000,0x0000,0x0000,0x0000,0x0000,0x0000,0x0000,0x0000,0x0000,0x0000,0x0000,0x0000,0x0000,
  0x0000,0xFBD9,0xFFFB,0xFFFB,0xFFFB,0xFFFA,0xFFFB,0xFFFB,0xFFFB,0xFFFB,0x8022,0xDA48,0xFFFB,0xFFFA,0x8023,0x0000,
  0x0000,0x0000,0x0000,0x0000,0x8023,0xFFFA,0xFFFB,0xFFF9,0x8023,0xFFFD,0xFFFA,0xFFFA,0xFFFA,0xFFFA,0xFFFA,0xFFFA,
  0xFFFB,0x8421,0x9CA3,0xFFFA,0xFFFA,0xFFFA,0xFFFA,0xFFFA,0xFFFA,0xFFFA,0xFFFB,0x0000,0x0000,0x0000,0x0000,0x8045,
  0x81D5,0x8067,0x82BD,0x877F,0x8024,0x8024,0x0000,0x0000,0x8043,0xE3FF,0xE7FF,0x8024,0x8023,0xE3DE,0xDBFF,0xDFFF,
  0xDFFF,0xDFFF,0xDFFF,0xDFFF,0xDFFF,0x8023,0xC3DF,0xDFFF,0xDFFF,0x8023,0x0000,0x0000,0x0000,0x8024,0xE3FF,0xE3FF,
  0xE7FF,0x8023,0xDFFF,0xDFFF,0xDFFF,0xDFFF,0xDFFF,0xDFFF,0xDFFF,0xDFFF,0xDFFF,0x8022,0x0000,0x0000,0x0000,0x0000,
  0x0000,0x0000,0x0000,0x0000,0x0000,0xFF90,0xFFB6,0xFFB7,0xFFB6,0xFFB6,0xFFB6,0xFFB6,0xFFB6,0xFFD7,0x8023,0xE288,
  0xFFB6,0xFFB6,0x8023,0x0000,0x0000,0x0000,0x0000,0x0000,0x8023,0xFFB6,0xFFB6,0xFFB6,0x8023,0xFFD7,0xFFB6,0xFFB6,
  0xFFB6,0xFFB6,0xFFB6,0xFBB6,0xFFB6,0x8421,0xC584,0xFFD8,0xFFB6,0xFFB6,0xFFB6,0xFFB7,0xFFB6,0xFFB6,0xFF08,0x0000,
  0x0000,0x0000,0x0000,0x8045,0x877E,0xBBBF,0x80CB,0x8089,0x8044,0x0000,0x0000,0x0000,0x8023,0xBBDF,0xBBDF,0x8045,
  0x8023,0xCBDF,0xBBDF,0xBBDF,0xBBDF,0xBBDF,0xBBDF,0xBBDF,0xB3BF,0x8023,0x837E,0xBBDF,0xBBDF,0xC3DF,0x8023,0x0000,
  0x8022,0xC3DF,0xB7DF,0xBBDF,0x833E,0x8023,0xBFDF,0xBBDF,0xBBDF,0xBBDF,0xBFDF,0xBBDF,0xBBDF,0xBFDF,0xBFDF,0x8023,
  0x0000,0x0000,0x0000,0x0000,0x0000,0x0000,0x0000,0x0000,0x8026,0xFFB2,0xFFD8,0xFFD7,0xFF05,0xFF05,0xFF05,0xFF05,
  0xFF05,0xC563,0x8025,0xDE68,0xFFD7,0xFFD7,0x8023,0x0000,0x0000,0x0000,0x0000,0x0000,0x8023,0xFFD7,0xFFD7,0xFFD7,
  0x8023,0xFFD9,0xFFD8,0xFFD8,0xFFD8,0xFFD7,0xFFD8,0xFFD8,0xFF49,0x8421,0xC184,0xFFD7,0xFFD7,0xFF05,0xFEE4,0xFEE4,
  0xFF05,0xFEE4,0x8023,0x8023,0xFFFB,0xFFFB,0x8023,0x8045,0x877E,0xC3DF,0xBBBF,0xC7BF,0xDBFF,0x8023,0x0000,0x0000,
  0x8023,0xC3DF,0xC3DF,0x8024,0x8023,0xBFDF,0xBFDF,0x9FBF,0x837F,0x839F,0x839F,0x837F,0x8023,0x8023,0x8022,0x82FF,
  0xC3DF,0xC3DF,0xE3DE,0x8022,0xDFFF,0xC3DF,0xBFDF,0x82DF,0x8023,0x8024,0xC3BF,0xBBDF,0xBFDF,0xC3DF,0xC3DF,0xC3DF,
  0xCBFF,0xC7DF,0x82FF,0x8023,0x0000,0x0000,0x0000,0x0000,0x0000,0x0000,0x0000,0x0000,0x8046,0xFFB4,0xFFF9,0xFFFA,
  0x8023,0x8023,0x8023,0x8023,0x8023,0x8025,0x8046,0xDE68,0xFFF9,0xFFFA,0x8023,0x0000,0x0000,0x0000,0x0000,0x0000,
  0x8023,0xFFF9,0xFFFA,0xFFFA,0x8023,0x8023,0x8023,0x8C61,0xFFF9,0xFFFA,0x8023,0x8023,0x8023,0x8025,0xBDA6,0xFFF9,
  0xFFFA,0x8023,0x8023,0x8023,0x8023,0x8023,0x0000,0x8023,0xFFD8,0xFFD9,0x8022,0x8045,0x877E,0xCFDF,0xCFDF,0xCBDF,
  0xD3FF,0xD3FF,0x8022,0x0000,0x8044,0xD3FF,0xCFFF,0x8024,0x8023,0xCFDF,0xCFFF,0x95D0,0x8023,0x8023,0x8023,0x8023,
  0x8023,0x0000,0x8024,0x8023,0x82DE,0xD3FF,0xD3FF,0xDFFF,0xD3FF,0xD3FF,0x82BE,0x8023,0x8024,0x8023,0x8023,0x8023,
  0x8002,0xD3FF,0xD3FF,0xCFFF,0x8023,0x8023,0x8023,0x0000,0x0000,0x0000,0x0000,0x0000,0x0000,0x0000,0x0000,0x0000,
  0x8046,0xFF92,0xFFFA,0xFFFA,0xFFFB,0xFFFB,0xFFFB,0xFFFB,0xFFFA,0x0000,0x8046,0xDA48,0xFFFA,0xFFFA,0x8023,0x0000,
  0x0000,0x0000,0x0000,0x0000,0x8023,0xFFFA,0xFFFB,0xFFFA,0x8046,0x8025,0x8025,0x8841,0xFFFA,0xFFFB,0x8023,0x8025,
  0x8025,0x8046,0xB9A5,0xFFFA,0xFFFA,0xFFFB,0xFFFB,0xFFFB,0xFFFA,0x8443,0x0000,0x8023,0xFE43,0xFA64,0x8022,0x8045,
  0x877E,0xD3FF,0xCFFF,0x831F,0xD7FF,0xD3FF,0xD7FF,0x8044,0x8023,0xD7FF,0xD7FF,0x8024,0x8023,0xD7FF,0xD7FF,0xDBFF,
  0xDFFF,0xDFFF,0xDFFF,0xDFFF,0x8023,0x0000,0x0000,0x8024,0x8002,0x837F,0xD7FF,0xD7FF,0xD7FF,0x82BD,0x8023,0x8024,
  0x0000,0x8025,0x8025,0x8025,0x8002,0xD7FF,0xD7FF,0xD7FF,0x8066,0x0000,0x0000,0x0000,0x0000,0x0000,0x0000,0x0000,
  0x0000,0x0000,0x0000,0x0000,0x8046,0xFF49,0xFF49,0xFF49,0xFF49,0xFF49,0xFF49,0xFF49,0xFEE6,0x0000,0x8046,0xDA68,
  0xFF49,0xFF49,0x8023,0x0000,0x0000,0x0000,0x0000,0x0000,0x8023,0xFF49,0xFF49,0xFF49,0x0000,0x0000,0x0000,0x8841,
  0xFF49,0xFF49,0x8023,0x0000,0x0000,0x8046,0xB585,0xFF49,0xFF49,0xFF49,0xFF69,0xFF49,0xFEE6,0x8444,0x0000,0x8025,
  0x8025,0x8025,0x0000,0x8045,0x877E,0x839F,0x839F,0x8003,0x827D,0x839F,0x839F,0xDBDE,0x8023,0x839F,0x839F,0x8024,
  0x8024,0x839F,0x839F,0x839F,0x879F,0x879F,0x879F,0x82BE,0x8023,0x0000,0x0000,0x0000,0x8023,0x83BF,0x839F,0x839F,
  0x839F,0x8002,0x8023,0x0000,0x0000,0x0000,0x0000,0x8024,0x8002,0x839F,0x879F,0x839F,0x0000,0x0000,0x0000,0x0000,
  0x0000,0x0000,0x0000,0x0000,0x0000,0x0000,0x0000,0x0000,0x8046,0xFF49,0xFF49,0xFE64,0x8023,0x8023,0x8023,0x8023,
  0x8023,0x0000,0x8046,0xDA48,0xFF49,0xFF49,0x8023,0x0000,0x0000,0x0000,0x0000,0x0000,0x8023,0xFF49,0xFF49,0xFF49,
  0x0000,0x0000,0x0000,0x8421,0xFF49,0xFF49,0x8023,0x0000,0x0000,0x8046,0xB565,0xFF49,0xFF49,0x8423,0x8023,0x8023,
  0x8022,0x0000,0x0000,0x8023,0x8023,0x8023,0x8023,0x8045,0x877E,0x839F,0x839F,0x8024,0x8024,0x827D,0x839F,0x879F,
  0xCFFF,0x839F,0x839F,0x8024,0x8024,0x839F,0x839F,0x81B0,0x8024,0x8024,0x8024,0x8024,0x0000,0x0000,0x0000,0x8023,
  0xCFFF,0x839F,0x839F,0x839F,0x839F,0x839F,0xCBDF,0x8023,0x0000,0x0000,0x0000,0x8024,0x8002,0x839F,0x839F,0x879F,
  0x0000,0x0000,0x0000,0x0000,0x0000,0x0000,0x0000,0x0000,0x0000,0x0000,0x0000,0x0000,0x8046,0xFF49,0xFE87,0xFF08,
  0x8023,0x8023,0x8023,0x8023,0x8023,0x8023,0x8023,0xDA48,0xFE87,0xFEA7,0x8023,0x8023,0x8023,0x8023,0x8023,0x8023,
  0x8023,0xFE87,0xFE87,0xFF29,0x0000,0x0000,0x0000,0x8421,0xFE87,0xFA87,0x8023,0x0000,0x0000,0x8046,0xBDA6,0xFA87,
  0xFE87,0x8022,0x8023,0x8023,0x8023,0x8023,0x8023,0x8024,0xFF6C,0xFF6C,0x8023,0x8045,0x877E,0x829E,0x829E,0x8024,
  0x8024,0x831E,0x82BE,0x82BE,0x82BE,0x82BE,0x82BE,0x8024,0x8024,0x82BE,0x82BE,0x81D0,0x8023,0x8023,0x8023,0x8023,
  0x8023,0x8044,0x8023,0x8023,0x82FE,0x82BE,0x82BE,0x827D,0x829D,0x82BE,0x833F,0x8023,0x8002,0x0000,0x0000,0x8024,
  0x8001,0x82BE,0x82BE,0x82DF,0x8065,0x0000,0x0000,0x0000,0x0000,0x0000,0x0000,0x0000,0x0000,0x0000,0x0000,0x0000,
  0x8046,0xFF49,0xFA87,0xFA87,0xFA87,0xFAA7,0xFA87,0xFEA7,0xFA87,0xFAA7,0x8023,0xDA48,0xFA87,0xFA87,0xFA87,0xFE87,
  0xFA87,0xFA87,0xFA87,0x8023,0x8023,0xFA67,0xFA87,0xFF49,0x0000,0x0000,0x0000,0x8421,0xFA67,0xFA87,0x8023,0x0000,
  0x0000,0x8046,0xBDA6,0xFA67,0xFA87,0xFA87,0xFA87,0xFA87,0xFA87,0xFA87,0xFEE8,0x8024,0xFE86,0xFE86,0x8023,0x8045,
  0x877E,0x829D,0x829E,0x8024,0x8025,0x8023,0x833F,0x8199,0x829D,0x829E,0x829E,0x8024,0x8024,0x829E,0x829E,0x82BE,
  0x82BE,0x82BE,0x82BE,0x82BE,0x837F,0x8023,0xCBFF,0x82BE,0x829D,0x82BF,0x82DE,0x8023,0x831F,0x829E,0x829D,0x82BE,
  0xCFFF,0x8023,0x0000,0x8024,0x8002,0x829D,0x829E,0x831F,0x8066,0x0000,0x0000,0x0000,0x0000,0x0000,0x0000,0x0000,
  0x0000,0x0000,0x0000,0x0000,0x8046,0xFE64,0xF183,0xED83,0xF183,0xF183,0xED83,0xED83,0xED83,0xF184,0x8022,0xD627,
  0xED83,0xF183,0xED83,0xED83,0xF183,0xF183,0xF183,0x8002,0x8023,0xF184,0xED83,0xFE86,0x0000,0x0000,0x0000,0x8441,
  0xF1A4,0xED63,0x8023,0x0000,0x0000,0x8046,0xB923,0xED63,0xF183,0xED83,0xF183,0xED83,0xF183,0xED83,0xF5C3,0x8024,
  0x8023,0x8024,0x8023,0x8045,0x877E,0x8199,0x8198,0x8023,0x0000,0x8024,0x8023,0x8000,0x8199,0x8199,0x8178,0x8044,
  0x8024,0x8199,0x8199,0x8199,0x8199,0x8199,0x8199,0x8199,0x82BE,0x8023,0x81D9,0x8199,0x8199,0x82FF,0x8023,0x8025,
  0x8023,0x82BE,0x8199,0x8198,0x8199,0x8023,0x0000,0x8024,0x8002,0x8199,0x8199,0x827D,0x8045,0x0000,0x0000,0x0000,
  0x0000,0x0000,0x0000,0x0000,0x0000,0x0000,0x0000,0x0000,0x8026,0x8024,0xF5C3,0xF5C3,0xF5C3,0xF9E4,0xF5C3,0xF5C3,
  0xF5C3,0xB082,0x8023,0xD584,0xF5C3,0xF5C3,0xF5C3,0xF5C3,0xF5C3,0xF5C3,0xF1C4,0x8023,0x8024,0xF5C3,0xF5C3,0xF5A3,
  0x0000,0x0000,0x0000,0x8843,0xF5C4,0xF5C3,0x8023,0x0000,0x0000,0x8046,0x8024,0xF5A3,0xF5C3,0xF5C3,0xF5C4,0xF5C3,
  0xF5C3,0xF5C4,0x8023,0x8025,0x8045,0x8045,0x0000,0x8045,0x82DD,0x8023,0x8023,0x8024,0x0000,0x0000,0x8024,0x8024,
  0x82BE,0x82BE,0x829E,0x8024,0x8024,0x82BE,0x82BE,0x82BE,0x82BE,0x82BE,0x82BE,0x82BE,0x8045,0x8023,0x829E,0x829E,
  0x82BE,0x8024,0x8024,0x0000,0x8024,0x8023,0x82BE,0x829E,0x829E,0x8023,0x0000,0x8024,0x8002,0x82BE,0x829E,0x8067,
  0x8024,0x0000,0x0000,0x0000,0x0000,0x0000,0x0000,0x0000,0x0000,0x0000,0x0000,0x0000,0x0000,0x8026,0x8026,0x8046,
  0x8026,0x8046,0x8046,0x8046,0x8026,0x8026,0x8025,0x8046,0x8025,0x8046,0x8046,0x8026,0x8046,0x8046,0x8046,0x0000,
  0x8025,0x8046,0x8045,0x8025,0x0000,0x0000,0x0000,0x8026,0x8026,0x8025,0x0000,0x0000,0x0000,0x0000,0x8046,0x8025,
  0x8045,0x8046,0x8046,0x8025,0x8046,0x8046,0x0000,0x0000,0x0000,0x0000,0x0000,0x8046,0x8025,0x8025,0x8025,0x0000,
  0x0000,0x0000,0x0000,0x8025,0x8024,0x8024,0x8025,0x8024,0x8024,0x8024,0x8024,0x8024,0x8024,0x8024,0x8024,0x8024,
  0x8024,0x8024,0x8024,0x8024,0x8024,0x0000,0x0000,0x0000,0x0000,0x8024,0x8024,0x8024,0x8023,0x0000,0x0000,0x8024,
  0x8024,0x8024,0x8024,0x0000,0x0000,0x0000,0x0000,0x0000,0x0000,0x0000,0x0000,0x0000,0x0000,0x0000,0x0000,0x0000,
  0x0000,0x0000,0x0000,0x0000,0x0000,0x0000,0x0000,0x0000,0x0000,0x0000,0x0000,0x0000,0x0000,0x0000,0x0000,0x0000,
  0x0000,0x0000,0x0000,0x0000,0x0000,0x0000,0x0000,0x0000,0x0000,0x0000,0x0000,0x0000,0x0000,0x0000,0x0000,0x0000,
  0x0000,0x0000,0x0000,0x0000,0x0000,0x0000,0x0000,0x0000,0x0000,0x0000,0x0000,0x0000,0x80AB,0x8FBF,0x80AB,0x0000,
  0x0000,0x0000,0x0000,0x0000,0x0000,0x0000,0x0000,0x0000,0x0000,0x0000,0x0000,0x0000,0x0000,0x0000,0x0000,0x0000,
  0x0000,0x0000,0x0000,0x0000,0x0000,0x0000,0x0000,0x0000,0x0000,0x0000,0x0000,0x0000,0x0000,0x0000,0x0000,0x0000,
  0x0000,0x0000,0x0000,0x0000,0x0000,0x0000,0x0000,0x0000,0x0000,0x0000,0x0000,0x0000,0x0000,0x0000,0x0000,0x0000,
  0x0000,0x0000,0x0000,0x0000,0x0000,0x0000,0x0000,0x0000,0x0000,0x0000,0x0000,0x0000,0x0000,0x0000,0x0000,0x0000,
  0x0000,0x0000,0x0000,0x0000,0x0000,0x0000,0x0000,0x0000,0x0000,0x0000,0x0000,0x0000,0x0000,0x0000,0x0000,0x0000,
  0x0000,0x0000,0x0000,0x0000,0x0000,0x0000,0x8089,0x808A,0x8088,0x8089,0x8088,0x8088,0x8089,0x8088,0x8089,0x80CB,
  0x93BF,0xFBFF,0xBBFF,0x8153,0x808A,0x8089,0x8089,0x8089,0x8089,0x8089,0x8089,0x8088,0x8089,0x0000,0x0000,0x0000,
  0x0000,0x0000,0x0000,0x0000,0x0000,0x0000,0x0000,0x0000,0x0000,0x0000,0x0000,0x0000,0x0000,0x0000,0x0000,0x0000,
  0x0000,0x0000,0x0000,0x0000,0x0000,0x0000,0x0000,0x0000,0x0000,0x0000,0x0000,0x0000,0x0000,0x0000,0x0000,0x0000,
  0x0000,0x0000,0x0000,0x0000,0x0000,0x0000,0x0000,0x0000,0x0000,0x0000,0x0000,0x0000,0x0000,0x0000,0x0000,0x0000,
  0x0000,0x0000,0x0000,0x0000,0x0000,0x0000,0x0000,0x0000,0x0000,0x0000,0x0000,0x0000,0x80CC,0x80AB,0x80CC,0x80CC,
  0x80CC,0x82BD,0x82BC,0x82BC,0x82BD,0x82BD,0x82BD,0x82BD,0x82DE,0x82DE,0x82DE,0x82DE,0x82DE,0x82DE,0x82DE,0x82DE,
  0x82FE,0x9FDF,0x93BF,0x9FBF,0x9FDF,0xA3DF,0x9BDF,0x97BF,0x93BF,0x93BF,0x82BE,0x82DE,0x82BD,0x82BD,0x82BD,0x82BD,
  0x82BE,0x82DE,0x82BD,0x82BD,0x82DE,0x82DD,0x82BD,0x82DD,0x82DD,0x82DD,0x80CC,0x80CC,0x80CC,0x80CC,0x80CC,0x0000,
  0x0000,0x0000,0x0000,0x0000,0x0000,0x0000,0x0000,0x0000,0x0000,0x0000,0x0000,0x0000,0x0000,0x0000,0x0000,0x0000,
  0x0000,0x0000,0x0000,0x0000,0x0000,0x0000,0x0000,0x0000,
};
#endif
