/* Generated by tools/bake-system-almanac.ps1; authored project pixel art in ARGB1555. */
#ifndef ELITE_SYSTEM_ALMANAC_ART_H
#define ELITE_SYSTEM_ALMANAC_ART_H
#include <stdint.h>
#define ALMANAC_BACKDROP_W 294
#define ALMANAC_BACKDROP_H 193
#define ALMANAC_SUN_W 154
#define ALMANAC_SUN_H 154
#define ALMANAC_POOR_W 64
#define ALMANAC_POOR_H 58
#define ALMANAC_RICH_W 118
#define ALMANAC_RICH_H 76
#define ALMANAC_MEGA_W 150
#define ALMANAC_MEGA_H 96
static const uint16_t almanac_backdrop[56742]={
  0x8002,0x8002,0x8001,0x8022,0x8001,0x8001,0x8001,0x8001,0x8001,0x8001,0x8022,0x8002,0x8001,0x8001,0x8002,0x8002,
  0x8002,0x8001,0x8001,0x8001,0x8002,0x8002,0x8002,0x8002,0x8022,0x8002,0x8002,0x8002,0x8001,0x8002,0x8002,0x8022,
  0x8001,0x8002,0x8022,0x8001,0x8002,0x8002,0x8001,0x8001,0x8002,0x8001,0x8001,0x8001,0x8002,0x8001,0x8001,0x8002,
  0x8001,0x8001,0x8001,0x8001,0x8002,0x8022,0x8022,0x8001,0x8001,0x8002,0x8001,0x8001,0x8002,0x8001,0x8002,0x8002,
  0x8002,0x8002,0x8002,0x8001,0x8002,0x8001,0x8001,0x8001,0x8001,0x8021,0x8001,0x8002,0x8022,0x8002,0x8022,0x8001,
  0x8002,0x8001,0x8002,0x8002,0x8002,0x8022,0x8002,0x8002,0x8002,0x8002,0x8022,0x8022,0x8002,0x8002,0x8002,0x8001,
  0x8002,0x8001,0x8001,0x8001,0x8001,0x8001,0x8001,0x8001,0x8001,0x8001,0x8001,0x8001,0x8002,0x8001,0x8001,0x8002,
  0x8001,0x8002,0x8022,0x8002,0x8002,0x8001,0x8001,0x8002,0x8001,0x8002,0x8002,0x8002,0x8022,0x8002,0x8002,0x8002,
  0x8002,0x8002,0x8002,0x8022,0x8002,0x8001,0x8002,0x8002,0x8002,0x8002,0x8002,0x8022,0x8002,0x8002,0x8002,0x8001,
  0x8002,0x8022,0x8001,0x8002,0x8022,0x8001,0x8002,0x8022,0x8022,0x8001,0x8002,0x8001,0x8001,0x8001,0x8002,0x8001,
  0x8001,0x8002,0x8022,0x8002,0x8002,0x8022,0x8002,0x8002,0x8022,0x8001,0x8002,0x8002,0x8001,0x8002,0x8001,0x8022,
  0x8022,0x8002,0x8002,0x8002,0x8002,0x8022,0x8001,0x8002,0x8002,0x8001,0x8002,0x8002,0x8001,0x8022,0x8001,0x8002,
  0x8001,0x8002,0x8022,0x8002,0x8002,0x8002,0x8022,0x8002,0x8002,0x8022,0x8002,0x8002,0x8022,0x8001,0x8002,0x8022,
  0x8001,0x8002,0x8002,0x8002,0x8002,0x8002,0x8002,0x8002,0x8022,0x8022,0x8001,0x8001,0x8001,0x8001,0x8022,0x8002,
  0x8022,0x8002,0x8002,0x8022,0x8002,0x8002,0x8022,0x8002,0x8001,0x8002,0x8001,0x8002,0x8002,0x8022,0x8002,0x8001,
  0x8022,0x8022,0x8002,0x8023,0x8001,0x8022,0x8022,0x8024,0x8022,0x8045,0x8023,0x8044,0x8002,0x8023,0x8024,0x8023,
  0x8044,0x8023,0x8022,0x8023,0x8023,0x8002,0x8043,0x8002,0x8001,0x8022,0x8022,0x8002,0x8022,0x8022,0x8002,0x8002,
  0x8022,0x8022,0x8002,0x8001,0x8022,0x8002,0x8002,0x8022,0x8022,0x8022,0x8001,0x8023,0x8001,0x8022,0x8044,0x8022,
  0x8044,0x8044,0x8044,0x8024,0x8023,0x8023,0x8002,0x8001,0x8001,0x8002,0x8002,0x8001,0x8001,0x8001,0x8001,0x8001,
  0x8001,0x8001,0x8001,0x8001,0x8002,0x8002,0x8002,0x8002,0x8001,0x8001,0x8001,0x8001,0x8001,0x8002,0x8002,0x8001,
  0x8001,0x8001,0x8002,0x8001,0x8002,0x8001,0x8001,0x8001,0x8001,0x8001,0x8022,0x8001,0x8001,0x8001,0x8001,0x8001,
  0x8001,0x8001,0x8001,0x8001,0x8001,0x8001,0x8002,0x8001,0x8001,0x8001,0x8022,0x8001,0x8002,0x8001,0x8001,0x8001,
  0x8001,0x8002,0x8001,0x8001,0x8002,0x8001,0x8022,0x8001,0x8002,0x8001,0x8002,0x8001,0x8002,0x8001,0x8001,0x8001,
  0x8023,0x8023,0x8044,0x8002,0x8023,0x8001,0x8002,0x8001,0x8001,0x8002,0x8002,0x8002,0x8001,0x8001,0x8021,0x8002,
  0x8022,0x8002,0x8002,0x8001,0x8002,0x8001,0x8001,0x8001,0x8002,0x8001,0x8001,0x8002,0x8001,0x8001,0x8001,0x8001,
  0x8001,0x8001,0x8001,0x8001,0x8001,0x8022,0x8001,0x8001,0x8001,0x8002,0x8001,0x8001,0x8001,0x8001,0x8001,0x8002,
  0x8002,0x8001,0x8002,0x8001,0x8001,0x8002,0x8002,0x8001,0x8001,0x8002,0x8002,0x8002,0x8002,0x8001,0x8002,0x8001,
  0x8002,0x8002,0x8001,0x8022,0x8001,0x8002,0x8001,0x8001,0x8001,0x8002,0x8001,0x8001,0x8002,0x8001,0x8002,0x8001,
  0x8001,0x8001,0x8001,0x8001,0x8002,0x8001,0x8001,0x8001,0x8002,0x8002,0x8002,0x8001,0x8001,0x8001,0x8001,0x8001,
  0x8001,0x8001,0x8001,0x8002,0x8001,0x8002,0x8002,0x8002,0x8002,0x8023,0x8002,0x8002,0x8001,0x8002,0x8002,0x8001,
  0x8002,0x8002,0x8002,0x8002,0x8001,0x8023,0x8002,0x8022,0x8002,0x8002,0x8022,0x8002,0x8001,0x8002,0x8002,0x8001,
  0x8002,0x8002,0x8001,0x8001,0x8001,0x8001,0x8002,0x8002,0x8001,0x8002,0x8002,0x8022,0x8002,0x8022,0x8001,0x8002,
  0x8002,0x8001,0x8001,0x8001,0x8002,0x8002,0x8001,0x8002,0x8022,0x8002,0x8001,0x8022,0x8002,0x8002,0x8023,0x8001,
  0x8022,0x8002,0x8022,0x8045,0x8002,0x8001,0x8022,0x8001,0x8023,0x8001,0x8022,0x8022,0x8045,0x8001,0x8045,0x8002,
  0x8066,0x8023,0x8066,0x8002,0x8066,0x8046,0x8002,0x8044,0x8002,0x8022,0x8023,0x8002,0x8044,0x8001,0x8002,0x8023,
  0x8001,0x8022,0x8022,0x8002,0x8001,0x8023,0x8001,0x8022,0x8001,0x8023,0x8002,0x8001,0x8023,0x8002,0x8001,0x8024,
  0x8002,0x8002,0x8024,0x8022,0x8022,0x8045,0x8002,0x8023,0x8044,0x8022,0x8066,0x8022,0x8002,0x8002,0x8001,0x8002,
  0x8001,0x8002,0x8001,0x8002,0x8023,0x8002,0x8001,0x8022,0x8001,0x8001,0x8001,0x8001,0x8022,0x8022,0x8022,0x8001,
  0x8001,0x8002,0x8001,0x8422,0x8001,0x8843,0x8002,0x8001,0x8001,0x8443,0x8001,0x8022,0x8022,0x8001,0x8001,0x8001,
  0x8C64,0x8001,0x8002,0x8001,0x8001,0x8022,0x8002,0x8001,0x8022,0x8023,0x8002,0x8001,0x8044,0x8001,0x8001,0x8023,
  0x8001,0x8001,0x8002,0x8001,0x8001,0x8001,0x8023,0x8001,0x8002,0x8001,0x8001,0x8002,0x8001,0x8002,0x8023,0x8001,
  0x8023,0x8001,0x8001,0x8001,0x8001,0x8001,0x8001,0x8002,0x8023,0x90EC,0x8022,0x8002,0x8002,0x8002,0x8001,0x8001,
  0x8001,0x8001,0x8001,0x8002,0x8002,0x8022,0x8002,0x8002,0x8001,0x8022,0x8001,0x8001,0x8001,0x8001,0x8001,0x8001,
  0x8022,0x8022,0x8002,0x8066,0x8001,0x8001,0x8088,0x8001,0x8001,0x8023,0x8001,0x8001,0x8001,0x8001,0x8001,0x8001,
  0x8002,0x8002,0x8001,0x8002,0x8001,0x8001,0x8001,0x8001,0x8002,0x8022,0x8002,0x8001,0x8001,0x8002,0x8001,0x8001,
  0x8001,0x8002,0x8002,0x8002,0x8022,0x8002,0x8001,0x8001,0x8001,0x8001,0x8002,0x8002,0x8001,0x8001,0x8001,0x8002,
  0x8002,0x8001,0x8002,0x8002,0x8002,0x8002,0x8001,0x8001,0x8001,0x8001,0x8023,0x8022,0x8001,0x8001,0x8001,0x8022,
  0x8002,0x8001,0x8002,0x8001,0x8001,0x8002,0x8001,0x8002,0x8001,0x8001,0x8001,0x8001,0x8002,0x8001,0x8002,0x8002,
  0x8023,0x8001,0x8001,0x8001,0x8001,0x8044,0x8001,0x8023,0x8002,0x8022,0x8022,0x8022,0x8002,0x8001,0x8045,0x8002,
  0x8002,0x8001,0x8001,0x8002,0x8023,0x8022,0x8001,0x8001,0x8002,0x8001,0x8001,0x8001,0x8001,0x8001,0x8002,0x8002,
  0x8002,0x8001,0x8002,0x8002,0x8001,0x8022,0x8001,0x8001,0x8001,0x8001,0x8045,0x8002,0x8023,0x8002,0x8001,0x8002,
  0x8001,0x8001,0x8044,0x8001,0x8001,0x8022,0x8001,0x8489,0x8021,0x8022,0x8001,0x8023,0x80A9,0x8001,0x8001,0x8066,
  0x8023,0x8022,0x8023,0x8023,0x8022,0x8067,0x8045,0x8067,0x8024,0x8488,0x8002,0x8023,0x8466,0x8001,0x8022,0x8024,
  0x8465,0x8001,0x8001,0x8022,0x8002,0x8001,0x8044,0x8002,0x8001,0x8002,0x8002,0x8044,0x8001,0x8022,0x8001,0x8001,
  0x8023,0x8022,0x8001,0x8022,0x8023,0x8001,0x8045,0x8001,0x8046,0x8001,0x8023,0x8023,0x8066,0x8023,0x8002,0x8488,
  0x8002,0x8044,0x8002,0x8001,0x8002,0x8001,0x8044,0x8023,0x8001,0x8001,0x8022,0x8001,0x8001,0x8022,0x8001,0x8023,
  0x8001,0x8001,0x8044,0x8002,0x8001,0x8044,0x8001,0x8022,0x90A5,0x8001,0x8022,0x8001,0x8002,0x8001,0x8022,0x8001,
  0x8002,0x8002,0x8001,0x8002,0x8001,0x8001,0x8001,0x8001,0x8001,0x8044,0x8001,0x8001,0x8023,0x8022,0x8002,0x8001,
  0x8001,0x8001,0x8001,0x8001,0x8001,0x8001,0x8023,0x8023,0x8001,0x8001,0x8023,0x8001,0x8002,0x8022,0x8002,0x8001,
  0x8001,0x8001,0x8002,0x8002,0x8022,0x8001,0x8001,0x8023,0x8001,0x8001,0x8573,0x8001,0x8001,0x8001,0x8001,0x8001,
  0x8001,0x8022,0x8022,0x8002,0x8002,0x8002,0x8001,0x8022,0x8002,0x8002,0x8002,0x8001,0x8023,0x8001,0x8023,0x8001,
  0x8001,0x8001,0x8001,0x8001,0x8044,0x8002,0x8001,0x8023,0x8045,0x8001,0x8022,0x8002,0x8001,0x8002,0x8002,0x8022,
  0x8001,0x8002,0x8001,0x8002,0x8001,0x8002,0x8002,0x8022,0x8002,0x8001,0x8887,0x8001,0x8002,0x8001,0x8001,0x8022,
  0x8022,0x8001,0x8002,0x8002,0x8001,0x8001,0x8002,0x8001,0x8001,0x8001,0x8023,0x8001,0x8001,0x8001,0x8001,0x8001,
  0x8001,0x8001,0x8002,0x8001,0x8001,0x8002,0x8001,0x8001,0x8002,0x8002,0x8001,0x8001,0x8022,0x8023,0x8001,0x8001,
  0x8001,0x8002,0x8002,0x8002,0x8001,0x8024,0x8001,0x8001,0x8001,0x8022,0x8044,0x8001,0x8001,0x8001,0x8001,0x8023,
  0x8022,0x8001,0x8045,0x8001,0x8001,0x8001,0x8001,0x8022,0x8001,0x8067,0x8001,0x8001,0x8001,0x8001,0x8022,0x8022,
  0x8001,0x8022,0x8022,0x8024,0x8002,0x8002,0x8001,0x8023,0x8002,0x8023,0x8001,0x8001,0x8001,0x8001,0x8001,0x8002,
  0x8022,0x8001,0x8001,0x8002,0x8002,0x8002,0x8001,0x8065,0x8001,0x8001,0x8866,0x8022,0x8001,0x8001,0x8002,0x8001,
  0x8002,0x8001,0x8001,0x8022,0x8002,0x88A9,0x8001,0x8001,0x8001,0x8001,0x8889,0x8001,0x8022,0x8002,0x8022,0x8022,
  0x8002,0x8002,0x8001,0x8001,0x8002,0x8001,0x8002,0x8022,0x8467,0x8001,0x8888,0x8002,0x8023,0x8067,0x8067,0x8046,
  0x8067,0x8045,0x8C87,0x8002,0x8002,0x8022,0x8022,0x8002,0x8001,0x8023,0x8001,0x8487,0x8001,0x8002,0x8023,0x8023,
  0x8001,0x8022,0x8045,0x8001,0x8023,0x8002,0x8001,0x8024,0x8001,0x8002,0x8001,0x8045,0x8001,0x8045,0x8001,0x8024,
  0x8887,0x8002,0x8022,0x8023,0x8866,0x8022,0x8045,0x8002,0x8002,0x8001,0x8001,0x8002,0x8001,0x8002,0x8001,0x8001,
  0x8001,0x8001,0x8001,0x8002,0x8001,0x8001,0x8001,0x8001,0x8001,0x8001,0x8001,0x8001,0x8066,0x8001,0x8000,0x8021,
  0x8001,0x8843,0x8001,0x8001,0x8022,0x8002,0x8022,0x8022,0x8001,0x8001,0x8022,0x8001,0x8001,0x8001,0x8002,0x8002,
  0x8001,0x8001,0x8002,0x8002,0x8022,0x8002,0x8001,0x8466,0x8002,0x8001,0x8023,0x8002,0x8001,0x8001,0x8024,0x8001,
  0x8001,0x8001,0x8001,0x9E59,0x8022,0x8001,0x84A9,0x8001,0x8001,0x8001,0x8001,0x8002,0x8001,0x8001,0x8002,0x8001,
  0x8001,0x8001,0x8001,0x8002,0x8001,0x8024,0x8001,0x8022,0x8002,0x8044,0x8001,0x8023,0x8002,0x8002,0x8001,0x8002,
  0x8002,0x8002,0x8002,0x8002,0x8002,0x8001,0x8001,0x8022,0x8001,0x8001,0x8001,0x8001,0x8001,0x8001,0x8001,0x8001,
  0x8002,0x8002,0x8067,0x8002,0x8001,0xC632,0x8001,0x8001,0x8001,0x8001,0x8001,0x8002,0x8001,0x8001,0x8002,0x8001,
  0x8001,0x8001,0x8001,0x8001,0x8023,0x8002,0x8022,0x8001,0x8001,0x8002,0x8002,0x8001,0x8002,0x8002,0x8001,0x8001,
  0x8001,0x8001,0x8001,0x8002,0x8001,0x8002,0x8002,0x8002,0x8001,0x8001,0x8001,0x8C43,0x8001,0x8002,0x8002,0x8002,
  0x8001,0x8002,0x8002,0x8001,0x8001,0x8001,0x8001,0x8001,0x8002,0x8001,0x8001,0x8001,0x8001,0x8023,0x8001,0x8001,
  0x8002,0x8002,0x8002,0x8001,0x8001,0x8001,0x8022,0x8001,0x8002,0x8002,0x8022,0x8001,0x8044,0x8466,0x8002,0x8001,
  0x88CB,0x8001,0x8044,0x8002,0x8022,0x8023,0x8044,0x8001,0x8023,0x8001,0x8046,0x8022,0x8002,0x8001,0x8001,0x8001,
  0x8001,0x8001,0x8001,0x8001,0x8001,0x8888,0x8002,0x8001,0x8001,0x8001,0x8001,0x8001,0x8001,0x8001,0x8001,0x8001,
  0x8023,0x8001,0x8001,0x8002,0x8002,0x8023,0x8002,0x8002,0x8001,0x8002,0x8001,0x8001,0x8001,0x8022,0x8002,0x8002,
  0x8002,0x8002,0x8002,0x8044,0x8001,0x8001,0x8067,0x8001,0x8489,0x8023,0x8022,0x8046,0x8001,0x88A7,0x8000,0x8044,
  0x8025,0x8045,0x8066,0xA299,0x8003,0x8046,0x8025,0x8CEC,0x8002,0x8002,0x8888,0x8022,0x8043,0x8022,0x8001,0x8044,
  0x8022,0x8001,0x8001,0x8045,0x8002,0x8002,0x8044,0x8001,0x8002,0x8022,0x8001,0x8044,0x8001,0x8001,0x8023,0x8002,
  0x8001,0x8001,0x8044,0x8001,0x8465,0x8023,0x8023,0x9CE7,0x8043,0x8023,0x8002,0x8045,0x8002,0x8022,0x8002,0x8001,
  0x8001,0x8001,0x8002,0x8023,0x84C9,0x8001,0x8001,0x8001,0x8001,0x8001,0x8001,0x8001,0x8001,0x8001,0x8001,0x8002,
  0x8023,0x8001,0x8001,0x8001,0x8022,0x8022,0x8022,0x8001,0x8022,0x8001,0x8422,0x8001,0x8001,0x8022,0x8422,0x8001,
  0x8442,0x8001,0x8001,0x8022,0x8001,0x8001,0x8423,0x8001,0x8001,0x8022,0x8002,0x8001,0x8002,0x8001,0x8001,0x8001,
  0x8001,0x8001,0x8001,0x8001,0x8022,0x8002,0x8001,0x84A9,0x8002,0x8001,0x8022,0x8022,0x8022,0x8001,0x8002,0x8023,
  0x8001,0x8022,0x8001,0x8001,0x8001,0x8001,0x8002,0x8002,0x8001,0x8001,0x8001,0x8002,0x8002,0x8002,0x8001,0x9151,
  0x8002,0x8002,0x8002,0x8023,0x8001,0x8066,0x8002,0x8024,0x8023,0x8002,0x8001,0x8044,0x8001,0x8022,0x8001,0x8022,
  0x8023,0x8022,0x8002,0x8022,0x8022,0x8001,0x8001,0x8002,0x8001,0x8002,0x8044,0x8001,0x8001,0x8001,0x8001,0x8001,
  0x8002,0x8001,0x8001,0x8001,0x8001,0x8001,0x8001,0x8001,0x8001,0x8001,0x8001,0x8001,0x8002,0x8001,0x8001,0x8001,
  0x8002,0x8001,0x8001,0x8001,0x8001,0x8001,0x8001,0x8001,0x8001,0x8022,0x8001,0x8002,0x8001,0x8001,0x8001,0x8001,
  0x8001,0x8002,0x8002,0x8001,0x8001,0x8022,0x8002,0x8022,0x8001,0x8002,0x8001,0x8001,0x8001,0x8001,0x8001,0x8001,
  0x8001,0x8001,0x8001,0x8001,0x8466,0x8002,0x8001,0x8001,0x8022,0x8023,0x8001,0x8001,0x8001,0x8066,0x8001,0x8001,
  0x8001,0x8023,0x8002,0x8001,0x8046,0x8022,0x8022,0x8023,0x8001,0x8065,0x8044,0x8022,0x8002,0x8022,0x8002,0x8023,
  0x80CE,0x8023,0x8022,0x8002,0x8001,0x8001,0x8001,0x8001,0x8002,0x8001,0x8001,0x8001,0x8002,0x8001,0x8001,0x8065,
  0x8001,0x8001,0x8022,0x8001,0x8001,0x8001,0x8001,0x8001,0x8002,0x8002,0x8001,0x9085,0x8023,0x8002,0x8022,0x8022,
  0x8024,0x8001,0x8002,0x8001,0x8045,0x84A9,0x8023,0x8022,0x8001,0x8002,0x8023,0x8002,0x8023,0x8024,0xC7DF,0x8000,
  0x8023,0x8046,0x8022,0x8002,0x8023,0x8023,0x88CB,0x8002,0x8045,0x8045,0x8045,0x84A9,0x88A9,0x8024,0x8467,0x8001,
  0x8023,0x8022,0x8001,0x8002,0x8066,0x8002,0x8001,0x88A8,0x8002,0x8024,0x8023,0x8001,0x8001,0x8022,0x8001,0x8002,
  0x8045,0x8001,0x8044,0x8023,0x8002,0x8023,0x8044,0x8002,0x8001,0x8045,0x8001,0x8002,0x8465,0x8002,0x8022,0x8023,
  0x8044,0x8001,0x8044,0x8002,0x8002,0x8001,0x8001,0x8002,0x8002,0x8002,0x8001,0x8001,0x8001,0x8001,0x8001,0x8001,
  0x8001,0x8001,0x8023,0x8002,0x8002,0x8001,0x8002,0x8002,0x8002,0x8002,0x8001,0x8022,0x8002,0x8842,0x8022,0x8022,
  0x8022,0x8022,0x8022,0x8022,0x8022,0x8022,0x8001,0x8022,0x8002,0x8022,0x8001,0x8001,0x8001,0x8001,0x8001,0x8001,
  0x8001,0x8001,0x8001,0x8001,0x8001,0x8001,0x8001,0x8001,0x8001,0x8001,0x8001,0x8002,0x8002,0x8023,0x8001,0x8001,
  0x8044,0x8023,0x8022,0x8001,0x8002,0x8022,0x8022,0x8002,0x8022,0x8001,0x8022,0x8001,0x8001,0x8001,0x8002,0x8022,
  0x8002,0x8002,0x8045,0x8023,0x8023,0x8001,0x8022,0x8023,0x8023,0x8023,0x8023,0x8024,0x8023,0x8023,0x8022,0x8024,
  0x8001,0x8002,0x8001,0x8002,0x8022,0x8022,0x8002,0x8001,0x8002,0x8023,0x8023,0x8001,0x8001,0x8000,0x8002,0x8022,
  0x8022,0x8001,0x8002,0x8002,0x8002,0x8002,0x8002,0x8001,0x8001,0x8001,0x8001,0x8001,0x8001,0x8001,0x8001,0x8001,
  0x8001,0x8001,0x8001,0x8002,0x8001,0x8002,0x8001,0x8001,0x8001,0x8002,0x8002,0x8001,0x8001,0x8001,0x8001,0x8022,
  0x8000,0xF70D,0x8021,0x8002,0x8001,0x8001,0x8001,0x8002,0x8001,0x8001,0x8001,0x8001,0x8022,0x8022,0x8001,0x8002,
  0x8001,0x8001,0x8001,0x8022,0x8022,0x8001,0x8001,0x8002,0x8001,0x8022,0x8001,0x8001,0x8001,0x8002,0x8022,0x8022,
  0x8001,0x8023,0x8001,0x8001,0x8024,0x8001,0x8002,0x8022,0x8066,0x8044,0x8001,0x8044,0x8044,0x8023,0x8023,0x8001,
  0x8001,0x8002,0x8C86,0x8022,0x8023,0x80AB,0xA678,0x8089,0x8002,0x8023,0x8001,0x8001,0x8002,0x8022,0x8001,0x8003,
  0x84AA,0x8002,0x8002,0x8001,0x8001,0x8022,0x8022,0x8022,0x8001,0x8001,0x8001,0x8001,0x8001,0x8001,0x8001,0x8002,
  0x8022,0x8002,0x8001,0x8002,0x8022,0x8022,0x8045,0x8001,0x8024,0x8022,0x8045,0x8088,0x8044,0x8024,0x8001,0x8044,
  0x8001,0x8024,0x8024,0x8045,0x8023,0x8045,0x8045,0x8067,0x8023,0x8024,0x8066,0x8044,0x8CC9,0x8023,0x8044,0x8046,
  0x8046,0x8023,0x8024,0x8002,0x8002,0x8002,0x8002,0x8001,0x8001,0x8444,0x8023,0x8044,0x8001,0x8002,0x8022,0x8002,
  0x8002,0x8002,0x8002,0x8465,0x8001,0x8465,0x8022,0x8044,0x8044,0x8023,0x8022,0x8023,0x8023,0x8043,0x8002,0x8001,
  0x8444,0x8001,0x8002,0x8044,0x8023,0x8002,0x8001,0x8044,0x8022,0x8002,0x8001,0x8001,0x8001,0x8001,0x8001,0x8001,
  0x8001,0x8001,0x8001,0x8001,0x8001,0x8022,0x8001,0x8002,0x8044,0x8002,0x8002,0x8001,0x8002,0x8002,0x8001,0x8002,
  0x8001,0x8022,0x8022,0x8842,0x8022,0x8022,0x8021,0x8021,0x8022,0x8022,0x8022,0x8022,0x8001,0x8022,0x8001,0x8022,
  0x8001,0x8001,0x8001,0x8002,0x8022,0x8001,0x8001,0x8001,0x8002,0x8001,0x8001,0x8001,0x8001,0x8001,0x8001,0x8001,
  0x8001,0x8002,0x8002,0x8001,0x8001,0x8001,0x8044,0x8022,0x8022,0x8044,0x8002,0x8002,0x8023,0x8022,0x8045,0x8001,
  0x8002,0x8001,0x8001,0x8001,0x8002,0x8022,0x8002,0x8001,0x8089,0x8022,0x8024,0x8002,0x8001,0x8466,0x8024,0x8024,
  0x8024,0x8045,0x8024,0x8024,0x8023,0x8002,0x8001,0x8001,0x8022,0x8002,0x8002,0x8002,0x9CE8,0x8000,0x8001,0x8023,
  0x8023,0x8001,0x8001,0x81F6,0x8002,0x8002,0x8001,0x8001,0x8002,0x8001,0x8864,0x8002,0x8002,0x8001,0x8001,0x8001,
  0x8001,0x8001,0x8001,0x8001,0x8001,0x8001,0x8001,0x8001,0x8001,0x8001,0x8001,0x8002,0x8001,0x8001,0x8001,0x8001,
  0x8002,0x8001,0x8001,0x8001,0x8001,0x8001,0x8001,0x8022,0x8022,0x8001,0x8001,0x8002,0x8001,0x8022,0x8001,0x8001,
  0x8002,0x8001,0x8002,0x8001,0x8002,0x8001,0x8001,0x8001,0x8001,0x8024,0x8024,0x8001,0x8001,0x8001,0x8001,0x8002,
  0x8002,0x8001,0x8001,0x8023,0x8002,0x8002,0x8001,0x8023,0x8001,0x8002,0x8023,0x8002,0x8022,0x8002,0x8066,0x8023,
  0x8003,0x8488,0x8045,0x8024,0x8045,0x8001,0x8001,0x8022,0x8024,0x8022,0x8022,0x8069,0xAEDA,0x80AC,0x8002,0x8002,
  0x8001,0x8001,0x8002,0x8002,0x8001,0x8001,0x8002,0x8001,0x8001,0x8001,0x8023,0x8001,0x8023,0x8022,0x8002,0x8001,
  0x8001,0x8001,0x8002,0x8001,0x8001,0x8001,0x8001,0x8001,0x8002,0x8001,0x8000,0x8023,0x8024,0x8023,0x8045,0x8024,
  0x8022,0x8002,0x8024,0x8024,0x8002,0x8466,0x8001,0x8023,0x8002,0x8046,0x8024,0x8046,0x8046,0x8088,0x8044,0x8045,
  0x8046,0x8065,0x8466,0x8045,0x8023,0x8045,0x8044,0x8022,0x8023,0x8024,0x8001,0x8002,0x8002,0x8002,0x8023,0x8423,
  0x8023,0x8486,0x8002,0x8045,0x8002,0x8001,0x8001,0x8001,0x8022,0x8044,0x8023,0x8466,0x8023,0x8044,0x8023,0x8024,
  0x8024,0x8023,0x8024,0x8044,0x8023,0x8002,0x8044,0x8002,0x8002,0x8024,0x8023,0x8002,0x8022,0x8044,0x8002,0x8002,
  0x8001,0x8001,0x8001,0x8001,0x8002,0x8022,0x8001,0x8001,0x8001,0x8001,0x8001,0x8002,0x8022,0x8002,0x8001,0x8843,
  0x8001,0x8001,0x8022,0x8002,0x8001,0x8443,0x8002,0x8C63,0x8022,0x8022,0x8422,0x8422,0x8422,0x8422,0x8022,0x8022,
  0x8022,0x8022,0x8C63,0x8022,0x8022,0x8001,0x8422,0x8022,0x8001,0x8001,0x8001,0x8002,0x8001,0x8001,0x8002,0x8023,
  0x8001,0x8001,0x8022,0x8022,0x8022,0x8002,0x8001,0x8001,0x8002,0x8001,0x8001,0x8002,0x8023,0x8001,0x8044,0x8002,
  0x8022,0x8023,0x8065,0x8001,0x8002,0x8002,0x8001,0x8024,0x8002,0x8023,0x8022,0x8023,0x8023,0x8023,0x8022,0x8023,
  0x8023,0x8022,0x8023,0x8022,0x8023,0x8044,0x8066,0x8068,0x8045,0x8045,0x8023,0x8044,0x8023,0x8023,0x8022,0x84A8,
  0x8023,0x8002,0x8002,0x8002,0x8024,0x8022,0x8002,0x8022,0x8002,0x8022,0x8002,0x8002,0x8022,0x8001,0x8001,0x8001,
  0x8000,0x8022,0x8022,0x8001,0x8001,0x8001,0x8001,0x8001,0x8001,0x8001,0x8001,0x8001,0x8001,0x8001,0x8001,0x8001,
  0x8001,0x8002,0x8002,0x8001,0x8002,0x8002,0x8022,0x8001,0x8023,0x8001,0x8001,0x8001,0x8001,0x8001,0x8001,0x8001,
  0x8001,0x8001,0x8001,0x8002,0x8002,0x8022,0x8002,0x8002,0x8001,0x8001,0x8001,0x8001,0x8001,0x8001,0x8089,0x9637,
  0x9238,0x8024,0x8001,0x8001,0x8001,0x8001,0x8001,0x8001,0x8001,0x8002,0x8022,0x8001,0x8002,0x8022,0x8001,0x8001,
  0x8045,0x8023,0x8023,0x8044,0x8023,0x8044,0x808B,0x8023,0x8044,0x8044,0x8023,0x8046,0x8022,0x8002,0x8044,0x8023,
  0x8002,0x8002,0x8025,0x8002,0x8001,0x8001,0x8001,0x8022,0x8002,0x8001,0x8044,0x8001,0x8001,0x8001,0x8001,0x8001,
  0x8001,0x8001,0x8002,0x8001,0x8001,0x8001,0x8001,0x8001,0x8001,0x8022,0x8023,0x8022,0x8000,0x8445,0x8001,0x8001,
  0x8002,0x8025,0x8087,0x8023,0x8066,0x8023,0x8067,0x8001,0x8003,0x8066,0x8044,0x88CA,0x8002,0x8067,0x8023,0x8066,
  0x8CEC,0x8045,0x8088,0x8045,0x8466,0x8067,0x9D0C,0x8488,0x8001,0x8024,0x8023,0x8045,0x8023,0x8022,0x8023,0x8024,
  0x8024,0x8002,0x8023,0x8044,0x8046,0x8023,0x8023,0x8022,0x8445,0x8001,0x8002,0x8002,0x8002,0x8022,0x8002,0x8045,
  0x8023,0x8045,0x8045,0x8044,0x8887,0x8023,0x8487,0x8045,0x8024,0x8466,0x8466,0x8044,0x8001,0x8002,0x8044,0x8002,
  0x8002,0x8023,0x8466,0x8001,0x8022,0x8001,0x8002,0x8001,0x8001,0x8022,0x8002,0x8022,0x8001,0x8001,0x8001,0x8001,
  0x8002,0x8465,0x8001,0x8002,0x8002,0x8001,0x8001,0x8001,0x8002,0x8001,0x8022,0x8001,0x8002,0x8021,0x8022,0x8422,
  0x8022,0x8842,0x8C62,0x8421,0x8842,0x8422,0x8021,0x8022,0x8001,0x8022,0x8002,0x8001,0x8001,0x8043,0x8001,0x8001,
  0x8001,0x8001,0x8001,0x8001,0x8001,0x8001,0x8001,0x8022,0x8001,0x8023,0x8023,0x8023,0x8001,0x8001,0x8023,0x8001,
  0x8001,0x8001,0x8022,0x8001,0x8023,0x8001,0x8002,0x8022,0x8001,0x8001,0x8002,0x8001,0x8023,0x8022,0x8002,0x8044,
  0x8023,0x8022,0x8001,0x8023,0x8001,0x8002,0x8001,0x8023,0x8023,0x8024,0x8024,0x8045,0x8066,0x8D0C,0x8024,0x8044,
  0x8045,0x8023,0x8024,0x8023,0x8023,0x8023,0x8022,0x8023,0x8022,0x8023,0x8002,0x8023,0x8022,0x8001,0x8023,0x8022,
  0x8022,0x8001,0x8001,0x8023,0x8001,0x8001,0x8001,0x8022,0x8002,0x8001,0x8001,0x8001,0x8022,0x8001,0x8001,0x8001,
  0x8001,0x8001,0x8002,0x8001,0x8001,0x8001,0x8001,0x8001,0x8001,0x8001,0x8002,0x8001,0x8022,0x8001,0x8C64,0x8002,
  0x8001,0x8001,0x8001,0x8001,0x8001,0x8001,0x8002,0x8002,0x8001,0x8422,0x8022,0x8022,0x8022,0x8843,0x8001,0x8001,
  0x8001,0x8001,0x8001,0x8001,0x8002,0x8067,0x8047,0x8022,0x8002,0x8001,0x8001,0x8002,0x8022,0x8022,0x8022,0x8023,
  0x8001,0x8023,0x8001,0x8023,0x8001,0x8024,0x8023,0x8023,0x8044,0x8023,0x8023,0x84AA,0x8024,0x8045,0x8088,0x8023,
  0x8046,0x8023,0x8022,0x8001,0x8000,0x8045,0x8001,0x8002,0x8024,0x8002,0x8001,0x8001,0x8001,0x8001,0x8002,0x8002,
  0x8002,0x8001,0x8001,0x8023,0x8001,0x8001,0x8001,0x8001,0x8001,0x8001,0x8001,0x8001,0x8022,0x8001,0x8022,0x8002,
  0x8002,0x8023,0x8002,0x8002,0x8466,0x8044,0x8046,0x8023,0x8002,0x8022,0x8046,0x8023,0x8002,0x8023,0x8488,0x8024,
  0x8CEB,0x8467,0x8066,0x8067,0x8066,0x88CC,0x8045,0x8488,0xA56D,0x8066,0x910D,0x8045,0x8046,0x8023,0x8023,0x8044,
  0x8002,0x8002,0x8066,0x8044,0x8023,0x8022,0x8C86,0x8023,0x8044,0x8044,0x8865,0x8444,0x8044,0x8866,0x8002,0x8001,
  0x8086,0x8002,0x8002,0x8044,0x8465,0x8022,0x8022,0x8887,0x8023,0x88A9,0x8045,0x88A9,0x8467,0x8488,0x8CC9,0x8045,
  0x8024,0x8001,0x8465,0x8001,0x8002,0x8044,0x8001,0x8022,0x8022,0x8001,0x8002,0x8001,0x8001,0x8001,0x8001,0x8023,
  0x8002,0x8001,0x8001,0x8001,0x8002,0x8001,0x8001,0x8045,0x8001,0x8001,0x8001,0x8001,0x8002,0x8002,0x8002,0x8022,
  0x8022,0x8002,0x8022,0x8022,0x8022,0x8022,0x8442,0x8C42,0x9062,0x8C42,0x8842,0x8422,0x8022,0x8021,0x8022,0x8022,
  0x8002,0x8002,0x8002,0x8022,0x8002,0x8001,0x8002,0x8001,0x8001,0x8001,0x8001,0x8001,0x8001,0x8001,0x8002,0x8002,
  0x8023,0x8022,0x8001,0x8001,0x8022,0x8001,0x8001,0x8001,0x8002,0x8022,0x8022,0x8001,0x8022,0x8022,0x8002,0x8002,
  0x8002,0x8001,0x8045,0x8002,0x8022,0x8023,0x8022,0x8002,0x8002,0x8044,0x8001,0x8022,0x8001,0x8024,0x8023,0x8044,
  0x8045,0x8045,0x8065,0x8D92,0x8046,0x8045,0x8066,0x8023,0x8044,0x8002,0x8023,0x8001,0x8002,0x8001,0x8023,0x8022,
  0x8022,0x8022,0x8002,0x8002,0x8022,0x8002,0x8022,0x8001,0x8001,0x8002,0x8002,0x8002,0x8001,0x8002,0x8001,0x8001,
  0x8001,0x8001,0x8002,0x8001,0x8001,0x8001,0x8001,0x8001,0x8022,0x8001,0x8001,0x8001,0x8001,0x8001,0x8001,0x8001,
  0x8001,0x8001,0x8002,0x8001,0x8023,0x8002,0x8001,0x8001,0x8002,0x8002,0x8002,0x8022,0x8022,0x8002,0x8022,0x8442,
  0x8022,0x8022,0x8002,0x8422,0x8002,0x8001,0x8002,0x8001,0x8001,0x8001,0x8001,0x8023,0x8023,0x8001,0x8001,0x8001,
  0x8002,0x8001,0x8002,0x8002,0x8022,0x8022,0x8001,0x8022,0x8001,0x8023,0x8002,0x8024,0x8044,0x8023,0x8024,0x8002,
  0x8489,0x8489,0x8046,0x84AA,0x8067,0x8023,0x8023,0x8002,0x8023,0x8022,0x8022,0x8022,0x8024,0x8022,0x8023,0x8001,
  0x8001,0x8001,0x8001,0x8002,0x8045,0x8002,0x8002,0x8001,0x8022,0x8022,0x8001,0x8001,0x8001,0x8001,0x8001,0x8001,
  0x8001,0x9041,0x8022,0x8001,0x8022,0x8001,0x8001,0x8023,0x8002,0x8002,0x8024,0x8023,0x8045,0x8002,0x8001,0x8002,
  0x8023,0x8023,0x8045,0x8067,0x84A9,0x8045,0x8888,0x8467,0x8468,0x8467,0x88CB,0x88ED,0x8489,0x88CA,0xA96D,0x8489,
  0x84AA,0x8045,0x8045,0x8022,0x8024,0x8046,0x8024,0x8002,0x8024,0x8023,0x8045,0x8023,0x9CE9,0x8023,0x8024,0x8065,
  0x8444,0x8445,0x8867,0x8465,0x8023,0x8001,0x8045,0x8002,0x8022,0x8444,0x8423,0x8002,0x8023,0x8044,0x8045,0x8045,
  0x8487,0x8488,0x8467,0x8888,0x8888,0x8886,0x8023,0x8002,0x8023,0x8002,0x8002,0x8023,0x8002,0x8002,0x8002,0x8022,
  0x8001,0x8001,0x8001,0x8001,0x8001,0x8001,0x8001,0x8001,0x8001,0x8001,0x8001,0x8001,0x8001,0x8001,0x8001,0x8002,
  0x8001,0x8002,0x8002,0x8002,0x8022,0x8001,0x8002,0x8001,0x8022,0x8022,0x8001,0x8442,0x9063,0x9883,0x9C82,0xA0C3,
  0x8C42,0x8842,0x8842,0x8021,0x8422,0x8001,0x8022,0x8002,0x8002,0x8001,0x8001,0x8002,0x8001,0x8001,0x8001,0x8001,
  0x8001,0x8466,0x8001,0x8001,0x8001,0x8001,0x8001,0x8001,0x8001,0x8001,0x8001,0x8001,0x8001,0x8044,0x8022,0x8022,
  0x8002,0x8022,0x8002,0x8022,0x8002,0x8001,0x9571,0x8002,0x8000,0x9DB0,0x8001,0x8002,0x8001,0x8001,0x8022,0x8002,
  0x8002,0x8045,0x8044,0x8024,0x8045,0x8088,0x8067,0x8045,0x89B5,0xE7FF,0x9616,0x80AA,0x8087,0x8044,0x8044,0x8044,
  0x8001,0x8024,0x8024,0x8001,0x8001,0x8002,0x8023,0x8023,0x8002,0x8001,0x8022,0x8001,0x8022,0x8022,0x8001,0x8001,
  0x8002,0x8002,0x8001,0x8001,0x8001,0x8002,0x8045,0x8001,0x8001,0x8001,0x8001,0x8001,0x8001,0x8001,0x8001,0x8001,
  0x8022,0x8001,0x8002,0x8002,0x8001,0x8001,0x8001,0x8001,0x8001,0x8001,0x8065,0x8001,0x8001,0x8001,0x8022,0x8002,
  0x8022,0x8022,0x8022,0x8022,0x8022,0x9083,0x8442,0x8022,0x8022,0x8001,0x8001,0x8002,0x8002,0x8002,0x8001,0x8001,
  0x8001,0x8001,0x8001,0x8001,0x8001,0x8001,0x8001,0x8023,0x8002,0x8001,0x8002,0x8001,0x8024,0x8001,0x8002,0x8022,
  0x8001,0x8022,0x8023,0x8044,0x8044,0x8001,0x8023,0x80AB,0x8067,0x8045,0x84AA,0x8024,0x8045,0x8002,0x8022,0x8023,
  0x8023,0x8001,0x8000,0x8001,0x8046,0x8002,0x8001,0x8001,0x8001,0x8001,0x8001,0x8001,0x8022,0x8022,0x8002,0x8001,
  0x8001,0x8001,0x8001,0x8001,0x8002,0x8002,0x8001,0x8000,0x8001,0x8001,0x8023,0x8001,0x8001,0x8002,0x8022,0x8001,
  0x8044,0x8001,0x8002,0x8023,0x8045,0x8001,0x8045,0x8024,0x8023,0x910E,0x8487,0x8024,0x8066,0x8489,0x8067,0x90ED,
  0x88EE,0x8D30,0x84EE,0x848A,0x84AB,0x8046,0x8CEC,0x8045,0x8045,0x8002,0x8045,0x8002,0x8023,0x8044,0x8001,0x8045,
  0x8002,0x8887,0x8024,0x8024,0x8002,0x8022,0x8023,0x8444,0x8045,0x8023,0x8001,0x8001,0x8002,0x8002,0x8002,0x8002,
  0x8002,0x8045,0x8044,0x8001,0x8045,0x8067,0x8046,0x8CA9,0x90A8,0x8466,0x8046,0x8024,0x8066,0x8002,0x8044,0x8002,
  0x8023,0x8002,0x8001,0x8002,0x8002,0x8022,0x8001,0x8001,0x8002,0x8001,0x8001,0x8023,0x8002,0x8002,0x8001,0x8001,
  0x8001,0x8023,0x8001,0x8022,0x8001,0x8001,0x8001,0x8022,0x8002,0x8022,0x8022,0x8001,0x8422,0x8022,0x8422,0x8842,
  0x8442,0x9083,0xAD04,0xEA8B,0xF331,0xEACF,0xB503,0xA8E4,0x98A4,0x8442,0x8842,0x8001,0x8C42,0x8022,0x8001,0x8002,
  0x8422,0x8002,0x8002,0x8001,0x8022,0x8022,0x8001,0x8001,0x8001,0x8001,0x8002,0x8002,0x8001,0x8001,0x8001,0x8001,
  0x8023,0x8001,0x8002,0x8044,0x8001,0x8001,0x8001,0x8023,0x8023,0x8023,0x8002,0x8022,0x8001,0x8001,0x8001,0x8087,
  0x8001,0x8022,0x8001,0x8001,0x8044,0x8022,0x8001,0x992E,0x8024,0x8023,0x8024,0x8066,0x8067,0x8066,0x8E18,0xDBDF,
  0x8950,0x8068,0x8045,0x8044,0x8044,0x8044,0x8001,0x8044,0x8023,0x8001,0x8023,0x8002,0x8023,0x8023,0x8022,0x8001,
  0x8023,0x8022,0x8001,0x8002,0x8001,0x8002,0x8001,0x8002,0x8001,0x8022,0x8001,0x8001,0x8001,0x8001,0x8001,0x8001,
  0x8001,0x8001,0x8001,0x8001,0x8001,0x8001,0x8002,0x8001,0x8002,0x8002,0x8001,0x8443,0x8001,0x8001,0x8001,0x8002,
  0x8001,0x8002,0x8001,0x8002,0x8022,0x8022,0x8001,0x8022,0x8022,0x8022,0x8022,0xB968,0x8442,0x8022,0x8002,0x8002,
  0x8022,0x8002,0x8022,0x8002,0x8001,0x8001,0x8001,0x8001,0x8001,0x8001,0x8001,0x8022,0x8001,0x8023,0x8001,0x8001,
  0x8001,0x88C9,0x8001,0x8022,0x8022,0x8066,0x8001,0x8044,0x8022,0x8045,0x8045,0x8044,0x84A9,0x8023,0x8951,0x8066,
  0x8024,0x8067,0x8023,0x8025,0x8045,0x8002,0x8022,0x8022,0x8045,0x8001,0x8001,0x8022,0x8002,0x8022,0x8001,0x8001,
  0x8001,0x8001,0x8002,0x8023,0x8001,0x8001,0x8002,0x8001,0x8001,0x8001,0x8022,0x8002,0x8001,0x8001,0x8001,0x8001,
  0x8001,0x8023,0x8002,0x8002,0x8044,0x8001,0x8488,0x8022,0x8024,0x8023,0x8002,0x8022,0x8002,0x88CA,0x8023,0x8003,
  0x8002,0x8888,0x8468,0x8CED,0x8CED,0x88CC,0x84AB,0xB73C,0x84CC,0x84AA,0x88AA,0x8CA9,0x8023,0x8024,0x8467,0x8023,
  0x8867,0x8001,0x8465,0x8444,0x8445,0x8044,0x8002,0x8444,0x8466,0x8045,0x8023,0x8044,0x8866,0x8023,0x8001,0x8865,
  0x8022,0x8023,0x8022,0x8001,0x8002,0x8022,0x8002,0x8044,0x8023,0x8487,0x8044,0x8467,0x8887,0x8045,0x8CA9,0x8045,
  0x8024,0x8466,0x8024,0x8067,0x8023,0x8023,0x8022,0x8022,0x8002,0x8022,0x8022,0x8001,0x8002,0x8002,0x8001,0x8001,
  0x8002,0x8022,0x8002,0x8001,0x8001,0x8001,0x8022,0x8022,0x8001,0x8022,0x8001,0x8001,0x8002,0x8022,0x8002,0x8001,
  0x8002,0x8001,0x8022,0x8001,0x8022,0x8442,0x8422,0x9063,0x9CA3,0xC9A7,0xC5C7,0xC5C8,0xA4C3,0x9CA3,0x9083,0x8422,
  0x8442,0x8002,0x8442,0x8022,0x8001,0x8002,0x8022,0x8001,0x8002,0x8001,0x8022,0x8022,0x8001,0x8001,0x8001,0x8001,
  0x8002,0x8001,0x8001,0x8001,0x8001,0x8001,0x8002,0x8002,0x8001,0x8002,0x8002,0x8001,0x8001,0x8023,0x8024,0x8002,
  0x8002,0x8022,0x8002,0x8001,0x8001,0x8022,0x8002,0x8023,0x8002,0x8002,0x8044,0x8022,0x8001,0x8023,0x8023,0x8002,
  0x8023,0x8045,0x8045,0x8046,0x84A9,0xA31D,0x8067,0x8045,0x8024,0x8023,0x8046,0x8001,0x8022,0x8022,0x8022,0x8001,
  0x8045,0x8002,0x8022,0x8022,0x8022,0x8001,0x8023,0x8022,0x8001,0x8001,0x8001,0x8002,0x8001,0x8001,0x8001,0x8002,
  0x8001,0x8001,0x8002,0x8001,0x8001,0x8001,0x8002,0x8001,0x8002,0x8001,0x8023,0x8001,0x8045,0x8001,0x8002,0x8001,
  0x8001,0x8001,0x8022,0x8022,0x8001,0x9485,0x8001,0x8002,0x8001,0x8022,0x8002,0x8002,0x8442,0x8022,0x8022,0x8442,
  0xA4E5,0xEB38,0x9883,0x8842,0x8022,0x8001,0x8022,0xA0E6,0x8002,0x8001,0x8001,0x8001,0x8001,0x8001,0x8001,0x8001,
  0x8001,0x8002,0x8002,0x8002,0x8001,0x8001,0x8023,0x8066,0x8022,0x8022,0x8002,0x8023,0x8001,0x8022,0x8002,0x8023,
  0x8045,0x8023,0x8065,0x8044,0x84AA,0x84CB,0x80AA,0x8045,0x8046,0x8024,0x8045,0x8023,0x8023,0x8045,0x8023,0x8001,
  0x8001,0x8022,0x8002,0x8022,0x8001,0x8001,0x8001,0x8001,0x8001,0x8001,0x8001,0x8001,0x8001,0x8001,0x8001,0x8001,
  0x8002,0x8001,0x8001,0x8001,0x8001,0x8001,0x8002,0x8023,0x8002,0x8000,0x8045,0x8001,0x8023,0x8002,0x8045,0x8002,
  0x8001,0x8023,0x8023,0x8066,0x8023,0x8023,0x8046,0x8889,0x88ED,0x848A,0x88EC,0x84AA,0x88CB,0x9E15,0x890D,0x88AA,
  0x8CCC,0x8046,0x8887,0x8045,0x8468,0x8023,0x8466,0x8424,0x8024,0x8045,0x8023,0x8023,0x8022,0x8023,0x8465,0x8044,
  0x8044,0x8445,0x8466,0x8023,0x8001,0x8024,0x8023,0x8844,0x8486,0x8000,0x8002,0x8002,0x8023,0x8023,0x8045,0x8465,
  0x8445,0x8445,0x8887,0x8044,0x8887,0x8046,0x8066,0x8044,0x8023,0x8066,0x8024,0x8023,0x8002,0x8023,0x8002,0x8002,
  0x8002,0x8001,0x8002,0x8002,0x8001,0x8001,0x8001,0x8001,0x8022,0x8022,0x8001,0x8022,0x8022,0x8001,0x8001,0x8001,
  0x8001,0x8002,0x8001,0x8002,0x8002,0x8001,0x8001,0x8022,0x8002,0x8002,0x8022,0x8022,0x8422,0x8442,0x8C42,0x9063,
  0xA0A2,0x9882,0x9062,0x8842,0x8422,0x8422,0x8022,0x8002,0x8022,0x8001,0x8001,0x8022,0x8001,0x8002,0x8022,0x8002,
  0x8001,0x8001,0x8001,0x8022,0x8001,0x8001,0x8001,0x8001,0x8001,0x8001,0x8002,0x8022,0x8002,0x8023,0x8002,0x8001,
  0x8022,0x8022,0x8023,0x8023,0x8023,0x8022,0x8022,0x8023,0x8001,0x8022,0x8001,0x8002,0x8023,0x8002,0x8002,0x8002,
  0x8001,0x8001,0x8002,0x8022,0x8022,0x8024,0x8023,0x8024,0x8067,0x8066,0x8045,0x95D5,0x8067,0x8024,0x8045,0x8002,
  0x80CB,0x8002,0x8023,0x8022,0x8001,0x8044,0x8045,0x8022,0x8001,0x8002,0x8002,0x8022,0x8002,0x8022,0x8001,0x8001,
  0x8001,0x8022,0x8001,0x8001,0x8001,0x8022,0x8022,0x8022,0x8022,0x8001,0x8002,0x8002,0x8022,0x8001,0x8002,0x8001,
  0x8023,0x8001,0x8023,0x8022,0x8001,0x8023,0x8001,0x8002,0x8023,0x8023,0x8022,0x8443,0x8001,0x8001,0x8001,0x8022,
  0x8002,0x8002,0x8022,0x8022,0x8022,0x8422,0x9CC5,0xDAB2,0x94A4,0x8843,0x8022,0x8022,0x8001,0x8001,0x8002,0x8001,
  0x8001,0x8001,0x8002,0x8001,0x8001,0x8001,0x8002,0x8001,0x8023,0x8022,0x8001,0x8002,0x8023,0x8023,0x8023,0x8002,
  0x8001,0x8023,0x8022,0x8001,0x8065,0x8002,0x8044,0x8023,0x8023,0x8066,0x8088,0x912E,0x84CC,0x8024,0x8066,0x8024,
  0x84EA,0x8067,0x8045,0x8044,0x8023,0x8002,0x8046,0x8001,0x8001,0x8001,0x8002,0x8002,0x8002,0x8001,0x8002,0x8001,
  0x8022,0x8002,0x8022,0x8001,0x8001,0x8001,0x8001,0x8002,0x8001,0x8022,0x8002,0x8022,0x8022,0x8023,0x8002,0x8001,
  0x8001,0x8023,0x8002,0x8045,0x8067,0x8002,0x8001,0x8024,0x8044,0x8024,0x8067,0x8044,0x8489,0x8489,0x88CC,0x8069,
  0x84CC,0x8088,0x8D2F,0x8088,0x9150,0x88AA,0x88A9,0x8066,0x8887,0x8887,0x88A9,0x8022,0x8045,0x8C87,0x8022,0x8023,
  0x8002,0x8023,0x8024,0x8044,0x8044,0x8865,0x8045,0x8045,0x8044,0x8022,0x8001,0x8022,0x8445,0x8022,0x8045,0x8001,
  0x8023,0x8002,0x8022,0x8022,0x8465,0x8024,0x8466,0x8023,0x8046,0x8886,0x8066,0x8467,0x8066,0x8023,0x8488,0x8044,
  0x8465,0x8002,0x8043,0x8022,0x8002,0x8001,0x8001,0x8002,0x8001,0x8002,0x8002,0x8001,0x8001,0x8001,0x8001,0x8001,
  0x8001,0x8001,0x8001,0x8001,0x8023,0x8001,0x8002,0x8002,0x8001,0x8002,0x8002,0x8001,0x8022,0x8001,0x8022,0x8022,
  0x8022,0x8022,0x8442,0x8442,0x8842,0x8842,0x8842,0x8421,0x8842,0x8442,0x8022,0x8022,0x8442,0x8001,0x8022,0x8002,
  0x8002,0x8001,0x8443,0x8021,0x8002,0x8001,0x8002,0x8001,0x88A8,0x8001,0x8022,0x8001,0x8001,0x8002,0x8023,0x8022,
  0x8001,0x8022,0x8023,0x8002,0x8001,0x8001,0x8001,0x8002,0x8024,0x8001,0x8001,0x8001,0x8001,0x8066,0x8001,0x8002,
  0x8022,0x8001,0x8001,0x8001,0x8001,0x8001,0x8001,0x8001,0x8024,0x8001,0x8023,0x8002,0x8044,0x8023,0x8024,0x8023,
  0x8002,0x8046,0x8044,0x8024,0x8002,0x8044,0x8001,0x8002,0x8001,0x8023,0x8001,0x8022,0x8023,0x8002,0x8024,0x8045,
  0x8022,0x8022,0x8001,0x8001,0x8002,0x8001,0x8045,0x8002,0x8001,0x8023,0x8001,0x8022,0x8002,0x8001,0x8001,0x8001,
  0x8002,0x8002,0x8001,0x8001,0x8001,0x8001,0x8022,0x8001,0x8001,0x8066,0x8002,0x8002,0x8001,0x8002,0x8023,0x8023,
  0x8002,0x8001,0x8022,0x8443,0x8001,0x8022,0x8022,0x8002,0x8022,0x8022,0x8022,0x8422,0x8022,0x9484,0x8422,0x8022,
  0x8022,0x8442,0x8001,0x8001,0x8001,0x8001,0x8001,0x8001,0x8001,0x8001,0x8022,0x8002,0x8002,0x8022,0x8002,0x8045,
  0x8022,0x8001,0x8002,0x8002,0x8045,0x8024,0x8002,0x8067,0x8022,0x8066,0x8046,0x8000,0x8001,0x8024,0x8045,0x8023,
  0x8046,0x8067,0x8023,0x8024,0x8045,0x8001,0x8003,0x8002,0x8001,0x8023,0x8002,0x8023,0x8001,0x8001,0x8001,0x8001,
  0x8001,0x8066,0x8001,0x8022,0x8002,0x8001,0x8001,0x8001,0x8002,0x8002,0x8001,0x8001,0x8001,0x8001,0x8022,0x8001,
  0x8024,0x8001,0x8024,0x8022,0x8002,0x8467,0x8022,0x8002,0x88CA,0x8023,0x8045,0x8000,0x8001,0x8024,0x84AA,0x8024,
  0x88A9,0x88AA,0x8025,0x8067,0x890F,0x8047,0xADF2,0x808A,0x8067,0x8931,0x8466,0x8CCC,0x9530,0x8045,0x8887,0x94EA,
  0x8023,0x94C9,0x8023,0x8023,0x8022,0x8001,0x8044,0x8001,0x8002,0x8044,0x8001,0x8002,0x8CA8,0x8023,0x8022,0x8022,
  0x8001,0x94EA,0x8023,0x8023,0x84A8,0x8024,0x8066,0x8044,0x8023,0x8466,0x8001,0x8003,0x8466,0x8002,0x8467,0x8866,
  0x8002,0x8466,0x90CA,0x8043,0x8024,0x8001,0x8022,0x8045,0x8002,0x8022,0x8001,0x8002,0x8002,0x8002,0x8002,0x8002,
  0x8001,0x8001,0x8001,0x8002,0x8087,0x8023,0x8001,0x8001,0x8001,0x8023,0x8001,0x8001,0x8001,0x8001,0x8022,0x8422,
  0x8022,0x8001,0x8002,0x8022,0x8001,0x8022,0x8002,0x8022,0x8442,0x8022,0x8422,0x8442,0x8842,0x8842,0x8422,0x8422,
  0x8422,0x8022,0x8001,0x8002,0x8001,0x8422,0x8022,0x8001,0x8001,0x8443,0x8001,0x8022,0x8022,0x8001,0x8002,0x8001,
  0x8001,0x8001,0x8022,0x8001,0x8022,0x8002,0x8001,0x8023,0x8001,0x8023,0x8001,0x8022,0x8001,0x8001,0x8002,0x8001,
  0x8001,0x8001,0x8001,0x8001,0x8066,0x8001,0x8001,0x8001,0x8001,0x80AB,0x8001,0x8001,0x8001,0x8044,0x8001,0x8024,
  0x8001,0x8022,0x8023,0x8002,0x8022,0x8023,0x8045,0x8088,0x8044,0x8023,0x8044,0x8001,0x8022,0x8001,0x8024,0x8002,
  0x8001,0x8001,0x8002,0x8001,0x8001,0x8002,0x8023,0x8001,0x8022,0x8001,0x8130,0x8001,0x8001,0x8002,0x8001,0x8001,
  0x8001,0x8002,0x8001,0x8001,0x8001,0x8002,0x8044,0x8001,0x8001,0x8821,0x8001,0x8001,0x8044,0x8001,0x8001,0x8001,
  0x8002,0x8002,0x8001,0x8001,0x8002,0x8001,0x8002,0x8002,0x8001,0x8001,0x8023,0x8002,0x8002,0x8022,0x8022,0x8442,
  0x8442,0x8022,0x8022,0x8422,0x8022,0x8422,0x8001,0x8001,0x8022,0x8022,0x8001,0x8843,0x8001,0x8001,0x8045,0x8022,
  0x8001,0x8001,0x8001,0x8001,0x8001,0x8001,0x8001,0x8024,0x8024,0x8002,0x8088,0x8023,0x8044,0x8001,0x8023,0x8001,
  0x8045,0x8044,0x8023,0x8001,0x8001,0x8045,0x8067,0x8001,0x8068,0x8023,0x8002,0x8045,0x8003,0x8023,0x8023,0x80AA,
  0x8022,0x8002,0x8002,0x8001,0x8023,0x8001,0x8001,0x8001,0x8001,0x8001,0x8002,0x8002,0x8045,0x8001,0x8001,0x8045,
  0x8001,0x8001,0x8001,0x8023,0x8001,0x8002,0x8001,0x8024,0x8023,0x8023,0x8023,0x8002,0x8045,0x8023,0x8002,0x8044,
  0x8023,0x8002,0x8044,0x8045,0x8088,0x8488,0x8045,0x84AB,0x8089,0x8D0E,0x8024,0x88CC,0x8069,0x9552,0x8489,0x88AB,
  0x9D50,0x8046,0x8489,0x94EC,0x8867,0x8023,0x8467,0x8024,0x8888,0x8022,0x8022,0x8044,0x8002,0x8865,0x8001,0x8002,
  0x8C85,0x8024,0x8045,0x8045,0x8023,0x8887,0x90A7,0x8024,0x8002,0x8066,0x8024,0x90C9,0x8044,0x8888,0x8887,0x8001,
  0x8045,0x8001,0x8022,0x8444,0x8024,0x8023,0x8488,0x8024,0x8002,0x8024,0x8022,0x8024,0x8044,0x8001,0x8045,0x8002,
  0x84A9,0x8022,0x8002,0x8002,0x8002,0x8001,0x8001,0x8001,0x8001,0x8022,0x8002,0x8001,0x8001,0x8001,0x8001,0x8443,
  0x8001,0x8001,0x8001,0x8002,0x8422,0xBD66,0x8000,0x8002,0x8002,0x8002,0x8001,0x8002,0x8001,0x8022,0x8022,0x8022,
  0x8442,0x8022,0x8422,0x8422,0x8022,0x8022,0x8422,0x8001,0x9084,0x8001,0x8002,0x8001,0x8022,0x8002,0x8001,0x8022,
  0x8022,0x8001,0x8001,0x8001,0x8022,0x8001,0x8002,0x8002,0x8001,0x8001,0x8002,0x8001,0x8001,0x8002,0x8022,0x8002,
  0x8001,0x8001,0x8001,0x8001,0x8022,0x8002,0x8001,0x8001,0x8001,0x8001,0x8002,0x8023,0x8001,0x8001,0x8001,0x8002,
  0x8001,0x8001,0x8001,0x8023,0x8001,0x8001,0x8001,0x8023,0x8002,0x8002,0x8023,0x8024,0x8024,0x8046,0x8023,0x8024,
  0x8022,0x8023,0x8001,0x8024,0x8002,0x8022,0x8022,0x8001,0x8001,0x8001,0x8002,0x8022,0x8001,0x8022,0x8002,0x8001,
  0x8001,0x8001,0x8001,0x8023,0x8001,0x8002,0x8001,0x8001,0x8001,0x8001,0x8001,0x8001,0x8022,0x8001,0x8001,0x8001,
  0x8001,0x8001,0x8002,0x8001,0x8001,0x8001,0x8001,0x8022,0x8001,0x8001,0x8002,0x8001,0x8022,0x8001,0x8023,0x8022,
  0x8001,0x8044,0x8022,0x8001,0x8023,0x8022,0x8022,0x8022,0x8422,0x8C43,0x8422,0x8021,0x8422,0x8842,0x8002,0x8001,
  0x8001,0x8001,0x8002,0x8002,0x8002,0x8002,0x8021,0x8001,0x8001,0x8001,0x8023,0x8001,0x8023,0x8002,0x8023,0x8023,
  0x92BD,0x8045,0x8023,0x8066,0x8002,0x8045,0x84CB,0x8023,0x8024,0x8045,0x8023,0x8089,0x8045,0x88A8,0x8023,0x8023,
  0x8045,0x8024,0x8023,0x8022,0x8022,0x8023,0x8045,0x8022,0x8046,0x8001,0x8001,0x8001,0x8001,0x8002,0x8002,0x8022,
  0x8002,0x8002,0x8088,0x8002,0x8002,0x8002,0x8001,0x8001,0x8001,0x8045,0x8046,0x8001,0x8023,0x8024,0xA12C,0x8023,
  0x8024,0x88AA,0x8045,0x8024,0x84A8,0x8022,0x8023,0x8067,0x84AA,0x8023,0x8046,0x8046,0x88AA,0x848A,0x84AA,0x8089,
  0x8089,0x84AA,0x808A,0x8489,0x8CCB,0x8067,0x8045,0x8CA9,0x8045,0x88A9,0x8044,0x90C9,0x8867,0x8044,0x8045,0x8022,
  0x8464,0x8445,0x8002,0x8023,0x8022,0x8022,0x8C85,0x8023,0x8023,0x8023,0xA52A,0x8044,0x8023,0x8087,0x8044,0x8888,
  0x88CA,0x8067,0x90EA,0x8023,0x8023,0x8045,0x8C87,0x8022,0x8024,0x8044,0x8003,0x8024,0x8002,0x8024,0x8044,0x8002,
  0x8045,0x8047,0x8022,0x8022,0x8002,0x8023,0x8002,0x8022,0x8022,0x8001,0x8001,0x8001,0x8002,0x8001,0x8001,0x8001,
  0x8001,0x8001,0x8001,0x8001,0x8044,0x8001,0x8001,0x8002,0x8002,0x8002,0x8001,0x8001,0x8002,0x8001,0x8002,0x8001,
  0x8002,0x8022,0x8001,0x8443,0x8022,0x8422,0x8001,0x8422,0x8422,0x8022,0x8422,0x8022,0x8001,0x8442,0x8001,0x8422,
  0x8001,0x8022,0x8001,0x8002,0xA0E7,0x8001,0x8001,0x8001,0x8001,0x8001,0x8001,0x8044,0x8002,0x8002,0x8002,0x8001,
  0x8001,0x8001,0x8001,0x8001,0x8001,0x8001,0x8001,0x8002,0x8001,0x8001,0x8022,0x8001,0x8001,0x8001,0x8001,0x8001,
  0x8001,0x8002,0x8001,0x8001,0x8001,0x8001,0x8001,0x8001,0x8001,0x8001,0x8001,0x8001,0x8001,0x8023,0x8002,0x8024,
  0x8002,0x8002,0x8023,0x8044,0x8001,0x8023,0x8023,0x8001,0x8022,0x8001,0x8044,0x8002,0x8001,0x8001,0x8001,0x8001,
  0x8001,0x8001,0x8001,0x8001,0x8022,0x8001,0x8022,0x8023,0x8001,0x8001,0x8001,0x8022,0x8001,0x8001,0x8001,0x8001,
  0x8001,0x8001,0x8001,0x8001,0x8001,0x8001,0x8001,0x8001,0x8001,0x8001,0x8001,0x8001,0x8001,0x8022,0x8001,0x8001,
  0x8001,0x8001,0x8001,0x8022,0x8001,0x8002,0x8023,0x8001,0x8023,0x8002,0x8022,0x8C63,0x8842,0x8022,0x8001,0x8442,
  0x8001,0x8442,0x8001,0x8442,0x8022,0x8022,0x8422,0x8022,0x8022,0x8022,0x8001,0x8001,0x8001,0x8001,0x8001,0x8001,
  0x8001,0x8001,0x8024,0x8002,0x8002,0x8001,0x8001,0x8002,0x8001,0x8045,0x8046,0x8045,0x8002,0x8024,0x8023,0x8023,
  0x8087,0x8002,0x8023,0x8001,0x8023,0x8001,0x8001,0x8023,0x8022,0x8022,0x8002,0x8022,0x8001,0x8001,0x8001,0x8001,
  0x8002,0x8001,0x8001,0x8001,0x8002,0x8022,0x8002,0x8001,0x9B3E,0x8022,0x8022,0x8001,0x8001,0x8001,0x8001,0x8001,
  0x8001,0x8023,0x8001,0x8023,0x8002,0x8023,0x8002,0x8003,0x90EB,0x8887,0x8023,0x8046,0x8CCC,0x8067,0x8046,0x9130,
  0x8045,0x88ED,0x8067,0x8489,0x8065,0x8088,0x8024,0x8067,0x8046,0x8046,0x8024,0x8066,0x91B4,0x8045,0x8888,0x90EA,
  0x990C,0x8002,0x8024,0x8023,0x950D,0x8044,0x8487,0x8045,0x8044,0x8044,0x8024,0x8044,0x8002,0x8023,0x8443,0x8023,
  0x8023,0x8024,0x84AA,0x8066,0x88CB,0x8488,0x9130,0x8067,0x98EB,0x8024,0x8465,0x8045,0x8024,0x8022,0x8024,0x8001,
  0x8044,0x8022,0x8046,0x8023,0x8002,0x8044,0x8023,0x808A,0x8023,0x8023,0x8044,0x8001,0x8001,0x8001,0x8001,0x8001,
  0x8001,0x8001,0x8001,0x8001,0x8001,0x8022,0x8001,0x8002,0x8023,0x8001,0x8022,0x8023,0x8001,0x8001,0x8023,0x8002,
  0x8002,0x8022,0x8001,0x8002,0x8002,0x8002,0x8001,0x8022,0x8022,0x8443,0x8002,0x8022,0x8022,0x8022,0x8022,0x8022,
  0x8022,0x8022,0x8001,0x8002,0x8022,0x8022,0x8422,0x8001,0x8022,0x8001,0x8001,0x8001,0x8001,0x8001,0x8001,0x8002,
  0x8001,0x8023,0x8001,0x8001,0x8002,0x8001,0x8001,0x8001,0x8001,0x8001,0x8001,0x8001,0x8001,0x8022,0x8001,0x8001,
  0x8001,0x8001,0x8002,0x8001,0x8001,0x8001,0x8023,0x8002,0x8002,0x8001,0x8023,0x8001,0x8001,0x8001,0x8001,0x8001,
  0x8001,0x8022,0x8001,0x8002,0x8001,0x8023,0x8022,0x8023,0x8022,0x88EB,0x8022,0x8002,0x8023,0x8022,0x8022,0x8023,
  0x8002,0x8022,0x8001,0x8001,0x8001,0x8001,0x8022,0x8002,0x8001,0x8022,0x8002,0x8001,0x8023,0x8002,0x8022,0x8022,
  0x8001,0x8023,0x8001,0x8002,0x8002,0x8001,0x8002,0x8001,0x8001,0x8002,0x8001,0x8001,0x8001,0x8001,0x8001,0x8002,
  0x8001,0x8001,0x8001,0x8002,0x8001,0x8001,0x8002,0x8001,0x8022,0x8002,0x8001,0x8001,0x8023,0x8001,0x8022,0x8002,
  0x8022,0x8842,0x8442,0x8022,0x8001,0x8422,0x8021,0x8422,0x8022,0x8442,0x8022,0x8022,0x8422,0x8422,0x8001,0x8022,
  0x8001,0x8002,0x8002,0x8001,0x8001,0x8002,0x8023,0x8002,0x8002,0x8002,0x8022,0x8023,0x8023,0x8023,0x8002,0x8046,
  0x8023,0x8045,0x8023,0x8024,0x8044,0x8002,0x8044,0x8002,0x8023,0x8002,0x8002,0x8001,0x8001,0x8023,0x8022,0x8022,
  0x8023,0x8001,0x8002,0x8001,0x8001,0x8001,0x8002,0x8001,0x8001,0x8002,0x8002,0x8022,0x8002,0x850D,0xBB9E,0x84EB,
  0x8046,0x8023,0x8022,0x8022,0x8002,0x8022,0x8001,0x8002,0x8024,0x8022,0x8002,0x8023,0x8023,0x8023,0x8466,0x8023,
  0x8045,0x8067,0x8089,0x848A,0x8068,0x84CC,0x8068,0x8489,0x8468,0x8088,0x8067,0x8088,0x8046,0x8488,0x84AA,0x8024,
  0x8045,0x8067,0x8489,0x8045,0x8066,0x88A9,0x8068,0x8467,0x8045,0x8045,0x8466,0x8044,0x8024,0x8024,0x8445,0x8045,
  0x8023,0x8444,0x8444,0x8023,0x8443,0x8044,0x8045,0x8046,0x8088,0x88CA,0x8067,0x88CB,0x91D4,0x8488,0x8CCA,0x8467,
  0x8466,0x8024,0x8465,0x8023,0x8023,0x8023,0x8023,0x8022,0x8024,0x8023,0x8023,0x8024,0x8067,0x8DB4,0x8045,0x8023,
  0x8023,0x8022,0x8001,0x8002,0x8022,0x8002,0x8002,0x8001,0x8002,0x8001,0x8001,0x8022,0x8001,0x8022,0x8044,0x8001,
  0x8002,0x8044,0x8002,0x8001,0x8023,0x8001,0x8001,0x8002,0x8002,0x8002,0x8001,0x8022,0x8001,0x8022,0x8022,0x8023,
  0x8002,0x8001,0x8422,0x8002,0x8002,0x8022,0x8002,0x8022,0x8022,0x8022,0x8022,0x8001,0x8022,0x8001,0x8022,0x8001,
  0x8001,0x8002,0x8001,0x8002,0x8001,0x8022,0x8001,0x8002,0x8001,0x8001,0x8421,0x8001,0x8001,0x8001,0x8001,0x8001,
  0x8002,0x8001,0x8001,0x8000,0x8001,0x8001,0x8022,0x8001,0x8022,0x8002,0x8001,0x8001,0x8023,0x8001,0x8001,0x8001,
  0x8023,0x8001,0x8001,0x8001,0x8001,0x8001,0x8001,0x8022,0x8001,0x8001,0x8001,0x8002,0x8022,0x8023,0x8023,0x8D2F,
  0x8002,0x8001,0x8023,0x8022,0x8001,0x8023,0x8001,0x8023,0x8001,0x8001,0x8001,0x8001,0x8023,0x8022,0x8001,0x8023,
  0x8001,0x8001,0x8023,0x8001,0x8022,0x8022,0x8002,0x8022,0x8001,0x8001,0x8022,0x8002,0x8002,0x8001,0x8001,0x8001,
  0x8022,0x8001,0x8022,0x8002,0x8001,0x8002,0x8001,0x8001,0x8001,0x8022,0x8001,0x8001,0x8001,0x8001,0x8023,0x8002,
  0x8002,0x8022,0x8023,0x8002,0x8002,0x8022,0x8022,0x8022,0x8022,0x8022,0x8022,0x8422,0x8422,0x8022,0x8442,0x8442,
  0x8422,0x8022,0x8021,0x8022,0x8001,0x8422,0x8001,0x8001,0x8002,0x8022,0x8001,0x8002,0x8022,0x8022,0x8001,0x8002,
  0x8023,0x8044,0x8023,0x8023,0x8022,0x8067,0x8002,0x8066,0x8022,0x8023,0x8045,0x8023,0x8045,0x8002,0x8044,0x8022,
  0x8023,0x84CC,0x8023,0x8022,0x8002,0x8022,0x8022,0x8001,0x8022,0x8001,0x8001,0x8001,0x8023,0x8002,0x8001,0x8023,
  0x8002,0x8023,0x8023,0x9615,0xDFFF,0x9278,0x8089,0x8022,0x8022,0x8022,0x8002,0x8044,0x8001,0x8022,0x8088,0x8001,
  0x8570,0x8066,0x8488,0x8024,0x8046,0x8046,0x8068,0x8067,0x8067,0x8CEC,0x8067,0x808A,0x8068,0x8067,0x8067,0x8066,
  0x9D70,0x80AA,0x8468,0x8467,0x8488,0x8022,0x8045,0x84AB,0x8046,0x8466,0x8046,0x8487,0x8467,0x8088,0x8468,0x8046,
  0x8045,0x8C87,0x8002,0x8044,0x8886,0x8045,0x8044,0x8465,0x8465,0x8044,0x8002,0x8023,0x8465,0x8466,0x8044,0x8888,
  0x8467,0x890E,0xAAB9,0x84EE,0x84AA,0x88A9,0x88A8,0x8023,0x8466,0x8445,0x8001,0x8066,0x8001,0x8023,0x8001,0x8023,
  0x8023,0x8024,0x8089,0xA71E,0x80AA,0x8023,0x8023,0x8023,0x8001,0x8024,0x8023,0x8001,0x8002,0x8001,0x8002,0x8001,
  0x8023,0x8022,0x8001,0x8001,0x8001,0x8002,0x8022,0x8001,0x8001,0x8001,0x8022,0x8001,0x8001,0x8001,0x8002,0x8002,
  0x8001,0x8022,0x8002,0x8022,0x8444,0x8001,0x8002,0x8422,0x8022,0x8001,0x8001,0x8001,0x8002,0x8002,0x8001,0x8022,
  0x8022,0x8001,0x8002,0x8001,0x8023,0x8001,0x8002,0x8022,0x8422,0x8002,0x8001,0x8001,0x8001,0x8001,0x8001,0x8001,
  0x8000,0x8001,0x8002,0x8002,0x8023,0x8022,0x8022,0x8001,0x8001,0x9482,0x8001,0x8001,0x8022,0x8001,0x8001,0x8001,
  0x8001,0x8002,0x8001,0x8001,0x8001,0x8001,0x8001,0x8001,0x8001,0x8001,0x8001,0x8001,0x8022,0x8001,0x8022,0x8001,
  0x8002,0x8022,0x8002,0x8001,0x8001,0x8022,0x8022,0x8001,0x8022,0x8001,0x8022,0x8001,0x8001,0x8001,0x8001,0x8001,
  0x8001,0x8001,0x8002,0x8002,0x8001,0x8001,0x8001,0x8001,0x8001,0x8001,0x8001,0x8001,0x8001,0x8001,0x8001,0x8002,
  0x8021,0x8022,0x8001,0x8001,0x8C42,0x8022,0x8022,0x8022,0x8022,0x8002,0x8002,0x8002,0x8022,0x8001,0x8001,0x8001,
  0x8001,0x8001,0x8002,0x8001,0x8001,0x8001,0x8001,0x8022,0x8001,0x8001,0x8022,0x8002,0x8022,0x8022,0x8022,0x8022,
  0x8022,0x8442,0x8022,0x8422,0x8442,0xA4C3,0x8421,0x8422,0x8001,0x8022,0x8002,0x8022,0x8001,0x8001,0x8002,0x8001,
  0x8001,0x8022,0x8023,0x8001,0x8002,0x8024,0x8023,0x8023,0x8044,0x8044,0x8023,0x8001,0x8002,0x8023,0x8046,0x8023,
  0x8044,0x8044,0x88EC,0x8023,0x8023,0x8022,0x8024,0x8022,0x8001,0x8022,0x8002,0x8002,0x8001,0x8001,0x8001,0x8001,
  0x8001,0x8023,0x8022,0x8002,0x8001,0x8001,0x8002,0x8022,0x8002,0x8000,0x8E17,0x8022,0x8022,0x8002,0x8022,0x8022,
  0x8002,0x8001,0x8001,0x8045,0x8023,0x8001,0x8023,0x8045,0x8066,0x88CA,0x8067,0x8068,0x84AB,0x8088,0x808A,0x84CB,
  0x88CB,0x80CB,0x890E,0x8089,0x8046,0x8089,0x8066,0x8068,0x808A,0x8024,0x8001,0x8045,0x88CA,0x8466,0x8CCB,0x8CCB,
  0x8888,0x8467,0x88AA,0x8466,0x88AB,0x8067,0x8467,0x8466,0x8045,0x8466,0x8044,0x8044,0x8445,0x8045,0x8002,0x8044,
  0x8445,0x8467,0x8466,0x8045,0x8887,0x88A8,0x88EC,0x8D71,0xB297,0x80AA,0x8067,0x8466,0x8466,0x8045,0x8022,0x8044,
  0x8002,0x8022,0x8023,0x8002,0x8045,0x8024,0x8022,0x8024,0x8023,0x8068,0x8022,0x8023,0x8002,0x8001,0x8022,0x8001,
  0x8001,0x8001,0x8001,0x8001,0x8001,0x8001,0x8002,0x8022,0x8001,0x8001,0x8001,0x8002,0x8002,0x8001,0x8001,0x8022,
  0x8001,0x8001,0x8001,0x8002,0x8002,0x8001,0x8001,0x8022,0x8001,0x8002,0x8002,0x8002,0x8002,0x8023,0x8001,0x8001,
  0x8001,0x8001,0x8001,0x8001,0x8002,0x8001,0x8022,0x8001,0x8001,0x8001,0x8022,0x8001,0x8001,0x8001,0x8443,0x8001,
  0x8001,0x8001,0x8001,0x8001,0x8001,0x8001,0x8002,0x8002,0x8002,0x8002,0x8002,0x8002,0x8001,0x8001,0x8001,0x8001,
  0x8001,0x8001,0x8001,0x8001,0x8001,0x8001,0x8001,0x8001,0x8001,0x8001,0x8001,0x8001,0x8001,0x8001,0x8001,0x8001,
  0x8001,0x8001,0x8022,0x8001,0x8022,0x8001,0x8023,0x8002,0x8001,0x8002,0x8001,0x8024,0x8001,0x8002,0x8001,0x8001,
  0x8024,0x8001,0x8001,0x8001,0x8001,0x8001,0x8001,0x8001,0x8002,0x8001,0x8001,0x8001,0x8001,0x8001,0x8001,0x8001,
  0x8001,0x8001,0x8001,0x8001,0x8001,0x8001,0x8422,0x8022,0x8022,0x8022,0xA0E5,0x8022,0x8001,0x8442,0x8002,0x8001,
  0x8001,0x8001,0x8023,0x8001,0x8001,0x8001,0x8001,0x8001,0x8001,0x8001,0x8001,0x8002,0x8001,0x8002,0x8001,0x8001,
  0x8002,0x8001,0x8001,0x8002,0x8022,0x8022,0x8001,0x8001,0x8422,0x8421,0x8400,0xC543,0x8400,0x8421,0x8001,0x8001,
  0x8001,0x8001,0x8001,0x8002,0x8002,0x8001,0x8002,0x8001,0x8045,0x8001,0x8001,0x8044,0x8023,0x8022,0x8024,0x8024,
  0x8066,0x8002,0x9D91,0x8000,0x8045,0x8023,0x8024,0x8044,0x8001,0x8044,0x8023,0x80AB,0x8001,0x8022,0x8002,0x8022,
  0x8001,0x8001,0x8001,0x8001,0x8001,0x8001,0x8022,0x8044,0x8002,0x8002,0x8001,0x8002,0x8002,0x8002,0x8002,0x8001,
  0x80AA,0x8023,0x8023,0x8022,0x8002,0x8002,0x8001,0x8001,0x8001,0x8046,0x8002,0x8067,0x8022,0x8045,0x88A9,0x88CA,
  0x8067,0x8046,0x88ED,0x8088,0x8068,0x88ED,0x8D0E,0x84AA,0x8D2F,0x80AA,0x8044,0x84CC,0x8023,0x8066,0x8488,0x8045,
  0x8002,0x8046,0x910C,0x8044,0x88CB,0x8488,0x8046,0x90CC,0x8CCB,0x8889,0x8489,0x8468,0x90CC,0x8046,0x8445,0x8045,
  0x8002,0x8886,0x8002,0x8022,0x8003,0x8465,0x8445,0x8C88,0x8886,0x8444,0x90A7,0x8023,0x8089,0x88CB,0x8DD6,0x8088,
  0x8066,0x8467,0x88A9,0x8045,0x8022,0x8467,0x8001,0x8001,0x8023,0x8002,0x8044,0x8003,0x8001,0x8023,0x8023,0x8045,
  0x8022,0x8023,0x8001,0x8001,0x8023,0x8002,0x8001,0x8001,0x8001,0x8001,0x8001,0x8001,0x8001,0x8023,0x8002,0x8022,
  0x8022,0x8001,0x8001,0x8043,0x8001,0x8001,0x8023,0x8001,0x8001,0x8022,0x8001,0x8001,0x8022,0x8001,0x8045,0x8022,
  0x8002,0x8001,0x8001,0x8002,0x8002,0x8001,0x8002,0x8001,0x8001,0x8001,0x8001,0x8022,0x8001,0x8002,0x8001,0x8001,
  0x8002,0x8022,0x8002,0x8022,0x8022,0x8002,0x8001,0x8001,0x8001,0x8022,0x8002,0x8001,0x8001,0x8002,0x8022,0x8023,
  0x8022,0x8001,0x8001,0x8001,0x8001,0x8002,0x8001,0x8001,0x8001,0x8001,0x8001,0x8001,0x8001,0x8002,0x8022,0x8001,
  0x8002,0x8001,0x8001,0x8002,0x8001,0x8001,0x8001,0x8001,0x8002,0x8022,0x8001,0x8002,0x8001,0x8023,0x8001,0x8001,
  0x8002,0x8022,0x8001,0x8001,0x8001,0x8001,0x8001,0x8002,0x8001,0x8001,0x8001,0x8001,0x8001,0x8001,0x8001,0x8045,
  0x8023,0x8001,0x8001,0x8001,0x8022,0x8001,0x8002,0x8001,0x8001,0x8001,0x8444,0x8022,0x8022,0x8001,0x8022,0x8022,
  0x8022,0x8001,0x8001,0x8002,0x8022,0x8001,0x8442,0x8002,0x8001,0x8001,0x8001,0x8001,0x8001,0x8001,0x8001,0x8001,
  0x8001,0x8002,0x8001,0x8023,0x8001,0x8001,0x8001,0x8002,0x8044,0x8044,0x8002,0x8001,0x8422,0x8843,0x8022,0x9062,
  0xD583,0xFFFB,0xBD22,0x9482,0x8422,0x8422,0x8001,0x8C63,0x8001,0x8023,0x8022,0x8001,0x80A9,0x8002,0x8001,0x8002,
  0x8002,0x8001,0x8022,0x8023,0x8001,0x8066,0x8022,0x8022,0x8066,0x8001,0x8001,0x8044,0x8045,0x84A9,0x8001,0x8001,
  0x8023,0x8002,0x8045,0x8001,0x8024,0x8001,0x8001,0x8001,0x8022,0x8001,0x8024,0x8001,0x8044,0x8001,0x8045,0x8001,
  0x8001,0x8003,0x8002,0x8022,0x8023,0x8002,0x8046,0x8022,0x8001,0x8023,0x8002,0x8023,0x8001,0x8023,0x8001,0x8002,
  0x8002,0x8001,0x8023,0x99B4,0x8466,0x8046,0x8067,0x8045,0x8066,0x8002,0x88CC,0x8068,0x84CB,0xA1F5,0x80CC,0x9172,
  0x80AA,0x8046,0x8024,0x8069,0x8023,0x8487,0x8066,0x952F,0x8066,0x910D,0x8067,0x8022,0x8488,0x8066,0x8CED,0x8CAB,
  0x84EE,0x8488,0x910E,0x8067,0x94EB,0x8046,0x8466,0x8022,0x8865,0x8001,0x8886,0x8002,0x8465,0x8045,0x8023,0x8066,
  0x8045,0x88CA,0x88A9,0x8045,0x8D0E,0x8067,0x8488,0x8467,0x8023,0x8045,0x8001,0x8002,0x8001,0x8066,0x8002,0x8023,
  0x8001,0x8023,0x8044,0x8002,0x8023,0x8023,0x8024,0x8001,0x8044,0x8002,0x8001,0x8023,0x8023,0x8001,0x8002,0x8001,
  0x8001,0x8001,0x8001,0x8001,0x8001,0x8002,0x8002,0x8001,0x8001,0x8001,0x8001,0x8001,0x8001,0x8001,0x8001,0x8001,
  0x8002,0x8002,0x8023,0x8001,0x8044,0x8001,0x8002,0x8002,0x8001,0x8022,0x8001,0x8001,0x8001,0x8001,0x8001,0x8001,
  0x8001,0x8001,0x8001,0x8002,0x8002,0x8001,0x8001,0x8001,0x8001,0x8002,0x8002,0x8022,0x8022,0x8002,0x8001,0x8001,
  0x8001,0x8001,0x8001,0x8002,0x8002,0x8002,0x8001,0x8842,0x8001,0x8001,0x8002,0x8001,0x8001,0x8001,0x8001,0x8001,
  0x8002,0x8022,0x8002,0x8001,0x8001,0x8001,0x8001,0x8001,0x8001,0x8001,0x8001,0x8001,0x8001,0x8002,0x8002,0x8001,
  0x8001,0x8001,0x8001,0x8001,0x8001,0x8001,0x8001,0x8001,0x8001,0x8001,0x8001,0x8001,0x8001,0x8001,0x8001,0x8001,
  0x8001,0x80CC,0x8001,0x8001,0x8001,0x8002,0x8002,0x8002,0x8001,0x8001,0x8001,0x8001,0x8001,0x8002,0x8022,0xA8C4,
  0x8001,0x8001,0x8022,0x8022,0x8022,0x8021,0x8842,0x8022,0x8422,0x8022,0x8002,0x8442,0x8001,0x8001,0x8001,0x8002,
  0x8001,0x8001,0x8001,0x8001,0x8001,0x8001,0x8001,0x8001,0x8002,0x8001,0x8001,0x8002,0x8022,0x8001,0x8002,0x8002,
  0x8022,0x8002,0x8442,0x8022,0x8022,0x8422,0x8422,0xC965,0x8001,0x8021,0x8022,0x8002,0x8002,0x8022,0x8001,0x8001,
  0x8002,0x8001,0x8022,0x8001,0x8023,0x8001,0x8022,0x8002,0x8002,0x8001,0xA10A,0x8001,0x8045,0x8022,0x8002,0x8045,
  0x88AB,0x8000,0x8001,0x8001,0x8045,0x8001,0x8001,0x8089,0x8022,0x8002,0x8001,0x8001,0x8001,0x8001,0x8001,0x8001,
  0x8001,0x8044,0x8002,0x8022,0x8001,0x8001,0x8002,0x892F,0x8001,0x8023,0x8023,0x8001,0x8023,0x8001,0x8022,0x8001,
  0x8023,0x8001,0x8002,0x8001,0x84AB,0x8022,0x8001,0x8002,0x8045,0x8022,0x8023,0x8067,0x8003,0x8068,0x8067,0x84CC,
  0x8067,0x8D0E,0x84A9,0x910C,0x88EE,0x8488,0x84ED,0x8046,0x8024,0x9679,0x8023,0x8044,0x8001,0x8067,0x8066,0x8488,
  0x8489,0x8067,0x8046,0x8CED,0x8024,0x9510,0x9617,0x910F,0x8467,0x90EB,0x8467,0x8467,0x8024,0x8023,0x8023,0x8023,
  0x8023,0x8002,0x8001,0x8024,0x8088,0x8024,0x8067,0x8023,0x8443,0x8088,0x8088,0x8044,0x8024,0x8066,0x8065,0x8001,
  0x8022,0x8001,0x8023,0x8001,0x8022,0x8002,0x8467,0x8023,0x8002,0x8023,0x8001,0x8024,0x8001,0x8024,0x8002,0x8001,
  0x8001,0x8001,0x8001,0x8001,0x8001,0x8001,0x8001,0x8001,0x8001,0x8001,0x8044,0x8022,0x8001,0x8001,0x8001,0x8045,
  0x8001,0x8001,0x8023,0x8001,0x8001,0x8024,0x8001,0x8001,0x8001,0x8001,0x8001,0x8001,0x8001,0x8002,0x8001,0x8044,
  0x8002,0x8001,0x8001,0x8001,0x8001,0x8001,0x8001,0x8001,0x8001,0x8023,0x8001,0x8001,0x8001,0x8001,0x8001,0x8001,
  0x8001,0xB5AD,0x8000,0x8022,0x8001,0x8044,0x8001,0x8001,0x8001,0x8023,0x8002,0x8001,0x8002,0x8001,0x8001,0x8001,
  0x8001,0x8842,0x8002,0x8001,0x8023,0x8001,0x8001,0x8002,0x8023,0x8001,0x8044,0x8001,0x8001,0x8001,0x8001,0x8002,
  0x8001,0x8001,0x8001,0x8001,0x8001,0x8045,0x8001,0x8001,0x8002,0x8023,0x8001,0x8001,0x8001,0x8001,0x8001,0x8001,
  0x8001,0x8001,0x8001,0x8001,0x8001,0x8001,0x8001,0x8001,0x8001,0x8001,0x8001,0x8001,0x8001,0x8001,0x8001,0x8001,
  0x8001,0x8023,0x8001,0x8002,0x8022,0x8001,0x8001,0x8001,0x8022,0x8022,0x8022,0x8842,0xA4C4,0x8842,0x8021,0x8422,
  0x8022,0x8001,0x8001,0x8001,0x8001,0x8024,0x8001,0x8001,0x8001,0x8002,0x8001,0x8001,0x8001,0x8002,0x8001,0x8022,
  0x8001,0x8002,0x8001,0x8022,0x8022,0x8002,0x8002,0x8022,0x8022,0x8022,0x8022,0x8022,0x8442,0x9063,0x8022,0x8022,
  0x8022,0x8022,0x8022,0x8001,0x8001,0x8001,0x8022,0x8024,0x8022,0x8023,0x8022,0x8023,0x8001,0x8023,0x8023,0x8001,
  0x8022,0x8001,0x8002,0x8002,0x8022,0x8067,0x8002,0x8024,0x8023,0x8001,0x8024,0x8001,0x8045,0x8001,0x8023,0x8001,
  0x8001,0x8001,0x8001,0x8001,0x8001,0x8044,0x8023,0x8001,0x8001,0x8067,0x8001,0x8002,0x8023,0x8001,0x8023,0x8023,
  0x8001,0x8024,0x8002,0x8022,0x8002,0x8022,0x8022,0x94A9,0x8002,0x8002,0x8023,0x8045,0x8002,0x8023,0x8002,0x8001,
  0x8467,0x8045,0x8002,0x8067,0x8066,0x84CC,0x84AA,0x84AC,0xBE96,0x80AB,0x88ED,0x84ED,0x8467,0x890F,0x8022,0x8024,
  0x8023,0x8024,0x9130,0x8023,0xB18E,0x8488,0x8045,0x992E,0x8488,0x8CCB,0x95B5,0x91F7,0xF7DF,0x9618,0x88CC,0x90EC,
  0x8488,0x8002,0x94EC,0x8023,0x8044,0x8001,0x8001,0x8466,0x8000,0x8001,0x8022,0x8445,0x8001,0x8488,0x8066,0x8024,
  0x8067,0x8023,0x8044,0x8002,0x8002,0x8022,0x8487,0x8001,0x8001,0x8023,0x8001,0x8001,0x8001,0x8002,0x8022,0x8002,
  0x8001,0x8023,0x8001,0x8002,0x8001,0x8001,0x8001,0x8001,0x8002,0x8001,0x8001,0x8001,0x8001,0x8001,0x8001,0x8001,
  0x8001,0x8002,0x8022,0x8001,0x8001,0x8001,0x8001,0x8022,0x8002,0x8002,0x8001,0x8022,0x8001,0x8001,0x8001,0x8001,
  0x8022,0x8001,0x8001,0x8001,0x8001,0x8001,0x8001,0x8001,0x8022,0x8001,0x8001,0x8001,0x8001,0x8001,0x8001,0x8001,
  0x8001,0x8001,0x8001,0x8001,0x8001,0x8001,0x8022,0x8022,0x8002,0x8001,0x8001,0x8002,0x8001,0x8001,0x8001,0x8001,
  0x8002,0x8002,0x8002,0x8002,0x8001,0x8001,0x8002,0x8022,0x8002,0x8001,0x8002,0x8002,0x8001,0x8001,0x8001,0x8002,
  0x8001,0x8001,0x8001,0x8066,0x8001,0x8022,0x8002,0x8001,0x95F5,0x8001,0x8002,0x8001,0x8001,0x8001,0x8001,0x8001,
  0x8001,0x8001,0x8001,0x8001,0x8087,0x8002,0x8001,0x8001,0x8001,0x8001,0x8001,0x8002,0x8002,0x8001,0x8001,0x8001,
  0x8001,0x8001,0x8001,0x8001,0x8001,0x8001,0x8001,0x8001,0x8001,0x8001,0x8001,0x8842,0x8001,0x8022,0x8022,0x8022,
  0x8842,0x8442,0xA4C4,0x8442,0x8C62,0x8022,0x8422,0x8002,0x8022,0x8001,0x8022,0x8001,0x8001,0x8001,0x8001,0x8002,
  0x8002,0x8023,0x8002,0x8002,0x8001,0x8002,0x8002,0x8001,0x8002,0x8001,0x8002,0x8022,0x8002,0x8002,0x8001,0x8022,
  0x8022,0x8022,0x8022,0x8442,0x8001,0x8022,0x8022,0x8022,0x8022,0x8002,0x8002,0x8001,0x8001,0x8001,0x8001,0x8023,
  0x8001,0x8001,0x8023,0x8022,0x8002,0x8022,0x8045,0x8022,0x8001,0x8023,0x8022,0x8001,0x8002,0x8022,0x8023,0x8001,
  0x8001,0x8001,0x8023,0x8001,0x8001,0x8001,0x8001,0x8001,0x8023,0x8023,0x8024,0x8022,0x8067,0x8022,0x8045,0x8001,
  0x8023,0x8066,0x8001,0x8002,0x8001,0x8002,0x8024,0x8001,0x8024,0x8001,0x8022,0x8045,0x8002,0x8022,0x8045,0x8022,
  0x80AA,0x8001,0x8067,0x8023,0x8044,0x8000,0x8023,0x8046,0x8044,0x8022,0x8088,0x8067,0x8067,0x88ED,0x84A9,0x9DD4,
  0x84CC,0x8488,0x99D6,0x8067,0x8067,0x8023,0x8002,0x8488,0x8488,0x84AB,0x84AB,0x8CED,0x8066,0x8045,0x8CCC,0x848A,
  0x8CEE,0x88CB,0x9219,0x84CC,0x8067,0x950E,0x8003,0x88A8,0x8045,0x8023,0x8466,0x8002,0x8045,0x8001,0x8002,0x8045,
  0x8001,0x8002,0x8888,0x8024,0x8022,0x8044,0x8023,0x8023,0x8002,0x8024,0x8023,0x8001,0x8044,0x8002,0x8022,0x8001,
  0x8022,0x8001,0x8001,0x8002,0x8002,0x8022,0x8002,0x8001,0x8023,0x8001,0x8022,0x8044,0x8002,0x8023,0x8024,0x8002,
  0x8001,0x8001,0x8001,0x8001,0x8001,0x8001,0x8001,0x8001,0x8001,0x8001,0x8001,0x8001,0x8001,0x8001,0x8001,0x8002,
  0x8002,0x8002,0x8002,0x8002,0x8001,0x8001,0x8001,0x8001,0x8002,0x8001,0x8001,0x8089,0x8001,0x8001,0x8001,0x8001,
  0x8001,0x8001,0x8001,0x8001,0x8001,0x8001,0x8001,0x8001,0x8001,0x8002,0x8001,0x8044,0x8002,0x8001,0x8001,0x8001,
  0x8001,0x8001,0x8001,0x8001,0x8001,0x8001,0x8001,0x8001,0x8001,0x8002,0x8001,0x8422,0x8001,0x8022,0x8001,0x8002,
  0x8002,0x8002,0x8002,0x8002,0x8001,0x8001,0xA0C5,0x8001,0x8002,0x8001,0x8022,0x8001,0x8001,0x8022,0x8002,0x8001,
  0x8001,0x8001,0x8001,0x8001,0x8001,0x8001,0x8001,0x8001,0x8001,0x8001,0x8000,0x8001,0x8001,0x8023,0x8045,0x8001,
  0x8001,0x8024,0x8002,0x8001,0x8001,0x8001,0x8001,0x8002,0x8002,0x8022,0x8001,0x8001,0x8001,0x8001,0x8001,0x8001,
  0x8001,0x8001,0x8022,0x8022,0x8422,0x8422,0x8842,0x8C42,0xFFD7,0x9063,0x8843,0x8422,0x8022,0x8021,0x8001,0x8002,
  0x8001,0x8002,0x8002,0x8001,0x8001,0x8001,0x8001,0x8001,0x8002,0x8001,0x8001,0x8002,0x8002,0x8001,0x8001,0x8001,
  0x8022,0x8002,0x8001,0x8001,0x8443,0x8022,0x8001,0x8022,0x8022,0x8422,0x8022,0x8022,0x8002,0x8022,0x8001,0x8886,
  0x8001,0x8001,0x8001,0x8002,0x8023,0x8001,0x8002,0x8001,0x8023,0x8002,0x8001,0x8023,0x8001,0x8022,0x8001,0x8002,
  0x8001,0x8001,0x8023,0x8002,0x8001,0x8067,0x8022,0x8001,0x8001,0x8001,0x8001,0x8001,0x80ED,0x8001,0x8002,0x8023,
  0x8024,0x8045,0x8023,0x8067,0x8001,0x8023,0x8045,0x8001,0x8023,0x8001,0x8022,0x8002,0x8001,0x8002,0x8001,0x8022,
  0x8001,0x8487,0x8024,0x8023,0x8068,0x8067,0x8001,0x8046,0x8023,0x8068,0x8001,0x8001,0x8001,0x8002,0x8067,0x8489,
  0x8022,0x8068,0x8067,0x8046,0x9993,0x8488,0x8D0F,0x9991,0x80AA,0x8046,0x8024,0x8025,0x8067,0x8067,0x8047,0xAD6E,
  0x8467,0x90CB,0x8488,0x8022,0x8046,0x88AB,0x8CCD,0x88AC,0x88EC,0x8CCB,0x88AA,0x8046,0x8467,0x8446,0x8001,0x8887,
  0x8045,0x8023,0x8001,0x8023,0x8001,0x8000,0x8001,0x8001,0x8001,0x8002,0x8002,0x8002,0x8001,0x8001,0x8002,0x88CC,
  0x88A9,0x8001,0x8001,0x8022,0x8001,0x8001,0x8001,0x8001,0x8001,0x8001,0x8001,0x8022,0x8001,0x8023,0x8001,0x8022,
  0x8002,0x8001,0x8001,0x8002,0x8001,0x8001,0x8001,0x8001,0x8001,0x8001,0x8001,0x8022,0x8001,0x8022,0x8022,0x8001,
  0x8001,0x8001,0x8044,0x8001,0x8023,0x8001,0x8002,0x8023,0x8002,0x8001,0x8001,0x8023,0x8001,0x8001,0x8089,0x8001,
  0x8001,0x8002,0x8001,0x8023,0x8001,0x8001,0x8001,0x8002,0x8022,0x8001,0x8001,0x8022,0x8001,0x8001,0x8001,0x8001,
  0x8023,0x8001,0x8001,0x8022,0x8001,0x8001,0x8001,0x8001,0x8001,0x8001,0x8001,0x8022,0x8001,0x8001,0x8001,0x8443,
  0x8002,0x8002,0x8001,0x8842,0x8022,0x8001,0x8022,0x8001,0x8002,0x8002,0x8001,0x8022,0x8001,0x8001,0x8002,0x8001,
  0x8044,0x8001,0x8001,0x8001,0x8001,0x8001,0x8024,0x8001,0x8002,0x8001,0x8001,0x8001,0x8001,0x8001,0x8001,0x8001,
  0x8002,0x8001,0x8024,0x8001,0x8001,0x8001,0x8001,0x8001,0x8001,0x8002,0x8001,0x8001,0x8001,0x8001,0x8001,0x8001,
  0x8002,0x8001,0x8001,0x8001,0x8001,0x8001,0x8001,0x8842,0x8021,0x8422,0x8C43,0x9042,0x9883,0xFAEE,0xFFFF,0xFAEF,
  0x9C84,0x9063,0x8022,0x8C62,0x8022,0x8001,0x8843,0x8002,0x8001,0x8001,0x8001,0x8023,0x8001,0x8001,0x8001,0x8022,
  0x8001,0x8001,0x8001,0x8001,0x8002,0x8001,0x8023,0x8002,0x8001,0x8002,0x8001,0x8001,0x8022,0x8001,0x8022,0x8002,
  0x8002,0x8002,0x8002,0x8002,0x8002,0x8001,0x8001,0x8001,0x8001,0x8023,0x8001,0x8023,0x8022,0x8001,0x8001,0x8067,
  0x8046,0x8001,0x8044,0x8001,0x8024,0x8001,0x8001,0x8023,0x8001,0x8046,0x8045,0x8001,0x8001,0x8023,0x8023,0x8024,
  0x8001,0x8022,0x8001,0x8001,0x8024,0x8024,0x8002,0x8046,0x8045,0x8002,0x8045,0x8046,0x8000,0x8001,0x8001,0x8001,
  0x8024,0x8002,0x8002,0x8002,0x80CC,0x8001,0x8066,0x8002,0x8089,0x8068,0x8044,0x952F,0x8045,0x8002,0x910E,0x8022,
  0x8024,0x8022,0x8022,0x8022,0x8024,0x84AA,0x8044,0x8067,0x8001,0x8067,0x8046,0x8D30,0x84CB,0x9593,0x8024,0x8023,
  0x954F,0x8022,0x8467,0x8488,0x8024,0x88AA,0x8467,0x8466,0x8467,0x8024,0x8CAA,0x8445,0x88AB,0x8466,0x9172,0x8887,
  0x8045,0x94CB,0x8003,0x8887,0x8023,0x8866,0x8002,0x8002,0x8024,0x8001,0x8023,0x8023,0x8001,0x8001,0x8002,0x8066,
  0x8001,0x8001,0x8067,0x8024,0x8001,0x8001,0x8001,0x8023,0x8023,0x8001,0x8001,0x8001,0x8001,0x8022,0x8001,0x8001,
  0x8001,0x8001,0x8001,0x8025,0x8001,0x8001,0x8001,0x8001,0x8001,0x8044,0x8023,0x8001,0x8001,0x8001,0x8001,0x8001,
  0x8001,0x80A9,0x8023,0x8022,0x8001,0x8001,0x8002,0x8001,0x8001,0x8022,0x8001,0x8023,0x8001,0x8024,0x8002,0x8002,
  0x8022,0x8001,0x8001,0x8001,0x8001,0x8023,0x8001,0x8001,0x8023,0x8001,0x8002,0x8001,0x8001,0x8002,0x8001,0x8001,
  0x8001,0x8002,0x8002,0x8001,0x8001,0x8001,0x8001,0x8001,0x8001,0x8001,0x8001,0x8001,0x8001,0x8022,0x8001,0x8001,
  0x8001,0x8001,0x8422,0x8422,0x8002,0x8001,0x8422,0x8002,0x8422,0x8842,0x8022,0x8422,0x8001,0x8022,0x8022,0x8022,
  0x8022,0x8002,0x8001,0x8002,0x8001,0x8001,0x8001,0x8001,0x8001,0x8001,0x8001,0x8002,0x8002,0x8002,0x8002,0x8023,
  0x8001,0x8002,0x8001,0x8001,0x8001,0x8001,0x8001,0x8002,0x8001,0x8001,0x8001,0x8045,0x8001,0x8001,0x8001,0x8001,
  0x8002,0x8022,0x8001,0x8001,0x8001,0x8001,0x8C66,0x8001,0x8001,0x8001,0x8001,0x8001,0x8001,0x8001,0x8022,0x8022,
  0x8442,0x8442,0x8442,0x8C63,0xFFD8,0x8842,0x8422,0x8842,0x8022,0x8022,0x8002,0x8002,0x8002,0x8001,0x8001,0x8001,
  0x8001,0x8001,0x8001,0x8001,0x8001,0x8002,0x8001,0x8001,0x8001,0x8001,0x8001,0x8002,0x8001,0x8001,0x8002,0x8001,
  0x8001,0x8023,0x8001,0x8022,0x8001,0x9063,0x8001,0x8022,0x8022,0x8022,0x8001,0x8023,0x8022,0x8022,0x8023,0x8001,
  0x8046,0x8001,0x8022,0x8024,0x8023,0x8001,0x8001,0x8001,0x8002,0x8022,0x8001,0x8024,0x8001,0x8045,0x8002,0x8001,
  0x8002,0x8024,0x8023,0x8022,0x8001,0x8022,0x8001,0x8001,0x8001,0x8023,0x8022,0x8066,0x8046,0x8023,0x8001,0x8045,
  0x8002,0x8045,0x8044,0x8001,0x8045,0x8001,0x8022,0x8022,0x8022,0x8001,0x8002,0x8001,0x8022,0x8046,0x84AB,0x8022,
  0x8068,0x8045,0x8067,0x8023,0x80A9,0x8023,0x8001,0x8001,0x8022,0x88EE,0x8045,0x8003,0x8089,0x8067,0x8045,0x88CB,
  0x8046,0x84CB,0x9172,0x8067,0x80AA,0x8022,0x8023,0x8045,0x8D0D,0x8488,0x8488,0x8467,0xE628,0x8888,0x98EB,0x88AA,
  0x8022,0x8467,0x8022,0x88AA,0x8488,0x8024,0x90C9,0x8044,0x8002,0x8024,0x88AA,0x8024,0x8001,0x8001,0x8001,0x8001,
  0x8001,0x8002,0x8023,0x8001,0x8001,0x8024,0x8002,0x8001,0x8045,0x8001,0x8001,0x8001,0x8001,0x8001,0x8024,0x8001,
  0x8001,0x8001,0x8002,0x8022,0x8001,0x8001,0x8001,0x8001,0x8002,0x8001,0x8022,0x8001,0x8002,0x8022,0x8001,0x8001,
  0x8001,0x8002,0x8002,0x8001,0x8002,0x8001,0x8001,0x8001,0x8001,0x8001,0x8001,0x8002,0x8002,0x8001,0x8001,0x8001,
  0x8022,0x8001,0x8022,0x8067,0x8002,0x8023,0x8022,0x8022,0x8001,0x8002,0x8001,0x8001,0x8001,0x8001,0x8001,0x8002,
  0x8001,0x8001,0x8001,0x8001,0x8001,0x8022,0x8001,0x8023,0x8002,0x8002,0x8001,0x8001,0x8001,0x8001,0x8001,0x8001,
  0x8001,0x8001,0x8001,0x8001,0x8001,0x8001,0x8001,0x8001,0x8002,0x8002,0x8002,0x8002,0x8001,0x8422,0x8022,0xA4A3,
  0x8442,0x8022,0x8442,0x8022,0x8022,0x8001,0x8001,0x8002,0x8001,0x8022,0x8001,0x8001,0x8001,0x8001,0x8001,0x8001,
  0x8002,0x8001,0x8022,0x8023,0x8022,0x8001,0x8001,0x8001,0x8001,0x8002,0x8001,0x8001,0x8001,0x8001,0x8023,0x8001,
  0x8001,0x8022,0x8001,0x8001,0x8045,0x8022,0x8002,0x8002,0x8001,0x8001,0x8001,0x8001,0x8001,0x8024,0x8001,0x8001,
  0x8001,0x8001,0x8001,0x8002,0x8001,0x8022,0x8422,0x8422,0x9483,0x8842,0xBD25,0x8442,0x8842,0x8022,0x8022,0x8002,
  0x8001,0x8001,0x8001,0x8001,0x8001,0x8001,0x8001,0x8001,0x8001,0x8001,0x8001,0x8001,0x8001,0x8001,0x8023,0x8002,
  0x8002,0x8001,0x8001,0x8001,0x8001,0x8002,0x8001,0x8024,0x8001,0x8022,0x8002,0x8001,0x8001,0x8001,0x8001,0x8002,
  0x8001,0x8023,0x8001,0x8001,0x8001,0x8001,0x8023,0x8002,0x8023,0x8002,0x8002,0x8002,0x8001,0x8001,0x8001,0x8001,
  0x8001,0x8088,0x8023,0x8002,0x8001,0x8001,0x8002,0x8022,0x8044,0x8001,0x8023,0x8001,0x8001,0x8046,0x8023,0x8001,
  0x8022,0x8023,0x8000,0xA2FB,0x8045,0x8001,0x8023,0x8001,0x8001,0x8001,0x8024,0x8023,0x8002,0x8001,0x8001,0x8002,
  0x8002,0x8024,0x9DD3,0x8023,0x8067,0x8067,0x8046,0x88EF,0x8089,0x8024,0x8023,0x8045,0x8001,0x8002,0x8002,0x8024,
  0x8024,0x8067,0x8046,0x88CB,0x8002,0x9971,0x80AA,0x8068,0x8D50,0x8068,0x8024,0x8489,0x84A9,0x8066,0x8089,0x90EB,
  0x950C,0x88A8,0x90EB,0x90C9,0x8467,0x8023,0x8024,0x8024,0x8023,0x8044,0x8467,0x8889,0x8022,0x8044,0x8045,0x8002,
  0xBDEE,0x8000,0x8022,0x8001,0x8023,0x8001,0x8001,0x8002,0x8024,0x8001,0x8044,0x8001,0x8002,0x8023,0x8002,0x8023,
  0x8001,0x8023,0x8022,0x8001,0x8001,0x8001,0x8001,0x8001,0x8002,0x8001,0x8001,0x8001,0x8001,0x8001,0x8023,0x8022,
  0x8001,0x8002,0x8001,0x8002,0x8001,0x8001,0x8001,0x8001,0x8001,0x8001,0x8001,0x8001,0x8001,0x8022,0x8001,0x8001,
  0x8001,0x8001,0x8001,0x8001,0x8001,0x8001,0x8002,0x8023,0x8023,0x85D6,0x8001,0x8023,0x8022,0x8001,0x8001,0x8001,
  0x8001,0x8001,0x8001,0x8001,0x8001,0x8001,0x8001,0x8001,0x8001,0x8001,0x8001,0x8001,0x8001,0x8022,0x8022,0x8001,
  0x8001,0x8001,0x8001,0x8001,0x8001,0x8001,0x8001,0x8001,0x8001,0x8001,0x8001,0x8001,0x8001,0x8001,0x8001,0x8001,
  0x8022,0x8002,0x8422,0x8422,0x8C63,0xEE03,0x8442,0x8442,0x8001,0x8002,0x8022,0x8022,0x8002,0x8001,0x8001,0x8001,
  0x8001,0x8001,0x8023,0x8001,0x8001,0x8001,0x8001,0x8001,0x8022,0x8001,0x8001,0x8022,0x8001,0x8001,0x8001,0x8001,
  0x8001,0x8001,0x8001,0x8002,0x8001,0x8023,0x8001,0x8001,0x8045,0x8001,0x8001,0x8001,0x8001,0x8001,0x8001,0x8002,
  0x8001,0x8001,0x8001,0x8002,0x8001,0x8001,0x8001,0x8001,0x8842,0x8002,0x8002,0x8022,0x8022,0x8422,0x8422,0x8422,
  0x9062,0x8842,0x8022,0x8422,0x8022,0x8001,0x8001,0x8422,0x8022,0x8001,0x8001,0x8001,0x8001,0x8001,0x8001,0x8001,
  0x8001,0x8002,0x8001,0x8001,0x8002,0x8001,0x8001,0x8001,0x8001,0x8001,0x8001,0x8001,0x8002,0x8001,0x8023,0x8001,
  0x8001,0x8023,0x8001,0x8001,0x8001,0x8001,0x8001,0x8024,0x8002,0x8002,0x8001,0x8024,0x8001,0x8023,0x8001,0x8022,
  0x8022,0x8001,0x8001,0x8001,0x9D2C,0x8002,0x8001,0x8023,0x8001,0x8001,0x8023,0x8001,0x8001,0x8002,0x8001,0x8002,
  0x8001,0x8044,0x8002,0x8C85,0x8000,0x88AA,0x8001,0x8045,0x8045,0x8023,0x8002,0x8047,0x8001,0x8024,0x8001,0x8024,
  0x8001,0x8001,0x8001,0x8023,0x8023,0x8002,0x8002,0x890F,0x8044,0x8045,0x8067,0x8023,0x84CC,0x84AA,0x8089,0x8068,
  0x8001,0x8046,0x8024,0x8024,0x84A9,0x8024,0x8044,0x8000,0x8089,0x8045,0x84AB,0x8489,0xB5AE,0x8003,0x8046,0x8045,
  0x88AA,0xBD6B,0x88CA,0x8466,0x9D4F,0x8CEC,0x8088,0xBD89,0x8887,0x8445,0x8001,0x8888,0x8000,0x8467,0x8467,0x8001,
  0x8465,0x8001,0x8024,0x8046,0x8002,0x8024,0x8000,0x8022,0x8045,0x8001,0xA12C,0x8001,0x8022,0x8002,0x8001,0x8001,
  0x8022,0x8001,0x8023,0x8001,0x8001,0x8001,0x8022,0x8022,0x8001,0x8001,0x8001,0x8001,0x8001,0x8001,0x8002,0x8001,
  0x8001,0x8001,0x8001,0x8001,0x8001,0x8001,0x8001,0x8001,0x8001,0x8001,0x8002,0xA54F,0x8445,0x8001,0x8001,0x8001,
  0x8002,0x8001,0x8001,0x8045,0x8023,0x8022,0x8002,0x8002,0x8002,0x8024,0x8022,0x8001,0x8025,0x8024,0x81F7,0xE7DF,
  0x8152,0x808A,0x8044,0x8023,0x8001,0x8023,0x8001,0x8022,0x8067,0x8002,0x8001,0x8002,0x8001,0x8001,0x8001,0x8001,
  0x8001,0x8002,0x8023,0xA6F8,0x8022,0x8001,0x8001,0x8001,0x8001,0x8001,0x8001,0x8001,0x8001,0x8022,0x8002,0x8022,
  0x8022,0x8001,0x8422,0x8021,0x8422,0x8022,0x8002,0x8442,0x8442,0x9063,0xDDA3,0xFBBC,0xE5C3,0x8C63,0x8842,0x8422,
  0x8422,0x8022,0x8843,0x8022,0x8001,0x8001,0x8023,0x8001,0x8001,0x8444,0x8001,0x8022,0x8022,0x8002,0x8001,0x8001,
  0x8002,0x8023,0x8001,0x8002,0x8002,0x8001,0x8044,0x8001,0x8001,0x8023,0x8001,0x8001,0x8022,0x8001,0x8001,0x8002,
  0x8001,0x8001,0x8023,0x8002,0x8001,0x8001,0x8001,0x8001,0x8001,0x8001,0x9862,0x8001,0x8001,0x8001,0x8842,0x8022,
  0x8022,0x8022,0x8842,0x8843,0x8022,0x8442,0xA8C3,0x8022,0x8022,0x8022,0x8422,0x8001,0x8022,0x8001,0x8002,0x8001,
  0x8001,0x8002,0x8001,0x8001,0x8001,0x8002,0x8002,0x8001,0x8022,0x8001,0x8001,0x8001,0x8001,0x8001,0x8002,0x8001,
  0x81B5,0x8002,0x8002,0x8002,0x8001,0x8001,0x8002,0x8001,0x8001,0x8001,0x8001,0x8002,0x8002,0x8001,0x8001,0x8022,
  0x8023,0x8001,0x8045,0x8001,0x8023,0x8001,0x8002,0x8002,0x8002,0x8022,0x8022,0x8022,0x8001,0x8001,0x8001,0x8002,
  0x8001,0x8022,0x8022,0x8001,0x8023,0x8002,0x8001,0x8045,0x8001,0x8022,0x8001,0x8067,0x8067,0x8044,0x8044,0x8044,
  0x8045,0x8022,0x8002,0x8001,0x8044,0x8002,0x8001,0x8001,0x8044,0x8023,0x8002,0x8024,0x8046,0x8088,0x8023,0x84CB,
  0x8024,0x80AB,0x80AA,0x8066,0x912F,0x8044,0x8045,0x80AA,0x8068,0x8024,0x8045,0x8067,0x8488,0x8024,0x8D50,0x8024,
  0x90EA,0x9550,0x8088,0x84A9,0x8487,0x8466,0x94EC,0x8488,0x8CA8,0x9D6F,0xB129,0x8489,0x8CCA,0x88A9,0x90C8,0xC147,
  0x8044,0x8023,0x8001,0x8022,0x8446,0x8446,0x8000,0x8024,0x8C88,0x8023,0x8467,0x8022,0x8001,0x8487,0x8001,0x8022,
  0x8022,0x8024,0x8001,0x8001,0x8001,0x8002,0x8002,0x8002,0x8001,0x8001,0x8001,0x8001,0x8001,0x8001,0x8001,0x8001,
  0x8045,0x8001,0x8001,0x8001,0x8001,0x8023,0x8002,0x8001,0x8001,0x8022,0x8001,0x8001,0x8001,0x8001,0x8001,0x8002,
  0x8002,0x8001,0x8001,0x8001,0x8001,0x8001,0x8001,0x8001,0x8001,0x8001,0x8002,0x8002,0x8001,0x8001,0x8001,0x8001,
  0x8001,0x8002,0x8002,0x8023,0x8022,0x8151,0x8002,0x8022,0x8002,0x8002,0x8001,0x8001,0x8001,0x8001,0x8001,0x8001,
  0x8001,0x8001,0x8001,0x8002,0x8001,0x8001,0x8001,0x8001,0x8001,0x8022,0x8001,0x8001,0x8001,0x8001,0x8001,0x8001,
  0x8001,0x8001,0x8001,0x8001,0x8001,0x8001,0x8001,0x8001,0x8001,0x8001,0x8001,0x8001,0x8001,0x8022,0x8021,0x8422,
  0x8442,0xD984,0x8442,0x8022,0x8422,0x8022,0x8022,0x8001,0x8001,0x8001,0x8001,0x8001,0x8001,0x8001,0x8002,0x8002,
  0x8001,0x8002,0x8002,0x8002,0x8002,0x8001,0x8001,0x8001,0x8022,0x8001,0x8001,0x8001,0x8001,0x8002,0x8001,0x8001,
  0x8023,0x8001,0x8022,0x8001,0x8002,0x8001,0x8022,0x8002,0x8022,0x8002,0x8001,0x8001,0x8001,0x8001,0x8002,0x8001,
  0x8001,0x8001,0x8001,0x8065,0x8002,0x8002,0x8001,0x8022,0x8021,0x8001,0x8001,0x8422,0x8022,0x8022,0x8022,0x8022,
  0x8022,0x8022,0x8001,0x8002,0x8022,0x8002,0x8001,0x8001,0x8001,0x8001,0x8023,0x8023,0x8001,0x8001,0x8001,0x8002,
  0x8001,0x8023,0x8002,0x8001,0x8001,0x8001,0x8001,0x8001,0x8001,0x8001,0x8001,0x8001,0x8001,0x8001,0x8001,0x8001,
  0x8001,0x8001,0x8001,0x8045,0x8001,0x8023,0x8023,0x8001,0x8022,0x8001,0x8001,0x8001,0x8001,0x8001,0x8001,0x8001,
  0x8001,0x8001,0x8001,0x8001,0x8023,0x8044,0x8001,0x8001,0x8002,0x8002,0x8001,0x8002,0x8023,0x8001,0x8023,0x8001,
  0x8045,0x8001,0x8023,0x8023,0x8002,0x8424,0x8001,0x8001,0x8001,0x8001,0x8045,0x8002,0x8001,0x8066,0x8002,0x8001,
  0x8002,0x8001,0x90C9,0x8002,0x8044,0x8088,0x8067,0x8067,0xA216,0x8025,0x84AB,0x8047,0x8088,0x914F,0x99B3,0x8045,
  0x8088,0x84CB,0x8046,0x8067,0x8066,0x8CEC,0x90C8,0x84AA,0x84CB,0x8488,0x8087,0x8CEB,0x88AB,0xB58B,0xE64A,0x8CEB,
  0x8CA8,0x94E9,0x8466,0x8887,0x8866,0x8466,0x8022,0x8024,0x8001,0x8023,0x8002,0x8022,0x8024,0x8024,0x8045,0x8002,
  0x8002,0x8003,0x9D0B,0x8002,0x8002,0x8001,0x8001,0x8002,0x8002,0x8001,0x8001,0x8001,0x8001,0x8001,0x8001,0x8001,
  0x8001,0x8001,0x8001,0x8001,0x8002,0x8001,0x8001,0x8001,0x8022,0x8002,0x8001,0x8045,0x8001,0x8002,0x8001,0x8002,
  0x8001,0x8001,0x8001,0x8001,0x8001,0x8001,0x8001,0x8001,0x8001,0x8001,0x8001,0x8001,0x8001,0x8001,0x8001,0x8023,
  0x8002,0x8001,0x8002,0x8022,0x8001,0x8001,0x8022,0x8001,0x8023,0x8001,0x8002,0x8066,0x8001,0x8002,0x8023,0x8002,
  0x8002,0x8001,0x8001,0x8001,0x8001,0x8001,0x8002,0x8001,0x8022,0x8001,0x8001,0x8002,0x8002,0x8001,0x8001,0x8001,
  0x8001,0x8001,0x8022,0x8001,0x8001,0x8001,0x8022,0x8001,0x8001,0x8001,0x8001,0x8002,0x8022,0x8002,0x8002,0x8022,
  0x8001,0x8001,0x8001,0x8002,0x8422,0x8022,0x8422,0x9483,0x8022,0x8422,0x8001,0x8022,0x8022,0x8001,0x8001,0x8022,
  0x8001,0x8001,0x8002,0x8001,0x8001,0x8001,0x8002,0x8001,0x8002,0x8001,0x8001,0x8001,0x8001,0x8002,0x8002,0x8002,
  0x8002,0x8000,0x952D,0x8000,0x8488,0x8001,0x8002,0x8002,0x8001,0x8001,0x8001,0x8023,0x8001,0x8001,0x8001,0x8023,
  0x8002,0x8001,0x8001,0x8001,0x8023,0x8001,0x8001,0x8001,0x8001,0x8001,0x8001,0x8001,0x8843,0x8022,0x8002,0x8001,
  0x8022,0x8001,0x8422,0x8022,0x8001,0x8422,0x8002,0x8001,0x8002,0x8001,0x8022,0x8001,0x8001,0x8002,0x825B,0x8002,
  0x8002,0x8001,0x8001,0x8001,0x8001,0x8001,0x8001,0x8002,0x8001,0x8001,0x8001,0x8001,0x8001,0x8001,0x8001,0x8001,
  0x8002,0x8001,0x8001,0x8002,0x8001,0x8002,0x8001,0x8001,0x8002,0x8001,0x8001,0x8022,0x8023,0x8001,0x8001,0x8022,
  0x8023,0x8001,0x8001,0x8022,0x8001,0x8001,0x8001,0x8001,0x8023,0x8001,0x8001,0x8001,0x8001,0x8001,0x8001,0x8002,
  0x8022,0x8023,0x8001,0x8045,0x8001,0x8066,0x8023,0x8045,0x8023,0x8024,0x8045,0x8002,0x8022,0x8022,0x8045,0x8002,
  0x8001,0x8024,0x8024,0x8022,0x8002,0x8001,0x8002,0x8067,0x8044,0x8002,0x8088,0x8089,0x8046,0x88EC,0x8045,0x850F,
  0x8046,0x890F,0x808A,0x8024,0x84AA,0x88CC,0x88CB,0x8089,0x912E,0x8089,0x84CB,0x8067,0x912E,0x84AA,0x914F,0x8046,
  0x8023,0x8CCB,0x8CCB,0xA929,0x8087,0xA908,0x94EB,0x8046,0x90A8,0x8024,0x9D0A,0x8023,0x8002,0x8001,0x8022,0x8001,
  0x8022,0x8002,0xBA55,0x8023,0x8001,0x8024,0x8001,0x8002,0x8066,0x8001,0x8001,0x8023,0x8001,0x8044,0x8001,0x8001,
  0x8001,0x8001,0x8001,0x8001,0x8001,0x8001,0x8001,0x8001,0x8001,0x8001,0x8001,0x8001,0x8001,0x8001,0x8002,0x8002,
  0x8022,0x85D6,0x8001,0x8022,0x8002,0x8002,0x8002,0x8001,0x8001,0x8001,0x8001,0x8001,0x8002,0x8001,0x8001,0x8001,
  0x8001,0x8001,0x8002,0x8001,0x8001,0x8002,0x8001,0x8001,0x8001,0x8022,0x8022,0x8002,0x8023,0x8022,0x8001,0x8022,
  0x8001,0x8044,0x8022,0x8002,0x8001,0x8023,0x8001,0x8023,0x8001,0x8001,0x8001,0x8023,0x8001,0x8002,0x8002,0x8001,
  0x8001,0x8001,0x8001,0x8001,0x8001,0x8001,0x8001,0x8001,0x8001,0x8001,0x8001,0x8001,0x8001,0x8001,0x8001,0x8001,
  0x8022,0x8001,0x8002,0x8002,0x8002,0x8422,0x8001,0x8001,0x8001,0x8422,0x8001,0x8422,0x8022,0x8422,0x8422,0x8021,
  0x8022,0x8022,0x8021,0x8002,0x8022,0x8002,0x8043,0x8001,0x8023,0x8023,0x8001,0x8001,0x8001,0x8001,0x8001,0x8001,
  0x8002,0x8001,0x8001,0x8001,0x8002,0x8002,0x8001,0x8024,0x8001,0x8066,0x8001,0x8022,0xA54D,0x8001,0x8001,0x8023,
  0x8001,0x8001,0x8001,0x8001,0x8001,0x8001,0x8001,0x8002,0x8002,0x8023,0x8001,0x8002,0x8002,0x8001,0x8001,0x8022,
  0x8002,0x8001,0x8001,0x8002,0x8001,0x9063,0x8022,0x8001,0x8043,0x8002,0x8002,0x8001,0x8C63,0x8001,0x8001,0x8022,
  0x8001,0x8001,0x8001,0x8001,0x8002,0x8001,0x8002,0x8001,0x8002,0x8001,0x8022,0x8001,0x8001,0x8001,0x8022,0x8001,
  0x8001,0x8001,0x8002,0x8002,0x8002,0x8002,0x8001,0x8001,0x8002,0x8001,0x8001,0x8001,0x8001,0x8002,0x8001,0x8022,
  0x8001,0x8022,0x8023,0x8001,0x8001,0x8022,0x8001,0x8001,0x8001,0x8001,0x8001,0x8022,0x8001,0x8044,0x8001,0x8001,
  0x8001,0x8002,0x8022,0x8001,0x8002,0x8045,0x8022,0x8001,0x952C,0x8045,0x8002,0x8023,0x8046,0x8002,0x8044,0x8022,
  0x8000,0x8488,0x8023,0x8001,0x8001,0x8002,0x9063,0x8002,0x8001,0x8023,0x8022,0x8023,0x8024,0x8002,0x8002,0x8045,
  0x84ED,0x8066,0x8089,0x8067,0x9150,0x8066,0x890F,0x808A,0x9151,0x88EE,0x8045,0x8068,0x8488,0x80AA,0xAE14,0x8D0D,
  0x84CB,0x84CC,0x80A9,0xA215,0x8024,0x8088,0x8023,0xA52B,0x8045,0x90C9,0x8067,0xA94B,0x8045,0x8887,0x8044,0x8065,
  0x8887,0x8001,0x8024,0x8045,0x8001,0x8467,0x88CA,0x8001,0x8066,0x8002,0x8023,0x8024,0x8002,0x8001,0x8001,0x8002,
  0x8001,0x8023,0x8001,0x8001,0x8001,0x8001,0x8002,0x8002,0x8022,0x8001,0x8002,0x8001,0x8002,0x8002,0x8001,0x8001,
  0x8001,0x8089,0x8022,0x8001,0x8001,0x8044,0x8195,0xD39E,0x812F,0x80AB,0x8044,0x8023,0x8001,0x8023,0x8001,0x8001,
  0x8001,0x8021,0x9D0C,0x8001,0x8001,0x8001,0x8001,0x8001,0x8002,0x8001,0x8001,0x8001,0xA4E3,0xB525,0x8001,0x8002,
  0x8001,0x8002,0x8067,0x8001,0x8023,0x8001,0x8022,0x8002,0x8022,0x8002,0x8001,0x8001,0x8023,0x8001,0x8001,0x8002,
  0x8002,0x8001,0x8001,0x8001,0x8001,0x8001,0x8001,0x8002,0x8001,0x8001,0x8001,0x8001,0x8001,0x8001,0x8001,0x8001,
  0x8001,0x8001,0x8001,0x8001,0x8001,0x8001,0x8002,0x8001,0x8002,0x8001,0x8001,0x8001,0x8002,0x8001,0x94A4,0x8001,
  0x8022,0x8021,0x8001,0x8022,0x8002,0x8022,0x8022,0x8021,0x9063,0x8021,0x8022,0x8001,0x8001,0x8001,0x8001,0x8002,
  0x8002,0x8001,0x8001,0x8001,0x8002,0x8001,0x8001,0x8002,0x8002,0x8001,0x8001,0x8001,0x8001,0x8001,0x8022,0x8001,
  0x8001,0x8045,0x8001,0x8002,0x8001,0x8002,0x8002,0x8001,0x8022,0x8001,0x8023,0x8002,0x8023,0x8002,0x8023,0x8001,
  0x8023,0x8001,0x8022,0x8024,0x8001,0x8023,0x8022,0x8022,0x8001,0x8001,0x8022,0x8001,0x8001,0x8023,0x8001,0x8001,
  0x8002,0x8002,0x8022,0x8001,0x8023,0x9063,0x8002,0x8001,0x8001,0x8001,0x8001,0x8001,0x8002,0x8023,0x8002,0x8023,
  0x8002,0x8001,0x8001,0x8001,0x8023,0x8001,0x8001,0x8001,0x8001,0x8001,0x8002,0x8001,0x8002,0x8001,0x8002,0x8001,
  0x8002,0x8001,0x8001,0x8001,0x8001,0x8001,0x8022,0x8001,0x8001,0x8001,0x8002,0x8001,0x8023,0x8001,0x8001,0x8002,
  0x8023,0x8001,0x8001,0x8044,0x8001,0x8067,0x8001,0x8001,0x8001,0x8022,0x8022,0x8001,0x8044,0x8022,0x8044,0x8023,
  0x8022,0x8066,0x8001,0x8023,0x8023,0x8023,0x8023,0x8001,0x8044,0x8001,0x8023,0x8023,0x8002,0x8066,0x8023,0x8022,
  0x8066,0x8022,0x8022,0x8023,0x8044,0x8002,0x8067,0x80AA,0x8067,0x9172,0x8045,0x8D51,0x80AA,0x8D2F,0x9991,0x8046,
  0x84AB,0x890E,0x88EC,0xA1D3,0x80A9,0x8D2F,0x8D0D,0x84AA,0x88CB,0x8046,0x88EB,0x8023,0x8022,0xA92B,0x8CA9,0x8467,
  0xA52B,0x8046,0x8CA7,0x8024,0x8445,0x8023,0x8023,0x8002,0x8022,0x8046,0x8001,0x8001,0x8046,0x8001,0x8002,0x8022,
  0x8087,0x8001,0x8001,0x8001,0x8022,0x8001,0x8001,0x8023,0x8001,0x8001,0x8022,0x8001,0x8001,0x8001,0x8001,0x8001,
  0x8001,0x8022,0x8002,0x8001,0x8001,0x8001,0x8001,0x8001,0x8001,0x8001,0x8001,0x8001,0x8002,0x8110,0x8001,0x8002,
  0x8002,0x8022,0x8001,0x8001,0x8001,0x8001,0x8001,0x8001,0x8001,0x8001,0x8001,0x8001,0x8001,0x8001,0x8001,0x8001,
  0x8001,0x8001,0x8000,0x8000,0x8001,0x8001,0x8022,0x8002,0x8002,0x8001,0x8001,0x8022,0x8001,0x8023,0x8001,0x8001,
  0x8001,0x8023,0x8022,0x8001,0x8001,0x8022,0x8001,0x8001,0x8044,0x8002,0x8001,0x8001,0x8001,0x8001,0x8001,0x8001,
  0x8001,0x8001,0x8001,0x8001,0x8001,0x8001,0x8001,0x8022,0x8001,0x8022,0x8001,0x8001,0x8002,0x8022,0x8022,0x8001,
  0x8002,0x8843,0x8001,0x8001,0x8001,0x8002,0x8002,0x8022,0x8002,0x8843,0x8022,0x8001,0x8002,0x8002,0x8002,0x8001,
  0x8022,0x8002,0x8023,0x8001,0x8001,0x8023,0x8001,0x8001,0x8022,0x8024,0x8001,0x8002,0x8001,0x8001,0x8866,0x8001,
  0x8001,0x8001,0x8001,0x8002,0x8002,0x8001,0x8001,0x8001,0x8045,0x8001,0x8001,0x8023,0x8001,0x8023,0x8001,0x8023,
  0x8022,0x8001,0x8023,0x8002,0x8002,0x8024,0x8045,0x8001,0x9909,0x8002,0x8002,0x8001,0x8045,0x8001,0x8022,0x8023,
  0x8022,0x8022,0x8001,0x8023,0x8001,0x8001,0x8022,0x8022,0x8023,0x8001,0x8001,0x8044,0x8001,0x8002,0x8002,0x8001,
  0x8002,0x8001,0x8023,0x8023,0x8001,0x8023,0x8001,0x8002,0x8001,0x8002,0x8001,0x8022,0x8001,0x8001,0x8001,0x8001,
  0x8001,0x8002,0x8002,0x8001,0x8001,0x8002,0x8001,0x8001,0x8001,0x8001,0x8001,0x8023,0x8001,0x8001,0x8001,0x8022,
  0x8001,0x8001,0x8001,0x8001,0x8022,0x8001,0x8022,0x8023,0x8002,0x8002,0x8024,0x8001,0x8022,0x8001,0x8045,0x8002,
  0x8022,0x8044,0x8C65,0x8022,0x8001,0x8044,0x8022,0x8022,0x8065,0x8000,0x8001,0x8045,0x8044,0x8002,0x8001,0x8044,
  0x8023,0x8001,0x84C9,0x8002,0x8045,0x8022,0x8000,0x8045,0x8045,0x8023,0x8002,0xA9D1,0x8023,0x8067,0x8088,0x8025,
  0x890E,0x8046,0x8D0E,0xBAB9,0x8089,0x88EC,0x9971,0x8067,0x8D2F,0x9130,0x890D,0x9150,0x8067,0x912E,0x8067,0x8488,
  0x8466,0x8044,0x8001,0x8046,0x8046,0x94A8,0xC547,0x94E9,0x8045,0x8C86,0x8023,0x8866,0x8001,0x8001,0x8023,0x8001,
  0x8022,0x8022,0x8001,0x8024,0x8023,0x8001,0x8001,0x8001,0x8001,0x8023,0x8CCA,0x8002,0x8022,0x8002,0x8001,0x8001,
  0x8001,0x8001,0x8001,0x8001,0x8002,0x8001,0x8001,0x8001,0x8001,0x8001,0x8001,0x8001,0x8001,0x8001,0x8001,0x8001,
  0x8002,0x8002,0x8002,0x8024,0x8001,0x8022,0x8002,0x8022,0x8001,0x8001,0x8001,0x8001,0x8001,0x8001,0x8044,0x8001,
  0x8001,0x8002,0x8002,0x8001,0x8001,0x8001,0x8001,0x8002,0x8001,0x8001,0x8001,0x8022,0x8023,0x8002,0x8001,0x8001,
  0x8002,0x8001,0x8001,0x8022,0x8001,0x8001,0x8001,0x8001,0x8001,0x8001,0x8001,0x8001,0x9638,0x8044,0x8001,0x8001,
  0x8001,0x8001,0x8001,0x8001,0x8001,0x8001,0x8001,0x8001,0x8001,0x8001,0x8002,0x8001,0x8001,0x8022,0x8002,0x8001,
  0x8001,0x8001,0x8001,0x8001,0x8001,0x8001,0x8022,0x8001,0x8002,0x8001,0x8002,0x8001,0x8001,0x8002,0x8002,0x8001,
  0x8001,0x8002,0x8001,0x8001,0x8001,0x8001,0x8001,0x8001,0x8022,0x8001,0x8001,0x8002,0x8001,0x8001,0x8001,0x8001,
  0x8002,0x8002,0x8001,0x8001,0x8001,0x8001,0x8001,0x8001,0x8002,0x8001,0x8045,0x8002,0x8001,0x8001,0x8001,0x8001,
  0x8023,0x8001,0x8001,0x8001,0x8066,0x8023,0x8022,0x8044,0x8002,0x8001,0x8001,0x8024,0x8002,0x8024,0x8001,0x8023,
  0x8001,0x8001,0x8023,0x8001,0x8023,0x8023,0x8002,0x8022,0x8023,0x8002,0x8001,0x8022,0x8023,0x8023,0x8023,0x8023,
  0x8001,0x8001,0x8044,0x8001,0x8023,0x8001,0x8001,0x8001,0x8001,0x8001,0x8001,0x8002,0x8001,0x8001,0x8001,0x8001,
  0x8001,0x8001,0x8001,0x8001,0x8002,0x8002,0x8002,0x8022,0x8001,0x8001,0x8022,0x8001,0x8001,0x8002,0x8001,0x8001,
  0x8001,0x8023,0x8001,0x8002,0x8022,0x8001,0x8022,0x8001,0x8001,0x8001,0x8001,0x8001,0x8001,0x8001,0x8002,0x8022,
  0x8001,0x8001,0x8001,0x8022,0x8001,0x8044,0x8066,0x8023,0x8001,0x8001,0x8022,0x8002,0x8022,0x8066,0x8002,0x8022,
  0x8002,0x8002,0x8001,0x8001,0x8045,0x8002,0x8044,0x8067,0x8002,0x88CA,0x8001,0x8022,0x8023,0x8022,0x8023,0x8067,
  0x8045,0x8023,0x84CC,0x8067,0x80AA,0x8088,0x80A9,0x88CA,0x84CB,0x892F,0x9172,0x9DB2,0x88ED,0x88ED,0x912F,0x8067,
  0x8D0D,0x8067,0x8067,0x8023,0x910D,0x8044,0x950D,0x8023,0x8024,0x8045,0x9CE9,0x8023,0x94C8,0x8024,0x8865,0x8001,
  0x8044,0x8046,0x8022,0x8001,0x94A7,0x8001,0x8001,0x8001,0x8044,0x8002,0x8001,0x8022,0x8001,0x8001,0x8023,0x8023,
  0x8001,0x8001,0x8001,0x8001,0x8001,0x8001,0x8001,0x8001,0x8001,0x8001,0x8024,0x8002,0x8001,0x8001,0x8002,0x8001,
  0x8001,0x8001,0x8001,0x8001,0x8001,0x8001,0x8022,0x8001,0x8002,0x8023,0x8001,0x8001,0x8002,0x8001,0x8023,0x8001,
  0x8002,0x8001,0x8023,0x8001,0x8001,0x8045,0x8044,0x8001,0x8001,0x8001,0x8001,0x8001,0x8001,0x8002,0x8001,0x8001,
  0x8001,0x8001,0x8001,0x8001,0x8001,0x8001,0x8022,0x8001,0x8001,0x8001,0x8001,0x8001,0x8001,0x8001,0x8001,0x8001,
  0x8002,0x8001,0x8000,0x8001,0x8001,0x8001,0x8001,0x8001,0x8001,0x8001,0x8001,0x8001,0x8001,0x8001,0x8001,0x8001,
  0x8043,0x8001,0xDF19,0x8001,0x8001,0x8022,0x8022,0x8001,0x8001,0x8001,0x8001,0x8002,0x8001,0x8001,0x8001,0x8001,
  0x8001,0x8001,0x8001,0x8001,0x8001,0x8002,0x8001,0x8001,0x8443,0x8001,0x8001,0x8001,0x8001,0x8001,0x8001,0x8001,
  0x8001,0x8001,0x8001,0x8001,0x8001,0x8001,0x8001,0x8001,0x8001,0x8001,0x8001,0x8001,0x850C,0x8001,0x8001,0x8002,
  0x8001,0x8001,0x8001,0x8001,0x8001,0x8022,0x8001,0x8044,0x8001,0x8001,0x8002,0x8065,0x8002,0x8002,0x8001,0x8022,
  0x8023,0x8023,0x8023,0x8002,0x8044,0x8000,0x8886,0x8023,0x8002,0x8045,0x8002,0x8022,0x8044,0x8022,0x8001,0x8023,
  0x8023,0x8001,0x8044,0x8022,0x8001,0x8023,0x8001,0x8023,0x8001,0x8023,0x8001,0x8001,0x8001,0x8001,0x8001,0x8001,
  0x8001,0x8023,0x8001,0x8002,0x8002,0x8023,0x8001,0x8001,0x8001,0x8001,0x8001,0x8002,0x8002,0x8002,0x8002,0x8021,
  0xF6E9,0x8022,0x8001,0x8001,0x8001,0x8001,0x8001,0x8001,0x8022,0x8022,0x8001,0x8001,0x8002,0x8001,0x8001,0x8001,
  0x8001,0x8001,0x8001,0x8001,0x8002,0x8001,0x8002,0x8001,0x8DB1,0x8002,0x8045,0x8002,0x8022,0x8002,0x8001,0x8044,
  0x8022,0x8023,0x8023,0x8024,0x8002,0x8001,0x8023,0x8002,0x8022,0x8001,0x8045,0x8022,0x90EB,0x8023,0x8023,0x8001,
  0x8045,0x8466,0x8023,0x8487,0x88CA,0x8024,0x8023,0x8045,0x8002,0x84A9,0x8067,0x9571,0x8067,0x890F,0x8067,0x9D6F,
  0x8089,0x912F,0x84AA,0x88ED,0x8089,0x84AA,0x94C9,0x88A7,0x8045,0x88A9,0x8025,0x950C,0x8024,0x8066,0x8487,0x8044,
  0x8023,0x8466,0x8023,0x8466,0x8001,0x8444,0x8465,0x8022,0x8022,0x8001,0x8001,0x8022,0x8022,0x8045,0x8023,0x8001,
  0x8066,0x8066,0x8001,0x8001,0x8022,0x8002,0x8002,0x8001,0x8001,0x8001,0x8001,0x8001,0x8022,0x8023,0x8022,0x8001,
  0x8001,0x8001,0x8022,0x8001,0x8002,0x8002,0x8001,0x8001,0x8001,0x8087,0x8001,0x8044,0x8002,0x8001,0x8001,0x8002,
  0x8002,0x8002,0x8001,0x8001,0x8002,0x8001,0x8001,0x8001,0x8002,0x8002,0x8001,0x8001,0x8001,0x8001,0x8001,0x8001,
  0x8001,0x8001,0x8001,0x8002,0x8001,0x8001,0x8001,0x8001,0x8001,0x8001,0x8465,0x8001,0x8001,0x8001,0x8001,0x8002,
  0x8002,0x8001,0x8001,0x8001,0x8023,0x8001,0x8001,0x8002,0x8001,0x8001,0x8001,0x8001,0x8001,0x8001,0x8001,0x8001,
  0x8001,0x8001,0x8001,0x8001,0x8001,0x8001,0x8001,0x8001,0x8000,0x8001,0x8001,0x8001,0x8001,0x8001,0x8001,0x8001,
  0x8001,0x8001,0x8001,0x8001,0x8001,0x8001,0x8001,0x8001,0x8022,0x8022,0x8001,0x8422,0x8001,0x8001,0x8443,0x8001,
  0x8001,0x8022,0x8001,0x8044,0x8001,0x8001,0x8001,0x8001,0x8001,0x8001,0x8001,0x8001,0x8022,0x8002,0x8001,0x8001,
  0x8001,0x8001,0x8002,0x8022,0x8002,0x8022,0x8045,0x8022,0x8001,0x8001,0x8023,0x8001,0x8001,0x8022,0x8022,0x8001,
  0x8001,0x8001,0x8001,0x8001,0x8002,0x8023,0x8022,0x8002,0x8001,0x8023,0x8022,0x8022,0x8023,0x8022,0x8002,0x8024,
  0x8087,0x8065,0x8022,0x8022,0x8023,0x8001,0x8023,0x8023,0x8001,0x8024,0x8002,0x8001,0x8023,0x8001,0x8023,0x8002,
  0x8023,0x8002,0x8001,0x8001,0x8022,0x8001,0x8001,0x8444,0x8001,0x8022,0x8001,0x8023,0x8022,0x8001,0x8001,0x8023,
  0x8022,0x8001,0x8001,0x8001,0x8001,0x8021,0x9021,0x8022,0x8001,0x8001,0x8001,0x8001,0x8002,0x8002,0x8002,0x8001,
  0x8002,0x8001,0x8001,0x8002,0x8001,0x8022,0x8002,0x8001,0x8022,0x8001,0x8045,0x8023,0x8002,0x8044,0x8002,0x8002,
  0x8001,0x8022,0x8023,0x8002,0x8001,0x8002,0x8045,0x8002,0x84A7,0x8002,0x8001,0x8023,0x8023,0x8022,0x8002,0x8045,
  0x8466,0x8023,0x8024,0x8024,0x84A8,0x8000,0x8045,0x8024,0x8023,0x8023,0x8025,0x8488,0x8045,0x8024,0x8067,0x8047,
  0x84AA,0xA1F5,0x88CB,0x84CC,0x890E,0x88CB,0x9550,0x8067,0x88EC,0x8025,0x8D0C,0x8024,0x910D,0x8024,0x88A9,0x8025,
  0xA14D,0x8467,0x8024,0x9D2C,0x8445,0x8065,0x8022,0x8066,0x8044,0x8466,0x8024,0x8CA8,0x8001,0x8465,0x8001,0x8001,
  0x8002,0x8001,0x8045,0x8002,0x8001,0x8002,0x8000,0x8001,0x8001,0x8002,0x8022,0x8022,0x8001,0x8001,0x8001,0x8001,
  0x8023,0x8002,0x8022,0x8002,0x8001,0x8001,0x8044,0x8001,0x8002,0x8001,0x8023,0x8001,0x8001,0x8001,0x8001,0x8002,
  0x8001,0x8001,0x8023,0x8001,0x8001,0x8023,0x8001,0x8001,0x8001,0x8001,0x8001,0x8001,0x8001,0x8023,0x8001,0x8001,
  0x8001,0x8001,0x8001,0x8001,0x8001,0x8001,0x8001,0x8001,0x8001,0x8001,0x8001,0x8002,0x8001,0x8001,0x8001,0x8001,
  0x8001,0x8022,0x8001,0x8001,0x8001,0x8024,0x8001,0x8001,0x8001,0x8001,0x8001,0x8001,0x8022,0x8022,0x8001,0x8001,
  0x8001,0x8001,0x8001,0x8001,0x8001,0x8001,0x8001,0x8001,0x8001,0x8001,0x8001,0x8001,0x8001,0x8001,0x8001,0x8001,
  0x8002,0x8001,0x8002,0x8023,0x8002,0x8022,0x8023,0x8022,0x8002,0x8001,0x8864,0x8022,0x8022,0x8001,0x8022,0x8422,
  0x8001,0x8002,0x8002,0x8065,0x8001,0x8022,0x8022,0x8022,0x8023,0x8024,0x8022,0x8001,0x8001,0x8001,0x8001,0x8001,
  0x8001,0x8001,0x8001,0x8001,0x8001,0x8001,0x8001,0x8022,0x8022,0x8023,0x8001,0x8000,0x808A,0x8023,0x8044,0x8001,
  0x8001,0x8001,0x8002,0x8002,0x8152,0x8001,0x8001,0x8002,0x8001,0x8002,0x8044,0x8002,0x8022,0x8023,0x8001,0x8002,
  0x8466,0x8044,0x8024,0x8022,0x8024,0x8044,0x8001,0x8022,0x8023,0x8044,0x8022,0x8001,0x8488,0x8001,0x8024,0x8001,
  0x8045,0x8001,0x8001,0x8023,0x8002,0x8022,0x8023,0x8001,0x8044,0x8002,0x8045,0x8023,0x8002,0x8001,0x8023,0x8001,
  0x8001,0x8002,0x8001,0x8001,0x8001,0x8001,0x8001,0x8001,0x8001,0x8001,0x8001,0x8001,0x8001,0x8001,0x8001,0x8001,
  0x8001,0x8001,0x8023,0x8001,0x8001,0x8001,0x8001,0x8001,0x8023,0x8001,0x8001,0x8002,0x8022,0x8002,0x8001,0x8001,
  0x8002,0x8022,0x8044,0x8023,0x8022,0x8002,0x8023,0x8002,0x8002,0x8023,0x8065,0x8001,0x90C9,0x8022,0x8044,0x8022,
  0x8023,0x8001,0x8001,0x8045,0x8066,0x8023,0x8067,0x8087,0x8088,0x8088,0x8067,0x8022,0x8067,0x8022,0x8066,0x8488,
  0x88CA,0x8023,0x8045,0x8045,0x8024,0x8067,0x84AA,0x8025,0x8D50,0x8068,0x80AB,0x9151,0x88ED,0x8089,0x8003,0x8067,
  0x912E,0x8065,0x8003,0x88AA,0x8046,0x8467,0x8887,0x8023,0x90A8,0x8023,0x8001,0x8002,0x8045,0x8023,0x94A8,0x8022,
  0x9487,0x8000,0x8423,0x8002,0x8001,0x8001,0x8066,0x8001,0x8024,0x8001,0x8022,0x8001,0x8044,0x8001,0x8002,0x8023,
  0x8001,0x8001,0x8001,0x8001,0x8001,0x8001,0x8002,0x8002,0x8022,0x8001,0x8001,0x8001,0x84A8,0x8022,0x8002,0x8001,
  0x8001,0x8022,0x8001,0x8001,0x8001,0x8002,0x8001,0x8001,0x8001,0x8001,0x8001,0x8001,0x8001,0x8001,0x8001,0x8002,
  0x8001,0x8022,0x8002,0x8001,0x8001,0x8001,0x8001,0x8001,0x8002,0x8022,0x8001,0x8001,0x8001,0x8001,0x8001,0x8001,
  0x8001,0x8001,0x8001,0x8001,0x8001,0x8001,0x8487,0x8022,0x8001,0x8001,0x8001,0x8002,0x8001,0x8001,0x8001,0x8001,
  0x8001,0x8001,0x8002,0x8002,0x8001,0x8001,0x8001,0x8001,0x8001,0x8001,0x8001,0x8001,0x8001,0x8001,0x8001,0x8001,
  0x8001,0x8001,0x8001,0x8001,0x8001,0x8001,0x8001,0x8022,0x8001,0x8001,0x8002,0x8002,0x8002,0x8002,0x8001,0x8001,
  0x8001,0x8001,0x8002,0x8022,0x94A5,0x8001,0x8022,0x8443,0x8002,0x8002,0x8022,0x8002,0x8002,0x8001,0x8001,0x8002,
  0x8001,0x8001,0x8001,0x8001,0x8001,0x8001,0x8001,0x8001,0x8001,0x8002,0x8001,0x8001,0x8001,0x8002,0x8022,0x8022,
  0x8024,0x8000,0x8E9A,0x8023,0x8023,0x8022,0x8001,0x8001,0x8001,0x8001,0x8001,0x8001,0x8001,0x8001,0x90A5,0x8001,
  0x8002,0x8001,0x8001,0x8023,0x8023,0x8001,0x8022,0x8002,0x8024,0x8023,0x8024,0x8022,0x8023,0x8024,0x8023,0x8023,
  0x8022,0x8044,0x8022,0x8023,0x8002,0x8488,0x8002,0x8002,0x8044,0x8002,0x8044,0x8002,0x8022,0x8001,0x8023,0x8002,
  0x8023,0x8023,0x8002,0x8001,0x8044,0x8001,0x8001,0x8001,0x8001,0x8001,0x8001,0x8001,0x8001,0x8001,0x8022,0x8001,
  0x8001,0x8001,0x8001,0x8001,0x8001,0x8001,0x8001,0x8001,0x8002,0x8001,0x8001,0x8001,0x8022,0x8001,0x8022,0x8002,
  0x8002,0x8001,0x8001,0x8022,0x8022,0x8043,0x8044,0x8001,0x8001,0x8022,0x8001,0x8023,0x8001,0x8022,0x8022,0x8002,
  0x8022,0x8045,0xAD8D,0x8024,0x8001,0x8023,0x8002,0x8001,0x8022,0x8046,0x8046,0x84A9,0x8046,0x8024,0x84A9,0x8044,
  0x8001,0x8067,0x8023,0x8023,0x8024,0x8023,0x8002,0x8087,0x8067,0x8045,0x88EB,0x8046,0x84CB,0x8066,0x8068,0x8068,
  0x84CB,0x8068,0x84EC,0x88EC,0x8044,0x8025,0x8067,0x8066,0x88A8,0x992C,0x8066,0x8023,0x8045,0x8C87,0x8444,0x8001,
  0x8044,0x8023,0x8466,0x8022,0x8002,0x8022,0x8001,0x8022,0x8002,0x8001,0x8444,0x8023,0x8001,0x8001,0x8001,0x8022,
  0x8001,0x8001,0x8022,0x8001,0x8001,0x8001,0x8001,0x8001,0x8001,0x8001,0x8001,0x8001,0x8001,0x8001,0x8001,0x8001,
  0x8022,0x8022,0xB2DB,0x8022,0x8002,0x8001,0x8002,0x8001,0x8001,0x8001,0x8001,0x8001,0x8001,0x8001,0x8001,0x8001,
  0x8001,0x8001,0x8001,0x8001,0x8001,0x8002,0x8001,0x8002,0x8001,0x8C86,0x8001,0x8001,0x8001,0x8001,0x8002,0x8002,
  0x8001,0x8001,0x8001,0x8001,0x8001,0x8001,0x8001,0x8001,0x8001,0x8001,0x8002,0x8023,0x8023,0x8002,0x8001,0x8001,
  0x8001,0x8022,0x8002,0x8001,0x8002,0x8001,0x8001,0x8001,0x8002,0x8001,0x8001,0x8001,0x8022,0x8001,0x8022,0x8001,
  0x8001,0x8001,0x8001,0x8002,0x8001,0x8001,0x8022,0x8001,0x8002,0x8001,0x8001,0x8002,0x8001,0x8023,0x8002,0x8002,
  0x8022,0x8022,0x8022,0x8022,0x8002,0x8002,0x8022,0x8022,0x8001,0x8001,0x94C7,0x8022,0x8001,0x8023,0x8002,0x8022,
  0x8022,0x8002,0x8022,0x8002,0x8002,0x8001,0x8001,0x8022,0x8001,0x8002,0x8001,0x8022,0x8001,0x8001,0x8001,0x8002,
  0x8022,0x8023,0x8001,0x8023,0x8023,0x8046,0x80EB,0x810C,0xB33B,0x810C,0x8044,0x8023,0x8001,0x8022,0x8023,0x8002,
  0x8001,0x8001,0x8001,0x8001,0x8886,0x8002,0x8002,0x8001,0x8001,0x8001,0x8001,0x8002,0x8001,0x8023,0x8022,0x8023,
  0x8023,0x8022,0x8023,0x8023,0x8023,0x8023,0x8023,0x8024,0x8024,0x8023,0x8023,0x8045,0x8002,0x8045,0x8023,0x8023,
  0x8023,0x8023,0x8022,0x8023,0x8002,0x8023,0x8022,0x8002,0x8023,0x8001,0x8022,0x8001,0x8001,0x8465,0x8001,0x8001,
  0x8001,0x8001,0x8001,0x8001,0x8002,0x8001,0x8001,0x8001,0x8002,0x8001,0x8001,0x8001,0x8001,0x8002,0x8001,0x8001,
  0x8022,0x8002,0x8022,0x8002,0x8002,0x8001,0x8001,0x8023,0x8002,0x8022,0x8022,0x8002,0x8022,0x8022,0x8002,0x8001,
  0x8023,0x8002,0x8001,0x8023,0x8023,0x8023,0x8002,0x8044,0x8023,0x8023,0x8001,0x8023,0x8001,0x8001,0x8044,0x8045,
  0x8046,0x8024,0x8067,0x8088,0x8045,0x8023,0x8002,0x8045,0x8044,0x8044,0x8066,0x8066,0x8066,0x8067,0x84AA,0x8046,
  0x8CA8,0x88EC,0x80CC,0x8068,0x80AA,0x80AA,0x84CB,0x88CB,0x8087,0x88EC,0x84CA,0x8066,0x8045,0x8045,0x8445,0x8023,
  0x8066,0x8022,0x8044,0x9D4E,0x8023,0x8444,0x8023,0x8044,0x8023,0x8044,0x8023,0x8001,0x8003,0x8001,0x8022,0x8001,
  0x8002,0x8023,0x8001,0x8001,0x8001,0x8023,0x8023,0x8001,0x8022,0x8001,0x8001,0x8002,0x8001,0x8002,0x8002,0x8001,
  0x8001,0x8001,0x8001,0x8001,0x8002,0x8001,0x8022,0x8087,0xCF7D,0x8087,0x8023,0x8002,0x8022,0x8001,0x8002,0x8001,
  0x8001,0x8001,0x8022,0x8001,0x8001,0x8001,0x8001,0x8002,0x8001,0x8001,0x8001,0x8001,0x8001,0x8002,0x8001,0x8044,
  0x8002,0x8002,0x8002,0x8022,0x8002,0x8022,0x8001,0x8001,0x8001,0x8001,0x8001,0x8066,0x8001,0x8001,0x8001,0x8001,
  0x8022,0x8001,0x8001,0x8001,0x8001,0x8022,0x8001,0x8001,0x8001,0x8001,0x8001,0x8001,0x8001,0x8001,0x8002,0x8022,
  0x8001,0x8022,0x8002,0x8002,0x8002,0x8001,0x8023,0x8022,0x8001,0x8001,0x8001,0x8001,0x8022,0x8001,0x8002,0x8001,
  0x8001,0x8002,0x8001,0x8002,0x8002,0x8002,0x8022,0x8023,0x8023,0x8022,0x8022,0x8022,0x8022,0x8001,0x8001,0x8001,
  0x8001,0x8001,0x8001,0x8002,0x8001,0x8002,0x8001,0x8001,0x8002,0x8001,0x8001,0x8001,0x8001,0x8001,0x8002,0x8001,
  0x8022,0x8002,0x8001,0x8001,0x8001,0x8001,0x8001,0x8002,0x8022,0x8002,0x8002,0x8002,0x8002,0x8001,0x9EBA,0x8002,
  0x8001,0x8001,0x8002,0x8002,0x8002,0x8002,0x8001,0x8001,0x8022,0x8001,0x8002,0x8002,0x8001,0x8022,0x8002,0x8001,
  0x8001,0x8001,0x8022,0x8001,0x8001,0x8001,0x8066,0x8022,0x8044,0x8044,0x8023,0x8002,0x8065,0x8023,0x8066,0x8022,
  0x8045,0x8022,0x8044,0x8001,0x8044,0x8001,0x8023,0x8002,0x8002,0x8023,0x8023,0x8023,0x8001,0x8001,0x8001,0x8001,
  0x8002,0x8002,0x8001,0x8002,0x8001,0x8001,0x8001,0x8001,0x8001,0x8001,0x8022,0x8001,0x8001,0x8001,0x8001,0x8001,
  0x8001,0x8001,0x8001,0x8002,0x8001,0x8001,0x8022,0x8022,0x8002,0x8001,0x8043,0x8002,0x8001,0x8002,0x8001,0x8001,
  0x8001,0x8002,0x8023,0x8002,0x8044,0x8002,0x8002,0x8001,0x8001,0x8001,0x8001,0x8001,0x8001,0x8002,0x8045,0x8023,
  0x8045,0x8002,0x8066,0x84A9,0x8024,0x8088,0x84A9,0x8046,0x8066,0x84AB,0x8066,0x8002,0x8045,0x8002,0x8045,0x8088,
  0x8024,0x8044,0x8045,0x8045,0x8003,0x8CCA,0x8044,0x892F,0x8045,0xB697,0x8089,0x84CC,0x8046,0x8089,0x8044,0x8046,
  0x8068,0x8045,0x84CA,0x8045,0x8023,0x8044,0x8002,0x8023,0x8044,0x8001,0x8886,0x8045,0x8044,0x8001,0x8023,0x8003,
  0x8001,0x8001,0x8023,0x8045,0x8002,0x8002,0x8002,0x8021,0x8001,0x8001,0x8001,0x8002,0x8001,0x8001,0x8001,0x8001,
  0x8001,0x8002,0x8001,0x8001,0x8001,0x8001,0x8002,0x8001,0x8001,0x8001,0x8022,0x8023,0x8023,0x8024,0xCB3B,0x8066,
  0x8022,0x8002,0x8022,0x8002,0x8002,0x8001,0x8001,0x8001,0x8002,0x8001,0x8001,0x8001,0x8001,0x8002,0x8001,0x8001,
  0x8001,0x8001,0x8001,0x8002,0x8001,0x8001,0x8001,0x8001,0x8001,0x8022,0x8001,0x8001,0x8001,0x8001,0x8001,0x8001,
  0x8001,0x8045,0x8002,0x8002,0x8023,0x8001,0x8022,0x8001,0x8001,0x8001,0x8001,0x8001,0x8001,0x8001,0x8001,0x8001,
  0x8001,0x8001,0x8001,0x8001,0x8001,0x8022,0x8001,0x8001,0x8022,0x8001,0x8002,0x8001,0x8022,0x8022,0x8001,0x8002,
  0x8001,0x8001,0x8001,0x8001,0x8001,0x8001,0x8001,0x8001,0x8001,0x8001,0x8001,0x8002,0x8023,0x8025,0x8110,0x8023,
  0x8022,0x8002,0x8001,0x8001,0x8002,0x8001,0x8001,0x8002,0x8001,0x8001,0x8001,0x8001,0x8002,0x8001,0x8001,0x8002,
  0x8001,0x8002,0x8001,0x8001,0x8002,0x8001,0x8002,0x8022,0x8001,0x8001,0x8001,0x8002,0x8001,0x8001,0x8001,0x8002,
  0x8001,0x8023,0x8023,0x8002,0x808A,0x8022,0x8022,0x8002,0x8001,0x8001,0x8001,0x8001,0x8001,0x8002,0x8001,0x8001,
  0x8001,0x8001,0x8001,0x8001,0x8002,0x8001,0x88EC,0x8001,0x8001,0x8001,0x8001,0x88A8,0x8002,0x8002,0x8001,0x8002,
  0x8023,0x8023,0x8002,0x8044,0x8000,0x8045,0x8002,0x8066,0x8023,0x8023,0x8024,0x8023,0x8024,0x8022,0x8045,0x8002,
  0x8022,0x8023,0x8001,0x8002,0x8002,0x8001,0x8001,0x8001,0x8023,0x8001,0x8001,0x8001,0x8001,0x8001,0x8001,0x8002,
  0x8002,0x8002,0x8002,0x8001,0x8001,0x8001,0x8001,0x8001,0x8001,0x8001,0x8001,0x8001,0x8002,0x8022,0x8002,0x8001,
  0x8887,0x8022,0x8022,0x8001,0x8002,0x8002,0x8022,0x8002,0x8023,0x8023,0x8022,0x8001,0x8001,0x8001,0x8002,0x8001,
  0x8001,0x8001,0x8000,0x8488,0x8065,0x8022,0x8024,0x8045,0x9991,0x8046,0x84A9,0x8089,0x84CB,0x8089,0x84EC,0x8024,
  0x8066,0x8467,0x8002,0x8044,0x8066,0x8002,0x8046,0x8024,0x8045,0x8088,0x9150,0x8067,0x8045,0x890E,0x8087,0x8088,
  0x8067,0x80CB,0x80AA,0x8024,0x8067,0x8025,0x8088,0x8045,0x8023,0x8024,0x8002,0x8000,0x8467,0x8022,0x8023,0x8023,
  0x8445,0x8045,0x8002,0x8001,0x8045,0x8000,0x8022,0x8022,0x8066,0x8002,0x8002,0x8023,0x8002,0x8023,0x8001,0x8001,
  0x8001,0x8001,0x8001,0x8001,0x8001,0x8001,0x8001,0x8001,0x8001,0x8001,0x8001,0x8001,0x8001,0x8001,0x8001,0x8002,
  0x8001,0x8002,0x8022,0x8000,0x8DD6,0x8022,0x8022,0x8001,0x8001,0x8001,0x8001,0x8001,0x8001,0x8001,0x8001,0x8001,
  0x8001,0x8001,0x8001,0x8001,0x8001,0x8001,0x8001,0x8002,0x8001,0x8002,0x8465,0x8001,0x8002,0x8002,0x8001,0x8001,
  0x8001,0x8001,0x8001,0x8001,0x8001,0x8001,0x8001,0x8001,0x8024,0x8022,0x8001,0x8001,0x8001,0x8001,0x8001,0x8001,
  0x8001,0x8001,0x8001,0x8023,0x8001,0x8001,0x8001,0x8001,0x8001,0x8001,0x8022,0x8002,0x8001,0x8001,0x8001,0x8001,
  0x994F,0x8001,0x8001,0x8002,0x8022,0x8001,0x8022,0x8002,0x8001,0x8023,0x8001,0x8001,0x8023,0x8001,0x8023,0x8023,
  0x8023,0x8002,0x8024,0x810F,0xDFDF,0x810F,0x8023,0x8002,0x8023,0x8023,0x8001,0x8024,0x8001,0x8001,0x8001,0x8024,
  0x8001,0x8001,0x8022,0x8001,0x8001,0x8001,0x8002,0x8001,0x8001,0x8023,0x8002,0x8023,0x8001,0x8022,0x8002,0x8022,
  0x8001,0x8023,0x8001,0x8022,0x8001,0x8002,0x8022,0x8022,0x8023,0x8002,0x8024,0x8002,0x8023,0x8002,0x8001,0x8002,
  0x8001,0x8023,0x8001,0x8001,0x8022,0x8002,0x8002,0x8001,0x8001,0x8002,0x8002,0x8022,0x8001,0x8001,0x8024,0x8001,
  0x8024,0x8002,0x8002,0x8001,0x8023,0x8023,0x8022,0x8023,0x8044,0x8001,0x8024,0x8023,0x8024,0x8001,0x8045,0x8001,
  0x8067,0x8022,0x8465,0x8044,0x8022,0x8001,0x8024,0x8001,0x8023,0x8024,0x8044,0x8001,0x8002,0x8001,0x8002,0x8001,
  0x8023,0x8001,0x8023,0x8002,0x8002,0x8002,0x8001,0x8023,0x8001,0x8001,0x8001,0x8001,0x8001,0x8001,0x8001,0x8021,
  0x8001,0x8022,0x8001,0x8001,0x8000,0x8DB2,0xF7BE,0x84CA,0x8022,0x8001,0x8044,0x8002,0x8022,0x8002,0x8065,0x8001,
  0x8001,0x8067,0x8001,0x8001,0x8023,0x8023,0x8023,0x8001,0x8045,0x8002,0x8422,0x8487,0x8001,0x8067,0x8045,0x88CC,
  0x84AA,0x84AA,0x99B4,0x8088,0x890E,0x8066,0x8066,0x8002,0x8023,0x84CC,0x8000,0x8045,0x8002,0x8023,0x8025,0x8489,
  0x8024,0x88EB,0x8066,0x8088,0x80CC,0x84CB,0x8066,0xBA99,0x8025,0x84CB,0x8067,0x8024,0x84AA,0x8001,0x8001,0x8024,
  0x8001,0x8466,0x8001,0x8023,0x8022,0x8001,0x8866,0x8022,0x8045,0x8001,0x8001,0x8001,0x8023,0x9066,0x8022,0x8002,
  0x8001,0xC75C,0x8022,0x8023,0x8001,0x8001,0x8001,0x8001,0x8001,0x8001,0x8001,0x8001,0x8001,0x8002,0x8001,0x8001,
  0x8001,0x8001,0x8001,0x8002,0x8001,0x8002,0x8001,0x8002,0x8022,0x8002,0x8045,0x8022,0x8002,0x8001,0x8002,0x8001,
  0x8002,0x8002,0x8001,0x8001,0x8001,0x8001,0x8001,0x8001,0x8001,0x8022,0x8001,0x8001,0x8001,0x8002,0x8001,0x8001,
  0x8023,0x8002,0x8001,0x8001,0x8023,0x8001,0x8001,0x8022,0x8022,0x8002,0x8001,0x8001,0x8001,0x8001,0x8001,0x8001,
  0x8001,0x8001,0x8001,0x8001,0x8001,0x8001,0x8022,0x8001,0x8001,0x8001,0x8001,0x8001,0x8001,0x8001,0x8001,0x8001,
  0x8001,0x8001,0x8001,0x8001,0x8022,0x8022,0x8002,0x8001,0x8001,0x8001,0x8001,0x8001,0x8001,0x8001,0x8001,0x8001,
  0x8001,0x8001,0x8001,0x8001,0x8001,0x8001,0x8001,0x8001,0x8022,0x8024,0x8130,0x8022,0x8022,0x8002,0x8001,0x8001,
  0x8001,0x8001,0x8001,0x8001,0x8001,0x8001,0x8002,0x8001,0x8001,0x8001,0x8002,0x8001,0x8001,0x8001,0x8022,0x8001,
  0x8023,0x8001,0x8022,0x8022,0x8002,0x8002,0x8022,0x8001,0x8001,0x8001,0x8001,0x8001,0x8045,0x8022,0x8001,0x8001,
  0x8024,0x8023,0x8001,0x8024,0x8001,0x8001,0x8065,0x8002,0x8022,0x8022,0x8001,0x8001,0x8001,0x8001,0x8002,0x8001,
  0x8001,0x8001,0x8001,0x8002,0x8024,0x8023,0x8002,0x8022,0x8002,0x8044,0x8022,0x8023,0x8023,0x8022,0x8023,0x8024,
  0x8001,0x8467,0x8002,0x8046,0x8002,0x8045,0x8023,0x8024,0x8024,0x8001,0x8044,0x8024,0x8001,0x8022,0x8024,0x8023,
  0x8001,0x8044,0x8001,0x8023,0x8001,0x8001,0x8001,0x8001,0x8022,0x8002,0x8002,0x8023,0x8001,0x8001,0x8001,0x8001,
  0x8421,0x8001,0x8001,0x8001,0x8001,0x8045,0x8001,0x8001,0x8001,0x8022,0x8022,0x8022,0xA5F3,0x8001,0x8001,0x8002,
  0x8023,0x8023,0x8023,0x8001,0x8001,0x9D09,0x8001,0x8002,0x8022,0x8022,0x8002,0x8001,0xA109,0x8001,0x8002,0x8002,
  0x8466,0x8000,0x8067,0x8088,0x84A9,0x8089,0xA9F4,0x8088,0x8088,0x8D30,0x8044,0x88CB,0x8089,0x8023,0x8067,0x8001,
  0x8023,0x8002,0x8022,0x8045,0x84CB,0x8066,0x8067,0x912F,0x8067,0x88EC,0x8046,0x8067,0x84AA,0x8067,0x80AA,0x8024,
  0xD60B,0x8002,0x8001,0x8044,0x8024,0x8001,0x8045,0x8022,0x8066,0x8002,0x8002,0x8C88,0x8045,0x8023,0x8001,0x8001,
  0x8001,0x8046,0x8002,0x8045,0x8002,0x8002,0x8001,0x8044,0x8002,0x8023,0x8024,0x8001,0x8001,0x8001,0x8002,0x8002,
  0x8001,0x8002,0x8001,0x8001,0x8001,0x8023,0x8001,0x8001,0x8002,0x8023,0x8001,0x8002,0x8023,0x8022,0x8002,0x8002,
  0x8024,0x8002,0x8001,0x8023,0x8001,0x8001,0x8001,0x8001,0x8001,0x8001,0x8001,0x8001,0x8001,0x8001,0x8001,0x8001,
  0x8001,0x8001,0x8001,0x8001,0x8001,0x8022,0x8001,0x8022,0x8001,0x8001,0x8001,0x8022,0x8022,0x8022,0x8002,0x8002,
  0x8001,0x8001,0x8001,0x8001,0x8001,0x8001,0x8001,0x8022,0x8001,0x8001,0x8001,0x8001,0x8001,0x8001,0x8001,0x8001,
  0x8001,0x8001,0x8001,0x8001,0x8001,0x8001,0x8C63,0x8001,0x8001,0x8001,0x8023,0x8002,0x8022,0x8001,0x8001,0x8002,
  0x8001,0x8001,0x8001,0x8001,0x8023,0x8001,0x8001,0x8001,0x8001,0x8001,0x8001,0x8001,0x8001,0x8022,0x8022,0x8022,
  0x8023,0x8022,0x8002,0x8001,0x8001,0x8001,0x8001,0x8001,0x8001,0x8001,0x8001,0x8045,0x8001,0x8001,0x8001,0x8002,
  0x8002,0x8002,0x8002,0x8002,0x8023,0x8001,0x8023,0x8421,0xFAEC,0x8022,0x8022,0x8002,0x8001,0x8001,0x8022,0x8001,
  0x8001,0x8002,0x8001,0x8023,0x8023,0x8002,0x8023,0x8001,0x8002,0x8001,0x8001,0x8001,0x8001,0x8001,0x8002,0x8001,
  0x8022,0x8001,0x8001,0x8001,0x8001,0x8022,0x8022,0x8001,0x8023,0x8022,0x8001,0x8023,0x8024,0x8001,0x8044,0x8001,
  0x8024,0x8024,0x8023,0x8024,0x8045,0x8001,0x8044,0x8002,0x8024,0x8002,0x8023,0x8024,0x8001,0x8024,0x8001,0x8067,
  0x8022,0x8044,0x8024,0x8001,0x8023,0x8023,0x8024,0x8001,0x8024,0x8001,0x8001,0x8024,0x8001,0x8001,0x8001,0x8001,
  0x8022,0x8001,0x8001,0x8022,0x8002,0x8001,0x8443,0x8001,0x8001,0x8001,0x8022,0x8002,0x8001,0x8002,0x8001,0x8001,
  0x8001,0x8001,0x8023,0x8001,0x8002,0x8022,0x8044,0x8002,0x8002,0x8023,0x8001,0x8001,0x8001,0x8089,0x8002,0x8001,
  0x8023,0x8045,0x8002,0x8001,0x8044,0x8001,0x8023,0x8CEA,0x8002,0x8089,0x8489,0x84AB,0x84AA,0x84ED,0x84CC,0x8088,
  0x88EC,0x8488,0x8088,0x88CA,0x8002,0x8000,0x8045,0x8088,0x8088,0x8488,0x8044,0x8488,0x84A9,0x8046,0x84A9,0x914F,
  0x8045,0x84A9,0xA5F4,0x80A9,0x8045,0x8067,0x8089,0x8002,0x80CD,0x8000,0x8001,0x8044,0x8002,0x8022,0x8001,0x8001,
  0x8489,0x8001,0x8001,0x8001,0x8002,0x8044,0x8001,0x8023,0x8001,0x8000,0x8001,0x8002,0x8001,0x8022,0x8022,0x8002,
  0x8001,0x8001,0x8001,0x8001,0x8001,0x8023,0x8001,0x8001,0x8001,0x8001,0x8002,0x8023,0x8002,0x8002,0x8001,0x8001,
  0x8001,0x8001,0x8023,0x8022,0x8001,0x8001,0x8001,0x8022,0x8022,0x8001,0x8001,0x8001,0x8001,0x8001,0x8001,0x8001,
  0x8001,0x8001,0x8022,0x8002,0x8001,0x8001,0x8001,0x8001,0x8001,0x8022,0x8001,0x8001,0x8001,0x9D4F,0x8001,0x8001,
  0x8001,0x8044,0x8023,0x8001,0x8001,0x8002,0x8002,0x8001,0x8001,0x8002,0x8001,0x8022,0x8023,0x8001,0x8001,0x8001,
  0x8001,0x8001,0x8001,0x8001,0x8001,0x8044,0x8001,0x8001,0x8001,0x8422,0x8001,0x8021,0x8002,0x8002,0x8001,0x8002,
  0x8001,0x8002,0x8001,0x8001,0x8001,0x8001,0x8001,0x8001,0x8002,0x8001,0x8002,0x8001,0x8001,0x8001,0x8022,0x8001,
  0x8001,0x8022,0x8001,0x8001,0x8002,0x8022,0x8023,0x8022,0x8022,0x8001,0x8023,0x8022,0x8001,0x8002,0x8001,0x8001,
  0x8001,0x8002,0x8001,0x8001,0x8023,0x8001,0x8001,0x8002,0x8024,0x8001,0x8001,0x8023,0x8001,0x8022,0x8021,0x8022,
  0x8022,0x8002,0x8001,0x8023,0x8024,0x8002,0x8022,0x8001,0x8023,0x8002,0x8022,0x8023,0x8001,0x8002,0x8024,0x8001,
  0x8001,0x8001,0x8001,0x8001,0x8001,0x8001,0x8001,0x8022,0x8001,0x8001,0x8001,0x8002,0x8002,0x8023,0x8001,0x8023,
  0x8001,0x8022,0x8001,0x8024,0x8001,0x8023,0x808A,0x810D,0x812E,0x8045,0x8002,0x8022,0x8045,0x8001,0x8043,0x8001,
  0x8066,0x8001,0x8024,0x8001,0x8044,0x8022,0x8045,0x8001,0x8023,0x8023,0x8024,0x8023,0x8022,0x8023,0x8001,0x8024,
  0x8001,0x8022,0x8045,0x8001,0x8001,0x8001,0x8001,0x8001,0x8002,0x8001,0x8001,0x8002,0x8001,0x8001,0x8001,0x8001,
  0x8001,0x8022,0x8022,0x8002,0x8002,0x8001,0x8002,0x8001,0x8021,0x8001,0x8045,0x8022,0x8002,0x8022,0x8022,0x8001,
  0x8001,0x8022,0x8001,0x8024,0x8001,0x8001,0x8046,0x8046,0x8067,0x8024,0x88CB,0x8066,0x8002,0x8487,0x8023,0x8024,
  0x9991,0x8067,0x88EC,0x8067,0x8067,0x9DD4,0x8045,0x910E,0x8067,0x8001,0x8487,0x8001,0x8023,0x8002,0x8045,0x8045,
  0x8024,0x8488,0x8046,0xA699,0x84A9,0x8024,0x8025,0x9DB3,0x8088,0x88ED,0x9970,0x8067,0x8067,0x8067,0x8024,0x8023,
  0x8001,0xEEAC,0x8001,0x8001,0x8001,0x8045,0x8001,0x8045,0x8001,0x8022,0x8022,0x8001,0x8001,0x8001,0x8023,0x8001,
  0x8001,0x8002,0x8001,0x8023,0x8001,0x8022,0x8001,0x8001,0x8001,0x8022,0x8001,0x8001,0x8022,0x8001,0x8002,0x8002,
  0x8002,0xC77D,0x8023,0x8002,0x8001,0x8022,0x8001,0x8044,0x8001,0x8001,0x8002,0x8001,0x8044,0x8001,0x8002,0x8001,
  0x8001,0x8023,0x8001,0x8001,0x8001,0x8001,0x8001,0x8001,0x80CA,0x8001,0x8001,0x8001,0x8001,0x8002,0x8001,0x8001,
  0x8023,0x8001,0x8001,0x8001,0x8022,0x8001,0x8001,0x8002,0x8002,0x8001,0x8001,0x8001,0x8001,0x8002,0x8001,0x8001,
  0x8001,0x8002,0x8022,0x8001,0x8001,0x8001,0x8001,0x8001,0x8001,0x8002,0x8001,0x8001,0x8001,0x8001,0x8001,0x8001,
  0x8001,0x8001,0x8022,0x8001,0x8001,0x8001,0x8022,0x8001,0x8001,0x8001,0x8001,0x8001,0x8001,0x8022,0x8002,0x8001,
  0x8001,0x8001,0x8001,0x8001,0x8001,0x8023,0x8001,0x8001,0x8001,0x8001,0x8001,0x8002,0x8023,0x8001,0x8001,0x8002,
  0x8001,0x8001,0x8001,0x8023,0x8001,0x8022,0x8022,0x8022,0x8022,0x8001,0x8001,0x8002,0x8022,0x8001,0x8002,0x8002,
  0x8023,0x8001,0x8023,0x8022,0x8002,0x8002,0x8022,0x8001,0x8023,0x8001,0x8001,0x8023,0x8002,0x8001,0x8045,0x8001,
  0x8022,0x8023,0x8066,0x8001,0x8002,0x8001,0x8023,0x8001,0x8001,0x8001,0x8001,0x8001,0x8001,0x8001,0x8001,0x8001,
  0x8022,0x8001,0x8001,0x8001,0x8023,0x8001,0x8023,0x8001,0x8023,0x8001,0x8045,0x8023,0x8023,0x8003,0x8003,0x8001,
  0x8023,0x8022,0x8087,0x8023,0x8000,0x8885,0x8002,0x8024,0x8001,0x8044,0x8487,0x8022,0x8002,0x8045,0x8001,0x8024,
  0x8002,0x8001,0x8024,0x8001,0x8024,0x8001,0x8044,0x8001,0x8001,0x8001,0x8023,0x8023,0x8001,0x8001,0x8001,0x8044,
  0x8001,0x8045,0x8001,0x8001,0x8001,0x8001,0x8001,0x8002,0x8022,0x8022,0x8044,0x8002,0x8001,0x8001,0x8022,0x8023,
  0x8001,0x8045,0x8001,0x8023,0x8023,0x8001,0x8001,0x8002,0x8045,0x8002,0x8023,0x8489,0x8D0D,0x8CEA,0x8025,0x80AB,
  0x8001,0x84AA,0x8001,0x8002,0x8044,0x9171,0x8045,0x88EC,0x88EC,0x88EC,0x88ED,0x8068,0x9130,0x8088,0x8023,0x8044,
  0x8001,0x8022,0x8022,0x8023,0x8023,0x8045,0x90EB,0x8045,0x8467,0x8024,0x8088,0x8002,0x9550,0x8046,0x8067,0x8003,
  0x8023,0x8022,0x8045,0x8024,0x84AA,0x8023,0x8023,0x8001,0x8001,0x8000,0x8044,0x8001,0x8002,0x8001,0x8002,0x8023,
  0x8002,0x8001,0x8001,0x8023,0x8024,0x8000,0x94EA,0x8024,0x8045,0x8001,0x8001,0x8001,0x8001,0x8043,0x8001,0x8002,
  0x8001,0x8002,0x8001,0x8001,0x8001,0x8001,0x8002,0x8001,0x8001,0x8001,0x8001,0x8001,0x8001,0x8001,0x8002,0x8001,
  0x8001,0x8001,0x8022,0x8001,0x8001,0x8044,0x8001,0x8001,0x8001,0x8001,0x8001,0x8023,0x8001,0x8022,0x8001,0x8001,
  0x8001,0x8001,0x8002,0x8002,0x8001,0x8022,0x8001,0x8001,0x8023,0x8001,0x8001,0x8001,0x8022,0x8002,0x8002,0x8023,
  0x8001,0x8002,0x8001,0x8002,0x8001,0x8001,0x8001,0x8001,0x8001,0x8001,0x8001,0x8001,0x8001,0x8001,0x8001,0x8001,
  0x8001,0x8002,0x8001,0x8022,0x8022,0x8001,0x8022,0x8001,0x8842,0x8002,0x8002,0x8022,0x8843,0x8002,0x8023,0x8001,
  0x8001,0x8022,0x8422,0x8001,0x8001,0x8002,0x8002,0x8001,0x8001,0x8001,0x8001,0x8001,0x8001,0x8023,0x8001,0x8001,
  0x8001,0x8001,0x8002,0x8001,0x8001,0x8024,0x8001,0x8001,0x8001,0x8001,0x8001,0x8002,0x8001,0x8022,0x8001,0x8023,
  0x8001,0x8001,0x8001,0x8002,0x8001,0x8023,0x8001,0x8023,0x8001,0x8001,0x8001,0x8001,0x8002,0x8002,0x8002,0x8022,
  0x8045,0x8001,0x8000,0x810F,0x8002,0x8024,0x8002,0x8001,0x8001,0x8023,0x8001,0x8001,0x8045,0x8001,0x8001,0x8023,
  0x8002,0x8023,0x8002,0x8001,0x8023,0x8022,0x8001,0x8022,0x8002,0x8066,0x8001,0x8023,0x8001,0x8001,0x8067,0x8001,
  0x8002,0x8045,0x8002,0x8023,0x8024,0x8023,0x8002,0x8024,0x8023,0x8001,0x8001,0x8002,0x8022,0x8023,0x8001,0x8002,
  0x8443,0x8024,0x8022,0x8001,0x8045,0x8023,0x8023,0x8023,0x8022,0x8023,0x8022,0x8001,0x8023,0x8001,0x8002,0x8001,
  0x8002,0x8001,0x8001,0x8045,0x8001,0x8001,0x8001,0x8001,0x8023,0x8001,0x8065,0x8024,0x8001,0x8001,0x8023,0x8022,
  0x8023,0x8002,0x8001,0x8045,0x8001,0x8022,0x8002,0x8001,0x8023,0x998F,0x8001,0x8001,0x8044,0x8022,0x8045,0x8001,
  0x8067,0x8022,0x8002,0x8066,0x84A9,0x8024,0x8D2E,0x8024,0x8024,0x8023,0x84AA,0x8044,0x8045,0x8488,0x8066,0x88CB,
  0x88ED,0x9971,0x80AA,0x8045,0x84AA,0x8025,0x8023,0x8023,0x84A9,0x8001,0x8044,0x8066,0x8024,0x8CEB,0x8045,0x8024,
  0xA216,0x84AA,0x8023,0x8022,0x8022,0x84A9,0x8CEC,0x8023,0x8067,0x8487,0x8045,0x8023,0x8002,0x8001,0x8001,0x8002,
  0x8023,0x8001,0x8001,0x8002,0x8044,0x8022,0x8002,0x8045,0x8044,0x8001,0x8001,0x8001,0x8001,0x8001,0x8001,0x8022,
  0x8001,0x8001,0x8001,0x8022,0x8001,0x8001,0x8001,0x8001,0x8002,0x8001,0x8001,0x8001,0x8002,0x8002,0x8001,0x8001,
  0x8001,0x8001,0x8001,0x8001,0x8001,0x8001,0x8002,0x8001,0x8001,0x8001,0x8001,0x8002,0x8001,0x8001,0x8001,0x8022,
  0x8023,0x8001,0x8001,0x8001,0x8001,0x8001,0x8001,0x8023,0x8001,0x8023,0x8023,0x8001,0x8001,0x8022,0x8001,0x8002,
  0x8001,0x8023,0x8001,0x8002,0x8002,0x8001,0x8002,0x8001,0x8002,0x8001,0x8001,0x8001,0x8001,0x8002,0x8002,0x8001,
  0x8001,0x8001,0x8001,0x8001,0x8001,0x8001,0x8001,0x8002,0x8001,0x8001,0x8001,0x8001,0x8022,0x8001,0x8001,0x8022,
  0x8002,0x8442,0x8022,0x8022,0x8002,0x8001,0x8002,0x8002,0x8001,0x8002,0x8001,0x8022,0x8001,0x8002,0x8001,0x8001,
  0x8001,0x8001,0x8001,0x8002,0x8022,0x8001,0x8001,0x8001,0x8001,0x8001,0x8001,0x8001,0x8001,0x8001,0x8022,0x8001,
  0x8001,0x8022,0x8001,0x8001,0x8023,0x8023,0x8022,0x8001,0x8002,0x8002,0x8023,0x8002,0x8023,0x8001,0x8023,0x8002,
  0x8022,0x8001,0x8044,0x8044,0x8001,0x8044,0x8001,0x8023,0x8001,0x8001,0x8002,0x8001,0x8001,0x8001,0x8023,0x8001,
  0x8022,0x8001,0x8001,0x8044,0x8045,0x8001,0x8023,0x8001,0x8001,0x8001,0x8022,0x8002,0x8001,0x8001,0x8001,0x8001,
  0x8022,0x8001,0x8022,0x8022,0x8024,0x8022,0x8001,0x8000,0x8044,0x8023,0x8001,0x8002,0x8044,0x8023,0x8001,0x8001,
  0x8046,0x8023,0x8001,0x8001,0x8044,0x8002,0x8022,0x8001,0x8023,0x8022,0x8023,0x8001,0x8044,0x8024,0x8001,0x8024,
  0x8001,0x8023,0x8001,0x8001,0x8045,0x8001,0x8002,0x8002,0x8022,0x8001,0x8021,0xA54D,0x8001,0x8001,0x8022,0x8002,
  0x8001,0x8002,0x8022,0x8001,0x8001,0x8023,0x8001,0x8001,0x8066,0x8001,0x8022,0x8001,0x8067,0x8023,0x8002,0x8002,
  0x8023,0x8022,0x8022,0x8022,0x8001,0x8045,0x8002,0x80AB,0x8024,0x8D71,0x8D2F,0x8088,0x8088,0x8024,0x8067,0x88CA,
  0x8001,0x8045,0x84CB,0x8046,0x84AA,0x84A9,0x8488,0x84EC,0x952E,0x84A9,0x8024,0x84AA,0x8022,0x8002,0x8045,0x8089,
  0x8488,0x8887,0x88A8,0x9086,0x84A8,0x8D0C,0x8025,0x8025,0x88ED,0x8067,0x8044,0x8044,0x8022,0x8088,0x8002,0x8067,
  0x8001,0x8044,0x8023,0x8001,0x8023,0x8002,0x8046,0x8002,0x8002,0x8001,0x8002,0x8022,0x8001,0x8044,0x8001,0x8001,
  0x8022,0x8023,0x8001,0x8001,0x8001,0x8001,0x8001,0x8022,0x8001,0x8001,0x8001,0x8022,0x8001,0x8002,0x8001,0x8001,
  0x8001,0x8001,0x8002,0x8001,0x8001,0x8001,0x8001,0x8001,0x8001,0x8023,0x8001,0x8001,0x8001,0x8001,0x8023,0x8001,
  0x8001,0x8001,0x8001,0x8001,0x8001,0x8001,0x8001,0x8001,0x8001,0x8001,0x8001,0x8001,0x8023,0x8023,0x9F3E,0x8001,
  0x8022,0x8001,0x8001,0x8024,0x8001,0x8001,0x8022,0x8001,0x8001,0x8023,0x8045,0x8022,0x8022,0x8001,0x8001,0x8001,
  0x8001,0x8001,0x8001,0x8001,0x8001,0x8001,0x8001,0x8001,0x8023,0x8002,0x8001,0x8023,0x8001,0x8022,0x8001,0x8001,
  0x8001,0x8022,0x8001,0x8022,0x8C63,0x8001,0x8022,0x8002,0x8022,0x8001,0x98C5,0x8001,0x8002,0x8022,0x8002,0x8002,
  0x8001,0x8001,0x8001,0x8001,0x8001,0x8001,0x8001,0x8001,0x8002,0x8002,0x8001,0x8001,0x8001,0x8022,0x8023,0x8001,
  0x8001,0x8001,0x8001,0x8001,0x8001,0x88A7,0x8001,0x8001,0x8443,0x8022,0x8023,0x8001,0x8001,0x8001,0x8001,0x8001,
  0x8001,0x8023,0x8001,0x8023,0x8002,0x8001,0x8023,0x8023,0x8023,0x8023,0x8002,0x8001,0x8023,0x8000,0x8044,0x8001,
  0x8023,0x8002,0x8002,0x8001,0x8022,0x8001,0x8002,0x8001,0x8023,0x8001,0x8001,0x8001,0x8001,0x8001,0x8002,0x8001,
  0x8001,0x8001,0x8001,0x8001,0x8001,0x8821,0x8001,0x8044,0x8022,0x90CA,0x8022,0x8022,0x8045,0x8022,0x8001,0x8002,
  0x8022,0x8002,0x8001,0x8022,0x8001,0x8045,0x8002,0x8001,0x8022,0x8066,0x8001,0x8022,0x8002,0x8001,0x8001,0x8023,
  0x8001,0x8024,0x8002,0x8002,0x8024,0x8001,0x8024,0x8001,0x8023,0x8001,0x8002,0x8001,0x8023,0x8022,0x8001,0x8001,
  0x8001,0x8000,0x8001,0x8023,0x8002,0x8066,0x8002,0x8001,0x8023,0x8045,0x8001,0x8024,0x8001,0x8002,0x8002,0x8001,
  0x8001,0x8088,0x8002,0x8045,0x8045,0x8045,0x8045,0x8000,0x8023,0x8001,0x8067,0x8002,0x8089,0x8023,0x80A9,0x8046,
  0x8067,0x8D50,0x8066,0x8087,0x8023,0x80A9,0x8045,0x8087,0x8088,0x8D72,0x88ED,0x890D,0x912E,0x8045,0x84CB,0x8045,
  0x912F,0x8024,0x8000,0x8466,0x8466,0x8002,0x88A8,0x8887,0x8067,0x8CCA,0x8045,0x88CA,0x88CA,0x8045,0x8067,0x8001,
  0x8045,0x8001,0x80AB,0x8023,0x8023,0x8002,0x8001,0x8000,0x8000,0x8000,0x8044,0x8045,0x8022,0x8002,0x8002,0x8001,
  0x8441,0x8000,0x8002,0x8001,0x8001,0x8023,0x8001,0x8023,0x8001,0x8002,0x8001,0x8002,0x8001,0x8001,0x8001,0x8001,
  0x8001,0x8001,0x8001,0x8022,0x8001,0x8001,0x8001,0x8001,0x8001,0x8001,0x8001,0x8001,0x8001,0x8044,0x8445,0x8001,
  0x8002,0x8002,0x8001,0x8001,0x8001,0x8001,0x8001,0x8066,0x8001,0x8001,0x8001,0x8001,0x8001,0x8001,0x8001,0x8001,
  0x8023,0x8001,0x8001,0x8044,0x8000,0x8001,0x8001,0x8023,0x8001,0x8001,0x8001,0x8022,0x8001,0x8002,0x8002,0x8001,
  0x8002,0x8023,0x8002,0x8001,0x8001,0x8001,0x8001,0x8001,0x8001,0x8001,0x8001,0x8001,0x8001,0x8000,0x8068,0x8001,
  0x8002,0x8001,0x8002,0x8022,0x8001,0x8022,0x8422,0x8001,0x8422,0x8022,0x8442,0x8842,0x8022,0x8442,0x8002,0x8022,
  0x8022,0x8002,0x8001,0x8001,0x8002,0x8001,0x8001,0x8001,0x8001,0x8001,0x8001,0x8044,0x8001,0x8001,0x8001,0x8022,
  0x8001,0x8001,0x8001,0x8001,0x8001,0x8001,0x8001,0x8001,0x8001,0x8001,0x8001,0x8001,0x8001,0x8022,0x8001,0x8001,
  0x8001,0x8001,0x8001,0x8001,0x8001,0x8023,0x8045,0x8001,0x8024,0x8001,0x8001,0x8023,0x8044,0x8001,0x8002,0x8002,
  0x8023,0x8001,0x8002,0x8002,0x8001,0x8024,0x8001,0x8022,0x8002,0x8001,0x8088,0x8001,0x8002,0x8023,0x8001,0x8001,
  0x8001,0x8001,0x8002,0x8023,0x8001,0x8001,0x8001,0x8001,0x8022,0x8022,0xBD44,0x8000,0x8001,0x8001,0x8001,0x8001,
  0x8002,0x8024,0x8001,0x8001,0x8024,0x8002,0x8022,0x8488,0x8066,0x8001,0x8066,0x8001,0x8023,0x8002,0x8001,0x8001,
  0x8022,0x8002,0x8842,0x8002,0x8422,0x8002,0x8002,0x8022,0x8001,0x8001,0x8022,0x8002,0x8023,0x8001,0x8002,0x8022,
  0x8001,0x8023,0x8001,0x8001,0x8001,0x8001,0x8023,0x8002,0x8001,0x8001,0x8002,0x8022,0x8002,0x8002,0x8001,0x8001,
  0x8046,0x8025,0x8002,0x8002,0x8045,0x8022,0x8CC9,0x8000,0x8001,0x8044,0x8023,0x8002,0x8023,0x8002,0x8067,0x8002,
  0x88ED,0x8046,0x8067,0x8045,0x95D5,0x8046,0x8067,0x8066,0x8067,0x9992,0x8022,0x8002,0x8045,0x88CC,0x910E,0x8046,
  0x8CEC,0x8489,0x8067,0x996F,0x8045,0x890E,0x8066,0x8067,0x8023,0x8044,0x8023,0x84AA,0x950C,0x88AA,0x84A9,0xB149,
  0x94EB,0x84AB,0x94EB,0x8023,0x8088,0x8043,0x80A9,0x8024,0x8023,0x8022,0x9590,0x8001,0x8023,0x8001,0x8001,0x8045,
  0x8002,0x8002,0x8002,0x8045,0x8001,0x8001,0x8001,0x8001,0xFB71,0x8000,0x8001,0x8001,0x8001,0x8001,0x8001,0x8001,
  0x8001,0x8001,0x8001,0x8046,0x8001,0x8001,0x8001,0x8001,0x8001,0x8087,0x8001,0x8001,0x8001,0x8001,0x8001,0x8001,
  0x8001,0x8001,0x8001,0x8001,0x8001,0x8001,0x8001,0x8001,0x8001,0x8001,0x8001,0x8002,0x8001,0x8001,0x8023,0x8001,
  0x8022,0x8022,0x8001,0x8001,0x8001,0x8001,0x8002,0x8001,0x8001,0x8022,0x8001,0x8002,0x8002,0x8001,0x8023,0x8022,
  0x8045,0x8001,0x8022,0x8001,0x8001,0x8002,0x8001,0x8001,0x8022,0x8002,0x8002,0x8001,0x8001,0x8002,0x8001,0x8001,
  0x8001,0x8001,0x8022,0x8004,0xA71E,0x8024,0x8001,0x8002,0x8002,0x8001,0x8022,0x8002,0x8022,0x8442,0x8022,0x8442,
  0x9CA3,0x8422,0x8442,0x8001,0x8842,0x8022,0x8022,0x8022,0x8002,0x8022,0x8022,0x8001,0x8001,0x8023,0x8001,0x8002,
  0x8001,0x8001,0x8001,0x8001,0x8001,0x8001,0x8001,0x8001,0x8001,0x8001,0x8001,0x8001,0x8001,0x8001,0x8022,0x8024,
  0x8001,0x8001,0x8023,0x8001,0x8001,0x8001,0x8001,0x8001,0x8001,0x8001,0x8001,0x8001,0x8001,0x8002,0x8001,0x8001,
  0x8023,0x8001,0x8002,0x8022,0x8002,0x8002,0x8023,0x8024,0x8022,0x8002,0x8024,0x8023,0x8001,0x8023,0x8022,0x8022,
  0x8001,0x8001,0x8044,0x8001,0x8001,0x8022,0x8001,0x8001,0x8001,0x8044,0x8002,0x8001,0x8023,0x8022,0x8001,0x8001,
  0x8022,0x8843,0x8002,0x8002,0x8001,0x8001,0x8023,0x8001,0x8024,0x8022,0x8002,0x8022,0x8023,0x8023,0x8001,0x8001,
  0x8022,0x8022,0x8001,0x8002,0x8022,0x8422,0x8C42,0x8422,0x8842,0x8422,0x8002,0x8421,0x8001,0x8002,0x8022,0x8001,
  0x8422,0x8001,0x8001,0x8023,0x8001,0x8023,0x8022,0x8001,0x8001,0x8002,0x8002,0x8023,0x8023,0x8002,0x8001,0x8024,
  0x8000,0x8044,0x8001,0x8002,0x8023,0x8045,0x8001,0x8002,0x8045,0x8002,0x8022,0x8022,0x8022,0x8022,0x8001,0x8023,
  0x8023,0x8045,0x8045,0x8044,0x8045,0x8044,0x8023,0x8023,0x8045,0x8D2F,0x8023,0x8046,0x88EC,0x8067,0x8023,0x8065,
  0x8001,0x8023,0x84A9,0x8487,0x8087,0x914F,0x88EC,0x8D0D,0x8D0D,0xA98E,0x890E,0x8044,0x912D,0x8002,0x88EC,0x8045,
  0x88CB,0x8067,0x88A8,0x8CA9,0x990A,0x8CC8,0x8067,0xA92A,0x8066,0x88A9,0x8046,0x8489,0x8044,0x80AA,0x8044,0x8001,
  0x8022,0x8001,0x8022,0x8067,0x8022,0x8022,0x8044,0x8001,0x8024,0x8001,0x8001,0x8001,0x8023,0x8001,0x8044,0x8022,
  0x8001,0x8001,0x8001,0x8066,0x8001,0x8001,0x8001,0x8022,0x8022,0x8002,0x8002,0x8001,0x8002,0x8001,0x8001,0x8001,
  0x8024,0x8001,0x8001,0x8002,0x8001,0x8001,0x8001,0x8001,0x8001,0x8065,0x8001,0x8001,0x8001,0x8001,0x8001,0x8001,
  0x8001,0x8001,0x8023,0x8001,0x8001,0x8001,0x8022,0x8002,0x8001,0x8002,0x8001,0x8001,0x8022,0x8001,0x8023,0x8001,
  0x8023,0x8002,0x8001,0x8024,0x8001,0x8024,0x8001,0x8022,0x8023,0x8001,0x8022,0x8022,0x8023,0x8045,0x8001,0x8002,
  0x8002,0x8001,0x8001,0x8001,0x8001,0x8001,0x8001,0x8001,0x8001,0x8001,0x8045,0x8001,0x8022,0x8001,0x8422,0x8001,
  0x8022,0x8022,0x8001,0x8002,0x8842,0x8442,0xC124,0x8442,0x8842,0x8422,0x8442,0x8022,0x8002,0x8022,0x8002,0x8002,
  0x8001,0x8001,0x8001,0x8001,0x8002,0x8002,0x8001,0x8001,0x8001,0x8001,0x8001,0x8001,0x8001,0x8001,0x8001,0x8022,
  0x8023,0x8001,0x8001,0x8022,0x8001,0x8001,0x8001,0x8001,0x8001,0x8001,0x8001,0x8023,0x8002,0x8022,0x8001,0x8001,
  0x8001,0x8001,0x8002,0x8001,0x8044,0x8001,0x8022,0x8001,0x8001,0x8486,0x8000,0x8000,0x9085,0x8022,0x8002,0x8046,
  0x8001,0x8023,0x8023,0x8001,0x8001,0x8001,0x8002,0x8002,0x8000,0x8045,0x8002,0x8002,0x8022,0x8066,0x8022,0x8001,
  0x8044,0x8001,0x8001,0x8002,0x8001,0x8001,0x8001,0x8001,0x8001,0x8001,0x8001,0x8022,0x8022,0x8001,0x8001,0x8001,
  0x8001,0x8023,0x8002,0x8002,0x8022,0x8044,0x8001,0x8044,0x8002,0x8002,0x8422,0x8022,0x8422,0x8422,0x8C42,0x8422,
  0x8022,0x8001,0x8422,0x8023,0x8002,0x8002,0x8001,0x8002,0x8001,0x8024,0x8001,0x8001,0x8001,0x8001,0x8023,0x8023,
  0x8022,0x8001,0x8002,0x8001,0x8024,0x8001,0x8024,0x8023,0x8001,0x8022,0x8044,0x8066,0x8001,0x8045,0x8002,0x8023,
  0x8023,0x8000,0x8045,0x8001,0x8046,0x88CA,0x8001,0x84A9,0x8065,0x8022,0x8044,0x8CEB,0x8023,0x8487,0x8D0E,0x8047,
  0x8024,0x8045,0x8024,0x88EC,0x8045,0x8002,0x8001,0x912E,0x8045,0x8045,0x8088,0x912E,0x84CB,0x8D0D,0x8D2F,0x8D2E,
  0x84CC,0x84EC,0x8045,0x8023,0x8087,0x84CA,0x88CA,0xB5AC,0xAD49,0x9D2A,0x8067,0xE2B0,0x8487,0xB58B,0xA54C,0x8046,
  0xA12C,0x8045,0x88EC,0x8066,0x8001,0x8044,0x8066,0x8002,0x8002,0x8022,0x8023,0x8001,0x8002,0x8023,0x8000,0x8045,
  0x8001,0x8023,0x8001,0x8002,0x8002,0x8001,0x8001,0x8066,0x8001,0x8001,0x8001,0x8022,0x8001,0x8023,0x8001,0x8001,
  0x8001,0x8022,0x8001,0x8023,0x8001,0x8001,0x8001,0x8001,0x8001,0x8001,0x8001,0x8001,0x8001,0x8001,0x8002,0x8022,
  0x8001,0x8001,0x8001,0x8001,0x8001,0x8001,0x8022,0x8001,0x8001,0x8022,0x8001,0x8001,0x8001,0x8001,0x8001,0x8001,
  0x8002,0x8001,0x8002,0x8023,0x8001,0x8023,0x8001,0x8022,0x8023,0x8002,0x8023,0x8024,0x8044,0x8001,0x8001,0x8023,
  0x8002,0x8002,0x8002,0x8002,0x8002,0x8001,0x8002,0x8001,0x8001,0x8001,0x8001,0x8001,0x8001,0x8001,0x8001,0x8001,
  0x8001,0x8001,0x8001,0x8001,0x8001,0x8001,0x8022,0x8022,0x8001,0x8422,0x8442,0x8C62,0xF753,0x8842,0x8842,0x8C62,
  0x8022,0x8022,0x8022,0x8001,0x8002,0x8001,0x8001,0x8001,0x8002,0x8001,0x8001,0x8001,0x8001,0x8002,0x8001,0x8001,
  0x8002,0x8001,0x8001,0x8001,0x8001,0x8001,0x8001,0x8001,0x8001,0x8001,0x8001,0x8001,0x8001,0x8001,0x8001,0x8001,
  0x8001,0x8001,0x8001,0x8022,0x8001,0x8001,0x8001,0x8002,0x8022,0x8001,0x8002,0x8001,0x8001,0x8001,0x8002,0x8023,
  0x8000,0x8001,0x8002,0x8044,0x8002,0x8001,0x8002,0x8001,0x8024,0x8001,0x8023,0x8023,0x8001,0x8023,0x8001,0x8001,
  0x8024,0x8002,0x8023,0x8001,0x8023,0x8001,0x8001,0x8001,0x8022,0x8002,0x8001,0x8023,0x8022,0x8422,0x8001,0x8023,
  0x8022,0x8002,0x8023,0x8001,0x8001,0x8001,0x8022,0x8024,0x8024,0x8023,0x8001,0x8023,0x8002,0x8002,0x8002,0x8001,
  0x8002,0x8822,0x8422,0x8421,0xD163,0x8822,0x8842,0x8422,0x8002,0x8001,0x8002,0x8001,0x8001,0x8002,0x8001,0x8001,
  0x8002,0x8001,0x8023,0x8022,0x8002,0x8002,0x8002,0x8001,0x8024,0x8022,0x8002,0x8001,0x8024,0x8001,0x8022,0x8002,
  0x8002,0x8001,0x8044,0x8044,0x8066,0x8023,0x8024,0x8045,0x8000,0x8046,0x8002,0x8002,0x8045,0x8487,0x8044,0x8022,
  0x8023,0x8089,0x8023,0x84AA,0x8045,0x808A,0x8067,0x80AA,0x8088,0x8045,0x84AA,0x8023,0x88CB,0x8023,0x8089,0x8067,
  0x8D0E,0x8089,0x8CEC,0x84A9,0x80A9,0x9570,0x8489,0x9570,0x88CB,0x8066,0x8066,0x9D4E,0x8CCA,0x8088,0x8CEB,0x94C9,
  0xA109,0xC5EA,0xAD49,0x8CCB,0x8488,0x910D,0x8045,0x8087,0x8001,0x8044,0x8067,0x8000,0x90EC,0x8044,0x8002,0x8045,
  0x8444,0x8022,0x8001,0x8001,0x8001,0x8001,0x8045,0x8001,0x8002,0x8001,0x8022,0x8023,0x8001,0x8001,0x8001,0x8023,
  0x8001,0x8001,0x8001,0x8001,0x8001,0x8023,0x8022,0x8001,0x8001,0x8022,0x8024,0x8001,0x8001,0x8001,0x8001,0x8001,
  0x8001,0x8001,0x8001,0x8001,0x8001,0x8002,0x8001,0x8001,0x8001,0x8001,0x8002,0x8001,0x8002,0x8002,0x8001,0x8001,
  0x8022,0x8002,0x8001,0x8001,0x8001,0x8024,0x8001,0x8001,0x8002,0x8001,0x8023,0x8001,0x8022,0x8023,0x8023,0x8002,
  0x8022,0xF357,0x8022,0x8023,0x8023,0x8001,0x8002,0x8023,0x8002,0x8001,0x8001,0x8001,0x8002,0x8002,0x8001,0x8001,
  0x8001,0x8001,0x8001,0x8001,0x8001,0x8001,0x8023,0x8001,0x8001,0x8842,0x8001,0x8842,0x8022,0x8422,0x8842,0x9063,
  0xC124,0xFB97,0xFFFE,0xFF93,0xAD05,0x9883,0x9083,0x8022,0x8C63,0x8022,0x8002,0x8422,0x8422,0x8001,0x8422,0x8001,
  0x8001,0x8843,0x8001,0x8001,0x8423,0x8001,0x8022,0x8022,0x8002,0x8001,0x8001,0x8001,0x8001,0x8001,0x8022,0x8022,
  0x8022,0x8001,0x8001,0x8002,0x8001,0x8001,0x8022,0x8001,0x8002,0x8001,0x8002,0x8001,0x8001,0x8002,0x8002,0x8001,
  0x8023,0x8001,0x8001,0x8001,0x8024,0x8001,0x8002,0x8023,0xFAAB,0x8022,0x8045,0x8001,0x8001,0x8001,0x8001,0x8046,
  0x8022,0x8001,0x80AA,0x8001,0x8024,0x8002,0x8023,0x8044,0x8001,0x8022,0x8001,0x8001,0x8045,0x8002,0x8022,0x8022,
  0x8022,0x8002,0x8001,0x8022,0x8002,0x8001,0x8001,0x8002,0x8022,0x8001,0x8002,0x8596,0x8001,0x8001,0x8023,0x8023,
  0x8002,0x8001,0x8045,0x8001,0x8822,0x8001,0x8022,0x8422,0x9042,0xD940,0xFFF8,0xC922,0x8821,0x8C42,0x8001,0x8442,
  0x8021,0x8001,0x8001,0xB8E3,0x8001,0x8002,0x8001,0x8025,0x8022,0x8001,0x8023,0x8023,0x8001,0x8023,0x8001,0x8023,
  0x8001,0x8024,0x8001,0x8044,0x8002,0x8002,0x8045,0x8066,0x8002,0x8087,0x8001,0x8046,0x8045,0x8002,0x8068,0x8022,
  0x8068,0x8067,0x8001,0x88C9,0x8066,0x8065,0x8045,0x8023,0x84CB,0x8024,0x8D0F,0x8047,0x84EC,0x8003,0x952D,0x8488,
  0x8045,0x8044,0x8024,0x88ED,0x8045,0x890E,0x8489,0x9150,0x84CB,0x84EB,0x8D0D,0x8067,0x914F,0x80AB,0x9570,0x84CA,
  0x8024,0x8467,0x9D90,0x84A9,0xAD4A,0x90C8,0x84AA,0xA94A,0x88A9,0x8D0C,0x88A9,0x8044,0x84CC,0x8023,0x890D,0x8002,
  0x8044,0x8023,0x8066,0x8044,0x8023,0x8001,0x8022,0x8043,0x8001,0x8001,0x8001,0x8001,0x8001,0x8023,0x8001,0x8023,
  0x8001,0x8001,0x8023,0x8001,0x8001,0x8002,0x8001,0x8001,0x8001,0x8022,0x8022,0x8045,0x8022,0x8022,0x8001,0x8001,
  0x8001,0x8002,0x8001,0x8001,0x8023,0x8001,0x8001,0x8001,0x8001,0x8001,0x8001,0x8002,0x8001,0x8001,0x8001,0x8001,
  0x8002,0x8002,0x8044,0x8001,0x8001,0x8001,0x8001,0x8023,0x8022,0x8023,0x8001,0x8002,0x8001,0x8001,0x8067,0x8002,
  0x8001,0x8023,0x8002,0x8023,0x8023,0x8023,0x8023,0x8024,0x8023,0x8024,0x8022,0x8022,0x8001,0x8022,0x8022,0x8044,
  0x8001,0x8001,0x8002,0x8001,0x8001,0x8001,0x8001,0x8001,0x8001,0x8001,0x8001,0x8002,0x8001,0x8001,0x8001,0x8001,
  0x8001,0x8001,0x8022,0x8022,0x8022,0x8422,0x8422,0x8001,0xF796,0x8421,0x8421,0x8842,0x8021,0x8022,0x8022,0x8001,
  0x8002,0x8002,0x8001,0x8001,0x8001,0x8001,0x8001,0x8001,0x8002,0x8001,0x8001,0x8001,0x8001,0x8001,0x8001,0x8001,
  0x8001,0x8001,0x8001,0x8001,0x8001,0x8022,0x8022,0x8001,0x8001,0x8001,0x8001,0x8001,0x8001,0x8001,0x8001,0x8001,
  0x8001,0x8001,0x8001,0x8001,0x8001,0x8002,0x8001,0x8001,0x8001,0x8023,0x8001,0x8023,0x8001,0x8001,0x8023,0x8023,
  0x8002,0x8001,0x8023,0x8001,0x8045,0x8002,0x8022,0x8023,0x8002,0x8023,0x8001,0x8023,0x8023,0x8001,0x8022,0x8023,
  0x8001,0x8023,0x8022,0x8001,0x8002,0x8001,0x8001,0x8001,0x8002,0x8001,0x8001,0x8001,0x8001,0x8002,0x8001,0x8001,
  0x8001,0x8001,0x8001,0x8001,0x8001,0x8001,0x8001,0x8001,0x8001,0x8001,0x8001,0x8002,0x8001,0x8022,0x8422,0x8001,
  0xC502,0x8021,0x8842,0x8021,0x8002,0x8001,0x8022,0x8002,0x8001,0x8001,0x8001,0x8023,0x8001,0x8001,0x8001,0x8001,
  0x8002,0x8002,0x8002,0x8001,0x8024,0x8001,0x8024,0x8001,0x8044,0x8002,0x8045,0x8044,0x8023,0x8022,0x8066,0x8024,
  0x8066,0x88A8,0x8487,0x8023,0x8023,0x8067,0x8001,0x8024,0x8087,0x8024,0x8044,0x8023,0x8046,0x994E,0x8023,0x8488,
  0x8046,0x88ED,0x8024,0x8088,0x8067,0x8003,0x910C,0x8001,0x84ED,0x8045,0x8D51,0x8067,0x99B3,0x8068,0x88EC,0x84AA,
  0x8089,0x912E,0x8088,0x9571,0x84CB,0x8045,0x890D,0x914F,0x8067,0xA56E,0x8066,0x8CA8,0xA54C,0x84AA,0x8CEB,0x8002,
  0x88EC,0x8045,0x8046,0x8089,0x8046,0x8065,0x84AA,0x8023,0x8067,0x8065,0x8044,0x8000,0x8001,0x8001,0x8001,0x8001,
  0x8001,0x8001,0x8002,0x8001,0x8002,0x8001,0x8002,0x8001,0x8001,0x8001,0x8001,0x8001,0x8001,0x8022,0x8022,0x8001,
  0x8002,0x80CE,0x8022,0x8023,0x8002,0x8002,0x8001,0x8002,0x8001,0x8001,0x8002,0x8001,0x8001,0x8001,0x8001,0x8001,
  0x8001,0x8001,0x8001,0x8001,0x8001,0x8001,0x8001,0x8001,0x8001,0x8002,0x8002,0x8001,0x8001,0x8001,0x8001,0x8002,
  0x8001,0x8001,0x8001,0x8001,0x8022,0x8001,0x8022,0x8001,0x8002,0x8023,0x8023,0x8001,0x8044,0x8001,0x8023,0x8002,
  0x8001,0x8023,0x8002,0x8002,0x8001,0x8001,0x8001,0x8002,0x8002,0x8001,0x8001,0x8001,0x8001,0x8001,0x8001,0x8001,
  0x8001,0x8001,0x8022,0x8001,0x8001,0x8001,0x8001,0x8022,0x8022,0x8022,0x8022,0x8422,0x8422,0x8441,0xACA1,0x8422,
  0x8842,0x8022,0x8422,0x8022,0x8022,0x8002,0x8002,0x8022,0x8002,0x8001,0x8001,0x8022,0x8002,0x8001,0x8002,0x8022,
  0x8001,0x8022,0x8001,0x8001,0x8001,0x8001,0x8001,0x8001,0x8001,0x8001,0x8001,0x8002,0x8002,0x8001,0x8001,0x8002,
  0x8001,0x8022,0x8001,0x8022,0x8022,0x8001,0x8001,0x8001,0x8001,0x8001,0x8001,0x8001,0x8023,0x8001,0x8022,0x8022,
  0x8065,0x8002,0x8022,0x8002,0x8001,0x8001,0x8001,0x8000,0x8024,0x8001,0x8024,0x8022,0x8022,0x8002,0x8045,0x8022,
  0x8023,0x8001,0x8022,0x8023,0x8001,0x8002,0x8002,0x8023,0x8002,0x8001,0x8022,0x8002,0x8001,0x8022,0x8002,0x8001,
  0x8842,0x8001,0x8002,0x8001,0x8022,0x8001,0x8001,0x8001,0x8001,0x8002,0x8001,0x8001,0x8001,0x8001,0x8022,0x8001,
  0x8022,0x8001,0x8422,0x8022,0x8022,0x8842,0x8C41,0x8422,0x8022,0x8422,0x8022,0x8022,0x8022,0x8002,0x8001,0x8001,
  0x8022,0x8001,0x8022,0x8022,0x8001,0x8002,0x8002,0x8046,0x8023,0x8001,0x8023,0x8001,0x8044,0x8002,0x8066,0x8066,
  0x8045,0x8023,0x8002,0x8022,0x8066,0x8002,0x8023,0x8066,0x8066,0x8023,0x8487,0x8487,0x8023,0x8045,0x8045,0x8046,
  0x8088,0x84A8,0x88A9,0x8067,0x8066,0x8066,0xC296,0x8088,0x88CA,0x8067,0x88CB,0x80A9,0x8002,0x8066,0x8068,0x84A9,
  0x80AB,0x8D0D,0xA5F4,0x88EC,0x88CB,0x88EB,0x912F,0x88ED,0x88CB,0x8488,0xA1D3,0x84A9,0x9DD2,0x8066,0x8488,0x88CA,
  0x8046,0x8466,0x8066,0x94C9,0x8488,0x8087,0x8044,0x88CA,0x8488,0x8024,0x8045,0x8022,0x8046,0x8066,0x8023,0x8045,
  0x8022,0x8001,0x8001,0x8045,0x8002,0x8002,0x8002,0x8002,0x8001,0x8022,0x8022,0x8001,0x8001,0x8001,0x8001,0x8001,
  0x8001,0x8001,0x8022,0x8022,0x8002,0x8002,0x8023,0x9AFD,0x8002,0x8022,0x8022,0x8022,0x8002,0x8002,0x8001,0x8001,
  0x8002,0x8001,0x8022,0x8002,0x8001,0x8002,0x8001,0x8001,0x8001,0x8001,0x8001,0x8001,0x8001,0x8001,0x8001,0x8001,
  0x8001,0x8001,0x8001,0x8022,0x8002,0x8001,0x8001,0x8001,0x8001,0x8022,0x8023,0x8001,0x8023,0x8001,0x8023,0x8022,
  0x8022,0x8023,0x8001,0x8022,0x8001,0x8002,0x8023,0x8002,0x8002,0x8022,0x8022,0x8001,0x8001,0x8001,0x8002,0x8001,
  0x8001,0x8001,0x8023,0x8022,0x8001,0x8002,0x8002,0x8001,0x8023,0x8001,0x8001,0x8001,0x8001,0x8022,0x8022,0x8022,
  0x8022,0x8022,0x8442,0x8422,0x9483,0x8442,0x8022,0x8442,0x8022,0x8002,0x8022,0x8001,0x8001,0x8443,0x8022,0x8001,
  0x8022,0x8443,0x8002,0x8443,0x8001,0x8023,0x8001,0x8002,0x8001,0x8001,0x8001,0x8001,0x8001,0x8001,0x8001,0x8001,
  0x8023,0x8002,0x8022,0x8001,0x8001,0x8001,0x8001,0x8001,0x8002,0x8001,0x8001,0x8001,0x8001,0x8001,0x8001,0x8001,
  0x8001,0x8002,0x8001,0x8023,0x8001,0x8023,0x8023,0x8023,0x8002,0x8002,0x8002,0x8022,0x8024,0x8001,0x8002,0x8001,
  0x8002,0x8001,0x8023,0x8024,0x8023,0x8024,0x8001,0x8044,0x8022,0x8002,0x8001,0x8024,0x8001,0x8023,0x8001,0x8001,
  0x8001,0x8001,0x8001,0x8001,0x8001,0x8002,0x8843,0x8002,0x8001,0x8001,0x8024,0x8001,0x8001,0x8001,0x8001,0x8022,
  0x8001,0x8001,0x8022,0x8001,0x8022,0x8022,0x8001,0x8422,0x8001,0x8001,0x8021,0x8001,0x8C42,0x8022,0x8022,0x8422,
  0x8002,0x8001,0x8001,0x8002,0x8001,0x8022,0x8023,0x8001,0x8001,0x8022,0x8001,0x8002,0x8002,0x8001,0x8002,0x8023,
  0x8001,0x8044,0x8001,0x8045,0x8002,0x8045,0x8002,0x8002,0x8044,0x8066,0x8024,0x8023,0x84A9,0x8023,0x8024,0x8046,
  0x8023,0x994E,0x8046,0x8024,0x8087,0x8486,0x9D0A,0x8466,0x8002,0x8067,0xA12B,0x8044,0x8067,0x84CC,0x8024,0x8088,
  0x8488,0x996E,0x8067,0x84CB,0x88CB,0x9571,0x88ED,0x8067,0x8D92,0x8089,0x8D2F,0x8D0D,0x88ED,0x8930,0xB255,0x80AA,
  0x8066,0x912E,0x84AA,0x8067,0xA190,0x8066,0x8088,0x8066,0x84A9,0x84AA,0x994E,0x8024,0x8D0E,0x8023,0x8CCA,0x8CA7,
  0xB0C6,0x8045,0x8001,0x8089,0x8024,0x8002,0x8001,0x8044,0x8044,0x8001,0x8044,0x8001,0x8024,0x8001,0x8001,0x8045,
  0x8002,0x8022,0x8001,0x8022,0x8001,0x8045,0x8001,0x8001,0x8024,0x8002,0x8023,0x8046,0x81B6,0xF7FF,0x8258,0x8002,
  0x8045,0x8001,0x8023,0x8001,0x8024,0x8002,0x8023,0x8002,0x8021,0x8001,0x8001,0x8001,0x8002,0x8001,0x8001,0x8001,
  0x8001,0x8001,0x8022,0x8001,0x8001,0x8001,0x8001,0x8001,0x8002,0x8001,0x8002,0x8001,0x8001,0x8001,0x8001,0x8002,
  0x8002,0x8002,0x8001,0x8023,0x8001,0x8023,0x8023,0x8001,0x8023,0x8001,0x8023,0x8001,0x8001,0x8022,0x8043,0x8022,
  0x8002,0x8023,0x8001,0x8001,0x8002,0x8002,0x8001,0x8001,0x8001,0x8001,0x8001,0x8001,0x8001,0x8002,0x8001,0x8001,
  0x8001,0x8001,0x8022,0x8002,0x8022,0x8022,0x8843,0x8002,0x8022,0x8422,0x8842,0x8022,0x8442,0x8021,0x8001,0x8442,
  0x8001,0x8022,0x8001,0x8001,0x8000,0xA529,0x8001,0x8001,0x8001,0x8001,0x8001,0x8001,0x8001,0x8001,0x8001,0x8001,
  0x8001,0x8001,0x8001,0x8001,0x8001,0x8023,0x8002,0x8001,0x8001,0x8002,0x8001,0x8001,0x8001,0x8001,0x8001,0x8001,
  0x8001,0x8001,0x8001,0x8001,0x8001,0x8001,0x8001,0x8001,0x8001,0x8022,0x8043,0x8001,0x8023,0x8022,0x8001,0x8001,
  0x8001,0x8023,0x8001,0x8001,0x8001,0x8001,0x8023,0x8002,0x8002,0x8001,0x8067,0x8002,0x8024,0x8002,0x8046,0x8022,
  0x8044,0x8002,0x8002,0x8001,0x8001,0x8001,0x8023,0x8022,0x8001,0x8044,0x8022,0x8001,0x8002,0x8002,0x8001,0x8022,
  0x8001,0x8001,0x8001,0x8001,0x8001,0x8001,0x8001,0x8001,0x8001,0x8023,0x8001,0x8002,0x8001,0x8001,0x8002,0x8422,
  0x8001,0x8022,0x8021,0x8022,0x8001,0x8022,0x8002,0x8022,0x8001,0x8001,0x8023,0x8001,0x8002,0x8002,0x8001,0x8022,
  0x8044,0x8001,0x8001,0x8001,0x8022,0x8022,0x8024,0x8002,0x8046,0x8000,0x812F,0x8001,0x8044,0x8044,0x8024,0x8002,
  0x8045,0x8088,0x8023,0x8024,0x8045,0x8024,0x84CB,0x8067,0x952E,0x8488,0x8045,0x8466,0x8445,0x8024,0x8067,0x8045,
  0x8047,0x88CB,0x8089,0x8025,0x8488,0x8024,0x8467,0x8489,0x8023,0x88CB,0x84AA,0x8D0E,0x88EC,0x914F,0x9237,0x8D50,
  0x9150,0x9150,0x8D2E,0x8D2F,0x8044,0x8D2E,0xA14D,0x8046,0x8488,0x8066,0x8067,0xA1B1,0x8046,0x84A9,0x8089,0x950C,
  0x8067,0x8487,0x8066,0x8022,0x8045,0xF74C,0x8023,0x8024,0x8066,0x8023,0x88CB,0x8002,0x8065,0x8002,0x8001,0x8001,
  0x8002,0x8002,0x8001,0x8001,0x8001,0x8001,0x8001,0x8002,0x8001,0x8001,0x8001,0x8001,0x8002,0x8001,0x8001,0x8002,
  0x8001,0x8001,0x8000,0x8153,0x8002,0x8023,0x8002,0x8022,0x8001,0x8001,0x8001,0x8001,0x8002,0x8001,0x8001,0x8001,
  0x8001,0x8001,0x8002,0x8002,0x8001,0x8001,0x8002,0x8002,0x8002,0x8001,0x8002,0x8001,0x8001,0x8001,0x8001,0x8001,
  0x8001,0x8001,0x8001,0x8001,0x8001,0x8001,0x8001,0x8001,0x8001,0x8024,0x8001,0x8001,0x8001,0x8001,0x8001,0x8023,
  0x8023,0x8022,0x8001,0x8002,0x8001,0x8001,0x8001,0x8001,0x8001,0x8001,0x8001,0x8001,0x8001,0x8001,0x8001,0x8001,
  0x8001,0x8002,0x8002,0x8001,0x8001,0x8001,0x8001,0x8022,0x8001,0x8022,0x8002,0x8002,0x8002,0x8422,0x8001,0x8022,
  0x8C62,0x8022,0x8021,0x8022,0x8002,0x8022,0x8843,0x8022,0x8002,0x8001,0x8001,0x8001,0x8001,0x8843,0x8002,0x8001,
  0x8001,0x8001,0x8001,0x8001,0x8001,0x8001,0x8001,0x8001,0x8001,0x8002,0x8001,0x90EB,0x8001,0x8001,0x8001,0x8001,
  0x8001,0x8001,0x8001,0x8001,0x8001,0x8001,0x8001,0x8001,0x8001,0x8001,0x8001,0x8001,0x8001,0x8001,0x8001,0x8001,
  0xACE6,0x8001,0x8002,0x8001,0x8002,0x8002,0x8002,0x8001,0x8001,0x8001,0x8022,0x8002,0x8001,0x8024,0x8024,0x8001,
  0xC3DF,0x8044,0x8023,0x8023,0x8023,0x8001,0x8023,0x8001,0x8001,0x9443,0x8021,0x8001,0x8422,0x8021,0x8022,0x8023,
  0x8002,0x8022,0x8002,0x8001,0x8001,0x8022,0x8022,0x8002,0x8002,0x8001,0x8001,0x8001,0x8022,0x8043,0x8001,0x8023,
  0x8022,0x8002,0x8002,0x8001,0x8022,0x8021,0x8002,0x8022,0x8422,0x8022,0x8022,0x8022,0x8002,0x8044,0x8001,0x8001,
  0x8023,0x8001,0x8002,0x8001,0x8001,0x8001,0x8001,0x8001,0x8001,0x8002,0x8022,0x8002,0x8023,0x8023,0x8002,0x8023,
  0x8000,0x8044,0x8024,0x8044,0x8024,0x8023,0x88A9,0x8003,0x8488,0x8066,0x8486,0x8CC9,0x8088,0x8489,0x8003,0x8066,
  0x94C7,0x8465,0x8487,0x8488,0x84A9,0x8088,0x8024,0x84AB,0x8002,0x8046,0x84A9,0x8046,0x8046,0x8067,0x8067,0x8045,
  0x84AA,0x8088,0x8D0E,0x8D51,0xC39E,0x812F,0x9150,0x84CB,0x84CC,0x9970,0x88CA,0x8489,0x8489,0x84AA,0x8024,0x8067,
  0xBA55,0x8045,0x8066,0x8023,0x8467,0x8024,0x8487,0x8024,0x8066,0x84CA,0x8045,0x8002,0x8466,0x8002,0x8046,0x8023,
  0x8023,0x8001,0x8023,0x8001,0x8001,0x8002,0x8022,0x8002,0x8002,0x8001,0x8001,0x80CB,0x8001,0x8001,0x8001,0x8001,
  0x8001,0x8001,0x8001,0x8046,0x8002,0x8001,0x8023,0x8022,0x8002,0x8047,0x8002,0x8002,0x8002,0x8002,0x8002,0x8002,
  0x8001,0x8001,0x8001,0x8001,0x8001,0x8001,0x8023,0x8002,0x8001,0x8023,0x8002,0x8002,0x8022,0x8002,0x8001,0x8001,
  0x8001,0x8001,0x8002,0x8002,0x8001,0x8001,0x8002,0x8002,0x8001,0x8001,0x8001,0x8002,0x8001,0x8001,0x8001,0x8002,
  0x8023,0x8001,0x8001,0x8022,0x8001,0x8022,0x8843,0x8022,0x8022,0x8002,0x8001,0x8022,0x8002,0x8022,0x8001,0x8001,
  0x8001,0x8001,0x8001,0x9195,0x8001,0x8001,0x8001,0x8022,0x8022,0x8001,0x8001,0x8001,0x8001,0x8001,0x8002,0x8022,
  0x8022,0x8022,0x8002,0x8002,0x8422,0x8022,0x8022,0x8022,0x8001,0x8422,0x8022,0x8001,0x8022,0x8002,0x8002,0x8001,
  0x8001,0x8022,0x8001,0x8002,0x8001,0x8001,0x8001,0x8001,0x8001,0x8001,0x8001,0x8001,0x8002,0x8001,0x8001,0x8023,
  0x8001,0x8001,0x8001,0x8001,0x8001,0x8001,0x8001,0x8001,0x8022,0x8001,0x8001,0x8001,0x8422,0x8001,0x8002,0x8001,
  0x8001,0x8001,0x8001,0x8001,0x8001,0x8002,0x8001,0x8022,0x8002,0x8022,0x8002,0x8001,0x8001,0x8024,0x8001,0x8001,
  0x8001,0x8022,0x8024,0x8001,0x8002,0x8023,0x8067,0x8002,0x8024,0x8001,0x8023,0x8001,0x8001,0x8001,0x8001,0x8001,
  0x8001,0x8002,0x8022,0x8002,0x8001,0x8422,0x8843,0x8001,0x8844,0x8001,0x8001,0x8044,0x8001,0x8001,0x8022,0x8001,
  0x8001,0x8001,0x8023,0x8022,0x8001,0x8001,0x8044,0x8022,0x8024,0x8001,0x9463,0x8001,0x8023,0x8001,0x8022,0x8002,
  0x8001,0x8023,0x8001,0x8001,0x8022,0x8002,0x8001,0x8001,0x8023,0x8001,0x8001,0x8001,0x8001,0x8001,0x8022,0x8023,
  0x8045,0x8024,0x8045,0x8001,0x8001,0x8023,0xB77E,0x8024,0x8045,0x8044,0x8022,0x8024,0x8024,0x84A8,0x8088,0x8067,
  0x8488,0x84CB,0x84CA,0x8066,0x8089,0x8023,0x88CB,0x8487,0x8886,0x8023,0x8087,0x8001,0x8067,0x8066,0x8003,0x8024,
  0x8045,0xFBFF,0x8023,0x84A9,0x8023,0x80AB,0x9571,0x84CA,0x9193,0xA6FD,0xFFFF,0x8A78,0x99F5,0x84CB,0x890E,0x890E,
  0x910C,0x8067,0x994F,0x88EC,0x8045,0x8002,0x8021,0x8CCA,0x8487,0x88A8,0x8002,0x84A9,0x8046,0x8046,0x8D0E,0x8044,
  0x8044,0x8088,0x8022,0x8046,0x8023,0x8001,0x8066,0x8001,0x8001,0x8002,0x8002,0x84CB,0x8001,0x8023,0x8044,0x8001,
  0x8001,0x8002,0x8022,0x8002,0x8001,0x8001,0x8843,0x8001,0x8001,0x8001,0x8001,0x8001,0x8001,0x8022,0x8022,0x8024,
  0x8001,0x8022,0x8001,0x8022,0x8001,0x8002,0x8002,0x8023,0x8022,0x8001,0x8001,0x8001,0x8001,0x8002,0x8001,0x8088,
  0x8002,0x8002,0x8002,0x8001,0x8001,0x8001,0x8001,0x8001,0x8002,0x8001,0x8001,0x8002,0x8001,0x8002,0x8001,0x8001,
  0x8001,0x8001,0x950D,0x8001,0x8001,0x8001,0x8001,0x8001,0x8001,0x8001,0x8023,0x8022,0xFB51,0x8842,0x8022,0x8001,
  0x8001,0x8002,0x8002,0x8001,0x8001,0x8001,0x8001,0x8001,0x8001,0x8001,0x8001,0x8001,0x8001,0x8001,0x8001,0x8001,
  0x8001,0x8001,0x8001,0x8001,0x8001,0x8001,0x8001,0x8001,0x8442,0x8002,0x8002,0x8001,0x9083,0x8002,0x8002,0x8002,
  0x8442,0x8002,0x8001,0x8022,0x8001,0x8002,0x8001,0x8001,0x8001,0x8001,0x8001,0x8001,0x8001,0x8001,0x8002,0x8001,
  0x8001,0x8001,0x8001,0x8001,0x8002,0x8022,0x8001,0x8001,0x8001,0x8001,0x8001,0x8001,0x8001,0x8001,0x8001,0x8001,
  0x8001,0x8001,0x8001,0x8001,0x8001,0x8001,0x8001,0x8001,0x8001,0x8001,0x8001,0x8002,0x8002,0x8001,0x8002,0x8001,
  0x8001,0x8001,0x8001,0x8001,0x8001,0x8022,0x8001,0x8024,0x8002,0x8023,0x8002,0x8000,0x8024,0x8023,0x8001,0x8002,
  0x8001,0x8001,0x8001,0x8023,0x8001,0x8001,0x8023,0x8002,0x8443,0x8022,0x8422,0x8421,0x8001,0x8001,0x8001,0x8001,
  0x8002,0x8001,0x8001,0x8001,0x8002,0x8002,0x8001,0x8001,0x8001,0x8001,0x8001,0x8001,0x8001,0x8001,0x8001,0x8001,
  0x8001,0x8002,0x8001,0x8001,0x8001,0x8002,0x8002,0x8001,0x8001,0x8001,0x8001,0x8001,0x8001,0x8001,0x8001,0x8001,
  0x8001,0x8022,0x8001,0x8024,0x8001,0x8022,0x8044,0x8001,0x8066,0x8044,0x8002,0x8002,0x8066,0x8001,0x8045,0x8024,
  0x84AA,0x8488,0x8045,0x8088,0x8046,0x84A9,0x84A9,0x8088,0x9D6E,0xC5ED,0x8046,0x84A9,0x8066,0x8487,0x90C9,0x8045,
  0x8024,0x8023,0x9D4D,0x8023,0x8046,0x9CEA,0x8024,0x8065,0x8045,0x8001,0x84A9,0x994F,0x8068,0x890E,0x8088,0x8551,
  0xA2FD,0x80CC,0x890F,0x890E,0x8467,0x84CB,0x8045,0x8089,0x8086,0x84A8,0x8002,0x99D4,0x8002,0x8023,0x8487,0x8045,
  0x8023,0x8066,0x8045,0x8CEB,0x8023,0x8022,0x910D,0x8024,0x8023,0x80AA,0x8002,0x8001,0x8000,0x8001,0x8002,0x8002,
  0x88EC,0x8045,0x8044,0x8044,0x8002,0x8002,0x8002,0x8001,0x8842,0x8001,0x8001,0x8001,0x8002,0x8022,0x8002,0x8001,
  0x8002,0x8001,0x8001,0x8002,0x8022,0x8001,0x8022,0x8001,0x8022,0x8001,0x8022,0x8022,0x8001,0x8002,0x8001,0x8001,
  0x8001,0x8001,0x8023,0x8001,0x8068,0xCBDF,0x8088,0x8002,0x8023,0x8022,0x8001,0x8002,0x8002,0x8001,0x8088,0x8001,
  0x8022,0x8001,0x8002,0x8001,0x8001,0x8001,0x8001,0x8001,0x8001,0x8001,0x8001,0x8022,0x8001,0x8001,0x8001,0x8022,
  0x8001,0x8022,0x8043,0x8022,0x8001,0x8002,0x8001,0x8002,0x8001,0x8001,0x8001,0x8001,0x8001,0x8001,0x8001,0x8001,
  0x8001,0x8001,0x8001,0x8001,0x8001,0x8001,0x8001,0x8002,0x8002,0x8001,0x8001,0x8001,0x8001,0x8022,0x8022,0x8002,
  0x8001,0x8001,0x8001,0x8022,0x8022,0x8002,0x8422,0x8002,0x8422,0x8001,0x8001,0x8022,0x8023,0x8001,0x8001,0x8001,
  0x8022,0x8001,0x8001,0x8002,0x8001,0x8002,0x8001,0x8001,0x8001,0x8001,0x8001,0x8022,0x8001,0x8001,0x8001,0x8001,
  0x8001,0x8022,0x8001,0x8002,0x8002,0x8022,0x8001,0x8001,0x8001,0x8002,0x8002,0x8001,0x8002,0x8001,0x8001,0x8001,
  0x8001,0x8001,0x8001,0x8002,0x8022,0x8001,0x8002,0x8001,0x8001,0x8022,0x8023,0x8001,0x8025,0x8001,0x8023,0x8023,
  0x8022,0x8022,0x8023,0x8023,0x8001,0x8023,0x8001,0x8044,0x8002,0x8001,0x8001,0x8023,0x8001,0x8022,0x8022,0x8022,
  0x8023,0x8022,0x8022,0x8022,0x9084,0x8001,0x8001,0x8001,0x8001,0x8022,0x8001,0x8002,0x8001,0x8001,0x8023,0x8444,
  0x8002,0x8001,0x8001,0x8001,0x8001,0x8002,0x8001,0x8022,0x8001,0x8001,0x8002,0x8001,0x8001,0x8001,0x8002,0x8001,
  0x8022,0x8002,0x8002,0x8001,0x8001,0x8001,0x8001,0x8045,0x8001,0x92FC,0x8001,0x8002,0x8000,0x8023,0x8022,0x88EC,
  0x8024,0x8045,0x8023,0x8046,0x8023,0x8045,0x8045,0x8024,0x8488,0x8024,0x8088,0x84AA,0x84AA,0x84CB,0x9D6F,0x8088,
  0x88CB,0x8046,0x8067,0x8023,0x8023,0x8002,0xB548,0x8023,0x8045,0x8023,0x84A9,0x8002,0x8067,0x8067,0x8066,0x8044,
  0x88EB,0x8023,0x84EC,0x9592,0x8D0E,0x84ED,0x8993,0x84CC,0x88ED,0x8088,0x8489,0x8089,0x99B4,0x8044,0x84CB,0x8000,
  0x8022,0x8045,0x8488,0x8CEC,0x8001,0x8024,0x910B,0x8044,0x8045,0x8065,0x8066,0x8044,0x8025,0x8067,0x8487,0x8022,
  0x8044,0x8002,0x8001,0x8001,0x8067,0x8002,0x8001,0x8066,0x8022,0x8002,0x8022,0x8001,0x8445,0x8002,0x8001,0x8002,
  0x8002,0x8002,0x8002,0x8002,0x8001,0x8001,0x8022,0x8001,0x8001,0x8002,0x8001,0x8024,0x8022,0x8022,0x8001,0x8022,
  0x8022,0x8002,0x8001,0x8002,0x8002,0x8045,0x8002,0x8001,0x8001,0x8002,0x8002,0x8068,0x8001,0x8002,0x8001,0x8001,
  0x8001,0x8001,0x8002,0x8022,0x8002,0x8001,0x8001,0x8001,0x8002,0x8002,0x8002,0x8022,0x8001,0x8001,0x8001,0x8001,
  0x8001,0x8001,0x8001,0x8001,0x8001,0x8022,0x8022,0x8001,0x8022,0x8001,0x8001,0x8001,0x8001,0x8002,0x8002,0x8001,
  0x8001,0x8002,0x8001,0x8001,0x8001,0x8001,0x8001,0x8001,0x8001,0x8001,0x8001,0x8001,0x8001,0x8023,0x8001,0x8001,
  0x8001,0x90A7,0x8001,0x8001,0x8001,0x8422,0x8001,0x8001,0x8022,0x8002,0x8022,0x8022,0x8001,0x8002,0x8043,0x8001,
  0x8001,0x8022,0x8001,0x8001,0x8001,0x8001,0x8001,0x8001,0x8001,0x8002,0x8001,0x8001,0x8001,0x8001,0x8001,0x8001,
  0x8001,0x8001,0x8001,0x8001,0x8002,0x8002,0x8001,0x8002,0x8001,0x8422,0x8002,0x8022,0x8002,0x8001,0x8422,0x8002,
  0x8022,0x8002,0x8001,0x8022,0x8422,0x8002,0x8001,0x8001,0x8002,0x8001,0x8001,0x8002,0x8001,0x8002,0x8022,0x8001,
  0x8001,0x8023,0x8001,0x8022,0x8002,0x8022,0x8445,0x8045,0x8023,0x8001,0x8044,0x8001,0x8023,0x8001,0x8002,0x8001,
  0x8023,0x8001,0x8022,0x8022,0x9063,0x8422,0x8022,0x8022,0x8022,0x8022,0x8002,0x8044,0x8001,0x8001,0x8001,0x8023,
  0x8001,0x8001,0x8023,0x8001,0x8002,0x8022,0x8022,0x8001,0x8001,0x8001,0x8022,0x8001,0x8044,0x8001,0x8001,0x8001,
  0x8001,0x8001,0x8001,0x8001,0x8001,0x8044,0x8002,0x8001,0x8001,0x8001,0x8001,0x8001,0x8044,0x8022,0x8002,0x8002,
  0x8002,0x8023,0x8044,0x8000,0x8088,0x8001,0x8088,0x8023,0x8067,0x8023,0x8045,0x8044,0x8066,0x84AA,0x8466,0x84A9,
  0x84AA,0x8089,0x84AB,0x890D,0xB9AB,0x88EB,0x8024,0x88EB,0x8067,0x8088,0x8045,0x8002,0x8001,0x992D,0x8023,0x8066,
  0x8044,0x8046,0x8066,0xBADB,0x8044,0x8067,0x8045,0x910C,0x8045,0x88CB,0x9550,0x80AB,0x890D,0x890D,0x84AA,0x914F,
  0x88CB,0x8D0C,0x8065,0x84AA,0x8086,0x8088,0x8023,0x8045,0x8002,0x8044,0x8002,0x8023,0x8045,0x8CA9,0x8066,0x8022,
  0x8087,0x8065,0x9D50,0x8022,0x8488,0x8000,0x8045,0x8002,0x8022,0x84AA,0x8001,0x8044,0x8044,0x8002,0x8022,0x8001,
  0x8C63,0x8022,0x8002,0x8022,0x8022,0x8022,0x8422,0x8022,0x8002,0x8442,0x8002,0x8022,0x8002,0x8002,0x8001,0x8001,
  0x8001,0x8022,0x8022,0x8001,0x8001,0x8001,0x8001,0x8065,0x8001,0x8001,0x8001,0x8001,0x8001,0x8001,0x8001,0x8002,
  0x8002,0x8023,0x8001,0x8002,0x8002,0x8001,0x8001,0x8001,0x8001,0x8001,0x8001,0x8024,0x8001,0x8001,0x8002,0x8002,
  0x8023,0x8002,0x8001,0x8001,0x8001,0x8001,0x8001,0x8001,0x8001,0x8001,0x8001,0x8001,0x8023,0x8001,0x8001,0x8001,
  0x8001,0x8002,0x8001,0x8002,0x8001,0x8002,0x8002,0x8001,0x8001,0x8001,0x8001,0x8001,0x8001,0x8001,0x8001,0x8001,
  0x8001,0x8001,0x8001,0x8638,0x8002,0x8001,0x8001,0x8001,0x8001,0x8001,0x8001,0x8001,0x8023,0x8001,0x8001,0x8001,
  0x8001,0x8001,0x8001,0x8001,0x8002,0x8001,0x8001,0x8002,0x8001,0x8022,0x8001,0x8001,0x8C86,0x8002,0x8001,0x8002,
  0x8001,0x8001,0x8001,0x8001,0x8001,0x8001,0x8001,0x8001,0x8001,0x8001,0x8001,0x8001,0x8002,0x8001,0x8002,0x8002,
  0x8002,0x8001,0x8001,0x8022,0x8422,0x8022,0x8022,0x8022,0x8022,0x8001,0x8001,0x8001,0x8002,0x8001,0x8001,0x8001,
  0x8022,0x8001,0x8023,0x8023,0x8002,0x8001,0x8023,0x8001,0x8023,0x8001,0x8023,0x8023,0x8002,0x8001,0x8023,0x8023,
  0x8022,0x8002,0x8001,0x8001,0x8023,0x8002,0x8001,0x8442,0x8001,0x9062,0xFB73,0xBD87,0x8022,0x8022,0x8022,0x8001,
  0x8864,0x8002,0x8023,0x8024,0x8001,0x8001,0x8002,0x8001,0x8002,0x8001,0x8022,0x8002,0x8001,0x8001,0x8001,0x8002,
  0x8001,0x8022,0x8022,0x8001,0x8001,0x8001,0x8001,0x8001,0x8001,0x8001,0x8022,0x8001,0x8001,0x8001,0x8023,0x8001,
  0x8023,0x8024,0x8002,0x8045,0x8001,0x8001,0x8045,0x8067,0x8023,0x8066,0x8022,0x8023,0x8CC9,0x8487,0x8489,0x8045,
  0x8022,0x8000,0x8466,0x8044,0x8CC9,0x8067,0x8487,0x8D2E,0x954F,0x80A9,0x88CA,0x80AA,0x8489,0x8488,0x8046,0x8045,
  0x8487,0x990B,0x8002,0x8001,0x8045,0x8046,0x8002,0x8CEC,0x8045,0x8044,0x84CA,0x84A9,0x84A9,0x8022,0x9171,0x8067,
  0x84EC,0x84A9,0x9150,0x8025,0x84A9,0x8089,0x84AB,0x8066,0x8088,0x8022,0x84ED,0x8023,0x8022,0x84A9,0x8000,0x910C,
  0x8023,0x8044,0x8023,0x8045,0x8023,0x8066,0x8024,0x8002,0x8067,0x8066,0x8023,0x8CCA,0x8024,0x8001,0x8067,0x8044,
  0x8023,0x8022,0x8000,0x8044,0x8001,0x8044,0x8022,0x8022,0x8442,0x8021,0x8C42,0x8022,0x8022,0x8422,0x8001,0x8001,
  0x8002,0x8002,0x8002,0x8001,0x8001,0x8002,0x8001,0x8001,0x8001,0x8001,0x8001,0x8001,0x8001,0x8044,0x8001,0x8022,
  0x8001,0x8023,0x8001,0x8001,0x8023,0x8001,0x8001,0x8001,0x8001,0x8001,0x8002,0x8022,0x8001,0x8001,0x8001,0x8001,
  0x8001,0x8001,0x8002,0x8022,0x8022,0x8002,0x8001,0x8001,0x8001,0x8001,0x8001,0x8001,0x8001,0x8001,0x8001,0x8001,
  0x8001,0x8001,0x8001,0x8001,0x8022,0x8001,0x8001,0x8001,0x8002,0x8002,0x8001,0x8001,0x8002,0x8001,0x8001,0x8001,
  0x8001,0x8002,0x8022,0x8022,0x8001,0x8001,0x8001,0x8023,0x8001,0x8001,0x8001,0x8001,0x8023,0x8002,0x8001,0x8001,
  0x8022,0x8001,0x8001,0x8001,0x8C84,0x8001,0x8001,0x8022,0x8001,0x8002,0x8843,0x8001,0x8001,0x8001,0x8001,0x8022,
  0x8001,0x8001,0x8001,0x8001,0x8001,0x8001,0x8001,0x8001,0x8001,0x8001,0x8001,0x8001,0x8001,0x8001,0x8001,0x8001,
  0x8001,0x8001,0x8001,0x8001,0x8002,0x8002,0x8001,0x8001,0x8022,0x8022,0xB505,0x8022,0x8022,0x8002,0x8022,0x8001,
  0x8001,0x8002,0x8001,0x8001,0x8001,0x8001,0x8002,0x8001,0x8001,0x8002,0x8002,0x8001,0x8001,0x8001,0x8022,0x8001,
  0x8001,0x8001,0x8044,0x8023,0x8001,0x8001,0x8022,0x8C65,0x8022,0x8001,0x8001,0x8001,0x8044,0x8022,0x8022,0x8002,
  0x8421,0x8421,0x8022,0x8022,0x8002,0x8CA7,0x8000,0x8001,0x8044,0x8022,0x8001,0x8001,0x8022,0x8022,0x8001,0x8001,
  0x8024,0x8023,0x8001,0x8022,0x8001,0x8001,0x8422,0x8001,0x8002,0x8002,0x8001,0x8001,0x8002,0x8001,0x8001,0x8001,
  0x8001,0x8022,0x8022,0x8022,0x8001,0x8001,0x8023,0x8002,0x8023,0x8044,0x8023,0x8487,0x8022,0x8002,0x8024,0x8487,
  0x8045,0x8001,0x8067,0x8001,0x8489,0x8045,0x8002,0x8023,0x88A8,0x88CA,0x8067,0x8489,0x88EC,0x8067,0x8066,0x8067,
  0x8D2E,0xADAE,0x8088,0x910D,0x910C,0x88A8,0x8888,0x8023,0x8023,0x8023,0x8023,0xBE31,0x8023,0x8045,0x8002,0x8024,
  0x8023,0x8C87,0x88A9,0x8D0C,0x84CB,0x910D,0x8045,0x88ED,0x8046,0x80AA,0x8067,0x8046,0x8045,0xA5D3,0x8023,0x8066,
  0x8002,0x8044,0x8022,0x8044,0x8001,0x8045,0x8045,0x8044,0x8001,0x8044,0x8023,0x8045,0x910C,0x8023,0x8023,0x8CCA,
  0x8023,0x8046,0x8002,0x8001,0x8046,0x8023,0x8023,0x8001,0x8002,0x8001,0x8002,0x8022,0x8022,0x8442,0x8442,0x8421,
  0x9883,0x8843,0x8022,0x8022,0x8422,0x8001,0x8002,0x8002,0x8002,0x8002,0x8022,0x8002,0x8001,0x8001,0x8001,0x8001,
  0x8001,0x8001,0x8001,0x8001,0x8001,0x8002,0x8002,0x8001,0x8001,0x8001,0x8001,0x8001,0x8001,0x8001,0x8001,0x8001,
  0x8002,0x8001,0x8001,0x8001,0x8001,0x8001,0x8001,0x8001,0x8002,0x8002,0x8001,0x8001,0x8001,0x8001,0x8001,0x8001,
  0x8001,0x8001,0x8001,0x8023,0x8001,0x8002,0x8022,0x8001,0x8001,0x8001,0x8001,0x8001,0x8002,0x8002,0x8002,0x8022,
  0x8022,0x8002,0x8001,0x8001,0x8001,0x8001,0x8001,0x8023,0x8002,0x8001,0x8001,0x8022,0x8023,0x8001,0x8001,0x8001,
  0x8001,0x8001,0x8002,0x8022,0x8001,0x8001,0x8001,0x8001,0x8001,0x8001,0x8001,0x8001,0x8001,0x8022,0x8001,0x8001,
  0x8022,0x8001,0x8001,0x8001,0x8001,0x8022,0x8001,0x8001,0x8001,0x8022,0x8001,0x8001,0x8024,0x8001,0x8001,0x8023,
  0x8002,0x8001,0x8001,0x8023,0x8001,0x8001,0x8001,0x8001,0x8422,0x8022,0x8001,0x8422,0x8022,0x8002,0x8842,0xB504,
  0xFBDD,0x98A3,0x8022,0x8022,0x8022,0x8002,0x8002,0x8001,0x8001,0x8001,0x8001,0x8001,0x8023,0x8001,0x8001,0x8001,
  0x8001,0x8001,0x8001,0x8022,0x8001,0x8022,0x8001,0x8044,0x8002,0x8001,0x8002,0x8022,0x8066,0x8022,0x8022,0x8001,
  0x8002,0x8001,0x8002,0x8002,0x8022,0x8023,0x8022,0x8022,0x8022,0x8022,0x8022,0x8001,0x8001,0x8001,0x8001,0x8001,
  0x8023,0x8001,0x8001,0x8001,0x8001,0x8002,0x8001,0x8001,0x8000,0xC1AA,0x8002,0x8022,0x8001,0x8001,0x8001,0x8865,
  0x8001,0x8001,0x8022,0x8001,0x8044,0x8001,0x8001,0x8045,0x8001,0x8001,0x8002,0x8024,0x8066,0x8001,0x8023,0x8044,
  0x8023,0x8024,0x8044,0x8024,0x8043,0x8022,0x8023,0x8089,0x8023,0x90EB,0x8001,0x8023,0x8087,0x8067,0x8489,0x84A8,
  0x8046,0x88CA,0x8D2E,0x8089,0x8068,0x9171,0x84CA,0x84AA,0x84AA,0x8467,0x84AA,0x8023,0x8024,0x8465,0x8002,0x8002,
  0x8067,0x8043,0x98C7,0x8488,0x8024,0x84AA,0x80A9,0x8066,0x8046,0x8487,0x8D0D,0x8046,0x890E,0x8066,0x892E,0x8047,
  0x8489,0x8045,0x8023,0x8047,0x8067,0x8001,0x8044,0x8000,0x8044,0x8046,0x8024,0x8045,0x8002,0x8022,0x8023,0x8002,
  0x8044,0x8001,0x8888,0x8022,0x88CA,0x8044,0x8487,0x8046,0x8002,0x8023,0x8000,0x8045,0x8001,0x8002,0x8001,0x8002,
  0x8022,0x8002,0x8022,0x8442,0x8422,0x8420,0xEE25,0x8842,0x8C42,0x8022,0x8022,0x8002,0x8001,0x8001,0x8001,0x8002,
  0x8002,0x8002,0x8001,0x8022,0x8001,0x8001,0x8022,0x8022,0x8002,0x8002,0x8001,0x8001,0x8001,0x8001,0x8001,0x8001,
  0x8001,0x8001,0x8001,0x8001,0x8001,0x8001,0x8001,0x8001,0x8001,0x8001,0x8002,0x8001,0x8001,0x8001,0x8001,0x8001,
  0x8002,0x8001,0x8001,0x8001,0x8001,0x8001,0x8001,0x8001,0x8002,0x8001,0x8001,0xD230,0x8022,0x8002,0x8001,0x8001,
  0x8002,0x8001,0x8002,0x8002,0x8001,0x8444,0x8465,0x8002,0x8022,0x8001,0x8002,0x8001,0x8001,0x8002,0x84EB,0x8024,
  0x8001,0x8001,0x8001,0x8001,0x8001,0x8001,0x8001,0x8001,0x8001,0x8002,0x8001,0x8001,0x8001,0x8001,0x8001,0x8001,
  0x8044,0x8001,0x8001,0x8001,0x8001,0x8001,0x8001,0x8001,0x8001,0x8002,0x8002,0x8002,0x8001,0x8001,0x8044,0x8001,
  0x8001,0x8001,0x8001,0x8001,0x8002,0x8001,0x8002,0x8001,0x8001,0x8001,0x8001,0x8001,0x8001,0x8001,0x8001,0x8001,
  0x8001,0x8001,0x8001,0x8022,0x8001,0x8001,0xCD63,0x8022,0x8022,0x8001,0x8002,0x8001,0x8001,0x8002,0x8001,0x8001,
  0x8001,0x8002,0x8001,0x8001,0x8001,0x8001,0x8001,0x8001,0x8001,0x8001,0x8001,0x8002,0x8001,0x8001,0x8001,0x8001,
  0x8023,0x8444,0x8001,0x8022,0x8001,0x8022,0x8001,0x8023,0x8001,0x8022,0x8C63,0x8002,0x8022,0x8022,0x8022,0x8001,
  0x8001,0x8843,0x8001,0x8022,0x8001,0x8044,0x8022,0x8001,0x8001,0x8089,0x8001,0x8002,0x8001,0x8001,0x8001,0x8001,
  0x8002,0x8001,0x8001,0x8001,0x8022,0x8001,0x8001,0x8001,0x8465,0x8001,0x8001,0x8001,0x8023,0x8001,0x8001,0x8001,
  0x8024,0x8022,0x8046,0x8045,0x8046,0x8001,0x8023,0x8002,0x8046,0x8023,0x8001,0x8023,0x88CA,0x8046,0x8023,0x8024,
  0x8066,0x8066,0x8045,0x8088,0x950A,0x950C,0x84A9,0x910D,0x8067,0x84CB,0x8CEA,0xC1CD,0x80AA,0xCA52,0x80A9,0x954E,
  0x8003,0x8886,0x8CA7,0x8465,0x8000,0x8024,0x8046,0x8023,0x84A9,0x8002,0x954E,0x8001,0x8023,0x80A9,0x8045,0x88CB,
  0x8068,0x80CB,0x8067,0x84ED,0x8067,0x8045,0x8067,0x9DD4,0x8002,0x8045,0x8045,0x8021,0x8001,0x8023,0x8022,0x8023,
  0x8002,0x8001,0x8002,0x8023,0x8003,0x8486,0x8023,0xA190,0x8024,0x8487,0x8003,0x950C,0x8044,0x8001,0x8002,0x8002,
  0x8022,0x8001,0x8044,0x8022,0x8002,0x8001,0x8022,0x8022,0x8021,0x9463,0x8841,0xE204,0xFFFC,0xE1E5,0x9083,0x8C63,
  0x8022,0x8022,0x8001,0x8842,0x8001,0x8002,0x8001,0x8002,0x8001,0x8002,0x8001,0x8001,0x8001,0x8001,0x8001,0x8001,
  0x8001,0x8001,0x8001,0x8001,0x8001,0x8002,0x8001,0x8001,0x8001,0x8023,0x8002,0x8001,0x8001,0x8001,0x8022,0x8001,
  0x8001,0x8001,0x8001,0x8001,0x8001,0x8002,0x8001,0x8001,0x8002,0x8002,0x8001,0x8001,0x8001,0x8001,0x8001,0x8001,
  0x8002,0x8000,0x8002,0x8002,0x8001,0x8001,0x8001,0x8001,0x8001,0x8001,0x8022,0x8002,0x8001,0x8023,0x8001,0x8002,
  0x8002,0x8002,0x8001,0x8001,0x8001,0x8001,0x8001,0x8001,0x8001,0x8002,0x8002,0x8001,0x8023,0x8001,0x8001,0x8002,
  0x8001,0x8001,0x8001,0x8001,0x8001,0x8002,0x8023,0x8001,0x8001,0x8002,0x8001,0x8001,0x8001,0x8001,0x8002,0x8022,
  0x8001,0x8001,0x8001,0x8022,0x8001,0x8001,0x8001,0x8001,0x8001,0x8001,0x8002,0x8001,0x8001,0x8002,0x8001,0x8001,
  0x8001,0x8001,0x8001,0x8001,0x8001,0x8001,0x8002,0x8001,0x8002,0x8002,0x8022,0x8021,0x8021,0x8022,0x8022,0x8001,
  0x8002,0x8001,0x8002,0x8002,0x8002,0x8002,0x8001,0x8001,0x8001,0x8002,0x8001,0x8001,0x8001,0x8002,0x8002,0x8001,
  0x8022,0x8001,0x8022,0x8002,0x8001,0x8001,0x8002,0x8001,0x8001,0x8001,0x8001,0xAA76,0x8022,0x8001,0x8001,0x8001,
  0x8021,0x8001,0x8022,0x8022,0x8022,0x8001,0x8001,0x8002,0x8443,0x8023,0x8465,0x8001,0x90A7,0x8024,0x8001,0x8001,
  0x8001,0x8002,0x8001,0x8001,0x8044,0x8002,0x8001,0x9CE6,0x8001,0x8001,0x8002,0x8001,0x8001,0x8044,0x8002,0x8002,
  0x8001,0x8001,0x8023,0x8001,0x8023,0x8023,0x8023,0x8023,0x8A5B,0x8024,0x8024,0x8022,0x8044,0x8001,0x8044,0x8024,
  0x952D,0x8024,0x8045,0x8002,0x8044,0x88EC,0x8023,0x88CA,0x84A9,0x8488,0x8066,0x84A9,0x88CA,0x8067,0x8D0D,0x910C,
  0xA56C,0x8088,0xADAE,0x8466,0x994E,0x8045,0x88A8,0x8887,0x8886,0x8001,0x8001,0x8001,0x8044,0x8002,0x8045,0x8002,
  0x88A9,0x8002,0x8023,0x8023,0x952D,0x8023,0x84AA,0x8066,0x8D0D,0x8046,0xDFDE,0x8024,0x8066,0x8046,0x8065,0x8022,
  0x8001,0x8022,0x8044,0x8023,0x8043,0x8045,0x8065,0x8023,0x8023,0x8022,0x8001,0x8467,0x8045,0x8046,0x8024,0x84A9,
  0x8023,0x8066,0x8001,0x8023,0x8464,0x8045,0x8023,0x8023,0x8002,0x8022,0x8022,0x8843,0x8002,0x8001,0x8422,0x8021,
  0x8422,0x8000,0xE9E2,0x8841,0x8842,0x8022,0x8022,0x8001,0x8021,0x8022,0x8001,0x8001,0x8001,0x8001,0x8021,0x8001,
  0x8001,0x8001,0x8001,0x8001,0x8001,0x8022,0x8001,0x8002,0x8001,0x8001,0x8001,0x8002,0x8001,0x8001,0x8001,0x8002,
  0x8001,0x8002,0x8044,0x8002,0x8002,0x8001,0x8001,0x8002,0x8001,0x8022,0x8002,0x8001,0x8001,0x8001,0x8001,0x8001,
  0x8002,0x8002,0x8001,0x8001,0x8002,0x8001,0x8001,0x8001,0x8001,0x8022,0x8001,0x8001,0x8001,0x8001,0x8001,0x8022,
  0x8022,0x8002,0x8001,0x8022,0x8002,0x8001,0x8002,0x8001,0x8001,0x8002,0x8001,0x8002,0x8002,0x8001,0x8002,0x8001,
  0x8002,0x8001,0x8022,0x8001,0x8001,0x8001,0x8001,0x8001,0x8001,0x8001,0x8001,0x8002,0x8002,0x8002,0x8002,0x8001,
  0x8001,0x8001,0x8001,0x8023,0x8022,0x8001,0x8001,0x8001,0x8001,0x8022,0x8001,0x8001,0x8001,0x8001,0x8044,0x8001,
  0x8001,0x8001,0x8001,0x8001,0x8001,0x8001,0x8001,0x8001,0x8001,0x8002,0x8001,0x8001,0x8002,0x8001,0x8001,0x8022,
  0x8002,0x8022,0x8022,0x8001,0x8002,0x8001,0x8002,0x8001,0x8001,0x8001,0x8002,0x8001,0x8001,0x8023,0x8001,0x8023,
  0x8002,0x8002,0x8001,0x8001,0x8022,0x8001,0x8002,0x8002,0x8002,0x8022,0x8001,0x8001,0x8022,0x8001,0x8001,0x8002,
  0x8022,0x8000,0x8001,0x8001,0x8001,0x8002,0x8001,0x8001,0x8022,0x8001,0x8001,0x8022,0x8002,0x8443,0x8001,0x8023,
  0x8001,0x8002,0x8002,0x8002,0x8002,0x8023,0x8022,0x8022,0x8002,0x8001,0x8002,0x8001,0x8001,0x8000,0x8001,0x8001,
  0x8023,0x8001,0x8001,0x8001,0x8022,0x8001,0x8023,0x8023,0x8022,0x8023,0x8023,0x8024,0x8044,0x8950,0xCF3C,0x896F,
  0x8045,0x8045,0x8024,0x8044,0x8023,0x8023,0x8044,0x8023,0x8088,0x8022,0x8001,0x8088,0x8023,0x84CB,0x8088,0x8089,
  0x84A9,0x84CA,0x8066,0x8067,0x8CED,0x84AA,0x8068,0x910C,0x98C8,0x8CEB,0x84A9,0x8CEB,0x8024,0x8045,0x8444,0x8002,
  0x8022,0x8066,0x8001,0x8000,0x8066,0x8023,0x8022,0x8467,0x8066,0x84AA,0x8068,0x8046,0x8068,0x8088,0x8068,0x890D,
  0x8067,0x8045,0x8044,0x8043,0x8044,0x8023,0x8022,0x8001,0x8023,0x8023,0x8023,0x8046,0x8001,0x8044,0x8023,0x8023,
  0x8023,0x8022,0x8023,0x8045,0x8022,0x8002,0x8044,0x8023,0x8023,0x8000,0x98E8,0x8022,0x8023,0x8045,0x8002,0x8002,
  0x8002,0x8002,0x8002,0x8002,0x8022,0x8022,0x8022,0x8841,0xA0A2,0x8842,0x8422,0x8422,0x8022,0x8001,0x8001,0x8002,
  0x8001,0x8001,0x8001,0x8001,0x8001,0x8001,0x8001,0x8001,0x8001,0x8001,0x8001,0x8001,0x8001,0x8001,0x8001,0x8001,
  0x8001,0x8001,0x8001,0x8001,0x8001,0x8022,0x8001,0x8001,0x8002,0x8002,0x8001,0x8001,0x8422,0x8001,0x8001,0x8001,
  0x8022,0x8001,0x8001,0x8001,0x8001,0x8001,0x8022,0x8001,0x8001,0x8001,0x8001,0x8001,0x8022,0x8001,0x8001,0x8001,
  0x8001,0x8001,0x8022,0x8001,0x8001,0x8001,0x8001,0x8002,0x8022,0x8002,0x8022,0x8001,0x8001,0x8001,0x8001,0x8001,
  0x8002,0x8001,0x8001,0x8001,0x8001,0x8001,0x8001,0x8001,0x8001,0x8001,0x8001,0x8001,0x8001,0x8001,0x8001,0x8001,
  0x8001,0x8001,0x8002,0x8001,0x8022,0x8001,0x8001,0x8001,0x8001,0x8001,0x8001,0x8001,0x8001,0x8001,0x8001,0x8001,
  0x8001,0x8001,0x8001,0x8022,0x808A,0x8001,0x8002,0x8001,0x8001,0x8001,0x8001,0x8001,0x8001,0x8001,0x8001,0x8001,
  0x8001,0x8001,0x8001,0x8422,0x8001,0x8001,0x8022,0x8002,0x8422,0x8002,0x8002,0x8001,0x8002,0x8001,0x8001,0x8001,
  0x8001,0x8001,0x8001,0x8001,0x8022,0x8D70,0x84C9,0x8022,0x8002,0x8001,0x8002,0x8002,0x8001,0x8001,0x8001,0x8001,
  0x8001,0x8001,0x8001,0x8001,0x8001,0x8002,0x8001,0x8001,0x8001,0x8001,0x8822,0x8001,0x8444,0x8022,0x8001,0x8001,
  0x8022,0x8001,0x8022,0x8001,0x8002,0x8001,0x8001,0x8023,0x8022,0x8D4F,0x8001,0x8001,0x8001,0x8002,0x8002,0x8001,
  0x8001,0x8001,0x8002,0x8044,0x8001,0x8044,0x8022,0x8001,0x8044,0x8001,0x8024,0x8001,0x8002,0x8002,0x8022,0x8001,
  0x8022,0x8023,0x8023,0x8002,0x81F7,0x8001,0x8044,0x8044,0x8001,0x8023,0x8001,0x8023,0x8044,0x8024,0x8002,0x8002,
  0x8087,0x8024,0x84CB,0x8024,0x84A9,0x8488,0x9D6E,0x9970,0x8089,0x912E,0x8068,0x84CB,0xA5D2,0x90EC,0x84A9,0x8045,
  0x8487,0x8002,0x8066,0x8023,0x8023,0x8866,0x8022,0x954F,0x8001,0x8D50,0x8001,0x8023,0x8864,0x8045,0x8045,0x8045,
  0x8066,0x8023,0x84CC,0x8024,0x88EC,0x8024,0x80AA,0x8023,0x8045,0x8044,0x8023,0x94A7,0x8001,0x8022,0x8022,0x88CA,
  0x8023,0x8002,0x8023,0x8001,0x8001,0x8001,0x8022,0x8044,0x8488,0x8002,0x8002,0x8022,0x94EB,0x8022,0x8487,0x8002,
  0x8024,0x8022,0x8022,0x8024,0x8001,0x8023,0x8022,0x8045,0x8022,0x8022,0x8022,0x8022,0x8422,0x8021,0x9042,0x8022,
  0x8422,0x8022,0x8022,0x8001,0x8001,0x8001,0x8002,0x8002,0x8001,0x8002,0x8001,0x8001,0x8001,0x8001,0x8001,0x8001,
  0x8002,0x8001,0x8001,0x8001,0x8001,0x8001,0x8001,0x8022,0x8001,0x8021,0x8002,0x8002,0x8001,0x8001,0x8001,0x8001,
  0x8001,0x8000,0xFB73,0x8022,0x8002,0x8001,0x8002,0x8001,0x8001,0x8001,0x8002,0x8002,0x8001,0x8001,0x8001,0x8001,
  0x8001,0x8001,0x8002,0x8022,0x8002,0x8022,0x8002,0x8002,0x8001,0x8001,0x8001,0x8022,0x8022,0x8021,0x8001,0x8001,
  0x8002,0x8001,0x8002,0x8001,0x8001,0x8001,0x8001,0x8001,0x8001,0x8001,0x8001,0x8001,0x8001,0x8002,0x8001,0x8001,
  0x8001,0x8001,0x8001,0x8001,0x8001,0x8001,0x8001,0x8001,0x8001,0x8001,0x8001,0x8023,0x8001,0x8001,0x8001,0x8001,
  0x8001,0x8002,0x8001,0x8001,0x8045,0x8001,0x8001,0x8001,0x8022,0x8066,0xD3DF,0x8002,0x8002,0x8002,0x8022,0x8001,
  0x8001,0x8002,0x8001,0x8002,0x8001,0x8001,0x8001,0x8001,0x8021,0x8001,0x8001,0x8022,0x8001,0x8022,0x8001,0x8001,
  0x8002,0x8022,0x8022,0x8842,0x8C63,0x8001,0x8046,0x8001,0x8002,0x8002,0x8002,0x8002,0x8002,0x8002,0x8002,0x8001,
  0x8002,0x8022,0x8002,0x8002,0x8001,0x8002,0x8001,0x8002,0x8001,0x8001,0x8001,0x8023,0x8001,0x8002,0x8001,0x8001,
  0x8465,0x8001,0x8001,0x8022,0x8022,0x8002,0x8002,0x8022,0x8022,0x8001,0x8022,0x8001,0x8001,0x8044,0x8022,0x8001,
  0x8001,0x8022,0x8022,0x8001,0x8000,0x8000,0x84A9,0x8002,0x8066,0x8045,0x8001,0x910C,0x8022,0x8023,0x8022,0x8001,
  0x8024,0x8022,0x8023,0x8002,0x8023,0x8001,0x8024,0x8044,0x8045,0x8002,0x8068,0x8022,0x8023,0x8001,0x8024,0x8023,
  0x8066,0x8044,0x8002,0x8045,0x8024,0x8044,0x8CEC,0x8044,0x8046,0x88AA,0x8066,0x8488,0x88CA,0x84AA,0x8D0E,0x890D,
  0xA1B1,0x84CA,0x8488,0x8CEB,0x8087,0xB989,0x8887,0x8065,0x8066,0x8023,0x8023,0x8022,0x8CC8,0x8000,0x8000,0x8000,
  0x8044,0x8001,0x8022,0x8024,0x8045,0x94EA,0x8066,0x8045,0x890D,0x8044,0x8025,0x8046,0x8024,0x8046,0x8024,0x8044,
  0x8045,0x8001,0x8022,0x8021,0x88C9,0x8002,0x8023,0x8022,0x8024,0x8002,0x8023,0x8022,0x8000,0x8001,0x8001,0x8887,
  0x8022,0x8001,0x8024,0x8023,0x8023,0x8023,0x8023,0x8045,0x8022,0x8002,0x8001,0x8023,0x8022,0x8023,0x8023,0x8022,
  0x8443,0x8022,0x8002,0x8422,0x8422,0x8022,0x8022,0x8442,0x8001,0x8022,0x8002,0x8001,0x8002,0x8022,0x8001,0x8001,
  0x8001,0x8002,0x8001,0x8001,0x8002,0x952F,0x8022,0x8001,0x8001,0x8001,0x8001,0x8001,0x8001,0x8001,0x8001,0x8001,
  0x8001,0x8001,0x8001,0x8001,0x8001,0x8001,0x8001,0x8001,0x8000,0x8002,0x8002,0x8001,0x8001,0x8001,0x8001,0x8001,
  0x8001,0x8001,0x8001,0x8001,0x8001,0x8001,0x8002,0x8002,0x8002,0x8002,0x8001,0x8002,0x8002,0x8001,0x8023,0x8001,
  0x8002,0x8001,0x8001,0x8001,0x8001,0x8001,0x8022,0x8002,0x8001,0x8001,0x8001,0x8001,0x8001,0x8001,0x8001,0x8001,
  0x8001,0x8002,0x8002,0x8001,0x8001,0x8001,0x8001,0x8001,0x8001,0x8001,0x8001,0x8001,0x8001,0x8001,0x8001,0x8001,
  0x8001,0x8002,0x8001,0x8001,0x8001,0x8001,0x8001,0x8001,0x8001,0x8001,0x8002,0x8001,0x8001,0x8001,0x8001,0x8002,
  0x8004,0x8022,0x8001,0x8002,0x8001,0x8001,0x8001,0x8001,0x8001,0x8001,0x8022,0x8001,0x8002,0x8001,0x8001,0x8022,
  0x8001,0x8001,0x8002,0x8002,0x8001,0x8001,0x8001,0x8001,0x8001,0x8001,0x8001,0x8001,0x8001,0x8001,0x8001,0x8001,
  0x8001,0x8002,0x8002,0x8001,0x8001,0x8001,0x8023,0x8001,0x8001,0x8001,0x8002,0x8002,0x8001,0x8001,0x8001,0x8001,
  0x8002,0x8022,0x9043,0x8001,0x8001,0x8001,0x8001,0x8001,0x8001,0x8001,0x8843,0x8022,0x8022,0x8002,0x8001,0x8022,
  0x8001,0x8022,0x8001,0x8022,0x8001,0x8001,0x8046,0x8045,0x8001,0x8001,0x8001,0x8001,0x8023,0x8001,0x8066,0x8002,
  0x8045,0x8000,0x8045,0x8001,0x8044,0x8001,0x8002,0x8022,0x8001,0x80AA,0x8002,0x8044,0x8001,0x8000,0x8044,0x8002,
  0x8024,0x8044,0x8002,0x8045,0x8002,0x8044,0x8023,0x8023,0x8023,0x8066,0xA52A,0x8001,0x8024,0x8488,0x8046,0x8068,
  0x9D6E,0xA18F,0x88CB,0x84AA,0x84AB,0x8D0D,0x88CB,0x88EC,0x8D0D,0x8D0C,0x8067,0x8023,0x94A8,0x8067,0x8024,0x8024,
  0x8023,0x8002,0x8000,0x8001,0x8001,0x8045,0x8002,0x8001,0x8023,0x8066,0x8067,0x8002,0x8046,0x8087,0x8067,0x8488,
  0x8002,0x8002,0x8045,0x8002,0x8001,0x8022,0x8022,0x8044,0x8001,0x8023,0x8023,0x8001,0x8002,0x8045,0x8002,0x8023,
  0x8001,0x8001,0x8023,0x8045,0x8023,0x8001,0x8067,0x8001,0x8001,0x8044,0x8024,0x8022,0x8022,0x8044,0x8001,0x8001,
  0x8044,0x8022,0x8023,0x8066,0x8023,0x8022,0x8022,0x8022,0x8002,0x8001,0x8022,0x8022,0x8001,0x8022,0x8422,0x8023,
  0x8002,0x8001,0x8002,0x8001,0x8002,0x8001,0x8001,0x8002,0x8001,0x8002,0x8001,0x8001,0x8001,0x8001,0x8001,0x8001,
  0x8001,0x8001,0x8001,0x8001,0x8001,0x8001,0x8002,0x8002,0x8001,0x8001,0x8001,0x8001,0x8001,0x8001,0x8001,0x8001,
  0x8001,0x8001,0x8001,0x8022,0x8001,0x8002,0x8001,0x8001,0x8001,0x8002,0x8001,0x8002,0x8001,0x8001,0x8001,0x8001,
  0x8001,0x8001,0x8001,0x8001,0x84A9,0x8002,0x8002,0x8001,0x8001,0x8001,0x8002,0x8001,0x8002,0x8002,0x8001,0x8001,
  0x8001,0x8001,0x8001,0x8001,0x8001,0x8001,0x8001,0x8422,0x8001,0x8022,0x8001,0x8001,0x8001,0x8022,0x8001,0x8001,
  0x8001,0x8022,0x8001,0x8002,0x8001,0x8001,0x8001,0x8001,0x8001,0x8001,0x8002,0x8001,0x8001,0x8001,0x8001,0x8022,
  0x8001,0x8023,0x8001,0x8001,0x8001,0x8001,0x8024,0x8001,0x8001,0x8001,0x8002,0x8001,0x8002,0x8001,0x8022,0x8001,
  0x8001,0x8001,0x8001,0x8001,0x8001,0x8001,0x8001,0x8001,0x8022,0x8001,0x8442,0x8001,0x8002,0x8C63,0x8421,0xDA4E,
  0x8022,0x8044,0x8002,0x8002,0x8001,0x8001,0x8022,0x8001,0x8001,0x8001,0x8001,0x8001,0x8002,0x8001,0x8001,0x8001,
  0x8001,0x8002,0x8001,0x8001,0x8001,0x8001,0x8001,0x8001,0x8001,0x8001,0x8001,0x8001,0x8001,0x8001,0x8044,0x8023,
  0x8002,0x8002,0x8002,0x8002,0x8001,0x8001,0x8023,0x8001,0x8023,0x8001,0x8044,0x8023,0x8000,0x8000,0x8001,0x8002,
  0x8023,0x8023,0x8001,0x8066,0x8001,0x8024,0x8045,0x8001,0x98EA,0x8000,0x8001,0x8067,0x8002,0x8022,0x8088,0x8001,
  0x8022,0x8044,0x8002,0x8001,0x8000,0x8045,0x8089,0x8022,0x8024,0x8001,0x84A8,0x8001,0x8466,0x8065,0x8065,0x8002,
  0x8023,0x8022,0x84CB,0x8024,0xB1AD,0x8489,0x8025,0x8067,0x910D,0x912E,0x84ED,0x88AA,0x88A9,0x8067,0x8467,0x8024,
  0x8CEA,0x8066,0x88A8,0x8001,0x8000,0x8CEB,0x8002,0x8022,0x8000,0xB1AF,0x8066,0x8046,0x8023,0x8002,0x8088,0x8002,
  0x8002,0x8066,0xEF56,0x8045,0x80AA,0x8002,0x88EC,0x8024,0x8045,0x8045,0x8002,0x8022,0x8046,0x8022,0x8022,0x8066,
  0x8022,0x8023,0x8022,0x8023,0x8000,0x8001,0x8001,0x8022,0x8022,0x8002,0x8045,0x8002,0x8001,0x8001,0x8022,0x8023,
  0x88EC,0x8023,0x8001,0x8002,0x8021,0x8023,0x8022,0x8044,0x8023,0x808A,0x8024,0x8024,0x8022,0x8022,0x8043,0x8001,
  0x9063,0x8001,0x8442,0x8001,0x8022,0x8002,0x8002,0x8001,0x8023,0x8002,0x8001,0x8002,0x8001,0x8001,0x8001,0x8001,
  0x8001,0x8001,0x8001,0x8001,0x8001,0x8001,0x8001,0x8001,0x8001,0x8001,0x8001,0x8001,0x8022,0x8001,0x8001,0x8001,
  0x8001,0x8001,0x8001,0x8001,0x8001,0x8001,0x8001,0x8001,0x8001,0x8002,0x8023,0x8002,0x8001,0x8001,0x8002,0x8002,
  0x8001,0x8001,0x8001,0x8022,0x8001,0x8002,0x8002,0x8001,0x8022,0x80AA,0xFBFF,0x80CA,0x8001,0x8002,0x8001,0x8002,
  0x8022,0x8002,0x8001,0x8022,0x8002,0x8001,0x8001,0x8001,0x8001,0x8001,0x8001,0x8002,0x8422,0xC586,0x8022,0x8001,
  0x8001,0x8002,0x8001,0x8022,0x8001,0x8022,0x8444,0x8002,0x8001,0x8001,0x8022,0x8001,0x8001,0x8001,0x8001,0x8001,
  0x8002,0x8001,0x8001,0x8001,0x8001,0x8002,0x8001,0x8001,0x8001,0x8023,0x8001,0x8001,0x8002,0x8001,0x8022,0x8001,
  0x8001,0x8001,0x8001,0x8001,0x8002,0x8001,0x8001,0x8001,0x8001,0x8001,0x8001,0x8022,0x8001,0x8022,0x8001,0x8001,
  0x8001,0x8001,0x8842,0x8001,0x8022,0x8001,0x8023,0x8023,0x8002,0x8002,0x8022,0x8001,0x8002,0x8002,0x8001,0x8001,
  0x8001,0x8001,0x8002,0x8001,0x8002,0x8001,0x8002,0x8002,0x8001,0x8001,0x8001,0x8001,0x8001,0x8001,0x8002,0x8001,
  0x8001,0x8002,0x8001,0x8001,0x8843,0x8001,0x8002,0x8001,0x8002,0x8022,0x8001,0x8001,0x8023,0x8002,0x8001,0x8022,
  0x8001,0x954F,0x8022,0x8001,0x8023,0x8023,0x8023,0x8023,0x8001,0x8066,0x8023,0x8066,0x8022,0x8024,0x8002,0x8023,
  0x8002,0x8002,0x8022,0x8044,0x8001,0x8466,0x8023,0x8002,0x8024,0x8044,0x8044,0x8001,0x8024,0x8044,0x8001,0x8044,
  0x8001,0x8024,0x8023,0x8023,0x8023,0x8045,0x8044,0x8066,0x8045,0x84AA,0x8466,0x910C,0x88CB,0x84CB,0x8CEB,0x84A9,
  0x88CA,0x88A9,0x88A9,0x8045,0x8024,0x8CC9,0x8023,0x8044,0x8024,0x8066,0x8001,0x8024,0x8023,0x8022,0x8023,0x8023,
  0x8001,0x8023,0x8023,0x88A8,0x8024,0x8025,0x8066,0x8024,0x84A9,0x8044,0x8089,0x8024,0x80AA,0x8023,0x8D2E,0x8001,
  0x8023,0x8023,0x8023,0x8065,0x8023,0x8022,0x8023,0x8002,0x8044,0x8001,0x8001,0x8001,0x8022,0x8022,0x8023,0x8001,
  0x8001,0x8001,0x8022,0x8001,0x8023,0x8001,0x8001,0x8002,0x8001,0x8001,0x8022,0x8002,0x8023,0x8044,0x8023,0x8A18,
  0x8044,0x8023,0x8023,0x8022,0x8022,0x8022,0x8001,0x8001,0x8022,0x8001,0x8002,0x8423,0x8002,0x8001,0x8001,0x8001,
  0x8001,0x8001,0x8001,0x8001,0x8001,0x8001,0x8001,0x8001,0x8001,0x8001,0x8001,0x8002,0x8001,0x8001,0x8001,0x8001,
  0x8001,0x8001,0x8001,0x8001,0x8001,0x8001,0x8001,0x8001,0x8001,0x8002,0x8001,0x8002,0x8022,0x8001,0x8001,0x8001,
  0x8002,0x8001,0x8001,0x8001,0x8002,0x8002,0x8001,0x8001,0x8002,0x8001,0x8001,0x8001,0x8002,0x8002,0x8002,0x8001,
  0x80CB,0x8002,0x8001,0x8002,0x8001,0x8001,0x8022,0x8002,0x8001,0x8001,0x8002,0x8001,0x8002,0x8001,0x8022,0x8002,
  0x8001,0x8022,0x8422,0xC9E9,0x8022,0x8001,0x8001,0x8001,0x8002,0x8001,0x8022,0x88A7,0x88A7,0x8022,0x8001,0x8002,
  0x8044,0x8001,0x8002,0x8002,0x8001,0x8001,0x8001,0x8001,0x8001,0x8001,0x8001,0x8001,0x8022,0x8001,0x8001,0x8022,
  0x8001,0x8001,0x8002,0x8001,0x8022,0x8002,0x8001,0x8001,0x8001,0x8066,0x8002,0x8001,0x8001,0x8001,0x8001,0x8001,
  0x8002,0x8002,0x8002,0x8001,0x8001,0x8001,0x8002,0x8001,0x8022,0x8002,0x8023,0x8023,0x8023,0x8001,0x8022,0x8001,
  0x8001,0x8002,0x8001,0x8022,0x8001,0x8001,0x8001,0x8001,0x8002,0x8001,0x8002,0x8002,0x8001,0x8001,0x8001,0x8001,
  0x8001,0x8001,0x8001,0x8001,0x8001,0x8001,0x8001,0x8002,0x8001,0x8001,0x8001,0x8001,0x8002,0x8001,0x8001,0x8001,
  0x8001,0x8001,0x8001,0x8001,0x8001,0x8002,0x8001,0x8087,0x8001,0x8022,0x8022,0x8023,0x8023,0x8023,0x8024,0x8045,
  0x8045,0x8044,0x8045,0x8045,0x8024,0x8023,0x8002,0x8022,0x8022,0x8044,0x8003,0x8066,0x8025,0x8023,0x8044,0x8044,
  0x8022,0x8022,0x8023,0x8023,0x8002,0x8045,0x8022,0x8465,0x8002,0x8002,0x8044,0x8024,0x84A9,0x8066,0x8025,0x8089,
  0x8088,0x88EB,0x8489,0x80AB,0x8CCB,0x88A9,0x90A8,0x94A5,0x8CA8,0x8067,0x8066,0x84A8,0x8023,0x8022,0x8024,0x8444,
  0x8022,0x8022,0x8023,0x8001,0x8023,0x8044,0x8001,0x8001,0x8001,0x8466,0x8023,0x8024,0x8045,0x8045,0x8045,0x8065,
  0x8045,0x8066,0x8467,0x8023,0x8487,0x8001,0x8002,0x8001,0x8001,0x91F2,0x8023,0x8022,0x8023,0x8001,0x8023,0x8002,
  0x8001,0x8002,0x8023,0x84C9,0x8045,0x8002,0x8002,0x8001,0x8001,0x8001,0x8022,0x8002,0x8022,0x8001,0x8001,0x8002,
  0x8022,0x8022,0x8044,0x8022,0x8024,0x9699,0x8067,0x8023,0x8024,0x8022,0x8022,0x8022,0x8022,0x8022,0x8023,0x8002,
  0x8001,0x8444,0x8002,0x8001,0x8001,0x8001,0x8002,0x8002,0x8001,0x8001,0x8001,0x8001,0x8001,0x8001,0x8001,0x8001,
  0x8001,0x8002,0x8001,0x8001,0x8001,0x8001,0x8001,0x8001,0x8001,0x8001,0x8001,0x8001,0x8001,0x8001,0x8001,0x8002,
  0x8001,0x8002,0x8022,0x8001,0x8001,0x8001,0x8002,0x8002,0x8001,0x8001,0x8022,0x8002,0x8002,0x8001,0x8001,0x8001,
  0x8001,0x8001,0x8001,0x8001,0x8001,0x8001,0x8088,0x8002,0x8002,0x8001,0x8001,0x8001,0x8001,0x8001,0x8001,0x8002,
  0x8001,0x8002,0x8002,0x8001,0x8001,0x8001,0x8002,0x8001,0x8001,0x8002,0x8001,0x8001,0x8001,0x8001,0x8002,0x8001,
  0x8002,0x8001,0x8001,0x8002,0x8001,0x8001,0x8002,0x8001,0x8001,0x8002,0x8002,0x8001,0x8002,0x8001,0x8001,0x8001,
  0x8001,0x8001,0x8001,0x8001,0x8001,0x8002,0x8001,0x8001,0x8002,0x8001,0x8001,0x8002,0x8001,0x8001,0x8001,0x8001,
  0x8001,0x8001,0x8001,0x8001,0x8001,0x8001,0x8002,0x8002,0x8001,0x8001,0x8001,0x8001,0x8022,0x8001,0x8001,0x8002,
  0x8002,0x8022,0x8002,0x8022,0x8002,0x8044,0x8001,0x8002,0x8022,0x8002,0x8001,0x8001,0x8002,0x8001,0x8001,0x8001,
  0x8001,0x8844,0x8002,0x8002,0x8002,0x8001,0x8001,0x8001,0x8001,0x8001,0x8001,0x8001,0x8001,0x8002,0x8001,0x8001,
  0x8001,0x8001,0x8001,0x8001,0x8001,0x8022,0x8023,0x8001,0x8024,0x8022,0x8001,0x8022,0x8088,0x8022,0x8045,0x8045,
  0x8045,0x8045,0x8045,0x8045,0x8024,0x8088,0x8023,0x8066,0x8002,0x8066,0x8023,0x8002,0x8067,0x8000,0x8023,0x8044,
  0x8023,0x8023,0x88A7,0x8045,0x8024,0x8023,0x8066,0x8002,0x8066,0x8001,0x8001,0x8022,0x8023,0x8002,0x88A9,0x8065,
  0x8023,0x8024,0x8024,0x8045,0x8067,0x80A9,0x84AA,0x8068,0x88CA,0x88CA,0x88CB,0x910D,0x90EA,0xA0E6,0x88A8,0x8067,
  0x8045,0x8487,0x8001,0x8022,0x8023,0x8002,0x8023,0x8022,0x8002,0x8023,0x8002,0x8002,0x8022,0x8001,0x84AA,0x8001,
  0x8046,0x8066,0x8466,0x8023,0x8024,0x84A9,0x8045,0x8045,0x8023,0x8045,0x8023,0x8023,0x8023,0x8001,0x8002,0x8002,
  0x8022,0x8022,0x8022,0x8001,0x8022,0x8001,0x8001,0x8001,0x8001,0x8002,0x8002,0x8001,0x8002,0x8002,0x8022,0x8001,
  0x8001,0x8022,0x8002,0x8001,0x8002,0x8023,0x8002,0x8022,0x8023,0x8024,0x8045,0x9699,0x80AA,0x8023,0x8023,0x8002,
  0x8022,0x8022,0x8002,0x8001,0x8001,0x8001,0x8001,0x8002,0x8022,0x8001,0x8001,0x8002,0x8002,0x8002,0x8002,0x8022,
  0x8001,0x8001,0x8001,0x8001,0x8001,0x8001,0x8001,0x8002,0x8001,0x8001,0x8001,0x8001,0x8001,0x8001,0x8001,0x8001,
  0x8001,0x8001,0x8001,0x8021,0x9484,0x8022,0x8002,0x8001,0x8001,0x8001,0x8001,0x8001,0x8001,0x8001,0x8002,0x8001,
  0x8002,0x8001,0x8002,0x8002,0x8001,0x8001,0x8001,0x8001,0x8001,0x8001,0x8001,0x8001,0x8022,0x8001,0x8001,0x8001,
  0x8001,0x8002,0x8001,0x8001,0x8001,0x8001,0x8001,0x8001,0x8002,0x8001,0x8001,0x8001,0x8001,0x8001,0x8002,0x8001,
  0x8001,0x8001,0x8001,0x8001,0x8001,0x8001,0x8001,0x8001,0x8001,0x8001,0x8001,0x8001,0x8001,0x8001,0x8002,0x8022,
  0x8002,0x8001,0x8022,0x8022,0x8001,0x8002,0x8002,0x8001,0x8022,0x8001,0x8002,0x8001,0x8001,0x8001,0x8023,0x8001,
  0x8001,0x8001,0x8002,0x8002,0x8022,0x8002,0x8001,0x8001,0x8421,0x8001,0x8002,0x8002,0x8002,0x8022,0x8002,0x8001,
  0x8001,0x8001,0x8023,0x8001,0x8023,0x8002,0x8022,0x8022,0x8022,0x8022,0x8023,0x8002,0x8002,0x8002,0x8022,0x8001,
  0x8001,0x8002,0x8022,0x8001,0x8001,0x8001,0x8001,0x8044,0x8001,0x8001,0x8001,0x8001,0x8001,0x8002,0x8001,0x8001,
  0x8001,0x8001,0x8001,0x8002,0x8001,0x8002,0x8001,0x8001,0x8001,0x8022,0x8001,0x8022,0x8022,0x8022,0x8001,0x8022,
  0x8002,0x8022,0x8044,0x8022,0x8024,0x8024,0x8045,0x8045,0x8044,0x8045,0x8066,0x8066,0x8487,0x8044,0x8045,0x8066,
  0x8045,0x8044,0x8044,0x8022,0x8044,0x8023,0x8044,0x8023,0x8487,0x8002,0x8024,0x8045,0x8044,0x8023,0x8022,0x8044,
  0x8002,0x8088,0x8022,0x8044,0x8044,0x8023,0x8044,0x8487,0x8067,0x8067,0x8088,0x8CEC,0x8089,0x910C,0x88CA,0x8088,
  0x84A9,0x84CB,0x88A9,0x8C87,0x8045,0x8044,0x8466,0x8CA8,0x8023,0x8023,0x8487,0x8022,0x8044,0x8001,0x8002,0x8023,
  0x8022,0x8002,0x8022,0x8888,0x8024,0x8045,0x8067,0x8045,0x8487,0x8022,0x8487,0x8024,0x8023,0x8066,0x8001,0x8045,
  0x8045,0x8022,0x8002,0x8022,0x8023,0x8001,0x8023,0x8022,0x8001,0x8001,0x8044,0x8002,0x8001,0x8001,0x8001,0x8001,
  0x8002,0x8002,0x8001,0x8023,0x8022,0x8001,0x8001,0x8001,0x8001,0x8001,0x8002,0x8001,0x8001,0x8022,0x8022,0x8023,
  0x8022,0x8172,0x8023,0x8022,0x8022,0x8002,0x8022,0x8022,0x8002,0x8001,0x8001,0x8001,0x8002,0x8001,0x8001,0x8022,
  0x8002,0x8001,0x8001,0x8001,0x8001,0x8022,0x8001,0x8001,0x8001,0x8001,0x8002,0x8002,0x8001,0x8001,0x8001,0x8001,
  0x8001,0x8001,0x8001,0x8001,0x8022,0x8002,0x8001,0x8022,0x8842,0x9483,0xCA50,0x8842,0x8002,0x8001,0x8001,0x8022,
  0x8002,0x8002,0x8002,0x8001,0x8001,0x8001,0x8001,0x8002,0x8002,0x8001,0x8001,0x8001,0x8001,0x8001,0x8002,0x8001,
  0x8001,0x8001,0x8022,0x8001,0x8002,0x8002,0x8001,0x8002,0x8001,0x8002,0x8002,0x8001,0x8002,0x8001,0x8002,0x8001,
  0x8001,0x8001,0x8001,0x8001,0x8001,0x8001,0x8002,0x8001,0x8001,0x8001,0x8001,0x8001,0x8001,0x8001,0x8001,0x8001,
  0x8001,0x8001,0x8001,0x8001,0x8002,0x8002,0x8001,0x8001,0x8001,0x8002,0x8001,0x8001,0x8002,0x8001,0x8023,0x8001,
  0x8001,0x8001,0x8001,0x8001,0x8044,0x8001,0x8001,0x8002,0x8002,0x8001,0x8022,0x8022,0x8001,0x8001,0x9084,0x8001,
  0x8022,0x8002,0x8002,0x8001,0x8001,0x8001,0x8001,0x8001,0x8022,0x8001,0x8023,0x8002,0x8002,0x8002,0x8022,0x8002,
  0x8023,0x8001,0x8022,0x8001,0x8002,0x8001,0x8001,0x8001,0x8022,0x8001,0x8002,0x8044,0x8001,0x8002,0x8002,0x8002,
  0x8001,0x8001,0x8002,0x8002,0x8001,0x8001,0x8001,0x8001,0x8001,0x8002,0x8002,0x8022,0x8001,0x8001,0x8001,0x8022,
  0x8001,0x8001,0x8002,0x8002,0x8001,0x8001,0x8023,0x8022,0x8000,0x8043,0x8001,0x8025,0x8023,0x8024,0x8044,0x8045,
  0x8067,0x8023,0x8CC9,0x8044,0x8466,0x8024,0x8045,0x8023,0x8023,0x8023,0x8044,0x8002,0x8088,0x8023,0x8045,0x8025,
  0x8044,0x8044,0x8023,0x8024,0x8002,0x8045,0x8002,0x8066,0x8023,0x8487,0x8001,0x8023,0x8045,0x8466,0x8065,0x8489,
  0x84AB,0x88CB,0x8067,0x910C,0x8045,0x8046,0x88CA,0x84AA,0x8487,0x8888,0x8445,0x8024,0x8886,0x8023,0x8023,0x8023,
  0x88A9,0x8023,0x8044,0x8000,0x8001,0x8002,0x8024,0x8001,0x8001,0x8466,0x8002,0x8044,0x8045,0x8023,0x8044,0x8024,
  0x8044,0x8023,0x8023,0x8023,0x8001,0x8023,0x8488,0x8000,0x8001,0x8022,0x8022,0x8002,0x8022,0x8022,0x8001,0x8022,
  0x8001,0x8022,0x8022,0x8001,0x8001,0x8001,0x8001,0x8002,0x8023,0x8023,0x8023,0x8001,0x8001,0x8002,0x8002,0x8002,
  0x8022,0x8001,0x8001,0x8022,0x8002,0x8023,0x8022,0x8067,0x8022,0x8022,0x8022,0x8022,0x8022,0x8002,0x8001,0x8001,
  0x8001,0x8001,0x8002,0x8001,0x8001,0x8022,0x8002,0x8001,0x8001,0x8001,0x8021,0x8C63,0x8022,0x8002,0x8002,0x8002,
  0x8001,0x8002,0x8002,0x8002,0x8001,0x8001,0x8001,0x8001,0x8001,0x8001,0x8022,0x8001,0x8001,0x8022,0x8842,0x98A4,
  0xE315,0x8863,0x8022,0x8001,0x8001,0x8022,0x8001,0x8002,0x8002,0x8001,0x8001,0x8001,0x8002,0x8001,0x8022,0x8001,
  0x8001,0x8001,0x8001,0x8002,0x8002,0x8002,0x8001,0x8001,0x8022,0x8001,0x8001,0x8001,0x8022,0x8002,0x8001,0x8001,
  0x8001,0x8001,0x8001,0x8001,0x8002,0x8001,0x8002,0x8002,0x8001,0x8002,0x8001,0x8001,0x8001,0x8001,0x8001,0x8001,
  0x8002,0x8001,0x8001,0x8001,0x8001,0x8001,0x8001,0x8001,0x8001,0x8001,0x8001,0x8001,0x8001,0x8022,0x8001,0x8001,
  0x8001,0x8001,0x8001,0x8001,0x8001,0x8001,0x8001,0x8022,0x8001,0x8001,0x8001,0x8001,0x8001,0x8001,0x8001,0x8001,
  0x8001,0x8001,0x8002,0x8001,0x8002,0x8002,0x8022,0x8001,0x8001,0x8023,0x8001,0x8022,0x8001,0x8022,0x8001,0x8001,
  0x8001,0x8001,0x8001,0x8002,0x8022,0x8002,0x8022,0x8001,0x8002,0x8022,0x8002,0x8001,0x8001,0x8001,0x8001,0x8001,
  0x8023,0x8001,0x8022,0x8001,0x8001,0x8001,0x8001,0x8001,0x8001,0x8001,0x8001,0x8001,0x8001,0x8002,0x8001,0x8001,
  0x8001,0x8001,0x8001,0x8001,0x8001,0x8001,0x8001,0x8001,0x8002,0x8023,0x8022,0x8022,0x8001,0x8022,0x8023,0x8044,
  0x8023,0x8002,0x8023,0x8024,0x8066,0x8045,0x8045,0x8001,0x8488,0x8067,0x8023,0x8088,0x8001,0x8023,0x8045,0x8022,
  0x8023,0x8046,0x8024,0x8045,0x8024,0x8024,0x8046,0x8023,0x8044,0x8002,0x8045,0x8002,0x8045,0x8023,0x8088,0x8023,
  0x8066,0x8066,0x8066,0x8023,0x88CA,0x88CB,0x8088,0x914F,0x8088,0x88CB,0x8025,0x8046,0x8489,0x8066,0x8466,0x8044,
  0x8465,0x8023,0x8465,0x88A9,0x8045,0x8465,0x8023,0x8002,0x8022,0x8001,0x8001,0x8000,0xB968,0x8023,0x8022,0x8044,
  0x8002,0x8023,0x8023,0x8002,0x90C9,0x8022,0x8044,0x8023,0x8001,0x8044,0x8023,0x8023,0x8001,0x8002,0x8002,0x8002,
  0x8001,0x8044,0x8022,0x8023,0x8001,0x8044,0x8465,0x8001,0x8023,0x8001,0x8001,0x8001,0x8002,0x8023,0x8024,0x8002,
  0x8002,0x8022,0x8001,0x8022,0x8001,0x8022,0x8001,0x8022,0x8022,0x8001,0x8002,0x8022,0x8001,0x8044,0x8022,0x8022,
  0x8022,0x8002,0x8002,0x8002,0x8022,0x8002,0x8001,0x8001,0x8022,0x8001,0x8001,0x8001,0x8001,0x8001,0x8001,0x8001,
  0x8001,0x8042,0x8021,0x8001,0x8001,0x8001,0x8001,0x8001,0x8001,0x8002,0x8001,0x8001,0x8001,0x8001,0x8001,0x8002,
  0x8001,0x8001,0x8001,0x8001,0x8001,0x8001,0x8442,0x8001,0x8001,0x8001,0x8001,0x8001,0x8002,0x8002,0x8001,0x8001,
  0x8001,0x8001,0x8001,0x8022,0x8001,0x8002,0x8001,0x8001,0x8002,0x8002,0x8002,0x8001,0x8001,0x8001,0x8002,0x8001,
  0x8001,0x8022,0x8002,0x8001,0x8001,0x8044,0x8002,0x8001,0x8002,0x8001,0x8002,0x8001,0x8044,0x8065,0x8001,0x8001,
  0x8001,0x8002,0x8002,0x8001,0x8023,0x8001,0x8001,0x8022,0x8001,0x8001,0x8001,0x8001,0x8001,0x8001,0x8001,0x8001,
  0x8001,0x8001,0x8001,0x8002,0x8001,0x8001,0x8001,0x8001,0x8001,0x8001,0x8001,0x8002,0x8001,0x8022,0x8001,0x8001,
  0x8001,0x8002,0x8022,0x8001,0x8022,0x8002,0x8001,0x8001,0x8002,0x8002,0x8022,0x8002,0x8002,0x8001,0x8001,0x8001,
  0x8002,0x8001,0x8002,0x8002,0x8001,0x8001,0x8001,0x8001,0x8002,0x8002,0x8022,0x8001,0x8002,0x8001,0x8002,0x8024,
  0x8001,0x8001,0x8001,0x8001,0x8001,0x8022,0x8002,0x8001,0x8022,0x8001,0x8002,0x8001,0x8001,0x8001,0x8001,0x8001,
  0x8001,0x8001,0x8022,0x8001,0x8001,0x8002,0x8001,0x8001,0x8002,0x8002,0x8001,0x8001,0x8002,0x8001,0x8001,0x8023,
  0x8002,0x8022,0x8022,0x8002,0x8044,0x8022,0x8044,0x8022,0x8044,0x8024,0x8067,0x8044,0x8024,0x8045,0x8045,0x8067,
  0x8045,0x8023,0x8023,0x8023,0x8023,0x8045,0x8024,0x8088,0x8045,0x8045,0x8024,0x8045,0x8045,0x8024,0x8044,0x8022,
  0x8067,0x8022,0x8046,0x8066,0x8023,0x8044,0x8487,0x8065,0x8045,0x8046,0x9D90,0x8045,0x88CB,0x8067,0x9990,0x88CA,
  0x8066,0x8067,0x8467,0x84A8,0x8045,0x8888,0x8045,0x8023,0x8024,0x8045,0x8065,0x8023,0x8022,0x84A7,0x8001,0x8001,
  0x8001,0x8000,0x8841,0x8023,0x8002,0x8024,0x8045,0x8CA8,0x8023,0x8024,0x950D,0x8022,0x8066,0x8044,0x8001,0x8045,
  0x8022,0x8022,0x8001,0x8023,0x8023,0x8023,0x8023,0x8066,0x8023,0x8002,0x8001,0x8046,0x8022,0x8002,0x8001,0x8001,
  0x8001,0x8002,0x8022,0x8023,0x8002,0x8001,0x9084,0x8001,0x8023,0x8022,0x8002,0x8022,0x8022,0x8022,0x8002,0x8001,
  0x8001,0x8002,0x8001,0x8022,0x8022,0x8002,0x8002,0x8001,0x8001,0x8065,0x8022,0x8022,0x8001,0x8001,0x8001,0x8001,
  0x8001,0x8022,0x8001,0x8001,0x8001,0x8001,0x8001,0x8022,0x8001,0x8001,0x8001,0x8002,0x8001,0x8001,0x8002,0x8022,
  0x8002,0x8001,0x8001,0x8001,0x8001,0x8002,0x8002,0x8001,0x8001,0x8001,0x8021,0x8001,0x8022,0x8001,0x8001,0x8001,
  0x8001,0x8001,0x8022,0x8002,0x8022,0x8002,0x8001,0x8002,0x8001,0x8002,0x8002,0x8002,0x8002,0x8023,0x8002,0x8002,
  0x8002,0x8001,0x8022,0x8001,0x8001,0x8002,0x8002,0x8022,0x8022,0x8022,0x8023,0x8023,0x8001,0x8001,0x8002,0x8001,
  0x8001,0x8001,0x8001,0x8001,0x8001,0x8001,0x8001,0x852E,0x8001,0x8001,0x8002,0x8001,0x8001,0x8002,0x8001,0x8001,
  0x8022,0x8001,0x8001,0x8001,0x8001,0x8001,0x8001,0x8001,0x8001,0x8001,0x8001,0x8001,0x8001,0x8001,0x8001,0x8001,
  0x8001,0x8002,0x8001,0x8001,0x8001,0x8002,0x8044,0x8001,0x8002,0x8022,0x8002,0x8023,0x8002,0x8001,0x8001,0x8001,
  0x8001,0x8001,0x8001,0x8001,0x8001,0x8002,0x8001,0x8023,0x8022,0x8001,0x8022,0x8001,0x8002,0x8001,0x8002,0x8001,
  0x8002,0x8001,0x8002,0x8001,0x8002,0x8002,0x8002,0x8001,0x8001,0x8002,0x8002,0x8002,0x8001,0x8001,0x8001,0x8001,
  0x8002,0x8001,0x8001,0x8001,0x8001,0x8001,0x8001,0x8001,0x8002,0x8001,0x8002,0x8001,0x8001,0x8002,0x8022,0x8001,
  0x8001,0x8002,0x8022,0x8002,0x8002,0x8001,0x8022,0x8023,0x8023,0x8024,0x8043,0x8002,0x8002,0x8045,0x8023,0x8024,
  0x8044,0x8024,0x8045,0x8044,0x8024,0x8045,0x8022,0x8023,0x8044,0x8002,0x8065,0x8024,0x8044,0x8045,0x8045,0x8046,
  0x8024,0x8045,0x8045,0x8025,0x8066,0x8023,0x8024,0x8066,0x8022,0x8067,0x8023,0x8065,0x8045,0x8067,0x84AA,0x8046,
  0x84AA,0x80AA,0x8068,0x8088,0x8088,0x80A9,0x8889,0x8466,0x8045,0x8466,0x8066,0x8045,0x8467,0x8024,0x8024,0x8488,
  0x8023,0x8023,0x8001,0x8065,0x8001,0x8001,0x8002,0x8002,0x8022,0x8001,0x8022,0x8044,0x8024,0x8001,0x8022,0x8022,
  0x8002,0x8022,0x8002,0x8022,0x8023,0x8001,0x8002,0x8001,0x8023,0x88C9,0x8023,0x8023,0x8024,0x8023,0x8023,0x8002,
  0x8043,0x8001,0x8022,0x8002,0x8022,0x8001,0x8001,0x8001,0x8002,0x8002,0x8002,0x8001,0x8000,0x8002,0x8045,0x8002,
  0x8023,0x8001,0x8022,0x8001,0x8001,0x8002,0x8002,0x8001,0x8001,0x8022,0x8001,0x8002,0x8022,0x8002,0x8023,0x8023,
  0x8002,0x8001,0x8002,0x8022,0x8001,0x8001,0x8001,0x8001,0x8001,0x8001,0x8001,0x8001,0x8001,0x8001,0x8001,0x8001,
  0x8001,0x8001,0x8001,0x8001,0x8001,0x8002,0x8001,0x8001,0x8001,0x8001,0x8001,0x8001,0x8045,0x8002,0x8001,0x8001,
  0x8001,0x8001,0x8001,0x8001,0x8001,0x8001,0x8001,0x8001,0x8022,0x8001,0x8002,0x8002,0x8001,0x8002,0x8001,0x8001,
  0x8422,0x8001,0x8002,0x8001,0x8001,0x8001,0x8001,0x8001,0x8002,0x8001,0x8002,0x8001,0x8001,0x8001,0x8002,0x8002,
  0x8002,0x8002,0x8001,0x8001,0x8001,0x8001,0x8001,0x8001,0x8001,0x8001,0x8001,0x8001,0x8001,0x8002,0x8001,0x8001,
  0x8001,0x8000,0x8001,0x8002,0x8001,0x8002,0x8002,0x8001,0x8002,0x8001,0x8002,0x8002,0x8002,0x8001,0x8002,0x8001,
  0x8001,0x8022,0x8001,0x8002,0x8001,0x8001,0x8001,0x8001,0x8001,0x8001,0x8001,0x8001,0x8045,0x8001,0x8001,0x8022,
  0x8002,0x8001,0x8002,0x8001,0x8002,0x8001,0x8001,0x8001,0x8001,0x8001,0x8001,0x8022,0x8001,0x8002,0x8001,0x8001,
  0x8024,0x8001,0x8002,0x8001,0x8001,0x8002,0x8022,0x8002,0x8023,0x8001,0x8001,0x8001,0x8001,0x8001,0x8002,0x8023,
  0x8023,0x8022,0x8001,0x8001,0x8001,0x8001,0x8001,0x8001,0x8001,0x8001,0x8001,0x8001,0x8001,0x8001,0x8001,0x8001,
  0x8001,0x8001,0x8001,0x8001,0x8000,0x8001,0x8001,0x8022,0x8002,0x8001,0x8002,0x8001,0x8002,0x8022,0x8022,0x8045,
  0x8023,0x8023,0x8002,0x8045,0x8002,0x8023,0x8023,0x8023,0x8046,0x8044,0x8024,0x8024,0x8022,0x8045,0x8044,0x8022,
  0x8087,0x8002,0x8066,0x8024,0x8044,0x8088,0x8046,0x8023,0x8087,0x8087,0x8087,0x8023,0x8024,0x8487,0x8001,0x8487,
  0x8067,0x8024,0x8046,0x8088,0x88CA,0x8024,0x8088,0x88EB,0x8067,0x84EC,0x808A,0x8088,0x8487,0x8067,0x8024,0x8466,
  0x8045,0x8044,0x88A9,0x8066,0x8045,0x8466,0x8001,0x8023,0x8001,0x8022,0x8002,0x8001,0x8002,0x8022,0x8023,0x8001,
  0x8023,0x8045,0x8022,0x8022,0x8044,0x8002,0x8002,0x8001,0x8022,0x8022,0x8024,0x8000,0x8023,0x8001,0x8023,0x88EB,
  0x8002,0x8023,0x8023,0x8044,0x8023,0x8022,0x8442,0x8001,0x8022,0x8002,0x8001,0x8001,0x8001,0x8001,0x8002,0x8001,
  0x8002,0x8002,0x8001,0x8001,0x8044,0x8002,0x8001,0x8001,0x8001,0x8001,0x8002,0x8022,0x8002,0x8001,0x8001,0x8023,
  0x8001,0x8022,0x8022,0x8022,0x8024,0x8022,0x8001,0x8001,0x8002,0x8022,0x8002,0x8001,0x8001,0x8002,0x8001,0x8001,
  0x8002,0x8002,0x8002,0x8001,0x8001,0x8001,0x8001,0x8001,0x8001,0x8001,0x8001,0x8001,0x8001,0x8001,0x8001,0x8002,
  0x8001,0x8002,0x8002,0x8023,0x8001,0x8001,0x8001,0x8001,0x8001,0x8001,0x8001,0x8022,0x8001,0x8001,0x8022,0x8001,
  0x8001,0x8001,0x8001,0x8022,0x8022,0x8001,0x8443,0x8002,0x8022,0x8001,0x8001,0x8001,0x8001,0x8001,0x8022,0x8002,
  0x8023,0x8001,0x8001,0x8001,0x8001,0x8001,0x8001,0x8001,0x8001,0x8001,0x8002,0x8001,0x8001,0x8002,0x8001,0x8001,
  0x8001,0x8001,0x8001,0x8002,0x8001,0x8001,0x8001,0x8023,0x8001,0x8001,0x8001,0x8001,0x8001,0x8001,0x8001,0x8001,
  0x8889,0x8001,0x8001,0x8001,0x8002,0x8001,0x8001,0x8002,0x8001,0x8002,0x8001,0x8001,0x8001,0x8001,0x8001,0x8001,
  0x8001,0x8001,0x8001,0x8022,0x8001,0x8001,0x8001,0x8001,0x8001,0x8001,0x8002,0x8001,0x8001,0x8001,0x8001,0x8001,
  0x8002,0x8002,0x8001,0x8001,0x8002,0x8022,0x80ED,0x8022,0x8022,0x8002,0x8022,0x8001,0x8002,0x8002,0x8001,0x8001,
  0x8001,0x8002,0x8001,0x8002,0x8002,0x8002,0x8002,0x8001,0x8001,0x8001,0x8001,0x8001,0x8001,0x8001,0x8001,0x8001,
  0x8001,0x8001,0x8001,0x8001,0x8001,0x8001,0x8001,0x8001,0x8001,0x8001,0x8842,0x8001,0x8022,0x8001,0x8022,0x8002,
  0x8001,0x8001,0x8044,0x8002,0x8044,0x8001,0x8025,0x8066,0x8022,0x8022,0x8024,0x8023,0x8023,0x8023,0x8045,0x8002,
  0x8023,0x8001,0x8023,0x8022,0x8023,0x8045,0x8023,0x8046,0x8024,0x8088,0x8046,0x8173,0x8025,0x8068,0x8046,0x8025,
  0x8045,0x8024,0x8025,0x8044,0x84A9,0x8066,0x8044,0x8466,0x8487,0x8066,0x8045,0x88A9,0x8046,0x8088,0x8088,0x88CB,
  0x8088,0x8045,0x8467,0x8065,0x8001,0x8024,0x88A7,0x8466,0x8066,0x8045,0x8045,0x94C7,0x8044,0x8001,0x8066,0x8022,
  0x8002,0x8001,0x8023,0x8022,0x8022,0x8023,0x8001,0x8001,0x8023,0x8022,0x8044,0x8023,0x8023,0x8044,0x8002,0x8022,
  0x8001,0x8002,0x8023,0x8022,0x8001,0x8001,0x8022,0x8C43,0x8842,0x8043,0x8023,0x8001,0x8000,0x8022,0x8002,0x8001,
  0x8023,0x8001,0x8002,0x8022,0x8022,0x8022,0x8001,0x8002,0x8023,0x8001,0x8001,0x8022,0x8001,0x8002,0x8022,0x8001,
  0x8023,0x8022,0x8001,0x8001,0x8001,0x8002,0x8002,0x8001,0x8002,0x8023,0x8002,0x8002,0x8001,0x8045,0x8001,0x8001,
  0x8001,0x8001,0x8001,0x8001,0x8001,0x8001,0x8002,0x8002,0x8001,0x8001,0x8001,0x8001,0x8001,0x8001,0x8022,0x8001,
  0x8001,0x8001,0xA0E8,0x8001,0x8001,0x8001,0x8001,0x8043,0x8002,0x8001,0x8023,0x8001,0x8001,0x8001,0x8002,0x8001,
  0x8001,0x8001,0x8001,0x8022,0x8002,0x8001,0x8001,0x8001,0x8001,0x8023,0x8002,0x8022,0x8443,0x8001,0x8022,0x8001,
  0x8001,0x8022,0x8021,0x8022,0x8043,0x8002,0x8022,0x8001,0x8001,0x8002,0x8022,0x8022,0x8002,0x8001,0x8001,0x8001,
  0x8002,0x8001,0x8001,0x8002,0x8001,0x8001,0x8001,0x8001,0x8001,0x8001,0x8001,0x8001,0x8821,0x8022,0x8001,0x8001,
  0x8002,0x8001,0x8001,0x8001,0x8001,0x8001,0x8067,0x8001,0x8001,0x8001,0x8023,0x8001,0x8022,0x8002,0x8001,0x8001,
  0x8001,0x8001,0x8001,0x8002,0x8001,0x8002,0x8001,0x8001,0x8043,0x8001,0x8002,0x8001,0x8001,0x8001,0x8001,0x8001,
  0x8001,0x8001,0x8022,0x8002,0x8002,0x8001,0x8001,0x8001,0x8022,0x8001,0x8023,0x8087,0xC6B6,0x8087,0x8002,0x8002,
  0x8002,0x8022,0x8001,0x8002,0x8022,0x8001,0x8001,0x8022,0x8002,0x8001,0x8001,0x8002,0x8001,0x8001,0x8001,0x8001,
  0x8002,0x8001,0x8001,0x8001,0x8001,0x8001,0x8001,0x8001,0x8001,0x8001,0x8001,0x8001,0x8001,0x8002,0x8001,0x8001,
  0x8002,0x8001,0x8002,0x8002,0x8023,0x8001,0x8001,0x8002,0x8002,0x8023,0x8022,0x8044,0x9E35,0x8023,0x8024,0x8044,
  0x8023,0x8024,0x8002,0x8022,0x8023,0x8023,0x8023,0x8023,0x8023,0x8023,0x8044,0x8023,0x8044,0x8023,0x8067,0x8067,
  0x8130,0xA2BA,0x8068,0x8045,0x8045,0x8045,0x8024,0x8486,0x8002,0x8487,0x8045,0x8488,0x8087,0x8487,0x8045,0x8045,
  0x8067,0x8088,0x8068,0x84CC,0x8065,0x84A9,0x8045,0x88A9,0x8066,0x8045,0x8024,0x8045,0x8465,0x8023,0x8023,0x8044,
  0x8023,0x8022,0x8044,0x8044,0x8023,0x8044,0x8023,0x8002,0x8002,0x8001,0x8023,0x8002,0x8001,0x8001,0x8001,0x8444,
  0x8023,0x8002,0x8022,0x8023,0x8002,0x8044,0x8001,0x8023,0x8001,0x8001,0x8001,0x8023,0x8023,0x8022,0x8022,0x8022,
  0x8023,0x8002,0x8023,0x8001,0x8001,0x8002,0x8002,0x8002,0x8022,0x8002,0x8002,0x8001,0x8001,0x8002,0x8002,0x8001,
  0x8001,0x8001,0x8001,0x8002,0x8001,0x8001,0x8022,0x8002,0x8001,0x8001,0x8001,0x8046,0x8001,0x8001,0x8001,0x8001,
  0x8022,0x8001,0x8001,0x8023,0x8001,0x8001,0x8001,0x8023,0x8002,0x8022,0x8001,0x8001,0x8001,0x8002,0x8001,0x8022,
  0x8001,0x8001,0x8001,0x8001,0x8001,0x8001,0x8002,0x8001,0x8002,0x8001,0x8001,0x8001,0x8001,0x8002,0x8002,0x8002,
  0x8001,0x8001,0x8001,0x8001,0x8002,0x8001,0x8001,0x8001,0x8001,0x8001,0x8001,0x8001,0x8001,0x8002,0x8022,0x8022,
  0x8022,0x8022,0x8443,0x8022,0x8022,0x8022,0x8022,0x8022,0x8022,0x8022,0x8001,0x8002,0x8002,0x8001,0x8001,0x8001,
  0x8022,0x8022,0x8023,0x8022,0x8001,0x8001,0x8002,0x8002,0x8001,0x8022,0x8002,0x8022,0x8001,0x8001,0x8001,0x8002,
  0x8001,0x8001,0x9483,0x8022,0x8001,0x8001,0x8002,0x8001,0x8001,0x8001,0x8001,0x8001,0x8001,0x8001,0x8001,0x8001,
  0x8022,0x8001,0x8022,0x8002,0x8001,0x8022,0x8001,0x8001,0x8001,0x8002,0x8001,0x8002,0x8002,0x8001,0x8023,0x8001,
  0x8001,0x8001,0x8001,0x8001,0x8001,0x8001,0x8001,0x8002,0x8022,0x8002,0x8001,0x8001,0x8001,0x8001,0x8022,0x8001,
  0x8023,0x84A8,0xDF5B,0x80A9,0x8002,0x8002,0x8022,0x8022,0x8001,0x8001,0x8022,0x8001,0x8002,0x8001,0x8001,0x8001,
  0x8001,0x8001,0x8001,0x8001,0x8001,0x8001,0x8001,0x8001,0x8001,0x8001,0x8001,0x8001,0x8001,0x8001,0x8002,0x8001,
  0x8002,0x8001,0x8001,0x8023,0x8001,0x8002,0x8022,0x8002,0x8022,0x8001,0x8002,0x8001,0x8001,0x8023,0x8001,0x8022,
  0x8022,0x8045,0xAE97,0x8022,0x8023,0x8023,0x8023,0x8023,0x8023,0x8023,0x8022,0x8023,0x8002,0x8044,0x8022,0x8044,
  0x8023,0x8023,0x8045,0x8023,0x8067,0x8067,0x8153,0xB37D,0x808B,0x8025,0x8067,0x8045,0x8023,0x8087,0x8024,0x88CA,
  0x8024,0x88C9,0x8066,0x8066,0x8045,0x8045,0x8488,0x8088,0x8067,0x88CB,0x8045,0x8045,0x8066,0x88A8,0x8066,0x8067,
  0x8044,0x8023,0x8022,0x8023,0x8023,0x8023,0x8023,0x8023,0x8065,0x8065,0x8001,0x8023,0x8022,0x8022,0x8001,0x8001,
  0x8023,0x8022,0x8022,0x8022,0x8002,0x8466,0x8022,0x8023,0x8023,0x8022,0x8002,0x8044,0x8002,0x8066,0x8000,0x8023,
  0x8001,0x8023,0x8023,0x8023,0x8043,0x8022,0x8001,0x8001,0x8024,0x8001,0x8001,0x8023,0x8002,0x8022,0x8023,0x8022,
  0x8022,0x8001,0x8001,0x8002,0x8001,0x8001,0x8001,0x8001,0x8001,0x8001,0x8001,0x8001,0x8001,0x8001,0x8001,0x8002,
  0x8001,0x8067,0x8002,0x8002,0x8001,0x8001,0x8022,0x8001,0x8001,0x8022,0x8001,0x8001,0x8001,0x8024,0x8022,0x8023,
  0x8001,0x8001,0x8002,0x8002,0x8001,0x8002,0x8001,0x8001,0x8001,0x8001,0x8022,0x8002,0x8001,0x8001,0x8001,0x8001,
  0x8001,0x8001,0x8001,0x8001,0x8022,0x8022,0x8001,0x8001,0x8001,0x8022,0x8022,0x8001,0x8001,0x8001,0x8001,0x8001,
  0x8002,0x8001,0x8001,0x8022,0x8022,0x8022,0x8442,0x8022,0x8421,0x8022,0x8022,0x8422,0x8022,0x8022,0x8022,0x8022,
  0x8001,0x8001,0x8001,0x8001,0x8001,0x8001,0x8001,0x8022,0x8023,0x8023,0x8001,0x8001,0x8001,0x8001,0x8002,0x8001,
  0x8022,0x8022,0x8001,0x8002,0x8001,0x8002,0x8002,0x8001,0x8001,0x8001,0x8001,0x8001,0x8002,0x8001,0x8001,0x8001,
  0x8001,0x8001,0x8001,0x8001,0x8001,0x8001,0x8022,0x8001,0x8022,0x8022,0x8001,0x8002,0x8023,0x8001,0x8001,0x8001,
  0x8001,0x8001,0x8002,0x8044,0x8001,0x8001,0x8001,0x8022,0x8001,0x8001,0x8002,0x8022,0x8022,0x8022,0x8022,0x8002,
  0x8022,0x8002,0x8001,0x8001,0x8001,0x8001,0x8022,0x8022,0x8045,0x8022,0x8022,0x8002,0x8022,0x8001,0x8001,0x8001,
  0x8001,0x8001,0x8002,0x8002,0x8002,0x8002,0x8001,0x8002,0x8001,0x8001,0x8001,0x8001,0x8022,0x8002,0x8001,0x8001,
  0x8001,0x8001,0x8001,0x8001,0x8002,0x8001,0x8022,0x8001,0x8001,0x8001,0x8001,0x8001,0x8001,0x8023,0x8001,0x8001,
  0x8022,0x8022,0x8002,0x8023,0x8002,0x8023,0x8023,0x8023,0x8044,0x8023,0x8024,0x8044,0x8023,0x8022,0x8022,0x8022,
  0x8022,0x8022,0x8023,0x8023,0x8023,0x8044,0x8024,0x8023,0x8066,0x8046,0x8045,0x8066,0x8045,0x80CC,0x8045,0x8066,
  0x8045,0x8045,0x8067,0x8067,0x8088,0x8487,0x84A9,0x8466,0x8487,0x8066,0x8487,0x8066,0x8067,0x8066,0x8487,0x8045,
  0x8023,0x84A9,0x8067,0x8046,0x8024,0x8045,0x8024,0x8044,0x8023,0x8022,0x8001,0x8023,0x8023,0x8465,0x8023,0x8001,
  0x8022,0x8022,0x8022,0x8002,0x8002,0x8001,0x8021,0x8022,0x8022,0x8023,0x8023,0x8023,0x8043,0x8002,0x8022,0x8001,
  0x8066,0x8001,0x8002,0x8023,0x8023,0x8022,0x8023,0x8044,0x8022,0x8022,0x8002,0x8022,0x8001,0x8001,0x8002,0x8001,
  0x8002,0x8002,0x8023,0x8002,0x8002,0x8022,0x8001,0x8001,0x8022,0x8001,0x8001,0x8023,0x8001,0x8001,0x8002,0x8001,
  0x8001,0x8001,0x8001,0x8024,0x8002,0x8001,0x8001,0x8022,0x8001,0x8001,0x8001,0x8001,0x8001,0x8001,0x8001,0x8001,
  0x8001,0x8001,0x8002,0x8023,0x8023,0x8067,0x8002,0x8023,0x8022,0x8022,0x8001,0x8001,0x8001,0x8001,0x8023,0x8001,
  0x8022,0x8001,0x8001,0x8001,0x8001,0x8001,0x8001,0x8001,0x8001,0x8001,0x8001,0x8022,0x8022,0x8002,0x8002,0x8002,
  0x8002,0x8001,0x8001,0x8022,0x8002,0x8022,0x8022,0x8022,0x8023,0x8023,0x8023,0x8443,0x8043,0x8442,0x9CA4,0x8843,
  0x8443,0x8023,0x8022,0x8422,0x8422,0x8021,0x8022,0x8001,0x8443,0x8002,0x8022,0x8022,0x8022,0x8022,0x8002,0x8022,
  0x8001,0x8001,0x8001,0x8001,0x8001,0x8001,0x8022,0x8001,0x8001,0x8022,0x8001,0x8002,0x8002,0x8002,0x8001,0x8001,
  0x8001,0x8001,0x8002,0x8001,0x8001,0x8001,0x8001,0x8001,0x8002,0x8001,0x8001,0x8001,0x8022,0x8002,0x8002,0x8022,
  0x8001,0x8002,0x8022,0x8001,0x8001,0x8001,0x8001,0x8001,0x8001,0x8023,0x8002,0x8001,0x8001,0x8022,0x8001,0x8001,
  0x8002,0x8022,0x8002,0x8022,0x8002,0x8002,0x8002,0x8001,0x8002,0x8002,0x8022,0x8001,0x8022,0x8022,0x8023,0x8001,
  0x8022,0x8002,0x8022,0x8001,0x8001,0x8001,0x8001,0x8001,0x8001,0x8001,0x8002,0x8001,0x8001,0x8001,0x8001,0x8001,
  0x8001,0x8001,0x8002,0x8001,0x8001,0x8001,0x8001,0x8001,0x8001,0x8001,0x8001,0x8001,0x8022,0x8001,0x9085,0x8001,
  0x8001,0x8001,0x8001,0x8001,0x8001,0x8001,0x8023,0x8023,0x8002,0x8023,0x8001,0x8023,0x8001,0x8023,0x8044,0x8022,
  0x8024,0x8044,0x8001,0x8001,0x8022,0x8002,0x8022,0x8024,0x8023,0x8044,0x8002,0x8067,0x8022,0x8024,0x8088,0x8002,
  0x8066,0x8046,0x8045,0x8088,0x8044,0x8002,0x8045,0x8067,0x8044,0x84AA,0x8024,0x84CA,0x8487,0x8088,0x8024,0x84A8,
  0x8003,0x8067,0x84A9,0x8023,0x88A8,0x8045,0x8023,0x88EB,0x8024,0x8023,0x8466,0x8865,0x8022,0x8044,0x8024,0x8022,
  0x8002,0x8002,0x8023,0x8487,0x8001,0x8002,0x8023,0x8001,0x8001,0x8001,0x8022,0x8002,0x8022,0x8002,0x8002,0x8066,
  0x8001,0x8024,0x8000,0x8001,0x8022,0x8002,0x8022,0x8002,0x8044,0x8001,0x8023,0x8023,0x8001,0x8045,0x8022,0x8022,
  0x8022,0x8022,0x8001,0x8001,0x8001,0x8001,0x8002,0x8002,0x8044,0x8001,0x8001,0x8022,0x8001,0x8001,0x8002,0x8001,
  0x8001,0x8023,0x8002,0x8001,0x8022,0x8001,0x8001,0x8001,0x8001,0x8001,0x8023,0x8001,0x8001,0x8001,0x8001,0x8001,
  0x8001,0x8002,0x8002,0x8001,0x8001,0x8001,0x8001,0x8001,0x8001,0x8023,0x8002,0x8004,0x8023,0x8022,0x8022,0x8002,
  0x8001,0x8001,0x8001,0x8001,0x8023,0x8001,0x8001,0x8001,0x8022,0x8001,0x8001,0x8001,0x8001,0x8001,0x8001,0x8002,
  0x8001,0x8002,0x8002,0x8001,0x8001,0x8001,0x8001,0x8001,0x8001,0x8022,0x8001,0x8023,0x8001,0x8043,0x8023,0x8023,
  0x8443,0x8023,0x8443,0x8843,0x9062,0x8842,0x8443,0x8443,0x8002,0x8022,0x8422,0x8022,0x8022,0x8002,0x8001,0x8002,
  0x8002,0x8002,0x8022,0x8022,0x8002,0x8001,0x8001,0x8001,0x8001,0x8001,0x8001,0x8002,0x8001,0x8002,0x8001,0x8001,
  0x8001,0x8001,0x8001,0x8001,0x8001,0x8001,0x8001,0x8001,0x8023,0x8022,0x8001,0x8001,0x8001,0x8002,0x8001,0x8022,
  0x8001,0x8001,0x8001,0x8043,0x8022,0x8001,0x8002,0x8023,0x8887,0x8001,0x8001,0x8045,0x8022,0x8001,0x8001,0x8001,
  0x8002,0x8002,0x8022,0x8001,0x8021,0x8002,0x8024,0x8022,0x8002,0x8022,0x8023,0x8002,0x8022,0x8022,0x8001,0x8023,
  0x8001,0x8022,0x8001,0x8022,0x8001,0x8001,0x8022,0x8001,0x8001,0x8001,0x8001,0x8001,0x8001,0x8001,0x8001,0x8001,
  0x8002,0x8022,0x8002,0x8001,0x8001,0x8001,0x8001,0x8001,0x8002,0x8001,0x8001,0x8002,0x8001,0x8001,0x8001,0x8001,
  0x8022,0x8001,0x8022,0x8001,0x8001,0x8022,0x8001,0x8001,0x8001,0x8001,0x8023,0x8022,0x8001,0x8023,0x8023,0x8001,
  0x8024,0x8001,0x8023,0x8001,0x8022,0x8044,0x8001,0x8023,0x8045,0x8023,0x8023,0x8023,0x8001,0x8023,0x8045,0x8001,
  0x8067,0x8045,0x8045,0x80AA,0x8001,0x84A9,0x8001,0x8045,0x8045,0x8045,0x8024,0x8088,0x8023,0x8022,0x80AA,0x8022,
  0x8D2E,0x8488,0x8046,0x88C9,0x8C85,0x8045,0x88CB,0x8488,0x8045,0x8887,0x8024,0x8045,0x8067,0x8001,0x8087,0x8023,
  0x8023,0x8443,0x8444,0x8001,0x8044,0x8002,0x94E8,0x8001,0x8001,0x8022,0x8022,0x8023,0x8001,0x8001,0x8000,0x8423,
  0x8022,0x8022,0x8023,0x8022,0x8022,0x8088,0x8001,0x8022,0x84A9,0x8001,0x8002,0x8002,0x8022,0x8045,0x8001,0x8023,
  0x8001,0x8023,0x8021,0x90C8,0x8022,0x8022,0x8023,0x8022,0x8002,0x8001,0x8442,0x8001,0x8022,0x8002,0x8001,0x8022,
  0x8001,0x8022,0x8001,0x8001,0x8022,0x8001,0x8001,0x8001,0x8002,0x8023,0x8001,0x8001,0x8001,0x8001,0x8001,0x8001,
  0x8001,0x8001,0x8001,0x8022,0x8001,0x8001,0x8023,0x8002,0x8023,0x8001,0x8001,0x8022,0x8001,0x8024,0x8002,0x8025,
  0x80CD,0xBFDF,0x8067,0x8002,0x8002,0x8044,0x8001,0x8002,0x8001,0x8001,0x8022,0x8001,0x8001,0x8001,0x8001,0x8001,
  0x8001,0x8001,0x8001,0x8001,0x8002,0x8002,0x8002,0x8001,0x8022,0x8022,0x8002,0x8022,0x8023,0x8002,0x8001,0x8023,
  0x8001,0x8001,0x8023,0x8001,0x8023,0x8443,0x8443,0x8002,0x8C63,0x8843,0xDA08,0x8421,0x8C63,0x8422,0x8043,0x8022,
  0x8001,0x8442,0x8001,0x8022,0x8002,0x8022,0x8022,0x8022,0x8001,0x8001,0x8022,0x8023,0x8001,0x8001,0x8001,0x8001,
  0x8001,0x8043,0x8001,0x8001,0x8001,0x8001,0x8001,0x8001,0x8002,0x8001,0x8001,0x8001,0x8002,0x8002,0x8001,0x8002,
  0x8022,0x8001,0x8022,0x8002,0x8001,0x8002,0x8001,0x8044,0x8002,0x8001,0x8001,0x8022,0x8002,0x8002,0x8022,0x8022,
  0x8001,0x8001,0x8044,0x8002,0x8001,0x8001,0x8001,0x8001,0x8001,0x8001,0x8001,0x8001,0x8022,0x8022,0x8023,0x8023,
  0x8023,0x8023,0x8023,0x8022,0x8022,0x8001,0x8001,0x8001,0x8001,0x8001,0x8023,0x8002,0x8001,0x8001,0x8001,0x8022,
  0x8443,0x8001,0x8001,0x8001,0x8001,0x8001,0x8001,0x8002,0x8001,0x8001,0x9D4C,0x8001,0x8001,0x8001,0x8EFC,0x8001,
  0x8023,0x8001,0x8023,0x8023,0x8001,0x8023,0x8001,0x8001,0x8001,0x8001,0x8001,0x8002,0x8022,0x8002,0x8002,0x8002,
  0x8001,0x8022,0x8002,0x8023,0x8024,0x8022,0x8001,0x8001,0x8001,0x8023,0x8022,0x8022,0x8024,0x8022,0x8002,0x8022,
  0x8022,0x8002,0x8023,0x8001,0x8023,0x8001,0x8002,0x8069,0x8046,0x8002,0x84A9,0x8002,0x8067,0x8022,0x8045,0x8088,
  0x8044,0x8044,0x8024,0x8044,0x8001,0x88CA,0x8487,0x8002,0x990B,0x8044,0x9064,0x8886,0x8045,0x8045,0x88A8,0x8023,
  0x8488,0x8023,0x8045,0x8001,0x8023,0x8001,0x8044,0x8044,0x8022,0x8043,0x8022,0x8024,0x8066,0x8002,0x8045,0x8001,
  0x8001,0x8001,0x8000,0x8466,0x8001,0x8002,0x8001,0x8001,0x8002,0x8001,0x8045,0x8001,0x8001,0x8001,0x8022,0x8022,
  0x8002,0x8002,0x8001,0x8022,0x8023,0x8001,0x8022,0x8023,0x8001,0x8001,0x8422,0x8002,0x8001,0x8001,0x8022,0x8022,
  0x8422,0x8022,0x8001,0x8001,0x8022,0x8002,0x8001,0x8001,0x8001,0x8001,0x8001,0x8001,0x8001,0x8001,0x8002,0x8001,
  0x8001,0x8001,0x8001,0x8001,0x8001,0x8001,0x8001,0x8002,0x8001,0x8023,0x8001,0x8001,0x8022,0x8002,0x8001,0x8001,
  0x8001,0x8022,0x8001,0x8022,0x8023,0x8002,0x8022,0x8068,0x8021,0x8022,0x8022,0x8022,0x8001,0x8001,0x8001,0x8001,
  0x8001,0x8C65,0x8001,0x8001,0x8001,0x8001,0x8002,0x8001,0x8001,0x8002,0x8001,0x8002,0x8001,0x8001,0x8002,0x8001,
  0x8001,0x8001,0x8001,0x8002,0x8001,0x8001,0x8002,0x8001,0x8002,0x8023,0x8443,0x8023,0x8022,0x8443,0x8443,0x9040,
  0xFFFB,0x9840,0x8421,0x8843,0x8002,0x8022,0x8022,0x8022,0x8022,0x8001,0x8002,0x8002,0x8023,0x8022,0x8001,0x8001,
  0x8001,0x8001,0x8001,0x8001,0x8002,0x8001,0x8001,0x8022,0x8001,0x8001,0x8001,0x8001,0x8001,0x8001,0x8001,0x8001,
  0x8001,0x8001,0x8001,0x8022,0xB615,0x8001,0x8001,0x8002,0x8001,0x8002,0x8001,0x8022,0x8001,0x8001,0x8023,0x8001,
  0x8023,0x8001,0x8002,0x8022,0x8002,0x8002,0x8002,0x8001,0x8001,0x8001,0x8001,0x8001,0x8001,0x8001,0x8001,0x8001,
  0x8001,0x8001,0x8001,0x8002,0x8002,0x8023,0x810D,0x8002,0x8022,0x8022,0x8023,0x8001,0x8001,0x8001,0x8001,0x8001,
  0x8001,0x8001,0x8001,0x8001,0x8001,0x8001,0x8001,0x8001,0x8001,0x8001,0x8001,0x8001,0x8001,0x8001,0x8002,0x8002,
  0x8002,0x8001,0x8001,0x8001,0x8024,0x8001,0x8001,0x8002,0x8001,0x8001,0x8001,0x8001,0x8002,0x8001,0x8001,0x8001,
  0x8001,0x8001,0x8002,0x8002,0x8022,0x8022,0x8001,0x8002,0x8022,0x8022,0x8002,0x8022,0x8001,0x8002,0x8022,0x8001,
  0x8023,0x8001,0x8024,0x8001,0x8023,0x8002,0x8022,0x8002,0x8002,0x8044,0x8001,0x8024,0x8087,0xB7BF,0x8089,0x8045,
  0x8023,0x8025,0x8023,0x8067,0x8023,0x8046,0x8002,0x8066,0x8088,0x8045,0x8023,0x8024,0x8066,0x88A9,0x8021,0xA109,
  0xFF6A,0x9485,0x8466,0x8886,0x88A8,0x8045,0x8002,0x8044,0x8000,0x8024,0x8022,0x8467,0x8001,0x8001,0x8001,0x8001,
  0x8002,0x8467,0x8002,0x8024,0x8002,0x8045,0x8023,0x8001,0x8045,0x8001,0x8002,0x8002,0x8002,0x8000,0x8045,0x8002,
  0x8022,0x8022,0x8001,0x8024,0x8001,0x8002,0x8022,0x8001,0x8002,0x8001,0x8001,0x8045,0x8023,0x8001,0x8002,0x8001,
  0x8001,0x8001,0x8001,0x8043,0x8001,0x8442,0xFA84,0x8422,0x8022,0x8001,0x8001,0x8001,0x8002,0x8001,0x8002,0x8001,
  0x8001,0x8001,0x8001,0x8001,0x8023,0x8001,0x8001,0x8001,0x8001,0x8001,0x8001,0x8001,0x8002,0x8022,0x8022,0x8001,
  0x8001,0x8001,0x8002,0x8001,0x8001,0x8001,0x8001,0x8023,0x8023,0x8023,0x8001,0x8022,0x8022,0x8023,0x8001,0x8002,
  0x8023,0x8001,0x8001,0x8022,0x8001,0x8001,0x8001,0x8001,0x8001,0x8001,0x8001,0x8001,0x8001,0x8001,0x8002,0x8001,
  0x8001,0x8023,0x8001,0x8001,0x8002,0x8023,0x8066,0x8022,0x8001,0x8022,0x8044,0x8001,0x8024,0x8022,0x8066,0x8022,
  0x8843,0x8464,0x8023,0x9483,0xB525,0xFFD3,0xFFF9,0xFFB5,0xB4E3,0x9CA4,0x9063,0x8C63,0x8422,0x8022,0x8C63,0x8002,
  0x8443,0x8001,0x8023,0x8022,0x8001,0x8001,0x8001,0x8001,0x8002,0x8001,0x8002,0x8001,0x8001,0x8001,0x8023,0x8023,
  0x8001,0x8001,0x8001,0x8023,0x8001,0x8001,0x8022,0x8001,0x8002,0x8001,0x8022,0x8001,0x8001,0x8001,0x8001,0x8022,
  0x8001,0x8002,0x8001,0x8044,0x8022,0x8001,0x8045,0x8001,0x8023,0x8022,0x8001,0x8022,0x8002,0x8024,0x8022,0x8002,
  0x8001,0x8001,0x8022,0x8001,0x8001,0x8023,0x8002,0x8002,0x8001,0x8024,0x8024,0x810F,0xBF1B,0x812F,0x8068,0x8023,
  0x8022,0x8022,0x8023,0x8001,0x8002,0x8001,0x8023,0x8001,0x8001,0x8001,0x8002,0x8022,0x8822,0x8022,0x8001,0x8001,
  0x8002,0x8002,0x8002,0x8001,0x8001,0x8002,0x8001,0x8001,0x8001,0x8001,0x8002,0x8001,0x8002,0x8001,0x8001,0x8001,
  0x8001,0x8001,0x8002,0x8002,0x8022,0x8022,0x8001,0x8001,0x8001,0x8001,0x8001,0x8022,0x8023,0x8002,0x8022,0x8002,
  0x8001,0x8001,0x8024,0x8001,0x8002,0x8022,0x8001,0x8001,0x8022,0x8023,0x8002,0x8022,0x8024,0x8044,0x8002,0x8001,
  0x8044,0x8001,0x8002,0x808A,0x8023,0x8022,0x8001,0x8024,0x8024,0x8001,0x8045,0x8002,0x8067,0x8023,0x8024,0x8023,
  0x88CA,0x8023,0x8044,0x8022,0x90A8,0x8087,0x94A6,0x8488,0x8024,0x8044,0x8023,0x88A9,0x8046,0x8001,0x8001,0x8024,
  0x8002,0x8001,0x8022,0x8022,0x8022,0x8044,0x94C9,0x8000,0x8022,0x8046,0x8489,0x8022,0x8022,0x8022,0x8001,0x8022,
  0x8001,0x8022,0x8023,0x8065,0x8001,0x8045,0x8022,0x8001,0x8023,0x8002,0x8066,0x8001,0x8002,0x8022,0x8001,0x8002,
  0x8002,0x8001,0x8002,0x8001,0x8023,0x8001,0x8001,0x8022,0x8043,0x8001,0x8002,0x8001,0x8422,0x8022,0x8001,0x8422,
  0x8001,0x8002,0x8022,0x8002,0x8001,0x8001,0x8001,0x8001,0x8001,0x8001,0x8001,0x8022,0x8001,0x8023,0x8001,0x8001,
  0x8001,0x8001,0x8002,0x8023,0x8022,0x8002,0x8001,0x8001,0x8024,0x8001,0x8001,0x8001,0x8023,0x8023,0x8001,0x8023,
  0x8023,0x8001,0x8022,0x8002,0x8023,0x8001,0x8001,0x8002,0x8002,0x8001,0x8001,0x8001,0x8022,0x8001,0x8001,0x8001,
  0x8001,0x8001,0x8001,0x8001,0x8001,0x8001,0x8023,0x8001,0x8001,0x8001,0x8023,0x8001,0x8001,0x8001,0x8001,0x8001,
  0x8001,0x8002,0x8001,0x8022,0x8022,0x8001,0x8023,0x8024,0x8023,0x8024,0x8863,0x9084,0xFFF8,0x8C42,0x8422,0x8443,
  0x8443,0x8023,0x8022,0x8022,0x8002,0x8002,0x8001,0x8002,0x8001,0x8001,0x8001,0x8001,0x8001,0x8001,0x8001,0x8001,
  0x8001,0x8001,0x8001,0x8001,0x8001,0x8001,0x8001,0x8001,0x8001,0x8001,0x8001,0x8001,0x8001,0x8001,0x8001,0x8001,
  0x8001,0x8001,0x8001,0x8001,0x8001,0x8001,0x8001,0x8022,0x8024,0x8001,0x8023,0x8001,0x8023,0x8044,0x8002,0x8022,
  0x8022,0x8022,0x98C7,0x8023,0x8022,0x8001,0x8001,0x8001,0x8001,0x8001,0x8001,0x8001,0x8001,0x8001,0x8001,0x8001,
  0x8023,0x8023,0x8088,0x8002,0x8022,0x8002,0x8022,0x8001,0x8001,0x8001,0x8001,0x8001,0x8001,0x8001,0x8001,0x8001,
  0x8001,0x8001,0x8001,0x8001,0x8001,0x8001,0x8002,0x8001,0x8002,0x8002,0x8001,0x8001,0x8001,0x8002,0x8001,0x8001,
  0x8001,0x8001,0x8001,0x8001,0x8001,0x8002,0x8001,0x8001,0x8001,0x8001,0x8842,0x8022,0x8001,0x8001,0x8001,0x8001,
  0x8001,0x8001,0x8023,0x8044,0x8001,0x8001,0x8001,0x8001,0x8002,0x8023,0x8001,0x8001,0x8001,0x8001,0x8001,0x8024,
  0x8001,0x8022,0x8022,0x8001,0x8044,0x8000,0x8023,0x8023,0x8024,0x8023,0x8067,0x8023,0x8067,0x8001,0x8045,0x8044,
  0x8001,0x8046,0x8044,0x8088,0x8024,0x8002,0x88A8,0x8001,0x8487,0x8067,0x8866,0x8023,0x94A6,0x8023,0x88C9,0x8066,
  0x8044,0x8001,0x8023,0x8022,0x8045,0x8001,0x8001,0x8023,0x8001,0x8022,0x8022,0x8001,0x8001,0x992D,0x8002,0x8022,
  0x8001,0x8000,0x88CB,0x8002,0x8023,0x8001,0x8023,0x8022,0x8022,0x8023,0x8044,0x8022,0x8001,0x8044,0x8002,0x8022,
  0x8022,0x8002,0x8001,0x8001,0x8001,0x8001,0x8001,0x8022,0x8001,0x8044,0x8002,0x8044,0x8023,0x8022,0x8001,0x8443,
  0x8001,0x8001,0x8422,0x8001,0x8422,0x8001,0x8022,0x8002,0x8022,0x8001,0x8001,0x8001,0x8001,0x8001,0x8001,0x8001,
  0x8001,0x8001,0x8001,0x8001,0x8001,0x8001,0x8001,0x8001,0x8001,0x8001,0x8001,0x8001,0x8001,0x8001,0x8001,0x8001,
  0x8001,0x8023,0x8045,0x8023,0x8022,0x8023,0x8023,0x8023,0x8001,0x8023,0x8001,0x8022,0x8001,0x8024,0x8001,0x8887,
  0x8423,0x8001,0x8001,0x8001,0x8001,0x8001,0x8001,0x8001,0x8001,0x8001,0x8001,0x8001,0x8002,0x8001,0x8001,0x8022,
  0x8001,0x8001,0x8465,0x8887,0x8022,0x8001,0x8001,0x8022,0x8045,0x8001,0x8044,0x8023,0x8002,0x8044,0x8444,0x8044,
  0x8C64,0x8443,0xBD46,0x8421,0x8863,0x8843,0x8002,0x8023,0x8043,0x8002,0x8023,0x8001,0x8023,0x8002,0x8044,0x8001,
  0x8001,0x8022,0x8022,0x8001,0x8001,0x8001,0x8001,0x8001,0x8001,0x8022,0x8001,0x8001,0x8001,0x8002,0x8001,0x8001,
  0x8001,0x8002,0x8001,0x8001,0x8001,0x8001,0x8002,0x8001,0x8001,0x8001,0x8023,0x8001,0x8002,0x8001,0x8001,0x8066,
  0x8001,0x8024,0x90A7,0x8001,0x8024,0x8002,0x8001,0x8485,0x8001,0x8002,0x8001,0x8022,0x8001,0x8001,0x8001,0x8001,
  0x8001,0x8022,0x8002,0x8001,0x8002,0x8023,0x8002,0x8002,0x8023,0x8002,0x8022,0x8022,0x8001,0x8001,0x8001,0x8001,
  0x8001,0x8001,0x8001,0x8001,0x8001,0x8001,0x8001,0x8001,0x8001,0x8423,0x8001,0x8001,0x8001,0x8023,0x8001,0x8001,
  0x8001,0x8002,0x8002,0x8001,0x8001,0x8001,0x8022,0x8001,0x8001,0x8001,0x8001,0x8001,0x8001,0x8422,0x8001,0x8C41,
  0xFF09,0x8022,0x8421,0x8022,0x8001,0x8022,0x8001,0x8001,0x8002,0x8001,0x8022,0x8002,0x8002,0x8001,0x8023,0x8001,
  0x8023,0x8002,0x8001,0x8001,0x8022,0x8001,0x8023,0x8002,0x8024,0x8023,0x8001,0x8024,0x8001,0x8045,0x8001,0x8023,
  0x8001,0x8044,0x8022,0x8024,0x8023,0x8001,0x8067,0x8046,0x8001,0x990A,0x8024,0x8044,0x8002,0x8088,0x8023,0x8066,
  0x8023,0x8066,0x8022,0x8045,0x8023,0x8024,0x8023,0x8046,0x8001,0x8024,0x8023,0x8001,0x8001,0x8002,0x8001,0x8001,
  0x8001,0x8001,0x8022,0x8022,0x8024,0x8023,0x8022,0x8023,0x8001,0x8088,0x8002,0x8023,0x8024,0x8002,0x8002,0x8001,
  0x8044,0x8001,0x8023,0x8001,0x8022,0x8022,0x8022,0x8022,0x8001,0x8001,0x8001,0x8CED,0x8001,0x8001,0x8022,0x8001,
  0x8001,0x8001,0x8002,0x8002,0x8022,0x8001,0x8001,0x8001,0x8002,0x8002,0x8002,0x8002,0x8002,0x8002,0x8001,0x8001,
  0x8001,0x8001,0x8001,0x8023,0x8001,0x8001,0x8044,0x8001,0x8001,0x8022,0x8002,0x8001,0x8001,0x8001,0x8001,0x8001,
  0x8001,0x8001,0x8001,0x8002,0x8022,0x8001,0x8002,0x8024,0xA2DC,0x8046,0x8022,0x8001,0x8024,0x8001,0x8022,0x8001,
  0x8001,0x8002,0x8023,0x8001,0x8022,0x8001,0x8001,0x8001,0x8001,0x8001,0x8001,0x8001,0x8001,0x8001,0x8001,0x8001,
  0x8001,0x8023,0x8001,0x8001,0x8001,0x8467,0x8002,0x8001,0x8002,0x8001,0x8001,0x8022,0x84A9,0x8001,0x8466,0x8022,
  0x8002,0x8066,0x8844,0x8023,0x8001,0x98A4,0x8023,0x8864,0x8863,0x8842,0x8C63,0x8023,0x9085,0x8843,0x8022,0x8022,
  0x8043,0x8022,0x8001,0x8024,0x8001,0x8001,0x8022,0x8001,0x8001,0x8044,0x8002,0x8002,0x8002,0x8001,0x8001,0x8023,
  0x8002,0x8002,0x8022,0x8002,0x8022,0x8022,0x8001,0x8022,0x8001,0x8022,0x8001,0x8001,0x8001,0x8022,0x8022,0x8023,
  0x8001,0x8CCA,0x8001,0x8066,0x8021,0x8002,0x8045,0x8045,0x8045,0x8023,0x8022,0x8024,0x8024,0x8023,0x8001,0x8044,
  0x8002,0x8001,0x8045,0x8002,0x8001,0x8001,0x8001,0x8001,0x8002,0x8001,0x8045,0x8001,0x8022,0x8022,0x8002,0x8002,
  0x8002,0x8002,0x8002,0x8001,0x8001,0x8001,0x8001,0x8001,0x8002,0x8001,0x8001,0x8001,0x8001,0x8001,0x8001,0x8001,
  0x8001,0x8002,0x8001,0x8001,0x8002,0x8001,0x8001,0x8001,0x8001,0x8002,0x8001,0x8001,0x8002,0x8001,0x8001,0x8001,
  0x8001,0x8001,0x8001,0x8001,0x8001,0x8001,0x8842,0x8022,0x8022,0x8022,0x8001,0x8001,0x8022,0x8001,0x8001,0x8001,
  0x8001,0x8022,0x8022,0x8002,0x8001,0x8001,0x8001,0x8001,0x8001,0x8001,0x8023,0x8001,0x8001,0x8022,0x8001,0x8001,
  0x8044,0x8000,0x8024,0x8001,0x8022,0x8024,0x8023,0x8001,0x8045,0x8001,0x8001,0x8045,0x8001,0x8045,0x8465,0x8023,
  0x8002,0x8023,0x8088,0x8023,0x8089,0x8022,0x8001,0x8022,0x9485,0x8022,0x8488,0x8045,0x8065,0x8001,0x88CB,0x8044,
  0x8022,0x8067,0x8001,0x8022,0x8022,0x8001,0x8023,0x8088,0x8002,0x8045,0x8000,0x8044,0x8066,0x8023,0x8066,0x8022,
  0x8044,0x8023,0x8001,0x8023,0x8044,0x8022,0x8002,0x8045,0x8022,0x8001,0x8044,0x8001,0x8045,0x8024,0x8023,0x8022,
  0x8002,0x8001,0x8023,0x8002,0x8001,0x8023,0x8001,0x8022,0x8022,0x8002,0x8022,0x8022,0x8001,0x8002,0x8022,0x8002,
  0x8001,0x8001,0x8001,0x8002,0x8001,0x8001,0x8001,0x8002,0x8001,0x8001,0x8001,0x8023,0x8001,0x8002,0x8001,0x8001,
  0x8002,0x8001,0x8022,0x8002,0x8002,0x8022,0x8001,0x8001,0x8001,0x8001,0x8001,0x8001,0x8002,0x8001,0x8045,0x8023,
  0x8022,0x8022,0x8001,0x8002,0x8001,0x8024,0x8001,0x8001,0x8001,0x8001,0x8045,0x8001,0x8001,0x8001,0x8001,0x8001,
  0x8001,0x8489,0x8001,0x8002,0x8022,0x8002,0x8022,0x8001,0x8001,0x8023,0x8002,0x8022,0x8022,0x8001,0x8001,0x8002,
  0x8023,0x8002,0x8043,0x8045,0x8001,0x8023,0x8886,0x8024,0x8045,0x8C86,0x8C64,0x8002,0x8864,0x8023,0xA8E6,0x8442,
  0x8023,0x8443,0x8022,0x8022,0x8022,0x8022,0x8001,0x98C5,0x8023,0x8001,0x8043,0x8022,0x8022,0x8022,0x8022,0x8022,
  0x8001,0x8001,0x8002,0x8001,0x8001,0x8001,0x8023,0x8023,0x8001,0x8001,0x8001,0x8001,0x8000,0x8001,0x8001,0x8001,
  0x8001,0x8023,0x8001,0x8001,0x8002,0x8001,0x8001,0x8022,0x8002,0x8022,0x8044,0x8044,0x8044,0x8045,0x98E9,0x8044,
  0x8044,0x8045,0x8466,0x8001,0x8045,0x8002,0x8001,0xAD49,0x8001,0x8001,0x8464,0x8001,0x8002,0x8023,0x8022,0x8001,
  0x8023,0x8001,0x8001,0x8001,0x8022,0x8002,0x8002,0x8001,0x8023,0x8001,0x8022,0x8001,0x8001,0x8023,0x8001,0x8001,
  0x8001,0x8001,0x8001,0x8001,0x8001,0x8001,0x8002,0x8001,0x8002,0x8001,0x8002,0x8001,0x8001,0x8001,0x8001,0x8002,
  0x8001,0x8001,0x8001,0x8001,0x8002,0x8001,0x8001,0x8001,0x8422,0x8001,0x8001,0x8001,0x8001,0x8002,0x8001,0x8001,
  0x8001,0x8001,0x8001,0x8001,0x8001,0x8001,0x8023,0x8022,0x8002,0x8002,0x8001,0x8023,0x8001,0x8001,0x8044,0x8001,
  0x8001,0x8002,0x8002,0x8002,0x8002,0x8022,0x8001,0x8023,0x8000,0x8045,0x8001,0x8002,0x8001,0x8024,0x8001,0x8045,
  0x8002,0x8002,0x8045,0x8023,0x8002,0x8022,0x8487,0x8488,0x8022,0x8066,0x8023,0x8001,0x8044,0x8001,0x8023,0x8023,
  0x8023,0x8023,0x8024,0x90EB,0x8001,0x8001,0x8488,0x8001,0x8046,0x8002,0x8023,0x8023,0x8022,0x8001,0x8066,0x8002,
  0x8467,0x8024,0x8023,0x950C,0x8023,0x8066,0x8000,0x8045,0x8002,0x8023,0x8023,0x8001,0x8023,0x8022,0x8001,0x8023,
  0x8001,0x8001,0x8023,0x8001,0x8001,0x8001,0x8022,0x8001,0x8002,0x8002,0x8001,0x8001,0x8002,0x8001,0x8001,0x8001,
  0x8001,0x8422,0x8001,0x8001,0x8002,0x8001,0x8001,0x8001,0x8022,0x8001,0x8002,0x8001,0x8001,0x8001,0x8001,0x8001,
  0x8001,0x8002,0x8001,0x8001,0x8001,0x8043,0x8001,0x8001,0x8002,0x8001,0x8022,0x8022,0x8002,0x8001,0x8001,0x8001,
  0x8022,0x8002,0x8002,0x8002,0x8001,0x8022,0x8022,0x8002,0x8001,0x8002,0x8001,0x8001,0x8022,0x8001,0x8001,0x8001,
  0x8001,0x8001,0x8001,0x8001,0x8001,0x8001,0x8001,0x8001,0x8001,0x8001,0x8022,0x84AA,0x8000,0x8002,0x80A9,0x8001,
  0x8001,0x8465,0x8001,0x8023,0x8001,0x8023,0x8044,0x8002,0x8044,0x8001,0x8045,0x8024,0x8044,0x8044,0x8044,0x8023,
  0x8023,0x8044,0x8023,0x8044,0x8044,0x8023,0x8444,0x8002,0x8022,0x8024,0x8466,0x8001,0x8044,0x8001,0x8001,0x8001,
  0x8001,0x8001,0x8002,0x8022,0x8023,0x8001,0x8022,0x8001,0x8002,0x8001,0x8001,0x8002,0x8001,0x8001,0x8001,0x8002,
  0x8001,0x8001,0x8000,0x8022,0x8001,0x8022,0x8002,0x8001,0x8002,0x8002,0x8022,0x8001,0x8022,0x8022,0x8001,0x8044,
  0x8023,0x8024,0x8066,0x8044,0xDA6F,0x8066,0x8888,0x8044,0x8023,0x8022,0x8002,0x8045,0x8022,0x8001,0x8002,0x8001,
  0x8001,0x8022,0x8001,0x8001,0x8022,0x8001,0x8001,0x8002,0x8001,0x8001,0x8001,0x8001,0x8002,0x8002,0x8002,0x8001,
  0x8001,0x8066,0x8001,0x8001,0x8001,0x8001,0x8001,0x8001,0x8001,0x8001,0x8001,0x8001,0x8001,0x8001,0x8001,0x8C86,
  0x8001,0x8002,0x8001,0x8001,0x8001,0x8002,0x8001,0x8001,0x8001,0x8001,0x8001,0x8002,0x8001,0x8001,0x8001,0x8001,
  0x8001,0x8001,0x8001,0x8001,0x8001,0x8001,0x8002,0x8001,0x8024,0x8022,0x8001,0x8022,0x8002,0x8001,0x8001,0x8001,
  0x8001,0x8001,0x8002,0x8001,0x8001,0x8001,0x8001,0x8001,0x8001,0x8022,0x8002,0x8002,0x8023,0x8001,0x8022,0x8001,
  0x8001,0x8025,0x8023,0x8001,0x8044,0x8002,0x8001,0x8045,0x8002,0x8089,0x8001,0x8464,0x8023,0x8024,0x8045,0x8002,
  0x8002,0x8043,0x8001,0x8022,0x8066,0x8000,0x8466,0x8023,0x8023,0x8002,0x8487,0x8001,0x8002,0x8023,0x8045,0x8066,
  0x8001,0x8022,0x8044,0x8002,0x8000,0x8067,0x8023,0x8068,0x8CEB,0x8001,0x8488,0x8002,0x8087,0x8001,0x8001,0x8001,
  0x8002,0x8023,0x8002,0x8022,0x8001,0x8001,0x8044,0x8001,0x8002,0x8001,0x8001,0x8002,0x8002,0x9D2B,0x8001,0x8002,
  0x8001,0x8001,0x8002,0x8002,0x8022,0x8001,0x8001,0x8001,0x8001,0x8001,0x8023,0x8001,0x8001,0x8022,0xDE8E,0x8400,
  0x8022,0x8001,0x8001,0x8022,0x8023,0x8001,0x8001,0x8002,0x8001,0x8001,0x8001,0x8001,0x8001,0x8001,0x8022,0x8001,
  0x8023,0x8002,0x8001,0x8001,0x8001,0x8001,0x8001,0x8023,0x8022,0x8002,0x8022,0x8001,0x8002,0x8001,0x8044,0x8001,
  0x8001,0x8044,0x8001,0x8001,0x8001,0x8001,0x8001,0x8001,0x8001,0x8001,0x8001,0x8001,0x8001,0x8022,0x8001,0x8022,
  0x8001,0xD7BF,0x8000,0x8002,0x8023,0x8002,0x8001,0x8001,0x8022,0x8001,0x8044,0x8023,0x8002,0x8023,0x8022,0x8066,
  0x8022,0x8044,0xA928,0x8044,0x8002,0x8023,0x94C7,0x8023,0x8023,0x8023,0x90A5,0x8022,0x8001,0x8045,0x8002,0x8001,
  0x8001,0x8044,0x8001,0x8044,0x8001,0x8002,0xB2DA,0x8001,0x8023,0x8002,0x8001,0x8002,0x8022,0x8002,0x8002,0x8001,
  0x8001,0x8001,0x8001,0x8001,0x8001,0x8022,0x8022,0x8001,0x8001,0x8001,0x8001,0x8001,0x8001,0x8001,0x8001,0x8001,
  0x8001,0x8001,0x8022,0x8022,0x8023,0x8023,0x8023,0x8024,0x8044,0x94A5,0xEB57,0x88A9,0x8466,0x8044,0x8023,0x8023,
  0x8022,0x8023,0x8022,0x8022,0x8001,0x8001,0x8001,0x8022,0x8002,0x8001,0x8001,0x8001,0x8001,0x8022,0x8001,0x8001,
  0x8002,0x8001,0x8001,0x8001,0x8001,0x8001,0x8001,0x8001,0x8001,0x8001,0x8001,0x8001,0x8001,0x8001,0x8001,0x8001,
  0x8001,0x8001,0x8001,0x8001,0x8002,0x8002,0x8001,0x8001,0x8001,0x8001,0x8001,0x8002,0x8001,0x8001,0x8002,0x8001,
  0x8002,0x8022,0x8001,0x8001,0x8001,0x8001,0x8001,0x8001,0x8001,0x8001,0x8001,0x8001,0x8001,0x8001,0x8002,0x8022,
  0x8022,0x8022,0x8002,0x8022,0x8002,0x8001,0x8002,0x8002,0x8022,0x8001,0x8001,0x8022,0x8001,0x8001,0x8001,0x8022,
  0x8002,0x8001,0x8002,0x8002,0x8002,0x8022,0x8001,0x8002,0x8023,0x8001,0x8023,0x8022,0x8023,0x8022,0x8022,0x8023,
  0x8044,0x94A5,0x8002,0x8023,0x8022,0x8001,0x8023,0x8002,0x8001,0x8022,0x8023,0x8046,0x8023,0x8001,0x8044,0x8023,
  0x8024,0x8066,0x8023,0x8045,0x8024,0x8024,0x8044,0x8044,0x8023,0x8002,0x8488,0x8045,0x8087,0x8046,0x8045,0x8488,
  0x8043,0x8044,0x8024,0x8001,0x8022,0x8023,0x8022,0x8CA8,0x8001,0x8002,0x8001,0x8001,0x8002,0x8002,0x8001,0x8001,
  0x8001,0x8001,0x8001,0x8001,0x8001,0x8001,0x8001,0x8001,0x8022,0x8002,0x8001,0x8001,0x8001,0x8022,0x8001,0x8001,
  0x8001,0x8001,0x8001,0x8001,0x8421,0x8001,0x8001,0x8001,0x8001,0x8001,0x8002,0x8001,0x8001,0x8001,0x8001,0x8001,
  0x8001,0x8022,0x8001,0x8001,0x8002,0x8001,0x8002,0x8001,0x8001,0x8022,0x8001,0x8001,0x8044,0x8023,0x8001,0x8002,
  0x8002,0x8001,0x8001,0x8001,0x8002,0x8001,0x8001,0x8002,0x8002,0x8002,0x8001,0x8001,0x8002,0x8001,0x8001,0x8001,
  0x8002,0x8001,0x8002,0x8001,0x8001,0x8001,0x8022,0x8000,0x8043,0x8002,0x8022,0x8002,0x8022,0x8001,0x8044,0x8001,
  0x8022,0x8023,0x8023,0x8022,0x8066,0x8022,0x8022,0x8066,0x8445,0x8044,0x8024,0x8044,0x8023,0x8067,0x8022,0x8023,
  0x8043,0x8022,0x8022,0x8001,0x8022,0x8043,0x8023,0x8001,0x8001,0x8023,0x8002,0x8002,0x8023,0x8002,0x8001,0x8022,
  0x8022,0x8001,0x8021,0x8001,0x8001,0x8001,0x8001,0x8001,0x8001,0x8001,0x8001,0x8002,0x8022,0x8002,0x8002,0x8001,
  0x8001,0x8001,0x8001,0x8001,0x8001,0x8001,0x8001,0x8001,0x8002,0x8022,0x8044,0x8002,0x8023,0x8044,0x8001,0x98C5,
  0xFBFD,0x8887,0x8023,0x8024,0x8045,0x8024,0x8002,0x8002,0x8002,0x8022,0x8023,0x8C42,0x8022,0x8001,0x8022,0x8001,
  0x8002,0x8001,0x8001,0x8001,0x8001,0x8001,0x8022,0x8001,0x8001,0x8001,0x8001,0x8001,0x8001,0x8001,0x8001,0x8001,
  0x8022,0x8001,0x8001,0x8001,0x8001,0x8001,0x8001,0x8001,0x8001,0x8001,0x8002,0x8001,0x8001,0x8002,0x8001,0x8001,
  0x8001,0x8002,0x8001,0x8001,0x8001,0x8001,0x8001,0x8001,0x8001,0x8001,0x8001,0x8001,0x8001,0x8001,0x8001,0x8001,
  0x8001,0x8002,0x8001,0x8002,0x8002,0x8022,0x8022,0x8002,0x8023,0x8023,0x8002,0x8002,0x8002,0x8002,0x8001,0x84CA,
  0x8002,0x8022,0x8001,0x8001,0x8002,0x8022,0x8002,0x8001,0x8022,0x8022,0x8002,0x8023,0x8001,0x8001,0x8023,0x8001,
  0x8022,0x8001,0x8024,0x8002,0x8023,0x8002,0x8045,0x8023,0x8002,0x8022,0x8022,0x8001,0x8023,0x8001,0x8002,0x8022,
  0x8001,0x8066,0x8001,0x8023,0x8044,0x8002,0x8045,0x8068,0x8002,0x8487,0x8001,0x8025,0x8066,0x8067,0x8024,0x8023,
  0x8488,0x8024,0x8045,0x8024,0x8024,0x88CA,0x8022,0x8045,0x8023,0x8002,0x8023,0x8023,0x8022,0x8002,0x8001,0x8023,
  0x8001,0x8001,0x8001,0x8002,0x8001,0x8001,0x8001,0x8001,0x8001,0x8002,0x8002,0x8001,0x8002,0x8002,0x8022,0x8002,
  0x8001,0x8001,0x8001,0x8023,0x8001,0x8001,0x8001,0x8001,0x8001,0x8001,0x8022,0x8001,0x8001,0x8001,0x8001,0x8001,
  0x8001,0x8001,0x8001,0x8001,0x8001,0x8001,0x8001,0x8002,0x8001,0x8002,0x8001,0x8002,0x8001,0x8022,0x8022,0x8065,
  0x8001,0x8001,0x8044,0x8022,0x8001,0x8001,0x8001,0x8001,0x8001,0x8001,0x8001,0x8002,0x8002,0x8002,0x8001,0x8001,
  0x8001,0x8001,0x8022,0x8001,0x8002,0x8002,0x8001,0x8001,0x8022,0x8001,0x8001,0x8001,0x8002,0x8002,0x8022,0x8002,
  0x8001,0x8001,0x8023,0x8002,0x8044,0x8002,0x8002,0x8023,0x8023,0x8002,0x8066,0x8002,0x8001,0x8465,0x8465,0x8024,
  0x8045,0x8023,0x8002,0x8066,0x8001,0x8023,0x8023,0x8023,0x8022,0x8002,0x8022,0x8023,0x8464,0x8001,0x8001,0x8023,
  0x8001,0x8022,0x8022,0x8002,0x8001,0x8022,0x8022,0x8002,0x8001,0x8001,0x8001,0x8001,0x8001,0x8022,0x8002,0x8002,
  0x8002,0x8022,0x8002,0x8002,0x8022,0x8001,0x8001,0x8022,0x8001,0x8001,0x8022,0x8001,0x8001,0x8002,0x8024,0x8023,
  0x8022,0x8C85,0x8023,0x8886,0xB9AB,0xD2B5,0xFFFE,0xCEB4,0x98A6,0x94A6,0x8CA7,0x8044,0x8023,0x8487,0x8044,0x8022,
  0x8023,0x9483,0x8022,0x8001,0x8022,0x8001,0x8022,0x8002,0x8001,0x8001,0x8001,0x8001,0x8001,0x8001,0x8001,0x8001,
  0x8002,0x8001,0x8001,0x8023,0x8001,0x8001,0x8422,0x8022,0x8001,0x8001,0x8001,0x8001,0x8002,0x8002,0x8001,0x8001,
  0x8022,0x8001,0x8001,0x8001,0x8001,0x8002,0x8001,0x8002,0x8001,0x8001,0x8001,0x8001,0x8001,0x8001,0x8001,0x8001,
  0x8001,0x8001,0x8001,0x8001,0x8002,0x8002,0x8002,0x8022,0x8001,0x8023,0x8001,0x8001,0x8022,0x8023,0x8044,0x8023,
  0x8022,0x8022,0x8002,0x8022,0x8001,0x8002,0x8023,0x8002,0x8001,0x8002,0x8001,0x8001,0x8001,0x8001,0x8022,0x8001,
  0x8022,0x8001,0x8002,0x8001,0x8022,0x8001,0x8022,0x8002,0x8023,0x8022,0x8022,0x8022,0x8001,0x8023,0x8002,0x8002,
  0x8022,0x8002,0x8022,0x8001,0x8002,0x8002,0x8023,0x8001,0x8023,0x8043,0x8024,0x8024,0x8025,0x8022,0x8487,0x8024,
  0x8023,0x8066,0x8045,0x8046,0x8066,0x8088,0x8024,0x8045,0x8486,0x8023,0x8044,0x8023,0x9D0A,0x8067,0x8023,0x8045,
  0x8023,0x8002,0x8022,0x8002,0x8022,0x8022,0x8022,0x8022,0x8002,0x8001,0x8002,0x8001,0x8001,0x8001,0x8001,0x8002,
  0x8022,0x8001,0x8001,0x8022,0x8001,0x8001,0x8002,0x8002,0x8001,0x8022,0x8001,0x8002,0x8422,0x8001,0x8001,0x8001,
  0x8001,0x8001,0x8001,0x8001,0x8001,0x8001,0x8002,0x8022,0x8001,0x8001,0x8002,0x8001,0x8001,0x8002,0x8001,0x8001,
  0x8001,0x8001,0x8001,0x8001,0x8001,0x8001,0x8022,0x8022,0x8001,0x8001,0x8001,0x8001,0x8001,0x8001,0x8002,0x8001,
  0x8001,0x8001,0x8002,0x8022,0x8022,0x8001,0x8001,0x8002,0x8002,0x8001,0x8001,0x8001,0x8022,0x8001,0x8001,0x8023,
  0x8022,0x8001,0x8001,0x8044,0x8022,0x8023,0x8001,0x8022,0x8023,0x8001,0x8022,0x8023,0x8044,0x8022,0x8002,0x8022,
  0x8022,0x8022,0x8044,0x8002,0x8465,0x8024,0x8024,0x8023,0x8023,0x8002,0x8023,0x8022,0x8023,0x8002,0x8043,0x8023,
  0x8001,0x8001,0x8002,0x8023,0x8001,0x8023,0x8022,0x8001,0x8002,0x8001,0x8002,0x8002,0x8002,0x8001,0x8002,0x8002,
  0x8002,0x8001,0x8001,0x8002,0x8022,0x8000,0x8000,0x8022,0x8002,0x8001,0x8001,0x8001,0x8001,0x8001,0x8001,0x8002,
  0x8022,0x8002,0x8002,0x8001,0x8023,0x8001,0x8001,0x8044,0x8002,0x8045,0x8066,0x8CA9,0xFFFF,0x8487,0x8044,0x8066,
  0x8066,0x8022,0x8044,0x8044,0x8022,0x8001,0x8022,0x8022,0x8001,0x8022,0x8001,0x8022,0x8022,0x8002,0x8022,0x8002,
  0x8001,0x8001,0x8001,0x8001,0x8001,0x8001,0x8023,0x8001,0x8001,0x8002,0x8001,0x8001,0x8422,0x8001,0x8001,0x8001,
  0x8001,0x8002,0x8023,0x8022,0x8001,0x8001,0x8001,0x8001,0x8001,0x8001,0x8001,0x8002,0x8002,0x8001,0x8001,0x8001,
  0x8001,0x8001,0x8001,0x8001,0x8001,0x8002,0x8022,0x8001,0x8022,0x8001,0x8002,0x8022,0x8022,0x8001,0x8001,0x8001,
  0x8001,0x8023,0x8022,0x8022,0x8045,0x8045,0x8024,0x8022,0x8023,0x8001,0x8022,0x8002,0x8002,0x8022,0x8001,0x8023,
  0x8001,0x8002,0x8001,0x8001,0x8001,0x8001,0x8023,0x8001,0x8022,0x8001,0x8001,0x8023,0x8001,0x8024,0x8001,0x8022,
  0x8002,0x8001,0x8022,0x8002,0x8022,0x8002,0x8022,0x8023,0x8001,0x8022,0x8001,0x8001,0x8001,0x8023,0x8022,0x8001,
  0x8023,0x8024,0x8067,0x8001,0x8067,0x8024,0x88A9,0x8067,0x8044,0x8023,0x90C9,0x8CC8,0x8067,0x8022,0x8044,0x8045,
  0x8045,0x8023,0x8065,0x8046,0x8022,0x8046,0x8022,0x8001,0x8001,0x8001,0x8865,0x8002,0x8023,0x8001,0x8001,0x8001,
  0x8022,0x8001,0x8001,0x8001,0x8001,0x8001,0x8001,0x8001,0x8001,0x8001,0x8001,0x8022,0x8022,0x8002,0x8001,0x8001,
  0x8021,0x8001,0x8022,0x8001,0x8022,0x8001,0x8001,0x8001,0x8001,0x8001,0x8001,0x8001,0x8001,0x8068,0x8022,0x8001,
  0x8001,0x8001,0x8001,0x8023,0x8022,0x8001,0x8001,0x8001,0x8001,0x8002,0x8023,0x8024,0x8001,0x8001,0x8001,0x8001,
  0x8001,0x8001,0x8001,0x8001,0x8001,0x8001,0x8001,0x8001,0x8001,0x8001,0x8023,0x8001,0x8001,0x8022,0x8022,0x8001,
  0x8001,0x8001,0x8023,0x8001,0x8001,0x8001,0x8023,0x8002,0x8022,0x8022,0x8002,0x8001,0x8023,0x8023,0x8002,0x8002,
  0x8044,0x8001,0x8023,0x8023,0x8001,0x8022,0x8487,0x8001,0x8023,0x8045,0x8023,0x8002,0x8044,0x8044,0x8002,0x8022,
  0x8001,0x8022,0x90A6,0x8001,0x8021,0x8044,0x8001,0x8023,0x8045,0x8001,0x8002,0x8022,0x8022,0x8001,0x8001,0x8001,
  0x8001,0x8022,0x8022,0x8001,0x8001,0x8001,0x8002,0x8002,0x8001,0x8022,0x8022,0x8043,0xCAB5,0x8002,0x8002,0x8023,
  0x8001,0x8022,0x8001,0x8001,0x8022,0x8002,0x8001,0x8001,0x8022,0x8023,0x8001,0x8024,0x8001,0x8002,0x8066,0x8023,
  0x8066,0x8023,0xC9A9,0x8044,0x8066,0x8066,0x8023,0x8044,0x8044,0x8022,0x8001,0x8023,0x8023,0x8001,0x8024,0x8001,
  0x8001,0x8022,0x8022,0x8022,0x8001,0x8002,0x8002,0x8001,0x8002,0x8001,0x8001,0x8001,0x8001,0x8045,0x8002,0x8001,
  0x8001,0x8001,0x8001,0x8001,0x8001,0x8001,0x8001,0x8001,0x8001,0x8002,0x8002,0x8001,0x8001,0x8001,0x8001,0x8023,
  0x8001,0x8001,0x8002,0x8001,0x8001,0x8001,0x8001,0x8001,0x8001,0x8001,0x8001,0x8001,0x8001,0x8001,0x8001,0x8001,
  0x8001,0x8002,0x8001,0x8001,0x8001,0x8002,0x8001,0x8002,0x8023,0x8022,0x8045,0x8087,0x8024,0x8044,0x8022,0x8002,
  0x8022,0x8022,0x8001,0x8023,0x8001,0x8001,0x8023,0x8002,0x8002,0x8023,0x8023,0x8001,0x8001,0x8023,0x8001,0x8022,
  0x8044,0x8001,0x8023,0x8001,0x8001,0x8023,0x8001,0x8023,0x8001,0x8002,0x8022,0x8001,0x8044,0x8002,0x8024,0x8001,
  0x8023,0x8000,0x8023,0x8000,0x8487,0x8044,0x8022,0x8045,0x8001,0x8045,0x8022,0x8887,0x90CA,0x8046,0x8067,0x8045,
  0x8CA8,0x8045,0x8024,0x8087,0x8022,0x8024,0x8045,0x88C9,0x8024,0x8023,0x8045,0x8044,0x8022,0x8023,0x8043,0x8443,
  0x8443,0x8022,0x8001,0x8023,0x8001,0x8001,0x8022,0x8001,0x8001,0x8001,0x8001,0x8001,0x8001,0x8001,0x8001,0x8001,
  0x8001,0x8001,0x8002,0x8001,0x8001,0x8001,0x8843,0x8001,0x8022,0x8022,0x8001,0x8001,0x8001,0x8001,0x8002,0x8002,
  0x8023,0x8001,0x8001,0x8001,0x8001,0x8023,0x8001,0x8002,0x8002,0x8023,0x8002,0x8001,0x8001,0x8001,0x8001,0x8001,
  0x8002,0x8022,0x8001,0x8002,0x8001,0x8002,0x8001,0x8001,0x8001,0x8001,0x8001,0x8001,0x8001,0x8843,0x8001,0x8001,
  0x8001,0x8002,0x8001,0x8001,0x8001,0x8023,0x8001,0x8022,0x8001,0x8023,0x8001,0x8044,0x8001,0x8024,0x8001,0x8044,
  0x8023,0x8044,0x8001,0x8023,0x8002,0x8045,0x8001,0x8044,0x8002,0x8023,0x8045,0x8002,0x8044,0x8022,0x8001,0x8044,
  0x8001,0x8044,0x8001,0x8022,0x8044,0x8024,0x8001,0x8023,0x8023,0x8022,0x8001,0x8001,0x8001,0x8002,0x8001,0x8067,
  0x8001,0x8002,0x8023,0x8001,0x8001,0x8001,0x8001,0x8001,0x8001,0x8001,0x8001,0x8001,0x8002,0x8001,0x8001,0x8001,
  0x8023,0x8002,0x8002,0x8002,0x8022,0x8001,0x8023,0x8001,0x8001,0x8001,0x8001,0x8001,0x8001,0x8001,0x8001,0x8001,
  0x8001,0x8043,0x8001,0x8023,0x8002,0x8066,0x8023,0x8044,0x98E8,0x8046,0x8066,0x8044,0x8023,0x8022,0x8002,0x8022,
  0x8022,0x8045,0x8022,0x8022,0x8001,0x8022,0x8001,0x8C62,0xA506,0x8001,0x8001,0x8001,0x8001,0x8024,0x8002,0x8001,
  0x8001,0x8001,0x8001,0x8001,0x8022,0x8001,0x8001,0x8001,0x8001,0x8001,0x8422,0x8001,0x8001,0x8001,0x8001,0x8001,
  0x8001,0x8023,0x8023,0x8001,0x8002,0x8001,0x8001,0x8001,0x8001,0x8001,0x8001,0x8001,0x8001,0x8001,0x8001,0x8001,
  0x8001,0x8001,0x8001,0x8001,0x8001,0x8001,0x8001,0x8001,0x8002,0x8001,0x8001,0x8001,0x8022,0x8023,0x8023,0x8024,
  0x9657,0x854E,0x8022,0x8023,0x8024,0x8022,0x8022,0x8001,0x8001,0x8001,0x8001,0x8001,0x8001,0x8001,0x8001,0x8001,
  0x8001,0x8001,0x8022,0x8002,0x8022,0x8022,0x8001,0x8022,0x8001,0x8023,0x8001,0x8001,0x8002,0x8001,0x8002,0x8044,
  0x8001,0x8001,0x8001,0x8001,0x8002,0x8001,0x8001,0x8024,0x8001,0x8066,0x8022,0x8044,0x8044,0x8000,0x8065,0x8066,
  0x8024,0x8088,0x8023,0x84A9,0x88CB,0x84A9,0x8024,0x8023,0x8087,0x8045,0x99F2,0x8067,0x8066,0x8066,0x8045,0x8023,
  0x8001,0x8001,0x8044,0x8023,0x8044,0x8000,0xF7BB,0x8044,0x8022,0x8022,0x8001,0x8001,0x8001,0x8001,0x8001,0x8001,
  0x8001,0x8001,0x8001,0x8001,0x8001,0x8001,0x8001,0x8001,0x8002,0x8002,0x8001,0x8001,0x8001,0x8022,0x8001,0x8001,
  0x8001,0x8001,0x8001,0x8022,0x8002,0x8002,0x8001,0x8001,0x8001,0x8001,0x8001,0x8002,0x8002,0x8023,0x8001,0x8044,
  0x8002,0x8002,0x8002,0x8001,0x8001,0x8001,0x8001,0x8001,0x8001,0x8001,0x9DD2,0x8002,0x8002,0x8001,0x8002,0x8001,
  0x8002,0x8022,0x8001,0x8001,0x8001,0x8001,0x8001,0x8001,0x8001,0x8023,0x8023,0x8001,0x8022,0x8001,0x8001,0x8023,
  0x8001,0x8001,0x8044,0x8001,0x8044,0x8023,0x8002,0x8023,0x8044,0x8002,0x8024,0x8022,0x8023,0x8001,0x8022,0x8002,
  0x8001,0x8023,0x8001,0x8023,0x8024,0x8001,0x8045,0x8001,0x8022,0x8023,0x8022,0x8023,0x8002,0x8001,0x8002,0x8001,
  0x8023,0x8002,0x8002,0x8001,0x8001,0x8001,0x8001,0x8023,0x8001,0x8023,0x8001,0x8001,0x8001,0x8001,0x8001,0x8022,
  0x8001,0x8001,0x8002,0x8001,0x8022,0x8044,0x8002,0x8002,0x8002,0x8001,0x8001,0x8024,0x8002,0x8021,0x8023,0x8001,
  0x8001,0x8024,0x8001,0x8001,0x8001,0x8001,0x8044,0x8001,0x8022,0x8CCA,0x8023,0x8001,0x8044,0x8023,0x8045,0x8066,
  0x8023,0x8065,0x8066,0x8000,0xA16F,0x8044,0x8022,0x8000,0x8044,0x8022,0x8022,0x8002,0x8022,0x8023,0x8023,0x8022,
  0x8002,0x8023,0x8001,0x8001,0x8023,0x8001,0x8001,0x8002,0x8044,0x8001,0x8001,0x8001,0x8401,0x8001,0x8001,0x8001,
  0x8001,0x8001,0x8001,0x8001,0x8001,0x8022,0x8001,0x8001,0x8023,0x8001,0x8022,0x8001,0x8022,0x8001,0x8001,0x8001,
  0x8001,0x8001,0x8023,0x8001,0x8001,0x8001,0x8001,0x8022,0x8001,0x8022,0x8001,0x8001,0x8001,0x8001,0x8001,0x8024,
  0x8001,0x8044,0x8044,0x8023,0x80AB,0x9219,0xE3DF,0xCFBE,0x9AFE,0x80CE,0x8044,0x8044,0x8001,0x8024,0x8002,0x8001,
  0x8024,0x8001,0x8001,0x8022,0x8022,0x8001,0x8022,0x8001,0x8001,0x8023,0x8002,0x8001,0x8044,0x8001,0x8023,0x8001,
  0x8066,0x8001,0x8023,0x8001,0x8002,0x8001,0x8001,0x8002,0x8023,0x8001,0x8001,0x8001,0x8001,0x8001,0x8023,0x8001,
  0x8023,0x8022,0x8000,0x8486,0x8022,0x8022,0x8046,0x8045,0x8046,0x8023,0x8045,0x8045,0x84A9,0x80AA,0x8046,0x8045,
  0x8044,0x8088,0x8488,0x8002,0x8488,0x8000,0x8044,0x8023,0x8002,0x8022,0x8023,0x8002,0x8C65,0x8023,0x8001,0x8022,
  0x8001,0x8001,0x8001,0x8002,0x8002,0x8001,0x8001,0x8022,0x8022,0x8001,0x8001,0x8001,0x8001,0x8442,0x8022,0x8001,
  0x8002,0x8022,0x8001,0x8001,0x8001,0x8001,0x8001,0x8001,0x8002,0x8001,0x8001,0x8001,0x8001,0x8001,0x8001,0x8001,
  0x8001,0x8022,0x8001,0x8001,0x8001,0x80CD,0x8023,0x8022,0x8002,0x8001,0x8001,0x8001,0x8002,0x8001,0x8001,0x8002,
  0x8022,0x8002,0x8001,0x8024,0x8001,0x8022,0x8C64,0x8001,0x8044,0x8001,0x8045,0x8023,0x8001,0x8002,0x8022,0x8001,
  0x8001,0x8022,0x8001,0x8023,0x8001,0x8001,0x8001,0x8865,0x8001,0x84A9,0x8001,0x8022,0x8044,0x8002,0x8022,0x8065,
  0x8001,0x8001,0x8087,0x8001,0x8023,0x8002,0x8001,0x8002,0x8088,0x8001,0x8001,0x8023,0x8023,0x8002,0x8022,0x8023,
  0x8023,0x8001,0x8002,0x8001,0x8065,0x8001,0x8001,0x8045,0x8001,0x8023,0x8024,0x8022,0x8001,0x8001,0x8023,0x8001,
  0x8001,0x8001,0x8001,0x8001,0x8001,0x8001,0x8002,0x8001,0x8001,0x8023,0x8001,0x8001,0x8023,0x8023,0x8001,0x8022,
  0x8023,0x8001,0x8023,0x8023,0x8001,0x8001,0x8001,0x8001,0x8001,0x8001,0x8001,0x8001,0x8022,0x8022,0x8002,0x8000,
  0x8022,0x8044,0x8001,0x8045,0x9CC9,0x8023,0x8044,0x8022,0x8002,0x8487,0x8024,0x8022,0x8066,0x8023,0x8023,0x8023,
  0x8001,0x8022,0x8002,0x8001,0x8001,0x8022,0x8001,0x8001,0x8001,0x8001,0x8001,0x8001,0x8001,0x8001,0x8001,0x8001,
  0x8001,0x8001,0x8001,0x8001,0x8001,0x8001,0x8002,0x8001,0x8001,0x8001,0x8001,0x8001,0xD1A7,0x8001,0x8001,0x8001,
  0x8001,0x8001,0x8001,0x8001,0x8001,0x8001,0x8001,0x8001,0x8001,0x8001,0xCAF9,0x8002,0x8001,0x8001,0x8001,0x8001,
  0x8001,0x8001,0x8001,0x8001,0x8001,0x8001,0x8001,0x8001,0x8002,0x8023,0x8024,0x8023,0x9A78,0x89B2,0x8046,0x8023,
  0x8022,0x8001,0x8001,0x8001,0x8001,0x8001,0x8001,0x8001,0x8001,0x8002,0x8001,0x8001,0x8001,0x8001,0x8001,0x8001,
  0x8001,0x8001,0x8001,0x8001,0x8023,0x8001,0x8002,0x8023,0x8001,0x8023,0x8002,0x8001,0x8001,0x8001,0x8001,0x8001,
  0x8067,0x8002,0x8002,0x8001,0x8045,0x8001,0x8022,0x8023,0x8045,0x8022,0x8001,0x8024,0x8046,0x8002,0x8045,0x8067,
  0x8002,0x8023,0x8045,0x8046,0x84EC,0x8045,0x84A9,0x8023,0x8023,0x8045,0x8001,0x8045,0x8001,0x8023,0x8045,0x8024,
  0x8023,0x8001,0x8023,0x8001,0x8002,0x8001,0x8001,0x8001,0x8001,0x8001,0x8001,0x8001,0x8001,0x8822,0x8001,0x8001,
  0x8001,0x8022,0x8001,0x8001,0x8001,0x8002,0x8001,0x8022,0x8422,0x8001,0x9063,0x8001,0x8001,0x8001,0x8001,0x8001,
  0x8044,0x8022,0x8002,0x8002,0x8022,0x8001,0x8024,0x8001,0x8044,0x8022,0x80AA,0xE79C,0x80CC,0x8022,0x8022,0x8001,
  0x8023,0x8001,0x8001,0x8001,0x8023,0x8001,0x8001,0x8001,0x8001,0x8001,0x8001,0x9CA6,0x8001,0x8001,0x8022,0x8001,
  0x8001,0x8022,0x8022,0x8023,0x8001,0x8002,0x8023,0x8001,0x8044,0x8001,0x8022,0x8023,0x8023,0x8001,0x8023,0x8023,
  0x8023,0x8046,0x8002,0x8023,0x8046,0x8001,0x8044,0x8002,0x8001,0x8022,0x8001,0x8022,0x8044,0x8002,0x8023,0x8001,
  0x8023,0x8001,0x8002,0x8001,0x8023,0x8022,0x8001,0x8024,0x8001,0x8001,0x8001,0x8022,0x8002,0x8001,0x8002,0x8002,
  0x8001,0x8002,0x8001,0x8023,0x8001,0x8001,0x8001,0x8001,0x8001,0x8001,0x8001,0x8001,0x8001,0x8001,0x8002,0x8001,
  0x8023,0x8044,0x8002,0x8001,0x8001,0x8022,0x8001,0x8023,0x8024,0x8002,0x8001,0x8024,0x8001,0x8001,0x8001,0x8023,
  0x8044,0x8022,0x8001,0x8046,0x8001,0x8023,0x8001,0x8024,0x8023,0x8023,0x8024,0x8023,0x8002,0x8466,0x8CA8,0x8023,
  0x8087,0x8022,0x8023,0x8045,0x8001,0x8045,0x8000,0x8001,0x8002,0x8001,0x8001,0x8001,0x8022,0x8001,0x8001,0x8001,
  0x8001,0x8001,0x8001,0x8001,0x8001,0xA907,0x8001,0x8022,0x8001,0x8001,0x8022,0x8001,0x8422,0x8001,0x8001,0x8001,
  0x8001,0x8001,0x8001,0x8001,0x8001,0x8002,0x8001,0x8002,0x8001,0x8001,0x8001,0x8001,0x8001,0x8001,0x8001,0x8001,
  0x8001,0x8001,0x8001,0x8001,0x8001,0x8001,0x8001,0x8001,0x8001,0x8001,0x8001,0x8001,0x8001,0x8022,0x8023,0x8002,
  0x8023,0x8023,0x810D,0x8089,0x8023,0x8023,0x8022,0x8022,0x8001,0x8022,0x8001,0x8001,0x8001,0x8001,0x8002,0x8002,
  0x8001,0x8001,0x8023,0x8001,0x8024,0x8002,0x8001,0x8023,0x8001,0x8002,0x8001,0x8002,0x8002,0x8001,0x8022,0x8001,
  0x8022,0x8002,0x8001,0x8001,0x8001,0x8001,0x8001,0x8002,0x8002,0x8045,0x8001,0x8001,0x8001,0x8001,0x8001,0x8023,
  0x8022,0x8023,0x8000,0x8066,0x8022,0x8023,0x8066,0x8046,0x8046,0x8067,0x8022,0x8488,0x8024,0x8045,0x8043,0x8000,
  0x8044,0x8022,0x8023,0x8001,0x8022,0x8023,0x8002,0x8002,0x8022,0x8001,0x8044,0x8022,0x8001,0x8022,0x8001,0x8001,
  0x8001,0x8002,0x8001,0x8001,0x8001,0x8001,0x8842,0x8001,0x8001,0x8442,0x8022,0x8022,0x8022,0x8022,0x8002,0x8001,
  0x8001,0x8001,0x8001,0x8001,0x8001,0x8001,0x8001,0x8001,0x8001,0x8001,0x8002,0x8001,0x8001,0x8001,0x8001,0x8022,
  0x8002,0x80EE,0x8002,0x8002,0x8022,0x8001,0x8021,0x8022,0x8002,0x8002,0x8002,0x8001,0x8022,0x8001,0x8001,0x8002,
  0x8001,0x8002,0x8023,0x8001,0x8001,0x8045,0x8023,0x8002,0x8044,0x8001,0x8002,0x8023,0x8000,0x8001,0x8023,0x8022,
  0x8023,0x8024,0x8001,0x8046,0x8066,0x8001,0x8066,0x8023,0x8045,0x8023,0x8022,0x8044,0x8002,0x8023,0x8065,0x8001,
  0x8023,0x8023,0x8022,0x8022,0x8002,0x8022,0x8002,0x8044,0x8001,0x8067,0x8002,0x8002,0x8044,0x8002,0x8002,0x8001,
  0x8046,0x8001,0x8001,0x8044,0x8001,0x8001,0x8001,0x8023,0x8001,0x8001,0x8022,0x8001,0x8001,0x8001,0x8023,0x8001,
  0x8001,0x8001,0x8001,0x8001,0x8002,0x8001,0x8001,0x8022,0x8022,0x8023,0x8023,0x8022,0x8024,0x8023,0x8001,0x8044,
  0x8022,0x8001,0x8001,0x8067,0x8001,0x8001,0x8001,0x8001,0x8022,0x8001,0x8023,0x8001,0x8023,0x8001,0x8022,0x8001,
  0x90A7,0x8022,0x8002,0x8022,0x8023,0x8024,0x8023,0x8087,0x8045,0x8024,0x8023,0x8000,0x8023,0x8022,0x8001,0x8002,
  0x8001,0x8001,0x8022,0x8002,0x8002,0x8001,0x8002,0x8001,0x8001,0x8001,0x8002,0x8001,0x8001,0x8021,0x8001,0x8422,
  0x8002,0x8021,0x8422,0x8001,0x8021,0x8022,0x8001,0x8001,0x8001,0x8422,0x8001,0x8023,0x8001,0x8001,0x8001,0x8001,
  0x8001,0x8001,0x8001,0x8023,0x8001,0x8001,0x8001,0x8001,0x8002,0x8022,0x8002,0x8001,0x8002,0x8001,0x8023,0x8001,
  0x8044,0x8001,0x8022,0x8002,0x8002,0x8024,0x8022,0x8023,0x8044,0x8024,0x8023,0x8002,0x8023,0x8001,0x8022,0x8001,
  0x8022,0x8002,0x8023,0x8001,0x8023,0x8022,0x8001,0x8001,0x8022,0x8001,0x8022,0x8001,0x8022,0x8001,0x8023,0x8001,
  0x8046,0x8022,0x8002,0x8001,0x8023,0x8001,0x8001,0x8001,0x8001,0x8001,0x8044,0x8001,0x8023,0x8001,0x8023,0x8001,
  0x8022,0x8023,0x8001,0x8022,0x8023,0x8001,0x8044,0x8001,0x8024,0x8000,0x8067,0x8002,0x8045,0x8044,0x8067,0x90EB,
  0x8046,0x8002,0x8087,0x8023,0x8001,0x910C,0x8044,0x8444,0x8001,0x8023,0x8002,0x8001,0x8022,0x8022,0x8001,0x8023,
  0x8001,0x8002,0x8022,0x8001,0x8001,0x8001,0x8001,0x8001,0x8C63,0x8001,0x8002,0x8022,0x8002,0x8022,0x8022,0x8022,
  0x8422,0x8022,0x8001,0x8422,0x8002,0x8002,0x8022,0x8001,0x8022,0x8001,0x8001,0x8001,0x8002,0x8001,0x8001,0x8001,
  0x8002,0x8002,0x8021,0x8001,0x8001,0x8023,0x8001,0x8044,0x8002,0x8022,0x8001,0x8001,0x8001,0x8001,0x8001,0x8002,
  0x8002,0x8001,0x8022,0x8001,0x8001,0x8023,0x8001,0x8001,0x8001,0x8002,0x8002,0x8022,0x8001,0x8044,0x8000,0x8023,
  0x8022,0x8022,0x8044,0x8023,0x8001,0x8066,0x8001,0x8023,0x8046,0x8022,0x8022,0x80AA,0x8001,0x8066,0x8002,0x8045,
  0x8024,0x8023,0x8002,0x8045,0x8001,0x8023,0x8002,0x8002,0x8002,0x8023,0x8001,0x8045,0x8002,0x8001,0x8024,0x8002,
  0x8023,0x8022,0x8022,0x8001,0x8024,0x8001,0x8001,0x8024,0x8001,0x8002,0x8001,0x8002,0x8002,0x8001,0x8022,0x8001,
  0x8001,0x8002,0x8023,0x8001,0x8001,0x8023,0x8023,0x8002,0x8001,0x8001,0x8001,0x8022,0x8022,0x8001,0x8002,0x8022,
  0x8001,0x8023,0x8001,0x8023,0x8044,0x8001,0x8045,0x8022,0x8002,0x8001,0x8023,0x8002,0x8001,0x8023,0x8001,0x8001,
  0x8001,0x8022,0x8001,0x8023,0x8001,0x8023,0x8024,0x8022,0x8023,0x8466,0x88A8,0x8023,0x8002,0x8066,0x8002,0x8044,
  0x8002,0x8023,0x8001,0x8024,0x8001,0x8022,0x8001,0x8001,0x8002,0x8022,0x8002,0x8001,0x8023,0x8001,0x8023,0x8002,
  0x8001,0x8001,0x8002,0x8001,0x8022,0x8001,0x8001,0x8001,0x8821,0x8421,0x8021,0x8001,0x8421,0x8001,0x8001,0x8001,
  0x8001,0x8001,0x8001,0x8001,0x8044,0x8002,0x8001,0x98A6,0x8001,0x8001,0x8001,0x8022,0x8001,0x8002,0x8002,0x8022,
  0x8001,0x8023,0x8001,0x8001,0x8002,0x8001,0x8001,0x8001,0x8001,0x8044,0x8001,0x8002,0x8023,0x8022,0x8023,0x8023,
  0x8022,0x8023,0x8001,0x8001,0x8001,0x8022,0x8046,0x8001,0x8001,0x8022,0x8001,0x8022,0x8023,0x8002,0x8002,0x8022,
  0x8001,0x8022,0x8001,0x8067,0x8000,0x8023,0x8001,0x8002,0x8002,0x8001,0x8001,0x8022,0x8024,0x8002,0x8044,0x8001,
  0x8002,0x8001,0x8024,0x8023,0x8001,0x8023,0x8022,0x8024,0x8001,0x8001,0x8001,0x8023,0x8001,0x8023,0x8023,0x8045,
  0x8001,0x8067,0x8001,0x8002,0x8024,0x8023,0x8002,0x8066,0x8022,0x8045,0x8045,0x8044,0x8022,0x8001,0x8044,0x8000,
  0x8022,0x8024,0x8022,0x8002,0x8023,0x8001,0x8045,0x8022,0x8001,0x8001,0x8022,0x8022,0x8022,0x8002,0x8002,0x8001,
  0x8442,0x8001,0x8022,0x8022,0x8022,0x8C63,0x8842,0x8422,0x8442,0x8001,0x8022,0x8001,0x8842,0x8022,0x8001,0x8022,
  0x8022,0x8001,0x8001,0x8001,0x8001,0x8001,0x8024,0x8002,0x8001,0x8022,0x8001,0x8001,0x8002,0x8001,0x8022,0x8001,
  0x8002,0x8001,0x8001,0x8001,0x8001,0x8023,0x8001,0x8001,0x8023,0x8423,0x8001,0x8002,0x8001,0x8001,0x8044,0x8001,
  0x8023,0x8001,0x8023,0x8001,0x8022,0x8022,0x8023,0x8022,0x8002,0x8022,0x8001,0x8045,0x8001,0x8023,0x8022,0x8002,
  0x8088,0x8022,0x8046,0x8002,0x8066,0x8024,0x8022,0x8023,0x8044,0x8002,0x8023,0x8001,0x8024,0x8023,0x8002,0x8002,
  0x8023,0x8022,0x8001,0x8023,0x8001,0x8022,0x8001,0x8022,0x8002,0x8023,0x8001,0x8023,0x8045,0x8001,0x8001,0x8001,
  0x8001,0x8001,0x8001,0x8022,0x8001,0x8001,0x8002,0x8001,0x8001,0x8021,0x8001,0x8001,0x8001,0x8001,0x8001,0x8001,
  0x8002,0x8001,0x8023,0x8022,0x8002,0x8002,0x8022,0x8023,0x8024,0x8003,0xAAFC,0x8044,0x8022,0x8066,0x8002,0x8001,
  0x8002,0x8023,0x8023,0x8000,0x8045,0x8001,0x8044,0x8002,0x8001,0x8023,0x8022,0x8001,0x8022,0x8022,0x8066,0x8024,
  0x8022,0x8024,0x8022,0xB5EC,0x8045,0x8001,0x8023,0x8023,0x8025,0x8001,0x8001,0x8022,0x8001,0x8001,0x8001,0x8001,
  0x8001,0x8001,0x8002,0x8002,0x8001,0x8001,0x8001,0x8001,0x8001,0x8022,0x8002,0x8022,0x8001,0x8021,0xACA1,0x8401,
  0x8021,0x8001,0x8001,0x8022,0x8002,0x8001,0x8002,0x8001,0x8001,0x8001,0x8001,0x8001,0x8001,0x8022,0x8001,0x8001,
  0x8001,0x8002,0x8001,0x8002,0x8001,0x8001,0x8002,0x8002,0x8001,0x8001,0x8001,0x8002,0x8002,0x8001,0x8045,0x8001,
  0x8001,0x8001,0x8022,0x8022,0x8023,0x8023,0x8022,0x8001,0x8023,0x8023,0x8022,0x8022,0x8044,0x8002,0x8001,0xA170,
  0x8002,0x8002,0x8022,0x8022,0x8001,0x8001,0x8001,0x8001,0x8022,0x8022,0x8022,0x8001,0x8002,0x8045,0x8001,0x8022,
  0x8002,0x8001,0x8001,0x8044,0x8002,0x8001,0x8022,0x8002,0x8001,0x8001,0x8023,0x8002,0x8024,0x8023,0x8001,0x8023,
  0x8066,0x8023,0x8022,0x8001,0x8002,0x8001,0x8066,0x8001,0x8045,0x8044,0x8023,0x8045,0x8022,0x8022,0x8045,0x8045,
  0x8044,0x8002,0x8001,0x8045,0x8001,0x8022,0x8022,0x8002,0x8022,0x8001,0x8023,0x8001,0x8022,0x8001,0x8023,0x8002,
  0x8022,0x8022,0x8002,0x8002,0x8001,0x8022,0x8001,0x8022,0x8022,0x8022,0x8442,0xA4C5,0xA0C4,0x8842,0x8422,0x8422,
  0x8021,0x8022,0x8002,0x8002,0x8022,0x8001,0x8002,0x8001,0x8022,0x8022,0x8001,0x8001,0x8023,0x8002,0x8022,0x8001,
  0x8001,0x8022,0x8001,0x8022,0x8001,0x8002,0x8001,0x8022,0x8001,0x8002,0x8001,0x8044,0x8001,0x8001,0x8023,0x8001,
  0x8001,0x8001,0x8001,0x8001,0x8001,0x8023,0x8001,0x8023,0x8001,0x8022,0x8022,0x8022,0x8001,0x8022,0x8001,0x8044,
  0x8022,0x8001,0x8067,0x8001,0x8045,0x8045,0x8045,0x8002,0x8023,0x84AA,0x8002,0x8023,0x8088,0x8002,0x8002,0x8044,
  0x8000,0x8044,0x8022,0x8022,0x8022,0x8022,0x8023,0x8001,0x8023,0x8001,0x8024,0x8023,0x8002,0x8001,0x8001,0x8022,
  0x8001,0x8024,0x8001,0x8001,0x8001,0x8023,0x8001,0x8001,0x8001,0x8002,0x8001,0x8022,0x8002,0x8001,0x8001,0x8001,
  0x8001,0x8002,0x8066,0x88EA,0x8001,0x8001,0x8022,0x8001,0x8001,0x8001,0x8045,0x8044,0x8001,0x8044,0x8044,0x8002,
  0x8045,0x8002,0x8024,0x8022,0x8022,0x8045,0x8002,0x8001,0x8001,0x8045,0x8001,0x8022,0x8023,0x8001,0x8067,0x8002,
  0x8022,0x8022,0x8067,0x8024,0x8022,0x8044,0x8024,0x8045,0x808A,0x8001,0x8024,0x8024,0x8067,0x8022,0x8001,0x8001,
  0x8089,0x8002,0x8002,0x8001,0x8001,0x8044,0x8002,0x8023,0x8023,0x8023,0x8002,0x8001,0x8001,0x8022,0x8001,0x8422,
  0x8002,0x8022,0x8842,0xB4A0,0xFFCF,0x9C20,0x9041,0x8022,0x8001,0x8822,0x8002,0x8001,0x8022,0x8001,0x8023,0x8001,
  0x8002,0x8022,0x8001,0x8002,0x8001,0x8001,0x8001,0x8001,0x8001,0x8024,0x8002,0x8022,0x8001,0x8001,0x8001,0x8001,
  0x8001,0x8001,0x8001,0x8022,0x8001,0x8001,0x8024,0x8002,0x8001,0x8002,0x8002,0x8022,0x8001,0x8022,0x8001,0x8023,
  0x8022,0x8001,0x8022,0x8022,0x8022,0x8022,0x8001,0x8044,0x8023,0x8023,0x8001,0x8046,0x8001,0x8002,0x8001,0x8002,
  0x8002,0x8022,0x8023,0x8001,0x8001,0x8002,0x8045,0x8001,0x8001,0x8022,0x8002,0x8001,0x8001,0x8000,0x80AB,0x8002,
  0x8023,0x8044,0x8001,0x80A9,0x8023,0x8022,0x8022,0x8043,0x8045,0x8002,0x8001,0x8023,0x8001,0x890D,0x8002,0x8002,
  0x8045,0x8065,0x8067,0x8002,0x8022,0x8443,0x8023,0x8001,0x8045,0x8001,0x8001,0x8022,0x8001,0x8044,0x8023,0x8001,
  0x8001,0x8043,0x8001,0x8001,0x8001,0x8022,0x8022,0x8001,0x8002,0x8001,0x8002,0x8002,0x8002,0x8022,0x8022,0x8842,
  0x8842,0xEAF3,0xCE0C,0x8863,0x8842,0x8422,0x8022,0x8002,0x8001,0x8001,0x8002,0x8002,0x8001,0x8002,0x8001,0x8001,
  0x8001,0x8001,0x8001,0x8022,0x8002,0x8022,0x8002,0x8001,0x8001,0x8067,0x8001,0x8001,0x8001,0x8002,0x8001,0x8023,
  0x8022,0x8001,0x8001,0x8001,0x8002,0x8001,0x8023,0x8001,0x8443,0x8001,0x8002,0x8022,0x8022,0x8022,0x8023,0x8001,
  0x88CA,0x8022,0x8044,0x8001,0x8044,0x8001,0x8066,0x8066,0x8001,0x80A9,0x8001,0x80A9,0x8022,0x84CA,0x8023,0x8023,
  0x8CCA,0x8045,0x8002,0x84A8,0x8002,0x8001,0x8045,0x8002,0x8066,0x8023,0x8001,0x8023,0x8001,0x8024,0x8001,0x8003,
  0x8001,0x8001,0x8044,0x8022,0x8022,0x8001,0x8022,0x8001,0x8022,0x8001,0x8001,0x8023,0x8001,0x8001,0x8001,0x8001,
  0x8002,0x8001,0x8022,0x8001,0x8001,0x8001,0x8001,0x8002,0x8001,0x8001,0x8001,0x8001,0x8002,0x8001,0x8001,0x8002,
  0x8001,0x8001,0x8002,0x8022,0x8001,0x8066,0x8001,0x8045,0x8001,0x8066,0x8001,0x8022,0x8022,0x8023,0x8024,0x8001,
  0x8044,0x8024,0x8001,0x8022,0x8001,0x8001,0x8045,0x8002,0x8002,0x8001,0x8044,0x8022,0x8000,0x8088,0x8002,0x8045,
  0x8044,0x8023,0x8001,0x8046,0x8001,0x8024,0x8001,0x8001,0x8002,0x8045,0x8001,0x8001,0x8001,0x8001,0x8002,0x8001,
  0x8001,0x8002,0x8001,0x8001,0x8001,0x8001,0x8001,0x8001,0x8001,0x8022,0xA482,0x8000,0x8021,0x8002,0x8002,0x8022,
  0x8001,0x8001,0x8001,0x8001,0x8001,0x8001,0x8001,0x8001,0x8001,0x8001,0x8001,0x8001,0x8001,0x8001,0x8001,0x80AA,
  0x8002,0x8001,0x8001,0x8001,0x8002,0x8002,0x8002,0x8001,0x8022,0x8001,0x8001,0x8001,0x8001,0x8001,0x8002,0x8001,
  0x8024,0x8002,0x8001,0x8001,0x8022,0x8001,0x8001,0x8001,0x8001,0x8002,0x8022,0x8024,0x8022,0x8002,0x8001,0x8000,
  0x8067,0x8001,0x8001,0x8001,0x8001,0x8001,0x8001,0x8002,0x8001,0x8001,0x8001,0x8487,0x8001,0x8002,0x8045,0x8024,
  0x8002,0x8001,0x8002,0x8023,0x8002,0x8024,0x8001,0x8022,0x8045,0x8022,0x8001,0x8022,0x8001,0x90E9,0x8023,0x8023,
  0x8046,0x8002,0x8024,0x8044,0x8002,0x8002,0x8002,0x8044,0x8002,0x8046,0x8001,0xAA34,0x8001,0x8001,0x8002,0x8001,
  0x8001,0x8022,0x8022,0x8001,0x8001,0x8022,0x8023,0x8022,0x8001,0x8023,0x8001,0x8C64,0x8001,0x8001,0x8002,0x8001,
  0x8842,0x8001,0x8842,0x8022,0x8842,0x9C83,0xFB96,0xF7BA,0xF777,0xA4E4,0x9484,0x8C63,0x8021,0x8422,0x8002,0x8843,
  0x8001,0x8022,0x8843,0x8001,0x8002,0x8002,0x8001,0x8001,0x8001,0x8001,0x8002,0x8001,0x8001,0x8001,0x8001,0x8001,
  0x8001,0x8001,0x8001,0x8001,0x8001,0x8001,0x8001,0x8001,0x8001,0x8001,0x8001,0x8001,0x8001,0x8001,0x8001,0x8022,
  0x8001,0x8001,0x8023,0x8022,0x8001,0x8044,0x8001,0x8022,0x8001,0x8023,0x8001,0x8024,0x8023,0x8001,0x8046,0x8001,
  0x8088,0x8022,0x8067,0x8045,0x8023,0x80AA,0x8002,0x8045,0x8024,0x8001,0x8001,0x8022,0x8022,0x8002,0x8002,0x8001,
  0x8022,0x8065,0x8002,0x8001,0x8001,0x8022,0x8001,0x8001,0x8001,0x8002,0x8001,0x8001,0x8001,0x8001,0x8001,0x8001,
  0x8001,0x8001,0x8001,0x8001,0x8001,0x8001,0x8001,0x8024,0x8022,0x8002,0x8002,0x8001,0x8022,0x8001,0x8001,0x8001,
  0x8001,0x8001,0x8002,0x8001,0x8023,0x8002,0x8023,0x8023,0x8001,0x8002,0x8023,0x8001,0x8044,0x8001,0x8024,0x8001,
  0x8044,0x8023,0x8045,0x8022,0x8001,0x8046,0x8002,0x8023,0x8002,0x8044,0x8024,0x8022,0x8066,0x8001,0x912F,0x8002,
  0x8023,0x8066,0x8045,0x8002,0x8088,0x8001,0x8067,0x8002,0x8045,0x8000,0x8066,0x8001,0x8023,0x8002,0x8002,0x8001,
  0x8001,0x8044,0x8001,0x8023,0x8022,0x8002,0x8023,0x8022,0x8002,0x8023,0x8001,0x8001,0x8001,0x8002,0x8422,0x8022,
  0x8022,0x8022,0x8022,0x8022,0x8001,0x8001,0x8022,0x8001,0x8001,0x8001,0x8001,0x8001,0x8001,0x8001,0x8001,0x8001,
  0x8001,0x8001,0x8002,0x8002,0x8048,0xF3FF,0x80AB,0x8023,0x8002,0x8002,0x8022,0x8023,0x8001,0x8001,0x8001,0x8001,
  0x8001,0x8001,0x8023,0x8002,0x8001,0x8001,0x8023,0x8022,0x8002,0x8001,0x8002,0x8001,0x8002,0x8001,0x8002,0x8087,
  0x8001,0x8001,0x8001,0x8001,0x8002,0x8001,0x8066,0x8002,0x8001,0x8001,0x8001,0x8002,0x8001,0x8001,0x8023,0x8001,
  0x8045,0x8001,0x8022,0x8022,0x8044,0x8002,0x8002,0x8023,0x8067,0x8022,0x808B,0x8001,0x8089,0x8022,0x8068,0x8022,
  0x8044,0x8023,0x8003,0x8066,0x8002,0x8045,0x8023,0x8024,0x8466,0x8002,0x8045,0x8023,0x8023,0x8044,0x8045,0x8001,
  0x8001,0x8022,0x8002,0x8001,0x8001,0x8023,0x8023,0x8002,0x8022,0x8002,0x8002,0x8022,0x8002,0x8022,0x8001,0x8001,
  0x8001,0x8001,0x8002,0x8001,0x8001,0x8002,0x8002,0x8022,0x8022,0x8022,0x8022,0x8442,0x8421,0xEB35,0xCA2E,0x8822,
  0x8421,0x8422,0x8022,0x8022,0x8022,0x8001,0x8002,0x8001,0x8001,0x8002,0x8001,0x8002,0x8001,0x8001,0x8001,0x8001,
  0x8001,0x8002,0x8001,0x8001,0x8001,0x8045,0x8001,0x8001,0x8001,0x8001,0x8001,0x8001,0x8001,0x8001,0x8001,0x8001,
  0x8001,0x8023,0x8001,0x8002,0x8022,0x8001,0x8022,0x8001,0x8002,0x8001,0x8022,0x8023,0x8001,0x8024,0x8045,0x8001,
  0x8066,0x8001,0x8088,0x8002,0x8024,0x8487,0x8046,0x8022,0x84AA,0x8002,0x88EB,0x8002,0x8066,0x8023,0x8066,0x8088,
  0x8001,0x8045,0x8002,0x8001,0x8043,0x88A7,0x9D4C,0xBE52,0x8487,0x8023,0x8022,0x8001,0x8044,0x8001,0x8001,0x8044,
  0x8065,0x8001,0x8001,0x8022,0x8001,0x8024,0x8001,0x8023,0x8001,0x8001,0x8001,0x8002,0x8001,0x8045,0x8002,0x8002,
  0x8002,0x8001,0x8001,0x8001,0x8001,0x8001,0x8001,0x8001,0x8002,0x8001,0x8001,0x8023,0x8002,0x8022,0x8023,0x8022,
  0x8022,0x8024,0x8001,0x8024,0x8001,0x8046,0x8001,0x8045,0x8001,0x8023,0x8044,0x8001,0x8024,0x8022,0x8088,0x8002,
  0x8044,0x8045,0x8002,0x8046,0x8001,0x8022,0x8066,0x8023,0x8002,0x8067,0x8001,0x8068,0x8022,0x8067,0x8022,0x8045,
  0x8023,0x8044,0x8002,0x8001,0x8022,0x8045,0x8022,0x8001,0x8023,0x8001,0x8001,0x8022,0x8002,0x8001,0x8001,0x8022,
  0x8001,0x8001,0x8001,0x8022,0x8002,0x8022,0x8822,0x8001,0x8022,0x8002,0x8001,0x8022,0x8001,0x8001,0x8001,0x8001,
  0x8001,0x8001,0x8001,0x8001,0x8001,0x8001,0x8002,0x8001,0x8002,0x8001,0x8001,0x80AA,0x8002,0x8002,0x8001,0x8001,
  0x8022,0x8001,0x8001,0x8001,0x8001,0x8001,0x8001,0x8044,0x8001,0x8001,0x8022,0x8002,0x8001,0x8001,0x8002,0x8002,
  0x8001,0x8044,0x8002,0x8002,0x8001,0x8001,0x8001,0x8001,0x8022,0x8002,0x8002,0x8002,0x8022,0x8002,0x8001,0x8022,
  0x8001,0x8001,0x8001,0x8002,0x8001,0x8002,0x8002,0x8046,0x8000,0x8023,0x8022,0x8001,0x8067,0x8067,0x8002,0x8045,
  0x8045,0x8046,0x8002,0x8066,0x8022,0x8046,0x8002,0x8023,0x8044,0x8023,0x8045,0x8000,0x8488,0x8001,0x8044,0x8044,
  0x8045,0x8024,0x8002,0x8022,0x8023,0x8001,0x8023,0x8002,0x8001,0x8044,0x8022,0x8022,0x8001,0x8023,0x8022,0x8021,
  0x8022,0x8001,0x8045,0x8001,0x8023,0x8001,0xBE75,0x8000,0x8022,0x8022,0x8022,0x8001,0x8022,0x8001,0x8002,0x8022,
  0x8022,0x8842,0x8842,0xA906,0x9CA4,0x8842,0x8422,0x8022,0x8001,0x8022,0x8002,0x8001,0x8001,0x8022,0x8002,0x8001,
  0x8001,0x8001,0x8001,0x8001,0x8023,0x8001,0x8002,0x8022,0x8022,0x8001,0x8001,0x8001,0x8001,0x8001,0x8001,0x8001,
  0x8001,0x8001,0x8001,0x8001,0x8001,0x8001,0x8002,0x8001,0x8022,0x8001,0x8001,0x8001,0x8001,0x8044,0x8001,0x8022,
  0x8066,0x8001,0x8467,0x8001,0x8001,0x8487,0x8023,0x8488,0x8023,0x8087,0x8000,0x8066,0x8002,0x8089,0x8022,0x8067,
  0x8001,0x8023,0x8044,0x8088,0x8002,0x8022,0x8002,0x8001,0x8022,0x8044,0x8001,0x8022,0x8001,0x8885,0x8001,0x8022,
  0x8001,0x8023,0x8001,0x8002,0x8001,0x8001,0x8001,0x8001,0x8001,0x8002,0x8023,0x8001,0x8001,0x8001,0x8002,0x8001,
  0x8001,0x8002,0x8001,0x8002,0x8002,0x8001,0x8002,0x8001,0x8002,0x8001,0x8001,0x8022,0x8002,0x8002,0x8002,0x8002,
  0x8044,0x8001,0x8022,0x8002,0x8001,0x8022,0x8023,0x8001,0x8044,0x8001,0x8024,0x8001,0x8023,0x8002,0x8024,0x8023,
  0x8023,0x8023,0x8466,0x8065,0x8023,0x8045,0x8067,0x8001,0x8066,0x8001,0x8044,0x8002,0x8022,0x8045,0x8045,0x8002,
  0x8024,0x8024,0x8022,0x8002,0x8045,0x8045,0x8000,0x8024,0x8002,0x8002,0x8002,0x8001,0x8002,0x8022,0x8001,0x8001,
  0x8023,0x8001,0x8001,0x8001,0x8000,0xB149,0x8001,0x8002,0x8022,0x8C63,0x8001,0x8001,0x8001,0x8001,0x8001,0x8002,
  0x8001,0x8001,0x8022,0x8001,0x8001,0x8001,0x8001,0x8001,0x8001,0x8001,0x8001,0x8001,0x8001,0x8001,0x8001,0x8001,
  0x8001,0x8002,0x8001,0x8001,0x8001,0x8001,0x8001,0x8001,0x8002,0x8001,0x8001,0x8001,0x8001,0x8001,0x8022,0x8002,
  0x8002,0x8001,0x8001,0x8001,0x8002,0x8001,0x8002,0x8001,0x9909,0x8002,0x8001,0x8002,0x8001,0x8001,0x8001,0x8001,
  0x8001,0x8001,0x8001,0x8001,0x8001,0x9883,0x8002,0x8022,0x8001,0x8001,0x8022,0x8001,0x8001,0x8001,0x8002,0x8023,
  0x8023,0x84CA,0x8003,0x8024,0x8024,0x80AB,0x8045,0x8045,0x8024,0x8068,0x8023,0x8002,0x8043,0x8022,0x8023,0x8045,
  0x8023,0x8067,0x8000,0x8487,0x8001,0x8066,0x8002,0x8002,0x8023,0x8045,0x8001,0x8022,0x88CA,0x8002,0x8022,0x8001,
  0x8002,0x8001,0x8023,0x8001,0x8022,0x8022,0x8022,0x8001,0x8023,0x8001,0x8001,0x8022,0x8001,0x8001,0x8043,0x8001,
  0x8002,0x8443,0x8001,0x8001,0x8002,0x8842,0x8001,0x8021,0x8842,0x9063,0x8842,0x8022,0x8022,0x8422,0x8022,0x8002,
  0x8022,0x8001,0x8022,0x8022,0x8001,0x8001,0x8001,0x8001,0x8001,0x8001,0x8066,0x8001,0x8001,0x8001,0x8001,0x8001,
  0x8001,0x8001,0x8001,0x8001,0x8001,0x8002,0x8001,0x8001,0x8001,0x8002,0x8001,0x8001,0x8002,0x8001,0x8001,0x8022,
  0x8002,0x8023,0x8001,0x8023,0x8001,0x8022,0x8002,0x8002,0x8001,0x8487,0x8486,0x8002,0x8002,0x8024,0x8466,0x8002,
  0x8066,0x8023,0x84CA,0x8002,0x8488,0x8045,0x8023,0x8066,0x8002,0x8001,0x8044,0x8001,0x8487,0x8002,0x8022,0x8001,
  0x8001,0x8001,0x8002,0x8002,0x8002,0x8002,0x8023,0x8001,0x8022,0x8001,0x8001,0x8001,0x8001,0x84A8,0x8001,0x8002,
  0x8001,0x8001,0x8001,0x8002,0x8001,0x8001,0x8001,0x8001,0x8023,0x8001,0x8001,0x8002,0x8001,0x8001,0x8001,0x8001,
  0x8001,0x8001,0x8022,0x8001,0x8002,0x8001,0x8001,0x8022,0x8002,0x8002,0x8023,0x8002,0x8002,0x8023,0x8022,0x8023,
  0x8001,0x8044,0x8001,0x8044,0x8002,0x8024,0x8044,0x8045,0x8002,0x8044,0x8024,0x8089,0x8023,0x8045,0x8023,0x8088,
  0x8022,0x8067,0x8023,0x8023,0x8002,0x8024,0x8002,0x8067,0x8067,0x8022,0x8046,0x8001,0x8046,0x8002,0x8024,0x8002,
  0x8022,0x8024,0x8002,0x8022,0x8023,0x8002,0x8002,0x8023,0x8002,0x8001,0x8022,0x8000,0x8002,0x8022,0x8022,0x8002,
  0x8002,0x8001,0x8422,0x8001,0x8001,0x8022,0x8022,0x8001,0x8001,0x8002,0x8002,0x8022,0x8002,0x8002,0x8023,0x8002,
  0x8001,0x8022,0x8001,0x8001,0x8022,0x8001,0x8001,0x8023,0x8001,0x8001,0x8001,0x8023,0x8001,0x8001,0x8002,0x8002,
  0x8001,0x8001,0x8002,0x8001,0x8001,0x8001,0x8001,0x8002,0x8022,0x8002,0x8001,0x8001,0x8001,0x8001,0x8024,0x8001,
  0x8001,0x8023,0x8001,0x8002,0x8002,0x8001,0x8001,0x8002,0x8001,0x8001,0x8821,0xFBD6,0x9063,0x8022,0x8022,0x8001,
  0x8044,0x8002,0x8024,0x8022,0x8044,0x8023,0x8024,0x8046,0x8024,0x8024,0x8088,0x8003,0x80CC,0x8045,0x8067,0x8024,
  0x8088,0x8023,0x8023,0x8024,0x8045,0x8044,0x8024,0x8002,0x8045,0x8022,0x8021,0x8002,0x8886,0x8444,0x8002,0x8022,
  0x8466,0x8024,0x8002,0x8002,0x8002,0x8001,0x8022,0x8044,0x8001,0x8001,0x8002,0x8001,0x8002,0x8022,0x8001,0x8023,
  0x8001,0x8001,0x8022,0x8002,0x8002,0x8023,0x8022,0x8022,0x8001,0x8001,0x8442,0x8001,0x8842,0x8022,0x8022,0x8442,
  0x8422,0x8022,0x8022,0x8022,0x8001,0x8422,0x8002,0x8002,0x8843,0x8001,0x8022,0x8001,0x8001,0x8001,0x8001,0x8001,
  0x8001,0x8001,0x8001,0x8002,0x8001,0x8022,0x8001,0x8002,0x8002,0x8001,0x8001,0x8022,0x8001,0x8002,0x8001,0x8002,
  0x8001,0x8001,0x8023,0x8023,0x8002,0x8001,0x8CC9,0x8001,0x8023,0x8002,0x8022,0x8002,0x8044,0x8001,0x8023,0x8023,
  0x8002,0x8044,0x88CB,0x8001,0x8487,0x8466,0x8023,0x8088,0x8023,0x88A9,0x8024,0x8066,0x8045,0x8022,0x8065,0x8002,
  0x8045,0x8022,0x8002,0x8023,0x8022,0x8023,0x8022,0x8001,0x8002,0x8022,0x8002,0x8023,0x8001,0x8023,0x8001,0x8022,
  0x8022,0x8001,0x8002,0x8001,0x8001,0x8001,0x8023,0x8001,0x8002,0x8044,0x8002,0x8022,0x8022,0x8001,0x8002,0x8001,
  0x8002,0x8001,0x8001,0x8001,0x8001,0x8002,0x8002,0x8001,0x8001,0x8001,0x8002,0x8002,0x8001,0x8023,0x8002,0x8001,
  0x8001,0x8022,0x8023,0x8001,0x8002,0x8022,0x8024,0x8001,0x8044,0x8023,0x8044,0x8022,0x8023,0x8001,0x8088,0x8022,
  0x890E,0x8002,0x8089,0x8025,0x8067,0x8002,0x8087,0x8001,0x8066,0x8002,0x8001,0x8001,0x8046,0x8023,0x8001,0x8066,
  0x8002,0x8067,0x8000,0x8045,0x8000,0x8022,0x8022,0x8001,0x8022,0x8022,0x8002,0x8001,0x8023,0x8002,0x8001,0x8001,
  0x8022,0x8002,0x8002,0x8001,0x8022,0x8001,0x8001,0x8002,0x8002,0x8002,0x8001,0x8001,0x8002,0x8002,0x8002,0x8002,
  0x8001,0x8001,0x8001,0x8001,0x8001,0x8001,0x8001,0x8001,0x8001,0x8001,0x8001,0x8001,0x8001,0x8001,0x8001,0x8002,
  0x8001,0x8001,0x8022,0x8001,0x8001,0x8022,0x8001,0x8001,0x8021,0x8002,0x8002,0x8001,0x8001,0x8001,0x8001,0x8001,
  0x8001,0x8001,0x8001,0x8002,0x8001,0x8001,0x8001,0x8001,0x8001,0x8001,0x8001,0x8001,0x8001,0x8001,0x8022,0x8001,
  0x8001,0x9461,0x8001,0x8001,0x8001,0x8002,0x8045,0x8001,0x8001,0x8002,0x8001,0x80CA,0x8002,0x8024,0x8087,0x8068,
  0x8046,0x8068,0x8089,0x8088,0x8002,0x8088,0x8023,0x8045,0x8067,0x8044,0x8044,0x8044,0x8022,0x8067,0x8002,0x8002,
  0x8023,0x8023,0x8002,0x8001,0x8002,0x94E9,0x8002,0x8022,0x8023,0x8022,0x8001,0x8023,0x8001,0x8044,0x8001,0x8023,
  0x8001,0x8022,0x8023,0x8001,0x8023,0x8001,0x8001,0x8001,0x8001,0x8002,0x8023,0x8001,0x8001,0x8001,0x8001,0x8842,
  0x8001,0x8022,0x8001,0x8022,0x8422,0x8442,0x8422,0x8002,0x8022,0x8022,0x8842,0x8001,0x8022,0x8022,0x8002,0x8001,
  0x8001,0x8001,0x8001,0x8001,0x8001,0x8001,0x8001,0x8001,0x8001,0x8002,0x8001,0x8002,0x8001,0x8022,0x8001,0x8001,
  0x8001,0x8001,0x8466,0x8001,0x8022,0x8023,0x8022,0x8001,0x8001,0x8001,0x8001,0x8002,0x8002,0x8022,0x8001,0x8023,
  0x8001,0x8045,0x8001,0x8023,0x8002,0x8487,0x8002,0x8023,0x8024,0x8046,0x8023,0x8024,0x8487,0x8024,0x8066,0x8023,
  0x88CB,0x8023,0x8002,0x8067,0x8001,0x8022,0x8022,0x8002,0x8022,0x8023,0x8001,0x8002,0x8001,0x8001,0x8001,0x8001,
  0x8002,0x8022,0x8001,0x8002,0x8001,0x8001,0x8001,0x8001,0x8001,0x8001,0x8001,0x8002,0x8001,0x8023,0x8002,0x8089,
  0x8002,0x8022,0x8002,0x8002,0x8001,0x8001,0x8001,0x8001,0x8822,0x8001,0x8002,0x8021,0x8001,0x8002,0x8001,0x8001,
  0x8002,0x8002,0x8001,0x8001,0x8022,0x8022,0x8001,0x8022,0x8023,0x8001,0x8044,0x8001,0x8002,0x8023,0x8022,0x8002,
  0x8022,0x8023,0x8044,0x8001,0x8045,0x8066,0x8023,0x8087,0x8067,0x8045,0x8D0C,0x8023,0x8023,0x8066,0x8002,0x8023,
  0x8023,0x8023,0x8001,0x8023,0x80A9,0x8001,0x8044,0x8002,0x8045,0x8022,0x8023,0x8024,0x8022,0x8002,0x8022,0x8045,
  0x8023,0x8022,0x8022,0x8002,0x8001,0x8001,0x8023,0x8002,0x8002,0x8001,0xA928,0x8001,0x8023,0x8002,0x8001,0x8001,
  0x8001,0x8002,0x8022,0x8001,0x8444,0x8001,0x8002,0x8022,0x8001,0x8002,0x8002,0x8001,0x8001,0x8001,0x8001,0x8001,
  0x8001,0x8001,0x8001,0x8001,0x8001,0x8001,0x8001,0x8001,0x8002,0x8001,0x8045,0x8023,0x8001,0x8001,0x8001,0x8001,
  0x8022,0x8002,0x8001,0x8001,0x8022,0x8002,0x8001,0x8022,0x8023,0x8001,0x8002,0x8001,0x8001,0x8001,0x8001,0x8001,
  0x8001,0x8001,0x8001,0x8001,0x8001,0x8001,0x8001,0x8001,0x8001,0x8001,0x8001,0x8001,0x8022,0x8001,0x8001,0x8087,
  0x8022,0x8023,0x8023,0x8066,0x8045,0x8024,0x8046,0x8068,0x80CD,0x8067,0x84AA,0x8025,0x8088,0x8024,0x8023,0x8044,
  0x8022,0x88CB,0x8022,0x8044,0x8044,0x8023,0x8044,0x8487,0x8001,0x8001,0x8044,0x8001,0x8001,0x8022,0x8022,0x8002,
  0x8002,0x8002,0x8001,0x80CC,0x8001,0x8022,0x8022,0x8002,0x8001,0x8001,0x8022,0x8001,0x8022,0x8001,0x8002,0x8001,
  0x8001,0x8001,0x8001,0x8001,0x8022,0x8022,0x8022,0x8022,0x8001,0x8022,0x8022,0x8442,0x8022,0x8001,0x8022,0x8001,
  0x8422,0x8002,0x8022,0x8001,0x8002,0x8002,0x8001,0x8001,0x8001,0x8001,0x8001,0x8002,0x8002,0x8001,0x8001,0x8001,
  0x8001,0x8422,0x8001,0x8002,0x8001,0x8001,0x8C43,0x8001,0x8001,0x8001,0x8002,0x8002,0x8001,0x8001,0x8002,0x8023,
  0x8001,0x8001,0x8002,0x8002,0x8001,0x8002,0x8002,0x8022,0x8023,0x8001,0x8023,0x8002,0x8002,0x8045,0x8002,0x8046,
  0x8045,0x8023,0x8088,0x8044,0x84A9,0x8044,0x8002,0x8066,0x8044,0x8002,0x8022,0x8045,0x8001,0x8023,0x8002,0x8002,
  0x8002,0x8002,0x8023,0x8002,0x8002,0x8022,0x8001,0x8001,0x8444,0x8001,0x8022,0x8001,0x8002,0x8001,0x8001,0x8002,
  0x8022,0x8002,0x8022,0x8002,0x8023,0x92BC,0x8001,0x8022,0x8022,0x8022,0x8001,0x8001,0x8001,0x8842,0xFF89,0x8022,
  0x8001,0x8001,0x8001,0x8002,0x8001,0x8001,0x8001,0x8001,0x8002,0x8044,0x8001,0x8001,0x8001,0x8001,0x8001,0x8001,
  0x8001,0x8023,0x8001,0x8044,0x8022,0x8066,0x8023,0x8002,0x8001,0x8045,0x8001,0x8045,0x8024,0x8067,0x8066,0xD292,
  0x8045,0x8066,0x8488,0x8024,0x8045,0x8023,0x8002,0x8024,0x8001,0x8046,0x8002,0x8044,0x8022,0x8044,0x8024,0x8044,
  0x8023,0x8023,0x8023,0x8023,0x8002,0x8002,0x8023,0x8002,0x8022,0x8023,0x8002,0x8022,0x8023,0x8044,0x8002,0x8023,
  0x8000,0x8001,0x8001,0x8001,0x8023,0x8001,0x8002,0x8022,0x8422,0x8001,0x8001,0x8001,0x8002,0x8046,0x8001,0x8001,
  0x8023,0x8023,0x8002,0x8001,0x8001,0x8001,0x8001,0x8001,0x8001,0x8024,0x8001,0x8002,0x8001,0x8001,0x8001,0x8001,
  0x8001,0x8001,0x8001,0x8001,0x8001,0x8001,0x8002,0x8001,0x8001,0x8001,0x8002,0x8002,0x8001,0x8022,0x8002,0x8001,
  0x8023,0x8001,0x8001,0x8001,0x8001,0x8001,0x8001,0x8001,0x8002,0x8002,0x8002,0x8002,0x8001,0x8001,0x8001,0x8001,
  0x8001,0x8023,0x8022,0x8022,0x8022,0x8003,0x8022,0x8002,0x8045,0x8045,0x8067,0x8067,0x8067,0x8067,0x8E19,0x8089,
  0x80AC,0x8088,0x8068,0x8044,0x8044,0x8023,0x8045,0x8002,0x8023,0x8046,0x98C8,0x8022,0x8001,0x8023,0x8044,0x8465,
  0x8002,0x8022,0x8001,0x8023,0x8002,0x8023,0x8043,0x8001,0x80ED,0xE79D,0x80AC,0x8002,0x8023,0x8023,0x8022,0x8001,
  0x8022,0x8023,0x8001,0x8001,0x8044,0x8001,0x8023,0x8001,0x8001,0x8001,0x8044,0x8002,0x8022,0x8002,0x8443,0x8022,
  0x8001,0x8422,0x8022,0x8022,0x8002,0x8022,0x8001,0x8023,0x8001,0x8001,0x94EA,0x8001,0x8001,0x8001,0x8001,0x8001,
  0x8001,0x8002,0x8022,0x8001,0x8001,0x8002,0x8001,0x8021,0x8002,0x8002,0x8043,0x8001,0x8001,0x8001,0x8843,0x8002,
  0x8002,0x8001,0x8001,0x8022,0x8001,0x8001,0x8001,0x8002,0x8002,0x8001,0x8023,0x8001,0x8022,0x8022,0x8022,0x8044,
  0x8001,0x8044,0x8066,0x8002,0x88CB,0x8023,0x8045,0x8488,0x8024,0x88A8,0x8067,0x8045,0x8466,0x8001,0x8466,0x8022,
  0x8045,0x8023,0x8044,0x8001,0x8022,0x8023,0x8001,0x8444,0x8022,0x8002,0x8022,0x8022,0x8001,0x8043,0x8001,0x8001,
  0x8864,0x8002,0x8023,0x8001,0x8001,0x8023,0x8022,0x8001,0x8023,0x8046,0x85F7,0xDBDF,0x8151,0x8067,0x8044,0x8023,
  0x8001,0x8002,0x8001,0x8001,0x8C20,0x8022,0x8002,0x8001,0x8001,0x8001,0x8001,0x8001,0x8001,0x8001,0x8002,0x8022,
  0xA18F,0x8023,0x8022,0x8002,0x8022,0x8001,0x8023,0x8002,0x8044,0x8022,0x8023,0x8024,0x8002,0x8002,0x8022,0x8022,
  0x8022,0x8023,0x8067,0x8045,0x88EB,0x8465,0x8067,0x8045,0x8044,0x8023,0x8002,0x8002,0x8002,0x8002,0x8024,0x8044,
  0x8001,0x8022,0x8023,0x8970,0x8002,0x8065,0x8001,0x8044,0x8044,0x8022,0x8002,0x8023,0x8023,0x8023,0x8002,0x8022,
  0x8023,0x8023,0x8022,0x8023,0x8001,0x8022,0x8001,0x8023,0x8001,0x8002,0x8002,0x8001,0x8002,0x8001,0x8001,0x8022,
  0x9C83,0x8001,0x8443,0x8023,0x8001,0x8001,0x8001,0x8001,0x8001,0x8002,0x8001,0x8001,0x8001,0x8001,0x8001,0x8002,
  0x8001,0x8001,0x8001,0x8001,0x8001,0x8001,0x8001,0x8001,0x8001,0x8001,0x8002,0x8001,0x8001,0x8001,0x8002,0x8001,
  0x8001,0x8001,0x8001,0x8001,0x8001,0x8001,0x8001,0x8001,0x8001,0x8001,0x8001,0x8001,0x8002,0x8001,0x8001,0x8001,
  0x8043,0x8002,0x8001,0x8001,0x8001,0x8001,0x8023,0x8002,0x8023,0x8002,0x8044,0x8023,0x8001,0x84A8,0x8023,0x8045,
  0x8068,0x8088,0x80CC,0x85B5,0xD79F,0x8992,0x80AA,0x84CB,0x8066,0x84A9,0x8045,0x8044,0x8022,0x8CC9,0x8023,0x8022,
  0x8001,0x8023,0x8001,0x8024,0x8002,0x8022,0x8002,0x8002,0x8001,0x8001,0x8001,0x8002,0x8002,0x8002,0x8023,0x80CB,
  0x8003,0x8002,0x8022,0x8022,0x8001,0x8001,0x8002,0x8001,0x8001,0x8001,0x8001,0x8001,0x8022,0x8001,0x8001,0x8023,
  0x8002,0x8001,0x8023,0x8001,0x8001,0x8001,0x8001,0x8001,0x8001,0x8002,0x8001,0x8022,0x8002,0x8022,0x8001,0x8001,
  0x8002,0x892E,0x8001,0x8001,0x8001,0x8001,0x8001,0x8001,0x8022,0x8001,0x8001,0x8002,0x8002,0x8002,0x8001,0x8002,
  0x8001,0x8001,0x8001,0x8001,0x8001,0x8001,0x8001,0x8001,0x8022,0x8001,0x8001,0x8002,0x8001,0x8044,0x8001,0x8002,
  0x8002,0x8023,0x8001,0x8023,0x8001,0x8002,0x8022,0x8022,0x8002,0x8067,0x8003,0x8023,0x84AA,0x8023,0x8CC9,0x8446,
  0x8044,0x8CA9,0x8045,0x8466,0x8022,0x8045,0x8022,0x8023,0x8002,0x8002,0x8002,0x8023,0x8001,0x8022,0x8002,0x8002,
  0x8022,0x8002,0x8022,0x8001,0x8002,0x8001,0x8001,0x8002,0x8001,0x8002,0x8001,0x8001,0x8001,0x8001,0x8001,0x8023,
  0x8024,0x8572,0x8002,0x8023,0x8022,0x8002,0x8001,0x8002,0x8002,0x8002,0x8001,0x8002,0x8002,0x8001,0x8001,0x8001,
  0x8001,0x8002,0x8001,0x8001,0x8001,0x8001,0x8001,0x8001,0x8002,0x8002,0x8002,0x8487,0x8001,0x8024,0x8001,0x8045,
  0x8022,0x8024,0x8023,0x8024,0x8044,0x8001,0x8067,0x8022,0x8003,0x8088,0x8045,0x8088,0x8067,0x8024,0x8067,0x8023,
  0x8024,0x8023,0x8022,0x8023,0x8002,0x8002,0x8001,0x8023,0x8001,0x80A9,0x8001,0x8023,0x8045,0x8022,0x8023,0x8044,
  0x8024,0x8022,0x8002,0x8022,0x8066,0x8023,0x8023,0x8023,0x8487,0x8001,0x8887,0x8023,0x8001,0x8023,0x8001,0x8001,
  0x8002,0x8001,0x8002,0x8001,0x8001,0x8001,0x8000,0x8002,0x8001,0x8022,0x8001,0x8001,0x8001,0x8001,0x8001,0x8002,
  0x8001,0x8001,0x8001,0x8001,0x8001,0x8001,0x8001,0x8001,0x8001,0x8001,0x8001,0x8001,0x8001,0x8001,0x8001,0x8002,
  0x8001,0x8001,0x8002,0x8001,0x8002,0x8001,0x8001,0x8001,0x8001,0x8001,0x8001,0x8001,0x8001,0x8001,0x8001,0x8001,
  0x8001,0x8044,0x8001,0x8001,0x8002,0x8002,0x8002,0x8022,0x8001,0x8022,0x8001,0x8023,0x8002,0x8001,0x8001,0x8001,
  0x8001,0x8023,0x8023,0x8001,0x8044,0x8067,0x8024,0x8024,0x8068,0x8026,0x8219,0x8068,0x8089,0x8045,0x8067,0x8025,
  0x8024,0x8024,0x8023,0x8024,0x8000,0x8001,0x8024,0x8002,0x8045,0x8002,0x8002,0x8001,0x8022,0x8001,0x8023,0x8001,
  0x8022,0x8022,0x8022,0x8002,0x8001,0x8024,0x8002,0x8023,0x8002,0x8002,0x8022,0x8002,0x8001,0x8001,0x8001,0x8001,
  0x8001,0x8001,0x8001,0x8023,0x8022,0x8001,0x8001,0x8002,0x8001,0x8022,0x8001,0x8002,0x8001,0x8022,0x8001,0x8001,
  0x8001,0x8465,0x8002,0x8001,0x8023,0x8002,0x8002,0x8002,0x8001,0x8001,0x8001,0x8001,0x8001,0x8001,0x8002,0x8001,
  0x8422,0x8002,0x8001,0x8443,0x8002,0x8022,0x8022,0x8002,0x8001,0x8001,0x8001,0x8001,0x8001,0x8022,0x8002,0x8022,
  0x8002,0x890D,0x8001,0x8001,0x8044,0x8001,0x8023,0x8001,0x8022,0x8045,0x8022,0x8002,0x8066,0x8001,0x8045,0x8025,
  0x8002,0x8488,0x8002,0x88CA,0x8024,0x8045,0x8466,0x8044,0x8C88,0x8045,0x88A8,0x8001,0x8023,0x8022,0x8024,0x8023,
  0x8002,0x8001,0x8023,0x8001,0x8002,0x8002,0x8022,0x8001,0x8001,0x8001,0x8002,0x8022,0x8002,0x8001,0x8001,0x8001,
  0x8001,0x8001,0x8001,0x8002,0x8022,0x8002,0x8022,0x8046,0x8002,0x8002,0x8022,0x8002,0x8001,0x8001,0x8001,0x8022,
  0x8001,0x8001,0x8001,0x8001,0x8002,0x8002,0x8001,0x8001,0x8002,0x8001,0x8001,0x8045,0x8023,0x8022,0x8001,0x8002,
  0x8022,0x8002,0x8001,0x8023,0x8023,0x8022,0x8023,0x8067,0x8024,0x8023,0x8001,0x8044,0x8024,0x8002,0x8046,0x8024,
  0x8046,0x8067,0x8023,0x80A9,0x8024,0x8044,0x8002,0x8023,0x8023,0x8001,0x8022,0x8001,0x8045,0x8001,0x8024,0x8001,
  0x8044,0x8066,0x8023,0x8023,0x8023,0x8023,0x8023,0x8023,0x8023,0x8045,0x8023,0x8045,0x8023,0x8022,0x8022,0x8044,
  0x8001,0x8023,0x8002,0x8023,0x8002,0x8002,0x8442,0x8001,0x8001,0x8002,0x8002,0x8001,0x8002,0x8002,0x8001,0x8002,
  0x8002,0x8001,0x8001,0x8001,0x8001,0x8001,0x8002,0x8001,0x8022,0x8001,0x8022,0x8044,0x8001,0x8001,0x8001,0x8001,
  0x8022,0x8001,0x8001,0x8022,0x8001,0x8002,0x8001,0x8044,0x8001,0x8001,0x8001,0x8001,0x8002,0x8001,0x8001,0x8001,
  0x8001,0x8001,0x8001,0x8001,0x8002,0x8002,0x8002,0x8044,0x8001,0x8001,0x8001,0x8002,0x8001,0x8001,0x8001,0x8023,
  0x8001,0x8022,0x8001,0x8001,0x8023,0x8002,0x8044,0x8023,0x8002,0x8066,0x8002,0x8045,0x8045,0x8044,0x8045,0x80AA,
  0x850F,0x80AB,0x8047,0x80AA,0x8066,0x8024,0x8023,0x8024,0x8045,0x8024,0x8002,0x8045,0x8001,0x8002,0x8022,0x8022,
  0x8023,0x8002,0x8001,0x8002,0x8002,0x8023,0x8002,0x8002,0x8002,0x8022,0x8022,0x8023,0x8022,0x8001,0x8022,0x8002,
  0x8002,0x8002,0x8001,0x8001,0x8001,0x8001,0x8001,0x8001,0x8001,0x8002,0x8002,0x8022,0x8001,0x8001,0x8023,0x8001,
  0x8001,0x8001,0x8022,0x8443,0x8442,0x8022,0x8001,0x8001,0x8001,0x8023,0x8002,0x8002,0x8001,0x8002,0x8002,0x8001,
  0x8001,0x8001,0x8001,0x8001,0x8001,0x8001,0x8001,0x8001,0x8001,0xA906,0x8022,0x8002,0x8001,0x8001,0x8002,0x8001,
  0x8001,0x8001,0x8001,0x8001,0x8002,0x8022,0x8022,0x8000,0x8022,0x8002,0x8002,0x8001,0x8023,0x8044,0x8001,0x8022,
  0x8001,0x8023,0x8023,0x8023,0x8002,0x8045,0x84A9,0x8002,0x8488,0x8044,0x88A9,0x88A9,0x8066,0x98A6,0x8466,0x8CA8,
  0x8066,0x8043,0x8466,0x8023,0x8045,0x8002,0x8002,0x8022,0x8001,0x8001,0x8002,0x8001,0x8000,0x8001,0x8002,0x8002,
  0x8887,0x8002,0x8001,0x8001,0x8022,0x8022,0x8001,0x8002,0x8001,0x8001,0x8022,0x8002,0x8001,0x8023,0x8022,0x8022,
  0x8022,0x8022,0x8002,0x8001,0x8001,0x8002,0x8002,0x8001,0x8002,0x8022,0x8022,0x8002,0x8001,0x8001,0x8001,0x8001,
  0x8001,0x8001,0x8002,0x8002,0x8002,0x8002,0x8001,0x8001,0x8023,0x8002,0x8023,0x8022,0x8002,0x80AB,0x8024,0x8024,
  0x8024,0x8023,0x8023,0x8022,0x8024,0x8023,0x8045,0x8023,0x8045,0x8023,0x8046,0x8023,0x8002,0x8023,0x8022,0x8001,
  0x8022,0x8002,0x8044,0x8002,0x8024,0x8002,0x8024,0x8044,0x8045,0x8045,0x8022,0x8023,0x8023,0x8044,0x8445,0x8023,
  0x8024,0x8023,0x8023,0x8024,0x8023,0x8022,0x8023,0x8002,0x8444,0x8002,0x8444,0x8001,0x8001,0x8001,0x8022,0x8002,
  0x8002,0x8002,0x8001,0x8001,0x8001,0x8001,0x8002,0x8001,0x8001,0x8002,0x8001,0x8001,0x8001,0x8001,0x8002,0x8001,
  0x8001,0x8002,0x8001,0x8001,0x8001,0x8001,0x8023,0x8001,0x8001,0x8022,0x8001,0x8001,0x8001,0x8002,0x8001,0x8001,
  0x8023,0x8022,0x8001,0x8001,0x8001,0x8001,0x8001,0x8001,0x8002,0x8001,0x8002,0x8002,0x8002,0x8001,0x8001,0x8001,
  0x8002,0x8001,0x8002,0x8002,0x8001,0x8023,0x8002,0x8001,0x8001,0x8023,0x8022,0x8024,0x8044,0x8444,0x8001,0x8022,
  0x8023,0x8023,0x8067,0x8067,0x8066,0x8066,0x80AB,0x8046,0x8068,0x8088,0x8066,0x8023,0x8023,0x8002,0x94C8,0x8044,
  0x8045,0x8023,0x8002,0x8022,0x8001,0x8022,0x8002,0x8002,0x8022,0x8023,0x8022,0x8023,0x8002,0x8022,0x8022,0x8001,
  0x8022,0x8023,0x8001,0x8022,0x8002,0x8001,0x8001,0x8001,0x8001,0x8001,0x8002,0x8001,0x8001,0x8001,0x8022,0x8001,
  0x8001,0x8022,0x8023,0x8001,0x8022,0x8001,0x8001,0x8002,0x8001,0x8022,0x8002,0x8002,0x8001,0x8001,0x8023,0x8002,
  0x8022,0x8001,0x8001,0x8001,0x8001,0x8001,0x8001,0x8001,0x8001,0x8001,0x8001,0x8001,0x8001,0x8001,0xA0C4,0xEF58,
  0x9062,0x8022,0x8022,0x8001,0x8022,0x8001,0x8022,0x8001,0x8002,0x8001,0x8023,0x8001,0x8001,0x8022,0x8002,0x8022,
  0x8002,0x8022,0x8002,0x8045,0x8022,0x8002,0x8023,0x8002,0x8023,0x8022,0x8022,0x8466,0x8045,0x8067,0x8487,0x8466,
  0x8887,0x8045,0x9CC6,0xDA29,0x8CA7,0x8444,0x8023,0x8886,0x8023,0x8024,0x8002,0x8001,0x8022,0x8044,0x8002,0x8002,
  0x8022,0x8002,0x8001,0x8001,0x8864,0x8022,0x8002,0x8022,0x8001,0x8001,0x8002,0x8002,0x8002,0x8001,0x8001,0x8001,
  0x8002,0x8001,0x8001,0x8023,0x8001,0x8001,0x8001,0x8001,0x8023,0x8001,0x8001,0x8001,0x8002,0x8002,0x8001,0x8002,
  0x8022,0x8002,0x8001,0x8001,0x8001,0x8001,0x8001,0x8001,0x8001,0x8002,0x8002,0x8001,0x8001,0x8001,0x8002,0x8002,
  0x8023,0x8024,0x8045,0x92BC,0x8002,0x8045,0x8045,0x8044,0x8022,0x8023,0x8001,0x8023,0x8023,0x8046,0x8023,0x8044,
  0x8023,0x8024,0x8002,0x8023,0x8023,0x8002,0x8023,0x8002,0x8023,0x8001,0x8023,0x8002,0x8066,0x8023,0x8023,0x8045,
  0x8024,0x8022,0x8044,0x8045,0x8045,0x8045,0x8023,0x8044,0x8023,0x8023,0x8045,0x8022,0x8001,0x8023,0x8002,0x8022,
  0x8001,0x8001,0x8022,0x8001,0x8002,0x8422,0x8863,0x8022,0x8001,0x8001,0x8002,0x8001,0x8001,0x8023,0x8001,0x8001,
  0x8002,0x8001,0x8001,0x8001,0x8001,0x8001,0x8001,0x8001,0x8001,0x8001,0x8001,0x8001,0x8001,0x8001,0x8001,0x8001,
  0x8001,0x8001,0x8001,0x8001,0x8022,0x8002,0x8001,0xA94C,0x8001,0x8001,0x8001,0x8001,0x8001,0x8001,0x8022,0x8001,
  0x8002,0x8001,0x8002,0x8001,0x8001,0x8001,0x8001,0x8001,0x8001,0x8023,0x8002,0x8002,0x8001,0x8001,0x8002,0x8002,
  0x8023,0x8023,0x8023,0x8003,0x88A8,0x8044,0x8024,0x8045,0x8045,0x8045,0x8024,0x8046,0x8068,0x8067,0x8046,0x8488,
  0x8066,0x8023,0x950A,0x8024,0x8002,0x8045,0x8001,0x8024,0x8023,0x8002,0x8001,0x8002,0x8001,0x8002,0x8002,0x8001,
  0x8002,0x8022,0x8002,0x8002,0x8022,0x8022,0x8001,0x8002,0x8001,0x8022,0x8002,0x8002,0x8002,0x8001,0x8001,0x8001,
  0x8022,0x8002,0x8001,0x8001,0x8002,0x8001,0x8022,0x8001,0x8023,0x8001,0x8001,0x8023,0x8001,0x8022,0x8002,0x8022,
  0x8023,0x8022,0x8001,0x8022,0x8001,0x8001,0x8002,0x8001,0x8001,0x8001,0x8001,0x8001,0x8001,0x8001,0x8001,0x8002,
  0x8001,0x8001,0x8002,0x8022,0x8000,0xACE4,0x8001,0x8022,0x8002,0x8001,0x8002,0x8001,0x8001,0x8001,0x8022,0x8023,
  0x8002,0x8001,0x8001,0x8001,0x8001,0x8002,0x8001,0x8023,0x8001,0x8022,0x8001,0x8022,0x8022,0x8022,0x8024,0x8045,
  0x8066,0x8022,0x8087,0x8024,0x8487,0x84A8,0x8002,0x8CA9,0x8045,0x9485,0x8044,0x8887,0x8024,0x8023,0x8023,0x8023,
  0x8002,0x8022,0x8023,0x8001,0x8023,0x8002,0x8002,0x8001,0x8001,0x8002,0x8002,0x8022,0x8001,0x8002,0x8001,0x8487,
  0x8002,0x8001,0x8001,0x8022,0x8001,0x8001,0x8002,0x8001,0x8001,0x8002,0x8001,0x8001,0x8001,0x8001,0x8001,0x8024,
  0x8001,0x8001,0x8002,0x8001,0x8002,0x8001,0x8001,0x8001,0x8001,0x8001,0x8022,0x8001,0x8022,0x8001,0x8001,0x8022,
  0x8044,0x8002,0x8001,0x8045,0x8001,0x8023,0x8023,0x80CB,0x9237,0xE7FF,0x85D5,0x80AA,0x8066,0x8023,0x8022,0x8001,
  0x8045,0x8022,0x8045,0x8002,0x8044,0x8023,0x8045,0x8002,0x8024,0x8023,0x8022,0x8023,0x8001,0x8024,0x8001,0x8023,
  0x8002,0x8044,0x8002,0x8023,0x8065,0x8022,0x8045,0x8045,0x8065,0x8444,0x8C85,0x8024,0x8466,0x8044,0x8444,0x8044,
  0x8024,0x8887,0x8001,0x8066,0x8001,0x8045,0x8002,0x8001,0x8088,0x8001,0x8002,0x8022,0x8001,0x8001,0x8022,0x8002,
  0x8001,0x8001,0x8002,0x8023,0x8002,0x8001,0x8002,0x8001,0x8001,0x8001,0x8023,0x8001,0x8001,0x8001,0x8001,0x8001,
  0x8023,0x8001,0x8022,0x8001,0x8023,0x8001,0x8022,0x8002,0x8022,0x8001,0x8001,0x8001,0x8002,0x8001,0x8022,0x8022,
  0x8002,0x8001,0x8001,0x8000,0x9571,0x8002,0x8022,0x8001,0x8002,0x8022,0x8001,0x8001,0x8001,0x8001,0x8001,0x8022,
  0x8001,0x8001,0x8001,0x8001,0x8001,0x8023,0x8022,0x8044,0x8023,0x8065,0x8466,0x8046,0x8045,0x8024,0x8023,0x8023,
  0x8066,0x8045,0x8489,0x8488,0x8466,0x8065,0x8023,0x90A6,0x8045,0x8066,0x8467,0x8023,0x8023,0x8002,0x8002,0x8002,
  0x8066,0x8002,0x8002,0x8002,0x8001,0x8023,0x8022,0x8022,0x8002,0x8002,0x8022,0x8023,0x8001,0x8023,0x8001,0x8023,
  0x8002,0x8001,0x8001,0x8001,0x8023,0x8001,0x89D3,0x8023,0x8001,0x8001,0x8001,0x8022,0x8002,0x8001,0x8022,0x8443,
  0x8001,0x8022,0x8001,0x8022,0x8023,0x8463,0x8022,0x8023,0x8022,0x8022,0x8023,0x8001,0x8023,0x8001,0x8001,0x8001,
  0x8001,0x8001,0x8001,0x8001,0x8001,0x8022,0x8002,0x8001,0x8022,0x8001,0x8021,0x9083,0x8001,0x8001,0x8001,0x8001,
  0x8001,0x8023,0x8001,0x8044,0x8001,0x8465,0x8002,0x8022,0x8001,0x8043,0x8001,0x8023,0x8065,0x8001,0x8024,0x8001,
  0x8044,0x8022,0x8067,0x8001,0x8487,0x8045,0x8045,0x8022,0x8067,0x8886,0x8489,0x8045,0x88A9,0x8887,0x8466,0x8865,
  0x8886,0x8045,0x8023,0x8066,0x8001,0x8022,0x8001,0x8023,0x8002,0x8022,0x8022,0x8023,0x8022,0x8002,0x8022,0x8022,
  0x8023,0x8022,0x8002,0x8002,0x8022,0x8023,0x8001,0x8001,0x8001,0x8066,0x8002,0x8002,0x8001,0x8001,0x8001,0x8023,
  0x8001,0x8001,0x8001,0x8001,0x8001,0x8466,0x8002,0x8001,0x8002,0x8001,0x8001,0x8001,0x8001,0x8001,0x8001,0x8002,
  0x8002,0x8001,0x8002,0x8022,0x8001,0x8001,0x8022,0x8001,0x8001,0x8045,0x8022,0x8045,0x8023,0x8067,0x8571,0xCB9E,
  0x8151,0x80AA,0x8066,0x8022,0x8043,0x8001,0x8045,0x8001,0x8045,0x8022,0x8023,0x8001,0x8044,0x8002,0x8023,0x8022,
  0x8023,0x8023,0x8001,0x8023,0x8001,0x8023,0x8001,0x8044,0x8001,0x8044,0x8044,0x8001,0x8023,0x8045,0x8465,0x8864,
  0x9064,0x8044,0x8466,0x8023,0x8023,0x8023,0x8001,0x8465,0x8000,0x8467,0x8002,0x8044,0x8023,0x8001,0x8023,0x8001,
  0x8002,0x8001,0x8001,0x8001,0x8022,0x8001,0x8001,0x8001,0x8001,0x8001,0x8001,0x8001,0x8002,0x8001,0x8001,0x8001,
  0x8022,0x8001,0x8002,0x8001,0x8001,0x8001,0x8022,0x8001,0x8022,0x8001,0x8022,0x8001,0x8022,0x8001,0x8002,0x8001,
  0x8001,0x8001,0x8001,0x8001,0x8002,0x8022,0x8002,0x8001,0x8001,0x8001,0x8045,0x8001,0x8002,0x8001,0x8002,0x8001,
  0x8001,0x8001,0x8001,0x8001,0x8001,0x8001,0x8001,0x8001,0x8002,0x8001,0x8001,0x8023,0x8002,0x8045,0x8023,0x8464,
  0x8466,0x8023,0x8045,0x8002,0x8024,0x8024,0x8065,0x8024,0x8488,0x8886,0x8466,0x8065,0x8043,0x8C85,0x8024,0x8044,
  0x8465,0x8044,0x8023,0x8002,0x8002,0x8001,0x8023,0x8002,0x8022,0x8002,0x8001,0x8002,0x8022,0x8002,0x8002,0x8002,
  0x8001,0x8022,0x8001,0x8022,0x8001,0x8002,0x8001,0x8001,0x8001,0x8001,0x8022,0x8001,0x89F5,0x8023,0x8001,0x8001,
  0x8001,0x8022,0x8002,0x8001,0x8001,0x8422,0x8002,0x8001,0x8001,0x8002,0x8023,0x8865,0x8023,0x8022,0x8023,0x8022,
  0x8023,0x8002,0x8022,0x8001,0x8001,0x8001,0x8001,0x8001,0x8001,0x8001,0x8001,0x8001,0x8002,0x8002,0x8022,0x8002,
  0x8001,0x8442,0x8001,0x8001,0x8001,0x8022,0x8002,0x8023,0x8001,0x8023,0x8001,0x8043,0x8022,0x8002,0x8002,0x8023,
  0x8001,0x8023,0x8023,0x8022,0x8023,0x8001,0x8023,0x8001,0x8045,0x8001,0x8024,0x8022,0x8044,0x8023,0x8066,0x8445,
  0x8486,0x8023,0x8CC9,0x8067,0x8065,0x8445,0x8886,0x8045,0x8044,0x8044,0x8001,0x8022,0x8023,0x8023,0x8002,0x8001,
  0x8001,0x8022,0x8001,0x8002,0x8022,0x8002,0x8002,0x8001,0x8002,0x8002,0x8002,0x8001,0x8001,0x8001,0x8002,0x8002,
  0x8002,0x8001,0x8001,0x8001,0x8001,0x8022,0x8001,0x8001,0x8001,0x8001,0x8001,0x8001,0x8001,0x8001,0x8002,0x8023,
  0x8001,0x8001,0x8001,0x8001,0x8001,0x8001,0x8001,0x8002,0x8001,0x8002,0x8001,0x8001,0x8043,0x8001,0x8001,0x8001,
  0x8022,0x8002,0x8024,0x8024,0x8023,0x850C,0x8002,0x8024,0x8024,0x8023,0x8022,0x8002,0x8045,0x8002,0x8022,0x8002,
  0x8044,0x8002,0x8024,0x8022,0x8002,0x8002,0x8023,0x8001,0x8022,0x8022,0x8023,0x8001,0x8024,0x8001,0x8023,0x8023,
  0x8023,0x8044,0x8044,0x8044,0x8865,0xB125,0xD1E9,0x8444,0x8444,0x8465,0x8023,0x8022,0x8465,0x8022,0x8002,0x8023,
  0x8001,0x8024,0x8002,0x8001,0x8002,0x8001,0x8002,0x8022,0x8002,0x8001,0x8445,0x8001,0x8001,0x8001,0x8001,0x8001,
  0x8001,0x8001,0x8001,0x8001,0x8001,0x8001,0x8022,0x8001,0x8001,0x8001,0x8001,0x8001,0x8001,0x8001,0x8001,0x8001,
  0x8001,0x8001,0x8001,0x8001,0x8001,0x8001,0x8001,0x8001,0x8001,0x8001,0x8001,0x8001,0x8002,0x8001,0x8022,0x8001,
  0x8001,0x8001,0x8001,0x8001,0x8001,0x8001,0x8001,0x8001,0x8002,0x8002,0x8001,0x8001,0x8001,0x8022,0x8002,0x8022,
  0x8002,0x8001,0x8044,0x8001,0x8022,0x8066,0x8066,0x8065,0x8466,0x8023,0x8045,0x8044,0x8023,0x8023,0x8443,0x8003,
  0x8488,0x8024,0x8044,0x8465,0x8022,0x8022,0x8044,0x8002,0x8045,0x8023,0x8001,0x8023,0x8001,0x8022,0x8022,0x8001,
  0x8001,0x8022,0x8002,0x8022,0x8022,0x8002,0x8022,0x8002,0x8001,0x8022,0x8002,0x8002,0x8023,0x8002,0x8002,0x8002,
  0x8002,0x8001,0x8002,0x8001,0x8001,0x8001,0x8002,0x8002,0x8001,0x8001,0x8001,0x8001,0x8022,0x8022,0x8001,0x8022,
  0x8022,0x8002,0x8002,0x8022,0x8023,0x8022,0x8001,0x8022,0x8002,0x8024,0x8001,0x8002,0x8001,0x8001,0x8002,0x8022,
  0x8022,0x8002,0x8001,0x8001,0x8001,0x8001,0x8001,0x8022,0x8002,0x8001,0x8023,0x8002,0x8022,0x8022,0x8002,0x8002,
  0x8002,0x8002,0x8022,0x8022,0x8023,0x8001,0x8066,0x8023,0x8023,0x8023,0x8044,0x8002,0x8001,0x8024,0x8044,0x8001,
  0x8024,0x8044,0x8002,0x8087,0x8024,0x8865,0x8022,0x8066,0x8066,0x8044,0x8466,0x8465,0x8002,0x8044,0x8001,0x8023,
  0x8023,0x8023,0x8002,0x8002,0x8002,0x8024,0x8001,0x8044,0x8001,0x8002,0x8002,0x8001,0x8002,0x8022,0x8022,0x8022,
  0x8001,0x8001,0x8001,0x8001,0x8001,0x8001,0x8001,0x8002,0x8001,0x8002,0x8001,0x8001,0x8001,0x8001,0x8001,0x8001,
  0x8001,0x8001,0x8001,0x8002,0x8001,0x8001,0x8001,0x8023,0x8022,0x8001,0x8001,0x8001,0x8002,0x8001,0x8002,0x8002,
  0x8001,0x8002,0x8022,0x8022,0x8022,0x8001,0x8044,0x8023,0x8002,0x8044,0x8023,0x8088,0x8023,0x8023,0x8022,0x8023,
  0x8001,0x8045,0x8023,0x8023,0x8023,0x8001,0x8044,0x8001,0x8002,0x8022,0x8001,0x8001,0x8002,0x8022,0x8001,0x8003,
  0x8022,0x8002,0x8001,0x8044,0x8002,0x8023,0x8443,0x8023,0x8044,0x8865,0xA4E6,0xDE6C,0xF732,0xB547,0x8865,0x8465,
  0x8023,0x8023,0x8044,0x8486,0x8001,0x8023,0x8023,0x8001,0x8023,0x8001,0x8024,0x8001,0x8002,0x8002,0x8002,0x8001,
  0x8024,0x8001,0x8002,0x8001,0x8002,0x8002,0x8001,0x8001,0x8001,0x8022,0x8001,0x8001,0x8DB2,0x8002,0x8001,0x8001,
  0x8001,0x8022,0x8001,0x8001,0x8001,0x8001,0x8002,0x8022,0x8022,0x8001,0x8001,0x8001,0x8002,0x8001,0x8022,0x8002,
  0x8001,0x8022,0x8002,0x8022,0x8002,0x8022,0x8001,0x8001,0x8001,0x8001,0x8001,0x8001,0x8001,0x8002,0x8022,0x8002,
  0x8002,0x8001,0x8002,0x8022,0x8001,0x8023,0x8001,0x8022,0x90EB,0x8022,0x8045,0x8024,0x8066,0x8044,0x8044,0x8066,
  0x8023,0x8023,0x8022,0x8044,0x8044,0x8022,0x8044,0x8045,0x8023,0x8023,0x8023,0x8023,0x8023,0x8023,0x8002,0x8023,
  0x8001,0x8023,0x8001,0x8023,0x8022,0x8002,0x8002,0x8023,0x8001,0x8022,0x8001,0x8023,0x8023,0x8002,0x8022,0x8022,
  0x8001,0x8024,0x8023,0x8002,0x8002,0x8022,0x8001,0x8001,0x8022,0x8002,0x8001,0x8022,0x8001,0x8022,0x8022,0x8001,
  0x8001,0x8023,0x8001,0x8002,0x8002,0x8022,0x8022,0x8023,0x8022,0x8002,0x8002,0x8044,0x8023,0x8001,0x8044,0x8001,
  0x8044,0x8002,0x8001,0x8023,0x8002,0x8022,0x8022,0x8022,0x8022,0x8001,0x8022,0x8001,0x8001,0x8023,0x8001,0x8023,
  0x8023,0x8001,0x8022,0x8002,0x8024,0x8022,0x8022,0x8023,0x8023,0x8001,0x8024,0x8044,0x8002,0x8022,0x8023,0x8044,
  0x8022,0x8045,0x8022,0x8023,0x8023,0x8022,0x8001,0x8022,0x8023,0x8023,0x8087,0x8002,0x8066,0x8044,0x8024,0x8044,
  0x8023,0x8045,0x8044,0x8002,0x8022,0x8045,0x8022,0x8022,0x8022,0x8022,0x8023,0x8023,0x8001,0x8002,0x8001,0x8001,
  0x8001,0x8002,0x8002,0x8023,0x8002,0x8002,0x8001,0x8001,0x8001,0x8002,0x8023,0x8002,0x8001,0x8044,0x8002,0x8001,
  0x8001,0x8002,0x8001,0x8001,0x8001,0x8001,0x8001,0x8001,0x8002,0x8001,0x8001,0x8001,0x8001,0x8002,0x8002,0x8022,
  0x8001,0x8001,0x8001,0x8001,0x8023,0x8001,0x8001,0x8001,0x8002,0x8022,0x8001,0x8023,0x8023,0x8002,0x8002,0x8023,
  0x8023,0x8045,0x8024,0x8023,0x8022,0x8023,0x8024,0x8044,0x8023,0x8023,0x8024,0x8001,0x8023,0x8001,0x8001,0x8023,
  0x8001,0x8002,0x8002,0x8022,0x8002,0x8002,0x8001,0x8022,0x8001,0x8044,0x8001,0x8044,0x8443,0x8022,0x8023,0x8423,
  0x9064,0xB104,0xE68A,0xAD26,0x8465,0x8423,0x8002,0x8022,0x8044,0x8043,0x8001,0x8045,0x8022,0x8001,0x8024,0x8001,
  0x8002,0x8001,0x8002,0x8002,0x8001,0x8001,0x8001,0x8001,0x8001,0x8001,0x8002,0x8001,0x8001,0x8001,0x8001,0x8002,
  0x8001,0x8001,0x812F,0x8001,0x8001,0x8001,0x8001,0x8001,0x8001,0x8001,0x8001,0x8001,0x8002,0x8001,0x8002,0x8001,
  0x8001,0x8001,0x8001,0x8001,0x8002,0x8001,0x8001,0x8001,0x8001,0x8022,0x8001,0x8002,0x8001,0x8001,0x8001,0x8001,
  0x8001,0x8001,0x8001,0x8002,0x8002,0x8002,0x8002,0x8001,0x8001,0x8022,0x8002,0x8022,0x8001,0x8022,0x8002,0x8002,
  0x8045,0x8024,0x8046,0x8024,0x8023,0x8023,0x8023,0x8023,0x8023,0x8045,0x8024,0x8022,0x8022,0x8C86,0x8001,0x8022,
  0x8465,0x8023,0x8044,0x8023,0x8022,0x8022,0x8002,0x8001,0x8001,0x8023,0x8001,0x8001,0x8022,0x8022,0x8001,0x8002,
  0x8002,0x8002,0x8002,0x8023,0x8023,0x8022,0x8023,0x8023,0x8022,0x8001,0x8022,0x8022,0x8002,0x8021,0x8002,0x8002,
  0x8001,0x8022,0x8001,0x8022,0x8002,0x8001,0x8001,0x8023,0x8002,0x8022,0x8001,0x8002,0x8001,0x8023,0x8002,0x8001,
  0x8002,0x8023,0x8022,0x8023,0x8044,0x8001,0x8022,0x8001,0x8022,0x8002,0x8001,0x8001,0x8001,0x8002,0x8002,0x8002,
  0x8022,0x8001,0x8002,0x8022,0x8002,0x8022,0x8022,0x8001,0x8044,0x8001,0x8023,0x8001,0x8001,0x8024,0x8023,0x8023,
  0x8023,0x8065,0x8001,0x8044,0x8002,0x8067,0x8023,0x8024,0x8022,0x8023,0x8022,0x8045,0x8022,0x8044,0x8023,0x8022,
  0x8066,0x8022,0x8045,0x8023,0x8022,0x8044,0x8002,0x8044,0x8044,0x8002,0x8022,0x8044,0x8002,0x8002,0x8001,0x8443,
  0x8002,0x8022,0x8001,0x8001,0x8001,0x8001,0x8002,0x8001,0x8001,0x8022,0x8001,0x8001,0x8001,0x8001,0x8001,0x8001,
  0x8002,0x8002,0x8001,0x8022,0x8001,0x8001,0x8001,0x8022,0x8001,0x8001,0x8001,0x8001,0x8001,0x8002,0x8001,0x8002,
  0x8001,0x8001,0x8001,0x8001,0x8001,0x8002,0x8001,0x8001,0x8001,0x8002,0x8001,0x8022,0x8002,0x8002,0x8001,0x8002,
  0x8023,0x8002,0x8023,0x8023,0x8022,0x8022,0x8002,0x8023,0x8022,0x8023,0x8023,0x8044,0x8023,0x8002,0x8044,0x8022,
  0x8023,0x8002,0x8023,0x8002,0x8002,0x8023,0x8002,0x8023,0x8023,0x8023,0x8002,0x8022,0x8023,0x8001,0x8002,0x8001,
  0x8023,0x8002,0x8023,0x8043,0x8023,0x8023,0x8444,0x8C63,0x98A4,0x8865,0x8444,0x8023,0x8023,0x8044,0x8023,0x8002,
  0x8022,0x8023,0x8001,0x8023,0x8002,0x8001,0x8002,0x8001,0x8002,0x8001,0x8002,0x8001,0x8001,0x8001,0x8001,0x8022,
  0x8001,0x8001,0x8001,0x8001,0x8001,0x8001,0x8001,0x8001,0x8001,0x8001,0x8001,0x8001,0x8001,0x8001,0x8001,0x8001,
  0x8001,0x8001,0x8022,0x8001,0x8002,0x8002,0x8001,0x8002,0x8001,0x8001,0x8001,0x8001,0x8022,0x8002,0x8022,0x8422,
  0x8001,0x8001,0x8001,0x8001,0x8001,0x8001,0x8001,0x8001,0x8001,0x8002,0x8001,0x8002,0x8002,0x8001,0x8001,0x8022,
  0x8022,0x8022,0x8023,0x8002,0x8024,0x8023,0x8044,0x8024,0x8023,0x8024,0x8023,0x8023,0x8044,0x8044,0x8023,0x8002,
  0x8024,0x8023,0x8023,0x8022,0x8044,0x8022,0x8023,0x8001,0x8002,0x8044,0x8002,0x8001,0x8023,0x8002,0x8002,0x8022,
  0x8002,0x8002,0x8001,0x8002,0x8002,0x8001,0x8023,0x8002,0x8001,0x8044,0x8001,0x8044,0x8002,0x8024,0x8023,0x8023,
  0x8022,0x8001,0x8043,0x8001,0x8001,0x8002,0x8022,0x8001,0x8023,0x8001,0x8001,0x8044,0x8001,0x8001,0x8023,0x8002,
  0x8001,0x8022,0x8001,0x8022,0x8022,0x8022,0x8023,0x8023,0x8002,0x8022,0x8022,0x8044,0x8001,0x8001,0x8022,0x8001,
  0x8002,0x8022,0x8022,0x8002,0x8023,0x8022,0x8022,0x8022,0x8001,0x8022,0x8002,0x8001,0x8022,0x8022,0x8002,0x8022,
  0x8001,0x8023,0x8023,0x8002,0x8023,0x8022,0x8023,0x8023,0x8023,0x8067,0x8023,0xAB1B,0x8024,0x8001,0x8044,0x8002,
  0x8022,0x8045,0x8023,0x8022,0x8001,0x8045,0x8002,0x8023,0x8002,0x8022,0x8066,0x8022,0x8023,0x8002,0x8002,0x8023,
  0x8023,0x8023,0x8023,0x8001,0x8045,0x8002,0x8001,0x8002,0x8043,0x8001,0x8001,0x8002,0x8001,0x8001,0x8001,0x8001,
  0x8001,0x8001,0x8001,0x8001,0x8001,0x8001,0x8001,0x8022,0x8001,0x8022,0x8022,0x8001,0x8001,0x8022,0x8001,0x8001,
  0x8001,0x8022,0x8001,0x8002,0x8002,0x8001,0x8002,0x8001,0x8002,0x8001,0x8001,0x8001,0x8001,0x8001,0x8002,0x8002,
  0x8001,0x8023,0x8002,0x8001,0x8001,0x8002,0x8022,0x8001,0x8024,0x8022,0x8001,0x8023,0x8002,0x8044,0x8023,0x8023,
  0x8023,0x8066,0x8001,0x8023,0x8022,0x8023,0x8002,0x8022,0x8045,0x8001,0x8023,0x8022,0x8022,0x8023,0x8023,0x8022,
  0x8022,0x8022,0x8022,0x8002,0x8001,0x8001,0x8022,0x8001,0x8023,0x8044,0x8044,0x8043,0x8044,0x8465,0x8864,0x8443,
  0x8023,0x8023,0x8044,0x8044,0x8022,0x8045,0x8023,0x8023,0x8022,0x8023,0x8001,0x8002,0x8022,0x8001,0x8001,0x8022,
  0x8022,0x8002,0x8002,0x8001,0x8001,0x8002,0x8002,0x8002,0x8001,0x8001,0x8001,0x8001,0x8001,0x8001,0x8001,0x8001,
  0x8001,0x8001,0x8001,0x8001,0x8001,0x8001,0x8002,0x8001,0x8022,0x8001,0x8002,0x8022,0x8001,0x8022,0x8021,0x8021,
  0x8002,0x8001,0x8002,0x8022,0x8022,0x8022,0x8001,0x8002,0x8001,0x8001,0x8001,0x8001,0x8001,0x8001,0x8001,0x8002,
  0x8002,0x8001,0x8001,0x8001,0x8002,0x8022,0x8002,0x8023,0x8023,0x8022,0x8044,0x8023,0x8024,0x8023,0x8023,0x8044,
  0x8023,0x8045,0x8044,0x8024,0x8045,0x8022,0x84A9,0x8022,0x8045,0x8044,0x8044,0x8001,0x8022,0x8001,0x8000,0x8023,
  0x8001,0x8001,0x8001,0x8022,0x8002,0x8022,0x8022,0x8001,0x8001,0x8002,0x8001,0x8022,0x8022,0x8022,0x8023,0x8023,
  0x8023,0x8023,0x8022,0x8044,0x8043,0x8022,0x8022,0x8022,0x8023,0x8022,0x8002,0x8001,0x8023,0x8022,0x8043,0x8001,
  0x8001,0x8023,0x8001,0x8022,0x8001,0x8002,0x8001,0x8023,0x8001,0x8002,0x8022,0x8022,0x8022,0x8066,0x8022,0x8022,
  0x8022,0x8023,0x8002,0x8022,0x8022,0x8022,0x8022,0x8022,0x8022,0x8002,0x8023,0x8002,0x8023,0x8022,0x8002,0x8044,
  0x8001,0x8023,0x8022,0x8001,0x8002,0x8023,0x8002,0x8023,0x8023,0x8023,0x8023,0x8022,0x8044,0x8001,0x8044,0x8024,
  0x8044,0x8990,0x8044,0x8023,0x8045,0x8022,0x8023,0x8023,0x8023,0x8001,0x8001,0x8044,0x8001,0x8023,0x8022,0x8002,
  0x8045,0x8022,0x8023,0x8022,0x8002,0x8002,0x8044,0x8023,0x8023,0x8002,0x8065,0x8001,0x8001,0x8022,0x8022,0x8001,
  0x8022,0x8022,0x8001,0x8001,0x8001,0x8001,0x8001,0x8001,0x8021,0x8001,0x8001,0x8001,0x8001,0x8001,0x8001,0x8023,
  0x8002,0x8001,0x8001,0x8002,0x8001,0x8001,0x8001,0x8022,0x8001,0x8001,0x8024,0x8022,0x8002,0x8002,0x8001,0x8002,
  0x8001,0x8001,0x8001,0x8002,0x8001,0x8002,0x8002,0x8023,0x8001,0x8002,0x8002,0x8001,0x8002,0x8002,0x8001,0x8001,
  0x8001,0x8001,0x8022,0x8002,0x8023,0x8002,0x8002,0x8023,0x8002,0x8043,0x8001,0x8002,0x8045,0x8023,0x8002,0x8001,
  0x8023,0x8002,0x8022,0x8002,0x8046,0x8023,0x8023,0x8002,0x8001,0x8022,0x8001,0x8001,0x8001,0x8002,0x8001,0x8044,
  0x8023,0x8443,0x8043,0x8044,0x8864,0x8043,0x8022,0x8044,0x8022,0x8022,0x8022,0x8044,0x8001,0x8023,0x8001,0x8002,
  0x8001,0x8044,0x8002,0x8002,0x8002,0x8001,0x8001,0x8002,0x8002,0x8001,0x8001,0x8001,0x8002,0x8001,0x8001,0x8001,
  0x8001,0x8001,0x8001,0x8001,0x8001,0x8001,0x8001,0x8001,0x8001,0x8002,0x8001,0x8001,0x8001,0x8001,0x8001,0x8002,
  0x8001,0x8022,0x8001,0x8002,0x8422,0x8422,0x8002,0x8022,0x8001,0x8022,0x8022,0x8001,0x8001,0x8022,0x8001,0x8001,
  0x8001,0x8002,0x8001,0x8001,0x8001,0x8001,0x8002,0x8001,0x8001,0x8001,0x8022,0x8001,0x8002,0x8022,0x8001,0x8022,
  0x8001,0x8044,0x8023,0x8023,0x8067,0x8002,0x8024,0x8023,0x8022,0x8022,0x8022,0x8002,0x8045,0x8001,0x8022,0x8842,
  0x8022,0x8023,0x8002,0x8002,0x8002,0x8022,0x8001,0x8001,0x8002,0x8001,0x8001,0x8022,0x8001,0x8001,0x8002,0x8001,
  0x8002,0x8023,0x8002,0x8023,0x8023,0x8002,0x8044,0x8022,0x8023,0x8066,0x8024,0x8023,0x8022,0x8023,0x8002,0x8001,
  0x8022,0x8001,0x8001,0x8023,0x8001,0x8001,0x8001,0x8002,0x8001,0x8023,0x8001,0x8023,0x8001,0x8002,0x8001,0x8022,
  0x8001,0x8001,0x8001,0xAEFB,0x8023,0x8022,0x8022,0x8001,0x8023,0x8023,0x8001,0x8022,0x8002,0x8002,0x8002,0x8001,
  0x8002,0x8002,0x8023,0x8001,0x8002,0x8023,0x8002,0x8024,0x8001,0x8002,0x8023,0x8001,0x8023,0x8001,0x8022,0x8023,
  0x8023,0x8023,0x8023,0x8023,0x8065,0x8023,0x8045,0x8046,0x8023,0x8023,0x8023,0x8002,0x8044,0x8001,0x8001,0x8001,
  0x8002,0x8002,0x8024,0x8001,0x8024,0x8022,0x8001,0x8002,0x8001,0x8023,0x8002,0x8001,0x8022,0x8044,0x8002,0x8002,
  0x8001,0x8002,0x8001,0x8023,0x8001,0x8001,0x8023,0x8002,0x8002,0x8001,0x8001,0x8001,0x8001,0x8001,0x8000,0x8002,
  0x8001,0x8001,0x8002,0x8001,0x8001,0x8001,0x8001,0x8001,0x8001,0x8001,0x8001,0x8001,0x8001,0x8001,0x8001,0x8002,
  0x8025,0x8003,0x8002,0x8001,0x8002,0x8001,0x8001,0x8001,0x8001,0x8001,0x8001,0x8023,0x8002,0x8001,0x8023,0x8023,
  0x8024,0x8022,0x8022,0x8065,0x8001,0x8001,0x8023,0x8001,0x8001,0x8044,0x8000,0x8022,0x8044,0x8001,0x8002,0x8001,
  0x9D2B,0x8024,0x8002,0x8024,0x8022,0x8024,0x8002,0x8002,0x8045,0x892E,0x9EDC,0x8045,0x8002,0x8023,0x8044,0x8001,
  0x8002,0x8022,0x8865,0x8002,0x8443,0x8002,0x8022,0x8023,0x8022,0x8023,0x8C64,0x8023,0x8044,0x8023,0x8022,0x8002,
  0x8045,0x8001,0x8024,0x8002,0x8001,0x8045,0x8001,0x8001,0x8044,0x8002,0x8022,0x8001,0x8002,0x8001,0x8001,0x8001,
  0x8001,0x8002,0x8001,0x8001,0x8001,0x8001,0x8002,0x8001,0x8001,0x8001,0x8001,0x8001,0x8001,0x8001,0x8001,0x8002,
  0x8001,0x8001,0x9084,0x8002,0x8001,0x8022,0x8001,0x8002,0x8422,0x8001,0x8022,0x8022,0x8022,0x8022,0x8422,0x8022,
  0x8001,0x8001,0x8001,0x8001,0x8001,0x8001,0x8001,0x8024,0x8001,0x8001,0x8001,0x8001,0x8001,0x8001,0x8001,0x8001,
  0x8001,0x8001,0x8001,0x8022,0x8022,0x8001,0x8023,0x8022,0x8001,0x8864,0x8023,0x8024,0x8045,0x8001,0x8044,0x8044,
  0x8001,0x8024,0x8023,0x8022,0x8022,0x9883,0x8444,0x8001,0x8022,0x8023,0x8044,0x8001,0x8044,0x8001,0x8002,0x8001,
  0x8001,0x8023,0x8002,0x8001,0x8001,0x8001,0x8023,0x8022,0x8023,0x8022,0x8001,0x8045,0x8022,0x8023,0x8045,0xAB5E,
  0x8024,0x8023,0x8023,0x8023,0x8001,0x8001,0x8023,0x8001,0x8023,0x8001,0x8044,0x8001,0x8001,0x8023,0x8022,0x8023,
  0x8002,0x8023,0x8002,0x8001,0x8023,0x8002,0x8022,0x8002,0x8002,0x8022,0x8023,0x8001,0x8023,0x8000,0x8044,0x8001,
  0x8023,0x8001,0x8023,0x8022,0x8001,0x8022,0x8002,0x8023,0x8001,0x8023,0x8001,0x8022,0x8023,0x8001,0x8022,0x8024,
  0x8001,0x8024,0x8001,0x8023,0x8022,0x8022,0x8044,0x8001,0x8045,0x8046,0x8023,0x8067,0x8023,0x8089,0x8022,0x8044,
  0x8000,0x8044,0x8001,0x8001,0x8088,0x8001,0x8001,0x8046,0x8066,0x8001,0x8046,0x8002,0x8001,0x8088,0x8002,0x8001,
  0x8001,0x8045,0x8002,0x8001,0x8022,0x8001,0x8024,0x8002,0x8002,0x8001,0x8001,0x8488,0x8001,0x8001,0x8023,0x8002,
  0x8001,0x8001,0x8001,0x8021,0xFF05,0x8000,0x8022,0x8002,0x8001,0x8001,0x8001,0x8001,0x8001,0x8001,0x8001,0x8001,
  0x8001,0x8001,0x8001,0x8023,0x8001,0x8045,0x8088,0x8002,0x8023,0x8001,0x8023,0x8002,0x8001,0x8001,0x8001,0x8001,
  0x8002,0x8023,0x8023,0x8001,0x8022,0x8023,0x8044,0x8022,0x8044,0x8023,0x8023,0x8002,0x8002,0x8002,0x8001,0x8022,
  0x8022,0x8002,0x8002,0x8022,0x8067,0x8044,0x8044,0x8023,0x8023,0x8002,0x8002,0x8001,0x8023,0x8001,0x8022,0x8023,
  0x8023,0x8002,0x8002,0x8022,0x8001,0x8001,0x8001,0x8022,0x8001,0x8022,0x8022,0x8023,0x8022,0x8001,0x8023,0x8023,
  0x8023,0x8044,0x8022,0x8002,0x8023,0x8022,0x8001,0x8023,0x8022,0x8022,0x8002,0x8022,0x8022,0x8001,0x8022,0x8001,
  0x8001,0x8001,0x8001,0x8001,0x8024,0x8001,0x8002,0x8022,0x8001,0x8023,0x8002,0x8001,0x8001,0x8001,0x8001,0x8001,
  0x8001,0x8001,0x8002,0x8001,0x8002,0x8022,0x8001,0x8001,0x8022,0x8001,0x8001,0x8001,0x8022,0x8022,0x8022,0x8022,
  0x8022,0x8022,0x8022,0x8021,0x8021,0x8022,0x8001,0x8022,0x8001,0x8422,0x8022,0x8001,0x9D2B,0x8001,0x8001,0x8001,
  0x8001,0x8001,0x8001,0x8001,0x8001,0x8001,0x8001,0x8001,0x8022,0x8001,0x8023,0x8002,0x8045,0x8002,0x8487,0x8023,
  0x8002,0x8043,0x8002,0x8023,0x8002,0x8022,0x8022,0x8023,0x8023,0x8022,0x8023,0xCDEB,0x8023,0x8443,0x8022,0x8022,
  0x8023,0x8022,0x8001,0x8001,0x8044,0x8002,0x8002,0x8002,0x8002,0x8001,0x8001,0x8022,0x8001,0x8023,0x8022,0x8023,
  0x8023,0x8023,0x8045,0x8022,0x8044,0x8066,0x8024,0x8023,0x8044,0x8023,0x8023,0x8022,0x8022,0x8001,0x8001,0x8022,
  0x8001,0x8022,0x8022,0x8001,0x8022,0x8001,0x8023,0x8002,0x8022,0x8002,0x8022,0x8002,0x8022,0x8002,0x8000,0x8023,
  0x8022,0x8022,0x8022,0x8023,0x8022,0x8023,0x8001,0x8023,0x8002,0x8001,0x8002,0x8002,0x8022,0x8022,0x8022,0x8002,
  0x8023,0x8065,0x8023,0x8023,0x8023,0x8002,0x8022,0x8024,0x8002,0x8044,0x8023,0x8023,0x8024,0x8045,0x8022,0x8066,
  0x8044,0x8045,0x8045,0x8024,0x8045,0x8023,0x8044,0x8023,0x8002,0x8023,0x8001,0x8021,0x8002,0x8022,0x8001,0x8023,
  0x8001,0x8002,0x8023,0x8022,0x8022,0x8001,0x8023,0x8002,0x8001,0x8022,0x8022,0x8001,0x8002,0x8001,0x8001,0x8001,
  0x8001,0x8001,0x8001,0x8001,0x8002,0x8001,0x8001,0x8001,0x8001,0x8001,0x8421,0x8001,0x8002,0x8002,0x8001,0x8001,
  0x8001,0x8002,0x8023,0x8001,0x8002,0x8001,0x8001,0x8001,0x8001,0x8001,0x8001,0x8001,0x8023,0x8024,0x8001,0x8001,
  0x8022,0x8001,0x8001,0x8001,0x8001,0x8002,0x8002,0x8001,0x8001,0x8022,0x8001,0x8023,0x8044,0x8044,0x8022,0x8087,
  0x8001,0x8023,0x8001,0x8044,0x8001,0x8023,0x8001,0x8023,0x8044,0x8001,0x8044,0x8024,0x8024,0x8022,0x8044,0x8023,
  0x8002,0x8001,0x8023,0x8001,0x8001,0x8023,0x8023,0x8002,0x8023,0x8002,0x8001,0x8001,0x8001,0x8044,0x8001,0x8001,
  0x8022,0x8001,0x8002,0x8023,0x8001,0x8022,0x8023,0x8022,0x8002,0x8023,0x8001,0x8001,0x8044,0x8022,0x8022,0x8023,
  0x8001,0x8044,0x8001,0x8001,0x8024,0x8001,0x8001,0x8001,0x8001,0x8002,0x8002,0x8001,0x8022,0x8001,0x8002,0x8001,
  0x8001,0x8001,0x8001,0x8001,0x8001,0x8001,0x8001,0x8001,0x8022,0x8001,0x8002,0x8022,0x8022,0x8001,0x8002,0x8001,
  0x8422,0x8002,0x8002,0x8442,0x8022,0x8021,0x8422,0x8421,0x8021,0x8422,0x8001,0x8022,0x8021,0x8842,0x8001,0x8022,
  0x8001,0x8001,0x8022,0x8001,0x8001,0x8001,0x8001,0x8001,0x8001,0x8001,0x8001,0x8001,0x8001,0x8001,0x8001,0x8001,
  0x8001,0x8022,0x8001,0x8044,0x8001,0x8002,0x8487,0x8000,0x8024,0x8001,0x8022,0x8002,0x8001,0x8023,0x8022,0x8001,
  0x8043,0x8002,0x8022,0x8022,0x8001,0x8022,0x8023,0x8022,0x8001,0x8822,0x8001,0x8001,0x8001,0x8023,0x8001,0x8001,
  0x8001,0x8022,0x8001,0x8002,0x8023,0x8002,0x8022,0x8023,0x8001,0x8044,0x8022,0x8023,0x8024,0x8023,0x8023,0x8044,
  0x8002,0x8023,0x8001,0x8001,0x8044,0x8022,0x8001,0x8022,0x8022,0x8022,0x8001,0x8044,0x8001,0x8044,0x8002,0x8024,
  0x8001,0x8002,0x8022,0x8002,0x8000,0x8466,0x8023,0x8002,0x8044,0x8001,0x8002,0x8023,0x8001,0x8001,0x8002,0x8022,
  0x8044,0x8001,0x8023,0x8002,0x8023,0x8001,0x8023,0x88A8,0x8001,0x8044,0x8002,0x8044,0x8002,0x8045,0x8024,0x8001,
  0x8067,0x84A9,0x8045,0x8023,0x8087,0x8044,0x8087,0x8044,0x8023,0x8044,0x8023,0x8045,0x8002,0x8023,0x8045,0x8001,
  0x8045,0x8022,0x8023,0x8001,0x8001,0x8024,0x8001,0x8022,0x8001,0x8044,0x8001,0x8022,0x8001,0x8022,0x8002,0x8022,
  0x8022,0x8002,0x8023,0x8001,0x8022,0x8001,0x8001,0x8001,0x8001,0x8001,0x8002,0x8001,0x8001,0x8001,0x8002,0x8002,
  0x8001,0x8001,0x8001,0x8002,0x8001,0x8001,0x8001,0x8001,0x8022,0x8001,0x8002,0x8001,0x8001,0x8001,0x8001,0x8001,
  0x8001,0x8001,0x8001,0x8001,0x8001,0x8001,0x8044,0x8002,0x8001,0x8001,0x8001,0x8001,0x8002,0x8022,0x8001,0x8022,
  0x8045,0x8023,0x8023,0x8002,0x8023,0x8044,0x8023,0x8001,0x8046,0x8021,0x8023,0x8067,0x8001,0x8002,0x8002,0x8023,
  0x8022,0x8001,0x8044,0x8045,0x8001,0x8024,0x8001,0x8023,0x8001,0x8001,0x8001,0x8002,0x8002,0x8002,0x8001,0x8001,
  0x8001,0x8066,0x8001,0x8001,0x8001,0x8001,0x8443,0x8001,0x8022,0x8023,0x8022,0x8022,0x8443,0x8001,0x8023,0x8001,
  0x8023,0x8023,0x8022,0x8023,0x8001,0x8023,0x8001,0x8001,0x8001,0x8001,0x8001,0x8001,0x8002,0x8001,0x8002,0x8002,
  0x8001,0x8001,0x8001,0x8001,0x8001,0x8001,0x8001,0x8001,0x8001,0x8001,0x8001,0x8001,0x8001,0x8001,0x8001,0x8001,
  0x8001,0x8001,0x8001,0x8001,0x8001,0x8001,0x8002,0x8001,0x8001,0x8422,0x8021,0x8422,0x8C62,0x8C42,0x8422,0x8022,
  0x8022,0x8022,0x8022,0x8022,0x8022,0x8001,0x8001,0x8022,0x8001,0x8001,0x8001,0x8002,0x8001,0x8001,0x8001,0x8001,
  0x8001,0x8001,0x8001,0x8001,0x8001,0x8001,0x8044,0x8001,0x8067,0x8000,0x8001,0x8066,0x8000,0x8044,0x8002,0x8002,
  0x8001,0x8001,0x8044,0x8021,0x8044,0x8023,0x8001,0x8043,0x8023,0x8001,0x8023,0x8022,0x8001,0x8002,0x8001,0x8443,
  0x8002,0x8001,0x8001,0x8002,0x8001,0x8001,0x8001,0x8002,0x8001,0x8023,0x8001,0x8022,0x8023,0x8001,0x8024,0x8023,
  0x8022,0x8045,0x8023,0x8023,0x8044,0x8002,0x8044,0x8001,0x8022,0x8066,0x8001,0x8022,0x8024,0x8001,0x8001,0x8022,
  0x8023,0x8002,0x8023,0x8002,0x8024,0x8000,0x8044,0x8001,0x8022,0x8022,0x8002,0x8002,0x8023,0x8065,0x8001,0x8002,
  0x8023,0x8001,0x8044,0x8023,0x8001,0x8022,0x8022,0x8022,0x8001,0x8023,0x8001,0x8045,0x8001,0x8044,0x8045,0x8001,
  0x8045,0x8024,0x8002,0x8022,0x9150,0x8045,0x8067,0x84A9,0x8003,0x8067,0x8022,0x8067,0x8022,0x88CB,0x8067,0x8023,
  0x8066,0x8023,0x8066,0x8001,0x80A9,0x8001,0x8021,0x8022,0x8001,0x8024,0x8001,0x8001,0x8001,0x8001,0x8044,0x8001,
  0x8023,0x8001,0x8001,0x8001,0x8022,0x8001,0x8022,0x8002,0x8022,0x8002,0x8001,0x8001,0x8001,0x8001,0x8023,0x8022,
  0x8001,0x8001,0x8001,0x8002,0x8002,0x8002,0x8022,0x8001,0x8002,0x8001,0x8002,0x8022,0x8001,0x8001,0x8001,0x8002,
  0x8001,0x8001,0x8001,0x8001,0x8001,0x8001,0x8001,0x8001,0x8001,0x8001,0x8001,0x8022,0x8001,0x8002,0x8001,0x8001,
  0x8001,0x8001,0x8002,0x8002,0x8001,0x8001,0x8022,0x8023,0x8022,0x8001,0x8023,0x8001,0x8001,0x8024,0x8001,0x8045,
  0x8022,0x8022,0x8023,0x8022,0x8022,0x8044,0x8022,0x8023,0x8024,0x8002,0x8023,0x8001,0x8023,0x8001,0x8023,0x8001,
  0x8001,0x8022,0x8023,0x8001,0x8023,0x8023,0x8023,0x8001,0x8002,0x8001,0x8023,0x8001,0x8001,0x8023,0x8022,0x8001,
  0x8022,0x8002,0x8002,0x8022,0x8001,0x8002,0x8002,0x8002,0x8023,0x8001,0x8023,0x8001,0x8001,0x8001,0x8001,0x8001,
  0x8001,0x8001,0x8002,0x8022,0x8022,0x8001,0x8024,0x8001,0x8002,0x8002,0x8002,0x8022,0x8002,0x8001,0x8001,0x8001,
  0x8001,0x8001,0x8001,0x8002,0x8001,0x8002,0x8002,0x8001,0x8001,0x8001,0x8022,0x8001,0x8C63,0x8001,0x8422,0x8021,
  0x8422,0x8842,0x9042,0x8C41,0x8421,0x8442,0x8022,0x8422,0x8843,0x8022,0x8022,0x8022,0x8442,0x8001,0x8001,0x8842,
  0x8001,0x8001,0x8022,0x8022,0x8001,0x8001,0x8002,0x8001,0x8001,0x8001,0x8001,0x8022,0x8001,0x8002,0x8001,0x8023,
  0x8023,0x8001,0x8022,0x8023,0x8001,0x8023,0x8002,0x8001,0x8022,0x8023,0x8001,0x8001,0x8022,0x8023,0x8001,0x8023,
  0x8022,0x8002,0x8001,0x8022,0x8422,0x8001,0x8001,0x8001,0x8001,0x8002,0x8001,0x8001,0x8001,0x8022,0x8001,0x8001,
  0x8023,0x8002,0x8002,0x8023,0x8044,0x8022,0x8023,0x8022,0x8023,0x8023,0x8023,0x8044,0x8002,0x8023,0x8002,0x8023,
  0x8023,0x8022,0x8044,0x8022,0x8022,0x8002,0x8023,0x8001,0x90C6,0x8022,0x8002,0x8023,0x8001,0x8022,0x8021,0x8044,
  0xB5F1,0x90C8,0x8065,0x8001,0x8024,0x8044,0x8001,0x8044,0x8002,0x8022,0x8023,0x8022,0x8002,0x8022,0x8001,0x8001,
  0x8044,0x8002,0x8044,0xA9AF,0x8022,0x8024,0x8045,0x8001,0x8045,0x8067,0x8023,0x8088,0x8066,0x8045,0x8046,0x88CA,
  0x8045,0x8002,0x88AA,0x8045,0x8046,0x8088,0x8022,0x88CA,0x8002,0x8044,0x8001,0x8046,0x8002,0x8002,0x8023,0x8001,
  0x8024,0x8001,0x8022,0x8066,0x8001,0x8001,0x8022,0x8002,0x8002,0x8002,0x8022,0x8002,0x8001,0x8001,0x8001,0x8001,
  0x8001,0x8001,0x8023,0x8001,0x8022,0x8022,0x8022,0x8001,0x8001,0x8001,0x8023,0x8002,0x8002,0x8001,0x8001,0x8002,
  0x8002,0x8022,0x8001,0x8443,0x8001,0x8001,0x8001,0x8001,0x8001,0x8001,0x8001,0x8001,0x8001,0x8001,0x8001,0x8001,
  0x8001,0x8001,0x8001,0x8001,0x8002,0x84A8,0x8001,0x8001,0x8001,0x8022,0x8001,0x8022,0x8022,0x8022,0x8001,0x8002,
  0x8002,0x8023,0x8001,0x8022,0x8001,0x8023,0x8001,0x8024,0x8001,0x8023,0x8044,0x8001,0x8024,0x8001,0x8024,0x8001,
  0x8065,0x8022,0x8001,0x8024,0x8001,0x8001,0x8001,0x8002,0x8022,0x8002,0x8001,0x8001,0x8001,0x8001,0x8024,0x8001,
  0x8001,0x8001,0x8001,0x8022,0x8002,0x8001,0x8001,0x8022,0x8023,0x8001,0x8022,0x8001,0x8002,0x8022,0x8023,0x8001,
  0x8001,0x8001,0x8001,0x8068,0x8023,0x8001,0x8023,0x8001,0x8002,0x8022,0x8001,0x8001,0x8002,0x8001,0x8001,0x8001,
  0x8023,0x8001,0x8002,0x8023,0x8001,0x8001,0x8001,0x8001,0x8023,0x8002,0x8001,0x8001,0x8001,0x8001,0x8422,0x8001,
  0x8001,0x8001,0x8001,0x8842,0x8001,0x8C62,0x8422,0x8C42,0x9CA3,0x9882,0x8C42,0x8842,0x8421,0x8422,0x8022,0x8422,
  0x8022,0x8001,0x8001,0x8002,0x8001,0x8422,0x8001,0x8023,0x8001,0x8001,0x8001,0x8001,0x8001,0x8001,0x8002,0x8001,
  0x8001,0x8001,0x8001,0x8022,0x8001,0x8002,0x8001,0x8023,0x8001,0x8001,0x8023,0x8001,0x8023,0x8022,0x8001,0x8022,
  0x8000,0x8023,0x8001,0x8001,0x8022,0x8001,0x8002,0x8001,0x8001,0x8023,0x8001,0x8822,0x8001,0x8001,0x8842,0x8002,
  0x8001,0x8001,0x8001,0x8001,0x8844,0x8000,0x8001,0x8001,0x8002,0x8024,0x8001,0x8024,0x8022,0x8024,0x8022,0x8023,
  0x8024,0x8001,0x8066,0x8022,0x8022,0x8001,0x8044,0x8002,0x8001,0x8022,0x8022,0x8044,0x8002,0x8488,0x8023,0x8002,
  0x8023,0x8023,0x8002,0x8024,0x8023,0x8002,0x8002,0x8066,0x8002,0x8023,0x8067,0x8001,0x8046,0x8002,0x8024,0x8022,
  0x8002,0x8022,0x8023,0x8002,0x8023,0x8002,0x8001,0x8045,0x8002,0x8844,0x8002,0x8044,0x8022,0xB2F8,0x8044,0x8023,
  0x8088,0x8045,0x8044,0x8023,0x8088,0x8067,0x8044,0x8088,0x8001,0x80AA,0x84A9,0x8024,0x8088,0x8023,0x8066,0x8024,
  0x8001,0x8046,0x8001,0x8024,0x8023,0x8022,0x8001,0x8046,0x8002,0x8001,0x8001,0x8002,0x8002,0x8002,0x8022,0x8001,
  0x8001,0x8023,0x8001,0x8001,0x8001,0x8001,0x8002,0x8024,0x8002,0x8001,0x8022,0x8022,0x8001,0x8002,0x8466,0x8001,
  0x8002,0x8001,0x8001,0x8001,0x8002,0x8001,0x8001,0x8443,0x8001,0x8001,0x8001,0x8001,0x8023,0x8001,0x8001,0x8023,
  0x8044,0x8001,0x8001,0x8001,0x8001,0x8001,0x8001,0x8001,0x8001,0x8001,0x8001,0x8001,0x8001,0x8001,0x8001,0x8022,
  0x8024,0x8001,0x8001,0x8022,0x8023,0x8002,0x8023,0x8001,0x8022,0x8001,0x8024,0x8001,0x8023,0x8022,0x8024,0x8022,
  0x8001,0x8023,0x8046,0x8001,0x8022,0x8023,0x8001,0x8023,0x8023,0x8001,0x8002,0x8024,0x8001,0x8001,0x8001,0x8001,
  0x8024,0x8001,0x8023,0x8001,0x8001,0x8023,0x8001,0x8001,0x8001,0x8001,0x8023,0x8023,0x8001,0x8001,0x8001,0x8022,
  0x8001,0x8023,0x8001,0x8001,0x8001,0x8023,0x8001,0x8044,0x8001,0x8001,0x8001,0x8001,0x8022,0x8023,0x8022,0x8023,
  0x8023,0x8001,0x8023,0x8001,0x8023,0x8001,0x8001,0x8001,0x8002,0x8002,0x8001,0x8001,0x8001,0x8002,0x8002,0x8001,
  0x8001,0x8001,0x8002,0x8002,0x8002,0x8002,0x8001,0x8021,0x8021,0x8022,0x8842,0x8422,0x8C62,0x8842,0xBD45,0xC984,
  0x8C42,0x8842,0x8421,0x8422,0x8442,0x8842,0x8001,0x8422,0x8002,0x8001,0x8002,0x8001,0x8001,0x8001,0x8001,0x8001,
  0x8002,0x8001,0x8001,0x8001,0x8002,0x8022,0x8001,0x8001,0x8022,0x8001,0x8023,0x8001,0x8022,0x8001,0x8023,0x8002,
  0x8002,0x8001,0x8001,0x8001,0x8045,0x8001,0x8045,0x8001,0x8023,0x8002,0x8022,0x8001,0x8001,0x8022,0x8043,0x8001,
  0x8001,0x8001,0x8002,0x8001,0x8422,0x8001,0x8002,0x8002,0x8001,0x8001,0x8001,0x9063,0x8022,0x8022,0x8022,0x8001,
  0x8045,0x8001,0x8024,0x8044,0x8044,0x8002,0x8022,0x8024,0x8022,0x8045,0x8001,0x8067,0x8001,0x8089,0x8001,0x8024,
  0x8045,0x8022,0x8023,0x8001,0x8024,0x8444,0x8022,0x8001,0x84A9,0x8002,0x8044,0x8024,0x8023,0x8001,0x8023,0x8467,
  0x8022,0x8487,0x8066,0x8002,0x88A8,0x8000,0x8023,0x8045,0x8045,0x8022,0x8022,0x8001,0x8022,0x8023,0x8044,0x8023,
  0x8023,0x8022,0x8023,0x84C9,0x8045,0x8067,0x8023,0x8002,0x8002,0x8045,0x8002,0x88CA,0x8067,0x8067,0x8022,0x84CA,
  0x8044,0x808A,0x8023,0x8044,0x8045,0x8022,0x8046,0x8001,0x8067,0x8001,0x8001,0x8022,0x8001,0x8023,0x8001,0x8001,
  0x8022,0x8022,0x8001,0x8022,0x8001,0x8843,0x8001,0x8023,0x8022,0x8001,0x8001,0x8001,0x8001,0x8863,0x8022,0x8022,
  0xB5CF,0x88A7,0x8021,0x8022,0x8022,0x8045,0x8022,0x8002,0x8002,0x8001,0x8022,0x8022,0x8001,0x8022,0x8002,0x8001,
  0x8001,0x8001,0x8001,0x8001,0x8001,0x8001,0x8001,0x8001,0x8001,0x8023,0x8001,0x8001,0x8001,0x8001,0x8023,0x8002,
  0x8001,0x8002,0x8001,0x8001,0x8001,0x8001,0x8001,0x8067,0x8022,0x8002,0x8001,0x8022,0x8001,0x8023,0x8001,0x8023,
  0x8001,0x8023,0x8001,0x8023,0x8022,0x8024,0x8044,0x8001,0x8001,0x8044,0x8001,0x8023,0x8001,0x8022,0x8044,0x8002,
  0x8022,0x8023,0x8001,0x8022,0x8023,0x8001,0x8001,0x8001,0x8001,0x8001,0x8001,0x8001,0x8001,0x8001,0x8023,0x8001,
  0x8001,0x8001,0x8001,0x8001,0x8001,0x8001,0x8023,0x8001,0x8001,0x8001,0x8023,0x8022,0x8001,0x8002,0x8002,0x8023,
  0x8001,0x8001,0x8001,0x8001,0x8022,0x8023,0x8001,0x8022,0x8089,0x8002,0x8022,0x8023,0x8001,0x8001,0x8001,0x8001,
  0x8001,0x8001,0x8001,0x8001,0x8001,0x8001,0x8001,0x8001,0x8001,0x8001,0x8001,0x8001,0x8022,0x8001,0x8022,0x8422,
  0x8422,0x8842,0x8C42,0xA0A3,0xEAEE,0xFB51,0x9CA3,0x9483,0x8442,0x8442,0x8442,0x8022,0x8022,0x8001,0x8002,0x8001,
  0x8002,0x8001,0x8001,0x8001,0x8001,0x8002,0x8001,0x8002,0x8022,0x8001,0x8022,0x8001,0x8001,0x8001,0x8023,0x8001,
  0x8022,0x8001,0x8022,0x8002,0x8022,0x8001,0x8001,0x8023,0x8001,0x8002,0x8022,0x8001,0x8022,0x8001,0x8022,0x8001,
  0x8001,0x8001,0x8001,0x8001,0x8023,0x8001,0x8001,0x8001,0x8001,0x8001,0x8001,0x8001,0x8002,0x8022,0x8001,0x8002,
  0x8002,0x8001,0x8001,0x8001,0x8001,0x8023,0x8001,0x8045,0x8022,0x8044,0x8022,0x8023,0x8044,0x8022,0x8024,0x8001,
  0x8045,0x8001,0x8066,0x8001,0x8045,0x8001,0x8001,0x8067,0x8002,0x8023,0x8023,0x94A5,0x8045,0x8022,0x8044,0x8023,
  0x8023,0x8000,0x8001,0x8045,0x8024,0x8001,0x8487,0x8066,0x8023,0x8066,0x8000,0x8045,0x8023,0x8022,0x8002,0x8024,
  0x8022,0x8001,0x8087,0x8001,0x8001,0x8045,0x8023,0x8024,0x8001,0x8024,0x8045,0x8002,0x8045,0x8001,0x8022,0x8066,
  0x8023,0x8003,0x80AA,0x8024,0x8088,0x8002,0x88C9,0x8002,0x8067,0x8046,0x8022,0x8045,0x8023,0x8044,0x8066,0x8022,
  0x8024,0x8002,0x8044,0x8001,0x8001,0x8022,0x8421,0xFF2E,0x8001,0x8001,0x8001,0x8001,0x8002,0x8002,0x8002,0x8022,
  0x8001,0x8022,0x8022,0x8442,0x8002,0x8022,0x8022,0x8002,0x8023,0x8021,0x8822,0x8002,0x8022,0x8001,0x8065,0x8001,
  0x8001,0x8022,0x8022,0x8002,0x8002,0x8001,0x8001,0x98C7,0x8023,0x8001,0x8001,0x8001,0x8001,0x8001,0x8001,0x8022,
  0x8001,0x8022,0x8001,0x8001,0x8001,0x8022,0x8022,0x8001,0x8001,0x8001,0x8001,0x8001,0x8001,0x8001,0x8001,0x8002,
  0x8023,0x8001,0x8001,0x8001,0x8023,0x8001,0x8023,0x8001,0x8001,0x8023,0x8001,0x8001,0x8001,0x8022,0x8045,0x8000,
  0x8024,0x8001,0x8023,0x8001,0x8002,0x8023,0x8002,0x8001,0x8023,0x8002,0x8001,0x8001,0x8022,0x8001,0x8024,0x8001,
  0x8001,0x8001,0x8002,0x8001,0x8001,0x8001,0x8001,0x8001,0x8001,0x8002,0x8022,0x8001,0x8001,0x8001,0x8001,0x8001,
  0x8001,0x8001,0x8001,0x8001,0x8001,0x8001,0x8001,0x8001,0x8001,0x8001,0x8001,0x8002,0x8002,0x8045,0x829D,0x8024,
  0x8023,0x8001,0x8001,0x8001,0x8001,0x8001,0x8001,0x8001,0x8001,0x8001,0x8022,0x8001,0x8022,0x8002,0x8422,0x8422,
  0x8001,0x8422,0x8001,0x8842,0x8022,0x9462,0x8842,0xA0A3,0xD185,0xF6AB,0xFFB6,0xFFF9,0xEA67,0xC545,0x9483,0x8842,
  0x8421,0x8022,0x8C42,0x8022,0x8001,0x8422,0x8001,0x8001,0x8422,0x8001,0x8001,0x8001,0x8001,0x8001,0x8001,0x8001,
  0x8002,0x8001,0x8001,0x8001,0x8001,0x8001,0x8001,0x8022,0x8001,0x8002,0x8001,0x8001,0x8024,0x8001,0x8024,0x8024,
  0x8001,0x8022,0x8001,0x8023,0x8001,0x8001,0x8001,0x8001,0x8023,0x8002,0x8001,0x8001,0x8001,0x8002,0x8001,0x8002,
  0x8001,0x8001,0x8022,0x8022,0x8001,0x8022,0x8466,0x8001,0x8001,0x8022,0x8022,0x8001,0x8044,0x8001,0x8045,0x8001,
  0x8024,0x8023,0x8022,0x8024,0x8023,0x8045,0x8001,0x8024,0x8001,0x8067,0x8002,0x8046,0x8045,0x8022,0x8023,0xA109,
  0x8001,0x8045,0x8001,0x80AA,0x8023,0x80AA,0x8023,0x8023,0x8023,0x8001,0x8CCA,0x8066,0x8066,0x8023,0x84A9,0x8002,
  0x8088,0x8002,0x8045,0x8023,0x8023,0x8022,0x8022,0x8023,0x8001,0x8001,0x8067,0x8002,0x8066,0x8023,0x8024,0x8001,
  0x8045,0x8045,0x8002,0x8047,0x8023,0x8002,0x8024,0x8067,0x8024,0x8067,0x8022,0x80AA,0x8002,0x8046,0x8068,0x8002,
  0xC20E,0x8022,0x8066,0x8002,0x8066,0x8001,0x8001,0x8045,0x8001,0x8002,0x8044,0x8001,0x8001,0x8022,0x8001,0x8001,
  0x8044,0x8001,0x8023,0x8001,0x8002,0x8022,0x8022,0x8002,0x8001,0x8442,0x8422,0x8001,0x8022,0x8002,0x8002,0x8022,
  0x8002,0x8001,0x8001,0x8001,0x8002,0x8001,0x8001,0x8001,0x8022,0x8002,0x8001,0x8001,0x8001,0x8001,0x8001,0x8002,
  0x8001,0x8002,0x8001,0x8001,0x8001,0x8022,0x8001,0x8002,0x8001,0x8001,0x8001,0x8001,0x8001,0x8001,0x8001,0x8001,
  0x8022,0x8001,0x8024,0x8001,0x8023,0x8022,0x8001,0x8001,0x8001,0x8024,0x8022,0x8022,0x8001,0x8045,0x8001,0x8002,
  0x8022,0x8022,0x8022,0x8001,0x8001,0x8002,0x8001,0x8023,0x8001,0x8022,0x8001,0x8023,0x8001,0x8002,0x8001,0x8022,
  0x8023,0x8022,0x8024,0x8001,0x8023,0x8001,0x8022,0x8022,0x8001,0x8001,0x8024,0x8001,0x8002,0x8044,0x8001,0x8001,
  0x8001,0x8001,0x8022,0x8044,0x8002,0x8002,0x8023,0x8001,0x8001,0x8022,0x8001,0x8001,0x8023,0x8001,0x8024,0x8001,
  0x8022,0x8044,0x8024,0x829C,0xFBFE,0x829C,0x8066,0x8045,0x8001,0x8023,0x8022,0x8022,0x8024,0x8001,0x8045,0x8001,
  0x8001,0x8001,0x8001,0x8001,0x8001,0x8001,0x8001,0x8001,0x8001,0x8001,0x8021,0x8422,0x8022,0x8C42,0x8842,0x9062,
  0xE28C,0xF30E,0x9062,0x8C62,0x8842,0x8422,0x8442,0x8001,0x8001,0x8002,0x8001,0x8001,0x8001,0x8002,0x8001,0x8001,
  0x8001,0x8001,0x8001,0x8001,0x8001,0x8001,0x8001,0x8001,0x8001,0x8001,0x8001,0x8001,0x8001,0x8001,0x8002,0x8001,
  0x8023,0x8001,0x8002,0x8023,0x8023,0x8002,0x8045,0x8001,0x8002,0x8001,0x8001,0x8022,0x8022,0x8002,0x8001,0x8001,
  0x8002,0x8001,0x8001,0x8001,0x8022,0x8001,0x8001,0x8001,0x8022,0x8002,0x8001,0x8022,0x8001,0x8001,0x8022,0x8022,
  0x8002,0x8024,0x8002,0x8002,0x8022,0x8024,0x8023,0x8044,0x8045,0x8002,0x8022,0x8001,0x8045,0x8068,0x8023,0x8023,
  0x8023,0x8002,0x8023,0x8087,0x8001,0x8022,0x8045,0x8023,0x8045,0x8045,0x8045,0x8002,0x8024,0x8045,0x8044,0x8044,
  0x8022,0x88CB,0x8467,0x8066,0x8002,0x84AA,0x8067,0x8087,0x8002,0x8001,0x8066,0x8044,0x8023,0x8001,0x8001,0x94EA,
  0x8044,0x8045,0x8001,0x8023,0x8045,0x8002,0x8024,0x8046,0x8001,0x8023,0x8023,0x8002,0x8066,0x8001,0x8046,0x8002,
  0x88CA,0x8045,0x8023,0x808A,0x8023,0x8487,0x8465,0x8023,0x8046,0x8002,0x8001,0x8023,0x8023,0x8001,0x8022,0x8001,
  0x8045,0x8002,0x8001,0x8001,0x8023,0x8023,0x8001,0x8023,0x8001,0x8022,0x8023,0x8045,0x8022,0x8023,0x8023,0x8001,
  0x9063,0x8C42,0x8002,0x8002,0x8022,0x8002,0x8002,0x8001,0x8002,0x8002,0x8022,0x8001,0x8001,0x8001,0x8002,0x8001,
  0x8001,0x8022,0x8002,0x8001,0x8001,0x8001,0x84A9,0x8001,0x8002,0x8001,0x8001,0x8001,0x8044,0x8001,0x8001,0x8002,
  0x8001,0x8001,0x8001,0x8001,0x8001,0x8001,0x8001,0x8023,0x8001,0x8023,0x8002,0x8022,0x8002,0x8023,0x8045,0x8001,
  0x8002,0x8001,0x8023,0x8002,0x8002,0x8023,0x8001,0x8001,0x8001,0x8023,0x8001,0x8001,0x8001,0x8001,0x8002,0x8001,
  0x8022,0x8001,0x8024,0x8023,0x8001,0x8002,0x8023,0x8002,0x8001,0x8023,0x8001,0x8023,0x8023,0x8001,0x8045,0x8001,
  0x8001,0x8001,0x8001,0x8022,0x8001,0x8024,0x8023,0x8001,0x8002,0x8001,0x8002,0x8002,0x8001,0x8023,0x8002,0x8002,
  0x8001,0x8001,0x8002,0x8002,0x8001,0x8001,0x8001,0x8002,0x8023,0x8023,0x827C,0x8022,0x8022,0x8002,0x8001,0x8001,
  0x8002,0x8002,0x8001,0x8001,0x8001,0x8001,0x8001,0x8001,0x8001,0x8001,0x8001,0x8001,0x8001,0x8001,0x8001,0x8021,
  0x8421,0x8022,0x8842,0x8422,0x8C42,0x8C62,0xB525,0xBD44,0x8C62,0x8821,0x8422,0x8422,0x8021,0x8422,0x8001,0x8422,
  0x8001,0x8001,0x8001,0x8001,0x8001,0x8001,0x8001,0x8001,0x8001,0x8001,0x8001,0x8001,0x8001,0x8001,0x8001,0x8001,
  0x8001,0x8001,0x8001,0x8001,0x8001,0x8001,0x8001,0x8001,0x8001,0xBAB8,0x8000,0x8022,0x8022,0x8002,0x8023,0x8001,
  0x8001,0x8001,0x8002,0x8001,0x8022,0x8022,0x8001,0x8022,0x8001,0x8023,0x8001,0x8002,0x8001,0x8001,0x8022,0x8002,
  0x8001,0x8001,0x8001,0x8022,0x8022,0x8024,0x8044,0x8001,0x8001,0x8023,0x8024,0x8022,0x8023,0x8023,0x8002,0x8001,
  0x8047,0x8023,0x8001,0x8022,0x8023,0x8001,0x8023,0x8066,0x8087,0x8023,0x8066,0x8023,0x8889,0x8046,0x8000,0x8001,
  0x8488,0x8488,0x8024,0x8068,0x8068,0x8067,0x8066,0xA56D,0x8044,0x88CB,0x8488,0x912F,0x8025,0x8024,0x8D0E,0x8488,
  0x8044,0x8024,0x8087,0x8001,0x8045,0x8023,0x8001,0x8001,0x8044,0x94A8,0x8045,0x8045,0x8001,0x8024,0x8024,0x8022,
  0x8023,0x8046,0x8022,0x8002,0x8045,0x8000,0x8465,0x8023,0x84CB,0x8045,0x88AA,0x8024,0x8022,0x8066,0x8023,0x8488,
  0x8023,0x8001,0x8001,0x8024,0x8001,0x8001,0x8002,0x8024,0x8023,0x8022,0x8002,0x8002,0x8002,0x8001,0x8001,0x8044,
  0x8023,0x8067,0x8045,0x8002,0x8023,0x8022,0x8001,0x8002,0x8001,0x8001,0x8001,0x8001,0x8442,0x8022,0x8001,0x8422,
  0x8002,0x8001,0x8001,0x8022,0x8022,0x8421,0x8001,0x8001,0x8001,0x8001,0x8001,0x8001,0x8001,0x8001,0x8001,0x8001,
  0x8002,0x8001,0x8001,0x8002,0x8002,0x8002,0x8022,0x8002,0x8001,0x8001,0x8001,0x8001,0x8001,0x8001,0x8002,0x8001,
  0x8022,0x8001,0x8002,0x8022,0x8001,0x8022,0x8001,0x9062,0x8001,0x8067,0x8001,0x8001,0x8001,0x8022,0x8022,0x8001,
  0x8001,0x8024,0x8001,0x8023,0x8001,0x8002,0x8001,0x8023,0x8001,0x8001,0x8023,0x8002,0x8001,0x8023,0x8023,0x8001,
  0x8046,0x8001,0x8001,0x8001,0x8002,0x8001,0x8023,0x8001,0x8001,0x8044,0x8001,0x8001,0x8001,0x8044,0x8022,0x8023,
  0x8001,0x8002,0x8002,0x8001,0x8001,0x8001,0x8023,0x8001,0x8001,0x8001,0x8001,0x8001,0x8002,0x8002,0x8022,0x8002,
  0x8068,0x8002,0x8023,0x8001,0x8002,0x8001,0x8002,0x8002,0x8001,0x8001,0x8001,0x8001,0x8001,0x8022,0x8001,0x8001,
  0x8002,0x8001,0x8022,0x8001,0x8021,0x8001,0x8021,0x8422,0x8421,0x8021,0x8C42,0x8422,0x9883,0x98A3,0x8842,0x8842,
  0x8021,0x8021,0x8021,0x8022,0x8001,0x8001,0x8001,0x8001,0x8001,0x8001,0x8422,0x8001,0x8023,0x8002,0x8001,0x8001,
  0x8001,0x8001,0x8001,0x8001,0x8001,0x8022,0x8001,0x8001,0x8001,0x8001,0x8001,0x8001,0x8001,0x8001,0x8001,0x8023,
  0x8001,0x8001,0x8022,0x8024,0x8001,0x8023,0x8001,0x8066,0x8001,0x8001,0x8001,0x8001,0x8001,0x8002,0x8001,0x8001,
  0x8001,0x8001,0x8001,0x8022,0x8002,0x8001,0x8422,0x8000,0x8024,0x8002,0x8022,0x8002,0x8002,0x8001,0x8045,0x8001,
  0x8001,0x8023,0x8023,0x8066,0x8065,0x8002,0x8021,0x8023,0x8023,0x8045,0x8002,0x8046,0x8001,0x8023,0x8023,0x8023,
  0x8024,0x8023,0x8046,0x8044,0x8046,0x8001,0x8001,0x8044,0x8066,0x8089,0x8068,0x8D0E,0x8488,0x8045,0x88EC,0x8088,
  0x8D0F,0x8047,0x88AA,0x8067,0x8067,0x8067,0x8046,0x8045,0x8002,0x8087,0x8024,0x8001,0x8045,0x8023,0x8001,0x8022,
  0x8044,0x8CA8,0x8023,0x8001,0x8044,0x8046,0x8024,0x8002,0x8024,0x8044,0x8001,0x8487,0x8022,0x8067,0x8023,0x84AA,
  0x8445,0x90CA,0x8044,0x8045,0x8488,0x8001,0x8046,0x8001,0x8023,0x8001,0x8024,0x8001,0x8001,0x8001,0x8001,0x8044,
  0x8001,0x8001,0x8045,0x8001,0x8024,0x8024,0x8045,0x9A35,0x8003,0x8002,0x8001,0x8023,0x8001,0x8001,0x8022,0x8022,
  0x8001,0x8022,0x8022,0x8022,0x8022,0x8001,0x8842,0x8002,0x8022,0x8002,0x8002,0x8002,0x8001,0x8001,0x8002,0x8001,
  0x8001,0x8001,0x8001,0x8001,0x8001,0x8001,0x8002,0x8001,0x8001,0x8001,0x8001,0x8002,0x8001,0x8022,0x8022,0x8001,
  0x8001,0x8001,0x8002,0x8001,0x8001,0x8001,0x8022,0x8022,0x8023,0x8022,0x8023,0x8001,0x8002,0x8865,0x8001,0x8001,
  0x8024,0x8001,0x8001,0x8001,0x8002,0x8022,0x8066,0x8001,0x8001,0x8001,0x8022,0x8001,0x8023,0x8023,0x8001,0x8023,
  0x8023,0x8023,0x8023,0x8045,0x8001,0x8024,0x8001,0x8023,0x8022,0x8024,0x8001,0x8023,0x8001,0x8002,0x8002,0x8002,
  0x8001,0x8045,0x8023,0x8022,0x8002,0x8022,0x8023,0x8022,0x8002,0x8023,0x8001,0x8022,0x8001,0x8002,0x8002,0x8001,
  0x8001,0x8001,0x8001,0x8024,0x8002,0x8022,0x8024,0x8001,0x8002,0x8023,0x8001,0x8023,0x8022,0x8002,0x8001,0x8001,
  0x8023,0x8001,0x8001,0x8001,0x8002,0x8002,0x8022,0x8022,0x8001,0x8001,0x9063,0x8001,0x8C63,0x8021,0x8001,0x8C62,
  0x8023,0x8442,0x8C42,0x8C62,0x8422,0x8022,0x8022,0x8422,0x8422,0x8001,0x8002,0x8002,0x8022,0x8001,0x8022,0x8002,
  0x8001,0x8001,0x8001,0x8001,0x8001,0x8001,0x8001,0x8001,0x8002,0x8001,0x8001,0x81B4,0x8001,0x8001,0x8001,0x8022,
  0x9D4F,0x8001,0x8001,0x8001,0x8022,0x8001,0x8001,0x8001,0x8002,0x8023,0x8001,0x8001,0x8045,0x8001,0x8002,0x8001,
  0x8001,0x8001,0x8001,0x8001,0x80AA,0x8002,0x8423,0x8022,0x8001,0x8022,0x8022,0x8022,0x8001,0x8001,0x8022,0x8022,
  0x8044,0x8002,0x8001,0x8001,0x8022,0x8001,0x8045,0x8044,0x8023,0x8002,0x8002,0x8023,0x8067,0x8044,0x8001,0x8001,
  0x8024,0x8023,0x8045,0x8001,0x8000,0x90EB,0x8001,0x8067,0x8023,0x8489,0x8002,0x8067,0x8023,0x8045,0x8088,0x8089,
  0x8067,0x8088,0x9DB2,0x8087,0x9172,0x8067,0x890D,0x8067,0x9150,0x8046,0x8CCB,0x8888,0x8488,0x8046,0x84A9,0x8022,
  0x8045,0x8001,0x8023,0x8001,0x8001,0x8001,0x8023,0x8001,0x8487,0x8003,0x8045,0x8045,0x8046,0x8489,0x8045,0x8044,
  0x8467,0x8000,0x8867,0x8044,0x8CC9,0x8023,0x90CA,0x8044,0x88A9,0x8066,0x8022,0x8045,0x8001,0x8066,0x8002,0x8001,
  0x8001,0x8001,0x8001,0x8001,0x8001,0x8023,0x8001,0x8001,0x8002,0x8023,0x8001,0x8023,0x8022,0x8023,0x8023,0x8001,
  0x8022,0x8022,0x8022,0x8022,0x8422,0x8022,0x8022,0x8022,0x8842,0x8422,0x8022,0x8001,0x8022,0x8002,0x8022,0x8002,
  0x8002,0x8002,0x8001,0x8023,0x8022,0x8002,0x8001,0x8001,0x8001,0x8001,0x8001,0x8002,0x8001,0x8001,0x8001,0x8001,
  0x8001,0x8002,0x8001,0x8002,0x8001,0x8001,0x8001,0x8001,0x8001,0x8001,0x8001,0x8002,0x8001,0x8001,0x8001,0x8001,
  0x8001,0x8002,0x8001,0x8022,0x8001,0x8023,0x8001,0x8001,0x8001,0x8022,0x8022,0x8001,0x8001,0x8001,0x8001,0x8002,
  0x8001,0x8023,0x8001,0x8001,0x8023,0x8001,0x8001,0x8023,0x8024,0x8001,0x8067,0x8001,0x8045,0x8001,0x8023,0x8001,
  0x8024,0x8001,0x8002,0x8023,0x8002,0x8001,0x8022,0x8001,0x8022,0x8002,0x8044,0x8022,0x8022,0x8022,0x8023,0x8001,
  0x8022,0x8001,0x8022,0x8001,0x8002,0x8002,0x8067,0x8001,0x8001,0x8001,0x8001,0x8002,0x8001,0x8002,0x8022,0x8001,
  0x8001,0x8023,0x8001,0x8001,0x8001,0x8001,0x8001,0x8001,0x8001,0x8001,0x8023,0x8002,0x8001,0x8001,0x8001,0x8C63,
  0x8001,0x8022,0x8022,0x8001,0x8C42,0x8001,0x8422,0x8001,0x8022,0x8421,0x8022,0x8022,0x8001,0x8001,0x8021,0x8001,
  0x8022,0x8422,0x8001,0x8001,0x8022,0x8001,0x8001,0x8043,0x8001,0x8001,0x8001,0x8001,0x8001,0x8001,0x8023,0x8001,
  0x8001,0x8002,0x8001,0x8001,0x8001,0x8001,0x8001,0x8022,0x8001,0x8001,0x8001,0x8001,0x8001,0x8001,0x8001,0x8044,
  0x8001,0x8043,0x8001,0x8001,0x8001,0x8001,0x8001,0x8022,0x8422,0x8001,0x8001,0x8002,0x8001,0x8001,0x8022,0x8002,
  0x8022,0x8002,0x8001,0x8022,0x8001,0x8022,0x8001,0x8001,0x8001,0x8024,0x8001,0x8066,0x8001,0x8001,0x8022,0x8023,
  0x8002,0x8045,0x8001,0x8001,0x8022,0x8001,0x8045,0x8044,0x8001,0x8023,0x8023,0x8001,0x8023,0x8000,0x950D,0x8024,
  0x8046,0x8023,0xA1D5,0x8001,0x8044,0x8067,0x84CA,0x8022,0x80AA,0x9594,0x84AA,0x9DD3,0x8067,0x912F,0x8067,0x9592,
  0x8046,0x8467,0x88A9,0x8467,0x8467,0x8467,0x8002,0x8066,0x8001,0x8488,0x8022,0x8022,0x8001,0x8046,0x8022,0x8024,
  0x8067,0x8022,0x8024,0x8024,0x8023,0x8022,0x8445,0x8045,0x8045,0x8044,0x8023,0x8887,0x8444,0x90EC,0x8C42,0x8044,
  0x8044,0x8001,0x8044,0x9484,0x8001,0x8022,0x8001,0x8002,0x8001,0x8002,0x8002,0x8001,0x8066,0x8001,0x8001,0x8044,
  0x8023,0x8001,0x8001,0x8001,0x8001,0x8023,0x8043,0x8002,0x8022,0x8442,0x8021,0x8022,0x8422,0x8422,0x98A3,0x8842,
  0x8021,0x8422,0x8001,0x8022,0x8001,0x8022,0x8022,0x8001,0x8001,0x8002,0x8001,0x8001,0x8001,0x8001,0x8001,0x8001,
  0x8002,0x8445,0x8001,0x8001,0x8001,0x8001,0x8001,0x8001,0x8001,0x8001,0x8001,0x8001,0x8001,0x8001,0x8001,0x8001,
  0x8001,0x8001,0x8066,0x8022,0x8001,0x8002,0x8022,0x8001,0x8001,0x8421,0x8001,0x8001,0x8023,0x8023,0x8001,0x8001,
  0x8001,0x8001,0x8001,0x8044,0x8001,0x8001,0x8001,0x8001,0x8001,0x8044,0x8001,0x8045,0x8001,0x8001,0x8002,0x8046,
  0x8001,0x8067,0x8001,0x8045,0x8001,0x8066,0x8001,0x8045,0x8001,0x8002,0x8023,0x8024,0x8001,0x8001,0x8001,0x8045,
  0x8023,0x8045,0x8001,0x8002,0x8002,0x8023,0x8001,0x8023,0x8001,0x8023,0x8022,0x8001,0x8001,0x8001,0x8002,0x8002,
  0x8001,0x8001,0x8024,0x8002,0x8022,0x8001,0x8045,0x8001,0x8001,0x8001,0x8001,0x8001,0x852F,0x8001,0x8001,0x8001,
  0x8001,0x8001,0x8001,0x8001,0x8001,0x8001,0x8001,0x8001,0x8022,0x8002,0x8002,0x8002,0x8022,0x8022,0x8842,0x8C42,
  0x8001,0x8022,0x8022,0x8001,0x8001,0x8022,0x8001,0x8001,0x8442,0x8001,0x8001,0x8001,0x8001,0x8001,0x8001,0x8001,
  0x8001,0x8001,0x8001,0x8001,0x8001,0x8001,0x8001,0x8001,0x8001,0x8001,0x8002,0x8001,0x8002,0x8001,0x8001,0x8001,
  0x8002,0x8001,0x8001,0x8001,0x8001,0x8001,0x8001,0x8022,0x8022,0x8001,0x8C43,0x8001,0x8001,0x8002,0x8022,0x8002,
  0x8001,0x8002,0x8001,0x8022,0x8002,0x8001,0x8001,0x8002,0x8023,0x8044,0x8022,0x8002,0x8022,0x8023,0x8023,0x8001,
  0x8022,0x8001,0x8045,0x8044,0x8001,0x8023,0x8045,0x8001,0x8001,0x8045,0x8002,0x8068,0x8001,0xB33E,0x8002,0x8044,
  0x8045,0x8002,0x8002,0x8045,0x8002,0x8489,0x8022,0x8023,0x8045,0x8088,0x8045,0x8466,0x8089,0x8089,0x80AA,0x88ED,
  0x9992,0x8089,0xB256,0x88CB,0x8D0D,0x8489,0x9970,0x8CCA,0x8068,0x88AA,0x8045,0x88CA,0x8067,0x8001,0x8022,0x8467,
  0x8001,0x8088,0x8001,0x8023,0x94A6,0x8866,0x8003,0x8045,0x8044,0x8044,0x8023,0x8045,0x8023,0x94EA,0x8023,0x90C8,
  0x8044,0x8043,0x8CA9,0x8488,0x8045,0x88A8,0x8023,0x8044,0x8465,0x8022,0x8044,0x8001,0x8023,0x8001,0x8022,0x8022,
  0x8001,0x8001,0x8001,0x8046,0x8001,0x8001,0x8022,0x8001,0x8002,0x8023,0x8001,0x8022,0x8065,0x8001,0x8022,0x8022,
  0x8022,0x8442,0x8842,0x8421,0xC544,0x8842,0x8842,0x8022,0x8022,0x8001,0x8022,0x8001,0x8001,0x8001,0x8001,0x8001,
  0x8001,0x8001,0x8002,0x8002,0x8001,0x8023,0x8024,0x8001,0x8001,0x8001,0x8002,0x8001,0x8001,0x8001,0x8001,0x8001,
  0x8001,0x8001,0x8001,0x8001,0x8002,0x8001,0x8001,0x8001,0x8001,0x8001,0x8001,0x8001,0x8001,0x8001,0x8001,0x8001,
  0x8001,0x8002,0x8001,0x8002,0x8002,0x8001,0x8001,0x8001,0x8023,0x8001,0x8001,0x8002,0x8001,0x8001,0x8022,0x8001,
  0x8001,0x8023,0x8001,0x8023,0x8023,0x8002,0x8045,0x8001,0x8066,0x8002,0x8067,0x8001,0x8045,0x8002,0x8022,0x8044,
  0x8022,0x8001,0x8022,0x8001,0x8023,0x8022,0x8045,0x8066,0x8024,0x8023,0x8022,0x8022,0x8001,0x8001,0x8001,0x8001,
  0x8002,0x8001,0x8001,0x8001,0x8002,0x8001,0x8001,0x8002,0x8001,0x8002,0x8001,0x8001,0x8001,0x8001,0x8023,0x8044,
  0x8001,0x8001,0x8001,0x8001,0x8001,0x8001,0x8002,0x8001,0x8001,0x8002,0x8001,0x8002,0x8001,0x8001,0x8022,0x8002,
  0x8001,0x8842,0x8001,0x8022,0x8021,0x8001,0x8022,0x8001,0x8022,0x8022,0x8422,0x8001,0x8001,0x8001,0x8001,0x8001,
  0x8001,0x8001,0x8001,0x8001,0x8001,0x8021,0x8001,0x8001,0x8001,0x8001,0x8001,0x8001,0x8001,0x8002,0x8001,0x8001,
  0x8002,0x8001,0x8001,0x8001,0x8001,0x8001,0x8001,0x8001,0x8001,0x8001,0x8001,0x8001,0x8001,0x8022,0x8001,0x8001,
  0x8001,0x8821,0x8001,0x8001,0x8002,0x8022,0x8001,0x8066,0x8001,0x8001,0x8044,0x8001,0x8001,0x8001,0x8001,0x8002,
  0x8002,0x8002,0x8002,0x8001,0x8001,0x8001,0x8001,0x8023,0x8001,0x8001,0x8002,0x8001,0x8045,0x8046,0x8002,0x8045,
  0x8067,0x8002,0x8024,0x8046,0x8066,0x8002,0x8002,0x8023,0x8002,0x8002,0x8001,0x8001,0x8044,0x8023,0x8023,0x8088,
  0x8067,0x8487,0x8088,0x9550,0x84AB,0x8088,0x80AA,0x9DB4,0x84AB,0x80AA,0xA1B2,0x8089,0x8045,0x90EB,0x992C,0x8046,
  0x910D,0x8489,0x8002,0x8045,0x8044,0x8001,0x8888,0x8024,0x8022,0x8067,0x8066,0x8088,0x8CC9,0x8066,0x8022,0x8001,
  0x8445,0x8045,0x8467,0x8488,0x8023,0x8466,0x8465,0x8044,0x8045,0x8002,0x8487,0x8023,0x8044,0x8023,0x8044,0x8002,
  0x8022,0x8023,0x8001,0x8002,0x8001,0x8001,0x8001,0x8022,0x8001,0x8002,0x8001,0x8001,0x8001,0x8022,0x8023,0x8045,
  0x8023,0x8022,0x8002,0x8002,0x8022,0x8022,0x8842,0x8842,0x8C42,0x9C81,0xFF6E,0x98A3,0x8842,0x8422,0x8022,0x8002,
  0x8022,0x8002,0x8001,0x8001,0x8001,0x8002,0x8002,0x8001,0x8001,0x8001,0x8001,0x8001,0x8001,0x8001,0x8001,0x8001,
  0x8001,0x8001,0x8001,0x8001,0x8001,0x8001,0x8001,0x8002,0x8001,0x8001,0x8001,0x8001,0x8001,0x8001,0x8044,0x8001,
  0x8001,0x8001,0x8002,0x8001,0x8001,0x8001,0x8001,0x8001,0x8001,0x8023,0x8001,0x8001,0x8001,0x8001,0x8023,0x8001,
  0x8001,0x8001,0x8023,0x8001,0x8002,0x8001,0x8023,0x914D,0x8002,0x8022,0x8022,0x8024,0x8002,0x8046,0x8022,0x8087,
  0x8003,0x8044,0x8044,0x8023,0x8024,0x8023,0x8023,0x8023,0x8022,0x8023,0x8022,0x8044,0x8045,0xAB5D,0x8003,0x8023,
  0x8023,0x8001,0x8022,0x8001,0x8001,0x8024,0x8001,0x8023,0x8001,0x8001,0x8001,0x8002,0x8001,0x8001,0x8002,0x8001,
  0x8001,0x8001,0x8001,0x8001,0x8002,0x8001,0x8001,0x8001,0x8001,0x8001,0x8001,0x8001,0x8001,0x8001,0x8001,0x8001,
  0x8001,0x8001,0x8022,0x8001,0x8444,0x8001,0x8001,0x8422,0x8001,0x8002,0x8022,0x8022,0x8022,0x8001,0x8022,0x8021,
  0x8022,0x8002,0x8001,0x8001,0x8001,0x8001,0x8001,0x8001,0x8001,0x8001,0x8002,0x8001,0x8001,0x8001,0x8001,0x8001,
  0x8001,0x8001,0x8001,0x8001,0x8001,0x8001,0x8001,0x8001,0x8022,0x8001,0x8001,0x8001,0x8001,0x8001,0x8002,0x8001,
  0x8001,0x8022,0x8001,0x8422,0x8001,0x8001,0x8001,0x8001,0x8001,0x8022,0x8022,0x8002,0x8002,0x8023,0x8002,0x8001,
  0x8022,0x8001,0x8001,0x8001,0x8001,0x8001,0x8001,0x8002,0x8001,0x8001,0x8001,0x8001,0x8022,0x8001,0x8024,0x8022,
  0x8022,0x8023,0x8045,0x8002,0x8022,0x8044,0x8023,0x8044,0x8023,0x8068,0x8023,0x8022,0x8022,0x8001,0x8023,0x8001,
  0x8023,0x8001,0x8001,0x8023,0x8045,0x8024,0x8066,0x84A9,0x8067,0x9D92,0x8088,0x9150,0x80AA,0x8D0C,0x8489,0x88ED,
  0x88AA,0x912E,0x8088,0x88CB,0x90EB,0x8046,0x8023,0x8024,0x8045,0x8045,0x8001,0x910D,0x8046,0x8023,0x8066,0x8045,
  0x84A9,0x8023,0x8488,0x8024,0x8024,0x8023,0x8445,0x90A8,0x8044,0x8043,0x8045,0x8002,0x8C87,0x8044,0x8045,0x8066,
  0x8002,0x8466,0x8001,0x8865,0x8044,0x8043,0x8023,0x8022,0x8001,0x8002,0x8001,0x8022,0x8001,0x8002,0x8001,0x8022,
  0x8001,0x8066,0x8001,0x8002,0x8002,0x8024,0x8023,0x8002,0x8022,0x8422,0x8021,0x8442,0x8C63,0x9CA4,0xAD04,0xE6CF,
  0xFFDA,0xEA6B,0xA0A3,0x8842,0x8442,0x8022,0x8001,0x8022,0x8001,0x8001,0x8422,0x8001,0x8002,0x8001,0x8002,0x8022,
  0x8001,0x8001,0x8002,0x8001,0x8001,0x8001,0x8001,0x8001,0x8001,0x8001,0x8001,0x8001,0x8001,0x8002,0x8002,0x8002,
  0x8001,0x8001,0x8001,0x8001,0x8001,0x8001,0x8022,0x8002,0x8001,0x8001,0x8001,0x8001,0x8001,0x8001,0x8001,0x8001,
  0x8001,0x8001,0x8001,0x8001,0x8001,0x8022,0x8023,0x8001,0x8002,0x8001,0x8023,0x8002,0x8001,0x8002,0x8001,0x8002,
  0x8023,0x8023,0x8022,0x8003,0x8045,0x8024,0x8023,0x8087,0x8023,0x8066,0x8002,0x8023,0x8023,0x8002,0x8045,0x8002,
  0x8022,0x8022,0x8045,0x8001,0x8023,0x8022,0x8002,0x8001,0x8001,0x8043,0x8001,0x8001,0x8001,0x8001,0x8001,0x8001,
  0x8002,0x8002,0x8001,0x8001,0x8001,0x8001,0x8001,0x8001,0x8023,0x8001,0x8001,0x8002,0x8023,0x8001,0x8001,0x8023,
  0x8001,0x8002,0x8022,0x8001,0x8022,0x8022,0x8001,0x8022,0x8001,0x8001,0x8001,0x8001,0x8001,0x8002,0x8002,0x8002,
  0x8021,0x8422,0x8001,0x8001,0x8002,0x8001,0x8001,0x8001,0x8001,0x8001,0x8022,0x8001,0x8001,0x8001,0x8001,0x8001,
  0x8001,0x8001,0x8002,0x8001,0x8001,0x8001,0x8001,0x8001,0x8001,0x8001,0x8002,0x8001,0x8001,0x8001,0x8001,0x8001,
  0x8001,0x8001,0x8001,0x8001,0x8002,0x8002,0x8001,0x8001,0x8002,0x8001,0x8001,0x8002,0x8001,0x8001,0x8001,0x8001,
  0x9486,0x8001,0x8001,0x8001,0x8022,0x8001,0x8002,0x8001,0x8001,0x8001,0x8001,0x8002,0x8001,0x8001,0x8192,0x8001,
  0x8001,0x8022,0x8001,0x8023,0x8001,0x8001,0x8023,0x8003,0x8023,0x8065,0x8000,0x8466,0x8022,0x8001,0x8002,0x8002,
  0x8022,0x8002,0x8021,0x8001,0x8001,0x8023,0x8002,0x8044,0x8001,0x8000,0x8000,0x8045,0x8023,0x8488,0x88EC,0x8024,
  0x9594,0x8025,0x9150,0x8067,0x8D0D,0x8089,0x8D0D,0x8089,0x84AA,0x84CB,0x88AA,0x8045,0x8066,0x88CA,0x8466,0x8022,
  0x8046,0x8045,0x8044,0x8045,0x8023,0x8487,0x8024,0x8066,0x8047,0x8067,0x8088,0x8088,0x88AA,0x8024,0x8022,0x8002,
  0x8000,0x8023,0x8000,0x8866,0x8887,0x8045,0x8045,0x8002,0x8044,0x8002,0x8C86,0x8023,0x8023,0x8022,0x8001,0x8001,
  0x8045,0x8002,0x8022,0x8022,0x8001,0x8001,0x8001,0x8001,0x8001,0x8001,0x8001,0x8002,0x8002,0x8002,0x8002,0x8022,
  0x8022,0x8021,0x8422,0x8422,0x8421,0x8400,0xFFB2,0x8820,0x8421,0x8842,0x8022,0x8001,0x8022,0x8001,0x8002,0x8001,
  0x8001,0x8002,0x8001,0x8001,0x8001,0x8001,0x8001,0x8001,0x8002,0x8001,0x8001,0x8001,0x8001,0x8001,0x8445,0x8001,
  0x8001,0x8001,0x8001,0x8022,0x8001,0x8002,0x8001,0x8001,0x8001,0x8001,0x8001,0x8022,0x8023,0x8001,0x8001,0x8001,
  0x8001,0x8001,0x8001,0x8001,0x8001,0x8002,0x8002,0x8001,0x8001,0x8001,0x8001,0x8022,0x8022,0x8002,0x8002,0x8002,
  0x8023,0x8002,0x8022,0x8022,0x8022,0x8022,0x8023,0x8002,0x8023,0x8002,0x8046,0x8023,0x8044,0x8066,0x8066,0x8046,
  0x8023,0x8023,0x8023,0x8023,0x8023,0x8022,0x8023,0x8023,0x8023,0x8024,0x8024,0x8002,0x8002,0x8023,0x8002,0x8022,
  0x8022,0x8001,0x8001,0x8001,0x8002,0x8001,0x8002,0x8001,0x8001,0x8001,0x8001,0x8001,0x8022,0x8001,0x8044,0x8001,
  0x8002,0x8022,0x8023,0x8001,0x8022,0x8022,0x8001,0x8002,0x8002,0x8002,0x8001,0x8002,0x8001,0x8022,0x8001,0x8423,
  0x8001,0x8001,0x8001,0x8002,0x8002,0x8002,0x8022,0x8022,0x8022,0x8022,0x8002,0x8001,0x8001,0x8001,0x8001,0x8001,
  0x8023,0x8001,0x8002,0x8002,0x8001,0x8001,0x8001,0x8002,0x8022,0x8001,0x8002,0x8001,0x8001,0x8001,0x8001,0x8001,
  0x8022,0x8001,0x8001,0x8001,0x8022,0x8001,0x8001,0x8001,0x8001,0x8001,0x8002,0x8002,0x8001,0x8001,0x8022,0x8001,
  0x8001,0x8001,0x8002,0x8001,0x8022,0x8001,0x8444,0x8022,0x8002,0x8001,0x8023,0x8022,0x8022,0x8002,0x8001,0x8001,
  0x8001,0x8022,0x8001,0x8001,0x8002,0x8022,0x8002,0x8022,0x8022,0x8024,0x8023,0x8002,0x8022,0x8003,0x8024,0x8022,
  0x8001,0x88A9,0x8023,0x8001,0x8001,0x8002,0x8022,0x8001,0x8022,0x8001,0x8001,0x8023,0x8001,0x8023,0x8002,0x8002,
  0x8001,0x8045,0x8065,0x8488,0x88CB,0x8066,0x892F,0x8044,0x910D,0x8067,0x88EB,0x8067,0x88ED,0x8067,0x84AA,0x88CA,
  0x8488,0x8045,0x8045,0x8088,0x8066,0x8024,0x8045,0x84AA,0x8023,0x8067,0x84AA,0x8045,0x8487,0x84A9,0x8087,0x84A8,
  0x8488,0x8067,0x8087,0x8487,0x8023,0x8002,0x8001,0x8022,0x8023,0x8023,0x8044,0x8023,0x8045,0x8023,0x8044,0x8022,
  0x8444,0x8002,0x8022,0x8022,0x8001,0x8002,0x8023,0x8001,0x8023,0x8001,0x8001,0x8001,0x8002,0x8001,0x8001,0x8001,
  0x8001,0x8001,0x8002,0x8022,0x8001,0x8022,0x8022,0x8022,0x8442,0x8422,0x8422,0x8821,0xF2EE,0x8C63,0x8842,0x8442,
  0x8022,0x8001,0x8022,0x8002,0x8001,0x8002,0x8022,0x8002,0x8001,0x8001,0x8001,0x8001,0x8001,0x8001,0x8001,0x8001,
  0x8001,0x8001,0x8002,0x8001,0x8CEB,0x8002,0x8001,0x8001,0x8001,0x8002,0x8001,0x8001,0x8001,0x8001,0x8001,0x8001,
  0x8001,0x8002,0x8022,0x8001,0x8002,0x8002,0x8001,0x8001,0x8001,0x8001,0x8002,0x8002,0x8002,0x8001,0x8001,0x8001,
  0x8002,0x8001,0x8002,0x8022,0x8002,0x8022,0x8001,0x8001,0x8023,0x8001,0x8023,0x8022,0x8002,0x8001,0x8024,0x8001,
  0x8065,0x8001,0x8067,0x8023,0x8068,0x8023,0x80AA,0x8002,0x8023,0x8044,0x8001,0x8044,0x8002,0x8024,0x8002,0x8022,
  0x8023,0x8023,0x8001,0x8044,0x8001,0x8001,0x8023,0x8001,0x8023,0x8001,0x8022,0x8001,0x8002,0x8002,0x8022,0x8001,
  0x8001,0x8002,0x8002,0x8002,0x8044,0x8001,0x8002,0x8022,0x8002,0x8001,0x8022,0x8022,0x8022,0x8002,0x8001,0x8001,
  0x8001,0x8001,0x8001,0x8022,0x8001,0x8865,0x8001,0x8002,0x8001,0x8022,0x8001,0x8001,0x8022,0x8002,0x8002,0x8001,
  0x8001,0x8001,0x8001,0x8001,0x8001,0x8001,0x8001,0x8002,0x8022,0x8001,0x8001,0x8001,0x8002,0x8021,0x8002,0x8002,
  0x8002,0x8001,0x8002,0x8001,0x8001,0x8001,0x8001,0x8001,0x8001,0x8001,0x8001,0x8001,0x8001,0x8001,0x8001,0x8001,
  0x8001,0x8001,0x8001,0x8002,0x8022,0x8001,0x8001,0x8001,0x8002,0x8002,0x8023,0x8001,0x8002,0x8023,0x8001,0x8001,
  0x8045,0x8001,0x8023,0x8001,0x8001,0x8001,0x8002,0x8023,0x8001,0x8001,0x8022,0x8002,0x8022,0x8001,0x8022,0x8002,
  0x84A8,0x8044,0x8022,0x8024,0x8044,0x8000,0x8001,0x8466,0x8001,0x8002,0x8001,0x8024,0x8001,0x8001,0x8001,0x8002,
  0x8002,0x8023,0x8045,0x8022,0x84A7,0x8067,0x8023,0x8001,0x8044,0x8023,0x8044,0x8044,0x8487,0x890D,0x8088,0x914F,
  0x8089,0x8046,0x88ED,0x8002,0x8467,0x8487,0x8045,0x8067,0x8088,0x8046,0x912E,0x8065,0x8023,0x910D,0x8001,0x8046,
  0x8D2F,0x8024,0x84EC,0x9571,0x80CC,0x84CB,0x84A9,0x8045,0x8023,0x88A8,0x8000,0x8001,0x8002,0x8002,0x8466,0x8001,
  0x8044,0x8001,0x8023,0x8023,0x8023,0x8023,0x8045,0x8023,0x8001,0x8465,0x8001,0x8003,0x8001,0x8002,0x8023,0x8002,
  0x8001,0x8001,0x8001,0x8001,0x8001,0x8001,0x8001,0x8001,0x8022,0x8002,0x8001,0x8022,0x8022,0x8022,0x8022,0x8422,
  0x8843,0x8421,0xB945,0x8442,0x8842,0x8022,0x8022,0x8022,0x8001,0x8002,0x8001,0x8002,0x8001,0x8002,0x8001,0x8001,
  0x8001,0x8001,0x8001,0x8002,0x8002,0x8001,0x8001,0x8001,0x8001,0x8001,0x8001,0x8001,0x8001,0x8001,0x8001,0x8001,
  0x8001,0x8001,0x8002,0x8001,0x8002,0x8022,0x8001,0x8001,0x8001,0x8001,0x8001,0x8002,0x8001,0x8421,0x8002,0x8002,
  0x8001,0x8001,0x8001,0x8001,0x8001,0x8001,0x8001,0x8001,0x8023,0x8002,0x8001,0x8001,0x8001,0x8001,0x8001,0x8001,
  0x8002,0x8001,0x8002,0x8022,0x8001,0x8023,0x8001,0x8045,0x8023,0x8068,0x8022,0x8067,0x8024,0x8046,0x8044,0x8022,
  0x8044,0x8001,0x8023,0x8002,0x8023,0x8023,0x8002,0x8002,0x8002,0x8001,0x8023,0x8001,0x8001,0x8022,0x8001,0x8001,
  0x8001,0x8022,0x8022,0x8002,0x8002,0x8001,0x8024,0x8001,0x8001,0x8044,0x8001,0x8001,0x8022,0x8002,0x8022,0x8002,
  0x8022,0x8022,0x8002,0x8023,0x8001,0x8001,0x8001,0x8001,0x8001,0x8001,0x8001,0x8001,0x8002,0x8001,0x8000,0x8022,
  0x8001,0x8001,0x8001,0x8001,0x8001,0x8001,0x8001,0x8001,0x8001,0x8001,0x8001,0x8001,0x8001,0x8001,0x8001,0x8001,
  0x8001,0x8022,0x8001,0x8821,0x8842,0x8401,0x8001,0x8001,0x8022,0x8001,0x8001,0x8002,0x8001,0x8001,0x8001,0x8001,
  0x8001,0x8022,0x8001,0x8001,0x8001,0x8001,0x8002,0x8002,0x8044,0x8001,0x8001,0x8022,0x8023,0x8001,0x8001,0x8001,
  0x8001,0x8001,0x8001,0x8002,0x8001,0x8001,0x8002,0x8002,0x8047,0x8002,0x8002,0x8001,0x8002,0x8001,0x8002,0x8022,
  0x8001,0x8001,0x8001,0x8001,0x8002,0x8044,0x8001,0x8002,0x8002,0x8001,0x8023,0x8066,0x8002,0x8022,0x8044,0x8001,
  0x8023,0x8002,0x8023,0x8022,0x8002,0x8002,0x8023,0x8022,0x8045,0x8023,0x8044,0x8022,0x8023,0x8067,0x8023,0x8023,
  0x8023,0x8067,0x8024,0x8067,0x84ED,0x8088,0x8088,0x84AA,0x8025,0x8088,0x99D2,0x8089,0x80AA,0x8066,0x8089,0x84AA,
  0x8088,0x8023,0x8CCA,0x8022,0x8045,0x8CEC,0x8066,0x84AA,0x8068,0x84AA,0x954E,0x88CB,0x8CCA,0x8CCA,0x8025,0x8000,
  0x8466,0x8000,0x8002,0x8002,0x8023,0x8044,0x8023,0x8466,0x8002,0x8045,0x90A6,0x8002,0x8022,0x8023,0x8466,0x8002,
  0x8445,0x8CA7,0x8022,0x8022,0x8001,0x8023,0x8001,0x8001,0x8024,0x8001,0x8001,0x8001,0x8001,0x8001,0x8000,0x8002,
  0x8022,0x8001,0x8001,0x8001,0x8022,0x8022,0x8422,0x8422,0x9083,0x8442,0x8022,0x8022,0x8002,0x8002,0x8001,0x8022,
  0x8022,0x8002,0x8001,0x8022,0x8001,0x8001,0x8002,0x8001,0x8001,0x8002,0x8001,0x8001,0x8001,0x8001,0x8022,0x8002,
  0x8002,0x8001,0x8001,0x8002,0x8002,0x8001,0x8001,0x8001,0x8001,0x8002,0x8001,0x8001,0x8001,0x8001,0x8001,0x8001,
  0x8001,0x8001,0x8000,0xACE2,0x8001,0x8022,0x8022,0x8001,0x8001,0x8001,0x8001,0x8001,0x8001,0x8001,0x8001,0x8022,
  0x8001,0x8001,0x8001,0x8001,0x8002,0x8044,0x8001,0x8022,0x8023,0x8001,0x8022,0x8001,0x8087,0x8002,0x8066,0x8066,
  0xD6F5,0x8002,0x8088,0x8002,0x8045,0x8087,0x8001,0x8045,0x8002,0x8044,0x8023,0x8045,0x8002,0x8002,0x8066,0x8022,
  0x8001,0x8001,0x8024,0x8001,0x8022,0x8001,0x8045,0x8001,0x8002,0x8022,0x8001,0x8002,0x84A9,0x8001,0x8022,0x8002,
  0x8001,0x8023,0x8001,0x8001,0x8044,0x8001,0x8024,0x8001,0x8024,0x8001,0x8044,0x8001,0x8022,0x8023,0x8001,0x8023,
  0x8023,0x8002,0x8022,0x8001,0x8C63,0x8002,0x8001,0x8001,0x8022,0x8022,0x8001,0x8001,0x8001,0x8001,0x8001,0x8001,
  0x8001,0x8001,0x8001,0x8001,0x8001,0x8001,0x8422,0x8022,0x9483,0xAD26,0xBDCB,0x9063,0x8022,0x8001,0x8001,0x8001,
  0x8001,0x8022,0x8001,0x8002,0x8001,0x8001,0x8002,0x8022,0x8001,0x8001,0x8001,0x8443,0x8002,0x8002,0x8002,0x8001,
  0x9CE9,0x8023,0x8001,0x8001,0x8001,0x8001,0x8001,0x8001,0x8002,0x8023,0x8001,0x8022,0x8001,0x8045,0xAFBF,0x8002,
  0x8045,0x8002,0x8001,0x8001,0x8023,0x8488,0x8001,0x8001,0x8001,0x8001,0x8001,0x8001,0x8066,0x8001,0x8022,0x8044,
  0x8023,0x8022,0x8002,0x8044,0x8001,0x8044,0x8001,0x8442,0x8002,0x8001,0x8022,0x8023,0x8001,0x8843,0x8001,0x8044,
  0xAD8D,0x8001,0x8024,0x8001,0x8044,0x8023,0x8002,0x8088,0x8024,0x8045,0x8089,0x8003,0x8D2E,0x8046,0x88CA,0x8046,
  0x8067,0x8089,0x84AA,0x8046,0x890D,0x8046,0x84CC,0x8045,0x8024,0x8488,0x84AA,0x8067,0x80CC,0x8D2F,0x8088,0x84CB,
  0x90EA,0xA5B0,0x88A9,0x8024,0x8887,0x8000,0x910D,0x8002,0x8023,0x8001,0x8044,0x8001,0x8066,0x8023,0x8466,0x8066,
  0x94C8,0x8066,0x8045,0x8065,0x8023,0x8866,0x8023,0x8000,0x8066,0x8001,0x8044,0x8001,0x8001,0x950D,0x8002,0x8001,
  0x8001,0x8001,0x8001,0x8001,0x8150,0x8022,0x8002,0x8002,0x8022,0x8442,0x8021,0x8022,0x8422,0x8022,0x8843,0x8022,
  0x8022,0x8001,0x8022,0x8001,0x8002,0x8022,0x8002,0x8002,0x8001,0x8001,0x8001,0x8001,0x8002,0x8002,0x8002,0x8001,
  0x8001,0x8002,0x8001,0x8001,0x8002,0x8001,0x8044,0x8002,0x8002,0x8001,0x8001,0x8002,0x8001,0x8001,0x8001,0x8001,
  0x8001,0x8001,0x8023,0x8022,0x8001,0x8022,0x8023,0x8022,0xB946,0xFFFD,0xB105,0x8022,0x8001,0x8022,0x8001,0x8022,
  0x8023,0x8001,0x8001,0x8002,0x8046,0x8001,0x8001,0x8001,0x8023,0x8001,0x8023,0x8001,0x8001,0x8022,0x8023,0x8001,
  0x8045,0x8023,0x8001,0x8023,0x8024,0x8067,0x8024,0x8046,0x8022,0x8067,0x8044,0x8024,0x8066,0x8024,0x8002,0x8045,
  0x8045,0x8022,0x8045,0x8024,0x8022,0x8002,0x8044,0x8022,0x8000,0x8046,0x8001,0x8044,0x8002,0x8024,0x8022,0x8022,
  0x8023,0x8002,0x8001,0x8023,0x8001,0x8001,0x8045,0x8001,0x8023,0x8044,0x8002,0x8022,0x8044,0x8001,0x8044,0x8002,
  0x8001,0x8022,0x8002,0x8001,0x8001,0x8022,0x8022,0x8001,0x8022,0x8001,0x8002,0x8002,0x8001,0x8001,0x8001,0x8001,
  0x8001,0x8001,0x8001,0x8001,0x8001,0x8001,0x8001,0x8001,0x8001,0x8001,0x8001,0x8001,0x8001,0x8001,0x8001,0x8021,
  0x8421,0x8001,0x8001,0x8001,0x8001,0x8001,0x8001,0x8001,0x8001,0x8001,0x8001,0x8044,0x8001,0x8022,0x8022,0x8001,
  0x8022,0x8002,0x8022,0x8002,0x8001,0x8001,0x8001,0x8001,0x8002,0x8002,0x8001,0x8001,0x8001,0x8001,0x8002,0x8002,
  0x8002,0x8002,0x8001,0x8001,0x8047,0x8002,0x8001,0x8001,0x8001,0x8001,0x8001,0x8023,0x8001,0x8001,0x8001,0x8001,
  0x8023,0x8002,0x8002,0x8001,0x8001,0x8043,0x8002,0x8002,0x8001,0x8002,0x8023,0x8001,0x8022,0x8002,0x8022,0x8002,
  0x8022,0x8002,0x8422,0x8001,0x8065,0x8002,0x8022,0x8022,0x8022,0x8022,0x8022,0x8066,0x8488,0x8001,0x84AA,0x8023,
  0x8067,0x88CB,0x8003,0x8068,0x8046,0x8089,0x84CC,0x84AA,0x8025,0x84A9,0x8067,0x84A9,0x8024,0x8025,0x9572,0x8024,
  0x88EC,0x88CA,0x9150,0x99B2,0x84AA,0x9DB3,0x88AA,0x84EC,0x84CB,0x88CB,0x8024,0x8CCA,0x8045,0x8067,0x8023,0x8000,
  0x8487,0x8023,0x8022,0x8044,0x8C86,0x8045,0x94C8,0x8887,0x90A8,0x8486,0x8466,0x8044,0x8445,0x8023,0x8065,0x8001,
  0x8002,0x8066,0x8001,0x8045,0x8002,0x8002,0x8023,0x8001,0x8001,0x8001,0x8001,0x8002,0x8002,0x8022,0x8022,0x8001,
  0x8422,0x8022,0x8002,0x8022,0x8022,0x8022,0x8022,0x8022,0x8002,0x8002,0x8001,0x8001,0x8001,0x8001,0x8001,0x8023,
  0x8001,0x8001,0x8001,0x8001,0x8001,0x8002,0x8001,0x8001,0x8001,0x8022,0x8001,0x8001,0x8002,0x8002,0x8001,0x8001,
  0x8002,0x8002,0x8001,0x8001,0x8022,0x8001,0x8001,0x8001,0x8001,0x8001,0x8001,0x8001,0x8002,0x8002,0x8021,0xC125,
  0x8022,0x8022,0x8001,0x8001,0x8002,0x8001,0x8001,0x8001,0x8001,0x8002,0x8002,0x8002,0x8023,0x8022,0x8002,0x8001,
  0x8001,0x8001,0x8002,0x8022,0x8001,0x8022,0x8001,0x8024,0x8024,0x8001,0x8046,0x8000,0x8067,0x8002,0x8067,0x8022,
  0x8022,0x8024,0x8023,0x8046,0x8045,0x8045,0x8023,0x8045,0x8022,0x8022,0x8066,0x8023,0x8023,0x8001,0x8045,0x8001,
  0x8001,0x8001,0x8022,0x8001,0x8002,0x8023,0x8001,0x8045,0x8022,0x8001,0x8024,0x8002,0x8001,0x8045,0x8022,0x8002,
  0x8022,0x8045,0x8001,0x8066,0x8001,0x8001,0x8044,0x8001,0x8022,0x8023,0x8002,0x8001,0x8002,0x8001,0x8001,0x8022,
  0x8001,0x8001,0x8001,0x8001,0x8001,0x8023,0x8022,0x8001,0x8001,0x8001,0x8001,0x8002,0x8001,0x8002,0x8002,0x8001,
  0x8022,0x8001,0x8001,0x8001,0x8001,0x8022,0x8022,0x8001,0x8001,0x8001,0x8001,0x8001,0x8001,0x8001,0x8001,0x8001,
  0x8001,0x8001,0x8002,0x8022,0x8000,0x8822,0x8001,0x8001,0x8466,0x8001,0x8001,0x8001,0x8001,0x8001,0x8001,0x8001,
  0x8002,0x8001,0x8001,0x8002,0x8002,0x8002,0x8001,0x8001,0x8001,0x8001,0x8022,0x8001,0x8001,0x8001,0x8001,0x8001,
  0x8001,0x8001,0x8001,0x8001,0x8001,0x8001,0x8001,0x8023,0x8001,0x8044,0x8001,0x8001,0x8001,0x8001,0x8023,0x8002,
  0x8023,0x8022,0x8022,0x8022,0x8002,0x8002,0x8022,0x8022,0x8443,0x8002,0x8043,0x8022,0x8044,0x8864,0x8044,0x8024,
  0x8044,0x8022,0x8000,0x8089,0x8022,0x808A,0x8066,0x8001,0x84A9,0x8002,0x890D,0x8024,0x84AA,0x8489,0x8D0C,0x8087,
  0x8D2F,0x8067,0x84CC,0x8D2E,0x8066,0x80AA,0x8467,0x8D4F,0x8D2E,0x84A8,0x954F,0x8D0C,0x9172,0x84AA,0x8CEB,0x8487,
  0x8CC9,0x8024,0x8045,0x8023,0x8001,0x8066,0x8022,0x8044,0x8466,0x8CA8,0x8024,0x8886,0xC987,0x94A7,0x8444,0xA12B,
  0x8045,0x8045,0x8023,0x8001,0x8045,0x8001,0x8022,0x8022,0x8022,0x8021,0x8022,0x8488,0x8001,0x8022,0x8002,0x8001,
  0x8154,0x8002,0x8001,0x8C43,0x8001,0x8022,0x8022,0x8022,0x8022,0x8001,0x8442,0x8022,0x8001,0x8022,0x8001,0x8022,
  0x8002,0x8001,0x8001,0x8001,0x8001,0x8022,0x8022,0x8001,0x8001,0x8001,0x8002,0x8023,0x8069,0x8022,0x8002,0x8022,
  0x8002,0x8002,0x8001,0x8001,0x8001,0x8023,0x8023,0x8002,0x8002,0x8002,0x8002,0x8001,0x8002,0x8002,0x8001,0x8022,
  0x8002,0x8001,0x8021,0x8001,0x8022,0x8443,0x8001,0x8002,0x8001,0x8001,0x8001,0x8002,0x8022,0x8001,0x8044,0x8001,
  0x8001,0x8023,0x8001,0x8001,0x8002,0x8002,0x8001,0x8422,0x8002,0x8022,0x8002,0x8022,0x8001,0x8001,0x8001,0x8068,
  0x8001,0x8045,0x8001,0x8489,0x8000,0x8044,0x8044,0x8002,0x8024,0x8022,0x8087,0x8002,0x8066,0x8088,0x8024,0x8044,
  0x8022,0x8488,0x8001,0x8024,0x8001,0x8002,0x8002,0x8002,0x8045,0x8022,0x8022,0x8023,0x8045,0x8001,0x8023,0x8023,
  0x8022,0x8023,0x8045,0x8022,0x8044,0x8045,0x8044,0x8001,0x8044,0x8023,0x8001,0x8045,0x8001,0x8022,0x8022,0x8022,
  0x8001,0x8001,0x8022,0x8001,0x8002,0x8001,0x8002,0x8001,0x8001,0x8001,0x8001,0x8001,0x8002,0x8022,0x8002,0x8002,
  0x8001,0x8001,0x8001,0x8002,0x8022,0x8002,0x8022,0x8001,0x8001,0x8001,0x8001,0x8001,0x8002,0x8002,0x8001,0x8001,
  0x8001,0x8001,0x8001,0x8001,0x8001,0x8001,0x8001,0x8001,0x8022,0x8022,0x8022,0x8022,0x8001,0x8002,0x8022,0x8001,
  0x8002,0x8001,0x8001,0x8002,0x8001,0x8001,0x8002,0x8001,0x8001,0x8001,0x8001,0x8023,0x8001,0x8001,0x8002,0x8001,
  0x8001,0x8001,0x8001,0x8001,0x8001,0x8023,0x8001,0x8001,0x8001,0x8001,0x8001,0x8001,0x8002,0x8001,0x8022,0x8002,
  0x8002,0x8022,0x8022,0x9084,0x8001,0x8023,0x8022,0x8022,0x8022,0x9CA4,0x8001,0x8022,0x8022,0x8022,0x8022,0x8443,
  0x8001,0x8465,0x8001,0x8044,0x8002,0x8045,0x8024,0x8066,0x8088,0x8022,0x8024,0x8023,0x8088,0x8024,0x8024,0x8067,
  0x8025,0x8066,0x8088,0x8067,0x8045,0x84EC,0x9150,0x8025,0x9572,0x8066,0x84CB,0x8044,0x8D0E,0x8066,0x88EC,0x90CA,
  0x88EC,0xB6D8,0x88A9,0x994D,0x8CEC,0x8D2F,0x8CCA,0x8067,0x8023,0x8022,0x8002,0x8001,0x8022,0x8066,0x8466,0x8887,
  0x8865,0x9083,0xFBB8,0x8C43,0x8C85,0x8023,0x8044,0x8024,0x8466,0x8045,0x8023,0x88A9,0x8001,0x8001,0x8D0C,0x8001,
  0x8044,0x8000,0x8044,0x8022,0x8022,0x8001,0x8001,0x8001,0x8001,0x8001,0x8001,0x8001,0x8843,0x8022,0x8001,0x8022,
  0x8022,0x8001,0x8002,0x8001,0x8022,0x8022,0x8022,0x8002,0x8001,0x8001,0x8001,0x8001,0x8001,0x8001,0x8022,0x8001,
  0x8047,0x80EC,0xB39F,0x808A,0x8002,0x8001,0x8024,0x8001,0x8001,0x8001,0x8001,0x8001,0x8001,0x8001,0x8022,0x8002,
  0x8002,0x8022,0x8001,0x8001,0x8044,0x8023,0x8001,0x8002,0x8044,0x8001,0x8001,0x8001,0x8001,0x8001,0x8001,0x8001,
  0x8023,0x8001,0x8001,0x8002,0x8044,0x8001,0x8002,0x8002,0x8001,0x8444,0x8001,0x8001,0x8022,0x8002,0x8022,0x8022,
  0x8002,0x8002,0x8C63,0x8001,0x8002,0x8001,0x8045,0x8002,0x8023,0x8001,0x8045,0x8001,0x8023,0x8045,0x8001,0x8045,
  0x8024,0x8024,0x8046,0x8045,0x8023,0x8023,0x8066,0x8002,0x8045,0x8001,0x8023,0x8044,0x8002,0x8001,0x8023,0x8024,
  0x8023,0x8022,0x8022,0x8022,0x8022,0x8045,0x8001,0x8067,0x8022,0x8023,0x8023,0x8024,0x8066,0x8045,0x8023,0x8066,
  0x8001,0x8022,0x8045,0x8001,0x8002,0x8022,0x8001,0x8001,0x8001,0x8022,0x8002,0x8001,0x8001,0x8001,0x8001,0x8001,
  0x8001,0x8001,0x8001,0x8001,0x8044,0x8023,0x8001,0x8001,0x8001,0x9B3F,0x8022,0x8001,0x8024,0x8001,0x8001,0x8001,
  0x8001,0x8001,0x8001,0x8001,0x8001,0x8001,0x8001,0x8001,0x8001,0x8001,0x8001,0x8002,0x8001,0x8002,0x8022,0x8022,
  0x8022,0x8022,0x8001,0x8001,0x8001,0x8001,0x8001,0x8001,0x8001,0x8001,0x8001,0x8001,0x8001,0x8001,0x8001,0x8001,
  0x8001,0x8002,0x8001,0x8001,0x8023,0x8001,0x8001,0x8001,0x8002,0x8001,0x8001,0x8022,0x8001,0x8001,0x8001,0x8001,
  0x8001,0x8000,0x8002,0x8001,0x8022,0x8001,0x8022,0x8002,0x8002,0x8002,0x8022,0x8002,0x8022,0x8022,0x8022,0x8422,
  0x8422,0x8022,0x8022,0x8023,0x8022,0x8022,0x8022,0x8001,0x8045,0x8001,0x8022,0x8045,0x8044,0x8023,0x8087,0x8024,
  0x8002,0x8066,0x8002,0x8024,0x84CB,0x8045,0x84AB,0x8045,0x84CC,0x84AA,0x8046,0x84CA,0x8045,0x8088,0x8068,0x8045,
  0x9592,0x8045,0x8046,0x8D0D,0x88CC,0x84ED,0x8088,0xD37C,0x8CCB,0x910C,0x8CC9,0x8023,0x8887,0x8044,0x8467,0x8001,
  0x8024,0x8066,0x8023,0x8486,0x90C9,0x8887,0xCDCA,0xFBB7,0xFFFC,0xFF73,0xB947,0x8886,0x8C86,0x9CE7,0x8043,0x8044,
  0x8001,0x9551,0x8001,0x8001,0x8023,0x8002,0x8001,0x8001,0x8022,0x8022,0x8022,0x8002,0x8001,0x8001,0x8001,0x8001,
  0x8001,0x8001,0x8001,0x8001,0x8022,0x8001,0x8001,0x8001,0x8022,0x8001,0x8422,0x8001,0x8001,0x8024,0x80ED,0x8001,
  0x8001,0x8001,0x8001,0x8001,0x8001,0x8001,0x8002,0x8003,0x80AB,0x8002,0x8001,0x8022,0x8001,0x8001,0x8001,0x8001,
  0x8001,0x8001,0x8001,0x8001,0x8001,0x8001,0x8002,0x8001,0x8022,0x8022,0x8002,0x8001,0x8001,0x8001,0x8001,0x8001,
  0x8001,0x8022,0x8022,0x8001,0x8044,0x8001,0x8022,0x8001,0x8001,0x8001,0x8001,0x8002,0x8023,0x8022,0x8022,0x8022,
  0x8001,0x8022,0x8001,0x8843,0x8002,0x8022,0x8022,0x8001,0x8001,0x8001,0x8022,0x8001,0x8002,0x8022,0x8001,0x8045,
  0x8000,0x8044,0x8044,0x8001,0x8045,0x8002,0x8023,0x8024,0x8046,0x8023,0x8066,0x8045,0x8001,0x8087,0x8002,0x8002,
  0x8045,0x8001,0x8001,0x8044,0x8001,0x8023,0x8023,0x8023,0x8065,0x8001,0x8046,0x8023,0x8046,0x8023,0x8023,0x8488,
  0x8023,0x8045,0x8487,0x8022,0x8067,0x8002,0x8088,0x8001,0x8022,0x8001,0x8001,0x8001,0x8066,0x8001,0x8044,0x8001,
  0x8002,0x8022,0x8001,0x8001,0x8001,0x8001,0x8022,0x8023,0x8001,0x8001,0x8001,0x8001,0x8002,0x8022,0x8001,0x8001,
  0x8001,0x8001,0x8022,0x8001,0x8001,0x8001,0x8001,0x8001,0x8001,0x8002,0x8001,0x8022,0x8001,0x8001,0x8001,0x8001,
  0x8001,0x8022,0x8001,0x8002,0x8001,0x8001,0x8022,0x8001,0x8022,0x8001,0x8002,0x8001,0x8001,0x8001,0x8001,0x8001,
  0x8002,0x8001,0x8021,0x8001,0x8001,0x8001,0x8001,0x8022,0x8001,0x8001,0x8001,0x8001,0x8002,0x8002,0x8002,0x8001,
  0x8001,0x8022,0x8001,0x8001,0x8001,0x8001,0x8001,0x8639,0x8001,0x8001,0x8001,0x8022,0x8001,0x8001,0x8002,0x8022,
  0x8022,0x8022,0x8022,0x8442,0x8021,0xB0E3,0x8022,0x8442,0x8443,0x8022,0x8022,0x8022,0x8001,0x8044,0x8002,0x8022,
  0x9D4E,0x8001,0x8022,0x8022,0x8024,0x8022,0x8088,0x8000,0x8088,0x8D0F,0x8000,0x84CB,0x8001,0x8D2E,0x8088,0x84CA,
  0x8D50,0x8089,0x890D,0x8045,0x850F,0x8068,0x8045,0x8D2F,0x8487,0xA216,0x9192,0x84A9,0x9DF6,0x8066,0x952E,0x8045,
  0x8065,0x8023,0xA192,0x8001,0x8488,0x8045,0x84A9,0x8044,0x8022,0x8023,0x8044,0x8887,0x8044,0x94C7,0xFB31,0x90C8,
  0x8886,0x8886,0x8886,0x8045,0x8066,0x8002,0x8001,0x8001,0x8489,0x8044,0x8001,0x8022,0x88A9,0x8001,0x8022,0x8023,
  0x8023,0x8001,0x8002,0x8001,0x8001,0x8001,0x8466,0x8001,0x8001,0x8001,0x8001,0x8001,0x8843,0x8002,0x8001,0x8022,
  0x8001,0x8001,0x8001,0x8001,0x8001,0x8002,0x8001,0x8002,0x8001,0x8001,0x8001,0x8001,0x8001,0x8022,0x8022,0x8001,
  0x8001,0x8001,0x8001,0x8001,0x8001,0x8001,0x8001,0x8002,0x8002,0x8001,0x8002,0x8022,0x8002,0x8001,0x8001,0x8002,
  0x8001,0x8001,0x8002,0x8023,0x8001,0x8002,0x8001,0x8023,0x8001,0x8001,0x8001,0x8002,0x8022,0x8001,0x8001,0x8487,
  0x8001,0x8022,0x8022,0x8842,0x8001,0x8022,0x8022,0x8022,0x8442,0x8422,0x8422,0x8022,0x8022,0x8022,0x8001,0x8843,
  0x8001,0x8023,0x8001,0x8001,0x8066,0x8001,0x8045,0x8001,0x8022,0x8024,0x8001,0x8066,0x8001,0x8045,0x8023,0x8066,
  0x8023,0x8023,0x8087,0x8001,0x8045,0x8044,0x8001,0x8022,0x8044,0x8001,0x8045,0x8001,0x8022,0x8023,0x8002,0x8066,
  0x8022,0x8023,0x8045,0x8022,0x8066,0x8023,0x8066,0x8046,0x8067,0x8045,0x8022,0x8066,0x8001,0x8002,0x8022,0x8045,
  0x8002,0x8001,0x8001,0x8023,0x8001,0x8001,0x8022,0x8001,0x8002,0x8001,0x8001,0x8001,0x8002,0x8001,0x8465,0x8002,
  0x8001,0x8001,0x8001,0x8001,0x8001,0x8001,0x8001,0x8001,0x8023,0x8001,0x8001,0x8001,0x8001,0x8022,0x8022,0x8002,
  0x8002,0x8001,0x8001,0x8022,0x8001,0x8001,0x8001,0x8001,0x8001,0x8001,0x8022,0x8022,0x8001,0x8002,0x8001,0x8002,
  0x8022,0x8001,0x8001,0x8001,0x8001,0x8001,0x8001,0x8022,0x8022,0x8001,0x8022,0x8001,0x8001,0x8002,0x8001,0x8001,
  0x8002,0x8022,0x8001,0x8001,0x8001,0x8001,0x8001,0x8001,0xA94C,0x8001,0x8001,0x8001,0x8001,0x8002,0x8001,0x8001,
  0x8001,0x8001,0x8001,0x8001,0x8001,0x8002,0x8022,0x8022,0x8022,0x8001,0x8000,0xFBB1,0x8001,0x8422,0x8421,0x8021,
  0x8022,0x8022,0x8022,0x8044,0x8001,0x8022,0x8023,0x8002,0x8044,0x8023,0x8000,0x8067,0x8022,0x8067,0x8001,0x8001,
  0x9150,0x8001,0x8046,0x84AA,0x8068,0x84A9,0x9991,0x8088,0x8088,0x80AB,0x890F,0x8024,0x8D50,0x8044,0x8930,0x8067,
  0x9991,0x912E,0x9DD3,0x84ED,0x8066,0x8CCA,0x8488,0x8045,0x8024,0x8045,0x8066,0x8001,0x8022,0x88A9,0x8002,0x8022,
  0x8487,0x8023,0x8CA9,0x8044,0xB127,0x8866,0x90A7,0x8865,0x8002,0x8C87,0x8045,0x8003,0x84A9,0x8022,0x8023,0x8001,
  0x8000,0x8066,0x8023,0x8CCA,0x8001,0x8001,0x8002,0x8044,0x8065,0x8001,0x8044,0x8002,0x8002,0x8001,0x8001,0x8022,
  0x8022,0x8001,0x8001,0x8001,0x8001,0x8023,0x8001,0x8001,0x8001,0x8001,0x8001,0x8001,0x8001,0x8001,0x8001,0x8001,
  0x8001,0x8001,0x8001,0x8001,0x8001,0x8001,0x8001,0x8001,0x8001,0x8001,0x8002,0x8001,0x8001,0x8001,0x8001,0x8001,
  0x8001,0x8001,0x8001,0x8001,0x8001,0x8044,0x8001,0x8023,0x8002,0x8001,0x8001,0x8001,0x8001,0x8045,0x8001,0x8001,
  0x8001,0x8023,0x8001,0x8001,0x8001,0x8022,0x8023,0x8001,0x8022,0x8002,0x8022,0x8002,0x8022,0x8022,0x8842,0x9883,
  0x8022,0x8442,0x8442,0x8022,0x8022,0x8001,0x8001,0x8001,0x8024,0x8002,0x8001,0x8044,0x8001,0x8024,0x8022,0x8001,
  0x8023,0x8001,0x8067,0x8002,0x8023,0x8023,0x8022,0x8022,0x8066,0x8023,0x8023,0x8001,0x8024,0x8002,0x8001,0x8024,
  0x8002,0x8024,0x8023,0x8022,0x8045,0x8024,0x8023,0x8067,0x8001,0x80A9,0x8001,0x80AB,0x8068,0x8067,0xF3FF,0x8067,
  0x80A9,0x8023,0x8022,0x8067,0x8001,0x8001,0x8023,0x8044,0x8001,0x8001,0x8002,0x8001,0x8002,0x8001,0x8001,0x8001,
  0x8002,0x8001,0x8001,0x8001,0x8001,0x8002,0x8002,0x8001,0x8001,0x8001,0x8001,0x8001,0x8001,0x8001,0x8022,0x8001,
  0x8002,0x8023,0x8001,0x8002,0x8002,0x8001,0x8002,0x8001,0x8001,0x8002,0x8001,0x8001,0x8001,0x8022,0x8001,0x8001,
  0x8043,0x8001,0x8002,0x8022,0x8001,0x8022,0x8001,0x8001,0x8443,0x8001,0x8002,0x8001,0x8002,0x8001,0x8001,0x8044,
  0x8001,0x8001,0x8001,0x8001,0x8001,0x8001,0x8024,0x8001,0x8001,0x8001,0x8002,0x8023,0x8001,0x8001,0x8022,0x8001,
  0x8001,0x8001,0x8001,0x8001,0x8001,0x8001,0x8001,0x8023,0x8001,0x8043,0x8443,0x8022,0x8022,0x8022,0x8C62,0xB503,
  0xFF8E,0xFFFD,0xFF2A,0x9062,0x98A3,0x8842,0x8022,0x8022,0x8C63,0x8001,0x8023,0x8023,0x8001,0x8045,0x8024,0x8045,
  0x8044,0x8000,0x8023,0x8068,0x8045,0x84CA,0x8000,0x8067,0x890F,0x8003,0x84AB,0x8067,0x8023,0x84ED,0x8025,0xEBDF,
  0x8002,0x80AA,0x8046,0x8D72,0x8046,0x84ED,0x8088,0x88EB,0x84CA,0x95B2,0x84AA,0x8025,0x8047,0x8D0C,0x8488,0x996F,
  0x8023,0x8488,0x8022,0x8001,0x8045,0x8001,0x8001,0x8488,0x8044,0x8466,0x8C85,0x8CA7,0x8045,0x8C87,0x8C86,0x8022,
  0x8023,0x88CA,0x8001,0x8001,0x8022,0x8024,0x8066,0x8002,0x8045,0x8022,0x8066,0x8067,0x8001,0x8023,0x8001,0x8023,
  0x8001,0x8466,0x8001,0x8001,0x8044,0x8023,0x8001,0x8001,0x8001,0x8001,0x8001,0x8001,0x8001,0x8001,0x8001,0x8001,
  0x8001,0x8001,0x8001,0x8001,0x8001,0x8001,0x8001,0x8001,0x8001,0x8001,0x8002,0x8001,0x8002,0x8001,0x8001,0x8001,
  0x8001,0x8001,0x8001,0x8002,0x8002,0x8001,0x8001,0x8001,0x8022,0x8001,0x8001,0x8001,0x8001,0x8001,0x8001,0x8001,
  0x8001,0x8001,0x8001,0x8001,0x8001,0x8023,0x8001,0x8001,0x8066,0x8002,0x8001,0x8001,0x8001,0x8022,0x8001,0x8022,
  0x8001,0x8022,0x8022,0x8842,0x8842,0xEA8E,0x8021,0x8C63,0x8422,0x8022,0x8001,0x8001,0x8021,0x8001,0x8022,0x8001,
  0x8001,0x8001,0x8022,0x8001,0x8023,0x8022,0x8001,0x8045,0x8001,0x8044,0x8044,0x8045,0x8023,0x8022,0x8002,0x8487,
  0x8001,0x8023,0x8001,0x8045,0x8023,0x8001,0x8045,0x8002,0x8022,0x8044,0x8487,0x8022,0x8088,0x8002,0x8066,0x8001,
  0x8067,0x8023,0x8067,0x8088,0x8088,0x8067,0x8023,0x8023,0x8044,0x8001,0x8024,0x8001,0x8001,0x8001,0x8066,0x8001,
  0x8024,0x8001,0x8002,0x8001,0x8022,0x8001,0x8001,0x8023,0x8002,0x8001,0x8001,0x8001,0x8001,0x8001,0x8001,0x8001,
  0x8001,0x8001,0x8001,0x8001,0x8022,0x8001,0x8001,0x8001,0x8001,0x8002,0x8022,0x8001,0x8001,0x8001,0x8002,0x8002,
  0x8001,0x8001,0x8001,0x8001,0x8002,0x8001,0x8023,0x8001,0x8002,0x8001,0x8022,0x8022,0x8022,0x8022,0x8001,0x8001,
  0x8001,0x8001,0x8001,0x8022,0x8001,0x8001,0x8001,0x8001,0x8002,0x8001,0x8001,0x8022,0x8022,0x8001,0x8001,0x8001,
  0x8044,0x8044,0x8001,0x8001,0x8022,0x8001,0x8001,0x8001,0x8001,0x8001,0x8001,0x8001,0x8001,0x8001,0x8001,0x8022,
  0x8023,0x8022,0x8022,0x8022,0x8022,0x8842,0x8422,0xFB70,0x8442,0x8842,0x8442,0x8022,0x8022,0x8001,0x8022,0x8021,
  0x8001,0x8023,0x8043,0x8022,0x8023,0x8022,0x8001,0x8022,0x84AA,0x8023,0x8024,0x8001,0x8088,0x8067,0x8002,0x88ED,
  0x8067,0x8088,0x88ED,0x8066,0x8088,0x8024,0x890E,0x8044,0x80AA,0x8066,0x9171,0x84AA,0x8488,0x84AB,0x84CA,0x8C86,
  0x90EC,0x84A9,0x8487,0x8CC9,0x88CA,0x8066,0x8067,0x8001,0x8488,0x8001,0x8001,0x8487,0x8023,0x8022,0x8045,0x8023,
  0x9086,0x8045,0x8466,0x8044,0x8023,0x9086,0x8001,0x8445,0x8000,0x8045,0x8001,0x8488,0x9571,0x8066,0x8024,0x8066,
  0x8002,0x88A9,0x8023,0x8001,0x8066,0x8002,0x8445,0x8001,0x8001,0x98EA,0x8002,0x8022,0x8002,0x8001,0x8001,0x8001,
  0x8001,0x8001,0x8001,0x8001,0x8001,0x8001,0x8001,0x8001,0x8001,0x8001,0x8002,0x8001,0x8002,0x8001,0x8001,0x8001,
  0x8002,0x8001,0x8002,0x8001,0x8001,0x8002,0x8001,0x8001,0x8001,0x8023,0x8022,0x8001,0x8001,0x8001,0x8002,0x8001,
  0x8001,0x8001,0x8001,0x8001,0x8001,0x8023,0x8023,0x8001,0x8001,0x8045,0x8022,0x8001,0x8023,0x8001,0x8022,0x8001,
  0x8001,0x8023,0x8001,0x8001,0x8444,0x8022,0x8022,0x8022,0x8842,0x9883,0xEECF,0xFFFD,0xC9C9,0xB989,0x9483,0x8422,
  0x8442,0x8001,0x8C63,0x8001,0x8001,0x8465,0x8001,0x8001,0x8045,0x8002,0x8002,0x8023,0x84A9,0x8001,0x8001,0x8023,
  0x8087,0x8024,0x8022,0x8022,0x8045,0x8001,0x8066,0x8001,0x8023,0x8001,0x8023,0x8024,0x8001,0x8023,0x8044,0x8024,
  0x8002,0x8044,0x8001,0x8088,0x8022,0x80AA,0x8023,0x8068,0x8024,0x8045,0x84A8,0x8002,0x8066,0x8066,0x8001,0x8045,
  0x8001,0x8023,0x8044,0x8022,0x8001,0x8023,0x8001,0x8001,0x8044,0x8001,0x8044,0x8001,0x8022,0x8001,0x8002,0x8043,
  0x8001,0x8001,0x8022,0x8022,0x8001,0x8001,0x8001,0x8001,0x8001,0x8001,0x8001,0x8001,0x8001,0x8001,0xB18E,0x8002,
  0x8023,0x8001,0x8022,0x8001,0x8022,0x8002,0x8022,0x8002,0x8001,0x8443,0x8002,0x8001,0x8001,0x8C63,0x8001,0x8001,
  0x8422,0xFF95,0x8000,0x8022,0x8001,0x8001,0x8001,0x8001,0x8001,0x8002,0x8066,0x8001,0x8001,0x8002,0x8022,0x8001,
  0x8024,0x8001,0x8001,0x8001,0x8001,0x8002,0x8023,0x8023,0x8001,0x8022,0x8001,0x8002,0x8001,0x8001,0x8001,0x8001,
  0x8001,0x8001,0x8001,0x8022,0x8023,0x8022,0x8002,0x8022,0x8001,0x8022,0x8001,0x8422,0x8442,0xB105,0x8422,0x8422,
  0x8442,0x8022,0x8022,0x8422,0x8002,0x8001,0x8023,0x8023,0x8487,0x8001,0x8022,0x8024,0x8002,0x8CEC,0x8001,0x8022,
  0x8088,0x8023,0x84AA,0x8001,0x88CA,0x8023,0x84AA,0x8088,0x8046,0x80AA,0x84AA,0x8089,0x80AB,0x8045,0x88ED,0x80A9,
  0x8066,0x8046,0x84ED,0x8024,0x84CA,0x80A9,0x8025,0x8023,0x8046,0x8CCB,0x8488,0x88EB,0x8044,0x8045,0xF3DD,0x8066,
  0x8046,0x8023,0x8089,0x8045,0x8001,0x8066,0x8045,0x8466,0x8001,0x98C7,0x8C65,0x8001,0x8022,0x8023,0x8489,0x8002,
  0x8088,0x910B,0x8023,0x8066,0x80AA,0x8045,0x8044,0x8487,0x8002,0x8066,0x8002,0x8023,0x8002,0x8044,0x8024,0x8022,
  0x8022,0x8002,0x8022,0x8002,0x8001,0x8002,0x8001,0x8022,0x8002,0x8001,0x8002,0x8002,0x8002,0x8022,0x8001,0x8022,
  0x8022,0x8023,0x8002,0x8002,0x8001,0x8001,0x8001,0x8002,0x8001,0x8023,0x8023,0x8001,0x8001,0x8002,0x8023,0x8001,
  0x8001,0x8001,0x8001,0x8001,0x8001,0x8001,0x8001,0x8022,0x8001,0x8002,0x8022,0x8001,0x8001,0x8024,0x8001,0x8024,
  0x8001,0x8023,0x8001,0x8023,0x8001,0x8022,0x8002,0x8001,0x8001,0x8001,0x8001,0x8002,0x8022,0x8001,0x8422,0x8422,
  0x8842,0xD1CB,0x8000,0x8422,0x8422,0x8022,0x8022,0x8002,0x8001,0x8001,0x8001,0x8001,0x8001,0x8002,0x8002,0x8001,
  0x8001,0x8045,0x8022,0x8001,0x8045,0x8001,0x8023,0x8001,0x8023,0x8023,0x8001,0x8022,0x8001,0x8001,0x8023,0x8002,
  0x8002,0x8002,0x8023,0x8045,0x8045,0x8045,0x8024,0x8001,0x8068,0x8022,0x8067,0x8023,0x8067,0x8045,0x8045,0x8023,
  0x8001,0x8067,0x8023,0x8023,0x8024,0x8023,0x8002,0x8023,0x8022,0x8002,0x8001,0x8022,0x8023,0x8001,0x8001,0x8001,
  0x8022,0x8001,0x8001,0x8001,0x8001,0x8001,0x8001,0x8001,0x8001,0x8001,0x8001,0x8001,0x8001,0x8001,0x8001,0x8001,
  0x8001,0x8001,0x8001,0x8001,0x8002,0x8001,0x8001,0x8022,0x8001,0x8001,0x8022,0x8001,0x8001,0x8001,0x8001,0x8001,
  0x8001,0x8001,0x8001,0x8001,0x8001,0x8002,0x8001,0x8022,0x8001,0x8022,0x8001,0x8001,0x8001,0x8001,0x8001,0x8001,
  0x8001,0x8001,0x8001,0x8001,0x8001,0x8001,0x8001,0x8001,0x8001,0x8001,0x8001,0x8001,0x8001,0x8001,0x8001,0x8001,
  0x8002,0x8002,0x8001,0x8001,0x8001,0x8001,0x8001,0x8001,0x8044,0x8001,0x8022,0x8022,0x8002,0x8022,0x8022,0x8001,
  0x8022,0x8022,0x8022,0x8C63,0x8022,0x8022,0x8022,0x8022,0x8022,0x8022,0x8023,0x8022,0x8022,0x8001,0x8000,0x8023,
  0x8022,0x8023,0x8024,0x8022,0x8487,0x8046,0x8000,0x8067,0x8022,0x8067,0x84A9,0x8001,0x8023,0x8046,0x8067,0x8046,
  0x8067,0x8046,0x8046,0x80AA,0x8088,0x8023,0x8066,0x88ED,0x8045,0xC35D,0x8089,0x8068,0x8024,0x8046,0x8046,0x8488,
  0x8067,0x8001,0x80A9,0x8089,0x84AB,0x8067,0x80AA,0x8066,0x8022,0x8002,0x8023,0x8023,0x8486,0x8022,0x8044,0x8001,
  0x8022,0x8001,0x8001,0x8001,0x8467,0x8024,0x8024,0x8022,0x912E,0x84AA,0x8045,0x84CB,0x8001,0x8045,0x8024,0x8023,
  0x8488,0x8044,0x8001,0x8023,0x8022,0x8024,0x8023,0x8023,0x8022,0x8001,0x952F,0x8001,0x8001,0x8022,0x8044,0x8001,
  0x8002,0x8002,0x8000,0x952C,0x8001,0x8001,0x8045,0x8001,0x8001,0x8001,0x8001,0x8001,0x8001,0x8002,0x8001,0x8001,
  0x8023,0x8001,0x8022,0x8001,0x8023,0x8002,0x8001,0x8001,0x8001,0x8001,0x8001,0x8001,0x8001,0x8001,0x8002,0x8001,
  0x8001,0x8022,0x8023,0x8001,0x8024,0x8021,0x8001,0x8044,0x8000,0x8466,0x8002,0x8002,0x8001,0x8023,0x8001,0x8002,
  0x8001,0x8022,0x8001,0x8022,0x8022,0x8422,0x8422,0x9484,0x8422,0x8422,0x8022,0x8022,0x8002,0x8022,0x8002,0x8022,
  0x8001,0x8001,0x8001,0x8001,0x8001,0x8023,0x8022,0x8022,0x8001,0x8046,0x8002,0x8044,0x8023,0x8044,0x8002,0x8001,
  0x8022,0x8001,0x8023,0x8001,0x8001,0x8024,0x8002,0x8023,0x8068,0x8002,0x8023,0x8044,0x8002,0x8067,0x8022,0x8024,
  0x8045,0x80AB,0x8023,0x8066,0x8023,0x8023,0x8066,0x8023,0x8023,0x8046,0x8023,0x8001,0x8045,0x8001,0x8001,0x8001,
  0x8023,0x8001,0x8001,0x8023,0x8001,0x8023,0x8022,0x8001,0x8001,0x8001,0x8001,0x8001,0x8001,0x8002,0x8002,0x8001,
  0x8001,0x8001,0x8001,0x8001,0x8001,0x8001,0x8001,0x8001,0x8001,0x8001,0x8002,0x8002,0x8001,0x8001,0x8002,0x8001,
  0x8002,0x8001,0x8001,0x8C23,0x8001,0x8001,0x8023,0x8001,0x8001,0x8022,0x8001,0x8001,0x8001,0x8001,0x8001,0x8001,
  0x8002,0x8001,0x8001,0x8001,0x8001,0x8001,0x8001,0x8001,0x8001,0x8001,0x8001,0x8001,0x8001,0x8023,0x8001,0x8001,
  0x8002,0x8001,0x8001,0x8001,0x8001,0x8001,0x8001,0x8001,0x8001,0x8001,0x8001,0x8001,0x8001,0x8002,0x8001,0x8001,
  0x8001,0x8001,0x8001,0x8002,0x8001,0x8842,0x8002,0x8422,0x8022,0x8842,0x8422,0x8002,0x8022,0x8022,0x8001,0x9084,
  0x8001,0x8045,0x8001,0x8022,0x8024,0x8001,0x8022,0x8023,0x8001,0x8066,0x8022,0x8002,0x8045,0x8000,0x8066,0x8046,
  0x8000,0x8067,0x8066,0x8066,0x8045,0x8089,0x8024,0x88EC,0x8044,0x8066,0x8024,0x8043,0x80AA,0x8024,0x8046,0x80CC,
  0x8068,0x8067,0x8088,0x8000,0x8001,0x8066,0x8023,0x8CEB,0x8088,0x88ED,0x8068,0x88ED,0x8045,0x9571,0x8066,0x8022,
  0x8045,0x8466,0x8C41,0x8023,0x8044,0x8445,0x8001,0x8001,0x8023,0x8001,0x8022,0x8088,0x8066,0x8488,0x8488,0x8046,
  0x8089,0x8067,0x8088,0x8002,0x88C9,0x8045,0x8001,0x90C9,0x8002,0x8067,0x8001,0x8000,0x8023,0x8044,0x8044,0x8022,
  0x8022,0x8022,0x8001,0x8001,0x8865,0x8001,0x8001,0x8024,0x8045,0x8002,0x8001,0x8001,0x8022,0x8001,0x8001,0x8024,
  0x8001,0x8001,0x8001,0x8001,0x8024,0x8001,0x8001,0x8001,0x8001,0x8001,0x8001,0x8001,0x8001,0x8001,0x8001,0x8001,
  0x8001,0x8001,0x8001,0x8465,0x8002,0x8001,0x8001,0x8001,0x8002,0x8023,0x8001,0x8002,0x8023,0x8022,0x8024,0x8002,
  0x8023,0x8024,0x8044,0x8001,0x8044,0x8002,0x8001,0x8001,0x8422,0x8022,0x8043,0x8022,0x8422,0x8842,0x8021,0x8022,
  0x8022,0x8001,0x8842,0x8022,0x8022,0x8001,0x8001,0x8044,0x8001,0x8001,0x8023,0x8001,0x8022,0x8022,0x8001,0x8001,
  0x8044,0x8002,0x8022,0x8002,0x8001,0x8002,0x8045,0x8001,0x8001,0x8023,0x8001,0x8001,0x8022,0x8045,0xA37E,0x8023,
  0x8044,0x8023,0x8088,0x8002,0x8046,0x8022,0x8067,0x8002,0x8067,0x8001,0x8044,0x8066,0x8023,0x8044,0x8023,0x8001,
  0x8045,0x8044,0x8001,0x8022,0x8023,0x8044,0x8001,0x8023,0x8002,0x8001,0x8023,0x8022,0x8045,0x8022,0x8022,0x8001,
  0x8001,0x8001,0x8001,0x8001,0x8001,0x8001,0x8001,0x8001,0x8001,0x8002,0x8001,0x8001,0x8001,0x8022,0x8001,0x8001,
  0x8023,0x8022,0x8001,0x8001,0x8001,0x8001,0x8001,0x8001,0x8001,0x8001,0x8001,0x8001,0x8001,0x8001,0x8001,0x8001,
  0x8022,0x8001,0x8001,0x8001,0x8002,0x8001,0x8001,0x8001,0x8022,0x8001,0x8001,0x8002,0x8001,0x8001,0x8001,0x8001,
  0x8001,0x8001,0x8001,0x8001,0x8001,0x8001,0x8022,0x8001,0x8001,0x8001,0x8001,0x8001,0x8001,0x8002,0x8021,0x8001,
  0x8001,0x8421,0xF731,0x8021,0x8001,0x8001,0x8022,0x8422,0x8022,0x8001,0x8001,0x8022,0x8022,0x8002,0x8001,0x8422,
  0x8001,0x8022,0x8022,0x8001,0x8002,0x8023,0x94A6,0x8001,0x8022,0x8022,0x8001,0x8045,0x8002,0x8022,0x8044,0x8001,
  0x8002,0x8066,0x8001,0x8066,0x8001,0x8045,0x8087,0x8002,0x8023,0x8023,0x8022,0x8024,0x84CC,0x8046,0x8046,0x8023,
  0x8066,0x80ED,0x8044,0x9173,0x80AA,0x8023,0x8046,0x84CB,0x8022,0x8066,0x8045,0x8023,0x8488,0x8001,0x9152,0x80AA,
  0x84CC,0x8067,0x890E,0x8046,0x8045,0x8045,0x88A8,0x8022,0x8022,0x8066,0x8023,0x8466,0x8001,0x8022,0x8001,0x8001,
  0x8067,0x8022,0x8CEC,0x8866,0x9D70,0x8467,0x84AA,0x8023,0x914F,0x8488,0x8023,0x8487,0x8045,0x8023,0x84A8,0x8044,
  0x8487,0x8000,0x8022,0x8023,0x8045,0x8022,0x8022,0x8044,0x8002,0x8022,0x8022,0x9CE8,0x8000,0x8001,0x8001,0x8002,
  0x8001,0x8024,0x8001,0x8002,0x8022,0x8045,0x8002,0x8022,0x8002,0x8001,0x8001,0x8001,0x8001,0x8002,0x8001,0x8001,
  0x8001,0x8001,0x8022,0x8001,0x8001,0x8001,0x8001,0x8001,0x8002,0x8001,0x8002,0x8002,0x8001,0x8001,0x8001,0x8023,
  0x8000,0xCDCA,0x8022,0x8001,0x8023,0x8866,0x8001,0x8022,0x8444,0x8001,0x8002,0x8001,0x8001,0x8864,0x8001,0x8C42,
  0x8022,0x8001,0x8022,0x8022,0x8022,0x8022,0x8001,0x8001,0x8001,0x8842,0x8001,0x8002,0x8002,0x8001,0x8001,0x8001,
  0x8001,0x8024,0x8002,0x8001,0x8045,0x8023,0x8002,0x8002,0x8002,0x8001,0x8001,0x8001,0x8002,0x8002,0x8001,0x8022,
  0x8024,0x8022,0x8023,0x8023,0x8067,0x8001,0x8022,0x8002,0x8001,0x8045,0x8001,0x8067,0x8022,0x8046,0x8001,0x8045,
  0x8002,0x8023,0x8022,0x8045,0x8002,0x8045,0x8001,0x8022,0x8045,0x8001,0x8001,0x8002,0x8002,0x8001,0x8001,0x8001,
  0x8023,0x8044,0xF7DD,0x8023,0x8001,0x8001,0x8001,0x8001,0x8001,0x8001,0x8001,0x8001,0x8001,0x8001,0x8001,0x8001,
  0x8001,0x8001,0x8001,0x8001,0x8001,0x8001,0x8001,0x8001,0x8002,0x8022,0x8001,0x8001,0x8001,0x8001,0x8001,0x8001,
  0x8001,0x8001,0x8001,0x8823,0x8001,0x8001,0x8003,0x8023,0x8001,0x8001,0x8001,0x8001,0x8001,0x8001,0x8002,0x8002,
  0x8001,0x8001,0x8001,0x8001,0x8001,0x8001,0x8001,0x8023,0x8001,0x8046,0x8001,0x8001,0x8023,0x8001,0x8001,0x8001,
  0x8001,0x8001,0x8001,0x8001,0x8002,0x8001,0x8001,0x8001,0x8021,0x8001,0x8001,0x8022,0x8001,0x8001,0x8001,0x8023,
  0x8001,0x8001,0x8001,0x8022,0x8001,0x8022,0x8001,0x8022,0x8001,0x8443,0x8001,0x8001,0x8022,0x8001,0x8001,0x8067,
  0x8002,0x8001,0x8001,0x8002,0x8002,0x8046,0x8001,0x8001,0x8045,0x8023,0x8002,0x8023,0x8002,0x8024,0x8088,0x8068,
  0x84A9,0x8066,0x8044,0x8001,0x88CB,0x8023,0x88CC,0x8044,0x84ED,0x8045,0x8023,0x84CC,0x8045,0x84CB,0x8001,0x8024,
  0x8023,0x8002,0x8045,0x8067,0x8067,0x88ED,0x8024,0x84AA,0x8024,0x88ED,0x8044,0x8089,0x8045,0x8CA9,0x8466,0x8024,
  0x8023,0x8001,0x8023,0x8022,0x8001,0x8487,0x8023,0x8CEC,0x8445,0x84AA,0x9970,0x8488,0x8489,0x88CA,0x88A9,0x8CEC,
  0x8488,0x88A9,0x8045,0x8067,0x8001,0x8045,0x8002,0x8466,0x8002,0x8022,0x8001,0x8022,0x8000,0x8045,0x8023,0x8001,
  0x8023,0x8001,0x8001,0x8001,0x8001,0x8001,0x8001,0x8001,0x8001,0x8002,0x8023,0x8173,0x8001,0x8022,0x8022,0x8002,
  0x8001,0x8001,0x8001,0x8001,0x8001,0x8001,0x8001,0x8001,0x8001,0x8001,0x8002,0x8001,0x8002,0x8001,0x8001,0x8001,
  0x8001,0x8002,0x8001,0x8022,0x8023,0x8001,0x8023,0x8044,0x8001,0x8046,0x8001,0x8044,0x8023,0x8022,0x8001,0x8044,
  0x8001,0x8044,0x8022,0x8001,0x8023,0x8021,0x8001,0x8002,0x8002,0x8843,0x8002,0x8022,0x8001,0x8022,0x8001,0x8044,
  0x8001,0x8022,0x8044,0x8001,0x8023,0x8001,0x8001,0x8001,0x8002,0x8022,0x8001,0x8024,0x8001,0x8001,0x8022,0x8002,
  0x8022,0x8022,0x8001,0x8002,0x8022,0x8001,0x8001,0x8023,0x8001,0x8023,0x8022,0x8023,0x8023,0x8022,0x8044,0x8001,
  0x8045,0x8001,0x8046,0x8002,0x8088,0x8001,0x8044,0x8045,0x8066,0x8001,0x8045,0x8001,0x8024,0x8066,0x8001,0x8024,
  0x8002,0x8001,0x8001,0x8023,0x8001,0x8023,0x8002,0x8001,0x8065,0x8001,0x8022,0x8002,0x8045,0x8001,0x8022,0x8001,
  0x8001,0x8022,0x8022,0x8001,0x8001,0x8001,0x8001,0x8001,0x8001,0x8001,0x8022,0x8022,0x8001,0x8001,0x8001,0x8001,
  0x8002,0x8001,0x8001,0x8001,0x8002,0x8001,0x8422,0x8001,0x8001,0x8001,0x8001,0x8001,0x8001,0x8001,0x8022,0x8001,
  0x8022,0x8022,0x8001,0x8024,0x8001,0x8002,0x8001,0x8068,0x8001,0x8045,0x8001,0x8001,0x8021,0x8001,0x8001,0x8046,
  0x8001,0x8001,0x8001,0x8089,0x8001,0x8001,0x8002,0x8023,0x8001,0x8002,0x8002,0x8001,0x8001,0x8001,0x8001,0x8001,
  0x8001,0x8001,0x8002,0x8002,0x8022,0x8001,0x8001,0x8023,0x8001,0x8001,0x8022,0x8842,0x8001,0x8022,0x8022,0x8001,
  0x8001,0x8002,0x8023,0x8022,0x8023,0x8001,0x8044,0x8001,0x8022,0x8002,0x8001,0x8001,0x8044,0x8002,0x8067,0x8001,
  0x84CB,0x8001,0x8066,0x8023,0x8066,0x8023,0x8001,0x8044,0x8023,0x88CC,0x8044,0x8023,0x8024,0x80AA,0x8000,0x84CD,
  0x8045,0x8022,0x84EE,0x8044,0x8068,0x8023,0x8023,0x8067,0x8002,0x8045,0x8089,0x8045,0x8088,0x8045,0x9E79,0x8067,
  0x84CB,0x8045,0x910E,0x8046,0x8044,0x8466,0x8022,0x8045,0x8001,0x90A7,0x8023,0x8066,0x8488,0x88CA,0x84A9,0x9570,
  0x84A9,0x8D2F,0xA94C,0x9591,0x8489,0x954F,0x88CA,0x8067,0x88ED,0x8022,0x8045,0x8024,0x8002,0x8466,0x8002,0x8022,
  0x8023,0x8022,0x8045,0x8001,0x8023,0x8001,0x8001,0x8024,0x8023,0x8001,0x8001,0x8024,0x8023,0x8001,0x8023,0x8045,
  0x8131,0xDBDF,0x810F,0x8089,0x8024,0x8023,0x8001,0x8001,0x8023,0x8001,0x8001,0x8001,0x8022,0x8045,0x8044,0x8002,
  0x8001,0x8001,0x8001,0x8001,0x8001,0x8001,0x8001,0x8001,0x8001,0x8002,0x8001,0x8002,0x8001,0x8023,0x8022,0x8001,
  0x8024,0x8002,0x8022,0x8023,0x8023,0x8001,0x8044,0x8001,0x8044,0x8001,0x8002,0x8022,0x8001,0x8022,0x8002,0x8002,
  0x8022,0x8001,0x8001,0x8001,0x8001,0x8001,0x8001,0x8001,0x8022,0x8001,0x8001,0x8001,0x8022,0x8002,0x8002,0x8001,
  0x8001,0x8001,0x8001,0x8023,0x8002,0x8002,0x8002,0x8002,0x8022,0x8001,0x8001,0x8022,0x8023,0x8001,0x8023,0x8001,
  0x8023,0x8001,0x8002,0x8002,0x8001,0x8023,0x8001,0x8045,0x8022,0x8023,0x8045,0x8002,0x8002,0x8022,0x8022,0x8002,
  0x8001,0x8045,0x8001,0x8002,0x8022,0x8001,0x8022,0x8002,0x8044,0x8001,0x8002,0x8001,0x8023,0x8001,0x8022,0x8002,
  0x8001,0x8001,0x8001,0x8001,0x8023,0x8002,0x8001,0x8002,0x8002,0x8002,0x8001,0x8001,0x8001,0x8002,0x8066,0x8001,
  0x8001,0x8001,0x8001,0x8001,0x8001,0x8001,0x8001,0x8001,0x8001,0x8001,0x8001,0x8002,0x8001,0x8001,0x8001,0x8001,
  0x8001,0x8001,0x8001,0x8001,0x8001,0x8001,0x8002,0x8001,0x8001,0x8001,0x8001,0x8001,0x8001,0x8001,0x8001,0x8022,
  0x8001,0x8001,0x8001,0x8002,0x8001,0x8002,0x8002,0x8002,0x8001,0x8001,0x8001,0x8002,0x8023,0x8001,0x8002,0x8022,
  0x8001,0x8001,0x8001,0x8001,0x8001,0x8001,0x8022,0x8001,0x8022,0x8002,0x8001,0x8001,0x8002,0x8001,0x8002,0x8001,
  0x8001,0x8001,0x8022,0x8002,0x8001,0x8001,0x8000,0x8065,0x8001,0x8001,0x8002,0x8001,0x8001,0x8024,0x8002,0x8022,
  0x8002,0x8044,0x8000,0x8045,0x8001,0x8045,0x8001,0x8066,0x8022,0x8024,0x8022,0x8023,0x8066,0x8023,0x8488,0x8001,
  0x8046,0x8001,0x8CEE,0x8066,0x8023,0x8046,0x8001,0x8067,0x8023,0x8068,0x8002,0x8044,0x8023,0x8023,0x8087,0x8000,
  0x8D0E,0x8488,0x8022,0x84CB,0x8087,0x8931,0x8088,0x890F,0x8046,0x852F,0x8001,0x8045,0x8044,0x88CB,0x8067,0x8002,
  0x8045,0x8066,0x88ED,0x8088,0xB5AC,0x850D,0x9570,0x9971,0x910C,0x84A8,0xC696,0x8069,0xA12C,0x90EC,0x8445,0x8044,
  0x8001,0x952C,0x8001,0x8023,0x8022,0x8023,0x8044,0x8001,0x8001,0x8022,0x8001,0x8045,0x8001,0x8044,0x8045,0x8002,
  0x8001,0x8001,0x8001,0x8001,0x8001,0x8002,0x8022,0x8172,0x8000,0x8002,0x8022,0x8022,0x8001,0x8001,0x8001,0x8001,
  0x8001,0x8001,0x8001,0x8001,0x8001,0x8001,0x8001,0x8001,0x8001,0x8001,0x8001,0x8044,0x8001,0x8001,0x8001,0x8001,
  0x8001,0x8001,0x8022,0x8002,0x8001,0x8024,0x8001,0x8045,0x8002,0x8022,0x8022,0x8002,0x8023,0x8043,0x8022,0x8022,
  0x8002,0x8423,0x8001,0x8001,0x8001,0x8022,0x8001,0x8022,0x8022,0x8001,0x8001,0x8065,0x8022,0x8001,0x8023,0x8001,
  0x8023,0x8002,0x8001,0x8046,0x8023,0x8001,0x8001,0x8001,0x8023,0x8001,0x8002,0x8002,0x8002,0x8002,0x8001,0x8001,
  0x8001,0x8022,0x8001,0x8001,0x8001,0x8023,0x8001,0x8022,0x8022,0x8022,0x8023,0x8001,0x8045,0x8001,0x8046,0x8024,
  0x8002,0x8002,0x8024,0x8024,0x8001,0x8024,0x8002,0x8001,0x8045,0x8003,0x8001,0x8024,0x8002,0x8002,0x8023,0x8001,
  0x8023,0x8001,0x8023,0x8002,0x8001,0x8002,0x8001,0x8023,0x8001,0x8001,0x8022,0x8002,0x8022,0x8022,0x8022,0x8002,
  0x8001,0x8001,0x8001,0x8002,0x8002,0x8001,0x8001,0x8001,0x8001,0x8001,0x8422,0x8001,0x8002,0x8001,0x8001,0x8001,
  0x8001,0x8001,0x8002,0x8001,0x8001,0x8001,0x8001,0x8001,0x8001,0x8001,0x8001,0x8001,0x8001,0x8001,0x8002,0x8001,
  0x8022,0x8001,0x8001,0x8001,0x8001,0x8001,0x8001,0x8022,0x8045,0x8001,0x8022,0x8067,0x8024,0x8001,0x8023,0x8001,
  0x8001,0x8001,0x8001,0x8001,0x8022,0x8022,0x8001,0x8001,0x8001,0x8001,0x8001,0x8001,0x8001,0x8022,0x8001,0x8022,
  0x8023,0x8001,0x8001,0x8001,0x8022,0x8001,0x8001,0x8023,0x8001,0x8001,0x8002,0x8023,0x8465,0x8001,0x8002,0x8001,
  0x8001,0x8002,0x8002,0x8001,0x8022,0x8001,0x8001,0x8001,0x8046,0x8022,0x8045,0x8001,0x8044,0x8002,0x8066,0x8001,
  0x8024,0x8024,0x8022,0x8002,0x8000,0x8046,0x88A9,0x8001,0x8067,0x8024,0x808A,0x8022,0x8089,0x8022,0x808B,0x8001,
  0x8046,0x8001,0x8001,0x8002,0x8024,0x8000,0x84ED,0x8023,0x8046,0x8025,0x8D51,0x8066,0x84CD,0x8044,0x892F,0x8023,
  0x80CB,0x84CB,0x8023,0x8023,0x8002,0x8023,0x8467,0x8CEC,0x8067,0x912E,0x954F,0x996F,0x890C,0x912D,0x8D0D,0x9150,
  0xA14B,0x950D,0x912E,0x8067,0x8489,0x8046,0x8023,0x8066,0x8001,0x8445,0x8024,0x8023,0x8001,0x8023,0x8044,0x8001,
  0x8001,0x8024,0x8001,0x8001,0x8001,0x8001,0x8001,0x8001,0x8001,0x8001,0x8002,0x8001,0x8022,0x8045,0x8001,0x8002,
  0x8002,0x8022,0x8022,0x8001,0x8001,0x8001,0x8001,0x8001,0x8001,0x8001,0x8001,0x8001,0x8001,0x8002,0x8002,0x8001,
  0x8001,0x8002,0x8001,0x8001,0x8001,0x8001,0x8001,0x8001,0x8001,0x8024,0x8001,0x8001,0x8022,0x8001,0x8022,0x8002,
  0x8001,0x8465,0x8002,0x8043,0xE37B,0x9064,0x8022,0x8001,0x8C85,0x8001,0x8001,0x8043,0x8002,0x8002,0x8001,0x8023,
  0x8001,0x8001,0x8001,0x8002,0x8001,0x8002,0x8001,0x8023,0x8002,0x8001,0x8022,0x8001,0x8001,0x8024,0x8001,0x8022,
  0x8002,0x8022,0x8022,0x8001,0x8022,0x8022,0x8001,0x8001,0x8001,0x8024,0x8001,0x8001,0x8023,0x8002,0x8022,0x8022,
  0x8001,0x8023,0x8001,0x8046,0x8023,0x8022,0x8067,0x8023,0x8001,0x8002,0x8045,0x8001,0x8001,0x8023,0x8001,0x8001,
  0x8024,0x8001,0x8022,0x8024,0x8002,0x8023,0x8001,0x8024,0x8001,0x8001,0x8023,0x8001,0x8001,0x8001,0x8002,0x8001,
  0x8001,0x8001,0x8022,0xB966,0xB945,0x8021,0x8001,0x8001,0x8022,0x8001,0x8001,0x8001,0x8001,0x8023,0x8001,0x8001,
  0x8001,0x8001,0x8001,0x8002,0x8001,0x8843,0x8001,0x8001,0x8002,0x8002,0x8022,0x8C63,0x8001,0x8001,0x8001,0x8023,
  0x8001,0x8422,0x8001,0x8001,0x8001,0x8022,0x8001,0x8001,0x8001,0x8001,0x8022,0x8001,0x8001,0x8001,0x8001,0x8024,
  0x8023,0x80F1,0x8023,0x8024,0x8001,0x8023,0x8022,0x8002,0x8001,0x8001,0x8001,0x8001,0x8001,0x8001,0x8002,0x8001,
  0x8001,0x8001,0x8001,0x8001,0x8001,0x8001,0x8001,0x8001,0x8001,0x8023,0x8002,0x8022,0x8001,0x8022,0x8001,0x8023,
  0x8023,0x8001,0x8023,0x8002,0x8001,0x8001,0x8023,0x8001,0x8023,0x8022,0x8022,0x8022,0x8023,0x8001,0x8001,0x8023,
  0x8001,0x8044,0x8001,0x8044,0x8001,0x8022,0x8002,0x8022,0x8001,0x8023,0x8068,0x8023,0x8001,0x8046,0x8001,0x84CB,
  0x8001,0x8046,0x8001,0x8088,0x8000,0x8046,0x8002,0x8044,0x8023,0x8001,0x8067,0x84AA,0x8002,0x8045,0x8025,0x84CC,
  0x8044,0x84AA,0x8088,0x8D51,0x8067,0x84CC,0x8045,0x8045,0x8002,0x84CA,0x8089,0x8024,0x8044,0x8089,0x9150,0x8067,
  0xAD4A,0x912F,0x914E,0xD68F,0x8D0E,0xA9AF,0x8D0D,0xB58C,0x90EA,0x8488,0x952F,0x8889,0x8023,0x8022,0x8022,0x8CA9,
  0x8001,0x8022,0x8467,0x8022,0x8022,0x8023,0x8023,0x8001,0x8022,0x8023,0x8023,0x8001,0x8001,0x8002,0x8001,0x8002,
  0x8023,0x8002,0x8001,0x8002,0x8002,0x8022,0x8022,0x8001,0x8001,0x8023,0x8022,0x8002,0x8001,0x8001,0x8C65,0x8001,
  0x8001,0x8001,0x8001,0x8001,0x8002,0x8001,0x8001,0x8001,0x8001,0x8001,0x8001,0x8001,0x8001,0x8001,0x8001,0x8001,
  0x8001,0x8002,0x8043,0x8023,0x8002,0x8002,0x8001,0x8065,0x8001,0x8044,0x8065,0x8001,0x8022,0x8444,0x8002,0x8001,
  0x8022,0x8001,0x8002,0x8002,0x8001,0x8001,0x8022,0x8002,0x8066,0x8001,0x8002,0x8001,0x8024,0x8001,0x8001,0x8001,
  0x8001,0x8001,0x8022,0x8001,0x8001,0x8001,0x8001,0x8001,0x8023,0x8023,0x8002,0x8001,0x8001,0x8043,0x8001,0x8001,
  0x8001,0x8001,0x8001,0x8001,0x8001,0x8001,0x8001,0x8045,0x8001,0x8024,0x8023,0x8044,0x8022,0x8001,0x8023,0x8023,
  0x8001,0x8001,0x8045,0x8022,0x8001,0x8044,0x8002,0x8001,0x8001,0x8001,0x8045,0x8001,0x8044,0x8002,0x8002,0x8001,
  0x8001,0x8001,0x8023,0x8001,0x8023,0x8001,0x8001,0x8001,0x8001,0x8001,0x8001,0x8001,0x8001,0x8001,0x8001,0x8001,
  0x8001,0x8002,0x8001,0x8022,0x8001,0x8001,0x8001,0x8001,0x8002,0x8022,0x8001,0x8001,0x8001,0x8001,0x8842,0x8021,
  0x8001,0x8001,0x8001,0x9CA4,0x8001,0x8001,0x8002,0x8001,0x8001,0x8001,0x8001,0x8001,0x8001,0x8001,0x8001,0x8001,
  0x8001,0x8001,0x8023,0x8002,0x8002,0x8022,0x8044,0x869B,0x8024,0x8002,0x8023,0x8023,0x8002,0x8001,0x8001,0x8001,
  0x8001,0x8001,0x8001,0x8001,0x8001,0x8001,0x8001,0x8001,0x8022,0x8001,0x8001,0x8001,0x8001,0x8001,0x8022,0x8002,
  0x8023,0x8001,0x8001,0x8001,0x8022,0x8001,0x8001,0x8001,0x8001,0x8024,0x8002,0x8001,0x8001,0x8022,0x8001,0x8001,
  0x8002,0x8002,0x8002,0x8001,0x8023,0x8001,0x8023,0x8001,0x8044,0x8001,0x8001,0x8044,0x8001,0x8022,0x8045,0x8022,
  0x8000,0x8024,0x8044,0x8001,0x8045,0x8001,0x8045,0x8001,0x84AA,0x8001,0x8045,0x8001,0x8045,0x8001,0x8001,0x8001,
  0x8000,0x88EC,0x8002,0x8002,0x8025,0x808A,0x8067,0x8488,0x927A,0x8089,0x8068,0x84EE,0x8024,0x8068,0x88CC,0x8023,
  0x80AA,0x8487,0x8045,0x8001,0xA94A,0x8046,0x80A9,0xB58C,0x88A9,0x890E,0xDE8F,0x8D0D,0x80AA,0xAD8C,0x8025,0x950B,
  0x8066,0x8487,0x8002,0x8022,0x8088,0x8003,0x8045,0x8445,0x8466,0x8023,0x8467,0x8001,0x8024,0x8001,0x8001,0x8068,
  0x8045,0x8001,0x8001,0x8002,0x8023,0x8001,0x8001,0x8002,0x8001,0x8044,0x8002,0x8002,0x8001,0x8001,0x8044,0x8001,
  0x8001,0x8002,0x8001,0x8001,0x8001,0x8001,0x8001,0x8001,0x8001,0x8001,0x8001,0x8001,0x8001,0x8002,0x8001,0x8001,
  0x8001,0x8001,0x8001,0x8001,0x8001,0x8001,0x8001,0x8023,0x8001,0x8043,0x8001,0x8022,0x8023,0x8001,0x8044,0x8001,
  0x8023,0x8022,0x8001,0x8023,0x8001,0x8023,0x8001,0x8002,0x8002,0x8001,0x8001,0x8001,0x8045,0x8022,0x8001,0x8002,
  0x8001,0x8001,0x8001,0x8001,0x8001,0x8422,0x8022,0x8001,0x8023,0x8001,0x8023,0x8023,0x8024,0x8001,0x8001,0x8001,
  0x8001,0x8022,0x8001,0x8001,0x8001,0x8001,0x8066,0x8001,0x8022,0x8001,0x8023,0x8002,0x8002,0x8023,0x8001,0x81B5,
  0x8022,0x8024,0x8001,0x8024,0x8002,0x8002,0x8001,0x8024,0x8024,0x8001,0x8024,0x8001,0x8001,0x8023,0x8022,0x8001,
  0x8001,0x8001,0x8001,0x8002,0x8023,0x8001,0x8023,0x8023,0x8001,0x8023,0x8044,0x8001,0x8001,0x8001,0x8001,0x8002,
  0x8001,0x8001,0x8001,0x8001,0x8001,0x8001,0x8001,0x8001,0x8001,0x8001,0x8001,0x8021,0x8001,0x8001,0x8001,0x8001,
  0x8001,0x8022,0x8001,0x8442,0x8422,0x8422,0x8022,0x8001,0x8022,0x8001,0x8001,0x8001,0x8001,0x8001,0x8001,0x8001,
  0x8024,0x8002,0x8001,0x8001,0x8023,0x8002,0x8001,0x8046,0x8002,0x8023,0x8025,0x8069,0x92DE,0xEBDE,0x929C,0x80CE,
  0x8024,0x8047,0x8001,0x8001,0x8001,0x808B,0x8001,0x8022,0x8001,0x8022,0x8023,0x8043,0x8001,0x8001,0x8001,0x8001,
  0x8001,0x8022,0x8001,0x8001,0x8822,0x8002,0x8001,0x8022,0x8001,0x8445,0x8001,0x8001,0x8002,0x8001,0x8002,0x8001,
  0x8002,0x8001,0x8001,0x8001,0x8002,0x8001,0x8001,0x8001,0x8001,0x8023,0x8001,0x8024,0x8001,0x8023,0x8001,0x8001,
  0x8044,0x8001,0x8023,0x8023,0x8023,0x8022,0x8045,0x8002,0x8024,0x8066,0x8023,0x8467,0x8023,0x8024,0x8002,0x8023,
  0x8001,0x8023,0x890D,0x8002,0x8001,0x8001,0x8001,0x8001,0x8002,0x8001,0x8067,0x8023,0x8089,0x8067,0x8068,0x8023,
  0x8910,0x8045,0x8067,0x88ED,0x8068,0x8067,0x8066,0x990B,0x8001,0x8024,0x8088,0x992D,0x8067,0xB18E,0xA18F,0x80CD,
  0x9D90,0x84AA,0xAD4B,0x8488,0x8046,0x8045,0x88CA,0x8001,0x8001,0x8044,0x8001,0x8067,0x8001,0x8045,0x8046,0x8067,
  0x8023,0x8066,0x8000,0x8045,0x8002,0x8002,0x8001,0x8001,0x8CA9,0x8002,0x8001,0x8001,0x8001,0x8001,0x8001,0x8001,
  0x8001,0x8022,0x8022,0x8002,0x8002,0x8001,0x8001,0x8001,0x8002,0x8001,0x8087,0x8002,0x8001,0x8002,0x8001,0x8001,
  0x8001,0x8001,0x8001,0x8001,0x9461,0xC166,0x8001,0x8001,0x8001,0x8001,0x8001,0x8001,0x8001,0x8001,0x8001,0x8001,
  0x8001,0x8001,0x8001,0x8001,0x8001,0x8022,0x8043,0x8001,0x8023,0x8001,0x8023,0x8001,0x8022,0x8023,0x8001,0x8022,
  0x8023,0x8001,0x8022,0x8001,0x8023,0x8001,0x8023,0x8022,0x8001,0x8002,0x8001,0x8001,0x8001,0x8001,0x8002,0x8001,
  0x8001,0x8001,0x8022,0x8001,0x8001,0x8001,0x8022,0x8001,0x8001,0x8023,0x8001,0x8001,0x8001,0x8001,0x8001,0x8001,
  0x8001,0x8002,0x8022,0x8001,0x8066,0x8002,0x8024,0x8001,0x8023,0x8001,0x8022,0x8023,0x8044,0x8001,0x8001,0x8024,
  0x8001,0x8024,0x8023,0x8001,0x8023,0x8023,0x8001,0x8024,0x8023,0x8002,0x8045,0x8001,0x8023,0x8001,0x8002,0x8001,
  0x8001,0x8001,0x8022,0x8001,0x8001,0x8001,0x8001,0x8001,0x8001,0x8001,0x8001,0x8022,0x8001,0x8001,0x8001,0x8001,
  0x8001,0x8001,0x8002,0x8001,0x8001,0x8422,0x8001,0x8442,0x8022,0x8442,0xA0A3,0x8022,0x8021,0x9063,0x8001,0x8022,
  0x8001,0x8022,0x8001,0x8022,0x8001,0x8001,0x8022,0x8001,0x8001,0x8001,0x8001,0x8001,0x8001,0x8001,0x8001,0x8001,
  0x8001,0x8002,0x8045,0x9F1E,0x8046,0x8002,0x8023,0x8002,0x8002,0x8001,0x8001,0x8001,0x8001,0x8001,0x8001,0x8001,
  0x8001,0x8001,0x8001,0x8001,0x8001,0x8002,0x8001,0x8001,0x8001,0x8465,0x8001,0x8022,0x81D5,0x8001,0x8001,0x8022,
  0x8001,0x8001,0x8002,0x8002,0x8001,0x8001,0x8001,0x8171,0x8022,0x8001,0x8023,0x8001,0x8001,0x8022,0x8023,0x8001,
  0x8022,0x8001,0x8001,0x8001,0x8023,0x8002,0x8001,0x8022,0x8002,0x8002,0x8023,0x8002,0x8002,0x8044,0x8001,0x8045,
  0x8001,0x8022,0x8023,0x8045,0x8046,0x8000,0x8023,0x8001,0x8002,0x8001,0x8001,0x8001,0x8021,0x8001,0x8002,0x8066,
  0x8000,0x84CB,0x8024,0x8066,0x8068,0x8067,0x8089,0x8067,0x9E59,0x88CB,0x8067,0x890E,0x8047,0x8066,0x84CB,0x8024,
  0x80A9,0x8044,0x8D0D,0x88EC,0x8087,0x910C,0x8089,0xA52A,0x8067,0x8467,0x8022,0x8487,0x8002,0x8023,0x8045,0x8001,
  0x8067,0x8467,0x8024,0x8044,0xCF5E,0x8044,0x8087,0x8022,0x8045,0x8000,0x8024,0x8001,0x8001,0x8001,0x8001,0x8001,
  0x8001,0x8001,0x8001,0x8001,0x8001,0x8024,0x8001,0x8001,0x8001,0x8001,0x8001,0x8001,0x8001,0x8D4F,0x8001,0x8002,
  0x8044,0x8002,0x8002,0x8001,0x8002,0x8001,0x8001,0x8001,0x8001,0x8001,0x8001,0x8021,0x8001,0x8001,0x8001,0x8001,
  0x8001,0x8023,0x8002,0x8001,0x8002,0x8045,0x8001,0x8001,0x8001,0x8023,0x8001,0x8023,0x8001,0x8023,0x8002,0x8001,
  0x8001,0x8022,0x8023,0x8001,0x8002,0x8001,0x8001,0x90C7,0x8001,0x8002,0x8001,0x8023,0x8002,0x8001,0x8023,0x8001,
  0x8001,0x8022,0x8022,0x8002,0x8001,0x8023,0x8001,0x8444,0x8022,0x8001,0x8022,0x8044,0x8022,0x8000,0x8066,0x8001,
  0x8001,0x8001,0x8001,0x8001,0x8022,0x8001,0x8001,0x8001,0x8001,0x8488,0x8001,0x8046,0x8000,0x8045,0x8001,0x8024,
  0x8044,0x8023,0x8000,0x8044,0x8022,0x8001,0x8024,0x8001,0x8001,0x8001,0x8002,0x8002,0x8001,0x8044,0x8001,0x8024,
  0x8022,0x8022,0x8001,0x8001,0x8001,0x8002,0x8043,0x8002,0x8002,0x8002,0x8001,0x8001,0x8001,0x8001,0x8001,0x8001,
  0x8001,0x8002,0x8001,0x8001,0x8002,0x8001,0x8001,0x8001,0x8001,0x8001,0x8001,0x8001,0x8022,0x8001,0x8842,0x8842,
  0xA8E3,0x8C42,0x8842,0x8000,0x8422,0x8002,0x8842,0x8001,0x8001,0x8001,0x8001,0x8001,0x8001,0x8001,0x8001,0x8001,
  0x8001,0x8001,0x8001,0x8001,0x8001,0x8001,0x8001,0x8023,0x8002,0x808B,0x8023,0x8023,0x8023,0x8002,0x8002,0x8001,
  0x8001,0x8001,0x8001,0x8001,0x8001,0x8001,0x8001,0x8001,0x8001,0x8001,0x8001,0x8001,0x8001,0x8001,0x8001,0x8001,
  0x8001,0x8001,0x8001,0x8001,0x8001,0x8002,0x8002,0x8022,0x8002,0x8467,0x8001,0x8001,0x8002,0x8002,0x8001,0x8001,
  0x8001,0x8001,0x8001,0x8002,0x8001,0x8023,0x8022,0x8001,0x8023,0x8002,0x8002,0x8001,0x8043,0x8001,0x8023,0x8002,
  0x8002,0x8023,0x8024,0x8000,0x8023,0x8001,0x8025,0x8001,0x8024,0x8001,0x8000,0x8089,0x8001,0x8046,0x8023,0x8002,
  0x8002,0x8045,0x8001,0x8001,0x808A,0x8002,0x8066,0x8002,0x80CC,0x8046,0x80AB,0x9171,0x8046,0x9173,0x808A,0x84AA,
  0x912F,0x8045,0x8089,0x8D30,0x8023,0x84AB,0x8044,0x8067,0x8045,0x8023,0x8CCB,0x8089,0xA54C,0x8066,0x8066,0x9D2E,
  0x8088,0x8024,0x8488,0x8024,0x8046,0x8002,0x8488,0x8002,0x8488,0x8088,0x8023,0x8046,0x8887,0x8043,0x8066,0x8066,
  0x8044,0x8001,0x8002,0x8023,0x8001,0x8001,0x8044,0x8001,0x8001,0x8022,0x8001,0x8022,0x8001,0x8001,0x8001,0x8001,
  0x8001,0x8001,0x8001,0x8001,0x8001,0x8002,0x8001,0x8002,0x8001,0x8001,0x8001,0x8001,0x8002,0x8001,0x8001,0x8001,
  0x8001,0x8001,0x8001,0x8001,0x8001,0x8001,0x8001,0x8001,0x8001,0x8001,0x8022,0x8001,0x8001,0x8001,0x8CC8,0x8023,
  0x8001,0x8023,0x8023,0x8001,0x8002,0x8023,0x8001,0x8023,0x8000,0x8000,0x8002,0x8023,0x8023,0x8001,0x8024,0x8001,
  0x8022,0x8022,0x8023,0x8022,0x8022,0x8001,0x8022,0x8022,0x8022,0x8022,0x8001,0x8001,0x8001,0x8002,0x8001,0x8001,
  0x8001,0x8001,0x8001,0x8001,0x8001,0x8001,0x8001,0x8001,0x8001,0x8001,0x8002,0x8001,0x8002,0x8022,0x8001,0x8023,
  0x8001,0x8022,0x8024,0x8001,0x8024,0x8024,0x8001,0x8002,0x8023,0x8001,0x8002,0x8001,0x8001,0x8001,0x8001,0x8022,
  0x8001,0x8001,0x8022,0x8001,0x8002,0x8001,0x90A8,0x8001,0x8001,0x8023,0x8001,0x8022,0x8022,0x8001,0x8001,0x8001,
  0x8001,0x8001,0x8001,0x8001,0x8001,0x8001,0x8001,0x81B5,0x8002,0x8001,0x8001,0x8001,0x8001,0x8001,0x8001,0x8001,
  0x8001,0x8001,0x8001,0x8842,0x8421,0x8842,0xFF70,0x8C62,0x8C62,0x8022,0x8022,0x8001,0x8001,0x8001,0x8001,0x8001,
  0x8001,0x8001,0x8001,0x8001,0x8001,0x8001,0x8002,0x8001,0x8001,0x8001,0x8022,0x8002,0x8001,0x8022,0x8002,0x8068,
  0x8023,0x8025,0x8002,0x8002,0x8001,0x8001,0x8001,0x8025,0x8001,0x8001,0x8001,0x8001,0x8002,0x8001,0x8001,0x8001,
  0x8001,0x8001,0x8001,0x8001,0x8001,0x8001,0x8001,0x8001,0x8001,0x8001,0x8001,0x8024,0x8001,0x8001,0x8001,0x8001,
  0x8001,0x8022,0x8001,0x8001,0x8002,0x8002,0x8002,0x8001,0x8022,0x8001,0x8001,0x8001,0x8001,0x8002,0x8001,0x8001,
  0x8022,0x8022,0x8002,0x8022,0x8001,0x8001,0x8022,0x8001,0x8001,0x8001,0x8001,0x8023,0x8001,0x8024,0x8001,0x8002,
  0x8024,0x8022,0x8002,0x8889,0x8000,0x8024,0x8023,0x8002,0x8023,0x8046,0x8001,0x8045,0x8001,0x8044,0x8001,0x8067,
  0x8067,0x8044,0x808A,0x84AA,0x912F,0x88CB,0x8067,0x8066,0x890F,0x8067,0x84CC,0x8488,0x84CB,0x8001,0x8088,0x8045,
  0x8002,0x84CB,0x8045,0x8046,0x992D,0x8045,0x8488,0x8067,0x8023,0x8023,0x8023,0x8001,0x8066,0x88A9,0x8045,0x8488,
  0x8489,0x8066,0x8044,0x84A8,0x8001,0x8088,0x8001,0x8002,0x8001,0x8023,0x8001,0x8001,0x8045,0x8001,0x8002,0x8002,
  0x8002,0x8001,0x8001,0x8001,0x8001,0x8001,0x8001,0x8001,0x8001,0x8001,0x8001,0x8001,0x8001,0x8022,0x8002,0x8001,
  0x8001,0x8001,0x8002,0x8001,0x8001,0x8002,0x8001,0x8001,0x8002,0x8002,0x8022,0x8001,0x8001,0x8045,0x8001,0x8002,
  0x8021,0x8443,0x8001,0x8001,0x8022,0x8001,0x8024,0x8001,0x8423,0x8023,0x8023,0x8001,0x8023,0x8001,0x8022,0x8022,
  0x8001,0x8022,0x8023,0x8001,0x8001,0x8002,0x8043,0x9C82,0x8001,0x8442,0x8001,0x8022,0x8022,0x8842,0x8022,0x8021,
  0x8022,0x8022,0x8001,0x8001,0x8001,0x8002,0x8001,0x8001,0x8001,0x8001,0x8001,0x8001,0x8C88,0x8001,0x8001,0x8001,
  0x8022,0x8001,0x8001,0x8022,0x8023,0x8001,0x8023,0x8023,0x8001,0x8046,0x8001,0x8002,0x8002,0x8023,0x8001,0x80CD,
  0x8001,0x8002,0x8001,0x8023,0x8001,0x8001,0x8002,0x8022,0x8001,0x8024,0x8002,0x8001,0x8044,0x8001,0x8022,0x8022,
  0x8065,0x8022,0x8843,0x8843,0x8023,0x8002,0x8001,0x8023,0x8023,0x8001,0x8001,0x8022,0x8001,0x8001,0x8001,0x8001,
  0x8001,0x8001,0x8001,0x8022,0x8021,0x8022,0x8001,0x8422,0x9883,0x8842,0xB0E3,0xFB72,0xFFFA,0xFF4F,0xB0E5,0x8842,
  0x8842,0x8001,0x8C63,0x8421,0x8001,0x8001,0x8422,0x8022,0x8001,0x8001,0x8001,0x8001,0x8001,0x8001,0x8001,0x8047,
  0x8001,0x8002,0x8002,0x8001,0x8002,0x8024,0x8023,0x8001,0x8024,0x8001,0x8002,0x8046,0x8002,0x8001,0x8001,0x8024,
  0x8001,0x8001,0x8002,0x8002,0x8001,0x8001,0x8001,0x8001,0x8001,0x8001,0x8001,0x8001,0x8023,0x8001,0x8001,0x8001,
  0x8001,0x8002,0x8001,0x8002,0x8002,0x8001,0x8001,0x8002,0x8001,0x8001,0x8001,0x8001,0x8001,0x8023,0x8023,0x8001,
  0x8001,0x8002,0x8023,0x8001,0x8001,0x8022,0xC5C7,0xCDC6,0x8022,0x8001,0x8022,0x8022,0x8001,0x8023,0x8024,0x8001,
  0x8044,0x8001,0x8023,0x8001,0x8024,0x8001,0x8022,0x8001,0x8001,0x8001,0x8001,0x8001,0x8003,0x8067,0x8044,0x8022,
  0x8045,0x8001,0x8045,0x8066,0x8066,0x8022,0x8068,0x80CD,0x8045,0x88ED,0x80A9,0x84CC,0x84AB,0x95B4,0x8089,0x8D30,
  0x8067,0x910E,0x8023,0x84AA,0x8023,0x8024,0x8066,0x8023,0x8022,0x8023,0x88A9,0x8022,0x8044,0x8001,0x8002,0x84A9,
  0x8024,0x8024,0x910E,0x8067,0x90EC,0x8CCA,0x8066,0x84A9,0x8045,0x90CA,0x8045,0x8044,0x8023,0x8001,0x8022,0x8022,
  0x8001,0x8001,0x8001,0x8002,0x8002,0x8002,0x8001,0x8022,0x8001,0x8001,0x8001,0x8001,0x8001,0x8001,0x8022,0x8002,
  0x8001,0x8001,0x8023,0x8022,0x8001,0x8001,0x8001,0x8001,0x8001,0x8001,0x8001,0x8001,0x8001,0x8001,0x8001,0x8002,
  0x8001,0x8001,0x8001,0x8002,0x8001,0x8022,0x8001,0x8001,0x8001,0x8001,0x8001,0x8001,0x8001,0x8001,0x8045,0x8001,
  0x8001,0x8001,0x8001,0x8001,0x8001,0x8022,0x8001,0x8001,0x8001,0x8001,0x8001,0x8002,0x8001,0x8001,0x8021,0x8001,
  0x8022,0x8022,0x8442,0x9483,0x8C42,0x8422,0x8022,0x8002,0x8001,0x8001,0x8022,0x8001,0x8001,0x8001,0x8002,0x8001,
  0x8001,0x8022,0x8001,0x8001,0x8001,0x8001,0x8046,0x8001,0x8001,0x8022,0x8023,0x8023,0x8001,0x8001,0x8023,0x8001,
  0x8066,0x8001,0x8022,0x8023,0x8044,0x8001,0x8023,0x8001,0x8001,0x8001,0x8002,0x8001,0x8002,0x8002,0x8001,0x8001,
  0x8001,0x8002,0x8001,0x8022,0x8022,0x8044,0x8001,0x8443,0x8023,0x8002,0x8001,0x8422,0x8022,0x8002,0x8001,0x8001,
  0x8001,0x8001,0x8001,0x8001,0x8001,0x8001,0x8001,0x8001,0x8001,0x8001,0x8001,0x8001,0x8001,0x8022,0x8021,0x8842,
  0x8842,0x8C84,0xFF91,0x8842,0x8842,0x8022,0x8842,0x8001,0x8001,0x8001,0x8001,0x8001,0x8001,0x8001,0x8001,0x8001,
  0x8001,0x8001,0x8001,0x8001,0x8001,0x8001,0x8001,0x8001,0x8002,0x8001,0x8001,0x80AB,0x8002,0x8002,0x8001,0x8002,
  0x8022,0x8002,0x8001,0x8001,0x8024,0x8001,0x8023,0x8022,0x8002,0x8001,0x8022,0x8002,0x8001,0x8001,0x8001,0x8001,
  0x8001,0x8001,0x8002,0x8001,0x8001,0x8001,0x8001,0x8001,0x8001,0x8001,0x8001,0x8001,0x8001,0x8001,0x8001,0x8001,
  0x8002,0x8001,0x8001,0x8001,0x8001,0x8022,0xB128,0x8001,0x8001,0x8001,0x8001,0x8001,0x8422,0x8022,0x8001,0x8002,
  0x8001,0x8001,0x8001,0x8001,0x8001,0x8022,0x8001,0x8001,0x8001,0x8024,0x8022,0x8045,0x8001,0x8024,0x8000,0x8046,
  0x8045,0x8002,0x8002,0x8002,0x8045,0x8066,0x8001,0x8022,0x8002,0x8489,0x8000,0x8068,0x8023,0x8046,0x84CD,0x8089,
  0x80AA,0x8047,0xB31E,0x8088,0x84CC,0x8066,0x8CED,0x8066,0x8045,0x8067,0x80A9,0x8024,0x80CC,0x8001,0x8089,0x8066,
  0x8023,0x8046,0x8002,0x8001,0x88A9,0x8023,0x88AA,0x8CCB,0x8024,0x890E,0x8088,0x8488,0x90EC,0x8045,0x8CED,0x8066,
  0x8024,0x8001,0x8002,0xA5F7,0x8000,0x88AA,0x8067,0x8001,0x8002,0x8002,0x8024,0x8001,0x8001,0x8023,0x8002,0x8001,
  0x8001,0x8001,0x8001,0x8002,0x8023,0x8001,0x8022,0x8443,0x8002,0x8022,0x8001,0x8002,0x8001,0x8001,0x8001,0x8001,
  0x8001,0x8023,0x8002,0x8001,0x8001,0x8001,0x8001,0x9992,0x8001,0x8001,0x8023,0x8001,0x8001,0x8001,0x8001,0x8001,
  0x8001,0x8001,0x8001,0x8045,0x8001,0x8022,0x8002,0x8001,0x8023,0x8001,0x8001,0x8001,0x8002,0x8001,0x8001,0x8022,
  0x8001,0x98C7,0x8001,0x8001,0x8022,0x8842,0x8022,0x8842,0x9CA3,0xF797,0xC5EB,0xA0A4,0x8422,0x8022,0x8002,0x8001,
  0x8842,0x8001,0x8001,0x8002,0x8002,0x8001,0x8023,0x8001,0x8001,0x8001,0x8001,0x8001,0x8001,0x8022,0x8044,0x8023,
  0x8001,0x8023,0x8002,0x8023,0x8001,0x8023,0x8001,0x8023,0x8002,0x8022,0x8001,0x8001,0x8001,0x8001,0x8001,0x8001,
  0x8001,0x8001,0x8001,0x8001,0x8001,0x8001,0x8023,0x8001,0x8022,0x8022,0x8023,0x8023,0x8043,0x8022,0x8002,0x8023,
  0x8465,0x8002,0x8001,0x8001,0x8001,0x8001,0x8001,0x8002,0x8001,0x8001,0x8001,0x8001,0x8001,0x8001,0x8001,0x8001,
  0x8001,0x8002,0x8022,0x8001,0x8022,0x8022,0x8842,0x8842,0xACA3,0x9063,0x8422,0x8422,0x8001,0x8022,0x8022,0x8002,
  0x8001,0x8001,0x8001,0x8001,0x8001,0x8001,0x8001,0x8001,0x8001,0x8001,0x8001,0x8001,0x8001,0x8022,0x8023,0x8001,
  0x8001,0x8023,0x8001,0x8001,0x8001,0x80CB,0x8002,0x8001,0x8001,0x8022,0x8001,0x8001,0x8001,0x8001,0x8022,0x8001,
  0x8001,0x8002,0x8002,0x8001,0x8001,0x8002,0x8002,0x8001,0x8001,0x8001,0x8001,0x8001,0x8001,0x8002,0x8001,0x8022,
  0x8022,0x8001,0x8002,0x8002,0x8001,0x8001,0x8001,0x8001,0x8001,0x8001,0x8022,0x8022,0x8001,0x8001,0x8001,0x8022,
  0x8822,0x8002,0x8022,0x8001,0x8842,0x8001,0x8001,0x8002,0x8002,0x8002,0x8065,0x8002,0x8002,0x8001,0x8024,0x8044,
  0x8023,0x8045,0x8023,0x8023,0x8045,0x8001,0x8045,0x8024,0x8023,0x8001,0x8023,0x8001,0x8067,0x8002,0x8023,0x8024,
  0x84CB,0x8002,0x8066,0x8024,0x8088,0x8045,0x8D0E,0x8046,0x84AA,0x84CC,0x8089,0x84AA,0x8089,0x8024,0x8045,0x9DB3,
  0x8045,0x8067,0xBB3C,0x8487,0x8088,0x8045,0x8066,0x8023,0x8045,0x8888,0x8001,0x8487,0x8045,0x8489,0x9D70,0x8024,
  0x912E,0x88CA,0x8487,0x8067,0x8489,0x8022,0x8045,0x84A9,0x8044,0x8002,0x8024,0x8001,0x8002,0x8045,0x8023,0x8022,
  0x8001,0x8001,0x8001,0x8022,0x8002,0x8024,0x8991,0x8002,0x8001,0x8001,0x8001,0x8001,0x8002,0x8001,0x8001,0x8022,
  0x8001,0x8002,0x8002,0x8001,0x8001,0x8001,0x8001,0x8002,0x8001,0x8001,0x8001,0x8002,0x8002,0x8001,0x8001,0x8001,
  0x8001,0x8001,0x8001,0x8001,0x8023,0x8022,0x8001,0x8022,0x8001,0x8001,0x8022,0x8001,0x8001,0x8001,0x8002,0x8001,
  0x8001,0x8002,0x8001,0x8002,0x8002,0x8001,0x8001,0x8023,0x8022,0x8001,0x8002,0x8002,0x8022,0x8022,0x8422,0x9483,
  0x9063,0x8022,0x8022,0x8022,0x8001,0x8001,0x8001,0x8001,0x8002,0x8001,0x8001,0x8001,0x8001,0x8001,0x8001,0x8001,
  0x8001,0x8001,0x8001,0x8001,0x8001,0x8001,0x8001,0x8001,0x8022,0x8068,0x8001,0x8002,0x8022,0x8001,0x8001,0x8001,
  0x8002,0x8022,0x8001,0x8001,0x8023,0x8001,0x8001,0x8001,0x8002,0x8022,0x8001,0x8024,0x8001,0x8023,0x8044,0x8022,
  0x8443,0x8022,0x8022,0x8001,0x8443,0x8022,0x8022,0x8022,0x8022,0x8022,0x8022,0x8001,0x8001,0x8001,0x8022,0x8001,
  0x8001,0x8001,0x8001,0x8001,0x8002,0x8022,0x8001,0x8001,0x8001,0x8022,0x8001,0x8842,0x8022,0x8842,0x9483,0x8021,
  0x8442,0x8001,0x8442,0x8002,0x8002,0x8022,0x8001,0x8001,0x8023,0x8002,0x8001,0x8001,0x8002,0x8002,0x8001,0x8001,
  0x8001,0x8001,0x8022,0x8002,0x8001,0x8023,0x8001,0x8001,0x8024,0x8001,0x8023,0x8001,0x8001,0x8002,0x8001,0x8001,
  0x8001,0x8001,0x8022,0x8001,0x8001,0x8001,0x9088,0x8001,0x8001,0x8001,0x8001,0x8001,0x8002,0x8001,0x8001,0x8001,
  0x8001,0x8001,0x8001,0x8025,0x8001,0x8001,0x8022,0x8023,0x8002,0x8023,0x8022,0x8002,0x8001,0x8001,0x8001,0x8002,
  0x8002,0x8022,0x8002,0x8001,0x8001,0x8001,0x8023,0x8001,0x8002,0x8022,0x8001,0x8C42,0x8001,0x8001,0x8001,0x8022,
  0x8001,0x8001,0x8001,0x8046,0x8023,0x8022,0x8046,0x8001,0x8066,0x90A7,0x8023,0x8044,0x8001,0x8466,0x8023,0x8044,
  0x8002,0x8024,0x8044,0x8066,0x8022,0x8045,0x8023,0x8088,0x8022,0x8089,0x8001,0x84CC,0x8046,0x84CB,0x8066,0x80AA,
  0x8045,0x84CC,0x8045,0x892F,0x8023,0x8089,0x84CC,0x8068,0x8067,0x890E,0x8067,0x84CB,0x8068,0x8002,0x84CB,0x8045,
  0x8045,0x8467,0x8067,0x992D,0x8088,0x80A9,0x994F,0x8CEC,0x8046,0x88EC,0x8024,0x8044,0x8D30,0x8044,0x8066,0x8068,
  0x8002,0x8044,0x8488,0x8001,0x8001,0x8044,0x8001,0x8866,0x8001,0x8001,0x8001,0x8002,0x8002,0x8002,0x8001,0x8001,
  0x8001,0x8001,0x8001,0x8001,0x8001,0x8C65,0x8844,0x8001,0x8002,0x8001,0x8001,0x8001,0x8001,0x8001,0x8487,0x8022,
  0x8001,0x8022,0x8002,0x8001,0x8001,0x8001,0x8001,0x8022,0x8001,0x8001,0x8066,0x8022,0x8002,0x8001,0x8001,0x8001,
  0x8001,0x8023,0x8001,0x8001,0x8001,0x8001,0x8001,0x8001,0x8001,0x8022,0x8022,0x8001,0x8001,0x8002,0x8001,0x8022,
  0x8001,0x8001,0x8001,0x8022,0x8422,0x8422,0x8022,0x8022,0x8022,0x8001,0x8001,0x8001,0x8001,0x8022,0x8444,0x8022,
  0x8001,0x8001,0x8001,0x8001,0x8001,0x8001,0x8001,0x8001,0x8001,0x8023,0x8023,0x8022,0x8044,0x8001,0x8001,0x8002,
  0x8023,0x8001,0x8022,0x8022,0x8001,0x8001,0x8001,0x8001,0x8001,0x8001,0x8001,0x8001,0x8002,0x80CB,0x8023,0x8001,
  0x8001,0x8001,0x8002,0x8001,0x8044,0x8001,0x8001,0x8422,0x8022,0x8022,0x8022,0xF6A9,0x8021,0x8022,0x8022,0x8002,
  0x8001,0x8001,0x8001,0x8022,0x8001,0x8023,0x8001,0x8001,0x8001,0x8022,0x8022,0x8001,0x8001,0x8001,0x8001,0x8001,
  0xA4E5,0x8001,0x8422,0x8021,0x8021,0x8422,0x8001,0x8842,0x8001,0x8022,0x8001,0x8442,0x8001,0x8001,0x8001,0x8001,
  0x8001,0x8001,0x8A5B,0x8002,0x8001,0x8001,0x8001,0x8022,0x8001,0x8001,0x8023,0x8001,0x8001,0x8001,0x8001,0x8001,
  0x8001,0x8001,0x8001,0x8001,0x8001,0x8001,0x8002,0x8002,0x8002,0x8001,0x8001,0x8001,0x8001,0x8001,0x8022,0x8002,
  0x8001,0x8001,0x8002,0x8002,0x8001,0x8001,0x8001,0x8001,0x8022,0x8002,0x8022,0x8001,0x8001,0x8001,0x8002,0x8088,
  0x8002,0x8022,0x8001,0x8023,0x8001,0x8001,0x8001,0x8002,0x90EB,0x8022,0x8001,0x8001,0x8002,0x8001,0x8001,0x8001,
  0x8422,0x8001,0x8002,0x8001,0x8001,0x8001,0x8001,0x8001,0x8023,0x8001,0x8044,0x8022,0x8002,0x8066,0x8001,0x8045,
  0x8066,0x8002,0x8045,0x8023,0x90EA,0x8466,0x8002,0x8044,0x8002,0x8022,0x8045,0x8001,0x8488,0x8001,0x8001,0x9150,
  0x8066,0x8023,0x8046,0x8024,0x8067,0x8002,0x88ED,0x8024,0x8068,0x80AA,0x8044,0x8046,0x8066,0x8D0E,0x8089,0x84ED,
  0x88EE,0x8068,0x9150,0x8088,0x8045,0x8045,0x80AA,0x8024,0x90ED,0x8068,0x8044,0xA54D,0x8045,0x8489,0x88CA,0x8045,
  0x8065,0x8022,0x8045,0x9D70,0x84A9,0x8001,0x8001,0x8001,0x8001,0x8045,0x8023,0x8002,0x84AA,0x8001,0x8001,0x8001,
  0x8001,0x8001,0x8001,0x8001,0x8001,0x8001,0x8001,0x8001,0x8001,0x8001,0x8002,0x8001,0x8001,0x8001,0x8002,0x8001,
  0x8001,0x8001,0x8001,0x8023,0x8001,0x8001,0x8001,0x8001,0x8001,0x8001,0x8024,0x8001,0x8001,0x8001,0x8002,0x8066,
  0xDBFF,0x8001,0x8022,0x8022,0x8001,0x8001,0x8022,0x8002,0x8022,0x8002,0x8001,0x8001,0x8001,0x8001,0x8001,0x8002,
  0x8001,0x8022,0x8001,0x8001,0x8001,0x8001,0x8022,0x8001,0x8422,0x8001,0x8002,0x8442,0x8022,0x8001,0x8022,0x8001,
  0x8001,0x8001,0x8001,0x8001,0x8001,0x8001,0x8001,0x8001,0x8001,0x8001,0x8001,0x8001,0x8001,0x8001,0x8045,0x8022,
  0x8001,0x8001,0x8001,0x8001,0x8001,0x8001,0x8046,0x8002,0x8001,0x8023,0x8001,0x8002,0x8002,0x8022,0x8001,0x8002,
  0x8001,0x8001,0x8001,0x8001,0x8001,0x8001,0x8001,0x8001,0x8002,0x8022,0x8023,0x8001,0x8001,0x8022,0x8022,0x8442,
  0x8022,0x8842,0x8443,0x8022,0x8001,0x8001,0x8001,0x8001,0x8044,0x8022,0x8001,0x8022,0x8001,0x8001,0x8001,0x8001,
  0x8001,0x8422,0x8001,0x8001,0x8022,0x8001,0x8001,0x8022,0x8001,0x8001,0x94A4,0x8001,0x8422,0x8001,0x8442,0x8001,
  0x8001,0x8022,0x8001,0x8001,0x8001,0x8001,0x8001,0x8001,0x8002,0x8002,0x8001,0x8045,0x8022,0x8001,0x8044,0x8024,
  0x8001,0x8001,0x8001,0x8001,0x8001,0x8001,0x8001,0x8001,0x8001,0x8001,0x8001,0x8002,0x863B,0x8001,0x8002,0x8001,
  0x8001,0x8001,0x8001,0x8002,0x8001,0x8443,0x8001,0x8002,0x8001,0x8001,0x8001,0x8001,0x8001,0x8023,0x8022,0x8001,
  0x8045,0x8002,0x8022,0x8002,0x8045,0xC3DF,0x8045,0x8022,0x8022,0x8002,0x8001,0x8044,0x8022,0x8002,0x8002,0x8002,
  0x8023,0x8001,0x8001,0x8001,0x8001,0x8002,0x8001,0x8022,0x8002,0x8001,0x8002,0x8001,0x8001,0x8001,0x8001,0x8023,
  0x8023,0xBB5D,0x8023,0x8023,0x8023,0x8044,0x8001,0x8066,0x8023,0x8023,0x8024,0x8467,0x8466,0x8024,0x8044,0x8044,
  0x8023,0x8002,0x8066,0x84A8,0x8022,0x8024,0x8023,0x80AB,0x8023,0x8000,0x8024,0x8023,0x8023,0x80AA,0x8023,0x8045,
  0x80A9,0x8023,0x9571,0x84CB,0xBB1C,0x84CC,0x8089,0x84ED,0x80CB,0x8D0E,0x8067,0x84CB,0x8046,0x8489,0x8068,0x8045,
  0x992D,0x8046,0x990B,0x90C9,0x8467,0x8CC8,0x8466,0x8044,0xA94C,0x8025,0x8024,0x8024,0x8024,0x8023,0x8002,0x8488,
  0x8023,0x8002,0x8023,0x8002,0x8002,0x8001,0x8001,0x8001,0x8001,0x8001,0x8001,0x8001,0x8002,0x8002,0x8002,0x8002,
  0x8001,0x8001,0x8001,0x8001,0x8002,0x8002,0x8001,0x8001,0x8001,0x8002,0x8001,0x8001,0x8001,0x8001,0x8001,0x8001,
  0x8001,0x8001,0x8001,0x8001,0x8001,0x8001,0x8023,0x8022,0x8002,0x8001,0x8001,0x8001,0x8001,0x8002,0x8001,0x8002,
  0x8001,0x8001,0x8001,0x8001,0x8001,0x8001,0x8001,0x8001,0x8002,0x8001,0x8001,0x8001,0x8002,0x8002,0x8001,0x8001,
  0x8022,0x8022,0x8022,0x8022,0x8001,0x8001,0x8022,0x8001,0x8001,0x8001,0x8001,0x8001,0x8001,0x8001,0x8024,0x8001,
  0x8001,0x8001,0x8002,0x8001,0x8001,0x8001,0x8002,0x8044,0x9239,0x8002,0x8001,0x8023,0x8001,0x8001,0x8001,0x8001,
  0x8001,0x8001,0x8045,0x8001,0x8001,0x8001,0x8001,0x8001,0x8023,0x8001,0x8001,0x8001,0x8001,0x8043,0x8002,0x8002,
  0x8866,0x8001,0x8022,0x8001,0x8001,0x8002,0x8022,0x8022,0x8001,0x8001,0x8001,0x8022,0x8002,0x8022,0x8001,0x8023,
  0x8001,0x8001,0x8046,0x8001,0x8002,0x8002,0x8002,0x8001,0x8002,0x8001,0x8001,0x8022,0x8001,0x8001,0x8022,0x8001,
  0x8422,0x8002,0x8022,0x8001,0x8001,0x8001,0x8001,0x8001,0x8001,0x8001,0x8001,0x8023,0x8023,0x8001,0x8001,0x8001,
  0x8001,0x8002,0x8001,0x8001,0x8002,0x8002,0x8001,0x8001,0x8001,0x8001,0x8001,0x8001,0x8001,0x8044,0x8002,0x8001,
  0x8001,0x8001,0x8001,0x8022,0x8001,0x8001,0x8001,0x8001,0x8002,0x8001,0x8001,0x8002,0x8001,0x8001,0x8001,0x8001,
  0x8001,0x8001,0x8001,0x8021,0x8001,0x8001,0x8001,0x8002,0x8022,0x8023,0x8001,0x8066,0x8001,0x8022,0x8001,0x8001,
  0x8001,0x8001,0x8001,0x8001,0x8001,0x8001,0x8002,0x8002,0x8002,0x8001,0x8001,0x8001,0x8002,0x8002,0x9084,0x8022,
  0x8021,0x8001,0x8001,0x8023,0x8001,0x8088,0x8024,0x8023,0x8045,0x8022,0x8046,0x8002,0x8045,0x8022,0x8001,0x8046,
  0x8045,0x8002,0x8022,0x8466,0x8002,0x8044,0x8CC8,0x8023,0x8002,0x8044,0x8001,0x8067,0x8001,0x8067,0x8045,0x8046,
  0x8022,0x8045,0x8045,0x8000,0x8088,0x8002,0x8044,0x8066,0x9571,0x8089,0x8951,0x84CC,0x80AA,0xA657,0x84A9,0x8066,
  0x8D0D,0x84A9,0x84AA,0x8088,0x8CEB,0x8025,0x8045,0x8D0D,0x8488,0x90CA,0x90EB,0x8088,0x8024,0x8066,0x88A8,0x84CA,
  0x8066,0x8001,0x8024,0x8045,0x8002,0x8023,0x8888,0x8045,0x8001,0x8001,0x8001,0x8CEB,0x8002,0x8001,0x8001,0x8001,
  0x8022,0x8001,0x8002,0x8002,0x8022,0x8002,0x8001,0x8001,0x8001,0x8001,0x8001,0x8002,0x8001,0x8001,0x8001,0x8001,
  0x8001,0x8001,0x8001,0x8001,0x8001,0x8001,0x8001,0x8001,0x8001,0x8001,0x8001,0x8001,0x8002,0x8001,0x8001,0x8001,
  0x8022,0x8001,0x8001,0x8001,0x8001,0x8001,0x8001,0x8001,0x8000,0x8000,0x8001,0x8001,0x8001,0x8001,0x8001,0x8001,
  0x8001,0x8001,0x8044,0x8002,0x8001,0x8023,0x8001,0x8002,0x8001,0x8001,0x8001,0x8422,0x8001,0x8001,0x8001,0x8044,
  0x8001,0x8001,0x8001,0x8001,0x8001,0x8001,0x8001,0x8001,0x8001,0x8001,0x8002,0x8001,0x8002,0x8002,0x8001,0x8001,
  0x8001,0x8001,0x8023,0x8001,0x8001,0x8001,0x8001,0x8002,0x8024,0x8001,0x8001,0x8022,0x8001,0x8002,0x8001,0x8001,
  0x8001,0x8001,0x8844,0x8001,0x8002,0x8001,0x8001,0x8001,0x8002,0x8001,0x8002,0x8001,0x8022,0x8022,0x8422,0x8022,
  0x8001,0x8001,0x8001,0x8001,0x8887,0x8001,0x8001,0x88CA,0x8002,0x8022,0x8001,0x8001,0x8001,0x8002,0x8001,0x8001,
  0x8001,0x8842,0x8001,0x8022,0x8001,0x8422,0x8001,0x8001,0x8001,0x8002,0x8001,0x8C63,0x8001,0x8022,0x8001,0x8001,
  0x8001,0x8001,0x8001,0x8001,0x8001,0x8001,0x8001,0x8001,0x8001,0x8001,0x8022,0x8001,0x8001,0x8001,0x8001,0x8022,
  0x8001,0x8001,0x8001,0x8001,0x8001,0x8001,0x8001,0x8001,0x8001,0x8001,0x8001,0x8023,0x8022,0x8001,0x8C65,0x8001,
  0x8002,0x8001,0x8001,0x8001,0x8001,0x8001,0x8001,0x8001,0x8001,0x8002,0x8001,0x8001,0x8001,0x8001,0x8023,0x8001,
  0x8001,0x8022,0x8022,0x8002,0x8001,0x8001,0x8001,0x8001,0x8044,0x8002,0x8001,0x80CC,0x8001,0x8001,0x8001,0x8001,
  0x8001,0x8001,0x8001,0x8022,0x8002,0x8001,0x8001,0x8002,0x8023,0x8001,0x8045,0x8045,0x8045,0x8022,0x8023,0x8045,
  0x8022,0x8045,0x90EB,0x8022,0x8CCA,0x8001,0x8002,0x8024,0x8002,0x8466,0x8024,0x8023,0x8044,0x8466,0x8044,0x8002,
  0x8022,0x8001,0x8489,0x8002,0x8023,0x8001,0x8022,0x8001,0x8000,0x8023,0x8000,0x8068,0x8D10,0x8045,0x80A9,0x890F,
  0x8089,0x80CB,0xB73E,0x8089,0x80AA,0x9150,0x808A,0x8089,0x8067,0x890E,0xB9AD,0x8068,0x8045,0x8002,0x8467,0x8467,
  0x8024,0x8CEC,0x8889,0x8024,0x8045,0x8066,0x8045,0x8066,0x8023,0x8023,0xA9D3,0x8001,0x8023,0x8000,0x8002,0x8001,
  0x8044,0x8001,0x8001,0x8002,0x8001,0x8001,0x8001,0x8001,0x8022,0x9EDD,0x8001,0x8001,0x8001,0x8001,0x8001,0x8001,
  0x8001,0x8001,0x8002,0x8001,0x8001,0x8001,0x8001,0x8022,0x8001,0x8001,0x8002,0x8045,0x8001,0x8001,0x8001,0x8001,
  0x8001,0x8001,0x8001,0x8001,0x8001,0x8023,0x8001,0x8001,0x8001,0x8001,0x8002,0x8001,0x8001,0x8001,0x8002,0x8001,
  0x8001,0x8001,0x8001,0x8001,0x8001,0x8001,0x8001,0x8001,0x8023,0x8001,0x8002,0x8001,0x8022,0x8001,0x8001,0x8001,
  0x8022,0x8001,0x8001,0x8002,0x8001,0x8001,0x8001,0x8001,0x8001,0x8001,0x8001,0x8001,0x8001,0x8022,0x8001,0x8001,
  0x8001,0x8001,0x8001,0x8002,0x8022,0x8001,0x8022,0x8001,0x8023,0x8001,0x8001,0x8001,0x8001,0x8001,0x8001,0x8001,
  0x8002,0x8001,0x8001,0x8023,0x8001,0x8001,0x8001,0x8001,0x8001,0x8001,0x8001,0x8002,0x8001,0x8001,0x8001,0x8024,
  0x8001,0x8022,0x8001,0x8001,0x8001,0x8023,0x8001,0x8001,0x8001,0x8001,0x8887,0x8001,0x8022,0x8001,0x8001,0x8001,
  0x8001,0x8001,0x8001,0x8067,0x8001,0x8001,0x8001,0x8001,0x8001,0x8001,0x8001,0x8022,0x8002,0x8001,0x8001,0x8001,
  0x8001,0x8022,0x8022,0x8002,0x8001,0x8001,0x8001,0x8001,0x8001,0x8001,0x8001,0x8001,0x8001,0x8001,0x8001,0x8001,
  0x8002,0x8001,0x8001,0x8001,0x8001,0x80AB,0x8001,0x8022,0x8001,0x8001,0x8001,0x8002,0x8022,0x8001,0x8001,0x8001,
  0x8001,0x8023,0x8022,0x8001,0x8001,0x8001,0x8001,0x8001,0x8001,0x8001,0x8001,0x8001,0x8001,0x8001,0x8002,0x8002,
  0x8001,0x8001,0x8001,0x8022,0x8044,0x8001,0x8001,0x8023,0x8002,0x8001,0x8001,0x8001,0x8001,0x8022,0x8045,0x8001,
  0x8000,0x8046,0x8001,0x8001,0x8023,0x8001,0x8002,0x8001,0x8843,0x8001,0x8001,0x8001,0x8001,0x8001,0x8001,0x8002,
  0x8022,0x8066,0x8022,0x8023,0x8002,0x8022,0x8001,0x8045,0x8002,0x8044,0x8001,0x8022,0x8023,0x8045,0x8023,0x8001,
  0x8CC9,0x8024,0x8024,0x8466,0x8023,0x8023,0x8001,0x8001,0x8001,0x8088,0x8022,0x8002,0x8001,0x8000,0x8003,0x8001,
  0x8001,0x8002,0x8067,0x84ED,0x8046,0x80AB,0x84CB,0x84ED,0x8067,0x84AA,0x8089,0x8D30,0x80CC,0x80AA,0x9593,0x8088,
  0x8046,0x88CA,0x8045,0x8045,0x8087,0x8067,0x8066,0x8466,0x8045,0x8044,0x8044,0x8088,0x8023,0x8067,0x8002,0x8022,
  0x8044,0x8001,0x8045,0x8001,0x8022,0x8001,0x8022,0x8001,0x8001,0x8002,0x8002,0x8001,0x8001,0x8001,0x8002,0x8001,
  0x8001,0x8001,0x8001,0x8001,0x8001,0x8002,0x8002,0x8001,0x8002,0x8001,0x8002,0x8001,0x8023,0x8022,0x8002,0x8002,
  0x8001,0x8001,0x8001,0x8044,0x8001,0x8001,0x8001,0x8001,0x8001,0x8001,0x8001,0x8001,0x8001,0x8001,0x8023,0x8001,
  0x8001,0x8002,0x8023,0x8001,0x8001,0x8001,0x8001,0x8001,0x8001,0x8002,0x8022,0x8001,0x8023,0x8001,0x8001,0x84A9,
  0x8001,0x8001,0x8001,0x8043,0x8022,0x8001,0x8001,0x8001,0x8001,0x8023,0x8022,0x8001,0x8001,0x8001,0x8001,0x8001,
  0x8001,0x8002,0x8001,0x8002,0x8001,0x8001,0x8023,0x8001,0x8001,0x8001,0x8001,0x8001,0x8001,0x8023,0x8001,0x8001,
  0x8002,0x8001,0x8001,0x8001,0x8001,0x8044,0x8001,0x8022,0x8001,0x8001,0x8002,0x8002,0x8001,0x8001,0x8001,0x8001,
  0x8001,0x8001,0x8001,0x8001,0x8001,0x8001,0x8001,0x8001,0x8023,0x8002,0x8001,0x8022,0x8001,0x8022,0x8001,0x8022,
  0x8022,0x8001,0x8001,0x8023,0x8022,0x8001,0x8001,0x8001,0x8001,0x8001,0x8001,0x8001,0x8001,0x8001,0x8002,0x8001,
  0x8001,0x8001,0x8001,0x8001,0x8022,0x8001,0x8001,0x8023,0x8001,0x8022,0x8001,0x8001,0x8044,0x8001,0x8001,0x8001,
  0x8002,0x8001,0x8001,0x8001,0x8001,0x8001,0x8002,0x8022,0x8001,0x8022,0x8001,0x8022,0x8001,0x8001,0x8001,0x8002,
  0x8044,0x8023,0x8001,0x8001,0x8022,0x8022,0x8001,0x8001,0x8001,0x8001,0x8045,0x8001,0x8001,0x8001,0x8001,0x8001,
  0x8001,0x8001,0x8001,0x8044,0x8002,0x8022,0x8001,0x8001,0x8001,0x8001,0x8001,0x8001,0x8001,0x8001,0x8001,0x8001,
  0x8044,0x892F,0x8002,0x8001,0x8001,0x8022,0x8023,0x8001,0x8001,0x8001,0x8022,0x8002,0x8002,0x8001,0x8088,0x8001,
  0x8001,0x8001,0x8001,0x8001,0x8001,0x8024,0x950C,0x8001,0x8023,0x8001,0x8022,0x8023,0x8044,0x8001,0x8045,0x8044,
  0x8044,0x8044,0x8044,0x8045,0x8023,0x8043,0x8001,0x8487,0x8066,0x8002,0x8887,0x8001,0x8046,0x8001,0x8002,0x8001,
  0x890E,0x8000,0x8024,0x8000,0x8046,0x8001,0x8023,0x8023,0x808A,0x8024,0x8930,0x8045,0x8067,0x84CB,0x88ED,0x8067,
  0x84CC,0x9972,0x80A9,0x84CB,0x9571,0x84EC,0x9150,0x84AA,0x8489,0x8024,0x8044,0x8045,0x8487,0x8002,0x88AA,0x8488,
  0x8002,0x8046,0x84A9,0x8002,0x8066,0x8023,0x8001,0x8045,0x8001,0x8024,0x8001,0x8487,0x8001,0x8002,0x8023,0x8001,
  0x8001,0x8001,0x8001,0x8001,0x8001,0x8001,0x8001,0x8001,0x8001,0x8022,0x8023,0x8001,0x8001,0x8002,0x8002,0x8001,
  0x8001,0x8023,0x8001,0x8022,0x8022,0x8001,0x8001,0x8022,0x8001,0x8001,0x8002,0x8001,0x8001,0x8001,0x8001,0x8001,
  0x8001,0x8001,0x8001,0x8001,0x8001,0x8001,0x8001,0x8001,0x8023,0x8001,0x8001,0x8001,0x8001,0x8001,0x8001,0x8001,
  0x8001,0x8001,0x8022,0x8022,0x8001,0x8001,0x8024,0x8001,0x8001,0x8022,0x8001,0x8001,0x8001,0x8001,0x8022,0x8001,
  0x8001,0x8001,0x8001,0x8001,0x8001,0x8044,0x8022,0x8001,0x8022,0x8001,0x8001,0x8023,0x8001,0x8001,0x8001,0x8001,
  0x8001,0x8001,0x8002,0x8001,0x8001,0x8023,0x8001,0x8001,0x8002,0x8023,0x8002,0x8022,0x8001,0x8001,0x8001,0x8001,
  0x8001,0x8001,0x8001,0x8001,0x8002,0x8001,0x8001,0x8001,0x8023,0x8001,0x8001,0x8001,0x8022,0x8001,0x8001,0x8001,
  0x8001,0x8001,0x8001,0x8001,0x8001,0x8024,0x8001,0x8001,0x8001,0x8001,0x8001,0x8001,0x8002,0x8022,0x8001,0x8001,
  0x8001,0x8001,0x8001,0x8001,0x8001,0x8001,0x8001,0x8001,0x8001,0x8001,0x8022,0x8001,0x8001,0x8001,0x8001,0x8001,
  0x8001,0x8001,0x8001,0x8001,0x8001,0x8001,0x8023,0x8001,0x8001,0x8001,0x98C9,0x8001,0x8001,0x8001,0x8067,0x8001,
  0x8001,0x8001,0x8001,0x8001,0x8001,0x8002,0x8002,0x8001,0x8001,0x8021,0x8001,0x8001,0x8022,0x8001,0x8001,0x8001,
  0x8023,0x8001,0x8001,0x8001,0x8002,0x8022,0x8002,0x8001,0x8001,0x8002,0x8002,0x8001,0x8002,0x8001,0x8001,0x8001,
  0x8001,0x8001,0x8001,0x8001,0x8001,0x8002,0x8001,0x8001,0x8001,0x8001,0x8001,0x8001,0x8001,0x8001,0x8001,0x8001,
  0x8043,0x8001,0x8001,0x8001,0x8022,0x8002,0x8001,0x8001,0x8002,0x8002,0x8001,0x8002,0x8023,0x8467,0x8001,0x8022,
  0x8000,0x8045,0x8022,0x8001,0x8045,0x8002,0x8023,0x8046,0x8044,0x8023,0x8045,0x8002,0x8023,0x8023,0x8001,0x8023,
  0x8001,0x8046,0x8001,0x8001,0x8001,0x8001,0x8001,0x8022,0x8001,0x8087,0x8001,0x8001,0x8066,0x8001,0x84ED,0x8067,
  0x8066,0x84ED,0x8023,0x84ED,0x8066,0x850E,0x8D2F,0x8045,0x9950,0x88EC,0x8045,0x88ED,0x8046,0x84AB,0x8046,0x84CC,
  0x8045,0x8023,0x8002,0x8046,0x8CCB,0x8022,0x8044,0x8089,0x8001,0x8046,0x8022,0x8002,0x8044,0x8022,0x8023,0x8001,
  0x8001,0x8002,0x8067,0x8001,0x8001,0x8001,0x8001,0x8001,0x8001,0x8001,0x8001,0x8001,0x8001,0x8001,0x8023,0x8043,
  0x8022,0x8001,0x8001,0x8001,0x8002,0x8002,0x8002,0x8002,0x8023,0x8022,0x8001,0x8001,0x8001,0x8001,0x8001,0x8001,
  0x8001,0x8023,0x8001,0x8001,0x8002,0x8001,0x8001,0x8001,0x8022,0x8001,0x8001,0x8001,0x8001,0x8001,0x8023,0x8001,
  0x8001,0x8001,0x8001,0x8001,0x8001,0x8001,0x8001,0x8001,0x8022,0x8001,0x8002,0x8001,0x8024,0x8001,0x8001,0x8001,
  0x8001,0x8001,0x8001,0x8022,0x8001,0x8001,0x8001,0x8001,0x8001,0x8001,0x8001,0x8001,0x8001,0x8001,0x8002,0x8002,
  0x8001,0x8002,0x8001,0x8001,0x8001,0x8002,0x8023,0x8002,0x8002,0x8001,0x8002,0x8001,0x8001,0x8001,0x8001,0x8001,
  0x8001,0x8001,0x8022,0x8001,0x8001,0x8001,0x8001,0x8001,0x8001,0x8001,0x8001,0x8001,0x8001,0x8001,0x8001,0x8001,
  0x8001,0x8001,0x8001,0x8001,0x8001,0x8001,0x8001,0x8023,0x8001,0x8001,0x8001,0x8001,0x8001,0x8001,0x8001,0x8001,
  0x8001,0x8001,0x8001,0x8045,0x8001,0x8001,0x8001,0x8001,0x8002,0x8001,0x8443,0x8001,0x8001,0x8001,0x8422,0x8001,
  0x8001,0x8001,0x8001,0x8002,0x8001,0x8001,0x8001,0x8001,0x8001,0x8001,0x8001,0x8001,0x8001,0x8002,0x8001,0x8001,
  0x8043,0x8001,0x8001,0x8001,0x8001,0x8002,0x8022,0x8001,0x8001,0x8001,0x8023,0x8001,0x8002,0x8002,0x8002,0x8001,
  0x8001,0x8001,0x8023,0x8001,0x8001,0x8001,0x8001,0x8024,0x8002,0x8001,0x8001,0x8001,0x8001,0x8001,0x8002,0x8001,
  0x8001,0x8001,0x8001,0x8023,0x8001,0x8001,0x8001,0x8001,0x8001,0x8068,0x8001,0x8001,0x8022,0x8001,0x8001,0x8001,
  0x8001,0x8001,0x8001,0x8001,0x8001,0x8001,0x8066,0x8001,0x8022,0x8001,0x8001,0x8001,0x8022,0x8022,0x8001,0x8046,
  0x8023,0x8001,0x8001,0x8045,0x8001,0x8045,0x8024,0x8001,0x8022,0x8068,0x8022,0x8045,0x8023,0x8002,0x8024,0x8487,
  0x8023,0x8023,0x8001,0x8044,0x8044,0x8001,0x8465,0x8002,0x8001,0x8024,0x8001,0x8001,0x88A8,0x8022,0x8002,0x8024,
  0x8023,0x8068,0x8000,0x8067,0x8024,0x8002,0x8089,0x8023,0x8930,0x8046,0x8089,0x8D50,0x8067,0x88ED,0x88CC,0x8046,
  0x84CC,0x8025,0x8046,0x8066,0x910E,0x8024,0x84AA,0x8023,0x8001,0x8045,0x8001,0x8045,0x8046,0x8023,0x8023,0x8001,
  0x8024,0x8024,0x8001,0x8022,0x8001,0x8045,0x8022,0x8001,0x8002,0x8023,0x8001,0x8023,0x8044,0x8001,0x8065,0x8001,
  0x8002,0x8001,0x8001,0x8001,0x8001,0x8002,0x8002,0x8002,0x8022,0x8002,0x8002,0x8001,0x8001,0x8001,0x8002,0x8001,
  0x8001,0x8001,0x8001,0x8001,0x8001,0x8001,0x8001,0x8001,0x8001,0x8001,0x8002,0x8001,0x8001,0x8001,0x8001,0x8001,
  0x8001,0x8001,0x8001,0x8001,0x8001,0x8001,0x8001,0x8001,0x8001,0x8001,0x8001,0x8001,0x8001,0x8002,0x8001,0x8001,
  0x8001,0x8001,0x8001,0x8001,0x8001,0x8001,0x8002,0x8001,0x8001,0x8001,0x8001,0x8001,0x8001,0x8001,0x8001,0x8001,
  0x8001,0x8001,0x8001,0x8001,0x8001,0x8001,0x8001,0x8001,0x8001,0x8001,0x8001,0x8001,0x8001,0x8002,0x8001,0x8001,
  0x8002,0x8001,0x8001,0x8001,0x8001,0x8001,0x8001,0x8002,0x8002,0x8002,0x8001,0x8001,0x8001,0x8001,0x8001,0x8001,
  0x8001,0x8001,0x8002,0x8001,0x8001,0x8001,0x8001,0x8001,0x8001,0x8001,0x8001,0x8001,0x8001,0x8001,0x8001,0x8001,
  0x8001,0x8001,0x8001,0x8001,0x8001,0x8001,0x8001,0x8001,0x8001,0x8001,0x8001,0x8001,0x8022,0x8002,0x8001,0x8001,
  0x8001,0x8001,0x8001,0x8001,0x8022,0x8001,0x8001,0x8001,0x8001,0x8001,0x8001,0x8001,0x8001,0x8001,0x8001,0x8001,
  0x8001,0x8001,0x8001,0x8001,0x8001,0x8001,0x8001,0x8001,0x8001,0x8001,0x8001,0x8001,0x8001,0x8022,0x8001,0x8001,
  0x8001,0x8001,0x8002,0x8001,0x8001,0x8001,0x8001,0x8001,0x8001,0x8001,0x8001,0x8001,0x8002,0x8001,0x8001,0x8002,
  0x8001,0x8001,0x8001,0x8001,0x8001,0x8002,0x8001,0x8001,0x8001,0x8022,0x8002,0x8001,0x8001,0x8001,0x8001,0x8001,
  0x8001,0x8001,0x8001,0x8001,0x8001,0x8001,0x8001,0x8001,0x8001,0x8001,0x8001,0x8001,0x8001,0x8001,0x8001,0x8001,
  0x8001,0x8001,0x8001,0x8001,0x8002,0x8023,0x8001,0x8044,0x8001,0x8001,0x8023,0x8001,0x8001,0x8022,0x8066,0x8022,
  0x8022,0x8024,0x8022,0x8024,0x8023,0x8023,0x8045,0x8002,0x8088,0x8001,0x8023,0x8044,0x8001,0x8001,0x8001,0x8044,
  0x8023,0x8001,0x8002,0x8001,0x8022,0x8001,0x8002,0x8002,0x8046,0x8001,0x8023,0x8067,0x8023,0x8023,0x8046,0x84ED,
  0x84CC,0x8044,0x8D0E,0x8067,0x8CEC,0x84AA,0x8045,0x88CB,0x8045,0x8088,0x8066,0x8067,0x8045,0x8066,0x8088,0x8023,
  0x88EC,0x8001,0x8045,0x8002,0x8088,0x8002,0x8002,0x8022,0x8023,0x8001,0x8023,0x8001,0x8001,0x8023,0x8001,0x8001,
  0x8024,0x8022,0x8022,0x8001,0x8001,0x8022,0x8001,0x8001,0x8002,0x8001,0x8001,0x8001,0x8001,0x8001,0x8001,0x8002,
  0x8002,0x8001,0x8001,0x8001,0x8001,0x8002,0x8001,0x8001,0x8001,0x8001,0x8001,0x8001,0x8001,0x8001,0x8001,0x8001,
  0x8001,0x8001,0x8001,0x8001,0x8001,0x8001,0x8001,0x8001,0x8001,0x8001,0x8001,0x8001,0x8001,0x8001,0x8001,0x8001,
  0x8001,0x8001,0x8001,0x8001,0x8001,0x8001,0x8001,0x8001,0x8001,0x8001,0x8001,0x8001,0x8001,0x8001,0x8001,0x8001,
  0x8001,0x8001,0x8001,0x8001,0x8001,0x8001,0x8001,0x8001,0x8001,0x8001,0x8001,0x8001,0x8001,0x8001,0x8001,0x8001,
  0x8001,0x8001,0x8001,0x8001,0x8001,0x8001,0x8001,0x8001,0x8001,0x8001,0x8001,0x8001,0x8001,0x8002,0x8001,0x8001,
  0x8001,0x8001,0x8001,0x8001,0x8001,0x8001,0x8001,0x8001,0x8001,0x8001,0x8001,0x8001,0x8001,0x8002,0x8001,0x8001,
  0x8001,0x8001,0x8001,0x8001,0x8001,0x8001,0x8001,0x8001,0x8001,0x8001,0x8001,0x8001,0x8001,0x8001,0x8001,0x8001,
  0x8001,0x8001,0x8022,0x8022,0x8001,0x8001,0x8001,0x8001,0x8001,0x8001,0x8001,0x8001,0x8001,0x8001,0x8001,0x8001,
  0x8001,0x8001,0x8001,0x8001,0x8001,0x8001,0x8001,0x8001,0x8001,0x8001,0x8001,0x8001,0x8001,0x8001,0x8001,0x8001,
  0x8001,0x8001,0x8001,0x8001,0x8001,0x8001,0x8001,0x8001,0x8001,0x8001,0x8001,0x8001,0x8001,0x8001,0x8001,0x8001,
  0x8001,0x8001,0x8001,0x8001,0x8001,0x8001,0x8001,0x8001,0x8001,0x8001,0x8001,0x8001,0x8001,0x8001,0x8001,0x8001,
  0x8001,0x8001,0x8001,0x8001,0x8002,0x8001,0x8001,0x8001,0x8001,0x8001,0x8001,0x8001,0x8001,0x8001,0x8001,0x8001,
  0x8001,0x8001,0x8001,0x8001,0x8001,0x8001,0x8001,0x8001,0x8001,0x8001,0x8001,0x8001,0x8001,0x8044,0x8023,0x8001,
  0x8001,0x8022,0x8044,0x8023,0x8023,0x8001,0x8024,0x8001,0x8023,0x8022,0x8023,0x8024,0x8022,0x8044,0x8002,0x8002,
  0x8022,0x8489,0x8024,0x8001,0x8001,0x8001,0x8002,0x8024,0x8002,0x8024,0x8022,0x8001,0x8001,0x8022,0x8001,0x8023,
  0x8024,0x8023,0x8002,0x808A,0x8002,0x808A,0x8024,0x8089,0x8044,0x88EC,0x8024,0x80A9,0x8089,0x8024,0x84CA,0x8067,
  0x8066,0x8045,0x8067,0x8068,0x8068,0x8045,0x8000,0x8066,0x8023,0x8045,0x8001,0x8045,0x8024,0x8023,0x8002,0x8023,
  0x8023,0x8001,0x8024,0x8001,0x8002,0x8022,0x8001,0x8001,0x8001,0x8001,0x8001,0x8002,0x8002,0x8001,0x8001,0x8001,
  0x8001,0x8001,0x8001,0x8001,0x8001,0x8001,
};
static const uint16_t almanac_sun[23716]={
  0x0000,0x0000,0x0000,0x0000,0x0000,0x0000,0x0000,0x0000,0x0000,0x0000,0x0000,0x0000,0x0000,0x0000,0x0000,0x0000,
  0x0000,0x0000,0x0000,0x0000,0x0000,0x0000,0x0000,0x0000,0x0000,0x0000,0x0000,0x0000,0x0000,0x0000,0x0000,0x0000,
  0x0000,0x0000,0x0000,0x0000,0x0000,0x0000,0x0000,0x0000,0x0000,0x0000,0x0000,0x0000,0x0000,0x0000,0x0000,0x0000,
  0x0000,0x0000,0x0000,0x0000,0x0000,0x0000,0x0000,0x0000,0x0000,0x0000,0x0000,0x0000,0x0000,0x0000,0x0000,0x0000,
  0x0000,0x0000,0x0000,0x0000,0x0000,0x0000,0x0000,0x0000,0x0000,0x0000,0x0000,0x0000,0x0000,0x0000,0x0000,0x0000,
  0x0000,0x0000,0x0000,0x0000,0x0000,0x0000,0x0000,0x0000,0x0000,0x0000,0x0000,0x0000,0x0000,0x0000,0x0000,0x0000,
  0x0000,0x0000,0x0000,0x0000,0x0000,0x0000,0x0000,0x0000,0x0000,0x0000,0x0000,0x0000,0x0000,0x0000,0x0000,0x0000,
  0x0000,0x0000,0x0000,0x0000,0x0000,0x0000,0x0000,0x0000,0x0000,0x0000,0x0000,0x0000,0x0000,0x0000,0x0000,0x0000,
  0x0000,0x0000,0x0000,0x0000,0x0000,0x0000,0x0000,0x0000,0x0000,0x0000,0x0000,0x0000,0x0000,0x0000,0x0000,0x0000,
  0x0000,0x0000,0x0000,0x0000,0x0000,0x0000,0x0000,0x0000,0x0000,0x0000,0x0000,0x0000,0x0000,0x0000,0x0000,0x0000,
  0x0000,0x0000,0x0000,0x0000,0x0000,0x0000,0x0000,0x0000,0x0000,0x0000,0x0000,0x0000,0x0000,0x0000,0x0000,0x0000,
  0x0000,0x0000,0x0000,0x0000,0x0000,0x0000,0x0000,0x0000,0x0000,0x0000,0x0000,0x0000,0x0000,0x0000,0x0000,0x0000,
  0x0000,0x0000,0x0000,0x0000,0x0000,0x0000,0x0000,0x0000,0x0000,0x0000,0x0000,0x0000,0x0000,0x0000,0x0000,0x0000,
  0x0000,0x0000,0x0000,0x0000,0x0000,0x0000,0x0000,0x0000,0x0000,0x0000,0x0000,0x0000,0x0000,0x0000,0x0000,0x0000,
  0x0000,0x0000,0x0000,0xF9A1,0x0000,0x0000,0x0000,0x0000,0x0000,0x0000,0x0000,0x0000,0x0000,0x0000,0x0000,0x0000,
  0x0000,0x0000,0x0000,0x0000,0x0000,0x0000,0x0000,0x0000,0x0000,0x0000,0x0000,0x0000,0x0000,0x0000,0x0000,0x0000,
  0x0000,0x0000,0x0000,0x0000,0x0000,0x0000,0x0000,0x0000,0x0000,0x0000,0x0000,0x0000,0x0000,0x0000,0x0000,0x0000,
  0x0000,0x0000,0x0000,0x0000,0x0000,0x0000,0x0000,0x0000,0x0000,0x0000,0x0000,0x0000,0x0000,0x0000,0x0000,0x0000,
  0x0000,0x0000,0x0000,0x0000,0x0000,0x0000,0x0000,0x0000,0x0000,0x0000,0x0000,0x0000,0x0000,0x0000,0x0000,0x0000,
  0x0000,0x0000,0x0000,0x0000,0x0000,0x0000,0x0000,0x0000,0x0000,0x0000,0x0000,0x0000,0x0000,0x0000,0x0000,0x0000,
  0x0000,0x0000,0x0000,0x0000,0x0000,0x0000,0x0000,0x0000,0x0000,0x0000,0x0000,0x0000,0x0000,0x0000,0x0000,0x0000,
  0x0000,0x0000,0x0000,0x0000,0x0000,0x0000,0x0000,0x0000,0x0000,0x0000,0x0000,0x0000,0x0000,0x0000,0x0000,0x0000,
  0x0000,0x0000,0x0000,0x0000,0x0000,0x0000,0x0000,0x0000,0x0000,0x0000,0x0000,0x0000,0x0000,0x0000,0x0000,0x0000,
  0x0000,0x0000,0x0000,0x0000,0x0000,0x0000,0x0000,0x0000,0x0000,0x0000,0x0000,0x0000,0x0000,0x0000,0xFDC0,0xFEC1,
  0x0000,0x0000,0xFDC1,0x0000,0x0000,0x0000,0x0000,0x0000,0x0000,0x0000,0x0000,0x0000,0x0000,0x0000,0x0000,0x0000,
  0x0000,0x0000,0x0000,0x0000,0x0000,0x0000,0x0000,0x0000,0x0000,0x0000,0x0000,0x0000,0x0000,0x0000,0x0000,0x0000,
  0x0000,0x0000,0x0000,0x0000,0x0000,0x0000,0x0000,0x0000,0x0000,0x0000,0x0000,0x0000,0x0000,0x0000,0x0000,0x0000,
  0x0000,0x0000,0x0000,0x0000,0x0000,0x0000,0x0000,0x0000,0x0000,0x0000,0x0000,0x0000,0x0000,0x0000,0x0000,0x0000,
  0x0000,0x0000,0x0000,0x0000,0x0000,0x0000,0x0000,0x0000,0x0000,0x0000,0x0000,0x0000,0x0000,0x0000,0x0000,0x0000,
  0x0000,0x0000,0x0000,0x0000,0x0000,0x0000,0x0000,0x0000,0x0000,0x0000,0x0000,0x0000,0x0000,0x0000,0x0000,0x0000,
  0x0000,0x0000,0x0000,0x0000,0x0000,0x0000,0x0000,0x0000,0x0000,0x0000,0x0000,0x0000,0x0000,0x0000,0x0000,0x0000,
  0x0000,0x0000,0x0000,0x0000,0x0000,0x0000,0x0000,0x0000,0x0000,0x0000,0x0000,0x0000,0x0000,0x0000,0x0000,0x0000,
  0x0000,0x0000,0x0000,0x0000,0x0000,0x0000,0x0000,0x0000,0x0000,0x0000,0x0000,0x0000,0x0000,0x0000,0x0000,0x0000,
  0x0000,0x0000,0x0000,0x0000,0x0000,0x0000,0xF9C1,0x0000,0xF982,0xFE21,0xFEA2,0xFDE2,0x0000,0x0000,0x0000,0x0000,
  0x0000,0x0000,0x0000,0x0000,0x0000,0x0000,0x0000,0x0000,0x0000,0x0000,0x0000,0x0000,0x0000,0x0000,0x0000,0x0000,
  0x0000,0x0000,0x0000,0x0000,0x0000,0x0000,0x0000,0x0000,0x0000,0x0000,0x0000,0x0000,0x0000,0x0000,0x0000,0x0000,
  0x0000,0x0000,0x0000,0x0000,0x0000,0x0000,0x0000,0x0000,0x0000,0x0000,0x0000,0x0000,0x0000,0x0000,0x0000,0x0000,
  0x0000,0x0000,0x0000,0x0000,0x0000,0x0000,0x0000,0x0000,0x0000,0x0000,0x0000,0x0000,0x0000,0x0000,0x0000,0x0000,
  0x0000,0x0000,0x0000,0x0000,0x0000,0x0000,0x0000,0x0000,0x0000,0x0000,0x0000,0x0000,0x0000,0x0000,0x0000,0x0000,
  0x0000,0x0000,0x0000,0x0000,0x0000,0x0000,0x0000,0x0000,0x0000,0x0000,0x0000,0x0000,0x0000,0x0000,0x0000,0x0000,
  0x0000,0x0000,0x0000,0x0000,0x0000,0x0000,0x0000,0x0000,0x0000,0x0000,0x0000,0x0000,0x0000,0x0000,0x0000,0x0000,
  0x0000,0x0000,0x0000,0x0000,0x0000,0x0000,0x0000,0x0000,0x0000,0x0000,0x0000,0x0000,0x0000,0x0000,0x0000,0x0000,
  0x0000,0x0000,0x0000,0x0000,0x0000,0x0000,0x0000,0x0000,0x0000,0x0000,0x0000,0x0000,0x0000,0x0000,0x0000,0x0000,
  0x0000,0xFDC1,0xF9C1,0xFE41,0xFE20,0xFE02,0x0000,0x0000,0x0000,0xFA01,0x0000,0x0000,0x0000,0x0000,0x0000,0x0000,
  0x0000,0x0000,0x0000,0x0000,0x0000,0x0000,0x0000,0x0000,0x0000,0x0000,0x0000,0x0000,0x0000,0x0000,0x0000,0x0000,
  0x0000,0x0000,0x0000,0x0000,0x0000,0x0000,0x0000,0x0000,0x0000,0x0000,0x0000,0x0000,0x0000,0x0000,0x0000,0x0000,
  0x0000,0x0000,0x0000,0x0000,0x0000,0x0000,0x0000,0x0000,0x0000,0x0000,0x0000,0x0000,0x0000,0x0000,0x0000,0x0000,
  0x0000,0x0000,0x0000,0x0000,0x0000,0x0000,0x0000,0x0000,0x0000,0x0000,0x0000,0x0000,0x0000,0x0000,0x0000,0x0000,
  0x0000,0x0000,0x0000,0x0000,0x0000,0x0000,0x0000,0x0000,0x0000,0x0000,0x0000,0x0000,0x0000,0x0000,0x0000,0x0000,
  0x0000,0x0000,0x0000,0x0000,0x0000,0x0000,0x0000,0x0000,0x0000,0x0000,0x0000,0x0000,0x0000,0x0000,0x0000,0x0000,
  0x0000,0x0000,0x0000,0x0000,0x0000,0x0000,0x0000,0x0000,0x0000,0x0000,0x0000,0x0000,0x0000,0x0000,0x0000,0x0000,
  0x0000,0x0000,0x0000,0x0000,0x0000,0xFA61,0x0000,0x0000,0x0000,0x0000,0x0000,0x0000,0x0000,0x0000,0x0000,0x0000,
  0x0000,0x0000,0x0000,0x0000,0x0000,0x0000,0x0000,0x0000,0x0000,0x0000,0x0000,0xF9A2,0xFDE1,0xFE61,0xFEC2,0xF9A1,
  0x0000,0x0000,0xFDA1,0xFDE1,0x0000,0x0000,0x0000,0x0000,0x0000,0x0000,0x0000,0x0000,0x0000,0x0000,0x0000,0x0000,
  0x0000,0x0000,0x0000,0x0000,0x0000,0x0000,0x0000,0x0000,0x0000,0x0000,0x0000,0x0000,0x0000,0x0000,0x0000,0x0000,
  0x0000,0x0000,0x0000,0x0000,0x0000,0x0000,0x0000,0x0000,0x0000,0x0000,0x0000,0x0000,0x0000,0x0000,0x0000,0x0000,
  0x0000,0x0000,0x0000,0x0000,0x0000,0x0000,0x0000,0x0000,0x0000,0x0000,0x0000,0x0000,0x0000,0x0000,0x0000,0x0000,
  0x0000,0x0000,0x0000,0x0000,0x0000,0x0000,0x0000,0x0000,0x0000,0x0000,0x0000,0x0000,0x0000,0x0000,0x0000,0x0000,
  0x0000,0x0000,0x0000,0x0000,0x0000,0x0000,0x0000,0x0000,0x0000,0x0000,0x0000,0x0000,0x0000,0x0000,0x0000,0x0000,
  0x0000,0x0000,0x0000,0x0000,0x0000,0x0000,0x0000,0x0000,0x0000,0x0000,0x0000,0x0000,0x0000,0x0000,0x0000,0x0000,
  0x0000,0x0000,0x0000,0x0000,0x0000,0x0000,0x0000,0x0000,0x0000,0x0000,0x0000,0x0000,0x0000,0x0000,0x0000,0x0000,
  0xFEE2,0xFDE2,0x0000,0x0000,0x0000,0x0000,0x0000,0x0000,0x0000,0x0000,0x0000,0x0000,0x0000,0x0000,0x0000,0x0000,
  0x0000,0x0000,0x0000,0x0000,0x0000,0xF5A2,0xFDC1,0xFEA2,0xFA00,0xFDE0,0xF9A2,0x0000,0x0000,0xFDE2,0x0000,0x0000,
  0x0000,0x0000,0x0000,0x0000,0x0000,0x0000,0x0000,0x0000,0x0000,0x0000,0x0000,0x0000,0x0000,0x0000,0x0000,0x0000,
  0x0000,0x0000,0x0000,0x0000,0x0000,0x0000,0x0000,0x0000,0x0000,0x0000,0x0000,0x0000,0x0000,0x0000,0x0000,0x0000,
  0x0000,0x0000,0x0000,0x0000,0x0000,0x0000,0x0000,0x0000,0x0000,0x0000,0x0000,0x0000,0x0000,0x0000,0x0000,0x0000,
  0x0000,0x0000,0x0000,0x0000,0x0000,0x0000,0x0000,0x0000,0x0000,0x0000,0x0000,0x0000,0x0000,0x0000,0x0000,0x0000,
  0x0000,0x0000,0x0000,0x0000,0x0000,0x0000,0x0000,0x0000,0x0000,0x0000,0x0000,0x0000,0x0000,0x0000,0x0000,0x0000,
  0x0000,0x0000,0x0000,0x0000,0x0000,0x0000,0x0000,0x0000,0x0000,0x0000,0x0000,0x0000,0x0000,0x0000,0x0000,0x0000,
  0x0000,0x0000,0x0000,0x0000,0x0000,0x0000,0x0000,0x0000,0x0000,0x0000,0x0000,0x0000,0x0000,0x0000,0x0000,0x0000,
  0x0000,0x0000,0x0000,0x0000,0x0000,0x0000,0x0000,0x0000,0x0000,0x0000,0x0000,0xFEC2,0xFEC3,0x0000,0xF981,0x0000,
  0x0000,0x0000,0x0000,0x0000,0xF9A1,0x0000,0x0000,0x0000,0x0000,0x0000,0x0000,0x0000,0x0000,0x0000,0x0000,0xF583,
  0xFE83,0xFE81,0xFF04,0xFE81,0xF982,0x0000,0x0000,0xFDE0,0xF5A1,0x0000,0x0000,0x0000,0x0000,0x0000,0x0000,0x0000,
  0x0000,0x0000,0x0000,0xF5E2,0x0000,0x0000,0x0000,0x0000,0x0000,0x0000,0x0000,0x0000,0x0000,0xFEC3,0x0000,0x0000,
  0xFDC1,0x0000,0x0000,0x0000,0x0000,0x0000,0x0000,0x0000,0x0000,0x0000,0x0000,0x0000,0x0000,0x0000,0x0000,0x0000,
  0x0000,0x0000,0x0000,0x0000,0x0000,0x0000,0x0000,0x0000,0x0000,0x0000,0x0000,0x0000,0x0000,0x0000,0x0000,0x0000,
  0x0000,0x0000,0x0000,0x0000,0x0000,0x0000,0x0000,0x0000,0x0000,0x0000,0x0000,0x0000,0x0000,0x0000,0x0000,0x0000,
  0x0000,0x0000,0x0000,0x0000,0x0000,0x0000,0x0000,0x0000,0x0000,0x0000,0x0000,0x0000,0x0000,0x0000,0x0000,0x0000,
  0x0000,0x0000,0x0000,0x0000,0x0000,0x0000,0x0000,0x0000,0x0000,0x0000,0x0000,0x0000,0x0000,0x0000,0x0000,0x0000,
  0x0000,0x0000,0x0000,0x0000,0x0000,0x0000,0x0000,0x0000,0x0000,0x0000,0x0000,0x0000,0x0000,0x0000,0x0000,0x0000,
  0x0000,0xFE61,0x0000,0x0000,0x0000,0xFE41,0xFFCA,0xFE42,0xFDC1,0xF9C2,0x0000,0x0000,0x0000,0x0000,0x0000,0xFF23,
  0x0000,0xFDA1,0x0000,0x0000,0x0000,0x0000,0x0000,0x0000,0xF582,0xF5A2,0xFE20,0xFF23,0xFF24,0xFE21,0xFDA1,0xF581,
  0xF9A1,0xFDC2,0xF5A1,0x0000,0x0000,0x0000,0x0000,0x0000,0x0000,0x0000,0x0000,0xFE01,0xFE61,0x0000,0x0000,0x0000,
  0x0000,0x0000,0x0000,0x0000,0x0000,0xFDE1,0xFEC2,0x0000,0x0000,0xF9C0,0x0000,0x0000,0x0000,0x0000,0x0000,0x0000,
  0x0000,0x0000,0x0000,0x0000,0x0000,0x0000,0x0000,0x0000,0x0000,0x0000,0x0000,0x0000,0x0000,0x0000,0x0000,0x0000,
  0x0000,0x0000,0x0000,0x0000,0x0000,0x0000,0x0000,0x0000,0x0000,0x0000,0x0000,0x0000,0x0000,0x0000,0x0000,0x0000,
  0x0000,0x0000,0x0000,0x0000,0x0000,0x0000,0x0000,0x0000,0x0000,0x0000,0x0000,0x0000,0x0000,0x0000,0x0000,0x0000,
  0x0000,0x0000,0x0000,0x0000,0x0000,0x0000,0x0000,0x0000,0x0000,0x0000,0x0000,0x0000,0x0000,0x0000,0x0000,0x0000,
  0x0000,0x0000,0x0000,0x0000,0x0000,0x0000,0x0000,0x0000,0x0000,0x0000,0x0000,0x0000,0x0000,0x0000,0x0000,0x0000,
  0x0000,0x0000,0x0000,0x0000,0x0000,0x0000,0x0000,0x0000,0x0000,0x0000,0x0000,0xF5C1,0xFEC1,0x0000,0x0000,0xF9E1,
  0xFE41,0xFF24,0xFE82,0xFDC1,0x0000,0x0000,0x0000,0x0000,0x0000,0xFE62,0x0000,0x0000,0x0000,0x0000,0x0000,0x0000,
  0x0000,0x0000,0xF982,0xFDC1,0xFE42,0xFE81,0xFF67,0xFF45,0xFDC1,0xF561,0xF9C1,0xF581,0x0000,0x0000,0x0000,0x0000,
  0x0000,0x0000,0x0000,0x0000,0xF9E2,0xFF24,0xFE82,0x0000,0x0000,0x0000,0x0000,0x0000,0x0000,0x0000,0xF5C2,0xFE62,
  0xFE42,0x0000,0xFF05,0xFEC2,0xF9A1,0x0000,0x0000,0x0000,0x0000,0x0000,0x0000,0x0000,0x0000,0x0000,0x0000,0x0000,
  0x0000,0x0000,0x0000,0x0000,0x0000,0x0000,0x0000,0x0000,0x0000,0x0000,0x0000,0x0000,0x0000,0x0000,0x0000,0x0000,
  0x0000,0x0000,0x0000,0x0000,0x0000,0x0000,0x0000,0x0000,0x0000,0x0000,0x0000,0x0000,0x0000,0x0000,0x0000,0x0000,
  0x0000,0x0000,0x0000,0x0000,0x0000,0x0000,0x0000,0x0000,0x0000,0x0000,0x0000,0x0000,0x0000,0x0000,0x0000,0x0000,
  0x0000,0x0000,0x0000,0x0000,0x0000,0x0000,0x0000,0x0000,0x0000,0x0000,0x0000,0x0000,0x0000,0x0000,0x0000,0x0000,
  0x0000,0x0000,0x0000,0x0000,0x0000,0x0000,0x0000,0x0000,0x0000,0x0000,0x0000,0x0000,0x0000,0x0000,0x0000,0x0000,
  0x0000,0x0000,0x0000,0x0000,0x0000,0xF9C0,0xFEE4,0x0000,0x0000,0xF9C2,0xFE01,0xFFEF,0xFF26,0xFE42,0xF582,0x0000,
  0x0000,0x0000,0xFDA1,0xFEA2,0xFDA1,0x0000,0xFDA1,0x0000,0x0000,0x0000,0x0000,0xF582,0xF9C2,0xFDC2,0xFE61,0xFF03,
  0xFFF2,0xFF24,0xFE82,0xFDA1,0xF9A2,0xF9C2,0xF182,0x0000,0x0000,0x0000,0x0000,0x0000,0x0000,0xF9A1,0xFE01,0xFEC2,
  0xFDE1,0x0000,0x0000,0x0000,0x0000,0x0000,0x0000,0x0000,0xF9A2,0xFE22,0xFF45,0xFDC0,0xFEE3,0xF9E2,0x0000,0x0000,
  0x0000,0x0000,0x0000,0x0000,0x0000,0x0000,0x0000,0x0000,0x0000,0x0000,0x0000,0x0000,0x0000,0x0000,0x0000,0x0000,
  0x0000,0x0000,0x0000,0x0000,0x0000,0x0000,0x0000,0x0000,0x0000,0x0000,0x0000,0x0000,0x0000,0x0000,0x0000,0x0000,
  0x0000,0x0000,0x0000,0x0000,0x0000,0x0000,0x0000,0x0000,0x0000,0x0000,0x0000,0x0000,0x0000,0x0000,0x0000,0x0000,
  0x0000,0x0000,0x0000,0x0000,0x0000,0x0000,0x0000,0x0000,0x0000,0x0000,0x0000,0x0000,0x0000,0x0000,0x0000,0x0000,
  0x0000,0x0000,0x0000,0x0000,0x0000,0x0000,0x0000,0x0000,0x0000,0x0000,0x0000,0x0000,0x0000,0x0000,0x0000,0x0000,
  0x0000,0x0000,0x0000,0x0000,0x0000,0x0000,0x0000,0x0000,0x0000,0x0000,0x0000,0x0000,0x0000,0x0000,0x0000,0x0000,
  0xFDA1,0xFE21,0x0000,0xFE01,0xFE61,0xFF45,0xFFAC,0xFEC2,0xFDE1,0xF982,0x0000,0x0000,0xF582,0xF9E2,0xFEA2,0xF9A2,
  0x0000,0x0000,0x0000,0x0000,0x0000,0xF562,0xF9C1,0xFDE1,0xFEC2,0xFF24,0xFF88,0xFF46,0xFEA2,0xFE61,0xFDC2,0xFDE1,
  0xF9A1,0xF562,0x0000,0xFDC1,0x0000,0x0000,0xF9C2,0x0000,0xFE02,0xFE42,0xFE20,0xF982,0x0000,0x0000,0x0000,0x0000,
  0x0000,0x0000,0xFDC1,0xFEE3,0xFEE2,0xFDC1,0xFE01,0xF9A1,0x0000,0x0000,0x0000,0x0000,0x0000,0x0000,0x0000,0x0000,
  0x0000,0x0000,0x0000,0x0000,0x0000,0x0000,0x0000,0x0000,0x0000,0x0000,0x0000,0x0000,0x0000,0x0000,0x0000,0x0000,
  0x0000,0x0000,0x0000,0x0000,0x0000,0x0000,0x0000,0x0000,0x0000,0x0000,0x0000,0x0000,0x0000,0x0000,0x0000,0x0000,
  0x0000,0x0000,0x0000,0x0000,0x0000,0x0000,0x0000,0x0000,0x0000,0x0000,0x0000,0x0000,0x0000,0x0000,0x0000,0x0000,
  0x0000,0x0000,0x0000,0x0000,0x0000,0x0000,0x0000,0x0000,0x0000,0x0000,0x0000,0x0000,0x0000,0x0000,0x0000,0x0000,
  0x0000,0x0000,0x0000,0x0000,0x0000,0x0000,0x0000,0x0000,0x0000,0x0000,0x0000,0x0000,0x0000,0x0000,0x0000,0x0000,
  0x0000,0x0000,0x0000,0x0000,0x0000,0x0000,0x0000,0x0000,0x0000,0x0000,0x0000,0xFDE2,0x0000,0xF5A2,0xFDC2,0xFEC2,
  0xFF46,0xFF25,0xFE01,0xF582,0x0000,0xF582,0xFDC1,0xFE42,0xFE20,0x0000,0x0000,0xF582,0x0000,0xF982,0xF162,0xFDC1,
  0xFDC1,0xFE21,0xFEC2,0xFF45,0xFFAB,0xFFAA,0xFF03,0xFE82,0xFE42,0xFE60,0xFDA1,0xF9A2,0xF9C2,0x0000,0x0000,0x0000,
  0xF582,0xFDE1,0xFEC2,0xFE41,0xF9C2,0x0000,0x0000,0x0000,0x0000,0x0000,0xF582,0xF582,0xFE01,0xFF25,0xFEE2,0xFE01,
  0xF982,0x0000,0x0000,0x0000,0x0000,0xFDA1,0x0000,0x0000,0x0000,0x0000,0x0000,0x0000,0x0000,0x0000,0x0000,0x0000,
  0x0000,0x0000,0x0000,0x0000,0x0000,0x0000,0x0000,0x0000,0x0000,0x0000,0x0000,0x0000,0x0000,0x0000,0x0000,0x0000,
  0x0000,0x0000,0x0000,0x0000,0x0000,0x0000,0x0000,0x0000,0x0000,0x0000,0x0000,0x0000,0x0000,0x0000,0x0000,0x0000,
  0x0000,0x0000,0x0000,0x0000,0x0000,0x0000,0x0000,0x0000,0x0000,0x0000,0x0000,0x0000,0x0000,0x0000,0x0000,0x0000,
  0x0000,0x0000,0x0000,0x0000,0x0000,0x0000,0x0000,0x0000,0x0000,0x0000,0x0000,0x0000,0x0000,0x0000,0x0000,0x0000,
  0x0000,0x0000,0x0000,0xFA41,0x0000,0x0000,0x0000,0x0000,0xFA01,0x0000,0x0000,0x0000,0x0000,0x0000,0x0000,0x0000,
  0x0000,0x0000,0x0000,0x0000,0xF582,0xF5A2,0xFE41,0xF9C1,0xFE41,0xFF03,0xFF66,0xFF87,0xFEE2,0xFDE1,0xF562,0xF162,
  0xF562,0xFDE0,0xFEE2,0xFDC1,0xF162,0xF5A2,0xF981,0xFDC2,0xF9C1,0xFE40,0xFE82,0xFE61,0xFF03,0xFF66,0xFFF9,0xFFAA,
  0xFF47,0xFEE3,0xFE82,0xFEE2,0xFE20,0xFDA1,0xF982,0xF9A1,0xF9C2,0xF562,0xFDC1,0xFE20,0xFE82,0xFDA1,0xF9A2,0xF162,
  0x0000,0x0000,0x0000,0xF162,0xF5A3,0xFE01,0xFEE3,0xFF6A,0xFF04,0xFEC2,0xF583,0x0000,0x0000,0x0000,0x0000,0x0000,
  0x0000,0x0000,0x0000,0x0000,0x0000,0x0000,0x0000,0x0000,0x0000,0x0000,0x0000,0x0000,0x0000,0x0000,0x0000,0x0000,
  0x0000,0x0000,0x0000,0x0000,0x0000,0x0000,0x0000,0x0000,0x0000,0x0000,0x0000,0x0000,0x0000,0x0000,0x0000,0x0000,
  0x0000,0x0000,0x0000,0x0000,0x0000,0x0000,0x0000,0x0000,0x0000,0x0000,0x0000,0x0000,0x0000,0x0000,0x0000,0x0000,
  0x0000,0x0000,0x0000,0x0000,0x0000,0x0000,0x0000,0x0000,0x0000,0x0000,0x0000,0x0000,0x0000,0x0000,0x0000,0x0000,
  0x0000,0x0000,0x0000,0x0000,0x0000,0x0000,0x0000,0x0000,0x0000,0x0000,0x0000,0x0000,0x0000,0x0000,0xF600,0xFA41,
  0xF9E1,0x0000,0x0000,0x0000,0xFDE1,0x0000,0x0000,0x0000,0x0000,0x0000,0x0000,0xFE21,0x0000,0x0000,0x0000,0x0000,
  0xF5A2,0xF582,0xFDE1,0xFEE3,0xFF03,0xFF88,0xFF24,0xFE81,0xFE01,0xFDE1,0xFDE1,0xFEA2,0xFEE3,0xFE61,0xFE61,0xFDE2,
  0xFE61,0xFE41,0xFE41,0xFF03,0xFF24,0xFF03,0xFF67,0xFFAA,0xFFD1,0xFFAA,0xFF8A,0xFF46,0xFF46,0xFEC3,0xFF68,0xFF26,
  0xFE82,0xFDE2,0xFDE1,0xFE02,0xFEA2,0xFF46,0xFEE3,0xFE21,0xFDC2,0xFDA1,0xF162,0xF582,0xF163,0xF9A2,0xFE41,0xFE82,
  0xFF45,0xFF68,0xFEC2,0xFE01,0xF582,0xF5A2,0x0000,0x0000,0x0000,0xFE01,0x0000,0x0000,0x0000,0x0000,0x0000,0x0000,
  0x0000,0x0000,0x0000,0xFEA3,0xFE62,0x0000,0x0000,0x0000,0x0000,0x0000,0x0000,0x0000,0x0000,0x0000,0x0000,0x0000,
  0x0000,0x0000,0x0000,0x0000,0x0000,0x0000,0x0000,0x0000,0x0000,0x0000,0x0000,0x0000,0x0000,0x0000,0x0000,0x0000,
  0x0000,0x0000,0x0000,0x0000,0x0000,0x0000,0x0000,0x0000,0x0000,0x0000,0x0000,0x0000,0x0000,0x0000,0x0000,0x0000,
  0x0000,0x0000,0x0000,0x0000,0x0000,0x0000,0x0000,0x0000,0x0000,0x0000,0x0000,0x0000,0x0000,0x0000,0x0000,0x0000,
  0x0000,0x0000,0x0000,0x0000,0x0000,0x0000,0x0000,0x0000,0x0000,0xFF45,0xFE41,0x0000,0x0000,0x0000,0x0000,0x0000,
  0x0000,0x0000,0x0000,0x0000,0x0000,0x0000,0x0000,0x0000,0xF981,0xF5A1,0x0000,0xFE01,0xFE82,0xFFA8,0xFEE3,0xFFAB,
  0xFF65,0xFF03,0xFE41,0xFE41,0xFDC0,0xFEA1,0xFF45,0xFF03,0xFF02,0xFE61,0xFF03,0xFEA1,0xFF24,0xFF04,0xFF88,0xFF66,
  0xFF87,0xFFAB,0xFFF8,0xFFD5,0xFFAA,0xFF45,0xFF46,0xFF66,0xFF24,0xFF45,0xFEE3,0xFEC2,0xFEA1,0xFEA1,0xFEE2,0xFFCF,
  0xFF45,0xFEA1,0xFE01,0xF981,0xFE00,0xF582,0xFE01,0xFE41,0xFE40,0xFF03,0xFF88,0xFF8B,0xFEC2,0xFE81,0xF9C2,0x0000,
  0x0000,0x0000,0xFEC1,0xF581,0x0000,0x0000,0x0000,0x0000,0x0000,0xF981,0x0000,0x0000,0xFDE1,0xFFA6,0xFE01,0x0000,
  0x0000,0x0000,0x0000,0x0000,0x0000,0x0000,0x0000,0x0000,0x0000,0x0000,0x0000,0x0000,0x0000,0x0000,0x0000,0x0000,
  0x0000,0x0000,0x0000,0x0000,0x0000,0x0000,0x0000,0x0000,0x0000,0x0000,0x0000,0x0000,0x0000,0x0000,0x0000,0x0000,
  0x0000,0x0000,0x0000,0x0000,0x0000,0x0000,0x0000,0x0000,0x0000,0x0000,0x0000,0x0000,0x0000,0x0000,0x0000,0x0000,
  0x0000,0x0000,0x0000,0x0000,0x0000,0x0000,0x0000,0x0000,0x0000,0x0000,0x0000,0x0000,0x0000,0x0000,0x0000,0x0000,
  0x0000,0x0000,0x0000,0xFF25,0xFF04,0xFDE1,0x0000,0x0000,0x0000,0xFE61,0xFA01,0x0000,0x0000,0x0000,0x0000,0x0000,
  0xF981,0x0000,0x0000,0xF5E1,0xF562,0xF9C2,0xFDC1,0xFEA2,0xFF24,0xFFA9,0xFFA8,0xFF45,0xFEE3,0xFEE3,0xFEA2,0xFF24,
  0xFF46,0xFF88,0xFF8A,0xFFAB,0xFFCF,0xFFD2,0xFFD1,0xFFD2,0xFFD2,0xFFD2,0xFFF9,0xFFF9,0xFFF8,0xFFF8,0xFFF8,0xFFF8,
  0xFFF9,0xFFD1,0xFFD2,0xFFD1,0xFFD1,0xFFCE,0xFFAB,0xFFAE,0xFFA9,0xFF89,0xFF67,0xFF24,0xFEC3,0xFE42,0xFEA1,0xFE22,
  0xFEE2,0xFEC2,0xFEE3,0xFF25,0xFFAC,0xFF46,0xFEE2,0xFE62,0xF982,0xF582,0x0000,0xF981,0xFDA1,0x0000,0x0000,0x0000,
  0xF9A2,0x0000,0xF9C1,0x0000,0x0000,0xF9E1,0xFF45,0xFE81,0xF9A1,0x0000,0x0000,0x0000,0x0000,0x0000,0x0000,0x0000,
  0x0000,0x0000,0x0000,0x0000,0x0000,0x0000,0x0000,0x0000,0x0000,0x0000,0x0000,0x0000,0x0000,0x0000,0x0000,0x0000,
  0x0000,0x0000,0x0000,0x0000,0x0000,0x0000,0x0000,0x0000,0x0000,0x0000,0x0000,0x0000,0x0000,0x0000,0x0000,0x0000,
  0x0000,0x0000,0x0000,0x0000,0x0000,0x0000,0x0000,0x0000,0x0000,0x0000,0x0000,0x0000,0x0000,0x0000,0x0000,0x0000,
  0x0000,0x0000,0x0000,0x0000,0x0000,0x0000,0x0000,0x0000,0x0000,0x0000,0x0000,0x0000,0xF9A2,0xFE61,0xFFCA,0xFE61,
  0x0000,0x0000,0x0000,0xF9A2,0x0000,0xF5E2,0x0000,0x0000,0x0000,0x0000,0xF583,0xF582,0xF162,0xF562,0xFDA2,0xFE81,
  0xFE01,0xFF03,0xFF24,0xFF88,0xFFF9,0xFFA9,0xFF66,0xFF65,0xFF65,0xFFC9,0xFFAB,0xFFF4,0xFFF8,0xFFF8,0xFFF9,0xFFFA,
  0xFFF9,0xFFF9,0xFFF8,0xFFFA,0xFFF9,0xFFF8,0xFFF8,0xFFF7,0xFFF9,0xFFFA,0xFFF8,0xFFF9,0xFFF9,0xFFF9,0xFFF8,0xFFFA,
  0xFFF9,0xFFF8,0xFFF8,0xFFF8,0xFFCB,0xFFAC,0xFFAA,0xFF43,0xFF43,0xFEE3,0xFEC2,0xFEE3,0xFF45,0xFF67,0xFFFC,0xFF67,
  0xFF45,0xFF03,0xFE81,0xFE02,0xF162,0xFA01,0xF184,0x0000,0x0000,0x0000,0xF9A2,0x0000,0xF583,0x0000,0xF9A1,0xFE21,
  0xFF03,0xFE41,0x0000,0x0000,0x0000,0x0000,0x0000,0x0000,0x0000,0x0000,0x0000,0x0000,0x0000,0x0000,0x0000,0x0000,
  0x0000,0x0000,0x0000,0x0000,0x0000,0x0000,0x0000,0x0000,0x0000,0x0000,0x0000,0x0000,0x0000,0x0000,0x0000,0x0000,
  0x0000,0x0000,0x0000,0x0000,0x0000,0x0000,0x0000,0x0000,0x0000,0x0000,0x0000,0x0000,0x0000,0x0000,0x0000,0x0000,
  0x0000,0x0000,0x0000,0x0000,0x0000,0x0000,0x0000,0x0000,0x0000,0x0000,0x0000,0x0000,0x0000,0x0000,0x0000,0x0000,
  0x0000,0x0000,0x0000,0x0000,0x0000,0x0000,0x0000,0xFE21,0xFEA2,0xFFCB,0xFE01,0xF983,0xF5A2,0xF5A2,0xF1C2,0xF582,
  0xF582,0xF182,0xF582,0xF9A1,0xFDA2,0xFEA0,0xFDC2,0xFDE2,0xFE81,0xFEC2,0xFEC3,0xFF44,0xFF88,0xFFAC,0xFFFA,0xFFF8,
  0xFFF8,0xFFF9,0xFFF9,0xFFF8,0xFFF8,0xFFF9,0xFFF8,0xFFAC,0xFFA9,0xFFAC,0xFF89,0xFFAA,0xFFAA,0xFFAB,0xFFAA,0xFFD1,
  0xFFD2,0xFFF4,0xFFF6,0xFFAA,0xFF48,0xFF67,0xFF68,0xFF8A,0xFFCF,0xFFF7,0xFFAC,0xFFF7,0xFFAA,0xFFF9,0xFFF9,0xFFF9,
  0xFFF9,0xFFF9,0xFFF8,0xFFFA,0xFFFA,0xFFA9,0xFFA9,0xFFAD,0xFFAA,0xFF46,0xFF25,0xFEA2,0xFE21,0xFE02,0xF582,0xFEA4,
  0xF183,0xF182,0x0000,0xF582,0xF1E3,0xF1A2,0xF583,0xF9C2,0xFF24,0xFF65,0xFE21,0xF581,0xFE61,0x0000,0x0000,0x0000,
  0x0000,0x0000,0x0000,0x0000,0x0000,0x0000,0x0000,0x0000,0x0000,0x0000,0x0000,0x0000,0x0000,0x0000,0x0000,0x0000,
  0x0000,0x0000,0x0000,0x0000,0x0000,0x0000,0x0000,0x0000,0x0000,0x0000,0x0000,0x0000,0x0000,0x0000,0x0000,0x0000,
  0x0000,0x0000,0x0000,0x0000,0x0000,0x0000,0x0000,0x0000,0x0000,0x0000,0x0000,0x0000,0x0000,0x0000,0x0000,0x0000,
  0x0000,0x0000,0x0000,0x0000,0x0000,0x0000,0x0000,0x0000,0x0000,0x0000,0x0000,0x0000,0x0000,0x0000,0x0000,0x0000,
  0x0000,0xF9C1,0xFEA1,0xFF45,0xFEE2,0xFE01,0xF582,0xFDA0,0xFE02,0xF162,0xFE41,0xF582,0xFDE1,0xFDA1,0xFE81,0xFF02,
  0xFE42,0xFEC3,0xFEE3,0xFF44,0xFF43,0xFFA9,0xFFF5,0xFFF9,0xFFF9,0xFFF8,0xFFF8,0xFFF8,0xFFA8,0xFFD2,0xFFAB,0xFFAC,
  0xFFF8,0xFFAB,0xFFAB,0xFFAA,0xFF47,0xFF47,0xFF67,0xFFAA,0xFFF7,0xFFF5,0xFFF6,0xFFF7,0xFFF7,0xFF88,0xFF48,0xFF05,
  0xFF05,0xFF68,0xFF8B,0xFFAB,0xFFAB,0xFFAA,0xFFAA,0xFFAC,0xFFD1,0xFFF8,0xFFA9,0xFFFB,0xFFF7,0xFFFA,0xFFF9,0xFFF8,
  0xFFF8,0xFFF8,0xFFA8,0xFF67,0xFF25,0xFF46,0xFEC2,0xFE21,0xFDC1,0xFEE3,0xFDE1,0xF5A2,0xF582,0xF162,0xFDE1,0xF581,
  0xFDE0,0xFE61,0xFFEF,0xFF45,0xF981,0xF581,0xF622,0x0000,0x0000,0x0000,0x0000,0x0000,0x0000,0x0000,0x0000,0x0000,
  0x0000,0x0000,0x0000,0x0000,0x0000,0x0000,0x0000,0x0000,0x0000,0x0000,0x0000,0x0000,0x0000,0x0000,0x0000,0x0000,
  0x0000,0x0000,0x0000,0x0000,0x0000,0x0000,0x0000,0x0000,0x0000,0x0000,0x0000,0x0000,0x0000,0x0000,0x0000,0x0000,
  0x0000,0x0000,0x0000,0x0000,0x0000,0x0000,0x0000,0x0000,0x0000,0x0000,0x0000,0x0000,0x0000,0x0000,0x0000,0x0000,
  0x0000,0x0000,0x0000,0x0000,0x0000,0x0000,0x0000,0x0000,0x0000,0x0000,0x0000,0xF9E1,0xFDC1,0xFEE3,0xFF23,0xFEA1,
  0xFDC1,0xFEE3,0xFDE2,0xFE01,0xFE21,0xFDA2,0xFDE1,0xFE61,0xFE81,0xFF03,0xFF67,0xFF66,0xFFAC,0xFFFA,0xFFF8,0xFFF9,
  0xFFF9,0xFFAC,0xFFA9,0xFFAC,0xFFFB,0xFFAB,0xFFAB,0xFF89,0xFF47,0xFF27,0xFF47,0xFF26,0xFF47,0xFFAB,0xFFAB,0xFFAA,
  0xFFF7,0xFFF5,0xFF68,0xFF89,0xFF89,0xFFAA,0xFFAB,0xFFF8,0xFFF8,0xFF89,0xFF48,0xFF47,0xFF27,0xFF47,0xFF68,0xFF89,
  0xFF8B,0xFF47,0xFF69,0xFF89,0xFFAC,0xFFAB,0xFFF7,0xFFAC,0xFFAA,0xFFAB,0xFFF9,0xFFF7,0xFFF8,0xFFF9,0xFFA9,0xFF46,
  0xFF25,0xFEE3,0xFE62,0xFEE3,0xFE41,0xF9C1,0xFEA1,0xFDC2,0xFE61,0xFE01,0xFEC2,0xFF45,0xFEC2,0xFEA2,0xF582,0x0000,
  0x0000,0x0000,0x0000,0x0000,0x0000,0x0000,0x0000,0x0000,0x0000,0x0000,0x0000,0x0000,0x0000,0x0000,0x0000,0x0000,
  0x0000,0x0000,0x0000,0x0000,0x0000,0x0000,0x0000,0x0000,0x0000,0x0000,0x0000,0x0000,0x0000,0x0000,0x0000,0x0000,
  0x0000,0x0000,0x0000,0x0000,0x0000,0x0000,0x0000,0x0000,0x0000,0x0000,0x0000,0x0000,0x0000,0x0000,0x0000,0x0000,
  0x0000,0x0000,0x0000,0x0000,0x0000,0x0000,0x0000,0x0000,0x0000,0x0000,0x0000,0x0000,0x0000,0x0000,0x0000,0x0000,
  0x0000,0x0000,0x0000,0x0000,0x0000,0xF581,0xFE61,0xFE61,0xFFCD,0xFEC1,0xFE61,0xFE61,0xFE41,0xFE01,0xFEE3,0xFE41,
  0xFE81,0xFF03,0xFF25,0xFF8A,0xFFAB,0xFFF9,0xFFF8,0xFFF5,0xFFD3,0xFFCB,0xFFD0,0xFFCD,0xFFD0,0xFFAF,0xFFAB,0xFF68,
  0xFF27,0xFF27,0xFEC4,0xFF05,0xFF26,0xFFAB,0xFFAD,0xFFD0,0xFFCF,0xFFAB,0xFF89,0xFF68,0xFF48,0xFF47,0xFF89,0xFF89,
  0xFFD1,0xFFAA,0xFFF0,0xFFD3,0xFFAC,0xFF47,0xFF05,0xFEE5,0xFEC4,0xFF47,0xFF48,0xFF8B,0xFF48,0xFF48,0xFF48,0xFF89,
  0xFFAB,0xFFD1,0xFFAA,0xFFAE,0xFFD0,0xFFCD,0xFFF5,0xFFF6,0xFFF8,0xFFFA,0xFF89,0xFF67,0xFF25,0xFF04,0xFE82,0xFA21,
  0xFEC2,0xFE41,0xFEA1,0xFEC2,0xFF69,0xFF89,0xFE81,0xFE01,0xF5A3,0xF581,0x0000,0x0000,0x0000,0x0000,0x0000,0x0000,
  0x0000,0x0000,0x0000,0x0000,0x0000,0x0000,0x0000,0x0000,0x0000,0x0000,0x0000,0x0000,0x0000,0x0000,0x0000,0x0000,
  0x0000,0x0000,0x0000,0x0000,0x0000,0x0000,0x0000,0x0000,0x0000,0x0000,0x0000,0x0000,0x0000,0x0000,0x0000,0x0000,
  0x0000,0x0000,0x0000,0x0000,0x0000,0x0000,0x0000,0x0000,0x0000,0x0000,0x0000,0x0000,0x0000,0x0000,0x0000,0x0000,
  0x0000,0x0000,0x0000,0x0000,0x0000,0x0000,0x0000,0x0000,0x0000,0xFA41,0x0000,0x0000,0x0000,0x0000,0x0000,0x0000,
  0xF582,0xFE02,0xFEA2,0xFF66,0xFEC2,0xFEA2,0xFEE3,0xFE82,0xFEC2,0xFF24,0xFF66,0xFFAA,0xFFF8,0xFFF9,0xFFF8,0xFFF8,
  0xFFAA,0xFFFA,0xFFAC,0xFFAB,0xFFD2,0xFF8B,0xFF68,0xFF25,0xFF47,0xFF68,0xFF69,0xFF47,0xFF48,0xFF69,0xFFCF,0xFF69,
  0xFF8B,0xFF48,0xFF47,0xFF06,0xFF06,0xFF69,0xFEE5,0xFE42,0xFF06,0xFF68,0xFF88,0xFF89,0xFF8A,0xFF27,0xFF25,0xFF27,
  0xFF8A,0xFF27,0xFF28,0xFE23,0xFE01,0xFEE4,0xFF47,0xFF8A,0xFFAC,0xFF8A,0xFF47,0xFF26,0xFF89,0xFF8B,0xFF89,0xFFAE,
  0xFFAB,0xFFAD,0xFFCD,0xFFF8,0xFFF8,0xFFF9,0xFFA9,0xFF87,0xFF25,0xFEE3,0xFF66,0xFEC3,0xFF24,0xFFA8,0xFF46,0xFF04,
  0xFE61,0xF9A1,0xF582,0x0000,0x0000,0x0000,0x0000,0x0000,0x0000,0x0000,0x0000,0x0000,0x0000,0x0000,0x0000,0x0000,
  0x0000,0x0000,0x0000,0x0000,0x0000,0x0000,0x0000,0x0000,0x0000,0x0000,0x0000,0x0000,0x0000,0x0000,0x0000,0x0000,
  0x0000,0x0000,0x0000,0x0000,0x0000,0x0000,0x0000,0x0000,0x0000,0x0000,0x0000,0x0000,0x0000,0x0000,0x0000,0x0000,
  0x0000,0x0000,0x0000,0x0000,0x0000,0x0000,0x0000,0x0000,0x0000,0x0000,0x0000,0x0000,0x0000,0xF9A0,0x0000,0x0000,
  0x0000,0x0000,0x0000,0x0000,0x0000,0xF9E1,0x0000,0x0000,0x0000,0xF582,0xFE01,0xFEC2,0xFF67,0xFFF7,0xFF86,0xFF04,
  0xFEE3,0xFF03,0xFF45,0xFF87,0xFFA9,0xFFF9,0xFFF8,0xFFF7,0xFFCC,0xFFAA,0xFFF8,0xFFCD,0xFFF7,0xFF8A,0xFF89,0xFF47,
  0xFF47,0xFF67,0xFF89,0xFFD1,0xFF8B,0xFF46,0xFFAB,0xFF68,0xFF68,0xFF47,0xFF47,0xFF26,0xFF47,0xFF27,0xFF48,0xFF69,
  0xFF46,0xFF27,0xFF69,0xFFAB,0xFFF4,0xFF8A,0xFF47,0xFF06,0xFE62,0xFF26,0xFF48,0xFFAA,0xFFAA,0xFF26,0xFEA2,0xFE22,
  0xFEC4,0xFF26,0xFF47,0xFFAB,0xFF48,0xFF69,0xFF8A,0xFF67,0xFF47,0xFF88,0xFFAB,0xFFD0,0xFFAA,0xFFAB,0xFFF7,0xFFF8,
  0xFFF9,0xFFD0,0xFF87,0xFF45,0xFF04,0xFF04,0xFF88,0xFFF6,0xFF45,0xFF24,0xFEA2,0xFE01,0x0000,0x0000,0x0000,0x0000,
  0x0000,0x0000,0x0000,0x0000,0x0000,0x0000,0x0000,0x0000,0x0000,0x0000,0x0000,0x0000,0x0000,0x0000,0x0000,0x0000,
  0x0000,0x0000,0x0000,0x0000,0x0000,0x0000,0x0000,0x0000,0x0000,0x0000,0x0000,0x0000,0x0000,0x0000,0x0000,0x0000,
  0x0000,0x0000,0x0000,0x0000,0x0000,0x0000,0x0000,0x0000,0x0000,0x0000,0x0000,0x0000,0x0000,0x0000,0x0000,0x0000,
  0x0000,0x0000,0x0000,0xFF24,0x0000,0x0000,0x0000,0x0000,0x0000,0x0000,0x0000,0x0000,0x0000,0x0000,0x0000,0x0000,
  0xF982,0xF5C2,0xF182,0xF163,0xFDA1,0xFDC1,0xFF04,0xFF89,0xFFAA,0xFF67,0xFF88,0xFFAA,0xFFF9,0xFFF9,0xFFF8,0xFFCB,
  0xFF88,0xFFAB,0xFFF7,0xFFF8,0xFFAC,0xFF69,0xFF05,0xFE63,0xFF05,0xFF69,0xFF89,0xFF8A,0xFF69,0xFF88,0xFFF6,0xFF68,
  0xFF47,0xFE62,0xFE63,0xFE83,0xFE22,0xFF27,0xFE22,0xFE02,0xFF05,0xFE22,0xFF05,0xFE84,0xFE03,0xFF26,0xFF8A,0xFFAB,
  0xFF8A,0xFF69,0xFF27,0xFF06,0xFF07,0xFF27,0xFF06,0xFE22,0xFE22,0xFDE2,0xFEC4,0xFF26,0xFF27,0xFF27,0xFF69,0xFF47,
  0xFF89,0xFF89,0xFFF8,0xFF69,0xFEE6,0xFF48,0xFF88,0xFFCE,0xFFF9,0xFFCD,0xFFF8,0xFFF8,0xFFF8,0xFFF7,0xFFAB,0xFFAA,
  0xFFF5,0xFF67,0xFF24,0xFEE3,0xFE21,0xFDE1,0xF9A1,0xF582,0x0000,0x0000,0xF9A1,0x0000,0x0000,0x0000,0x0000,0x0000,
  0x0000,0x0000,0x0000,0x0000,0x0000,0x0000,0x0000,0x0000,0x0000,0x0000,0x0000,0x0000,0x0000,0x0000,0x0000,0x0000,
  0x0000,0x0000,0x0000,0x0000,0x0000,0x0000,0x0000,0x0000,0x0000,0x0000,0x0000,0x0000,0x0000,0x0000,0x0000,0x0000,
  0x0000,0x0000,0x0000,0x0000,0x0000,0x0000,0x0000,0x0000,0x0000,0x0000,0x0000,0x0000,0x0000,0x0000,0xFEC2,0x0000,
  0x0000,0x0000,0x0000,0x0000,0x0000,0x0000,0x0000,0xF9E1,0x0000,0x0000,0xF581,0xF9A1,0xFDA1,0xF9C2,0xFDC1,0xFE61,
  0xFF04,0xFF46,0xFFCD,0xFFA8,0xFFCE,0xFFF9,0xFFFA,0xFFF9,0xFFCE,0xFFA9,0xFFAA,0xFFF9,0xFFF9,0xFFAC,0xFF88,0xFEE5,
  0xFF26,0xFF47,0xFF89,0xFF8A,0xFF69,0xFF06,0xFF06,0xFF89,0xFF8A,0xFF47,0xFE84,0xFDE1,0xFDE1,0xFE62,0xFF27,0xFF27,
  0xFF05,0xFE22,0xFDC1,0xFDE1,0xFE22,0xFF05,0xFF05,0xFF05,0xFF69,0xFF8B,0xFFF9,0xFF68,0xFF89,0xFF48,0xFF06,0xFE21,
  0xFE22,0xFEE4,0xFDE2,0xF982,0xFE02,0xFEE5,0xFF27,0xFF69,0xFF8A,0xFF26,0xFF26,0xFF68,0xFF8A,0xFFAD,0xFF8A,0xFF25,
  0xFF26,0xFF68,0xFFAC,0xFFF7,0xFFF9,0xFFF8,0xFFF8,0xFFFA,0xFFF9,0xFFAC,0xFFA9,0xFF66,0xFF68,0xFEE3,0xFE41,0xF9A1,
  0xFE21,0xF582,0xFE02,0xF582,0x0000,0x0000,0x0000,0x0000,0x0000,0x0000,0x0000,0x0000,0xF9A1,0x0000,0x0000,0x0000,
  0x0000,0x0000,0x0000,0x0000,0x0000,0x0000,0x0000,0x0000,0x0000,0x0000,0x0000,0x0000,0x0000,0x0000,0x0000,0x0000,
  0x0000,0x0000,0x0000,0x0000,0x0000,0x0000,0x0000,0x0000,0x0000,0x0000,0x0000,0x0000,0x0000,0x0000,0x0000,0x0000,
  0x0000,0x0000,0x0000,0x0000,0x0000,0x0000,0x0000,0x0000,0xFE63,0xFFA8,0xFE22,0x0000,0x0000,0x0000,0xFE01,0xF9C1,
  0x0000,0x0000,0x0000,0xF9C2,0xF583,0xFE82,0xFE41,0xFE01,0xFE61,0xFEA2,0xFF25,0xFF89,0xFFD4,0xFFF8,0xFFF9,0xFFD0,
  0xFFAC,0xFF8A,0xFFAC,0xFFF9,0xFFF7,0xFFAB,0xFF8A,0xFF69,0xFF69,0xFF69,0xFF47,0xFF06,0xFF26,0xFF27,0xFF05,0xFF48,
  0xFF48,0xFF07,0xFE43,0xF9E2,0xFE21,0xFF06,0xFF26,0xFF8A,0xFFF5,0xFF8A,0xFF69,0xFF47,0xFF47,0xFF06,0xFF06,0xFF68,
  0xFF68,0xFF69,0xFF69,0xFF47,0xFF47,0xFF46,0xFF68,0xFF89,0xFFAE,0xFF47,0xFF07,0xFE22,0xF9A2,0xFDE1,0xFE23,0xFEA3,
  0xFE21,0xFEE5,0xFF47,0xFF8B,0xFF6A,0xFF05,0xFE43,0xFEE5,0xFF47,0xFF8A,0xFF8A,0xFF27,0xFF47,0xFF89,0xFFAC,0xFFF8,
  0xFFF9,0xFFF6,0xFFCD,0xFFF8,0xFFF9,0xFFAA,0xFF67,0xFF04,0xFEC2,0xFDE1,0xFE22,0xF5A2,0xF5A2,0x0000,0x0000,0x0000,
  0x0000,0xFA01,0x0000,0x0000,0x0000,0xFE01,0x0000,0x0000,0x0000,0x0000,0x0000,0x0000,0xFF24,0xF641,0x0000,0x0000,
  0x0000,0x0000,0x0000,0x0000,0x0000,0x0000,0x0000,0x0000,0x0000,0x0000,0x0000,0x0000,0x0000,0x0000,0x0000,0x0000,
  0x0000,0x0000,0x0000,0x0000,0x0000,0x0000,0x0000,0x0000,0x0000,0x0000,0x0000,0x0000,0x0000,0x0000,0x0000,0x0000,
  0x0000,0x0000,0xFDC1,0xFF04,0xFFA8,0xFE40,0xFDA0,0x0000,0x0000,0x0000,0x0000,0x0000,0x0000,0xF1A3,0xFDC2,0xFE82,
  0xFF87,0xFE60,0xFEA2,0xFF24,0xFF67,0xFFA9,0xFFF9,0xFFFA,0xFFD1,0xFFAA,0xFFAA,0xFFCD,0xFFF9,0xFFA9,0xFFD0,0xFF67,
  0xFFAB,0xFF47,0xFF68,0xFF48,0xFE63,0xFE21,0xFF26,0xFF26,0xFF47,0xFF68,0xFFCD,0xFF26,0xFF06,0xFE63,0xFF26,0xFF47,
  0xFF8A,0xFF47,0xFF68,0xFF88,0xFF89,0xFFAA,0xFF89,0xFF8A,0xFF06,0xFF26,0xFF26,0xFF06,0xFF28,0xFF26,0xFF48,0xFF47,
  0xFFAB,0xFFF7,0xFFF7,0xFF8A,0xFF68,0xFF46,0xFE02,0xFDE1,0xFEE6,0xFF26,0xFF05,0xFE63,0xFE42,0xFF48,0xFFF3,0xFF89,
  0xFF47,0xFF05,0xFF26,0xFF8B,0xFFFA,0xFF8A,0xFEC3,0xFF47,0xFF68,0xFFAC,0xFFF9,0xFFF8,0xFFAB,0xFFCF,0xFFF6,0xFFF8,
  0xFF88,0xFF45,0xFF03,0xFE81,0xFE61,0xFE41,0xF5A2,0x0000,0x0000,0xF9A1,0x0000,0x0000,0x0000,0x0000,0x0000,0xF9A1,
  0x0000,0x0000,0x0000,0xF5E1,0x0000,0xFE41,0x0000,0x0000,0x0000,0x0000,0x0000,0x0000,0x0000,0x0000,0x0000,0x0000,
  0x0000,0x0000,0x0000,0x0000,0x0000,0x0000,0x0000,0x0000,0x0000,0x0000,0x0000,0x0000,0x0000,0x0000,0x0000,0x0000,
  0x0000,0x0000,0x0000,0x0000,0x0000,0x0000,0x0000,0x0000,0x0000,0x0000,0x0000,0x0000,0x0000,0xFDC1,0xFE81,0xFF46,
  0xFF45,0xFE01,0xFDE1,0xF9A2,0xF5A2,0x0000,0x0000,0xF582,0xFDC1,0xFE41,0xFEE2,0xFFAB,0xFF25,0xFF8A,0xFFF9,0xFFF8,
  0xFFCD,0xFF89,0xFFAB,0xFFF9,0xFFF8,0xFFAA,0xFFAC,0xFF47,0xFF48,0xFEE5,0xFEC4,0xFF28,0xFF27,0xFE22,0xFE42,0xFF47,
  0xFF89,0xFFCF,0xFF69,0xFF47,0xFF06,0xFF06,0xFE22,0xFF26,0xFF69,0xFF47,0xFF27,0xFE02,0xFE83,0xFE42,0xFF05,0xFF47,
  0xFDE2,0xFE42,0xFF69,0xFF27,0xFE23,0xF9A1,0xFE21,0xFF05,0xFF69,0xFF8C,0xFFF7,0xFFF6,0xFF89,0xFF8A,0xFF27,0xFF05,
  0xFF27,0xFF47,0xFF48,0xFF05,0xFF26,0xFF8A,0xFF27,0xFF8A,0xFFCE,0xFFCF,0xFF27,0xFE63,0xFEA3,0xFF47,0xFF88,0xFFAB,
  0xFF8A,0xFF48,0xFE83,0xFEC4,0xFF26,0xFFAB,0xFFAA,0xFFF8,0xFFCC,0xFFF6,0xFFF9,0xFFFA,0xFF88,0xFF65,0xFE82,0xFDE1,
  0xF582,0xF9A2,0xFE02,0xF582,0x0000,0x0000,0x0000,0xF9A2,0xFDC1,0x0000,0x0000,0xF9A1,0xFDC0,0xFEC2,0xFF89,0xFE41,
  0x0000,0x0000,0x0000,0x0000,0x0000,0x0000,0x0000,0x0000,0x0000,0x0000,0x0000,0x0000,0x0000,0x0000,0x0000,0x0000,
  0x0000,0x0000,0x0000,0x0000,0x0000,0x0000,0x0000,0x0000,0x0000,0x0000,0x0000,0x0000,0x0000,0x0000,0x0000,0x0000,
  0x0000,0x0000,0x0000,0x0000,0x0000,0x0000,0x0000,0xF5A1,0xFDE1,0xFEC3,0xFFCD,0xFEC1,0xFE81,0xFE02,0xF9A1,0xF582,
  0xF982,0xF582,0xFE41,0xFE61,0xFEE3,0xFF45,0xFF88,0xFFF8,0xFFFA,0xFFAB,0xFFAB,0xFFA9,0xFFD0,0xFFF9,0xFFAB,0xFF89,
  0xFF48,0xFEA4,0xFEC5,0xFE22,0xFF05,0xFF68,0xFF68,0xFE42,0xFF26,0xFF69,0xFF8A,0xFF69,0xFF47,0xFF47,0xFF26,0xFF47,
  0xFE84,0xFF47,0xFF47,0xFE83,0xFE02,0xFDE1,0xFF45,0xFF04,0xFE42,0xFE42,0xFF06,0xFF27,0xFF69,0xFF68,0xFF26,0xFE42,
  0xFF06,0xFF69,0xFF47,0xFFFB,0xFFAC,0xFF8A,0xFFCF,0xFF8B,0xFF47,0xFE43,0xFEE5,0xFFAB,0xFF47,0xFF26,0xFE62,0xFF47,
  0xFF89,0xFFF2,0xFF89,0xFF47,0xFF69,0xFF26,0xFF47,0xFF26,0xFF26,0xFF68,0xFFFA,0xFF89,0xFF26,0xFE42,0xFE63,0xFF48,
  0xFF8A,0xFFAB,0xFFF7,0xFFCC,0xFFFC,0xFFF8,0xFFF9,0xFF86,0xFEE3,0xFE81,0xFDE1,0xFEA0,0xF9C1,0xF5A2,0x0000,0xF582,
  0xF5A2,0x0000,0xF162,0xFDE0,0xF9A1,0xFDE1,0xFEA2,0xFFC9,0xFE61,0x0000,0x0000,0x0000,0x0000,0x0000,0x0000,0x0000,
  0x0000,0x0000,0x0000,0x0000,0x0000,0x0000,0x0000,0x0000,0x0000,0x0000,0x0000,0x0000,0x0000,0x0000,0x0000,0x0000,
  0x0000,0x0000,0x0000,0x0000,0x0000,0x0000,0x0000,0x0000,0x0000,0x0000,0x0000,0x0000,0x0000,0x0000,0x0000,0x0000,
  0x0000,0x0000,0x0000,0xFDE1,0xFEC2,0xFF66,0xFF88,0xFF45,0xFEC2,0xFE42,0xFEE3,0xFE22,0xFEE3,0xFF04,0xFF67,0xFFAF,
  0xFFF8,0xFFF9,0xFFAB,0xFF88,0xFFD1,0xFFD0,0xFF8A,0xFF68,0xFF47,0xFF06,0xFE22,0xFF27,0xFF27,0xFF47,0xFF69,0xFF27,
  0xFF68,0xFF69,0xFF68,0xFF26,0xFF26,0xFF69,0xFFAC,0xFFF9,0xFF8A,0xFFAD,0xFF68,0xFF26,0xFE02,0xFDE2,0xFE22,0xF9C0,
  0xFDE1,0xF561,0xFE02,0xFF28,0xFF6A,0xFF48,0xFF69,0xFF47,0xFF26,0xFE43,0xFF26,0xFFAC,0xFF8A,0xFF89,0xFF67,0xFFAC,
  0xFF89,0xFFD5,0xFFF6,0xFF89,0xFF27,0xFF26,0xFF69,0xFF48,0xFF47,0xFF06,0xFF06,0xFF48,0xFF27,0xFF27,0xFDE1,0xFF28,
  0xF9A2,0xFF47,0xFF27,0xFF26,0xFF69,0xFF88,0xFF68,0xFF27,0xFE42,0xF9A1,0xFEE4,0xFF47,0xFFAC,0xFFAB,0xFFF4,0xFFAA,
  0xFFF8,0xFFFA,0xFFF4,0xFF67,0xFEE3,0xFE41,0xFDE1,0xFDC2,0xF5A3,0xF9A2,0xF9A2,0xF582,0xF9C1,0xFE01,0xFEA2,0xFF67,
  0xFF04,0xFE41,0x0000,0x0000,0x0000,0x0000,0x0000,0x0000,0x0000,0x0000,0x0000,0x0000,0x0000,0x0000,0x0000,0x0000,
  0x0000,0x0000,0x0000,0x0000,0x0000,0x0000,0x0000,0x0000,0x0000,0x0000,0x0000,0x0000,0x0000,0x0000,0x0000,0x0000,
  0x0000,0x0000,0x0000,0x0000,0x0000,0x0000,0x0000,0x0000,0x0000,0x0000,0x0000,0x0000,0x0000,0xF9C2,0xFE41,0xFF04,
  0xFF89,0xFFF2,0xFF03,0xFEC2,0xFE82,0xFEC2,0xFEC2,0xFF45,0xFF88,0xFFF8,0xFFF9,0xFFAB,0xFFA9,0xFFAA,0xFF8B,0xFFAB,
  0xFF47,0xFF48,0xFF06,0xFE43,0xFF26,0xFF47,0xFF8A,0xFF69,0xFF27,0xFF48,0xFF8A,0xFF69,0xFF26,0xFE01,0xFF05,0xFFAC,
  0xFFF8,0xFFF2,0xFFF8,0xFF69,0xFF27,0xFE63,0xFE02,0xFEC3,0xFDE1,0xF582,0xF582,0xFDE1,0xFF26,0xFF27,0xFF69,0xFEE5,
  0xFF47,0xFF89,0xFF46,0xFF05,0xFF26,0xFFAC,0xFFF6,0xFFF4,0xFF8B,0xFF89,0xFF68,0xFF89,0xFFAA,0xFFCF,0xFFAA,0xFF89,
  0xFF88,0xFF48,0xFF48,0xFE22,0xFF06,0xFF8B,0xFF27,0xFDC1,0xFDC1,0xF9A1,0xED22,0xF161,0xFEC5,0xFF49,0xFF27,0xFF48,
  0xFF8A,0xFF68,0xFF05,0xFE01,0xFDC1,0xFE84,0xFF68,0xFFAA,0xFFF9,0xFFF7,0xFFAA,0xFFFA,0xFFF8,0xFFF7,0xFF23,0xFEE3,
  0xFE41,0xFE41,0xFDC1,0xF9A1,0xFE01,0xFDE1,0xFDE1,0xFEC2,0xFF23,0xFFCB,0xFEA1,0xFE01,0x0000,0x0000,0x0000,0x0000,
  0x0000,0x0000,0x0000,0x0000,0x0000,0x0000,0x0000,0x0000,0x0000,0x0000,0x0000,0x0000,0x0000,0x0000,0x0000,0x0000,
  0x0000,0x0000,0x0000,0x0000,0x0000,0x0000,0x0000,0x0000,0x0000,0x0000,0x0000,0x0000,0x0000,0x0000,0x0000,0x0000,
  0x0000,0x0000,0x0000,0x0000,0x0000,0x0000,0x0000,0xF5A2,0xF9A1,0xFE21,0xFEE3,0xFF24,0xFFF2,0xFF89,0xFF88,0xFF46,
  0xFF8A,0xFFF8,0xFFF8,0xFFAA,0xFFAB,0xFFAA,0xFFAA,0xFFAB,0xFF67,0xFF47,0xFE83,0xFDE1,0xFDC0,0xFF27,0xFF27,0xFF47,
  0xFF05,0xFF69,0xFF8B,0xFF8A,0xFF47,0xFE63,0xFF26,0xFF48,0xFF69,0xFF68,0xFF68,0xFF47,0xFF48,0xFF8A,0xFF69,0xFF8A,
  0xFF48,0xFE03,0xFF26,0xFF28,0xFF47,0xFF47,0xFFAB,0xFF8A,0xFF47,0xFF47,0xFF27,0xFF68,0xFF89,0xFF8A,0xFF8B,0xFF27,
  0xFF47,0xFF47,0xFF27,0xFF26,0xFEA4,0xFF05,0xFF27,0xFF88,0xFF89,0xFFAA,0xFFAB,0xFFF7,0xFF8B,0xFF27,0xFF48,0xFF27,
  0xFF8A,0xFF48,0xF982,0xE502,0xE102,0xDCE2,0xED22,0xF581,0xFF28,0xFF07,0xFF27,0xFF8A,0xFF69,0xFF48,0xFF27,0xFE02,
  0xFF25,0xFF47,0xFF8B,0xFFAA,0xFFAD,0xFFAC,0xFFF7,0xFFF8,0xFFF7,0xFF8A,0xFF25,0xFE82,0xFEE3,0xFE42,0xFE82,0xFF03,
  0xFF25,0xFFCE,0xFF02,0xFE61,0xFE01,0x0000,0x0000,0x0000,0x0000,0x0000,0x0000,0x0000,0x0000,0x0000,0x0000,0x0000,
  0x0000,0x0000,0x0000,0x0000,0x0000,0x0000,0x0000,0x0000,0x0000,0x0000,0x0000,0x0000,0x0000,0x0000,0x0000,0x0000,
  0x0000,0x0000,0x0000,0x0000,0x0000,0x0000,0x0000,0x0000,0x0000,0x0000,0x0000,0x0000,0x0000,0x0000,0x0000,0x0000,
  0xF9A1,0xF982,0xFE21,0xFE21,0xFE82,0xFEE3,0xFFAB,0xFFF8,0xFFA9,0xFF88,0xFFF7,0xFFF8,0xFFFA,0xFFAB,0xFFAA,0xFFF7,
  0xFF8A,0xFF48,0xFF47,0xFDC0,0xFE03,0xFDC2,0xED42,0xFDA0,0xFF48,0xFF06,0xFF27,0xFF89,0xFFFB,0xFF89,0xFF47,0xFF06,
  0xFF46,0xFF48,0xFF27,0xFF26,0xFF68,0xFF27,0xFF47,0xFF48,0xFF8A,0xFFF9,0xFF8A,0xFF47,0xFF26,0xFF47,0xFF89,0xFF8A,
  0xFF68,0xFF47,0xFF06,0xFEA3,0xFF68,0xFF69,0xFF89,0xFF68,0xFFF8,0xFF89,0xFF47,0xFF47,0xFF46,0xFF26,0xFE22,0xFE42,
  0xFEE4,0xFF47,0xFF8A,0xFF89,0xFF89,0xFFAD,0xFFF6,0xFF89,0xFF47,0xFEE5,0xFF68,0xFF47,0xFDA0,0xE941,0xFDC0,0xED01,
  0xDCE2,0xE921,0xF9A1,0xFF28,0xFE64,0xFF47,0xFFF3,0xFF8A,0xFF47,0xFF25,0xFF47,0xFF47,0xFF48,0xFFAA,0xFFFA,0xFFA9,
  0xFFAA,0xFFF8,0xFFF9,0xFFF9,0xFF45,0xFF03,0xFF03,0xFEE3,0xFEE3,0xFF25,0xFF66,0xFF45,0xFF03,0xFE82,0xF982,0xF9A1,
  0x0000,0x0000,0x0000,0x0000,0x0000,0x0000,0x0000,0x0000,0x0000,0x0000,0x0000,0x0000,0x0000,0x0000,0x0000,0x0000,
  0x0000,0x0000,0x0000,0x0000,0x0000,0x0000,0x0000,0x0000,0x0000,0x0000,0x0000,0x0000,0x0000,0x0000,0x0000,0x0000,
  0x0000,0x0000,0x0000,0x0000,0x0000,0x0000,0x0000,0x0000,0x0000,0x0000,0x0000,0xF582,0xF583,0xFDE1,0xFE41,0xFEE2,
  0xFF46,0xFFA9,0xFFCE,0xFFD2,0xFFF8,0xFFAB,0xFFAB,0xFFD3,0xFFAC,0xFF8B,0xFF27,0xFF26,0xF9E1,0xF562,0xE922,0xE102,
  0xF5A3,0xFF47,0xFF69,0xFF27,0xFF68,0xFFAC,0xFF8A,0xFF48,0xFF06,0xFF49,0xFF47,0xFA44,0xF9C2,0xFEE4,0xFE43,0xFF26,
  0xFE63,0xFF27,0xFF68,0xFF68,0xFF88,0xFF89,0xFFAF,0xFF69,0xFF48,0xFF47,0xFE63,0xFEC4,0xFEE6,0xFF06,0xFF89,0xFF8A,
  0xFF89,0xFF89,0xFF68,0xFFAE,0xFF89,0xFF68,0xFFAE,0xFF27,0xFF27,0xFEC6,0xFEC5,0xFF47,0xFF69,0xFF27,0xFE84,0xFEC5,
  0xFF47,0xFFAC,0xFFD0,0xFF47,0xFF47,0xFF47,0xFE84,0xF561,0xE921,0xF9C1,0xD8E2,0xDCE1,0xF581,0xFEA5,0xFF48,0xFF27,
  0xFFAB,0xFFAC,0xFF8A,0xFF88,0xFF69,0xFF06,0xFE63,0xFF26,0xFF8B,0xFFAB,0xFFAB,0xFFAB,0xFFD5,0xFFF8,0xFFD2,0xFF8A,
  0xFF68,0xFF45,0xFF89,0xFFD0,0xFF8A,0xFEE3,0xFE01,0xFDC2,0x0000,0x0000,0x0000,0x0000,0x0000,0x0000,0x0000,0x0000,
  0x0000,0x0000,0x0000,0x0000,0x0000,0x0000,0x0000,0x0000,0x0000,0x0000,0x0000,0x0000,0x0000,0x0000,0x0000,0x0000,
  0x0000,0x0000,0x0000,0x0000,0x0000,0x0000,0x0000,0x0000,0x0000,0x0000,0x0000,0x0000,0x0000,0x0000,0x0000,0x0000,
  0x0000,0x0000,0x0000,0x0000,0x0000,0x0000,0xF5A2,0xFE21,0xFEE2,0xFF45,0xFF25,0xFFA9,0xFFD0,0xFFF8,0xFFF8,0xFFAB,
  0xFFAB,0xFFAB,0xFFAC,0xFF68,0xFF27,0xFE02,0xF582,0xED41,0xE0E2,0xED21,0xFDA1,0xFF47,0xFF26,0xFF68,0xFF68,0xFF69,
  0xFF69,0xFF47,0xFF48,0xFF26,0xFEC5,0xE942,0xF9A1,0xFDC2,0xF162,0xFE02,0xFF06,0xFF47,0xFF48,0xFF89,0xFFD0,0xFFD0,
  0xFF8A,0xFF68,0xFF69,0xFF27,0xFEE5,0xFF26,0xFF47,0xFF69,0xFF69,0xFF26,0xFF27,0xFF47,0xFF26,0xFF47,0xFF47,0xFF69,
  0xFF88,0xFF8B,0xFF48,0xFF48,0xFF06,0xFF27,0xFF26,0xFF69,0xFEA4,0xFDC1,0xFE42,0xFF47,0xFF67,0xFFAC,0xFF48,0xFF48,
  0xFF47,0xF581,0xE902,0xE102,0xED21,0xD4C2,0xE941,0xF9A1,0xFF47,0xFF68,0xFF69,0xFFD0,0xFFAB,0xFFF7,0xFF68,0xFF48,
  0xFE02,0xFE01,0xFF48,0xFF8A,0xFFFA,0xFFAC,0xFFCB,0xFFAC,0xFFF9,0xFFF9,0xFFAA,0xFF89,0xFFA8,0xFFAA,0xFF46,0xFEE3,
  0xFE40,0xFA02,0xF5A2,0xF5A1,0x0000,0x0000,0x0000,0x0000,0x0000,0x0000,0x0000,0x0000,0x0000,0x0000,0x0000,0x0000,
  0x0000,0x0000,0x0000,0x0000,0x0000,0x0000,0x0000,0x0000,0x0000,0x0000,0x0000,0x0000,0x0000,0x0000,0x0000,0x0000,
  0x0000,0x0000,0x0000,0x0000,0x0000,0x0000,0x0000,0x0000,0x0000,0x0000,0x0000,0x0000,0xFDE2,0x0000,0x0000,0x0000,
  0xF582,0xFE02,0xFE82,0xFEE3,0xFF88,0xFFD3,0xFFF8,0xFFCD,0xFFAB,0xFFD4,0xFFAE,0xFFAA,0xFF69,0xFF26,0xFE42,0xF9C1,
  0xFA02,0xED41,0xE101,0xFEC6,0xFEE4,0xFE42,0xFEE6,0xFF8B,0xFF8B,0xFF47,0xFF47,0xF9C2,0xFF26,0xF9C2,0xED62,0xE921,
  0xF5C1,0xF562,0xFDE2,0xFF28,0xFF47,0xFF69,0xFF8A,0xFF68,0xFF27,0xFF26,0xFF26,0xFF48,0xFF68,0xFF8A,0xFF8A,0xFF89,
  0xFF8B,0xFF8B,0xFF47,0xFF26,0xFE82,0xFE22,0xFE22,0xFE43,0xFF26,0xFF8B,0xFFF5,0xFFD2,0xFFAA,0xFF47,0xFF06,0xFE22,
  0xFE22,0xFF27,0xFF27,0xFEA3,0xFE01,0xFF26,0xFF47,0xFF89,0xFF68,0xFF68,0xFF27,0xFF07,0xF9E3,0xFDA2,0xF622,0xE501,
  0xF162,0xF9A2,0xFEC4,0xFF48,0xFF68,0xFF8B,0xFFF8,0xFFAA,0xFFAE,0xFF48,0xFF06,0xFDE1,0xFEE5,0xFF27,0xFFAB,0xFFAD,
  0xFFF2,0xFFD3,0xFFAB,0xFFF7,0xFFF8,0xFFCD,0xFFCD,0xFF45,0xFF25,0xFE62,0xFDC1,0xF582,0x0000,0x0000,0x0000,0x0000,
  0x0000,0x0000,0x0000,0x0000,0x0000,0x0000,0x0000,0x0000,0x0000,0x0000,0x0000,0x0000,0x0000,0x0000,0x0000,0x0000,
  0x0000,0x0000,0x0000,0x0000,0x0000,0x0000,0x0000,0x0000,0x0000,0x0000,0x0000,0x0000,0x0000,0x0000,0xFA00,0x0000,
  0x0000,0x0000,0xFE41,0x0000,0x0000,0x0000,0x0000,0xFDC1,0xF982,0xF9A2,0xFDE1,0xFE42,0xFEC2,0xFF45,0xFF89,0xFFF8,
  0xFFF8,0xFFAB,0xFFF8,0xFFAB,0xFFF7,0xFFAB,0xFF68,0xFF05,0xFE02,0xF162,0xF5A1,0xE102,0xE922,0xF9C1,0xFEE5,0xFF27,
  0xFF06,0xFF6A,0xFF48,0xFDE2,0xF981,0xF142,0xFDC1,0xED22,0xE0E2,0xE102,0xE922,0xFDE2,0xFF26,0xFF47,0xFF69,0xFF48,
  0xFF27,0xFE63,0xFE23,0xFE43,0xFF05,0xFF68,0xFF89,0xFF8A,0xFF8A,0xFF88,0xFF68,0xFF47,0xFF06,0xFE63,0xFE21,0xFE22,
  0xFEE4,0xFF47,0xFF69,0xFF48,0xFF8A,0xFFAC,0xFFCB,0xFFAB,0xFF68,0xFF26,0xFF26,0xFE23,0xFF27,0xFF8A,0xFF26,0xFF69,
  0xFF47,0xFF47,0xFF69,0xFF69,0xFF69,0xFF48,0xFF47,0xFF27,0xFDC1,0xFDC2,0xFF68,0xFDC0,0xFF27,0xFF27,0xFF69,0xFF89,
  0xFFF7,0xFFF7,0xFFF8,0xFF8A,0xFF47,0xFF48,0xFE02,0xFF06,0xFFCD,0xFF67,0xFFAB,0xFFF6,0xFFAA,0xFFAC,0xFFF8,0xFFF7,
  0xFFAA,0xFF67,0xFEE3,0xFE61,0xFE01,0xF5A2,0x0000,0x0000,0x0000,0x0000,0x0000,0x0000,0x0000,0x0000,0x0000,0x0000,
  0x0000,0x0000,0x0000,0x0000,0x0000,0x0000,0x0000,0x0000,0x0000,0x0000,0x0000,0x0000,0x0000,0x0000,0x0000,0x0000,
  0x0000,0x0000,0x0000,0x0000,0x0000,0x0000,0x0000,0x0000,0x0000,0xFEC3,0x0000,0x0000,0x0000,0xF9C1,0xF9C1,0x0000,
  0xF9C2,0xFDE1,0xFE21,0xFE01,0xFE01,0xFEC3,0xFF25,0xFF8A,0xFFF8,0xFFD0,0xFFAB,0xFFD0,0xFFCD,0xFFAD,0xFFD1,0xFF68,
  0xFF27,0xFF27,0xF980,0xF161,0xE901,0xE522,0xF582,0xFF27,0xFEA4,0xFF48,0xFF06,0xFF27,0xFAA5,0xF582,0xF561,0xE922,
  0xED42,0xE102,0xE922,0xF5C2,0xF581,0xFE21,0xFDE1,0xFF05,0xFF47,0xFEE5,0xFE22,0xF9C2,0xFDE2,0xFEA5,0xFF27,0xFF89,
  0xFFAB,0xFF68,0xFF69,0xFFAA,0xFFAA,0xFF8A,0xFF68,0xFF26,0xFEC5,0xFF26,0xFF48,0xFF47,0xFF8A,0xFF8B,0xFF69,0xFF89,
  0xFFCE,0xFFD0,0xFFAA,0xFF8B,0xFF8B,0xFF26,0xFF27,0xFF48,0xFEE5,0xFF47,0xFF47,0xFEC6,0xFEC6,0xFF48,0xFF68,0xFF68,
  0xFF69,0xFF48,0xFF47,0xFE65,0xFE83,0xFF06,0xFF48,0xFF48,0xFF47,0xFF68,0xFFAC,0xFFF3,0xFFD0,0xFFCF,0xFF69,0xFF48,
  0xFF48,0xFF27,0xFEA4,0xFF47,0xFF89,0xFFD1,0xFFF7,0xFFAA,0xFFAA,0xFFF8,0xFFF5,0xFF89,0xFF25,0xFE62,0xF9C2,0xF5A3,
  0xF582,0x0000,0x0000,0x0000,0x0000,0x0000,0x0000,0x0000,0x0000,0x0000,0x0000,0x0000,0x0000,0x0000,0x0000,0x0000,
  0x0000,0x0000,0x0000,0x0000,0x0000,0x0000,0x0000,0x0000,0x0000,0x0000,0x0000,0x0000,0x0000,0x0000,0x0000,0x0000,
  0x0000,0xF5E1,0x0000,0x0000,0x0000,0x0000,0x0000,0x0000,0xF9C2,0xF582,0xF582,0xF5A2,0xFE01,0xFF25,0xFF03,0xFF25,
  0xFF89,0xFFF8,0xFFF9,0xFFAB,0xFFAB,0xFF68,0xFF89,0xFFAA,0xFF69,0xFF69,0xFF69,0xFE23,0xFF69,0xFDC0,0xF162,0xF981,
  0xFF27,0xFF69,0xFEE6,0xFF48,0xFF6B,0xFF28,0xFE02,0xF161,0xE921,0xED21,0xE102,0xD8C2,0xF181,0xFE01,0xFDA1,0xFEC1,
  0xF9A1,0xFDE2,0xFE01,0xFE22,0xF9A2,0xFE22,0xFF26,0xFF26,0xFF48,0xFF89,0xFF47,0xFF68,0xFFAB,0xFFF6,0xFFF8,0xFFF8,
  0xFFA9,0xFF89,0xFF6A,0xFF8A,0xFFD8,0xFFF8,0xFFF9,0xFFFB,0xFFAC,0xFF89,0xFFD6,0xFFF8,0xFFF8,0xFFD2,0xFF8A,0xFF27,
  0xFF48,0xFF47,0xFDE1,0xFF26,0xFDA1,0xF163,0xF981,0xF981,0xFF27,0xFF27,0xFF47,0xFF69,0xFF69,0xFF69,0xFF05,0xFE63,
  0xFF47,0xFF69,0xFF48,0xFF47,0xFFAA,0xFFAD,0xFFAB,0xFFAA,0xFFAC,0xFF8A,0xFF48,0xFF8A,0xFF05,0xFF06,0xFF48,0xFFAB,
  0xFFCE,0xFFF7,0xFFAC,0xFFAC,0xFFF8,0xFFAB,0xFF66,0xFE82,0xFE80,0xFDE2,0x0000,0x0000,0x0000,0xF5A2,0x0000,0xFA42,
  0x0000,0x0000,0x0000,0x0000,0x0000,0x0000,0x0000,0x0000,0x0000,0x0000,0x0000,0x0000,0x0000,0x0000,0x0000,0x0000,
  0x0000,0x0000,0x0000,0x0000,0x0000,0x0000,0x0000,0x0000,0x0000,0x0000,0x0000,0x0000,0x0000,0x0000,0x0000,0x0000,
  0x0000,0x0000,0xF9A2,0xFE21,0xF9A2,0xFDC1,0xFE21,0xFEA2,0xFF65,0xFFAA,0xFFF8,0xFFF7,0xFFAB,0xFFCD,0xFFAB,0xFF47,
  0xFFAC,0xFF68,0xFF27,0xFF8A,0xFF68,0xFF27,0xFF47,0xFDE2,0xFE02,0xFF26,0xFF68,0xFF48,0xFF27,0xFF8B,0xFF47,0xFDE1,
  0xFDC2,0xED22,0xDCE2,0xF1A2,0xE102,0xD8C2,0xE502,0xF161,0xFDE1,0xFEC3,0xF581,0xFE23,0xFF48,0xFEE6,0xFE22,0xFF26,
  0xFF27,0xFF48,0xFF8A,0xFF47,0xFF26,0xFF46,0xFF89,0xFFAA,0xFFCF,0xFFAC,0xFFF4,0xFFCD,0xFFF6,0xFFD0,0xFFF8,0xFFF8,
  0xFFF8,0xFFF8,0xFFAE,0xFFD3,0xFFF6,0xFFD1,0xFFD5,0xFFAD,0xFF89,0xFF27,0xFF27,0xFEA5,0xF9A1,0xED22,0xED42,0xF162,
  0xE102,0xF9A1,0xED42,0xF141,0xFF28,0xFF48,0xFF47,0xFF48,0xFF48,0xFF27,0xFE42,0xFF27,0xFF8A,0xFF68,0xFF69,0xFFAD,
  0xFFAF,0xFF89,0xFF89,0xFF68,0xFF27,0xFF27,0xFF47,0xFEC6,0xFEA5,0xFF47,0xFF8B,0xFFD2,0xFFF6,0xFFAA,0xFFD1,0xFFF9,
  0xFFAC,0xFF24,0xFE42,0xFDE2,0xF582,0xF5A2,0xF981,0x0000,0x0000,0x0000,0x0000,0x0000,0x0000,0x0000,0x0000,0x0000,
  0x0000,0x0000,0x0000,0x0000,0x0000,0x0000,0x0000,0x0000,0x0000,0x0000,0x0000,0x0000,0x0000,0x0000,0x0000,0x0000,
  0x0000,0x0000,0xFDE0,0x0000,0x0000,0x0000,0x0000,0x0000,0x0000,0x0000,0xF9A2,0x0000,0xF9C2,0xFE21,0xFEE2,0xFE82,
  0xFE82,0xFF03,0xFF66,0xFFF9,0xFFF8,0xFFCF,0xFFAA,0xFFCF,0xFF48,0xFFAD,0xFF89,0xFF05,0xFF48,0xFF69,0xFF8A,0xFF69,
  0xFA22,0xFDE2,0xFF26,0xFF68,0xFF8A,0xFF27,0xFF48,0xFF47,0xFF06,0xF581,0xF161,0xE502,0xD8C2,0xD4C2,0xD8C2,0xDCE2,
  0xDCE2,0xED42,0xF9A1,0xFEC3,0xFDC2,0xFF06,0xFF48,0xFF48,0xFF48,0xFF47,0xFE23,0xFF47,0xFF47,0xFF68,0xFF69,0xFF68,
  0xFF8B,0xFFAB,0xFFAB,0xFF8A,0xFFD3,0xFFF8,0xFFF8,0xFFF8,0xFFAC,0xFFF8,0xFFF7,0xFFF8,0xFFF8,0xFFAB,0xFFCF,0xFFAC,
  0xFF89,0xFF8B,0xFFAC,0xFF8A,0xFF47,0xFF05,0xF161,0xE922,0xE502,0xED41,0xE922,0xD8C1,0xDCE2,0xE922,0xFDE1,0xFF27,
  0xFF27,0xFE43,0xFF69,0xFF68,0xFF26,0xFF06,0xFF47,0xFFAA,0xFF8C,0xFFAF,0xFFA9,0xFFAE,0xFF48,0xFE01,0xFE42,0xFF27,
  0xFF27,0xFF28,0xF9A1,0xFF06,0xFF68,0xFFAB,0xFFF6,0xFFAC,0xFFAB,0xFFF9,0xFFF8,0xFF67,0xFEE3,0xFE42,0xFE00,0xF9A3,
  0x0000,0x0000,0x0000,0x0000,0x0000,0x0000,0x0000,0x0000,0x0000,0x0000,0x0000,0x0000,0x0000,0x0000,0x0000,0x0000,
  0x0000,0x0000,0x0000,0x0000,0x0000,0x0000,0x0000,0x0000,0x0000,0x0000,0x0000,0x0000,0x0000,0xFEE3,0xF642,0xFDE1,
  0xFA21,0xFDA1,0xF9E1,0x0000,0xF9C2,0xF582,0xF582,0xFDE2,0xFEA2,0xFF03,0xFF04,0xFF45,0xFFAD,0xFFF9,0xFFD4,0xFFAA,
  0xFFF3,0xFF8A,0xFF47,0xFF89,0xFF27,0xFF48,0xFF8A,0xFFD1,0xFF68,0xFF27,0xFE42,0xFF27,0xFF69,0xFF69,0xFF47,0xFF69,
  0xFFCC,0xFF27,0xFF27,0xFDC0,0xFE61,0xE102,0xDCC2,0xD8C2,0xD4C2,0xE501,0xED22,0xF9A1,0xFE62,0xFEC6,0xFE42,0xFF48,
  0xFF8B,0xFF68,0xFEE5,0xFE42,0xFE42,0xFF27,0xFF47,0xFF8B,0xFFD2,0xFFAE,0xFFD2,0xFFF4,0xFF8A,0xFF67,0xFFAA,0xFFF5,
  0xFFF7,0xFFF8,0xFFF8,0xFFF8,0xFFD0,0xFFF8,0xFFF8,0xFFF7,0xFFAC,0xFF47,0xFE83,0xFF48,0xFF69,0xFF47,0xFE64,0xF981,
  0xED42,0xF9A1,0xF582,0xFE41,0xF561,0xE501,0xDCE2,0xE0E1,0xF582,0xFE23,0xFF26,0xFF47,0xFF47,0xFF69,0xFFB0,0xFF89,
  0xFF48,0xFF69,0xFFF6,0xFFAD,0xFFAC,0xFF8A,0xFF68,0xFF26,0xF9C1,0xFE02,0xFF69,0xFF27,0xFE43,0xFF26,0xFF69,0xFF68,
  0xFFAC,0xFFF8,0xFFAC,0xFFD2,0xFFF9,0xFFAE,0xFF03,0xFE82,0xFDE1,0xF5A2,0xF5C2,0x0000,0x0000,0x0000,0xF9A1,0x0000,
  0x0000,0x0000,0xFE62,0x0000,0x0000,0x0000,0x0000,0x0000,0x0000,0x0000,0x0000,0x0000,0x0000,0x0000,0x0000,0x0000,
  0x0000,0x0000,0x0000,0x0000,0x0000,0x0000,0x0000,0xFDC1,0xFE82,0xFFAA,0xFFAC,0xFEE2,0xFEA2,0xFDE2,0xFDE1,0xFDE1,
  0xFDC1,0xFE21,0xFEA2,0xFF24,0xFF66,0xFFAB,0xFFF8,0xFFCC,0xFFAC,0xFF89,0xFFAB,0xFF47,0xFFD2,0xFF26,0xFE64,0xFFD2,
  0xFF8A,0xFFAB,0xFF47,0xFE63,0xFF47,0xFF69,0xFF47,0xFF26,0xFEA5,0xFF69,0xFF27,0xFF48,0xFF48,0xED42,0xE942,0xD8C2,
  0xED22,0xDCE1,0xE102,0xE922,0xF582,0xFF27,0xFF47,0xFF48,0xFF47,0xFF69,0xFF48,0xFEA4,0xFE42,0xFDE1,0xFE42,0xFF26,
  0xFF68,0xFF89,0xFF89,0xFFF6,0xFFF9,0xFFAB,0xFF89,0xFFCE,0xFFD0,0xFFAC,0xFFF8,0xFFD1,0xFFF9,0xFFF8,0xFFF8,0xFFF8,
  0xFFF8,0xFFD4,0xFF89,0xFE63,0xFE21,0xFF27,0xFF89,0xFF48,0xFEE6,0xF562,0xE502,0xFDE1,0xFEE1,0xFDE1,0xFF23,0xFE80,
  0xED42,0xDCC2,0xED41,0xF581,0xFF27,0xFF48,0xFF47,0xFF47,0xFF47,0xFF89,0xFFF8,0xFF89,0xFFAA,0xFF89,0xFFD1,0xFF8B,
  0xFF06,0xFF27,0xFE03,0xF981,0xFF48,0xFF47,0xFF8A,0xFF47,0xFF27,0xFFAC,0xFF89,0xFFF8,0xFFF7,0xFFAB,0xFFAC,0xFFF8,
  0xFF65,0xFF04,0xFEE2,0xFE42,0xF9C2,0xF5A2,0xF9C1,0xF981,0x0000,0x0000,0xFDA1,0x0000,0x0000,0x0000,0x0000,0x0000,
  0x0000,0xFDC0,0x0000,0x0000,0x0000,0x0000,0x0000,0x0000,0x0000,0x0000,0x0000,0x0000,0x0000,0x0000,0x0000,0x0000,
  0x0000,0x0000,0xFDC1,0xFE61,0xFF04,0xFFF6,0xFF45,0xFEC2,0xFE41,0xFE21,0xFE21,0xFEC2,0xFEA2,0xFF45,0xFF66,0xFFF8,
  0xFFF8,0xFFAB,0xFF88,0xFFAD,0xFF89,0xFF8C,0xFF69,0xFE63,0xFF26,0xFF8A,0xFF48,0xFF69,0xFF27,0xFF26,0xFF8A,0xFF26,
  0xFEA4,0xFE23,0xFF26,0xFF26,0xFF05,0xFF48,0xFDE2,0xF141,0xDCE2,0xE922,0xF981,0xED63,0xE922,0xED62,0xFDE1,0xFF27,
  0xFF8A,0xFF89,0xFF68,0xFF48,0xFF06,0xFF25,0xFF26,0xFE41,0xFF27,0xFF68,0xFF68,0xFF47,0xFF89,0xFF8B,0xFFF7,0xFFF9,
  0xFFD0,0xFFF8,0xFFFA,0xFFF7,0xFFF8,0xFFF7,0xFFF8,0xFFF9,0xFFF5,0xFFF8,0xFFF8,0xFFD2,0xFF68,0xFF68,0xFF26,0xFF69,
  0xFF68,0xFF47,0xF9A1,0xE921,0xE102,0xF581,0xFF65,0xFE21,0xFF85,0xF9A2,0xE501,0xE502,0xDCE2,0xED41,0xFDE2,0xFF47,
  0xFF68,0xFF68,0xFE63,0xFF47,0xFF89,0xFFF2,0xFFF5,0xFF89,0xFF8A,0xFFF4,0xFF46,0xFF26,0xFE01,0xFDC1,0xFE23,0xFF48,
  0xFF8B,0xFF69,0xFF06,0xFF89,0xFFAD,0xFFA9,0xFFF6,0xFFF6,0xFFAC,0xFFF7,0xFF86,0xFF45,0xFEA2,0xFE01,0xFE20,0xFEA2,
  0xF582,0x0000,0x0000,0xF582,0x0000,0x0000,0x0000,0x0000,0x0000,0xFDC1,0xFF03,0x0000,0x0000,0x0000,0x0000,0x0000,
  0x0000,0x0000,0x0000,0x0000,0x0000,0x0000,0x0000,0x0000,0x0000,0x0000,0x0000,0x0000,0xF9A1,0x0000,0xFDA1,0xFE62,
  0xFF23,0xFF67,0xFFD1,0xFF45,0xFF67,0xFF24,0xFF04,0xFF46,0xFFD3,0xFFF8,0xFFAC,0xFF68,0xFFAB,0xFFF5,0xFFAA,0xFF48,
  0xFF05,0xFF07,0xFF8A,0xFF27,0xFE22,0xFF48,0xFF68,0xFF48,0xFF26,0xFF26,0xFDE2,0xFF49,0xFF06,0xFF48,0xFFAB,0xFDE2,
  0xF561,0xF142,0xDCE2,0xF9A2,0xF982,0xF981,0xFE42,0xFDC0,0xFE01,0xFF47,0xFE02,0xFDC1,0xFF27,0xFEC5,0xFF48,0xFF89,
  0xFFF5,0xFF8A,0xFFF9,0xFFAC,0xFFF8,0xFF89,0xFF47,0xFF48,0xFFAB,0xFFAC,0xFFF7,0xFFD1,0xFFAB,0xFF88,0xFFF8,0xFFF7,
  0xFFF7,0xFFFB,0xFFAB,0xFFAA,0xFF8A,0xFF88,0xFFD3,0xFF89,0xFF8A,0xFF48,0xFF68,0xFF47,0xFDC2,0xED41,0xF162,0xE502,
  0xF162,0xFEC1,0xFDA1,0xE502,0xFE80,0xE922,0xF561,0xF982,0xFF48,0xFF27,0xFF69,0xFF69,0xFF06,0xFDE2,0xFF27,0xFF48,
  0xFF89,0xFF48,0xFF27,0xFF88,0xFFF7,0xFF6A,0xFF27,0xFF49,0xFF28,0xFF06,0xFF27,0xFF68,0xFF8A,0xFF47,0xFF88,0xFF46,
  0xFFAB,0xFFF7,0xFFAA,0xFFAC,0xFFF8,0xFFFA,0xFF04,0xFEE3,0xFE02,0xFDC2,0xF9C2,0xF582,0xF582,0xF5C2,0xF5A2,0xFDC2,
  0xFE01,0xFEC2,0xFFC9,0xFE42,0xFDC1,0x0000,0x0000,0x0000,0x0000,0x0000,0x0000,0x0000,0x0000,0x0000,0x0000,0x0000,
  0x0000,0x0000,0x0000,0x0000,0x0000,0x0000,0x0000,0x0000,0xFDA1,0xFDE1,0xFE41,0xFEE3,0xFF44,0xFFF3,0xFF89,0xFF88,
  0xFF67,0xFFA9,0xFFF8,0xFFF7,0xFFAB,0xFF8A,0xFFF6,0xFFF4,0xFF68,0xFF06,0xFDE1,0xFF27,0xFF69,0xFE63,0xFEE5,0xFF27,
  0xFF8B,0xFF27,0xFF27,0xFF26,0xFE43,0xFF27,0xFF48,0xFF89,0xFFAB,0xFF69,0xFDC1,0xED41,0xE502,0xE522,0xFDA1,0xFF04,
  0xFF24,0xFF24,0xFDE1,0xFE01,0xFDA1,0xF581,0xFDC1,0xFF06,0xFF69,0xFF68,0xFF69,0xFFAD,0xFFF6,0xFFF8,0xFFAC,0xFFAA,
  0xFF89,0xFF27,0xFF27,0xFF89,0xFF67,0xFF68,0xFF47,0xFFAA,0xFFF8,0xFFF9,0xFFF7,0xFFD1,0xFF8A,0xFF47,0xFF47,0xFF46,
  0xFF88,0xFFAD,0xFF8A,0xFF48,0xFF68,0xFF48,0xFE02,0xFDC1,0xFEA2,0xE0E2,0xE102,0xF9A1,0xF561,0xF561,0xF9A1,0xED21,
  0xF9A0,0xFE43,0xFF27,0xFF27,0xFF68,0xFF8A,0xFF48,0xFE43,0xFF27,0xFF47,0xFF26,0xFF89,0xFF26,0xFF48,0xFF8A,0xFF69,
  0xFF27,0xFF27,0xFDC2,0xFF47,0xFF47,0xFF69,0xFF27,0xFF68,0xFF69,0xFF06,0xFF67,0xFFF9,0xFFAB,0xFFAB,0xFFF8,0xFFF6,
  0xFF45,0xFEE3,0xFE81,0xFDE1,0xF5A2,0xF5A2,0xF9A2,0xFDC1,0xFE21,0xFE41,0xFF65,0xFF44,0xFE41,0xF9A1,0x0000,0x0000,
  0x0000,0x0000,0x0000,0x0000,0x0000,0x0000,0x0000,0x0000,0x0000,0x0000,0x0000,0x0000,0x0000,0x0000,0x0000,0x0000,
  0x0000,0x0000,0x0000,0x0000,0xF9A2,0xFE41,0xFEC2,0xFF24,0xFF87,0xFFAA,0xFFF9,0xFFF8,0xFFF8,0xFFAB,0xFF67,0xFFF5,
  0xFFF8,0xFF8C,0xFF27,0xFE02,0xFE22,0xFF27,0xFF26,0xF9C1,0xFE43,0xFF47,0xFF68,0xFF07,0xFF69,0xFF69,0xFF48,0xFF89,
  0xFFD5,0xFF8B,0xFF27,0xFDE2,0xF981,0xFDE1,0xFDA1,0xFDE2,0xFF46,0xFE42,0xFF24,0xF9A2,0xFEE2,0xF561,0xED42,0xF162,
  0xFE21,0xFF69,0xFF06,0xFF27,0xFF69,0xFFAA,0xFFF9,0xFFAA,0xFFAA,0xFFAA,0xFF8A,0xFF69,0xFF06,0xFE63,0xFF07,0xFF47,
  0xFFD3,0xFFAC,0xFF68,0xFF68,0xFFAB,0xFFA9,0xFF8A,0xFFD2,0xFFAC,0xFF68,0xFF69,0xFF48,0xFF27,0xFF27,0xFF69,0xFF89,
  0xFF48,0xFF67,0xFDA1,0xE921,0xED22,0xDCE2,0xE102,0xFF25,0xFF47,0xFF47,0xFF47,0xFF68,0xFF69,0xFF69,0xFF47,0xFF68,
  0xFF68,0xFF89,0xFF8A,0xFFF4,0xFF68,0xFF47,0xFF48,0xFF48,0xFF8A,0xFF48,0xFF27,0xFDE2,0xED42,0xE922,0xF981,0xFF48,
  0xFF47,0xFF26,0xFF68,0xFF47,0xFE42,0xFF69,0xFFAB,0xFFAA,0xFFD0,0xFFF8,0xFF89,0xFF46,0xFF04,0xFE81,0xFE41,0xFDE1,
  0xFE61,0xFEC3,0xFFD0,0xFF67,0xFE41,0xF9A0,0x0000,0x0000,0x0000,0x0000,0x0000,0x0000,0x0000,0x0000,0x0000,0x0000,
  0x0000,0x0000,0x0000,0x0000,0x0000,0x0000,0x0000,0x0000,0x0000,0x0000,0x0000,0x0000,0x0000,0xF5A2,0xF582,0xFE21,
  0xFE21,0xFF45,0xFF24,0xFFAB,0xFFAB,0xFFF8,0xFFF9,0xFF89,0xFF67,0xFFF4,0xFFAC,0xFF47,0xFE22,0xF582,0xF9A1,0xFF27,
  0xFF27,0xFE22,0xFF47,0xFF8B,0xFF89,0xFF8A,0xFF69,0xFF47,0xFF68,0xFF89,0xFFAE,0xFF89,0xFF48,0xFF47,0xFDE1,0xFF68,
  0xFDC1,0xFF06,0xFF25,0xFF48,0xFE62,0xF9A2,0xFDE1,0xED42,0xE101,0xF9A2,0xFDE1,0xFF47,0xFF05,0xFF69,0xFFAE,0xFFD4,
  0xFF8B,0xFF8A,0xFFF8,0xFFAA,0xFF47,0xFF47,0xFF67,0xFF46,0xFF8C,0xFFAA,0xFFA9,0xFF88,0xFF27,0xFF89,0xFFF8,0xFFF7,
  0xFFF7,0xFF8A,0xFF67,0xFF48,0xFF68,0xFF27,0xFF06,0xFF47,0xFF27,0xFF89,0xFF48,0xFF48,0xFF69,0xFDA1,0xF9A1,0xE102,
  0xE521,0xFE82,0xFF27,0xFF69,0xFF69,0xFF68,0xFF69,0xFF47,0xFE62,0xFF47,0xFF48,0xFF8A,0xFFCE,0xFFF3,0xFF68,0xFEA4,
  0xFF46,0xFF27,0xFF69,0xFF68,0xFDC2,0xF9A1,0xE922,0xE502,0xF142,0xF9A1,0xFF69,0xFF48,0xFF48,0xFF27,0xFEA4,0xFF26,
  0xFFAC,0xFF89,0xFFAB,0xFFF7,0xFFF8,0xFF67,0xFF03,0xFEE3,0xFEA1,0xFE81,0xFF03,0xFFED,0xFF24,0xFEA2,0xF980,0xFDC1,
  0x0000,0x0000,0x0000,0x0000,0x0000,0x0000,0x0000,0x0000,0x0000,0x0000,0x0000,0x0000,0x0000,0x0000,0x0000,0x0000,
  0x0000,0x0000,0x0000,0x0000,0x0000,0x0000,0x0000,0x0000,0xF5C2,0xF9A1,0xFE41,0xFF26,0xFF25,0xFF67,0xFFF3,0xFFF9,
  0xFFAD,0xFF67,0xFFAB,0xFF89,0xFF47,0xFDE2,0xFDE1,0xF562,0xFE62,0xFF68,0xFF47,0xFF48,0xFF8A,0xFFF6,0xFF8A,0xFF6A,
  0xFF47,0xFF48,0xFF69,0xFF89,0xFFAC,0xFF47,0xFF47,0xFF48,0xFF48,0xFEA4,0xFF27,0xFF26,0xFE62,0xFF26,0xFF49,0xFDA1,
  0xE922,0xF982,0xFDC2,0xFF48,0xFF47,0xFF68,0xFF68,0xFFAB,0xFF8A,0xFF69,0xFF27,0xFF69,0xFFF9,0xFF89,0xFF47,0xFF47,
  0xFF8B,0xFFF8,0xFFD4,0xFFAB,0xFF48,0xFF27,0xFF8A,0xFFAD,0xFFAB,0xFFAB,0xFFAA,0xFFAF,0xFF8A,0xFF69,0xFF27,0xFE02,
  0xFE22,0xFE22,0xFE43,0xFF47,0xFF8A,0xFF48,0xFF47,0xFF48,0xFF47,0xFDA2,0xED42,0xFDC1,0xFF47,0xFF48,0xFF89,0xFFF5,
  0xFF89,0xFF8A,0xFF05,0xFE22,0xFF27,0xFF48,0xFF47,0xFF89,0xFF8B,0xFF48,0xFDA2,0xFDE2,0xFF28,0xFF27,0xF561,0xF142,
  0xE102,0xF561,0xE502,0xE502,0xF561,0xFF27,0xFF48,0xFF8A,0xFF27,0xFE22,0xFF27,0xFFF8,0xFF89,0xFFD1,0xFFF9,0xFFD6,
  0xFF45,0xFF25,0xFF67,0xFFAB,0xFF45,0xFEE3,0xFE41,0xFDC1,0xF9C2,0x0000,0x0000,0x0000,0x0000,0x0000,0x0000,0x0000,
  0x0000,0x0000,0x0000,0x0000,0x0000,0x0000,0x0000,0x0000,0x0000,0x0000,0x0000,0x0000,0x0000,0x0000,0x0000,0xFDE1,
  0x0000,0x0000,0xF9C2,0xF582,0xFDC1,0xFEC2,0xFF03,0xFFAA,0xFFF9,0xFFAA,0xFFCE,0xFF68,0xFFCD,0xFF69,0xFE01,0xF9A1,
  0xF161,0xED42,0xFF26,0xFF47,0xFF69,0xFF47,0xFF88,0xFF89,0xFF8A,0xFF47,0xFF8B,0xFF48,0xFF48,0xFF8A,0xFF47,0xFF47,
  0xFF47,0xFF8A,0xFF47,0xFEE6,0xFF68,0xFE01,0xFE21,0xFF47,0xFE63,0xFDA1,0xFDA1,0xFDC1,0xFF47,0xFF47,0xFF6A,0xFF26,
  0xFF69,0xFF68,0xFF48,0xFF06,0xFE02,0xFF27,0xFF69,0xFF48,0xFF48,0xFF89,0xFF8A,0xFFAA,0xFFF8,0xFFAB,0xFF46,0xFF26,
  0xFF8A,0xFF89,0xFF8B,0xFF8A,0xFF8A,0xFFD1,0xFFD3,0xFF88,0xFF26,0xFE83,0xFE02,0xFE21,0xFF26,0xFF69,0xFFAB,0xFF8A,
  0xFF47,0xFFAB,0xFF48,0xFF48,0xFDA1,0xFF47,0xFF47,0xFF69,0xFF69,0xFF8C,0xFFF1,0xFF89,0xFF06,0xFF27,0xFF26,0xFF69,
  0xFF47,0xFF48,0xFFD0,0xFF47,0xFE01,0xF981,0xFF07,0xFF48,0xF981,0xE502,0xED42,0xFDC0,0xF961,0xE102,0xE902,0xF9C1,
  0xFA43,0xFF48,0xFFAA,0xFE63,0xFF26,0xFF8A,0xFF88,0xFFAB,0xFFF9,0xFFD1,0xFF88,0xFFA8,0xFFF7,0xFFEF,0xFEE3,0xFEC2,
  0xFDE1,0xF582,0x0000,0xF981,0x0000,0x0000,0x0000,0x0000,0x0000,0x0000,0x0000,0x0000,0x0000,0x0000,0x0000,0x0000,
  0x0000,0x0000,0x0000,0x0000,0x0000,0xF9C1,0x0000,0x0000,0xFDC1,0x0000,0xFE21,0xFDC1,0xF9A2,0xF9A1,0xFE21,0xFF04,
  0xFF45,0xFFFA,0xFFFA,0xFFAB,0xFF88,0xFFAC,0xFF47,0xFE22,0xFDE2,0xFF25,0xE102,0xE922,0xFDC1,0xFF69,0xFF48,0xFF28,
  0xFF68,0xFF69,0xFF26,0xFE02,0xFF48,0xFF27,0xFE23,0xFF47,0xFF69,0xFFF3,0xFF8A,0xFF47,0xFF27,0xFF6A,0xFF89,0xFF47,
  0xFF48,0xFF47,0xFDE2,0xFF27,0xFF48,0xFF8A,0xFF47,0xFFCF,0xFF68,0xFE22,0xFF27,0xFF26,0xFE22,0xFE02,0xFEC5,0xFF27,
  0xFE42,0xFF26,0xFF8C,0xFFA9,0xFFAB,0xFFF7,0xFFAE,0xFFAB,0xFF68,0xFF68,0xFF68,0xFF8A,0xFFF9,0xFF8B,0xFF48,0xFF27,
  0xFF89,0xFFF6,0xFFAF,0xFF8A,0xFF26,0xFF26,0xFF48,0xFF48,0xFF89,0xFFF8,0xFFA9,0xFFAD,0xFF8B,0xFF8A,0xFF48,0xFF47,
  0xFF68,0xFF47,0xFF69,0xFF69,0xFF27,0xFF06,0xFF27,0xFF68,0xFF27,0xFF47,0xFF27,0xFF27,0xFF68,0xFEE5,0xFF27,0xFDE1,
  0xFF27,0xFF69,0xED42,0xDCE2,0xF9A1,0xFDC1,0xFEE1,0xFDE2,0xE102,0xE522,0xED41,0xF9A1,0xFF47,0xFF69,0xFF26,0xFF68,
  0xFFAB,0xFFAC,0xFF88,0xFFF8,0xFFF9,0xFFAA,0xFF45,0xFEE3,0xFE42,0xFE01,0xFE01,0xF582,0x0000,0x0000,0x0000,0x0000,
  0x0000,0x0000,0x0000,0x0000,0x0000,0x0000,0x0000,0x0000,0x0000,0x0000,0x0000,0x0000,0x0000,0x0000,0x0000,0x0000,
  0x0000,0x0000,0x0000,0x0000,0xF9C2,0xFF23,0xFE01,0xFE41,0xFE41,0xFF04,0xFF45,0xFFF8,0xFFFA,0xFF68,0xFFAA,0xFF8A,
  0xFF48,0xF9C1,0xFE42,0xFDA2,0xDCE2,0xFDC2,0xFF47,0xFF69,0xFF27,0xFF47,0xFFAB,0xFF26,0xFEE5,0xFDC1,0xFF68,0xFE42,
  0xFEC5,0xFF47,0xFFD5,0xFF89,0xFF8A,0xFF06,0xFE01,0xFF27,0xFF69,0xFF8A,0xFF8A,0xFF27,0xFF48,0xFF47,0xFF69,0xFF69,
  0xFF66,0xFF8A,0xFF68,0xFF26,0xFF47,0xFF26,0xFF26,0xFF06,0xFF27,0xFE43,0xFE22,0xFF47,0xFF68,0xFF8A,0xFFFA,0xFFF8,
  0xFFF7,0xFFAA,0xFFAA,0xFFAA,0xFF8A,0xFFAB,0xFF8A,0xFF47,0xFF28,0xFF27,0xFF89,0xFFF6,0xFFCF,0xFF89,0xFF47,0xFF88,
  0xFFAB,0xFF48,0xFFAA,0xFFF8,0xFFF8,0xFFF8,0xFFF9,0xFF8B,0xFF89,0xFF47,0xFF8A,0xFF47,0xFF8A,0xFF47,0xFF27,0xF9E1,
  0xFF48,0xFF26,0xFF69,0xFF26,0xFE42,0xFF47,0xFF47,0xFF47,0xFF68,0xFF27,0xFF48,0xFF68,0xF581,0xE101,0xE922,0xF981,
  0xFEC2,0xF162,0xE102,0xDCE2,0xED21,0xFE22,0xFF47,0xFF8A,0xFF47,0xFF26,0xFFAC,0xFFD1,0xFFF6,0xFFF8,0xFFF6,0xFF88,
  0xFF45,0xFF88,0xFEE2,0xFE61,0xF582,0xF582,0xF981,0x0000,0x0000,0x0000,0x0000,0xF9C1,0x0000,0x0000,0x0000,0x0000,
  0x0000,0x0000,0x0000,0x0000,0x0000,0x0000,0x0000,0x0000,0x0000,0x0000,0x0000,0x0000,0x0000,0x0000,0x0000,0xF562,
  0xFE21,0xFF23,0xFF88,0xFF45,0xFFAA,0xFFF9,0xFFCD,0xFF68,0xFF89,0xFF68,0xFF27,0xF9A2,0xF562,0xED22,0xFDA2,0xFEA5,
  0xFF27,0xFF27,0xFE01,0xFF07,0xFF27,0xFF47,0xFEC6,0xFE01,0xFF27,0xFF27,0xFF69,0xFF89,0xFFAE,0xFF8B,0xFF47,0xFF68,
  0xFF47,0xFF68,0xFF06,0xFF48,0xFF8A,0xFEA4,0xFDC1,0xFF48,0xFF6A,0xFF69,0xFF89,0xFF69,0xFF27,0xFF6A,0xFF8A,0xFF48,
  0xFF8A,0xFF69,0xFF27,0xFF27,0xFF48,0xFF68,0xFFAA,0xFFF9,0xFFF7,0xFFF8,0xFFF8,0xFFF8,0xFFF8,0xFFF7,0xFF89,0xFF68,
  0xFF48,0xFE83,0xFF47,0xFFAD,0xFFF6,0xFF8B,0xFF68,0xFF89,0xFFAB,0xFFF9,0xFFD3,0xFFAB,0xFFD3,0xFFAB,0xFFD3,0xFFF8,
  0xFFAB,0xFFF8,0xFF88,0xFF68,0xFF69,0xFF69,0xFF27,0xFF26,0xFF27,0xFE43,0xFE01,0xFF26,0xFF47,0xFE84,0xFE42,0xFF27,
  0xFF47,0xFF69,0xFF68,0xFF68,0xFF47,0xFF8A,0xFF27,0xFDC2,0xE502,0xE522,0xFEE3,0xF561,0xF122,0xDCE2,0xDCE2,0xF161,
  0xFE03,0xFF8A,0xFFF7,0xFF48,0xFF69,0xFFF2,0xFFAC,0xFFCE,0xFFF7,0xFFAB,0xFF24,0xFF25,0xFE21,0xFE01,0xF582,0x0000,
  0x0000,0x0000,0x0000,0x0000,0xFE42,0x0000,0x0000,0x0000,0x0000,0x0000,0x0000,0x0000,0x0000,0x0000,0x0000,0x0000,
  0x0000,0x0000,0x0000,0x0000,0x0000,0x0000,0x0000,0x0000,0xF9E2,0xF562,0xF9A1,0xFEA2,0xFF03,0xFFAA,0xFFF9,0xFFCE,
  0xFFAA,0xFFAB,0xFF8A,0xFF47,0xFF47,0xFE83,0xF582,0xE941,0xFF47,0xFF26,0xFEE5,0xFE63,0xFDC1,0xFE01,0xFF68,0xFF68,
  0xFEC5,0xFF47,0xFF48,0xFF47,0xFF69,0xFF89,0xFF89,0xFF27,0xFF8A,0xFF47,0xFF47,0xFF47,0xFF47,0xFF8A,0xFF47,0xFE62,
  0xFE42,0xFF48,0xFF89,0xFF89,0xFFF1,0xFF48,0xFF26,0xFF8A,0xFF8A,0xFF89,0xFFCE,0xFF47,0xFF47,0xFF47,0xFF48,0xFF68,
  0xFFAB,0xFFAB,0xFFF9,0xFFF8,0xFFF8,0xFFF8,0xFFF8,0xFFAC,0xFF8A,0xFF47,0xFEC4,0xFF26,0xFF89,0xFFCF,0xFFFA,0xFF89,
  0xFF67,0xFF89,0xFFF8,0xFFF8,0xFFF7,0xFF8A,0xFFAC,0xFFD3,0xFF89,0xFFAC,0xFFAA,0xFF8A,0xFF89,0xFFF4,0xFF8A,0xFF48,
  0xFF27,0xFF26,0xFF27,0xFF48,0xFF27,0xFF26,0xFF68,0xFF06,0xFF27,0xFF69,0xFF05,0xFF48,0xFF8A,0xFF27,0xFF06,0xFF47,
  0xFF48,0xFF68,0xF161,0xE522,0xF5A2,0xF141,0xE501,0xDCE2,0xED41,0xF161,0xFDE2,0xFF8B,0xFFF7,0xFF89,0xFF47,0xFFAB,
  0xFFAB,0xFFAC,0xFFF8,0xFFF6,0xFF25,0xFEC3,0xFEE3,0xFDE1,0xF5A2,0x0000,0x0000,0x0000,0xFDC1,0x0000,0x0000,0x0000,
  0x0000,0x0000,0x0000,0x0000,0x0000,0x0000,0x0000,0x0000,0x0000,0x0000,0x0000,0xFEA2,0x0000,0x0000,0xF9E2,0xF9C1,
  0xFDE2,0xF9A2,0xF5A2,0xFE21,0xFE41,0xFEA2,0xFF24,0xFFCF,0xFFF8,0xFFCF,0xFFAA,0xFF89,0xFF8A,0xFF47,0xFE82,0xF9E1,
  0xFDC2,0xFE02,0xFF26,0xFF05,0xFF47,0xFE02,0xFE03,0xFF27,0xFF8A,0xFF48,0xFF48,0xFF69,0xFF68,0xFF68,0xFF69,0xFF8A,
  0xFF27,0xFF26,0xFEC6,0xFF47,0xFF69,0xFF68,0xFF68,0xFF48,0xFF47,0xFF48,0xFF47,0xFF48,0xFF89,0xFFAC,0xFF47,0xFE84,
  0xFF26,0xFF89,0xFFAD,0xFFAD,0xFF8A,0xFEC4,0xFE42,0xFE42,0xFEA5,0xFF8A,0xFFD1,0xFFAA,0xFFAC,0xFFF7,0xFFF7,0xFFF7,
  0xFFF8,0xFFF8,0xFFAB,0xFF8A,0xFF48,0xFFAB,0xFFAC,0xFFAE,0xFFAA,0xFF8A,0xFFAB,0xFFF5,0xFFF8,0xFFCF,0xFFCE,0xFFAD,
  0xFF89,0xFF68,0xFF48,0xFF8A,0xFF89,0xFF68,0xFF68,0xFF69,0xFF89,0xFF48,0xFE42,0xFEE5,0xFE83,0xFE62,0xFF27,0xFF05,
  0xFF68,0xFF68,0xFF47,0xFF48,0xFF27,0xFF47,0xFF89,0xFF68,0xFEA4,0xFF06,0xFF89,0xFF48,0xFDA1,0xE942,0xF5C2,0xFEA6,
  0xED42,0xDCE2,0xE942,0xF9A1,0xFE84,0xFF69,0xFFAB,0xFFAB,0xFF69,0xFF6A,0xFFCF,0xFF89,0xFFF9,0xFFF7,0xFF45,0xFF04,
  0xFE82,0xFDE1,0xF9A2,0xF582,0x0000,0xF9A1,0x0000,0x0000,0x0000,0x0000,0x0000,0x0000,0x0000,0x0000,0x0000,0x0000,
  0x0000,0x0000,0x0000,0x0000,0x0000,0x0000,0xFDC1,0xFF24,0xFF02,0xFE21,0xFDC1,0xFDE1,0xFDC1,0xFE01,0xFE41,0xFF24,
  0xFF45,0xFFFA,0xFFF9,0xFFCE,0xFF8A,0xFFAB,0xFF47,0xFF27,0xFE02,0xFDE1,0xFF26,0xFE22,0xFF47,0xFF69,0xFF26,0xFE22,
  0xFF27,0xFF8B,0xFF68,0xFF27,0xFFAB,0xFF69,0xFF48,0xFF48,0xFF69,0xFF69,0xFF26,0xFE43,0xFE02,0xFF47,0xFF69,0xFF47,
  0xFF68,0xFF47,0xFF89,0xFFCF,0xFF8B,0xFF69,0xFFAC,0xFF68,0xFEE5,0xFE02,0xFF27,0xFF47,0xFF8A,0xFFF3,0xFF8B,0xFF47,
  0xFE82,0xFF06,0xFF47,0xFFF5,0xFF8A,0xFF68,0xFFAD,0xFFAA,0xFFAB,0xFFF8,0xFFF7,0xFFF7,0xFFAD,0xFFF7,0xFFAB,0xFFFB,
  0xFFAC,0xFFAC,0xFFAB,0xFFAC,0xFFD3,0xFFF8,0xFFF8,0xFFAA,0xFFD2,0xFF89,0xFF68,0xFF47,0xFEE5,0xFF89,0xFF47,0xFF47,
  0xFF47,0xFF47,0xFF68,0xFF48,0xFF26,0xFE22,0xFF47,0xFF06,0xFF69,0xFF26,0xFF47,0xFF68,0xFF47,0xFDC2,0xFF48,0xFF47,
  0xFF47,0xFF69,0xFF27,0xFF26,0xFF89,0xFF69,0xFF27,0xF981,0xFEC6,0xFF47,0xF961,0xED22,0xE922,0xF9A1,0xFF27,0xFF8A,
  0xFFAA,0xFFAB,0xFFF1,0xFF47,0xFFD0,0xFFAC,0xFFD3,0xFFF8,0xFF67,0xFF25,0xFEA2,0xFE41,0xFDC1,0xF9C2,0xF582,0x0000,
  0x0000,0x0000,0xFDA1,0xFDA0,0x0000,0x0000,0xFDC1,0x0000,0x0000,0x0000,0x0000,0x0000,0x0000,0x0000,0x0000,0x0000,
  0x0000,0xF9A1,0xFE21,0xFE61,0xFF04,0xFE83,0xFEC2,0xFE81,0xFEE2,0xFF25,0xFF88,0xFFFA,0xFFF8,0xFFA9,0xFF67,0xFF89,
  0xFF27,0xFF46,0xFE63,0xFF08,0xFF26,0xFF26,0xFF48,0xFF27,0xFF68,0xFF48,0xFF68,0xFF27,0xFF06,0xFF69,0xFF69,0xFF48,
  0xF9A2,0xFA64,0xFF27,0xFF27,0xFF06,0xFE22,0xFEC4,0xFF48,0xFF48,0xFF27,0xFF8A,0xFF8A,0xFF89,0xFFAC,0xFF8B,0xFF69,
  0xFF68,0xFF47,0xFE83,0xFEC4,0xFF69,0xFF68,0xFF69,0xFFAB,0xFFD0,0xFF8A,0xFF69,0xFF8B,0xFFAA,0xFF8A,0xFF8A,0xFF8A,
  0xFF69,0xFF89,0xFFAE,0xFFD1,0xFFCD,0xFFD1,0xFFF8,0xFFF7,0xFFD0,0xFFF7,0xFFF8,0xFFD1,0xFFF7,0xFFF8,0xFFF8,0xFFF8,
  0xFFF7,0xFFAB,0xFF89,0xFF68,0xFF47,0xFF47,0xFF68,0xFF8A,0xFFCE,0xFF68,0xFF47,0xFF27,0xFF27,0xFF27,0xFE63,0xFE42,
  0xFE63,0xFF26,0xFF69,0xFF69,0xFF47,0xFEE6,0xFE23,0xF582,0xF561,0xFE84,0xFF47,0xFF68,0xFFAD,0xFF6A,0xFF69,0xFF47,
  0xFF47,0xFEA6,0xFDC2,0xFF27,0xFF48,0xFA44,0xF562,0xFF47,0xFF47,0xFF47,0xFF8A,0xFFF9,0xFF89,0xFF26,0xFF8B,0xFFAF,
  0xFFAC,0xFFF8,0xFFCF,0xFF67,0xFEC3,0xFEA2,0xFDE1,0xF9C2,0xFE01,0xFE02,0xFE41,0xFE62,0xFE82,0xFE62,0xFE21,0xF9C1,
  0x0000,0x0000,0x0000,0x0000,0x0000,0x0000,0x0000,0x0000,0x0000,0x0000,0x0000,0x0000,0x0000,0xF9A2,0xFE01,0xFEC2,
  0xFF67,0xFF45,0xFF04,0xFF66,0xFFAC,0xFFF9,0xFFF6,0xFF68,0xFF68,0xFF46,0xFF46,0xFF69,0xFE02,0xFF27,0xFF69,0xFF26,
  0xFF06,0xFF27,0xFF69,0xFF6A,0xFF27,0xFE64,0xFF06,0xFF48,0xFF48,0xF181,0xE502,0xF581,0xFDA2,0xFF47,0xFF47,0xFF27,
  0xFF27,0xFF27,0xFF27,0xFF48,0xFF47,0xFF68,0xFFAB,0xFF89,0xFF89,0xFFF8,0xFF47,0xFE42,0xFDC1,0xFEA4,0xFF48,0xFFAC,
  0xFFF7,0xFFD2,0xFFF7,0xFFF8,0xFFAB,0xFFF5,0xFFF6,0xFFD0,0xFFD1,0xFFAB,0xFF68,0xFF68,0xFFAA,0xFFAA,0xFFD0,0xFF89,
  0xFFD3,0xFFF8,0xFFF8,0xFFF8,0xFFF8,0xFFF9,0xFFF8,0xFFF7,0xFFF8,0xFFF8,0xFFF8,0xFFAB,0xFF89,0xFF69,0xFF89,0xFF47,
  0xFF47,0xFF47,0xFF69,0xFFD0,0xFF69,0xFF48,0xFF69,0xFF27,0xFF47,0xFE23,0xFF06,0xFF27,0xFF69,0xFF48,0xFDA1,0xF581,
  0xED41,0xF5A2,0xE501,0xF562,0xFF48,0xFF47,0xFF8A,0xFFF6,0xFF48,0xFF68,0xFF06,0xFF27,0xFE22,0xFF47,0xFF69,0xFF47,
  0xFDE2,0xFF26,0xFF47,0xFF26,0xFF26,0xFFF7,0xFF89,0xFF47,0xFF46,0xFF8A,0xFFF7,0xFFF8,0xFFD0,0xFF88,0xFF45,0xFEA2,
  0xFEA2,0xFEC2,0xFF65,0xFF44,0xFF64,0xFE02,0xF981,0x0000,0x0000,0x0000,0x0000,0x0000,0x0000,0x0000,0x0000,0x0000,
  0x0000,0x0000,0x0000,0x0000,0x0000,0x0000,0x0000,0x0000,0xF9C2,0xFE00,0xFEC2,0xFF67,0xFFAC,0xFF89,0xFFCD,0xFFF9,
  0xFFAA,0xFF67,0xFFAC,0xFF26,0xFF68,0xFF47,0xFF26,0xFF69,0xFF27,0xFE84,0xFE63,0xFF6A,0xFF8C,0xFF48,0xFEC6,0xFE02,
  0xFEC4,0xFE85,0xF982,0xED22,0xE921,0xE502,0xF162,0xFF48,0xFEE5,0xFF27,0xFF68,0xFF27,0xFE02,0xFE63,0xFF46,0xFF89,
  0xFF68,0xFFAB,0xFFAC,0xFF89,0xFF48,0xFE42,0xFE63,0xFF47,0xFF8A,0xFF89,0xFF89,0xFFD1,0xFFAC,0xFFD1,0xFFF7,0xFFD4,
  0xFFF7,0xFFD5,0xFFF7,0xFFD1,0xFFAB,0xFF68,0xFF8A,0xFFD3,0xFFAA,0xFF89,0xFFD0,0xFFF8,0xFFF7,0xFFF7,0xFFF8,0xFFF8,
  0xFFF7,0xFFF8,0xFFAD,0xFFAD,0xFFD1,0xFF89,0xFF48,0xFF8B,0xFF8A,0xFF89,0xFF68,0xFF27,0xFF89,0xFF69,0xFF48,0xFEE6,
  0xFF48,0xFF48,0xFEA4,0xFEC5,0xFF27,0xFF48,0xFF68,0xFF48,0xF9A2,0xED42,0xF9C1,0xFE81,0xF581,0xF142,0xFF27,0xFF47,
  0xFFAC,0xFFAE,0xFF47,0xFF47,0xFE02,0xFF06,0xFF47,0xFF48,0xFF69,0xFF48,0xFF26,0xFE01,0xFF27,0xFF69,0xFF48,0xFFAB,
  0xFF89,0xFF47,0xFF06,0xFF68,0xFFAC,0xFFF7,0xFFF8,0xFFF3,0xFF25,0xFF68,0xFF67,0xFF25,0xFEC2,0xFE61,0xFDE2,0xF981,
  0x0000,0x0000,0x0000,0x0000,0x0000,0x0000,0x0000,0x0000,0x0000,0x0000,0x0000,0x0000,0x0000,0x0000,0x0000,0x0000,
  0x0000,0xFDA1,0x0000,0xFDA1,0xFE01,0xFF04,0xFF46,0xFFAA,0xFFF9,0xFFF2,0xFFAA,0xFF68,0xFF89,0xFF05,0xFF8B,0xFEC4,
  0xFF27,0xFF27,0xFE62,0xFDC1,0xFF27,0xFF69,0xFF8A,0xFF47,0xFF28,0xF9A1,0xFDC1,0xED62,0xE102,0xED22,0xFDE0,0xF561,
  0xF9A2,0xF982,0xFA23,0xFF27,0xFF27,0xFF27,0xFF07,0xFF48,0xFF47,0xFF69,0xFF47,0xFF8A,0xFF8A,0xFF69,0xFF48,0xFF47,
  0xFF68,0xFF8A,0xFFF8,0xFF68,0xFF69,0xFF47,0xFF26,0xFFAB,0xFFAA,0xFFF7,0xFFF8,0xFFAB,0xFFAB,0xFFF8,0xFFF7,0xFFAC,
  0xFF89,0xFF68,0xFFAB,0xFFAB,0xFF8B,0xFF8A,0xFF8A,0xFFF8,0xFFF8,0xFFF7,0xFFF8,0xFFF7,0xFFAA,0xFFF8,0xFFAA,0xFF89,
  0xFF47,0xFEE4,0xFF69,0xFF89,0xFFD0,0xFF68,0xFF47,0xFF47,0xFF28,0xFE23,0xFF47,0xFF27,0xFF26,0xFEE6,0xFE21,0xFF27,
  0xFF69,0xFF07,0xE521,0xED42,0xFDC1,0xFF65,0xF9A0,0xE522,0xF9A1,0xFF47,0xFF69,0xFF88,0xFF68,0xFF27,0xFDE1,0xFE22,
  0xFF27,0xFF48,0xFF48,0xFF8A,0xFF27,0xFE02,0xFE22,0xFF47,0xFF06,0xFF8A,0xFFF6,0xFF89,0xFE22,0xFF05,0xFFD0,0xFFAC,
  0xFFF8,0xFFF9,0xFF46,0xFF67,0xFEC2,0xFEE2,0xFDC1,0xFDC1,0xF982,0x0000,0x0000,0xF9A1,0x0000,0x0000,0x0000,0x0000,
  0x0000,0x0000,0x0000,0x0000,0x0000,0xFE62,0x0000,0x0000,0x0000,0x0000,0x0000,0x0000,0x0000,0xF582,0xFDE1,0xFE82,
  0xFF25,0xFFCB,0xFFF7,0xFFCD,0xFFAA,0xFF8B,0xFFAB,0xFF27,0xFF89,0xFF47,0xFF69,0xFF06,0xFE22,0xFEA5,0xFF49,0xFF69,
  0xFF48,0xFF27,0xFAA5,0xF162,0xE922,0xE502,0xF162,0xFDC1,0xFEA2,0xFDA1,0xF9A1,0xE922,0xF161,0xFF48,0xFF48,0xFF48,
  0xFF47,0xFF47,0xFF89,0xFF68,0xFF68,0xFFAC,0xFFAD,0xFF68,0xFF68,0xFFAD,0xFF89,0xFFCF,0xFF69,0xFF69,0xFF68,0xFF05,
  0xFF27,0xFF68,0xFF89,0xFFD1,0xFFAB,0xFF89,0xFFAB,0xFFD1,0xFFF8,0xFFF7,0xFFD3,0xFFAB,0xFFAE,0xFFCF,0xFF67,0xFF68,
  0xFF89,0xFFAB,0xFFD0,0xFFF7,0xFFF8,0xFFD0,0xFFAF,0xFF8A,0xFF89,0xFF8A,0xFF68,0xFF68,0xFF48,0xFF47,0xFF68,0xFF8A,
  0xFF47,0xFF47,0xFEC5,0xF9A1,0xFE22,0xFEC5,0xFF69,0xFF47,0xFF06,0xFF47,0xFF48,0xFF28,0xF561,0xE501,0xF5C1,0xF9C0,
  0xE922,0xE522,0xF981,0xFF47,0xFF68,0xFF8A,0xFF69,0xFF69,0xFEC5,0xFDE2,0xFF27,0xFF69,0xFF48,0xFF69,0xFF48,0xFEC5,
  0xFE02,0xFF27,0xFF27,0xFF69,0xFF69,0xFF8A,0xFE42,0xFE42,0xFFAD,0xFFAA,0xFFF8,0xFFF8,0xFF46,0xFF04,0xFEE2,0xFE82,
  0xF9A1,0xF582,0x0000,0x0000,0xFDC1,0x0000,0x0000,0x0000,0x0000,0x0000,0x0000,0x0000,0x0000,0x0000,0x0000,0x0000,
  0xFF25,0x0000,0x0000,0xFE00,0x0000,0x0000,0x0000,0xF582,0xF9A2,0xFF03,0xFF25,0xFFCF,0xFFFA,0xFFF4,0xFF8A,0xFFAB,
  0xFF89,0xFF69,0xFF69,0xFF47,0xFF27,0xFF48,0xFF48,0xFF8A,0xFF69,0xFF47,0xFF27,0xFDC1,0xF561,0xE102,0xDCE2,0xED42,
  0xF561,0xFE01,0xFDE1,0xFDA1,0xED42,0xE0E2,0xF161,0xFF48,0xFF48,0xFF28,0xFF27,0xFF8B,0xFF89,0xFF68,0xFF8A,0xFF88,
  0xFF89,0xFF47,0xFF47,0xFF47,0xFF89,0xFF8A,0xFF48,0xFFD2,0xFF8B,0xFFAC,0xFF8A,0xFF68,0xFFAB,0xFFF6,0xFFF9,0xFFAB,
  0xFFF7,0xFFF7,0xFFAB,0xFFAB,0xFFF9,0xFFF9,0xFFD0,0xFF8B,0xFFAB,0xFFAB,0xFFF9,0xFFA9,0xFFF8,0xFFF7,0xFFF8,0xFFF8,
  0xFFAD,0xFFAE,0xFF89,0xFF68,0xFF8B,0xFF47,0xFF26,0xFE43,0xFF26,0xFF69,0xFF48,0xFF47,0xFF47,0xFE01,0xFF06,0xFF47,
  0xFF69,0xFF27,0xFF6A,0xFF27,0xFF6A,0xFF27,0xFDA0,0xE921,0xDCE2,0xE502,0xE102,0xF981,0xFF07,0xFF47,0xFF89,0xFF48,
  0xFFF4,0xFF8A,0xFF27,0xFF26,0xFF69,0xFF27,0xF9C1,0xFF27,0xFF48,0xFF27,0xFE84,0xFF27,0xFF69,0xFF47,0xFF27,0xFF69,
  0xFF27,0xFE43,0xFF8B,0xFFF4,0xFFFA,0xFFF8,0xFF88,0xFF47,0xFEA2,0xFDE2,0xF163,0x0000,0x0000,0xF9A2,0x0000,0x0000,
  0x0000,0x0000,0x0000,0x0000,0x0000,0x0000,0x0000,0x0000,0x0000,0x0000,0xFE02,0xFE00,0x0000,0x0000,0x0000,0x0000,
  0xF583,0xF582,0xFDE1,0xFE82,0xFF24,0xFFF8,0xFFF8,0xFFAC,0xFF89,0xFFAB,0xFF89,0xFF8C,0xFF48,0xFE84,0xFEE5,0xFF69,
  0xFFAD,0xFFCD,0xFF68,0xFF27,0xFDC2,0xF582,0xFE41,0xE922,0xE0E2,0xED42,0xFDE1,0xFEA2,0xFF05,0xF5A1,0xED22,0xDCE2,
  0xE921,0xFDE1,0xFE01,0xFF27,0xFF69,0xFF69,0xFFAC,0xFF67,0xFF68,0xFFAE,0xFFAB,0xFF89,0xFF48,0xFEE5,0xFF27,0xFF48,
  0xFF26,0xFF69,0xFF8A,0xFFA9,0xFF68,0xFF8A,0xFFAE,0xFFF9,0xFFD3,0xFFF9,0xFFAA,0xFFD6,0xFF89,0xFFAA,0xFFAC,0xFFF8,
  0xFFAA,0xFF89,0xFFAE,0xFFF7,0xFFD4,0xFFF7,0xFFF9,0xFFAA,0xFFF8,0xFFF7,0xFFCF,0xFF8B,0xFF8A,0xFF48,0xFF89,0xFF47,
  0xFE83,0xFF05,0xFF26,0xFF8A,0xFF27,0xFF26,0xFE84,0xFF05,0xFF26,0xFF8A,0xFF27,0xFEE5,0xFF27,0xFDE1,0xFF27,0xFF68,
  0xFF48,0xF9E2,0xF582,0xE942,0xF5C1,0xFE84,0xFF47,0xFF68,0xFF68,0xFF48,0xFF69,0xFF8A,0xFF27,0xFF47,0xFF48,0xFF27,
  0xF9A2,0xF9A2,0xFEE6,0xFF49,0xFF27,0xFF69,0xFF48,0xFF27,0xFDE2,0xFF07,0xFF27,0xFEA4,0xFF69,0xFFAC,0xFFF5,0xFFF8,
  0xFF89,0xFF04,0xFE01,0xFE01,0xF582,0xF5A2,0xF582,0x0000,0x0000,0x0000,0x0000,0x0000,0x0000,0x0000,0x0000,0x0000,
  0x0000,0x0000,0x0000,0x0000,0x0000,0xFDE1,0xFF68,0xFDE1,0xFA02,0xF5A2,0xF162,0xFDE1,0xFE01,0xFF46,0xFF46,0xFFFA,
  0xFFFA,0xFF89,0xFF67,0xFFAC,0xFF89,0xFFD7,0xFF47,0xFE23,0xFF47,0xFFAE,0xFFF8,0xFFEF,0xFF27,0xFF27,0xFDC2,0xE922,
  0xE922,0xDCE2,0xD8C2,0xF561,0xFE61,0xFF66,0xF582,0xE922,0xDCE2,0xE921,0xF161,0xFDE2,0xFF48,0xFF47,0xFF27,0xFF69,
  0xFF68,0xFFF4,0xFF89,0xFFD4,0xFFF8,0xFF89,0xFF69,0xFF68,0xFF48,0xFF68,0xFF27,0xFF27,0xFF8A,0xFF8A,0xFFAB,0xFFD6,
  0xFFF8,0xFFAC,0xFFAB,0xFFAA,0xFFAB,0xFF68,0xFFFA,0xFFAB,0xFFAB,0xFFAC,0xFFCF,0xFFAB,0xFFF8,0xFFAD,0xFFAE,0xFFAD,
  0xFFF8,0xFFF8,0xFFF8,0xFFF7,0xFFAB,0xFFF8,0xFFAB,0xFF69,0xFF8A,0xFF47,0xFF26,0xFF89,0xFF89,0xFFAB,0xFFAD,0xFFAC,
  0xFF47,0xFF69,0xFFF8,0xFF68,0xFF69,0xFF47,0xFF48,0xFDC2,0xFE02,0xFF48,0xFF69,0xFF47,0xFF47,0xFF05,0xFF47,0xFF68,
  0xFF68,0xFF89,0xFF47,0xFE02,0xFF48,0xFF27,0xFF8A,0xFF69,0xFF48,0xFDE1,0xF162,0xE921,0xF581,0xFF47,0xFF48,0xFF69,
  0xFFD0,0xFF48,0xF161,0xFDE2,0xFF27,0xFF69,0xFF27,0xFF89,0xFFF8,0xFFF8,0xFFF2,0xFF46,0xFE82,0xFE21,0xFE41,0xFF01,
  0xF582,0xF9A2,0x0000,0x0000,0x0000,0xFDC1,0x0000,0x0000,0x0000,0x0000,0x0000,0x0000,0x0000,0x0000,0x0000,0x0000,
  0xFE42,0xFF24,0xFDE1,0xF9A2,0xFDC2,0xFE01,0xFEA2,0xFEE3,0xFF88,0xFFF8,0xFFF8,0xFF67,0xFFAA,0xFFCE,0xFFAA,0xFF89,
  0xFF48,0xFE84,0xFF69,0xFFF5,0xFFB0,0xFFAA,0xFF27,0xFE64,0xF582,0xE922,0xE522,0xDCE2,0xED42,0xFE01,0xFEE2,0xF181,
  0xE922,0xE922,0xE921,0xF161,0xF9C2,0xFE84,0xFF47,0xFF47,0xFF06,0xFF69,0xFF89,0xFF8A,0xFF68,0xFFAC,0xFF8A,0xFF68,
  0xFF89,0xFF8A,0xFF89,0xFF6A,0xFF68,0xFF26,0xFF69,0xFF8A,0xFFD3,0xFFD0,0xFFF8,0xFFAC,0xFF68,0xFF8A,0xFF89,0xFF68,
  0xFFAB,0xFFF7,0xFFD1,0xFFF5,0xFFCC,0xFFF8,0xFFD0,0xFFAC,0xFFAD,0xFF8B,0xFFD2,0xFFF8,0xFFF9,0xFFAB,0xFF8A,0xFFAA,
  0xFFD0,0xFFAB,0xFFAD,0xFF8A,0xFF8B,0xFFAC,0xFFD0,0xFFAE,0xFFAB,0xFF47,0xFEE5,0xFFAD,0xFF8A,0xFF89,0xFF48,0xFF27,
  0xFE02,0xF561,0xFE62,0xFEC6,0xFF48,0xFF48,0xFF47,0xFF47,0xFF48,0xFF47,0xFF69,0xFF48,0xFE02,0xF161,0xF9C1,0xFF48,
  0xFF8A,0xFFCE,0xFF27,0xFE85,0xF162,0xE102,0xE942,0xF5A2,0xFF47,0xFF69,0xFF89,0xFF47,0xF5A1,0xF9A2,0xFF47,0xFF89,
  0xFF47,0xFF88,0xFFAA,0xFFF9,0xFFF5,0xFF46,0xFF25,0xFF03,0xFEC3,0xFDE1,0xF582,0x0000,0x0000,0x0000,0x0000,0x0000,
  0x0000,0x0000,0x0000,0x0000,0x0000,0x0000,0x0000,0x0000,0x0000,0x0000,0xFDC2,0xFDC2,0xFDE1,0xFF04,0xFE02,0xFE21,
  0xFE81,0xFF67,0xFFCE,0xFFFA,0xFFCD,0xFF69,0xFFAB,0xFFF8,0xFFAB,0xFF68,0xFF06,0xFF48,0xFFAB,0xFF8C,0xFF8A,0xFF48,
  0xFF26,0xFEE6,0xF162,0xF9E2,0xE102,0xE502,0xE0E2,0xF162,0xF141,0xE922,0xD8E2,0xED41,0xE922,0xF581,0xFE63,0xFF47,
  0xFF47,0xFF8A,0xFF69,0xFF47,0xFF89,0xFFD0,0xFF89,0xFF47,0xFF68,0xFFAC,0xFF89,0xFFFB,0xFF8B,0xFFAF,0xFFAE,0xFF47,
  0xFF8A,0xFFD3,0xFFAC,0xFFF5,0xFFF8,0xFFAC,0xFFAA,0xFF89,0xFF69,0xFF68,0xFFAC,0xFFA8,0xFFF7,0xFFF7,0xFFF7,0xFFF7,
  0xFFAC,0xFFAB,0xFF88,0xFFAA,0xFFF7,0xFFF9,0xFFAC,0xFFCF,0xFF68,0xFF68,0xFFAC,0xFFF6,0xFFAA,0xFFAB,0xFFF5,0xFFAB,
  0xFFAA,0xFF8A,0xFFD0,0xFF69,0xFF47,0xFF6A,0xFFAB,0xFF89,0xFF47,0xFE84,0xF9A1,0xF9E2,0xFE01,0xFDE1,0xFDC1,0xFF47,
  0xFF47,0xFF69,0xFF26,0xFE84,0xFF27,0xFF26,0xFFA8,0xF5A1,0xF9A2,0xFF47,0xFF48,0xFFF2,0xFF47,0xFE84,0xED42,0xF9A2,
  0xDCE2,0xF581,0xFA02,0xFF47,0xFF69,0xFF47,0xF9C2,0xF162,0xFF06,0xFF69,0xFF6A,0xFF26,0xFFF5,0xFFF7,0xFFF8,0xFFAB,
  0xFEE3,0xFEA2,0xF9A1,0xF162,0xF5E2,0x0000,0xF982,0xFDE1,0x0000,0x0000,0x0000,0x0000,0x0000,0x0000,0x0000,0x0000,
  0x0000,0x0000,0x0000,0x0000,0x0000,0xF981,0xF582,0xFDE1,0xFF04,0xFE41,0xFEC2,0xFF45,0xFFAC,0xFFF9,0xFFA8,0xFFAA,
  0xFFF7,0xFFAA,0xFFAC,0xFF06,0xFEE5,0xFF68,0xFFF5,0xFFAA,0xFF68,0xFF48,0xFF27,0xFDC1,0xED42,0xED41,0xD8E2,0xDCE2,
  0xE901,0xE502,0xE902,0xE502,0xDCE2,0xE102,0xED42,0xF581,0xFF47,0xFF47,0xFF48,0xFF69,0xFF89,0xFF68,0xFF89,0xFF89,
  0xFFAA,0xFF47,0xFF8A,0xFFFA,0xFFAA,0xFFAC,0xFFA9,0xFFD0,0xFF89,0xFF68,0xFF47,0xFF8A,0xFFA9,0xFFAC,0xFFD0,0xFFF6,
  0xFFAB,0xFF69,0xFFD0,0xFF68,0xFFAB,0xFFF7,0xFFAA,0xFFF7,0xFFF8,0xFFF7,0xFFAA,0xFFAB,0xFF67,0xFFF8,0xFFF7,0xFFAA,
  0xFFAA,0xFFCD,0xFF68,0xFF68,0xFF88,0xFFF7,0xFFF5,0xFFF8,0xFFCE,0xFFAA,0xFF89,0xFFAD,0xFF69,0xFF69,0xFF8A,0xFF27,
  0xFFF8,0xFF67,0xFF68,0xFF27,0xFE22,0xFF67,0xFE02,0xFDC2,0xF161,0xFEC6,0xFF69,0xFF69,0xFF27,0xFF27,0xFF6A,0xFE85,
  0xFE62,0xFDE1,0xE921,0xFDA1,0xFF89,0xFF69,0xFF48,0xF9A1,0xE902,0xFDE1,0xDCE1,0xE921,0xFE43,0xFF47,0xFF69,0xFF47,
  0xF9C0,0xFDA1,0xFEA4,0xFF27,0xFFCD,0xFF68,0xFFD0,0xFFF7,0xFFF8,0xFF88,0xFF03,0xFE21,0xF9A1,0xF582,0xF581,0xF582,
  0xF9A2,0x0000,0x0000,0x0000,0x0000,0x0000,0x0000,0xFE01,0x0000,0x0000,0xFE41,0x0000,0x0000,0x0000,0x0000,0x0000,
  0x0000,0xF582,0xFDA1,0xFE81,0xFEE3,0xFF66,0xFFCE,0xFFF8,0xFFCB,0xFFAB,0xFFF8,0xFFAB,0xFF68,0xFE42,0xFF26,0xFF68,
  0xFFF6,0xFFAC,0xFF8A,0xFF8A,0xFF06,0xFDE2,0xF562,0xE502,0xF561,0xED42,0xE523,0xD8C2,0xDCC2,0xDCE2,0xE502,0xFDE1,
  0xF162,0xFDC2,0xFE64,0xFF8A,0xFF69,0xFF47,0xFF48,0xFF68,0xFF8A,0xFF47,0xFF48,0xFFCF,0xFFF4,0xFFF7,0xFFCE,0xFFA8,
  0xFFF8,0xFF89,0xFF69,0xFF68,0xFF26,0xFF8B,0xFFAB,0xFF89,0xFFF6,0xFFF7,0xFFF7,0xFF8A,0xFF47,0xFF47,0xFFAB,0xFF89,
  0xFFF8,0xFFF7,0xFFCD,0xFFAB,0xFF89,0xFF68,0xFFAB,0xFFFA,0xFFF7,0xFFA9,0xFF68,0xFF48,0xFFCF,0xFFAB,0xFF8A,0xFFAC,
  0xFFF8,0xFFF8,0xFFF9,0xFFA9,0xFFCF,0xFF68,0xFF48,0xFF47,0xFF47,0xFF06,0xFF68,0xFFA9,0xFF8A,0xFF27,0xFF48,0xF9E1,
  0xF161,0xF982,0xFDC1,0xFF47,0xFF48,0xFF69,0xFF89,0xFF69,0xFF48,0xFEA5,0xFE22,0xE942,0xFDC2,0xFF69,0xFF48,0xFF8A,
  0xFF47,0xF9A2,0xE922,0xF581,0xF9C1,0xED42,0xF162,0xFF27,0xFF47,0xFF69,0xFF27,0xFF47,0xFE22,0xFE62,0xFF67,0xFFAB,
  0xFFCF,0xFFF2,0xFFF9,0xFF67,0xFF04,0xFE61,0xFDE2,0xFDE1,0xF5A1,0xF9C1,0x0000,0x0000,0x0000,0x0000,0xF9A1,0xFE21,
  0xFF66,0x0000,0x0000,0x0000,0x0000,0x0000,0x0000,0x0000,0x0000,0x0000,0x0000,0xF562,0xF9A2,0xFE21,0xFEE4,0xFF89,
  0xFFF8,0xFFF8,0xFFAB,0xFFD3,0xFFF6,0xFFAB,0xFF69,0xFE22,0xFEE4,0xFF69,0xFFCD,0xFF8A,0xFF8A,0xFF68,0xFF26,0xFE44,
  0xFDA2,0xED42,0xF981,0xE522,0xF581,0xE522,0xD4C2,0xE502,0xE922,0xF981,0xF141,0xFDE2,0xFF47,0xFF48,0xFF48,0xFDE2,
  0xFF47,0xFF47,0xFF48,0xFF48,0xFF8A,0xFFAA,0xFFF9,0xFFA9,0xFFF5,0xFFAB,0xFFAB,0xFF8B,0xFF47,0xFF48,0xFF48,0xFF8A,
  0xFF68,0xFFAB,0xFFF5,0xFFF9,0xFFAB,0xFF47,0xFF68,0xFF68,0xFF8A,0xFFF7,0xFFF8,0xFFF8,0xFFAC,0xFF8A,0xFF68,0xFFAB,
  0xFFF2,0xFFAA,0xFFF9,0xFFAB,0xFF47,0xFF68,0xFFAB,0xFFCD,0xFFD3,0xFFF9,0xFFF7,0xFFF8,0xFFCE,0xFFF3,0xFF8B,0xFF68,
  0xFF68,0xFF47,0xFF47,0xFE84,0xFF47,0xFF8A,0xFF89,0xFF89,0xFF47,0xFF27,0xF9A1,0xFF48,0xFF27,0xFF48,0xFF69,0xFF69,
  0xFF27,0xFF48,0xFF69,0xFF26,0xFE84,0xFDC1,0xFF48,0xFF48,0xFF8A,0xFF69,0xFF47,0xFE03,0xE502,0xF580,0xFE41,0xE502,
  0xF981,0xFF27,0xFF48,0xFF48,0xFF69,0xFF68,0xFE02,0xFE22,0xFF67,0xFF89,0xFFAB,0xFFAD,0xFFF8,0xFFCB,0xFEE3,0xFF04,
  0xFE41,0xFEC2,0xFDE2,0xFE21,0xFD81,0xFDE1,0xFDE1,0xFE01,0xFEE2,0xFEE3,0xFE01,0x0000,0x0000,0x0000,0x0000,0x0000,
  0x0000,0xF9A1,0x0000,0xF582,0xF5A3,0xFDE2,0xFDE1,0xFEE2,0xFEE3,0xFF89,0xFFF7,0xFFF8,0xFFAC,0xFFAB,0xFFF4,0xFF67,
  0xFF26,0xFF27,0xFF26,0xFF89,0xFFF2,0xFF89,0xFF26,0xFE83,0xFF8B,0xFF27,0xFDC2,0xF9C2,0xFF47,0xFDE1,0xF141,0xDCE2,
  0xED42,0xE922,0xFDC0,0xFDC2,0xFE02,0xFF47,0xFF48,0xFF48,0xFF48,0xF582,0xF562,0xF9A1,0xFDA0,0xFF69,0xFF69,0xFFAA,
  0xFFF5,0xFFF9,0xFFAC,0xFF68,0xFF47,0xFF68,0xFFAB,0xFFAB,0xFF89,0xFFD5,0xFF89,0xFFCE,0xFFAB,0xFFF1,0xFF89,0xFF67,
  0xFF68,0xFF8A,0xFFA9,0xFFF4,0xFFCC,0xFFF8,0xFFAF,0xFFAB,0xFFAC,0xFFF9,0xFFA8,0xFFF7,0xFFAA,0xFF89,0xFF68,0xFF68,
  0xFF8B,0xFFAA,0xFFF7,0xFFF8,0xFFF7,0xFFF7,0xFFF8,0xFFFA,0xFFAC,0xFF89,0xFF8A,0xFF47,0xFF27,0xFF68,0xFF89,0xFFAC,
  0xFF89,0xFF68,0xFF48,0xFF26,0xFF47,0xFF27,0xFF27,0xFF48,0xFF26,0xFE21,0xFF27,0xFF47,0xFF68,0xFF69,0xFF47,0xFF68,
  0xFF47,0xFF69,0xFF27,0xFF27,0xFF48,0xFF48,0xFDA2,0xE502,0xED22,0xE942,0xE521,0xFF48,0xFF48,0xFF69,0xFF47,0xFF69,
  0xFF47,0xFEA3,0xFF05,0xFF69,0xFFF6,0xFFA9,0xFFF8,0xFFAB,0xFF47,0xFF45,0xFEE2,0xFE61,0xFE82,0xFEC2,0xFF24,0xFFCC,
  0xFF45,0xFEC2,0xFE21,0xFDC0,0x0000,0x0000,0x0000,0x0000,0x0000,0x0000,0x0000,0x0000,0xF582,0xF9A2,0xFDE2,0xFDC1,
  0xFE61,0xFE62,0xFF03,0xFF66,0xFFF9,0xFFAD,0xFFAB,0xFFA9,0xFF8A,0xFF68,0xFF27,0xFF26,0xFF69,0xFF89,0xFF89,0xFF67,
  0xFF26,0xFF26,0xFF48,0xFEC5,0xFE02,0xFDC2,0xFF26,0xFF27,0xF561,0xE0E2,0xE102,0xF162,0xFDC1,0xFDA1,0xFE84,0xFF48,
  0xFF8A,0xFF47,0xFDC2,0xF142,0xE922,0xF162,0xFDE2,0xFF6A,0xFF8A,0xFFAA,0xFFAB,0xFFAB,0xFF8A,0xFF47,0xFF47,0xFF8A,
  0xFFAB,0xFFAC,0xFF8A,0xFFAB,0xFFF7,0xFFF5,0xFFF4,0xFFAA,0xFF47,0xFF67,0xFF8B,0xFFAA,0xFFAC,0xFFF5,0xFFAB,0xFFD1,
  0xFFF8,0xFFAC,0xFFF7,0xFFF4,0xFFF8,0xFFAA,0xFF89,0xFFAB,0xFF68,0xFF68,0xFF88,0xFF88,0xFFAA,0xFFF8,0xFFF7,0xFFF8,
  0xFFF8,0xFFF8,0xFFD3,0xFFD1,0xFFAC,0xFF48,0xFF26,0xFF48,0xFFAC,0xFFAD,0xFF8A,0xFF47,0xFF89,0xFF68,0xFF48,0xFF69,
  0xFE42,0xFF27,0xFE42,0xFE02,0xFF26,0xFF47,0xFF89,0xFF47,0xFF69,0xFF47,0xFF69,0xFF89,0xFF26,0xFF26,0xFF47,0xFF47,
  0xFE23,0xF582,0xE102,0xE922,0xF581,0xFF48,0xFF68,0xFF69,0xFF27,0xFF27,0xFF47,0xFF27,0xFE02,0xFF68,0xFFA9,0xFFAB,
  0xFFF9,0xFFF9,0xFF67,0xFF24,0xFF24,0xFF23,0xFF02,0xFF66,0xFFF2,0xFF22,0xFE81,0xFE01,0xF9C1,0x0000,0x0000,0x0000,
  0x0000,0x0000,0x0000,0xF9C1,0x0000,0x0000,0xF5C3,0xF982,0xFDC1,0xFE61,0xFE61,0xFF24,0xFF46,0xFFAB,0xFFF9,0xFFF9,
  0xFFAA,0xFFAB,0xFF47,0xFF68,0xFE42,0xFE42,0xFF67,0xFF67,0xFF47,0xFF8B,0xFF69,0xFF69,0xFF27,0xFDC1,0xFE01,0xFF27,
  0xFF69,0xFE23,0xFDC2,0xE942,0xF162,0xFDA0,0xFF48,0xFF48,0xFF48,0xFF8B,0xFF27,0xFE23,0xFDE2,0xF161,0xFF24,0xE922,
  0xF582,0xFDC1,0xFF48,0xFF89,0xFFF7,0xFF89,0xFF8A,0xFF47,0xFFAB,0xFFD1,0xFFF7,0xFFAB,0xFF89,0xFF89,0xFFF9,0xFFAB,
  0xFFF5,0xFFAC,0xFFAB,0xFF68,0xFF8A,0xFFA9,0xFF89,0xFFAA,0xFFF9,0xFFF8,0xFFF7,0xFFF9,0xFFF6,0xFFF6,0xFFF7,0xFFAB,
  0xFF68,0xFF68,0xFFAB,0xFF8A,0xFFAA,0xFFAC,0xFFCE,0xFFF8,0xFFF7,0xFFF8,0xFFF7,0xFFF8,0xFFF7,0xFFF8,0xFFFB,0xFF68,
  0xFF48,0xFF8B,0xFFF8,0xFFAA,0xFF8A,0xFF48,0xFF27,0xFF47,0xFF68,0xFF28,0xFF27,0xFF47,0xFE22,0xFF27,0xFF47,0xFF69,
  0xFF47,0xFF47,0xFF47,0xFF69,0xFF8A,0xFF47,0xFF26,0xFF07,0xFF48,0xFF69,0xFF48,0xFF48,0xF562,0xF981,0xFE02,0xFF27,
  0xFF69,0xFF26,0xFEE5,0xFE01,0xFF26,0xFF68,0xFF26,0xFF47,0xFF89,0xFFCC,0xFFF9,0xFFF9,0xFFAB,0xFFF9,0xFFF8,0xFF68,
  0xFF23,0xFEC2,0xFE41,0xF9A1,0xF982,0x0000,0x0000,0x0000,0x0000,0x0000,0x0000,0x0000,0x0000,0x0000,0xF9C1,0xF582,
  0xFE41,0xFDC1,0xFE41,0xFE61,0xFF03,0xFF04,0xFF68,0xFFAC,0xFFF9,0xFFF9,0xFFAA,0xFF67,0xFF48,0xFF69,0xFEC4,0xFE22,
  0xFF68,0xFF47,0xFF27,0xFF69,0xFF68,0xFF69,0xFF27,0xFE02,0xFF26,0xFF47,0xFF69,0xFF47,0xFDC1,0xED62,0xFDC1,0xFF48,
  0xFF48,0xFF89,0xFF69,0xFF68,0xFF47,0xF9E1,0xFE02,0xF141,0xFDC1,0xED22,0xE922,0xFDA1,0xFE02,0xFF8B,0xFFAB,0xFF88,
  0xFF48,0xFF6A,0xFFAA,0xFFF6,0xFFF7,0xFFAA,0xFFAB,0xFFD0,0xFF89,0xFF89,0xFF89,0xFFF5,0xFFA9,0xFF68,0xFF68,0xFFAB,
  0xFF67,0xFFAB,0xFFAB,0xFFF8,0xFFF7,0xFFAC,0xFFF5,0xFFFA,0xFFF7,0xFFAA,0xFF8A,0xFFAA,0xFFAA,0xFF67,0xFF89,0xFFF6,
  0xFFF8,0xFFF8,0xFFF7,0xFFF7,0xFFF8,0xFFF8,0xFFF8,0xFFAC,0xFFD2,0xFF69,0xFF68,0xFFAB,0xFFD3,0xFF8A,0xFF47,0xFF48,
  0xFF06,0xFF48,0xFF68,0xFF48,0xFF26,0xFF48,0xFF27,0xFF27,0xFF69,0xFF48,0xFF48,0xF981,0xFF69,0xFF48,0xFF89,0xFF69,
  0xFF68,0xFF27,0xFF27,0xFF48,0xFF47,0xFF48,0xF9A2,0xF9A2,0xFF26,0xFF48,0xFF69,0xFF69,0xFE63,0xF9C1,0xFF26,0xFF47,
  0xFF48,0xFF47,0xFFAA,0xFFAA,0xFFF9,0xFFF8,0xFFAA,0xFFA9,0xFF66,0xFF25,0xFEA1,0xFE01,0xFDE1,0xF5C3,0xF981,0x0000,
  0xFDC1,0x0000,0x0000,0x0000,0x0000,0x0000,0x0000,0x0000,0xF9A2,0xFE01,0xFE62,0xFEC2,0xFF04,0xFF24,0xFF46,0xFF67,
  0xFFAA,0xFFF7,0xFFF8,0xFFCE,0xFFAA,0xFF88,0xFF47,0xFA02,0xFF47,0xFF27,0xFFAB,0xFEA4,0xFF27,0xFF47,0xFF27,0xFF27,
  0xFF8A,0xFF47,0xFF47,0xFF69,0xFF27,0xFEC5,0xFF27,0xFF27,0xFF68,0xFF48,0xFF69,0xFF47,0xFF68,0xFFAB,0xFF89,0xFF27,
  0xFF47,0xF582,0xFE01,0xE502,0xF162,0xFF46,0xFE01,0xFF68,0xFFF3,0xFFCF,0xFF48,0xFFAB,0xFFAA,0xFFF7,0xFFAC,0xFFA9,
  0xFFF8,0xFF68,0xFF68,0xFFAB,0xFFAC,0xFFF9,0xFFAB,0xFFAA,0xFFAB,0xFF68,0xFFAB,0xFFAB,0xFFAA,0xFFAC,0xFFAB,0xFFAC,
  0xFFF7,0xFFF9,0xFFF9,0xFFF8,0xFFAC,0xFFF7,0xFFF7,0xFFAB,0xFFD3,0xFFAC,0xFFCB,0xFFF8,0xFFF7,0xFFF8,0xFFAA,0xFFAB,
  0xFFAA,0xFF89,0xFF89,0xFFAD,0xFFAC,0xFFF8,0xFFCC,0xFF89,0xFF27,0xFE62,0xFF47,0xFFF2,0xFF68,0xFF27,0xFF27,0xFEE6,
  0xFF69,0xFF69,0xFF69,0xFF48,0xF9A1,0xE922,0xF561,0xFDA1,0xFF48,0xFF89,0xFF27,0xFE42,0xFF47,0xFF69,0xFF47,0xFF48,
  0xFDC1,0xFDE1,0xFF47,0xFF6A,0xFF69,0xFF27,0xFF06,0xFF07,0xFE43,0xFE64,0xFF67,0xFFAB,0xFF68,0xFFAC,0xFFF7,0xFFF8,
  0xFFA9,0xFF67,0xFF03,0xFE61,0xFDE2,0xF9A2,0xF582,0xF9A2,0x0000,0x0000,0x0000,0x0000,0x0000,0x0000,0x0000,0xFDE2,
  0xFDE1,0xFE02,0xFE60,0xFEA0,0xFF04,0xFF01,0xFF45,0xFF67,0xFFAA,0xFFAB,0xFFCA,0xFFF8,0xFFF8,0xFFAA,0xFFF9,0xFF8A,
  0xFF47,0xFE22,0xFE22,0xFF27,0xFF89,0xFEC4,0xFF27,0xFA22,0xFE22,0xFF26,0xFF69,0xFF68,0xFF47,0xFF27,0xFF27,0xFE22,
  0xFF27,0xFF48,0xFF69,0xFF69,0xFF26,0xFF69,0xFF8A,0xFFF6,0xFFAB,0xFF47,0xFF27,0xFEA3,0xFD81,0xED22,0xE921,0xFE22,
  0xFF27,0xFF68,0xFF69,0xFF48,0xFF68,0xFF8A,0xFFF7,0xFFF7,0xFFF6,0xFFAA,0xFFAA,0xFF89,0xFFAB,0xFFD1,0xFFF7,0xFFD0,
  0xFFAA,0xFFF6,0xFFAB,0xFFAA,0xFFF5,0xFFCE,0xFF89,0xFF89,0xFFAC,0xFFF8,0xFFF7,0xFFF7,0xFFF8,0xFFA9,0xFFF2,0xFFAC,
  0xFFF5,0xFFF4,0xFFAC,0xFFAB,0xFFAB,0xFFF8,0xFFF9,0xFFAC,0xFF89,0xFF89,0xFFCF,0xFF8A,0xFF8B,0xFFF7,0xFFAA,0xFFCF,
  0xFFAA,0xFF68,0xFF27,0xFF27,0xFF26,0xFF69,0xFF48,0xFF06,0xFE83,0xFF26,0xFF69,0xFF69,0xFF48,0xFEA5,0xF161,0xE0E1,
  0xF142,0xF9A1,0xFF47,0xFF69,0xFF48,0xFF47,0xFF48,0xFF47,0xFF69,0xFF27,0xFE64,0xFF28,0xFF47,0xFF8A,0xFF8A,0xFF48,
  0xFEE5,0xFF27,0xFDE2,0xFE42,0xFF67,0xFF68,0xFF47,0xFFAA,0xFFAB,0xFFF9,0xFF88,0xFF45,0xFE41,0xFE41,0xFDA2,0xF582,
  0x0000,0x0000,0x0000,0x0000,0x0000,0x0000,0x0000,0x0000,0xFDE1,0xFEC1,0xFF67,0xFE81,0xFEA2,0xFF03,0xFF24,0xFF88,
  0xFF87,0xFFAC,0xFFCE,0xFFA8,0xFFF1,0xFFF8,0xFFF8,0xFFCC,0xFFAA,0xFF88,0xFF47,0xFDC1,0xFE23,0xFF48,0xFF26,0xFF48,
  0xFF27,0xF9A1,0xF9A2,0xFE22,0xFF27,0xFF26,0xFF47,0xFF47,0xFE22,0xFDC1,0xFE42,0xFF47,0xFF47,0xFEC4,0xFF26,0xFF69,
  0xFF89,0xFF8B,0xFFD2,0xFF8A,0xFF47,0xFF47,0xFA22,0xF541,0xFDC2,0xFDE1,0xFF47,0xFFAC,0xFF47,0xFFAB,0xFF67,0xFFAC,
  0xFFF8,0xFFD3,0xFFAB,0xFF68,0xFF47,0xFF8A,0xFF89,0xFFAA,0xFFF7,0xFFF8,0xFFF9,0xFFAA,0xFFF6,0xFFF5,0xFF8A,0xFF67,
  0xFF68,0xFF88,0xFFD4,0xFFF8,0xFFF8,0xFFF8,0xFFF8,0xFFF8,0xFFFA,0xFFAA,0xFFAB,0xFFAA,0xFFD0,0xFF89,0xFF68,0xFFAB,
  0xFFAB,0xFF68,0xFF89,0xFF8A,0xFF88,0xFFF6,0xFFD0,0xFFAB,0xFFF8,0xFFF7,0xFFAB,0xFF69,0xFFAE,0xFF48,0xFF27,0xFE01,
  0xF9A1,0xFE22,0xFF26,0xFF68,0xFF69,0xFF69,0xFF48,0xF9A1,0xE502,0xFA02,0xE502,0xE522,0xFF27,0xFF47,0xFF89,0xFF68,
  0xFF47,0xFF69,0xFF27,0xFF27,0xFF48,0xFF27,0xFF48,0xFF68,0xFF47,0xFF69,0xFF48,0xFF06,0xFE22,0xFDC2,0xFF47,0xFF89,
  0xFF47,0xFFD3,0xFFAA,0xFFF9,0xFF89,0xFF89,0xFF45,0xFEC1,0xF9C1,0xF582,0xF982,0x0000,0x0000,0x0000,0x0000,0x0000,
  0x0000,0x0000,0x0000,0xFDC1,0x0000,0xFD81,0xFDE1,0xFE40,0xFE81,0xFEE2,0xFF25,0xFF04,0xFF46,0xFF88,0xFF89,0xFFCC,
  0xFFF8,0xFFAC,0xFFAA,0xFFAA,0xFF47,0xFE22,0xFF27,0xFF69,0xFF26,0xFF27,0xFF27,0xFE03,0xF582,0xFE22,0xFE02,0xFF06,
  0xFF69,0xFF47,0xFF27,0xFE02,0xFDE2,0xFF46,0xFE62,0xFF27,0xFF27,0xFF89,0xFFAE,0xFF89,0xFFAD,0xFFAB,0xFF8A,0xFF27,
  0xFDC1,0xFDC1,0xFF69,0xFF08,0xFF47,0xFF48,0xFF8B,0xFF88,0xFF89,0xFFF7,0xFFF6,0xFFCB,0xFFAB,0xFF68,0xFF89,0xFF8A,
  0xFFF5,0xFFAC,0xFFF8,0xFFF7,0xFFAA,0xFFAB,0xFFF7,0xFFA8,0xFF48,0xFF48,0xFF68,0xFFAA,0xFFAA,0xFFF7,0xFFF8,0xFFF8,
  0xFFF8,0xFFF8,0xFFF8,0xFFF6,0xFFAC,0xFFF7,0xFFAB,0xFFAB,0xFF67,0xFFAA,0xFF8A,0xFF89,0xFF6A,0xFF48,0xFF47,0xFF8A,
  0xFFAB,0xFFF7,0xFFF8,0xFFAD,0xFFF9,0xFF8A,0xFF8B,0xFF68,0xFF06,0xFF26,0xFE02,0xF9C1,0xFE22,0xFF48,0xFF69,0xFF68,
  0xFF47,0xF981,0xE922,0xE922,0xE502,0xE922,0xFF48,0xFF69,0xFFAB,0xFF68,0xFF27,0xFF68,0xFEA5,0xFF06,0xFF48,0xFF27,
  0xFF69,0xFF05,0xFE82,0xFF48,0xFF8A,0xFF47,0xFDE2,0xFE02,0xFF46,0xFFAD,0xFF46,0xFFAB,0xFFAB,0xFFF9,0xFF88,0xFF46,
  0xFEC1,0xFE41,0xF582,0xF582,0x0000,0x0000,0x0000,0x0000,0x0000,0xFE41,0x0000,0x0000,0x0000,0x0000,0x0000,0x0000,
  0xF9C1,0xFDE2,0xF582,0xFE41,0xFE61,0xFEE3,0xFF03,0xFF46,0xFF67,0xFFCE,0xFFF9,0xFFAC,0xFF87,0xFFF8,0xFFAA,0xFF47,
  0xFF48,0xFF26,0xFF68,0xFF27,0xFF06,0xFEE5,0xFE02,0xFF06,0xFF06,0xFF27,0xFFAB,0xFF48,0xFF27,0xFF27,0xFF06,0xFE01,
  0xFE42,0xFE41,0xFF8A,0xFF8A,0xFF8A,0xFF48,0xFF69,0xFFF7,0xFF8A,0xFFAD,0xFF67,0xFF48,0xFF47,0xFF8B,0xFF48,0xFF47,
  0xFF89,0xFFF7,0xFFCF,0xFFF7,0xFFAB,0xFF89,0xFF68,0xFF47,0xFF68,0xFF68,0xFFAC,0xFFF7,0xFFF8,0xFFAA,0xFFF9,0xFFA9,
  0xFFF6,0xFFF8,0xFFAB,0xFFAB,0xFFF5,0xFFAD,0xFFD1,0xFFF8,0xFFF8,0xFFF7,0xFFF8,0xFFF8,0xFFF7,0xFFF8,0xFFF7,0xFFD1,
  0xFFCF,0xFF8B,0xFF68,0xFF68,0xFF68,0xFF89,0xFEC4,0xFE42,0xFE62,0xFF69,0xFFD1,0xFFF7,0xFFF8,0xFFF9,0xFF8A,0xFF8A,
  0xFF68,0xFF27,0xFF06,0xFF8B,0xFF48,0xFEC5,0xFF06,0xFF27,0xFF47,0xFF69,0xFF47,0xFEA5,0xF581,0xE922,0xF142,0xF980,
  0xFF48,0xFF8A,0xFF8A,0xFF68,0xFF48,0xFF27,0xFDE1,0xFE22,0xFF26,0xFF68,0xFF69,0xFF48,0xFF07,0xF9C2,0xFF47,0xFF69,
  0xFF06,0xFE42,0xFF48,0xFF47,0xFF47,0xFFD0,0xFFAB,0xFFF8,0xFF87,0xFF46,0xFF04,0xFE21,0xF9A1,0xF9A1,0xF582,0xF582,
  0x0000,0x0000,0x0000,0x0000,0x0000,0x0000,0x0000,0x0000,0x0000,0x0000,0x0000,0x0000,0xF981,0xF9A1,0xFEA1,0xFE81,
  0xFEE3,0xFF67,0xFF25,0xFF88,0xFFF9,0xFFA9,0xFFAA,0xFFAD,0xFF8A,0xFF8A,0xFF88,0xFE63,0xFF48,0xFF26,0xFE22,0xFF47,
  0xFF27,0xFEE6,0xFE22,0xFF27,0xFF69,0xFF69,0xFF48,0xFF27,0xFE22,0xFDC1,0xFEE5,0xFF26,0xFF48,0xFF89,0xFF68,0xFF27,
  0xFF69,0xFF8B,0xFFF9,0xFF89,0xFF8A,0xFF69,0xFF26,0xFF68,0xFF89,0xFF68,0xFFAB,0xFFF7,0xFFF8,0xFFF7,0xFFD0,0xFF8A,
  0xFF48,0xFF8A,0xFF89,0xFF68,0xFFAC,0xFFF7,0xFFAA,0xFFAB,0xFFF7,0xFFF7,0xFFFB,0xFFAB,0xFFAA,0xFFAC,0xFFF7,0xFFF7,
  0xFFF7,0xFFF8,0xFFF7,0xFFF6,0xFFFA,0xFFAB,0xFFF7,0xFFF7,0xFFAC,0xFFF7,0xFFAB,0xFFF6,0xFFAB,0xFF89,0xFF89,0xFF48,
  0xFE84,0xFE01,0xFF47,0xFF89,0xFF68,0xFF8A,0xFFF7,0xFFAA,0xFF8A,0xFF68,0xFF48,0xFF69,0xFF69,0xFF06,0xFF26,0xFF27,
  0xFF68,0xFE83,0xFF47,0xFF68,0xFF47,0xFF47,0xFDE1,0xF142,0xFDA1,0xFF47,0xFF47,0xFF8A,0xFF89,0xFF68,0xFF27,0xFF27,
  0xFEC4,0xFDA1,0xFE84,0xFF47,0xFF69,0xFF48,0xF5A1,0xF981,0xFF27,0xFF48,0xFF26,0xFF26,0xFF8A,0xFF27,0xFF88,0xFFF6,
  0xFFCB,0xFFF8,0xFF89,0xFF46,0xFF25,0xFEA2,0xFDE1,0xFF02,0xFDC1,0xF9A2,0xFDA1,0x0000,0xFDC0,0x0000,0x0000,0x0000,
  0x0000,0x0000,0x0000,0x0000,0x0000,0xF9A1,0x0000,0xF981,0xF982,0xFDE1,0xFE61,0xFF03,0xFF03,0xFF89,0xFFF8,0xFFAB,
  0xFFAA,0xFFF6,0xFFAC,0xFF47,0xFF8A,0xFF27,0xFEA3,0xFF06,0xFF48,0xFF48,0xFF48,0xFF48,0xFF27,0xFF27,0xFF48,0xFF6A,
  0xFF8B,0xFF48,0xFF26,0xFF26,0xFF26,0xFF69,0xFF27,0xFF27,0xFF26,0xFE22,0xFEC4,0xFF48,0xFF89,0xFFAD,0xFF68,0xFF69,
  0xFF48,0xFF69,0xFF67,0xFFAC,0xFFF9,0xFFF7,0xFFAD,0xFF88,0xFF68,0xFF47,0xFEE4,0xFF68,0xFFCF,0xFFAB,0xFFFB,0xFFAB,
  0xFF68,0xFFAA,0xFFD0,0xFFF6,0xFFF7,0xFFF7,0xFFF8,0xFFF8,0xFFF7,0xFFF7,0xFFF8,0xFFF8,0xFFF8,0xFFF8,0xFFF7,0xFFF7,
  0xFFF8,0xFFF6,0xFFAA,0xFF68,0xFF8A,0xFFD4,0xFFAC,0xFFA9,0xFF89,0xFF89,0xFF48,0xFF47,0xFF47,0xFF48,0xFF68,0xFF8A,
  0xFFAB,0xFF68,0xFF47,0xFEC4,0xFF05,0xFF68,0xFF27,0xFE02,0xFF27,0xFF69,0xFF47,0xFF27,0xFF69,0xFF27,0xFF68,0xFF47,
  0xFF27,0xFF47,0xFF47,0xFF47,0xFF69,0xFFAC,0xFF68,0xFF26,0xFF26,0xFF69,0xFE02,0xFE84,0xFF26,0xFF69,0xFF69,0xFDA2,
  0xE0E2,0xF142,0xFDC2,0xFF48,0xFF6A,0xFF27,0xFFAD,0xFF47,0xFF68,0xFF89,0xFFF7,0xFFF8,0xFF67,0xFF46,0xFF04,0xFEA2,
  0xFEA2,0xFEC2,0xFF65,0xFEC1,0xFF86,0xFFA4,0xFE22,0xFDE1,0xFE22,0x0000,0x0000,0x0000,0x0000,0x0000,0x0000,0x0000,
  0x0000,0x0000,0xF562,0xFDC1,0xFE21,0xFE61,0xFEE3,0xFF89,0xFFF8,0xFFF8,0xFFAB,0xFFAB,0xFFF8,0xFF68,0xFF68,0xFF46,
  0xFE22,0xFEC5,0xFF8A,0xFF06,0xF982,0xFF48,0xFF69,0xFEE6,0xFF26,0xFF47,0xFF8A,0xFF8A,0xFF69,0xFE63,0xFEE5,0xFF47,
  0xFF69,0xFF69,0xFEA4,0xFDC1,0xFE63,0xFF48,0xFF68,0xFF8B,0xFF69,0xFF48,0xFF47,0xFF8A,0xFF8A,0xFFA9,0xFFF7,0xFFF8,
  0xFFAB,0xFF47,0xFF26,0xFEE6,0xFF48,0xFF8B,0xFFAC,0xFFF6,0xFF8A,0xFF68,0xFF68,0xFFD0,0xFFF7,0xFFAD,0xFFF7,0xFFF9,
  0xFFF7,0xFFF3,0xFFF8,0xFFF8,0xFFF8,0xFFF7,0xFFF8,0xFFF8,0xFFA9,0xFFF5,0xFFD1,0xFFF7,0xFFF6,0xFFAC,0xFFAC,0xFFD1,
  0xFFF5,0xFFAA,0xFFAA,0xFF8B,0xFF8A,0xFF68,0xFF68,0xFF47,0xFF68,0xFF8A,0xFF89,0xFF69,0xFE83,0xFEA3,0xFF48,0xFF27,
  0xFE22,0xFE22,0xFF48,0xFF47,0xFF26,0xFF68,0xFF68,0xFF27,0xFF69,0xFF26,0xFF07,0xFF27,0xFF47,0xFF89,0xFF47,0xFF69,
  0xFF69,0xFF47,0xFF69,0xFF68,0xFF27,0xFF27,0xFF68,0xFF69,0xFF69,0xFD81,0xF561,0xFE00,0xF141,0xFDC1,0xFF27,0xFF47,
  0xFF8B,0xFF47,0xFF8A,0xFFAB,0xFFF8,0xFFF8,0xFF67,0xFF69,0xFF04,0xFF68,0xFEA1,0xFEE1,0xFE41,0xFE41,0xFDE1,0xFE01,
  0xFDC2,0x0000,0x0000,0x0000,0x0000,0x0000,0x0000,0x0000,0x0000,0x0000,0x0000,0xF9A2,0xF582,0xF9C2,0xFDE1,0xFEA2,
  0xFF04,0xFF8A,0xFFF3,0xFFF8,0xFFAC,0xFFAC,0xFFCE,0xFFAC,0xFF67,0xFF26,0xFF06,0xFF27,0xFF47,0xF161,0xED41,0xF5C2,
  0xFF27,0xFF06,0xFE62,0xFF47,0xFF8A,0xFFD2,0xFF8B,0xFEA4,0xFE22,0xFF27,0xFF69,0xFF69,0xFF48,0xFEC5,0xFE42,0xFF27,
  0xFF68,0xFF69,0xFF48,0xFF69,0xFF8A,0xFF89,0xFF8B,0xFFD2,0xFFAA,0xFF88,0xFF68,0xFEC4,0xFE22,0xFE83,0xFF48,0xFF89,
  0xFFAF,0xFF88,0xFF68,0xFF68,0xFFAB,0xFFCF,0xFFD1,0xFFF9,0xFFF8,0xFFAB,0xFF89,0xFF89,0xFFAF,0xFFF8,0xFFD0,0xFFF8,
  0xFFF4,0xFFD0,0xFFD3,0xFF89,0xFF88,0xFFAB,0xFFD0,0xFFF8,0xFFAD,0xFFAC,0xFFF4,0xFFD1,0xFFD4,0xFFB0,0xFFAB,0xFFD0,
  0xFFAB,0xFF68,0xFF68,0xFF68,0xFF48,0xFF26,0xFE02,0xFEE6,0xFF47,0xFF26,0xFF27,0xFF69,0xFEE4,0xFDE2,0xFF26,0xFF68,
  0xFF69,0xFF26,0xFF27,0xFEC6,0xFEC6,0xFF27,0xFF89,0xFF68,0xFF69,0xFF47,0xFF47,0xFF48,0xFF68,0xFF26,0xFF48,0xFF26,
  0xFF06,0xFF89,0xFF69,0xFF47,0xFDE2,0xFE62,0xF9C1,0xF161,0xFF47,0xFF8A,0xFF89,0xFF47,0xFFAE,0xFFAB,0xFFF8,0xFFD0,
  0xFF66,0xFF04,0xFF03,0xFEA2,0xFE01,0xF9C1,0xFDC2,0xF581,0x0000,0x0000,0x0000,0x0000,0x0000,0x0000,0x0000,0x0000,
  0x0000,0x0000,0x0000,0x0000,0x0000,0xFDC1,0xFDC1,0xFE01,0xFEA2,0xFE41,0xFEE3,0xFF46,0xFFCE,0xFFF9,0xFFCF,0xFF68,
  0xFFAB,0xFFAC,0xFF69,0xFF69,0xFF27,0xFDC2,0xF982,0xE921,0xE502,0xED21,0xFDC2,0xFF28,0xFEE6,0xFF06,0xFF68,0xFF8A,
  0xFFFA,0xFF89,0xFF06,0xFF26,0xFF69,0xFFF4,0xFF69,0xFF27,0xFF27,0xFF48,0xFF27,0xFF6A,0xFF89,0xFF69,0xFFAB,0xFFF5,
  0xFF89,0xFF89,0xFF8A,0xFF48,0xFF48,0xFE22,0xFE22,0xFEE5,0xFF48,0xFF68,0xFF8B,0xFF68,0xFF68,0xFFD0,0xFFAB,0xFFF7,
  0xFFF8,0xFFF7,0xFFF9,0xFFF7,0xFF8A,0xFF89,0xFFF7,0xFFF7,0xFFF8,0xFFF8,0xFFAA,0xFFAB,0xFFAC,0xFFF5,0xFF67,0xFFAB,
  0xFFD4,0xFFA9,0xFFAB,0xFFD6,0xFFF5,0xFFAB,0xFFF9,0xFFAA,0xFFAC,0xFFAC,0xFFCF,0xFF8A,0xFFD3,0xFF68,0xFF27,0xFE42,
  0xFF06,0xFF27,0xFF69,0xFF47,0xFF69,0xFF69,0xFE43,0xFDC1,0xFF47,0xFF69,0xFF47,0xFE43,0xFF05,0xFF27,0xFF47,0xFF69,
  0xFF48,0xFF48,0xF981,0xFF27,0xFDC2,0xFF48,0xFF48,0xFE83,0xFF68,0xFF27,0xFF47,0xFF89,0xFF8A,0xFF27,0xFF26,0xFDC1,
  0xE941,0xF162,0xFF27,0xFF89,0xFF8A,0xFF48,0xFFAB,0xFFF8,0xFFF8,0xFF88,0xFF25,0xFF25,0xFE61,0xFDE1,0xF9A2,0xF582,
  0x0000,0x0000,0x0000,0x0000,0x0000,0x0000,0x0000,0x0000,0x0000,0x0000,0x0000,0x0000,0x0000,0x0000,0xFDC1,0xFE01,
  0xFEA2,0xFE01,0xFE21,0xFEA2,0xFEE2,0xFF66,0xFFD1,0xFFF9,0xFFD2,0xFF47,0xFFAA,0xFFCE,0xFF8A,0xFF69,0xFF47,0xF5A2,
  0xE922,0xF981,0xF561,0xE502,0xF581,0xFF28,0xFF28,0xFEE5,0xFEC4,0xFF48,0xFF8B,0xFFAB,0xFF69,0xFF69,0xFF8A,0xFF8A,
  0xFF47,0xFF48,0xFF69,0xFF47,0xFE83,0xFF47,0xFF89,0xFFAD,0xFFCE,0xFFAB,0xFFAA,0xFFAA,0xFFAC,0xFF69,0xFF27,0xFEC5,
  0xFF47,0xFF69,0xFF8A,0xFFAB,0xFF8A,0xFF89,0xFFAB,0xFFCF,0xFFF8,0xFFF8,0xFFD2,0xFFD0,0xFFAC,0xFFCD,0xFFAA,0xFFD0,
  0xFFF8,0xFFF8,0xFFF7,0xFFF7,0xFFF8,0xFFD2,0xFFAA,0xFF89,0xFFAC,0xFFD1,0xFFAE,0xFFAB,0xFFCE,0xFFD4,0xFFF4,0xFFF7,
  0xFFF7,0xFFD3,0xFF89,0xFF89,0xFF68,0xFF69,0xFF89,0xFF68,0xFF48,0xFF27,0xFF27,0xFF68,0xFF68,0xFF69,0xFF48,0xFF26,
  0xFEC4,0xFEA5,0xFF69,0xFF68,0xFF26,0xFE84,0xFF47,0xFF69,0xFF69,0xFF48,0xFF48,0xFF8A,0xED41,0xE922,0xFA64,0xFF47,
  0xFF47,0xFF47,0xFF68,0xFF69,0xFF69,0xFF89,0xFF27,0xFF47,0xFF47,0xFEC5,0xF561,0xED41,0xFF06,0xFF8A,0xFF68,0xFF48,
  0xFFD2,0xFFCC,0xFFF7,0xFFCC,0xFF8A,0xFF46,0xFEC3,0xFE82,0xFDE2,0xF9A2,0xF582,0x0000,0xF9C1,0x0000,0x0000,0xFE21,
  0x0000,0x0000,0x0000,0x0000,0x0000,0x0000,0x0000,0xFE42,0xFEC3,0xFE01,0xF582,0xF9C1,0xFDE1,0xFEA1,0xFEA2,0xFF45,
  0xFFAE,0xFFF8,0xFFAA,0xFF69,0xFF27,0xFFF2,0xFF8A,0xFF49,0xFF26,0xF982,0xE922,0xF9C1,0xFEC1,0xF562,0xF141,0xF981,
  0xFF27,0xFEA4,0xFDA1,0xFEC6,0xFF27,0xFF8A,0xFFAF,0xFF89,0xFF27,0xFF47,0xFF27,0xFF48,0xFF27,0xFF69,0xFF27,0xFF69,
  0xFFAE,0xFFA8,0xFFF8,0xFFF8,0xFFF7,0xFFD2,0xFFAB,0xFF68,0xFF27,0xFEE5,0xFF69,0xFFD3,0xFFAA,0xFFF7,0xFFAC,0xFFD5,
  0xFFAA,0xFFAC,0xFFD6,0xFFAA,0xFFAE,0xFF8A,0xFF69,0xFFAB,0xFFAC,0xFFAC,0xFFF8,0xFFF8,0xFFF8,0xFFAB,0xFFAC,0xFFAB,
  0xFF89,0xFF68,0xFF89,0xFF8B,0xFFAA,0xFFAA,0xFFAF,0xFFAB,0xFFAA,0xFFA9,0xFFAB,0xFFD5,0xFFAB,0xFF8B,0xFF68,0xFF48,
  0xFF8A,0xFF69,0xFF69,0xFF69,0xFF68,0xFF69,0xFF68,0xFF26,0xFE42,0xFE01,0xFE02,0xFF26,0xFF69,0xFF48,0xFF68,0xFF68,
  0xFF8A,0xFF8A,0xFF48,0xFDC2,0xFF89,0xF161,0xE922,0xE0E2,0xF162,0xFDA2,0xFDC1,0xFF27,0xFF69,0xFF47,0xFF68,0xFF47,
  0xFF06,0xFF89,0xFFAC,0xFF27,0xED61,0xFDA2,0xFF47,0xFF8B,0xFF27,0xFF89,0xFF88,0xFFF7,0xFFF8,0xFFAB,0xFF67,0xFF45,
  0xFF45,0xFEC2,0xFE81,0xFDC1,0xFDE1,0xF9A1,0x0000,0x0000,0xFDE1,0x0000,0x0000,0x0000,0x0000,0x0000,0x0000,0x0000,
  0xFF23,0xFDC1,0x0000,0xF9A1,0x0000,0xF562,0xF582,0xFDE0,0xFEA1,0xFF46,0xFFAC,0xFFF9,0xFFAC,0xFF8B,0xFF47,0xFF69,
  0xFFAB,0xFF47,0xFDE1,0xF162,0xF162,0xFDE1,0xFEE3,0xFDC1,0xE102,0xF161,0xFF48,0xFF27,0xFEE6,0xFE84,0xFF47,0xFF8A,
  0xFF69,0xFF69,0xFF47,0xFF26,0xFF47,0xFF26,0xFEC4,0xFF47,0xFF69,0xFFAC,0xFFD4,0xFFF9,0xFFAB,0xFFF7,0xFFF9,0xFFAC,
  0xFF89,0xFF47,0xFF27,0xFF68,0xFF8B,0xFFD2,0xFFF8,0xFFF8,0xFFF7,0xFFCE,0xFFAB,0xFFCE,0xFFAB,0xFFA9,0xFFD2,0xFF8A,
  0xFF69,0xFF8A,0xFFAC,0xFFF5,0xFFF7,0xFFF7,0xFFCC,0xFFF6,0xFF88,0xFF68,0xFF68,0xFF89,0xFFAB,0xFF89,0xFFAC,0xFFAD,
  0xFFD0,0xFFAB,0xFF89,0xFFD0,0xFFAB,0xFFD0,0xFFAC,0xFF68,0xFF69,0xFF69,0xFF68,0xFF26,0xFEC4,0xFF48,0xFF26,0xFF48,
  0xFF26,0xFEA4,0xFEE5,0xFEE6,0xFF27,0xFF47,0xFF8A,0xFF8B,0xFF89,0xFF68,0xFF89,0xFF47,0xFEE6,0xFDC1,0xED42,0xE922,
  0xDCE2,0xE922,0xFE02,0xFF05,0xF561,0xFE23,0xFF47,0xFF48,0xFF8A,0xFFCE,0xFF69,0xFF68,0xFF68,0xFF26,0xFDC1,0xFF06,
  0xFF68,0xFFAC,0xFF27,0xFF89,0xFFAA,0xFFF7,0xFFF9,0xFFAB,0xFF25,0xFF24,0xFE81,0xFE02,0xFDE1,0xF582,0xF581,0x0000,
  0x0000,0x0000,0x0000,0x0000,0x0000,0x0000,0x0000,0x0000,0xFE83,0xFEC2,0x0000,0x0000,0x0000,0x0000,0x0000,0x0000,
  0xF582,0xFE41,0xFE81,0xFF03,0xFF88,0xFFF9,0xFFD0,0xFFF6,0xFF68,0xFF47,0xFF69,0xFF47,0xFF48,0xF9A2,0xE922,0xFEE3,
  0xFDE0,0xF581,0xE102,0xF561,0xFF47,0xFF27,0xFF27,0xFF27,0xFF27,0xFF69,0xFF8A,0xFF48,0xFF27,0xFE43,0xFEC5,0xFE43,
  0xFF27,0xFF69,0xFF6A,0xFFF8,0xFFF8,0xFFA9,0xFFF8,0xFFAC,0xFFAA,0xFFF7,0xFFAB,0xFF89,0xFF8B,0xFFAB,0xFFAC,0xFFF7,
  0xFFF8,0xFFF8,0xFFF8,0xFFF7,0xFFAB,0xFFF7,0xFFAB,0xFFD3,0xFF8B,0xFF8A,0xFFAB,0xFFA9,0xFFF7,0xFFF8,0xFFF8,0xFFCF,
  0xFFAC,0xFFAB,0xFF8A,0xFF68,0xFFAB,0xFFF7,0xFFAB,0xFFAB,0xFFAB,0xFFF9,0xFFAB,0xFF89,0xFF89,0xFFF6,0xFF8A,0xFFAB,
  0xFF89,0xFF8A,0xFFAA,0xFF8A,0xFF68,0xFF47,0xFF27,0xFF27,0xFE83,0xFE63,0xFE43,0xFEA4,0xFF26,0xFF68,0xFF68,0xFF89,
  0xFFF6,0xFF89,0xFF69,0xFF47,0xFF69,0xFEC6,0xF9A1,0xED42,0xE0E2,0xE502,0xF9C1,0xED22,0xF181,0xF561,0xE921,0xFDA2,
  0xFE02,0xFF6A,0xFF89,0xFF8A,0xFF8B,0xFF26,0xFF68,0xFF26,0xFF26,0xFF47,0xFF8B,0xFF88,0xFF69,0xFFD1,0xFFAB,0xFFF7,
  0xFFD3,0xFFAA,0xFF66,0xFF04,0xFEC2,0xFE21,0xF9A2,0xF582,0x0000,0x0000,0x0000,0x0000,0x0000,0x0000,0x0000,0x0000,
  0x0000,0x0000,0xFEA1,0x0000,0x0000,0x0000,0x0000,0x0000,0x0000,0xF9A2,0xF582,0xFDC1,0xFE41,0xFF04,0xFF88,0xFFFA,
  0xFFF9,0xFFF1,0xFF8B,0xFE42,0xFF47,0xFF47,0xFF47,0xF981,0xE101,0xFDE2,0xFF42,0xF561,0xE921,0xED42,0xFDE1,0xFF26,
  0xFE41,0xFF27,0xFF48,0xFF69,0xFF89,0xFF27,0xFF06,0xFE42,0xFDE1,0xFE43,0xFF27,0xFF69,0xFF69,0xFFAB,0xFFAE,0xFFF9,
  0xFFF8,0xFFAC,0xFFF9,0xFFAA,0xFFAB,0xFFAA,0xFFCF,0xFFCF,0xFFF7,0xFFD3,0xFFF9,0xFFF7,0xFFF8,0xFFF8,0xFFF9,0xFFA9,
  0xFFF5,0xFF8A,0xFF8A,0xFF68,0xFFAA,0xFFF9,0xFFF8,0xFFF8,0xFFF7,0xFFD1,0xFFF2,0xFFAB,0xFF68,0xFF68,0xFF69,0xFFAB,
  0xFFD0,0xFFAA,0xFFF7,0xFFF7,0xFFCE,0xFFAA,0xFFF4,0xFFAA,0xFF89,0xFF8B,0xFF89,0xFFFA,0xFFAA,0xFF69,0xFF68,0xFF27,
  0xFE63,0xFF06,0xFE62,0xFE01,0xFEC4,0xFF26,0xFF69,0xFF89,0xFF8A,0xFF8A,0xFFAA,0xFF8B,0xFF68,0xFF47,0xFF47,0xFEC7,
  0xED42,0xED41,0xE102,0xF141,0xFDC1,0xF560,0xE502,0xE922,0xF981,0xE922,0xFE23,0xFF6A,0xFFD0,0xFFAD,0xFF89,0xFF27,
  0xFF26,0xFF26,0xFF69,0xFF47,0xFF69,0xFFAD,0xFF88,0xFFAB,0xFFAA,0xFFF9,0xFFF7,0xFFFC,0xFF86,0xFF88,0xFEC2,0xFEC1,
  0xFDE1,0xF582,0xF5A2,0x0000,0x0000,0x0000,0x0000,0x0000,0x0000,0x0000,0x0000,0x0000,0x0000,0x0000,0x0000,0x0000,
  0x0000,0x0000,0x0000,0x0000,0xF5A3,0xFE01,0xFE82,0xFF45,0xFF67,0xFFF9,0xFFF9,0xFFAA,0xFFF6,0xFF05,0xFF06,0xFF8B,
  0xFF48,0xFE85,0xFDC2,0xE922,0xE922,0xE102,0xED62,0xFDC1,0xFE02,0xFF48,0xFF68,0xFF27,0xFF27,0xFF68,0xFF27,0xFE43,
  0xFF48,0xFF28,0xFEE6,0xFE02,0xFE01,0xFF27,0xFF48,0xFF69,0xFF48,0xFFAB,0xFF88,0xFFF7,0xFFAA,0xFF68,0xFF89,0xFFCF,
  0xFFF9,0xFFF8,0xFFF8,0xFFF8,0xFFAA,0xFFAD,0xFFF8,0xFFF8,0xFFF8,0xFF8A,0xFFAA,0xFFF8,0xFFAB,0xFF47,0xFF68,0xFFAC,
  0xFFF9,0xFFA8,0xFF89,0xFFAD,0xFF89,0xFF48,0xFF68,0xFF68,0xFF8A,0xFF89,0xFFF7,0xFF89,0xFFF8,0xFFAA,0xFF8A,0xFF8A,
  0xFFF2,0xFF68,0xFF68,0xFF05,0xFF05,0xFF69,0xFF68,0xFF27,0xFF26,0xFF47,0xFF49,0xFF27,0xFF47,0xFF27,0xFF26,0xFF26,
  0xFF47,0xFF89,0xFFF8,0xFFF8,0xFF89,0xFF68,0xFF47,0xFF89,0xF9A1,0xFDC2,0xED42,0xE0E2,0xF9A1,0xFDA1,0xFEE2,0xFDC1,
  0xFE81,0xE901,0xE502,0xF561,0xFE64,0xFF48,0xFF69,0xFF8A,0xFF48,0xFF26,0xFE83,0xFE02,0xFF47,0xFF8B,0xFF88,0xFF8B,
  0xFF8B,0xFFA9,0xFFF8,0xFFF9,0xFFAA,0xFF87,0xFF88,0xFF87,0xFFAA,0xFF45,0xFEE1,0xFE41,0xFDE1,0xF9A2,0x0000,0x0000,
  0x0000,0x0000,0x0000,0x0000,0x0000,0x0000,0x0000,0x0000,0x0000,0x0000,0x0000,0x0000,0x0000,0x0000,0xF5A3,0xFDE1,
  0xFE81,0xFF25,0xFF89,0xFFF9,0xFFF9,0xFFAB,0xFFAB,0xFF68,0xFF05,0xFF8A,0xFF68,0xFF27,0xFDC1,0xE521,0xF161,0xED41,
  0xE102,0xFDC1,0xFF26,0xFF68,0xFF27,0xFF27,0xFF48,0xFF27,0xFF47,0xFF27,0xFF26,0xFF27,0xFF47,0xFF07,0xFE62,0xFF27,
  0xFF69,0xFF48,0xFF69,0xFF69,0xFFAB,0xFFAA,0xFFF7,0xFF68,0xFFAC,0xFFF9,0xFFF7,0xFFF8,0xFFF8,0xFFFA,0xFFAB,0xFFF9,
  0xFFF8,0xFFF8,0xFFF8,0xFFCD,0xFFF9,0xFFF9,0xFFFA,0xFFAA,0xFF68,0xFF68,0xFFAB,0xFFAA,0xFFFB,0xFFAB,0xFF8A,0xFF48,
  0xFF48,0xFF8A,0xFFAC,0xFFF6,0xFFF8,0xFFAB,0xFFF8,0xFFAB,0xFF89,0xFFAA,0xFFAB,0xFF68,0xFF47,0xFE83,0xFF27,0xFF47,
  0xFF48,0xFF26,0xFF68,0xFF48,0xFFF3,0xFF68,0xFF47,0xFF8A,0xFE63,0xFF26,0xFF67,0xFF89,0xFFF8,0xFFAC,0xFF8A,0xFF47,
  0xFF8B,0xFF68,0xFDC1,0xF561,0xE102,0xE102,0xF981,0xFE00,0xFE20,0xFDC1,0xF561,0xED22,0xED41,0xE502,0xF981,0xFF47,
  0xFF67,0xFF69,0xFF47,0xFE22,0xFE22,0xFF27,0xFF68,0xFF8A,0xFF8A,0xFF47,0xFFAA,0xFFA9,0xFFFA,0xFFFA,0xFFA9,0xFF45,
  0xFF24,0xFF23,0xFF45,0xFF66,0xFFAE,0xFEE2,0xFE40,0xFDE1,0xFDA0,0x0000,0x0000,0x0000,0x0000,0x0000,0x0000,0x0000,
  0x0000,0x0000,0x0000,0x0000,0x0000,0x0000,0xF582,0xFDE2,0xFE21,0xFEC2,0xFF25,0xFFF5,0xFFAA,0xFFAB,0xFFF9,0xFFAA,
  0xFFA9,0xFF8A,0xFF68,0xFF48,0xFF48,0xFF48,0xFF48,0xF9A1,0xFF67,0xFEE6,0xF9A2,0xF9A2,0xFDC1,0xFF27,0xFF27,0xFE21,
  0xFF46,0xFE22,0xFF47,0xFF47,0xFF48,0xFE63,0xFF47,0xFF69,0xFF27,0xFF48,0xFF48,0xFE02,0xFF27,0xFF69,0xFF69,0xFF8A,
  0xFFAA,0xFF8B,0xFFF8,0xFFF8,0xFFCE,0xFFAB,0xFFAC,0xFF8A,0xFF48,0xFFAB,0xFFAA,0xFFF9,0xFFF8,0xFFF8,0xFFF8,0xFFAD,
  0xFFF8,0xFFF9,0xFFB1,0xFFAA,0xFFAB,0xFFAB,0xFF48,0xFF48,0xFF48,0xFFAB,0xFFD6,0xFFF8,0xFFF9,0xFFAB,0xFFA9,0xFFAA,
  0xFFAA,0xFF47,0xFF68,0xFF8A,0xFF47,0xFE63,0xFE83,0xFF69,0xFF69,0xFF47,0xFF48,0xFF8B,0xFF8A,0xFFFA,0xFF89,0xFFF8,
  0xFF89,0xFF69,0xFF26,0xFF26,0xFF68,0xFF47,0xFF89,0xFF68,0xFF27,0xFE42,0xFF47,0xFF48,0xFDA1,0xF582,0xFE21,0xED42,
  0xFE01,0xFE02,0xFF65,0xFEA1,0xED22,0xDCE2,0xF162,0xE522,0xF9A2,0xFF47,0xFF68,0xFF68,0xFF06,0xFE83,0xFF47,0xFF48,
  0xFF8B,0xFFF5,0xFF48,0xFF48,0xFFAA,0xFFAB,0xFFF9,0xFFF9,0xFF46,0xFF03,0xFEC2,0xFEA2,0xFE21,0xFE81,0xFE61,0xFEA1,
  0xFEC2,0xFF65,0xFFC9,0xFE21,0xFDE1,0x0000,0x0000,0x0000,0x0000,0x0000,0x0000,0x0000,0x0000,0x0000,0x0000,0x0000,
  0xF5A2,0xFDE1,0xFE82,0xFF24,0xFF89,0xFF67,0xFF67,0xFFAB,0xFFF8,0xFFF7,0xFFAC,0xFFF8,0xFF8A,0xFEC4,0xFF48,0xFF8A,
  0xFF48,0xFF47,0xFF27,0xFE83,0xFDC1,0xFDC1,0xFE01,0xFF48,0xFF27,0xF9E2,0xFE62,0xFDE1,0xFE42,0xFF47,0xFF8A,0xFF05,
  0xFF27,0xFF68,0xFF69,0xFF48,0xFE63,0xFE22,0xFE21,0xFF6A,0xFF89,0xFFAB,0xFFAC,0xFFF8,0xFFF7,0xFFAB,0xFFAB,0xFFAB,
  0xFF89,0xFFAB,0xFF88,0xFF69,0xFFAC,0xFFAB,0xFFAB,0xFFCD,0xFFAA,0xFFAB,0xFFAA,0xFFF9,0xFFF8,0xFFF6,0xFFF8,0xFFA9,
  0xFF89,0xFF89,0xFF8A,0xFFAC,0xFFF7,0xFFF6,0xFFA9,0xFFAA,0xFFAB,0xFFF3,0xFF89,0xFF47,0xFF48,0xFF48,0xFF47,0xFE63,
  0xFF47,0xFF69,0xFF26,0xFF47,0xFF89,0xFF8A,0xFFF8,0xFFAE,0xFF87,0xFF89,0xFF89,0xFF47,0xFF27,0xFEC4,0xFF47,0xFF47,
  0xFF68,0xFF47,0xFF27,0xFEA4,0xFF47,0xFF47,0xFDC2,0xE921,0xE922,0xE922,0xF980,0xFF46,0xFEA2,0xF581,0xDCE2,0xE102,
  0xFDC1,0xE521,0xF9A2,0xFF47,0xFF68,0xFF48,0xFF06,0xFF26,0xFF47,0xFFAC,0xFFF4,0xFFAD,0xFF05,0xFF67,0xFFF6,0xFFAA,
  0xFFF9,0xFFF9,0xFF46,0xFF67,0xFE81,0xFEE2,0xF9A2,0xFE61,0xFDC1,0xFDA1,0xFDE1,0xFE21,0xFE82,0xFF02,0xFF66,0x0000,
  0x0000,0x0000,0x0000,0x0000,0x0000,0x0000,0x0000,0x0000,0xF9C1,0xFE41,0xFEE3,0xFFCD,0xFF23,0xFEC1,0xFEC1,0xFEE2,
  0xFEE3,0xFF45,0xFFAA,0xFFF8,0xFFF4,0xFFAB,0xFFFA,0xFF06,0xFF26,0xFF69,0xFF69,0xFF47,0xFF69,0xFF27,0xFF69,0xFF48,
  0xFF27,0xFF48,0xFF27,0xFE43,0xFDC1,0xFF67,0xFE62,0xFE42,0xFF6A,0xFF27,0xFF47,0xFF69,0xFF48,0xFE02,0xFDC2,0xFDE2,
  0xFE02,0xFF48,0xFF69,0xFFF4,0xFFF7,0xFFAC,0xFFAA,0xFF88,0xFFAA,0xFFD0,0xFF89,0xFFF8,0xFFAA,0xFF68,0xFF48,0xFF68,
  0xFF68,0xFFAB,0xFFA9,0xFFF8,0xFF8A,0xFF8A,0xFFF7,0xFFF8,0xFFF8,0xFFF8,0xFFAC,0xFFF7,0xFF68,0xFF68,0xFFAB,0xFFAB,
  0xFFF8,0xFFFA,0xFFF9,0xFF8A,0xFF47,0xFF27,0xFE42,0xF9C1,0xFE62,0xFF48,0xFF6A,0xFF68,0xFF89,0xFFF8,0xFFAC,0xFFAB,
  0xFF8A,0xFF47,0xFF89,0xFF89,0xFF47,0xFEE4,0xFE43,0xFF26,0xFF89,0xFFF9,0xFF68,0xFF47,0xFF27,0xFF48,0xFF69,0xFF69,
  0xFF27,0xF981,0xED22,0xF142,0xF9C1,0xFF65,0xF581,0xE0E2,0xF161,0xE502,0xE922,0xF561,0xFEA5,0xFF68,0xFF8A,0xFF69,
  0xFE63,0xFF28,0xFF69,0xFFF7,0xFF8A,0xFF68,0xFE63,0xFF8A,0xFFAB,0xFFF5,0xFFF9,0xFFA9,0xFF04,0xFEC2,0xFE61,0xF5A2,
  0xF582,0x0000,0x0000,0xF9A1,0x0000,0x0000,0x0000,0x0000,0x0000,0xFE21,0xFE21,0x0000,0x0000,0x0000,0x0000,0x0000,
  0x0000,0xFDC1,0xFEA2,0xFFCA,0xFEC2,0xFE81,0xFE81,0xFE21,0xFE21,0xFE61,0xFEE3,0xFF46,0xFF89,0xFFF9,0xFFFA,0xFFF6,
  0xFF8A,0xFF68,0xFF27,0xFF69,0xFF8A,0xFF8A,0xFF6A,0xFF69,0xFF48,0xFF68,0xFF69,0xFF27,0xFF69,0xFF47,0xFDE2,0xFF47,
  0xFE22,0xFE21,0xFF26,0xFF27,0xFEE5,0xFF47,0xFF68,0xFF27,0xFD81,0xF182,0xFDE1,0xFF27,0xFF49,0xFF8A,0xFFAA,0xFFAA,
  0xFF88,0xFF8A,0xFFF8,0xFFAB,0xFFAA,0xFFAA,0xFFAA,0xFF47,0xFF8C,0xFF67,0xFF8B,0xFFA9,0xFFF9,0xFFAA,0xFFAA,0xFF68,
  0xFFAB,0xFFAA,0xFFF8,0xFFF2,0xFFFA,0xFFAA,0xFF8A,0xFF88,0xFF8A,0xFF8A,0xFFF7,0xFFA9,0xFFAB,0xFF47,0xFF47,0xFF47,
  0xFE83,0xFE22,0xFE83,0xFF68,0xFF8B,0xFF47,0xFF8A,0xFFAB,0xFFD1,0xFFAB,0xFF47,0xFF48,0xFF68,0xFF89,0xFF26,0xFE62,
  0xFF47,0xFF68,0xFF89,0xFF89,0xFF68,0xFEE5,0xFF68,0xFF48,0xFF48,0xFF68,0xFF47,0xFE65,0xF981,0xF980,0xF141,0xFDE0,
  0xED21,0xE102,0xFFA3,0xF162,0xF562,0xF981,0xFF48,0xFF68,0xFF8A,0xFF47,0xFE42,0xFF27,0xFF47,0xFF89,0xFFAE,0xFF48,
  0xFEC4,0xFFAB,0xFFAC,0xFFF8,0xFFF7,0xFFAA,0xFF24,0xFEC1,0xFDC1,0xFDC2,0xF9A2,0xF9A2,0x0000,0x0000,0x0000,0x0000,
  0x0000,0x0000,0x0000,0x0000,0x0000,0x0000,0x0000,0x0000,0x0000,0x0000,0xFEC3,0xFDC1,0xFDE1,0xFDA1,0x0000,0x0000,
  0xF981,0xF582,0xF562,0xFDC1,0xFE81,0xFEE3,0xFF66,0xFFFA,0xFFF8,0xFFCE,0xFFF9,0xFF8B,0xFF47,0xFE83,0xFF68,0xFF48,
  0xFF8B,0xFFAA,0xFF8A,0xFF48,0xFF27,0xFA22,0xFF27,0xFF49,0xFF27,0xFF48,0xFF07,0xFF05,0xFF26,0xFF69,0xFEA4,0xFE21,
  0xFF26,0xFF69,0xFF47,0xFE44,0xFE02,0xFF27,0xFDC1,0xFE43,0xFF26,0xFF69,0xFF8A,0xFF48,0xFF89,0xFFF8,0xFFAD,0xFF89,
  0xFF68,0xFFF9,0xFFAE,0xFFF6,0xFFFA,0xFF89,0xFF8B,0xFFAA,0xFFF9,0xFFF6,0xFF89,0xFF68,0xFF88,0xFF88,0xFFF9,0xFFF3,
  0xFFF5,0xFFF6,0xFF8A,0xFFA9,0xFFA9,0xFFA9,0xFFAB,0xFFF7,0xFF89,0xFF47,0xFF26,0xFF47,0xFF8A,0xFF26,0xFEC4,0xFF48,
  0xFF8B,0xFFAB,0xFF8A,0xFF68,0xFEC4,0xFE21,0xFF27,0xFF47,0xFF69,0xFF69,0xFF8A,0xFF69,0xFF48,0xFF26,0xFF48,0xFF69,
  0xFF27,0xFA42,0xFF06,0xFF27,0xFF69,0xFF27,0xFF68,0xFF47,0xFE85,0xED41,0xDCC2,0xE0E2,0xED42,0xED42,0xFDA1,0xFF48,
  0xFF6A,0xFF68,0xFF48,0xFF47,0xFE64,0xFE23,0xFF68,0xFF89,0xFF26,0xFF05,0xFF69,0xFFAB,0xFFF4,0xFFF9,0xFF8A,0xFF67,
  0xFF03,0xFF89,0xFF46,0xFE62,0xFDC2,0xF5A2,0x0000,0x0000,0x0000,0x0000,0x0000,0x0000,0x0000,0x0000,0x0000,0x0000,
  0x0000,0x0000,0x0000,0xFDC0,0x0000,0x0000,0x0000,0x0000,0xF9E0,0xF9C1,0xF9C1,0x0000,0xF582,0xFDC1,0xFE40,0xFEE4,
  0xFF66,0xFFFB,0xFFF8,0xFFF9,0xFFCA,0xFF88,0xFF49,0xFDE1,0xFF26,0xFF69,0xFF48,0xFF8A,0xFF89,0xFF69,0xFF47,0xFE02,
  0xFE42,0xFF48,0xFF6A,0xFEC4,0xFF26,0xFF27,0xFF27,0xFF48,0xFF06,0xFEE5,0xFE42,0xFF27,0xFF69,0xFF27,0xFF47,0xFDE1,
  0xFE22,0xFDC2,0xFDE1,0xFF07,0xFF47,0xFF48,0xFF8A,0xFFAB,0xFFCF,0xFF68,0xFF68,0xFFAB,0xFFF7,0xFFF7,0xFFCD,0xFFAA,
  0xFF68,0xFF8A,0xFFAA,0xFF89,0xFFAB,0xFF68,0xFF68,0xFF89,0xFFD2,0xFFAA,0xFFF9,0xFFF9,0xFF8A,0xFF89,0xFF68,0xFFAA,
  0xFFF7,0xFFAA,0xFF8A,0xFF68,0xFF68,0xFF69,0xFF47,0xFF47,0xFF48,0xFF89,0xFFA9,0xFFF9,0xFF8A,0xFEE5,0xFE63,0xFE22,
  0xFF26,0xFF8A,0xFF48,0xFF68,0xFF89,0xFF26,0xFF05,0xFF27,0xFF8B,0xFF68,0xFF27,0xFDE1,0xFE62,0xFF47,0xFF69,0xFF68,
  0xFFAB,0xFF48,0xFDC1,0xF9A2,0xE922,0xE922,0xFDC1,0xFDA2,0xFF29,0xFF47,0xFF48,0xFF69,0xFF27,0xFE21,0xFE02,0xFE01,
  0xFF69,0xFFAA,0xFF47,0xFF05,0xFF8B,0xFFF3,0xFFD4,0xFFF7,0xFF89,0xFF45,0xFE81,0xFEA1,0xFEA2,0xFF23,0xFE21,0xFDE1,
  0xFDA2,0xFDA2,0x0000,0x0000,0x0000,0x0000,0x0000,0x0000,0x0000,0x0000,0x0000,0x0000,0x0000,0x0000,0x0000,0x0000,
  0x0000,0x0000,0x0000,0x0000,0x0000,0xF9A2,0xF582,0xF9A2,0xFE21,0xFEC2,0xFF03,0xFFAA,0xFFFA,0xFFA9,0xFFAB,0xFFAC,
  0xFFAB,0xFEA4,0xFE22,0xFF47,0xFF26,0xFF27,0xFF68,0xFF06,0xFF06,0xFE84,0xF9A1,0xFEE5,0xFF69,0xFF28,0xFE43,0xFF27,
  0xFF27,0xFE22,0xFF26,0xFF69,0xFF27,0xFF06,0xFF27,0xFF8A,0xFF48,0xF982,0xED42,0xFDE1,0xF981,0xF582,0xFDE1,0xFF48,
  0xFF48,0xFFAB,0xFF8B,0xFF89,0xFFAC,0xFFAC,0xFF89,0xFF8A,0xFFAB,0xFFFA,0xFFAB,0xFF68,0xFF68,0xFF68,0xFF48,0xFFAA,
  0xFF8B,0xFFAB,0xFFA9,0xFFAB,0xFF89,0xFFAB,0xFFAA,0xFF8A,0xFF8A,0xFFFA,0xFF89,0xFFF7,0xFFAA,0xFFAE,0xFFB0,0xFF8A,
  0xFFF6,0xFF8A,0xFFAC,0xFFF8,0xFFAC,0xFFAB,0xFF8A,0xFF26,0xFF26,0xFF27,0xFF69,0xFF47,0xFF27,0xFF68,0xFF26,0xFE22,
  0xFF27,0xFF8A,0xFF48,0xFF27,0xFDC1,0xFEC5,0xFF27,0xFF68,0xFF8A,0xFFD6,0xFF89,0xFF69,0xFF47,0xF9A1,0xFDA2,0xFF68,
  0xFDC2,0xFF48,0xFF47,0xFF8A,0xFF69,0xFF47,0xFEA4,0xF9A1,0xFE23,0xFF26,0xFF89,0xFF68,0xFF47,0xFF69,0xFFF7,0xFFAB,
  0xFFF9,0xFFF5,0xFF24,0xFF04,0xFF25,0xFE41,0xFDC1,0xF9A2,0xFE00,0xFE41,0xFF44,0xFEE3,0xFDE1,0x0000,0x0000,0x0000,
  0x0000,0x0000,0x0000,0x0000,0x0000,0x0000,0x0000,0x0000,0x0000,0x0000,0x0000,0x0000,0x0000,0x0000,0x0000,0xF9A2,
  0xF5A2,0xFE00,0xFE41,0xFEC2,0xFF45,0xFFAA,0xFFF7,0xFFF8,0xFFCD,0xFFCD,0xFF89,0xFF47,0xFEA4,0xFF48,0xFF8A,0xFF47,
  0xFF69,0xFF27,0xFE02,0xFEC4,0xFE22,0xFF26,0xFF69,0xFF26,0xFF06,0xFF26,0xFE21,0xFE23,0xFEC5,0xFF27,0xFF48,0xFE42,
  0xFE62,0xFF26,0xFF69,0xFDA1,0xF960,0xE922,0xF9A1,0xE922,0xF581,0xFF69,0xFF48,0xFF68,0xFF8A,0xFFD4,0xFFAB,0xFFA8,
  0xFFD2,0xFFAB,0xFF47,0xFF8A,0xFFD1,0xFF67,0xFFAC,0xFF47,0xFF8B,0xFFA8,0xFFF8,0xFFF8,0xFFF7,0xFFF8,0xFF8A,0xFF67,
  0xFFD4,0xFFAC,0xFFF6,0xFFAA,0xFF69,0xFFAB,0xFFD0,0xFFD5,0xFFAD,0xFFCC,0xFFF6,0xFFD1,0xFFF7,0xFFF8,0xFFF8,0xFFFA,
  0xFFCD,0xFF8A,0xFF47,0xFF8A,0xFF8A,0xFF47,0xFF06,0xFF69,0xFF26,0xFEA4,0xFF27,0xFF69,0xFF27,0xFF48,0xFE22,0xFF26,
  0xFF69,0xFF47,0xFFAB,0xFFCE,0xFFC9,0xFF89,0xFF27,0xFF27,0xFF48,0xFF47,0xFE42,0xFF47,0xFF69,0xFF89,0xFF48,0xFF47,
  0xFF06,0xFDC1,0xFE41,0xFF47,0xFFAD,0xFF89,0xFF48,0xFF89,0xFFF4,0xFFCD,0xFFF8,0xFFF5,0xFF45,0xFEC2,0xFE41,0xFF23,
  0xFDC1,0xF582,0xF9A1,0xF9A1,0xFDE1,0xFF64,0xFF23,0xFDC2,0x0000,0x0000,0x0000,0x0000,0x0000,0x0000,0x0000,0x0000,
  0x0000,0x0000,0x0000,0x0000,0x0000,0x0000,0x0000,0x0000,0x0000,0x0000,0xF5A3,0xFDC1,0xFE01,0xFEC2,0xFF03,0xFF68,
  0xFFAA,0xFFF9,0xFFD3,0xFFF4,0xFFAB,0xFF8A,0xFF48,0xFF68,0xFF27,0xFF26,0xFF69,0xFF48,0xFF06,0xFEE6,0xFF47,0xFF48,
  0xFF27,0xFF27,0xFF27,0xFEA4,0xFEC5,0xFDA1,0xFE22,0xFF06,0xFF06,0xFE84,0xFE42,0xFE84,0xFF26,0xFF68,0xFF05,0xF981,
  0xF562,0xF581,0xF981,0xFE64,0xFF48,0xFF69,0xFF89,0xFFAD,0xFFF6,0xFFF2,0xFFAB,0xFF27,0xFEC4,0xFF27,0xFF48,0xFF8A,
  0xFF69,0xFF89,0xFF8B,0xFFD0,0xFFCE,0xFFAA,0xFFCD,0xFF8A,0xFF68,0xFFAB,0xFFCD,0xFFAD,0xFFAE,0xFF68,0xFF47,0xFFAC,
  0xFFAC,0xFFAB,0xFFCE,0xFFD4,0xFFD2,0xFFF7,0xFFF8,0xFFF8,0xFFAB,0xFF8A,0xFF68,0xFF27,0xFF48,0xFF47,0xFF05,0xFDE2,
  0xFEA4,0xFF26,0xFF27,0xFF48,0xFF27,0xFF06,0xFEA4,0xFEA5,0xFF47,0xFF47,0xFF27,0xFF47,0xFFD2,0xFFD2,0xFFAC,0xFF69,
  0xFF68,0xFF27,0xFF27,0xFEC5,0xFF48,0xFF47,0xFFAB,0xFF89,0xFF68,0xFF47,0xFE02,0xFEC6,0xFF26,0xFFAA,0xFFD1,0xFF26,
  0xFF8A,0xFFAD,0xFFA9,0xFFF8,0xFFF9,0xFF67,0xFEE4,0xFEE3,0xFDE1,0xF9A1,0xF582,0x0000,0x0000,0x0000,0x0000,0xFDA1,
  0x0000,0xFAC3,0xFE01,0x0000,0x0000,0x0000,0x0000,0x0000,0x0000,0x0000,0x0000,0x0000,0x0000,0x0000,0x0000,0x0000,
  0x0000,0x0000,0xFDC1,0x0000,0x0000,0xF162,0xFDC1,0xFE61,0xFEE3,0xFF47,0xFFAB,0xFFF9,0xFFF9,0xFFAB,0xFFF4,0xFF88,
  0xFFF7,0xFF69,0xFF26,0xFE43,0xFF27,0xFF69,0xFF48,0xFF27,0xFF68,0xFF69,0xFF69,0xFE63,0xFF26,0xFF69,0xFF27,0xFF27,
  0xFE02,0xFF06,0xFEC5,0xFDC1,0xFE62,0xFE43,0xFE22,0xFF06,0xFF8A,0xFF48,0xFF27,0xFF48,0xFF48,0xFF27,0xFF47,0xFF68,
  0xFF8A,0xFF89,0xFFAA,0xFFAD,0xFFAB,0xFF27,0xFE42,0xFE22,0xFE63,0xFF47,0xFF48,0xFF48,0xFF89,0xFFAC,0xFFF7,0xFFF8,
  0xFF8A,0xFF48,0xFF8A,0xFFAB,0xFFAC,0xFF89,0xFF89,0xFF68,0xFF8B,0xFFF6,0xFF8A,0xFF89,0xFFCD,0xFFF6,0xFFF7,0xFFF8,
  0xFFF8,0xFFAB,0xFFA9,0xFFD1,0xFF8A,0xFF48,0xFF27,0xFF47,0xFDA0,0xF161,0xFEC3,0xFEC5,0xFF27,0xFF27,0xFE63,0xFF27,
  0xFF27,0xFF68,0xFF69,0xFF47,0xFF26,0xFF8A,0xFFF7,0xFFAC,0xFF69,0xFF8A,0xFF8A,0xFF69,0xFE82,0xFE22,0xFF48,0xFF89,
  0xFFD1,0xFF8A,0xFF89,0xFF47,0xFE22,0xFF27,0xFF27,0xFFF7,0xFF88,0xFF27,0xFF8A,0xFFAB,0xFFF8,0xFFF8,0xFFAA,0xFF67,
  0xFEE3,0xFE62,0xFDA2,0xF9C2,0xF5A2,0xFDC0,0x0000,0x0000,0x0000,0x0000,0x0000,0x0000,0x0000,0x0000,0x0000,0x0000,
  0x0000,0x0000,0x0000,0x0000,0x0000,0x0000,0x0000,0x0000,0x0000,0x0000,0x0000,0x0000,0x0000,0x0000,0x0000,0xF562,
  0xFDE1,0xFF03,0xFF03,0xFF67,0xFFAB,0xFFF8,0xFFF9,0xFFAB,0xFFAB,0xFF89,0xFFAD,0xFF67,0xFF26,0xFE42,0xFE63,0xFF27,
  0xFF89,0xFF8A,0xFF8A,0xFF68,0xFF89,0xFF27,0xFEA4,0xFF27,0xFF8A,0xFF47,0xFF28,0xFF48,0xFF48,0xFEA5,0xFDE1,0xFF27,
  0xFF27,0xFE83,0xFF27,0xFF47,0xFF69,0xFF48,0xFF48,0xFF27,0xFF48,0xFF8A,0xFF48,0xFF69,0xFFCF,0xFF89,0xFF68,0xFF89,
  0xFF47,0xFE63,0xFEC5,0xFEA4,0xFEA3,0xFF69,0xFF89,0xFF48,0xFF8B,0xFFAE,0xFF68,0xFF89,0xFFAD,0xFF8A,0xFF68,0xFF68,
  0xFF47,0xFF8B,0xFFF6,0xFF8A,0xFF27,0xFF26,0xFF8B,0xFFAA,0xFFAA,0xFFF8,0xFFD5,0xFFAB,0xFFAC,0xFF8C,0xFF69,0xFF47,
  0xFEA4,0xF9A2,0xE941,0xF9C1,0xFA01,0xF581,0xFEE6,0xFE43,0xFF26,0xFF48,0xFF69,0xFF27,0xFF68,0xFF27,0xFF69,0xFFD2,
  0xFFAA,0xFF89,0xFF8A,0xFFAE,0xFF68,0xFF47,0xFEC6,0xFF26,0xFFAB,0xFFAF,0xFFD0,0xFFAB,0xFF8B,0xFF47,0xFEE5,0xFF47,
  0xFF69,0xFFD0,0xFF89,0xFF47,0xFF8A,0xFFAE,0xFFF8,0xFFF8,0xFF67,0xFF05,0xFEC3,0xFE82,0xFDE2,0xF5A1,0x0000,0x0000,
  0x0000,0x0000,0x0000,0x0000,0x0000,0x0000,0x0000,0x0000,0x0000,0x0000,0x0000,0x0000,0x0000,0x0000,0x0000,0x0000,
  0x0000,0x0000,0x0000,0x0000,0x0000,0x0000,0x0000,0x0000,0xF982,0xFE21,0xFF45,0xFEC2,0xFF45,0xFFF3,0xFF88,0xFFAB,
  0xFFF8,0xFFCD,0xFFF9,0xFF8A,0xFF88,0xFF68,0xFF69,0xFE84,0xF9A1,0xFF27,0xFF47,0xFF47,0xFF69,0xFF68,0xFF47,0xFF69,
  0xFF69,0xFF27,0xFF27,0xFF47,0xFF48,0xFF48,0xFF27,0xFF27,0xFF27,0xFF47,0xFF69,0xFF06,0xFE42,0xFF27,0xFF47,0xFF48,
  0xFE42,0xFF48,0xFF27,0xFF27,0xFF68,0xFF69,0xFF89,0xFF68,0xFF47,0xFF48,0xFF69,0xFF48,0xFF6A,0xFEA3,0xFF48,0xFF27,
  0xFF26,0xFF05,0xFF27,0xFF8A,0xFF48,0xFF48,0xFFD1,0xFF8A,0xFF47,0xFF47,0xFF8B,0xFFF7,0xFF89,0xFF27,0xFF48,0xFF47,
  0xFF68,0xFF69,0xFFF5,0xFFF6,0xFFD3,0xFFAD,0xFF89,0xFF8A,0xFF47,0xFF26,0xFEC4,0xF162,0xF562,0xFF84,0xF561,0xE502,
  0xF981,0xFF27,0xFF48,0xFF69,0xFF27,0xFE42,0xFF48,0xFF89,0xFFD3,0xFFAA,0xFF89,0xFF47,0xFF8A,0xFF8A,0xFF48,0xFF48,
  0xFF68,0xFFAA,0xFF89,0xFFA9,0xFFF5,0xFFF6,0xFF89,0xFF48,0xFF06,0xFF68,0xFFAC,0xFFAB,0xFF68,0xFF8A,0xFFF7,0xFFCB,
  0xFFF7,0xFFD2,0xFF66,0xFF47,0xFEA1,0xFF03,0xFE01,0xF9A2,0x0000,0x0000,0x0000,0x0000,0x0000,0x0000,0x0000,0x0000,
  0x0000,0x0000,0x0000,0x0000,0x0000,0x0000,0x0000,0x0000,0x0000,0x0000,0x0000,0x0000,0x0000,0x0000,0x0000,0x0000,
  0xF9C1,0xF9A2,0xFDE1,0xFE61,0xFEC2,0xFF48,0xFF89,0xFF46,0xFF24,0xFFA9,0xFFD0,0xFFF9,0xFFD1,0xFFAB,0xFF89,0xFF89,
  0xFF47,0xFF07,0xF981,0xFE02,0xFEE5,0xFF8A,0xFF69,0xFF27,0xFEA5,0xFF48,0xFF27,0xFF47,0xF981,0xFA42,0xFE83,0xF581,
  0xFA23,0xFF48,0xFF48,0xFF69,0xFF26,0xFF28,0xFF27,0xFE84,0xFF27,0xFE43,0xFE42,0xFEC4,0xFEC5,0xFF27,0xFEC6,0xFF48,
  0xFF47,0xFF69,0xFF8A,0xFF89,0xFF47,0xFF26,0xFEA4,0xFF26,0xFEE6,0xFF05,0xFE84,0xFEA4,0xFF48,0xFF47,0xFF6A,0xFF8A,
  0xFF69,0xFF89,0xFF69,0xFF88,0xFFD0,0xFF8A,0xFF69,0xFF05,0xFE42,0xFF26,0xFF47,0xFF47,0xFF68,0xFFAA,0xFFA9,0xFF67,
  0xFF68,0xFF48,0xFF27,0xFA83,0xFDA2,0xE922,0xF9A1,0xFE21,0xE921,0xE502,0xF162,0xFE85,0xFF89,0xFF48,0xFE83,0xFEA4,
  0xFF48,0xFF8A,0xFFD2,0xFFD0,0xFF47,0xFF27,0xFF27,0xFF48,0xFF47,0xFF68,0xFFAD,0xFF69,0xFF48,0xFF8A,0xFFAE,0xFFAB,
  0xFF68,0xFEC4,0xFF47,0xFFAB,0xFFCF,0xFFAD,0xFFAB,0xFFD5,0xFFAA,0xFFD2,0xFFF9,0xFFAA,0xFF66,0xFF03,0xFE81,0xFE21,
  0xFDE2,0xF9A2,0x0000,0x0000,0x0000,0x0000,0x0000,0x0000,0x0000,0x0000,0x0000,0x0000,0x0000,0x0000,0x0000,0x0000,
  0x0000,0x0000,0x0000,0x0000,0x0000,0x0000,0x0000,0x0000,0x0000,0x0000,0x0000,0xFE21,0xFDC1,0xFEA2,0xFF25,0xFF24,
  0xFEE3,0xFEE3,0xFEC3,0xFF67,0xFFAC,0xFFF9,0xFFF8,0xFFAE,0xFFAB,0xFF8B,0xFF8B,0xFF26,0xFDC1,0xF9A2,0xFE41,0xFF69,
  0xFFCE,0xFF69,0xFF27,0xFF27,0xFF48,0xF981,0xF981,0xE922,0xED21,0xE922,0xF5A2,0xFF69,0xFF47,0xFF27,0xFE21,0xFF27,
  0xFF69,0xFF48,0xFF27,0xFE42,0xFE02,0xFE02,0xFF27,0xFF27,0xFEA4,0xFE21,0xFF27,0xFF68,0xFF69,0xFFCF,0xFFAC,0xFF27,
  0xFEE5,0xFDE1,0xFE22,0xFF27,0xFF48,0xFF69,0xFF69,0xFF8B,0xFF68,0xFFAB,0xFF8A,0xFF48,0xFF48,0xFF89,0xFF89,0xFF47,
  0xFF47,0xFE43,0xF9C1,0xFE22,0xFF47,0xFF8A,0xFFAA,0xFFF8,0xFFAB,0xFF8B,0xFF48,0xFF48,0xFE01,0xF562,0xE522,0xF560,
  0xFDE1,0xF142,0xE522,0xE922,0xF981,0xFF27,0xFF68,0xFF47,0xFF27,0xFF27,0xFF8B,0xFFD2,0xFFF6,0xFF89,0xFF26,0xFEA5,
  0xFF27,0xFF26,0xFF68,0xFF8A,0xFF47,0xFF27,0xFF68,0xFF68,0xFFF6,0xFFAB,0xFF47,0xFF8A,0xFF89,0xFFAC,0xFFF7,0xFFAC,
  0xFF89,0xFFAB,0xFFCC,0xFFF8,0xFFF9,0xFFAC,0xFF66,0xFF05,0xFF04,0xFE81,0xFDA2,0xF983,0xF5A2,0xFDA1,0x0000,0x0000,
  0x0000,0x0000,0x0000,0x0000,0x0000,0x0000,0x0000,0x0000,0x0000,0x0000,0x0000,0x0000,0x0000,0x0000,0x0000,0x0000,
  0x0000,0x0000,0x0000,0x0000,0x0000,0xFE01,0xFA62,0xFB24,0xFEA2,0xFEA1,0xFE21,0xFEC2,0xFF03,0xFF67,0xFF46,0xFFD3,
  0xFFF8,0xFFD3,0xFFAB,0xFFD3,0xFF89,0xFF68,0xFE84,0xF9A2,0xFE22,0xFF48,0xFF8A,0xFF69,0xFF48,0xFEC5,0xFDC1,0xFDC1,
  0xED42,0xE902,0xE502,0xED41,0xE922,0xF981,0xFEE6,0xFF49,0xFF48,0xFF27,0xFF27,0xFF69,0xFF48,0xFE83,0xFE22,0xFDE1,
  0xFE22,0xFF47,0xFF27,0xFE63,0xFE43,0xFF27,0xFF48,0xFF69,0xFF68,0xFF8A,0xFF67,0xFEA4,0xFEC2,0xFF48,0xFF8C,0xFF8A,
  0xFF69,0xFF68,0xFEC4,0xFF47,0xFF28,0xFF48,0xFF8A,0xFF8A,0xFF8B,0xFF68,0xFF89,0xFF27,0xFE63,0xFF06,0xFF48,0xFF69,
  0xFFAD,0xFFF4,0xFFAE,0xFF69,0xFF48,0xFF27,0xFE63,0xF562,0xE922,0xFE81,0xFE61,0xE102,0xE101,0xF982,0xFF48,0xFF48,
  0xFF68,0xFF47,0xFEE5,0xFF26,0xFF8B,0xFBD1,0xFF8A,0xFF27,0xFE22,0xFE43,0xFF27,0xFF47,0xFF68,0xFF48,0xFEE6,0xFE63,
  0xFF69,0xFF89,0xFFAC,0xFF69,0xFF8A,0xFF68,0xFF68,0xFFF7,0xFFD1,0xFFAA,0xFF68,0xFFD2,0xFFF8,0xFFF7,0xFFAB,0xFFD3,
  0xFFAA,0xFF66,0xFEE3,0xFEE3,0xFE01,0xFDC2,0xF582,0x0000,0x0000,0x0000,0x0000,0x0000,0x0000,0x0000,0x0000,0x0000,
  0x0000,0x0000,0x0000,0x0000,0x0000,0x0000,0x0000,0x0000,0x0000,0x0000,0x0000,0x0000,0x0000,0xFDE1,0xFE01,0xFF44,
  0xFEA1,0xFE41,0xFDE2,0xFE00,0xF9A2,0xFDE2,0xFE81,0xFEA2,0xFF25,0xFF89,0xFFF5,0xFFF8,0xFFCF,0xFFAB,0xFFCF,0xFF88,
  0xFF26,0xFEA5,0xFE22,0xFF27,0xFF6A,0xFF69,0xFF47,0xFE64,0xF9C2,0xED41,0xE502,0xED22,0xE921,0xE0E2,0xE522,0xFE20,
  0xF561,0xFF69,0xFF48,0xFF69,0xFF07,0xFF48,0xFF69,0xFF27,0xFF27,0xFF06,0xFE22,0xFF27,0xFF68,0xFF47,0xFE02,0xFF06,
  0xFF48,0xFF69,0xFF89,0xFF89,0xFFF5,0xFFD2,0xFFAC,0xFFF7,0xFF68,0xFF69,0xFF27,0xFE41,0xFE42,0xFE42,0xFF27,0xFF69,
  0xFFAC,0xFFD1,0xFFAA,0xFFD1,0xFFAB,0xFF8B,0xFF68,0xFF69,0xFFAC,0xFFF7,0xFFF7,0xFFAC,0xFF8A,0xFF69,0xFF47,0xFF27,
  0xF9C2,0xFDA2,0xE522,0xF161,0xE102,0xF982,0xFF68,0xFF47,0xFF48,0xFF8B,0xFF47,0xFEA4,0xFF27,0xFF69,0xFFF6,0xFF8A,
  0xFF47,0xFEE5,0xFE23,0xFF48,0xFF8A,0xFF27,0xFF47,0xFF48,0xFE02,0xFF27,0xFF68,0xFF89,0xFF89,0xFF89,0xFF26,0xFF26,
  0xFF8B,0xFFF8,0xFFCE,0xFF89,0xFFAB,0xFFF9,0xFFF8,0xFFF5,0xFF47,0xFF67,0xFFAA,0xFFF3,0xFF66,0xFF24,0xFEC3,0xFE21,
  0xFDC1,0xF9A1,0x0000,0x0000,0x0000,0x0000,0x0000,0x0000,0x0000,0x0000,0x0000,0x0000,0x0000,0x0000,0x0000,0x0000,
  0x0000,0x0000,0x0000,0x0000,0x0000,0x0000,0x0000,0x0000,0xFEC2,0xFE41,0xF9E1,0xFDE1,0x0000,0x0000,0x0000,0xF981,
  0xFDE1,0xFE82,0xFF03,0xFF45,0xFFAA,0xFFF8,0xFFF9,0xFFAA,0xFFAD,0xFFD3,0xFF69,0xFF47,0xFE83,0xFF06,0xFF69,0xFF8B,
  0xFF69,0xFDA1,0xED41,0xE902,0xF161,0xE922,0xF981,0xF561,0xE0E2,0xE502,0xE942,0xF9A1,0xFEE6,0xFEC5,0xFF06,0xFF47,
  0xFF47,0xFF68,0xFF69,0xFF8A,0xFF47,0xFF47,0xFF68,0xFF27,0xFE63,0xFE62,0xFF07,0xFF27,0xFF68,0xFF68,0xFF68,0xFFAC,
  0xFF68,0xFF68,0xFF69,0xFF27,0xFE22,0xFF26,0xFDE1,0xFEA4,0xFF68,0xFF8A,0xFFAB,0xFFAB,0xFFF6,0xFF8A,0xFFF8,0xFFAC,
  0xFFF7,0xFFAB,0xFFD3,0xFFD4,0xFFD4,0xFF8A,0xFF48,0xFF06,0xFF27,0xFF26,0xFE42,0xFA22,0xF982,0xE922,0xED22,0xFE02,
  0xFF47,0xFF69,0xFFCE,0xFF68,0xFF26,0xFF05,0xFF47,0xFF8B,0xFF8A,0xFF69,0xFF48,0xFF05,0xFF27,0xFF68,0xFF48,0xFF27,
  0xFF07,0xFE02,0xFF48,0xFF47,0xFFAD,0xFFAB,0xFF69,0xFF47,0xFF06,0xFF69,0xFFAC,0xFFAB,0xFF8A,0xFFAD,0xFFAB,0xFFF8,
  0xFFF3,0xFF88,0xFF45,0xFF25,0xFF24,0xFF46,0xFFAE,0xFF67,0xFF03,0xFEA2,0xF9A1,0xF9C1,0x0000,0x0000,0xFE02,0x0000,
  0x0000,0x0000,0x0000,0x0000,0x0000,0x0000,0x0000,0x0000,0x0000,0x0000,0x0000,0x0000,0x0000,0x0000,0x0000,0x0000,
  0x0000,0xFF44,0x0000,0x0000,0x0000,0x0000,0x0000,0x0000,0x0000,0x0000,0xF582,0xFE21,0xFE41,0xFF45,0xFF45,0xFFAC,
  0xFFF8,0xFFD3,0xFFA9,0xFFAB,0xFF89,0xFF47,0xFFAC,0xFEC5,0xFF27,0xFFCF,0xFF68,0xFF48,0xFDC2,0xE922,0xD8E2,0xED22,
  0xF9C1,0xFE00,0xF161,0xE0E2,0xE0E2,0xE922,0xF9A2,0xF162,0xFE02,0xFF68,0xFF89,0xFF69,0xFF47,0xFF27,0xFF47,0xFF48,
  0xFF68,0xFF47,0xFE22,0xF9C1,0xFE63,0xFF27,0xFF47,0xFF48,0xFF48,0xFF47,0xFEC5,0xFF27,0xFF27,0xFF26,0xFE22,0xFE02,
  0xFE83,0xFF27,0xFF47,0xFF68,0xFFF4,0xFFF7,0xFFF8,0xFFF7,0xFFF7,0xFFF8,0xFFF7,0xFFF7,0xFFD0,0xFFAE,0xFF68,0xFF27,
  0xFF27,0xFE42,0xFEC4,0xFE43,0xFF26,0xFF47,0xFF07,0xF982,0xF9A1,0xFF47,0xFF89,0xFF89,0xFF68,0xFF26,0xFF8A,0xFF68,
  0xFF88,0xFFAB,0xFF8A,0xFF27,0xFF26,0xFF48,0xFFF4,0xFF48,0xFF27,0xFEC5,0xFE02,0xF981,0xFF27,0xFF69,0xFF67,0xFF68,
  0xFF47,0xFE22,0xFEA5,0xFFAB,0xFFF2,0xFF89,0xFF89,0xFFAC,0xFFF7,0xFFF7,0xFF88,0xFF66,0xFF24,0xFEC3,0xFF24,0xFE82,
  0xFEE2,0xFEE1,0xFF24,0xFFD1,0xFEC2,0xFE61,0xFDA1,0x0000,0x0000,0x0000,0x0000,0x0000,0x0000,0x0000,0x0000,0x0000,
  0x0000,0x0000,0x0000,0x0000,0x0000,0x0000,0x0000,0x0000,0x0000,0x0000,0x0000,0xFDE1,0x0000,0x0000,0x0000,0x0000,
  0x0000,0x0000,0x0000,0xF9A1,0xF581,0xFDC1,0xFE61,0xFEE3,0xFF46,0xFF67,0xFFF6,0xFFF9,0xFFAC,0xFFCB,0xFFAC,0xFF68,
  0xFF68,0xFF68,0xFF27,0xFF69,0xFFCF,0xFF48,0xFF06,0xF9A2,0xE502,0xDCC2,0xED42,0xFA02,0xED22,0xDCC2,0xE502,0xF161,
  0xED21,0xF162,0xF581,0xFF27,0xFF48,0xFF27,0xFF07,0xFE02,0xFF27,0xFF07,0xFF47,0xFF47,0xFF07,0xFE42,0xFE62,0xFF27,
  0xFF48,0xFF68,0xFF47,0xFF27,0xFF27,0xFE22,0xFF07,0xFF47,0xFF06,0xFF05,0xFF69,0xFF47,0xFF89,0xFFAC,0xFFF7,0xFFF7,
  0xFFD4,0xFFF6,0xFFF7,0xFFF5,0xFFAC,0xFFD2,0xFFAA,0xFF69,0xFF47,0xFF06,0xFE62,0xFEE5,0xFE22,0xFE42,0xFF27,0xFF47,
  0xFF68,0xFF69,0xFF48,0xFF69,0xFF8A,0xFF47,0xFF05,0xFF69,0xFF8A,0xFFF3,0xFF89,0xFF68,0xFF27,0xFE63,0xFF27,0xFF47,
  0xFF68,0xFF46,0xFE22,0xFE22,0xF981,0xFE01,0xFF27,0xFF68,0xFF69,0xFF68,0xFE43,0xFE01,0xFF69,0xFFF4,0xFFAB,0xFFD2,
  0xFFAA,0xFFF9,0xFFF8,0xFFD1,0xFF25,0xFF46,0xFEA2,0xFE21,0xFE82,0xFE82,0xFE22,0xFE01,0xFE41,0xFF03,0xFFAB,0xFEE2,
  0xFE01,0xFDA1,0x0000,0x0000,0x0000,0x0000,0x0000,0x0000,0x0000,0x0000,0x0000,0x0000,0x0000,0x0000,0x0000,0x0000,
  0x0000,0x0000,0x0000,0x0000,0x0000,0x0000,0x0000,0x0000,0x0000,0x0000,0x0000,0x0000,0xF9C0,0x0000,0x0000,0xF582,
  0xFE02,0xFF66,0xFEE3,0xFF45,0xFFA9,0xFFF9,0xFFF8,0xFFF5,0xFFF9,0xFFD1,0xFF47,0xFF69,0xFF6A,0xFF68,0xFF68,0xFF49,
  0xFF48,0xF982,0xFE22,0xED22,0xD8C2,0xED42,0xE0E2,0xE922,0xDCC3,0xF581,0xFEC2,0xE922,0xE942,0xF981,0xFF69,0xFF48,
  0xFE43,0xF582,0xF162,0xED62,0xFDA0,0xFF27,0xFF48,0xFE22,0xFF27,0xFF27,0xFEA4,0xFF06,0xFF06,0xFDE2,0xFE62,0xFF27,
  0xFF47,0xFF48,0xFF8A,0xFF8A,0xFF68,0xFF68,0xFF8B,0xFFAA,0xFFAA,0xFFAA,0xFF89,0xFF68,0xFF88,0xFF47,0xFF49,0xFF48,
  0xFF06,0xFEE5,0xFE21,0xFF06,0xFE63,0xFE42,0xFE83,0xFF26,0xFF68,0xFF68,0xFF69,0xFF27,0xFF47,0xFF69,0xFF48,0xFF48,
  0xFF69,0xFF27,0xFE83,0xFF27,0xFF69,0xFF26,0xFF06,0xFF26,0xFF8A,0xFF89,0xFF27,0xFF26,0xFF27,0xFDC1,0xFE02,0xFF27,
  0xFF27,0xFF8A,0xFF47,0xFE22,0xFEA4,0xFF6A,0xFFAF,0xFFAB,0xFFAB,0xFFAA,0xFFF6,0xFFF8,0xFFF8,0xFF47,0xFEE4,0xFEC2,
  0xFE41,0xFEC2,0xF9A2,0xF9A2,0xF582,0xFDC1,0xF9A2,0xFDC1,0xFE22,0xFE41,0xFF87,0xFEC2,0xFE01,0x0000,0x0000,0x0000,
  0x0000,0x0000,0x0000,0x0000,0x0000,0x0000,0x0000,0x0000,0x0000,0x0000,0x0000,0x0000,0x0000,0x0000,0x0000,0x0000,
  0x0000,0x0000,0x0000,0x0000,0x0000,0x0000,0x0000,0x0000,0xF981,0xFDE1,0xFE21,0xFE20,0xFEC2,0xFF04,0xFF66,0xFFF6,
  0xFFF7,0xFFF7,0xFFAB,0xFFAC,0xFF68,0xFF47,0xFFF3,0xFF69,0xFF26,0xFF69,0xFF27,0xFDE2,0xF162,0xE922,0xE922,0xE0E1,
  0xD8C2,0xD4C2,0xE102,0xE902,0xF581,0xF141,0xED42,0xFDA1,0xFDC1,0xFF47,0xFF48,0xFE43,0xE521,0xE922,0xF161,0xFE22,
  0xFF28,0xFE62,0xFE22,0xFF47,0xFF26,0xFF47,0xFE63,0xFDC2,0xFEC4,0xFF47,0xFF47,0xFF27,0xFFAC,0xFF69,0xFFF5,0xFFA9,
  0xFFAB,0xFFFA,0xFFAA,0xFF68,0xFF68,0xFF69,0xFF48,0xFF27,0xFEA2,0xFEE4,0xFEC4,0xFE42,0xFE42,0xFF06,0xFE42,0xFF27,
  0xFF47,0xFF48,0xFF47,0xFF47,0xFF69,0xFEC4,0xFF48,0xFF27,0xFF27,0xFF47,0xFF6A,0xFEA4,0xFEA3,0xFF06,0xFF47,0xFF68,
  0xFFCD,0xFF68,0xFF69,0xFF47,0xFF48,0xFEE5,0xFDE1,0xFE22,0xFF27,0xFF47,0xFF69,0xFF8A,0xFE42,0xFDC1,0xFF48,0xFF8A,
  0xFFCD,0xFF87,0xFFCE,0xFFF3,0xFFF8,0xFFF9,0xFF88,0xFF45,0xFF45,0xFE81,0xFE01,0xFDC2,0xFE60,0xF982,0xF582,0xF5A2,
  0x0000,0x0000,0xFDA1,0xFDC0,0xFE62,0xFF87,0xFEA2,0xFDC1,0x0000,0x0000,0x0000,0x0000,0x0000,0x0000,0x0000,0x0000,
  0x0000,0x0000,0x0000,0x0000,0x0000,0x0000,0x0000,0x0000,0x0000,0x0000,0x0000,0x0000,0x0000,0x0000,0x0000,0x0000,
  0x0000,0xFE01,0xFEE2,0xFDA1,0xFDA1,0xFE02,0xFEA2,0xFEC3,0xFF46,0xFF89,0xFFAC,0xFFF8,0xFFF9,0xFFD0,0xFF8C,0xFF47,
  0xFF05,0xFF8B,0xFF47,0xFE42,0xFF47,0xFF69,0xFDA2,0xF142,0xE922,0xF9C1,0xD8E2,0xD8C2,0xD8C2,0xDCE2,0xE502,0xF9A2,
  0xE922,0xF9C1,0xFF27,0xFF27,0xFF48,0xFDC2,0xF141,0xE0E2,0xE502,0xF162,0xFDE1,0xFF27,0xFF69,0xFF48,0xFF27,0xFF26,
  0xFF07,0xFE23,0xFEE6,0xFF48,0xFF69,0xFF48,0xFF26,0xFF47,0xFF8A,0xFFA9,0xFFAE,0xFFAC,0xFF47,0xFF47,0xFF48,0xFF27,
  0xFEC5,0xFF27,0xFF47,0xFF48,0xFF69,0xFF27,0xFF27,0xFF69,0xFF27,0xFF48,0xFF47,0xF9C1,0xF162,0xFE02,0xFF48,0xFF27,
  0xFDC1,0xF9C1,0xE922,0xF981,0xFF27,0xFF27,0xFF27,0xFF69,0xFFCF,0xFF48,0xFF47,0xFF47,0xFF47,0xFF8A,0xFF47,0xFF27,
  0xFF27,0xFF26,0xFF6A,0xFF69,0xFF47,0xFF47,0xFEC5,0xFF28,0xFFAC,0xFFAA,0xFF68,0xFFAC,0xFFD3,0xFFFA,0xFFF9,0xFF88,
  0xFF45,0xFEA2,0xFEE2,0xFE61,0xFEC3,0xFDE1,0xF581,0xF562,0x0000,0x0000,0x0000,0xF9A1,0x0000,0x0000,0x0000,0x0000,
  0xFDC0,0xFF66,0xFE41,0x0000,0x0000,0x0000,0x0000,0x0000,0x0000,0x0000,0x0000,0x0000,0x0000,0x0000,0x0000,0x0000,
  0x0000,0x0000,0x0000,0x0000,0x0000,0x0000,0x0000,0x0000,0x0000,0x0000,0xFE82,0xF601,0xFDA1,0x0000,0xF581,0xF982,
  0xFE61,0xFE82,0xFF04,0xFF45,0xFF8A,0xFFF8,0xFFF8,0xFFCC,0xFFF7,0xFF8A,0xFEE5,0xFF48,0xFF89,0xFF05,0xFEC6,0xFF69,
  0xFDC2,0xF982,0xED42,0xE102,0xE0E2,0xE522,0xD4C2,0xDCE2,0xE502,0xE922,0xED62,0xFE43,0xFF48,0xFF69,0xFF68,0xFF47,
  0xFDE2,0xF562,0xE502,0xED42,0xFDE2,0xFEE6,0xFF27,0xFF48,0xFF8A,0xFF47,0xFF06,0xFF06,0xFF48,0xFF27,0xFF27,0xFF27,
  0xFF26,0xFF68,0xFFAA,0xFFFA,0xFFAC,0xFF89,0xFF47,0xFF47,0xFF8B,0xFF67,0xFF48,0xFF69,0xFF8B,0xFF89,0xFF89,0xFF89,
  0xFF8A,0xFF47,0xFF48,0xFF06,0xFF48,0xFDC1,0xF162,0xF562,0xFDA0,0xFDC1,0xFDA1,0xE501,0xE902,0xF161,0xFDC2,0xFEE6,
  0xFF27,0xFF27,0xFF47,0xFF69,0xFF48,0xFF27,0xFF48,0xFF8A,0xFF27,0xFE43,0xFF27,0xFF89,0xFFCD,0xFF8A,0xFF47,0xFEE5,
  0xFF47,0xFF8A,0xFFF7,0xFFAC,0xFFAB,0xFFF9,0xFFD0,0xFFF8,0xFFAA,0xFF87,0xFF24,0xFF03,0xFE61,0xFE21,0xFDE1,0xFEC3,
  0xF581,0x0000,0x0000,0x0000,0x0000,0x0000,0xF9A0,0x0000,0x0000,0x0000,0x0000,0xFDE1,0xFF45,0xFE41,0x0000,0x0000,
  0x0000,0x0000,0x0000,0x0000,0x0000,0x0000,0x0000,0x0000,0x0000,0x0000,0x0000,0x0000,0x0000,0x0000,0x0000,0x0000,
  0x0000,0x0000,0x0000,0xFEA2,0x0000,0x0000,0x0000,0x0000,0x0000,0xF581,0xF582,0xFE21,0xFEE2,0xFEE3,0xFF46,0xFF67,
  0xFFF9,0xFFF8,0xFFAC,0xFFF5,0xFF8A,0xFF69,0xFF47,0xFF8A,0xFF27,0xFF27,0xFF27,0xFF47,0xFD81,0xF142,0xED42,0xF162,
  0xF562,0xE102,0xED41,0xDCE2,0xE502,0xF582,0xFF49,0xFF69,0xFF69,0xFF48,0xFF47,0xFF68,0xF982,0xF581,0xFDE1,0xFDE1,
  0xFF27,0xFF48,0xFF8B,0xFF69,0xFF69,0xFF47,0xFF27,0xFE42,0xFEA5,0xFF47,0xFF68,0xFFAC,0xFF47,0xFF47,0xFF47,0xFF47,
  0xFF8A,0xFF89,0xFFAB,0xFFCF,0xFFAB,0xFFD0,0xFF8A,0xFF89,0xFF89,0xFF68,0xFF47,0xFF47,0xFF27,0xF161,0xF581,0xE922,
  0xF562,0xFE61,0xFDC2,0xE922,0xED62,0xE0E2,0xFDE1,0xE501,0xE921,0xF9A2,0xFF48,0xFF69,0xFF27,0xFF28,0xF9A1,0xFEE5,
  0xFF69,0xFF48,0xFF27,0xFF69,0xFF8B,0xFFF6,0xFF89,0xFF68,0xFF69,0xFF47,0xFFAB,0xFFF8,0xFFAA,0xFFAA,0xFFAD,0xFFF8,
  0xFFF8,0xFFF6,0xFFAB,0xFF67,0xFF45,0xFEC2,0xFEA2,0xFE01,0xF982,0xF9A1,0x0000,0xFDE1,0x0000,0x0000,0x0000,0x0000,
  0x0000,0x0000,0xFE01,0x0000,0x0000,0x0000,0x0000,0x0000,0x0000,0x0000,0x0000,0x0000,0x0000,0x0000,0x0000,0x0000,
  0x0000,0x0000,0x0000,0x0000,0x0000,0x0000,0x0000,0x0000,0x0000,0x0000,0x0000,0x0000,0x0000,0x0000,0x0000,0x0000,
  0x0000,0x0000,0x0000,0x0000,0xF583,0xF9A1,0xFE40,0xFF25,0xFF46,0xFF66,0xFFAC,0xFFF8,0xFFF7,0xFFA9,0xFFF3,0xFFAB,
  0xFF89,0xFF48,0xFF69,0xFF26,0xFF8A,0xFF27,0xFE44,0xF981,0xF182,0xFF24,0xFDA1,0xED22,0xDCE2,0xED22,0xF581,0xF162,
  0xFDC1,0xFF47,0xFF8A,0xFF8A,0xFF89,0xFF48,0xFAA4,0xFDC1,0xFF48,0xFDE2,0xFF26,0xFF8A,0xFF48,0xFF47,0xFF68,0xFF8A,
  0xFF47,0xFEE5,0xFF47,0xFF48,0xFF89,0xFF8A,0xFF47,0xFF47,0xFF27,0xFF8A,0xFF68,0xFF68,0xFFAB,0xFFF8,0xFFF5,0xFF8A,
  0xFF68,0xFF48,0xFF8A,0xFF48,0xFF47,0xFF47,0xFDE1,0xFDC1,0xED42,0xF162,0xF9A1,0xFF43,0xFF23,0xF162,0xE902,0xED22,
  0xF181,0xE502,0xED21,0xF9C2,0xFF47,0xFF8A,0xFF47,0xFE02,0xFDE1,0xFF47,0xFF68,0xFF8A,0xFF68,0xFFCF,0xFFAC,0xFF68,
  0xFF89,0xFFAA,0xFF67,0xFF8A,0xFFF8,0xFFF5,0xFF8A,0xFFF4,0xFFF3,0xFFF9,0xFFF5,0xFFF3,0xFFFB,0xFFAA,0xFF24,0xFEE3,
  0xFE21,0xFE01,0xF562,0x0000,0x0000,0xF981,0x0000,0x0000,0x0000,0x0000,0x0000,0x0000,0x0000,0x0000,0x0000,0x0000,
  0x0000,0x0000,0x0000,0x0000,0x0000,0x0000,0x0000,0x0000,0x0000,0x0000,0x0000,0x0000,0x0000,0x0000,0x0000,0x0000,
  0x0000,0x0000,0x0000,0x0000,0x0000,0x0000,0x0000,0x0000,0x0000,0x0000,0x0000,0x0000,0x0000,0x0000,0xF582,0xF9C1,
  0xFE21,0xFEE4,0xFF04,0xFF25,0xFF89,0xFFA7,0xFFF9,0xFFFA,0xFFAA,0xFFA8,0xFFFA,0xFFAD,0xFF8A,0xFF07,0xFF26,0xFF48,
  0xFF69,0xFF69,0xFE02,0xFDC1,0xFF47,0xFF48,0xFDA2,0xE922,0xF9A2,0xFF89,0xFE02,0xFF28,0xFF48,0xFF27,0xFF27,0xFDE0,
  0xFF48,0xFF28,0xFF27,0xFF27,0xFF69,0xFF48,0xFE22,0xFDC1,0xFE22,0xFF27,0xFF8A,0xFF8A,0xFF69,0xFFF2,0xFF6A,0xFF27,
  0xFF6A,0xFF26,0xFE43,0xFF27,0xFF89,0xFFAD,0xFFF7,0xFFAA,0xFF68,0xFF48,0xFF6A,0xFF48,0xFF27,0xFF47,0xFF28,0xFDE2,
  0xF581,0xF142,0xE502,0xF141,0xFDE1,0xFDE1,0xFDC1,0xE922,0xDCE2,0xD8C2,0xF162,0xE4E2,0xF161,0xFE84,0xFF68,0xFF27,
  0xFE22,0xFF27,0xFF27,0xFF89,0xFF47,0xFF47,0xFF47,0xFF47,0xFF68,0xFFAB,0xFFCF,0xFFAC,0xFFAB,0xFFF9,0xFFCB,0xFF89,
  0xFFAB,0xFFF9,0xFFF8,0xFFA9,0xFF88,0xFF46,0xFF45,0xFFA9,0xFFF7,0xFF04,0xFEC2,0xFE01,0xF581,0xF5A2,0x0000,0x0000,
  0x0000,0x0000,0x0000,0x0000,0x0000,0x0000,0x0000,0xFDC1,0x0000,0x0000,0x0000,0x0000,0x0000,0x0000,0x0000,0x0000,
  0x0000,0x0000,0x0000,0x0000,0x0000,0x0000,0x0000,0x0000,0x0000,0x0000,0x0000,0x0000,0x0000,0x0000,0x0000,0x0000,
  0x0000,0x0000,0x0000,0x0000,0x0000,0x0000,0x0000,0xF5A1,0xF582,0xF9A2,0xFE01,0xFF25,0xFF24,0xFF67,0xFF88,0xFFD0,
  0xFFF8,0xFFF7,0xFFF7,0xFFAA,0xFFAC,0xFFF8,0xFFA9,0xFF67,0xFF26,0xFF27,0xFF8A,0xFF68,0xFF27,0xFE02,0xFF06,0xFF47,
  0xFF48,0xF581,0xF981,0xFDE1,0xFF47,0xFF27,0xFF68,0xFF27,0xFE01,0xF9A1,0xFDC1,0xFDE2,0xFF48,0xFF47,0xFF47,0xFF26,
  0xFF27,0xFE01,0xFE22,0xFF27,0xFF48,0xFF69,0xFFF3,0xFF68,0xFF27,0xFE42,0xFF68,0xFE62,0xFF06,0xFF26,0xFF89,0xFFF8,
  0xFFAB,0xFF48,0xFF48,0xFF8A,0xFF48,0xFF27,0xFEE5,0xFF27,0xFF48,0xFE02,0xF561,0xE502,0xE922,0xED21,0xED41,0xFE01,
  0xF141,0xD8C2,0xD8C2,0xE922,0xE502,0xED42,0xFDA1,0xFE85,0xFF68,0xFF26,0xFF27,0xFF47,0xFF68,0xFF68,0xFF8A,0xFF26,
  0xFF27,0xFF69,0xFF89,0xFFF8,0xFFA9,0xFF89,0xFFF8,0xFFF9,0xFFAA,0xFFCD,0xFFD2,0xFFF8,0xFFF5,0xFF88,0xFF46,0xFF04,
  0xFF24,0xFF45,0xFFAB,0xFF67,0xFF03,0xFE62,0xF9A1,0xF582,0x0000,0x0000,0xFDE1,0x0000,0x0000,0x0000,0x0000,0x0000,
  0x0000,0x0000,0x0000,0x0000,0x0000,0x0000,0x0000,0x0000,0x0000,0x0000,0x0000,0x0000,0x0000,0x0000,0x0000,0x0000,
  0x0000,0x0000,0x0000,0x0000,0x0000,0x0000,0x0000,0x0000,0x0000,0x0000,0x0000,0x0000,0x0000,0x0000,0x0000,0x0000,
  0x0000,0x0000,0xF9C2,0xFE02,0xFE61,0xFF25,0xFF45,0xFFAA,0xFFF6,0xFFA8,0xFFA9,0xFFA8,0xFFF8,0xFFF7,0xFFAB,0xFFAB,
  0xFFA9,0xFFF7,0xFF68,0xFF28,0xFF27,0xFF68,0xFF8B,0xFF69,0xFF26,0xFDE1,0xF981,0xFE02,0xFF47,0xF9E0,0xFF47,0xFF69,
  0xFF47,0xFF69,0xFF26,0xFE42,0xF9A2,0xF162,0xF561,0xF561,0xFDC3,0xFEC5,0xFF27,0xFF48,0xFF27,0xFF48,0xFF27,0xFF48,
  0xFF69,0xFF27,0xFE21,0xFE82,0xF9A1,0xFE22,0xFF06,0xFF89,0xFF88,0xFF89,0xFF48,0xFF48,0xFF89,0xFF27,0xFF27,0xFF07,
  0xFF27,0xFF26,0xFDE1,0xFD81,0xF162,0xE502,0xE0E2,0xDCE2,0xE502,0xE922,0xD8C2,0xE502,0xD8C2,0xE502,0xF562,0xF562,
  0xFF28,0xFF47,0xFF27,0xFF69,0xFF27,0xFF48,0xFF06,0xFF47,0xFF26,0xFF26,0xFF8C,0xFFD1,0xFFAA,0xFF67,0xFF68,0xFFA8,
  0xFFAB,0xFFAB,0xFFFA,0xFFF9,0xFFF9,0xFFAB,0xFF67,0xFF46,0xFEE3,0xFE81,0xFE81,0xFE82,0xFF04,0xFF46,0xFFAB,0xFF45,
  0xFE41,0xFE41,0xF9C1,0xF9A1,0x0000,0xFDC1,0x0000,0x0000,0x0000,0x0000,0x0000,0x0000,0x0000,0x0000,0x0000,0x0000,
  0x0000,0x0000,0x0000,0x0000,0x0000,0x0000,0x0000,0x0000,0x0000,0x0000,0x0000,0x0000,0x0000,0x0000,0x0000,0x0000,
  0x0000,0x0000,0x0000,0x0000,0x0000,0x0000,0x0000,0x0000,0x0000,0xFE01,0x0000,0xF581,0xF582,0xFDC2,0xFE01,0xFF45,
  0xFF88,0xFFF3,0xFF8A,0xFF67,0xFF67,0xFF68,0xFFF7,0xFFF8,0xFFF9,0xFFAB,0xFF88,0xFFF8,0xFFAB,0xFF68,0xFEE5,0xFF67,
  0xFFAE,0xFF68,0xFF68,0xFF27,0xFDE2,0xFDE2,0xFE01,0xFF27,0xFF27,0xFF69,0xFF47,0xFF06,0xFF27,0xFE02,0xF9C1,0xF582,
  0xFDC1,0xFDE2,0xF961,0xFDC1,0xFF47,0xFEE6,0xFF69,0xFF47,0xFF47,0xFF8A,0xFF69,0xFF48,0xFE42,0xFDE1,0xFF06,0xFF06,
  0xFF26,0xFF47,0xFF68,0xFF8A,0xFF8A,0xFF48,0xFF68,0xFE22,0xFF47,0xFF69,0xFF27,0xFE22,0xFE02,0xFF25,0xF962,0xF161,
  0xE502,0xE0E2,0xE4E2,0xD8E2,0xD8C2,0xE942,0xE502,0xF141,0xF961,0xFDE2,0xFF47,0xFF68,0xFF27,0xFF47,0xFE01,0xFE22,
  0xFF26,0xFF48,0xFF26,0xFF69,0xFFF6,0xFFD1,0xFF8A,0xFF47,0xFFAB,0xFFAB,0xFFAA,0xFFF8,0xFFF8,0xFFF9,0xFFCD,0xFF88,
  0xFF26,0xFEC2,0xFEC2,0xFE81,0xFE41,0xFE41,0xFE61,0xFF03,0xFF45,0xFFF2,0xFE82,0xFDE2,0xF9A1,0x0000,0x0000,0x0000,
  0x0000,0x0000,0x0000,0x0000,0x0000,0x0000,0x0000,0x0000,0x0000,0x0000,0x0000,0x0000,0x0000,0x0000,0x0000,0x0000,
  0x0000,0x0000,0x0000,0x0000,0x0000,0x0000,0x0000,0x0000,0x0000,0x0000,0x0000,0x0000,0x0000,0x0000,0x0000,0x0000,
  0x0000,0x0000,0x0000,0x0000,0x0000,0x0000,0xF982,0xFE21,0xFEE2,0xFF46,0xFF88,0xFFA9,0xFF45,0xFF45,0xFF46,0xFF46,
  0xFF87,0xFFD3,0xFFF8,0xFFCD,0xFFAD,0xFFAB,0xFFF6,0xFFAC,0xFF47,0xFEE5,0xFF68,0xFFCE,0xFF8B,0xFF48,0xFF47,0xF9C1,
  0xFE43,0xFF27,0xFF48,0xFF27,0xFEC6,0xFEE6,0xFF47,0xFF48,0xFA01,0xF581,0xFE02,0xFF65,0xFDE0,0xF581,0xFDE2,0xFF06,
  0xFF06,0xFF69,0xFF68,0xFF69,0xFF27,0xFF05,0xFEC5,0xFEE5,0xFF27,0xFF8A,0xFF8A,0xFF89,0xFF8A,0xFFAD,0xFFAC,0xFF47,
  0xFF06,0xFF27,0xFF68,0xFF68,0xFF26,0xFE84,0xFEE5,0xFA01,0xFE22,0xF581,0xE921,0xE502,0xDCC2,0xE922,0xE922,0xF580,
  0xED42,0xF9C2,0xFE43,0xFF47,0xFF68,0xFF47,0xFEC4,0xFE02,0xF9C1,0xFA62,0xFF48,0xFF27,0xFF6A,0xFFAC,0xFFD1,0xFF89,
  0xFF47,0xFF8A,0xFFAE,0xFFF6,0xFFF7,0xFFF6,0xFFF9,0xFFD5,0xFF87,0xFF25,0xFEE3,0xFEC2,0xFE21,0xFEA2,0xFDE1,0xF982,
  0xFE01,0xFE21,0xFEC2,0xFF03,0xFF24,0xFE81,0xFDC1,0x0000,0x0000,0x0000,0x0000,0x0000,0x0000,0x0000,0x0000,0x0000,
  0x0000,0x0000,0x0000,0x0000,0x0000,0x0000,0x0000,0x0000,0x0000,0x0000,0x0000,0x0000,0x0000,0x0000,0x0000,0x0000,
  0x0000,0x0000,0x0000,0x0000,0x0000,0x0000,0x0000,0x0000,0x0000,0x0000,0x0000,0x0000,0x0000,0x0000,0xF9A1,0xF582,
  0xFDC1,0xFEA1,0xFF44,0xFFF2,0xFF66,0xFF04,0xFEC2,0xFEE2,0xFEC2,0xFF25,0xFF66,0xFF89,0xFFA9,0xFFF8,0xFFF8,0xFFAB,
  0xFFAA,0xFFF7,0xFFD0,0xFF89,0xFF05,0xFF06,0xFF8A,0xFFAD,0xFF47,0xFF48,0xFF26,0xFF69,0xFF27,0xFF27,0xFF07,0xFE02,
  0xFEC5,0xFF48,0xFF47,0xFEE6,0xFDA1,0xFE01,0xFDE1,0xF9A2,0xED43,0xFDE1,0xFEE6,0xFF27,0xFF8A,0xFF26,0xFE42,0xFF26,
  0xFF69,0xFF8B,0xFFFA,0xFFCC,0xFF8A,0xFF8A,0xFFF9,0xFFF4,0xFF69,0xFF47,0xFF26,0xFF69,0xFF06,0xFF27,0xFF48,0xFF27,
  0xFF48,0xFF27,0xFEE6,0xFDC1,0xF162,0xF142,0xE522,0xF582,0xF981,0xF982,0xFDC1,0xFF47,0xFF47,0xFF69,0xFF27,0xFE84,
  0xFDC1,0xFE01,0xFF48,0xFF69,0xFF06,0xFF6A,0xFFF7,0xFFD2,0xFF89,0xFF47,0xFFAB,0xFFAC,0xFFCA,0xFFF7,0xFFF8,0xFFF8,
  0xFFA8,0xFF88,0xFF25,0xFEC2,0xFEA2,0xFDE1,0xFDA2,0xFE01,0xF582,0x0000,0xF981,0xFDC2,0xFDC1,0xFE61,0xFEE3,0xFF88,
  0xFE41,0x0000,0x0000,0x0000,0x0000,0x0000,0x0000,0x0000,0x0000,0x0000,0x0000,0x0000,0x0000,0x0000,0x0000,0x0000,
  0x0000,0x0000,0x0000,0x0000,0x0000,0x0000,0x0000,0x0000,0x0000,0x0000,0x0000,0x0000,0x0000,0x0000,0x0000,0x0000,
  0x0000,0x0000,0x0000,0x0000,0x0000,0x0000,0x0000,0x0000,0x0000,0xFDC1,0xFEA1,0xFEE4,0xFFAA,0xFF04,0xFF04,0xFEC3,
  0xFE22,0xFE41,0xFE41,0xFEC3,0xFF45,0xFF46,0xFF67,0xFFD2,0xFFF8,0xFFF9,0xFFAA,0xFFAB,0xFFF5,0xFFAB,0xFF68,0xFEA4,
  0xFEC5,0xFF48,0xFF69,0xFF27,0xFEE6,0xFEE6,0xFF68,0xFF69,0xFF27,0xFE01,0xFE02,0xFF47,0xFF69,0xFF27,0xFE63,0xFDE1,
  0xFDC1,0xF582,0xF161,0xF9C2,0xFE01,0xFF27,0xFF47,0xFF26,0xFF26,0xFF48,0xFF69,0xFF8A,0xFFAA,0xFF8A,0xFF68,0xFF89,
  0xFFCD,0xFFAB,0xFF47,0xFF47,0xFF69,0xFF06,0xFE22,0xFF26,0xFF69,0xFF48,0xFF68,0xFF07,0xFE42,0xFE22,0xF9E2,0xFE41,
  0xF582,0xFA22,0xFF48,0xF9E2,0xFF48,0xFF48,0xFF89,0xFF48,0xFF06,0xFEA4,0xFF06,0xFF27,0xFF48,0xFF47,0xFF8A,0xFFD1,
  0xFFD4,0xFFAA,0xFF68,0xFF8A,0xFFAE,0xFFF6,0xFFF7,0xFFF8,0xFFF8,0xFFF5,0xFF67,0xFF25,0xFF26,0xFF03,0xFE41,0xF9C1,
  0xF9A2,0xF9A1,0xF9A2,0x0000,0x0000,0x0000,0xF9A1,0xFE01,0xFE81,0xFEC3,0xFF04,0xFE22,0x0000,0x0000,0x0000,0x0000,
  0x0000,0x0000,0x0000,0x0000,0x0000,0x0000,0x0000,0x0000,0x0000,0x0000,0x0000,0x0000,0x0000,0x0000,0x0000,0x0000,
  0x0000,0x0000,0x0000,0x0000,0x0000,0x0000,0x0000,0x0000,0x0000,0x0000,0x0000,0x0000,0x0000,0x0000,0x0000,0x0000,
  0x0000,0x0000,0xFDA1,0xFE61,0xFF02,0xFFAA,0xFF23,0xFE61,0xFDC2,0xFE01,0xF582,0xF9A2,0xFDC1,0xFDE2,0xFE62,0xFEA2,
  0xFF45,0xFF46,0xFFAA,0xFFF8,0xFFF9,0xFFAD,0xFFAB,0xFFF7,0xFFD2,0xFFCF,0xFF89,0xFF47,0xFF8A,0xFF47,0xFF06,0xFDC1,
  0xFE42,0xFF27,0xFF6A,0xFF47,0xFF05,0xFF26,0xFF69,0xFF48,0xFF47,0xFF27,0xFF27,0xFE22,0xFDE2,0xFF27,0xFEE5,0xFF28,
  0xFF27,0xFF47,0xFF26,0xFE42,0xFF48,0xFF47,0xFF69,0xFFF5,0xFFD2,0xFF8A,0xFF47,0xFF27,0xFF8A,0xFF48,0xFF27,0xFDA1,
  0xFE42,0xFEC4,0xFEE5,0xFF68,0xFF48,0xFF26,0xFF27,0xFF47,0xFF46,0xFE03,0xFF47,0xFF47,0xFF48,0xFF68,0xFF8B,0xFF48,
  0xFF69,0xFF27,0xFE83,0xFF26,0xFEA4,0xFE62,0xFF69,0xFFAA,0xFFCB,0xFFAC,0xFF47,0xFF89,0xFFAA,0xFFD1,0xFFAD,0xFFF7,
  0xFFF8,0xFFF9,0xFFAA,0xFFA9,0xFFAA,0xFF88,0xFEE3,0xFE82,0xFE02,0xFDC1,0xF582,0x0000,0x0000,0xF981,0x0000,0x0000,
  0x0000,0xF9E1,0xFA01,0xFE21,0xFEA2,0xFF66,0xFE41,0x0000,0xF5E0,0x0000,0x0000,0x0000,0x0000,0x0000,0x0000,0x0000,
  0x0000,0x0000,0x0000,0x0000,0x0000,0x0000,0x0000,0x0000,0x0000,0x0000,0x0000,0x0000,0x0000,0x0000,0x0000,0x0000,
  0x0000,0x0000,0x0000,0x0000,0x0000,0x0000,0x0000,0x0000,0x0000,0x0000,0xFA01,0x0000,0xFA01,0xFF04,0xFFCE,0xFEE3,
  0xFE62,0xFDE2,0xF9E1,0xF9A2,0x0000,0xF9A2,0xF5A1,0xF9A2,0xFDE2,0xFE82,0xFEE3,0xFF68,0xFF66,0xFF89,0xFFF8,0xFFF8,
  0xFFCE,0xFFAB,0xFFF4,0xFFF7,0xFFAD,0xFFAA,0xFFF7,0xFF89,0xFF89,0xFA43,0xFE43,0xFF26,0xFF48,0xFF89,0xFF8B,0xFF48,
  0xFF27,0xFF48,0xFF48,0xFF47,0xFF69,0xFF27,0xFF48,0xFF69,0xFF27,0xFF06,0xFE01,0xFF06,0xFE02,0xFDE2,0xFE02,0xFF07,
  0xFF68,0xFF89,0xFF88,0xFF89,0xFF47,0xFF47,0xFF69,0xFF28,0xFE63,0xFE42,0xFDC1,0xFE22,0xFF26,0xFF69,0xFF68,0xFF68,
  0xFF69,0xFF89,0xFF68,0xFF68,0xFF48,0xFF68,0xFF68,0xFFAB,0xFF69,0xFF48,0xFF27,0xFF06,0xFF27,0xFEE4,0xFEC4,0xFF68,
  0xFFD1,0xFFAB,0xFF46,0xFF48,0xFF8A,0xFFAE,0xFFF2,0xFFD1,0xFFF8,0xFFF8,0xFFF4,0xFF89,0xFF45,0xFF87,0xFFCF,0xFF8A,
  0xFF25,0xFEA2,0xFDE1,0xF582,0xF582,0x0000,0x0000,0xFDE1,0xFA01,0x0000,0x0000,0xF5C1,0x0000,0x0000,0xFE01,0xFEA2,
  0xFF03,0xFF24,0xFE61,0x0000,0x0000,0x0000,0x0000,0x0000,0x0000,0x0000,0x0000,0x0000,0x0000,0x0000,0x0000,0x0000,
  0x0000,0x0000,0x0000,0x0000,0x0000,0x0000,0x0000,0x0000,0x0000,0x0000,0x0000,0x0000,0x0000,0x0000,0x0000,0x0000,
  0x0000,0x0000,0x0000,0x0000,0x0000,0x0000,0xFEC2,0xFF44,0xFEA2,0xFDE1,0xFDA1,0x0000,0x0000,0x0000,0x0000,0x0000,
  0x0000,0x0000,0xF9C2,0xFE02,0xFF03,0xFEA2,0xFEC2,0xFF24,0xFF89,0xFFF8,0xFFF8,0xFFF9,0xFFAC,0xFFCB,0xFFCB,0xFFF7,
  0xFFAC,0xFFCE,0xFF8A,0xFF69,0xFF68,0xFF26,0xFF27,0xFF8A,0xFF8A,0xFFFB,0xFF88,0xFF47,0xFF69,0xFF69,0xFF47,0xFF69,
  0xFF48,0xFF27,0xFF27,0xFF28,0xFDE1,0xF982,0xFE02,0xFE82,0xF981,0xF980,0xFF47,0xFF47,0xFF69,0xFF47,0xFF8A,0xFF89,
  0xFF8A,0xFF06,0xFE22,0xFF27,0xFF69,0xFF47,0xFF26,0xFF8A,0xFF89,0xFF47,0xFF47,0xFF8A,0xFF68,0xFF47,0xFF47,0xFF69,
  0xFFD0,0xFF47,0xFF48,0xFE22,0xFE22,0xFF47,0xFF8A,0xFF8A,0xFFFA,0xFF8A,0xFF26,0xFE83,0xFF47,0xFF8A,0xFFF8,0xFFAA,
  0xFFF7,0xFFF8,0xFFF7,0xFFA9,0xFF46,0xFF46,0xFF46,0xFEC2,0xFF24,0xFF65,0xFFAC,0xFF44,0xFE61,0xF584,0xF5A2,0x0000,
  0x0000,0x0000,0x0000,0x0000,0x0000,0x0000,0x0000,0x0000,0x0000,0x0000,0x0000,0x0000,0x0000,0x0000,0x0000,0x0000,
  0x0000,0x0000,0x0000,0x0000,0x0000,0x0000,0x0000,0x0000,0x0000,0x0000,0x0000,0x0000,0x0000,0x0000,0x0000,0x0000,
  0x0000,0x0000,0x0000,0x0000,0x0000,0x0000,0x0000,0x0000,0x0000,0x0000,0x0000,0x0000,0x0000,0x0000,0x0000,0xF641,
  0xFFCA,0xFE41,0xF9E2,0x0000,0x0000,0x0000,0x0000,0x0000,0x0000,0x0000,0x0000,0x0000,0x0000,0xFDE2,0xFF23,0xFE21,
  0xFEA2,0xFEE2,0xFF46,0xFF89,0xFFF7,0xFFF9,0xFFF8,0xFFAB,0xFFA9,0xFFAD,0xFFF5,0xFFF7,0xFFF7,0xFFAA,0xFF68,0xFF69,
  0xFF69,0xFF47,0xFF68,0xFF68,0xFF8A,0xFFCD,0xFF48,0xFF69,0xFF48,0xFF69,0xFF6A,0xFF27,0xFE22,0xFEC5,0xF9C0,0xED21,
  0xED22,0xF161,0xF9C1,0xFE22,0xFDE2,0xFF27,0xFF47,0xFF8B,0xFF67,0xFF68,0xFF69,0xFF68,0xFF27,0xFF26,0xFF26,0xFF26,
  0xFE83,0xFF47,0xFF48,0xFF26,0xFF48,0xFF48,0xFEC4,0xFF26,0xFF69,0xFFAC,0xFF69,0xFF47,0xFE42,0xFE21,0xFF26,0xFF68,
  0xFFAA,0xFFD0,0xFFAA,0xFF67,0xFF05,0xFF46,0xFF8B,0xFFCF,0xFFD1,0xFFF8,0xFFF8,0xFFF7,0xFFA9,0xFF46,0xFF25,0xFF25,
  0xFEC2,0xFE61,0xFEE3,0xFEE2,0xFFF1,0xFF46,0xFE62,0xFDE1,0xF582,0x0000,0x0000,0x0000,0x0000,0x0000,0x0000,0x0000,
  0x0000,0x0000,0x0000,0x0000,0x0000,0x0000,0x0000,0x0000,0x0000,0x0000,0x0000,0x0000,0x0000,0x0000,0x0000,0x0000,
  0x0000,0x0000,0x0000,0x0000,0x0000,0x0000,0x0000,0x0000,0x0000,0x0000,0x0000,0x0000,0x0000,0x0000,0x0000,0x0000,
  0x0000,0x0000,0x0000,0x0000,0x0000,0x0000,0x0000,0x0000,0x0000,0xFEE3,0x0000,0x0000,0x0000,0xFA02,0x0000,0x0000,
  0x0000,0x0000,0x0000,0x0000,0xFE01,0x0000,0xF162,0xF9C2,0xF9A2,0xFDC2,0xFE01,0xFE21,0xFF25,0xFF67,0xFF67,0xFFCC,
  0xFFF8,0xFFF8,0xFFF8,0xFFFA,0xFFAB,0xFFAB,0xFFF7,0xFFF8,0xFFF9,0xFFCF,0xFF8A,0xFFAA,0xFF89,0xFF47,0xFF26,0xFE43,
  0xFDE2,0xFE23,0xFF26,0xFF68,0xFFF5,0xFF6A,0xFF26,0xFE42,0xFE02,0xF5A2,0xE942,0xE102,0xF562,0xF561,0xFF48,0xFF69,
  0xFE63,0xFF47,0xFFAC,0xFF8B,0xFFF8,0xFF68,0xFF26,0xFE22,0xFF26,0xFF27,0xFF69,0xFF06,0xFE82,0xFF48,0xFF06,0xFF05,
  0xFF47,0xFFF3,0xFFAE,0xFF26,0xFEA4,0xFE42,0xFEA4,0xFF46,0xFF8A,0xFFAF,0xFFAC,0xFFB0,0xFFF9,0xFFAB,0xFFAB,0xFFAC,
  0xFFF8,0xFFF8,0xFFF8,0xFFF8,0xFFA9,0xFF67,0xFF25,0xFF89,0xFEA2,0xFE82,0xFE61,0xFE41,0xFDC1,0xFE41,0xFEA2,0xFF66,
  0xFF04,0xFE61,0xF9A1,0xFDC1,0x0000,0x0000,0x0000,0x0000,0x0000,0x0000,0x0000,0x0000,0x0000,0x0000,0x0000,0x0000,
  0x0000,0x0000,0x0000,0x0000,0x0000,0x0000,0x0000,0x0000,0x0000,0x0000,0x0000,0x0000,0x0000,0x0000,0x0000,0x0000,
  0x0000,0x0000,0x0000,0x0000,0x0000,0x0000,0x0000,0x0000,0x0000,0x0000,0x0000,0x0000,0x0000,0x0000,0x0000,0x0000,
  0x0000,0x0000,0xFE61,0x0000,0x0000,0x0000,0x0000,0x0000,0x0000,0x0000,0x0000,0x0000,0x0000,0xFF03,0x0000,0x0000,
  0x0000,0xF582,0xF582,0xFDC1,0xFDC1,0xFEC3,0xFEE3,0xFF68,0xFF67,0xFFAC,0xFFD0,0xFFF9,0xFFF8,0xFFF8,0xFFF9,0xFFF5,
  0xFFA8,0xFFCA,0xFFF8,0xFFAE,0xFF8A,0xFFF5,0xFF8A,0xFF69,0xFF48,0xFF06,0xFDE2,0xFDE2,0xFE21,0xFF47,0xFF48,0xFF69,
  0xFF69,0xFF27,0xFDE1,0xF5A1,0xF581,0xED41,0xF561,0xFDC1,0xFDE1,0xFF27,0xFF48,0xFF47,0xFF8B,0xFF8B,0xFF88,0xFF68,
  0xFF8B,0xFEE5,0xFF48,0xFF69,0xFF68,0xFF26,0xFF26,0xFF47,0xFF47,0xFF47,0xFFAC,0xFF8A,0xFF68,0xFF26,0xFF26,0xFF05,
  0xFF47,0xFF8B,0xFFF8,0xFFF6,0xFFAB,0xFFD0,0xFFAB,0xFF87,0xFFCD,0xFFF9,0xFFF8,0xFFF8,0xFFF8,0xFFAA,0xFF88,0xFF66,
  0xFEE3,0xFF04,0xFE61,0xFE01,0xFE01,0xFDC1,0xF582,0xFDC1,0xFE42,0xFEE3,0xFF66,0xFE61,0xFDC1,0x0000,0xFE21,0x0000,
  0x0000,0x0000,0x0000,0x0000,0x0000,0x0000,0x0000,0x0000,0x0000,0x0000,0x0000,0x0000,0x0000,0x0000,0x0000,0x0000,
  0x0000,0x0000,0x0000,0x0000,0x0000,0x0000,0x0000,0x0000,0x0000,0x0000,0x0000,0x0000,0x0000,0x0000,0x0000,0x0000,
  0x0000,0x0000,0x0000,0x0000,0x0000,0x0000,0x0000,0x0000,0x0000,0x0000,0x0000,0x0000,0x0000,0x0000,0x0000,0x0000,
  0x0000,0x0000,0x0000,0x0000,0x0000,0x0000,0xFE21,0x0000,0x0000,0x0000,0xF581,0x0000,0x0000,0xF582,0xF583,0xFDC2,
  0xFEE2,0xFF03,0xFF68,0xFFF9,0xFFCC,0xFF67,0xFF66,0xFFA9,0xFFF8,0xFFF8,0xFFF8,0xFFF8,0xFFAB,0xFFAB,0xFF8A,0xFF68,
  0xFFAD,0xFFFB,0xFFAB,0xFF89,0xFF26,0xFEA3,0xFE83,0xFDE2,0xFE22,0xFF27,0xFF47,0xFF48,0xFF27,0xFF26,0xFF68,0xFDE2,
  0xFDE1,0xFEE4,0xFF68,0xFF69,0xFF26,0xFF48,0xFFAB,0xFF8A,0xFF69,0xFFD0,0xFF89,0xFFF6,0xFFF8,0xFF8A,0xFFAB,0xFF47,
  0xFF68,0xFF8B,0xFFAC,0xFFCD,0xFF8A,0xFF68,0xFF47,0xFFAC,0xFFCE,0xFF68,0xFFAC,0xFFAA,0xFFAB,0xFFAA,0xFF89,0xFFAB,
  0xFFD1,0xFFF9,0xFFF8,0xFFF9,0xFFF8,0xFF87,0xFF45,0xFF46,0xFEC3,0xFEE3,0xFE81,0xFDE1,0xFE82,0xFDC1,0xF582,0xF581,
  0x0000,0xF5A2,0xF582,0xFDC1,0xFEC3,0xFFA9,0xFE62,0x0000,0xFA02,0x0000,0x0000,0x0000,0x0000,0x0000,0x0000,0x0000,
  0x0000,0x0000,0x0000,0x0000,0x0000,0x0000,0x0000,0x0000,0x0000,0x0000,0x0000,0x0000,0x0000,0x0000,0x0000,0x0000,
  0x0000,0x0000,0x0000,0x0000,0x0000,0x0000,0x0000,0x0000,0x0000,0x0000,0x0000,0x0000,0x0000,0x0000,0x0000,0x0000,
  0x0000,0x0000,0x0000,0x0000,0x0000,0x0000,0x0000,0x0000,0x0000,0x0000,0x0000,0x0000,0x0000,0x0000,0x0000,0x0000,
  0x0000,0x0000,0x0000,0x0000,0x0000,0x0000,0x0000,0x0000,0xF9A1,0xFE01,0xFEA2,0xFF25,0xFFAB,0xFFAB,0xFF88,0xFF67,
  0xFF25,0xFF88,0xFF89,0xFFF8,0xFFF8,0xFFF8,0xFFF8,0xFFA9,0xFFAD,0xFF8A,0xFF68,0xFFAA,0xFFF7,0xFFAC,0xFF88,0xFF48,
  0xFF48,0xFE63,0xFF27,0xFF07,0xFF69,0xFF69,0xFF48,0xFF8A,0xFF48,0xFF47,0xFF47,0xFF47,0xFF68,0xFF89,0xFF25,0xFF8B,
  0xFFAC,0xFF68,0xFF48,0xFF27,0xFF8A,0xFFF5,0xFFF6,0xFFF5,0xFF67,0xFF47,0xFFAA,0xFFF6,0xFFCD,0xFF69,0xFF48,0xFF47,
  0xFF68,0xFF68,0xFF68,0xFF88,0xFFF7,0xFFAA,0xFFAB,0xFFCB,0xFFF7,0xFFF5,0xFFF8,0xFFF8,0xFFF8,0xFFF7,0xFFAA,0xFF46,
  0xFF46,0xFF04,0xFE82,0xFEA2,0xFE81,0xFDC1,0xFDE1,0xF9A2,0xF562,0x0000,0xF9A1,0xF5A1,0x0000,0xF982,0xFE21,0xFEE3,
  0xFF04,0x0000,0x0000,0xFE01,0x0000,0x0000,0x0000,0x0000,0x0000,0x0000,0x0000,0x0000,0x0000,0x0000,0x0000,0x0000,
  0x0000,0x0000,0x0000,0x0000,0x0000,0x0000,0x0000,0x0000,0x0000,0x0000,0x0000,0x0000,0x0000,0x0000,0x0000,0x0000,
  0x0000,0x0000,0x0000,0x0000,0x0000,0x0000,0x0000,0x0000,0x0000,0x0000,0x0000,0x0000,0x0000,0x0000,0x0000,0x0000,
  0x0000,0x0000,0x0000,0x0000,0x0000,0x0000,0x0000,0x0000,0xF621,0x0000,0x0000,0x0000,0x0000,0x0000,0x0000,0x0000,
  0x0000,0xF582,0xF582,0xFDC1,0xFEC2,0xFF68,0xFFAC,0xFF67,0xFF03,0xFEE3,0xFF45,0xFEA2,0xFF45,0xFF45,0xFF66,0xFFA8,
  0xFFF7,0xFFF9,0xFFF9,0xFFF9,0xFFAB,0xFFCD,0xFFF3,0xFFA9,0xFFAA,0xFFFA,0xFFF1,0xFFAD,0xFF8B,0xFF68,0xFEC5,0xFF26,
  0xFF47,0xFF8A,0xFF47,0xFF47,0xFFAC,0xFF8B,0xFFAA,0xFFF8,0xFFAC,0xFFAB,0xFF88,0xFF69,0xFF48,0xFF48,0xFF48,0xFF47,
  0xFF67,0xFF8A,0xFFCF,0xFFAB,0xFFAA,0xFF25,0xFEE5,0xFF48,0xFF69,0xFFAC,0xFFF7,0xFFF9,0xFFD3,0xFFC9,0xFFF0,0xFFF7,
  0xFFF8,0xFFF8,0xFFF8,0xFFF7,0xFFA9,0xFFA8,0xFFCD,0xFFF6,0xFF88,0xFF25,0xFEC2,0xFEA1,0xFE81,0xFDE1,0xFEA1,0xF562,
  0xF982,0xF5A2,0x0000,0x0000,0x0000,0x0000,0x0000,0x0000,0xFA02,0xFDE1,0xFF46,0xFE01,0x0000,0x0000,0x0000,0x0000,
  0x0000,0x0000,0x0000,0x0000,0x0000,0x0000,0x0000,0x0000,0x0000,0x0000,0x0000,0x0000,0x0000,0x0000,0x0000,0x0000,
  0x0000,0x0000,0x0000,0x0000,0x0000,0x0000,0x0000,0x0000,0x0000,0x0000,0x0000,0x0000,0x0000,0x0000,0x0000,0x0000,
  0x0000,0x0000,0x0000,0x0000,0x0000,0x0000,0x0000,0x0000,0x0000,0x0000,0x0000,0x0000,0x0000,0x0000,0x0000,0x0000,
  0x0000,0x0000,0x0000,0x0000,0x0000,0x0000,0x0000,0xFE42,0x0000,0x0000,0x0000,0x0000,0xFDE1,0xFDE1,0xFF03,0xFF89,
  0xFF88,0xFF03,0xFEE3,0xFE81,0xFEE2,0xFE81,0xFE81,0xFF67,0xFF24,0xFF46,0xFFA9,0xFFF7,0xFFF8,0xFFF8,0xFFF9,0xFFF7,
  0xFFCB,0xFFF7,0xFFAC,0xFFAC,0xFFAA,0xFFAA,0xFFD1,0xFF89,0xFF68,0xFF47,0xFF47,0xFF26,0xFF68,0xFF68,0xFF68,0xFF68,
  0xFFAA,0xFFA9,0xFFD5,0xFFA9,0xFFA9,0xFFAB,0xFF69,0xFF8A,0xFF47,0xFF89,0xFFAB,0xFFAC,0xFFAC,0xFF8A,0xFF47,0xFF47,
  0xFF48,0xFF8B,0xFFAB,0xFFF7,0xFFF6,0xFFA9,0xFFAC,0xFFF9,0xFFF7,0xFFF8,0xFFFA,0xFFF8,0xFFAA,0xFF89,0xFF89,0xFF67,
  0xFFAB,0xFFAA,0xFFA9,0xFF45,0xFEA2,0xFE62,0xFDE1,0xF982,0xFDC1,0xF9A1,0x0000,0xF9A1,0x0000,0x0000,0x0000,0x0000,
  0x0000,0xFDC1,0x0000,0x0000,0xFEC3,0xFF24,0x0000,0x0000,0x0000,0x0000,0x0000,0x0000,0x0000,0x0000,0x0000,0x0000,
  0x0000,0x0000,0x0000,0x0000,0x0000,0x0000,0x0000,0x0000,0x0000,0x0000,0x0000,0x0000,0x0000,0x0000,0x0000,0x0000,
  0x0000,0x0000,0x0000,0x0000,0x0000,0x0000,0x0000,0x0000,0x0000,0x0000,0x0000,0x0000,0x0000,0x0000,0x0000,0x0000,
  0x0000,0x0000,0x0000,0x0000,0x0000,0x0000,0x0000,0x0000,0x0000,0x0000,0x0000,0x0000,0x0000,0x0000,0x0000,0x0000,
  0x0000,0x0000,0x0000,0x0000,0x0000,0xF5A1,0xF5A1,0xFE21,0xFFAB,0xFF67,0xFEE3,0xFE81,0xFDC0,0xFE41,0xFDC1,0xFDA1,
  0xFE01,0xFEA1,0xFE21,0xFF04,0xFF03,0xFF46,0xFF46,0xFF66,0xFFAA,0xFFF9,0xFFF9,0xFFF8,0xFFF9,0xFFF6,0xFFF7,0xFFD0,
  0xFFAB,0xFFAC,0xFFAD,0xFFAD,0xFFAA,0xFFA9,0xFFF9,0xFFCE,0xFFAB,0xFFAA,0xFF88,0xFF68,0xFF89,0xFFAC,0xFFF8,0xFFA9,
  0xFF88,0xFF68,0xFFAA,0xFF89,0xFF8A,0xFFAA,0xFFAB,0xFFAD,0xFFAB,0xFFAB,0xFFD3,0xFFCC,0xFFF7,0xFFF8,0xFFF6,0xFFF8,
  0xFFF8,0xFFF9,0xFFF8,0xFF88,0xFF89,0xFF46,0xFF67,0xFF24,0xFF45,0xFEE3,0xFF04,0xFF67,0xFFF5,0xFF66,0xFEC2,0xFE41,
  0xFEC2,0xF9A2,0xF582,0xF562,0x0000,0xF9C2,0x0000,0x0000,0x0000,0x0000,0x0000,0x0000,0x0000,0x0000,0x0000,0xFF04,
  0x0000,0x0000,0x0000,0x0000,0x0000,0x0000,0x0000,0x0000,0x0000,0x0000,0x0000,0x0000,0x0000,0x0000,0x0000,0x0000,
  0x0000,0x0000,0x0000,0x0000,0x0000,0x0000,0x0000,0x0000,0x0000,0x0000,0x0000,0x0000,0x0000,0x0000,0x0000,0x0000,
  0x0000,0x0000,0x0000,0x0000,0x0000,0x0000,0x0000,0x0000,0x0000,0x0000,0x0000,0x0000,0x0000,0x0000,0x0000,0x0000,
  0x0000,0x0000,0x0000,0x0000,0x0000,0x0000,0x0000,0x0000,0x0000,0x0000,0x0000,0x0000,0x0000,0x0000,0x0000,0xF5A1,
  0xFE01,0xFEA2,0xFFCD,0xFEE3,0xFE82,0xFDE1,0xF9A2,0xFDE0,0xF581,0xF582,0xFDE1,0xFDE1,0xFDC1,0xFE61,0xFEE2,0xFF24,
  0xFEE3,0xFF46,0xFF45,0xFFAA,0xFFAA,0xFFCB,0xFFF7,0xFFF8,0xFFF8,0xFFF9,0xFFF9,0xFFF9,0xFFFA,0xFFF6,0xFFF7,0xFFAD,
  0xFFAD,0xFFAB,0xFFAA,0xFFAA,0xFFA8,0xFFAA,0xFFAB,0xFFAC,0xFFAA,0xFFAB,0xFFAB,0xFFAB,0xFFAC,0xFFCC,0xFF89,0xFFAA,
  0xFFF7,0xFFF9,0xFFF9,0xFFF9,0xFFF8,0xFFF8,0xFFF8,0xFFF9,0xFFF7,0xFFF8,0xFFCB,0xFF88,0xFF88,0xFF46,0xFF04,0xFF03,
  0xFF67,0xFEE3,0xFF03,0xFE82,0xFEC2,0xFF23,0xFF67,0xFFAB,0xFF25,0xFEC3,0xFE01,0xFDA2,0x0000,0x0000,0x0000,0x0000,
  0xFE41,0x0000,0x0000,0x0000,0x0000,0x0000,0x0000,0x0000,0x0000,0xFE61,0xFE42,0x0000,0x0000,0x0000,0x0000,0x0000,
  0x0000,0x0000,0x0000,0x0000,0x0000,0x0000,0x0000,0x0000,0x0000,0x0000,0x0000,0x0000,0x0000,0x0000,0x0000,0x0000,
  0x0000,0x0000,0x0000,0x0000,0x0000,0x0000,0x0000,0x0000,0x0000,0x0000,0x0000,0x0000,0x0000,0x0000,0x0000,0x0000,
  0x0000,0x0000,0x0000,0x0000,0x0000,0x0000,0x0000,0x0000,0x0000,0x0000,0x0000,0x0000,0x0000,0x0000,0x0000,0x0000,
  0x0000,0x0000,0x0000,0x0000,0x0000,0x0000,0x0000,0x0000,0x0000,0xFDE2,0xFE61,0xFF88,0xFE82,0xFE01,0xF981,0xF582,
  0xF5A2,0xF9A2,0x0000,0x0000,0xF981,0xF982,0xF583,0xFDE1,0xFEC3,0xFE61,0xFE01,0xFEE3,0xFEE3,0xFF25,0xFF88,0xFFCD,
  0xFFAB,0xFF88,0xFF87,0xFF88,0xFFCC,0xFFCC,0xFFA9,0xFFF7,0xFFF8,0xFFF9,0xFFF8,0xFFF8,0xFFF8,0xFFF8,0xFFF8,0xFFF8,
  0xFFF8,0xFFD1,0xFFD0,0xFFD1,0xFFF9,0xFFF9,0xFFF8,0xFFF8,0xFFF8,0xFFF8,0xFFF8,0xFFF8,0xFFF8,0xFFF9,0xFFAA,0xFFAA,
  0xFFA9,0xFF87,0xFF68,0xFF66,0xFFA9,0xFF46,0xFF45,0xFF25,0xFE82,0xFE61,0xFF88,0xFE62,0xFE01,0xFE01,0xFEA1,0xFE61,
  0xFEC2,0xFF47,0xFF67,0xFF04,0xFE41,0xF9A2,0xF582,0x0000,0x0000,0x0000,0xF9C1,0xFDE1,0x0000,0x0000,0x0000,0x0000,
  0x0000,0x0000,0x0000,0xFDE1,0xFF46,0x0000,0x0000,0x0000,0x0000,0x0000,0x0000,0x0000,0x0000,0x0000,0x0000,0x0000,
  0x0000,0x0000,0x0000,0x0000,0x0000,0x0000,0x0000,0x0000,0x0000,0x0000,0x0000,0x0000,0x0000,0x0000,0x0000,0x0000,
  0x0000,0x0000,0x0000,0x0000,0x0000,0x0000,0x0000,0x0000,0x0000,0x0000,0x0000,0x0000,0x0000,0x0000,0x0000,0x0000,
  0x0000,0x0000,0x0000,0x0000,0x0000,0x0000,0x0000,0x0000,0x0000,0x0000,0x0000,0x0000,0x0000,0x0000,0x0000,0x0000,
  0x0000,0x0000,0x0000,0xFE42,0xFF02,0xFF24,0xFE01,0xF9A1,0xF582,0x0000,0x0000,0x0000,0x0000,0x0000,0xF9A1,0x0000,
  0xF981,0xF582,0xFE01,0xF9C2,0xF982,0xFF04,0xFE61,0xFF46,0xFF45,0xFFCF,0xFF67,0xFF67,0xFF24,0xFF45,0xFF45,0xFF67,
  0xFF89,0xFFA8,0xFFAA,0xFFA9,0xFFA9,0xFFA9,0xFFA9,0xFFCC,0xFFFB,0xFFF8,0xFFF7,0xFFF8,0xFFF8,0xFFF8,0xFFF8,0xFFF8,
  0xFFFA,0xFFCC,0xFF88,0xFF88,0xFF88,0xFFA9,0xFFAA,0xFFA9,0xFFAA,0xFF66,0xFF46,0xFF88,0xFF03,0xFF25,0xFF24,0xFF66,
  0xFF24,0xFE61,0xFDE1,0xFDE1,0xFEA2,0xFEA1,0xFE41,0xF9C1,0xF982,0xF9A1,0xFE61,0xFEA2,0xFFF4,0xFF45,0xFE61,0xFE01,
  0x0000,0x0000,0x0000,0x0000,0x0000,0x0000,0x0000,0x0000,0x0000,0x0000,0x0000,0x0000,0x0000,0x0000,0xFDC1,0x0000,
  0x0000,0x0000,0x0000,0x0000,0x0000,0x0000,0x0000,0x0000,0x0000,0x0000,0x0000,0x0000,0x0000,0x0000,0x0000,0x0000,
  0x0000,0x0000,0x0000,0x0000,0x0000,0x0000,0x0000,0x0000,0x0000,0x0000,0x0000,0x0000,0x0000,0x0000,0x0000,0x0000,
  0x0000,0x0000,0x0000,0x0000,0x0000,0x0000,0x0000,0x0000,0x0000,0x0000,0x0000,0x0000,0x0000,0x0000,0x0000,0x0000,
  0x0000,0x0000,0x0000,0x0000,0x0000,0x0000,0x0000,0x0000,0x0000,0x0000,0x0000,0x0000,0xF9C1,0xFEE3,0xFFAB,0xFE82,
  0xF9A1,0xF9A2,0x0000,0xF9A1,0x0000,0x0000,0x0000,0xFDA1,0x0000,0xF9A1,0xF9A1,0x0000,0xF582,0xF9A2,0xF582,0xFDC1,
  0xFE41,0xFEE3,0xFF45,0xFFCE,0xFF25,0xFEE3,0xFEE3,0xFF03,0xFEC2,0xFF24,0xFF67,0xFF88,0xFF25,0xFF25,0xFF25,0xFF25,
  0xFF67,0xFFAA,0xFFAA,0xFFA9,0xFFCB,0xFFF8,0xFFF3,0xFFD2,0xFFA9,0xFF89,0xFF66,0xFF46,0xFF67,0xFF46,0xFF25,0xFF45,
  0xFF66,0xFFCD,0xFF88,0xFF46,0xFEE3,0xFF04,0xFF03,0xFE82,0xFF03,0xFF69,0xFEC2,0xFDA1,0xFE81,0xFDC2,0xFE21,0xFEA2,
  0xFDC1,0xF582,0x0000,0x0000,0xF9A3,0xFE42,0xFF24,0xFFD2,0xFEE2,0xFE21,0x0000,0x0000,0x0000,0x0000,0x0000,0x0000,
  0x0000,0x0000,0x0000,0x0000,0x0000,0x0000,0x0000,0x0000,0x0000,0x0000,0x0000,0x0000,0x0000,0x0000,0x0000,0x0000,
  0x0000,0x0000,0x0000,0x0000,0x0000,0x0000,0x0000,0x0000,0x0000,0x0000,0x0000,0x0000,0x0000,0x0000,0x0000,0x0000,
  0x0000,0x0000,0x0000,0x0000,0x0000,0x0000,0x0000,0x0000,0x0000,0x0000,0x0000,0x0000,0x0000,0x0000,0x0000,0x0000,
  0x0000,0x0000,0x0000,0x0000,0x0000,0x0000,0x0000,0x0000,0x0000,0x0000,0x0000,0x0000,0x0000,0x0000,0x0000,0x0000,
  0x0000,0x0000,0x0000,0x0000,0x0000,0x0000,0xFE01,0xFF44,0xFE41,0xFDE1,0xF9A1,0x0000,0x0000,0x0000,0x0000,0x0000,
  0x0000,0x0000,0x0000,0xF9C1,0x0000,0x0000,0xF562,0x0000,0x0000,0xFE81,0xFEC2,0xFF24,0xFFAA,0xFF66,0xFEE3,0xFEA2,
  0xFE01,0xFEA1,0xFDE1,0xFEC2,0xFF02,0xFEC2,0xFEC2,0xFE81,0xFF03,0xFE82,0xFF04,0xFF03,0xFF45,0xFF67,0xFFAB,0xFFF6,
  0xFFA9,0xFFAB,0xFF8A,0xFF25,0xFF45,0xFF04,0xFF45,0xFEA2,0xFEA1,0xFEA2,0xFF45,0xFF89,0xFF88,0xFEE3,0xFEA1,0xFE41,
  0xFE41,0xF9A1,0xFE41,0xFEA1,0xFF45,0xFDE1,0xF9C1,0xF582,0xF982,0xFE01,0xF582,0x0000,0x0000,0x0000,0x0000,0xF582,
  0xFE21,0xFEA2,0xFBD1,0xFEA2,0xF9E2,0x0000,0x0000,0x0000,0x0000,0x0000,0x0000,0x0000,0x0000,0x0000,0x0000,0x0000,
  0x0000,0x0000,0x0000,0x0000,0x0000,0x0000,0x0000,0x0000,0x0000,0x0000,0x0000,0x0000,0x0000,0x0000,0x0000,0x0000,
  0x0000,0x0000,0x0000,0x0000,0x0000,0x0000,0x0000,0x0000,0x0000,0x0000,0x0000,0x0000,0x0000,0x0000,0x0000,0x0000,
  0x0000,0x0000,0x0000,0x0000,0x0000,0x0000,0x0000,0x0000,0x0000,0x0000,0x0000,0x0000,0x0000,0x0000,0x0000,0x0000,
  0x0000,0x0000,0x0000,0x0000,0x0000,0x0000,0x0000,0x0000,0x0000,0x0000,0x0000,0x0000,0x0000,0x0000,0x0000,0x0000,
  0xFEC2,0xFA01,0xF9E1,0x0000,0x0000,0x0000,0x0000,0x0000,0x0000,0x0000,0x0000,0x0000,0xFE01,0xF9A1,0x0000,0x0000,
  0xF582,0xF9A1,0xF562,0xFDE1,0xFE82,0xFF68,0xFF88,0xFEE3,0xFE61,0xFE01,0xF981,0xFE61,0xFDC2,0xFE41,0xFF24,0xFE41,
  0xFE01,0xFDE2,0xFDE1,0xFE21,0xFE81,0xFEC2,0xFF25,0xFF46,0xFF89,0xFFD2,0xFF87,0xFF47,0xFEE3,0xFEA2,0xFEE2,0xFE21,
  0xFE81,0xFE01,0xFE01,0xFE41,0xFEA1,0xFF89,0xFFD2,0xFF67,0xFE81,0xFDC1,0xF9A2,0xF9A2,0xF982,0xFDE1,0xFEE2,0xF982,
  0xF582,0x0000,0xF5A2,0xF9C1,0xFE21,0xF582,0x0000,0x0000,0x0000,0x0000,0xF9A2,0xFDC1,0xFEE3,0xFF24,0xFE21,0x0000,
  0x0000,0x0000,0x0000,0x0000,0x0000,0x0000,0x0000,0x0000,0x0000,0x0000,0x0000,0x0000,0x0000,0x0000,0x0000,0x0000,
  0x0000,0x0000,0x0000,0x0000,0x0000,0x0000,0x0000,0x0000,0x0000,0x0000,0x0000,0x0000,0x0000,0x0000,0x0000,0x0000,
  0x0000,0x0000,0x0000,0x0000,0x0000,0x0000,0x0000,0x0000,0x0000,0x0000,0x0000,0x0000,0x0000,0x0000,0x0000,0x0000,
  0x0000,0x0000,0x0000,0x0000,0x0000,0x0000,0x0000,0x0000,0x0000,0x0000,0x0000,0x0000,0x0000,0x0000,0x0000,0x0000,
  0x0000,0x0000,0x0000,0x0000,0x0000,0x0000,0x0000,0x0000,0x0000,0x0000,0x0000,0x0000,0x0000,0x0000,0x0000,0x0000,
  0xFDE1,0x0000,0x0000,0x0000,0xFE61,0x0000,0x0000,0x0000,0x0000,0x0000,0x0000,0xF5A3,0xFDA1,0xFE81,0xFEA2,0xFFF7,
  0xFF24,0xFE82,0xFDC1,0xF562,0xF582,0xF9A2,0xF982,0xFDC1,0xFE41,0xF9A2,0xFDC1,0xF582,0xF9A1,0xF162,0xFE21,0xFE01,
  0xFEC2,0xFF24,0xFF88,0xFFFA,0xFF45,0xFEE3,0xFEA2,0xFEC2,0xFEC2,0xFDC1,0xFE01,0xF582,0xF9A2,0xF9C1,0xFE61,0xFF03,
  0xFF89,0xFEE2,0xFE82,0xF9C2,0xF9C1,0x0000,0x0000,0xF9A1,0xFDE0,0xFDA1,0x0000,0x0000,0x0000,0xF981,0xFE41,0xF9A1,
  0x0000,0x0000,0x0000,0x0000,0xF9A1,0x0000,0xFE21,0xFF05,0xFF03,0xFDE1,0x0000,0x0000,0x0000,0x0000,0x0000,0x0000,
  0x0000,0x0000,0x0000,0x0000,0x0000,0x0000,0x0000,0x0000,0x0000,0x0000,0x0000,0x0000,0x0000,0x0000,0x0000,0x0000,
  0x0000,0x0000,0x0000,0x0000,0x0000,0x0000,0x0000,0x0000,0x0000,0x0000,0x0000,0x0000,0x0000,0x0000,0x0000,0x0000,
  0x0000,0x0000,0x0000,0x0000,0x0000,0x0000,0x0000,0x0000,0x0000,0x0000,0x0000,0x0000,0x0000,0x0000,0x0000,0x0000,
  0x0000,0x0000,0x0000,0x0000,0x0000,0x0000,0x0000,0x0000,0x0000,0x0000,0x0000,0x0000,0x0000,0x0000,0x0000,0x0000,
  0x0000,0x0000,0x0000,0x0000,0x0000,0x0000,0x0000,0x0000,0x0000,0x0000,0x0000,0x0000,0x0000,0x0000,0x0000,0x0000,
  0x0000,0x0000,0x0000,0x0000,0x0000,0xF9A2,0xFE01,0xFE41,0xFF03,0xFF43,0xFEC2,0xFE00,0xF582,0x0000,0xF5A2,0xF582,
  0xFE40,0xF9A2,0xFE00,0x0000,0xF9A1,0xF981,0x0000,0xF582,0xFDA1,0xFDE1,0xFEC2,0xFF25,0xFF68,0xFF89,0xFF46,0xFEC2,
  0xFE01,0xFDE1,0xFF22,0xF582,0xF562,0x0000,0xF5A2,0xF541,0xFDC1,0xFF02,0xFF67,0xFF25,0xFE61,0xF982,0xF582,0x0000,
  0x0000,0x0000,0xFDA1,0xFEE1,0xF981,0x0000,0x0000,0x0000,0x0000,0xFF02,0xFDA1,0x0000,0x0000,0x0000,0x0000,0xFA01,
  0x0000,0xFE41,0xFFEC,0xFE01,0x0000,0x0000,0x0000,0x0000,0x0000,0x0000,0x0000,0x0000,0x0000,0x0000,0x0000,0x0000,
  0x0000,0x0000,0x0000,0x0000,0x0000,0x0000,0x0000,0x0000,0x0000,0x0000,0x0000,0x0000,0x0000,0x0000,0x0000,0x0000,
  0x0000,0x0000,0x0000,0x0000,0x0000,0x0000,0x0000,0x0000,0x0000,0x0000,0x0000,0x0000,0x0000,0x0000,0x0000,0x0000,
  0x0000,0x0000,0x0000,0x0000,0x0000,0x0000,0x0000,0x0000,0x0000,0x0000,0x0000,0x0000,0x0000,0x0000,0x0000,0x0000,
  0x0000,0x0000,0x0000,0x0000,0x0000,0x0000,0x0000,0x0000,0x0000,0x0000,0x0000,0x0000,0x0000,0x0000,0x0000,0x0000,
  0x0000,0x0000,0x0000,0x0000,0x0000,0x0000,0x0000,0x0000,0x0000,0x0000,0xFE01,0x0000,0x0000,0x0000,0x0000,0xFE82,
  0xFDE1,0xFE81,0xFFF2,0xFEC2,0xFE01,0xF5A2,0xF981,0x0000,0x0000,0xFE02,0xF9A1,0x0000,0x0000,0xF982,0x0000,0x0000,
  0x0000,0x0000,0xF582,0xFDC1,0xFE62,0xFEE2,0xFFAF,0xFF88,0xFEA2,0xFE82,0xF983,0xF9A1,0xFE21,0xF582,0x0000,0x0000,
  0xF981,0x0000,0x0000,0xFE42,0xFF04,0xFEE2,0xFE61,0xFDA2,0x0000,0x0000,0x0000,0x0000,0x0000,0xFDC1,0x0000,0x0000,
  0x0000,0x0000,0x0000,0xFDC1,0xFEA1,0x0000,0x0000,0x0000,0x0000,0xF9A1,0x0000,0x0000,0xFDE2,0xFF67,0x0000,0x0000,
  0x0000,0x0000,0x0000,0x0000,0x0000,0x0000,0x0000,0x0000,0x0000,0x0000,0x0000,0x0000,0x0000,0x0000,0x0000,0x0000,
  0x0000,0x0000,0x0000,0x0000,0x0000,0x0000,0x0000,0x0000,0x0000,0x0000,0x0000,0x0000,0x0000,0x0000,0x0000,0x0000,
  0x0000,0x0000,0x0000,0x0000,0x0000,0x0000,0x0000,0x0000,0x0000,0x0000,0x0000,0x0000,0x0000,0x0000,0x0000,0x0000,
  0x0000,0x0000,0x0000,0x0000,0x0000,0x0000,0x0000,0x0000,0x0000,0x0000,0x0000,0x0000,0x0000,0x0000,0x0000,0x0000,
  0x0000,0x0000,0x0000,0x0000,0x0000,0x0000,0x0000,0x0000,0x0000,0x0000,0x0000,0x0000,0x0000,0x0000,0x0000,0x0000,
  0x0000,0x0000,0x0000,0x0000,0x0000,0x0000,0x0000,0x0000,0xFE01,0x0000,0xFE42,0xFF03,0xFF45,0xFE41,0xFDA2,0xF5C1,
  0x0000,0x0000,0x0000,0xF9A1,0xFDC1,0x0000,0xFDC1,0xFE01,0xF9A1,0x0000,0x0000,0xF982,0xF9C2,0xFDC1,0xFE41,0xFF24,
  0xFF66,0xFF65,0xFEA2,0xFDE2,0xF9A2,0xF9A2,0xFE81,0xF9A2,0x0000,0x0000,0xF9C1,0x0000,0x0000,0xFE22,0xFEC2,0xFEE2,
  0xFE01,0xF562,0xFDA2,0x0000,0x0000,0x0000,0x0000,0xF9C1,0x0000,0x0000,0x0000,0x0000,0x0000,0x0000,0xFEA1,0x0000,
  0x0000,0x0000,0x0000,0x0000,0x0000,0x0000,0x0000,0x0000,0xFE21,0x0000,0x0000,0x0000,0x0000,0x0000,0x0000,0x0000,
  0x0000,0x0000,0x0000,0x0000,0x0000,0x0000,0x0000,0x0000,0x0000,0x0000,0x0000,0x0000,0x0000,0x0000,0x0000,0x0000,
  0x0000,0x0000,0x0000,0x0000,0x0000,0x0000,0x0000,0x0000,0x0000,0x0000,0x0000,0x0000,0x0000,0x0000,0x0000,0x0000,
  0x0000,0x0000,0x0000,0x0000,0x0000,0x0000,0x0000,0x0000,0x0000,0x0000,0x0000,0x0000,0x0000,0x0000,0x0000,0x0000,
  0x0000,0x0000,0x0000,0x0000,0x0000,0x0000,0x0000,0x0000,0x0000,0x0000,0x0000,0x0000,0x0000,0x0000,0x0000,0x0000,
  0x0000,0x0000,0x0000,0x0000,0x0000,0x0000,0x0000,0x0000,0x0000,0x0000,0x0000,0x0000,0x0000,0xFA61,0x0000,0x0000,
  0x0000,0xFDC2,0xFEC1,0x0000,0xFE01,0xFEE2,0xFE20,0xFDE1,0x0000,0x0000,0x0000,0x0000,0x0000,0x0000,0x0000,0x0000,
  0xFE02,0xFDC1,0x0000,0x0000,0x0000,0x0000,0xF9A2,0xF9A1,0xFDE1,0xFEA2,0xFFAE,0xFF45,0xF9C1,0xFDA1,0x0000,0xF5C2,
  0xF9A2,0xF982,0x0000,0x0000,0x0000,0x0000,0x0000,0x0000,0xFE00,0xFFA9,0xF9C2,0x0000,0x0000,0x0000,0x0000,0x0000,
  0x0000,0x0000,0x0000,0x0000,0x0000,0x0000,0x0000,0x0000,0x0000,0x0000,0x0000,0x0000,0x0000,0x0000,0x0000,0x0000,
  0x0000,0x0000,0x0000,0x0000,0x0000,0x0000,0x0000,0x0000,0x0000,0x0000,0x0000,0x0000,0x0000,0x0000,0x0000,0x0000,
  0x0000,0x0000,0x0000,0x0000,0x0000,0x0000,0x0000,0x0000,0x0000,0x0000,0x0000,0x0000,0x0000,0x0000,0x0000,0x0000,
  0x0000,0x0000,0x0000,0x0000,0x0000,0x0000,0x0000,0x0000,0x0000,0x0000,0x0000,0x0000,0x0000,0x0000,0x0000,0x0000,
  0x0000,0x0000,0x0000,0x0000,0x0000,0x0000,0x0000,0x0000,0x0000,0x0000,0x0000,0x0000,0x0000,0x0000,0x0000,0x0000,
  0x0000,0x0000,0x0000,0x0000,0x0000,0x0000,0x0000,0x0000,0x0000,0x0000,0x0000,0x0000,0x0000,0x0000,0x0000,0x0000,
  0x0000,0x0000,0x0000,0x0000,0x0000,0x0000,0x0000,0x0000,0x0000,0x0000,0x0000,0xFA21,0xFDE1,0x0000,0xFF03,0xFEC2,
  0xFE21,0xFDA1,0x0000,0x0000,0x0000,0x0000,0x0000,0x0000,0x0000,0xF9C1,0xFF04,0x0000,0x0000,0x0000,0x0000,0x0000,
  0x0000,0xF582,0xFE21,0xFF45,0xFF67,0xFF24,0xF9C1,0xF582,0x0000,0xFDC2,0xFEE2,0x0000,0x0000,0x0000,0x0000,0x0000,
  0x0000,0x0000,0xFDE1,0xFF03,0xFDC1,0x0000,0x0000,0xFDC1,0x0000,0x0000,0x0000,0x0000,0x0000,0x0000,0x0000,0x0000,
  0x0000,0x0000,0x0000,0xFDC1,0x0000,0x0000,0x0000,0x0000,0x0000,0x0000,0x0000,0x0000,0x0000,0x0000,0x0000,0x0000,
  0x0000,0x0000,0x0000,0x0000,0x0000,0x0000,0x0000,0x0000,0x0000,0x0000,0x0000,0x0000,0x0000,0x0000,0x0000,0x0000,
  0x0000,0x0000,0x0000,0x0000,0x0000,0x0000,0x0000,0x0000,0x0000,0x0000,0x0000,0x0000,0x0000,0x0000,0x0000,0x0000,
  0x0000,0x0000,0x0000,0x0000,0x0000,0x0000,0x0000,0x0000,0x0000,0x0000,0x0000,0x0000,0x0000,0x0000,0x0000,0x0000,
  0x0000,0x0000,0x0000,0x0000,0x0000,0x0000,0x0000,0x0000,0x0000,0x0000,0x0000,0x0000,0x0000,0x0000,0x0000,0x0000,
  0x0000,0x0000,0x0000,0x0000,0x0000,0x0000,0x0000,0x0000,0x0000,0x0000,0x0000,0x0000,0x0000,0x0000,0x0000,0x0000,
  0x0000,0x0000,0x0000,0x0000,0x0000,0xFDC1,0x0000,0x0000,0xFE61,0xFDE1,0xF9C1,0x0000,0x0000,0x0000,0x0000,0x0000,
  0x0000,0x0000,0x0000,0xFEC2,0x0000,0x0000,0x0000,0x0000,0x0000,0x0000,0x0000,0xF9A2,0xFE01,0xFF04,0xFF67,0xFE61,
  0xF582,0x0000,0x0000,0x0000,0xF9C1,0x0000,0x0000,0x0000,0x0000,0x0000,0x0000,0x0000,0xFE01,0xFF02,0xF9A1,0x0000,
  0x0000,0x0000,0x0000,0x0000,0x0000,0x0000,0x0000,0x0000,0x0000,0x0000,0x0000,0x0000,0x0000,0x0000,0x0000,0x0000,
  0x0000,0x0000,0x0000,0x0000,0x0000,0x0000,0x0000,0x0000,0x0000,0x0000,0x0000,0x0000,0x0000,0x0000,0x0000,0x0000,
  0x0000,0x0000,0x0000,0x0000,0x0000,0x0000,0x0000,0x0000,0x0000,0x0000,0x0000,0x0000,0x0000,0x0000,0x0000,0x0000,
  0x0000,0x0000,0x0000,0x0000,0x0000,0x0000,0x0000,0x0000,0x0000,0x0000,0x0000,0x0000,0x0000,0x0000,0x0000,0x0000,
  0x0000,0x0000,0x0000,0x0000,0x0000,0x0000,0x0000,0x0000,0x0000,0x0000,0x0000,0x0000,0x0000,0x0000,0x0000,0x0000,
  0x0000,0x0000,0x0000,0x0000,0x0000,0x0000,0x0000,0x0000,0x0000,0x0000,0x0000,0x0000,0x0000,0x0000,0x0000,0x0000,
  0x0000,0x0000,0x0000,0x0000,0x0000,0x0000,0x0000,0x0000,0x0000,0x0000,0x0000,0x0000,0x0000,0x0000,0x0000,0x0000,
  0x0000,0x0000,0xFF03,0x0000,0xFDC1,0x0000,0x0000,0x0000,0x0000,0x0000,0x0000,0x0000,0x0000,0x0000,0x0000,0x0000,
  0x0000,0x0000,0x0000,0x0000,0x0000,0xFDE2,0xFEC1,0xFF04,0xFEE3,0xFE01,0xF582,0xF9A2,0x0000,0x0000,0xF9C1,0x0000,
  0x0000,0x0000,0x0000,0x0000,0x0000,0x0000,0x0000,0xFF02,0xF9A1,0x0000,0x0000,0x0000,0x0000,0x0000,0x0000,0x0000,
  0x0000,0x0000,0x0000,0x0000,0x0000,0x0000,0x0000,0x0000,0x0000,0x0000,0x0000,0x0000,0x0000,0x0000,0x0000,0x0000,
  0x0000,0x0000,0x0000,0x0000,0x0000,0x0000,0x0000,0x0000,0x0000,0x0000,0x0000,0x0000,0x0000,0x0000,0x0000,0x0000,
  0x0000,0x0000,0x0000,0x0000,0x0000,0x0000,0x0000,0x0000,0x0000,0x0000,0x0000,0x0000,0x0000,0x0000,0x0000,0x0000,
  0x0000,0x0000,0x0000,0x0000,0x0000,0x0000,0x0000,0x0000,0x0000,0x0000,0x0000,0x0000,0x0000,0x0000,0x0000,0x0000,
  0x0000,0x0000,0x0000,0x0000,0x0000,0x0000,0x0000,0x0000,0x0000,0x0000,0x0000,0x0000,0x0000,0x0000,0x0000,0x0000,
  0x0000,0x0000,0x0000,0x0000,0x0000,0x0000,0x0000,0x0000,0x0000,0x0000,0x0000,0x0000,0x0000,0x0000,0x0000,0x0000,
  0x0000,0x0000,0x0000,0x0000,0x0000,0x0000,0x0000,0x0000,0x0000,0x0000,0x0000,0x0000,0x0000,0x0000,0x0000,0x0000,
  0x0000,0x0000,0x0000,0x0000,0x0000,0x0000,0x0000,0x0000,0x0000,0x0000,0x0000,0x0000,0x0000,0x0000,0xFDA1,0x0000,
  0xFE82,0xFF44,0xFE41,0x0000,0x0000,0x0000,0x0000,0x0000,0x0000,0x0000,0x0000,0x0000,0x0000,0x0000,0x0000,0x0000,
  0x0000,0xFDC1,0x0000,0x0000,0x0000,0x0000,0x0000,0x0000,0x0000,0x0000,0x0000,0x0000,0x0000,0x0000,0x0000,0x0000,
  0x0000,0x0000,0x0000,0x0000,0x0000,0x0000,0x0000,0x0000,0x0000,0x0000,0x0000,0x0000,0x0000,0x0000,0x0000,0x0000,
  0x0000,0x0000,0x0000,0x0000,0x0000,0x0000,0x0000,0x0000,0x0000,0x0000,0x0000,0x0000,0x0000,0x0000,0x0000,0x0000,
  0x0000,0x0000,0x0000,0x0000,0x0000,0x0000,0x0000,0x0000,0x0000,0x0000,0x0000,0x0000,0x0000,0x0000,0x0000,0x0000,
  0x0000,0x0000,0x0000,0x0000,0x0000,0x0000,0x0000,0x0000,0x0000,0x0000,0x0000,0x0000,0x0000,0x0000,0x0000,0x0000,
  0x0000,0x0000,0x0000,0x0000,0x0000,0x0000,0x0000,0x0000,0x0000,0x0000,0x0000,0x0000,0x0000,0x0000,0x0000,0x0000,
  0x0000,0x0000,0x0000,0x0000,0x0000,0x0000,0x0000,0x0000,0x0000,0x0000,0x0000,0x0000,0x0000,0x0000,0x0000,0x0000,
  0x0000,0x0000,0x0000,0x0000,0x0000,0x0000,0x0000,0x0000,0x0000,0x0000,0x0000,0x0000,0x0000,0x0000,0x0000,0x0000,
  0x0000,0x0000,0x0000,0x0000,0x0000,0x0000,0x0000,0x0000,0x0000,0x0000,0xFEC3,0xFF04,0xFEA3,0x0000,0x0000,0x0000,
  0x0000,0x0000,0x0000,0x0000,0x0000,0x0000,0x0000,0x0000,0x0000,0x0000,0x0000,0x0000,0xFDC0,0x0000,0x0000,0x0000,
  0x0000,0x0000,0x0000,0x0000,0x0000,0x0000,0x0000,0x0000,0x0000,0x0000,0x0000,0x0000,0x0000,0x0000,0x0000,0x0000,
  0x0000,0x0000,0x0000,0x0000,0x0000,0x0000,0x0000,0x0000,0x0000,0x0000,0x0000,0x0000,0x0000,0x0000,0x0000,0x0000,
  0x0000,0x0000,0x0000,0x0000,0x0000,0x0000,0x0000,0x0000,0x0000,0x0000,0x0000,0x0000,0x0000,0x0000,0x0000,0x0000,
  0x0000,0x0000,0x0000,0x0000,0x0000,0x0000,0x0000,0x0000,0x0000,0x0000,0x0000,0x0000,0x0000,0x0000,0x0000,0x0000,
  0x0000,0x0000,0x0000,0x0000,0x0000,0x0000,0x0000,0x0000,0x0000,0x0000,0x0000,0x0000,0x0000,0x0000,0x0000,0x0000,
  0x0000,0x0000,0x0000,0x0000,0x0000,0x0000,0x0000,0x0000,0x0000,0x0000,0x0000,0x0000,0x0000,0x0000,0x0000,0x0000,
  0x0000,0x0000,0x0000,0x0000,0x0000,0x0000,0x0000,0x0000,0x0000,0x0000,0x0000,0x0000,0x0000,0x0000,0x0000,0x0000,
  0x0000,0x0000,0x0000,0x0000,0x0000,0x0000,0x0000,0x0000,0x0000,0x0000,0x0000,0x0000,0x0000,0x0000,0x0000,0x0000,
  0x0000,0x0000,0x0000,0xFE21,0x0000,0xFEE3,0x0000,0x0000,0x0000,0x0000,0x0000,0x0000,0x0000,0x0000,0x0000,0x0000,
  0x0000,0x0000,0x0000,0x0000,0x0000,0x0000,0x0000,0x0000,0x0000,0x0000,0x0000,0x0000,0x0000,0x0000,0x0000,0x0000,
  0x0000,0x0000,0x0000,0x0000,0x0000,0x0000,0x0000,0x0000,0x0000,0x0000,0x0000,0x0000,0x0000,0x0000,0x0000,0x0000,
  0x0000,0x0000,0x0000,0x0000,0x0000,0x0000,0x0000,0x0000,0x0000,0x0000,0x0000,0x0000,0x0000,0x0000,0x0000,0x0000,
  0x0000,0x0000,0x0000,0x0000,0x0000,0x0000,0x0000,0x0000,0x0000,0x0000,0x0000,0x0000,0x0000,0x0000,0x0000,0x0000,
  0x0000,0x0000,0x0000,0x0000,0x0000,0x0000,0x0000,0x0000,0x0000,0x0000,0x0000,0x0000,0x0000,0x0000,0x0000,0x0000,
  0x0000,0x0000,0x0000,0x0000,0x0000,0x0000,0x0000,0x0000,0x0000,0x0000,0x0000,0x0000,0x0000,0x0000,0x0000,0x0000,
  0x0000,0x0000,0x0000,0x0000,0x0000,0x0000,0x0000,0x0000,0x0000,0x0000,0x0000,0x0000,0x0000,0x0000,0x0000,0x0000,
  0x0000,0x0000,0x0000,0x0000,0x0000,0x0000,0x0000,0x0000,0x0000,0x0000,0x0000,0x0000,0x0000,0x0000,0x0000,0x0000,
  0x0000,0x0000,0x0000,0x0000,0x0000,0x0000,0x0000,0x0000,0x0000,0x0000,0x0000,0x0000,0xFEA2,0x0000,0x0000,0xFE82,
  0x0000,0x0000,0x0000,0x0000,0x0000,0x0000,0x0000,0x0000,0x0000,0x0000,0x0000,0x0000,0x0000,0x0000,0x0000,0x0000,
  0x0000,0x0000,0x0000,0x0000,0x0000,0x0000,0x0000,0x0000,0x0000,0x0000,0x0000,0x0000,0x0000,0x0000,0x0000,0x0000,
  0x0000,0x0000,0x0000,0x0000,0x0000,0x0000,0x0000,0x0000,0x0000,0x0000,0x0000,0x0000,0x0000,0x0000,0x0000,0x0000,
  0x0000,0x0000,0x0000,0x0000,0x0000,0x0000,0x0000,0x0000,0x0000,0x0000,0x0000,0x0000,0x0000,0x0000,0x0000,0x0000,
  0x0000,0x0000,0x0000,0x0000,0x0000,0x0000,0x0000,0x0000,0x0000,0x0000,0x0000,0x0000,0x0000,0x0000,0x0000,0x0000,
  0x0000,0x0000,0x0000,0x0000,0x0000,0x0000,0x0000,0x0000,0x0000,0x0000,0x0000,0x0000,0x0000,0x0000,0x0000,0x0000,
  0x0000,0x0000,0x0000,0x0000,0x0000,0x0000,0x0000,0x0000,0x0000,0x0000,0x0000,0x0000,0x0000,0x0000,0x0000,0x0000,
  0x0000,0x0000,0x0000,0x0000,0x0000,0x0000,0x0000,0x0000,0x0000,0x0000,0x0000,0x0000,0x0000,0x0000,0x0000,0x0000,
  0x0000,0x0000,0x0000,0x0000,0x0000,0x0000,0x0000,0x0000,0x0000,0x0000,0x0000,0x0000,0x0000,0x0000,0x0000,0x0000,
  0x0000,0x0000,0x0000,0x0000,0x0000,0x0000,0x0000,0x0000,0x0000,0x0000,0x0000,0x0000,0xFDE1,0x0000,0x0000,0x0000,
  0x0000,0x0000,0x0000,0x0000,0x0000,0x0000,0x0000,0x0000,0x0000,0x0000,0x0000,0x0000,0x0000,0x0000,0x0000,0x0000,
  0x0000,0x0000,0x0000,0x0000,0x0000,0x0000,0x0000,0x0000,0x0000,0x0000,0x0000,0x0000,0x0000,0x0000,0x0000,0x0000,
  0x0000,0x0000,0x0000,0x0000,0x0000,0x0000,0x0000,0x0000,0x0000,0x0000,0x0000,0x0000,0x0000,0x0000,0x0000,0x0000,
  0x0000,0x0000,0x0000,0x0000,0x0000,0x0000,0x0000,0x0000,0x0000,0x0000,0x0000,0x0000,0x0000,0x0000,0x0000,0x0000,
  0x0000,0x0000,0x0000,0x0000,0x0000,0x0000,0x0000,0x0000,0x0000,0x0000,0x0000,0x0000,0x0000,0x0000,0x0000,0x0000,
  0x0000,0x0000,0x0000,0x0000,0x0000,0x0000,0x0000,0x0000,0x0000,0x0000,0x0000,0x0000,0x0000,0x0000,0x0000,0x0000,
  0x0000,0x0000,0x0000,0x0000,0x0000,0x0000,0x0000,0x0000,0x0000,0x0000,0x0000,0x0000,0x0000,0x0000,0x0000,0x0000,
  0x0000,0x0000,0x0000,0x0000,0x0000,0x0000,0x0000,0x0000,0x0000,0x0000,0x0000,0x0000,0x0000,0x0000,0x0000,0x0000,
  0x0000,0x0000,0x0000,0x0000,0x0000,0x0000,0x0000,0x0000,0x0000,0x0000,0x0000,0x0000,0x0000,0x0000,0x0000,0x0000,
  0x0000,0x0000,0x0000,0x0000,0x0000,0x0000,0x0000,0x0000,0x0000,0x0000,0x0000,0x0000,0x0000,0x0000,0x0000,0x0000,
  0x0000,0x0000,0x0000,0x0000,0x0000,0x0000,0x0000,0x0000,0x0000,0x0000,0x0000,0x0000,0x0000,0x0000,0x0000,0x0000,
  0x0000,0x0000,0x0000,0x0000,0x0000,0x0000,0x0000,0x0000,0x0000,0x0000,0x0000,0x0000,0x0000,0x0000,0x0000,0x0000,
  0x0000,0x0000,0x0000,0x0000,0x0000,0x0000,0x0000,0x0000,0x0000,0x0000,0x0000,0x0000,0x0000,0x0000,0x0000,0x0000,
  0x0000,0x0000,0x0000,0x0000,0x0000,0x0000,0x0000,0x0000,0x0000,0x0000,0x0000,0x0000,0x0000,0x0000,0x0000,0x0000,
  0x0000,0x0000,0x0000,0x0000,
};
static const uint16_t almanac_station_poor[3712]={
  0x0000,0x0000,0x0000,0x0000,0x0000,0x0000,0x0000,0x0000,0x0000,0x0000,0x0000,0x0000,0x0000,0x0000,0x0000,0x0000,
  0x0000,0x0000,0x0000,0x0000,0x0000,0x0000,0x0000,0x0000,0x0000,0x0000,0x0000,0x0000,0x0000,0x0000,0x0000,0x0000,
  0x0000,0x0000,0xAD24,0x0000,0x0000,0x0000,0x0000,0x0000,0x0000,0x0000,0x0000,0x0000,0x0000,0x0000,0x0000,0x0000,
  0x0000,0x0000,0x0000,0x0000,0x0000,0x0000,0x0000,0x0000,0x0000,0x0000,0x0000,0x0000,0x0000,0x0000,0x0000,0x0000,
  0x0000,0x0000,0x0000,0x0000,0x0000,0x0000,0x0000,0x0000,0x0000,0x0000,0x0000,0x0000,0x0000,0x0000,0x0000,0x0000,
  0x0000,0x0000,0x0000,0x0000,0x0000,0x0000,0x0000,0x0000,0x0000,0x0000,0x0000,0x0000,0x0000,0x0000,0x0000,0x0000,
  0x0000,0x0000,0xAD25,0x0000,0x0000,0x0000,0x0000,0x0000,0x0000,0x0000,0x0000,0x0000,0x0000,0x0000,0x0000,0x0000,
  0x0000,0x0000,0x0000,0x0000,0x0000,0x0000,0x0000,0x0000,0x0000,0x0000,0x0000,0x0000,0x0000,0x0000,0x0000,0x0000,
  0x0000,0x0000,0x0000,0x0000,0x0000,0x0000,0x0000,0x0000,0x0000,0x0000,0x0000,0x0000,0x0000,0x0000,0x0000,0x0000,
  0x0000,0x0000,0x0000,0x0000,0x0000,0x0000,0x0000,0x0000,0x0000,0x0000,0x0000,0x0000,0x0000,0x0000,0x0000,0x0000,
  0x0000,0x0000,0x9C81,0x0000,0x0000,0x0000,0x0000,0x0000,0x0000,0x0000,0x0000,0x0000,0x0000,0x0000,0x0000,0x0000,
  0x0000,0x0000,0x0000,0x0000,0x0000,0x0000,0x0000,0x0000,0x0000,0x0000,0x0000,0x0000,0x0000,0x0000,0x0000,0x0000,
  0x0000,0x0000,0x0000,0x0000,0x0000,0x0000,0x0000,0x0000,0x0000,0x0000,0x0000,0x0000,0x0000,0x0000,0x0000,0x0000,
  0x0000,0x0000,0x0000,0x0000,0x0000,0x0000,0x0000,0x0000,0x0000,0x0000,0x0000,0x0000,0x0000,0x0000,0x0000,0x0000,
  0x0000,0x0000,0x9CA2,0x0000,0x0000,0x0000,0x0000,0x0000,0x0000,0x0000,0x0000,0x0000,0x0000,0x0000,0x0000,0x0000,
  0x0000,0x0000,0x0000,0x0000,0x0000,0x0000,0x0000,0x0000,0x0000,0x0000,0x0000,0x0000,0x0000,0x0000,0x0000,0x0000,
  0x0000,0x0000,0x0000,0x0000,0x0000,0x0000,0x0000,0x0000,0x0000,0x0000,0x0000,0x0000,0x0000,0x0000,0x0000,0x0000,
  0x0000,0x0000,0x0000,0x0000,0x0000,0x0000,0x0000,0x0000,0x0000,0x0000,0x0000,0x0000,0x0000,0x0000,0x0000,0x0000,
  0x0000,0x0000,0x8000,0x0000,0x0000,0x0000,0x0000,0x0000,0x0000,0x0000,0x0000,0x0000,0x0000,0x0000,0x0000,0x0000,
  0x0000,0x0000,0x0000,0x0000,0x0000,0x0000,0x0000,0x0000,0x0000,0x0000,0x0000,0x0000,0x0000,0x0000,0x0000,0x0000,
  0x0000,0x0000,0x0000,0x0000,0x0000,0x0000,0x0000,0x0000,0x0000,0x0000,0x0000,0x0000,0x0000,0x0000,0x0000,0x0000,
  0x0000,0x0000,0x0000,0x0000,0x0000,0x0000,0x0000,0x0000,0x0000,0x0000,0x0000,0x0000,0x0000,0x0000,0x0000,0x0000,
  0x0000,0xD607,0x8821,0x0000,0x0000,0x0000,0x0000,0x0000,0x0000,0x0000,0x0000,0x0000,0x0000,0x0000,0x0000,0x0000,
  0x0000,0x0000,0x0000,0x0000,0x0000,0x0000,0x0000,0x0000,0x0000,0x0000,0x0000,0x0000,0x0000,0x0000,0x0000,0x0000,
  0x0000,0x0000,0x0000,0x0000,0x0000,0x0000,0x0000,0x0000,0x0000,0x0000,0x0000,0x0000,0x0000,0x0000,0x0000,0x0000,
  0x0000,0x0000,0x0000,0x0000,0x0000,0x0000,0x0000,0x0000,0x0000,0x0000,0x0000,0x0000,0x0000,0x0000,0x0000,0x0000,
  0x0000,0xD607,0x8845,0x0000,0x0000,0x0000,0x0000,0x0000,0x0000,0x0000,0x0000,0x0000,0x0000,0x0000,0x0000,0x0000,
  0x0000,0x0000,0x0000,0x0000,0x0000,0x0000,0x0000,0x0000,0x0000,0x0000,0x0000,0x0000,0x0000,0x0000,0x0000,0x0000,
  0x0000,0x0000,0x0000,0x0000,0x0000,0x0000,0x0000,0x0000,0x0000,0x0000,0x0000,0x0000,0x0000,0x0000,0x0000,0x0000,
  0x0000,0x0000,0x0000,0x0000,0x0000,0x0000,0x0000,0x0000,0x0000,0x0000,0x0000,0x0000,0x0000,0x0000,0x0000,0x0000,
  0x9482,0xD1C4,0x8844,0x0000,0x0000,0x0000,0x0000,0x0000,0x0000,0x0000,0x0000,0x0000,0x0000,0x0000,0x0000,0x0000,
  0x0000,0x0000,0x0000,0x0000,0x0000,0x0000,0x0000,0x0000,0x0000,0x0000,0x0000,0x0000,0x0000,0x0000,0x0000,0x0000,
  0x0000,0x0000,0x0000,0x0000,0x0000,0x0000,0x0000,0x0000,0x0000,0x0000,0x0000,0x0000,0x0000,0x0000,0x0000,0x0000,
  0x0000,0x0000,0x0000,0x0000,0x0000,0x0000,0x0000,0x0000,0x0000,0x0000,0x0000,0x0000,0x0000,0x0000,0x0000,0x0000,
  0x9061,0xC164,0x8003,0x0000,0x0000,0x0000,0x0000,0x0000,0x0000,0x0000,0x0000,0x0000,0x0000,0x0000,0x0000,0x0000,
  0x0000,0x0000,0x0000,0x0000,0x0000,0x0000,0x0000,0x0000,0x0000,0x0000,0x0000,0x0000,0x0000,0x0000,0x0000,0x0000,
  0x0000,0x0000,0x0000,0x0000,0x0000,0x0000,0x0000,0x0000,0x0000,0x0000,0x0000,0x0000,0x0000,0x0000,0x0000,0x0000,
  0x0000,0x0000,0x0000,0x0000,0x0000,0x0000,0x0000,0x0000,0x0000,0x0000,0x0000,0x0000,0x0000,0x0000,0x0000,0x0000,
  0x8C41,0xD1C5,0x8846,0x0000,0x0000,0x0000,0x0000,0x0000,0x0000,0x0000,0x0000,0x0000,0x0000,0x0000,0x0000,0x0000,
  0x0000,0x0000,0x0000,0x0000,0x0000,0x0000,0x0000,0x0000,0x0000,0x0000,0x0000,0x0000,0x0000,0x0000,0x0000,0x0000,
  0x0000,0x0000,0x0000,0x0000,0x0000,0x0000,0x0000,0x0000,0x0000,0x0000,0x0000,0x0000,0x0000,0x0000,0x0000,0x0000,
  0x0000,0x0000,0x0000,0x0000,0x0000,0x0000,0x0000,0x0000,0x0000,0x0000,0x0000,0x0000,0x0000,0x0000,0x0000,0x0000,
  0x8C40,0xA4A3,0x8867,0x0000,0x0000,0x0000,0x0000,0x0000,0x0000,0x0000,0x0000,0x0000,0x0000,0x0000,0x0000,0x0000,
  0x0000,0x0000,0x0000,0x0000,0x0000,0x0000,0x0000,0x0000,0x0000,0x0000,0x0000,0x0000,0x0000,0x0000,0x0000,0x0000,
  0x0000,0x0000,0x0000,0x0000,0x0000,0x0000,0x0000,0x0000,0x0000,0x0000,0x0000,0x0000,0x0000,0x0000,0x0000,0x0000,
  0x0000,0x0000,0x0000,0x0000,0x0000,0x0000,0x0000,0x0000,0x0000,0x0000,0x0000,0x0000,0x0000,0x0000,0x0000,0x0000,
  0x8821,0xA4A3,0x8424,0x0000,0x0000,0x0000,0x0000,0x0000,0x0000,0x0000,0x0000,0x0000,0x0000,0x0000,0x0000,0x0000,
  0x0000,0x0000,0x0000,0x0000,0x0000,0x0000,0x0000,0x0000,0x0000,0x0000,0x0000,0x0000,0x0000,0x0000,0x0000,0x0000,
  0x0000,0x0000,0x0000,0x0000,0x0000,0x0000,0x0000,0x0000,0x0000,0x0000,0x0000,0x0000,0x0000,0x0000,0x0000,0x0000,
  0x0000,0x0000,0x0000,0x0000,0x0000,0x0000,0x0000,0x0000,0x0000,0x0000,0x0000,0x0000,0x0000,0x0000,0x0000,0x0000,
  0x8000,0xDE06,0x8844,0x0000,0x0000,0x8000,0x8000,0x0000,0x0000,0x0000,0x0000,0x0000,0x0000,0x0000,0x0000,0x0000,
  0x0000,0x0000,0x0000,0x0000,0x0000,0x0000,0x0000,0x0000,0x0000,0x0000,0x0000,0x0000,0x0000,0x0000,0x0000,0x0000,
  0x0000,0x0000,0x0000,0x0000,0x0000,0x0000,0x0000,0x0000,0x0000,0x0000,0x0000,0x0000,0x0000,0x0000,0x0000,0x0000,
  0x0000,0x0000,0x0000,0x0000,0x0000,0x0000,0x0000,0x0000,0x0000,0x0000,0x0000,0x0000,0x0000,0x0000,0x0000,0xE668,
  0x8401,0xDE06,0x8843,0x8C63,0x0000,0x8000,0x8087,0x0000,0x0000,0x0000,0x0000,0x0000,0x0000,0x0000,0x0000,0x0000,
  0x0000,0x0000,0x0000,0x0000,0x0000,0x0000,0x0000,0x0000,0x0000,0x0000,0x0000,0x0000,0x0000,0x0000,0x0000,0x0000,
  0x0000,0x0000,0x0000,0x0000,0x0000,0x0000,0x0000,0x0000,0x0000,0x0000,0x0000,0x0000,0x0000,0x0000,0x0000,0x0000,
  0x0000,0x0000,0x0000,0x0000,0x0000,0x0000,0x0000,0x0000,0x0000,0x0000,0x0000,0x0000,0x0000,0x0000,0x0000,0xF2F0,
  0x8C65,0xEAAC,0x8C65,0x8001,0x0000,0x8000,0x8088,0x0000,0x0000,0x0000,0x0000,0x0000,0x0000,0x0000,0x0000,0x0000,
  0x0000,0x0000,0x0000,0x0000,0x0000,0x0000,0x0000,0x0000,0x0000,0x0000,0x0000,0x0000,0x0000,0x0000,0x0000,0x0000,
  0x0000,0x0000,0x0000,0x0000,0x0000,0x0000,0x0000,0x0000,0x0000,0x0000,0x0000,0x0000,0x0000,0x0000,0x0000,0x0000,
  0x0000,0x0000,0x0000,0x0000,0x0000,0x0000,0x0000,0x0000,0x0000,0x0000,0x0000,0x0000,0x0000,0x0000,0x0000,0xEAF0,
  0x8443,0xF70F,0x8844,0x8D91,0x0000,0x8421,0x80AA,0x0000,0x0000,0x0000,0x0000,0x0000,0x0000,0x0000,0x0000,0x0000,
  0x0000,0x0000,0x0000,0x0000,0x0000,0x0000,0x0000,0x0000,0x0000,0x0000,0x0000,0x0000,0x0000,0x0000,0x0000,0x0000,
  0x0000,0x0000,0x0000,0x0000,0x0000,0x0000,0x0000,0x0000,0x0000,0x0000,0x0000,0x0000,0x0000,0x0000,0x0000,0x0000,
  0x0000,0x0000,0x0000,0x0000,0x0000,0x0000,0x0000,0x0000,0x0000,0x0000,0x0000,0x0000,0x0000,0x0000,0xAD26,0xAD06,
  0x8C64,0xD60C,0x8864,0x80C9,0xCE0B,0x8000,0x8088,0x0000,0x0000,0x0000,0x0000,0x0000,0x0000,0x0000,0x0000,0x0000,
  0x0000,0x0000,0x0000,0x0000,0x0000,0x0000,0x0000,0x0000,0x0000,0x0000,0x0000,0x0000,0x0000,0x0000,0x0000,0x0000,
  0x0000,0x0000,0x0000,0x0000,0x0000,0x0000,0x0000,0x0000,0x0000,0x0000,0x0000,0x0000,0x0000,0x0000,0x0000,0x0000,
  0x0000,0x0000,0x0000,0x0000,0x0000,0x0000,0x0000,0x0000,0x0000,0x0000,0x0000,0x0000,0x0000,0xE6CE,0xFB72,0xFBB6,
  0xFB95,0xFB73,0xCDED,0xCDEE,0xB96A,0x84AB,0x8217,0x0000,0x0000,0x0000,0x0000,0x0000,0x0000,0x0000,0x0000,0x0000,
  0x0000,0x0000,0x0000,0x0000,0x0000,0x0000,0x0000,0x0000,0x0000,0x0000,0x0000,0x0000,0x0000,0x0000,0x0000,0x0000,
  0x0000,0x0000,0x0000,0x0000,0x0000,0x0000,0x0000,0x0000,0x0000,0x0000,0x0000,0x0000,0x0000,0x0000,0x0000,0x0000,
  0x0000,0x0000,0x0000,0x0000,0x0000,0x0000,0x0000,0x0000,0x0000,0x0000,0x0000,0x0000,0x0000,0xEB10,0xD9A9,0x8C63,
  0x8000,0x8001,0x8000,0x8023,0x8067,0x8001,0x808B,0x0000,0x0000,0x0000,0x0000,0x0000,0x0000,0x0000,0x0000,0x0000,
  0x0000,0x0000,0x0000,0x0000,0x0000,0x0000,0x0000,0x0000,0x0000,0x0000,0x0000,0x0000,0x0000,0x0000,0x0000,0x0000,
  0x0000,0x0000,0x0000,0x0000,0x0000,0x0000,0x0000,0x0000,0x0000,0x0000,0x0000,0x0000,0x0000,0x0000,0x0000,0x0000,
  0x0000,0x0000,0x0000,0x0000,0x0000,0x0000,0x0000,0x0000,0x0000,0x0000,0x0000,0x0000,0x8841,0x8420,0x8C42,0x9CC8,
  0x9063,0x8866,0x8C85,0x8889,0x8089,0x8001,0x8002,0x8001,0x8886,0x0000,0x0000,0x0000,0x0000,0x0000,0x0000,0x0000,
  0x0000,0x0000,0x0000,0x0000,0x0000,0x0000,0x0000,0x0000,0x0000,0x0000,0x0000,0x0000,0x0000,0x0000,0x0000,0x0000,
  0x0000,0x0000,0x0000,0x0000,0x0000,0x0000,0x0000,0x0000,0x0000,0x0000,0x0000,0x0000,0x0000,0x0000,0x0000,0x0000,
  0x0000,0x0000,0x0000,0x0000,0x0000,0x0000,0x0000,0x0000,0x0000,0x0000,0xDDE2,0xFFDB,0xFB51,0xFFFA,0xFFD8,0xFB97,
  0xDE6E,0xCDED,0xC1AB,0xB96A,0xB569,0xB56A,0xA508,0x88A7,0x80CA,0x8193,0x0000,0x0000,0x0000,0x0000,0x0000,0x0000,
  0x0000,0x0000,0x0000,0x0000,0x0000,0x0000,0x0000,0x0000,0x0000,0x0000,0x0000,0x0000,0x0000,0x0000,0x0000,0x0000,
  0x0000,0x0000,0x0000,0x0000,0x0000,0x0000,0x0000,0x0000,0x0000,0x0000,0x0000,0x0000,0x0000,0x0000,0x0000,0x0000,
  0x0000,0x0000,0x0000,0x0000,0x0000,0x0000,0x0000,0x0000,0x0000,0xEE85,0xFFF8,0xF6F0,0xC565,0xEE8F,0xCDEC,0xE6AE,
  0xB969,0xB129,0x9CE6,0x9CE8,0x9CE8,0x98A6,0x8C86,0x8C86,0x88CA,0x8066,0x81FA,0x0000,0x0000,0x0000,0x0000,0x0000,
  0x0000,0x0000,0x0000,0x0000,0x0000,0x0000,0x0000,0x0000,0x0000,0x0000,0x0000,0x0000,0x0000,0x0000,0x0000,0x0000,
  0x0000,0x0000,0x0000,0x0000,0x0000,0x0000,0x0000,0x0000,0x0000,0x0000,0x0000,0x0000,0x0000,0x0000,0x0000,0x0000,
  0x0000,0x0000,0x0000,0x0000,0x0000,0x0000,0x0000,0x0000,0x8420,0xDA49,0xFFB4,0xD5CA,0xFF51,0xEA8D,0xB548,0xB969,
  0xB569,0xB969,0xA929,0xA92A,0xA909,0x94C8,0x94A6,0x8C85,0x8445,0x8465,0x81B7,0x81B5,0x0000,0x0000,0x0000,0x0000,
  0x0000,0x0000,0x0000,0x0000,0x0000,0x0000,0x0000,0x0000,0x0000,0x0000,0x0000,0x0000,0x0000,0x0000,0x0000,0x0000,
  0x0000,0x0000,0x0000,0x0000,0x0000,0x0000,0x0000,0x0000,0x0000,0x0000,0x0000,0x0000,0x0000,0x0000,0x0000,0x0000,
  0x0000,0x0000,0x0000,0x0000,0x0000,0x0000,0x0000,0x0000,0x8420,0xA081,0x9062,0xA0C5,0x9CC5,0x9CC5,0x8842,0x9CE7,
  0x9084,0x9085,0x8C65,0x8C65,0x8864,0x8C86,0x8422,0x8022,0x8001,0x8001,0x8000,0x8044,0x0000,0x0000,0x0000,0x0000,
  0x0000,0x0000,0x0000,0x0000,0x0000,0x0000,0x0000,0x0000,0x0000,0x0000,0x0000,0x0000,0x0000,0x0000,0x0000,0x0000,
  0x0000,0x0000,0x0000,0x0000,0x0000,0x0000,0x0000,0x0000,0x0000,0x0000,0x0000,0x0000,0x0000,0x0000,0x0000,0x0000,
  0x0000,0x0000,0x0000,0x0000,0x0000,0x0000,0x0000,0x0000,0x8000,0xE9C0,0xCA0B,0x9461,0xFFEE,0xD163,0x8421,0xB96A,
  0xB149,0xA909,0x98C8,0x94A6,0x94A6,0x8C87,0xFA20,0xFEA1,0xA4A2,0x9064,0xFA60,0x812E,0x0000,0x0000,0x0000,0x0000,
  0x0000,0x0000,0x0000,0x0000,0x0000,0x0000,0x0000,0x0000,0x0000,0x0000,0x0000,0x0000,0x0000,0x0000,0x0000,0x0000,
  0x0000,0x0000,0x0000,0x0000,0x0000,0x0000,0x0000,0x0000,0x0000,0x0000,0x0000,0x0000,0x0000,0x0000,0x0000,0x0000,
  0x0000,0x0000,0x0000,0x0000,0x0000,0x0000,0x0000,0xFB4D,0x8420,0xF266,0xD64E,0xA4C3,0xF2E8,0xBD04,0x9463,0xA929,
  0xB58B,0xA0C8,0xA4E5,0x94A6,0x9085,0x8865,0xE160,0xD940,0x8C64,0x8843,0x8087,0x80AA,0x8022,0x0000,0x0000,0x0000,
  0x0000,0x0000,0x0000,0x0000,0x0000,0x0000,0x0000,0x0000,0x0000,0x0000,0x0000,0x0000,0x0000,0x0000,0x0000,0x0000,
  0x0000,0x0000,0x0000,0x0000,0x0000,0x0000,0x0000,0x0000,0x0000,0x0000,0x0000,0x0000,0x0000,0x0000,0x0000,0x0000,
  0x0000,0x0000,0x0000,0x0000,0x0000,0x0000,0x8841,0xEEF0,0xEF35,0xF732,0x8821,0x8000,0x8820,0x8842,0x8421,0x8C63,
  0x8422,0x8401,0x8421,0x8001,0x8422,0x8001,0x8001,0x8002,0x8000,0x8044,0x8023,0x8239,0x810E,0x8000,0x0000,0x0000,
  0x0000,0x0000,0x0000,0x0000,0x0000,0x0000,0x0000,0x0000,0x0000,0x0000,0x0000,0x0000,0x0000,0x0000,0x0000,0x0000,
  0x0000,0x0000,0x0000,0x0000,0x0000,0x0000,0x0000,0x0000,0x0000,0x0000,0x0000,0x0000,0x0000,0x0000,0x0000,0xD9A1,
  0xCDA2,0xC5A7,0xB566,0xBDA8,0xFB72,0xFB52,0xF731,0xFB50,0xFB74,0xFFD1,0xFFAE,0x8422,0xBDCC,0x9CC7,0xD1E9,0xA509,
  0xA52A,0x9086,0x94A7,0x8C86,0x94A7,0x9086,0x8444,0x8466,0x8045,0x8001,0x8000,0x8000,0x8862,0x8C62,0x9083,0x0000,
  0x0000,0x0000,0x0000,0x0000,0x0000,0x0000,0x0000,0x0000,0x0000,0x0000,0x0000,0x0000,0x0000,0x0000,0x0000,0x0000,
  0x0000,0x0000,0x0000,0x0000,0x0000,0x0000,0x0000,0x0000,0x0000,0x0000,0x0000,0x9883,0xFFAC,0xEF2E,0xEF10,0xC9EC,
  0xB148,0xA509,0xA929,0xA92A,0xAD49,0xB989,0xBDAA,0x94C7,0x94A7,0x9086,0x90A7,0x9087,0x8422,0x9086,0xAD29,0xA0E8,
  0x9CE7,0xA0E8,0xA0E8,0x9CE8,0x94C8,0x94A7,0x8C85,0x8865,0x8000,0x8844,0x94A8,0x94C7,0xA109,0xA529,0xAD4B,0xEAF3,
  0xEF13,0xDA8F,0x9658,0x8000,0x0000,0x0000,0x0000,0x0000,0x0000,0x0000,0x0000,0x0000,0x0000,0x0000,0x0000,0x0000,
  0x0000,0x0000,0x0000,0x0000,0x0000,0x0000,0x0000,0x0000,0x0000,0x0000,0x0000,0xEACB,0xA8E4,0x8C20,0x8C20,0x9020,
  0x9440,0x9040,0x8820,0x8820,0x8000,0xB988,0x8C85,0x94A7,0x94A7,0x90A7,0x90C9,0x8843,0x8000,0x8423,0xD62A,0x98C6,
  0x8843,0xF660,0xDD40,0xB8A0,0x94A8,0x8C86,0x8C86,0x8024,0x8887,0x8001,0x8420,0x90A8,0x9441,0x84CC,0x8844,0x9084,
  0x8043,0x80EA,0x80A8,0x8173,0x0000,0x0000,0x0000,0x0000,0x0000,0x0000,0x0000,0x0000,0x0000,0x0000,0x0000,0x0000,
  0x0000,0x0000,0x0000,0x0000,0x0000,0x0000,0x0000,0x0000,0x0000,0x0000,0x0000,0xEACD,0x9CA4,0xCCC0,0xC4C0,0xFAA0,
  0xED80,0xFEC0,0xFE60,0xFEE0,0xDD40,0xE68E,0x8C85,0x8865,0x8C86,0x8865,0x8445,0x8C87,0x8001,0x8865,0xA929,0xA509,
  0x8C63,0xF620,0xCD00,0xA440,0x90A8,0x9086,0x8865,0x8045,0x8025,0x8002,0x8022,0x8CA7,0x8844,0x8443,0x8443,0x8C43,
  0x8422,0x8023,0x8022,0x8171,0x0000,0x0000,0x0000,0x0000,0x0000,0x0000,0x0000,0x0000,0x0000,0x0000,0x0000,0x0000,
  0x0000,0x0000,0x0000,0x0000,0x0000,0x0000,0x0000,0x0000,0x0000,0x0000,0x0000,0xEACD,0x9483,0x9040,0xB8E2,0xB8E0,
  0xC500,0xC100,0xC0E0,0xB4C0,0x9860,0xE28F,0x8C86,0x98C7,0x8C86,0x8C86,0x8C87,0x8C87,0x8000,0x8C87,0xA909,0x9CE7,
  0xA52A,0x98C7,0x98C8,0x94C7,0x9087,0x98A6,0x8044,0x8445,0x8000,0x8866,0x90A7,0x8867,0x8865,0x8865,0x8C86,0x8CA8,
  0x88A8,0x8487,0x8488,0x8001,0x0000,0x0000,0x0000,0x0000,0x0000,0x0000,0x0000,0x0000,0x0000,0x0000,0x0000,0x0000,
  0x0000,0x0000,0x0000,0x0000,0x0000,0x0000,0x0000,0x0000,0x0000,0x0000,0x0000,0x0000,0xEACF,0xC1ED,0xB16B,0xB16A,
  0xB58B,0xAD4A,0xAD4A,0xA929,0xA929,0x8423,0x8C85,0x8423,0x8000,0x8000,0x8001,0x8000,0x8886,0x8865,0xB148,0xA0E6,
  0xA509,0x90A6,0x94A7,0x94C8,0x98C7,0x8CA7,0x8001,0x8023,0x8002,0x8000,0x8000,0x8000,0x8045,0x8001,0x0000,0x0000,
  0x0000,0x0000,0x0000,0x0000,0x0000,0x0000,0x0000,0x0000,0x0000,0x0000,0x0000,0x0000,0x0000,0x0000,0x0000,0x0000,
  0x0000,0x0000,0x0000,0x0000,0x0000,0x0000,0x0000,0x0000,0x0000,0x0000,0x0000,0x0000,0x0000,0x0000,0x0000,0x0000,
  0x0000,0x0000,0x0000,0x0000,0x0000,0x0000,0x0000,0xCE0B,0x8865,0xF2AA,0x8844,0x8866,0x8865,0x9D0A,0x9C62,0xA082,
  0x9484,0x9063,0x8C42,0x8C42,0x8821,0x9020,0x9441,0x8866,0x8045,0x8045,0x810E,0x8001,0x8000,0x0000,0x0000,0x0000,
  0x0000,0x0000,0x0000,0x0000,0x0000,0x0000,0x0000,0x0000,0x0000,0x0000,0x0000,0x0000,0x0000,0x0000,0x0000,0x0000,
  0x0000,0x0000,0x0000,0x0000,0x0000,0x0000,0x0000,0x0000,0x0000,0x0000,0x0000,0x0000,0x0000,0x0000,0x0000,0x0000,
  0x0000,0x0000,0x0000,0x0000,0x0000,0x0000,0x0000,0x9CA3,0x8000,0xFFB0,0xE629,0xA509,0x94A7,0x9CE9,0xF600,0xE1A0,
  0xD560,0xEE20,0x9440,0xFAA0,0xA060,0xFA60,0xA862,0x8444,0x8C64,0x80EB,0x8193,0x8001,0x8022,0x0000,0x0000,0x0000,
  0x0000,0x0000,0x0000,0x0000,0x0000,0x0000,0x0000,0x0000,0x0000,0x0000,0x0000,0x0000,0x0000,0x0000,0x0000,0x0000,
  0x0000,0x0000,0x0000,0x0000,0x0000,0x0000,0x0000,0x0000,0x0000,0x0000,0x0000,0x0000,0x0000,0x0000,0x0000,0x0000,
  0x0000,0x0000,0x0000,0x0000,0x0000,0x0000,0x0000,0x8000,0x8000,0x8000,0xE6A9,0xD20B,0xAD27,0xA929,0xB129,0xA909,
  0xB14A,0xA508,0xA509,0xA109,0x94A6,0x8C86,0x8866,0x8467,0x8067,0x8152,0x8000,0x8001,0x0000,0x0000,0x0000,0x0000,
  0x0000,0x0000,0x0000,0x0000,0x0000,0x0000,0x0000,0x0000,0x0000,0x0000,0x0000,0x0000,0x0000,0x0000,0x0000,0x0000,
  0x0000,0x0000,0x0000,0x0000,0x0000,0x0000,0x0000,0x0000,0x0000,0x0000,0x0000,0x0000,0x0000,0x0000,0x0000,0x0000,
  0x0000,0x0000,0x0000,0x0000,0x0000,0x0000,0x0000,0x8000,0x8001,0x0000,0x9062,0x8421,0x8000,0x8000,0x8000,0x8001,
  0x8000,0x8000,0x8000,0x8000,0x8000,0x8000,0x8000,0x8000,0x8000,0x8001,0x8044,0x8022,0x0000,0x0000,0x0000,0x0000,
  0x0000,0x0000,0x0000,0x0000,0x0000,0x0000,0x0000,0x0000,0x0000,0x0000,0x0000,0x0000,0x0000,0x0000,0x0000,0x0000,
  0x0000,0x0000,0x0000,0x0000,0x0000,0x0000,0x0000,0x0000,0x0000,0x0000,0x0000,0x0000,0x0000,0x0000,0x0000,0x0000,
  0x0000,0x0000,0x0000,0x0000,0x0000,0x0000,0x0000,0x0000,0x8C63,0x0000,0x9062,0xE1EA,0xC9A9,0xAD4B,0x8000,0x9CC7,
  0x8866,0x8866,0x8466,0x8866,0x8023,0x8466,0x8002,0x8044,0x80A9,0x8000,0x8043,0x8023,0x0000,0x0000,0x0000,0x0000,
  0x0000,0x0000,0x0000,0x0000,0x0000,0x0000,0x0000,0x0000,0x0000,0x0000,0x0000,0x0000,0x0000,0x0000,0x0000,0x0000,
  0x0000,0x0000,0x0000,0x0000,0x0000,0x0000,0x0000,0x0000,0x0000,0x0000,0x0000,0x0000,0x0000,0x0000,0x0000,0x0000,
  0x0000,0x0000,0x0000,0x0000,0x0000,0x0000,0x0000,0x0000,0x8000,0x0000,0x8C41,0xFACC,0xEA47,0xC188,0x8000,0xA509,
  0xB58A,0x94A6,0x9CE9,0x8864,0xC8E0,0x8445,0x8443,0x8023,0x8024,0x8000,0x0000,0x8043,0x0000,0x0000,0x0000,0x0000,
  0x0000,0x0000,0x0000,0x0000,0x0000,0x0000,0x0000,0x0000,0x0000,0x0000,0x0000,0x0000,0x0000,0x0000,0x0000,0x0000,
  0x0000,0x0000,0x0000,0x0000,0x0000,0x0000,0x0000,0x0000,0x0000,0x0000,0x0000,0x0000,0x0000,0x0000,0x0000,0x0000,
  0x0000,0x0000,0x0000,0x0000,0x0000,0x0000,0x0000,0x0000,0x8000,0x0000,0x8C41,0xFB51,0xE24E,0xC5CC,0x8001,0xA929,
  0xAD4A,0x94A7,0x9086,0x8422,0xE180,0x8865,0xA904,0x8067,0x80CB,0x8001,0x0000,0x8044,0x0000,0x0000,0x0000,0x0000,
  0x0000,0x0000,0x0000,0x0000,0x0000,0x0000,0x0000,0x0000,0x0000,0x0000,0x0000,0x0000,0x0000,0x0000,0x0000,0x0000,
  0x0000,0x0000,0x0000,0x0000,0x0000,0x0000,0x0000,0x0000,0x0000,0x0000,0x0000,0x0000,0x0000,0x0000,0x0000,0x0000,
  0x0000,0x0000,0x0000,0x0000,0x0000,0x0000,0x0000,0x0000,0x8000,0x0000,0x8C62,0xF666,0xEE29,0xB16A,0x8000,0xA509,
  0xA529,0x9CE7,0x98C8,0x8842,0x8864,0x8C85,0x8865,0x8046,0x80AA,0x8000,0x0000,0x8044,0x0000,0x0000,0x0000,0x0000,
  0x0000,0x0000,0x0000,0x0000,0x0000,0x0000,0x0000,0x0000,0x0000,0x0000,0x0000,0x0000,0x0000,0x0000,0x0000,0x0000,
  0x0000,0x0000,0x0000,0x0000,0x0000,0x0000,0x0000,0x0000,0x0000,0x0000,0x0000,0x0000,0x0000,0x0000,0x0000,0x0000,
  0x0000,0x0000,0x0000,0x0000,0x0000,0x0000,0x0000,0x0000,0x8000,0x0000,0x0000,0xFFF7,0xF6F1,0xBDCD,0x8400,0xA508,
  0xA92A,0x9CE9,0x98C7,0x90A7,0x8465,0x8C86,0x8CA8,0x8130,0x81B5,0x0000,0x0000,0x8465,0x0000,0x0000,0x0000,0x0000,
  0x0000,0x0000,0x0000,0x0000,0x0000,0x0000,0x0000,0x0000,0x0000,0x0000,0x0000,0x0000,0x0000,0x0000,0x0000,0x0000,
  0x0000,0x0000,0x0000,0x0000,0x0000,0x0000,0x0000,0x0000,0x0000,0x0000,0x0000,0x0000,0x0000,0x0000,0x0000,0x0000,
  0x0000,0x0000,0x0000,0x0000,0x0000,0x0000,0x0000,0x0000,0x0000,0x0000,0x0000,0x0000,0x8000,0x8000,0x8000,0x8000,
  0x8000,0x8000,0x8000,0x8000,0x8000,0x8001,0x8001,0x8000,0x0000,0x0000,0x0000,0x0000,0x0000,0x0000,0x0000,0x0000,
  0x0000,0x0000,0x0000,0x0000,0x0000,0x0000,0x0000,0x0000,0x0000,0x0000,0x0000,0x0000,0x0000,0x0000,0x0000,0x0000,
  0x0000,0x0000,0x0000,0x0000,0x0000,0x0000,0x0000,0x0000,0x0000,0x0000,0x0000,0x0000,0x0000,0x0000,0x0000,0x0000,
  0x0000,0x0000,0x0000,0x0000,0x0000,0x0000,0x0000,0x0000,0x0000,0x0000,0x0000,0x0000,0x0000,0x8400,0xA8C3,0xB56B,
  0x8866,0x8866,0x8466,0x9085,0x8045,0x8023,0x8002,0x0000,0x0000,0x0000,0x0000,0x0000,0x0000,0x0000,0x0000,0x0000,
  0x0000,0x0000,0x0000,0x0000,0x0000,0x0000,0x0000,0x0000,0x0000,0x0000,0x0000,0x0000,0x0000,0x0000,0x0000,0x0000,
  0x0000,0x0000,0x0000,0x0000,0x0000,0x0000,0x0000,0x0000,0x0000,0x0000,0x0000,0x0000,0x0000,0x0000,0x0000,0x0000,
  0x0000,0x0000,0x0000,0x0000,0x0000,0x0000,0x0000,0x0000,0x0000,0x0000,0x0000,0x0000,0x0000,0x8000,0x9C82,0xC9CA,
  0x90A6,0x90A7,0x98A5,0x9CA3,0x8023,0x80EE,0x8044,0x0000,0x0000,0x0000,0x0000,0x0000,0x0000,0x0000,0x0000,0x0000,
  0x0000,0x0000,0x0000,0x0000,0x0000,0x0000,0x0000,0x0000,0x0000,0x0000,0x0000,0x0000,0x0000,0x0000,0x0000,0x0000,
  0x0000,0x0000,0x0000,0x0000,0x0000,0x0000,0x0000,0x0000,0x0000,0x0000,0x0000,0x0000,0x0000,0x0000,0x0000,0x0000,
  0x0000,0x0000,0x0000,0x0000,0x0000,0x0000,0x0000,0x0000,0x0000,0x0000,0x0000,0x0000,0x0000,0x0000,0x8000,0x8400,
  0x8000,0x8000,0x8000,0x8000,0x8001,0x8000,0x0000,0x0000,0x0000,0x0000,0x0000,0x0000,0x0000,0x0000,0x0000,0x0000,
  0x0000,0x0000,0x0000,0x0000,0x0000,0x0000,0x0000,0x0000,0x0000,0x0000,0x0000,0x0000,0x0000,0x0000,0x0000,0x0000,
  0x0000,0x0000,0x0000,0x0000,0x0000,0x0000,0x0000,0x0000,0x0000,0x0000,0x0000,0x0000,0x0000,0x0000,0x0000,0x0000,
  0x0000,0x0000,0x0000,0x0000,0x0000,0x0000,0x0000,0x0000,0x0000,0x0000,0x0000,0x0000,0x0000,0x0000,0x8000,0xC585,
  0x98A8,0x8467,0x8424,0x8002,0x8131,0x0000,0x0000,0x0000,0x0000,0x0000,0x0000,0x0000,0x0000,0x0000,0x0000,0x0000,
  0x0000,0x0000,0x0000,0x0000,0x0000,0x0000,0x0000,0x0000,0x0000,0x0000,0x0000,0x0000,0x0000,0x0000,0x0000,0x0000,
  0x0000,0x0000,0x0000,0x0000,0x0000,0x0000,0x0000,0x0000,0x0000,0x0000,0x0000,0x0000,0x0000,0x0000,0x0000,0x0000,
  0x0000,0x0000,0x0000,0x0000,0x0000,0x0000,0x0000,0x0000,0x0000,0x0000,0x0000,0x0000,0x0000,0x0000,0x8000,0x8820,
  0xA0A5,0x8867,0x8843,0x8022,0x80EC,0x0000,0x0000,0x0000,0x0000,0x0000,0x0000,0x0000,0x0000,0x0000,0x0000,0x0000,
  0x0000,0x0000,0x0000,0x0000,0x0000,0x0000,0x0000,0x0000,0x0000,0x0000,0x0000,0x0000,0x0000,0x0000,0x0000,0x0000,
  0x0000,0x0000,0x0000,0x0000,0x0000,0x0000,0x0000,0x0000,0x0000,0x0000,0x0000,0x0000,0x0000,0x0000,0x0000,0x0000,
  0x0000,0x0000,0x0000,0x0000,0x0000,0x0000,0x0000,0x0000,0x0000,0x0000,0x0000,0x0000,0x0000,0x0000,0x8421,0x8821,
  0xC9CA,0x8444,0x8444,0x8C62,0x81F7,0x0000,0x0000,0x0000,0x0000,0x0000,0x0000,0x0000,0x0000,0x0000,0x0000,0x0000,
  0x0000,0x0000,0x0000,0x0000,0x0000,0x0000,0x0000,0x0000,0x0000,0x0000,0x0000,0x0000,0x0000,0x0000,0x0000,0x0000,
  0x0000,0x0000,0x0000,0x0000,0x0000,0x0000,0x0000,0x0000,0x0000,0x0000,0x0000,0x0000,0x0000,0x0000,0x0000,0x0000,
  0x0000,0x0000,0x0000,0x0000,0x0000,0x0000,0x0000,0x0000,0x0000,0x0000,0x0000,0x0000,0x0000,0x0000,0x8000,0x0000,
  0xA4E5,0x8423,0x8863,0x9464,0x812F,0x0000,0x0000,0x0000,0x0000,0x0000,0x0000,0x0000,0x0000,0x0000,0x0000,0x0000,
  0x0000,0x0000,0x0000,0x0000,0x0000,0x0000,0x0000,0x0000,0x0000,0x0000,0x0000,0x0000,0x0000,0x0000,0x0000,0x0000,
  0x0000,0x0000,0x0000,0x0000,0x0000,0x0000,0x0000,0x0000,0x0000,0x0000,0x0000,0x0000,0x0000,0x0000,0x0000,0x0000,
  0x0000,0x0000,0x0000,0x0000,0x0000,0x0000,0x0000,0x0000,0x0000,0x0000,0x0000,0x0000,0x0000,0x0000,0x8822,0x0000,
  0x98A4,0x8001,0x98A5,0x8C65,0x80ED,0x0000,0x0000,0x0000,0x0000,0x0000,0x0000,0x0000,0x0000,0x0000,0x0000,0x0000,
  0x0000,0x0000,0x0000,0x0000,0x0000,0x0000,0x0000,0x0000,0x0000,0x0000,0x0000,0x0000,0x0000,0x0000,0x0000,0x0000,
  0x0000,0x0000,0x0000,0x0000,0x0000,0x0000,0x0000,0x0000,0x0000,0x0000,0x0000,0x0000,0x0000,0x0000,0x0000,0x0000,
  0x0000,0x0000,0x0000,0x0000,0x0000,0x0000,0x0000,0x0000,0x0000,0x0000,0x0000,0x0000,0x0000,0x0000,0x0000,0x0000,
  0x8821,0x8000,0x8842,0x8000,0x0000,0x0000,0x0000,0x0000,0x0000,0x0000,0x0000,0x0000,0x0000,0x0000,0x0000,0x0000,
  0x0000,0x0000,0x0000,0x0000,0x0000,0x0000,0x0000,0x0000,0x0000,0x0000,0x0000,0x0000,0x0000,0x0000,0x0000,0x0000,
  0x0000,0x0000,0x0000,0x0000,0x0000,0x0000,0x0000,0x0000,0x0000,0x0000,0x0000,0x0000,0x0000,0x0000,0x0000,0x0000,
  0x0000,0x0000,0x0000,0x0000,0x0000,0x0000,0x0000,0x0000,0x0000,0x0000,0x0000,0x0000,0x0000,0x0000,0x0000,0x0000,
  0xB947,0x8422,0x8842,0x8000,0x0000,0x0000,0x0000,0x0000,0x0000,0x0000,0x0000,0x0000,0x0000,0x0000,0x0000,0x0000,
  0x0000,0x0000,0x0000,0x0000,0x0000,0x0000,0x0000,0x0000,0x0000,0x0000,0x0000,0x0000,0x0000,0x0000,0x0000,0x0000,
  0x0000,0x0000,0x0000,0x0000,0x0000,0x0000,0x0000,0x0000,0x0000,0x0000,0x0000,0x0000,0x0000,0x0000,0x0000,0x0000,
  0x0000,0x0000,0x0000,0x0000,0x0000,0x0000,0x0000,0x0000,0x0000,0x0000,0x0000,0x0000,0x0000,0x0000,0x0000,0x0000,
  0x8000,0x0000,0x0000,0x8000,0x0000,0x0000,0x0000,0x0000,0x0000,0x0000,0x0000,0x0000,0x0000,0x0000,0x0000,0x0000,
  0x0000,0x0000,0x0000,0x0000,0x0000,0x0000,0x0000,0x0000,0x0000,0x0000,0x0000,0x0000,0x0000,0x0000,0x0000,0x0000,
  0x0000,0x0000,0x0000,0x0000,0x0000,0x0000,0x0000,0x0000,0x0000,0x0000,0x0000,0x0000,0x0000,0x0000,0x0000,0x0000,
  0x0000,0x0000,0x0000,0x0000,0x0000,0x0000,0x0000,0x0000,0x0000,0x0000,0x0000,0x0000,0x0000,0x0000,0x0000,0x0000,
  0x8000,0x0000,0x0000,0x8000,0x0000,0x0000,0x0000,0x0000,0x0000,0x0000,0x0000,0x0000,0x0000,0x0000,0x0000,0x0000,
  0x0000,0x0000,0x0000,0x0000,0x0000,0x0000,0x0000,0x0000,0x0000,0x0000,0x0000,0x0000,0x0000,0x0000,0x0000,0x0000,
  0x0000,0x0000,0x0000,0x0000,0x0000,0x0000,0x0000,0x0000,0x0000,0x0000,0x0000,0x0000,0x0000,0x0000,0x0000,0x0000,
  0x0000,0x0000,0x0000,0x0000,0x0000,0x0000,0x0000,0x0000,0x0000,0x0000,0x0000,0x0000,0x0000,0x0000,0x0000,0x0000,
  0x8000,0x0000,0x0000,0x8000,0x0000,0x0000,0x0000,0x0000,0x0000,0x0000,0x0000,0x0000,0x0000,0x0000,0x0000,0x0000,
  0x0000,0x0000,0x0000,0x0000,0x0000,0x0000,0x0000,0x0000,0x0000,0x0000,0x0000,0x0000,0x0000,0x0000,0x0000,0x0000,
  0x0000,0x0000,0x0000,0x0000,0x0000,0x0000,0x0000,0x0000,0x0000,0x0000,0x0000,0x0000,0x0000,0x0000,0x0000,0x0000,
  0x0000,0x0000,0x0000,0x0000,0x0000,0x0000,0x0000,0x0000,0x0000,0x0000,0x0000,0x0000,0x0000,0x0000,0x0000,0x0000,
  0x8420,0x8421,0x0000,0x8000,0x0000,0x0000,0x0000,0x0000,0x0000,0x0000,0x0000,0x0000,0x0000,0x0000,0x0000,0x0000,
  0x0000,0x0000,0x0000,0x0000,0x0000,0x0000,0x0000,0x0000,0x0000,0x0000,0x0000,0x0000,0x0000,0x0000,0x0000,0x0000,
  0x0000,0x0000,0x0000,0x0000,0x0000,0x0000,0x0000,0x0000,0x0000,0x0000,0x0000,0x0000,0x0000,0x0000,0x0000,0x0000,
  0x0000,0x0000,0x0000,0x0000,0x0000,0x0000,0x0000,0x0000,0x0000,0x0000,0x0000,0x0000,0x0000,0x0000,0x0000,0x0000,
  0x0000,0x0000,0x0000,0x8000,0x0000,0x0000,0x0000,0x0000,0x0000,0x0000,0x0000,0x0000,0x0000,0x0000,0x0000,0x0000,
  0x0000,0x0000,0x0000,0x0000,0x0000,0x0000,0x0000,0x0000,0x0000,0x0000,0x0000,0x0000,0x0000,0x0000,0x0000,0x0000,
};
static const uint16_t almanac_station_rich[8968]={
  0x0000,0x0000,0x0000,0x0000,0x0000,0x0000,0x0000,0x0000,0x0000,0x0000,0x0000,0x0000,0x0000,0x0000,0x0000,0x0000,
  0x0000,0x0000,0x0000,0x0000,0x0000,0x0000,0x0000,0x0000,0x0000,0x0000,0x0000,0x0000,0x0000,0x0000,0x0000,0x0000,
  0x0000,0x0000,0x0000,0x0000,0x0000,0x0000,0x0000,0x0000,0x0000,0x0000,0x0000,0x0000,0x0000,0x0000,0x0000,0x0000,
  0x0000,0x0000,0x0000,0x0000,0x0000,0x0000,0x0000,0x0000,0x0000,0x0000,0x0000,0xFF4C,0x0000,0x0000,0x0000,0x0000,
  0x0000,0x0000,0x0000,0x0000,0x0000,0x0000,0x0000,0x0000,0x0000,0x0000,0x0000,0x0000,0x0000,0x0000,0x0000,0x0000,
  0x0000,0x0000,0x0000,0x0000,0x0000,0x0000,0x0000,0x0000,0x0000,0x0000,0x0000,0x0000,0x0000,0x0000,0x0000,0x0000,
  0x0000,0x0000,0x0000,0x0000,0x0000,0x0000,0x0000,0x0000,0x0000,0x0000,0x0000,0x0000,0x0000,0x0000,0x0000,0x0000,
  0x0000,0x0000,0x0000,0x0000,0x0000,0x0000,0x0000,0x0000,0x0000,0x0000,0x0000,0x0000,0x0000,0x0000,0x0000,0x0000,
  0x0000,0x0000,0x0000,0x0000,0x0000,0x0000,0x0000,0x0000,0x0000,0x0000,0x0000,0x0000,0x0000,0x0000,0x0000,0x0000,
  0x0000,0x0000,0x0000,0x0000,0x0000,0x0000,0x0000,0x0000,0x0000,0x0000,0x0000,0x0000,0x0000,0x0000,0x0000,0x0000,
  0x0000,0x0000,0x0000,0x0000,0x0000,0x0000,0x0000,0x0000,0x0000,0x0000,0x0000,0x0000,0x0000,0x0000,0x0000,0x0000,
  0x0000,0xF70C,0x0000,0x0000,0x0000,0x0000,0x0000,0x0000,0x0000,0x0000,0x0000,0x0000,0x0000,0x0000,0x0000,0x0000,
  0x0000,0x0000,0x0000,0x0000,0x0000,0x0000,0x0000,0x0000,0x0000,0x0000,0x0000,0x0000,0x0000,0x0000,0x0000,0x0000,
  0x0000,0x0000,0x0000,0x0000,0x0000,0x0000,0x0000,0x0000,0x0000,0x0000,0x0000,0x0000,0x0000,0x0000,0x0000,0x0000,
  0x0000,0x0000,0x0000,0x0000,0x0000,0x0000,0x0000,0x0000,0x0000,0x0000,0x0000,0x0000,0x0000,0x0000,0x0000,0x0000,
  0x0000,0x0000,0x0000,0x0000,0x0000,0x0000,0x0000,0x0000,0x0000,0x0000,0x0000,0x0000,0x0000,0x0000,0x0000,0x0000,
  0x0000,0x0000,0x0000,0x0000,0x0000,0x0000,0x0000,0x0000,0x0000,0x0000,0x0000,0x0000,0x0000,0x0000,0x0000,0x0000,
  0x0000,0x0000,0x0000,0x0000,0x0000,0x0000,0x0000,0x0000,0x0000,0x0000,0x0000,0x0000,0x0000,0x0000,0x0000,0x0000,
  0x0000,0x0000,0x0000,0x0000,0x0000,0x0000,0x0000,0xD560,0x0000,0x0000,0x0000,0x0000,0x0000,0x0000,0x0000,0x0000,
  0x0000,0x0000,0x0000,0x0000,0x0000,0x0000,0x0000,0x0000,0x0000,0x0000,0x0000,0x0000,0x0000,0x0000,0x0000,0x0000,
  0x0000,0x0000,0x0000,0x0000,0x0000,0x0000,0x0000,0x0000,0x0000,0x0000,0x0000,0x0000,0x0000,0x0000,0x0000,0x0000,
  0x0000,0x0000,0x0000,0x0000,0x0000,0x0000,0x0000,0x0000,0x0000,0x0000,0x0000,0x0000,0x0000,0x0000,0x0000,0x0000,
  0x0000,0x0000,0x0000,0x0000,0x0000,0x0000,0x0000,0x0000,0x0000,0x0000,0x0000,0x0000,0x0000,0x0000,0x0000,0x0000,
  0x0000,0x0000,0x0000,0x0000,0x0000,0x0000,0x0000,0x0000,0x0000,0x0000,0x0000,0x0000,0x0000,0x0000,0x0000,0x0000,
  0x0000,0x0000,0x0000,0x0000,0x0000,0x0000,0x0000,0x0000,0x0000,0x0000,0x0000,0x0000,0x0000,0x0000,0x0000,0x0000,
  0x0000,0x0000,0x0000,0x0000,0x0000,0x0000,0x0000,0x0000,0x0000,0x0000,0x0000,0x0000,0x0000,0xACE3,0x0000,0x0000,
  0x0000,0x0000,0x0000,0x0000,0x0000,0x0000,0x0000,0x0000,0x0000,0x0000,0x0000,0x0000,0x0000,0x0000,0x0000,0x0000,
  0x0000,0x0000,0x0000,0x0000,0x0000,0x0000,0x0000,0x0000,0x0000,0x0000,0x0000,0x0000,0x0000,0x0000,0x0000,0x0000,
  0x0000,0x0000,0x0000,0x0000,0x0000,0x0000,0x0000,0x0000,0x0000,0x0000,0x0000,0x0000,0x0000,0x0000,0x0000,0x0000,
  0x0000,0x0000,0x0000,0x0000,0x0000,0x0000,0x0000,0x0000,0x0000,0x0000,0x0000,0x0000,0x0000,0x0000,0x0000,0x0000,
  0x0000,0x0000,0x0000,0x0000,0x0000,0x0000,0x0000,0x0000,0x0000,0x0000,0x0000,0x0000,0x0000,0x0000,0x0000,0x0000,
  0x0000,0x0000,0x0000,0x0000,0x0000,0x0000,0x0000,0x0000,0x0000,0x0000,0x0000,0x0000,0x0000,0x0000,0x0000,0x0000,
  0x0000,0x0000,0x0000,0x0000,0x0000,0x0000,0x0000,0x0000,0x0000,0x0000,0x0000,0x0000,0x0000,0x0000,0x0000,0x0000,
  0x0000,0x0000,0x0000,0x9083,0x0000,0x0000,0x0000,0x0000,0x0000,0x0000,0x0000,0x0000,0x0000,0x0000,0x0000,0x0000,
  0x0000,0x0000,0x0000,0x0000,0x0000,0x0000,0x0000,0x0000,0x0000,0x0000,0x0000,0x0000,0x0000,0x0000,0x0000,0x0000,
  0x0000,0x0000,0x0000,0x0000,0x0000,0x0000,0x0000,0x0000,0x0000,0x0000,0x0000,0x0000,0x0000,0x0000,0x0000,0x0000,
  0x0000,0x0000,0x0000,0x0000,0x0000,0x0000,0x0000,0x0000,0x0000,0x0000,0x0000,0x0000,0x0000,0x0000,0x0000,0x0000,
  0x0000,0x0000,0x0000,0x0000,0x0000,0x0000,0x0000,0x0000,0x0000,0x0000,0x0000,0x0000,0x0000,0x0000,0x0000,0x0000,
  0x0000,0x0000,0x0000,0x0000,0x0000,0x0000,0x0000,0x0000,0x0000,0x0000,0x0000,0x0000,0x0000,0x0000,0x0000,0x0000,
  0x0000,0x0000,0x0000,0x0000,0x0000,0x0000,0x0000,0x0000,0x0000,0x0000,0x0000,0x0000,0x0000,0x0000,0x0000,0x0000,
  0x0000,0x0000,0x0000,0x0000,0x0000,0x0000,0x0000,0x0000,0x0000,0xB124,0x0000,0x0000,0x0000,0x0000,0x0000,0x0000,
  0x0000,0x0000,0x0000,0x0000,0x0000,0x0000,0x0000,0x0000,0x0000,0x0000,0x0000,0x0000,0x0000,0x0000,0x0000,0x0000,
  0x0000,0x0000,0x0000,0x0000,0x0000,0x0000,0x0000,0x0000,0x0000,0x0000,0x0000,0x0000,0x0000,0x0000,0x0000,0x0000,
  0x0000,0x0000,0x0000,0x0000,0x0000,0x0000,0x0000,0x0000,0x0000,0x0000,0x0000,0x0000,0x0000,0x0000,0x0000,0x0000,
  0x0000,0x0000,0x0000,0x0000,0x0000,0x0000,0x0000,0x0000,0x0000,0x0000,0x0000,0x0000,0x0000,0x0000,0x0000,0x0000,
  0x0000,0x0000,0x0000,0x0000,0x0000,0x0000,0x0000,0x0000,0x0000,0x0000,0x0000,0x0000,0x0000,0x0000,0x0000,0x0000,
  0x0000,0x0000,0x0000,0x0000,0x0000,0x0000,0x0000,0x0000,0x0000,0x0000,0x0000,0x0000,0x0000,0x0000,0x0000,0x0000,
  0x0000,0x0000,0x0000,0x0000,0x0000,0x0000,0x0000,0x0000,0x0000,0x0000,0x0000,0x0000,0x0000,0x0000,0x0000,0x8C43,
  0x0000,0x0000,0x0000,0x0000,0x0000,0x0000,0x0000,0x0000,0x0000,0x0000,0x0000,0x0000,0x0000,0x0000,0x0000,0x0000,
  0x0000,0x0000,0x0000,0x0000,0x0000,0x0000,0x0000,0x0000,0x0000,0x0000,0x0000,0x0000,0x0000,0x0000,0x0000,0x0000,
  0x0000,0x0000,0x0000,0x0000,0x0000,0x0000,0x0000,0x0000,0x0000,0x0000,0x0000,0x0000,0x0000,0x0000,0x0000,0x0000,
  0x0000,0x0000,0x0000,0x0000,0x0000,0x0000,0x0000,0x0000,0x0000,0x0000,0x0000,0x0000,0x0000,0x0000,0x0000,0x0000,
  0x0000,0x0000,0x0000,0x0000,0x0000,0x0000,0x0000,0x0000,0x0000,0x0000,0x0000,0x0000,0x0000,0x0000,0x0000,0x0000,
  0x0000,0x0000,0x0000,0x0000,0x0000,0x0000,0x0000,0x0000,0x0000,0x0000,0x0000,0x0000,0x0000,0x0000,0x0000,0x0000,
  0x0000,0x0000,0x0000,0x0000,0x0000,0x0000,0x0000,0x0000,0x0000,0x0000,0x0000,0x0000,0x0000,0x0000,0x0000,0x0000,
  0x0000,0x0000,0x0000,0x0000,0x98C4,0xAD26,0x0000,0x0000,0x0000,0x0000,0x0000,0x0000,0x0000,0x0000,0x0000,0x0000,
  0x0000,0x0000,0x0000,0x0000,0x0000,0x0000,0x0000,0x0000,0x0000,0x0000,0x0000,0x0000,0x0000,0x0000,0x0000,0x0000,
  0x0000,0x0000,0x0000,0x0000,0x0000,0x0000,0x0000,0x0000,0x0000,0x0000,0x0000,0x0000,0x0000,0x0000,0x0000,0x0000,
  0x0000,0x0000,0x0000,0x0000,0x0000,0x0000,0x0000,0x0000,0x0000,0x0000,0x0000,0x0000,0x0000,0x0000,0x0000,0x0000,
  0x0000,0x0000,0x0000,0x0000,0x0000,0x0000,0x0000,0x0000,0x0000,0x0000,0x0000,0x0000,0x0000,0x0000,0x0000,0x0000,
  0x0000,0x0000,0x0000,0x0000,0x0000,0x0000,0x0000,0x0000,0x0000,0x0000,0x0000,0x0000,0x0000,0x0000,0x0000,0x0000,
  0x0000,0x0000,0x0000,0x0000,0x0000,0x0000,0x0000,0x0000,0x0000,0x0000,0x0000,0x0000,0x0000,0x0000,0x0000,0x0000,
  0x0000,0x0000,0x0000,0x0000,0x0000,0x0000,0x0000,0x0000,0x0000,0x0000,0x8022,0x9085,0x0000,0xB503,0x0000,0x0000,
  0x0000,0x0000,0x0000,0x0000,0x0000,0x0000,0x0000,0x0000,0x0000,0x0000,0x0000,0x0000,0x0000,0x0000,0x0000,0x0000,
  0x0000,0x0000,0x0000,0x0000,0x0000,0x0000,0x0000,0x0000,0x0000,0x0000,0x0000,0x0000,0x0000,0x0000,0x0000,0x0000,
  0x0000,0x0000,0x0000,0x0000,0x0000,0x0000,0x0000,0x0000,0x0000,0x0000,0x0000,0x0000,0x0000,0x0000,0x0000,0x0000,
  0x0000,0x0000,0x0000,0x0000,0x0000,0x0000,0x0000,0x0000,0x0000,0x0000,0x0000,0x0000,0x0000,0x0000,0x0000,0x0000,
  0x0000,0x0000,0x0000,0x0000,0x0000,0x0000,0x0000,0x0000,0x0000,0x0000,0x0000,0x0000,0x0000,0x0000,0x0000,0x0000,
  0x0000,0x0000,0x0000,0x0000,0x0000,0x0000,0x0000,0x0000,0x0000,0x0000,0x0000,0x0000,0x0000,0x0000,0x0000,0x0000,
  0x0000,0x0000,0x0000,0x0000,0x0000,0x0000,0x0000,0x0000,0x0000,0x0000,0x0000,0x0000,0x0000,0x0000,0x0000,0xBD64,
  0x8000,0xA0E9,0x9063,0x8420,0x0000,0x0000,0x0000,0x0000,0x0000,0x0000,0x0000,0x0000,0x0000,0x0000,0x0000,0x0000,
  0x0000,0x0000,0x0000,0x0000,0x0000,0x0000,0x0000,0x0000,0x0000,0x0000,0x0000,0x0000,0x0000,0x0000,0x0000,0x0000,
  0x0000,0x0000,0x0000,0x0000,0x0000,0x0000,0x0000,0x0000,0x0000,0x0000,0x0000,0x0000,0x0000,0x0000,0x0000,0x0000,
  0x0000,0x0000,0x0000,0x0000,0x0000,0x0000,0x0000,0x0000,0x0000,0x0000,0x0000,0x0000,0x0000,0x0000,0x0000,0x0000,
  0x0000,0x0000,0x0000,0x0000,0x0000,0x0000,0x0000,0x0000,0x0000,0x0000,0x0000,0x0000,0x0000,0x0000,0x0000,0x0000,
  0x0000,0x0000,0x0000,0x0000,0x0000,0x0000,0x0000,0x0000,0x0000,0x0000,0x0000,0x0000,0x0000,0x0000,0x0000,0x0000,
  0x0000,0x0000,0x0000,0x0000,0x0000,0x0000,0x0000,0x0000,0x0000,0x0000,0x0000,0x0000,0x0000,0x0000,0x0000,0x0000,
  0x0000,0x0000,0x0000,0x0000,0x0000,0xB565,0x8000,0x8865,0x90A4,0x8000,0x0000,0x0000,0x0000,0x0000,0x0000,0x0000,
  0x0000,0x0000,0x0000,0x0000,0x0000,0x0000,0x0000,0x0000,0x0000,0x0000,0x0000,0x0000,0x0000,0x0000,0x0000,0x0000,
  0x0000,0x0000,0x0000,0x0000,0x0000,0x0000,0x0000,0x0000,0x0000,0x0000,0x0000,0x0000,0x0000,0x0000,0x0000,0x0000,
  0x0000,0x0000,0x0000,0x0000,0x0000,0x0000,0x0000,0x0000,0x0000,0x0000,0x0000,0x0000,0x0000,0x0000,0x0000,0x0000,
  0x0000,0x0000,0x0000,0x0000,0x0000,0x0000,0x0000,0x0000,0x0000,0x0000,0x0000,0x0000,0x0000,0x0000,0x0000,0x0000,
  0x0000,0x0000,0x0000,0x0000,0x0000,0x0000,0x0000,0x0000,0x0000,0x0000,0x0000,0x0000,0x0000,0x0000,0x0000,0x0000,
  0x0000,0x0000,0x0000,0x0000,0x0000,0x0000,0x0000,0x0000,0x0000,0x0000,0x0000,0x0000,0x0000,0x0000,0x0000,0x0000,
  0x0000,0x0000,0x0000,0x0000,0x0000,0x0000,0x0000,0x0000,0x0000,0x0000,0x0000,0xEA65,0x8000,0x8000,0x8000,0x8000,
  0x0000,0x0000,0x0000,0x0000,0x0000,0x0000,0x0000,0x0000,0x0000,0x0000,0x0000,0x0000,0x0000,0x0000,0x0000,0x0000,
  0x0000,0x0000,0x0000,0x0000,0x0000,0x0000,0x0000,0x0000,0x0000,0x0000,0x0000,0x0000,0x0000,0x0000,0x0000,0x0000,
  0x0000,0x0000,0x0000,0x0000,0x0000,0x0000,0x0000,0x0000,0x0000,0x0000,0x0000,0x0000,0x0000,0x0000,0x0000,0x0000,
  0x0000,0x0000,0x0000,0x0000,0x0000,0x0000,0x0000,0x0000,0x0000,0x0000,0x0000,0x0000,0x0000,0x0000,0x0000,0x0000,
  0x0000,0x0000,0x0000,0x0000,0x0000,0x0000,0x0000,0x0000,0x0000,0x0000,0x0000,0x0000,0x0000,0x0000,0x0000,0x0000,
  0x0000,0x0000,0x0000,0x0000,0x0000,0x0000,0x0000,0x0000,0x0000,0x0000,0x0000,0x0000,0x0000,0x0000,0x0000,0x0000,
  0x0000,0x0000,0x0000,0x0000,0x0000,0x0000,0x0000,0x0000,0x0000,0x0000,0x0000,0x0000,0x0000,0x0000,0x0000,0x0000,
  0x0000,0xFB0E,0xEEF3,0x8C64,0x9CC4,0x8843,0x8000,0x0000,0x0000,0x0000,0x0000,0x0000,0x0000,0x0000,0x0000,0x0000,
  0x0000,0x0000,0x0000,0x0000,0x0000,0x0000,0x0000,0x0000,0x0000,0x0000,0x0000,0x0000,0x0000,0x0000,0x0000,0x0000,
  0x0000,0x0000,0x0000,0x0000,0x0000,0x0000,0x0000,0x0000,0x0000,0x0000,0x0000,0x0000,0x0000,0x0000,0x0000,0x0000,
  0x0000,0x0000,0x0000,0x0000,0x0000,0x0000,0x0000,0x0000,0x0000,0x0000,0x0000,0x0000,0x0000,0x0000,0x0000,0x0000,
  0x0000,0x0000,0x0000,0x0000,0x0000,0x0000,0x0000,0x0000,0x0000,0x0000,0x0000,0x0000,0x0000,0x0000,0x0000,0x0000,
  0x0000,0x0000,0x0000,0x0000,0x0000,0x0000,0x0000,0x0000,0x0000,0x0000,0x0000,0x0000,0x0000,0x0000,0x0000,0x0000,
  0x0000,0x0000,0x0000,0x0000,0x0000,0x0000,0x0000,0x0000,0x0000,0x0000,0x0000,0x0000,0x0000,0x0000,0x0000,0x0000,
  0x0000,0x0000,0x0000,0x0000,0x0000,0x8C41,0x0000,0xFF0E,0xEEAC,0x8842,0x8C62,0x8842,0x8000,0x0000,0x0000,0x0000,
  0x0000,0x0000,0x0000,0x0000,0x0000,0x0000,0x0000,0x0000,0x0000,0x0000,0x0000,0x0000,0x0000,0x0000,0x0000,0x0000,
  0x0000,0x0000,0x0000,0x0000,0x0000,0x0000,0x0000,0x0000,0x0000,0x0000,0x0000,0x0000,0x0000,0x0000,0x0000,0x0000,
  0x0000,0x0000,0x0000,0x0000,0x0000,0x0000,0x0000,0x0000,0x0000,0x0000,0x0000,0x0000,0x0000,0x0000,0x0000,0x0000,
  0x0000,0x0000,0x0000,0x0000,0x0000,0x0000,0x0000,0x0000,0x0000,0x0000,0x0000,0x0000,0x0000,0x0000,0x0000,0x0000,
  0x0000,0x0000,0x0000,0x0000,0x0000,0x0000,0x0000,0x0000,0x0000,0x0000,0x0000,0x0000,0x0000,0x0000,0x0000,0x0000,
  0x0000,0x0000,0x0000,0x0000,0x0000,0x0000,0x0000,0x0000,0x0000,0x0000,0x0000,0x0000,0x0000,0x0000,0x0000,0x0000,
  0x0000,0x0000,0x0000,0x0000,0x0000,0x0000,0x0000,0x0000,0x0000,0x0000,0x0000,0x8820,0x0000,0xFF0B,0xF6ED,0x8843,
  0x8C42,0x8821,0x8000,0x0000,0x0000,0x0000,0x0000,0x0000,0x0000,0x0000,0x0000,0x0000,0x0000,0x0000,0x0000,0x0000,
  0x0000,0x0000,0x0000,0x0000,0x0000,0x0000,0x0000,0x0000,0x0000,0x0000,0x0000,0x0000,0x0000,0x0000,0x0000,0x0000,
  0x0000,0x0000,0x0000,0x0000,0x0000,0x0000,0x0000,0x0000,0x0000,0x0000,0x0000,0x0000,0x0000,0x0000,0x0000,0x0000,
  0x0000,0x0000,0x0000,0x0000,0x0000,0x0000,0x0000,0x0000,0x0000,0x0000,0x0000,0x0000,0x0000,0x0000,0x0000,0x0000,
  0x0000,0x0000,0x0000,0x0000,0x0000,0x0000,0x0000,0x0000,0x0000,0x0000,0x0000,0x0000,0x0000,0x0000,0x0000,0x0000,
  0x0000,0x0000,0x0000,0x0000,0x0000,0x0000,0x0000,0x0000,0x0000,0x0000,0x0000,0x0000,0x0000,0x0000,0x0000,0x0000,
  0x0000,0x0000,0x0000,0x0000,0x0000,0x0000,0x0000,0x0000,0x0000,0x0000,0x0000,0x0000,0x0000,0x0000,0x0000,0x0000,
  0x0000,0x8400,0x0000,0xEA4C,0xCDE7,0x8422,0x8422,0x8001,0x8000,0x0000,0x0000,0x0000,0x0000,0x0000,0x0000,0x0000,
  0x0000,0x0000,0x0000,0x0000,0x0000,0x0000,0x0000,0x0000,0x0000,0x0000,0x0000,0x0000,0x0000,0x0000,0x0000,0x0000,
  0x0000,0x0000,0x0000,0x0000,0x0000,0x0000,0x0000,0x0000,0x0000,0x0000,0x0000,0x0000,0x0000,0x0000,0x0000,0x0000,
  0x0000,0x0000,0x0000,0x0000,0x0000,0x0000,0x0000,0x0000,0x0000,0x0000,0x0000,0x0000,0x0000,0x0000,0x0000,0x0000,
  0x0000,0x0000,0x0000,0x0000,0x0000,0x0000,0x0000,0x0000,0x0000,0x0000,0x0000,0x0000,0x0000,0x0000,0x0000,0x0000,
  0x0000,0x0000,0x0000,0x0000,0x0000,0x0000,0x0000,0x0000,0x0000,0x0000,0x0000,0x0000,0x0000,0x0000,0x0000,0x0000,
  0x0000,0x0000,0x0000,0x0000,0x0000,0x0000,0x0000,0x0000,0x0000,0x0000,0x0000,0x0000,0x0000,0x0000,0x0000,0x0000,
  0x0000,0x0000,0x0000,0x0000,0x0000,0x0000,0x0000,0x8420,0x0000,0xF6A8,0xE26E,0x98C8,0x8421,0x8821,0x8000,0x0000,
  0x0000,0x0000,0x0000,0x0000,0x0000,0x0000,0x0000,0x0000,0x0000,0x0000,0x0000,0x0000,0x0000,0x0000,0x0000,0x0000,
  0x0000,0x0000,0x0000,0x0000,0x0000,0x0000,0x0000,0x0000,0x0000,0x0000,0x0000,0x0000,0x0000,0x0000,0x0000,0x0000,
  0x0000,0x0000,0x0000,0x0000,0x0000,0x0000,0x0000,0x0000,0x0000,0x0000,0x0000,0x0000,0x0000,0x0000,0x0000,0x0000,
  0x0000,0x0000,0x0000,0x0000,0x0000,0x0000,0x0000,0x0000,0x0000,0x0000,0x0000,0x0000,0x0000,0x0000,0x0000,0x0000,
  0x0000,0x0000,0x0000,0x0000,0x0000,0x0000,0x0000,0x0000,0x0000,0x0000,0x0000,0x0000,0x0000,0x0000,0x0000,0x0000,
  0x0000,0x0000,0x0000,0x0000,0x0000,0x0000,0x0000,0x0000,0x0000,0x0000,0x0000,0x0000,0x0000,0x0000,0x0000,0x0000,
  0x0000,0x0000,0x0000,0x0000,0x0000,0x0000,0x0000,0x0000,0x0000,0x0000,0x0000,0x0000,0x0000,0x8821,0x0000,0xF267,
  0xE66C,0x8C64,0x8421,0x8C65,0x8000,0x0000,0x0000,0x0000,0x0000,0x0000,0x0000,0x0000,0x0000,0x0000,0x0000,0x0000,
  0x0000,0x0000,0x0000,0x0000,0x0000,0x0000,0x0000,0x0000,0x0000,0x0000,0x0000,0x0000,0x0000,0x0000,0x0000,0x0000,
  0x0000,0x0000,0x0000,0x0000,0x0000,0x0000,0x0000,0x0000,0x0000,0x0000,0x0000,0x0000,0x0000,0x0000,0x0000,0x0000,
  0x0000,0x0000,0x0000,0x0000,0x0000,0x0000,0x0000,0x0000,0x0000,0x0000,0x0000,0x0000,0x0000,0x0000,0x0000,0x0000,
  0x0000,0x0000,0x0000,0x0000,0x0000,0x0000,0x0000,0x0000,0x0000,0x0000,0x0000,0x0000,0x0000,0x0000,0x0000,0x0000,
  0x0000,0x0000,0x0000,0x0000,0x0000,0x0000,0x0000,0x0000,0x0000,0x0000,0x0000,0x0000,0x0000,0x0000,0x0000,0x0000,
  0x0000,0x0000,0x0000,0x0000,0x0000,0x0000,0x0000,0x0000,0x0000,0x0000,0x0000,0x0000,0x0000,0x0000,0x0000,0x0000,
  0x0000,0x0000,0xE2D1,0xA108,0x8000,0xFAA9,0xE6B1,0x8C64,0x8422,0x8822,0x8001,0x90A7,0x810D,0x0000,0x0000,0x0000,
  0x0000,0x0000,0x0000,0x0000,0x0000,0x0000,0x0000,0x0000,0x0000,0x0000,0x0000,0x0000,0x0000,0x0000,0x0000,0x0000,
  0x0000,0x0000,0x0000,0x0000,0x0000,0x0000,0x0000,0x0000,0x0000,0x0000,0x0000,0x0000,0x0000,0x0000,0x0000,0x0000,
  0x0000,0x0000,0x0000,0x0000,0x0000,0x0000,0x0000,0x0000,0x0000,0x0000,0x0000,0x0000,0x0000,0x0000,0x0000,0x0000,
  0x0000,0x0000,0x0000,0x0000,0x0000,0x0000,0x0000,0x0000,0x0000,0x0000,0x0000,0x0000,0x0000,0x0000,0x0000,0x0000,
  0x0000,0x0000,0x0000,0x0000,0x0000,0x0000,0x0000,0x0000,0x0000,0x0000,0x0000,0x0000,0x0000,0x0000,0x0000,0x0000,
  0x0000,0x0000,0x0000,0x0000,0x0000,0x0000,0x0000,0x0000,0x0000,0x0000,0x0000,0x0000,0x0000,0x0000,0x0000,0x0000,
  0x0000,0x0000,0x0000,0x0000,0x0000,0x0000,0x0000,0xA0C3,0x8822,0x9086,0x8000,0xF28A,0xFB51,0x8C85,0x8422,0x8865,
  0x8000,0x8444,0x8001,0x0000,0x0000,0x0000,0x0000,0x0000,0x0000,0x0000,0x0000,0x0000,0x0000,0x0000,0x0000,0x0000,
  0x0000,0x0000,0x0000,0x0000,0x0000,0x0000,0x0000,0x0000,0x0000,0x0000,0x0000,0x0000,0x0000,0x0000,0x0000,0x0000,
  0x0000,0x0000,0x0000,0x0000,0x0000,0x0000,0x0000,0x0000,0x0000,0x0000,0x0000,0x0000,0x0000,0x0000,0x0000,0x0000,
  0x0000,0x0000,0x0000,0x0000,0x0000,0x0000,0x0000,0x0000,0x0000,0x0000,0x0000,0x0000,0x0000,0x0000,0x0000,0x0000,
  0x0000,0x0000,0x0000,0x0000,0x0000,0x0000,0x0000,0x0000,0x0000,0x0000,0x0000,0x0000,0x0000,0x0000,0x0000,0x0000,
  0x0000,0x0000,0x0000,0x0000,0x0000,0x0000,0x0000,0x0000,0x0000,0x0000,0x0000,0x0000,0x0000,0x0000,0x0000,0x0000,
  0x0000,0x0000,0x0000,0x0000,0x0000,0x0000,0x0000,0x0000,0x0000,0x0000,0x0000,0x0000,0x0000,0xA104,0x8421,0x8421,
  0x8C41,0xEA4C,0xCA0F,0x8865,0x8422,0x8001,0x8000,0x8022,0x8421,0x8443,0x0000,0x0000,0x0000,0x0000,0x0000,0x0000,
  0x0000,0x0000,0x0000,0x0000,0x0000,0x0000,0x0000,0x0000,0x0000,0x0000,0x0000,0x0000,0x0000,0x0000,0x0000,0x0000,
  0x0000,0x0000,0x0000,0x0000,0x0000,0x0000,0x0000,0x0000,0x0000,0x0000,0x0000,0x0000,0x0000,0x0000,0x0000,0x0000,
  0x0000,0x0000,0x0000,0x0000,0x0000,0x0000,0x0000,0x0000,0x0000,0x0000,0x0000,0x0000,0x0000,0x0000,0x0000,0x0000,
  0x0000,0x0000,0x0000,0x0000,0x0000,0x0000,0x0000,0x0000,0x0000,0x0000,0x0000,0x0000,0x0000,0x0000,0x0000,0x0000,
  0x0000,0x0000,0x0000,0x0000,0x0000,0x0000,0x0000,0x0000,0x0000,0x0000,0x0000,0x0000,0x0000,0x0000,0x0000,0x0000,
  0x0000,0x0000,0x0000,0x0000,0x0000,0x0000,0x0000,0x0000,0x0000,0x0000,0x0000,0x0000,0x0000,0x0000,0x0000,0x0000,
  0x0000,0x0000,0xFB2A,0xFFFB,0xFF2C,0xC9A9,0x8000,0x8000,0x8000,0x8000,0x8001,0x8000,0x8821,0xA4C6,0xD20B,0xF70F,
  0x869C,0x0000,0x0000,0x0000,0x0000,0x0000,0x0000,0x0000,0x0000,0x0000,0x0000,0x0000,0x0000,0x0000,0x0000,0x0000,
  0x0000,0x0000,0x0000,0x0000,0x0000,0x0000,0x0000,0x0000,0x0000,0x0000,0x0000,0x0000,0x0000,0x0000,0x0000,0x0000,
  0x0000,0x0000,0x0000,0x0000,0x0000,0x0000,0x0000,0x0000,0x0000,0x0000,0x0000,0x0000,0x0000,0x0000,0x0000,0x0000,
  0x0000,0x0000,0x0000,0x0000,0x0000,0x0000,0x0000,0x0000,0x0000,0x0000,0x0000,0x0000,0x0000,0x0000,0x0000,0x0000,
  0x0000,0x0000,0x0000,0x0000,0x0000,0x0000,0x0000,0x0000,0x0000,0x0000,0x0000,0x0000,0x0000,0x0000,0x0000,0x0000,
  0x0000,0x0000,0x0000,0x0000,0x0000,0x0000,0x0000,0x0000,0x0000,0x0000,0x0000,0x0000,0x0000,0x0000,0x0000,0x0000,
  0x0000,0x0000,0x0000,0x0000,0x0000,0x0000,0x0000,0x0000,0xF2A6,0x8400,0xE24D,0x8001,0x8843,0x9064,0x8000,0x8002,
  0x8002,0x8001,0x8001,0x8002,0x8023,0x8024,0x8000,0x0000,0x0000,0x0000,0x0000,0x0000,0x0000,0x0000,0x0000,0x0000,
  0x0000,0x0000,0x0000,0x8841,0x0000,0x0000,0x0000,0x0000,0x0000,0x0000,0x0000,0x0000,0x0000,0x0000,0x0000,0x0000,
  0x0000,0x0000,0x0000,0x0000,0x0000,0x0000,0x0000,0x0000,0x0000,0x0000,0x0000,0x0000,0x0000,0x0000,0x0000,0x0000,
  0x0000,0x0000,0x0000,0x0000,0x0000,0x0000,0x0000,0x0000,0x0000,0x0000,0x0000,0x0000,0x0000,0x0000,0x0000,0x0000,
  0x0000,0x0000,0x0000,0x0000,0x0000,0x0000,0x0000,0x0000,0x0000,0x0000,0x0000,0x0000,0x0000,0x0000,0x0000,0x0000,
  0x0000,0x0000,0x0000,0x0000,0x0000,0x0000,0x0000,0x0000,0x0000,0x0000,0x0000,0x0000,0x0000,0x0000,0x0000,0x0000,
  0x0000,0x0000,0x0000,0x0000,0x0000,0x0000,0x0000,0x0000,0x0000,0x0000,0x0000,0x0000,0x0000,0xF2C5,0xD205,0x8000,
  0x9085,0x98C6,0xA508,0x9CC7,0x8000,0x8C65,0x8C86,0x8067,0x8024,0x8002,0x8002,0x8002,0x80ED,0x8044,0x0000,0x0000,
  0x0000,0x0000,0x0000,0x0000,0x0000,0x0000,0x0000,0x0000,0x0000,0x9881,0x0000,0x0000,0x0000,0x0000,0x0000,0x0000,
  0x0000,0x0000,0x0000,0x0000,0x0000,0x0000,0x0000,0x0000,0x0000,0x0000,0x0000,0x0000,0x0000,0x0000,0x0000,0x0000,
  0x0000,0x0000,0x0000,0x0000,0x0000,0x0000,0x0000,0x0000,0x0000,0x0000,0x0000,0x0000,0x0000,0x0000,0x0000,0x0000,
  0x0000,0x0000,0x0000,0x0000,0x0000,0x0000,0x0000,0x0000,0x0000,0x0000,0x0000,0x0000,0x0000,0x0000,0x0000,0x0000,
  0x0000,0x0000,0x0000,0x0000,0x0000,0x0000,0x0000,0x0000,0x0000,0x0000,0x0000,0x0000,0x0000,0x0000,0x0000,0x0000,
  0x0000,0x0000,0x0000,0x0000,0x0000,0x0000,0x0000,0x0000,0x0000,0x0000,0x0000,0x0000,0x0000,0x0000,0x0000,0x0000,
  0x0000,0x0000,0xFFFD,0xFA86,0xFFFA,0xEA8E,0xF710,0xC9A8,0xC1A9,0x9CC6,0x8001,0x8843,0x8442,0x8422,0xB58C,0x8C86,
  0x94C7,0x90C8,0x8867,0x8866,0x829E,0x0000,0x0000,0x0000,0x0000,0x0000,0x0000,0x0000,0x0000,0x0000,0x0000,0x9482,
  0x0000,0x0000,0x0000,0x0000,0x0000,0x0000,0x0000,0x0000,0x0000,0x0000,0x0000,0x0000,0x0000,0x0000,0x0000,0x0000,
  0x0000,0x0000,0x0000,0x0000,0x0000,0x0000,0x0000,0x0000,0x0000,0x0000,0x0000,0x0000,0x0000,0x0000,0x0000,0x0000,
  0x0000,0x0000,0x0000,0x0000,0x0000,0x0000,0x0000,0x0000,0x0000,0x0000,0x0000,0x0000,0x0000,0x0000,0x0000,0x0000,
  0x0000,0x0000,0x0000,0x0000,0x0000,0x0000,0x0000,0x0000,0x0000,0x0000,0x0000,0x0000,0x0000,0x0000,0x0000,0x0000,
  0x0000,0x0000,0x0000,0x0000,0x0000,0x0000,0x0000,0x0000,0x0000,0x0000,0x0000,0x0000,0x0000,0x0000,0x0000,0x0000,
  0x0000,0x0000,0x0000,0x0000,0x0000,0x0000,0x0000,0xFFFA,0xF68C,0xFB53,0xFEEC,0xC9CC,0xFB74,0xC5CC,0xC5AB,0xA0E8,
  0xEE8D,0xA929,0xA529,0x94A7,0x8423,0x8001,0x8C86,0x8C66,0x98C8,0x8467,0x8087,0x8173,0x0000,0x0000,0x0000,0x0000,
  0x0000,0x0000,0x0000,0x0000,0x0000,0xA0C3,0x0000,0x0000,0x0000,0x0000,0x0000,0x0000,0x0000,0x0000,0x0000,0x0000,
  0x0000,0x0000,0x0000,0x0000,0x0000,0x0000,0x0000,0x0000,0x0000,0x0000,0x0000,0x0000,0x0000,0x0000,0x0000,0x0000,
  0x0000,0x0000,0x0000,0x0000,0x0000,0x0000,0x0000,0x0000,0x0000,0x0000,0x0000,0x0000,0x0000,0x0000,0x0000,0x0000,
  0x0000,0x0000,0x0000,0x0000,0x0000,0x0000,0x0000,0x0000,0x0000,0x0000,0x0000,0x0000,0x0000,0x0000,0x0000,0x0000,
  0x0000,0x0000,0x0000,0x0000,0x0000,0x0000,0x0000,0x0000,0x0000,0x0000,0x0000,0x0000,0x0000,0x0000,0x0000,0x0000,
  0x0000,0x0000,0x0000,0x0000,0x8000,0x0000,0x0000,0x0000,0x0000,0x0000,0x0000,0x0000,0xFFF7,0xFEC6,0xFF92,0xFF2E,
  0xC18B,0x8000,0xC5CC,0xC5CB,0xC18A,0x9063,0xAD2A,0xA929,0x98C8,0x9086,0x8C86,0xA0E6,0x8CA7,0x8866,0x8001,0x8CC9,
  0x8466,0x80ED,0x8110,0x0000,0x0000,0x0000,0x0000,0x0000,0x0000,0x0000,0xA947,0xA507,0x0000,0x0000,0x0000,0x0000,
  0x0000,0x0000,0x0000,0x0000,0x0000,0x0000,0x0000,0x0000,0x0000,0x0000,0x0000,0x0000,0x0000,0x0000,0x0000,0x0000,
  0x0000,0x0000,0x0000,0x0000,0x0000,0x0000,0x0000,0x0000,0x0000,0x0000,0x0000,0x0000,0x0000,0x0000,0x0000,0x0000,
  0x0000,0x0000,0x0000,0x0000,0x0000,0x0000,0x0000,0x0000,0x0000,0x0000,0x0000,0x0000,0x0000,0x0000,0x0000,0x0000,
  0x0000,0x0000,0x0000,0x0000,0x0000,0x0000,0x0000,0x0000,0x0000,0x0000,0x0000,0x0000,0x0000,0x0000,0x0000,0x0000,
  0x0000,0x0000,0x0000,0x0000,0x0000,0x0000,0x0000,0x0000,0x0000,0xB943,0x8420,0x0000,0x0000,0x0000,0x0000,0x0000,
  0x0000,0xB589,0xFFCF,0xFF95,0xF6CB,0xFEEB,0xC5CC,0xE6D2,0xC1AC,0xB54A,0xEA88,0x8822,0xA929,0xD644,0x9CE9,0x9CE7,
  0x90A7,0x98E7,0x8000,0x8865,0x8445,0x8000,0x8886,0x810E,0x8150,0x8000,0x0000,0x0000,0x0000,0x0000,0x0000,0x0000,
  0xF70B,0x8823,0x0000,0x8420,0x0000,0x0000,0x0000,0x0000,0x0000,0x0000,0x0000,0x0000,0x0000,0x0000,0x0000,0x0000,
  0x0000,0x0000,0x0000,0x0000,0x0000,0x0000,0x0000,0x0000,0x0000,0x0000,0x0000,0x0000,0x0000,0x0000,0x0000,0x0000,
  0x0000,0x0000,0x0000,0x0000,0x0000,0x0000,0x0000,0x0000,0x0000,0x0000,0x0000,0x0000,0x0000,0x0000,0x0000,0x0000,
  0x0000,0x0000,0x0000,0x0000,0x0000,0x0000,0x0000,0x0000,0x0000,0x0000,0x0000,0x0000,0x0000,0x0000,0x0000,0x0000,
  0x0000,0x0000,0x0000,0x0000,0x0000,0x0000,0x0000,0x0000,0x0000,0x0000,0x0000,0x0000,0x0000,0x0000,0x0000,0x9462,
  0x8421,0x0000,0x0000,0x0000,0x0000,0x0000,0x0000,0xFFFF,0x9CE5,0xFF4A,0xFF07,0xC5EE,0x9484,0xC5AB,0xC5CD,0xA908,
  0xAD28,0x8422,0xAD4A,0xA92A,0xA0E9,0x9085,0x90A8,0x90A8,0x8000,0x8865,0x8865,0x8043,0x8465,0x84ED,0x8001,0x82DE,
  0x0000,0x0000,0x0000,0x0000,0x0000,0x0000,0xD5E7,0x8822,0x8000,0x912E,0x0000,0x0000,0x0000,0x0000,0x0000,0x0000,
  0x0000,0x0000,0x0000,0x0000,0x0000,0x0000,0x0000,0x0000,0x0000,0x0000,0x0000,0x0000,0x0000,0x0000,0x0000,0x0000,
  0x0000,0x0000,0x0000,0x0000,0x0000,0x0000,0x0000,0x0000,0x0000,0x0000,0x0000,0x0000,0x0000,0x0000,0x0000,0x0000,
  0x0000,0x0000,0x0000,0x0000,0x0000,0x0000,0x0000,0x0000,0x0000,0x0000,0x0000,0x0000,0x0000,0x0000,0x0000,0x0000,
  0x0000,0x0000,0x0000,0x0000,0x0000,0x0000,0x0000,0x0000,0x0000,0x0000,0x0000,0x0000,0x0000,0x0000,0x0000,0x0000,
  0x0000,0x0000,0x0000,0x0000,0x0000,0xC564,0xA108,0x0000,0xFAC2,0xFF47,0xFB4B,0xF709,0x8821,0xFF8F,0xFF4C,0xFFDA,
  0xF662,0xC567,0x8000,0x8000,0x8000,0x8000,0x8423,0x8001,0x8001,0x8000,0x8002,0x8002,0x8000,0x8000,0x8001,0x8001,
  0x8000,0x8001,0x8001,0xB0E2,0x8068,0x8132,0xFB93,0xF774,0xF771,0xDE25,0xF287,0xF6E9,0xC9C8,0x8421,0x8000,0x890D,
  0x0000,0x0000,0x0000,0x0000,0x0000,0x0000,0x0000,0x0000,0x0000,0x0000,0x0000,0x0000,0x0000,0x0000,0x0000,0x0000,
  0x0000,0x0000,0x0000,0x0000,0x0000,0x0000,0x0000,0x0000,0x0000,0x0000,0x0000,0x0000,0x0000,0x0000,0x0000,0x0000,
  0x0000,0x0000,0x0000,0x0000,0x0000,0x0000,0x0000,0x0000,0x0000,0x0000,0x0000,0x0000,0x0000,0x0000,0x0000,0x0000,
  0x0000,0x0000,0x0000,0x0000,0x0000,0x0000,0x0000,0x0000,0x0000,0x0000,0x0000,0x0000,0x0000,0x0000,0x0000,0x0000,
  0x0000,0x0000,0x0000,0x0000,0xC540,0xC540,0xFFD5,0xFFB6,0xFFB5,0xF730,0xF332,0xE6B1,0x8C84,0xEB0F,0xDE4C,0xC18A,
  0x8842,0x8C86,0x8C62,0xFF4D,0xFFB9,0xF247,0xEAD0,0xB98B,0xD22D,0xC9C8,0xB98A,0xB98A,0xCDEC,0x98A4,0x9CC7,0x9CC7,
  0x94A6,0x8865,0x90A7,0xF743,0x8445,0x8000,0xFB43,0xE1A0,0x8023,0x8002,0x8004,0x80ED,0x8000,0x94C8,0x9086,0x9485,
  0x9485,0x9062,0xA928,0xB149,0xD650,0xFFD6,0xE6D0,0xF330,0xD1C5,0x9482,0x0000,0x0000,0x0000,0x0000,0x0000,0x0000,
  0x0000,0x0000,0x0000,0x0000,0x0000,0x0000,0x0000,0x0000,0x0000,0x0000,0x0000,0x0000,0x0000,0x0000,0x0000,0x0000,
  0x0000,0x0000,0x0000,0x0000,0x0000,0x0000,0x0000,0x0000,0x0000,0x0000,0x0000,0x0000,0x0000,0x0000,0x0000,0x0000,
  0x0000,0x0000,0x0000,0x0000,0x0000,0x0000,0x0000,0x0000,0x0000,0x0000,0x0000,0x0000,0x0000,0x0000,0x0000,0x0000,
  0x0000,0x0000,0x0000,0x0000,0x0000,0xC9A2,0xC5C4,0xFFFB,0xFFF9,0xF68A,0xFF2D,0x9CE8,0x8002,0x94A8,0x8C86,0x8001,
  0x9042,0x9086,0x8C65,0x8444,0x8001,0x8022,0x8C84,0x90A6,0xFFD6,0xFF0B,0xFF51,0xDE4E,0xE22A,0xA508,0xCDCB,0xB98A,
  0xB569,0xB129,0x94C8,0x98C7,0xA509,0x9CC6,0x98C8,0x94A6,0x8002,0x8001,0x9085,0x8001,0xB8C2,0x9862,0x8023,0x8024,
  0x82BD,0x80CB,0x8001,0x8003,0xFFA0,0xFF40,0xFFE1,0x9064,0xA4C5,0xA4A4,0x9484,0x9CE8,0x8000,0x8000,0x8000,0xF798,
  0xF711,0xF2AC,0xE24D,0xA75F,0x8000,0x0000,0x0000,0x0000,0x0000,0x0000,0x0000,0x0000,0x0000,0x0000,0x0000,0x0000,
  0x0000,0x0000,0x0000,0x0000,0x0000,0x0000,0x0000,0x0000,0x0000,0x0000,0x0000,0x0000,0x0000,0x0000,0x0000,0x0000,
  0x0000,0x0000,0x0000,0x0000,0x0000,0x0000,0x0000,0x0000,0x0000,0x0000,0x0000,0x0000,0x0000,0x0000,0x0000,0x0000,
  0x0000,0x0000,0x0000,0x0000,0x0000,0x0000,0x0000,0x0000,0x0000,0xFB06,0xFFDA,0xFF91,0xF6CD,0xB96A,0x8C65,0x8864,
  0x8023,0x8001,0x8022,0x8423,0x8444,0x8443,0xF750,0x98C7,0xD560,0x8865,0x9020,0x8443,0x90A5,0x9085,0xFFF7,0xFEEB,
  0xFEEC,0xD20F,0xDE2C,0xA52A,0xD62C,0xBD89,0x9087,0x94A6,0x94A8,0x98C6,0x9CE9,0x9CE8,0x90A7,0x94C8,0x90A7,0x8000,
  0x9084,0x8000,0x8487,0x8022,0x8024,0x8887,0x8066,0x8067,0x8000,0x8886,0x90A7,0x94C6,0x98A5,0xA0E6,0xB125,0xB500,
  0x9860,0x8422,0x8000,0x9064,0x9040,0xA507,0x8000,0x8000,0xFFFD,0xD9C8,0xD9EA,0xB968,0x8219,0x84A8,0x0000,0x0000,
  0x0000,0x0000,0x0000,0x0000,0x0000,0x0000,0x0000,0x0000,0x0000,0x0000,0x0000,0x0000,0x0000,0x0000,0x0000,0x0000,
  0x0000,0x0000,0x0000,0x0000,0x0000,0x0000,0x0000,0x0000,0x0000,0x0000,0x0000,0x0000,0x0000,0x0000,0x0000,0x0000,
  0x0000,0x0000,0x0000,0x0000,0x0000,0x0000,0x0000,0x0000,0x0000,0x0000,0x0000,0x0000,0xDE02,0xFFD8,0xFFD9,0xFF2E,
  0xE22D,0x9483,0x8887,0x8001,0x8444,0x8445,0x8465,0xFB40,0x8000,0x90A5,0xCD40,0x8444,0xB948,0x8843,0x8443,0x8886,
  0x8001,0x94A3,0x8000,0xF396,0xFBB8,0xFEC9,0xE26E,0xE66D,0xDA4F,0xA52A,0xD1EB,0xA909,0x9CC7,0xA929,0x98C9,0x9CC5,
  0x98C7,0x94C8,0x94A6,0x8865,0x8445,0x8001,0x8C85,0x8002,0x8465,0x8023,0x8444,0x8044,0x8466,0x80AC,0x8000,0xFB2F,
  0xFB30,0x8862,0x8000,0x8864,0x90A6,0x98C7,0xA907,0x98A6,0x8422,0xDE01,0xCDC3,0xFF22,0xFFAA,0xB0E3,0xF28C,0x8000,
  0xA907,0xEECF,0xE68D,0x994D,0x8173,0x8000,0x0000,0x0000,0x0000,0x0000,0x0000,0x0000,0x0000,0x0000,0x0000,0x0000,
  0x0000,0x0000,0x0000,0x0000,0x0000,0x0000,0x0000,0x0000,0x0000,0x0000,0x0000,0x0000,0x0000,0x0000,0x0000,0x0000,
  0x0000,0x0000,0x0000,0x0000,0x0000,0x0000,0x0000,0x0000,0x0000,0x0000,0x0000,0x0000,0x0000,0x0000,0x0000,0x0000,
  0x0000,0xE642,0xFB93,0xFF94,0xF269,0xCE0F,0xBDCC,0x8001,0x8023,0x8822,0xC8E0,0x8444,0x8886,0x8844,0x8C65,0x8865,
  0x8001,0x8001,0x8002,0x8001,0x8442,0xFFDA,0xFEEB,0xFF95,0xC1AA,0xE24D,0x8420,0x8421,0x98C5,0xB169,0xA0E8,0xA0E8,
  0xB969,0xB989,0xB56A,0xB14A,0x98E9,0x9CE8,0x94A7,0x98C8,0x9CE8,0x98C7,0x8886,0x8000,0x8465,0x8466,0x8466,0x8023,
  0x8024,0x8002,0x8001,0x8000,0x8465,0x94A7,0x9085,0x9CC7,0xB16B,0xF331,0xA128,0x8000,0x8000,0x8001,0x8002,0x8001,
  0xB98A,0xD62E,0xB105,0x8421,0xA8C0,0xFBB6,0xD22D,0x8421,0xE24D,0xA109,0x9D08,0x890B,0x827D,0x0000,0x0000,0x0000,
  0x0000,0x0000,0x0000,0x0000,0x0000,0x0000,0x0000,0x0000,0x0000,0x0000,0x0000,0x0000,0x0000,0x0000,0x0000,0x0000,
  0x0000,0x0000,0x0000,0x0000,0x0000,0x0000,0x0000,0x0000,0x0000,0x0000,0x0000,0x0000,0x0000,0x0000,0x0000,0x0000,
  0x0000,0x0000,0x0000,0x0000,0x0000,0x0000,0xEA62,0xFF4B,0xFFDA,0xFF4C,0xFEEF,0xEA6E,0x8445,0x8002,0xF640,0x8864,
  0x8865,0x8465,0x8444,0x8001,0x8023,0x8045,0x8445,0x8445,0x8445,0x8000,0xFFB6,0xFAEC,0xFB51,0xFF98,0xAD48,0xD1E9,
  0xEA6B,0xFF92,0xFFB4,0xFFB4,0x94A6,0x8843,0x9085,0x98A6,0xA4E7,0x8000,0x8000,0x8001,0x8002,0x8002,0x8001,0x8000,
  0x8000,0x8001,0x8887,0x8C65,0x8C65,0x90A7,0x94A7,0x8001,0x98C8,0x94A7,0xB545,0xB148,0x9CC7,0xA0E8,0xC989,0xA109,
  0x829A,0x8045,0x8886,0x8865,0x8864,0x8444,0x8443,0x8000,0x8000,0xD22F,0xE6B2,0xA883,0xEE09,0x8842,0xFFB4,0xB129,
  0x9D0A,0x952D,0x812E,0x823C,0x0000,0x0000,0x0000,0x0000,0x0000,0x0000,0x0000,0x0000,0x0000,0x0000,0x0000,0x0000,
  0x0000,0x0000,0x0000,0x0000,0x0000,0x0000,0x0000,0x0000,0x0000,0x0000,0x0000,0x0000,0x0000,0x0000,0x0000,0x0000,
  0x0000,0x0000,0x0000,0x0000,0x0000,0x0000,0x0000,0x0000,0x0000,0x0000,0x0000,0x0000,0xFFDA,0xFFF8,0xCD44,0xFFFB,
  0xFF70,0xEEAF,0x8420,0x8000,0x8887,0x8001,0x8045,0x8467,0x8466,0x8001,0x8000,0x8000,0x9CE6,0x0000,0x0000,0x8000,
  0x8421,0x9084,0x94A4,0xFB72,0xFFB7,0xFB30,0xEA8F,0xF6EF,0xFB96,0xFB30,0xD20C,0xD20D,0xC9EC,0xF771,0x8000,0xC5CC,
  0xCE2E,0xC1AA,0xC5A9,0xA929,0xB14A,0xB969,0xAD2A,0xB14A,0xB16A,0xA108,0xC9EA,0x9484,0xBD67,0xBD89,0xC188,0xB56B,
  0xB98C,0xDE67,0xB213,0x8022,0x808B,0x80A9,0x8022,0x94C6,0x0000,0x0000,0x0000,0x8001,0x8000,0x8844,0x8C86,0x8864,
  0x98C8,0x8000,0xFFB6,0xA4E5,0xFF93,0x8C85,0x8001,0x98E9,0x9D2A,0x80AA,0x8001,0x0000,0x0000,0x0000,0x0000,0x0000,
  0x0000,0x0000,0x0000,0x0000,0x0000,0x0000,0x0000,0x0000,0x0000,0x0000,0x0000,0x0000,0x0000,0x0000,0x0000,0x0000,
  0x0000,0x0000,0x0000,0x0000,0x0000,0x0000,0x0000,0x0000,0x0000,0x0000,0x0000,0x0000,0x0000,0x0000,0x0000,0x0000,
  0x0000,0x8000,0xFF2B,0xFFFB,0xFF50,0xFFB7,0xFF72,0xFBB8,0xFB76,0xFFD7,0x8000,0x8022,0x8001,0x8001,0x0000,0x0000,
  0x0000,0x0000,0x0000,0x0000,0x0000,0x8000,0xE5E7,0x9CC7,0xC5CC,0xB129,0xA0E7,0x8842,0x94A7,0x8844,0x98C8,0x94A7,
  0x8C65,0xA109,0xA929,0x90A9,0xD22D,0xAD4B,0xBDCC,0xA928,0xAD49,0xA52A,0x98E9,0x98E8,0x8C86,0x90A7,0x90A6,0x9087,
  0x94A8,0x8887,0x8466,0x8466,0x8002,0x8001,0x8000,0x8000,0x8001,0x8002,0x8485,0x8001,0x8000,0x0000,0x0000,0x0000,
  0x0000,0x0000,0x0000,0x0000,0x0000,0x8000,0x8442,0x8000,0xFF92,0xBD8A,0xB569,0x9CC6,0xB9AA,0x9CE9,0x9909,0x890C,
  0x8000,0x0000,0x0000,0x0000,0x0000,0x0000,0x0000,0x0000,0x0000,0x0000,0x0000,0x0000,0x0000,0x0000,0x0000,0x0000,
  0x0000,0x0000,0x0000,0x0000,0x0000,0x0000,0x0000,0x0000,0x0000,0x0000,0x0000,0x0000,0x0000,0x0000,0x0000,0x0000,
  0x0000,0x0000,0x0000,0x0000,0x0000,0x0000,0x0000,0x8000,0x8420,0xFBB7,0xFA8B,0xFFB8,0xFF73,0xFB71,0xD20D,0xEEB0,
  0xF2F1,0xFFB7,0xFBDD,0x8C41,0x9083,0x0000,0x0000,0x0000,0x0000,0x0000,0x0000,0x9CC2,0x8C43,0xA0E7,0xBDAC,0xB9AE,
  0x8423,0x8C86,0x98E9,0x9085,0xA0E6,0x98C5,0x8C87,0xA0E7,0x8000,0x8C87,0x9CC8,0x98A7,0xA0C5,0x9066,0x9CC8,0x8001,
  0x8443,0x8844,0x8000,0x8865,0x8002,0x8023,0x94A5,0x8003,0x8001,0x8000,0x8000,0x8023,0x8045,0x8444,0x8022,0x8088,
  0x8443,0x8045,0x80EE,0x0000,0x0000,0xB125,0x8420,0x0000,0x0000,0xC144,0xFFD6,0xFFD8,0xFF6F,0x8C44,0x94A6,0xA929,
  0xB986,0xA109,0x9CE8,0x9CE8,0x90A6,0x8001,0x8022,0x0000,0x0000,0x0000,0x0000,0x0000,0x0000,0x0000,0x0000,0x0000,
  0x0000,0x0000,0x0000,0x0000,0x0000,0x0000,0x0000,0x0000,0x0000,0x0000,0x0000,0x0000,0x0000,0x0000,0x0000,0x0000,
  0x0000,0x0000,0x0000,0x0000,0x0000,0x0000,0x0000,0x0000,0x0000,0x0000,0x0000,0x0000,0x0000,0x8000,0xE5A0,0x98C5,
  0xFBBA,0xFFB6,0xFF53,0xFB13,0xFB97,0xFB11,0xE24D,0xEEAF,0xDA6F,0xD1ED,0xD22D,0xDE6D,0xB58A,0x8421,0x94A7,0x9D0A,
  0xA10A,0xB147,0xFFD8,0xFFF8,0xFBB0,0xFB90,0xFB6E,0xF730,0x8C86,0x8001,0x8001,0x8421,0x8421,0x8421,0x8000,0x8000,
  0x8021,0x8421,0x8000,0x8000,0x8000,0x8000,0x8000,0x8021,0x8000,0x8421,0x8022,0x8021,0x8001,0x8000,0x8000,0x8420,
  0xFFCC,0xFB70,0xFB71,0xFB94,0xFF93,0x8000,0xFB51,0xF730,0xF70F,0xFF4F,0xA10A,0xA50A,0x98C8,0xA1CF,0x9065,0x9CC7,
  0xA108,0xA0E7,0x9CE9,0x98C7,0xD5E6,0x9CE7,0x98C7,0x98C7,0x98C7,0x8044,0x8001,0x80CB,0x8000,0x0000,0x0000,0x0000,
  0x0000,0x0000,0x0000,0x0000,0x0000,0x0000,0x0000,0x0000,0x0000,0x0000,0x0000,0x0000,0x0000,0x0000,0x0000,0x0000,
  0x0000,0x0000,0x0000,0x0000,0x0000,0x0000,0x0000,0x0000,0x0000,0x0000,0x0000,0x0000,0x0000,0x0000,0x0000,0x0000,
  0x0000,0x0000,0x0000,0x8000,0xFAE4,0xE160,0x8000,0x8000,0x8000,0xFFFF,0xE22C,0xEA8F,0xFB52,0xE691,0xDA2D,0xDE4D,
  0x8001,0x8844,0x8421,0xC18A,0xDE90,0xD62E,0xC5CC,0xE2D0,0xBD8C,0xA908,0x98C7,0xA0E7,0xD22C,0x88A8,0x8002,0x8002,
  0xBDAC,0xB98C,0xB56B,0xB56B,0xB56A,0xB14B,0x8000,0xDA2E,0xEEAD,0xE64C,0xEA4A,0xDA4D,0xDE4B,0xE22C,0xE22B,0xE62B,
  0xE62B,0xDA0A,0xB14B,0xB54B,0xB98C,0xB56B,0xBDAC,0xAD2A,0x98C7,0x98C6,0x98C7,0x9CE7,0x8421,0x9CC7,0xA529,0x8843,
  0xBDAA,0x8865,0x94A6,0x94C8,0x98C8,0x8002,0x98C8,0xA109,0xA0E8,0x94A7,0x98C7,0xA109,0xB5CF,0x8023,0x8000,0x8044,
  0x8024,0xE5C0,0x8000,0x0000,0x0000,0x0000,0x0000,0x0000,0x0000,0x0000,0x0000,0x0000,0x0000,0x0000,0x0000,0x0000,
  0x0000,0x0000,0x0000,0x0000,0x0000,0x0000,0x0000,0x0000,0x0000,0x0000,0x0000,0x0000,0x0000,0x0000,0x0000,0x0000,
  0x0000,0x0000,0x0000,0x0000,0x0000,0x0000,0x0000,0x0000,0x0000,0xD670,0xE9E0,0xFB00,0xEDA0,0xF6CB,0x9CC5,0x8000,
  0x9484,0xB56A,0xD24F,0xF756,0xE2B1,0x90A7,0x9085,0x8000,0xC9AD,0xD60D,0xCE0D,0xD22E,0xC5CB,0xBDAC,0x98C8,0xB98A,
  0x9486,0xC5CC,0x8446,0x8023,0x8000,0xB569,0xB58B,0xB56B,0xB16A,0xB56A,0xBDAB,0xA508,0xB16B,0xAD4A,0xB16A,0xB16B,
  0x98C8,0x94A7,0x9CE8,0xA509,0xA92A,0x9CE9,0xA52A,0x9CE8,0x98C8,0x94C8,0x98C7,0x98E8,0x98C8,0xA509,0x94A6,0x94A6,
  0x8045,0xA108,0x9CC8,0x8000,0xB16A,0x98C8,0x94A7,0x98C6,0x94C6,0x98C8,0x98E8,0x9D09,0x8886,0xAD4A,0x8C85,0x8865,
  0x8465,0x8045,0x8003,0x8002,0x8024,0xD540,0x8463,0x8C63,0x8001,0x0000,0x0000,0x0000,0x0000,0x0000,0x0000,0x0000,
  0x0000,0x0000,0x0000,0x0000,0x0000,0x0000,0x0000,0x0000,0x0000,0x0000,0x0000,0x0000,0x0000,0x0000,0x0000,0x0000,
  0x0000,0x0000,0x0000,0x0000,0x0000,0x0000,0x0000,0x0000,0x0000,0x0000,0x0000,0x0000,0x0000,0x0000,0x0000,0x8841,
  0x8000,0xD9A2,0x9440,0xFBDC,0x8000,0xC502,0x98C7,0x9085,0x8000,0x8000,0x98C6,0x8023,0x8001,0xEB12,0xEB15,0xF334,
  0xF734,0xFFF5,0xBD8C,0xC9EE,0xC5ED,0xB98C,0xDA6F,0x8444,0x8445,0x8002,0xBD8A,0xB16B,0xB16B,0xB16B,0xAD29,0xAD4B,
  0x9487,0xB56B,0x98C9,0x98C7,0xB149,0x94A5,0xA929,0x98C8,0xA106,0xA509,0x9CE8,0x98C7,0x94C7,0xAD28,0x94C8,0xA929,
  0x98C7,0xA507,0x98C7,0x9CC7,0xA509,0x98C7,0x9CE8,0xA927,0xA108,0xA108,0x8002,0xB149,0xA109,0x9CC6,0x94A6,0x8023,
  0x8001,0x8000,0x8001,0x8047,0x8002,0x8000,0x8024,0x8044,0x8444,0xEE60,0x8421,0xC541,0x8045,0x8000,0x80ED,0x0000,
  0x0000,0x0000,0x0000,0x0000,0x0000,0x0000,0x0000,0x0000,0x0000,0x0000,0x0000,0x0000,0x0000,0x0000,0x0000,0x0000,
  0x0000,0x0000,0x0000,0x0000,0x0000,0x0000,0x0000,0x0000,0x0000,0x0000,0x0000,0x0000,0x0000,0x0000,0x0000,0x0000,
  0x0000,0x0000,0x0000,0x0000,0x0000,0x0000,0xFFD3,0xFFFC,0x8000,0xD186,0x8401,0xFB00,0x8422,0xF220,0xD543,0x9086,
  0x90C7,0x8444,0x8000,0xA529,0xB98B,0xB14A,0xB56C,0xA508,0xB16B,0xB989,0xB148,0x9085,0xE6B0,0x8045,0x8000,0x8001,
  0x8002,0x8022,0x8422,0x8443,0x8C64,0x8843,0x8000,0x8842,0x8843,0x8864,0x8844,0x8022,0x8C63,0x9085,0x8C65,0x8C65,
  0x8C65,0x8C65,0x8C64,0x8C64,0x8C65,0x8C65,0x8423,0x8444,0x8844,0x8022,0x8002,0x8023,0x8023,0x8022,0x8001,0x8002,
  0x8001,0x8000,0x98E8,0x98C8,0x90A7,0x90A6,0x8C87,0x8C65,0x8000,0x8025,0x8445,0x8444,0xFB01,0xFEE0,0x8443,0xF261,
  0x8045,0x8000,0x8218,0x81B5,0x0000,0x0000,0x0000,0x0000,0x0000,0x0000,0x0000,0x0000,0x0000,0x0000,0x0000,0x0000,
  0x0000,0x0000,0x0000,0x0000,0x0000,0x0000,0x0000,0x0000,0x0000,0x0000,0x0000,0x0000,0x0000,0x0000,0x0000,0x0000,
  0x0000,0x0000,0x0000,0x0000,0x0000,0x0000,0x0000,0x0000,0x0000,0x0000,0x0000,0x0000,0x0000,0x9CA2,0xFF52,0xF6F1,
  0x9062,0x9084,0x9485,0xB0C1,0xB904,0xFAE0,0xDDA1,0x8886,0x8000,0xAD4A,0xB16B,0xA508,0x98E8,0xB16B,0xB16B,0xA929,
  0xA52A,0xA109,0xAD4A,0x8022,0x8000,0x8000,0x8864,0x8C64,0x9063,0x9085,0x8C64,0x8844,0x8445,0x8444,0x8444,0x8444,
  0x8445,0x8866,0x8866,0x8465,0x8044,0x8000,0x9C40,0xA860,0xA860,0xA040,0xA440,0xA420,0xA041,0x8424,0x8044,0x8444,
  0x8466,0x8445,0x8865,0x8444,0x8024,0x8023,0x8000,0x8000,0x9CE7,0x8C86,0x8C86,0x9086,0x8865,0x8C64,0x8002,0x8044,
  0xD160,0x8865,0x8445,0x8066,0x8023,0x8000,0x84EC,0x8086,0x8068,0x8044,0x0000,0x0000,0x0000,0x0000,0x0000,0x0000,
  0x0000,0x0000,0x0000,0x0000,0x0000,0x0000,0x0000,0x0000,0x0000,0x0000,0x0000,0x0000,0x0000,0x0000,0x0000,0x0000,
  0x0000,0x0000,0x0000,0x0000,0x0000,0x0000,0x0000,0x0000,0x0000,0x0000,0x0000,0x0000,0x0000,0x0000,0x0000,0x0000,
  0x0000,0x0000,0x0000,0x0000,0x8000,0xA505,0xE64A,0xE66D,0xC5CC,0xB588,0x8001,0x9085,0x98A6,0x8043,0x8000,0xA928,
  0x9441,0xE208,0xA92B,0xB98B,0x8421,0xA0E8,0x8001,0xB16B,0xB56B,0x8044,0x8002,0x8001,0x9464,0xFF01,0xFFDA,0xF661,
  0xFFD1,0xD120,0x94C8,0x8C65,0x8865,0x94A7,0x9CA7,0x8C85,0x90A6,0x90A6,0x90A7,0x8000,0xFAE2,0xFFC5,0xFFE8,0xFFEB,
  0xFFE5,0xE140,0xFB20,0x8865,0x9885,0xB922,0x8445,0x98A1,0xD5C0,0x8445,0x8022,0xFB81,0x8000,0x8001,0x98E9,0x8421,
  0xFF83,0xFFE5,0x8821,0x8422,0x8000,0x8023,0x8002,0x8000,0x8443,0x94C9,0x88A7,0x8088,0x8130,0x8000,0x0000,0x0000,
  0x0000,0x0000,0x0000,0x0000,0x0000,0x0000,0x0000,0x0000,0x0000,0x0000,0x0000,0x0000,0x0000,0x0000,0x0000,0x0000,
  0x0000,0x0000,0x0000,0x0000,0x0000,0x0000,0x0000,0x0000,0x0000,0x0000,0x0000,0x0000,0x0000,0x0000,0x0000,0x0000,
  0x0000,0x0000,0x0000,0x0000,0x0000,0x0000,0x0000,0x0000,0x0000,0x0000,0x0000,0x0000,0x8000,0x8422,0x94A4,0xD20B,
  0xC5EC,0xBD8A,0x9884,0x8466,0x8001,0xA508,0xB16A,0xB14A,0x94A6,0xA92A,0xA508,0xA0E8,0xA0C6,0xA509,0xB56D,0x8023,
  0x8000,0x8001,0x94A7,0xACC2,0xB902,0xB503,0xACA1,0x9882,0x9085,0x98C7,0x94A8,0x94C8,0x98C8,0x94A7,0x9086,0x90A6,
  0x8C66,0x8000,0xA881,0xF1C0,0xE560,0xE980,0xF1C0,0x9C20,0xA440,0x8465,0x8424,0x8444,0x8866,0x8444,0x8023,0x8443,
  0x8023,0x8024,0x8001,0x8000,0xA928,0x8021,0xB420,0x8C64,0x8843,0x8844,0x8000,0x8024,0x8885,0x8045,0x80CB,0x8067,
  0x8001,0x8000,0x0000,0x0000,0x0000,0x0000,0x0000,0x0000,0x0000,0x0000,0x0000,0x0000,0x0000,0x0000,0x0000,0x0000,
  0x0000,0x0000,0x0000,0x0000,0x0000,0x0000,0x0000,0x0000,0x0000,0x0000,0x0000,0x0000,0x0000,0x0000,0x0000,0x0000,
  0x0000,0x0000,0x0000,0x0000,0x0000,0x0000,0x0000,0x0000,0x0000,0x0000,0x0000,0x0000,0x0000,0x0000,0x0000,0x0000,
  0x0000,0x0000,0x0000,0x0000,0x8000,0x8022,0x8422,0x8043,0xA0E7,0x8446,0x8000,0xB56A,0xB16B,0x94CA,0x9CC8,0xD62B,
  0xBDAB,0xA509,0xAD28,0x9CC7,0xB98B,0x8024,0x8003,0x8023,0xDE6C,0xCE0A,0xC5ED,0xD22D,0xDE6F,0xD20D,0xD20D,0xD20D,
  0xD22E,0x8422,0x8843,0x8021,0x8443,0x8844,0x9064,0x8842,0xA0E6,0xA4E7,0xA928,0xAD28,0xA508,0x9CC6,0x98C7,0xA0E7,
  0xB149,0xAD29,0xA109,0xB149,0x90A6,0x8CA7,0x8CA7,0x9085,0x8444,0x8000,0xAD49,0x8000,0x8444,0x90A7,0x8C86,0x8444,
  0x8001,0x8000,0x8023,0x8024,0x8001,0x8001,0x0000,0x0000,0x0000,0x0000,0x0000,0x0000,0x0000,0x0000,0x0000,0x0000,
  0x0000,0x0000,0x0000,0x0000,0x0000,0x0000,0x0000,0x0000,0x0000,0x0000,0x0000,0x0000,0x0000,0x0000,0x0000,0x0000,
  0x0000,0x0000,0x0000,0x0000,0x0000,0x0000,0x0000,0x0000,0x0000,0x0000,0x0000,0x0000,0x0000,0x0000,0x0000,0x0000,
  0x0000,0x0000,0x0000,0x0000,0x0000,0x0000,0x0000,0x0000,0x0000,0x0000,0x0000,0x0000,0x0000,0x8421,0x8001,0x8002,
  0x8000,0x8000,0x8000,0x8021,0xB9AA,0xAD6D,0xC9EC,0xA108,0xA94A,0xAD2A,0xF776,0x8022,0x8000,0x8000,0x94A7,0xAD49,
  0xAD4B,0xA92B,0xAD4B,0xA94A,0xA94B,0xA92B,0xA52A,0xA0E8,0xAD4B,0xAD48,0xA509,0xA929,0xA92A,0xB16B,0xB98B,0x9D0A,
  0x9CE8,0x9CE8,0x9CE8,0x9CE8,0x9CE8,0xA0E7,0x9CE7,0x98E8,0x94C8,0x98C9,0x9CC6,0x8443,0x8001,0x8000,0x8001,0x8C86,
  0xDA0C,0x90C8,0x8001,0x8001,0x8000,0x80EC,0x8001,0x8002,0x8443,0x0000,0x0000,0x0000,0x0000,0x0000,0x0000,0x0000,
  0x0000,0x0000,0x0000,0x0000,0x0000,0x0000,0x0000,0x0000,0x0000,0x0000,0x0000,0x0000,0x0000,0x0000,0x0000,0x0000,
  0x0000,0x0000,0x0000,0x0000,0x0000,0x0000,0x0000,0x0000,0x0000,0x0000,0x0000,0x0000,0x0000,0x0000,0x0000,0x0000,
  0x0000,0x0000,0x0000,0x0000,0x0000,0x0000,0x0000,0x0000,0x0000,0x0000,0x0000,0x0000,0x0000,0x0000,0x0000,0x0000,
  0x0000,0x0000,0x0000,0x0000,0x0000,0x0000,0x0000,0xD585,0x98C8,0x8467,0x8001,0x8024,0x8000,0x8423,0x8445,0x8045,
  0x8044,0x89F5,0x8067,0x8422,0x0000,0x8000,0x8000,0x8000,0x8002,0x8002,0x8001,0x8001,0x8001,0x8001,0x8001,0x8001,
  0x8001,0x8001,0x8001,0x8001,0x8001,0x8001,0x8001,0x8001,0x8001,0x8001,0x8001,0x8000,0x8001,0x8001,0x8022,0x8022,
  0x8023,0x8023,0x0000,0x0000,0x8000,0x9083,0x8022,0x8001,0x8023,0x8065,0x8423,0x8000,0x0000,0x0000,0x0000,0x0000,
  0x0000,0x0000,0x0000,0x0000,0x0000,0x0000,0x0000,0x0000,0x0000,0x0000,0x0000,0x0000,0x0000,0x0000,0x0000,0x0000,
  0x0000,0x0000,0x0000,0x0000,0x0000,0x0000,0x0000,0x0000,0x0000,0x0000,0x0000,0x0000,0x0000,0x0000,0x0000,0x0000,
  0x0000,0x0000,0x0000,0x0000,0x0000,0x0000,0x0000,0x0000,0x0000,0x0000,0x0000,0x0000,0x0000,0x0000,0x0000,0x0000,
  0x0000,0x0000,0x0000,0x0000,0x0000,0x0000,0x0000,0x0000,0x0000,0x0000,0x0000,0x0000,0x0000,0xF750,0x8C86,0xA4E7,
  0x8000,0x8864,0x84C8,0x0000,0x0000,0x8001,0x8001,0x8000,0x0000,0x0000,0x0000,0x0000,0x0000,0x0000,0xFF6F,0x8021,
  0x9483,0x8864,0x8001,0x8000,0x8865,0x8024,0x8023,0x8023,0x8023,0x8001,0x8001,0x8001,0x8001,0x8002,0x8046,0x8424,
  0x80AA,0x0000,0x0000,0x0000,0x0000,0x0000,0x0000,0x0000,0x0000,0x0000,0x0000,0x0000,0xB14A,0x8864,0x8001,0x812F,
  0x0000,0x0000,0x0000,0x0000,0x0000,0x0000,0x0000,0x0000,0x0000,0x0000,0x0000,0x0000,0x0000,0x0000,0x0000,0x0000,
  0x0000,0x0000,0x0000,0x0000,0x0000,0x0000,0x0000,0x0000,0x0000,0x0000,0x0000,0x0000,0x0000,0x0000,0x0000,0x0000,
  0x0000,0x0000,0x0000,0x0000,0x0000,0x0000,0x0000,0x0000,0x0000,0x0000,0x0000,0x0000,0x0000,0x0000,0x0000,0x0000,
  0x0000,0x0000,0x0000,0x0000,0x0000,0x0000,0x0000,0x0000,0x0000,0x0000,0x0000,0x0000,0x0000,0x0000,0x0000,0x0000,
  0x0000,0x0000,0x0000,0xFFD1,0x98A6,0x8444,0x8000,0x8444,0x890B,0x0000,0x0000,0x0000,0x0000,0x0000,0x0000,0x0000,
  0x0000,0x0000,0x0000,0x0000,0xFFAF,0x8C64,0xA4C4,0xB549,0x8C64,0x8000,0x94A7,0x94A8,0x8887,0x8886,0x8066,0x8465,
  0x8001,0x8000,0x8066,0x8466,0x9063,0x8000,0x8001,0x0000,0x0000,0x0000,0x0000,0x0000,0x0000,0x0000,0x0000,0x0000,
  0x0000,0x0000,0xCE0E,0x8844,0x8000,0x81B3,0x0000,0x0000,0x0000,0x0000,0x0000,0x0000,0x0000,0x0000,0x0000,0x0000,
  0x0000,0x0000,0x0000,0x0000,0x0000,0x0000,0x0000,0x0000,0x0000,0x0000,0x0000,0x0000,0x0000,0x0000,0x0000,0x0000,
  0x0000,0x0000,0x0000,0x0000,0x0000,0x0000,0x0000,0x0000,0x0000,0x0000,0x0000,0x0000,0x0000,0x0000,0x0000,0x0000,
  0x0000,0x0000,0x0000,0x0000,0x0000,0x0000,0x0000,0x0000,0x0000,0x0000,0x0000,0x0000,0x0000,0x0000,0x0000,0x0000,
  0x0000,0x0000,0x0000,0x0000,0x0000,0x0000,0x0000,0x0000,0x0000,0xFFD1,0xB98C,0x8021,0x8000,0x8024,0x8000,0x0000,
  0x0000,0x0000,0x0000,0x0000,0x0000,0x0000,0x0000,0x0000,0x0000,0x0000,0x8420,0x8421,0xFFB5,0xD22F,0x9CA3,0x8000,
  0x98A6,0xA0E8,0x94A7,0x9484,0x8866,0x8465,0x8001,0x8887,0x8CCA,0x8443,0x8131,0x8000,0x0000,0x0000,0x0000,0x0000,
  0x0000,0x0000,0x0000,0x0000,0x0000,0x0000,0x0000,0x0000,0xFF91,0x8864,0x8001,0x8172,0x0000,0x0000,0x0000,0x0000,
  0x0000,0x0000,0x0000,0x0000,0x0000,0x0000,0x0000,0x0000,0x0000,0x0000,0x0000,0x0000,0x0000,0x0000,0x0000,0x0000,
  0x0000,0x0000,0x0000,0x0000,0x0000,0x0000,0x0000,0x0000,0x0000,0x0000,0x0000,0x0000,0x0000,0x0000,0x0000,0x0000,
  0x0000,0x0000,0x0000,0x0000,0x0000,0x0000,0x0000,0x0000,0x0000,0x0000,0x0000,0x0000,0x0000,0x0000,0x0000,0x0000,
  0x0000,0x0000,0x0000,0x0000,0x0000,0x0000,0x0000,0x0000,0x0000,0x0000,0x0000,0x0000,0x0000,0x0000,0x0000,0xFFF9,
  0xA0E8,0x8443,0x8000,0x8C86,0x0000,0x0000,0x0000,0x0000,0x0000,0x0000,0x0000,0x0000,0x0000,0x0000,0x0000,0x0000,
  0x0000,0x0000,0xFFB4,0x8865,0x8000,0x8002,0x8001,0x8001,0x8001,0x8000,0x8001,0x8002,0x8002,0x8001,0x8444,0x8023,
  0x8000,0x0000,0x0000,0x0000,0x0000,0x0000,0x0000,0x0000,0x0000,0x0000,0x0000,0x0000,0x0000,0x0000,0xFF92,0xA509,
  0x8001,0x8193,0x0000,0x0000,0x0000,0x0000,0x0000,0x0000,0x0000,0x0000,0x0000,0x0000,0x0000,0x0000,0x0000,0x0000,
  0x0000,0x0000,0x0000,0x0000,0x0000,0x0000,0x0000,0x0000,0x0000,0x0000,0x0000,0x0000,0x0000,0x0000,0x0000,0x0000,
  0x0000,0x0000,0x0000,0x0000,0x0000,0x0000,0x0000,0x0000,0x0000,0x0000,0x0000,0x0000,0x0000,0x0000,0x0000,0x0000,
  0x0000,0x0000,0x0000,0x0000,0x0000,0x0000,0x0000,0x0000,0x0000,0x0000,0x0000,0x0000,0x0000,0x0000,0x0000,0x0000,
  0x0000,0x0000,0x0000,0x0000,0x0000,0x0000,0x8000,0x8000,0x0000,0x8C66,0x0000,0x0000,0x0000,0x0000,0x0000,0x0000,
  0x0000,0x0000,0x0000,0x0000,0x0000,0x0000,0x0000,0x0000,0xF774,0x8402,0x8422,0x8001,0xEA6C,0x8023,0xD0E0,0xD100,
  0x8444,0x8024,0x8000,0x8023,0xB060,0x80A8,0x8000,0x0000,0x0000,0x0000,0x0000,0x0000,0x0000,0x0000,0x0000,0x0000,
  0x0000,0x0000,0x0000,0x0000,0xFFF6,0x98C8,0x8000,0x81F8,0x0000,0x0000,0x0000,0x0000,0x0000,0x0000,0x0000,0x0000,
  0x0000,0x0000,0x0000,0x0000,0x0000,0x0000,0x0000,0x0000,0x0000,0x0000,0x0000,0x0000,0x0000,0x0000,0x0000,0x0000,
  0x0000,0x0000,0x0000,0x0000,0x0000,0x0000,0x0000,0x0000,0x0000,0x0000,0x0000,0x0000,0x0000,0x0000,0x0000,0x0000,
  0x0000,0x0000,0x0000,0x0000,0x0000,0x0000,0x0000,0x0000,0x0000,0x0000,0x0000,0x0000,0x0000,0x0000,0x0000,0x0000,
  0x0000,0x0000,0x0000,0x0000,0x0000,0x0000,0x0000,0x0000,0x0000,0x0000,0x0000,0x0000,0x8000,0x8444,0x0000,0x8421,
  0x0000,0x0000,0x0000,0x0000,0x0000,0x0000,0x0000,0x0000,0x0000,0x0000,0x0000,0x0000,0x0000,0x0000,0x0000,0x8400,
  0x8000,0x8001,0xF711,0x8C65,0xFEA0,0xFFC6,0x94A5,0x8444,0x8000,0x8024,0x9021,0x8000,0x0000,0x0000,0x0000,0x0000,
  0x0000,0x0000,0x0000,0x0000,0x0000,0x0000,0x0000,0x0000,0x0000,0x0000,0x8842,0x8001,0x8001,0x0000,0x0000,0x0000,
  0x0000,0x0000,0x0000,0x0000,0x0000,0x0000,0x0000,0x0000,0x0000,0x0000,0x0000,0x0000,0x0000,0x0000,0x0000,0x0000,
  0x0000,0x0000,0x0000,0x0000,0x0000,0x0000,0x0000,0x0000,0x0000,0x0000,0x0000,0x0000,0x0000,0x0000,0x0000,0x0000,
  0x0000,0x0000,0x0000,0x0000,0x0000,0x0000,0x0000,0x0000,0x0000,0x0000,0x0000,0x0000,0x0000,0x0000,0x0000,0x0000,
  0x0000,0x0000,0x0000,0x0000,0x0000,0x0000,0x0000,0x0000,0x0000,0x0000,0x0000,0x0000,0x0000,0x0000,0x0000,0x0000,
  0x0000,0x0000,0x8000,0x8865,0x0000,0x0000,0x0000,0x0000,0x0000,0x0000,0x0000,0x0000,0x0000,0x0000,0x0000,0x0000,
  0x0000,0x0000,0x0000,0x0000,0x0000,0xFB73,0x8421,0x8444,0xFF52,0x90A6,0xFA40,0xFFA4,0x94A6,0x8445,0x8000,0x8023,
  0x8422,0x8001,0x0000,0x0000,0x0000,0x0000,0x0000,0x0000,0x0000,0x0000,0x0000,0x0000,0x0000,0x0000,0x0000,0x0000,
  0x0000,0xDA2C,0x8000,0x0000,0x0000,0x0000,0x0000,0x0000,0x0000,0x0000,0x0000,0x0000,0x0000,0x0000,0x0000,0x0000,
  0x0000,0x0000,0x0000,0x0000,0x0000,0x0000,0x0000,0x0000,0x0000,0x0000,0x0000,0x0000,0x0000,0x0000,0x0000,0x0000,
  0x0000,0x0000,0x0000,0x0000,0x0000,0x0000,0x0000,0x0000,0x0000,0x0000,0x0000,0x0000,0x0000,0x0000,0x0000,0x0000,
  0x0000,0x0000,0x0000,0x0000,0x0000,0x0000,0x0000,0x0000,0x0000,0x0000,0x0000,0x0000,0x0000,0x0000,0x0000,0x0000,
  0x0000,0x0000,0x0000,0x0000,0x0000,0x0000,0x0000,0x0000,0x8000,0x8423,0x0000,0x0000,0x0000,0x0000,0x0000,0x0000,
  0x0000,0x0000,0x0000,0x0000,0x0000,0x0000,0x0000,0x0000,0x0000,0x0000,0x0000,0xFF95,0xC5E2,0x8844,0xFF51,0x90A7,
  0x9020,0x8820,0x90A7,0x8887,0x8001,0x9881,0x8423,0x8022,0x0000,0x0000,0x0000,0x0000,0x0000,0x0000,0x0000,0x0000,
  0x0000,0x0000,0x0000,0x0000,0x0000,0x0000,0x0000,0xE22B,0x8000,0x0000,0x0000,0x0000,0x0000,0x0000,0x0000,0x0000,
  0x0000,0x0000,0x0000,0x0000,0x0000,0x0000,0x0000,0x0000,0x0000,0x0000,0x0000,0x0000,0x0000,0x0000,0x0000,0x0000,
  0x0000,0x0000,0x0000,0x0000,0x0000,0x0000,0x0000,0x0000,0x0000,0x0000,0x0000,0x0000,0x0000,0x0000,0x0000,0x0000,
  0x0000,0x0000,0x0000,0x0000,0x0000,0x0000,0x0000,0x0000,0x0000,0x0000,0x0000,0x0000,0x0000,0x0000,0x0000,0x0000,
  0x0000,0x0000,0x0000,0x0000,0x0000,0x0000,0x0000,0x0000,0x0000,0x0000,0x0000,0x0000,0x0000,0x0000,0x8000,0x8C65,
  0x0000,0x0000,0x0000,0x0000,0x0000,0x0000,0x0000,0x0000,0x0000,0x0000,0x0000,0x0000,0x0000,0x0000,0x0000,0x0000,
  0x0000,0xFFB7,0xCDA1,0x8865,0xFF71,0x8865,0xFA00,0xFFC8,0x98C7,0x8886,0x8000,0xA081,0x8043,0x0000,0x0000,0x0000,
  0x0000,0x0000,0x0000,0x0000,0x0000,0x0000,0x0000,0x0000,0x0000,0x0000,0x0000,0x0000,0x0000,0xE207,0x8000,0x0000,
  0x0000,0x0000,0x0000,0x0000,0x0000,0x0000,0x0000,0x0000,0x0000,0x0000,0x0000,0x0000,0x0000,0x0000,0x0000,0x0000,
  0x0000,0x0000,0x0000,0x0000,0x0000,0x0000,0x0000,0x0000,0x0000,0x0000,0x0000,0x0000,0x0000,0x0000,0x0000,0x0000,
  0x0000,0x0000,0x0000,0x0000,0x0000,0x0000,0x0000,0x0000,0x0000,0x0000,0x0000,0x0000,0x0000,0x0000,0x0000,0x0000,
  0x0000,0x0000,0x0000,0x0000,0x0000,0x0000,0x0000,0x0000,0x0000,0x0000,0x0000,0x0000,0x0000,0x0000,0x0000,0x0000,
  0x0000,0x0000,0x0000,0x0000,0x8000,0x8864,0x0000,0x0000,0x0000,0x0000,0x0000,0x0000,0x0000,0x0000,0x0000,0x0000,
  0x0000,0x0000,0x0000,0x0000,0x0000,0x0000,0x0000,0xA0E5,0xA92A,0x8442,0xFF72,0x8CA7,0xFEC0,0xFAA0,0x94A6,0x8444,
  0x8000,0x8866,0x8130,0x0000,0x0000,0x0000,0x0000,0x0000,0x0000,0x0000,0x0000,0x0000,0x0000,0x0000,0x0000,0x0000,
  0x0000,0x0000,0x0000,0xFB4D,0x8000,0x0000,0x0000,0x0000,0x0000,0x0000,0x0000,0x0000,0x0000,0x0000,0x0000,0x0000,
  0x0000,0x0000,0x0000,0x0000,0x0000,0x0000,0x0000,0x0000,0x0000,0x0000,0x0000,0x0000,0x0000,0x0000,0x0000,0x0000,
  0x0000,0x0000,0x0000,0x0000,0x0000,0x0000,0x0000,0x0000,0x0000,0x0000,0x0000,0x0000,0x0000,0x0000,0x0000,0x0000,
  0x0000,0x0000,0x0000,0x0000,0x0000,0x0000,0x0000,0x0000,0x0000,0x0000,0x0000,0x0000,0x0000,0x0000,0x0000,0x0000,
  0x0000,0x0000,0x0000,0x0000,0x0000,0x0000,0x0000,0x0000,0x0000,0x0000,0x0000,0x0000,0x0000,0x0000,0x0000,0x0000,
  0x0000,0x0000,0x0000,0x0000,0x0000,0x0000,0x0000,0x0000,0x0000,0x0000,0x0000,0x0000,0x0000,0x0000,0x0000,0x9062,
  0xFFB3,0x94A7,0x8821,0x8842,0x98C6,0x8487,0x8001,0x0000,0x0000,0x0000,0x0000,0x0000,0x0000,0x0000,0x0000,0x0000,
  0x0000,0x0000,0x0000,0x0000,0x0000,0x0000,0x0000,0x0000,0x0000,0xFF4D,0x8000,0x0000,0x0000,0x0000,0x0000,0x0000,
  0x0000,0x0000,0x0000,0x0000,0x0000,0x0000,0x0000,0x0000,0x0000,0x0000,0x0000,0x0000,0x0000,0x0000,0x0000,0x0000,
  0x0000,0x0000,0x0000,0x0000,0x0000,0x0000,0x0000,0x0000,0x0000,0x0000,0x0000,0x0000,0x0000,0x0000,0x0000,0x0000,
  0x0000,0x0000,0x0000,0x0000,0x0000,0x0000,0x0000,0x0000,0x0000,0x0000,0x0000,0x0000,0x0000,0x0000,0x0000,0x0000,
  0x0000,0x0000,0x0000,0x0000,0x0000,0x0000,0x0000,0x0000,0x0000,0x0000,0x0000,0x0000,0x0000,0x0000,0x0000,0x0000,
  0x0000,0x0000,0x0000,0x0000,0x0000,0x0000,0x0000,0x0000,0x0000,0x0000,0x0000,0x0000,0x0000,0x0000,0x0000,0x0000,
  0x0000,0x0000,0x0000,0x0000,0x0000,0x0000,0x8000,0x94A6,0x9086,0x8C86,0x8865,0x890D,0x0000,0x0000,0x0000,0x0000,
  0x0000,0x0000,0x0000,0x0000,0x0000,0x0000,0x0000,0x0000,0x0000,0x0000,0x0000,0x0000,0x0000,0x0000,0x0000,0x8421,
  0x0000,0x0000,0x0000,0x0000,0x0000,0x0000,0x0000,0x0000,0x0000,0x0000,0x0000,0x0000,0x0000,0x0000,0x0000,0x0000,
  0x0000,0x0000,0x0000,0x0000,0x0000,0x0000,0x0000,0x0000,0x0000,0x0000,0x0000,0x0000,0x0000,0x0000,0x0000,0x0000,
  0x0000,0x0000,0x0000,0x0000,0x0000,0x0000,0x0000,0x0000,0x0000,0x0000,0x0000,0x0000,0x0000,0x0000,0x0000,0x0000,
  0x0000,0x0000,0x0000,0x0000,0x0000,0x0000,0x0000,0x0000,0x0000,0x0000,0x0000,0x0000,0x0000,0x0000,0x0000,0x0000,
  0x0000,0x0000,0x0000,0x0000,0x0000,0x0000,0x0000,0x0000,0x0000,0x0000,0x0000,0x0000,0x0000,0x0000,0x0000,0x0000,
  0x0000,0x0000,0x0000,0x0000,0x0000,0x0000,0x0000,0x0000,0x0000,0x0000,0x0000,0x0000,0xFFB4,0xA909,0x8C87,0x8866,
  0x8000,0x8023,0x0000,0x0000,0x0000,0x0000,0x0000,0x0000,0x0000,0x0000,0x0000,0x0000,0x0000,0x0000,0x0000,0x0000,
  0x0000,0x0000,0x0000,0x0000,0x0000,0x0000,0x0000,0x0000,0x0000,0x0000,0x0000,0x0000,0x0000,0x0000,0x0000,0x0000,
  0x0000,0x0000,0x0000,0x0000,0x0000,0x0000,0x0000,0x0000,0x0000,0x0000,0x0000,0x0000,0x0000,0x0000,0x0000,0x0000,
  0x0000,0x0000,0x0000,0x0000,0x0000,0x0000,0x0000,0x0000,0x0000,0x0000,0x0000,0x0000,0x0000,0x0000,0x0000,0x0000,
  0x0000,0x0000,0x0000,0x0000,0x0000,0x0000,0x0000,0x0000,0x0000,0x0000,0x0000,0x0000,0x0000,0x0000,0x0000,0x0000,
  0x0000,0x0000,0x0000,0x0000,0x0000,0x0000,0x0000,0x0000,0x0000,0x0000,0x0000,0x0000,0x0000,0x0000,0x0000,0x0000,
  0x0000,0x0000,0x0000,0x0000,0x0000,0x0000,0x0000,0x0000,0x0000,0x0000,0x0000,0x0000,0x0000,0x0000,0x0000,0x0000,
  0x0000,0x0000,0xFFD5,0xB528,0xAD48,0x9085,0x8044,0x8001,0x0000,0x0000,0x0000,0x0000,0x0000,0x0000,0x0000,0x0000,
  0x0000,0x0000,0x0000,0x0000,0x0000,0x0000,0x0000,0x0000,0x0000,0x0000,0x0000,0x0000,0x0000,0x0000,0x0000,0x0000,
  0x0000,0x0000,0x0000,0x0000,0x0000,0x0000,0x0000,0x0000,0x0000,0x0000,0x0000,0x0000,0x0000,0x0000,0x0000,0x0000,
  0x0000,0x0000,0x0000,0x0000,0x0000,0x0000,0x0000,0x0000,0x0000,0x0000,0x0000,0x0000,0x0000,0x0000,0x0000,0x0000,
  0x0000,0x0000,0x0000,0x0000,0x0000,0x0000,0x0000,0x0000,0x0000,0x0000,0x0000,0x0000,0x0000,0x0000,0x0000,0x0000,
  0x0000,0x0000,0x0000,0x0000,0x0000,0x0000,0x0000,0x0000,0x0000,0x0000,0x0000,0x0000,0x0000,0x0000,0x0000,0x0000,
  0x0000,0x0000,0x0000,0x0000,0x0000,0x0000,0x0000,0x0000,0x0000,0x0000,0x0000,0x0000,0x0000,0x0000,0x0000,0x0000,
  0x0000,0x0000,0x0000,0x0000,0x0000,0x0000,0x0000,0x0000,0xFFB4,0x8841,0xA929,0x98C7,0x8444,0x8444,0x0000,0x0000,
  0x0000,0x0000,0x0000,0x0000,0x0000,0x0000,0x0000,0x0000,0x0000,0x0000,0x0000,0x0000,0x0000,0x0000,0x0000,0x0000,
  0x0000,0x0000,0x0000,0x0000,0x0000,0x0000,0x0000,0x0000,0x0000,0x0000,0x0000,0x0000,0x0000,0x0000,0x0000,0x0000,
  0x0000,0x0000,0x0000,0x0000,0x0000,0x0000,0x0000,0x0000,0x0000,0x0000,0x0000,0x0000,0x0000,0x0000,0x0000,0x0000,
  0x0000,0x0000,0x0000,0x0000,0x0000,0x0000,0x0000,0x0000,0x0000,0x0000,0x0000,0x0000,0x0000,0x0000,0x0000,0x0000,
  0x0000,0x0000,0x0000,0x0000,0x0000,0x0000,0x0000,0x0000,0x0000,0x0000,0x0000,0x0000,0x0000,0x0000,0x0000,0x0000,
  0x0000,0x0000,0x0000,0x0000,0x0000,0x0000,0x0000,0x0000,0x0000,0x0000,0x0000,0x0000,0x0000,0x0000,0x0000,0x0000,
  0x0000,0x0000,0x0000,0x0000,0x0000,0x0000,0x0000,0x0000,0x0000,0x0000,0x0000,0x0000,0x0000,0x0000,0xF7B7,0xD1C9,
  0xB16B,0x98C8,0x8045,0x810F,0x0000,0x0000,0x0000,0x0000,0x0000,0x0000,0x0000,0x0000,0x0000,0x0000,0x0000,0x0000,
  0x0000,0x0000,0x0000,0x0000,0x0000,0x0000,0x0000,0x0000,0x0000,0x0000,0x0000,0x0000,0x0000,0x0000,0x0000,0x0000,
  0x0000,0x0000,0x0000,0x0000,0x0000,0x0000,0x0000,0x0000,0x0000,0x0000,0x0000,0x0000,0x0000,0x0000,0x0000,0x0000,
  0x0000,0x0000,0x0000,0x0000,0x0000,0x0000,0x0000,0x0000,0x0000,0x0000,0x0000,0x0000,0x0000,0x0000,0x0000,0x0000,
  0x0000,0x0000,0x0000,0x0000,0x0000,0x0000,0x0000,0x0000,0x0000,0x0000,0x0000,0x0000,0x0000,0x0000,0x0000,0x0000,
  0x0000,0x0000,0x0000,0x0000,0x0000,0x0000,0x0000,0x0000,0x0000,0x0000,0x0000,0x0000,0x0000,0x0000,0x0000,0x0000,
  0x0000,0x0000,0x0000,0x0000,0x0000,0x0000,0x0000,0x0000,0x0000,0x0000,0x0000,0x0000,0x0000,0x0000,0x0000,0x0000,
  0x0000,0x0000,0x0000,0x0000,0x0000,0x8020,0x8401,0x8002,0x8000,0x0000,0x0000,0x0000,0x0000,0x0000,0x0000,0x0000,
  0x0000,0x0000,0x0000,0x0000,0x0000,0x0000,0x0000,0x0000,0x0000,0x0000,0x0000,0x0000,0x0000,0x0000,0x0000,0x0000,
  0x0000,0x0000,0x0000,0x0000,0x0000,0x0000,0x0000,0x0000,0x0000,0x0000,0x0000,0x0000,0x0000,0x0000,0x0000,0x0000,
  0x0000,0x0000,0x0000,0x0000,0x0000,0x0000,0x0000,0x0000,0x0000,0x0000,0x0000,0x0000,0x0000,0x0000,0x0000,0x0000,
  0x0000,0x0000,0x0000,0x0000,0x0000,0x0000,0x0000,0x0000,0x0000,0x0000,0x0000,0x0000,0x0000,0x0000,0x0000,0x0000,
  0x0000,0x0000,0x0000,0x0000,0x0000,0x0000,0x0000,0x0000,0x0000,0x0000,0x0000,0x0000,0x0000,0x0000,0x0000,0x0000,
  0x0000,0x0000,0x0000,0x0000,0x0000,0x0000,0x0000,0x0000,0x0000,0x0000,0x0000,0x0000,0x0000,0x0000,0x0000,0x0000,
  0x0000,0x0000,0x0000,0x0000,0x0000,0x0000,0x0000,0x0000,0x0000,0x0000,0x0000,0xFFB6,0x8865,0x8023,0x8088,0x0000,
  0x0000,0x0000,0x0000,0x0000,0x0000,0x0000,0x0000,0x0000,0x0000,0x0000,0x0000,0x0000,0x0000,0x0000,0x0000,0x0000,
  0x0000,0x0000,0x0000,0x0000,0x0000,0x0000,0x0000,0x0000,0x0000,0x0000,0x0000,0x0000,0x0000,0x0000,0x0000,0x0000,
  0x0000,0x0000,0x0000,0x0000,0x0000,0x0000,0x0000,0x0000,0x0000,0x0000,0x0000,0x0000,0x0000,0x0000,0x0000,0x0000,
  0x0000,0x0000,0x0000,0x0000,0x0000,0x0000,0x0000,0x0000,0x0000,0x0000,0x0000,0x0000,0x0000,0x0000,0x0000,0x0000,
  0x0000,0x0000,0x0000,0x0000,0x0000,0x0000,0x0000,0x0000,0x0000,0x0000,0x0000,0x0000,0x0000,0x0000,0x0000,0x0000,
  0x0000,0x0000,0x0000,0x0000,0x0000,0x0000,0x0000,0x0000,0x0000,0x0000,0x0000,0x0000,0x0000,0x0000,0x0000,0x0000,
  0x0000,0x0000,0x0000,0x0000,0x0000,0x0000,0x0000,0x0000,0x0000,0x0000,0x0000,0x0000,0x0000,0x0000,0x0000,0x0000,
  0x0000,0xFFD8,0x8C84,0x8863,0xACE3,0x0000,0x0000,0x0000,0x0000,0x0000,0x0000,0x0000,0x0000,0x0000,0x0000,0x0000,
  0x0000,0x0000,0x0000,0x0000,0x0000,0x0000,0x0000,0x0000,0x0000,0x0000,0x0000,0x0000,0x0000,0x0000,0x0000,0x0000,
  0x0000,0x0000,0x0000,0x0000,0x0000,0x0000,0x0000,0x0000,0x0000,0x0000,0x0000,0x0000,0x0000,0x0000,0x0000,0x0000,
  0x0000,0x0000,0x0000,0x0000,0x0000,0x0000,0x0000,0x0000,0x0000,0x0000,0x0000,0x0000,0x0000,0x0000,0x0000,0x0000,
  0x0000,0x0000,0x0000,0x0000,0x0000,0x0000,0x0000,0x0000,0x0000,0x0000,0x0000,0x0000,0x0000,0x0000,0x0000,0x0000,
  0x0000,0x0000,0x0000,0x0000,0x0000,0x0000,0x0000,0x0000,0x0000,0x0000,0x0000,0x0000,0x0000,0x0000,0x0000,0x0000,
  0x0000,0x0000,0x0000,0x0000,0x0000,0x0000,0x0000,0x0000,0x0000,0x0000,0x0000,0x0000,0x0000,0x0000,0x0000,0x0000,
  0x0000,0x0000,0x0000,0x0000,0x0000,0x0000,0x0000,0xFFD8,0xA0E7,0x90A6,0x80CB,0x0000,0x0000,0x0000,0x0000,0x0000,
  0x0000,0x0000,0x0000,0x0000,0x0000,0x0000,0x0000,0x0000,0x0000,0x0000,0x0000,0x0000,0x0000,0x0000,0x0000,0x0000,
  0x0000,0x0000,0x0000,0x0000,0x0000,0x0000,0x0000,0x0000,0x0000,0x0000,0x0000,0x0000,0x0000,0x0000,0x0000,0x0000,
  0x0000,0x0000,0x0000,0x0000,0x0000,0x0000,0x0000,0x0000,0x0000,0x0000,0x0000,0x0000,0x0000,0x0000,0x0000,0x0000,
  0x0000,0x0000,0x0000,0x0000,0x0000,0x0000,0x0000,0x0000,0x0000,0x0000,0x0000,0x0000,0x0000,0x0000,0x0000,0x0000,
  0x0000,0x0000,0x0000,0x0000,0x0000,0x0000,0x0000,0x0000,0x0000,0x0000,0x0000,0x0000,0x0000,0x0000,0x0000,0x0000,
  0x0000,0x0000,0x0000,0x0000,0x0000,0x0000,0x0000,0x0000,0x0000,0x0000,0x0000,0x0000,0x0000,0x0000,0x0000,0x0000,
  0x0000,0x0000,0x0000,0x0000,0x0000,0x0000,0x0000,0x0000,0x0000,0x0000,0x0000,0x0000,0x0000,0xFFD9,0xB98A,0x9CE8,
  0x80CA,0x0000,0x0000,0x0000,0x0000,0x0000,0x0000,0x0000,0x0000,0x0000,0x0000,0x0000,0x0000,0x0000,0x0000,0x0000,
  0x0000,0x0000,0x0000,0x0000,0x0000,0x0000,0x0000,0x0000,0x0000,0x0000,0x0000,0x0000,0x0000,0x0000,0x0000,0x0000,
  0x0000,0x0000,0x0000,0x0000,0x0000,0x0000,0x0000,0x0000,0x0000,0x0000,0x0000,0x0000,0x0000,0x0000,0x0000,0x0000,
  0x0000,0x0000,0x0000,0x0000,0x0000,0x0000,0x0000,0x0000,0x0000,0x0000,0x0000,0x0000,0x0000,0x0000,0x0000,0x0000,
  0x0000,0x0000,0x0000,0x0000,0x0000,0x0000,0x0000,0x0000,0x0000,0x0000,0x0000,0x0000,0x0000,0x0000,0x0000,0x0000,
  0x0000,0x0000,0x0000,0x0000,0x0000,0x0000,0x0000,0x0000,0x0000,0x0000,0x0000,0x0000,0x0000,0x0000,0x0000,0x0000,
  0x0000,0x0000,0x0000,0x0000,0x0000,0x0000,0x0000,0x0000,0x0000,0x0000,0x0000,0x0000,0x0000,0x0000,0x0000,0x0000,
  0x0000,0x0000,0x0000,0x0000,0x8000,0x8000,0x8443,0x0000,0x0000,0x0000,0x0000,0x0000,0x0000,0x0000,0x0000,0x0000,
  0x0000,0x0000,0x0000,0x0000,0x0000,0x0000,0x0000,0x0000,0x0000,0x0000,0x0000,0x0000,0x0000,0x0000,0x0000,0x0000,
  0x0000,0x0000,0x0000,0x0000,0x0000,0x0000,0x0000,0x0000,0x0000,0x0000,0x0000,0x0000,0x0000,0x0000,0x0000,0x0000,
  0x0000,0x0000,0x0000,0x0000,0x0000,0x0000,0x0000,0x0000,0x0000,0x0000,0x0000,0x0000,0x0000,0x0000,0x0000,0x0000,
  0x0000,0x0000,0x0000,0x0000,0x0000,0x0000,0x0000,0x0000,0x0000,0x0000,0x0000,0x0000,0x0000,0x0000,0x0000,0x0000,
  0x0000,0x0000,0x0000,0x0000,0x0000,0x0000,0x0000,0x0000,0x0000,0x0000,0x0000,0x0000,0x0000,0x0000,0x0000,0x0000,
  0x0000,0x0000,0x0000,0x0000,0x0000,0x0000,0x0000,0x0000,0x0000,0x0000,0x0000,0x0000,0x0000,0x0000,0x0000,0x0000,
  0x0000,0x0000,0x0000,0x0000,0x0000,0x0000,0x0000,0x0000,0x0000,0x0000,0x8000,0x8889,0x0000,0x0000,0x0000,0x0000,
  0x0000,0x0000,0x0000,0x0000,0x0000,0x0000,0x0000,0x0000,0x0000,0x0000,0x0000,0x0000,0x0000,0x0000,0x0000,0x0000,
  0x0000,0x0000,0x0000,0x0000,0x0000,0x0000,0x0000,0x0000,0x0000,0x0000,0x0000,0x0000,0x0000,0x0000,0x0000,0x0000,
  0x0000,0x0000,0x0000,0x0000,0x0000,0x0000,0x0000,0x0000,0x0000,0x0000,0x0000,0x0000,0x0000,0x0000,0x0000,0x0000,
  0x0000,0x0000,0x0000,0x0000,0x0000,0x0000,0x0000,0x0000,0x0000,0x0000,0x0000,0x0000,0x0000,0x0000,0x0000,0x0000,
  0x0000,0x0000,0x0000,0x0000,0x0000,0x0000,0x0000,0x0000,0x0000,0x0000,0x0000,0x0000,0x0000,0x0000,0x0000,0x0000,
  0x0000,0x0000,0x0000,0x0000,0x0000,0x0000,0x0000,0x0000,0x0000,0x0000,0x0000,0x0000,0x0000,0x0000,0x0000,0x0000,
  0x0000,0x0000,0x0000,0x0000,0x0000,0x0000,0x0000,0x0000,0x0000,0x0000,0x0000,0x0000,0x0000,0x0000,0x0000,0x0000,
  0x8000,0x88AB,0x0000,0x0000,0x0000,0x0000,0x0000,0x0000,0x0000,0x0000,0x0000,0x0000,0x0000,0x0000,0x0000,0x0000,
  0x0000,0x0000,0x0000,0x0000,0x0000,0x0000,0x0000,0x0000,0x0000,0x0000,0x0000,0x0000,0x0000,0x0000,0x0000,0x0000,
  0x0000,0x0000,0x0000,0x0000,0x0000,0x0000,0x0000,0x0000,0x0000,0x0000,0x0000,0x0000,0x0000,0x0000,0x0000,0x0000,
  0x0000,0x0000,0x0000,0x0000,0x0000,0x0000,0x0000,0x0000,0x0000,0x0000,0x0000,0x0000,0x0000,0x0000,0x0000,0x0000,
  0x0000,0x0000,0x0000,0x0000,0x0000,0x0000,0x0000,0x0000,0x0000,0x0000,0x0000,0x0000,0x0000,0x0000,0x0000,0x0000,
  0x0000,0x0000,0x0000,0x0000,0x0000,0x0000,0x0000,0x0000,0x0000,0x0000,0x0000,0x0000,0x0000,0x0000,0x0000,0x0000,
  0x0000,0x0000,0x0000,0x0000,0x0000,0x0000,0x0000,0x0000,0x0000,0x0000,0x0000,0x0000,0x0000,0x0000,0x0000,0x0000,
  0x0000,0x0000,0x0000,0x0000,0x0000,0x0000,0x8000,0x90CC,0x0000,0x0000,0x0000,0x0000,0x0000,0x0000,0x0000,0x0000,
  0x0000,0x0000,0x0000,0x0000,0x0000,0x0000,0x0000,0x0000,0x0000,0x0000,0x0000,0x0000,0x0000,0x0000,0x0000,0x0000,
  0x0000,0x0000,0x0000,0x0000,0x0000,0x0000,0x0000,0x0000,0x0000,0x0000,0x0000,0x0000,0x0000,0x0000,0x0000,0x0000,
  0x0000,0x0000,0x0000,0x0000,0x0000,0x0000,0x0000,0x0000,0x0000,0x0000,0x0000,0x0000,0x0000,0x0000,0x0000,0x0000,
  0x0000,0x0000,0x0000,0x0000,0x0000,0x0000,0x0000,0x0000,0x0000,0x0000,0x0000,0x0000,0x0000,0x0000,0x0000,0x0000,
  0x0000,0x0000,0x0000,0x0000,0x0000,0x0000,0x0000,0x0000,0x0000,0x0000,0x0000,0x0000,0x0000,0x0000,0x0000,0x0000,
  0x0000,0x0000,0x0000,0x0000,0x0000,0x0000,0x0000,0x0000,0x0000,0x0000,0x0000,0x0000,0x0000,0x0000,0x0000,0x0000,
  0x0000,0x0000,0x0000,0x0000,0x0000,0x0000,0x0000,0x0000,0x0000,0x0000,0x0000,0x0000,0x8001,0x8001,0x0000,0x0000,
  0x0000,0x0000,0x0000,0x0000,0x0000,0x0000,0x0000,0x0000,0x0000,0x0000,0x0000,0x0000,0x0000,0x0000,0x0000,0x0000,
  0x0000,0x0000,0x0000,0x0000,0x0000,0x0000,0x0000,0x0000,0x0000,0x0000,0x0000,0x0000,0x0000,0x0000,0x0000,0x0000,
  0x0000,0x0000,0x0000,0x0000,0x0000,0x0000,0x0000,0x0000,0x0000,0x0000,0x0000,0x0000,0x0000,0x0000,0x0000,0x0000,
  0x0000,0x0000,0x0000,0x0000,0x0000,0x0000,0x0000,0x0000,
};
static const uint16_t almanac_station_mega[14400]={
  0x0000,0x0000,0x0000,0x0000,0x0000,0x0000,0x0000,0x0000,0x0000,0x0000,0x0000,0x0000,0x0000,0x0000,0x0000,0x0000,
  0x0000,0x0000,0x0000,0x0000,0x0000,0x0000,0x0000,0x0000,0x0000,0x0000,0x0000,0x0000,0x0000,0x0000,0x0000,0x0000,
  0x0000,0x0000,0x0000,0x0000,0x0000,0x0000,0x0000,0x0000,0x0000,0x0000,0x0000,0x0000,0x0000,0x0000,0x0000,0x0000,
  0x0000,0x0000,0x0000,0x0000,0x0000,0x0000,0x0000,0x0000,0x0000,0x0000,0x0000,0x0000,0x0000,0x0000,0x0000,0x0000,
  0x0000,0x0000,0x0000,0x0000,0x0000,0x0000,0x0000,0x0000,0x0000,0x0000,0x8000,0x0000,0x0000,0x0000,0x0000,0x0000,
  0x0000,0x0000,0x0000,0x0000,0x0000,0x0000,0x0000,0x0000,0x0000,0x0000,0x0000,0x0000,0x0000,0x0000,0x0000,0x0000,
  0x0000,0x0000,0x0000,0x0000,0x0000,0x0000,0x0000,0x0000,0x0000,0x0000,0x0000,0x0000,0x0000,0x0000,0x0000,0x0000,
  0x0000,0x0000,0x0000,0x0000,0x0000,0x0000,0x0000,0x0000,0x0000,0x0000,0x0000,0x0000,0x0000,0x0000,0x0000,0x0000,
  0x0000,0x0000,0x0000,0x0000,0x0000,0x0000,0x0000,0x0000,0x0000,0x0000,0x0000,0x0000,0x0000,0x0000,0x0000,0x0000,
  0x0000,0x0000,0x0000,0x0000,0x0000,0x0000,0x0000,0x0000,0x0000,0x0000,0x0000,0x0000,0x0000,0x0000,0x0000,0x0000,
  0x0000,0x0000,0x0000,0x0000,0x0000,0x0000,0x0000,0x0000,0x0000,0x0000,0x0000,0x0000,0x0000,0x0000,0x0000,0x0000,
  0x0000,0x0000,0x0000,0x0000,0x0000,0x0000,0x0000,0x0000,0x0000,0x0000,0x0000,0x0000,0x0000,0x0000,0x0000,0x0000,
  0x0000,0x0000,0x0000,0x0000,0x0000,0x0000,0x0000,0x0000,0x0000,0x0000,0x0000,0x0000,0x0000,0x0000,0x0000,0x0000,
  0x0000,0x0000,0x0000,0x0000,0x0000,0x0000,0x0000,0x0000,0x0000,0x0000,0x0000,0x0000,0x0000,0x0000,0x0000,0x0000,
  0x8000,0x0000,0x0000,0x0000,0x0000,0x0000,0x0000,0x0000,0x0000,0x0000,0x0000,0x0000,0x0000,0x0000,0x0000,0x0000,
  0x0000,0x0000,0x0000,0x0000,0x0000,0x0000,0x0000,0x0000,0x0000,0x0000,0x0000,0x0000,0x0000,0x0000,0x0000,0x0000,
  0x0000,0x0000,0x0000,0x0000,0x0000,0x0000,0x0000,0x0000,0x0000,0x0000,0x0000,0x0000,0x0000,0x0000,0x0000,0x0000,
  0x0000,0x0000,0x0000,0x0000,0x0000,0x0000,0x0000,0x0000,0x0000,0x0000,0x0000,0x0000,0x0000,0x0000,0x0000,0x0000,
  0x0000,0x0000,0x0000,0x0000,0x0000,0x0000,0x0000,0x0000,0x0000,0x0000,0x0000,0x0000,0x0000,0x0000,0x0000,0x0000,
  0x0000,0x0000,0x0000,0x0000,0x0000,0x0000,0x0000,0x0000,0x0000,0x0000,0x0000,0x0000,0x0000,0x0000,0x0000,0x0000,
  0x0000,0x0000,0x0000,0x0000,0x0000,0x0000,0x0000,0x0000,0x0000,0x0000,0x0000,0x0000,0x0000,0x0000,0x0000,0x0000,
  0x0000,0x0000,0x0000,0x0000,0x0000,0x0000,0x0000,0x0000,0x0000,0x0000,0x0000,0x0000,0x0000,0x0000,0x0000,0x0000,
  0x0000,0x0000,0x0000,0x0000,0x0000,0x0000,0x0000,0x0000,0x0000,0x0000,0x0000,0x0000,0x0000,0x0000,0x0000,0x0000,
  0x0000,0x0000,0x0000,0x0000,0x0000,0x0000,0x8000,0x0000,0x0000,0x0000,0x0000,0x0000,0x0000,0x0000,0x0000,0x0000,
  0x0000,0x0000,0x0000,0x0000,0x0000,0x0000,0x0000,0x0000,0x0000,0x0000,0x0000,0x0000,0x0000,0x0000,0x0000,0x0000,
  0x0000,0x0000,0x0000,0x0000,0x0000,0x0000,0x0000,0x0000,0x0000,0x0000,0x0000,0x0000,0x0000,0x0000,0x0000,0x0000,
  0x0000,0x0000,0x0000,0x0000,0x0000,0x0000,0x0000,0x0000,0x0000,0x0000,0x0000,0x0000,0x0000,0x0000,0x0000,0x0000,
  0x0000,0x0000,0x0000,0x0000,0x0000,0x0000,0x0000,0x0000,0x0000,0x0000,0x0000,0x0000,0x0000,0x0000,0x0000,0x0000,
  0x0000,0x0000,0x0000,0x0000,0x0000,0x0000,0x0000,0x0000,0x0000,0x0000,0x0000,0x0000,0x0000,0x0000,0x0000,0x0000,
  0x0000,0x0000,0x0000,0x0000,0x0000,0x0000,0x0000,0x0000,0x0000,0x0000,0x0000,0x0000,0x0000,0x0000,0x0000,0x0000,
  0x0000,0x0000,0x0000,0x0000,0x0000,0x0000,0x0000,0x0000,0x0000,0x0000,0x0000,0x0000,0x0000,0x0000,0x0000,0x0000,
  0x0000,0x0000,0x0000,0x0000,0x0000,0x0000,0x0000,0x0000,0x0000,0x0000,0x0000,0x0000,0x0000,0x0000,0x0000,0x0000,
  0x0000,0x0000,0x0000,0x0000,0x0000,0x0000,0x0000,0x0000,0x0000,0x0000,0x0000,0x0000,0x8001,0x0000,0x0000,0x0000,
  0x0000,0x0000,0x0000,0x0000,0x0000,0x0000,0x0000,0x0000,0x0000,0x0000,0x0000,0x0000,0x0000,0x0000,0x0000,0x0000,
  0x0000,0x0000,0x0000,0x0000,0x0000,0x0000,0x0000,0x0000,0x0000,0x0000,0x0000,0x0000,0x0000,0x0000,0x0000,0x0000,
  0x0000,0x0000,0x0000,0x0000,0x0000,0x0000,0x0000,0x0000,0x0000,0x0000,0x0000,0x0000,0x0000,0x0000,0x0000,0x0000,
  0x0000,0x0000,0x0000,0x0000,0x0000,0x0000,0x0000,0x0000,0x0000,0x0000,0x0000,0x0000,0x0000,0x0000,0x0000,0x0000,
  0x0000,0x0000,0x0000,0x0000,0x0000,0x0000,0x0000,0x0000,0x0000,0x0000,0x0000,0x0000,0x0000,0x0000,0x0000,0x0000,
  0x0000,0x0000,0x0000,0x0000,0x0000,0x0000,0x0000,0x0000,0x0000,0x0000,0x0000,0x0000,0x0000,0x0000,0x0000,0x0000,
  0x0000,0x0000,0x0000,0x0000,0x0000,0x0000,0x0000,0x0000,0x0000,0x0000,0x0000,0x0000,0x0000,0x0000,0x0000,0x0000,
  0x0000,0x0000,0x0000,0x0000,0x0000,0x0000,0x0000,0x0000,0x0000,0x0000,0x0000,0x0000,0x0000,0x0000,0x0000,0x0000,
  0x0000,0x0000,0x0000,0x0000,0x0000,0x0000,0x0000,0x0000,0x0000,0x0000,0x0000,0x0000,0x0000,0x0000,0x0000,0x8421,
  0x0000,0xE265,0x8421,0x0000,0x0000,0x0000,0x0000,0x0000,0x0000,0x0000,0x0000,0x0000,0x0000,0x0000,0x0000,0x0000,
  0x0000,0x0000,0x0000,0x0000,0x0000,0x0000,0x0000,0x0000,0x0000,0x0000,0x0000,0x0000,0x0000,0x0000,0x0000,0x0000,
  0x0000,0x0000,0x0000,0x0000,0x0000,0x0000,0x0000,0x0000,0x0000,0x0000,0x0000,0x0000,0x0000,0x0000,0x0000,0x0000,
  0x0000,0x0000,0x0000,0x0000,0x0000,0x0000,0x0000,0x0000,0x0000,0x0000,0x0000,0x0000,0x0000,0x0000,0x0000,0x0000,
  0x0000,0x0000,0x0000,0x0000,0x0000,0x0000,0x0000,0x0000,0x0000,0x0000,0x0000,0x0000,0x0000,0x0000,0x0000,0x0000,
  0x0000,0x0000,0x0000,0x0000,0x0000,0x0000,0x0000,0x0000,0x0000,0x0000,0x0000,0x0000,0x0000,0x0000,0x0000,0x0000,
  0x0000,0x0000,0x0000,0x0000,0x0000,0x0000,0x0000,0x0000,0x0000,0x0000,0x0000,0x0000,0x0000,0x0000,0x0000,0x0000,
  0x0000,0x0000,0x0000,0x0000,0x0000,0x0000,0x0000,0x0000,0x0000,0x0000,0x0000,0x0000,0x0000,0x0000,0x0000,0x0000,
  0x0000,0x0000,0x0000,0x0000,0x0000,0x0000,0x0000,0x0000,0x0000,0x0000,0x0000,0x0000,0x0000,0x0000,0x0000,0x0000,
  0x0000,0x0000,0x0000,0x0000,0x0000,0x8000,0x0000,0xB903,0x8001,0x0000,0x0000,0x0000,0x0000,0x0000,0x0000,0x0000,
  0x0000,0x0000,0x0000,0x0000,0x0000,0x0000,0x0000,0x0000,0x0000,0x0000,0x0000,0x0000,0x0000,0x0000,0x0000,0x0000,
  0x0000,0x0000,0x0000,0x0000,0x0000,0x0000,0x0000,0x0000,0x0000,0x0000,0x0000,0x0000,0x0000,0x0000,0x0000,0x0000,
  0x0000,0x0000,0x0000,0x0000,0x0000,0x0000,0x0000,0x0000,0x0000,0x0000,0x0000,0x0000,0x0000,0x0000,0x0000,0x0000,
  0x0000,0x0000,0x0000,0x0000,0x0000,0x0000,0x0000,0x0000,0x0000,0x0000,0x0000,0x0000,0x0000,0x0000,0x0000,0x0000,
  0x0000,0x0000,0x0000,0x0000,0x0000,0x0000,0x0000,0x0000,0x0000,0x0000,0x0000,0x0000,0x0000,0x0000,0x0000,0x0000,
  0x0000,0x0000,0x0000,0x0000,0x0000,0x0000,0x0000,0x0000,0x0000,0x0000,0x0000,0x0000,0x0000,0x0000,0x0000,0x0000,
  0x0000,0x0000,0x0000,0x0000,0x0000,0x0000,0x0000,0x0000,0x0000,0x0000,0x0000,0x0000,0x0000,0x0000,0x0000,0x0000,
  0x0000,0x0000,0x0000,0x0000,0x0000,0x0000,0x0000,0x0000,0x0000,0x0000,0x0000,0x0000,0x0000,0x0000,0x0000,0x0000,
  0x0000,0x0000,0x0000,0x0000,0x0000,0x0000,0x0000,0x0000,0x0000,0x0000,0x0000,0x8000,0x0000,0xDA07,0x8886,0x0000,
  0x0000,0x0000,0x0000,0x0000,0x0000,0x0000,0x0000,0x0000,0x0000,0x0000,0x0000,0x0000,0x0000,0x0000,0x0000,0x0000,
  0x0000,0x0000,0x0000,0x0000,0x0000,0x0000,0x0000,0x0000,0x0000,0x0000,0x0000,0x0000,0x0000,0x0000,0x0000,0x0000,
  0x0000,0x0000,0x0000,0x0000,0x0000,0x0000,0x0000,0x0000,0x0000,0x0000,0x0000,0x0000,0x0000,0x0000,0x0000,0x0000,
  0x0000,0x0000,0x0000,0x0000,0x0000,0x0000,0x0000,0x0000,0x0000,0x0000,0x0000,0x0000,0x0000,0x0000,0x0000,0x0000,
  0x0000,0x0000,0x0000,0x0000,0x0000,0x0000,0x0000,0x0000,0x0000,0x0000,0x0000,0x0000,0x0000,0x0000,0x0000,0x0000,
  0x0000,0x0000,0x0000,0x0000,0x0000,0x0000,0x0000,0x0000,0x0000,0x0000,0x0000,0x0000,0x0000,0x0000,0x0000,0x0000,
  0x0000,0x0000,0x0000,0x0000,0x0000,0x0000,0x0000,0x0000,0x0000,0x0000,0x0000,0x0000,0x0000,0x0000,0x0000,0x0000,
  0x0000,0x0000,0x0000,0x0000,0x0000,0x0000,0x0000,0x0000,0x0000,0x0000,0x0000,0x0000,0x0000,0x0000,0x0000,0x0000,
  0x0000,0x0000,0x0000,0x0000,0x0000,0x0000,0x0000,0x0000,0x0000,0x0000,0x0000,0x0000,0x0000,0x0000,0x0000,0x0000,
  0x0000,0x8000,0x0000,0xC966,0x8001,0x0000,0x0000,0xDE05,0x0000,0x0000,0x0000,0x0000,0x0000,0x0000,0x0000,0x0000,
  0x0000,0x0000,0x0000,0x0000,0x0000,0x0000,0x0000,0x0000,0x0000,0x0000,0x0000,0x0000,0x0000,0x0000,0x0000,0x0000,
  0x0000,0x0000,0x0000,0x0000,0x0000,0x0000,0x0000,0x0000,0x0000,0x0000,0x0000,0x0000,0x0000,0x0000,0x0000,0x0000,
  0x0000,0x0000,0x0000,0x0000,0x0000,0x0000,0x0000,0x0000,0x0000,0x0000,0x0000,0x0000,0x0000,0x0000,0x0000,0x0000,
  0x0000,0x0000,0x0000,0x0000,0x0000,0x0000,0x0000,0x0000,0x0000,0x0000,0x0000,0x0000,0x0000,0x0000,0x0000,0x0000,
  0x0000,0x0000,0x0000,0x0000,0x0000,0x0000,0x0000,0x0000,0x0000,0x0000,0x0000,0x0000,0x0000,0x0000,0x0000,0x0000,
  0x0000,0x0000,0x0000,0x0000,0x0000,0x0000,0x0000,0x0000,0x0000,0x0000,0x0000,0x0000,0x0000,0x0000,0x0000,0x0000,
  0x0000,0x0000,0x0000,0x0000,0x0000,0x0000,0x0000,0x0000,0x0000,0x0000,0x0000,0x0000,0x0000,0x0000,0x0000,0x0000,
  0x0000,0x0000,0x0000,0x0000,0x0000,0x0000,0x0000,0x0000,0x0000,0x0000,0x0000,0x0000,0x0000,0x0000,0x0000,0x0000,
  0x0000,0x0000,0x0000,0x0000,0x0000,0x0000,0x0000,0x9462,0x0000,0xDE28,0x8C87,0x0000,0x0000,0xDE69,0x0000,0x0000,
  0x0000,0x0000,0x0000,0x0000,0x0000,0x0000,0x0000,0x0000,0x0000,0x0000,0x0000,0x0000,0x0000,0x0000,0x0000,0x0000,
  0x0000,0x0000,0x0000,0x0000,0x0000,0x0000,0x0000,0x0000,0x0000,0x0000,0x0000,0x0000,0x0000,0x0000,0x0000,0x0000,
  0x0000,0x0000,0x0000,0x0000,0x0000,0x0000,0x0000,0x0000,0x0000,0x0000,0x0000,0x0000,0x0000,0x0000,0x0000,0x0000,
  0x0000,0x0000,0x0000,0x0000,0x0000,0x0000,0x0000,0x0000,0x0000,0x0000,0x0000,0x0000,0x0000,0x0000,0x0000,0x0000,
  0x0000,0x0000,0x0000,0x0000,0x0000,0x0000,0x0000,0x0000,0x0000,0x0000,0x0000,0x0000,0x0000,0x0000,0x0000,0x0000,
  0x0000,0x0000,0x0000,0x0000,0x0000,0x0000,0x0000,0x0000,0x0000,0x0000,0x0000,0x0000,0x0000,0x0000,0x0000,0x0000,
  0x0000,0x0000,0x0000,0x0000,0x0000,0x0000,0x0000,0x0000,0x0000,0x0000,0x0000,0x0000,0x0000,0x0000,0x0000,0x0000,
  0x0000,0x0000,0x0000,0x0000,0x0000,0x0000,0x0000,0x0000,0x0000,0x0000,0x0000,0x0000,0x0000,0x0000,0x0000,0x0000,
  0x0000,0x0000,0x0000,0x0000,0x0000,0x0000,0x0000,0x0000,0x0000,0x0000,0x0000,0x0000,0xC585,0xA109,0x0000,0xB545,
  0x8002,0x0000,0x0000,0x8000,0x0000,0x0000,0x0000,0x0000,0x0000,0x0000,0x0000,0x0000,0x0000,0x0000,0x0000,0x0000,
  0x0000,0x0000,0x0000,0x0000,0x0000,0x0000,0x0000,0x0000,0x0000,0x0000,0x0000,0x0000,0x0000,0x0000,0x0000,0x0000,
  0x0000,0x0000,0x0000,0x0000,0x0000,0x0000,0x0000,0x0000,0x0000,0x0000,0x0000,0x0000,0x0000,0x0000,0x0000,0x0000,
  0x0000,0x0000,0x0000,0x0000,0x0000,0x0000,0x0000,0x0000,0x0000,0x0000,0x0000,0x0000,0x0000,0x0000,0x0000,0x0000,
  0x0000,0x0000,0x0000,0x0000,0x0000,0x0000,0x0000,0x0000,0x0000,0x0000,0x0000,0x0000,0x0000,0x0000,0x0000,0x0000,
  0x0000,0x0000,0x0000,0x0000,0x0000,0x0000,0x0000,0x0000,0x0000,0x0000,0x0000,0x0000,0x0000,0x0000,0x0000,0x0000,
  0x0000,0x0000,0x0000,0x0000,0x0000,0x0000,0x0000,0x0000,0x0000,0x0000,0x0000,0x0000,0x0000,0x0000,0x0000,0x0000,
  0x0000,0x0000,0x0000,0x0000,0x0000,0x0000,0x0000,0x0000,0x0000,0x0000,0x0000,0x0000,0x0000,0x0000,0x0000,0x0000,
  0x0000,0x0000,0x0000,0x0000,0x0000,0x0000,0x0000,0x0000,0x0000,0x0000,0x0000,0x0000,0x0000,0x0000,0x0000,0x0000,
  0x0000,0x0000,0xF2EA,0x9085,0x0000,0xB966,0x8C87,0x0000,0x0000,0x9462,0x8000,0x0000,0x0000,0x0000,0x0000,0x0000,
  0x0000,0x0000,0x0000,0x0000,0x0000,0x0000,0x0000,0x0000,0x0000,0x0000,0x0000,0x0000,0x0000,0x0000,0x0000,0x0000,
  0x0000,0x0000,0x0000,0x0000,0x0000,0x0000,0x0000,0x0000,0x0000,0x0000,0x0000,0x0000,0x0000,0x0000,0x0000,0x0000,
  0x0000,0x0000,0x0000,0x0000,0x0000,0x0000,0x0000,0x0000,0x0000,0x0000,0x0000,0x0000,0x0000,0x0000,0x0000,0x0000,
  0x0000,0x0000,0x0000,0x0000,0x0000,0x0000,0x0000,0x0000,0x0000,0x0000,0x0000,0x0000,0x0000,0x0000,0x0000,0x0000,
  0x0000,0x0000,0x0000,0x0000,0x0000,0x0000,0x0000,0x0000,0x0000,0x0000,0x0000,0x0000,0x0000,0x0000,0x0000,0x0000,
  0x0000,0x0000,0x0000,0x0000,0x0000,0x0000,0x0000,0x0000,0x0000,0x0000,0x0000,0x0000,0x0000,0x0000,0x0000,0x0000,
  0x0000,0x0000,0x0000,0x0000,0x0000,0x0000,0x0000,0x0000,0x0000,0x0000,0x0000,0x0000,0x0000,0x0000,0x0000,0x0000,
  0x0000,0x0000,0x0000,0x0000,0x0000,0x0000,0x0000,0x0000,0x0000,0x0000,0x0000,0x0000,0x0000,0x0000,0x0000,0x0000,
  0x0000,0x0000,0x0000,0x0000,0x0000,0x0000,0x0000,0xEE87,0xF30D,0x90A7,0xA906,0x9042,0x8887,0x0000,0x9861,0xA908,
  0x80ED,0x0000,0x0000,0x0000,0x0000,0x0000,0x0000,0x0000,0x0000,0x0000,0x0000,0x0000,0x0000,0x0000,0x0000,0x0000,
  0x0000,0x0000,0x0000,0x0000,0x0000,0x0000,0x0000,0x0000,0x0000,0x0000,0x0000,0x0000,0x0000,0x0000,0x0000,0x0000,
  0x0000,0x0000,0x0000,0x0000,0x0000,0x0000,0x0000,0x0000,0x0000,0x0000,0x0000,0x0000,0x0000,0x0000,0x0000,0x0000,
  0x0000,0x0000,0x0000,0x0000,0x0000,0x0000,0x0000,0x0000,0x0000,0x0000,0x0000,0x0000,0x0000,0x0000,0x0000,0x0000,
  0x0000,0x0000,0x0000,0x0000,0x0000,0x0000,0x0000,0x0000,0x0000,0x0000,0x0000,0x0000,0x0000,0x0000,0x0000,0x0000,
  0x0000,0x0000,0x0000,0x0000,0x0000,0x0000,0x0000,0x0000,0x0000,0x0000,0x0000,0x0000,0x0000,0x0000,0x0000,0x0000,
  0x0000,0x0000,0x0000,0x0000,0x0000,0x0000,0x0000,0x0000,0x0000,0x0000,0x0000,0x0000,0x0000,0x0000,0x0000,0x0000,
  0x0000,0x0000,0x0000,0x0000,0x0000,0x0000,0x0000,0x0000,0x0000,0x0000,0x0000,0x0000,0x0000,0x0000,0x0000,0x0000,
  0x0000,0x0000,0x0000,0x0000,0x0000,0x0000,0x0000,0x0000,0x0000,0x0000,0x0000,0x0000,0x0000,0xE20A,0xF2AB,0x8C86,
  0x8421,0xB548,0x8466,0x9484,0x8C41,0x9CC7,0x8443,0x0000,0x0000,0x0000,0x0000,0x0000,0x0000,0x0000,0x0000,0x0000,
  0x0000,0x0000,0x0000,0x0000,0x0000,0x0000,0x0000,0x0000,0x0000,0x0000,0x0000,0x0000,0x0000,0x0000,0x0000,0x0000,
  0x0000,0x0000,0x0000,0x0000,0x0000,0x0000,0x0000,0x0000,0x0000,0x0000,0x0000,0x0000,0x0000,0x0000,0x0000,0x0000,
  0x0000,0x0000,0x0000,0x0000,0x0000,0x0000,0x0000,0x0000,0x0000,0x0000,0x0000,0x0000,0x0000,0x0000,0x0000,0x0000,
  0x0000,0x0000,0x0000,0x0000,0x0000,0x0000,0x0000,0x0000,0x0000,0x0000,0x0000,0x0000,0x0000,0x0000,0x0000,0x0000,
  0x0000,0x0000,0x0000,0x0000,0x0000,0x0000,0x0000,0x0000,0x0000,0x0000,0x0000,0x0000,0x0000,0x0000,0x0000,0x0000,
  0x0000,0x0000,0x0000,0x0000,0x0000,0x0000,0x0000,0x0000,0x0000,0x0000,0x0000,0x0000,0x0000,0x0000,0x0000,0x0000,
  0x0000,0x0000,0x0000,0x0000,0x0000,0x0000,0x0000,0x0000,0x0000,0x0000,0x0000,0x0000,0x0000,0x0000,0x0000,0x0000,
  0x0000,0x0000,0x0000,0x0000,0x0000,0x0000,0x0000,0x0000,0x0000,0x0000,0x0000,0x0000,0x0000,0x0000,0x0000,0x0000,
  0x0000,0x0000,0x0000,0xE22C,0xDA2E,0x8865,0xFFF6,0xB0E7,0x8CA8,0x8000,0x8000,0x94A6,0x8444,0x0000,0x0000,0x0000,
  0x0000,0x0000,0x0000,0x0000,0x0000,0x0000,0x0000,0x0000,0x0000,0x0000,0x0000,0x0000,0x0000,0x0000,0x0000,0x0000,
  0x0000,0x0000,0x0000,0x0000,0x0000,0x0000,0x0000,0x0000,0x0000,0x0000,0x0000,0x0000,0x0000,0x0000,0x0000,0x0000,
  0x0000,0x0000,0x0000,0x0000,0x0000,0x0000,0x0000,0x0000,0x0000,0x0000,0x0000,0x0000,0x0000,0x0000,0x0000,0x0000,
  0x0000,0x0000,0x0000,0x0000,0x0000,0x0000,0x0000,0x0000,0x0000,0x0000,0x0000,0x0000,0x0000,0x0000,0x0000,0x0000,
  0x0000,0x0000,0x0000,0x0000,0x0000,0x0000,0x0000,0x0000,0x0000,0x0000,0x0000,0x0000,0x0000,0x0000,0x0000,0x0000,
  0x0000,0x0000,0x0000,0x0000,0x0000,0x0000,0x0000,0x0000,0x0000,0x0000,0x0000,0x0000,0x0000,0x0000,0x0000,0x0000,
  0x0000,0x0000,0x0000,0x0000,0x0000,0x0000,0x0000,0x0000,0x0000,0x0000,0x0000,0x0000,0x0000,0x0000,0x0000,0x0000,
  0x0000,0x0000,0x0000,0x0000,0x0000,0x0000,0x0000,0x0000,0x0000,0x0000,0x0000,0x0000,0x0000,0x0000,0x0000,0x0000,
  0x0000,0x0000,0x0000,0x0000,0x0000,0x0000,0x0000,0x0000,0x0000,0xE20A,0xEA8A,0x8C85,0xFFD5,0xA508,0x98E8,0x8000,
  0x8000,0x98C7,0x8444,0x0000,0x0000,0x0000,0x0000,0x0000,0x0000,0x0000,0x0000,0x0000,0x0000,0x0000,0x0000,0x0000,
  0x0000,0x0000,0x0000,0x0000,0x0000,0x0000,0x0000,0x0000,0x0000,0x0000,0x0000,0x0000,0x0000,0x0000,0x0000,0x0000,
  0x0000,0x0000,0x0000,0x0000,0x0000,0x0000,0x0000,0x0000,0x0000,0x0000,0x0000,0x0000,0x0000,0x0000,0x0000,0x0000,
  0x0000,0x0000,0x0000,0x0000,0x0000,0x0000,0x0000,0x0000,0x0000,0x0000,0x0000,0x0000,0x0000,0x0000,0x0000,0x0000,
  0x0000,0x0000,0x0000,0x0000,0x0000,0x0000,0x0000,0x0000,0x0000,0x0000,0x0000,0x0000,0x0000,0x0000,0x0000,0x0000,
  0x0000,0x0000,0x0000,0x0000,0x0000,0x0000,0x0000,0x0000,0x0000,0x0000,0x0000,0x0000,0x0000,0x0000,0x0000,0x0000,
  0x0000,0x0000,0x0000,0x0000,0x0000,0x0000,0x0000,0x0000,0x0000,0x0000,0x0000,0x0000,0x0000,0x0000,0x0000,0x0000,
  0x0000,0x0000,0x0000,0x0000,0x0000,0x0000,0x0000,0x0000,0x0000,0x0000,0x0000,0x0000,0x0000,0x0000,0x0000,0x0000,
  0x0000,0x0000,0x0000,0x0000,0x0000,0x0000,0x0000,0x0000,0x0000,0x0000,0x0000,0x0000,0x0000,0x0000,0x0000,0xDE0A,
  0xEE88,0x90A7,0xFB94,0xD540,0x8C21,0x8000,0x8400,0x98C7,0x8465,0x0000,0x0000,0x0000,0x0000,0x0000,0x0000,0x0000,
  0x0000,0x0000,0x0000,0x0000,0x0000,0x0000,0x0000,0x0000,0x0000,0x0000,0x0000,0x0000,0x0000,0x0000,0x0000,0x0000,
  0x0000,0x0000,0x0000,0x0000,0x0000,0x0000,0x0000,0x0000,0x0000,0x0000,0x0000,0x0000,0x0000,0x0000,0x0000,0x0000,
  0x0000,0x0000,0x0000,0x0000,0x0000,0x0000,0x0000,0x0000,0x0000,0x0000,0x0000,0x0000,0x0000,0x0000,0x0000,0x0000,
  0x0000,0x0000,0x0000,0x0000,0x0000,0x0000,0x0000,0x0000,0x0000,0x0000,0x0000,0x0000,0x0000,0x0000,0x0000,0x0000,
  0x0000,0x0000,0x0000,0x0000,0x0000,0x0000,0x0000,0x0000,0x0000,0x0000,0x0000,0x0000,0x0000,0x0000,0x0000,0x0000,
  0x0000,0x0000,0x0000,0x0000,0x0000,0x0000,0x0000,0x0000,0x0000,0x0000,0x0000,0x0000,0x0000,0x0000,0x0000,0x0000,
  0x0000,0x0000,0x0000,0x0000,0x0000,0x0000,0x0000,0x0000,0x0000,0x0000,0x0000,0x0000,0x0000,0x0000,0x0000,0x0000,
  0x0000,0x0000,0x0000,0x0000,0x0000,0x0000,0x0000,0x0000,0x0000,0x0000,0x0000,0x0000,0x0000,0x0000,0x0000,0x0000,
  0x0000,0x0000,0x0000,0x8420,0x0000,0xE22B,0xDA2B,0x90A9,0xFF96,0xDD40,0x9020,0x8000,0x8400,0x94A6,0x8464,0x0000,
  0x0000,0x0000,0x0000,0x0000,0x0000,0x0000,0x0000,0x0000,0x0000,0x0000,0x0000,0x0000,0x0000,0x0000,0x0000,0x0000,
  0x0000,0x0000,0x0000,0x0000,0x0000,0x0000,0x0000,0x0000,0x0000,0x0000,0x0000,0x0000,0x0000,0x0000,0x0000,0x0000,
  0x0000,0x0000,0x0000,0x0000,0x0000,0x0000,0x0000,0x0000,0x0000,0x0000,0x0000,0x0000,0x0000,0x0000,0x0000,0x0000,
  0x0000,0x0000,0x0000,0x0000,0x0000,0x0000,0x0000,0x0000,0x0000,0x0000,0x0000,0x0000,0x0000,0x0000,0x0000,0x0000,
  0x0000,0x0000,0x0000,0x0000,0x0000,0x0000,0x0000,0x0000,0x0000,0x0000,0x0000,0x0000,0x0000,0x0000,0x0000,0x0000,
  0x0000,0x0000,0x0000,0x0000,0x0000,0x0000,0x0000,0x0000,0x0000,0x0000,0x0000,0x0000,0x0000,0x0000,0x0000,0x0000,
  0x0000,0x0000,0x0000,0x0000,0x0000,0x0000,0x0000,0x0000,0x0000,0x0000,0x0000,0x0000,0x0000,0x0000,0x0000,0x0000,
  0x0000,0x0000,0x0000,0x0000,0x0000,0x0000,0x0000,0x0000,0x0000,0x0000,0x0000,0x0000,0x0000,0x0000,0x0000,0x0000,
  0x0000,0x0000,0x0000,0x0000,0x0000,0x0000,0x0000,0x0000,0x0000,0x8820,0x0000,0xD9E9,0xC1A9,0x8C87,0xFB77,0xBCE2,
  0x9461,0x8000,0x8000,0x98C7,0x8467,0x0000,0x0000,0x0000,0x0000,0x0000,0x0000,0x0000,0x0000,0x0000,0x0000,0x0000,
  0x0000,0x0000,0x0000,0x0000,0x0000,0x0000,0x0000,0x0000,0x0000,0x0000,0x0000,0x0000,0x0000,0x0000,0x0000,0x0000,
  0x0000,0x0000,0x0000,0x0000,0x0000,0x0000,0x0000,0x0000,0x0000,0x0000,0x0000,0x0000,0x0000,0x0000,0x0000,0x0000,
  0x0000,0x0000,0x0000,0x0000,0x0000,0x0000,0x0000,0x0000,0x0000,0x0000,0x0000,0x0000,0x0000,0x0000,0x0000,0x0000,
  0x0000,0x0000,0x0000,0x0000,0x0000,0x0000,0x0000,0x0000,0x0000,0x0000,0x0000,0x0000,0x0000,0x0000,0x0000,0x0000,
  0x0000,0x0000,0x0000,0x0000,0x0000,0x0000,0x0000,0x0000,0x0000,0x0000,0x0000,0x0000,0x0000,0x0000,0x0000,0x0000,
  0x0000,0x0000,0x0000,0x0000,0x0000,0x0000,0x0000,0x0000,0x0000,0x0000,0x0000,0x0000,0x0000,0x0000,0x0000,0x0000,
  0x0000,0x0000,0x0000,0x0000,0x0000,0x0000,0x0000,0x0000,0x0000,0x0000,0x0000,0x0000,0x0000,0x0000,0x0000,0x0000,
  0x0000,0x0000,0x0000,0x0000,0x0000,0x0000,0x0000,0x0000,0x0000,0x0000,0x0000,0x0000,0x0000,0x0000,0x0000,0x8842,
  0x0000,0xD5E9,0xC987,0x8CA8,0xF778,0xC4C0,0x9062,0x8000,0x8000,0x94C6,0x8044,0x0000,0x8000,0x0000,0x0000,0x0000,
  0x0000,0x0000,0x0000,0x0000,0x0000,0x0000,0x0000,0x0000,0x0000,0x0000,0x0000,0x0000,0x0000,0x0000,0x0000,0x0000,
  0x0000,0x0000,0x0000,0x0000,0x0000,0x0000,0x0000,0x0000,0x0000,0x0000,0x0000,0x0000,0x0000,0x0000,0x0000,0x0000,
  0x0000,0x0000,0x0000,0x0000,0x0000,0x0000,0x0000,0x0000,0x0000,0x0000,0x0000,0x0000,0x0000,0x0000,0x0000,0x0000,
  0x0000,0x0000,0x0000,0x0000,0x0000,0x0000,0x0000,0x0000,0x0000,0x0000,0x0000,0x0000,0x0000,0x0000,0x0000,0x0000,
  0x0000,0x0000,0x0000,0x0000,0x0000,0x0000,0x0000,0x0000,0x0000,0x0000,0x0000,0x0000,0x0000,0x0000,0x0000,0x0000,
  0x0000,0x0000,0x0000,0x0000,0x0000,0x0000,0x0000,0x0000,0x0000,0x0000,0x0000,0x0000,0x0000,0x0000,0x0000,0x0000,
  0x0000,0x0000,0x0000,0x0000,0x0000,0x0000,0x0000,0x0000,0x0000,0x0000,0x0000,0x0000,0x0000,0x0000,0x0000,0x0000,
  0x0000,0x0000,0x0000,0x0000,0x0000,0x0000,0x0000,0x0000,0x0000,0x0000,0x0000,0x0000,0x0000,0x0000,0x0000,0x0000,
  0x0000,0x0000,0x0000,0x0000,0xFFB2,0xA0C6,0x8821,0xC167,0xB969,0x8465,0x8400,0x94C6,0x9085,0x8000,0x8000,0x9CC8,
  0x8465,0x8000,0x81B2,0x0000,0x0000,0x0000,0x0000,0x0000,0x0000,0x0000,0x0000,0x0000,0x0000,0x0000,0x0000,0x0000,
  0x0000,0x0000,0x0000,0x0000,0x0000,0x0000,0x0000,0x0000,0x0000,0x0000,0x0000,0x0000,0x0000,0x0000,0x0000,0x0000,
  0x0000,0x0000,0x0000,0x0000,0x0000,0x0000,0x0000,0x0000,0x0000,0x0000,0x0000,0x0000,0x0000,0x0000,0x0000,0x0000,
  0x0000,0x0000,0x0000,0x0000,0x0000,0x0000,0x0000,0x0000,0x0000,0x0000,0x0000,0x0000,0x0000,0x0000,0x0000,0x0000,
  0x0000,0x0000,0x0000,0x0000,0x0000,0x0000,0x0000,0x0000,0x0000,0x0000,0x0000,0x0000,0x0000,0x0000,0x0000,0x0000,
  0x0000,0x0000,0x0000,0x0000,0x0000,0x0000,0x0000,0x0000,0x0000,0x0000,0x0000,0x0000,0x0000,0x0000,0x0000,0x0000,
  0x0000,0x0000,0x0000,0x0000,0x0000,0x0000,0x0000,0x0000,0x0000,0x0000,0x0000,0x0000,0x0000,0x0000,0x0000,0x0000,
  0x0000,0x0000,0x0000,0x0000,0x0000,0x0000,0x0000,0x0000,0x0000,0x0000,0x0000,0x0000,0x0000,0x0000,0x0000,0x0000,
  0x8000,0x0000,0x0000,0x0000,0x0000,0x0000,0x0000,0x0000,0x0000,0x0000,0xFFFD,0x94A4,0x8022,0xA928,0xA4E5,0x8000,
  0xFFFA,0xA4E7,0xA109,0x8000,0x8000,0x8000,0x8466,0x8466,0x8088,0x8000,0x0000,0x0000,0x0000,0x0000,0x0000,0x0000,
  0x8001,0x8885,0x0000,0x0000,0x0000,0x0000,0x0000,0x0000,0x0000,0x0000,0x0000,0x0000,0x0000,0x0000,0x0000,0x0000,
  0x0000,0x0000,0x0000,0x0000,0x0000,0x0000,0x0000,0x0000,0x0000,0x0000,0x0000,0x0000,0x0000,0x0000,0x0000,0x0000,
  0x0000,0x0000,0x0000,0x0000,0x0000,0x0000,0x0000,0x0000,0x0000,0x0000,0x0000,0x0000,0x0000,0x0000,0x0000,0x0000,
  0x0000,0x0000,0x0000,0x0000,0x0000,0x0000,0x0000,0x0000,0x0000,0x0000,0x0000,0x0000,0x0000,0x0000,0x0000,0x0000,
  0x0000,0x0000,0x0000,0x0000,0x0000,0x0000,0x0000,0x0000,0x0000,0x0000,0x0000,0x0000,0x0000,0x0000,0x0000,0x0000,
  0x0000,0x0000,0x0000,0x0000,0x0000,0x0000,0x0000,0x0000,0x0000,0x0000,0x0000,0x0000,0x0000,0x0000,0x0000,0x0000,
  0x0000,0x0000,0x0000,0x0000,0x0000,0x0000,0x0000,0x0000,0x0000,0x0000,0x0000,0x0000,0x0000,0x0000,0x0000,0x0000,
  0x0000,0x0000,0x0000,0x0000,0x0000,0xA081,0x8000,0x0000,0x0000,0x0000,0x0000,0x0000,0x0000,0x0000,0x0000,0x0000,
  0xFFD8,0xA107,0x8865,0x8401,0xF6A9,0x9CC6,0xFB31,0x9084,0x90A7,0x8001,0x98A5,0x823A,0x8065,0x8887,0x8088,0x8000,
  0x0000,0x0000,0x0000,0x0000,0x0000,0x0000,0x0000,0x8087,0x896F,0x0000,0x0000,0x0000,0x0000,0x0000,0x0000,0x0000,
  0x0000,0x0000,0x0000,0x0000,0x0000,0x0000,0x0000,0x0000,0x0000,0x0000,0x0000,0x0000,0x0000,0x0000,0x0000,0x0000,
  0x0000,0x0000,0x0000,0x0000,0x0000,0x0000,0x0000,0x0000,0x0000,0x0000,0x0000,0x0000,0x0000,0x0000,0x0000,0x0000,
  0x0000,0x0000,0x0000,0x0000,0x0000,0x0000,0x0000,0x0000,0x0000,0x0000,0x0000,0x0000,0x0000,0x0000,0x0000,0x0000,
  0x0000,0x0000,0x0000,0x0000,0x0000,0x0000,0x0000,0x0000,0x0000,0x0000,0x0000,0x0000,0x0000,0x0000,0x0000,0x0000,
  0x0000,0x0000,0x0000,0x0000,0x0000,0x0000,0x0000,0x0000,0x0000,0x0000,0x0000,0x0000,0x0000,0x0000,0x0000,0x0000,
  0x0000,0x0000,0x0000,0x0000,0x0000,0x0000,0x0000,0x0000,0x0000,0x0000,0x0000,0x0000,0x0000,0x0000,0x0000,0x0000,
  0x0000,0x0000,0x0000,0x0000,0x0000,0x0000,0x0000,0x0000,0x0000,0x0000,0x0000,0xA061,0x8000,0x0000,0x0000,0x0000,
  0x0000,0x0000,0x0000,0x0000,0x0000,0x0000,0xFFFC,0x9CC2,0x8885,0xFB2F,0xF669,0x8864,0xC589,0xA108,0x98E8,0x8443,
  0xA129,0x8486,0x8022,0x8023,0x8068,0x8000,0x0000,0x0000,0x0000,0x0000,0x0000,0x0000,0xE68C,0x8001,0x8001,0x0000,
  0x0000,0x0000,0x0000,0x0000,0x0000,0x0000,0x0000,0x0000,0x0000,0x0000,0x0000,0x0000,0x0000,0x0000,0x0000,0x0000,
  0x0000,0x0000,0x0000,0x0000,0x0000,0x0000,0x0000,0x0000,0x0000,0x0000,0x0000,0x0000,0x0000,0x0000,0x0000,0x0000,
  0x0000,0x0000,0x0000,0x0000,0x0000,0x0000,0x0000,0x0000,0x0000,0x0000,0x0000,0x0000,0x0000,0x0000,0x0000,0x0000,
  0x0000,0x0000,0x0000,0x0000,0x0000,0x0000,0x0000,0x0000,0x0000,0x0000,0x0000,0x0000,0x0000,0x0000,0x0000,0x0000,
  0x0000,0x0000,0x0000,0x0000,0x0000,0x0000,0x0000,0x0000,0x0000,0x0000,0x0000,0x0000,0x0000,0x0000,0x0000,0x0000,
  0x0000,0x0000,0x0000,0x0000,0x0000,0x0000,0x0000,0x0000,0x0000,0x0000,0x0000,0x0000,0x0000,0x0000,0x0000,0x0000,
  0x0000,0x0000,0x0000,0x0000,0x0000,0x0000,0x0000,0x0000,0x0000,0x0000,0x0000,0x0000,0x0000,0x0000,0x0000,0x0000,
  0x0000,0x8800,0x9400,0x0000,0x0000,0x0000,0x0000,0x0000,0x0000,0x0000,0x0000,0x0000,0xFFD6,0xB169,0x8C63,0xF2CC,
  0xF227,0x9086,0xCE0D,0xA529,0x98C7,0x8465,0x9CE8,0x8065,0x8467,0x8024,0x8046,0x8000,0x0000,0x0000,0x0000,0x0000,
  0x0000,0x0000,0xACE3,0x8022,0x8821,0x8043,0x0000,0x0000,0x0000,0x0000,0x0000,0x0000,0x0000,0x0000,0x0000,0x0000,
  0x0000,0x0000,0x0000,0x0000,0x0000,0x0000,0x0000,0x0000,0x0000,0x0000,0x0000,0x0000,0x0000,0x0000,0x0000,0x0000,
  0x0000,0x0000,0x0000,0x0000,0x0000,0x0000,0x0000,0x0000,0x0000,0x0000,0x0000,0x0000,0x0000,0x0000,0x0000,0x0000,
  0x0000,0x0000,0x0000,0x0000,0x0000,0x0000,0x0000,0x0000,0x0000,0x0000,0x0000,0x0000,0x0000,0x0000,0x0000,0x0000,
  0x0000,0x0000,0x0000,0x0000,0x0000,0x0000,0x0000,0x0000,0x0000,0x0000,0x0000,0x0000,0x0000,0x0000,0x0000,0x0000,
  0x0000,0x0000,0x0000,0x0000,0x0000,0x0000,0x0000,0x0000,0x0000,0x0000,0x0000,0x0000,0x0000,0x0000,0x0000,0x0000,
  0x0000,0x0000,0x0000,0x0000,0x0000,0x0000,0x0000,0x0000,0x0000,0x0000,0x0000,0x0000,0x0000,0x0000,0x0000,0x0000,
  0x0000,0x0000,0x0000,0x0000,0x0000,0x0000,0x0000,0x8400,0x8C21,0x8000,0x0000,0x0000,0x0000,0x0000,0x0000,0x0000,
  0x0000,0x0000,0xF667,0xB989,0x8001,0xEAAD,0xF68A,0x8C86,0xC1CD,0xFA80,0x9083,0x8465,0xA507,0x8001,0x8000,0x8486,
  0x8151,0x8000,0x0000,0x0000,0x0000,0x0000,0x0000,0x0000,0x9C81,0x8423,0x8001,0x8044,0x0000,0x0000,0x0000,0x0000,
  0x0000,0x0000,0x0000,0x0000,0x0000,0x0000,0x0000,0x0000,0x0000,0x0000,0x0000,0x0000,0x0000,0x0000,0x0000,0x0000,
  0x0000,0x0000,0x0000,0x0000,0x0000,0x0000,0x0000,0x0000,0x0000,0x0000,0x0000,0x0000,0x0000,0x0000,0x0000,0x0000,
  0x0000,0x0000,0x0000,0x0000,0x0000,0x0000,0x0000,0x0000,0x0000,0x0000,0x0000,0x0000,0x0000,0x0000,0x0000,0x0000,
  0x0000,0x0000,0x0000,0x0000,0x0000,0x0000,0x0000,0x0000,0x0000,0x0000,0x0000,0x0000,0x0000,0x0000,0x0000,0x0000,
  0x0000,0x0000,0x0000,0x0000,0x0000,0x0000,0x0000,0x0000,0x0000,0x0000,0x0000,0x0000,0x0000,0x0000,0x0000,0x0000,
  0x0000,0x0000,0x0000,0x0000,0x0000,0x0000,0x0000,0x0000,0x0000,0x0000,0x0000,0x0000,0x0000,0x0000,0x0000,0x0000,
  0x0000,0x0000,0x0000,0x0000,0x0000,0x0000,0x0000,0x0000,0x0000,0x0000,0x0000,0x0000,0xFAC2,0x8000,0x8800,0x8001,
  0x0000,0x0000,0x0000,0x0000,0x0000,0x0000,0xF263,0x0000,0xFA8A,0xD1C4,0x8422,0xF288,0xEE48,0x94A7,0xCE2F,0xA92A,
  0x94A7,0x8001,0x9CE8,0x8865,0x8001,0x8488,0x8067,0x8000,0x0000,0x0000,0x0000,0x0000,0x0000,0x0000,0x9861,0x8045,
  0x8C63,0x812E,0x0000,0x0000,0x0000,0x0000,0x0000,0x0000,0x0000,0x0000,0x0000,0x0000,0x0000,0x0000,0x0000,0x0000,
  0x0000,0x0000,0x0000,0x0000,0x0000,0x0000,0x0000,0x0000,0x0000,0x0000,0x0000,0x0000,0x0000,0x0000,0x0000,0x0000,
  0x0000,0x0000,0x0000,0x0000,0x0000,0x0000,0x0000,0x0000,0x0000,0x0000,0x0000,0x0000,0x0000,0x0000,0x0000,0x0000,
  0x0000,0x0000,0x0000,0x0000,0x0000,0x0000,0x0000,0x0000,0x0000,0x0000,0x0000,0x0000,0x0000,0x0000,0x0000,0x0000,
  0x0000,0x0000,0x0000,0x0000,0x0000,0x0000,0x0000,0x0000,0x0000,0x0000,0x0000,0x0000,0x0000,0x0000,0x0000,0x0000,
  0x0000,0x0000,0x0000,0x0000,0x0000,0x0000,0x0000,0x0000,0x0000,0x0000,0x0000,0x0000,0x0000,0x0000,0x0000,0x0000,
  0x0000,0x0000,0x0000,0x0000,0x0000,0x0000,0x0000,0x0000,0x0000,0x0000,0x0000,0x0000,0x0000,0x0000,0x0000,0x0000,
  0x0000,0x0000,0xA504,0x8000,0xC188,0x8045,0x0000,0x0000,0x0000,0x0000,0x0000,0xFF2B,0xE1E8,0xC184,0xE608,0xB547,
  0xA0E6,0xFF2A,0xFF4C,0x98E9,0xD20C,0xA524,0x94C9,0x8044,0xA96D,0x8045,0x82FD,0x8045,0x8067,0x8000,0xA16D,0x829E,
  0x0000,0x0000,0x0000,0x0000,0xAD05,0x98A5,0x90A7,0x81B3,0x0000,0x0000,0x0000,0x0000,0x0000,0x0000,0x0000,0x0000,
  0x0000,0x0000,0x0000,0x0000,0x0000,0x0000,0x0000,0x0000,0x0000,0x0000,0x0000,0x0000,0x0000,0x0000,0x0000,0x0000,
  0x0000,0x0000,0x0000,0x0000,0x0000,0x0000,0x0000,0x0000,0x0000,0x0000,0x0000,0x0000,0x0000,0x0000,0x0000,0x0000,
  0x0000,0x0000,0x0000,0x0000,0x0000,0x0000,0x0000,0x0000,0x0000,0x0000,0x0000,0x0000,0x0000,0x0000,0x0000,0x0000,
  0x0000,0x0000,0x0000,0x0000,0x0000,0x0000,0x0000,0x0000,0x0000,0x0000,0x0000,0x0000,0x0000,0x0000,0x0000,0x0000,
  0x0000,0x0000,0x0000,0x0000,0x0000,0x0000,0x0000,0x0000,0x0000,0x0000,0x0000,0x0000,0x0000,0x0000,0x0000,0x0000,
  0x0000,0x0000,0x0000,0x0000,0x0000,0x0000,0x0000,0x0000,0x0000,0x0000,0x0000,0x0000,0x0000,0x0000,0x0000,0x0000,
  0x0000,0x0000,0x0000,0x0000,0x0000,0x0000,0x0000,0x0000,0x8820,0x8001,0x8001,0x8000,0x8000,0x0000,0x0000,0x0000,
  0x0000,0xFB4E,0xD5A6,0xB549,0xC165,0xB969,0xCA0C,0xFAEC,0xF269,0x8843,0xDA2B,0xB169,0x98E8,0x8001,0xA508,0x8445,
  0x82FE,0x8888,0x8889,0x8045,0x98C7,0x8043,0x8000,0x0000,0x0000,0xA480,0x9482,0x8042,0x8464,0x8045,0x80A9,0x0000,
  0x0000,0x0000,0x0000,0x0000,0x0000,0x0000,0x0000,0x0000,0x0000,0x0000,0x0000,0x0000,0x0000,0x0000,0x0000,0x0000,
  0x0000,0x0000,0x0000,0x0000,0x0000,0x0000,0x0000,0x0000,0x0000,0x0000,0x0000,0x0000,0x0000,0x0000,0x0000,0x0000,
  0x0000,0x0000,0x0000,0x0000,0x0000,0x0000,0x0000,0x0000,0x0000,0x0000,0x0000,0x0000,0x0000,0x0000,0x0000,0x0000,
  0x0000,0x0000,0x0000,0x0000,0x0000,0x0000,0x0000,0x0000,0x0000,0x0000,0x0000,0x0000,0x0000,0x0000,0x0000,0x0000,
  0x0000,0x0000,0x0000,0x0000,0x0000,0x0000,0x0000,0x0000,0x0000,0x0000,0x0000,0x0000,0x0000,0x0000,0x0000,0x0000,
  0x0000,0x0000,0x0000,0x0000,0x0000,0x0000,0x0000,0x0000,0x0000,0x0000,0x0000,0x0000,0x0000,0x0000,0x0000,0x0000,
  0x0000,0x0000,0x0000,0x0000,0x0000,0x0000,0x0000,0x0000,0x0000,0x0000,0x0000,0x0000,0xBDA8,0x8001,0xB14A,0x94A7,
  0x8CA6,0x8444,0x80AA,0x8E17,0x0000,0x0000,0x0000,0xF628,0xE249,0x9D2B,0x8866,0x9CE9,0xC1EB,0xFEEA,0xDE4B,0x8C65,
  0xCDEB,0xA508,0x94C8,0x8023,0x9CE8,0x81B6,0x82FF,0x8024,0x8488,0x8CCA,0xB168,0x8067,0x81F6,0x8884,0xFBB6,0xA0E6,
  0xC1CD,0x8C64,0x8C86,0x8002,0x8001,0x8000,0x833F,0x0000,0x0000,0x0000,0x0000,0x0000,0x0000,0x0000,0x0000,0x0000,
  0x0000,0x0000,0x0000,0x0000,0x0000,0x0000,0x0000,0x0000,0x0000,0x0000,0x0000,0x0000,0x0000,0x0000,0x0000,0x0000,
  0x0000,0x0000,0x0000,0x0000,0x0000,0x8021,0x0000,0x0000,0x0000,0x0000,0x0000,0x0000,0x0000,0x0000,0x0000,0x0000,
  0x0000,0x0000,0x0000,0x0000,0x0000,0x0000,0x0000,0x0000,0x0000,0x0000,0x0000,0x0000,0x0000,0x0000,0x0000,0x0000,
  0x0000,0x0000,0x0000,0x0000,0x0000,0x0000,0x0000,0x0000,0x0000,0x0000,0x0000,0x0000,0x0000,0x0000,0x0000,0x0000,
  0x0000,0x0000,0x0000,0x0000,0x0000,0x0000,0x0000,0x8842,0x0000,0x0000,0x0000,0x0000,0x0000,0x0000,0x0000,0x0000,
  0x0000,0x0000,0x0000,0x0000,0x0000,0x0000,0x0000,0x0000,0x0000,0x0000,0x0000,0x0000,0x0000,0x0000,0x0000,0x0000,
  0x0000,0xFFF8,0xFB0E,0xFFD7,0x8400,0x8000,0x8000,0x8000,0x8423,0x9CE8,0x88E9,0x8000,0xD5E5,0xF24C,0xD5C8,0x9D08,
  0x8001,0x98C6,0xD24D,0xEA28,0xF26A,0x8C86,0xD22E,0xA507,0x98C6,0x8001,0xA92A,0x84AA,0x82BE,0x8842,0x8044,0x8888,
  0x8CA7,0x8218,0x829B,0xFB32,0xFB2E,0xFAEE,0xEEAE,0xDE6E,0xB9AD,0xB98B,0x8C87,0x8486,0x8151,0x825B,0x0000,0x0000,
  0x0000,0x0000,0x0000,0x0000,0x0000,0x0000,0x0000,0x0000,0x0000,0x0000,0x0000,0x0000,0x0000,0x0000,0x0000,0x0000,
  0x0000,0x0000,0x0000,0x0000,0x0000,0x0000,0x0000,0x0000,0x0000,0x0000,0x0000,0x8000,0x0000,0x0000,0x0000,0x0000,
  0x0000,0x0000,0x0000,0x0000,0x0000,0x0000,0x0000,0x0000,0x0000,0x0000,0x0000,0x0000,0x0000,0x0000,0x0000,0x0000,
  0x0000,0x0000,0x0000,0x0000,0x0000,0x0000,0x0000,0x0000,0x0000,0x0000,0x0000,0x0000,0x0000,0x0000,0x0000,0x0000,
  0x0000,0x0000,0x0000,0x0000,0x0000,0x0000,0x0000,0x0000,0x0000,0x0000,0x0000,0x0000,0x0000,0x8C62,0x0000,0x0000,
  0x0000,0x0000,0x0000,0x0000,0x0000,0x0000,0x0000,0x0000,0x0000,0x0000,0x0000,0x0000,0x0000,0x0000,0x0000,0x0000,
  0x0000,0x0000,0x0000,0x0000,0x0000,0x0000,0x0000,0xFF6A,0x9062,0xF6F0,0xA8C4,0xA4E8,0xBD61,0xA906,0x9483,0x8022,
  0x8486,0x8000,0xB544,0xF26D,0xCDEC,0x94C8,0x8444,0x9484,0xD24C,0xFF10,0xD9E9,0x8844,0xC589,0xA92B,0x8C86,0x8445,
  0xAD4A,0x808A,0x827C,0xE601,0x9040,0x8445,0xA0E4,0x8193,0x835E,0xE22B,0x98A5,0xA507,0x98A6,0x9086,0x8CA6,0x8045,
  0x8023,0x8002,0x80A9,0x81B4,0x0000,0x0000,0x0000,0x0000,0x0000,0x0000,0x0000,0x0000,0x0000,0x0000,0x0000,0x0000,
  0x0000,0x0000,0x0000,0x0000,0x0000,0x0000,0x0000,0x0000,0x0000,0x0000,0x0000,0x0000,0x0000,0x0000,0x0000,0x0000,
  0x8843,0x8000,0x0000,0x0000,0x0000,0x0000,0x0000,0x0000,0x0000,0x0000,0x0000,0x0000,0x0000,0x0000,0x0000,0x0000,
  0x0000,0x0000,0x0000,0x0000,0x0000,0x0000,0x0000,0x0000,0x0000,0x0000,0x0000,0x0000,0x0000,0x0000,0x0000,0x0000,
  0x0000,0x0000,0x0000,0x0000,0x0000,0x0000,0x0000,0x0000,0x0000,0x0000,0x0000,0x0000,0x0000,0x0000,0x0000,0x0000,
  0x0000,0x0000,0x0000,0x0000,0x0000,0x0000,0x0000,0x0000,0x0000,0x0000,0x0000,0x0000,0x0000,0x0000,0x0000,0x0000,
  0x0000,0x0000,0x0000,0x0000,0x0000,0x0000,0x0000,0x0000,0x0000,0x0000,0x0000,0x0000,0x0000,0xFB0B,0xDA2B,0xACE5,
  0xA4E7,0x9085,0x90A6,0x94A7,0x90A7,0xC9EB,0xFA86,0xB946,0xCCE0,0xE1E9,0xCE0C,0x9506,0x8444,0x8865,0xD24B,0xE22C,
  0xEA29,0x8C65,0xC9EC,0xA0E7,0x90A7,0x8002,0x9CE8,0x8023,0x81F6,0xFF84,0xA8C2,0x8865,0x98A4,0x8192,0x833E,0x8022,
  0x98E7,0x8023,0x8C64,0x8843,0x8864,0x8886,0x8044,0x8023,0x8044,0x8022,0x0000,0x0000,0x0000,0x0000,0x0000,0x0000,
  0x0000,0x0000,0x0000,0x0000,0x0000,0x0000,0x0000,0x0000,0x0000,0x0000,0x0000,0x0000,0x0000,0x0000,0x0000,0x0000,
  0x0000,0x0000,0x0000,0x0000,0x0000,0x8422,0x8864,0x8021,0x0000,0x0000,0x0000,0x0000,0x0000,0x0000,0x0000,0x0000,
  0x0000,0x0000,0x0000,0x0000,0x0000,0x0000,0x0000,0x0000,0x0000,0x0000,0x0000,0x0000,0x0000,0x0000,0x0000,0x0000,
  0x0000,0x0000,0x0000,0x0000,0x0000,0x0000,0x0000,0x0000,0x0000,0x0000,0x0000,0x0000,0x0000,0x0000,0x0000,0x0000,
  0x0000,0x0000,0x0000,0x0000,0x0000,0x0000,0x0000,0x0000,0x0000,0x9063,0x0000,0x0000,0x0000,0x0000,0x0000,0x0000,
  0x0000,0x0000,0x0000,0x0000,0x0000,0x0000,0x0000,0x0000,0x0000,0x0000,0x0000,0x0000,0x0000,0x0000,0xB146,0xB146,
  0xEA67,0xE6AD,0xF312,0xF730,0xFF94,0xC5AA,0x9085,0x8024,0x8444,0x8C84,0x8022,0xFBDC,0xFB2F,0xA8E7,0x8000,0xD9A8,
  0xD22F,0x8CC9,0x8445,0x8421,0xCE2A,0xFAAF,0xFAA8,0x8C86,0xC1CC,0xC5C7,0x8CA7,0x8002,0x98E8,0x808B,0x81F8,0xC542,
  0x8022,0x8CC9,0x9CE6,0x80EF,0x82BE,0xA109,0x98E9,0x8152,0x8000,0x8423,0x8C65,0x8444,0x8445,0xA0C8,0xBD8A,0xB14A,
  0xA9D0,0x8DB3,0x8990,0x8591,0x8000,0x8422,0x0000,0x0000,0x0000,0x0000,0x0000,0x0000,0x0000,0x0000,0x0000,0x0000,
  0x0000,0x0000,0x0000,0x0000,0x0000,0x0000,0x0000,0x0000,0x0000,0x0000,0x0000,0x8001,0x9085,0x8443,0x0000,0x0000,
  0x0000,0x0000,0x0000,0x0000,0x0000,0x0000,0x0000,0x0000,0x0000,0x0000,0x0000,0x0000,0x0000,0x0000,0x0000,0x0000,
  0x0000,0x0000,0x0000,0x0000,0x0000,0x0000,0x0000,0x0000,0x0000,0x0000,0x0000,0x0000,0x0000,0x0000,0x0000,0x0000,
  0x0000,0x0000,0x0000,0x0000,0x0000,0x0000,0x0000,0x0000,0x0000,0x0000,0x0000,0x0000,0x0000,0x0000,0x0000,0x9063,
  0x9CC5,0x8842,0x0000,0x0000,0x0000,0x0000,0x0000,0x0000,0x0000,0x0000,0x0000,0x0000,0x0000,0x0000,0x0000,0x0000,
  0x9C82,0xBD84,0xFFFB,0xFFD7,0xE68D,0xF2F0,0x8865,0x8CA7,0x8866,0x8002,0x8000,0x8000,0x8045,0x8CCA,0x90C3,0x8C85,
  0x8822,0xFA86,0xC18B,0xA108,0x8402,0xD1C8,0xC9EF,0x90A4,0x8023,0xA040,0xD66D,0xDA0B,0xD1C9,0x8C65,0xB98C,0x8864,
  0x8C65,0x8001,0x9D09,0x8068,0x8219,0xCD81,0x8865,0x8068,0x90A6,0x8088,0x8001,0x9064,0x88A8,0x80EE,0x8000,0xAD45,
  0x9D0A,0xC1E2,0x8865,0x8044,0x8444,0x8002,0x8000,0x8000,0x8001,0x8444,0xF2F1,0xEA8D,0xA96A,0x89F5,0x9A36,0x89D4,
  0x8021,0x0000,0x0000,0x0000,0x0000,0x0000,0x0000,0x0000,0x0000,0x0000,0x0000,0x0000,0x0000,0x0000,0x0000,0x0000,
  0x0000,0x8000,0x8022,0x8C86,0x0000,0x0000,0x0000,0x0000,0x0000,0x0000,0x0000,0x0000,0x0000,0x0000,0x0000,0x0000,
  0x0000,0x0000,0x0000,0x0000,0x0000,0x0000,0x0000,0x0000,0x0000,0x0000,0x0000,0x0000,0x0000,0x0000,0x0000,0x0000,
  0x0000,0x0000,0x0000,0x0000,0x0000,0x0000,0x0000,0x0000,0x0000,0x0000,0x0000,0x0000,0x0000,0x0000,0x0000,0x0000,
  0x0000,0x0000,0x0000,0x0000,0x0000,0x9486,0xB948,0x8000,0x0000,0x0000,0x0000,0x0000,0x0000,0x0000,0x0000,0x0000,
  0x0000,0x0000,0xC163,0xEAEF,0xFF93,0xF6EE,0xB949,0x94A6,0x8022,0x8001,0x8844,0x8886,0xC0E0,0x90A7,0x8022,0x8001,
  0x8444,0x8423,0x8866,0x8C87,0x8C87,0x9087,0x8C43,0xFEEC,0xE22A,0x9CE5,0x8000,0xBD67,0xC1D0,0x90A7,0x8445,0x8045,
  0xDE6D,0xF26B,0xF269,0x8864,0x98A6,0xB0E1,0x8C85,0x8465,0x94C8,0x8067,0x81F7,0xA4E3,0x8045,0x84A9,0x94C7,0x8466,
  0x8043,0x9CA6,0x80CB,0x812F,0x8000,0x8C86,0x8C65,0x8887,0x8CC9,0x8886,0x8C65,0x8001,0x8022,0x8844,0xA103,0x8466,
  0xD9E0,0x8002,0x9484,0x8C84,0x8400,0x8423,0xEAAF,0x992B,0x81D6,0x8021,0x0000,0x0000,0x0000,0x0000,0x0000,0x0000,
  0x0000,0x0000,0x0000,0x0000,0x0000,0x0000,0x0000,0x8000,0x8001,0x8023,0x8485,0x0000,0x0000,0x0000,0x0000,0x0000,
  0x0000,0x0000,0x0000,0x0000,0x0000,0x0000,0x0000,0x0000,0x0000,0x0000,0x0000,0x0000,0x0000,0x0000,0x0000,0x0000,
  0x0000,0x0000,0x0000,0x0000,0x0000,0x0000,0x0000,0x0000,0x0000,0x0000,0x0000,0x0000,0x0000,0x0000,0x0000,0x0000,
  0x0000,0x0000,0x0000,0x0000,0x0000,0x0000,0x0000,0x0000,0x0000,0xAD46,0xA0E5,0x9CA4,0xA8E5,0x8000,0x0000,0x0000,
  0x0000,0x0000,0x0000,0x0000,0x0000,0xC5C6,0xE689,0xFFD5,0xFB2E,0xB148,0x8C86,0x8000,0x8002,0x8886,0xF220,0x9085,
  0x8001,0x8022,0x8C87,0x90C9,0x8CA8,0x8886,0x8C87,0x8022,0x8866,0x8002,0x8001,0x8001,0x8421,0xFEAA,0xBDAB,0x9D07,
  0x8001,0xAD6B,0xB16B,0x8C87,0x8024,0xA0A0,0xD22B,0x98A5,0xB148,0x8443,0xDE91,0xB549,0xA529,0x8465,0x8C85,0x8002,
  0x8089,0x8421,0x8444,0x8488,0x94A5,0x84A8,0x8001,0x98A5,0x94E6,0x8067,0x8000,0x0000,0x8001,0x8000,0x8001,0x8000,
  0x8445,0x8445,0x8865,0x8886,0x90A9,0x94C9,0x8864,0x8422,0x8841,0x8444,0xF721,0x8C63,0x8C63,0x8000,0x94A4,0xE290,
  0xAD6A,0x81D6,0x8593,0x8042,0x0000,0x0000,0x0000,0x0000,0x0000,0x0000,0x0000,0x0000,0x0000,0xEEEE,0x8002,0x8D0C,
  0x8084,0x0000,0x0000,0x0000,0x0000,0x0000,0x0000,0x0000,0x0000,0x0000,0x0000,0x0000,0x0000,0x0000,0x0000,0x0000,
  0x0000,0x0000,0x0000,0x0000,0x0000,0x0000,0x0000,0x0000,0x0000,0x0000,0x0000,0x0000,0x0000,0x0000,0x0000,0x0000,
  0x0000,0x0000,0x0000,0x0000,0x0000,0x0000,0x0000,0x0000,0x0000,0x0000,0x0000,0x0000,0x0000,0x0000,0x0000,0xFBB8,
  0x8022,0x9062,0x9484,0x812F,0x0000,0x0000,0x0000,0x0000,0xC583,0xF730,0xFFB4,0xFACF,0xB127,0x8486,0x8443,0x9CC3,
  0x8865,0x9483,0x8423,0x8CA7,0x8C86,0x8444,0x8022,0x8423,0x8C62,0x8842,0x0000,0x0000,0x0000,0x0000,0x0000,0x0000,
  0x0000,0x0000,0xC141,0xEE08,0xC1CC,0x94E9,0x8001,0x9CC5,0xA12A,0x8865,0x8000,0x8C66,0xB1AD,0xE6CF,0xAD49,0x8C64,
  0xA908,0x8191,0x8C64,0x8466,0xA0E5,0x8023,0x8023,0xB101,0xA0A2,0x8488,0x90C7,0x8466,0x8024,0xACE7,0x9190,0x8067,
  0x8000,0x0000,0x0000,0x0000,0x0000,0x0000,0x0000,0x0000,0x0000,0x0000,0x8842,0x8863,0x8022,0x8422,0x8865,0x8C86,
  0x98E9,0x8C84,0x8841,0x8001,0xD9C0,0x9D4A,0x9084,0x8022,0xD64D,0xA529,0x829C,0x8000,0x0000,0x0000,0x0000,0x0000,
  0x0000,0x0000,0x0000,0xE28A,0x8000,0x8003,0x8422,0x8067,0x0000,0x0000,0x0000,0x0000,0x0000,0x0000,0x0000,0x0000,
  0x0000,0x0000,0x0000,0x0000,0x0000,0x0000,0x0000,0x0000,0x0000,0x0000,0x0000,0x0000,0x0000,0x0000,0x0000,0x0000,
  0x0000,0x0000,0x0000,0x0000,0x0000,0x0000,0x0000,0x0000,0x0000,0x0000,0x0000,0x0000,0x0000,0x0000,0x0000,0x0000,
  0x0000,0x0000,0x0000,0x0000,0x0000,0xE22A,0x8000,0x9462,0x8423,0x8193,0x0000,0x0000,0x9CA0,0xFBDD,0xFECD,0xFB10,
  0x90C8,0x8000,0x8022,0xBE0C,0x8001,0x8C86,0x8866,0x8887,0x8001,0x8862,0x8C63,0x0000,0x0000,0x0000,0x0000,0x0000,
  0xB943,0x8C61,0xA8E2,0xF710,0xFB95,0xFF94,0xF753,0x8400,0x8800,0xE22B,0xB58A,0x990A,0x8001,0xA509,0xC9E8,0x8C86,
  0x8001,0x8445,0x98A4,0xFF0F,0xB549,0x8C84,0xA908,0x854F,0x94A6,0x8488,0x8887,0x8067,0x8131,0x8001,0x8024,0x8487,
  0x98E8,0x88A6,0x8000,0x9487,0x990A,0x8045,0x8000,0x8000,0xF310,0xDE4A,0xE66C,0xEEF2,0xE2B1,0xB144,0x8001,0x9CE6,
  0x0000,0x0000,0x0000,0x0000,0x0000,0x0000,0x8422,0x8022,0x8443,0x8C86,0x94C8,0x8000,0x8423,0xF6E6,0xA967,0x8023,
  0xFFB9,0xA0E7,0x84C8,0x835E,0x0000,0x0000,0x0000,0x0000,0x0000,0xE26B,0xBD46,0x8023,0x8443,0x852C,0x0000,0x0000,
  0x0000,0x0000,0x0000,0x0000,0x0000,0x0000,0x0000,0x0000,0x0000,0x0000,0x0000,0x0000,0x0000,0x0000,0x0000,0x0000,
  0x0000,0x0000,0x0000,0x0000,0x0000,0x0000,0x0000,0x0000,0x0000,0x0000,0x0000,0x0000,0x0000,0x0000,0x0000,0x0000,
  0x0000,0x0000,0x0000,0x0000,0x0000,0x0000,0x0000,0x0000,0x0000,0x0000,0x9482,0xEE8C,0x8423,0xE24B,0x8467,0x8238,
  0xA128,0xFBD9,0xF710,0xF6F0,0x98E7,0x8001,0x8C85,0x8843,0x8C87,0x8887,0x8C87,0x8001,0xA507,0x0000,0x0000,0x0000,
  0x0000,0x0000,0xB543,0xFB4E,0xFFB8,0xF734,0xF2AF,0xFF2F,0xB548,0x9064,0x90A7,0x8400,0xFB75,0xDA2C,0x8000,0xCDEB,
  0xA0C5,0x90C8,0x8000,0xAD07,0xA527,0x8887,0x8000,0xFFD6,0xFFD8,0xFFFA,0x8000,0x8000,0x8000,0x8000,0x8000,0x8000,
  0x8423,0xB58D,0x84CB,0x829F,0x8067,0x8024,0x8CA6,0x8044,0x8000,0x90A8,0x8866,0x80A8,0x8000,0xAD28,0x8591,0x8110,
  0x90E9,0x9CE7,0xBD67,0xBD6A,0xF28C,0xE26F,0xE66C,0xDED2,0xC672,0x8021,0x0000,0x0000,0x0000,0x0000,0x0000,0x0000,
  0x8000,0x8865,0x90A7,0xA12A,0x8021,0xC62B,0x8001,0x8442,0xFB32,0x912C,0x810E,0x8130,0x0000,0x0000,0x0000,0xE68B,
  0xC166,0x8022,0x8422,0x8085,0x0000,0x0000,0x0000,0x0000,0x0000,0x0000,0x0000,0x0000,0x0000,0x0000,0x0000,0x0000,
  0x0000,0x0000,0x0000,0x0000,0x0000,0x0000,0x0000,0x0000,0x0000,0x0000,0x0000,0x0000,0x0000,0x0000,0x0000,0x0000,
  0x0000,0x0000,0x0000,0x0000,0x0000,0x0000,0x0000,0x0000,0x0000,0x0000,0x0000,0x0000,0x0000,0x0000,0x0000,0x9440,
  0xC9E9,0xC942,0x8488,0x80A8,0x8CA8,0x8045,0x8000,0x8000,0xFB76,0x8000,0x90A4,0x8001,0x8C87,0x8444,0x8001,0x8000,
  0x0000,0x0000,0x0000,0x0000,0x0000,0xC962,0xFFFC,0xF710,0xF6AF,0xEEAF,0x8004,0x8843,0x8023,0x8022,0x8444,0x8043,
  0x9040,0xFB0A,0xFBDF,0x8021,0x8422,0xB589,0x9CE7,0x8C87,0xFF84,0x8843,0x8866,0x8443,0xFFB3,0xFFB6,0xFEAC,0xE66C,
  0xC9CC,0xB96A,0xB9AD,0xA94A,0xAD29,0x98E8,0x98C7,0x8C84,0x8C65,0x8087,0x8067,0x8001,0x8045,0x8045,0xA8E4,0x8865,
  0xE664,0x8087,0x8842,0x8863,0x9237,0x80C9,0x8659,0x90A5,0x8423,0x8444,0x8001,0x8000,0x8842,0x9CA3,0xE62A,0xFB32,
  0xBD26,0xC1AB,0xBB18,0x9063,0x0000,0x0000,0x0000,0x0000,0x0000,0x8000,0x8444,0x90A7,0x94C7,0xB1E9,0xA4C3,0x8422,
  0x9D09,0x850D,0x8485,0xFFFC,0x8000,0xC1CB,0x90E8,0x8001,0x8002,0x8086,0x8000,0x8A17,0x8000,0x0000,0x0000,0x0000,
  0x0000,0x0000,0x0000,0x0000,0x0000,0x0000,0x0000,0x0000,0x0000,0x0000,0x0000,0x0000,0x0000,0x0000,0x0000,0x0000,
  0x0000,0x0000,0x0000,0x0000,0x0000,0x0000,0x0000,0x0000,0x0000,0x0000,0x0000,0x0000,0x0000,0x0000,0x0000,0x0000,
  0x0000,0x0000,0xC563,0xFBFF,0x8001,0xC62F,0xC18B,0xDE0A,0xAD28,0xA4E7,0x90A8,0x8424,0x8047,0x8022,0x8C86,0x8000,
  0x8465,0x8466,0x8001,0x0000,0x0000,0x0000,0x0000,0x0000,0x0000,0xF2CE,0xFB98,0xE66E,0xF2EF,0x8466,0x8022,0x8002,
  0x94A4,0xC9A4,0xA8A1,0x8022,0x8466,0x9083,0xFF4F,0xFF4F,0xFFDB,0xEA4C,0xFF94,0xF359,0xFFBB,0x8000,0x8000,0x8C43,
  0x8000,0xF2AC,0xFAA9,0xF2CF,0xCDC9,0xDA2A,0x9CA7,0xD1E8,0xC1A9,0xC1A5,0x9CE8,0xA529,0x9088,0x94A5,0x8466,0x8045,
  0x8067,0x8239,0x8021,0x8021,0x8001,0xEE8B,0xDE4E,0xC1AB,0x8CA9,0x8465,0x810E,0x80CB,0x8045,0x8046,0x90A6,0x8444,
  0x8022,0x8C64,0xCDA4,0x9085,0x8422,0x9484,0x9CA4,0xEF34,0xD5EB,0xBDAB,0x91D3,0x8065,0x0000,0x0000,0x0000,0x0000,
  0x0000,0x0000,0x8000,0x90A8,0xA109,0x90A8,0x8842,0x98A5,0xD64D,0xFF96,0xFB97,0xD20D,0xDA90,0xC1CC,0xC5CC,0xB98A,
  0xA5F3,0x8488,0x827A,0x82BE,0x0000,0x0000,0x0000,0x0000,0x0000,0x0000,0x0000,0x0000,0x0000,0x0000,0x0000,0x0000,
  0x0000,0x0000,0x0000,0x0000,0x0000,0x0000,0x0000,0x0000,0x0000,0x0000,0x0000,0x0000,0x0000,0x0000,0x0000,0x0000,
  0x0000,0x0000,0x0000,0x0000,0x0000,0x0000,0x0000,0x8400,0xFF4E,0xFFDA,0xFF0C,0xFFFB,0xFFFA,0x8000,0x8000,0x8000,
  0x8000,0xD62E,0xC1CD,0xA109,0x98E8,0x8467,0x8044,0x8C63,0x94A5,0x0000,0x0000,0x0000,0x0000,0x8C20,0xF354,0xF756,
  0xDE91,0x8821,0x8000,0x8885,0x9CC6,0x8003,0x88C9,0x84A9,0x8445,0x8000,0x8022,0xFBB5,0xFFFF,0xFF2F,0xC949,0xFFD8,
  0xFFD4,0xF2D3,0xF68B,0xE64C,0xC989,0xDE2C,0xB127,0xE66C,0xF311,0xF30D,0xD207,0x8822,0x8422,0x8000,0x8000,0x8420,
  0x8822,0x8422,0x8001,0x8401,0xA505,0xA107,0xC5CB,0xA507,0x90A8,0x90A8,0x8866,0x8C87,0x90C9,0x8866,0x8066,0x84C9,
  0x8466,0x8066,0x82DF,0x8024,0x8066,0x8465,0x8001,0x8C86,0x98C7,0x94A5,0x8821,0xC142,0xE249,0xA0A2,0x8C42,0x8401,
  0x8420,0x8000,0x8000,0x8000,0xD24D,0xA505,0xA0E5,0xA947,0xBDEC,0xDA90,0xE6F3,0xE6F3,0xEEF2,0xFFFB,0x8842,0xDE6E,
  0xAD28,0x9064,0xA4C5,0x9084,0x8445,0x8045,0x8002,0x8000,0x8001,0x8066,0x8022,0x0000,0x0000,0x0000,0x0000,0x0000,
  0x0000,0x0000,0x0000,0x0000,0x0000,0x0000,0x0000,0x0000,0x0000,0x0000,0x0000,0x0000,0x0000,0x0000,0x0000,0x0000,
  0x0000,0x0000,0x0000,0x0000,0x0000,0x0000,0x0000,0x0000,0x0000,0x0000,0x0000,0xE602,0xF688,0xFEEA,0x8001,0xF68C,
  0xFFFB,0xFF96,0xFFD6,0xDE6E,0xB96A,0xB947,0xB98B,0xC185,0x8024,0x8886,0x84A8,0x8044,0x827A,0x9484,0x9886,0xDDE8,
  0xF6CD,0x90A7,0xD1EA,0xB569,0xB96A,0xB98B,0xAD06,0x8844,0xACE4,0x8C85,0x8002,0x8466,0x8000,0x8001,0x8021,0x8422,
  0x8C86,0xFFFE,0x8001,0xFACF,0xFFFF,0xFFFF,0xEEAD,0xFAAB,0xAD4A,0xF2CB,0xB14A,0xD20D,0xEE6C,0xB16C,0xB98B,0xC5CB,
  0x8444,0xB16C,0xB56A,0xBD8D,0xD670,0xB98A,0xB14C,0xB58A,0x9CE7,0xA509,0xA947,0x9085,0x98E7,0x94C6,0x8C86,0x90A7,
  0x94C7,0x90A8,0x98C7,0x8844,0x8531,0x8E39,0x8086,0x812D,0x8000,0x82DC,0x8000,0xA92A,0xEA90,0xF2EF,0xF731,0xFFF6,
  0x9884,0xA4E5,0x8001,0xA0A3,0xFF8E,0xBD8A,0x9CE9,0x94C7,0x8888,0x8CC8,0x8CA9,0x94E8,0x98E9,0x952C,0x994B,0x94E9,
  0x8422,0x8000,0x8421,0x8C63,0xEB13,0xFFFF,0x8000,0x8000,0x8821,0x8443,0x8443,0x8001,0x8000,0x8022,0x8486,0x8087,
  0x8CEB,0x80A9,0x8044,0x0000,0x0000,0x0000,0x0000,0x0000,0x0000,0x0000,0x0000,0x0000,0x0000,0x0000,0x0000,0x0000,
  0x0000,0x0000,0x0000,0x0000,0x0000,0x0000,0x0000,0x0000,0x0000,0x0000,0x0000,0x0000,0x0000,0x0000,0x0000,0x0000,
  0xDDA1,0xFFFF,0xFB99,0xFB77,0x8000,0xFFFF,0x98A4,0x8422,0x94A5,0x94A6,0x98C6,0x94A6,0x8C64,0x8C85,0x8000,0x8443,
  0x94C9,0x8001,0x8001,0xA98E,0x8000,0x8842,0x8864,0x8844,0x94A6,0x98C7,0x98C4,0x8884,0x9085,0x8423,0x8863,0x8001,
  0x8043,0x8864,0xFB24,0xA881,0xFB62,0x8445,0x8001,0xFBBA,0xA927,0xF6CC,0x8421,0x8000,0xCE0E,0xC1AC,0xC5CD,0xB149,
  0xB549,0xEED1,0xF731,0xFB31,0xF311,0xEAAF,0xC1AB,0xA929,0xA909,0xA908,0xA908,0x98E8,0xA509,0xA529,0xA0E8,0xA109,
  0x9CC6,0xCE50,0xC1CB,0xAD4B,0xAD4B,0x8887,0x8467,0x8023,0x8065,0x8045,0x8487,0x8023,0x8066,0xB985,0x8843,0x8044,
  0x8000,0x8466,0x8002,0x8C82,0x8865,0x94C7,0xCD63,0x9CA5,0xA929,0x98A5,0xA4E7,0x9CE7,0x8885,0x8044,0x8CA6,0x8488,
  0x88A9,0x8886,0xACC1,0x8024,0x8886,0x8000,0xEDA0,0xFFF8,0xFFD1,0xFFFA,0xFFF9,0x9CE7,0x9086,0x8C65,0x90A6,0x8444,
  0x8466,0x8024,0x8444,0x8022,0x90A7,0x8466,0x8020,0x8462,0x8170,0x0000,0x0000,0x0000,0x0000,0x0000,0x0000,0x0000,
  0x0000,0x0000,0x0000,0x0000,0x0000,0x0000,0x0000,0x0000,0x0000,0x0000,0x0000,0x0000,0x0000,0x0000,0x0000,0x0000,
  0x0000,0x0000,0x0000,0x0000,0x0000,0x0000,0xD162,0xDD20,0xC4E0,0xA060,0x8422,0x8000,0xBD68,0xB549,0xAD2B,0x9485,
  0x98A6,0x8C43,0x8C85,0x8C87,0x8865,0x8444,0x8886,0xB0C4,0xF6A1,0xA4C2,0x8111,0x8001,0x8421,0x8423,0x8001,0xAD27,
  0xA907,0xB56A,0xB128,0x8C64,0x8022,0x88C7,0x8023,0x8465,0x8864,0x8864,0x90A6,0x8022,0x8000,0xA8C5,0xF6AE,0x9CA3,
  0xFB14,0xC963,0xF6CC,0xDA86,0x8400,0xAD04,0x98C7,0x8C63,0x8000,0x8001,0x98A7,0x9085,0x8C85,0x9085,0x8C86,0x8864,
  0x8C86,0x90A6,0x8C85,0x8C85,0x8465,0x8444,0x8421,0x8001,0x8000,0x8400,0x9461,0x8820,0xB4E0,0xA020,0xA820,0xFAE1,
  0xA4A1,0x8044,0x8044,0x8088,0x808A,0x8002,0x8002,0x8044,0x8023,0x8023,0x8000,0x9D28,0x8C84,0x8001,0x9CE7,0x8422,
  0xCA0C,0xCDE8,0x9CC7,0x8CA6,0x8466,0x80AC,0x8023,0x8044,0x8443,0x8C86,0x8886,0x8045,0x90A7,0x9087,0x8000,0x8003,
  0x90C6,0x8C63,0xB0E1,0xA4E6,0x8C65,0xC5A6,0x8466,0xEA20,0x8022,0x8000,0x8001,0xBCE0,0x81B1,0x8088,0x810B,0x0000,
  0x0000,0x0000,0x0000,0x0000,0x0000,0x0000,0x0000,0x0000,0x0000,0x0000,0x0000,0x0000,0x0000,0x0000,0x0000,0x0000,
  0x0000,0x0000,0x0000,0x0000,0x0000,0x0000,0x0000,0x0000,0x0000,0x0000,0x0000,0x0000,0x9CA2,0xEECE,0xCCE0,0xFA40,
  0x9086,0x8000,0xCDCA,0x8862,0xF6A1,0x9484,0xB0C0,0x9064,0xA0A3,0x9041,0x9084,0x88A8,0x8067,0xC963,0x8065,0x8001,
  0x8023,0x8001,0x8865,0x8865,0x8000,0xFB74,0xFF32,0xFB76,0xEAD1,0xFFDB,0xFF75,0x8C63,0x8444,0x8023,0x8044,0x8445,
  0x8888,0x8443,0x8400,0xFB54,0xB505,0x8421,0xD20E,0xCDEC,0xC5AA,0xC1C8,0xB568,0xEE62,0x9884,0x9464,0xBD83,0xDA23,
  0x8C63,0xA4C4,0x9CE9,0xDF75,0x8023,0x9C83,0x8FDB,0xA481,0xA2B6,0x8463,0x9085,0x831C,0x98A4,0x8466,0x9840,0xFEC0,
  0xF660,0x8001,0xFE80,0xA8A1,0xB0E2,0x8886,0x8488,0x88EB,0x8487,0x8000,0x8003,0x8065,0x8001,0x8443,0x8023,0x8022,
  0x8466,0x8023,0x8000,0x8000,0xFB90,0xB98D,0xB14B,0xA0E8,0x9CE8,0xA0E6,0x8219,0x84A9,0x8001,0x8003,0x8022,0x8022,
  0x8002,0x8002,0x8000,0x8865,0x90A8,0x90A8,0x8024,0x8C85,0x98C7,0x98C8,0x94C7,0x98C4,0x8465,0x9086,0x8465,0x8001,
  0x8488,0x80AB,0x810E,0x8001,0x0000,0x0000,0x0000,0x0000,0x0000,0x0000,0x0000,0x0000,0x0000,0x0000,0x0000,0x0000,
  0x0000,0x0000,0x0000,0x0000,0x0000,0x0000,0x0000,0x0000,0x0000,0x0000,0x0000,0x0000,0x0000,0x0000,0x0000,0x0000,
  0x0000,0x0000,0x0000,0x8000,0xE290,0xBDAC,0xB16B,0x8421,0xCDEC,0xC1CB,0xB0E3,0x94A5,0xCDC1,0x8C63,0xC520,0x9085,
  0x8CA6,0x8487,0x8044,0x8C87,0x8466,0x84A9,0x8002,0x0000,0x0000,0x0000,0x9083,0xC9EA,0xFAEF,0xFFFF,0xF2AA,0xFB0D,
  0xE28E,0xF6EE,0xF70F,0xFB51,0xB9CB,0xC5C9,0xB167,0x0000,0xB588,0xF667,0xFACD,0xEA90,0xE64D,0x8C43,0x8000,0x8421,
  0x8C63,0x98A6,0xC1CD,0xAD4B,0xAD29,0xAD4A,0xA94B,0xC5A5,0xA529,0xA908,0x9CE9,0x9D09,0x9086,0x98C7,0x9086,0x94A6,
  0x8C85,0x8CA7,0x9CE5,0x90C9,0x90A7,0x9086,0x90A7,0x8CA7,0x8466,0x8023,0x8000,0x8000,0x8001,0x8467,0x8467,0x8CC7,
  0x8045,0x8085,0x8000,0x98E5,0x8442,0xF730,0xF730,0xD20C,0xB969,0xB56A,0x9086,0xA929,0xB14A,0xAD29,0x812F,0x80EC,
  0x8046,0x80CC,0x8421,0x8001,0x0000,0x0000,0x0000,0x0000,0x0000,0x0000,0x8444,0x8000,0x8000,0x8000,0xA54B,0x98E9,
  0xB964,0x9CE8,0x90A7,0x8CA7,0x88A9,0x8002,0x8002,0x8000,0x8000,0x0000,0x0000,0x0000,0x0000,0x0000,0x0000,0x0000,
  0x0000,0x0000,0x0000,0x0000,0x0000,0x0000,0x0000,0x0000,0x0000,0x0000,0x0000,0x0000,0x0000,0x0000,0x0000,0x0000,
  0x0000,0x0000,0x0000,0x0000,0x0000,0x0000,0x0000,0x0000,0x0000,0x8000,0xA908,0x8423,0x8000,0x8000,0xF2CD,0xBDCE,
  0xBDAD,0x9CC8,0xAD4A,0xA10A,0x8845,0x8C86,0x8C86,0x8000,0x8000,0x8001,0x8044,0x0000,0x0000,0x0000,0x0000,0x0000,
  0xAD06,0xEA21,0x8000,0xFB33,0xDE2C,0xCE0C,0xFFFD,0xF28C,0xDA0C,0xE64C,0xEA4E,0xE6D0,0xDA2D,0xF2AD,0xFF95,0xFFFD,
  0xFFFE,0xFBDB,0x8000,0x8000,0x8000,0x8000,0x9083,0xC187,0xB548,0xA0E9,0x94C8,0x8C86,0x8865,0x8423,0x8001,0x8000,
  0x8000,0x8000,0x8000,0x8001,0x8001,0x8001,0x8000,0x8000,0x8000,0x8002,0x8024,0x88A9,0x8888,0x8467,0x8045,0x8466,
  0x8000,0x8000,0x8000,0x8000,0x8000,0xFFF2,0xFFD7,0xE66F,0xB96C,0xCDCC,0xA92A,0xA529,0xDA4B,0x98E8,0xB16B,0xCDCA,
  0xB297,0x8044,0x8066,0x8044,0x8000,0x8045,0x8022,0x810F,0x8130,0x0000,0x0000,0x0000,0x0000,0x0000,0x0000,0x0000,
  0x0000,0x90A8,0x8000,0xA109,0x8886,0x8466,0x8023,0x8045,0x8000,0x8066,0x8088,0x8023,0x8C83,0x8001,0x8000,0x0000,
  0x0000,0x0000,0x0000,0x0000,0x0000,0x0000,0x0000,0x0000,0x0000,0x0000,0x0000,0x0000,0x0000,0x0000,0x0000,0x0000,
  0x0000,0x0000,0x0000,0x0000,0x0000,0x0000,0x0000,0x0000,0x0000,0x0000,0x0000,0x0000,0x0000,0x0000,0x0000,0xC961,
  0x98C9,0xCDC3,0x8000,0x98C7,0x8444,0x8444,0xCDEE,0xB98C,0xAD8C,0xA909,0xA508,0xB16D,0x8466,0x8CA9,0x8465,0x8001,
  0x0000,0x0000,0x0000,0x0000,0x0000,0x0000,0x0000,0x9041,0xB964,0xACEA,0x94A4,0x8421,0x9483,0xBD8B,0xBD69,0xB548,
  0x9CC5,0xFFDA,0x94C8,0xF710,0xB169,0xD60D,0x8000,0xFF96,0xFF52,0xF710,0xFB98,0x8464,0x88A8,0x8000,0x8000,0x8C64,
  0x90A7,0x98C7,0xA906,0xBDC9,0x9486,0xF72D,0x837D,0xEEC9,0xFFFA,0x95F4,0xAED5,0xF707,0xDAEC,0x8023,0x81F2,0x8025,
  0x8445,0x8066,0x8023,0x8000,0x8022,0xAD05,0xC1AA,0x8821,0xE28F,0xDA2E,0xDE2D,0xD2D3,0x914F,0xA508,0xA94A,0xEA48,
  0xC60F,0x8045,0x8024,0x8465,0x8886,0x8488,0x84A9,0x8002,0x8022,0x8065,0x9DC9,0x8066,0x8021,0x8042,0x0000,0x0000,
  0x0000,0x0000,0x0000,0x0000,0x0000,0x0000,0x0000,0x8022,0xB169,0xA94B,0x94C7,0x9908,0x8CA6,0x8487,0x8002,0x8067,
  0x8045,0x8022,0xB103,0x8002,0x8000,0x0000,0x0000,0x0000,0x0000,0x0000,0x0000,0x0000,0x0000,0x0000,0x0000,0x0000,
  0x0000,0x0000,0x0000,0x0000,0x0000,0x0000,0x0000,0x0000,0x0000,0x0000,0x0000,0x0000,0x0000,0x0000,0x0000,0x0000,
  0x0000,0x0000,0x0000,0x0000,0x0000,0x8000,0x8C43,0x8C86,0x8001,0x8C64,0x8444,0x8420,0xFFFF,0xFEEE,0xFACD,0xD60B,
  0xFF95,0xFB97,0x8000,0x8444,0x812E,0x0000,0x0000,0x0000,0x0000,0x0000,0x0000,0x0000,0x0000,0x8000,0xDA2E,0x9862,
  0x94A1,0xB925,0xA8A5,0xB0E3,0x8885,0x8401,0x8000,0x8843,0xA109,0x98C7,0xA0E8,0xFBDE,0xD9C8,0xDA4F,0xF6ED,0xC5C9,
  0x8CA6,0x90C8,0x8467,0x98C7,0xE62A,0xDE2B,0xEA6B,0xF2CD,0xDA4D,0xDE4C,0x8442,0x8421,0x8001,0x8000,0x8001,0x8001,
  0x8001,0x8422,0x8001,0x8001,0x8000,0x8024,0xA94C,0xC5AA,0xC1CA,0xB9AC,0x98E9,0x90A6,0x9CE8,0xEA8C,0xDE4C,0xFFDA,
  0xBDCD,0xAD6A,0xA507,0x81F6,0x8002,0x8466,0x8887,0x8000,0x8001,0x8023,0x8045,0x8022,0xF6C0,0x8022,0x9462,0x8001,
  0x8067,0x8131,0x8000,0x0000,0x0000,0x0000,0x0000,0x0000,0x0000,0x0000,0x0000,0x0000,0x0000,0xDAB1,0xB18D,0xAD6C,
  0x90A7,0x84A7,0x8CA8,0x80C9,0x8000,0x80AD,0x0000,0x88A8,0x88A8,0x8130,0x0000,0x0000,0x0000,0x0000,0x0000,0x0000,
  0x0000,0x0000,0x0000,0x0000,0x0000,0x0000,0x0000,0x0000,0x0000,0x0000,0x0000,0x0000,0x0000,0x0000,0x0000,0x0000,
  0x0000,0x0000,0x0000,0x0000,0x0000,0x0000,0x0000,0x0000,0x0000,0x0000,0x0000,0x8400,0xB4C2,0x9084,0x9CC6,0xDA08,
  0x8023,0x8000,0xFFD4,0xFB10,0xFF76,0xFAAD,0xF713,0xFFD9,0xFACF,0x9CE6,0x8000,0x0000,0x0000,0x0000,0x0000,0x0000,
  0x0000,0x0000,0x0000,0x0000,0x8842,0x8822,0xC9AA,0x9484,0x9485,0x9484,0x80A7,0x8C84,0xF7FF,0xFBFE,0x912C,0x8C84,
  0xF355,0xF68B,0xEE69,0xEEAD,0x8000,0x98C5,0xA54B,0x8444,0x8000,0x8000,0xAD27,0xA529,0xA94B,0xA0E9,0xA52A,0xA52A,
  0x9D09,0xA109,0x9CE8,0x98E7,0x98C7,0x94C7,0x9086,0x94C8,0x9486,0x8CA7,0x8044,0x90C8,0x8CA8,0x8CA8,0x8CA8,0x88A8,
  0x8002,0x8045,0x8001,0xB98B,0xC9ED,0xF2A8,0xFB97,0xAD29,0xB98C,0xAD48,0xAF9D,0x8003,0x8488,0x8443,0xF640,0x8423,
  0xBD00,0x8023,0x8885,0x8466,0x84A9,0x8066,0x8001,0x8464,0x0000,0x0000,0x0000,0x0000,0x0000,0x0000,0x0000,0x0000,
  0x0000,0x98C6,0xD62C,0xA52B,0xA52A,0x9085,0x8865,0x8CA8,0x80A9,0x833E,0x8000,0x8089,0x0000,0x0000,0x8002,0x0000,
  0x0000,0x0000,0x0000,0x0000,0x0000,0x0000,0x0000,0x0000,0x0000,0x0000,0x0000,0x0000,0x0000,0x0000,0x0000,0x0000,
  0x0000,0x0000,0x0000,0x0000,0x0000,0x0000,0x0000,0x0000,0x0000,0x0000,0x0000,0x0000,0x0000,0x0000,0x0000,0x0000,
  0x0000,0x0000,0xF731,0x90C8,0x0000,0xE26A,0x98A5,0x8000,0x8000,0xFF30,0xFFDB,0xFFD3,0xF312,0xFF74,0xDE08,0xFFD7,
  0xFB31,0x8000,0xB168,0x0000,0x0000,0x0000,0x0000,0x0000,0x0000,0x0000,0x0000,0xA506,0x8C64,0x8C65,0x8C64,0xA509,
  0x98C7,0x8C64,0xAD04,0xB942,0x9CE8,0xFFF8,0xFF50,0xE64D,0xD5A7,0x8024,0x90A7,0x8887,0x8023,0xD960,0x8001,0x8866,
  0xA52B,0xF5E0,0xFEE1,0xFEC0,0xD520,0xA529,0x98E8,0x9C82,0xF600,0x9000,0xFA41,0xC900,0xFE01,0x9420,0xFA40,0x9840,
  0x8C87,0x8C86,0x88A8,0x8466,0x8466,0x8468,0x9CC2,0xA481,0xA4C1,0xA8A1,0xB5AD,0xDA0A,0xEA8C,0xF734,0xBDAB,0xB16B,
  0xB16B,0x86DA,0x8001,0x8465,0x90C7,0x8466,0x8487,0x8467,0x8023,0x8001,0x8045,0x8001,0x0000,0x0000,0x0000,0x0000,
  0x0000,0x0000,0x0000,0x0000,0x0000,0x94A5,0xF2EF,0xB58B,0xA92B,0x98E9,0xA109,0x950B,0x90A7,0x84EC,0x829C,0x8002,
  0x8000,0x812F,0x0000,0x0000,0x8023,0x0000,0x0000,0x0000,0x0000,0x0000,0x0000,0x0000,0x0000,0x0000,0x0000,0x0000,
  0x0000,0x0000,0x0000,0x0000,0x0000,0x0000,0x0000,0x0000,0x0000,0x0000,0x0000,0x0000,0x0000,0x0000,0x0000,0x0000,
  0x0000,0x0000,0x0000,0x0000,0x0000,0x0000,0x0000,0x0000,0xA082,0x8000,0x0000,0x8841,0x8864,0x8400,0xFF71,0xCDEF,
  0xFF0E,0xFFDD,0xFF2E,0xFFB5,0xFF71,0xFB76,0xF711,0xEE4B,0xFF0E,0xFF96,0xD26E,0x8842,0x0000,0x0000,0x0000,0x0000,
  0x0000,0x0000,0x0000,0x0000,0x8421,0x8443,0x8C87,0x8443,0x8001,0x8421,0xFF74,0xEE8C,0xFF30,0xE62A,0xA905,0x8CA7,
  0x9483,0x8003,0x8444,0x8023,0x8002,0x8465,0x94A7,0x9462,0x9C61,0xD540,0xC522,0x9D09,0x98E9,0x8821,0xE9E0,0xA040,
  0xF1E0,0xBCE0,0xEDE0,0x9041,0xF600,0xA081,0x8887,0x94E9,0x8487,0x8445,0x8465,0x8465,0x8467,0x8024,0x8001,0x8022,
  0x8023,0xDA0D,0xDE4D,0xF268,0xFFBB,0xC1CC,0xC1AB,0xB968,0xA96C,0x8000,0x8000,0x8045,0x8488,0x8001,0x8442,0x0000,
  0x0000,0x0000,0x0000,0x0000,0x0000,0x0000,0x0000,0x8863,0x8842,0x9CC4,0xEECF,0xA90A,0x94A7,0x98C8,0x8CA8,0x9D2B,
  0x94E9,0x90C9,0x85B2,0x8217,0x8132,0x8087,0x8000,0x8045,0x8023,0x0000,0x84A9,0x0000,0x0000,0x0000,0x0000,0x0000,
  0x0000,0x0000,0x0000,0x0000,0x0000,0x0000,0x0000,0x0000,0x0000,0x0000,0x0000,0x0000,0x0000,0x0000,0x0000,0x0000,
  0x0000,0x0000,0x0000,0x0000,0x0000,0x0000,0x0000,0x0000,0x0000,0x0000,0x0000,0x0000,0x0000,0x0000,0xC564,0x8000,
  0x0000,0xF731,0x98C7,0xA481,0xDD65,0xEA00,0x8000,0xFACE,0xFF55,0xFB76,0xFF32,0xC58C,0xFF0C,0xFF0D,0xF6AD,0xCA2E,
  0xFF70,0xF28D,0xEA8D,0xFB96,0xCA2D,0xCA0C,0x9484,0x94A4,0x0000,0x0000,0x0000,0x0000,0xAD48,0xA106,0xE2D3,0xFF74,
  0xFB10,0xDE0D,0xE64A,0xA0C6,0x8002,0x9042,0x8024,0x8023,0x8001,0x8000,0x8000,0x8022,0x8022,0x8423,0x8C65,0x8C65,
  0x8C86,0x8C85,0x9CE9,0x98C8,0x98E9,0x98C8,0x94A7,0x94A7,0x98C8,0x94C9,0x90A8,0x9087,0x8C86,0x8466,0x8023,0x8443,
  0x8044,0x8023,0x8023,0x8001,0x8002,0x8001,0x8001,0x8001,0xC5AA,0xC18A,0xE227,0xE22E,0xB56B,0xAD28,0xB149,0xB5AD,
  0x8021,0x9085,0x0000,0x0000,0x0000,0x0000,0x0000,0x0000,0x8C63,0x9084,0xB588,0xBD88,0xEAAE,0xD60D,0xAD6B,0x94C8,
  0x9CE7,0xAD4B,0x9CE9,0x94C8,0xA10A,0x910C,0x84A8,0x8022,0x8045,0x8000,0x8046,0x8130,0x8000,0x808A,0x829C,0x0000,
  0x84A9,0x0000,0x0000,0x0000,0x0000,0x0000,0x0000,0x0000,0x0000,0x0000,0x0000,0x0000,0x0000,0x0000,0x0000,0x0000,
  0x0000,0x0000,0x0000,0x0000,0x0000,0x0000,0x0000,0x0000,0x0000,0x0000,0x0000,0x0000,0x0000,0x0000,0x0000,0x0000,
  0x0000,0x0000,0x0000,0x0000,0xB924,0x8401,0x0000,0xF2CA,0x8843,0xDA06,0xC587,0xBD65,0xC0C2,0x98C6,0x8001,0xEAB2,
  0xE64C,0xE64B,0xFFDC,0xF6CD,0xEE8C,0xF6AC,0xF2AE,0xB149,0xF6CE,0x8CA9,0xEE8D,0xEE6D,0xB926,0xFB31,0xFFFA,0xFFFB,
  0x8421,0x8400,0x8841,0x8000,0xF68C,0xEA4B,0xDEB3,0xDA0A,0xE66E,0x8002,0x94A3,0x8C86,0x8044,0x8023,0x8465,0x8887,
  0x8466,0x88A8,0x8864,0x94E6,0x94C9,0x9CE7,0x9D0A,0x990B,0x88A9,0x8886,0x8866,0x8887,0x8488,0x8485,0x8487,0x8087,
  0x8885,0x8466,0x8023,0x8067,0x8088,0x8487,0x84A8,0x88EB,0x8466,0x8088,0x8066,0x8088,0x8044,0x8023,0x8001,0xDA2D,
  0xEEAD,0xACC1,0xBDAD,0xAD6C,0xA529,0xB58B,0xAD6B,0x8000,0x8C61,0x8420,0x8400,0xFB2F,0xFF93,0xFFB5,0xD1CA,0xBD69,
  0x94C9,0xA12B,0x8C86,0xA108,0xCA0C,0x9D09,0xA52A,0x9CE9,0x98C8,0x8659,0x8002,0x80A9,0x80CB,0x8000,0x8066,0x8486,
  0x8022,0x810F,0x8086,0x8046,0x825A,0x0000,0x84A8,0x0000,0x0000,0x0000,0x0000,0x0000,0x0000,0x0000,0x0000,0x0000,
  0x0000,0x0000,0x0000,0x0000,0x0000,0x0000,0x0000,0x0000,0x0000,0x0000,0x0000,0x0000,0x0000,0x0000,0x0000,0x0000,
  0x0000,0x0000,0x0000,0x0000,0x0000,0x0000,0x0000,0x0000,0x0000,0x0000,0x0000,0x0000,0x0000,0xDA47,0x8844,0xA461,
  0xFFFC,0xC145,0xBD26,0x8C85,0xA4C4,0x9CC6,0x8000,0xE6B1,0xC1AB,0xC1AA,0xB528,0xFFB4,0xFFDA,0xF6CD,0xE26C,0xEE8E,
  0xD60C,0xDE4C,0xEE8E,0xE26D,0xF2CD,0xD60D,0xE22D,0x8000,0x8000,0xF6CE,0xA908,0xEAF1,0xE26E,0xF799,0x8045,0x8C87,
  0x8CA9,0x8423,0xFF8A,0xFF71,0xFFD2,0xFFF6,0x8000,0x8000,0x8000,0x8000,0x8000,0x8000,0x8000,0x8021,0x8421,0x8422,
  0x8421,0x8422,0x8001,0x8000,0x8001,0x8000,0x8000,0x8022,0x8023,0x8001,0x8000,0x8000,0x8000,0x8000,0x8000,0x8000,
  0x8001,0x8001,0xFFD5,0xFFD2,0xFFF6,0x8821,0xD60D,0xEE69,0x9483,0xC5CD,0xC1AB,0xB14A,0xB58C,0x9CE8,0x9CA5,0x9085,
  0xA92A,0x98C9,0x9CE8,0xBDAA,0x98CB,0xB98A,0x90A9,0xAD28,0xA109,0x9CE9,0x9CE9,0xC20F,0x8D0A,0x8002,0x8044,0x8066,
  0x8000,0x8001,0x8066,0x8466,0x80AB,0x8046,0x8001,0x82BE,0x8000,0x80A9,0x8190,0x0000,0x0000,0x0000,0x0000,0x0000,
  0x0000,0x0000,0x0000,0x0000,0x0000,0x0000,0x0000,0x0000,0x0000,0x0000,0x0000,0x0000,0x0000,0x0000,0x0000,0x0000,
  0x0000,0x0000,0x0000,0x0000,0x0000,0x0000,0x0000,0x0000,0x0000,0x0000,0x0000,0x0000,0x0000,0x0000,0x0000,0x0000,
  0x0000,0x0000,0x0000,0xFF4E,0x8864,0x8021,0xFF93,0xE64B,0x98A4,0xB549,0x8801,0xD9E7,0xACE5,0x98C7,0x94A5,0x8000,
  0x9485,0xC1AB,0xB98B,0xAD29,0xA929,0xA10B,0xFFFE,0xFAEF,0xEECE,0xEA6C,0xE24D,0xD1EC,0x98A4,0xA4E5,0xA949,0x8C62,
  0xC9AA,0xE24D,0xDE4C,0x8002,0xA0C2,0x8C87,0x8000,0x94A7,0xC5A9,0xC5ED,0xD22E,0x98E9,0xDE2B,0xC9EE,0xDA0B,0xC5CD,
  0xD1EC,0xD20E,0xD60D,0xDE6F,0xE64E,0xDE2E,0xE22B,0xD60B,0xDA0B,0xD9E9,0xD9E8,0xD5E9,0xCDEC,0xC5AC,0xC5CB,0xC1AB,
  0xB14A,0xB56B,0xBD8B,0xB16C,0x9CE9,0xA10A,0x9CCA,0xA92A,0xAD4B,0xB58B,0xA529,0xA108,0x8442,0xD1AA,0xF2A9,0xE249,
  0xAD4A,0xB98B,0xA108,0x8843,0xB149,0x8192,0x8424,0xA108,0xA108,0xA529,0xA10B,0x94EA,0xC60E,0x8CEB,0x992A,0x8045,
  0x8066,0x8487,0x84A9,0x8000,0x8001,0x8046,0x8445,0xA4A1,0x8022,0x8087,0x8087,0x8002,0x827B,0x821B,0x8000,0x88A8,
  0x829B,0x0000,0x0000,0x0000,0x0000,0x0000,0x0000,0x0000,0x0000,0x0000,0x0000,0x0000,0x0000,0x0000,0x0000,0x0000,
  0x0000,0x0000,0x0000,0x0000,0x0000,0x0000,0x0000,0x0000,0x0000,0x0000,0x0000,0x0000,0x0000,0x0000,0x0000,0x0000,
  0x0000,0x0000,0x0000,0x0000,0x0000,0x0000,0x0000,0x0000,0x0000,0x9020,0x8C86,0x0000,0xFFD7,0xFF75,0xF26C,0x9862,
  0xA0E5,0xB16A,0x9484,0xC521,0xC942,0xDDC2,0x9485,0x98A7,0x9085,0x8000,0x8000,0x8421,0xB16B,0xA908,0xB969,0x9CE8,
  0xA0E7,0xFFFF,0xC5A9,0x8000,0x8000,0x8000,0x9D90,0xC1AA,0xC9C8,0x8C86,0x90A7,0x8000,0x94A7,0xBD8A,0xC1CB,0xD60C,
  0xD20C,0xDE4E,0xA92A,0xE24C,0xE24B,0xB549,0xD60C,0xEED0,0xC1CD,0xEEAF,0xE648,0xE26D,0xE66D,0xC5AB,0xC5AB,0xD20C,
  0xC1AD,0xD22E,0xBD89,0xC9C9,0xB98C,0xC1CD,0xB56B,0xAD2B,0xC1CB,0xAD4C,0xC5CA,0xBDAB,0xB9AB,0xA52A,0xB98A,0xA52A,
  0xA92A,0xAD29,0x98C8,0x8002,0xD9EA,0xEEB0,0x8C64,0x94A7,0xFFD8,0x8422,0x8000,0x8000,0x8172,0x812E,0x8467,0x8864,
  0x8466,0x90A7,0x8887,0x8888,0x8487,0x8002,0x8001,0x8024,0x8466,0x8444,0x8043,0xFF80,0x8444,0x8466,0x8066,0x8001,
  0x8239,0x8067,0x82DF,0x82FF,0x0000,0x90EA,0x8000,0x0000,0x0000,0x0000,0x0000,0x0000,0x0000,0x0000,0x0000,0x0000,
  0x0000,0x0000,0x0000,0x0000,0x0000,0x0000,0x0000,0x0000,0x0000,0x0000,0x0000,0x0000,0x0000,0x0000,0x0000,0x0000,
  0x0000,0x0000,0x0000,0x0000,0x0000,0x0000,0x0000,0x0000,0x0000,0x0000,0x0000,0x0000,0x0000,0x0000,0x0000,0x8000,
  0x8422,0x0000,0x0000,0xF794,0xFACE,0xEA2A,0xFF94,0xAD06,0x98C6,0xAD48,0x98C5,0xEE61,0xFF00,0xDDA0,0xF680,0x9084,
  0x8C86,0x90A6,0x8C86,0x8423,0x8001,0x8421,0x8000,0xF268,0xEAAF,0xCDCC,0x9CE7,0xA0E7,0x8444,0x8000,0x8C84,0x98C8,
  0x8002,0x8CA8,0xC9EB,0xE314,0xEB35,0xEB34,0xDA6F,0xDA4E,0xF311,0xE28F,0xC9EC,0xEA8D,0xDA2E,0xDA2B,0xB169,0xD1EB,
  0xD609,0xC5A8,0xC5AB,0xC5AA,0xC5CA,0xB967,0xBD8A,0xB569,0xB147,0xB148,0xB969,0xA0E7,0xB169,0xC5EB,0xB58A,0xB56B,
  0xB16B,0xB56B,0xB56A,0xB9AC,0xBDCD,0xBDEB,0xB9EC,0xA4E6,0xB168,0x8C87,0x8C22,0xDE0A,0x8423,0xC1EC,0xC525,0xDA4F,
  0xB98C,0x94A6,0x8867,0x80A7,0x8000,0x8044,0x8001,0x8002,0x8001,0x8044,0x8045,0x8045,0x8444,0xEE40,0x9041,0xE661,
  0x8045,0x8486,0x8044,0x8000,0x8152,0x80A9,0x80ED,0x8130,0x82DE,0x0000,0x0000,0x8001,0x8000,0x0000,0x0000,0x0000,
  0x0000,0x0000,0x0000,0x0000,0x0000,0x0000,0x0000,0x0000,0x0000,0x0000,0x0000,0x0000,0x0000,0x0000,0x0000,0x0000,
  0x0000,0x0000,0x0000,0x0000,0x0000,0x0000,0x0000,0x0000,0x0000,0x0000,0x0000,0x0000,0x0000,0x0000,0x0000,0x0000,
  0x0000,0x0000,0x0000,0x0000,0x0000,0x8000,0x8001,0x0000,0x0000,0x0000,0xCA0C,0xEE6B,0xD60A,0xC9AA,0xD1EB,0xE68D,
  0xA506,0x8C63,0x98C6,0x98A4,0x9485,0x9483,0xF220,0xAD02,0xFF42,0x9861,0x9463,0x8843,0xE2AD,0xD60D,0x8421,0x8422,
  0x8865,0x8023,0x8045,0x8088,0x8444,0x8023,0x8000,0x8000,0x8C42,0x8843,0xB14A,0xAD4A,0xB98C,0xA529,0xB58A,0x98C8,
  0x94C8,0xA109,0x9D09,0xA0E8,0xC1CD,0x90A6,0x8865,0x8C65,0x8864,0x8443,0x8443,0x8844,0x8443,0x8444,0x8844,0x8443,
  0x8444,0x8845,0x90A8,0x94C9,0xB169,0x9088,0x8864,0x8C87,0x8C86,0x8CA8,0x8C87,0x8C88,0x8CA8,0x8444,0x8001,0x8001,
  0x8000,0xEA68,0x8422,0xE2AC,0x8422,0x8842,0x8843,0x8001,0x8023,0x8001,0x8000,0x8045,0x8864,0x9041,0x9485,0xF260,
  0x9042,0x9C60,0x8465,0x8465,0x8466,0x8022,0x8001,0x8065,0x8530,0x8087,0x80A7,0x90E6,0x80AE,0x8069,0x0000,0x0000,
  0x0000,0x8021,0x8000,0x0000,0x0000,0x0000,0x0000,0x0000,0x0000,0x0000,0x0000,0x0000,0x0000,0x0000,0x0000,0x0000,
  0x0000,0x0000,0x0000,0x0000,0x0000,0x0000,0x0000,0x0000,0x0000,0x0000,0x0000,0x0000,0x0000,0x0000,0x0000,0x0000,
  0x0000,0x0000,0x0000,0x0000,0x0000,0x0000,0x0000,0x0000,0x0000,0x0000,0x0000,0x8000,0x8000,0x0000,0x0000,0x0000,
  0x0000,0x8842,0xEB12,0xE28E,0xD5EA,0xDE2A,0xCDEA,0xBDAC,0xEED0,0x98C5,0x8442,0x90A5,0x98C6,0x94C7,0x9064,0x9085,
  0xA0C5,0x8C85,0xEB12,0xA506,0x98A4,0x8842,0x8422,0x8422,0x84A9,0x84CA,0x8001,0x8487,0x8001,0x8887,0x9043,0x8842,
  0x8C86,0x90A7,0x90A7,0x8C86,0x90A7,0x90A7,0x9086,0x8866,0x8443,0x8843,0xB16A,0x98E8,0x8821,0x8421,0x8843,0x8C64,
  0x8864,0x8864,0x8864,0x8843,0x8864,0x8843,0x8842,0xA529,0x8C86,0x8044,0x8444,0x8465,0x8465,0x8465,0x8464,0x8467,
  0x8466,0x8465,0x8444,0x8444,0x8065,0x8067,0x8000,0xA929,0x8021,0xFBBA,0xA4E5,0x8841,0x8421,0x8000,0x8023,0x8E18,
  0x810D,0x8024,0x8423,0x8022,0x8886,0x8886,0x8465,0x8465,0x8001,0x8443,0x8CCA,0x8466,0x8065,0x8486,0x8066,0x8066,
  0x8131,0x80EA,0x8001,0x0000,0x0000,0x0000,0x0000,0x8001,0x8000,0x0000,0x0000,0x0000,0x0000,0x0000,0x0000,0x0000,
  0x0000,0x0000,0x0000,0x0000,0x0000,0x0000,0x0000,0x0000,0x0000,0x0000,0x0000,0x0000,0x0000,0x0000,0x0000,0x0000,
  0x0000,0x0000,0x0000,0x0000,0x0000,0x0000,0x0000,0x0000,0x0000,0x0000,0x0000,0x0000,0x0000,0x0000,0x0000,0x0000,
  0x0000,0x0000,0x0000,0x0000,0x0000,0x0000,0x0000,0x0000,0xC189,0x8001,0x8823,0xEEAD,0xA909,0xB56B,0xCD87,0xA4E8,
  0xB16C,0xA94B,0xFB53,0xD22D,0x8000,0x8000,0x94C8,0x94C8,0xFAAC,0xDEB3,0x8000,0x8000,0x8000,0x8001,0x8888,0x8488,
  0x8024,0x8464,0x8000,0x8C85,0xFF62,0xFAE0,0xFFE5,0xFFEF,0x8421,0x9CA3,0xCD82,0xF261,0x94A6,0x9465,0x8422,0x94C8,
  0xB96B,0xA12A,0xC4C0,0xE560,0xEDC0,0xFA00,0xFE80,0xF1E0,0xFE60,0xFE80,0xCCE0,0xE960,0xD4E0,0xC9C9,0x90A8,0x8888,
  0xCD20,0xACC1,0x8445,0xCD00,0xFF00,0x8445,0xFF20,0xFFC6,0xAD49,0xFFC2,0xFB40,0x8023,0x8000,0x9087,0x8001,0xFECB,
  0xA0E7,0x8001,0x8844,0x8002,0x8044,0x8068,0x8239,0x8024,0x8045,0x8000,0x8000,0x8423,0x990C,0x8465,0x8046,0x8466,
  0x8044,0x8467,0x8CA6,0x84C7,0x81D8,0x8000,0x8000,0x0000,0x0000,0x0000,0x0000,0x0000,0x0000,0x0000,0x0000,0x0000,
  0x0000,0x0000,0x0000,0x0000,0x0000,0x0000,0x0000,0x0000,0x0000,0x0000,0x0000,0x0000,0x0000,0x0000,0x0000,0x0000,
  0x0000,0x0000,0x0000,0x0000,0x0000,0x0000,0x0000,0x0000,0x0000,0x0000,0x0000,0x0000,0x0000,0x0000,0x0000,0x0000,
  0x0000,0x0000,0x0000,0x0000,0x0000,0x0000,0x0000,0x0000,0x0000,0x0000,0x0000,0x0000,0x0000,0x0000,0x9420,0x98C7,
  0x9486,0x8000,0x8000,0x8002,0xDA4E,0xB98A,0xBD8B,0xB16A,0xA906,0xD5E6,0xA109,0xA52A,0x98EB,0x98C7,0xB126,0xB14B,
  0xC9ED,0xB16B,0x9CE8,0x8865,0x88A8,0x8065,0x8003,0x8CA6,0x8001,0x8466,0x98C7,0x94A6,0x98A5,0x9CC5,0x94A5,0x9CE8,
  0x94C8,0x94A6,0x94A8,0x94A6,0x90A7,0x8C66,0xBD8B,0xA12A,0xE560,0xFF82,0xFEC0,0xFF80,0xFB20,0xEE20,0xFB40,0xFEE0,
  0xD920,0xFA40,0xED80,0xD1EA,0x8C87,0x8887,0x8C86,0x8C65,0x8887,0x8887,0x8C86,0x8866,0x94A5,0x9085,0x8C85,0x8C85,
  0x8866,0x8066,0x8000,0x90A7,0x8000,0xCA0A,0xD20C,0xAD29,0xA508,0x8C65,0x88A8,0x8446,0x8023,0x8047,0x8888,0x8445,
  0x8065,0x8466,0xA107,0x8CA5,0x8466,0x8467,0x8088,0x84A9,0x8000,0x8000,0x8086,0x8172,0x0000,0x0000,0x0000,0x0000,
  0x0000,0x0000,0x0000,0x0000,0x0000,0x0000,0x0000,0x0000,0x0000,0x0000,0x0000,0x0000,0x0000,0x0000,0x0000,0x0000,
  0x0000,0x0000,0x0000,0x0000,0x0000,0x0000,0x0000,0x0000,0x0000,0x0000,0x0000,0x0000,0x0000,0x0000,0x0000,0x0000,
  0x0000,0x0000,0x0000,0x0000,0x0000,0x0000,0x0000,0x0000,0x0000,0x0000,0x0000,0x0000,0x0000,0x0000,0x0000,0x0000,
  0x0000,0x0000,0x0000,0x0000,0x0000,0x8000,0xBD8B,0x9882,0x8044,0x0000,0x8421,0x8001,0x8001,0x8864,0xB58C,0xB149,
  0xA508,0xB966,0xAD6C,0x98E9,0xFB0F,0xCE71,0xC1AB,0xC9C2,0x8422,0x9464,0x8045,0x8045,0x8002,0x9085,0x8000,0x8866,
  0xBD6B,0xB12A,0xCDEB,0xC1CD,0xC9EE,0xB969,0xDA4B,0xB148,0x8421,0x8C42,0x8401,0x8420,0xC9CC,0xA529,0x9062,0x9462,
  0x9463,0x9883,0x9CA4,0x9CA4,0x9CA4,0x9884,0x9883,0x9483,0x9062,0xCE0C,0x8C87,0x8000,0x8000,0x8000,0x8000,0x8423,
  0x8022,0xA12B,0xA52B,0xAD6C,0x98EA,0x9CE9,0x98C8,0x8866,0x8000,0x94A7,0x8421,0xA94A,0xC1A6,0x9C85,0xC184,0x8821,
  0x8864,0x8023,0x81D6,0x8023,0x8CA7,0x8466,0x8886,0x8488,0x8045,0x8045,0x8001,0x8001,0x8023,0x8468,0x8046,0x8047,
  0x8000,0x0000,0x0000,0x0000,0x0000,0x0000,0x0000,0x0000,0x0000,0x0000,0x0000,0x0000,0x0000,0x0000,0x0000,0x0000,
  0x0000,0x0000,0x0000,0x0000,0x0000,0x0000,0x0000,0x0000,0x0000,0x0000,0x0000,0x0000,0x0000,0x0000,0x0000,0x0000,
  0x0000,0x0000,0x0000,0x0000,0x0000,0x0000,0x0000,0x0000,0x0000,0x0000,0x0000,0x0000,0x0000,0x0000,0x0000,0x0000,
  0x0000,0x0000,0x0000,0x0000,0x0000,0x0000,0x0000,0x0000,0x0000,0x0000,0x0000,0x0000,0x8000,0x8001,0x8023,0x0000,
  0x0000,0x0000,0x0000,0x0000,0x8000,0x8000,0x8865,0x8866,0x8023,0x8000,0xEE49,0xC1AC,0xBD8B,0xAD29,0x94A6,0x9086,
  0x8887,0x8001,0x8000,0x8C65,0x8000,0x8866,0xA908,0xA0E8,0xC185,0xA929,0xB147,0xB148,0xDA29,0xA509,0xA0E8,0x9CE7,
  0xA507,0x98C8,0xA508,0x8420,0x8000,0x8000,0x8000,0x8000,0x8001,0x8001,0x8001,0x8000,0x8000,0x8000,0x8000,0x8001,
  0xB568,0x98E9,0x94A6,0x98C7,0x8C87,0x8C65,0x8886,0x8866,0x9086,0x8C87,0x8C86,0x8865,0x90A6,0x84A9,0x8000,0x8865,
  0x8000,0xC987,0xC18B,0xAD4B,0x98C6,0x8465,0x8024,0x8045,0x81D5,0x8000,0x8002,0x8023,0x8465,0x8001,0x8000,0x0000,
  0x0000,0x0000,0x0000,0x8000,0x8444,0x8002,0x0000,0x0000,0x0000,0x0000,0x0000,0x0000,0x0000,0x0000,0x0000,0x0000,
  0x0000,0x0000,0x0000,0x0000,0x0000,0x0000,0x0000,0x0000,0x0000,0x0000,0x0000,0x0000,0x0000,0x0000,0x0000,0x0000,
  0x0000,0x0000,0x0000,0x0000,0x0000,0x0000,0x0000,0x0000,0x0000,0x0000,0x0000,0x0000,0x0000,0x0000,0x0000,0x0000,
  0x0000,0x0000,0x0000,0x0000,0x0000,0x0000,0x0000,0x0000,0x0000,0x0000,0x0000,0x0000,0x0000,0x0000,0x0000,0x0000,
  0x0000,0x0000,0xBD66,0x8444,0x8001,0x0000,0x0000,0x0000,0x0000,0x0000,0x0000,0x0000,0x0000,0x0000,0x0000,0x0000,
  0x9483,0xC5CC,0xAD28,0xB169,0x98C8,0x90A7,0x8023,0x8000,0x8024,0x98A6,0x8001,0x8001,0x8445,0x8023,0x8002,0x8865,
  0x8C64,0x90A6,0x94A7,0xAD49,0xA509,0xA92A,0xA509,0xA109,0xA12A,0xA928,0xA12B,0xB148,0xA54C,0xA508,0x9CE9,0xA528,
  0x9D09,0xA12A,0xA108,0x9D0A,0x9D2A,0x9CC8,0x94C8,0x98C8,0x9CE7,0x9909,0x94C9,0xA508,0x8C88,0x8CC9,0x8886,0x8023,
  0x8C87,0x8003,0x8024,0x8001,0x8466,0x8886,0x8002,0xA0E6,0xD5EA,0xAD4A,0xA507,0x90A6,0x84A9,0x8130,0x8000,0x0000,
  0x0000,0x0000,0x0000,0x0000,0x0000,0x0000,0x0000,0x0000,0x0000,0x8000,0x8046,0x81D7,0x0000,0x0000,0x0000,0x0000,
  0x0000,0x0000,0x0000,0x0000,0x0000,0x0000,0x0000,0x0000,0x0000,0x0000,0x0000,0x0000,0x0000,0x0000,0x0000,0x0000,
  0x0000,0x0000,0x0000,0x0000,0x0000,0x0000,0x0000,0x0000,0x0000,0x0000,0x0000,0x0000,0x0000,0x0000,0x0000,0x0000,
  0x0000,0x0000,0x0000,0x0000,0x0000,0x0000,0x0000,0x0000,0x0000,0x0000,0x0000,0x0000,0x0000,0x0000,0x0000,0x0000,
  0x0000,0x0000,0x0000,0x0000,0x0000,0x0000,0x0000,0x0000,0x0000,0x8465,0x0000,0x0000,0x0000,0x0000,0x0000,0x0000,
  0x0000,0x0000,0x0000,0x0000,0x0000,0x0000,0x9483,0xA0E6,0x8001,0x8000,0x8000,0x8002,0x8002,0x80ED,0x8002,0x84EB,
  0x8021,0x0000,0x0000,0x0000,0x8843,0x8C63,0x8C63,0x8C42,0x8001,0x8000,0x8000,0x8001,0x8002,0x8001,0x8000,0x8001,
  0x8001,0x8024,0x8002,0x8001,0x8002,0x8002,0x8002,0x8002,0x8001,0x8002,0x8002,0x8023,0x8001,0x8003,0x8002,0x8000,
  0x8000,0x8000,0x8000,0x8000,0x8001,0x8064,0x8043,0x8022,0x0000,0x0000,0x8444,0x8CA8,0x8000,0xB108,0x8844,0x8001,
  0x8000,0x8000,0x8002,0x8025,0x0000,0x0000,0x0000,0x0000,0x0000,0x0000,0x0000,0x0000,0x0000,0x0000,0x0000,0x0000,
  0x8023,0x8000,0x0000,0x0000,0x0000,0x0000,0x0000,0x0000,0x0000,0x0000,0x0000,0x0000,0x0000,0x0000,0x0000,0x0000,
  0x0000,0x0000,0x0000,0x0000,0x0000,0x0000,0x0000,0x0000,0x0000,0x0000,0x0000,0x0000,0x0000,0x0000,0x0000,0x0000,
  0x0000,0x0000,0x0000,0x0000,0x0000,0x0000,0x0000,0x0000,0x0000,0x0000,0x0000,0x0000,0x0000,0x0000,0x0000,0x0000,
  0x0000,0x0000,0x0000,0x0000,0x0000,0x0000,0x0000,0x0000,0x0000,0x0000,0x0000,0x0000,0x0000,0x0000,0x0000,0x8CA7,
  0x0000,0x0000,0x0000,0x0000,0x0000,0x0000,0x0000,0x0000,0x0000,0x0000,0x0000,0x0000,0x0000,0xFB4F,0xC9CC,0x90CA,
  0x8023,0x8466,0x8024,0x8217,0x0000,0x0000,0x0000,0x0000,0x0000,0x0000,0x0000,0x0000,0x0000,0xE26C,0x8422,0xBD22,
  0xE207,0x8C66,0xD5C1,0x94A5,0x8046,0x8885,0x8001,0x8C65,0x8023,0x8444,0x8045,0x80A7,0x8066,0x8066,0x8024,0x8023,
  0x8002,0x8003,0x8443,0x8002,0x8C63,0x8023,0xA4E3,0x8844,0x8003,0x8044,0x8066,0x80A9,0x0000,0x0000,0x0000,0x0000,
  0x0000,0x0000,0x0000,0xA4C3,0xA908,0x8001,0x8444,0x8001,0x8023,0x812F,0x0000,0x0000,0x0000,0x0000,0x0000,0x0000,
  0x0000,0x0000,0x0000,0x0000,0x0000,0x0000,0x8445,0x0000,0x0000,0x0000,0x0000,0x0000,0x0000,0x0000,0x0000,0x0000,
  0x0000,0x0000,0x0000,0x0000,0x0000,0x0000,0x0000,0x0000,0x0000,0x0000,0x0000,0x0000,0x0000,0x0000,0x0000,0x0000,
  0x0000,0x0000,0x0000,0x0000,0x0000,0x0000,0x0000,0x0000,0x0000,0x0000,0x0000,0x0000,0x0000,0x0000,0x0000,0x0000,
  0x0000,0x0000,0x0000,0x0000,0x0000,0x0000,0x0000,0x0000,0x0000,0x0000,0x0000,0x0000,0x0000,0x0000,0x0000,0x0000,
  0x0000,0x0000,0x0000,0x0000,0x0000,0x94A7,0x0000,0x0000,0x0000,0x0000,0x0000,0x0000,0x0000,0x0000,0x0000,0x0000,
  0x0000,0x0000,0x0000,0x8841,0xF333,0xFF94,0x98C7,0x94CA,0x810F,0x8021,0x0000,0x0000,0x0000,0x0000,0x0000,0x0000,
  0x0000,0x0000,0x0000,0x9063,0x9064,0x8422,0x8841,0x94A6,0x8886,0x8866,0x8466,0x8043,0x8002,0x8C63,0xA0E7,0x8444,
  0x8C87,0x80ED,0x8CA8,0x88A8,0x8024,0x8088,0x8001,0x8023,0x8043,0x8023,0x8444,0x8046,0x8046,0x8045,0x8023,0x8045,
  0x8001,0x0000,0x0000,0x0000,0x0000,0x0000,0x0000,0x0000,0x0000,0x94A3,0xAD07,0xAD4B,0xA9CC,0x8089,0x8170,0x0000,
  0x0000,0x0000,0x0000,0x0000,0x0000,0x0000,0x0000,0x0000,0x0000,0x0000,0x0000,0x0000,0x8CA8,0x0000,0x0000,0x0000,
  0x0000,0x0000,0x0000,0x0000,0x0000,0x0000,0x0000,0x0000,0x0000,0x0000,0x0000,0x0000,0x0000,0x0000,0x0000,0x0000,
  0x0000,0x0000,0x0000,0x0000,0x0000,0x0000,0x0000,0x0000,0x0000,0x0000,0x0000,0x0000,0x0000,0x0000,0x0000,0x0000,
  0x0000,0x0000,0x0000,0x0000,0x0000,0x0000,0x0000,0x0000,0x0000,0x0000,0x0000,0x0000,0x0000,0x0000,0x0000,0x0000,
  0x0000,0x0000,0x0000,0x0000,0x0000,0x0000,0x0000,0x0000,0x0000,0x0000,0x0000,0x9485,0x0000,0x0000,0x0000,0x0000,
  0x0000,0x0000,0x0000,0x0000,0x0000,0x0000,0x0000,0x0000,0x0000,0x0000,0xB54A,0xA54B,0x90A9,0x8024,0x8153,0x0000,
  0x0000,0x0000,0x0000,0x0000,0x0000,0x0000,0x0000,0x0000,0x0000,0x0000,0x0000,0x0000,0xA8C4,0xA0E8,0x9840,0x8466,
  0x8001,0x8464,0x8002,0xA8E6,0xA4C4,0x8444,0x8466,0xCD00,0xB880,0x8466,0x8444,0x8044,0x8000,0x8001,0x8065,0x8001,
  0x8024,0x8001,0x8067,0x8442,0x8024,0x0000,0x0000,0x0000,0x0000,0x0000,0x0000,0x0000,0x0000,0x0000,0x0000,0x0000,
  0x9CA6,0x8C66,0x8887,0x8002,0x81F8,0x0000,0x0000,0x0000,0x0000,0x0000,0x0000,0x0000,0x0000,0x0000,0x0000,0x0000,
  0x0000,0x0000,0x8CA7,0x0000,0x0000,0x0000,0x0000,0x0000,0x0000,0x0000,0x0000,0x0000,0x0000,0x0000,0x0000,0x0000,
  0x0000,0x0000,0x0000,0x0000,0x0000,0x0000,0x0000,0x0000,0x0000,0x0000,0x0000,0x0000,0x0000,0x0000,0x0000,0x0000,
  0x0000,0x0000,0x0000,0x0000,0x0000,0x0000,0x0000,0x0000,0x0000,0x0000,0x0000,0x0000,0x0000,0x0000,0x0000,0x0000,
  0x0000,0x0000,0x0000,0x0000,0x0000,0x0000,0x0000,0x0000,0x0000,0x0000,0x0000,0x0000,0x0000,0x0000,0x0000,0x0000,
  0x0000,0x8C65,0x0000,0x0000,0x0000,0x0000,0x0000,0x0000,0x0000,0x0000,0x0000,0x0000,0x0000,0x0000,0x0000,0x0000,
  0xDDA9,0xF2E7,0x8C86,0x8000,0x80ED,0x0000,0x0000,0x0000,0x0000,0x0000,0x0000,0x0000,0x0000,0x0000,0x0000,0x0000,
  0x0000,0x0000,0x0000,0xB528,0xFF82,0x8444,0x8001,0x8023,0x8001,0xAD07,0xB148,0x8444,0x8887,0xF1C0,0xD160,0x8887,
  0x8C84,0x80A9,0x8000,0x8002,0x8023,0x8000,0x9084,0x8C85,0x8193,0x8021,0x8000,0x0000,0x0000,0x0000,0x0000,0x0000,
  0x0000,0x0000,0x0000,0x0000,0x0000,0x0000,0xB128,0xA508,0xA0C4,0x8042,0x8239,0x0000,0x0000,0x0000,0x0000,0x0000,
  0x0000,0x0000,0x0000,0x0000,0x0000,0x0000,0x0000,0x0000,0x8465,0x0000,0x0000,0x0000,0x0000,0x0000,0x0000,0x0000,
  0x0000,0x0000,0x0000,0x0000,0x0000,0x0000,0x0000,0x0000,0x0000,0x0000,0x0000,0x0000,0x0000,0x0000,0x0000,0x0000,
  0x0000,0x0000,0x0000,0x0000,0x0000,0x0000,0x0000,0x0000,0x0000,0x0000,0x0000,0x0000,0x0000,0x0000,0x0000,0x0000,
  0x0000,0x0000,0x0000,0x0000,0x0000,0x0000,0x0000,0x0000,0x0000,0x0000,0x0000,0x0000,0x0000,0x0000,0x0000,0x0000,
  0x0000,0x0000,0x0000,0x0000,0x0000,0x0000,0x0000,0x0000,0x0000,0x0000,0x0000,0x0000,0x0000,0x0000,0x0000,0x0000,
  0x0000,0x0000,0x0000,0x0000,0x0000,0x0000,0xFA06,0xEEC3,0x8865,0x8465,0x81D6,0x0000,0x0000,0x0000,0x0000,0x0000,
  0x0000,0x0000,0x0000,0x0000,0x0000,0x0000,0x0000,0x0000,0x0000,0xB549,0xEE00,0x8001,0x8000,0x9085,0x8045,0xD22D,
  0xB969,0x90A7,0x8887,0xD520,0xB4C0,0x8887,0x8865,0x8867,0x8022,0x8002,0x8066,0x8000,0x8022,0x94A6,0x8131,0x8842,
  0x8000,0x0000,0x0000,0x0000,0x0000,0x0000,0x0000,0x0000,0x0000,0x0000,0x0000,0x0000,0xC0C2,0xAD6B,0x8865,0x8002,
  0x829C,0x0000,0x0000,0x0000,0x0000,0x0000,0x0000,0x0000,0x0000,0x0000,0x0000,0x0000,0x0000,0x0000,0x0000,0x0000,
  0x0000,0x0000,0x0000,0x0000,0x0000,0x0000,0x0000,0x0000,0x0000,0x0000,0x0000,0x0000,0x0000,0x0000,0x0000,0x0000,
  0x0000,0x0000,0x0000,0x0000,0x0000,0x0000,0x0000,0x0000,0x0000,0x0000,0x0000,0x0000,0x0000,0x0000,0x0000,0x0000,
  0x0000,0x0000,0x0000,0x0000,0x0000,0x0000,0x0000,0x0000,0x0000,0x0000,0x0000,0x0000,0x0000,0x0000,0x0000,0x0000,
  0x0000,0x0000,0x0000,0x0000,0x0000,0x0000,0x0000,0x0000,0x0000,0x0000,0x0000,0x0000,0x0000,0x0000,0x0000,0x0000,
  0x0000,0x0000,0x0000,0x0000,0x0000,0x0000,0x0000,0x0000,0x0000,0x0000,0x0000,0x0000,0xACA4,0xB149,0x90A7,0x8043,
  0x81D8,0x0000,0x0000,0x0000,0x0000,0x0000,0x0000,0x0000,0x0000,0x0000,0x0000,0x0000,0x0000,0x0000,0x0000,0xCDC9,
  0xF30F,0x8044,0x8000,0x8C86,0x8022,0xDE6F,0xE66D,0x8864,0x8887,0xF220,0xDD80,0x8887,0x8C86,0x8088,0x8000,0x8002,
  0x8487,0x8000,0x8001,0x9064,0x81B5,0x8021,0x8001,0x0000,0x0000,0x0000,0x0000,0x0000,0x0000,0x0000,0x0000,0x0000,
  0x0000,0x0000,0x9462,0xAD4B,0x94A7,0x8044,0x827C,0x0000,0x0000,0x0000,0x0000,0x0000,0x0000,0x0000,0x0000,0x0000,
  0x0000,0x0000,0x0000,0x0000,0x0000,0x0000,0x0000,0x0000,0x0000,0x0000,0x0000,0x0000,0x0000,0x0000,0x0000,0x0000,
  0x0000,0x0000,0x0000,0x0000,0x0000,0x0000,0x0000,0x0000,0x0000,0x0000,0x0000,0x0000,0x0000,0x0000,0x0000,0x0000,
  0x0000,0x0000,0x0000,0x0000,0x0000,0x0000,0x0000,0x0000,0x0000,0x0000,0x0000,0x0000,0x0000,0x0000,0x0000,0x0000,
  0x0000,0x0000,0x0000,0x0000,0x0000,0x0000,0x0000,0x0000,0x0000,0x0000,0x0000,0x0000,0x0000,0x0000,0x0000,0x0000,
  0x0000,0x0000,0x0000,0x0000,0x0000,0x0000,0x0000,0x0000,0x0000,0x0000,0x0000,0x0000,0x0000,0x0000,0x0000,0x0000,
  0x0000,0x0000,0xAD05,0xA908,0x90A7,0x8022,0x8443,0x0000,0x0000,0x0000,0x0000,0x0000,0x0000,0x0000,0x0000,0x0000,
  0x0000,0x0000,0x0000,0x0000,0x0000,0xB505,0x90C9,0x8002,0x8000,0x98C6,0x8001,0xD22C,0xC1EE,0x90A6,0x8888,0xFA00,
  0xCD20,0x90A8,0x8886,0x80AA,0x8000,0x8023,0x8486,0x8000,0x8000,0x8465,0x8173,0x8021,0x8002,0x0000,0x0000,0x0000,
  0x0000,0x0000,0x0000,0x0000,0x0000,0x0000,0x0000,0x0000,0x98A3,0x94A7,0x8C86,0x8024,0x8001,0x0000,0x0000,0x0000,
  0x0000,0x0000,0x0000,0x0000,0x0000,0x0000,0x0000,0x0000,0x0000,0x0000,0x0000,0x0000,0x0000,0x0000,0x0000,0x0000,
  0x0000,0x0000,0x0000,0x0000,0x0000,0x0000,0x0000,0x0000,0x0000,0x0000,0x0000,0x0000,0x0000,0x0000,0x0000,0x0000,
  0x0000,0x0000,0x0000,0x0000,0x0000,0x0000,0x0000,0x0000,0x0000,0x0000,0x0000,0x0000,0x0000,0x0000,0x0000,0x0000,
  0x0000,0x0000,0x0000,0x0000,0x0000,0x0000,0x0000,0x0000,0x0000,0x0000,0x0000,0x0000,0x0000,0x0000,0x0000,0x0000,
  0x0000,0x0000,0x0000,0x0000,0x0000,0x0000,0x0000,0x0000,0x0000,0x0000,0x0000,0x0000,0x0000,0x0000,0x0000,0x0000,
  0x0000,0x0000,0x0000,0x0000,0x0000,0x0000,0x0000,0x0000,0x0000,0xE28C,0x8000,0x8000,0x0000,0x0000,0x0000,0x0000,
  0x0000,0x0000,0x0000,0x0000,0x0000,0x0000,0x0000,0x0000,0x0000,0x0000,0x0000,0xA8C4,0xCD42,0x8001,0x8000,0x9C83,
  0x8000,0xC5EA,0xF248,0x8863,0x8887,0x9460,0x8C20,0x8CA8,0x8CA9,0x8130,0x8000,0x8446,0x8044,0x8001,0x8000,0x8445,
  0x81D6,0x8000,0x80ED,0x0000,0x0000,0x0000,0x0000,0x0000,0x0000,0x0000,0x0000,0x0000,0x0000,0x0000,0x0000,0xD5C7,
  0x8044,0x8000,0x0000,0x0000,0x0000,0x0000,0x0000,0x0000,0x0000,0x0000,0x0000,0x0000,0x0000,0x0000,0x0000,0x0000,
  0x0000,0x0000,0x0000,0x0000,0x0000,0x0000,0x0000,0x0000,0x0000,0x0000,0x0000,0x0000,0x0000,0x0000,0x0000,0x0000,
  0x0000,0x0000,0x0000,0x0000,0x0000,0x0000,0x0000,0x0000,0x0000,0x0000,0x0000,0x0000,0x0000,0x0000,0x0000,0x0000,
  0x0000,0x0000,0x0000,0x0000,0x0000,0x0000,0x0000,0x0000,0x0000,0x0000,0x0000,0x0000,0x0000,0x0000,0x0000,0x0000,
  0x0000,0x0000,0x0000,0x0000,0x0000,0x0000,0x0000,0x0000,0x0000,0x0000,0x0000,0x0000,0x0000,0x0000,0x0000,0x0000,
  0x0000,0x0000,0x0000,0x0000,0x0000,0x0000,0x0000,0x0000,0x0000,0x0000,0x0000,0x0000,0x0000,0x0000,0x0000,0xFF6E,
  0x8422,0x8000,0x0000,0x0000,0x0000,0x0000,0x0000,0x0000,0x0000,0x0000,0x0000,0x0000,0x0000,0x0000,0x0000,0x0000,
  0x0000,0xA062,0x8C87,0x8022,0x8022,0xA529,0xA108,0xCE2A,0xE209,0x8864,0x8C86,0xF620,0xC4E0,0x8CA8,0x8466,0x8131,
  0x8000,0x0000,0x8465,0x8001,0x8001,0x94A6,0x8130,0x0000,0x8130,0x0000,0x0000,0x0000,0x0000,0x0000,0x0000,0x0000,
  0x0000,0x0000,0x0000,0x0000,0x0000,0xFB2D,0x9465,0x8000,0x0000,0x0000,0x0000,0x0000,0x0000,0x0000,0x0000,0x0000,
  0x0000,0x0000,0x0000,0x0000,0x0000,0x0000,0x0000,0x0000,0x0000,0x0000,0x0000,0x0000,0x0000,0x0000,0x0000,0x0000,
  0x0000,0x0000,0x0000,0x0000,0x0000,0x0000,0x0000,0x0000,0x0000,0x0000,0x0000,0x0000,0x0000,0x0000,0x0000,0x0000,
  0x0000,0x0000,0x0000,0x0000,0x0000,0x0000,0x0000,0x0000,0x0000,0x0000,0x0000,0x0000,0x0000,0x0000,0x0000,0x0000,
  0x0000,0x0000,0x0000,0x0000,0x0000,0x0000,0x0000,0x0000,0x0000,0x0000,0x0000,0x0000,0x0000,0x0000,0x0000,0x0000,
  0x0000,0x0000,0x0000,0x0000,0x0000,0x0000,0x0000,0x0000,0x0000,0x0000,0x0000,0x0000,0x0000,0x0000,0x0000,0x0000,
  0x0000,0x0000,0x0000,0x0000,0x0000,0x8000,0x8000,0x0000,0x0000,0x0000,0x0000,0x0000,0x0000,0x0000,0x0000,0x0000,
  0x0000,0x0000,0x0000,0x0000,0x0000,0x0000,0x0000,0xEB11,0xB129,0x88EA,0x0000,0xA8C5,0x0000,0x0000,0xE9E5,0x8C65,
  0x94A7,0xE540,0xBCE0,0x8886,0x8C87,0x81D8,0x0000,0x0000,0x8000,0x8000,0x8000,0x8045,0x8195,0x0000,0x810F,0x0000,
  0x0000,0x0000,0x0000,0x0000,0x0000,0x0000,0x0000,0x0000,0x0000,0x0000,0x0000,0x8000,0x8000,0x0000,0x0000,0x0000,
  0x0000,0x0000,0x0000,0x0000,0x0000,0x0000,0x0000,0x0000,0x0000,0x0000,0x0000,0x0000,0x0000,0x0000,0x0000,0x0000,
  0x0000,0x0000,0x0000,0x0000,0x0000,0x0000,0x0000,0x0000,0x0000,0x0000,0x0000,0x0000,0x0000,0x0000,0x0000,0x0000,
  0x0000,0x0000,0x0000,0x0000,0x0000,0x0000,0x0000,0x0000,0x0000,0x0000,0x0000,0x0000,0x0000,0x0000,0x0000,0x0000,
  0x0000,0x0000,0x0000,0x0000,0x0000,0x0000,0x0000,0x0000,0x0000,0x0000,0x0000,0x0000,0x0000,0x0000,0x0000,0x0000,
  0x0000,0x0000,0x0000,0x0000,0x0000,0x0000,0x0000,0x0000,0x0000,0x0000,0x0000,0x0000,0x0000,0x0000,0x0000,0x0000,
  0x0000,0x0000,0x0000,0x0000,0x0000,0x0000,0x0000,0x0000,0x0000,0x0000,0x0000,0x0000,0x0000,0x0000,0x0000,0x0000,
  0x0000,0x0000,0x0000,0x0000,0x0000,0x0000,0x0000,0x0000,0x0000,0x0000,0x0000,0x0000,0x0000,0x8420,0x94A7,0x8000,
  0x0000,0xA507,0x0000,0x0000,0xB504,0xD251,0x98C8,0xA109,0x98C8,0x950C,0x890D,0x8193,0x0000,0x0000,0x8443,0x8000,
  0x8001,0x98C6,0x80AC,0x0000,0x84CB,0x0000,0x0000,0x0000,0x0000,0x0000,0x0000,0x0000,0x0000,0x0000,0x0000,0x0000,
  0x0000,0x0000,0x0000,0x0000,0x0000,0x0000,0x0000,0x0000,0x0000,0x0000,0x0000,0x0000,0x0000,0x0000,0x0000,0x0000,
  0x0000,0x0000,0x0000,0x0000,0x0000,0x0000,0x0000,0x0000,0x0000,0x0000,0x0000,0x0000,0x0000,0x0000,0x0000,0x0000,
  0x0000,0x0000,0x0000,0x0000,0x0000,0x0000,0x0000,0x0000,0x0000,0x0000,0x0000,0x0000,0x0000,0x0000,0x0000,0x0000,
  0x0000,0x0000,0x0000,0x0000,0x0000,0x0000,0x0000,0x0000,0x0000,0x0000,0x0000,0x0000,0x0000,0x0000,0x0000,0x0000,
  0x0000,0x0000,0x0000,0x0000,0x0000,0x0000,0x0000,0x0000,0x0000,0x0000,0x0000,0x0000,0x0000,0x0000,0x0000,0x0000,
  0x0000,0x0000,0x0000,0x0000,0x0000,0x0000,0x0000,0x0000,0x0000,0x0000,0x0000,0x0000,0x0000,0x0000,0x0000,0x0000,
  0x0000,0x0000,0x0000,0x0000,0x0000,0x0000,0x0000,0x0000,0x0000,0x0000,0x0000,0x0000,0x0000,0x0000,0x0000,0x0000,
  0x0000,0x0000,0x0000,0x0000,0x9841,0x0000,0x0000,0xBD68,0x0000,0x0000,0xFB2E,0xB58B,0x8C85,0x8C86,0x8865,0x8066,
  0x8044,0x8238,0x0000,0x0000,0x8023,0x98C4,0x8001,0x8886,0x81D6,0x0000,0x8022,0x0000,0x0000,0x0000,0x0000,0x0000,
  0x0000,0x0000,0x0000,0x0000,0x0000,0x0000,0x0000,0x0000,0x0000,0x0000,0x0000,0x0000,0x0000,0x0000,0x0000,0x0000,
  0x0000,0x0000,0x0000,0x0000,0x0000,0x0000,0x0000,0x0000,0x0000,0x0000,0x0000,0x0000,0x0000,0x0000,0x0000,0x0000,
  0x0000,0x0000,0x0000,0x0000,0x0000,0x0000,0x0000,0x0000,0x0000,0x0000,0x0000,0x0000,0x0000,0x0000,0x0000,0x0000,
  0x0000,0x0000,0x0000,0x0000,0x0000,0x0000,0x0000,0x0000,0x0000,0x0000,0x0000,0x0000,0x0000,0x0000,0x0000,0x0000,
  0x0000,0x0000,0x0000,0x0000,0x0000,0x0000,0x0000,0x0000,0x0000,0x0000,0x0000,0x0000,0x0000,0x0000,0x0000,0x0000,
  0x0000,0x0000,0x0000,0x0000,0x0000,0x0000,0x0000,0x0000,0x0000,0x0000,0x0000,0x0000,0x0000,0x0000,0x0000,0x0000,
  0x0000,0x0000,0x0000,0x0000,0x0000,0x0000,0x0000,0x0000,0x0000,0x0000,0x0000,0x0000,0x0000,0x0000,0x0000,0x0000,
  0x0000,0x0000,0x0000,0x0000,0x0000,0x0000,0x0000,0x0000,0x0000,0x0000,0xEECE,0x0000,0x0000,0xC1AB,0x0000,0x0000,
  0xFF92,0xAD49,0x8844,0xB148,0x98E9,0x8CEB,0x8488,0x825A,0x0000,0x0000,0x8022,0x0000,0x8000,0x8001,0x810F,0x0000,
  0x0000,0x0000,0x0000,0x0000,0x0000,0x0000,0x0000,0x0000,0x0000,0x0000,0x0000,0x0000,0x0000,0x0000,0x0000,0x0000,
  0x0000,0x0000,0x0000,0x0000,0x0000,0x0000,0x0000,0x0000,0x0000,0x0000,0x0000,0x0000,0x0000,0x0000,0x0000,0x0000,
  0x0000,0x0000,0x0000,0x0000,0x0000,0x0000,0x0000,0x0000,0x0000,0x0000,0x0000,0x0000,0x0000,0x0000,0x0000,0x0000,
  0x0000,0x0000,0x0000,0x0000,0x0000,0x0000,0x0000,0x0000,0x0000,0x0000,0x0000,0x0000,0x0000,0x0000,0x0000,0x0000,
  0x0000,0x0000,0x0000,0x0000,0x0000,0x0000,0x0000,0x0000,0x0000,0x0000,0x0000,0x0000,0x0000,0x0000,0x0000,0x0000,
  0x0000,0x0000,0x0000,0x0000,0x0000,0x0000,0x0000,0x0000,0x0000,0x0000,0x0000,0x0000,0x0000,0x0000,0x0000,0x0000,
  0x0000,0x0000,0x0000,0x0000,0x0000,0x0000,0x0000,0x0000,0x0000,0x0000,0x0000,0x0000,0x0000,0x0000,0x0000,0x0000,
  0x0000,0x0000,0x0000,0x0000,0x0000,0x0000,0x0000,0x0000,0x0000,0x0000,0x0000,0x0000,0x0000,0x0000,0x0000,0x0000,
  0xDA6D,0x0000,0x0000,0x8000,0x0000,0x0000,0xFF70,0xBD8A,0x8842,0x9CC6,0x94A6,0x8CCA,0x8045,0x8259,0x0000,0x0000,
  0x0000,0x0000,0x8000,0x8001,0x8000,0x0000,0x0000,0x0000,0x0000,0x0000,0x0000,0x0000,0x0000,0x0000,0x0000,0x0000,
  0x0000,0x0000,0x0000,0x0000,0x0000,0x0000,0x0000,0x0000,0x0000,0x0000,0x0000,0x0000,0x0000,0x0000,0x0000,0x0000,
  0x0000,0x0000,0x0000,0x0000,0x0000,0x0000,0x0000,0x0000,0x0000,0x0000,0x0000,0x0000,0x0000,0x0000,0x0000,0x0000,
  0x0000,0x0000,0x0000,0x0000,0x0000,0x0000,0x0000,0x0000,0x0000,0x0000,0x0000,0x0000,0x0000,0x0000,0x0000,0x0000,
  0x0000,0x0000,0x0000,0x0000,0x0000,0x0000,0x0000,0x0000,0x0000,0x0000,0x0000,0x0000,0x0000,0x0000,0x0000,0x0000,
  0x0000,0x0000,0x0000,0x0000,0x0000,0x0000,0x0000,0x0000,0x0000,0x0000,0x0000,0x0000,0x0000,0x0000,0x0000,0x0000,
  0x0000,0x0000,0x0000,0x0000,0x0000,0x0000,0x0000,0x0000,0x0000,0x0000,0x0000,0x0000,0x0000,0x0000,0x0000,0x0000,
  0x0000,0x0000,0x0000,0x0000,0x0000,0x0000,0x0000,0x0000,0x0000,0x0000,0x0000,0x0000,0x0000,0x0000,0x0000,0x0000,
  0x0000,0x0000,0x0000,0x0000,0x0000,0x0000,0x0000,0x0000,0x0000,0x0000,0x0000,0x0000,0xFF92,0xA108,0x8000,0x9CC6,
  0x8C86,0x8CCA,0x84A8,0x825A,0x0000,0x0000,0x0000,0x0000,0x8000,0x8022,0x80CA,0x0000,0x0000,0x0000,0x0000,0x0000,
  0x0000,0x0000,0x0000,0x0000,0x0000,0x0000,0x0000,0x0000,0x0000,0x0000,0x0000,0x0000,0x0000,0x0000,0x0000,0x0000,
  0x0000,0x0000,0x0000,0x0000,0x0000,0x0000,0x0000,0x0000,0x0000,0x0000,0x0000,0x0000,0x0000,0x0000,0x0000,0x0000,
  0x0000,0x0000,0x0000,0x0000,0x0000,0x0000,0x0000,0x0000,0x0000,0x0000,0x0000,0x0000,0x0000,0x0000,0x0000,0x0000,
  0x0000,0x0000,0x0000,0x0000,0x0000,0x0000,0x0000,0x0000,0x0000,0x0000,0x0000,0x0000,0x0000,0x0000,0x0000,0x0000,
  0x0000,0x0000,0x0000,0x0000,0x0000,0x0000,0x0000,0x0000,0x0000,0x0000,0x0000,0x0000,0x0000,0x0000,0x0000,0x0000,
  0x0000,0x0000,0x0000,0x0000,0x0000,0x0000,0x0000,0x0000,0x0000,0x0000,0x0000,0x0000,0x0000,0x0000,0x0000,0x0000,
  0x0000,0x0000,0x0000,0x0000,0x0000,0x0000,0x0000,0x0000,0x0000,0x0000,0x0000,0x0000,0x0000,0x0000,0x0000,0x0000,
  0x0000,0x0000,0x0000,0x0000,0x0000,0x0000,0x0000,0x0000,0x0000,0x0000,0x0000,0x0000,0x0000,0x0000,0x0000,0x0000,
  0x0000,0x0000,0xFB93,0xB58B,0x8842,0xA0E8,0x90A7,0x88A9,0x8488,0x827A,0x0000,0x0000,0x0000,0x0000,0x0000,0x8023,
  0x0000,0x0000,0x0000,0x0000,0x0000,0x0000,0x0000,0x0000,0x0000,0x0000,0x0000,0x0000,0x0000,0x0000,0x0000,0x0000,
  0x0000,0x0000,0x0000,0x0000,0x0000,0x0000,0x0000,0x0000,0x0000,0x0000,0x0000,0x0000,0x0000,0x0000,0x0000,0x0000,
  0x0000,0x0000,0x0000,0x0000,0x0000,0x0000,0x0000,0x0000,0x0000,0x0000,0x0000,0x0000,0x0000,0x0000,0x0000,0x0000,
  0x0000,0x0000,0x0000,0x0000,0x0000,0x0000,0x0000,0x0000,0x0000,0x0000,0x0000,0x0000,0x0000,0x0000,0x0000,0x0000,
  0x0000,0x0000,0x0000,0x0000,0x0000,0x0000,0x0000,0x0000,0x0000,0x0000,0x0000,0x0000,0x0000,0x0000,0x0000,0x0000,
  0x0000,0x0000,0x0000,0x0000,0x0000,0x0000,0x0000,0x0000,0x0000,0x0000,0x0000,0x0000,0x0000,0x0000,0x0000,0x0000,
  0x0000,0x0000,0x0000,0x0000,0x0000,0x0000,0x0000,0x0000,0x0000,0x0000,0x0000,0x0000,0x0000,0x0000,0x0000,0x0000,
  0x0000,0x0000,0x0000,0x0000,0x0000,0x0000,0x0000,0x0000,0x0000,0x0000,0x0000,0x0000,0x0000,0x0000,0x0000,0x0000,
  0x0000,0x0000,0x0000,0x0000,0x0000,0x0000,0x0000,0x0000,0xFB73,0xAD49,0x8422,0x9CC6,0x8865,0x8CC9,0x8467,0x829B,
  0x0000,0x0000,0x0000,0x0000,0x0000,0x80EC,0x0000,0x0000,0x0000,0x0000,0x0000,0x0000,0x0000,0x0000,0x0000,0x0000,
  0x0000,0x0000,0x0000,0x0000,0x0000,0x0000,0x0000,0x0000,0x0000,0x0000,0x0000,0x0000,0x0000,0x0000,0x0000,0x0000,
  0x0000,0x0000,0x0000,0x0000,0x0000,0x0000,0x0000,0x0000,0x0000,0x0000,0x0000,0x0000,0x0000,0x0000,0x0000,0x0000,
  0x0000,0x0000,0x0000,0x0000,0x0000,0x0000,0x0000,0x0000,0x0000,0x0000,0x0000,0x0000,0x0000,0x0000,0x0000,0x0000,
  0x0000,0x0000,0x0000,0x0000,0x0000,0x0000,0x0000,0x0000,0x0000,0x0000,0x0000,0x0000,0x0000,0x0000,0x0000,0x0000,
  0x0000,0x0000,0x0000,0x0000,0x0000,0x0000,0x0000,0x0000,0x0000,0x0000,0x0000,0x0000,0x0000,0x0000,0x0000,0x0000,
  0x0000,0x0000,0x0000,0x0000,0x0000,0x0000,0x0000,0x0000,0x0000,0x0000,0x0000,0x0000,0x0000,0x0000,0x0000,0x0000,
  0x0000,0x0000,0x0000,0x0000,0x0000,0x0000,0x0000,0x0000,0x0000,0x0000,0x0000,0x0000,0x0000,0x0000,0x0000,0x0000,
  0x0000,0x0000,0x0000,0x0000,0x0000,0x0000,0x0000,0x0000,0x0000,0x0000,0x0000,0x0000,0x0000,0x0000,0xE6F2,0xA508,
  0x9085,0x9CC7,0x9086,0x90CA,0x8467,0x81B4,0x0000,0x0000,0x0000,0x0000,0x0000,0x85B1,0x0000,0x0000,0x0000,0x0000,
  0x0000,0x0000,0x0000,0x0000,0x0000,0x0000,0x0000,0x0000,0x0000,0x0000,0x0000,0x0000,0x0000,0x0000,0x0000,0x0000,
  0x0000,0x0000,0x0000,0x0000,0x0000,0x0000,0x0000,0x0000,0x0000,0x0000,0x0000,0x0000,0x0000,0x0000,0x0000,0x0000,
  0x0000,0x0000,0x0000,0x0000,0x0000,0x0000,0x0000,0x0000,0x0000,0x0000,0x0000,0x0000,0x0000,0x0000,0x0000,0x0000,
  0x0000,0x0000,0x0000,0x0000,0x0000,0x0000,0x0000,0x0000,0x0000,0x0000,0x0000,0x0000,0x0000,0x0000,0x0000,0x0000,
  0x0000,0x0000,0x0000,0x0000,0x0000,0x0000,0x0000,0x0000,0x0000,0x0000,0x0000,0x0000,0x0000,0x0000,0x0000,0x0000,
  0x0000,0x0000,0x0000,0x0000,0x0000,0x0000,0x0000,0x0000,0x0000,0x0000,0x0000,0x0000,0x0000,0x0000,0x0000,0x0000,
  0x0000,0x0000,0x0000,0x0000,0x0000,0x0000,0x0000,0x0000,0x0000,0x0000,0x0000,0x0000,0x0000,0x0000,0x0000,0x0000,
  0x0000,0x0000,0x0000,0x0000,0x0000,0x0000,0x0000,0x0000,0x0000,0x0000,0x0000,0x0000,0x0000,0x0000,0x0000,0x0000,
  0x0000,0x0000,0x0000,0x0000,0x0000,0x8420,0x98C6,0x98C7,0x8C87,0x88A8,0x8000,0x0000,0x0000,0x0000,0x0000,0x0000,
  0x0000,0x8D4F,0x0000,0x0000,0x0000,0x0000,0x0000,0x0000,0x0000,0x0000,0x0000,0x0000,0x0000,0x0000,0x0000,0x0000,
  0x0000,0x0000,0x0000,0x0000,0x0000,0x0000,0x0000,0x0000,0x0000,0x0000,0x0000,0x0000,0x0000,0x0000,0x0000,0x0000,
  0x0000,0x0000,0x0000,0x0000,0x0000,0x0000,0x0000,0x0000,0x0000,0x0000,0x0000,0x0000,0x0000,0x0000,0x0000,0x0000,
  0x0000,0x0000,0x0000,0x0000,0x0000,0x0000,0x0000,0x0000,0x0000,0x0000,0x0000,0x0000,0x0000,0x0000,0x0000,0x0000,
  0x0000,0x0000,0x0000,0x0000,0x0000,0x0000,0x0000,0x0000,0x0000,0x0000,0x0000,0x0000,0x0000,0x0000,0x0000,0x0000,
  0x0000,0x0000,0x0000,0x0000,0x0000,0x0000,0x0000,0x0000,0x0000,0x0000,0x0000,0x0000,0x0000,0x0000,0x0000,0x0000,
  0x0000,0x0000,0x0000,0x0000,0x0000,0x0000,0x0000,0x0000,0x0000,0x0000,0x0000,0x0000,0x0000,0x0000,0x0000,0x0000,
  0x0000,0x0000,0x0000,0x0000,0x0000,0x0000,0x0000,0x0000,0x0000,0x0000,0x0000,0x0000,0x0000,0x0000,0x0000,0x0000,
  0x0000,0x0000,0x0000,0x0000,0x0000,0x0000,0x0000,0x0000,0x0000,0x0000,0x0000,0x98A2,0xA4E7,0x9086,0x8467,0x8067,
  0x8131,0x0000,0x0000,0x0000,0x0000,0x0000,0x0000,0x0000,0x0000,0x0000,0x0000,0x0000,0x0000,0x0000,0x0000,0x0000,
  0x0000,0x0000,0x0000,0x0000,0x0000,0x0000,0x0000,0x0000,0x0000,0x0000,0x0000,0x0000,0x0000,0x0000,0x0000,0x0000,
  0x0000,0x0000,0x0000,0x0000,0x0000,0x0000,0x0000,0x0000,0x0000,0x0000,0x0000,0x0000,0x0000,0x0000,0x0000,0x0000,
  0x0000,0x0000,0x0000,0x0000,0x0000,0x0000,0x0000,0x0000,0x0000,0x0000,0x0000,0x0000,0x0000,0x0000,0x0000,0x0000,
  0x0000,0x0000,0x0000,0x0000,0x0000,0x0000,0x0000,0x0000,0x0000,0x0000,0x0000,0x0000,0x0000,0x0000,0x0000,0x0000,
  0x0000,0x0000,0x0000,0x0000,0x0000,0x0000,0x0000,0x0000,0x0000,0x0000,0x0000,0x0000,0x0000,0x0000,0x0000,0x0000,
  0x0000,0x0000,0x0000,0x0000,0x0000,0x0000,0x0000,0x0000,0x0000,0x0000,0x0000,0x0000,0x0000,0x0000,0x0000,0x0000,
  0x0000,0x0000,0x0000,0x0000,0x0000,0x0000,0x0000,0x0000,0x0000,0x0000,0x0000,0x0000,0x0000,0x0000,0x0000,0x0000,
  0x0000,0x0000,0x0000,0x0000,0x0000,0x0000,0x0000,0x0000,0x0000,0x0000,0x0000,0x0000,0x0000,0x0000,0x0000,0x0000,
  0x0000,0xBD86,0xACE7,0xB567,0x8487,0x80C8,0x8237,0x0000,0x0000,0x0000,0x0000,0x0000,0x0000,0x0000,0x0000,0x0000,
  0x0000,0x0000,0x0000,0x0000,0x0000,0x0000,0x0000,0x0000,0x0000,0x0000,0x0000,0x0000,0x0000,0x0000,0x0000,0x0000,
  0x0000,0x0000,0x0000,0x0000,0x0000,0x0000,0x0000,0x0000,0x0000,0x0000,0x0000,0x0000,0x0000,0x0000,0x0000,0x0000,
  0x0000,0x0000,0x0000,0x0000,0x0000,0x0000,0x0000,0x0000,0x0000,0x0000,0x0000,0x0000,0x0000,0x0000,0x0000,0x0000,
  0x0000,0x0000,0x0000,0x0000,0x0000,0x0000,0x0000,0x0000,0x0000,0x0000,0x0000,0x0000,0x0000,0x0000,0x0000,0x0000,
  0x0000,0x0000,0x0000,0x0000,0x0000,0x0000,0x0000,0x0000,0x0000,0x0000,0x0000,0x0000,0x0000,0x0000,0x0000,0x0000,
  0x0000,0x0000,0x0000,0x0000,0x0000,0x0000,0x0000,0x0000,0x0000,0x0000,0x0000,0x0000,0x0000,0x0000,0x0000,0x0000,
  0x0000,0x0000,0x0000,0x0000,0x0000,0x0000,0x0000,0x0000,0x0000,0x0000,0x0000,0x0000,0x0000,0x0000,0x0000,0x0000,
  0x0000,0x0000,0x0000,0x0000,0x0000,0x0000,0x0000,0x0000,0x0000,0x0000,0x0000,0x0000,0x0000,0x0000,0x0000,0x0000,
  0x0000,0x0000,0x0000,0x0000,0x0000,0x0000,0x0000,0xB567,0xEE6B,0xA50A,0x8887,0x8487,0x8193,0x0000,0x0000,0x0000,
  0x0000,0x0000,0x0000,0x0000,0x0000,0x0000,0x0000,0x0000,0x0000,0x0000,0x0000,0x0000,0x0000,0x0000,0x0000,0x0000,
  0x0000,0x0000,0x0000,0x0000,0x0000,0x0000,0x0000,0x0000,0x0000,0x0000,0x0000,0x0000,0x0000,0x0000,0x0000,0x0000,
  0x0000,0x0000,0x0000,0x0000,0x0000,0x0000,0x0000,0x0000,0x0000,0x0000,0x0000,0x0000,0x0000,0x0000,0x0000,0x0000,
  0x0000,0x0000,0x0000,0x0000,0x0000,0x0000,0x0000,0x0000,0x0000,0x0000,0x0000,0x0000,0x0000,0x0000,0x0000,0x0000,
  0x0000,0x0000,0x0000,0x0000,0x0000,0x0000,0x0000,0x0000,0x0000,0x0000,0x0000,0x0000,0x0000,0x0000,0x0000,0x0000,
  0x0000,0x0000,0x0000,0x0000,0x0000,0x0000,0x0000,0x0000,0x0000,0x0000,0x0000,0x0000,0x0000,0x0000,0x0000,0x0000,
  0x0000,0x0000,0x0000,0x0000,0x0000,0x0000,0x0000,0x0000,0x0000,0x0000,0x0000,0x0000,0x0000,0x0000,0x0000,0x0000,
  0x0000,0x0000,0x0000,0x0000,0x0000,0x0000,0x0000,0x0000,0x0000,0x0000,0x0000,0x0000,0x0000,0x0000,0x0000,0x0000,
  0x0000,0x0000,0x0000,0x0000,0x0000,0x0000,0x0000,0x0000,0x0000,0x0000,0x0000,0x0000,0x0000,0x0000,0x8020,0x8000,
  0x8000,0x8000,0x0000,0x0000,0x0000,0x0000,0x0000,0x0000,0x0000,0x0000,0x0000,0x0000,0x0000,0x0000,0x0000,0x0000,
  0x0000,0x0000,0x0000,0x0000,0x0000,0x0000,0x0000,0x0000,0x0000,0x0000,0x0000,0x0000,0x0000,0x0000,0x0000,0x0000,
  0x0000,0x0000,0x0000,0x0000,0x0000,0x0000,0x0000,0x0000,0x0000,0x0000,0x0000,0x0000,0x0000,0x0000,0x0000,0x0000,
  0x0000,0x0000,0x0000,0x0000,0x0000,0x0000,0x0000,0x0000,0x0000,0x0000,0x0000,0x0000,0x0000,0x0000,0x0000,0x0000,
  0x0000,0x0000,0x0000,0x0000,0x0000,0x0000,0x0000,0x0000,0x0000,0x0000,0x0000,0x0000,0x0000,0x0000,0x0000,0x0000,
  0x0000,0x0000,0x0000,0x0000,0x0000,0x0000,0x0000,0x0000,0x0000,0x0000,0x0000,0x0000,0x0000,0x0000,0x0000,0x0000,
  0x0000,0x0000,0x0000,0x0000,0x0000,0x0000,0x0000,0x0000,0x0000,0x0000,0x0000,0x0000,0x0000,0x0000,0x0000,0x0000,
  0x0000,0x0000,0x0000,0x0000,0x0000,0x0000,0x0000,0x0000,0x0000,0x0000,0x0000,0x0000,0x0000,0x0000,0x0000,0x0000,
  0x0000,0x0000,0x0000,0x0000,0x0000,0x0000,0x0000,0x0000,0x0000,0x0000,0x0000,0x0000,0x0000,0x0000,0x0000,0x0000,
  0x0000,0x0000,0x0000,0x0000,0x8000,0xB129,0x8023,0x8000,0x0000,0x0000,0x0000,0x0000,0x0000,0x0000,0x0000,0x0000,
  0x0000,0x0000,0x0000,0x0000,0x0000,0x0000,0x0000,0x0000,0x0000,0x0000,0x0000,0x0000,0x0000,0x0000,0x0000,0x0000,
  0x0000,0x0000,0x0000,0x0000,0x0000,0x0000,0x0000,0x0000,0x0000,0x0000,0x0000,0x0000,0x0000,0x0000,0x0000,0x0000,
  0x0000,0x0000,0x0000,0x0000,0x0000,0x0000,0x0000,0x0000,0x0000,0x0000,0x0000,0x0000,0x0000,0x0000,0x0000,0x0000,
  0x0000,0x0000,0x0000,0x0000,0x0000,0x0000,0x0000,0x0000,0x0000,0x0000,0x0000,0x0000,0x0000,0x0000,0x0000,0x0000,
  0x0000,0x0000,0x0000,0x0000,0x0000,0x0000,0x0000,0x0000,0x0000,0x0000,0x0000,0x0000,0x0000,0x0000,0x0000,0x0000,
  0x0000,0x0000,0x0000,0x0000,0x0000,0x0000,0x0000,0x0000,0x0000,0x0000,0x0000,0x0000,0x0000,0x0000,0x0000,0x0000,
  0x0000,0x0000,0x0000,0x0000,0x0000,0x0000,0x0000,0x0000,0x0000,0x0000,0x0000,0x0000,0x0000,0x0000,0x0000,0x0000,
  0x0000,0x0000,0x0000,0x0000,0x0000,0x0000,0x0000,0x0000,0x0000,0x0000,0x0000,0x0000,0x0000,0x0000,0x0000,0x0000,
  0x0000,0x0000,0x0000,0x0000,0x0000,0x0000,0x0000,0x0000,0x0000,0x0000,0x8000,0xDA2D,0x84CB,0x8001,0x0000,0x0000,
  0x0000,0x0000,0x0000,0x0000,0x0000,0x0000,0x0000,0x0000,0x0000,0x0000,0x0000,0x0000,0x0000,0x0000,0x0000,0x0000,
  0x0000,0x0000,0x0000,0x0000,0x0000,0x0000,0x0000,0x0000,0x0000,0x0000,0x0000,0x0000,0x0000,0x0000,0x0000,0x0000,
  0x0000,0x0000,0x0000,0x0000,0x0000,0x0000,0x0000,0x0000,0x0000,0x0000,0x0000,0x0000,0x0000,0x0000,0x0000,0x0000,
  0x0000,0x0000,0x0000,0x0000,0x0000,0x0000,0x0000,0x0000,0x0000,0x0000,0x0000,0x0000,0x0000,0x0000,0x0000,0x0000,
  0x0000,0x0000,0x0000,0x0000,0x0000,0x0000,0x0000,0x0000,0x0000,0x0000,0x0000,0x0000,0x0000,0x0000,0x0000,0x0000,
  0x0000,0x0000,0x0000,0x0000,0x0000,0x0000,0x0000,0x0000,0x0000,0x0000,0x0000,0x0000,0x0000,0x0000,0x0000,0x0000,
  0x0000,0x0000,0x0000,0x0000,0x0000,0x0000,0x0000,0x0000,0x0000,0x0000,0x0000,0x0000,0x0000,0x0000,0x0000,0x0000,
  0x0000,0x0000,0x0000,0x0000,0x0000,0x0000,0x0000,0x0000,0x0000,0x0000,0x0000,0x0000,0x0000,0x0000,0x0000,0x0000,
  0x0000,0x0000,0x0000,0x0000,0x0000,0x0000,0x0000,0x0000,0x0000,0x0000,0x0000,0x0000,0x0000,0x0000,0x0000,0x0000,
  0x0000,0xE625,0x8001,0x0000,0x0000,0x0000,0x0000,0x0000,0x0000,0x0000,0x0000,0x0000,0x0000,0x0000,0x0000,0x0000,
  0x0000,0x0000,0x0000,0x0000,0x0000,0x0000,0x0000,0x0000,0x0000,0x0000,0x0000,0x0000,0x0000,0x0000,0x0000,0x0000,
  0x0000,0x0000,0x0000,0x0000,0x0000,0x0000,0x0000,0x0000,0x0000,0x0000,0x0000,0x0000,0x0000,0x0000,0x0000,0x0000,
  0x0000,0x0000,0x0000,0x0000,0x0000,0x0000,0x0000,0x0000,0x0000,0x0000,0x0000,0x0000,0x0000,0x0000,0x0000,0x0000,
  0x0000,0x0000,0x0000,0x0000,0x0000,0x0000,0x0000,0x0000,0x0000,0x0000,0x0000,0x0000,0x0000,0x0000,0x0000,0x0000,
  0x0000,0x0000,0x0000,0x0000,0x0000,0x0000,0x0000,0x0000,0x0000,0x0000,0x0000,0x0000,0x0000,0x0000,0x0000,0x0000,
  0x0000,0x0000,0x0000,0x0000,0x0000,0x0000,0x0000,0x0000,0x0000,0x0000,0x0000,0x0000,0x0000,0x0000,0x0000,0x0000,
  0x0000,0x0000,0x0000,0x0000,0x0000,0x0000,0x0000,0x0000,0x0000,0x0000,0x0000,0x0000,0x0000,0x0000,0x0000,0x0000,
  0x0000,0x0000,0x0000,0x0000,0x0000,0x0000,0x0000,0x0000,0x0000,0x0000,0x0000,0x0000,0x0000,0x0000,0x0000,0x0000,
  0x0000,0x0000,0x0000,0x0000,0x0000,0x0000,0x0000,0xF30E,0x8046,0x0000,0x0000,0x0000,0x0000,0x0000,0x0000,0x0000,
  0x0000,0x0000,0x0000,0x0000,0x0000,0x0000,0x0000,0x0000,0x0000,0x0000,0x0000,0x0000,0x0000,0x0000,0x0000,0x0000,
  0x0000,0x0000,0x0000,0x0000,0x0000,0x0000,0x0000,0x0000,0x0000,0x0000,0x0000,0x0000,0x0000,0x0000,0x0000,0x0000,
  0x0000,0x0000,0x0000,0x0000,0x0000,0x0000,0x0000,0x0000,0x0000,0x0000,0x0000,0x0000,0x0000,0x0000,0x0000,0x0000,
  0x0000,0x0000,0x0000,0x0000,0x0000,0x0000,0x0000,0x0000,0x0000,0x0000,0x0000,0x0000,0x0000,0x0000,0x0000,0x0000,
  0x0000,0x0000,0x0000,0x0000,0x0000,0x0000,0x0000,0x0000,0x0000,0x0000,0x0000,0x0000,0x0000,0x0000,0x0000,0x0000,
  0x0000,0x0000,0x0000,0x0000,0x0000,0x0000,0x0000,0x0000,0x0000,0x0000,0x0000,0x0000,0x0000,0x0000,0x0000,0x0000,
  0x0000,0x0000,0x0000,0x0000,0x0000,0x0000,0x0000,0x0000,0x0000,0x0000,0x0000,0x0000,0x0000,0x0000,0x0000,0x0000,
  0x0000,0x0000,0x0000,0x0000,0x0000,0x0000,0x0000,0x0000,0x0000,0x0000,0x0000,0x0000,0x0000,0x0000,0x0000,0x0000,
  0x0000,0x0000,0x0000,0x0000,0x0000,0x0000,0x0000,0x0000,0x0000,0x0000,0x0000,0x0000,0x0000,0xE9E2,0x8001,0x0000,
  0x0000,0x0000,0x0000,0x0000,0x0000,0x0000,0x0000,0x0000,0x0000,0x0000,0x0000,0x0000,0x0000,0x0000,0x0000,0x0000,
  0x0000,0x0000,0x0000,0x0000,0x0000,0x0000,0x0000,0x0000,0x0000,0x0000,0x0000,0x0000,0x0000,0x0000,0x0000,0x0000,
  0x0000,0x0000,0x0000,0x0000,0x0000,0x0000,0x0000,0x0000,0x0000,0x0000,0x0000,0x0000,0x0000,0x0000,0x0000,0x0000,
  0x0000,0x0000,0x0000,0x0000,0x0000,0x0000,0x0000,0x0000,0x0000,0x0000,0x0000,0x0000,0x0000,0x0000,0x0000,0x0000,
  0x0000,0x0000,0x0000,0x0000,0x0000,0x0000,0x0000,0x0000,0x0000,0x0000,0x0000,0x0000,0x0000,0x0000,0x0000,0x0000,
  0x0000,0x0000,0x0000,0x0000,0x0000,0x0000,0x0000,0x0000,0x0000,0x0000,0x0000,0x0000,0x0000,0x0000,0x0000,0x0000,
  0x0000,0x0000,0x0000,0x0000,0x0000,0x0000,0x0000,0x0000,0x0000,0x0000,0x0000,0x0000,0x0000,0x0000,0x0000,0x0000,
  0x0000,0x0000,0x0000,0x0000,0x0000,0x0000,0x0000,0x0000,0x0000,0x0000,0x0000,0x0000,0x0000,0x0000,0x0000,0x0000,
  0x0000,0x0000,0x0000,0x0000,0x0000,0x0000,0x0000,0x0000,0x0000,0x0000,0x0000,0x0000,0x0000,0x0000,0x0000,0x0000,
  0x0000,0x0000,0x0000,0x8443,0x8001,0x0000,0x0000,0x0000,0x0000,0x0000,0x0000,0x0000,0x0000,0x0000,0x0000,0x0000,
  0x0000,0x0000,0x0000,0x0000,0x0000,0x0000,0x0000,0x0000,0x0000,0x0000,0x0000,0x0000,0x0000,0x0000,0x0000,0x0000,
  0x0000,0x0000,0x0000,0x0000,0x0000,0x0000,0x0000,0x0000,0x0000,0x0000,0x0000,0x0000,0x0000,0x0000,0x0000,0x0000,
  0x0000,0x0000,0x0000,0x0000,0x0000,0x0000,0x0000,0x0000,0x0000,0x0000,0x0000,0x0000,0x0000,0x0000,0x0000,0x0000,
  0x0000,0x0000,0x0000,0x0000,0x0000,0x0000,0x0000,0x0000,0x0000,0x0000,0x0000,0x0000,0x0000,0x0000,0x0000,0x0000,
};
#endif
